prediction_method,iw_threshold,seed,n_source,n_target,n_val_source,n_val_target,h_val_acc,domain_log_odds_clipped_count,source_strength,domain_temperature,domain_source_prior,domain_target_prior,domain_cal_balanced_accuracy,domain_cal_brier,n_source_critic_train_region,n_target_critic_train_region,n_source_critic_select_region,n_target_critic_select_region,iw_error_contribution,target_residual_mass,n_source_a,n_source_b,n_target_a,n_target_b,status,estimate_kind,confidence_bound_available,epsilon,iw_weight_sum,iw_effective_n,iw_weight_max,iw_weight_p50,iw_weight_p95,residual_target_disagreement,residual_error_contribution,error_estimate_raw,accuracy_estimate_raw,lower_bound,output_clipped,critic_epoch,critic_repeat,critic_selection_score,critic_selection_source_disagreement,critic_selection_target_disagreement,critic_history,dataset,shift,train_method,bound_strategy,dim,src_accuracy,h_full_acc,trg_accuracy,trg_eval_accuracy,split_file,run_id,bound_valid,bound_valid_eval,residual_source_error,residual_source_disagreement,residual_discrepancy,delta,error_upper_bound_raw,max_ts_agree_diff,prediction,plot,panel,series,plotted,temperature
iw_overlap_critic,2.0,0.0,6500.0,33009.0,1625.0,8255.0,0.904,0.0,1.0,3.687958240509033,0.5,0.5,0.5205477476119995,0.2499304860830307,,,,,0.09639714533886476,0.0,1625.0,0.0,8255.0,0.0,ok,plugin,False,,1625.451729280784,1623.127960420403,1.146217618916505,0.9971896526039354,1.0615643857114905,,0.0,0.09639714533886476,0.9036028546611352,0.9036028546611352,False,,,,,,,entity13,1,DANN,logits,13.0,0.905846118927002,0.905846118927002,0.7318307161331177,0.7345851063728333,splits_entity13_DANN_1_0_b09dc755c62e.npz,b09dc755c62e,False,False,,,,,,,0.9036028546611352,accuracy_vs_baselines,logits,IW overlap critic | W=2 | seed=0 (plug-in),True,
iw_overlap_critic,2.0,0.0,6500.0,260.0,1625.0,65.0,0.9101538461538462,0.0,1.0,54.598148345947266,0.5,0.5,0.4661538600921631,0.2502062916755676,,,,,0.0897240431413496,0.0,1625.0,0.0,65.0,0.0,ok,plugin,False,,1622.9808558045895,1624.9135292993105,1.0295263176653389,0.9986247386053284,1.010330241000122,,0.0,0.0897240431413496,0.9102759568586504,0.9102759568586504,False,,,,,,,entity13,2,DANN,logits,13.0,0.9129230380058289,0.9129230380058289,0.8615384697914124,0.8461538553237915,splits_entity13_DANN_2_0_b09dc755c62e.npz,b09dc755c62e,False,False,,,,,,,0.9102759568586504,accuracy_vs_baselines,logits,IW overlap critic | W=2 | seed=0 (plug-in),True,
iw_overlap_critic,2.0,0.0,6500.0,260.0,1625.0,65.0,0.9027692307692308,0.0,1.0,3.830349922180176,0.5,0.5,0.516153872013092,0.24943119287490845,,,,,0.09681538446997534,0.0,1625.0,0.0,65.0,0.0,ok,plugin,False,,1615.3376671424385,1605.3965345672318,1.5597520559256435,0.9906993392827033,1.17506646938591,,0.0,0.09681538446997534,0.9031846155300247,0.9031846155300247,False,,,,,,,entity13,3,DANN,logits,13.0,0.907076895236969,0.907076895236969,0.6653845906257629,0.5538461804389954,splits_entity13_DANN_3_0_b09dc755c62e.npz,b09dc755c62e,False,False,,,,,,,0.9031846155300247,accuracy_vs_baselines,logits,IW overlap critic | W=2 | seed=0 (plug-in),True,
iw_overlap_critic,2.0,0.0,6500.0,33009.0,1625.0,8255.0,0.9132307692307693,0.0,1.0,2.3982067108154297,0.5,0.5,0.5145338177680969,0.2498086541891098,,,,,0.08716399680370747,0.0,1625.0,0.0,8255.0,0.0,ok,plugin,False,,1626.8973288698844,1619.8188336937326,1.2154376662173454,1.0017288221139384,1.0907311822584893,,0.0,0.08716399680370747,0.9128360031962925,0.9128360031962925,False,,,,,,,entity13,1,CDANN,logits,13.0,0.9096922874450684,0.9096922874450684,0.7354357838630676,0.7372501492500305,splits_entity13_CDANN_1_0_b09dc755c62e.npz,b09dc755c62e,False,False,,,,,,,0.9128360031962925,accuracy_vs_baselines,logits,IW overlap critic | W=2 | seed=0 (plug-in),True,
iw_overlap_critic,2.0,0.0,6500.0,260.0,1625.0,65.0,0.9058461538461539,0.0,1.0,54.598148345947266,0.5,0.5,0.39384615421295166,0.2502327263355255,,,,,0.0941234260824005,0.0,1625.0,0.0,65.0,0.0,ok,plugin,False,,1622.9480364599706,1624.914174672017,1.0364243672746556,0.9988015387721471,1.0105301857139013,,0.0,0.0941234260824005,0.9058765739175995,0.9058765739175995,False,,,,,,,entity13,2,CDANN,logits,13.0,0.9081538319587708,0.9081538319587708,0.8423076868057251,0.8769230842590332,splits_entity13_CDANN_2_0_b09dc755c62e.npz,b09dc755c62e,False,False,,,,,,,0.9058765739175995,accuracy_vs_baselines,logits,IW overlap critic | W=2 | seed=0 (plug-in),True,
iw_overlap_critic,2.0,0.0,6500.0,260.0,1625.0,65.0,0.9015384615384615,0.0,1.0,5.533639430999756,0.5,0.5,0.48076921701431274,0.24978940188884735,,,,,0.09893176709000366,0.0,1625.0,0.0,65.0,0.0,ok,plugin,False,,1623.8538745476258,1618.0954354770329,1.184193507693934,1.007715047511049,1.0916158389561164,,0.0,0.09893176709000366,0.9010682329099964,0.9010682329099964,False,,,,,,,entity13,3,CDANN,logits,13.0,0.9061538577079773,0.9061538577079773,0.6653845906257629,0.5692307949066162,splits_entity13_CDANN_3_0_b09dc755c62e.npz,b09dc755c62e,False,False,,,,,,,0.9010682329099964,accuracy_vs_baselines,logits,IW overlap critic | W=2 | seed=0 (plug-in),True,
iw_overlap_critic,2.0,0.0,6000.0,30828.0,1500.0,7709.0,0.8426666666666667,0.0,1.0,1.728687047958374,0.5,0.5,0.5138411521911621,0.24932533502578735,,,,,0.157693289261415,0.0,1500.0,0.0,7709.0,0.0,ok,plugin,False,,1504.8331593339535,1481.5380631016374,1.450980002028854,0.9974380802346456,1.1953827612708676,,0.0,0.157693289261415,0.842306710738585,0.842306710738585,False,,,,,,,entity30,1,DANN,logits,30.0,0.8550000190734863,0.8550000190734863,0.6190800070762634,0.6236866116523743,splits_entity30_DANN_1_0_b09dc755c62e.npz,b09dc755c62e,False,False,,,,,,,0.842306710738585,accuracy_vs_baselines,logits,IW overlap critic | W=2 | seed=0 (plug-in),True,
iw_overlap_critic,2.0,0.0,6000.0,240.0,1500.0,60.0,0.8606666666666667,0.0,1.0,54.598148345947266,0.5,0.5,0.5016666650772095,0.2500607371330261,,,,,0.1388303003112932,0.0,1500.0,0.0,60.0,0.0,ok,plugin,False,,1494.5841102565068,1499.7261375967405,1.0555103048639427,0.996924677426781,1.017718719317838,,0.0,0.1388303003112932,0.8611696996887068,0.8611696996887068,False,,,,,,,entity30,2,DANN,logits,30.0,0.8646666407585144,0.8646666407585144,0.7875000238418579,0.7500000596046448,splits_entity30_DANN_2_0_b09dc755c62e.npz,b09dc755c62e,False,False,,,,,,,0.8611696996887068,accuracy_vs_baselines,logits,IW overlap critic | W=2 | seed=0 (plug-in),True,
iw_overlap_critic,2.0,0.0,6000.0,240.0,1500.0,60.0,0.8553333333333333,0.0,1.0,54.598148345947266,0.5,0.5,0.46166667342185974,0.2499976009130478,,,,,0.143718802763159,0.0,1500.0,0.0,60.0,0.0,ok,plugin,False,,1492.3784582378312,1499.583435511841,1.0412212537758008,0.9963825535291864,1.020531419000476,,0.0,0.143718802763159,0.856281197236841,0.856281197236841,False,,,,,,,entity30,3,DANN,logits,30.0,0.8636666536331177,0.8636666536331177,0.5708333849906921,0.6666666865348816,splits_entity30_DANN_3_0_b09dc755c62e.npz,b09dc755c62e,False,False,,,,,,,0.856281197236841,accuracy_vs_baselines,logits,IW overlap critic | W=2 | seed=0 (plug-in),True,
iw_overlap_critic,2.0,0.0,6000.0,30828.0,1500.0,7709.0,0.856,0.0,1.0,4.229965686798096,0.5,0.5,0.5144094824790955,0.2498675435781479,,,,,0.1446064552973482,0.0,1500.0,0.0,7709.0,0.0,ok,plugin,False,,1497.372736781761,1496.2971489738413,1.2201435979985311,0.9960204159701154,1.0832021564352399,,0.0,0.1446064552973482,0.8553935447026518,0.8553935447026518,False,,,,,,,entity30,1,CDANN,logits,30.0,0.8611666560173035,0.8611666560173035,0.627903163433075,0.6345829367637634,splits_entity30_CDANN_1_0_b09dc755c62e.npz,b09dc755c62e,False,False,,,,,,,0.8553935447026518,accuracy_vs_baselines,logits,IW overlap critic | W=2 | seed=0 (plug-in),True,
iw_overlap_critic,2.0,0.0,6000.0,240.0,1500.0,60.0,0.862,0.0,1.0,54.598148345947266,0.5,0.5,0.43166667222976685,0.2501581013202667,,,,,0.1374331973669702,0.0,1500.0,0.0,60.0,0.0,ok,plugin,False,,1493.2470028463106,1499.720804552401,1.0384839375896187,0.9954725205721457,1.018114048842811,,0.0,0.1374331973669702,0.8625668026330298,0.8625668026330298,False,,,,,,,entity30,2,CDANN,logits,30.0,0.8646666407585144,0.8646666407585144,0.8125000596046448,0.7500000596046448,splits_entity30_CDANN_2_0_b09dc755c62e.npz,b09dc755c62e,False,False,,,,,,,0.8625668026330298,accuracy_vs_baselines,logits,IW overlap critic | W=2 | seed=0 (plug-in),True,
iw_overlap_critic,2.0,0.0,6000.0,240.0,1500.0,60.0,0.8453333333333333,0.0,1.0,54.598148345947266,0.5,0.5,0.43416666984558105,0.2500317394733429,,,,,0.15387466304092193,0.0,1500.0,0.0,60.0,0.0,ok,plugin,False,,1494.5325012369603,1499.702791735605,1.0436227616005247,0.9966017781022638,1.0193663146885727,,0.0,0.15387466304092193,0.8461253369590781,0.8461253369590781,False,,,,,,,entity30,3,CDANN,logits,30.0,0.8573333024978638,0.8573333024978638,0.5625,0.6166666746139526,splits_entity30_CDANN_3_0_b09dc755c62e.npz,b09dc755c62e,False,False,,,,,,,0.8461253369590781,accuracy_vs_baselines,logits,IW overlap critic | W=2 | seed=0 (plug-in),True,
iw_overlap_critic,2.0,0.0,10000.0,2000.0,2500.0,500.0,0.9452,0.0,1.0,2.7144715785980225,0.5,0.5,0.5149999856948853,0.24972444772720337,,,,,0.05527905232382684,0.0,2500.0,0.0,500.0,0.0,ok,plugin,False,,2490.763291733524,2487.6180886665843,1.2452015604379874,0.9935279219351392,1.1159082128740911,,0.0,0.05527905232382684,0.9447209476761732,0.9447209476761732,False,,,,,,,cifar10,1,DANN,logits,10.0,0.9508999586105347,0.9508999586105347,0.8440000414848328,0.8360000252723694,splits_cifar10_DANN_1_0_b09dc755c62e.npz,b09dc755c62e,False,False,,,,,,,0.9447209476761732,accuracy_vs_baselines,logits,IW overlap critic | W=2 | seed=0 (plug-in),True,
iw_overlap_critic,2.0,0.0,10000.0,2000.0,2500.0,500.0,0.946,0.0,1.0,54.598148345947266,0.5,0.5,0.49900001287460327,0.2500520348548889,,,,,0.053977254585820436,0.0,2500.0,0.0,500.0,0.0,ok,plugin,False,,2499.350371889275,2499.965877937097,1.0116953872164371,0.9997928421731974,1.0058517713974136,,0.0,0.053977254585820436,0.9460227454141795,0.9460227454141795,False,,,,,,,cifar10,10,DANN,logits,10.0,0.9477999806404114,0.9477999806404114,0.924500048160553,0.9120000600814819,splits_cifar10_DANN_10_0_b09dc755c62e.npz,b09dc755c62e,False,False,,,,,,,0.9460227454141795,accuracy_vs_baselines,logits,IW overlap critic | W=2 | seed=0 (plug-in),True,
iw_overlap_critic,2.0,0.0,10000.0,2000.0,2500.0,500.0,0.9452,0.0,1.0,54.598148345947266,0.5,0.5,0.4724999964237213,0.2500370144844055,,,,,0.0547860526192732,0.0,2500.0,0.0,500.0,0.0,ok,plugin,False,,2499.534284390755,2499.977277075477,1.0108819125923776,0.999816907350147,1.0046119831146385,,0.0,0.0547860526192732,0.9452139473807268,0.9452139473807268,False,,,,,,,cifar10,71,DANN,logits,10.0,0.9487999677658081,0.9487999677658081,0.9305000305175781,0.9180000424385071,splits_cifar10_DANN_71_0_b09dc755c62e.npz,b09dc755c62e,False,False,,,,,,,0.9452139473807268,accuracy_vs_baselines,logits,IW overlap critic | W=2 | seed=0 (plug-in),True,
iw_overlap_critic,2.0,0.0,10000.0,2000.0,2500.0,500.0,0.9528,0.0,1.0,54.598148345947266,0.5,0.5,0.48350000381469727,0.2500438690185547,,,,,0.047194212081689564,0.0,2500.0,0.0,500.0,0.0,ok,plugin,False,,2499.665104551872,2499.9861775831446,1.0061237349092884,0.9996522169064508,1.0038381868779027,,0.0,0.047194212081689564,0.9528057879183104,0.9528057879183104,False,,,,,,,cifar10,95,DANN,logits,10.0,0.9515999555587769,0.9515999555587769,0.9390000700950623,0.9360000491142273,splits_cifar10_DANN_95_0_b09dc755c62e.npz,b09dc755c62e,False,False,,,,,,,0.9528057879183104,accuracy_vs_baselines,logits,IW overlap critic | W=2 | seed=0 (plug-in),True,
iw_overlap_critic,2.0,0.0,10000.0,2000.0,2500.0,500.0,0.9476,0.0,1.0,15.170090675354004,0.5,0.5,0.5120000243186951,0.2499927282333374,,,,,0.05250433867073842,0.0,2500.0,0.0,500.0,0.0,ok,plugin,False,,2497.3932455475524,2499.657998592665,1.0286085284895574,0.9982982617247618,1.0174694260297672,,0.0,0.05250433867073842,0.9474956613292616,0.9474956613292616,False,,,,,,,cifar10,1,CDANN,logits,10.0,0.949999988079071,0.949999988079071,0.846500039100647,0.8440000414848328,splits_cifar10_CDANN_1_0_b09dc755c62e.npz,b09dc755c62e,False,False,,,,,,,0.9474956613292616,accuracy_vs_baselines,logits,IW overlap critic | W=2 | seed=0 (plug-in),True,
iw_overlap_critic,2.0,0.0,10000.0,2000.0,2500.0,500.0,0.9468,0.0,1.0,54.598148345947266,0.5,0.5,0.48100000619888306,0.2500584125518799,,,,,0.05319603762310007,0.0,2500.0,0.0,500.0,0.0,ok,plugin,False,,2498.9610457020863,2499.960930296623,1.013563395964361,0.9994265548504325,1.0065270235931552,,0.0,0.05319603762310007,0.9468039623768999,0.9468039623768999,False,,,,,,,cifar10,10,CDANN,logits,10.0,0.948699951171875,0.948699951171875,0.9160000681877136,0.9120000600814819,splits_cifar10_CDANN_10_0_b09dc755c62e.npz,b09dc755c62e,False,False,,,,,,,0.9468039623768999,accuracy_vs_baselines,logits,IW overlap critic | W=2 | seed=0 (plug-in),True,
iw_overlap_critic,2.0,0.0,10000.0,2000.0,2500.0,500.0,0.9492,0.0,1.0,54.598148345947266,0.5,0.5,0.4650000035762787,0.25004249811172485,,,,,0.05079030575612145,0.0,2500.0,0.0,500.0,0.0,ok,plugin,False,,2499.46999202274,2499.9783234754614,1.0120593683728807,0.9995410194424087,1.0051221552158527,,0.0,0.05079030575612145,0.9492096942438786,0.9492096942438786,False,,,,,,,cifar10,71,CDANN,logits,10.0,0.9511999487876892,0.9511999487876892,0.9280000329017639,0.9040000438690186,splits_cifar10_CDANN_71_0_b09dc755c62e.npz,b09dc755c62e,False,False,,,,,,,0.9492096942438786,accuracy_vs_baselines,logits,IW overlap critic | W=2 | seed=0 (plug-in),True,
iw_overlap_critic,2.0,0.0,10000.0,2000.0,2500.0,500.0,0.9516,0.0,1.0,54.598148345947266,0.5,0.5,0.47450000047683716,0.250036358833313,,,,,0.04839748708045496,0.0,2500.0,0.0,500.0,0.0,ok,plugin,False,,2499.626972410137,2499.9879266014955,1.0066564969396654,0.9995390854773687,1.0035422914818688,,0.0,0.04839748708045496,0.951602512919545,0.951602512919545,False,,,,,,,cifar10,95,CDANN,logits,10.0,0.9526000022888184,0.9526000022888184,0.9355000257492065,0.9260000586509705,splits_cifar10_CDANN_95_0_b09dc755c62e.npz,b09dc755c62e,False,False,,,,,,,0.951602512919545,accuracy_vs_baselines,logits,IW overlap critic | W=2 | seed=0 (plug-in),True,
iw_overlap_critic,2.0,0.0,10000.0,2000.0,2500.0,500.0,0.758,0.0,1.0,5.491447925567627,0.5,0.5,0.5239999890327454,0.2492186278104782,,,,,0.23915412119862045,0.0,2500.0,0.0,500.0,0.0,ok,plugin,False,,2467.9818743558326,2471.2415953613263,1.4042553349704567,0.9849870126168123,1.164483854463959,,0.0,0.23915412119862045,0.7608458788013795,0.7608458788013795,False,,,,,,,cifar100,4,DANN,logits,100.0,0.7841999530792236,0.7841999530792236,0.7440000176429749,0.7760000228881836,splits_cifar100_DANN_4_0_b09dc755c62e.npz,b09dc755c62e,False,True,,,,,,,0.7608458788013795,accuracy_vs_baselines,logits,IW overlap critic | W=2 | seed=0 (plug-in),True,
iw_overlap_critic,2.0,0.0,10000.0,2000.0,2500.0,500.0,0.76,0.0,1.0,3.8378243446350098,0.5,0.5,0.5189999938011169,0.2482605278491974,,,,,0.23561112858152902,0.0,2500.0,0.0,500.0,0.0,ok,plugin,False,,2446.566909208289,2436.1491685274805,1.6419769033871479,0.9722690455723946,1.2485575030222478,,0.0,0.23561112858152902,0.764388871418471,0.764388871418471,False,,,,,,,cifar100,12,DANN,logits,100.0,0.7831999659538269,0.7831999659538269,0.7545000314712524,0.7860000133514404,splits_cifar100_DANN_12_0_b09dc755c62e.npz,b09dc755c62e,False,True,,,,,,,0.764388871418471,accuracy_vs_baselines,logits,IW overlap critic | W=2 | seed=0 (plug-in),True,
iw_overlap_critic,2.0,0.0,10000.0,2000.0,2500.0,500.0,0.7596,0.0,1.0,2.802358388900757,0.5,0.5,0.5494999885559082,0.24673324823379517,,,,,0.2315303455287617,0.0,2497.0,3.0,500.0,0.0,ok,plugin,False,,2439.447146567648,2375.669203267462,1.939734341822981,0.96248380848695,1.362907757790571,,0.0,0.2315303455287617,0.7684696544712383,0.7684696544712383,False,,,,,,,cifar100,59,DANN,logits,100.0,0.7841999530792236,0.7841999530792236,0.7585000395774841,0.7720000147819519,splits_cifar100_DANN_59_0_b09dc755c62e.npz,b09dc755c62e,False,True,,,,,,,0.7684696544712383,accuracy_vs_baselines,logits,IW overlap critic | W=2 | seed=0 (plug-in),True,
iw_overlap_critic,2.0,0.0,10000.0,2000.0,2500.0,500.0,0.764,0.0,1.0,6.978378772735596,0.5,0.5,0.5135000348091125,0.24948640167713165,,,,,0.23254424585950542,0.0,2500.0,0.0,500.0,0.0,ok,plugin,False,,2466.625196752198,2480.0872615463854,1.28467736797543,0.9857623570780534,1.1353387546000333,,0.0,0.23254424585950542,0.7674557541404946,0.7674557541404946,False,,,,,,,cifar100,82,DANN,logits,100.0,0.7861999869346619,0.7861999869346619,0.7695000171661377,0.7700000405311584,splits_cifar100_DANN_82_0_b09dc755c62e.npz,b09dc755c62e,True,True,,,,,,,0.7674557541404946,accuracy_vs_baselines,logits,IW overlap critic | W=2 | seed=0 (plug-in),True,
iw_overlap_critic,2.0,0.0,10000.0,2000.0,2500.0,500.0,0.762,0.0,1.0,5.056149482727051,0.5,0.5,0.5295000076293945,0.24904659390449524,,,,,0.2334186495605029,0.0,2500.0,0.0,500.0,0.0,ok,plugin,False,,2459.7382574489816,2462.8951167450077,1.612166297143988,0.9786892623843662,1.1862365069324659,,0.0,0.2334186495605029,0.7665813504394972,0.7665813504394972,False,,,,,,,cifar100,4,CDANN,logits,100.0,0.7849999666213989,0.7849999666213989,0.7275000214576721,0.7480000257492065,splits_cifar100_CDANN_4_0_b09dc755c62e.npz,b09dc755c62e,False,False,,,,,,,0.7665813504394972,accuracy_vs_baselines,logits,IW overlap critic | W=2 | seed=0 (plug-in),True,
iw_overlap_critic,2.0,0.0,10000.0,2000.0,2500.0,500.0,0.766,0.0,1.0,2.4864232540130615,0.5,0.5,0.5425000190734863,0.24643674492835999,2995.0,0.0,1496.0,0.0,0.22773708694791175,0.002,2497.0,3.0,499.0,1.0,unsupported_critic_region,plugin,False,,2442.687695699451,2356.668514867253,1.982169254595696,0.9589183782582102,1.4025810544778288,,,,,,,,,,,,,cifar100,12,CDANN,logits,100.0,0.7858999967575073,0.7858999967575073,0.7480000257492065,0.7680000066757202,splits_cifar100_CDANN_12_0_b09dc755c62e.npz,b09dc755c62e,,,,,,,,,,accuracy_vs_baselines,logits,IW overlap critic | W=2 | seed=0 (plug-in),False,
iw_overlap_critic,2.0,0.0,10000.0,2000.0,2500.0,500.0,0.7664,0.0,1.0,2.008225202560425,0.5,0.5,0.5509999990463257,0.2439228594303131,2970.0,11.0,1491.0,7.0,0.21981669912261037,0.01,2485.0,15.0,495.0,5.0,ok,plugin,False,,2407.375616103403,2270.37636627726,1.9833438806549832,0.9305514735682698,1.5332057532225556,0.8,0.008,0.22781669912261038,0.7721833008773896,0.7721833008773896,False,14.0,11.0,0.4271712899208069,0.5728287100791931,1.0,"[{'epoch': 0, 'best_score': 0.03184783458709717}, {'epoch': 1, 'best_score': 0.04963427782058716}, {'epoch': 2, 'best_score': 0.08346718549728394}, {'epoch': 3, 'best_score': 0.11110734939575195}, {'epoch': 4, 'best_score': 0.14887762069702148}, {'epoch': 5, 'best_score': 0.1773064136505127}, {'epoch': 6, 'best_score': 0.20352941751480103}, {'epoch': 7, 'best_score': 0.2399502992630005}, {'epoch': 8, 'best_score': 0.2758779525756836}, {'epoch': 9, 'best_score': 0.3132210373878479}, {'epoch': 10, 'best_score': 0.3563738465309143}, {'epoch': 11, 'best_score': 0.38609451055526733}, {'epoch': 12, 'best_score': 0.42191082239151}, {'epoch': 13, 'best_score': 0.3879774212837219}, {'epoch': 14, 'best_score': 0.4271712899208069}, {'epoch': 15, 'best_score': 0.30284571647644043}, {'epoch': 16, 'best_score': 0.31163984537124634}, {'epoch': 17, 'best_score': 0.28786009550094604}, {'epoch': 18, 'best_score': 0.31051456928253174}, {'epoch': 19, 'best_score': 0.32076895236968994}, {'epoch': 20, 'best_score': 0.3463814854621887}, {'epoch': 21, 'best_score': 0.27748167514801025}, {'epoch': 22, 'best_score': 0.28932446241378784}, {'epoch': 23, 'best_score': 0.3006139099597931}, {'epoch': 24, 'best_score': 0.31335046887397766}, {'epoch': 25, 'best_score': 0.3236335217952728}, {'epoch': 26, 'best_score': 0.3302754759788513}, {'epoch': 27, 'best_score': 0.33883702754974365}, {'epoch': 28, 'best_score': 0.3514692783355713}, {'epoch': 29, 'best_score': 0.3598880469799042}, {'epoch': 30, 'best_score': 0.36166274547576904}, {'epoch': 31, 'best_score': 0.36219096183776855}, {'epoch': 32, 'best_score': 0.3712100386619568}, {'epoch': 33, 'best_score': 0.37773674726486206}, {'epoch': 34, 'best_score': 0.37733858823776245}, {'epoch': 35, 'best_score': 0.3799794614315033}, {'epoch': 36, 'best_score': 0.38808995485305786}, {'epoch': 37, 'best_score': 0.3891822397708893}, {'epoch': 38, 'best_score': 0.40878942608833313}, {'epoch': 39, 'best_score': 0.4113098680973053}, {'epoch': 40, 'best_score': 0.40005746483802795}, {'epoch': 41, 'best_score': 0.40017589926719666}, {'epoch': 42, 'best_score': 0.40186381340026855}, {'epoch': 43, 'best_score': 0.40434756875038147}, {'epoch': 44, 'best_score': 0.4030132293701172}, {'epoch': 45, 'best_score': 0.4055681824684143}, {'epoch': 46, 'best_score': 0.41068020462989807}, {'epoch': 47, 'best_score': 0.4119502902030945}, {'epoch': 48, 'best_score': 0.41337844729423523}, {'epoch': 49, 'best_score': 0.41589200496673584}]",cifar100,59,CDANN,logits,100.0,0.7870000004768372,0.7870000004768372,0.7580000162124634,0.7920000553131104,splits_cifar100_CDANN_59_0_b09dc755c62e.npz,b09dc755c62e,False,True,,,,,,,0.7721833008773896,accuracy_vs_baselines,logits,IW overlap critic | W=2 | seed=0 (plug-in),True,
iw_overlap_critic,2.0,0.0,10000.0,2000.0,2500.0,500.0,0.7652,0.0,1.0,5.66292667388916,0.5,0.5,0.5170000195503235,0.24932295083999634,,,,,0.22975871767654502,0.0,2500.0,0.0,500.0,0.0,ok,plugin,False,,2459.7809711107875,2471.164719457861,1.3422972489977123,0.9809769135053362,1.1580601273715891,,0.0,0.22975871767654502,0.770241282323455,0.770241282323455,False,,,,,,,cifar100,82,CDANN,logits,100.0,0.7872999906539917,0.7872999906539917,0.7635000348091125,0.7720000147819519,splits_cifar100_CDANN_82_0_b09dc755c62e.npz,b09dc755c62e,False,True,,,,,,,0.770241282323455,accuracy_vs_baselines,logits,IW overlap critic | W=2 | seed=0 (plug-in),True,
iw_overlap_critic,2.0,0.0,28152.0,9910.0,7040.0,2478.0,0.803125,0.0,1.0,1.2152042388916016,0.5,0.5,0.6491578817367554,0.2188163548707962,7857.0,874.0,3921.0,433.0,0.14684151656177727,0.3159806295399516,6535.0,505.0,1695.0,783.0,ok,plugin,False,,5080.441850344805,4990.039421420716,1.9990181538482423,0.6847219942512915,1.6488725221613063,0.7879948914431673,0.2489911218724778,0.3958326384342551,0.6041673615657449,0.6041673615657449,False,36.0,3.0,0.44117891788482666,0.36251622438430786,0.8036951422691345,"[{'epoch': 0, 'best_score': 0.022949516773223877}, {'epoch': 1, 'best_score': 0.07196551561355591}, {'epoch': 2, 'best_score': 0.12092798948287964}, {'epoch': 3, 'best_score': 0.1778450608253479}, {'epoch': 4, 'best_score': 0.2327757477760315}, {'epoch': 5, 'best_score': 0.26986491680145264}, {'epoch': 6, 'best_score': 0.28828489780426025}, {'epoch': 7, 'best_score': 0.3135645389556885}, {'epoch': 8, 'best_score': 0.3417345881462097}, {'epoch': 9, 'best_score': 0.34472382068634033}, {'epoch': 10, 'best_score': 0.35810866951942444}, {'epoch': 11, 'best_score': 0.3631286323070526}, {'epoch': 12, 'best_score': 0.3740111291408539}, {'epoch': 13, 'best_score': 0.3739689588546753}, {'epoch': 14, 'best_score': 0.37111368775367737}, {'epoch': 15, 'best_score': 0.3740047514438629}, {'epoch': 16, 'best_score': 0.3792976140975952}, {'epoch': 17, 'best_score': 0.38859498500823975}, {'epoch': 18, 'best_score': 0.39362722635269165}, {'epoch': 19, 'best_score': 0.39540666341781616}, {'epoch': 20, 'best_score': 0.40294238924980164}, {'epoch': 21, 'best_score': 0.40662118792533875}, {'epoch': 22, 'best_score': 0.4038519561290741}, {'epoch': 23, 'best_score': 0.40882596373558044}, {'epoch': 24, 'best_score': 0.41247841715812683}, {'epoch': 25, 'best_score': 0.4139174818992615}, {'epoch': 26, 'best_score': 0.41263604164123535}, {'epoch': 27, 'best_score': 0.4180695712566376}, {'epoch': 28, 'best_score': 0.4198581278324127}, {'epoch': 29, 'best_score': 0.4180271327495575}, {'epoch': 30, 'best_score': 0.4252939820289612}, {'epoch': 31, 'best_score': 0.4281989336013794}, {'epoch': 32, 'best_score': 0.4301832616329193}, {'epoch': 33, 'best_score': 0.43221816420555115}, {'epoch': 34, 'best_score': 0.4293336868286133}, {'epoch': 35, 'best_score': 0.43628525733947754}, {'epoch': 36, 'best_score': 0.44117891788482666}, {'epoch': 37, 'best_score': 0.4366433024406433}, {'epoch': 38, 'best_score': 0.43567103147506714}, {'epoch': 39, 'best_score': 0.4290968179702759}, {'epoch': 40, 'best_score': 0.42804279923439026}, {'epoch': 41, 'best_score': 0.4285384714603424}, {'epoch': 42, 'best_score': 0.4290831685066223}, {'epoch': 43, 'best_score': 0.4335537552833557}, {'epoch': 44, 'best_score': 0.43638908863067627}, {'epoch': 45, 'best_score': 0.4375676214694977}, {'epoch': 46, 'best_score': 0.4404822587966919}, {'epoch': 47, 'best_score': 0.43979230523109436}, {'epoch': 48, 'best_score': 0.4399781823158264}, {'epoch': 49, 'best_score': 0.4371805191040039}]",domainnet,1,DANN,logits,345.0,0.8072605729103088,0.8072605729103088,0.465893030166626,0.47497981786727905,splits_domainnet_DANN_1_0_b09dc755c62e.npz,b09dc755c62e,False,False,,,,,,,0.6041673615657449,accuracy_vs_baselines,logits,IW overlap critic | W=2 | seed=0 (plug-in),True,
iw_overlap_critic,2.0,0.0,28152.0,14207.0,7040.0,3553.0,0.8038352272727273,0.0,1.0,1.0665127038955688,0.5,0.5,0.6751638650894165,0.20423626899719238,7740.0,1662.0,3846.0,808.0,0.13502025560063563,0.3875598086124402,6410.0,630.0,2176.0,1377.0,ok,plugin,False,,4538.9589315372095,4576.97202678858,1.9994814855483418,0.599608932489337,1.6546353674055263,0.8605664488017429,0.33352096819589083,0.46854122379652646,0.5314587762034735,0.5314587762034735,False,48.0,17.0,0.4884034991264343,0.3865965008735657,0.875,"[{'epoch': 0, 'best_score': 0.021911680698394775}, {'epoch': 1, 'best_score': 0.06792783737182617}, {'epoch': 2, 'best_score': 0.12834233045578003}, {'epoch': 3, 'best_score': 0.18594497442245483}, {'epoch': 4, 'best_score': 0.2386263608932495}, {'epoch': 5, 'best_score': 0.2747341990470886}, {'epoch': 6, 'best_score': 0.30954527854919434}, {'epoch': 7, 'best_score': 0.33902764320373535}, {'epoch': 8, 'best_score': 0.3675075173377991}, {'epoch': 9, 'best_score': 0.3772442936897278}, {'epoch': 10, 'best_score': 0.3870239853858948}, {'epoch': 11, 'best_score': 0.3923303186893463}, {'epoch': 12, 'best_score': 0.3984648883342743}, {'epoch': 13, 'best_score': 0.399050235748291}, {'epoch': 14, 'best_score': 0.40848150849342346}, {'epoch': 15, 'best_score': 0.4143508970737457}, {'epoch': 16, 'best_score': 0.4205051362514496}, {'epoch': 17, 'best_score': 0.42390286922454834}, {'epoch': 18, 'best_score': 0.42645105719566345}, {'epoch': 19, 'best_score': 0.43174517154693604}, {'epoch': 20, 'best_score': 0.4378449320793152}, {'epoch': 21, 'best_score': 0.4464312791824341}, {'epoch': 22, 'best_score': 0.4524073898792267}, {'epoch': 23, 'best_score': 0.45358163118362427}, {'epoch': 24, 'best_score': 0.4556178152561188}, {'epoch': 25, 'best_score': 0.457715779542923}, {'epoch': 26, 'best_score': 0.455669105052948}, {'epoch': 27, 'best_score': 0.4572718143463135}, {'epoch': 28, 'best_score': 0.4575191140174866}, {'epoch': 29, 'best_score': 0.4615798592567444}, {'epoch': 30, 'best_score': 0.46269047260284424}, {'epoch': 31, 'best_score': 0.4640362560749054}, {'epoch': 32, 'best_score': 0.46677109599113464}, {'epoch': 33, 'best_score': 0.4691081643104553}, {'epoch': 34, 'best_score': 0.47094395756721497}, {'epoch': 35, 'best_score': 0.4753384292125702}, {'epoch': 36, 'best_score': 0.4775356650352478}, {'epoch': 37, 'best_score': 0.4789857566356659}, {'epoch': 38, 'best_score': 0.47963085770606995}, {'epoch': 39, 'best_score': 0.47842156887054443}, {'epoch': 40, 'best_score': 0.4787726402282715}, {'epoch': 41, 'best_score': 0.48031771183013916}, {'epoch': 42, 'best_score': 0.4830843508243561}, {'epoch': 43, 'best_score': 0.4840778112411499}, {'epoch': 44, 'best_score': 0.48291143774986267}, {'epoch': 45, 'best_score': 0.48132941126823425}, {'epoch': 46, 'best_score': 0.48160824179649353}, {'epoch': 47, 'best_score': 0.4860955476760864}, {'epoch': 48, 'best_score': 0.4884034991264343}, {'epoch': 49, 'best_score': 0.4857156574726105}]",domainnet,2,DANN,logits,345.0,0.8101378083229065,0.8101378083229065,0.38572534918785095,0.38727834820747375,splits_domainnet_DANN_2_0_b09dc755c62e.npz,b09dc755c62e,False,False,,,,,,,0.5314587762034735,accuracy_vs_baselines,logits,IW overlap critic | W=2 | seed=0 (plug-in),True,
iw_overlap_critic,2.0,0.0,28152.0,15295.0,7040.0,3825.0,0.8072443181818182,0.0,1.0,0.9051699638366699,0.5,0.5,0.6486807465553284,0.2190219759941101,7564.0,1212.0,3783.0,649.0,0.13984614336382015,0.2661437908496732,6297.0,743.0,2807.0,1018.0,ok,plugin,False,,4955.603804889766,4767.6409604681585,1.9968476695561426,0.691303247065471,1.6830702156788684,0.8113948919449901,0.21594771241830066,0.3557938557821208,0.6442061442178793,0.6442061442178793,False,37.0,23.0,0.4443954527378082,0.40152135491371155,0.8459168076515198,"[{'epoch': 0, 'best_score': 0.01732414960861206}, {'epoch': 1, 'best_score': 0.05708205699920654}, {'epoch': 2, 'best_score': 0.1180160641670227}, {'epoch': 3, 'best_score': 0.16984903812408447}, {'epoch': 4, 'best_score': 0.21304625272750854}, {'epoch': 5, 'best_score': 0.25100183486938477}, {'epoch': 6, 'best_score': 0.27646201848983765}, {'epoch': 7, 'best_score': 0.30372118949890137}, {'epoch': 8, 'best_score': 0.31286031007766724}, {'epoch': 9, 'best_score': 0.3344470262527466}, {'epoch': 10, 'best_score': 0.3439129590988159}, {'epoch': 11, 'best_score': 0.3511075973510742}, {'epoch': 12, 'best_score': 0.36100101470947266}, {'epoch': 13, 'best_score': 0.36132383346557617}, {'epoch': 14, 'best_score': 0.363680362701416}, {'epoch': 15, 'best_score': 0.3686593472957611}, {'epoch': 16, 'best_score': 0.37440475821495056}, {'epoch': 17, 'best_score': 0.3784940838813782}, {'epoch': 18, 'best_score': 0.3827645778656006}, {'epoch': 19, 'best_score': 0.39100444316864014}, {'epoch': 20, 'best_score': 0.3946276903152466}, {'epoch': 21, 'best_score': 0.39815226197242737}, {'epoch': 22, 'best_score': 0.4037906527519226}, {'epoch': 23, 'best_score': 0.4077570140361786}, {'epoch': 24, 'best_score': 0.4103063642978668}, {'epoch': 25, 'best_score': 0.4137504994869232}, {'epoch': 26, 'best_score': 0.41517046093940735}, {'epoch': 27, 'best_score': 0.4181605279445648}, {'epoch': 28, 'best_score': 0.4191466271877289}, {'epoch': 29, 'best_score': 0.4232998192310333}, {'epoch': 30, 'best_score': 0.42652466893196106}, {'epoch': 31, 'best_score': 0.4253808259963989}, {'epoch': 32, 'best_score': 0.42570945620536804}, {'epoch': 33, 'best_score': 0.4332077205181122}, {'epoch': 34, 'best_score': 0.4376983344554901}, {'epoch': 35, 'best_score': 0.4379924535751343}, {'epoch': 36, 'best_score': 0.4382501542568207}, {'epoch': 37, 'best_score': 0.4443954527378082}, {'epoch': 38, 'best_score': 0.44192320108413696}, {'epoch': 39, 'best_score': 0.43758249282836914}, {'epoch': 40, 'best_score': 0.437140554189682}, {'epoch': 41, 'best_score': 0.43814781308174133}, {'epoch': 42, 'best_score': 0.4377538859844208}, {'epoch': 43, 'best_score': 0.436551570892334}, {'epoch': 44, 'best_score': 0.43504035472869873}, {'epoch': 45, 'best_score': 0.43570926785469055}, {'epoch': 46, 'best_score': 0.4378053545951843}, {'epoch': 47, 'best_score': 0.4378928244113922}, {'epoch': 48, 'best_score': 0.43766987323760986}, {'epoch': 49, 'best_score': 0.4394582211971283}]",domainnet,3,DANN,logits,345.0,0.8096050024032593,0.8096050024032593,0.4719189405441284,0.46562090516090393,splits_domainnet_DANN_3_0_b09dc755c62e.npz,b09dc755c62e,False,False,,,,,,,0.6442061442178793,accuracy_vs_baselines,logits,IW overlap critic | W=2 | seed=0 (plug-in),True,
iw_overlap_critic,2.0,0.0,28152.0,9910.0,7040.0,2478.0,0.8025568181818181,0.0,1.0,0.8766927123069763,0.5,0.5,0.7155721187591553,0.1901533603668213,7635.0,1312.0,3800.0,656.0,0.12172763005943724,0.44552058111380144,6367.0,673.0,1374.0,1104.0,ok,plugin,False,,3927.2573157152947,4157.312793369796,1.9978023845224555,0.4898443620699584,1.5914362580035755,0.8161231884057971,0.3635996771589992,0.4853273072184364,0.5146726927815636,0.5146726927815636,False,28.0,19.0,0.39540085196495056,0.4552089273929596,0.8506097793579102,"[{'epoch': 0, 'best_score': 0.02819526195526123}, {'epoch': 1, 'best_score': 0.09589660167694092}, {'epoch': 2, 'best_score': 0.17879706621170044}, {'epoch': 3, 'best_score': 0.2417217493057251}, {'epoch': 4, 'best_score': 0.2837611436843872}, {'epoch': 5, 'best_score': 0.3125878572463989}, {'epoch': 6, 'best_score': 0.3225436806678772}, {'epoch': 7, 'best_score': 0.3340965509414673}, {'epoch': 8, 'best_score': 0.34379780292510986}, {'epoch': 9, 'best_score': 0.343011736869812}, {'epoch': 10, 'best_score': 0.3434975743293762}, {'epoch': 11, 'best_score': 0.34317976236343384}, {'epoch': 12, 'best_score': 0.349622905254364}, {'epoch': 13, 'best_score': 0.3461017608642578}, {'epoch': 14, 'best_score': 0.35873809456825256}, {'epoch': 15, 'best_score': 0.36060255765914917}, {'epoch': 16, 'best_score': 0.3618447482585907}, {'epoch': 17, 'best_score': 0.3628022074699402}, {'epoch': 18, 'best_score': 0.3728024661540985}, {'epoch': 19, 'best_score': 0.37643343210220337}, {'epoch': 20, 'best_score': 0.37964120507240295}, {'epoch': 21, 'best_score': 0.37712156772613525}, {'epoch': 22, 'best_score': 0.380984365940094}, {'epoch': 23, 'best_score': 0.3821936249732971}, {'epoch': 24, 'best_score': 0.3845711052417755}, {'epoch': 25, 'best_score': 0.39118272066116333}, {'epoch': 26, 'best_score': 0.39403945207595825}, {'epoch': 27, 'best_score': 0.38969886302948}, {'epoch': 28, 'best_score': 0.39540085196495056}, {'epoch': 29, 'best_score': 0.38634881377220154}, {'epoch': 30, 'best_score': 0.389579713344574}, {'epoch': 31, 'best_score': 0.3874175250530243}, {'epoch': 32, 'best_score': 0.38896921277046204}, {'epoch': 33, 'best_score': 0.3907358944416046}, {'epoch': 34, 'best_score': 0.3905488848686218}, {'epoch': 35, 'best_score': 0.38990241289138794}, {'epoch': 36, 'best_score': 0.39236289262771606}, {'epoch': 37, 'best_score': 0.393326997756958}, {'epoch': 38, 'best_score': 0.3907625377178192}, {'epoch': 39, 'best_score': 0.3870103359222412}, {'epoch': 40, 'best_score': 0.3882843554019928}, {'epoch': 41, 'best_score': 0.3874165415763855}, {'epoch': 42, 'best_score': 0.3890380561351776}, {'epoch': 43, 'best_score': 0.3893352448940277}, {'epoch': 44, 'best_score': 0.3922048807144165}, {'epoch': 45, 'best_score': 0.39181461930274963}, {'epoch': 46, 'best_score': 0.39195170998573303}, {'epoch': 47, 'best_score': 0.39029669761657715}, {'epoch': 48, 'best_score': 0.38957932591438293}, {'epoch': 49, 'best_score': 0.39242738485336304}]",domainnet,1,CDANN,logits,345.0,0.8055910468101501,0.8055910468101501,0.5121089816093445,0.5205811262130737,splits_domainnet_CDANN_1_0_b09dc755c62e.npz,b09dc755c62e,False,True,,,,,,,0.5146726927815636,accuracy_vs_baselines,logits,IW overlap critic | W=2 | seed=0 (plug-in),True,
iw_overlap_critic,2.0,0.0,28152.0,14207.0,7040.0,3553.0,0.8004261363636364,0.0,1.0,0.8212013840675354,0.5,0.5,0.7187232375144958,0.18246705830097198,7632.0,2144.0,3792.0,1092.0,0.11592182109816551,0.5161835068955812,6333.0,707.0,1719.0,1834.0,ok,plugin,False,,3608.061953668724,3864.7679997049872,1.9994099113240462,0.4280133463159136,1.563187840723199,0.88113413304253,0.4548269068392908,0.5707487279374563,0.42925127206254365,0.42925127206254365,False,40.0,13.0,0.37863683700561523,0.5114730596542358,0.8901098966598511,"[{'epoch': 0, 'best_score': 0.024409592151641846}, {'epoch': 1, 'best_score': 0.08057397603988647}, {'epoch': 2, 'best_score': 0.16891032457351685}, {'epoch': 3, 'best_score': 0.22045189142227173}, {'epoch': 4, 'best_score': 0.27366161346435547}, {'epoch': 5, 'best_score': 0.29300957918167114}, {'epoch': 6, 'best_score': 0.30683279037475586}, {'epoch': 7, 'best_score': 0.3179536461830139}, {'epoch': 8, 'best_score': 0.32868146896362305}, {'epoch': 9, 'best_score': 0.33062732219696045}, {'epoch': 10, 'best_score': 0.3279157876968384}, {'epoch': 11, 'best_score': 0.3293582797050476}, {'epoch': 12, 'best_score': 0.33346372842788696}, {'epoch': 13, 'best_score': 0.3395354151725769}, {'epoch': 14, 'best_score': 0.3518020510673523}, {'epoch': 15, 'best_score': 0.35830509662628174}, {'epoch': 16, 'best_score': 0.35925179719924927}, {'epoch': 17, 'best_score': 0.3606840968132019}, {'epoch': 18, 'best_score': 0.36171233654022217}, {'epoch': 19, 'best_score': 0.362646222114563}, {'epoch': 20, 'best_score': 0.36394840478897095}, {'epoch': 21, 'best_score': 0.36615777015686035}, {'epoch': 22, 'best_score': 0.3698861002922058}, {'epoch': 23, 'best_score': 0.3756920099258423}, {'epoch': 24, 'best_score': 0.3725707530975342}, {'epoch': 25, 'best_score': 0.370022714138031}, {'epoch': 26, 'best_score': 0.36958634853363037}, {'epoch': 27, 'best_score': 0.3682537078857422}, {'epoch': 28, 'best_score': 0.37022846937179565}, {'epoch': 29, 'best_score': 0.37155836820602417}, {'epoch': 30, 'best_score': 0.37650173902511597}, {'epoch': 31, 'best_score': 0.3757811188697815}, {'epoch': 32, 'best_score': 0.37592214345932007}, {'epoch': 33, 'best_score': 0.3770092725753784}, {'epoch': 34, 'best_score': 0.3757161498069763}, {'epoch': 35, 'best_score': 0.37535667419433594}, {'epoch': 36, 'best_score': 0.37696462869644165}, {'epoch': 37, 'best_score': 0.37333929538726807}, {'epoch': 38, 'best_score': 0.374885618686676}, {'epoch': 39, 'best_score': 0.3752650022506714}, {'epoch': 40, 'best_score': 0.37863683700561523}, {'epoch': 41, 'best_score': 0.37823009490966797}, {'epoch': 42, 'best_score': 0.3766290545463562}, {'epoch': 43, 'best_score': 0.3750419616699219}, {'epoch': 44, 'best_score': 0.37444257736206055}, {'epoch': 45, 'best_score': 0.3750292658805847}, {'epoch': 46, 'best_score': 0.3764285445213318}, {'epoch': 47, 'best_score': 0.37536323070526123}, {'epoch': 48, 'best_score': 0.37554556131362915}, {'epoch': 49, 'best_score': 0.3758559823036194}]",domainnet,2,CDANN,logits,345.0,0.8071539998054504,0.8071539998054504,0.42063772678375244,0.4218969941139221,splits_domainnet_CDANN_2_0_b09dc755c62e.npz,b09dc755c62e,False,False,,,,,,,0.42925127206254365,accuracy_vs_baselines,logits,IW overlap critic | W=2 | seed=0 (plug-in),True,
iw_overlap_critic,2.0,0.0,28152.0,15295.0,7040.0,3825.0,0.8063920454545455,0.0,1.0,0.8649395108222961,0.5,0.5,0.6886382102966309,0.20106446743011475,7521.0,1858.0,3734.0,945.0,0.1181812044712839,0.40784313725490196,6254.0,786.0,2265.0,1560.0,ok,plugin,False,,4117.338747694619,4295.258617316316,1.9978812904466472,0.5423618427242287,1.5934886840018836,0.8839743589743589,0.36052287581699344,0.4787040802882773,0.5212959197117226,0.5212959197117226,False,43.0,22.0,0.36541640758514404,0.505483090877533,0.870899498462677,"[{'epoch': 0, 'best_score': 0.02779221534729004}, {'epoch': 1, 'best_score': 0.09068655967712402}, {'epoch': 2, 'best_score': 0.15490299463272095}, {'epoch': 3, 'best_score': 0.2156541347503662}, {'epoch': 4, 'best_score': 0.25741660594940186}, {'epoch': 5, 'best_score': 0.28661006689071655}, {'epoch': 6, 'best_score': 0.30045121908187866}, {'epoch': 7, 'best_score': 0.31153661012649536}, {'epoch': 8, 'best_score': 0.30932068824768066}, {'epoch': 9, 'best_score': 0.31615209579467773}, {'epoch': 10, 'best_score': 0.31394147872924805}, {'epoch': 11, 'best_score': 0.3152170181274414}, {'epoch': 12, 'best_score': 0.31693071126937866}, {'epoch': 13, 'best_score': 0.3189659118652344}, {'epoch': 14, 'best_score': 0.3211197853088379}, {'epoch': 15, 'best_score': 0.3248538374900818}, {'epoch': 16, 'best_score': 0.32450270652770996}, {'epoch': 17, 'best_score': 0.3277261257171631}, {'epoch': 18, 'best_score': 0.3314061164855957}, {'epoch': 19, 'best_score': 0.33597588539123535}, {'epoch': 20, 'best_score': 0.3411630392074585}, {'epoch': 21, 'best_score': 0.3389635682106018}, {'epoch': 22, 'best_score': 0.34006112813949585}, {'epoch': 23, 'best_score': 0.34268707036972046}, {'epoch': 24, 'best_score': 0.34205448627471924}, {'epoch': 25, 'best_score': 0.3457193374633789}, {'epoch': 26, 'best_score': 0.34737592935562134}, {'epoch': 27, 'best_score': 0.3499256372451782}, {'epoch': 28, 'best_score': 0.3511275053024292}, {'epoch': 29, 'best_score': 0.3532409071922302}, {'epoch': 30, 'best_score': 0.35383355617523193}, {'epoch': 31, 'best_score': 0.3570874333381653}, {'epoch': 32, 'best_score': 0.3559495210647583}, {'epoch': 33, 'best_score': 0.3562234044075012}, {'epoch': 34, 'best_score': 0.3576391935348511}, {'epoch': 35, 'best_score': 0.3598889112472534}, {'epoch': 36, 'best_score': 0.358292818069458}, {'epoch': 37, 'best_score': 0.3602306842803955}, {'epoch': 38, 'best_score': 0.36422818899154663}, {'epoch': 39, 'best_score': 0.3627747893333435}, {'epoch': 40, 'best_score': 0.3625011444091797}, {'epoch': 41, 'best_score': 0.36119258403778076}, {'epoch': 42, 'best_score': 0.36342060565948486}, {'epoch': 43, 'best_score': 0.36541640758514404}, {'epoch': 44, 'best_score': 0.3648585081100464}, {'epoch': 45, 'best_score': 0.36319905519485474}, {'epoch': 46, 'best_score': 0.3629693388938904}, {'epoch': 47, 'best_score': 0.36485981941223145}, {'epoch': 48, 'best_score': 0.3643229603767395}, {'epoch': 49, 'best_score': 0.3641068637371063}]",domainnet,3,CDANN,logits,345.0,0.8074381947517395,0.8074381947517395,0.49369075894355774,0.48549020290374756,splits_domainnet_CDANN_3_0_b09dc755c62e.npz,b09dc755c62e,False,False,,,,,,,0.5212959197117226,accuracy_vs_baselines,logits,IW overlap critic | W=2 | seed=0 (plug-in),True,
iw_overlap_critic,2.0,0.0,1700.0,8804.0,425.0,2203.0,0.8658823529411764,0.0,1.0,16.756206512451172,0.5,0.5,0.5182152390480042,0.24998150765895844,,,,,0.13440250150973013,0.0,425.0,0.0,2203.0,0.0,ok,plugin,False,,425.7139188017252,424.86625879663194,1.0612811485222913,0.9998074373474651,1.0357852693822998,,0.0,0.13440250150973013,0.8655974984902699,0.8655974984902699,False,,,,,,,living17,1,DANN,logits,17.0,0.8994117379188538,0.8994117379188538,0.6758291721343994,0.6876986026763916,splits_living17_DANN_1_0_b09dc755c62e.npz,b09dc755c62e,False,False,,,,,,,0.8655974984902699,accuracy_vs_baselines,logits,IW overlap critic | W=2 | seed=0 (plug-in),True,
iw_overlap_critic,2.0,0.0,1700.0,68.0,425.0,19.0,0.8823529411764706,0.0,1.0,54.598148345947266,0.5,0.5,0.386274516582489,0.2505391836166382,,,,,0.11527369713515521,0.0,425.0,0.0,19.0,0.0,ok,plugin,False,,418.91730653790717,424.70318210046617,1.0586324638397553,0.9846885207200412,1.02813654610826,,0.0,0.11527369713515521,0.8847263028648448,0.8847263028648448,False,,,,,,,living17,2,DANN,logits,17.0,0.9094117283821106,0.9094117283821106,0.8970588445663452,0.8421052694320679,splits_living17_DANN_2_0_b09dc755c62e.npz,b09dc755c62e,True,False,,,,,,,0.8847263028648448,accuracy_vs_baselines,logits,IW overlap critic | W=2 | seed=0 (plug-in),True,
iw_overlap_critic,2.0,0.0,1700.0,68.0,425.0,19.0,0.8894117647058823,0.0,1.0,7.57162618637085,0.5,0.5,0.501960813999176,0.24727191030979156,,,,,0.10234834389651595,0.0,425.0,0.0,19.0,0.0,ok,plugin,False,,397.8374561170127,412.0984209205271,1.5756817925313693,0.9067214651156508,1.265744834394328,,0.0,0.10234834389651595,0.8976516561034841,0.8976516561034841,False,,,,,,,living17,3,DANN,logits,17.0,0.9052940607070923,0.9052940607070923,0.5882353186607361,0.6842105388641357,splits_living17_DANN_3_0_b09dc755c62e.npz,b09dc755c62e,False,False,,,,,,,0.8976516561034841,accuracy_vs_baselines,logits,IW overlap critic | W=2 | seed=0 (plug-in),True,
iw_overlap_critic,2.0,0.0,1700.0,8804.0,425.0,2203.0,0.8894117647058823,0.0,1.0,11.750850677490234,0.5,0.5,0.5014705657958984,0.2499570995569229,,,,,0.11126764865826196,0.0,425.0,0.0,2203.0,0.0,ok,plugin,False,,426.08420396009734,424.696152932278,1.103055487160864,1.0032600364648732,1.050696652820813,,0.0,0.11126764865826196,0.888732351341738,0.888732351341738,False,,,,,,,living17,1,CDANN,logits,17.0,0.9052940607070923,0.9052940607070923,0.6863925457000732,0.6981388926506042,splits_living17_CDANN_1_0_b09dc755c62e.npz,b09dc755c62e,False,False,,,,,,,0.888732351341738,accuracy_vs_baselines,logits,IW overlap critic | W=2 | seed=0 (plug-in),True,
iw_overlap_critic,2.0,0.0,1700.0,68.0,425.0,19.0,0.8917647058823529,0.0,1.0,54.598148345947266,0.5,0.5,0.5049019455909729,0.2506290674209595,,,,,0.10663075780699113,0.0,425.0,0.0,19.0,0.0,ok,plugin,False,,420.0787161721404,424.8003173714308,1.0622783326012735,0.9874614814400315,1.0250536946908158,,0.0,0.10663075780699113,0.8933692421930088,0.8933692421930088,False,,,,,,,living17,2,CDANN,logits,17.0,0.9094117283821106,0.9094117283821106,0.8676470518112183,0.8421052694320679,splits_living17_CDANN_2_0_b09dc755c62e.npz,b09dc755c62e,False,False,,,,,,,0.8933692421930088,accuracy_vs_baselines,logits,IW overlap critic | W=2 | seed=0 (plug-in),True,
iw_overlap_critic,2.0,0.0,1700.0,68.0,425.0,19.0,0.8823529411764706,0.0,1.0,54.598148345947266,0.5,0.5,0.5470588207244873,0.25016355514526367,,,,,0.11620512572633702,0.0,425.0,0.0,19.0,0.0,ok,plugin,False,,421.52037358016673,424.79365637634123,1.0574743452587514,0.9908828841757463,1.0305761199853098,,0.0,0.11620512572633702,0.883794874273663,0.883794874273663,False,,,,,,,living17,3,CDANN,logits,17.0,0.9052940607070923,0.9052940607070923,0.5588235259056091,0.6315789222717285,splits_living17_CDANN_3_0_b09dc755c62e.npz,b09dc755c62e,False,False,,,,,,,0.883794874273663,accuracy_vs_baselines,logits,IW overlap critic | W=2 | seed=0 (plug-in),True,
iw_overlap_critic,2.0,0.0,2600.0,13282.0,650.0,3322.0,0.8046153846153846,0.0,1.0,12.373048782348633,0.5,0.5,0.49578893184661865,0.24997884035110474,,,,,0.1953306662241803,0.0,650.0,0.0,3322.0,0.0,ok,plugin,False,,650.5700602589743,649.7727854777203,1.0844597336415018,1.0017832600681866,1.0304142378909953,,0.0,0.1953306662241803,0.8046693337758197,0.8046693337758197,False,,,,,,,nonliving26,1,DANN,logits,26.0,0.8126922845840454,0.8126922845840454,0.5122722387313843,0.5192654728889465,splits_nonliving26_DANN_1_0_b09dc755c62e.npz,b09dc755c62e,False,False,,,,,,,0.8046693337758197,accuracy_vs_baselines,logits,IW overlap critic | W=2 | seed=0 (plug-in),True,
iw_overlap_critic,2.0,0.0,2600.0,104.0,650.0,28.0,0.8292307692307692,0.0,1.0,54.598148345947266,0.5,0.5,0.38846156001091003,0.25114089250564575,,,,,0.16928835900196756,0.0,650.0,0.0,28.0,0.0,ok,plugin,False,,644.5054915247124,649.6497218998405,1.083841619850997,0.9902270713354869,1.0315954847034363,,0.0,0.16928835900196756,0.8307116409980324,0.8307116409980324,False,,,,,,,nonliving26,2,DANN,logits,26.0,0.8176922798156738,0.8176922798156738,0.75,0.7142857313156128,splits_nonliving26_DANN_2_0_b09dc755c62e.npz,b09dc755c62e,False,False,,,,,,,0.8307116409980324,accuracy_vs_baselines,logits,IW overlap critic | W=2 | seed=0 (plug-in),True,
iw_overlap_critic,2.0,0.0,2600.0,104.0,650.0,28.0,0.8246153846153846,0.0,1.0,54.598148345947266,0.5,0.5,0.5365384817123413,0.25105389952659607,,,,,0.1741453063713572,0.0,650.0,0.0,28.0,0.0,ok,plugin,False,,645.0326499819731,649.7080949542882,1.0594409484206764,0.9929202071237218,1.0243252824099547,,0.0,0.1741453063713572,0.8258546936286428,0.8258546936286428,False,,,,,,,nonliving26,3,DANN,logits,26.0,0.8146153688430786,0.8146153688430786,0.4038461744785309,0.3214285969734192,splits_nonliving26_DANN_3_0_b09dc755c62e.npz,b09dc755c62e,False,False,,,,,,,0.8258546936286428,accuracy_vs_baselines,logits,IW overlap critic | W=2 | seed=0 (plug-in),True,
iw_overlap_critic,2.0,0.0,2600.0,13282.0,650.0,3322.0,0.8169230769230769,0.0,1.0,7.686832904815674,0.5,0.5,0.5021895170211792,0.2498849332332611,,,,,0.18470858540349727,0.0,650.0,0.0,3322.0,0.0,ok,plugin,False,,652.078458608405,648.7735821328986,1.154293146524031,1.0011564015750678,1.0730162357120294,,0.0,0.18470858540349727,0.8152914145965027,0.8152914145965027,False,,,,,,,nonliving26,1,CDANN,logits,26.0,0.8176922798156738,0.8176922798156738,0.5332028269767761,0.5352197289466858,splits_nonliving26_CDANN_1_0_b09dc755c62e.npz,b09dc755c62e,False,False,,,,,,,0.8152914145965027,accuracy_vs_baselines,logits,IW overlap critic | W=2 | seed=0 (plug-in),True,
iw_overlap_critic,2.0,0.0,2600.0,104.0,650.0,28.0,0.8138461538461539,0.0,1.0,54.598148345947266,0.5,0.5,0.48653846979141235,0.25163984298706055,,,,,0.1845057090510275,0.0,650.0,0.0,28.0,0.0,ok,plugin,False,,644.9818944649705,649.6228527621274,1.0793665205549292,0.9921471149917618,1.0302029240740564,,0.0,0.1845057090510275,0.8154942909489725,0.8154942909489725,False,,,,,,,nonliving26,2,CDANN,logits,26.0,0.8165384531021118,0.8165384531021118,0.7692307829856873,0.7500000596046448,splits_nonliving26_CDANN_2_0_b09dc755c62e.npz,b09dc755c62e,False,False,,,,,,,0.8154942909489725,accuracy_vs_baselines,logits,IW overlap critic | W=2 | seed=0 (plug-in),True,
iw_overlap_critic,2.0,0.0,2600.0,104.0,650.0,28.0,0.8123076923076923,0.0,1.0,54.598148345947266,0.5,0.5,0.4596153795719147,0.2510206997394562,,,,,0.1850543678115881,0.0,650.0,0.0,28.0,0.0,ok,plugin,False,,643.5940549638867,649.6215182317272,1.084804199780962,0.990470618796623,1.0240975172141382,,0.0,0.1850543678115881,0.8149456321884119,0.8149456321884119,False,,,,,,,nonliving26,3,CDANN,logits,26.0,0.822692334651947,0.822692334651947,0.4038461744785309,0.3214285969734192,splits_nonliving26_CDANN_3_0_b09dc755c62e.npz,b09dc755c62e,False,False,,,,,,,0.8149456321884119,accuracy_vs_baselines,logits,IW overlap critic | W=2 | seed=0 (plug-in),True,
iw_overlap_critic,2.0,0.0,11745.0,35070.0,2938.0,8768.0,0.6388699795779442,0.0,1.0,1.3752713203430176,0.5,0.5,0.5431007146835327,0.24704568088054657,3523.0,0.0,1761.0,0.0,0.3477126161235499,0.00011405109489051095,2938.0,0.0,8767.0,1.0,unsupported_critic_region,plugin,False,,2928.57190049212,2803.9752075361216,1.9233309087236736,0.9926772360639708,1.3669665766860113,,,,,,,,,,,,,fmow,1,DANN,logits,62.0,0.6519370079040527,0.6519370079040527,0.6103222370147705,0.6077782511711121,splits_fmow_DANN_1_0_b09dc755c62e.npz,b09dc755c62e,,,,,,,,,,accuracy_vs_baselines,logits,IW overlap critic | W=2 | seed=0 (plug-in),False,
iw_overlap_critic,2.0,0.0,11745.0,39088.0,2938.0,9774.0,0.6344452008168822,0.0,1.0,1.2399344444274902,0.5,0.5,0.5546964406967163,0.24482622742652893,3516.0,54.0,1758.0,30.0,0.3673036530978637,0.004194802537343974,2933.0,5.0,9733.0,41.0,ok,plugin,False,,2934.187897729764,2704.83369420676,1.997981294933825,0.9752372129983414,1.520629949143691,0.9512195121951219,0.003990178023327195,0.3712938311211909,0.6287061688788091,0.6287061688788091,False,49.0,9.0,0.39933454990386963,0.5339987874031067,0.9333333373069763,"[{'epoch': 0, 'best_score': 0.05031406879425049}, {'epoch': 1, 'best_score': 0.049150705337524414}, {'epoch': 2, 'best_score': 0.04948747158050537}, {'epoch': 3, 'best_score': 0.07332289218902588}, {'epoch': 4, 'best_score': 0.07479143142700195}, {'epoch': 5, 'best_score': 0.08706676959991455}, {'epoch': 6, 'best_score': 0.1235608458518982}, {'epoch': 7, 'best_score': 0.1340886950492859}, {'epoch': 8, 'best_score': 0.14697575569152832}, {'epoch': 9, 'best_score': 0.13060671091079712}, {'epoch': 10, 'best_score': 0.14724695682525635}, {'epoch': 11, 'best_score': 0.15426254272460938}, {'epoch': 12, 'best_score': 0.16484665870666504}, {'epoch': 13, 'best_score': 0.1612038016319275}, {'epoch': 14, 'best_score': 0.17595958709716797}, {'epoch': 15, 'best_score': 0.20010316371917725}, {'epoch': 16, 'best_score': 0.21972179412841797}, {'epoch': 17, 'best_score': 0.2017781138420105}, {'epoch': 18, 'best_score': 0.2100568413734436}, {'epoch': 19, 'best_score': 0.21381765604019165}, {'epoch': 20, 'best_score': 0.2588404417037964}, {'epoch': 21, 'best_score': 0.23920118808746338}, {'epoch': 22, 'best_score': 0.2570924758911133}, {'epoch': 23, 'best_score': 0.27093344926834106}, {'epoch': 24, 'best_score': 0.25267887115478516}, {'epoch': 25, 'best_score': 0.22541677951812744}, {'epoch': 26, 'best_score': 0.2317894697189331}, {'epoch': 27, 'best_score': 0.25158947706222534}, {'epoch': 28, 'best_score': 0.2588505148887634}, {'epoch': 29, 'best_score': 0.2801029086112976}, {'epoch': 30, 'best_score': 0.27100861072540283}, {'epoch': 31, 'best_score': 0.275402307510376}, {'epoch': 32, 'best_score': 0.3169061541557312}, {'epoch': 33, 'best_score': 0.32589399814605713}, {'epoch': 34, 'best_score': 0.30329108238220215}, {'epoch': 35, 'best_score': 0.3119196891784668}, {'epoch': 36, 'best_score': 0.3199650049209595}, {'epoch': 37, 'best_score': 0.3130599856376648}, {'epoch': 38, 'best_score': 0.2933189868927002}, {'epoch': 39, 'best_score': 0.2994491457939148}, {'epoch': 40, 'best_score': 0.30744045972824097}, {'epoch': 41, 'best_score': 0.31638914346694946}, {'epoch': 42, 'best_score': 0.32375872135162354}, {'epoch': 43, 'best_score': 0.3523852825164795}, {'epoch': 44, 'best_score': 0.3551301956176758}, {'epoch': 45, 'best_score': 0.3576599955558777}, {'epoch': 46, 'best_score': 0.3640671372413635}, {'epoch': 47, 'best_score': 0.35840904712677}, {'epoch': 48, 'best_score': 0.39524245262145996}, {'epoch': 49, 'best_score': 0.39933454990386963}]",fmow,2,DANN,logits,62.0,0.6504895687103271,0.6504895687103271,0.5482756495475769,0.5545324683189392,splits_fmow_DANN_2_0_b09dc755c62e.npz,b09dc755c62e,False,False,,,,,,,0.6287061688788091,accuracy_vs_baselines,logits,IW overlap critic | W=2 | seed=0 (plug-in),True,
iw_overlap_critic,2.0,0.0,11745.0,35070.0,2938.0,8768.0,0.6466984343090538,0.0,1.0,1.8349958658218384,0.5,0.5,0.5341331958770752,0.24863222241401672,,,,,0.3426043167961404,0.0,2938.0,0.0,8768.0,0.0,ok,plugin,False,,2918.0342649050135,2868.1767215168447,1.6569677801272777,0.9914839096654237,1.25340373746778,,0.0,0.3426043167961404,0.6573956832038597,0.6573956832038597,False,,,,,,,fmow,1,CDANN,logits,62.0,0.6558535695075989,0.6558535695075989,0.605617344379425,0.6010492444038391,splits_fmow_CDANN_1_0_b09dc755c62e.npz,b09dc755c62e,False,False,,,,,,,0.6573956832038597,accuracy_vs_baselines,logits,IW overlap critic | W=2 | seed=0 (plug-in),True,
iw_overlap_critic,2.0,0.0,11745.0,39088.0,2938.0,9774.0,0.6446562287270252,0.0,1.0,1.397735834121704,0.5,0.5,0.5392557382583618,0.2475474327802658,3523.0,9.0,1760.0,2.0,0.35233544391650923,0.0005115612850419481,2933.0,5.0,9769.0,5.0,ok,plugin,False,,2920.9661186835483,2812.2542211522864,1.9447842355910459,0.9772699739088457,1.3634133838164981,1.0,0.0005115612850419481,0.35284700520155116,0.6471529947984489,0.6471529947984489,False,49.0,3.0,0.6619354486465454,0.338064581155777,1.0,"[{'epoch': 0, 'best_score': 0.05093318223953247}, {'epoch': 1, 'best_score': 0.06818461418151855}, {'epoch': 2, 'best_score': 0.08416527509689331}, {'epoch': 3, 'best_score': 0.11210238933563232}, {'epoch': 4, 'best_score': 0.13196969032287598}, {'epoch': 5, 'best_score': 0.16670477390289307}, {'epoch': 6, 'best_score': 0.18605166673660278}, {'epoch': 7, 'best_score': 0.20150959491729736}, {'epoch': 8, 'best_score': 0.2265254259109497}, {'epoch': 9, 'best_score': 0.23978352546691895}, {'epoch': 10, 'best_score': 0.25516027212142944}, {'epoch': 11, 'best_score': 0.279235303401947}, {'epoch': 12, 'best_score': 0.2985154390335083}, {'epoch': 13, 'best_score': 0.311826229095459}, {'epoch': 14, 'best_score': 0.33291202783584595}, {'epoch': 15, 'best_score': 0.3508053421974182}, {'epoch': 16, 'best_score': 0.37083953619003296}, {'epoch': 17, 'best_score': 0.3862820863723755}, {'epoch': 18, 'best_score': 0.4060813784599304}, {'epoch': 19, 'best_score': 0.42659229040145874}, {'epoch': 20, 'best_score': 0.44141989946365356}, {'epoch': 21, 'best_score': 0.463242769241333}, {'epoch': 22, 'best_score': 0.47863107919692993}, {'epoch': 23, 'best_score': 0.4797264337539673}, {'epoch': 24, 'best_score': 0.4955671429634094}, {'epoch': 25, 'best_score': 0.5079371929168701}, {'epoch': 26, 'best_score': 0.5196418762207031}, {'epoch': 27, 'best_score': 0.528794527053833}, {'epoch': 28, 'best_score': 0.542771577835083}, {'epoch': 29, 'best_score': 0.5513083934783936}, {'epoch': 30, 'best_score': 0.5658671259880066}, {'epoch': 31, 'best_score': 0.5748150944709778}, {'epoch': 32, 'best_score': 0.5881773233413696}, {'epoch': 33, 'best_score': 0.5930843353271484}, {'epoch': 34, 'best_score': 0.5952486395835876}, {'epoch': 35, 'best_score': 0.5995509028434753}, {'epoch': 36, 'best_score': 0.6005961894989014}, {'epoch': 37, 'best_score': 0.6038305759429932}, {'epoch': 38, 'best_score': 0.6132463812828064}, {'epoch': 39, 'best_score': 0.6191034317016602}, {'epoch': 40, 'best_score': 0.6247695684432983}, {'epoch': 41, 'best_score': 0.6315568685531616}, {'epoch': 42, 'best_score': 0.6320624947547913}, {'epoch': 43, 'best_score': 0.6378546953201294}, {'epoch': 44, 'best_score': 0.6420589089393616}, {'epoch': 45, 'best_score': 0.6457886695861816}, {'epoch': 46, 'best_score': 0.6471812725067139}, {'epoch': 47, 'best_score': 0.6539745330810547}, {'epoch': 48, 'best_score': 0.6600871086120605}, {'epoch': 49, 'best_score': 0.6619354486465454}]",fmow,2,CDANN,logits,62.0,0.6548318862915039,0.6548318862915039,0.5420845150947571,0.5445058345794678,splits_fmow_CDANN_2_0_b09dc755c62e.npz,b09dc755c62e,False,False,,,,,,,0.6471529947984489,accuracy_vs_baselines,logits,IW overlap critic | W=2 | seed=0 (plug-in),True,
iw_overlap_critic,2.0,0.0,731.0,898.0,184.0,227.0,0.9239130434782609,0.0,1.0,54.598148345947266,0.5,0.5,0.516776978969574,0.2501116991043091,,,,,0.07597543998111349,0.0,184.0,0.0,227.0,0.0,ok,plugin,False,,184.23525362979393,183.901066334617,1.0869976501999623,1.000905368661038,1.040020008602836,,0.0,0.07597543998111349,0.9240245600188866,0.9240245600188866,False,,,,,,,officehome,1,DANN,logits,65.0,0.922024667263031,0.922024667263031,0.7193763852119446,0.7268722057342529,splits_officehome_DANN_1_0_b09dc755c62e.npz,b09dc755c62e,False,False,,,,,,,0.9240245600188866,accuracy_vs_baselines,logits,IW overlap critic | W=2 | seed=0 (plug-in),True,
iw_overlap_critic,2.0,0.0,731.0,893.0,184.0,226.0,0.9021739130434783,0.0,1.0,2.617790937423706,0.5,0.5,0.5187009572982788,0.24238869547843933,213.0,8.0,105.0,3.0,0.09315480243898018,0.01327433628318584,181.0,3.0,223.0,3.0,ok,plugin,False,,182.5660578058708,165.47893903159698,1.835073674231037,0.9749627851589491,1.5662171179942692,0.6666666666666666,0.008849557522123894,0.10200435996110407,0.897995640038896,0.897995640038896,False,30.0,4.0,0.5978224277496338,0.4021776020526886,1.0,"[{'epoch': 0, 'best_score': 0.04598146677017212}, {'epoch': 1, 'best_score': 0.07824838161468506}, {'epoch': 2, 'best_score': 0.11283910274505615}, {'epoch': 3, 'best_score': 0.13716793060302734}, {'epoch': 4, 'best_score': 0.16982853412628174}, {'epoch': 5, 'best_score': 0.22070497274398804}, {'epoch': 6, 'best_score': 0.22918319702148438}, {'epoch': 7, 'best_score': 0.24973833560943604}, {'epoch': 8, 'best_score': 0.27355682849884033}, {'epoch': 9, 'best_score': 0.280473530292511}, {'epoch': 10, 'best_score': 0.3025859594345093}, {'epoch': 11, 'best_score': 0.3117782473564148}, {'epoch': 12, 'best_score': 0.3442303538322449}, {'epoch': 13, 'best_score': 0.35269033908843994}, {'epoch': 14, 'best_score': 0.37143683433532715}, {'epoch': 15, 'best_score': 0.39493077993392944}, {'epoch': 16, 'best_score': 0.4253438711166382}, {'epoch': 17, 'best_score': 0.44817495346069336}, {'epoch': 18, 'best_score': 0.4448345899581909}, {'epoch': 19, 'best_score': 0.4756675362586975}, {'epoch': 20, 'best_score': 0.4846147298812866}, {'epoch': 21, 'best_score': 0.518267035484314}, {'epoch': 22, 'best_score': 0.5219533443450928}, {'epoch': 23, 'best_score': 0.5329676866531372}, {'epoch': 24, 'best_score': 0.5459393262863159}, {'epoch': 25, 'best_score': 0.574837863445282}, {'epoch': 26, 'best_score': 0.5837290287017822}, {'epoch': 27, 'best_score': 0.5837290287017822}, {'epoch': 28, 'best_score': 0.5900652408599854}, {'epoch': 29, 'best_score': 0.5955712795257568}, {'epoch': 30, 'best_score': 0.5978224277496338}, {'epoch': 31, 'best_score': 0.2742390036582947}, {'epoch': 32, 'best_score': 0.29827097058296204}, {'epoch': 33, 'best_score': 0.29827097058296204}, {'epoch': 34, 'best_score': 0.29850882291793823}, {'epoch': 35, 'best_score': 0.29850882291793823}, {'epoch': 36, 'best_score': 0.30468806624412537}, {'epoch': 37, 'best_score': 0.26377633213996887}, {'epoch': 38, 'best_score': 0.26377633213996887}, {'epoch': 39, 'best_score': 0.26377633213996887}, {'epoch': 40, 'best_score': 0.2684968113899231}, {'epoch': 41, 'best_score': 0.267133504152298}, {'epoch': 42, 'best_score': 0.2726394832134247}, {'epoch': 43, 'best_score': 0.2830612361431122}, {'epoch': 44, 'best_score': 0.2830612361431122}, {'epoch': 45, 'best_score': 0.2921017110347748}, {'epoch': 46, 'best_score': 0.31095224618911743}, {'epoch': 47, 'best_score': 0.31095224618911743}, {'epoch': 48, 'best_score': 0.31095224618911743}, {'epoch': 49, 'best_score': 0.31095224618911743}]",officehome,2,DANN,logits,65.0,0.915184736251831,0.915184736251831,0.44904816150665283,0.45132744312286377,splits_officehome_DANN_2_0_b09dc755c62e.npz,b09dc755c62e,False,False,,,,,,,0.897995640038896,accuracy_vs_baselines,logits,IW overlap critic | W=2 | seed=0 (plug-in),True,
iw_overlap_critic,2.0,0.0,731.0,507.0,184.0,128.0,0.9130434782608696,0.0,1.0,26.049518585205078,0.5,0.5,0.5082191228866577,0.2497924417257309,,,,,0.0866913116969914,0.0,184.0,0.0,128.0,0.0,ok,plugin,False,,182.3591993506694,183.39954003699063,1.1721688523178841,0.9901303451797778,1.0828212096182739,,0.0,0.0866913116969914,0.9133086883030086,0.9133086883030086,False,,,,,,,officehome,3,DANN,logits,65.0,0.9056087732315063,0.9056087732315063,0.5364891290664673,0.5625,splits_officehome_DANN_3_0_b09dc755c62e.npz,b09dc755c62e,False,False,,,,,,,0.9133086883030086,accuracy_vs_baselines,logits,IW overlap critic | W=2 | seed=0 (plug-in),True,
iw_overlap_critic,2.0,0.0,731.0,898.0,184.0,227.0,0.9130434782608696,0.0,1.0,3.740297317504883,0.5,0.5,0.5397875905036926,0.2456914186477661,218.0,8.0,108.0,1.0,0.07922430429060734,0.022026431718061675,183.0,1.0,222.0,5.0,ok,plugin,False,,174.14573748571604,171.57385407189167,1.9334006824552201,0.9123998371665012,1.3710156904308701,0.8,0.01762114537444934,0.09684544966505668,0.9031545503349433,0.9031545503349433,False,44.0,14.0,0.6963469982147217,0.3036530017852783,1.0,"[{'epoch': 0, 'best_score': 0.07606762647628784}, {'epoch': 1, 'best_score': 0.1089773178100586}, {'epoch': 2, 'best_score': 0.11771136522293091}, {'epoch': 3, 'best_score': 0.18076980113983154}, {'epoch': 4, 'best_score': 0.19075357913970947}, {'epoch': 5, 'best_score': 0.26678383350372314}, {'epoch': 6, 'best_score': 0.3084331750869751}, {'epoch': 7, 'best_score': 0.3224315047264099}, {'epoch': 8, 'best_score': 0.3431304097175598}, {'epoch': 9, 'best_score': 0.3431304097175598}, {'epoch': 10, 'best_score': 0.3729214668273926}, {'epoch': 11, 'best_score': 0.39714932441711426}, {'epoch': 12, 'best_score': 0.43537503480911255}, {'epoch': 13, 'best_score': 0.47588419914245605}, {'epoch': 14, 'best_score': 0.5018602609634399}, {'epoch': 15, 'best_score': 0.5109368562698364}, {'epoch': 16, 'best_score': 0.5041669607162476}, {'epoch': 17, 'best_score': 0.5041669607162476}, {'epoch': 18, 'best_score': 0.5108199715614319}, {'epoch': 19, 'best_score': 0.5276877880096436}, {'epoch': 20, 'best_score': 0.5347064733505249}, {'epoch': 21, 'best_score': 0.5636533498764038}, {'epoch': 22, 'best_score': 0.5522199273109436}, {'epoch': 23, 'best_score': 0.5706721544265747}, {'epoch': 24, 'best_score': 0.5893827676773071}, {'epoch': 25, 'best_score': 0.5893827676773071}, {'epoch': 26, 'best_score': 0.5893827676773071}, {'epoch': 27, 'best_score': 0.5978626012802124}, {'epoch': 28, 'best_score': 0.6126507520675659}, {'epoch': 29, 'best_score': 0.6321542263031006}, {'epoch': 30, 'best_score': 0.6487159729003906}, {'epoch': 31, 'best_score': 0.6335181593894958}, {'epoch': 32, 'best_score': 0.6439189910888672}, {'epoch': 33, 'best_score': 0.6439189910888672}, {'epoch': 34, 'best_score': 0.6439189910888672}, {'epoch': 35, 'best_score': 0.6533307433128357}, {'epoch': 36, 'best_score': 0.6580471992492676}, {'epoch': 37, 'best_score': 0.6697983741760254}, {'epoch': 38, 'best_score': 0.6709904670715332}, {'epoch': 39, 'best_score': 0.6777132153511047}, {'epoch': 40, 'best_score': 0.6777132153511047}, {'epoch': 41, 'best_score': 0.6777132153511047}, {'epoch': 42, 'best_score': 0.687997579574585}, {'epoch': 43, 'best_score': 0.6791456937789917}, {'epoch': 44, 'best_score': 0.6963469982147217}, {'epoch': 45, 'best_score': 0.6963469982147217}, {'epoch': 46, 'best_score': 0.6963469982147217}, {'epoch': 47, 'best_score': 0.6963469982147217}, {'epoch': 48, 'best_score': 0.6963469982147217}, {'epoch': 49, 'best_score': 0.6963469982147217}]",officehome,1,CDANN,logits,65.0,0.9138167500495911,0.9138167500495911,0.730512261390686,0.7488986253738403,splits_officehome_CDANN_1_0_b09dc755c62e.npz,b09dc755c62e,False,False,,,,,,,0.9031545503349433,accuracy_vs_baselines,logits,IW overlap critic | W=2 | seed=0 (plug-in),True,
iw_overlap_critic,2.0,0.0,731.0,893.0,184.0,226.0,0.8913043478260869,0.0,1.0,0.9094792604446411,0.5,0.5,0.7025550603866577,0.18405568599700928,200.0,119.0,99.0,73.0,0.07137084277419865,0.4823008849557522,165.0,19.0,117.0,109.0,ok,plugin,False,,87.73429802641188,98.23613620064572,1.9939822721595453,0.3541240294537175,1.3825622656253547,0.8440366972477065,0.40707964601769914,0.4784504887918978,0.5215495112081022,0.5215495112081022,False,48.0,12.0,0.2302723526954651,0.6738372445106506,0.9041095972061157,"[{'epoch': 0, 'best_score': 0.08622634410858154}, {'epoch': 1, 'best_score': 0.08328306674957275}, {'epoch': 2, 'best_score': 0.054549217224121094}, {'epoch': 3, 'best_score': 0.08038890361785889}, {'epoch': 4, 'best_score': 0.10289657115936279}, {'epoch': 5, 'best_score': 0.12832355499267578}, {'epoch': 6, 'best_score': 0.09232127666473389}, {'epoch': 7, 'best_score': 0.0986819863319397}, {'epoch': 8, 'best_score': 0.1071285605430603}, {'epoch': 9, 'best_score': 0.11983144283294678}, {'epoch': 10, 'best_score': 0.1526392102241516}, {'epoch': 11, 'best_score': 0.15152567625045776}, {'epoch': 12, 'best_score': 0.16493606567382812}, {'epoch': 13, 'best_score': 0.17863470315933228}, {'epoch': 14, 'best_score': 0.1738741397857666}, {'epoch': 15, 'best_score': 0.1636788249015808}, {'epoch': 16, 'best_score': 0.20345062017440796}, {'epoch': 17, 'best_score': 0.18575292825698853}, {'epoch': 18, 'best_score': 0.18403440713882446}, {'epoch': 19, 'best_score': 0.18403440713882446}, {'epoch': 20, 'best_score': 0.1793806552886963}, {'epoch': 21, 'best_score': 0.19971227645874023}, {'epoch': 22, 'best_score': 0.1855924129486084}, {'epoch': 23, 'best_score': 0.18078720569610596}, {'epoch': 24, 'best_score': 0.19500654935836792}, {'epoch': 25, 'best_score': 0.19500654935836792}, {'epoch': 26, 'best_score': 0.17659378051757812}, {'epoch': 27, 'best_score': 0.1825571060180664}, {'epoch': 28, 'best_score': 0.19287151098251343}, {'epoch': 29, 'best_score': 0.18632709980010986}, {'epoch': 30, 'best_score': 0.18506550788879395}, {'epoch': 31, 'best_score': 0.18838101625442505}, {'epoch': 32, 'best_score': 0.18838101625442505}, {'epoch': 33, 'best_score': 0.20133918523788452}, {'epoch': 34, 'best_score': 0.20340275764465332}, {'epoch': 35, 'best_score': 0.21404659748077393}, {'epoch': 36, 'best_score': 0.20883142948150635}, {'epoch': 37, 'best_score': 0.22337567806243896}, {'epoch': 38, 'best_score': 0.2213120460510254}, {'epoch': 39, 'best_score': 0.21605390310287476}, {'epoch': 40, 'best_score': 0.21605390310287476}, {'epoch': 41, 'best_score': 0.20404523611068726}, {'epoch': 42, 'best_score': 0.20906215906143188}, {'epoch': 43, 'best_score': 0.20906215906143188}, {'epoch': 44, 'best_score': 0.20906215906143188}, {'epoch': 45, 'best_score': 0.21274125576019287}, {'epoch': 46, 'best_score': 0.21274125576019287}, {'epoch': 47, 'best_score': 0.21274125576019287}, {'epoch': 48, 'best_score': 0.2302723526954651}, {'epoch': 49, 'best_score': 0.22157806158065796}]",officehome,2,CDANN,logits,65.0,0.9015048146247864,0.9015048146247864,0.4501679837703705,0.45132744312286377,splits_officehome_CDANN_2_0_b09dc755c62e.npz,b09dc755c62e,False,False,,,,,,,0.5215495112081022,accuracy_vs_baselines,logits,IW overlap critic | W=2 | seed=0 (plug-in),True,
iw_overlap_critic,2.0,0.0,731.0,507.0,184.0,128.0,0.9130434782608696,0.0,1.0,1.5892244577407837,0.5,0.5,0.7230136394500732,0.19719639420509338,201.0,58.0,103.0,30.0,0.07212526864022711,0.390625,167.0,17.0,78.0,50.0,ok,plugin,False,,110.51049184886871,113.8264380819019,1.9572967925383926,0.5039644809719348,1.5475299225102335,0.94,0.3671875,0.4393127686402271,0.5606872313597728,0.5606872313597728,False,42.0,5.0,0.3073161244392395,0.5260171890258789,0.8333333134651184,"[{'epoch': 0, 'best_score': 0.044850170612335205}, {'epoch': 1, 'best_score': 0.06251084804534912}, {'epoch': 2, 'best_score': 0.08854126930236816}, {'epoch': 3, 'best_score': 0.09033006429672241}, {'epoch': 4, 'best_score': 0.1043664813041687}, {'epoch': 5, 'best_score': 0.13182514905929565}, {'epoch': 6, 'best_score': 0.1593746542930603}, {'epoch': 7, 'best_score': 0.13988804817199707}, {'epoch': 8, 'best_score': 0.14191865921020508}, {'epoch': 9, 'best_score': 0.14947283267974854}, {'epoch': 10, 'best_score': 0.16247504949569702}, {'epoch': 11, 'best_score': 0.14136487245559692}, {'epoch': 12, 'best_score': 0.15340656042099}, {'epoch': 13, 'best_score': 0.16427010297775269}, {'epoch': 14, 'best_score': 0.18226683139801025}, {'epoch': 15, 'best_score': 0.18331056833267212}, {'epoch': 16, 'best_score': 0.18903100490570068}, {'epoch': 17, 'best_score': 0.18579906225204468}, {'epoch': 18, 'best_score': 0.190218985080719}, {'epoch': 19, 'best_score': 0.2124326229095459}, {'epoch': 20, 'best_score': 0.19816863536834717}, {'epoch': 21, 'best_score': 0.19382965564727783}, {'epoch': 22, 'best_score': 0.18228280544281006}, {'epoch': 23, 'best_score': 0.18787753582000732}, {'epoch': 24, 'best_score': 0.18266260623931885}, {'epoch': 25, 'best_score': 0.18931812047958374}, {'epoch': 26, 'best_score': 0.20202261209487915}, {'epoch': 27, 'best_score': 0.2051835060119629}, {'epoch': 28, 'best_score': 0.23875576257705688}, {'epoch': 29, 'best_score': 0.24383991956710815}, {'epoch': 30, 'best_score': 0.24719232320785522}, {'epoch': 31, 'best_score': 0.24719232320785522}, {'epoch': 32, 'best_score': 0.24269229173660278}, {'epoch': 33, 'best_score': 0.264310359954834}, {'epoch': 34, 'best_score': 0.264310359954834}, {'epoch': 35, 'best_score': 0.256239652633667}, {'epoch': 36, 'best_score': 0.256239652633667}, {'epoch': 37, 'best_score': 0.26561594009399414}, {'epoch': 38, 'best_score': 0.27705371379852295}, {'epoch': 39, 'best_score': 0.3069351315498352}, {'epoch': 40, 'best_score': 0.30243515968322754}, {'epoch': 41, 'best_score': 0.30243515968322754}, {'epoch': 42, 'best_score': 0.3073161244392395}, {'epoch': 43, 'best_score': 0.3073161244392395}, {'epoch': 44, 'best_score': 0.3073161244392395}, {'epoch': 45, 'best_score': 0.3073161244392395}, {'epoch': 46, 'best_score': 0.2857770323753357}, {'epoch': 47, 'best_score': 0.2857770323753357}, {'epoch': 48, 'best_score': 0.3014570474624634}, {'epoch': 49, 'best_score': 0.3014570474624634}]",officehome,3,CDANN,logits,65.0,0.9138167500495911,0.9138167500495911,0.5364891290664673,0.5546875,splits_officehome_CDANN_3_0_b09dc755c62e.npz,b09dc755c62e,False,False,,,,,,,0.5606872313597728,accuracy_vs_baselines,logits,IW overlap critic | W=2 | seed=0 (plug-in),True,
iw_overlap_critic,2.0,0.0,24387.0,11083.0,6098.0,2773.0,0.9996720236142997,0.0,1.0,1.103917121887207,0.5,0.5,0.5366796851158142,0.24356462061405182,7312.0,21.0,3654.0,6.0,0.0003478814768960747,0.0025243418680129825,6095.0,3.0,2766.0,7.0,ok,plugin,False,,6067.25428791016,5647.957455074926,1.9866009084148843,1.0277820712184578,1.4119948698629852,0.8571428571428571,0.002163721601153985,0.0025116030780500597,0.9974883969219499,0.9974883969219499,False,49.0,21.0,0.5629996657371521,0.4370003342628479,1.0,"[{'epoch': 0, 'best_score': 0.20163172483444214}, {'epoch': 1, 'best_score': 0.1982824206352234}, {'epoch': 2, 'best_score': 0.20078933238983154}, {'epoch': 3, 'best_score': 0.198289692401886}, {'epoch': 4, 'best_score': 0.19836121797561646}, {'epoch': 5, 'best_score': 0.19765347242355347}, {'epoch': 6, 'best_score': 0.19899171590805054}, {'epoch': 7, 'best_score': 0.20474129915237427}, {'epoch': 8, 'best_score': 0.21917903423309326}, {'epoch': 9, 'best_score': 0.2319849133491516}, {'epoch': 10, 'best_score': 0.24606817960739136}, {'epoch': 11, 'best_score': 0.2594144940376282}, {'epoch': 12, 'best_score': 0.27447861433029175}, {'epoch': 13, 'best_score': 0.2876453399658203}, {'epoch': 14, 'best_score': 0.3039873242378235}, {'epoch': 15, 'best_score': 0.31946033239364624}, {'epoch': 16, 'best_score': 0.3332235813140869}, {'epoch': 17, 'best_score': 0.3516595959663391}, {'epoch': 18, 'best_score': 0.3668368458747864}, {'epoch': 19, 'best_score': 0.37961459159851074}, {'epoch': 20, 'best_score': 0.39241868257522583}, {'epoch': 21, 'best_score': 0.4046900272369385}, {'epoch': 22, 'best_score': 0.4171665906906128}, {'epoch': 23, 'best_score': 0.42788660526275635}, {'epoch': 24, 'best_score': 0.43792760372161865}, {'epoch': 25, 'best_score': 0.447517454624176}, {'epoch': 26, 'best_score': 0.45495831966400146}, {'epoch': 27, 'best_score': 0.4642872214317322}, {'epoch': 28, 'best_score': 0.47149401903152466}, {'epoch': 29, 'best_score': 0.477971613407135}, {'epoch': 30, 'best_score': 0.48485052585601807}, {'epoch': 31, 'best_score': 0.48837989568710327}, {'epoch': 32, 'best_score': 0.4946249723434448}, {'epoch': 33, 'best_score': 0.4995204210281372}, {'epoch': 34, 'best_score': 0.5040992498397827}, {'epoch': 35, 'best_score': 0.5070539712905884}, {'epoch': 36, 'best_score': 0.5117530822753906}, {'epoch': 37, 'best_score': 0.516036868095398}, {'epoch': 38, 'best_score': 0.5219440460205078}, {'epoch': 39, 'best_score': 0.524827241897583}, {'epoch': 40, 'best_score': 0.5291287899017334}, {'epoch': 41, 'best_score': 0.5344223976135254}, {'epoch': 42, 'best_score': 0.5391732454299927}, {'epoch': 43, 'best_score': 0.5420510768890381}, {'epoch': 44, 'best_score': 0.546424150466919}, {'epoch': 45, 'best_score': 0.5498682260513306}, {'epoch': 46, 'best_score': 0.5521922707557678}, {'epoch': 47, 'best_score': 0.5560598373413086}, {'epoch': 48, 'best_score': 0.5583419799804688}, {'epoch': 49, 'best_score': 0.5629996657371521}]",visda,1,DANN,logits,12.0,0.9995489120483398,0.9995489120483398,0.6463051438331604,0.6473133563995361,splits_visda_DANN_1_0_b09dc755c62e.npz,b09dc755c62e,False,False,,,,,,,0.9974883969219499,accuracy_vs_baselines,logits,IW overlap critic | W=2 | seed=0 (plug-in),True,
iw_overlap_critic,2.0,0.0,24387.0,14480.0,6098.0,3620.0,0.9998360118071499,0.0,1.0,1.1729421615600586,0.5,0.5,0.5155367255210876,0.2474791258573532,,,,,0.00013220363228841735,0.0,6098.0,0.0,3620.0,0.0,ok,plugin,False,,6047.994793016202,5861.641585157652,1.8560237065244103,1.0046716018467086,1.2874000425530676,,0.0,0.00013220363228841735,0.9998677963677116,0.9998677963677116,False,,,,,,,visda,2,DANN,logits,12.0,0.9997539520263672,0.9997539520263672,0.6546961069107056,0.6544198393821716,splits_visda_DANN_2_0_b09dc755c62e.npz,b09dc755c62e,False,False,,,,,,,0.9998677963677116,accuracy_vs_baselines,logits,IW overlap critic | W=2 | seed=0 (plug-in),True,
iw_overlap_critic,2.0,0.0,24387.0,11083.0,6098.0,2773.0,0.9993440472285995,0.0,1.0,1.0816693305969238,0.5,0.5,0.5883632302284241,0.23713639378547668,7058.0,135.0,3530.0,72.0,0.0006075275846938084,0.03894698882077173,5847.0,251.0,2665.0,108.0,ok,plugin,False,,5603.904611579668,4918.1743413637805,1.9983162645914407,0.949052289832718,1.694465749107271,0.9907407407407407,0.03858636855391273,0.03919389613860654,0.9608061038613934,0.9608061038613934,False,49.0,11.0,0.5921823978424072,0.380039781332016,0.9722222089767456,"[{'epoch': 0, 'best_score': 0.12423449754714966}, {'epoch': 1, 'best_score': 0.13261157274246216}, {'epoch': 2, 'best_score': 0.13855522871017456}, {'epoch': 3, 'best_score': 0.15109717845916748}, {'epoch': 4, 'best_score': 0.1638355851173401}, {'epoch': 5, 'best_score': 0.17458420991897583}, {'epoch': 6, 'best_score': 0.18139785528182983}, {'epoch': 7, 'best_score': 0.19084852933883667}, {'epoch': 8, 'best_score': 0.19928890466690063}, {'epoch': 9, 'best_score': 0.20691949129104614}, {'epoch': 10, 'best_score': 0.2159632444381714}, {'epoch': 11, 'best_score': 0.22468644380569458}, {'epoch': 12, 'best_score': 0.2341364026069641}, {'epoch': 13, 'best_score': 0.24131160974502563}, {'epoch': 14, 'best_score': 0.252443790435791}, {'epoch': 15, 'best_score': 0.25914186239242554}, {'epoch': 16, 'best_score': 0.2675968408584595}, {'epoch': 17, 'best_score': 0.27633774280548096}, {'epoch': 18, 'best_score': 0.28268373012542725}, {'epoch': 19, 'best_score': 0.2905192971229553}, {'epoch': 20, 'best_score': 0.3121817708015442}, {'epoch': 21, 'best_score': 0.3181775212287903}, {'epoch': 22, 'best_score': 0.3249654769897461}, {'epoch': 23, 'best_score': 0.332882285118103}, {'epoch': 24, 'best_score': 0.3405764102935791}, {'epoch': 25, 'best_score': 0.3476288318634033}, {'epoch': 26, 'best_score': 0.36543506383895874}, {'epoch': 27, 'best_score': 0.37297338247299194}, {'epoch': 28, 'best_score': 0.3886858820915222}, {'epoch': 29, 'best_score': 0.40357285737991333}, {'epoch': 30, 'best_score': 0.41666632890701294}, {'epoch': 31, 'best_score': 0.4281380772590637}, {'epoch': 32, 'best_score': 0.4504009485244751}, {'epoch': 33, 'best_score': 0.46075189113616943}, {'epoch': 34, 'best_score': 0.46766746044158936}, {'epoch': 35, 'best_score': 0.4763908088207245}, {'epoch': 36, 'best_score': 0.48627421259880066}, {'epoch': 37, 'best_score': 0.49295511841773987}, {'epoch': 38, 'best_score': 0.5018776655197144}, {'epoch': 39, 'best_score': 0.5109211206436157}, {'epoch': 40, 'best_score': 0.521288275718689}, {'epoch': 41, 'best_score': 0.5338085293769836}, {'epoch': 42, 'best_score': 0.5422455072402954}, {'epoch': 43, 'best_score': 0.5479026436805725}, {'epoch': 44, 'best_score': 0.5556964874267578}, {'epoch': 45, 'best_score': 0.5652226209640503}, {'epoch': 46, 'best_score': 0.5721313953399658}, {'epoch': 47, 'best_score': 0.5787394046783447}, {'epoch': 48, 'best_score': 0.584928035736084}, {'epoch': 49, 'best_score': 0.5921823978424072}]",visda,1,CDANN,logits,12.0,0.9990978837013245,0.9990978837013245,0.6784264445304871,0.6693112254142761,splits_visda_CDANN_1_0_b09dc755c62e.npz,b09dc755c62e,False,False,,,,,,,0.9608061038613934,accuracy_vs_baselines,logits,IW overlap critic | W=2 | seed=0 (plug-in),True,
iw_overlap_critic,2.0,0.0,24387.0,14480.0,6098.0,3620.0,0.9995080354214496,0.0,1.0,1.0941133499145508,0.5,0.5,0.5705632567405701,0.2445169985294342,7309.0,1.0,3657.0,0.0,0.0005399659901547661,0.0005524861878453039,6095.0,3.0,3618.0,2.0,unsupported_critic_region,plugin,False,,6118.095563233841,5594.6254301253975,1.9856406634211432,1.0031633474346124,1.5087020426831501,,,,,,,,,,,,,visda,2,CDANN,logits,12.0,0.9995899200439453,0.9995899200439453,0.7107734680175781,0.7140883803367615,splits_visda_CDANN_2_0_b09dc755c62e.npz,b09dc755c62e,,,,,,,,,,accuracy_vs_baselines,logits,IW overlap critic | W=2 | seed=0 (plug-in),False,
ATC_NE,,,,,,,,,,,,,,,,,,,,,,,,,ok,,,,,,,,,,,,,0.8356508612632751,,,,,,,,entity13,1,DANN,,,0.905846118927002,,0.7318307161331177,,,,False,,,,,,,,0.8356508612632751,accuracy_vs_baselines,logits,ATC (neg. entropy),True,source
ATC_NE,,,,,,,,,,,,,,,,,,,,,,,,,ok,,,,,,,,,,,,,0.8396497964859009,,,,,,,,entity13,1,CDANN,,,0.9096922874450684,,0.7354357838630676,,,,False,,,,,,,,0.8396497964859009,accuracy_vs_baselines,logits,ATC (neg. entropy),True,source
ATC_NE,,,,,,,,,,,,,,,,,,,,,,,,,ok,,,,,,,,,,,,,0.8500000238418579,,,,,,,,entity13,2,DANN,,,0.9129230380058289,,0.8615384697914124,,,,True,,,,,,,,0.8500000238418579,accuracy_vs_baselines,logits,ATC (neg. entropy),True,source
ATC_NE,,,,,,,,,,,,,,,,,,,,,,,,,ok,,,,,,,,,,,,,0.8346154093742371,,,,,,,,entity13,2,CDANN,,,0.9081538319587708,,0.8423076868057251,,,,True,,,,,,,,0.8346154093742371,accuracy_vs_baselines,logits,ATC (neg. entropy),True,source
ATC_NE,,,,,,,,,,,,,,,,,,,,,,,,,ok,,,,,,,,,,,,,0.7576923370361328,,,,,,,,entity13,3,DANN,,,0.907076895236969,,0.6653845906257629,,,,False,,,,,,,,0.7576923370361328,accuracy_vs_baselines,logits,ATC (neg. entropy),True,source
ATC_NE,,,,,,,,,,,,,,,,,,,,,,,,,ok,,,,,,,,,,,,,0.7807692289352417,,,,,,,,entity13,3,CDANN,,,0.9061538577079773,,0.6653845906257629,,,,False,,,,,,,,0.7807692289352417,accuracy_vs_baselines,logits,ATC (neg. entropy),True,source
ATC_NE,,,,,,,,,,,,,,,,,,,,,,,,,ok,,,,,,,,,,,,,0.7190865278244019,,,,,,,,entity30,1,DANN,,,0.8550000190734863,,0.6190800070762634,,,,False,,,,,,,,0.7190865278244019,accuracy_vs_baselines,logits,ATC (neg. entropy),True,source
ATC_NE,,,,,,,,,,,,,,,,,,,,,,,,,ok,,,,,,,,,,,,,0.7274230718612671,,,,,,,,entity30,1,CDANN,,,0.8611666560173035,,0.627903163433075,,,,False,,,,,,,,0.7274230718612671,accuracy_vs_baselines,logits,ATC (neg. entropy),True,source
ATC_NE,,,,,,,,,,,,,,,,,,,,,,,,,ok,,,,,,,,,,,,,0.8458333611488342,,,,,,,,entity30,2,DANN,,,0.8646666407585144,,0.7875000238418579,,,,False,,,,,,,,0.8458333611488342,accuracy_vs_baselines,logits,ATC (neg. entropy),True,source
ATC_NE,,,,,,,,,,,,,,,,,,,,,,,,,ok,,,,,,,,,,,,,0.8208333849906921,,,,,,,,entity30,2,CDANN,,,0.8646666407585144,,0.8125000596046448,,,,False,,,,,,,,0.8208333849906921,accuracy_vs_baselines,logits,ATC (neg. entropy),True,source
ATC_NE,,,,,,,,,,,,,,,,,,,,,,,,,ok,,,,,,,,,,,,,0.6250000596046448,,,,,,,,entity30,3,DANN,,,0.8636666536331177,,0.5708333849906921,,,,False,,,,,,,,0.6250000596046448,accuracy_vs_baselines,logits,ATC (neg. entropy),True,source
ATC_NE,,,,,,,,,,,,,,,,,,,,,,,,,ok,,,,,,,,,,,,,0.6291667222976685,,,,,,,,entity30,3,CDANN,,,0.8573333024978638,,0.5625,,,,False,,,,,,,,0.6291667222976685,accuracy_vs_baselines,logits,ATC (neg. entropy),True,source
ATC_NE,,,,,,,,,,,,,,,,,,,,,,,,,ok,,,,,,,,,,,,,0.8840000629425049,,,,,,,,cifar10,1,DANN,,,0.9508999586105347,,0.8440000414848328,,,,False,,,,,,,,0.8840000629425049,accuracy_vs_baselines,logits,ATC (neg. entropy),True,source
ATC_NE,,,,,,,,,,,,,,,,,,,,,,,,,ok,,,,,,,,,,,,,0.8915000557899475,,,,,,,,cifar10,1,CDANN,,,0.949999988079071,,0.846500039100647,,,,False,,,,,,,,0.8915000557899475,accuracy_vs_baselines,logits,ATC (neg. entropy),True,source
ATC_NE,,,,,,,,,,,,,,,,,,,,,,,,,ok,,,,,,,,,,,,,0.9300000667572021,,,,,,,,cifar10,10,DANN,,,0.9477999806404114,,0.924500048160553,,,,False,,,,,,,,0.9300000667572021,accuracy_vs_baselines,logits,ATC (neg. entropy),True,source
ATC_NE,,,,,,,,,,,,,,,,,,,,,,,,,ok,,,,,,,,,,,,,0.9310000538825989,,,,,,,,cifar10,10,CDANN,,,0.948699951171875,,0.9160000681877136,,,,False,,,,,,,,0.9310000538825989,accuracy_vs_baselines,logits,ATC (neg. entropy),True,source
ATC_NE,,,,,,,,,,,,,,,,,,,,,,,,,ok,,,,,,,,,,,,,0.9270000457763672,,,,,,,,cifar10,71,DANN,,,0.9487999677658081,,0.9305000305175781,,,,True,,,,,,,,0.9270000457763672,accuracy_vs_baselines,logits,ATC (neg. entropy),True,source
ATC_NE,,,,,,,,,,,,,,,,,,,,,,,,,ok,,,,,,,,,,,,,0.9350000619888306,,,,,,,,cifar10,71,CDANN,,,0.9511999487876892,,0.9280000329017639,,,,False,,,,,,,,0.9350000619888306,accuracy_vs_baselines,logits,ATC (neg. entropy),True,source
ATC_NE,,,,,,,,,,,,,,,,,,,,,,,,,ok,,,,,,,,,,,,,0.937000036239624,,,,,,,,cifar10,95,DANN,,,0.9515999555587769,,0.9390000700950623,,,,True,,,,,,,,0.937000036239624,accuracy_vs_baselines,logits,ATC (neg. entropy),True,source
ATC_NE,,,,,,,,,,,,,,,,,,,,,,,,,ok,,,,,,,,,,,,,0.9355000257492065,,,,,,,,cifar10,95,CDANN,,,0.9526000022888184,,0.9355000257492065,,,,True,,,,,,,,0.9355000257492065,accuracy_vs_baselines,logits,ATC (neg. entropy),True,source
ATC_NE,,,,,,,,,,,,,,,,,,,,,,,,,ok,,,,,,,,,,,,,0.7415000200271606,,,,,,,,cifar100,4,DANN,,,0.7841999530792236,,0.7440000176429749,,,,True,,,,,,,,0.7415000200271606,accuracy_vs_baselines,logits,ATC (neg. entropy),True,source
ATC_NE,,,,,,,,,,,,,,,,,,,,,,,,,ok,,,,,,,,,,,,,0.7275000214576721,,,,,,,,cifar100,4,CDANN,,,0.7849999666213989,,0.7275000214576721,,,,True,,,,,,,,0.7275000214576721,accuracy_vs_baselines,logits,ATC (neg. entropy),True,source
ATC_NE,,,,,,,,,,,,,,,,,,,,,,,,,ok,,,,,,,,,,,,,0.7360000610351562,,,,,,,,cifar100,12,DANN,,,0.7831999659538269,,0.7545000314712524,,,,True,,,,,,,,0.7360000610351562,accuracy_vs_baselines,logits,ATC (neg. entropy),True,source
ATC_NE,,,,,,,,,,,,,,,,,,,,,,,,,ok,,,,,,,,,,,,,0.7450000643730164,,,,,,,,cifar100,12,CDANN,,,0.7858999967575073,,0.7480000257492065,,,,True,,,,,,,,0.7450000643730164,accuracy_vs_baselines,logits,ATC (neg. entropy),True,source
ATC_NE,,,,,,,,,,,,,,,,,,,,,,,,,ok,,,,,,,,,,,,,0.7725000381469727,,,,,,,,cifar100,59,DANN,,,0.7841999530792236,,0.7585000395774841,,,,False,,,,,,,,0.7725000381469727,accuracy_vs_baselines,logits,ATC (neg. entropy),True,source
ATC_NE,,,,,,,,,,,,,,,,,,,,,,,,,ok,,,,,,,,,,,,,0.7715000510215759,,,,,,,,cifar100,59,CDANN,,,0.7870000004768372,,0.7580000162124634,,,,False,,,,,,,,0.7715000510215759,accuracy_vs_baselines,logits,ATC (neg. entropy),True,source
ATC_NE,,,,,,,,,,,,,,,,,,,,,,,,,ok,,,,,,,,,,,,,0.7875000238418579,,,,,,,,cifar100,82,DANN,,,0.7861999869346619,,0.7695000171661377,,,,False,,,,,,,,0.7875000238418579,accuracy_vs_baselines,logits,ATC (neg. entropy),True,source
ATC_NE,,,,,,,,,,,,,,,,,,,,,,,,,ok,,,,,,,,,,,,,0.7695000171661377,,,,,,,,cifar100,82,CDANN,,,0.7872999906539917,,0.7635000348091125,,,,False,,,,,,,,0.7695000171661377,accuracy_vs_baselines,logits,ATC (neg. entropy),True,source
ATC_NE,,,,,,,,,,,,,,,,,,,,,,,,,ok,,,,,,,,,,,,,0.5667003393173218,,,,,,,,domainnet,1,DANN,,,0.8072605729103088,,0.465893030166626,,,,False,,,,,,,,0.5667003393173218,accuracy_vs_baselines,logits,ATC (neg. entropy),True,source
ATC_NE,,,,,,,,,,,,,,,,,,,,,,,,,ok,,,,,,,,,,,,,0.554793119430542,,,,,,,,domainnet,1,CDANN,,,0.8055910468101501,,0.5121089816093445,,,,False,,,,,,,,0.554793119430542,accuracy_vs_baselines,logits,ATC (neg. entropy),True,source
ATC_NE,,,,,,,,,,,,,,,,,,,,,,,,,ok,,,,,,,,,,,,,0.5351587533950806,,,,,,,,domainnet,2,DANN,,,0.8101378083229065,,0.38572534918785095,,,,False,,,,,,,,0.5351587533950806,accuracy_vs_baselines,logits,ATC (neg. entropy),True,source
ATC_NE,,,,,,,,,,,,,,,,,,,,,,,,,ok,,,,,,,,,,,,,0.5218554139137268,,,,,,,,domainnet,2,CDANN,,,0.8071539998054504,,0.42063772678375244,,,,False,,,,,,,,0.5218554139137268,accuracy_vs_baselines,logits,ATC (neg. entropy),True,source
ATC_NE,,,,,,,,,,,,,,,,,,,,,,,,,ok,,,,,,,,,,,,,0.5590716004371643,,,,,,,,domainnet,3,DANN,,,0.8096050024032593,,0.4719189405441284,,,,False,,,,,,,,0.5590716004371643,accuracy_vs_baselines,logits,ATC (neg. entropy),True,source
ATC_NE,,,,,,,,,,,,,,,,,,,,,,,,,ok,,,,,,,,,,,,,0.5656096935272217,,,,,,,,domainnet,3,CDANN,,,0.8074381947517395,,0.49369075894355774,,,,False,,,,,,,,0.5656096935272217,accuracy_vs_baselines,logits,ATC (neg. entropy),True,source
ATC_NE,,,,,,,,,,,,,,,,,,,,,,,,,ok,,,,,,,,,,,,,0.812358021736145,,,,,,,,living17,1,DANN,,,0.8994117379188538,,0.6758291721343994,,,,False,,,,,,,,0.812358021736145,accuracy_vs_baselines,logits,ATC (neg. entropy),True,source
ATC_NE,,,,,,,,,,,,,,,,,,,,,,,,,ok,,,,,,,,,,,,,0.8137210607528687,,,,,,,,living17,1,CDANN,,,0.9052940607070923,,0.6863925457000732,,,,False,,,,,,,,0.8137210607528687,accuracy_vs_baselines,logits,ATC (neg. entropy),True,source
ATC_NE,,,,,,,,,,,,,,,,,,,,,,,,,ok,,,,,,,,,,,,,0.8529411554336548,,,,,,,,living17,2,DANN,,,0.9094117283821106,,0.8970588445663452,,,,True,,,,,,,,0.8529411554336548,accuracy_vs_baselines,logits,ATC (neg. entropy),True,source
ATC_NE,,,,,,,,,,,,,,,,,,,,,,,,,ok,,,,,,,,,,,,,0.8970588445663452,,,,,,,,living17,2,CDANN,,,0.9094117283821106,,0.8676470518112183,,,,False,,,,,,,,0.8970588445663452,accuracy_vs_baselines,logits,ATC (neg. entropy),True,source
ATC_NE,,,,,,,,,,,,,,,,,,,,,,,,,ok,,,,,,,,,,,,,0.8382353186607361,,,,,,,,living17,3,DANN,,,0.9052940607070923,,0.5882353186607361,,,,False,,,,,,,,0.8382353186607361,accuracy_vs_baselines,logits,ATC (neg. entropy),True,source
ATC_NE,,,,,,,,,,,,,,,,,,,,,,,,,ok,,,,,,,,,,,,,0.7352941036224365,,,,,,,,living17,3,CDANN,,,0.9052940607070923,,0.5588235259056091,,,,False,,,,,,,,0.7352941036224365,accuracy_vs_baselines,logits,ATC (neg. entropy),True,source
ATC_NE,,,,,,,,,,,,,,,,,,,,,,,,,ok,,,,,,,,,,,,,0.6881493330001831,,,,,,,,nonliving26,1,DANN,,,0.8126922845840454,,0.5122722387313843,,,,False,,,,,,,,0.6881493330001831,accuracy_vs_baselines,logits,ATC (neg. entropy),True,source
ATC_NE,,,,,,,,,,,,,,,,,,,,,,,,,ok,,,,,,,,,,,,,0.7080258727073669,,,,,,,,nonliving26,1,CDANN,,,0.8176922798156738,,0.5332028269767761,,,,False,,,,,,,,0.7080258727073669,accuracy_vs_baselines,logits,ATC (neg. entropy),True,source
ATC_NE,,,,,,,,,,,,,,,,,,,,,,,,,ok,,,,,,,,,,,,,0.817307710647583,,,,,,,,nonliving26,2,DANN,,,0.8176922798156738,,0.75,,,,False,,,,,,,,0.817307710647583,accuracy_vs_baselines,logits,ATC (neg. entropy),True,source
ATC_NE,,,,,,,,,,,,,,,,,,,,,,,,,ok,,,,,,,,,,,,,0.759615421295166,,,,,,,,nonliving26,2,CDANN,,,0.8165384531021118,,0.7692307829856873,,,,True,,,,,,,,0.759615421295166,accuracy_vs_baselines,logits,ATC (neg. entropy),True,source
ATC_NE,,,,,,,,,,,,,,,,,,,,,,,,,ok,,,,,,,,,,,,,0.634615421295166,,,,,,,,nonliving26,3,DANN,,,0.8146153688430786,,0.4038461744785309,,,,False,,,,,,,,0.634615421295166,accuracy_vs_baselines,logits,ATC (neg. entropy),True,source
ATC_NE,,,,,,,,,,,,,,,,,,,,,,,,,ok,,,,,,,,,,,,,0.567307710647583,,,,,,,,nonliving26,3,CDANN,,,0.822692334651947,,0.4038461744785309,,,,False,,,,,,,,0.567307710647583,accuracy_vs_baselines,logits,ATC (neg. entropy),True,source
ATC_NE,,,,,,,,,,,,,,,,,,,,,,,,,ok,,,,,,,,,,,,,0.6295409202575684,,,,,,,,fmow,1,DANN,,,0.6519370079040527,,0.6103222370147705,,,,False,,,,,,,,0.6295409202575684,accuracy_vs_baselines,logits,ATC (neg. entropy),True,source
ATC_NE,,,,,,,,,,,,,,,,,,,,,,,,,ok,,,,,,,,,,,,,0.6359566450119019,,,,,,,,fmow,1,CDANN,,,0.6558535695075989,,0.605617344379425,,,,False,,,,,,,,0.6359566450119019,accuracy_vs_baselines,logits,ATC (neg. entropy),True,source
ATC_NE,,,,,,,,,,,,,,,,,,,,,,,,,ok,,,,,,,,,,,,,0.5853714346885681,,,,,,,,fmow,2,DANN,,,0.6504895687103271,,0.5482756495475769,,,,False,,,,,,,,0.5853714346885681,accuracy_vs_baselines,logits,ATC (neg. entropy),True,source
ATC_NE,,,,,,,,,,,,,,,,,,,,,,,,,ok,,,,,,,,,,,,,0.5780546069145203,,,,,,,,fmow,2,CDANN,,,0.6548318862915039,,0.5420845150947571,,,,False,,,,,,,,0.5780546069145203,accuracy_vs_baselines,logits,ATC (neg. entropy),True,source
ATC_NE,,,,,,,,,,,,,,,,,,,,,,,,,ok,,,,,,,,,,,,,0.6781737208366394,,,,,,,,officehome,1,DANN,,,0.922024667263031,,0.7193763852119446,,,,True,,,,,,,,0.6781737208366394,accuracy_vs_baselines,logits,ATC (neg. entropy),True,source
ATC_NE,,,,,,,,,,,,,,,,,,,,,,,,,ok,,,,,,,,,,,,,0.7828508019447327,,,,,,,,officehome,1,CDANN,,,0.9138167500495911,,0.730512261390686,,,,False,,,,,,,,0.7828508019447327,accuracy_vs_baselines,logits,ATC (neg. entropy),True,source
ATC_NE,,,,,,,,,,,,,,,,,,,,,,,,,ok,,,,,,,,,,,,,0.6024636030197144,,,,,,,,officehome,2,DANN,,,0.915184736251831,,0.44904816150665283,,,,False,,,,,,,,0.6024636030197144,accuracy_vs_baselines,logits,ATC (neg. entropy),True,source
ATC_NE,,,,,,,,,,,,,,,,,,,,,,,,,ok,,,,,,,,,,,,,0.650615930557251,,,,,,,,officehome,2,CDANN,,,0.9015048146247864,,0.4501679837703705,,,,False,,,,,,,,0.650615930557251,accuracy_vs_baselines,logits,ATC (neg. entropy),True,source
ATC_NE,,,,,,,,,,,,,,,,,,,,,,,,,ok,,,,,,,,,,,,,0.5384615659713745,,,,,,,,officehome,3,DANN,,,0.9056087732315063,,0.5364891290664673,,,,False,,,,,,,,0.5384615659713745,accuracy_vs_baselines,logits,ATC (neg. entropy),True,source
ATC_NE,,,,,,,,,,,,,,,,,,,,,,,,,ok,,,,,,,,,,,,,0.7199211120605469,,,,,,,,officehome,3,CDANN,,,0.9138167500495911,,0.5364891290664673,,,,False,,,,,,,,0.7199211120605469,accuracy_vs_baselines,logits,ATC (neg. entropy),True,source
ATC_NE,,,,,,,,,,,,,,,,,,,,,,,,,ok,,,,,,,,,,,,,0.9158170223236084,,,,,,,,visda,1,DANN,,,0.9995489120483398,,0.6463051438331604,,,,False,,,,,,,,0.9158170223236084,accuracy_vs_baselines,logits,ATC (neg. entropy),True,source
ATC_NE,,,,,,,,,,,,,,,,,,,,,,,,,ok,,,,,,,,,,,,,0.9621943235397339,,,,,,,,visda,1,CDANN,,,0.9990978837013245,,0.6784264445304871,,,,False,,,,,,,,0.9621943235397339,accuracy_vs_baselines,logits,ATC (neg. entropy),True,source
ATC_NE,,,,,,,,,,,,,,,,,,,,,,,,,ok,,,,,,,,,,,,,0.9194750785827637,,,,,,,,visda,2,DANN,,,0.9997539520263672,,0.6546961069107056,,,,False,,,,,,,,0.9194750785827637,accuracy_vs_baselines,logits,ATC (neg. entropy),True,source
ATC_NE,,,,,,,,,,,,,,,,,,,,,,,,,ok,,,,,,,,,,,,,0.9590469002723694,,,,,,,,visda,2,CDANN,,,0.9995899200439453,,0.7107734680175781,,,,False,,,,,,,,0.9590469002723694,accuracy_vs_baselines,logits,ATC (neg. entropy),True,source
COT,,,,,,,,,,,,,,,,,,,,,,,,,ok,,,,,,,,,,,,,0.8457530587911606,,,,,,,,entity13,1,DANN,,,0.905846118927002,,0.7318307161331177,,,,False,,,,,,,,0.8457530587911606,accuracy_vs_baselines,logits,COT,True,source
COT,,,,,,,,,,,,,,,,,,,,,,,,,ok,,,,,,,,,,,,,0.849034920334816,,,,,,,,entity13,1,CDANN,,,0.9096922874450684,,0.7354357838630676,,,,False,,,,,,,,0.849034920334816,accuracy_vs_baselines,logits,COT,True,source
COT,,,,,,,,,,,,,,,,,,,,,,,,,ok,,,,,,,,,,,,,0.8657007962465286,,,,,,,,entity13,2,DANN,,,0.9129230380058289,,0.8615384697914124,,,,False,,,,,,,,0.8657007962465286,accuracy_vs_baselines,logits,COT,True,source
COT,,,,,,,,,,,,,,,,,,,,,,,,,ok,,,,,,,,,,,,,0.8572807461023331,,,,,,,,entity13,2,CDANN,,,0.9081538319587708,,0.8423076868057251,,,,False,,,,,,,,0.8572807461023331,accuracy_vs_baselines,logits,COT,True,source
COT,,,,,,,,,,,,,,,,,,,,,,,,,ok,,,,,,,,,,,,,0.7781572788953781,,,,,,,,entity13,3,DANN,,,0.907076895236969,,0.6653845906257629,,,,False,,,,,,,,0.7781572788953781,accuracy_vs_baselines,logits,COT,True,source
COT,,,,,,,,,,,,,,,,,,,,,,,,,ok,,,,,,,,,,,,,0.7745655030012131,,,,,,,,entity13,3,CDANN,,,0.9061538577079773,,0.6653845906257629,,,,False,,,,,,,,0.7745655030012131,accuracy_vs_baselines,logits,COT,True,source
COT,,,,,,,,,,,,,,,,,,,,,,,,,ok,,,,,,,,,,,,,0.7502671778202057,,,,,,,,entity30,1,DANN,,,0.8550000190734863,,0.6190800070762634,,,,False,,,,,,,,0.7502671778202057,accuracy_vs_baselines,logits,COT,True,source
COT,,,,,,,,,,,,,,,,,,,,,,,,,ok,,,,,,,,,,,,,0.7584314197301865,,,,,,,,entity30,1,CDANN,,,0.8611666560173035,,0.627903163433075,,,,False,,,,,,,,0.7584314197301865,accuracy_vs_baselines,logits,COT,True,source
COT,,,,,,,,,,,,,,,,,,,,,,,,,ok,,,,,,,,,,,,,0.8102302551269531,,,,,,,,entity30,2,DANN,,,0.8646666407585144,,0.7875000238418579,,,,False,,,,,,,,0.8102302551269531,accuracy_vs_baselines,logits,COT,True,source
COT,,,,,,,,,,,,,,,,,,,,,,,,,ok,,,,,,,,,,,,,0.7997441440820694,,,,,,,,entity30,2,CDANN,,,0.8646666407585144,,0.8125000596046448,,,,True,,,,,,,,0.7997441440820694,accuracy_vs_baselines,logits,COT,True,source
COT,,,,,,,,,,,,,,,,,,,,,,,,,ok,,,,,,,,,,,,,0.6815812289714813,,,,,,,,entity30,3,DANN,,,0.8636666536331177,,0.5708333849906921,,,,False,,,,,,,,0.6815812289714813,accuracy_vs_baselines,logits,COT,True,source
COT,,,,,,,,,,,,,,,,,,,,,,,,,ok,,,,,,,,,,,,,0.678135871887207,,,,,,,,entity30,3,CDANN,,,0.8573333024978638,,0.5625,,,,False,,,,,,,,0.678135871887207,accuracy_vs_baselines,logits,COT,True,source
COT,,,,,,,,,,,,,,,,,,,,,,,,,ok,,,,,,,,,,,,,0.8971987366676331,,,,,,,,cifar10,1,DANN,,,0.9508999586105347,,0.8440000414848328,,,,False,,,,,,,,0.8971987366676331,accuracy_vs_baselines,logits,COT,True,source
COT,,,,,,,,,,,,,,,,,,,,,,,,,ok,,,,,,,,,,,,,0.9022126644849777,,,,,,,,cifar10,1,CDANN,,,0.949999988079071,,0.846500039100647,,,,False,,,,,,,,0.9022126644849777,accuracy_vs_baselines,logits,COT,True,source
COT,,,,,,,,,,,,,,,,,,,,,,,,,ok,,,,,,,,,,,,,0.928566962480545,,,,,,,,cifar10,10,DANN,,,0.9477999806404114,,0.924500048160553,,,,False,,,,,,,,0.928566962480545,accuracy_vs_baselines,logits,COT,True,source
COT,,,,,,,,,,,,,,,,,,,,,,,,,ok,,,,,,,,,,,,,0.9316814094781876,,,,,,,,cifar10,10,CDANN,,,0.948699951171875,,0.9160000681877136,,,,False,,,,,,,,0.9316814094781876,accuracy_vs_baselines,logits,COT,True,source
COT,,,,,,,,,,,,,,,,,,,,,,,,,ok,,,,,,,,,,,,,0.9315022751688957,,,,,,,,cifar10,71,DANN,,,0.9487999677658081,,0.9305000305175781,,,,False,,,,,,,,0.9315022751688957,accuracy_vs_baselines,logits,COT,True,source
COT,,,,,,,,,,,,,,,,,,,,,,,,,ok,,,,,,,,,,,,,0.9353813529014587,,,,,,,,cifar10,71,CDANN,,,0.9511999487876892,,0.9280000329017639,,,,False,,,,,,,,0.9353813529014587,accuracy_vs_baselines,logits,COT,True,source
COT,,,,,,,,,,,,,,,,,,,,,,,,,ok,,,,,,,,,,,,,0.9379625841975212,,,,,,,,cifar10,95,DANN,,,0.9515999555587769,,0.9390000700950623,,,,True,,,,,,,,0.9379625841975212,accuracy_vs_baselines,logits,COT,True,source
COT,,,,,,,,,,,,,,,,,,,,,,,,,ok,,,,,,,,,,,,,0.9393546544015408,,,,,,,,cifar10,95,CDANN,,,0.9526000022888184,,0.9355000257492065,,,,False,,,,,,,,0.9393546544015408,accuracy_vs_baselines,logits,COT,True,source
COT,,,,,,,,,,,,,,,,,,,,,,,,,ok,,,,,,,,,,,,,0.7440143674612045,,,,,,,,cifar100,4,DANN,,,0.7841999530792236,,0.7440000176429749,,,,False,,,,,,,,0.7440143674612045,accuracy_vs_baselines,logits,COT,True,source
COT,,,,,,,,,,,,,,,,,,,,,,,,,ok,,,,,,,,,,,,,0.7362255454063416,,,,,,,,cifar100,4,CDANN,,,0.7849999666213989,,0.7275000214576721,,,,False,,,,,,,,0.7362255454063416,accuracy_vs_baselines,logits,COT,True,source
COT,,,,,,,,,,,,,,,,,,,,,,,,,ok,,,,,,,,,,,,,0.7483654916286469,,,,,,,,cifar100,12,DANN,,,0.7831999659538269,,0.7545000314712524,,,,True,,,,,,,,0.7483654916286469,accuracy_vs_baselines,logits,COT,True,source
COT,,,,,,,,,,,,,,,,,,,,,,,,,ok,,,,,,,,,,,,,0.7460141032934189,,,,,,,,cifar100,12,CDANN,,,0.7858999967575073,,0.7480000257492065,,,,True,,,,,,,,0.7460141032934189,accuracy_vs_baselines,logits,COT,True,source
COT,,,,,,,,,,,,,,,,,,,,,,,,,ok,,,,,,,,,,,,,0.7607854902744293,,,,,,,,cifar100,59,DANN,,,0.7841999530792236,,0.7585000395774841,,,,False,,,,,,,,0.7607854902744293,accuracy_vs_baselines,logits,COT,True,source
COT,,,,,,,,,,,,,,,,,,,,,,,,,ok,,,,,,,,,,,,,0.7628058344125748,,,,,,,,cifar100,59,CDANN,,,0.7870000004768372,,0.7580000162124634,,,,False,,,,,,,,0.7628058344125748,accuracy_vs_baselines,logits,COT,True,source
COT,,,,,,,,,,,,,,,,,,,,,,,,,ok,,,,,,,,,,,,,0.7697943300008774,,,,,,,,cifar100,82,DANN,,,0.7861999869346619,,0.7695000171661377,,,,False,,,,,,,,0.7697943300008774,accuracy_vs_baselines,logits,COT,True,source
COT,,,,,,,,,,,,,,,,,,,,,,,,,ok,,,,,,,,,,,,,0.7632937282323837,,,,,,,,cifar100,82,CDANN,,,0.7872999906539917,,0.7635000348091125,,,,True,,,,,,,,0.7632937282323837,accuracy_vs_baselines,logits,COT,True,source
COT,,,,,,,,,,,,,,,,,,,,,,,,,ok,,,,,,,,,,,,,0.5916633903980255,,,,,,,,domainnet,1,DANN,,,0.8072605729103088,,0.465893030166626,,,,False,,,,,,,,0.5916633903980255,accuracy_vs_baselines,logits,COT,True,source
COT,,,,,,,,,,,,,,,,,,,,,,,,,ok,,,,,,,,,,,,,0.5687690079212189,,,,,,,,domainnet,1,CDANN,,,0.8055910468101501,,0.5121089816093445,,,,False,,,,,,,,0.5687690079212189,accuracy_vs_baselines,logits,COT,True,source
COT,,,,,,,,,,,,,,,,,,,,,,,,,ok,,,,,,,,,,,,,0.5711907744407654,,,,,,,,domainnet,2,DANN,,,0.8101378083229065,,0.38572534918785095,,,,False,,,,,,,,0.5711907744407654,accuracy_vs_baselines,logits,COT,True,source
COT,,,,,,,,,,,,,,,,,,,,,,,,,ok,,,,,,,,,,,,,0.5693548321723938,,,,,,,,domainnet,2,CDANN,,,0.8071539998054504,,0.42063772678375244,,,,False,,,,,,,,0.5693548321723938,accuracy_vs_baselines,logits,COT,True,source
COT,,,,,,,,,,,,,,,,,,,,,,,,,ok,,,,,,,,,,,,,0.5772541165351868,,,,,,,,domainnet,3,DANN,,,0.8096050024032593,,0.4719189405441284,,,,False,,,,,,,,0.5772541165351868,accuracy_vs_baselines,logits,COT,True,source
COT,,,,,,,,,,,,,,,,,,,,,,,,,ok,,,,,,,,,,,,,0.5586770176887512,,,,,,,,domainnet,3,CDANN,,,0.8074381947517395,,0.49369075894355774,,,,False,,,,,,,,0.5586770176887512,accuracy_vs_baselines,logits,COT,True,source
COT,,,,,,,,,,,,,,,,,,,,,,,,,ok,,,,,,,,,,,,,0.8086117506027222,,,,,,,,living17,1,DANN,,,0.8994117379188538,,0.6758291721343994,,,,False,,,,,,,,0.8086117506027222,accuracy_vs_baselines,logits,COT,True,source
COT,,,,,,,,,,,,,,,,,,,,,,,,,ok,,,,,,,,,,,,,0.8140603303909302,,,,,,,,living17,1,CDANN,,,0.9052940607070923,,0.6863925457000732,,,,False,,,,,,,,0.8140603303909302,accuracy_vs_baselines,logits,COT,True,source
COT,,,,,,,,,,,,,,,,,,,,,,,,,ok,,,,,,,,,,,,,0.8443180173635483,,,,,,,,living17,2,DANN,,,0.9094117283821106,,0.8970588445663452,,,,True,,,,,,,,0.8443180173635483,accuracy_vs_baselines,logits,COT,True,source
COT,,,,,,,,,,,,,,,,,,,,,,,,,ok,,,,,,,,,,,,,0.8515582531690598,,,,,,,,living17,2,CDANN,,,0.9094117283821106,,0.8676470518112183,,,,True,,,,,,,,0.8515582531690598,accuracy_vs_baselines,logits,COT,True,source
COT,,,,,,,,,,,,,,,,,,,,,,,,,ok,,,,,,,,,,,,,0.7643461376428604,,,,,,,,living17,3,DANN,,,0.9052940607070923,,0.5882353186607361,,,,False,,,,,,,,0.7643461376428604,accuracy_vs_baselines,logits,COT,True,source
COT,,,,,,,,,,,,,,,,,,,,,,,,,ok,,,,,,,,,,,,,0.7096796035766602,,,,,,,,living17,3,CDANN,,,0.9052940607070923,,0.5588235259056091,,,,False,,,,,,,,0.7096796035766602,accuracy_vs_baselines,logits,COT,True,source
COT,,,,,,,,,,,,,,,,,,,,,,,,,ok,,,,,,,,,,,,,0.7064311802387238,,,,,,,,nonliving26,1,DANN,,,0.8126922845840454,,0.5122722387313843,,,,False,,,,,,,,0.7064311802387238,accuracy_vs_baselines,logits,COT,True,source
COT,,,,,,,,,,,,,,,,,,,,,,,,,ok,,,,,,,,,,,,,0.7141033113002777,,,,,,,,nonliving26,1,CDANN,,,0.8176922798156738,,0.5332028269767761,,,,False,,,,,,,,0.7141033113002777,accuracy_vs_baselines,logits,COT,True,source
COT,,,,,,,,,,,,,,,,,,,,,,,,,ok,,,,,,,,,,,,,0.775517612695694,,,,,,,,nonliving26,2,DANN,,,0.8176922798156738,,0.75,,,,False,,,,,,,,0.775517612695694,accuracy_vs_baselines,logits,COT,True,source
COT,,,,,,,,,,,,,,,,,,,,,,,,,ok,,,,,,,,,,,,,0.7636855840682983,,,,,,,,nonliving26,2,CDANN,,,0.8165384531021118,,0.7692307829856873,,,,True,,,,,,,,0.7636855840682983,accuracy_vs_baselines,logits,COT,True,source
COT,,,,,,,,,,,,,,,,,,,,,,,,,ok,,,,,,,,,,,,,0.6083236336708069,,,,,,,,nonliving26,3,DANN,,,0.8146153688430786,,0.4038461744785309,,,,False,,,,,,,,0.6083236336708069,accuracy_vs_baselines,logits,COT,True,source
COT,,,,,,,,,,,,,,,,,,,,,,,,,ok,,,,,,,,,,,,,0.5844596922397614,,,,,,,,nonliving26,3,CDANN,,,0.822692334651947,,0.4038461744785309,,,,False,,,,,,,,0.5844596922397614,accuracy_vs_baselines,logits,COT,True,source
COT,,,,,,,,,,,,,,,,,,,,,,,,,ok,,,,,,,,,,,,,0.6090847253799438,,,,,,,,fmow,1,DANN,,,0.6519370079040527,,0.6103222370147705,,,,True,,,,,,,,0.6090847253799438,accuracy_vs_baselines,logits,COT,True,source
COT,,,,,,,,,,,,,,,,,,,,,,,,,ok,,,,,,,,,,,,,0.615029364824295,,,,,,,,fmow,1,CDANN,,,0.6558535695075989,,0.605617344379425,,,,False,,,,,,,,0.615029364824295,accuracy_vs_baselines,logits,COT,True,source
COT,,,,,,,,,,,,,,,,,,,,,,,,,ok,,,,,,,,,,,,,0.5865478813648224,,,,,,,,fmow,2,DANN,,,0.6504895687103271,,0.5482756495475769,,,,False,,,,,,,,0.5865478813648224,accuracy_vs_baselines,logits,COT,True,source
COT,,,,,,,,,,,,,,,,,,,,,,,,,ok,,,,,,,,,,,,,0.5879568159580231,,,,,,,,fmow,2,CDANN,,,0.6548318862915039,,0.5420845150947571,,,,False,,,,,,,,0.5879568159580231,accuracy_vs_baselines,logits,COT,True,source
COT,,,,,,,,,,,,,,,,,,,,,,,,,ok,,,,,,,,,,,,,0.7124415636062622,,,,,,,,officehome,1,DANN,,,0.922024667263031,,0.7193763852119446,,,,True,,,,,,,,0.7124415636062622,accuracy_vs_baselines,logits,COT,True,source
COT,,,,,,,,,,,,,,,,,,,,,,,,,ok,,,,,,,,,,,,,0.7489647269248962,,,,,,,,officehome,1,CDANN,,,0.9138167500495911,,0.730512261390686,,,,False,,,,,,,,0.7489647269248962,accuracy_vs_baselines,logits,COT,True,source
COT,,,,,,,,,,,,,,,,,,,,,,,,,ok,,,,,,,,,,,,,0.6288007497787476,,,,,,,,officehome,2,DANN,,,0.915184736251831,,0.44904816150665283,,,,False,,,,,,,,0.6288007497787476,accuracy_vs_baselines,logits,COT,True,source
COT,,,,,,,,,,,,,,,,,,,,,,,,,ok,,,,,,,,,,,,,0.6749982237815857,,,,,,,,officehome,2,CDANN,,,0.9015048146247864,,0.4501679837703705,,,,False,,,,,,,,0.6749982237815857,accuracy_vs_baselines,logits,COT,True,source
COT,,,,,,,,,,,,,,,,,,,,,,,,,ok,,,,,,,,,,,,,0.5808297693729401,,,,,,,,officehome,3,DANN,,,0.9056087732315063,,0.5364891290664673,,,,False,,,,,,,,0.5808297693729401,accuracy_vs_baselines,logits,COT,True,source
COT,,,,,,,,,,,,,,,,,,,,,,,,,ok,,,,,,,,,,,,,0.6355733871459961,,,,,,,,officehome,3,CDANN,,,0.9138167500495911,,0.5364891290664673,,,,False,,,,,,,,0.6355733871459961,accuracy_vs_baselines,logits,COT,True,source
COT,,,,,,,,,,,,,,,,,,,,,,,,,ok,,,,,,,,,,,,,0.9049544483423233,,,,,,,,visda,1,DANN,,,0.9995489120483398,,0.6463051438331604,,,,False,,,,,,,,0.9049544483423233,accuracy_vs_baselines,logits,COT,True,source
COT,,,,,,,,,,,,,,,,,,,,,,,,,ok,,,,,,,,,,,,,0.8659456670284271,,,,,,,,visda,1,CDANN,,,0.9990978837013245,,0.6784264445304871,,,,False,,,,,,,,0.8659456670284271,accuracy_vs_baselines,logits,COT,True,source
COT,,,,,,,,,,,,,,,,,,,,,,,,,ok,,,,,,,,,,,,,0.9015089049935341,,,,,,,,visda,2,DANN,,,0.9997539520263672,,0.6546961069107056,,,,False,,,,,,,,0.9015089049935341,accuracy_vs_baselines,logits,COT,True,source
COT,,,,,,,,,,,,,,,,,,,,,,,,,ok,,,,,,,,,,,,,0.9018256813287735,,,,,,,,visda,2,CDANN,,,0.9995899200439453,,0.7107734680175781,,,,False,,,,,,,,0.9018256813287735,accuracy_vs_baselines,logits,COT,True,source
AC,,,,,,,,,,,,,,,,,,,,,,,,,ok,,,,,,,,,,,,,0.8525711297988892,,,,,,,,entity13,1,DANN,,,0.905846118927002,,0.7318307161331177,,,,False,,,,,,,,0.8525711297988892,accuracy_vs_baselines,logits,AC,True,source
AC,,,,,,,,,,,,,,,,,,,,,,,,,ok,,,,,,,,,,,,,0.8573216795921326,,,,,,,,entity13,1,CDANN,,,0.9096922874450684,,0.7354357838630676,,,,False,,,,,,,,0.8573216795921326,accuracy_vs_baselines,logits,AC,True,source
AC,,,,,,,,,,,,,,,,,,,,,,,,,ok,,,,,,,,,,,,,0.8737786412239075,,,,,,,,entity13,2,DANN,,,0.9129230380058289,,0.8615384697914124,,,,False,,,,,,,,0.8737786412239075,accuracy_vs_baselines,logits,AC,True,source
AC,,,,,,,,,,,,,,,,,,,,,,,,,ok,,,,,,,,,,,,,0.8710755705833435,,,,,,,,entity13,2,CDANN,,,0.9081538319587708,,0.8423076868057251,,,,False,,,,,,,,0.8710755705833435,accuracy_vs_baselines,logits,AC,True,source
AC,,,,,,,,,,,,,,,,,,,,,,,,,ok,,,,,,,,,,,,,0.7902470231056213,,,,,,,,entity13,3,DANN,,,0.907076895236969,,0.6653845906257629,,,,False,,,,,,,,0.7902470231056213,accuracy_vs_baselines,logits,AC,True,source
AC,,,,,,,,,,,,,,,,,,,,,,,,,ok,,,,,,,,,,,,,0.7894497513771057,,,,,,,,entity13,3,CDANN,,,0.9061538577079773,,0.6653845906257629,,,,False,,,,,,,,0.7894497513771057,accuracy_vs_baselines,logits,AC,True,source
AC,,,,,,,,,,,,,,,,,,,,,,,,,ok,,,,,,,,,,,,,0.7632530331611633,,,,,,,,entity30,1,DANN,,,0.8550000190734863,,0.6190800070762634,,,,False,,,,,,,,0.7632530331611633,accuracy_vs_baselines,logits,AC,True,source
AC,,,,,,,,,,,,,,,,,,,,,,,,,ok,,,,,,,,,,,,,0.7715016603469849,,,,,,,,entity30,1,CDANN,,,0.8611666560173035,,0.627903163433075,,,,False,,,,,,,,0.7715016603469849,accuracy_vs_baselines,logits,AC,True,source
AC,,,,,,,,,,,,,,,,,,,,,,,,,ok,,,,,,,,,,,,,0.8449029922485352,,,,,,,,entity30,2,DANN,,,0.8646666407585144,,0.7875000238418579,,,,False,,,,,,,,0.8449029922485352,accuracy_vs_baselines,logits,AC,True,source
AC,,,,,,,,,,,,,,,,,,,,,,,,,ok,,,,,,,,,,,,,0.8281901478767395,,,,,,,,entity30,2,CDANN,,,0.8646666407585144,,0.8125000596046448,,,,False,,,,,,,,0.8281901478767395,accuracy_vs_baselines,logits,AC,True,source
AC,,,,,,,,,,,,,,,,,,,,,,,,,ok,,,,,,,,,,,,,0.6983610987663269,,,,,,,,entity30,3,DANN,,,0.8636666536331177,,0.5708333849906921,,,,False,,,,,,,,0.6983610987663269,accuracy_vs_baselines,logits,AC,True,source
AC,,,,,,,,,,,,,,,,,,,,,,,,,ok,,,,,,,,,,,,,0.7034960985183716,,,,,,,,entity30,3,CDANN,,,0.8573333024978638,,0.5625,,,,False,,,,,,,,0.7034960985183716,accuracy_vs_baselines,logits,AC,True,source
AC,,,,,,,,,,,,,,,,,,,,,,,,,ok,,,,,,,,,,,,,0.9008032083511353,,,,,,,,cifar10,1,DANN,,,0.9508999586105347,,0.8440000414848328,,,,False,,,,,,,,0.9008032083511353,accuracy_vs_baselines,logits,AC,True,source
AC,,,,,,,,,,,,,,,,,,,,,,,,,ok,,,,,,,,,,,,,0.9067832231521606,,,,,,,,cifar10,1,CDANN,,,0.949999988079071,,0.846500039100647,,,,False,,,,,,,,0.9067832231521606,accuracy_vs_baselines,logits,AC,True,source
AC,,,,,,,,,,,,,,,,,,,,,,,,,ok,,,,,,,,,,,,,0.9305946230888367,,,,,,,,cifar10,10,DANN,,,0.9477999806404114,,0.924500048160553,,,,False,,,,,,,,0.9305946230888367,accuracy_vs_baselines,logits,AC,True,source
AC,,,,,,,,,,,,,,,,,,,,,,,,,ok,,,,,,,,,,,,,0.9337896108627319,,,,,,,,cifar10,10,CDANN,,,0.948699951171875,,0.9160000681877136,,,,False,,,,,,,,0.9337896108627319,accuracy_vs_baselines,logits,AC,True,source
AC,,,,,,,,,,,,,,,,,,,,,,,,,ok,,,,,,,,,,,,,0.9347382187843323,,,,,,,,cifar10,71,DANN,,,0.9487999677658081,,0.9305000305175781,,,,False,,,,,,,,0.9347382187843323,accuracy_vs_baselines,logits,AC,True,source
AC,,,,,,,,,,,,,,,,,,,,,,,,,ok,,,,,,,,,,,,,0.9355620741844177,,,,,,,,cifar10,71,CDANN,,,0.9511999487876892,,0.9280000329017639,,,,False,,,,,,,,0.9355620741844177,accuracy_vs_baselines,logits,AC,True,source
AC,,,,,,,,,,,,,,,,,,,,,,,,,ok,,,,,,,,,,,,,0.936783492565155,,,,,,,,cifar10,95,DANN,,,0.9515999555587769,,0.9390000700950623,,,,True,,,,,,,,0.936783492565155,accuracy_vs_baselines,logits,AC,True,source
AC,,,,,,,,,,,,,,,,,,,,,,,,,ok,,,,,,,,,,,,,0.9392420053482056,,,,,,,,cifar10,95,CDANN,,,0.9526000022888184,,0.9355000257492065,,,,False,,,,,,,,0.9392420053482056,accuracy_vs_baselines,logits,AC,True,source
AC,,,,,,,,,,,,,,,,,,,,,,,,,ok,,,,,,,,,,,,,0.759565532207489,,,,,,,,cifar100,4,DANN,,,0.7841999530792236,,0.7440000176429749,,,,False,,,,,,,,0.759565532207489,accuracy_vs_baselines,logits,AC,True,source
AC,,,,,,,,,,,,,,,,,,,,,,,,,ok,,,,,,,,,,,,,0.7532544136047363,,,,,,,,cifar100,4,CDANN,,,0.7849999666213989,,0.7275000214576721,,,,False,,,,,,,,0.7532544136047363,accuracy_vs_baselines,logits,AC,True,source
AC,,,,,,,,,,,,,,,,,,,,,,,,,ok,,,,,,,,,,,,,0.7691272497177124,,,,,,,,cifar100,12,DANN,,,0.7831999659538269,,0.7545000314712524,,,,False,,,,,,,,0.7691272497177124,accuracy_vs_baselines,logits,AC,True,source
AC,,,,,,,,,,,,,,,,,,,,,,,,,ok,,,,,,,,,,,,,0.7656166553497314,,,,,,,,cifar100,12,CDANN,,,0.7858999967575073,,0.7480000257492065,,,,False,,,,,,,,0.7656166553497314,accuracy_vs_baselines,logits,AC,True,source
AC,,,,,,,,,,,,,,,,,,,,,,,,,ok,,,,,,,,,,,,,0.7807866930961609,,,,,,,,cifar100,59,DANN,,,0.7841999530792236,,0.7585000395774841,,,,False,,,,,,,,0.7807866930961609,accuracy_vs_baselines,logits,AC,True,source
AC,,,,,,,,,,,,,,,,,,,,,,,,,ok,,,,,,,,,,,,,0.7782496809959412,,,,,,,,cifar100,59,CDANN,,,0.7870000004768372,,0.7580000162124634,,,,False,,,,,,,,0.7782496809959412,accuracy_vs_baselines,logits,AC,True,source
AC,,,,,,,,,,,,,,,,,,,,,,,,,ok,,,,,,,,,,,,,0.7890875935554504,,,,,,,,cifar100,82,DANN,,,0.7861999869346619,,0.7695000171661377,,,,False,,,,,,,,0.7890875935554504,accuracy_vs_baselines,logits,AC,True,source
AC,,,,,,,,,,,,,,,,,,,,,,,,,ok,,,,,,,,,,,,,0.7805593013763428,,,,,,,,cifar100,82,CDANN,,,0.7872999906539917,,0.7635000348091125,,,,False,,,,,,,,0.7805593013763428,accuracy_vs_baselines,logits,AC,True,source
AC,,,,,,,,,,,,,,,,,,,,,,,,,ok,,,,,,,,,,,,,0.6377845406532288,,,,,,,,domainnet,1,DANN,,,0.8072605729103088,,0.465893030166626,,,,False,,,,,,,,0.6377845406532288,accuracy_vs_baselines,logits,AC,True,source
AC,,,,,,,,,,,,,,,,,,,,,,,,,ok,,,,,,,,,,,,,0.6281313896179199,,,,,,,,domainnet,1,CDANN,,,0.8055910468101501,,0.5121089816093445,,,,False,,,,,,,,0.6281313896179199,accuracy_vs_baselines,logits,AC,True,source
AC,,,,,,,,,,,,,,,,,,,,,,,,,ok,,,,,,,,,,,,,0.6195071339607239,,,,,,,,domainnet,2,DANN,,,0.8101378083229065,,0.38572534918785095,,,,False,,,,,,,,0.6195071339607239,accuracy_vs_baselines,logits,AC,True,source
AC,,,,,,,,,,,,,,,,,,,,,,,,,ok,,,,,,,,,,,,,0.6048527359962463,,,,,,,,domainnet,2,CDANN,,,0.8071539998054504,,0.42063772678375244,,,,False,,,,,,,,0.6048527359962463,accuracy_vs_baselines,logits,AC,True,source
AC,,,,,,,,,,,,,,,,,,,,,,,,,ok,,,,,,,,,,,,,0.6402058005332947,,,,,,,,domainnet,3,DANN,,,0.8096050024032593,,0.4719189405441284,,,,False,,,,,,,,0.6402058005332947,accuracy_vs_baselines,logits,AC,True,source
AC,,,,,,,,,,,,,,,,,,,,,,,,,ok,,,,,,,,,,,,,0.6436025500297546,,,,,,,,domainnet,3,CDANN,,,0.8074381947517395,,0.49369075894355774,,,,False,,,,,,,,0.6436025500297546,accuracy_vs_baselines,logits,AC,True,source
AC,,,,,,,,,,,,,,,,,,,,,,,,,ok,,,,,,,,,,,,,0.8271092772483826,,,,,,,,living17,1,DANN,,,0.8994117379188538,,0.6758291721343994,,,,False,,,,,,,,0.8271092772483826,accuracy_vs_baselines,logits,AC,True,source
AC,,,,,,,,,,,,,,,,,,,,,,,,,ok,,,,,,,,,,,,,0.8327962756156921,,,,,,,,living17,1,CDANN,,,0.9052940607070923,,0.6863925457000732,,,,False,,,,,,,,0.8327962756156921,accuracy_vs_baselines,logits,AC,True,source
AC,,,,,,,,,,,,,,,,,,,,,,,,,ok,,,,,,,,,,,,,0.8644405007362366,,,,,,,,living17,2,DANN,,,0.9094117283821106,,0.8970588445663452,,,,True,,,,,,,,0.8644405007362366,accuracy_vs_baselines,logits,AC,True,source
AC,,,,,,,,,,,,,,,,,,,,,,,,,ok,,,,,,,,,,,,,0.8884500861167908,,,,,,,,living17,2,CDANN,,,0.9094117283821106,,0.8676470518112183,,,,False,,,,,,,,0.8884500861167908,accuracy_vs_baselines,logits,AC,True,source
AC,,,,,,,,,,,,,,,,,,,,,,,,,ok,,,,,,,,,,,,,0.8317475318908691,,,,,,,,living17,3,DANN,,,0.9052940607070923,,0.5882353186607361,,,,False,,,,,,,,0.8317475318908691,accuracy_vs_baselines,logits,AC,True,source
AC,,,,,,,,,,,,,,,,,,,,,,,,,ok,,,,,,,,,,,,,0.7746639251708984,,,,,,,,living17,3,CDANN,,,0.9052940607070923,,0.5588235259056091,,,,False,,,,,,,,0.7746639251708984,accuracy_vs_baselines,logits,AC,True,source
AC,,,,,,,,,,,,,,,,,,,,,,,,,ok,,,,,,,,,,,,,0.7129377722740173,,,,,,,,nonliving26,1,DANN,,,0.8126922845840454,,0.5122722387313843,,,,False,,,,,,,,0.7129377722740173,accuracy_vs_baselines,logits,AC,True,source
AC,,,,,,,,,,,,,,,,,,,,,,,,,ok,,,,,,,,,,,,,0.7186091542243958,,,,,,,,nonliving26,1,CDANN,,,0.8176922798156738,,0.5332028269767761,,,,False,,,,,,,,0.7186091542243958,accuracy_vs_baselines,logits,AC,True,source
AC,,,,,,,,,,,,,,,,,,,,,,,,,ok,,,,,,,,,,,,,0.8130866885185242,,,,,,,,nonliving26,2,DANN,,,0.8176922798156738,,0.75,,,,False,,,,,,,,0.8130866885185242,accuracy_vs_baselines,logits,AC,True,source
AC,,,,,,,,,,,,,,,,,,,,,,,,,ok,,,,,,,,,,,,,0.7934163212776184,,,,,,,,nonliving26,2,CDANN,,,0.8165384531021118,,0.7692307829856873,,,,False,,,,,,,,0.7934163212776184,accuracy_vs_baselines,logits,AC,True,source
AC,,,,,,,,,,,,,,,,,,,,,,,,,ok,,,,,,,,,,,,,0.6648449897766113,,,,,,,,nonliving26,3,DANN,,,0.8146153688430786,,0.4038461744785309,,,,False,,,,,,,,0.6648449897766113,accuracy_vs_baselines,logits,AC,True,source
AC,,,,,,,,,,,,,,,,,,,,,,,,,ok,,,,,,,,,,,,,0.6117043495178223,,,,,,,,nonliving26,3,CDANN,,,0.822692334651947,,0.4038461744785309,,,,False,,,,,,,,0.6117043495178223,accuracy_vs_baselines,logits,AC,True,source
AC,,,,,,,,,,,,,,,,,,,,,,,,,ok,,,,,,,,,,,,,0.6385051012039185,,,,,,,,fmow,1,DANN,,,0.6519370079040527,,0.6103222370147705,,,,False,,,,,,,,0.6385051012039185,accuracy_vs_baselines,logits,AC,True,source
AC,,,,,,,,,,,,,,,,,,,,,,,,,ok,,,,,,,,,,,,,0.6388002038002014,,,,,,,,fmow,1,CDANN,,,0.6558535695075989,,0.605617344379425,,,,False,,,,,,,,0.6388002038002014,accuracy_vs_baselines,logits,AC,True,source
AC,,,,,,,,,,,,,,,,,,,,,,,,,ok,,,,,,,,,,,,,0.604530930519104,,,,,,,,fmow,2,DANN,,,0.6504895687103271,,0.5482756495475769,,,,False,,,,,,,,0.604530930519104,accuracy_vs_baselines,logits,AC,True,source
AC,,,,,,,,,,,,,,,,,,,,,,,,,ok,,,,,,,,,,,,,0.6016821265220642,,,,,,,,fmow,2,CDANN,,,0.6548318862915039,,0.5420845150947571,,,,False,,,,,,,,0.6016821265220642,accuracy_vs_baselines,logits,AC,True,source
AC,,,,,,,,,,,,,,,,,,,,,,,,,ok,,,,,,,,,,,,,0.7708330154418945,,,,,,,,officehome,1,DANN,,,0.922024667263031,,0.7193763852119446,,,,False,,,,,,,,0.7708330154418945,accuracy_vs_baselines,logits,AC,True,source
AC,,,,,,,,,,,,,,,,,,,,,,,,,ok,,,,,,,,,,,,,0.8211841583251953,,,,,,,,officehome,1,CDANN,,,0.9138167500495911,,0.730512261390686,,,,False,,,,,,,,0.8211841583251953,accuracy_vs_baselines,logits,AC,True,source
AC,,,,,,,,,,,,,,,,,,,,,,,,,ok,,,,,,,,,,,,,0.6579679846763611,,,,,,,,officehome,2,DANN,,,0.915184736251831,,0.44904816150665283,,,,False,,,,,,,,0.6579679846763611,accuracy_vs_baselines,logits,AC,True,source
AC,,,,,,,,,,,,,,,,,,,,,,,,,ok,,,,,,,,,,,,,0.7319388389587402,,,,,,,,officehome,2,CDANN,,,0.9015048146247864,,0.4501679837703705,,,,False,,,,,,,,0.7319388389587402,accuracy_vs_baselines,logits,AC,True,source
AC,,,,,,,,,,,,,,,,,,,,,,,,,ok,,,,,,,,,,,,,0.6812232732772827,,,,,,,,officehome,3,DANN,,,0.9056087732315063,,0.5364891290664673,,,,False,,,,,,,,0.6812232732772827,accuracy_vs_baselines,logits,AC,True,source
AC,,,,,,,,,,,,,,,,,,,,,,,,,ok,,,,,,,,,,,,,0.7606031894683838,,,,,,,,officehome,3,CDANN,,,0.9138167500495911,,0.5364891290664673,,,,False,,,,,,,,0.7606031894683838,accuracy_vs_baselines,logits,AC,True,source
AC,,,,,,,,,,,,,,,,,,,,,,,,,ok,,,,,,,,,,,,,0.937119722366333,,,,,,,,visda,1,DANN,,,0.9995489120483398,,0.6463051438331604,,,,False,,,,,,,,0.937119722366333,accuracy_vs_baselines,logits,AC,True,source
AC,,,,,,,,,,,,,,,,,,,,,,,,,ok,,,,,,,,,,,,,0.9643871188163757,,,,,,,,visda,1,CDANN,,,0.9990978837013245,,0.6784264445304871,,,,False,,,,,,,,0.9643871188163757,accuracy_vs_baselines,logits,AC,True,source
AC,,,,,,,,,,,,,,,,,,,,,,,,,ok,,,,,,,,,,,,,0.9384526610374451,,,,,,,,visda,2,DANN,,,0.9997539520263672,,0.6546961069107056,,,,False,,,,,,,,0.9384526610374451,accuracy_vs_baselines,logits,AC,True,source
AC,,,,,,,,,,,,,,,,,,,,,,,,,ok,,,,,,,,,,,,,0.967695415019989,,,,,,,,visda,2,CDANN,,,0.9995899200439453,,0.7107734680175781,,,,False,,,,,,,,0.967695415019989,accuracy_vs_baselines,logits,AC,True,source
iw_overlap_critic,2.0,0.0,6500.0,33009.0,1625.0,8255.0,0.904,0.0,1.0,3.687958240509033,0.5,0.5,0.5205477476119995,0.2499304860830307,,,,,0.09639714533886476,0.0,1625.0,0.0,8255.0,0.0,ok,plugin,False,,1625.451729280784,1623.127960420403,1.146217618916505,0.9971896526039354,1.0615643857114905,,0.0,0.09639714533886476,0.9036028546611352,0.9036028546611352,False,,,,,,,entity13,1,DANN,logits,13.0,0.905846118927002,0.905846118927002,0.7318307161331177,0.7345851063728333,splits_entity13_DANN_1_0_b09dc755c62e.npz,b09dc755c62e,False,False,,,,,,,0.9036028546611352,logits_vs_features,logits,IW overlap critic | W=2 | seed=0 (plug-in),True,
iw_overlap_critic,2.0,0.0,6500.0,260.0,1625.0,65.0,0.9101538461538462,0.0,1.0,54.598148345947266,0.5,0.5,0.4661538600921631,0.2502062916755676,,,,,0.0897240431413496,0.0,1625.0,0.0,65.0,0.0,ok,plugin,False,,1622.9808558045895,1624.9135292993105,1.0295263176653389,0.9986247386053284,1.010330241000122,,0.0,0.0897240431413496,0.9102759568586504,0.9102759568586504,False,,,,,,,entity13,2,DANN,logits,13.0,0.9129230380058289,0.9129230380058289,0.8615384697914124,0.8461538553237915,splits_entity13_DANN_2_0_b09dc755c62e.npz,b09dc755c62e,False,False,,,,,,,0.9102759568586504,logits_vs_features,logits,IW overlap critic | W=2 | seed=0 (plug-in),True,
iw_overlap_critic,2.0,0.0,6500.0,260.0,1625.0,65.0,0.9027692307692308,0.0,1.0,3.830349922180176,0.5,0.5,0.516153872013092,0.24943119287490845,,,,,0.09681538446997534,0.0,1625.0,0.0,65.0,0.0,ok,plugin,False,,1615.3376671424385,1605.3965345672318,1.5597520559256435,0.9906993392827033,1.17506646938591,,0.0,0.09681538446997534,0.9031846155300247,0.9031846155300247,False,,,,,,,entity13,3,DANN,logits,13.0,0.907076895236969,0.907076895236969,0.6653845906257629,0.5538461804389954,splits_entity13_DANN_3_0_b09dc755c62e.npz,b09dc755c62e,False,False,,,,,,,0.9031846155300247,logits_vs_features,logits,IW overlap critic | W=2 | seed=0 (plug-in),True,
iw_overlap_critic,2.0,0.0,6500.0,33009.0,1625.0,8255.0,0.9132307692307693,0.0,1.0,2.3982067108154297,0.5,0.5,0.5145338177680969,0.2498086541891098,,,,,0.08716399680370747,0.0,1625.0,0.0,8255.0,0.0,ok,plugin,False,,1626.8973288698844,1619.8188336937326,1.2154376662173454,1.0017288221139384,1.0907311822584893,,0.0,0.08716399680370747,0.9128360031962925,0.9128360031962925,False,,,,,,,entity13,1,CDANN,logits,13.0,0.9096922874450684,0.9096922874450684,0.7354357838630676,0.7372501492500305,splits_entity13_CDANN_1_0_b09dc755c62e.npz,b09dc755c62e,False,False,,,,,,,0.9128360031962925,logits_vs_features,logits,IW overlap critic | W=2 | seed=0 (plug-in),True,
iw_overlap_critic,2.0,0.0,6500.0,260.0,1625.0,65.0,0.9058461538461539,0.0,1.0,54.598148345947266,0.5,0.5,0.39384615421295166,0.2502327263355255,,,,,0.0941234260824005,0.0,1625.0,0.0,65.0,0.0,ok,plugin,False,,1622.9480364599706,1624.914174672017,1.0364243672746556,0.9988015387721471,1.0105301857139013,,0.0,0.0941234260824005,0.9058765739175995,0.9058765739175995,False,,,,,,,entity13,2,CDANN,logits,13.0,0.9081538319587708,0.9081538319587708,0.8423076868057251,0.8769230842590332,splits_entity13_CDANN_2_0_b09dc755c62e.npz,b09dc755c62e,False,False,,,,,,,0.9058765739175995,logits_vs_features,logits,IW overlap critic | W=2 | seed=0 (plug-in),True,
iw_overlap_critic,2.0,0.0,6500.0,260.0,1625.0,65.0,0.9015384615384615,0.0,1.0,5.533639430999756,0.5,0.5,0.48076921701431274,0.24978940188884735,,,,,0.09893176709000366,0.0,1625.0,0.0,65.0,0.0,ok,plugin,False,,1623.8538745476258,1618.0954354770329,1.184193507693934,1.007715047511049,1.0916158389561164,,0.0,0.09893176709000366,0.9010682329099964,0.9010682329099964,False,,,,,,,entity13,3,CDANN,logits,13.0,0.9061538577079773,0.9061538577079773,0.6653845906257629,0.5692307949066162,splits_entity13_CDANN_3_0_b09dc755c62e.npz,b09dc755c62e,False,False,,,,,,,0.9010682329099964,logits_vs_features,logits,IW overlap critic | W=2 | seed=0 (plug-in),True,
iw_overlap_critic,2.0,0.0,6000.0,30828.0,1500.0,7709.0,0.8426666666666667,0.0,1.0,1.728687047958374,0.5,0.5,0.5138411521911621,0.24932533502578735,,,,,0.157693289261415,0.0,1500.0,0.0,7709.0,0.0,ok,plugin,False,,1504.8331593339535,1481.5380631016374,1.450980002028854,0.9974380802346456,1.1953827612708676,,0.0,0.157693289261415,0.842306710738585,0.842306710738585,False,,,,,,,entity30,1,DANN,logits,30.0,0.8550000190734863,0.8550000190734863,0.6190800070762634,0.6236866116523743,splits_entity30_DANN_1_0_b09dc755c62e.npz,b09dc755c62e,False,False,,,,,,,0.842306710738585,logits_vs_features,logits,IW overlap critic | W=2 | seed=0 (plug-in),True,
iw_overlap_critic,2.0,0.0,6000.0,240.0,1500.0,60.0,0.8606666666666667,0.0,1.0,54.598148345947266,0.5,0.5,0.5016666650772095,0.2500607371330261,,,,,0.1388303003112932,0.0,1500.0,0.0,60.0,0.0,ok,plugin,False,,1494.5841102565068,1499.7261375967405,1.0555103048639427,0.996924677426781,1.017718719317838,,0.0,0.1388303003112932,0.8611696996887068,0.8611696996887068,False,,,,,,,entity30,2,DANN,logits,30.0,0.8646666407585144,0.8646666407585144,0.7875000238418579,0.7500000596046448,splits_entity30_DANN_2_0_b09dc755c62e.npz,b09dc755c62e,False,False,,,,,,,0.8611696996887068,logits_vs_features,logits,IW overlap critic | W=2 | seed=0 (plug-in),True,
iw_overlap_critic,2.0,0.0,6000.0,240.0,1500.0,60.0,0.8553333333333333,0.0,1.0,54.598148345947266,0.5,0.5,0.46166667342185974,0.2499976009130478,,,,,0.143718802763159,0.0,1500.0,0.0,60.0,0.0,ok,plugin,False,,1492.3784582378312,1499.583435511841,1.0412212537758008,0.9963825535291864,1.020531419000476,,0.0,0.143718802763159,0.856281197236841,0.856281197236841,False,,,,,,,entity30,3,DANN,logits,30.0,0.8636666536331177,0.8636666536331177,0.5708333849906921,0.6666666865348816,splits_entity30_DANN_3_0_b09dc755c62e.npz,b09dc755c62e,False,False,,,,,,,0.856281197236841,logits_vs_features,logits,IW overlap critic | W=2 | seed=0 (plug-in),True,
iw_overlap_critic,2.0,0.0,6000.0,30828.0,1500.0,7709.0,0.856,0.0,1.0,4.229965686798096,0.5,0.5,0.5144094824790955,0.2498675435781479,,,,,0.1446064552973482,0.0,1500.0,0.0,7709.0,0.0,ok,plugin,False,,1497.372736781761,1496.2971489738413,1.2201435979985311,0.9960204159701154,1.0832021564352399,,0.0,0.1446064552973482,0.8553935447026518,0.8553935447026518,False,,,,,,,entity30,1,CDANN,logits,30.0,0.8611666560173035,0.8611666560173035,0.627903163433075,0.6345829367637634,splits_entity30_CDANN_1_0_b09dc755c62e.npz,b09dc755c62e,False,False,,,,,,,0.8553935447026518,logits_vs_features,logits,IW overlap critic | W=2 | seed=0 (plug-in),True,
iw_overlap_critic,2.0,0.0,6000.0,240.0,1500.0,60.0,0.862,0.0,1.0,54.598148345947266,0.5,0.5,0.43166667222976685,0.2501581013202667,,,,,0.1374331973669702,0.0,1500.0,0.0,60.0,0.0,ok,plugin,False,,1493.2470028463106,1499.720804552401,1.0384839375896187,0.9954725205721457,1.018114048842811,,0.0,0.1374331973669702,0.8625668026330298,0.8625668026330298,False,,,,,,,entity30,2,CDANN,logits,30.0,0.8646666407585144,0.8646666407585144,0.8125000596046448,0.7500000596046448,splits_entity30_CDANN_2_0_b09dc755c62e.npz,b09dc755c62e,False,False,,,,,,,0.8625668026330298,logits_vs_features,logits,IW overlap critic | W=2 | seed=0 (plug-in),True,
iw_overlap_critic,2.0,0.0,6000.0,240.0,1500.0,60.0,0.8453333333333333,0.0,1.0,54.598148345947266,0.5,0.5,0.43416666984558105,0.2500317394733429,,,,,0.15387466304092193,0.0,1500.0,0.0,60.0,0.0,ok,plugin,False,,1494.5325012369603,1499.702791735605,1.0436227616005247,0.9966017781022638,1.0193663146885727,,0.0,0.15387466304092193,0.8461253369590781,0.8461253369590781,False,,,,,,,entity30,3,CDANN,logits,30.0,0.8573333024978638,0.8573333024978638,0.5625,0.6166666746139526,splits_entity30_CDANN_3_0_b09dc755c62e.npz,b09dc755c62e,False,False,,,,,,,0.8461253369590781,logits_vs_features,logits,IW overlap critic | W=2 | seed=0 (plug-in),True,
iw_overlap_critic,2.0,0.0,10000.0,2000.0,2500.0,500.0,0.9452,0.0,1.0,2.7144715785980225,0.5,0.5,0.5149999856948853,0.24972444772720337,,,,,0.05527905232382684,0.0,2500.0,0.0,500.0,0.0,ok,plugin,False,,2490.763291733524,2487.6180886665843,1.2452015604379874,0.9935279219351392,1.1159082128740911,,0.0,0.05527905232382684,0.9447209476761732,0.9447209476761732,False,,,,,,,cifar10,1,DANN,logits,10.0,0.9508999586105347,0.9508999586105347,0.8440000414848328,0.8360000252723694,splits_cifar10_DANN_1_0_b09dc755c62e.npz,b09dc755c62e,False,False,,,,,,,0.9447209476761732,logits_vs_features,logits,IW overlap critic | W=2 | seed=0 (plug-in),True,
iw_overlap_critic,2.0,0.0,10000.0,2000.0,2500.0,500.0,0.946,0.0,1.0,54.598148345947266,0.5,0.5,0.49900001287460327,0.2500520348548889,,,,,0.053977254585820436,0.0,2500.0,0.0,500.0,0.0,ok,plugin,False,,2499.350371889275,2499.965877937097,1.0116953872164371,0.9997928421731974,1.0058517713974136,,0.0,0.053977254585820436,0.9460227454141795,0.9460227454141795,False,,,,,,,cifar10,10,DANN,logits,10.0,0.9477999806404114,0.9477999806404114,0.924500048160553,0.9120000600814819,splits_cifar10_DANN_10_0_b09dc755c62e.npz,b09dc755c62e,False,False,,,,,,,0.9460227454141795,logits_vs_features,logits,IW overlap critic | W=2 | seed=0 (plug-in),True,
iw_overlap_critic,2.0,0.0,10000.0,2000.0,2500.0,500.0,0.9452,0.0,1.0,54.598148345947266,0.5,0.5,0.4724999964237213,0.2500370144844055,,,,,0.0547860526192732,0.0,2500.0,0.0,500.0,0.0,ok,plugin,False,,2499.534284390755,2499.977277075477,1.0108819125923776,0.999816907350147,1.0046119831146385,,0.0,0.0547860526192732,0.9452139473807268,0.9452139473807268,False,,,,,,,cifar10,71,DANN,logits,10.0,0.9487999677658081,0.9487999677658081,0.9305000305175781,0.9180000424385071,splits_cifar10_DANN_71_0_b09dc755c62e.npz,b09dc755c62e,False,False,,,,,,,0.9452139473807268,logits_vs_features,logits,IW overlap critic | W=2 | seed=0 (plug-in),True,
iw_overlap_critic,2.0,0.0,10000.0,2000.0,2500.0,500.0,0.9528,0.0,1.0,54.598148345947266,0.5,0.5,0.48350000381469727,0.2500438690185547,,,,,0.047194212081689564,0.0,2500.0,0.0,500.0,0.0,ok,plugin,False,,2499.665104551872,2499.9861775831446,1.0061237349092884,0.9996522169064508,1.0038381868779027,,0.0,0.047194212081689564,0.9528057879183104,0.9528057879183104,False,,,,,,,cifar10,95,DANN,logits,10.0,0.9515999555587769,0.9515999555587769,0.9390000700950623,0.9360000491142273,splits_cifar10_DANN_95_0_b09dc755c62e.npz,b09dc755c62e,False,False,,,,,,,0.9528057879183104,logits_vs_features,logits,IW overlap critic | W=2 | seed=0 (plug-in),True,
iw_overlap_critic,2.0,0.0,10000.0,2000.0,2500.0,500.0,0.9476,0.0,1.0,15.170090675354004,0.5,0.5,0.5120000243186951,0.2499927282333374,,,,,0.05250433867073842,0.0,2500.0,0.0,500.0,0.0,ok,plugin,False,,2497.3932455475524,2499.657998592665,1.0286085284895574,0.9982982617247618,1.0174694260297672,,0.0,0.05250433867073842,0.9474956613292616,0.9474956613292616,False,,,,,,,cifar10,1,CDANN,logits,10.0,0.949999988079071,0.949999988079071,0.846500039100647,0.8440000414848328,splits_cifar10_CDANN_1_0_b09dc755c62e.npz,b09dc755c62e,False,False,,,,,,,0.9474956613292616,logits_vs_features,logits,IW overlap critic | W=2 | seed=0 (plug-in),True,
iw_overlap_critic,2.0,0.0,10000.0,2000.0,2500.0,500.0,0.9468,0.0,1.0,54.598148345947266,0.5,0.5,0.48100000619888306,0.2500584125518799,,,,,0.05319603762310007,0.0,2500.0,0.0,500.0,0.0,ok,plugin,False,,2498.9610457020863,2499.960930296623,1.013563395964361,0.9994265548504325,1.0065270235931552,,0.0,0.05319603762310007,0.9468039623768999,0.9468039623768999,False,,,,,,,cifar10,10,CDANN,logits,10.0,0.948699951171875,0.948699951171875,0.9160000681877136,0.9120000600814819,splits_cifar10_CDANN_10_0_b09dc755c62e.npz,b09dc755c62e,False,False,,,,,,,0.9468039623768999,logits_vs_features,logits,IW overlap critic | W=2 | seed=0 (plug-in),True,
iw_overlap_critic,2.0,0.0,10000.0,2000.0,2500.0,500.0,0.9492,0.0,1.0,54.598148345947266,0.5,0.5,0.4650000035762787,0.25004249811172485,,,,,0.05079030575612145,0.0,2500.0,0.0,500.0,0.0,ok,plugin,False,,2499.46999202274,2499.9783234754614,1.0120593683728807,0.9995410194424087,1.0051221552158527,,0.0,0.05079030575612145,0.9492096942438786,0.9492096942438786,False,,,,,,,cifar10,71,CDANN,logits,10.0,0.9511999487876892,0.9511999487876892,0.9280000329017639,0.9040000438690186,splits_cifar10_CDANN_71_0_b09dc755c62e.npz,b09dc755c62e,False,False,,,,,,,0.9492096942438786,logits_vs_features,logits,IW overlap critic | W=2 | seed=0 (plug-in),True,
iw_overlap_critic,2.0,0.0,10000.0,2000.0,2500.0,500.0,0.9516,0.0,1.0,54.598148345947266,0.5,0.5,0.47450000047683716,0.250036358833313,,,,,0.04839748708045496,0.0,2500.0,0.0,500.0,0.0,ok,plugin,False,,2499.626972410137,2499.9879266014955,1.0066564969396654,0.9995390854773687,1.0035422914818688,,0.0,0.04839748708045496,0.951602512919545,0.951602512919545,False,,,,,,,cifar10,95,CDANN,logits,10.0,0.9526000022888184,0.9526000022888184,0.9355000257492065,0.9260000586509705,splits_cifar10_CDANN_95_0_b09dc755c62e.npz,b09dc755c62e,False,False,,,,,,,0.951602512919545,logits_vs_features,logits,IW overlap critic | W=2 | seed=0 (plug-in),True,
iw_overlap_critic,2.0,0.0,10000.0,2000.0,2500.0,500.0,0.758,0.0,1.0,5.491447925567627,0.5,0.5,0.5239999890327454,0.2492186278104782,,,,,0.23915412119862045,0.0,2500.0,0.0,500.0,0.0,ok,plugin,False,,2467.9818743558326,2471.2415953613263,1.4042553349704567,0.9849870126168123,1.164483854463959,,0.0,0.23915412119862045,0.7608458788013795,0.7608458788013795,False,,,,,,,cifar100,4,DANN,logits,100.0,0.7841999530792236,0.7841999530792236,0.7440000176429749,0.7760000228881836,splits_cifar100_DANN_4_0_b09dc755c62e.npz,b09dc755c62e,False,True,,,,,,,0.7608458788013795,logits_vs_features,logits,IW overlap critic | W=2 | seed=0 (plug-in),True,
iw_overlap_critic,2.0,0.0,10000.0,2000.0,2500.0,500.0,0.76,0.0,1.0,3.8378243446350098,0.5,0.5,0.5189999938011169,0.2482605278491974,,,,,0.23561112858152902,0.0,2500.0,0.0,500.0,0.0,ok,plugin,False,,2446.566909208289,2436.1491685274805,1.6419769033871479,0.9722690455723946,1.2485575030222478,,0.0,0.23561112858152902,0.764388871418471,0.764388871418471,False,,,,,,,cifar100,12,DANN,logits,100.0,0.7831999659538269,0.7831999659538269,0.7545000314712524,0.7860000133514404,splits_cifar100_DANN_12_0_b09dc755c62e.npz,b09dc755c62e,False,True,,,,,,,0.764388871418471,logits_vs_features,logits,IW overlap critic | W=2 | seed=0 (plug-in),True,
iw_overlap_critic,2.0,0.0,10000.0,2000.0,2500.0,500.0,0.7596,0.0,1.0,2.802358388900757,0.5,0.5,0.5494999885559082,0.24673324823379517,,,,,0.2315303455287617,0.0,2497.0,3.0,500.0,0.0,ok,plugin,False,,2439.447146567648,2375.669203267462,1.939734341822981,0.96248380848695,1.362907757790571,,0.0,0.2315303455287617,0.7684696544712383,0.7684696544712383,False,,,,,,,cifar100,59,DANN,logits,100.0,0.7841999530792236,0.7841999530792236,0.7585000395774841,0.7720000147819519,splits_cifar100_DANN_59_0_b09dc755c62e.npz,b09dc755c62e,False,True,,,,,,,0.7684696544712383,logits_vs_features,logits,IW overlap critic | W=2 | seed=0 (plug-in),True,
iw_overlap_critic,2.0,0.0,10000.0,2000.0,2500.0,500.0,0.764,0.0,1.0,6.978378772735596,0.5,0.5,0.5135000348091125,0.24948640167713165,,,,,0.23254424585950542,0.0,2500.0,0.0,500.0,0.0,ok,plugin,False,,2466.625196752198,2480.0872615463854,1.28467736797543,0.9857623570780534,1.1353387546000333,,0.0,0.23254424585950542,0.7674557541404946,0.7674557541404946,False,,,,,,,cifar100,82,DANN,logits,100.0,0.7861999869346619,0.7861999869346619,0.7695000171661377,0.7700000405311584,splits_cifar100_DANN_82_0_b09dc755c62e.npz,b09dc755c62e,True,True,,,,,,,0.7674557541404946,logits_vs_features,logits,IW overlap critic | W=2 | seed=0 (plug-in),True,
iw_overlap_critic,2.0,0.0,10000.0,2000.0,2500.0,500.0,0.762,0.0,1.0,5.056149482727051,0.5,0.5,0.5295000076293945,0.24904659390449524,,,,,0.2334186495605029,0.0,2500.0,0.0,500.0,0.0,ok,plugin,False,,2459.7382574489816,2462.8951167450077,1.612166297143988,0.9786892623843662,1.1862365069324659,,0.0,0.2334186495605029,0.7665813504394972,0.7665813504394972,False,,,,,,,cifar100,4,CDANN,logits,100.0,0.7849999666213989,0.7849999666213989,0.7275000214576721,0.7480000257492065,splits_cifar100_CDANN_4_0_b09dc755c62e.npz,b09dc755c62e,False,False,,,,,,,0.7665813504394972,logits_vs_features,logits,IW overlap critic | W=2 | seed=0 (plug-in),True,
iw_overlap_critic,2.0,0.0,10000.0,2000.0,2500.0,500.0,0.766,0.0,1.0,2.4864232540130615,0.5,0.5,0.5425000190734863,0.24643674492835999,2995.0,0.0,1496.0,0.0,0.22773708694791175,0.002,2497.0,3.0,499.0,1.0,unsupported_critic_region,plugin,False,,2442.687695699451,2356.668514867253,1.982169254595696,0.9589183782582102,1.4025810544778288,,,,,,,,,,,,,cifar100,12,CDANN,logits,100.0,0.7858999967575073,0.7858999967575073,0.7480000257492065,0.7680000066757202,splits_cifar100_CDANN_12_0_b09dc755c62e.npz,b09dc755c62e,,,,,,,,,,logits_vs_features,logits,IW overlap critic | W=2 | seed=0 (plug-in),False,
iw_overlap_critic,2.0,0.0,10000.0,2000.0,2500.0,500.0,0.7664,0.0,1.0,2.008225202560425,0.5,0.5,0.5509999990463257,0.2439228594303131,2970.0,11.0,1491.0,7.0,0.21981669912261037,0.01,2485.0,15.0,495.0,5.0,ok,plugin,False,,2407.375616103403,2270.37636627726,1.9833438806549832,0.9305514735682698,1.5332057532225556,0.8,0.008,0.22781669912261038,0.7721833008773896,0.7721833008773896,False,14.0,11.0,0.4271712899208069,0.5728287100791931,1.0,"[{'epoch': 0, 'best_score': 0.03184783458709717}, {'epoch': 1, 'best_score': 0.04963427782058716}, {'epoch': 2, 'best_score': 0.08346718549728394}, {'epoch': 3, 'best_score': 0.11110734939575195}, {'epoch': 4, 'best_score': 0.14887762069702148}, {'epoch': 5, 'best_score': 0.1773064136505127}, {'epoch': 6, 'best_score': 0.20352941751480103}, {'epoch': 7, 'best_score': 0.2399502992630005}, {'epoch': 8, 'best_score': 0.2758779525756836}, {'epoch': 9, 'best_score': 0.3132210373878479}, {'epoch': 10, 'best_score': 0.3563738465309143}, {'epoch': 11, 'best_score': 0.38609451055526733}, {'epoch': 12, 'best_score': 0.42191082239151}, {'epoch': 13, 'best_score': 0.3879774212837219}, {'epoch': 14, 'best_score': 0.4271712899208069}, {'epoch': 15, 'best_score': 0.30284571647644043}, {'epoch': 16, 'best_score': 0.31163984537124634}, {'epoch': 17, 'best_score': 0.28786009550094604}, {'epoch': 18, 'best_score': 0.31051456928253174}, {'epoch': 19, 'best_score': 0.32076895236968994}, {'epoch': 20, 'best_score': 0.3463814854621887}, {'epoch': 21, 'best_score': 0.27748167514801025}, {'epoch': 22, 'best_score': 0.28932446241378784}, {'epoch': 23, 'best_score': 0.3006139099597931}, {'epoch': 24, 'best_score': 0.31335046887397766}, {'epoch': 25, 'best_score': 0.3236335217952728}, {'epoch': 26, 'best_score': 0.3302754759788513}, {'epoch': 27, 'best_score': 0.33883702754974365}, {'epoch': 28, 'best_score': 0.3514692783355713}, {'epoch': 29, 'best_score': 0.3598880469799042}, {'epoch': 30, 'best_score': 0.36166274547576904}, {'epoch': 31, 'best_score': 0.36219096183776855}, {'epoch': 32, 'best_score': 0.3712100386619568}, {'epoch': 33, 'best_score': 0.37773674726486206}, {'epoch': 34, 'best_score': 0.37733858823776245}, {'epoch': 35, 'best_score': 0.3799794614315033}, {'epoch': 36, 'best_score': 0.38808995485305786}, {'epoch': 37, 'best_score': 0.3891822397708893}, {'epoch': 38, 'best_score': 0.40878942608833313}, {'epoch': 39, 'best_score': 0.4113098680973053}, {'epoch': 40, 'best_score': 0.40005746483802795}, {'epoch': 41, 'best_score': 0.40017589926719666}, {'epoch': 42, 'best_score': 0.40186381340026855}, {'epoch': 43, 'best_score': 0.40434756875038147}, {'epoch': 44, 'best_score': 0.4030132293701172}, {'epoch': 45, 'best_score': 0.4055681824684143}, {'epoch': 46, 'best_score': 0.41068020462989807}, {'epoch': 47, 'best_score': 0.4119502902030945}, {'epoch': 48, 'best_score': 0.41337844729423523}, {'epoch': 49, 'best_score': 0.41589200496673584}]",cifar100,59,CDANN,logits,100.0,0.7870000004768372,0.7870000004768372,0.7580000162124634,0.7920000553131104,splits_cifar100_CDANN_59_0_b09dc755c62e.npz,b09dc755c62e,False,True,,,,,,,0.7721833008773896,logits_vs_features,logits,IW overlap critic | W=2 | seed=0 (plug-in),True,
iw_overlap_critic,2.0,0.0,10000.0,2000.0,2500.0,500.0,0.7652,0.0,1.0,5.66292667388916,0.5,0.5,0.5170000195503235,0.24932295083999634,,,,,0.22975871767654502,0.0,2500.0,0.0,500.0,0.0,ok,plugin,False,,2459.7809711107875,2471.164719457861,1.3422972489977123,0.9809769135053362,1.1580601273715891,,0.0,0.22975871767654502,0.770241282323455,0.770241282323455,False,,,,,,,cifar100,82,CDANN,logits,100.0,0.7872999906539917,0.7872999906539917,0.7635000348091125,0.7720000147819519,splits_cifar100_CDANN_82_0_b09dc755c62e.npz,b09dc755c62e,False,True,,,,,,,0.770241282323455,logits_vs_features,logits,IW overlap critic | W=2 | seed=0 (plug-in),True,
iw_overlap_critic,2.0,0.0,28152.0,9910.0,7040.0,2478.0,0.803125,0.0,1.0,1.2152042388916016,0.5,0.5,0.6491578817367554,0.2188163548707962,7857.0,874.0,3921.0,433.0,0.14684151656177727,0.3159806295399516,6535.0,505.0,1695.0,783.0,ok,plugin,False,,5080.441850344805,4990.039421420716,1.9990181538482423,0.6847219942512915,1.6488725221613063,0.7879948914431673,0.2489911218724778,0.3958326384342551,0.6041673615657449,0.6041673615657449,False,36.0,3.0,0.44117891788482666,0.36251622438430786,0.8036951422691345,"[{'epoch': 0, 'best_score': 0.022949516773223877}, {'epoch': 1, 'best_score': 0.07196551561355591}, {'epoch': 2, 'best_score': 0.12092798948287964}, {'epoch': 3, 'best_score': 0.1778450608253479}, {'epoch': 4, 'best_score': 0.2327757477760315}, {'epoch': 5, 'best_score': 0.26986491680145264}, {'epoch': 6, 'best_score': 0.28828489780426025}, {'epoch': 7, 'best_score': 0.3135645389556885}, {'epoch': 8, 'best_score': 0.3417345881462097}, {'epoch': 9, 'best_score': 0.34472382068634033}, {'epoch': 10, 'best_score': 0.35810866951942444}, {'epoch': 11, 'best_score': 0.3631286323070526}, {'epoch': 12, 'best_score': 0.3740111291408539}, {'epoch': 13, 'best_score': 0.3739689588546753}, {'epoch': 14, 'best_score': 0.37111368775367737}, {'epoch': 15, 'best_score': 0.3740047514438629}, {'epoch': 16, 'best_score': 0.3792976140975952}, {'epoch': 17, 'best_score': 0.38859498500823975}, {'epoch': 18, 'best_score': 0.39362722635269165}, {'epoch': 19, 'best_score': 0.39540666341781616}, {'epoch': 20, 'best_score': 0.40294238924980164}, {'epoch': 21, 'best_score': 0.40662118792533875}, {'epoch': 22, 'best_score': 0.4038519561290741}, {'epoch': 23, 'best_score': 0.40882596373558044}, {'epoch': 24, 'best_score': 0.41247841715812683}, {'epoch': 25, 'best_score': 0.4139174818992615}, {'epoch': 26, 'best_score': 0.41263604164123535}, {'epoch': 27, 'best_score': 0.4180695712566376}, {'epoch': 28, 'best_score': 0.4198581278324127}, {'epoch': 29, 'best_score': 0.4180271327495575}, {'epoch': 30, 'best_score': 0.4252939820289612}, {'epoch': 31, 'best_score': 0.4281989336013794}, {'epoch': 32, 'best_score': 0.4301832616329193}, {'epoch': 33, 'best_score': 0.43221816420555115}, {'epoch': 34, 'best_score': 0.4293336868286133}, {'epoch': 35, 'best_score': 0.43628525733947754}, {'epoch': 36, 'best_score': 0.44117891788482666}, {'epoch': 37, 'best_score': 0.4366433024406433}, {'epoch': 38, 'best_score': 0.43567103147506714}, {'epoch': 39, 'best_score': 0.4290968179702759}, {'epoch': 40, 'best_score': 0.42804279923439026}, {'epoch': 41, 'best_score': 0.4285384714603424}, {'epoch': 42, 'best_score': 0.4290831685066223}, {'epoch': 43, 'best_score': 0.4335537552833557}, {'epoch': 44, 'best_score': 0.43638908863067627}, {'epoch': 45, 'best_score': 0.4375676214694977}, {'epoch': 46, 'best_score': 0.4404822587966919}, {'epoch': 47, 'best_score': 0.43979230523109436}, {'epoch': 48, 'best_score': 0.4399781823158264}, {'epoch': 49, 'best_score': 0.4371805191040039}]",domainnet,1,DANN,logits,345.0,0.8072605729103088,0.8072605729103088,0.465893030166626,0.47497981786727905,splits_domainnet_DANN_1_0_b09dc755c62e.npz,b09dc755c62e,False,False,,,,,,,0.6041673615657449,logits_vs_features,logits,IW overlap critic | W=2 | seed=0 (plug-in),True,
iw_overlap_critic,2.0,0.0,28152.0,14207.0,7040.0,3553.0,0.8038352272727273,0.0,1.0,1.0665127038955688,0.5,0.5,0.6751638650894165,0.20423626899719238,7740.0,1662.0,3846.0,808.0,0.13502025560063563,0.3875598086124402,6410.0,630.0,2176.0,1377.0,ok,plugin,False,,4538.9589315372095,4576.97202678858,1.9994814855483418,0.599608932489337,1.6546353674055263,0.8605664488017429,0.33352096819589083,0.46854122379652646,0.5314587762034735,0.5314587762034735,False,48.0,17.0,0.4884034991264343,0.3865965008735657,0.875,"[{'epoch': 0, 'best_score': 0.021911680698394775}, {'epoch': 1, 'best_score': 0.06792783737182617}, {'epoch': 2, 'best_score': 0.12834233045578003}, {'epoch': 3, 'best_score': 0.18594497442245483}, {'epoch': 4, 'best_score': 0.2386263608932495}, {'epoch': 5, 'best_score': 0.2747341990470886}, {'epoch': 6, 'best_score': 0.30954527854919434}, {'epoch': 7, 'best_score': 0.33902764320373535}, {'epoch': 8, 'best_score': 0.3675075173377991}, {'epoch': 9, 'best_score': 0.3772442936897278}, {'epoch': 10, 'best_score': 0.3870239853858948}, {'epoch': 11, 'best_score': 0.3923303186893463}, {'epoch': 12, 'best_score': 0.3984648883342743}, {'epoch': 13, 'best_score': 0.399050235748291}, {'epoch': 14, 'best_score': 0.40848150849342346}, {'epoch': 15, 'best_score': 0.4143508970737457}, {'epoch': 16, 'best_score': 0.4205051362514496}, {'epoch': 17, 'best_score': 0.42390286922454834}, {'epoch': 18, 'best_score': 0.42645105719566345}, {'epoch': 19, 'best_score': 0.43174517154693604}, {'epoch': 20, 'best_score': 0.4378449320793152}, {'epoch': 21, 'best_score': 0.4464312791824341}, {'epoch': 22, 'best_score': 0.4524073898792267}, {'epoch': 23, 'best_score': 0.45358163118362427}, {'epoch': 24, 'best_score': 0.4556178152561188}, {'epoch': 25, 'best_score': 0.457715779542923}, {'epoch': 26, 'best_score': 0.455669105052948}, {'epoch': 27, 'best_score': 0.4572718143463135}, {'epoch': 28, 'best_score': 0.4575191140174866}, {'epoch': 29, 'best_score': 0.4615798592567444}, {'epoch': 30, 'best_score': 0.46269047260284424}, {'epoch': 31, 'best_score': 0.4640362560749054}, {'epoch': 32, 'best_score': 0.46677109599113464}, {'epoch': 33, 'best_score': 0.4691081643104553}, {'epoch': 34, 'best_score': 0.47094395756721497}, {'epoch': 35, 'best_score': 0.4753384292125702}, {'epoch': 36, 'best_score': 0.4775356650352478}, {'epoch': 37, 'best_score': 0.4789857566356659}, {'epoch': 38, 'best_score': 0.47963085770606995}, {'epoch': 39, 'best_score': 0.47842156887054443}, {'epoch': 40, 'best_score': 0.4787726402282715}, {'epoch': 41, 'best_score': 0.48031771183013916}, {'epoch': 42, 'best_score': 0.4830843508243561}, {'epoch': 43, 'best_score': 0.4840778112411499}, {'epoch': 44, 'best_score': 0.48291143774986267}, {'epoch': 45, 'best_score': 0.48132941126823425}, {'epoch': 46, 'best_score': 0.48160824179649353}, {'epoch': 47, 'best_score': 0.4860955476760864}, {'epoch': 48, 'best_score': 0.4884034991264343}, {'epoch': 49, 'best_score': 0.4857156574726105}]",domainnet,2,DANN,logits,345.0,0.8101378083229065,0.8101378083229065,0.38572534918785095,0.38727834820747375,splits_domainnet_DANN_2_0_b09dc755c62e.npz,b09dc755c62e,False,False,,,,,,,0.5314587762034735,logits_vs_features,logits,IW overlap critic | W=2 | seed=0 (plug-in),True,
iw_overlap_critic,2.0,0.0,28152.0,15295.0,7040.0,3825.0,0.8072443181818182,0.0,1.0,0.9051699638366699,0.5,0.5,0.6486807465553284,0.2190219759941101,7564.0,1212.0,3783.0,649.0,0.13984614336382015,0.2661437908496732,6297.0,743.0,2807.0,1018.0,ok,plugin,False,,4955.603804889766,4767.6409604681585,1.9968476695561426,0.691303247065471,1.6830702156788684,0.8113948919449901,0.21594771241830066,0.3557938557821208,0.6442061442178793,0.6442061442178793,False,37.0,23.0,0.4443954527378082,0.40152135491371155,0.8459168076515198,"[{'epoch': 0, 'best_score': 0.01732414960861206}, {'epoch': 1, 'best_score': 0.05708205699920654}, {'epoch': 2, 'best_score': 0.1180160641670227}, {'epoch': 3, 'best_score': 0.16984903812408447}, {'epoch': 4, 'best_score': 0.21304625272750854}, {'epoch': 5, 'best_score': 0.25100183486938477}, {'epoch': 6, 'best_score': 0.27646201848983765}, {'epoch': 7, 'best_score': 0.30372118949890137}, {'epoch': 8, 'best_score': 0.31286031007766724}, {'epoch': 9, 'best_score': 0.3344470262527466}, {'epoch': 10, 'best_score': 0.3439129590988159}, {'epoch': 11, 'best_score': 0.3511075973510742}, {'epoch': 12, 'best_score': 0.36100101470947266}, {'epoch': 13, 'best_score': 0.36132383346557617}, {'epoch': 14, 'best_score': 0.363680362701416}, {'epoch': 15, 'best_score': 0.3686593472957611}, {'epoch': 16, 'best_score': 0.37440475821495056}, {'epoch': 17, 'best_score': 0.3784940838813782}, {'epoch': 18, 'best_score': 0.3827645778656006}, {'epoch': 19, 'best_score': 0.39100444316864014}, {'epoch': 20, 'best_score': 0.3946276903152466}, {'epoch': 21, 'best_score': 0.39815226197242737}, {'epoch': 22, 'best_score': 0.4037906527519226}, {'epoch': 23, 'best_score': 0.4077570140361786}, {'epoch': 24, 'best_score': 0.4103063642978668}, {'epoch': 25, 'best_score': 0.4137504994869232}, {'epoch': 26, 'best_score': 0.41517046093940735}, {'epoch': 27, 'best_score': 0.4181605279445648}, {'epoch': 28, 'best_score': 0.4191466271877289}, {'epoch': 29, 'best_score': 0.4232998192310333}, {'epoch': 30, 'best_score': 0.42652466893196106}, {'epoch': 31, 'best_score': 0.4253808259963989}, {'epoch': 32, 'best_score': 0.42570945620536804}, {'epoch': 33, 'best_score': 0.4332077205181122}, {'epoch': 34, 'best_score': 0.4376983344554901}, {'epoch': 35, 'best_score': 0.4379924535751343}, {'epoch': 36, 'best_score': 0.4382501542568207}, {'epoch': 37, 'best_score': 0.4443954527378082}, {'epoch': 38, 'best_score': 0.44192320108413696}, {'epoch': 39, 'best_score': 0.43758249282836914}, {'epoch': 40, 'best_score': 0.437140554189682}, {'epoch': 41, 'best_score': 0.43814781308174133}, {'epoch': 42, 'best_score': 0.4377538859844208}, {'epoch': 43, 'best_score': 0.436551570892334}, {'epoch': 44, 'best_score': 0.43504035472869873}, {'epoch': 45, 'best_score': 0.43570926785469055}, {'epoch': 46, 'best_score': 0.4378053545951843}, {'epoch': 47, 'best_score': 0.4378928244113922}, {'epoch': 48, 'best_score': 0.43766987323760986}, {'epoch': 49, 'best_score': 0.4394582211971283}]",domainnet,3,DANN,logits,345.0,0.8096050024032593,0.8096050024032593,0.4719189405441284,0.46562090516090393,splits_domainnet_DANN_3_0_b09dc755c62e.npz,b09dc755c62e,False,False,,,,,,,0.6442061442178793,logits_vs_features,logits,IW overlap critic | W=2 | seed=0 (plug-in),True,
iw_overlap_critic,2.0,0.0,28152.0,9910.0,7040.0,2478.0,0.8025568181818181,0.0,1.0,0.8766927123069763,0.5,0.5,0.7155721187591553,0.1901533603668213,7635.0,1312.0,3800.0,656.0,0.12172763005943724,0.44552058111380144,6367.0,673.0,1374.0,1104.0,ok,plugin,False,,3927.2573157152947,4157.312793369796,1.9978023845224555,0.4898443620699584,1.5914362580035755,0.8161231884057971,0.3635996771589992,0.4853273072184364,0.5146726927815636,0.5146726927815636,False,28.0,19.0,0.39540085196495056,0.4552089273929596,0.8506097793579102,"[{'epoch': 0, 'best_score': 0.02819526195526123}, {'epoch': 1, 'best_score': 0.09589660167694092}, {'epoch': 2, 'best_score': 0.17879706621170044}, {'epoch': 3, 'best_score': 0.2417217493057251}, {'epoch': 4, 'best_score': 0.2837611436843872}, {'epoch': 5, 'best_score': 0.3125878572463989}, {'epoch': 6, 'best_score': 0.3225436806678772}, {'epoch': 7, 'best_score': 0.3340965509414673}, {'epoch': 8, 'best_score': 0.34379780292510986}, {'epoch': 9, 'best_score': 0.343011736869812}, {'epoch': 10, 'best_score': 0.3434975743293762}, {'epoch': 11, 'best_score': 0.34317976236343384}, {'epoch': 12, 'best_score': 0.349622905254364}, {'epoch': 13, 'best_score': 0.3461017608642578}, {'epoch': 14, 'best_score': 0.35873809456825256}, {'epoch': 15, 'best_score': 0.36060255765914917}, {'epoch': 16, 'best_score': 0.3618447482585907}, {'epoch': 17, 'best_score': 0.3628022074699402}, {'epoch': 18, 'best_score': 0.3728024661540985}, {'epoch': 19, 'best_score': 0.37643343210220337}, {'epoch': 20, 'best_score': 0.37964120507240295}, {'epoch': 21, 'best_score': 0.37712156772613525}, {'epoch': 22, 'best_score': 0.380984365940094}, {'epoch': 23, 'best_score': 0.3821936249732971}, {'epoch': 24, 'best_score': 0.3845711052417755}, {'epoch': 25, 'best_score': 0.39118272066116333}, {'epoch': 26, 'best_score': 0.39403945207595825}, {'epoch': 27, 'best_score': 0.38969886302948}, {'epoch': 28, 'best_score': 0.39540085196495056}, {'epoch': 29, 'best_score': 0.38634881377220154}, {'epoch': 30, 'best_score': 0.389579713344574}, {'epoch': 31, 'best_score': 0.3874175250530243}, {'epoch': 32, 'best_score': 0.38896921277046204}, {'epoch': 33, 'best_score': 0.3907358944416046}, {'epoch': 34, 'best_score': 0.3905488848686218}, {'epoch': 35, 'best_score': 0.38990241289138794}, {'epoch': 36, 'best_score': 0.39236289262771606}, {'epoch': 37, 'best_score': 0.393326997756958}, {'epoch': 38, 'best_score': 0.3907625377178192}, {'epoch': 39, 'best_score': 0.3870103359222412}, {'epoch': 40, 'best_score': 0.3882843554019928}, {'epoch': 41, 'best_score': 0.3874165415763855}, {'epoch': 42, 'best_score': 0.3890380561351776}, {'epoch': 43, 'best_score': 0.3893352448940277}, {'epoch': 44, 'best_score': 0.3922048807144165}, {'epoch': 45, 'best_score': 0.39181461930274963}, {'epoch': 46, 'best_score': 0.39195170998573303}, {'epoch': 47, 'best_score': 0.39029669761657715}, {'epoch': 48, 'best_score': 0.38957932591438293}, {'epoch': 49, 'best_score': 0.39242738485336304}]",domainnet,1,CDANN,logits,345.0,0.8055910468101501,0.8055910468101501,0.5121089816093445,0.5205811262130737,splits_domainnet_CDANN_1_0_b09dc755c62e.npz,b09dc755c62e,False,True,,,,,,,0.5146726927815636,logits_vs_features,logits,IW overlap critic | W=2 | seed=0 (plug-in),True,
iw_overlap_critic,2.0,0.0,28152.0,14207.0,7040.0,3553.0,0.8004261363636364,0.0,1.0,0.8212013840675354,0.5,0.5,0.7187232375144958,0.18246705830097198,7632.0,2144.0,3792.0,1092.0,0.11592182109816551,0.5161835068955812,6333.0,707.0,1719.0,1834.0,ok,plugin,False,,3608.061953668724,3864.7679997049872,1.9994099113240462,0.4280133463159136,1.563187840723199,0.88113413304253,0.4548269068392908,0.5707487279374563,0.42925127206254365,0.42925127206254365,False,40.0,13.0,0.37863683700561523,0.5114730596542358,0.8901098966598511,"[{'epoch': 0, 'best_score': 0.024409592151641846}, {'epoch': 1, 'best_score': 0.08057397603988647}, {'epoch': 2, 'best_score': 0.16891032457351685}, {'epoch': 3, 'best_score': 0.22045189142227173}, {'epoch': 4, 'best_score': 0.27366161346435547}, {'epoch': 5, 'best_score': 0.29300957918167114}, {'epoch': 6, 'best_score': 0.30683279037475586}, {'epoch': 7, 'best_score': 0.3179536461830139}, {'epoch': 8, 'best_score': 0.32868146896362305}, {'epoch': 9, 'best_score': 0.33062732219696045}, {'epoch': 10, 'best_score': 0.3279157876968384}, {'epoch': 11, 'best_score': 0.3293582797050476}, {'epoch': 12, 'best_score': 0.33346372842788696}, {'epoch': 13, 'best_score': 0.3395354151725769}, {'epoch': 14, 'best_score': 0.3518020510673523}, {'epoch': 15, 'best_score': 0.35830509662628174}, {'epoch': 16, 'best_score': 0.35925179719924927}, {'epoch': 17, 'best_score': 0.3606840968132019}, {'epoch': 18, 'best_score': 0.36171233654022217}, {'epoch': 19, 'best_score': 0.362646222114563}, {'epoch': 20, 'best_score': 0.36394840478897095}, {'epoch': 21, 'best_score': 0.36615777015686035}, {'epoch': 22, 'best_score': 0.3698861002922058}, {'epoch': 23, 'best_score': 0.3756920099258423}, {'epoch': 24, 'best_score': 0.3725707530975342}, {'epoch': 25, 'best_score': 0.370022714138031}, {'epoch': 26, 'best_score': 0.36958634853363037}, {'epoch': 27, 'best_score': 0.3682537078857422}, {'epoch': 28, 'best_score': 0.37022846937179565}, {'epoch': 29, 'best_score': 0.37155836820602417}, {'epoch': 30, 'best_score': 0.37650173902511597}, {'epoch': 31, 'best_score': 0.3757811188697815}, {'epoch': 32, 'best_score': 0.37592214345932007}, {'epoch': 33, 'best_score': 0.3770092725753784}, {'epoch': 34, 'best_score': 0.3757161498069763}, {'epoch': 35, 'best_score': 0.37535667419433594}, {'epoch': 36, 'best_score': 0.37696462869644165}, {'epoch': 37, 'best_score': 0.37333929538726807}, {'epoch': 38, 'best_score': 0.374885618686676}, {'epoch': 39, 'best_score': 0.3752650022506714}, {'epoch': 40, 'best_score': 0.37863683700561523}, {'epoch': 41, 'best_score': 0.37823009490966797}, {'epoch': 42, 'best_score': 0.3766290545463562}, {'epoch': 43, 'best_score': 0.3750419616699219}, {'epoch': 44, 'best_score': 0.37444257736206055}, {'epoch': 45, 'best_score': 0.3750292658805847}, {'epoch': 46, 'best_score': 0.3764285445213318}, {'epoch': 47, 'best_score': 0.37536323070526123}, {'epoch': 48, 'best_score': 0.37554556131362915}, {'epoch': 49, 'best_score': 0.3758559823036194}]",domainnet,2,CDANN,logits,345.0,0.8071539998054504,0.8071539998054504,0.42063772678375244,0.4218969941139221,splits_domainnet_CDANN_2_0_b09dc755c62e.npz,b09dc755c62e,False,False,,,,,,,0.42925127206254365,logits_vs_features,logits,IW overlap critic | W=2 | seed=0 (plug-in),True,
iw_overlap_critic,2.0,0.0,28152.0,15295.0,7040.0,3825.0,0.8063920454545455,0.0,1.0,0.8649395108222961,0.5,0.5,0.6886382102966309,0.20106446743011475,7521.0,1858.0,3734.0,945.0,0.1181812044712839,0.40784313725490196,6254.0,786.0,2265.0,1560.0,ok,plugin,False,,4117.338747694619,4295.258617316316,1.9978812904466472,0.5423618427242287,1.5934886840018836,0.8839743589743589,0.36052287581699344,0.4787040802882773,0.5212959197117226,0.5212959197117226,False,43.0,22.0,0.36541640758514404,0.505483090877533,0.870899498462677,"[{'epoch': 0, 'best_score': 0.02779221534729004}, {'epoch': 1, 'best_score': 0.09068655967712402}, {'epoch': 2, 'best_score': 0.15490299463272095}, {'epoch': 3, 'best_score': 0.2156541347503662}, {'epoch': 4, 'best_score': 0.25741660594940186}, {'epoch': 5, 'best_score': 0.28661006689071655}, {'epoch': 6, 'best_score': 0.30045121908187866}, {'epoch': 7, 'best_score': 0.31153661012649536}, {'epoch': 8, 'best_score': 0.30932068824768066}, {'epoch': 9, 'best_score': 0.31615209579467773}, {'epoch': 10, 'best_score': 0.31394147872924805}, {'epoch': 11, 'best_score': 0.3152170181274414}, {'epoch': 12, 'best_score': 0.31693071126937866}, {'epoch': 13, 'best_score': 0.3189659118652344}, {'epoch': 14, 'best_score': 0.3211197853088379}, {'epoch': 15, 'best_score': 0.3248538374900818}, {'epoch': 16, 'best_score': 0.32450270652770996}, {'epoch': 17, 'best_score': 0.3277261257171631}, {'epoch': 18, 'best_score': 0.3314061164855957}, {'epoch': 19, 'best_score': 0.33597588539123535}, {'epoch': 20, 'best_score': 0.3411630392074585}, {'epoch': 21, 'best_score': 0.3389635682106018}, {'epoch': 22, 'best_score': 0.34006112813949585}, {'epoch': 23, 'best_score': 0.34268707036972046}, {'epoch': 24, 'best_score': 0.34205448627471924}, {'epoch': 25, 'best_score': 0.3457193374633789}, {'epoch': 26, 'best_score': 0.34737592935562134}, {'epoch': 27, 'best_score': 0.3499256372451782}, {'epoch': 28, 'best_score': 0.3511275053024292}, {'epoch': 29, 'best_score': 0.3532409071922302}, {'epoch': 30, 'best_score': 0.35383355617523193}, {'epoch': 31, 'best_score': 0.3570874333381653}, {'epoch': 32, 'best_score': 0.3559495210647583}, {'epoch': 33, 'best_score': 0.3562234044075012}, {'epoch': 34, 'best_score': 0.3576391935348511}, {'epoch': 35, 'best_score': 0.3598889112472534}, {'epoch': 36, 'best_score': 0.358292818069458}, {'epoch': 37, 'best_score': 0.3602306842803955}, {'epoch': 38, 'best_score': 0.36422818899154663}, {'epoch': 39, 'best_score': 0.3627747893333435}, {'epoch': 40, 'best_score': 0.3625011444091797}, {'epoch': 41, 'best_score': 0.36119258403778076}, {'epoch': 42, 'best_score': 0.36342060565948486}, {'epoch': 43, 'best_score': 0.36541640758514404}, {'epoch': 44, 'best_score': 0.3648585081100464}, {'epoch': 45, 'best_score': 0.36319905519485474}, {'epoch': 46, 'best_score': 0.3629693388938904}, {'epoch': 47, 'best_score': 0.36485981941223145}, {'epoch': 48, 'best_score': 0.3643229603767395}, {'epoch': 49, 'best_score': 0.3641068637371063}]",domainnet,3,CDANN,logits,345.0,0.8074381947517395,0.8074381947517395,0.49369075894355774,0.48549020290374756,splits_domainnet_CDANN_3_0_b09dc755c62e.npz,b09dc755c62e,False,False,,,,,,,0.5212959197117226,logits_vs_features,logits,IW overlap critic | W=2 | seed=0 (plug-in),True,
iw_overlap_critic,2.0,0.0,1700.0,8804.0,425.0,2203.0,0.8658823529411764,0.0,1.0,16.756206512451172,0.5,0.5,0.5182152390480042,0.24998150765895844,,,,,0.13440250150973013,0.0,425.0,0.0,2203.0,0.0,ok,plugin,False,,425.7139188017252,424.86625879663194,1.0612811485222913,0.9998074373474651,1.0357852693822998,,0.0,0.13440250150973013,0.8655974984902699,0.8655974984902699,False,,,,,,,living17,1,DANN,logits,17.0,0.8994117379188538,0.8994117379188538,0.6758291721343994,0.6876986026763916,splits_living17_DANN_1_0_b09dc755c62e.npz,b09dc755c62e,False,False,,,,,,,0.8655974984902699,logits_vs_features,logits,IW overlap critic | W=2 | seed=0 (plug-in),True,
iw_overlap_critic,2.0,0.0,1700.0,68.0,425.0,19.0,0.8823529411764706,0.0,1.0,54.598148345947266,0.5,0.5,0.386274516582489,0.2505391836166382,,,,,0.11527369713515521,0.0,425.0,0.0,19.0,0.0,ok,plugin,False,,418.91730653790717,424.70318210046617,1.0586324638397553,0.9846885207200412,1.02813654610826,,0.0,0.11527369713515521,0.8847263028648448,0.8847263028648448,False,,,,,,,living17,2,DANN,logits,17.0,0.9094117283821106,0.9094117283821106,0.8970588445663452,0.8421052694320679,splits_living17_DANN_2_0_b09dc755c62e.npz,b09dc755c62e,True,False,,,,,,,0.8847263028648448,logits_vs_features,logits,IW overlap critic | W=2 | seed=0 (plug-in),True,
iw_overlap_critic,2.0,0.0,1700.0,68.0,425.0,19.0,0.8894117647058823,0.0,1.0,7.57162618637085,0.5,0.5,0.501960813999176,0.24727191030979156,,,,,0.10234834389651595,0.0,425.0,0.0,19.0,0.0,ok,plugin,False,,397.8374561170127,412.0984209205271,1.5756817925313693,0.9067214651156508,1.265744834394328,,0.0,0.10234834389651595,0.8976516561034841,0.8976516561034841,False,,,,,,,living17,3,DANN,logits,17.0,0.9052940607070923,0.9052940607070923,0.5882353186607361,0.6842105388641357,splits_living17_DANN_3_0_b09dc755c62e.npz,b09dc755c62e,False,False,,,,,,,0.8976516561034841,logits_vs_features,logits,IW overlap critic | W=2 | seed=0 (plug-in),True,
iw_overlap_critic,2.0,0.0,1700.0,8804.0,425.0,2203.0,0.8894117647058823,0.0,1.0,11.750850677490234,0.5,0.5,0.5014705657958984,0.2499570995569229,,,,,0.11126764865826196,0.0,425.0,0.0,2203.0,0.0,ok,plugin,False,,426.08420396009734,424.696152932278,1.103055487160864,1.0032600364648732,1.050696652820813,,0.0,0.11126764865826196,0.888732351341738,0.888732351341738,False,,,,,,,living17,1,CDANN,logits,17.0,0.9052940607070923,0.9052940607070923,0.6863925457000732,0.6981388926506042,splits_living17_CDANN_1_0_b09dc755c62e.npz,b09dc755c62e,False,False,,,,,,,0.888732351341738,logits_vs_features,logits,IW overlap critic | W=2 | seed=0 (plug-in),True,
iw_overlap_critic,2.0,0.0,1700.0,68.0,425.0,19.0,0.8917647058823529,0.0,1.0,54.598148345947266,0.5,0.5,0.5049019455909729,0.2506290674209595,,,,,0.10663075780699113,0.0,425.0,0.0,19.0,0.0,ok,plugin,False,,420.0787161721404,424.8003173714308,1.0622783326012735,0.9874614814400315,1.0250536946908158,,0.0,0.10663075780699113,0.8933692421930088,0.8933692421930088,False,,,,,,,living17,2,CDANN,logits,17.0,0.9094117283821106,0.9094117283821106,0.8676470518112183,0.8421052694320679,splits_living17_CDANN_2_0_b09dc755c62e.npz,b09dc755c62e,False,False,,,,,,,0.8933692421930088,logits_vs_features,logits,IW overlap critic | W=2 | seed=0 (plug-in),True,
iw_overlap_critic,2.0,0.0,1700.0,68.0,425.0,19.0,0.8823529411764706,0.0,1.0,54.598148345947266,0.5,0.5,0.5470588207244873,0.25016355514526367,,,,,0.11620512572633702,0.0,425.0,0.0,19.0,0.0,ok,plugin,False,,421.52037358016673,424.79365637634123,1.0574743452587514,0.9908828841757463,1.0305761199853098,,0.0,0.11620512572633702,0.883794874273663,0.883794874273663,False,,,,,,,living17,3,CDANN,logits,17.0,0.9052940607070923,0.9052940607070923,0.5588235259056091,0.6315789222717285,splits_living17_CDANN_3_0_b09dc755c62e.npz,b09dc755c62e,False,False,,,,,,,0.883794874273663,logits_vs_features,logits,IW overlap critic | W=2 | seed=0 (plug-in),True,
iw_overlap_critic,2.0,0.0,2600.0,13282.0,650.0,3322.0,0.8046153846153846,0.0,1.0,12.373048782348633,0.5,0.5,0.49578893184661865,0.24997884035110474,,,,,0.1953306662241803,0.0,650.0,0.0,3322.0,0.0,ok,plugin,False,,650.5700602589743,649.7727854777203,1.0844597336415018,1.0017832600681866,1.0304142378909953,,0.0,0.1953306662241803,0.8046693337758197,0.8046693337758197,False,,,,,,,nonliving26,1,DANN,logits,26.0,0.8126922845840454,0.8126922845840454,0.5122722387313843,0.5192654728889465,splits_nonliving26_DANN_1_0_b09dc755c62e.npz,b09dc755c62e,False,False,,,,,,,0.8046693337758197,logits_vs_features,logits,IW overlap critic | W=2 | seed=0 (plug-in),True,
iw_overlap_critic,2.0,0.0,2600.0,104.0,650.0,28.0,0.8292307692307692,0.0,1.0,54.598148345947266,0.5,0.5,0.38846156001091003,0.25114089250564575,,,,,0.16928835900196756,0.0,650.0,0.0,28.0,0.0,ok,plugin,False,,644.5054915247124,649.6497218998405,1.083841619850997,0.9902270713354869,1.0315954847034363,,0.0,0.16928835900196756,0.8307116409980324,0.8307116409980324,False,,,,,,,nonliving26,2,DANN,logits,26.0,0.8176922798156738,0.8176922798156738,0.75,0.7142857313156128,splits_nonliving26_DANN_2_0_b09dc755c62e.npz,b09dc755c62e,False,False,,,,,,,0.8307116409980324,logits_vs_features,logits,IW overlap critic | W=2 | seed=0 (plug-in),True,
iw_overlap_critic,2.0,0.0,2600.0,104.0,650.0,28.0,0.8246153846153846,0.0,1.0,54.598148345947266,0.5,0.5,0.5365384817123413,0.25105389952659607,,,,,0.1741453063713572,0.0,650.0,0.0,28.0,0.0,ok,plugin,False,,645.0326499819731,649.7080949542882,1.0594409484206764,0.9929202071237218,1.0243252824099547,,0.0,0.1741453063713572,0.8258546936286428,0.8258546936286428,False,,,,,,,nonliving26,3,DANN,logits,26.0,0.8146153688430786,0.8146153688430786,0.4038461744785309,0.3214285969734192,splits_nonliving26_DANN_3_0_b09dc755c62e.npz,b09dc755c62e,False,False,,,,,,,0.8258546936286428,logits_vs_features,logits,IW overlap critic | W=2 | seed=0 (plug-in),True,
iw_overlap_critic,2.0,0.0,2600.0,13282.0,650.0,3322.0,0.8169230769230769,0.0,1.0,7.686832904815674,0.5,0.5,0.5021895170211792,0.2498849332332611,,,,,0.18470858540349727,0.0,650.0,0.0,3322.0,0.0,ok,plugin,False,,652.078458608405,648.7735821328986,1.154293146524031,1.0011564015750678,1.0730162357120294,,0.0,0.18470858540349727,0.8152914145965027,0.8152914145965027,False,,,,,,,nonliving26,1,CDANN,logits,26.0,0.8176922798156738,0.8176922798156738,0.5332028269767761,0.5352197289466858,splits_nonliving26_CDANN_1_0_b09dc755c62e.npz,b09dc755c62e,False,False,,,,,,,0.8152914145965027,logits_vs_features,logits,IW overlap critic | W=2 | seed=0 (plug-in),True,
iw_overlap_critic,2.0,0.0,2600.0,104.0,650.0,28.0,0.8138461538461539,0.0,1.0,54.598148345947266,0.5,0.5,0.48653846979141235,0.25163984298706055,,,,,0.1845057090510275,0.0,650.0,0.0,28.0,0.0,ok,plugin,False,,644.9818944649705,649.6228527621274,1.0793665205549292,0.9921471149917618,1.0302029240740564,,0.0,0.1845057090510275,0.8154942909489725,0.8154942909489725,False,,,,,,,nonliving26,2,CDANN,logits,26.0,0.8165384531021118,0.8165384531021118,0.7692307829856873,0.7500000596046448,splits_nonliving26_CDANN_2_0_b09dc755c62e.npz,b09dc755c62e,False,False,,,,,,,0.8154942909489725,logits_vs_features,logits,IW overlap critic | W=2 | seed=0 (plug-in),True,
iw_overlap_critic,2.0,0.0,2600.0,104.0,650.0,28.0,0.8123076923076923,0.0,1.0,54.598148345947266,0.5,0.5,0.4596153795719147,0.2510206997394562,,,,,0.1850543678115881,0.0,650.0,0.0,28.0,0.0,ok,plugin,False,,643.5940549638867,649.6215182317272,1.084804199780962,0.990470618796623,1.0240975172141382,,0.0,0.1850543678115881,0.8149456321884119,0.8149456321884119,False,,,,,,,nonliving26,3,CDANN,logits,26.0,0.822692334651947,0.822692334651947,0.4038461744785309,0.3214285969734192,splits_nonliving26_CDANN_3_0_b09dc755c62e.npz,b09dc755c62e,False,False,,,,,,,0.8149456321884119,logits_vs_features,logits,IW overlap critic | W=2 | seed=0 (plug-in),True,
iw_overlap_critic,2.0,0.0,11745.0,35070.0,2938.0,8768.0,0.6388699795779442,0.0,1.0,1.3752713203430176,0.5,0.5,0.5431007146835327,0.24704568088054657,3523.0,0.0,1761.0,0.0,0.3477126161235499,0.00011405109489051095,2938.0,0.0,8767.0,1.0,unsupported_critic_region,plugin,False,,2928.57190049212,2803.9752075361216,1.9233309087236736,0.9926772360639708,1.3669665766860113,,,,,,,,,,,,,fmow,1,DANN,logits,62.0,0.6519370079040527,0.6519370079040527,0.6103222370147705,0.6077782511711121,splits_fmow_DANN_1_0_b09dc755c62e.npz,b09dc755c62e,,,,,,,,,,logits_vs_features,logits,IW overlap critic | W=2 | seed=0 (plug-in),False,
iw_overlap_critic,2.0,0.0,11745.0,39088.0,2938.0,9774.0,0.6344452008168822,0.0,1.0,1.2399344444274902,0.5,0.5,0.5546964406967163,0.24482622742652893,3516.0,54.0,1758.0,30.0,0.3673036530978637,0.004194802537343974,2933.0,5.0,9733.0,41.0,ok,plugin,False,,2934.187897729764,2704.83369420676,1.997981294933825,0.9752372129983414,1.520629949143691,0.9512195121951219,0.003990178023327195,0.3712938311211909,0.6287061688788091,0.6287061688788091,False,49.0,9.0,0.39933454990386963,0.5339987874031067,0.9333333373069763,"[{'epoch': 0, 'best_score': 0.05031406879425049}, {'epoch': 1, 'best_score': 0.049150705337524414}, {'epoch': 2, 'best_score': 0.04948747158050537}, {'epoch': 3, 'best_score': 0.07332289218902588}, {'epoch': 4, 'best_score': 0.07479143142700195}, {'epoch': 5, 'best_score': 0.08706676959991455}, {'epoch': 6, 'best_score': 0.1235608458518982}, {'epoch': 7, 'best_score': 0.1340886950492859}, {'epoch': 8, 'best_score': 0.14697575569152832}, {'epoch': 9, 'best_score': 0.13060671091079712}, {'epoch': 10, 'best_score': 0.14724695682525635}, {'epoch': 11, 'best_score': 0.15426254272460938}, {'epoch': 12, 'best_score': 0.16484665870666504}, {'epoch': 13, 'best_score': 0.1612038016319275}, {'epoch': 14, 'best_score': 0.17595958709716797}, {'epoch': 15, 'best_score': 0.20010316371917725}, {'epoch': 16, 'best_score': 0.21972179412841797}, {'epoch': 17, 'best_score': 0.2017781138420105}, {'epoch': 18, 'best_score': 0.2100568413734436}, {'epoch': 19, 'best_score': 0.21381765604019165}, {'epoch': 20, 'best_score': 0.2588404417037964}, {'epoch': 21, 'best_score': 0.23920118808746338}, {'epoch': 22, 'best_score': 0.2570924758911133}, {'epoch': 23, 'best_score': 0.27093344926834106}, {'epoch': 24, 'best_score': 0.25267887115478516}, {'epoch': 25, 'best_score': 0.22541677951812744}, {'epoch': 26, 'best_score': 0.2317894697189331}, {'epoch': 27, 'best_score': 0.25158947706222534}, {'epoch': 28, 'best_score': 0.2588505148887634}, {'epoch': 29, 'best_score': 0.2801029086112976}, {'epoch': 30, 'best_score': 0.27100861072540283}, {'epoch': 31, 'best_score': 0.275402307510376}, {'epoch': 32, 'best_score': 0.3169061541557312}, {'epoch': 33, 'best_score': 0.32589399814605713}, {'epoch': 34, 'best_score': 0.30329108238220215}, {'epoch': 35, 'best_score': 0.3119196891784668}, {'epoch': 36, 'best_score': 0.3199650049209595}, {'epoch': 37, 'best_score': 0.3130599856376648}, {'epoch': 38, 'best_score': 0.2933189868927002}, {'epoch': 39, 'best_score': 0.2994491457939148}, {'epoch': 40, 'best_score': 0.30744045972824097}, {'epoch': 41, 'best_score': 0.31638914346694946}, {'epoch': 42, 'best_score': 0.32375872135162354}, {'epoch': 43, 'best_score': 0.3523852825164795}, {'epoch': 44, 'best_score': 0.3551301956176758}, {'epoch': 45, 'best_score': 0.3576599955558777}, {'epoch': 46, 'best_score': 0.3640671372413635}, {'epoch': 47, 'best_score': 0.35840904712677}, {'epoch': 48, 'best_score': 0.39524245262145996}, {'epoch': 49, 'best_score': 0.39933454990386963}]",fmow,2,DANN,logits,62.0,0.6504895687103271,0.6504895687103271,0.5482756495475769,0.5545324683189392,splits_fmow_DANN_2_0_b09dc755c62e.npz,b09dc755c62e,False,False,,,,,,,0.6287061688788091,logits_vs_features,logits,IW overlap critic | W=2 | seed=0 (plug-in),True,
iw_overlap_critic,2.0,0.0,11745.0,35070.0,2938.0,8768.0,0.6466984343090538,0.0,1.0,1.8349958658218384,0.5,0.5,0.5341331958770752,0.24863222241401672,,,,,0.3426043167961404,0.0,2938.0,0.0,8768.0,0.0,ok,plugin,False,,2918.0342649050135,2868.1767215168447,1.6569677801272777,0.9914839096654237,1.25340373746778,,0.0,0.3426043167961404,0.6573956832038597,0.6573956832038597,False,,,,,,,fmow,1,CDANN,logits,62.0,0.6558535695075989,0.6558535695075989,0.605617344379425,0.6010492444038391,splits_fmow_CDANN_1_0_b09dc755c62e.npz,b09dc755c62e,False,False,,,,,,,0.6573956832038597,logits_vs_features,logits,IW overlap critic | W=2 | seed=0 (plug-in),True,
iw_overlap_critic,2.0,0.0,11745.0,39088.0,2938.0,9774.0,0.6446562287270252,0.0,1.0,1.397735834121704,0.5,0.5,0.5392557382583618,0.2475474327802658,3523.0,9.0,1760.0,2.0,0.35233544391650923,0.0005115612850419481,2933.0,5.0,9769.0,5.0,ok,plugin,False,,2920.9661186835483,2812.2542211522864,1.9447842355910459,0.9772699739088457,1.3634133838164981,1.0,0.0005115612850419481,0.35284700520155116,0.6471529947984489,0.6471529947984489,False,49.0,3.0,0.6619354486465454,0.338064581155777,1.0,"[{'epoch': 0, 'best_score': 0.05093318223953247}, {'epoch': 1, 'best_score': 0.06818461418151855}, {'epoch': 2, 'best_score': 0.08416527509689331}, {'epoch': 3, 'best_score': 0.11210238933563232}, {'epoch': 4, 'best_score': 0.13196969032287598}, {'epoch': 5, 'best_score': 0.16670477390289307}, {'epoch': 6, 'best_score': 0.18605166673660278}, {'epoch': 7, 'best_score': 0.20150959491729736}, {'epoch': 8, 'best_score': 0.2265254259109497}, {'epoch': 9, 'best_score': 0.23978352546691895}, {'epoch': 10, 'best_score': 0.25516027212142944}, {'epoch': 11, 'best_score': 0.279235303401947}, {'epoch': 12, 'best_score': 0.2985154390335083}, {'epoch': 13, 'best_score': 0.311826229095459}, {'epoch': 14, 'best_score': 0.33291202783584595}, {'epoch': 15, 'best_score': 0.3508053421974182}, {'epoch': 16, 'best_score': 0.37083953619003296}, {'epoch': 17, 'best_score': 0.3862820863723755}, {'epoch': 18, 'best_score': 0.4060813784599304}, {'epoch': 19, 'best_score': 0.42659229040145874}, {'epoch': 20, 'best_score': 0.44141989946365356}, {'epoch': 21, 'best_score': 0.463242769241333}, {'epoch': 22, 'best_score': 0.47863107919692993}, {'epoch': 23, 'best_score': 0.4797264337539673}, {'epoch': 24, 'best_score': 0.4955671429634094}, {'epoch': 25, 'best_score': 0.5079371929168701}, {'epoch': 26, 'best_score': 0.5196418762207031}, {'epoch': 27, 'best_score': 0.528794527053833}, {'epoch': 28, 'best_score': 0.542771577835083}, {'epoch': 29, 'best_score': 0.5513083934783936}, {'epoch': 30, 'best_score': 0.5658671259880066}, {'epoch': 31, 'best_score': 0.5748150944709778}, {'epoch': 32, 'best_score': 0.5881773233413696}, {'epoch': 33, 'best_score': 0.5930843353271484}, {'epoch': 34, 'best_score': 0.5952486395835876}, {'epoch': 35, 'best_score': 0.5995509028434753}, {'epoch': 36, 'best_score': 0.6005961894989014}, {'epoch': 37, 'best_score': 0.6038305759429932}, {'epoch': 38, 'best_score': 0.6132463812828064}, {'epoch': 39, 'best_score': 0.6191034317016602}, {'epoch': 40, 'best_score': 0.6247695684432983}, {'epoch': 41, 'best_score': 0.6315568685531616}, {'epoch': 42, 'best_score': 0.6320624947547913}, {'epoch': 43, 'best_score': 0.6378546953201294}, {'epoch': 44, 'best_score': 0.6420589089393616}, {'epoch': 45, 'best_score': 0.6457886695861816}, {'epoch': 46, 'best_score': 0.6471812725067139}, {'epoch': 47, 'best_score': 0.6539745330810547}, {'epoch': 48, 'best_score': 0.6600871086120605}, {'epoch': 49, 'best_score': 0.6619354486465454}]",fmow,2,CDANN,logits,62.0,0.6548318862915039,0.6548318862915039,0.5420845150947571,0.5445058345794678,splits_fmow_CDANN_2_0_b09dc755c62e.npz,b09dc755c62e,False,False,,,,,,,0.6471529947984489,logits_vs_features,logits,IW overlap critic | W=2 | seed=0 (plug-in),True,
iw_overlap_critic,2.0,0.0,731.0,898.0,184.0,227.0,0.9239130434782609,0.0,1.0,54.598148345947266,0.5,0.5,0.516776978969574,0.2501116991043091,,,,,0.07597543998111349,0.0,184.0,0.0,227.0,0.0,ok,plugin,False,,184.23525362979393,183.901066334617,1.0869976501999623,1.000905368661038,1.040020008602836,,0.0,0.07597543998111349,0.9240245600188866,0.9240245600188866,False,,,,,,,officehome,1,DANN,logits,65.0,0.922024667263031,0.922024667263031,0.7193763852119446,0.7268722057342529,splits_officehome_DANN_1_0_b09dc755c62e.npz,b09dc755c62e,False,False,,,,,,,0.9240245600188866,logits_vs_features,logits,IW overlap critic | W=2 | seed=0 (plug-in),True,
iw_overlap_critic,2.0,0.0,731.0,893.0,184.0,226.0,0.9021739130434783,0.0,1.0,2.617790937423706,0.5,0.5,0.5187009572982788,0.24238869547843933,213.0,8.0,105.0,3.0,0.09315480243898018,0.01327433628318584,181.0,3.0,223.0,3.0,ok,plugin,False,,182.5660578058708,165.47893903159698,1.835073674231037,0.9749627851589491,1.5662171179942692,0.6666666666666666,0.008849557522123894,0.10200435996110407,0.897995640038896,0.897995640038896,False,30.0,4.0,0.5978224277496338,0.4021776020526886,1.0,"[{'epoch': 0, 'best_score': 0.04598146677017212}, {'epoch': 1, 'best_score': 0.07824838161468506}, {'epoch': 2, 'best_score': 0.11283910274505615}, {'epoch': 3, 'best_score': 0.13716793060302734}, {'epoch': 4, 'best_score': 0.16982853412628174}, {'epoch': 5, 'best_score': 0.22070497274398804}, {'epoch': 6, 'best_score': 0.22918319702148438}, {'epoch': 7, 'best_score': 0.24973833560943604}, {'epoch': 8, 'best_score': 0.27355682849884033}, {'epoch': 9, 'best_score': 0.280473530292511}, {'epoch': 10, 'best_score': 0.3025859594345093}, {'epoch': 11, 'best_score': 0.3117782473564148}, {'epoch': 12, 'best_score': 0.3442303538322449}, {'epoch': 13, 'best_score': 0.35269033908843994}, {'epoch': 14, 'best_score': 0.37143683433532715}, {'epoch': 15, 'best_score': 0.39493077993392944}, {'epoch': 16, 'best_score': 0.4253438711166382}, {'epoch': 17, 'best_score': 0.44817495346069336}, {'epoch': 18, 'best_score': 0.4448345899581909}, {'epoch': 19, 'best_score': 0.4756675362586975}, {'epoch': 20, 'best_score': 0.4846147298812866}, {'epoch': 21, 'best_score': 0.518267035484314}, {'epoch': 22, 'best_score': 0.5219533443450928}, {'epoch': 23, 'best_score': 0.5329676866531372}, {'epoch': 24, 'best_score': 0.5459393262863159}, {'epoch': 25, 'best_score': 0.574837863445282}, {'epoch': 26, 'best_score': 0.5837290287017822}, {'epoch': 27, 'best_score': 0.5837290287017822}, {'epoch': 28, 'best_score': 0.5900652408599854}, {'epoch': 29, 'best_score': 0.5955712795257568}, {'epoch': 30, 'best_score': 0.5978224277496338}, {'epoch': 31, 'best_score': 0.2742390036582947}, {'epoch': 32, 'best_score': 0.29827097058296204}, {'epoch': 33, 'best_score': 0.29827097058296204}, {'epoch': 34, 'best_score': 0.29850882291793823}, {'epoch': 35, 'best_score': 0.29850882291793823}, {'epoch': 36, 'best_score': 0.30468806624412537}, {'epoch': 37, 'best_score': 0.26377633213996887}, {'epoch': 38, 'best_score': 0.26377633213996887}, {'epoch': 39, 'best_score': 0.26377633213996887}, {'epoch': 40, 'best_score': 0.2684968113899231}, {'epoch': 41, 'best_score': 0.267133504152298}, {'epoch': 42, 'best_score': 0.2726394832134247}, {'epoch': 43, 'best_score': 0.2830612361431122}, {'epoch': 44, 'best_score': 0.2830612361431122}, {'epoch': 45, 'best_score': 0.2921017110347748}, {'epoch': 46, 'best_score': 0.31095224618911743}, {'epoch': 47, 'best_score': 0.31095224618911743}, {'epoch': 48, 'best_score': 0.31095224618911743}, {'epoch': 49, 'best_score': 0.31095224618911743}]",officehome,2,DANN,logits,65.0,0.915184736251831,0.915184736251831,0.44904816150665283,0.45132744312286377,splits_officehome_DANN_2_0_b09dc755c62e.npz,b09dc755c62e,False,False,,,,,,,0.897995640038896,logits_vs_features,logits,IW overlap critic | W=2 | seed=0 (plug-in),True,
iw_overlap_critic,2.0,0.0,731.0,507.0,184.0,128.0,0.9130434782608696,0.0,1.0,26.049518585205078,0.5,0.5,0.5082191228866577,0.2497924417257309,,,,,0.0866913116969914,0.0,184.0,0.0,128.0,0.0,ok,plugin,False,,182.3591993506694,183.39954003699063,1.1721688523178841,0.9901303451797778,1.0828212096182739,,0.0,0.0866913116969914,0.9133086883030086,0.9133086883030086,False,,,,,,,officehome,3,DANN,logits,65.0,0.9056087732315063,0.9056087732315063,0.5364891290664673,0.5625,splits_officehome_DANN_3_0_b09dc755c62e.npz,b09dc755c62e,False,False,,,,,,,0.9133086883030086,logits_vs_features,logits,IW overlap critic | W=2 | seed=0 (plug-in),True,
iw_overlap_critic,2.0,0.0,731.0,898.0,184.0,227.0,0.9130434782608696,0.0,1.0,3.740297317504883,0.5,0.5,0.5397875905036926,0.2456914186477661,218.0,8.0,108.0,1.0,0.07922430429060734,0.022026431718061675,183.0,1.0,222.0,5.0,ok,plugin,False,,174.14573748571604,171.57385407189167,1.9334006824552201,0.9123998371665012,1.3710156904308701,0.8,0.01762114537444934,0.09684544966505668,0.9031545503349433,0.9031545503349433,False,44.0,14.0,0.6963469982147217,0.3036530017852783,1.0,"[{'epoch': 0, 'best_score': 0.07606762647628784}, {'epoch': 1, 'best_score': 0.1089773178100586}, {'epoch': 2, 'best_score': 0.11771136522293091}, {'epoch': 3, 'best_score': 0.18076980113983154}, {'epoch': 4, 'best_score': 0.19075357913970947}, {'epoch': 5, 'best_score': 0.26678383350372314}, {'epoch': 6, 'best_score': 0.3084331750869751}, {'epoch': 7, 'best_score': 0.3224315047264099}, {'epoch': 8, 'best_score': 0.3431304097175598}, {'epoch': 9, 'best_score': 0.3431304097175598}, {'epoch': 10, 'best_score': 0.3729214668273926}, {'epoch': 11, 'best_score': 0.39714932441711426}, {'epoch': 12, 'best_score': 0.43537503480911255}, {'epoch': 13, 'best_score': 0.47588419914245605}, {'epoch': 14, 'best_score': 0.5018602609634399}, {'epoch': 15, 'best_score': 0.5109368562698364}, {'epoch': 16, 'best_score': 0.5041669607162476}, {'epoch': 17, 'best_score': 0.5041669607162476}, {'epoch': 18, 'best_score': 0.5108199715614319}, {'epoch': 19, 'best_score': 0.5276877880096436}, {'epoch': 20, 'best_score': 0.5347064733505249}, {'epoch': 21, 'best_score': 0.5636533498764038}, {'epoch': 22, 'best_score': 0.5522199273109436}, {'epoch': 23, 'best_score': 0.5706721544265747}, {'epoch': 24, 'best_score': 0.5893827676773071}, {'epoch': 25, 'best_score': 0.5893827676773071}, {'epoch': 26, 'best_score': 0.5893827676773071}, {'epoch': 27, 'best_score': 0.5978626012802124}, {'epoch': 28, 'best_score': 0.6126507520675659}, {'epoch': 29, 'best_score': 0.6321542263031006}, {'epoch': 30, 'best_score': 0.6487159729003906}, {'epoch': 31, 'best_score': 0.6335181593894958}, {'epoch': 32, 'best_score': 0.6439189910888672}, {'epoch': 33, 'best_score': 0.6439189910888672}, {'epoch': 34, 'best_score': 0.6439189910888672}, {'epoch': 35, 'best_score': 0.6533307433128357}, {'epoch': 36, 'best_score': 0.6580471992492676}, {'epoch': 37, 'best_score': 0.6697983741760254}, {'epoch': 38, 'best_score': 0.6709904670715332}, {'epoch': 39, 'best_score': 0.6777132153511047}, {'epoch': 40, 'best_score': 0.6777132153511047}, {'epoch': 41, 'best_score': 0.6777132153511047}, {'epoch': 42, 'best_score': 0.687997579574585}, {'epoch': 43, 'best_score': 0.6791456937789917}, {'epoch': 44, 'best_score': 0.6963469982147217}, {'epoch': 45, 'best_score': 0.6963469982147217}, {'epoch': 46, 'best_score': 0.6963469982147217}, {'epoch': 47, 'best_score': 0.6963469982147217}, {'epoch': 48, 'best_score': 0.6963469982147217}, {'epoch': 49, 'best_score': 0.6963469982147217}]",officehome,1,CDANN,logits,65.0,0.9138167500495911,0.9138167500495911,0.730512261390686,0.7488986253738403,splits_officehome_CDANN_1_0_b09dc755c62e.npz,b09dc755c62e,False,False,,,,,,,0.9031545503349433,logits_vs_features,logits,IW overlap critic | W=2 | seed=0 (plug-in),True,
iw_overlap_critic,2.0,0.0,731.0,893.0,184.0,226.0,0.8913043478260869,0.0,1.0,0.9094792604446411,0.5,0.5,0.7025550603866577,0.18405568599700928,200.0,119.0,99.0,73.0,0.07137084277419865,0.4823008849557522,165.0,19.0,117.0,109.0,ok,plugin,False,,87.73429802641188,98.23613620064572,1.9939822721595453,0.3541240294537175,1.3825622656253547,0.8440366972477065,0.40707964601769914,0.4784504887918978,0.5215495112081022,0.5215495112081022,False,48.0,12.0,0.2302723526954651,0.6738372445106506,0.9041095972061157,"[{'epoch': 0, 'best_score': 0.08622634410858154}, {'epoch': 1, 'best_score': 0.08328306674957275}, {'epoch': 2, 'best_score': 0.054549217224121094}, {'epoch': 3, 'best_score': 0.08038890361785889}, {'epoch': 4, 'best_score': 0.10289657115936279}, {'epoch': 5, 'best_score': 0.12832355499267578}, {'epoch': 6, 'best_score': 0.09232127666473389}, {'epoch': 7, 'best_score': 0.0986819863319397}, {'epoch': 8, 'best_score': 0.1071285605430603}, {'epoch': 9, 'best_score': 0.11983144283294678}, {'epoch': 10, 'best_score': 0.1526392102241516}, {'epoch': 11, 'best_score': 0.15152567625045776}, {'epoch': 12, 'best_score': 0.16493606567382812}, {'epoch': 13, 'best_score': 0.17863470315933228}, {'epoch': 14, 'best_score': 0.1738741397857666}, {'epoch': 15, 'best_score': 0.1636788249015808}, {'epoch': 16, 'best_score': 0.20345062017440796}, {'epoch': 17, 'best_score': 0.18575292825698853}, {'epoch': 18, 'best_score': 0.18403440713882446}, {'epoch': 19, 'best_score': 0.18403440713882446}, {'epoch': 20, 'best_score': 0.1793806552886963}, {'epoch': 21, 'best_score': 0.19971227645874023}, {'epoch': 22, 'best_score': 0.1855924129486084}, {'epoch': 23, 'best_score': 0.18078720569610596}, {'epoch': 24, 'best_score': 0.19500654935836792}, {'epoch': 25, 'best_score': 0.19500654935836792}, {'epoch': 26, 'best_score': 0.17659378051757812}, {'epoch': 27, 'best_score': 0.1825571060180664}, {'epoch': 28, 'best_score': 0.19287151098251343}, {'epoch': 29, 'best_score': 0.18632709980010986}, {'epoch': 30, 'best_score': 0.18506550788879395}, {'epoch': 31, 'best_score': 0.18838101625442505}, {'epoch': 32, 'best_score': 0.18838101625442505}, {'epoch': 33, 'best_score': 0.20133918523788452}, {'epoch': 34, 'best_score': 0.20340275764465332}, {'epoch': 35, 'best_score': 0.21404659748077393}, {'epoch': 36, 'best_score': 0.20883142948150635}, {'epoch': 37, 'best_score': 0.22337567806243896}, {'epoch': 38, 'best_score': 0.2213120460510254}, {'epoch': 39, 'best_score': 0.21605390310287476}, {'epoch': 40, 'best_score': 0.21605390310287476}, {'epoch': 41, 'best_score': 0.20404523611068726}, {'epoch': 42, 'best_score': 0.20906215906143188}, {'epoch': 43, 'best_score': 0.20906215906143188}, {'epoch': 44, 'best_score': 0.20906215906143188}, {'epoch': 45, 'best_score': 0.21274125576019287}, {'epoch': 46, 'best_score': 0.21274125576019287}, {'epoch': 47, 'best_score': 0.21274125576019287}, {'epoch': 48, 'best_score': 0.2302723526954651}, {'epoch': 49, 'best_score': 0.22157806158065796}]",officehome,2,CDANN,logits,65.0,0.9015048146247864,0.9015048146247864,0.4501679837703705,0.45132744312286377,splits_officehome_CDANN_2_0_b09dc755c62e.npz,b09dc755c62e,False,False,,,,,,,0.5215495112081022,logits_vs_features,logits,IW overlap critic | W=2 | seed=0 (plug-in),True,
iw_overlap_critic,2.0,0.0,731.0,507.0,184.0,128.0,0.9130434782608696,0.0,1.0,1.5892244577407837,0.5,0.5,0.7230136394500732,0.19719639420509338,201.0,58.0,103.0,30.0,0.07212526864022711,0.390625,167.0,17.0,78.0,50.0,ok,plugin,False,,110.51049184886871,113.8264380819019,1.9572967925383926,0.5039644809719348,1.5475299225102335,0.94,0.3671875,0.4393127686402271,0.5606872313597728,0.5606872313597728,False,42.0,5.0,0.3073161244392395,0.5260171890258789,0.8333333134651184,"[{'epoch': 0, 'best_score': 0.044850170612335205}, {'epoch': 1, 'best_score': 0.06251084804534912}, {'epoch': 2, 'best_score': 0.08854126930236816}, {'epoch': 3, 'best_score': 0.09033006429672241}, {'epoch': 4, 'best_score': 0.1043664813041687}, {'epoch': 5, 'best_score': 0.13182514905929565}, {'epoch': 6, 'best_score': 0.1593746542930603}, {'epoch': 7, 'best_score': 0.13988804817199707}, {'epoch': 8, 'best_score': 0.14191865921020508}, {'epoch': 9, 'best_score': 0.14947283267974854}, {'epoch': 10, 'best_score': 0.16247504949569702}, {'epoch': 11, 'best_score': 0.14136487245559692}, {'epoch': 12, 'best_score': 0.15340656042099}, {'epoch': 13, 'best_score': 0.16427010297775269}, {'epoch': 14, 'best_score': 0.18226683139801025}, {'epoch': 15, 'best_score': 0.18331056833267212}, {'epoch': 16, 'best_score': 0.18903100490570068}, {'epoch': 17, 'best_score': 0.18579906225204468}, {'epoch': 18, 'best_score': 0.190218985080719}, {'epoch': 19, 'best_score': 0.2124326229095459}, {'epoch': 20, 'best_score': 0.19816863536834717}, {'epoch': 21, 'best_score': 0.19382965564727783}, {'epoch': 22, 'best_score': 0.18228280544281006}, {'epoch': 23, 'best_score': 0.18787753582000732}, {'epoch': 24, 'best_score': 0.18266260623931885}, {'epoch': 25, 'best_score': 0.18931812047958374}, {'epoch': 26, 'best_score': 0.20202261209487915}, {'epoch': 27, 'best_score': 0.2051835060119629}, {'epoch': 28, 'best_score': 0.23875576257705688}, {'epoch': 29, 'best_score': 0.24383991956710815}, {'epoch': 30, 'best_score': 0.24719232320785522}, {'epoch': 31, 'best_score': 0.24719232320785522}, {'epoch': 32, 'best_score': 0.24269229173660278}, {'epoch': 33, 'best_score': 0.264310359954834}, {'epoch': 34, 'best_score': 0.264310359954834}, {'epoch': 35, 'best_score': 0.256239652633667}, {'epoch': 36, 'best_score': 0.256239652633667}, {'epoch': 37, 'best_score': 0.26561594009399414}, {'epoch': 38, 'best_score': 0.27705371379852295}, {'epoch': 39, 'best_score': 0.3069351315498352}, {'epoch': 40, 'best_score': 0.30243515968322754}, {'epoch': 41, 'best_score': 0.30243515968322754}, {'epoch': 42, 'best_score': 0.3073161244392395}, {'epoch': 43, 'best_score': 0.3073161244392395}, {'epoch': 44, 'best_score': 0.3073161244392395}, {'epoch': 45, 'best_score': 0.3073161244392395}, {'epoch': 46, 'best_score': 0.2857770323753357}, {'epoch': 47, 'best_score': 0.2857770323753357}, {'epoch': 48, 'best_score': 0.3014570474624634}, {'epoch': 49, 'best_score': 0.3014570474624634}]",officehome,3,CDANN,logits,65.0,0.9138167500495911,0.9138167500495911,0.5364891290664673,0.5546875,splits_officehome_CDANN_3_0_b09dc755c62e.npz,b09dc755c62e,False,False,,,,,,,0.5606872313597728,logits_vs_features,logits,IW overlap critic | W=2 | seed=0 (plug-in),True,
iw_overlap_critic,2.0,0.0,24387.0,11083.0,6098.0,2773.0,0.9996720236142997,0.0,1.0,1.103917121887207,0.5,0.5,0.5366796851158142,0.24356462061405182,7312.0,21.0,3654.0,6.0,0.0003478814768960747,0.0025243418680129825,6095.0,3.0,2766.0,7.0,ok,plugin,False,,6067.25428791016,5647.957455074926,1.9866009084148843,1.0277820712184578,1.4119948698629852,0.8571428571428571,0.002163721601153985,0.0025116030780500597,0.9974883969219499,0.9974883969219499,False,49.0,21.0,0.5629996657371521,0.4370003342628479,1.0,"[{'epoch': 0, 'best_score': 0.20163172483444214}, {'epoch': 1, 'best_score': 0.1982824206352234}, {'epoch': 2, 'best_score': 0.20078933238983154}, {'epoch': 3, 'best_score': 0.198289692401886}, {'epoch': 4, 'best_score': 0.19836121797561646}, {'epoch': 5, 'best_score': 0.19765347242355347}, {'epoch': 6, 'best_score': 0.19899171590805054}, {'epoch': 7, 'best_score': 0.20474129915237427}, {'epoch': 8, 'best_score': 0.21917903423309326}, {'epoch': 9, 'best_score': 0.2319849133491516}, {'epoch': 10, 'best_score': 0.24606817960739136}, {'epoch': 11, 'best_score': 0.2594144940376282}, {'epoch': 12, 'best_score': 0.27447861433029175}, {'epoch': 13, 'best_score': 0.2876453399658203}, {'epoch': 14, 'best_score': 0.3039873242378235}, {'epoch': 15, 'best_score': 0.31946033239364624}, {'epoch': 16, 'best_score': 0.3332235813140869}, {'epoch': 17, 'best_score': 0.3516595959663391}, {'epoch': 18, 'best_score': 0.3668368458747864}, {'epoch': 19, 'best_score': 0.37961459159851074}, {'epoch': 20, 'best_score': 0.39241868257522583}, {'epoch': 21, 'best_score': 0.4046900272369385}, {'epoch': 22, 'best_score': 0.4171665906906128}, {'epoch': 23, 'best_score': 0.42788660526275635}, {'epoch': 24, 'best_score': 0.43792760372161865}, {'epoch': 25, 'best_score': 0.447517454624176}, {'epoch': 26, 'best_score': 0.45495831966400146}, {'epoch': 27, 'best_score': 0.4642872214317322}, {'epoch': 28, 'best_score': 0.47149401903152466}, {'epoch': 29, 'best_score': 0.477971613407135}, {'epoch': 30, 'best_score': 0.48485052585601807}, {'epoch': 31, 'best_score': 0.48837989568710327}, {'epoch': 32, 'best_score': 0.4946249723434448}, {'epoch': 33, 'best_score': 0.4995204210281372}, {'epoch': 34, 'best_score': 0.5040992498397827}, {'epoch': 35, 'best_score': 0.5070539712905884}, {'epoch': 36, 'best_score': 0.5117530822753906}, {'epoch': 37, 'best_score': 0.516036868095398}, {'epoch': 38, 'best_score': 0.5219440460205078}, {'epoch': 39, 'best_score': 0.524827241897583}, {'epoch': 40, 'best_score': 0.5291287899017334}, {'epoch': 41, 'best_score': 0.5344223976135254}, {'epoch': 42, 'best_score': 0.5391732454299927}, {'epoch': 43, 'best_score': 0.5420510768890381}, {'epoch': 44, 'best_score': 0.546424150466919}, {'epoch': 45, 'best_score': 0.5498682260513306}, {'epoch': 46, 'best_score': 0.5521922707557678}, {'epoch': 47, 'best_score': 0.5560598373413086}, {'epoch': 48, 'best_score': 0.5583419799804688}, {'epoch': 49, 'best_score': 0.5629996657371521}]",visda,1,DANN,logits,12.0,0.9995489120483398,0.9995489120483398,0.6463051438331604,0.6473133563995361,splits_visda_DANN_1_0_b09dc755c62e.npz,b09dc755c62e,False,False,,,,,,,0.9974883969219499,logits_vs_features,logits,IW overlap critic | W=2 | seed=0 (plug-in),True,
iw_overlap_critic,2.0,0.0,24387.0,14480.0,6098.0,3620.0,0.9998360118071499,0.0,1.0,1.1729421615600586,0.5,0.5,0.5155367255210876,0.2474791258573532,,,,,0.00013220363228841735,0.0,6098.0,0.0,3620.0,0.0,ok,plugin,False,,6047.994793016202,5861.641585157652,1.8560237065244103,1.0046716018467086,1.2874000425530676,,0.0,0.00013220363228841735,0.9998677963677116,0.9998677963677116,False,,,,,,,visda,2,DANN,logits,12.0,0.9997539520263672,0.9997539520263672,0.6546961069107056,0.6544198393821716,splits_visda_DANN_2_0_b09dc755c62e.npz,b09dc755c62e,False,False,,,,,,,0.9998677963677116,logits_vs_features,logits,IW overlap critic | W=2 | seed=0 (plug-in),True,
iw_overlap_critic,2.0,0.0,24387.0,11083.0,6098.0,2773.0,0.9993440472285995,0.0,1.0,1.0816693305969238,0.5,0.5,0.5883632302284241,0.23713639378547668,7058.0,135.0,3530.0,72.0,0.0006075275846938084,0.03894698882077173,5847.0,251.0,2665.0,108.0,ok,plugin,False,,5603.904611579668,4918.1743413637805,1.9983162645914407,0.949052289832718,1.694465749107271,0.9907407407407407,0.03858636855391273,0.03919389613860654,0.9608061038613934,0.9608061038613934,False,49.0,11.0,0.5921823978424072,0.380039781332016,0.9722222089767456,"[{'epoch': 0, 'best_score': 0.12423449754714966}, {'epoch': 1, 'best_score': 0.13261157274246216}, {'epoch': 2, 'best_score': 0.13855522871017456}, {'epoch': 3, 'best_score': 0.15109717845916748}, {'epoch': 4, 'best_score': 0.1638355851173401}, {'epoch': 5, 'best_score': 0.17458420991897583}, {'epoch': 6, 'best_score': 0.18139785528182983}, {'epoch': 7, 'best_score': 0.19084852933883667}, {'epoch': 8, 'best_score': 0.19928890466690063}, {'epoch': 9, 'best_score': 0.20691949129104614}, {'epoch': 10, 'best_score': 0.2159632444381714}, {'epoch': 11, 'best_score': 0.22468644380569458}, {'epoch': 12, 'best_score': 0.2341364026069641}, {'epoch': 13, 'best_score': 0.24131160974502563}, {'epoch': 14, 'best_score': 0.252443790435791}, {'epoch': 15, 'best_score': 0.25914186239242554}, {'epoch': 16, 'best_score': 0.2675968408584595}, {'epoch': 17, 'best_score': 0.27633774280548096}, {'epoch': 18, 'best_score': 0.28268373012542725}, {'epoch': 19, 'best_score': 0.2905192971229553}, {'epoch': 20, 'best_score': 0.3121817708015442}, {'epoch': 21, 'best_score': 0.3181775212287903}, {'epoch': 22, 'best_score': 0.3249654769897461}, {'epoch': 23, 'best_score': 0.332882285118103}, {'epoch': 24, 'best_score': 0.3405764102935791}, {'epoch': 25, 'best_score': 0.3476288318634033}, {'epoch': 26, 'best_score': 0.36543506383895874}, {'epoch': 27, 'best_score': 0.37297338247299194}, {'epoch': 28, 'best_score': 0.3886858820915222}, {'epoch': 29, 'best_score': 0.40357285737991333}, {'epoch': 30, 'best_score': 0.41666632890701294}, {'epoch': 31, 'best_score': 0.4281380772590637}, {'epoch': 32, 'best_score': 0.4504009485244751}, {'epoch': 33, 'best_score': 0.46075189113616943}, {'epoch': 34, 'best_score': 0.46766746044158936}, {'epoch': 35, 'best_score': 0.4763908088207245}, {'epoch': 36, 'best_score': 0.48627421259880066}, {'epoch': 37, 'best_score': 0.49295511841773987}, {'epoch': 38, 'best_score': 0.5018776655197144}, {'epoch': 39, 'best_score': 0.5109211206436157}, {'epoch': 40, 'best_score': 0.521288275718689}, {'epoch': 41, 'best_score': 0.5338085293769836}, {'epoch': 42, 'best_score': 0.5422455072402954}, {'epoch': 43, 'best_score': 0.5479026436805725}, {'epoch': 44, 'best_score': 0.5556964874267578}, {'epoch': 45, 'best_score': 0.5652226209640503}, {'epoch': 46, 'best_score': 0.5721313953399658}, {'epoch': 47, 'best_score': 0.5787394046783447}, {'epoch': 48, 'best_score': 0.584928035736084}, {'epoch': 49, 'best_score': 0.5921823978424072}]",visda,1,CDANN,logits,12.0,0.9990978837013245,0.9990978837013245,0.6784264445304871,0.6693112254142761,splits_visda_CDANN_1_0_b09dc755c62e.npz,b09dc755c62e,False,False,,,,,,,0.9608061038613934,logits_vs_features,logits,IW overlap critic | W=2 | seed=0 (plug-in),True,
iw_overlap_critic,2.0,0.0,24387.0,14480.0,6098.0,3620.0,0.9995080354214496,0.0,1.0,1.0941133499145508,0.5,0.5,0.5705632567405701,0.2445169985294342,7309.0,1.0,3657.0,0.0,0.0005399659901547661,0.0005524861878453039,6095.0,3.0,3618.0,2.0,unsupported_critic_region,plugin,False,,6118.095563233841,5594.6254301253975,1.9856406634211432,1.0031633474346124,1.5087020426831501,,,,,,,,,,,,,visda,2,CDANN,logits,12.0,0.9995899200439453,0.9995899200439453,0.7107734680175781,0.7140883803367615,splits_visda_CDANN_2_0_b09dc755c62e.npz,b09dc755c62e,,,,,,,,,,logits_vs_features,logits,IW overlap critic | W=2 | seed=0 (plug-in),False,
iw_overlap_critic,2.0,0.0,6500.0,33009.0,1625.0,8255.0,0.904,0.0,1.0,1.6800131797790527,0.5,0.5,0.6118065118789673,0.2311868518590927,1783.0,1798.0,909.0,872.0,0.09258084889562618,0.17480314960629922,1484.0,141.0,6812.0,1443.0,ok,plugin,False,,1400.850551136511,1246.722679004968,1.9982274470818597,0.8923464352393808,1.744577487267116,0.5738045738045738,0.10030284675953968,0.19288369565516586,0.8071163043448342,0.8071163043448342,False,49.0,8.0,0.3939083516597748,0.23567882180213928,0.6295871734619141,"[{'epoch': 0, 'best_score': 0.14623820781707764}, {'epoch': 1, 'best_score': 0.19740673899650574}, {'epoch': 2, 'best_score': 0.20221254229545593}, {'epoch': 3, 'best_score': 0.19284510612487793}, {'epoch': 4, 'best_score': 0.18194904923439026}, {'epoch': 5, 'best_score': 0.17489254474639893}, {'epoch': 6, 'best_score': 0.17580218613147736}, {'epoch': 7, 'best_score': 0.18026205897331238}, {'epoch': 8, 'best_score': 0.1883571892976761}, {'epoch': 9, 'best_score': 0.19603407382965088}, {'epoch': 10, 'best_score': 0.19829925894737244}, {'epoch': 11, 'best_score': 0.20382851362228394}, {'epoch': 12, 'best_score': 0.20804771780967712}, {'epoch': 13, 'best_score': 0.21884238719940186}, {'epoch': 14, 'best_score': 0.21817514300346375}, {'epoch': 15, 'best_score': 0.22292882204055786}, {'epoch': 16, 'best_score': 0.22989875078201294}, {'epoch': 17, 'best_score': 0.23876693844795227}, {'epoch': 18, 'best_score': 0.24686935544013977}, {'epoch': 19, 'best_score': 0.2527417242527008}, {'epoch': 20, 'best_score': 0.26792028546333313}, {'epoch': 21, 'best_score': 0.2767006456851959}, {'epoch': 22, 'best_score': 0.28191640973091125}, {'epoch': 23, 'best_score': 0.2834237515926361}, {'epoch': 24, 'best_score': 0.28951406478881836}, {'epoch': 25, 'best_score': 0.29452916979789734}, {'epoch': 26, 'best_score': 0.30018243193626404}, {'epoch': 27, 'best_score': 0.3013291656970978}, {'epoch': 28, 'best_score': 0.30841994285583496}, {'epoch': 29, 'best_score': 0.3094007968902588}, {'epoch': 30, 'best_score': 0.31545719504356384}, {'epoch': 31, 'best_score': 0.3230465054512024}, {'epoch': 32, 'best_score': 0.33121198415756226}, {'epoch': 33, 'best_score': 0.3365553319454193}, {'epoch': 34, 'best_score': 0.3474406599998474}, {'epoch': 35, 'best_score': 0.3580595850944519}, {'epoch': 36, 'best_score': 0.3614261746406555}, {'epoch': 37, 'best_score': 0.3648178279399872}, {'epoch': 38, 'best_score': 0.370555579662323}, {'epoch': 39, 'best_score': 0.3725016713142395}, {'epoch': 40, 'best_score': 0.38078323006629944}, {'epoch': 41, 'best_score': 0.3798978626728058}, {'epoch': 42, 'best_score': 0.3832820653915405}, {'epoch': 43, 'best_score': 0.38523241877555847}, {'epoch': 44, 'best_score': 0.38970232009887695}, {'epoch': 45, 'best_score': 0.38663721084594727}, {'epoch': 46, 'best_score': 0.38705867528915405}, {'epoch': 47, 'best_score': 0.39123088121414185}, {'epoch': 48, 'best_score': 0.3900653123855591}, {'epoch': 49, 'best_score': 0.3939083516597748}]",entity13,1,DANN,features,512.0,0.905846118927002,0.905846118927002,0.7318307161331177,0.7345851063728333,splits_entity13_DANN_1_0_b09dc755c62e.npz,b09dc755c62e,False,False,,,,,,,0.8071163043448342,logits_vs_features,features,IW overlap critic | W=2 | seed=0 (plug-in),True,
iw_overlap_critic,2.0,0.0,6500.0,260.0,1625.0,65.0,0.9101538461538462,0.0,1.0,23.527484893798828,0.5,0.5,0.48384618759155273,0.24968545138835907,,,,,0.08700410750100092,0.0,1625.0,0.0,65.0,0.0,ok,plugin,False,,1561.5456521039926,1618.615177505205,1.1517561305698059,0.9601591366297557,1.0582638087116953,,0.0,0.08700410750100092,0.912995892498999,0.912995892498999,False,,,,,,,entity13,2,DANN,features,512.0,0.9129230380058289,0.9129230380058289,0.8615384697914124,0.8461538553237915,splits_entity13_DANN_2_0_b09dc755c62e.npz,b09dc755c62e,False,False,,,,,,,0.912995892498999,logits_vs_features,features,IW overlap critic | W=2 | seed=0 (plug-in),True,
iw_overlap_critic,2.0,0.0,6500.0,260.0,1625.0,65.0,0.9027692307692308,0.0,1.0,2.5054585933685303,0.5,0.5,0.5853846073150635,0.2304629385471344,1889.0,2.0,958.0,2.0,0.07652752169517091,0.07692307692307693,1586.0,39.0,60.0,5.0,ok,plugin,False,,1166.4724941317663,1232.2122832389896,1.9982789060164508,0.6401364657815238,1.5511063007421,0.6,0.046153846153846156,0.12268136784901706,0.8773186321509829,0.8773186321509829,False,2.0,16.0,0.6676124930381775,0.3323875069618225,1.0,"[{'epoch': 0, 'best_score': 0.3547496795654297}, {'epoch': 1, 'best_score': 0.5915263295173645}, {'epoch': 2, 'best_score': 0.6676124930381775}, {'epoch': 3, 'best_score': 0.23124107718467712}, {'epoch': 4, 'best_score': 0.25827521085739136}, {'epoch': 5, 'best_score': 0.27134740352630615}, {'epoch': 6, 'best_score': 0.28344371914863586}, {'epoch': 7, 'best_score': 0.2906953692436218}, {'epoch': 8, 'best_score': 0.29717087745666504}, {'epoch': 9, 'best_score': 0.2982848882675171}, {'epoch': 10, 'best_score': 0.30049699544906616}, {'epoch': 11, 'best_score': -0.18838168680667877}, {'epoch': 12, 'best_score': -0.1850791573524475}, {'epoch': 13, 'best_score': -0.18232716619968414}, {'epoch': 14, 'best_score': -0.17837095260620117}, {'epoch': 15, 'best_score': -0.17757265269756317}, {'epoch': 16, 'best_score': -0.17482468485832214}, {'epoch': 17, 'best_score': -0.17393170297145844}, {'epoch': 18, 'best_score': -0.17393170297145844}, {'epoch': 19, 'best_score': -0.17393170297145844}, {'epoch': 20, 'best_score': -0.1761978566646576}, {'epoch': 21, 'best_score': -0.1729772388935089}, {'epoch': 22, 'best_score': -0.1681218147277832}, {'epoch': 23, 'best_score': -0.1541779637336731}, {'epoch': 24, 'best_score': -0.14574109017848969}, {'epoch': 25, 'best_score': -0.13902702927589417}, {'epoch': 26, 'best_score': -0.12791384756565094}, {'epoch': 27, 'best_score': -0.11986494064331055}, {'epoch': 28, 'best_score': -0.11246635764837265}, {'epoch': 29, 'best_score': -0.10830288380384445}, {'epoch': 30, 'best_score': -0.10194660723209381}, {'epoch': 31, 'best_score': -0.09764528274536133}, {'epoch': 32, 'best_score': -0.09329745918512344}, {'epoch': 33, 'best_score': -0.08723882585763931}, {'epoch': 34, 'best_score': -0.08272677659988403}, {'epoch': 35, 'best_score': -0.08122651278972626}, {'epoch': 36, 'best_score': -0.07767165452241898}, {'epoch': 37, 'best_score': -0.07333223521709442}, {'epoch': 38, 'best_score': -0.07161589711904526}, {'epoch': 39, 'best_score': -0.07028867304325104}, {'epoch': 40, 'best_score': -0.06663329899311066}, {'epoch': 41, 'best_score': -0.06557545065879822}, {'epoch': 42, 'best_score': -0.06366819888353348}, {'epoch': 43, 'best_score': -0.06305927038192749}, {'epoch': 44, 'best_score': -0.061607468873262405}, {'epoch': 45, 'best_score': -0.05986611172556877}, {'epoch': 46, 'best_score': -0.05975266546010971}, {'epoch': 47, 'best_score': -0.05791066586971283}, {'epoch': 48, 'best_score': -0.05463099479675293}, {'epoch': 49, 'best_score': -0.05255289375782013}]",entity13,3,DANN,features,512.0,0.907076895236969,0.907076895236969,0.6653845906257629,0.5538461804389954,splits_entity13_DANN_3_0_b09dc755c62e.npz,b09dc755c62e,False,False,,,,,,,0.8773186321509829,logits_vs_features,features,IW overlap critic | W=2 | seed=0 (plug-in),True,
iw_overlap_critic,2.0,0.0,6500.0,33009.0,1625.0,8255.0,0.9132307692307693,0.0,1.0,0.45486611127853394,0.5,0.5,0.5688111782073975,0.24169838428497314,1898.0,476.0,949.0,235.0,0.08513437184362192,0.04579043004239854,1576.0,49.0,7877.0,378.0,ok,plugin,False,,1556.54516866069,1417.9682816690029,1.9971848326633368,0.9480069484978538,1.6429317801315466,0.8386243386243386,0.03840096910963052,0.12353534095325244,0.8764646590467475,0.8764646590467475,False,15.0,2.0,0.5067147016525269,0.35711511969566345,0.8638297915458679,"[{'epoch': 0, 'best_score': 0.21990293264389038}, {'epoch': 1, 'best_score': 0.3951188325881958}, {'epoch': 2, 'best_score': 0.4369514286518097}, {'epoch': 3, 'best_score': 0.4628760516643524}, {'epoch': 4, 'best_score': 0.4665219485759735}, {'epoch': 5, 'best_score': 0.4861602485179901}, {'epoch': 6, 'best_score': 0.4934470057487488}, {'epoch': 7, 'best_score': 0.49355652928352356}, {'epoch': 8, 'best_score': 0.49478664994239807}, {'epoch': 9, 'best_score': 0.4901818335056305}, {'epoch': 10, 'best_score': 0.5026981830596924}, {'epoch': 11, 'best_score': 0.5002514123916626}, {'epoch': 12, 'best_score': 0.498526930809021}, {'epoch': 13, 'best_score': 0.5050274133682251}, {'epoch': 14, 'best_score': 0.5041244626045227}, {'epoch': 15, 'best_score': 0.5067147016525269}, {'epoch': 16, 'best_score': 0.5058215856552124}, {'epoch': 17, 'best_score': 0.5012787580490112}, {'epoch': 18, 'best_score': 0.49651166796684265}, {'epoch': 19, 'best_score': 0.4954480528831482}, {'epoch': 20, 'best_score': 0.49947112798690796}, {'epoch': 21, 'best_score': 0.49580228328704834}, {'epoch': 22, 'best_score': 0.4911729693412781}, {'epoch': 23, 'best_score': 0.4905458986759186}, {'epoch': 24, 'best_score': 0.4842207431793213}, {'epoch': 25, 'best_score': 0.4849887490272522}, {'epoch': 26, 'best_score': 0.48142698407173157}, {'epoch': 27, 'best_score': 0.48142698407173157}, {'epoch': 28, 'best_score': 0.4766487181186676}, {'epoch': 29, 'best_score': 0.4800565838813782}, {'epoch': 30, 'best_score': 0.4836004674434662}, {'epoch': 31, 'best_score': 0.4768604040145874}, {'epoch': 32, 'best_score': 0.4730813801288605}, {'epoch': 33, 'best_score': 0.47251880168914795}, {'epoch': 34, 'best_score': 0.4746209979057312}, {'epoch': 35, 'best_score': 0.4733841121196747}, {'epoch': 36, 'best_score': 0.4694262742996216}, {'epoch': 37, 'best_score': 0.4720444679260254}, {'epoch': 38, 'best_score': 0.4786241948604584}, {'epoch': 39, 'best_score': 0.4761076867580414}, {'epoch': 40, 'best_score': 0.47797849774360657}, {'epoch': 41, 'best_score': 0.47836294770240784}, {'epoch': 42, 'best_score': 0.47955527901649475}, {'epoch': 43, 'best_score': 0.47903409600257874}, {'epoch': 44, 'best_score': 0.4794304370880127}, {'epoch': 45, 'best_score': 0.48061031103134155}, {'epoch': 46, 'best_score': 0.48100659251213074}, {'epoch': 47, 'best_score': 0.4809117615222931}, {'epoch': 48, 'best_score': 0.4804542362689972}, {'epoch': 49, 'best_score': 0.4804542362689972}]",entity13,1,CDANN,features,256.0,0.9096922874450684,0.9096922874450684,0.7354357838630676,0.7372501492500305,splits_entity13_CDANN_1_0_b09dc755c62e.npz,b09dc755c62e,False,False,,,,,,,0.8764646590467475,logits_vs_features,features,IW overlap critic | W=2 | seed=0 (plug-in),True,
iw_overlap_critic,2.0,0.0,6500.0,260.0,1625.0,65.0,0.9058461538461539,0.0,1.0,54.598148345947266,0.5,0.5,0.440769225358963,0.25015130639076233,,,,,0.09404573259817997,0.0,1625.0,0.0,65.0,0.0,ok,plugin,False,,1620.6580195082179,1624.8898834811594,1.0321081913028873,0.9975597647486111,1.0100247695429192,,0.0,0.09404573259817997,0.9059542674018201,0.9059542674018201,False,,,,,,,entity13,2,CDANN,features,256.0,0.9081538319587708,0.9081538319587708,0.8423076868057251,0.8769230842590332,splits_entity13_CDANN_2_0_b09dc755c62e.npz,b09dc755c62e,False,False,,,,,,,0.9059542674018201,logits_vs_features,features,IW overlap critic | W=2 | seed=0 (plug-in),True,
iw_overlap_critic,2.0,0.0,6500.0,260.0,1625.0,65.0,0.9015384615384615,0.0,1.0,1.864598035812378,0.5,0.5,0.5246154069900513,0.24748027324676514,,,,,0.09722658379588317,0.0,1625.0,0.0,65.0,0.0,ok,plugin,False,,1569.9667727455533,1565.1889793390133,1.635607182412465,0.9807771674077145,1.2529673353617587,,0.0,0.09722658379588317,0.9027734162041168,0.9027734162041168,False,,,,,,,entity13,3,CDANN,features,256.0,0.9061538577079773,0.9061538577079773,0.6653845906257629,0.5692307949066162,splits_entity13_CDANN_3_0_b09dc755c62e.npz,b09dc755c62e,False,False,,,,,,,0.9027734162041168,logits_vs_features,features,IW overlap critic | W=2 | seed=0 (plug-in),True,
iw_overlap_critic,2.0,0.0,6000.0,30828.0,1500.0,7709.0,0.8426666666666667,0.0,1.0,3.9269917011260986,0.5,0.5,0.5493245720863342,0.24511930346488953,1791.0,89.0,897.0,51.0,0.16869899944424901,0.01167466597483461,1491.0,9.0,7619.0,90.0,ok,plugin,False,,1534.266166300854,1393.6521232597534,1.9977593600045747,1.0044680154158108,1.5187025514059562,0.6222222222222222,0.007264236606563757,0.17596323605081277,0.8240367639491872,0.8240367639491872,False,45.0,2.0,0.24707844853401184,0.32154902815818787,0.5686274766921997,"[{'epoch': 0, 'best_score': 0.09662574529647827}, {'epoch': 1, 'best_score': 0.16157019138336182}, {'epoch': 2, 'best_score': 0.19904929399490356}, {'epoch': 3, 'best_score': 0.22487831115722656}, {'epoch': 4, 'best_score': 0.14545553922653198}, {'epoch': 5, 'best_score': 0.12478429079055786}, {'epoch': 6, 'best_score': 0.12962114810943604}, {'epoch': 7, 'best_score': 0.14886969327926636}, {'epoch': 8, 'best_score': 0.12420850992202759}, {'epoch': 9, 'best_score': 0.12585660815238953}, {'epoch': 10, 'best_score': 0.13466006517410278}, {'epoch': 11, 'best_score': 0.14204704761505127}, {'epoch': 12, 'best_score': 0.1409567892551422}, {'epoch': 13, 'best_score': 0.14415684342384338}, {'epoch': 14, 'best_score': 0.14614182710647583}, {'epoch': 15, 'best_score': 0.15272736549377441}, {'epoch': 16, 'best_score': 0.15918755531311035}, {'epoch': 17, 'best_score': 0.1419571042060852}, {'epoch': 18, 'best_score': 0.1435564160346985}, {'epoch': 19, 'best_score': 0.1434754729270935}, {'epoch': 20, 'best_score': 0.15701457858085632}, {'epoch': 21, 'best_score': 0.1670754849910736}, {'epoch': 22, 'best_score': 0.17275631427764893}, {'epoch': 23, 'best_score': 0.18011260032653809}, {'epoch': 24, 'best_score': 0.18677762150764465}, {'epoch': 25, 'best_score': 0.1921727955341339}, {'epoch': 26, 'best_score': 0.19782790541648865}, {'epoch': 27, 'best_score': 0.20173591375350952}, {'epoch': 28, 'best_score': 0.21093258261680603}, {'epoch': 29, 'best_score': 0.2130715250968933}, {'epoch': 30, 'best_score': 0.21721988916397095}, {'epoch': 31, 'best_score': 0.22504329681396484}, {'epoch': 32, 'best_score': 0.2309911549091339}, {'epoch': 33, 'best_score': 0.238547682762146}, {'epoch': 34, 'best_score': 0.2431463897228241}, {'epoch': 35, 'best_score': 0.22550442814826965}, {'epoch': 36, 'best_score': 0.23648276925086975}, {'epoch': 37, 'best_score': 0.23811832070350647}, {'epoch': 38, 'best_score': 0.24502074718475342}, {'epoch': 39, 'best_score': 0.23032033443450928}, {'epoch': 40, 'best_score': 0.2367887794971466}, {'epoch': 41, 'best_score': 0.24121850728988647}, {'epoch': 42, 'best_score': 0.24471911787986755}, {'epoch': 43, 'best_score': 0.24587562680244446}, {'epoch': 44, 'best_score': 0.24509897828102112}, {'epoch': 45, 'best_score': 0.24707844853401184}, {'epoch': 46, 'best_score': 0.24331524968147278}, {'epoch': 47, 'best_score': 0.23482978343963623}, {'epoch': 48, 'best_score': 0.22965878248214722}, {'epoch': 49, 'best_score': 0.23215970396995544}]",entity30,1,DANN,features,512.0,0.8550000190734863,0.8550000190734863,0.6190800070762634,0.6236866116523743,splits_entity30_DANN_1_0_b09dc755c62e.npz,b09dc755c62e,False,False,,,,,,,0.8240367639491872,logits_vs_features,features,IW overlap critic | W=2 | seed=0 (plug-in),True,
iw_overlap_critic,2.0,0.0,6000.0,240.0,1500.0,60.0,0.8606666666666667,0.0,1.0,10.785133361816406,0.5,0.5,0.5583333373069763,0.24805203080177307,,,,,0.13006054681048942,0.0,1500.0,0.0,60.0,0.0,ok,plugin,False,,1379.4897990618024,1473.9857798995877,1.859967540730244,0.9161888402224456,1.1146893597727814,,0.0,0.13006054681048942,0.8699394531895106,0.8699394531895106,False,,,,,,,entity30,2,DANN,features,512.0,0.8646666407585144,0.8646666407585144,0.7875000238418579,0.7500000596046448,splits_entity30_DANN_2_0_b09dc755c62e.npz,b09dc755c62e,False,False,,,,,,,0.8699394531895106,logits_vs_features,features,IW overlap critic | W=2 | seed=0 (plug-in),True,
iw_overlap_critic,2.0,0.0,6000.0,240.0,1500.0,60.0,0.8553333333333333,0.0,1.0,14.270195960998535,0.5,0.5,0.5,0.24914045631885529,,,,,0.13760743679763335,0.0,1500.0,0.0,60.0,0.0,ok,plugin,False,,1398.324377420918,1482.9075504437963,1.398760097055563,0.929736411379045,1.094209537315618,,0.0,0.13760743679763335,0.8623925632023667,0.8623925632023667,False,,,,,,,entity30,3,DANN,features,512.0,0.8636666536331177,0.8636666536331177,0.5708333849906921,0.6666666865348816,splits_entity30_DANN_3_0_b09dc755c62e.npz,b09dc755c62e,False,False,,,,,,,0.8623925632023667,logits_vs_features,features,IW overlap critic | W=2 | seed=0 (plug-in),True,
iw_overlap_critic,2.0,0.0,6000.0,30828.0,1500.0,7709.0,0.856,0.0,1.0,0.9389141798019409,0.5,0.5,0.5461918711662292,0.24663986265659332,1793.0,49.0,897.0,25.0,0.15187864075308258,0.004669866389933844,1498.0,2.0,7673.0,36.0,ok,plugin,False,,1499.2060525710826,1411.2854025419679,1.9535068410113676,0.9750143225512449,1.4488799517733624,0.8888888888888888,0.004150992346607861,0.15602963309969045,0.8439703669003096,0.8439703669003096,False,45.0,11.0,0.7217985987663269,0.19820143282413483,0.9200000166893005,"[{'epoch': 0, 'best_score': 0.1776859164237976}, {'epoch': 1, 'best_score': 0.3045418858528137}, {'epoch': 2, 'best_score': 0.44241929054260254}, {'epoch': 3, 'best_score': 0.5408288240432739}, {'epoch': 4, 'best_score': 0.5944333672523499}, {'epoch': 5, 'best_score': 0.6217697262763977}, {'epoch': 6, 'best_score': 0.6566610336303711}, {'epoch': 7, 'best_score': 0.6742569208145142}, {'epoch': 8, 'best_score': 0.6515610218048096}, {'epoch': 9, 'best_score': 0.6616995930671692}, {'epoch': 10, 'best_score': 0.6651414632797241}, {'epoch': 11, 'best_score': 0.6695796251296997}, {'epoch': 12, 'best_score': 0.6746340394020081}, {'epoch': 13, 'best_score': 0.6778123378753662}, {'epoch': 14, 'best_score': 0.6813760995864868}, {'epoch': 15, 'best_score': 0.6851431727409363}, {'epoch': 16, 'best_score': 0.6845741868019104}, {'epoch': 17, 'best_score': 0.6873431205749512}, {'epoch': 18, 'best_score': 0.6901598572731018}, {'epoch': 19, 'best_score': 0.6951298117637634}, {'epoch': 20, 'best_score': 0.693903386592865}, {'epoch': 21, 'best_score': 0.6968566179275513}, {'epoch': 22, 'best_score': 0.6989032030105591}, {'epoch': 23, 'best_score': 0.7018818259239197}, {'epoch': 24, 'best_score': 0.7038741111755371}, {'epoch': 25, 'best_score': 0.7074251770973206}, {'epoch': 26, 'best_score': 0.7107789516448975}, {'epoch': 27, 'best_score': 0.7121828198432922}, {'epoch': 28, 'best_score': 0.7109531164169312}, {'epoch': 29, 'best_score': 0.7144367694854736}, {'epoch': 30, 'best_score': 0.7158123850822449}, {'epoch': 31, 'best_score': 0.7158123850822449}, {'epoch': 32, 'best_score': 0.7159533500671387}, {'epoch': 33, 'best_score': 0.7150726318359375}, {'epoch': 34, 'best_score': 0.7171745300292969}, {'epoch': 35, 'best_score': 0.7179613709449768}, {'epoch': 36, 'best_score': 0.7179613709449768}, {'epoch': 37, 'best_score': 0.7184766530990601}, {'epoch': 38, 'best_score': 0.7174810767173767}, {'epoch': 39, 'best_score': 0.719969630241394}, {'epoch': 40, 'best_score': 0.7196153402328491}, {'epoch': 41, 'best_score': 0.7211415767669678}, {'epoch': 42, 'best_score': 0.7206931710243225}, {'epoch': 43, 'best_score': 0.7206931710243225}, {'epoch': 44, 'best_score': 0.7203193306922913}, {'epoch': 45, 'best_score': 0.7217985987663269}, {'epoch': 46, 'best_score': 0.7209033966064453}, {'epoch': 47, 'best_score': 0.7187665104866028}, {'epoch': 48, 'best_score': 0.7187501788139343}, {'epoch': 49, 'best_score': 0.7193524837493896}]",entity30,1,CDANN,features,256.0,0.8611666560173035,0.8611666560173035,0.627903163433075,0.6345829367637634,splits_entity30_CDANN_1_0_b09dc755c62e.npz,b09dc755c62e,False,False,,,,,,,0.8439703669003096,logits_vs_features,features,IW overlap critic | W=2 | seed=0 (plug-in),True,
iw_overlap_critic,2.0,0.0,6000.0,240.0,1500.0,60.0,0.862,0.0,1.0,54.598148345947266,0.5,0.5,0.4449999928474426,0.25011828541755676,,,,,0.13736671931187577,0.0,1500.0,0.0,60.0,0.0,ok,plugin,False,,1491.4680685956778,1499.690709173468,1.037043538565072,0.9946845069352294,1.0169040599513648,,0.0,0.13736671931187577,0.8626332806881243,0.8626332806881243,False,,,,,,,entity30,2,CDANN,features,256.0,0.8646666407585144,0.8646666407585144,0.8125000596046448,0.7500000596046448,splits_entity30_CDANN_2_0_b09dc755c62e.npz,b09dc755c62e,False,False,,,,,,,0.8626332806881243,logits_vs_features,features,IW overlap critic | W=2 | seed=0 (plug-in),True,
iw_overlap_critic,2.0,0.0,6000.0,240.0,1500.0,60.0,0.8453333333333333,0.0,1.0,54.598148345947266,0.5,0.5,0.4150000214576721,0.2500380277633667,,,,,0.15379667102220296,0.0,1500.0,0.0,60.0,0.0,ok,plugin,False,,1492.7450635409355,1499.655080162514,1.0533842290120636,0.9955017284284607,1.0198740084149187,,0.0,0.15379667102220296,0.846203328977797,0.846203328977797,False,,,,,,,entity30,3,CDANN,features,256.0,0.8573333024978638,0.8573333024978638,0.5625,0.6166666746139526,splits_entity30_CDANN_3_0_b09dc755c62e.npz,b09dc755c62e,False,False,,,,,,,0.846203328977797,logits_vs_features,features,IW overlap critic | W=2 | seed=0 (plug-in),True,
iw_overlap_critic,2.0,0.0,10000.0,2000.0,2500.0,500.0,0.9452,0.0,1.0,10.137798309326172,0.5,0.5,0.5410000085830688,0.24617190659046173,2996.0,2.0,1497.0,0.0,0.05554117639293667,0.004,2498.0,2.0,498.0,2.0,unsupported_critic_region,plugin,False,,2308.806678268594,2373.870902580306,1.9430603205973538,0.9013288015605084,1.3007705153892004,,,,,,,,,,,,,cifar10,1,DANN,features,512.0,0.9508999586105347,0.9508999586105347,0.8440000414848328,0.8360000252723694,splits_cifar10_DANN_1_0_b09dc755c62e.npz,b09dc755c62e,,,,,,,,,,logits_vs_features,features,IW overlap critic | W=2 | seed=0 (plug-in),False,
iw_overlap_critic,2.0,0.0,10000.0,2000.0,2500.0,500.0,0.946,0.0,1.0,8.0483980178833,0.5,0.5,0.5625,0.2450663149356842,2991.0,3.0,1497.0,1.0,0.05179118725150722,0.004,2493.0,7.0,498.0,2.0,ok,plugin,False,,2342.488070008884,2327.0363753153983,1.9232545764708107,0.9022132376168723,1.415472726681661,0.5,0.002,0.05379118725150722,0.9462088127484928,0.9462088127484928,False,9.0,12.0,0.7972203493118286,0.202779620885849,1.0,"[{'epoch': 0, 'best_score': 0.28290003538131714}, {'epoch': 1, 'best_score': 0.43879735469818115}, {'epoch': 2, 'best_score': 0.5714114904403687}, {'epoch': 3, 'best_score': 0.6474719047546387}, {'epoch': 4, 'best_score': 0.6887176632881165}, {'epoch': 5, 'best_score': 0.7261252403259277}, {'epoch': 6, 'best_score': 0.7560240030288696}, {'epoch': 7, 'best_score': 0.7743082642555237}, {'epoch': 8, 'best_score': 0.7903713583946228}, {'epoch': 9, 'best_score': 0.7972203493118286}, {'epoch': 10, 'best_score': -0.1612682342529297}, {'epoch': 11, 'best_score': -0.13560797274112701}, {'epoch': 12, 'best_score': -0.11846660822629929}, {'epoch': 13, 'best_score': -0.10769029706716537}, {'epoch': 14, 'best_score': -0.093939870595932}, {'epoch': 15, 'best_score': -0.08847300708293915}, {'epoch': 16, 'best_score': -0.08590169250965118}, {'epoch': 17, 'best_score': -0.08278126269578934}, {'epoch': 18, 'best_score': -0.08192151039838791}, {'epoch': 19, 'best_score': -0.0780632346868515}, {'epoch': 20, 'best_score': -0.07436422258615494}, {'epoch': 21, 'best_score': -0.07288650423288345}, {'epoch': 22, 'best_score': -0.07153049111366272}, {'epoch': 23, 'best_score': -0.06969643384218216}, {'epoch': 24, 'best_score': -0.06820421665906906}, {'epoch': 25, 'best_score': -0.06777862459421158}, {'epoch': 26, 'best_score': -0.0669049322605133}, {'epoch': 27, 'best_score': -0.062316540628671646}, {'epoch': 28, 'best_score': -0.060592085123062134}, {'epoch': 29, 'best_score': -0.060109883546829224}, {'epoch': 30, 'best_score': -0.05834513530135155}, {'epoch': 31, 'best_score': -0.05768994614481926}, {'epoch': 32, 'best_score': -0.05719244107604027}, {'epoch': 33, 'best_score': -0.05586325377225876}, {'epoch': 34, 'best_score': -0.0537625327706337}, {'epoch': 35, 'best_score': -0.0537625327706337}, {'epoch': 36, 'best_score': -0.0537625327706337}, {'epoch': 37, 'best_score': -0.05271885544061661}, {'epoch': 38, 'best_score': -0.05124398693442345}, {'epoch': 39, 'best_score': -0.051203396171331406}, {'epoch': 40, 'best_score': -0.05046697333455086}, {'epoch': 41, 'best_score': -0.049134474247694016}, {'epoch': 42, 'best_score': -0.048072751611471176}, {'epoch': 43, 'best_score': -0.048072751611471176}, {'epoch': 44, 'best_score': -0.04771576076745987}, {'epoch': 45, 'best_score': -0.04762692749500275}, {'epoch': 46, 'best_score': -0.04623636230826378}, {'epoch': 47, 'best_score': -0.04668629169464111}, {'epoch': 48, 'best_score': -0.04644856974482536}, {'epoch': 49, 'best_score': -0.04644856974482536}]",cifar10,10,DANN,features,512.0,0.9477999806404114,0.9477999806404114,0.924500048160553,0.9120000600814819,splits_cifar10_DANN_10_0_b09dc755c62e.npz,b09dc755c62e,False,False,,,,,,,0.9462088127484928,logits_vs_features,features,IW overlap critic | W=2 | seed=0 (plug-in),True,
iw_overlap_critic,2.0,0.0,10000.0,2000.0,2500.0,500.0,0.9452,0.0,1.0,16.9163875579834,0.5,0.5,0.5329999923706055,0.24900692701339722,,,,,0.05402168215094528,0.0,2500.0,0.0,500.0,0.0,ok,plugin,False,,2415.279226077785,2457.430250121408,1.714862532346805,0.9585371391889252,1.184627271292094,,0.0,0.05402168215094528,0.9459783178490547,0.9459783178490547,False,,,,,,,cifar10,71,DANN,features,512.0,0.9487999677658081,0.9487999677658081,0.9305000305175781,0.9180000424385071,splits_cifar10_DANN_71_0_b09dc755c62e.npz,b09dc755c62e,False,False,,,,,,,0.9459783178490547,logits_vs_features,features,IW overlap critic | W=2 | seed=0 (plug-in),True,
iw_overlap_critic,2.0,0.0,10000.0,2000.0,2500.0,500.0,0.9528,0.0,1.0,23.161802291870117,0.5,0.5,0.5140000581741333,0.24939963221549988,,,,,0.04621801045036478,0.0,2500.0,0.0,500.0,0.0,ok,plugin,False,,2420.5943276188063,2476.245361396396,1.3799066207410453,0.9649217009667397,1.1310871497021064,,0.0,0.04621801045036478,0.9537819895496352,0.9537819895496352,False,,,,,,,cifar10,95,DANN,features,512.0,0.9515999555587769,0.9515999555587769,0.9390000700950623,0.9360000491142273,splits_cifar10_DANN_95_0_b09dc755c62e.npz,b09dc755c62e,False,False,,,,,,,0.9537819895496352,logits_vs_features,features,IW overlap critic | W=2 | seed=0 (plug-in),True,
iw_overlap_critic,2.0,0.0,10000.0,2000.0,2500.0,500.0,0.9476,0.0,1.0,4.193439483642578,0.5,0.5,0.5605000257492065,0.24584177136421204,2995.0,3.0,1496.0,1.0,0.054179140247702456,0.002,2495.0,5.0,499.0,1.0,ok,plugin,False,,2336.681322525229,2351.6886943612067,1.9028663729727893,0.897580274693969,1.3763370565418298,1.0,0.002,0.05617914024770246,0.9438208597522976,0.9438208597522976,False,27.0,4.0,0.9491144418716431,0.05088556557893753,1.0,"[{'epoch': 0, 'best_score': 0.49008655548095703}, {'epoch': 1, 'best_score': 0.6156309247016907}, {'epoch': 2, 'best_score': 0.7117868661880493}, {'epoch': 3, 'best_score': 0.7442861795425415}, {'epoch': 4, 'best_score': 0.7659899592399597}, {'epoch': 5, 'best_score': 0.7763178944587708}, {'epoch': 6, 'best_score': 0.7876532077789307}, {'epoch': 7, 'best_score': 0.8099594712257385}, {'epoch': 8, 'best_score': 0.8266949653625488}, {'epoch': 9, 'best_score': 0.8469504714012146}, {'epoch': 10, 'best_score': 0.8643525838851929}, {'epoch': 11, 'best_score': 0.8770536184310913}, {'epoch': 12, 'best_score': 0.8871055245399475}, {'epoch': 13, 'best_score': 0.8968684077262878}, {'epoch': 14, 'best_score': 0.9033700823783875}, {'epoch': 15, 'best_score': 0.9104064106941223}, {'epoch': 16, 'best_score': 0.9143862724304199}, {'epoch': 17, 'best_score': 0.9202343225479126}, {'epoch': 18, 'best_score': 0.9236792922019958}, {'epoch': 19, 'best_score': 0.9298592209815979}, {'epoch': 20, 'best_score': 0.9316510558128357}, {'epoch': 21, 'best_score': 0.9354904890060425}, {'epoch': 22, 'best_score': 0.9422208070755005}, {'epoch': 23, 'best_score': 0.943898618221283}, {'epoch': 24, 'best_score': 0.9462593793869019}, {'epoch': 25, 'best_score': 0.946761965751648}, {'epoch': 26, 'best_score': 0.9482492208480835}, {'epoch': 27, 'best_score': 0.9491144418716431}, {'epoch': 28, 'best_score': -0.04244759678840637}, {'epoch': 29, 'best_score': -0.04143054783344269}, {'epoch': 30, 'best_score': -0.039220500737428665}, {'epoch': 31, 'best_score': -0.037299010902643204}, {'epoch': 32, 'best_score': -0.03682088851928711}, {'epoch': 33, 'best_score': -0.03682088851928711}, {'epoch': 34, 'best_score': -0.034463364630937576}, {'epoch': 35, 'best_score': -0.03485536947846413}, {'epoch': 36, 'best_score': -0.03439546003937721}, {'epoch': 37, 'best_score': -0.034585412591695786}, {'epoch': 38, 'best_score': -0.034585412591695786}, {'epoch': 39, 'best_score': -0.03375779464840889}, {'epoch': 40, 'best_score': -0.031499266624450684}, {'epoch': 41, 'best_score': -0.030813340097665787}, {'epoch': 42, 'best_score': -0.030813340097665787}, {'epoch': 43, 'best_score': -0.03223913162946701}, {'epoch': 44, 'best_score': -0.03274480625987053}, {'epoch': 45, 'best_score': -0.03224930539727211}, {'epoch': 46, 'best_score': -0.030321860685944557}, {'epoch': 47, 'best_score': -0.030321860685944557}, {'epoch': 48, 'best_score': -0.029687166213989258}, {'epoch': 49, 'best_score': -0.029687166213989258}]",cifar10,1,CDANN,features,256.0,0.949999988079071,0.949999988079071,0.846500039100647,0.8440000414848328,splits_cifar10_CDANN_1_0_b09dc755c62e.npz,b09dc755c62e,False,False,,,,,,,0.9438208597522976,logits_vs_features,features,IW overlap critic | W=2 | seed=0 (plug-in),True,
iw_overlap_critic,2.0,0.0,10000.0,2000.0,2500.0,500.0,0.9468,0.0,1.0,1.321940541267395,0.5,0.5,0.6460000276565552,0.2135462760925293,2733.0,169.0,1380.0,80.0,0.033179739867542454,0.26,2296.0,204.0,370.0,130.0,ok,plugin,False,,1614.1512323774468,1628.4533663396599,1.9970421790512147,0.5813083183785799,1.6170802811355995,0.36923076923076925,0.096,0.12917973986754244,0.8708202601324575,0.8708202601324575,False,48.0,4.0,0.21517004072666168,0.1848299652338028,0.4000000059604645,"[{'epoch': 0, 'best_score': 0.1224164366722107}, {'epoch': 1, 'best_score': 0.12512248754501343}, {'epoch': 2, 'best_score': 0.17407315969467163}, {'epoch': 3, 'best_score': 0.1567631959915161}, {'epoch': 4, 'best_score': 0.11496496200561523}, {'epoch': 5, 'best_score': 0.11146211624145508}, {'epoch': 6, 'best_score': 0.1277083307504654}, {'epoch': 7, 'best_score': 0.1197449266910553}, {'epoch': 8, 'best_score': 0.13453292846679688}, {'epoch': 9, 'best_score': 0.1603146642446518}, {'epoch': 10, 'best_score': 0.1574404388666153}, {'epoch': 11, 'best_score': 0.159190833568573}, {'epoch': 12, 'best_score': 0.1313425451517105}, {'epoch': 13, 'best_score': 0.1500207781791687}, {'epoch': 14, 'best_score': 0.16301560401916504}, {'epoch': 15, 'best_score': 0.15753649175167084}, {'epoch': 16, 'best_score': 0.17685380578041077}, {'epoch': 17, 'best_score': 0.17571476101875305}, {'epoch': 18, 'best_score': 0.1905032992362976}, {'epoch': 19, 'best_score': 0.18090586364269257}, {'epoch': 20, 'best_score': 0.1713988035917282}, {'epoch': 21, 'best_score': 0.16995173692703247}, {'epoch': 22, 'best_score': 0.17329531908035278}, {'epoch': 23, 'best_score': 0.1848314106464386}, {'epoch': 24, 'best_score': 0.17534402012825012}, {'epoch': 25, 'best_score': 0.16521300375461578}, {'epoch': 26, 'best_score': 0.18443259596824646}, {'epoch': 27, 'best_score': 0.18350955843925476}, {'epoch': 28, 'best_score': 0.18092645704746246}, {'epoch': 29, 'best_score': 0.18779464066028595}, {'epoch': 30, 'best_score': 0.1769215315580368}, {'epoch': 31, 'best_score': 0.17506350576877594}, {'epoch': 32, 'best_score': 0.17709366977214813}, {'epoch': 33, 'best_score': 0.18800494074821472}, {'epoch': 34, 'best_score': 0.1764119267463684}, {'epoch': 35, 'best_score': 0.1778845191001892}, {'epoch': 36, 'best_score': 0.18186627328395844}, {'epoch': 37, 'best_score': 0.19405010342597961}, {'epoch': 38, 'best_score': 0.1986893117427826}, {'epoch': 39, 'best_score': 0.18613505363464355}, {'epoch': 40, 'best_score': 0.19175729155540466}, {'epoch': 41, 'best_score': 0.1930023431777954}, {'epoch': 42, 'best_score': 0.18093985319137573}, {'epoch': 43, 'best_score': 0.1823403686285019}, {'epoch': 44, 'best_score': 0.18429440259933472}, {'epoch': 45, 'best_score': 0.19828982651233673}, {'epoch': 46, 'best_score': 0.19498005509376526}, {'epoch': 47, 'best_score': 0.20386138558387756}, {'epoch': 48, 'best_score': 0.21517004072666168}, {'epoch': 49, 'best_score': 0.20967520773410797}]",cifar10,10,CDANN,features,256.0,0.948699951171875,0.948699951171875,0.9160000681877136,0.9120000600814819,splits_cifar10_CDANN_10_0_b09dc755c62e.npz,b09dc755c62e,True,True,,,,,,,0.8708202601324575,logits_vs_features,features,IW overlap critic | W=2 | seed=0 (plug-in),True,
iw_overlap_critic,2.0,0.0,10000.0,2000.0,2500.0,500.0,0.9492,0.0,1.0,2.1827661991119385,0.5,0.5,0.5924999713897705,0.23469793796539307,2886.0,58.0,1444.0,33.0,0.0455379374463274,0.098,2396.0,104.0,451.0,49.0,ok,plugin,False,,2073.6752225211103,2005.582173126475,1.9911628146513967,0.8010274501251669,1.6399919542351138,0.7959183673469388,0.078,0.1235379374463274,0.8764620625536725,0.8764620625536725,False,1.0,16.0,0.24090033769607544,0.668190598487854,0.9090909361839294,"[{'epoch': 0, 'best_score': 0.09335106611251831}, {'epoch': 1, 'best_score': 0.24090033769607544}, {'epoch': 2, 'best_score': 0.20818692445755005}, {'epoch': 3, 'best_score': 0.19860097765922546}, {'epoch': 4, 'best_score': 0.1726202368736267}, {'epoch': 5, 'best_score': 0.2014656662940979}, {'epoch': 6, 'best_score': 0.19291585683822632}, {'epoch': 7, 'best_score': 0.15597575902938843}, {'epoch': 8, 'best_score': 0.13031283020973206}, {'epoch': 9, 'best_score': 0.1599295437335968}, {'epoch': 10, 'best_score': 0.21743807196617126}, {'epoch': 11, 'best_score': 0.22668331861495972}, {'epoch': 12, 'best_score': 0.2095295786857605}, {'epoch': 13, 'best_score': 0.21443673968315125}, {'epoch': 14, 'best_score': 0.1753627359867096}, {'epoch': 15, 'best_score': 0.18660685420036316}, {'epoch': 16, 'best_score': 0.2162093222141266}, {'epoch': 17, 'best_score': 0.19353312253952026}, {'epoch': 18, 'best_score': 0.215781569480896}, {'epoch': 19, 'best_score': 0.16729605197906494}, {'epoch': 20, 'best_score': 0.18286189436912537}, {'epoch': 21, 'best_score': 0.19345605373382568}, {'epoch': 22, 'best_score': 0.14452847838401794}, {'epoch': 23, 'best_score': 0.16636191308498383}, {'epoch': 24, 'best_score': 0.13995516300201416}, {'epoch': 25, 'best_score': 0.1392585039138794}, {'epoch': 26, 'best_score': 0.1385115087032318}, {'epoch': 27, 'best_score': 0.14106257259845734}, {'epoch': 28, 'best_score': 0.14318519830703735}, {'epoch': 29, 'best_score': 0.11783690750598907}, {'epoch': 30, 'best_score': 0.12306463718414307}, {'epoch': 31, 'best_score': 0.0790155678987503}, {'epoch': 32, 'best_score': 0.0827646404504776}, {'epoch': 33, 'best_score': 0.08801369369029999}, {'epoch': 34, 'best_score': 0.0987854152917862}, {'epoch': 35, 'best_score': 0.09695744514465332}, {'epoch': 36, 'best_score': 0.128140389919281}, {'epoch': 37, 'best_score': 0.10041005909442902}, {'epoch': 38, 'best_score': 0.10207679867744446}, {'epoch': 39, 'best_score': 0.10579663515090942}, {'epoch': 40, 'best_score': 0.10759520530700684}, {'epoch': 41, 'best_score': 0.10897377133369446}, {'epoch': 42, 'best_score': 0.11139325797557831}, {'epoch': 43, 'best_score': 0.11098189651966095}, {'epoch': 44, 'best_score': 0.07788465917110443}, {'epoch': 45, 'best_score': 0.08457052707672119}, {'epoch': 46, 'best_score': 0.08364805579185486}, {'epoch': 47, 'best_score': 0.08337843418121338}, {'epoch': 48, 'best_score': 0.08249200880527496}, {'epoch': 49, 'best_score': 0.08684885501861572}]",cifar10,71,CDANN,features,256.0,0.9511999487876892,0.9511999487876892,0.9280000329017639,0.9040000438690186,splits_cifar10_CDANN_71_0_b09dc755c62e.npz,b09dc755c62e,True,True,,,,,,,0.8764620625536725,logits_vs_features,features,IW overlap critic | W=2 | seed=0 (plug-in),True,
iw_overlap_critic,2.0,0.0,10000.0,2000.0,2500.0,500.0,0.9516,0.0,1.0,1.130586862564087,0.5,0.5,0.6605000495910645,0.21154719591140747,2701.0,177.0,1350.0,89.0,0.02964173724291916,0.298,2273.0,227.0,351.0,149.0,ok,plugin,False,,1581.3860040251025,1624.3198736252634,1.9909768073894267,0.5975420346828253,1.6067350984607252,0.31543624161073824,0.09399999999999999,0.12364173724291914,0.8763582627570808,0.8763582627570808,False,44.0,27.0,0.2196081578731537,0.15117835998535156,0.37078651785850525,"[{'epoch': 0, 'best_score': 0.09957420825958252}, {'epoch': 1, 'best_score': 0.18285369873046875}, {'epoch': 2, 'best_score': 0.21783342957496643}, {'epoch': 3, 'best_score': 0.18537062406539917}, {'epoch': 4, 'best_score': 0.17172101140022278}, {'epoch': 5, 'best_score': 0.1541130244731903}, {'epoch': 6, 'best_score': 0.16300112009048462}, {'epoch': 7, 'best_score': 0.15554943680763245}, {'epoch': 8, 'best_score': 0.18704214692115784}, {'epoch': 9, 'best_score': 0.19006358087062836}, {'epoch': 10, 'best_score': 0.18197502195835114}, {'epoch': 11, 'best_score': 0.17447778582572937}, {'epoch': 12, 'best_score': 0.1758752167224884}, {'epoch': 13, 'best_score': 0.1649845987558365}, {'epoch': 14, 'best_score': 0.20152433216571808}, {'epoch': 15, 'best_score': 0.18430884182453156}, {'epoch': 16, 'best_score': 0.18659065663814545}, {'epoch': 17, 'best_score': 0.18020184338092804}, {'epoch': 18, 'best_score': 0.1813812553882599}, {'epoch': 19, 'best_score': 0.1737513542175293}, {'epoch': 20, 'best_score': 0.1694209724664688}, {'epoch': 21, 'best_score': 0.16983544826507568}, {'epoch': 22, 'best_score': 0.17733527719974518}, {'epoch': 23, 'best_score': 0.1929723620414734}, {'epoch': 24, 'best_score': 0.19862979650497437}, {'epoch': 25, 'best_score': 0.1926141381263733}, {'epoch': 26, 'best_score': 0.16990068554878235}, {'epoch': 27, 'best_score': 0.17121779918670654}, {'epoch': 28, 'best_score': 0.17388515174388885}, {'epoch': 29, 'best_score': 0.17356298863887787}, {'epoch': 30, 'best_score': 0.17645969986915588}, {'epoch': 31, 'best_score': 0.17805536091327667}, {'epoch': 32, 'best_score': 0.17600834369659424}, {'epoch': 33, 'best_score': 0.1785743087530136}, {'epoch': 34, 'best_score': 0.18007372319698334}, {'epoch': 35, 'best_score': 0.17976266145706177}, {'epoch': 36, 'best_score': 0.18086953461170197}, {'epoch': 37, 'best_score': 0.18614906072616577}, {'epoch': 38, 'best_score': 0.1926421970129013}, {'epoch': 39, 'best_score': 0.19000403583049774}, {'epoch': 40, 'best_score': 0.1934957504272461}, {'epoch': 41, 'best_score': 0.2160423994064331}, {'epoch': 42, 'best_score': 0.21164822578430176}, {'epoch': 43, 'best_score': 0.2069035768508911}, {'epoch': 44, 'best_score': 0.2196081578731537}, {'epoch': 45, 'best_score': 0.21479591727256775}, {'epoch': 46, 'best_score': 0.21273957192897797}, {'epoch': 47, 'best_score': 0.2137734442949295}, {'epoch': 48, 'best_score': 0.21379053592681885}, {'epoch': 49, 'best_score': 0.2168761044740677}]",cifar10,95,CDANN,features,256.0,0.9526000022888184,0.9526000022888184,0.9355000257492065,0.9260000586509705,splits_cifar10_CDANN_95_0_b09dc755c62e.npz,b09dc755c62e,True,True,,,,,,,0.8763582627570808,logits_vs_features,features,IW overlap critic | W=2 | seed=0 (plug-in),True,
iw_overlap_critic,2.0,0.0,10000.0,2000.0,2500.0,500.0,0.758,0.0,1.0,14.721992492675781,0.5,0.5,0.5350000262260437,0.24840646982192993,,,,,0.23103909122105898,0.0,2500.0,0.0,500.0,0.0,ok,plugin,False,,2383.9675715657963,2446.2222756066503,1.6053989839402112,0.9414495867190127,1.2009061162766173,,0.0,0.23103909122105898,0.7689609087789411,0.7689609087789411,False,,,,,,,cifar100,4,DANN,features,512.0,0.7841999530792236,0.7841999530792236,0.7440000176429749,0.7760000228881836,splits_cifar100_DANN_4_0_b09dc755c62e.npz,b09dc755c62e,False,True,,,,,,,0.7689609087789411,logits_vs_features,features,IW overlap critic | W=2 | seed=0 (plug-in),True,
iw_overlap_critic,2.0,0.0,10000.0,2000.0,2500.0,500.0,0.76,0.0,1.0,10.38658332824707,0.5,0.5,0.5329999923706055,0.24690403044223785,,,,,0.22611239968077868,0.0,2500.0,0.0,500.0,0.0,ok,plugin,False,,2349.9434548105037,2390.329602608754,1.8824628916784885,0.9195796015610482,1.2987359259232871,,0.0,0.22611239968077868,0.7738876003192213,0.7738876003192213,False,,,,,,,cifar100,12,DANN,features,512.0,0.7831999659538269,0.7831999659538269,0.7545000314712524,0.7860000133514404,splits_cifar100_DANN_12_0_b09dc755c62e.npz,b09dc755c62e,False,True,,,,,,,0.7738876003192213,logits_vs_features,features,IW overlap critic | W=2 | seed=0 (plug-in),True,
iw_overlap_critic,2.0,0.0,10000.0,2000.0,2500.0,500.0,0.7596,0.0,1.0,6.726263523101807,0.5,0.5,0.5595000386238098,0.24209660291671753,2970.0,9.0,1485.0,3.0,0.21555608961979286,0.016,2477.0,23.0,492.0,8.0,ok,plugin,False,,2256.1558110687693,2241.638560579545,1.9671976674885683,0.8712927490580902,1.4842404558002806,0.625,0.01,0.22555608961979287,0.7744439103802071,0.7744439103802071,False,6.0,11.0,0.4681462049484253,0.5318537950515747,1.0,"[{'epoch': 0, 'best_score': 0.060730159282684326}, {'epoch': 1, 'best_score': 0.12936878204345703}, {'epoch': 2, 'best_score': 0.19912171363830566}, {'epoch': 3, 'best_score': 0.2830125689506531}, {'epoch': 4, 'best_score': 0.3654583692550659}, {'epoch': 5, 'best_score': 0.4387128949165344}, {'epoch': 6, 'best_score': 0.4681462049484253}, {'epoch': 7, 'best_score': 0.20245924592018127}, {'epoch': 8, 'best_score': 0.23822742700576782}, {'epoch': 9, 'best_score': 0.2651599049568176}, {'epoch': 10, 'best_score': 0.2842963635921478}, {'epoch': 11, 'best_score': 0.29784151911735535}, {'epoch': 12, 'best_score': 0.31297406554222107}, {'epoch': 13, 'best_score': 0.33107811212539673}, {'epoch': 14, 'best_score': 0.33627572655677795}, {'epoch': 15, 'best_score': 0.34277501702308655}, {'epoch': 16, 'best_score': 0.35077112913131714}, {'epoch': 17, 'best_score': 0.3558361232280731}, {'epoch': 18, 'best_score': 0.3606271743774414}, {'epoch': 19, 'best_score': 0.36120396852493286}, {'epoch': 20, 'best_score': 0.3659360110759735}, {'epoch': 21, 'best_score': 0.36432352662086487}, {'epoch': 22, 'best_score': 0.3684290051460266}, {'epoch': 23, 'best_score': 0.3700449466705322}, {'epoch': 24, 'best_score': 0.37516680359840393}, {'epoch': 25, 'best_score': 0.3764382302761078}, {'epoch': 26, 'best_score': 0.379676878452301}, {'epoch': 27, 'best_score': 0.37938591837882996}, {'epoch': 28, 'best_score': 0.3834531605243683}, {'epoch': 29, 'best_score': 0.38881543278694153}, {'epoch': 30, 'best_score': 0.39005815982818604}, {'epoch': 31, 'best_score': 0.39263856410980225}, {'epoch': 32, 'best_score': 0.3947753310203552}, {'epoch': 33, 'best_score': 0.39737558364868164}, {'epoch': 34, 'best_score': 0.3992426097393036}, {'epoch': 35, 'best_score': 0.397479385137558}, {'epoch': 36, 'best_score': 0.40090981125831604}, {'epoch': 37, 'best_score': 0.4040084183216095}, {'epoch': 38, 'best_score': 0.401915043592453}, {'epoch': 39, 'best_score': 0.40416523814201355}, {'epoch': 40, 'best_score': 0.40594711899757385}, {'epoch': 41, 'best_score': 0.4070160686969757}, {'epoch': 42, 'best_score': 0.40897953510284424}, {'epoch': 43, 'best_score': 0.40784692764282227}, {'epoch': 44, 'best_score': 0.41021403670310974}, {'epoch': 45, 'best_score': 0.40948164463043213}, {'epoch': 46, 'best_score': 0.4111662805080414}, {'epoch': 47, 'best_score': 0.410535603761673}, {'epoch': 48, 'best_score': 0.41036903858184814}, {'epoch': 49, 'best_score': 0.41259145736694336}]",cifar100,59,DANN,features,512.0,0.7841999530792236,0.7841999530792236,0.7585000395774841,0.7720000147819519,splits_cifar100_DANN_59_0_b09dc755c62e.npz,b09dc755c62e,False,False,,,,,,,0.7744439103802071,logits_vs_features,features,IW overlap critic | W=2 | seed=0 (plug-in),True,
iw_overlap_critic,2.0,0.0,10000.0,2000.0,2500.0,500.0,0.764,0.0,1.0,7.387753963470459,0.5,0.5,0.546500027179718,0.24401287734508514,2989.0,1.0,1491.0,0.0,0.2152431866977491,0.008,2494.0,6.0,496.0,4.0,unsupported_critic_region,plugin,False,,2302.351746026672,2282.1953616215596,1.9841214883260552,0.888258856193086,1.4569507037290372,,,,,,,,,,,,,cifar100,82,DANN,features,512.0,0.7861999869346619,0.7861999869346619,0.7695000171661377,0.7700000405311584,splits_cifar100_DANN_82_0_b09dc755c62e.npz,b09dc755c62e,,,,,,,,,,logits_vs_features,features,IW overlap critic | W=2 | seed=0 (plug-in),False,
iw_overlap_critic,2.0,0.0,10000.0,2000.0,2500.0,500.0,0.762,0.0,1.0,1.975064992904663,0.5,0.5,0.6274999976158142,0.22987747192382812,2897.0,84.0,1452.0,40.0,0.18719054453865278,0.1,2404.0,96.0,450.0,50.0,ok,plugin,False,,1984.89655358764,1970.7590356811738,1.989085645181485,0.7661346572441516,1.5902420939250144,0.48,0.048,0.2351905445386528,0.7648094554613472,0.7648094554613472,False,10.0,1.0,0.24802690744400024,0.5269730687141418,0.7749999761581421,"[{'epoch': 0, 'best_score': 0.054446637630462646}, {'epoch': 1, 'best_score': 0.10836684703826904}, {'epoch': 2, 'best_score': 0.16453218460083008}, {'epoch': 3, 'best_score': 0.1783210039138794}, {'epoch': 4, 'best_score': 0.20317316055297852}, {'epoch': 5, 'best_score': 0.2262880802154541}, {'epoch': 6, 'best_score': 0.23584842681884766}, {'epoch': 7, 'best_score': 0.20736825466156006}, {'epoch': 8, 'best_score': 0.21868252754211426}, {'epoch': 9, 'best_score': 0.22796005010604858}, {'epoch': 10, 'best_score': 0.24802690744400024}, {'epoch': 11, 'best_score': 0.24582159519195557}, {'epoch': 12, 'best_score': 0.24275529384613037}, {'epoch': 13, 'best_score': 0.1997968554496765}, {'epoch': 14, 'best_score': 0.16727256774902344}, {'epoch': 15, 'best_score': 0.14442482590675354}, {'epoch': 16, 'best_score': 0.14776891469955444}, {'epoch': 17, 'best_score': 0.1589241921901703}, {'epoch': 18, 'best_score': 0.1459716558456421}, {'epoch': 19, 'best_score': 0.11824730038642883}, {'epoch': 20, 'best_score': 0.10831829905509949}, {'epoch': 21, 'best_score': 0.12111607193946838}, {'epoch': 22, 'best_score': 0.10512343049049377}, {'epoch': 23, 'best_score': 0.09854456782341003}, {'epoch': 24, 'best_score': 0.09509003162384033}, {'epoch': 25, 'best_score': 0.10141909122467041}, {'epoch': 26, 'best_score': 0.13322728872299194}, {'epoch': 27, 'best_score': 0.13763952255249023}, {'epoch': 28, 'best_score': 0.14037102460861206}, {'epoch': 29, 'best_score': 0.14434388279914856}, {'epoch': 30, 'best_score': 0.12022548913955688}, {'epoch': 31, 'best_score': 0.1011788547039032}, {'epoch': 32, 'best_score': 0.1060548722743988}, {'epoch': 33, 'best_score': 0.09571561217308044}, {'epoch': 34, 'best_score': 0.10930031538009644}, {'epoch': 35, 'best_score': 0.11370053887367249}, {'epoch': 36, 'best_score': 0.11686888337135315}, {'epoch': 37, 'best_score': 0.09891119599342346}, {'epoch': 38, 'best_score': 0.09858378767967224}, {'epoch': 39, 'best_score': 0.1055946946144104}, {'epoch': 40, 'best_score': 0.10452347993850708}, {'epoch': 41, 'best_score': 0.10874491930007935}, {'epoch': 42, 'best_score': 0.10777181386947632}, {'epoch': 43, 'best_score': 0.10811978578567505}, {'epoch': 44, 'best_score': 0.10983407497406006}, {'epoch': 45, 'best_score': 0.134539395570755}, {'epoch': 46, 'best_score': 0.11402171850204468}, {'epoch': 47, 'best_score': 0.11577147245407104}, {'epoch': 48, 'best_score': 0.11743220686912537}, {'epoch': 49, 'best_score': 0.11876815557479858}]",cifar100,4,CDANN,features,256.0,0.7849999666213989,0.7849999666213989,0.7275000214576721,0.7480000257492065,splits_cifar100_CDANN_4_0_b09dc755c62e.npz,b09dc755c62e,False,False,,,,,,,0.7648094554613472,logits_vs_features,features,IW overlap critic | W=2 | seed=0 (plug-in),True,
iw_overlap_critic,2.0,0.0,10000.0,2000.0,2500.0,500.0,0.766,0.0,1.0,1.7018429040908813,0.5,0.5,0.6334999799728394,0.22181448340415955,2807.0,124.0,1410.0,64.0,0.16377579910288864,0.162,2344.0,156.0,419.0,81.0,ok,plugin,False,,1756.0866434419595,1776.8618075658037,1.9920349220119637,0.6590598566768017,1.5865898562407477,0.6419753086419753,0.104,0.2677757991028886,0.7322242008971114,0.7322242008971114,False,7.0,26.0,0.14503657817840576,0.6049634218215942,0.75,"[{'epoch': 0, 'best_score': 0.046515822410583496}, {'epoch': 1, 'best_score': 0.09487855434417725}, {'epoch': 2, 'best_score': 0.11727333068847656}, {'epoch': 3, 'best_score': 0.1295865774154663}, {'epoch': 4, 'best_score': 0.1323615312576294}, {'epoch': 5, 'best_score': 0.1356256604194641}, {'epoch': 6, 'best_score': 0.13793444633483887}, {'epoch': 7, 'best_score': 0.14503657817840576}, {'epoch': 8, 'best_score': 0.11231720447540283}, {'epoch': 9, 'best_score': 0.11997264623641968}, {'epoch': 10, 'best_score': 0.12431913614273071}, {'epoch': 11, 'best_score': 0.12058544158935547}, {'epoch': 12, 'best_score': 0.08699828386306763}, {'epoch': 13, 'best_score': 0.07357382774353027}, {'epoch': 14, 'best_score': 0.05292022228240967}, {'epoch': 15, 'best_score': 0.061270833015441895}, {'epoch': 16, 'best_score': 0.05283886194229126}, {'epoch': 17, 'best_score': 0.049208998680114746}, {'epoch': 18, 'best_score': 0.06721845269203186}, {'epoch': 19, 'best_score': 0.05754929780960083}, {'epoch': 20, 'best_score': 0.046755850315093994}, {'epoch': 21, 'best_score': 0.05079957842826843}, {'epoch': 22, 'best_score': 0.04302224516868591}, {'epoch': 23, 'best_score': 0.05010315775871277}, {'epoch': 24, 'best_score': 0.052086979150772095}, {'epoch': 25, 'best_score': 0.05327200889587402}, {'epoch': 26, 'best_score': 0.05997437238693237}, {'epoch': 27, 'best_score': 0.06885376572608948}, {'epoch': 28, 'best_score': 0.06384649872779846}, {'epoch': 29, 'best_score': 0.07069212198257446}, {'epoch': 30, 'best_score': 0.07423955202102661}, {'epoch': 31, 'best_score': 0.07519769668579102}, {'epoch': 32, 'best_score': 0.0798560082912445}, {'epoch': 33, 'best_score': 0.08596792817115784}, {'epoch': 34, 'best_score': 0.0934084951877594}, {'epoch': 35, 'best_score': 0.09230732917785645}, {'epoch': 36, 'best_score': 0.08340686559677124}, {'epoch': 37, 'best_score': 0.08465015888214111}, {'epoch': 38, 'best_score': 0.10395464301109314}, {'epoch': 39, 'best_score': 0.10396924614906311}, {'epoch': 40, 'best_score': 0.09102055430412292}, {'epoch': 41, 'best_score': 0.09225884079933167}, {'epoch': 42, 'best_score': 0.0964532196521759}, {'epoch': 43, 'best_score': 0.10272210836410522}, {'epoch': 44, 'best_score': 0.0889313817024231}, {'epoch': 45, 'best_score': 0.08937528729438782}, {'epoch': 46, 'best_score': 0.090452641248703}, {'epoch': 47, 'best_score': 0.09153065085411072}, {'epoch': 48, 'best_score': 0.0900636613368988}, {'epoch': 49, 'best_score': 0.07460922002792358}]",cifar100,12,CDANN,features,256.0,0.7858999967575073,0.7858999967575073,0.7480000257492065,0.7680000066757202,splits_cifar100_CDANN_12_0_b09dc755c62e.npz,b09dc755c62e,True,True,,,,,,,0.7322242008971114,logits_vs_features,features,IW overlap critic | W=2 | seed=0 (plug-in),True,
iw_overlap_critic,2.0,0.0,10000.0,2000.0,2500.0,500.0,0.7664,0.0,1.0,1.3137600421905518,0.5,0.5,0.6840000152587891,0.2118106186389923,2714.0,135.0,1372.0,73.0,0.1515585065189072,0.208,2278.0,222.0,396.0,104.0,ok,plugin,False,,1624.202098481754,1604.5642481401226,1.9990691809131769,0.5974601941848849,1.67710272668464,0.5096153846153846,0.10599999999999998,0.2575585065189072,0.7424414934810928,0.7424414934810928,False,42.0,17.0,0.22063785791397095,0.39580047130584717,0.6164383292198181,"[{'epoch': 0, 'best_score': 0.061229050159454346}, {'epoch': 1, 'best_score': 0.07592552900314331}, {'epoch': 2, 'best_score': 0.14647364616394043}, {'epoch': 3, 'best_score': 0.16367751359939575}, {'epoch': 4, 'best_score': 0.15776711702346802}, {'epoch': 5, 'best_score': 0.17719459533691406}, {'epoch': 6, 'best_score': 0.20707076787948608}, {'epoch': 7, 'best_score': 0.19290536642074585}, {'epoch': 8, 'best_score': 0.19538837671279907}, {'epoch': 9, 'best_score': 0.18769145011901855}, {'epoch': 10, 'best_score': 0.19272655248641968}, {'epoch': 11, 'best_score': 0.19284647703170776}, {'epoch': 12, 'best_score': 0.1777995228767395}, {'epoch': 13, 'best_score': 0.19422370195388794}, {'epoch': 14, 'best_score': 0.18411153554916382}, {'epoch': 15, 'best_score': 0.18306362628936768}, {'epoch': 16, 'best_score': 0.19157719612121582}, {'epoch': 17, 'best_score': 0.20217660069465637}, {'epoch': 18, 'best_score': 0.19762343168258667}, {'epoch': 19, 'best_score': 0.21754992008209229}, {'epoch': 20, 'best_score': 0.20714357495307922}, {'epoch': 21, 'best_score': 0.20937228202819824}, {'epoch': 22, 'best_score': 0.19079890847206116}, {'epoch': 23, 'best_score': 0.2012430727481842}, {'epoch': 24, 'best_score': 0.20994356274604797}, {'epoch': 25, 'best_score': 0.2010708451271057}, {'epoch': 26, 'best_score': 0.19617921113967896}, {'epoch': 27, 'best_score': 0.1993982493877411}, {'epoch': 28, 'best_score': 0.20381230115890503}, {'epoch': 29, 'best_score': 0.2137245535850525}, {'epoch': 30, 'best_score': 0.21476876735687256}, {'epoch': 31, 'best_score': 0.2030031383037567}, {'epoch': 32, 'best_score': 0.19499629735946655}, {'epoch': 33, 'best_score': 0.19958403706550598}, {'epoch': 34, 'best_score': 0.19398126006126404}, {'epoch': 35, 'best_score': 0.19655516743659973}, {'epoch': 36, 'best_score': 0.1962468922138214}, {'epoch': 37, 'best_score': 0.19960111379623413}, {'epoch': 38, 'best_score': 0.21768534183502197}, {'epoch': 39, 'best_score': 0.21538510918617249}, {'epoch': 40, 'best_score': 0.21792501211166382}, {'epoch': 41, 'best_score': 0.2192348837852478}, {'epoch': 42, 'best_score': 0.22063785791397095}, {'epoch': 43, 'best_score': 0.20858106017112732}, {'epoch': 44, 'best_score': 0.21070849895477295}, {'epoch': 45, 'best_score': 0.20008310675621033}, {'epoch': 46, 'best_score': 0.19058120250701904}, {'epoch': 47, 'best_score': 0.19507145881652832}, {'epoch': 48, 'best_score': 0.20097681879997253}, {'epoch': 49, 'best_score': 0.18893587589263916}]",cifar100,59,CDANN,features,256.0,0.7870000004768372,0.7870000004768372,0.7580000162124634,0.7920000553131104,splits_cifar100_CDANN_59_0_b09dc755c62e.npz,b09dc755c62e,True,True,,,,,,,0.7424414934810928,logits_vs_features,features,IW overlap critic | W=2 | seed=0 (plug-in),True,
iw_overlap_critic,2.0,0.0,10000.0,2000.0,2500.0,500.0,0.7652,0.0,1.0,2.634060859680176,0.5,0.5,0.5690000057220459,0.24028076231479645,2950.0,25.0,1479.0,13.0,0.20421134251495088,0.04,2460.0,40.0,480.0,20.0,ok,plugin,False,,2171.3090543016333,2152.1976705854645,1.9637540539201392,0.8326433767503902,1.5141146001533903,0.45,0.018000000000000002,0.2222113425149509,0.7777886574850491,0.7777886574850491,False,31.0,1.0,0.3090221881866455,0.2294393926858902,0.5384615659713745,"[{'epoch': 0, 'best_score': 0.06389600038528442}, {'epoch': 1, 'best_score': 0.16230875253677368}, {'epoch': 2, 'best_score': 0.14903879165649414}, {'epoch': 3, 'best_score': 0.2190612554550171}, {'epoch': 4, 'best_score': 0.1720064878463745}, {'epoch': 5, 'best_score': 0.2277926206588745}, {'epoch': 6, 'best_score': 0.1534687876701355}, {'epoch': 7, 'best_score': 0.23996970057487488}, {'epoch': 8, 'best_score': 0.19158968329429626}, {'epoch': 9, 'best_score': 0.211216539144516}, {'epoch': 10, 'best_score': 0.22823011875152588}, {'epoch': 11, 'best_score': 0.24787861108779907}, {'epoch': 12, 'best_score': 0.26312336325645447}, {'epoch': 13, 'best_score': 0.28356945514678955}, {'epoch': 14, 'best_score': 0.29587477445602417}, {'epoch': 15, 'best_score': 0.23422148823738098}, {'epoch': 16, 'best_score': 0.24199938774108887}, {'epoch': 17, 'best_score': 0.24391520023345947}, {'epoch': 18, 'best_score': 0.2526748478412628}, {'epoch': 19, 'best_score': 0.26063427329063416}, {'epoch': 20, 'best_score': 0.26685476303100586}, {'epoch': 21, 'best_score': 0.2736071050167084}, {'epoch': 22, 'best_score': 0.2774021327495575}, {'epoch': 23, 'best_score': 0.28479599952697754}, {'epoch': 24, 'best_score': 0.2918314039707184}, {'epoch': 25, 'best_score': 0.29623714089393616}, {'epoch': 26, 'best_score': 0.21979230642318726}, {'epoch': 27, 'best_score': 0.22279907763004303}, {'epoch': 28, 'best_score': 0.2236965149641037}, {'epoch': 29, 'best_score': 0.22310766577720642}, {'epoch': 30, 'best_score': 0.22657881677150726}, {'epoch': 31, 'best_score': 0.3090221881866455}, {'epoch': 32, 'best_score': 0.23241086304187775}, {'epoch': 33, 'best_score': 0.231942817568779}, {'epoch': 34, 'best_score': 0.228559210896492}, {'epoch': 35, 'best_score': 0.23327231407165527}, {'epoch': 36, 'best_score': 0.170151486992836}, {'epoch': 37, 'best_score': 0.16395042836666107}, {'epoch': 38, 'best_score': 0.16799382865428925}, {'epoch': 39, 'best_score': 0.1698024421930313}, {'epoch': 40, 'best_score': 0.17294494807720184}, {'epoch': 41, 'best_score': 0.1640295535326004}, {'epoch': 42, 'best_score': 0.16515512764453888}, {'epoch': 43, 'best_score': 0.16739223897457123}, {'epoch': 44, 'best_score': 0.10691924393177032}, {'epoch': 45, 'best_score': 0.10574747622013092}, {'epoch': 46, 'best_score': 0.10651160776615143}, {'epoch': 47, 'best_score': 0.10797786712646484}, {'epoch': 48, 'best_score': 0.10892769694328308}, {'epoch': 49, 'best_score': 0.10460710525512695}]",cifar100,82,CDANN,features,256.0,0.7872999906539917,0.7872999906539917,0.7635000348091125,0.7720000147819519,splits_cifar100_CDANN_82_0_b09dc755c62e.npz,b09dc755c62e,False,False,,,,,,,0.7777886574850491,logits_vs_features,features,IW overlap critic | W=2 | seed=0 (plug-in),True,
iw_overlap_critic,2.0,0.0,28152.0,9910.0,7040.0,2478.0,0.803125,0.0,1.0,1.2093405723571777,0.5,0.5,0.814117431640625,0.1364630162715912,7746.0,1967.0,3871.0,967.0,0.0675526159927757,0.6549636803874092,6416.0,624.0,855.0,1623.0,ok,plugin,False,,2267.160780176874,2781.0163480067986,1.9966722366345102,0.1924247744982189,1.2609006870980677,0.7825015403573629,0.5125100887812751,0.5800627047740509,0.41993729522594914,0.41993729522594914,False,45.0,5.0,0.335050493478775,0.4457147419452667,0.7807652354240417,"[{'epoch': 0, 'best_score': 0.011593997478485107}, {'epoch': 1, 'best_score': 0.07948923110961914}, {'epoch': 2, 'best_score': 0.15843379497528076}, {'epoch': 3, 'best_score': 0.1766793131828308}, {'epoch': 4, 'best_score': 0.22442775964736938}, {'epoch': 5, 'best_score': 0.22720938920974731}, {'epoch': 6, 'best_score': 0.22041237354278564}, {'epoch': 7, 'best_score': 0.22718876600265503}, {'epoch': 8, 'best_score': 0.24656808376312256}, {'epoch': 9, 'best_score': 0.2513338327407837}, {'epoch': 10, 'best_score': 0.26781052350997925}, {'epoch': 11, 'best_score': 0.2686493992805481}, {'epoch': 12, 'best_score': 0.27055686712265015}, {'epoch': 13, 'best_score': 0.28023308515548706}, {'epoch': 14, 'best_score': 0.29380932450294495}, {'epoch': 15, 'best_score': 0.28927916288375854}, {'epoch': 16, 'best_score': 0.29166939854621887}, {'epoch': 17, 'best_score': 0.29477450251579285}, {'epoch': 18, 'best_score': 0.2875336706638336}, {'epoch': 19, 'best_score': 0.29297617077827454}, {'epoch': 20, 'best_score': 0.3000763952732086}, {'epoch': 21, 'best_score': 0.30404648184776306}, {'epoch': 22, 'best_score': 0.31389710307121277}, {'epoch': 23, 'best_score': 0.31214818358421326}, {'epoch': 24, 'best_score': 0.31250834465026855}, {'epoch': 25, 'best_score': 0.31659403443336487}, {'epoch': 26, 'best_score': 0.32637110352516174}, {'epoch': 27, 'best_score': 0.32696524262428284}, {'epoch': 28, 'best_score': 0.3200063705444336}, {'epoch': 29, 'best_score': 0.3179960250854492}, {'epoch': 30, 'best_score': 0.322062224149704}, {'epoch': 31, 'best_score': 0.3285198211669922}, {'epoch': 32, 'best_score': 0.32557129859924316}, {'epoch': 33, 'best_score': 0.3282541334629059}, {'epoch': 34, 'best_score': 0.32731929421424866}, {'epoch': 35, 'best_score': 0.3290604054927826}, {'epoch': 36, 'best_score': 0.3277491629123688}, {'epoch': 37, 'best_score': 0.3260825276374817}, {'epoch': 38, 'best_score': 0.3276505768299103}, {'epoch': 39, 'best_score': 0.32499632239341736}, {'epoch': 40, 'best_score': 0.3276573121547699}, {'epoch': 41, 'best_score': 0.33034294843673706}, {'epoch': 42, 'best_score': 0.33381757140159607}, {'epoch': 43, 'best_score': 0.3320881724357605}, {'epoch': 44, 'best_score': 0.3338862359523773}, {'epoch': 45, 'best_score': 0.335050493478775}, {'epoch': 46, 'best_score': 0.3331214189529419}, {'epoch': 47, 'best_score': 0.33197396993637085}, {'epoch': 48, 'best_score': 0.3288010060787201}, {'epoch': 49, 'best_score': 0.3311734199523926}]",domainnet,1,DANN,features,2048.0,0.8072605729103088,0.8072605729103088,0.465893030166626,0.47497981786727905,splits_domainnet_DANN_1_0_b09dc755c62e.npz,b09dc755c62e,True,True,,,,,,,0.41993729522594914,logits_vs_features,features,IW overlap critic | W=2 | seed=0 (plug-in),True,
iw_overlap_critic,2.0,0.0,28152.0,14207.0,7040.0,3553.0,0.8038352272727273,0.0,1.0,1.1579777002334595,0.5,0.5,0.846280574798584,0.11161978542804718,7896.0,3074.0,3910.0,1494.0,0.06305413140634551,0.7132001125809175,6575.0,465.0,1019.0,2534.0,ok,plugin,False,,1894.970694223686,2405.3861346591334,1.9908582106841897,0.13206437859870632,1.1722971076118545,0.8547750591949487,0.6096256684491979,0.6726797998555434,0.3273202001444566,0.3273202001444566,False,49.0,19.0,0.3692050576210022,0.4922407269477844,0.8614457845687866,"[{'epoch': 0, 'best_score': 0.016428709030151367}, {'epoch': 1, 'best_score': 0.09522801637649536}, {'epoch': 2, 'best_score': 0.15479928255081177}, {'epoch': 3, 'best_score': 0.21000933647155762}, {'epoch': 4, 'best_score': 0.20876973867416382}, {'epoch': 5, 'best_score': 0.22113847732543945}, {'epoch': 6, 'best_score': 0.2157914638519287}, {'epoch': 7, 'best_score': 0.22546625137329102}, {'epoch': 8, 'best_score': 0.2360835075378418}, {'epoch': 9, 'best_score': 0.26267385482788086}, {'epoch': 10, 'best_score': 0.2667662501335144}, {'epoch': 11, 'best_score': 0.27983713150024414}, {'epoch': 12, 'best_score': 0.2807919979095459}, {'epoch': 13, 'best_score': 0.2836470603942871}, {'epoch': 14, 'best_score': 0.2900061011314392}, {'epoch': 15, 'best_score': 0.29309266805648804}, {'epoch': 16, 'best_score': 0.285719633102417}, {'epoch': 17, 'best_score': 0.29545319080352783}, {'epoch': 18, 'best_score': 0.29714834690093994}, {'epoch': 19, 'best_score': 0.29884982109069824}, {'epoch': 20, 'best_score': 0.3031243681907654}, {'epoch': 21, 'best_score': 0.3073715567588806}, {'epoch': 22, 'best_score': 0.31163424253463745}, {'epoch': 23, 'best_score': 0.3105512261390686}, {'epoch': 24, 'best_score': 0.3129960298538208}, {'epoch': 25, 'best_score': 0.3178715109825134}, {'epoch': 26, 'best_score': 0.3157835006713867}, {'epoch': 27, 'best_score': 0.3159177303314209}, {'epoch': 28, 'best_score': 0.3182588815689087}, {'epoch': 29, 'best_score': 0.3217528462409973}, {'epoch': 30, 'best_score': 0.3250587582588196}, {'epoch': 31, 'best_score': 0.32223600149154663}, {'epoch': 32, 'best_score': 0.3320009708404541}, {'epoch': 33, 'best_score': 0.33285099267959595}, {'epoch': 34, 'best_score': 0.3340456485748291}, {'epoch': 35, 'best_score': 0.33674222230911255}, {'epoch': 36, 'best_score': 0.33888763189315796}, {'epoch': 37, 'best_score': 0.33867549896240234}, {'epoch': 38, 'best_score': 0.3405941128730774}, {'epoch': 39, 'best_score': 0.35362064838409424}, {'epoch': 40, 'best_score': 0.35577112436294556}, {'epoch': 41, 'best_score': 0.3574848175048828}, {'epoch': 42, 'best_score': 0.35694581270217896}, {'epoch': 43, 'best_score': 0.3575901687145233}, {'epoch': 44, 'best_score': 0.36076080799102783}, {'epoch': 45, 'best_score': 0.36146536469459534}, {'epoch': 46, 'best_score': 0.3593435287475586}, {'epoch': 47, 'best_score': 0.3632536232471466}, {'epoch': 48, 'best_score': 0.36339524388313293}, {'epoch': 49, 'best_score': 0.3692050576210022}]",domainnet,2,DANN,features,2048.0,0.8101378083229065,0.8101378083229065,0.38572534918785095,0.38727834820747375,splits_domainnet_DANN_2_0_b09dc755c62e.npz,b09dc755c62e,True,True,,,,,,,0.3273202001444566,logits_vs_features,features,IW overlap critic | W=2 | seed=0 (plug-in),True,
iw_overlap_critic,2.0,0.0,28152.0,15295.0,7040.0,3825.0,0.8072443181818182,0.0,1.0,1.1999905109405518,0.5,0.5,0.7945000529289246,0.1442253291606903,7664.0,2796.0,3816.0,1428.0,0.07910451484308476,0.6232679738562091,6368.0,672.0,1441.0,2384.0,ok,plugin,False,,2556.4318199144836,3002.167482704801,1.9986002057063983,0.24056095734892113,1.3804207133776607,0.8141778523489933,0.5074509803921569,0.5865554952352416,0.41344450476475836,0.41344450476475836,False,48.0,9.0,0.3475051820278168,0.47602424025535583,0.8235294222831726,"[{'epoch': 0, 'best_score': 0.013424992561340332}, {'epoch': 1, 'best_score': 0.0863688588142395}, {'epoch': 2, 'best_score': 0.13328135013580322}, {'epoch': 3, 'best_score': 0.18202877044677734}, {'epoch': 4, 'best_score': 0.19378286600112915}, {'epoch': 5, 'best_score': 0.204694926738739}, {'epoch': 6, 'best_score': 0.2357054352760315}, {'epoch': 7, 'best_score': 0.23502641916275024}, {'epoch': 8, 'best_score': 0.2525973320007324}, {'epoch': 9, 'best_score': 0.26202839612960815}, {'epoch': 10, 'best_score': 0.273266077041626}, {'epoch': 11, 'best_score': 0.2783927321434021}, {'epoch': 12, 'best_score': 0.2881118655204773}, {'epoch': 13, 'best_score': 0.29215192794799805}, {'epoch': 14, 'best_score': 0.2943384051322937}, {'epoch': 15, 'best_score': 0.29137521982192993}, {'epoch': 16, 'best_score': 0.28952085971832275}, {'epoch': 17, 'best_score': 0.2926326394081116}, {'epoch': 18, 'best_score': 0.29524022340774536}, {'epoch': 19, 'best_score': 0.3066590428352356}, {'epoch': 20, 'best_score': 0.31094467639923096}, {'epoch': 21, 'best_score': 0.30965059995651245}, {'epoch': 22, 'best_score': 0.32040661573410034}, {'epoch': 23, 'best_score': 0.31519824266433716}, {'epoch': 24, 'best_score': 0.32906442880630493}, {'epoch': 25, 'best_score': 0.33982646465301514}, {'epoch': 26, 'best_score': 0.3330729603767395}, {'epoch': 27, 'best_score': 0.3255921006202698}, {'epoch': 28, 'best_score': 0.33363986015319824}, {'epoch': 29, 'best_score': 0.3301791548728943}, {'epoch': 30, 'best_score': 0.3309779167175293}, {'epoch': 31, 'best_score': 0.33585119247436523}, {'epoch': 32, 'best_score': 0.3309880495071411}, {'epoch': 33, 'best_score': 0.3325657546520233}, {'epoch': 34, 'best_score': 0.33380961418151855}, {'epoch': 35, 'best_score': 0.33618104457855225}, {'epoch': 36, 'best_score': 0.3371744155883789}, {'epoch': 37, 'best_score': 0.33924418687820435}, {'epoch': 38, 'best_score': 0.3437974750995636}, {'epoch': 39, 'best_score': 0.3409713804721832}, {'epoch': 40, 'best_score': 0.3445727825164795}, {'epoch': 41, 'best_score': 0.3425765335559845}, {'epoch': 42, 'best_score': 0.34204721450805664}, {'epoch': 43, 'best_score': 0.34164807200431824}, {'epoch': 44, 'best_score': 0.34005990624427795}, {'epoch': 45, 'best_score': 0.3440534770488739}, {'epoch': 46, 'best_score': 0.34322622418403625}, {'epoch': 47, 'best_score': 0.3426738381385803}, {'epoch': 48, 'best_score': 0.3475051820278168}, {'epoch': 49, 'best_score': 0.3452014923095703}]",domainnet,3,DANN,features,2048.0,0.8096050024032593,0.8096050024032593,0.4719189405441284,0.46562090516090393,splits_domainnet_DANN_3_0_b09dc755c62e.npz,b09dc755c62e,True,True,,,,,,,0.41344450476475836,logits_vs_features,features,IW overlap critic | W=2 | seed=0 (plug-in),True,
iw_overlap_critic,2.0,0.0,28152.0,9910.0,7040.0,2478.0,0.8025568181818181,0.0,1.0,0.7881361842155457,0.5,0.5,0.7996504902839661,0.13991327583789825,7748.0,1894.0,3876.0,959.0,0.07935211957209451,0.648910411622276,6415.0,625.0,870.0,1608.0,ok,plugin,False,,2500.9094524694974,3046.0027577532574,1.996748445061332,0.23549304804342153,1.338997310314291,0.7916666666666666,0.5137207425343018,0.5930728621063963,0.4069271378936037,0.4069271378936037,False,29.0,4.0,0.34936970472335815,0.47857606410980225,0.8279457688331604,"[{'epoch': 0, 'best_score': 0.017256081104278564}, {'epoch': 1, 'best_score': 0.06266766786575317}, {'epoch': 2, 'best_score': 0.12286496162414551}, {'epoch': 3, 'best_score': 0.18044894933700562}, {'epoch': 4, 'best_score': 0.2198396921157837}, {'epoch': 5, 'best_score': 0.25650012493133545}, {'epoch': 6, 'best_score': 0.2750775218009949}, {'epoch': 7, 'best_score': 0.2931104302406311}, {'epoch': 8, 'best_score': 0.2954314351081848}, {'epoch': 9, 'best_score': 0.3067290484905243}, {'epoch': 10, 'best_score': 0.3039962947368622}, {'epoch': 11, 'best_score': 0.3055596649646759}, {'epoch': 12, 'best_score': 0.3080119490623474}, {'epoch': 13, 'best_score': 0.3132909834384918}, {'epoch': 14, 'best_score': 0.3108348846435547}, {'epoch': 15, 'best_score': 0.31095653772354126}, {'epoch': 16, 'best_score': 0.31671157479286194}, {'epoch': 17, 'best_score': 0.31822896003723145}, {'epoch': 18, 'best_score': 0.3136758804321289}, {'epoch': 19, 'best_score': 0.31966471672058105}, {'epoch': 20, 'best_score': 0.32517555356025696}, {'epoch': 21, 'best_score': 0.33288607001304626}, {'epoch': 22, 'best_score': 0.3365508019924164}, {'epoch': 23, 'best_score': 0.3349602520465851}, {'epoch': 24, 'best_score': 0.340457946062088}, {'epoch': 25, 'best_score': 0.3418596088886261}, {'epoch': 26, 'best_score': 0.3436252176761627}, {'epoch': 27, 'best_score': 0.3473157286643982}, {'epoch': 28, 'best_score': 0.3471600413322449}, {'epoch': 29, 'best_score': 0.34936970472335815}, {'epoch': 30, 'best_score': 0.3459186851978302}, {'epoch': 31, 'best_score': 0.3477650284767151}, {'epoch': 32, 'best_score': 0.3474467694759369}, {'epoch': 33, 'best_score': 0.34661173820495605}, {'epoch': 34, 'best_score': 0.34510600566864014}, {'epoch': 35, 'best_score': 0.34447136521339417}, {'epoch': 36, 'best_score': 0.344296932220459}, {'epoch': 37, 'best_score': 0.3433157205581665}, {'epoch': 38, 'best_score': 0.33998966217041016}, {'epoch': 39, 'best_score': 0.33969980478286743}, {'epoch': 40, 'best_score': 0.3397306203842163}, {'epoch': 41, 'best_score': 0.3415893614292145}, {'epoch': 42, 'best_score': 0.3419158458709717}, {'epoch': 43, 'best_score': 0.34270358085632324}, {'epoch': 44, 'best_score': 0.34330958127975464}, {'epoch': 45, 'best_score': 0.34230178594589233}, {'epoch': 46, 'best_score': 0.3421499729156494}, {'epoch': 47, 'best_score': 0.34079474210739136}, {'epoch': 48, 'best_score': 0.3435257077217102}, {'epoch': 49, 'best_score': 0.34517356753349304}]",domainnet,1,CDANN,features,256.0,0.8055910468101501,0.8055910468101501,0.5121089816093445,0.5205811262130737,splits_domainnet_CDANN_1_0_b09dc755c62e.npz,b09dc755c62e,True,True,,,,,,,0.4069271378936037,logits_vs_features,features,IW overlap critic | W=2 | seed=0 (plug-in),True,
iw_overlap_critic,2.0,0.0,28152.0,14207.0,7040.0,3553.0,0.8004261363636364,0.0,1.0,0.7321817874908447,0.5,0.5,0.8212893605232239,0.12660270929336548,7828.0,2907.0,3883.0,1445.0,0.06978187536181918,0.690683929074022,6461.0,579.0,1099.0,2454.0,ok,plugin,False,,2086.3080672537376,2653.9087600975495,1.9915989904946834,0.1684580479366417,1.2028506127588356,0.8789731051344744,0.6070925978046722,0.6768744731664913,0.3231255268335087,0.3231255268335087,False,47.0,11.0,0.3359391689300537,0.5547182559967041,0.8906574249267578,"[{'epoch': 0, 'best_score': 0.0176621675491333}, {'epoch': 1, 'best_score': 0.06027209758758545}, {'epoch': 2, 'best_score': 0.12561529874801636}, {'epoch': 3, 'best_score': 0.1863689422607422}, {'epoch': 4, 'best_score': 0.2191622257232666}, {'epoch': 5, 'best_score': 0.24691873788833618}, {'epoch': 6, 'best_score': 0.26618027687072754}, {'epoch': 7, 'best_score': 0.2851111888885498}, {'epoch': 8, 'best_score': 0.2967565655708313}, {'epoch': 9, 'best_score': 0.3020671606063843}, {'epoch': 10, 'best_score': 0.3096572458744049}, {'epoch': 11, 'best_score': 0.31907013058662415}, {'epoch': 12, 'best_score': 0.31972435116767883}, {'epoch': 13, 'best_score': 0.30844855308532715}, {'epoch': 14, 'best_score': 0.31039923429489136}, {'epoch': 15, 'best_score': 0.31524550914764404}, {'epoch': 16, 'best_score': 0.31492674350738525}, {'epoch': 17, 'best_score': 0.31986409425735474}, {'epoch': 18, 'best_score': 0.31679439544677734}, {'epoch': 19, 'best_score': 0.31268393993377686}, {'epoch': 20, 'best_score': 0.30655616521835327}, {'epoch': 21, 'best_score': 0.30094802379608154}, {'epoch': 22, 'best_score': 0.30131399631500244}, {'epoch': 23, 'best_score': 0.3053913712501526}, {'epoch': 24, 'best_score': 0.30399417877197266}, {'epoch': 25, 'best_score': 0.3073524832725525}, {'epoch': 26, 'best_score': 0.30994200706481934}, {'epoch': 27, 'best_score': 0.3152792453765869}, {'epoch': 28, 'best_score': 0.31874215602874756}, {'epoch': 29, 'best_score': 0.31824928522109985}, {'epoch': 30, 'best_score': 0.3214418888092041}, {'epoch': 31, 'best_score': 0.3245800733566284}, {'epoch': 32, 'best_score': 0.325916051864624}, {'epoch': 33, 'best_score': 0.3257436156272888}, {'epoch': 34, 'best_score': 0.326332151889801}, {'epoch': 35, 'best_score': 0.32370316982269287}, {'epoch': 36, 'best_score': 0.3252178430557251}, {'epoch': 37, 'best_score': 0.32882338762283325}, {'epoch': 38, 'best_score': 0.3296825885772705}, {'epoch': 39, 'best_score': 0.328069806098938}, {'epoch': 40, 'best_score': 0.3268333673477173}, {'epoch': 41, 'best_score': 0.32908642292022705}, {'epoch': 42, 'best_score': 0.3305521011352539}, {'epoch': 43, 'best_score': 0.330613911151886}, {'epoch': 44, 'best_score': 0.33048689365386963}, {'epoch': 45, 'best_score': 0.3354698419570923}, {'epoch': 46, 'best_score': 0.3340282440185547}, {'epoch': 47, 'best_score': 0.3359391689300537}, {'epoch': 48, 'best_score': 0.3324975371360779}, {'epoch': 49, 'best_score': 0.333426296710968}]",domainnet,2,CDANN,features,256.0,0.8071539998054504,0.8071539998054504,0.42063772678375244,0.4218969941139221,splits_domainnet_CDANN_2_0_b09dc755c62e.npz,b09dc755c62e,True,True,,,,,,,0.3231255268335087,logits_vs_features,features,IW overlap critic | W=2 | seed=0 (plug-in),True,
iw_overlap_critic,2.0,0.0,28152.0,15295.0,7040.0,3825.0,0.8063920454545455,0.0,1.0,0.8945432901382446,0.5,0.5,0.7571138739585876,0.17122101783752441,7540.0,2437.0,3738.0,1259.0,0.0953911990406269,0.5383006535947712,6291.0,749.0,1766.0,2059.0,ok,plugin,False,,3203.542959196494,3590.1637571911447,1.9981887863946326,0.36276122451142057,1.4891702082367468,0.847013113161729,0.4559477124183006,0.5513389114589275,0.44866108854107245,0.44866108854107245,False,38.0,15.0,0.3627539277076721,0.5117496252059937,0.8745035529136658,"[{'epoch': 0, 'best_score': 0.017780303955078125}, {'epoch': 1, 'best_score': 0.05354231595993042}, {'epoch': 2, 'best_score': 0.12409144639968872}, {'epoch': 3, 'best_score': 0.17321932315826416}, {'epoch': 4, 'best_score': 0.21021759510040283}, {'epoch': 5, 'best_score': 0.2447037696838379}, {'epoch': 6, 'best_score': 0.26318782567977905}, {'epoch': 7, 'best_score': 0.2707033157348633}, {'epoch': 8, 'best_score': 0.28063350915908813}, {'epoch': 9, 'best_score': 0.2864115238189697}, {'epoch': 10, 'best_score': 0.2964777946472168}, {'epoch': 11, 'best_score': 0.3030741810798645}, {'epoch': 12, 'best_score': 0.3104020357131958}, {'epoch': 13, 'best_score': 0.31661057472229004}, {'epoch': 14, 'best_score': 0.32013845443725586}, {'epoch': 15, 'best_score': 0.32292741537094116}, {'epoch': 16, 'best_score': 0.32558196783065796}, {'epoch': 17, 'best_score': 0.3291381001472473}, {'epoch': 18, 'best_score': 0.3352630138397217}, {'epoch': 19, 'best_score': 0.33199453353881836}, {'epoch': 20, 'best_score': 0.33601808547973633}, {'epoch': 21, 'best_score': 0.33559519052505493}, {'epoch': 22, 'best_score': 0.33659183979034424}, {'epoch': 23, 'best_score': 0.34118497371673584}, {'epoch': 24, 'best_score': 0.3427202105522156}, {'epoch': 25, 'best_score': 0.34681105613708496}, {'epoch': 26, 'best_score': 0.35254162549972534}, {'epoch': 27, 'best_score': 0.3506962060928345}, {'epoch': 28, 'best_score': 0.3517528772354126}, {'epoch': 29, 'best_score': 0.35631686449050903}, {'epoch': 30, 'best_score': 0.3520573377609253}, {'epoch': 31, 'best_score': 0.35283929109573364}, {'epoch': 32, 'best_score': 0.35617077350616455}, {'epoch': 33, 'best_score': 0.35687410831451416}, {'epoch': 34, 'best_score': 0.3567870259284973}, {'epoch': 35, 'best_score': 0.3560628294944763}, {'epoch': 36, 'best_score': 0.359724760055542}, {'epoch': 37, 'best_score': 0.3615732192993164}, {'epoch': 38, 'best_score': 0.3627539277076721}, {'epoch': 39, 'best_score': 0.36157071590423584}, {'epoch': 40, 'best_score': 0.3603547215461731}, {'epoch': 41, 'best_score': 0.35975271463394165}, {'epoch': 42, 'best_score': 0.35879766941070557}, {'epoch': 43, 'best_score': 0.3603883981704712}, {'epoch': 44, 'best_score': 0.3609781861305237}, {'epoch': 45, 'best_score': 0.36270761489868164}, {'epoch': 46, 'best_score': 0.3603690266609192}, {'epoch': 47, 'best_score': 0.3608657717704773}, {'epoch': 48, 'best_score': 0.36133235692977905}, {'epoch': 49, 'best_score': 0.36151641607284546}]",domainnet,3,CDANN,features,256.0,0.8074381947517395,0.8074381947517395,0.49369075894355774,0.48549020290374756,splits_domainnet_CDANN_3_0_b09dc755c62e.npz,b09dc755c62e,True,True,,,,,,,0.44866108854107245,logits_vs_features,features,IW overlap critic | W=2 | seed=0 (plug-in),True,
iw_overlap_critic,2.0,0.0,1700.0,8804.0,425.0,2203.0,0.8658823529411764,0.0,1.0,2.358501434326172,0.5,0.5,0.5993983745574951,0.22833284735679626,434.0,709.0,221.0,349.0,0.10917028749879801,0.27099409895596915,354.0,71.0,1606.0,597.0,ok,plugin,False,,361.625272542855,294.6837806869248,1.9926259524779821,0.9706675654931034,1.7803859920411347,0.6901172529313233,0.18701770313209262,0.29618799063089063,0.7038120093691094,0.7038120093691094,False,49.0,10.0,0.39582011103630066,0.32910826802253723,0.7249283790588379,"[{'epoch': 0, 'best_score': 0.12668001651763916}, {'epoch': 1, 'best_score': 0.13789033889770508}, {'epoch': 2, 'best_score': 0.14437922835350037}, {'epoch': 3, 'best_score': 0.15583285689353943}, {'epoch': 4, 'best_score': 0.16106513142585754}, {'epoch': 5, 'best_score': 0.16009679436683655}, {'epoch': 6, 'best_score': 0.1753864884376526}, {'epoch': 7, 'best_score': 0.16181418299674988}, {'epoch': 8, 'best_score': 0.16468074917793274}, {'epoch': 9, 'best_score': 0.1738215982913971}, {'epoch': 10, 'best_score': 0.18182998895645142}, {'epoch': 11, 'best_score': 0.20499736070632935}, {'epoch': 12, 'best_score': 0.21836969256401062}, {'epoch': 13, 'best_score': 0.2163870632648468}, {'epoch': 14, 'best_score': 0.2310100495815277}, {'epoch': 15, 'best_score': 0.2479689121246338}, {'epoch': 16, 'best_score': 0.24076834321022034}, {'epoch': 17, 'best_score': 0.2676640450954437}, {'epoch': 18, 'best_score': 0.2672422528266907}, {'epoch': 19, 'best_score': 0.2748661935329437}, {'epoch': 20, 'best_score': 0.2904951572418213}, {'epoch': 21, 'best_score': 0.308317631483078}, {'epoch': 22, 'best_score': 0.3131384551525116}, {'epoch': 23, 'best_score': 0.31886908411979675}, {'epoch': 24, 'best_score': 0.31890633702278137}, {'epoch': 25, 'best_score': 0.3387976288795471}, {'epoch': 26, 'best_score': 0.3445282578468323}, {'epoch': 27, 'best_score': 0.3419170081615448}, {'epoch': 28, 'best_score': 0.34962815046310425}, {'epoch': 29, 'best_score': 0.34962815046310425}, {'epoch': 30, 'best_score': 0.3479939103126526}, {'epoch': 31, 'best_score': 0.3569735586643219}, {'epoch': 32, 'best_score': 0.3494250476360321}, {'epoch': 33, 'best_score': 0.35515573620796204}, {'epoch': 34, 'best_score': 0.3536503314971924}, {'epoch': 35, 'best_score': 0.3640390634536743}, {'epoch': 36, 'best_score': 0.36660313606262207}, {'epoch': 37, 'best_score': 0.3664267361164093}, {'epoch': 38, 'best_score': 0.3722209334373474}, {'epoch': 39, 'best_score': 0.37795156240463257}, {'epoch': 40, 'best_score': 0.3782738745212555}, {'epoch': 41, 'best_score': 0.37820926308631897}, {'epoch': 42, 'best_score': 0.3815370500087738}, {'epoch': 43, 'best_score': 0.3843044638633728}, {'epoch': 44, 'best_score': 0.38916686177253723}, {'epoch': 45, 'best_score': 0.3882000744342804}, {'epoch': 46, 'best_score': 0.3895314037799835}, {'epoch': 47, 'best_score': 0.38902172446250916}, {'epoch': 48, 'best_score': 0.39066311717033386}, {'epoch': 49, 'best_score': 0.39582011103630066}]",living17,1,DANN,features,512.0,0.8994117379188538,0.8994117379188538,0.6758291721343994,0.6876986026763916,splits_living17_DANN_1_0_b09dc755c62e.npz,b09dc755c62e,False,False,,,,,,,0.7038120093691094,logits_vs_features,features,IW overlap critic | W=2 | seed=0 (plug-in),True,
iw_overlap_critic,2.0,0.0,1700.0,68.0,425.0,19.0,0.8823529411764706,0.0,1.0,54.598148345947266,0.5,0.5,0.4745098352432251,0.2517836093902588,,,,,0.11549763969311724,0.0,425.0,0.0,19.0,0.0,ok,plugin,False,,417.43123633639254,424.73358854428574,1.0960320230876648,0.980617607750639,1.0244340116827149,,0.0,0.11549763969311724,0.8845023603068828,0.8845023603068828,False,,,,,,,living17,2,DANN,features,512.0,0.9094117283821106,0.9094117283821106,0.8970588445663452,0.8421052694320679,splits_living17_DANN_2_0_b09dc755c62e.npz,b09dc755c62e,True,False,,,,,,,0.8845023603068828,logits_vs_features,features,IW overlap critic | W=2 | seed=0 (plug-in),True,
iw_overlap_critic,2.0,0.0,1700.0,68.0,425.0,19.0,0.8894117647058823,0.0,1.0,40.14657211303711,0.5,0.5,0.4598039388656616,0.2498873770236969,,,,,0.10854470082859607,0.0,425.0,0.0,19.0,0.0,ok,plugin,False,,416.5155291691593,424.59386238895956,1.1081066495004241,0.9786472673782749,1.032276027480624,,0.0,0.10854470082859607,0.891455299171404,0.891455299171404,False,,,,,,,living17,3,DANN,features,512.0,0.9052940607070923,0.9052940607070923,0.5882353186607361,0.6842105388641357,splits_living17_DANN_3_0_b09dc755c62e.npz,b09dc755c62e,False,False,,,,,,,0.891455299171404,logits_vs_features,features,IW overlap critic | W=2 | seed=0 (plug-in),True,
iw_overlap_critic,2.0,0.0,1700.0,8804.0,425.0,2203.0,0.8894117647058823,0.0,1.0,0.9411579370498657,0.5,0.5,0.601169764995575,0.2327345460653305,460.0,476.0,227.0,237.0,0.11099662410096273,0.15660463004993191,388.0,37.0,1858.0,345.0,ok,plugin,False,,370.6541630392444,316.83338223150275,1.9922685765524561,0.9009004692077786,1.821537816350091,0.7217391304347827,0.11302768951429869,0.22402431361526143,0.7759756863847386,0.7759756863847386,False,44.0,7.0,0.31477463245391846,0.4278414249420166,0.7426160573959351,"[{'epoch': 0, 'best_score': 0.1437593698501587}, {'epoch': 1, 'best_score': 0.1934484839439392}, {'epoch': 2, 'best_score': 0.24185946583747864}, {'epoch': 3, 'best_score': 0.25444477796554565}, {'epoch': 4, 'best_score': 0.2465153932571411}, {'epoch': 5, 'best_score': 0.24815553426742554}, {'epoch': 6, 'best_score': 0.26061776280403137}, {'epoch': 7, 'best_score': 0.2462688386440277}, {'epoch': 8, 'best_score': 0.24700036644935608}, {'epoch': 9, 'best_score': 0.23871666193008423}, {'epoch': 10, 'best_score': 0.23860269784927368}, {'epoch': 11, 'best_score': 0.23986202478408813}, {'epoch': 12, 'best_score': 0.2397332787513733}, {'epoch': 13, 'best_score': 0.25140249729156494}, {'epoch': 14, 'best_score': 0.2475208044052124}, {'epoch': 15, 'best_score': 0.252801775932312}, {'epoch': 16, 'best_score': 0.2671807110309601}, {'epoch': 17, 'best_score': 0.2670433521270752}, {'epoch': 18, 'best_score': 0.2664616107940674}, {'epoch': 19, 'best_score': 0.28180941939353943}, {'epoch': 20, 'best_score': 0.2915285527706146}, {'epoch': 21, 'best_score': 0.2897144556045532}, {'epoch': 22, 'best_score': 0.28861501812934875}, {'epoch': 23, 'best_score': 0.2942906320095062}, {'epoch': 24, 'best_score': 0.28857937455177307}, {'epoch': 25, 'best_score': 0.2899920344352722}, {'epoch': 26, 'best_score': 0.2877609133720398}, {'epoch': 27, 'best_score': 0.2969236671924591}, {'epoch': 28, 'best_score': 0.29448556900024414}, {'epoch': 29, 'best_score': 0.29097044467926025}, {'epoch': 30, 'best_score': 0.29268398880958557}, {'epoch': 31, 'best_score': 0.2931281328201294}, {'epoch': 32, 'best_score': 0.3031192719936371}, {'epoch': 33, 'best_score': 0.30088216066360474}, {'epoch': 34, 'best_score': 0.2933828830718994}, {'epoch': 35, 'best_score': 0.28839513659477234}, {'epoch': 36, 'best_score': 0.28919899463653564}, {'epoch': 37, 'best_score': 0.29763782024383545}, {'epoch': 38, 'best_score': 0.2943834364414215}, {'epoch': 39, 'best_score': 0.2986028492450714}, {'epoch': 40, 'best_score': 0.30870920419692993}, {'epoch': 41, 'best_score': 0.30352476239204407}, {'epoch': 42, 'best_score': 0.30352476239204407}, {'epoch': 43, 'best_score': 0.305943101644516}, {'epoch': 44, 'best_score': 0.31477463245391846}, {'epoch': 45, 'best_score': 0.31094762682914734}, {'epoch': 46, 'best_score': 0.309395432472229}, {'epoch': 47, 'best_score': 0.3051760196685791}, {'epoch': 48, 'best_score': 0.2954472303390503}, {'epoch': 49, 'best_score': 0.29713135957717896}]",living17,1,CDANN,features,256.0,0.9052940607070923,0.9052940607070923,0.6863925457000732,0.6981388926506042,splits_living17_CDANN_1_0_b09dc755c62e.npz,b09dc755c62e,False,False,,,,,,,0.7759756863847386,logits_vs_features,features,IW overlap critic | W=2 | seed=0 (plug-in),True,
iw_overlap_critic,2.0,0.0,1700.0,68.0,425.0,19.0,0.8917647058823529,0.0,1.0,54.598148345947266,0.5,0.5,0.4421568810939789,0.2509284019470215,,,,,0.10602154727486353,0.0,425.0,0.0,19.0,0.0,ok,plugin,False,,418.2454995415853,424.71056521312704,1.0635932790671974,0.9855853808564433,1.0206423120810855,,0.0,0.10602154727486353,0.8939784527251364,0.8939784527251364,False,,,,,,,living17,2,CDANN,features,256.0,0.9094117283821106,0.9094117283821106,0.8676470518112183,0.8421052694320679,splits_living17_CDANN_2_0_b09dc755c62e.npz,b09dc755c62e,False,False,,,,,,,0.8939784527251364,logits_vs_features,features,IW overlap critic | W=2 | seed=0 (plug-in),True,
iw_overlap_critic,2.0,0.0,1700.0,68.0,425.0,19.0,0.8823529411764706,0.0,1.0,10.31087875366211,0.5,0.5,0.5941176414489746,0.2489180862903595,,,,,0.10872907828318044,0.0,425.0,0.0,19.0,0.0,ok,plugin,False,,392.28334667577496,417.896727395976,1.2470679996167506,0.916657293594045,1.1190605004261212,,0.0,0.10872907828318044,0.8912709217168195,0.8912709217168195,False,,,,,,,living17,3,CDANN,features,256.0,0.9052940607070923,0.9052940607070923,0.5588235259056091,0.6315789222717285,splits_living17_CDANN_3_0_b09dc755c62e.npz,b09dc755c62e,False,False,,,,,,,0.8912709217168195,logits_vs_features,features,IW overlap critic | W=2 | seed=0 (plug-in),True,
iw_overlap_critic,2.0,0.0,2600.0,13282.0,650.0,3322.0,0.8046153846153846,0.0,1.0,3.8708994388580322,0.5,0.5,0.6090245246887207,0.2385123372077942,750.0,475.0,372.0,227.0,0.20859056273910268,0.12372065021071643,627.0,23.0,2911.0,411.0,ok,plugin,False,,659.8316879003993,561.4622894411041,1.997527260845379,1.0165472266913782,1.7218785025963366,0.7688564476885644,0.09512341962673088,0.3037139823658336,0.6962860176341664,0.6962860176341664,False,25.0,7.0,0.34303519129753113,0.4322952330112457,0.7753304243087769,"[{'epoch': 0, 'best_score': 0.05877196788787842}, {'epoch': 1, 'best_score': 0.11969906091690063}, {'epoch': 2, 'best_score': 0.14210325479507446}, {'epoch': 3, 'best_score': 0.1647801399230957}, {'epoch': 4, 'best_score': 0.175470232963562}, {'epoch': 5, 'best_score': 0.19059842824935913}, {'epoch': 6, 'best_score': 0.211665540933609}, {'epoch': 7, 'best_score': 0.22315043210983276}, {'epoch': 8, 'best_score': 0.22957095503807068}, {'epoch': 9, 'best_score': 0.24314412474632263}, {'epoch': 10, 'best_score': 0.24480852484703064}, {'epoch': 11, 'best_score': 0.2539694309234619}, {'epoch': 12, 'best_score': 0.24823421239852905}, {'epoch': 13, 'best_score': 0.24662154912948608}, {'epoch': 14, 'best_score': 0.25443965196609497}, {'epoch': 15, 'best_score': 0.2578588128089905}, {'epoch': 16, 'best_score': 0.26839977502822876}, {'epoch': 17, 'best_score': 0.2771950364112854}, {'epoch': 18, 'best_score': 0.29509690403938293}, {'epoch': 19, 'best_score': 0.29851213097572327}, {'epoch': 20, 'best_score': 0.3032747209072113}, {'epoch': 21, 'best_score': 0.31109619140625}, {'epoch': 22, 'best_score': 0.3214632570743561}, {'epoch': 23, 'best_score': 0.32472968101501465}, {'epoch': 24, 'best_score': 0.3316401243209839}, {'epoch': 25, 'best_score': 0.34303519129753113}, {'epoch': 26, 'best_score': 0.33561408519744873}, {'epoch': 27, 'best_score': 0.3338873088359833}, {'epoch': 28, 'best_score': 0.3367691934108734}, {'epoch': 29, 'best_score': 0.33382436633110046}, {'epoch': 30, 'best_score': 0.3368337154388428}, {'epoch': 31, 'best_score': 0.3310587406158447}, {'epoch': 32, 'best_score': 0.3403562605381012}, {'epoch': 33, 'best_score': 0.3384619951248169}, {'epoch': 34, 'best_score': 0.3349319100379944}, {'epoch': 35, 'best_score': 0.3378504514694214}, {'epoch': 36, 'best_score': 0.3378504514694214}, {'epoch': 37, 'best_score': 0.334989458322525}, {'epoch': 38, 'best_score': 0.3320797383785248}, {'epoch': 39, 'best_score': 0.33385366201400757}, {'epoch': 40, 'best_score': 0.33331140875816345}, {'epoch': 41, 'best_score': 0.3339506685733795}, {'epoch': 42, 'best_score': 0.3318084180355072}, {'epoch': 43, 'best_score': 0.3318084180355072}, {'epoch': 44, 'best_score': 0.3297177255153656}, {'epoch': 45, 'best_score': 0.33219799399375916}, {'epoch': 46, 'best_score': 0.3389738202095032}, {'epoch': 47, 'best_score': 0.3365797996520996}, {'epoch': 48, 'best_score': 0.3365797996520996}, {'epoch': 49, 'best_score': 0.3358519375324249}]",nonliving26,1,DANN,features,512.0,0.8126922845840454,0.8126922845840454,0.5122722387313843,0.5192654728889465,splits_nonliving26_DANN_1_0_b09dc755c62e.npz,b09dc755c62e,False,False,,,,,,,0.6962860176341664,logits_vs_features,features,IW overlap critic | W=2 | seed=0 (plug-in),True,
iw_overlap_critic,2.0,0.0,2600.0,104.0,650.0,28.0,0.8292307692307692,0.0,1.0,9.035787582397461,0.5,0.5,0.5865384936332703,0.24835780262947083,,,,,0.159961326333279,0.0,650.0,0.0,28.0,0.0,ok,plugin,False,,604.3711312695544,634.604737084445,1.780970058786834,0.9172193556204155,1.1646644263832953,,0.0,0.159961326333279,0.840038673666721,0.840038673666721,False,,,,,,,nonliving26,2,DANN,features,512.0,0.8176922798156738,0.8176922798156738,0.75,0.7142857313156128,splits_nonliving26_DANN_2_0_b09dc755c62e.npz,b09dc755c62e,False,False,,,,,,,0.840038673666721,logits_vs_features,features,IW overlap critic | W=2 | seed=0 (plug-in),True,
iw_overlap_critic,2.0,0.0,2600.0,104.0,650.0,28.0,0.8246153846153846,0.0,1.0,54.598148345947266,0.5,0.5,0.5230768918991089,0.251219242811203,,,,,0.17369137256296222,0.0,650.0,0.0,28.0,0.0,ok,plugin,False,,639.8040415148071,649.588448519712,1.0649764653148253,0.9828991046709952,1.026744095998503,,0.0,0.17369137256296222,0.8263086274370378,0.8263086274370378,False,,,,,,,nonliving26,3,DANN,features,512.0,0.8146153688430786,0.8146153688430786,0.4038461744785309,0.3214285969734192,splits_nonliving26_DANN_3_0_b09dc755c62e.npz,b09dc755c62e,False,False,,,,,,,0.8263086274370378,logits_vs_features,features,IW overlap critic | W=2 | seed=0 (plug-in),True,
iw_overlap_critic,2.0,0.0,2600.0,13282.0,650.0,3322.0,0.8169230769230769,0.0,1.0,1.2974092960357666,0.5,0.5,0.5941033363342285,0.23849940299987793,744.0,383.0,372.0,176.0,0.18709797961776828,0.10264900662251655,630.0,20.0,2981.0,341.0,ok,plugin,False,,610.4880432527859,554.8984177133215,1.9954838913762656,0.9231042371429043,1.6220316023488377,0.8768328445747801,0.09000602046959663,0.2771040000873649,0.7228959999126351,0.7228959999126351,False,36.0,18.0,0.4608880281448364,0.47093015909194946,0.9318181872367859,"[{'epoch': 0, 'best_score': 0.11432057619094849}, {'epoch': 1, 'best_score': 0.20226192474365234}, {'epoch': 2, 'best_score': 0.2964884042739868}, {'epoch': 3, 'best_score': 0.3258809447288513}, {'epoch': 4, 'best_score': 0.3492341637611389}, {'epoch': 5, 'best_score': 0.37265586853027344}, {'epoch': 6, 'best_score': 0.37965428829193115}, {'epoch': 7, 'best_score': 0.40264543890953064}, {'epoch': 8, 'best_score': 0.4230610728263855}, {'epoch': 9, 'best_score': 0.41473108530044556}, {'epoch': 10, 'best_score': 0.4093583822250366}, {'epoch': 11, 'best_score': 0.40926888585090637}, {'epoch': 12, 'best_score': 0.4133264720439911}, {'epoch': 13, 'best_score': 0.42634278535842896}, {'epoch': 14, 'best_score': 0.4221196472644806}, {'epoch': 15, 'best_score': 0.4262377619743347}, {'epoch': 16, 'best_score': 0.4262377619743347}, {'epoch': 17, 'best_score': 0.4122466444969177}, {'epoch': 18, 'best_score': 0.417316734790802}, {'epoch': 19, 'best_score': 0.4199014902114868}, {'epoch': 20, 'best_score': 0.42215627431869507}, {'epoch': 21, 'best_score': 0.42215627431869507}, {'epoch': 22, 'best_score': 0.42381370067596436}, {'epoch': 23, 'best_score': 0.4212232828140259}, {'epoch': 24, 'best_score': 0.42825618386268616}, {'epoch': 25, 'best_score': 0.4257122576236725}, {'epoch': 26, 'best_score': 0.43113285303115845}, {'epoch': 27, 'best_score': 0.43554529547691345}, {'epoch': 28, 'best_score': 0.44107291102409363}, {'epoch': 29, 'best_score': 0.4412883222103119}, {'epoch': 30, 'best_score': 0.43946725130081177}, {'epoch': 31, 'best_score': 0.443293035030365}, {'epoch': 32, 'best_score': 0.44600147008895874}, {'epoch': 33, 'best_score': 0.4490278959274292}, {'epoch': 34, 'best_score': 0.4490278959274292}, {'epoch': 35, 'best_score': 0.45653119683265686}, {'epoch': 36, 'best_score': 0.4608880281448364}, {'epoch': 37, 'best_score': 0.45583638548851013}, {'epoch': 38, 'best_score': 0.4442048966884613}, {'epoch': 39, 'best_score': 0.44067561626434326}, {'epoch': 40, 'best_score': 0.439057320356369}, {'epoch': 41, 'best_score': 0.43932482600212097}, {'epoch': 42, 'best_score': 0.4437372088432312}, {'epoch': 43, 'best_score': 0.4437372088432312}, {'epoch': 44, 'best_score': 0.43749040365219116}, {'epoch': 45, 'best_score': 0.43903157114982605}, {'epoch': 46, 'best_score': 0.43903157114982605}, {'epoch': 47, 'best_score': 0.4415373206138611}, {'epoch': 48, 'best_score': 0.4322790503501892}, {'epoch': 49, 'best_score': 0.43089133501052856}]",nonliving26,1,CDANN,features,256.0,0.8176922798156738,0.8176922798156738,0.5332028269767761,0.5352197289466858,splits_nonliving26_CDANN_1_0_b09dc755c62e.npz,b09dc755c62e,False,False,,,,,,,0.7228959999126351,logits_vs_features,features,IW overlap critic | W=2 | seed=0 (plug-in),True,
iw_overlap_critic,2.0,0.0,2600.0,104.0,650.0,28.0,0.8138461538461539,0.0,1.0,54.598148345947266,0.5,0.5,0.4942307770252228,0.2516893148422241,,,,,0.18415928333478168,0.0,650.0,0.0,28.0,0.0,ok,plugin,False,,642.9913014628156,649.5601622048828,1.080287744833805,0.9902858607274048,1.029761176121253,,0.0,0.18415928333478168,0.8158407166652183,0.8158407166652183,False,,,,,,,nonliving26,2,CDANN,features,256.0,0.8165384531021118,0.8165384531021118,0.7692307829856873,0.7500000596046448,splits_nonliving26_CDANN_2_0_b09dc755c62e.npz,b09dc755c62e,False,False,,,,,,,0.8158407166652183,logits_vs_features,features,IW overlap critic | W=2 | seed=0 (plug-in),True,
iw_overlap_critic,2.0,0.0,2600.0,104.0,650.0,28.0,0.8123076923076923,0.0,1.0,54.598148345947266,0.5,0.5,0.550000011920929,0.25091516971588135,,,,,0.18447659989760018,0.0,650.0,0.0,28.0,0.0,ok,plugin,False,,640.4589888826333,649.4654857898887,1.0878023218238284,0.9873696835896658,1.0266878673622692,,0.0,0.18447659989760018,0.8155234001023999,0.8155234001023999,False,,,,,,,nonliving26,3,CDANN,features,256.0,0.822692334651947,0.822692334651947,0.4038461744785309,0.3214285969734192,splits_nonliving26_CDANN_3_0_b09dc755c62e.npz,b09dc755c62e,False,False,,,,,,,0.8155234001023999,logits_vs_features,features,IW overlap critic | W=2 | seed=0 (plug-in),True,
iw_overlap_critic,2.0,0.0,11745.0,35070.0,2938.0,8768.0,0.6388699795779442,0.0,1.0,2.791534662246704,0.5,0.5,0.568637490272522,0.24194462597370148,3442.0,450.0,1717.0,227.0,0.35111778444968694,0.0448220802919708,2863.0,75.0,8375.0,393.0,ok,plugin,False,,2863.3654624249084,2567.83055863704,1.9991493570071295,0.9619332491456221,1.6444286780978952,0.727735368956743,0.03261861313868613,0.3837363975883731,0.6162636024116269,0.6162636024116269,False,23.0,6.0,0.28017517924308777,0.48634466528892517,0.7665198445320129,"[{'epoch': 0, 'best_score': 0.06991130113601685}, {'epoch': 1, 'best_score': 0.08368045091629028}, {'epoch': 2, 'best_score': 0.1108241081237793}, {'epoch': 3, 'best_score': 0.13704031705856323}, {'epoch': 4, 'best_score': 0.17345088720321655}, {'epoch': 5, 'best_score': 0.18534892797470093}, {'epoch': 6, 'best_score': 0.19886887073516846}, {'epoch': 7, 'best_score': 0.19671845436096191}, {'epoch': 8, 'best_score': 0.19645744562149048}, {'epoch': 9, 'best_score': 0.20296883583068848}, {'epoch': 10, 'best_score': 0.21028023958206177}, {'epoch': 11, 'best_score': 0.2212424874305725}, {'epoch': 12, 'best_score': 0.22686225175857544}, {'epoch': 13, 'best_score': 0.24549156427383423}, {'epoch': 14, 'best_score': 0.2504233717918396}, {'epoch': 15, 'best_score': 0.25145626068115234}, {'epoch': 16, 'best_score': 0.2480723261833191}, {'epoch': 17, 'best_score': 0.24094688892364502}, {'epoch': 18, 'best_score': 0.24242737889289856}, {'epoch': 19, 'best_score': 0.24630936980247498}, {'epoch': 20, 'best_score': 0.25026246905326843}, {'epoch': 21, 'best_score': 0.2649241089820862}, {'epoch': 22, 'best_score': 0.2795240581035614}, {'epoch': 23, 'best_score': 0.28017517924308777}, {'epoch': 24, 'best_score': 0.2754524052143097}, {'epoch': 25, 'best_score': 0.2503889501094818}, {'epoch': 26, 'best_score': 0.24810582399368286}, {'epoch': 27, 'best_score': 0.2457675039768219}, {'epoch': 28, 'best_score': 0.2568477988243103}, {'epoch': 29, 'best_score': 0.253489226102829}, {'epoch': 30, 'best_score': 0.24804756045341492}, {'epoch': 31, 'best_score': 0.23903721570968628}, {'epoch': 32, 'best_score': 0.2403712272644043}, {'epoch': 33, 'best_score': 0.24648958444595337}, {'epoch': 34, 'best_score': 0.25270435214042664}, {'epoch': 35, 'best_score': 0.250864177942276}, {'epoch': 36, 'best_score': 0.2628134489059448}, {'epoch': 37, 'best_score': 0.2637418508529663}, {'epoch': 38, 'best_score': 0.2626177668571472}, {'epoch': 39, 'best_score': 0.2576053738594055}, {'epoch': 40, 'best_score': 0.25041547417640686}, {'epoch': 41, 'best_score': 0.24588626623153687}, {'epoch': 42, 'best_score': 0.24689584970474243}, {'epoch': 43, 'best_score': 0.24290910363197327}, {'epoch': 44, 'best_score': 0.24698945879936218}, {'epoch': 45, 'best_score': 0.25229787826538086}, {'epoch': 46, 'best_score': 0.25152787566185}, {'epoch': 47, 'best_score': 0.24862676858901978}, {'epoch': 48, 'best_score': 0.2489618957042694}, {'epoch': 49, 'best_score': 0.25103268027305603}]",fmow,1,DANN,features,1024.0,0.6519370079040527,0.6519370079040527,0.6103222370147705,0.6077782511711121,splits_fmow_DANN_1_0_b09dc755c62e.npz,b09dc755c62e,False,False,,,,,,,0.6162636024116269,logits_vs_features,features,IW overlap critic | W=2 | seed=0 (plug-in),True,
iw_overlap_critic,2.0,0.0,11745.0,39088.0,2938.0,9774.0,0.6344452008168822,0.0,1.0,2.340001106262207,0.5,0.5,0.5912741422653198,0.2374826967716217,3335.0,1428.0,1669.0,714.0,0.3359411595237747,0.1170452220175977,2791.0,147.0,8630.0,1144.0,ok,plugin,False,,2664.2734325253796,2401.105963967371,1.9914013405468038,0.8981422398737701,1.6971556007545563,0.75,0.08778391651319828,0.42372507603697296,0.576274923963027,0.576274923963027,False,40.0,10.0,0.2732052505016327,0.4816966950893402,0.7549019455909729,"[{'epoch': 0, 'best_score': 0.040749967098236084}, {'epoch': 1, 'best_score': 0.061517298221588135}, {'epoch': 2, 'best_score': 0.08421951532363892}, {'epoch': 3, 'best_score': 0.1256622076034546}, {'epoch': 4, 'best_score': 0.1493242383003235}, {'epoch': 5, 'best_score': 0.17459261417388916}, {'epoch': 6, 'best_score': 0.17164164781570435}, {'epoch': 7, 'best_score': 0.18069988489151}, {'epoch': 8, 'best_score': 0.19076991081237793}, {'epoch': 9, 'best_score': 0.1887921690940857}, {'epoch': 10, 'best_score': 0.19379711151123047}, {'epoch': 11, 'best_score': 0.20874249935150146}, {'epoch': 12, 'best_score': 0.2116745114326477}, {'epoch': 13, 'best_score': 0.22129705548286438}, {'epoch': 14, 'best_score': 0.21640923619270325}, {'epoch': 15, 'best_score': 0.21746444702148438}, {'epoch': 16, 'best_score': 0.2272070050239563}, {'epoch': 17, 'best_score': 0.2258388102054596}, {'epoch': 18, 'best_score': 0.22540390491485596}, {'epoch': 19, 'best_score': 0.22474396228790283}, {'epoch': 20, 'best_score': 0.23233291506767273}, {'epoch': 21, 'best_score': 0.2488265037536621}, {'epoch': 22, 'best_score': 0.24201485514640808}, {'epoch': 23, 'best_score': 0.2427733838558197}, {'epoch': 24, 'best_score': 0.24452823400497437}, {'epoch': 25, 'best_score': 0.2537175118923187}, {'epoch': 26, 'best_score': 0.2479732632637024}, {'epoch': 27, 'best_score': 0.23937949538230896}, {'epoch': 28, 'best_score': 0.24297359585762024}, {'epoch': 29, 'best_score': 0.25153833627700806}, {'epoch': 30, 'best_score': 0.2522536516189575}, {'epoch': 31, 'best_score': 0.25355637073516846}, {'epoch': 32, 'best_score': 0.2573138475418091}, {'epoch': 33, 'best_score': 0.25842928886413574}, {'epoch': 34, 'best_score': 0.25530123710632324}, {'epoch': 35, 'best_score': 0.25559017062187195}, {'epoch': 36, 'best_score': 0.2640877664089203}, {'epoch': 37, 'best_score': 0.2617446482181549}, {'epoch': 38, 'best_score': 0.2703389823436737}, {'epoch': 39, 'best_score': 0.271356999874115}, {'epoch': 40, 'best_score': 0.2732052505016327}, {'epoch': 41, 'best_score': 0.26879167556762695}, {'epoch': 42, 'best_score': 0.26647767424583435}, {'epoch': 43, 'best_score': 0.2672281861305237}, {'epoch': 44, 'best_score': 0.25967204570770264}, {'epoch': 45, 'best_score': 0.26626789569854736}, {'epoch': 46, 'best_score': 0.2655394971370697}, {'epoch': 47, 'best_score': 0.26763057708740234}, {'epoch': 48, 'best_score': 0.26407521963119507}, {'epoch': 49, 'best_score': 0.2630327045917511}]",fmow,2,DANN,features,1024.0,0.6504895687103271,0.6504895687103271,0.5482756495475769,0.5545324683189392,splits_fmow_DANN_2_0_b09dc755c62e.npz,b09dc755c62e,False,False,,,,,,,0.576274923963027,logits_vs_features,features,IW overlap critic | W=2 | seed=0 (plug-in),True,
iw_overlap_critic,2.0,0.0,11745.0,35070.0,2938.0,8768.0,0.6466984343090538,0.0,1.0,1.671094298362732,0.5,0.5,0.5595880150794983,0.24499325454235077,3506.0,45.0,1753.0,18.0,0.3388494192688913,0.006843065693430657,2929.0,9.0,8708.0,60.0,ok,plugin,False,,2900.2709913374756,2711.2004717031086,1.9565678127816846,0.9679498439046721,1.4912284231090942,0.85,0.005816605839416058,0.34466602510830735,0.6553339748916926,0.6553339748916926,False,6.0,23.0,0.318265438079834,0.6261789798736572,0.9444444179534912,"[{'epoch': 0, 'best_score': 0.12095469236373901}, {'epoch': 1, 'best_score': 0.19003736972808838}, {'epoch': 2, 'best_score': 0.18941515684127808}, {'epoch': 3, 'best_score': 0.18046677112579346}, {'epoch': 4, 'best_score': 0.24547618627548218}, {'epoch': 5, 'best_score': 0.28429901599884033}, {'epoch': 6, 'best_score': 0.318265438079834}, {'epoch': 7, 'best_score': 0.2879096269607544}, {'epoch': 8, 'best_score': 0.2501598000526428}, {'epoch': 9, 'best_score': 0.23178869485855103}, {'epoch': 10, 'best_score': 0.25558698177337646}, {'epoch': 11, 'best_score': 0.2730349898338318}, {'epoch': 12, 'best_score': 0.24279436469078064}, {'epoch': 13, 'best_score': 0.24322691559791565}, {'epoch': 14, 'best_score': 0.20413249731063843}, {'epoch': 15, 'best_score': 0.23979687690734863}, {'epoch': 16, 'best_score': 0.2401658594608307}, {'epoch': 17, 'best_score': 0.19251003861427307}, {'epoch': 18, 'best_score': 0.20205903053283691}, {'epoch': 19, 'best_score': 0.2045190930366516}, {'epoch': 20, 'best_score': 0.20803827047348022}, {'epoch': 21, 'best_score': 0.20799735188484192}, {'epoch': 22, 'best_score': 0.21473655104637146}, {'epoch': 23, 'best_score': 0.2186749279499054}, {'epoch': 24, 'best_score': 0.2199731171131134}, {'epoch': 25, 'best_score': 0.22383645176887512}, {'epoch': 26, 'best_score': 0.2284184694290161}, {'epoch': 27, 'best_score': 0.2283427119255066}, {'epoch': 28, 'best_score': 0.22732651233673096}, {'epoch': 29, 'best_score': 0.22510018944740295}, {'epoch': 30, 'best_score': 0.22294732928276062}, {'epoch': 31, 'best_score': 0.225894033908844}, {'epoch': 32, 'best_score': 0.23173481225967407}, {'epoch': 33, 'best_score': 0.23524349927902222}, {'epoch': 34, 'best_score': 0.2416684925556183}, {'epoch': 35, 'best_score': 0.2416456937789917}, {'epoch': 36, 'best_score': 0.24340680241584778}, {'epoch': 37, 'best_score': 0.24823933839797974}, {'epoch': 38, 'best_score': 0.25082501769065857}, {'epoch': 39, 'best_score': 0.2525533437728882}, {'epoch': 40, 'best_score': 0.25278156995773315}, {'epoch': 41, 'best_score': 0.20325353741645813}, {'epoch': 42, 'best_score': 0.20614153146743774}, {'epoch': 43, 'best_score': 0.20751062035560608}, {'epoch': 44, 'best_score': 0.21424472332000732}, {'epoch': 45, 'best_score': 0.22190022468566895}, {'epoch': 46, 'best_score': 0.2207103669643402}, {'epoch': 47, 'best_score': 0.22136324644088745}, {'epoch': 48, 'best_score': 0.22325226664543152}, {'epoch': 49, 'best_score': 0.22360825538635254}]",fmow,1,CDANN,features,256.0,0.6558535695075989,0.6558535695075989,0.605617344379425,0.6010492444038391,splits_fmow_CDANN_1_0_b09dc755c62e.npz,b09dc755c62e,False,False,,,,,,,0.6553339748916926,logits_vs_features,features,IW overlap critic | W=2 | seed=0 (plug-in),True,
iw_overlap_critic,2.0,0.0,11745.0,39088.0,2938.0,9774.0,0.6446562287270252,0.0,1.0,1.1306838989257812,0.5,0.5,0.587967038154602,0.23830637335777283,3376.0,977.0,1697.0,492.0,0.32217067237267766,0.08256599140577041,2821.0,117.0,8967.0,807.0,ok,plugin,False,,2672.8005889302667,2426.9615682084823,1.9879793250209443,0.8885867581795178,1.6687435351181366,0.8166047087980174,0.06742377736852875,0.3895944497412064,0.6104055502587936,0.6104055502587936,False,46.0,6.0,0.325395405292511,0.5038728713989258,0.8292682766914368,"[{'epoch': 0, 'best_score': 0.10261178016662598}, {'epoch': 1, 'best_score': 0.14933723211288452}, {'epoch': 2, 'best_score': 0.16456717252731323}, {'epoch': 3, 'best_score': 0.1923111081123352}, {'epoch': 4, 'best_score': 0.21494263410568237}, {'epoch': 5, 'best_score': 0.21772539615631104}, {'epoch': 6, 'best_score': 0.23675048351287842}, {'epoch': 7, 'best_score': 0.2446129322052002}, {'epoch': 8, 'best_score': 0.25717371702194214}, {'epoch': 9, 'best_score': 0.2623978853225708}, {'epoch': 10, 'best_score': 0.27740275859832764}, {'epoch': 11, 'best_score': 0.28045570850372314}, {'epoch': 12, 'best_score': 0.283622145652771}, {'epoch': 13, 'best_score': 0.2916381359100342}, {'epoch': 14, 'best_score': 0.29541081190109253}, {'epoch': 15, 'best_score': 0.30004334449768066}, {'epoch': 16, 'best_score': 0.30755770206451416}, {'epoch': 17, 'best_score': 0.30430102348327637}, {'epoch': 18, 'best_score': 0.31557488441467285}, {'epoch': 19, 'best_score': 0.3050086498260498}, {'epoch': 20, 'best_score': 0.30226820707321167}, {'epoch': 21, 'best_score': 0.30385148525238037}, {'epoch': 22, 'best_score': 0.30172526836395264}, {'epoch': 23, 'best_score': 0.3058245778083801}, {'epoch': 24, 'best_score': 0.3110593557357788}, {'epoch': 25, 'best_score': 0.3053831458091736}, {'epoch': 26, 'best_score': 0.30789715051651}, {'epoch': 27, 'best_score': 0.31277376413345337}, {'epoch': 28, 'best_score': 0.3116808533668518}, {'epoch': 29, 'best_score': 0.315748393535614}, {'epoch': 30, 'best_score': 0.3076237440109253}, {'epoch': 31, 'best_score': 0.3091820478439331}, {'epoch': 32, 'best_score': 0.31142890453338623}, {'epoch': 33, 'best_score': 0.3083820939064026}, {'epoch': 34, 'best_score': 0.30788862705230713}, {'epoch': 35, 'best_score': 0.30676478147506714}, {'epoch': 36, 'best_score': 0.3108392357826233}, {'epoch': 37, 'best_score': 0.3089559078216553}, {'epoch': 38, 'best_score': 0.31199824810028076}, {'epoch': 39, 'best_score': 0.3125799298286438}, {'epoch': 40, 'best_score': 0.3122587203979492}, {'epoch': 41, 'best_score': 0.3134896755218506}, {'epoch': 42, 'best_score': 0.31486326456069946}, {'epoch': 43, 'best_score': 0.3186759352684021}, {'epoch': 44, 'best_score': 0.32041066884994507}, {'epoch': 45, 'best_score': 0.32331937551498413}, {'epoch': 46, 'best_score': 0.325395405292511}, {'epoch': 47, 'best_score': 0.3223453164100647}, {'epoch': 48, 'best_score': 0.3241572380065918}, {'epoch': 49, 'best_score': 0.3253883719444275}]",fmow,2,CDANN,features,256.0,0.6548318862915039,0.6548318862915039,0.5420845150947571,0.5445058345794678,splits_fmow_CDANN_2_0_b09dc755c62e.npz,b09dc755c62e,False,False,,,,,,,0.6104055502587936,logits_vs_features,features,IW overlap critic | W=2 | seed=0 (plug-in),True,
iw_overlap_critic,2.0,0.0,731.0,898.0,184.0,227.0,0.9239130434782609,0.0,1.0,17.045732498168945,0.5,0.5,0.6028167009353638,0.2415096014738083,212.0,19.0,106.0,8.0,0.0741366718739551,0.07048458149779736,176.0,8.0,211.0,16.0,ok,plugin,False,,172.24008983226219,157.533145179589,1.987694139259557,0.913626006093266,1.6408740683697638,0.625,0.04405286343612335,0.11818953531007845,0.8818104646899215,0.8818104646899215,False,32.0,4.0,0.45789745450019836,0.29210254549980164,0.75,"[{'epoch': 0, 'best_score': 0.040294349193573}, {'epoch': 1, 'best_score': 0.16672229766845703}, {'epoch': 2, 'best_score': 0.27555596828460693}, {'epoch': 3, 'best_score': 0.24459129571914673}, {'epoch': 4, 'best_score': 0.3348204493522644}, {'epoch': 5, 'best_score': 0.3639126420021057}, {'epoch': 6, 'best_score': 0.3421609103679657}, {'epoch': 7, 'best_score': 0.33941197395324707}, {'epoch': 8, 'best_score': 0.37556299567222595}, {'epoch': 9, 'best_score': 0.32723793387413025}, {'epoch': 10, 'best_score': 0.3281673192977905}, {'epoch': 11, 'best_score': 0.34478315711021423}, {'epoch': 12, 'best_score': 0.3400939106941223}, {'epoch': 13, 'best_score': 0.34960368275642395}, {'epoch': 14, 'best_score': 0.3140389025211334}, {'epoch': 15, 'best_score': 0.2834743559360504}, {'epoch': 16, 'best_score': 0.3141193091869354}, {'epoch': 17, 'best_score': 0.3405405879020691}, {'epoch': 18, 'best_score': 0.3531424105167389}, {'epoch': 19, 'best_score': 0.3405405879020691}, {'epoch': 20, 'best_score': 0.3558789789676666}, {'epoch': 21, 'best_score': 0.37294840812683105}, {'epoch': 22, 'best_score': 0.396471232175827}, {'epoch': 23, 'best_score': 0.404859721660614}, {'epoch': 24, 'best_score': 0.42095425724983215}, {'epoch': 25, 'best_score': 0.42408478260040283}, {'epoch': 26, 'best_score': 0.42408478260040283}, {'epoch': 27, 'best_score': 0.444157212972641}, {'epoch': 28, 'best_score': 0.44810351729393005}, {'epoch': 29, 'best_score': 0.440758615732193}, {'epoch': 30, 'best_score': 0.4276076555252075}, {'epoch': 31, 'best_score': 0.4276076555252075}, {'epoch': 32, 'best_score': 0.45789745450019836}, {'epoch': 33, 'best_score': 0.45789745450019836}, {'epoch': 34, 'best_score': 0.43297627568244934}, {'epoch': 35, 'best_score': 0.4386250972747803}, {'epoch': 36, 'best_score': 0.4386250972747803}, {'epoch': 37, 'best_score': 0.4386250972747803}, {'epoch': 38, 'best_score': 0.454462468624115}, {'epoch': 39, 'best_score': 0.454462468624115}, {'epoch': 40, 'best_score': 0.454462468624115}, {'epoch': 41, 'best_score': 0.454462468624115}, {'epoch': 42, 'best_score': 0.454462468624115}, {'epoch': 43, 'best_score': 0.454462468624115}, {'epoch': 44, 'best_score': 0.4451827108860016}, {'epoch': 45, 'best_score': 0.43783777952194214}, {'epoch': 46, 'best_score': 0.43783777952194214}, {'epoch': 47, 'best_score': 0.43783777952194214}, {'epoch': 48, 'best_score': 0.43783777952194214}, {'epoch': 49, 'best_score': 0.43783777952194214}]",officehome,1,DANN,features,2048.0,0.922024667263031,0.922024667263031,0.7193763852119446,0.7268722057342529,splits_officehome_DANN_1_0_b09dc755c62e.npz,b09dc755c62e,False,False,,,,,,,0.8818104646899215,logits_vs_features,features,IW overlap critic | W=2 | seed=0 (plug-in),True,
iw_overlap_critic,2.0,0.0,731.0,893.0,184.0,226.0,0.9021739130434783,0.0,1.0,10.123028755187988,0.5,0.5,0.6720024347305298,0.22076907753944397,201.0,43.0,101.0,26.0,0.09264463480172387,0.20353982300884957,180.0,4.0,180.0,46.0,ok,plugin,False,,155.7173751358523,149.08211468754828,1.9163903976103465,0.8131690572068428,1.62373374797482,0.717391304347826,0.14601769911504425,0.2386623339167681,0.7613376660832318,0.7613376660832318,False,10.0,26.0,0.379614919424057,0.42807736992836,0.807692289352417,"[{'epoch': 0, 'best_score': 0.05600017309188843}, {'epoch': 1, 'best_score': 0.15702039003372192}, {'epoch': 2, 'best_score': 0.17961448431015015}, {'epoch': 3, 'best_score': 0.26365143060684204}, {'epoch': 4, 'best_score': 0.2177932858467102}, {'epoch': 5, 'best_score': 0.28915947675704956}, {'epoch': 6, 'best_score': 0.3107728958129883}, {'epoch': 7, 'best_score': 0.34331777691841125}, {'epoch': 8, 'best_score': 0.34505802392959595}, {'epoch': 9, 'best_score': 0.35179468989372253}, {'epoch': 10, 'best_score': 0.379614919424057}, {'epoch': 11, 'best_score': 0.32562360167503357}, {'epoch': 12, 'best_score': 0.3157604932785034}, {'epoch': 13, 'best_score': 0.3157604932785034}, {'epoch': 14, 'best_score': 0.30086421966552734}, {'epoch': 15, 'best_score': 0.28985053300857544}, {'epoch': 16, 'best_score': 0.2783159911632538}, {'epoch': 17, 'best_score': 0.3240743577480316}, {'epoch': 18, 'best_score': 0.3240743577480316}, {'epoch': 19, 'best_score': 0.3357372581958771}, {'epoch': 20, 'best_score': 0.337237685918808}, {'epoch': 21, 'best_score': 0.3481617271900177}, {'epoch': 22, 'best_score': 0.3495999276638031}, {'epoch': 23, 'best_score': 0.3495999276638031}, {'epoch': 24, 'best_score': 0.3635236918926239}, {'epoch': 25, 'best_score': 0.3635236918926239}, {'epoch': 26, 'best_score': 0.3492325246334076}, {'epoch': 27, 'best_score': 0.34619399905204773}, {'epoch': 28, 'best_score': 0.34619399905204773}, {'epoch': 29, 'best_score': 0.34619399905204773}, {'epoch': 30, 'best_score': 0.3446699380874634}, {'epoch': 31, 'best_score': 0.3446699380874634}, {'epoch': 32, 'best_score': 0.3360372483730316}, {'epoch': 33, 'best_score': 0.351136177778244}, {'epoch': 34, 'best_score': 0.3625054955482483}, {'epoch': 35, 'best_score': 0.3514641225337982}, {'epoch': 36, 'best_score': 0.3514641225337982}, {'epoch': 37, 'best_score': 0.34009480476379395}, {'epoch': 38, 'best_score': 0.34009480476379395}, {'epoch': 39, 'best_score': 0.3258698880672455}, {'epoch': 40, 'best_score': 0.3258698880672455}, {'epoch': 41, 'best_score': 0.3258698880672455}, {'epoch': 42, 'best_score': 0.3258698880672455}, {'epoch': 43, 'best_score': 0.3258698880672455}, {'epoch': 44, 'best_score': 0.3258698880672455}, {'epoch': 45, 'best_score': 0.3258698880672455}, {'epoch': 46, 'best_score': 0.3258698880672455}, {'epoch': 47, 'best_score': 0.3258698880672455}, {'epoch': 48, 'best_score': 0.338903546333313}, {'epoch': 49, 'best_score': 0.338903546333313}]",officehome,2,DANN,features,2048.0,0.915184736251831,0.915184736251831,0.44904816150665283,0.45132744312286377,splits_officehome_DANN_2_0_b09dc755c62e.npz,b09dc755c62e,False,False,,,,,,,0.7613376660832318,logits_vs_features,features,IW overlap critic | W=2 | seed=0 (plug-in),True,
iw_overlap_critic,2.0,0.0,731.0,507.0,184.0,128.0,0.9130434782608696,0.0,1.0,7.270840167999268,0.5,0.5,0.6804109811782837,0.20840655267238617,191.0,59.0,98.0,23.0,0.05385126223492077,0.453125,157.0,27.0,70.0,58.0,ok,plugin,False,,102.76411887905167,113.60628779596433,1.948098464911967,0.563679177333818,1.5130477167626077,0.6896551724137931,0.3125,0.36635126223492076,0.6336487377650792,0.6336487377650792,False,13.0,19.0,0.5139402151107788,0.3556250035762787,0.8695651888847351,"[{'epoch': 0, 'best_score': 0.08912891149520874}, {'epoch': 1, 'best_score': 0.17324364185333252}, {'epoch': 2, 'best_score': 0.30133122205734253}, {'epoch': 3, 'best_score': 0.3689216077327728}, {'epoch': 4, 'best_score': 0.4307577908039093}, {'epoch': 5, 'best_score': 0.43384286761283875}, {'epoch': 6, 'best_score': 0.4299955666065216}, {'epoch': 7, 'best_score': 0.43813449144363403}, {'epoch': 8, 'best_score': 0.4771520495414734}, {'epoch': 9, 'best_score': 0.4387126564979553}, {'epoch': 10, 'best_score': 0.45551735162734985}, {'epoch': 11, 'best_score': 0.4528122544288635}, {'epoch': 12, 'best_score': 0.48505139350891113}, {'epoch': 13, 'best_score': 0.5139402151107788}, {'epoch': 14, 'best_score': 0.46540313959121704}, {'epoch': 15, 'best_score': 0.4468418061733246}, {'epoch': 16, 'best_score': 0.4459373354911804}, {'epoch': 17, 'best_score': 0.4503999650478363}, {'epoch': 18, 'best_score': 0.4503999650478363}, {'epoch': 19, 'best_score': 0.48790138959884644}, {'epoch': 20, 'best_score': 0.48790138959884644}, {'epoch': 21, 'best_score': 0.4802815914154053}, {'epoch': 22, 'best_score': 0.43634653091430664}, {'epoch': 23, 'best_score': 0.43634653091430664}, {'epoch': 24, 'best_score': 0.43634653091430664}, {'epoch': 25, 'best_score': 0.4322749376296997}, {'epoch': 26, 'best_score': 0.402621865272522}, {'epoch': 27, 'best_score': 0.402621865272522}, {'epoch': 28, 'best_score': 0.402621865272522}, {'epoch': 29, 'best_score': 0.39841514825820923}, {'epoch': 30, 'best_score': 0.39841514825820923}, {'epoch': 31, 'best_score': 0.39588189125061035}, {'epoch': 32, 'best_score': 0.4035017192363739}, {'epoch': 33, 'best_score': 0.40692028403282166}, {'epoch': 34, 'best_score': 0.40878769755363464}, {'epoch': 35, 'best_score': 0.43814989924430847}, {'epoch': 36, 'best_score': 0.43814989924430847}, {'epoch': 37, 'best_score': 0.4567696750164032}, {'epoch': 38, 'best_score': 0.4567696750164032}, {'epoch': 39, 'best_score': 0.41329142451286316}, {'epoch': 40, 'best_score': 0.43106716871261597}, {'epoch': 41, 'best_score': 0.42673471570014954}, {'epoch': 42, 'best_score': 0.42673471570014954}, {'epoch': 43, 'best_score': 0.42673471570014954}, {'epoch': 44, 'best_score': 0.42673471570014954}, {'epoch': 45, 'best_score': 0.42673471570014954}, {'epoch': 46, 'best_score': 0.42673471570014954}, {'epoch': 47, 'best_score': 0.42673471570014954}, {'epoch': 48, 'best_score': 0.42673471570014954}, {'epoch': 49, 'best_score': 0.42673471570014954}]",officehome,3,DANN,features,2048.0,0.9056087732315063,0.9056087732315063,0.5364891290664673,0.5625,splits_officehome_DANN_3_0_b09dc755c62e.npz,b09dc755c62e,False,False,,,,,,,0.6336487377650792,logits_vs_features,features,IW overlap critic | W=2 | seed=0 (plug-in),True,
iw_overlap_critic,2.0,0.0,731.0,898.0,184.0,227.0,0.9130434782608696,0.0,1.0,4.174980640411377,0.5,0.5,0.5896567702293396,0.23984535038471222,214.0,34.0,105.0,14.0,0.08126445021930495,0.09691629955947137,176.0,8.0,205.0,22.0,ok,plugin,False,,161.84913196663481,156.9002476316197,1.9262689005954063,0.8575384192383229,1.5772018365410072,0.8636363636363636,0.08370044052863436,0.1649648907479393,0.8350351092520607,0.8350351092520607,False,18.0,3.0,0.5473159551620483,0.3812554180622101,0.9285714030265808,"[{'epoch': 0, 'best_score': 0.07538199424743652}, {'epoch': 1, 'best_score': 0.21838712692260742}, {'epoch': 2, 'best_score': 0.2866200804710388}, {'epoch': 3, 'best_score': 0.3249667286872864}, {'epoch': 4, 'best_score': 0.41801971197128296}, {'epoch': 5, 'best_score': 0.4231220483779907}, {'epoch': 6, 'best_score': 0.4034883379936218}, {'epoch': 7, 'best_score': 0.41778868436813354}, {'epoch': 8, 'best_score': 0.4683438539505005}, {'epoch': 9, 'best_score': 0.5065256357192993}, {'epoch': 10, 'best_score': 0.488313764333725}, {'epoch': 11, 'best_score': 0.5025991201400757}, {'epoch': 12, 'best_score': 0.5025991201400757}, {'epoch': 13, 'best_score': 0.5025991201400757}, {'epoch': 14, 'best_score': 0.48434942960739136}, {'epoch': 15, 'best_score': 0.48434942960739136}, {'epoch': 16, 'best_score': 0.48422935605049133}, {'epoch': 17, 'best_score': 0.48422935605049133}, {'epoch': 18, 'best_score': 0.5473159551620483}, {'epoch': 19, 'best_score': 0.5473159551620483}, {'epoch': 20, 'best_score': 0.4772835969924927}, {'epoch': 21, 'best_score': 0.49060577154159546}, {'epoch': 22, 'best_score': 0.49060577154159546}, {'epoch': 23, 'best_score': 0.4950578212738037}, {'epoch': 24, 'best_score': 0.508756160736084}, {'epoch': 25, 'best_score': 0.508756160736084}, {'epoch': 26, 'best_score': 0.5099467039108276}, {'epoch': 27, 'best_score': 0.4455389678478241}, {'epoch': 28, 'best_score': 0.4455389678478241}, {'epoch': 29, 'best_score': 0.4455389678478241}, {'epoch': 30, 'best_score': 0.3741104304790497}, {'epoch': 31, 'best_score': 0.3741104304790497}, {'epoch': 32, 'best_score': 0.3741104304790497}, {'epoch': 33, 'best_score': 0.3741104304790497}, {'epoch': 34, 'best_score': 0.3827911615371704}, {'epoch': 35, 'best_score': 0.37592995166778564}, {'epoch': 36, 'best_score': 0.37592995166778564}, {'epoch': 37, 'best_score': 0.37592995166778564}, {'epoch': 38, 'best_score': 0.44735848903656006}, {'epoch': 39, 'best_score': 0.44735848903656006}, {'epoch': 40, 'best_score': 0.44735848903656006}, {'epoch': 41, 'best_score': 0.44735848903656006}, {'epoch': 42, 'best_score': 0.44735848903656006}, {'epoch': 43, 'best_score': 0.44735848903656006}, {'epoch': 44, 'best_score': 0.4281880557537079}, {'epoch': 45, 'best_score': 0.4281880557537079}, {'epoch': 46, 'best_score': 0.4281880557537079}, {'epoch': 47, 'best_score': 0.4281880557537079}, {'epoch': 48, 'best_score': 0.4281880557537079}, {'epoch': 49, 'best_score': 0.4281880557537079}]",officehome,1,CDANN,features,256.0,0.9138167500495911,0.9138167500495911,0.730512261390686,0.7488986253738403,splits_officehome_CDANN_1_0_b09dc755c62e.npz,b09dc755c62e,False,False,,,,,,,0.8350351092520607,logits_vs_features,features,IW overlap critic | W=2 | seed=0 (plug-in),True,
iw_overlap_critic,2.0,0.0,731.0,893.0,184.0,226.0,0.8913043478260869,0.0,1.0,1.3385977745056152,0.5,0.5,0.8166846036911011,0.13948789238929749,195.0,181.0,99.0,89.0,0.04873412077050627,0.6460176991150443,162.0,22.0,80.0,146.0,ok,plugin,False,,63.51773576437742,79.66834792375523,1.9873580577788468,0.23706868209366128,1.1882209987558854,0.821917808219178,0.5309734513274336,0.5797075720979399,0.4202924279020601,0.4202924279020601,False,2.0,27.0,0.22482728958129883,0.7189929485321045,0.9438202381134033,"[{'epoch': 0, 'best_score': 0.10171550512313843}, {'epoch': 1, 'best_score': 0.1729205846786499}, {'epoch': 2, 'best_score': 0.22482728958129883}, {'epoch': 3, 'best_score': 0.19460660219192505}, {'epoch': 4, 'best_score': 0.21437472105026245}, {'epoch': 5, 'best_score': 0.19132369756698608}, {'epoch': 6, 'best_score': 0.20067495107650757}, {'epoch': 7, 'best_score': 0.19768625497817993}, {'epoch': 8, 'best_score': 0.20128202438354492}, {'epoch': 9, 'best_score': 0.18183928728103638}, {'epoch': 10, 'best_score': 0.20010089874267578}, {'epoch': 11, 'best_score': 0.20028406381607056}, {'epoch': 12, 'best_score': 0.21475625038146973}, {'epoch': 13, 'best_score': 0.19488221406936646}, {'epoch': 14, 'best_score': 0.18273454904556274}, {'epoch': 15, 'best_score': 0.18671053647994995}, {'epoch': 16, 'best_score': 0.18935954570770264}, {'epoch': 17, 'best_score': 0.1888103485107422}, {'epoch': 18, 'best_score': 0.19879907369613647}, {'epoch': 19, 'best_score': 0.19601666927337646}, {'epoch': 20, 'best_score': 0.1967950463294983}, {'epoch': 21, 'best_score': 0.2080310583114624}, {'epoch': 22, 'best_score': 0.2080310583114624}, {'epoch': 23, 'best_score': 0.2080310583114624}, {'epoch': 24, 'best_score': 0.18930935859680176}, {'epoch': 25, 'best_score': 0.18076872825622559}, {'epoch': 26, 'best_score': 0.18076872825622559}, {'epoch': 27, 'best_score': 0.1741257905960083}, {'epoch': 28, 'best_score': 0.1741257905960083}, {'epoch': 29, 'best_score': 0.1766071915626526}, {'epoch': 30, 'best_score': 0.18074625730514526}, {'epoch': 31, 'best_score': 0.18450385332107544}, {'epoch': 32, 'best_score': 0.18074625730514526}, {'epoch': 33, 'best_score': 0.18677455186843872}, {'epoch': 34, 'best_score': 0.1947433352470398}, {'epoch': 35, 'best_score': 0.1877194046974182}, {'epoch': 36, 'best_score': 0.1877194046974182}, {'epoch': 37, 'best_score': 0.1902228593826294}, {'epoch': 38, 'best_score': 0.19446247816085815}, {'epoch': 39, 'best_score': 0.2089444398880005}, {'epoch': 40, 'best_score': 0.2089444398880005}, {'epoch': 41, 'best_score': 0.18480545282363892}, {'epoch': 42, 'best_score': 0.18647247552871704}, {'epoch': 43, 'best_score': 0.19770842790603638}, {'epoch': 44, 'best_score': 0.19770842790603638}, {'epoch': 45, 'best_score': 0.20888793468475342}, {'epoch': 46, 'best_score': 0.20108246803283691}, {'epoch': 47, 'best_score': 0.20108246803283691}, {'epoch': 48, 'best_score': 0.20108246803283691}, {'epoch': 49, 'best_score': 0.20108246803283691}]",officehome,2,CDANN,features,256.0,0.9015048146247864,0.9015048146247864,0.4501679837703705,0.45132744312286377,splits_officehome_CDANN_2_0_b09dc755c62e.npz,b09dc755c62e,True,True,,,,,,,0.4202924279020601,logits_vs_features,features,IW overlap critic | W=2 | seed=0 (plug-in),True,
iw_overlap_critic,2.0,0.0,731.0,507.0,184.0,128.0,0.9130434782608696,0.0,1.0,1.6117706298828125,0.5,0.5,0.7504109144210815,0.15400457382202148,193.0,88.0,100.0,47.0,0.03355441152900883,0.5859375,158.0,26.0,53.0,75.0,ok,plugin,False,,63.32585691094354,83.3893613820978,1.9066328885651127,0.25679171390388894,1.1386224187152427,0.8133333333333334,0.4765625,0.5101169115290088,0.48988308847099116,0.48988308847099116,False,33.0,6.0,0.39435523748397827,0.3503255844116211,0.7446808218955994,"[{'epoch': 0, 'best_score': 0.1097002625465393}, {'epoch': 1, 'best_score': 0.13811814785003662}, {'epoch': 2, 'best_score': 0.17350882291793823}, {'epoch': 3, 'best_score': 0.16271597146987915}, {'epoch': 4, 'best_score': 0.17680615186691284}, {'epoch': 5, 'best_score': 0.13950759172439575}, {'epoch': 6, 'best_score': 0.14268368482589722}, {'epoch': 7, 'best_score': 0.15427488088607788}, {'epoch': 8, 'best_score': 0.1794431209564209}, {'epoch': 9, 'best_score': 0.16325139999389648}, {'epoch': 10, 'best_score': 0.23228633403778076}, {'epoch': 11, 'best_score': 0.23156672716140747}, {'epoch': 12, 'best_score': 0.25383907556533813}, {'epoch': 13, 'best_score': 0.2845425605773926}, {'epoch': 14, 'best_score': 0.32063865661621094}, {'epoch': 15, 'best_score': 0.3356151580810547}, {'epoch': 16, 'best_score': 0.3410288691520691}, {'epoch': 17, 'best_score': 0.3410288691520691}, {'epoch': 18, 'best_score': 0.3448931872844696}, {'epoch': 19, 'best_score': 0.35119548439979553}, {'epoch': 20, 'best_score': 0.38168615102767944}, {'epoch': 21, 'best_score': 0.387988418340683}, {'epoch': 22, 'best_score': 0.3655003607273102}, {'epoch': 23, 'best_score': 0.3811085820198059}, {'epoch': 24, 'best_score': 0.3811085820198059}, {'epoch': 25, 'best_score': 0.3811085820198059}, {'epoch': 26, 'best_score': 0.3919939398765564}, {'epoch': 27, 'best_score': 0.3919939398765564}, {'epoch': 28, 'best_score': 0.3720572888851166}, {'epoch': 29, 'best_score': 0.3720572888851166}, {'epoch': 30, 'best_score': 0.3656013309955597}, {'epoch': 31, 'best_score': 0.3778266906738281}, {'epoch': 32, 'best_score': 0.3831866979598999}, {'epoch': 33, 'best_score': 0.39435523748397827}, {'epoch': 34, 'best_score': 0.39435523748397827}, {'epoch': 35, 'best_score': 0.3778266906738281}, {'epoch': 36, 'best_score': 0.3687642514705658}, {'epoch': 37, 'best_score': 0.37401771545410156}, {'epoch': 38, 'best_score': 0.37401771545410156}, {'epoch': 39, 'best_score': 0.37401771545410156}, {'epoch': 40, 'best_score': 0.37401771545410156}, {'epoch': 41, 'best_score': 0.3829214572906494}, {'epoch': 42, 'best_score': 0.38016796112060547}, {'epoch': 43, 'best_score': 0.37401771545410156}, {'epoch': 44, 'best_score': 0.37401771545410156}, {'epoch': 45, 'best_score': 0.38254058361053467}, {'epoch': 46, 'best_score': 0.3711560070514679}, {'epoch': 47, 'best_score': 0.3711560070514679}, {'epoch': 48, 'best_score': 0.3711560070514679}, {'epoch': 49, 'best_score': 0.35631975531578064}]",officehome,3,CDANN,features,256.0,0.9138167500495911,0.9138167500495911,0.5364891290664673,0.5546875,splits_officehome_CDANN_3_0_b09dc755c62e.npz,b09dc755c62e,True,True,,,,,,,0.48988308847099116,logits_vs_features,features,IW overlap critic | W=2 | seed=0 (plug-in),True,
iw_overlap_critic,2.0,0.0,24387.0,11083.0,6098.0,2773.0,0.9996720236142997,0.0,1.0,0.5297351479530334,0.5,0.5,0.9770699739456177,0.01675456203520298,7162.0,3231.0,3576.0,1605.0,0.0001120538200569195,0.9747565813198702,5960.0,138.0,70.0,2703.0,ok,plugin,False,,302.9157163169465,387.0897502786323,1.9673380598988155,0.0013068010900920313,0.2507385178606299,0.7373288938216797,0.718716191849982,0.718828245670039,0.281171754329961,0.281171754329961,False,49.0,28.0,0.5425177216529846,0.20639191567897797,0.7489096522331238,"[{'epoch': 0, 'best_score': 0.12441802024841309}, {'epoch': 1, 'best_score': 0.18735945224761963}, {'epoch': 2, 'best_score': 0.19581449031829834}, {'epoch': 3, 'best_score': 0.20748797059059143}, {'epoch': 4, 'best_score': 0.2179194986820221}, {'epoch': 5, 'best_score': 0.25777459144592285}, {'epoch': 6, 'best_score': 0.2399127036333084}, {'epoch': 7, 'best_score': 0.2518351078033447}, {'epoch': 8, 'best_score': 0.3010682165622711}, {'epoch': 9, 'best_score': 0.2833980321884155}, {'epoch': 10, 'best_score': 0.3483801484107971}, {'epoch': 11, 'best_score': 0.35482096672058105}, {'epoch': 12, 'best_score': 0.3225175738334656}, {'epoch': 13, 'best_score': 0.34108442068099976}, {'epoch': 14, 'best_score': 0.3430843949317932}, {'epoch': 15, 'best_score': 0.3497072458267212}, {'epoch': 16, 'best_score': 0.36831462383270264}, {'epoch': 17, 'best_score': 0.3655344247817993}, {'epoch': 18, 'best_score': 0.35620731115341187}, {'epoch': 19, 'best_score': 0.3736577033996582}, {'epoch': 20, 'best_score': 0.3990707993507385}, {'epoch': 21, 'best_score': 0.4029369354248047}, {'epoch': 22, 'best_score': 0.4132784903049469}, {'epoch': 23, 'best_score': 0.4318734407424927}, {'epoch': 24, 'best_score': 0.435294508934021}, {'epoch': 25, 'best_score': 0.4398982524871826}, {'epoch': 26, 'best_score': 0.42147165536880493}, {'epoch': 27, 'best_score': 0.43085622787475586}, {'epoch': 28, 'best_score': 0.4421355128288269}, {'epoch': 29, 'best_score': 0.4384914040565491}, {'epoch': 30, 'best_score': 0.45353156328201294}, {'epoch': 31, 'best_score': 0.465731680393219}, {'epoch': 32, 'best_score': 0.48396146297454834}, {'epoch': 33, 'best_score': 0.4735983610153198}, {'epoch': 34, 'best_score': 0.4677388668060303}, {'epoch': 35, 'best_score': 0.47152581810951233}, {'epoch': 36, 'best_score': 0.4841979146003723}, {'epoch': 37, 'best_score': 0.4881861209869385}, {'epoch': 38, 'best_score': 0.47505730390548706}, {'epoch': 39, 'best_score': 0.4877021908760071}, {'epoch': 40, 'best_score': 0.5000107884407043}, {'epoch': 41, 'best_score': 0.5075669288635254}, {'epoch': 42, 'best_score': 0.5047953128814697}, {'epoch': 43, 'best_score': 0.5046071410179138}, {'epoch': 44, 'best_score': 0.5198384523391724}, {'epoch': 45, 'best_score': 0.524160623550415}, {'epoch': 46, 'best_score': 0.5288516283035278}, {'epoch': 47, 'best_score': 0.5349814891815186}, {'epoch': 48, 'best_score': 0.5401730537414551}, {'epoch': 49, 'best_score': 0.5425177216529846}]",visda,1,DANN,features,2048.0,0.9995489120483398,0.9995489120483398,0.6463051438331604,0.6473133563995361,splits_visda_DANN_1_0_b09dc755c62e.npz,b09dc755c62e,True,True,,,,,,,0.281171754329961,logits_vs_features,features,IW overlap critic | W=2 | seed=0 (plug-in),True,
iw_overlap_critic,2.0,0.0,24387.0,14480.0,6098.0,3620.0,0.9998360118071499,0.0,1.0,0.5817998051643372,0.5,0.5,0.9707415103912354,0.02427310310304165,7185.0,4131.0,3571.0,2061.0,4.115527600444773e-05,0.943646408839779,5964.0,134.0,204.0,3416.0,ok,plugin,False,,323.4638712637192,451.52079660855264,1.9777761396290825,0.0023738467039697616,0.27676568059242146,0.7333138173302107,0.6919889502762431,0.6920301055522475,0.30796989444775247,0.30796989444775247,False,42.0,14.0,0.5801044702529907,0.14624199271202087,0.7263464331626892,"[{'epoch': 0, 'best_score': 0.13419300317764282}, {'epoch': 1, 'best_score': 0.2490585744380951}, {'epoch': 2, 'best_score': 0.2269497513771057}, {'epoch': 3, 'best_score': 0.23612195253372192}, {'epoch': 4, 'best_score': 0.24687409400939941}, {'epoch': 5, 'best_score': 0.2642974555492401}, {'epoch': 6, 'best_score': 0.2938254177570343}, {'epoch': 7, 'best_score': 0.32895445823669434}, {'epoch': 8, 'best_score': 0.3118033707141876}, {'epoch': 9, 'best_score': 0.3330524265766144}, {'epoch': 10, 'best_score': 0.35537755489349365}, {'epoch': 11, 'best_score': 0.36964869499206543}, {'epoch': 12, 'best_score': 0.4059140384197235}, {'epoch': 13, 'best_score': 0.38051724433898926}, {'epoch': 14, 'best_score': 0.3957796096801758}, {'epoch': 15, 'best_score': 0.41453462839126587}, {'epoch': 16, 'best_score': 0.4034423232078552}, {'epoch': 17, 'best_score': 0.3991100490093231}, {'epoch': 18, 'best_score': 0.41096124053001404}, {'epoch': 19, 'best_score': 0.40369129180908203}, {'epoch': 20, 'best_score': 0.418393611907959}, {'epoch': 21, 'best_score': 0.44802314043045044}, {'epoch': 22, 'best_score': 0.45275020599365234}, {'epoch': 23, 'best_score': 0.4663677215576172}, {'epoch': 24, 'best_score': 0.4802812933921814}, {'epoch': 25, 'best_score': 0.46923965215682983}, {'epoch': 26, 'best_score': 0.4811541438102722}, {'epoch': 27, 'best_score': 0.46646541357040405}, {'epoch': 28, 'best_score': 0.46944862604141235}, {'epoch': 29, 'best_score': 0.478057861328125}, {'epoch': 30, 'best_score': 0.4826740622520447}, {'epoch': 31, 'best_score': 0.506247878074646}, {'epoch': 32, 'best_score': 0.496609091758728}, {'epoch': 33, 'best_score': 0.4892836809158325}, {'epoch': 34, 'best_score': 0.4909679889678955}, {'epoch': 35, 'best_score': 0.5041088461875916}, {'epoch': 36, 'best_score': 0.5077467560768127}, {'epoch': 37, 'best_score': 0.5106509327888489}, {'epoch': 38, 'best_score': 0.5436699390411377}, {'epoch': 39, 'best_score': 0.5656687617301941}, {'epoch': 40, 'best_score': 0.5657694935798645}, {'epoch': 41, 'best_score': 0.5726572275161743}, {'epoch': 42, 'best_score': 0.5801044702529907}, {'epoch': 43, 'best_score': 0.5582661032676697}, {'epoch': 44, 'best_score': 0.5578346848487854}, {'epoch': 45, 'best_score': 0.5560791492462158}, {'epoch': 46, 'best_score': 0.5634424090385437}, {'epoch': 47, 'best_score': 0.571204662322998}, {'epoch': 48, 'best_score': 0.5768687129020691}, {'epoch': 49, 'best_score': 0.5769446492195129}]",visda,2,DANN,features,2048.0,0.9997539520263672,0.9997539520263672,0.6546961069107056,0.6544198393821716,splits_visda_DANN_2_0_b09dc755c62e.npz,b09dc755c62e,True,True,,,,,,,0.30796989444775247,logits_vs_features,features,IW overlap critic | W=2 | seed=0 (plug-in),True,
iw_overlap_critic,2.0,0.0,24387.0,11083.0,6098.0,2773.0,0.9993440472285995,0.0,1.0,0.2396586388349533,0.5,0.5,0.9752237796783447,0.019157208502292633,7219.0,3213.0,3607.0,1613.0,1.0684344593876662e-06,0.9772809231878832,6009.0,89.0,63.0,2710.0,ok,plugin,False,,266.4770470376931,421.8690248022076,1.9942911604315638,0.0012805741236270572,0.2114326049015924,0.5553505535055351,0.5427335016227912,0.5427345700572506,0.45726542994274944,0.45726542994274944,False,17.0,1.0,0.4596366286277771,0.11320900917053223,0.5728456377983093,"[{'epoch': 0, 'best_score': 0.19029879570007324}, {'epoch': 1, 'best_score': 0.27125757932662964}, {'epoch': 2, 'best_score': 0.3489311635494232}, {'epoch': 3, 'best_score': 0.33732157945632935}, {'epoch': 4, 'best_score': 0.35014215111732483}, {'epoch': 5, 'best_score': 0.36428388953208923}, {'epoch': 6, 'best_score': 0.4259025752544403}, {'epoch': 7, 'best_score': 0.37068095803260803}, {'epoch': 8, 'best_score': 0.3888286352157593}, {'epoch': 9, 'best_score': 0.40431684255599976}, {'epoch': 10, 'best_score': 0.41241955757141113}, {'epoch': 11, 'best_score': 0.38330399990081787}, {'epoch': 12, 'best_score': 0.37053292989730835}, {'epoch': 13, 'best_score': 0.385712593793869}, {'epoch': 14, 'best_score': 0.3818540871143341}, {'epoch': 15, 'best_score': 0.3806302845478058}, {'epoch': 16, 'best_score': 0.4076295495033264}, {'epoch': 17, 'best_score': 0.4596366286277771}, {'epoch': 18, 'best_score': 0.41218534111976624}, {'epoch': 19, 'best_score': 0.3879649341106415}, {'epoch': 20, 'best_score': 0.41538581252098083}, {'epoch': 21, 'best_score': 0.4229801893234253}, {'epoch': 22, 'best_score': 0.41310423612594604}, {'epoch': 23, 'best_score': 0.4300294518470764}, {'epoch': 24, 'best_score': 0.4326803684234619}, {'epoch': 25, 'best_score': 0.43311387300491333}, {'epoch': 26, 'best_score': 0.42118024826049805}, {'epoch': 27, 'best_score': 0.44377413392066956}, {'epoch': 28, 'best_score': 0.44717779755592346}, {'epoch': 29, 'best_score': 0.436767578125}, {'epoch': 30, 'best_score': 0.42291003465652466}, {'epoch': 31, 'best_score': 0.412944495677948}, {'epoch': 32, 'best_score': 0.40503329038619995}, {'epoch': 33, 'best_score': 0.40873536467552185}, {'epoch': 34, 'best_score': 0.41556960344314575}, {'epoch': 35, 'best_score': 0.41791364550590515}, {'epoch': 36, 'best_score': 0.4154053032398224}, {'epoch': 37, 'best_score': 0.4192330837249756}, {'epoch': 38, 'best_score': 0.40828225016593933}, {'epoch': 39, 'best_score': 0.4137951135635376}, {'epoch': 40, 'best_score': 0.4094659686088562}, {'epoch': 41, 'best_score': 0.4096357226371765}, {'epoch': 42, 'best_score': 0.42043960094451904}, {'epoch': 43, 'best_score': 0.4207841157913208}, {'epoch': 44, 'best_score': 0.42308175563812256}, {'epoch': 45, 'best_score': 0.4292851686477661}, {'epoch': 46, 'best_score': 0.42431917786598206}, {'epoch': 47, 'best_score': 0.42873716354370117}, {'epoch': 48, 'best_score': 0.42524585127830505}, {'epoch': 49, 'best_score': 0.4322452247142792}]",visda,1,CDANN,features,256.0,0.9990978837013245,0.9990978837013245,0.6784264445304871,0.6693112254142761,splits_visda_CDANN_1_0_b09dc755c62e.npz,b09dc755c62e,True,True,,,,,,,0.45726542994274944,logits_vs_features,features,IW overlap critic | W=2 | seed=0 (plug-in),True,
iw_overlap_critic,2.0,0.0,24387.0,14480.0,6098.0,3620.0,0.9995080354214496,0.0,1.0,0.20648935437202454,0.5,0.5,0.9673094749450684,0.025245439261198044,7142.0,4128.0,3575.0,2079.0,3.136688604729501e-05,0.9604972375690608,5979.0,119.0,143.0,3477.0,ok,plugin,False,,336.9873047683257,474.66019123019277,1.9764797693063103,0.0015934630708070818,0.31680793790342254,0.5562266321541559,0.5342541436464089,0.5342855105324562,0.4657144894675438,0.4657144894675438,False,49.0,19.0,0.43945980072021484,0.09926076233386993,0.5387205481529236,"[{'epoch': 0, 'best_score': 0.15628796815872192}, {'epoch': 1, 'best_score': 0.19801115989685059}, {'epoch': 2, 'best_score': 0.2542704641819}, {'epoch': 3, 'best_score': 0.25841695070266724}, {'epoch': 4, 'best_score': 0.30288615822792053}, {'epoch': 5, 'best_score': 0.34361183643341064}, {'epoch': 6, 'best_score': 0.33738917112350464}, {'epoch': 7, 'best_score': 0.34003663063049316}, {'epoch': 8, 'best_score': 0.3197839558124542}, {'epoch': 9, 'best_score': 0.3386232852935791}, {'epoch': 10, 'best_score': 0.3273405432701111}, {'epoch': 11, 'best_score': 0.34690284729003906}, {'epoch': 12, 'best_score': 0.3573939800262451}, {'epoch': 13, 'best_score': 0.37088173627853394}, {'epoch': 14, 'best_score': 0.38115060329437256}, {'epoch': 15, 'best_score': 0.39467477798461914}, {'epoch': 16, 'best_score': 0.36417198181152344}, {'epoch': 17, 'best_score': 0.3704720735549927}, {'epoch': 18, 'best_score': 0.3694916367530823}, {'epoch': 19, 'best_score': 0.3657526969909668}, {'epoch': 20, 'best_score': 0.380349725484848}, {'epoch': 21, 'best_score': 0.38580450415611267}, {'epoch': 22, 'best_score': 0.4019760489463806}, {'epoch': 23, 'best_score': 0.3892151415348053}, {'epoch': 24, 'best_score': 0.3910997807979584}, {'epoch': 25, 'best_score': 0.3955352306365967}, {'epoch': 26, 'best_score': 0.41432979702949524}, {'epoch': 27, 'best_score': 0.4065120220184326}, {'epoch': 28, 'best_score': 0.39869141578674316}, {'epoch': 29, 'best_score': 0.4043087959289551}, {'epoch': 30, 'best_score': 0.4172295033931732}, {'epoch': 31, 'best_score': 0.41693952679634094}, {'epoch': 32, 'best_score': 0.41458380222320557}, {'epoch': 33, 'best_score': 0.4270557463169098}, {'epoch': 34, 'best_score': 0.4317733347415924}, {'epoch': 35, 'best_score': 0.4385981559753418}, {'epoch': 36, 'best_score': 0.43012335896492004}, {'epoch': 37, 'best_score': 0.4253298342227936}, {'epoch': 38, 'best_score': 0.42569512128829956}, {'epoch': 39, 'best_score': 0.4227467179298401}, {'epoch': 40, 'best_score': 0.42962831258773804}, {'epoch': 41, 'best_score': 0.4382503032684326}, {'epoch': 42, 'best_score': 0.43239209055900574}, {'epoch': 43, 'best_score': 0.4289788007736206}, {'epoch': 44, 'best_score': 0.4307089149951935}, {'epoch': 45, 'best_score': 0.4324072003364563}, {'epoch': 46, 'best_score': 0.43307483196258545}, {'epoch': 47, 'best_score': 0.43374255299568176}, {'epoch': 48, 'best_score': 0.4373539686203003}, {'epoch': 49, 'best_score': 0.43945980072021484}]",visda,2,CDANN,features,256.0,0.9995899200439453,0.9995899200439453,0.7107734680175781,0.7140883803367615,splits_visda_CDANN_2_0_b09dc755c62e.npz,b09dc755c62e,True,True,,,,,,,0.4657144894675438,logits_vs_features,features,IW overlap critic | W=2 | seed=0 (plug-in),True,
iw_overlap_critic,2.0,0.0,6500.0,33009.0,1625.0,8255.0,0.904,0.0,1.0,2.3880012035369873,0.5,0.5,0.6153379678726196,0.23281614482402802,1811.0,1597.0,911.0,795.0,0.0939022598964436,0.15578437310720775,1504.0,121.0,6969.0,1286.0,ok,plugin,False,,1451.2126543025356,1279.2454457347164,1.9859895553584805,0.9275675869552966,1.700199877364284,0.6625194401244168,0.10321017565112052,0.19711243554756414,0.8028875644524358,0.8028875644524358,False,49.0,10.0,0.43020716309547424,0.27293750643730164,0.7031446695327759,"[{'epoch': 0, 'best_score': 0.07310676574707031}, {'epoch': 1, 'best_score': 0.09506887197494507}, {'epoch': 2, 'best_score': 0.13589966297149658}, {'epoch': 3, 'best_score': 0.17046582698822021}, {'epoch': 4, 'best_score': 0.21379172801971436}, {'epoch': 5, 'best_score': 0.25189661979675293}, {'epoch': 6, 'best_score': 0.27441900968551636}, {'epoch': 7, 'best_score': 0.2869332432746887}, {'epoch': 8, 'best_score': 0.30463680624961853}, {'epoch': 9, 'best_score': 0.3141491711139679}, {'epoch': 10, 'best_score': 0.3381827473640442}, {'epoch': 11, 'best_score': 0.335582435131073}, {'epoch': 12, 'best_score': 0.34255293011665344}, {'epoch': 13, 'best_score': 0.34689611196517944}, {'epoch': 14, 'best_score': 0.3442654609680176}, {'epoch': 15, 'best_score': 0.3560289740562439}, {'epoch': 16, 'best_score': 0.35522302985191345}, {'epoch': 17, 'best_score': 0.3679744005203247}, {'epoch': 18, 'best_score': 0.37243345379829407}, {'epoch': 19, 'best_score': 0.36214280128479004}, {'epoch': 20, 'best_score': 0.37065452337265015}, {'epoch': 21, 'best_score': 0.37415844202041626}, {'epoch': 22, 'best_score': 0.37767934799194336}, {'epoch': 23, 'best_score': 0.3821105659008026}, {'epoch': 24, 'best_score': 0.38563910126686096}, {'epoch': 25, 'best_score': 0.39344900846481323}, {'epoch': 26, 'best_score': 0.3951232433319092}, {'epoch': 27, 'best_score': 0.4008261263370514}, {'epoch': 28, 'best_score': 0.4079616665840149}, {'epoch': 29, 'best_score': 0.41208913922309875}, {'epoch': 30, 'best_score': 0.41377022862434387}, {'epoch': 31, 'best_score': 0.41163691878318787}, {'epoch': 32, 'best_score': 0.41121917963027954}, {'epoch': 33, 'best_score': 0.41453245282173157}, {'epoch': 34, 'best_score': 0.4108256995677948}, {'epoch': 35, 'best_score': 0.41532909870147705}, {'epoch': 36, 'best_score': 0.42043134570121765}, {'epoch': 37, 'best_score': 0.4168536961078644}, {'epoch': 38, 'best_score': 0.41896703839302063}, {'epoch': 39, 'best_score': 0.4194440245628357}, {'epoch': 40, 'best_score': 0.41620805859565735}, {'epoch': 41, 'best_score': 0.4135085344314575}, {'epoch': 42, 'best_score': 0.4127183258533478}, {'epoch': 43, 'best_score': 0.42159879207611084}, {'epoch': 44, 'best_score': 0.4196903705596924}, {'epoch': 45, 'best_score': 0.4202420115470886}, {'epoch': 46, 'best_score': 0.42337876558303833}, {'epoch': 47, 'best_score': 0.4220718443393707}, {'epoch': 48, 'best_score': 0.4289492666721344}, {'epoch': 49, 'best_score': 0.43020716309547424}]",entity13,1,DANN,PCA1,512.0,0.905846118927002,0.905846118927002,0.7318307161331177,0.7345851063728333,splits_entity13_DANN_1_0_b09dc755c62e.npz,b09dc755c62e,False,False,,,,,,,0.8028875644524358,all_pca,PCA1,IW overlap critic | W=2 | seed=0 (plug-in),True,
iw_overlap_critic,2.0,0.0,6500.0,260.0,1625.0,65.0,0.9101538461538462,0.0,1.0,54.598148345947266,0.5,0.5,0.48076924681663513,0.25060704350471497,,,,,0.08841673353459269,0.0,1625.0,0.0,65.0,0.0,ok,plugin,False,,1597.9985591885884,1622.982360781034,1.1075824613391887,0.9839498329461893,1.0384674910230536,,0.0,0.08841673353459269,0.9115832664654073,0.9115832664654073,False,,,,,,,entity13,2,DANN,PCA1,512.0,0.9129230380058289,0.9129230380058289,0.8615384697914124,0.8461538553237915,splits_entity13_DANN_2_0_b09dc755c62e.npz,b09dc755c62e,False,False,,,,,,,0.9115832664654073,all_pca,PCA1,IW overlap critic | W=2 | seed=0 (plug-in),True,
iw_overlap_critic,2.0,0.0,6500.0,260.0,1625.0,65.0,0.9027692307692308,0.0,1.0,3.197103977203369,0.5,0.5,0.5746153593063354,0.23257014155387878,1863.0,3.0,941.0,2.0,0.07553503613064065,0.1076923076923077,1557.0,68.0,58.0,7.0,ok,plugin,False,,1235.6999939191235,1236.790837962914,1.9942489212619159,0.7124476066118057,1.6039450316727157,0.5714285714285714,0.06153846153846154,0.1370734976691022,0.8629265023308978,0.8629265023308978,False,10.0,15.0,0.5894978046417236,0.410502165555954,1.0,"[{'epoch': 0, 'best_score': 0.22146952152252197}, {'epoch': 1, 'best_score': 0.2583840489387512}, {'epoch': 2, 'best_score': 0.30955666303634644}, {'epoch': 3, 'best_score': 0.33879196643829346}, {'epoch': 4, 'best_score': 0.36388319730758667}, {'epoch': 5, 'best_score': 0.3798554539680481}, {'epoch': 6, 'best_score': 0.439924955368042}, {'epoch': 7, 'best_score': 0.49006062746047974}, {'epoch': 8, 'best_score': 0.528296709060669}, {'epoch': 9, 'best_score': 0.5598064661026001}, {'epoch': 10, 'best_score': 0.5894978046417236}, {'epoch': 11, 'best_score': 0.5165297389030457}, {'epoch': 12, 'best_score': 0.5464385747909546}, {'epoch': 13, 'best_score': 0.564411997795105}, {'epoch': 14, 'best_score': 0.5692669153213501}, {'epoch': 15, 'best_score': 0.17338985204696655}, {'epoch': 16, 'best_score': 0.17778655886650085}, {'epoch': 17, 'best_score': 0.18580937385559082}, {'epoch': 18, 'best_score': 0.19549459218978882}, {'epoch': 19, 'best_score': 0.20353081822395325}, {'epoch': 20, 'best_score': 0.20506742596626282}, {'epoch': 21, 'best_score': 0.21137142181396484}, {'epoch': 22, 'best_score': 0.21682152152061462}, {'epoch': 23, 'best_score': 0.21934956312179565}, {'epoch': 24, 'best_score': 0.22393253445625305}, {'epoch': 25, 'best_score': 0.2294512391090393}, {'epoch': 26, 'best_score': 0.23653727769851685}, {'epoch': 27, 'best_score': 0.24239972233772278}, {'epoch': 28, 'best_score': 0.2531127631664276}, {'epoch': 29, 'best_score': 0.25821444392204285}, {'epoch': 30, 'best_score': 0.2620570659637451}, {'epoch': 31, 'best_score': 0.26414671540260315}, {'epoch': 32, 'best_score': 0.2666025161743164}, {'epoch': 33, 'best_score': 0.2724601626396179}, {'epoch': 34, 'best_score': 0.2773878574371338}, {'epoch': 35, 'best_score': 0.2795095443725586}, {'epoch': 36, 'best_score': 0.2875083088874817}, {'epoch': 37, 'best_score': 0.29357481002807617}, {'epoch': 38, 'best_score': 0.2947351634502411}, {'epoch': 39, 'best_score': 0.2987271249294281}, {'epoch': 40, 'best_score': 0.2984779477119446}, {'epoch': 41, 'best_score': 0.30149221420288086}, {'epoch': 42, 'best_score': 0.3042331039905548}, {'epoch': 43, 'best_score': 0.31254690885543823}, {'epoch': 44, 'best_score': 0.31914642453193665}, {'epoch': 45, 'best_score': 0.31877222657203674}, {'epoch': 46, 'best_score': 0.32302480936050415}, {'epoch': 47, 'best_score': 0.32986608147621155}, {'epoch': 48, 'best_score': 0.3384947180747986}, {'epoch': 49, 'best_score': 0.3436891436576843}]",entity13,3,DANN,PCA1,512.0,0.907076895236969,0.907076895236969,0.6653845906257629,0.5538461804389954,splits_entity13_DANN_3_0_b09dc755c62e.npz,b09dc755c62e,False,False,,,,,,,0.8629265023308978,all_pca,PCA1,IW overlap critic | W=2 | seed=0 (plug-in),True,
iw_overlap_critic,2.0,0.0,6500.0,33009.0,1625.0,8255.0,0.9132307692307693,0.0,1.0,1.320251703262329,0.5,0.5,0.636783242225647,0.22170567512512207,1732.0,2595.0,849.0,1299.0,0.07463778829199899,0.25923682616596,1427.0,198.0,6115.0,2140.0,ok,plugin,False,,1241.186988818896,1112.406402228703,1.9947503558385011,0.802183137135684,1.7354009419691143,0.5677570093457944,0.14718352513628102,0.22182131342828001,0.77817868657172,0.77817868657172,False,49.0,19.0,0.21250197291374207,0.371793657541275,0.5842956304550171,"[{'epoch': 0, 'best_score': 0.05622434616088867}, {'epoch': 1, 'best_score': 0.07747769355773926}, {'epoch': 2, 'best_score': 0.10208332538604736}, {'epoch': 3, 'best_score': 0.12884461879730225}, {'epoch': 4, 'best_score': 0.1351056694984436}, {'epoch': 5, 'best_score': 0.13573408126831055}, {'epoch': 6, 'best_score': 0.1372591257095337}, {'epoch': 7, 'best_score': 0.14427214860916138}, {'epoch': 8, 'best_score': 0.15795660018920898}, {'epoch': 9, 'best_score': 0.1704631745815277}, {'epoch': 10, 'best_score': 0.1723918914794922}, {'epoch': 11, 'best_score': 0.18196460604667664}, {'epoch': 12, 'best_score': 0.17947626113891602}, {'epoch': 13, 'best_score': 0.18228363990783691}, {'epoch': 14, 'best_score': 0.1803874969482422}, {'epoch': 15, 'best_score': 0.18566545844078064}, {'epoch': 16, 'best_score': 0.18546587228775024}, {'epoch': 17, 'best_score': 0.183335542678833}, {'epoch': 18, 'best_score': 0.18575382232666016}, {'epoch': 19, 'best_score': 0.18837782740592957}, {'epoch': 20, 'best_score': 0.19323226809501648}, {'epoch': 21, 'best_score': 0.1925467550754547}, {'epoch': 22, 'best_score': 0.1908740997314453}, {'epoch': 23, 'best_score': 0.19195324182510376}, {'epoch': 24, 'best_score': 0.18916410207748413}, {'epoch': 25, 'best_score': 0.18915700912475586}, {'epoch': 26, 'best_score': 0.1896308958530426}, {'epoch': 27, 'best_score': 0.19014757871627808}, {'epoch': 28, 'best_score': 0.18905571103096008}, {'epoch': 29, 'best_score': 0.19162791967391968}, {'epoch': 30, 'best_score': 0.19389614462852478}, {'epoch': 31, 'best_score': 0.19491848349571228}, {'epoch': 32, 'best_score': 0.1929762363433838}, {'epoch': 33, 'best_score': 0.19301337003707886}, {'epoch': 34, 'best_score': 0.19556984305381775}, {'epoch': 35, 'best_score': 0.19448021054267883}, {'epoch': 36, 'best_score': 0.19675055146217346}, {'epoch': 37, 'best_score': 0.19846457242965698}, {'epoch': 38, 'best_score': 0.19866862893104553}, {'epoch': 39, 'best_score': 0.20085182785987854}, {'epoch': 40, 'best_score': 0.20515033602714539}, {'epoch': 41, 'best_score': 0.20579755306243896}, {'epoch': 42, 'best_score': 0.20561057329177856}, {'epoch': 43, 'best_score': 0.20431649684906006}, {'epoch': 44, 'best_score': 0.20659568905830383}, {'epoch': 45, 'best_score': 0.21080338954925537}, {'epoch': 46, 'best_score': 0.2109318971633911}, {'epoch': 47, 'best_score': 0.20847293734550476}, {'epoch': 48, 'best_score': 0.20835468173027039}, {'epoch': 49, 'best_score': 0.21250197291374207}]",entity13,1,CDANN,PCA1,256.0,0.9096922874450684,0.9096922874450684,0.7354357838630676,0.7372501492500305,splits_entity13_CDANN_1_0_b09dc755c62e.npz,b09dc755c62e,False,False,,,,,,,0.77817868657172,all_pca,PCA1,IW overlap critic | W=2 | seed=0 (plug-in),True,
iw_overlap_critic,2.0,0.0,6500.0,260.0,1625.0,65.0,0.9058461538461539,0.0,1.0,54.598148345947266,0.5,0.5,0.49000000953674316,0.25000298023223877,,,,,0.0928540029778465,0.0,1625.0,0.0,65.0,0.0,ok,plugin,False,,1598.7585516207032,1623.0136542652297,1.1333161012610322,0.9836135242663554,1.0404161928714841,,0.0,0.0928540029778465,0.9071459970221535,0.9071459970221535,False,,,,,,,entity13,2,CDANN,PCA1,256.0,0.9081538319587708,0.9081538319587708,0.8423076868057251,0.8769230842590332,splits_entity13_CDANN_2_0_b09dc755c62e.npz,b09dc755c62e,False,False,,,,,,,0.9071459970221535,all_pca,PCA1,IW overlap critic | W=2 | seed=0 (plug-in),True,
iw_overlap_critic,2.0,0.0,6500.0,260.0,1625.0,65.0,0.9015384615384615,0.0,1.0,6.879939556121826,0.5,0.5,0.505384624004364,0.24556267261505127,1942.0,0.0,973.0,0.0,0.08771623268236008,0.015384615384615385,1618.0,7.0,64.0,1.0,unsupported_critic_region,plugin,False,,1452.500328512105,1502.4812194216734,1.9764475675572282,0.8702866683740829,1.3394817985028424,,,,,,,,,,,,,entity13,3,CDANN,PCA1,256.0,0.9061538577079773,0.9061538577079773,0.6653845906257629,0.5692307949066162,splits_entity13_CDANN_3_0_b09dc755c62e.npz,b09dc755c62e,,,,,,,,,,all_pca,PCA1,IW overlap critic | W=2 | seed=0 (plug-in),False,
iw_overlap_critic,2.0,0.0,6000.0,30828.0,1500.0,7709.0,0.8426666666666667,0.0,1.0,4.240884780883789,0.5,0.5,0.5427244305610657,0.24523012340068817,1789.0,88.0,896.0,48.0,0.16886863146562944,0.012063821507329096,1490.0,10.0,7616.0,93.0,ok,plugin,False,,1534.2185196728067,1394.1388219489743,1.9838366776962135,1.0012026956453959,1.4956076195448555,0.6881720430107527,0.008301984693215723,0.17717061615884516,0.8228293838411549,0.8228293838411549,False,49.0,1.0,0.39709120988845825,0.26957547664642334,0.6666666865348816,"[{'epoch': 0, 'best_score': 0.07880675792694092}, {'epoch': 1, 'best_score': 0.10401570796966553}, {'epoch': 2, 'best_score': 0.1625988483428955}, {'epoch': 3, 'best_score': 0.16745442152023315}, {'epoch': 4, 'best_score': 0.20458537340164185}, {'epoch': 5, 'best_score': 0.2352297306060791}, {'epoch': 6, 'best_score': 0.26209425926208496}, {'epoch': 7, 'best_score': 0.28869497776031494}, {'epoch': 8, 'best_score': 0.30453813076019287}, {'epoch': 9, 'best_score': 0.3086507320404053}, {'epoch': 10, 'best_score': 0.33390313386917114}, {'epoch': 11, 'best_score': 0.356581449508667}, {'epoch': 12, 'best_score': 0.3489684760570526}, {'epoch': 13, 'best_score': 0.35502663254737854}, {'epoch': 14, 'best_score': 0.36750540137290955}, {'epoch': 15, 'best_score': 0.3712400794029236}, {'epoch': 16, 'best_score': 0.3625221252441406}, {'epoch': 17, 'best_score': 0.37124648690223694}, {'epoch': 18, 'best_score': 0.3566795587539673}, {'epoch': 19, 'best_score': 0.341930091381073}, {'epoch': 20, 'best_score': 0.34748080372810364}, {'epoch': 21, 'best_score': 0.35409846901893616}, {'epoch': 22, 'best_score': 0.337764710187912}, {'epoch': 23, 'best_score': 0.3490488529205322}, {'epoch': 24, 'best_score': 0.35632380843162537}, {'epoch': 25, 'best_score': 0.3582881987094879}, {'epoch': 26, 'best_score': 0.3625335395336151}, {'epoch': 27, 'best_score': 0.3686537444591522}, {'epoch': 28, 'best_score': 0.3698926866054535}, {'epoch': 29, 'best_score': 0.3747937083244324}, {'epoch': 30, 'best_score': 0.3614477515220642}, {'epoch': 31, 'best_score': 0.3555704355239868}, {'epoch': 32, 'best_score': 0.3663017451763153}, {'epoch': 33, 'best_score': 0.3684220016002655}, {'epoch': 34, 'best_score': 0.37998485565185547}, {'epoch': 35, 'best_score': 0.366188645362854}, {'epoch': 36, 'best_score': 0.37836208939552307}, {'epoch': 37, 'best_score': 0.37879180908203125}, {'epoch': 38, 'best_score': 0.37507376074790955}, {'epoch': 39, 'best_score': 0.37735235691070557}, {'epoch': 40, 'best_score': 0.3834322690963745}, {'epoch': 41, 'best_score': 0.3760507106781006}, {'epoch': 42, 'best_score': 0.37687209248542786}, {'epoch': 43, 'best_score': 0.3783402144908905}, {'epoch': 44, 'best_score': 0.3843437731266022}, {'epoch': 45, 'best_score': 0.38950231671333313}, {'epoch': 46, 'best_score': 0.3906307816505432}, {'epoch': 47, 'best_score': 0.3952343761920929}, {'epoch': 48, 'best_score': 0.3951093554496765}, {'epoch': 49, 'best_score': 0.39709120988845825}]",entity30,1,DANN,PCA1,512.0,0.8550000190734863,0.8550000190734863,0.6190800070762634,0.6236866116523743,splits_entity30_DANN_1_0_b09dc755c62e.npz,b09dc755c62e,False,False,,,,,,,0.8228293838411549,all_pca,PCA1,IW overlap critic | W=2 | seed=0 (plug-in),True,
iw_overlap_critic,2.0,0.0,6000.0,240.0,1500.0,60.0,0.8606666666666667,0.0,1.0,10.48198127746582,0.5,0.5,0.5741666555404663,0.24680307507514954,,,,,0.1322173805608836,0.0,1499.0,1.0,60.0,0.0,ok,plugin,False,,1396.2681059504057,1451.7219103820887,1.9397662207950694,0.9152026436754661,1.2183068491398181,,0.0,0.1322173805608836,0.8677826194391164,0.8677826194391164,False,,,,,,,entity30,2,DANN,PCA1,512.0,0.8646666407585144,0.8646666407585144,0.7875000238418579,0.7500000596046448,splits_entity30_DANN_2_0_b09dc755c62e.npz,b09dc755c62e,False,False,,,,,,,0.8677826194391164,all_pca,PCA1,IW overlap critic | W=2 | seed=0 (plug-in),True,
iw_overlap_critic,2.0,0.0,6000.0,240.0,1500.0,60.0,0.8553333333333333,0.0,1.0,23.039688110351562,0.5,0.5,0.4583333730697632,0.24956375360488892,,,,,0.140588538855186,0.0,1500.0,0.0,60.0,0.0,ok,plugin,False,,1439.6874605000512,1489.6291132558272,1.259311529504732,0.9587038119285237,1.0900219396118314,,0.0,0.140588538855186,0.859411461144814,0.859411461144814,False,,,,,,,entity30,3,DANN,PCA1,512.0,0.8636666536331177,0.8636666536331177,0.5708333849906921,0.6666666865348816,splits_entity30_DANN_3_0_b09dc755c62e.npz,b09dc755c62e,False,False,,,,,,,0.859411461144814,all_pca,PCA1,IW overlap critic | W=2 | seed=0 (plug-in),True,
iw_overlap_critic,2.0,0.0,6000.0,30828.0,1500.0,7709.0,0.856,0.0,1.0,1.8137761354446411,0.5,0.5,0.5815666317939758,0.23585844039916992,1697.0,1150.0,846.0,555.0,0.14587823597589933,0.13036710338565313,1420.0,80.0,6704.0,1005.0,ok,plugin,False,,1387.8357043511664,1209.5388717011808,1.9910522665061556,0.9297264821024194,1.7211964476379253,0.6975124378109453,0.09093267609287846,0.2368109120687778,0.7631890879312222,0.7631890879312222,False,45.0,2.0,0.22376009821891785,0.4699335992336273,0.6936936974525452,"[{'epoch': 0, 'best_score': 0.03407120704650879}, {'epoch': 1, 'best_score': 0.04120057821273804}, {'epoch': 2, 'best_score': 0.060751140117645264}, {'epoch': 3, 'best_score': 0.07351893186569214}, {'epoch': 4, 'best_score': 0.0893661379814148}, {'epoch': 5, 'best_score': 0.10486316680908203}, {'epoch': 6, 'best_score': 0.12949132919311523}, {'epoch': 7, 'best_score': 0.17277997732162476}, {'epoch': 8, 'best_score': 0.18367373943328857}, {'epoch': 9, 'best_score': 0.21006989479064941}, {'epoch': 10, 'best_score': 0.21153134107589722}, {'epoch': 11, 'best_score': 0.20873388648033142}, {'epoch': 12, 'best_score': 0.2051067054271698}, {'epoch': 13, 'best_score': 0.19745990633964539}, {'epoch': 14, 'best_score': 0.20555207133293152}, {'epoch': 15, 'best_score': 0.21473002433776855}, {'epoch': 16, 'best_score': 0.20268428325653076}, {'epoch': 17, 'best_score': 0.20434963703155518}, {'epoch': 18, 'best_score': 0.20555302500724792}, {'epoch': 19, 'best_score': 0.20075005292892456}, {'epoch': 20, 'best_score': 0.1973271667957306}, {'epoch': 21, 'best_score': 0.19252809882164001}, {'epoch': 22, 'best_score': 0.1971322000026703}, {'epoch': 23, 'best_score': 0.1948654055595398}, {'epoch': 24, 'best_score': 0.19721242785453796}, {'epoch': 25, 'best_score': 0.1957850456237793}, {'epoch': 26, 'best_score': 0.1956409513950348}, {'epoch': 27, 'best_score': 0.191523015499115}, {'epoch': 28, 'best_score': 0.19027775526046753}, {'epoch': 29, 'best_score': 0.19645956158638}, {'epoch': 30, 'best_score': 0.20777353644371033}, {'epoch': 31, 'best_score': 0.20632728934288025}, {'epoch': 32, 'best_score': 0.2107245922088623}, {'epoch': 33, 'best_score': 0.2072017788887024}, {'epoch': 34, 'best_score': 0.20007815957069397}, {'epoch': 35, 'best_score': 0.20161157846450806}, {'epoch': 36, 'best_score': 0.2038162350654602}, {'epoch': 37, 'best_score': 0.203749418258667}, {'epoch': 38, 'best_score': 0.21045833826065063}, {'epoch': 39, 'best_score': 0.21109116077423096}, {'epoch': 40, 'best_score': 0.21185916662216187}, {'epoch': 41, 'best_score': 0.21309450268745422}, {'epoch': 42, 'best_score': 0.21341043710708618}, {'epoch': 43, 'best_score': 0.20982146263122559}, {'epoch': 44, 'best_score': 0.2157624363899231}, {'epoch': 45, 'best_score': 0.22376009821891785}, {'epoch': 46, 'best_score': 0.22264838218688965}, {'epoch': 47, 'best_score': 0.22053876519203186}, {'epoch': 48, 'best_score': 0.21691548824310303}, {'epoch': 49, 'best_score': 0.2122691571712494}]",entity30,1,CDANN,PCA1,256.0,0.8611666560173035,0.8611666560173035,0.627903163433075,0.6345829367637634,splits_entity30_CDANN_1_0_b09dc755c62e.npz,b09dc755c62e,False,False,,,,,,,0.7631890879312222,all_pca,PCA1,IW overlap critic | W=2 | seed=0 (plug-in),True,
iw_overlap_critic,2.0,0.0,6000.0,240.0,1500.0,60.0,0.862,0.0,1.0,54.598148345947266,0.5,0.5,0.45333331823349,0.2503350079059601,,,,,0.13613009502531476,0.0,1500.0,0.0,60.0,0.0,ok,plugin,False,,1473.2076475353115,1498.3149336650927,1.1419857473130715,0.9819276992464638,1.035616913932825,,0.0,0.13613009502531476,0.8638699049746852,0.8638699049746852,False,,,,,,,entity30,2,CDANN,PCA1,256.0,0.8646666407585144,0.8646666407585144,0.8125000596046448,0.7500000596046448,splits_entity30_CDANN_2_0_b09dc755c62e.npz,b09dc755c62e,False,False,,,,,,,0.8638699049746852,all_pca,PCA1,IW overlap critic | W=2 | seed=0 (plug-in),True,
iw_overlap_critic,2.0,0.0,6000.0,240.0,1500.0,60.0,0.8453333333333333,0.0,1.0,54.598148345947266,0.5,0.5,0.5199999809265137,0.2501932382583618,,,,,0.15210676976919343,0.0,1500.0,0.0,60.0,0.0,ok,plugin,False,,1471.0548150384423,1498.0786026852998,1.0963975632750698,0.9818907466481122,1.0356313757627644,,0.0,0.15210676976919343,0.8478932302308065,0.8478932302308065,False,,,,,,,entity30,3,CDANN,PCA1,256.0,0.8573333024978638,0.8573333024978638,0.5625,0.6166666746139526,splits_entity30_CDANN_3_0_b09dc755c62e.npz,b09dc755c62e,False,False,,,,,,,0.8478932302308065,all_pca,PCA1,IW overlap critic | W=2 | seed=0 (plug-in),True,
iw_overlap_critic,2.0,0.0,10000.0,2000.0,2500.0,500.0,0.9452,0.0,1.0,11.905715942382812,0.5,0.5,0.5375000238418579,0.2467244416475296,2997.0,1.0,1499.0,0.0,0.05577065060723683,0.002,2498.0,2.0,499.0,1.0,unsupported_critic_region,plugin,False,,2342.9591853675515,2391.1578693414904,1.8591063245420432,0.9180674311088004,1.286147849331117,,,,,,,,,,,,,cifar10,1,DANN,PCA1,512.0,0.9508999586105347,0.9508999586105347,0.8440000414848328,0.8360000252723694,splits_cifar10_DANN_1_0_b09dc755c62e.npz,b09dc755c62e,,,,,,,,,,all_pca,PCA1,IW overlap critic | W=2 | seed=0 (plug-in),False,
iw_overlap_critic,2.0,0.0,10000.0,2000.0,2500.0,500.0,0.946,0.0,1.0,8.50954818725586,0.5,0.5,0.5615000128746033,0.24493783712387085,2991.0,5.0,1496.0,2.0,0.052460596349471963,0.004,2492.0,8.0,498.0,2.0,ok,plugin,False,,2364.393506924501,2318.8944195957533,1.934765386425344,0.9062173545786203,1.4350282622272568,0.5,0.002,0.054460596349471965,0.945539403650528,0.945539403650528,False,27.0,24.0,0.8279224634170532,0.1720775067806244,1.0,"[{'epoch': 0, 'best_score': 0.1788562536239624}, {'epoch': 1, 'best_score': 0.1911115050315857}, {'epoch': 2, 'best_score': 0.2177140712738037}, {'epoch': 3, 'best_score': 0.25970137119293213}, {'epoch': 4, 'best_score': 0.3236554265022278}, {'epoch': 5, 'best_score': 0.3920856714248657}, {'epoch': 6, 'best_score': 0.44413965940475464}, {'epoch': 7, 'best_score': 0.499258816242218}, {'epoch': 8, 'best_score': 0.5583579540252686}, {'epoch': 9, 'best_score': 0.6008904576301575}, {'epoch': 10, 'best_score': 0.6341580152511597}, {'epoch': 11, 'best_score': 0.6593708992004395}, {'epoch': 12, 'best_score': 0.6804629564285278}, {'epoch': 13, 'best_score': 0.6998963356018066}, {'epoch': 14, 'best_score': 0.7203065156936646}, {'epoch': 15, 'best_score': 0.7400909662246704}, {'epoch': 16, 'best_score': 0.7547996044158936}, {'epoch': 17, 'best_score': 0.7704758048057556}, {'epoch': 18, 'best_score': 0.7808447480201721}, {'epoch': 19, 'best_score': 0.792015552520752}, {'epoch': 20, 'best_score': 0.7973842620849609}, {'epoch': 21, 'best_score': 0.8065358996391296}, {'epoch': 22, 'best_score': 0.8093029260635376}, {'epoch': 23, 'best_score': 0.8039695620536804}, {'epoch': 24, 'best_score': 0.8090075254440308}, {'epoch': 25, 'best_score': 0.8172092437744141}, {'epoch': 26, 'best_score': 0.8265722393989563}, {'epoch': 27, 'best_score': 0.8279224634170532}, {'epoch': 28, 'best_score': 0.8273422718048096}, {'epoch': 29, 'best_score': 0.36447516083717346}, {'epoch': 30, 'best_score': 0.37007272243499756}, {'epoch': 31, 'best_score': 0.37084412574768066}, {'epoch': 32, 'best_score': 0.37596964836120605}, {'epoch': 33, 'best_score': 0.3830552101135254}, {'epoch': 34, 'best_score': 0.3850523829460144}, {'epoch': 35, 'best_score': 0.38807037472724915}, {'epoch': 36, 'best_score': 0.3906002938747406}, {'epoch': 37, 'best_score': 0.3891490399837494}, {'epoch': 38, 'best_score': 0.39159491658210754}, {'epoch': 39, 'best_score': 0.3950248658657074}, {'epoch': 40, 'best_score': 0.39641380310058594}, {'epoch': 41, 'best_score': 0.39827656745910645}, {'epoch': 42, 'best_score': 0.3995581865310669}, {'epoch': 43, 'best_score': 0.40171971917152405}, {'epoch': 44, 'best_score': 0.4011380672454834}, {'epoch': 45, 'best_score': 0.40238508582115173}, {'epoch': 46, 'best_score': 0.40238508582115173}, {'epoch': 47, 'best_score': 0.40372198820114136}, {'epoch': 48, 'best_score': 0.4066169857978821}, {'epoch': 49, 'best_score': 0.4087802767753601}]",cifar10,10,DANN,PCA1,512.0,0.9477999806404114,0.9477999806404114,0.924500048160553,0.9120000600814819,splits_cifar10_DANN_10_0_b09dc755c62e.npz,b09dc755c62e,False,False,,,,,,,0.945539403650528,all_pca,PCA1,IW overlap critic | W=2 | seed=0 (plug-in),True,
iw_overlap_critic,2.0,0.0,10000.0,2000.0,2500.0,500.0,0.9452,0.0,1.0,18.694143295288086,0.5,0.5,0.5379999876022339,0.24903744459152222,,,,,0.05424004476290468,0.0,2500.0,0.0,500.0,0.0,ok,plugin,False,,2424.6421822487346,2458.089112891152,1.7441620864259273,0.9619626130757815,1.1890780660160414,,0.0,0.05424004476290468,0.9457599552370953,0.9457599552370953,False,,,,,,,cifar10,71,DANN,PCA1,512.0,0.9487999677658081,0.9487999677658081,0.9305000305175781,0.9180000424385071,splits_cifar10_DANN_71_0_b09dc755c62e.npz,b09dc755c62e,False,False,,,,,,,0.9457599552370953,all_pca,PCA1,IW overlap critic | W=2 | seed=0 (plug-in),True,
iw_overlap_critic,2.0,0.0,10000.0,2000.0,2500.0,500.0,0.9528,0.0,1.0,28.372472763061523,0.5,0.5,0.5230000019073486,0.2495458424091339,,,,,0.04641558745506776,0.0,2500.0,0.0,500.0,0.0,ok,plugin,False,,2437.831162246237,2481.313041397826,1.342527010224568,0.9722892933945328,1.1186186433656964,,0.0,0.04641558745506776,0.9535844125449322,0.9535844125449322,False,,,,,,,cifar10,95,DANN,PCA1,512.0,0.9515999555587769,0.9515999555587769,0.9390000700950623,0.9360000491142273,splits_cifar10_DANN_95_0_b09dc755c62e.npz,b09dc755c62e,False,False,,,,,,,0.9535844125449322,all_pca,PCA1,IW overlap critic | W=2 | seed=0 (plug-in),True,
iw_overlap_critic,2.0,0.0,10000.0,2000.0,2500.0,500.0,0.9476,0.0,1.0,5.854191303253174,0.5,0.5,0.5665000081062317,0.24532011151313782,2993.0,6.0,1495.0,4.0,0.05207880443071483,0.006,2495.0,5.0,497.0,3.0,ok,plugin,False,,2305.4224625757415,2341.9208599014264,1.9410316961176546,0.8930369569457262,1.3790220623086282,1.0,0.006,0.05807880443071483,0.9419211955692852,0.9419211955692852,False,29.0,29.0,0.8809786438941956,0.11902135610580444,1.0,"[{'epoch': 0, 'best_score': 0.20897459983825684}, {'epoch': 1, 'best_score': 0.372924268245697}, {'epoch': 2, 'best_score': 0.4060631990432739}, {'epoch': 3, 'best_score': 0.38422441482543945}, {'epoch': 4, 'best_score': 0.441470742225647}, {'epoch': 5, 'best_score': 0.4403311610221863}, {'epoch': 6, 'best_score': 0.5755504965782166}, {'epoch': 7, 'best_score': 0.6234086751937866}, {'epoch': 8, 'best_score': 0.6753019690513611}, {'epoch': 9, 'best_score': 0.7046202421188354}, {'epoch': 10, 'best_score': 0.7391828894615173}, {'epoch': 11, 'best_score': 0.7641351222991943}, {'epoch': 12, 'best_score': 0.7825456857681274}, {'epoch': 13, 'best_score': 0.7999582290649414}, {'epoch': 14, 'best_score': 0.8127758502960205}, {'epoch': 15, 'best_score': 0.7836678624153137}, {'epoch': 16, 'best_score': 0.7794502973556519}, {'epoch': 17, 'best_score': 0.7941762208938599}, {'epoch': 18, 'best_score': 0.8077389001846313}, {'epoch': 19, 'best_score': 0.8147203326225281}, {'epoch': 20, 'best_score': 0.8297394514083862}, {'epoch': 21, 'best_score': 0.8372339010238647}, {'epoch': 22, 'best_score': 0.8309351801872253}, {'epoch': 23, 'best_score': 0.8433200120925903}, {'epoch': 24, 'best_score': 0.8509030342102051}, {'epoch': 25, 'best_score': 0.8582767248153687}, {'epoch': 26, 'best_score': 0.8657092452049255}, {'epoch': 27, 'best_score': 0.871608316898346}, {'epoch': 28, 'best_score': 0.8743821978569031}, {'epoch': 29, 'best_score': 0.8809786438941956}, {'epoch': 30, 'best_score': 0.6624427437782288}, {'epoch': 31, 'best_score': 0.6659477949142456}, {'epoch': 32, 'best_score': 0.668422520160675}, {'epoch': 33, 'best_score': 0.6697863936424255}, {'epoch': 34, 'best_score': 0.6735263466835022}, {'epoch': 35, 'best_score': 0.42908957600593567}, {'epoch': 36, 'best_score': 0.4251444637775421}, {'epoch': 37, 'best_score': 0.42781469225883484}, {'epoch': 38, 'best_score': 0.4298706352710724}, {'epoch': 39, 'best_score': 0.4311913251876831}, {'epoch': 40, 'best_score': 0.43121537566185}, {'epoch': 41, 'best_score': 0.43288707733154297}, {'epoch': 42, 'best_score': 0.43539226055145264}, {'epoch': 43, 'best_score': 0.43811434507369995}, {'epoch': 44, 'best_score': 0.43772178888320923}, {'epoch': 45, 'best_score': 0.4383658468723297}, {'epoch': 46, 'best_score': 0.4396698474884033}, {'epoch': 47, 'best_score': 0.4388888478279114}, {'epoch': 48, 'best_score': 0.43978700041770935}, {'epoch': 49, 'best_score': 0.4397222399711609}]",cifar10,1,CDANN,PCA1,256.0,0.949999988079071,0.949999988079071,0.846500039100647,0.8440000414848328,splits_cifar10_CDANN_1_0_b09dc755c62e.npz,b09dc755c62e,False,False,,,,,,,0.9419211955692852,all_pca,PCA1,IW overlap critic | W=2 | seed=0 (plug-in),True,
iw_overlap_critic,2.0,0.0,10000.0,2000.0,2500.0,500.0,0.9468,0.0,1.0,2.0682272911071777,0.5,0.5,0.6744999885559082,0.20151257514953613,2699.0,198.0,1361.0,96.0,0.03303438182540234,0.318,2249.0,251.0,341.0,159.0,ok,plugin,False,,1453.1495483097713,1479.2085294314631,1.9944440958842722,0.5217788334774099,1.6382372169982227,0.710691823899371,0.22599999999999998,0.25903438182540234,0.7409656181745976,0.7409656181745976,False,7.0,5.0,0.1789398193359375,0.5814768671989441,0.7604166865348816,"[{'epoch': 0, 'best_score': 0.08271384239196777}, {'epoch': 1, 'best_score': 0.06851518154144287}, {'epoch': 2, 'best_score': 0.10164976119995117}, {'epoch': 3, 'best_score': 0.1017235517501831}, {'epoch': 4, 'best_score': 0.10114747285842896}, {'epoch': 5, 'best_score': 0.128210186958313}, {'epoch': 6, 'best_score': 0.17832797765731812}, {'epoch': 7, 'best_score': 0.1789398193359375}, {'epoch': 8, 'best_score': 0.14928120374679565}, {'epoch': 9, 'best_score': 0.1597110629081726}, {'epoch': 10, 'best_score': 0.15664538741111755}, {'epoch': 11, 'best_score': 0.14846470952033997}, {'epoch': 12, 'best_score': 0.1421990990638733}, {'epoch': 13, 'best_score': 0.13830605149269104}, {'epoch': 14, 'best_score': 0.14466151595115662}, {'epoch': 15, 'best_score': 0.13432079553604126}, {'epoch': 16, 'best_score': 0.1249815821647644}, {'epoch': 17, 'best_score': 0.10463644564151764}, {'epoch': 18, 'best_score': 0.08312442898750305}, {'epoch': 19, 'best_score': 0.10567933320999146}, {'epoch': 20, 'best_score': 0.11056444048881531}, {'epoch': 21, 'best_score': 0.07943682372570038}, {'epoch': 22, 'best_score': 0.07878978550434113}, {'epoch': 23, 'best_score': 0.08822010457515717}, {'epoch': 24, 'best_score': 0.08018213510513306}, {'epoch': 25, 'best_score': 0.08579088747501373}, {'epoch': 26, 'best_score': 0.09495942294597626}, {'epoch': 27, 'best_score': 0.09504781663417816}, {'epoch': 28, 'best_score': 0.08449183404445648}, {'epoch': 29, 'best_score': 0.08438558876514435}, {'epoch': 30, 'best_score': 0.08214199542999268}, {'epoch': 31, 'best_score': 0.08130981028079987}, {'epoch': 32, 'best_score': 0.082546666264534}, {'epoch': 33, 'best_score': 0.09034743905067444}, {'epoch': 34, 'best_score': 0.10023264586925507}, {'epoch': 35, 'best_score': 0.10032549500465393}, {'epoch': 36, 'best_score': 0.09954613447189331}, {'epoch': 37, 'best_score': 0.09927479922771454}, {'epoch': 38, 'best_score': 0.09754049777984619}, {'epoch': 39, 'best_score': 0.09037803113460541}, {'epoch': 40, 'best_score': 0.09862375259399414}, {'epoch': 41, 'best_score': 0.09819206595420837}, {'epoch': 42, 'best_score': 0.09628428518772125}, {'epoch': 43, 'best_score': 0.09439234435558319}, {'epoch': 44, 'best_score': 0.09642750024795532}, {'epoch': 45, 'best_score': 0.09039632976055145}, {'epoch': 46, 'best_score': 0.10723873972892761}, {'epoch': 47, 'best_score': 0.10689929127693176}, {'epoch': 48, 'best_score': 0.10574279725551605}, {'epoch': 49, 'best_score': 0.10251262784004211}]",cifar10,10,CDANN,PCA1,256.0,0.948699951171875,0.948699951171875,0.9160000681877136,0.9120000600814819,splits_cifar10_CDANN_10_0_b09dc755c62e.npz,b09dc755c62e,True,True,,,,,,,0.7409656181745976,all_pca,PCA1,IW overlap critic | W=2 | seed=0 (plug-in),True,
iw_overlap_critic,2.0,0.0,10000.0,2000.0,2500.0,500.0,0.9492,0.0,1.0,3.23030686378479,0.5,0.5,0.6025000214576721,0.2292134314775467,2844.0,95.0,1427.0,54.0,0.040857719466942624,0.136,2369.0,131.0,432.0,68.0,ok,plugin,False,,1919.1940101792622,1908.012814088758,1.9973370230952145,0.7374990608992826,1.5926783186333242,0.39705882352941174,0.054,0.09485771946694263,0.9051422805330573,0.9051422805330573,False,27.0,6.0,0.20779719948768616,0.2181287407875061,0.42592594027519226,"[{'epoch': 0, 'best_score': 0.07773137092590332}, {'epoch': 1, 'best_score': 0.10685789585113525}, {'epoch': 2, 'best_score': 0.10718405246734619}, {'epoch': 3, 'best_score': 0.11850649118423462}, {'epoch': 4, 'best_score': 0.14657294750213623}, {'epoch': 5, 'best_score': 0.1328917145729065}, {'epoch': 6, 'best_score': 0.1433870792388916}, {'epoch': 7, 'best_score': 0.15200531482696533}, {'epoch': 8, 'best_score': 0.17486467957496643}, {'epoch': 9, 'best_score': 0.17778193950653076}, {'epoch': 10, 'best_score': 0.1735014021396637}, {'epoch': 11, 'best_score': 0.18257635831832886}, {'epoch': 12, 'best_score': 0.17113035917282104}, {'epoch': 13, 'best_score': 0.16341546177864075}, {'epoch': 14, 'best_score': 0.172743022441864}, {'epoch': 15, 'best_score': 0.1987437903881073}, {'epoch': 16, 'best_score': 0.19690269231796265}, {'epoch': 17, 'best_score': 0.1948668658733368}, {'epoch': 18, 'best_score': 0.19836419820785522}, {'epoch': 19, 'best_score': 0.17821615934371948}, {'epoch': 20, 'best_score': 0.18354946374893188}, {'epoch': 21, 'best_score': 0.17991501092910767}, {'epoch': 22, 'best_score': 0.1878892034292221}, {'epoch': 23, 'best_score': 0.1859464794397354}, {'epoch': 24, 'best_score': 0.18823331594467163}, {'epoch': 25, 'best_score': 0.17584237456321716}, {'epoch': 26, 'best_score': 0.1915573924779892}, {'epoch': 27, 'best_score': 0.20779719948768616}, {'epoch': 28, 'best_score': 0.1708514392375946}, {'epoch': 29, 'best_score': 0.16667544841766357}, {'epoch': 30, 'best_score': 0.16432100534439087}, {'epoch': 31, 'best_score': 0.179051473736763}, {'epoch': 32, 'best_score': 0.1770077496767044}, {'epoch': 33, 'best_score': 0.17960470914840698}, {'epoch': 34, 'best_score': 0.17573918402194977}, {'epoch': 35, 'best_score': 0.15638282895088196}, {'epoch': 36, 'best_score': 0.15781269967556}, {'epoch': 37, 'best_score': 0.1582908183336258}, {'epoch': 38, 'best_score': 0.15864254534244537}, {'epoch': 39, 'best_score': 0.1587553173303604}, {'epoch': 40, 'best_score': 0.1578717827796936}, {'epoch': 41, 'best_score': 0.15674243867397308}, {'epoch': 42, 'best_score': 0.15711373090744019}, {'epoch': 43, 'best_score': 0.15767505764961243}, {'epoch': 44, 'best_score': 0.15503409504890442}, {'epoch': 45, 'best_score': 0.1549721509218216}, {'epoch': 46, 'best_score': 0.17285919189453125}, {'epoch': 47, 'best_score': 0.17318089306354523}, {'epoch': 48, 'best_score': 0.17632147669792175}, {'epoch': 49, 'best_score': 0.17961591482162476}]",cifar10,71,CDANN,PCA1,256.0,0.9511999487876892,0.9511999487876892,0.9280000329017639,0.9040000438690186,splits_cifar10_CDANN_71_0_b09dc755c62e.npz,b09dc755c62e,True,False,,,,,,,0.9051422805330573,all_pca,PCA1,IW overlap critic | W=2 | seed=0 (plug-in),True,
iw_overlap_critic,2.0,0.0,10000.0,2000.0,2500.0,500.0,0.9516,0.0,1.0,1.7599599361419678,0.5,0.5,0.7210000157356262,0.19290170073509216,2651.0,217.0,1332.0,115.0,0.02595940607612705,0.4,2215.0,285.0,300.0,200.0,ok,plugin,False,,1360.3867338912044,1410.2461620283855,1.993175482262965,0.48120305120923906,1.6016322836679164,0.345,0.13799999999999998,0.16395940607612702,0.836040593923873,0.836040593923873,False,47.0,23.0,0.1858251541852951,0.22287048399448395,0.40869563817977905,"[{'epoch': 0, 'best_score': 0.06291258335113525}, {'epoch': 1, 'best_score': 0.07926309108734131}, {'epoch': 2, 'best_score': 0.10962975025177002}, {'epoch': 3, 'best_score': 0.13178813457489014}, {'epoch': 4, 'best_score': 0.14535832405090332}, {'epoch': 5, 'best_score': 0.1215474009513855}, {'epoch': 6, 'best_score': 0.14562442898750305}, {'epoch': 7, 'best_score': 0.14797663688659668}, {'epoch': 8, 'best_score': 0.13228052854537964}, {'epoch': 9, 'best_score': 0.1427818238735199}, {'epoch': 10, 'best_score': 0.14695829153060913}, {'epoch': 11, 'best_score': 0.17940106987953186}, {'epoch': 12, 'best_score': 0.16269859671592712}, {'epoch': 13, 'best_score': 0.13627266883850098}, {'epoch': 14, 'best_score': 0.10780631005764008}, {'epoch': 15, 'best_score': 0.10519157350063324}, {'epoch': 16, 'best_score': 0.10815033316612244}, {'epoch': 17, 'best_score': 0.1218990683555603}, {'epoch': 18, 'best_score': 0.12117806077003479}, {'epoch': 19, 'best_score': 0.12446637451648712}, {'epoch': 20, 'best_score': 0.12919525802135468}, {'epoch': 21, 'best_score': 0.12042133510112762}, {'epoch': 22, 'best_score': 0.12596464157104492}, {'epoch': 23, 'best_score': 0.13796690106391907}, {'epoch': 24, 'best_score': 0.1302473098039627}, {'epoch': 25, 'best_score': 0.15038393437862396}, {'epoch': 26, 'best_score': 0.1522218883037567}, {'epoch': 27, 'best_score': 0.1446441262960434}, {'epoch': 28, 'best_score': 0.14361517131328583}, {'epoch': 29, 'best_score': 0.14053507149219513}, {'epoch': 30, 'best_score': 0.1482446938753128}, {'epoch': 31, 'best_score': 0.1442342847585678}, {'epoch': 32, 'best_score': 0.15652745962142944}, {'epoch': 33, 'best_score': 0.15948772430419922}, {'epoch': 34, 'best_score': 0.15596140921115875}, {'epoch': 35, 'best_score': 0.15129093825817108}, {'epoch': 36, 'best_score': 0.14898279309272766}, {'epoch': 37, 'best_score': 0.14679528772830963}, {'epoch': 38, 'best_score': 0.1567656248807907}, {'epoch': 39, 'best_score': 0.1568325012922287}, {'epoch': 40, 'best_score': 0.16399364173412323}, {'epoch': 41, 'best_score': 0.16926684975624084}, {'epoch': 42, 'best_score': 0.1709451675415039}, {'epoch': 43, 'best_score': 0.17642350494861603}, {'epoch': 44, 'best_score': 0.17866170406341553}, {'epoch': 45, 'best_score': 0.1784399449825287}, {'epoch': 46, 'best_score': 0.18489335477352142}, {'epoch': 47, 'best_score': 0.1858251541852951}, {'epoch': 48, 'best_score': 0.18417876958847046}, {'epoch': 49, 'best_score': 0.18376746773719788}]",cifar10,95,CDANN,PCA1,256.0,0.9526000022888184,0.9526000022888184,0.9355000257492065,0.9260000586509705,splits_cifar10_CDANN_95_0_b09dc755c62e.npz,b09dc755c62e,True,True,,,,,,,0.836040593923873,all_pca,PCA1,IW overlap critic | W=2 | seed=0 (plug-in),True,
iw_overlap_critic,2.0,0.0,10000.0,2000.0,2500.0,500.0,0.758,0.0,1.0,16.668615341186523,0.5,0.5,0.5394999980926514,0.24861130118370056,,,,,0.23269486270532674,0.0,2500.0,0.0,500.0,0.0,ok,plugin,False,,2400.838130604809,2452.3378129056373,1.5575921378983586,0.948742751371342,1.193729518075419,,0.0,0.23269486270532674,0.7673051372946733,0.7673051372946733,False,,,,,,,cifar100,4,DANN,PCA1,512.0,0.7841999530792236,0.7841999530792236,0.7440000176429749,0.7760000228881836,splits_cifar100_DANN_4_0_b09dc755c62e.npz,b09dc755c62e,False,True,,,,,,,0.7673051372946733,all_pca,PCA1,IW overlap critic | W=2 | seed=0 (plug-in),True,
iw_overlap_critic,2.0,0.0,10000.0,2000.0,2500.0,500.0,0.76,0.0,1.0,10.97741413116455,0.5,0.5,0.5385000109672546,0.24692904949188232,,,,,0.227684213130976,0.0,2500.0,0.0,500.0,0.0,ok,plugin,False,,2367.794160774559,2389.956184256765,1.8375539896083362,0.9251177007644988,1.3094084677235183,,0.0,0.227684213130976,0.772315786869024,0.772315786869024,False,,,,,,,cifar100,12,DANN,PCA1,512.0,0.7831999659538269,0.7831999659538269,0.7545000314712524,0.7860000133514404,splits_cifar100_DANN_12_0_b09dc755c62e.npz,b09dc755c62e,False,True,,,,,,,0.772315786869024,all_pca,PCA1,IW overlap critic | W=2 | seed=0 (plug-in),True,
iw_overlap_critic,2.0,0.0,10000.0,2000.0,2500.0,500.0,0.7596,0.0,1.0,7.229636192321777,0.5,0.5,0.5684999823570251,0.24233287572860718,2971.0,7.0,1481.0,3.0,0.21877623872108648,0.016,2477.0,23.0,492.0,8.0,ok,plugin,False,,2281.805830919363,2244.8602548870367,1.9879399090720844,0.8821116274250462,1.4965662466082557,0.375,0.006,0.22477623872108649,0.7752237612789135,0.7752237612789135,False,10.0,11.0,0.6247661113739014,0.375233918428421,1.0,"[{'epoch': 0, 'best_score': 0.04214268922805786}, {'epoch': 1, 'best_score': 0.12354201078414917}, {'epoch': 2, 'best_score': 0.22896629571914673}, {'epoch': 3, 'best_score': 0.3396990895271301}, {'epoch': 4, 'best_score': 0.4314398765563965}, {'epoch': 5, 'best_score': 0.5096195340156555}, {'epoch': 6, 'best_score': 0.5449122786521912}, {'epoch': 7, 'best_score': 0.5790567398071289}, {'epoch': 8, 'best_score': 0.6017794013023376}, {'epoch': 9, 'best_score': 0.6146761178970337}, {'epoch': 10, 'best_score': 0.6247661113739014}, {'epoch': 11, 'best_score': 0.31798672676086426}, {'epoch': 12, 'best_score': 0.3247872591018677}, {'epoch': 13, 'best_score': 0.33335188031196594}, {'epoch': 14, 'best_score': 0.3475125730037689}, {'epoch': 15, 'best_score': 0.35164451599121094}, {'epoch': 16, 'best_score': 0.3557716906070709}, {'epoch': 17, 'best_score': 0.3588891923427582}, {'epoch': 18, 'best_score': 0.3511214256286621}, {'epoch': 19, 'best_score': 0.3559208810329437}, {'epoch': 20, 'best_score': 0.3598328232765198}, {'epoch': 21, 'best_score': 0.3610445559024811}, {'epoch': 22, 'best_score': 0.36374416947364807}, {'epoch': 23, 'best_score': 0.3656160235404968}, {'epoch': 24, 'best_score': 0.3676914572715759}, {'epoch': 25, 'best_score': 0.3680492639541626}, {'epoch': 26, 'best_score': 0.37228235602378845}, {'epoch': 27, 'best_score': 0.3750460743904114}, {'epoch': 28, 'best_score': 0.3760654032230377}, {'epoch': 29, 'best_score': 0.3776109218597412}, {'epoch': 30, 'best_score': 0.38048458099365234}, {'epoch': 31, 'best_score': 0.38376978039741516}, {'epoch': 32, 'best_score': 0.3880264461040497}, {'epoch': 33, 'best_score': 0.06345084309577942}, {'epoch': 34, 'best_score': 0.06534519791603088}, {'epoch': 35, 'best_score': 0.0656399130821228}, {'epoch': 36, 'best_score': 0.0689065158367157}, {'epoch': 37, 'best_score': 0.06971317529678345}, {'epoch': 38, 'best_score': 0.07148832082748413}, {'epoch': 39, 'best_score': 0.07283732295036316}, {'epoch': 40, 'best_score': 0.07544708251953125}, {'epoch': 41, 'best_score': 0.07775372266769409}, {'epoch': 42, 'best_score': 0.08142191171646118}, {'epoch': 43, 'best_score': 0.08291220664978027}, {'epoch': 44, 'best_score': 0.08300036191940308}, {'epoch': 45, 'best_score': 0.08415336906909943}, {'epoch': 46, 'best_score': 0.08441455662250519}, {'epoch': 47, 'best_score': 0.08536389470100403}, {'epoch': 48, 'best_score': 0.08630764484405518}, {'epoch': 49, 'best_score': 0.08745051920413971}]",cifar100,59,DANN,PCA1,512.0,0.7841999530792236,0.7841999530792236,0.7585000395774841,0.7720000147819519,splits_cifar100_DANN_59_0_b09dc755c62e.npz,b09dc755c62e,False,False,,,,,,,0.7752237612789135,all_pca,PCA1,IW overlap critic | W=2 | seed=0 (plug-in),True,
iw_overlap_critic,2.0,0.0,10000.0,2000.0,2500.0,500.0,0.764,0.0,1.0,7.577130317687988,0.5,0.5,0.5525000095367432,0.24382567405700684,2986.0,1.0,1489.0,0.0,0.21792514323004544,0.014,2491.0,9.0,493.0,7.0,unsupported_critic_region,plugin,False,,2325.4143852437173,2274.242006551296,1.9830324293322394,0.8949102226652511,1.4780694243310757,,,,,,,,,,,,,cifar100,82,DANN,PCA1,512.0,0.7861999869346619,0.7861999869346619,0.7695000171661377,0.7700000405311584,splits_cifar100_DANN_82_0_b09dc755c62e.npz,b09dc755c62e,,,,,,,,,,all_pca,PCA1,IW overlap critic | W=2 | seed=0 (plug-in),False,
iw_overlap_critic,2.0,0.0,10000.0,2000.0,2500.0,500.0,0.762,0.0,1.0,2.6183037757873535,0.5,0.5,0.6740000247955322,0.2148706316947937,2785.0,161.0,1407.0,73.0,0.16140509652826054,0.272,2324.0,176.0,364.0,136.0,ok,plugin,False,,1680.9908520392964,1708.2959331905065,1.9955659166034323,0.619608934357542,1.6188827290602041,0.7352941176470589,0.20000000000000004,0.3614050965282606,0.6385949034717394,0.6385949034717394,False,10.0,5.0,0.20254749059677124,0.591973066329956,0.7945205569267273,"[{'epoch': 0, 'best_score': 0.024676382541656494}, {'epoch': 1, 'best_score': 0.030129730701446533}, {'epoch': 2, 'best_score': 0.04771167039871216}, {'epoch': 3, 'best_score': 0.08500635623931885}, {'epoch': 4, 'best_score': 0.08858400583267212}, {'epoch': 5, 'best_score': 0.12473738193511963}, {'epoch': 6, 'best_score': 0.11583977937698364}, {'epoch': 7, 'best_score': 0.1436442732810974}, {'epoch': 8, 'best_score': 0.16916054487228394}, {'epoch': 9, 'best_score': 0.166581928730011}, {'epoch': 10, 'best_score': 0.20254749059677124}, {'epoch': 11, 'best_score': 0.1755431890487671}, {'epoch': 12, 'best_score': 0.1434217095375061}, {'epoch': 13, 'best_score': 0.1647316813468933}, {'epoch': 14, 'best_score': 0.18356025218963623}, {'epoch': 15, 'best_score': 0.17721253633499146}, {'epoch': 16, 'best_score': 0.17420214414596558}, {'epoch': 17, 'best_score': 0.16113939881324768}, {'epoch': 18, 'best_score': 0.13635769486427307}, {'epoch': 19, 'best_score': 0.14986515045166016}, {'epoch': 20, 'best_score': 0.14041131734848022}, {'epoch': 21, 'best_score': 0.13305097818374634}, {'epoch': 22, 'best_score': 0.14101511240005493}, {'epoch': 23, 'best_score': 0.14844918251037598}, {'epoch': 24, 'best_score': 0.13620740175247192}, {'epoch': 25, 'best_score': 0.1236710250377655}, {'epoch': 26, 'best_score': 0.1331714689731598}, {'epoch': 27, 'best_score': 0.14055529236793518}, {'epoch': 28, 'best_score': 0.11810806393623352}, {'epoch': 29, 'best_score': 0.10833561420440674}, {'epoch': 30, 'best_score': 0.10188651084899902}, {'epoch': 31, 'best_score': 0.10624432563781738}, {'epoch': 32, 'best_score': 0.11257913708686829}, {'epoch': 33, 'best_score': 0.09990003705024719}, {'epoch': 34, 'best_score': 0.08430564403533936}, {'epoch': 35, 'best_score': 0.0791131854057312}, {'epoch': 36, 'best_score': 0.07825270295143127}, {'epoch': 37, 'best_score': 0.07928687334060669}, {'epoch': 38, 'best_score': 0.08116528391838074}, {'epoch': 39, 'best_score': 0.08219638466835022}, {'epoch': 40, 'best_score': 0.08537405729293823}, {'epoch': 41, 'best_score': 0.061106473207473755}, {'epoch': 42, 'best_score': 0.06463944911956787}, {'epoch': 43, 'best_score': 0.06780439615249634}, {'epoch': 44, 'best_score': 0.06874054670333862}, {'epoch': 45, 'best_score': 0.06997069716453552}, {'epoch': 46, 'best_score': 0.06813815236091614}, {'epoch': 47, 'best_score': 0.06943002343177795}, {'epoch': 48, 'best_score': 0.07240355014801025}, {'epoch': 49, 'best_score': 0.07573628425598145}]",cifar100,4,CDANN,PCA1,256.0,0.7849999666213989,0.7849999666213989,0.7275000214576721,0.7480000257492065,splits_cifar100_CDANN_4_0_b09dc755c62e.npz,b09dc755c62e,True,True,,,,,,,0.6385949034717394,all_pca,PCA1,IW overlap critic | W=2 | seed=0 (plug-in),True,
iw_overlap_critic,2.0,0.0,10000.0,2000.0,2500.0,500.0,0.766,0.0,1.0,2.715115547180176,0.5,0.5,0.6295000314712524,0.21847495436668396,2792.0,126.0,1388.0,76.0,0.1616978960992869,0.238,2327.0,173.0,381.0,119.0,ok,plugin,False,,1703.7075227224473,1718.8596319580877,1.9976528655750296,0.6327742603948244,1.614363161784065,0.35294117647058826,0.084,0.24569789609928688,0.7543021039007132,0.7543021039007132,False,36.0,0.0,0.08527830243110657,0.3620901107788086,0.44736841320991516,"[{'epoch': 0, 'best_score': 0.020935654640197754}, {'epoch': 1, 'best_score': 0.03206682205200195}, {'epoch': 2, 'best_score': 0.04450714588165283}, {'epoch': 3, 'best_score': 0.048047006130218506}, {'epoch': 4, 'best_score': 0.051907479763031006}, {'epoch': 5, 'best_score': 0.05472332239151001}, {'epoch': 6, 'best_score': 0.08257973194122314}, {'epoch': 7, 'best_score': 0.05842304229736328}, {'epoch': 8, 'best_score': 0.066997230052948}, {'epoch': 9, 'best_score': 0.055389225482940674}, {'epoch': 10, 'best_score': 0.07033222913742065}, {'epoch': 11, 'best_score': 0.07456183433532715}, {'epoch': 12, 'best_score': 0.08517682552337646}, {'epoch': 13, 'best_score': 0.08049947023391724}, {'epoch': 14, 'best_score': 0.08394545316696167}, {'epoch': 15, 'best_score': 0.0751948356628418}, {'epoch': 16, 'best_score': 0.06763225793838501}, {'epoch': 17, 'best_score': 0.07018429040908813}, {'epoch': 18, 'best_score': 0.06590014696121216}, {'epoch': 19, 'best_score': 0.07604706287384033}, {'epoch': 20, 'best_score': 0.06256192922592163}, {'epoch': 21, 'best_score': 0.06280317902565002}, {'epoch': 22, 'best_score': 0.0671471357345581}, {'epoch': 23, 'best_score': 0.06424498558044434}, {'epoch': 24, 'best_score': 0.06321153044700623}, {'epoch': 25, 'best_score': 0.07373249530792236}, {'epoch': 26, 'best_score': 0.0698544979095459}, {'epoch': 27, 'best_score': 0.07353290915489197}, {'epoch': 28, 'best_score': 0.06902840733528137}, {'epoch': 29, 'best_score': 0.0637483298778534}, {'epoch': 30, 'best_score': 0.07129529118537903}, {'epoch': 31, 'best_score': 0.07975336909294128}, {'epoch': 32, 'best_score': 0.0621621310710907}, {'epoch': 33, 'best_score': 0.05900111794471741}, {'epoch': 34, 'best_score': 0.0599537193775177}, {'epoch': 35, 'best_score': 0.07925459742546082}, {'epoch': 36, 'best_score': 0.08527830243110657}, {'epoch': 37, 'best_score': 0.07685220241546631}, {'epoch': 38, 'best_score': 0.0827324390411377}, {'epoch': 39, 'best_score': 0.0837126076221466}, {'epoch': 40, 'best_score': 0.07146146893501282}, {'epoch': 41, 'best_score': 0.0616593062877655}, {'epoch': 42, 'best_score': 0.06779903173446655}, {'epoch': 43, 'best_score': 0.07277223467826843}, {'epoch': 44, 'best_score': 0.0757889449596405}, {'epoch': 45, 'best_score': 0.0809539258480072}, {'epoch': 46, 'best_score': 0.08455944061279297}, {'epoch': 47, 'best_score': 0.08521828055381775}, {'epoch': 48, 'best_score': 0.08493795990943909}, {'epoch': 49, 'best_score': 0.08527040481567383}]",cifar100,12,CDANN,PCA1,256.0,0.7858999967575073,0.7858999967575073,0.7480000257492065,0.7680000066757202,splits_cifar100_CDANN_12_0_b09dc755c62e.npz,b09dc755c62e,False,True,,,,,,,0.7543021039007132,all_pca,PCA1,IW overlap critic | W=2 | seed=0 (plug-in),True,
iw_overlap_critic,2.0,0.0,10000.0,2000.0,2500.0,500.0,0.7664,0.0,1.0,2.0629892349243164,0.5,0.5,0.690500020980835,0.20447368919849396,2684.0,161.0,1371.0,89.0,0.1445559055835236,0.284,2242.0,258.0,358.0,142.0,ok,plugin,False,,1502.6707364455606,1523.5936197907242,1.9970104442097136,0.5521284989551385,1.634561498035605,0.5704225352112676,0.16199999999999998,0.3065559055835236,0.6934440944164764,0.6934440944164764,False,17.0,17.0,0.19977042078971863,0.4968588054180145,0.6966292262077332,"[{'epoch': 0, 'best_score': 0.020415186882019043}, {'epoch': 1, 'best_score': 0.04401874542236328}, {'epoch': 2, 'best_score': 0.05143934488296509}, {'epoch': 3, 'best_score': 0.06593608856201172}, {'epoch': 4, 'best_score': 0.08851855993270874}, {'epoch': 5, 'best_score': 0.11941361427307129}, {'epoch': 6, 'best_score': 0.1296314001083374}, {'epoch': 7, 'best_score': 0.11927235126495361}, {'epoch': 8, 'best_score': 0.12960457801818848}, {'epoch': 9, 'best_score': 0.13814914226531982}, {'epoch': 10, 'best_score': 0.16708296537399292}, {'epoch': 11, 'best_score': 0.1773684024810791}, {'epoch': 12, 'best_score': 0.17227911949157715}, {'epoch': 13, 'best_score': 0.19481700658798218}, {'epoch': 14, 'best_score': 0.1860576868057251}, {'epoch': 15, 'best_score': 0.1980106234550476}, {'epoch': 16, 'best_score': 0.18844491243362427}, {'epoch': 17, 'best_score': 0.19977042078971863}, {'epoch': 18, 'best_score': 0.18547669053077698}, {'epoch': 19, 'best_score': 0.18521645665168762}, {'epoch': 20, 'best_score': 0.1682790219783783}, {'epoch': 21, 'best_score': 0.16849154233932495}, {'epoch': 22, 'best_score': 0.1716724932193756}, {'epoch': 23, 'best_score': 0.15548482537269592}, {'epoch': 24, 'best_score': 0.14270207285881042}, {'epoch': 25, 'best_score': 0.14517268538475037}, {'epoch': 26, 'best_score': 0.1313907504081726}, {'epoch': 27, 'best_score': 0.15054106712341309}, {'epoch': 28, 'best_score': 0.12380537390708923}, {'epoch': 29, 'best_score': 0.12637600302696228}, {'epoch': 30, 'best_score': 0.12967664003372192}, {'epoch': 31, 'best_score': 0.12973755598068237}, {'epoch': 32, 'best_score': 0.1319824457168579}, {'epoch': 33, 'best_score': 0.13670983910560608}, {'epoch': 34, 'best_score': 0.1354612410068512}, {'epoch': 35, 'best_score': 0.13391202688217163}, {'epoch': 36, 'best_score': 0.13214382529258728}, {'epoch': 37, 'best_score': 0.1330847144126892}, {'epoch': 38, 'best_score': 0.13700756430625916}, {'epoch': 39, 'best_score': 0.1364535391330719}, {'epoch': 40, 'best_score': 0.1387667953968048}, {'epoch': 41, 'best_score': 0.13047710061073303}, {'epoch': 42, 'best_score': 0.1306634545326233}, {'epoch': 43, 'best_score': 0.12700816988945007}, {'epoch': 44, 'best_score': 0.1328279674053192}, {'epoch': 45, 'best_score': 0.13429424166679382}, {'epoch': 46, 'best_score': 0.12851816415786743}, {'epoch': 47, 'best_score': 0.13359254598617554}, {'epoch': 48, 'best_score': 0.13448601961135864}, {'epoch': 49, 'best_score': 0.1331486999988556}]",cifar100,59,CDANN,PCA1,256.0,0.7870000004768372,0.7870000004768372,0.7580000162124634,0.7920000553131104,splits_cifar100_CDANN_59_0_b09dc755c62e.npz,b09dc755c62e,True,True,,,,,,,0.6934440944164764,all_pca,PCA1,IW overlap critic | W=2 | seed=0 (plug-in),True,
iw_overlap_critic,2.0,0.0,10000.0,2000.0,2500.0,500.0,0.7652,0.0,1.0,3.2206785678863525,0.5,0.5,0.6080000400543213,0.23275375366210938,2874.0,63.0,1451.0,42.0,0.18348431392177103,0.102,2413.0,87.0,449.0,51.0,ok,plugin,False,,1983.4450399386956,1955.4611473350622,1.9995981965907141,0.7403866938934915,1.6240852311792804,0.8235294117647058,0.08399999999999999,0.267484313921771,0.7325156860782289,0.7325156860782289,False,6.0,13.0,0.09901660680770874,0.7581262588500977,0.8571428656578064,"[{'epoch': 0, 'best_score': 0.02555537223815918}, {'epoch': 1, 'best_score': 0.04597693681716919}, {'epoch': 2, 'best_score': 0.05896073579788208}, {'epoch': 3, 'best_score': 0.07460373640060425}, {'epoch': 4, 'best_score': 0.07509088516235352}, {'epoch': 5, 'best_score': 0.09512209892272949}, {'epoch': 6, 'best_score': 0.09901660680770874}, {'epoch': 7, 'best_score': 0.09782052040100098}, {'epoch': 8, 'best_score': 0.07164150476455688}, {'epoch': 9, 'best_score': 0.08986258506774902}, {'epoch': 10, 'best_score': 0.06967014074325562}, {'epoch': 11, 'best_score': 0.07659661769866943}, {'epoch': 12, 'best_score': 0.06448537111282349}, {'epoch': 13, 'best_score': 0.05765169858932495}, {'epoch': 14, 'best_score': 0.060285210609436035}, {'epoch': 15, 'best_score': 0.07996037602424622}, {'epoch': 16, 'best_score': 0.07944458723068237}, {'epoch': 17, 'best_score': 0.08108407258987427}, {'epoch': 18, 'best_score': 0.08907493948936462}, {'epoch': 19, 'best_score': 0.07558116316795349}, {'epoch': 20, 'best_score': 0.08718329668045044}, {'epoch': 21, 'best_score': 0.09766355156898499}, {'epoch': 22, 'best_score': 0.08794653415679932}, {'epoch': 23, 'best_score': 0.08940991759300232}, {'epoch': 24, 'best_score': 0.07390141487121582}, {'epoch': 25, 'best_score': 0.08760499954223633}, {'epoch': 26, 'best_score': 0.08351492881774902}, {'epoch': 27, 'best_score': 0.0654834508895874}, {'epoch': 28, 'best_score': 0.05019119381904602}, {'epoch': 29, 'best_score': 0.05406656861305237}, {'epoch': 30, 'best_score': 0.04387226700782776}, {'epoch': 31, 'best_score': 0.046766310930252075}, {'epoch': 32, 'best_score': 0.05425029993057251}, {'epoch': 33, 'best_score': 0.057998329401016235}, {'epoch': 34, 'best_score': 0.06043568253517151}, {'epoch': 35, 'best_score': 0.03666052222251892}, {'epoch': 36, 'best_score': 0.04114595055580139}, {'epoch': 37, 'best_score': 0.04103440046310425}, {'epoch': 38, 'best_score': 0.04717013239860535}, {'epoch': 39, 'best_score': 0.04835379123687744}, {'epoch': 40, 'best_score': 0.04824548959732056}, {'epoch': 41, 'best_score': 0.043923646211624146}, {'epoch': 42, 'best_score': 0.049874067306518555}, {'epoch': 43, 'best_score': 0.05171436071395874}, {'epoch': 44, 'best_score': 0.05558520555496216}, {'epoch': 45, 'best_score': 0.039699047803878784}, {'epoch': 46, 'best_score': 0.0391964316368103}, {'epoch': 47, 'best_score': 0.038833051919937134}, {'epoch': 48, 'best_score': 0.019330471754074097}, {'epoch': 49, 'best_score': 0.02151086926460266}]",cifar100,82,CDANN,PCA1,256.0,0.7872999906539917,0.7872999906539917,0.7635000348091125,0.7720000147819519,splits_cifar100_CDANN_82_0_b09dc755c62e.npz,b09dc755c62e,True,True,,,,,,,0.7325156860782289,all_pca,PCA1,IW overlap critic | W=2 | seed=0 (plug-in),True,
iw_overlap_critic,2.0,0.0,28152.0,9910.0,7040.0,2478.0,0.803125,0.0,1.0,3.5585877895355225,0.5,0.5,0.7535672187805176,0.16740885376930237,7516.0,1792.0,3754.0,889.0,0.09494730104249574,0.5807102502017756,6256.0,784.0,1039.0,1439.0,ok,plugin,False,,3380.800400843545,3698.4392047707793,1.9997803260764455,0.39454745874598973,1.5133909318098127,0.7046560111188325,0.40920096852300236,0.5041482695654981,0.4958517304345019,0.4958517304345019,False,47.0,14.0,0.37578582763671875,0.2901309132575989,0.6659167408943176,"[{'epoch': 0, 'best_score': 0.05482137203216553}, {'epoch': 1, 'best_score': 0.18154728412628174}, {'epoch': 2, 'best_score': 0.246493399143219}, {'epoch': 3, 'best_score': 0.2672964632511139}, {'epoch': 4, 'best_score': 0.2700555622577667}, {'epoch': 5, 'best_score': 0.27543336153030396}, {'epoch': 6, 'best_score': 0.28094735741615295}, {'epoch': 7, 'best_score': 0.29251575469970703}, {'epoch': 8, 'best_score': 0.2924007773399353}, {'epoch': 9, 'best_score': 0.2973308563232422}, {'epoch': 10, 'best_score': 0.3061862885951996}, {'epoch': 11, 'best_score': 0.3113650977611542}, {'epoch': 12, 'best_score': 0.3184960186481476}, {'epoch': 13, 'best_score': 0.3281978666782379}, {'epoch': 14, 'best_score': 0.3277299702167511}, {'epoch': 15, 'best_score': 0.3318628966808319}, {'epoch': 16, 'best_score': 0.3380158841609955}, {'epoch': 17, 'best_score': 0.34436604380607605}, {'epoch': 18, 'best_score': 0.35172581672668457}, {'epoch': 19, 'best_score': 0.3499189615249634}, {'epoch': 20, 'best_score': 0.3509093225002289}, {'epoch': 21, 'best_score': 0.3552672266960144}, {'epoch': 22, 'best_score': 0.3551744520664215}, {'epoch': 23, 'best_score': 0.35657554864883423}, {'epoch': 24, 'best_score': 0.35762497782707214}, {'epoch': 25, 'best_score': 0.35184207558631897}, {'epoch': 26, 'best_score': 0.3504135310649872}, {'epoch': 27, 'best_score': 0.350922554731369}, {'epoch': 28, 'best_score': 0.35219940543174744}, {'epoch': 29, 'best_score': 0.3536394238471985}, {'epoch': 30, 'best_score': 0.35559237003326416}, {'epoch': 31, 'best_score': 0.3557513356208801}, {'epoch': 32, 'best_score': 0.35893455147743225}, {'epoch': 33, 'best_score': 0.36256587505340576}, {'epoch': 34, 'best_score': 0.36318516731262207}, {'epoch': 35, 'best_score': 0.36122339963912964}, {'epoch': 36, 'best_score': 0.3629915416240692}, {'epoch': 37, 'best_score': 0.36495745182037354}, {'epoch': 38, 'best_score': 0.36856433749198914}, {'epoch': 39, 'best_score': 0.3666461110115051}, {'epoch': 40, 'best_score': 0.3667203187942505}, {'epoch': 41, 'best_score': 0.36769038438796997}, {'epoch': 42, 'best_score': 0.36607182025909424}, {'epoch': 43, 'best_score': 0.3684253394603729}, {'epoch': 44, 'best_score': 0.36853551864624023}, {'epoch': 45, 'best_score': 0.37311625480651855}, {'epoch': 46, 'best_score': 0.3737015724182129}, {'epoch': 47, 'best_score': 0.37578582763671875}, {'epoch': 48, 'best_score': 0.3748115301132202}, {'epoch': 49, 'best_score': 0.3743276596069336}]",domainnet,1,DANN,PCA1,2048.0,0.8072605729103088,0.8072605729103088,0.465893030166626,0.47497981786727905,splits_domainnet_DANN_1_0_b09dc755c62e.npz,b09dc755c62e,False,False,,,,,,,0.4958517304345019,all_pca,PCA1,IW overlap critic | W=2 | seed=0 (plug-in),True,
iw_overlap_critic,2.0,0.0,28152.0,14207.0,7040.0,3553.0,0.8038352272727273,0.0,1.0,4.441120147705078,0.5,0.5,0.80036461353302,0.14118699729442596,7683.0,2872.0,3815.0,1453.0,0.08147387217036035,0.6785814804390656,6411.0,629.0,1142.0,2411.0,ok,plugin,False,,2738.120469017378,3207.6799875683023,1.9974277776609037,0.26892755068028507,1.4063272977725805,0.7905433430111987,0.5364480720517872,0.6179219442221476,0.38207805577785237,0.38207805577785237,False,48.0,7.0,0.46874889731407166,0.3295993506908417,0.7983482480049133,"[{'epoch': 0, 'best_score': 0.07018816471099854}, {'epoch': 1, 'best_score': 0.2071516513824463}, {'epoch': 2, 'best_score': 0.30048251152038574}, {'epoch': 3, 'best_score': 0.3294578790664673}, {'epoch': 4, 'best_score': 0.3370145857334137}, {'epoch': 5, 'best_score': 0.3453730046749115}, {'epoch': 6, 'best_score': 0.35510557889938354}, {'epoch': 7, 'best_score': 0.36638492345809937}, {'epoch': 8, 'best_score': 0.3720867931842804}, {'epoch': 9, 'best_score': 0.37973323464393616}, {'epoch': 10, 'best_score': 0.38656672835350037}, {'epoch': 11, 'best_score': 0.39017418026924133}, {'epoch': 12, 'best_score': 0.391099214553833}, {'epoch': 13, 'best_score': 0.4006786346435547}, {'epoch': 14, 'best_score': 0.4051568806171417}, {'epoch': 15, 'best_score': 0.4115878641605377}, {'epoch': 16, 'best_score': 0.4192192852497101}, {'epoch': 17, 'best_score': 0.4230169951915741}, {'epoch': 18, 'best_score': 0.4317697286605835}, {'epoch': 19, 'best_score': 0.4350302517414093}, {'epoch': 20, 'best_score': 0.43533775210380554}, {'epoch': 21, 'best_score': 0.4415633976459503}, {'epoch': 22, 'best_score': 0.44531622529029846}, {'epoch': 23, 'best_score': 0.4486466646194458}, {'epoch': 24, 'best_score': 0.4485889673233032}, {'epoch': 25, 'best_score': 0.4491853415966034}, {'epoch': 26, 'best_score': 0.45036637783050537}, {'epoch': 27, 'best_score': 0.4497363269329071}, {'epoch': 28, 'best_score': 0.450595498085022}, {'epoch': 29, 'best_score': 0.449958473443985}, {'epoch': 30, 'best_score': 0.4492779076099396}, {'epoch': 31, 'best_score': 0.4519195556640625}, {'epoch': 32, 'best_score': 0.4516380727291107}, {'epoch': 33, 'best_score': 0.4544885456562042}, {'epoch': 34, 'best_score': 0.4537595808506012}, {'epoch': 35, 'best_score': 0.45527034997940063}, {'epoch': 36, 'best_score': 0.45624983310699463}, {'epoch': 37, 'best_score': 0.45724961161613464}, {'epoch': 38, 'best_score': 0.4596875309944153}, {'epoch': 39, 'best_score': 0.46095094084739685}, {'epoch': 40, 'best_score': 0.46035367250442505}, {'epoch': 41, 'best_score': 0.4596489667892456}, {'epoch': 42, 'best_score': 0.4609837234020233}, {'epoch': 43, 'best_score': 0.46121713519096375}, {'epoch': 44, 'best_score': 0.4604060649871826}, {'epoch': 45, 'best_score': 0.46226751804351807}, {'epoch': 46, 'best_score': 0.46327096223831177}, {'epoch': 47, 'best_score': 0.46668869256973267}, {'epoch': 48, 'best_score': 0.46874889731407166}, {'epoch': 49, 'best_score': 0.4674437642097473}]",domainnet,2,DANN,PCA1,2048.0,0.8101378083229065,0.8101378083229065,0.38572534918785095,0.38727834820747375,splits_domainnet_DANN_2_0_b09dc755c62e.npz,b09dc755c62e,True,True,,,,,,,0.38207805577785237,all_pca,PCA1,IW overlap critic | W=2 | seed=0 (plug-in),True,
iw_overlap_critic,2.0,0.0,28152.0,15295.0,7040.0,3825.0,0.8072443181818182,0.0,1.0,3.4903576374053955,0.5,0.5,0.7472388744354248,0.17125815153121948,7611.0,2432.0,3792.0,1225.0,0.09575176167550743,0.5338562091503268,6299.0,741.0,1783.0,2042.0,ok,plugin,False,,3263.215053537013,3631.2443232785035,1.9989528399278227,0.3706022470047136,1.5183352084345958,0.7242899118511263,0.3866666666666667,0.48241842834217413,0.5175815716578258,0.5175815716578258,False,49.0,14.0,0.43981608748435974,0.31936755776405334,0.7591836452484131,"[{'epoch': 0, 'best_score': 0.051783621311187744}, {'epoch': 1, 'best_score': 0.20742511749267578}, {'epoch': 2, 'best_score': 0.29022932052612305}, {'epoch': 3, 'best_score': 0.3307478427886963}, {'epoch': 4, 'best_score': 0.3388923406600952}, {'epoch': 5, 'best_score': 0.34967461228370667}, {'epoch': 6, 'best_score': 0.35311412811279297}, {'epoch': 7, 'best_score': 0.3513942062854767}, {'epoch': 8, 'best_score': 0.35250139236450195}, {'epoch': 9, 'best_score': 0.3588291108608246}, {'epoch': 10, 'best_score': 0.3624219596385956}, {'epoch': 11, 'best_score': 0.36891281604766846}, {'epoch': 12, 'best_score': 0.37358492612838745}, {'epoch': 13, 'best_score': 0.3826397955417633}, {'epoch': 14, 'best_score': 0.3855658769607544}, {'epoch': 15, 'best_score': 0.38700106739997864}, {'epoch': 16, 'best_score': 0.3912754952907562}, {'epoch': 17, 'best_score': 0.3971295952796936}, {'epoch': 18, 'best_score': 0.3982750177383423}, {'epoch': 19, 'best_score': 0.39788001775741577}, {'epoch': 20, 'best_score': 0.4004085958003998}, {'epoch': 21, 'best_score': 0.40738561749458313}, {'epoch': 22, 'best_score': 0.4113974869251251}, {'epoch': 23, 'best_score': 0.41231539845466614}, {'epoch': 24, 'best_score': 0.415840208530426}, {'epoch': 25, 'best_score': 0.41964665055274963}, {'epoch': 26, 'best_score': 0.42277371883392334}, {'epoch': 27, 'best_score': 0.4250810444355011}, {'epoch': 28, 'best_score': 0.4260673522949219}, {'epoch': 29, 'best_score': 0.4284968972206116}, {'epoch': 30, 'best_score': 0.428113728761673}, {'epoch': 31, 'best_score': 0.42719006538391113}, {'epoch': 32, 'best_score': 0.4282495677471161}, {'epoch': 33, 'best_score': 0.4299461245536804}, {'epoch': 34, 'best_score': 0.4308789074420929}, {'epoch': 35, 'best_score': 0.43388140201568604}, {'epoch': 36, 'best_score': 0.431728720664978}, {'epoch': 37, 'best_score': 0.4343748986721039}, {'epoch': 38, 'best_score': 0.4362233579158783}, {'epoch': 39, 'best_score': 0.43657317757606506}, {'epoch': 40, 'best_score': 0.43846774101257324}, {'epoch': 41, 'best_score': 0.4366660416126251}, {'epoch': 42, 'best_score': 0.4373626112937927}, {'epoch': 43, 'best_score': 0.43645575642585754}, {'epoch': 44, 'best_score': 0.4370588958263397}, {'epoch': 45, 'best_score': 0.43765512108802795}, {'epoch': 46, 'best_score': 0.4378700852394104}, {'epoch': 47, 'best_score': 0.4391399025917053}, {'epoch': 48, 'best_score': 0.43807676434516907}, {'epoch': 49, 'best_score': 0.43981608748435974}]",domainnet,3,DANN,PCA1,2048.0,0.8096050024032593,0.8096050024032593,0.4719189405441284,0.46562090516090393,splits_domainnet_DANN_3_0_b09dc755c62e.npz,b09dc755c62e,False,False,,,,,,,0.5175815716578258,all_pca,PCA1,IW overlap critic | W=2 | seed=0 (plug-in),True,
iw_overlap_critic,2.0,0.0,28152.0,9910.0,7040.0,2478.0,0.8025568181818181,0.0,1.0,1.1042149066925049,0.5,0.5,0.8369762897491455,0.11822836846113205,7779.0,2148.0,3873.0,1066.0,0.06566187469456501,0.7106537530266344,6410.0,630.0,717.0,1761.0,ok,plugin,False,,2053.151457130706,2525.429838967588,1.995301730234349,0.1568045779254823,1.2414520864756204,0.82793867120954,0.5883777239709442,0.6540395986655092,0.3459604013344908,0.3459604013344908,False,49.0,19.0,0.37666770815849304,0.4732384979724884,0.8499062061309814,"[{'epoch': 0, 'best_score': 0.010842382907867432}, {'epoch': 1, 'best_score': 0.027060747146606445}, {'epoch': 2, 'best_score': 0.0535506010055542}, {'epoch': 3, 'best_score': 0.0916178822517395}, {'epoch': 4, 'best_score': 0.12456971406936646}, {'epoch': 5, 'best_score': 0.17102491855621338}, {'epoch': 6, 'best_score': 0.20913028717041016}, {'epoch': 7, 'best_score': 0.2524902820587158}, {'epoch': 8, 'best_score': 0.2678682208061218}, {'epoch': 9, 'best_score': 0.2813364267349243}, {'epoch': 10, 'best_score': 0.29411089420318604}, {'epoch': 11, 'best_score': 0.2973029613494873}, {'epoch': 12, 'best_score': 0.30725187063217163}, {'epoch': 13, 'best_score': 0.3129948079586029}, {'epoch': 14, 'best_score': 0.3190271854400635}, {'epoch': 15, 'best_score': 0.3295093774795532}, {'epoch': 16, 'best_score': 0.33972132205963135}, {'epoch': 17, 'best_score': 0.335094153881073}, {'epoch': 18, 'best_score': 0.3399944007396698}, {'epoch': 19, 'best_score': 0.34145915508270264}, {'epoch': 20, 'best_score': 0.34436726570129395}, {'epoch': 21, 'best_score': 0.3469023108482361}, {'epoch': 22, 'best_score': 0.3479999601840973}, {'epoch': 23, 'best_score': 0.3541621267795563}, {'epoch': 24, 'best_score': 0.35613781213760376}, {'epoch': 25, 'best_score': 0.3548828363418579}, {'epoch': 26, 'best_score': 0.3526155948638916}, {'epoch': 27, 'best_score': 0.3576606512069702}, {'epoch': 28, 'best_score': 0.36352306604385376}, {'epoch': 29, 'best_score': 0.3592383563518524}, {'epoch': 30, 'best_score': 0.36269617080688477}, {'epoch': 31, 'best_score': 0.36367079615592957}, {'epoch': 32, 'best_score': 0.3625236749649048}, {'epoch': 33, 'best_score': 0.36228787899017334}, {'epoch': 34, 'best_score': 0.36617591977119446}, {'epoch': 35, 'best_score': 0.36955592036247253}, {'epoch': 36, 'best_score': 0.370094358921051}, {'epoch': 37, 'best_score': 0.3719240128993988}, {'epoch': 38, 'best_score': 0.37484171986579895}, {'epoch': 39, 'best_score': 0.37459054589271545}, {'epoch': 40, 'best_score': 0.37324732542037964}, {'epoch': 41, 'best_score': 0.37263691425323486}, {'epoch': 42, 'best_score': 0.370857298374176}, {'epoch': 43, 'best_score': 0.37069499492645264}, {'epoch': 44, 'best_score': 0.37320998311042786}, {'epoch': 45, 'best_score': 0.3758890926837921}, {'epoch': 46, 'best_score': 0.37629061937332153}, {'epoch': 47, 'best_score': 0.37535473704338074}, {'epoch': 48, 'best_score': 0.3748105764389038}, {'epoch': 49, 'best_score': 0.37666770815849304}]",domainnet,1,CDANN,PCA1,256.0,0.8055910468101501,0.8055910468101501,0.5121089816093445,0.5205811262130737,splits_domainnet_CDANN_1_0_b09dc755c62e.npz,b09dc755c62e,True,True,,,,,,,0.3459604013344908,all_pca,PCA1,IW overlap critic | W=2 | seed=0 (plug-in),True,
iw_overlap_critic,2.0,0.0,28152.0,14207.0,7040.0,3553.0,0.8004261363636364,0.0,1.0,1.0977529287338257,0.5,0.5,0.8615771532058716,0.10111060738563538,7913.0,3252.0,3955.0,1613.0,0.054697584511872066,0.7613284548269068,6588.0,452.0,848.0,2705.0,ok,plugin,False,,1729.2022693321353,2220.2563095788946,1.9979307723064832,0.1107917943556115,1.1000119201402072,0.8828096118299446,0.672108077680833,0.726805662192705,0.27319433780729496,0.27319433780729496,False,45.0,6.0,0.3481883406639099,0.5470379590988159,0.8952262997627258,"[{'epoch': 0, 'best_score': 0.004840731620788574}, {'epoch': 1, 'best_score': 0.020585715770721436}, {'epoch': 2, 'best_score': 0.05225038528442383}, {'epoch': 3, 'best_score': 0.08383023738861084}, {'epoch': 4, 'best_score': 0.12131369113922119}, {'epoch': 5, 'best_score': 0.1572614312171936}, {'epoch': 6, 'best_score': 0.19754517078399658}, {'epoch': 7, 'best_score': 0.22067570686340332}, {'epoch': 8, 'best_score': 0.24333268404006958}, {'epoch': 9, 'best_score': 0.25805020332336426}, {'epoch': 10, 'best_score': 0.27731674909591675}, {'epoch': 11, 'best_score': 0.2802876830101013}, {'epoch': 12, 'best_score': 0.28588932752609253}, {'epoch': 13, 'best_score': 0.29251593351364136}, {'epoch': 14, 'best_score': 0.29551202058792114}, {'epoch': 15, 'best_score': 0.2945268154144287}, {'epoch': 16, 'best_score': 0.3026010990142822}, {'epoch': 17, 'best_score': 0.3030626177787781}, {'epoch': 18, 'best_score': 0.3054015636444092}, {'epoch': 19, 'best_score': 0.30816876888275146}, {'epoch': 20, 'best_score': 0.30762869119644165}, {'epoch': 21, 'best_score': 0.3162640333175659}, {'epoch': 22, 'best_score': 0.3151041865348816}, {'epoch': 23, 'best_score': 0.3155171871185303}, {'epoch': 24, 'best_score': 0.3185346722602844}, {'epoch': 25, 'best_score': 0.31803035736083984}, {'epoch': 26, 'best_score': 0.32055526971817017}, {'epoch': 27, 'best_score': 0.3248145580291748}, {'epoch': 28, 'best_score': 0.3273465037345886}, {'epoch': 29, 'best_score': 0.32738226652145386}, {'epoch': 30, 'best_score': 0.3277680277824402}, {'epoch': 31, 'best_score': 0.3238831162452698}, {'epoch': 32, 'best_score': 0.32451629638671875}, {'epoch': 33, 'best_score': 0.3252260088920593}, {'epoch': 34, 'best_score': 0.3303552269935608}, {'epoch': 35, 'best_score': 0.3350371718406677}, {'epoch': 36, 'best_score': 0.3378105163574219}, {'epoch': 37, 'best_score': 0.337920606136322}, {'epoch': 38, 'best_score': 0.34009307622909546}, {'epoch': 39, 'best_score': 0.3384188413619995}, {'epoch': 40, 'best_score': 0.33970463275909424}, {'epoch': 41, 'best_score': 0.33879220485687256}, {'epoch': 42, 'best_score': 0.340232789516449}, {'epoch': 43, 'best_score': 0.33868616819381714}, {'epoch': 44, 'best_score': 0.342962384223938}, {'epoch': 45, 'best_score': 0.3481883406639099}, {'epoch': 46, 'best_score': 0.34733259677886963}, {'epoch': 47, 'best_score': 0.3479750156402588}, {'epoch': 48, 'best_score': 0.3471578359603882}, {'epoch': 49, 'best_score': 0.34689122438430786}]",domainnet,2,CDANN,PCA1,256.0,0.8071539998054504,0.8071539998054504,0.42063772678375244,0.4218969941139221,splits_domainnet_CDANN_2_0_b09dc755c62e.npz,b09dc755c62e,True,True,,,,,,,0.27319433780729496,all_pca,PCA1,IW overlap critic | W=2 | seed=0 (plug-in),True,
iw_overlap_critic,2.0,0.0,28152.0,15295.0,7040.0,3825.0,0.8063920454545455,0.0,1.0,1.1220425367355347,0.5,0.5,0.7690144181251526,0.1575443148612976,7612.0,2636.0,3778.0,1370.0,0.08675973272347462,0.5874509803921568,6350.0,690.0,1578.0,2247.0,ok,plugin,False,,2881.9157248714127,3350.8249261597584,1.9997566769367991,0.299322542701863,1.4239730698366542,0.8340008900756565,0.48993464052287583,0.5766943732463504,0.4233056267536496,0.4233056267536496,False,48.0,24.0,0.3789287805557251,0.4728960394859314,0.8518248200416565,"[{'epoch': 0, 'best_score': 0.010243833065032959}, {'epoch': 1, 'best_score': 0.029626667499542236}, {'epoch': 2, 'best_score': 0.049149513244628906}, {'epoch': 3, 'best_score': 0.08336752653121948}, {'epoch': 4, 'best_score': 0.1278424859046936}, {'epoch': 5, 'best_score': 0.18003034591674805}, {'epoch': 6, 'best_score': 0.21143174171447754}, {'epoch': 7, 'best_score': 0.2317536473274231}, {'epoch': 8, 'best_score': 0.2535180449485779}, {'epoch': 9, 'best_score': 0.27331411838531494}, {'epoch': 10, 'best_score': 0.28840816020965576}, {'epoch': 11, 'best_score': 0.3015361428260803}, {'epoch': 12, 'best_score': 0.3116103410720825}, {'epoch': 13, 'best_score': 0.3169456720352173}, {'epoch': 14, 'best_score': 0.32431530952453613}, {'epoch': 15, 'best_score': 0.3298828601837158}, {'epoch': 16, 'best_score': 0.33806806802749634}, {'epoch': 17, 'best_score': 0.3391692042350769}, {'epoch': 18, 'best_score': 0.3423703610897064}, {'epoch': 19, 'best_score': 0.34465062618255615}, {'epoch': 20, 'best_score': 0.3518155515193939}, {'epoch': 21, 'best_score': 0.34938910603523254}, {'epoch': 22, 'best_score': 0.3521895706653595}, {'epoch': 23, 'best_score': 0.3532363474369049}, {'epoch': 24, 'best_score': 0.35665684938430786}, {'epoch': 25, 'best_score': 0.3538077175617218}, {'epoch': 26, 'best_score': 0.3544425368309021}, {'epoch': 27, 'best_score': 0.35511183738708496}, {'epoch': 28, 'best_score': 0.3586408793926239}, {'epoch': 29, 'best_score': 0.3589964509010315}, {'epoch': 30, 'best_score': 0.3540237545967102}, {'epoch': 31, 'best_score': 0.35589858889579773}, {'epoch': 32, 'best_score': 0.36070847511291504}, {'epoch': 33, 'best_score': 0.36253246665000916}, {'epoch': 34, 'best_score': 0.3658847212791443}, {'epoch': 35, 'best_score': 0.3683795928955078}, {'epoch': 36, 'best_score': 0.36614125967025757}, {'epoch': 37, 'best_score': 0.36897486448287964}, {'epoch': 38, 'best_score': 0.37045589089393616}, {'epoch': 39, 'best_score': 0.36993929743766785}, {'epoch': 40, 'best_score': 0.37284523248672485}, {'epoch': 41, 'best_score': 0.37365907430648804}, {'epoch': 42, 'best_score': 0.37406301498413086}, {'epoch': 43, 'best_score': 0.37449702620506287}, {'epoch': 44, 'best_score': 0.3762925863265991}, {'epoch': 45, 'best_score': 0.376789391040802}, {'epoch': 46, 'best_score': 0.3776682913303375}, {'epoch': 47, 'best_score': 0.37891295552253723}, {'epoch': 48, 'best_score': 0.3789287805557251}, {'epoch': 49, 'best_score': 0.3786463737487793}]",domainnet,3,CDANN,PCA1,256.0,0.8074381947517395,0.8074381947517395,0.49369075894355774,0.48549020290374756,splits_domainnet_CDANN_3_0_b09dc755c62e.npz,b09dc755c62e,True,True,,,,,,,0.4233056267536496,all_pca,PCA1,IW overlap critic | W=2 | seed=0 (plug-in),True,
iw_overlap_critic,2.0,0.0,1700.0,8804.0,425.0,2203.0,0.8658823529411764,0.0,1.0,3.8495681285858154,0.5,0.5,0.5975267291069031,0.23323529958724976,460.0,458.0,236.0,236.0,0.140469146319439,0.17748524738992283,390.0,35.0,1812.0,391.0,ok,plugin,False,,403.6074188093212,332.08551088684743,1.993157154089935,0.9842675572750068,1.8088489373264134,0.6751918158567775,0.11983658647299136,0.26030573279243036,0.7396942672075697,0.7396942672075697,False,49.0,10.0,0.3177545368671417,0.360211580991745,0.6779661178588867,"[{'epoch': 0, 'best_score': 0.05720043182373047}, {'epoch': 1, 'best_score': 0.06438380479812622}, {'epoch': 2, 'best_score': 0.14845377206802368}, {'epoch': 3, 'best_score': 0.1881422996520996}, {'epoch': 4, 'best_score': 0.19112908840179443}, {'epoch': 5, 'best_score': 0.15731024742126465}, {'epoch': 6, 'best_score': 0.1668311357498169}, {'epoch': 7, 'best_score': 0.1792147159576416}, {'epoch': 8, 'best_score': 0.18570634722709656}, {'epoch': 9, 'best_score': 0.19701772928237915}, {'epoch': 10, 'best_score': 0.2042907476425171}, {'epoch': 11, 'best_score': 0.21908026933670044}, {'epoch': 12, 'best_score': 0.22370195388793945}, {'epoch': 13, 'best_score': 0.23665368556976318}, {'epoch': 14, 'best_score': 0.2443009614944458}, {'epoch': 15, 'best_score': 0.2353866696357727}, {'epoch': 16, 'best_score': 0.23081260919570923}, {'epoch': 17, 'best_score': 0.24105384945869446}, {'epoch': 18, 'best_score': 0.24895384907722473}, {'epoch': 19, 'best_score': 0.27124616503715515}, {'epoch': 20, 'best_score': 0.266958087682724}, {'epoch': 21, 'best_score': 0.2548600137233734}, {'epoch': 22, 'best_score': 0.26416024565696716}, {'epoch': 23, 'best_score': 0.27645963430404663}, {'epoch': 24, 'best_score': 0.2807442843914032}, {'epoch': 25, 'best_score': 0.2722291350364685}, {'epoch': 26, 'best_score': 0.2769200801849365}, {'epoch': 27, 'best_score': 0.2780526280403137}, {'epoch': 28, 'best_score': 0.28312236070632935}, {'epoch': 29, 'best_score': 0.30007147789001465}, {'epoch': 30, 'best_score': 0.3037688732147217}, {'epoch': 31, 'best_score': 0.30577850341796875}, {'epoch': 32, 'best_score': 0.294369101524353}, {'epoch': 33, 'best_score': 0.294369101524353}, {'epoch': 34, 'best_score': 0.29464879631996155}, {'epoch': 35, 'best_score': 0.3055492639541626}, {'epoch': 36, 'best_score': 0.3039492964744568}, {'epoch': 37, 'best_score': 0.3039492964744568}, {'epoch': 38, 'best_score': 0.3053733706474304}, {'epoch': 39, 'best_score': 0.3030787706375122}, {'epoch': 40, 'best_score': 0.30444881319999695}, {'epoch': 41, 'best_score': 0.2998266816139221}, {'epoch': 42, 'best_score': 0.3073704242706299}, {'epoch': 43, 'best_score': 0.3116077184677124}, {'epoch': 44, 'best_score': 0.31161320209503174}, {'epoch': 45, 'best_score': 0.31161320209503174}, {'epoch': 46, 'best_score': 0.31161320209503174}, {'epoch': 47, 'best_score': 0.31068867444992065}, {'epoch': 48, 'best_score': 0.31068867444992065}, {'epoch': 49, 'best_score': 0.3177545368671417}]",living17,1,DANN,PCA1,340.0,0.8994117379188538,0.8994117379188538,0.6758291721343994,0.6876986026763916,splits_living17_DANN_1_0_b09dc755c62e.npz,b09dc755c62e,False,False,,,,,,,0.7396942672075697,all_pca,PCA1,IW overlap critic | W=2 | seed=0 (plug-in),True,
iw_overlap_critic,2.0,0.0,1700.0,68.0,425.0,19.0,0.8823529411764706,0.0,1.0,54.598148345947266,0.5,0.5,0.42450982332229614,0.2518996596336365,,,,,0.11421335826268907,0.0,425.0,0.0,19.0,0.0,ok,plugin,False,,416.5072020136271,424.1374136554789,1.1197582513992286,0.9769475348116742,1.0566070737637594,,0.0,0.11421335826268907,0.8857866417373109,0.8857866417373109,False,,,,,,,living17,2,DANN,PCA1,340.0,0.9094117283821106,0.9094117283821106,0.8970588445663452,0.8421052694320679,splits_living17_DANN_2_0_b09dc755c62e.npz,b09dc755c62e,True,False,,,,,,,0.8857866417373109,all_pca,PCA1,IW overlap critic | W=2 | seed=0 (plug-in),True,
iw_overlap_critic,2.0,0.0,1700.0,68.0,425.0,19.0,0.8894117647058823,0.0,1.0,11.162090301513672,0.5,0.5,0.4843137264251709,0.24529361724853516,,,,,0.10617491093845513,0.0,424.0,1.0,19.0,0.0,ok,plugin,False,,406.90112676813874,406.783605622218,1.801275296562865,0.9314459987036902,1.3184643867411272,,0.0,0.10617491093845513,0.8938250890615449,0.8938250890615449,False,,,,,,,living17,3,DANN,PCA1,340.0,0.9052940607070923,0.9052940607070923,0.5882353186607361,0.6842105388641357,splits_living17_DANN_3_0_b09dc755c62e.npz,b09dc755c62e,False,False,,,,,,,0.8938250890615449,all_pca,PCA1,IW overlap critic | W=2 | seed=0 (plug-in),True,
iw_overlap_critic,2.0,0.0,1700.0,8804.0,425.0,2203.0,0.8894117647058823,0.0,1.0,4.122966766357422,0.5,0.5,0.5902406573295593,0.23583169281482697,470.0,398.0,237.0,203.0,0.12056001622204619,0.14616432137993646,391.0,34.0,1881.0,322.0,ok,plugin,False,,387.4714030112176,331.86045182678833,1.997124651158896,0.9194106263298425,1.7672620642242933,0.562111801242236,0.08216068996822515,0.20272070619027133,0.7972792938097286,0.7972792938097286,False,28.0,16.0,0.2789497673511505,0.32203546166419983,0.6009852290153503,"[{'epoch': 0, 'best_score': 0.05442965030670166}, {'epoch': 1, 'best_score': 0.08810305595397949}, {'epoch': 2, 'best_score': 0.08234959840774536}, {'epoch': 3, 'best_score': 0.10440218448638916}, {'epoch': 4, 'best_score': 0.13310718536376953}, {'epoch': 5, 'best_score': 0.15356051921844482}, {'epoch': 6, 'best_score': 0.15842270851135254}, {'epoch': 7, 'best_score': 0.1733238697052002}, {'epoch': 8, 'best_score': 0.18849223852157593}, {'epoch': 9, 'best_score': 0.19546061754226685}, {'epoch': 10, 'best_score': 0.1939929723739624}, {'epoch': 11, 'best_score': 0.21939316391944885}, {'epoch': 12, 'best_score': 0.2151029407978058}, {'epoch': 13, 'best_score': 0.21156883239746094}, {'epoch': 14, 'best_score': 0.2128967046737671}, {'epoch': 15, 'best_score': 0.2155434489250183}, {'epoch': 16, 'best_score': 0.22776362299919128}, {'epoch': 17, 'best_score': 0.21342816948890686}, {'epoch': 18, 'best_score': 0.22309333086013794}, {'epoch': 19, 'best_score': 0.223007470369339}, {'epoch': 20, 'best_score': 0.24249699711799622}, {'epoch': 21, 'best_score': 0.2451510727405548}, {'epoch': 22, 'best_score': 0.24315625429153442}, {'epoch': 23, 'best_score': 0.24189218878746033}, {'epoch': 24, 'best_score': 0.24291139841079712}, {'epoch': 25, 'best_score': 0.24109706282615662}, {'epoch': 26, 'best_score': 0.2573356628417969}, {'epoch': 27, 'best_score': 0.27814599871635437}, {'epoch': 28, 'best_score': 0.2789497673511505}, {'epoch': 29, 'best_score': 0.2578071057796478}, {'epoch': 30, 'best_score': 0.25707998871803284}, {'epoch': 31, 'best_score': 0.2692137062549591}, {'epoch': 32, 'best_score': 0.2630710303783417}, {'epoch': 33, 'best_score': 0.25499427318573}, {'epoch': 34, 'best_score': 0.25609728693962097}, {'epoch': 35, 'best_score': 0.25366348028182983}, {'epoch': 36, 'best_score': 0.24139031767845154}, {'epoch': 37, 'best_score': 0.23595091700553894}, {'epoch': 38, 'best_score': 0.23764672875404358}, {'epoch': 39, 'best_score': 0.24208158254623413}, {'epoch': 40, 'best_score': 0.2466069459915161}, {'epoch': 41, 'best_score': 0.25162070989608765}, {'epoch': 42, 'best_score': 0.25162070989608765}, {'epoch': 43, 'best_score': 0.2581540644168854}, {'epoch': 44, 'best_score': 0.24364066123962402}, {'epoch': 45, 'best_score': 0.2401149868965149}, {'epoch': 46, 'best_score': 0.24397608637809753}, {'epoch': 47, 'best_score': 0.24890217185020447}, {'epoch': 48, 'best_score': 0.24879664182662964}, {'epoch': 49, 'best_score': 0.2569849491119385}]",living17,1,CDANN,PCA1,256.0,0.9052940607070923,0.9052940607070923,0.6863925457000732,0.6981388926506042,splits_living17_CDANN_1_0_b09dc755c62e.npz,b09dc755c62e,False,False,,,,,,,0.7972792938097286,all_pca,PCA1,IW overlap critic | W=2 | seed=0 (plug-in),True,
iw_overlap_critic,2.0,0.0,1700.0,68.0,425.0,19.0,0.8917647058823529,0.0,1.0,54.598148345947266,0.5,0.5,0.4068627655506134,0.2537845969200134,,,,,0.1056918023766646,0.0,425.0,0.0,19.0,0.0,ok,plugin,False,,420.6797181653483,423.9360961817985,1.2307943496224814,0.9852857863854554,1.070271809255841,,0.0,0.1056918023766646,0.8943081976233354,0.8943081976233354,False,,,,,,,living17,2,CDANN,PCA1,256.0,0.9094117283821106,0.9094117283821106,0.8676470518112183,0.8421052694320679,splits_living17_CDANN_2_0_b09dc755c62e.npz,b09dc755c62e,False,False,,,,,,,0.8943081976233354,all_pca,PCA1,IW overlap critic | W=2 | seed=0 (plug-in),True,
iw_overlap_critic,2.0,0.0,1700.0,68.0,425.0,19.0,0.8823529411764706,0.0,1.0,8.270247459411621,0.5,0.5,0.570588231086731,0.2425568848848343,,,,,0.11155990380000577,0.0,419.0,6.0,19.0,0.0,ok,plugin,False,,386.6759806034081,381.16277382014624,1.996122398660226,0.8878056868932251,1.4525754620256972,,0.0,0.11155990380000577,0.8884400961999942,0.8884400961999942,False,,,,,,,living17,3,CDANN,PCA1,256.0,0.9052940607070923,0.9052940607070923,0.5588235259056091,0.6315789222717285,splits_living17_CDANN_3_0_b09dc755c62e.npz,b09dc755c62e,False,False,,,,,,,0.8884400961999942,all_pca,PCA1,IW overlap critic | W=2 | seed=0 (plug-in),True,
iw_overlap_critic,2.0,0.0,2600.0,13282.0,650.0,3322.0,0.8046153846153846,0.0,1.0,5.917733192443848,0.5,0.5,0.5997335314750671,0.24062594771385193,758.0,334.0,379.0,147.0,0.19898033146754074,0.08127633955448525,630.0,20.0,3052.0,270.0,ok,plugin,False,,653.059656485316,569.0719028448366,1.9902997982270387,0.985333489517902,1.6774773388678812,0.7888888888888889,0.06411800120409392,0.2630983326716346,0.7369016673283654,0.7369016673283654,False,40.0,4.0,0.3982921838760376,0.39082348346710205,0.7891156673431396,"[{'epoch': 0, 'best_score': 0.07829689979553223}, {'epoch': 1, 'best_score': 0.12163108587265015}, {'epoch': 2, 'best_score': 0.13577014207839966}, {'epoch': 3, 'best_score': 0.17457890510559082}, {'epoch': 4, 'best_score': 0.21658796072006226}, {'epoch': 5, 'best_score': 0.260450541973114}, {'epoch': 6, 'best_score': 0.2763611674308777}, {'epoch': 7, 'best_score': 0.2633904814720154}, {'epoch': 8, 'best_score': 0.2669264078140259}, {'epoch': 9, 'best_score': 0.27115410566329956}, {'epoch': 10, 'best_score': 0.27303439378738403}, {'epoch': 11, 'best_score': 0.26774924993515015}, {'epoch': 12, 'best_score': 0.25963956117630005}, {'epoch': 13, 'best_score': 0.27973002195358276}, {'epoch': 14, 'best_score': 0.2946053743362427}, {'epoch': 15, 'best_score': 0.2933084964752197}, {'epoch': 16, 'best_score': 0.29730546474456787}, {'epoch': 17, 'best_score': 0.3113921284675598}, {'epoch': 18, 'best_score': 0.3181459605693817}, {'epoch': 19, 'best_score': 0.31617996096611023}, {'epoch': 20, 'best_score': 0.3248799443244934}, {'epoch': 21, 'best_score': 0.33296287059783936}, {'epoch': 22, 'best_score': 0.3281136155128479}, {'epoch': 23, 'best_score': 0.33272188901901245}, {'epoch': 24, 'best_score': 0.3384282886981964}, {'epoch': 25, 'best_score': 0.34440863132476807}, {'epoch': 26, 'best_score': 0.3513175845146179}, {'epoch': 27, 'best_score': 0.35762637853622437}, {'epoch': 28, 'best_score': 0.36606019735336304}, {'epoch': 29, 'best_score': 0.36337965726852417}, {'epoch': 30, 'best_score': 0.3701823949813843}, {'epoch': 31, 'best_score': 0.3750668168067932}, {'epoch': 32, 'best_score': 0.38074353337287903}, {'epoch': 33, 'best_score': 0.37950360774993896}, {'epoch': 34, 'best_score': 0.3880322277545929}, {'epoch': 35, 'best_score': 0.38640034198760986}, {'epoch': 36, 'best_score': 0.3878532648086548}, {'epoch': 37, 'best_score': 0.3967294692993164}, {'epoch': 38, 'best_score': 0.39144909381866455}, {'epoch': 39, 'best_score': 0.3954102396965027}, {'epoch': 40, 'best_score': 0.3982921838760376}, {'epoch': 41, 'best_score': 0.3941360116004944}, {'epoch': 42, 'best_score': 0.3876180648803711}, {'epoch': 43, 'best_score': 0.380815327167511}, {'epoch': 44, 'best_score': 0.380815327167511}, {'epoch': 45, 'best_score': 0.3731885850429535}, {'epoch': 46, 'best_score': 0.3700774312019348}, {'epoch': 47, 'best_score': 0.3676142692565918}, {'epoch': 48, 'best_score': 0.36648401618003845}, {'epoch': 49, 'best_score': 0.3621651530265808}]",nonliving26,1,DANN,PCA1,512.0,0.8126922845840454,0.8126922845840454,0.5122722387313843,0.5192654728889465,splits_nonliving26_DANN_1_0_b09dc755c62e.npz,b09dc755c62e,False,False,,,,,,,0.7369016673283654,all_pca,PCA1,IW overlap critic | W=2 | seed=0 (plug-in),True,
iw_overlap_critic,2.0,0.0,2600.0,104.0,650.0,28.0,0.8292307692307692,0.0,1.0,54.598148345947266,0.5,0.5,0.44807693362236023,0.2513505518436432,,,,,0.17283063909696222,0.0,650.0,0.0,28.0,0.0,ok,plugin,False,,650.9265055016665,640.4437320268204,1.5681987621944868,0.9940976299099265,1.2137098271472173,,0.0,0.17283063909696222,0.8271693609030377,0.8271693609030377,False,,,,,,,nonliving26,2,DANN,PCA1,512.0,0.8176922798156738,0.8176922798156738,0.75,0.7142857313156128,splits_nonliving26_DANN_2_0_b09dc755c62e.npz,b09dc755c62e,False,False,,,,,,,0.8271693609030377,all_pca,PCA1,IW overlap critic | W=2 | seed=0 (plug-in),True,
iw_overlap_critic,2.0,0.0,2600.0,104.0,650.0,28.0,0.8246153846153846,0.0,1.0,54.598148345947266,0.5,0.5,0.4115384817123413,0.25359806418418884,,,,,0.18252106451340563,0.0,650.0,0.0,28.0,0.0,ok,plugin,False,,653.9760038645597,640.3210490451977,1.536704684761332,1.0041122816910613,1.2200213796022736,,0.0,0.18252106451340563,0.8174789354865943,0.8174789354865943,False,,,,,,,nonliving26,3,DANN,PCA1,512.0,0.8146153688430786,0.8146153688430786,0.4038461744785309,0.3214285969734192,splits_nonliving26_DANN_3_0_b09dc755c62e.npz,b09dc755c62e,False,False,,,,,,,0.8174789354865943,all_pca,PCA1,IW overlap critic | W=2 | seed=0 (plug-in),True,
iw_overlap_critic,2.0,0.0,2600.0,13282.0,650.0,3322.0,0.8169230769230769,0.0,1.0,3.14288330078125,0.5,0.5,0.6156163215637207,0.23356562852859497,723.0,630.0,357.0,310.0,0.1834516182760369,0.15773630343166767,614.0,36.0,2798.0,524.0,ok,plugin,False,,601.512514874765,519.7767657447191,1.9991362480324038,0.9522975329737132,1.7650173760917791,0.7519083969465649,0.11860325105358217,0.30205486932961906,0.697945130670381,0.697945130670381,False,45.0,16.0,0.30745211243629456,0.43770918250083923,0.7451612949371338,"[{'epoch': 0, 'best_score': 0.04759293794631958}, {'epoch': 1, 'best_score': 0.05161482095718384}, {'epoch': 2, 'best_score': 0.08509469032287598}, {'epoch': 3, 'best_score': 0.09330558776855469}, {'epoch': 4, 'best_score': 0.108856201171875}, {'epoch': 5, 'best_score': 0.1275317668914795}, {'epoch': 6, 'best_score': 0.15755927562713623}, {'epoch': 7, 'best_score': 0.18715369701385498}, {'epoch': 8, 'best_score': 0.2091209888458252}, {'epoch': 9, 'best_score': 0.22537899017333984}, {'epoch': 10, 'best_score': 0.25255632400512695}, {'epoch': 11, 'best_score': 0.23960673809051514}, {'epoch': 12, 'best_score': 0.2467721700668335}, {'epoch': 13, 'best_score': 0.2544306516647339}, {'epoch': 14, 'best_score': 0.26436445116996765}, {'epoch': 15, 'best_score': 0.27110469341278076}, {'epoch': 16, 'best_score': 0.28403887152671814}, {'epoch': 17, 'best_score': 0.28932055830955505}, {'epoch': 18, 'best_score': 0.28402283787727356}, {'epoch': 19, 'best_score': 0.2825479805469513}, {'epoch': 20, 'best_score': 0.2782003879547119}, {'epoch': 21, 'best_score': 0.28987056016921997}, {'epoch': 22, 'best_score': 0.29331672191619873}, {'epoch': 23, 'best_score': 0.2993541359901428}, {'epoch': 24, 'best_score': 0.2954966127872467}, {'epoch': 25, 'best_score': 0.3038308620452881}, {'epoch': 26, 'best_score': 0.2995847463607788}, {'epoch': 27, 'best_score': 0.3021353781223297}, {'epoch': 28, 'best_score': 0.2954912781715393}, {'epoch': 29, 'best_score': 0.2892456650733948}, {'epoch': 30, 'best_score': 0.29131078720092773}, {'epoch': 31, 'best_score': 0.2842366397380829}, {'epoch': 32, 'best_score': 0.287462443113327}, {'epoch': 33, 'best_score': 0.28705090284347534}, {'epoch': 34, 'best_score': 0.2903989553451538}, {'epoch': 35, 'best_score': 0.29628607630729675}, {'epoch': 36, 'best_score': 0.29136520624160767}, {'epoch': 37, 'best_score': 0.29136520624160767}, {'epoch': 38, 'best_score': 0.29972198605537415}, {'epoch': 39, 'best_score': 0.29972198605537415}, {'epoch': 40, 'best_score': 0.29972198605537415}, {'epoch': 41, 'best_score': 0.29751378297805786}, {'epoch': 42, 'best_score': 0.29964518547058105}, {'epoch': 43, 'best_score': 0.29766836762428284}, {'epoch': 44, 'best_score': 0.3005136251449585}, {'epoch': 45, 'best_score': 0.30745211243629456}, {'epoch': 46, 'best_score': 0.2977573573589325}, {'epoch': 47, 'best_score': 0.2977573573589325}, {'epoch': 48, 'best_score': 0.2977573573589325}, {'epoch': 49, 'best_score': 0.29513540863990784}]",nonliving26,1,CDANN,PCA1,256.0,0.8176922798156738,0.8176922798156738,0.5332028269767761,0.5352197289466858,splits_nonliving26_CDANN_1_0_b09dc755c62e.npz,b09dc755c62e,False,False,,,,,,,0.697945130670381,all_pca,PCA1,IW overlap critic | W=2 | seed=0 (plug-in),True,
iw_overlap_critic,2.0,0.0,2600.0,104.0,650.0,28.0,0.8138461538461539,0.0,1.0,54.598148345947266,0.5,0.5,0.5115385055541992,0.2515205144882202,,,,,0.18366285727936338,0.0,650.0,0.0,28.0,0.0,ok,plugin,False,,639.0557343190899,648.9700755508451,1.2813243765401687,0.9813962244920533,1.0451249341346696,,0.0,0.18366285727936338,0.8163371427206366,0.8163371427206366,False,,,,,,,nonliving26,2,CDANN,PCA1,256.0,0.8165384531021118,0.8165384531021118,0.7692307829856873,0.7500000596046448,splits_nonliving26_CDANN_2_0_b09dc755c62e.npz,b09dc755c62e,False,False,,,,,,,0.8163371427206366,all_pca,PCA1,IW overlap critic | W=2 | seed=0 (plug-in),True,
iw_overlap_critic,2.0,0.0,2600.0,104.0,650.0,28.0,0.8123076923076923,0.0,1.0,2.009753704071045,0.5,0.5,0.6480768918991089,0.2113514095544815,685.0,5.0,354.0,2.0,0.11349259045436808,0.07142857142857142,561.0,89.0,26.0,2.0,ok,plugin,False,,385.26508007969085,377.57829068459677,1.9612128194494476,0.5613026699570636,1.6576388317334243,0.5,0.03571428571428571,0.1492068761686538,0.8507931238313462,0.8507931238313462,False,14.0,8.0,0.5550471544265747,0.4449528455734253,1.0,"[{'epoch': 0, 'best_score': 0.14424049854278564}, {'epoch': 1, 'best_score': 0.16152149438858032}, {'epoch': 2, 'best_score': 0.18130898475646973}, {'epoch': 3, 'best_score': 0.24500113725662231}, {'epoch': 4, 'best_score': 0.285253643989563}, {'epoch': 5, 'best_score': 0.33512043952941895}, {'epoch': 6, 'best_score': 0.3626532554626465}, {'epoch': 7, 'best_score': 0.35570627450942993}, {'epoch': 8, 'best_score': 0.3981165885925293}, {'epoch': 9, 'best_score': 0.42383307218551636}, {'epoch': 10, 'best_score': 0.46463167667388916}, {'epoch': 11, 'best_score': 0.533881425857544}, {'epoch': 12, 'best_score': 0.5072142481803894}, {'epoch': 13, 'best_score': 0.536848783493042}, {'epoch': 14, 'best_score': 0.5550471544265747}, {'epoch': 15, 'best_score': 0.08973145484924316}, {'epoch': 16, 'best_score': 0.10766741633415222}, {'epoch': 17, 'best_score': 0.11272388696670532}, {'epoch': 18, 'best_score': 0.062334299087524414}, {'epoch': 19, 'best_score': -0.3196551501750946}, {'epoch': 20, 'best_score': -0.31048384308815}, {'epoch': 21, 'best_score': -0.30511927604675293}, {'epoch': 22, 'best_score': -0.2990141212940216}, {'epoch': 23, 'best_score': -0.2905605435371399}, {'epoch': 24, 'best_score': -0.28545430302619934}, {'epoch': 25, 'best_score': -0.28545430302619934}, {'epoch': 26, 'best_score': -0.284287691116333}, {'epoch': 27, 'best_score': -0.28351494669914246}, {'epoch': 28, 'best_score': -0.28351494669914246}, {'epoch': 29, 'best_score': -0.28351494669914246}, {'epoch': 30, 'best_score': -0.28241732716560364}, {'epoch': 31, 'best_score': -0.27724406123161316}, {'epoch': 32, 'best_score': -0.2734484374523163}, {'epoch': 33, 'best_score': -0.2734484374523163}, {'epoch': 34, 'best_score': -0.2721936106681824}, {'epoch': 35, 'best_score': -0.2641923427581787}, {'epoch': 36, 'best_score': -0.2641923427581787}, {'epoch': 37, 'best_score': -0.2619660198688507}, {'epoch': 38, 'best_score': -0.2574285566806793}, {'epoch': 39, 'best_score': -0.2531060576438904}, {'epoch': 40, 'best_score': -0.24881194531917572}, {'epoch': 41, 'best_score': -0.24881194531917572}, {'epoch': 42, 'best_score': -0.2429293692111969}, {'epoch': 43, 'best_score': -0.2429293692111969}, {'epoch': 44, 'best_score': -0.23877844214439392}, {'epoch': 45, 'best_score': -0.23721152544021606}, {'epoch': 46, 'best_score': -0.2362140268087387}, {'epoch': 47, 'best_score': -0.23559044301509857}, {'epoch': 48, 'best_score': -0.2303314357995987}, {'epoch': 49, 'best_score': -0.2303314357995987}]",nonliving26,3,CDANN,PCA1,256.0,0.822692334651947,0.822692334651947,0.4038461744785309,0.3214285969734192,splits_nonliving26_CDANN_3_0_b09dc755c62e.npz,b09dc755c62e,False,False,,,,,,,0.8507931238313462,all_pca,PCA1,IW overlap critic | W=2 | seed=0 (plug-in),True,
iw_overlap_critic,2.0,0.0,11745.0,35070.0,2938.0,8768.0,0.6388699795779442,0.0,1.0,3.346379518508911,0.5,0.5,0.5731833577156067,0.24207407236099243,3427.0,490.0,1716.0,248.0,0.3512948480937958,0.046532846715328466,2853.0,85.0,8360.0,408.0,ok,plugin,False,,2849.8143284443363,2557.728451555601,1.9882305017150739,0.9576440157687086,1.6452906734159312,0.6666666666666666,0.031021897810218975,0.38231674590401477,0.6176832540959852,0.6176832540959852,False,42.0,16.0,0.21669182181358337,0.4607275426387787,0.6774193644523621,"[{'epoch': 0, 'best_score': 0.03729599714279175}, {'epoch': 1, 'best_score': 0.06164729595184326}, {'epoch': 2, 'best_score': 0.09464794397354126}, {'epoch': 3, 'best_score': 0.12139111757278442}, {'epoch': 4, 'best_score': 0.13943147659301758}, {'epoch': 5, 'best_score': 0.1585586667060852}, {'epoch': 6, 'best_score': 0.1681925654411316}, {'epoch': 7, 'best_score': 0.17847955226898193}, {'epoch': 8, 'best_score': 0.1828007698059082}, {'epoch': 9, 'best_score': 0.1809772253036499}, {'epoch': 10, 'best_score': 0.18801528215408325}, {'epoch': 11, 'best_score': 0.20726072788238525}, {'epoch': 12, 'best_score': 0.21248739957809448}, {'epoch': 13, 'best_score': 0.20713943243026733}, {'epoch': 14, 'best_score': 0.2079458236694336}, {'epoch': 15, 'best_score': 0.20953068137168884}, {'epoch': 16, 'best_score': 0.20046466588974}, {'epoch': 17, 'best_score': 0.1946779489517212}, {'epoch': 18, 'best_score': 0.1929849088191986}, {'epoch': 19, 'best_score': 0.19483894109725952}, {'epoch': 20, 'best_score': 0.19871869683265686}, {'epoch': 21, 'best_score': 0.1992236077785492}, {'epoch': 22, 'best_score': 0.20247864723205566}, {'epoch': 23, 'best_score': 0.20188218355178833}, {'epoch': 24, 'best_score': 0.20192191004753113}, {'epoch': 25, 'best_score': 0.20155251026153564}, {'epoch': 26, 'best_score': 0.20254099369049072}, {'epoch': 27, 'best_score': 0.1957876980304718}, {'epoch': 28, 'best_score': 0.20254576206207275}, {'epoch': 29, 'best_score': 0.20216286182403564}, {'epoch': 30, 'best_score': 0.20632869005203247}, {'epoch': 31, 'best_score': 0.19958066940307617}, {'epoch': 32, 'best_score': 0.2023487091064453}, {'epoch': 33, 'best_score': 0.20855122804641724}, {'epoch': 34, 'best_score': 0.20579040050506592}, {'epoch': 35, 'best_score': 0.2026870846748352}, {'epoch': 36, 'best_score': 0.20479202270507812}, {'epoch': 37, 'best_score': 0.2096392810344696}, {'epoch': 38, 'best_score': 0.20618289709091187}, {'epoch': 39, 'best_score': 0.21456265449523926}, {'epoch': 40, 'best_score': 0.21407684683799744}, {'epoch': 41, 'best_score': 0.21613752841949463}, {'epoch': 42, 'best_score': 0.21669182181358337}, {'epoch': 43, 'best_score': 0.21584540605545044}, {'epoch': 44, 'best_score': 0.21591085195541382}, {'epoch': 45, 'best_score': 0.2157733142375946}, {'epoch': 46, 'best_score': 0.21087878942489624}, {'epoch': 47, 'best_score': 0.20773640275001526}, {'epoch': 48, 'best_score': 0.20919448137283325}, {'epoch': 49, 'best_score': 0.20721784234046936}]",fmow,1,DANN,PCA1,1024.0,0.6519370079040527,0.6519370079040527,0.6103222370147705,0.6077782511711121,splits_fmow_DANN_1_0_b09dc755c62e.npz,b09dc755c62e,False,False,,,,,,,0.6176832540959852,all_pca,PCA1,IW overlap critic | W=2 | seed=0 (plug-in),True,
iw_overlap_critic,2.0,0.0,11745.0,39088.0,2938.0,9774.0,0.6344452008168822,0.0,1.0,2.6926310062408447,0.5,0.5,0.5988613367080688,0.2355698049068451,3295.0,1794.0,1640.0,868.0,0.3231512414253965,0.14917127071823205,2762.0,176.0,8316.0,1458.0,ok,plugin,False,,2596.928950058367,2320.6318680272952,1.9994089046424426,0.8740271069242779,1.734256414085058,0.8031550068587106,0.11980765295682423,0.4429588943822207,0.5570411056177793,0.5570411056177793,False,38.0,24.0,0.26032745838165283,0.5691656470298767,0.8294931054115295,"[{'epoch': 0, 'best_score': 0.03198504447937012}, {'epoch': 1, 'best_score': 0.06523728370666504}, {'epoch': 2, 'best_score': 0.1131443977355957}, {'epoch': 3, 'best_score': 0.15078794956207275}, {'epoch': 4, 'best_score': 0.16761720180511475}, {'epoch': 5, 'best_score': 0.18129050731658936}, {'epoch': 6, 'best_score': 0.19508326053619385}, {'epoch': 7, 'best_score': 0.2032354474067688}, {'epoch': 8, 'best_score': 0.20327693223953247}, {'epoch': 9, 'best_score': 0.21071887016296387}, {'epoch': 10, 'best_score': 0.21103954315185547}, {'epoch': 11, 'best_score': 0.21449750661849976}, {'epoch': 12, 'best_score': 0.22010034322738647}, {'epoch': 13, 'best_score': 0.22303324937820435}, {'epoch': 14, 'best_score': 0.2311152219772339}, {'epoch': 15, 'best_score': 0.23179763555526733}, {'epoch': 16, 'best_score': 0.23518210649490356}, {'epoch': 17, 'best_score': 0.23558956384658813}, {'epoch': 18, 'best_score': 0.23494184017181396}, {'epoch': 19, 'best_score': 0.24006640911102295}, {'epoch': 20, 'best_score': 0.236139178276062}, {'epoch': 21, 'best_score': 0.23783081769943237}, {'epoch': 22, 'best_score': 0.24171686172485352}, {'epoch': 23, 'best_score': 0.24265217781066895}, {'epoch': 24, 'best_score': 0.24082869291305542}, {'epoch': 25, 'best_score': 0.24244576692581177}, {'epoch': 26, 'best_score': 0.2437807321548462}, {'epoch': 27, 'best_score': 0.24318337440490723}, {'epoch': 28, 'best_score': 0.24383920431137085}, {'epoch': 29, 'best_score': 0.25075238943099976}, {'epoch': 30, 'best_score': 0.2559998631477356}, {'epoch': 31, 'best_score': 0.2500132918357849}, {'epoch': 32, 'best_score': 0.25150221586227417}, {'epoch': 33, 'best_score': 0.25279515981674194}, {'epoch': 34, 'best_score': 0.25170814990997314}, {'epoch': 35, 'best_score': 0.2512627840042114}, {'epoch': 36, 'best_score': 0.2511826753616333}, {'epoch': 37, 'best_score': 0.2543668746948242}, {'epoch': 38, 'best_score': 0.26032745838165283}, {'epoch': 39, 'best_score': 0.25736331939697266}, {'epoch': 40, 'best_score': 0.2557719945907593}, {'epoch': 41, 'best_score': 0.25373733043670654}, {'epoch': 42, 'best_score': 0.25299715995788574}, {'epoch': 43, 'best_score': 0.25309038162231445}, {'epoch': 44, 'best_score': 0.25274062156677246}, {'epoch': 45, 'best_score': 0.2516809105873108}, {'epoch': 46, 'best_score': 0.25054675340652466}, {'epoch': 47, 'best_score': 0.250241219997406}, {'epoch': 48, 'best_score': 0.2506762146949768}, {'epoch': 49, 'best_score': 0.24968183040618896}]",fmow,2,DANN,PCA1,1024.0,0.6504895687103271,0.6504895687103271,0.5482756495475769,0.5545324683189392,splits_fmow_DANN_2_0_b09dc755c62e.npz,b09dc755c62e,False,False,,,,,,,0.5570411056177793,all_pca,PCA1,IW overlap critic | W=2 | seed=0 (plug-in),True,
iw_overlap_critic,2.0,0.0,11745.0,35070.0,2938.0,8768.0,0.6466984343090538,0.0,1.0,1.9793261289596558,0.5,0.5,0.5579081177711487,0.24451611936092377,3509.0,89.0,1749.0,40.0,0.34171802188836115,0.010264598540145985,2926.0,12.0,8678.0,90.0,ok,plugin,False,,2897.8520090593356,2693.159628632997,1.9840522876909088,0.9586457475701733,1.522931449847625,0.6222222222222222,0.006386861313868613,0.34810488320222976,0.6518951167977702,0.6518951167977702,False,49.0,29.0,0.3531329035758972,0.34686708450317383,0.699999988079071,"[{'epoch': 0, 'best_score': 0.06200361251831055}, {'epoch': 1, 'best_score': 0.07862484455108643}, {'epoch': 2, 'best_score': 0.10451894998550415}, {'epoch': 3, 'best_score': 0.11052453517913818}, {'epoch': 4, 'best_score': 0.12189900875091553}, {'epoch': 5, 'best_score': 0.12721949815750122}, {'epoch': 6, 'best_score': 0.14785629510879517}, {'epoch': 7, 'best_score': 0.18688946962356567}, {'epoch': 8, 'best_score': 0.22171205282211304}, {'epoch': 9, 'best_score': 0.2287386655807495}, {'epoch': 10, 'best_score': 0.22949355840682983}, {'epoch': 11, 'best_score': 0.25273245573043823}, {'epoch': 12, 'best_score': 0.23829853534698486}, {'epoch': 13, 'best_score': 0.2664541006088257}, {'epoch': 14, 'best_score': 0.25960779190063477}, {'epoch': 15, 'best_score': 0.2737746238708496}, {'epoch': 16, 'best_score': 0.28833115100860596}, {'epoch': 17, 'best_score': 0.31164491176605225}, {'epoch': 18, 'best_score': 0.32744747400283813}, {'epoch': 19, 'best_score': 0.3350021243095398}, {'epoch': 20, 'best_score': 0.3209099769592285}, {'epoch': 21, 'best_score': 0.30547669529914856}, {'epoch': 22, 'best_score': 0.29291990399360657}, {'epoch': 23, 'best_score': 0.2953895032405853}, {'epoch': 24, 'best_score': 0.3028317093849182}, {'epoch': 25, 'best_score': 0.3103060722351074}, {'epoch': 26, 'best_score': 0.2931070923805237}, {'epoch': 27, 'best_score': 0.2997783422470093}, {'epoch': 28, 'best_score': 0.30475369095802307}, {'epoch': 29, 'best_score': 0.30933162569999695}, {'epoch': 30, 'best_score': 0.3054807484149933}, {'epoch': 31, 'best_score': 0.2918285131454468}, {'epoch': 32, 'best_score': 0.29325219988822937}, {'epoch': 33, 'best_score': 0.2965506613254547}, {'epoch': 34, 'best_score': 0.3036130964756012}, {'epoch': 35, 'best_score': 0.2963389456272125}, {'epoch': 36, 'best_score': 0.32722559571266174}, {'epoch': 37, 'best_score': 0.3244008719921112}, {'epoch': 38, 'best_score': 0.3232667148113251}, {'epoch': 39, 'best_score': 0.3260640501976013}, {'epoch': 40, 'best_score': 0.3305107653141022}, {'epoch': 41, 'best_score': 0.31010034680366516}, {'epoch': 42, 'best_score': 0.3338641822338104}, {'epoch': 43, 'best_score': 0.3356781601905823}, {'epoch': 44, 'best_score': 0.33847808837890625}, {'epoch': 45, 'best_score': 0.33941027522087097}, {'epoch': 46, 'best_score': 0.34297651052474976}, {'epoch': 47, 'best_score': 0.3479185700416565}, {'epoch': 48, 'best_score': 0.3520522713661194}, {'epoch': 49, 'best_score': 0.3531329035758972}]",fmow,1,CDANN,PCA1,256.0,0.6558535695075989,0.6558535695075989,0.605617344379425,0.6010492444038391,splits_fmow_CDANN_1_0_b09dc755c62e.npz,b09dc755c62e,False,False,,,,,,,0.6518951167977702,all_pca,PCA1,IW overlap critic | W=2 | seed=0 (plug-in),True,
iw_overlap_critic,2.0,0.0,11745.0,39088.0,2938.0,9774.0,0.6446562287270252,0.0,1.0,1.367798089981079,0.5,0.5,0.5974698662757874,0.2358701527118683,3334.0,1318.0,1674.0,672.0,0.30425739028814164,0.11100879885410272,2774.0,164.0,8689.0,1085.0,ok,plugin,False,,2553.683174672043,2335.0005730333896,1.9949105509479537,0.8612314556099402,1.6816826722957134,0.8460829493087557,0.09392265193370165,0.3981800422218433,0.6018199577781567,0.6018199577781567,False,49.0,20.0,0.3221268653869629,0.5141826868057251,0.836309552192688,"[{'epoch': 0, 'best_score': 0.04304605722427368}, {'epoch': 1, 'best_score': 0.067532479763031}, {'epoch': 2, 'best_score': 0.07340121269226074}, {'epoch': 3, 'best_score': 0.09579288959503174}, {'epoch': 4, 'best_score': 0.10937374830245972}, {'epoch': 5, 'best_score': 0.13972508907318115}, {'epoch': 6, 'best_score': 0.15293800830841064}, {'epoch': 7, 'best_score': 0.1706371307373047}, {'epoch': 8, 'best_score': 0.185127854347229}, {'epoch': 9, 'best_score': 0.2013898491859436}, {'epoch': 10, 'best_score': 0.21652579307556152}, {'epoch': 11, 'best_score': 0.21911633014678955}, {'epoch': 12, 'best_score': 0.2259114384651184}, {'epoch': 13, 'best_score': 0.2286962866783142}, {'epoch': 14, 'best_score': 0.24056541919708252}, {'epoch': 15, 'best_score': 0.24020785093307495}, {'epoch': 16, 'best_score': 0.24301069974899292}, {'epoch': 17, 'best_score': 0.24733388423919678}, {'epoch': 18, 'best_score': 0.2534219026565552}, {'epoch': 19, 'best_score': 0.2569127082824707}, {'epoch': 20, 'best_score': 0.2618771195411682}, {'epoch': 21, 'best_score': 0.26756948232650757}, {'epoch': 22, 'best_score': 0.2708013653755188}, {'epoch': 23, 'best_score': 0.27987223863601685}, {'epoch': 24, 'best_score': 0.28001534938812256}, {'epoch': 25, 'best_score': 0.2808328866958618}, {'epoch': 26, 'best_score': 0.2804163694381714}, {'epoch': 27, 'best_score': 0.2976820468902588}, {'epoch': 28, 'best_score': 0.3009594678878784}, {'epoch': 29, 'best_score': 0.30491065979003906}, {'epoch': 30, 'best_score': 0.30227941274642944}, {'epoch': 31, 'best_score': 0.29771989583969116}, {'epoch': 32, 'best_score': 0.29800891876220703}, {'epoch': 33, 'best_score': 0.29937219619750977}, {'epoch': 34, 'best_score': 0.30135881900787354}, {'epoch': 35, 'best_score': 0.30760693550109863}, {'epoch': 36, 'best_score': 0.3060949444770813}, {'epoch': 37, 'best_score': 0.30810028314590454}, {'epoch': 38, 'best_score': 0.308555006980896}, {'epoch': 39, 'best_score': 0.306435227394104}, {'epoch': 40, 'best_score': 0.30890315771102905}, {'epoch': 41, 'best_score': 0.31298261880874634}, {'epoch': 42, 'best_score': 0.3121309280395508}, {'epoch': 43, 'best_score': 0.31555795669555664}, {'epoch': 44, 'best_score': 0.31648582220077515}, {'epoch': 45, 'best_score': 0.31599968671798706}, {'epoch': 46, 'best_score': 0.31693172454833984}, {'epoch': 47, 'best_score': 0.31985628604888916}, {'epoch': 48, 'best_score': 0.3218410015106201}, {'epoch': 49, 'best_score': 0.3221268653869629}]",fmow,2,CDANN,PCA1,256.0,0.6548318862915039,0.6548318862915039,0.5420845150947571,0.5445058345794678,splits_fmow_CDANN_2_0_b09dc755c62e.npz,b09dc755c62e,False,False,,,,,,,0.6018199577781567,all_pca,PCA1,IW overlap critic | W=2 | seed=0 (plug-in),True,
iw_overlap_critic,2.0,0.0,731.0,898.0,184.0,227.0,0.9239130434782609,0.0,1.0,26.513965606689453,0.5,0.5,0.5130829811096191,0.24920149147510529,,,,,0.07490387015182091,0.0,184.0,0.0,227.0,0.0,ok,plugin,False,,182.75362949592585,181.63426140840306,1.3261444286652622,0.9752719152791629,1.1975999425121098,,0.0,0.07490387015182091,0.9250961298481791,0.9250961298481791,False,,,,,,,officehome,1,DANN,PCA1,146.0,0.922024667263031,0.922024667263031,0.7193763852119446,0.7268722057342529,splits_officehome_DANN_1_0_b09dc755c62e.npz,b09dc755c62e,False,False,,,,,,,0.9250961298481791,all_pca,PCA1,IW overlap critic | W=2 | seed=0 (plug-in),True,
iw_overlap_critic,2.0,0.0,731.0,893.0,184.0,226.0,0.9021739130434783,0.0,1.0,8.752723693847656,0.5,0.5,0.6040480136871338,0.24497924745082855,218.0,7.0,108.0,3.0,0.09022353002375386,0.004424778761061947,183.0,1.0,225.0,1.0,ok,plugin,False,,178.03136436243523,172.24936059200772,1.839640871979811,0.9580103619174637,1.4062180219935734,1.0,0.004424778761061947,0.09464830878481581,0.9053516912151842,0.9053516912151842,False,37.0,18.0,0.4067033529281616,0.25996333360671997,0.6666666865348816,"[{'epoch': 0, 'best_score': 0.06465256214141846}, {'epoch': 1, 'best_score': 0.08757877349853516}, {'epoch': 2, 'best_score': 0.11776012182235718}, {'epoch': 3, 'best_score': 0.13274747133255005}, {'epoch': 4, 'best_score': 0.18076878786087036}, {'epoch': 5, 'best_score': 0.2606543302536011}, {'epoch': 6, 'best_score': 0.26633286476135254}, {'epoch': 7, 'best_score': 0.3244205713272095}, {'epoch': 8, 'best_score': 0.3541795015335083}, {'epoch': 9, 'best_score': 0.37555867433547974}, {'epoch': 10, 'best_score': 0.19647935032844543}, {'epoch': 11, 'best_score': 0.22103339433670044}, {'epoch': 12, 'best_score': 0.2267555594444275}, {'epoch': 13, 'best_score': 0.2480805218219757}, {'epoch': 14, 'best_score': 0.2480805218219757}, {'epoch': 15, 'best_score': 0.26945412158966064}, {'epoch': 16, 'best_score': 0.29173755645751953}, {'epoch': 17, 'best_score': 0.3080947995185852}, {'epoch': 18, 'best_score': 0.31490394473075867}, {'epoch': 19, 'best_score': 0.3233344554901123}, {'epoch': 20, 'best_score': 0.3306889235973358}, {'epoch': 21, 'best_score': 0.3226874768733978}, {'epoch': 22, 'best_score': 0.315661758184433}, {'epoch': 23, 'best_score': 0.3480108082294464}, {'epoch': 24, 'best_score': 0.3556462526321411}, {'epoch': 25, 'best_score': 0.3453253507614136}, {'epoch': 26, 'best_score': 0.3538931906223297}, {'epoch': 27, 'best_score': 0.3702980875968933}, {'epoch': 28, 'best_score': 0.3702980875968933}, {'epoch': 29, 'best_score': 0.3697115480899811}, {'epoch': 30, 'best_score': 0.37745699286460876}, {'epoch': 31, 'best_score': 0.37745699286460876}, {'epoch': 32, 'best_score': 0.37745699286460876}, {'epoch': 33, 'best_score': 0.36990752816200256}, {'epoch': 34, 'best_score': 0.3873963952064514}, {'epoch': 35, 'best_score': 0.3963824510574341}, {'epoch': 36, 'best_score': 0.3963824510574341}, {'epoch': 37, 'best_score': 0.4067033529281616}, {'epoch': 38, 'best_score': 0.4067033529281616}, {'epoch': 39, 'best_score': 0.4067033529281616}, {'epoch': 40, 'best_score': 0.4067033529281616}, {'epoch': 41, 'best_score': 0.4067033529281616}, {'epoch': 42, 'best_score': 0.4067033529281616}, {'epoch': 43, 'best_score': 0.4067033529281616}, {'epoch': 44, 'best_score': 0.39283666014671326}, {'epoch': 45, 'best_score': 0.40362313389778137}, {'epoch': 46, 'best_score': 0.40362313389778137}, {'epoch': 47, 'best_score': 0.40362313389778137}, {'epoch': 48, 'best_score': 0.40362313389778137}, {'epoch': 49, 'best_score': 0.39363279938697815}]",officehome,2,DANN,PCA1,146.0,0.915184736251831,0.915184736251831,0.44904816150665283,0.45132744312286377,splits_officehome_DANN_2_0_b09dc755c62e.npz,b09dc755c62e,False,False,,,,,,,0.9053516912151842,all_pca,PCA1,IW overlap critic | W=2 | seed=0 (plug-in),True,
iw_overlap_critic,2.0,0.0,731.0,507.0,184.0,128.0,0.9130434782608696,0.0,1.0,8.945487976074219,0.5,0.5,0.5967123508453369,0.2359590381383896,208.0,9.0,106.0,1.0,0.07046019761277958,0.0390625,177.0,7.0,123.0,5.0,ok,plugin,False,,148.73722182580246,151.17200976179532,1.9918475582757462,0.8028597500509331,1.5070927840711825,1.0,0.0390625,0.10952269761277958,0.8904773023872204,0.8904773023872204,False,37.0,12.0,0.6656430959701538,0.3343569338321686,1.0,"[{'epoch': 0, 'best_score': 0.07016193866729736}, {'epoch': 1, 'best_score': 0.08296769857406616}, {'epoch': 2, 'best_score': 0.11408358812332153}, {'epoch': 3, 'best_score': 0.1446424126625061}, {'epoch': 4, 'best_score': 0.18370205163955688}, {'epoch': 5, 'best_score': 0.23969411849975586}, {'epoch': 6, 'best_score': 0.28960293531417847}, {'epoch': 7, 'best_score': 0.389217734336853}, {'epoch': 8, 'best_score': 0.434518039226532}, {'epoch': 9, 'best_score': 0.4407728314399719}, {'epoch': 10, 'best_score': 0.4734858274459839}, {'epoch': 11, 'best_score': 0.49580395221710205}, {'epoch': 12, 'best_score': 0.5510997772216797}, {'epoch': 13, 'best_score': 0.5637006759643555}, {'epoch': 14, 'best_score': 0.5923855304718018}, {'epoch': 15, 'best_score': 0.6015584468841553}, {'epoch': 16, 'best_score': 0.6015584468841553}, {'epoch': 17, 'best_score': 0.6131796836853027}, {'epoch': 18, 'best_score': 0.6195517778396606}, {'epoch': 19, 'best_score': 0.6257760524749756}, {'epoch': 20, 'best_score': 0.6334246397018433}, {'epoch': 21, 'best_score': 0.6195517778396606}, {'epoch': 22, 'best_score': 0.6446869373321533}, {'epoch': 23, 'best_score': 0.6446869373321533}, {'epoch': 24, 'best_score': 0.6446869373321533}, {'epoch': 25, 'best_score': 0.6446869373321533}, {'epoch': 26, 'best_score': 0.648245096206665}, {'epoch': 27, 'best_score': 0.6284365057945251}, {'epoch': 28, 'best_score': 0.6284365057945251}, {'epoch': 29, 'best_score': 0.6301957368850708}, {'epoch': 30, 'best_score': 0.6375322341918945}, {'epoch': 31, 'best_score': 0.6456535458564758}, {'epoch': 32, 'best_score': 0.6531851291656494}, {'epoch': 33, 'best_score': 0.6531851291656494}, {'epoch': 34, 'best_score': 0.6531851291656494}, {'epoch': 35, 'best_score': 0.6561828851699829}, {'epoch': 36, 'best_score': 0.6574454307556152}, {'epoch': 37, 'best_score': 0.6656430959701538}, {'epoch': 38, 'best_score': 0.663210391998291}, {'epoch': 39, 'best_score': -0.3164466619491577}, {'epoch': 40, 'best_score': -0.3082965910434723}, {'epoch': 41, 'best_score': -0.3082965910434723}, {'epoch': 42, 'best_score': -0.3082965910434723}, {'epoch': 43, 'best_score': -0.3082965910434723}, {'epoch': 44, 'best_score': -0.3082965910434723}, {'epoch': 45, 'best_score': -0.3082965910434723}, {'epoch': 46, 'best_score': -0.30079469084739685}, {'epoch': 47, 'best_score': -0.30079469084739685}, {'epoch': 48, 'best_score': -0.30079469084739685}, {'epoch': 49, 'best_score': -0.30079469084739685}]",officehome,3,DANN,PCA1,146.0,0.9056087732315063,0.9056087732315063,0.5364891290664673,0.5625,splits_officehome_DANN_3_0_b09dc755c62e.npz,b09dc755c62e,False,False,,,,,,,0.8904773023872204,all_pca,PCA1,IW overlap critic | W=2 | seed=0 (plug-in),True,
iw_overlap_critic,2.0,0.0,731.0,898.0,184.0,227.0,0.9130434782608696,0.0,1.0,10.826591491699219,0.5,0.5,0.5647221803665161,0.24411115050315857,215.0,10.0,108.0,4.0,0.07825918355387394,0.04405286343612335,182.0,2.0,217.0,10.0,ok,plugin,False,,174.72735751013326,167.01887003003444,1.9637334936134012,0.8937877709481487,1.612153142516476,0.7,0.030837004405286344,0.10909618795916029,0.8909038120408397,0.8909038120408397,False,23.0,21.0,0.6343075037002563,0.36569249629974365,1.0,"[{'epoch': 0, 'best_score': 0.09390640258789062}, {'epoch': 1, 'best_score': 0.10079318284988403}, {'epoch': 2, 'best_score': 0.14592009782791138}, {'epoch': 3, 'best_score': 0.1684180498123169}, {'epoch': 4, 'best_score': 0.22199618816375732}, {'epoch': 5, 'best_score': 0.25398409366607666}, {'epoch': 6, 'best_score': 0.2926083207130432}, {'epoch': 7, 'best_score': 0.3225565552711487}, {'epoch': 8, 'best_score': 0.33603644371032715}, {'epoch': 9, 'best_score': 0.38725852966308594}, {'epoch': 10, 'best_score': 0.4316118359565735}, {'epoch': 11, 'best_score': 0.46803826093673706}, {'epoch': 12, 'best_score': 0.5117332935333252}, {'epoch': 13, 'best_score': 0.5205329656600952}, {'epoch': 14, 'best_score': 0.5272762775421143}, {'epoch': 15, 'best_score': 0.5272762775421143}, {'epoch': 16, 'best_score': 0.5426807403564453}, {'epoch': 17, 'best_score': 0.556829035282135}, {'epoch': 18, 'best_score': 0.5685029625892639}, {'epoch': 19, 'best_score': 0.596299409866333}, {'epoch': 20, 'best_score': 0.6094025373458862}, {'epoch': 21, 'best_score': 0.6219089031219482}, {'epoch': 22, 'best_score': 0.6219089031219482}, {'epoch': 23, 'best_score': 0.6343075037002563}, {'epoch': 24, 'best_score': 0.6219089031219482}, {'epoch': 25, 'best_score': 0.6157159805297852}, {'epoch': 26, 'best_score': 0.613447904586792}, {'epoch': 27, 'best_score': 0.620900571346283}, {'epoch': 28, 'best_score': 0.620900571346283}, {'epoch': 29, 'best_score': 0.6262973546981812}, {'epoch': 30, 'best_score': 0.6262973546981812}, {'epoch': 31, 'best_score': 0.6168586015701294}, {'epoch': 32, 'best_score': 0.6262973546981812}, {'epoch': 33, 'best_score': 0.6262973546981812}, {'epoch': 34, 'best_score': 0.6246339082717896}, {'epoch': 35, 'best_score': 0.4345588684082031}, {'epoch': 36, 'best_score': 0.4345588684082031}, {'epoch': 37, 'best_score': 0.4345588684082031}, {'epoch': 38, 'best_score': 0.43838638067245483}, {'epoch': 39, 'best_score': 0.43838638067245483}, {'epoch': 40, 'best_score': 0.45039796829223633}, {'epoch': 41, 'best_score': 0.4585423171520233}, {'epoch': 42, 'best_score': 0.4585423171520233}, {'epoch': 43, 'best_score': 0.4585423171520233}, {'epoch': 44, 'best_score': 0.4585423171520233}, {'epoch': 45, 'best_score': 0.4676474332809448}, {'epoch': 46, 'best_score': 0.4676474332809448}, {'epoch': 47, 'best_score': 0.4676474332809448}, {'epoch': 48, 'best_score': 0.4676474332809448}, {'epoch': 49, 'best_score': 0.4676474332809448}]",officehome,1,CDANN,PCA1,146.0,0.9138167500495911,0.9138167500495911,0.730512261390686,0.7488986253738403,splits_officehome_CDANN_1_0_b09dc755c62e.npz,b09dc755c62e,False,False,,,,,,,0.8909038120408397,all_pca,PCA1,IW overlap critic | W=2 | seed=0 (plug-in),True,
iw_overlap_critic,2.0,0.0,731.0,893.0,184.0,226.0,0.8913043478260869,0.0,1.0,2.7367031574249268,0.5,0.5,0.7655841112136841,0.1605290174484253,191.0,159.0,100.0,78.0,0.07587336697112397,0.5486725663716814,168.0,16.0,102.0,124.0,ok,plugin,False,,93.03825446940839,104.33048108056322,1.916212095507859,0.3936832195434604,1.4912307791569128,0.782258064516129,0.4292035398230088,0.5050769067941328,0.49492309320586725,0.49492309320586725,False,46.0,9.0,0.28210681676864624,0.5640470385551453,0.8461538553237915,"[{'epoch': 0, 'best_score': 0.06348097324371338}, {'epoch': 1, 'best_score': 0.09668272733688354}, {'epoch': 2, 'best_score': 0.08676666021347046}, {'epoch': 3, 'best_score': 0.11375325918197632}, {'epoch': 4, 'best_score': 0.11867475509643555}, {'epoch': 5, 'best_score': 0.1218762993812561}, {'epoch': 6, 'best_score': 0.14068269729614258}, {'epoch': 7, 'best_score': 0.1521722674369812}, {'epoch': 8, 'best_score': 0.1615639328956604}, {'epoch': 9, 'best_score': 0.19352298974990845}, {'epoch': 10, 'best_score': 0.213162362575531}, {'epoch': 11, 'best_score': 0.23959887027740479}, {'epoch': 12, 'best_score': 0.20671802759170532}, {'epoch': 13, 'best_score': 0.21706485748291016}, {'epoch': 14, 'best_score': 0.2157253623008728}, {'epoch': 15, 'best_score': 0.21915477514266968}, {'epoch': 16, 'best_score': 0.22304564714431763}, {'epoch': 17, 'best_score': 0.25114428997039795}, {'epoch': 18, 'best_score': 0.25114428997039795}, {'epoch': 19, 'best_score': 0.25114428997039795}, {'epoch': 20, 'best_score': 0.25114428997039795}, {'epoch': 21, 'best_score': 0.262432336807251}, {'epoch': 22, 'best_score': 0.262432336807251}, {'epoch': 23, 'best_score': 0.25213128328323364}, {'epoch': 24, 'best_score': 0.23931074142456055}, {'epoch': 25, 'best_score': 0.24160724878311157}, {'epoch': 26, 'best_score': 0.24274009466171265}, {'epoch': 27, 'best_score': 0.24274009466171265}, {'epoch': 28, 'best_score': 0.26044440269470215}, {'epoch': 29, 'best_score': 0.26044440269470215}, {'epoch': 30, 'best_score': 0.2542015314102173}, {'epoch': 31, 'best_score': 0.2542015314102173}, {'epoch': 32, 'best_score': 0.269234299659729}, {'epoch': 33, 'best_score': 0.269234299659729}, {'epoch': 34, 'best_score': 0.269234299659729}, {'epoch': 35, 'best_score': 0.269234299659729}, {'epoch': 36, 'best_score': 0.26067912578582764}, {'epoch': 37, 'best_score': 0.2577510476112366}, {'epoch': 38, 'best_score': 0.260403037071228}, {'epoch': 39, 'best_score': 0.260403037071228}, {'epoch': 40, 'best_score': 0.25532108545303345}, {'epoch': 41, 'best_score': 0.25532108545303345}, {'epoch': 42, 'best_score': 0.26339834928512573}, {'epoch': 43, 'best_score': 0.26339834928512573}, {'epoch': 44, 'best_score': 0.2642664909362793}, {'epoch': 45, 'best_score': 0.26928627490997314}, {'epoch': 46, 'best_score': 0.28210681676864624}, {'epoch': 47, 'best_score': 0.28210681676864624}, {'epoch': 48, 'best_score': 0.27267640829086304}, {'epoch': 49, 'best_score': 0.2756965756416321}]",officehome,2,CDANN,PCA1,146.0,0.9015048146247864,0.9015048146247864,0.4501679837703705,0.45132744312286377,splits_officehome_CDANN_2_0_b09dc755c62e.npz,b09dc755c62e,False,False,,,,,,,0.49492309320586725,all_pca,PCA1,IW overlap critic | W=2 | seed=0 (plug-in),True,
iw_overlap_critic,2.0,0.0,731.0,507.0,184.0,128.0,0.9130434782608696,0.0,1.0,3.907647132873535,0.5,0.5,0.7641096115112305,0.17638179659843445,194.0,82.0,98.0,44.0,0.05030835466990381,0.59375,157.0,27.0,52.0,76.0,ok,plugin,False,,87.75315839917434,92.68153551087532,1.9989631338600824,0.3918939261285494,1.5995034501130416,0.8552631578947368,0.5078125,0.5581208546699038,0.4418791453300962,0.4418791453300962,False,27.0,27.0,0.3920992314815521,0.47153714299201965,0.8636363744735718,"[{'epoch': 0, 'best_score': 0.0904119610786438}, {'epoch': 1, 'best_score': 0.06301295757293701}, {'epoch': 2, 'best_score': 0.10140955448150635}, {'epoch': 3, 'best_score': 0.13110566139221191}, {'epoch': 4, 'best_score': 0.1432453989982605}, {'epoch': 5, 'best_score': 0.16024959087371826}, {'epoch': 6, 'best_score': 0.21292001008987427}, {'epoch': 7, 'best_score': 0.23321926593780518}, {'epoch': 8, 'best_score': 0.29047536849975586}, {'epoch': 9, 'best_score': 0.30679434537887573}, {'epoch': 10, 'best_score': 0.26133984327316284}, {'epoch': 11, 'best_score': 0.28576189279556274}, {'epoch': 12, 'best_score': 0.28576189279556274}, {'epoch': 13, 'best_score': 0.28795135021209717}, {'epoch': 14, 'best_score': 0.29879534244537354}, {'epoch': 15, 'best_score': 0.279557466506958}, {'epoch': 16, 'best_score': 0.2818608283996582}, {'epoch': 17, 'best_score': 0.3081485629081726}, {'epoch': 18, 'best_score': 0.34602075815200806}, {'epoch': 19, 'best_score': 0.3483240604400635}, {'epoch': 20, 'best_score': 0.32559674978256226}, {'epoch': 21, 'best_score': 0.3028694987297058}, {'epoch': 22, 'best_score': 0.312491774559021}, {'epoch': 23, 'best_score': 0.3295775055885315}, {'epoch': 24, 'best_score': 0.3376472592353821}, {'epoch': 25, 'best_score': 0.38344472646713257}, {'epoch': 26, 'best_score': 0.38344472646713257}, {'epoch': 27, 'best_score': 0.3920992314815521}, {'epoch': 28, 'best_score': 0.38366153836250305}, {'epoch': 29, 'best_score': 0.38366153836250305}, {'epoch': 30, 'best_score': 0.38366153836250305}, {'epoch': 31, 'best_score': 0.36607903242111206}, {'epoch': 32, 'best_score': 0.36607903242111206}, {'epoch': 33, 'best_score': 0.36607903242111206}, {'epoch': 34, 'best_score': 0.36607903242111206}, {'epoch': 35, 'best_score': 0.37191301584243774}, {'epoch': 36, 'best_score': 0.37191301584243774}, {'epoch': 37, 'best_score': 0.37191301584243774}, {'epoch': 38, 'best_score': 0.37191301584243774}, {'epoch': 39, 'best_score': 0.38549771904945374}, {'epoch': 40, 'best_score': 0.38549771904945374}, {'epoch': 41, 'best_score': 0.38549771904945374}, {'epoch': 42, 'best_score': 0.38549771904945374}, {'epoch': 43, 'best_score': 0.38549771904945374}, {'epoch': 44, 'best_score': 0.3628068268299103}, {'epoch': 45, 'best_score': 0.3628068268299103}, {'epoch': 46, 'best_score': 0.3534122109413147}, {'epoch': 47, 'best_score': 0.35809457302093506}, {'epoch': 48, 'best_score': 0.35809457302093506}, {'epoch': 49, 'best_score': 0.3533034920692444}]",officehome,3,CDANN,PCA1,146.0,0.9138167500495911,0.9138167500495911,0.5364891290664673,0.5546875,splits_officehome_CDANN_3_0_b09dc755c62e.npz,b09dc755c62e,True,True,,,,,,,0.4418791453300962,all_pca,PCA1,IW overlap critic | W=2 | seed=0 (plug-in),True,
iw_overlap_critic,2.0,0.0,24387.0,11083.0,6098.0,2773.0,0.9996720236142997,0.0,1.0,1.1578553915023804,0.5,0.5,0.989417314529419,0.008117657154798508,7208.0,3296.0,3607.0,1655.0,2.5685813993061145e-08,0.995311936530833,6006.0,92.0,13.0,2760.0,ok,plugin,False,,189.90496474623586,260.5080837324588,1.8781858995354253,0.0003948693711549769,0.12682352139945033,0.9753623188405797,0.9707897583844212,0.9707897840702352,0.029210215929764805,0.029210215929764805,False,49.0,10.0,0.7191565036773682,0.2621123492717743,0.9812688827514648,"[{'epoch': 0, 'best_score': 0.17462033033370972}, {'epoch': 1, 'best_score': 0.26736271381378174}, {'epoch': 2, 'best_score': 0.3282608091831207}, {'epoch': 3, 'best_score': 0.37156248092651367}, {'epoch': 4, 'best_score': 0.4248783588409424}, {'epoch': 5, 'best_score': 0.45312240719795227}, {'epoch': 6, 'best_score': 0.4485744833946228}, {'epoch': 7, 'best_score': 0.494210422039032}, {'epoch': 8, 'best_score': 0.4908892512321472}, {'epoch': 9, 'best_score': 0.5134872198104858}, {'epoch': 10, 'best_score': 0.5096151828765869}, {'epoch': 11, 'best_score': 0.5132948160171509}, {'epoch': 12, 'best_score': 0.5237095355987549}, {'epoch': 13, 'best_score': 0.5507910251617432}, {'epoch': 14, 'best_score': 0.5542125701904297}, {'epoch': 15, 'best_score': 0.5643517971038818}, {'epoch': 16, 'best_score': 0.5555460453033447}, {'epoch': 17, 'best_score': 0.5719729065895081}, {'epoch': 18, 'best_score': 0.5770629644393921}, {'epoch': 19, 'best_score': 0.577217698097229}, {'epoch': 20, 'best_score': 0.593970775604248}, {'epoch': 21, 'best_score': 0.5864608287811279}, {'epoch': 22, 'best_score': 0.5942130088806152}, {'epoch': 23, 'best_score': 0.6069918870925903}, {'epoch': 24, 'best_score': 0.6040573120117188}, {'epoch': 25, 'best_score': 0.6114190816879272}, {'epoch': 26, 'best_score': 0.6137449741363525}, {'epoch': 27, 'best_score': 0.6258436441421509}, {'epoch': 28, 'best_score': 0.6462643146514893}, {'epoch': 29, 'best_score': 0.6533951759338379}, {'epoch': 30, 'best_score': 0.6638414859771729}, {'epoch': 31, 'best_score': 0.6656062006950378}, {'epoch': 32, 'best_score': 0.6677435636520386}, {'epoch': 33, 'best_score': 0.6728800535202026}, {'epoch': 34, 'best_score': 0.6790487170219421}, {'epoch': 35, 'best_score': 0.6780183911323547}, {'epoch': 36, 'best_score': 0.6815804243087769}, {'epoch': 37, 'best_score': 0.691190242767334}, {'epoch': 38, 'best_score': 0.6986526250839233}, {'epoch': 39, 'best_score': 0.699729323387146}, {'epoch': 40, 'best_score': 0.7019426822662354}, {'epoch': 41, 'best_score': 0.7032856941223145}, {'epoch': 42, 'best_score': 0.7040042877197266}, {'epoch': 43, 'best_score': 0.7053109407424927}, {'epoch': 44, 'best_score': 0.7067524194717407}, {'epoch': 45, 'best_score': 0.7063454985618591}, {'epoch': 46, 'best_score': 0.7066957354545593}, {'epoch': 47, 'best_score': 0.7109909057617188}, {'epoch': 48, 'best_score': 0.7125936150550842}, {'epoch': 49, 'best_score': 0.7191565036773682}]",visda,1,DANN,PCA1,2048.0,0.9995489120483398,0.9995489120483398,0.6463051438331604,0.6473133563995361,splits_visda_DANN_1_0_b09dc755c62e.npz,b09dc755c62e,True,True,,,,,,,0.029210215929764805,all_pca,PCA1,IW overlap critic | W=2 | seed=0 (plug-in),True,
iw_overlap_critic,2.0,0.0,24387.0,14480.0,6098.0,3620.0,0.9998360118071499,0.0,1.0,1.2240148782730103,0.5,0.5,0.9868221282958984,0.009336410090327263,7223.0,4287.0,3627.0,2135.0,3.000683332699872e-05,0.9856353591160221,6034.0,64.0,52.0,3568.0,ok,plugin,False,,140.14229016884596,200.7327455664749,1.9162458416648178,0.0003389227550266748,0.07211374955802967,0.9708520179372198,0.9569060773480663,0.9569360841813933,0.04306391581860669,0.04306391581860669,False,44.0,10.0,0.6809656023979187,0.28577911853790283,0.9667447209358215,"[{'epoch': 0, 'best_score': 0.13424623012542725}, {'epoch': 1, 'best_score': 0.25711649656295776}, {'epoch': 2, 'best_score': 0.344113290309906}, {'epoch': 3, 'best_score': 0.39333248138427734}, {'epoch': 4, 'best_score': 0.4260236620903015}, {'epoch': 5, 'best_score': 0.43027788400650024}, {'epoch': 6, 'best_score': 0.454722136259079}, {'epoch': 7, 'best_score': 0.4498448669910431}, {'epoch': 8, 'best_score': 0.4555814564228058}, {'epoch': 9, 'best_score': 0.4709452688694}, {'epoch': 10, 'best_score': 0.478195458650589}, {'epoch': 11, 'best_score': 0.5050952434539795}, {'epoch': 12, 'best_score': 0.5271206498146057}, {'epoch': 13, 'best_score': 0.5329654216766357}, {'epoch': 14, 'best_score': 0.5456055998802185}, {'epoch': 15, 'best_score': 0.5544873476028442}, {'epoch': 16, 'best_score': 0.5604907274246216}, {'epoch': 17, 'best_score': 0.559292197227478}, {'epoch': 18, 'best_score': 0.5718204975128174}, {'epoch': 19, 'best_score': 0.5720398426055908}, {'epoch': 20, 'best_score': 0.5717223882675171}, {'epoch': 21, 'best_score': 0.5753829479217529}, {'epoch': 22, 'best_score': 0.5889163613319397}, {'epoch': 23, 'best_score': 0.5974721908569336}, {'epoch': 24, 'best_score': 0.5898702144622803}, {'epoch': 25, 'best_score': 0.5981420874595642}, {'epoch': 26, 'best_score': 0.6002081632614136}, {'epoch': 27, 'best_score': 0.6120703220367432}, {'epoch': 28, 'best_score': 0.6021838188171387}, {'epoch': 29, 'best_score': 0.6160317659378052}, {'epoch': 30, 'best_score': 0.6107072830200195}, {'epoch': 31, 'best_score': 0.6123642921447754}, {'epoch': 32, 'best_score': 0.6290407180786133}, {'epoch': 33, 'best_score': 0.6222515106201172}, {'epoch': 34, 'best_score': 0.6320914030075073}, {'epoch': 35, 'best_score': 0.6443557739257812}, {'epoch': 36, 'best_score': 0.6468119025230408}, {'epoch': 37, 'best_score': 0.6489307284355164}, {'epoch': 38, 'best_score': 0.6516140699386597}, {'epoch': 39, 'best_score': 0.6534619927406311}, {'epoch': 40, 'best_score': 0.6551387310028076}, {'epoch': 41, 'best_score': 0.670059323310852}, {'epoch': 42, 'best_score': 0.6779101490974426}, {'epoch': 43, 'best_score': 0.6742339730262756}, {'epoch': 44, 'best_score': 0.6809656023979187}, {'epoch': 45, 'best_score': 0.6661322712898254}, {'epoch': 46, 'best_score': 0.6686086654663086}, {'epoch': 47, 'best_score': 0.6718686819076538}, {'epoch': 48, 'best_score': 0.6729128360748291}, {'epoch': 49, 'best_score': 0.6738197803497314}]",visda,2,DANN,PCA1,2048.0,0.9997539520263672,0.9997539520263672,0.6546961069107056,0.6544198393821716,splits_visda_DANN_2_0_b09dc755c62e.npz,b09dc755c62e,True,True,,,,,,,0.04306391581860669,all_pca,PCA1,IW overlap critic | W=2 | seed=0 (plug-in),True,
iw_overlap_critic,2.0,0.0,24387.0,11083.0,6098.0,2773.0,0.9993440472285995,0.0,1.0,0.6170312762260437,0.5,0.5,0.9946262836456299,0.003861944656819105,7292.0,3311.0,3641.0,1650.0,2.4908571043395633e-07,0.9956725567976921,6072.0,26.0,12.0,2761.0,ok,plugin,False,,76.17820094275078,135.33486694544936,1.9477791974073728,0.00010506045993628746,0.03401476505934596,0.8040565012676566,0.8005769924269743,0.8005772415126847,0.19942275848731528,0.19942275848731528,False,49.0,14.0,0.7495920062065125,0.05040799453854561,0.800000011920929,"[{'epoch': 0, 'best_score': 0.10601520538330078}, {'epoch': 1, 'best_score': 0.12439531087875366}, {'epoch': 2, 'best_score': 0.13447213172912598}, {'epoch': 3, 'best_score': 0.21086597442626953}, {'epoch': 4, 'best_score': 0.22067290544509888}, {'epoch': 5, 'best_score': 0.272151917219162}, {'epoch': 6, 'best_score': 0.2584978938102722}, {'epoch': 7, 'best_score': 0.3005841374397278}, {'epoch': 8, 'best_score': 0.34994566440582275}, {'epoch': 9, 'best_score': 0.34333547949790955}, {'epoch': 10, 'best_score': 0.3776736259460449}, {'epoch': 11, 'best_score': 0.38766610622406006}, {'epoch': 12, 'best_score': 0.37404149770736694}, {'epoch': 13, 'best_score': 0.3752132058143616}, {'epoch': 14, 'best_score': 0.38243356347084045}, {'epoch': 15, 'best_score': 0.39416372776031494}, {'epoch': 16, 'best_score': 0.4042970538139343}, {'epoch': 17, 'best_score': 0.389920711517334}, {'epoch': 18, 'best_score': 0.39998841285705566}, {'epoch': 19, 'best_score': 0.4335315227508545}, {'epoch': 20, 'best_score': 0.4259277284145355}, {'epoch': 21, 'best_score': 0.4324226379394531}, {'epoch': 22, 'best_score': 0.44025057554244995}, {'epoch': 23, 'best_score': 0.44912272691726685}, {'epoch': 24, 'best_score': 0.4734218716621399}, {'epoch': 25, 'best_score': 0.47724074125289917}, {'epoch': 26, 'best_score': 0.486250638961792}, {'epoch': 27, 'best_score': 0.5022670030593872}, {'epoch': 28, 'best_score': 0.5142682194709778}, {'epoch': 29, 'best_score': 0.5392165184020996}, {'epoch': 30, 'best_score': 0.5689762830734253}, {'epoch': 31, 'best_score': 0.594855010509491}, {'epoch': 32, 'best_score': 0.6065849661827087}, {'epoch': 33, 'best_score': 0.6208536028862}, {'epoch': 34, 'best_score': 0.6353387236595154}, {'epoch': 35, 'best_score': 0.6454681158065796}, {'epoch': 36, 'best_score': 0.6537843942642212}, {'epoch': 37, 'best_score': 0.6569929122924805}, {'epoch': 38, 'best_score': 0.6635977029800415}, {'epoch': 39, 'best_score': 0.6636874675750732}, {'epoch': 40, 'best_score': 0.6696133613586426}, {'epoch': 41, 'best_score': 0.6804434657096863}, {'epoch': 42, 'best_score': 0.6879667639732361}, {'epoch': 43, 'best_score': 0.6949950456619263}, {'epoch': 44, 'best_score': 0.7081817388534546}, {'epoch': 45, 'best_score': 0.7227296829223633}, {'epoch': 46, 'best_score': 0.732659101486206}, {'epoch': 47, 'best_score': 0.7397366762161255}, {'epoch': 48, 'best_score': 0.744731605052948}, {'epoch': 49, 'best_score': 0.7495920062065125}]",visda,1,CDANN,PCA1,256.0,0.9990978837013245,0.9990978837013245,0.6784264445304871,0.6693112254142761,splits_visda_CDANN_1_0_b09dc755c62e.npz,b09dc755c62e,True,True,,,,,,,0.19942275848731528,all_pca,PCA1,IW overlap critic | W=2 | seed=0 (plug-in),True,
iw_overlap_critic,2.0,0.0,24387.0,14480.0,6098.0,3620.0,0.9995080354214496,1.0,1.0,0.4550785720348358,0.5,0.5,0.9962331056594849,0.002304885070770979,7302.0,4315.0,3653.0,2158.0,8.846891785438443e-10,0.9953038674033149,6085.0,13.0,17.0,3603.0,ok,plugin,False,,32.69339523247318,42.08327025717271,1.993649850969146,9.99230292506569e-07,0.0026506774354993446,0.7890646683319456,0.7853591160220994,0.7853591169067886,0.2146408830932114,0.2146408830932114,False,49.0,25.0,0.6528955698013306,0.12282267957925797,0.7757182717323303,"[{'epoch': 0, 'best_score': 0.10792374610900879}, {'epoch': 1, 'best_score': 0.11250221729278564}, {'epoch': 2, 'best_score': 0.11838430166244507}, {'epoch': 3, 'best_score': 0.15838760137557983}, {'epoch': 4, 'best_score': 0.17551565170288086}, {'epoch': 5, 'best_score': 0.1604025959968567}, {'epoch': 6, 'best_score': 0.21258145570755005}, {'epoch': 7, 'best_score': 0.24802100658416748}, {'epoch': 8, 'best_score': 0.27982470393180847}, {'epoch': 9, 'best_score': 0.4025481939315796}, {'epoch': 10, 'best_score': 0.41406556963920593}, {'epoch': 11, 'best_score': 0.44974756240844727}, {'epoch': 12, 'best_score': 0.40244847536087036}, {'epoch': 13, 'best_score': 0.4188739061355591}, {'epoch': 14, 'best_score': 0.4786740839481354}, {'epoch': 15, 'best_score': 0.48626673221588135}, {'epoch': 16, 'best_score': 0.47220534086227417}, {'epoch': 17, 'best_score': 0.4579707384109497}, {'epoch': 18, 'best_score': 0.4546423554420471}, {'epoch': 19, 'best_score': 0.4513419270515442}, {'epoch': 20, 'best_score': 0.4400581121444702}, {'epoch': 21, 'best_score': 0.4338169991970062}, {'epoch': 22, 'best_score': 0.44645774364471436}, {'epoch': 23, 'best_score': 0.45322176814079285}, {'epoch': 24, 'best_score': 0.4837487041950226}, {'epoch': 25, 'best_score': 0.49630919098854065}, {'epoch': 26, 'best_score': 0.5059123635292053}, {'epoch': 27, 'best_score': 0.48082250356674194}, {'epoch': 28, 'best_score': 0.4927836060523987}, {'epoch': 29, 'best_score': 0.5052938461303711}, {'epoch': 30, 'best_score': 0.5137431025505066}, {'epoch': 31, 'best_score': 0.5154617428779602}, {'epoch': 32, 'best_score': 0.5232957601547241}, {'epoch': 33, 'best_score': 0.527867317199707}, {'epoch': 34, 'best_score': 0.533614993095398}, {'epoch': 35, 'best_score': 0.5382985472679138}, {'epoch': 36, 'best_score': 0.5420169830322266}, {'epoch': 37, 'best_score': 0.5463617444038391}, {'epoch': 38, 'best_score': 0.560373067855835}, {'epoch': 39, 'best_score': 0.5709536671638489}, {'epoch': 40, 'best_score': 0.5820328593254089}, {'epoch': 41, 'best_score': 0.5909173488616943}, {'epoch': 42, 'best_score': 0.6006568670272827}, {'epoch': 43, 'best_score': 0.607144832611084}, {'epoch': 44, 'best_score': 0.6173079609870911}, {'epoch': 45, 'best_score': 0.6247243881225586}, {'epoch': 46, 'best_score': 0.6312353610992432}, {'epoch': 47, 'best_score': 0.6391360759735107}, {'epoch': 48, 'best_score': 0.6455379724502563}, {'epoch': 49, 'best_score': 0.6528955698013306}]",visda,2,CDANN,PCA1,256.0,0.9995899200439453,0.9995899200439453,0.7107734680175781,0.7140883803367615,splits_visda_CDANN_2_0_b09dc755c62e.npz,b09dc755c62e,True,True,,,,,,,0.2146408830932114,all_pca,PCA1,IW overlap critic | W=2 | seed=0 (plug-in),True,
iw_overlap_critic,2.0,0.0,6500.0,33009.0,1625.0,8255.0,0.904,0.0,1.0,1.5615886449813843,0.5,0.5,0.5643240213394165,0.2424464374780655,1922.0,329.0,961.0,156.0,0.10784912550807096,0.030042398546335555,1590.0,35.0,8007.0,248.0,ok,plugin,False,,1622.0229781209928,1437.174357655211,1.9965435421953117,0.9849389693533863,1.6537388969558153,0.8306451612903226,0.02495457298606905,0.13280369849414,0.86719630150586,0.86719630150586,False,49.0,8.0,0.5322853922843933,0.3395094871520996,0.8717948794364929,"[{'epoch': 0, 'best_score': 0.12793177366256714}, {'epoch': 1, 'best_score': 0.15396350622177124}, {'epoch': 2, 'best_score': 0.16192924976348877}, {'epoch': 3, 'best_score': 0.17179536819458008}, {'epoch': 4, 'best_score': 0.16825366020202637}, {'epoch': 5, 'best_score': 0.17982006072998047}, {'epoch': 6, 'best_score': 0.18689656257629395}, {'epoch': 7, 'best_score': 0.19462788105010986}, {'epoch': 8, 'best_score': 0.22299569845199585}, {'epoch': 9, 'best_score': 0.24778646230697632}, {'epoch': 10, 'best_score': 0.28829461336135864}, {'epoch': 11, 'best_score': 0.3078470826148987}, {'epoch': 12, 'best_score': 0.3296634554862976}, {'epoch': 13, 'best_score': 0.3404892086982727}, {'epoch': 14, 'best_score': 0.34863948822021484}, {'epoch': 15, 'best_score': 0.36756134033203125}, {'epoch': 16, 'best_score': 0.3834320902824402}, {'epoch': 17, 'best_score': 0.38934195041656494}, {'epoch': 18, 'best_score': 0.4027416706085205}, {'epoch': 19, 'best_score': 0.39909499883651733}, {'epoch': 20, 'best_score': 0.4088188111782074}, {'epoch': 21, 'best_score': 0.42409899830818176}, {'epoch': 22, 'best_score': 0.4270896315574646}, {'epoch': 23, 'best_score': 0.4374312460422516}, {'epoch': 24, 'best_score': 0.44058987498283386}, {'epoch': 25, 'best_score': 0.4453160762786865}, {'epoch': 26, 'best_score': 0.45748206973075867}, {'epoch': 27, 'best_score': 0.4638170599937439}, {'epoch': 28, 'best_score': 0.4685710668563843}, {'epoch': 29, 'best_score': 0.4644830524921417}, {'epoch': 30, 'best_score': 0.4685543477535248}, {'epoch': 31, 'best_score': 0.4710199236869812}, {'epoch': 32, 'best_score': 0.48262616991996765}, {'epoch': 33, 'best_score': 0.48760026693344116}, {'epoch': 34, 'best_score': 0.49178197979927063}, {'epoch': 35, 'best_score': 0.4970461130142212}, {'epoch': 36, 'best_score': 0.49135521054267883}, {'epoch': 37, 'best_score': 0.4930855929851532}, {'epoch': 38, 'best_score': 0.5002225637435913}, {'epoch': 39, 'best_score': 0.5051723718643188}, {'epoch': 40, 'best_score': 0.5070130228996277}, {'epoch': 41, 'best_score': 0.510909378528595}, {'epoch': 42, 'best_score': 0.5108340978622437}, {'epoch': 43, 'best_score': 0.5166857242584229}, {'epoch': 44, 'best_score': 0.5163865089416504}, {'epoch': 45, 'best_score': 0.5199593305587769}, {'epoch': 46, 'best_score': 0.5207744836807251}, {'epoch': 47, 'best_score': 0.5224832892417908}, {'epoch': 48, 'best_score': 0.5252801775932312}, {'epoch': 49, 'best_score': 0.5322853922843933}]",entity13,1,DANN,PCA4,128.0,0.905846118927002,0.905846118927002,0.7318307161331177,0.7345851063728333,splits_entity13_DANN_1_0_b09dc755c62e.npz,b09dc755c62e,False,False,,,,,,,0.86719630150586,all_pca,PCA4,IW overlap critic | W=2 | seed=0 (plug-in),True,
iw_overlap_critic,2.0,0.0,6500.0,260.0,1625.0,65.0,0.9101538461538462,0.0,1.0,10.676085472106934,0.5,0.5,0.521538496017456,0.24813255667686462,,,,,0.08710358156730917,0.0,1625.0,0.0,65.0,0.0,ok,plugin,False,,1512.2927721300007,1578.8488960038744,1.6385401980545669,0.9190608700921304,1.198067120036518,,0.0,0.08710358156730917,0.9128964184326909,0.9128964184326909,False,,,,,,,entity13,2,DANN,PCA4,128.0,0.9129230380058289,0.9129230380058289,0.8615384697914124,0.8461538553237915,splits_entity13_DANN_2_0_b09dc755c62e.npz,b09dc755c62e,False,False,,,,,,,0.9128964184326909,all_pca,PCA4,IW overlap critic | W=2 | seed=0 (plug-in),True,
iw_overlap_critic,2.0,0.0,6500.0,260.0,1625.0,65.0,0.9027692307692308,0.0,1.0,4.1452813148498535,0.5,0.5,0.563076913356781,0.2393660843372345,1926.0,1.0,962.0,1.0,0.088794650581848,0.03076923076923077,1598.0,27.0,63.0,2.0,ok,plugin,False,,1316.7765237662077,1365.733168581151,1.9638584846719709,0.7799313539988761,1.4794251605176105,0.5,0.015384615384615385,0.10417926596646339,0.8958207340335366,0.8958207340335366,False,49.0,4.0,0.8189632296562195,0.18103675544261932,1.0,"[{'epoch': 0, 'best_score': 0.20304477214813232}, {'epoch': 1, 'best_score': 0.20598644018173218}, {'epoch': 2, 'best_score': 0.2121337652206421}, {'epoch': 3, 'best_score': 0.2274266481399536}, {'epoch': 4, 'best_score': 0.24246490001678467}, {'epoch': 5, 'best_score': 0.2609546184539795}, {'epoch': 6, 'best_score': 0.2840196490287781}, {'epoch': 7, 'best_score': 0.3312217593193054}, {'epoch': 8, 'best_score': 0.39606720209121704}, {'epoch': 9, 'best_score': 0.4329579472541809}, {'epoch': 10, 'best_score': 0.47968578338623047}, {'epoch': 11, 'best_score': 0.5153723955154419}, {'epoch': 12, 'best_score': 0.5502186417579651}, {'epoch': 13, 'best_score': 0.5782617330551147}, {'epoch': 14, 'best_score': 0.6086130142211914}, {'epoch': 15, 'best_score': 0.6391698122024536}, {'epoch': 16, 'best_score': 0.6538245677947998}, {'epoch': 17, 'best_score': 0.6699122190475464}, {'epoch': 18, 'best_score': 0.6821368932723999}, {'epoch': 19, 'best_score': 0.6962767839431763}, {'epoch': 20, 'best_score': 0.7078037261962891}, {'epoch': 21, 'best_score': 0.7113732099533081}, {'epoch': 22, 'best_score': 0.7222812175750732}, {'epoch': 23, 'best_score': 0.7253934144973755}, {'epoch': 24, 'best_score': 0.734411895275116}, {'epoch': 25, 'best_score': 0.7381224632263184}, {'epoch': 26, 'best_score': 0.7465347647666931}, {'epoch': 27, 'best_score': 0.752712607383728}, {'epoch': 28, 'best_score': 0.7569217681884766}, {'epoch': 29, 'best_score': 0.7575128674507141}, {'epoch': 30, 'best_score': 0.7637722492218018}, {'epoch': 31, 'best_score': 0.7677966356277466}, {'epoch': 32, 'best_score': 0.7702856659889221}, {'epoch': 33, 'best_score': 0.7728658318519592}, {'epoch': 34, 'best_score': 0.775784969329834}, {'epoch': 35, 'best_score': 0.7793677449226379}, {'epoch': 36, 'best_score': 0.7816367149353027}, {'epoch': 37, 'best_score': 0.7848449349403381}, {'epoch': 38, 'best_score': 0.7888922691345215}, {'epoch': 39, 'best_score': 0.7900273203849792}, {'epoch': 40, 'best_score': 0.793077290058136}, {'epoch': 41, 'best_score': 0.7991603016853333}, {'epoch': 42, 'best_score': 0.8030818104743958}, {'epoch': 43, 'best_score': 0.8040404915809631}, {'epoch': 44, 'best_score': 0.8052757382392883}, {'epoch': 45, 'best_score': 0.8077696561813354}, {'epoch': 46, 'best_score': 0.81096351146698}, {'epoch': 47, 'best_score': 0.8121367692947388}, {'epoch': 48, 'best_score': 0.816532552242279}, {'epoch': 49, 'best_score': 0.8189632296562195}]",entity13,3,DANN,PCA4,128.0,0.907076895236969,0.907076895236969,0.6653845906257629,0.5538461804389954,splits_entity13_DANN_3_0_b09dc755c62e.npz,b09dc755c62e,False,False,,,,,,,0.8958207340335366,all_pca,PCA4,IW overlap critic | W=2 | seed=0 (plug-in),True,
iw_overlap_critic,2.0,0.0,6500.0,33009.0,1625.0,8255.0,0.9132307692307693,0.0,1.0,1.1303458213806152,0.5,0.5,0.6026573181152344,0.23435693979263306,1831.0,1156.0,922.0,625.0,0.08278369475509977,0.1175045427013931,1526.0,99.0,7285.0,970.0,ok,plugin,False,,1416.3261257384934,1294.7207633285143,1.9975590861727899,0.887605710992115,1.6382287024649143,0.6701030927835051,0.07874015748031496,0.1615238522354147,0.8384761477645852,0.8384761477645852,False,49.0,4.0,0.2626419961452484,0.41895797848701477,0.6815999746322632,"[{'epoch': 0, 'best_score': 0.07313269376754761}, {'epoch': 1, 'best_score': 0.07436364889144897}, {'epoch': 2, 'best_score': 0.0810895562171936}, {'epoch': 3, 'best_score': 0.09965497255325317}, {'epoch': 4, 'best_score': 0.1146741509437561}, {'epoch': 5, 'best_score': 0.14032596349716187}, {'epoch': 6, 'best_score': 0.15356004238128662}, {'epoch': 7, 'best_score': 0.169153094291687}, {'epoch': 8, 'best_score': 0.16823863983154297}, {'epoch': 9, 'best_score': 0.16613370180130005}, {'epoch': 10, 'best_score': 0.18483459949493408}, {'epoch': 11, 'best_score': 0.19397753477096558}, {'epoch': 12, 'best_score': 0.20070528984069824}, {'epoch': 13, 'best_score': 0.1892881989479065}, {'epoch': 14, 'best_score': 0.20232123136520386}, {'epoch': 15, 'best_score': 0.20551711320877075}, {'epoch': 16, 'best_score': 0.20571142435073853}, {'epoch': 17, 'best_score': 0.20099788904190063}, {'epoch': 18, 'best_score': 0.2060641646385193}, {'epoch': 19, 'best_score': 0.1978122591972351}, {'epoch': 20, 'best_score': 0.20489132404327393}, {'epoch': 21, 'best_score': 0.21293753385543823}, {'epoch': 22, 'best_score': 0.22350871562957764}, {'epoch': 23, 'best_score': 0.2226298451423645}, {'epoch': 24, 'best_score': 0.21404966711997986}, {'epoch': 25, 'best_score': 0.2108304798603058}, {'epoch': 26, 'best_score': 0.20971238613128662}, {'epoch': 27, 'best_score': 0.20995593070983887}, {'epoch': 28, 'best_score': 0.21649131178855896}, {'epoch': 29, 'best_score': 0.22035685181617737}, {'epoch': 30, 'best_score': 0.22804272174835205}, {'epoch': 31, 'best_score': 0.22360524535179138}, {'epoch': 32, 'best_score': 0.2307957112789154}, {'epoch': 33, 'best_score': 0.2325407862663269}, {'epoch': 34, 'best_score': 0.22575515508651733}, {'epoch': 35, 'best_score': 0.22866293787956238}, {'epoch': 36, 'best_score': 0.22813212871551514}, {'epoch': 37, 'best_score': 0.22870534658432007}, {'epoch': 38, 'best_score': 0.23877108097076416}, {'epoch': 39, 'best_score': 0.24022510647773743}, {'epoch': 40, 'best_score': 0.24046877026557922}, {'epoch': 41, 'best_score': 0.2401180863380432}, {'epoch': 42, 'best_score': 0.24148991703987122}, {'epoch': 43, 'best_score': 0.24097535014152527}, {'epoch': 44, 'best_score': 0.2485899031162262}, {'epoch': 45, 'best_score': 0.24556192755699158}, {'epoch': 46, 'best_score': 0.24801099300384521}, {'epoch': 47, 'best_score': 0.25035712122917175}, {'epoch': 48, 'best_score': 0.2599511742591858}, {'epoch': 49, 'best_score': 0.2626419961452484}]",entity13,1,CDANN,PCA4,64.0,0.9096922874450684,0.9096922874450684,0.7354357838630676,0.7372501492500305,splits_entity13_CDANN_1_0_b09dc755c62e.npz,b09dc755c62e,False,False,,,,,,,0.8384761477645852,all_pca,PCA4,IW overlap critic | W=2 | seed=0 (plug-in),True,
iw_overlap_critic,2.0,0.0,6500.0,260.0,1625.0,65.0,0.9058461538461539,0.0,1.0,54.598148345947266,0.5,0.5,0.44692307710647583,0.25055742263793945,,,,,0.0935307655488139,0.0,1625.0,0.0,65.0,0.0,ok,plugin,False,,1603.3329562509134,1623.2413656073352,1.1207306672163084,0.9886244361284471,1.034930379411392,,0.0,0.0935307655488139,0.9064692344511861,0.9064692344511861,False,,,,,,,entity13,2,CDANN,PCA4,64.0,0.9081538319587708,0.9081538319587708,0.8423076868057251,0.8769230842590332,splits_entity13_CDANN_2_0_b09dc755c62e.npz,b09dc755c62e,False,False,,,,,,,0.9064692344511861,all_pca,PCA4,IW overlap critic | W=2 | seed=0 (plug-in),True,
iw_overlap_critic,2.0,0.0,6500.0,260.0,1625.0,65.0,0.9015384615384615,0.0,1.0,7.592172622680664,0.5,0.5,0.550000011920929,0.2468400001525879,,,,,0.09533018896705377,0.0,1624.0,1.0,65.0,0.0,ok,plugin,False,,1518.505456297572,1562.0115946082271,1.820828137141257,0.9298057479816695,1.2494189898286086,,0.0,0.09533018896705377,0.9046698110329462,0.9046698110329462,False,,,,,,,entity13,3,CDANN,PCA4,64.0,0.9061538577079773,0.9061538577079773,0.6653845906257629,0.5692307949066162,splits_entity13_CDANN_3_0_b09dc755c62e.npz,b09dc755c62e,False,False,,,,,,,0.9046698110329462,all_pca,PCA4,IW overlap critic | W=2 | seed=0 (plug-in),True,
iw_overlap_critic,2.0,0.0,6000.0,30828.0,1500.0,7709.0,0.8426666666666667,0.0,1.0,2.5768418312072754,0.5,0.5,0.5472680330276489,0.24780237674713135,1800.0,5.0,900.0,4.0,0.16283695417352698,0.0002594370216629913,1499.0,1.0,7707.0,2.0,ok,plugin,False,,1506.5146629971061,1451.5280906225594,1.6580635972583564,1.0040384154035735,1.3032668349373473,1.0,0.0002594370216629913,0.16309639119518995,0.8369036088048101,0.8369036088048101,False,10.0,29.0,0.3125593066215515,0.6874406933784485,1.0,"[{'epoch': 0, 'best_score': 0.0823136568069458}, {'epoch': 1, 'best_score': 0.10438156127929688}, {'epoch': 2, 'best_score': 0.12901896238327026}, {'epoch': 3, 'best_score': 0.15977764129638672}, {'epoch': 4, 'best_score': 0.18625962734222412}, {'epoch': 5, 'best_score': 0.16424089670181274}, {'epoch': 6, 'best_score': 0.17435109615325928}, {'epoch': 7, 'best_score': 0.21893566846847534}, {'epoch': 8, 'best_score': 0.2624208927154541}, {'epoch': 9, 'best_score': 0.3051709532737732}, {'epoch': 10, 'best_score': 0.3125593066215515}, {'epoch': 11, 'best_score': 0.14892011880874634}, {'epoch': 12, 'best_score': 0.11382830142974854}, {'epoch': 13, 'best_score': 0.15622764825820923}, {'epoch': 14, 'best_score': 0.18321478366851807}, {'epoch': 15, 'best_score': 0.0361407995223999}, {'epoch': 16, 'best_score': 0.05248749256134033}, {'epoch': 17, 'best_score': 0.0692807137966156}, {'epoch': 18, 'best_score': 0.09578031301498413}, {'epoch': 19, 'best_score': 0.1158120334148407}, {'epoch': 20, 'best_score': 0.13348379731178284}, {'epoch': 21, 'best_score': 0.15856853127479553}, {'epoch': 22, 'best_score': 0.17030960321426392}, {'epoch': 23, 'best_score': 0.1819690763950348}, {'epoch': 24, 'best_score': 0.1904989778995514}, {'epoch': 25, 'best_score': -0.05526167154312134}, {'epoch': 26, 'best_score': -0.04050549864768982}, {'epoch': 27, 'best_score': -0.032170504331588745}, {'epoch': 28, 'best_score': -0.025957614183425903}, {'epoch': 29, 'best_score': -0.017418652772903442}, {'epoch': 30, 'best_score': -0.0008638501167297363}, {'epoch': 31, 'best_score': 0.006557732820510864}, {'epoch': 32, 'best_score': 0.009896114468574524}, {'epoch': 33, 'best_score': 0.012276723980903625}, {'epoch': 34, 'best_score': 0.0146150141954422}, {'epoch': 35, 'best_score': 0.019670546054840088}, {'epoch': 36, 'best_score': 0.019031807780265808}, {'epoch': 37, 'best_score': 0.019872188568115234}, {'epoch': 38, 'best_score': 0.021899491548538208}, {'epoch': 39, 'best_score': 0.025225281715393066}, {'epoch': 40, 'best_score': 0.025258362293243408}, {'epoch': 41, 'best_score': 0.02766217291355133}, {'epoch': 42, 'best_score': 0.03095337748527527}, {'epoch': 43, 'best_score': 0.036198049783706665}, {'epoch': 44, 'best_score': 0.034880876541137695}, {'epoch': 45, 'best_score': 0.038674622774124146}, {'epoch': 46, 'best_score': 0.04095734655857086}, {'epoch': 47, 'best_score': 0.03926800191402435}, {'epoch': 48, 'best_score': 0.04057013988494873}, {'epoch': 49, 'best_score': 0.04009048640727997}]",entity30,1,DANN,PCA4,128.0,0.8550000190734863,0.8550000190734863,0.6190800070762634,0.6236866116523743,splits_entity30_DANN_1_0_b09dc755c62e.npz,b09dc755c62e,False,False,,,,,,,0.8369036088048101,all_pca,PCA4,IW overlap critic | W=2 | seed=0 (plug-in),True,
iw_overlap_critic,2.0,0.0,6000.0,240.0,1500.0,60.0,0.8606666666666667,0.0,1.0,5.792827129364014,0.5,0.5,0.5858333110809326,0.24407319724559784,,,,,0.13107938890176252,0.0,1499.0,1.0,60.0,0.0,ok,plugin,False,,1347.0976242810852,1375.8034506123922,1.991870788339273,0.8764772129024209,1.3802738816953133,,0.0,0.13107938890176252,0.8689206110982375,0.8689206110982375,False,,,,,,,entity30,2,DANN,PCA4,128.0,0.8646666407585144,0.8646666407585144,0.7875000238418579,0.7500000596046448,splits_entity30_DANN_2_0_b09dc755c62e.npz,b09dc755c62e,False,False,,,,,,,0.8689206110982375,all_pca,PCA4,IW overlap critic | W=2 | seed=0 (plug-in),True,
iw_overlap_critic,2.0,0.0,6000.0,240.0,1500.0,60.0,0.8553333333333333,0.0,1.0,54.598148345947266,0.5,0.5,0.5049999952316284,0.2502002716064453,,,,,0.14263901143673782,0.0,1500.0,0.0,60.0,0.0,ok,plugin,False,,1470.794802029276,1498.3602791884798,1.103190418739773,0.9824689905200075,1.0287225123794683,,0.0,0.14263901143673782,0.8573609885632621,0.8573609885632621,False,,,,,,,entity30,3,DANN,PCA4,128.0,0.8636666536331177,0.8636666536331177,0.5708333849906921,0.6666666865348816,splits_entity30_DANN_3_0_b09dc755c62e.npz,b09dc755c62e,False,False,,,,,,,0.8573609885632621,all_pca,PCA4,IW overlap critic | W=2 | seed=0 (plug-in),True,
iw_overlap_critic,2.0,0.0,6000.0,30828.0,1500.0,7709.0,0.856,0.0,1.0,1.5256072282791138,0.5,0.5,0.5576812028884888,0.24482552707195282,1793.0,117.0,895.0,61.0,0.1514163162643977,0.012452977039823582,1488.0,12.0,7613.0,96.0,ok,plugin,False,,1488.9931713338187,1378.7379034345975,1.9744816179220759,0.9768564814055745,1.4843336680706625,0.8541666666666666,0.010636917888182643,0.16205323415258033,0.8379467658474197,0.8379467658474197,False,49.0,7.0,0.45134487748146057,0.38472071290016174,0.8360655903816223,"[{'epoch': 0, 'best_score': 0.08110648393630981}, {'epoch': 1, 'best_score': 0.09351569414138794}, {'epoch': 2, 'best_score': 0.10172301530838013}, {'epoch': 3, 'best_score': 0.1140671968460083}, {'epoch': 4, 'best_score': 0.11249339580535889}, {'epoch': 5, 'best_score': 0.10363882780075073}, {'epoch': 6, 'best_score': 0.11927735805511475}, {'epoch': 7, 'best_score': 0.1338202953338623}, {'epoch': 8, 'best_score': 0.1472732424736023}, {'epoch': 9, 'best_score': 0.17087292671203613}, {'epoch': 10, 'best_score': 0.18353122472763062}, {'epoch': 11, 'best_score': 0.20162725448608398}, {'epoch': 12, 'best_score': 0.22634273767471313}, {'epoch': 13, 'best_score': 0.24768191576004028}, {'epoch': 14, 'best_score': 0.27060002088546753}, {'epoch': 15, 'best_score': 0.2897341251373291}, {'epoch': 16, 'best_score': 0.31649249792099}, {'epoch': 17, 'best_score': 0.32700639963150024}, {'epoch': 18, 'best_score': 0.32735776901245117}, {'epoch': 19, 'best_score': 0.3414517641067505}, {'epoch': 20, 'best_score': 0.35599154233932495}, {'epoch': 21, 'best_score': 0.373022198677063}, {'epoch': 22, 'best_score': 0.3789157271385193}, {'epoch': 23, 'best_score': 0.3889782726764679}, {'epoch': 24, 'best_score': 0.383725106716156}, {'epoch': 25, 'best_score': 0.3887675404548645}, {'epoch': 26, 'best_score': 0.39912980794906616}, {'epoch': 27, 'best_score': 0.40416473150253296}, {'epoch': 28, 'best_score': 0.41496339440345764}, {'epoch': 29, 'best_score': 0.40636709332466125}, {'epoch': 30, 'best_score': 0.4103148877620697}, {'epoch': 31, 'best_score': 0.4173702895641327}, {'epoch': 32, 'best_score': 0.4252625107765198}, {'epoch': 33, 'best_score': 0.42877015471458435}, {'epoch': 34, 'best_score': 0.4297739565372467}, {'epoch': 35, 'best_score': 0.4340401589870453}, {'epoch': 36, 'best_score': 0.4352412819862366}, {'epoch': 37, 'best_score': 0.43819645047187805}, {'epoch': 38, 'best_score': 0.4427085816860199}, {'epoch': 39, 'best_score': 0.44139087200164795}, {'epoch': 40, 'best_score': 0.4440956115722656}, {'epoch': 41, 'best_score': 0.4440956115722656}, {'epoch': 42, 'best_score': 0.44483140110969543}, {'epoch': 43, 'best_score': 0.44718751311302185}, {'epoch': 44, 'best_score': 0.4489855468273163}, {'epoch': 45, 'best_score': 0.45062321424484253}, {'epoch': 46, 'best_score': 0.4344453513622284}, {'epoch': 47, 'best_score': 0.4370158910751343}, {'epoch': 48, 'best_score': 0.44999751448631287}, {'epoch': 49, 'best_score': 0.45134487748146057}]",entity30,1,CDANN,PCA4,64.0,0.8611666560173035,0.8611666560173035,0.627903163433075,0.6345829367637634,splits_entity30_CDANN_1_0_b09dc755c62e.npz,b09dc755c62e,False,False,,,,,,,0.8379467658474197,all_pca,PCA4,IW overlap critic | W=2 | seed=0 (plug-in),True,
iw_overlap_critic,2.0,0.0,6000.0,240.0,1500.0,60.0,0.862,0.0,1.0,4.228675842285156,0.5,0.5,0.5316666960716248,0.2422451376914978,1789.0,0.0,889.0,0.0,0.1297600192827793,0.016666666666666666,1495.0,5.0,59.0,1.0,unsupported_critic_region,plugin,False,,1327.2720296017178,1343.6235040503752,1.9671689864305644,0.8537780721684797,1.4252980468702614,,,,,,,,,,,,,entity30,2,CDANN,PCA4,64.0,0.8646666407585144,0.8646666407585144,0.8125000596046448,0.7500000596046448,splits_entity30_CDANN_2_0_b09dc755c62e.npz,b09dc755c62e,,,,,,,,,,all_pca,PCA4,IW overlap critic | W=2 | seed=0 (plug-in),False,
iw_overlap_critic,2.0,0.0,6000.0,240.0,1500.0,60.0,0.8453333333333333,0.0,1.0,54.598148345947266,0.5,0.5,0.46166667342185974,0.25005197525024414,,,,,0.15311494243053772,0.0,1500.0,0.0,60.0,0.0,ok,plugin,False,,1485.6390904260122,1499.222355763839,1.0799382429055908,0.9902200306146148,1.0272781062536867,,0.0,0.15311494243053772,0.8468850575694623,0.8468850575694623,False,,,,,,,entity30,3,CDANN,PCA4,64.0,0.8573333024978638,0.8573333024978638,0.5625,0.6166666746139526,splits_entity30_CDANN_3_0_b09dc755c62e.npz,b09dc755c62e,False,False,,,,,,,0.8468850575694623,all_pca,PCA4,IW overlap critic | W=2 | seed=0 (plug-in),True,
iw_overlap_critic,2.0,0.0,10000.0,2000.0,2500.0,500.0,0.9452,0.0,1.0,3.6919703483581543,0.5,0.5,0.5399999618530273,0.24556273221969604,2989.0,2.0,1496.0,4.0,0.05731851316594499,0.006,2493.0,7.0,497.0,3.0,ok,plugin,False,,2365.3589211844433,2340.7262828214375,1.994651923153134,0.9177705144621525,1.4074848465012346,1.0,0.006,0.06331851316594499,0.936681486834055,0.936681486834055,False,28.0,7.0,0.795051097869873,0.20494887232780457,1.0,"[{'epoch': 0, 'best_score': 0.20799511671066284}, {'epoch': 1, 'best_score': 0.2343577742576599}, {'epoch': 2, 'best_score': 0.2627341151237488}, {'epoch': 3, 'best_score': 0.2887839078903198}, {'epoch': 4, 'best_score': 0.31002140045166016}, {'epoch': 5, 'best_score': 0.3288065791130066}, {'epoch': 6, 'best_score': 0.35754841566085815}, {'epoch': 7, 'best_score': 0.38903898000717163}, {'epoch': 8, 'best_score': 0.4303644299507141}, {'epoch': 9, 'best_score': 0.4708356261253357}, {'epoch': 10, 'best_score': 0.5159897804260254}, {'epoch': 11, 'best_score': 0.5619481801986694}, {'epoch': 12, 'best_score': 0.5448837280273438}, {'epoch': 13, 'best_score': 0.5700671076774597}, {'epoch': 14, 'best_score': 0.5904281735420227}, {'epoch': 15, 'best_score': 0.6098417639732361}, {'epoch': 16, 'best_score': 0.6283183097839355}, {'epoch': 17, 'best_score': 0.6490814685821533}, {'epoch': 18, 'best_score': 0.6702361106872559}, {'epoch': 19, 'best_score': 0.6873388290405273}, {'epoch': 20, 'best_score': 0.7047683596611023}, {'epoch': 21, 'best_score': 0.7233424782752991}, {'epoch': 22, 'best_score': 0.7361883521080017}, {'epoch': 23, 'best_score': 0.7471135854721069}, {'epoch': 24, 'best_score': 0.7413005828857422}, {'epoch': 25, 'best_score': 0.7553954124450684}, {'epoch': 26, 'best_score': 0.7665377259254456}, {'epoch': 27, 'best_score': 0.7812544703483582}, {'epoch': 28, 'best_score': 0.795051097869873}, {'epoch': 29, 'best_score': 0.7929818630218506}, {'epoch': 30, 'best_score': 0.7781857252120972}, {'epoch': 31, 'best_score': 0.5737928152084351}, {'epoch': 32, 'best_score': 0.5781799554824829}, {'epoch': 33, 'best_score': 0.5876078605651855}, {'epoch': 34, 'best_score': 0.5946721434593201}, {'epoch': 35, 'best_score': 0.5958250761032104}, {'epoch': 36, 'best_score': 0.6021077036857605}, {'epoch': 37, 'best_score': 0.6089404821395874}, {'epoch': 38, 'best_score': 0.6119636297225952}, {'epoch': 39, 'best_score': 0.6162221431732178}, {'epoch': 40, 'best_score': 0.38843607902526855}, {'epoch': 41, 'best_score': 0.39220136404037476}, {'epoch': 42, 'best_score': 0.39499586820602417}, {'epoch': 43, 'best_score': 0.397291362285614}, {'epoch': 44, 'best_score': 0.4011143445968628}, {'epoch': 45, 'best_score': 0.404679536819458}, {'epoch': 46, 'best_score': 0.4057665467262268}, {'epoch': 47, 'best_score': 0.4048439562320709}, {'epoch': 48, 'best_score': 0.4067530035972595}, {'epoch': 49, 'best_score': 0.40878283977508545}]",cifar10,1,DANN,PCA4,128.0,0.9508999586105347,0.9508999586105347,0.8440000414848328,0.8360000252723694,splits_cifar10_DANN_1_0_b09dc755c62e.npz,b09dc755c62e,False,False,,,,,,,0.936681486834055,all_pca,PCA4,IW overlap critic | W=2 | seed=0 (plug-in),True,
iw_overlap_critic,2.0,0.0,10000.0,2000.0,2500.0,500.0,0.946,0.0,1.0,2.9727556705474854,0.5,0.5,0.5435000061988831,0.24618808925151825,2997.0,1.0,1495.0,0.0,0.054129827892885125,0.004,2498.0,2.0,498.0,2.0,unsupported_critic_region,plugin,False,,2441.9647569604654,2362.7452559313215,1.9828153790308396,0.9536109973132383,1.4126293449228353,,,,,,,,,,,,,cifar10,10,DANN,PCA4,128.0,0.9477999806404114,0.9477999806404114,0.924500048160553,0.9120000600814819,splits_cifar10_DANN_10_0_b09dc755c62e.npz,b09dc755c62e,,,,,,,,,,all_pca,PCA4,IW overlap critic | W=2 | seed=0 (plug-in),False,
iw_overlap_critic,2.0,0.0,10000.0,2000.0,2500.0,500.0,0.9452,0.0,1.0,4.785521984100342,0.5,0.5,0.5160000324249268,0.24889662861824036,,,,,0.05620003526822459,0.0,2500.0,0.0,500.0,0.0,ok,plugin,False,,2474.809970807064,2455.6244276906846,1.5913370338476367,0.9787605154311271,1.2211695139425929,,0.0,0.05620003526822459,0.9437999647317754,0.9437999647317754,False,,,,,,,cifar10,71,DANN,PCA4,128.0,0.9487999677658081,0.9487999677658081,0.9305000305175781,0.9180000424385071,splits_cifar10_DANN_71_0_b09dc755c62e.npz,b09dc755c62e,False,False,,,,,,,0.9437999647317754,all_pca,PCA4,IW overlap critic | W=2 | seed=0 (plug-in),True,
iw_overlap_critic,2.0,0.0,10000.0,2000.0,2500.0,500.0,0.9528,0.0,1.0,8.586631774902344,0.5,0.5,0.5180000066757202,0.2495347261428833,,,,,0.0470950828405197,0.0,2500.0,0.0,500.0,0.0,ok,plugin,False,,2449.118455590562,2482.5320029434347,1.3919254901362552,0.9768078323830696,1.120066220949813,,0.0,0.0470950828405197,0.9529049171594803,0.9529049171594803,False,,,,,,,cifar10,95,DANN,PCA4,128.0,0.9515999555587769,0.9515999555587769,0.9390000700950623,0.9360000491142273,splits_cifar10_DANN_95_0_b09dc755c62e.npz,b09dc755c62e,False,False,,,,,,,0.9529049171594803,all_pca,PCA4,IW overlap critic | W=2 | seed=0 (plug-in),True,
iw_overlap_critic,2.0,0.0,10000.0,2000.0,2500.0,500.0,0.9476,0.0,1.0,5.696135520935059,0.5,0.5,0.5160000324249268,0.24923470616340637,,,,,0.055218524351857125,0.0,2500.0,0.0,500.0,0.0,ok,plugin,False,,2465.3249571635183,2470.168492965498,1.5390561902593105,0.9732701387795217,1.1831484335536222,,0.0,0.055218524351857125,0.9447814756481429,0.9447814756481429,False,,,,,,,cifar10,1,CDANN,PCA4,64.0,0.949999988079071,0.949999988079071,0.846500039100647,0.8440000414848328,splits_cifar10_CDANN_1_0_b09dc755c62e.npz,b09dc755c62e,False,False,,,,,,,0.9447814756481429,all_pca,PCA4,IW overlap critic | W=2 | seed=0 (plug-in),True,
iw_overlap_critic,2.0,0.0,10000.0,2000.0,2500.0,500.0,0.9468,0.0,1.0,1.7980390787124634,0.5,0.5,0.5540000200271606,0.24393200874328613,2954.0,14.0,1477.0,7.0,0.04988111904949094,0.03,2465.0,35.0,485.0,15.0,ok,plugin,False,,2376.7491248967626,2249.829305291494,1.9975935642795852,0.916168785008997,1.5564759543430733,0.6666666666666666,0.019999999999999997,0.06988111904949093,0.9301188809505091,0.9301188809505091,False,33.0,26.0,0.5527036190032959,0.3044392168521881,0.8571428656578064,"[{'epoch': 0, 'best_score': 0.368643581867218}, {'epoch': 1, 'best_score': 0.3783779740333557}, {'epoch': 2, 'best_score': 0.24702435731887817}, {'epoch': 3, 'best_score': 0.27273738384246826}, {'epoch': 4, 'best_score': 0.2929602861404419}, {'epoch': 5, 'best_score': 0.31113332509994507}, {'epoch': 6, 'best_score': 0.32805031538009644}, {'epoch': 7, 'best_score': 0.33988505601882935}, {'epoch': 8, 'best_score': 0.3605377972126007}, {'epoch': 9, 'best_score': 0.3734305799007416}, {'epoch': 10, 'best_score': 0.34300899505615234}, {'epoch': 11, 'best_score': 0.3618053197860718}, {'epoch': 12, 'best_score': 0.3199429512023926}, {'epoch': 13, 'best_score': 0.3604094386100769}, {'epoch': 14, 'best_score': 0.40530627965927124}, {'epoch': 15, 'best_score': 0.3410349488258362}, {'epoch': 16, 'best_score': 0.35822170972824097}, {'epoch': 17, 'best_score': 0.3697602152824402}, {'epoch': 18, 'best_score': 0.3941774368286133}, {'epoch': 19, 'best_score': 0.3757902681827545}, {'epoch': 20, 'best_score': 0.41284650564193726}, {'epoch': 21, 'best_score': 0.43677818775177}, {'epoch': 22, 'best_score': 0.4531410038471222}, {'epoch': 23, 'best_score': 0.4685775637626648}, {'epoch': 24, 'best_score': 0.48966261744499207}, {'epoch': 25, 'best_score': 0.5126802921295166}, {'epoch': 26, 'best_score': 0.5275969505310059}, {'epoch': 27, 'best_score': 0.5370082259178162}, {'epoch': 28, 'best_score': 0.5513526797294617}, {'epoch': 29, 'best_score': 0.4885101616382599}, {'epoch': 30, 'best_score': 0.5070005655288696}, {'epoch': 31, 'best_score': 0.520056962966919}, {'epoch': 32, 'best_score': 0.44127708673477173}, {'epoch': 33, 'best_score': 0.5527036190032959}, {'epoch': 34, 'best_score': 0.4557223320007324}, {'epoch': 35, 'best_score': 0.466607928276062}, {'epoch': 36, 'best_score': 0.47453761100769043}, {'epoch': 37, 'best_score': 0.4797579050064087}, {'epoch': 38, 'best_score': 0.48382917046546936}, {'epoch': 39, 'best_score': 0.49014806747436523}, {'epoch': 40, 'best_score': 0.4895560145378113}, {'epoch': 41, 'best_score': 0.49507832527160645}, {'epoch': 42, 'best_score': 0.47366607189178467}, {'epoch': 43, 'best_score': 0.4761825203895569}, {'epoch': 44, 'best_score': 0.4812503457069397}, {'epoch': 45, 'best_score': 0.4852292239665985}, {'epoch': 46, 'best_score': 0.488815575838089}, {'epoch': 47, 'best_score': 0.49487632513046265}, {'epoch': 48, 'best_score': 0.49975866079330444}, {'epoch': 49, 'best_score': 0.5015341639518738}]",cifar10,10,CDANN,PCA4,64.0,0.948699951171875,0.948699951171875,0.9160000681877136,0.9120000600814819,splits_cifar10_CDANN_10_0_b09dc755c62e.npz,b09dc755c62e,False,False,,,,,,,0.9301188809505091,all_pca,PCA4,IW overlap critic | W=2 | seed=0 (plug-in),True,
iw_overlap_critic,2.0,0.0,10000.0,2000.0,2500.0,500.0,0.9492,0.0,1.0,2.0960352420806885,0.5,0.5,0.5515000224113464,0.24569372832775116,2982.0,3.0,1496.0,2.0,0.05269690934851566,0.01,2493.0,7.0,495.0,5.0,ok,plugin,False,,2445.1746221189323,2323.8896705287793,1.9467933836149502,0.9389991612510491,1.4742295744957998,0.4,0.004,0.056696909348515664,0.9433030906514843,0.9433030906514843,False,33.0,7.0,0.751828670501709,0.24817129969596863,1.0,"[{'epoch': 0, 'best_score': 0.19284915924072266}, {'epoch': 1, 'best_score': 0.22605693340301514}, {'epoch': 2, 'best_score': 0.2527928948402405}, {'epoch': 3, 'best_score': 0.29557180404663086}, {'epoch': 4, 'best_score': 0.31890785694122314}, {'epoch': 5, 'best_score': 0.3330227732658386}, {'epoch': 6, 'best_score': 0.35291898250579834}, {'epoch': 7, 'best_score': 0.3702150583267212}, {'epoch': 8, 'best_score': 0.3830029368400574}, {'epoch': 9, 'best_score': 0.39347678422927856}, {'epoch': 10, 'best_score': 0.400884211063385}, {'epoch': 11, 'best_score': 0.4181300401687622}, {'epoch': 12, 'best_score': 0.45169591903686523}, {'epoch': 13, 'best_score': 0.478909969329834}, {'epoch': 14, 'best_score': 0.5024828910827637}, {'epoch': 15, 'best_score': 0.5298764705657959}, {'epoch': 16, 'best_score': 0.5354934930801392}, {'epoch': 17, 'best_score': 0.564145028591156}, {'epoch': 18, 'best_score': 0.5809317827224731}, {'epoch': 19, 'best_score': 0.599958598613739}, {'epoch': 20, 'best_score': 0.6161815524101257}, {'epoch': 21, 'best_score': 0.6381851434707642}, {'epoch': 22, 'best_score': 0.6530569791793823}, {'epoch': 23, 'best_score': 0.659982442855835}, {'epoch': 24, 'best_score': 0.6664261817932129}, {'epoch': 25, 'best_score': 0.6779438853263855}, {'epoch': 26, 'best_score': 0.6814473867416382}, {'epoch': 27, 'best_score': 0.6877520084381104}, {'epoch': 28, 'best_score': 0.6936677694320679}, {'epoch': 29, 'best_score': 0.6979172229766846}, {'epoch': 30, 'best_score': 0.7060058116912842}, {'epoch': 31, 'best_score': 0.7258554697036743}, {'epoch': 32, 'best_score': 0.7386584281921387}, {'epoch': 33, 'best_score': 0.751828670501709}, {'epoch': 34, 'best_score': 0.7203018069267273}, {'epoch': 35, 'best_score': 0.7251178622245789}, {'epoch': 36, 'best_score': 0.34544137120246887}, {'epoch': 37, 'best_score': 0.3497733473777771}, {'epoch': 38, 'best_score': 0.35640859603881836}, {'epoch': 39, 'best_score': 0.3619825839996338}, {'epoch': 40, 'best_score': 0.36900871992111206}, {'epoch': 41, 'best_score': 0.37028011679649353}, {'epoch': 42, 'best_score': 0.374747097492218}, {'epoch': 43, 'best_score': 0.3797316253185272}, {'epoch': 44, 'best_score': 0.382594496011734}, {'epoch': 45, 'best_score': 0.3876490294933319}, {'epoch': 46, 'best_score': 0.3909023404121399}, {'epoch': 47, 'best_score': 0.3924229145050049}, {'epoch': 48, 'best_score': 0.393261581659317}, {'epoch': 49, 'best_score': 0.3943575620651245}]",cifar10,71,CDANN,PCA4,64.0,0.9511999487876892,0.9511999487876892,0.9280000329017639,0.9040000438690186,splits_cifar10_CDANN_71_0_b09dc755c62e.npz,b09dc755c62e,False,False,,,,,,,0.9433030906514843,all_pca,PCA4,IW overlap critic | W=2 | seed=0 (plug-in),True,
iw_overlap_critic,2.0,0.0,10000.0,2000.0,2500.0,500.0,0.9516,0.0,1.0,4.247978687286377,0.5,0.5,0.5450000166893005,0.24873554706573486,,,,,0.04895884023435439,0.0,2500.0,0.0,500.0,0.0,ok,plugin,False,,2446.551345379911,2449.0886811833393,1.6675363157788425,0.9660458575513684,1.2279845092129587,,0.0,0.04895884023435439,0.9510411597656456,0.9510411597656456,False,,,,,,,cifar10,95,CDANN,PCA4,64.0,0.9526000022888184,0.9526000022888184,0.9355000257492065,0.9260000586509705,splits_cifar10_CDANN_95_0_b09dc755c62e.npz,b09dc755c62e,False,False,,,,,,,0.9510411597656456,all_pca,PCA4,IW overlap critic | W=2 | seed=0 (plug-in),True,
iw_overlap_critic,2.0,0.0,10000.0,2000.0,2500.0,500.0,0.758,0.0,1.0,7.737485885620117,0.5,0.5,0.5250000357627869,0.249436616897583,,,,,0.23946599779652641,0.0,2500.0,0.0,500.0,0.0,ok,plugin,False,,2464.880744734437,2479.435556072986,1.4671656148300385,0.9841317042805009,1.1351282625426082,,0.0,0.23946599779652641,0.7605340022034736,0.7605340022034736,False,,,,,,,cifar100,4,DANN,PCA4,128.0,0.7841999530792236,0.7841999530792236,0.7440000176429749,0.7760000228881836,splits_cifar100_DANN_4_0_b09dc755c62e.npz,b09dc755c62e,False,True,,,,,,,0.7605340022034736,all_pca,PCA4,IW overlap critic | W=2 | seed=0 (plug-in),True,
iw_overlap_critic,2.0,0.0,10000.0,2000.0,2500.0,500.0,0.76,0.0,1.0,5.718564510345459,0.5,0.5,0.5400000214576721,0.24903374910354614,,,,,0.23658629698136338,0.0,2500.0,0.0,500.0,0.0,ok,plugin,False,,2452.653553706149,2462.1596883904704,1.4682526345320734,0.9766310350035159,1.1870282985223886,,0.0,0.23658629698136338,0.7634137030186366,0.7634137030186366,False,,,,,,,cifar100,12,DANN,PCA4,128.0,0.7831999659538269,0.7831999659538269,0.7545000314712524,0.7860000133514404,splits_cifar100_DANN_12_0_b09dc755c62e.npz,b09dc755c62e,False,True,,,,,,,0.7634137030186366,all_pca,PCA4,IW overlap critic | W=2 | seed=0 (plug-in),True,
iw_overlap_critic,2.0,0.0,10000.0,2000.0,2500.0,500.0,0.7596,0.0,1.0,3.5734775066375732,0.5,0.5,0.5450000166893005,0.2469853311777115,2996.0,0.0,1498.0,0.0,0.23376314758413683,0.002,2498.0,2.0,499.0,1.0,unsupported_critic_region,plugin,False,,2437.96027163038,2393.3010434789676,1.8498642603212647,0.9517741097463884,1.351618312406654,,,,,,,,,,,,,cifar100,59,DANN,PCA4,128.0,0.7841999530792236,0.7841999530792236,0.7585000395774841,0.7720000147819519,splits_cifar100_DANN_59_0_b09dc755c62e.npz,b09dc755c62e,,,,,,,,,,all_pca,PCA4,IW overlap critic | W=2 | seed=0 (plug-in),False,
iw_overlap_critic,2.0,0.0,10000.0,2000.0,2500.0,500.0,0.764,0.0,1.0,54.598148345947266,0.5,0.5,0.5119999647140503,0.24999195337295532,,,,,0.23545680889738654,0.0,2500.0,0.0,500.0,0.0,ok,plugin,False,,2493.7867232678345,2499.5553286169966,1.0432959874265253,0.9977921454392591,1.0191033543402206,,0.0,0.23545680889738654,0.7645431911026135,0.7645431911026135,False,,,,,,,cifar100,82,DANN,PCA4,128.0,0.7861999869346619,0.7861999869346619,0.7695000171661377,0.7700000405311584,splits_cifar100_DANN_82_0_b09dc755c62e.npz,b09dc755c62e,True,True,,,,,,,0.7645431911026135,all_pca,PCA4,IW overlap critic | W=2 | seed=0 (plug-in),True,
iw_overlap_critic,2.0,0.0,10000.0,2000.0,2500.0,500.0,0.762,0.0,1.0,11.679096221923828,0.5,0.5,0.5055000185966492,0.24981114268302917,,,,,0.23607248192452257,0.0,2500.0,0.0,500.0,0.0,ok,plugin,False,,2481.028858211621,2492.480900602128,1.2467859384985833,0.9921465731511331,1.0802587129619887,,0.0,0.23607248192452257,0.7639275180754774,0.7639275180754774,False,,,,,,,cifar100,4,CDANN,PCA4,64.0,0.7849999666213989,0.7849999666213989,0.7275000214576721,0.7480000257492065,splits_cifar100_CDANN_4_0_b09dc755c62e.npz,b09dc755c62e,False,False,,,,,,,0.7639275180754774,all_pca,PCA4,IW overlap critic | W=2 | seed=0 (plug-in),True,
iw_overlap_critic,2.0,0.0,10000.0,2000.0,2500.0,500.0,0.766,0.0,1.0,2.468550682067871,0.5,0.5,0.5440000295639038,0.2464257925748825,2993.0,0.0,1498.0,2.0,0.22863036910248274,0.004,2496.0,4.0,498.0,2.0,unsupported_critic_region,plugin,False,,2454.1074954599253,2352.2502917628217,1.9708359356553948,0.9624928926250563,1.4174880293630243,,,,,,,,,,,,,cifar100,12,CDANN,PCA4,64.0,0.7858999967575073,0.7858999967575073,0.7480000257492065,0.7680000066757202,splits_cifar100_CDANN_12_0_b09dc755c62e.npz,b09dc755c62e,,,,,,,,,,all_pca,PCA4,IW overlap critic | W=2 | seed=0 (plug-in),False,
iw_overlap_critic,2.0,0.0,10000.0,2000.0,2500.0,500.0,0.7664,0.0,1.0,2.484496593475342,0.5,0.5,0.5540000200271606,0.24601751565933228,2985.0,1.0,1496.0,2.0,0.22542353550778735,0.006,2493.0,7.0,497.0,3.0,ok,plugin,False,,2435.021967047808,2343.3403458967446,1.986646034116815,0.9544544727971671,1.4310062429567323,0.3333333333333333,0.002,0.22742353550778735,0.7725764644922126,0.7725764644922126,False,49.0,5.0,0.7800089120864868,0.21999108791351318,1.0,"[{'epoch': 0, 'best_score': 0.030070245265960693}, {'epoch': 1, 'best_score': 0.03611195087432861}, {'epoch': 2, 'best_score': 0.05169570446014404}, {'epoch': 3, 'best_score': 0.06769704818725586}, {'epoch': 4, 'best_score': 0.08564114570617676}, {'epoch': 5, 'best_score': 0.109463632106781}, {'epoch': 6, 'best_score': 0.1494031548500061}, {'epoch': 7, 'best_score': 0.19110697507858276}, {'epoch': 8, 'best_score': 0.22520661354064941}, {'epoch': 9, 'best_score': 0.2575637102127075}, {'epoch': 10, 'best_score': 0.28405827283859253}, {'epoch': 11, 'best_score': 0.30121660232543945}, {'epoch': 12, 'best_score': 0.33193153142929077}, {'epoch': 13, 'best_score': 0.358614981174469}, {'epoch': 14, 'best_score': 0.38896578550338745}, {'epoch': 15, 'best_score': 0.41824889183044434}, {'epoch': 16, 'best_score': 0.4517011046409607}, {'epoch': 17, 'best_score': 0.4760395288467407}, {'epoch': 18, 'best_score': 0.5068461298942566}, {'epoch': 19, 'best_score': 0.5319766998291016}, {'epoch': 20, 'best_score': 0.5298869609832764}, {'epoch': 21, 'best_score': 0.5502641797065735}, {'epoch': 22, 'best_score': 0.5683614015579224}, {'epoch': 23, 'best_score': 0.589600682258606}, {'epoch': 24, 'best_score': 0.6034233570098877}, {'epoch': 25, 'best_score': 0.6178885698318481}, {'epoch': 26, 'best_score': 0.6340477466583252}, {'epoch': 27, 'best_score': 0.6465654373168945}, {'epoch': 28, 'best_score': 0.6582331657409668}, {'epoch': 29, 'best_score': 0.6878557205200195}, {'epoch': 30, 'best_score': 0.6955815553665161}, {'epoch': 31, 'best_score': 0.7020187377929688}, {'epoch': 32, 'best_score': 0.7077676057815552}, {'epoch': 33, 'best_score': 0.7153455018997192}, {'epoch': 34, 'best_score': 0.7235397100448608}, {'epoch': 35, 'best_score': 0.7316383123397827}, {'epoch': 36, 'best_score': 0.736976146697998}, {'epoch': 37, 'best_score': 0.7430938482284546}, {'epoch': 38, 'best_score': 0.7518745064735413}, {'epoch': 39, 'best_score': 0.7547858357429504}, {'epoch': 40, 'best_score': 0.7563096880912781}, {'epoch': 41, 'best_score': 0.7590436935424805}, {'epoch': 42, 'best_score': 0.7648345232009888}, {'epoch': 43, 'best_score': 0.7678411602973938}, {'epoch': 44, 'best_score': 0.7722804546356201}, {'epoch': 45, 'best_score': 0.7731509208679199}, {'epoch': 46, 'best_score': 0.7776941061019897}, {'epoch': 47, 'best_score': 0.7780376672744751}, {'epoch': 48, 'best_score': 0.7796164751052856}, {'epoch': 49, 'best_score': 0.7800089120864868}]",cifar100,59,CDANN,PCA4,64.0,0.7870000004768372,0.7870000004768372,0.7580000162124634,0.7920000553131104,splits_cifar100_CDANN_59_0_b09dc755c62e.npz,b09dc755c62e,False,True,,,,,,,0.7725764644922126,all_pca,PCA4,IW overlap critic | W=2 | seed=0 (plug-in),True,
iw_overlap_critic,2.0,0.0,10000.0,2000.0,2500.0,500.0,0.7652,0.0,1.0,7.81592321395874,0.5,0.5,0.5174999833106995,0.24965578317642212,,,,,0.23152250939256852,0.0,2500.0,0.0,500.0,0.0,ok,plugin,False,,2472.2209421193274,2485.8904482755615,1.2821966651678862,0.9859961983164516,1.1167354681360366,,0.0,0.23152250939256852,0.7684774906074314,0.7684774906074314,False,,,,,,,cifar100,82,CDANN,PCA4,64.0,0.7872999906539917,0.7872999906539917,0.7635000348091125,0.7720000147819519,splits_cifar100_CDANN_82_0_b09dc755c62e.npz,b09dc755c62e,False,True,,,,,,,0.7684774906074314,all_pca,PCA4,IW overlap critic | W=2 | seed=0 (plug-in),True,
iw_overlap_critic,2.0,0.0,28152.0,9910.0,7040.0,2478.0,0.803125,0.0,1.0,1.3486944437026978,0.5,0.5,0.7382945418357849,0.17802533507347107,7660.0,1487.0,3772.0,723.0,0.101876686355506,0.49838579499596447,6367.0,673.0,1243.0,1235.0,ok,plugin,False,,3410.6879429457103,3691.2483784427354,1.992899421390263,0.38639727472544644,1.5523465372057506,0.745748987854251,0.37167070217917675,0.47354738853468276,0.5264526114653172,0.5264526114653172,False,46.0,18.0,0.43406519293785095,0.32112154364585876,0.7551867365837097,"[{'epoch': 0, 'best_score': 0.012721776962280273}, {'epoch': 1, 'best_score': 0.043507397174835205}, {'epoch': 2, 'best_score': 0.11706602573394775}, {'epoch': 3, 'best_score': 0.1978311538696289}, {'epoch': 4, 'best_score': 0.2613224387168884}, {'epoch': 5, 'best_score': 0.2943180799484253}, {'epoch': 6, 'best_score': 0.3161420524120331}, {'epoch': 7, 'best_score': 0.32626980543136597}, {'epoch': 8, 'best_score': 0.3327515423297882}, {'epoch': 9, 'best_score': 0.3426226079463959}, {'epoch': 10, 'best_score': 0.3450058102607727}, {'epoch': 11, 'best_score': 0.3438630700111389}, {'epoch': 12, 'best_score': 0.3504399359226227}, {'epoch': 13, 'best_score': 0.3571077883243561}, {'epoch': 14, 'best_score': 0.3708171546459198}, {'epoch': 15, 'best_score': 0.37177130579948425}, {'epoch': 16, 'best_score': 0.37649962306022644}, {'epoch': 17, 'best_score': 0.38354599475860596}, {'epoch': 18, 'best_score': 0.38447174429893494}, {'epoch': 19, 'best_score': 0.3943398892879486}, {'epoch': 20, 'best_score': 0.3929985761642456}, {'epoch': 21, 'best_score': 0.40203744173049927}, {'epoch': 22, 'best_score': 0.4011532664299011}, {'epoch': 23, 'best_score': 0.39958783984184265}, {'epoch': 24, 'best_score': 0.4058256149291992}, {'epoch': 25, 'best_score': 0.40832334756851196}, {'epoch': 26, 'best_score': 0.4067869782447815}, {'epoch': 27, 'best_score': 0.41270747780799866}, {'epoch': 28, 'best_score': 0.4206271469593048}, {'epoch': 29, 'best_score': 0.42122894525527954}, {'epoch': 30, 'best_score': 0.4188879728317261}, {'epoch': 31, 'best_score': 0.4214428961277008}, {'epoch': 32, 'best_score': 0.42002731561660767}, {'epoch': 33, 'best_score': 0.4217516779899597}, {'epoch': 34, 'best_score': 0.41939792037010193}, {'epoch': 35, 'best_score': 0.4171823561191559}, {'epoch': 36, 'best_score': 0.4212205111980438}, {'epoch': 37, 'best_score': 0.42319390177726746}, {'epoch': 38, 'best_score': 0.42075231671333313}, {'epoch': 39, 'best_score': 0.4203212559223175}, {'epoch': 40, 'best_score': 0.4264063239097595}, {'epoch': 41, 'best_score': 0.4263155162334442}, {'epoch': 42, 'best_score': 0.4236197769641876}, {'epoch': 43, 'best_score': 0.4245603382587433}, {'epoch': 44, 'best_score': 0.4287225008010864}, {'epoch': 45, 'best_score': 0.43118277192115784}, {'epoch': 46, 'best_score': 0.43406519293785095}, {'epoch': 47, 'best_score': 0.431984543800354}, {'epoch': 48, 'best_score': 0.43360722064971924}, {'epoch': 49, 'best_score': 0.43350398540496826}]",domainnet,1,DANN,PCA4,512.0,0.8072605729103088,0.8072605729103088,0.465893030166626,0.47497981786727905,splits_domainnet_DANN_1_0_b09dc755c62e.npz,b09dc755c62e,False,False,,,,,,,0.5264526114653172,all_pca,PCA4,IW overlap critic | W=2 | seed=0 (plug-in),True,
iw_overlap_critic,2.0,0.0,28152.0,14207.0,7040.0,3553.0,0.8038352272727273,0.0,1.0,1.2961393594741821,0.5,0.5,0.748650312423706,0.17164383828639984,7599.0,2234.0,3801.0,1119.0,0.10261412554389185,0.5243456234168309,6332.0,708.0,1690.0,1863.0,ok,plugin,False,,3287.2703942252247,3571.9601633034786,1.998273844035522,0.3669178847896465,1.5165871536653408,0.8073000536768653,0.423304249929637,0.5259183754735288,0.4740816245264712,0.4740816245264712,False,48.0,4.0,0.447172075510025,0.35979846119880676,0.8069705367088318,"[{'epoch': 0, 'best_score': 0.012982189655303955}, {'epoch': 1, 'best_score': 0.05266040563583374}, {'epoch': 2, 'best_score': 0.1386684775352478}, {'epoch': 3, 'best_score': 0.20497190952301025}, {'epoch': 4, 'best_score': 0.26841604709625244}, {'epoch': 5, 'best_score': 0.30526721477508545}, {'epoch': 6, 'best_score': 0.32866519689559937}, {'epoch': 7, 'best_score': 0.34129446744918823}, {'epoch': 8, 'best_score': 0.36184942722320557}, {'epoch': 9, 'best_score': 0.35631877183914185}, {'epoch': 10, 'best_score': 0.3625951111316681}, {'epoch': 11, 'best_score': 0.36863359808921814}, {'epoch': 12, 'best_score': 0.37299349904060364}, {'epoch': 13, 'best_score': 0.38121041655540466}, {'epoch': 14, 'best_score': 0.3877706825733185}, {'epoch': 15, 'best_score': 0.3966602385044098}, {'epoch': 16, 'best_score': 0.4003823697566986}, {'epoch': 17, 'best_score': 0.40441298484802246}, {'epoch': 18, 'best_score': 0.4027249813079834}, {'epoch': 19, 'best_score': 0.4132933020591736}, {'epoch': 20, 'best_score': 0.41159266233444214}, {'epoch': 21, 'best_score': 0.4145483076572418}, {'epoch': 22, 'best_score': 0.41757726669311523}, {'epoch': 23, 'best_score': 0.4227151870727539}, {'epoch': 24, 'best_score': 0.42541393637657166}, {'epoch': 25, 'best_score': 0.42682334780693054}, {'epoch': 26, 'best_score': 0.4292365312576294}, {'epoch': 27, 'best_score': 0.42986756563186646}, {'epoch': 28, 'best_score': 0.4339981973171234}, {'epoch': 29, 'best_score': 0.43448612093925476}, {'epoch': 30, 'best_score': 0.43440815806388855}, {'epoch': 31, 'best_score': 0.4348185956478119}, {'epoch': 32, 'best_score': 0.4352249503135681}, {'epoch': 33, 'best_score': 0.4394392669200897}, {'epoch': 34, 'best_score': 0.4411880373954773}, {'epoch': 35, 'best_score': 0.4394282102584839}, {'epoch': 36, 'best_score': 0.4398114085197449}, {'epoch': 37, 'best_score': 0.4392511546611786}, {'epoch': 38, 'best_score': 0.438473641872406}, {'epoch': 39, 'best_score': 0.43991830945014954}, {'epoch': 40, 'best_score': 0.44035378098487854}, {'epoch': 41, 'best_score': 0.44121426343917847}, {'epoch': 42, 'best_score': 0.4427894353866577}, {'epoch': 43, 'best_score': 0.4426513910293579}, {'epoch': 44, 'best_score': 0.44385308027267456}, {'epoch': 45, 'best_score': 0.4432629346847534}, {'epoch': 46, 'best_score': 0.44463711977005005}, {'epoch': 47, 'best_score': 0.4455801248550415}, {'epoch': 48, 'best_score': 0.447172075510025}, {'epoch': 49, 'best_score': 0.4464539587497711}]",domainnet,2,DANN,PCA4,512.0,0.8101378083229065,0.8101378083229065,0.38572534918785095,0.38727834820747375,splits_domainnet_DANN_2_0_b09dc755c62e.npz,b09dc755c62e,False,False,,,,,,,0.4740816245264712,all_pca,PCA4,IW overlap critic | W=2 | seed=0 (plug-in),True,
iw_overlap_critic,2.0,0.0,28152.0,15295.0,7040.0,3825.0,0.8072443181818182,0.0,1.0,1.1988575458526611,0.5,0.5,0.7510465979576111,0.17059572041034698,7430.0,2408.0,3709.0,1242.0,0.0955687042183519,0.5262745098039215,6238.0,802.0,1812.0,2013.0,ok,plugin,False,,3189.9336851521866,3475.8673049068125,1.9975017201502476,0.35585511119030316,1.5235949162319478,0.7863884749130651,0.4138562091503268,0.5094249133686787,0.4905750866313213,0.4905750866313213,False,48.0,29.0,0.42889663577079773,0.3947748839855194,0.8236715197563171,"[{'epoch': 0, 'best_score': 0.014118611812591553}, {'epoch': 1, 'best_score': 0.04850536584854126}, {'epoch': 2, 'best_score': 0.11408686637878418}, {'epoch': 3, 'best_score': 0.18488961458206177}, {'epoch': 4, 'best_score': 0.2511586546897888}, {'epoch': 5, 'best_score': 0.28934723138809204}, {'epoch': 6, 'best_score': 0.3093554973602295}, {'epoch': 7, 'best_score': 0.3234541118144989}, {'epoch': 8, 'best_score': 0.33685171604156494}, {'epoch': 9, 'best_score': 0.3410737216472626}, {'epoch': 10, 'best_score': 0.3476279377937317}, {'epoch': 11, 'best_score': 0.3492497205734253}, {'epoch': 12, 'best_score': 0.35447704792022705}, {'epoch': 13, 'best_score': 0.3612077534198761}, {'epoch': 14, 'best_score': 0.36934301257133484}, {'epoch': 15, 'best_score': 0.37636590003967285}, {'epoch': 16, 'best_score': 0.37806621193885803}, {'epoch': 17, 'best_score': 0.37838178873062134}, {'epoch': 18, 'best_score': 0.38356414437294006}, {'epoch': 19, 'best_score': 0.3897666335105896}, {'epoch': 20, 'best_score': 0.39292749762535095}, {'epoch': 21, 'best_score': 0.3941841423511505}, {'epoch': 22, 'best_score': 0.3977808654308319}, {'epoch': 23, 'best_score': 0.4028306305408478}, {'epoch': 24, 'best_score': 0.4077802896499634}, {'epoch': 25, 'best_score': 0.4072648882865906}, {'epoch': 26, 'best_score': 0.40726327896118164}, {'epoch': 27, 'best_score': 0.4071676433086395}, {'epoch': 28, 'best_score': 0.41327741742134094}, {'epoch': 29, 'best_score': 0.41356298327445984}, {'epoch': 30, 'best_score': 0.41595739126205444}, {'epoch': 31, 'best_score': 0.4163871705532074}, {'epoch': 32, 'best_score': 0.41687074303627014}, {'epoch': 33, 'best_score': 0.4197278916835785}, {'epoch': 34, 'best_score': 0.424065500497818}, {'epoch': 35, 'best_score': 0.42099934816360474}, {'epoch': 36, 'best_score': 0.4207620918750763}, {'epoch': 37, 'best_score': 0.42527177929878235}, {'epoch': 38, 'best_score': 0.42438745498657227}, {'epoch': 39, 'best_score': 0.4235861003398895}, {'epoch': 40, 'best_score': 0.42552098631858826}, {'epoch': 41, 'best_score': 0.4226498305797577}, {'epoch': 42, 'best_score': 0.4235490560531616}, {'epoch': 43, 'best_score': 0.4257914125919342}, {'epoch': 44, 'best_score': 0.4286941587924957}, {'epoch': 45, 'best_score': 0.4277084767818451}, {'epoch': 46, 'best_score': 0.42741701006889343}, {'epoch': 47, 'best_score': 0.42669832706451416}, {'epoch': 48, 'best_score': 0.42889663577079773}, {'epoch': 49, 'best_score': 0.42863816022872925}]",domainnet,3,DANN,PCA4,512.0,0.8096050024032593,0.8096050024032593,0.4719189405441284,0.46562090516090393,splits_domainnet_DANN_3_0_b09dc755c62e.npz,b09dc755c62e,False,False,,,,,,,0.4905750866313213,all_pca,PCA4,IW overlap critic | W=2 | seed=0 (plug-in),True,
iw_overlap_critic,2.0,0.0,28152.0,9910.0,7040.0,2478.0,0.8025568181818181,0.0,1.0,1.090373158454895,0.5,0.5,0.6300032138824463,0.2299327850341797,7919.0,513.0,3948.0,251.0,0.17450796564384813,0.17029862792574657,6617.0,423.0,2056.0,422.0,ok,plugin,False,,5829.377887135364,5450.945452985304,1.9981478804750268,0.8153428429826998,1.694158432223723,0.8246445497630331,0.14043583535108958,0.3149438009949377,0.6850561990050623,0.6850561990050623,False,47.0,2.0,0.49544891715049744,0.3651088774204254,0.8605577945709229,"[{'epoch': 0, 'best_score': 0.00667119026184082}, {'epoch': 1, 'best_score': 0.012112557888031006}, {'epoch': 2, 'best_score': 0.015043377876281738}, {'epoch': 3, 'best_score': 0.019530534744262695}, {'epoch': 4, 'best_score': 0.02796250581741333}, {'epoch': 5, 'best_score': 0.037850260734558105}, {'epoch': 6, 'best_score': 0.05213886499404907}, {'epoch': 7, 'best_score': 0.06435716152191162}, {'epoch': 8, 'best_score': 0.08411741256713867}, {'epoch': 9, 'best_score': 0.10483449697494507}, {'epoch': 10, 'best_score': 0.1231313943862915}, {'epoch': 11, 'best_score': 0.1465282440185547}, {'epoch': 12, 'best_score': 0.17183005809783936}, {'epoch': 13, 'best_score': 0.2009352445602417}, {'epoch': 14, 'best_score': 0.21668952703475952}, {'epoch': 15, 'best_score': 0.24405217170715332}, {'epoch': 16, 'best_score': 0.2620694637298584}, {'epoch': 17, 'best_score': 0.2789890766143799}, {'epoch': 18, 'best_score': 0.29710519313812256}, {'epoch': 19, 'best_score': 0.33136653900146484}, {'epoch': 20, 'best_score': 0.3388904929161072}, {'epoch': 21, 'best_score': 0.34587883949279785}, {'epoch': 22, 'best_score': 0.35730546712875366}, {'epoch': 23, 'best_score': 0.37133467197418213}, {'epoch': 24, 'best_score': 0.3845987915992737}, {'epoch': 25, 'best_score': 0.39686155319213867}, {'epoch': 26, 'best_score': 0.4040340781211853}, {'epoch': 27, 'best_score': 0.4066389203071594}, {'epoch': 28, 'best_score': 0.41162756085395813}, {'epoch': 29, 'best_score': 0.41727983951568604}, {'epoch': 30, 'best_score': 0.423859179019928}, {'epoch': 31, 'best_score': 0.4323923587799072}, {'epoch': 32, 'best_score': 0.44259124994277954}, {'epoch': 33, 'best_score': 0.44943922758102417}, {'epoch': 34, 'best_score': 0.4467525780200958}, {'epoch': 35, 'best_score': 0.453652560710907}, {'epoch': 36, 'best_score': 0.4614156186580658}, {'epoch': 37, 'best_score': 0.46870431303977966}, {'epoch': 38, 'best_score': 0.4723151624202728}, {'epoch': 39, 'best_score': 0.475177139043808}, {'epoch': 40, 'best_score': 0.47960150241851807}, {'epoch': 41, 'best_score': 0.4863791763782501}, {'epoch': 42, 'best_score': 0.48798906803131104}, {'epoch': 43, 'best_score': 0.4867076873779297}, {'epoch': 44, 'best_score': 0.49127617478370667}, {'epoch': 45, 'best_score': 0.4892808198928833}, {'epoch': 46, 'best_score': 0.4872129559516907}, {'epoch': 47, 'best_score': 0.49544891715049744}, {'epoch': 48, 'best_score': 0.49391454458236694}, {'epoch': 49, 'best_score': 0.49192553758621216}]",domainnet,1,CDANN,PCA4,64.0,0.8055910468101501,0.8055910468101501,0.5121089816093445,0.5205811262130737,splits_domainnet_CDANN_1_0_b09dc755c62e.npz,b09dc755c62e,False,False,,,,,,,0.6850561990050623,all_pca,PCA4,IW overlap critic | W=2 | seed=0 (plug-in),True,
iw_overlap_critic,2.0,0.0,28152.0,14207.0,7040.0,3553.0,0.8004261363636364,0.0,1.0,1.237045168876648,0.5,0.5,0.6299207806587219,0.2276841700077057,7984.0,924.0,3958.0,460.0,0.1771286764683092,0.22656909653813678,6647.0,393.0,2748.0,805.0,ok,plugin,False,,5712.5682456595505,5436.410745435114,1.9997728592721293,0.7941233338056484,1.6550077196131106,0.8807453416149068,0.1995496763298621,0.3766783527981713,0.6233216472018287,0.6233216472018287,False,49.0,22.0,0.4850587546825409,0.42363688349723816,0.908695638179779,"[{'epoch': 0, 'best_score': 0.0065274834632873535}, {'epoch': 1, 'best_score': 0.008177399635314941}, {'epoch': 2, 'best_score': 0.011435508728027344}, {'epoch': 3, 'best_score': 0.01685476303100586}, {'epoch': 4, 'best_score': 0.024653077125549316}, {'epoch': 5, 'best_score': 0.031018614768981934}, {'epoch': 6, 'best_score': 0.04171168804168701}, {'epoch': 7, 'best_score': 0.058488667011260986}, {'epoch': 8, 'best_score': 0.07760900259017944}, {'epoch': 9, 'best_score': 0.10423725843429565}, {'epoch': 10, 'best_score': 0.12551265954971313}, {'epoch': 11, 'best_score': 0.1488097906112671}, {'epoch': 12, 'best_score': 0.1800554394721985}, {'epoch': 13, 'best_score': 0.20628947019577026}, {'epoch': 14, 'best_score': 0.2268403172492981}, {'epoch': 15, 'best_score': 0.2480950951576233}, {'epoch': 16, 'best_score': 0.26690322160720825}, {'epoch': 17, 'best_score': 0.28291594982147217}, {'epoch': 18, 'best_score': 0.299457311630249}, {'epoch': 19, 'best_score': 0.3147680163383484}, {'epoch': 20, 'best_score': 0.3294993042945862}, {'epoch': 21, 'best_score': 0.3418543338775635}, {'epoch': 22, 'best_score': 0.3531983494758606}, {'epoch': 23, 'best_score': 0.36692899465560913}, {'epoch': 24, 'best_score': 0.3792527914047241}, {'epoch': 25, 'best_score': 0.38822102546691895}, {'epoch': 26, 'best_score': 0.3942059278488159}, {'epoch': 27, 'best_score': 0.4037148356437683}, {'epoch': 28, 'best_score': 0.41040027141571045}, {'epoch': 29, 'best_score': 0.42041727900505066}, {'epoch': 30, 'best_score': 0.42903128266334534}, {'epoch': 31, 'best_score': 0.4363018870353699}, {'epoch': 32, 'best_score': 0.44023242592811584}, {'epoch': 33, 'best_score': 0.43865156173706055}, {'epoch': 34, 'best_score': 0.4460809528827667}, {'epoch': 35, 'best_score': 0.45249801874160767}, {'epoch': 36, 'best_score': 0.4534274935722351}, {'epoch': 37, 'best_score': 0.4559095799922943}, {'epoch': 38, 'best_score': 0.45934534072875977}, {'epoch': 39, 'best_score': 0.4570525586605072}, {'epoch': 40, 'best_score': 0.462435781955719}, {'epoch': 41, 'best_score': 0.4611489772796631}, {'epoch': 42, 'best_score': 0.4636615216732025}, {'epoch': 43, 'best_score': 0.4678160846233368}, {'epoch': 44, 'best_score': 0.4688904583454132}, {'epoch': 45, 'best_score': 0.4712512195110321}, {'epoch': 46, 'best_score': 0.4743047058582306}, {'epoch': 47, 'best_score': 0.4797797203063965}, {'epoch': 48, 'best_score': 0.48437419533729553}, {'epoch': 49, 'best_score': 0.4850587546825409}]",domainnet,2,CDANN,PCA4,64.0,0.8071539998054504,0.8071539998054504,0.42063772678375244,0.4218969941139221,splits_domainnet_CDANN_2_0_b09dc755c62e.npz,b09dc755c62e,False,False,,,,,,,0.6233216472018287,all_pca,PCA4,IW overlap critic | W=2 | seed=0 (plug-in),True,
iw_overlap_critic,2.0,0.0,28152.0,15295.0,7040.0,3825.0,0.8063920454545455,0.0,1.0,1.0960508584976196,0.5,0.5,0.606970489025116,0.2331191450357437,7955.0,661.0,3937.0,309.0,0.16292594800580706,0.14431372549019608,6594.0,446.0,3273.0,552.0,ok,plugin,False,,5931.402639687174,5507.932345907079,1.9989328801183377,0.8369978114535279,1.6641824584173401,0.8387681159420289,0.12104575163398693,0.28397169963979396,0.716028300360206,0.716028300360206,False,48.0,22.0,0.4796445369720459,0.41679561138153076,0.8964401483535767,"[{'epoch': 0, 'best_score': 0.006235778331756592}, {'epoch': 1, 'best_score': 0.008376777172088623}, {'epoch': 2, 'best_score': 0.014054477214813232}, {'epoch': 3, 'best_score': 0.020706355571746826}, {'epoch': 4, 'best_score': 0.027597248554229736}, {'epoch': 5, 'best_score': 0.04332846403121948}, {'epoch': 6, 'best_score': 0.05536067485809326}, {'epoch': 7, 'best_score': 0.0703580379486084}, {'epoch': 8, 'best_score': 0.09188485145568848}, {'epoch': 9, 'best_score': 0.11488848924636841}, {'epoch': 10, 'best_score': 0.1320475935935974}, {'epoch': 11, 'best_score': 0.14775770902633667}, {'epoch': 12, 'best_score': 0.1670125126838684}, {'epoch': 13, 'best_score': 0.19413244724273682}, {'epoch': 14, 'best_score': 0.2209222912788391}, {'epoch': 15, 'best_score': 0.2445496916770935}, {'epoch': 16, 'best_score': 0.2622002363204956}, {'epoch': 17, 'best_score': 0.2845505475997925}, {'epoch': 18, 'best_score': 0.30180346965789795}, {'epoch': 19, 'best_score': 0.32399165630340576}, {'epoch': 20, 'best_score': 0.34728628396987915}, {'epoch': 21, 'best_score': 0.3643401265144348}, {'epoch': 22, 'best_score': 0.378156840801239}, {'epoch': 23, 'best_score': 0.3845723271369934}, {'epoch': 24, 'best_score': 0.3994755148887634}, {'epoch': 25, 'best_score': 0.41091567277908325}, {'epoch': 26, 'best_score': 0.42154157161712646}, {'epoch': 27, 'best_score': 0.4240642189979553}, {'epoch': 28, 'best_score': 0.43510299921035767}, {'epoch': 29, 'best_score': 0.4294881820678711}, {'epoch': 30, 'best_score': 0.43862390518188477}, {'epoch': 31, 'best_score': 0.44155648350715637}, {'epoch': 32, 'best_score': 0.4454486072063446}, {'epoch': 33, 'best_score': 0.45219793915748596}, {'epoch': 34, 'best_score': 0.4541318416595459}, {'epoch': 35, 'best_score': 0.45361724495887756}, {'epoch': 36, 'best_score': 0.45373889803886414}, {'epoch': 37, 'best_score': 0.4573017656803131}, {'epoch': 38, 'best_score': 0.45794981718063354}, {'epoch': 39, 'best_score': 0.46011969447135925}, {'epoch': 40, 'best_score': 0.46099990606307983}, {'epoch': 41, 'best_score': 0.4613035023212433}, {'epoch': 42, 'best_score': 0.4649779200553894}, {'epoch': 43, 'best_score': 0.4700242280960083}, {'epoch': 44, 'best_score': 0.4722268879413605}, {'epoch': 45, 'best_score': 0.4767090976238251}, {'epoch': 46, 'best_score': 0.47530049085617065}, {'epoch': 47, 'best_score': 0.47589850425720215}, {'epoch': 48, 'best_score': 0.4796445369720459}, {'epoch': 49, 'best_score': 0.4771580398082733}]",domainnet,3,CDANN,PCA4,64.0,0.8074381947517395,0.8074381947517395,0.49369075894355774,0.48549020290374756,splits_domainnet_CDANN_3_0_b09dc755c62e.npz,b09dc755c62e,False,False,,,,,,,0.716028300360206,all_pca,PCA4,IW overlap critic | W=2 | seed=0 (plug-in),True,
iw_overlap_critic,2.0,0.0,1700.0,8804.0,425.0,2203.0,0.8658823529411764,0.0,1.0,2.158428192138672,0.5,0.5,0.5838903784751892,0.2406596541404724,491.0,163.0,243.0,87.0,0.14416905603551894,0.05447117566954154,406.0,19.0,2083.0,120.0,ok,plugin,False,,428.6537130837095,360.5602960457696,1.9682801103422918,1.0035829701463874,1.7414689112834711,0.7583333333333333,0.041307308216069,0.18547636425158792,0.814523635748412,0.814523635748412,False,45.0,0.0,0.4530360996723175,0.3400673568248749,0.7931034564971924,"[{'epoch': 0, 'best_score': 0.07734924554824829}, {'epoch': 1, 'best_score': 0.07482695579528809}, {'epoch': 2, 'best_score': 0.09461426734924316}, {'epoch': 3, 'best_score': 0.1176673173904419}, {'epoch': 4, 'best_score': 0.14658480882644653}, {'epoch': 5, 'best_score': 0.1685965657234192}, {'epoch': 6, 'best_score': 0.17978709936141968}, {'epoch': 7, 'best_score': 0.18791943788528442}, {'epoch': 8, 'best_score': 0.23506999015808105}, {'epoch': 9, 'best_score': 0.23706209659576416}, {'epoch': 10, 'best_score': 0.25092023611068726}, {'epoch': 11, 'best_score': 0.279163658618927}, {'epoch': 12, 'best_score': 0.2952699065208435}, {'epoch': 13, 'best_score': 0.3066607117652893}, {'epoch': 14, 'best_score': 0.31808871030807495}, {'epoch': 15, 'best_score': 0.3149194121360779}, {'epoch': 16, 'best_score': 0.3401103615760803}, {'epoch': 17, 'best_score': 0.3402499556541443}, {'epoch': 18, 'best_score': 0.345828115940094}, {'epoch': 19, 'best_score': 0.3492369055747986}, {'epoch': 20, 'best_score': 0.3570377826690674}, {'epoch': 21, 'best_score': 0.35465365648269653}, {'epoch': 22, 'best_score': 0.3774106502532959}, {'epoch': 23, 'best_score': 0.3806803822517395}, {'epoch': 24, 'best_score': 0.3884057104587555}, {'epoch': 25, 'best_score': 0.3884057104587555}, {'epoch': 26, 'best_score': 0.3826524317264557}, {'epoch': 27, 'best_score': 0.3780999183654785}, {'epoch': 28, 'best_score': 0.3881976008415222}, {'epoch': 29, 'best_score': 0.3822750151157379}, {'epoch': 30, 'best_score': 0.3918803036212921}, {'epoch': 31, 'best_score': 0.39855948090553284}, {'epoch': 32, 'best_score': 0.3999224305152893}, {'epoch': 33, 'best_score': 0.39939072728157043}, {'epoch': 34, 'best_score': 0.40786248445510864}, {'epoch': 35, 'best_score': 0.40786248445510864}, {'epoch': 36, 'best_score': 0.41164812445640564}, {'epoch': 37, 'best_score': 0.4230220913887024}, {'epoch': 38, 'best_score': 0.4254845976829529}, {'epoch': 39, 'best_score': 0.43236953020095825}, {'epoch': 40, 'best_score': 0.4516647160053253}, {'epoch': 41, 'best_score': 0.44017043709754944}, {'epoch': 42, 'best_score': 0.44407787919044495}, {'epoch': 43, 'best_score': 0.44443395733833313}, {'epoch': 44, 'best_score': 0.4499754011631012}, {'epoch': 45, 'best_score': 0.4530360996723175}, {'epoch': 46, 'best_score': 0.4530360996723175}, {'epoch': 47, 'best_score': 0.45014214515686035}, {'epoch': 48, 'best_score': 0.45014214515686035}, {'epoch': 49, 'best_score': 0.45014214515686035}]",living17,1,DANN,PCA4,128.0,0.8994117379188538,0.8994117379188538,0.6758291721343994,0.6876986026763916,splits_living17_DANN_1_0_b09dc755c62e.npz,b09dc755c62e,False,False,,,,,,,0.814523635748412,all_pca,PCA4,IW overlap critic | W=2 | seed=0 (plug-in),True,
iw_overlap_critic,2.0,0.0,1700.0,68.0,425.0,19.0,0.8823529411764706,0.0,1.0,54.598148345947266,0.5,0.5,0.3852941393852234,0.2508797347545624,,,,,0.11596565026653549,0.0,425.0,0.0,19.0,0.0,ok,plugin,False,,417.92151968077366,424.6932759194436,1.0951643044870107,0.9819979616201432,1.027102216393665,,0.0,0.11596565026653549,0.8840343497334645,0.8840343497334645,False,,,,,,,living17,2,DANN,PCA4,128.0,0.9094117283821106,0.9094117283821106,0.8970588445663452,0.8421052694320679,splits_living17_DANN_2_0_b09dc755c62e.npz,b09dc755c62e,True,False,,,,,,,0.8840343497334645,all_pca,PCA4,IW overlap critic | W=2 | seed=0 (plug-in),True,
iw_overlap_critic,2.0,0.0,1700.0,68.0,425.0,19.0,0.8894117647058823,0.0,1.0,54.598148345947266,0.5,0.5,0.4745098352432251,0.25066831707954407,,,,,0.1095708221545787,0.0,425.0,0.0,19.0,0.0,ok,plugin,False,,418.82558686894004,424.6851249619928,1.0640825257220627,0.9855160483822584,1.0291959567150646,,0.0,0.1095708221545787,0.8904291778454213,0.8904291778454213,False,,,,,,,living17,3,DANN,PCA4,128.0,0.9052940607070923,0.9052940607070923,0.5882353186607361,0.6842105388641357,splits_living17_DANN_3_0_b09dc755c62e.npz,b09dc755c62e,False,False,,,,,,,0.8904291778454213,all_pca,PCA4,IW overlap critic | W=2 | seed=0 (plug-in),True,
iw_overlap_critic,2.0,0.0,1700.0,8804.0,425.0,2203.0,0.8894117647058823,0.0,1.0,1.3403280973434448,0.5,0.5,0.6166443824768066,0.23017221689224243,461.0,531.0,227.0,251.0,0.10065218333625445,0.16386745347253745,382.0,43.0,1842.0,361.0,ok,plugin,False,,358.23911476607907,307.310417056288,1.9899354231178426,0.8905851074650508,1.8295889480570395,0.6786703601108033,0.11121198365864729,0.21186416699490174,0.7881358330050983,0.7881358330050983,False,28.0,12.0,0.27909624576568604,0.46193963289260864,0.7410358786582947,"[{'epoch': 0, 'best_score': 0.0581507682800293}, {'epoch': 1, 'best_score': 0.08038175106048584}, {'epoch': 2, 'best_score': 0.09060919284820557}, {'epoch': 3, 'best_score': 0.09154945611953735}, {'epoch': 4, 'best_score': 0.09998643398284912}, {'epoch': 5, 'best_score': 0.09262102842330933}, {'epoch': 6, 'best_score': 0.09459811449050903}, {'epoch': 7, 'best_score': 0.11847645044326782}, {'epoch': 8, 'best_score': 0.11520445346832275}, {'epoch': 9, 'best_score': 0.11474490165710449}, {'epoch': 10, 'best_score': 0.1435214877128601}, {'epoch': 11, 'best_score': 0.1380748748779297}, {'epoch': 12, 'best_score': 0.1703568696975708}, {'epoch': 13, 'best_score': 0.18785083293914795}, {'epoch': 14, 'best_score': 0.206651508808136}, {'epoch': 15, 'best_score': 0.23207134008407593}, {'epoch': 16, 'best_score': 0.24208414554595947}, {'epoch': 17, 'best_score': 0.2422383427619934}, {'epoch': 18, 'best_score': 0.2363191843032837}, {'epoch': 19, 'best_score': 0.2222650647163391}, {'epoch': 20, 'best_score': 0.21318185329437256}, {'epoch': 21, 'best_score': 0.23265162110328674}, {'epoch': 22, 'best_score': 0.24219614267349243}, {'epoch': 23, 'best_score': 0.245988667011261}, {'epoch': 24, 'best_score': 0.2692270874977112}, {'epoch': 25, 'best_score': 0.26644593477249146}, {'epoch': 26, 'best_score': 0.27519676089286804}, {'epoch': 27, 'best_score': 0.2735617160797119}, {'epoch': 28, 'best_score': 0.27909624576568604}, {'epoch': 29, 'best_score': 0.276593416929245}, {'epoch': 30, 'best_score': 0.271467924118042}, {'epoch': 31, 'best_score': 0.26651349663734436}, {'epoch': 32, 'best_score': 0.27422425150871277}, {'epoch': 33, 'best_score': 0.27820828557014465}, {'epoch': 34, 'best_score': 0.2702051103115082}, {'epoch': 35, 'best_score': 0.2748793959617615}, {'epoch': 36, 'best_score': 0.2620561718940735}, {'epoch': 37, 'best_score': 0.2620561718940735}, {'epoch': 38, 'best_score': 0.26057496666908264}, {'epoch': 39, 'best_score': 0.2561759650707245}, {'epoch': 40, 'best_score': 0.2486383020877838}, {'epoch': 41, 'best_score': 0.24958226084709167}, {'epoch': 42, 'best_score': 0.2535620629787445}, {'epoch': 43, 'best_score': 0.25504952669143677}, {'epoch': 44, 'best_score': 0.2510654926300049}, {'epoch': 45, 'best_score': 0.2510654926300049}, {'epoch': 46, 'best_score': 0.2486642301082611}, {'epoch': 47, 'best_score': 0.251973420381546}, {'epoch': 48, 'best_score': 0.25994154810905457}, {'epoch': 49, 'best_score': 0.2639256417751312}]",living17,1,CDANN,PCA4,64.0,0.9052940607070923,0.9052940607070923,0.6863925457000732,0.6981388926506042,splits_living17_CDANN_1_0_b09dc755c62e.npz,b09dc755c62e,False,False,,,,,,,0.7881358330050983,all_pca,PCA4,IW overlap critic | W=2 | seed=0 (plug-in),True,
iw_overlap_critic,2.0,0.0,1700.0,68.0,425.0,19.0,0.8917647058823529,0.0,1.0,54.598148345947266,0.5,0.5,0.43039217591285706,0.253039687871933,,,,,0.10597777404892805,0.0,425.0,0.0,19.0,0.0,ok,plugin,False,,418.0335171897859,424.5771697684283,1.1074769515659588,0.9817579430615514,1.0354156637729488,,0.0,0.10597777404892805,0.894022225951072,0.894022225951072,False,,,,,,,living17,2,CDANN,PCA4,64.0,0.9094117283821106,0.9094117283821106,0.8676470518112183,0.8421052694320679,splits_living17_CDANN_2_0_b09dc755c62e.npz,b09dc755c62e,False,False,,,,,,,0.894022225951072,all_pca,PCA4,IW overlap critic | W=2 | seed=0 (plug-in),True,
iw_overlap_critic,2.0,0.0,1700.0,68.0,425.0,19.0,0.8823529411764706,0.0,1.0,54.598148345947266,0.5,0.5,0.33529412746429443,0.2514204978942871,,,,,0.11613242223330333,0.0,425.0,0.0,19.0,0.0,ok,plugin,False,,416.98375041362146,424.65256334846146,1.0595196502652318,0.9796298367570482,1.0282822543505696,,0.0,0.11613242223330333,0.8838675777666967,0.8838675777666967,False,,,,,,,living17,3,CDANN,PCA4,64.0,0.9052940607070923,0.9052940607070923,0.5588235259056091,0.6315789222717285,splits_living17_CDANN_3_0_b09dc755c62e.npz,b09dc755c62e,False,False,,,,,,,0.8838675777666967,all_pca,PCA4,IW overlap critic | W=2 | seed=0 (plug-in),True,
iw_overlap_critic,2.0,0.0,2600.0,13282.0,650.0,3322.0,0.8046153846153846,0.0,1.0,2.461338520050049,0.5,0.5,0.5863415002822876,0.243660569190979,774.0,74.0,385.0,47.0,0.20340638261157673,0.019867549668874173,644.0,6.0,3256.0,66.0,ok,plugin,False,,659.8135763322309,587.8168768289628,1.993847559733479,0.983224832367754,1.6490232384482344,0.803030303030303,0.015954244431065624,0.21936062704264236,0.7806393729573576,0.7806393729573576,False,47.0,24.0,0.39221909642219543,0.45884475111961365,0.8510638475418091,"[{'epoch': 0, 'best_score': 0.05732238292694092}, {'epoch': 1, 'best_score': 0.05986911058425903}, {'epoch': 2, 'best_score': 0.07492846250534058}, {'epoch': 3, 'best_score': 0.08933138847351074}, {'epoch': 4, 'best_score': 0.12270992994308472}, {'epoch': 5, 'best_score': 0.1339484453201294}, {'epoch': 6, 'best_score': 0.1316344141960144}, {'epoch': 7, 'best_score': 0.15533143281936646}, {'epoch': 8, 'best_score': 0.18338525295257568}, {'epoch': 9, 'best_score': 0.17104506492614746}, {'epoch': 10, 'best_score': 0.19796425104141235}, {'epoch': 11, 'best_score': 0.21563774347305298}, {'epoch': 12, 'best_score': 0.20739960670471191}, {'epoch': 13, 'best_score': 0.23079144954681396}, {'epoch': 14, 'best_score': 0.2344258427619934}, {'epoch': 15, 'best_score': 0.2563440203666687}, {'epoch': 16, 'best_score': 0.2579507827758789}, {'epoch': 17, 'best_score': 0.2589648365974426}, {'epoch': 18, 'best_score': 0.27394920587539673}, {'epoch': 19, 'best_score': 0.28495877981185913}, {'epoch': 20, 'best_score': 0.2948315143585205}, {'epoch': 21, 'best_score': 0.30587804317474365}, {'epoch': 22, 'best_score': 0.3107917904853821}, {'epoch': 23, 'best_score': 0.31277281045913696}, {'epoch': 24, 'best_score': 0.30540740489959717}, {'epoch': 25, 'best_score': 0.3150467872619629}, {'epoch': 26, 'best_score': 0.32339513301849365}, {'epoch': 27, 'best_score': 0.3258538842201233}, {'epoch': 28, 'best_score': 0.3258538842201233}, {'epoch': 29, 'best_score': 0.33368754386901855}, {'epoch': 30, 'best_score': 0.3413720726966858}, {'epoch': 31, 'best_score': 0.34738874435424805}, {'epoch': 32, 'best_score': 0.35700666904449463}, {'epoch': 33, 'best_score': 0.34976160526275635}, {'epoch': 34, 'best_score': 0.3525471091270447}, {'epoch': 35, 'best_score': 0.3585669994354248}, {'epoch': 36, 'best_score': 0.3636680543422699}, {'epoch': 37, 'best_score': 0.37180647253990173}, {'epoch': 38, 'best_score': 0.36329537630081177}, {'epoch': 39, 'best_score': 0.3658100366592407}, {'epoch': 40, 'best_score': 0.37130168080329895}, {'epoch': 41, 'best_score': 0.37410426139831543}, {'epoch': 42, 'best_score': 0.36356881260871887}, {'epoch': 43, 'best_score': 0.3654625713825226}, {'epoch': 44, 'best_score': 0.3727271258831024}, {'epoch': 45, 'best_score': 0.3784395158290863}, {'epoch': 46, 'best_score': 0.39005863666534424}, {'epoch': 47, 'best_score': 0.39221909642219543}, {'epoch': 48, 'best_score': 0.36929506063461304}, {'epoch': 49, 'best_score': 0.3752317428588867}]",nonliving26,1,DANN,PCA4,128.0,0.8126922845840454,0.8126922845840454,0.5122722387313843,0.5192654728889465,splits_nonliving26_DANN_1_0_b09dc755c62e.npz,b09dc755c62e,False,False,,,,,,,0.7806393729573576,all_pca,PCA4,IW overlap critic | W=2 | seed=0 (plug-in),True,
iw_overlap_critic,2.0,0.0,2600.0,104.0,650.0,28.0,0.8292307692307692,0.0,1.0,54.598148345947266,0.5,0.5,0.428846150636673,0.25090551376342773,,,,,0.16922659567546094,0.0,650.0,0.0,28.0,0.0,ok,plugin,False,,641.5976123369039,649.4613433864297,1.1266106385791048,0.9874703767934574,1.0349003839259652,,0.0,0.16922659567546094,0.830773404324539,0.830773404324539,False,,,,,,,nonliving26,2,DANN,PCA4,128.0,0.8176922798156738,0.8176922798156738,0.75,0.7142857313156128,splits_nonliving26_DANN_2_0_b09dc755c62e.npz,b09dc755c62e,False,False,,,,,,,0.830773404324539,all_pca,PCA4,IW overlap critic | W=2 | seed=0 (plug-in),True,
iw_overlap_critic,2.0,0.0,2600.0,104.0,650.0,28.0,0.8246153846153846,0.0,1.0,54.598148345947266,0.5,0.5,0.4980769157409668,0.25112760066986084,,,,,0.17467250280956934,0.0,650.0,0.0,28.0,0.0,ok,plugin,False,,640.2340802581501,649.440533943523,1.0807877149641725,0.9849639636433203,1.0290380984331802,,0.0,0.17467250280956934,0.8253274971904306,0.8253274971904306,False,,,,,,,nonliving26,3,DANN,PCA4,128.0,0.8146153688430786,0.8146153688430786,0.4038461744785309,0.3214285969734192,splits_nonliving26_DANN_3_0_b09dc755c62e.npz,b09dc755c62e,False,False,,,,,,,0.8253274971904306,all_pca,PCA4,IW overlap critic | W=2 | seed=0 (plug-in),True,
iw_overlap_critic,2.0,0.0,2600.0,13282.0,650.0,3322.0,0.8169230769230769,0.0,1.0,1.9937877655029297,0.5,0.5,0.5810704231262207,0.24060797691345215,755.0,290.0,379.0,134.0,0.19132731067349634,0.0728476821192053,636.0,14.0,3080.0,242.0,ok,plugin,False,,621.3198101090767,560.5314935252184,1.995507421301726,0.9395518822117643,1.653022380282781,0.8842975206611571,0.06441902468392535,0.2557463353574217,0.7442536646425784,0.7442536646425784,False,47.0,6.0,0.4071617126464844,0.5107487440109253,0.9179104566574097,"[{'epoch': 0, 'best_score': 0.03668755292892456}, {'epoch': 1, 'best_score': 0.05502462387084961}, {'epoch': 2, 'best_score': 0.06821286678314209}, {'epoch': 3, 'best_score': 0.07742446660995483}, {'epoch': 4, 'best_score': 0.08002614974975586}, {'epoch': 5, 'best_score': 0.10213720798492432}, {'epoch': 6, 'best_score': 0.12295550107955933}, {'epoch': 7, 'best_score': 0.14132380485534668}, {'epoch': 8, 'best_score': 0.15362918376922607}, {'epoch': 9, 'best_score': 0.17991268634796143}, {'epoch': 10, 'best_score': 0.2115122675895691}, {'epoch': 11, 'best_score': 0.20687049627304077}, {'epoch': 12, 'best_score': 0.22107917070388794}, {'epoch': 13, 'best_score': 0.2362484335899353}, {'epoch': 14, 'best_score': 0.2598813772201538}, {'epoch': 15, 'best_score': 0.26423871517181396}, {'epoch': 16, 'best_score': 0.28092771768569946}, {'epoch': 17, 'best_score': 0.2936299443244934}, {'epoch': 18, 'best_score': 0.30203187465667725}, {'epoch': 19, 'best_score': 0.32065749168395996}, {'epoch': 20, 'best_score': 0.3105425238609314}, {'epoch': 21, 'best_score': 0.33341771364212036}, {'epoch': 22, 'best_score': 0.3397085666656494}, {'epoch': 23, 'best_score': 0.3466724753379822}, {'epoch': 24, 'best_score': 0.3560587763786316}, {'epoch': 25, 'best_score': 0.35738420486450195}, {'epoch': 26, 'best_score': 0.35763341188430786}, {'epoch': 27, 'best_score': 0.36079221963882446}, {'epoch': 28, 'best_score': 0.35870927572250366}, {'epoch': 29, 'best_score': 0.362082839012146}, {'epoch': 30, 'best_score': 0.35785573720932007}, {'epoch': 31, 'best_score': 0.36561280488967896}, {'epoch': 32, 'best_score': 0.3763720989227295}, {'epoch': 33, 'best_score': 0.3767339587211609}, {'epoch': 34, 'best_score': 0.3767339587211609}, {'epoch': 35, 'best_score': 0.382574200630188}, {'epoch': 36, 'best_score': 0.382574200630188}, {'epoch': 37, 'best_score': 0.3830257058143616}, {'epoch': 38, 'best_score': 0.3830257058143616}, {'epoch': 39, 'best_score': 0.3832855820655823}, {'epoch': 40, 'best_score': 0.38851869106292725}, {'epoch': 41, 'best_score': 0.390880286693573}, {'epoch': 42, 'best_score': 0.3893980383872986}, {'epoch': 43, 'best_score': 0.3962370753288269}, {'epoch': 44, 'best_score': 0.40290361642837524}, {'epoch': 45, 'best_score': 0.4005419611930847}, {'epoch': 46, 'best_score': 0.4030781388282776}, {'epoch': 47, 'best_score': 0.4071617126464844}, {'epoch': 48, 'best_score': 0.4051113724708557}, {'epoch': 49, 'best_score': 0.40709346532821655}]",nonliving26,1,CDANN,PCA4,64.0,0.8176922798156738,0.8176922798156738,0.5332028269767761,0.5352197289466858,splits_nonliving26_CDANN_1_0_b09dc755c62e.npz,b09dc755c62e,False,False,,,,,,,0.7442536646425784,all_pca,PCA4,IW overlap critic | W=2 | seed=0 (plug-in),True,
iw_overlap_critic,2.0,0.0,2600.0,104.0,650.0,28.0,0.8138461538461539,0.0,1.0,13.71284008026123,0.5,0.5,0.5442307591438293,0.2490226924419403,,,,,0.17954642793226425,0.0,650.0,0.0,28.0,0.0,ok,plugin,False,,620.6583294989721,641.4426568765592,1.3504943193230472,0.952555960646901,1.1289600515601856,,0.0,0.17954642793226425,0.8204535720677357,0.8204535720677357,False,,,,,,,nonliving26,2,CDANN,PCA4,64.0,0.8165384531021118,0.8165384531021118,0.7692307829856873,0.7500000596046448,splits_nonliving26_CDANN_2_0_b09dc755c62e.npz,b09dc755c62e,False,False,,,,,,,0.8204535720677357,all_pca,PCA4,IW overlap critic | W=2 | seed=0 (plug-in),True,
iw_overlap_critic,2.0,0.0,2600.0,104.0,650.0,28.0,0.8123076923076923,0.0,1.0,54.598148345947266,0.5,0.5,0.3769230842590332,0.2519162595272064,,,,,0.18469481344118127,0.0,650.0,0.0,28.0,0.0,ok,plugin,False,,640.9915562462425,649.3175419358187,1.0747724229332427,0.9883050246053064,1.0346337340184635,,0.0,0.18469481344118127,0.8153051865588188,0.8153051865588188,False,,,,,,,nonliving26,3,CDANN,PCA4,64.0,0.822692334651947,0.822692334651947,0.4038461744785309,0.3214285969734192,splits_nonliving26_CDANN_3_0_b09dc755c62e.npz,b09dc755c62e,False,False,,,,,,,0.8153051865588188,all_pca,PCA4,IW overlap critic | W=2 | seed=0 (plug-in),True,
iw_overlap_critic,2.0,0.0,11745.0,35070.0,2938.0,8768.0,0.6388699795779442,0.0,1.0,2.5893306732177734,0.5,0.5,0.5391305685043335,0.2477099597454071,3522.0,0.0,1761.0,0.0,0.35644396791339256,0.00011405109489051095,2938.0,0.0,8767.0,1.0,unsupported_critic_region,plugin,False,,2949.5290311061754,2835.1510889419837,1.7022543274269033,0.9967139904013804,1.333166204485363,,,,,,,,,,,,,fmow,1,DANN,PCA4,256.0,0.6519370079040527,0.6519370079040527,0.6103222370147705,0.6077782511711121,splits_fmow_DANN_1_0_b09dc755c62e.npz,b09dc755c62e,,,,,,,,,,all_pca,PCA4,IW overlap critic | W=2 | seed=0 (plug-in),False,
iw_overlap_critic,2.0,0.0,11745.0,39088.0,2938.0,9774.0,0.6344452008168822,0.0,1.0,2.2505924701690674,0.5,0.5,0.559982419013977,0.24604614078998566,3522.0,20.0,1760.0,11.0,0.37080140081539026,0.0014323715981174544,2933.0,5.0,9760.0,14.0,ok,plugin,False,,2936.6090608418353,2763.599685114607,1.9166827518901026,0.9827309358592388,1.4427302099198083,0.5714285714285714,0.0008184980560671167,0.37161989887145735,0.6283801011285426,0.6283801011285426,False,27.0,5.0,0.4513111710548401,0.366870641708374,0.8181818127632141,"[{'epoch': 0, 'best_score': 0.056544482707977295}, {'epoch': 1, 'best_score': 0.07846975326538086}, {'epoch': 2, 'best_score': 0.08760935068130493}, {'epoch': 3, 'best_score': 0.1233663558959961}, {'epoch': 4, 'best_score': 0.1347096562385559}, {'epoch': 5, 'best_score': 0.1698322892189026}, {'epoch': 6, 'best_score': 0.1893078088760376}, {'epoch': 7, 'best_score': 0.20812034606933594}, {'epoch': 8, 'best_score': 0.23822587728500366}, {'epoch': 9, 'best_score': 0.26861846446990967}, {'epoch': 10, 'best_score': 0.30332422256469727}, {'epoch': 11, 'best_score': 0.2535880208015442}, {'epoch': 12, 'best_score': 0.27858906984329224}, {'epoch': 13, 'best_score': 0.3045814037322998}, {'epoch': 14, 'best_score': 0.32160788774490356}, {'epoch': 15, 'best_score': 0.33996888995170593}, {'epoch': 16, 'best_score': 0.35125043988227844}, {'epoch': 17, 'best_score': 0.3704565763473511}, {'epoch': 18, 'best_score': 0.38431423902511597}, {'epoch': 19, 'best_score': 0.39247041940689087}, {'epoch': 20, 'best_score': 0.4001067876815796}, {'epoch': 21, 'best_score': 0.41039225459098816}, {'epoch': 22, 'best_score': 0.41715916991233826}, {'epoch': 23, 'best_score': 0.42436811327934265}, {'epoch': 24, 'best_score': 0.4292292892932892}, {'epoch': 25, 'best_score': 0.43738171458244324}, {'epoch': 26, 'best_score': 0.4444032907485962}, {'epoch': 27, 'best_score': 0.4513111710548401}, {'epoch': 28, 'best_score': 0.3739530146121979}, {'epoch': 29, 'best_score': 0.3792046308517456}, {'epoch': 30, 'best_score': 0.3842426836490631}, {'epoch': 31, 'best_score': 0.3872072696685791}, {'epoch': 32, 'best_score': 0.3880774974822998}, {'epoch': 33, 'best_score': 0.3903149664402008}, {'epoch': 34, 'best_score': 0.3918903172016144}, {'epoch': 35, 'best_score': 0.3921746611595154}, {'epoch': 36, 'best_score': 0.3967519700527191}, {'epoch': 37, 'best_score': 0.39962050318717957}, {'epoch': 38, 'best_score': 0.4022085964679718}, {'epoch': 39, 'best_score': 0.40553414821624756}, {'epoch': 40, 'best_score': 0.4071926772594452}, {'epoch': 41, 'best_score': 0.40742650628089905}, {'epoch': 42, 'best_score': 0.4096091091632843}, {'epoch': 43, 'best_score': 0.4110456705093384}, {'epoch': 44, 'best_score': 0.40971827507019043}, {'epoch': 45, 'best_score': 0.4116586446762085}, {'epoch': 46, 'best_score': 0.4125765562057495}, {'epoch': 47, 'best_score': 0.41188329458236694}, {'epoch': 48, 'best_score': 0.41476109623908997}, {'epoch': 49, 'best_score': 0.41647976636886597}]",fmow,2,DANN,PCA4,256.0,0.6504895687103271,0.6504895687103271,0.5482756495475769,0.5545324683189392,splits_fmow_DANN_2_0_b09dc755c62e.npz,b09dc755c62e,False,False,,,,,,,0.6283801011285426,all_pca,PCA4,IW overlap critic | W=2 | seed=0 (plug-in),True,
iw_overlap_critic,2.0,0.0,11745.0,35070.0,2938.0,8768.0,0.6466984343090538,0.0,1.0,1.6798226833343506,0.5,0.5,0.5391050577163696,0.24753981828689575,3523.0,0.0,1761.0,1.0,0.3381643936673361,0.00011405109489051095,2938.0,0.0,8767.0,1.0,unsupported_critic_region,plugin,False,,2908.5755482523714,2819.3141158987205,1.9285496563283029,0.9833139087443198,1.3355969792486584,,,,,,,,,,,,,fmow,1,CDANN,PCA4,64.0,0.6558535695075989,0.6558535695075989,0.605617344379425,0.6010492444038391,splits_fmow_CDANN_1_0_b09dc755c62e.npz,b09dc755c62e,,,,,,,,,,all_pca,PCA4,IW overlap critic | W=2 | seed=0 (plug-in),False,
iw_overlap_critic,2.0,0.0,11745.0,39088.0,2938.0,9774.0,0.6446562287270252,0.0,1.0,1.4382987022399902,0.5,0.5,0.5472197532653809,0.24689695239067078,3523.0,6.0,1761.0,4.0,0.3548137088932224,0.0002046245140167792,2936.0,2.0,9772.0,2.0,ok,plugin,False,,2929.3674989891306,2791.5435518880913,1.944402212159975,0.9811387401895162,1.4124073784633282,0.5,0.0001023122570083896,0.3549160211502308,0.6450839788497692,0.6450839788497692,False,49.0,14.0,0.7067590951919556,0.29324087500572205,1.0,"[{'epoch': 0, 'best_score': 0.040340542793273926}, {'epoch': 1, 'best_score': 0.04451024532318115}, {'epoch': 2, 'best_score': 0.05220019817352295}, {'epoch': 3, 'best_score': 0.06737464666366577}, {'epoch': 4, 'best_score': 0.08517438173294067}, {'epoch': 5, 'best_score': 0.10742145776748657}, {'epoch': 6, 'best_score': 0.12565147876739502}, {'epoch': 7, 'best_score': 0.1438036561012268}, {'epoch': 8, 'best_score': 0.16933673620224}, {'epoch': 9, 'best_score': 0.19590860605239868}, {'epoch': 10, 'best_score': 0.2206137776374817}, {'epoch': 11, 'best_score': 0.24755316972732544}, {'epoch': 12, 'best_score': 0.2689756751060486}, {'epoch': 13, 'best_score': 0.2954586148262024}, {'epoch': 14, 'best_score': 0.3245546221733093}, {'epoch': 15, 'best_score': 0.34595727920532227}, {'epoch': 16, 'best_score': 0.3606146574020386}, {'epoch': 17, 'best_score': 0.37209612131118774}, {'epoch': 18, 'best_score': 0.40124189853668213}, {'epoch': 19, 'best_score': 0.4296686053276062}, {'epoch': 20, 'best_score': 0.4462504982948303}, {'epoch': 21, 'best_score': 0.4440274238586426}, {'epoch': 22, 'best_score': 0.46237874031066895}, {'epoch': 23, 'best_score': 0.4816989302635193}, {'epoch': 24, 'best_score': 0.5040190815925598}, {'epoch': 25, 'best_score': 0.5236384868621826}, {'epoch': 26, 'best_score': 0.5405348539352417}, {'epoch': 27, 'best_score': 0.5563116073608398}, {'epoch': 28, 'best_score': 0.566798210144043}, {'epoch': 29, 'best_score': 0.5793221592903137}, {'epoch': 30, 'best_score': 0.5919806957244873}, {'epoch': 31, 'best_score': 0.6039295196533203}, {'epoch': 32, 'best_score': 0.6128556132316589}, {'epoch': 33, 'best_score': 0.6199891567230225}, {'epoch': 34, 'best_score': 0.6266656517982483}, {'epoch': 35, 'best_score': 0.6302325129508972}, {'epoch': 36, 'best_score': 0.6449518203735352}, {'epoch': 37, 'best_score': 0.6535588502883911}, {'epoch': 38, 'best_score': 0.6583261489868164}, {'epoch': 39, 'best_score': 0.6665384769439697}, {'epoch': 40, 'best_score': 0.6711266040802002}, {'epoch': 41, 'best_score': 0.6761103272438049}, {'epoch': 42, 'best_score': 0.6806380748748779}, {'epoch': 43, 'best_score': 0.6867231726646423}, {'epoch': 44, 'best_score': 0.6898531317710876}, {'epoch': 45, 'best_score': 0.6909080743789673}, {'epoch': 46, 'best_score': 0.6970643401145935}, {'epoch': 47, 'best_score': 0.7020770311355591}, {'epoch': 48, 'best_score': 0.7044025659561157}, {'epoch': 49, 'best_score': 0.7067590951919556}]",fmow,2,CDANN,PCA4,64.0,0.6548318862915039,0.6548318862915039,0.5420845150947571,0.5445058345794678,splits_fmow_CDANN_2_0_b09dc755c62e.npz,b09dc755c62e,False,False,,,,,,,0.6450839788497692,all_pca,PCA4,IW overlap critic | W=2 | seed=0 (plug-in),True,
iw_overlap_critic,2.0,0.0,731.0,898.0,184.0,227.0,0.9239130434782609,0.0,1.0,26.513965606689453,0.5,0.5,0.5130829811096191,0.24920149147510529,,,,,0.07490387015182091,0.0,184.0,0.0,227.0,0.0,ok,plugin,False,,182.75362949592585,181.63426140840306,1.3261444286652622,0.9752719152791629,1.1975999425121098,,0.0,0.07490387015182091,0.9250961298481791,0.9250961298481791,False,,,,,,,officehome,1,DANN,PCA4,146.0,0.922024667263031,0.922024667263031,0.7193763852119446,0.7268722057342529,splits_officehome_DANN_1_0_b09dc755c62e.npz,b09dc755c62e,False,False,,,,,,,0.9250961298481791,all_pca,PCA4,IW overlap critic | W=2 | seed=0 (plug-in),True,
iw_overlap_critic,2.0,0.0,731.0,893.0,184.0,226.0,0.9021739130434783,0.0,1.0,8.752723693847656,0.5,0.5,0.6040480136871338,0.24497924745082855,218.0,7.0,108.0,3.0,0.09022353002375386,0.004424778761061947,183.0,1.0,225.0,1.0,ok,plugin,False,,178.03136436243523,172.24936059200772,1.839640871979811,0.9580103619174637,1.4062180219935734,1.0,0.004424778761061947,0.09464830878481581,0.9053516912151842,0.9053516912151842,False,37.0,18.0,0.4067033529281616,0.25996333360671997,0.6666666865348816,"[{'epoch': 0, 'best_score': 0.06465256214141846}, {'epoch': 1, 'best_score': 0.08757877349853516}, {'epoch': 2, 'best_score': 0.11776012182235718}, {'epoch': 3, 'best_score': 0.13274747133255005}, {'epoch': 4, 'best_score': 0.18076878786087036}, {'epoch': 5, 'best_score': 0.2606543302536011}, {'epoch': 6, 'best_score': 0.26633286476135254}, {'epoch': 7, 'best_score': 0.3244205713272095}, {'epoch': 8, 'best_score': 0.3541795015335083}, {'epoch': 9, 'best_score': 0.37555867433547974}, {'epoch': 10, 'best_score': 0.19647935032844543}, {'epoch': 11, 'best_score': 0.22103339433670044}, {'epoch': 12, 'best_score': 0.2267555594444275}, {'epoch': 13, 'best_score': 0.2480805218219757}, {'epoch': 14, 'best_score': 0.2480805218219757}, {'epoch': 15, 'best_score': 0.26945412158966064}, {'epoch': 16, 'best_score': 0.29173755645751953}, {'epoch': 17, 'best_score': 0.3080947995185852}, {'epoch': 18, 'best_score': 0.31490394473075867}, {'epoch': 19, 'best_score': 0.3233344554901123}, {'epoch': 20, 'best_score': 0.3306889235973358}, {'epoch': 21, 'best_score': 0.3226874768733978}, {'epoch': 22, 'best_score': 0.315661758184433}, {'epoch': 23, 'best_score': 0.3480108082294464}, {'epoch': 24, 'best_score': 0.3556462526321411}, {'epoch': 25, 'best_score': 0.3453253507614136}, {'epoch': 26, 'best_score': 0.3538931906223297}, {'epoch': 27, 'best_score': 0.3702980875968933}, {'epoch': 28, 'best_score': 0.3702980875968933}, {'epoch': 29, 'best_score': 0.3697115480899811}, {'epoch': 30, 'best_score': 0.37745699286460876}, {'epoch': 31, 'best_score': 0.37745699286460876}, {'epoch': 32, 'best_score': 0.37745699286460876}, {'epoch': 33, 'best_score': 0.36990752816200256}, {'epoch': 34, 'best_score': 0.3873963952064514}, {'epoch': 35, 'best_score': 0.3963824510574341}, {'epoch': 36, 'best_score': 0.3963824510574341}, {'epoch': 37, 'best_score': 0.4067033529281616}, {'epoch': 38, 'best_score': 0.4067033529281616}, {'epoch': 39, 'best_score': 0.4067033529281616}, {'epoch': 40, 'best_score': 0.4067033529281616}, {'epoch': 41, 'best_score': 0.4067033529281616}, {'epoch': 42, 'best_score': 0.4067033529281616}, {'epoch': 43, 'best_score': 0.4067033529281616}, {'epoch': 44, 'best_score': 0.39283666014671326}, {'epoch': 45, 'best_score': 0.40362313389778137}, {'epoch': 46, 'best_score': 0.40362313389778137}, {'epoch': 47, 'best_score': 0.40362313389778137}, {'epoch': 48, 'best_score': 0.40362313389778137}, {'epoch': 49, 'best_score': 0.39363279938697815}]",officehome,2,DANN,PCA4,146.0,0.915184736251831,0.915184736251831,0.44904816150665283,0.45132744312286377,splits_officehome_DANN_2_0_b09dc755c62e.npz,b09dc755c62e,False,False,,,,,,,0.9053516912151842,all_pca,PCA4,IW overlap critic | W=2 | seed=0 (plug-in),True,
iw_overlap_critic,2.0,0.0,731.0,507.0,184.0,128.0,0.9130434782608696,0.0,1.0,8.945487976074219,0.5,0.5,0.5967123508453369,0.2359590381383896,208.0,9.0,106.0,1.0,0.07046019761277958,0.0390625,177.0,7.0,123.0,5.0,ok,plugin,False,,148.73722182580246,151.17200976179532,1.9918475582757462,0.8028597500509331,1.5070927840711825,1.0,0.0390625,0.10952269761277958,0.8904773023872204,0.8904773023872204,False,37.0,12.0,0.6656430959701538,0.3343569338321686,1.0,"[{'epoch': 0, 'best_score': 0.07016193866729736}, {'epoch': 1, 'best_score': 0.08296769857406616}, {'epoch': 2, 'best_score': 0.11408358812332153}, {'epoch': 3, 'best_score': 0.1446424126625061}, {'epoch': 4, 'best_score': 0.18370205163955688}, {'epoch': 5, 'best_score': 0.23969411849975586}, {'epoch': 6, 'best_score': 0.28960293531417847}, {'epoch': 7, 'best_score': 0.389217734336853}, {'epoch': 8, 'best_score': 0.434518039226532}, {'epoch': 9, 'best_score': 0.4407728314399719}, {'epoch': 10, 'best_score': 0.4734858274459839}, {'epoch': 11, 'best_score': 0.49580395221710205}, {'epoch': 12, 'best_score': 0.5510997772216797}, {'epoch': 13, 'best_score': 0.5637006759643555}, {'epoch': 14, 'best_score': 0.5923855304718018}, {'epoch': 15, 'best_score': 0.6015584468841553}, {'epoch': 16, 'best_score': 0.6015584468841553}, {'epoch': 17, 'best_score': 0.6131796836853027}, {'epoch': 18, 'best_score': 0.6195517778396606}, {'epoch': 19, 'best_score': 0.6257760524749756}, {'epoch': 20, 'best_score': 0.6334246397018433}, {'epoch': 21, 'best_score': 0.6195517778396606}, {'epoch': 22, 'best_score': 0.6446869373321533}, {'epoch': 23, 'best_score': 0.6446869373321533}, {'epoch': 24, 'best_score': 0.6446869373321533}, {'epoch': 25, 'best_score': 0.6446869373321533}, {'epoch': 26, 'best_score': 0.648245096206665}, {'epoch': 27, 'best_score': 0.6284365057945251}, {'epoch': 28, 'best_score': 0.6284365057945251}, {'epoch': 29, 'best_score': 0.6301957368850708}, {'epoch': 30, 'best_score': 0.6375322341918945}, {'epoch': 31, 'best_score': 0.6456535458564758}, {'epoch': 32, 'best_score': 0.6531851291656494}, {'epoch': 33, 'best_score': 0.6531851291656494}, {'epoch': 34, 'best_score': 0.6531851291656494}, {'epoch': 35, 'best_score': 0.6561828851699829}, {'epoch': 36, 'best_score': 0.6574454307556152}, {'epoch': 37, 'best_score': 0.6656430959701538}, {'epoch': 38, 'best_score': 0.663210391998291}, {'epoch': 39, 'best_score': -0.3164466619491577}, {'epoch': 40, 'best_score': -0.3082965910434723}, {'epoch': 41, 'best_score': -0.3082965910434723}, {'epoch': 42, 'best_score': -0.3082965910434723}, {'epoch': 43, 'best_score': -0.3082965910434723}, {'epoch': 44, 'best_score': -0.3082965910434723}, {'epoch': 45, 'best_score': -0.3082965910434723}, {'epoch': 46, 'best_score': -0.30079469084739685}, {'epoch': 47, 'best_score': -0.30079469084739685}, {'epoch': 48, 'best_score': -0.30079469084739685}, {'epoch': 49, 'best_score': -0.30079469084739685}]",officehome,3,DANN,PCA4,146.0,0.9056087732315063,0.9056087732315063,0.5364891290664673,0.5625,splits_officehome_DANN_3_0_b09dc755c62e.npz,b09dc755c62e,False,False,,,,,,,0.8904773023872204,all_pca,PCA4,IW overlap critic | W=2 | seed=0 (plug-in),True,
iw_overlap_critic,2.0,0.0,731.0,898.0,184.0,227.0,0.9130434782608696,0.0,1.0,6.3067145347595215,0.5,0.5,0.5241649746894836,0.24703700840473175,218.0,5.0,107.0,0.0,0.07924411755802355,0.02643171806167401,180.0,4.0,221.0,6.0,unsupported_critic_region,plugin,False,,172.22329002318244,170.1950556319737,1.9762009069052788,0.905766464158908,1.3613818362924954,,,,,,,,,,,,,officehome,1,CDANN,PCA4,64.0,0.9138167500495911,0.9138167500495911,0.730512261390686,0.7488986253738403,splits_officehome_CDANN_1_0_b09dc755c62e.npz,b09dc755c62e,,,,,,,,,,all_pca,PCA4,IW overlap critic | W=2 | seed=0 (plug-in),False,
iw_overlap_critic,2.0,0.0,731.0,893.0,184.0,226.0,0.8913043478260869,0.0,1.0,1.4432713985443115,0.5,0.5,0.7562720775604248,0.16281718015670776,188.0,154.0,93.0,81.0,0.06979724857041612,0.5486725663716814,164.0,20.0,102.0,124.0,ok,plugin,False,,80.28114020933631,91.95099570338479,1.9567197446185933,0.33263413972652833,1.5199845955955782,0.8064516129032258,0.44247787610619466,0.5122751246766107,0.48772487532338926,0.48772487532338926,False,26.0,0.0,0.2839450240135193,0.6049438714981079,0.8888888955116272,"[{'epoch': 0, 'best_score': 0.06420499086380005}, {'epoch': 1, 'best_score': 0.07655066251754761}, {'epoch': 2, 'best_score': 0.07114070653915405}, {'epoch': 3, 'best_score': 0.07500278949737549}, {'epoch': 4, 'best_score': 0.09057635068893433}, {'epoch': 5, 'best_score': 0.12833237648010254}, {'epoch': 6, 'best_score': 0.12888646125793457}, {'epoch': 7, 'best_score': 0.13226842880249023}, {'epoch': 8, 'best_score': 0.13528156280517578}, {'epoch': 9, 'best_score': 0.13226842880249023}, {'epoch': 10, 'best_score': 0.1517573595046997}, {'epoch': 11, 'best_score': 0.1971217393875122}, {'epoch': 12, 'best_score': 0.203264057636261}, {'epoch': 13, 'best_score': 0.24721425771713257}, {'epoch': 14, 'best_score': 0.24322152137756348}, {'epoch': 15, 'best_score': 0.24322152137756348}, {'epoch': 16, 'best_score': 0.24322152137756348}, {'epoch': 17, 'best_score': 0.24322152137756348}, {'epoch': 18, 'best_score': 0.24322152137756348}, {'epoch': 19, 'best_score': 0.2375367283821106}, {'epoch': 20, 'best_score': 0.27705782651901245}, {'epoch': 21, 'best_score': 0.2647121548652649}, {'epoch': 22, 'best_score': 0.2518124580383301}, {'epoch': 23, 'best_score': 0.2507445216178894}, {'epoch': 24, 'best_score': 0.23640501499176025}, {'epoch': 25, 'best_score': 0.2487506866455078}, {'epoch': 26, 'best_score': 0.2839450240135193}, {'epoch': 27, 'best_score': 0.26614177227020264}, {'epoch': 28, 'best_score': 0.2552645206451416}, {'epoch': 29, 'best_score': 0.2537961006164551}, {'epoch': 30, 'best_score': 0.24099880456924438}, {'epoch': 31, 'best_score': 0.24099880456924438}, {'epoch': 32, 'best_score': 0.24099880456924438}, {'epoch': 33, 'best_score': 0.24099880456924438}, {'epoch': 34, 'best_score': 0.2467421293258667}, {'epoch': 35, 'best_score': 0.2467421293258667}, {'epoch': 36, 'best_score': 0.24549800157546997}, {'epoch': 37, 'best_score': 0.2527405023574829}, {'epoch': 38, 'best_score': 0.24963265657424927}, {'epoch': 39, 'best_score': 0.24963265657424927}, {'epoch': 40, 'best_score': 0.25475478172302246}, {'epoch': 41, 'best_score': 0.24963265657424927}, {'epoch': 42, 'best_score': 0.24736303091049194}, {'epoch': 43, 'best_score': 0.2485368251800537}, {'epoch': 44, 'best_score': 0.2592286467552185}, {'epoch': 45, 'best_score': 0.27157431840896606}, {'epoch': 46, 'best_score': 0.27157431840896606}, {'epoch': 47, 'best_score': 0.2839199900627136}, {'epoch': 48, 'best_score': 0.2768555283546448}, {'epoch': 49, 'best_score': 0.2768555283546448}]",officehome,2,CDANN,PCA4,64.0,0.9015048146247864,0.9015048146247864,0.4501679837703705,0.45132744312286377,splits_officehome_CDANN_2_0_b09dc755c62e.npz,b09dc755c62e,False,False,,,,,,,0.48772487532338926,all_pca,PCA4,IW overlap critic | W=2 | seed=0 (plug-in),True,
iw_overlap_critic,2.0,0.0,731.0,507.0,184.0,128.0,0.9130434782608696,0.0,1.0,2.3363990783691406,0.5,0.5,0.7372602820396423,0.18301522731781006,191.0,77.0,95.0,35.0,0.057043442937892146,0.4921875,162.0,22.0,65.0,63.0,ok,plugin,False,,90.18204409369233,100.91986771619246,1.9214843249966038,0.41056781085883,1.625763292850456,0.8253968253968254,0.40625,0.46329344293789215,0.5367065570621079,0.5367065570621079,False,49.0,19.0,0.46645766496658325,0.41925662755966187,0.8857142925262451,"[{'epoch': 0, 'best_score': 0.036473989486694336}, {'epoch': 1, 'best_score': 0.04856550693511963}, {'epoch': 2, 'best_score': 0.05049163103103638}, {'epoch': 3, 'best_score': 0.06904470920562744}, {'epoch': 4, 'best_score': 0.10179787874221802}, {'epoch': 5, 'best_score': 0.11939555406570435}, {'epoch': 6, 'best_score': 0.13647758960723877}, {'epoch': 7, 'best_score': 0.1534293293952942}, {'epoch': 8, 'best_score': 0.19229483604431152}, {'epoch': 9, 'best_score': 0.19229483604431152}, {'epoch': 10, 'best_score': 0.203041672706604}, {'epoch': 11, 'best_score': 0.20971894264221191}, {'epoch': 12, 'best_score': 0.23157137632369995}, {'epoch': 13, 'best_score': 0.25192761421203613}, {'epoch': 14, 'best_score': 0.23733007907867432}, {'epoch': 15, 'best_score': 0.2588280439376831}, {'epoch': 16, 'best_score': 0.31406766176223755}, {'epoch': 17, 'best_score': 0.3304259777069092}, {'epoch': 18, 'best_score': 0.30785155296325684}, {'epoch': 19, 'best_score': 0.30987048149108887}, {'epoch': 20, 'best_score': 0.32186055183410645}, {'epoch': 21, 'best_score': 0.33022648096084595}, {'epoch': 22, 'best_score': 0.3067193627357483}, {'epoch': 23, 'best_score': 0.33372026681900024}, {'epoch': 24, 'best_score': 0.3462563753128052}, {'epoch': 25, 'best_score': 0.3643508553504944}, {'epoch': 26, 'best_score': 0.35687440633773804}, {'epoch': 27, 'best_score': 0.38525301218032837}, {'epoch': 28, 'best_score': 0.4020826518535614}, {'epoch': 29, 'best_score': 0.37375569343566895}, {'epoch': 30, 'best_score': 0.41060853004455566}, {'epoch': 31, 'best_score': 0.41800588369369507}, {'epoch': 32, 'best_score': 0.42351043224334717}, {'epoch': 33, 'best_score': 0.4556901156902313}, {'epoch': 34, 'best_score': 0.4557807743549347}, {'epoch': 35, 'best_score': 0.4662514925003052}, {'epoch': 36, 'best_score': 0.42824727296829224}, {'epoch': 37, 'best_score': 0.42824727296829224}, {'epoch': 38, 'best_score': 0.42824727296829224}, {'epoch': 39, 'best_score': 0.42824727296829224}, {'epoch': 40, 'best_score': 0.42824727296829224}, {'epoch': 41, 'best_score': 0.42824727296829224}, {'epoch': 42, 'best_score': 0.42824727296829224}, {'epoch': 43, 'best_score': 0.42824727296829224}, {'epoch': 44, 'best_score': 0.42824727296829224}, {'epoch': 45, 'best_score': 0.42824727296829224}, {'epoch': 46, 'best_score': 0.42824727296829224}, {'epoch': 47, 'best_score': 0.4391406178474426}, {'epoch': 48, 'best_score': 0.46397802233695984}, {'epoch': 49, 'best_score': 0.46645766496658325}]",officehome,3,CDANN,PCA4,64.0,0.9138167500495911,0.9138167500495911,0.5364891290664673,0.5546875,splits_officehome_CDANN_3_0_b09dc755c62e.npz,b09dc755c62e,False,True,,,,,,,0.5367065570621079,all_pca,PCA4,IW overlap critic | W=2 | seed=0 (plug-in),True,
iw_overlap_critic,2.0,0.0,24387.0,11083.0,6098.0,2773.0,0.9996720236142997,0.0,1.0,1.0069303512573242,0.5,0.5,0.9467568397521973,0.04128602147102356,6974.0,3095.0,3479.0,1552.0,0.00030007916459608256,0.9426613775694194,5799.0,299.0,159.0,2614.0,ok,plugin,False,,758.3250425089707,948.5235539749609,1.9785691697982586,0.015173711456161853,0.783170943467852,0.8821729150726856,0.8315903353768482,0.8318904145414443,0.1681095854585557,0.1681095854585557,False,49.0,20.0,0.7056989669799805,0.1854093223810196,0.8911082744598389,"[{'epoch': 0, 'best_score': 0.07918661832809448}, {'epoch': 1, 'best_score': 0.12462300062179565}, {'epoch': 2, 'best_score': 0.17422491312026978}, {'epoch': 3, 'best_score': 0.2342492938041687}, {'epoch': 4, 'best_score': 0.3123128414154053}, {'epoch': 5, 'best_score': 0.37671366333961487}, {'epoch': 6, 'best_score': 0.40178248286247253}, {'epoch': 7, 'best_score': 0.44277819991111755}, {'epoch': 8, 'best_score': 0.4559478759765625}, {'epoch': 9, 'best_score': 0.4610605239868164}, {'epoch': 10, 'best_score': 0.4828662872314453}, {'epoch': 11, 'best_score': 0.49160999059677124}, {'epoch': 12, 'best_score': 0.5056819915771484}, {'epoch': 13, 'best_score': 0.5240939259529114}, {'epoch': 14, 'best_score': 0.528267502784729}, {'epoch': 15, 'best_score': 0.539475679397583}, {'epoch': 16, 'best_score': 0.5446305871009827}, {'epoch': 17, 'best_score': 0.5510323643684387}, {'epoch': 18, 'best_score': 0.5627988576889038}, {'epoch': 19, 'best_score': 0.570360541343689}, {'epoch': 20, 'best_score': 0.5810837745666504}, {'epoch': 21, 'best_score': 0.5881505012512207}, {'epoch': 22, 'best_score': 0.5955159664154053}, {'epoch': 23, 'best_score': 0.6120225191116333}, {'epoch': 24, 'best_score': 0.6173543334007263}, {'epoch': 25, 'best_score': 0.6230341792106628}, {'epoch': 26, 'best_score': 0.6309550404548645}, {'epoch': 27, 'best_score': 0.6372648477554321}, {'epoch': 28, 'best_score': 0.6411615610122681}, {'epoch': 29, 'best_score': 0.6506724953651428}, {'epoch': 30, 'best_score': 0.6466597318649292}, {'epoch': 31, 'best_score': 0.6563592553138733}, {'epoch': 32, 'best_score': 0.6546571850776672}, {'epoch': 33, 'best_score': 0.6563894152641296}, {'epoch': 34, 'best_score': 0.6629190444946289}, {'epoch': 35, 'best_score': 0.6650123596191406}, {'epoch': 36, 'best_score': 0.6704351305961609}, {'epoch': 37, 'best_score': 0.6780515909194946}, {'epoch': 38, 'best_score': 0.6777971386909485}, {'epoch': 39, 'best_score': 0.6821264028549194}, {'epoch': 40, 'best_score': 0.6859719157218933}, {'epoch': 41, 'best_score': 0.6871864795684814}, {'epoch': 42, 'best_score': 0.6894807815551758}, {'epoch': 43, 'best_score': 0.6925159692764282}, {'epoch': 44, 'best_score': 0.6925679445266724}, {'epoch': 45, 'best_score': 0.6946393251419067}, {'epoch': 46, 'best_score': 0.6957215070724487}, {'epoch': 47, 'best_score': 0.7001448273658752}, {'epoch': 48, 'best_score': 0.7021883726119995}, {'epoch': 49, 'best_score': 0.7056989669799805}]",visda,1,DANN,PCA4,512.0,0.9995489120483398,0.9995489120483398,0.6463051438331604,0.6473133563995361,splits_visda_DANN_1_0_b09dc755c62e.npz,b09dc755c62e,True,True,,,,,,,0.1681095854585557,all_pca,PCA4,IW overlap critic | W=2 | seed=0 (plug-in),True,
iw_overlap_critic,2.0,0.0,24387.0,14480.0,6098.0,3620.0,0.9998360118071499,0.0,1.0,1.1549476385116577,0.5,0.5,0.9210432767868042,0.0572073757648468,6990.0,3837.0,3487.0,1909.0,0.0,0.8740331491712707,5810.0,288.0,456.0,3164.0,ok,plugin,False,,833.387415012379,978.3829463864181,1.9998069488972943,0.02068476458564954,0.824461990992514,0.8900126422250316,0.7779005524861878,0.7779005524861878,0.22209944751381216,0.22209944751381216,False,49.0,19.0,0.7559928894042969,0.14238323271274567,0.8983761072158813,"[{'epoch': 0, 'best_score': 0.05234473943710327}, {'epoch': 1, 'best_score': 0.09276223182678223}, {'epoch': 2, 'best_score': 0.16620922088623047}, {'epoch': 3, 'best_score': 0.24937677383422852}, {'epoch': 4, 'best_score': 0.30978646874427795}, {'epoch': 5, 'best_score': 0.3682703971862793}, {'epoch': 6, 'best_score': 0.4133531153202057}, {'epoch': 7, 'best_score': 0.45118680596351624}, {'epoch': 8, 'best_score': 0.46950575709342957}, {'epoch': 9, 'best_score': 0.4831443428993225}, {'epoch': 10, 'best_score': 0.5117696523666382}, {'epoch': 11, 'best_score': 0.5148884057998657}, {'epoch': 12, 'best_score': 0.5300602912902832}, {'epoch': 13, 'best_score': 0.5386475920677185}, {'epoch': 14, 'best_score': 0.5500583648681641}, {'epoch': 15, 'best_score': 0.555683970451355}, {'epoch': 16, 'best_score': 0.5633693337440491}, {'epoch': 17, 'best_score': 0.568972110748291}, {'epoch': 18, 'best_score': 0.5741239786148071}, {'epoch': 19, 'best_score': 0.5884502530097961}, {'epoch': 20, 'best_score': 0.5920144319534302}, {'epoch': 21, 'best_score': 0.6008563041687012}, {'epoch': 22, 'best_score': 0.6171985268592834}, {'epoch': 23, 'best_score': 0.6291179060935974}, {'epoch': 24, 'best_score': 0.6320370435714722}, {'epoch': 25, 'best_score': 0.6388812065124512}, {'epoch': 26, 'best_score': 0.6448041200637817}, {'epoch': 27, 'best_score': 0.6488328576087952}, {'epoch': 28, 'best_score': 0.6581367254257202}, {'epoch': 29, 'best_score': 0.666395902633667}, {'epoch': 30, 'best_score': 0.6751172542572021}, {'epoch': 31, 'best_score': 0.6875223517417908}, {'epoch': 32, 'best_score': 0.6946784257888794}, {'epoch': 33, 'best_score': 0.6969106197357178}, {'epoch': 34, 'best_score': 0.7016021609306335}, {'epoch': 35, 'best_score': 0.7028570771217346}, {'epoch': 36, 'best_score': 0.7047871351242065}, {'epoch': 37, 'best_score': 0.7077996134757996}, {'epoch': 38, 'best_score': 0.7130261659622192}, {'epoch': 39, 'best_score': 0.7183000445365906}, {'epoch': 40, 'best_score': 0.7240843176841736}, {'epoch': 41, 'best_score': 0.7257070541381836}, {'epoch': 42, 'best_score': 0.7308182120323181}, {'epoch': 43, 'best_score': 0.7358696460723877}, {'epoch': 44, 'best_score': 0.7389784455299377}, {'epoch': 45, 'best_score': 0.7406368255615234}, {'epoch': 46, 'best_score': 0.7442723512649536}, {'epoch': 47, 'best_score': 0.7452799677848816}, {'epoch': 48, 'best_score': 0.7493923306465149}, {'epoch': 49, 'best_score': 0.7559928894042969}]",visda,2,DANN,PCA4,512.0,0.9997539520263672,0.9997539520263672,0.6546961069107056,0.6544198393821716,splits_visda_DANN_2_0_b09dc755c62e.npz,b09dc755c62e,True,True,,,,,,,0.22209944751381216,all_pca,PCA4,IW overlap critic | W=2 | seed=0 (plug-in),True,
iw_overlap_critic,2.0,0.0,24387.0,11083.0,6098.0,2773.0,0.9993440472285995,0.0,1.0,0.6421828866004944,0.5,0.5,0.9498335123062134,0.037861574441194534,7008.0,3143.0,3480.0,1566.0,4.630571359496266e-06,0.9523981247746124,5845.0,253.0,132.0,2641.0,ok,plugin,False,,668.7645303814542,853.9574845686949,1.999517390241765,0.010063725611626533,0.6582857055387316,0.5244225672093904,0.49945906959971154,0.49946370017107106,0.5005362998289289,0.5005362998289289,False,46.0,10.0,0.44705674052238464,0.08359459787607193,0.530651330947876,"[{'epoch': 0, 'best_score': 0.07591283321380615}, {'epoch': 1, 'best_score': 0.07465922832489014}, {'epoch': 2, 'best_score': 0.07789242267608643}, {'epoch': 3, 'best_score': 0.08615773916244507}, {'epoch': 4, 'best_score': 0.09518617391586304}, {'epoch': 5, 'best_score': 0.1019863486289978}, {'epoch': 6, 'best_score': 0.09399926662445068}, {'epoch': 7, 'best_score': 0.09496796131134033}, {'epoch': 8, 'best_score': 0.11292952299118042}, {'epoch': 9, 'best_score': 0.11301261186599731}, {'epoch': 10, 'best_score': 0.1449006199836731}, {'epoch': 11, 'best_score': 0.1646479368209839}, {'epoch': 12, 'best_score': 0.16876524686813354}, {'epoch': 13, 'best_score': 0.18284231424331665}, {'epoch': 14, 'best_score': 0.18527603149414062}, {'epoch': 15, 'best_score': 0.2156970500946045}, {'epoch': 16, 'best_score': 0.24998527765274048}, {'epoch': 17, 'best_score': 0.2728043794631958}, {'epoch': 18, 'best_score': 0.2681373357772827}, {'epoch': 19, 'best_score': 0.319039911031723}, {'epoch': 20, 'best_score': 0.34162968397140503}, {'epoch': 21, 'best_score': 0.36070072650909424}, {'epoch': 22, 'best_score': 0.3676273822784424}, {'epoch': 23, 'best_score': 0.37533998489379883}, {'epoch': 24, 'best_score': 0.3539791405200958}, {'epoch': 25, 'best_score': 0.33872681856155396}, {'epoch': 26, 'best_score': 0.33984774351119995}, {'epoch': 27, 'best_score': 0.35273581743240356}, {'epoch': 28, 'best_score': 0.358031690120697}, {'epoch': 29, 'best_score': 0.3819235563278198}, {'epoch': 30, 'best_score': 0.4009197950363159}, {'epoch': 31, 'best_score': 0.4006188213825226}, {'epoch': 32, 'best_score': 0.4031986594200134}, {'epoch': 33, 'best_score': 0.4045311212539673}, {'epoch': 34, 'best_score': 0.40537121891975403}, {'epoch': 35, 'best_score': 0.41724705696105957}, {'epoch': 36, 'best_score': 0.4217647612094879}, {'epoch': 37, 'best_score': 0.44163253903388977}, {'epoch': 38, 'best_score': 0.44270265102386475}, {'epoch': 39, 'best_score': 0.4392734169960022}, {'epoch': 40, 'best_score': 0.4415271282196045}, {'epoch': 41, 'best_score': 0.44108009338378906}, {'epoch': 42, 'best_score': 0.4365352988243103}, {'epoch': 43, 'best_score': 0.4400384724140167}, {'epoch': 44, 'best_score': 0.443021297454834}, {'epoch': 45, 'best_score': 0.44560709595680237}, {'epoch': 46, 'best_score': 0.44705674052238464}, {'epoch': 47, 'best_score': 0.4460391402244568}, {'epoch': 48, 'best_score': 0.44479507207870483}, {'epoch': 49, 'best_score': 0.4466673731803894}]",visda,1,CDANN,PCA4,64.0,0.9990978837013245,0.9990978837013245,0.6784264445304871,0.6693112254142761,splits_visda_CDANN_1_0_b09dc755c62e.npz,b09dc755c62e,True,True,,,,,,,0.5005362998289289,all_pca,PCA4,IW overlap critic | W=2 | seed=0 (plug-in),True,
iw_overlap_critic,2.0,0.0,24387.0,14480.0,6098.0,3620.0,0.9995080354214496,0.0,1.0,0.5804858803749084,0.5,0.5,0.940099835395813,0.04283657297492027,6941.0,4030.0,3508.0,2014.0,7.755294396452847e-05,0.9301104972375691,5784.0,314.0,253.0,3367.0,ok,plugin,False,,601.2494294062539,740.7360316716578,1.992699678480517,0.005666645217189377,0.6548080428142022,0.5954855954855954,0.5538674033149171,0.5539449562588816,0.4460550437411184,0.4460550437411184,False,33.0,7.0,0.44433385133743286,0.135606586933136,0.5799404382705688,"[{'epoch': 0, 'best_score': 0.07739436626434326}, {'epoch': 1, 'best_score': 0.0917096734046936}, {'epoch': 2, 'best_score': 0.10147112607955933}, {'epoch': 3, 'best_score': 0.10263639688491821}, {'epoch': 4, 'best_score': 0.09788376092910767}, {'epoch': 5, 'best_score': 0.09838211536407471}, {'epoch': 6, 'best_score': 0.0989828109741211}, {'epoch': 7, 'best_score': 0.09810787439346313}, {'epoch': 8, 'best_score': 0.12460750341415405}, {'epoch': 9, 'best_score': 0.14356553554534912}, {'epoch': 10, 'best_score': 0.1580767035484314}, {'epoch': 11, 'best_score': 0.19522041082382202}, {'epoch': 12, 'best_score': 0.22078531980514526}, {'epoch': 13, 'best_score': 0.21815073490142822}, {'epoch': 14, 'best_score': 0.22456645965576172}, {'epoch': 15, 'best_score': 0.26904600858688354}, {'epoch': 16, 'best_score': 0.29180148243904114}, {'epoch': 17, 'best_score': 0.29673075675964355}, {'epoch': 18, 'best_score': 0.31381458044052124}, {'epoch': 19, 'best_score': 0.3262365162372589}, {'epoch': 20, 'best_score': 0.34148040413856506}, {'epoch': 21, 'best_score': 0.3535667359828949}, {'epoch': 22, 'best_score': 0.36890533566474915}, {'epoch': 23, 'best_score': 0.37246519327163696}, {'epoch': 24, 'best_score': 0.38074791431427}, {'epoch': 25, 'best_score': 0.37329867482185364}, {'epoch': 26, 'best_score': 0.3781658113002777}, {'epoch': 27, 'best_score': 0.3899504244327545}, {'epoch': 28, 'best_score': 0.4078409969806671}, {'epoch': 29, 'best_score': 0.4164521098136902}, {'epoch': 30, 'best_score': 0.43193531036376953}, {'epoch': 31, 'best_score': 0.4398488998413086}, {'epoch': 32, 'best_score': 0.4414317011833191}, {'epoch': 33, 'best_score': 0.44433385133743286}, {'epoch': 34, 'best_score': 0.44092199206352234}, {'epoch': 35, 'best_score': 0.43517181277275085}, {'epoch': 36, 'best_score': 0.42319852113723755}, {'epoch': 37, 'best_score': 0.41289180517196655}, {'epoch': 38, 'best_score': 0.4147234559059143}, {'epoch': 39, 'best_score': 0.4193701148033142}, {'epoch': 40, 'best_score': 0.41467776894569397}, {'epoch': 41, 'best_score': 0.4137812852859497}, {'epoch': 42, 'best_score': 0.42188072204589844}, {'epoch': 43, 'best_score': 0.4208208918571472}, {'epoch': 44, 'best_score': 0.4253884553909302}, {'epoch': 45, 'best_score': 0.42599108815193176}, {'epoch': 46, 'best_score': 0.4261907637119293}, {'epoch': 47, 'best_score': 0.42746660113334656}, {'epoch': 48, 'best_score': 0.4315497875213623}, {'epoch': 49, 'best_score': 0.42783811688423157}]",visda,2,CDANN,PCA4,64.0,0.9995899200439453,0.9995899200439453,0.7107734680175781,0.7140883803367615,splits_visda_CDANN_2_0_b09dc755c62e.npz,b09dc755c62e,True,True,,,,,,,0.4460550437411184,all_pca,PCA4,IW overlap critic | W=2 | seed=0 (plug-in),True,
iw_overlap_critic,2.0,0.0,6500.0,33009.0,1625.0,8255.0,0.904,0.0,1.0,1.8530629873275757,0.5,0.5,0.5364452600479126,0.24901244044303894,,,,,0.10113244800326926,0.0,1625.0,0.0,8255.0,0.0,ok,plugin,False,,1638.1487812856544,1597.2230893914025,1.7532263129870007,1.0056999830837947,1.2370699404854708,,0.0,0.10113244800326926,0.8988675519967307,0.8988675519967307,False,,,,,,,entity13,1,DANN,PCA16,32.0,0.905846118927002,0.905846118927002,0.7318307161331177,0.7345851063728333,splits_entity13_DANN_1_0_b09dc755c62e.npz,b09dc755c62e,False,False,,,,,,,0.8988675519967307,all_pca,PCA16,IW overlap critic | W=2 | seed=0 (plug-in),True,
iw_overlap_critic,2.0,0.0,6500.0,260.0,1625.0,65.0,0.9101538461538462,0.0,1.0,13.29384994506836,0.5,0.5,0.5376923084259033,0.24971038103103638,,,,,0.08972846333519681,0.0,1625.0,0.0,65.0,0.0,ok,plugin,False,,1593.5044258160337,1618.102533702859,1.1703790763279103,0.9867194450871848,1.0736861977608667,,0.0,0.08972846333519681,0.9102715366648032,0.9102715366648032,False,,,,,,,entity13,2,DANN,PCA16,32.0,0.9129230380058289,0.9129230380058289,0.8615384697914124,0.8461538553237915,splits_entity13_DANN_2_0_b09dc755c62e.npz,b09dc755c62e,False,False,,,,,,,0.9102715366648032,all_pca,PCA16,IW overlap critic | W=2 | seed=0 (plug-in),True,
iw_overlap_critic,2.0,0.0,6500.0,260.0,1625.0,65.0,0.9027692307692308,0.0,1.0,1.9349365234375,0.5,0.5,0.5976923108100891,0.23669494688510895,1870.0,3.0,930.0,3.0,0.09589265357828941,0.09230769230769231,1560.0,65.0,59.0,6.0,ok,plugin,False,,1371.1814361004087,1292.6643328390767,1.9976014304064607,0.8282944439793658,1.6296906482618192,0.5,0.046153846153846156,0.14204649973213557,0.8579535002678644,0.8579535002678644,False,45.0,4.0,0.6120185852050781,0.38798144459724426,1.0,"[{'epoch': 0, 'best_score': 0.1910775899887085}, {'epoch': 1, 'best_score': 0.19093698263168335}, {'epoch': 2, 'best_score': 0.19744080305099487}, {'epoch': 3, 'best_score': 0.19922500848770142}, {'epoch': 4, 'best_score': 0.21167397499084473}, {'epoch': 5, 'best_score': 0.21750956773757935}, {'epoch': 6, 'best_score': 0.2217944860458374}, {'epoch': 7, 'best_score': 0.23076379299163818}, {'epoch': 8, 'best_score': 0.23149025440216064}, {'epoch': 9, 'best_score': 0.23892903327941895}, {'epoch': 10, 'best_score': 0.24317657947540283}, {'epoch': 11, 'best_score': 0.22916585206985474}, {'epoch': 12, 'best_score': 0.2360888123512268}, {'epoch': 13, 'best_score': 0.24551737308502197}, {'epoch': 14, 'best_score': 0.243868887424469}, {'epoch': 15, 'best_score': 0.27109408378601074}, {'epoch': 16, 'best_score': 0.29286110401153564}, {'epoch': 17, 'best_score': 0.3117353320121765}, {'epoch': 18, 'best_score': 0.32349133491516113}, {'epoch': 19, 'best_score': 0.34967315196990967}, {'epoch': 20, 'best_score': 0.32490015029907227}, {'epoch': 21, 'best_score': 0.3408701419830322}, {'epoch': 22, 'best_score': 0.3618052005767822}, {'epoch': 23, 'best_score': 0.38008058071136475}, {'epoch': 24, 'best_score': 0.39532577991485596}, {'epoch': 25, 'best_score': 0.40804946422576904}, {'epoch': 26, 'best_score': 0.4234747886657715}, {'epoch': 27, 'best_score': 0.4348873496055603}, {'epoch': 28, 'best_score': 0.45263856649398804}, {'epoch': 29, 'best_score': 0.4656933546066284}, {'epoch': 30, 'best_score': 0.4800107479095459}, {'epoch': 31, 'best_score': 0.4928911328315735}, {'epoch': 32, 'best_score': 0.5121517181396484}, {'epoch': 33, 'best_score': 0.5330555438995361}, {'epoch': 34, 'best_score': 0.4472042918205261}, {'epoch': 35, 'best_score': 0.4627511501312256}, {'epoch': 36, 'best_score': 0.4764224886894226}, {'epoch': 37, 'best_score': 0.4922026991844177}, {'epoch': 38, 'best_score': 0.5073144435882568}, {'epoch': 39, 'best_score': 0.5263350009918213}, {'epoch': 40, 'best_score': 0.5423107147216797}, {'epoch': 41, 'best_score': 0.5551382303237915}, {'epoch': 42, 'best_score': 0.5684897899627686}, {'epoch': 43, 'best_score': 0.5858083963394165}, {'epoch': 44, 'best_score': 0.5972167253494263}, {'epoch': 45, 'best_score': 0.6120185852050781}, {'epoch': 46, 'best_score': 0.3210655450820923}, {'epoch': 47, 'best_score': 0.3117367625236511}, {'epoch': 48, 'best_score': 0.31978920102119446}, {'epoch': 49, 'best_score': 0.3266093134880066}]",entity13,3,DANN,PCA16,32.0,0.907076895236969,0.907076895236969,0.6653845906257629,0.5538461804389954,splits_entity13_DANN_3_0_b09dc755c62e.npz,b09dc755c62e,False,False,,,,,,,0.8579535002678644,all_pca,PCA16,IW overlap critic | W=2 | seed=0 (plug-in),True,
iw_overlap_critic,2.0,0.0,6500.0,33009.0,1625.0,8255.0,0.9132307692307693,0.0,1.0,1.775124192237854,0.5,0.5,0.5358391404151917,0.24932822585105896,,,,,0.08881859178631613,0.0,1625.0,0.0,8255.0,0.0,ok,plugin,False,,1626.3300294548944,1607.3195506848322,1.3848137148106956,1.0046824136032193,1.1589464917022145,,0.0,0.08881859178631613,0.9111814082136839,0.9111814082136839,False,,,,,,,entity13,1,CDANN,PCA16,16.0,0.9096922874450684,0.9096922874450684,0.7354357838630676,0.7372501492500305,splits_entity13_CDANN_1_0_b09dc755c62e.npz,b09dc755c62e,False,False,,,,,,,0.9111814082136839,all_pca,PCA16,IW overlap critic | W=2 | seed=0 (plug-in),True,
iw_overlap_critic,2.0,0.0,6500.0,260.0,1625.0,65.0,0.9058461538461539,0.0,1.0,54.598148345947266,0.5,0.5,0.4746153950691223,0.25032246112823486,,,,,0.09430320653794334,0.0,1625.0,0.0,65.0,0.0,ok,plugin,False,,1620.1358707453442,1624.7753736434915,1.0362474670433792,0.9974961811222159,1.0155036818384287,,0.0,0.09430320653794334,0.9056967934620567,0.9056967934620567,False,,,,,,,entity13,2,CDANN,PCA16,16.0,0.9081538319587708,0.9081538319587708,0.8423076868057251,0.8769230842590332,splits_entity13_CDANN_2_0_b09dc755c62e.npz,b09dc755c62e,False,False,,,,,,,0.9056967934620567,all_pca,PCA16,IW overlap critic | W=2 | seed=0 (plug-in),True,
iw_overlap_critic,2.0,0.0,6500.0,260.0,1625.0,65.0,0.9015384615384615,0.0,1.0,1.8160862922668457,0.5,0.5,0.5453846454620361,0.2456142157316208,,,,,0.1071709407418081,0.0,1624.0,1.0,65.0,0.0,ok,plugin,False,,1619.0898552833626,1523.8037715123028,1.978376815514307,0.9995386886995656,1.4240421245509491,,0.0,0.1071709407418081,0.8928290592581919,0.8928290592581919,False,,,,,,,entity13,3,CDANN,PCA16,16.0,0.9061538577079773,0.9061538577079773,0.6653845906257629,0.5692307949066162,splits_entity13_CDANN_3_0_b09dc755c62e.npz,b09dc755c62e,False,False,,,,,,,0.8928290592581919,all_pca,PCA16,IW overlap critic | W=2 | seed=0 (plug-in),True,
iw_overlap_critic,2.0,0.0,6000.0,30828.0,1500.0,7709.0,0.8426666666666667,0.0,1.0,1.6483181715011597,0.5,0.5,0.522881805896759,0.24881476163864136,,,,,0.15967670280755697,0.0,1500.0,0.0,7709.0,0.0,ok,plugin,False,,1494.1038851145356,1471.341762500957,1.477022821970342,0.9971122173467463,1.2201314469094886,,0.0,0.15967670280755697,0.840323297192443,0.840323297192443,False,,,,,,,entity30,1,DANN,PCA16,32.0,0.8550000190734863,0.8550000190734863,0.6190800070762634,0.6236866116523743,splits_entity30_DANN_1_0_b09dc755c62e.npz,b09dc755c62e,False,False,,,,,,,0.840323297192443,all_pca,PCA16,IW overlap critic | W=2 | seed=0 (plug-in),True,
iw_overlap_critic,2.0,0.0,6000.0,240.0,1500.0,60.0,0.8606666666666667,0.0,1.0,54.598148345947266,0.5,0.5,0.4350000023841858,0.25021612644195557,,,,,0.1388633475396797,0.0,1500.0,0.0,60.0,0.0,ok,plugin,False,,1493.322574033277,1499.664898500515,1.0417970869844706,0.9964768319371748,1.0178197637360316,,0.0,0.1388633475396797,0.8611366524603203,0.8611366524603203,False,,,,,,,entity30,2,DANN,PCA16,32.0,0.8646666407585144,0.8646666407585144,0.7875000238418579,0.7500000596046448,splits_entity30_DANN_2_0_b09dc755c62e.npz,b09dc755c62e,False,False,,,,,,,0.8611366524603203,all_pca,PCA16,IW overlap critic | W=2 | seed=0 (plug-in),True,
iw_overlap_critic,2.0,0.0,6000.0,240.0,1500.0,60.0,0.8553333333333333,0.0,1.0,8.529847145080566,0.5,0.5,0.5049999952316284,0.24892663955688477,,,,,0.14056704089104735,0.0,1500.0,0.0,60.0,0.0,ok,plugin,False,,1441.4791812940057,1476.9486559251682,1.3599798151240188,0.9681696821870893,1.1504120932293667,,0.0,0.14056704089104735,0.8594329591089527,0.8594329591089527,False,,,,,,,entity30,3,DANN,PCA16,32.0,0.8636666536331177,0.8636666536331177,0.5708333849906921,0.6666666865348816,splits_entity30_DANN_3_0_b09dc755c62e.npz,b09dc755c62e,False,False,,,,,,,0.8594329591089527,all_pca,PCA16,IW overlap critic | W=2 | seed=0 (plug-in),True,
iw_overlap_critic,2.0,0.0,6000.0,30828.0,1500.0,7709.0,0.856,0.0,1.0,3.7607927322387695,0.5,0.5,0.5080440044403076,0.24991461634635925,,,,,0.14426797433945074,0.0,1500.0,0.0,7709.0,0.0,ok,plugin,False,,1495.3510130376067,1497.3009056272456,1.1396087811019069,0.9997722715208301,1.0579058340516443,,0.0,0.14426797433945074,0.8557320256605493,0.8557320256605493,False,,,,,,,entity30,1,CDANN,PCA16,16.0,0.8611666560173035,0.8611666560173035,0.627903163433075,0.6345829367637634,splits_entity30_CDANN_1_0_b09dc755c62e.npz,b09dc755c62e,False,False,,,,,,,0.8557320256605493,all_pca,PCA16,IW overlap critic | W=2 | seed=0 (plug-in),True,
iw_overlap_critic,2.0,0.0,6000.0,240.0,1500.0,60.0,0.862,0.0,1.0,54.598148345947266,0.5,0.5,0.46916669607162476,0.2500125765800476,,,,,0.13759405847249292,0.0,1500.0,0.0,60.0,0.0,ok,plugin,False,,1495.4952103362916,1499.8194912094377,1.0388345172066729,0.9974009113036422,1.0152375879259994,,0.0,0.13759405847249292,0.862405941527507,0.862405941527507,False,,,,,,,entity30,2,CDANN,PCA16,16.0,0.8646666407585144,0.8646666407585144,0.8125000596046448,0.7500000596046448,splits_entity30_CDANN_2_0_b09dc755c62e.npz,b09dc755c62e,False,False,,,,,,,0.862405941527507,all_pca,PCA16,IW overlap critic | W=2 | seed=0 (plug-in),True,
iw_overlap_critic,2.0,0.0,6000.0,240.0,1500.0,60.0,0.8453333333333333,0.0,1.0,54.598148345947266,0.5,0.5,0.4625000059604645,0.25004494190216064,,,,,0.15389750406137473,0.0,1500.0,0.0,60.0,0.0,ok,plugin,False,,1496.598841253202,1499.8009947796068,1.0497293027777301,0.9969008787370625,1.016786049866062,,0.0,0.15389750406137473,0.8461024959386253,0.8461024959386253,False,,,,,,,entity30,3,CDANN,PCA16,16.0,0.8573333024978638,0.8573333024978638,0.5625,0.6166666746139526,splits_entity30_CDANN_3_0_b09dc755c62e.npz,b09dc755c62e,False,False,,,,,,,0.8461024959386253,all_pca,PCA16,IW overlap critic | W=2 | seed=0 (plug-in),True,
iw_overlap_critic,2.0,0.0,10000.0,2000.0,2500.0,500.0,0.9452,0.0,1.0,2.3508100509643555,0.5,0.5,0.5485000014305115,0.2455609142780304,2992.0,7.0,1491.0,3.0,0.05824111769776439,0.008,2484.0,16.0,496.0,4.0,ok,plugin,False,,2366.2031219976825,2327.474583409532,1.9796024166524124,0.9195512416177978,1.3902418818619895,0.75,0.006,0.06424111769776439,0.9357588823022356,0.9357588823022356,False,49.0,1.0,0.8258562684059143,0.1741437166929245,1.0,"[{'epoch': 0, 'best_score': 0.19224780797958374}, {'epoch': 1, 'best_score': 0.20207226276397705}, {'epoch': 2, 'best_score': 0.21114599704742432}, {'epoch': 3, 'best_score': 0.22518128156661987}, {'epoch': 4, 'best_score': 0.24124085903167725}, {'epoch': 5, 'best_score': 0.2516555190086365}, {'epoch': 6, 'best_score': 0.2681729793548584}, {'epoch': 7, 'best_score': 0.28062838315963745}, {'epoch': 8, 'best_score': 0.2924357056617737}, {'epoch': 9, 'best_score': 0.30612456798553467}, {'epoch': 10, 'best_score': 0.3207508325576782}, {'epoch': 11, 'best_score': 0.3364773988723755}, {'epoch': 12, 'best_score': 0.3482533097267151}, {'epoch': 13, 'best_score': 0.3598793148994446}, {'epoch': 14, 'best_score': 0.3779904842376709}, {'epoch': 15, 'best_score': 0.39531832933425903}, {'epoch': 16, 'best_score': 0.4129451513290405}, {'epoch': 17, 'best_score': 0.4291726350784302}, {'epoch': 18, 'best_score': 0.4495278000831604}, {'epoch': 19, 'best_score': 0.4684194326400757}, {'epoch': 20, 'best_score': 0.48671793937683105}, {'epoch': 21, 'best_score': 0.4997307062149048}, {'epoch': 22, 'best_score': 0.5222594738006592}, {'epoch': 23, 'best_score': 0.5418022871017456}, {'epoch': 24, 'best_score': 0.5552577972412109}, {'epoch': 25, 'best_score': 0.5652559995651245}, {'epoch': 26, 'best_score': 0.5841545462608337}, {'epoch': 27, 'best_score': 0.5997952222824097}, {'epoch': 28, 'best_score': 0.6220507025718689}, {'epoch': 29, 'best_score': 0.6378699541091919}, {'epoch': 30, 'best_score': 0.6483094692230225}, {'epoch': 31, 'best_score': 0.6596711874008179}, {'epoch': 32, 'best_score': 0.670583963394165}, {'epoch': 33, 'best_score': 0.6803358197212219}, {'epoch': 34, 'best_score': 0.6921215057373047}, {'epoch': 35, 'best_score': 0.7076411247253418}, {'epoch': 36, 'best_score': 0.7201077938079834}, {'epoch': 37, 'best_score': 0.7322231531143188}, {'epoch': 38, 'best_score': 0.744115948677063}, {'epoch': 39, 'best_score': 0.7518320679664612}, {'epoch': 40, 'best_score': 0.7595749497413635}, {'epoch': 41, 'best_score': 0.7738586664199829}, {'epoch': 42, 'best_score': 0.7804363369941711}, {'epoch': 43, 'best_score': 0.7931758165359497}, {'epoch': 44, 'best_score': 0.7990112900733948}, {'epoch': 45, 'best_score': 0.8022118806838989}, {'epoch': 46, 'best_score': 0.808289110660553}, {'epoch': 47, 'best_score': 0.8136666417121887}, {'epoch': 48, 'best_score': 0.8196825385093689}, {'epoch': 49, 'best_score': 0.8258562684059143}]",cifar10,1,DANN,PCA16,32.0,0.9508999586105347,0.9508999586105347,0.8440000414848328,0.8360000252723694,splits_cifar10_DANN_1_0_b09dc755c62e.npz,b09dc755c62e,False,False,,,,,,,0.9357588823022356,all_pca,PCA16,IW overlap critic | W=2 | seed=0 (plug-in),True,
iw_overlap_critic,2.0,0.0,10000.0,2000.0,2500.0,500.0,0.946,0.0,1.0,2.5143840312957764,0.5,0.5,0.5329999923706055,0.24898117780685425,,,,,0.057107110049557604,0.0,2500.0,0.0,500.0,0.0,ok,plugin,False,,2484.2115162890286,2459.08662028362,1.5802310277152518,0.9842653231961656,1.213690522628712,,0.0,0.057107110049557604,0.9428928899504424,0.9428928899504424,False,,,,,,,cifar10,10,DANN,PCA16,32.0,0.9477999806404114,0.9477999806404114,0.924500048160553,0.9120000600814819,splits_cifar10_DANN_10_0_b09dc755c62e.npz,b09dc755c62e,False,False,,,,,,,0.9428928899504424,all_pca,PCA16,IW overlap critic | W=2 | seed=0 (plug-in),True,
iw_overlap_critic,2.0,0.0,10000.0,2000.0,2500.0,500.0,0.9452,0.0,1.0,51.38346862792969,0.5,0.5,0.4710000157356262,0.2499980628490448,,,,,0.05495840780800947,0.0,2500.0,0.0,500.0,0.0,ok,plugin,False,,2498.451245733029,2499.919863567849,1.0212788808214397,0.9990805701998346,1.0092550438665286,,0.0,0.05495840780800947,0.9450415921919906,0.9450415921919906,False,,,,,,,cifar10,71,DANN,PCA16,32.0,0.9487999677658081,0.9487999677658081,0.9305000305175781,0.9180000424385071,splits_cifar10_DANN_71_0_b09dc755c62e.npz,b09dc755c62e,False,False,,,,,,,0.9450415921919906,all_pca,PCA16,IW overlap critic | W=2 | seed=0 (plug-in),True,
iw_overlap_critic,2.0,0.0,10000.0,2000.0,2500.0,500.0,0.9528,0.0,1.0,54.598148345947266,0.5,0.5,0.4819999933242798,0.25007349252700806,,,,,0.04727815321490052,0.0,2500.0,0.0,500.0,0.0,ok,plugin,False,,2498.3671456727343,2499.8966367072508,1.0224933990878347,0.9989148616796366,1.0106089491340755,,0.0,0.04727815321490052,0.9527218467850995,0.9527218467850995,False,,,,,,,cifar10,95,DANN,PCA16,32.0,0.9515999555587769,0.9515999555587769,0.9390000700950623,0.9360000491142273,splits_cifar10_DANN_95_0_b09dc755c62e.npz,b09dc755c62e,False,False,,,,,,,0.9527218467850995,all_pca,PCA16,IW overlap critic | W=2 | seed=0 (plug-in),True,
iw_overlap_critic,2.0,0.0,10000.0,2000.0,2500.0,500.0,0.9476,0.0,1.0,11.04572582244873,0.5,0.5,0.5090000033378601,0.249971404671669,,,,,0.05276310048094458,0.0,2500.0,0.0,500.0,0.0,ok,plugin,False,,2493.9263506539046,2498.889530368012,1.0739594195392899,0.9957176463278057,1.033076475100503,,0.0,0.05276310048094458,0.9472368995190554,0.9472368995190554,False,,,,,,,cifar10,1,CDANN,PCA16,16.0,0.949999988079071,0.949999988079071,0.846500039100647,0.8440000414848328,splits_cifar10_CDANN_1_0_b09dc755c62e.npz,b09dc755c62e,False,False,,,,,,,0.9472368995190554,all_pca,PCA16,IW overlap critic | W=2 | seed=0 (plug-in),True,
iw_overlap_critic,2.0,0.0,10000.0,2000.0,2500.0,500.0,0.9468,0.0,1.0,3.3526968955993652,0.5,0.5,0.5115000009536743,0.24932187795639038,,,,,0.053175401739886594,0.0,2500.0,0.0,500.0,0.0,ok,plugin,False,,2480.5738994145477,2472.854867073921,1.4269997838518862,0.9867629515389336,1.1761624702638438,,0.0,0.053175401739886594,0.9468245982601134,0.9468245982601134,False,,,,,,,cifar10,10,CDANN,PCA16,16.0,0.948699951171875,0.948699951171875,0.9160000681877136,0.9120000600814819,splits_cifar10_CDANN_10_0_b09dc755c62e.npz,b09dc755c62e,False,False,,,,,,,0.9468245982601134,all_pca,PCA16,IW overlap critic | W=2 | seed=0 (plug-in),True,
iw_overlap_critic,2.0,0.0,10000.0,2000.0,2500.0,500.0,0.9492,0.0,1.0,1.9657901525497437,0.5,0.5,0.5485000014305115,0.2484492063522339,,,,,0.0526844782085746,0.0,2500.0,0.0,500.0,0.0,ok,plugin,False,,2487.143212256741,2438.030161814801,1.692587471429481,0.9799305078204226,1.278305499041655,,0.0,0.0526844782085746,0.9473155217914254,0.9473155217914254,False,,,,,,,cifar10,71,CDANN,PCA16,16.0,0.9511999487876892,0.9511999487876892,0.9280000329017639,0.9040000438690186,splits_cifar10_CDANN_71_0_b09dc755c62e.npz,b09dc755c62e,False,False,,,,,,,0.9473155217914254,all_pca,PCA16,IW overlap critic | W=2 | seed=0 (plug-in),True,
iw_overlap_critic,2.0,0.0,10000.0,2000.0,2500.0,500.0,0.9516,0.0,1.0,4.74760103225708,0.5,0.5,0.5130000114440918,0.24980032444000244,,,,,0.048712086184790726,0.0,2500.0,0.0,500.0,0.0,ok,plugin,False,,2489.3388350597397,2492.2609360273273,1.2463621092021444,0.9956336276135382,1.0870761928357735,,0.0,0.048712086184790726,0.9512879138152093,0.9512879138152093,False,,,,,,,cifar10,95,CDANN,PCA16,16.0,0.9526000022888184,0.9526000022888184,0.9355000257492065,0.9260000586509705,splits_cifar10_CDANN_95_0_b09dc755c62e.npz,b09dc755c62e,False,False,,,,,,,0.9512879138152093,all_pca,PCA16,IW overlap critic | W=2 | seed=0 (plug-in),True,
iw_overlap_critic,2.0,0.0,10000.0,2000.0,2500.0,500.0,0.758,0.0,1.0,54.598148345947266,0.5,0.5,0.48100000619888306,0.25002604722976685,,,,,0.24183124757011928,0.0,2500.0,0.0,500.0,0.0,ok,plugin,False,,2497.9267062382764,2499.872383183214,1.025001223260061,0.9991046267043318,1.0109743832787148,,0.0,0.24183124757011928,0.7581687524298807,0.7581687524298807,False,,,,,,,cifar100,4,DANN,PCA16,32.0,0.7841999530792236,0.7841999530792236,0.7440000176429749,0.7760000228881836,splits_cifar100_DANN_4_0_b09dc755c62e.npz,b09dc755c62e,False,True,,,,,,,0.7581687524298807,all_pca,PCA16,IW overlap critic | W=2 | seed=0 (plug-in),True,
iw_overlap_critic,2.0,0.0,10000.0,2000.0,2500.0,500.0,0.76,0.0,1.0,10.035618782043457,0.5,0.5,0.5060000419616699,0.2499135136604309,,,,,0.2392016846242238,0.0,2500.0,0.0,500.0,0.0,ok,plugin,False,,2491.512107664401,2496.4924147254715,1.1840830430471168,0.9952348624967362,1.0575584151114354,,0.0,0.2392016846242238,0.7607983153757762,0.7607983153757762,False,,,,,,,cifar100,12,DANN,PCA16,32.0,0.7831999659538269,0.7831999659538269,0.7545000314712524,0.7860000133514404,splits_cifar100_DANN_12_0_b09dc755c62e.npz,b09dc755c62e,False,True,,,,,,,0.7607983153757762,all_pca,PCA16,IW overlap critic | W=2 | seed=0 (plug-in),True,
iw_overlap_critic,2.0,0.0,10000.0,2000.0,2500.0,500.0,0.7596,0.0,1.0,7.202309608459473,0.5,0.5,0.5139999985694885,0.2498314082622528,,,,,0.23908761792498753,0.0,2500.0,0.0,500.0,0.0,ok,plugin,False,,2488.306597651046,2493.322030796427,1.2466207697679308,0.9933996771781166,1.0812372644491597,,0.0,0.23908761792498753,0.7609123820750124,0.7609123820750124,False,,,,,,,cifar100,59,DANN,PCA16,32.0,0.7841999530792236,0.7841999530792236,0.7585000395774841,0.7720000147819519,splits_cifar100_DANN_59_0_b09dc755c62e.npz,b09dc755c62e,False,True,,,,,,,0.7609123820750124,all_pca,PCA16,IW overlap critic | W=2 | seed=0 (plug-in),True,
iw_overlap_critic,2.0,0.0,10000.0,2000.0,2500.0,500.0,0.764,0.0,1.0,54.598148345947266,0.5,0.5,0.4829999804496765,0.25003623962402344,,,,,0.23581863071314169,0.0,2500.0,0.0,500.0,0.0,ok,plugin,False,,2498.308106218751,2499.8822288718907,1.0253644964151387,0.9992571759736026,1.0104583168370287,,0.0,0.23581863071314169,0.7641813692868583,0.7641813692868583,False,,,,,,,cifar100,82,DANN,PCA16,32.0,0.7861999869346619,0.7861999869346619,0.7695000171661377,0.7700000405311584,splits_cifar100_DANN_82_0_b09dc755c62e.npz,b09dc755c62e,True,True,,,,,,,0.7641813692868583,all_pca,PCA16,IW overlap critic | W=2 | seed=0 (plug-in),True,
iw_overlap_critic,2.0,0.0,10000.0,2000.0,2500.0,500.0,0.762,0.0,1.0,11.925271987915039,0.5,0.5,0.5080000162124634,0.2499530166387558,,,,,0.23752883810245376,0.0,2500.0,0.0,500.0,0.0,ok,plugin,False,,2495.387261386152,2498.0406186339496,1.10435866836377,0.9960099752856926,1.0483976920913638,,0.0,0.23752883810245376,0.7624711618975463,0.7624711618975463,False,,,,,,,cifar100,4,CDANN,PCA16,16.0,0.7849999666213989,0.7849999666213989,0.7275000214576721,0.7480000257492065,splits_cifar100_CDANN_4_0_b09dc755c62e.npz,b09dc755c62e,False,False,,,,,,,0.7624711618975463,all_pca,PCA16,IW overlap critic | W=2 | seed=0 (plug-in),True,
iw_overlap_critic,2.0,0.0,10000.0,2000.0,2500.0,500.0,0.766,0.0,1.0,3.8469343185424805,0.5,0.5,0.5220000147819519,0.24957320094108582,,,,,0.2333807540662023,0.0,2500.0,0.0,500.0,0.0,ok,plugin,False,,2492.148905177549,2481.1406164855516,1.3777029384447073,0.9935917459180487,1.1531086021311596,,0.0,0.2333807540662023,0.7666192459337977,0.7666192459337977,False,,,,,,,cifar100,12,CDANN,PCA16,16.0,0.7858999967575073,0.7858999967575073,0.7480000257492065,0.7680000066757202,splits_cifar100_CDANN_12_0_b09dc755c62e.npz,b09dc755c62e,False,True,,,,,,,0.7666192459337977,all_pca,PCA16,IW overlap critic | W=2 | seed=0 (plug-in),True,
iw_overlap_critic,2.0,0.0,10000.0,2000.0,2500.0,500.0,0.7664,0.0,1.0,4.286324977874756,0.5,0.5,0.5245000123977661,0.24965746700763702,,,,,0.23211333451212257,0.0,2500.0,0.0,500.0,0.0,ok,plugin,False,,2490.006467965134,2485.0840098085305,1.3550304030832303,0.990637814485575,1.1373998026708751,,0.0,0.23211333451212257,0.7678866654878774,0.7678866654878774,False,,,,,,,cifar100,59,CDANN,PCA16,16.0,0.7870000004768372,0.7870000004768372,0.7580000162124634,0.7920000553131104,splits_cifar100_CDANN_59_0_b09dc755c62e.npz,b09dc755c62e,False,True,,,,,,,0.7678866654878774,all_pca,PCA16,IW overlap critic | W=2 | seed=0 (plug-in),True,
iw_overlap_critic,2.0,0.0,10000.0,2000.0,2500.0,500.0,0.7652,0.0,1.0,6.481601715087891,0.5,0.5,0.5090000033378601,0.24986442923545837,,,,,0.234153352516013,0.0,2500.0,0.0,500.0,0.0,ok,plugin,False,,2493.974502544316,2494.1422139925103,1.1997067944148507,0.9969867524058091,1.0834999010025925,,0.0,0.234153352516013,0.765846647483987,0.765846647483987,False,,,,,,,cifar100,82,CDANN,PCA16,16.0,0.7872999906539917,0.7872999906539917,0.7635000348091125,0.7720000147819519,splits_cifar100_CDANN_82_0_b09dc755c62e.npz,b09dc755c62e,False,True,,,,,,,0.765846647483987,all_pca,PCA16,IW overlap critic | W=2 | seed=0 (plug-in),True,
iw_overlap_critic,2.0,0.0,28152.0,9910.0,7040.0,2478.0,0.803125,0.0,1.0,1.3576200008392334,0.5,0.5,0.6286595463752747,0.227321594953537,7943.0,709.0,3949.0,315.0,0.167016268016325,0.24818401937046006,6625.0,415.0,1863.0,615.0,ok,plugin,False,,5516.7264952302885,5331.574208510225,1.9987631253882132,0.752256383076892,1.6437752482782404,0.7772357723577236,0.19289749798224376,0.3599137659985687,0.6400862340014313,0.6400862340014313,False,46.0,20.0,0.5019074082374573,0.3266640305519104,0.8285714387893677,"[{'epoch': 0, 'best_score': 0.0066498517990112305}, {'epoch': 1, 'best_score': 0.011342823505401611}, {'epoch': 2, 'best_score': 0.019047200679779053}, {'epoch': 3, 'best_score': 0.0365983247756958}, {'epoch': 4, 'best_score': 0.05348402261734009}, {'epoch': 5, 'best_score': 0.0789482593536377}, {'epoch': 6, 'best_score': 0.11384695768356323}, {'epoch': 7, 'best_score': 0.15013182163238525}, {'epoch': 8, 'best_score': 0.19040662050247192}, {'epoch': 9, 'best_score': 0.22167140245437622}, {'epoch': 10, 'best_score': 0.25602883100509644}, {'epoch': 11, 'best_score': 0.2771334648132324}, {'epoch': 12, 'best_score': 0.3069095015525818}, {'epoch': 13, 'best_score': 0.32203209400177}, {'epoch': 14, 'best_score': 0.3405298590660095}, {'epoch': 15, 'best_score': 0.358251690864563}, {'epoch': 16, 'best_score': 0.3716639280319214}, {'epoch': 17, 'best_score': 0.3829271197319031}, {'epoch': 18, 'best_score': 0.39925575256347656}, {'epoch': 19, 'best_score': 0.4115366041660309}, {'epoch': 20, 'best_score': 0.42121946811676025}, {'epoch': 21, 'best_score': 0.4183276295661926}, {'epoch': 22, 'best_score': 0.4192653298377991}, {'epoch': 23, 'best_score': 0.4236045181751251}, {'epoch': 24, 'best_score': 0.4344828128814697}, {'epoch': 25, 'best_score': 0.44590121507644653}, {'epoch': 26, 'best_score': 0.44950050115585327}, {'epoch': 27, 'best_score': 0.45070600509643555}, {'epoch': 28, 'best_score': 0.454805463552475}, {'epoch': 29, 'best_score': 0.45475009083747864}, {'epoch': 30, 'best_score': 0.46101993322372437}, {'epoch': 31, 'best_score': 0.4646065831184387}, {'epoch': 32, 'best_score': 0.46722984313964844}, {'epoch': 33, 'best_score': 0.46997350454330444}, {'epoch': 34, 'best_score': 0.47542595863342285}, {'epoch': 35, 'best_score': 0.4749959409236908}, {'epoch': 36, 'best_score': 0.47623491287231445}, {'epoch': 37, 'best_score': 0.483625590801239}, {'epoch': 38, 'best_score': 0.4831485450267792}, {'epoch': 39, 'best_score': 0.48371002078056335}, {'epoch': 40, 'best_score': 0.488282173871994}, {'epoch': 41, 'best_score': 0.49064701795578003}, {'epoch': 42, 'best_score': 0.4890497028827667}, {'epoch': 43, 'best_score': 0.4881674349308014}, {'epoch': 44, 'best_score': 0.49269092082977295}, {'epoch': 45, 'best_score': 0.5009589195251465}, {'epoch': 46, 'best_score': 0.5019074082374573}, {'epoch': 47, 'best_score': 0.5006012916564941}, {'epoch': 48, 'best_score': 0.4937257468700409}, {'epoch': 49, 'best_score': 0.49454954266548157}]",domainnet,1,DANN,PCA16,128.0,0.8072605729103088,0.8072605729103088,0.465893030166626,0.47497981786727905,splits_domainnet_DANN_1_0_b09dc755c62e.npz,b09dc755c62e,False,False,,,,,,,0.6400862340014313,all_pca,PCA16,IW overlap critic | W=2 | seed=0 (plug-in),True,
iw_overlap_critic,2.0,0.0,28152.0,14207.0,7040.0,3553.0,0.8038352272727273,0.0,1.0,1.1803207397460938,0.5,0.5,0.6566725969314575,0.21595516800880432,7808.0,1364.0,3906.0,660.0,0.1588011827930325,0.3160709259780467,6464.0,576.0,2430.0,1123.0,ok,plugin,False,,5042.7840881260545,4920.62910348593,1.997709957445187,0.6900199909548153,1.662794881062711,0.8459483526268923,0.26737967914438504,0.42618086193741755,0.5738191380625824,0.5738191380625824,False,49.0,3.0,0.483016699552536,0.3775893747806549,0.8606060743331909,"[{'epoch': 0, 'best_score': 0.011146306991577148}, {'epoch': 1, 'best_score': 0.01432424783706665}, {'epoch': 2, 'best_score': 0.01916682720184326}, {'epoch': 3, 'best_score': 0.0312843918800354}, {'epoch': 4, 'best_score': 0.048646509647369385}, {'epoch': 5, 'best_score': 0.07399213314056396}, {'epoch': 6, 'best_score': 0.09372067451477051}, {'epoch': 7, 'best_score': 0.1341760754585266}, {'epoch': 8, 'best_score': 0.17236804962158203}, {'epoch': 9, 'best_score': 0.2032465934753418}, {'epoch': 10, 'best_score': 0.23607373237609863}, {'epoch': 11, 'best_score': 0.27044105529785156}, {'epoch': 12, 'best_score': 0.3032490611076355}, {'epoch': 13, 'best_score': 0.3211928606033325}, {'epoch': 14, 'best_score': 0.33291494846343994}, {'epoch': 15, 'best_score': 0.34313106536865234}, {'epoch': 16, 'best_score': 0.35997438430786133}, {'epoch': 17, 'best_score': 0.3691475987434387}, {'epoch': 18, 'best_score': 0.3754758834838867}, {'epoch': 19, 'best_score': 0.38686510920524597}, {'epoch': 20, 'best_score': 0.3884034752845764}, {'epoch': 21, 'best_score': 0.39744070172309875}, {'epoch': 22, 'best_score': 0.404527872800827}, {'epoch': 23, 'best_score': 0.4121817946434021}, {'epoch': 24, 'best_score': 0.4154171645641327}, {'epoch': 25, 'best_score': 0.41732093691825867}, {'epoch': 26, 'best_score': 0.4208378791809082}, {'epoch': 27, 'best_score': 0.4285491704940796}, {'epoch': 28, 'best_score': 0.43453899025917053}, {'epoch': 29, 'best_score': 0.4400515556335449}, {'epoch': 30, 'best_score': 0.44370490312576294}, {'epoch': 31, 'best_score': 0.44793614745140076}, {'epoch': 32, 'best_score': 0.4503367841243744}, {'epoch': 33, 'best_score': 0.4495634436607361}, {'epoch': 34, 'best_score': 0.4527096748352051}, {'epoch': 35, 'best_score': 0.4578832983970642}, {'epoch': 36, 'best_score': 0.46125105023384094}, {'epoch': 37, 'best_score': 0.4607692062854767}, {'epoch': 38, 'best_score': 0.4641120135784149}, {'epoch': 39, 'best_score': 0.4730984568595886}, {'epoch': 40, 'best_score': 0.4732103645801544}, {'epoch': 41, 'best_score': 0.4726608395576477}, {'epoch': 42, 'best_score': 0.47303226590156555}, {'epoch': 43, 'best_score': 0.47411811351776123}, {'epoch': 44, 'best_score': 0.4735608994960785}, {'epoch': 45, 'best_score': 0.47649630904197693}, {'epoch': 46, 'best_score': 0.4774262309074402}, {'epoch': 47, 'best_score': 0.47988972067832947}, {'epoch': 48, 'best_score': 0.4818739593029022}, {'epoch': 49, 'best_score': 0.483016699552536}]",domainnet,2,DANN,PCA16,128.0,0.8101378083229065,0.8101378083229065,0.38572534918785095,0.38727834820747375,splits_domainnet_DANN_2_0_b09dc755c62e.npz,b09dc755c62e,False,False,,,,,,,0.5738191380625824,all_pca,PCA16,IW overlap critic | W=2 | seed=0 (plug-in),True,
iw_overlap_critic,2.0,0.0,28152.0,15295.0,7040.0,3825.0,0.8072443181818182,0.0,1.0,1.0368164777755737,0.5,0.5,0.6407243013381958,0.22362610697746277,7668.0,1020.0,3822.0,554.0,0.15976599510205264,0.24104575163398692,6391.0,649.0,2903.0,922.0,ok,plugin,False,,5298.018781500492,4967.989969228069,1.998803830609699,0.7554438682538541,1.7064620672322062,0.789587852494577,0.1903267973856209,0.35009279248767355,0.6499072075123264,0.6499072075123264,False,46.0,26.0,0.4209461510181427,0.37508270144462585,0.7960288524627686,"[{'epoch': 0, 'best_score': 0.005118727684020996}, {'epoch': 1, 'best_score': 0.009700477123260498}, {'epoch': 2, 'best_score': 0.016278743743896484}, {'epoch': 3, 'best_score': 0.027657687664031982}, {'epoch': 4, 'best_score': 0.0409548282623291}, {'epoch': 5, 'best_score': 0.06281381845474243}, {'epoch': 6, 'best_score': 0.09168583154678345}, {'epoch': 7, 'best_score': 0.11744439601898193}, {'epoch': 8, 'best_score': 0.15755468606948853}, {'epoch': 9, 'best_score': 0.19104957580566406}, {'epoch': 10, 'best_score': 0.2196294665336609}, {'epoch': 11, 'best_score': 0.2503792643547058}, {'epoch': 12, 'best_score': 0.26144009828567505}, {'epoch': 13, 'best_score': 0.27821773290634155}, {'epoch': 14, 'best_score': 0.3046191334724426}, {'epoch': 15, 'best_score': 0.31915605068206787}, {'epoch': 16, 'best_score': 0.3281678557395935}, {'epoch': 17, 'best_score': 0.33432912826538086}, {'epoch': 18, 'best_score': 0.3415074944496155}, {'epoch': 19, 'best_score': 0.352699875831604}, {'epoch': 20, 'best_score': 0.35465675592422485}, {'epoch': 21, 'best_score': 0.3626806437969208}, {'epoch': 22, 'best_score': 0.3655630648136139}, {'epoch': 23, 'best_score': 0.3680402338504791}, {'epoch': 24, 'best_score': 0.3719269335269928}, {'epoch': 25, 'best_score': 0.3799649477005005}, {'epoch': 26, 'best_score': 0.3790261447429657}, {'epoch': 27, 'best_score': 0.3824414312839508}, {'epoch': 28, 'best_score': 0.3897782862186432}, {'epoch': 29, 'best_score': 0.38749659061431885}, {'epoch': 30, 'best_score': 0.38914570212364197}, {'epoch': 31, 'best_score': 0.3877756893634796}, {'epoch': 32, 'best_score': 0.3903920352458954}, {'epoch': 33, 'best_score': 0.3956027328968048}, {'epoch': 34, 'best_score': 0.39918291568756104}, {'epoch': 35, 'best_score': 0.40076425671577454}, {'epoch': 36, 'best_score': 0.40098100900650024}, {'epoch': 37, 'best_score': 0.4058495759963989}, {'epoch': 38, 'best_score': 0.40658509731292725}, {'epoch': 39, 'best_score': 0.40482965111732483}, {'epoch': 40, 'best_score': 0.40976062417030334}, {'epoch': 41, 'best_score': 0.4070141911506653}, {'epoch': 42, 'best_score': 0.4114026427268982}, {'epoch': 43, 'best_score': 0.4085525870323181}, {'epoch': 44, 'best_score': 0.40952837467193604}, {'epoch': 45, 'best_score': 0.41788941621780396}, {'epoch': 46, 'best_score': 0.4209461510181427}, {'epoch': 47, 'best_score': 0.41915053129196167}, {'epoch': 48, 'best_score': 0.42079901695251465}, {'epoch': 49, 'best_score': 0.41653165221214294}]",domainnet,3,DANN,PCA16,128.0,0.8096050024032593,0.8096050024032593,0.4719189405441284,0.46562090516090393,splits_domainnet_DANN_3_0_b09dc755c62e.npz,b09dc755c62e,False,False,,,,,,,0.6499072075123264,all_pca,PCA16,IW overlap critic | W=2 | seed=0 (plug-in),True,
iw_overlap_critic,2.0,0.0,28152.0,9910.0,7040.0,2478.0,0.8025568181818181,0.0,1.0,0.8057780265808105,0.5,0.5,0.5786583423614502,0.24325630068778992,8334.0,60.0,4156.0,26.0,0.20406187344189777,0.023405972558514933,6948.0,92.0,2420.0,58.0,ok,plugin,False,,6915.229862713157,6314.15193011652,1.9999662533416755,0.9566879370859209,1.598438955844823,0.9655172413793104,0.02259887005649718,0.22666074349839496,0.7733392565016051,0.7733392565016051,False,49.0,16.0,0.22756046056747437,0.7724395394325256,1.0,"[{'epoch': 0, 'best_score': 0.00771254301071167}, {'epoch': 1, 'best_score': 0.007316946983337402}, {'epoch': 2, 'best_score': 0.007325589656829834}, {'epoch': 3, 'best_score': 0.0074874162673950195}, {'epoch': 4, 'best_score': 0.009075462818145752}, {'epoch': 5, 'best_score': 0.009272396564483643}, {'epoch': 6, 'best_score': 0.009751379489898682}, {'epoch': 7, 'best_score': 0.011006474494934082}, {'epoch': 8, 'best_score': 0.01277613639831543}, {'epoch': 9, 'best_score': 0.014377236366271973}, {'epoch': 10, 'best_score': 0.016514599323272705}, {'epoch': 11, 'best_score': 0.01796966791152954}, {'epoch': 12, 'best_score': 0.01926553249359131}, {'epoch': 13, 'best_score': 0.02199345827102661}, {'epoch': 14, 'best_score': 0.02542978525161743}, {'epoch': 15, 'best_score': 0.02966088056564331}, {'epoch': 16, 'best_score': 0.032357633113861084}, {'epoch': 17, 'best_score': 0.035429418087005615}, {'epoch': 18, 'best_score': 0.03964430093765259}, {'epoch': 19, 'best_score': 0.042266249656677246}, {'epoch': 20, 'best_score': 0.044874727725982666}, {'epoch': 21, 'best_score': 0.04772770404815674}, {'epoch': 22, 'best_score': 0.05096918344497681}, {'epoch': 23, 'best_score': 0.05567389726638794}, {'epoch': 24, 'best_score': 0.060717761516571045}, {'epoch': 25, 'best_score': 0.06532824039459229}, {'epoch': 26, 'best_score': 0.06790000200271606}, {'epoch': 27, 'best_score': 0.07614630460739136}, {'epoch': 28, 'best_score': 0.08081865310668945}, {'epoch': 29, 'best_score': 0.08705270290374756}, {'epoch': 30, 'best_score': 0.09337258338928223}, {'epoch': 31, 'best_score': 0.09885448217391968}, {'epoch': 32, 'best_score': 0.10512948036193848}, {'epoch': 33, 'best_score': 0.1113741397857666}, {'epoch': 34, 'best_score': 0.12019401788711548}, {'epoch': 35, 'best_score': 0.12640386819839478}, {'epoch': 36, 'best_score': 0.132521390914917}, {'epoch': 37, 'best_score': 0.14078116416931152}, {'epoch': 38, 'best_score': 0.14869904518127441}, {'epoch': 39, 'best_score': 0.15568768978118896}, {'epoch': 40, 'best_score': 0.1629195213317871}, {'epoch': 41, 'best_score': 0.16969549655914307}, {'epoch': 42, 'best_score': 0.17707884311676025}, {'epoch': 43, 'best_score': 0.1832316517829895}, {'epoch': 44, 'best_score': 0.19013482332229614}, {'epoch': 45, 'best_score': 0.1973133683204651}, {'epoch': 46, 'best_score': 0.20402288436889648}, {'epoch': 47, 'best_score': 0.2133285403251648}, {'epoch': 48, 'best_score': 0.22018486261367798}, {'epoch': 49, 'best_score': 0.22756046056747437}]",domainnet,1,CDANN,PCA16,16.0,0.8055910468101501,0.8055910468101501,0.5121089816093445,0.5205811262130737,splits_domainnet_CDANN_1_0_b09dc755c62e.npz,b09dc755c62e,False,False,,,,,,,0.7733392565016051,all_pca,PCA16,IW overlap critic | W=2 | seed=0 (plug-in),True,
iw_overlap_critic,2.0,0.0,28152.0,14207.0,7040.0,3553.0,0.8004261363636364,0.0,1.0,1.1073838472366333,0.5,0.5,0.5584344863891602,0.24557411670684814,8424.0,20.0,4210.0,12.0,0.20749185855960112,0.007036307345904869,7024.0,16.0,3528.0,25.0,ok,plugin,False,,6995.293570296432,6588.394961538198,1.977806137524464,0.9697719293005445,1.4614530994969481,0.88,0.006191950464396285,0.2136838090239974,0.7863161909760026,0.7863161909760026,False,49.0,10.0,0.2521895170211792,0.7478104829788208,1.0,"[{'epoch': 0, 'best_score': 0.008874237537384033}, {'epoch': 1, 'best_score': 0.01007997989654541}, {'epoch': 2, 'best_score': 0.01130753755569458}, {'epoch': 3, 'best_score': 0.010852217674255371}, {'epoch': 4, 'best_score': 0.011911094188690186}, {'epoch': 5, 'best_score': 0.013119935989379883}, {'epoch': 6, 'best_score': 0.015351593494415283}, {'epoch': 7, 'best_score': 0.01609659194946289}, {'epoch': 8, 'best_score': 0.01770651340484619}, {'epoch': 9, 'best_score': 0.01866006851196289}, {'epoch': 10, 'best_score': 0.02045619487762451}, {'epoch': 11, 'best_score': 0.022261857986450195}, {'epoch': 12, 'best_score': 0.024053215980529785}, {'epoch': 13, 'best_score': 0.026477456092834473}, {'epoch': 14, 'best_score': 0.02851349115371704}, {'epoch': 15, 'best_score': 0.03178364038467407}, {'epoch': 16, 'best_score': 0.03393089771270752}, {'epoch': 17, 'best_score': 0.03697335720062256}, {'epoch': 18, 'best_score': 0.04192852973937988}, {'epoch': 19, 'best_score': 0.04605621099472046}, {'epoch': 20, 'best_score': 0.05085796117782593}, {'epoch': 21, 'best_score': 0.05843555927276611}, {'epoch': 22, 'best_score': 0.06429702043533325}, {'epoch': 23, 'best_score': 0.068728506565094}, {'epoch': 24, 'best_score': 0.07446557283401489}, {'epoch': 25, 'best_score': 0.08204799890518188}, {'epoch': 26, 'best_score': 0.08909249305725098}, {'epoch': 27, 'best_score': 0.09235590696334839}, {'epoch': 28, 'best_score': 0.09680646657943726}, {'epoch': 29, 'best_score': 0.10401105880737305}, {'epoch': 30, 'best_score': 0.10721045732498169}, {'epoch': 31, 'best_score': 0.11311006546020508}, {'epoch': 32, 'best_score': 0.12066775560379028}, {'epoch': 33, 'best_score': 0.1288432478904724}, {'epoch': 34, 'best_score': 0.13891416788101196}, {'epoch': 35, 'best_score': 0.1469075083732605}, {'epoch': 36, 'best_score': 0.15414565801620483}, {'epoch': 37, 'best_score': 0.16070646047592163}, {'epoch': 38, 'best_score': 0.16946113109588623}, {'epoch': 39, 'best_score': 0.17528802156448364}, {'epoch': 40, 'best_score': 0.18354135751724243}, {'epoch': 41, 'best_score': 0.18985509872436523}, {'epoch': 42, 'best_score': 0.19558584690093994}, {'epoch': 43, 'best_score': 0.20129019021987915}, {'epoch': 44, 'best_score': 0.21208643913269043}, {'epoch': 45, 'best_score': 0.21793651580810547}, {'epoch': 46, 'best_score': 0.22775977849960327}, {'epoch': 47, 'best_score': 0.23584920167922974}, {'epoch': 48, 'best_score': 0.24362504482269287}, {'epoch': 49, 'best_score': 0.2521895170211792}]",domainnet,2,CDANN,PCA16,16.0,0.8071539998054504,0.8071539998054504,0.42063772678375244,0.4218969941139221,splits_domainnet_CDANN_2_0_b09dc755c62e.npz,b09dc755c62e,False,False,,,,,,,0.7863161909760026,all_pca,PCA16,IW overlap critic | W=2 | seed=0 (plug-in),True,
iw_overlap_critic,2.0,0.0,28152.0,15295.0,7040.0,3825.0,0.8063920454545455,0.0,1.0,0.9855660200119019,0.5,0.5,0.5860395431518555,0.2392646074295044,8218.0,261.0,4081.0,110.0,0.17751956574181332,0.05751633986928104,6845.0,195.0,3605.0,220.0,ok,plugin,False,,6607.305889683382,5990.64667993995,1.9974436681899546,0.9122302497781044,1.6596510473506207,0.9590909090909091,0.05516339869281046,0.23268296443462377,0.7673170355653762,0.7673170355653762,False,49.0,1.0,0.21942520141601562,0.7714838981628418,0.9909090995788574,"[{'epoch': 0, 'best_score': 0.009477019309997559}, {'epoch': 1, 'best_score': 0.010504186153411865}, {'epoch': 2, 'best_score': 0.011142730712890625}, {'epoch': 3, 'best_score': 0.012370645999908447}, {'epoch': 4, 'best_score': 0.014174461364746094}, {'epoch': 5, 'best_score': 0.015619456768035889}, {'epoch': 6, 'best_score': 0.017717421054840088}, {'epoch': 7, 'best_score': 0.018874287605285645}, {'epoch': 8, 'best_score': 0.021565258502960205}, {'epoch': 9, 'best_score': 0.02458047866821289}, {'epoch': 10, 'best_score': 0.027042806148529053}, {'epoch': 11, 'best_score': 0.03088313341140747}, {'epoch': 12, 'best_score': 0.035786569118499756}, {'epoch': 13, 'best_score': 0.03942525386810303}, {'epoch': 14, 'best_score': 0.04350966215133667}, {'epoch': 15, 'best_score': 0.045947909355163574}, {'epoch': 16, 'best_score': 0.051325082778930664}, {'epoch': 17, 'best_score': 0.054263174533843994}, {'epoch': 18, 'best_score': 0.05712592601776123}, {'epoch': 19, 'best_score': 0.06156337261199951}, {'epoch': 20, 'best_score': 0.06565439701080322}, {'epoch': 21, 'best_score': 0.06927227973937988}, {'epoch': 22, 'best_score': 0.07215070724487305}, {'epoch': 23, 'best_score': 0.0761917233467102}, {'epoch': 24, 'best_score': 0.08009886741638184}, {'epoch': 25, 'best_score': 0.0843307375907898}, {'epoch': 26, 'best_score': 0.0897226333618164}, {'epoch': 27, 'best_score': 0.09395992755889893}, {'epoch': 28, 'best_score': 0.09879302978515625}, {'epoch': 29, 'best_score': 0.10418766736984253}, {'epoch': 30, 'best_score': 0.11130601167678833}, {'epoch': 31, 'best_score': 0.11600255966186523}, {'epoch': 32, 'best_score': 0.11910325288772583}, {'epoch': 33, 'best_score': 0.12492913007736206}, {'epoch': 34, 'best_score': 0.1334853172302246}, {'epoch': 35, 'best_score': 0.1396588683128357}, {'epoch': 36, 'best_score': 0.1457207202911377}, {'epoch': 37, 'best_score': 0.14395898580551147}, {'epoch': 38, 'best_score': 0.14909148216247559}, {'epoch': 39, 'best_score': 0.15441644191741943}, {'epoch': 40, 'best_score': 0.16065752506256104}, {'epoch': 41, 'best_score': 0.16965413093566895}, {'epoch': 42, 'best_score': 0.1746978759765625}, {'epoch': 43, 'best_score': 0.18102282285690308}, {'epoch': 44, 'best_score': 0.18755429983139038}, {'epoch': 45, 'best_score': 0.19508129358291626}, {'epoch': 46, 'best_score': 0.20026087760925293}, {'epoch': 47, 'best_score': 0.20499134063720703}, {'epoch': 48, 'best_score': 0.21155858039855957}, {'epoch': 49, 'best_score': 0.21942520141601562}]",domainnet,3,CDANN,PCA16,16.0,0.8074381947517395,0.8074381947517395,0.49369075894355774,0.48549020290374756,splits_domainnet_CDANN_3_0_b09dc755c62e.npz,b09dc755c62e,False,False,,,,,,,0.7673170355653762,all_pca,PCA16,IW overlap critic | W=2 | seed=0 (plug-in),True,
iw_overlap_critic,2.0,0.0,1700.0,8804.0,425.0,2203.0,0.8658823529411764,0.0,1.0,1.7556841373443604,0.5,0.5,0.542580246925354,0.24635395407676697,,,,,0.14887826072085475,0.0,423.0,2.0,2203.0,0.0,ok,plugin,False,,436.9339987790805,398.20478743287276,1.7413844626180133,1.0158744349792717,1.4959002729336952,,0.0,0.14887826072085475,0.8511217392791453,0.8511217392791453,False,,,,,,,living17,1,DANN,PCA16,32.0,0.8994117379188538,0.8994117379188538,0.6758291721343994,0.6876986026763916,splits_living17_DANN_1_0_b09dc755c62e.npz,b09dc755c62e,False,False,,,,,,,0.8511217392791453,all_pca,PCA16,IW overlap critic | W=2 | seed=0 (plug-in),True,
iw_overlap_critic,2.0,0.0,1700.0,68.0,425.0,19.0,0.8823529411764706,0.0,1.0,54.598148345947266,0.5,0.5,0.43627452850341797,0.2515197694301605,,,,,0.11451294740467809,0.0,425.0,0.0,19.0,0.0,ok,plugin,False,,416.8511923967444,424.5370416882886,1.0783293905724383,0.9827779369505221,1.0307119522002555,,0.0,0.11451294740467809,0.8854870525953219,0.8854870525953219,False,,,,,,,living17,2,DANN,PCA16,32.0,0.9094117283821106,0.9094117283821106,0.8970588445663452,0.8421052694320679,splits_living17_DANN_2_0_b09dc755c62e.npz,b09dc755c62e,True,False,,,,,,,0.8854870525953219,all_pca,PCA16,IW overlap critic | W=2 | seed=0 (plug-in),True,
iw_overlap_critic,2.0,0.0,1700.0,68.0,425.0,19.0,0.8894117647058823,0.0,1.0,2.8428101539611816,0.5,0.5,0.5823529362678528,0.23339936137199402,,,,,0.0947272481020639,0.0,412.0,13.0,19.0,0.0,ok,plugin,False,,320.07311039360934,332.88852542234383,1.9940210612466625,0.7115229863424366,1.471600536351711,,0.0,0.0947272481020639,0.9052727518979361,0.9052727518979361,False,,,,,,,living17,3,DANN,PCA16,32.0,0.9052940607070923,0.9052940607070923,0.5882353186607361,0.6842105388641357,splits_living17_DANN_3_0_b09dc755c62e.npz,b09dc755c62e,False,False,,,,,,,0.9052727518979361,all_pca,PCA16,IW overlap critic | W=2 | seed=0 (plug-in),True,
iw_overlap_critic,2.0,0.0,1700.0,8804.0,425.0,2203.0,0.8894117647058823,0.0,1.0,11.234490394592285,0.5,0.5,0.5038435459136963,0.24995318055152893,,,,,0.11132520366709787,0.0,425.0,0.0,2203.0,0.0,ok,plugin,False,,426.1764651755972,424.6651758998108,1.108588159761507,1.0032456655910096,1.0536792292448984,,0.0,0.11132520366709787,0.8886747963329021,0.8886747963329021,False,,,,,,,living17,1,CDANN,PCA16,16.0,0.9052940607070923,0.9052940607070923,0.6863925457000732,0.6981388926506042,splits_living17_CDANN_1_0_b09dc755c62e.npz,b09dc755c62e,False,False,,,,,,,0.8886747963329021,all_pca,PCA16,IW overlap critic | W=2 | seed=0 (plug-in),True,
iw_overlap_critic,2.0,0.0,1700.0,68.0,425.0,19.0,0.8917647058823529,0.0,1.0,54.598148345947266,0.5,0.5,0.43039217591285706,0.25119367241859436,,,,,0.10632536910096663,0.0,425.0,0.0,19.0,0.0,ok,plugin,False,,419.3229029910034,424.7703348545925,1.0633595244974046,0.9872733318325283,1.0230529909637331,,0.0,0.10632536910096663,0.8936746308990333,0.8936746308990333,False,,,,,,,living17,2,CDANN,PCA16,16.0,0.9094117283821106,0.9094117283821106,0.8676470518112183,0.8421052694320679,splits_living17_CDANN_2_0_b09dc755c62e.npz,b09dc755c62e,False,False,,,,,,,0.8936746308990333,all_pca,PCA16,IW overlap critic | W=2 | seed=0 (plug-in),True,
iw_overlap_critic,2.0,0.0,1700.0,68.0,425.0,19.0,0.8823529411764706,0.0,1.0,54.598148345947266,0.5,0.5,0.5529412031173706,0.250253826379776,,,,,0.11614479635731234,0.0,425.0,0.0,19.0,0.0,ok,plugin,False,,421.2992234361888,424.7725416176588,1.0596091482735344,0.9903270907328022,1.0305159806024633,,0.0,0.11614479635731234,0.8838552036426877,0.8838552036426877,False,,,,,,,living17,3,CDANN,PCA16,16.0,0.9052940607070923,0.9052940607070923,0.5588235259056091,0.6315789222717285,splits_living17_CDANN_3_0_b09dc755c62e.npz,b09dc755c62e,False,False,,,,,,,0.8838552036426877,all_pca,PCA16,IW overlap critic | W=2 | seed=0 (plug-in),True,
iw_overlap_critic,2.0,0.0,2600.0,13282.0,650.0,3322.0,0.8046153846153846,0.0,1.0,1.8705928325653076,0.5,0.5,0.5271199941635132,0.24791109561920166,,,,,0.1997293834143058,0.0,650.0,0.0,3322.0,0.0,ok,plugin,False,,656.1320804178796,628.1284735594429,1.8340438260727727,1.0090928135634605,1.3306244189418384,,0.0,0.1997293834143058,0.8002706165856942,0.8002706165856942,False,,,,,,,nonliving26,1,DANN,PCA16,32.0,0.8126922845840454,0.8126922845840454,0.5122722387313843,0.5192654728889465,splits_nonliving26_DANN_1_0_b09dc755c62e.npz,b09dc755c62e,False,False,,,,,,,0.8002706165856942,all_pca,PCA16,IW overlap critic | W=2 | seed=0 (plug-in),True,
iw_overlap_critic,2.0,0.0,2600.0,104.0,650.0,28.0,0.8292307692307692,0.0,1.0,54.598148345947266,0.5,0.5,0.49038460850715637,0.25078919529914856,,,,,0.1692424269713064,0.0,650.0,0.0,28.0,0.0,ok,plugin,False,,642.8750289400792,649.5221367459072,1.0909149097326458,0.9903311630798759,1.0321451364298244,,0.0,0.1692424269713064,0.8307575730286936,0.8307575730286936,False,,,,,,,nonliving26,2,DANN,PCA16,32.0,0.8176922798156738,0.8176922798156738,0.75,0.7142857313156128,splits_nonliving26_DANN_2_0_b09dc755c62e.npz,b09dc755c62e,False,False,,,,,,,0.8307575730286936,all_pca,PCA16,IW overlap critic | W=2 | seed=0 (plug-in),True,
iw_overlap_critic,2.0,0.0,2600.0,104.0,650.0,28.0,0.8246153846153846,0.0,1.0,54.598148345947266,0.5,0.5,0.5846153497695923,0.2500826120376587,,,,,0.1744500978468593,0.0,650.0,0.0,28.0,0.0,ok,plugin,False,,642.7942988420277,649.5105223639654,1.077010508641531,0.9907818518753537,1.03220182586773,,0.0,0.1744500978468593,0.8255499021531407,0.8255499021531407,False,,,,,,,nonliving26,3,DANN,PCA16,32.0,0.8146153688430786,0.8146153688430786,0.4038461744785309,0.3214285969734192,splits_nonliving26_DANN_3_0_b09dc755c62e.npz,b09dc755c62e,False,False,,,,,,,0.8255499021531407,all_pca,PCA16,IW overlap critic | W=2 | seed=0 (plug-in),True,
iw_overlap_critic,2.0,0.0,2600.0,13282.0,650.0,3322.0,0.8169230769230769,0.0,1.0,2.225142002105713,0.5,0.5,0.5188658237457275,0.24915578961372375,,,,,0.18743840450452584,0.0,650.0,0.0,3322.0,0.0,ok,plugin,False,,658.6287537648701,640.7451115170014,1.7989606393954025,1.0014765338070841,1.2116177738275211,,0.0,0.18743840450452584,0.8125615954954741,0.8125615954954741,False,,,,,,,nonliving26,1,CDANN,PCA16,16.0,0.8176922798156738,0.8176922798156738,0.5332028269767761,0.5352197289466858,splits_nonliving26_CDANN_1_0_b09dc755c62e.npz,b09dc755c62e,False,False,,,,,,,0.8125615954954741,all_pca,PCA16,IW overlap critic | W=2 | seed=0 (plug-in),True,
iw_overlap_critic,2.0,0.0,2600.0,104.0,650.0,28.0,0.8138461538461539,0.0,1.0,54.598148345947266,0.5,0.5,0.42692306637763977,0.25077518820762634,,,,,0.18479987164053666,0.0,650.0,0.0,28.0,0.0,ok,plugin,False,,646.0129617260495,649.7304070928583,1.080641531400773,0.9927082481442953,1.0266020425441922,,0.0,0.18479987164053666,0.8152001283594633,0.8152001283594633,False,,,,,,,nonliving26,2,CDANN,PCA16,16.0,0.8165384531021118,0.8165384531021118,0.7692307829856873,0.7500000596046448,splits_nonliving26_CDANN_2_0_b09dc755c62e.npz,b09dc755c62e,False,False,,,,,,,0.8152001283594633,all_pca,PCA16,IW overlap critic | W=2 | seed=0 (plug-in),True,
iw_overlap_critic,2.0,0.0,2600.0,104.0,650.0,28.0,0.8123076923076923,0.0,1.0,54.598148345947266,0.5,0.5,0.3711538314819336,0.2507491409778595,,,,,0.18583715177214885,0.0,650.0,0.0,28.0,0.0,ok,plugin,False,,646.1332275860941,649.7569201053267,1.0409941480374139,0.9939167842735293,1.0247469487098617,,0.0,0.18583715177214885,0.8141628482278511,0.8141628482278511,False,,,,,,,nonliving26,3,CDANN,PCA16,16.0,0.822692334651947,0.822692334651947,0.4038461744785309,0.3214285969734192,splits_nonliving26_CDANN_3_0_b09dc755c62e.npz,b09dc755c62e,False,False,,,,,,,0.8141628482278511,all_pca,PCA16,IW overlap critic | W=2 | seed=0 (plug-in),True,
iw_overlap_critic,2.0,0.0,11745.0,35070.0,2938.0,8768.0,0.6388699795779442,0.0,1.0,1.5888513326644897,0.5,0.5,0.544959545135498,0.24721282720565796,3523.0,0.0,1761.0,0.0,0.3539122605712489,0.00011405109489051095,2938.0,0.0,8767.0,1.0,unsupported_critic_region,plugin,False,,2935.8256945233097,2807.0295390784704,1.8185916428567916,0.9932292027945433,1.3601439258361288,,,,,,,,,,,,,fmow,1,DANN,PCA16,64.0,0.6519370079040527,0.6519370079040527,0.6103222370147705,0.6077782511711121,splits_fmow_DANN_1_0_b09dc755c62e.npz,b09dc755c62e,,,,,,,,,,all_pca,PCA16,IW overlap critic | W=2 | seed=0 (plug-in),False,
iw_overlap_critic,2.0,0.0,11745.0,39088.0,2938.0,9774.0,0.6344452008168822,0.0,1.0,1.3736965656280518,0.5,0.5,0.5599842071533203,0.24434760212898254,3515.0,82.0,1755.0,38.0,0.37104154072746537,0.006752608962553714,2932.0,6.0,9708.0,66.0,ok,plugin,False,,2931.3016767253716,2689.07959813662,1.9806548366103434,0.9728072107364225,1.546304415569088,0.7121212121212122,0.004808676079394312,0.3758502168068597,0.6241497831931403,0.6241497831931403,False,49.0,23.0,0.4314369261264801,0.41066834330558777,0.8421052694320679,"[{'epoch': 0, 'best_score': 0.04637950658798218}, {'epoch': 1, 'best_score': 0.054281651973724365}, {'epoch': 2, 'best_score': 0.057520151138305664}, {'epoch': 3, 'best_score': 0.06584852933883667}, {'epoch': 4, 'best_score': 0.07485955953598022}, {'epoch': 5, 'best_score': 0.08260565996170044}, {'epoch': 6, 'best_score': 0.09461212158203125}, {'epoch': 7, 'best_score': 0.10862517356872559}, {'epoch': 8, 'best_score': 0.12952852249145508}, {'epoch': 9, 'best_score': 0.14537256956100464}, {'epoch': 10, 'best_score': 0.15968555212020874}, {'epoch': 11, 'best_score': 0.17876487970352173}, {'epoch': 12, 'best_score': 0.20186394453048706}, {'epoch': 13, 'best_score': 0.2207058072090149}, {'epoch': 14, 'best_score': 0.23646938800811768}, {'epoch': 15, 'best_score': 0.24719935655593872}, {'epoch': 16, 'best_score': 0.24622100591659546}, {'epoch': 17, 'best_score': 0.2778940796852112}, {'epoch': 18, 'best_score': 0.29762953519821167}, {'epoch': 19, 'best_score': 0.3148694634437561}, {'epoch': 20, 'best_score': 0.3382056951522827}, {'epoch': 21, 'best_score': 0.35411375761032104}, {'epoch': 22, 'best_score': 0.3651597499847412}, {'epoch': 23, 'best_score': 0.38374805450439453}, {'epoch': 24, 'best_score': 0.39605480432510376}, {'epoch': 25, 'best_score': 0.3810870051383972}, {'epoch': 26, 'best_score': 0.38080543279647827}, {'epoch': 27, 'best_score': 0.3970758318901062}, {'epoch': 28, 'best_score': 0.3967747688293457}, {'epoch': 29, 'best_score': 0.41293370723724365}, {'epoch': 30, 'best_score': 0.40176719427108765}, {'epoch': 31, 'best_score': 0.41043680906295776}, {'epoch': 32, 'best_score': 0.3967508375644684}, {'epoch': 33, 'best_score': 0.39701730012893677}, {'epoch': 34, 'best_score': 0.39418303966522217}, {'epoch': 35, 'best_score': 0.3964906632900238}, {'epoch': 36, 'best_score': 0.4081833064556122}, {'epoch': 37, 'best_score': 0.40879106521606445}, {'epoch': 38, 'best_score': 0.41552379727363586}, {'epoch': 39, 'best_score': 0.41909751296043396}, {'epoch': 40, 'best_score': 0.4269823431968689}, {'epoch': 41, 'best_score': 0.4298049509525299}, {'epoch': 42, 'best_score': 0.42165541648864746}, {'epoch': 43, 'best_score': 0.4268389940261841}, {'epoch': 44, 'best_score': 0.41597068309783936}, {'epoch': 45, 'best_score': 0.4187004268169403}, {'epoch': 46, 'best_score': 0.4228375256061554}, {'epoch': 47, 'best_score': 0.4237217903137207}, {'epoch': 48, 'best_score': 0.4283951222896576}, {'epoch': 49, 'best_score': 0.4314369261264801}]",fmow,2,DANN,PCA16,64.0,0.6504895687103271,0.6504895687103271,0.5482756495475769,0.5545324683189392,splits_fmow_DANN_2_0_b09dc755c62e.npz,b09dc755c62e,False,False,,,,,,,0.6241497831931403,all_pca,PCA16,IW overlap critic | W=2 | seed=0 (plug-in),True,
iw_overlap_critic,2.0,0.0,11745.0,35070.0,2938.0,8768.0,0.6466984343090538,0.0,1.0,1.2915681600570679,0.5,0.5,0.532844603061676,0.24822965264320374,,,,,0.33976449770032763,0.0,2938.0,0.0,8768.0,0.0,ok,plugin,False,,2913.7729922953617,2850.4832668835875,1.6256422815327425,0.988244529525701,1.2795154866074976,,0.0,0.33976449770032763,0.6602355022996724,0.6602355022996724,False,,,,,,,fmow,1,CDANN,PCA16,16.0,0.6558535695075989,0.6558535695075989,0.605617344379425,0.6010492444038391,splits_fmow_CDANN_1_0_b09dc755c62e.npz,b09dc755c62e,False,False,,,,,,,0.6602355022996724,all_pca,PCA16,IW overlap critic | W=2 | seed=0 (plug-in),True,
iw_overlap_critic,2.0,0.0,11745.0,39088.0,2938.0,9774.0,0.6446562287270252,0.0,1.0,1.1035517454147339,0.5,0.5,0.542487621307373,0.24726101756095886,3519.0,10.0,1759.0,2.0,0.3537706771984854,0.0010231225700838961,2936.0,2.0,9764.0,10.0,ok,plugin,False,,2916.489130926305,2804.9343578041444,1.9402410455929437,0.9767095290800638,1.3782697481787483,1.0,0.0010231225700838961,0.3547937997685693,0.6452062002314307,0.6452062002314307,False,49.0,16.0,0.4037993550300598,0.5962006449699402,1.0,"[{'epoch': 0, 'best_score': 0.04502570629119873}, {'epoch': 1, 'best_score': 0.047976016998291016}, {'epoch': 2, 'best_score': 0.04888021945953369}, {'epoch': 3, 'best_score': 0.05146056413650513}, {'epoch': 4, 'best_score': 0.053803861141204834}, {'epoch': 5, 'best_score': 0.0558742880821228}, {'epoch': 6, 'best_score': 0.06001245975494385}, {'epoch': 7, 'best_score': 0.062419235706329346}, {'epoch': 8, 'best_score': 0.06712192296981812}, {'epoch': 9, 'best_score': 0.07890921831130981}, {'epoch': 10, 'best_score': 0.08899027109146118}, {'epoch': 11, 'best_score': 0.09776562452316284}, {'epoch': 12, 'best_score': 0.10709381103515625}, {'epoch': 13, 'best_score': 0.12272179126739502}, {'epoch': 14, 'best_score': 0.13179028034210205}, {'epoch': 15, 'best_score': 0.1431923508644104}, {'epoch': 16, 'best_score': 0.14999526739120483}, {'epoch': 17, 'best_score': 0.16282814741134644}, {'epoch': 18, 'best_score': 0.17045819759368896}, {'epoch': 19, 'best_score': 0.17771011590957642}, {'epoch': 20, 'best_score': 0.18433654308319092}, {'epoch': 21, 'best_score': 0.19146376848220825}, {'epoch': 22, 'best_score': 0.19850099086761475}, {'epoch': 23, 'best_score': 0.2047821283340454}, {'epoch': 24, 'best_score': 0.21086090803146362}, {'epoch': 25, 'best_score': 0.21989351511001587}, {'epoch': 26, 'best_score': 0.22601616382598877}, {'epoch': 27, 'best_score': 0.2317349910736084}, {'epoch': 28, 'best_score': 0.23383069038391113}, {'epoch': 29, 'best_score': 0.2413703203201294}, {'epoch': 30, 'best_score': 0.24735581874847412}, {'epoch': 31, 'best_score': 0.25310665369033813}, {'epoch': 32, 'best_score': 0.2566998600959778}, {'epoch': 33, 'best_score': 0.26602715253829956}, {'epoch': 34, 'best_score': 0.2775454521179199}, {'epoch': 35, 'best_score': 0.28647667169570923}, {'epoch': 36, 'best_score': 0.293758749961853}, {'epoch': 37, 'best_score': 0.30375730991363525}, {'epoch': 38, 'best_score': 0.3113924264907837}, {'epoch': 39, 'best_score': 0.323711097240448}, {'epoch': 40, 'best_score': 0.32830601930618286}, {'epoch': 41, 'best_score': 0.3357160687446594}, {'epoch': 42, 'best_score': 0.34388166666030884}, {'epoch': 43, 'best_score': 0.35330355167388916}, {'epoch': 44, 'best_score': 0.35992860794067383}, {'epoch': 45, 'best_score': 0.3658297657966614}, {'epoch': 46, 'best_score': 0.376653790473938}, {'epoch': 47, 'best_score': 0.3844423294067383}, {'epoch': 48, 'best_score': 0.3963390588760376}, {'epoch': 49, 'best_score': 0.4037993550300598}]",fmow,2,CDANN,PCA16,16.0,0.6548318862915039,0.6548318862915039,0.5420845150947571,0.5445058345794678,splits_fmow_CDANN_2_0_b09dc755c62e.npz,b09dc755c62e,False,False,,,,,,,0.6452062002314307,all_pca,PCA16,IW overlap critic | W=2 | seed=0 (plug-in),True,
iw_overlap_critic,2.0,0.0,731.0,898.0,184.0,227.0,0.9239130434782609,0.0,1.0,27.657922744750977,0.5,0.5,0.5223949551582336,0.24969831109046936,,,,,0.07510671820227982,0.0,184.0,0.0,227.0,0.0,ok,plugin,False,,182.33751725141553,183.02029291196337,1.2069038185484167,0.9831716634499583,1.1309239149829822,,0.0,0.07510671820227982,0.9248932817977202,0.9248932817977202,False,,,,,,,officehome,1,DANN,PCA16,128.0,0.922024667263031,0.922024667263031,0.7193763852119446,0.7268722057342529,splits_officehome_DANN_1_0_b09dc755c62e.npz,b09dc755c62e,False,False,,,,,,,0.9248932817977202,all_pca,PCA16,IW overlap critic | W=2 | seed=0 (plug-in),True,
iw_overlap_critic,2.0,0.0,731.0,893.0,184.0,226.0,0.9021739130434783,0.0,1.0,4.726238250732422,0.5,0.5,0.5659534931182861,0.24325035512447357,216.0,5.0,108.0,5.0,0.09135082565427737,0.008849557522123894,182.0,2.0,224.0,2.0,ok,plugin,False,,172.65087373653466,166.82657266391735,1.923072900730682,0.889237797946675,1.4799991085065751,1.0,0.008849557522123894,0.10020038317640126,0.8997996168235988,0.8997996168235988,False,38.0,19.0,0.4463534951210022,0.35364651679992676,0.800000011920929,"[{'epoch': 0, 'best_score': 0.04097449779510498}, {'epoch': 1, 'best_score': 0.06690126657485962}, {'epoch': 2, 'best_score': 0.08576291799545288}, {'epoch': 3, 'best_score': 0.10807675123214722}, {'epoch': 4, 'best_score': 0.13166075944900513}, {'epoch': 5, 'best_score': 0.18439167737960815}, {'epoch': 6, 'best_score': 0.22576463222503662}, {'epoch': 7, 'best_score': 0.2317342758178711}, {'epoch': 8, 'best_score': 0.25531119108200073}, {'epoch': 9, 'best_score': 0.3083345293998718}, {'epoch': 10, 'best_score': 0.33442050218582153}, {'epoch': 11, 'best_score': 0.3453313112258911}, {'epoch': 12, 'best_score': 0.24438828229904175}, {'epoch': 13, 'best_score': 0.2517509460449219}, {'epoch': 14, 'best_score': 0.31025540828704834}, {'epoch': 15, 'best_score': 0.32780978083610535}, {'epoch': 16, 'best_score': 0.33627569675445557}, {'epoch': 17, 'best_score': 0.33627569675445557}, {'epoch': 18, 'best_score': 0.3335949778556824}, {'epoch': 19, 'best_score': 0.3498530089855194}, {'epoch': 20, 'best_score': 0.36065390706062317}, {'epoch': 21, 'best_score': 0.3563002943992615}, {'epoch': 22, 'best_score': 0.36188647150993347}, {'epoch': 23, 'best_score': 0.3708880841732025}, {'epoch': 24, 'best_score': 0.3875346779823303}, {'epoch': 25, 'best_score': 0.3875346779823303}, {'epoch': 26, 'best_score': 0.3983694612979889}, {'epoch': 27, 'best_score': 0.40593239665031433}, {'epoch': 28, 'best_score': 0.40902602672576904}, {'epoch': 29, 'best_score': 0.41527098417282104}, {'epoch': 30, 'best_score': 0.408023476600647}, {'epoch': 31, 'best_score': 0.41760319471359253}, {'epoch': 32, 'best_score': 0.42753949761390686}, {'epoch': 33, 'best_score': 0.42753949761390686}, {'epoch': 34, 'best_score': 0.4270745515823364}, {'epoch': 35, 'best_score': 0.4270745515823364}, {'epoch': 36, 'best_score': 0.4400077760219574}, {'epoch': 37, 'best_score': 0.4400077760219574}, {'epoch': 38, 'best_score': 0.4463534951210022}, {'epoch': 39, 'best_score': 0.4339146912097931}, {'epoch': 40, 'best_score': 0.43379104137420654}, {'epoch': 41, 'best_score': 0.43379104137420654}, {'epoch': 42, 'best_score': 0.43379104137420654}, {'epoch': 43, 'best_score': 0.43379104137420654}, {'epoch': 44, 'best_score': 0.4441717863082886}, {'epoch': 45, 'best_score': 0.4441717863082886}, {'epoch': 46, 'best_score': 0.4441717863082886}, {'epoch': 47, 'best_score': 0.4441717863082886}, {'epoch': 48, 'best_score': 0.4441717863082886}, {'epoch': 49, 'best_score': 0.4441717863082886}]",officehome,2,DANN,PCA16,128.0,0.915184736251831,0.915184736251831,0.44904816150665283,0.45132744312286377,splits_officehome_DANN_2_0_b09dc755c62e.npz,b09dc755c62e,False,False,,,,,,,0.8997996168235988,all_pca,PCA16,IW overlap critic | W=2 | seed=0 (plug-in),True,
iw_overlap_critic,2.0,0.0,731.0,507.0,184.0,128.0,0.9130434782608696,0.0,1.0,7.386640548706055,0.5,0.5,0.5935616493225098,0.23377737402915955,206.0,14.0,106.0,4.0,0.07835186465199691,0.09375,177.0,7.0,116.0,12.0,ok,plugin,False,,146.32812168552897,147.87551453150346,1.973737262457052,0.7712958468566586,1.543932060205412,0.75,0.0703125,0.1486643646519969,0.851335635348003,0.851335635348003,False,18.0,13.0,0.6093142628669739,0.3906857371330261,1.0,"[{'epoch': 0, 'best_score': 0.09030741453170776}, {'epoch': 1, 'best_score': 0.10603034496307373}, {'epoch': 2, 'best_score': 0.13402175903320312}, {'epoch': 3, 'best_score': 0.1620650291442871}, {'epoch': 4, 'best_score': 0.18167752027511597}, {'epoch': 5, 'best_score': 0.23865020275115967}, {'epoch': 6, 'best_score': 0.2716248035430908}, {'epoch': 7, 'best_score': 0.2916606068611145}, {'epoch': 8, 'best_score': 0.3662620782852173}, {'epoch': 9, 'best_score': 0.41293495893478394}, {'epoch': 10, 'best_score': 0.39663368463516235}, {'epoch': 11, 'best_score': 0.43435293436050415}, {'epoch': 12, 'best_score': 0.47416436672210693}, {'epoch': 13, 'best_score': 0.4925228953361511}, {'epoch': 14, 'best_score': 0.5532478094100952}, {'epoch': 15, 'best_score': 0.578338623046875}, {'epoch': 16, 'best_score': 0.5818320512771606}, {'epoch': 17, 'best_score': 0.6039242744445801}, {'epoch': 18, 'best_score': 0.6093142628669739}, {'epoch': 19, 'best_score': 0.5393524169921875}, {'epoch': 20, 'best_score': 0.5463988184928894}, {'epoch': 21, 'best_score': 0.5357462763786316}, {'epoch': 22, 'best_score': 0.5567724704742432}, {'epoch': 23, 'best_score': 0.5670124292373657}, {'epoch': 24, 'best_score': 0.5626020431518555}, {'epoch': 25, 'best_score': 0.5583215951919556}, {'epoch': 26, 'best_score': 0.4163416922092438}, {'epoch': 27, 'best_score': 0.42197391390800476}, {'epoch': 28, 'best_score': 0.4203295111656189}, {'epoch': 29, 'best_score': 0.4256359040737152}, {'epoch': 30, 'best_score': 0.4256359040737152}, {'epoch': 31, 'best_score': 0.4256359040737152}, {'epoch': 32, 'best_score': 0.4256359040737152}, {'epoch': 33, 'best_score': 0.4256359040737152}, {'epoch': 34, 'best_score': 0.4256359040737152}, {'epoch': 35, 'best_score': 0.4256359040737152}, {'epoch': 36, 'best_score': 0.4256359040737152}, {'epoch': 37, 'best_score': 0.4367700219154358}, {'epoch': 38, 'best_score': 0.42611750960350037}, {'epoch': 39, 'best_score': 0.43470996618270874}, {'epoch': 40, 'best_score': 0.42615005373954773}, {'epoch': 41, 'best_score': 0.42615005373954773}, {'epoch': 42, 'best_score': 0.42615005373954773}, {'epoch': 43, 'best_score': 0.42615005373954773}, {'epoch': 44, 'best_score': 0.42615005373954773}, {'epoch': 45, 'best_score': 0.4028543531894684}, {'epoch': 46, 'best_score': 0.4028543531894684}, {'epoch': 47, 'best_score': 0.4028543531894684}, {'epoch': 48, 'best_score': 0.4028543531894684}, {'epoch': 49, 'best_score': 0.4028543531894684}]",officehome,3,DANN,PCA16,128.0,0.9056087732315063,0.9056087732315063,0.5364891290664673,0.5625,splits_officehome_DANN_3_0_b09dc755c62e.npz,b09dc755c62e,False,False,,,,,,,0.851335635348003,all_pca,PCA16,IW overlap critic | W=2 | seed=0 (plug-in),True,
iw_overlap_critic,2.0,0.0,731.0,898.0,184.0,227.0,0.9130434782608696,0.0,1.0,1.9478014707565308,0.5,0.5,0.5734954476356506,0.242500901222229,214.0,20.0,106.0,5.0,0.08479369311574195,0.05726872246696035,180.0,4.0,214.0,13.0,ok,plugin,False,,164.50377210335256,167.03487169351993,1.790758727009351,0.8725587876393975,1.3722749171673951,0.8461538461538461,0.048458149779735685,0.13325184289547765,0.8667481571045224,0.8667481571045224,False,43.0,19.0,0.3768095374107361,0.6231904625892639,1.0,"[{'epoch': 0, 'best_score': 0.08245110511779785}, {'epoch': 1, 'best_score': 0.09099161624908447}, {'epoch': 2, 'best_score': 0.10436403751373291}, {'epoch': 3, 'best_score': 0.10436403751373291}, {'epoch': 4, 'best_score': 0.12163478136062622}, {'epoch': 5, 'best_score': 0.13196170330047607}, {'epoch': 6, 'best_score': 0.13196170330047607}, {'epoch': 7, 'best_score': 0.13196170330047607}, {'epoch': 8, 'best_score': 0.13196170330047607}, {'epoch': 9, 'best_score': 0.13196170330047607}, {'epoch': 10, 'best_score': 0.13196170330047607}, {'epoch': 11, 'best_score': 0.14547783136367798}, {'epoch': 12, 'best_score': 0.1530112624168396}, {'epoch': 13, 'best_score': 0.1530112624168396}, {'epoch': 14, 'best_score': 0.14042896032333374}, {'epoch': 15, 'best_score': 0.12102514505386353}, {'epoch': 16, 'best_score': 0.12759321928024292}, {'epoch': 17, 'best_score': 0.13749772310256958}, {'epoch': 18, 'best_score': 0.14555388689041138}, {'epoch': 19, 'best_score': 0.14555388689041138}, {'epoch': 20, 'best_score': 0.1569826602935791}, {'epoch': 21, 'best_score': 0.1814517378807068}, {'epoch': 22, 'best_score': 0.18056410551071167}, {'epoch': 23, 'best_score': 0.20840787887573242}, {'epoch': 24, 'best_score': 0.2194063663482666}, {'epoch': 25, 'best_score': 0.23922133445739746}, {'epoch': 26, 'best_score': 0.2495483160018921}, {'epoch': 27, 'best_score': 0.2495483160018921}, {'epoch': 28, 'best_score': 0.26086342334747314}, {'epoch': 29, 'best_score': 0.26743149757385254}, {'epoch': 30, 'best_score': 0.2854039669036865}, {'epoch': 31, 'best_score': 0.29896634817123413}, {'epoch': 32, 'best_score': 0.29896634817123413}, {'epoch': 33, 'best_score': 0.29896634817123413}, {'epoch': 34, 'best_score': 0.29896634817123413}, {'epoch': 35, 'best_score': 0.3199149966239929}, {'epoch': 36, 'best_score': 0.32283735275268555}, {'epoch': 37, 'best_score': 0.33218663930892944}, {'epoch': 38, 'best_score': 0.33616000413894653}, {'epoch': 39, 'best_score': 0.3466654419898987}, {'epoch': 40, 'best_score': 0.3466654419898987}, {'epoch': 41, 'best_score': 0.3466654419898987}, {'epoch': 42, 'best_score': 0.35557323694229126}, {'epoch': 43, 'best_score': 0.3768095374107361}, {'epoch': 44, 'best_score': 0.36875343322753906}, {'epoch': 45, 'best_score': 0.3467593789100647}, {'epoch': 46, 'best_score': 0.3467593789100647}, {'epoch': 47, 'best_score': 0.35257160663604736}, {'epoch': 48, 'best_score': 0.3661959767341614}, {'epoch': 49, 'best_score': 0.37423259019851685}]",officehome,1,CDANN,PCA16,16.0,0.9138167500495911,0.9138167500495911,0.730512261390686,0.7488986253738403,splits_officehome_CDANN_1_0_b09dc755c62e.npz,b09dc755c62e,False,False,,,,,,,0.8667481571045224,all_pca,PCA16,IW overlap critic | W=2 | seed=0 (plug-in),True,
iw_overlap_critic,2.0,0.0,731.0,893.0,184.0,226.0,0.8913043478260869,0.0,1.0,0.7444320917129517,0.5,0.5,0.6676157712936401,0.20600607991218567,205.0,88.0,96.0,51.0,0.058460551869466276,0.3938053097345133,167.0,17.0,137.0,89.0,ok,plugin,False,,101.50387984680953,121.02801019986605,1.7375600398232485,0.4701181802501066,1.3753581114924536,0.8764044943820225,0.3451327433628319,0.40359329523229814,0.5964067047677019,0.5964067047677019,False,48.0,27.0,0.24676740169525146,0.7336247563362122,0.9803921580314636,"[{'epoch': 0, 'best_score': 0.05989760160446167}, {'epoch': 1, 'best_score': 0.05989760160446167}, {'epoch': 2, 'best_score': 0.05989760160446167}, {'epoch': 3, 'best_score': 0.05989760160446167}, {'epoch': 4, 'best_score': 0.06434482336044312}, {'epoch': 5, 'best_score': 0.07433474063873291}, {'epoch': 6, 'best_score': 0.07433474063873291}, {'epoch': 7, 'best_score': 0.06557095050811768}, {'epoch': 8, 'best_score': 0.07721751928329468}, {'epoch': 9, 'best_score': 0.06650692224502563}, {'epoch': 10, 'best_score': 0.06689512729644775}, {'epoch': 11, 'best_score': 0.08084684610366821}, {'epoch': 12, 'best_score': 0.08084684610366821}, {'epoch': 13, 'best_score': 0.0873841643333435}, {'epoch': 14, 'best_score': 0.0873841643333435}, {'epoch': 15, 'best_score': 0.10900592803955078}, {'epoch': 16, 'best_score': 0.09659892320632935}, {'epoch': 17, 'best_score': 0.10813212394714355}, {'epoch': 18, 'best_score': 0.10813212394714355}, {'epoch': 19, 'best_score': 0.11610108613967896}, {'epoch': 20, 'best_score': 0.11610108613967896}, {'epoch': 21, 'best_score': 0.11610108613967896}, {'epoch': 22, 'best_score': 0.13212716579437256}, {'epoch': 23, 'best_score': 0.14003241062164307}, {'epoch': 24, 'best_score': 0.14003241062164307}, {'epoch': 25, 'best_score': 0.14003241062164307}, {'epoch': 26, 'best_score': 0.15728867053985596}, {'epoch': 27, 'best_score': 0.17421627044677734}, {'epoch': 28, 'best_score': 0.18595808744430542}, {'epoch': 29, 'best_score': 0.21495354175567627}, {'epoch': 30, 'best_score': 0.20704829692840576}, {'epoch': 31, 'best_score': 0.21086221933364868}, {'epoch': 32, 'best_score': 0.21086221933364868}, {'epoch': 33, 'best_score': 0.21086221933364868}, {'epoch': 34, 'best_score': 0.1912543773651123}, {'epoch': 35, 'best_score': 0.1912543773651123}, {'epoch': 36, 'best_score': 0.17432677745819092}, {'epoch': 37, 'best_score': 0.17432677745819092}, {'epoch': 38, 'best_score': 0.17432677745819092}, {'epoch': 39, 'best_score': 0.18758583068847656}, {'epoch': 40, 'best_score': 0.18758583068847656}, {'epoch': 41, 'best_score': 0.18758583068847656}, {'epoch': 42, 'best_score': 0.18758583068847656}, {'epoch': 43, 'best_score': 0.19825750589370728}, {'epoch': 44, 'best_score': 0.20340275764465332}, {'epoch': 45, 'best_score': 0.20340275764465332}, {'epoch': 46, 'best_score': 0.21857565641403198}, {'epoch': 47, 'best_score': 0.21857565641403198}, {'epoch': 48, 'best_score': 0.24676740169525146}, {'epoch': 49, 'best_score': 0.24676740169525146}]",officehome,2,CDANN,PCA16,16.0,0.9015048146247864,0.9015048146247864,0.4501679837703705,0.45132744312286377,splits_officehome_CDANN_2_0_b09dc755c62e.npz,b09dc755c62e,False,False,,,,,,,0.5964067047677019,all_pca,PCA16,IW overlap critic | W=2 | seed=0 (plug-in),True,
iw_overlap_critic,2.0,0.0,731.0,507.0,184.0,128.0,0.9130434782608696,0.0,1.0,0.958997905254364,0.5,0.5,0.7035616636276245,0.19239327311515808,203.0,67.0,101.0,41.0,0.05031431532261117,0.4296875,169.0,15.0,73.0,55.0,ok,plugin,False,,93.38600689059353,104.93528729709251,1.9883234245308572,0.4265117628649008,1.4879465993848817,1.0,0.4296875,0.48000181532261116,0.5199981846773889,0.5199981846773889,False,31.0,28.0,0.18180418014526367,0.8181958198547363,1.0,"[{'epoch': 0, 'best_score': 0.03998070955276489}, {'epoch': 1, 'best_score': 0.03382158279418945}, {'epoch': 2, 'best_score': 0.03382158279418945}, {'epoch': 3, 'best_score': 0.028947532176971436}, {'epoch': 4, 'best_score': 0.028947532176971436}, {'epoch': 5, 'best_score': 0.03727501630783081}, {'epoch': 6, 'best_score': 0.06097966432571411}, {'epoch': 7, 'best_score': 0.03658944368362427}, {'epoch': 8, 'best_score': 0.04066115617752075}, {'epoch': 9, 'best_score': 0.05159837007522583}, {'epoch': 10, 'best_score': 0.06957685947418213}, {'epoch': 11, 'best_score': 0.06957685947418213}, {'epoch': 12, 'best_score': 0.06957685947418213}, {'epoch': 13, 'best_score': 0.07078981399536133}, {'epoch': 14, 'best_score': 0.08853179216384888}, {'epoch': 15, 'best_score': 0.073985755443573}, {'epoch': 16, 'best_score': 0.073985755443573}, {'epoch': 17, 'best_score': 0.08412045240402222}, {'epoch': 18, 'best_score': 0.10697317123413086}, {'epoch': 19, 'best_score': 0.10697317123413086}, {'epoch': 20, 'best_score': 0.11281436681747437}, {'epoch': 21, 'best_score': 0.11281436681747437}, {'epoch': 22, 'best_score': 0.08842414617538452}, {'epoch': 23, 'best_score': 0.08842414617538452}, {'epoch': 24, 'best_score': 0.10737907886505127}, {'epoch': 25, 'best_score': 0.08658164739608765}, {'epoch': 26, 'best_score': 0.08658164739608765}, {'epoch': 27, 'best_score': 0.09125429391860962}, {'epoch': 28, 'best_score': 0.09340691566467285}, {'epoch': 29, 'best_score': 0.09340691566467285}, {'epoch': 30, 'best_score': 0.12697911262512207}, {'epoch': 31, 'best_score': 0.18180418014526367}, {'epoch': 32, 'best_score': 0.18180418014526367}, {'epoch': 33, 'best_score': 0.18180418014526367}, {'epoch': 34, 'best_score': 0.15741395950317383}, {'epoch': 35, 'best_score': 0.15741395950317383}, {'epoch': 36, 'best_score': 0.15741395950317383}, {'epoch': 37, 'best_score': 0.13927650451660156}, {'epoch': 38, 'best_score': 0.11488628387451172}, {'epoch': 39, 'best_score': 0.1252371072769165}, {'epoch': 40, 'best_score': 0.10721844434738159}, {'epoch': 41, 'best_score': 0.10084688663482666}, {'epoch': 42, 'best_score': 0.11980181932449341}, {'epoch': 43, 'best_score': 0.09541153907775879}, {'epoch': 44, 'best_score': 0.09839951992034912}, {'epoch': 45, 'best_score': 0.10283023118972778}, {'epoch': 46, 'best_score': 0.09839951992034912}, {'epoch': 47, 'best_score': 0.10473901033401489}, {'epoch': 48, 'best_score': 0.10473901033401489}, {'epoch': 49, 'best_score': 0.10473901033401489}]",officehome,3,CDANN,PCA16,16.0,0.9138167500495911,0.9138167500495911,0.5364891290664673,0.5546875,splits_officehome_CDANN_3_0_b09dc755c62e.npz,b09dc755c62e,True,True,,,,,,,0.5199981846773889,all_pca,PCA16,IW overlap critic | W=2 | seed=0 (plug-in),True,
iw_overlap_critic,2.0,0.0,24387.0,11083.0,6098.0,2773.0,0.9996720236142997,0.0,1.0,1.0456888675689697,0.5,0.5,0.7992861866950989,0.13728545606136322,6517.0,2228.0,3255.0,1113.0,5.956054297981776e-06,0.6732780382257483,5413.0,685.0,906.0,1867.0,ok,plugin,False,,1958.3542494835358,2246.1656452510406,1.9988821406602097,0.18561062423195956,1.38121569416477,0.7755757900374933,0.5221781464118284,0.5221841024661263,0.47781589753387366,0.47781589753387366,False,49.0,28.0,0.6196298003196716,0.1755184680223465,0.7951482534408569,"[{'epoch': 0, 'best_score': 0.05957484245300293}, {'epoch': 1, 'best_score': 0.0673103928565979}, {'epoch': 2, 'best_score': 0.07474035024642944}, {'epoch': 3, 'best_score': 0.09693336486816406}, {'epoch': 4, 'best_score': 0.1197577714920044}, {'epoch': 5, 'best_score': 0.15935343503952026}, {'epoch': 6, 'best_score': 0.18593066930770874}, {'epoch': 7, 'best_score': 0.21246063709259033}, {'epoch': 8, 'best_score': 0.24208128452301025}, {'epoch': 9, 'best_score': 0.2682812511920929}, {'epoch': 10, 'best_score': 0.3077952563762665}, {'epoch': 11, 'best_score': 0.35447126626968384}, {'epoch': 12, 'best_score': 0.38934963941574097}, {'epoch': 13, 'best_score': 0.4170093834400177}, {'epoch': 14, 'best_score': 0.43357232213020325}, {'epoch': 15, 'best_score': 0.446861207485199}, {'epoch': 16, 'best_score': 0.4566490650177002}, {'epoch': 17, 'best_score': 0.4762292504310608}, {'epoch': 18, 'best_score': 0.49248573184013367}, {'epoch': 19, 'best_score': 0.5038323998451233}, {'epoch': 20, 'best_score': 0.5064542889595032}, {'epoch': 21, 'best_score': 0.49985218048095703}, {'epoch': 22, 'best_score': 0.5086753368377686}, {'epoch': 23, 'best_score': 0.5221343040466309}, {'epoch': 24, 'best_score': 0.5314891934394836}, {'epoch': 25, 'best_score': 0.5369200706481934}, {'epoch': 26, 'best_score': 0.5438769459724426}, {'epoch': 27, 'best_score': 0.5489115715026855}, {'epoch': 28, 'best_score': 0.5541039705276489}, {'epoch': 29, 'best_score': 0.5616486072540283}, {'epoch': 30, 'best_score': 0.5651702880859375}, {'epoch': 31, 'best_score': 0.5598582029342651}, {'epoch': 32, 'best_score': 0.5632531642913818}, {'epoch': 33, 'best_score': 0.567934513092041}, {'epoch': 34, 'best_score': 0.5710756778717041}, {'epoch': 35, 'best_score': 0.5780634880065918}, {'epoch': 36, 'best_score': 0.5782511830329895}, {'epoch': 37, 'best_score': 0.5775144100189209}, {'epoch': 38, 'best_score': 0.5825859904289246}, {'epoch': 39, 'best_score': 0.5896968245506287}, {'epoch': 40, 'best_score': 0.5912400484085083}, {'epoch': 41, 'best_score': 0.598701536655426}, {'epoch': 42, 'best_score': 0.6020342707633972}, {'epoch': 43, 'best_score': 0.6027132272720337}, {'epoch': 44, 'best_score': 0.6065422296524048}, {'epoch': 45, 'best_score': 0.6065733432769775}, {'epoch': 46, 'best_score': 0.60809725522995}, {'epoch': 47, 'best_score': 0.6150805950164795}, {'epoch': 48, 'best_score': 0.6153369545936584}, {'epoch': 49, 'best_score': 0.6196298003196716}]",visda,1,DANN,PCA16,128.0,0.9995489120483398,0.9995489120483398,0.6463051438331604,0.6473133563995361,splits_visda_DANN_1_0_b09dc755c62e.npz,b09dc755c62e,True,True,,,,,,,0.47781589753387366,all_pca,PCA16,IW overlap critic | W=2 | seed=0 (plug-in),True,
iw_overlap_critic,2.0,0.0,24387.0,14480.0,6098.0,3620.0,0.9998360118071499,0.0,1.0,1.129449486732483,0.5,0.5,0.7805391550064087,0.154123455286026,6607.0,2665.0,3295.0,1343.0,3.685257178388541e-05,0.6193370165745856,5489.0,609.0,1378.0,2242.0,ok,plugin,False,,2429.6891667897653,2741.5814487888088,1.9969728590639717,0.2732821946275621,1.4432886335114787,0.8198037466547725,0.5077348066298343,0.5077716592016182,0.49222834079838185,0.49222834079838185,False,49.0,15.0,0.6315076947212219,0.17340664565563202,0.8049143552780151,"[{'epoch': 0, 'best_score': 0.035984933376312256}, {'epoch': 1, 'best_score': 0.04129689931869507}, {'epoch': 2, 'best_score': 0.06212007999420166}, {'epoch': 3, 'best_score': 0.07794022560119629}, {'epoch': 4, 'best_score': 0.10719478130340576}, {'epoch': 5, 'best_score': 0.13181841373443604}, {'epoch': 6, 'best_score': 0.18310070037841797}, {'epoch': 7, 'best_score': 0.20824027061462402}, {'epoch': 8, 'best_score': 0.2530735731124878}, {'epoch': 9, 'best_score': 0.280554860830307}, {'epoch': 10, 'best_score': 0.3239154815673828}, {'epoch': 11, 'best_score': 0.3484109938144684}, {'epoch': 12, 'best_score': 0.37155288457870483}, {'epoch': 13, 'best_score': 0.39844948053359985}, {'epoch': 14, 'best_score': 0.4237094819545746}, {'epoch': 15, 'best_score': 0.44756460189819336}, {'epoch': 16, 'best_score': 0.4617805480957031}, {'epoch': 17, 'best_score': 0.4736681580543518}, {'epoch': 18, 'best_score': 0.4779430031776428}, {'epoch': 19, 'best_score': 0.491390585899353}, {'epoch': 20, 'best_score': 0.49390438199043274}, {'epoch': 21, 'best_score': 0.5026196837425232}, {'epoch': 22, 'best_score': 0.51494300365448}, {'epoch': 23, 'best_score': 0.5205873847007751}, {'epoch': 24, 'best_score': 0.5221418738365173}, {'epoch': 25, 'best_score': 0.5205462574958801}, {'epoch': 26, 'best_score': 0.5281990766525269}, {'epoch': 27, 'best_score': 0.5360947251319885}, {'epoch': 28, 'best_score': 0.5426913499832153}, {'epoch': 29, 'best_score': 0.5479521751403809}, {'epoch': 30, 'best_score': 0.5546945929527283}, {'epoch': 31, 'best_score': 0.5597478151321411}, {'epoch': 32, 'best_score': 0.565096914768219}, {'epoch': 33, 'best_score': 0.5727202892303467}, {'epoch': 34, 'best_score': 0.5798174142837524}, {'epoch': 35, 'best_score': 0.5875595808029175}, {'epoch': 36, 'best_score': 0.5917396545410156}, {'epoch': 37, 'best_score': 0.5912730693817139}, {'epoch': 38, 'best_score': 0.597427248954773}, {'epoch': 39, 'best_score': 0.6021867394447327}, {'epoch': 40, 'best_score': 0.6067389845848083}, {'epoch': 41, 'best_score': 0.6136943697929382}, {'epoch': 42, 'best_score': 0.613235592842102}, {'epoch': 43, 'best_score': 0.6154025197029114}, {'epoch': 44, 'best_score': 0.618428111076355}, {'epoch': 45, 'best_score': 0.6231324076652527}, {'epoch': 46, 'best_score': 0.6227344870567322}, {'epoch': 47, 'best_score': 0.627185583114624}, {'epoch': 48, 'best_score': 0.6300193071365356}, {'epoch': 49, 'best_score': 0.6315076947212219}]",visda,2,DANN,PCA16,128.0,0.9997539520263672,0.9997539520263672,0.6546961069107056,0.6544198393821716,splits_visda_DANN_2_0_b09dc755c62e.npz,b09dc755c62e,True,True,,,,,,,0.49222834079838185,all_pca,PCA16,IW overlap critic | W=2 | seed=0 (plug-in),True,
iw_overlap_critic,2.0,0.0,24387.0,11083.0,6098.0,2773.0,0.9993440472285995,0.0,1.0,0.9295608997344971,0.5,0.5,0.6908315420150757,0.20141629874706268,6287.0,1346.0,3152.0,639.0,0.0006079209816977345,0.3966822935448972,5241.0,857.0,1673.0,1100.0,ok,plugin,False,,3492.0700694618254,3268.857879762116,1.9997884060377573,0.528513120661776,1.6978396530044337,0.8090909090909091,0.32095203750450774,0.32155995848620544,0.6784400415137946,0.6784400415137946,False,49.0,2.0,0.326397180557251,0.4842444658279419,0.8106416463851929,"[{'epoch': 0, 'best_score': 0.07944893836975098}, {'epoch': 1, 'best_score': 0.07926082611083984}, {'epoch': 2, 'best_score': 0.08131784200668335}, {'epoch': 3, 'best_score': 0.0861138105392456}, {'epoch': 4, 'best_score': 0.08830094337463379}, {'epoch': 5, 'best_score': 0.09099578857421875}, {'epoch': 6, 'best_score': 0.09560346603393555}, {'epoch': 7, 'best_score': 0.09966480731964111}, {'epoch': 8, 'best_score': 0.10538899898529053}, {'epoch': 9, 'best_score': 0.10759317874908447}, {'epoch': 10, 'best_score': 0.10713857412338257}, {'epoch': 11, 'best_score': 0.11113816499710083}, {'epoch': 12, 'best_score': 0.11272424459457397}, {'epoch': 13, 'best_score': 0.11447650194168091}, {'epoch': 14, 'best_score': 0.11484277248382568}, {'epoch': 15, 'best_score': 0.11517572402954102}, {'epoch': 16, 'best_score': 0.11607551574707031}, {'epoch': 17, 'best_score': 0.12276053428649902}, {'epoch': 18, 'best_score': 0.13177341222763062}, {'epoch': 19, 'best_score': 0.13958024978637695}, {'epoch': 20, 'best_score': 0.14339298009872437}, {'epoch': 21, 'best_score': 0.15028756856918335}, {'epoch': 22, 'best_score': 0.15285992622375488}, {'epoch': 23, 'best_score': 0.1546880006790161}, {'epoch': 24, 'best_score': 0.16115844249725342}, {'epoch': 25, 'best_score': 0.17125433683395386}, {'epoch': 26, 'best_score': 0.18311870098114014}, {'epoch': 27, 'best_score': 0.19047397375106812}, {'epoch': 28, 'best_score': 0.19796401262283325}, {'epoch': 29, 'best_score': 0.20838308334350586}, {'epoch': 30, 'best_score': 0.2199949026107788}, {'epoch': 31, 'best_score': 0.22718214988708496}, {'epoch': 32, 'best_score': 0.2435544729232788}, {'epoch': 33, 'best_score': 0.25632399320602417}, {'epoch': 34, 'best_score': 0.2760193347930908}, {'epoch': 35, 'best_score': 0.28419578075408936}, {'epoch': 36, 'best_score': 0.29088813066482544}, {'epoch': 37, 'best_score': 0.297629177570343}, {'epoch': 38, 'best_score': 0.2954398989677429}, {'epoch': 39, 'best_score': 0.2987726330757141}, {'epoch': 40, 'best_score': 0.3036351203918457}, {'epoch': 41, 'best_score': 0.30854183435440063}, {'epoch': 42, 'best_score': 0.3110038638114929}, {'epoch': 43, 'best_score': 0.2999918460845947}, {'epoch': 44, 'best_score': 0.3050020933151245}, {'epoch': 45, 'best_score': 0.30966347455978394}, {'epoch': 46, 'best_score': 0.31250470876693726}, {'epoch': 47, 'best_score': 0.3206922113895416}, {'epoch': 48, 'best_score': 0.3228447139263153}, {'epoch': 49, 'best_score': 0.326397180557251}]",visda,1,CDANN,PCA16,16.0,0.9990978837013245,0.9990978837013245,0.6784264445304871,0.6693112254142761,splits_visda_CDANN_1_0_b09dc755c62e.npz,b09dc755c62e,False,False,,,,,,,0.6784400415137946,all_pca,PCA16,IW overlap critic | W=2 | seed=0 (plug-in),True,
iw_overlap_critic,2.0,0.0,24387.0,14480.0,6098.0,3620.0,0.9995080354214496,0.0,1.0,1.00063157081604,0.5,0.5,0.6626225709915161,0.21719664335250854,6645.0,1180.0,3311.0,613.0,0.00023431075267262572,0.2751381215469613,5581.0,517.0,2624.0,996.0,ok,plugin,False,,4478.974536126929,4089.342128570365,1.9983233487342695,0.7208502044888985,1.733878628582445,0.6887550200803213,0.18950276243093922,0.18973707318361185,0.8102629268163881,0.8102629268163881,False,49.0,19.0,0.3569445013999939,0.3249478340148926,0.6818923354148865,"[{'epoch': 0, 'best_score': 0.0754895806312561}, {'epoch': 1, 'best_score': 0.07666492462158203}, {'epoch': 2, 'best_score': 0.07866734266281128}, {'epoch': 3, 'best_score': 0.0825345516204834}, {'epoch': 4, 'best_score': 0.08929276466369629}, {'epoch': 5, 'best_score': 0.08991926908493042}, {'epoch': 6, 'best_score': 0.09385019540786743}, {'epoch': 7, 'best_score': 0.10252690315246582}, {'epoch': 8, 'best_score': 0.11294734477996826}, {'epoch': 9, 'best_score': 0.11627614498138428}, {'epoch': 10, 'best_score': 0.1175960898399353}, {'epoch': 11, 'best_score': 0.12127864360809326}, {'epoch': 12, 'best_score': 0.12310796976089478}, {'epoch': 13, 'best_score': 0.12770545482635498}, {'epoch': 14, 'best_score': 0.12794697284698486}, {'epoch': 15, 'best_score': 0.13190150260925293}, {'epoch': 16, 'best_score': 0.14070731401443481}, {'epoch': 17, 'best_score': 0.1645393967628479}, {'epoch': 18, 'best_score': 0.16956883668899536}, {'epoch': 19, 'best_score': 0.19622254371643066}, {'epoch': 20, 'best_score': 0.21678948402404785}, {'epoch': 21, 'best_score': 0.22189569473266602}, {'epoch': 22, 'best_score': 0.23487669229507446}, {'epoch': 23, 'best_score': 0.23437494039535522}, {'epoch': 24, 'best_score': 0.2376357913017273}, {'epoch': 25, 'best_score': 0.24805977940559387}, {'epoch': 26, 'best_score': 0.24416938424110413}, {'epoch': 27, 'best_score': 0.25449010729789734}, {'epoch': 28, 'best_score': 0.26007506251335144}, {'epoch': 29, 'best_score': 0.26156339049339294}, {'epoch': 30, 'best_score': 0.2617783546447754}, {'epoch': 31, 'best_score': 0.2590705454349518}, {'epoch': 32, 'best_score': 0.26325297355651855}, {'epoch': 33, 'best_score': 0.27119892835617065}, {'epoch': 34, 'best_score': 0.2714254856109619}, {'epoch': 35, 'best_score': 0.2730051279067993}, {'epoch': 36, 'best_score': 0.27799296379089355}, {'epoch': 37, 'best_score': 0.28511106967926025}, {'epoch': 38, 'best_score': 0.29592692852020264}, {'epoch': 39, 'best_score': 0.3021305501461029}, {'epoch': 40, 'best_score': 0.30840232968330383}, {'epoch': 41, 'best_score': 0.315647155046463}, {'epoch': 42, 'best_score': 0.3229811191558838}, {'epoch': 43, 'best_score': 0.3309323489665985}, {'epoch': 44, 'best_score': 0.33544379472732544}, {'epoch': 45, 'best_score': 0.34158968925476074}, {'epoch': 46, 'best_score': 0.34561488032341003}, {'epoch': 47, 'best_score': 0.34921807050704956}, {'epoch': 48, 'best_score': 0.3504595458507538}, {'epoch': 49, 'best_score': 0.3569445013999939}]",visda,2,CDANN,PCA16,16.0,0.9995899200439453,0.9995899200439453,0.7107734680175781,0.7140883803367615,splits_visda_CDANN_2_0_b09dc755c62e.npz,b09dc755c62e,False,False,,,,,,,0.8102629268163881,all_pca,PCA16,IW overlap critic | W=2 | seed=0 (plug-in),True,
iw_overlap_critic,2.0,0.0,6500.0,33009.0,1625.0,8255.0,0.904,0.0,1.0,1.1619356870651245,0.5,0.5,0.5458275079727173,0.24857781827449799,,,,,0.10204889451519164,0.0,1625.0,0.0,8255.0,0.0,ok,plugin,False,,1639.6990636842488,1589.4140925160707,1.58455989630418,0.9989685997880099,1.2648932267474633,,0.0,0.10204889451519164,0.8979511054848084,0.8979511054848084,False,,,,,,,entity13,1,DANN,PCA32,16.0,0.905846118927002,0.905846118927002,0.7318307161331177,0.7345851063728333,splits_entity13_DANN_1_0_b09dc755c62e.npz,b09dc755c62e,False,False,,,,,,,0.8979511054848084,all_pca,PCA32,IW overlap critic | W=2 | seed=0 (plug-in),True,
iw_overlap_critic,2.0,0.0,6500.0,260.0,1625.0,65.0,0.9101538461538462,0.0,1.0,9.66464900970459,0.5,0.5,0.5538461208343506,0.24981722235679626,,,,,0.08995037095586528,0.0,1625.0,0.0,65.0,0.0,ok,plugin,False,,1608.7661585444362,1619.9809465243304,1.1604536991379546,0.9956673837789936,1.0723216383281067,,0.0,0.08995037095586528,0.9100496290441347,0.9100496290441347,False,,,,,,,entity13,2,DANN,PCA32,16.0,0.9129230380058289,0.9129230380058289,0.8615384697914124,0.8461538553237915,splits_entity13_DANN_2_0_b09dc755c62e.npz,b09dc755c62e,False,False,,,,,,,0.9100496290441347,all_pca,PCA32,IW overlap critic | W=2 | seed=0 (plug-in),True,
iw_overlap_critic,2.0,0.0,6500.0,260.0,1625.0,65.0,0.9027692307692308,0.0,1.0,1.0816794633865356,0.5,0.5,0.6430768966674805,0.22885441780090332,1796.0,6.0,878.0,4.0,0.0927585196299354,0.1076923076923077,1480.0,145.0,58.0,7.0,ok,plugin,False,,1368.8793644292869,1179.808685362883,1.998028258931357,0.8796297953106027,1.7673216129303466,0.7142857142857143,0.07692307692307693,0.16968159655301232,0.8303184034469877,0.8303184034469877,False,49.0,5.0,0.6009300947189331,0.3990699350833893,1.0,"[{'epoch': 0, 'best_score': 0.17632782459259033}, {'epoch': 1, 'best_score': 0.18556946516036987}, {'epoch': 2, 'best_score': 0.19727963209152222}, {'epoch': 3, 'best_score': 0.2120770812034607}, {'epoch': 4, 'best_score': 0.2284485101699829}, {'epoch': 5, 'best_score': 0.24439644813537598}, {'epoch': 6, 'best_score': 0.26581835746765137}, {'epoch': 7, 'best_score': 0.2669209837913513}, {'epoch': 8, 'best_score': 0.26895982027053833}, {'epoch': 9, 'best_score': 0.27914488315582275}, {'epoch': 10, 'best_score': 0.2833806276321411}, {'epoch': 11, 'best_score': 0.2867776155471802}, {'epoch': 12, 'best_score': 0.29354768991470337}, {'epoch': 13, 'best_score': 0.3055931329727173}, {'epoch': 14, 'best_score': 0.31180858612060547}, {'epoch': 15, 'best_score': 0.31521379947662354}, {'epoch': 16, 'best_score': 0.32493263483047485}, {'epoch': 17, 'best_score': 0.32662999629974365}, {'epoch': 18, 'best_score': 0.332544207572937}, {'epoch': 19, 'best_score': 0.33595937490463257}, {'epoch': 20, 'best_score': 0.3430684804916382}, {'epoch': 21, 'best_score': 0.3496571183204651}, {'epoch': 22, 'best_score': 0.35859906673431396}, {'epoch': 23, 'best_score': 0.3646371364593506}, {'epoch': 24, 'best_score': 0.37457704544067383}, {'epoch': 25, 'best_score': 0.37803059816360474}, {'epoch': 26, 'best_score': 0.3894791007041931}, {'epoch': 27, 'best_score': 0.40161824226379395}, {'epoch': 28, 'best_score': 0.41417354345321655}, {'epoch': 29, 'best_score': 0.4301835298538208}, {'epoch': 30, 'best_score': 0.43980616331100464}, {'epoch': 31, 'best_score': 0.45298635959625244}, {'epoch': 32, 'best_score': 0.463952898979187}, {'epoch': 33, 'best_score': 0.4760943651199341}, {'epoch': 34, 'best_score': 0.4901038408279419}, {'epoch': 35, 'best_score': 0.5034133195877075}, {'epoch': 36, 'best_score': 0.5165842771530151}, {'epoch': 37, 'best_score': 0.5224196910858154}, {'epoch': 38, 'best_score': 0.5321235656738281}, {'epoch': 39, 'best_score': 0.5391392111778259}, {'epoch': 40, 'best_score': 0.54718017578125}, {'epoch': 41, 'best_score': 0.5540860295295715}, {'epoch': 42, 'best_score': 0.5618374943733215}, {'epoch': 43, 'best_score': 0.566597044467926}, {'epoch': 44, 'best_score': 0.5658795237541199}, {'epoch': 45, 'best_score': 0.5692399740219116}, {'epoch': 46, 'best_score': 0.5765500068664551}, {'epoch': 47, 'best_score': 0.5858510136604309}, {'epoch': 48, 'best_score': 0.5931048393249512}, {'epoch': 49, 'best_score': 0.6009300947189331}]",entity13,3,DANN,PCA32,16.0,0.907076895236969,0.907076895236969,0.6653845906257629,0.5538461804389954,splits_entity13_DANN_3_0_b09dc755c62e.npz,b09dc755c62e,False,False,,,,,,,0.8303184034469877,all_pca,PCA32,IW overlap critic | W=2 | seed=0 (plug-in),True,
iw_overlap_critic,2.0,0.0,6500.0,33009.0,1625.0,8255.0,0.9132307692307693,0.0,1.0,2.7005600929260254,0.5,0.5,0.5197669267654419,0.2498684972524643,,,,,0.08716215772110947,0.0,1625.0,0.0,8255.0,0.0,ok,plugin,False,,1626.655326508478,1621.3422054495493,1.158425976276184,1.0026931715526202,1.0736401740428596,,0.0,0.08716215772110947,0.9128378422788905,0.9128378422788905,False,,,,,,,entity13,1,CDANN,PCA32,8.0,0.9096922874450684,0.9096922874450684,0.7354357838630676,0.7372501492500305,splits_entity13_CDANN_1_0_b09dc755c62e.npz,b09dc755c62e,False,False,,,,,,,0.9128378422788905,all_pca,PCA32,IW overlap critic | W=2 | seed=0 (plug-in),True,
iw_overlap_critic,2.0,0.0,6500.0,260.0,1625.0,65.0,0.9058461538461539,0.0,1.0,54.598148345947266,0.5,0.5,0.42000001668930054,0.2502971291542053,,,,,0.09412631092766431,0.0,1625.0,0.0,65.0,0.0,ok,plugin,False,,1623.6186180531126,1624.9384755546039,1.0192760607113707,0.999579483717684,1.00886234680712,,0.0,0.09412631092766431,0.9058736890723357,0.9058736890723357,False,,,,,,,entity13,2,CDANN,PCA32,8.0,0.9081538319587708,0.9081538319587708,0.8423076868057251,0.8769230842590332,splits_entity13_CDANN_2_0_b09dc755c62e.npz,b09dc755c62e,False,False,,,,,,,0.9058736890723357,all_pca,PCA32,IW overlap critic | W=2 | seed=0 (plug-in),True,
iw_overlap_critic,2.0,0.0,6500.0,260.0,1625.0,65.0,0.9015384615384615,0.0,1.0,8.84760856628418,0.5,0.5,0.5176923274993896,0.24994578957557678,,,,,0.09886060201695056,0.0,1625.0,0.0,65.0,0.0,ok,plugin,False,,1623.7755246642364,1623.1704918351904,1.1014002773581306,1.0021583412293074,1.0477164618463046,,0.0,0.09886060201695056,0.9011393979830494,0.9011393979830494,False,,,,,,,entity13,3,CDANN,PCA32,8.0,0.9061538577079773,0.9061538577079773,0.6653845906257629,0.5692307949066162,splits_entity13_CDANN_3_0_b09dc755c62e.npz,b09dc755c62e,False,False,,,,,,,0.9011393979830494,all_pca,PCA32,IW overlap critic | W=2 | seed=0 (plug-in),True,
iw_overlap_critic,2.0,0.0,6000.0,30828.0,1500.0,7709.0,0.8426666666666667,0.0,1.0,1.0,0.5,0.5,0.5281981229782104,0.24832196533679962,,,,,0.16136222165870315,0.0,1500.0,0.0,7709.0,0.0,ok,plugin,False,,1497.7363912598835,1461.7419877033835,1.5395748485385805,1.0118131691445411,1.2349042073217826,,0.0,0.16136222165870315,0.8386377783412968,0.8386377783412968,False,,,,,,,entity30,1,DANN,PCA32,16.0,0.8550000190734863,0.8550000190734863,0.6190800070762634,0.6236866116523743,splits_entity30_DANN_1_0_b09dc755c62e.npz,b09dc755c62e,False,False,,,,,,,0.8386377783412968,all_pca,PCA32,IW overlap critic | W=2 | seed=0 (plug-in),True,
iw_overlap_critic,2.0,0.0,6000.0,240.0,1500.0,60.0,0.8606666666666667,0.0,1.0,39.42509078979492,0.5,0.5,0.5216666460037231,0.24999001622200012,,,,,0.13904037028838753,0.0,1500.0,0.0,60.0,0.0,ok,plugin,False,,1495.4174257237753,1499.7413985123153,1.0513700049594141,0.997541382100323,1.0176862914388873,,0.0,0.13904037028838753,0.8609596297116124,0.8609596297116124,False,,,,,,,entity30,2,DANN,PCA32,16.0,0.8646666407585144,0.8646666407585144,0.7875000238418579,0.7500000596046448,splits_entity30_DANN_2_0_b09dc755c62e.npz,b09dc755c62e,False,False,,,,,,,0.8609596297116124,all_pca,PCA32,IW overlap critic | W=2 | seed=0 (plug-in),True,
iw_overlap_critic,2.0,0.0,6000.0,240.0,1500.0,60.0,0.8553333333333333,0.0,1.0,1.964247703552246,0.5,0.5,0.4983333349227905,0.2429448664188385,,,,,0.1388187968635443,0.0,1485.0,15.0,60.0,0.0,ok,plugin,False,,1422.9318888223165,1315.5426341088682,1.9999197929978585,0.9279114460723693,1.5833195332557264,,0.0,0.1388187968635443,0.8611812031364556,0.8611812031364556,False,,,,,,,entity30,3,DANN,PCA32,16.0,0.8636666536331177,0.8636666536331177,0.5708333849906921,0.6666666865348816,splits_entity30_DANN_3_0_b09dc755c62e.npz,b09dc755c62e,False,False,,,,,,,0.8611812031364556,all_pca,PCA32,IW overlap critic | W=2 | seed=0 (plug-in),True,
iw_overlap_critic,2.0,0.0,6000.0,30828.0,1500.0,7709.0,0.856,0.0,1.0,2.5279157161712646,0.5,0.5,0.5063995122909546,0.24990937113761902,,,,,0.1437124147636751,0.0,1500.0,0.0,7709.0,0.0,ok,plugin,False,,1496.8521803474102,1497.045501258576,1.1665409247948384,1.0025755791090436,1.0592385385238843,,0.0,0.1437124147636751,0.8562875852363249,0.8562875852363249,False,,,,,,,entity30,1,CDANN,PCA32,8.0,0.8611666560173035,0.8611666560173035,0.627903163433075,0.6345829367637634,splits_entity30_CDANN_1_0_b09dc755c62e.npz,b09dc755c62e,False,False,,,,,,,0.8562875852363249,all_pca,PCA32,IW overlap critic | W=2 | seed=0 (plug-in),True,
iw_overlap_critic,2.0,0.0,6000.0,240.0,1500.0,60.0,0.862,0.0,1.0,4.503905773162842,0.5,0.5,0.4741666615009308,0.2497161626815796,,,,,0.13614533083453478,0.0,1500.0,0.0,60.0,0.0,ok,plugin,False,,1489.1992266780057,1490.022517157249,1.3305157024593608,0.9904459336363598,1.133894265073839,,0.0,0.13614533083453478,0.8638546691654652,0.8638546691654652,False,,,,,,,entity30,2,CDANN,PCA32,8.0,0.8646666407585144,0.8646666407585144,0.8125000596046448,0.7500000596046448,splits_entity30_CDANN_2_0_b09dc755c62e.npz,b09dc755c62e,False,False,,,,,,,0.8638546691654652,all_pca,PCA32,IW overlap critic | W=2 | seed=0 (plug-in),True,
iw_overlap_critic,2.0,0.0,6000.0,240.0,1500.0,60.0,0.8453333333333333,0.0,1.0,10.147822380065918,0.5,0.5,0.4725000262260437,0.24989424645900726,,,,,0.15179424807330336,0.0,1500.0,0.0,60.0,0.0,ok,plugin,False,,1491.3910945512457,1496.3597696327004,1.232499556188773,0.989038422067769,1.08520130446487,,0.0,0.15179424807330336,0.8482057519266967,0.8482057519266967,False,,,,,,,entity30,3,CDANN,PCA32,8.0,0.8573333024978638,0.8573333024978638,0.5625,0.6166666746139526,splits_entity30_CDANN_3_0_b09dc755c62e.npz,b09dc755c62e,False,False,,,,,,,0.8482057519266967,all_pca,PCA32,IW overlap critic | W=2 | seed=0 (plug-in),True,
iw_overlap_critic,2.0,0.0,10000.0,2000.0,2500.0,500.0,0.9452,0.0,1.0,2.0272629261016846,0.5,0.5,0.5300000309944153,0.24772635102272034,3000.0,0.0,1500.0,1.0,0.06159177277463041,0.002,2500.0,0.0,499.0,1.0,unsupported_critic_region,plugin,False,,2467.1965870424124,2411.840378418978,1.9388134184650676,0.9580045099196989,1.350504299465891,,,,,,,,,,,,,cifar10,1,DANN,PCA32,16.0,0.9508999586105347,0.9508999586105347,0.8440000414848328,0.8360000252723694,splits_cifar10_DANN_1_0_b09dc755c62e.npz,b09dc755c62e,,,,,,,,,,all_pca,PCA32,IW overlap critic | W=2 | seed=0 (plug-in),False,
iw_overlap_critic,2.0,0.0,10000.0,2000.0,2500.0,500.0,0.946,0.0,1.0,54.598148345947266,0.5,0.5,0.468999981880188,0.2500308156013489,,,,,0.05408201849460714,0.0,2500.0,0.0,500.0,0.0,ok,plugin,False,,2499.14311834454,2499.9644328469526,1.0123555358048162,0.9995978561110335,1.0057733449639976,,0.0,0.05408201849460714,0.9459179815053929,0.9459179815053929,False,,,,,,,cifar10,10,DANN,PCA32,16.0,0.9477999806404114,0.9477999806404114,0.924500048160553,0.9120000600814819,splits_cifar10_DANN_10_0_b09dc755c62e.npz,b09dc755c62e,False,False,,,,,,,0.9459179815053929,all_pca,PCA32,IW overlap critic | W=2 | seed=0 (plug-in),True,
iw_overlap_critic,2.0,0.0,10000.0,2000.0,2500.0,500.0,0.9452,0.0,1.0,3.140820264816284,0.5,0.5,0.5245000123977661,0.24969375133514404,,,,,0.05673157372753628,0.0,2500.0,0.0,500.0,0.0,ok,plugin,False,,2490.923867895351,2488.215336444924,1.273455056328897,0.9914295710314842,1.117982704401475,,0.0,0.05673157372753628,0.9432684262724638,0.9432684262724638,False,,,,,,,cifar10,71,DANN,PCA32,16.0,0.9487999677658081,0.9487999677658081,0.9305000305175781,0.9180000424385071,splits_cifar10_DANN_71_0_b09dc755c62e.npz,b09dc755c62e,False,False,,,,,,,0.9432684262724638,all_pca,PCA32,IW overlap critic | W=2 | seed=0 (plug-in),True,
iw_overlap_critic,2.0,0.0,10000.0,2000.0,2500.0,500.0,0.9528,0.0,1.0,54.598148345947266,0.5,0.5,0.49150002002716064,0.2500372529029846,,,,,0.047230687674426064,0.0,2500.0,0.0,500.0,0.0,ok,plugin,False,,2499.2147894815907,2499.9681729037898,1.0131106690692462,0.9994120483803545,1.006166253324369,,0.0,0.047230687674426064,0.9527693123255739,0.9527693123255739,False,,,,,,,cifar10,95,DANN,PCA32,16.0,0.9515999555587769,0.9515999555587769,0.9390000700950623,0.9360000491142273,splits_cifar10_DANN_95_0_b09dc755c62e.npz,b09dc755c62e,False,False,,,,,,,0.9527693123255739,all_pca,PCA32,IW overlap critic | W=2 | seed=0 (plug-in),True,
iw_overlap_critic,2.0,0.0,10000.0,2000.0,2500.0,500.0,0.9476,0.0,1.0,19.437976837158203,0.5,0.5,0.48000001907348633,0.2499961256980896,,,,,0.052512941846897476,0.0,2500.0,0.0,500.0,0.0,ok,plugin,False,,2498.364546143335,2499.8254296291298,1.0194771839014187,1.0005648736761363,1.01161397076632,,0.0,0.052512941846897476,0.9474870581531025,0.9474870581531025,False,,,,,,,cifar10,1,CDANN,PCA32,8.0,0.949999988079071,0.949999988079071,0.846500039100647,0.8440000414848328,splits_cifar10_CDANN_1_0_b09dc755c62e.npz,b09dc755c62e,False,False,,,,,,,0.9474870581531025,all_pca,PCA32,IW overlap critic | W=2 | seed=0 (plug-in),True,
iw_overlap_critic,2.0,0.0,10000.0,2000.0,2500.0,500.0,0.9468,0.0,1.0,25.382333755493164,0.5,0.5,0.512499988079071,0.24999447166919708,,,,,0.05335735451475207,0.0,2500.0,0.0,500.0,0.0,ok,plugin,False,,2497.1751447206766,2499.789268476259,1.031139072831701,0.9985741486039289,1.0141949374102317,,0.0,0.05335735451475207,0.9466426454852479,0.9466426454852479,False,,,,,,,cifar10,10,CDANN,PCA32,8.0,0.948699951171875,0.948699951171875,0.9160000681877136,0.9120000600814819,splits_cifar10_CDANN_10_0_b09dc755c62e.npz,b09dc755c62e,False,False,,,,,,,0.9466426454852479,all_pca,PCA32,IW overlap critic | W=2 | seed=0 (plug-in),True,
iw_overlap_critic,2.0,0.0,10000.0,2000.0,2500.0,500.0,0.9492,0.0,1.0,1.305922031402588,0.5,0.5,0.5320000052452087,0.24796941876411438,,,,,0.05602624824111132,0.0,2500.0,0.0,500.0,0.0,ok,plugin,False,,2480.936451770826,2418.805163177618,1.9076199096686965,0.9687997924512688,1.3196885452913183,,0.0,0.05602624824111132,0.9439737517588886,0.9439737517588886,False,,,,,,,cifar10,71,CDANN,PCA32,8.0,0.9511999487876892,0.9511999487876892,0.9280000329017639,0.9040000438690186,splits_cifar10_CDANN_71_0_b09dc755c62e.npz,b09dc755c62e,False,False,,,,,,,0.9439737517588886,all_pca,PCA32,IW overlap critic | W=2 | seed=0 (plug-in),True,
iw_overlap_critic,2.0,0.0,10000.0,2000.0,2500.0,500.0,0.9516,0.0,1.0,1.621476650238037,0.5,0.5,0.5239999890327454,0.2489166557788849,,,,,0.049980609580718524,0.0,2500.0,0.0,500.0,0.0,ok,plugin,False,,2483.7527084594317,2457.2460889210465,1.6600010295644225,0.9823756532257324,1.2225328229548955,,0.0,0.049980609580718524,0.9500193904192815,0.9500193904192815,False,,,,,,,cifar10,95,CDANN,PCA32,8.0,0.9526000022888184,0.9526000022888184,0.9355000257492065,0.9260000586509705,splits_cifar10_CDANN_95_0_b09dc755c62e.npz,b09dc755c62e,False,False,,,,,,,0.9500193904192815,all_pca,PCA32,IW overlap critic | W=2 | seed=0 (plug-in),True,
iw_overlap_critic,2.0,0.0,10000.0,2000.0,2500.0,500.0,0.758,0.0,1.0,54.598148345947266,0.5,0.5,0.4930000305175781,0.2500110864639282,,,,,0.24196799697194565,0.0,2500.0,0.0,500.0,0.0,ok,plugin,False,,2499.4973333132975,2499.944718500047,1.0184786744844583,0.9996870100103858,1.0073850627435226,,0.0,0.24196799697194565,0.7580320030280543,0.7580320030280543,False,,,,,,,cifar100,4,DANN,PCA32,16.0,0.7841999530792236,0.7841999530792236,0.7440000176429749,0.7760000228881836,splits_cifar100_DANN_4_0_b09dc755c62e.npz,b09dc755c62e,False,True,,,,,,,0.7580320030280543,all_pca,PCA32,IW overlap critic | W=2 | seed=0 (plug-in),True,
iw_overlap_critic,2.0,0.0,10000.0,2000.0,2500.0,500.0,0.76,0.0,1.0,15.843558311462402,0.5,0.5,0.5145000219345093,0.24998313188552856,,,,,0.23995813848438596,0.0,2500.0,0.0,500.0,0.0,ok,plugin,False,,2498.364069778636,2499.274552940353,1.0659496780600084,0.9985164957059953,1.0282525079765281,,0.0,0.23995813848438596,0.760041861515614,0.760041861515614,False,,,,,,,cifar100,12,DANN,PCA32,16.0,0.7831999659538269,0.7831999659538269,0.7545000314712524,0.7860000133514404,splits_cifar100_DANN_12_0_b09dc755c62e.npz,b09dc755c62e,False,True,,,,,,,0.760041861515614,all_pca,PCA32,IW overlap critic | W=2 | seed=0 (plug-in),True,
iw_overlap_critic,2.0,0.0,10000.0,2000.0,2500.0,500.0,0.7596,0.0,1.0,6.188881874084473,0.5,0.5,0.5164999961853027,0.24988257884979248,,,,,0.23989201641413116,0.0,2500.0,0.0,500.0,0.0,ok,plugin,False,,2495.29424299161,2495.25758894308,1.1730820016791645,0.9977409165758746,1.0691175573345837,,0.0,0.23989201641413116,0.7601079835858688,0.7601079835858688,False,,,,,,,cifar100,59,DANN,PCA32,16.0,0.7841999530792236,0.7841999530792236,0.7585000395774841,0.7720000147819519,splits_cifar100_DANN_59_0_b09dc755c62e.npz,b09dc755c62e,False,True,,,,,,,0.7601079835858688,all_pca,PCA32,IW overlap critic | W=2 | seed=0 (plug-in),True,
iw_overlap_critic,2.0,0.0,10000.0,2000.0,2500.0,500.0,0.764,0.0,1.0,10.369760513305664,0.5,0.5,0.5195000171661377,0.2499563992023468,,,,,0.23581564948703795,0.0,2500.0,0.0,500.0,0.0,ok,plugin,False,,2497.727194560759,2498.1475349670977,1.0854963687279817,0.9997437090005009,1.0433668398710554,,0.0,0.23581564948703795,0.7641843505129621,0.7641843505129621,False,,,,,,,cifar100,82,DANN,PCA32,16.0,0.7861999869346619,0.7861999869346619,0.7695000171661377,0.7700000405311584,splits_cifar100_DANN_82_0_b09dc755c62e.npz,b09dc755c62e,True,True,,,,,,,0.7641843505129621,all_pca,PCA32,IW overlap critic | W=2 | seed=0 (plug-in),True,
iw_overlap_critic,2.0,0.0,10000.0,2000.0,2500.0,500.0,0.762,0.0,1.0,54.598148345947266,0.5,0.5,0.4880000054836273,0.25000813603401184,,,,,0.23796506977279933,0.0,2500.0,0.0,500.0,0.0,ok,plugin,False,,2499.5512378749445,2499.977810731281,1.0096347731823985,0.9995188344584585,1.0048454639004856,,0.0,0.23796506977279933,0.7620349302272007,0.7620349302272007,False,,,,,,,cifar100,4,CDANN,PCA32,8.0,0.7849999666213989,0.7849999666213989,0.7275000214576721,0.7480000257492065,splits_cifar100_CDANN_4_0_b09dc755c62e.npz,b09dc755c62e,False,False,,,,,,,0.7620349302272007,all_pca,PCA32,IW overlap critic | W=2 | seed=0 (plug-in),True,
iw_overlap_critic,2.0,0.0,10000.0,2000.0,2500.0,500.0,0.766,0.0,1.0,9.562859535217285,0.5,0.5,0.47200000286102295,0.24997751414775848,,,,,0.233703264756191,0.0,2500.0,0.0,500.0,0.0,ok,plugin,False,,2496.3061924549593,2498.9874061291434,1.0561509210702766,0.9984374174969906,1.0313742183696766,,0.0,0.233703264756191,0.766296735243809,0.766296735243809,False,,,,,,,cifar100,12,CDANN,PCA32,8.0,0.7858999967575073,0.7858999967575073,0.7480000257492065,0.7680000066757202,splits_cifar100_CDANN_12_0_b09dc755c62e.npz,b09dc755c62e,False,True,,,,,,,0.766296735243809,all_pca,PCA32,IW overlap critic | W=2 | seed=0 (plug-in),True,
iw_overlap_critic,2.0,0.0,10000.0,2000.0,2500.0,500.0,0.7664,0.0,1.0,4.717407703399658,0.5,0.5,0.5190000534057617,0.24988389015197754,,,,,0.2325804144228213,0.0,2500.0,0.0,500.0,0.0,ok,plugin,False,,2492.6672964530735,2495.445445780796,1.117917217297565,0.9953606385874997,1.0682453534468566,,0.0,0.2325804144228213,0.7674195855771787,0.7674195855771787,False,,,,,,,cifar100,59,CDANN,PCA32,8.0,0.7870000004768372,0.7870000004768372,0.7580000162124634,0.7920000553131104,splits_cifar100_CDANN_59_0_b09dc755c62e.npz,b09dc755c62e,False,True,,,,,,,0.7674195855771787,all_pca,PCA32,IW overlap critic | W=2 | seed=0 (plug-in),True,
iw_overlap_critic,2.0,0.0,10000.0,2000.0,2500.0,500.0,0.7652,0.0,1.0,54.598148345947266,0.5,0.5,0.4884999990463257,0.25000301003456116,,,,,0.2347418213526253,0.0,2500.0,0.0,500.0,0.0,ok,plugin,False,,2499.428048385223,2499.972594296132,1.0089018136889036,0.9998866514802301,1.004912653251885,,0.0,0.2347418213526253,0.7652581786473747,0.7652581786473747,False,,,,,,,cifar100,82,CDANN,PCA32,8.0,0.7872999906539917,0.7872999906539917,0.7635000348091125,0.7720000147819519,splits_cifar100_CDANN_82_0_b09dc755c62e.npz,b09dc755c62e,False,True,,,,,,,0.7652581786473747,all_pca,PCA32,IW overlap critic | W=2 | seed=0 (plug-in),True,
iw_overlap_critic,2.0,0.0,28152.0,9910.0,7040.0,2478.0,0.803125,0.0,1.0,1.338970422744751,0.5,0.5,0.5970046520233154,0.23833927512168884,8275.0,259.0,4107.0,127.0,0.1936313890650309,0.10250201775625505,6894.0,146.0,2224.0,254.0,ok,plugin,False,,6492.318379182702,6048.345084712814,1.9988334060206587,0.8914658015675179,1.6211637688130482,0.8464566929133859,0.0867635189669088,0.2803949080319397,0.7196050919680603,0.7196050919680603,False,48.0,29.0,0.48714831471443176,0.378993421792984,0.8661417365074158,"[{'epoch': 0, 'best_score': 0.007087290287017822}, {'epoch': 1, 'best_score': 0.009446322917938232}, {'epoch': 2, 'best_score': 0.01287388801574707}, {'epoch': 3, 'best_score': 0.017772674560546875}, {'epoch': 4, 'best_score': 0.024619996547698975}, {'epoch': 5, 'best_score': 0.03154796361923218}, {'epoch': 6, 'best_score': 0.040412724018096924}, {'epoch': 7, 'best_score': 0.05334895849227905}, {'epoch': 8, 'best_score': 0.0704910159111023}, {'epoch': 9, 'best_score': 0.07997870445251465}, {'epoch': 10, 'best_score': 0.10143005847930908}, {'epoch': 11, 'best_score': 0.11572754383087158}, {'epoch': 12, 'best_score': 0.13896101713180542}, {'epoch': 13, 'best_score': 0.16231685876846313}, {'epoch': 14, 'best_score': 0.16818690299987793}, {'epoch': 15, 'best_score': 0.1920490264892578}, {'epoch': 16, 'best_score': 0.21623533964157104}, {'epoch': 17, 'best_score': 0.23445546627044678}, {'epoch': 18, 'best_score': 0.25263726711273193}, {'epoch': 19, 'best_score': 0.2746495008468628}, {'epoch': 20, 'best_score': 0.29435181617736816}, {'epoch': 21, 'best_score': 0.302557110786438}, {'epoch': 22, 'best_score': 0.3268551230430603}, {'epoch': 23, 'best_score': 0.34756773710250854}, {'epoch': 24, 'best_score': 0.3482964038848877}, {'epoch': 25, 'best_score': 0.36437493562698364}, {'epoch': 26, 'best_score': 0.3786633014678955}, {'epoch': 27, 'best_score': 0.40422844886779785}, {'epoch': 28, 'best_score': 0.417125403881073}, {'epoch': 29, 'best_score': 0.4078212082386017}, {'epoch': 30, 'best_score': 0.4199169874191284}, {'epoch': 31, 'best_score': 0.42116957902908325}, {'epoch': 32, 'best_score': 0.4322839379310608}, {'epoch': 33, 'best_score': 0.43459978699684143}, {'epoch': 34, 'best_score': 0.44474726915359497}, {'epoch': 35, 'best_score': 0.4550832211971283}, {'epoch': 36, 'best_score': 0.43791666626930237}, {'epoch': 37, 'best_score': 0.4462301433086395}, {'epoch': 38, 'best_score': 0.44978296756744385}, {'epoch': 39, 'best_score': 0.456522136926651}, {'epoch': 40, 'best_score': 0.4612603485584259}, {'epoch': 41, 'best_score': 0.4596867859363556}, {'epoch': 42, 'best_score': 0.4637129306793213}, {'epoch': 43, 'best_score': 0.46651458740234375}, {'epoch': 44, 'best_score': 0.4711745083332062}, {'epoch': 45, 'best_score': 0.47691407799720764}, {'epoch': 46, 'best_score': 0.4817827641963959}, {'epoch': 47, 'best_score': 0.4851366877555847}, {'epoch': 48, 'best_score': 0.48714831471443176}, {'epoch': 49, 'best_score': 0.4833071231842041}]",domainnet,1,DANN,PCA32,64.0,0.8072605729103088,0.8072605729103088,0.465893030166626,0.47497981786727905,splits_domainnet_DANN_1_0_b09dc755c62e.npz,b09dc755c62e,False,False,,,,,,,0.7196050919680603,all_pca,PCA32,IW overlap critic | W=2 | seed=0 (plug-in),True,
iw_overlap_critic,2.0,0.0,28152.0,14207.0,7040.0,3553.0,0.8038352272727273,0.0,1.0,1.177695393562317,0.5,0.5,0.6193543076515198,0.22928348183631897,7960.0,890.0,3971.0,439.0,0.1752729088235318,0.2158739093723614,6618.0,422.0,2786.0,767.0,ok,plugin,False,,5771.642368642635,5433.215765704858,1.9983977927230578,0.8003257883224366,1.670245008143035,0.8604954367666232,0.18575851393188855,0.36103142275542033,0.6389685772445797,0.6389685772445797,False,49.0,13.0,0.46250709891319275,0.4440988004207611,0.9066058993339539,"[{'epoch': 0, 'best_score': 0.0033575892448425293}, {'epoch': 1, 'best_score': 0.005915045738220215}, {'epoch': 2, 'best_score': 0.007403194904327393}, {'epoch': 3, 'best_score': 0.009382545948028564}, {'epoch': 4, 'best_score': 0.017009317874908447}, {'epoch': 5, 'best_score': 0.022993922233581543}, {'epoch': 6, 'best_score': 0.0311395525932312}, {'epoch': 7, 'best_score': 0.041009485721588135}, {'epoch': 8, 'best_score': 0.050782978534698486}, {'epoch': 9, 'best_score': 0.06820875406265259}, {'epoch': 10, 'best_score': 0.08832383155822754}, {'epoch': 11, 'best_score': 0.10741537809371948}, {'epoch': 12, 'best_score': 0.12162899971008301}, {'epoch': 13, 'best_score': 0.13535016775131226}, {'epoch': 14, 'best_score': 0.15695345401763916}, {'epoch': 15, 'best_score': 0.1754794716835022}, {'epoch': 16, 'best_score': 0.19793593883514404}, {'epoch': 17, 'best_score': 0.2207748293876648}, {'epoch': 18, 'best_score': 0.23853176832199097}, {'epoch': 19, 'best_score': 0.25132447481155396}, {'epoch': 20, 'best_score': 0.27096760272979736}, {'epoch': 21, 'best_score': 0.2767711877822876}, {'epoch': 22, 'best_score': 0.2964494824409485}, {'epoch': 23, 'best_score': 0.31139683723449707}, {'epoch': 24, 'best_score': 0.3215695023536682}, {'epoch': 25, 'best_score': 0.3380144238471985}, {'epoch': 26, 'best_score': 0.3491738438606262}, {'epoch': 27, 'best_score': 0.36345380544662476}, {'epoch': 28, 'best_score': 0.3756718039512634}, {'epoch': 29, 'best_score': 0.37848442792892456}, {'epoch': 30, 'best_score': 0.38447755575180054}, {'epoch': 31, 'best_score': 0.3905549645423889}, {'epoch': 32, 'best_score': 0.39609843492507935}, {'epoch': 33, 'best_score': 0.3995057940483093}, {'epoch': 34, 'best_score': 0.40838754177093506}, {'epoch': 35, 'best_score': 0.40989547967910767}, {'epoch': 36, 'best_score': 0.4158170819282532}, {'epoch': 37, 'best_score': 0.4183213710784912}, {'epoch': 38, 'best_score': 0.425388365983963}, {'epoch': 39, 'best_score': 0.4249899089336395}, {'epoch': 40, 'best_score': 0.43222296237945557}, {'epoch': 41, 'best_score': 0.4382878541946411}, {'epoch': 42, 'best_score': 0.44676443934440613}, {'epoch': 43, 'best_score': 0.44946491718292236}, {'epoch': 44, 'best_score': 0.44597697257995605}, {'epoch': 45, 'best_score': 0.4498254656791687}, {'epoch': 46, 'best_score': 0.4538780748844147}, {'epoch': 47, 'best_score': 0.45480671525001526}, {'epoch': 48, 'best_score': 0.45870378613471985}, {'epoch': 49, 'best_score': 0.46250709891319275}]",domainnet,2,DANN,PCA32,64.0,0.8101378083229065,0.8101378083229065,0.38572534918785095,0.38727834820747375,splits_domainnet_DANN_2_0_b09dc755c62e.npz,b09dc755c62e,False,False,,,,,,,0.6389685772445797,all_pca,PCA32,IW overlap critic | W=2 | seed=0 (plug-in),True,
iw_overlap_critic,2.0,0.0,28152.0,15295.0,7040.0,3825.0,0.8072443181818182,0.0,1.0,0.9406789541244507,0.5,0.5,0.6138694286346436,0.23278658092021942,7901.0,626.0,3948.0,331.0,0.1745971649718775,0.15294117647058825,6569.0,471.0,3240.0,585.0,ok,plugin,False,,5890.822886299002,5522.711158330803,1.9999760764222174,0.8378934144009208,1.6547570690394713,0.852991452991453,0.1304575163398693,0.3050546813117468,0.6949453186882533,0.6949453186882533,False,49.0,6.0,0.39496585726737976,0.4509555995464325,0.8459214568138123,"[{'epoch': 0, 'best_score': 0.006082355976104736}, {'epoch': 1, 'best_score': 0.0072078704833984375}, {'epoch': 2, 'best_score': 0.009314417839050293}, {'epoch': 3, 'best_score': 0.01293855905532837}, {'epoch': 4, 'best_score': 0.016413509845733643}, {'epoch': 5, 'best_score': 0.02189183235168457}, {'epoch': 6, 'best_score': 0.030101895332336426}, {'epoch': 7, 'best_score': 0.03768879175186157}, {'epoch': 8, 'best_score': 0.051116764545440674}, {'epoch': 9, 'best_score': 0.06137716770172119}, {'epoch': 10, 'best_score': 0.06935328245162964}, {'epoch': 11, 'best_score': 0.07980489730834961}, {'epoch': 12, 'best_score': 0.0955357551574707}, {'epoch': 13, 'best_score': 0.11150401830673218}, {'epoch': 14, 'best_score': 0.13270151615142822}, {'epoch': 15, 'best_score': 0.14892345666885376}, {'epoch': 16, 'best_score': 0.1668715476989746}, {'epoch': 17, 'best_score': 0.18076926469802856}, {'epoch': 18, 'best_score': 0.19798582792282104}, {'epoch': 19, 'best_score': 0.21196210384368896}, {'epoch': 20, 'best_score': 0.22800922393798828}, {'epoch': 21, 'best_score': 0.24784547090530396}, {'epoch': 22, 'best_score': 0.25996917486190796}, {'epoch': 23, 'best_score': 0.2652131915092468}, {'epoch': 24, 'best_score': 0.27839893102645874}, {'epoch': 25, 'best_score': 0.29424208402633667}, {'epoch': 26, 'best_score': 0.3129635453224182}, {'epoch': 27, 'best_score': 0.3158302307128906}, {'epoch': 28, 'best_score': 0.3129883408546448}, {'epoch': 29, 'best_score': 0.3218557834625244}, {'epoch': 30, 'best_score': 0.32334524393081665}, {'epoch': 31, 'best_score': 0.32935649156570435}, {'epoch': 32, 'best_score': 0.33585184812545776}, {'epoch': 33, 'best_score': 0.34477174282073975}, {'epoch': 34, 'best_score': 0.3464342951774597}, {'epoch': 35, 'best_score': 0.3523276448249817}, {'epoch': 36, 'best_score': 0.3582842946052551}, {'epoch': 37, 'best_score': 0.3609750270843506}, {'epoch': 38, 'best_score': 0.36426764726638794}, {'epoch': 39, 'best_score': 0.36941084265708923}, {'epoch': 40, 'best_score': 0.37540408968925476}, {'epoch': 41, 'best_score': 0.377784788608551}, {'epoch': 42, 'best_score': 0.37546506524086}, {'epoch': 43, 'best_score': 0.37550053000450134}, {'epoch': 44, 'best_score': 0.38124555349349976}, {'epoch': 45, 'best_score': 0.385534405708313}, {'epoch': 46, 'best_score': 0.39016228914260864}, {'epoch': 47, 'best_score': 0.38700881600379944}, {'epoch': 48, 'best_score': 0.391052782535553}, {'epoch': 49, 'best_score': 0.39496585726737976}]",domainnet,3,DANN,PCA32,64.0,0.8096050024032593,0.8096050024032593,0.4719189405441284,0.46562090516090393,splits_domainnet_DANN_3_0_b09dc755c62e.npz,b09dc755c62e,False,False,,,,,,,0.6949453186882533,all_pca,PCA32,IW overlap critic | W=2 | seed=0 (plug-in),True,
iw_overlap_critic,2.0,0.0,28152.0,9910.0,7040.0,2478.0,0.8025568181818181,0.0,1.0,0.686977744102478,0.5,0.5,0.5479276180267334,0.24621573090553284,8435.0,6.0,4216.0,3.0,0.21531252464778344,0.002824858757062147,7032.0,8.0,2471.0,7.0,ok,plugin,False,,7121.57687389496,6606.443977250881,1.9911322430965503,0.9857846882356245,1.4764364312603147,1.0,0.002824858757062147,0.2181373834048456,0.7818626165951544,0.7818626165951544,False,49.0,19.0,0.06443202495574951,0.9355679750442505,1.0,"[{'epoch': 0, 'best_score': 0.008565425872802734}, {'epoch': 1, 'best_score': 0.007980108261108398}, {'epoch': 2, 'best_score': 0.007980108261108398}, {'epoch': 3, 'best_score': 0.007718920707702637}, {'epoch': 4, 'best_score': 0.007963597774505615}, {'epoch': 5, 'best_score': 0.007963597774505615}, {'epoch': 6, 'best_score': 0.007806539535522461}, {'epoch': 7, 'best_score': 0.008391499519348145}, {'epoch': 8, 'best_score': 0.007980525493621826}, {'epoch': 9, 'best_score': 0.008534610271453857}, {'epoch': 10, 'best_score': 0.008729398250579834}, {'epoch': 11, 'best_score': 0.009075582027435303}, {'epoch': 12, 'best_score': 0.009466290473937988}, {'epoch': 13, 'best_score': 0.010300636291503906}, {'epoch': 14, 'best_score': 0.010886311531066895}, {'epoch': 15, 'best_score': 0.010889768600463867}, {'epoch': 16, 'best_score': 0.011872351169586182}, {'epoch': 17, 'best_score': 0.012474238872528076}, {'epoch': 18, 'best_score': 0.013113319873809814}, {'epoch': 19, 'best_score': 0.013428151607513428}, {'epoch': 20, 'best_score': 0.015424728393554688}, {'epoch': 21, 'best_score': 0.015488028526306152}, {'epoch': 22, 'best_score': 0.01685088872909546}, {'epoch': 23, 'best_score': 0.017917931079864502}, {'epoch': 24, 'best_score': 0.019398033618927002}, {'epoch': 25, 'best_score': 0.0204695463180542}, {'epoch': 26, 'best_score': 0.02191227674484253}, {'epoch': 27, 'best_score': 0.02240818738937378}, {'epoch': 28, 'best_score': 0.024179160594940186}, {'epoch': 29, 'best_score': 0.025490164756774902}, {'epoch': 30, 'best_score': 0.02600175142288208}, {'epoch': 31, 'best_score': 0.027664124965667725}, {'epoch': 32, 'best_score': 0.029147207736968994}, {'epoch': 33, 'best_score': 0.03178548812866211}, {'epoch': 34, 'best_score': 0.0339471697807312}, {'epoch': 35, 'best_score': 0.03632771968841553}, {'epoch': 36, 'best_score': 0.039443790912628174}, {'epoch': 37, 'best_score': 0.042289555072784424}, {'epoch': 38, 'best_score': 0.04418057203292847}, {'epoch': 39, 'best_score': 0.046339452266693115}, {'epoch': 40, 'best_score': 0.048779070377349854}, {'epoch': 41, 'best_score': 0.051646649837493896}, {'epoch': 42, 'best_score': 0.053455352783203125}, {'epoch': 43, 'best_score': 0.054572999477386475}, {'epoch': 44, 'best_score': 0.055651724338531494}, {'epoch': 45, 'best_score': 0.057018816471099854}, {'epoch': 46, 'best_score': 0.05806875228881836}, {'epoch': 47, 'best_score': 0.05988961458206177}, {'epoch': 48, 'best_score': 0.061898112297058105}, {'epoch': 49, 'best_score': 0.06443202495574951}]",domainnet,1,CDANN,PCA32,8.0,0.8055910468101501,0.8055910468101501,0.5121089816093445,0.5205811262130737,splits_domainnet_CDANN_1_0_b09dc755c62e.npz,b09dc755c62e,False,False,,,,,,,0.7818626165951544,all_pca,PCA32,IW overlap critic | W=2 | seed=0 (plug-in),True,
iw_overlap_critic,2.0,0.0,28152.0,14207.0,7040.0,3553.0,0.8004261363636364,0.0,1.0,1.1209747791290283,0.5,0.5,0.5485158562660217,0.24675559997558594,,,,,0.20992059666579405,0.0,7040.0,0.0,3553.0,0.0,ok,plugin,False,,7047.346717683889,6706.169599160667,1.9159036245560344,0.9853284904826031,1.3902834623234255,,0.0,0.20992059666579405,0.790079403334206,0.790079403334206,False,,,,,,,domainnet,2,CDANN,PCA32,8.0,0.8071539998054504,0.8071539998054504,0.42063772678375244,0.4218969941139221,splits_domainnet_CDANN_2_0_b09dc755c62e.npz,b09dc755c62e,False,False,,,,,,,0.790079403334206,all_pca,PCA32,IW overlap critic | W=2 | seed=0 (plug-in),True,
iw_overlap_critic,2.0,0.0,28152.0,15295.0,7040.0,3825.0,0.8063920454545455,0.0,1.0,0.8796170949935913,0.5,0.5,0.5716710686683655,0.2413591742515564,8314.0,153.0,4147.0,52.0,0.18006221972191766,0.03058823529411765,6928.0,112.0,3708.0,117.0,ok,plugin,False,,6858.007390278555,6171.477722826719,1.9998682019066014,0.9423013951038027,1.6172086853267424,0.9658119658119658,0.029542483660130722,0.2096047033820484,0.7903952966179516,0.7903952966179516,False,49.0,1.0,0.0564194917678833,0.9435805082321167,1.0,"[{'epoch': 0, 'best_score': 0.004648029804229736}, {'epoch': 1, 'best_score': 0.004894614219665527}, {'epoch': 2, 'best_score': 0.005268990993499756}, {'epoch': 3, 'best_score': 0.005486130714416504}, {'epoch': 4, 'best_score': 0.005651712417602539}, {'epoch': 5, 'best_score': 0.005811870098114014}, {'epoch': 6, 'best_score': 0.005955219268798828}, {'epoch': 7, 'best_score': 0.006704270839691162}, {'epoch': 8, 'best_score': 0.007472991943359375}, {'epoch': 9, 'best_score': 0.007318019866943359}, {'epoch': 10, 'best_score': 0.008664250373840332}, {'epoch': 11, 'best_score': 0.00924605131149292}, {'epoch': 12, 'best_score': 0.010030508041381836}, {'epoch': 13, 'best_score': 0.010961771011352539}, {'epoch': 14, 'best_score': 0.011846840381622314}, {'epoch': 15, 'best_score': 0.01259678602218628}, {'epoch': 16, 'best_score': 0.0130959153175354}, {'epoch': 17, 'best_score': 0.01341015100479126}, {'epoch': 18, 'best_score': 0.014508187770843506}, {'epoch': 19, 'best_score': 0.016260921955108643}, {'epoch': 20, 'best_score': 0.016873061656951904}, {'epoch': 21, 'best_score': 0.017451226711273193}, {'epoch': 22, 'best_score': 0.01796501874923706}, {'epoch': 23, 'best_score': 0.013722836971282959}, {'epoch': 24, 'best_score': 0.016566932201385498}, {'epoch': 25, 'best_score': 0.01865595579147339}, {'epoch': 26, 'best_score': 0.01958620548248291}, {'epoch': 27, 'best_score': 0.0212671160697937}, {'epoch': 28, 'best_score': 0.02459108829498291}, {'epoch': 29, 'best_score': 0.025237739086151123}, {'epoch': 30, 'best_score': 0.02758336067199707}, {'epoch': 31, 'best_score': 0.029703736305236816}, {'epoch': 32, 'best_score': 0.03027188777923584}, {'epoch': 33, 'best_score': 0.03107672929763794}, {'epoch': 34, 'best_score': 0.03250020742416382}, {'epoch': 35, 'best_score': 0.03414928913116455}, {'epoch': 36, 'best_score': 0.0351065993309021}, {'epoch': 37, 'best_score': 0.03688877820968628}, {'epoch': 38, 'best_score': 0.03867840766906738}, {'epoch': 39, 'best_score': 0.04027456045150757}, {'epoch': 40, 'best_score': 0.04302787780761719}, {'epoch': 41, 'best_score': 0.043549180030822754}, {'epoch': 42, 'best_score': 0.045603036880493164}, {'epoch': 43, 'best_score': 0.0459558367729187}, {'epoch': 44, 'best_score': 0.047234535217285156}, {'epoch': 45, 'best_score': 0.049003422260284424}, {'epoch': 46, 'best_score': 0.05035543441772461}, {'epoch': 47, 'best_score': 0.05295306444168091}, {'epoch': 48, 'best_score': 0.05484515428543091}, {'epoch': 49, 'best_score': 0.0564194917678833}]",domainnet,3,CDANN,PCA32,8.0,0.8074381947517395,0.8074381947517395,0.49369075894355774,0.48549020290374756,splits_domainnet_CDANN_3_0_b09dc755c62e.npz,b09dc755c62e,False,False,,,,,,,0.7903952966179516,all_pca,PCA32,IW overlap critic | W=2 | seed=0 (plug-in),True,
iw_overlap_critic,2.0,0.0,1700.0,8804.0,425.0,2203.0,0.8658823529411764,0.0,1.0,2.206784963607788,0.5,0.5,0.532453179359436,0.248231440782547,,,,,0.1436071555730723,0.0,425.0,0.0,2203.0,0.0,ok,plugin,False,,432.44242498918817,411.9832546594768,1.471223932180203,1.028253930378775,1.3043728956603822,,0.0,0.1436071555730723,0.8563928444269278,0.8563928444269278,False,,,,,,,living17,1,DANN,PCA32,16.0,0.8994117379188538,0.8994117379188538,0.6758291721343994,0.6876986026763916,splits_living17_DANN_1_0_b09dc755c62e.npz,b09dc755c62e,False,False,,,,,,,0.8563928444269278,all_pca,PCA32,IW overlap critic | W=2 | seed=0 (plug-in),True,
iw_overlap_critic,2.0,0.0,1700.0,68.0,425.0,19.0,0.8823529411764706,0.0,1.0,4.442756652832031,0.5,0.5,0.5647058486938477,0.24467317759990692,,,,,0.10129363945394156,0.0,425.0,0.0,19.0,0.0,ok,plugin,False,,370.00198238003014,388.61351230668083,1.6988649189239498,0.8765893477410559,1.3157139970520624,,0.0,0.10129363945394156,0.8987063605460585,0.8987063605460585,False,,,,,,,living17,2,DANN,PCA32,16.0,0.9094117283821106,0.9094117283821106,0.8970588445663452,0.8421052694320679,splits_living17_DANN_2_0_b09dc755c62e.npz,b09dc755c62e,False,False,,,,,,,0.8987063605460585,all_pca,PCA32,IW overlap critic | W=2 | seed=0 (plug-in),True,
iw_overlap_critic,2.0,0.0,1700.0,68.0,425.0,19.0,0.8894117647058823,0.0,1.0,2.5781736373901367,0.5,0.5,0.5970588326454163,0.2325294017791748,494.0,0.0,251.0,0.0,0.0989457465753694,0.05263157894736842,419.0,6.0,18.0,1.0,unsupported_critic_region,plugin,False,,340.7401637143354,339.3949862436339,1.9319397412454544,0.7688229173025498,1.5446369895791954,,,,,,,,,,,,,living17,3,DANN,PCA32,16.0,0.9052940607070923,0.9052940607070923,0.5882353186607361,0.6842105388641357,splits_living17_DANN_3_0_b09dc755c62e.npz,b09dc755c62e,,,,,,,,,,all_pca,PCA32,IW overlap critic | W=2 | seed=0 (plug-in),False,
iw_overlap_critic,2.0,0.0,1700.0,8804.0,425.0,2203.0,0.8894117647058823,0.0,1.0,5.41670560836792,0.5,0.5,0.5030080080032349,0.24986186623573303,,,,,0.11206846135422087,0.0,425.0,0.0,2203.0,0.0,ok,plugin,False,,426.3689697964522,424.03722863574507,1.1476135555971356,1.0010814084159105,1.0824885299307634,,0.0,0.11206846135422087,0.8879315386457791,0.8879315386457791,False,,,,,,,living17,1,CDANN,PCA32,8.0,0.9052940607070923,0.9052940607070923,0.6863925457000732,0.6981388926506042,splits_living17_CDANN_1_0_b09dc755c62e.npz,b09dc755c62e,False,False,,,,,,,0.8879315386457791,all_pca,PCA32,IW overlap critic | W=2 | seed=0 (plug-in),True,
iw_overlap_critic,2.0,0.0,1700.0,68.0,425.0,19.0,0.8917647058823529,0.0,1.0,54.598148345947266,0.5,0.5,0.3382352888584137,0.2500748336315155,,,,,0.1075678555048038,0.0,425.0,0.0,19.0,0.0,ok,plugin,False,,422.6652594368511,424.93240673354376,1.054305261295918,0.9933918753788541,1.0166605396331967,,0.0,0.1075678555048038,0.8924321444951961,0.8924321444951961,False,,,,,,,living17,2,CDANN,PCA32,8.0,0.9094117283821106,0.9094117283821106,0.8676470518112183,0.8421052694320679,splits_living17_CDANN_2_0_b09dc755c62e.npz,b09dc755c62e,False,False,,,,,,,0.8924321444951961,all_pca,PCA32,IW overlap critic | W=2 | seed=0 (plug-in),True,
iw_overlap_critic,2.0,0.0,1700.0,68.0,425.0,19.0,0.8823529411764706,0.0,1.0,54.598148345947266,0.5,0.5,0.4107843041419983,0.25055694580078125,,,,,0.11702337983568245,0.0,425.0,0.0,19.0,0.0,ok,plugin,False,,423.3943201084988,424.9171983386957,1.0431580817547115,0.9977900006774588,1.0165345587986698,,0.0,0.11702337983568245,0.8829766201643175,0.8829766201643175,False,,,,,,,living17,3,CDANN,PCA32,8.0,0.9052940607070923,0.9052940607070923,0.5588235259056091,0.6315789222717285,splits_living17_CDANN_3_0_b09dc755c62e.npz,b09dc755c62e,False,False,,,,,,,0.8829766201643175,all_pca,PCA32,IW overlap critic | W=2 | seed=0 (plug-in),True,
iw_overlap_critic,2.0,0.0,2600.0,13282.0,650.0,3322.0,0.8046153846153846,0.0,1.0,3.803554058074951,0.5,0.5,0.4949953556060791,0.24979206919670105,,,,,0.19638784312031546,0.0,650.0,0.0,3322.0,0.0,ok,plugin,False,,648.0321221614721,647.5140399651125,1.1754829283535895,1.003429812886901,1.0876079310955025,,0.0,0.19638784312031546,0.8036121568796846,0.8036121568796846,False,,,,,,,nonliving26,1,DANN,PCA32,16.0,0.8126922845840454,0.8126922845840454,0.5122722387313843,0.5192654728889465,splits_nonliving26_DANN_1_0_b09dc755c62e.npz,b09dc755c62e,False,False,,,,,,,0.8036121568796846,all_pca,PCA32,IW overlap critic | W=2 | seed=0 (plug-in),True,
iw_overlap_critic,2.0,0.0,2600.0,104.0,650.0,28.0,0.8292307692307692,0.0,1.0,54.598148345947266,0.5,0.5,0.428846150636673,0.25057846307754517,,,,,0.1695918216554627,0.0,650.0,0.0,28.0,0.0,ok,plugin,False,,644.9450334618256,649.7022610368109,1.0638896943777993,0.9931055201581844,1.0263503742375486,,0.0,0.1695918216554627,0.8304081783445373,0.8304081783445373,False,,,,,,,nonliving26,2,DANN,PCA32,16.0,0.8176922798156738,0.8176922798156738,0.75,0.7142857313156128,splits_nonliving26_DANN_2_0_b09dc755c62e.npz,b09dc755c62e,False,False,,,,,,,0.8304081783445373,all_pca,PCA32,IW overlap critic | W=2 | seed=0 (plug-in),True,
iw_overlap_critic,2.0,0.0,2600.0,104.0,650.0,28.0,0.8246153846153846,0.0,1.0,54.598148345947266,0.5,0.5,0.5519230365753174,0.25018563866615295,,,,,0.17487564669811262,0.0,650.0,0.0,28.0,0.0,ok,plugin,False,,644.8817129149197,649.6779386930249,1.0480817790994512,0.9925911391371538,1.0282513250781788,,0.0,0.17487564669811262,0.8251243533018874,0.8251243533018874,False,,,,,,,nonliving26,3,DANN,PCA32,16.0,0.8146153688430786,0.8146153688430786,0.4038461744785309,0.3214285969734192,splits_nonliving26_DANN_3_0_b09dc755c62e.npz,b09dc755c62e,False,False,,,,,,,0.8251243533018874,all_pca,PCA32,IW overlap critic | W=2 | seed=0 (plug-in),True,
iw_overlap_critic,2.0,0.0,2600.0,13282.0,650.0,3322.0,0.8169230769230769,0.0,1.0,6.28633975982666,0.5,0.5,0.5100845694541931,0.24996723234653473,,,,,0.1837138993509626,0.0,650.0,0.0,3322.0,0.0,ok,plugin,False,,650.9397035641871,649.6615079353536,1.0878530222853675,1.0006612306023595,1.0399195222893356,,0.0,0.1837138993509626,0.8162861006490374,0.8162861006490374,False,,,,,,,nonliving26,1,CDANN,PCA32,8.0,0.8176922798156738,0.8176922798156738,0.5332028269767761,0.5352197289466858,splits_nonliving26_CDANN_1_0_b09dc755c62e.npz,b09dc755c62e,False,False,,,,,,,0.8162861006490374,all_pca,PCA32,IW overlap critic | W=2 | seed=0 (plug-in),True,
iw_overlap_critic,2.0,0.0,2600.0,104.0,650.0,28.0,0.8138461538461539,0.0,1.0,54.598148345947266,0.5,0.5,0.517307698726654,0.2506106197834015,,,,,0.18498830410202713,0.0,650.0,0.0,28.0,0.0,ok,plugin,False,,647.1469497634835,649.8434592064816,1.061645235219477,0.9942327920037046,1.020937995568416,,0.0,0.18498830410202713,0.8150116958979728,0.8150116958979728,False,,,,,,,nonliving26,2,CDANN,PCA32,8.0,0.8165384531021118,0.8165384531021118,0.7692307829856873,0.7500000596046448,splits_nonliving26_CDANN_2_0_b09dc755c62e.npz,b09dc755c62e,False,False,,,,,,,0.8150116958979728,all_pca,PCA32,IW overlap critic | W=2 | seed=0 (plug-in),True,
iw_overlap_critic,2.0,0.0,2600.0,104.0,650.0,28.0,0.8123076923076923,0.0,1.0,54.598148345947266,0.5,0.5,0.45192307233810425,0.25032079219818115,,,,,0.18652633811269942,0.0,650.0,0.0,28.0,0.0,ok,plugin,False,,646.9125719390695,649.8681000691178,1.04528862719113,0.9948426901196956,1.0174870709021495,,0.0,0.18652633811269942,0.8134736618873006,0.8134736618873006,False,,,,,,,nonliving26,3,CDANN,PCA32,8.0,0.822692334651947,0.822692334651947,0.4038461744785309,0.3214285969734192,splits_nonliving26_CDANN_3_0_b09dc755c62e.npz,b09dc755c62e,False,False,,,,,,,0.8134736618873006,all_pca,PCA32,IW overlap critic | W=2 | seed=0 (plug-in),True,
iw_overlap_critic,2.0,0.0,11745.0,35070.0,2938.0,8768.0,0.6388699795779442,0.0,1.0,1.1953489780426025,0.5,0.5,0.5431262254714966,0.24626845121383667,3523.0,0.0,1761.0,0.0,0.34933975614845936,0.00011405109489051095,2938.0,0.0,8767.0,1.0,unsupported_critic_region,plugin,False,,2936.0275180833237,2770.309307645012,1.8704377090897963,0.9929229434829004,1.4102862064483768,,,,,,,,,,,,,fmow,1,DANN,PCA32,32.0,0.6519370079040527,0.6519370079040527,0.6103222370147705,0.6077782511711121,splits_fmow_DANN_1_0_b09dc755c62e.npz,b09dc755c62e,,,,,,,,,,all_pca,PCA32,IW overlap critic | W=2 | seed=0 (plug-in),False,
iw_overlap_critic,2.0,0.0,11745.0,39088.0,2938.0,9774.0,0.6344452008168822,0.0,1.0,1.1162391901016235,0.5,0.5,0.5610883235931396,0.24312078952789307,3504.0,174.0,1750.0,87.0,0.3686827579959646,0.014630652752199713,2921.0,17.0,9631.0,143.0,ok,plugin,False,,2916.8970087989537,2637.9884151659703,1.9954057316077567,0.9684110466491441,1.6096023247783753,0.9230769230769231,0.013505217925107428,0.38218797592107207,0.617812024078928,0.617812024078928,False,49.0,12.0,0.3846151828765869,0.5234307646751404,0.9080459475517273,"[{'epoch': 0, 'best_score': 0.02788245677947998}, {'epoch': 1, 'best_score': 0.028063416481018066}, {'epoch': 2, 'best_score': 0.03182786703109741}, {'epoch': 3, 'best_score': 0.034738123416900635}, {'epoch': 4, 'best_score': 0.045094192028045654}, {'epoch': 5, 'best_score': 0.052223920822143555}, {'epoch': 6, 'best_score': 0.06157541275024414}, {'epoch': 7, 'best_score': 0.07232666015625}, {'epoch': 8, 'best_score': 0.077877938747406}, {'epoch': 9, 'best_score': 0.08287709951400757}, {'epoch': 10, 'best_score': 0.09359627962112427}, {'epoch': 11, 'best_score': 0.10508441925048828}, {'epoch': 12, 'best_score': 0.12581944465637207}, {'epoch': 13, 'best_score': 0.13562971353530884}, {'epoch': 14, 'best_score': 0.142286479473114}, {'epoch': 15, 'best_score': 0.15117907524108887}, {'epoch': 16, 'best_score': 0.16013973951339722}, {'epoch': 17, 'best_score': 0.1692454218864441}, {'epoch': 18, 'best_score': 0.1798369288444519}, {'epoch': 19, 'best_score': 0.18839490413665771}, {'epoch': 20, 'best_score': 0.19646698236465454}, {'epoch': 21, 'best_score': 0.20865857601165771}, {'epoch': 22, 'best_score': 0.22209900617599487}, {'epoch': 23, 'best_score': 0.2368631362915039}, {'epoch': 24, 'best_score': 0.24849915504455566}, {'epoch': 25, 'best_score': 0.25783711671829224}, {'epoch': 26, 'best_score': 0.2716822028160095}, {'epoch': 27, 'best_score': 0.28260689973831177}, {'epoch': 28, 'best_score': 0.2663295269012451}, {'epoch': 29, 'best_score': 0.265295147895813}, {'epoch': 30, 'best_score': 0.2782946825027466}, {'epoch': 31, 'best_score': 0.28086376190185547}, {'epoch': 32, 'best_score': 0.2966974377632141}, {'epoch': 33, 'best_score': 0.3096979260444641}, {'epoch': 34, 'best_score': 0.31803667545318604}, {'epoch': 35, 'best_score': 0.3270425796508789}, {'epoch': 36, 'best_score': 0.3372730612754822}, {'epoch': 37, 'best_score': 0.3488606810569763}, {'epoch': 38, 'best_score': 0.35508400201797485}, {'epoch': 39, 'best_score': 0.3636302351951599}, {'epoch': 40, 'best_score': 0.3695428967475891}, {'epoch': 41, 'best_score': 0.360603928565979}, {'epoch': 42, 'best_score': 0.34849053621292114}, {'epoch': 43, 'best_score': 0.35279345512390137}, {'epoch': 44, 'best_score': 0.3584957718849182}, {'epoch': 45, 'best_score': 0.36411529779434204}, {'epoch': 46, 'best_score': 0.36975592374801636}, {'epoch': 47, 'best_score': 0.3769226670265198}, {'epoch': 48, 'best_score': 0.38254421949386597}, {'epoch': 49, 'best_score': 0.3846151828765869}]",fmow,2,DANN,PCA32,32.0,0.6504895687103271,0.6504895687103271,0.5482756495475769,0.5545324683189392,splits_fmow_DANN_2_0_b09dc755c62e.npz,b09dc755c62e,False,False,,,,,,,0.617812024078928,all_pca,PCA32,IW overlap critic | W=2 | seed=0 (plug-in),True,
iw_overlap_critic,2.0,0.0,11745.0,35070.0,2938.0,8768.0,0.6466984343090538,0.0,1.0,1.0,0.5,0.5,0.5331042408943176,0.24866241216659546,,,,,0.3392420251052662,0.0,2938.0,0.0,8768.0,0.0,ok,plugin,False,,2920.302165789869,2874.640245755586,1.502802107159719,0.9910110673864674,1.2442531908203762,,0.0,0.3392420251052662,0.6607579748947339,0.6607579748947339,False,,,,,,,fmow,1,CDANN,PCA32,8.0,0.6558535695075989,0.6558535695075989,0.605617344379425,0.6010492444038391,splits_fmow_CDANN_1_0_b09dc755c62e.npz,b09dc755c62e,False,False,,,,,,,0.6607579748947339,all_pca,PCA32,IW overlap critic | W=2 | seed=0 (plug-in),True,
iw_overlap_critic,2.0,0.0,11745.0,39088.0,2938.0,9774.0,0.6446562287270252,0.0,1.0,1.0801875591278076,0.5,0.5,0.5366461277008057,0.24800771474838257,3517.0,25.0,1757.0,12.0,0.3520619660056973,0.001841620626151013,2932.0,6.0,9756.0,18.0,ok,plugin,False,,2912.24426996924,2837.40668896883,1.9541359802822313,0.9804888887490445,1.297888775250341,1.0,0.001841620626151013,0.3539035866318483,0.6460964133681517,0.6460964133681517,False,49.0,10.0,0.23919779062271118,0.7608022093772888,1.0,"[{'epoch': 0, 'best_score': 0.04298216104507446}, {'epoch': 1, 'best_score': 0.04354029893875122}, {'epoch': 2, 'best_score': 0.04595237970352173}, {'epoch': 3, 'best_score': 0.0478968620300293}, {'epoch': 4, 'best_score': 0.0478968620300293}, {'epoch': 5, 'best_score': 0.04920649528503418}, {'epoch': 6, 'best_score': 0.04920649528503418}, {'epoch': 7, 'best_score': 0.049580931663513184}, {'epoch': 8, 'best_score': 0.056704819202423096}, {'epoch': 9, 'best_score': 0.06524741649627686}, {'epoch': 10, 'best_score': 0.077053964138031}, {'epoch': 11, 'best_score': 0.08531272411346436}, {'epoch': 12, 'best_score': 0.09088402986526489}, {'epoch': 13, 'best_score': 0.09471052885055542}, {'epoch': 14, 'best_score': 0.10010039806365967}, {'epoch': 15, 'best_score': 0.10536134243011475}, {'epoch': 16, 'best_score': 0.10957729816436768}, {'epoch': 17, 'best_score': 0.11085355281829834}, {'epoch': 18, 'best_score': 0.11150974035263062}, {'epoch': 19, 'best_score': 0.11617439985275269}, {'epoch': 20, 'best_score': 0.12374544143676758}, {'epoch': 21, 'best_score': 0.12888270616531372}, {'epoch': 22, 'best_score': 0.13530325889587402}, {'epoch': 23, 'best_score': 0.13992923498153687}, {'epoch': 24, 'best_score': 0.14701372385025024}, {'epoch': 25, 'best_score': 0.15109890699386597}, {'epoch': 26, 'best_score': 0.15574568510055542}, {'epoch': 27, 'best_score': 0.16068100929260254}, {'epoch': 28, 'best_score': 0.16596215963363647}, {'epoch': 29, 'best_score': 0.16870057582855225}, {'epoch': 30, 'best_score': 0.17206507921218872}, {'epoch': 31, 'best_score': 0.17557936906814575}, {'epoch': 32, 'best_score': 0.17955034971237183}, {'epoch': 33, 'best_score': 0.18340188264846802}, {'epoch': 34, 'best_score': 0.18697071075439453}, {'epoch': 35, 'best_score': 0.1916053295135498}, {'epoch': 36, 'best_score': 0.1956586241722107}, {'epoch': 37, 'best_score': 0.20092934370040894}, {'epoch': 38, 'best_score': 0.20137858390808105}, {'epoch': 39, 'best_score': 0.2061815857887268}, {'epoch': 40, 'best_score': 0.20708483457565308}, {'epoch': 41, 'best_score': 0.21027767658233643}, {'epoch': 42, 'best_score': 0.21542716026306152}, {'epoch': 43, 'best_score': 0.22140604257583618}, {'epoch': 44, 'best_score': 0.22571080923080444}, {'epoch': 45, 'best_score': 0.23028850555419922}, {'epoch': 46, 'best_score': 0.2319176197052002}, {'epoch': 47, 'best_score': 0.23406833410263062}, {'epoch': 48, 'best_score': 0.23703980445861816}, {'epoch': 49, 'best_score': 0.23919779062271118}]",fmow,2,CDANN,PCA32,8.0,0.6548318862915039,0.6548318862915039,0.5420845150947571,0.5445058345794678,splits_fmow_CDANN_2_0_b09dc755c62e.npz,b09dc755c62e,False,False,,,,,,,0.6460964133681517,all_pca,PCA32,IW overlap critic | W=2 | seed=0 (plug-in),True,
iw_overlap_critic,2.0,0.0,731.0,898.0,184.0,227.0,0.9239130434782609,0.0,1.0,54.598148345947266,0.5,0.5,0.5055410265922546,0.2500474154949188,,,,,0.07600973976784176,0.0,184.0,0.0,227.0,0.0,ok,plugin,False,,183.54505688039234,183.96208350950033,1.038348853493741,0.99801953992756,1.0201006000625408,,0.0,0.07600973976784176,0.9239902602321582,0.9239902602321582,False,,,,,,,officehome,1,DANN,PCA32,64.0,0.922024667263031,0.922024667263031,0.7193763852119446,0.7268722057342529,splits_officehome_DANN_1_0_b09dc755c62e.npz,b09dc755c62e,False,False,,,,,,,0.9239902602321582,all_pca,PCA32,IW overlap critic | W=2 | seed=0 (plug-in),True,
iw_overlap_critic,2.0,0.0,731.0,893.0,184.0,226.0,0.9021739130434783,0.0,1.0,4.604363918304443,0.5,0.5,0.5223949551582336,0.24794495105743408,,,,,0.10154577042474876,0.0,184.0,0.0,226.0,0.0,ok,plugin,False,,178.96519009556565,176.4786756957424,1.8387182162793574,0.9478609496107244,1.293151756172804,,0.0,0.10154577042474876,0.8984542295752512,0.8984542295752512,False,,,,,,,officehome,2,DANN,PCA32,64.0,0.915184736251831,0.915184736251831,0.44904816150665283,0.45132744312286377,splits_officehome_DANN_2_0_b09dc755c62e.npz,b09dc755c62e,False,False,,,,,,,0.8984542295752512,all_pca,PCA32,IW overlap critic | W=2 | seed=0 (plug-in),True,
iw_overlap_critic,2.0,0.0,731.0,507.0,184.0,128.0,0.9130434782608696,0.0,1.0,6.883321762084961,0.5,0.5,0.6056164503097534,0.24648898839950562,,,,,0.08261355020603965,0.0,184.0,0.0,128.0,0.0,ok,plugin,False,,171.9982382120955,177.87824037656586,1.5637506471510045,0.923106369675342,1.2547203335286434,,0.0,0.08261355020603965,0.9173864497939603,0.9173864497939603,False,,,,,,,officehome,3,DANN,PCA32,64.0,0.9056087732315063,0.9056087732315063,0.5364891290664673,0.5625,splits_officehome_DANN_3_0_b09dc755c62e.npz,b09dc755c62e,False,False,,,,,,,0.9173864497939603,all_pca,PCA32,IW overlap critic | W=2 | seed=0 (plug-in),True,
iw_overlap_critic,2.0,0.0,731.0,898.0,184.0,227.0,0.9130434782608696,0.0,1.0,1.3885092735290527,0.5,0.5,0.5959673523902893,0.24357850849628448,217.0,17.0,106.0,3.0,0.07457049993955596,0.04405286343612335,180.0,4.0,217.0,10.0,ok,plugin,False,,166.94298561304214,163.7252653098668,1.9430963162311117,0.8747073614784282,1.5261506244497056,0.9,0.039647577092511016,0.11421807703206698,0.885781922967933,0.885781922967933,False,49.0,2.0,0.19640254974365234,0.8035974502563477,1.0,"[{'epoch': 0, 'best_score': 0.05702316761016846}, {'epoch': 1, 'best_score': 0.05702316761016846}, {'epoch': 2, 'best_score': 0.05702316761016846}, {'epoch': 3, 'best_score': 0.05702316761016846}, {'epoch': 4, 'best_score': 0.05463731288909912}, {'epoch': 5, 'best_score': 0.06506919860839844}, {'epoch': 6, 'best_score': 0.06506919860839844}, {'epoch': 7, 'best_score': 0.07205986976623535}, {'epoch': 8, 'best_score': 0.07205986976623535}, {'epoch': 9, 'best_score': 0.07205986976623535}, {'epoch': 10, 'best_score': 0.07205986976623535}, {'epoch': 11, 'best_score': 0.07996022701263428}, {'epoch': 12, 'best_score': 0.07996022701263428}, {'epoch': 13, 'best_score': 0.07996022701263428}, {'epoch': 14, 'best_score': 0.08268541097640991}, {'epoch': 15, 'best_score': 0.08268541097640991}, {'epoch': 16, 'best_score': 0.08268541097640991}, {'epoch': 17, 'best_score': 0.08916395902633667}, {'epoch': 18, 'best_score': 0.09427309036254883}, {'epoch': 19, 'best_score': 0.09427309036254883}, {'epoch': 20, 'best_score': 0.09778648614883423}, {'epoch': 21, 'best_score': 0.09778648614883423}, {'epoch': 22, 'best_score': 0.09778648614883423}, {'epoch': 23, 'best_score': 0.09427309036254883}, {'epoch': 24, 'best_score': 0.09427309036254883}, {'epoch': 25, 'best_score': 0.09427309036254883}, {'epoch': 26, 'best_score': 0.10441440343856812}, {'epoch': 27, 'best_score': 0.09477502107620239}, {'epoch': 28, 'best_score': 0.10240435600280762}, {'epoch': 29, 'best_score': 0.10606449842453003}, {'epoch': 30, 'best_score': 0.11400693655014038}, {'epoch': 31, 'best_score': 0.12314110994338989}, {'epoch': 32, 'best_score': 0.12314110994338989}, {'epoch': 33, 'best_score': 0.12314110994338989}, {'epoch': 34, 'best_score': 0.11210483312606812}, {'epoch': 35, 'best_score': 0.12126469612121582}, {'epoch': 36, 'best_score': 0.1274958848953247}, {'epoch': 37, 'best_score': 0.13536810874938965}, {'epoch': 38, 'best_score': 0.13536810874938965}, {'epoch': 39, 'best_score': 0.13536810874938965}, {'epoch': 40, 'best_score': 0.13536810874938965}, {'epoch': 41, 'best_score': 0.13536810874938965}, {'epoch': 42, 'best_score': 0.13972288370132446}, {'epoch': 43, 'best_score': 0.15835386514663696}, {'epoch': 44, 'best_score': 0.15835386514663696}, {'epoch': 45, 'best_score': 0.15835386514663696}, {'epoch': 46, 'best_score': 0.15835386514663696}, {'epoch': 47, 'best_score': 0.17186594009399414}, {'epoch': 48, 'best_score': 0.18507957458496094}, {'epoch': 49, 'best_score': 0.19640254974365234}]",officehome,1,CDANN,PCA32,8.0,0.9138167500495911,0.9138167500495911,0.730512261390686,0.7488986253738403,splits_officehome_CDANN_1_0_b09dc755c62e.npz,b09dc755c62e,False,False,,,,,,,0.885781922967933,all_pca,PCA32,IW overlap critic | W=2 | seed=0 (plug-in),True,
iw_overlap_critic,2.0,0.0,731.0,893.0,184.0,226.0,0.8913043478260869,0.0,1.0,0.7210603356361389,0.5,0.5,0.6388332843780518,0.22562314569950104,201.0,55.0,103.0,30.0,0.08083425886843433,0.20353982300884957,174.0,10.0,180.0,46.0,ok,plugin,False,,130.62523319791262,137.26628795767243,1.953970802376722,0.6443018866219641,1.5666656251662332,0.8913043478260869,0.18141592920353983,0.26225018807197414,0.7377498119280259,0.7377498119280259,False,48.0,15.0,0.15270721912384033,0.8472927808761597,1.0,"[{'epoch': 0, 'best_score': 0.057789385318756104}, {'epoch': 1, 'best_score': 0.057789385318756104}, {'epoch': 2, 'best_score': 0.057789385318756104}, {'epoch': 3, 'best_score': 0.057789385318756104}, {'epoch': 4, 'best_score': 0.057789385318756104}, {'epoch': 5, 'best_score': 0.057789385318756104}, {'epoch': 6, 'best_score': 0.057789385318756104}, {'epoch': 7, 'best_score': 0.057789385318756104}, {'epoch': 8, 'best_score': 0.057789385318756104}, {'epoch': 9, 'best_score': 0.07906198501586914}, {'epoch': 10, 'best_score': 0.07906198501586914}, {'epoch': 11, 'best_score': 0.07906198501586914}, {'epoch': 12, 'best_score': 0.07906198501586914}, {'epoch': 13, 'best_score': 0.07906198501586914}, {'epoch': 14, 'best_score': 0.07906198501586914}, {'epoch': 15, 'best_score': 0.05121272802352905}, {'epoch': 16, 'best_score': 0.05121272802352905}, {'epoch': 17, 'best_score': 0.05121272802352905}, {'epoch': 18, 'best_score': 0.05433255434036255}, {'epoch': 19, 'best_score': 0.08398199081420898}, {'epoch': 20, 'best_score': 0.09365469217300415}, {'epoch': 21, 'best_score': 0.09365469217300415}, {'epoch': 22, 'best_score': 0.0808572769165039}, {'epoch': 23, 'best_score': 0.08793997764587402}, {'epoch': 24, 'best_score': 0.08793997764587402}, {'epoch': 25, 'best_score': 0.08793997764587402}, {'epoch': 26, 'best_score': 0.08793997764587402}, {'epoch': 27, 'best_score': 0.08793997764587402}, {'epoch': 28, 'best_score': 0.08793997764587402}, {'epoch': 29, 'best_score': 0.08793997764587402}, {'epoch': 30, 'best_score': 0.08793997764587402}, {'epoch': 31, 'best_score': 0.08793997764587402}, {'epoch': 32, 'best_score': 0.08793997764587402}, {'epoch': 33, 'best_score': 0.08793997764587402}, {'epoch': 34, 'best_score': 0.10143113136291504}, {'epoch': 35, 'best_score': 0.11422860622406006}, {'epoch': 36, 'best_score': 0.11422860622406006}, {'epoch': 37, 'best_score': 0.11422860622406006}, {'epoch': 38, 'best_score': 0.11422860622406006}, {'epoch': 39, 'best_score': 0.11422860622406006}, {'epoch': 40, 'best_score': 0.11422860622406006}, {'epoch': 41, 'best_score': 0.11422860622406006}, {'epoch': 42, 'best_score': 0.13143450021743774}, {'epoch': 43, 'best_score': 0.13143450021743774}, {'epoch': 44, 'best_score': 0.13143450021743774}, {'epoch': 45, 'best_score': 0.13143450021743774}, {'epoch': 46, 'best_score': 0.13143450021743774}, {'epoch': 47, 'best_score': 0.13143450021743774}, {'epoch': 48, 'best_score': 0.15270721912384033}, {'epoch': 49, 'best_score': 0.15270721912384033}]",officehome,2,CDANN,PCA32,8.0,0.9015048146247864,0.9015048146247864,0.4501679837703705,0.45132744312286377,splits_officehome_CDANN_2_0_b09dc755c62e.npz,b09dc755c62e,False,False,,,,,,,0.7377498119280259,all_pca,PCA32,IW overlap critic | W=2 | seed=0 (plug-in),True,
iw_overlap_critic,2.0,0.0,731.0,507.0,184.0,128.0,0.9130434782608696,0.0,1.0,0.5716603994369507,0.5,0.5,0.7741096019744873,0.1680358350276947,200.0,70.0,100.0,45.0,0.049249224480389826,0.4609375,170.0,14.0,69.0,59.0,ok,plugin,False,,84.3056489795099,97.09325994803439,1.9814204399605806,0.3583604448258806,1.4149098779298994,0.9661016949152542,0.4453125,0.4945617244803898,0.5054382755196102,0.5054382755196102,False,12.0,25.0,0.18610072135925293,0.7916770577430725,0.9777777791023254,"[{'epoch': 0, 'best_score': 0.14638400077819824}, {'epoch': 1, 'best_score': 0.12699586153030396}, {'epoch': 2, 'best_score': 0.12699586153030396}, {'epoch': 3, 'best_score': 0.12699586153030396}, {'epoch': 4, 'best_score': 0.12528085708618164}, {'epoch': 5, 'best_score': 0.12528085708618164}, {'epoch': 6, 'best_score': 0.12528085708618164}, {'epoch': 7, 'best_score': 0.12528085708618164}, {'epoch': 8, 'best_score': 0.12528085708618164}, {'epoch': 9, 'best_score': 0.1435738205909729}, {'epoch': 10, 'best_score': 0.1435738205909729}, {'epoch': 11, 'best_score': 0.1435738205909729}, {'epoch': 12, 'best_score': 0.18610072135925293}, {'epoch': 13, 'best_score': 0.18610072135925293}, {'epoch': 14, 'best_score': 0.18610072135925293}, {'epoch': 15, 'best_score': 0.18610072135925293}, {'epoch': 16, 'best_score': 0.152330219745636}, {'epoch': 17, 'best_score': 0.152330219745636}, {'epoch': 18, 'best_score': 0.152330219745636}, {'epoch': 19, 'best_score': 0.13338404893875122}, {'epoch': 20, 'best_score': 0.13338404893875122}, {'epoch': 21, 'best_score': 0.13338404893875122}, {'epoch': 22, 'best_score': 0.11116182804107666}, {'epoch': 23, 'best_score': 0.11116182804107666}, {'epoch': 24, 'best_score': 0.13338404893875122}, {'epoch': 25, 'best_score': 0.13338404893875122}, {'epoch': 26, 'best_score': 0.11779844760894775}, {'epoch': 27, 'best_score': 0.11779844760894775}, {'epoch': 28, 'best_score': 0.11779844760894775}, {'epoch': 29, 'best_score': 0.11779844760894775}, {'epoch': 30, 'best_score': 0.11779844760894775}, {'epoch': 31, 'best_score': 0.10818475484848022}, {'epoch': 32, 'best_score': 0.10818475484848022}, {'epoch': 33, 'best_score': 0.10818475484848022}, {'epoch': 34, 'best_score': 0.10818475484848022}, {'epoch': 35, 'best_score': 0.10818475484848022}, {'epoch': 36, 'best_score': 0.10818475484848022}, {'epoch': 37, 'best_score': 0.08596253395080566}, {'epoch': 38, 'best_score': 0.0955762267112732}, {'epoch': 39, 'best_score': 0.0955762267112732}, {'epoch': 40, 'best_score': 0.0955762267112732}, {'epoch': 41, 'best_score': 0.0955762267112732}, {'epoch': 42, 'best_score': 0.0955762267112732}, {'epoch': 43, 'best_score': 0.0955762267112732}, {'epoch': 44, 'best_score': 0.0955762267112732}, {'epoch': 45, 'best_score': 0.0955762267112732}, {'epoch': 46, 'best_score': 0.0955762267112732}, {'epoch': 47, 'best_score': 0.0955762267112732}, {'epoch': 48, 'best_score': 0.0955762267112732}, {'epoch': 49, 'best_score': 0.0955762267112732}]",officehome,3,CDANN,PCA32,8.0,0.9138167500495911,0.9138167500495911,0.5364891290664673,0.5546875,splits_officehome_CDANN_3_0_b09dc755c62e.npz,b09dc755c62e,True,True,,,,,,,0.5054382755196102,all_pca,PCA32,IW overlap critic | W=2 | seed=0 (plug-in),True,
iw_overlap_critic,2.0,0.0,24387.0,11083.0,6098.0,2773.0,0.9996720236142997,0.0,1.0,1.079893708229065,0.5,0.5,0.7299208045005798,0.18225175142288208,6471.0,1659.0,3232.0,857.0,2.4105807686209845e-05,0.5189325640100974,5392.0,706.0,1334.0,1439.0,ok,plugin,False,,3052.597705328506,3150.3582560956843,1.9887692065668532,0.4201548324400911,1.6119941644392528,0.7671994440583739,0.39812477461233325,0.39814888042001945,0.6018511195799805,0.6018511195799805,False,49.0,1.0,0.5233354568481445,0.2526271939277649,0.7759626507759094,"[{'epoch': 0, 'best_score': 0.07919013500213623}, {'epoch': 1, 'best_score': 0.08215910196304321}, {'epoch': 2, 'best_score': 0.0829889178276062}, {'epoch': 3, 'best_score': 0.08554840087890625}, {'epoch': 4, 'best_score': 0.08899807929992676}, {'epoch': 5, 'best_score': 0.1025494933128357}, {'epoch': 6, 'best_score': 0.113322913646698}, {'epoch': 7, 'best_score': 0.11393260955810547}, {'epoch': 8, 'best_score': 0.12624377012252808}, {'epoch': 9, 'best_score': 0.13577252626419067}, {'epoch': 10, 'best_score': 0.15144670009613037}, {'epoch': 11, 'best_score': 0.17124074697494507}, {'epoch': 12, 'best_score': 0.18854010105133057}, {'epoch': 13, 'best_score': 0.20260584354400635}, {'epoch': 14, 'best_score': 0.2230682373046875}, {'epoch': 15, 'best_score': 0.26316165924072266}, {'epoch': 16, 'best_score': 0.27925872802734375}, {'epoch': 17, 'best_score': 0.29835548996925354}, {'epoch': 18, 'best_score': 0.3182153105735779}, {'epoch': 19, 'best_score': 0.3286839723587036}, {'epoch': 20, 'best_score': 0.3456420302391052}, {'epoch': 21, 'best_score': 0.3478667736053467}, {'epoch': 22, 'best_score': 0.34990036487579346}, {'epoch': 23, 'best_score': 0.35972529649734497}, {'epoch': 24, 'best_score': 0.37254586815834045}, {'epoch': 25, 'best_score': 0.38012516498565674}, {'epoch': 26, 'best_score': 0.39442580938339233}, {'epoch': 27, 'best_score': 0.4027480185031891}, {'epoch': 28, 'best_score': 0.4116310775279999}, {'epoch': 29, 'best_score': 0.4230641722679138}, {'epoch': 30, 'best_score': 0.42673593759536743}, {'epoch': 31, 'best_score': 0.4345138967037201}, {'epoch': 32, 'best_score': 0.44415557384490967}, {'epoch': 33, 'best_score': 0.45235079526901245}, {'epoch': 34, 'best_score': 0.4628734886646271}, {'epoch': 35, 'best_score': 0.46905434131622314}, {'epoch': 36, 'best_score': 0.46940886974334717}, {'epoch': 37, 'best_score': 0.47365885972976685}, {'epoch': 38, 'best_score': 0.479993999004364}, {'epoch': 39, 'best_score': 0.4869755804538727}, {'epoch': 40, 'best_score': 0.49041903018951416}, {'epoch': 41, 'best_score': 0.487642377614975}, {'epoch': 42, 'best_score': 0.4883837401866913}, {'epoch': 43, 'best_score': 0.49154698848724365}, {'epoch': 44, 'best_score': 0.498717725276947}, {'epoch': 45, 'best_score': 0.5046196579933167}, {'epoch': 46, 'best_score': 0.5107096433639526}, {'epoch': 47, 'best_score': 0.5207911729812622}, {'epoch': 48, 'best_score': 0.5208064317703247}, {'epoch': 49, 'best_score': 0.5233354568481445}]",visda,1,DANN,PCA32,64.0,0.9995489120483398,0.9995489120483398,0.6463051438331604,0.6473133563995361,splits_visda_DANN_1_0_b09dc755c62e.npz,b09dc755c62e,True,True,,,,,,,0.6018511195799805,all_pca,PCA32,IW overlap critic | W=2 | seed=0 (plug-in),True,
iw_overlap_critic,2.0,0.0,24387.0,14480.0,6098.0,3620.0,0.9998360118071499,0.0,1.0,1.0676605701446533,0.5,0.5,0.7167757749557495,0.19087281823158264,6498.0,1952.0,3254.0,986.0,0.00013351017876395857,0.45,5402.0,696.0,1991.0,1629.0,ok,plugin,False,,3225.6731673275885,3411.317253908172,1.9979685657767499,0.46622167834260686,1.5742042923416004,0.7605893186003683,0.34226519337016575,0.3423987035489297,0.6576012964510702,0.6576012964510702,False,49.0,28.0,0.5251482725143433,0.229415625333786,0.7545638680458069,"[{'epoch': 0, 'best_score': 0.038101136684417725}, {'epoch': 1, 'best_score': 0.042417824268341064}, {'epoch': 2, 'best_score': 0.047412097454071045}, {'epoch': 3, 'best_score': 0.051052212715148926}, {'epoch': 4, 'best_score': 0.07028275728225708}, {'epoch': 5, 'best_score': 0.09165191650390625}, {'epoch': 6, 'best_score': 0.105105459690094}, {'epoch': 7, 'best_score': 0.11756259202957153}, {'epoch': 8, 'best_score': 0.14967113733291626}, {'epoch': 9, 'best_score': 0.18118715286254883}, {'epoch': 10, 'best_score': 0.19609606266021729}, {'epoch': 11, 'best_score': 0.22697454690933228}, {'epoch': 12, 'best_score': 0.23454761505126953}, {'epoch': 13, 'best_score': 0.24181890487670898}, {'epoch': 14, 'best_score': 0.2571691870689392}, {'epoch': 15, 'best_score': 0.27084189653396606}, {'epoch': 16, 'best_score': 0.2857934236526489}, {'epoch': 17, 'best_score': 0.30616798996925354}, {'epoch': 18, 'best_score': 0.3252563774585724}, {'epoch': 19, 'best_score': 0.3463936150074005}, {'epoch': 20, 'best_score': 0.3562091588973999}, {'epoch': 21, 'best_score': 0.36777883768081665}, {'epoch': 22, 'best_score': 0.37587472796440125}, {'epoch': 23, 'best_score': 0.38716956973075867}, {'epoch': 24, 'best_score': 0.40624597668647766}, {'epoch': 25, 'best_score': 0.4262934625148773}, {'epoch': 26, 'best_score': 0.4333041310310364}, {'epoch': 27, 'best_score': 0.44876033067703247}, {'epoch': 28, 'best_score': 0.4565472900867462}, {'epoch': 29, 'best_score': 0.4630550742149353}, {'epoch': 30, 'best_score': 0.4739592373371124}, {'epoch': 31, 'best_score': 0.4769432246685028}, {'epoch': 32, 'best_score': 0.48477935791015625}, {'epoch': 33, 'best_score': 0.4945148825645447}, {'epoch': 34, 'best_score': 0.49513858556747437}, {'epoch': 35, 'best_score': 0.495328426361084}, {'epoch': 36, 'best_score': 0.5014771819114685}, {'epoch': 37, 'best_score': 0.5079811811447144}, {'epoch': 38, 'best_score': 0.510384202003479}, {'epoch': 39, 'best_score': 0.5157430768013}, {'epoch': 40, 'best_score': 0.5170897841453552}, {'epoch': 41, 'best_score': 0.5201185941696167}, {'epoch': 42, 'best_score': 0.5160744786262512}, {'epoch': 43, 'best_score': 0.512417733669281}, {'epoch': 44, 'best_score': 0.5109231472015381}, {'epoch': 45, 'best_score': 0.5137373805046082}, {'epoch': 46, 'best_score': 0.5167149901390076}, {'epoch': 47, 'best_score': 0.5212459564208984}, {'epoch': 48, 'best_score': 0.5186306834220886}, {'epoch': 49, 'best_score': 0.5251482725143433}]",visda,2,DANN,PCA32,64.0,0.9997539520263672,0.9997539520263672,0.6546961069107056,0.6544198393821716,splits_visda_DANN_2_0_b09dc755c62e.npz,b09dc755c62e,False,False,,,,,,,0.6576012964510702,all_pca,PCA32,IW overlap critic | W=2 | seed=0 (plug-in),True,
iw_overlap_critic,2.0,0.0,24387.0,11083.0,6098.0,2773.0,0.9993440472285995,0.0,1.0,1.064231514930725,0.5,0.5,0.5714228749275208,0.2415539026260376,7223.0,19.0,3619.0,3.0,0.0006005280193137972,0.005048683736025965,6021.0,77.0,2759.0,14.0,ok,plugin,False,,5943.19707176466,5305.113697830908,1.9989920802956715,0.9919489407288891,1.6082216244655196,1.0,0.005048683736025965,0.005649211755339762,0.9943507882446603,0.9943507882446603,False,49.0,11.0,0.5447493195533752,0.45525068044662476,1.0,"[{'epoch': 0, 'best_score': 0.16557639837265015}, {'epoch': 1, 'best_score': 0.18429827690124512}, {'epoch': 2, 'best_score': 0.20788580179214478}, {'epoch': 3, 'best_score': 0.22291314601898193}, {'epoch': 4, 'best_score': 0.23825055360794067}, {'epoch': 5, 'best_score': 0.24438709020614624}, {'epoch': 6, 'best_score': 0.25298255681991577}, {'epoch': 7, 'best_score': 0.2593277096748352}, {'epoch': 8, 'best_score': 0.26433420181274414}, {'epoch': 9, 'best_score': 0.2709839940071106}, {'epoch': 10, 'best_score': 0.278437077999115}, {'epoch': 11, 'best_score': 0.27991724014282227}, {'epoch': 12, 'best_score': 0.28403252363204956}, {'epoch': 13, 'best_score': 0.283869206905365}, {'epoch': 14, 'best_score': 0.2853628993034363}, {'epoch': 15, 'best_score': 0.28657597303390503}, {'epoch': 16, 'best_score': 0.28352802991867065}, {'epoch': 17, 'best_score': 0.2826794981956482}, {'epoch': 18, 'best_score': 0.2820800542831421}, {'epoch': 19, 'best_score': 0.2845701575279236}, {'epoch': 20, 'best_score': 0.2867225408554077}, {'epoch': 21, 'best_score': 0.2925506830215454}, {'epoch': 22, 'best_score': 0.2997984290122986}, {'epoch': 23, 'best_score': 0.30805641412734985}, {'epoch': 24, 'best_score': 0.3192289471626282}, {'epoch': 25, 'best_score': 0.3232685923576355}, {'epoch': 26, 'best_score': 0.32781273126602173}, {'epoch': 27, 'best_score': 0.3319341540336609}, {'epoch': 28, 'best_score': 0.3360903263092041}, {'epoch': 29, 'best_score': 0.34201639890670776}, {'epoch': 30, 'best_score': 0.3468623757362366}, {'epoch': 31, 'best_score': 0.35173332691192627}, {'epoch': 32, 'best_score': 0.35847681760787964}, {'epoch': 33, 'best_score': 0.3702319264411926}, {'epoch': 34, 'best_score': 0.38384485244750977}, {'epoch': 35, 'best_score': 0.3985963463783264}, {'epoch': 36, 'best_score': 0.412807822227478}, {'epoch': 37, 'best_score': 0.4254966378211975}, {'epoch': 38, 'best_score': 0.4379517436027527}, {'epoch': 39, 'best_score': 0.4488779306411743}, {'epoch': 40, 'best_score': 0.4619990587234497}, {'epoch': 41, 'best_score': 0.47453826665878296}, {'epoch': 42, 'best_score': 0.4856911897659302}, {'epoch': 43, 'best_score': 0.5014388561248779}, {'epoch': 44, 'best_score': 0.5088467597961426}, {'epoch': 45, 'best_score': 0.5163917541503906}, {'epoch': 46, 'best_score': 0.5238401293754578}, {'epoch': 47, 'best_score': 0.5308890342712402}, {'epoch': 48, 'best_score': 0.5386520624160767}, {'epoch': 49, 'best_score': 0.5447493195533752}]",visda,1,CDANN,PCA32,8.0,0.9990978837013245,0.9990978837013245,0.6784264445304871,0.6693112254142761,splits_visda_CDANN_1_0_b09dc755c62e.npz,b09dc755c62e,False,False,,,,,,,0.9943507882446603,all_pca,PCA32,IW overlap critic | W=2 | seed=0 (plug-in),True,
iw_overlap_critic,2.0,0.0,24387.0,14480.0,6098.0,3620.0,0.9995080354214496,0.0,1.0,1.0397217273712158,0.5,0.5,0.5813404321670532,0.24198924005031586,7273.0,55.0,3634.0,22.0,0.0005276078268628446,0.0077348066298342545,6061.0,37.0,3592.0,28.0,ok,plugin,False,,6010.741098783826,5376.21194451067,1.9991709740895411,0.9148304550940375,1.6585044376035925,0.8928571428571429,0.006906077348066299,0.007433685174929144,0.9925663148250709,0.9925663148250709,False,47.0,10.0,0.3569517135620117,0.5975937247276306,0.9545454382896423,"[{'epoch': 0, 'best_score': 0.1946948766708374}, {'epoch': 1, 'best_score': 0.19439148902893066}, {'epoch': 2, 'best_score': 0.19439148902893066}, {'epoch': 3, 'best_score': 0.1946905255317688}, {'epoch': 4, 'best_score': 0.1946905255317688}, {'epoch': 5, 'best_score': 0.1946905255317688}, {'epoch': 6, 'best_score': 0.1946905255317688}, {'epoch': 7, 'best_score': 0.19418865442276}, {'epoch': 8, 'best_score': 0.19418865442276}, {'epoch': 9, 'best_score': 0.19418865442276}, {'epoch': 10, 'best_score': 0.19418865442276}, {'epoch': 11, 'best_score': 0.19418865442276}, {'epoch': 12, 'best_score': 0.19418865442276}, {'epoch': 13, 'best_score': 0.19418865442276}, {'epoch': 14, 'best_score': 0.1936718225479126}, {'epoch': 15, 'best_score': 0.1928141713142395}, {'epoch': 16, 'best_score': 0.190632164478302}, {'epoch': 17, 'best_score': 0.18951815366744995}, {'epoch': 18, 'best_score': 0.1885729432106018}, {'epoch': 19, 'best_score': 0.18684637546539307}, {'epoch': 20, 'best_score': 0.18576347827911377}, {'epoch': 21, 'best_score': 0.18221187591552734}, {'epoch': 22, 'best_score': 0.19154822826385498}, {'epoch': 23, 'best_score': 0.19464647769927979}, {'epoch': 24, 'best_score': 0.19854837656021118}, {'epoch': 25, 'best_score': 0.19984585046768188}, {'epoch': 26, 'best_score': 0.20212841033935547}, {'epoch': 27, 'best_score': 0.20282745361328125}, {'epoch': 28, 'best_score': 0.2473621964454651}, {'epoch': 29, 'best_score': 0.25132548809051514}, {'epoch': 30, 'best_score': 0.2531963586807251}, {'epoch': 31, 'best_score': 0.2545379400253296}, {'epoch': 32, 'best_score': 0.25538206100463867}, {'epoch': 33, 'best_score': 0.26484215259552}, {'epoch': 34, 'best_score': 0.274101197719574}, {'epoch': 35, 'best_score': 0.2823539972305298}, {'epoch': 36, 'best_score': 0.29183757305145264}, {'epoch': 37, 'best_score': 0.30106252431869507}, {'epoch': 38, 'best_score': 0.3069741725921631}, {'epoch': 39, 'best_score': 0.3150100111961365}, {'epoch': 40, 'best_score': 0.27638572454452515}, {'epoch': 41, 'best_score': 0.3087281584739685}, {'epoch': 42, 'best_score': 0.31709355115890503}, {'epoch': 43, 'best_score': 0.32558631896972656}, {'epoch': 44, 'best_score': 0.3332340717315674}, {'epoch': 45, 'best_score': 0.3422079086303711}, {'epoch': 46, 'best_score': 0.349334180355072}, {'epoch': 47, 'best_score': 0.3569517135620117}, {'epoch': 48, 'best_score': 0.33056360483169556}, {'epoch': 49, 'best_score': 0.3367254137992859}]",visda,2,CDANN,PCA32,8.0,0.9995899200439453,0.9995899200439453,0.7107734680175781,0.7140883803367615,splits_visda_CDANN_2_0_b09dc755c62e.npz,b09dc755c62e,False,False,,,,,,,0.9925663148250709,all_pca,PCA32,IW overlap critic | W=2 | seed=0 (plug-in),True,
iw_overlap_critic,2.0,0.0,6500.0,33009.0,1625.0,8255.0,0.904,0.0,1.0,1.3086957931518555,0.5,0.5,0.5278671383857727,0.24926641583442688,,,,,0.10108638397773592,0.0,1625.0,0.0,8255.0,0.0,ok,plugin,False,,1630.1328425802742,1606.9699378663802,1.3430315601163885,1.0094111559169854,1.1666344704135188,,0.0,0.10108638397773592,0.898913616022264,0.898913616022264,False,,,,,,,entity13,1,DANN,PCA64,8.0,0.905846118927002,0.905846118927002,0.7318307161331177,0.7345851063728333,splits_entity13_DANN_1_0_b09dc755c62e.npz,b09dc755c62e,False,False,,,,,,,0.898913616022264,all_pca,PCA64,IW overlap critic | W=2 | seed=0 (plug-in),True,
iw_overlap_critic,2.0,0.0,6500.0,260.0,1625.0,65.0,0.9101538461538462,0.0,1.0,54.598148345947266,0.5,0.5,0.5423077344894409,0.2500010132789612,,,,,0.09002085765159114,0.0,1625.0,0.0,65.0,0.0,ok,plugin,False,,1623.867508864727,1624.94457061328,1.0131637666857773,0.9999228337010421,1.0077111228032536,,0.0,0.09002085765159114,0.9099791423484088,0.9099791423484088,False,,,,,,,entity13,2,DANN,PCA64,8.0,0.9129230380058289,0.9129230380058289,0.8615384697914124,0.8461538553237915,splits_entity13_DANN_2_0_b09dc755c62e.npz,b09dc755c62e,False,False,,,,,,,0.9099791423484088,all_pca,PCA64,IW overlap critic | W=2 | seed=0 (plug-in),True,
iw_overlap_critic,2.0,0.0,6500.0,260.0,1625.0,65.0,0.9027692307692308,0.0,1.0,1.2819743156433105,0.5,0.5,0.5923076868057251,0.23913535475730896,1902.0,1.0,946.0,0.0,0.1109583973563937,0.015384615384615385,1590.0,35.0,64.0,1.0,unsupported_critic_region,plugin,False,,1561.7369299713573,1384.727166095631,1.990357610612191,0.9390773313580334,1.6635209351916371,,,,,,,,,,,,,entity13,3,DANN,PCA64,8.0,0.907076895236969,0.907076895236969,0.6653845906257629,0.5538461804389954,splits_entity13_DANN_3_0_b09dc755c62e.npz,b09dc755c62e,,,,,,,,,,all_pca,PCA64,IW overlap critic | W=2 | seed=0 (plug-in),False,
iw_overlap_critic,2.0,0.0,6500.0,33009.0,1625.0,8255.0,0.9132307692307693,0.0,1.0,54.598148345947266,0.5,0.5,0.48849648237228394,0.2500005066394806,,,,,0.0867446080405041,0.0,1625.0,0.0,8255.0,0.0,ok,plugin,False,,1625.0104802834655,1624.995182551391,1.0064636340365594,1.0000172575956412,1.0028910849494852,,0.0,0.0867446080405041,0.9132553919594959,0.9132553919594959,False,,,,,,,entity13,1,CDANN,PCA64,4.0,0.9096922874450684,0.9096922874450684,0.7354357838630676,0.7372501492500305,splits_entity13_CDANN_1_0_b09dc755c62e.npz,b09dc755c62e,False,False,,,,,,,0.9132553919594959,all_pca,PCA64,IW overlap critic | W=2 | seed=0 (plug-in),True,
iw_overlap_critic,2.0,0.0,6500.0,260.0,1625.0,65.0,0.9058461538461539,0.0,1.0,54.598148345947266,0.5,0.5,0.49000000953674316,0.2501106858253479,,,,,0.09416216004081532,0.0,1625.0,0.0,65.0,0.0,ok,plugin,False,,1624.791732825905,1624.9849274835674,1.0108790565392995,1.000233988926311,1.0046893332346905,,0.0,0.09416216004081532,0.9058378399591847,0.9058378399591847,False,,,,,,,entity13,2,CDANN,PCA64,4.0,0.9081538319587708,0.9081538319587708,0.8423076868057251,0.8769230842590332,splits_entity13_CDANN_2_0_b09dc755c62e.npz,b09dc755c62e,False,False,,,,,,,0.9058378399591847,all_pca,PCA64,IW overlap critic | W=2 | seed=0 (plug-in),True,
iw_overlap_critic,2.0,0.0,6500.0,260.0,1625.0,65.0,0.9015384615384615,0.0,1.0,54.598148345947266,0.5,0.5,0.4623076915740967,0.25002437829971313,,,,,0.09848200488057021,0.0,1625.0,0.0,65.0,0.0,ok,plugin,False,,1625.1146666030108,1624.9909776327831,1.0076897349064209,1.0003156991546214,1.0038571249460189,,0.0,0.09848200488057021,0.9015179951194298,0.9015179951194298,False,,,,,,,entity13,3,CDANN,PCA64,4.0,0.9061538577079773,0.9061538577079773,0.6653845906257629,0.5692307949066162,splits_entity13_CDANN_3_0_b09dc755c62e.npz,b09dc755c62e,False,False,,,,,,,0.9015179951194298,all_pca,PCA64,IW overlap critic | W=2 | seed=0 (plug-in),True,
iw_overlap_critic,2.0,0.0,6000.0,30828.0,1500.0,7709.0,0.8426666666666667,0.0,1.0,1.1351608037948608,0.5,0.5,0.5246219635009766,0.24913722276687622,,,,,0.16157223088631326,0.0,1500.0,0.0,7709.0,0.0,ok,plugin,False,,1496.897659497622,1476.8745478572196,1.2961028225094875,1.0074417556052695,1.1843676061447805,,0.0,0.16157223088631326,0.8384277691136868,0.8384277691136868,False,,,,,,,entity30,1,DANN,PCA64,8.0,0.8550000190734863,0.8550000190734863,0.6190800070762634,0.6236866116523743,splits_entity30_DANN_1_0_b09dc755c62e.npz,b09dc755c62e,False,False,,,,,,,0.8384277691136868,all_pca,PCA64,IW overlap critic | W=2 | seed=0 (plug-in),True,
iw_overlap_critic,2.0,0.0,6000.0,240.0,1500.0,60.0,0.8606666666666667,0.0,1.0,54.598148345947266,0.5,0.5,0.4650000035762787,0.2501038610935211,,,,,0.1392572417991427,0.0,1500.0,0.0,60.0,0.0,ok,plugin,False,,1498.7135151933867,1499.95020728636,1.0204051694998342,0.999465075440123,1.0082049978073597,,0.0,0.1392572417991427,0.8607427582008573,0.8607427582008573,False,,,,,,,entity30,2,DANN,PCA64,8.0,0.8646666407585144,0.8646666407585144,0.7875000238418579,0.7500000596046448,splits_entity30_DANN_2_0_b09dc755c62e.npz,b09dc755c62e,False,False,,,,,,,0.8607427582008573,all_pca,PCA64,IW overlap critic | W=2 | seed=0 (plug-in),True,
iw_overlap_critic,2.0,0.0,6000.0,240.0,1500.0,60.0,0.8553333333333333,0.0,1.0,2.260317325592041,0.5,0.5,0.5391666889190674,0.24593764543533325,,,,,0.14272063311684602,0.0,1500.0,0.0,60.0,0.0,ok,plugin,False,,1455.4459106174133,1391.2123813282278,1.8302181078667505,0.9532407991618097,1.4305858481834188,,0.0,0.14272063311684602,0.857279366883154,0.857279366883154,False,,,,,,,entity30,3,DANN,PCA64,8.0,0.8636666536331177,0.8636666536331177,0.5708333849906921,0.6666666865348816,splits_entity30_DANN_3_0_b09dc755c62e.npz,b09dc755c62e,False,False,,,,,,,0.857279366883154,all_pca,PCA64,IW overlap critic | W=2 | seed=0 (plug-in),True,
iw_overlap_critic,2.0,0.0,6000.0,30828.0,1500.0,7709.0,0.856,0.0,1.0,2.501192092895508,0.5,0.5,0.5093792080879211,0.24990494549274445,,,,,0.1439387201781356,0.0,1500.0,0.0,7709.0,0.0,ok,plugin,False,,1497.345056073118,1496.8106433237551,1.1623518295972715,1.000636561136037,1.062106389286961,,0.0,0.1439387201781356,0.8560612798218644,0.8560612798218644,False,,,,,,,entity30,1,CDANN,PCA64,4.0,0.8611666560173035,0.8611666560173035,0.627903163433075,0.6345829367637634,splits_entity30_CDANN_1_0_b09dc755c62e.npz,b09dc755c62e,False,False,,,,,,,0.8560612798218644,all_pca,PCA64,IW overlap critic | W=2 | seed=0 (plug-in),True,
iw_overlap_critic,2.0,0.0,6000.0,240.0,1500.0,60.0,0.862,0.0,1.0,54.598148345947266,0.5,0.5,0.48000001907348633,0.25000283122062683,,,,,0.1378338648813575,0.0,1500.0,0.0,60.0,0.0,ok,plugin,False,,1499.1853608452848,1499.953321785527,1.0173589377080638,0.9993373142922336,1.009016969794638,,0.0,0.1378338648813575,0.8621661351186425,0.8621661351186425,False,,,,,,,entity30,2,CDANN,PCA64,4.0,0.8646666407585144,0.8646666407585144,0.8125000596046448,0.7500000596046448,splits_entity30_CDANN_2_0_b09dc755c62e.npz,b09dc755c62e,False,False,,,,,,,0.8621661351186425,all_pca,PCA64,IW overlap critic | W=2 | seed=0 (plug-in),True,
iw_overlap_critic,2.0,0.0,6000.0,240.0,1500.0,60.0,0.8453333333333333,0.0,1.0,54.598148345947266,0.5,0.5,0.40833336114883423,0.25013113021850586,,,,,0.1541786990101909,0.0,1500.0,0.0,60.0,0.0,ok,plugin,False,,1498.457523308873,1499.9109338428157,1.0301702504297168,0.9984850628848397,1.0125685765149461,,0.0,0.1541786990101909,0.8458213009898091,0.8458213009898091,False,,,,,,,entity30,3,CDANN,PCA64,4.0,0.8573333024978638,0.8573333024978638,0.5625,0.6166666746139526,splits_entity30_CDANN_3_0_b09dc755c62e.npz,b09dc755c62e,False,False,,,,,,,0.8458213009898091,all_pca,PCA64,IW overlap critic | W=2 | seed=0 (plug-in),True,
iw_overlap_critic,2.0,0.0,10000.0,2000.0,2500.0,500.0,0.9452,0.0,1.0,3.2104811668395996,0.5,0.5,0.5245000123977661,0.24948738515377045,,,,,0.05740731834074809,0.0,2500.0,0.0,500.0,0.0,ok,plugin,False,,2483.694361699724,2480.288576350498,1.3279107202888074,0.9906264313580704,1.144330749321766,,0.0,0.05740731834074809,0.9425926816592519,0.9425926816592519,False,,,,,,,cifar10,1,DANN,PCA64,8.0,0.9508999586105347,0.9508999586105347,0.8440000414848328,0.8360000252723694,splits_cifar10_DANN_1_0_b09dc755c62e.npz,b09dc755c62e,False,False,,,,,,,0.9425926816592519,all_pca,PCA64,IW overlap critic | W=2 | seed=0 (plug-in),True,
iw_overlap_critic,2.0,0.0,10000.0,2000.0,2500.0,500.0,0.946,0.0,1.0,54.598148345947266,0.5,0.5,0.4765000343322754,0.25002437829971313,,,,,0.05407419483290664,0.0,2500.0,0.0,500.0,0.0,ok,plugin,False,,2499.212320307498,2499.9691264721077,1.011697805997689,0.999631172399533,1.0055052242041345,,0.0,0.05407419483290664,0.9459258051670933,0.9459258051670933,False,,,,,,,cifar10,10,DANN,PCA64,8.0,0.9477999806404114,0.9477999806404114,0.924500048160553,0.9120000600814819,splits_cifar10_DANN_10_0_b09dc755c62e.npz,b09dc755c62e,False,False,,,,,,,0.9459258051670933,all_pca,PCA64,IW overlap critic | W=2 | seed=0 (plug-in),True,
iw_overlap_critic,2.0,0.0,10000.0,2000.0,2500.0,500.0,0.9452,0.0,1.0,22.349769592285156,0.5,0.5,0.5015000104904175,0.24999487400054932,,,,,0.05501647640405188,0.0,2500.0,0.0,500.0,0.0,ok,plugin,False,,2497.951345833226,2499.8222106160515,1.0283642144906842,0.9991279803711102,1.0130134514164202,,0.0,0.05501647640405188,0.9449835235959482,0.9449835235959482,False,,,,,,,cifar10,71,DANN,PCA64,8.0,0.9487999677658081,0.9487999677658081,0.9305000305175781,0.9180000424385071,splits_cifar10_DANN_71_0_b09dc755c62e.npz,b09dc755c62e,False,False,,,,,,,0.9449835235959482,all_pca,PCA64,IW overlap critic | W=2 | seed=0 (plug-in),True,
iw_overlap_critic,2.0,0.0,10000.0,2000.0,2500.0,500.0,0.9528,0.0,1.0,54.598148345947266,0.5,0.5,0.4749999940395355,0.250029593706131,,,,,0.04723443424015196,0.0,2500.0,0.0,500.0,0.0,ok,plugin,False,,2499.5225119407287,2499.980807613092,1.0090857282502275,0.9998212512886169,1.0042972910279757,,0.0,0.04723443424015196,0.952765565759848,0.952765565759848,False,,,,,,,cifar10,95,DANN,PCA64,8.0,0.9515999555587769,0.9515999555587769,0.9390000700950623,0.9360000491142273,splits_cifar10_DANN_95_0_b09dc755c62e.npz,b09dc755c62e,False,False,,,,,,,0.952765565759848,all_pca,PCA64,IW overlap critic | W=2 | seed=0 (plug-in),True,
iw_overlap_critic,2.0,0.0,10000.0,2000.0,2500.0,500.0,0.9476,0.0,1.0,5.544522285461426,0.5,0.5,0.4950000047683716,0.2499614953994751,,,,,0.05267235491817421,0.0,2500.0,0.0,500.0,0.0,ok,plugin,False,,2495.4039758421877,2498.3981475292917,1.0828151088796092,0.9970591808955798,1.0413423988255859,,0.0,0.05267235491817421,0.9473276450818258,0.9473276450818258,False,,,,,,,cifar10,1,CDANN,PCA64,4.0,0.949999988079071,0.949999988079071,0.846500039100647,0.8440000414848328,splits_cifar10_CDANN_1_0_b09dc755c62e.npz,b09dc755c62e,False,False,,,,,,,0.9473276450818258,all_pca,PCA64,IW overlap critic | W=2 | seed=0 (plug-in),True,
iw_overlap_critic,2.0,0.0,10000.0,2000.0,2500.0,500.0,0.9468,0.0,1.0,3.036691188812256,0.5,0.5,0.5099999904632568,0.2497776448726654,,,,,0.054674570580438536,0.0,2500.0,0.0,500.0,0.0,ok,plugin,False,,2486.344502889966,2489.86873799729,1.2180447627944306,0.9912031002319934,1.1040413854600641,,0.0,0.054674570580438536,0.9453254294195614,0.9453254294195614,False,,,,,,,cifar10,10,CDANN,PCA64,4.0,0.948699951171875,0.948699951171875,0.9160000681877136,0.9120000600814819,splits_cifar10_CDANN_10_0_b09dc755c62e.npz,b09dc755c62e,False,False,,,,,,,0.9453254294195614,all_pca,PCA64,IW overlap critic | W=2 | seed=0 (plug-in),True,
iw_overlap_critic,2.0,0.0,10000.0,2000.0,2500.0,500.0,0.9492,0.0,1.0,0.9643043875694275,0.5,0.5,0.5429999828338623,0.24725838005542755,2998.0,1.0,1499.0,1.0,0.05895552705623316,0.004,2497.0,3.0,498.0,2.0,ok,plugin,False,,2483.092178469199,2381.559970879727,1.9450994926430634,0.9586695009647127,1.4100552858363793,1.0,0.004,0.06295552705623315,0.9370444729437668,0.9370444729437668,False,49.0,19.0,0.40058326721191406,0.5994167327880859,1.0,"[{'epoch': 0, 'best_score': 0.21251463890075684}, {'epoch': 1, 'best_score': 0.2155240774154663}, {'epoch': 2, 'best_score': 0.21836018562316895}, {'epoch': 3, 'best_score': 0.22129607200622559}, {'epoch': 4, 'best_score': 0.2219718098640442}, {'epoch': 5, 'best_score': 0.22363519668579102}, {'epoch': 6, 'best_score': 0.22363519668579102}, {'epoch': 7, 'best_score': 0.22518491744995117}, {'epoch': 8, 'best_score': 0.22591328620910645}, {'epoch': 9, 'best_score': 0.22672873735427856}, {'epoch': 10, 'best_score': 0.22740286588668823}, {'epoch': 11, 'best_score': 0.22917789220809937}, {'epoch': 12, 'best_score': 0.23212039470672607}, {'epoch': 13, 'best_score': 0.2343043088912964}, {'epoch': 14, 'best_score': 0.2338871955871582}, {'epoch': 15, 'best_score': 0.234350323677063}, {'epoch': 16, 'best_score': 0.23556369543075562}, {'epoch': 17, 'best_score': 0.239457905292511}, {'epoch': 18, 'best_score': 0.2407206892967224}, {'epoch': 19, 'best_score': 0.24590396881103516}, {'epoch': 20, 'best_score': 0.2505605220794678}, {'epoch': 21, 'best_score': 0.2532727122306824}, {'epoch': 22, 'best_score': 0.2634396553039551}, {'epoch': 23, 'best_score': 0.26697981357574463}, {'epoch': 24, 'best_score': 0.27306270599365234}, {'epoch': 25, 'best_score': 0.276911199092865}, {'epoch': 26, 'best_score': 0.2813538908958435}, {'epoch': 27, 'best_score': 0.2847691774368286}, {'epoch': 28, 'best_score': 0.2910664677619934}, {'epoch': 29, 'best_score': 0.29657816886901855}, {'epoch': 30, 'best_score': 0.29977262020111084}, {'epoch': 31, 'best_score': 0.3057764172554016}, {'epoch': 32, 'best_score': 0.3091227412223816}, {'epoch': 33, 'best_score': 0.3131694793701172}, {'epoch': 34, 'best_score': 0.31918781995773315}, {'epoch': 35, 'best_score': 0.32423508167266846}, {'epoch': 36, 'best_score': 0.3362458348274231}, {'epoch': 37, 'best_score': 0.34499406814575195}, {'epoch': 38, 'best_score': 0.3493764400482178}, {'epoch': 39, 'best_score': 0.35257047414779663}, {'epoch': 40, 'best_score': 0.3622817397117615}, {'epoch': 41, 'best_score': 0.3704627752304077}, {'epoch': 42, 'best_score': 0.3751435875892639}, {'epoch': 43, 'best_score': 0.3784857392311096}, {'epoch': 44, 'best_score': 0.38136303424835205}, {'epoch': 45, 'best_score': 0.3889193534851074}, {'epoch': 46, 'best_score': 0.3955034017562866}, {'epoch': 47, 'best_score': 0.3950986862182617}, {'epoch': 48, 'best_score': 0.3975590467453003}, {'epoch': 49, 'best_score': 0.40058326721191406}]",cifar10,71,CDANN,PCA64,4.0,0.9511999487876892,0.9511999487876892,0.9280000329017639,0.9040000438690186,splits_cifar10_CDANN_71_0_b09dc755c62e.npz,b09dc755c62e,False,False,,,,,,,0.9370444729437668,all_pca,PCA64,IW overlap critic | W=2 | seed=0 (plug-in),True,
iw_overlap_critic,2.0,0.0,10000.0,2000.0,2500.0,500.0,0.9516,0.0,1.0,1.27089262008667,0.5,0.5,0.531000018119812,0.2487258017063141,,,,,0.05066235755785941,0.0,2500.0,0.0,500.0,0.0,ok,plugin,False,,2487.751675550584,2445.821786363959,1.725146198134598,0.9797069195652957,1.2586079309812275,,0.0,0.05066235755785941,0.9493376424421406,0.9493376424421406,False,,,,,,,cifar10,95,CDANN,PCA64,4.0,0.9526000022888184,0.9526000022888184,0.9355000257492065,0.9260000586509705,splits_cifar10_CDANN_95_0_b09dc755c62e.npz,b09dc755c62e,False,False,,,,,,,0.9493376424421406,all_pca,PCA64,IW overlap critic | W=2 | seed=0 (plug-in),True,
iw_overlap_critic,2.0,0.0,10000.0,2000.0,2500.0,500.0,0.758,0.0,1.0,54.598148345947266,0.5,0.5,0.49800002574920654,0.2500194013118744,,,,,0.2419970056393011,0.0,2500.0,0.0,500.0,0.0,ok,plugin,False,,2499.6242444340173,2499.9788343579085,1.0091802353589787,0.9995349819050129,1.0049109065408897,,0.0,0.2419970056393011,0.758002994360699,0.758002994360699,False,,,,,,,cifar100,4,DANN,PCA64,8.0,0.7841999530792236,0.7841999530792236,0.7440000176429749,0.7760000228881836,splits_cifar100_DANN_4_0_b09dc755c62e.npz,b09dc755c62e,False,True,,,,,,,0.758002994360699,all_pca,PCA64,IW overlap critic | W=2 | seed=0 (plug-in),True,
iw_overlap_critic,2.0,0.0,10000.0,2000.0,2500.0,500.0,0.76,0.0,1.0,54.598148345947266,0.5,0.5,0.48350000381469727,0.25001242756843567,,,,,0.24000216283219478,0.0,2500.0,0.0,500.0,0.0,ok,plugin,False,,2499.7270658068555,2499.9832088509424,1.0070518510479602,0.9995212269921505,1.0042715241660813,,0.0,0.24000216283219478,0.7599978371678052,0.7599978371678052,False,,,,,,,cifar100,12,DANN,PCA64,8.0,0.7831999659538269,0.7831999659538269,0.7545000314712524,0.7860000133514404,splits_cifar100_DANN_12_0_b09dc755c62e.npz,b09dc755c62e,False,True,,,,,,,0.7599978371678052,all_pca,PCA64,IW overlap critic | W=2 | seed=0 (plug-in),True,
iw_overlap_critic,2.0,0.0,10000.0,2000.0,2500.0,500.0,0.7596,0.0,1.0,10.468952178955078,0.5,0.5,0.4869999885559082,0.24998801946640015,,,,,0.24010359012793478,0.0,2500.0,0.0,500.0,0.0,ok,plugin,False,,2498.041437601939,2499.52697885957,1.0362665985378807,0.9968752840941291,1.0227371633481803,,0.0,0.24010359012793478,0.7598964098720652,0.7598964098720652,False,,,,,,,cifar100,59,DANN,PCA64,8.0,0.7841999530792236,0.7841999530792236,0.7585000395774841,0.7720000147819519,splits_cifar100_DANN_59_0_b09dc755c62e.npz,b09dc755c62e,False,True,,,,,,,0.7598964098720652,all_pca,PCA64,IW overlap critic | W=2 | seed=0 (plug-in),True,
iw_overlap_critic,2.0,0.0,10000.0,2000.0,2500.0,500.0,0.764,0.0,1.0,54.598148345947266,0.5,0.5,0.48000001907348633,0.2500184178352356,,,,,0.23594033331337205,0.0,2500.0,0.0,500.0,0.0,ok,plugin,False,,2499.6605615415606,2499.9854046624814,1.0058469965250008,0.9998550078139059,1.0036774470213292,,0.0,0.23594033331337205,0.764059666686628,0.764059666686628,False,,,,,,,cifar100,82,DANN,PCA64,8.0,0.7861999869346619,0.7861999869346619,0.7695000171661377,0.7700000405311584,splits_cifar100_DANN_82_0_b09dc755c62e.npz,b09dc755c62e,True,True,,,,,,,0.764059666686628,all_pca,PCA64,IW overlap critic | W=2 | seed=0 (plug-in),True,
iw_overlap_critic,2.0,0.0,10000.0,2000.0,2500.0,500.0,0.762,0.0,1.0,54.598148345947266,0.5,0.5,0.4700000286102295,0.2500154376029968,,,,,0.2379702066487734,0.0,2500.0,0.0,500.0,0.0,ok,plugin,False,,2499.7535950086026,2499.985800981711,1.0067786267290388,0.9996182778153593,1.0044949591310528,,0.0,0.2379702066487734,0.7620297933512266,0.7620297933512266,False,,,,,,,cifar100,4,CDANN,PCA64,4.0,0.7849999666213989,0.7849999666213989,0.7275000214576721,0.7480000257492065,splits_cifar100_CDANN_4_0_b09dc755c62e.npz,b09dc755c62e,False,False,,,,,,,0.7620297933512266,all_pca,PCA64,IW overlap critic | W=2 | seed=0 (plug-in),True,
iw_overlap_critic,2.0,0.0,10000.0,2000.0,2500.0,500.0,0.766,0.0,1.0,54.598148345947266,0.5,0.5,0.47450000047683716,0.25001591444015503,,,,,0.23400297090993236,0.0,2500.0,0.0,500.0,0.0,ok,plugin,False,,2499.8091841594496,2499.9845306305815,1.0074848311456392,0.9997848715106664,1.0046918259199686,,0.0,0.23400297090993236,0.7659970290900676,0.7659970290900676,False,,,,,,,cifar100,12,CDANN,PCA64,4.0,0.7858999967575073,0.7858999967575073,0.7480000257492065,0.7680000066757202,splits_cifar100_CDANN_12_0_b09dc755c62e.npz,b09dc755c62e,False,True,,,,,,,0.7659970290900676,all_pca,PCA64,IW overlap critic | W=2 | seed=0 (plug-in),True,
iw_overlap_critic,2.0,0.0,10000.0,2000.0,2500.0,500.0,0.7664,0.0,1.0,54.598148345947266,0.5,0.5,0.4909999966621399,0.25000667572021484,,,,,0.23356990033497932,0.0,2500.0,0.0,500.0,0.0,ok,plugin,False,,2499.550167176881,2499.977838355216,1.0081108644090961,0.9996785962570697,1.004997227492606,,0.0,0.23356990033497932,0.7664300996650206,0.7664300996650206,False,,,,,,,cifar100,59,CDANN,PCA64,4.0,0.7870000004768372,0.7870000004768372,0.7580000162124634,0.7920000553131104,splits_cifar100_CDANN_59_0_b09dc755c62e.npz,b09dc755c62e,False,True,,,,,,,0.7664300996650206,all_pca,PCA64,IW overlap critic | W=2 | seed=0 (plug-in),True,
iw_overlap_critic,2.0,0.0,10000.0,2000.0,2500.0,500.0,0.7652,0.0,1.0,54.598148345947266,0.5,0.5,0.47699999809265137,0.2500145137310028,,,,,0.23474596757580357,0.0,2500.0,0.0,500.0,0.0,ok,plugin,False,,2499.7923076379384,2499.9845600296117,1.0072747309060814,0.999839052984516,1.00456430009858,,0.0,0.23474596757580357,0.7652540324241964,0.7652540324241964,False,,,,,,,cifar100,82,CDANN,PCA64,4.0,0.7872999906539917,0.7872999906539917,0.7635000348091125,0.7720000147819519,splits_cifar100_CDANN_82_0_b09dc755c62e.npz,b09dc755c62e,False,True,,,,,,,0.7652540324241964,all_pca,PCA64,IW overlap critic | W=2 | seed=0 (plug-in),True,
iw_overlap_critic,2.0,0.0,28152.0,9910.0,7040.0,2478.0,0.803125,0.0,1.0,1.226292371749878,0.5,0.5,0.5829572677612305,0.24159753322601318,8376.0,113.0,4167.0,53.0,0.19665633630368787,0.0423728813559322,6968.0,72.0,2373.0,105.0,ok,plugin,False,,6743.673363666481,6275.474573036414,1.9932023208884644,0.9301032957225379,1.5650810321476993,0.9428571428571428,0.039951573849878935,0.2366079101535668,0.7633920898464333,0.7633920898464333,False,49.0,9.0,0.37179678678512573,0.5527315139770508,0.9245283007621765,"[{'epoch': 0, 'best_score': 0.005556225776672363}, {'epoch': 1, 'best_score': 0.007435917854309082}, {'epoch': 2, 'best_score': 0.008899450302124023}, {'epoch': 3, 'best_score': 0.009608149528503418}, {'epoch': 4, 'best_score': 0.009608149528503418}, {'epoch': 5, 'best_score': 0.01092386245727539}, {'epoch': 6, 'best_score': 0.013250172138214111}, {'epoch': 7, 'best_score': 0.018005073070526123}, {'epoch': 8, 'best_score': 0.022285163402557373}, {'epoch': 9, 'best_score': 0.0278780460357666}, {'epoch': 10, 'best_score': 0.03328984975814819}, {'epoch': 11, 'best_score': 0.03958839178085327}, {'epoch': 12, 'best_score': 0.04634237289428711}, {'epoch': 13, 'best_score': 0.05209755897521973}, {'epoch': 14, 'best_score': 0.05911874771118164}, {'epoch': 15, 'best_score': 0.06798917055130005}, {'epoch': 16, 'best_score': 0.07611721754074097}, {'epoch': 17, 'best_score': 0.08608049154281616}, {'epoch': 18, 'best_score': 0.0966450572013855}, {'epoch': 19, 'best_score': 0.11021018028259277}, {'epoch': 20, 'best_score': 0.12273150682449341}, {'epoch': 21, 'best_score': 0.1377987265586853}, {'epoch': 22, 'best_score': 0.15248984098434448}, {'epoch': 23, 'best_score': 0.16232842206954956}, {'epoch': 24, 'best_score': 0.15543442964553833}, {'epoch': 25, 'best_score': 0.16809600591659546}, {'epoch': 26, 'best_score': 0.18437457084655762}, {'epoch': 27, 'best_score': 0.19961750507354736}, {'epoch': 28, 'best_score': 0.21039003133773804}, {'epoch': 29, 'best_score': 0.22250312566757202}, {'epoch': 30, 'best_score': 0.2379246950149536}, {'epoch': 31, 'best_score': 0.2501712441444397}, {'epoch': 32, 'best_score': 0.2507374882698059}, {'epoch': 33, 'best_score': 0.261016845703125}, {'epoch': 34, 'best_score': 0.27109044790267944}, {'epoch': 35, 'best_score': 0.28091490268707275}, {'epoch': 36, 'best_score': 0.29072093963623047}, {'epoch': 37, 'best_score': 0.30162572860717773}, {'epoch': 38, 'best_score': 0.29356878995895386}, {'epoch': 39, 'best_score': 0.307856023311615}, {'epoch': 40, 'best_score': 0.3129725456237793}, {'epoch': 41, 'best_score': 0.324867844581604}, {'epoch': 42, 'best_score': 0.33313214778900146}, {'epoch': 43, 'best_score': 0.3407502770423889}, {'epoch': 44, 'best_score': 0.35045069456100464}, {'epoch': 45, 'best_score': 0.35836249589920044}, {'epoch': 46, 'best_score': 0.3457297086715698}, {'epoch': 47, 'best_score': 0.3552705645561218}, {'epoch': 48, 'best_score': 0.3630709648132324}, {'epoch': 49, 'best_score': 0.37179678678512573}]",domainnet,1,DANN,PCA64,32.0,0.8072605729103088,0.8072605729103088,0.465893030166626,0.47497981786727905,splits_domainnet_DANN_1_0_b09dc755c62e.npz,b09dc755c62e,False,False,,,,,,,0.7633920898464333,all_pca,PCA64,IW overlap critic | W=2 | seed=0 (plug-in),True,
iw_overlap_critic,2.0,0.0,28152.0,14207.0,7040.0,3553.0,0.8038352272727273,0.0,1.0,1.108939290046692,0.5,0.5,0.6014209389686584,0.23618116974830627,8114.0,567.0,4047.0,263.0,0.182188190620439,0.13537855333520968,6756.0,284.0,3072.0,481.0,ok,plugin,False,,6253.406276660016,5852.710684229154,1.9970302305608492,0.865921800665645,1.6293973061137328,0.9480249480249481,0.12834224598930483,0.31053043660974383,0.6894695633902561,0.6894695633902561,False,49.0,23.0,0.34459632635116577,0.6173808574676514,0.9619771838188171,"[{'epoch': 0, 'best_score': 0.005475223064422607}, {'epoch': 1, 'best_score': 0.0048378705978393555}, {'epoch': 2, 'best_score': 0.005813896656036377}, {'epoch': 3, 'best_score': 0.00662916898727417}, {'epoch': 4, 'best_score': 0.007596790790557861}, {'epoch': 5, 'best_score': 0.009506165981292725}, {'epoch': 6, 'best_score': 0.012499511241912842}, {'epoch': 7, 'best_score': 0.014680981636047363}, {'epoch': 8, 'best_score': 0.0188332200050354}, {'epoch': 9, 'best_score': 0.024472057819366455}, {'epoch': 10, 'best_score': 0.03045654296875}, {'epoch': 11, 'best_score': 0.03463637828826904}, {'epoch': 12, 'best_score': 0.03986072540283203}, {'epoch': 13, 'best_score': 0.04429739713668823}, {'epoch': 14, 'best_score': 0.050245463848114014}, {'epoch': 15, 'best_score': 0.057618558406829834}, {'epoch': 16, 'best_score': 0.06232345104217529}, {'epoch': 17, 'best_score': 0.06863284111022949}, {'epoch': 18, 'best_score': 0.07823377847671509}, {'epoch': 19, 'best_score': 0.08780491352081299}, {'epoch': 20, 'best_score': 0.10076111555099487}, {'epoch': 21, 'best_score': 0.11197429895401001}, {'epoch': 22, 'best_score': 0.11915349960327148}, {'epoch': 23, 'best_score': 0.12428826093673706}, {'epoch': 24, 'best_score': 0.13257235288619995}, {'epoch': 25, 'best_score': 0.1452087163925171}, {'epoch': 26, 'best_score': 0.15432226657867432}, {'epoch': 27, 'best_score': 0.16068941354751587}, {'epoch': 28, 'best_score': 0.17148113250732422}, {'epoch': 29, 'best_score': 0.18174487352371216}, {'epoch': 30, 'best_score': 0.18951159715652466}, {'epoch': 31, 'best_score': 0.19665241241455078}, {'epoch': 32, 'best_score': 0.20407485961914062}, {'epoch': 33, 'best_score': 0.2185155749320984}, {'epoch': 34, 'best_score': 0.2314792275428772}, {'epoch': 35, 'best_score': 0.24454522132873535}, {'epoch': 36, 'best_score': 0.25897008180618286}, {'epoch': 37, 'best_score': 0.26664555072784424}, {'epoch': 38, 'best_score': 0.2782115340232849}, {'epoch': 39, 'best_score': 0.28852295875549316}, {'epoch': 40, 'best_score': 0.29539161920547485}, {'epoch': 41, 'best_score': 0.3041013479232788}, {'epoch': 42, 'best_score': 0.3081769347190857}, {'epoch': 43, 'best_score': 0.3132440447807312}, {'epoch': 44, 'best_score': 0.32127052545547485}, {'epoch': 45, 'best_score': 0.32353174686431885}, {'epoch': 46, 'best_score': 0.3301641345024109}, {'epoch': 47, 'best_score': 0.3351559638977051}, {'epoch': 48, 'best_score': 0.33962929248809814}, {'epoch': 49, 'best_score': 0.34459632635116577}]",domainnet,2,DANN,PCA64,32.0,0.8101378083229065,0.8101378083229065,0.38572534918785095,0.38727834820747375,splits_domainnet_DANN_2_0_b09dc755c62e.npz,b09dc755c62e,False,False,,,,,,,0.6894695633902561,all_pca,PCA64,IW overlap critic | W=2 | seed=0 (plug-in),True,
iw_overlap_critic,2.0,0.0,28152.0,15295.0,7040.0,3825.0,0.8072443181818182,0.0,1.0,1.0002521276474,0.5,0.5,0.5666530132293701,0.24530553817749023,8376.0,63.0,4183.0,21.0,0.1871175509261842,0.015163398692810458,6992.0,48.0,3767.0,58.0,ok,plugin,False,,6948.157652747794,6546.640197530611,1.9994972482917355,0.9639839637633331,1.474927232568559,0.8275862068965517,0.012549019607843137,0.19966657053402734,0.8003334294659726,0.8003334294659726,False,46.0,25.0,0.4726691246032715,0.5273308753967285,1.0,"[{'epoch': 0, 'best_score': 0.0075640082359313965}, {'epoch': 1, 'best_score': 0.008203446865081787}, {'epoch': 2, 'best_score': 0.010565400123596191}, {'epoch': 3, 'best_score': 0.01253432035446167}, {'epoch': 4, 'best_score': 0.01365673542022705}, {'epoch': 5, 'best_score': 0.015552997589111328}, {'epoch': 6, 'best_score': 0.01748734712600708}, {'epoch': 7, 'best_score': 0.02165842056274414}, {'epoch': 8, 'best_score': 0.026612460613250732}, {'epoch': 9, 'best_score': 0.03177613019943237}, {'epoch': 10, 'best_score': 0.0386052131652832}, {'epoch': 11, 'best_score': 0.044995248317718506}, {'epoch': 12, 'best_score': 0.05295068025588989}, {'epoch': 13, 'best_score': 0.06038200855255127}, {'epoch': 14, 'best_score': 0.0666273832321167}, {'epoch': 15, 'best_score': 0.07532823085784912}, {'epoch': 16, 'best_score': 0.08384174108505249}, {'epoch': 17, 'best_score': 0.09516692161560059}, {'epoch': 18, 'best_score': 0.10584414005279541}, {'epoch': 19, 'best_score': 0.11847501993179321}, {'epoch': 20, 'best_score': 0.12947553396224976}, {'epoch': 21, 'best_score': 0.14119952917099}, {'epoch': 22, 'best_score': 0.15570098161697388}, {'epoch': 23, 'best_score': 0.1680644154548645}, {'epoch': 24, 'best_score': 0.1811862587928772}, {'epoch': 25, 'best_score': 0.19550448656082153}, {'epoch': 26, 'best_score': 0.20909929275512695}, {'epoch': 27, 'best_score': 0.22283107042312622}, {'epoch': 28, 'best_score': 0.23785406351089478}, {'epoch': 29, 'best_score': 0.25416797399520874}, {'epoch': 30, 'best_score': 0.26780664920806885}, {'epoch': 31, 'best_score': 0.2835357189178467}, {'epoch': 32, 'best_score': 0.29693788290023804}, {'epoch': 33, 'best_score': 0.30930596590042114}, {'epoch': 34, 'best_score': 0.32415515184402466}, {'epoch': 35, 'best_score': 0.3376416563987732}, {'epoch': 36, 'best_score': 0.34898966550827026}, {'epoch': 37, 'best_score': 0.3663787841796875}, {'epoch': 38, 'best_score': 0.37914758920669556}, {'epoch': 39, 'best_score': 0.3916218876838684}, {'epoch': 40, 'best_score': 0.4075070023536682}, {'epoch': 41, 'best_score': 0.42007195949554443}, {'epoch': 42, 'best_score': 0.43126344680786133}, {'epoch': 43, 'best_score': 0.442044734954834}, {'epoch': 44, 'best_score': 0.4515342116355896}, {'epoch': 45, 'best_score': 0.4623004198074341}, {'epoch': 46, 'best_score': 0.4726691246032715}, {'epoch': 47, 'best_score': 0.43012505769729614}, {'epoch': 48, 'best_score': 0.4405650496482849}, {'epoch': 49, 'best_score': 0.44887781143188477}]",domainnet,3,DANN,PCA64,32.0,0.8096050024032593,0.8096050024032593,0.4719189405441284,0.46562090516090393,splits_domainnet_DANN_3_0_b09dc755c62e.npz,b09dc755c62e,False,False,,,,,,,0.8003334294659726,all_pca,PCA64,IW overlap critic | W=2 | seed=0 (plug-in),True,
iw_overlap_critic,2.0,0.0,28152.0,9910.0,7040.0,2478.0,0.8025568181818181,0.0,1.0,0.6819519996643066,0.5,0.5,0.5463367700576782,0.2473730742931366,,,,,0.2151981808820383,0.0,7040.0,0.0,2478.0,0.0,ok,plugin,False,,7119.098872628354,6738.082016814914,1.8296552366436318,0.9943077857533322,1.3903075185508535,,0.0,0.2151981808820383,0.7848018191179618,0.7848018191179618,False,,,,,,,domainnet,1,CDANN,PCA64,4.0,0.8055910468101501,0.8055910468101501,0.5121089816093445,0.5205811262130737,splits_domainnet_CDANN_1_0_b09dc755c62e.npz,b09dc755c62e,False,False,,,,,,,0.7848018191179618,all_pca,PCA64,IW overlap critic | W=2 | seed=0 (plug-in),True,
iw_overlap_critic,2.0,0.0,28152.0,14207.0,7040.0,3553.0,0.8004261363636364,0.0,1.0,1.1073464155197144,0.5,0.5,0.5364314317703247,0.24767601490020752,,,,,0.20830151757347828,0.0,7040.0,0.0,3553.0,0.0,ok,plugin,False,,7042.532128157394,6791.387470629839,1.7457986667189163,0.9930979980913714,1.3272196742171534,,0.0,0.20830151757347828,0.7916984824265217,0.7916984824265217,False,,,,,,,domainnet,2,CDANN,PCA64,4.0,0.8071539998054504,0.8071539998054504,0.42063772678375244,0.4218969941139221,splits_domainnet_CDANN_2_0_b09dc755c62e.npz,b09dc755c62e,False,False,,,,,,,0.7916984824265217,all_pca,PCA64,IW overlap critic | W=2 | seed=0 (plug-in),True,
iw_overlap_critic,2.0,0.0,28152.0,15295.0,7040.0,3825.0,0.8063920454545455,0.0,1.0,0.8559980392456055,0.5,0.5,0.5631357431411743,0.24379169940948486,8358.0,101.0,4184.0,50.0,0.1827687186786288,0.01934640522875817,6974.0,66.0,3751.0,74.0,ok,plugin,False,,6959.0267258450385,6372.497986972173,1.9980414314271553,0.9468291315966004,1.5841054788328157,1.0,0.01934640522875817,0.20211512390738695,0.797884876092613,0.797884876092613,False,45.0,26.0,0.014451086521148682,0.9855489134788513,1.0,"[{'epoch': 0, 'best_score': 0.006434321403503418}, {'epoch': 1, 'best_score': 0.006434321403503418}, {'epoch': 2, 'best_score': 0.006434321403503418}, {'epoch': 3, 'best_score': 0.006434321403503418}, {'epoch': 4, 'best_score': 0.006434321403503418}, {'epoch': 5, 'best_score': 0.006434321403503418}, {'epoch': 6, 'best_score': 0.006434321403503418}, {'epoch': 7, 'best_score': 0.006434321403503418}, {'epoch': 8, 'best_score': 0.006434321403503418}, {'epoch': 9, 'best_score': 0.006434321403503418}, {'epoch': 10, 'best_score': 0.006434321403503418}, {'epoch': 11, 'best_score': 0.006434321403503418}, {'epoch': 12, 'best_score': 0.006434321403503418}, {'epoch': 13, 'best_score': 0.006434321403503418}, {'epoch': 14, 'best_score': 0.006434321403503418}, {'epoch': 15, 'best_score': 0.006434321403503418}, {'epoch': 16, 'best_score': 0.0066384077072143555}, {'epoch': 17, 'best_score': 0.0066384077072143555}, {'epoch': 18, 'best_score': 0.007235467433929443}, {'epoch': 19, 'best_score': 0.007562160491943359}, {'epoch': 20, 'best_score': 0.007718682289123535}, {'epoch': 21, 'best_score': 0.007945477962493896}, {'epoch': 22, 'best_score': 0.008467435836791992}, {'epoch': 23, 'best_score': 0.008221030235290527}, {'epoch': 24, 'best_score': 0.008738994598388672}, {'epoch': 25, 'best_score': 0.00919109582901001}, {'epoch': 26, 'best_score': 0.009447872638702393}, {'epoch': 27, 'best_score': 0.009447872638702393}, {'epoch': 28, 'best_score': 0.009677350521087646}, {'epoch': 29, 'best_score': 0.009677350521087646}, {'epoch': 30, 'best_score': 0.009677350521087646}, {'epoch': 31, 'best_score': 0.010243356227874756}, {'epoch': 32, 'best_score': 0.010243356227874756}, {'epoch': 33, 'best_score': 0.011423885822296143}, {'epoch': 34, 'best_score': 0.011423885822296143}, {'epoch': 35, 'best_score': 0.012126564979553223}, {'epoch': 36, 'best_score': 0.012307584285736084}, {'epoch': 37, 'best_score': 0.012307584285736084}, {'epoch': 38, 'best_score': 0.013010025024414062}, {'epoch': 39, 'best_score': 0.013211846351623535}, {'epoch': 40, 'best_score': 0.013450086116790771}, {'epoch': 41, 'best_score': 0.013731002807617188}, {'epoch': 42, 'best_score': 0.013731002807617188}, {'epoch': 43, 'best_score': 0.014043986797332764}, {'epoch': 44, 'best_score': 0.014043986797332764}, {'epoch': 45, 'best_score': 0.014451086521148682}, {'epoch': 46, 'best_score': 0.013993620872497559}, {'epoch': 47, 'best_score': 0.013993620872497559}, {'epoch': 48, 'best_score': 0.013993620872497559}, {'epoch': 49, 'best_score': 0.013543128967285156}]",domainnet,3,CDANN,PCA64,4.0,0.8074381947517395,0.8074381947517395,0.49369075894355774,0.48549020290374756,splits_domainnet_CDANN_3_0_b09dc755c62e.npz,b09dc755c62e,False,False,,,,,,,0.797884876092613,all_pca,PCA64,IW overlap critic | W=2 | seed=0 (plug-in),True,
iw_overlap_critic,2.0,0.0,1700.0,8804.0,425.0,2203.0,0.8658823529411764,0.0,1.0,1.7118247747421265,0.5,0.5,0.5553141832351685,0.2474673092365265,,,,,0.1486304639827676,0.0,425.0,0.0,2203.0,0.0,ok,plugin,False,,433.8995581541775,406.0468144563754,1.5947715283956745,1.0253579878381205,1.383887847507229,,0.0,0.1486304639827676,0.8513695360172324,0.8513695360172324,False,,,,,,,living17,1,DANN,PCA64,8.0,0.8994117379188538,0.8994117379188538,0.6758291721343994,0.6876986026763916,splits_living17_DANN_1_0_b09dc755c62e.npz,b09dc755c62e,False,False,,,,,,,0.8513695360172324,all_pca,PCA64,IW overlap critic | W=2 | seed=0 (plug-in),True,
iw_overlap_critic,2.0,0.0,1700.0,68.0,425.0,19.0,0.8823529411764706,0.0,1.0,3.435157537460327,0.5,0.5,0.5382353067398071,0.24690869450569153,,,,,0.11180255096880684,0.0,425.0,0.0,19.0,0.0,ok,plugin,False,,394.7506596546109,398.5596868267441,1.5523682981341551,0.9223655020129055,1.3537176447752515,,0.0,0.11180255096880684,0.8881974490311931,0.8881974490311931,False,,,,,,,living17,2,DANN,PCA64,8.0,0.9094117283821106,0.9094117283821106,0.8970588445663452,0.8421052694320679,splits_living17_DANN_2_0_b09dc755c62e.npz,b09dc755c62e,True,False,,,,,,,0.8881974490311931,all_pca,PCA64,IW overlap critic | W=2 | seed=0 (plug-in),True,
iw_overlap_critic,2.0,0.0,1700.0,68.0,425.0,19.0,0.8894117647058823,0.0,1.0,0.8544672131538391,0.5,0.5,0.751960813999176,0.20864135026931763,441.0,2.0,229.0,0.0,0.07682896582747563,0.05263157894736842,370.0,55.0,18.0,1.0,unsupported_critic_region,plugin,False,,231.07074227193903,225.21351666781453,1.9936494891889442,0.47913055801542814,1.6422041659364155,,,,,,,,,,,,,living17,3,DANN,PCA64,8.0,0.9052940607070923,0.9052940607070923,0.5882353186607361,0.6842105388641357,splits_living17_DANN_3_0_b09dc755c62e.npz,b09dc755c62e,,,,,,,,,,all_pca,PCA64,IW overlap critic | W=2 | seed=0 (plug-in),False,
iw_overlap_critic,2.0,0.0,1700.0,8804.0,425.0,2203.0,0.8894117647058823,0.0,1.0,54.598148345947266,0.5,0.5,0.5014371871948242,0.250005304813385,,,,,0.11063530317123534,0.0,425.0,0.0,2203.0,0.0,ok,plugin,False,,424.9990187316745,424.9950641671985,1.009194129235711,1.0000602557385505,1.0056053538892025,,0.0,0.11063530317123534,0.8893646968287646,0.8893646968287646,False,,,,,,,living17,1,CDANN,PCA64,4.0,0.9052940607070923,0.9052940607070923,0.6863925457000732,0.6981388926506042,splits_living17_CDANN_1_0_b09dc755c62e.npz,b09dc755c62e,False,False,,,,,,,0.8893646968287646,all_pca,PCA64,IW overlap critic | W=2 | seed=0 (plug-in),True,
iw_overlap_critic,2.0,0.0,1700.0,68.0,425.0,19.0,0.8917647058823529,0.0,1.0,54.598148345947266,0.5,0.5,0.31470587849617004,0.2501634955406189,,,,,0.10763198158133017,0.0,425.0,0.0,19.0,0.0,ok,plugin,False,,422.97736897946527,424.94823464810787,1.0440411718667169,0.9949629176013489,1.0119303258387198,,0.0,0.10763198158133017,0.8923680184186699,0.8923680184186699,False,,,,,,,living17,2,CDANN,PCA64,4.0,0.9094117283821106,0.9094117283821106,0.8676470518112183,0.8421052694320679,splits_living17_CDANN_2_0_b09dc755c62e.npz,b09dc755c62e,False,False,,,,,,,0.8923680184186699,all_pca,PCA64,IW overlap critic | W=2 | seed=0 (plug-in),True,
iw_overlap_critic,2.0,0.0,1700.0,68.0,425.0,19.0,0.8823529411764706,0.0,1.0,54.598148345947266,0.5,0.5,0.4225490093231201,0.25023651123046875,,,,,0.117035612743547,0.0,425.0,0.0,19.0,0.0,ok,plugin,False,,423.7711950454801,424.96060438980635,1.0260711651400463,0.9971065603872015,1.0117735742400944,,0.0,0.117035612743547,0.882964387256453,0.882964387256453,False,,,,,,,living17,3,CDANN,PCA64,4.0,0.9052940607070923,0.9052940607070923,0.5588235259056091,0.6315789222717285,splits_living17_CDANN_3_0_b09dc755c62e.npz,b09dc755c62e,False,False,,,,,,,0.882964387256453,all_pca,PCA64,IW overlap critic | W=2 | seed=0 (plug-in),True,
iw_overlap_critic,2.0,0.0,2600.0,13282.0,650.0,3322.0,0.8046153846153846,0.0,1.0,2.156191349029541,0.5,0.5,0.5059951543807983,0.24960054457187653,,,,,0.19729983532990794,0.0,650.0,0.0,3322.0,0.0,ok,plugin,False,,647.2951354165266,645.3068551494548,1.2258246854762207,0.9992627825026168,1.1199599048099376,,0.0,0.19729983532990794,0.8027001646700921,0.8027001646700921,False,,,,,,,nonliving26,1,DANN,PCA64,8.0,0.8126922845840454,0.8126922845840454,0.5122722387313843,0.5192654728889465,splits_nonliving26_DANN_1_0_b09dc755c62e.npz,b09dc755c62e,False,False,,,,,,,0.8027001646700921,all_pca,PCA64,IW overlap critic | W=2 | seed=0 (plug-in),True,
iw_overlap_critic,2.0,0.0,2600.0,104.0,650.0,28.0,0.8292307692307692,0.0,1.0,54.598148345947266,0.5,0.5,0.4038461446762085,0.2506033778190613,,,,,0.1701249182166074,0.0,650.0,0.0,28.0,0.0,ok,plugin,False,,647.6089048618696,649.8948670697146,1.0338735040933442,0.9969824627689864,1.015250373884378,,0.0,0.1701249182166074,0.8298750817833926,0.8298750817833926,False,,,,,,,nonliving26,2,DANN,PCA64,8.0,0.8176922798156738,0.8176922798156738,0.75,0.7142857313156128,splits_nonliving26_DANN_2_0_b09dc755c62e.npz,b09dc755c62e,False,False,,,,,,,0.8298750817833926,all_pca,PCA64,IW overlap critic | W=2 | seed=0 (plug-in),True,
iw_overlap_critic,2.0,0.0,2600.0,104.0,650.0,28.0,0.8246153846153846,0.0,1.0,54.598148345947266,0.5,0.5,0.45000001788139343,0.25004658102989197,,,,,0.17509602579737932,0.0,650.0,0.0,28.0,0.0,ok,plugin,False,,645.3705926560069,649.724394398817,1.046460836247922,0.9943422854331323,1.0253292516625503,,0.0,0.17509602579737932,0.8249039742026207,0.8249039742026207,False,,,,,,,nonliving26,3,DANN,PCA64,8.0,0.8146153688430786,0.8146153688430786,0.4038461744785309,0.3214285969734192,splits_nonliving26_DANN_3_0_b09dc755c62e.npz,b09dc755c62e,False,False,,,,,,,0.8249039742026207,all_pca,PCA64,IW overlap critic | W=2 | seed=0 (plug-in),True,
iw_overlap_critic,2.0,0.0,2600.0,13282.0,650.0,3322.0,0.8169230769230769,0.0,1.0,4.255368232727051,0.5,0.5,0.5112951993942261,0.24999505281448364,,,,,0.18345263898100733,0.0,650.0,0.0,3322.0,0.0,ok,plugin,False,,649.921795942741,649.9430308432728,1.030589983829968,1.000134561591583,1.0147816506849816,,0.0,0.18345263898100733,0.8165473610189926,0.8165473610189926,False,,,,,,,nonliving26,1,CDANN,PCA64,4.0,0.8176922798156738,0.8176922798156738,0.5332028269767761,0.5352197289466858,splits_nonliving26_CDANN_1_0_b09dc755c62e.npz,b09dc755c62e,False,False,,,,,,,0.8165473610189926,all_pca,PCA64,IW overlap critic | W=2 | seed=0 (plug-in),True,
iw_overlap_critic,2.0,0.0,2600.0,104.0,650.0,28.0,0.8138461538461539,0.0,1.0,0.8669806718826294,0.5,0.5,0.550000011920929,0.24008387327194214,748.0,1.0,371.0,0.0,0.18994170961651563,0.03571428571428571,627.0,23.0,27.0,1.0,unsupported_critic_region,plugin,False,,624.0848120943747,535.1115667837588,1.981552673636181,0.9827279453514655,1.693896383825892,,,,,,,,,,,,,nonliving26,2,CDANN,PCA64,4.0,0.8165384531021118,0.8165384531021118,0.7692307829856873,0.7500000596046448,splits_nonliving26_CDANN_2_0_b09dc755c62e.npz,b09dc755c62e,,,,,,,,,,all_pca,PCA64,IW overlap critic | W=2 | seed=0 (plug-in),False,
iw_overlap_critic,2.0,0.0,2600.0,104.0,650.0,28.0,0.8123076923076923,0.0,1.0,15.424545288085938,0.5,0.5,0.5538461208343506,0.24996675550937653,,,,,0.18667401364890465,0.0,650.0,0.0,28.0,0.0,ok,plugin,False,,646.7414133995605,649.6021223997487,1.0920128345205828,0.9913958449490134,1.041827503660088,,0.0,0.18667401364890465,0.8133259863510953,0.8133259863510953,False,,,,,,,nonliving26,3,CDANN,PCA64,4.0,0.822692334651947,0.822692334651947,0.4038461744785309,0.3214285969734192,splits_nonliving26_CDANN_3_0_b09dc755c62e.npz,b09dc755c62e,False,False,,,,,,,0.8133259863510953,all_pca,PCA64,IW overlap critic | W=2 | seed=0 (plug-in),True,
iw_overlap_critic,2.0,0.0,11745.0,35070.0,2938.0,8768.0,0.6388699795779442,0.0,1.0,1.1058056354522705,0.5,0.5,0.5455554127693176,0.24631547927856445,3523.0,0.0,1761.0,0.0,0.34694005586826276,0.00011405109489051095,2938.0,0.0,8767.0,1.0,unsupported_critic_region,plugin,False,,2935.1001315654753,2773.9660915985232,1.8087913820848291,0.9948211810809553,1.4090626000582918,,,,,,,,,,,,,fmow,1,DANN,PCA64,16.0,0.6519370079040527,0.6519370079040527,0.6103222370147705,0.6077782511711121,splits_fmow_DANN_1_0_b09dc755c62e.npz,b09dc755c62e,,,,,,,,,,all_pca,PCA64,IW overlap critic | W=2 | seed=0 (plug-in),False,
iw_overlap_critic,2.0,0.0,11745.0,39088.0,2938.0,9774.0,0.6344452008168822,0.0,1.0,1.0715910196304321,0.5,0.5,0.5546911954879761,0.2435484230518341,3507.0,138.0,1751.0,78.0,0.3661847986577351,0.012379783098015143,2927.0,11.0,9653.0,121.0,ok,plugin,False,,2906.1197729857595,2660.640542756745,1.9829734377518557,0.9583213990525946,1.5625578805921279,0.9834710743801653,0.012175158583998364,0.3783599572417335,0.6216400427582665,0.6216400427582665,False,49.0,1.0,0.3208822011947632,0.6662972569465637,0.9871794581413269,"[{'epoch': 0, 'best_score': 0.036923110485076904}, {'epoch': 1, 'best_score': 0.05057424306869507}, {'epoch': 2, 'best_score': 0.051338791847229004}, {'epoch': 3, 'best_score': 0.0552142858505249}, {'epoch': 4, 'best_score': 0.05811619758605957}, {'epoch': 5, 'best_score': 0.06435513496398926}, {'epoch': 6, 'best_score': 0.067019522190094}, {'epoch': 7, 'best_score': 0.06968408823013306}, {'epoch': 8, 'best_score': 0.07071685791015625}, {'epoch': 9, 'best_score': 0.07147294282913208}, {'epoch': 10, 'best_score': 0.07088452577590942}, {'epoch': 11, 'best_score': 0.07607448101043701}, {'epoch': 12, 'best_score': 0.07989609241485596}, {'epoch': 13, 'best_score': 0.08861249685287476}, {'epoch': 14, 'best_score': 0.0914340615272522}, {'epoch': 15, 'best_score': 0.09826648235321045}, {'epoch': 16, 'best_score': 0.10872554779052734}, {'epoch': 17, 'best_score': 0.11490964889526367}, {'epoch': 18, 'best_score': 0.1239858865737915}, {'epoch': 19, 'best_score': 0.12761813402175903}, {'epoch': 20, 'best_score': 0.13622480630874634}, {'epoch': 21, 'best_score': 0.1419784426689148}, {'epoch': 22, 'best_score': 0.14738279581069946}, {'epoch': 23, 'best_score': 0.15222042798995972}, {'epoch': 24, 'best_score': 0.16205906867980957}, {'epoch': 25, 'best_score': 0.16943883895874023}, {'epoch': 26, 'best_score': 0.17647653818130493}, {'epoch': 27, 'best_score': 0.19898861646652222}, {'epoch': 28, 'best_score': 0.208529531955719}, {'epoch': 29, 'best_score': 0.21628201007843018}, {'epoch': 30, 'best_score': 0.2265872359275818}, {'epoch': 31, 'best_score': 0.23244434595108032}, {'epoch': 32, 'best_score': 0.2402198314666748}, {'epoch': 33, 'best_score': 0.2450525164604187}, {'epoch': 34, 'best_score': 0.25281471014022827}, {'epoch': 35, 'best_score': 0.2580259442329407}, {'epoch': 36, 'best_score': 0.2657994031906128}, {'epoch': 37, 'best_score': 0.2757267355918884}, {'epoch': 38, 'best_score': 0.2807982563972473}, {'epoch': 39, 'best_score': 0.28733229637145996}, {'epoch': 40, 'best_score': 0.2785046696662903}, {'epoch': 41, 'best_score': 0.2819068431854248}, {'epoch': 42, 'best_score': 0.290033757686615}, {'epoch': 43, 'best_score': 0.2955160140991211}, {'epoch': 44, 'best_score': 0.3016848564147949}, {'epoch': 45, 'best_score': 0.3080911636352539}, {'epoch': 46, 'best_score': 0.3104514479637146}, {'epoch': 47, 'best_score': 0.3138854503631592}, {'epoch': 48, 'best_score': 0.31712478399276733}, {'epoch': 49, 'best_score': 0.3208822011947632}]",fmow,2,DANN,PCA64,16.0,0.6504895687103271,0.6504895687103271,0.5482756495475769,0.5545324683189392,splits_fmow_DANN_2_0_b09dc755c62e.npz,b09dc755c62e,False,False,,,,,,,0.6216400427582665,all_pca,PCA64,IW overlap critic | W=2 | seed=0 (plug-in),True,
iw_overlap_critic,2.0,0.0,11745.0,35070.0,2938.0,8768.0,0.6466984343090538,0.0,1.0,1.2916171550750732,0.5,0.5,0.5249029994010925,0.24931854009628296,,,,,0.34415957681398607,0.0,2938.0,0.0,8768.0,0.0,ok,plugin,False,,2922.862338182315,2904.515743470036,1.5286498971933777,0.9814002995683861,1.1938011881501407,,0.0,0.34415957681398607,0.655840423186014,0.655840423186014,False,,,,,,,fmow,1,CDANN,PCA64,4.0,0.6558535695075989,0.6558535695075989,0.605617344379425,0.6010492444038391,splits_fmow_CDANN_1_0_b09dc755c62e.npz,b09dc755c62e,False,False,,,,,,,0.655840423186014,all_pca,PCA64,IW overlap critic | W=2 | seed=0 (plug-in),True,
iw_overlap_critic,2.0,0.0,11745.0,39088.0,2938.0,9774.0,0.6446562287270252,0.0,1.0,1.217383623123169,0.5,0.5,0.5305451154708862,0.24845653772354126,3517.0,28.0,1759.0,10.0,0.3545725634166019,0.0013300593411090648,2931.0,7.0,9761.0,13.0,ok,plugin,False,,2917.2092170978576,2857.54658622081,1.8683603462815614,0.9801347430364987,1.2650500074609041,1.0,0.0013300593411090648,0.355902622757711,0.644097377242289,0.644097377242289,False,49.0,29.0,0.1374797224998474,0.8625202775001526,1.0,"[{'epoch': 0, 'best_score': 0.04679065942764282}, {'epoch': 1, 'best_score': 0.048541486263275146}, {'epoch': 2, 'best_score': 0.04986774921417236}, {'epoch': 3, 'best_score': 0.05059736967086792}, {'epoch': 4, 'best_score': 0.05240142345428467}, {'epoch': 5, 'best_score': 0.05240142345428467}, {'epoch': 6, 'best_score': 0.052693188190460205}, {'epoch': 7, 'best_score': 0.05431729555130005}, {'epoch': 8, 'best_score': 0.05431729555130005}, {'epoch': 9, 'best_score': 0.05431729555130005}, {'epoch': 10, 'best_score': 0.054898202419281006}, {'epoch': 11, 'best_score': 0.05430126190185547}, {'epoch': 12, 'best_score': 0.05574995279312134}, {'epoch': 13, 'best_score': 0.05626869201660156}, {'epoch': 14, 'best_score': 0.05578702688217163}, {'epoch': 15, 'best_score': 0.0569913387298584}, {'epoch': 16, 'best_score': 0.06214547157287598}, {'epoch': 17, 'best_score': 0.06988382339477539}, {'epoch': 18, 'best_score': 0.07413738965988159}, {'epoch': 19, 'best_score': 0.07905662059783936}, {'epoch': 20, 'best_score': 0.08226191997528076}, {'epoch': 21, 'best_score': 0.09118616580963135}, {'epoch': 22, 'best_score': 0.09659117460250854}, {'epoch': 23, 'best_score': 0.10019493103027344}, {'epoch': 24, 'best_score': 0.10613769292831421}, {'epoch': 25, 'best_score': 0.11338460445404053}, {'epoch': 26, 'best_score': 0.11512339115142822}, {'epoch': 27, 'best_score': 0.11570698022842407}, {'epoch': 28, 'best_score': 0.11814796924591064}, {'epoch': 29, 'best_score': 0.120902419090271}, {'epoch': 30, 'best_score': 0.12396913766860962}, {'epoch': 31, 'best_score': 0.12499821186065674}, {'epoch': 32, 'best_score': 0.1261860728263855}, {'epoch': 33, 'best_score': 0.1301286220550537}, {'epoch': 34, 'best_score': 0.13021856546401978}, {'epoch': 35, 'best_score': 0.1326214075088501}, {'epoch': 36, 'best_score': 0.13323074579238892}, {'epoch': 37, 'best_score': 0.13451629877090454}, {'epoch': 38, 'best_score': 0.13520383834838867}, {'epoch': 39, 'best_score': 0.1362389326095581}, {'epoch': 40, 'best_score': 0.1355319619178772}, {'epoch': 41, 'best_score': 0.1355319619178772}, {'epoch': 42, 'best_score': 0.13493740558624268}, {'epoch': 43, 'best_score': 0.13371652364730835}, {'epoch': 44, 'best_score': 0.1336369514465332}, {'epoch': 45, 'best_score': 0.1345255970954895}, {'epoch': 46, 'best_score': 0.1337565779685974}, {'epoch': 47, 'best_score': 0.13316833972930908}, {'epoch': 48, 'best_score': 0.13316833972930908}, {'epoch': 49, 'best_score': 0.1374797224998474}]",fmow,2,CDANN,PCA64,4.0,0.6548318862915039,0.6548318862915039,0.5420845150947571,0.5445058345794678,splits_fmow_CDANN_2_0_b09dc755c62e.npz,b09dc755c62e,False,False,,,,,,,0.644097377242289,all_pca,PCA64,IW overlap critic | W=2 | seed=0 (plug-in),True,
iw_overlap_critic,2.0,0.0,731.0,898.0,184.0,227.0,0.9239130434782609,0.0,1.0,8.328080177307129,0.5,0.5,0.5086963176727295,0.2497611939907074,,,,,0.07503485142154054,0.0,184.0,0.0,227.0,0.0,ok,plugin,False,,181.9126269606262,183.26082411910807,1.1855055324897044,0.9879564013029002,1.0976303834413481,,0.0,0.07503485142154054,0.9249651485784595,0.9249651485784595,False,,,,,,,officehome,1,DANN,PCA64,32.0,0.922024667263031,0.922024667263031,0.7193763852119446,0.7268722057342529,splits_officehome_DANN_1_0_b09dc755c62e.npz,b09dc755c62e,False,False,,,,,,,0.9249651485784595,all_pca,PCA64,IW overlap critic | W=2 | seed=0 (plug-in),True,
iw_overlap_critic,2.0,0.0,731.0,893.0,184.0,226.0,0.9021739130434783,0.0,1.0,2.4440267086029053,0.5,0.5,0.5591042041778564,0.24774935841560364,,,,,0.09661986923598873,0.0,184.0,0.0,226.0,0.0,ok,plugin,False,,179.8759710882897,175.67129278826158,1.5931452282586445,0.9512581851788887,1.3928419391406472,,0.0,0.09661986923598873,0.9033801307640112,0.9033801307640112,False,,,,,,,officehome,2,DANN,PCA64,32.0,0.915184736251831,0.915184736251831,0.44904816150665283,0.45132744312286377,splits_officehome_DANN_2_0_b09dc755c62e.npz,b09dc755c62e,False,False,,,,,,,0.9033801307640112,all_pca,PCA64,IW overlap critic | W=2 | seed=0 (plug-in),True,
iw_overlap_critic,2.0,0.0,731.0,507.0,184.0,128.0,0.9130434782608696,0.0,1.0,9.85393238067627,0.5,0.5,0.5213698148727417,0.2494889497756958,,,,,0.08514737011738735,0.0,184.0,0.0,128.0,0.0,ok,plugin,False,,179.5052187893292,182.86872020848816,1.2618681629334165,0.9779805434715756,1.1004425295032714,,0.0,0.08514737011738735,0.9148526298826126,0.9148526298826126,False,,,,,,,officehome,3,DANN,PCA64,32.0,0.9056087732315063,0.9056087732315063,0.5364891290664673,0.5625,splits_officehome_DANN_3_0_b09dc755c62e.npz,b09dc755c62e,False,False,,,,,,,0.9148526298826126,all_pca,PCA64,IW overlap critic | W=2 | seed=0 (plug-in),True,
iw_overlap_critic,2.0,0.0,731.0,898.0,184.0,227.0,0.9130434782608696,0.0,1.0,54.598148345947266,0.5,0.5,0.48006772994995117,0.24999967217445374,,,,,0.08694171330118482,0.0,184.0,0.0,227.0,0.0,ok,plugin,False,,183.94291584653143,183.9969753165282,1.012614403384388,0.9996708464020668,1.0067489107095131,,0.0,0.08694171330118482,0.9130582866988152,0.9130582866988152,False,,,,,,,officehome,1,CDANN,PCA64,4.0,0.9138167500495911,0.9138167500495911,0.730512261390686,0.7488986253738403,splits_officehome_CDANN_1_0_b09dc755c62e.npz,b09dc755c62e,False,False,,,,,,,0.9130582866988152,all_pca,PCA64,IW overlap critic | W=2 | seed=0 (plug-in),True,
iw_overlap_critic,2.0,0.0,731.0,893.0,184.0,226.0,0.8913043478260869,0.0,1.0,1.159893274307251,0.5,0.5,0.5659534931182861,0.24251651763916016,218.0,13.0,109.0,8.0,0.12760004980626624,0.03982300884955752,181.0,3.0,217.0,9.0,ok,plugin,False,,166.97001138767567,162.36243216594684,1.7575031635748843,0.8728387001759584,1.5069678720962618,1.0,0.03982300884955752,0.16742305865582377,0.8325769413441763,0.8325769413441763,False,45.0,9.0,0.09601527452468872,0.9039847254753113,1.0,"[{'epoch': 0, 'best_score': 0.04088360071182251}, {'epoch': 1, 'best_score': 0.04088360071182251}, {'epoch': 2, 'best_score': 0.04088360071182251}, {'epoch': 3, 'best_score': 0.04088360071182251}, {'epoch': 4, 'best_score': 0.04088360071182251}, {'epoch': 5, 'best_score': 0.04088360071182251}, {'epoch': 6, 'best_score': 0.04088360071182251}, {'epoch': 7, 'best_score': 0.04088360071182251}, {'epoch': 8, 'best_score': 0.04088360071182251}, {'epoch': 9, 'best_score': 0.04088360071182251}, {'epoch': 10, 'best_score': 0.047090888023376465}, {'epoch': 11, 'best_score': 0.047090888023376465}, {'epoch': 12, 'best_score': 0.047090888023376465}, {'epoch': 13, 'best_score': 0.05518543720245361}, {'epoch': 14, 'best_score': 0.05518543720245361}, {'epoch': 15, 'best_score': 0.05518543720245361}, {'epoch': 16, 'best_score': 0.05518543720245361}, {'epoch': 17, 'best_score': 0.05518543720245361}, {'epoch': 18, 'best_score': 0.05799984931945801}, {'epoch': 19, 'best_score': 0.05799984931945801}, {'epoch': 20, 'best_score': 0.05799984931945801}, {'epoch': 21, 'best_score': 0.05799984931945801}, {'epoch': 22, 'best_score': 0.05799984931945801}, {'epoch': 23, 'best_score': 0.05799984931945801}, {'epoch': 24, 'best_score': 0.05799984931945801}, {'epoch': 25, 'best_score': 0.05799984931945801}, {'epoch': 26, 'best_score': 0.05799984931945801}, {'epoch': 27, 'best_score': 0.05799984931945801}, {'epoch': 28, 'best_score': 0.07235008478164673}, {'epoch': 29, 'best_score': 0.07235008478164673}, {'epoch': 30, 'best_score': 0.07235008478164673}, {'epoch': 31, 'best_score': 0.07235008478164673}, {'epoch': 32, 'best_score': 0.07235008478164673}, {'epoch': 33, 'best_score': 0.07235008478164673}, {'epoch': 34, 'best_score': 0.0876774787902832}, {'epoch': 35, 'best_score': 0.0876774787902832}, {'epoch': 36, 'best_score': 0.0876774787902832}, {'epoch': 37, 'best_score': 0.0876774787902832}, {'epoch': 38, 'best_score': 0.09115272760391235}, {'epoch': 39, 'best_score': 0.09115272760391235}, {'epoch': 40, 'best_score': 0.09115272760391235}, {'epoch': 41, 'best_score': 0.09115272760391235}, {'epoch': 42, 'best_score': 0.09115272760391235}, {'epoch': 43, 'best_score': 0.09115272760391235}, {'epoch': 44, 'best_score': 0.09115272760391235}, {'epoch': 45, 'best_score': 0.09601527452468872}, {'epoch': 46, 'best_score': 0.09601527452468872}, {'epoch': 47, 'best_score': 0.09601527452468872}, {'epoch': 48, 'best_score': 0.09601527452468872}, {'epoch': 49, 'best_score': 0.09601527452468872}]",officehome,2,CDANN,PCA64,4.0,0.9015048146247864,0.9015048146247864,0.4501679837703705,0.45132744312286377,splits_officehome_CDANN_2_0_b09dc755c62e.npz,b09dc755c62e,False,False,,,,,,,0.8325769413441763,all_pca,PCA64,IW overlap critic | W=2 | seed=0 (plug-in),True,
iw_overlap_critic,2.0,0.0,731.0,507.0,184.0,128.0,0.9130434782608696,0.0,1.0,0.5319669842720032,0.5,0.5,0.6693150997161865,0.20426291227340698,190.0,52.0,96.0,24.0,0.04958717781212625,0.3046875,161.0,23.0,89.0,39.0,ok,plugin,False,,103.95400608125016,118.49444880435817,1.872187877251033,0.5830107299449926,1.4052013719743786,1.0,0.3046875,0.35427467781212624,0.6457253221878738,0.6457253221878738,False,31.0,0.0,0.10969382524490356,0.8903061747550964,1.0,"[{'epoch': 0, 'best_score': 0.04874229431152344}, {'epoch': 1, 'best_score': 0.04874229431152344}, {'epoch': 2, 'best_score': 0.04874229431152344}, {'epoch': 3, 'best_score': 0.04874229431152344}, {'epoch': 4, 'best_score': 0.04874229431152344}, {'epoch': 5, 'best_score': 0.06524008512496948}, {'epoch': 6, 'best_score': 0.06524008512496948}, {'epoch': 7, 'best_score': 0.06524008512496948}, {'epoch': 8, 'best_score': 0.06524008512496948}, {'epoch': 9, 'best_score': 0.06524008512496948}, {'epoch': 10, 'best_score': 0.06524008512496948}, {'epoch': 11, 'best_score': 0.06524008512496948}, {'epoch': 12, 'best_score': 0.07794475555419922}, {'epoch': 13, 'best_score': 0.07794475555419922}, {'epoch': 14, 'best_score': 0.07794475555419922}, {'epoch': 15, 'best_score': 0.07794475555419922}, {'epoch': 16, 'best_score': 0.07794475555419922}, {'epoch': 17, 'best_score': 0.09318369626998901}, {'epoch': 18, 'best_score': 0.09318369626998901}, {'epoch': 19, 'best_score': 0.09318369626998901}, {'epoch': 20, 'best_score': 0.09318369626998901}, {'epoch': 21, 'best_score': 0.09234607219696045}, {'epoch': 22, 'best_score': 0.09234607219696045}, {'epoch': 23, 'best_score': 0.09234607219696045}, {'epoch': 24, 'best_score': 0.09234607219696045}, {'epoch': 25, 'best_score': 0.09234607219696045}, {'epoch': 26, 'best_score': 0.09234607219696045}, {'epoch': 27, 'best_score': 0.09234607219696045}, {'epoch': 28, 'best_score': 0.09234607219696045}, {'epoch': 29, 'best_score': 0.09234607219696045}, {'epoch': 30, 'best_score': 0.09234607219696045}, {'epoch': 31, 'best_score': 0.10969382524490356}, {'epoch': 32, 'best_score': 0.10969382524490356}, {'epoch': 33, 'best_score': 0.10969382524490356}, {'epoch': 34, 'best_score': 0.10969382524490356}, {'epoch': 35, 'best_score': 0.10969382524490356}, {'epoch': 36, 'best_score': 0.10969382524490356}, {'epoch': 37, 'best_score': 0.10969382524490356}, {'epoch': 38, 'best_score': 0.10969382524490356}, {'epoch': 39, 'best_score': 0.10969382524490356}, {'epoch': 40, 'best_score': 0.10969382524490356}, {'epoch': 41, 'best_score': 0.10969382524490356}, {'epoch': 42, 'best_score': 0.10969382524490356}, {'epoch': 43, 'best_score': 0.10969382524490356}, {'epoch': 44, 'best_score': 0.10969382524490356}, {'epoch': 45, 'best_score': 0.10969382524490356}, {'epoch': 46, 'best_score': 0.10969382524490356}, {'epoch': 47, 'best_score': 0.10969382524490356}, {'epoch': 48, 'best_score': 0.10969382524490356}, {'epoch': 49, 'best_score': 0.10969382524490356}]",officehome,3,CDANN,PCA64,4.0,0.9138167500495911,0.9138167500495911,0.5364891290664673,0.5546875,splits_officehome_CDANN_3_0_b09dc755c62e.npz,b09dc755c62e,False,False,,,,,,,0.6457253221878738,all_pca,PCA64,IW overlap critic | W=2 | seed=0 (plug-in),True,
iw_overlap_critic,2.0,0.0,24387.0,11083.0,6098.0,2773.0,0.9996720236142997,0.0,1.0,1.1050329208374023,0.5,0.5,0.6452946662902832,0.22184011340141296,6699.0,787.0,3354.0,411.0,0.0001571409733474017,0.2434186801298233,5556.0,542.0,2098.0,675.0,ok,plugin,False,,4454.035981573488,4321.945703982173,1.9996321461825917,0.7269963424411194,1.6323274941603436,0.8429629629629629,0.20519293184276954,0.20535007281611695,0.794649927183883,0.794649927183883,False,49.0,3.0,0.5023688077926636,0.3443465530872345,0.8467153310775757,"[{'epoch': 0, 'best_score': 0.06446593999862671}, {'epoch': 1, 'best_score': 0.07627743482589722}, {'epoch': 2, 'best_score': 0.09827214479446411}, {'epoch': 3, 'best_score': 0.10844796895980835}, {'epoch': 4, 'best_score': 0.11798661947250366}, {'epoch': 5, 'best_score': 0.13804304599761963}, {'epoch': 6, 'best_score': 0.14788532257080078}, {'epoch': 7, 'best_score': 0.15572476387023926}, {'epoch': 8, 'best_score': 0.16888010501861572}, {'epoch': 9, 'best_score': 0.1708441972732544}, {'epoch': 10, 'best_score': 0.18257790803909302}, {'epoch': 11, 'best_score': 0.19157201051712036}, {'epoch': 12, 'best_score': 0.20021533966064453}, {'epoch': 13, 'best_score': 0.2132014036178589}, {'epoch': 14, 'best_score': 0.22232729196548462}, {'epoch': 15, 'best_score': 0.22905254364013672}, {'epoch': 16, 'best_score': 0.24372023344039917}, {'epoch': 17, 'best_score': 0.247572660446167}, {'epoch': 18, 'best_score': 0.2580934762954712}, {'epoch': 19, 'best_score': 0.2646905779838562}, {'epoch': 20, 'best_score': 0.26904207468032837}, {'epoch': 21, 'best_score': 0.27635276317596436}, {'epoch': 22, 'best_score': 0.28760331869125366}, {'epoch': 23, 'best_score': 0.3025304675102234}, {'epoch': 24, 'best_score': 0.30986785888671875}, {'epoch': 25, 'best_score': 0.32462847232818604}, {'epoch': 26, 'best_score': 0.3379746675491333}, {'epoch': 27, 'best_score': 0.36043429374694824}, {'epoch': 28, 'best_score': 0.3741941452026367}, {'epoch': 29, 'best_score': 0.3880237936973572}, {'epoch': 30, 'best_score': 0.4009528160095215}, {'epoch': 31, 'best_score': 0.4136783480644226}, {'epoch': 32, 'best_score': 0.4204345643520355}, {'epoch': 33, 'best_score': 0.4340066611766815}, {'epoch': 34, 'best_score': 0.4407331347465515}, {'epoch': 35, 'best_score': 0.44087114930152893}, {'epoch': 36, 'best_score': 0.44350406527519226}, {'epoch': 37, 'best_score': 0.44612598419189453}, {'epoch': 38, 'best_score': 0.4470079839229584}, {'epoch': 39, 'best_score': 0.4479995667934418}, {'epoch': 40, 'best_score': 0.44628119468688965}, {'epoch': 41, 'best_score': 0.45239362120628357}, {'epoch': 42, 'best_score': 0.4612620770931244}, {'epoch': 43, 'best_score': 0.47427868843078613}, {'epoch': 44, 'best_score': 0.48720434308052063}, {'epoch': 45, 'best_score': 0.48625266551971436}, {'epoch': 46, 'best_score': 0.4903292655944824}, {'epoch': 47, 'best_score': 0.48697659373283386}, {'epoch': 48, 'best_score': 0.494752436876297}, {'epoch': 49, 'best_score': 0.5023688077926636}]",visda,1,DANN,PCA64,32.0,0.9995489120483398,0.9995489120483398,0.6463051438331604,0.6473133563995361,splits_visda_DANN_1_0_b09dc755c62e.npz,b09dc755c62e,False,False,,,,,,,0.794649927183883,all_pca,PCA64,IW overlap critic | W=2 | seed=0 (plug-in),True,
iw_overlap_critic,2.0,0.0,24387.0,14480.0,6098.0,3620.0,0.9998360118071499,0.0,1.0,1.0648400783538818,0.5,0.5,0.6437770128250122,0.22209472954273224,6694.0,1117.0,3377.0,546.0,6.173339187906178e-05,0.25027624309392266,5599.0,499.0,2714.0,906.0,ok,plugin,False,,4523.207566359672,4335.930373082524,1.9998273324058415,0.7258907811877808,1.6851475080434077,0.7836644591611479,0.19613259668508287,0.19619433007696194,0.803805669923038,0.803805669923038,False,49.0,12.0,0.506589412689209,0.3102603852748871,0.8168498277664185,"[{'epoch': 0, 'best_score': 0.035900235176086426}, {'epoch': 1, 'best_score': 0.036450207233428955}, {'epoch': 2, 'best_score': 0.03658020496368408}, {'epoch': 3, 'best_score': 0.03972482681274414}, {'epoch': 4, 'best_score': 0.06175971031188965}, {'epoch': 5, 'best_score': 0.08370316028594971}, {'epoch': 6, 'best_score': 0.11641782522201538}, {'epoch': 7, 'best_score': 0.13146692514419556}, {'epoch': 8, 'best_score': 0.1571142077445984}, {'epoch': 9, 'best_score': 0.16426146030426025}, {'epoch': 10, 'best_score': 0.1526048183441162}, {'epoch': 11, 'best_score': 0.15234696865081787}, {'epoch': 12, 'best_score': 0.15655934810638428}, {'epoch': 13, 'best_score': 0.1569569706916809}, {'epoch': 14, 'best_score': 0.15598297119140625}, {'epoch': 15, 'best_score': 0.15367567539215088}, {'epoch': 16, 'best_score': 0.15976417064666748}, {'epoch': 17, 'best_score': 0.15650808811187744}, {'epoch': 18, 'best_score': 0.1631838083267212}, {'epoch': 19, 'best_score': 0.188928484916687}, {'epoch': 20, 'best_score': 0.20488601922988892}, {'epoch': 21, 'best_score': 0.21739232540130615}, {'epoch': 22, 'best_score': 0.23161780834197998}, {'epoch': 23, 'best_score': 0.24842387437820435}, {'epoch': 24, 'best_score': 0.2569355368614197}, {'epoch': 25, 'best_score': 0.26623982191085815}, {'epoch': 26, 'best_score': 0.28039824962615967}, {'epoch': 27, 'best_score': 0.30318164825439453}, {'epoch': 28, 'best_score': 0.317099392414093}, {'epoch': 29, 'best_score': 0.3318150043487549}, {'epoch': 30, 'best_score': 0.33870816230773926}, {'epoch': 31, 'best_score': 0.35992616415023804}, {'epoch': 32, 'best_score': 0.3721429407596588}, {'epoch': 33, 'best_score': 0.3804224133491516}, {'epoch': 34, 'best_score': 0.3946288824081421}, {'epoch': 35, 'best_score': 0.40456557273864746}, {'epoch': 36, 'best_score': 0.41609296202659607}, {'epoch': 37, 'best_score': 0.42062845826148987}, {'epoch': 38, 'best_score': 0.42688947916030884}, {'epoch': 39, 'best_score': 0.4405507743358612}, {'epoch': 40, 'best_score': 0.4466222822666168}, {'epoch': 41, 'best_score': 0.457264244556427}, {'epoch': 42, 'best_score': 0.46906378865242004}, {'epoch': 43, 'best_score': 0.47601261734962463}, {'epoch': 44, 'best_score': 0.4783822298049927}, {'epoch': 45, 'best_score': 0.4902554154396057}, {'epoch': 46, 'best_score': 0.4930664896965027}, {'epoch': 47, 'best_score': 0.5052586793899536}, {'epoch': 48, 'best_score': 0.5054014921188354}, {'epoch': 49, 'best_score': 0.506589412689209}]",visda,2,DANN,PCA64,32.0,0.9997539520263672,0.9997539520263672,0.6546961069107056,0.6544198393821716,splits_visda_DANN_2_0_b09dc755c62e.npz,b09dc755c62e,False,False,,,,,,,0.803805669923038,all_pca,PCA64,IW overlap critic | W=2 | seed=0 (plug-in),True,
iw_overlap_critic,2.0,0.0,24387.0,11083.0,6098.0,2773.0,0.9993440472285995,0.0,1.0,0.898655891418457,0.5,0.5,0.5671564340591431,0.24135282635688782,7239.0,10.0,3626.0,4.0,0.000637031261306502,0.002163721601153985,6044.0,54.0,2767.0,6.0,ok,plugin,False,,6031.264923522562,5308.590401723827,1.9998214273450186,1.0048786057637433,1.6237515936602833,1.0,0.002163721601153985,0.002800752862460487,0.9971992471375395,0.9971992471375395,False,49.0,22.0,0.3237863779067993,0.6762136220932007,1.0,"[{'epoch': 0, 'best_score': 0.21264463663101196}, {'epoch': 1, 'best_score': 0.20826470851898193}, {'epoch': 2, 'best_score': 0.20745259523391724}, {'epoch': 3, 'best_score': 0.20044362545013428}, {'epoch': 4, 'best_score': 0.19676965475082397}, {'epoch': 5, 'best_score': 0.19283348321914673}, {'epoch': 6, 'best_score': 0.1933809518814087}, {'epoch': 7, 'best_score': 0.1938084363937378}, {'epoch': 8, 'best_score': 0.19903308153152466}, {'epoch': 9, 'best_score': 0.20140886306762695}, {'epoch': 10, 'best_score': 0.20428979396820068}, {'epoch': 11, 'best_score': 0.21491873264312744}, {'epoch': 12, 'best_score': 0.22313952445983887}, {'epoch': 13, 'best_score': 0.23441535234451294}, {'epoch': 14, 'best_score': 0.24566173553466797}, {'epoch': 15, 'best_score': 0.2578310966491699}, {'epoch': 16, 'best_score': 0.2644081115722656}, {'epoch': 17, 'best_score': 0.2757948040962219}, {'epoch': 18, 'best_score': 0.28309762477874756}, {'epoch': 19, 'best_score': 0.2869518995285034}, {'epoch': 20, 'best_score': 0.29135411977767944}, {'epoch': 21, 'best_score': 0.2961887717247009}, {'epoch': 22, 'best_score': 0.29817306995391846}, {'epoch': 23, 'best_score': 0.3005223870277405}, {'epoch': 24, 'best_score': 0.30327141284942627}, {'epoch': 25, 'best_score': 0.300658643245697}, {'epoch': 26, 'best_score': 0.30007946491241455}, {'epoch': 27, 'best_score': 0.29887425899505615}, {'epoch': 28, 'best_score': 0.2975583076477051}, {'epoch': 29, 'best_score': 0.29717719554901123}, {'epoch': 30, 'best_score': 0.29530394077301025}, {'epoch': 31, 'best_score': 0.2936548590660095}, {'epoch': 32, 'best_score': 0.29585808515548706}, {'epoch': 33, 'best_score': 0.29758137464523315}, {'epoch': 34, 'best_score': 0.2973290681838989}, {'epoch': 35, 'best_score': 0.3002881407737732}, {'epoch': 36, 'best_score': 0.3025978207588196}, {'epoch': 37, 'best_score': 0.30544400215148926}, {'epoch': 38, 'best_score': 0.30895930528640747}, {'epoch': 39, 'best_score': 0.31167376041412354}, {'epoch': 40, 'best_score': 0.31384140253067017}, {'epoch': 41, 'best_score': 0.3144248127937317}, {'epoch': 42, 'best_score': 0.3178209066390991}, {'epoch': 43, 'best_score': 0.3202439546585083}, {'epoch': 44, 'best_score': 0.31980210542678833}, {'epoch': 45, 'best_score': 0.31848353147506714}, {'epoch': 46, 'best_score': 0.32122039794921875}, {'epoch': 47, 'best_score': 0.32149070501327515}, {'epoch': 48, 'best_score': 0.32019364833831787}, {'epoch': 49, 'best_score': 0.3237863779067993}]",visda,1,CDANN,PCA64,4.0,0.9990978837013245,0.9990978837013245,0.6784264445304871,0.6693112254142761,splits_visda_CDANN_1_0_b09dc755c62e.npz,b09dc755c62e,False,False,,,,,,,0.9971992471375395,all_pca,PCA64,IW overlap critic | W=2 | seed=0 (plug-in),True,
iw_overlap_critic,2.0,0.0,24387.0,14480.0,6098.0,3620.0,0.9995080354214496,0.0,1.0,1.015189528465271,0.5,0.5,0.584722638130188,0.2427113950252533,7316.0,13.0,3656.0,4.0,0.0004944671874052444,0.0013812154696132596,6094.0,4.0,3615.0,5.0,ok,plugin,False,,6099.281012144831,5474.054267960349,1.9947060482125578,0.9631262259398372,1.588388431314443,1.0,0.0013812154696132596,0.0018756826570185039,0.9981243173429815,0.9981243173429815,False,19.0,24.0,0.2513728141784668,0.7486271858215332,1.0,"[{'epoch': 0, 'best_score': 0.15564727783203125}, {'epoch': 1, 'best_score': 0.15561389923095703}, {'epoch': 2, 'best_score': 0.1553521752357483}, {'epoch': 3, 'best_score': 0.1541348695755005}, {'epoch': 4, 'best_score': 0.15292012691497803}, {'epoch': 5, 'best_score': 0.1648097038269043}, {'epoch': 6, 'best_score': 0.18479037284851074}, {'epoch': 7, 'best_score': 0.199884295463562}, {'epoch': 8, 'best_score': 0.21384823322296143}, {'epoch': 9, 'best_score': 0.2232416868209839}, {'epoch': 10, 'best_score': 0.23018014430999756}, {'epoch': 11, 'best_score': 0.23593348264694214}, {'epoch': 12, 'best_score': 0.24139606952667236}, {'epoch': 13, 'best_score': 0.2443498969078064}, {'epoch': 14, 'best_score': 0.24677962064743042}, {'epoch': 15, 'best_score': 0.24881434440612793}, {'epoch': 16, 'best_score': 0.25007104873657227}, {'epoch': 17, 'best_score': 0.2485402226448059}, {'epoch': 18, 'best_score': 0.24945908784866333}, {'epoch': 19, 'best_score': 0.2513728141784668}, {'epoch': 20, 'best_score': 0.25001341104507446}, {'epoch': 21, 'best_score': 0.24524784088134766}, {'epoch': 22, 'best_score': 0.2404746413230896}, {'epoch': 23, 'best_score': 0.2356274127960205}, {'epoch': 24, 'best_score': 0.23291939496994019}, {'epoch': 25, 'best_score': 0.2297082543373108}, {'epoch': 26, 'best_score': 0.2287631630897522}, {'epoch': 27, 'best_score': 0.22543883323669434}, {'epoch': 28, 'best_score': 0.22306543588638306}, {'epoch': 29, 'best_score': 0.21986520290374756}, {'epoch': 30, 'best_score': 0.21404331922531128}, {'epoch': 31, 'best_score': 0.20841169357299805}, {'epoch': 32, 'best_score': 0.19848042726516724}, {'epoch': 33, 'best_score': 0.18823426961898804}, {'epoch': 34, 'best_score': 0.18167078495025635}, {'epoch': 35, 'best_score': 0.17620551586151123}, {'epoch': 36, 'best_score': 0.17600059509277344}, {'epoch': 37, 'best_score': 0.1818886399269104}, {'epoch': 38, 'best_score': 0.1844635009765625}, {'epoch': 39, 'best_score': 0.1860448718070984}, {'epoch': 40, 'best_score': 0.1877235770225525}, {'epoch': 41, 'best_score': 0.18780630826950073}, {'epoch': 42, 'best_score': 0.18798446655273438}, {'epoch': 43, 'best_score': 0.18767505884170532}, {'epoch': 44, 'best_score': 0.18750840425491333}, {'epoch': 45, 'best_score': 0.18714439868927002}, {'epoch': 46, 'best_score': 0.20050829648971558}, {'epoch': 47, 'best_score': 0.21005576848983765}, {'epoch': 48, 'best_score': 0.2187313437461853}, {'epoch': 49, 'best_score': 0.2291586995124817}]",visda,2,CDANN,PCA64,4.0,0.9995899200439453,0.9995899200439453,0.7107734680175781,0.7140883803367615,splits_visda_CDANN_2_0_b09dc755c62e.npz,b09dc755c62e,False,False,,,,,,,0.9981243173429815,all_pca,PCA64,IW overlap critic | W=2 | seed=0 (plug-in),True,
iw_overlap_critic,2.0,0.0,6500.0,33009.0,1625.0,8255.0,0.904,0.0,1.0,1.0002415180206299,0.5,0.5,0.5261538624763489,0.24911938607692719,,,,,0.1020614479824793,0.0,1625.0,0.0,8255.0,0.0,ok,plugin,False,,1629.653002946045,1603.7784765973506,1.3368455958472198,1.007758693502864,1.1794554323886064,,0.0,0.1020614479824793,0.8979385520175207,0.8979385520175207,False,,,,,,,entity13,1,DANN,PCA128,4.0,0.905846118927002,0.905846118927002,0.7318307161331177,0.7345851063728333,splits_entity13_DANN_1_0_b09dc755c62e.npz,b09dc755c62e,False,False,,,,,,,0.8979385520175207,all_pca,PCA128,IW overlap critic | W=2 | seed=0 (plug-in),True,
iw_overlap_critic,2.0,0.0,6500.0,260.0,1625.0,65.0,0.9101538461538462,0.0,1.0,1.7742382287979126,0.5,0.5,0.5507692098617554,0.2487063705921173,,,,,0.09617915881122664,0.0,1625.0,0.0,65.0,0.0,ok,plugin,False,,1618.3502436743074,1595.0596068118211,1.5562486289175768,0.9940743249404251,1.2178340891359956,,0.0,0.09617915881122664,0.9038208411887734,0.9038208411887734,False,,,,,,,entity13,2,DANN,PCA128,4.0,0.9129230380058289,0.9129230380058289,0.8615384697914124,0.8461538553237915,splits_entity13_DANN_2_0_b09dc755c62e.npz,b09dc755c62e,False,False,,,,,,,0.9038208411887734,all_pca,PCA128,IW overlap critic | W=2 | seed=0 (plug-in),True,
iw_overlap_critic,2.0,0.0,6500.0,260.0,1625.0,65.0,0.9027692307692308,0.0,1.0,0.9099181294441223,0.5,0.5,0.5869231224060059,0.23467762768268585,1845.0,4.0,916.0,2.0,0.10142709814160153,0.06153846153846154,1533.0,92.0,61.0,4.0,ok,plugin,False,,1469.9739751938619,1293.4384069182681,1.9976454565292308,0.9030365886445099,1.7356177359161784,0.75,0.046153846153846156,0.14758094429544769,0.8524190557045523,0.8524190557045523,False,45.0,6.0,0.2340741753578186,0.7659258246421814,1.0,"[{'epoch': 0, 'best_score': 0.20207488536834717}, {'epoch': 1, 'best_score': 0.20440673828125}, {'epoch': 2, 'best_score': 0.20440673828125}, {'epoch': 3, 'best_score': 0.2074252963066101}, {'epoch': 4, 'best_score': 0.2074252963066101}, {'epoch': 5, 'best_score': 0.2074252963066101}, {'epoch': 6, 'best_score': 0.21029722690582275}, {'epoch': 7, 'best_score': 0.20883184671401978}, {'epoch': 8, 'best_score': 0.20883184671401978}, {'epoch': 9, 'best_score': 0.2125224471092224}, {'epoch': 10, 'best_score': 0.214397132396698}, {'epoch': 11, 'best_score': 0.21250897645950317}, {'epoch': 12, 'best_score': 0.2147194743156433}, {'epoch': 13, 'best_score': 0.21755152940750122}, {'epoch': 14, 'best_score': 0.21755152940750122}, {'epoch': 15, 'best_score': 0.21859335899353027}, {'epoch': 16, 'best_score': 0.21859335899353027}, {'epoch': 17, 'best_score': 0.21943944692611694}, {'epoch': 18, 'best_score': 0.2223283052444458}, {'epoch': 19, 'best_score': 0.2223283052444458}, {'epoch': 20, 'best_score': 0.22348511219024658}, {'epoch': 21, 'best_score': 0.2249186635017395}, {'epoch': 22, 'best_score': 0.2249186635017395}, {'epoch': 23, 'best_score': 0.22298812866210938}, {'epoch': 24, 'best_score': 0.2244359254837036}, {'epoch': 25, 'best_score': 0.2244359254837036}, {'epoch': 26, 'best_score': 0.22903209924697876}, {'epoch': 27, 'best_score': 0.22903209924697876}, {'epoch': 28, 'best_score': 0.22903209924697876}, {'epoch': 29, 'best_score': 0.22903209924697876}, {'epoch': 30, 'best_score': 0.23052096366882324}, {'epoch': 31, 'best_score': 0.22921061515808105}, {'epoch': 32, 'best_score': 0.22765129804611206}, {'epoch': 33, 'best_score': 0.22765129804611206}, {'epoch': 34, 'best_score': 0.22821038961410522}, {'epoch': 35, 'best_score': 0.22821038961410522}, {'epoch': 36, 'best_score': 0.22821038961410522}, {'epoch': 37, 'best_score': 0.22821038961410522}, {'epoch': 38, 'best_score': 0.22821038961410522}, {'epoch': 39, 'best_score': 0.22821038961410522}, {'epoch': 40, 'best_score': 0.22821038961410522}, {'epoch': 41, 'best_score': 0.2310824990272522}, {'epoch': 42, 'best_score': 0.2310824990272522}, {'epoch': 43, 'best_score': 0.23278647661209106}, {'epoch': 44, 'best_score': 0.23278647661209106}, {'epoch': 45, 'best_score': 0.2340741753578186}, {'epoch': 46, 'best_score': 0.2340741753578186}, {'epoch': 47, 'best_score': 0.2340741753578186}, {'epoch': 48, 'best_score': 0.2340741753578186}, {'epoch': 49, 'best_score': 0.2340741753578186}]",entity13,3,DANN,PCA128,4.0,0.907076895236969,0.907076895236969,0.6653845906257629,0.5538461804389954,splits_entity13_DANN_3_0_b09dc755c62e.npz,b09dc755c62e,False,False,,,,,,,0.8524190557045523,all_pca,PCA128,IW overlap critic | W=2 | seed=0 (plug-in),True,
iw_overlap_critic,2.0,0.0,6500.0,33009.0,1625.0,8255.0,0.9132307692307693,0.0,1.0,54.598148345947266,0.5,0.5,0.4826223850250244,0.25000327825546265,,,,,0.08673825360351638,0.0,1625.0,0.0,8255.0,0.0,ok,plugin,False,,1624.8091793992312,1624.9966886302996,1.0041316693110356,0.999862668944216,1.002218930082815,,0.0,0.08673825360351638,0.9132617463964836,0.9132617463964836,False,,,,,,,entity13,1,CDANN,PCA128,2.0,0.9096922874450684,0.9096922874450684,0.7354357838630676,0.7372501492500305,splits_entity13_CDANN_1_0_b09dc755c62e.npz,b09dc755c62e,False,False,,,,,,,0.9132617463964836,all_pca,PCA128,IW overlap critic | W=2 | seed=0 (plug-in),True,
iw_overlap_critic,2.0,0.0,6500.0,260.0,1625.0,65.0,0.9058461538461539,0.0,1.0,54.598148345947266,0.5,0.5,0.431538462638855,0.25006410479545593,,,,,0.09410790029445794,0.0,1625.0,0.0,65.0,0.0,ok,plugin,False,,1624.7928567540553,1624.9930658527478,1.0081001285835371,0.9993251249533899,1.0038516191047564,,0.0,0.09410790029445794,0.9058920997055421,0.9058920997055421,False,,,,,,,entity13,2,CDANN,PCA128,2.0,0.9081538319587708,0.9081538319587708,0.8423076868057251,0.8769230842590332,splits_entity13_CDANN_2_0_b09dc755c62e.npz,b09dc755c62e,False,False,,,,,,,0.9058920997055421,all_pca,PCA128,IW overlap critic | W=2 | seed=0 (plug-in),True,
iw_overlap_critic,2.0,0.0,6500.0,260.0,1625.0,65.0,0.9015384615384615,0.0,1.0,54.598148345947266,0.5,0.5,0.46000000834465027,0.2500145435333252,,,,,0.09843764574426198,0.0,1625.0,0.0,65.0,0.0,ok,plugin,False,,1624.8497243898194,1624.9984670490333,1.0040471020914072,0.9996792950429323,1.0017754632272984,,0.0,0.09843764574426198,0.901562354255738,0.901562354255738,False,,,,,,,entity13,3,CDANN,PCA128,2.0,0.9061538577079773,0.9061538577079773,0.6653845906257629,0.5692307949066162,splits_entity13_CDANN_3_0_b09dc755c62e.npz,b09dc755c62e,False,False,,,,,,,0.901562354255738,all_pca,PCA128,IW overlap critic | W=2 | seed=0 (plug-in),True,
iw_overlap_critic,2.0,0.0,6000.0,30828.0,1500.0,7709.0,0.8426666666666667,0.0,1.0,2.1854004859924316,0.5,0.5,0.513685941696167,0.24984881281852722,,,,,0.15861678133505971,0.0,1500.0,0.0,7709.0,0.0,ok,plugin,False,,1495.6354625364415,1495.7100106248408,1.13602034913624,1.0006332527185928,1.0775509263971013,,0.0,0.15861678133505971,0.8413832186649403,0.8413832186649403,False,,,,,,,entity30,1,DANN,PCA128,4.0,0.8550000190734863,0.8550000190734863,0.6190800070762634,0.6236866116523743,splits_entity30_DANN_1_0_b09dc755c62e.npz,b09dc755c62e,False,False,,,,,,,0.8413832186649403,all_pca,PCA128,IW overlap critic | W=2 | seed=0 (plug-in),True,
iw_overlap_critic,2.0,0.0,6000.0,240.0,1500.0,60.0,0.8606666666666667,0.0,1.0,54.598148345947266,0.5,0.5,0.4491666853427887,0.2501138150691986,,,,,0.13920980252986104,0.0,1500.0,0.0,60.0,0.0,ok,plugin,False,,1499.5347372240822,1499.9820282240962,1.0072316732625881,0.9997299409020883,1.0050617673980855,,0.0,0.13920980252986104,0.860790197470139,0.860790197470139,False,,,,,,,entity30,2,DANN,PCA128,4.0,0.8646666407585144,0.8646666407585144,0.7875000238418579,0.7500000596046448,splits_entity30_DANN_2_0_b09dc755c62e.npz,b09dc755c62e,False,False,,,,,,,0.860790197470139,all_pca,PCA128,IW overlap critic | W=2 | seed=0 (plug-in),True,
iw_overlap_critic,2.0,0.0,6000.0,240.0,1500.0,60.0,0.8553333333333333,0.0,1.0,1.6519205570220947,0.5,0.5,0.4891666769981384,0.24564804136753082,,,,,0.1424350002446711,0.0,1500.0,0.0,60.0,0.0,ok,plugin,False,,1457.0231277088642,1377.573698050195,1.8680364248746641,0.9338714229648318,1.5155672039365553,,0.0,0.1424350002446711,0.857564999755329,0.857564999755329,False,,,,,,,entity30,3,DANN,PCA128,4.0,0.8636666536331177,0.8636666536331177,0.5708333849906921,0.6666666865348816,splits_entity30_DANN_3_0_b09dc755c62e.npz,b09dc755c62e,False,False,,,,,,,0.857564999755329,all_pca,PCA128,IW overlap critic | W=2 | seed=0 (plug-in),True,
iw_overlap_critic,2.0,0.0,6000.0,30828.0,1500.0,7709.0,0.856,0.0,1.0,1.0,0.5,0.5,0.508439302444458,0.24986404180526733,,,,,0.14173062345909263,0.0,1500.0,0.0,7709.0,0.0,ok,plugin,False,,1493.2237108494348,1496.3249734174206,1.1457845093211514,0.9871266295636858,1.0838313495956282,,0.0,0.14173062345909263,0.8582693765409074,0.8582693765409074,False,,,,,,,entity30,1,CDANN,PCA128,2.0,0.8611666560173035,0.8611666560173035,0.627903163433075,0.6345829367637634,splits_entity30_CDANN_1_0_b09dc755c62e.npz,b09dc755c62e,False,False,,,,,,,0.8582693765409074,all_pca,PCA128,IW overlap critic | W=2 | seed=0 (plug-in),True,
iw_overlap_critic,2.0,0.0,6000.0,240.0,1500.0,60.0,0.862,0.0,1.0,54.598148345947266,0.5,0.5,0.4308333396911621,0.25015679001808167,,,,,0.13789180700634457,0.0,1500.0,0.0,60.0,0.0,ok,plugin,False,,1499.6894018968096,1499.9825909390204,1.010287051141523,0.9992388919787834,1.0059116907380055,,0.0,0.13789180700634457,0.8621081929936554,0.8621081929936554,False,,,,,,,entity30,2,CDANN,PCA128,2.0,0.8646666407585144,0.8646666407585144,0.8125000596046448,0.7500000596046448,splits_entity30_CDANN_2_0_b09dc755c62e.npz,b09dc755c62e,False,False,,,,,,,0.8621081929936554,all_pca,PCA128,IW overlap critic | W=2 | seed=0 (plug-in),True,
iw_overlap_critic,2.0,0.0,6000.0,240.0,1500.0,60.0,0.8453333333333333,0.0,1.0,54.598148345947266,0.5,0.5,0.4358333349227905,0.25021082162857056,,,,,0.1543188581194526,0.0,1500.0,0.0,60.0,0.0,ok,plugin,False,,1498.7417435781783,1499.948772427977,1.0165009310567248,0.9981608088746168,1.0100191216665084,,0.0,0.1543188581194526,0.8456811418805474,0.8456811418805474,False,,,,,,,entity30,3,CDANN,PCA128,2.0,0.8573333024978638,0.8573333024978638,0.5625,0.6166666746139526,splits_entity30_CDANN_3_0_b09dc755c62e.npz,b09dc755c62e,False,False,,,,,,,0.8456811418805474,all_pca,PCA128,IW overlap critic | W=2 | seed=0 (plug-in),True,
iw_overlap_critic,2.0,0.0,10000.0,2000.0,2500.0,500.0,0.9452,0.0,1.0,8.773600578308105,0.5,0.5,0.5010000467300415,0.24996860325336456,,,,,0.055304341732032455,0.0,2500.0,0.0,500.0,0.0,ok,plugin,False,,2494.085351309007,2498.5988629669264,1.0746962175583463,0.9971099833264978,1.0378352883971076,,0.0,0.055304341732032455,0.9446956582679675,0.9446956582679675,False,,,,,,,cifar10,1,DANN,PCA128,4.0,0.9508999586105347,0.9508999586105347,0.8440000414848328,0.8360000252723694,splits_cifar10_DANN_1_0_b09dc755c62e.npz,b09dc755c62e,False,False,,,,,,,0.9446956582679675,all_pca,PCA128,IW overlap critic | W=2 | seed=0 (plug-in),True,
iw_overlap_critic,2.0,0.0,10000.0,2000.0,2500.0,500.0,0.946,0.0,1.0,3.8162033557891846,0.5,0.5,0.4950000047683716,0.24990969896316528,,,,,0.05481815220204602,0.0,2500.0,0.0,500.0,0.0,ok,plugin,False,,2493.690610670148,2496.0553290372086,1.1452098261106611,0.9949934491971946,1.0662846595973205,,0.0,0.05481815220204602,0.945181847797954,0.945181847797954,False,,,,,,,cifar10,10,DANN,PCA128,4.0,0.9477999806404114,0.9477999806404114,0.924500048160553,0.9120000600814819,splits_cifar10_DANN_10_0_b09dc755c62e.npz,b09dc755c62e,False,False,,,,,,,0.945181847797954,all_pca,PCA128,IW overlap critic | W=2 | seed=0 (plug-in),True,
iw_overlap_critic,2.0,0.0,10000.0,2000.0,2500.0,500.0,0.9452,0.0,1.0,1.2220265865325928,0.5,0.5,0.5364999771118164,0.2490946352481842,,,,,0.058370964490673825,0.0,2500.0,0.0,500.0,0.0,ok,plugin,False,,2488.2262462473896,2463.339949256403,1.5045438908095843,0.9827008789755763,1.211277550028137,,0.0,0.058370964490673825,0.9416290355093262,0.9416290355093262,False,,,,,,,cifar10,71,DANN,PCA128,4.0,0.9487999677658081,0.9487999677658081,0.9305000305175781,0.9180000424385071,splits_cifar10_DANN_71_0_b09dc755c62e.npz,b09dc755c62e,False,False,,,,,,,0.9416290355093262,all_pca,PCA128,IW overlap critic | W=2 | seed=0 (plug-in),True,
iw_overlap_critic,2.0,0.0,10000.0,2000.0,2500.0,500.0,0.9528,0.0,1.0,54.598148345947266,0.5,0.5,0.5164999961853027,0.2500000596046448,,,,,0.04722235183991869,0.0,2500.0,0.0,500.0,0.0,ok,plugin,False,,2499.7740394690973,2499.990762295448,1.0060555024102642,0.9997951087323678,1.0031677043420386,,0.0,0.04722235183991869,0.9527776481600813,0.9527776481600813,False,,,,,,,cifar10,95,DANN,PCA128,4.0,0.9515999555587769,0.9515999555587769,0.9390000700950623,0.9360000491142273,splits_cifar10_DANN_95_0_b09dc755c62e.npz,b09dc755c62e,False,False,,,,,,,0.9527776481600813,all_pca,PCA128,IW overlap critic | W=2 | seed=0 (plug-in),True,
iw_overlap_critic,2.0,0.0,10000.0,2000.0,2500.0,500.0,0.9476,0.0,1.0,0.17014363408088684,0.5,0.5,0.5245000123977661,0.24869242310523987,,,,,0.05308069396822106,0.0,2500.0,0.0,500.0,0.0,ok,plugin,False,,2442.0107349066852,2447.5605210825292,1.414253400991676,0.9695991872977334,1.225940680059772,,0.0,0.05308069396822106,0.946919306031779,0.946919306031779,False,,,,,,,cifar10,1,CDANN,PCA128,2.0,0.949999988079071,0.949999988079071,0.846500039100647,0.8440000414848328,splits_cifar10_CDANN_1_0_b09dc755c62e.npz,b09dc755c62e,False,False,,,,,,,0.946919306031779,all_pca,PCA128,IW overlap critic | W=2 | seed=0 (plug-in),True,
iw_overlap_critic,2.0,0.0,10000.0,2000.0,2500.0,500.0,0.9468,0.0,1.0,0.4962989389896393,0.5,0.5,0.5364999771118164,0.24799585342407227,,,,,0.056365012615605996,0.0,2499.0,1.0,500.0,0.0,ok,plugin,False,,2485.1728070655763,2412.007466668177,1.9916130256012554,0.9679656998025318,1.3474654052373323,,0.0,0.056365012615605996,0.943634987384394,0.943634987384394,False,,,,,,,cifar10,10,CDANN,PCA128,2.0,0.948699951171875,0.948699951171875,0.9160000681877136,0.9120000600814819,splits_cifar10_CDANN_10_0_b09dc755c62e.npz,b09dc755c62e,False,False,,,,,,,0.943634987384394,all_pca,PCA128,IW overlap critic | W=2 | seed=0 (plug-in),True,
iw_overlap_critic,2.0,0.0,10000.0,2000.0,2500.0,500.0,0.9492,0.0,1.0,0.6242096424102783,0.5,0.5,0.5685000419616699,0.24514725804328918,2981.0,10.0,1488.0,3.0,0.05753341408352138,0.016,2477.0,23.0,492.0,8.0,ok,plugin,False,,2458.4326303129837,2291.841904551787,1.9982304613091073,0.9459425827488289,1.5394989265664194,1.0,0.016,0.07353341408352138,0.9264665859164787,0.9264665859164787,False,44.0,22.0,0.19659948348999023,0.8034005165100098,1.0,"[{'epoch': 0, 'best_score': 0.13872605562210083}, {'epoch': 1, 'best_score': 0.13872605562210083}, {'epoch': 2, 'best_score': 0.13872605562210083}, {'epoch': 3, 'best_score': 0.13872605562210083}, {'epoch': 4, 'best_score': 0.1380741000175476}, {'epoch': 5, 'best_score': 0.13620758056640625}, {'epoch': 6, 'best_score': 0.1342201828956604}, {'epoch': 7, 'best_score': 0.13305598497390747}, {'epoch': 8, 'best_score': 0.13305598497390747}, {'epoch': 9, 'best_score': 0.13128650188446045}, {'epoch': 10, 'best_score': 0.13128650188446045}, {'epoch': 11, 'best_score': 0.13128650188446045}, {'epoch': 12, 'best_score': 0.13128650188446045}, {'epoch': 13, 'best_score': 0.12815576791763306}, {'epoch': 14, 'best_score': 0.12730693817138672}, {'epoch': 15, 'best_score': 0.12627124786376953}, {'epoch': 16, 'best_score': 0.12627124786376953}, {'epoch': 17, 'best_score': 0.1254553198814392}, {'epoch': 18, 'best_score': 0.12304902076721191}, {'epoch': 19, 'best_score': 0.12242758274078369}, {'epoch': 20, 'best_score': 0.12769311666488647}, {'epoch': 21, 'best_score': 0.13312941789627075}, {'epoch': 22, 'best_score': 0.13808047771453857}, {'epoch': 23, 'best_score': 0.14265918731689453}, {'epoch': 24, 'best_score': 0.15664058923721313}, {'epoch': 25, 'best_score': 0.16434484720230103}, {'epoch': 26, 'best_score': 0.16561710834503174}, {'epoch': 27, 'best_score': 0.16684579849243164}, {'epoch': 28, 'best_score': 0.1791200041770935}, {'epoch': 29, 'best_score': 0.17766547203063965}, {'epoch': 30, 'best_score': 0.17766547203063965}, {'epoch': 31, 'best_score': 0.17766547203063965}, {'epoch': 32, 'best_score': 0.17766547203063965}, {'epoch': 33, 'best_score': 0.17766547203063965}, {'epoch': 34, 'best_score': 0.17766547203063965}, {'epoch': 35, 'best_score': 0.17766547203063965}, {'epoch': 36, 'best_score': 0.17766547203063965}, {'epoch': 37, 'best_score': 0.17686957120895386}, {'epoch': 38, 'best_score': 0.17631202936172485}, {'epoch': 39, 'best_score': 0.17631202936172485}, {'epoch': 40, 'best_score': 0.17631202936172485}, {'epoch': 41, 'best_score': 0.17577481269836426}, {'epoch': 42, 'best_score': 0.17577481269836426}, {'epoch': 43, 'best_score': 0.17577481269836426}, {'epoch': 44, 'best_score': 0.19659948348999023}, {'epoch': 45, 'best_score': 0.19572389125823975}, {'epoch': 46, 'best_score': 0.19319790601730347}, {'epoch': 47, 'best_score': 0.19319790601730347}, {'epoch': 48, 'best_score': 0.1925789713859558}, {'epoch': 49, 'best_score': 0.1925789713859558}]",cifar10,71,CDANN,PCA128,2.0,0.9511999487876892,0.9511999487876892,0.9280000329017639,0.9040000438690186,splits_cifar10_CDANN_71_0_b09dc755c62e.npz,b09dc755c62e,True,False,,,,,,,0.9264665859164787,all_pca,PCA128,IW overlap critic | W=2 | seed=0 (plug-in),True,
iw_overlap_critic,2.0,0.0,10000.0,2000.0,2500.0,500.0,0.9516,0.0,1.0,0.7907668352127075,0.5,0.5,0.531000018119812,0.24773964285850525,3000.0,1.0,1500.0,0.0,0.05094305906079633,0.002,2500.0,0.0,499.0,1.0,unsupported_critic_region,plugin,False,,2488.347347409076,2410.6658683568353,1.8820925983768675,0.9739097849315654,1.3333526002265257,,,,,,,,,,,,,cifar10,95,CDANN,PCA128,2.0,0.9526000022888184,0.9526000022888184,0.9355000257492065,0.9260000586509705,splits_cifar10_CDANN_95_0_b09dc755c62e.npz,b09dc755c62e,,,,,,,,,,all_pca,PCA128,IW overlap critic | W=2 | seed=0 (plug-in),False,
iw_overlap_critic,2.0,0.0,10000.0,2000.0,2500.0,500.0,0.758,0.0,1.0,54.598148345947266,0.5,0.5,0.4650000333786011,0.25001969933509827,,,,,0.2419982576682104,0.0,2500.0,0.0,500.0,0.0,ok,plugin,False,,2499.7532344260535,2499.988574872757,1.0065488240017049,0.9996886078407687,1.0036541956843361,,0.0,0.2419982576682104,0.7580017423317896,0.7580017423317896,False,,,,,,,cifar100,4,DANN,PCA128,4.0,0.7841999530792236,0.7841999530792236,0.7440000176429749,0.7760000228881836,splits_cifar100_DANN_4_0_b09dc755c62e.npz,b09dc755c62e,False,True,,,,,,,0.7580017423317896,all_pca,PCA128,IW overlap critic | W=2 | seed=0 (plug-in),True,
iw_overlap_critic,2.0,0.0,10000.0,2000.0,2500.0,500.0,0.76,0.0,1.0,54.598148345947266,0.5,0.5,0.4865000247955322,0.25001460313796997,,,,,0.239999882682108,0.0,2500.0,0.0,500.0,0.0,ok,plugin,False,,2499.8483419123268,2499.985395305856,1.0071521583076815,0.9995257065804695,1.0046078642965648,,0.0,0.239999882682108,0.760000117317892,0.760000117317892,False,,,,,,,cifar100,12,DANN,PCA128,4.0,0.7831999659538269,0.7831999659538269,0.7545000314712524,0.7860000133514404,splits_cifar100_DANN_12_0_b09dc755c62e.npz,b09dc755c62e,False,True,,,,,,,0.760000117317892,all_pca,PCA128,IW overlap critic | W=2 | seed=0 (plug-in),True,
iw_overlap_critic,2.0,0.0,10000.0,2000.0,2500.0,500.0,0.7596,0.0,1.0,54.598148345947266,0.5,0.5,0.47699999809265137,0.2500078082084656,,,,,0.24037039917408592,0.0,2500.0,0.0,500.0,0.0,ok,plugin,False,,2499.7801583458477,2499.988640048404,1.0055725611044706,0.9996143867266732,1.0038646078134987,,0.0,0.24037039917408592,0.759629600825914,0.759629600825914,False,,,,,,,cifar100,59,DANN,PCA128,4.0,0.7841999530792236,0.7841999530792236,0.7585000395774841,0.7720000147819519,splits_cifar100_DANN_59_0_b09dc755c62e.npz,b09dc755c62e,False,True,,,,,,,0.759629600825914,all_pca,PCA128,IW overlap critic | W=2 | seed=0 (plug-in),True,
iw_overlap_critic,2.0,0.0,10000.0,2000.0,2500.0,500.0,0.764,0.0,1.0,54.598148345947266,0.5,0.5,0.49150002002716064,0.25001275539398193,,,,,0.2359316635207103,0.0,2500.0,0.0,500.0,0.0,ok,plugin,False,,2499.73099564906,2499.9867195910497,1.0059094292708177,0.9997488903489808,1.0039350431797103,,0.0,0.2359316635207103,0.7640683364792897,0.7640683364792897,False,,,,,,,cifar100,82,DANN,PCA128,4.0,0.7861999869346619,0.7861999869346619,0.7695000171661377,0.7700000405311584,splits_cifar100_DANN_82_0_b09dc755c62e.npz,b09dc755c62e,True,True,,,,,,,0.7640683364792897,all_pca,PCA128,IW overlap critic | W=2 | seed=0 (plug-in),True,
iw_overlap_critic,2.0,0.0,10000.0,2000.0,2500.0,500.0,0.762,0.0,1.0,54.598148345947266,0.5,0.5,0.47350001335144043,0.2500128746032715,,,,,0.23791774453108974,0.0,2500.0,0.0,500.0,0.0,ok,plugin,False,,2499.5213553092535,2499.9918473738035,1.0049697654747418,0.999775081946424,1.0027703603608542,,0.0,0.23791774453108974,0.7620822554689103,0.7620822554689103,False,,,,,,,cifar100,4,CDANN,PCA128,2.0,0.7849999666213989,0.7849999666213989,0.7275000214576721,0.7480000257492065,splits_cifar100_CDANN_4_0_b09dc755c62e.npz,b09dc755c62e,False,False,,,,,,,0.7620822554689103,all_pca,PCA128,IW overlap critic | W=2 | seed=0 (plug-in),True,
iw_overlap_critic,2.0,0.0,10000.0,2000.0,2500.0,500.0,0.766,0.0,1.0,54.598148345947266,0.5,0.5,0.4555000066757202,0.25001126527786255,,,,,0.23394834606631215,0.0,2500.0,0.0,500.0,0.0,ok,plugin,False,,2499.7695474120897,2499.9965476571324,1.0025935233010632,1.0001118655132308,1.0015951618466232,,0.0,0.23394834606631215,0.7660516539336879,0.7660516539336879,False,,,,,,,cifar100,12,CDANN,PCA128,2.0,0.7858999967575073,0.7858999967575073,0.7480000257492065,0.7680000066757202,splits_cifar100_CDANN_12_0_b09dc755c62e.npz,b09dc755c62e,False,True,,,,,,,0.7660516539336879,all_pca,PCA128,IW overlap critic | W=2 | seed=0 (plug-in),True,
iw_overlap_critic,2.0,0.0,10000.0,2000.0,2500.0,500.0,0.7664,0.0,1.0,54.598148345947266,0.5,0.5,0.4820000231266022,0.2500077486038208,,,,,0.23353483414116719,0.0,2500.0,0.0,500.0,0.0,ok,plugin,False,,2499.7055347397572,2499.9966039572405,1.0030164165200173,0.9998415518807418,1.0018141114374504,,0.0,0.23353483414116719,0.7664651658588328,0.7664651658588328,False,,,,,,,cifar100,59,CDANN,PCA128,2.0,0.7870000004768372,0.7870000004768372,0.7580000162124634,0.7920000553131104,splits_cifar100_CDANN_59_0_b09dc755c62e.npz,b09dc755c62e,False,True,,,,,,,0.7664651658588328,all_pca,PCA128,IW overlap critic | W=2 | seed=0 (plug-in),True,
iw_overlap_critic,2.0,0.0,10000.0,2000.0,2500.0,500.0,0.7652,0.0,1.0,54.598148345947266,0.5,0.5,0.47699999809265137,0.2500116527080536,,,,,0.2347123461502757,0.0,2500.0,0.0,500.0,0.0,ok,plugin,False,,2499.697415029496,2499.9921780480427,1.004077748575366,1.000238077137506,1.0023784455234221,,0.0,0.2347123461502757,0.7652876538497243,0.7652876538497243,False,,,,,,,cifar100,82,CDANN,PCA128,2.0,0.7872999906539917,0.7872999906539917,0.7635000348091125,0.7720000147819519,splits_cifar100_CDANN_82_0_b09dc755c62e.npz,b09dc755c62e,False,True,,,,,,,0.7652876538497243,all_pca,PCA128,IW overlap critic | W=2 | seed=0 (plug-in),True,
iw_overlap_critic,2.0,0.0,28152.0,9910.0,7040.0,2478.0,0.803125,0.0,1.0,1.1119482517242432,0.5,0.5,0.5655994415283203,0.2446473389863968,8393.0,47.0,4186.0,27.0,0.19872824542744613,0.016142050040355124,6999.0,41.0,2438.0,40.0,ok,plugin,False,,6945.206053271116,6485.860771901379,1.9999189377373088,0.9622395704043034,1.508797843454012,0.95,0.015334947538337366,0.2140631929657835,0.7859368070342165,0.7859368070342165,False,49.0,8.0,0.16013354063034058,0.8398664593696594,1.0,"[{'epoch': 0, 'best_score': 0.0062580108642578125}, {'epoch': 1, 'best_score': 0.006105780601501465}, {'epoch': 2, 'best_score': 0.006105780601501465}, {'epoch': 3, 'best_score': 0.005652964115142822}, {'epoch': 4, 'best_score': 0.006072878837585449}, {'epoch': 5, 'best_score': 0.006441652774810791}, {'epoch': 6, 'best_score': 0.006965219974517822}, {'epoch': 7, 'best_score': 0.008008062839508057}, {'epoch': 8, 'best_score': 0.009278476238250732}, {'epoch': 9, 'best_score': 0.009883642196655273}, {'epoch': 10, 'best_score': 0.010908424854278564}, {'epoch': 11, 'best_score': 0.012423396110534668}, {'epoch': 12, 'best_score': 0.014071643352508545}, {'epoch': 13, 'best_score': 0.015940070152282715}, {'epoch': 14, 'best_score': 0.01813274621963501}, {'epoch': 15, 'best_score': 0.01978743076324463}, {'epoch': 16, 'best_score': 0.023669302463531494}, {'epoch': 17, 'best_score': 0.02560204267501831}, {'epoch': 18, 'best_score': 0.02884197235107422}, {'epoch': 19, 'best_score': 0.03227376937866211}, {'epoch': 20, 'best_score': 0.034305453300476074}, {'epoch': 21, 'best_score': 0.03898000717163086}, {'epoch': 22, 'best_score': 0.04355555772781372}, {'epoch': 23, 'best_score': 0.04644495248794556}, {'epoch': 24, 'best_score': 0.048512816429138184}, {'epoch': 25, 'best_score': 0.05326038599014282}, {'epoch': 26, 'best_score': 0.055723488330841064}, {'epoch': 27, 'best_score': 0.05815047025680542}, {'epoch': 28, 'best_score': 0.0632205605506897}, {'epoch': 29, 'best_score': 0.06758320331573486}, {'epoch': 30, 'best_score': 0.07090717554092407}, {'epoch': 31, 'best_score': 0.07572096586227417}, {'epoch': 32, 'best_score': 0.0806397795677185}, {'epoch': 33, 'best_score': 0.08421850204467773}, {'epoch': 34, 'best_score': 0.08722180128097534}, {'epoch': 35, 'best_score': 0.09033787250518799}, {'epoch': 36, 'best_score': 0.09586834907531738}, {'epoch': 37, 'best_score': 0.09985464811325073}, {'epoch': 38, 'best_score': 0.1065933108329773}, {'epoch': 39, 'best_score': 0.10805422067642212}, {'epoch': 40, 'best_score': 0.11133575439453125}, {'epoch': 41, 'best_score': 0.11656874418258667}, {'epoch': 42, 'best_score': 0.12329912185668945}, {'epoch': 43, 'best_score': 0.12880152463912964}, {'epoch': 44, 'best_score': 0.1329672932624817}, {'epoch': 45, 'best_score': 0.13618630170822144}, {'epoch': 46, 'best_score': 0.14536172151565552}, {'epoch': 47, 'best_score': 0.14955192804336548}, {'epoch': 48, 'best_score': 0.15700238943099976}, {'epoch': 49, 'best_score': 0.16013354063034058}]",domainnet,1,DANN,PCA128,16.0,0.8072605729103088,0.8072605729103088,0.465893030166626,0.47497981786727905,splits_domainnet_DANN_1_0_b09dc755c62e.npz,b09dc755c62e,False,False,,,,,,,0.7859368070342165,all_pca,PCA128,IW overlap critic | W=2 | seed=0 (plug-in),True,
iw_overlap_critic,2.0,0.0,28152.0,14207.0,7040.0,3553.0,0.8038352272727273,0.0,1.0,1.0876469612121582,0.5,0.5,0.5871150493621826,0.23883157968521118,8218.0,399.0,4096.0,199.0,0.19245108601214983,0.08950182943990993,6852.0,188.0,3235.0,318.0,ok,plugin,False,,6492.365033778085,6044.5436907613575,1.9987072690569119,0.8990829613424063,1.603523510312918,0.9779874213836478,0.08753166338305657,0.2799827493952064,0.7200172506047936,0.7200172506047936,False,49.0,13.0,0.12186026573181152,0.8630643486976624,0.9849246144294739,"[{'epoch': 0, 'best_score': 0.005530714988708496}, {'epoch': 1, 'best_score': 0.005530714988708496}, {'epoch': 2, 'best_score': 0.005900442600250244}, {'epoch': 3, 'best_score': 0.006428539752960205}, {'epoch': 4, 'best_score': 0.0069176554679870605}, {'epoch': 5, 'best_score': 0.007078886032104492}, {'epoch': 6, 'best_score': 0.007078886032104492}, {'epoch': 7, 'best_score': 0.007860362529754639}, {'epoch': 8, 'best_score': 0.009450256824493408}, {'epoch': 9, 'best_score': 0.00962299108505249}, {'epoch': 10, 'best_score': 0.010021507740020752}, {'epoch': 11, 'best_score': 0.010816693305969238}, {'epoch': 12, 'best_score': 0.010259509086608887}, {'epoch': 13, 'best_score': 0.011657893657684326}, {'epoch': 14, 'best_score': 0.013365030288696289}, {'epoch': 15, 'best_score': 0.01636350154876709}, {'epoch': 16, 'best_score': 0.018044650554656982}, {'epoch': 17, 'best_score': 0.021141648292541504}, {'epoch': 18, 'best_score': 0.024624228477478027}, {'epoch': 19, 'best_score': 0.022143304347991943}, {'epoch': 20, 'best_score': 0.026952743530273438}, {'epoch': 21, 'best_score': 0.02877742052078247}, {'epoch': 22, 'best_score': 0.03206169605255127}, {'epoch': 23, 'best_score': 0.035626232624053955}, {'epoch': 24, 'best_score': 0.03939330577850342}, {'epoch': 25, 'best_score': 0.04413020610809326}, {'epoch': 26, 'best_score': 0.05014002323150635}, {'epoch': 27, 'best_score': 0.054129719734191895}, {'epoch': 28, 'best_score': 0.05291736125946045}, {'epoch': 29, 'best_score': 0.05768299102783203}, {'epoch': 30, 'best_score': 0.05628567934036255}, {'epoch': 31, 'best_score': 0.06042587757110596}, {'epoch': 32, 'best_score': 0.06306201219558716}, {'epoch': 33, 'best_score': 0.06635463237762451}, {'epoch': 34, 'best_score': 0.06963551044464111}, {'epoch': 35, 'best_score': 0.07282054424285889}, {'epoch': 36, 'best_score': 0.07651132345199585}, {'epoch': 37, 'best_score': 0.07944881916046143}, {'epoch': 38, 'best_score': 0.08284687995910645}, {'epoch': 39, 'best_score': 0.08661246299743652}, {'epoch': 40, 'best_score': 0.09134829044342041}, {'epoch': 41, 'best_score': 0.09556126594543457}, {'epoch': 42, 'best_score': 0.09501904249191284}, {'epoch': 43, 'best_score': 0.09668481349945068}, {'epoch': 44, 'best_score': 0.10027998685836792}, {'epoch': 45, 'best_score': 0.10624241828918457}, {'epoch': 46, 'best_score': 0.11170458793640137}, {'epoch': 47, 'best_score': 0.11639046669006348}, {'epoch': 48, 'best_score': 0.12133252620697021}, {'epoch': 49, 'best_score': 0.12186026573181152}]",domainnet,2,DANN,PCA128,16.0,0.8101378083229065,0.8101378083229065,0.38572534918785095,0.38727834820747375,splits_domainnet_DANN_2_0_b09dc755c62e.npz,b09dc755c62e,False,False,,,,,,,0.7200172506047936,all_pca,PCA128,IW overlap critic | W=2 | seed=0 (plug-in),True,
iw_overlap_critic,2.0,0.0,28152.0,15295.0,7040.0,3825.0,0.8072443181818182,0.0,1.0,1.0,0.5,0.5,0.5511423349380493,0.24669042229652405,8429.0,14.0,4218.0,4.0,0.18972677762904308,0.00392156862745098,7033.0,7.0,3810.0,15.0,ok,plugin,False,,7029.774438664703,6697.256242439492,1.9896165044556438,0.975412496372916,1.4002069591916897,0.8666666666666667,0.0033986928104575162,0.1931254704395006,0.8068745295604994,0.8068745295604994,False,49.0,24.0,0.1826704740524292,0.8173295259475708,1.0,"[{'epoch': 0, 'best_score': 0.008692324161529541}, {'epoch': 1, 'best_score': 0.008465886116027832}, {'epoch': 2, 'best_score': 0.008465886116027832}, {'epoch': 3, 'best_score': 0.008892238140106201}, {'epoch': 4, 'best_score': 0.00909358263015747}, {'epoch': 5, 'best_score': 0.009540438652038574}, {'epoch': 6, 'best_score': 0.009958624839782715}, {'epoch': 7, 'best_score': 0.010237276554107666}, {'epoch': 8, 'best_score': 0.009865880012512207}, {'epoch': 9, 'best_score': 0.010928750038146973}, {'epoch': 10, 'best_score': 0.013048768043518066}, {'epoch': 11, 'best_score': 0.019071102142333984}, {'epoch': 12, 'best_score': 0.020361483097076416}, {'epoch': 13, 'best_score': 0.021988868713378906}, {'epoch': 14, 'best_score': 0.025098443031311035}, {'epoch': 15, 'best_score': 0.027383267879486084}, {'epoch': 16, 'best_score': 0.029135584831237793}, {'epoch': 17, 'best_score': 0.030263304710388184}, {'epoch': 18, 'best_score': 0.03271949291229248}, {'epoch': 19, 'best_score': 0.036188483238220215}, {'epoch': 20, 'best_score': 0.03907597064971924}, {'epoch': 21, 'best_score': 0.043230652809143066}, {'epoch': 22, 'best_score': 0.04688757658004761}, {'epoch': 23, 'best_score': 0.050494492053985596}, {'epoch': 24, 'best_score': 0.05402129888534546}, {'epoch': 25, 'best_score': 0.05725085735321045}, {'epoch': 26, 'best_score': 0.06295716762542725}, {'epoch': 27, 'best_score': 0.06758517026901245}, {'epoch': 28, 'best_score': 0.070651113986969}, {'epoch': 29, 'best_score': 0.07353717088699341}, {'epoch': 30, 'best_score': 0.07691246271133423}, {'epoch': 31, 'best_score': 0.08113932609558105}, {'epoch': 32, 'best_score': 0.08543550968170166}, {'epoch': 33, 'best_score': 0.08869534730911255}, {'epoch': 34, 'best_score': 0.09587359428405762}, {'epoch': 35, 'best_score': 0.10324698686599731}, {'epoch': 36, 'best_score': 0.11135852336883545}, {'epoch': 37, 'best_score': 0.1166488528251648}, {'epoch': 38, 'best_score': 0.1214262843132019}, {'epoch': 39, 'best_score': 0.126958966255188}, {'epoch': 40, 'best_score': 0.13290536403656006}, {'epoch': 41, 'best_score': 0.13763326406478882}, {'epoch': 42, 'best_score': 0.1412367820739746}, {'epoch': 43, 'best_score': 0.1442142128944397}, {'epoch': 44, 'best_score': 0.15171223878860474}, {'epoch': 45, 'best_score': 0.15807735919952393}, {'epoch': 46, 'best_score': 0.1634887456893921}, {'epoch': 47, 'best_score': 0.16885679960250854}, {'epoch': 48, 'best_score': 0.1743510365486145}, {'epoch': 49, 'best_score': 0.1826704740524292}]",domainnet,3,DANN,PCA128,16.0,0.8096050024032593,0.8096050024032593,0.4719189405441284,0.46562090516090393,splits_domainnet_DANN_3_0_b09dc755c62e.npz,b09dc755c62e,False,False,,,,,,,0.8068745295604994,all_pca,PCA128,IW overlap critic | W=2 | seed=0 (plug-in),True,
iw_overlap_critic,2.0,0.0,28152.0,9910.0,7040.0,2478.0,0.8025568181818181,0.0,1.0,0.6891694664955139,0.5,0.5,0.5518583655357361,0.2476402223110199,,,,,0.2122995765047314,0.0,7040.0,0.0,2478.0,0.0,ok,plugin,False,,7058.6774763761005,6772.732428446517,1.7363429493586948,0.9912437517164989,1.3519304301570783,,0.0,0.2122995765047314,0.7877004234952686,0.7877004234952686,False,,,,,,,domainnet,1,CDANN,PCA128,2.0,0.8055910468101501,0.8055910468101501,0.5121089816093445,0.5205811262130737,splits_domainnet_CDANN_1_0_b09dc755c62e.npz,b09dc755c62e,False,False,,,,,,,0.7877004234952686,all_pca,PCA128,IW overlap critic | W=2 | seed=0 (plug-in),True,
iw_overlap_critic,2.0,0.0,28152.0,14207.0,7040.0,3553.0,0.8004261363636364,0.0,1.0,1.2327624559402466,0.5,0.5,0.5317138433456421,0.24842125177383423,,,,,0.206050522711962,0.0,7040.0,0.0,3553.0,0.0,ok,plugin,False,,7004.627348743973,6866.134741231943,1.6262437613478662,0.9893027245585254,1.265262707350922,,0.0,0.206050522711962,0.793949477288038,0.793949477288038,False,,,,,,,domainnet,2,CDANN,PCA128,2.0,0.8071539998054504,0.8071539998054504,0.42063772678375244,0.4218969941139221,splits_domainnet_CDANN_2_0_b09dc755c62e.npz,b09dc755c62e,False,False,,,,,,,0.793949477288038,all_pca,PCA128,IW overlap critic | W=2 | seed=0 (plug-in),True,
iw_overlap_critic,2.0,0.0,28152.0,15295.0,7040.0,3825.0,0.8063920454545455,0.0,1.0,0.9625664353370667,0.5,0.5,0.5416542291641235,0.24739854037761688,8441.0,6.0,4218.0,5.0,0.18282324457548627,0.001568627450980392,7036.0,4.0,3819.0,6.0,ok,plugin,False,,7006.515069915121,6748.239203627656,1.9679740823902052,0.9645998016672659,1.378019522038344,1.0,0.001568627450980392,0.18439187202646665,0.8156081279735333,0.8156081279735333,False,36.0,20.0,0.00880885124206543,0.9911911487579346,1.0,"[{'epoch': 0, 'best_score': 0.006733834743499756}, {'epoch': 1, 'best_score': 0.006733834743499756}, {'epoch': 2, 'best_score': 0.006733834743499756}, {'epoch': 3, 'best_score': 0.006733834743499756}, {'epoch': 4, 'best_score': 0.006733834743499756}, {'epoch': 5, 'best_score': 0.006733834743499756}, {'epoch': 6, 'best_score': 0.006733834743499756}, {'epoch': 7, 'best_score': 0.006733834743499756}, {'epoch': 8, 'best_score': 0.006733834743499756}, {'epoch': 9, 'best_score': 0.006733834743499756}, {'epoch': 10, 'best_score': 0.006733834743499756}, {'epoch': 11, 'best_score': 0.006733834743499756}, {'epoch': 12, 'best_score': 0.006733834743499756}, {'epoch': 13, 'best_score': 0.0070992112159729}, {'epoch': 14, 'best_score': 0.0070992112159729}, {'epoch': 15, 'best_score': 0.0070992112159729}, {'epoch': 16, 'best_score': 0.0070992112159729}, {'epoch': 17, 'best_score': 0.007364928722381592}, {'epoch': 18, 'best_score': 0.007364928722381592}, {'epoch': 19, 'best_score': 0.007667362689971924}, {'epoch': 20, 'best_score': 0.007667362689971924}, {'epoch': 21, 'best_score': 0.007667362689971924}, {'epoch': 22, 'best_score': 0.007667362689971924}, {'epoch': 23, 'best_score': 0.007364928722381592}, {'epoch': 24, 'best_score': 0.007364928722381592}, {'epoch': 25, 'best_score': 0.007513523101806641}, {'epoch': 26, 'best_score': 0.007513523101806641}, {'epoch': 27, 'best_score': 0.007513523101806641}, {'epoch': 28, 'best_score': 0.007513523101806641}, {'epoch': 29, 'best_score': 0.007513523101806641}, {'epoch': 30, 'best_score': 0.0076895952224731445}, {'epoch': 31, 'best_score': 0.0077522993087768555}, {'epoch': 32, 'best_score': 0.008006811141967773}, {'epoch': 33, 'best_score': 0.008006811141967773}, {'epoch': 34, 'best_score': 0.008006811141967773}, {'epoch': 35, 'best_score': 0.008561253547668457}, {'epoch': 36, 'best_score': 0.00880885124206543}, {'epoch': 37, 'best_score': 0.00880885124206543}, {'epoch': 38, 'best_score': 0.00880885124206543}, {'epoch': 39, 'best_score': 0.008614897727966309}, {'epoch': 40, 'best_score': 0.008614897727966309}, {'epoch': 41, 'best_score': 0.00842428207397461}, {'epoch': 42, 'best_score': 0.00842428207397461}, {'epoch': 43, 'best_score': 0.00842428207397461}, {'epoch': 44, 'best_score': 0.00829768180847168}, {'epoch': 45, 'best_score': 0.008351445198059082}, {'epoch': 46, 'best_score': 0.00829768180847168}, {'epoch': 47, 'best_score': 0.00829768180847168}, {'epoch': 48, 'best_score': 0.00829768180847168}, {'epoch': 49, 'best_score': 0.00829768180847168}]",domainnet,3,CDANN,PCA128,2.0,0.8074381947517395,0.8074381947517395,0.49369075894355774,0.48549020290374756,splits_domainnet_CDANN_3_0_b09dc755c62e.npz,b09dc755c62e,False,False,,,,,,,0.8156081279735333,all_pca,PCA128,IW overlap critic | W=2 | seed=0 (plug-in),True,
iw_overlap_critic,2.0,0.0,1700.0,8804.0,425.0,2203.0,0.8658823529411764,0.0,1.0,1.0323028564453125,0.5,0.5,0.5282753705978394,0.24553291499614716,508.0,11.0,254.0,7.0,0.15749729598747458,0.00045392646391284613,423.0,2.0,2202.0,1.0,ok,plugin,False,,441.1903031621978,394.105188110449,1.9294127712924911,1.021033667314775,1.5549973477355852,1.0,0.00045392646391284613,0.15795122245138743,0.8420487775486125,0.8420487775486125,False,49.0,6.0,0.2054552435874939,0.7945447564125061,1.0,"[{'epoch': 0, 'best_score': 0.15719205141067505}, {'epoch': 1, 'best_score': 0.15719205141067505}, {'epoch': 2, 'best_score': 0.1503307819366455}, {'epoch': 3, 'best_score': 0.14757144451141357}, {'epoch': 4, 'best_score': 0.14757144451141357}, {'epoch': 5, 'best_score': 0.1432858109474182}, {'epoch': 6, 'best_score': 0.136729896068573}, {'epoch': 7, 'best_score': 0.136729896068573}, {'epoch': 8, 'best_score': 0.136729896068573}, {'epoch': 9, 'best_score': 0.13260424137115479}, {'epoch': 10, 'best_score': 0.1285611391067505}, {'epoch': 11, 'best_score': 0.13104850053787231}, {'epoch': 12, 'best_score': 0.12886559963226318}, {'epoch': 13, 'best_score': 0.1327154040336609}, {'epoch': 14, 'best_score': 0.12761056423187256}, {'epoch': 15, 'best_score': 0.12205177545547485}, {'epoch': 16, 'best_score': 0.12205177545547485}, {'epoch': 17, 'best_score': 0.11900144815444946}, {'epoch': 18, 'best_score': 0.12263524532318115}, {'epoch': 19, 'best_score': 0.1246679425239563}, {'epoch': 20, 'best_score': 0.1246679425239563}, {'epoch': 21, 'best_score': 0.12818866968154907}, {'epoch': 22, 'best_score': 0.12818866968154907}, {'epoch': 23, 'best_score': 0.13467001914978027}, {'epoch': 24, 'best_score': 0.13467001914978027}, {'epoch': 25, 'best_score': 0.14199531078338623}, {'epoch': 26, 'best_score': 0.14199531078338623}, {'epoch': 27, 'best_score': 0.14593911170959473}, {'epoch': 28, 'best_score': 0.14593911170959473}, {'epoch': 29, 'best_score': 0.1489444375038147}, {'epoch': 30, 'best_score': 0.15947604179382324}, {'epoch': 31, 'best_score': 0.15947604179382324}, {'epoch': 32, 'best_score': 0.1635482907295227}, {'epoch': 33, 'best_score': 0.1635482907295227}, {'epoch': 34, 'best_score': 0.1696224808692932}, {'epoch': 35, 'best_score': 0.1696224808692932}, {'epoch': 36, 'best_score': 0.16970199346542358}, {'epoch': 37, 'best_score': 0.1701921820640564}, {'epoch': 38, 'best_score': 0.17261022329330444}, {'epoch': 39, 'best_score': 0.1806429624557495}, {'epoch': 40, 'best_score': 0.1806429624557495}, {'epoch': 41, 'best_score': 0.1898961067199707}, {'epoch': 42, 'best_score': 0.188551664352417}, {'epoch': 43, 'best_score': 0.1917549967765808}, {'epoch': 44, 'best_score': 0.19668924808502197}, {'epoch': 45, 'best_score': 0.19668924808502197}, {'epoch': 46, 'best_score': 0.1998884677886963}, {'epoch': 47, 'best_score': 0.1998884677886963}, {'epoch': 48, 'best_score': 0.20231550931930542}, {'epoch': 49, 'best_score': 0.2054552435874939}]",living17,1,DANN,PCA128,4.0,0.8994117379188538,0.8994117379188538,0.6758291721343994,0.6876986026763916,splits_living17_DANN_1_0_b09dc755c62e.npz,b09dc755c62e,False,False,,,,,,,0.8420487775486125,all_pca,PCA128,IW overlap critic | W=2 | seed=0 (plug-in),True,
iw_overlap_critic,2.0,0.0,1700.0,68.0,425.0,19.0,0.8823529411764706,0.0,1.0,5.29210901260376,0.5,0.5,0.365686297416687,0.24925261735916138,,,,,0.11506834301673828,0.0,425.0,0.0,19.0,0.0,ok,plugin,False,,406.7014308645402,417.14421277932587,1.2954476205578738,0.9670242257909241,1.163707299182002,,0.0,0.11506834301673828,0.8849316569832617,0.8849316569832617,False,,,,,,,living17,2,DANN,PCA128,4.0,0.9094117283821106,0.9094117283821106,0.8970588445663452,0.8421052694320679,splits_living17_DANN_2_0_b09dc755c62e.npz,b09dc755c62e,True,False,,,,,,,0.8849316569832617,all_pca,PCA128,IW overlap critic | W=2 | seed=0 (plug-in),True,
iw_overlap_critic,2.0,0.0,1700.0,68.0,425.0,19.0,0.8894117647058823,0.0,1.0,0.7791537046432495,0.5,0.5,0.6421568393707275,0.22426238656044006,463.0,2.0,230.0,2.0,0.0760052952826311,0.05263157894736842,367.0,58.0,18.0,1.0,ok,plugin,False,,303.8779245265623,276.80066152023744,1.9784183250546572,0.7302060837244558,1.6709548704790125,1.0,0.05263157894736842,0.12863687422999953,0.8713631257700005,0.8713631257700005,False,22.0,24.0,0.2192959189414978,0.7807040810585022,1.0,"[{'epoch': 0, 'best_score': 0.20755374431610107}, {'epoch': 1, 'best_score': 0.20755374431610107}, {'epoch': 2, 'best_score': 0.20755374431610107}, {'epoch': 3, 'best_score': 0.20755374431610107}, {'epoch': 4, 'best_score': 0.20755374431610107}, {'epoch': 5, 'best_score': 0.21114718914031982}, {'epoch': 6, 'best_score': 0.21114718914031982}, {'epoch': 7, 'best_score': 0.21683192253112793}, {'epoch': 8, 'best_score': 0.21683192253112793}, {'epoch': 9, 'best_score': 0.21683192253112793}, {'epoch': 10, 'best_score': 0.21683192253112793}, {'epoch': 11, 'best_score': 0.2159273624420166}, {'epoch': 12, 'best_score': 0.2159273624420166}, {'epoch': 13, 'best_score': 0.2159273624420166}, {'epoch': 14, 'best_score': 0.2159273624420166}, {'epoch': 15, 'best_score': 0.2159273624420166}, {'epoch': 16, 'best_score': 0.2159273624420166}, {'epoch': 17, 'best_score': 0.2159273624420166}, {'epoch': 18, 'best_score': 0.2159273624420166}, {'epoch': 19, 'best_score': 0.2159273624420166}, {'epoch': 20, 'best_score': 0.2159273624420166}, {'epoch': 21, 'best_score': 0.2159273624420166}, {'epoch': 22, 'best_score': 0.2192959189414978}, {'epoch': 23, 'best_score': 0.2192959189414978}, {'epoch': 24, 'best_score': 0.2192959189414978}, {'epoch': 25, 'best_score': 0.2192959189414978}, {'epoch': 26, 'best_score': 0.2192959189414978}, {'epoch': 27, 'best_score': 0.20990914106369019}, {'epoch': 28, 'best_score': 0.20990914106369019}, {'epoch': 29, 'best_score': 0.2143372893333435}, {'epoch': 30, 'best_score': 0.21096879243850708}, {'epoch': 31, 'best_score': 0.21655058860778809}, {'epoch': 32, 'best_score': 0.21655058860778809}, {'epoch': 33, 'best_score': 0.21655058860778809}, {'epoch': 34, 'best_score': 0.21655058860778809}, {'epoch': 35, 'best_score': 0.21655058860778809}, {'epoch': 36, 'best_score': 0.21655058860778809}, {'epoch': 37, 'best_score': 0.21655058860778809}, {'epoch': 38, 'best_score': 0.21655058860778809}, {'epoch': 39, 'best_score': 0.21562224626541138}, {'epoch': 40, 'best_score': 0.21562224626541138}, {'epoch': 41, 'best_score': 0.21562224626541138}, {'epoch': 42, 'best_score': 0.21562224626541138}, {'epoch': 43, 'best_score': 0.21562224626541138}, {'epoch': 44, 'best_score': 0.21562224626541138}, {'epoch': 45, 'best_score': 0.21920430660247803}, {'epoch': 46, 'best_score': 0.21920430660247803}, {'epoch': 47, 'best_score': 0.2123083472251892}, {'epoch': 48, 'best_score': 0.2151814103126526}, {'epoch': 49, 'best_score': 0.2151814103126526}]",living17,3,DANN,PCA128,4.0,0.9052940607070923,0.9052940607070923,0.5882353186607361,0.6842105388641357,splits_living17_DANN_3_0_b09dc755c62e.npz,b09dc755c62e,False,False,,,,,,,0.8713631257700005,all_pca,PCA128,IW overlap critic | W=2 | seed=0 (plug-in),True,
iw_overlap_critic,2.0,0.0,1700.0,8804.0,425.0,2203.0,0.8894117647058823,0.0,1.0,3.381359338760376,0.5,0.5,0.5031751394271851,0.24997413158416748,,,,,0.11021776086154636,0.0,425.0,0.0,2203.0,0.0,ok,plugin,False,,424.2417371209449,424.81442032556714,1.0633047410187475,0.9985958587265052,1.0310387763651876,,0.0,0.11021776086154636,0.8897822391384537,0.8897822391384537,False,,,,,,,living17,1,CDANN,PCA128,2.0,0.9052940607070923,0.9052940607070923,0.6863925457000732,0.6981388926506042,splits_living17_CDANN_1_0_b09dc755c62e.npz,b09dc755c62e,False,False,,,,,,,0.8897822391384537,all_pca,PCA128,IW overlap critic | W=2 | seed=0 (plug-in),True,
iw_overlap_critic,2.0,0.0,1700.0,68.0,425.0,19.0,0.8917647058823529,0.0,1.0,54.598148345947266,0.5,0.5,0.3921568691730499,0.25054699182510376,,,,,0.10781441220128059,0.0,425.0,0.0,19.0,0.0,ok,plugin,False,,423.7628750481392,424.9610318689123,1.0374296693238143,0.9951100724959447,1.0153753390414495,,0.0,0.10781441220128059,0.8921855877987194,0.8921855877987194,False,,,,,,,living17,2,CDANN,PCA128,2.0,0.9094117283821106,0.9094117283821106,0.8676470518112183,0.8421052694320679,splits_living17_CDANN_2_0_b09dc755c62e.npz,b09dc755c62e,False,False,,,,,,,0.8921855877987194,all_pca,PCA128,IW overlap critic | W=2 | seed=0 (plug-in),True,
iw_overlap_critic,2.0,0.0,1700.0,68.0,425.0,19.0,0.8823529411764706,0.0,1.0,54.598148345947266,0.5,0.5,0.5205882787704468,0.250085711479187,,,,,0.11740876817003837,0.0,425.0,0.0,19.0,0.0,ok,plugin,False,,424.59947329853765,424.9844419830816,1.0154443064576182,0.9999925058680715,1.0092531166089,,0.0,0.11740876817003837,0.8825912318299616,0.8825912318299616,False,,,,,,,living17,3,CDANN,PCA128,2.0,0.9052940607070923,0.9052940607070923,0.5588235259056091,0.6315789222717285,splits_living17_CDANN_3_0_b09dc755c62e.npz,b09dc755c62e,False,False,,,,,,,0.8825912318299616,all_pca,PCA128,IW overlap critic | W=2 | seed=0 (plug-in),True,
iw_overlap_critic,2.0,0.0,2600.0,13282.0,650.0,3322.0,0.8046153846153846,0.0,1.0,1.9690885543823242,0.5,0.5,0.49713271856307983,0.24958716332912445,,,,,0.1972602938703295,0.0,650.0,0.0,3322.0,0.0,ok,plugin,False,,648.5426592978627,645.0665521173554,1.249949314084321,1.0032767661864694,1.124830071206947,,0.0,0.1972602938703295,0.8027397061296705,0.8027397061296705,False,,,,,,,nonliving26,1,DANN,PCA128,4.0,0.8126922845840454,0.8126922845840454,0.5122722387313843,0.5192654728889465,splits_nonliving26_DANN_1_0_b09dc755c62e.npz,b09dc755c62e,False,False,,,,,,,0.8027397061296705,all_pca,PCA128,IW overlap critic | W=2 | seed=0 (plug-in),True,
iw_overlap_critic,2.0,0.0,2600.0,104.0,650.0,28.0,0.8292307692307692,0.0,1.0,2.056173801422119,0.5,0.5,0.5038461685180664,0.24848878383636475,,,,,0.16331462903289595,0.0,650.0,0.0,28.0,0.0,ok,plugin,False,,634.4970625010731,631.9314507267043,1.4809161767440524,0.9552490788374774,1.2908708837898013,,0.0,0.16331462903289595,0.836685370967104,0.836685370967104,False,,,,,,,nonliving26,2,DANN,PCA128,4.0,0.8176922798156738,0.8176922798156738,0.75,0.7142857313156128,splits_nonliving26_DANN_2_0_b09dc755c62e.npz,b09dc755c62e,False,False,,,,,,,0.836685370967104,all_pca,PCA128,IW overlap critic | W=2 | seed=0 (plug-in),True,
iw_overlap_critic,2.0,0.0,2600.0,104.0,650.0,28.0,0.8246153846153846,0.0,1.0,54.598148345947266,0.5,0.5,0.45384615659713745,0.2504560649394989,,,,,0.175432723692053,0.0,650.0,0.0,28.0,0.0,ok,plugin,False,,646.6299818629011,649.8190058792552,1.042962857413489,0.9959901388895536,1.0202642003915086,,0.0,0.175432723692053,0.824567276307947,0.824567276307947,False,,,,,,,nonliving26,3,DANN,PCA128,4.0,0.8146153688430786,0.8146153688430786,0.4038461744785309,0.3214285969734192,splits_nonliving26_DANN_3_0_b09dc755c62e.npz,b09dc755c62e,False,False,,,,,,,0.824567276307947,all_pca,PCA128,IW overlap critic | W=2 | seed=0 (plug-in),True,
iw_overlap_critic,2.0,0.0,2600.0,13282.0,650.0,3322.0,0.8169230769230769,0.0,1.0,1.0000653266906738,0.5,0.5,0.5055549144744873,0.2500247359275818,,,,,0.18213747936061045,0.0,650.0,0.0,3322.0,0.0,ok,plugin,False,,646.6012394580421,649.9411667340125,1.0260021100241716,0.9935716411345465,1.0130455898469846,,0.0,0.18213747936061045,0.8178625206393896,0.8178625206393896,False,,,,,,,nonliving26,1,CDANN,PCA128,2.0,0.8176922798156738,0.8176922798156738,0.5332028269767761,0.5352197289466858,splits_nonliving26_CDANN_1_0_b09dc755c62e.npz,b09dc755c62e,False,False,,,,,,,0.8178625206393896,all_pca,PCA128,IW overlap critic | W=2 | seed=0 (plug-in),True,
iw_overlap_critic,2.0,0.0,2600.0,104.0,650.0,28.0,0.8138461538461539,0.0,1.0,0.7672011852264404,0.5,0.5,0.5153846144676208,0.24115991592407227,,,,,0.18708298790122857,0.0,631.0,19.0,28.0,0.0,ok,plugin,False,,633.1270913586059,547.1977030995182,1.963558409177164,1.0347439180151425,1.6006718636025146,,0.0,0.18708298790122857,0.8129170120987714,0.8129170120987714,False,,,,,,,nonliving26,2,CDANN,PCA128,2.0,0.8165384531021118,0.8165384531021118,0.7692307829856873,0.7500000596046448,splits_nonliving26_CDANN_2_0_b09dc755c62e.npz,b09dc755c62e,False,False,,,,,,,0.8129170120987714,all_pca,PCA128,IW overlap critic | W=2 | seed=0 (plug-in),True,
iw_overlap_critic,2.0,0.0,2600.0,104.0,650.0,28.0,0.8123076923076923,0.0,1.0,54.598148345947266,0.5,0.5,0.5288461446762085,0.25011977553367615,,,,,0.1875481046434755,0.0,650.0,0.0,28.0,0.0,ok,plugin,False,,649.7177049601105,649.9940103151887,1.0125794468694345,0.998990199260781,1.0054940439763553,,0.0,0.1875481046434755,0.8124518953565245,0.8124518953565245,False,,,,,,,nonliving26,3,CDANN,PCA128,2.0,0.822692334651947,0.822692334651947,0.4038461744785309,0.3214285969734192,splits_nonliving26_CDANN_3_0_b09dc755c62e.npz,b09dc755c62e,False,False,,,,,,,0.8124518953565245,all_pca,PCA128,IW overlap critic | W=2 | seed=0 (plug-in),True,
iw_overlap_critic,2.0,0.0,11745.0,35070.0,2938.0,8768.0,0.6388699795779442,0.0,1.0,0.9999217987060547,0.5,0.5,0.5509476065635681,0.2465563714504242,3523.0,0.0,1761.0,0.0,0.3444625651304456,0.00011405109489051095,2938.0,0.0,8767.0,1.0,unsupported_critic_region,plugin,False,,2926.641730805637,2789.120642268355,1.8138259048046113,1.0047564762091836,1.3643387231051483,,,,,,,,,,,,,fmow,1,DANN,PCA128,8.0,0.6519370079040527,0.6519370079040527,0.6103222370147705,0.6077782511711121,splits_fmow_DANN_1_0_b09dc755c62e.npz,b09dc755c62e,,,,,,,,,,all_pca,PCA128,IW overlap critic | W=2 | seed=0 (plug-in),False,
iw_overlap_critic,2.0,0.0,11745.0,39088.0,2938.0,9774.0,0.6344452008168822,0.0,1.0,0.9665533900260925,0.5,0.5,0.5776947736740112,0.24428842961788177,3512.0,74.0,1750.0,40.0,0.3605706765032455,0.006957233476570493,2925.0,13.0,9706.0,68.0,ok,plugin,False,,2913.8789864755936,2681.4805757028016,1.9854090446139696,0.9634651784669622,1.5621728776115467,0.9852941176470589,0.006854921219562104,0.3674255977228076,0.6325744022771924,0.6325744022771924,False,49.0,2.0,0.2178470492362976,0.7821529507637024,1.0,"[{'epoch': 0, 'best_score': 0.08088415861129761}, {'epoch': 1, 'best_score': 0.0814368724822998}, {'epoch': 2, 'best_score': 0.08431243896484375}, {'epoch': 3, 'best_score': 0.08554136753082275}, {'epoch': 4, 'best_score': 0.08752405643463135}, {'epoch': 5, 'best_score': 0.09024202823638916}, {'epoch': 6, 'best_score': 0.09018611907958984}, {'epoch': 7, 'best_score': 0.09005105495452881}, {'epoch': 8, 'best_score': 0.09154325723648071}, {'epoch': 9, 'best_score': 0.09406918287277222}, {'epoch': 10, 'best_score': 0.09735149145126343}, {'epoch': 11, 'best_score': 0.09795033931732178}, {'epoch': 12, 'best_score': 0.10161763429641724}, {'epoch': 13, 'best_score': 0.10188436508178711}, {'epoch': 14, 'best_score': 0.10241371393203735}, {'epoch': 15, 'best_score': 0.10341644287109375}, {'epoch': 16, 'best_score': 0.10539162158966064}, {'epoch': 17, 'best_score': 0.10580915212631226}, {'epoch': 18, 'best_score': 0.10649329423904419}, {'epoch': 19, 'best_score': 0.10933232307434082}, {'epoch': 20, 'best_score': 0.11131519079208374}, {'epoch': 21, 'best_score': 0.11273229122161865}, {'epoch': 22, 'best_score': 0.11305129528045654}, {'epoch': 23, 'best_score': 0.11572051048278809}, {'epoch': 24, 'best_score': 0.11771684885025024}, {'epoch': 25, 'best_score': 0.11921495199203491}, {'epoch': 26, 'best_score': 0.11928588151931763}, {'epoch': 27, 'best_score': 0.11986702680587769}, {'epoch': 28, 'best_score': 0.12364590167999268}, {'epoch': 29, 'best_score': 0.12628173828125}, {'epoch': 30, 'best_score': 0.128528892993927}, {'epoch': 31, 'best_score': 0.13162380456924438}, {'epoch': 32, 'best_score': 0.13554096221923828}, {'epoch': 33, 'best_score': 0.13904821872711182}, {'epoch': 34, 'best_score': 0.1454787254333496}, {'epoch': 35, 'best_score': 0.14813393354415894}, {'epoch': 36, 'best_score': 0.15448600053787231}, {'epoch': 37, 'best_score': 0.15934711694717407}, {'epoch': 38, 'best_score': 0.16432160139083862}, {'epoch': 39, 'best_score': 0.1693320870399475}, {'epoch': 40, 'best_score': 0.17434024810791016}, {'epoch': 41, 'best_score': 0.18422037363052368}, {'epoch': 42, 'best_score': 0.18855905532836914}, {'epoch': 43, 'best_score': 0.19361960887908936}, {'epoch': 44, 'best_score': 0.20271432399749756}, {'epoch': 45, 'best_score': 0.2085704207420349}, {'epoch': 46, 'best_score': 0.21397912502288818}, {'epoch': 47, 'best_score': 0.2161175012588501}, {'epoch': 48, 'best_score': 0.21740150451660156}, {'epoch': 49, 'best_score': 0.2178470492362976}]",fmow,2,DANN,PCA128,8.0,0.6504895687103271,0.6504895687103271,0.5482756495475769,0.5545324683189392,splits_fmow_DANN_2_0_b09dc755c62e.npz,b09dc755c62e,False,False,,,,,,,0.6325744022771924,all_pca,PCA128,IW overlap critic | W=2 | seed=0 (plug-in),True,
iw_overlap_critic,2.0,0.0,11745.0,35070.0,2938.0,8768.0,0.6466984343090538,0.0,1.0,1.3406111001968384,0.5,0.5,0.5186152458190918,0.2494267225265503,,,,,0.34402048295954685,0.0,2938.0,0.0,8768.0,0.0,ok,plugin,False,,2913.164742578654,2910.2364763985934,1.4725330911918075,0.9810241506789652,1.1689471650512837,,0.0,0.34402048295954685,0.6559795170404532,0.6559795170404532,False,,,,,,,fmow,1,CDANN,PCA128,2.0,0.6558535695075989,0.6558535695075989,0.605617344379425,0.6010492444038391,splits_fmow_CDANN_1_0_b09dc755c62e.npz,b09dc755c62e,False,False,,,,,,,0.6559795170404532,all_pca,PCA128,IW overlap critic | W=2 | seed=0 (plug-in),True,
iw_overlap_critic,2.0,0.0,11745.0,39088.0,2938.0,9774.0,0.6446562287270252,0.0,1.0,1.2794592380523682,0.5,0.5,0.5318509340286255,0.2487453669309616,3523.0,1.0,1759.0,1.0,0.3537592556333086,0.0002046245140167792,2938.0,0.0,9772.0,2.0,ok,plugin,False,,2914.019507773689,2874.134871636118,1.9978559857340499,0.976692050581105,1.2385254281939824,1.0,0.0002046245140167792,0.3539638801473254,0.6460361198526746,0.6460361198526746,False,49.0,4.0,0.0785863995552063,0.9214136004447937,1.0,"[{'epoch': 0, 'best_score': 0.053232431411743164}, {'epoch': 1, 'best_score': 0.053232431411743164}, {'epoch': 2, 'best_score': 0.053232431411743164}, {'epoch': 3, 'best_score': 0.053232431411743164}, {'epoch': 4, 'best_score': 0.053232431411743164}, {'epoch': 5, 'best_score': 0.053232431411743164}, {'epoch': 6, 'best_score': 0.053232431411743164}, {'epoch': 7, 'best_score': 0.053232431411743164}, {'epoch': 8, 'best_score': 0.053014159202575684}, {'epoch': 9, 'best_score': 0.053014159202575684}, {'epoch': 10, 'best_score': 0.053014159202575684}, {'epoch': 11, 'best_score': 0.053014159202575684}, {'epoch': 12, 'best_score': 0.053014159202575684}, {'epoch': 13, 'best_score': 0.053014159202575684}, {'epoch': 14, 'best_score': 0.053014159202575684}, {'epoch': 15, 'best_score': 0.053014159202575684}, {'epoch': 16, 'best_score': 0.05359309911727905}, {'epoch': 17, 'best_score': 0.05359309911727905}, {'epoch': 18, 'best_score': 0.05359309911727905}, {'epoch': 19, 'best_score': 0.05359309911727905}, {'epoch': 20, 'best_score': 0.054632604122161865}, {'epoch': 21, 'best_score': 0.056282758712768555}, {'epoch': 22, 'best_score': 0.05908942222595215}, {'epoch': 23, 'best_score': 0.06255865097045898}, {'epoch': 24, 'best_score': 0.064511239528656}, {'epoch': 25, 'best_score': 0.06615513563156128}, {'epoch': 26, 'best_score': 0.06792682409286499}, {'epoch': 27, 'best_score': 0.06848973035812378}, {'epoch': 28, 'best_score': 0.07021492719650269}, {'epoch': 29, 'best_score': 0.07057011127471924}, {'epoch': 30, 'best_score': 0.07156777381896973}, {'epoch': 31, 'best_score': 0.07311499118804932}, {'epoch': 32, 'best_score': 0.07539868354797363}, {'epoch': 33, 'best_score': 0.07539868354797363}, {'epoch': 34, 'best_score': 0.07686769962310791}, {'epoch': 35, 'best_score': 0.07686769962310791}, {'epoch': 36, 'best_score': 0.07789570093154907}, {'epoch': 37, 'best_score': 0.07789570093154907}, {'epoch': 38, 'best_score': 0.07756257057189941}, {'epoch': 39, 'best_score': 0.07669806480407715}, {'epoch': 40, 'best_score': 0.07528609037399292}, {'epoch': 41, 'best_score': 0.07528609037399292}, {'epoch': 42, 'best_score': 0.07579290866851807}, {'epoch': 43, 'best_score': 0.07579290866851807}, {'epoch': 44, 'best_score': 0.07579290866851807}, {'epoch': 45, 'best_score': 0.07579290866851807}, {'epoch': 46, 'best_score': 0.07678866386413574}, {'epoch': 47, 'best_score': 0.07750058174133301}, {'epoch': 48, 'best_score': 0.0780375599861145}, {'epoch': 49, 'best_score': 0.0785863995552063}]",fmow,2,CDANN,PCA128,2.0,0.6548318862915039,0.6548318862915039,0.5420845150947571,0.5445058345794678,splits_fmow_CDANN_2_0_b09dc755c62e.npz,b09dc755c62e,False,False,,,,,,,0.6460361198526746,all_pca,PCA128,IW overlap critic | W=2 | seed=0 (plug-in),True,
iw_overlap_critic,2.0,0.0,731.0,898.0,184.0,227.0,0.9239130434782609,0.0,1.0,5.115793704986572,0.5,0.5,0.5287055373191833,0.24956950545310974,,,,,0.07466037020208856,0.0,184.0,0.0,227.0,0.0,ok,plugin,False,,181.93339873062672,182.5877700889008,1.228817087188327,0.9827407951763665,1.1413947140019678,,0.0,0.07466037020208856,0.9253396297979114,0.9253396297979114,False,,,,,,,officehome,1,DANN,PCA128,16.0,0.922024667263031,0.922024667263031,0.7193763852119446,0.7268722057342529,splits_officehome_DANN_1_0_b09dc755c62e.npz,b09dc755c62e,False,False,,,,,,,0.9253396297979114,all_pca,PCA128,IW overlap critic | W=2 | seed=0 (plug-in),True,
iw_overlap_critic,2.0,0.0,731.0,893.0,184.0,226.0,0.9021739130434783,0.0,1.0,2.7149994373321533,0.5,0.5,0.5671848654747009,0.2488403022289276,,,,,0.09778344200435347,0.0,184.0,0.0,226.0,0.0,ok,plugin,False,,179.2510233268271,179.11396808341078,1.7071746001958013,0.9476704543203833,1.2796434670323753,,0.0,0.09778344200435347,0.9022165579956465,0.9022165579956465,False,,,,,,,officehome,2,DANN,PCA128,16.0,0.915184736251831,0.915184736251831,0.44904816150665283,0.45132744312286377,splits_officehome_DANN_2_0_b09dc755c62e.npz,b09dc755c62e,False,False,,,,,,,0.9022165579956465,all_pca,PCA128,IW overlap critic | W=2 | seed=0 (plug-in),True,
iw_overlap_critic,2.0,0.0,731.0,507.0,184.0,128.0,0.9130434782608696,0.0,1.0,54.598148345947266,0.5,0.5,0.501369833946228,0.25008854269981384,,,,,0.08663387311190972,0.0,184.0,0.0,128.0,0.0,ok,plugin,False,,183.6304685257193,183.98774255888162,1.0190236934131531,0.9981368909920114,1.0120113880486918,,0.0,0.08663387311190972,0.9133661268880903,0.9133661268880903,False,,,,,,,officehome,3,DANN,PCA128,16.0,0.9056087732315063,0.9056087732315063,0.5364891290664673,0.5625,splits_officehome_DANN_3_0_b09dc755c62e.npz,b09dc755c62e,False,False,,,,,,,0.9133661268880903,all_pca,PCA128,IW overlap critic | W=2 | seed=0 (plug-in),True,
iw_overlap_critic,2.0,0.0,731.0,898.0,184.0,227.0,0.9130434782608696,0.0,1.0,5.644219875335693,0.5,0.5,0.500615656375885,0.2499386966228485,,,,,0.08745885050876052,0.0,184.0,0.0,227.0,0.0,ok,plugin,False,,183.64533487975473,183.82181278513588,1.1235635203474403,0.9940220647064626,1.0509930184579488,,0.0,0.08745885050876052,0.9125411494912394,0.9125411494912394,False,,,,,,,officehome,1,CDANN,PCA128,2.0,0.9138167500495911,0.9138167500495911,0.730512261390686,0.7488986253738403,splits_officehome_CDANN_1_0_b09dc755c62e.npz,b09dc755c62e,False,False,,,,,,,0.9125411494912394,all_pca,PCA128,IW overlap critic | W=2 | seed=0 (plug-in),True,
iw_overlap_critic,2.0,0.0,731.0,893.0,184.0,226.0,0.8913043478260869,0.0,1.0,1.699749231338501,0.5,0.5,0.4967677593231201,0.24890945851802826,,,,,0.11477928311455271,0.0,184.0,0.0,226.0,0.0,ok,plugin,False,,182.87715379350715,180.39178345010933,1.8645483507249874,0.9937795073538744,1.2085702909162763,,0.0,0.11477928311455271,0.8852207168854473,0.8852207168854473,False,,,,,,,officehome,2,CDANN,PCA128,2.0,0.9015048146247864,0.9015048146247864,0.4501679837703705,0.45132744312286377,splits_officehome_CDANN_2_0_b09dc755c62e.npz,b09dc755c62e,False,False,,,,,,,0.8852207168854473,all_pca,PCA128,IW overlap critic | W=2 | seed=0 (plug-in),True,
iw_overlap_critic,2.0,0.0,731.0,507.0,184.0,128.0,0.9130434782608696,0.0,1.0,0.5500468015670776,0.5,0.5,0.5908219218254089,0.23547053337097168,207.0,19.0,104.0,10.0,0.08280261292682109,0.1171875,174.0,10.0,113.0,15.0,ok,plugin,False,,174.114530386457,151.79301490165247,1.9906660719195484,0.8925719812353012,1.6970938988723963,1.0,0.1171875,0.1999901129268211,0.8000098870731789,0.8000098870731789,False,25.0,19.0,0.07272982597351074,0.9272701740264893,1.0,"[{'epoch': 0, 'best_score': 0.061395883560180664}, {'epoch': 1, 'best_score': 0.061395883560180664}, {'epoch': 2, 'best_score': 0.061395883560180664}, {'epoch': 3, 'best_score': 0.061395883560180664}, {'epoch': 4, 'best_score': 0.061395883560180664}, {'epoch': 5, 'best_score': 0.061395883560180664}, {'epoch': 6, 'best_score': 0.061395883560180664}, {'epoch': 7, 'best_score': 0.061395883560180664}, {'epoch': 8, 'best_score': 0.061395883560180664}, {'epoch': 9, 'best_score': 0.061395883560180664}, {'epoch': 10, 'best_score': 0.061395883560180664}, {'epoch': 11, 'best_score': 0.061395883560180664}, {'epoch': 12, 'best_score': 0.061395883560180664}, {'epoch': 13, 'best_score': 0.061395883560180664}, {'epoch': 14, 'best_score': 0.061395883560180664}, {'epoch': 15, 'best_score': 0.061395883560180664}, {'epoch': 16, 'best_score': 0.061395883560180664}, {'epoch': 17, 'best_score': 0.061395883560180664}, {'epoch': 18, 'best_score': 0.061395883560180664}, {'epoch': 19, 'best_score': 0.061395883560180664}, {'epoch': 20, 'best_score': 0.061395883560180664}, {'epoch': 21, 'best_score': 0.061395883560180664}, {'epoch': 22, 'best_score': 0.061395883560180664}, {'epoch': 23, 'best_score': 0.061395883560180664}, {'epoch': 24, 'best_score': 0.061395883560180664}, {'epoch': 25, 'best_score': 0.07272982597351074}, {'epoch': 26, 'best_score': 0.07272982597351074}, {'epoch': 27, 'best_score': 0.07272982597351074}, {'epoch': 28, 'best_score': 0.07272982597351074}, {'epoch': 29, 'best_score': 0.07272982597351074}, {'epoch': 30, 'best_score': 0.07272982597351074}, {'epoch': 31, 'best_score': 0.07272982597351074}, {'epoch': 32, 'best_score': 0.07272982597351074}, {'epoch': 33, 'best_score': 0.07272982597351074}, {'epoch': 34, 'best_score': 0.07272982597351074}, {'epoch': 35, 'best_score': 0.07272982597351074}, {'epoch': 36, 'best_score': 0.07272982597351074}, {'epoch': 37, 'best_score': 0.07272982597351074}, {'epoch': 38, 'best_score': 0.07272982597351074}, {'epoch': 39, 'best_score': 0.07272982597351074}, {'epoch': 40, 'best_score': 0.07272982597351074}, {'epoch': 41, 'best_score': 0.07272982597351074}, {'epoch': 42, 'best_score': 0.0515897274017334}, {'epoch': 43, 'best_score': 0.0515897274017334}, {'epoch': 44, 'best_score': 0.0515897274017334}, {'epoch': 45, 'best_score': 0.0515897274017334}, {'epoch': 46, 'best_score': 0.04398488998413086}, {'epoch': 47, 'best_score': 0.04398488998413086}, {'epoch': 48, 'best_score': 0.04398488998413086}, {'epoch': 49, 'best_score': 0.04548245668411255}]",officehome,3,CDANN,PCA128,2.0,0.9138167500495911,0.9138167500495911,0.5364891290664673,0.5546875,splits_officehome_CDANN_3_0_b09dc755c62e.npz,b09dc755c62e,False,False,,,,,,,0.8000098870731789,all_pca,PCA128,IW overlap critic | W=2 | seed=0 (plug-in),True,
iw_overlap_critic,2.0,0.0,24387.0,11083.0,6098.0,2773.0,0.9996720236142997,0.0,1.0,1.0648239850997925,0.5,0.5,0.5886049866676331,0.2393961250782013,7028.0,217.0,3512.0,100.0,7.991811179321828e-05,0.062387306166606565,5843.0,255.0,2600.0,173.0,ok,plugin,False,,5528.868580148026,5137.805284142981,1.9989691560943488,0.9124177909033863,1.5868806625313696,0.976878612716763,0.060944825099170576,0.061024743210963794,0.9389752567890362,0.9389752567890362,False,48.0,12.0,0.5170985460281372,0.4529014825820923,0.9700000286102295,"[{'epoch': 0, 'best_score': 0.10964912176132202}, {'epoch': 1, 'best_score': 0.11260312795639038}, {'epoch': 2, 'best_score': 0.12069010734558105}, {'epoch': 3, 'best_score': 0.12958717346191406}, {'epoch': 4, 'best_score': 0.13285183906555176}, {'epoch': 5, 'best_score': 0.13715499639511108}, {'epoch': 6, 'best_score': 0.13786596059799194}, {'epoch': 7, 'best_score': 0.1387200951576233}, {'epoch': 8, 'best_score': 0.13998860120773315}, {'epoch': 9, 'best_score': 0.1499091386795044}, {'epoch': 10, 'best_score': 0.17406564950942993}, {'epoch': 11, 'best_score': 0.18760651350021362}, {'epoch': 12, 'best_score': 0.2020440697669983}, {'epoch': 13, 'best_score': 0.21334022283554077}, {'epoch': 14, 'best_score': 0.2226584553718567}, {'epoch': 15, 'best_score': 0.23419785499572754}, {'epoch': 16, 'best_score': 0.24538367986679077}, {'epoch': 17, 'best_score': 0.2535736560821533}, {'epoch': 18, 'best_score': 0.26338034868240356}, {'epoch': 19, 'best_score': 0.27220743894577026}, {'epoch': 20, 'best_score': 0.2846883535385132}, {'epoch': 21, 'best_score': 0.293201208114624}, {'epoch': 22, 'best_score': 0.3083895444869995}, {'epoch': 23, 'best_score': 0.32240843772888184}, {'epoch': 24, 'best_score': 0.3354990482330322}, {'epoch': 25, 'best_score': 0.34861135482788086}, {'epoch': 26, 'best_score': 0.35780996084213257}, {'epoch': 27, 'best_score': 0.3776167631149292}, {'epoch': 28, 'best_score': 0.38649678230285645}, {'epoch': 29, 'best_score': 0.3952445387840271}, {'epoch': 30, 'best_score': 0.40621834993362427}, {'epoch': 31, 'best_score': 0.41466689109802246}, {'epoch': 32, 'best_score': 0.4139038920402527}, {'epoch': 33, 'best_score': 0.4208705425262451}, {'epoch': 34, 'best_score': 0.4283726215362549}, {'epoch': 35, 'best_score': 0.42346733808517456}, {'epoch': 36, 'best_score': 0.43128734827041626}, {'epoch': 37, 'best_score': 0.43312352895736694}, {'epoch': 38, 'best_score': 0.4509931206703186}, {'epoch': 39, 'best_score': 0.4603383541107178}, {'epoch': 40, 'best_score': 0.4696381688117981}, {'epoch': 41, 'best_score': 0.4775194227695465}, {'epoch': 42, 'best_score': 0.48785141110420227}, {'epoch': 43, 'best_score': 0.49415871500968933}, {'epoch': 44, 'best_score': 0.5008045434951782}, {'epoch': 45, 'best_score': 0.5064491033554077}, {'epoch': 46, 'best_score': 0.5134008526802063}, {'epoch': 47, 'best_score': 0.5165373086929321}, {'epoch': 48, 'best_score': 0.5170985460281372}, {'epoch': 49, 'best_score': 0.5170756578445435}]",visda,1,DANN,PCA128,16.0,0.9995489120483398,0.9995489120483398,0.6463051438331604,0.6473133563995361,splits_visda_DANN_1_0_b09dc755c62e.npz,b09dc755c62e,False,False,,,,,,,0.9389752567890362,all_pca,PCA128,IW overlap critic | W=2 | seed=0 (plug-in),True,
iw_overlap_critic,2.0,0.0,24387.0,14480.0,6098.0,3620.0,0.9998360118071499,0.0,1.0,1.153635025024414,0.5,0.5,0.5398895740509033,0.24600785970687866,7255.0,32.0,3634.0,15.0,0.00010908185183251374,0.006353591160220995,6062.0,36.0,3597.0,23.0,ok,plugin,False,,6028.177610054367,5680.005779666207,1.9991108093484429,0.9659091646735947,1.4548140828035978,0.8695652173913043,0.005524861878453039,0.005633943730285553,0.9943660562697144,0.9943660562697144,False,49.0,5.0,0.7794284820556641,0.15390482544898987,0.9333333373069763,"[{'epoch': 0, 'best_score': 0.19881629943847656}, {'epoch': 1, 'best_score': 0.20379137992858887}, {'epoch': 2, 'best_score': 0.20649480819702148}, {'epoch': 3, 'best_score': 0.2085210680961609}, {'epoch': 4, 'best_score': 0.21927350759506226}, {'epoch': 5, 'best_score': 0.22259920835494995}, {'epoch': 6, 'best_score': 0.22862553596496582}, {'epoch': 7, 'best_score': 0.23883885145187378}, {'epoch': 8, 'best_score': 0.2577497363090515}, {'epoch': 9, 'best_score': 0.2745702266693115}, {'epoch': 10, 'best_score': 0.28708475828170776}, {'epoch': 11, 'best_score': 0.3010290861129761}, {'epoch': 12, 'best_score': 0.3124018907546997}, {'epoch': 13, 'best_score': 0.3229411840438843}, {'epoch': 14, 'best_score': 0.3367123007774353}, {'epoch': 15, 'best_score': 0.3519825339317322}, {'epoch': 16, 'best_score': 0.36501264572143555}, {'epoch': 17, 'best_score': 0.3769226670265198}, {'epoch': 18, 'best_score': 0.3510586619377136}, {'epoch': 19, 'best_score': 0.36434733867645264}, {'epoch': 20, 'best_score': 0.37970370054244995}, {'epoch': 21, 'best_score': 0.3900587558746338}, {'epoch': 22, 'best_score': 0.4105587601661682}, {'epoch': 23, 'best_score': 0.4310725927352905}, {'epoch': 24, 'best_score': 0.45169883966445923}, {'epoch': 25, 'best_score': 0.47360002994537354}, {'epoch': 26, 'best_score': 0.496491014957428}, {'epoch': 27, 'best_score': 0.5205775499343872}, {'epoch': 28, 'best_score': 0.5397441387176514}, {'epoch': 29, 'best_score': 0.562675416469574}, {'epoch': 30, 'best_score': 0.5836959481239319}, {'epoch': 31, 'best_score': 0.6045337915420532}, {'epoch': 32, 'best_score': 0.6185507774353027}, {'epoch': 33, 'best_score': 0.6314012408256531}, {'epoch': 34, 'best_score': 0.644508957862854}, {'epoch': 35, 'best_score': 0.6660231351852417}, {'epoch': 36, 'best_score': 0.6800910830497742}, {'epoch': 37, 'best_score': 0.6946558952331543}, {'epoch': 38, 'best_score': 0.7113583087921143}, {'epoch': 39, 'best_score': 0.7259756922721863}, {'epoch': 40, 'best_score': 0.7370800971984863}, {'epoch': 41, 'best_score': 0.7423585057258606}, {'epoch': 42, 'best_score': 0.7492314577102661}, {'epoch': 43, 'best_score': 0.7545521855354309}, {'epoch': 44, 'best_score': 0.7608778476715088}, {'epoch': 45, 'best_score': 0.76711505651474}, {'epoch': 46, 'best_score': 0.771083652973175}, {'epoch': 47, 'best_score': 0.7743204236030579}, {'epoch': 48, 'best_score': 0.7770670056343079}, {'epoch': 49, 'best_score': 0.7794284820556641}]",visda,2,DANN,PCA128,16.0,0.9997539520263672,0.9997539520263672,0.6546961069107056,0.6544198393821716,splits_visda_DANN_2_0_b09dc755c62e.npz,b09dc755c62e,False,False,,,,,,,0.9943660562697144,all_pca,PCA128,IW overlap critic | W=2 | seed=0 (plug-in),True,
iw_overlap_critic,2.0,0.0,24387.0,11083.0,6098.0,2773.0,0.9993440472285995,0.0,1.0,0.8545470237731934,0.5,0.5,0.5116102695465088,0.2483314573764801,,,,,0.0005390903966740148,0.0,6098.0,0.0,2773.0,0.0,ok,plugin,False,,6100.942568998281,5941.747942110097,1.6343424502635537,1.006091117823273,1.2712585427900587,,0.0,0.0005390903966740148,0.999460909603326,0.999460909603326,False,,,,,,,visda,1,CDANN,PCA128,2.0,0.9990978837013245,0.9990978837013245,0.6784264445304871,0.6693112254142761,splits_visda_CDANN_1_0_b09dc755c62e.npz,b09dc755c62e,False,False,,,,,,,0.999460909603326,all_pca,PCA128,IW overlap critic | W=2 | seed=0 (plug-in),True,
iw_overlap_critic,2.0,0.0,24387.0,14480.0,6098.0,3620.0,0.9995080354214496,0.0,1.0,1.0339429378509521,0.5,0.5,0.5847561359405518,0.24282695353031158,7315.0,8.0,3658.0,2.0,0.0005117856287103404,0.0005524861878453039,6096.0,2.0,3618.0,2.0,ok,plugin,False,,6080.453842980047,5483.24009241182,1.977885707999236,0.9590836501793809,1.5631750475144328,1.0,0.0005524861878453039,0.0010642718165556442,0.9989357281834443,0.9989357281834443,False,47.0,12.0,0.19931137561798096,0.800688624382019,1.0,"[{'epoch': 0, 'best_score': 0.14745193719863892}, {'epoch': 1, 'best_score': 0.14745193719863892}, {'epoch': 2, 'best_score': 0.14745193719863892}, {'epoch': 3, 'best_score': 0.14745193719863892}, {'epoch': 4, 'best_score': 0.14745193719863892}, {'epoch': 5, 'best_score': 0.14745193719863892}, {'epoch': 6, 'best_score': 0.14745193719863892}, {'epoch': 7, 'best_score': 0.14745193719863892}, {'epoch': 8, 'best_score': 0.14745193719863892}, {'epoch': 9, 'best_score': 0.14745193719863892}, {'epoch': 10, 'best_score': 0.14745193719863892}, {'epoch': 11, 'best_score': 0.14745193719863892}, {'epoch': 12, 'best_score': 0.14745193719863892}, {'epoch': 13, 'best_score': 0.14745193719863892}, {'epoch': 14, 'best_score': 0.14745193719863892}, {'epoch': 15, 'best_score': 0.14745193719863892}, {'epoch': 16, 'best_score': 0.14745193719863892}, {'epoch': 17, 'best_score': 0.14745193719863892}, {'epoch': 18, 'best_score': 0.14745193719863892}, {'epoch': 19, 'best_score': 0.14745193719863892}, {'epoch': 20, 'best_score': 0.14745193719863892}, {'epoch': 21, 'best_score': 0.14745193719863892}, {'epoch': 22, 'best_score': 0.14745193719863892}, {'epoch': 23, 'best_score': 0.14745193719863892}, {'epoch': 24, 'best_score': 0.14745193719863892}, {'epoch': 25, 'best_score': 0.14745193719863892}, {'epoch': 26, 'best_score': 0.14745193719863892}, {'epoch': 27, 'best_score': 0.14745193719863892}, {'epoch': 28, 'best_score': 0.14745193719863892}, {'epoch': 29, 'best_score': 0.14745193719863892}, {'epoch': 30, 'best_score': 0.14745193719863892}, {'epoch': 31, 'best_score': 0.14745193719863892}, {'epoch': 32, 'best_score': 0.14745193719863892}, {'epoch': 33, 'best_score': 0.14745193719863892}, {'epoch': 34, 'best_score': 0.14745193719863892}, {'epoch': 35, 'best_score': 0.14745193719863892}, {'epoch': 36, 'best_score': 0.15226107835769653}, {'epoch': 37, 'best_score': 0.15576690435409546}, {'epoch': 38, 'best_score': 0.16167253255844116}, {'epoch': 39, 'best_score': 0.16904067993164062}, {'epoch': 40, 'best_score': 0.17366307973861694}, {'epoch': 41, 'best_score': 0.18065500259399414}, {'epoch': 42, 'best_score': 0.189184308052063}, {'epoch': 43, 'best_score': 0.19314181804656982}, {'epoch': 44, 'best_score': 0.19684791564941406}, {'epoch': 45, 'best_score': 0.1955258846282959}, {'epoch': 46, 'best_score': 0.19804710149765015}, {'epoch': 47, 'best_score': 0.19931137561798096}, {'epoch': 48, 'best_score': 0.1991490125656128}, {'epoch': 49, 'best_score': 0.19889312982559204}]",visda,2,CDANN,PCA128,2.0,0.9995899200439453,0.9995899200439453,0.7107734680175781,0.7140883803367615,splits_visda_CDANN_2_0_b09dc755c62e.npz,b09dc755c62e,False,False,,,,,,,0.9989357281834443,all_pca,PCA128,IW overlap critic | W=2 | seed=0 (plug-in),True,
