prediction_method,iw_threshold,seed,n_source,n_target,n_val_source,n_val_target,h_val_acc,domain_log_odds_clipped_count,source_strength,domain_temperature,domain_source_prior,domain_target_prior,domain_cal_balanced_accuracy,domain_cal_brier,n_source_critic_train_region,n_target_critic_train_region,n_source_critic_select_region,n_target_critic_select_region,iw_error_contribution,target_residual_mass,n_source_a,n_source_b,n_target_a,n_target_b,status,estimate_kind,confidence_bound_available,epsilon,iw_weight_sum,iw_effective_n,iw_weight_max,iw_weight_p50,iw_weight_p95,residual_target_disagreement,residual_error_contribution,error_estimate_raw,accuracy_estimate_raw,lower_bound,output_clipped,critic_epoch,critic_repeat,critic_selection_score,critic_selection_source_disagreement,critic_selection_target_disagreement,critic_history,dataset,shift,train_method,bound_strategy,dim,src_accuracy,h_full_acc,trg_accuracy,trg_eval_accuracy,split_file,run_id,bound_valid,bound_valid_eval,residual_source_error,residual_source_disagreement,residual_discrepancy,delta,error_upper_bound_raw,max_ts_agree_diff,prediction,plot,panel,series,plotted,temperature
iw_overlap_critic,5.0,0.0,6500.0,33009.0,1625.0,8255.0,0.904,0.0,1.0,3.687958240509033,0.5,0.5,0.5205477476119995,0.2499304860830307,,,,,0.09639714533886476,0.0,1625.0,0.0,8255.0,0.0,ok,plugin,False,,1625.451729280784,1623.127960420403,1.146217618916505,0.9971896526039354,1.0615643857114905,,0.0,0.09639714533886476,0.9036028546611352,0.9036028546611352,False,,,,,,,entity13,1,DANN,logits,13.0,0.905846118927002,0.905846118927002,0.7318307161331177,0.7345851063728333,splits_entity13_DANN_1_0_b09dc755c62e.npz,b09dc755c62e,False,False,,,,,,,0.9036028546611352,accuracy_vs_baselines,logits,IW overlap critic | W=5 | seed=0 (plug-in),True,
iw_overlap_critic,5.0,0.0,6500.0,260.0,1625.0,65.0,0.9101538461538462,0.0,1.0,54.598148345947266,0.5,0.5,0.4661538600921631,0.2502062916755676,,,,,0.0897240431413496,0.0,1625.0,0.0,65.0,0.0,ok,plugin,False,,1622.9808558045895,1624.9135292993105,1.0295263176653389,0.9986247386053284,1.010330241000122,,0.0,0.0897240431413496,0.9102759568586504,0.9102759568586504,False,,,,,,,entity13,2,DANN,logits,13.0,0.9129230380058289,0.9129230380058289,0.8615384697914124,0.8461538553237915,splits_entity13_DANN_2_0_b09dc755c62e.npz,b09dc755c62e,False,False,,,,,,,0.9102759568586504,accuracy_vs_baselines,logits,IW overlap critic | W=5 | seed=0 (plug-in),True,
iw_overlap_critic,5.0,0.0,6500.0,260.0,1625.0,65.0,0.9027692307692308,0.0,1.0,3.830349922180176,0.5,0.5,0.516153872013092,0.24943119287490845,,,,,0.09681538446997534,0.0,1625.0,0.0,65.0,0.0,ok,plugin,False,,1615.3376671424385,1605.3965345672318,1.5597520559256435,0.9906993392827033,1.17506646938591,,0.0,0.09681538446997534,0.9031846155300247,0.9031846155300247,False,,,,,,,entity13,3,DANN,logits,13.0,0.907076895236969,0.907076895236969,0.6653845906257629,0.5538461804389954,splits_entity13_DANN_3_0_b09dc755c62e.npz,b09dc755c62e,False,False,,,,,,,0.9031846155300247,accuracy_vs_baselines,logits,IW overlap critic | W=5 | seed=0 (plug-in),True,
iw_overlap_critic,5.0,0.0,6500.0,33009.0,1625.0,8255.0,0.9132307692307693,0.0,1.0,2.3982067108154297,0.5,0.5,0.5145338177680969,0.2498086541891098,,,,,0.08716399680370747,0.0,1625.0,0.0,8255.0,0.0,ok,plugin,False,,1626.8973288698844,1619.8188336937326,1.2154376662173454,1.0017288221139384,1.0907311822584893,,0.0,0.08716399680370747,0.9128360031962925,0.9128360031962925,False,,,,,,,entity13,1,CDANN,logits,13.0,0.9096922874450684,0.9096922874450684,0.7354357838630676,0.7372501492500305,splits_entity13_CDANN_1_0_b09dc755c62e.npz,b09dc755c62e,False,False,,,,,,,0.9128360031962925,accuracy_vs_baselines,logits,IW overlap critic | W=5 | seed=0 (plug-in),True,
iw_overlap_critic,5.0,0.0,6500.0,260.0,1625.0,65.0,0.9058461538461539,0.0,1.0,54.598148345947266,0.5,0.5,0.39384615421295166,0.2502327263355255,,,,,0.0941234260824005,0.0,1625.0,0.0,65.0,0.0,ok,plugin,False,,1622.9480364599706,1624.914174672017,1.0364243672746556,0.9988015387721471,1.0105301857139013,,0.0,0.0941234260824005,0.9058765739175995,0.9058765739175995,False,,,,,,,entity13,2,CDANN,logits,13.0,0.9081538319587708,0.9081538319587708,0.8423076868057251,0.8769230842590332,splits_entity13_CDANN_2_0_b09dc755c62e.npz,b09dc755c62e,False,False,,,,,,,0.9058765739175995,accuracy_vs_baselines,logits,IW overlap critic | W=5 | seed=0 (plug-in),True,
iw_overlap_critic,5.0,0.0,6500.0,260.0,1625.0,65.0,0.9015384615384615,0.0,1.0,5.533639430999756,0.5,0.5,0.48076921701431274,0.24978940188884735,,,,,0.09893176709000366,0.0,1625.0,0.0,65.0,0.0,ok,plugin,False,,1623.8538745476258,1618.0954354770329,1.184193507693934,1.007715047511049,1.0916158389561164,,0.0,0.09893176709000366,0.9010682329099964,0.9010682329099964,False,,,,,,,entity13,3,CDANN,logits,13.0,0.9061538577079773,0.9061538577079773,0.6653845906257629,0.5692307949066162,splits_entity13_CDANN_3_0_b09dc755c62e.npz,b09dc755c62e,False,False,,,,,,,0.9010682329099964,accuracy_vs_baselines,logits,IW overlap critic | W=5 | seed=0 (plug-in),True,
iw_overlap_critic,5.0,0.0,6000.0,30828.0,1500.0,7709.0,0.8426666666666667,0.0,1.0,1.728687047958374,0.5,0.5,0.5138411521911621,0.24932533502578735,,,,,0.157693289261415,0.0,1500.0,0.0,7709.0,0.0,ok,plugin,False,,1504.8331593339535,1481.5380631016374,1.450980002028854,0.9974380802346456,1.1953827612708676,,0.0,0.157693289261415,0.842306710738585,0.842306710738585,False,,,,,,,entity30,1,DANN,logits,30.0,0.8550000190734863,0.8550000190734863,0.6190800070762634,0.6236866116523743,splits_entity30_DANN_1_0_b09dc755c62e.npz,b09dc755c62e,False,False,,,,,,,0.842306710738585,accuracy_vs_baselines,logits,IW overlap critic | W=5 | seed=0 (plug-in),True,
iw_overlap_critic,5.0,0.0,6000.0,240.0,1500.0,60.0,0.8606666666666667,0.0,1.0,54.598148345947266,0.5,0.5,0.5016666650772095,0.2500607371330261,,,,,0.1388303003112932,0.0,1500.0,0.0,60.0,0.0,ok,plugin,False,,1494.5841102565068,1499.7261375967405,1.0555103048639427,0.996924677426781,1.017718719317838,,0.0,0.1388303003112932,0.8611696996887068,0.8611696996887068,False,,,,,,,entity30,2,DANN,logits,30.0,0.8646666407585144,0.8646666407585144,0.7875000238418579,0.7500000596046448,splits_entity30_DANN_2_0_b09dc755c62e.npz,b09dc755c62e,False,False,,,,,,,0.8611696996887068,accuracy_vs_baselines,logits,IW overlap critic | W=5 | seed=0 (plug-in),True,
iw_overlap_critic,5.0,0.0,6000.0,240.0,1500.0,60.0,0.8553333333333333,0.0,1.0,54.598148345947266,0.5,0.5,0.46166667342185974,0.2499976009130478,,,,,0.143718802763159,0.0,1500.0,0.0,60.0,0.0,ok,plugin,False,,1492.3784582378312,1499.583435511841,1.0412212537758008,0.9963825535291864,1.020531419000476,,0.0,0.143718802763159,0.856281197236841,0.856281197236841,False,,,,,,,entity30,3,DANN,logits,30.0,0.8636666536331177,0.8636666536331177,0.5708333849906921,0.6666666865348816,splits_entity30_DANN_3_0_b09dc755c62e.npz,b09dc755c62e,False,False,,,,,,,0.856281197236841,accuracy_vs_baselines,logits,IW overlap critic | W=5 | seed=0 (plug-in),True,
iw_overlap_critic,5.0,0.0,6000.0,30828.0,1500.0,7709.0,0.856,0.0,1.0,4.229965686798096,0.5,0.5,0.5144094824790955,0.2498675435781479,,,,,0.1446064552973482,0.0,1500.0,0.0,7709.0,0.0,ok,plugin,False,,1497.372736781761,1496.2971489738413,1.2201435979985311,0.9960204159701154,1.0832021564352399,,0.0,0.1446064552973482,0.8553935447026518,0.8553935447026518,False,,,,,,,entity30,1,CDANN,logits,30.0,0.8611666560173035,0.8611666560173035,0.627903163433075,0.6345829367637634,splits_entity30_CDANN_1_0_b09dc755c62e.npz,b09dc755c62e,False,False,,,,,,,0.8553935447026518,accuracy_vs_baselines,logits,IW overlap critic | W=5 | seed=0 (plug-in),True,
iw_overlap_critic,5.0,0.0,6000.0,240.0,1500.0,60.0,0.862,0.0,1.0,54.598148345947266,0.5,0.5,0.43166667222976685,0.2501581013202667,,,,,0.1374331973669702,0.0,1500.0,0.0,60.0,0.0,ok,plugin,False,,1493.2470028463106,1499.720804552401,1.0384839375896187,0.9954725205721457,1.018114048842811,,0.0,0.1374331973669702,0.8625668026330298,0.8625668026330298,False,,,,,,,entity30,2,CDANN,logits,30.0,0.8646666407585144,0.8646666407585144,0.8125000596046448,0.7500000596046448,splits_entity30_CDANN_2_0_b09dc755c62e.npz,b09dc755c62e,False,False,,,,,,,0.8625668026330298,accuracy_vs_baselines,logits,IW overlap critic | W=5 | seed=0 (plug-in),True,
iw_overlap_critic,5.0,0.0,6000.0,240.0,1500.0,60.0,0.8453333333333333,0.0,1.0,54.598148345947266,0.5,0.5,0.43416666984558105,0.2500317394733429,,,,,0.15387466304092193,0.0,1500.0,0.0,60.0,0.0,ok,plugin,False,,1494.5325012369603,1499.702791735605,1.0436227616005247,0.9966017781022638,1.0193663146885727,,0.0,0.15387466304092193,0.8461253369590781,0.8461253369590781,False,,,,,,,entity30,3,CDANN,logits,30.0,0.8573333024978638,0.8573333024978638,0.5625,0.6166666746139526,splits_entity30_CDANN_3_0_b09dc755c62e.npz,b09dc755c62e,False,False,,,,,,,0.8461253369590781,accuracy_vs_baselines,logits,IW overlap critic | W=5 | seed=0 (plug-in),True,
iw_overlap_critic,5.0,0.0,10000.0,2000.0,2500.0,500.0,0.9452,0.0,1.0,2.7144715785980225,0.5,0.5,0.5149999856948853,0.24972444772720337,,,,,0.05527905232382684,0.0,2500.0,0.0,500.0,0.0,ok,plugin,False,,2490.763291733524,2487.6180886665843,1.2452015604379874,0.9935279219351392,1.1159082128740911,,0.0,0.05527905232382684,0.9447209476761732,0.9447209476761732,False,,,,,,,cifar10,1,DANN,logits,10.0,0.9508999586105347,0.9508999586105347,0.8440000414848328,0.8360000252723694,splits_cifar10_DANN_1_0_b09dc755c62e.npz,b09dc755c62e,False,False,,,,,,,0.9447209476761732,accuracy_vs_baselines,logits,IW overlap critic | W=5 | seed=0 (plug-in),True,
iw_overlap_critic,5.0,0.0,10000.0,2000.0,2500.0,500.0,0.946,0.0,1.0,54.598148345947266,0.5,0.5,0.49900001287460327,0.2500520348548889,,,,,0.053977254585820436,0.0,2500.0,0.0,500.0,0.0,ok,plugin,False,,2499.350371889275,2499.965877937097,1.0116953872164371,0.9997928421731974,1.0058517713974136,,0.0,0.053977254585820436,0.9460227454141795,0.9460227454141795,False,,,,,,,cifar10,10,DANN,logits,10.0,0.9477999806404114,0.9477999806404114,0.924500048160553,0.9120000600814819,splits_cifar10_DANN_10_0_b09dc755c62e.npz,b09dc755c62e,False,False,,,,,,,0.9460227454141795,accuracy_vs_baselines,logits,IW overlap critic | W=5 | seed=0 (plug-in),True,
iw_overlap_critic,5.0,0.0,10000.0,2000.0,2500.0,500.0,0.9452,0.0,1.0,54.598148345947266,0.5,0.5,0.4724999964237213,0.2500370144844055,,,,,0.0547860526192732,0.0,2500.0,0.0,500.0,0.0,ok,plugin,False,,2499.534284390755,2499.977277075477,1.0108819125923776,0.999816907350147,1.0046119831146385,,0.0,0.0547860526192732,0.9452139473807268,0.9452139473807268,False,,,,,,,cifar10,71,DANN,logits,10.0,0.9487999677658081,0.9487999677658081,0.9305000305175781,0.9180000424385071,splits_cifar10_DANN_71_0_b09dc755c62e.npz,b09dc755c62e,False,False,,,,,,,0.9452139473807268,accuracy_vs_baselines,logits,IW overlap critic | W=5 | seed=0 (plug-in),True,
iw_overlap_critic,5.0,0.0,10000.0,2000.0,2500.0,500.0,0.9528,0.0,1.0,54.598148345947266,0.5,0.5,0.48350000381469727,0.2500438690185547,,,,,0.047194212081689564,0.0,2500.0,0.0,500.0,0.0,ok,plugin,False,,2499.665104551872,2499.9861775831446,1.0061237349092884,0.9996522169064508,1.0038381868779027,,0.0,0.047194212081689564,0.9528057879183104,0.9528057879183104,False,,,,,,,cifar10,95,DANN,logits,10.0,0.9515999555587769,0.9515999555587769,0.9390000700950623,0.9360000491142273,splits_cifar10_DANN_95_0_b09dc755c62e.npz,b09dc755c62e,False,False,,,,,,,0.9528057879183104,accuracy_vs_baselines,logits,IW overlap critic | W=5 | seed=0 (plug-in),True,
iw_overlap_critic,5.0,0.0,10000.0,2000.0,2500.0,500.0,0.9476,0.0,1.0,15.170090675354004,0.5,0.5,0.5120000243186951,0.2499927282333374,,,,,0.05250433867073842,0.0,2500.0,0.0,500.0,0.0,ok,plugin,False,,2497.3932455475524,2499.657998592665,1.0286085284895574,0.9982982617247618,1.0174694260297672,,0.0,0.05250433867073842,0.9474956613292616,0.9474956613292616,False,,,,,,,cifar10,1,CDANN,logits,10.0,0.949999988079071,0.949999988079071,0.846500039100647,0.8440000414848328,splits_cifar10_CDANN_1_0_b09dc755c62e.npz,b09dc755c62e,False,False,,,,,,,0.9474956613292616,accuracy_vs_baselines,logits,IW overlap critic | W=5 | seed=0 (plug-in),True,
iw_overlap_critic,5.0,0.0,10000.0,2000.0,2500.0,500.0,0.9468,0.0,1.0,54.598148345947266,0.5,0.5,0.48100000619888306,0.2500584125518799,,,,,0.05319603762310007,0.0,2500.0,0.0,500.0,0.0,ok,plugin,False,,2498.9610457020863,2499.960930296623,1.013563395964361,0.9994265548504325,1.0065270235931552,,0.0,0.05319603762310007,0.9468039623768999,0.9468039623768999,False,,,,,,,cifar10,10,CDANN,logits,10.0,0.948699951171875,0.948699951171875,0.9160000681877136,0.9120000600814819,splits_cifar10_CDANN_10_0_b09dc755c62e.npz,b09dc755c62e,False,False,,,,,,,0.9468039623768999,accuracy_vs_baselines,logits,IW overlap critic | W=5 | seed=0 (plug-in),True,
iw_overlap_critic,5.0,0.0,10000.0,2000.0,2500.0,500.0,0.9492,0.0,1.0,54.598148345947266,0.5,0.5,0.4650000035762787,0.25004249811172485,,,,,0.05079030575612145,0.0,2500.0,0.0,500.0,0.0,ok,plugin,False,,2499.46999202274,2499.9783234754614,1.0120593683728807,0.9995410194424087,1.0051221552158527,,0.0,0.05079030575612145,0.9492096942438786,0.9492096942438786,False,,,,,,,cifar10,71,CDANN,logits,10.0,0.9511999487876892,0.9511999487876892,0.9280000329017639,0.9040000438690186,splits_cifar10_CDANN_71_0_b09dc755c62e.npz,b09dc755c62e,False,False,,,,,,,0.9492096942438786,accuracy_vs_baselines,logits,IW overlap critic | W=5 | seed=0 (plug-in),True,
iw_overlap_critic,5.0,0.0,10000.0,2000.0,2500.0,500.0,0.9516,0.0,1.0,54.598148345947266,0.5,0.5,0.47450000047683716,0.250036358833313,,,,,0.04839748708045496,0.0,2500.0,0.0,500.0,0.0,ok,plugin,False,,2499.626972410137,2499.9879266014955,1.0066564969396654,0.9995390854773687,1.0035422914818688,,0.0,0.04839748708045496,0.951602512919545,0.951602512919545,False,,,,,,,cifar10,95,CDANN,logits,10.0,0.9526000022888184,0.9526000022888184,0.9355000257492065,0.9260000586509705,splits_cifar10_CDANN_95_0_b09dc755c62e.npz,b09dc755c62e,False,False,,,,,,,0.951602512919545,accuracy_vs_baselines,logits,IW overlap critic | W=5 | seed=0 (plug-in),True,
iw_overlap_critic,5.0,0.0,10000.0,2000.0,2500.0,500.0,0.758,0.0,1.0,5.491447925567627,0.5,0.5,0.5239999890327454,0.2492186278104782,,,,,0.23915412119862045,0.0,2500.0,0.0,500.0,0.0,ok,plugin,False,,2467.9818743558326,2471.2415953613263,1.4042553349704567,0.9849870126168123,1.164483854463959,,0.0,0.23915412119862045,0.7608458788013795,0.7608458788013795,False,,,,,,,cifar100,4,DANN,logits,100.0,0.7841999530792236,0.7841999530792236,0.7440000176429749,0.7760000228881836,splits_cifar100_DANN_4_0_b09dc755c62e.npz,b09dc755c62e,False,True,,,,,,,0.7608458788013795,accuracy_vs_baselines,logits,IW overlap critic | W=5 | seed=0 (plug-in),True,
iw_overlap_critic,5.0,0.0,10000.0,2000.0,2500.0,500.0,0.76,0.0,1.0,3.8378243446350098,0.5,0.5,0.5189999938011169,0.2482605278491974,,,,,0.23561112858152902,0.0,2500.0,0.0,500.0,0.0,ok,plugin,False,,2446.566909208289,2436.1491685274805,1.6419769033871479,0.9722690455723946,1.2485575030222478,,0.0,0.23561112858152902,0.764388871418471,0.764388871418471,False,,,,,,,cifar100,12,DANN,logits,100.0,0.7831999659538269,0.7831999659538269,0.7545000314712524,0.7860000133514404,splits_cifar100_DANN_12_0_b09dc755c62e.npz,b09dc755c62e,False,True,,,,,,,0.764388871418471,accuracy_vs_baselines,logits,IW overlap critic | W=5 | seed=0 (plug-in),True,
iw_overlap_critic,5.0,0.0,10000.0,2000.0,2500.0,500.0,0.7596,0.0,1.0,2.802358388900757,0.5,0.5,0.5494999885559082,0.24673324823379517,,,,,0.23318871703695868,0.0,2500.0,0.0,500.0,0.0,ok,plugin,False,,2445.9565559321895,2374.9200454287657,2.3634805940494568,0.9626365028377801,1.3661096021972992,,0.0,0.23318871703695868,0.7668112829630414,0.7668112829630414,False,,,,,,,cifar100,59,DANN,logits,100.0,0.7841999530792236,0.7841999530792236,0.7585000395774841,0.7720000147819519,splits_cifar100_DANN_59_0_b09dc755c62e.npz,b09dc755c62e,False,True,,,,,,,0.7668112829630414,accuracy_vs_baselines,logits,IW overlap critic | W=5 | seed=0 (plug-in),True,
iw_overlap_critic,5.0,0.0,10000.0,2000.0,2500.0,500.0,0.764,0.0,1.0,6.978378772735596,0.5,0.5,0.5135000348091125,0.24948640167713165,,,,,0.23254424585950542,0.0,2500.0,0.0,500.0,0.0,ok,plugin,False,,2466.625196752198,2480.0872615463854,1.28467736797543,0.9857623570780534,1.1353387546000333,,0.0,0.23254424585950542,0.7674557541404946,0.7674557541404946,False,,,,,,,cifar100,82,DANN,logits,100.0,0.7861999869346619,0.7861999869346619,0.7695000171661377,0.7700000405311584,splits_cifar100_DANN_82_0_b09dc755c62e.npz,b09dc755c62e,True,True,,,,,,,0.7674557541404946,accuracy_vs_baselines,logits,IW overlap critic | W=5 | seed=0 (plug-in),True,
iw_overlap_critic,5.0,0.0,10000.0,2000.0,2500.0,500.0,0.762,0.0,1.0,5.056149482727051,0.5,0.5,0.5295000076293945,0.24904659390449524,,,,,0.2334186495605029,0.0,2500.0,0.0,500.0,0.0,ok,plugin,False,,2459.7382574489816,2462.8951167450077,1.612166297143988,0.9786892623843662,1.1862365069324659,,0.0,0.2334186495605029,0.7665813504394972,0.7665813504394972,False,,,,,,,cifar100,4,CDANN,logits,100.0,0.7849999666213989,0.7849999666213989,0.7275000214576721,0.7480000257492065,splits_cifar100_CDANN_4_0_b09dc755c62e.npz,b09dc755c62e,False,False,,,,,,,0.7665813504394972,accuracy_vs_baselines,logits,IW overlap critic | W=5 | seed=0 (plug-in),True,
iw_overlap_critic,5.0,0.0,10000.0,2000.0,2500.0,500.0,0.766,0.0,1.0,2.4864232540130615,0.5,0.5,0.5425000190734863,0.24643674492835999,,,,,0.22773708694791175,0.0,2500.0,0.0,500.0,0.0,ok,plugin,False,,2449.6278052329058,2355.04654186226,2.4704716453660756,0.9594762836122599,1.4041761966564872,,0.0,0.22773708694791175,0.7722629130520883,0.7722629130520883,False,,,,,,,cifar100,12,CDANN,logits,100.0,0.7858999967575073,0.7858999967575073,0.7480000257492065,0.7680000066757202,splits_cifar100_CDANN_12_0_b09dc755c62e.npz,b09dc755c62e,False,False,,,,,,,0.7722629130520883,accuracy_vs_baselines,logits,IW overlap critic | W=5 | seed=0 (plug-in),True,
iw_overlap_critic,5.0,0.0,10000.0,2000.0,2500.0,500.0,0.7664,0.0,1.0,2.008225202560425,0.5,0.5,0.5509999990463257,0.2439228594303131,,,,,0.22317909315855028,0.0,2500.0,0.0,500.0,0.0,ok,plugin,False,,2443.820225227849,2259.155425657384,3.0077319694624123,0.9320963219959681,1.5513507410602343,,0.0,0.22317909315855028,0.7768209068414498,0.7768209068414498,False,,,,,,,cifar100,59,CDANN,logits,100.0,0.7870000004768372,0.7870000004768372,0.7580000162124634,0.7920000553131104,splits_cifar100_CDANN_59_0_b09dc755c62e.npz,b09dc755c62e,False,True,,,,,,,0.7768209068414498,accuracy_vs_baselines,logits,IW overlap critic | W=5 | seed=0 (plug-in),True,
iw_overlap_critic,5.0,0.0,10000.0,2000.0,2500.0,500.0,0.7652,0.0,1.0,5.66292667388916,0.5,0.5,0.5170000195503235,0.24932295083999634,,,,,0.22975871767654502,0.0,2500.0,0.0,500.0,0.0,ok,plugin,False,,2459.7809711107875,2471.164719457861,1.3422972489977123,0.9809769135053362,1.1580601273715891,,0.0,0.22975871767654502,0.770241282323455,0.770241282323455,False,,,,,,,cifar100,82,CDANN,logits,100.0,0.7872999906539917,0.7872999906539917,0.7635000348091125,0.7720000147819519,splits_cifar100_CDANN_82_0_b09dc755c62e.npz,b09dc755c62e,False,True,,,,,,,0.770241282323455,accuracy_vs_baselines,logits,IW overlap critic | W=5 | seed=0 (plug-in),True,
iw_overlap_critic,5.0,0.0,28152.0,9910.0,7040.0,2478.0,0.803125,0.0,1.0,1.2152042388916016,0.5,0.5,0.6491578817367554,0.2188163548707962,8415.0,144.0,4211.0,65.0,0.19415893968220788,0.055286521388216305,7023.0,17.0,2341.0,137.0,ok,plugin,False,,6399.964298825331,4576.313760282497,4.957584715264676,0.7260521861164562,2.2237033724550974,0.708029197080292,0.03914447134786118,0.23330341103006905,0.766696588969931,0.766696588969931,False,27.0,24.0,0.5072289705276489,0.26200178265571594,0.7692307829856873,"[{'epoch': 0, 'best_score': 0.03855675458908081}, {'epoch': 1, 'best_score': 0.08968305587768555}, {'epoch': 2, 'best_score': 0.15678757429122925}, {'epoch': 3, 'best_score': 0.22386765480041504}, {'epoch': 4, 'best_score': 0.2756776213645935}, {'epoch': 5, 'best_score': 0.3154662251472473}, {'epoch': 6, 'best_score': 0.3498612344264984}, {'epoch': 7, 'best_score': 0.38374048471450806}, {'epoch': 8, 'best_score': 0.38619253039360046}, {'epoch': 9, 'best_score': 0.3877347707748413}, {'epoch': 10, 'best_score': 0.3820499777793884}, {'epoch': 11, 'best_score': 0.4133751392364502}, {'epoch': 12, 'best_score': 0.4098621606826782}, {'epoch': 13, 'best_score': 0.41452911496162415}, {'epoch': 14, 'best_score': 0.4212765395641327}, {'epoch': 15, 'best_score': 0.42471441626548767}, {'epoch': 16, 'best_score': 0.43068838119506836}, {'epoch': 17, 'best_score': 0.4248145818710327}, {'epoch': 18, 'best_score': 0.43606993556022644}, {'epoch': 19, 'best_score': 0.4439797103404999}, {'epoch': 20, 'best_score': 0.45122984051704407}, {'epoch': 21, 'best_score': 0.4695228636264801}, {'epoch': 22, 'best_score': 0.47532492876052856}, {'epoch': 23, 'best_score': 0.47587066888809204}, {'epoch': 24, 'best_score': 0.47969797253608704}, {'epoch': 25, 'best_score': 0.48439303040504456}, {'epoch': 26, 'best_score': 0.5054193735122681}, {'epoch': 27, 'best_score': 0.5072289705276489}, {'epoch': 28, 'best_score': 0.4954753816127777}, {'epoch': 29, 'best_score': 0.4823828339576721}, {'epoch': 30, 'best_score': 0.47172030806541443}, {'epoch': 31, 'best_score': 0.4753742218017578}, {'epoch': 32, 'best_score': 0.48092448711395264}, {'epoch': 33, 'best_score': 0.4834308624267578}, {'epoch': 34, 'best_score': 0.4862941801548004}, {'epoch': 35, 'best_score': 0.4899096190929413}, {'epoch': 36, 'best_score': 0.49104446172714233}, {'epoch': 37, 'best_score': 0.492809534072876}, {'epoch': 38, 'best_score': 0.4920026659965515}, {'epoch': 39, 'best_score': 0.4845019280910492}, {'epoch': 40, 'best_score': 0.49437814950942993}, {'epoch': 41, 'best_score': 0.4963279962539673}, {'epoch': 42, 'best_score': 0.489504337310791}, {'epoch': 43, 'best_score': 0.48977240920066833}, {'epoch': 44, 'best_score': 0.4940454959869385}, {'epoch': 45, 'best_score': 0.4947093725204468}, {'epoch': 46, 'best_score': 0.49678629636764526}, {'epoch': 47, 'best_score': 0.4988146424293518}, {'epoch': 48, 'best_score': 0.48467618227005005}, {'epoch': 49, 'best_score': 0.4797154664993286}]",domainnet,1,DANN,logits,345.0,0.8072605729103088,0.8072605729103088,0.465893030166626,0.47497981786727905,splits_domainnet_DANN_1_0_b09dc755c62e.npz,b09dc755c62e,False,False,,,,,,,0.766696588969931,accuracy_vs_baselines,logits,IW overlap critic | W=5 | seed=0 (plug-in),True,
iw_overlap_critic,5.0,0.0,28152.0,14207.0,7040.0,3553.0,0.8038352272727273,0.0,1.0,1.0665127038955688,0.5,0.5,0.6751638650894165,0.20423626899719238,8350.0,593.0,4180.0,269.0,0.19126985473637242,0.13819307627357164,6968.0,72.0,3062.0,491.0,ok,plugin,False,,6093.395970191163,4071.732057893657,4.959797236916732,0.6486121950250262,2.371883308296585,0.8004073319755601,0.11061075147762456,0.301880606213997,0.6981193937860031,0.6981193937860031,False,49.0,17.0,0.5595912933349609,0.29914477467536926,0.8587360382080078,"[{'epoch': 0, 'best_score': 0.027091562747955322}, {'epoch': 1, 'best_score': 0.08726632595062256}, {'epoch': 2, 'best_score': 0.1438935399055481}, {'epoch': 3, 'best_score': 0.207655668258667}, {'epoch': 4, 'best_score': 0.25053155422210693}, {'epoch': 5, 'best_score': 0.30589592456817627}, {'epoch': 6, 'best_score': 0.33462798595428467}, {'epoch': 7, 'best_score': 0.369621217250824}, {'epoch': 8, 'best_score': 0.38633841276168823}, {'epoch': 9, 'best_score': 0.41665467619895935}, {'epoch': 10, 'best_score': 0.43673625588417053}, {'epoch': 11, 'best_score': 0.44215747714042664}, {'epoch': 12, 'best_score': 0.4543704688549042}, {'epoch': 13, 'best_score': 0.45856669545173645}, {'epoch': 14, 'best_score': 0.46859297156333923}, {'epoch': 15, 'best_score': 0.48170146346092224}, {'epoch': 16, 'best_score': 0.49091261625289917}, {'epoch': 17, 'best_score': 0.49428802728652954}, {'epoch': 18, 'best_score': 0.49864479899406433}, {'epoch': 19, 'best_score': 0.5011988282203674}, {'epoch': 20, 'best_score': 0.5048913955688477}, {'epoch': 21, 'best_score': 0.5095334649085999}, {'epoch': 22, 'best_score': 0.5185148119926453}, {'epoch': 23, 'best_score': 0.5224562287330627}, {'epoch': 24, 'best_score': 0.5255331993103027}, {'epoch': 25, 'best_score': 0.5300315618515015}, {'epoch': 26, 'best_score': 0.5316103100776672}, {'epoch': 27, 'best_score': 0.532177209854126}, {'epoch': 28, 'best_score': 0.5327814221382141}, {'epoch': 29, 'best_score': 0.53564453125}, {'epoch': 30, 'best_score': 0.5365424156188965}, {'epoch': 31, 'best_score': 0.5370248556137085}, {'epoch': 32, 'best_score': 0.5367230176925659}, {'epoch': 33, 'best_score': 0.540517270565033}, {'epoch': 34, 'best_score': 0.5414440631866455}, {'epoch': 35, 'best_score': 0.5365731716156006}, {'epoch': 36, 'best_score': 0.538354754447937}, {'epoch': 37, 'best_score': 0.5386361479759216}, {'epoch': 38, 'best_score': 0.5412955284118652}, {'epoch': 39, 'best_score': 0.5442962646484375}, {'epoch': 40, 'best_score': 0.5463217496871948}, {'epoch': 41, 'best_score': 0.5469982624053955}, {'epoch': 42, 'best_score': 0.5485526919364929}, {'epoch': 43, 'best_score': 0.5478321313858032}, {'epoch': 44, 'best_score': 0.5415252447128296}, {'epoch': 45, 'best_score': 0.5465753078460693}, {'epoch': 46, 'best_score': 0.5487245917320251}, {'epoch': 47, 'best_score': 0.5571181774139404}, {'epoch': 48, 'best_score': 0.5583540201187134}, {'epoch': 49, 'best_score': 0.5595912933349609}]",domainnet,2,DANN,logits,345.0,0.8101378083229065,0.8101378083229065,0.38572534918785095,0.38727834820747375,splits_domainnet_DANN_2_0_b09dc755c62e.npz,b09dc755c62e,False,False,,,,,,,0.6981193937860031,accuracy_vs_baselines,logits,IW overlap critic | W=5 | seed=0 (plug-in),True,
iw_overlap_critic,5.0,0.0,28152.0,15295.0,7040.0,3825.0,0.8072443181818182,0.0,1.0,0.9051699638366699,0.5,0.5,0.6486807465553284,0.2190219759941101,8357.0,215.0,4187.0,118.0,0.19952144784713002,0.045228758169934644,6969.0,71.0,3652.0,173.0,ok,plugin,False,,6837.4814412708565,4344.051405529227,4.987322519838667,0.7529801632015857,2.540982708064011,0.7398843930635838,0.0334640522875817,0.23298550013471173,0.7670144998652882,0.7670144998652882,False,19.0,12.0,0.41138917207717896,0.3343735337257385,0.7457627058029175,"[{'epoch': 0, 'best_score': 0.026331186294555664}, {'epoch': 1, 'best_score': 0.07953780889511108}, {'epoch': 2, 'best_score': 0.14841723442077637}, {'epoch': 3, 'best_score': 0.1827595829963684}, {'epoch': 4, 'best_score': 0.2348688840866089}, {'epoch': 5, 'best_score': 0.2913069725036621}, {'epoch': 6, 'best_score': 0.2942526340484619}, {'epoch': 7, 'best_score': 0.3390544056892395}, {'epoch': 8, 'best_score': 0.3593440055847168}, {'epoch': 9, 'best_score': 0.3550648093223572}, {'epoch': 10, 'best_score': 0.3741016983985901}, {'epoch': 11, 'best_score': 0.3665471076965332}, {'epoch': 12, 'best_score': 0.38205093145370483}, {'epoch': 13, 'best_score': 0.385554701089859}, {'epoch': 14, 'best_score': 0.39378440380096436}, {'epoch': 15, 'best_score': 0.39816030859947205}, {'epoch': 16, 'best_score': 0.39780595898628235}, {'epoch': 17, 'best_score': 0.38870009779930115}, {'epoch': 18, 'best_score': 0.3984098434448242}, {'epoch': 19, 'best_score': 0.41138917207717896}, {'epoch': 20, 'best_score': 0.4022957384586334}, {'epoch': 21, 'best_score': 0.3922843039035797}, {'epoch': 22, 'best_score': 0.3836541473865509}, {'epoch': 23, 'best_score': 0.38645026087760925}, {'epoch': 24, 'best_score': 0.38831427693367004}, {'epoch': 25, 'best_score': 0.3831653594970703}, {'epoch': 26, 'best_score': 0.3801173269748688}, {'epoch': 27, 'best_score': 0.39093002676963806}, {'epoch': 28, 'best_score': 0.3800143003463745}, {'epoch': 29, 'best_score': 0.3861299157142639}, {'epoch': 30, 'best_score': 0.3899618685245514}, {'epoch': 31, 'best_score': 0.39523643255233765}, {'epoch': 32, 'best_score': 0.38696035742759705}, {'epoch': 33, 'best_score': 0.3827191889286041}, {'epoch': 34, 'best_score': 0.38847172260284424}, {'epoch': 35, 'best_score': 0.3811229467391968}, {'epoch': 36, 'best_score': 0.38246870040893555}, {'epoch': 37, 'best_score': 0.3769345283508301}, {'epoch': 38, 'best_score': 0.3855903744697571}, {'epoch': 39, 'best_score': 0.3878456652164459}, {'epoch': 40, 'best_score': 0.38983386754989624}, {'epoch': 41, 'best_score': 0.39929506182670593}, {'epoch': 42, 'best_score': 0.39937999844551086}, {'epoch': 43, 'best_score': 0.39866960048675537}, {'epoch': 44, 'best_score': 0.3982833921909332}, {'epoch': 45, 'best_score': 0.3985293507575989}, {'epoch': 46, 'best_score': 0.4006640613079071}, {'epoch': 47, 'best_score': 0.3922230303287506}, {'epoch': 48, 'best_score': 0.3924795389175415}, {'epoch': 49, 'best_score': 0.39445027709007263}]",domainnet,3,DANN,logits,345.0,0.8096050024032593,0.8096050024032593,0.4719189405441284,0.46562090516090393,splits_domainnet_DANN_3_0_b09dc755c62e.npz,b09dc755c62e,False,False,,,,,,,0.7670144998652882,accuracy_vs_baselines,logits,IW overlap critic | W=5 | seed=0 (plug-in),True,
iw_overlap_critic,5.0,0.0,28152.0,9910.0,7040.0,2478.0,0.8025568181818181,0.0,1.0,0.8766927123069763,0.5,0.5,0.7155721187591553,0.1901533603668213,8289.0,529.0,4144.0,257.0,0.1704863157138259,0.17231638418079095,6914.0,126.0,2051.0,427.0,ok,plugin,False,,5509.782073122725,3529.2874938447417,4.973098368777949,0.539289817556307,2.4404967754149456,0.7939110070257611,0.13680387409200967,0.30729018980583556,0.6927098101941644,0.6927098101941644,False,22.0,25.0,0.4250074028968811,0.39600425958633423,0.8210116624832153,"[{'epoch': 0, 'best_score': 0.030769705772399902}, {'epoch': 1, 'best_score': 0.09398728609085083}, {'epoch': 2, 'best_score': 0.17740130424499512}, {'epoch': 3, 'best_score': 0.2612674832344055}, {'epoch': 4, 'best_score': 0.2991328835487366}, {'epoch': 5, 'best_score': 0.32773393392562866}, {'epoch': 6, 'best_score': 0.3638802766799927}, {'epoch': 7, 'best_score': 0.36640769243240356}, {'epoch': 8, 'best_score': 0.3784544765949249}, {'epoch': 9, 'best_score': 0.3783462345600128}, {'epoch': 10, 'best_score': 0.3809293508529663}, {'epoch': 11, 'best_score': 0.39702552556991577}, {'epoch': 12, 'best_score': 0.3934914767742157}, {'epoch': 13, 'best_score': 0.3891545236110687}, {'epoch': 14, 'best_score': 0.3994877338409424}, {'epoch': 15, 'best_score': 0.3954571485519409}, {'epoch': 16, 'best_score': 0.40206074714660645}, {'epoch': 17, 'best_score': 0.4084005653858185}, {'epoch': 18, 'best_score': 0.4025894105434418}, {'epoch': 19, 'best_score': 0.40928640961647034}, {'epoch': 20, 'best_score': 0.4052681624889374}, {'epoch': 21, 'best_score': 0.41258856654167175}, {'epoch': 22, 'best_score': 0.4250074028968811}, {'epoch': 23, 'best_score': 0.42073631286621094}, {'epoch': 24, 'best_score': 0.42359259724617004}, {'epoch': 25, 'best_score': 0.4226788580417633}, {'epoch': 26, 'best_score': 0.41000649333000183}, {'epoch': 27, 'best_score': 0.41140812635421753}, {'epoch': 28, 'best_score': 0.40467649698257446}, {'epoch': 29, 'best_score': 0.4031316339969635}, {'epoch': 30, 'best_score': 0.40122267603874207}, {'epoch': 31, 'best_score': 0.40160998702049255}, {'epoch': 32, 'best_score': 0.40175411105155945}, {'epoch': 33, 'best_score': 0.40496826171875}, {'epoch': 34, 'best_score': 0.4056223928928375}, {'epoch': 35, 'best_score': 0.4009760022163391}, {'epoch': 36, 'best_score': 0.3991353213787079}, {'epoch': 37, 'best_score': 0.40107184648513794}, {'epoch': 38, 'best_score': 0.4010091722011566}, {'epoch': 39, 'best_score': 0.402166485786438}, {'epoch': 40, 'best_score': 0.4018535315990448}, {'epoch': 41, 'best_score': 0.4016876816749573}, {'epoch': 42, 'best_score': 0.40187177062034607}, {'epoch': 43, 'best_score': 0.40283438563346863}, {'epoch': 44, 'best_score': 0.4024318754673004}, {'epoch': 45, 'best_score': 0.40294766426086426}, {'epoch': 46, 'best_score': 0.4026487469673157}, {'epoch': 47, 'best_score': 0.4026529788970947}, {'epoch': 48, 'best_score': 0.40361547470092773}, {'epoch': 49, 'best_score': 0.40767747163772583}]",domainnet,1,CDANN,logits,345.0,0.8055910468101501,0.8055910468101501,0.5121089816093445,0.5205811262130737,splits_domainnet_CDANN_1_0_b09dc755c62e.npz,b09dc755c62e,False,False,,,,,,,0.6927098101941644,accuracy_vs_baselines,logits,IW overlap critic | W=5 | seed=0 (plug-in),True,
iw_overlap_critic,5.0,0.0,28152.0,14207.0,7040.0,3553.0,0.8004261363636364,0.0,1.0,0.8212013840675354,0.5,0.5,0.7187232375144958,0.18246705830097198,8265.0,1059.0,4134.0,545.0,0.1672404588437109,0.2637207993245145,6865.0,175.0,2616.0,937.0,ok,plugin,False,,5163.682344776824,3246.5932874045357,4.985587329775488,0.47494575572255193,2.4601614214573457,0.816435432230523,0.21531100478468898,0.38255146362839987,0.6174485363716001,0.6174485363716001,False,49.0,19.0,0.4619288444519043,0.40412622690200806,0.8660550713539124,"[{'epoch': 0, 'best_score': 0.033060550689697266}, {'epoch': 1, 'best_score': 0.09319072961807251}, {'epoch': 2, 'best_score': 0.17542541027069092}, {'epoch': 3, 'best_score': 0.24692654609680176}, {'epoch': 4, 'best_score': 0.28042906522750854}, {'epoch': 5, 'best_score': 0.31876736879348755}, {'epoch': 6, 'best_score': 0.3376222252845764}, {'epoch': 7, 'best_score': 0.36055195331573486}, {'epoch': 8, 'best_score': 0.35799407958984375}, {'epoch': 9, 'best_score': 0.3645358085632324}, {'epoch': 10, 'best_score': 0.3670607805252075}, {'epoch': 11, 'best_score': 0.3731396198272705}, {'epoch': 12, 'best_score': 0.3795331120491028}, {'epoch': 13, 'best_score': 0.3874701261520386}, {'epoch': 14, 'best_score': 0.3871840238571167}, {'epoch': 15, 'best_score': 0.3994106650352478}, {'epoch': 16, 'best_score': 0.40438321232795715}, {'epoch': 17, 'best_score': 0.4173317849636078}, {'epoch': 18, 'best_score': 0.4178257882595062}, {'epoch': 19, 'best_score': 0.42683568596839905}, {'epoch': 20, 'best_score': 0.43041467666625977}, {'epoch': 21, 'best_score': 0.4293781518936157}, {'epoch': 22, 'best_score': 0.43166181445121765}, {'epoch': 23, 'best_score': 0.427398681640625}, {'epoch': 24, 'best_score': 0.43304237723350525}, {'epoch': 25, 'best_score': 0.4387529194355011}, {'epoch': 26, 'best_score': 0.4397552013397217}, {'epoch': 27, 'best_score': 0.4370344579219818}, {'epoch': 28, 'best_score': 0.43729010224342346}, {'epoch': 29, 'best_score': 0.43779897689819336}, {'epoch': 30, 'best_score': 0.43328946828842163}, {'epoch': 31, 'best_score': 0.43393275141716003}, {'epoch': 32, 'best_score': 0.4391164481639862}, {'epoch': 33, 'best_score': 0.44586601853370667}, {'epoch': 34, 'best_score': 0.44443386793136597}, {'epoch': 35, 'best_score': 0.44055306911468506}, {'epoch': 36, 'best_score': 0.4451647102832794}, {'epoch': 37, 'best_score': 0.44340479373931885}, {'epoch': 38, 'best_score': 0.44551077485084534}, {'epoch': 39, 'best_score': 0.44290056824684143}, {'epoch': 40, 'best_score': 0.4468659460544586}, {'epoch': 41, 'best_score': 0.45183977484703064}, {'epoch': 42, 'best_score': 0.44999611377716064}, {'epoch': 43, 'best_score': 0.45218849182128906}, {'epoch': 44, 'best_score': 0.4536585509777069}, {'epoch': 45, 'best_score': 0.4526558816432953}, {'epoch': 46, 'best_score': 0.453574001789093}, {'epoch': 47, 'best_score': 0.4600399434566498}, {'epoch': 48, 'best_score': 0.457258939743042}, {'epoch': 49, 'best_score': 0.4619288444519043}]",domainnet,2,CDANN,logits,345.0,0.8071539998054504,0.8071539998054504,0.42063772678375244,0.4218969941139221,splits_domainnet_CDANN_2_0_b09dc755c62e.npz,b09dc755c62e,False,False,,,,,,,0.6174485363716001,accuracy_vs_baselines,logits,IW overlap critic | W=5 | seed=0 (plug-in),True,
iw_overlap_critic,5.0,0.0,28152.0,15295.0,7040.0,3825.0,0.8063920454545455,0.0,1.0,0.8649395108222961,0.5,0.5,0.6886382102966309,0.20106446743011475,8263.0,601.0,4131.0,324.0,0.1798773612378582,0.1338562091503268,6894.0,146.0,3313.0,512.0,ok,plugin,False,,5968.239942074566,3694.899690914633,4.954372230035607,0.6044255808220872,2.6159530026010374,0.7734375,0.1035294117647059,0.2834067730025641,0.7165932269974359,0.7165932269974359,False,49.0,8.0,0.41533786058425903,0.343921422958374,0.7592592835426331,"[{'epoch': 0, 'best_score': 0.03203904628753662}, {'epoch': 1, 'best_score': 0.08518928289413452}, {'epoch': 2, 'best_score': 0.16887885332107544}, {'epoch': 3, 'best_score': 0.23276668787002563}, {'epoch': 4, 'best_score': 0.2701285481452942}, {'epoch': 5, 'best_score': 0.3084489703178406}, {'epoch': 6, 'best_score': 0.32608503103256226}, {'epoch': 7, 'best_score': 0.34009993076324463}, {'epoch': 8, 'best_score': 0.3570396304130554}, {'epoch': 9, 'best_score': 0.37181025743484497}, {'epoch': 10, 'best_score': 0.36826831102371216}, {'epoch': 11, 'best_score': 0.3704472482204437}, {'epoch': 12, 'best_score': 0.3768906593322754}, {'epoch': 13, 'best_score': 0.3737868368625641}, {'epoch': 14, 'best_score': 0.3764682114124298}, {'epoch': 15, 'best_score': 0.3807387948036194}, {'epoch': 16, 'best_score': 0.38084447383880615}, {'epoch': 17, 'best_score': 0.3832049071788788}, {'epoch': 18, 'best_score': 0.38475996255874634}, {'epoch': 19, 'best_score': 0.39261725544929504}, {'epoch': 20, 'best_score': 0.3957536220550537}, {'epoch': 21, 'best_score': 0.3975007236003876}, {'epoch': 22, 'best_score': 0.40107473731040955}, {'epoch': 23, 'best_score': 0.3984226584434509}, {'epoch': 24, 'best_score': 0.39435333013534546}, {'epoch': 25, 'best_score': 0.396770179271698}, {'epoch': 26, 'best_score': 0.40224990248680115}, {'epoch': 27, 'best_score': 0.396112859249115}, {'epoch': 28, 'best_score': 0.4011925458908081}, {'epoch': 29, 'best_score': 0.4045862853527069}, {'epoch': 30, 'best_score': 0.4058037996292114}, {'epoch': 31, 'best_score': 0.4007807970046997}, {'epoch': 32, 'best_score': 0.4070281982421875}, {'epoch': 33, 'best_score': 0.40194547176361084}, {'epoch': 34, 'best_score': 0.39951497316360474}, {'epoch': 35, 'best_score': 0.39989712834358215}, {'epoch': 36, 'best_score': 0.4025411903858185}, {'epoch': 37, 'best_score': 0.401222288608551}, {'epoch': 38, 'best_score': 0.4046969711780548}, {'epoch': 39, 'best_score': 0.4083225429058075}, {'epoch': 40, 'best_score': 0.405746191740036}, {'epoch': 41, 'best_score': 0.41051754355430603}, {'epoch': 42, 'best_score': 0.40540096163749695}, {'epoch': 43, 'best_score': 0.41101112961769104}, {'epoch': 44, 'best_score': 0.41414642333984375}, {'epoch': 45, 'best_score': 0.40999889373779297}, {'epoch': 46, 'best_score': 0.4103425145149231}, {'epoch': 47, 'best_score': 0.4144960939884186}, {'epoch': 48, 'best_score': 0.41141948103904724}, {'epoch': 49, 'best_score': 0.41533786058425903}]",domainnet,3,CDANN,logits,345.0,0.8074381947517395,0.8074381947517395,0.49369075894355774,0.48549020290374756,splits_domainnet_CDANN_3_0_b09dc755c62e.npz,b09dc755c62e,False,False,,,,,,,0.7165932269974359,accuracy_vs_baselines,logits,IW overlap critic | W=5 | seed=0 (plug-in),True,
iw_overlap_critic,5.0,0.0,1700.0,8804.0,425.0,2203.0,0.8658823529411764,0.0,1.0,16.756206512451172,0.5,0.5,0.5182152390480042,0.24998150765895844,,,,,0.13440250150973013,0.0,425.0,0.0,2203.0,0.0,ok,plugin,False,,425.7139188017252,424.86625879663194,1.0612811485222913,0.9998074373474651,1.0357852693822998,,0.0,0.13440250150973013,0.8655974984902699,0.8655974984902699,False,,,,,,,living17,1,DANN,logits,17.0,0.8994117379188538,0.8994117379188538,0.6758291721343994,0.6876986026763916,splits_living17_DANN_1_0_b09dc755c62e.npz,b09dc755c62e,False,False,,,,,,,0.8655974984902699,accuracy_vs_baselines,logits,IW overlap critic | W=5 | seed=0 (plug-in),True,
iw_overlap_critic,5.0,0.0,1700.0,68.0,425.0,19.0,0.8823529411764706,0.0,1.0,54.598148345947266,0.5,0.5,0.386274516582489,0.2505391836166382,,,,,0.11527369713515521,0.0,425.0,0.0,19.0,0.0,ok,plugin,False,,418.91730653790717,424.70318210046617,1.0586324638397553,0.9846885207200412,1.02813654610826,,0.0,0.11527369713515521,0.8847263028648448,0.8847263028648448,False,,,,,,,living17,2,DANN,logits,17.0,0.9094117283821106,0.9094117283821106,0.8970588445663452,0.8421052694320679,splits_living17_DANN_2_0_b09dc755c62e.npz,b09dc755c62e,True,False,,,,,,,0.8847263028648448,accuracy_vs_baselines,logits,IW overlap critic | W=5 | seed=0 (plug-in),True,
iw_overlap_critic,5.0,0.0,1700.0,68.0,425.0,19.0,0.8894117647058823,0.0,1.0,7.57162618637085,0.5,0.5,0.501960813999176,0.24727191030979156,,,,,0.10234834389651595,0.0,425.0,0.0,19.0,0.0,ok,plugin,False,,397.8374561170127,412.0984209205271,1.5756817925313693,0.9067214651156508,1.265744834394328,,0.0,0.10234834389651595,0.8976516561034841,0.8976516561034841,False,,,,,,,living17,3,DANN,logits,17.0,0.9052940607070923,0.9052940607070923,0.5882353186607361,0.6842105388641357,splits_living17_DANN_3_0_b09dc755c62e.npz,b09dc755c62e,False,False,,,,,,,0.8976516561034841,accuracy_vs_baselines,logits,IW overlap critic | W=5 | seed=0 (plug-in),True,
iw_overlap_critic,5.0,0.0,1700.0,8804.0,425.0,2203.0,0.8894117647058823,0.0,1.0,11.750850677490234,0.5,0.5,0.5014705657958984,0.2499570995569229,,,,,0.11126764865826196,0.0,425.0,0.0,2203.0,0.0,ok,plugin,False,,426.08420396009734,424.696152932278,1.103055487160864,1.0032600364648732,1.050696652820813,,0.0,0.11126764865826196,0.888732351341738,0.888732351341738,False,,,,,,,living17,1,CDANN,logits,17.0,0.9052940607070923,0.9052940607070923,0.6863925457000732,0.6981388926506042,splits_living17_CDANN_1_0_b09dc755c62e.npz,b09dc755c62e,False,False,,,,,,,0.888732351341738,accuracy_vs_baselines,logits,IW overlap critic | W=5 | seed=0 (plug-in),True,
iw_overlap_critic,5.0,0.0,1700.0,68.0,425.0,19.0,0.8917647058823529,0.0,1.0,54.598148345947266,0.5,0.5,0.5049019455909729,0.2506290674209595,,,,,0.10663075780699113,0.0,425.0,0.0,19.0,0.0,ok,plugin,False,,420.0787161721404,424.8003173714308,1.0622783326012735,0.9874614814400315,1.0250536946908158,,0.0,0.10663075780699113,0.8933692421930088,0.8933692421930088,False,,,,,,,living17,2,CDANN,logits,17.0,0.9094117283821106,0.9094117283821106,0.8676470518112183,0.8421052694320679,splits_living17_CDANN_2_0_b09dc755c62e.npz,b09dc755c62e,False,False,,,,,,,0.8933692421930088,accuracy_vs_baselines,logits,IW overlap critic | W=5 | seed=0 (plug-in),True,
iw_overlap_critic,5.0,0.0,1700.0,68.0,425.0,19.0,0.8823529411764706,0.0,1.0,54.598148345947266,0.5,0.5,0.5470588207244873,0.25016355514526367,,,,,0.11620512572633702,0.0,425.0,0.0,19.0,0.0,ok,plugin,False,,421.52037358016673,424.79365637634123,1.0574743452587514,0.9908828841757463,1.0305761199853098,,0.0,0.11620512572633702,0.883794874273663,0.883794874273663,False,,,,,,,living17,3,CDANN,logits,17.0,0.9052940607070923,0.9052940607070923,0.5588235259056091,0.6315789222717285,splits_living17_CDANN_3_0_b09dc755c62e.npz,b09dc755c62e,False,False,,,,,,,0.883794874273663,accuracy_vs_baselines,logits,IW overlap critic | W=5 | seed=0 (plug-in),True,
iw_overlap_critic,5.0,0.0,2600.0,13282.0,650.0,3322.0,0.8046153846153846,0.0,1.0,12.373048782348633,0.5,0.5,0.49578893184661865,0.24997884035110474,,,,,0.1953306662241803,0.0,650.0,0.0,3322.0,0.0,ok,plugin,False,,650.5700602589743,649.7727854777203,1.0844597336415018,1.0017832600681866,1.0304142378909953,,0.0,0.1953306662241803,0.8046693337758197,0.8046693337758197,False,,,,,,,nonliving26,1,DANN,logits,26.0,0.8126922845840454,0.8126922845840454,0.5122722387313843,0.5192654728889465,splits_nonliving26_DANN_1_0_b09dc755c62e.npz,b09dc755c62e,False,False,,,,,,,0.8046693337758197,accuracy_vs_baselines,logits,IW overlap critic | W=5 | seed=0 (plug-in),True,
iw_overlap_critic,5.0,0.0,2600.0,104.0,650.0,28.0,0.8292307692307692,0.0,1.0,54.598148345947266,0.5,0.5,0.38846156001091003,0.25114089250564575,,,,,0.16928835900196756,0.0,650.0,0.0,28.0,0.0,ok,plugin,False,,644.5054915247124,649.6497218998405,1.083841619850997,0.9902270713354869,1.0315954847034363,,0.0,0.16928835900196756,0.8307116409980324,0.8307116409980324,False,,,,,,,nonliving26,2,DANN,logits,26.0,0.8176922798156738,0.8176922798156738,0.75,0.7142857313156128,splits_nonliving26_DANN_2_0_b09dc755c62e.npz,b09dc755c62e,False,False,,,,,,,0.8307116409980324,accuracy_vs_baselines,logits,IW overlap critic | W=5 | seed=0 (plug-in),True,
iw_overlap_critic,5.0,0.0,2600.0,104.0,650.0,28.0,0.8246153846153846,0.0,1.0,54.598148345947266,0.5,0.5,0.5365384817123413,0.25105389952659607,,,,,0.1741453063713572,0.0,650.0,0.0,28.0,0.0,ok,plugin,False,,645.0326499819731,649.7080949542882,1.0594409484206764,0.9929202071237218,1.0243252824099547,,0.0,0.1741453063713572,0.8258546936286428,0.8258546936286428,False,,,,,,,nonliving26,3,DANN,logits,26.0,0.8146153688430786,0.8146153688430786,0.4038461744785309,0.3214285969734192,splits_nonliving26_DANN_3_0_b09dc755c62e.npz,b09dc755c62e,False,False,,,,,,,0.8258546936286428,accuracy_vs_baselines,logits,IW overlap critic | W=5 | seed=0 (plug-in),True,
iw_overlap_critic,5.0,0.0,2600.0,13282.0,650.0,3322.0,0.8169230769230769,0.0,1.0,7.686832904815674,0.5,0.5,0.5021895170211792,0.2498849332332611,,,,,0.18470858540349727,0.0,650.0,0.0,3322.0,0.0,ok,plugin,False,,652.078458608405,648.7735821328986,1.154293146524031,1.0011564015750678,1.0730162357120294,,0.0,0.18470858540349727,0.8152914145965027,0.8152914145965027,False,,,,,,,nonliving26,1,CDANN,logits,26.0,0.8176922798156738,0.8176922798156738,0.5332028269767761,0.5352197289466858,splits_nonliving26_CDANN_1_0_b09dc755c62e.npz,b09dc755c62e,False,False,,,,,,,0.8152914145965027,accuracy_vs_baselines,logits,IW overlap critic | W=5 | seed=0 (plug-in),True,
iw_overlap_critic,5.0,0.0,2600.0,104.0,650.0,28.0,0.8138461538461539,0.0,1.0,54.598148345947266,0.5,0.5,0.48653846979141235,0.25163984298706055,,,,,0.1845057090510275,0.0,650.0,0.0,28.0,0.0,ok,plugin,False,,644.9818944649705,649.6228527621274,1.0793665205549292,0.9921471149917618,1.0302029240740564,,0.0,0.1845057090510275,0.8154942909489725,0.8154942909489725,False,,,,,,,nonliving26,2,CDANN,logits,26.0,0.8165384531021118,0.8165384531021118,0.7692307829856873,0.7500000596046448,splits_nonliving26_CDANN_2_0_b09dc755c62e.npz,b09dc755c62e,False,False,,,,,,,0.8154942909489725,accuracy_vs_baselines,logits,IW overlap critic | W=5 | seed=0 (plug-in),True,
iw_overlap_critic,5.0,0.0,2600.0,104.0,650.0,28.0,0.8123076923076923,0.0,1.0,54.598148345947266,0.5,0.5,0.4596153795719147,0.2510206997394562,,,,,0.1850543678115881,0.0,650.0,0.0,28.0,0.0,ok,plugin,False,,643.5940549638867,649.6215182317272,1.084804199780962,0.990470618796623,1.0240975172141382,,0.0,0.1850543678115881,0.8149456321884119,0.8149456321884119,False,,,,,,,nonliving26,3,CDANN,logits,26.0,0.822692334651947,0.822692334651947,0.4038461744785309,0.3214285969734192,splits_nonliving26_CDANN_3_0_b09dc755c62e.npz,b09dc755c62e,False,False,,,,,,,0.8149456321884119,accuracy_vs_baselines,logits,IW overlap critic | W=5 | seed=0 (plug-in),True,
iw_overlap_critic,5.0,0.0,11745.0,35070.0,2938.0,8768.0,0.6388699795779442,0.0,1.0,1.3752713203430176,0.5,0.5,0.5431007146835327,0.24704568088054657,,,,,0.3477126161235499,0.0,2938.0,0.0,8768.0,0.0,ok,plugin,False,,2928.57190049212,2803.9752075361216,1.9233309087236736,0.9926772360639708,1.3669665766860113,,0.0,0.3477126161235499,0.65228738387645,0.65228738387645,False,,,,,,,fmow,1,DANN,logits,62.0,0.6519370079040527,0.6519370079040527,0.6103222370147705,0.6077782511711121,splits_fmow_DANN_1_0_b09dc755c62e.npz,b09dc755c62e,False,False,,,,,,,0.65228738387645,accuracy_vs_baselines,logits,IW overlap critic | W=5 | seed=0 (plug-in),True,
iw_overlap_critic,5.0,0.0,11745.0,39088.0,2938.0,9774.0,0.6344452008168822,0.0,1.0,1.2399344444274902,0.5,0.5,0.5546964406967163,0.24482622742652893,,,,,0.3673036530978637,0.0,2938.0,0.0,9774.0,0.0,ok,plugin,False,,2945.117958133911,2704.468852578369,2.6627065634701013,0.9760132760988952,1.5307993979399945,,0.0,0.3673036530978637,0.6326963469021363,0.6326963469021363,False,,,,,,,fmow,2,DANN,logits,62.0,0.6504895687103271,0.6504895687103271,0.5482756495475769,0.5545324683189392,splits_fmow_DANN_2_0_b09dc755c62e.npz,b09dc755c62e,False,False,,,,,,,0.6326963469021363,accuracy_vs_baselines,logits,IW overlap critic | W=5 | seed=0 (plug-in),True,
iw_overlap_critic,5.0,0.0,11745.0,35070.0,2938.0,8768.0,0.6466984343090538,0.0,1.0,1.8349958658218384,0.5,0.5,0.5341331958770752,0.24863222241401672,,,,,0.3426043167961404,0.0,2938.0,0.0,8768.0,0.0,ok,plugin,False,,2918.0342649050135,2868.1767215168447,1.6569677801272777,0.9914839096654237,1.25340373746778,,0.0,0.3426043167961404,0.6573956832038597,0.6573956832038597,False,,,,,,,fmow,1,CDANN,logits,62.0,0.6558535695075989,0.6558535695075989,0.605617344379425,0.6010492444038391,splits_fmow_CDANN_1_0_b09dc755c62e.npz,b09dc755c62e,False,False,,,,,,,0.6573956832038597,accuracy_vs_baselines,logits,IW overlap critic | W=5 | seed=0 (plug-in),True,
iw_overlap_critic,5.0,0.0,11745.0,39088.0,2938.0,9774.0,0.6446562287270252,0.0,1.0,1.397735834121704,0.5,0.5,0.5392557382583618,0.2475474327802658,,,,,0.35233544391650923,0.0,2938.0,0.0,9774.0,0.0,ok,plugin,False,,2931.536540979115,2811.918477682402,2.168086261684489,0.9778363162302368,1.3653721103842063,,0.0,0.35233544391650923,0.6476645560834908,0.6476645560834908,False,,,,,,,fmow,2,CDANN,logits,62.0,0.6548318862915039,0.6548318862915039,0.5420845150947571,0.5445058345794678,splits_fmow_CDANN_2_0_b09dc755c62e.npz,b09dc755c62e,False,False,,,,,,,0.6476645560834908,accuracy_vs_baselines,logits,IW overlap critic | W=5 | seed=0 (plug-in),True,
iw_overlap_critic,5.0,0.0,731.0,898.0,184.0,227.0,0.9239130434782609,0.0,1.0,54.598148345947266,0.5,0.5,0.516776978969574,0.2501116991043091,,,,,0.07597543998111349,0.0,184.0,0.0,227.0,0.0,ok,plugin,False,,184.23525362979393,183.901066334617,1.0869976501999623,1.000905368661038,1.040020008602836,,0.0,0.07597543998111349,0.9240245600188866,0.9240245600188866,False,,,,,,,officehome,1,DANN,logits,65.0,0.922024667263031,0.922024667263031,0.7193763852119446,0.7268722057342529,splits_officehome_DANN_1_0_b09dc755c62e.npz,b09dc755c62e,False,False,,,,,,,0.9240245600188866,accuracy_vs_baselines,logits,IW overlap critic | W=5 | seed=0 (plug-in),True,
iw_overlap_critic,5.0,0.0,731.0,893.0,184.0,226.0,0.9021739130434783,0.0,1.0,2.617790937423706,0.5,0.5,0.5187009572982788,0.24238869547843933,,,,,0.1047238546381186,0.0,184.0,0.0,226.0,0.0,ok,plugin,False,,189.17538739620767,165.6582071028345,2.388911781376032,0.9793994916700876,1.6431432429612796,,0.0,0.1047238546381186,0.8952761453618814,0.8952761453618814,False,,,,,,,officehome,2,DANN,logits,65.0,0.915184736251831,0.915184736251831,0.44904816150665283,0.45132744312286377,splits_officehome_DANN_2_0_b09dc755c62e.npz,b09dc755c62e,False,False,,,,,,,0.8952761453618814,accuracy_vs_baselines,logits,IW overlap critic | W=5 | seed=0 (plug-in),True,
iw_overlap_critic,5.0,0.0,731.0,507.0,184.0,128.0,0.9130434782608696,0.0,1.0,26.049518585205078,0.5,0.5,0.5082191228866577,0.2497924417257309,,,,,0.0866913116969914,0.0,184.0,0.0,128.0,0.0,ok,plugin,False,,182.3591993506694,183.39954003699063,1.1721688523178841,0.9901303451797778,1.0828212096182739,,0.0,0.0866913116969914,0.9133086883030086,0.9133086883030086,False,,,,,,,officehome,3,DANN,logits,65.0,0.9056087732315063,0.9056087732315063,0.5364891290664673,0.5625,splits_officehome_DANN_3_0_b09dc755c62e.npz,b09dc755c62e,False,False,,,,,,,0.9133086883030086,accuracy_vs_baselines,logits,IW overlap critic | W=5 | seed=0 (plug-in),True,
iw_overlap_critic,5.0,0.0,731.0,898.0,184.0,227.0,0.9130434782608696,0.0,1.0,3.740297317504883,0.5,0.5,0.5397875905036926,0.2456914186477661,,,,,0.07922430429060734,0.0,184.0,0.0,227.0,0.0,ok,plugin,False,,176.71139699383244,170.32358066596655,2.5656595081163878,0.9125769084305496,1.3868866457095406,,0.0,0.07922430429060734,0.9207756957093927,0.9207756957093927,False,,,,,,,officehome,1,CDANN,logits,65.0,0.9138167500495911,0.9138167500495911,0.730512261390686,0.7488986253738403,splits_officehome_CDANN_1_0_b09dc755c62e.npz,b09dc755c62e,False,False,,,,,,,0.9207756957093927,accuracy_vs_baselines,logits,IW overlap critic | W=5 | seed=0 (plug-in),True,
iw_overlap_critic,5.0,0.0,731.0,893.0,184.0,226.0,0.8913043478260869,0.0,1.0,0.9094792604446411,0.5,0.5,0.7025550603866577,0.18405568599700928,215.0,60.0,106.0,36.0,0.11009206683309349,0.18141592920353983,180.0,4.0,185.0,41.0,ok,plugin,False,,134.44369971467955,77.5381490184207,4.517133568803152,0.42196123582124295,2.6154076527305805,0.8292682926829268,0.15044247787610618,0.2605345447091997,0.7394654552908003,0.7394654552908003,False,43.0,9.0,0.4424287974834442,0.4186823070049286,0.8611111044883728,"[{'epoch': 0, 'best_score': 0.11647200584411621}, {'epoch': 1, 'best_score': 0.1380237340927124}, {'epoch': 2, 'best_score': 0.20826184749603271}, {'epoch': 3, 'best_score': 0.21826761960983276}, {'epoch': 4, 'best_score': 0.21412134170532227}, {'epoch': 5, 'best_score': 0.25090664625167847}, {'epoch': 6, 'best_score': 0.2806118130683899}, {'epoch': 7, 'best_score': 0.2806118130683899}, {'epoch': 8, 'best_score': 0.2557564377784729}, {'epoch': 9, 'best_score': 0.2852770686149597}, {'epoch': 10, 'best_score': 0.3344802260398865}, {'epoch': 11, 'best_score': 0.3344802260398865}, {'epoch': 12, 'best_score': 0.33426719903945923}, {'epoch': 13, 'best_score': 0.3517787456512451}, {'epoch': 14, 'best_score': 0.3517787456512451}, {'epoch': 15, 'best_score': 0.3340056538581848}, {'epoch': 16, 'best_score': 0.3249724507331848}, {'epoch': 17, 'best_score': 0.3218116760253906}, {'epoch': 18, 'best_score': 0.3179352879524231}, {'epoch': 19, 'best_score': 0.3139987587928772}, {'epoch': 20, 'best_score': 0.3256276249885559}, {'epoch': 21, 'best_score': 0.3441246747970581}, {'epoch': 22, 'best_score': 0.3581058382987976}, {'epoch': 23, 'best_score': 0.3581058382987976}, {'epoch': 24, 'best_score': 0.3581058382987976}, {'epoch': 25, 'best_score': 0.38423076272010803}, {'epoch': 26, 'best_score': 0.37682345509529114}, {'epoch': 27, 'best_score': 0.37682345509529114}, {'epoch': 28, 'best_score': 0.3490457236766815}, {'epoch': 29, 'best_score': 0.3461475968360901}, {'epoch': 30, 'best_score': 0.3524876832962036}, {'epoch': 31, 'best_score': 0.3491951525211334}, {'epoch': 32, 'best_score': 0.3470430374145508}, {'epoch': 33, 'best_score': 0.3584250509738922}, {'epoch': 34, 'best_score': 0.37931931018829346}, {'epoch': 35, 'best_score': 0.37931931018829346}, {'epoch': 36, 'best_score': 0.37931931018829346}, {'epoch': 37, 'best_score': 0.37931931018829346}, {'epoch': 38, 'best_score': 0.3854399025440216}, {'epoch': 39, 'best_score': 0.4113256335258484}, {'epoch': 40, 'best_score': 0.42499831318855286}, {'epoch': 41, 'best_score': 0.4311188757419586}, {'epoch': 42, 'best_score': 0.4376904368400574}, {'epoch': 43, 'best_score': 0.4424287974834442}, {'epoch': 44, 'best_score': 0.4424287974834442}, {'epoch': 45, 'best_score': 0.4424287974834442}, {'epoch': 46, 'best_score': 0.4424287974834442}, {'epoch': 47, 'best_score': 0.4424287974834442}, {'epoch': 48, 'best_score': 0.4424287974834442}, {'epoch': 49, 'best_score': 0.43028363585472107}]",officehome,2,CDANN,logits,65.0,0.9015048146247864,0.9015048146247864,0.4501679837703705,0.45132744312286377,splits_officehome_CDANN_2_0_b09dc755c62e.npz,b09dc755c62e,False,False,,,,,,,0.7394654552908003,accuracy_vs_baselines,logits,IW overlap critic | W=5 | seed=0 (plug-in),True,
iw_overlap_critic,5.0,0.0,731.0,507.0,184.0,128.0,0.9130434782608696,0.0,1.0,1.5892244577407837,0.5,0.5,0.7230136394500732,0.19719639420509338,215.0,15.0,108.0,8.0,0.07212526864022711,0.109375,179.0,5.0,114.0,14.0,ok,plugin,False,,144.23395902188918,99.68640523384981,4.438670191682302,0.5524659738709136,2.1942672283823605,0.7142857142857143,0.078125,0.1502502686402271,0.8497497313597728,0.8497497313597728,False,43.0,4.0,0.4019370675086975,0.4730629324913025,0.875,"[{'epoch': 0, 'best_score': 0.06992954015731812}, {'epoch': 1, 'best_score': 0.07560265064239502}, {'epoch': 2, 'best_score': 0.13205808401107788}, {'epoch': 3, 'best_score': 0.15898048877716064}, {'epoch': 4, 'best_score': 0.10048097372055054}, {'epoch': 5, 'best_score': 0.14289742708206177}, {'epoch': 6, 'best_score': 0.10784024000167847}, {'epoch': 7, 'best_score': 0.13738054037094116}, {'epoch': 8, 'best_score': 0.17919081449508667}, {'epoch': 9, 'best_score': 0.1492527723312378}, {'epoch': 10, 'best_score': 0.11928874254226685}, {'epoch': 11, 'best_score': 0.19238752126693726}, {'epoch': 12, 'best_score': 0.19238752126693726}, {'epoch': 13, 'best_score': 0.23390012979507446}, {'epoch': 14, 'best_score': 0.24000638723373413}, {'epoch': 15, 'best_score': 0.25971710681915283}, {'epoch': 16, 'best_score': 0.25971710681915283}, {'epoch': 17, 'best_score': 0.2951781749725342}, {'epoch': 18, 'best_score': 0.30146706104278564}, {'epoch': 19, 'best_score': 0.30528753995895386}, {'epoch': 20, 'best_score': 0.32107412815093994}, {'epoch': 21, 'best_score': 0.3241159915924072}, {'epoch': 22, 'best_score': 0.32923418283462524}, {'epoch': 23, 'best_score': 0.27790939807891846}, {'epoch': 24, 'best_score': 0.2972003221511841}, {'epoch': 25, 'best_score': 0.28418129682540894}, {'epoch': 26, 'best_score': 0.2665925621986389}, {'epoch': 27, 'best_score': 0.2739329934120178}, {'epoch': 28, 'best_score': 0.28286659717559814}, {'epoch': 29, 'best_score': 0.28286659717559814}, {'epoch': 30, 'best_score': 0.2937672734260559}, {'epoch': 31, 'best_score': 0.3068851828575134}, {'epoch': 32, 'best_score': 0.31061702966690063}, {'epoch': 33, 'best_score': 0.3131551146507263}, {'epoch': 34, 'best_score': 0.3131551146507263}, {'epoch': 35, 'best_score': 0.3827403485774994}, {'epoch': 36, 'best_score': 0.3827403485774994}, {'epoch': 37, 'best_score': 0.39076513051986694}, {'epoch': 38, 'best_score': 0.39076513051986694}, {'epoch': 39, 'best_score': 0.39076513051986694}, {'epoch': 40, 'best_score': 0.38174834847450256}, {'epoch': 41, 'best_score': 0.3852178156375885}, {'epoch': 42, 'best_score': 0.401775598526001}, {'epoch': 43, 'best_score': 0.4019370675086975}, {'epoch': 44, 'best_score': 0.35736149549484253}, {'epoch': 45, 'best_score': 0.3650749921798706}, {'epoch': 46, 'best_score': 0.3650749921798706}, {'epoch': 47, 'best_score': 0.3650749921798706}, {'epoch': 48, 'best_score': 0.3650749921798706}, {'epoch': 49, 'best_score': 0.36976176500320435}]",officehome,3,CDANN,logits,65.0,0.9138167500495911,0.9138167500495911,0.5364891290664673,0.5546875,splits_officehome_CDANN_3_0_b09dc755c62e.npz,b09dc755c62e,False,False,,,,,,,0.8497497313597728,accuracy_vs_baselines,logits,IW overlap critic | W=5 | seed=0 (plug-in),True,
iw_overlap_critic,5.0,0.0,24387.0,11083.0,6098.0,2773.0,0.9996720236142997,0.0,1.0,1.103917121887207,0.5,0.5,0.5366796851158142,0.24356462061405182,,,,,0.0003478814768960747,0.0,6098.0,0.0,2773.0,0.0,ok,plugin,False,,6073.6836341286435,5647.976278097956,2.2187844785412723,1.027865835775882,1.412643354233495,,0.0,0.0003478814768960747,0.9996521185231039,0.9996521185231039,False,,,,,,,visda,1,DANN,logits,12.0,0.9995489120483398,0.9995489120483398,0.6463051438331604,0.6473133563995361,splits_visda_DANN_1_0_b09dc755c62e.npz,b09dc755c62e,False,False,,,,,,,0.9996521185231039,accuracy_vs_baselines,logits,IW overlap critic | W=5 | seed=0 (plug-in),True,
iw_overlap_critic,5.0,0.0,24387.0,14480.0,6098.0,3620.0,0.9998360118071499,0.0,1.0,1.1729421615600586,0.5,0.5,0.5155367255210876,0.2474791258573532,,,,,0.00013220363228841735,0.0,6098.0,0.0,3620.0,0.0,ok,plugin,False,,6047.994793016202,5861.641585157652,1.8560237065244103,1.0046716018467086,1.2874000425530676,,0.0,0.00013220363228841735,0.9998677963677116,0.9998677963677116,False,,,,,,,visda,2,DANN,logits,12.0,0.9997539520263672,0.9997539520263672,0.6546961069107056,0.6544198393821716,splits_visda_DANN_2_0_b09dc755c62e.npz,b09dc755c62e,False,False,,,,,,,0.9998677963677116,accuracy_vs_baselines,logits,IW overlap critic | W=5 | seed=0 (plug-in),True,
iw_overlap_critic,5.0,0.0,24387.0,11083.0,6098.0,2773.0,0.9993440472285995,0.0,1.0,1.0816693305969238,0.5,0.5,0.5883632302284241,0.23713639378547668,,,,,0.0006075275846938084,0.0,6098.0,0.0,2773.0,0.0,ok,plugin,False,,6205.517631960752,4894.93748242446,3.9349725188811195,0.9712806514027115,1.913685159336328,,0.0,0.0006075275846938084,0.9993924724153062,0.9993924724153062,False,,,,,,,visda,1,CDANN,logits,12.0,0.9990978837013245,0.9990978837013245,0.6784264445304871,0.6693112254142761,splits_visda_CDANN_1_0_b09dc755c62e.npz,b09dc755c62e,False,False,,,,,,,0.9993924724153062,accuracy_vs_baselines,logits,IW overlap critic | W=5 | seed=0 (plug-in),True,
iw_overlap_critic,5.0,0.0,24387.0,14480.0,6098.0,3620.0,0.9995080354214496,0.0,1.0,1.0941133499145508,0.5,0.5,0.5705632567405701,0.2445169985294342,,,,,0.0005399659901547661,0.0,6098.0,0.0,3620.0,0.0,ok,plugin,False,,6124.252040778667,5595.320055965113,2.110154681443745,1.0033479437708315,1.5106367037466188,,0.0,0.0005399659901547661,0.9994600340098453,0.9994600340098453,False,,,,,,,visda,2,CDANN,logits,12.0,0.9995899200439453,0.9995899200439453,0.7107734680175781,0.7140883803367615,splits_visda_CDANN_2_0_b09dc755c62e.npz,b09dc755c62e,False,False,,,,,,,0.9994600340098453,accuracy_vs_baselines,logits,IW overlap critic | W=5 | seed=0 (plug-in),True,
ATC_NE,,,,,,,,,,,,,,,,,,,,,,,,,ok,,,,,,,,,,,,,0.8356508612632751,,,,,,,,entity13,1,DANN,,,0.905846118927002,,0.7318307161331177,,,,False,,,,,,,,0.8356508612632751,accuracy_vs_baselines,logits,ATC (neg. entropy),True,source
ATC_NE,,,,,,,,,,,,,,,,,,,,,,,,,ok,,,,,,,,,,,,,0.8396497964859009,,,,,,,,entity13,1,CDANN,,,0.9096922874450684,,0.7354357838630676,,,,False,,,,,,,,0.8396497964859009,accuracy_vs_baselines,logits,ATC (neg. entropy),True,source
ATC_NE,,,,,,,,,,,,,,,,,,,,,,,,,ok,,,,,,,,,,,,,0.8500000238418579,,,,,,,,entity13,2,DANN,,,0.9129230380058289,,0.8615384697914124,,,,True,,,,,,,,0.8500000238418579,accuracy_vs_baselines,logits,ATC (neg. entropy),True,source
ATC_NE,,,,,,,,,,,,,,,,,,,,,,,,,ok,,,,,,,,,,,,,0.8346154093742371,,,,,,,,entity13,2,CDANN,,,0.9081538319587708,,0.8423076868057251,,,,True,,,,,,,,0.8346154093742371,accuracy_vs_baselines,logits,ATC (neg. entropy),True,source
ATC_NE,,,,,,,,,,,,,,,,,,,,,,,,,ok,,,,,,,,,,,,,0.7576923370361328,,,,,,,,entity13,3,DANN,,,0.907076895236969,,0.6653845906257629,,,,False,,,,,,,,0.7576923370361328,accuracy_vs_baselines,logits,ATC (neg. entropy),True,source
ATC_NE,,,,,,,,,,,,,,,,,,,,,,,,,ok,,,,,,,,,,,,,0.7807692289352417,,,,,,,,entity13,3,CDANN,,,0.9061538577079773,,0.6653845906257629,,,,False,,,,,,,,0.7807692289352417,accuracy_vs_baselines,logits,ATC (neg. entropy),True,source
ATC_NE,,,,,,,,,,,,,,,,,,,,,,,,,ok,,,,,,,,,,,,,0.7190865278244019,,,,,,,,entity30,1,DANN,,,0.8550000190734863,,0.6190800070762634,,,,False,,,,,,,,0.7190865278244019,accuracy_vs_baselines,logits,ATC (neg. entropy),True,source
ATC_NE,,,,,,,,,,,,,,,,,,,,,,,,,ok,,,,,,,,,,,,,0.7274230718612671,,,,,,,,entity30,1,CDANN,,,0.8611666560173035,,0.627903163433075,,,,False,,,,,,,,0.7274230718612671,accuracy_vs_baselines,logits,ATC (neg. entropy),True,source
ATC_NE,,,,,,,,,,,,,,,,,,,,,,,,,ok,,,,,,,,,,,,,0.8458333611488342,,,,,,,,entity30,2,DANN,,,0.8646666407585144,,0.7875000238418579,,,,False,,,,,,,,0.8458333611488342,accuracy_vs_baselines,logits,ATC (neg. entropy),True,source
ATC_NE,,,,,,,,,,,,,,,,,,,,,,,,,ok,,,,,,,,,,,,,0.8208333849906921,,,,,,,,entity30,2,CDANN,,,0.8646666407585144,,0.8125000596046448,,,,False,,,,,,,,0.8208333849906921,accuracy_vs_baselines,logits,ATC (neg. entropy),True,source
ATC_NE,,,,,,,,,,,,,,,,,,,,,,,,,ok,,,,,,,,,,,,,0.6250000596046448,,,,,,,,entity30,3,DANN,,,0.8636666536331177,,0.5708333849906921,,,,False,,,,,,,,0.6250000596046448,accuracy_vs_baselines,logits,ATC (neg. entropy),True,source
ATC_NE,,,,,,,,,,,,,,,,,,,,,,,,,ok,,,,,,,,,,,,,0.6291667222976685,,,,,,,,entity30,3,CDANN,,,0.8573333024978638,,0.5625,,,,False,,,,,,,,0.6291667222976685,accuracy_vs_baselines,logits,ATC (neg. entropy),True,source
ATC_NE,,,,,,,,,,,,,,,,,,,,,,,,,ok,,,,,,,,,,,,,0.8840000629425049,,,,,,,,cifar10,1,DANN,,,0.9508999586105347,,0.8440000414848328,,,,False,,,,,,,,0.8840000629425049,accuracy_vs_baselines,logits,ATC (neg. entropy),True,source
ATC_NE,,,,,,,,,,,,,,,,,,,,,,,,,ok,,,,,,,,,,,,,0.8915000557899475,,,,,,,,cifar10,1,CDANN,,,0.949999988079071,,0.846500039100647,,,,False,,,,,,,,0.8915000557899475,accuracy_vs_baselines,logits,ATC (neg. entropy),True,source
ATC_NE,,,,,,,,,,,,,,,,,,,,,,,,,ok,,,,,,,,,,,,,0.9300000667572021,,,,,,,,cifar10,10,DANN,,,0.9477999806404114,,0.924500048160553,,,,False,,,,,,,,0.9300000667572021,accuracy_vs_baselines,logits,ATC (neg. entropy),True,source
ATC_NE,,,,,,,,,,,,,,,,,,,,,,,,,ok,,,,,,,,,,,,,0.9310000538825989,,,,,,,,cifar10,10,CDANN,,,0.948699951171875,,0.9160000681877136,,,,False,,,,,,,,0.9310000538825989,accuracy_vs_baselines,logits,ATC (neg. entropy),True,source
ATC_NE,,,,,,,,,,,,,,,,,,,,,,,,,ok,,,,,,,,,,,,,0.9270000457763672,,,,,,,,cifar10,71,DANN,,,0.9487999677658081,,0.9305000305175781,,,,True,,,,,,,,0.9270000457763672,accuracy_vs_baselines,logits,ATC (neg. entropy),True,source
ATC_NE,,,,,,,,,,,,,,,,,,,,,,,,,ok,,,,,,,,,,,,,0.9350000619888306,,,,,,,,cifar10,71,CDANN,,,0.9511999487876892,,0.9280000329017639,,,,False,,,,,,,,0.9350000619888306,accuracy_vs_baselines,logits,ATC (neg. entropy),True,source
ATC_NE,,,,,,,,,,,,,,,,,,,,,,,,,ok,,,,,,,,,,,,,0.937000036239624,,,,,,,,cifar10,95,DANN,,,0.9515999555587769,,0.9390000700950623,,,,True,,,,,,,,0.937000036239624,accuracy_vs_baselines,logits,ATC (neg. entropy),True,source
ATC_NE,,,,,,,,,,,,,,,,,,,,,,,,,ok,,,,,,,,,,,,,0.9355000257492065,,,,,,,,cifar10,95,CDANN,,,0.9526000022888184,,0.9355000257492065,,,,True,,,,,,,,0.9355000257492065,accuracy_vs_baselines,logits,ATC (neg. entropy),True,source
ATC_NE,,,,,,,,,,,,,,,,,,,,,,,,,ok,,,,,,,,,,,,,0.7415000200271606,,,,,,,,cifar100,4,DANN,,,0.7841999530792236,,0.7440000176429749,,,,True,,,,,,,,0.7415000200271606,accuracy_vs_baselines,logits,ATC (neg. entropy),True,source
ATC_NE,,,,,,,,,,,,,,,,,,,,,,,,,ok,,,,,,,,,,,,,0.7275000214576721,,,,,,,,cifar100,4,CDANN,,,0.7849999666213989,,0.7275000214576721,,,,True,,,,,,,,0.7275000214576721,accuracy_vs_baselines,logits,ATC (neg. entropy),True,source
ATC_NE,,,,,,,,,,,,,,,,,,,,,,,,,ok,,,,,,,,,,,,,0.7360000610351562,,,,,,,,cifar100,12,DANN,,,0.7831999659538269,,0.7545000314712524,,,,True,,,,,,,,0.7360000610351562,accuracy_vs_baselines,logits,ATC (neg. entropy),True,source
ATC_NE,,,,,,,,,,,,,,,,,,,,,,,,,ok,,,,,,,,,,,,,0.7450000643730164,,,,,,,,cifar100,12,CDANN,,,0.7858999967575073,,0.7480000257492065,,,,True,,,,,,,,0.7450000643730164,accuracy_vs_baselines,logits,ATC (neg. entropy),True,source
ATC_NE,,,,,,,,,,,,,,,,,,,,,,,,,ok,,,,,,,,,,,,,0.7725000381469727,,,,,,,,cifar100,59,DANN,,,0.7841999530792236,,0.7585000395774841,,,,False,,,,,,,,0.7725000381469727,accuracy_vs_baselines,logits,ATC (neg. entropy),True,source
ATC_NE,,,,,,,,,,,,,,,,,,,,,,,,,ok,,,,,,,,,,,,,0.7715000510215759,,,,,,,,cifar100,59,CDANN,,,0.7870000004768372,,0.7580000162124634,,,,False,,,,,,,,0.7715000510215759,accuracy_vs_baselines,logits,ATC (neg. entropy),True,source
ATC_NE,,,,,,,,,,,,,,,,,,,,,,,,,ok,,,,,,,,,,,,,0.7875000238418579,,,,,,,,cifar100,82,DANN,,,0.7861999869346619,,0.7695000171661377,,,,False,,,,,,,,0.7875000238418579,accuracy_vs_baselines,logits,ATC (neg. entropy),True,source
ATC_NE,,,,,,,,,,,,,,,,,,,,,,,,,ok,,,,,,,,,,,,,0.7695000171661377,,,,,,,,cifar100,82,CDANN,,,0.7872999906539917,,0.7635000348091125,,,,False,,,,,,,,0.7695000171661377,accuracy_vs_baselines,logits,ATC (neg. entropy),True,source
ATC_NE,,,,,,,,,,,,,,,,,,,,,,,,,ok,,,,,,,,,,,,,0.5667003393173218,,,,,,,,domainnet,1,DANN,,,0.8072605729103088,,0.465893030166626,,,,False,,,,,,,,0.5667003393173218,accuracy_vs_baselines,logits,ATC (neg. entropy),True,source
ATC_NE,,,,,,,,,,,,,,,,,,,,,,,,,ok,,,,,,,,,,,,,0.554793119430542,,,,,,,,domainnet,1,CDANN,,,0.8055910468101501,,0.5121089816093445,,,,False,,,,,,,,0.554793119430542,accuracy_vs_baselines,logits,ATC (neg. entropy),True,source
ATC_NE,,,,,,,,,,,,,,,,,,,,,,,,,ok,,,,,,,,,,,,,0.5351587533950806,,,,,,,,domainnet,2,DANN,,,0.8101378083229065,,0.38572534918785095,,,,False,,,,,,,,0.5351587533950806,accuracy_vs_baselines,logits,ATC (neg. entropy),True,source
ATC_NE,,,,,,,,,,,,,,,,,,,,,,,,,ok,,,,,,,,,,,,,0.5218554139137268,,,,,,,,domainnet,2,CDANN,,,0.8071539998054504,,0.42063772678375244,,,,False,,,,,,,,0.5218554139137268,accuracy_vs_baselines,logits,ATC (neg. entropy),True,source
ATC_NE,,,,,,,,,,,,,,,,,,,,,,,,,ok,,,,,,,,,,,,,0.5590716004371643,,,,,,,,domainnet,3,DANN,,,0.8096050024032593,,0.4719189405441284,,,,False,,,,,,,,0.5590716004371643,accuracy_vs_baselines,logits,ATC (neg. entropy),True,source
ATC_NE,,,,,,,,,,,,,,,,,,,,,,,,,ok,,,,,,,,,,,,,0.5656096935272217,,,,,,,,domainnet,3,CDANN,,,0.8074381947517395,,0.49369075894355774,,,,False,,,,,,,,0.5656096935272217,accuracy_vs_baselines,logits,ATC (neg. entropy),True,source
ATC_NE,,,,,,,,,,,,,,,,,,,,,,,,,ok,,,,,,,,,,,,,0.812358021736145,,,,,,,,living17,1,DANN,,,0.8994117379188538,,0.6758291721343994,,,,False,,,,,,,,0.812358021736145,accuracy_vs_baselines,logits,ATC (neg. entropy),True,source
ATC_NE,,,,,,,,,,,,,,,,,,,,,,,,,ok,,,,,,,,,,,,,0.8137210607528687,,,,,,,,living17,1,CDANN,,,0.9052940607070923,,0.6863925457000732,,,,False,,,,,,,,0.8137210607528687,accuracy_vs_baselines,logits,ATC (neg. entropy),True,source
ATC_NE,,,,,,,,,,,,,,,,,,,,,,,,,ok,,,,,,,,,,,,,0.8529411554336548,,,,,,,,living17,2,DANN,,,0.9094117283821106,,0.8970588445663452,,,,True,,,,,,,,0.8529411554336548,accuracy_vs_baselines,logits,ATC (neg. entropy),True,source
ATC_NE,,,,,,,,,,,,,,,,,,,,,,,,,ok,,,,,,,,,,,,,0.8970588445663452,,,,,,,,living17,2,CDANN,,,0.9094117283821106,,0.8676470518112183,,,,False,,,,,,,,0.8970588445663452,accuracy_vs_baselines,logits,ATC (neg. entropy),True,source
ATC_NE,,,,,,,,,,,,,,,,,,,,,,,,,ok,,,,,,,,,,,,,0.8382353186607361,,,,,,,,living17,3,DANN,,,0.9052940607070923,,0.5882353186607361,,,,False,,,,,,,,0.8382353186607361,accuracy_vs_baselines,logits,ATC (neg. entropy),True,source
ATC_NE,,,,,,,,,,,,,,,,,,,,,,,,,ok,,,,,,,,,,,,,0.7352941036224365,,,,,,,,living17,3,CDANN,,,0.9052940607070923,,0.5588235259056091,,,,False,,,,,,,,0.7352941036224365,accuracy_vs_baselines,logits,ATC (neg. entropy),True,source
ATC_NE,,,,,,,,,,,,,,,,,,,,,,,,,ok,,,,,,,,,,,,,0.6881493330001831,,,,,,,,nonliving26,1,DANN,,,0.8126922845840454,,0.5122722387313843,,,,False,,,,,,,,0.6881493330001831,accuracy_vs_baselines,logits,ATC (neg. entropy),True,source
ATC_NE,,,,,,,,,,,,,,,,,,,,,,,,,ok,,,,,,,,,,,,,0.7080258727073669,,,,,,,,nonliving26,1,CDANN,,,0.8176922798156738,,0.5332028269767761,,,,False,,,,,,,,0.7080258727073669,accuracy_vs_baselines,logits,ATC (neg. entropy),True,source
ATC_NE,,,,,,,,,,,,,,,,,,,,,,,,,ok,,,,,,,,,,,,,0.817307710647583,,,,,,,,nonliving26,2,DANN,,,0.8176922798156738,,0.75,,,,False,,,,,,,,0.817307710647583,accuracy_vs_baselines,logits,ATC (neg. entropy),True,source
ATC_NE,,,,,,,,,,,,,,,,,,,,,,,,,ok,,,,,,,,,,,,,0.759615421295166,,,,,,,,nonliving26,2,CDANN,,,0.8165384531021118,,0.7692307829856873,,,,True,,,,,,,,0.759615421295166,accuracy_vs_baselines,logits,ATC (neg. entropy),True,source
ATC_NE,,,,,,,,,,,,,,,,,,,,,,,,,ok,,,,,,,,,,,,,0.634615421295166,,,,,,,,nonliving26,3,DANN,,,0.8146153688430786,,0.4038461744785309,,,,False,,,,,,,,0.634615421295166,accuracy_vs_baselines,logits,ATC (neg. entropy),True,source
ATC_NE,,,,,,,,,,,,,,,,,,,,,,,,,ok,,,,,,,,,,,,,0.567307710647583,,,,,,,,nonliving26,3,CDANN,,,0.822692334651947,,0.4038461744785309,,,,False,,,,,,,,0.567307710647583,accuracy_vs_baselines,logits,ATC (neg. entropy),True,source
ATC_NE,,,,,,,,,,,,,,,,,,,,,,,,,ok,,,,,,,,,,,,,0.6295409202575684,,,,,,,,fmow,1,DANN,,,0.6519370079040527,,0.6103222370147705,,,,False,,,,,,,,0.6295409202575684,accuracy_vs_baselines,logits,ATC (neg. entropy),True,source
ATC_NE,,,,,,,,,,,,,,,,,,,,,,,,,ok,,,,,,,,,,,,,0.6359566450119019,,,,,,,,fmow,1,CDANN,,,0.6558535695075989,,0.605617344379425,,,,False,,,,,,,,0.6359566450119019,accuracy_vs_baselines,logits,ATC (neg. entropy),True,source
ATC_NE,,,,,,,,,,,,,,,,,,,,,,,,,ok,,,,,,,,,,,,,0.5853714346885681,,,,,,,,fmow,2,DANN,,,0.6504895687103271,,0.5482756495475769,,,,False,,,,,,,,0.5853714346885681,accuracy_vs_baselines,logits,ATC (neg. entropy),True,source
ATC_NE,,,,,,,,,,,,,,,,,,,,,,,,,ok,,,,,,,,,,,,,0.5780546069145203,,,,,,,,fmow,2,CDANN,,,0.6548318862915039,,0.5420845150947571,,,,False,,,,,,,,0.5780546069145203,accuracy_vs_baselines,logits,ATC (neg. entropy),True,source
ATC_NE,,,,,,,,,,,,,,,,,,,,,,,,,ok,,,,,,,,,,,,,0.6781737208366394,,,,,,,,officehome,1,DANN,,,0.922024667263031,,0.7193763852119446,,,,True,,,,,,,,0.6781737208366394,accuracy_vs_baselines,logits,ATC (neg. entropy),True,source
ATC_NE,,,,,,,,,,,,,,,,,,,,,,,,,ok,,,,,,,,,,,,,0.7828508019447327,,,,,,,,officehome,1,CDANN,,,0.9138167500495911,,0.730512261390686,,,,False,,,,,,,,0.7828508019447327,accuracy_vs_baselines,logits,ATC (neg. entropy),True,source
ATC_NE,,,,,,,,,,,,,,,,,,,,,,,,,ok,,,,,,,,,,,,,0.6024636030197144,,,,,,,,officehome,2,DANN,,,0.915184736251831,,0.44904816150665283,,,,False,,,,,,,,0.6024636030197144,accuracy_vs_baselines,logits,ATC (neg. entropy),True,source
ATC_NE,,,,,,,,,,,,,,,,,,,,,,,,,ok,,,,,,,,,,,,,0.650615930557251,,,,,,,,officehome,2,CDANN,,,0.9015048146247864,,0.4501679837703705,,,,False,,,,,,,,0.650615930557251,accuracy_vs_baselines,logits,ATC (neg. entropy),True,source
ATC_NE,,,,,,,,,,,,,,,,,,,,,,,,,ok,,,,,,,,,,,,,0.5384615659713745,,,,,,,,officehome,3,DANN,,,0.9056087732315063,,0.5364891290664673,,,,False,,,,,,,,0.5384615659713745,accuracy_vs_baselines,logits,ATC (neg. entropy),True,source
ATC_NE,,,,,,,,,,,,,,,,,,,,,,,,,ok,,,,,,,,,,,,,0.7199211120605469,,,,,,,,officehome,3,CDANN,,,0.9138167500495911,,0.5364891290664673,,,,False,,,,,,,,0.7199211120605469,accuracy_vs_baselines,logits,ATC (neg. entropy),True,source
ATC_NE,,,,,,,,,,,,,,,,,,,,,,,,,ok,,,,,,,,,,,,,0.9158170223236084,,,,,,,,visda,1,DANN,,,0.9995489120483398,,0.6463051438331604,,,,False,,,,,,,,0.9158170223236084,accuracy_vs_baselines,logits,ATC (neg. entropy),True,source
ATC_NE,,,,,,,,,,,,,,,,,,,,,,,,,ok,,,,,,,,,,,,,0.9621943235397339,,,,,,,,visda,1,CDANN,,,0.9990978837013245,,0.6784264445304871,,,,False,,,,,,,,0.9621943235397339,accuracy_vs_baselines,logits,ATC (neg. entropy),True,source
ATC_NE,,,,,,,,,,,,,,,,,,,,,,,,,ok,,,,,,,,,,,,,0.9194750785827637,,,,,,,,visda,2,DANN,,,0.9997539520263672,,0.6546961069107056,,,,False,,,,,,,,0.9194750785827637,accuracy_vs_baselines,logits,ATC (neg. entropy),True,source
ATC_NE,,,,,,,,,,,,,,,,,,,,,,,,,ok,,,,,,,,,,,,,0.9590469002723694,,,,,,,,visda,2,CDANN,,,0.9995899200439453,,0.7107734680175781,,,,False,,,,,,,,0.9590469002723694,accuracy_vs_baselines,logits,ATC (neg. entropy),True,source
COT,,,,,,,,,,,,,,,,,,,,,,,,,ok,,,,,,,,,,,,,0.8457530587911606,,,,,,,,entity13,1,DANN,,,0.905846118927002,,0.7318307161331177,,,,False,,,,,,,,0.8457530587911606,accuracy_vs_baselines,logits,COT,True,source
COT,,,,,,,,,,,,,,,,,,,,,,,,,ok,,,,,,,,,,,,,0.849034920334816,,,,,,,,entity13,1,CDANN,,,0.9096922874450684,,0.7354357838630676,,,,False,,,,,,,,0.849034920334816,accuracy_vs_baselines,logits,COT,True,source
COT,,,,,,,,,,,,,,,,,,,,,,,,,ok,,,,,,,,,,,,,0.8657007962465286,,,,,,,,entity13,2,DANN,,,0.9129230380058289,,0.8615384697914124,,,,False,,,,,,,,0.8657007962465286,accuracy_vs_baselines,logits,COT,True,source
COT,,,,,,,,,,,,,,,,,,,,,,,,,ok,,,,,,,,,,,,,0.8572807461023331,,,,,,,,entity13,2,CDANN,,,0.9081538319587708,,0.8423076868057251,,,,False,,,,,,,,0.8572807461023331,accuracy_vs_baselines,logits,COT,True,source
COT,,,,,,,,,,,,,,,,,,,,,,,,,ok,,,,,,,,,,,,,0.7781572788953781,,,,,,,,entity13,3,DANN,,,0.907076895236969,,0.6653845906257629,,,,False,,,,,,,,0.7781572788953781,accuracy_vs_baselines,logits,COT,True,source
COT,,,,,,,,,,,,,,,,,,,,,,,,,ok,,,,,,,,,,,,,0.7745655030012131,,,,,,,,entity13,3,CDANN,,,0.9061538577079773,,0.6653845906257629,,,,False,,,,,,,,0.7745655030012131,accuracy_vs_baselines,logits,COT,True,source
COT,,,,,,,,,,,,,,,,,,,,,,,,,ok,,,,,,,,,,,,,0.7502671778202057,,,,,,,,entity30,1,DANN,,,0.8550000190734863,,0.6190800070762634,,,,False,,,,,,,,0.7502671778202057,accuracy_vs_baselines,logits,COT,True,source
COT,,,,,,,,,,,,,,,,,,,,,,,,,ok,,,,,,,,,,,,,0.7584314197301865,,,,,,,,entity30,1,CDANN,,,0.8611666560173035,,0.627903163433075,,,,False,,,,,,,,0.7584314197301865,accuracy_vs_baselines,logits,COT,True,source
COT,,,,,,,,,,,,,,,,,,,,,,,,,ok,,,,,,,,,,,,,0.8102302551269531,,,,,,,,entity30,2,DANN,,,0.8646666407585144,,0.7875000238418579,,,,False,,,,,,,,0.8102302551269531,accuracy_vs_baselines,logits,COT,True,source
COT,,,,,,,,,,,,,,,,,,,,,,,,,ok,,,,,,,,,,,,,0.7997441440820694,,,,,,,,entity30,2,CDANN,,,0.8646666407585144,,0.8125000596046448,,,,True,,,,,,,,0.7997441440820694,accuracy_vs_baselines,logits,COT,True,source
COT,,,,,,,,,,,,,,,,,,,,,,,,,ok,,,,,,,,,,,,,0.6815812289714813,,,,,,,,entity30,3,DANN,,,0.8636666536331177,,0.5708333849906921,,,,False,,,,,,,,0.6815812289714813,accuracy_vs_baselines,logits,COT,True,source
COT,,,,,,,,,,,,,,,,,,,,,,,,,ok,,,,,,,,,,,,,0.678135871887207,,,,,,,,entity30,3,CDANN,,,0.8573333024978638,,0.5625,,,,False,,,,,,,,0.678135871887207,accuracy_vs_baselines,logits,COT,True,source
COT,,,,,,,,,,,,,,,,,,,,,,,,,ok,,,,,,,,,,,,,0.8971987366676331,,,,,,,,cifar10,1,DANN,,,0.9508999586105347,,0.8440000414848328,,,,False,,,,,,,,0.8971987366676331,accuracy_vs_baselines,logits,COT,True,source
COT,,,,,,,,,,,,,,,,,,,,,,,,,ok,,,,,,,,,,,,,0.9022126644849777,,,,,,,,cifar10,1,CDANN,,,0.949999988079071,,0.846500039100647,,,,False,,,,,,,,0.9022126644849777,accuracy_vs_baselines,logits,COT,True,source
COT,,,,,,,,,,,,,,,,,,,,,,,,,ok,,,,,,,,,,,,,0.928566962480545,,,,,,,,cifar10,10,DANN,,,0.9477999806404114,,0.924500048160553,,,,False,,,,,,,,0.928566962480545,accuracy_vs_baselines,logits,COT,True,source
COT,,,,,,,,,,,,,,,,,,,,,,,,,ok,,,,,,,,,,,,,0.9316814094781876,,,,,,,,cifar10,10,CDANN,,,0.948699951171875,,0.9160000681877136,,,,False,,,,,,,,0.9316814094781876,accuracy_vs_baselines,logits,COT,True,source
COT,,,,,,,,,,,,,,,,,,,,,,,,,ok,,,,,,,,,,,,,0.9315022751688957,,,,,,,,cifar10,71,DANN,,,0.9487999677658081,,0.9305000305175781,,,,False,,,,,,,,0.9315022751688957,accuracy_vs_baselines,logits,COT,True,source
COT,,,,,,,,,,,,,,,,,,,,,,,,,ok,,,,,,,,,,,,,0.9353813529014587,,,,,,,,cifar10,71,CDANN,,,0.9511999487876892,,0.9280000329017639,,,,False,,,,,,,,0.9353813529014587,accuracy_vs_baselines,logits,COT,True,source
COT,,,,,,,,,,,,,,,,,,,,,,,,,ok,,,,,,,,,,,,,0.9379625841975212,,,,,,,,cifar10,95,DANN,,,0.9515999555587769,,0.9390000700950623,,,,True,,,,,,,,0.9379625841975212,accuracy_vs_baselines,logits,COT,True,source
COT,,,,,,,,,,,,,,,,,,,,,,,,,ok,,,,,,,,,,,,,0.9393546544015408,,,,,,,,cifar10,95,CDANN,,,0.9526000022888184,,0.9355000257492065,,,,False,,,,,,,,0.9393546544015408,accuracy_vs_baselines,logits,COT,True,source
COT,,,,,,,,,,,,,,,,,,,,,,,,,ok,,,,,,,,,,,,,0.7440143674612045,,,,,,,,cifar100,4,DANN,,,0.7841999530792236,,0.7440000176429749,,,,False,,,,,,,,0.7440143674612045,accuracy_vs_baselines,logits,COT,True,source
COT,,,,,,,,,,,,,,,,,,,,,,,,,ok,,,,,,,,,,,,,0.7362255454063416,,,,,,,,cifar100,4,CDANN,,,0.7849999666213989,,0.7275000214576721,,,,False,,,,,,,,0.7362255454063416,accuracy_vs_baselines,logits,COT,True,source
COT,,,,,,,,,,,,,,,,,,,,,,,,,ok,,,,,,,,,,,,,0.7483654916286469,,,,,,,,cifar100,12,DANN,,,0.7831999659538269,,0.7545000314712524,,,,True,,,,,,,,0.7483654916286469,accuracy_vs_baselines,logits,COT,True,source
COT,,,,,,,,,,,,,,,,,,,,,,,,,ok,,,,,,,,,,,,,0.7460141032934189,,,,,,,,cifar100,12,CDANN,,,0.7858999967575073,,0.7480000257492065,,,,True,,,,,,,,0.7460141032934189,accuracy_vs_baselines,logits,COT,True,source
COT,,,,,,,,,,,,,,,,,,,,,,,,,ok,,,,,,,,,,,,,0.7607854902744293,,,,,,,,cifar100,59,DANN,,,0.7841999530792236,,0.7585000395774841,,,,False,,,,,,,,0.7607854902744293,accuracy_vs_baselines,logits,COT,True,source
COT,,,,,,,,,,,,,,,,,,,,,,,,,ok,,,,,,,,,,,,,0.7628058344125748,,,,,,,,cifar100,59,CDANN,,,0.7870000004768372,,0.7580000162124634,,,,False,,,,,,,,0.7628058344125748,accuracy_vs_baselines,logits,COT,True,source
COT,,,,,,,,,,,,,,,,,,,,,,,,,ok,,,,,,,,,,,,,0.7697943300008774,,,,,,,,cifar100,82,DANN,,,0.7861999869346619,,0.7695000171661377,,,,False,,,,,,,,0.7697943300008774,accuracy_vs_baselines,logits,COT,True,source
COT,,,,,,,,,,,,,,,,,,,,,,,,,ok,,,,,,,,,,,,,0.7632937282323837,,,,,,,,cifar100,82,CDANN,,,0.7872999906539917,,0.7635000348091125,,,,True,,,,,,,,0.7632937282323837,accuracy_vs_baselines,logits,COT,True,source
COT,,,,,,,,,,,,,,,,,,,,,,,,,ok,,,,,,,,,,,,,0.5916633903980255,,,,,,,,domainnet,1,DANN,,,0.8072605729103088,,0.465893030166626,,,,False,,,,,,,,0.5916633903980255,accuracy_vs_baselines,logits,COT,True,source
COT,,,,,,,,,,,,,,,,,,,,,,,,,ok,,,,,,,,,,,,,0.5687690079212189,,,,,,,,domainnet,1,CDANN,,,0.8055910468101501,,0.5121089816093445,,,,False,,,,,,,,0.5687690079212189,accuracy_vs_baselines,logits,COT,True,source
COT,,,,,,,,,,,,,,,,,,,,,,,,,ok,,,,,,,,,,,,,0.5711907744407654,,,,,,,,domainnet,2,DANN,,,0.8101378083229065,,0.38572534918785095,,,,False,,,,,,,,0.5711907744407654,accuracy_vs_baselines,logits,COT,True,source
COT,,,,,,,,,,,,,,,,,,,,,,,,,ok,,,,,,,,,,,,,0.5693548321723938,,,,,,,,domainnet,2,CDANN,,,0.8071539998054504,,0.42063772678375244,,,,False,,,,,,,,0.5693548321723938,accuracy_vs_baselines,logits,COT,True,source
COT,,,,,,,,,,,,,,,,,,,,,,,,,ok,,,,,,,,,,,,,0.5772541165351868,,,,,,,,domainnet,3,DANN,,,0.8096050024032593,,0.4719189405441284,,,,False,,,,,,,,0.5772541165351868,accuracy_vs_baselines,logits,COT,True,source
COT,,,,,,,,,,,,,,,,,,,,,,,,,ok,,,,,,,,,,,,,0.5586770176887512,,,,,,,,domainnet,3,CDANN,,,0.8074381947517395,,0.49369075894355774,,,,False,,,,,,,,0.5586770176887512,accuracy_vs_baselines,logits,COT,True,source
COT,,,,,,,,,,,,,,,,,,,,,,,,,ok,,,,,,,,,,,,,0.8086117506027222,,,,,,,,living17,1,DANN,,,0.8994117379188538,,0.6758291721343994,,,,False,,,,,,,,0.8086117506027222,accuracy_vs_baselines,logits,COT,True,source
COT,,,,,,,,,,,,,,,,,,,,,,,,,ok,,,,,,,,,,,,,0.8140603303909302,,,,,,,,living17,1,CDANN,,,0.9052940607070923,,0.6863925457000732,,,,False,,,,,,,,0.8140603303909302,accuracy_vs_baselines,logits,COT,True,source
COT,,,,,,,,,,,,,,,,,,,,,,,,,ok,,,,,,,,,,,,,0.8443180173635483,,,,,,,,living17,2,DANN,,,0.9094117283821106,,0.8970588445663452,,,,True,,,,,,,,0.8443180173635483,accuracy_vs_baselines,logits,COT,True,source
COT,,,,,,,,,,,,,,,,,,,,,,,,,ok,,,,,,,,,,,,,0.8515582531690598,,,,,,,,living17,2,CDANN,,,0.9094117283821106,,0.8676470518112183,,,,True,,,,,,,,0.8515582531690598,accuracy_vs_baselines,logits,COT,True,source
COT,,,,,,,,,,,,,,,,,,,,,,,,,ok,,,,,,,,,,,,,0.7643461376428604,,,,,,,,living17,3,DANN,,,0.9052940607070923,,0.5882353186607361,,,,False,,,,,,,,0.7643461376428604,accuracy_vs_baselines,logits,COT,True,source
COT,,,,,,,,,,,,,,,,,,,,,,,,,ok,,,,,,,,,,,,,0.7096796035766602,,,,,,,,living17,3,CDANN,,,0.9052940607070923,,0.5588235259056091,,,,False,,,,,,,,0.7096796035766602,accuracy_vs_baselines,logits,COT,True,source
COT,,,,,,,,,,,,,,,,,,,,,,,,,ok,,,,,,,,,,,,,0.7064311802387238,,,,,,,,nonliving26,1,DANN,,,0.8126922845840454,,0.5122722387313843,,,,False,,,,,,,,0.7064311802387238,accuracy_vs_baselines,logits,COT,True,source
COT,,,,,,,,,,,,,,,,,,,,,,,,,ok,,,,,,,,,,,,,0.7141033113002777,,,,,,,,nonliving26,1,CDANN,,,0.8176922798156738,,0.5332028269767761,,,,False,,,,,,,,0.7141033113002777,accuracy_vs_baselines,logits,COT,True,source
COT,,,,,,,,,,,,,,,,,,,,,,,,,ok,,,,,,,,,,,,,0.775517612695694,,,,,,,,nonliving26,2,DANN,,,0.8176922798156738,,0.75,,,,False,,,,,,,,0.775517612695694,accuracy_vs_baselines,logits,COT,True,source
COT,,,,,,,,,,,,,,,,,,,,,,,,,ok,,,,,,,,,,,,,0.7636855840682983,,,,,,,,nonliving26,2,CDANN,,,0.8165384531021118,,0.7692307829856873,,,,True,,,,,,,,0.7636855840682983,accuracy_vs_baselines,logits,COT,True,source
COT,,,,,,,,,,,,,,,,,,,,,,,,,ok,,,,,,,,,,,,,0.6083236336708069,,,,,,,,nonliving26,3,DANN,,,0.8146153688430786,,0.4038461744785309,,,,False,,,,,,,,0.6083236336708069,accuracy_vs_baselines,logits,COT,True,source
COT,,,,,,,,,,,,,,,,,,,,,,,,,ok,,,,,,,,,,,,,0.5844596922397614,,,,,,,,nonliving26,3,CDANN,,,0.822692334651947,,0.4038461744785309,,,,False,,,,,,,,0.5844596922397614,accuracy_vs_baselines,logits,COT,True,source
COT,,,,,,,,,,,,,,,,,,,,,,,,,ok,,,,,,,,,,,,,0.6090847253799438,,,,,,,,fmow,1,DANN,,,0.6519370079040527,,0.6103222370147705,,,,True,,,,,,,,0.6090847253799438,accuracy_vs_baselines,logits,COT,True,source
COT,,,,,,,,,,,,,,,,,,,,,,,,,ok,,,,,,,,,,,,,0.615029364824295,,,,,,,,fmow,1,CDANN,,,0.6558535695075989,,0.605617344379425,,,,False,,,,,,,,0.615029364824295,accuracy_vs_baselines,logits,COT,True,source
COT,,,,,,,,,,,,,,,,,,,,,,,,,ok,,,,,,,,,,,,,0.5865478813648224,,,,,,,,fmow,2,DANN,,,0.6504895687103271,,0.5482756495475769,,,,False,,,,,,,,0.5865478813648224,accuracy_vs_baselines,logits,COT,True,source
COT,,,,,,,,,,,,,,,,,,,,,,,,,ok,,,,,,,,,,,,,0.5879568159580231,,,,,,,,fmow,2,CDANN,,,0.6548318862915039,,0.5420845150947571,,,,False,,,,,,,,0.5879568159580231,accuracy_vs_baselines,logits,COT,True,source
COT,,,,,,,,,,,,,,,,,,,,,,,,,ok,,,,,,,,,,,,,0.7124415636062622,,,,,,,,officehome,1,DANN,,,0.922024667263031,,0.7193763852119446,,,,True,,,,,,,,0.7124415636062622,accuracy_vs_baselines,logits,COT,True,source
COT,,,,,,,,,,,,,,,,,,,,,,,,,ok,,,,,,,,,,,,,0.7489647269248962,,,,,,,,officehome,1,CDANN,,,0.9138167500495911,,0.730512261390686,,,,False,,,,,,,,0.7489647269248962,accuracy_vs_baselines,logits,COT,True,source
COT,,,,,,,,,,,,,,,,,,,,,,,,,ok,,,,,,,,,,,,,0.6288007497787476,,,,,,,,officehome,2,DANN,,,0.915184736251831,,0.44904816150665283,,,,False,,,,,,,,0.6288007497787476,accuracy_vs_baselines,logits,COT,True,source
COT,,,,,,,,,,,,,,,,,,,,,,,,,ok,,,,,,,,,,,,,0.6749982237815857,,,,,,,,officehome,2,CDANN,,,0.9015048146247864,,0.4501679837703705,,,,False,,,,,,,,0.6749982237815857,accuracy_vs_baselines,logits,COT,True,source
COT,,,,,,,,,,,,,,,,,,,,,,,,,ok,,,,,,,,,,,,,0.5808297693729401,,,,,,,,officehome,3,DANN,,,0.9056087732315063,,0.5364891290664673,,,,False,,,,,,,,0.5808297693729401,accuracy_vs_baselines,logits,COT,True,source
COT,,,,,,,,,,,,,,,,,,,,,,,,,ok,,,,,,,,,,,,,0.6355733871459961,,,,,,,,officehome,3,CDANN,,,0.9138167500495911,,0.5364891290664673,,,,False,,,,,,,,0.6355733871459961,accuracy_vs_baselines,logits,COT,True,source
COT,,,,,,,,,,,,,,,,,,,,,,,,,ok,,,,,,,,,,,,,0.9049544483423233,,,,,,,,visda,1,DANN,,,0.9995489120483398,,0.6463051438331604,,,,False,,,,,,,,0.9049544483423233,accuracy_vs_baselines,logits,COT,True,source
COT,,,,,,,,,,,,,,,,,,,,,,,,,ok,,,,,,,,,,,,,0.8659456670284271,,,,,,,,visda,1,CDANN,,,0.9990978837013245,,0.6784264445304871,,,,False,,,,,,,,0.8659456670284271,accuracy_vs_baselines,logits,COT,True,source
COT,,,,,,,,,,,,,,,,,,,,,,,,,ok,,,,,,,,,,,,,0.9015089049935341,,,,,,,,visda,2,DANN,,,0.9997539520263672,,0.6546961069107056,,,,False,,,,,,,,0.9015089049935341,accuracy_vs_baselines,logits,COT,True,source
COT,,,,,,,,,,,,,,,,,,,,,,,,,ok,,,,,,,,,,,,,0.9018256813287735,,,,,,,,visda,2,CDANN,,,0.9995899200439453,,0.7107734680175781,,,,False,,,,,,,,0.9018256813287735,accuracy_vs_baselines,logits,COT,True,source
AC,,,,,,,,,,,,,,,,,,,,,,,,,ok,,,,,,,,,,,,,0.8525711297988892,,,,,,,,entity13,1,DANN,,,0.905846118927002,,0.7318307161331177,,,,False,,,,,,,,0.8525711297988892,accuracy_vs_baselines,logits,AC,True,source
AC,,,,,,,,,,,,,,,,,,,,,,,,,ok,,,,,,,,,,,,,0.8573216795921326,,,,,,,,entity13,1,CDANN,,,0.9096922874450684,,0.7354357838630676,,,,False,,,,,,,,0.8573216795921326,accuracy_vs_baselines,logits,AC,True,source
AC,,,,,,,,,,,,,,,,,,,,,,,,,ok,,,,,,,,,,,,,0.8737786412239075,,,,,,,,entity13,2,DANN,,,0.9129230380058289,,0.8615384697914124,,,,False,,,,,,,,0.8737786412239075,accuracy_vs_baselines,logits,AC,True,source
AC,,,,,,,,,,,,,,,,,,,,,,,,,ok,,,,,,,,,,,,,0.8710755705833435,,,,,,,,entity13,2,CDANN,,,0.9081538319587708,,0.8423076868057251,,,,False,,,,,,,,0.8710755705833435,accuracy_vs_baselines,logits,AC,True,source
AC,,,,,,,,,,,,,,,,,,,,,,,,,ok,,,,,,,,,,,,,0.7902470231056213,,,,,,,,entity13,3,DANN,,,0.907076895236969,,0.6653845906257629,,,,False,,,,,,,,0.7902470231056213,accuracy_vs_baselines,logits,AC,True,source
AC,,,,,,,,,,,,,,,,,,,,,,,,,ok,,,,,,,,,,,,,0.7894497513771057,,,,,,,,entity13,3,CDANN,,,0.9061538577079773,,0.6653845906257629,,,,False,,,,,,,,0.7894497513771057,accuracy_vs_baselines,logits,AC,True,source
AC,,,,,,,,,,,,,,,,,,,,,,,,,ok,,,,,,,,,,,,,0.7632530331611633,,,,,,,,entity30,1,DANN,,,0.8550000190734863,,0.6190800070762634,,,,False,,,,,,,,0.7632530331611633,accuracy_vs_baselines,logits,AC,True,source
AC,,,,,,,,,,,,,,,,,,,,,,,,,ok,,,,,,,,,,,,,0.7715016603469849,,,,,,,,entity30,1,CDANN,,,0.8611666560173035,,0.627903163433075,,,,False,,,,,,,,0.7715016603469849,accuracy_vs_baselines,logits,AC,True,source
AC,,,,,,,,,,,,,,,,,,,,,,,,,ok,,,,,,,,,,,,,0.8449029922485352,,,,,,,,entity30,2,DANN,,,0.8646666407585144,,0.7875000238418579,,,,False,,,,,,,,0.8449029922485352,accuracy_vs_baselines,logits,AC,True,source
AC,,,,,,,,,,,,,,,,,,,,,,,,,ok,,,,,,,,,,,,,0.8281901478767395,,,,,,,,entity30,2,CDANN,,,0.8646666407585144,,0.8125000596046448,,,,False,,,,,,,,0.8281901478767395,accuracy_vs_baselines,logits,AC,True,source
AC,,,,,,,,,,,,,,,,,,,,,,,,,ok,,,,,,,,,,,,,0.6983610987663269,,,,,,,,entity30,3,DANN,,,0.8636666536331177,,0.5708333849906921,,,,False,,,,,,,,0.6983610987663269,accuracy_vs_baselines,logits,AC,True,source
AC,,,,,,,,,,,,,,,,,,,,,,,,,ok,,,,,,,,,,,,,0.7034960985183716,,,,,,,,entity30,3,CDANN,,,0.8573333024978638,,0.5625,,,,False,,,,,,,,0.7034960985183716,accuracy_vs_baselines,logits,AC,True,source
AC,,,,,,,,,,,,,,,,,,,,,,,,,ok,,,,,,,,,,,,,0.9008032083511353,,,,,,,,cifar10,1,DANN,,,0.9508999586105347,,0.8440000414848328,,,,False,,,,,,,,0.9008032083511353,accuracy_vs_baselines,logits,AC,True,source
AC,,,,,,,,,,,,,,,,,,,,,,,,,ok,,,,,,,,,,,,,0.9067832231521606,,,,,,,,cifar10,1,CDANN,,,0.949999988079071,,0.846500039100647,,,,False,,,,,,,,0.9067832231521606,accuracy_vs_baselines,logits,AC,True,source
AC,,,,,,,,,,,,,,,,,,,,,,,,,ok,,,,,,,,,,,,,0.9305946230888367,,,,,,,,cifar10,10,DANN,,,0.9477999806404114,,0.924500048160553,,,,False,,,,,,,,0.9305946230888367,accuracy_vs_baselines,logits,AC,True,source
AC,,,,,,,,,,,,,,,,,,,,,,,,,ok,,,,,,,,,,,,,0.9337896108627319,,,,,,,,cifar10,10,CDANN,,,0.948699951171875,,0.9160000681877136,,,,False,,,,,,,,0.9337896108627319,accuracy_vs_baselines,logits,AC,True,source
AC,,,,,,,,,,,,,,,,,,,,,,,,,ok,,,,,,,,,,,,,0.9347382187843323,,,,,,,,cifar10,71,DANN,,,0.9487999677658081,,0.9305000305175781,,,,False,,,,,,,,0.9347382187843323,accuracy_vs_baselines,logits,AC,True,source
AC,,,,,,,,,,,,,,,,,,,,,,,,,ok,,,,,,,,,,,,,0.9355620741844177,,,,,,,,cifar10,71,CDANN,,,0.9511999487876892,,0.9280000329017639,,,,False,,,,,,,,0.9355620741844177,accuracy_vs_baselines,logits,AC,True,source
AC,,,,,,,,,,,,,,,,,,,,,,,,,ok,,,,,,,,,,,,,0.936783492565155,,,,,,,,cifar10,95,DANN,,,0.9515999555587769,,0.9390000700950623,,,,True,,,,,,,,0.936783492565155,accuracy_vs_baselines,logits,AC,True,source
AC,,,,,,,,,,,,,,,,,,,,,,,,,ok,,,,,,,,,,,,,0.9392420053482056,,,,,,,,cifar10,95,CDANN,,,0.9526000022888184,,0.9355000257492065,,,,False,,,,,,,,0.9392420053482056,accuracy_vs_baselines,logits,AC,True,source
AC,,,,,,,,,,,,,,,,,,,,,,,,,ok,,,,,,,,,,,,,0.759565532207489,,,,,,,,cifar100,4,DANN,,,0.7841999530792236,,0.7440000176429749,,,,False,,,,,,,,0.759565532207489,accuracy_vs_baselines,logits,AC,True,source
AC,,,,,,,,,,,,,,,,,,,,,,,,,ok,,,,,,,,,,,,,0.7532544136047363,,,,,,,,cifar100,4,CDANN,,,0.7849999666213989,,0.7275000214576721,,,,False,,,,,,,,0.7532544136047363,accuracy_vs_baselines,logits,AC,True,source
AC,,,,,,,,,,,,,,,,,,,,,,,,,ok,,,,,,,,,,,,,0.7691272497177124,,,,,,,,cifar100,12,DANN,,,0.7831999659538269,,0.7545000314712524,,,,False,,,,,,,,0.7691272497177124,accuracy_vs_baselines,logits,AC,True,source
AC,,,,,,,,,,,,,,,,,,,,,,,,,ok,,,,,,,,,,,,,0.7656166553497314,,,,,,,,cifar100,12,CDANN,,,0.7858999967575073,,0.7480000257492065,,,,False,,,,,,,,0.7656166553497314,accuracy_vs_baselines,logits,AC,True,source
AC,,,,,,,,,,,,,,,,,,,,,,,,,ok,,,,,,,,,,,,,0.7807866930961609,,,,,,,,cifar100,59,DANN,,,0.7841999530792236,,0.7585000395774841,,,,False,,,,,,,,0.7807866930961609,accuracy_vs_baselines,logits,AC,True,source
AC,,,,,,,,,,,,,,,,,,,,,,,,,ok,,,,,,,,,,,,,0.7782496809959412,,,,,,,,cifar100,59,CDANN,,,0.7870000004768372,,0.7580000162124634,,,,False,,,,,,,,0.7782496809959412,accuracy_vs_baselines,logits,AC,True,source
AC,,,,,,,,,,,,,,,,,,,,,,,,,ok,,,,,,,,,,,,,0.7890875935554504,,,,,,,,cifar100,82,DANN,,,0.7861999869346619,,0.7695000171661377,,,,False,,,,,,,,0.7890875935554504,accuracy_vs_baselines,logits,AC,True,source
AC,,,,,,,,,,,,,,,,,,,,,,,,,ok,,,,,,,,,,,,,0.7805593013763428,,,,,,,,cifar100,82,CDANN,,,0.7872999906539917,,0.7635000348091125,,,,False,,,,,,,,0.7805593013763428,accuracy_vs_baselines,logits,AC,True,source
AC,,,,,,,,,,,,,,,,,,,,,,,,,ok,,,,,,,,,,,,,0.6377845406532288,,,,,,,,domainnet,1,DANN,,,0.8072605729103088,,0.465893030166626,,,,False,,,,,,,,0.6377845406532288,accuracy_vs_baselines,logits,AC,True,source
AC,,,,,,,,,,,,,,,,,,,,,,,,,ok,,,,,,,,,,,,,0.6281313896179199,,,,,,,,domainnet,1,CDANN,,,0.8055910468101501,,0.5121089816093445,,,,False,,,,,,,,0.6281313896179199,accuracy_vs_baselines,logits,AC,True,source
AC,,,,,,,,,,,,,,,,,,,,,,,,,ok,,,,,,,,,,,,,0.6195071339607239,,,,,,,,domainnet,2,DANN,,,0.8101378083229065,,0.38572534918785095,,,,False,,,,,,,,0.6195071339607239,accuracy_vs_baselines,logits,AC,True,source
AC,,,,,,,,,,,,,,,,,,,,,,,,,ok,,,,,,,,,,,,,0.6048527359962463,,,,,,,,domainnet,2,CDANN,,,0.8071539998054504,,0.42063772678375244,,,,False,,,,,,,,0.6048527359962463,accuracy_vs_baselines,logits,AC,True,source
AC,,,,,,,,,,,,,,,,,,,,,,,,,ok,,,,,,,,,,,,,0.6402058005332947,,,,,,,,domainnet,3,DANN,,,0.8096050024032593,,0.4719189405441284,,,,False,,,,,,,,0.6402058005332947,accuracy_vs_baselines,logits,AC,True,source
AC,,,,,,,,,,,,,,,,,,,,,,,,,ok,,,,,,,,,,,,,0.6436025500297546,,,,,,,,domainnet,3,CDANN,,,0.8074381947517395,,0.49369075894355774,,,,False,,,,,,,,0.6436025500297546,accuracy_vs_baselines,logits,AC,True,source
AC,,,,,,,,,,,,,,,,,,,,,,,,,ok,,,,,,,,,,,,,0.8271092772483826,,,,,,,,living17,1,DANN,,,0.8994117379188538,,0.6758291721343994,,,,False,,,,,,,,0.8271092772483826,accuracy_vs_baselines,logits,AC,True,source
AC,,,,,,,,,,,,,,,,,,,,,,,,,ok,,,,,,,,,,,,,0.8327962756156921,,,,,,,,living17,1,CDANN,,,0.9052940607070923,,0.6863925457000732,,,,False,,,,,,,,0.8327962756156921,accuracy_vs_baselines,logits,AC,True,source
AC,,,,,,,,,,,,,,,,,,,,,,,,,ok,,,,,,,,,,,,,0.8644405007362366,,,,,,,,living17,2,DANN,,,0.9094117283821106,,0.8970588445663452,,,,True,,,,,,,,0.8644405007362366,accuracy_vs_baselines,logits,AC,True,source
AC,,,,,,,,,,,,,,,,,,,,,,,,,ok,,,,,,,,,,,,,0.8884500861167908,,,,,,,,living17,2,CDANN,,,0.9094117283821106,,0.8676470518112183,,,,False,,,,,,,,0.8884500861167908,accuracy_vs_baselines,logits,AC,True,source
AC,,,,,,,,,,,,,,,,,,,,,,,,,ok,,,,,,,,,,,,,0.8317475318908691,,,,,,,,living17,3,DANN,,,0.9052940607070923,,0.5882353186607361,,,,False,,,,,,,,0.8317475318908691,accuracy_vs_baselines,logits,AC,True,source
AC,,,,,,,,,,,,,,,,,,,,,,,,,ok,,,,,,,,,,,,,0.7746639251708984,,,,,,,,living17,3,CDANN,,,0.9052940607070923,,0.5588235259056091,,,,False,,,,,,,,0.7746639251708984,accuracy_vs_baselines,logits,AC,True,source
AC,,,,,,,,,,,,,,,,,,,,,,,,,ok,,,,,,,,,,,,,0.7129377722740173,,,,,,,,nonliving26,1,DANN,,,0.8126922845840454,,0.5122722387313843,,,,False,,,,,,,,0.7129377722740173,accuracy_vs_baselines,logits,AC,True,source
AC,,,,,,,,,,,,,,,,,,,,,,,,,ok,,,,,,,,,,,,,0.7186091542243958,,,,,,,,nonliving26,1,CDANN,,,0.8176922798156738,,0.5332028269767761,,,,False,,,,,,,,0.7186091542243958,accuracy_vs_baselines,logits,AC,True,source
AC,,,,,,,,,,,,,,,,,,,,,,,,,ok,,,,,,,,,,,,,0.8130866885185242,,,,,,,,nonliving26,2,DANN,,,0.8176922798156738,,0.75,,,,False,,,,,,,,0.8130866885185242,accuracy_vs_baselines,logits,AC,True,source
AC,,,,,,,,,,,,,,,,,,,,,,,,,ok,,,,,,,,,,,,,0.7934163212776184,,,,,,,,nonliving26,2,CDANN,,,0.8165384531021118,,0.7692307829856873,,,,False,,,,,,,,0.7934163212776184,accuracy_vs_baselines,logits,AC,True,source
AC,,,,,,,,,,,,,,,,,,,,,,,,,ok,,,,,,,,,,,,,0.6648449897766113,,,,,,,,nonliving26,3,DANN,,,0.8146153688430786,,0.4038461744785309,,,,False,,,,,,,,0.6648449897766113,accuracy_vs_baselines,logits,AC,True,source
AC,,,,,,,,,,,,,,,,,,,,,,,,,ok,,,,,,,,,,,,,0.6117043495178223,,,,,,,,nonliving26,3,CDANN,,,0.822692334651947,,0.4038461744785309,,,,False,,,,,,,,0.6117043495178223,accuracy_vs_baselines,logits,AC,True,source
AC,,,,,,,,,,,,,,,,,,,,,,,,,ok,,,,,,,,,,,,,0.6385051012039185,,,,,,,,fmow,1,DANN,,,0.6519370079040527,,0.6103222370147705,,,,False,,,,,,,,0.6385051012039185,accuracy_vs_baselines,logits,AC,True,source
AC,,,,,,,,,,,,,,,,,,,,,,,,,ok,,,,,,,,,,,,,0.6388002038002014,,,,,,,,fmow,1,CDANN,,,0.6558535695075989,,0.605617344379425,,,,False,,,,,,,,0.6388002038002014,accuracy_vs_baselines,logits,AC,True,source
AC,,,,,,,,,,,,,,,,,,,,,,,,,ok,,,,,,,,,,,,,0.604530930519104,,,,,,,,fmow,2,DANN,,,0.6504895687103271,,0.5482756495475769,,,,False,,,,,,,,0.604530930519104,accuracy_vs_baselines,logits,AC,True,source
AC,,,,,,,,,,,,,,,,,,,,,,,,,ok,,,,,,,,,,,,,0.6016821265220642,,,,,,,,fmow,2,CDANN,,,0.6548318862915039,,0.5420845150947571,,,,False,,,,,,,,0.6016821265220642,accuracy_vs_baselines,logits,AC,True,source
AC,,,,,,,,,,,,,,,,,,,,,,,,,ok,,,,,,,,,,,,,0.7708330154418945,,,,,,,,officehome,1,DANN,,,0.922024667263031,,0.7193763852119446,,,,False,,,,,,,,0.7708330154418945,accuracy_vs_baselines,logits,AC,True,source
AC,,,,,,,,,,,,,,,,,,,,,,,,,ok,,,,,,,,,,,,,0.8211841583251953,,,,,,,,officehome,1,CDANN,,,0.9138167500495911,,0.730512261390686,,,,False,,,,,,,,0.8211841583251953,accuracy_vs_baselines,logits,AC,True,source
AC,,,,,,,,,,,,,,,,,,,,,,,,,ok,,,,,,,,,,,,,0.6579679846763611,,,,,,,,officehome,2,DANN,,,0.915184736251831,,0.44904816150665283,,,,False,,,,,,,,0.6579679846763611,accuracy_vs_baselines,logits,AC,True,source
AC,,,,,,,,,,,,,,,,,,,,,,,,,ok,,,,,,,,,,,,,0.7319388389587402,,,,,,,,officehome,2,CDANN,,,0.9015048146247864,,0.4501679837703705,,,,False,,,,,,,,0.7319388389587402,accuracy_vs_baselines,logits,AC,True,source
AC,,,,,,,,,,,,,,,,,,,,,,,,,ok,,,,,,,,,,,,,0.6812232732772827,,,,,,,,officehome,3,DANN,,,0.9056087732315063,,0.5364891290664673,,,,False,,,,,,,,0.6812232732772827,accuracy_vs_baselines,logits,AC,True,source
AC,,,,,,,,,,,,,,,,,,,,,,,,,ok,,,,,,,,,,,,,0.7606031894683838,,,,,,,,officehome,3,CDANN,,,0.9138167500495911,,0.5364891290664673,,,,False,,,,,,,,0.7606031894683838,accuracy_vs_baselines,logits,AC,True,source
AC,,,,,,,,,,,,,,,,,,,,,,,,,ok,,,,,,,,,,,,,0.937119722366333,,,,,,,,visda,1,DANN,,,0.9995489120483398,,0.6463051438331604,,,,False,,,,,,,,0.937119722366333,accuracy_vs_baselines,logits,AC,True,source
AC,,,,,,,,,,,,,,,,,,,,,,,,,ok,,,,,,,,,,,,,0.9643871188163757,,,,,,,,visda,1,CDANN,,,0.9990978837013245,,0.6784264445304871,,,,False,,,,,,,,0.9643871188163757,accuracy_vs_baselines,logits,AC,True,source
AC,,,,,,,,,,,,,,,,,,,,,,,,,ok,,,,,,,,,,,,,0.9384526610374451,,,,,,,,visda,2,DANN,,,0.9997539520263672,,0.6546961069107056,,,,False,,,,,,,,0.9384526610374451,accuracy_vs_baselines,logits,AC,True,source
AC,,,,,,,,,,,,,,,,,,,,,,,,,ok,,,,,,,,,,,,,0.967695415019989,,,,,,,,visda,2,CDANN,,,0.9995899200439453,,0.7107734680175781,,,,False,,,,,,,,0.967695415019989,accuracy_vs_baselines,logits,AC,True,source
iw_overlap_critic,5.0,0.0,6500.0,33009.0,1625.0,8255.0,0.904,0.0,1.0,3.687958240509033,0.5,0.5,0.5205477476119995,0.2499304860830307,,,,,0.09639714533886476,0.0,1625.0,0.0,8255.0,0.0,ok,plugin,False,,1625.451729280784,1623.127960420403,1.146217618916505,0.9971896526039354,1.0615643857114905,,0.0,0.09639714533886476,0.9036028546611352,0.9036028546611352,False,,,,,,,entity13,1,DANN,logits,13.0,0.905846118927002,0.905846118927002,0.7318307161331177,0.7345851063728333,splits_entity13_DANN_1_0_b09dc755c62e.npz,b09dc755c62e,False,False,,,,,,,0.9036028546611352,logits_vs_features,logits,IW overlap critic | W=5 | seed=0 (plug-in),True,
iw_overlap_critic,5.0,0.0,6500.0,260.0,1625.0,65.0,0.9101538461538462,0.0,1.0,54.598148345947266,0.5,0.5,0.4661538600921631,0.2502062916755676,,,,,0.0897240431413496,0.0,1625.0,0.0,65.0,0.0,ok,plugin,False,,1622.9808558045895,1624.9135292993105,1.0295263176653389,0.9986247386053284,1.010330241000122,,0.0,0.0897240431413496,0.9102759568586504,0.9102759568586504,False,,,,,,,entity13,2,DANN,logits,13.0,0.9129230380058289,0.9129230380058289,0.8615384697914124,0.8461538553237915,splits_entity13_DANN_2_0_b09dc755c62e.npz,b09dc755c62e,False,False,,,,,,,0.9102759568586504,logits_vs_features,logits,IW overlap critic | W=5 | seed=0 (plug-in),True,
iw_overlap_critic,5.0,0.0,6500.0,260.0,1625.0,65.0,0.9027692307692308,0.0,1.0,3.830349922180176,0.5,0.5,0.516153872013092,0.24943119287490845,,,,,0.09681538446997534,0.0,1625.0,0.0,65.0,0.0,ok,plugin,False,,1615.3376671424385,1605.3965345672318,1.5597520559256435,0.9906993392827033,1.17506646938591,,0.0,0.09681538446997534,0.9031846155300247,0.9031846155300247,False,,,,,,,entity13,3,DANN,logits,13.0,0.907076895236969,0.907076895236969,0.6653845906257629,0.5538461804389954,splits_entity13_DANN_3_0_b09dc755c62e.npz,b09dc755c62e,False,False,,,,,,,0.9031846155300247,logits_vs_features,logits,IW overlap critic | W=5 | seed=0 (plug-in),True,
iw_overlap_critic,5.0,0.0,6500.0,33009.0,1625.0,8255.0,0.9132307692307693,0.0,1.0,2.3982067108154297,0.5,0.5,0.5145338177680969,0.2498086541891098,,,,,0.08716399680370747,0.0,1625.0,0.0,8255.0,0.0,ok,plugin,False,,1626.8973288698844,1619.8188336937326,1.2154376662173454,1.0017288221139384,1.0907311822584893,,0.0,0.08716399680370747,0.9128360031962925,0.9128360031962925,False,,,,,,,entity13,1,CDANN,logits,13.0,0.9096922874450684,0.9096922874450684,0.7354357838630676,0.7372501492500305,splits_entity13_CDANN_1_0_b09dc755c62e.npz,b09dc755c62e,False,False,,,,,,,0.9128360031962925,logits_vs_features,logits,IW overlap critic | W=5 | seed=0 (plug-in),True,
iw_overlap_critic,5.0,0.0,6500.0,260.0,1625.0,65.0,0.9058461538461539,0.0,1.0,54.598148345947266,0.5,0.5,0.39384615421295166,0.2502327263355255,,,,,0.0941234260824005,0.0,1625.0,0.0,65.0,0.0,ok,plugin,False,,1622.9480364599706,1624.914174672017,1.0364243672746556,0.9988015387721471,1.0105301857139013,,0.0,0.0941234260824005,0.9058765739175995,0.9058765739175995,False,,,,,,,entity13,2,CDANN,logits,13.0,0.9081538319587708,0.9081538319587708,0.8423076868057251,0.8769230842590332,splits_entity13_CDANN_2_0_b09dc755c62e.npz,b09dc755c62e,False,False,,,,,,,0.9058765739175995,logits_vs_features,logits,IW overlap critic | W=5 | seed=0 (plug-in),True,
iw_overlap_critic,5.0,0.0,6500.0,260.0,1625.0,65.0,0.9015384615384615,0.0,1.0,5.533639430999756,0.5,0.5,0.48076921701431274,0.24978940188884735,,,,,0.09893176709000366,0.0,1625.0,0.0,65.0,0.0,ok,plugin,False,,1623.8538745476258,1618.0954354770329,1.184193507693934,1.007715047511049,1.0916158389561164,,0.0,0.09893176709000366,0.9010682329099964,0.9010682329099964,False,,,,,,,entity13,3,CDANN,logits,13.0,0.9061538577079773,0.9061538577079773,0.6653845906257629,0.5692307949066162,splits_entity13_CDANN_3_0_b09dc755c62e.npz,b09dc755c62e,False,False,,,,,,,0.9010682329099964,logits_vs_features,logits,IW overlap critic | W=5 | seed=0 (plug-in),True,
iw_overlap_critic,5.0,0.0,6000.0,30828.0,1500.0,7709.0,0.8426666666666667,0.0,1.0,1.728687047958374,0.5,0.5,0.5138411521911621,0.24932533502578735,,,,,0.157693289261415,0.0,1500.0,0.0,7709.0,0.0,ok,plugin,False,,1504.8331593339535,1481.5380631016374,1.450980002028854,0.9974380802346456,1.1953827612708676,,0.0,0.157693289261415,0.842306710738585,0.842306710738585,False,,,,,,,entity30,1,DANN,logits,30.0,0.8550000190734863,0.8550000190734863,0.6190800070762634,0.6236866116523743,splits_entity30_DANN_1_0_b09dc755c62e.npz,b09dc755c62e,False,False,,,,,,,0.842306710738585,logits_vs_features,logits,IW overlap critic | W=5 | seed=0 (plug-in),True,
iw_overlap_critic,5.0,0.0,6000.0,240.0,1500.0,60.0,0.8606666666666667,0.0,1.0,54.598148345947266,0.5,0.5,0.5016666650772095,0.2500607371330261,,,,,0.1388303003112932,0.0,1500.0,0.0,60.0,0.0,ok,plugin,False,,1494.5841102565068,1499.7261375967405,1.0555103048639427,0.996924677426781,1.017718719317838,,0.0,0.1388303003112932,0.8611696996887068,0.8611696996887068,False,,,,,,,entity30,2,DANN,logits,30.0,0.8646666407585144,0.8646666407585144,0.7875000238418579,0.7500000596046448,splits_entity30_DANN_2_0_b09dc755c62e.npz,b09dc755c62e,False,False,,,,,,,0.8611696996887068,logits_vs_features,logits,IW overlap critic | W=5 | seed=0 (plug-in),True,
iw_overlap_critic,5.0,0.0,6000.0,240.0,1500.0,60.0,0.8553333333333333,0.0,1.0,54.598148345947266,0.5,0.5,0.46166667342185974,0.2499976009130478,,,,,0.143718802763159,0.0,1500.0,0.0,60.0,0.0,ok,plugin,False,,1492.3784582378312,1499.583435511841,1.0412212537758008,0.9963825535291864,1.020531419000476,,0.0,0.143718802763159,0.856281197236841,0.856281197236841,False,,,,,,,entity30,3,DANN,logits,30.0,0.8636666536331177,0.8636666536331177,0.5708333849906921,0.6666666865348816,splits_entity30_DANN_3_0_b09dc755c62e.npz,b09dc755c62e,False,False,,,,,,,0.856281197236841,logits_vs_features,logits,IW overlap critic | W=5 | seed=0 (plug-in),True,
iw_overlap_critic,5.0,0.0,6000.0,30828.0,1500.0,7709.0,0.856,0.0,1.0,4.229965686798096,0.5,0.5,0.5144094824790955,0.2498675435781479,,,,,0.1446064552973482,0.0,1500.0,0.0,7709.0,0.0,ok,plugin,False,,1497.372736781761,1496.2971489738413,1.2201435979985311,0.9960204159701154,1.0832021564352399,,0.0,0.1446064552973482,0.8553935447026518,0.8553935447026518,False,,,,,,,entity30,1,CDANN,logits,30.0,0.8611666560173035,0.8611666560173035,0.627903163433075,0.6345829367637634,splits_entity30_CDANN_1_0_b09dc755c62e.npz,b09dc755c62e,False,False,,,,,,,0.8553935447026518,logits_vs_features,logits,IW overlap critic | W=5 | seed=0 (plug-in),True,
iw_overlap_critic,5.0,0.0,6000.0,240.0,1500.0,60.0,0.862,0.0,1.0,54.598148345947266,0.5,0.5,0.43166667222976685,0.2501581013202667,,,,,0.1374331973669702,0.0,1500.0,0.0,60.0,0.0,ok,plugin,False,,1493.2470028463106,1499.720804552401,1.0384839375896187,0.9954725205721457,1.018114048842811,,0.0,0.1374331973669702,0.8625668026330298,0.8625668026330298,False,,,,,,,entity30,2,CDANN,logits,30.0,0.8646666407585144,0.8646666407585144,0.8125000596046448,0.7500000596046448,splits_entity30_CDANN_2_0_b09dc755c62e.npz,b09dc755c62e,False,False,,,,,,,0.8625668026330298,logits_vs_features,logits,IW overlap critic | W=5 | seed=0 (plug-in),True,
iw_overlap_critic,5.0,0.0,6000.0,240.0,1500.0,60.0,0.8453333333333333,0.0,1.0,54.598148345947266,0.5,0.5,0.43416666984558105,0.2500317394733429,,,,,0.15387466304092193,0.0,1500.0,0.0,60.0,0.0,ok,plugin,False,,1494.5325012369603,1499.702791735605,1.0436227616005247,0.9966017781022638,1.0193663146885727,,0.0,0.15387466304092193,0.8461253369590781,0.8461253369590781,False,,,,,,,entity30,3,CDANN,logits,30.0,0.8573333024978638,0.8573333024978638,0.5625,0.6166666746139526,splits_entity30_CDANN_3_0_b09dc755c62e.npz,b09dc755c62e,False,False,,,,,,,0.8461253369590781,logits_vs_features,logits,IW overlap critic | W=5 | seed=0 (plug-in),True,
iw_overlap_critic,5.0,0.0,10000.0,2000.0,2500.0,500.0,0.9452,0.0,1.0,2.7144715785980225,0.5,0.5,0.5149999856948853,0.24972444772720337,,,,,0.05527905232382684,0.0,2500.0,0.0,500.0,0.0,ok,plugin,False,,2490.763291733524,2487.6180886665843,1.2452015604379874,0.9935279219351392,1.1159082128740911,,0.0,0.05527905232382684,0.9447209476761732,0.9447209476761732,False,,,,,,,cifar10,1,DANN,logits,10.0,0.9508999586105347,0.9508999586105347,0.8440000414848328,0.8360000252723694,splits_cifar10_DANN_1_0_b09dc755c62e.npz,b09dc755c62e,False,False,,,,,,,0.9447209476761732,logits_vs_features,logits,IW overlap critic | W=5 | seed=0 (plug-in),True,
iw_overlap_critic,5.0,0.0,10000.0,2000.0,2500.0,500.0,0.946,0.0,1.0,54.598148345947266,0.5,0.5,0.49900001287460327,0.2500520348548889,,,,,0.053977254585820436,0.0,2500.0,0.0,500.0,0.0,ok,plugin,False,,2499.350371889275,2499.965877937097,1.0116953872164371,0.9997928421731974,1.0058517713974136,,0.0,0.053977254585820436,0.9460227454141795,0.9460227454141795,False,,,,,,,cifar10,10,DANN,logits,10.0,0.9477999806404114,0.9477999806404114,0.924500048160553,0.9120000600814819,splits_cifar10_DANN_10_0_b09dc755c62e.npz,b09dc755c62e,False,False,,,,,,,0.9460227454141795,logits_vs_features,logits,IW overlap critic | W=5 | seed=0 (plug-in),True,
iw_overlap_critic,5.0,0.0,10000.0,2000.0,2500.0,500.0,0.9452,0.0,1.0,54.598148345947266,0.5,0.5,0.4724999964237213,0.2500370144844055,,,,,0.0547860526192732,0.0,2500.0,0.0,500.0,0.0,ok,plugin,False,,2499.534284390755,2499.977277075477,1.0108819125923776,0.999816907350147,1.0046119831146385,,0.0,0.0547860526192732,0.9452139473807268,0.9452139473807268,False,,,,,,,cifar10,71,DANN,logits,10.0,0.9487999677658081,0.9487999677658081,0.9305000305175781,0.9180000424385071,splits_cifar10_DANN_71_0_b09dc755c62e.npz,b09dc755c62e,False,False,,,,,,,0.9452139473807268,logits_vs_features,logits,IW overlap critic | W=5 | seed=0 (plug-in),True,
iw_overlap_critic,5.0,0.0,10000.0,2000.0,2500.0,500.0,0.9528,0.0,1.0,54.598148345947266,0.5,0.5,0.48350000381469727,0.2500438690185547,,,,,0.047194212081689564,0.0,2500.0,0.0,500.0,0.0,ok,plugin,False,,2499.665104551872,2499.9861775831446,1.0061237349092884,0.9996522169064508,1.0038381868779027,,0.0,0.047194212081689564,0.9528057879183104,0.9528057879183104,False,,,,,,,cifar10,95,DANN,logits,10.0,0.9515999555587769,0.9515999555587769,0.9390000700950623,0.9360000491142273,splits_cifar10_DANN_95_0_b09dc755c62e.npz,b09dc755c62e,False,False,,,,,,,0.9528057879183104,logits_vs_features,logits,IW overlap critic | W=5 | seed=0 (plug-in),True,
iw_overlap_critic,5.0,0.0,10000.0,2000.0,2500.0,500.0,0.9476,0.0,1.0,15.170090675354004,0.5,0.5,0.5120000243186951,0.2499927282333374,,,,,0.05250433867073842,0.0,2500.0,0.0,500.0,0.0,ok,plugin,False,,2497.3932455475524,2499.657998592665,1.0286085284895574,0.9982982617247618,1.0174694260297672,,0.0,0.05250433867073842,0.9474956613292616,0.9474956613292616,False,,,,,,,cifar10,1,CDANN,logits,10.0,0.949999988079071,0.949999988079071,0.846500039100647,0.8440000414848328,splits_cifar10_CDANN_1_0_b09dc755c62e.npz,b09dc755c62e,False,False,,,,,,,0.9474956613292616,logits_vs_features,logits,IW overlap critic | W=5 | seed=0 (plug-in),True,
iw_overlap_critic,5.0,0.0,10000.0,2000.0,2500.0,500.0,0.9468,0.0,1.0,54.598148345947266,0.5,0.5,0.48100000619888306,0.2500584125518799,,,,,0.05319603762310007,0.0,2500.0,0.0,500.0,0.0,ok,plugin,False,,2498.9610457020863,2499.960930296623,1.013563395964361,0.9994265548504325,1.0065270235931552,,0.0,0.05319603762310007,0.9468039623768999,0.9468039623768999,False,,,,,,,cifar10,10,CDANN,logits,10.0,0.948699951171875,0.948699951171875,0.9160000681877136,0.9120000600814819,splits_cifar10_CDANN_10_0_b09dc755c62e.npz,b09dc755c62e,False,False,,,,,,,0.9468039623768999,logits_vs_features,logits,IW overlap critic | W=5 | seed=0 (plug-in),True,
iw_overlap_critic,5.0,0.0,10000.0,2000.0,2500.0,500.0,0.9492,0.0,1.0,54.598148345947266,0.5,0.5,0.4650000035762787,0.25004249811172485,,,,,0.05079030575612145,0.0,2500.0,0.0,500.0,0.0,ok,plugin,False,,2499.46999202274,2499.9783234754614,1.0120593683728807,0.9995410194424087,1.0051221552158527,,0.0,0.05079030575612145,0.9492096942438786,0.9492096942438786,False,,,,,,,cifar10,71,CDANN,logits,10.0,0.9511999487876892,0.9511999487876892,0.9280000329017639,0.9040000438690186,splits_cifar10_CDANN_71_0_b09dc755c62e.npz,b09dc755c62e,False,False,,,,,,,0.9492096942438786,logits_vs_features,logits,IW overlap critic | W=5 | seed=0 (plug-in),True,
iw_overlap_critic,5.0,0.0,10000.0,2000.0,2500.0,500.0,0.9516,0.0,1.0,54.598148345947266,0.5,0.5,0.47450000047683716,0.250036358833313,,,,,0.04839748708045496,0.0,2500.0,0.0,500.0,0.0,ok,plugin,False,,2499.626972410137,2499.9879266014955,1.0066564969396654,0.9995390854773687,1.0035422914818688,,0.0,0.04839748708045496,0.951602512919545,0.951602512919545,False,,,,,,,cifar10,95,CDANN,logits,10.0,0.9526000022888184,0.9526000022888184,0.9355000257492065,0.9260000586509705,splits_cifar10_CDANN_95_0_b09dc755c62e.npz,b09dc755c62e,False,False,,,,,,,0.951602512919545,logits_vs_features,logits,IW overlap critic | W=5 | seed=0 (plug-in),True,
iw_overlap_critic,5.0,0.0,10000.0,2000.0,2500.0,500.0,0.758,0.0,1.0,5.491447925567627,0.5,0.5,0.5239999890327454,0.2492186278104782,,,,,0.23915412119862045,0.0,2500.0,0.0,500.0,0.0,ok,plugin,False,,2467.9818743558326,2471.2415953613263,1.4042553349704567,0.9849870126168123,1.164483854463959,,0.0,0.23915412119862045,0.7608458788013795,0.7608458788013795,False,,,,,,,cifar100,4,DANN,logits,100.0,0.7841999530792236,0.7841999530792236,0.7440000176429749,0.7760000228881836,splits_cifar100_DANN_4_0_b09dc755c62e.npz,b09dc755c62e,False,True,,,,,,,0.7608458788013795,logits_vs_features,logits,IW overlap critic | W=5 | seed=0 (plug-in),True,
iw_overlap_critic,5.0,0.0,10000.0,2000.0,2500.0,500.0,0.76,0.0,1.0,3.8378243446350098,0.5,0.5,0.5189999938011169,0.2482605278491974,,,,,0.23561112858152902,0.0,2500.0,0.0,500.0,0.0,ok,plugin,False,,2446.566909208289,2436.1491685274805,1.6419769033871479,0.9722690455723946,1.2485575030222478,,0.0,0.23561112858152902,0.764388871418471,0.764388871418471,False,,,,,,,cifar100,12,DANN,logits,100.0,0.7831999659538269,0.7831999659538269,0.7545000314712524,0.7860000133514404,splits_cifar100_DANN_12_0_b09dc755c62e.npz,b09dc755c62e,False,True,,,,,,,0.764388871418471,logits_vs_features,logits,IW overlap critic | W=5 | seed=0 (plug-in),True,
iw_overlap_critic,5.0,0.0,10000.0,2000.0,2500.0,500.0,0.7596,0.0,1.0,2.802358388900757,0.5,0.5,0.5494999885559082,0.24673324823379517,,,,,0.23318871703695868,0.0,2500.0,0.0,500.0,0.0,ok,plugin,False,,2445.9565559321895,2374.9200454287657,2.3634805940494568,0.9626365028377801,1.3661096021972992,,0.0,0.23318871703695868,0.7668112829630414,0.7668112829630414,False,,,,,,,cifar100,59,DANN,logits,100.0,0.7841999530792236,0.7841999530792236,0.7585000395774841,0.7720000147819519,splits_cifar100_DANN_59_0_b09dc755c62e.npz,b09dc755c62e,False,True,,,,,,,0.7668112829630414,logits_vs_features,logits,IW overlap critic | W=5 | seed=0 (plug-in),True,
iw_overlap_critic,5.0,0.0,10000.0,2000.0,2500.0,500.0,0.764,0.0,1.0,6.978378772735596,0.5,0.5,0.5135000348091125,0.24948640167713165,,,,,0.23254424585950542,0.0,2500.0,0.0,500.0,0.0,ok,plugin,False,,2466.625196752198,2480.0872615463854,1.28467736797543,0.9857623570780534,1.1353387546000333,,0.0,0.23254424585950542,0.7674557541404946,0.7674557541404946,False,,,,,,,cifar100,82,DANN,logits,100.0,0.7861999869346619,0.7861999869346619,0.7695000171661377,0.7700000405311584,splits_cifar100_DANN_82_0_b09dc755c62e.npz,b09dc755c62e,True,True,,,,,,,0.7674557541404946,logits_vs_features,logits,IW overlap critic | W=5 | seed=0 (plug-in),True,
iw_overlap_critic,5.0,0.0,10000.0,2000.0,2500.0,500.0,0.762,0.0,1.0,5.056149482727051,0.5,0.5,0.5295000076293945,0.24904659390449524,,,,,0.2334186495605029,0.0,2500.0,0.0,500.0,0.0,ok,plugin,False,,2459.7382574489816,2462.8951167450077,1.612166297143988,0.9786892623843662,1.1862365069324659,,0.0,0.2334186495605029,0.7665813504394972,0.7665813504394972,False,,,,,,,cifar100,4,CDANN,logits,100.0,0.7849999666213989,0.7849999666213989,0.7275000214576721,0.7480000257492065,splits_cifar100_CDANN_4_0_b09dc755c62e.npz,b09dc755c62e,False,False,,,,,,,0.7665813504394972,logits_vs_features,logits,IW overlap critic | W=5 | seed=0 (plug-in),True,
iw_overlap_critic,5.0,0.0,10000.0,2000.0,2500.0,500.0,0.766,0.0,1.0,2.4864232540130615,0.5,0.5,0.5425000190734863,0.24643674492835999,,,,,0.22773708694791175,0.0,2500.0,0.0,500.0,0.0,ok,plugin,False,,2449.6278052329058,2355.04654186226,2.4704716453660756,0.9594762836122599,1.4041761966564872,,0.0,0.22773708694791175,0.7722629130520883,0.7722629130520883,False,,,,,,,cifar100,12,CDANN,logits,100.0,0.7858999967575073,0.7858999967575073,0.7480000257492065,0.7680000066757202,splits_cifar100_CDANN_12_0_b09dc755c62e.npz,b09dc755c62e,False,False,,,,,,,0.7722629130520883,logits_vs_features,logits,IW overlap critic | W=5 | seed=0 (plug-in),True,
iw_overlap_critic,5.0,0.0,10000.0,2000.0,2500.0,500.0,0.7664,0.0,1.0,2.008225202560425,0.5,0.5,0.5509999990463257,0.2439228594303131,,,,,0.22317909315855028,0.0,2500.0,0.0,500.0,0.0,ok,plugin,False,,2443.820225227849,2259.155425657384,3.0077319694624123,0.9320963219959681,1.5513507410602343,,0.0,0.22317909315855028,0.7768209068414498,0.7768209068414498,False,,,,,,,cifar100,59,CDANN,logits,100.0,0.7870000004768372,0.7870000004768372,0.7580000162124634,0.7920000553131104,splits_cifar100_CDANN_59_0_b09dc755c62e.npz,b09dc755c62e,False,True,,,,,,,0.7768209068414498,logits_vs_features,logits,IW overlap critic | W=5 | seed=0 (plug-in),True,
iw_overlap_critic,5.0,0.0,10000.0,2000.0,2500.0,500.0,0.7652,0.0,1.0,5.66292667388916,0.5,0.5,0.5170000195503235,0.24932295083999634,,,,,0.22975871767654502,0.0,2500.0,0.0,500.0,0.0,ok,plugin,False,,2459.7809711107875,2471.164719457861,1.3422972489977123,0.9809769135053362,1.1580601273715891,,0.0,0.22975871767654502,0.770241282323455,0.770241282323455,False,,,,,,,cifar100,82,CDANN,logits,100.0,0.7872999906539917,0.7872999906539917,0.7635000348091125,0.7720000147819519,splits_cifar100_CDANN_82_0_b09dc755c62e.npz,b09dc755c62e,False,True,,,,,,,0.770241282323455,logits_vs_features,logits,IW overlap critic | W=5 | seed=0 (plug-in),True,
iw_overlap_critic,5.0,0.0,28152.0,9910.0,7040.0,2478.0,0.803125,0.0,1.0,1.2152042388916016,0.5,0.5,0.6491578817367554,0.2188163548707962,8415.0,144.0,4211.0,65.0,0.19415893968220788,0.055286521388216305,7023.0,17.0,2341.0,137.0,ok,plugin,False,,6399.964298825331,4576.313760282497,4.957584715264676,0.7260521861164562,2.2237033724550974,0.708029197080292,0.03914447134786118,0.23330341103006905,0.766696588969931,0.766696588969931,False,27.0,24.0,0.5072289705276489,0.26200178265571594,0.7692307829856873,"[{'epoch': 0, 'best_score': 0.03855675458908081}, {'epoch': 1, 'best_score': 0.08968305587768555}, {'epoch': 2, 'best_score': 0.15678757429122925}, {'epoch': 3, 'best_score': 0.22386765480041504}, {'epoch': 4, 'best_score': 0.2756776213645935}, {'epoch': 5, 'best_score': 0.3154662251472473}, {'epoch': 6, 'best_score': 0.3498612344264984}, {'epoch': 7, 'best_score': 0.38374048471450806}, {'epoch': 8, 'best_score': 0.38619253039360046}, {'epoch': 9, 'best_score': 0.3877347707748413}, {'epoch': 10, 'best_score': 0.3820499777793884}, {'epoch': 11, 'best_score': 0.4133751392364502}, {'epoch': 12, 'best_score': 0.4098621606826782}, {'epoch': 13, 'best_score': 0.41452911496162415}, {'epoch': 14, 'best_score': 0.4212765395641327}, {'epoch': 15, 'best_score': 0.42471441626548767}, {'epoch': 16, 'best_score': 0.43068838119506836}, {'epoch': 17, 'best_score': 0.4248145818710327}, {'epoch': 18, 'best_score': 0.43606993556022644}, {'epoch': 19, 'best_score': 0.4439797103404999}, {'epoch': 20, 'best_score': 0.45122984051704407}, {'epoch': 21, 'best_score': 0.4695228636264801}, {'epoch': 22, 'best_score': 0.47532492876052856}, {'epoch': 23, 'best_score': 0.47587066888809204}, {'epoch': 24, 'best_score': 0.47969797253608704}, {'epoch': 25, 'best_score': 0.48439303040504456}, {'epoch': 26, 'best_score': 0.5054193735122681}, {'epoch': 27, 'best_score': 0.5072289705276489}, {'epoch': 28, 'best_score': 0.4954753816127777}, {'epoch': 29, 'best_score': 0.4823828339576721}, {'epoch': 30, 'best_score': 0.47172030806541443}, {'epoch': 31, 'best_score': 0.4753742218017578}, {'epoch': 32, 'best_score': 0.48092448711395264}, {'epoch': 33, 'best_score': 0.4834308624267578}, {'epoch': 34, 'best_score': 0.4862941801548004}, {'epoch': 35, 'best_score': 0.4899096190929413}, {'epoch': 36, 'best_score': 0.49104446172714233}, {'epoch': 37, 'best_score': 0.492809534072876}, {'epoch': 38, 'best_score': 0.4920026659965515}, {'epoch': 39, 'best_score': 0.4845019280910492}, {'epoch': 40, 'best_score': 0.49437814950942993}, {'epoch': 41, 'best_score': 0.4963279962539673}, {'epoch': 42, 'best_score': 0.489504337310791}, {'epoch': 43, 'best_score': 0.48977240920066833}, {'epoch': 44, 'best_score': 0.4940454959869385}, {'epoch': 45, 'best_score': 0.4947093725204468}, {'epoch': 46, 'best_score': 0.49678629636764526}, {'epoch': 47, 'best_score': 0.4988146424293518}, {'epoch': 48, 'best_score': 0.48467618227005005}, {'epoch': 49, 'best_score': 0.4797154664993286}]",domainnet,1,DANN,logits,345.0,0.8072605729103088,0.8072605729103088,0.465893030166626,0.47497981786727905,splits_domainnet_DANN_1_0_b09dc755c62e.npz,b09dc755c62e,False,False,,,,,,,0.766696588969931,logits_vs_features,logits,IW overlap critic | W=5 | seed=0 (plug-in),True,
iw_overlap_critic,5.0,0.0,28152.0,14207.0,7040.0,3553.0,0.8038352272727273,0.0,1.0,1.0665127038955688,0.5,0.5,0.6751638650894165,0.20423626899719238,8350.0,593.0,4180.0,269.0,0.19126985473637242,0.13819307627357164,6968.0,72.0,3062.0,491.0,ok,plugin,False,,6093.395970191163,4071.732057893657,4.959797236916732,0.6486121950250262,2.371883308296585,0.8004073319755601,0.11061075147762456,0.301880606213997,0.6981193937860031,0.6981193937860031,False,49.0,17.0,0.5595912933349609,0.29914477467536926,0.8587360382080078,"[{'epoch': 0, 'best_score': 0.027091562747955322}, {'epoch': 1, 'best_score': 0.08726632595062256}, {'epoch': 2, 'best_score': 0.1438935399055481}, {'epoch': 3, 'best_score': 0.207655668258667}, {'epoch': 4, 'best_score': 0.25053155422210693}, {'epoch': 5, 'best_score': 0.30589592456817627}, {'epoch': 6, 'best_score': 0.33462798595428467}, {'epoch': 7, 'best_score': 0.369621217250824}, {'epoch': 8, 'best_score': 0.38633841276168823}, {'epoch': 9, 'best_score': 0.41665467619895935}, {'epoch': 10, 'best_score': 0.43673625588417053}, {'epoch': 11, 'best_score': 0.44215747714042664}, {'epoch': 12, 'best_score': 0.4543704688549042}, {'epoch': 13, 'best_score': 0.45856669545173645}, {'epoch': 14, 'best_score': 0.46859297156333923}, {'epoch': 15, 'best_score': 0.48170146346092224}, {'epoch': 16, 'best_score': 0.49091261625289917}, {'epoch': 17, 'best_score': 0.49428802728652954}, {'epoch': 18, 'best_score': 0.49864479899406433}, {'epoch': 19, 'best_score': 0.5011988282203674}, {'epoch': 20, 'best_score': 0.5048913955688477}, {'epoch': 21, 'best_score': 0.5095334649085999}, {'epoch': 22, 'best_score': 0.5185148119926453}, {'epoch': 23, 'best_score': 0.5224562287330627}, {'epoch': 24, 'best_score': 0.5255331993103027}, {'epoch': 25, 'best_score': 0.5300315618515015}, {'epoch': 26, 'best_score': 0.5316103100776672}, {'epoch': 27, 'best_score': 0.532177209854126}, {'epoch': 28, 'best_score': 0.5327814221382141}, {'epoch': 29, 'best_score': 0.53564453125}, {'epoch': 30, 'best_score': 0.5365424156188965}, {'epoch': 31, 'best_score': 0.5370248556137085}, {'epoch': 32, 'best_score': 0.5367230176925659}, {'epoch': 33, 'best_score': 0.540517270565033}, {'epoch': 34, 'best_score': 0.5414440631866455}, {'epoch': 35, 'best_score': 0.5365731716156006}, {'epoch': 36, 'best_score': 0.538354754447937}, {'epoch': 37, 'best_score': 0.5386361479759216}, {'epoch': 38, 'best_score': 0.5412955284118652}, {'epoch': 39, 'best_score': 0.5442962646484375}, {'epoch': 40, 'best_score': 0.5463217496871948}, {'epoch': 41, 'best_score': 0.5469982624053955}, {'epoch': 42, 'best_score': 0.5485526919364929}, {'epoch': 43, 'best_score': 0.5478321313858032}, {'epoch': 44, 'best_score': 0.5415252447128296}, {'epoch': 45, 'best_score': 0.5465753078460693}, {'epoch': 46, 'best_score': 0.5487245917320251}, {'epoch': 47, 'best_score': 0.5571181774139404}, {'epoch': 48, 'best_score': 0.5583540201187134}, {'epoch': 49, 'best_score': 0.5595912933349609}]",domainnet,2,DANN,logits,345.0,0.8101378083229065,0.8101378083229065,0.38572534918785095,0.38727834820747375,splits_domainnet_DANN_2_0_b09dc755c62e.npz,b09dc755c62e,False,False,,,,,,,0.6981193937860031,logits_vs_features,logits,IW overlap critic | W=5 | seed=0 (plug-in),True,
iw_overlap_critic,5.0,0.0,28152.0,15295.0,7040.0,3825.0,0.8072443181818182,0.0,1.0,0.9051699638366699,0.5,0.5,0.6486807465553284,0.2190219759941101,8357.0,215.0,4187.0,118.0,0.19952144784713002,0.045228758169934644,6969.0,71.0,3652.0,173.0,ok,plugin,False,,6837.4814412708565,4344.051405529227,4.987322519838667,0.7529801632015857,2.540982708064011,0.7398843930635838,0.0334640522875817,0.23298550013471173,0.7670144998652882,0.7670144998652882,False,19.0,12.0,0.41138917207717896,0.3343735337257385,0.7457627058029175,"[{'epoch': 0, 'best_score': 0.026331186294555664}, {'epoch': 1, 'best_score': 0.07953780889511108}, {'epoch': 2, 'best_score': 0.14841723442077637}, {'epoch': 3, 'best_score': 0.1827595829963684}, {'epoch': 4, 'best_score': 0.2348688840866089}, {'epoch': 5, 'best_score': 0.2913069725036621}, {'epoch': 6, 'best_score': 0.2942526340484619}, {'epoch': 7, 'best_score': 0.3390544056892395}, {'epoch': 8, 'best_score': 0.3593440055847168}, {'epoch': 9, 'best_score': 0.3550648093223572}, {'epoch': 10, 'best_score': 0.3741016983985901}, {'epoch': 11, 'best_score': 0.3665471076965332}, {'epoch': 12, 'best_score': 0.38205093145370483}, {'epoch': 13, 'best_score': 0.385554701089859}, {'epoch': 14, 'best_score': 0.39378440380096436}, {'epoch': 15, 'best_score': 0.39816030859947205}, {'epoch': 16, 'best_score': 0.39780595898628235}, {'epoch': 17, 'best_score': 0.38870009779930115}, {'epoch': 18, 'best_score': 0.3984098434448242}, {'epoch': 19, 'best_score': 0.41138917207717896}, {'epoch': 20, 'best_score': 0.4022957384586334}, {'epoch': 21, 'best_score': 0.3922843039035797}, {'epoch': 22, 'best_score': 0.3836541473865509}, {'epoch': 23, 'best_score': 0.38645026087760925}, {'epoch': 24, 'best_score': 0.38831427693367004}, {'epoch': 25, 'best_score': 0.3831653594970703}, {'epoch': 26, 'best_score': 0.3801173269748688}, {'epoch': 27, 'best_score': 0.39093002676963806}, {'epoch': 28, 'best_score': 0.3800143003463745}, {'epoch': 29, 'best_score': 0.3861299157142639}, {'epoch': 30, 'best_score': 0.3899618685245514}, {'epoch': 31, 'best_score': 0.39523643255233765}, {'epoch': 32, 'best_score': 0.38696035742759705}, {'epoch': 33, 'best_score': 0.3827191889286041}, {'epoch': 34, 'best_score': 0.38847172260284424}, {'epoch': 35, 'best_score': 0.3811229467391968}, {'epoch': 36, 'best_score': 0.38246870040893555}, {'epoch': 37, 'best_score': 0.3769345283508301}, {'epoch': 38, 'best_score': 0.3855903744697571}, {'epoch': 39, 'best_score': 0.3878456652164459}, {'epoch': 40, 'best_score': 0.38983386754989624}, {'epoch': 41, 'best_score': 0.39929506182670593}, {'epoch': 42, 'best_score': 0.39937999844551086}, {'epoch': 43, 'best_score': 0.39866960048675537}, {'epoch': 44, 'best_score': 0.3982833921909332}, {'epoch': 45, 'best_score': 0.3985293507575989}, {'epoch': 46, 'best_score': 0.4006640613079071}, {'epoch': 47, 'best_score': 0.3922230303287506}, {'epoch': 48, 'best_score': 0.3924795389175415}, {'epoch': 49, 'best_score': 0.39445027709007263}]",domainnet,3,DANN,logits,345.0,0.8096050024032593,0.8096050024032593,0.4719189405441284,0.46562090516090393,splits_domainnet_DANN_3_0_b09dc755c62e.npz,b09dc755c62e,False,False,,,,,,,0.7670144998652882,logits_vs_features,logits,IW overlap critic | W=5 | seed=0 (plug-in),True,
iw_overlap_critic,5.0,0.0,28152.0,9910.0,7040.0,2478.0,0.8025568181818181,0.0,1.0,0.8766927123069763,0.5,0.5,0.7155721187591553,0.1901533603668213,8289.0,529.0,4144.0,257.0,0.1704863157138259,0.17231638418079095,6914.0,126.0,2051.0,427.0,ok,plugin,False,,5509.782073122725,3529.2874938447417,4.973098368777949,0.539289817556307,2.4404967754149456,0.7939110070257611,0.13680387409200967,0.30729018980583556,0.6927098101941644,0.6927098101941644,False,22.0,25.0,0.4250074028968811,0.39600425958633423,0.8210116624832153,"[{'epoch': 0, 'best_score': 0.030769705772399902}, {'epoch': 1, 'best_score': 0.09398728609085083}, {'epoch': 2, 'best_score': 0.17740130424499512}, {'epoch': 3, 'best_score': 0.2612674832344055}, {'epoch': 4, 'best_score': 0.2991328835487366}, {'epoch': 5, 'best_score': 0.32773393392562866}, {'epoch': 6, 'best_score': 0.3638802766799927}, {'epoch': 7, 'best_score': 0.36640769243240356}, {'epoch': 8, 'best_score': 0.3784544765949249}, {'epoch': 9, 'best_score': 0.3783462345600128}, {'epoch': 10, 'best_score': 0.3809293508529663}, {'epoch': 11, 'best_score': 0.39702552556991577}, {'epoch': 12, 'best_score': 0.3934914767742157}, {'epoch': 13, 'best_score': 0.3891545236110687}, {'epoch': 14, 'best_score': 0.3994877338409424}, {'epoch': 15, 'best_score': 0.3954571485519409}, {'epoch': 16, 'best_score': 0.40206074714660645}, {'epoch': 17, 'best_score': 0.4084005653858185}, {'epoch': 18, 'best_score': 0.4025894105434418}, {'epoch': 19, 'best_score': 0.40928640961647034}, {'epoch': 20, 'best_score': 0.4052681624889374}, {'epoch': 21, 'best_score': 0.41258856654167175}, {'epoch': 22, 'best_score': 0.4250074028968811}, {'epoch': 23, 'best_score': 0.42073631286621094}, {'epoch': 24, 'best_score': 0.42359259724617004}, {'epoch': 25, 'best_score': 0.4226788580417633}, {'epoch': 26, 'best_score': 0.41000649333000183}, {'epoch': 27, 'best_score': 0.41140812635421753}, {'epoch': 28, 'best_score': 0.40467649698257446}, {'epoch': 29, 'best_score': 0.4031316339969635}, {'epoch': 30, 'best_score': 0.40122267603874207}, {'epoch': 31, 'best_score': 0.40160998702049255}, {'epoch': 32, 'best_score': 0.40175411105155945}, {'epoch': 33, 'best_score': 0.40496826171875}, {'epoch': 34, 'best_score': 0.4056223928928375}, {'epoch': 35, 'best_score': 0.4009760022163391}, {'epoch': 36, 'best_score': 0.3991353213787079}, {'epoch': 37, 'best_score': 0.40107184648513794}, {'epoch': 38, 'best_score': 0.4010091722011566}, {'epoch': 39, 'best_score': 0.402166485786438}, {'epoch': 40, 'best_score': 0.4018535315990448}, {'epoch': 41, 'best_score': 0.4016876816749573}, {'epoch': 42, 'best_score': 0.40187177062034607}, {'epoch': 43, 'best_score': 0.40283438563346863}, {'epoch': 44, 'best_score': 0.4024318754673004}, {'epoch': 45, 'best_score': 0.40294766426086426}, {'epoch': 46, 'best_score': 0.4026487469673157}, {'epoch': 47, 'best_score': 0.4026529788970947}, {'epoch': 48, 'best_score': 0.40361547470092773}, {'epoch': 49, 'best_score': 0.40767747163772583}]",domainnet,1,CDANN,logits,345.0,0.8055910468101501,0.8055910468101501,0.5121089816093445,0.5205811262130737,splits_domainnet_CDANN_1_0_b09dc755c62e.npz,b09dc755c62e,False,False,,,,,,,0.6927098101941644,logits_vs_features,logits,IW overlap critic | W=5 | seed=0 (plug-in),True,
iw_overlap_critic,5.0,0.0,28152.0,14207.0,7040.0,3553.0,0.8004261363636364,0.0,1.0,0.8212013840675354,0.5,0.5,0.7187232375144958,0.18246705830097198,8265.0,1059.0,4134.0,545.0,0.1672404588437109,0.2637207993245145,6865.0,175.0,2616.0,937.0,ok,plugin,False,,5163.682344776824,3246.5932874045357,4.985587329775488,0.47494575572255193,2.4601614214573457,0.816435432230523,0.21531100478468898,0.38255146362839987,0.6174485363716001,0.6174485363716001,False,49.0,19.0,0.4619288444519043,0.40412622690200806,0.8660550713539124,"[{'epoch': 0, 'best_score': 0.033060550689697266}, {'epoch': 1, 'best_score': 0.09319072961807251}, {'epoch': 2, 'best_score': 0.17542541027069092}, {'epoch': 3, 'best_score': 0.24692654609680176}, {'epoch': 4, 'best_score': 0.28042906522750854}, {'epoch': 5, 'best_score': 0.31876736879348755}, {'epoch': 6, 'best_score': 0.3376222252845764}, {'epoch': 7, 'best_score': 0.36055195331573486}, {'epoch': 8, 'best_score': 0.35799407958984375}, {'epoch': 9, 'best_score': 0.3645358085632324}, {'epoch': 10, 'best_score': 0.3670607805252075}, {'epoch': 11, 'best_score': 0.3731396198272705}, {'epoch': 12, 'best_score': 0.3795331120491028}, {'epoch': 13, 'best_score': 0.3874701261520386}, {'epoch': 14, 'best_score': 0.3871840238571167}, {'epoch': 15, 'best_score': 0.3994106650352478}, {'epoch': 16, 'best_score': 0.40438321232795715}, {'epoch': 17, 'best_score': 0.4173317849636078}, {'epoch': 18, 'best_score': 0.4178257882595062}, {'epoch': 19, 'best_score': 0.42683568596839905}, {'epoch': 20, 'best_score': 0.43041467666625977}, {'epoch': 21, 'best_score': 0.4293781518936157}, {'epoch': 22, 'best_score': 0.43166181445121765}, {'epoch': 23, 'best_score': 0.427398681640625}, {'epoch': 24, 'best_score': 0.43304237723350525}, {'epoch': 25, 'best_score': 0.4387529194355011}, {'epoch': 26, 'best_score': 0.4397552013397217}, {'epoch': 27, 'best_score': 0.4370344579219818}, {'epoch': 28, 'best_score': 0.43729010224342346}, {'epoch': 29, 'best_score': 0.43779897689819336}, {'epoch': 30, 'best_score': 0.43328946828842163}, {'epoch': 31, 'best_score': 0.43393275141716003}, {'epoch': 32, 'best_score': 0.4391164481639862}, {'epoch': 33, 'best_score': 0.44586601853370667}, {'epoch': 34, 'best_score': 0.44443386793136597}, {'epoch': 35, 'best_score': 0.44055306911468506}, {'epoch': 36, 'best_score': 0.4451647102832794}, {'epoch': 37, 'best_score': 0.44340479373931885}, {'epoch': 38, 'best_score': 0.44551077485084534}, {'epoch': 39, 'best_score': 0.44290056824684143}, {'epoch': 40, 'best_score': 0.4468659460544586}, {'epoch': 41, 'best_score': 0.45183977484703064}, {'epoch': 42, 'best_score': 0.44999611377716064}, {'epoch': 43, 'best_score': 0.45218849182128906}, {'epoch': 44, 'best_score': 0.4536585509777069}, {'epoch': 45, 'best_score': 0.4526558816432953}, {'epoch': 46, 'best_score': 0.453574001789093}, {'epoch': 47, 'best_score': 0.4600399434566498}, {'epoch': 48, 'best_score': 0.457258939743042}, {'epoch': 49, 'best_score': 0.4619288444519043}]",domainnet,2,CDANN,logits,345.0,0.8071539998054504,0.8071539998054504,0.42063772678375244,0.4218969941139221,splits_domainnet_CDANN_2_0_b09dc755c62e.npz,b09dc755c62e,False,False,,,,,,,0.6174485363716001,logits_vs_features,logits,IW overlap critic | W=5 | seed=0 (plug-in),True,
iw_overlap_critic,5.0,0.0,28152.0,15295.0,7040.0,3825.0,0.8063920454545455,0.0,1.0,0.8649395108222961,0.5,0.5,0.6886382102966309,0.20106446743011475,8263.0,601.0,4131.0,324.0,0.1798773612378582,0.1338562091503268,6894.0,146.0,3313.0,512.0,ok,plugin,False,,5968.239942074566,3694.899690914633,4.954372230035607,0.6044255808220872,2.6159530026010374,0.7734375,0.1035294117647059,0.2834067730025641,0.7165932269974359,0.7165932269974359,False,49.0,8.0,0.41533786058425903,0.343921422958374,0.7592592835426331,"[{'epoch': 0, 'best_score': 0.03203904628753662}, {'epoch': 1, 'best_score': 0.08518928289413452}, {'epoch': 2, 'best_score': 0.16887885332107544}, {'epoch': 3, 'best_score': 0.23276668787002563}, {'epoch': 4, 'best_score': 0.2701285481452942}, {'epoch': 5, 'best_score': 0.3084489703178406}, {'epoch': 6, 'best_score': 0.32608503103256226}, {'epoch': 7, 'best_score': 0.34009993076324463}, {'epoch': 8, 'best_score': 0.3570396304130554}, {'epoch': 9, 'best_score': 0.37181025743484497}, {'epoch': 10, 'best_score': 0.36826831102371216}, {'epoch': 11, 'best_score': 0.3704472482204437}, {'epoch': 12, 'best_score': 0.3768906593322754}, {'epoch': 13, 'best_score': 0.3737868368625641}, {'epoch': 14, 'best_score': 0.3764682114124298}, {'epoch': 15, 'best_score': 0.3807387948036194}, {'epoch': 16, 'best_score': 0.38084447383880615}, {'epoch': 17, 'best_score': 0.3832049071788788}, {'epoch': 18, 'best_score': 0.38475996255874634}, {'epoch': 19, 'best_score': 0.39261725544929504}, {'epoch': 20, 'best_score': 0.3957536220550537}, {'epoch': 21, 'best_score': 0.3975007236003876}, {'epoch': 22, 'best_score': 0.40107473731040955}, {'epoch': 23, 'best_score': 0.3984226584434509}, {'epoch': 24, 'best_score': 0.39435333013534546}, {'epoch': 25, 'best_score': 0.396770179271698}, {'epoch': 26, 'best_score': 0.40224990248680115}, {'epoch': 27, 'best_score': 0.396112859249115}, {'epoch': 28, 'best_score': 0.4011925458908081}, {'epoch': 29, 'best_score': 0.4045862853527069}, {'epoch': 30, 'best_score': 0.4058037996292114}, {'epoch': 31, 'best_score': 0.4007807970046997}, {'epoch': 32, 'best_score': 0.4070281982421875}, {'epoch': 33, 'best_score': 0.40194547176361084}, {'epoch': 34, 'best_score': 0.39951497316360474}, {'epoch': 35, 'best_score': 0.39989712834358215}, {'epoch': 36, 'best_score': 0.4025411903858185}, {'epoch': 37, 'best_score': 0.401222288608551}, {'epoch': 38, 'best_score': 0.4046969711780548}, {'epoch': 39, 'best_score': 0.4083225429058075}, {'epoch': 40, 'best_score': 0.405746191740036}, {'epoch': 41, 'best_score': 0.41051754355430603}, {'epoch': 42, 'best_score': 0.40540096163749695}, {'epoch': 43, 'best_score': 0.41101112961769104}, {'epoch': 44, 'best_score': 0.41414642333984375}, {'epoch': 45, 'best_score': 0.40999889373779297}, {'epoch': 46, 'best_score': 0.4103425145149231}, {'epoch': 47, 'best_score': 0.4144960939884186}, {'epoch': 48, 'best_score': 0.41141948103904724}, {'epoch': 49, 'best_score': 0.41533786058425903}]",domainnet,3,CDANN,logits,345.0,0.8074381947517395,0.8074381947517395,0.49369075894355774,0.48549020290374756,splits_domainnet_CDANN_3_0_b09dc755c62e.npz,b09dc755c62e,False,False,,,,,,,0.7165932269974359,logits_vs_features,logits,IW overlap critic | W=5 | seed=0 (plug-in),True,
iw_overlap_critic,5.0,0.0,1700.0,8804.0,425.0,2203.0,0.8658823529411764,0.0,1.0,16.756206512451172,0.5,0.5,0.5182152390480042,0.24998150765895844,,,,,0.13440250150973013,0.0,425.0,0.0,2203.0,0.0,ok,plugin,False,,425.7139188017252,424.86625879663194,1.0612811485222913,0.9998074373474651,1.0357852693822998,,0.0,0.13440250150973013,0.8655974984902699,0.8655974984902699,False,,,,,,,living17,1,DANN,logits,17.0,0.8994117379188538,0.8994117379188538,0.6758291721343994,0.6876986026763916,splits_living17_DANN_1_0_b09dc755c62e.npz,b09dc755c62e,False,False,,,,,,,0.8655974984902699,logits_vs_features,logits,IW overlap critic | W=5 | seed=0 (plug-in),True,
iw_overlap_critic,5.0,0.0,1700.0,68.0,425.0,19.0,0.8823529411764706,0.0,1.0,54.598148345947266,0.5,0.5,0.386274516582489,0.2505391836166382,,,,,0.11527369713515521,0.0,425.0,0.0,19.0,0.0,ok,plugin,False,,418.91730653790717,424.70318210046617,1.0586324638397553,0.9846885207200412,1.02813654610826,,0.0,0.11527369713515521,0.8847263028648448,0.8847263028648448,False,,,,,,,living17,2,DANN,logits,17.0,0.9094117283821106,0.9094117283821106,0.8970588445663452,0.8421052694320679,splits_living17_DANN_2_0_b09dc755c62e.npz,b09dc755c62e,True,False,,,,,,,0.8847263028648448,logits_vs_features,logits,IW overlap critic | W=5 | seed=0 (plug-in),True,
iw_overlap_critic,5.0,0.0,1700.0,68.0,425.0,19.0,0.8894117647058823,0.0,1.0,7.57162618637085,0.5,0.5,0.501960813999176,0.24727191030979156,,,,,0.10234834389651595,0.0,425.0,0.0,19.0,0.0,ok,plugin,False,,397.8374561170127,412.0984209205271,1.5756817925313693,0.9067214651156508,1.265744834394328,,0.0,0.10234834389651595,0.8976516561034841,0.8976516561034841,False,,,,,,,living17,3,DANN,logits,17.0,0.9052940607070923,0.9052940607070923,0.5882353186607361,0.6842105388641357,splits_living17_DANN_3_0_b09dc755c62e.npz,b09dc755c62e,False,False,,,,,,,0.8976516561034841,logits_vs_features,logits,IW overlap critic | W=5 | seed=0 (plug-in),True,
iw_overlap_critic,5.0,0.0,1700.0,8804.0,425.0,2203.0,0.8894117647058823,0.0,1.0,11.750850677490234,0.5,0.5,0.5014705657958984,0.2499570995569229,,,,,0.11126764865826196,0.0,425.0,0.0,2203.0,0.0,ok,plugin,False,,426.08420396009734,424.696152932278,1.103055487160864,1.0032600364648732,1.050696652820813,,0.0,0.11126764865826196,0.888732351341738,0.888732351341738,False,,,,,,,living17,1,CDANN,logits,17.0,0.9052940607070923,0.9052940607070923,0.6863925457000732,0.6981388926506042,splits_living17_CDANN_1_0_b09dc755c62e.npz,b09dc755c62e,False,False,,,,,,,0.888732351341738,logits_vs_features,logits,IW overlap critic | W=5 | seed=0 (plug-in),True,
iw_overlap_critic,5.0,0.0,1700.0,68.0,425.0,19.0,0.8917647058823529,0.0,1.0,54.598148345947266,0.5,0.5,0.5049019455909729,0.2506290674209595,,,,,0.10663075780699113,0.0,425.0,0.0,19.0,0.0,ok,plugin,False,,420.0787161721404,424.8003173714308,1.0622783326012735,0.9874614814400315,1.0250536946908158,,0.0,0.10663075780699113,0.8933692421930088,0.8933692421930088,False,,,,,,,living17,2,CDANN,logits,17.0,0.9094117283821106,0.9094117283821106,0.8676470518112183,0.8421052694320679,splits_living17_CDANN_2_0_b09dc755c62e.npz,b09dc755c62e,False,False,,,,,,,0.8933692421930088,logits_vs_features,logits,IW overlap critic | W=5 | seed=0 (plug-in),True,
iw_overlap_critic,5.0,0.0,1700.0,68.0,425.0,19.0,0.8823529411764706,0.0,1.0,54.598148345947266,0.5,0.5,0.5470588207244873,0.25016355514526367,,,,,0.11620512572633702,0.0,425.0,0.0,19.0,0.0,ok,plugin,False,,421.52037358016673,424.79365637634123,1.0574743452587514,0.9908828841757463,1.0305761199853098,,0.0,0.11620512572633702,0.883794874273663,0.883794874273663,False,,,,,,,living17,3,CDANN,logits,17.0,0.9052940607070923,0.9052940607070923,0.5588235259056091,0.6315789222717285,splits_living17_CDANN_3_0_b09dc755c62e.npz,b09dc755c62e,False,False,,,,,,,0.883794874273663,logits_vs_features,logits,IW overlap critic | W=5 | seed=0 (plug-in),True,
iw_overlap_critic,5.0,0.0,2600.0,13282.0,650.0,3322.0,0.8046153846153846,0.0,1.0,12.373048782348633,0.5,0.5,0.49578893184661865,0.24997884035110474,,,,,0.1953306662241803,0.0,650.0,0.0,3322.0,0.0,ok,plugin,False,,650.5700602589743,649.7727854777203,1.0844597336415018,1.0017832600681866,1.0304142378909953,,0.0,0.1953306662241803,0.8046693337758197,0.8046693337758197,False,,,,,,,nonliving26,1,DANN,logits,26.0,0.8126922845840454,0.8126922845840454,0.5122722387313843,0.5192654728889465,splits_nonliving26_DANN_1_0_b09dc755c62e.npz,b09dc755c62e,False,False,,,,,,,0.8046693337758197,logits_vs_features,logits,IW overlap critic | W=5 | seed=0 (plug-in),True,
iw_overlap_critic,5.0,0.0,2600.0,104.0,650.0,28.0,0.8292307692307692,0.0,1.0,54.598148345947266,0.5,0.5,0.38846156001091003,0.25114089250564575,,,,,0.16928835900196756,0.0,650.0,0.0,28.0,0.0,ok,plugin,False,,644.5054915247124,649.6497218998405,1.083841619850997,0.9902270713354869,1.0315954847034363,,0.0,0.16928835900196756,0.8307116409980324,0.8307116409980324,False,,,,,,,nonliving26,2,DANN,logits,26.0,0.8176922798156738,0.8176922798156738,0.75,0.7142857313156128,splits_nonliving26_DANN_2_0_b09dc755c62e.npz,b09dc755c62e,False,False,,,,,,,0.8307116409980324,logits_vs_features,logits,IW overlap critic | W=5 | seed=0 (plug-in),True,
iw_overlap_critic,5.0,0.0,2600.0,104.0,650.0,28.0,0.8246153846153846,0.0,1.0,54.598148345947266,0.5,0.5,0.5365384817123413,0.25105389952659607,,,,,0.1741453063713572,0.0,650.0,0.0,28.0,0.0,ok,plugin,False,,645.0326499819731,649.7080949542882,1.0594409484206764,0.9929202071237218,1.0243252824099547,,0.0,0.1741453063713572,0.8258546936286428,0.8258546936286428,False,,,,,,,nonliving26,3,DANN,logits,26.0,0.8146153688430786,0.8146153688430786,0.4038461744785309,0.3214285969734192,splits_nonliving26_DANN_3_0_b09dc755c62e.npz,b09dc755c62e,False,False,,,,,,,0.8258546936286428,logits_vs_features,logits,IW overlap critic | W=5 | seed=0 (plug-in),True,
iw_overlap_critic,5.0,0.0,2600.0,13282.0,650.0,3322.0,0.8169230769230769,0.0,1.0,7.686832904815674,0.5,0.5,0.5021895170211792,0.2498849332332611,,,,,0.18470858540349727,0.0,650.0,0.0,3322.0,0.0,ok,plugin,False,,652.078458608405,648.7735821328986,1.154293146524031,1.0011564015750678,1.0730162357120294,,0.0,0.18470858540349727,0.8152914145965027,0.8152914145965027,False,,,,,,,nonliving26,1,CDANN,logits,26.0,0.8176922798156738,0.8176922798156738,0.5332028269767761,0.5352197289466858,splits_nonliving26_CDANN_1_0_b09dc755c62e.npz,b09dc755c62e,False,False,,,,,,,0.8152914145965027,logits_vs_features,logits,IW overlap critic | W=5 | seed=0 (plug-in),True,
iw_overlap_critic,5.0,0.0,2600.0,104.0,650.0,28.0,0.8138461538461539,0.0,1.0,54.598148345947266,0.5,0.5,0.48653846979141235,0.25163984298706055,,,,,0.1845057090510275,0.0,650.0,0.0,28.0,0.0,ok,plugin,False,,644.9818944649705,649.6228527621274,1.0793665205549292,0.9921471149917618,1.0302029240740564,,0.0,0.1845057090510275,0.8154942909489725,0.8154942909489725,False,,,,,,,nonliving26,2,CDANN,logits,26.0,0.8165384531021118,0.8165384531021118,0.7692307829856873,0.7500000596046448,splits_nonliving26_CDANN_2_0_b09dc755c62e.npz,b09dc755c62e,False,False,,,,,,,0.8154942909489725,logits_vs_features,logits,IW overlap critic | W=5 | seed=0 (plug-in),True,
iw_overlap_critic,5.0,0.0,2600.0,104.0,650.0,28.0,0.8123076923076923,0.0,1.0,54.598148345947266,0.5,0.5,0.4596153795719147,0.2510206997394562,,,,,0.1850543678115881,0.0,650.0,0.0,28.0,0.0,ok,plugin,False,,643.5940549638867,649.6215182317272,1.084804199780962,0.990470618796623,1.0240975172141382,,0.0,0.1850543678115881,0.8149456321884119,0.8149456321884119,False,,,,,,,nonliving26,3,CDANN,logits,26.0,0.822692334651947,0.822692334651947,0.4038461744785309,0.3214285969734192,splits_nonliving26_CDANN_3_0_b09dc755c62e.npz,b09dc755c62e,False,False,,,,,,,0.8149456321884119,logits_vs_features,logits,IW overlap critic | W=5 | seed=0 (plug-in),True,
iw_overlap_critic,5.0,0.0,11745.0,35070.0,2938.0,8768.0,0.6388699795779442,0.0,1.0,1.3752713203430176,0.5,0.5,0.5431007146835327,0.24704568088054657,,,,,0.3477126161235499,0.0,2938.0,0.0,8768.0,0.0,ok,plugin,False,,2928.57190049212,2803.9752075361216,1.9233309087236736,0.9926772360639708,1.3669665766860113,,0.0,0.3477126161235499,0.65228738387645,0.65228738387645,False,,,,,,,fmow,1,DANN,logits,62.0,0.6519370079040527,0.6519370079040527,0.6103222370147705,0.6077782511711121,splits_fmow_DANN_1_0_b09dc755c62e.npz,b09dc755c62e,False,False,,,,,,,0.65228738387645,logits_vs_features,logits,IW overlap critic | W=5 | seed=0 (plug-in),True,
iw_overlap_critic,5.0,0.0,11745.0,39088.0,2938.0,9774.0,0.6344452008168822,0.0,1.0,1.2399344444274902,0.5,0.5,0.5546964406967163,0.24482622742652893,,,,,0.3673036530978637,0.0,2938.0,0.0,9774.0,0.0,ok,plugin,False,,2945.117958133911,2704.468852578369,2.6627065634701013,0.9760132760988952,1.5307993979399945,,0.0,0.3673036530978637,0.6326963469021363,0.6326963469021363,False,,,,,,,fmow,2,DANN,logits,62.0,0.6504895687103271,0.6504895687103271,0.5482756495475769,0.5545324683189392,splits_fmow_DANN_2_0_b09dc755c62e.npz,b09dc755c62e,False,False,,,,,,,0.6326963469021363,logits_vs_features,logits,IW overlap critic | W=5 | seed=0 (plug-in),True,
iw_overlap_critic,5.0,0.0,11745.0,35070.0,2938.0,8768.0,0.6466984343090538,0.0,1.0,1.8349958658218384,0.5,0.5,0.5341331958770752,0.24863222241401672,,,,,0.3426043167961404,0.0,2938.0,0.0,8768.0,0.0,ok,plugin,False,,2918.0342649050135,2868.1767215168447,1.6569677801272777,0.9914839096654237,1.25340373746778,,0.0,0.3426043167961404,0.6573956832038597,0.6573956832038597,False,,,,,,,fmow,1,CDANN,logits,62.0,0.6558535695075989,0.6558535695075989,0.605617344379425,0.6010492444038391,splits_fmow_CDANN_1_0_b09dc755c62e.npz,b09dc755c62e,False,False,,,,,,,0.6573956832038597,logits_vs_features,logits,IW overlap critic | W=5 | seed=0 (plug-in),True,
iw_overlap_critic,5.0,0.0,11745.0,39088.0,2938.0,9774.0,0.6446562287270252,0.0,1.0,1.397735834121704,0.5,0.5,0.5392557382583618,0.2475474327802658,,,,,0.35233544391650923,0.0,2938.0,0.0,9774.0,0.0,ok,plugin,False,,2931.536540979115,2811.918477682402,2.168086261684489,0.9778363162302368,1.3653721103842063,,0.0,0.35233544391650923,0.6476645560834908,0.6476645560834908,False,,,,,,,fmow,2,CDANN,logits,62.0,0.6548318862915039,0.6548318862915039,0.5420845150947571,0.5445058345794678,splits_fmow_CDANN_2_0_b09dc755c62e.npz,b09dc755c62e,False,False,,,,,,,0.6476645560834908,logits_vs_features,logits,IW overlap critic | W=5 | seed=0 (plug-in),True,
iw_overlap_critic,5.0,0.0,731.0,898.0,184.0,227.0,0.9239130434782609,0.0,1.0,54.598148345947266,0.5,0.5,0.516776978969574,0.2501116991043091,,,,,0.07597543998111349,0.0,184.0,0.0,227.0,0.0,ok,plugin,False,,184.23525362979393,183.901066334617,1.0869976501999623,1.000905368661038,1.040020008602836,,0.0,0.07597543998111349,0.9240245600188866,0.9240245600188866,False,,,,,,,officehome,1,DANN,logits,65.0,0.922024667263031,0.922024667263031,0.7193763852119446,0.7268722057342529,splits_officehome_DANN_1_0_b09dc755c62e.npz,b09dc755c62e,False,False,,,,,,,0.9240245600188866,logits_vs_features,logits,IW overlap critic | W=5 | seed=0 (plug-in),True,
iw_overlap_critic,5.0,0.0,731.0,893.0,184.0,226.0,0.9021739130434783,0.0,1.0,2.617790937423706,0.5,0.5,0.5187009572982788,0.24238869547843933,,,,,0.1047238546381186,0.0,184.0,0.0,226.0,0.0,ok,plugin,False,,189.17538739620767,165.6582071028345,2.388911781376032,0.9793994916700876,1.6431432429612796,,0.0,0.1047238546381186,0.8952761453618814,0.8952761453618814,False,,,,,,,officehome,2,DANN,logits,65.0,0.915184736251831,0.915184736251831,0.44904816150665283,0.45132744312286377,splits_officehome_DANN_2_0_b09dc755c62e.npz,b09dc755c62e,False,False,,,,,,,0.8952761453618814,logits_vs_features,logits,IW overlap critic | W=5 | seed=0 (plug-in),True,
iw_overlap_critic,5.0,0.0,731.0,507.0,184.0,128.0,0.9130434782608696,0.0,1.0,26.049518585205078,0.5,0.5,0.5082191228866577,0.2497924417257309,,,,,0.0866913116969914,0.0,184.0,0.0,128.0,0.0,ok,plugin,False,,182.3591993506694,183.39954003699063,1.1721688523178841,0.9901303451797778,1.0828212096182739,,0.0,0.0866913116969914,0.9133086883030086,0.9133086883030086,False,,,,,,,officehome,3,DANN,logits,65.0,0.9056087732315063,0.9056087732315063,0.5364891290664673,0.5625,splits_officehome_DANN_3_0_b09dc755c62e.npz,b09dc755c62e,False,False,,,,,,,0.9133086883030086,logits_vs_features,logits,IW overlap critic | W=5 | seed=0 (plug-in),True,
iw_overlap_critic,5.0,0.0,731.0,898.0,184.0,227.0,0.9130434782608696,0.0,1.0,3.740297317504883,0.5,0.5,0.5397875905036926,0.2456914186477661,,,,,0.07922430429060734,0.0,184.0,0.0,227.0,0.0,ok,plugin,False,,176.71139699383244,170.32358066596655,2.5656595081163878,0.9125769084305496,1.3868866457095406,,0.0,0.07922430429060734,0.9207756957093927,0.9207756957093927,False,,,,,,,officehome,1,CDANN,logits,65.0,0.9138167500495911,0.9138167500495911,0.730512261390686,0.7488986253738403,splits_officehome_CDANN_1_0_b09dc755c62e.npz,b09dc755c62e,False,False,,,,,,,0.9207756957093927,logits_vs_features,logits,IW overlap critic | W=5 | seed=0 (plug-in),True,
iw_overlap_critic,5.0,0.0,731.0,893.0,184.0,226.0,0.8913043478260869,0.0,1.0,0.9094792604446411,0.5,0.5,0.7025550603866577,0.18405568599700928,215.0,60.0,106.0,36.0,0.11009206683309349,0.18141592920353983,180.0,4.0,185.0,41.0,ok,plugin,False,,134.44369971467955,77.5381490184207,4.517133568803152,0.42196123582124295,2.6154076527305805,0.8292682926829268,0.15044247787610618,0.2605345447091997,0.7394654552908003,0.7394654552908003,False,43.0,9.0,0.4424287974834442,0.4186823070049286,0.8611111044883728,"[{'epoch': 0, 'best_score': 0.11647200584411621}, {'epoch': 1, 'best_score': 0.1380237340927124}, {'epoch': 2, 'best_score': 0.20826184749603271}, {'epoch': 3, 'best_score': 0.21826761960983276}, {'epoch': 4, 'best_score': 0.21412134170532227}, {'epoch': 5, 'best_score': 0.25090664625167847}, {'epoch': 6, 'best_score': 0.2806118130683899}, {'epoch': 7, 'best_score': 0.2806118130683899}, {'epoch': 8, 'best_score': 0.2557564377784729}, {'epoch': 9, 'best_score': 0.2852770686149597}, {'epoch': 10, 'best_score': 0.3344802260398865}, {'epoch': 11, 'best_score': 0.3344802260398865}, {'epoch': 12, 'best_score': 0.33426719903945923}, {'epoch': 13, 'best_score': 0.3517787456512451}, {'epoch': 14, 'best_score': 0.3517787456512451}, {'epoch': 15, 'best_score': 0.3340056538581848}, {'epoch': 16, 'best_score': 0.3249724507331848}, {'epoch': 17, 'best_score': 0.3218116760253906}, {'epoch': 18, 'best_score': 0.3179352879524231}, {'epoch': 19, 'best_score': 0.3139987587928772}, {'epoch': 20, 'best_score': 0.3256276249885559}, {'epoch': 21, 'best_score': 0.3441246747970581}, {'epoch': 22, 'best_score': 0.3581058382987976}, {'epoch': 23, 'best_score': 0.3581058382987976}, {'epoch': 24, 'best_score': 0.3581058382987976}, {'epoch': 25, 'best_score': 0.38423076272010803}, {'epoch': 26, 'best_score': 0.37682345509529114}, {'epoch': 27, 'best_score': 0.37682345509529114}, {'epoch': 28, 'best_score': 0.3490457236766815}, {'epoch': 29, 'best_score': 0.3461475968360901}, {'epoch': 30, 'best_score': 0.3524876832962036}, {'epoch': 31, 'best_score': 0.3491951525211334}, {'epoch': 32, 'best_score': 0.3470430374145508}, {'epoch': 33, 'best_score': 0.3584250509738922}, {'epoch': 34, 'best_score': 0.37931931018829346}, {'epoch': 35, 'best_score': 0.37931931018829346}, {'epoch': 36, 'best_score': 0.37931931018829346}, {'epoch': 37, 'best_score': 0.37931931018829346}, {'epoch': 38, 'best_score': 0.3854399025440216}, {'epoch': 39, 'best_score': 0.4113256335258484}, {'epoch': 40, 'best_score': 0.42499831318855286}, {'epoch': 41, 'best_score': 0.4311188757419586}, {'epoch': 42, 'best_score': 0.4376904368400574}, {'epoch': 43, 'best_score': 0.4424287974834442}, {'epoch': 44, 'best_score': 0.4424287974834442}, {'epoch': 45, 'best_score': 0.4424287974834442}, {'epoch': 46, 'best_score': 0.4424287974834442}, {'epoch': 47, 'best_score': 0.4424287974834442}, {'epoch': 48, 'best_score': 0.4424287974834442}, {'epoch': 49, 'best_score': 0.43028363585472107}]",officehome,2,CDANN,logits,65.0,0.9015048146247864,0.9015048146247864,0.4501679837703705,0.45132744312286377,splits_officehome_CDANN_2_0_b09dc755c62e.npz,b09dc755c62e,False,False,,,,,,,0.7394654552908003,logits_vs_features,logits,IW overlap critic | W=5 | seed=0 (plug-in),True,
iw_overlap_critic,5.0,0.0,731.0,507.0,184.0,128.0,0.9130434782608696,0.0,1.0,1.5892244577407837,0.5,0.5,0.7230136394500732,0.19719639420509338,215.0,15.0,108.0,8.0,0.07212526864022711,0.109375,179.0,5.0,114.0,14.0,ok,plugin,False,,144.23395902188918,99.68640523384981,4.438670191682302,0.5524659738709136,2.1942672283823605,0.7142857142857143,0.078125,0.1502502686402271,0.8497497313597728,0.8497497313597728,False,43.0,4.0,0.4019370675086975,0.4730629324913025,0.875,"[{'epoch': 0, 'best_score': 0.06992954015731812}, {'epoch': 1, 'best_score': 0.07560265064239502}, {'epoch': 2, 'best_score': 0.13205808401107788}, {'epoch': 3, 'best_score': 0.15898048877716064}, {'epoch': 4, 'best_score': 0.10048097372055054}, {'epoch': 5, 'best_score': 0.14289742708206177}, {'epoch': 6, 'best_score': 0.10784024000167847}, {'epoch': 7, 'best_score': 0.13738054037094116}, {'epoch': 8, 'best_score': 0.17919081449508667}, {'epoch': 9, 'best_score': 0.1492527723312378}, {'epoch': 10, 'best_score': 0.11928874254226685}, {'epoch': 11, 'best_score': 0.19238752126693726}, {'epoch': 12, 'best_score': 0.19238752126693726}, {'epoch': 13, 'best_score': 0.23390012979507446}, {'epoch': 14, 'best_score': 0.24000638723373413}, {'epoch': 15, 'best_score': 0.25971710681915283}, {'epoch': 16, 'best_score': 0.25971710681915283}, {'epoch': 17, 'best_score': 0.2951781749725342}, {'epoch': 18, 'best_score': 0.30146706104278564}, {'epoch': 19, 'best_score': 0.30528753995895386}, {'epoch': 20, 'best_score': 0.32107412815093994}, {'epoch': 21, 'best_score': 0.3241159915924072}, {'epoch': 22, 'best_score': 0.32923418283462524}, {'epoch': 23, 'best_score': 0.27790939807891846}, {'epoch': 24, 'best_score': 0.2972003221511841}, {'epoch': 25, 'best_score': 0.28418129682540894}, {'epoch': 26, 'best_score': 0.2665925621986389}, {'epoch': 27, 'best_score': 0.2739329934120178}, {'epoch': 28, 'best_score': 0.28286659717559814}, {'epoch': 29, 'best_score': 0.28286659717559814}, {'epoch': 30, 'best_score': 0.2937672734260559}, {'epoch': 31, 'best_score': 0.3068851828575134}, {'epoch': 32, 'best_score': 0.31061702966690063}, {'epoch': 33, 'best_score': 0.3131551146507263}, {'epoch': 34, 'best_score': 0.3131551146507263}, {'epoch': 35, 'best_score': 0.3827403485774994}, {'epoch': 36, 'best_score': 0.3827403485774994}, {'epoch': 37, 'best_score': 0.39076513051986694}, {'epoch': 38, 'best_score': 0.39076513051986694}, {'epoch': 39, 'best_score': 0.39076513051986694}, {'epoch': 40, 'best_score': 0.38174834847450256}, {'epoch': 41, 'best_score': 0.3852178156375885}, {'epoch': 42, 'best_score': 0.401775598526001}, {'epoch': 43, 'best_score': 0.4019370675086975}, {'epoch': 44, 'best_score': 0.35736149549484253}, {'epoch': 45, 'best_score': 0.3650749921798706}, {'epoch': 46, 'best_score': 0.3650749921798706}, {'epoch': 47, 'best_score': 0.3650749921798706}, {'epoch': 48, 'best_score': 0.3650749921798706}, {'epoch': 49, 'best_score': 0.36976176500320435}]",officehome,3,CDANN,logits,65.0,0.9138167500495911,0.9138167500495911,0.5364891290664673,0.5546875,splits_officehome_CDANN_3_0_b09dc755c62e.npz,b09dc755c62e,False,False,,,,,,,0.8497497313597728,logits_vs_features,logits,IW overlap critic | W=5 | seed=0 (plug-in),True,
iw_overlap_critic,5.0,0.0,24387.0,11083.0,6098.0,2773.0,0.9996720236142997,0.0,1.0,1.103917121887207,0.5,0.5,0.5366796851158142,0.24356462061405182,,,,,0.0003478814768960747,0.0,6098.0,0.0,2773.0,0.0,ok,plugin,False,,6073.6836341286435,5647.976278097956,2.2187844785412723,1.027865835775882,1.412643354233495,,0.0,0.0003478814768960747,0.9996521185231039,0.9996521185231039,False,,,,,,,visda,1,DANN,logits,12.0,0.9995489120483398,0.9995489120483398,0.6463051438331604,0.6473133563995361,splits_visda_DANN_1_0_b09dc755c62e.npz,b09dc755c62e,False,False,,,,,,,0.9996521185231039,logits_vs_features,logits,IW overlap critic | W=5 | seed=0 (plug-in),True,
iw_overlap_critic,5.0,0.0,24387.0,14480.0,6098.0,3620.0,0.9998360118071499,0.0,1.0,1.1729421615600586,0.5,0.5,0.5155367255210876,0.2474791258573532,,,,,0.00013220363228841735,0.0,6098.0,0.0,3620.0,0.0,ok,plugin,False,,6047.994793016202,5861.641585157652,1.8560237065244103,1.0046716018467086,1.2874000425530676,,0.0,0.00013220363228841735,0.9998677963677116,0.9998677963677116,False,,,,,,,visda,2,DANN,logits,12.0,0.9997539520263672,0.9997539520263672,0.6546961069107056,0.6544198393821716,splits_visda_DANN_2_0_b09dc755c62e.npz,b09dc755c62e,False,False,,,,,,,0.9998677963677116,logits_vs_features,logits,IW overlap critic | W=5 | seed=0 (plug-in),True,
iw_overlap_critic,5.0,0.0,24387.0,11083.0,6098.0,2773.0,0.9993440472285995,0.0,1.0,1.0816693305969238,0.5,0.5,0.5883632302284241,0.23713639378547668,,,,,0.0006075275846938084,0.0,6098.0,0.0,2773.0,0.0,ok,plugin,False,,6205.517631960752,4894.93748242446,3.9349725188811195,0.9712806514027115,1.913685159336328,,0.0,0.0006075275846938084,0.9993924724153062,0.9993924724153062,False,,,,,,,visda,1,CDANN,logits,12.0,0.9990978837013245,0.9990978837013245,0.6784264445304871,0.6693112254142761,splits_visda_CDANN_1_0_b09dc755c62e.npz,b09dc755c62e,False,False,,,,,,,0.9993924724153062,logits_vs_features,logits,IW overlap critic | W=5 | seed=0 (plug-in),True,
iw_overlap_critic,5.0,0.0,24387.0,14480.0,6098.0,3620.0,0.9995080354214496,0.0,1.0,1.0941133499145508,0.5,0.5,0.5705632567405701,0.2445169985294342,,,,,0.0005399659901547661,0.0,6098.0,0.0,3620.0,0.0,ok,plugin,False,,6124.252040778667,5595.320055965113,2.110154681443745,1.0033479437708315,1.5106367037466188,,0.0,0.0005399659901547661,0.9994600340098453,0.9994600340098453,False,,,,,,,visda,2,CDANN,logits,12.0,0.9995899200439453,0.9995899200439453,0.7107734680175781,0.7140883803367615,splits_visda_CDANN_2_0_b09dc755c62e.npz,b09dc755c62e,False,False,,,,,,,0.9994600340098453,logits_vs_features,logits,IW overlap critic | W=5 | seed=0 (plug-in),True,
iw_overlap_critic,5.0,0.0,6500.0,33009.0,1625.0,8255.0,0.904,0.0,1.0,1.6800131797790527,0.5,0.5,0.6118065118789673,0.2311868518590927,1944.0,70.0,975.0,29.0,0.12259821704008786,0.006541490006056935,1619.0,6.0,8201.0,54.0,ok,plugin,False,,1751.298813122601,1213.3080050104122,4.599771929158667,0.9438784138242138,2.2774234978664234,0.7407407407407407,0.004845548152634767,0.12744376519272263,0.8725562348072774,0.8725562348072774,False,48.0,2.0,0.5611220598220825,0.23198142647743225,0.7931034564971924,"[{'epoch': 0, 'best_score': 0.25249922275543213}, {'epoch': 1, 'best_score': 0.3540918827056885}, {'epoch': 2, 'best_score': 0.4058290421962738}, {'epoch': 3, 'best_score': 0.44220927357673645}, {'epoch': 4, 'best_score': 0.445095032453537}, {'epoch': 5, 'best_score': 0.4845890402793884}, {'epoch': 6, 'best_score': 0.4715423285961151}, {'epoch': 7, 'best_score': 0.4757027328014374}, {'epoch': 8, 'best_score': 0.4675582945346832}, {'epoch': 9, 'best_score': 0.4802541732788086}, {'epoch': 10, 'best_score': 0.4757159948348999}, {'epoch': 11, 'best_score': 0.5086105465888977}, {'epoch': 12, 'best_score': 0.5102968811988831}, {'epoch': 13, 'best_score': 0.5089133977890015}, {'epoch': 14, 'best_score': 0.509606122970581}, {'epoch': 15, 'best_score': 0.48621028661727905}, {'epoch': 16, 'best_score': 0.5099976062774658}, {'epoch': 17, 'best_score': 0.5084916949272156}, {'epoch': 18, 'best_score': 0.5058175921440125}, {'epoch': 19, 'best_score': 0.5033203959465027}, {'epoch': 20, 'best_score': 0.500551700592041}, {'epoch': 21, 'best_score': 0.5017750263214111}, {'epoch': 22, 'best_score': 0.4986479878425598}, {'epoch': 23, 'best_score': 0.5040332674980164}, {'epoch': 24, 'best_score': 0.5035650134086609}, {'epoch': 25, 'best_score': 0.5028764009475708}, {'epoch': 26, 'best_score': 0.5050135254859924}, {'epoch': 27, 'best_score': 0.5070661306381226}, {'epoch': 28, 'best_score': 0.4987111985683441}, {'epoch': 29, 'best_score': 0.5022427439689636}, {'epoch': 30, 'best_score': 0.5098677277565002}, {'epoch': 31, 'best_score': 0.5205701589584351}, {'epoch': 32, 'best_score': 0.523004949092865}, {'epoch': 33, 'best_score': 0.525196373462677}, {'epoch': 34, 'best_score': 0.5294489860534668}, {'epoch': 35, 'best_score': 0.5304481983184814}, {'epoch': 36, 'best_score': 0.5326359272003174}, {'epoch': 37, 'best_score': 0.5349219441413879}, {'epoch': 38, 'best_score': 0.5333894491195679}, {'epoch': 39, 'best_score': 0.5369998812675476}, {'epoch': 40, 'best_score': 0.5355848073959351}, {'epoch': 41, 'best_score': 0.5386307835578918}, {'epoch': 42, 'best_score': 0.5432699918746948}, {'epoch': 43, 'best_score': 0.5463073253631592}, {'epoch': 44, 'best_score': 0.5499573945999146}, {'epoch': 45, 'best_score': 0.5511230230331421}, {'epoch': 46, 'best_score': 0.5541675686836243}, {'epoch': 47, 'best_score': 0.5564147233963013}, {'epoch': 48, 'best_score': 0.5611220598220825}, {'epoch': 49, 'best_score': 0.5600007176399231}]",entity13,1,DANN,features,512.0,0.905846118927002,0.905846118927002,0.7318307161331177,0.7345851063728333,splits_entity13_DANN_1_0_b09dc755c62e.npz,b09dc755c62e,False,False,,,,,,,0.8725562348072774,logits_vs_features,features,IW overlap critic | W=5 | seed=0 (plug-in),True,
iw_overlap_critic,5.0,0.0,6500.0,260.0,1625.0,65.0,0.9101538461538462,0.0,1.0,23.527484893798828,0.5,0.5,0.48384618759155273,0.24968545138835907,,,,,0.08700410750100092,0.0,1625.0,0.0,65.0,0.0,ok,plugin,False,,1561.5456521039926,1618.615177505205,1.1517561305698059,0.9601591366297557,1.0582638087116953,,0.0,0.08700410750100092,0.912995892498999,0.912995892498999,False,,,,,,,entity13,2,DANN,features,512.0,0.9129230380058289,0.9129230380058289,0.8615384697914124,0.8461538553237915,splits_entity13_DANN_2_0_b09dc755c62e.npz,b09dc755c62e,False,False,,,,,,,0.912995892498999,logits_vs_features,features,IW overlap critic | W=5 | seed=0 (plug-in),True,
iw_overlap_critic,5.0,0.0,6500.0,260.0,1625.0,65.0,0.9027692307692308,0.0,1.0,2.5054585933685303,0.5,0.5,0.5853846073150635,0.2304629385471344,1946.0,0.0,975.0,1.0,0.08337744547621474,0.015384615384615385,1625.0,0.0,64.0,1.0,unsupported_critic_region,plugin,False,,1273.2476055231232,1141.0148926085,4.851991211090965,0.6499824984070083,1.7205761505454373,,,,,,,,,,,,,entity13,3,DANN,features,512.0,0.907076895236969,0.907076895236969,0.6653845906257629,0.5538461804389954,splits_entity13_DANN_3_0_b09dc755c62e.npz,b09dc755c62e,,,,,,,,,,logits_vs_features,features,IW overlap critic | W=5 | seed=0 (plug-in),False,
iw_overlap_critic,5.0,0.0,6500.0,33009.0,1625.0,8255.0,0.9132307692307693,0.0,1.0,0.45486611127853394,0.5,0.5,0.5688111782073975,0.24169838428497314,1950.0,8.0,974.0,7.0,0.08642654982588448,0.0004845548152634767,1624.0,1.0,8251.0,4.0,ok,plugin,False,,1667.995352397249,1411.9938480708577,3.0491632007208316,0.9641287641708105,1.7865579054737508,1.0,0.0004845548152634767,0.08691110464114796,0.9130888953588521,0.9130888953588521,False,49.0,0.0,0.8153780698776245,0.1846219301223755,1.0,"[{'epoch': 0, 'best_score': 0.25751060247421265}, {'epoch': 1, 'best_score': 0.4826030135154724}, {'epoch': 2, 'best_score': 0.6351505517959595}, {'epoch': 3, 'best_score': 0.6946814060211182}, {'epoch': 4, 'best_score': 0.7349120378494263}, {'epoch': 5, 'best_score': 0.7489981651306152}, {'epoch': 6, 'best_score': 0.7582933902740479}, {'epoch': 7, 'best_score': 0.7636022567749023}, {'epoch': 8, 'best_score': 0.7662885189056396}, {'epoch': 9, 'best_score': 0.7726457715034485}, {'epoch': 10, 'best_score': 0.772937536239624}, {'epoch': 11, 'best_score': 0.772937536239624}, {'epoch': 12, 'best_score': 0.7737244367599487}, {'epoch': 13, 'best_score': 0.7735899686813354}, {'epoch': 14, 'best_score': 0.7752429842948914}, {'epoch': 15, 'best_score': 0.7762675881385803}, {'epoch': 16, 'best_score': 0.7775741219520569}, {'epoch': 17, 'best_score': 0.7779771685600281}, {'epoch': 18, 'best_score': 0.7784318923950195}, {'epoch': 19, 'best_score': 0.7794564962387085}, {'epoch': 20, 'best_score': 0.7809239625930786}, {'epoch': 21, 'best_score': 0.7809239625930786}, {'epoch': 22, 'best_score': 0.7812875509262085}, {'epoch': 23, 'best_score': 0.781644880771637}, {'epoch': 24, 'best_score': 0.7809144854545593}, {'epoch': 25, 'best_score': 0.7829770445823669}, {'epoch': 26, 'best_score': 0.7832285761833191}, {'epoch': 27, 'best_score': 0.7843047380447388}, {'epoch': 28, 'best_score': 0.7867171764373779}, {'epoch': 29, 'best_score': 0.7892124056816101}, {'epoch': 30, 'best_score': 0.7910903096199036}, {'epoch': 31, 'best_score': 0.7927291393280029}, {'epoch': 32, 'best_score': 0.7927291393280029}, {'epoch': 33, 'best_score': 0.7914965152740479}, {'epoch': 34, 'best_score': 0.7925277352333069}, {'epoch': 35, 'best_score': 0.7943112850189209}, {'epoch': 36, 'best_score': 0.7939725518226624}, {'epoch': 37, 'best_score': 0.7964709997177124}, {'epoch': 38, 'best_score': 0.7993590235710144}, {'epoch': 39, 'best_score': 0.8025689125061035}, {'epoch': 40, 'best_score': 0.8037382960319519}, {'epoch': 41, 'best_score': 0.8026641607284546}, {'epoch': 42, 'best_score': 0.8038818836212158}, {'epoch': 43, 'best_score': 0.8046413660049438}, {'epoch': 44, 'best_score': 0.8054773807525635}, {'epoch': 45, 'best_score': 0.8077359199523926}, {'epoch': 46, 'best_score': 0.8133372068405151}, {'epoch': 47, 'best_score': 0.8142755031585693}, {'epoch': 48, 'best_score': 0.8152599930763245}, {'epoch': 49, 'best_score': 0.8153780698776245}]",entity13,1,CDANN,features,256.0,0.9096922874450684,0.9096922874450684,0.7354357838630676,0.7372501492500305,splits_entity13_CDANN_1_0_b09dc755c62e.npz,b09dc755c62e,False,False,,,,,,,0.9130888953588521,logits_vs_features,features,IW overlap critic | W=5 | seed=0 (plug-in),True,
iw_overlap_critic,5.0,0.0,6500.0,260.0,1625.0,65.0,0.9058461538461539,0.0,1.0,54.598148345947266,0.5,0.5,0.440769225358963,0.25015130639076233,,,,,0.09404573259817997,0.0,1625.0,0.0,65.0,0.0,ok,plugin,False,,1620.6580195082179,1624.8898834811594,1.0321081913028873,0.9975597647486111,1.0100247695429192,,0.0,0.09404573259817997,0.9059542674018201,0.9059542674018201,False,,,,,,,entity13,2,CDANN,features,256.0,0.9081538319587708,0.9081538319587708,0.8423076868057251,0.8769230842590332,splits_entity13_CDANN_2_0_b09dc755c62e.npz,b09dc755c62e,False,False,,,,,,,0.9059542674018201,logits_vs_features,features,IW overlap critic | W=5 | seed=0 (plug-in),True,
iw_overlap_critic,5.0,0.0,6500.0,260.0,1625.0,65.0,0.9015384615384615,0.0,1.0,1.864598035812378,0.5,0.5,0.5246154069900513,0.24748027324676514,,,,,0.09722658379588317,0.0,1625.0,0.0,65.0,0.0,ok,plugin,False,,1569.9667727455533,1565.1889793390133,1.635607182412465,0.9807771674077145,1.2529673353617587,,0.0,0.09722658379588317,0.9027734162041168,0.9027734162041168,False,,,,,,,entity13,3,CDANN,features,256.0,0.9061538577079773,0.9061538577079773,0.6653845906257629,0.5692307949066162,splits_entity13_CDANN_3_0_b09dc755c62e.npz,b09dc755c62e,False,False,,,,,,,0.9027734162041168,logits_vs_features,features,IW overlap critic | W=5 | seed=0 (plug-in),True,
iw_overlap_critic,5.0,0.0,6000.0,30828.0,1500.0,7709.0,0.8426666666666667,0.0,1.0,3.9269917011260986,0.5,0.5,0.5493245720863342,0.24511930346488953,1800.0,0.0,900.0,0.0,0.17180471612983433,0.0002594370216629913,1500.0,0.0,7707.0,2.0,unsupported_critic_region,plugin,False,,1554.9235259928032,1392.0145004736846,2.708002339657216,1.0071279169835234,1.5456419136522022,,,,,,,,,,,,,entity30,1,DANN,features,512.0,0.8550000190734863,0.8550000190734863,0.6190800070762634,0.6236866116523743,splits_entity30_DANN_1_0_b09dc755c62e.npz,b09dc755c62e,,,,,,,,,,logits_vs_features,features,IW overlap critic | W=5 | seed=0 (plug-in),False,
iw_overlap_critic,5.0,0.0,6000.0,240.0,1500.0,60.0,0.8606666666666667,0.0,1.0,10.785133361816406,0.5,0.5,0.5583333373069763,0.24805203080177307,,,,,0.13006054681048942,0.0,1500.0,0.0,60.0,0.0,ok,plugin,False,,1379.4897990618024,1473.9857798995877,1.859967540730244,0.9161888402224456,1.1146893597727814,,0.0,0.13006054681048942,0.8699394531895106,0.8699394531895106,False,,,,,,,entity30,2,DANN,features,512.0,0.8646666407585144,0.8646666407585144,0.7875000238418579,0.7500000596046448,splits_entity30_DANN_2_0_b09dc755c62e.npz,b09dc755c62e,False,False,,,,,,,0.8699394531895106,logits_vs_features,features,IW overlap critic | W=5 | seed=0 (plug-in),True,
iw_overlap_critic,5.0,0.0,6000.0,240.0,1500.0,60.0,0.8553333333333333,0.0,1.0,14.270195960998535,0.5,0.5,0.5,0.24914045631885529,,,,,0.13760743679763335,0.0,1500.0,0.0,60.0,0.0,ok,plugin,False,,1398.324377420918,1482.9075504437963,1.398760097055563,0.929736411379045,1.094209537315618,,0.0,0.13760743679763335,0.8623925632023667,0.8623925632023667,False,,,,,,,entity30,3,DANN,features,512.0,0.8636666536331177,0.8636666536331177,0.5708333849906921,0.6666666865348816,splits_entity30_DANN_3_0_b09dc755c62e.npz,b09dc755c62e,False,False,,,,,,,0.8623925632023667,logits_vs_features,features,IW overlap critic | W=5 | seed=0 (plug-in),True,
iw_overlap_critic,5.0,0.0,6000.0,30828.0,1500.0,7709.0,0.856,0.0,1.0,0.9389141798019409,0.5,0.5,0.5461918711662292,0.24663986265659332,,,,,0.1518786407530826,0.0,1500.0,0.0,7709.0,0.0,ok,plugin,False,,1503.7008879762188,1410.8006491894082,2.327299979379796,0.9751970502806866,1.4599342870290226,,0.0,0.1518786407530826,0.8481213592469175,0.8481213592469175,False,,,,,,,entity30,1,CDANN,features,256.0,0.8611666560173035,0.8611666560173035,0.627903163433075,0.6345829367637634,splits_entity30_CDANN_1_0_b09dc755c62e.npz,b09dc755c62e,False,False,,,,,,,0.8481213592469175,logits_vs_features,features,IW overlap critic | W=5 | seed=0 (plug-in),True,
iw_overlap_critic,5.0,0.0,6000.0,240.0,1500.0,60.0,0.862,0.0,1.0,54.598148345947266,0.5,0.5,0.4449999928474426,0.25011828541755676,,,,,0.13736671931187577,0.0,1500.0,0.0,60.0,0.0,ok,plugin,False,,1491.4680685956778,1499.690709173468,1.037043538565072,0.9946845069352294,1.0169040599513648,,0.0,0.13736671931187577,0.8626332806881243,0.8626332806881243,False,,,,,,,entity30,2,CDANN,features,256.0,0.8646666407585144,0.8646666407585144,0.8125000596046448,0.7500000596046448,splits_entity30_CDANN_2_0_b09dc755c62e.npz,b09dc755c62e,False,False,,,,,,,0.8626332806881243,logits_vs_features,features,IW overlap critic | W=5 | seed=0 (plug-in),True,
iw_overlap_critic,5.0,0.0,6000.0,240.0,1500.0,60.0,0.8453333333333333,0.0,1.0,54.598148345947266,0.5,0.5,0.4150000214576721,0.2500380277633667,,,,,0.15379667102220296,0.0,1500.0,0.0,60.0,0.0,ok,plugin,False,,1492.7450635409355,1499.655080162514,1.0533842290120636,0.9955017284284607,1.0198740084149187,,0.0,0.15379667102220296,0.846203328977797,0.846203328977797,False,,,,,,,entity30,3,CDANN,features,256.0,0.8573333024978638,0.8573333024978638,0.5625,0.6166666746139526,splits_entity30_CDANN_3_0_b09dc755c62e.npz,b09dc755c62e,False,False,,,,,,,0.846203328977797,logits_vs_features,features,IW overlap critic | W=5 | seed=0 (plug-in),True,
iw_overlap_critic,5.0,0.0,10000.0,2000.0,2500.0,500.0,0.9452,0.0,1.0,10.137798309326172,0.5,0.5,0.5410000085830688,0.24617190659046173,,,,,0.05554117639293667,0.0,2500.0,0.0,500.0,0.0,ok,plugin,False,,2313.6398414655423,2371.3699466427947,2.6507336175480383,0.90175086247078,1.301300494916969,,0.0,0.05554117639293667,0.9444588236070633,0.9444588236070633,False,,,,,,,cifar10,1,DANN,features,512.0,0.9508999586105347,0.9508999586105347,0.8440000414848328,0.8360000252723694,splits_cifar10_DANN_1_0_b09dc755c62e.npz,b09dc755c62e,False,False,,,,,,,0.9444588236070633,logits_vs_features,features,IW overlap critic | W=5 | seed=0 (plug-in),True,
iw_overlap_critic,5.0,0.0,10000.0,2000.0,2500.0,500.0,0.946,0.0,1.0,8.0483980178833,0.5,0.5,0.5625,0.2450663149356842,,,,,0.05364873794990481,0.0,2500.0,0.0,500.0,0.0,ok,plugin,False,,2357.5331448562174,2324.984763968077,2.4640505464282745,0.9036342727510559,1.4311804451679737,,0.0,0.05364873794990481,0.9463512620500952,0.9463512620500952,False,,,,,,,cifar10,10,DANN,features,512.0,0.9477999806404114,0.9477999806404114,0.924500048160553,0.9120000600814819,splits_cifar10_DANN_10_0_b09dc755c62e.npz,b09dc755c62e,False,False,,,,,,,0.9463512620500952,logits_vs_features,features,IW overlap critic | W=5 | seed=0 (plug-in),True,
iw_overlap_critic,5.0,0.0,10000.0,2000.0,2500.0,500.0,0.9452,0.0,1.0,16.9163875579834,0.5,0.5,0.5329999923706055,0.24900692701339722,,,,,0.05402168215094528,0.0,2500.0,0.0,500.0,0.0,ok,plugin,False,,2415.279226077785,2457.430250121408,1.714862532346805,0.9585371391889252,1.184627271292094,,0.0,0.05402168215094528,0.9459783178490547,0.9459783178490547,False,,,,,,,cifar10,71,DANN,features,512.0,0.9487999677658081,0.9487999677658081,0.9305000305175781,0.9180000424385071,splits_cifar10_DANN_71_0_b09dc755c62e.npz,b09dc755c62e,False,False,,,,,,,0.9459783178490547,logits_vs_features,features,IW overlap critic | W=5 | seed=0 (plug-in),True,
iw_overlap_critic,5.0,0.0,10000.0,2000.0,2500.0,500.0,0.9528,0.0,1.0,23.161802291870117,0.5,0.5,0.5140000581741333,0.24939963221549988,,,,,0.04621801045036478,0.0,2500.0,0.0,500.0,0.0,ok,plugin,False,,2420.5943276188063,2476.245361396396,1.3799066207410453,0.9649217009667397,1.1310871497021064,,0.0,0.04621801045036478,0.9537819895496352,0.9537819895496352,False,,,,,,,cifar10,95,DANN,features,512.0,0.9515999555587769,0.9515999555587769,0.9390000700950623,0.9360000491142273,splits_cifar10_DANN_95_0_b09dc755c62e.npz,b09dc755c62e,False,False,,,,,,,0.9537819895496352,logits_vs_features,features,IW overlap critic | W=5 | seed=0 (plug-in),True,
iw_overlap_critic,5.0,0.0,10000.0,2000.0,2500.0,500.0,0.9476,0.0,1.0,4.193439483642578,0.5,0.5,0.5605000257492065,0.24584177136421204,,,,,0.054179140247702456,0.0,2500.0,0.0,500.0,0.0,ok,plugin,False,,2347.5766857700455,2349.5033218072194,2.467595119316885,0.89818801604696,1.384205251857483,,0.0,0.054179140247702456,0.9458208597522976,0.9458208597522976,False,,,,,,,cifar10,1,CDANN,features,256.0,0.949999988079071,0.949999988079071,0.846500039100647,0.8440000414848328,splits_cifar10_CDANN_1_0_b09dc755c62e.npz,b09dc755c62e,False,False,,,,,,,0.9458208597522976,logits_vs_features,features,IW overlap critic | W=5 | seed=0 (plug-in),True,
iw_overlap_critic,5.0,0.0,10000.0,2000.0,2500.0,500.0,0.9468,0.0,1.0,1.321940541267395,0.5,0.5,0.6460000276565552,0.2135462760925293,2979.0,36.0,1487.0,15.0,0.051942524602020465,0.07,2475.0,25.0,465.0,35.0,ok,plugin,False,,2125.8191075339505,1436.8621029872327,4.9922350414988,0.6285588896360306,2.35345966764155,0.34285714285714286,0.024000000000000004,0.07594252460202047,0.9240574753979796,0.9240574753979796,False,18.0,26.0,0.4145534634590149,0.18544656038284302,0.6000000238418579,"[{'epoch': 0, 'best_score': 0.29673510789871216}, {'epoch': 1, 'best_score': 0.2715877294540405}, {'epoch': 2, 'best_score': 0.3058483898639679}, {'epoch': 3, 'best_score': 0.3785543739795685}, {'epoch': 4, 'best_score': 0.2871197462081909}, {'epoch': 5, 'best_score': 0.2719751000404358}, {'epoch': 6, 'best_score': 0.22214049100875854}, {'epoch': 7, 'best_score': 0.3062748610973358}, {'epoch': 8, 'best_score': 0.3174484968185425}, {'epoch': 9, 'best_score': 0.30794578790664673}, {'epoch': 10, 'best_score': 0.33392763137817383}, {'epoch': 11, 'best_score': 0.30640560388565063}, {'epoch': 12, 'best_score': 0.3702560067176819}, {'epoch': 13, 'best_score': 0.339280903339386}, {'epoch': 14, 'best_score': 0.3369903862476349}, {'epoch': 15, 'best_score': 0.3527856767177582}, {'epoch': 16, 'best_score': 0.4052807688713074}, {'epoch': 17, 'best_score': 0.40680748224258423}, {'epoch': 18, 'best_score': 0.4145534634590149}, {'epoch': 19, 'best_score': 0.30941903591156006}, {'epoch': 20, 'best_score': 0.31236010789871216}, {'epoch': 21, 'best_score': 0.31800806522369385}, {'epoch': 22, 'best_score': 0.3172891139984131}, {'epoch': 23, 'best_score': 0.3145368695259094}, {'epoch': 24, 'best_score': 0.31579986214637756}, {'epoch': 25, 'best_score': 0.2570202946662903}, {'epoch': 26, 'best_score': 0.25010302662849426}, {'epoch': 27, 'best_score': 0.2507956624031067}, {'epoch': 28, 'best_score': 0.25320202112197876}, {'epoch': 29, 'best_score': 0.2576369047164917}, {'epoch': 30, 'best_score': 0.26169711351394653}, {'epoch': 31, 'best_score': 0.2617737054824829}, {'epoch': 32, 'best_score': 0.26278775930404663}, {'epoch': 33, 'best_score': 0.26452821493148804}, {'epoch': 34, 'best_score': 0.2679045796394348}, {'epoch': 35, 'best_score': 0.2670101821422577}, {'epoch': 36, 'best_score': 0.2641206979751587}, {'epoch': 37, 'best_score': 0.2637556791305542}, {'epoch': 38, 'best_score': 0.2668285369873047}, {'epoch': 39, 'best_score': 0.26752322912216187}, {'epoch': 40, 'best_score': 0.208398699760437}, {'epoch': 41, 'best_score': 0.20996077358722687}, {'epoch': 42, 'best_score': 0.21082626283168793}, {'epoch': 43, 'best_score': 0.21295320987701416}, {'epoch': 44, 'best_score': 0.21456149220466614}, {'epoch': 45, 'best_score': 0.215362548828125}, {'epoch': 46, 'best_score': 0.21606510877609253}, {'epoch': 47, 'best_score': 0.21564289927482605}, {'epoch': 48, 'best_score': 0.21647495031356812}, {'epoch': 49, 'best_score': 0.21715548634529114}]",cifar10,10,CDANN,features,256.0,0.948699951171875,0.948699951171875,0.9160000681877136,0.9120000600814819,splits_cifar10_CDANN_10_0_b09dc755c62e.npz,b09dc755c62e,False,False,,,,,,,0.9240574753979796,logits_vs_features,features,IW overlap critic | W=5 | seed=0 (plug-in),True,
iw_overlap_critic,5.0,0.0,10000.0,2000.0,2500.0,500.0,0.9492,0.0,1.0,2.1827661991119385,0.5,0.5,0.5924999713897705,0.23469793796539307,2999.0,1.0,1500.0,0.0,0.05881315401622794,0.002,2499.0,1.0,499.0,1.0,unsupported_critic_region,plugin,False,,2339.6981027098186,1912.977274203298,4.4118412757792695,0.8165114893290597,1.905745267715648,,,,,,,,,,,,,cifar10,71,CDANN,features,256.0,0.9511999487876892,0.9511999487876892,0.9280000329017639,0.9040000438690186,splits_cifar10_CDANN_71_0_b09dc755c62e.npz,b09dc755c62e,,,,,,,,,,logits_vs_features,features,IW overlap critic | W=5 | seed=0 (plug-in),False,
iw_overlap_critic,5.0,0.0,10000.0,2000.0,2500.0,500.0,0.9516,0.0,1.0,1.130586862564087,0.5,0.5,0.6605000495910645,0.21154719591140747,2947.0,48.0,1471.0,20.0,0.04656402065093736,0.056,2471.0,29.0,472.0,28.0,ok,plugin,False,,2152.584169762824,1396.8494232036799,4.823578917871741,0.6503692208659233,2.3894273210741988,0.7142857142857143,0.04,0.08656402065093735,0.9134359793490626,0.9134359793490626,False,1.0,8.0,0.24349111318588257,0.5065088868141174,0.75,"[{'epoch': 0, 'best_score': 0.19638079404830933}, {'epoch': 1, 'best_score': 0.24349111318588257}, {'epoch': 2, 'best_score': 0.1855076551437378}, {'epoch': 3, 'best_score': 0.21266642212867737}, {'epoch': 4, 'best_score': 0.16350948810577393}, {'epoch': 5, 'best_score': 0.13761630654335022}, {'epoch': 6, 'best_score': 0.11193659901618958}, {'epoch': 7, 'best_score': 0.1356092095375061}, {'epoch': 8, 'best_score': 0.10787743330001831}, {'epoch': 9, 'best_score': 0.11948797106742859}, {'epoch': 10, 'best_score': 0.10677368938922882}, {'epoch': 11, 'best_score': 0.1053895503282547}, {'epoch': 12, 'best_score': 0.10834278166294098}, {'epoch': 13, 'best_score': 0.1267053782939911}, {'epoch': 14, 'best_score': 0.12734535336494446}, {'epoch': 15, 'best_score': 0.10425098240375519}, {'epoch': 16, 'best_score': 0.170330211520195}, {'epoch': 17, 'best_score': 0.20951960980892181}, {'epoch': 18, 'best_score': 0.1531876176595688}, {'epoch': 19, 'best_score': 0.15955176949501038}, {'epoch': 20, 'best_score': 0.13128627836704254}, {'epoch': 21, 'best_score': 0.1656835675239563}, {'epoch': 22, 'best_score': 0.1669325977563858}, {'epoch': 23, 'best_score': 0.20204193890094757}, {'epoch': 24, 'best_score': 0.20256303250789642}, {'epoch': 25, 'best_score': 0.2032533586025238}, {'epoch': 26, 'best_score': 0.22140058875083923}, {'epoch': 27, 'best_score': 0.1789606511592865}, {'epoch': 28, 'best_score': 0.16886156797409058}, {'epoch': 29, 'best_score': 0.17399993538856506}, {'epoch': 30, 'best_score': 0.17302219569683075}, {'epoch': 31, 'best_score': 0.1773887425661087}, {'epoch': 32, 'best_score': 0.17321893572807312}, {'epoch': 33, 'best_score': 0.17118482291698456}, {'epoch': 34, 'best_score': 0.12603190541267395}, {'epoch': 35, 'best_score': 0.12578259408473969}, {'epoch': 36, 'best_score': 0.12619073688983917}, {'epoch': 37, 'best_score': 0.12389875948429108}, {'epoch': 38, 'best_score': 0.17339687049388885}, {'epoch': 39, 'best_score': 0.1268002837896347}, {'epoch': 40, 'best_score': 0.12724876403808594}, {'epoch': 41, 'best_score': 0.13152602314949036}, {'epoch': 42, 'best_score': 0.13592232763767242}, {'epoch': 43, 'best_score': 0.13628149032592773}, {'epoch': 44, 'best_score': 0.1366787552833557}, {'epoch': 45, 'best_score': 0.13852496445178986}, {'epoch': 46, 'best_score': 0.1333666294813156}, {'epoch': 47, 'best_score': 0.13454002141952515}, {'epoch': 48, 'best_score': 0.1373744010925293}, {'epoch': 49, 'best_score': 0.13765719532966614}]",cifar10,95,CDANN,features,256.0,0.9526000022888184,0.9526000022888184,0.9355000257492065,0.9260000586509705,splits_cifar10_CDANN_95_0_b09dc755c62e.npz,b09dc755c62e,True,True,,,,,,,0.9134359793490626,logits_vs_features,features,IW overlap critic | W=5 | seed=0 (plug-in),True,
iw_overlap_critic,5.0,0.0,10000.0,2000.0,2500.0,500.0,0.758,0.0,1.0,14.721992492675781,0.5,0.5,0.5350000262260437,0.24840646982192993,,,,,0.23103909122105898,0.0,2500.0,0.0,500.0,0.0,ok,plugin,False,,2383.9675715657963,2446.2222756066503,1.6053989839402112,0.9414495867190127,1.2009061162766173,,0.0,0.23103909122105898,0.7689609087789411,0.7689609087789411,False,,,,,,,cifar100,4,DANN,features,512.0,0.7841999530792236,0.7841999530792236,0.7440000176429749,0.7760000228881836,splits_cifar100_DANN_4_0_b09dc755c62e.npz,b09dc755c62e,False,True,,,,,,,0.7689609087789411,logits_vs_features,features,IW overlap critic | W=5 | seed=0 (plug-in),True,
iw_overlap_critic,5.0,0.0,10000.0,2000.0,2500.0,500.0,0.76,0.0,1.0,10.38658332824707,0.5,0.5,0.5329999923706055,0.24690403044223785,,,,,0.22611239968077868,0.0,2500.0,0.0,500.0,0.0,ok,plugin,False,,2349.9434548105037,2390.329602608754,1.8824628916784885,0.9195796015610482,1.2987359259232871,,0.0,0.22611239968077868,0.7738876003192213,0.7738876003192213,False,,,,,,,cifar100,12,DANN,features,512.0,0.7831999659538269,0.7831999659538269,0.7545000314712524,0.7860000133514404,splits_cifar100_DANN_12_0_b09dc755c62e.npz,b09dc755c62e,False,True,,,,,,,0.7738876003192213,logits_vs_features,features,IW overlap critic | W=5 | seed=0 (plug-in),True,
iw_overlap_critic,5.0,0.0,10000.0,2000.0,2500.0,500.0,0.7596,0.0,1.0,6.726263523101807,0.5,0.5,0.5595000386238098,0.24209660291671753,,,,,0.21895043230638717,0.0,2500.0,0.0,500.0,0.0,ok,plugin,False,,2308.864227670645,2227.1457760941357,3.0252574478758008,0.8748481886918813,1.5244737612744463,,0.0,0.21895043230638717,0.7810495676936129,0.7810495676936129,False,,,,,,,cifar100,59,DANN,features,512.0,0.7841999530792236,0.7841999530792236,0.7585000395774841,0.7720000147819519,splits_cifar100_DANN_59_0_b09dc755c62e.npz,b09dc755c62e,False,False,,,,,,,0.7810495676936129,logits_vs_features,features,IW overlap critic | W=5 | seed=0 (plug-in),True,
iw_overlap_critic,5.0,0.0,10000.0,2000.0,2500.0,500.0,0.764,0.0,1.0,7.387753963470459,0.5,0.5,0.546500027179718,0.24401287734508514,,,,,0.21699773461249297,0.0,2500.0,0.0,500.0,0.0,ok,plugin,False,,2315.6677928570216,2279.5107531308454,2.5311705852236885,0.8884190779993856,1.4630056100439044,,0.0,0.21699773461249297,0.7830022653875071,0.7830022653875071,False,,,,,,,cifar100,82,DANN,features,512.0,0.7861999869346619,0.7861999869346619,0.7695000171661377,0.7700000405311584,splits_cifar100_DANN_82_0_b09dc755c62e.npz,b09dc755c62e,False,False,,,,,,,0.7830022653875071,logits_vs_features,features,IW overlap critic | W=5 | seed=0 (plug-in),True,
iw_overlap_critic,5.0,0.0,10000.0,2000.0,2500.0,500.0,0.762,0.0,1.0,1.975064992904663,0.5,0.5,0.6274999976158142,0.22987747192382812,,,,,0.21322414201679785,0.0,2500.0,0.0,500.0,0.0,ok,plugin,False,,2228.2134502602553,1883.6438520970244,4.0031995451649545,0.7837600125122747,1.8694197581094254,,0.0,0.21322414201679785,0.7867758579832022,0.7867758579832022,False,,,,,,,cifar100,4,CDANN,features,256.0,0.7849999666213989,0.7849999666213989,0.7275000214576721,0.7480000257492065,splits_cifar100_CDANN_4_0_b09dc755c62e.npz,b09dc755c62e,False,False,,,,,,,0.7867758579832022,logits_vs_features,features,IW overlap critic | W=5 | seed=0 (plug-in),True,
iw_overlap_critic,5.0,0.0,10000.0,2000.0,2500.0,500.0,0.766,0.0,1.0,1.7018429040908813,0.5,0.5,0.6334999799728394,0.22181448340415955,2996.0,2.0,1495.0,4.0,0.19832084914577167,0.02,2494.0,6.0,490.0,10.0,ok,plugin,False,,2160.65720293728,1622.3279298880104,4.517513523906881,0.7011523178148056,2.157439076902889,0.5,0.01,0.20832084914577167,0.7916791508542284,0.7916791508542284,False,5.0,10.0,0.44387543201446533,0.5561245679855347,1.0,"[{'epoch': 0, 'best_score': 0.0811161994934082}, {'epoch': 1, 'best_score': 0.18335217237472534}, {'epoch': 2, 'best_score': 0.2841806411743164}, {'epoch': 3, 'best_score': 0.35920655727386475}, {'epoch': 4, 'best_score': 0.37463200092315674}, {'epoch': 5, 'best_score': 0.44387543201446533}, {'epoch': 6, 'best_score': 0.3097487688064575}, {'epoch': 7, 'best_score': 0.34339359402656555}, {'epoch': 8, 'best_score': 0.373104453086853}, {'epoch': 9, 'best_score': 0.39176419377326965}, {'epoch': 10, 'best_score': 0.203797847032547}, {'epoch': 11, 'best_score': 0.21725523471832275}, {'epoch': 12, 'best_score': 0.23069119453430176}, {'epoch': 13, 'best_score': 0.2500126361846924}, {'epoch': 14, 'best_score': 0.26254960894584656}, {'epoch': 15, 'best_score': 0.2660611867904663}, {'epoch': 16, 'best_score': 0.2705237567424774}, {'epoch': 17, 'best_score': 0.28085094690322876}, {'epoch': 18, 'best_score': 0.2752075791358948}, {'epoch': 19, 'best_score': 0.280840128660202}, {'epoch': 20, 'best_score': 0.28585097193717957}, {'epoch': 21, 'best_score': 0.2915862798690796}, {'epoch': 22, 'best_score': 0.28451237082481384}, {'epoch': 23, 'best_score': 0.28897708654403687}, {'epoch': 24, 'best_score': 0.2905992865562439}, {'epoch': 25, 'best_score': 0.2941564619541168}, {'epoch': 26, 'best_score': 0.29686474800109863}, {'epoch': 27, 'best_score': 0.2991729974746704}, {'epoch': 28, 'best_score': 0.06979714334011078}, {'epoch': 29, 'best_score': 0.07172279059886932}, {'epoch': 30, 'best_score': 0.07014428079128265}, {'epoch': 31, 'best_score': 0.07256142795085907}, {'epoch': 32, 'best_score': 0.07784949243068695}, {'epoch': 33, 'best_score': 0.0787491649389267}, {'epoch': 34, 'best_score': 0.07825803756713867}, {'epoch': 35, 'best_score': 0.07683201134204865}, {'epoch': 36, 'best_score': 0.07866279780864716}, {'epoch': 37, 'best_score': 0.08212709426879883}, {'epoch': 38, 'best_score': 0.08250753581523895}, {'epoch': 39, 'best_score': 0.0834655910730362}, {'epoch': 40, 'best_score': 0.085137739777565}, {'epoch': 41, 'best_score': 0.08465054631233215}, {'epoch': 42, 'best_score': 0.0873962938785553}, {'epoch': 43, 'best_score': 0.08615386486053467}, {'epoch': 44, 'best_score': 0.08587753772735596}, {'epoch': 45, 'best_score': 0.08652903139591217}, {'epoch': 46, 'best_score': 0.08776335418224335}, {'epoch': 47, 'best_score': 0.08955994248390198}, {'epoch': 48, 'best_score': 0.08915163576602936}, {'epoch': 49, 'best_score': 0.09142571687698364}]",cifar100,12,CDANN,features,256.0,0.7858999967575073,0.7858999967575073,0.7480000257492065,0.7680000066757202,splits_cifar100_CDANN_12_0_b09dc755c62e.npz,b09dc755c62e,False,False,,,,,,,0.7916791508542284,logits_vs_features,features,IW overlap critic | W=5 | seed=0 (plug-in),True,
iw_overlap_critic,5.0,0.0,10000.0,2000.0,2500.0,500.0,0.7664,0.0,1.0,1.3137600421905518,0.5,0.5,0.6840000152587891,0.2118106186389923,2968.0,18.0,1489.0,8.0,0.2038971356145696,0.022,2484.0,16.0,489.0,11.0,ok,plugin,False,,2207.064594092616,1439.1501573319924,4.966665024226847,0.6533434775894587,2.504818125132911,0.45454545454545453,0.009999999999999998,0.2138971356145696,0.7861028643854304,0.7861028643854304,False,26.0,5.0,0.4810199737548828,0.2689800262451172,0.75,"[{'epoch': 0, 'best_score': 0.06278848648071289}, {'epoch': 1, 'best_score': 0.14995533227920532}, {'epoch': 2, 'best_score': 0.24145174026489258}, {'epoch': 3, 'best_score': 0.33138132095336914}, {'epoch': 4, 'best_score': 0.3954395055770874}, {'epoch': 5, 'best_score': 0.4524925947189331}, {'epoch': 6, 'best_score': 0.37259453535079956}, {'epoch': 7, 'best_score': 0.41041868925094604}, {'epoch': 8, 'best_score': 0.42094919085502625}, {'epoch': 9, 'best_score': 0.44102171063423157}, {'epoch': 10, 'best_score': 0.456310898065567}, {'epoch': 11, 'best_score': 0.36254069209098816}, {'epoch': 12, 'best_score': 0.3805563747882843}, {'epoch': 13, 'best_score': 0.39953333139419556}, {'epoch': 14, 'best_score': 0.41326284408569336}, {'epoch': 15, 'best_score': 0.426409512758255}, {'epoch': 16, 'best_score': 0.437994122505188}, {'epoch': 17, 'best_score': 0.4447004199028015}, {'epoch': 18, 'best_score': 0.45486313104629517}, {'epoch': 19, 'best_score': 0.4587610960006714}, {'epoch': 20, 'best_score': 0.464122474193573}, {'epoch': 21, 'best_score': 0.4698740243911743}, {'epoch': 22, 'best_score': 0.4749639630317688}, {'epoch': 23, 'best_score': 0.48092520236968994}, {'epoch': 24, 'best_score': 0.480548620223999}, {'epoch': 25, 'best_score': 0.48096582293510437}, {'epoch': 26, 'best_score': 0.4810199737548828}, {'epoch': 27, 'best_score': 0.3744940161705017}, {'epoch': 28, 'best_score': 0.37754499912261963}, {'epoch': 29, 'best_score': 0.38075509667396545}, {'epoch': 30, 'best_score': 0.3834483027458191}, {'epoch': 31, 'best_score': 0.3875332176685333}, {'epoch': 32, 'best_score': 0.3867201805114746}, {'epoch': 33, 'best_score': 0.39114198088645935}, {'epoch': 34, 'best_score': 0.39917904138565063}, {'epoch': 35, 'best_score': 0.4006415605545044}, {'epoch': 36, 'best_score': 0.39999374747276306}, {'epoch': 37, 'best_score': 0.4066672921180725}, {'epoch': 38, 'best_score': 0.41102564334869385}, {'epoch': 39, 'best_score': 0.4099457263946533}, {'epoch': 40, 'best_score': 0.4121939539909363}, {'epoch': 41, 'best_score': 0.4156172573566437}, {'epoch': 42, 'best_score': 0.41349151730537415}, {'epoch': 43, 'best_score': 0.41422325372695923}, {'epoch': 44, 'best_score': 0.4150908589363098}, {'epoch': 45, 'best_score': 0.416278600692749}, {'epoch': 46, 'best_score': 0.41787785291671753}, {'epoch': 47, 'best_score': 0.4181216359138489}, {'epoch': 48, 'best_score': 0.41636964678764343}, {'epoch': 49, 'best_score': 0.421545147895813}]",cifar100,59,CDANN,features,256.0,0.7870000004768372,0.7870000004768372,0.7580000162124634,0.7920000553131104,splits_cifar100_CDANN_59_0_b09dc755c62e.npz,b09dc755c62e,False,True,,,,,,,0.7861028643854304,logits_vs_features,features,IW overlap critic | W=5 | seed=0 (plug-in),True,
iw_overlap_critic,5.0,0.0,10000.0,2000.0,2500.0,500.0,0.7652,0.0,1.0,2.634060859680176,0.5,0.5,0.5690000057220459,0.24028076231479645,,,,,0.21118189551845043,0.0,2500.0,0.0,500.0,0.0,ok,plugin,False,,2262.7026347507162,2130.3537050912983,3.6207769858118652,0.8383082617276272,1.6012905418727865,,0.0,0.21118189551845043,0.7888181044815495,0.7888181044815495,False,,,,,,,cifar100,82,CDANN,features,256.0,0.7872999906539917,0.7872999906539917,0.7635000348091125,0.7720000147819519,splits_cifar100_CDANN_82_0_b09dc755c62e.npz,b09dc755c62e,False,False,,,,,,,0.7888181044815495,logits_vs_features,features,IW overlap critic | W=5 | seed=0 (plug-in),True,
iw_overlap_critic,5.0,0.0,28152.0,9910.0,7040.0,2478.0,0.803125,0.0,1.0,1.2093405723571777,0.5,0.5,0.814117431640625,0.1364630162715912,8201.0,1403.0,4112.0,642.0,0.11476226582175363,0.4515738498789346,6792.0,248.0,1359.0,1119.0,ok,plugin,False,,3395.148886329904,2103.0909121374584,4.99306864438343,0.21316225070365102,2.1088656298729322,0.7622877569258266,0.344229217110573,0.45899148293232667,0.5410085170676733,0.5410085170676733,False,49.0,10.0,0.3691183626651764,0.38166043162345886,0.7507787942886353,"[{'epoch': 0, 'best_score': 0.01464998722076416}, {'epoch': 1, 'best_score': 0.10100454092025757}, {'epoch': 2, 'best_score': 0.17272186279296875}, {'epoch': 3, 'best_score': 0.2405245304107666}, {'epoch': 4, 'best_score': 0.25909239053726196}, {'epoch': 5, 'best_score': 0.25529295206069946}, {'epoch': 6, 'best_score': 0.24544936418533325}, {'epoch': 7, 'best_score': 0.2463495135307312}, {'epoch': 8, 'best_score': 0.26318788528442383}, {'epoch': 9, 'best_score': 0.27711212635040283}, {'epoch': 10, 'best_score': 0.2899537980556488}, {'epoch': 11, 'best_score': 0.28990674018859863}, {'epoch': 12, 'best_score': 0.2990299165248871}, {'epoch': 13, 'best_score': 0.30690261721611023}, {'epoch': 14, 'best_score': 0.31619107723236084}, {'epoch': 15, 'best_score': 0.31060224771499634}, {'epoch': 16, 'best_score': 0.31081846356391907}, {'epoch': 17, 'best_score': 0.30747294425964355}, {'epoch': 18, 'best_score': 0.3111853003501892}, {'epoch': 19, 'best_score': 0.3160974979400635}, {'epoch': 20, 'best_score': 0.32265913486480713}, {'epoch': 21, 'best_score': 0.3249723017215729}, {'epoch': 22, 'best_score': 0.3308723270893097}, {'epoch': 23, 'best_score': 0.3359724283218384}, {'epoch': 24, 'best_score': 0.337055504322052}, {'epoch': 25, 'best_score': 0.33382388949394226}, {'epoch': 26, 'best_score': 0.3406488299369812}, {'epoch': 27, 'best_score': 0.34340718388557434}, {'epoch': 28, 'best_score': 0.3467336893081665}, {'epoch': 29, 'best_score': 0.34748968482017517}, {'epoch': 30, 'best_score': 0.34579965472221375}, {'epoch': 31, 'best_score': 0.3459446132183075}, {'epoch': 32, 'best_score': 0.34660768508911133}, {'epoch': 33, 'best_score': 0.3536611795425415}, {'epoch': 34, 'best_score': 0.35601699352264404}, {'epoch': 35, 'best_score': 0.36014890670776367}, {'epoch': 36, 'best_score': 0.35793519020080566}, {'epoch': 37, 'best_score': 0.35876739025115967}, {'epoch': 38, 'best_score': 0.36405879259109497}, {'epoch': 39, 'best_score': 0.36479267477989197}, {'epoch': 40, 'best_score': 0.36531317234039307}, {'epoch': 41, 'best_score': 0.3688015341758728}, {'epoch': 42, 'best_score': 0.36646002531051636}, {'epoch': 43, 'best_score': 0.3646692633628845}, {'epoch': 44, 'best_score': 0.3630823791027069}, {'epoch': 45, 'best_score': 0.36311474442481995}, {'epoch': 46, 'best_score': 0.3653554916381836}, {'epoch': 47, 'best_score': 0.3650971055030823}, {'epoch': 48, 'best_score': 0.3682647943496704}, {'epoch': 49, 'best_score': 0.3691183626651764}]",domainnet,1,DANN,features,2048.0,0.8072605729103088,0.8072605729103088,0.465893030166626,0.47497981786727905,splits_domainnet_DANN_1_0_b09dc755c62e.npz,b09dc755c62e,False,False,,,,,,,0.5410085170676733,logits_vs_features,features,IW overlap critic | W=5 | seed=0 (plug-in),True,
iw_overlap_critic,5.0,0.0,28152.0,14207.0,7040.0,3553.0,0.8038352272727273,0.0,1.0,1.1579777002334595,0.5,0.5,0.846280574798584,0.11161978542804718,8220.0,2396.0,4094.0,1175.0,0.09667625365962028,0.5657191106107515,6858.0,182.0,1543.0,2010.0,ok,plugin,False,,2754.422713874679,1772.6004236185408,4.989097664809975,0.14291352327848722,1.7510006567496723,0.8323383084577114,0.47086968758795383,0.5675459412475741,0.43245405875242593,0.43245405875242593,False,49.0,0.0,0.3615104556083679,0.4972129464149475,0.8587234020233154,"[{'epoch': 0, 'best_score': 0.01943981647491455}, {'epoch': 1, 'best_score': 0.11434513330459595}, {'epoch': 2, 'best_score': 0.1752558946609497}, {'epoch': 3, 'best_score': 0.21250146627426147}, {'epoch': 4, 'best_score': 0.24275261163711548}, {'epoch': 5, 'best_score': 0.2346922755241394}, {'epoch': 6, 'best_score': 0.2423730492591858}, {'epoch': 7, 'best_score': 0.2532626986503601}, {'epoch': 8, 'best_score': 0.24989110231399536}, {'epoch': 9, 'best_score': 0.2660674452781677}, {'epoch': 10, 'best_score': 0.2740461230278015}, {'epoch': 11, 'best_score': 0.291253924369812}, {'epoch': 12, 'best_score': 0.30188238620758057}, {'epoch': 13, 'best_score': 0.29793882369995117}, {'epoch': 14, 'best_score': 0.2955027222633362}, {'epoch': 15, 'best_score': 0.2941887378692627}, {'epoch': 16, 'best_score': 0.302435040473938}, {'epoch': 17, 'best_score': 0.29400795698165894}, {'epoch': 18, 'best_score': 0.29820239543914795}, {'epoch': 19, 'best_score': 0.30307674407958984}, {'epoch': 20, 'best_score': 0.30342793464660645}, {'epoch': 21, 'best_score': 0.3095235824584961}, {'epoch': 22, 'best_score': 0.31070929765701294}, {'epoch': 23, 'best_score': 0.3128253221511841}, {'epoch': 24, 'best_score': 0.3195667266845703}, {'epoch': 25, 'best_score': 0.31820613145828247}, {'epoch': 26, 'best_score': 0.3174339532852173}, {'epoch': 27, 'best_score': 0.3184744715690613}, {'epoch': 28, 'best_score': 0.3190575838088989}, {'epoch': 29, 'best_score': 0.31998491287231445}, {'epoch': 30, 'best_score': 0.3203551769256592}, {'epoch': 31, 'best_score': 0.32389283180236816}, {'epoch': 32, 'best_score': 0.3316267132759094}, {'epoch': 33, 'best_score': 0.3339940905570984}, {'epoch': 34, 'best_score': 0.3435478210449219}, {'epoch': 35, 'best_score': 0.34460771083831787}, {'epoch': 36, 'best_score': 0.34662681818008423}, {'epoch': 37, 'best_score': 0.34751152992248535}, {'epoch': 38, 'best_score': 0.3462780714035034}, {'epoch': 39, 'best_score': 0.3486098051071167}, {'epoch': 40, 'best_score': 0.34920167922973633}, {'epoch': 41, 'best_score': 0.3486878275871277}, {'epoch': 42, 'best_score': 0.3511578440666199}, {'epoch': 43, 'best_score': 0.35210686922073364}, {'epoch': 44, 'best_score': 0.3496241569519043}, {'epoch': 45, 'best_score': 0.355219304561615}, {'epoch': 46, 'best_score': 0.35826724767684937}, {'epoch': 47, 'best_score': 0.359835147857666}, {'epoch': 48, 'best_score': 0.3609759211540222}, {'epoch': 49, 'best_score': 0.3615104556083679}]",domainnet,2,DANN,features,2048.0,0.8101378083229065,0.8101378083229065,0.38572534918785095,0.38727834820747375,splits_domainnet_DANN_2_0_b09dc755c62e.npz,b09dc755c62e,False,False,,,,,,,0.43245405875242593,logits_vs_features,features,IW overlap critic | W=5 | seed=0 (plug-in),True,
iw_overlap_critic,5.0,0.0,28152.0,15295.0,7040.0,3825.0,0.8072443181818182,0.0,1.0,1.1999905109405518,0.5,0.5,0.7945000529289246,0.1442253291606903,8204.0,1913.0,4098.0,949.0,0.13048838014367123,0.414640522875817,6813.0,227.0,2239.0,1586.0,ok,plugin,False,,3870.62949684099,2373.9646695493443,4.9854906639707135,0.26937572380967667,2.330736744259096,0.7925598991172762,0.32862745098039214,0.4591158311240634,0.5408841688759366,0.5408841688759366,False,45.0,28.0,0.34838226437568665,0.45878317952156067,0.8071654438972473,"[{'epoch': 0, 'best_score': 0.01367485523223877}, {'epoch': 1, 'best_score': 0.0914607048034668}, {'epoch': 2, 'best_score': 0.15342777967453003}, {'epoch': 3, 'best_score': 0.1858001947402954}, {'epoch': 4, 'best_score': 0.20220237970352173}, {'epoch': 5, 'best_score': 0.2055930495262146}, {'epoch': 6, 'best_score': 0.19705545902252197}, {'epoch': 7, 'best_score': 0.21292173862457275}, {'epoch': 8, 'best_score': 0.23120838403701782}, {'epoch': 9, 'best_score': 0.24928051233291626}, {'epoch': 10, 'best_score': 0.25765401124954224}, {'epoch': 11, 'best_score': 0.2700805068016052}, {'epoch': 12, 'best_score': 0.2648000121116638}, {'epoch': 13, 'best_score': 0.2617301344871521}, {'epoch': 14, 'best_score': 0.25907087326049805}, {'epoch': 15, 'best_score': 0.2660973072052002}, {'epoch': 16, 'best_score': 0.2751132845878601}, {'epoch': 17, 'best_score': 0.26489198207855225}, {'epoch': 18, 'best_score': 0.2710425853729248}, {'epoch': 19, 'best_score': 0.2690613865852356}, {'epoch': 20, 'best_score': 0.27316272258758545}, {'epoch': 21, 'best_score': 0.2811127305030823}, {'epoch': 22, 'best_score': 0.2825828790664673}, {'epoch': 23, 'best_score': 0.2861691117286682}, {'epoch': 24, 'best_score': 0.2915264964103699}, {'epoch': 25, 'best_score': 0.29077887535095215}, {'epoch': 26, 'best_score': 0.29854291677474976}, {'epoch': 27, 'best_score': 0.2986886501312256}, {'epoch': 28, 'best_score': 0.302804172039032}, {'epoch': 29, 'best_score': 0.30346179008483887}, {'epoch': 30, 'best_score': 0.30802881717681885}, {'epoch': 31, 'best_score': 0.310224711894989}, {'epoch': 32, 'best_score': 0.3142182528972626}, {'epoch': 33, 'best_score': 0.31626394391059875}, {'epoch': 34, 'best_score': 0.32281628251075745}, {'epoch': 35, 'best_score': 0.3285968601703644}, {'epoch': 36, 'best_score': 0.3316996693611145}, {'epoch': 37, 'best_score': 0.33493679761886597}, {'epoch': 38, 'best_score': 0.3366330564022064}, {'epoch': 39, 'best_score': 0.3351002633571625}, {'epoch': 40, 'best_score': 0.3359348475933075}, {'epoch': 41, 'best_score': 0.337313175201416}, {'epoch': 42, 'best_score': 0.337968111038208}, {'epoch': 43, 'best_score': 0.3397473990917206}, {'epoch': 44, 'best_score': 0.339175283908844}, {'epoch': 45, 'best_score': 0.34838226437568665}, {'epoch': 46, 'best_score': 0.34697258472442627}, {'epoch': 47, 'best_score': 0.34700819849967957}, {'epoch': 48, 'best_score': 0.3466666638851166}, {'epoch': 49, 'best_score': 0.3441998064517975}]",domainnet,3,DANN,features,2048.0,0.8096050024032593,0.8096050024032593,0.4719189405441284,0.46562090516090393,splits_domainnet_DANN_3_0_b09dc755c62e.npz,b09dc755c62e,False,False,,,,,,,0.5408841688759366,logits_vs_features,features,IW overlap critic | W=5 | seed=0 (plug-in),True,
iw_overlap_critic,5.0,0.0,28152.0,9910.0,7040.0,2478.0,0.8025568181818181,0.0,1.0,0.7881361842155457,0.5,0.5,0.7996504902839661,0.13991327583789825,8200.0,1308.0,4086.0,661.0,0.12028282409346344,0.437046004842615,6826.0,214.0,1395.0,1083.0,ok,plugin,False,,3744.561853423778,2300.3029342382556,4.983718069476694,0.2586226737789653,2.1880787361096603,0.7746999076638966,0.3385794995964488,0.4588623236899122,0.5411376763100878,0.5411376763100878,False,48.0,29.0,0.388579398393631,0.44803181290626526,0.8366112112998962,"[{'epoch': 0, 'best_score': 0.015809595584869385}, {'epoch': 1, 'best_score': 0.0636528730392456}, {'epoch': 2, 'best_score': 0.12898653745651245}, {'epoch': 3, 'best_score': 0.19834452867507935}, {'epoch': 4, 'best_score': 0.2509826421737671}, {'epoch': 5, 'best_score': 0.27805793285369873}, {'epoch': 6, 'best_score': 0.2856232523918152}, {'epoch': 7, 'best_score': 0.29612499475479126}, {'epoch': 8, 'best_score': 0.3071511387825012}, {'epoch': 9, 'best_score': 0.31558915972709656}, {'epoch': 10, 'best_score': 0.32886746525764465}, {'epoch': 11, 'best_score': 0.33650416135787964}, {'epoch': 12, 'best_score': 0.342655211687088}, {'epoch': 13, 'best_score': 0.34108760952949524}, {'epoch': 14, 'best_score': 0.35296913981437683}, {'epoch': 15, 'best_score': 0.3484244644641876}, {'epoch': 16, 'best_score': 0.3433983325958252}, {'epoch': 17, 'best_score': 0.343555212020874}, {'epoch': 18, 'best_score': 0.3505745232105255}, {'epoch': 19, 'best_score': 0.3455653488636017}, {'epoch': 20, 'best_score': 0.34760138392448425}, {'epoch': 21, 'best_score': 0.35104089975357056}, {'epoch': 22, 'best_score': 0.34936103224754333}, {'epoch': 23, 'best_score': 0.35556066036224365}, {'epoch': 24, 'best_score': 0.36017298698425293}, {'epoch': 25, 'best_score': 0.35598695278167725}, {'epoch': 26, 'best_score': 0.3598887324333191}, {'epoch': 27, 'best_score': 0.36061689257621765}, {'epoch': 28, 'best_score': 0.36532285809516907}, {'epoch': 29, 'best_score': 0.36494284868240356}, {'epoch': 30, 'best_score': 0.36534324288368225}, {'epoch': 31, 'best_score': 0.3694274425506592}, {'epoch': 32, 'best_score': 0.37493380904197693}, {'epoch': 33, 'best_score': 0.3753853142261505}, {'epoch': 34, 'best_score': 0.3749324083328247}, {'epoch': 35, 'best_score': 0.3749639689922333}, {'epoch': 36, 'best_score': 0.3744020462036133}, {'epoch': 37, 'best_score': 0.375562846660614}, {'epoch': 38, 'best_score': 0.37426355481147766}, {'epoch': 39, 'best_score': 0.38144659996032715}, {'epoch': 40, 'best_score': 0.3827247619628906}, {'epoch': 41, 'best_score': 0.38064688444137573}, {'epoch': 42, 'best_score': 0.3788546025753021}, {'epoch': 43, 'best_score': 0.3794681429862976}, {'epoch': 44, 'best_score': 0.3820500373840332}, {'epoch': 45, 'best_score': 0.38525307178497314}, {'epoch': 46, 'best_score': 0.38546547293663025}, {'epoch': 47, 'best_score': 0.38747721910476685}, {'epoch': 48, 'best_score': 0.388579398393631}, {'epoch': 49, 'best_score': 0.38572391867637634}]",domainnet,1,CDANN,features,256.0,0.8055910468101501,0.8055910468101501,0.5121089816093445,0.5205811262130737,splits_domainnet_CDANN_1_0_b09dc755c62e.npz,b09dc755c62e,False,False,,,,,,,0.5411376763100878,logits_vs_features,features,IW overlap critic | W=5 | seed=0 (plug-in),True,
iw_overlap_critic,5.0,0.0,28152.0,14207.0,7040.0,3553.0,0.8004261363636364,0.0,1.0,0.7321817874908447,0.5,0.5,0.8212893605232239,0.12660270929336548,8216.0,2268.0,4081.0,1105.0,0.10155583097169697,0.5350408105826062,6780.0,260.0,1652.0,1901.0,ok,plugin,False,,3046.4359757382663,1961.741444072225,4.854353617691386,0.1830349139666474,1.8989531178220034,0.8674381904260915,0.46411483253588515,0.5656706635075821,0.4343293364924179,0.4343293364924179,False,45.0,19.0,0.3461364507675171,0.5280717015266418,0.8742081522941589,"[{'epoch': 0, 'best_score': 0.018495559692382812}, {'epoch': 1, 'best_score': 0.0621606707572937}, {'epoch': 2, 'best_score': 0.13229721784591675}, {'epoch': 3, 'best_score': 0.20653146505355835}, {'epoch': 4, 'best_score': 0.24204754829406738}, {'epoch': 5, 'best_score': 0.27713727951049805}, {'epoch': 6, 'best_score': 0.2946796417236328}, {'epoch': 7, 'best_score': 0.2919767498970032}, {'epoch': 8, 'best_score': 0.30499815940856934}, {'epoch': 9, 'best_score': 0.3085068464279175}, {'epoch': 10, 'best_score': 0.31397730112075806}, {'epoch': 11, 'best_score': 0.31984439492225647}, {'epoch': 12, 'best_score': 0.32464730739593506}, {'epoch': 13, 'best_score': 0.3226073384284973}, {'epoch': 14, 'best_score': 0.3221607804298401}, {'epoch': 15, 'best_score': 0.3181461691856384}, {'epoch': 16, 'best_score': 0.31482261419296265}, {'epoch': 17, 'best_score': 0.31655818223953247}, {'epoch': 18, 'best_score': 0.31332433223724365}, {'epoch': 19, 'best_score': 0.3080759048461914}, {'epoch': 20, 'best_score': 0.3093647360801697}, {'epoch': 21, 'best_score': 0.3130560517311096}, {'epoch': 22, 'best_score': 0.3147032856941223}, {'epoch': 23, 'best_score': 0.31460249423980713}, {'epoch': 24, 'best_score': 0.3230341076850891}, {'epoch': 25, 'best_score': 0.32507795095443726}, {'epoch': 26, 'best_score': 0.329271137714386}, {'epoch': 27, 'best_score': 0.3289608359336853}, {'epoch': 28, 'best_score': 0.3290097117424011}, {'epoch': 29, 'best_score': 0.33200424909591675}, {'epoch': 30, 'best_score': 0.33475828170776367}, {'epoch': 31, 'best_score': 0.33449459075927734}, {'epoch': 32, 'best_score': 0.3375852108001709}, {'epoch': 33, 'best_score': 0.3360329866409302}, {'epoch': 34, 'best_score': 0.33585721254348755}, {'epoch': 35, 'best_score': 0.33658748865127563}, {'epoch': 36, 'best_score': 0.3384361267089844}, {'epoch': 37, 'best_score': 0.336847722530365}, {'epoch': 38, 'best_score': 0.3367072343826294}, {'epoch': 39, 'best_score': 0.33842360973358154}, {'epoch': 40, 'best_score': 0.3376028537750244}, {'epoch': 41, 'best_score': 0.33744680881500244}, {'epoch': 42, 'best_score': 0.33642858266830444}, {'epoch': 43, 'best_score': 0.3428548574447632}, {'epoch': 44, 'best_score': 0.3447514772415161}, {'epoch': 45, 'best_score': 0.3461364507675171}, {'epoch': 46, 'best_score': 0.3436949849128723}, {'epoch': 47, 'best_score': 0.3438156247138977}, {'epoch': 48, 'best_score': 0.34379667043685913}, {'epoch': 49, 'best_score': 0.3443639874458313}]",domainnet,2,CDANN,features,256.0,0.8071539998054504,0.8071539998054504,0.42063772678375244,0.4218969941139221,splits_domainnet_CDANN_2_0_b09dc755c62e.npz,b09dc755c62e,False,False,,,,,,,0.4343293364924179,logits_vs_features,features,IW overlap critic | W=5 | seed=0 (plug-in),True,
iw_overlap_critic,5.0,0.0,28152.0,15295.0,7040.0,3825.0,0.8063920454545455,0.0,1.0,0.8945432901382446,0.5,0.5,0.7571138739585876,0.17122101783752441,8180.0,1345.0,4088.0,700.0,0.1468221922551996,0.29830065359477126,6819.0,221.0,2684.0,1141.0,ok,plugin,False,,4785.889121431149,2894.5133514766926,4.998604507397094,0.4011447847956821,2.5443703893125877,0.8141980718667835,0.24287581699346406,0.38969800924866366,0.6103019907513363,0.6103019907513363,False,37.0,15.0,0.407497376203537,0.45250263810157776,0.8600000143051147,"[{'epoch': 0, 'best_score': 0.017111361026763916}, {'epoch': 1, 'best_score': 0.05884349346160889}, {'epoch': 2, 'best_score': 0.13417404890060425}, {'epoch': 3, 'best_score': 0.19129765033721924}, {'epoch': 4, 'best_score': 0.23827046155929565}, {'epoch': 5, 'best_score': 0.2648346424102783}, {'epoch': 6, 'best_score': 0.2885209918022156}, {'epoch': 7, 'best_score': 0.30993419885635376}, {'epoch': 8, 'best_score': 0.3158760070800781}, {'epoch': 9, 'best_score': 0.3282499313354492}, {'epoch': 10, 'best_score': 0.3392750024795532}, {'epoch': 11, 'best_score': 0.34337830543518066}, {'epoch': 12, 'best_score': 0.3400111198425293}, {'epoch': 13, 'best_score': 0.34787970781326294}, {'epoch': 14, 'best_score': 0.35032346844673157}, {'epoch': 15, 'best_score': 0.3574434518814087}, {'epoch': 16, 'best_score': 0.3541816473007202}, {'epoch': 17, 'best_score': 0.3616768419742584}, {'epoch': 18, 'best_score': 0.368204265832901}, {'epoch': 19, 'best_score': 0.3664740324020386}, {'epoch': 20, 'best_score': 0.373102605342865}, {'epoch': 21, 'best_score': 0.37218406796455383}, {'epoch': 22, 'best_score': 0.37203332781791687}, {'epoch': 23, 'best_score': 0.3735406994819641}, {'epoch': 24, 'best_score': 0.3737662434577942}, {'epoch': 25, 'best_score': 0.3804144859313965}, {'epoch': 26, 'best_score': 0.3803184926509857}, {'epoch': 27, 'best_score': 0.38627928495407104}, {'epoch': 28, 'best_score': 0.386331170797348}, {'epoch': 29, 'best_score': 0.38474008440971375}, {'epoch': 30, 'best_score': 0.3887428641319275}, {'epoch': 31, 'best_score': 0.3890237808227539}, {'epoch': 32, 'best_score': 0.39316892623901367}, {'epoch': 33, 'best_score': 0.39377614855766296}, {'epoch': 34, 'best_score': 0.3980039358139038}, {'epoch': 35, 'best_score': 0.4013028144836426}, {'epoch': 36, 'best_score': 0.4061293601989746}, {'epoch': 37, 'best_score': 0.407497376203537}, {'epoch': 38, 'best_score': 0.4027218222618103}, {'epoch': 39, 'best_score': 0.4014160931110382}, {'epoch': 40, 'best_score': 0.401917040348053}, {'epoch': 41, 'best_score': 0.3996046185493469}, {'epoch': 42, 'best_score': 0.40118151903152466}, {'epoch': 43, 'best_score': 0.40021812915802}, {'epoch': 44, 'best_score': 0.4031044542789459}, {'epoch': 45, 'best_score': 0.4046340584754944}, {'epoch': 46, 'best_score': 0.4048920273780823}, {'epoch': 47, 'best_score': 0.40397393703460693}, {'epoch': 48, 'best_score': 0.40271440148353577}, {'epoch': 49, 'best_score': 0.40146178007125854}]",domainnet,3,CDANN,features,256.0,0.8074381947517395,0.8074381947517395,0.49369075894355774,0.48549020290374756,splits_domainnet_CDANN_3_0_b09dc755c62e.npz,b09dc755c62e,False,False,,,,,,,0.6103019907513363,logits_vs_features,features,IW overlap critic | W=5 | seed=0 (plug-in),True,
iw_overlap_critic,5.0,0.0,1700.0,8804.0,425.0,2203.0,0.8658823529411764,0.0,1.0,2.358501434326172,0.5,0.5,0.5993983745574951,0.22833284735679626,504.0,58.0,254.0,27.0,0.19441617649071607,0.022696323195642305,423.0,2.0,2153.0,50.0,ok,plugin,False,,561.8544249951487,296.5267572161775,4.977867875468121,1.0993252109299974,3.006510583615209,0.62,0.014071720381298228,0.2084878968720143,0.7915121031279857,0.7915121031279857,False,44.0,9.0,0.346150666475296,0.2834789454936981,0.6296296119689941,"[{'epoch': 0, 'best_score': 0.209722638130188}, {'epoch': 1, 'best_score': 0.203255295753479}, {'epoch': 2, 'best_score': 0.2341424822807312}, {'epoch': 3, 'best_score': 0.21190744638442993}, {'epoch': 4, 'best_score': 0.1862165331840515}, {'epoch': 5, 'best_score': 0.20019584894180298}, {'epoch': 6, 'best_score': 0.17752620577812195}, {'epoch': 7, 'best_score': 0.1748935878276825}, {'epoch': 8, 'best_score': 0.1835632026195526}, {'epoch': 9, 'best_score': 0.20504039525985718}, {'epoch': 10, 'best_score': 0.2230726182460785}, {'epoch': 11, 'best_score': 0.23574689030647278}, {'epoch': 12, 'best_score': 0.24909797310829163}, {'epoch': 13, 'best_score': 0.24909797310829163}, {'epoch': 14, 'best_score': 0.275637149810791}, {'epoch': 15, 'best_score': 0.2782280445098877}, {'epoch': 16, 'best_score': 0.29307815432548523}, {'epoch': 17, 'best_score': 0.2948935925960541}, {'epoch': 18, 'best_score': 0.3129543662071228}, {'epoch': 19, 'best_score': 0.3073839545249939}, {'epoch': 20, 'best_score': 0.31002628803253174}, {'epoch': 21, 'best_score': 0.31668439507484436}, {'epoch': 22, 'best_score': 0.3214024007320404}, {'epoch': 23, 'best_score': 0.32253411412239075}, {'epoch': 24, 'best_score': 0.3295489251613617}, {'epoch': 25, 'best_score': 0.34159988164901733}, {'epoch': 26, 'best_score': 0.34159988164901733}, {'epoch': 27, 'best_score': 0.33016884326934814}, {'epoch': 28, 'best_score': 0.3052870035171509}, {'epoch': 29, 'best_score': 0.3077542781829834}, {'epoch': 30, 'best_score': 0.31522855162620544}, {'epoch': 31, 'best_score': 0.32034897804260254}, {'epoch': 32, 'best_score': 0.317311555147171}, {'epoch': 33, 'best_score': 0.317311555147171}, {'epoch': 34, 'best_score': 0.3284282386302948}, {'epoch': 35, 'best_score': 0.3284282386302948}, {'epoch': 36, 'best_score': 0.33108657598495483}, {'epoch': 37, 'best_score': 0.3385477066040039}, {'epoch': 38, 'best_score': 0.3373272120952606}, {'epoch': 39, 'best_score': 0.3353007435798645}, {'epoch': 40, 'best_score': 0.3452439606189728}, {'epoch': 41, 'best_score': 0.3452439606189728}, {'epoch': 42, 'best_score': 0.3452439606189728}, {'epoch': 43, 'best_score': 0.3452439606189728}, {'epoch': 44, 'best_score': 0.346150666475296}, {'epoch': 45, 'best_score': 0.346150666475296}, {'epoch': 46, 'best_score': 0.3360183835029602}, {'epoch': 47, 'best_score': 0.3360183835029602}, {'epoch': 48, 'best_score': 0.3360183835029602}, {'epoch': 49, 'best_score': 0.33695560693740845}]",living17,1,DANN,features,512.0,0.8994117379188538,0.8994117379188538,0.6758291721343994,0.6876986026763916,splits_living17_DANN_1_0_b09dc755c62e.npz,b09dc755c62e,False,False,,,,,,,0.7915121031279857,logits_vs_features,features,IW overlap critic | W=5 | seed=0 (plug-in),True,
iw_overlap_critic,5.0,0.0,1700.0,68.0,425.0,19.0,0.8823529411764706,0.0,1.0,54.598148345947266,0.5,0.5,0.4745098352432251,0.2517836093902588,,,,,0.11549763969311724,0.0,425.0,0.0,19.0,0.0,ok,plugin,False,,417.43123633639254,424.73358854428574,1.0960320230876648,0.980617607750639,1.0244340116827149,,0.0,0.11549763969311724,0.8845023603068828,0.8845023603068828,False,,,,,,,living17,2,DANN,features,512.0,0.9094117283821106,0.9094117283821106,0.8970588445663452,0.8421052694320679,splits_living17_DANN_2_0_b09dc755c62e.npz,b09dc755c62e,True,False,,,,,,,0.8845023603068828,logits_vs_features,features,IW overlap critic | W=5 | seed=0 (plug-in),True,
iw_overlap_critic,5.0,0.0,1700.0,68.0,425.0,19.0,0.8894117647058823,0.0,1.0,40.14657211303711,0.5,0.5,0.4598039388656616,0.2498873770236969,,,,,0.10854470082859607,0.0,425.0,0.0,19.0,0.0,ok,plugin,False,,416.5155291691593,424.59386238895956,1.1081066495004241,0.9786472673782749,1.032276027480624,,0.0,0.10854470082859607,0.891455299171404,0.891455299171404,False,,,,,,,living17,3,DANN,features,512.0,0.9052940607070923,0.9052940607070923,0.5882353186607361,0.6842105388641357,splits_living17_DANN_3_0_b09dc755c62e.npz,b09dc755c62e,False,False,,,,,,,0.891455299171404,logits_vs_features,features,IW overlap critic | W=5 | seed=0 (plug-in),True,
iw_overlap_critic,5.0,0.0,1700.0,8804.0,425.0,2203.0,0.8894117647058823,0.0,1.0,0.9411579370498657,0.5,0.5,0.601169764995575,0.2327345460653305,506.0,12.0,255.0,6.0,0.15813636129384576,0.0031774852473899226,425.0,0.0,2196.0,7.0,ok,plugin,False,,463.8987774648145,318.9722855623795,3.5347403978987533,0.9412892595851248,2.3347204204429564,0.7142857142857143,0.0022696323195642307,0.16040599361341,0.83959400638659,0.83959400638659,False,2.0,2.0,0.4752674698829651,0.5247325301170349,1.0,"[{'epoch': 0, 'best_score': 0.27735185623168945}, {'epoch': 1, 'best_score': 0.375484824180603}, {'epoch': 2, 'best_score': 0.4752674698829651}, {'epoch': 3, 'best_score': 0.38344985246658325}, {'epoch': 4, 'best_score': 0.4247298836708069}, {'epoch': 5, 'best_score': 0.41694921255111694}, {'epoch': 6, 'best_score': 0.4303187429904938}, {'epoch': 7, 'best_score': 0.3344813883304596}, {'epoch': 8, 'best_score': 0.3510318994522095}, {'epoch': 9, 'best_score': 0.37081220746040344}, {'epoch': 10, 'best_score': 0.37864965200424194}, {'epoch': 11, 'best_score': 0.38974785804748535}, {'epoch': 12, 'best_score': 0.39020082354545593}, {'epoch': 13, 'best_score': 0.39334192872047424}, {'epoch': 14, 'best_score': 0.4053703546524048}, {'epoch': 15, 'best_score': 0.4053703546524048}, {'epoch': 16, 'best_score': 0.41339558362960815}, {'epoch': 17, 'best_score': 0.4156875014305115}, {'epoch': 18, 'best_score': 0.4156875014305115}, {'epoch': 19, 'best_score': 0.4196832776069641}, {'epoch': 20, 'best_score': 0.4147447347640991}, {'epoch': 21, 'best_score': 0.41405391693115234}, {'epoch': 22, 'best_score': 0.4193921685218811}, {'epoch': 23, 'best_score': 0.4193921685218811}, {'epoch': 24, 'best_score': 0.4233871102333069}, {'epoch': 25, 'best_score': 0.4233871102333069}, {'epoch': 26, 'best_score': 0.4259492754936218}, {'epoch': 27, 'best_score': 0.42189329862594604}, {'epoch': 28, 'best_score': 0.43708741664886475}, {'epoch': 29, 'best_score': 0.43708741664886475}, {'epoch': 30, 'best_score': 0.43379339575767517}, {'epoch': 31, 'best_score': 0.43379339575767517}, {'epoch': 32, 'best_score': 0.4340466260910034}, {'epoch': 33, 'best_score': 0.44368910789489746}, {'epoch': 34, 'best_score': 0.44368910789489746}, {'epoch': 35, 'best_score': 0.44368910789489746}, {'epoch': 36, 'best_score': 0.43988659977912903}, {'epoch': 37, 'best_score': 0.4323701560497284}, {'epoch': 38, 'best_score': 0.4356898367404938}, {'epoch': 39, 'best_score': 0.4356898367404938}, {'epoch': 40, 'best_score': 0.4356898367404938}, {'epoch': 41, 'best_score': 0.4366305470466614}, {'epoch': 42, 'best_score': 0.434295654296875}, {'epoch': 43, 'best_score': 0.434295654296875}, {'epoch': 44, 'best_score': 0.43225717544555664}, {'epoch': 45, 'best_score': 0.4305640459060669}, {'epoch': 46, 'best_score': 0.4305640459060669}, {'epoch': 47, 'best_score': 0.4305640459060669}, {'epoch': 48, 'best_score': 0.4305640459060669}, {'epoch': 49, 'best_score': 0.43381643295288086}]",living17,1,CDANN,features,256.0,0.9052940607070923,0.9052940607070923,0.6863925457000732,0.6981388926506042,splits_living17_CDANN_1_0_b09dc755c62e.npz,b09dc755c62e,False,False,,,,,,,0.83959400638659,logits_vs_features,features,IW overlap critic | W=5 | seed=0 (plug-in),True,
iw_overlap_critic,5.0,0.0,1700.0,68.0,425.0,19.0,0.8917647058823529,0.0,1.0,54.598148345947266,0.5,0.5,0.4421568810939789,0.2509284019470215,,,,,0.10602154727486353,0.0,425.0,0.0,19.0,0.0,ok,plugin,False,,418.2454995415853,424.71056521312704,1.0635932790671974,0.9855853808564433,1.0206423120810855,,0.0,0.10602154727486353,0.8939784527251364,0.8939784527251364,False,,,,,,,living17,2,CDANN,features,256.0,0.9094117283821106,0.9094117283821106,0.8676470518112183,0.8421052694320679,splits_living17_CDANN_2_0_b09dc755c62e.npz,b09dc755c62e,False,False,,,,,,,0.8939784527251364,logits_vs_features,features,IW overlap critic | W=5 | seed=0 (plug-in),True,
iw_overlap_critic,5.0,0.0,1700.0,68.0,425.0,19.0,0.8823529411764706,0.0,1.0,10.31087875366211,0.5,0.5,0.5941176414489746,0.2489180862903595,,,,,0.10872907828318044,0.0,425.0,0.0,19.0,0.0,ok,plugin,False,,392.28334667577496,417.896727395976,1.2470679996167506,0.916657293594045,1.1190605004261212,,0.0,0.10872907828318044,0.8912709217168195,0.8912709217168195,False,,,,,,,living17,3,CDANN,features,256.0,0.9052940607070923,0.9052940607070923,0.5588235259056091,0.6315789222717285,splits_living17_CDANN_3_0_b09dc755c62e.npz,b09dc755c62e,False,False,,,,,,,0.8912709217168195,logits_vs_features,features,IW overlap critic | W=5 | seed=0 (plug-in),True,
iw_overlap_critic,5.0,0.0,2600.0,13282.0,650.0,3322.0,0.8046153846153846,0.0,1.0,3.8708994388580322,0.5,0.5,0.6090245246887207,0.2385123372077942,780.0,16.0,390.0,10.0,0.22078968857316847,0.002408187838651415,650.0,0.0,3314.0,8.0,ok,plugin,False,,723.679591393693,545.4941670783072,4.328369877538175,1.0274323947123594,1.8757575197739205,0.625,0.0015051173991571343,0.2222948059723256,0.7777051940276745,0.7777051940276745,False,46.0,10.0,0.6913579106330872,0.20864205062389374,0.8999999761581421,"[{'epoch': 0, 'best_score': 0.16285371780395508}, {'epoch': 1, 'best_score': 0.25067025423049927}, {'epoch': 2, 'best_score': 0.32693779468536377}, {'epoch': 3, 'best_score': 0.40172743797302246}, {'epoch': 4, 'best_score': 0.4561299681663513}, {'epoch': 5, 'best_score': 0.482607901096344}, {'epoch': 6, 'best_score': 0.49067312479019165}, {'epoch': 7, 'best_score': 0.5203447341918945}, {'epoch': 8, 'best_score': 0.5452083349227905}, {'epoch': 9, 'best_score': 0.473299503326416}, {'epoch': 10, 'best_score': 0.5003080368041992}, {'epoch': 11, 'best_score': 0.5127449035644531}, {'epoch': 12, 'best_score': 0.524839460849762}, {'epoch': 13, 'best_score': 0.5409818887710571}, {'epoch': 14, 'best_score': 0.5563302040100098}, {'epoch': 15, 'best_score': 0.5559771060943604}, {'epoch': 16, 'best_score': 0.5624113082885742}, {'epoch': 17, 'best_score': 0.5669214725494385}, {'epoch': 18, 'best_score': 0.5783287882804871}, {'epoch': 19, 'best_score': 0.5803222060203552}, {'epoch': 20, 'best_score': 0.5857232809066772}, {'epoch': 21, 'best_score': 0.5958578586578369}, {'epoch': 22, 'best_score': 0.6031758189201355}, {'epoch': 23, 'best_score': 0.6088788509368896}, {'epoch': 24, 'best_score': 0.6204239130020142}, {'epoch': 25, 'best_score': 0.6202602982521057}, {'epoch': 26, 'best_score': 0.6243637800216675}, {'epoch': 27, 'best_score': 0.6295046806335449}, {'epoch': 28, 'best_score': 0.6316787004470825}, {'epoch': 29, 'best_score': 0.6386069059371948}, {'epoch': 30, 'best_score': 0.6411685943603516}, {'epoch': 31, 'best_score': 0.6426575183868408}, {'epoch': 32, 'best_score': 0.6509432196617126}, {'epoch': 33, 'best_score': 0.6510605812072754}, {'epoch': 34, 'best_score': 0.6549208164215088}, {'epoch': 35, 'best_score': 0.6543653607368469}, {'epoch': 36, 'best_score': 0.655230700969696}, {'epoch': 37, 'best_score': 0.657755970954895}, {'epoch': 38, 'best_score': 0.6628808379173279}, {'epoch': 39, 'best_score': 0.6690109968185425}, {'epoch': 40, 'best_score': 0.6691482067108154}, {'epoch': 41, 'best_score': 0.6748713254928589}, {'epoch': 42, 'best_score': 0.6754853129386902}, {'epoch': 43, 'best_score': 0.6754853129386902}, {'epoch': 44, 'best_score': 0.685232400894165}, {'epoch': 45, 'best_score': 0.6900687217712402}, {'epoch': 46, 'best_score': 0.6913579106330872}, {'epoch': 47, 'best_score': 0.686456561088562}, {'epoch': 48, 'best_score': 0.6861556768417358}, {'epoch': 49, 'best_score': 0.6879515647888184}]",nonliving26,1,DANN,features,512.0,0.8126922845840454,0.8126922845840454,0.5122722387313843,0.5192654728889465,splits_nonliving26_DANN_1_0_b09dc755c62e.npz,b09dc755c62e,False,False,,,,,,,0.7777051940276745,logits_vs_features,features,IW overlap critic | W=5 | seed=0 (plug-in),True,
iw_overlap_critic,5.0,0.0,2600.0,104.0,650.0,28.0,0.8292307692307692,0.0,1.0,9.035787582397461,0.5,0.5,0.5865384936332703,0.24835780262947083,,,,,0.159961326333279,0.0,650.0,0.0,28.0,0.0,ok,plugin,False,,604.3711312695544,634.604737084445,1.780970058786834,0.9172193556204155,1.1646644263832953,,0.0,0.159961326333279,0.840038673666721,0.840038673666721,False,,,,,,,nonliving26,2,DANN,features,512.0,0.8176922798156738,0.8176922798156738,0.75,0.7142857313156128,splits_nonliving26_DANN_2_0_b09dc755c62e.npz,b09dc755c62e,False,False,,,,,,,0.840038673666721,logits_vs_features,features,IW overlap critic | W=5 | seed=0 (plug-in),True,
iw_overlap_critic,5.0,0.0,2600.0,104.0,650.0,28.0,0.8246153846153846,0.0,1.0,54.598148345947266,0.5,0.5,0.5230768918991089,0.251219242811203,,,,,0.17369137256296222,0.0,650.0,0.0,28.0,0.0,ok,plugin,False,,639.8040415148071,649.588448519712,1.0649764653148253,0.9828991046709952,1.026744095998503,,0.0,0.17369137256296222,0.8263086274370378,0.8263086274370378,False,,,,,,,nonliving26,3,DANN,features,512.0,0.8146153688430786,0.8146153688430786,0.4038461744785309,0.3214285969734192,splits_nonliving26_DANN_3_0_b09dc755c62e.npz,b09dc755c62e,False,False,,,,,,,0.8263086274370378,logits_vs_features,features,IW overlap critic | W=5 | seed=0 (plug-in),True,
iw_overlap_critic,5.0,0.0,2600.0,13282.0,650.0,3322.0,0.8169230769230769,0.0,1.0,1.2974092960357666,0.5,0.5,0.5941033363342285,0.23849940299987793,779.0,10.0,390.0,1.0,0.19342620235405997,0.002408187838651415,650.0,0.0,3314.0,8.0,ok,plugin,False,,660.9305304263683,540.3913908532045,4.7942710695993735,0.93795971892271,1.7660835798347234,0.5,0.0012040939193257074,0.19463029627338568,0.8053697037266143,0.8053697037266143,False,43.0,11.0,0.7933461666107178,0.20665381848812103,1.0,"[{'epoch': 0, 'best_score': 0.18359076976776123}, {'epoch': 1, 'best_score': 0.3122361898422241}, {'epoch': 2, 'best_score': 0.4223443269729614}, {'epoch': 3, 'best_score': 0.5415788292884827}, {'epoch': 4, 'best_score': 0.5822378396987915}, {'epoch': 5, 'best_score': 0.6283064484596252}, {'epoch': 6, 'best_score': 0.6441912651062012}, {'epoch': 7, 'best_score': 0.6569793224334717}, {'epoch': 8, 'best_score': 0.6651284694671631}, {'epoch': 9, 'best_score': 0.6881290674209595}, {'epoch': 10, 'best_score': 0.6965290904045105}, {'epoch': 11, 'best_score': 0.700549840927124}, {'epoch': 12, 'best_score': 0.7064208388328552}, {'epoch': 13, 'best_score': 0.7139523029327393}, {'epoch': 14, 'best_score': 0.7142186760902405}, {'epoch': 15, 'best_score': 0.7225900888442993}, {'epoch': 16, 'best_score': 0.7229737043380737}, {'epoch': 17, 'best_score': 0.7286885380744934}, {'epoch': 18, 'best_score': 0.7345231771469116}, {'epoch': 19, 'best_score': 0.742637038230896}, {'epoch': 20, 'best_score': 0.7483807802200317}, {'epoch': 21, 'best_score': 0.7516485452651978}, {'epoch': 22, 'best_score': 0.7559968829154968}, {'epoch': 23, 'best_score': 0.7563650608062744}, {'epoch': 24, 'best_score': 0.7595598101615906}, {'epoch': 25, 'best_score': 0.7591232061386108}, {'epoch': 26, 'best_score': 0.7688380479812622}, {'epoch': 27, 'best_score': 0.7688380479812622}, {'epoch': 28, 'best_score': 0.7722629904747009}, {'epoch': 29, 'best_score': 0.7737163305282593}, {'epoch': 30, 'best_score': 0.775387704372406}, {'epoch': 31, 'best_score': 0.7731186151504517}, {'epoch': 32, 'best_score': 0.7759252786636353}, {'epoch': 33, 'best_score': 0.78270423412323}, {'epoch': 34, 'best_score': 0.7898446321487427}, {'epoch': 35, 'best_score': 0.7880731821060181}, {'epoch': 36, 'best_score': 0.7880731821060181}, {'epoch': 37, 'best_score': 0.7895373106002808}, {'epoch': 38, 'best_score': 0.7895373106002808}, {'epoch': 39, 'best_score': 0.7895373106002808}, {'epoch': 40, 'best_score': 0.7849792838096619}, {'epoch': 41, 'best_score': 0.7874295711517334}, {'epoch': 42, 'best_score': 0.7894905209541321}, {'epoch': 43, 'best_score': 0.7933461666107178}, {'epoch': 44, 'best_score': 0.7933461666107178}, {'epoch': 45, 'best_score': 0.790276288986206}, {'epoch': 46, 'best_score': 0.790276288986206}, {'epoch': 47, 'best_score': 0.790276288986206}, {'epoch': 48, 'best_score': 0.790276288986206}, {'epoch': 49, 'best_score': 0.7880369424819946}]",nonliving26,1,CDANN,features,256.0,0.8176922798156738,0.8176922798156738,0.5332028269767761,0.5352197289466858,splits_nonliving26_CDANN_1_0_b09dc755c62e.npz,b09dc755c62e,False,False,,,,,,,0.8053697037266143,logits_vs_features,features,IW overlap critic | W=5 | seed=0 (plug-in),True,
iw_overlap_critic,5.0,0.0,2600.0,104.0,650.0,28.0,0.8138461538461539,0.0,1.0,54.598148345947266,0.5,0.5,0.4942307770252228,0.2516893148422241,,,,,0.18415928333478168,0.0,650.0,0.0,28.0,0.0,ok,plugin,False,,642.9913014628156,649.5601622048828,1.080287744833805,0.9902858607274048,1.029761176121253,,0.0,0.18415928333478168,0.8158407166652183,0.8158407166652183,False,,,,,,,nonliving26,2,CDANN,features,256.0,0.8165384531021118,0.8165384531021118,0.7692307829856873,0.7500000596046448,splits_nonliving26_CDANN_2_0_b09dc755c62e.npz,b09dc755c62e,False,False,,,,,,,0.8158407166652183,logits_vs_features,features,IW overlap critic | W=5 | seed=0 (plug-in),True,
iw_overlap_critic,5.0,0.0,2600.0,104.0,650.0,28.0,0.8123076923076923,0.0,1.0,54.598148345947266,0.5,0.5,0.550000011920929,0.25091516971588135,,,,,0.18447659989760018,0.0,650.0,0.0,28.0,0.0,ok,plugin,False,,640.4589888826333,649.4654857898887,1.0878023218238284,0.9873696835896658,1.0266878673622692,,0.0,0.18447659989760018,0.8155234001023999,0.8155234001023999,False,,,,,,,nonliving26,3,CDANN,features,256.0,0.822692334651947,0.822692334651947,0.4038461744785309,0.3214285969734192,splits_nonliving26_CDANN_3_0_b09dc755c62e.npz,b09dc755c62e,False,False,,,,,,,0.8155234001023999,logits_vs_features,features,IW overlap critic | W=5 | seed=0 (plug-in),True,
iw_overlap_critic,5.0,0.0,11745.0,35070.0,2938.0,8768.0,0.6388699795779442,0.0,1.0,2.791534662246704,0.5,0.5,0.568637490272522,0.24194462597370148,3522.0,7.0,1760.0,0.0,0.3641547909543296,0.0009124087591240876,2933.0,5.0,8760.0,8.0,unsupported_critic_region,plugin,False,,3032.2268507802473,2542.5400773495853,4.258530650881239,0.9713702007769277,1.7688309516924112,,,,,,,,,,,,,fmow,1,DANN,features,1024.0,0.6519370079040527,0.6519370079040527,0.6103222370147705,0.6077782511711121,splits_fmow_DANN_1_0_b09dc755c62e.npz,b09dc755c62e,,,,,,,,,,logits_vs_features,features,IW overlap critic | W=5 | seed=0 (plug-in),False,
iw_overlap_critic,5.0,0.0,11745.0,39088.0,2938.0,9774.0,0.6344452008168822,0.0,1.0,2.340001106262207,0.5,0.5,0.5912741422653198,0.2374826967716217,3520.0,21.0,1760.0,8.0,0.37563618857964887,0.0007161857990587272,2931.0,7.0,9767.0,7.0,ok,plugin,False,,3004.185279541466,2367.001219279915,4.783916762396002,0.9265962895949081,1.9739785090023245,0.5714285714285714,0.00040924902803355837,0.37604543760768244,0.6239545623923175,0.6239545623923175,False,26.0,3.0,0.4514006972312927,0.2985993027687073,0.75,"[{'epoch': 0, 'best_score': 0.08238637447357178}, {'epoch': 1, 'best_score': 0.136566162109375}, {'epoch': 2, 'best_score': 0.171686589717865}, {'epoch': 3, 'best_score': 0.23639458417892456}, {'epoch': 4, 'best_score': 0.21451479196548462}, {'epoch': 5, 'best_score': 0.30143678188323975}, {'epoch': 6, 'best_score': 0.35527336597442627}, {'epoch': 7, 'best_score': 0.38582244515419006}, {'epoch': 8, 'best_score': 0.30874520540237427}, {'epoch': 9, 'best_score': 0.31797075271606445}, {'epoch': 10, 'best_score': 0.3272051513195038}, {'epoch': 11, 'best_score': 0.33706507086753845}, {'epoch': 12, 'best_score': 0.3561685085296631}, {'epoch': 13, 'best_score': 0.35801252722740173}, {'epoch': 14, 'best_score': 0.3740547299385071}, {'epoch': 15, 'best_score': 0.3876446783542633}, {'epoch': 16, 'best_score': 0.389094740152359}, {'epoch': 17, 'best_score': 0.4046808183193207}, {'epoch': 18, 'best_score': 0.4134407639503479}, {'epoch': 19, 'best_score': 0.4183546006679535}, {'epoch': 20, 'best_score': 0.42547130584716797}, {'epoch': 21, 'best_score': 0.43019023537635803}, {'epoch': 22, 'best_score': 0.4369993507862091}, {'epoch': 23, 'best_score': 0.4389009475708008}, {'epoch': 24, 'best_score': 0.4438406825065613}, {'epoch': 25, 'best_score': 0.44911500811576843}, {'epoch': 26, 'best_score': 0.4514006972312927}, {'epoch': 27, 'best_score': 0.33471253514289856}, {'epoch': 28, 'best_score': 0.34059765934944153}, {'epoch': 29, 'best_score': 0.34452521800994873}, {'epoch': 30, 'best_score': 0.3432163596153259}, {'epoch': 31, 'best_score': 0.34667569398880005}, {'epoch': 32, 'best_score': 0.3515166640281677}, {'epoch': 33, 'best_score': 0.3511454463005066}, {'epoch': 34, 'best_score': 0.34910786151885986}, {'epoch': 35, 'best_score': 0.3505285084247589}, {'epoch': 36, 'best_score': 0.355085551738739}, {'epoch': 37, 'best_score': 0.3526478409767151}, {'epoch': 38, 'best_score': 0.3527020514011383}, {'epoch': 39, 'best_score': 0.3526294529438019}, {'epoch': 40, 'best_score': 0.34847432374954224}, {'epoch': 41, 'best_score': 0.3511289954185486}, {'epoch': 42, 'best_score': 0.22451859712600708}, {'epoch': 43, 'best_score': 0.2277185022830963}, {'epoch': 44, 'best_score': 0.2276885211467743}, {'epoch': 45, 'best_score': 0.2280019223690033}, {'epoch': 46, 'best_score': 0.23011991381645203}, {'epoch': 47, 'best_score': 0.23141732811927795}, {'epoch': 48, 'best_score': 0.23144790530204773}, {'epoch': 49, 'best_score': 0.23438608646392822}]",fmow,2,DANN,features,1024.0,0.6504895687103271,0.6504895687103271,0.5482756495475769,0.5545324683189392,splits_fmow_DANN_2_0_b09dc755c62e.npz,b09dc755c62e,False,False,,,,,,,0.6239545623923175,logits_vs_features,features,IW overlap critic | W=5 | seed=0 (plug-in),True,
iw_overlap_critic,5.0,0.0,11745.0,35070.0,2938.0,8768.0,0.6466984343090538,0.0,1.0,1.671094298362732,0.5,0.5,0.5595880150794983,0.24499325454235077,,,,,0.3409687024864391,0.0,2938.0,0.0,8768.0,0.0,ok,plugin,False,,2919.903126621071,2710.4070278758336,2.4847773172606606,0.9688471254684987,1.4996726586256592,,0.0,0.3409687024864391,0.6590312975135608,0.6590312975135608,False,,,,,,,fmow,1,CDANN,features,256.0,0.6558535695075989,0.6558535695075989,0.605617344379425,0.6010492444038391,splits_fmow_CDANN_1_0_b09dc755c62e.npz,b09dc755c62e,False,False,,,,,,,0.6590312975135608,logits_vs_features,features,IW overlap critic | W=5 | seed=0 (plug-in),True,
iw_overlap_critic,5.0,0.0,11745.0,39088.0,2938.0,9774.0,0.6446562287270252,0.0,1.0,1.1306838989257812,0.5,0.5,0.587967038154602,0.23830637335777283,,,,,0.3514128670092961,0.0,2938.0,0.0,9774.0,0.0,ok,plugin,False,,2961.4461611689308,2385.4842675660307,3.9253427054235233,0.9103228273158042,1.9022962452940382,,0.0,0.3514128670092961,0.6485871329907039,0.6485871329907039,False,,,,,,,fmow,2,CDANN,features,256.0,0.6548318862915039,0.6548318862915039,0.5420845150947571,0.5445058345794678,splits_fmow_CDANN_2_0_b09dc755c62e.npz,b09dc755c62e,False,False,,,,,,,0.6485871329907039,logits_vs_features,features,IW overlap critic | W=5 | seed=0 (plug-in),True,
iw_overlap_critic,5.0,0.0,731.0,898.0,184.0,227.0,0.9239130434782609,0.0,1.0,17.045732498168945,0.5,0.5,0.6028167009353638,0.2415096014738083,,,,,0.0741366718739551,0.0,184.0,0.0,227.0,0.0,ok,plugin,False,,190.6535905243716,157.41046768177856,2.5058436195226554,0.9308691307888041,1.9244066860272393,,0.0,0.0741366718739551,0.9258633281260449,0.9258633281260449,False,,,,,,,officehome,1,DANN,features,2048.0,0.922024667263031,0.922024667263031,0.7193763852119446,0.7268722057342529,splits_officehome_DANN_1_0_b09dc755c62e.npz,b09dc755c62e,False,False,,,,,,,0.9258633281260449,logits_vs_features,features,IW overlap critic | W=5 | seed=0 (plug-in),True,
iw_overlap_critic,5.0,0.0,731.0,893.0,184.0,226.0,0.9021739130434783,0.0,1.0,10.123028755187988,0.5,0.5,0.6720024347305298,0.22076907753944397,219.0,4.0,109.0,3.0,0.09264463480172389,0.017699115044247787,184.0,0.0,222.0,4.0,ok,plugin,False,,164.39302167284816,148.89067015719772,2.343000157423209,0.8276266980689952,1.7496167102662417,1.0,0.017699115044247787,0.11034374984597167,0.8896562501540284,0.8896562501540284,False,3.0,0.0,0.492961049079895,0.507038950920105,1.0,"[{'epoch': 0, 'best_score': 0.12299472093582153}, {'epoch': 1, 'best_score': 0.16261667013168335}, {'epoch': 2, 'best_score': 0.39056533575057983}, {'epoch': 3, 'best_score': 0.492961049079895}, {'epoch': 4, 'best_score': 0.3065200448036194}, {'epoch': 5, 'best_score': 0.3313717246055603}, {'epoch': 6, 'best_score': 0.3194814920425415}, {'epoch': 7, 'best_score': 0.2967742681503296}, {'epoch': 8, 'best_score': 0.3254946768283844}, {'epoch': 9, 'best_score': 0.3243347108364105}, {'epoch': 10, 'best_score': 0.31702977418899536}, {'epoch': 11, 'best_score': 0.31860458850860596}, {'epoch': 12, 'best_score': 0.3285509943962097}, {'epoch': 13, 'best_score': 0.3453189432621002}, {'epoch': 14, 'best_score': 0.34679004549980164}, {'epoch': 15, 'best_score': 0.36008432507514954}, {'epoch': 16, 'best_score': 0.38260337710380554}, {'epoch': 17, 'best_score': 0.37659069895744324}, {'epoch': 18, 'best_score': 0.37659069895744324}, {'epoch': 19, 'best_score': 0.3677806854248047}, {'epoch': 20, 'best_score': 0.37462255358695984}, {'epoch': 21, 'best_score': 0.37462255358695984}, {'epoch': 22, 'best_score': 0.37833938002586365}, {'epoch': 23, 'best_score': 0.38732364773750305}, {'epoch': 24, 'best_score': 0.3694433271884918}, {'epoch': 25, 'best_score': 0.3694433271884918}, {'epoch': 26, 'best_score': 0.3694433271884918}, {'epoch': 27, 'best_score': 0.3694433271884918}, {'epoch': 28, 'best_score': 0.36023038625717163}, {'epoch': 29, 'best_score': 0.3551630675792694}, {'epoch': 30, 'best_score': 0.3551630675792694}, {'epoch': 31, 'best_score': 0.3551630675792694}, {'epoch': 32, 'best_score': 0.354295939207077}, {'epoch': 33, 'best_score': 0.357891708612442}, {'epoch': 34, 'best_score': 0.357891708612442}, {'epoch': 35, 'best_score': 0.357891708612442}, {'epoch': 36, 'best_score': 0.357891708612442}, {'epoch': 37, 'best_score': 0.357891708612442}, {'epoch': 38, 'best_score': 0.36503908038139343}, {'epoch': 39, 'best_score': 0.36503908038139343}, {'epoch': 40, 'best_score': 0.36503908038139343}, {'epoch': 41, 'best_score': 0.36503908038139343}, {'epoch': 42, 'best_score': 0.36503908038139343}, {'epoch': 43, 'best_score': 0.36503908038139343}, {'epoch': 44, 'best_score': 0.36503908038139343}, {'epoch': 45, 'best_score': 0.3590368330478668}, {'epoch': 46, 'best_score': 0.3590368330478668}, {'epoch': 47, 'best_score': 0.36312875151634216}, {'epoch': 48, 'best_score': 0.36312875151634216}, {'epoch': 49, 'best_score': 0.36557385325431824}]",officehome,2,DANN,features,2048.0,0.915184736251831,0.915184736251831,0.44904816150665283,0.45132744312286377,splits_officehome_DANN_2_0_b09dc755c62e.npz,b09dc755c62e,False,False,,,,,,,0.8896562501540284,logits_vs_features,features,IW overlap critic | W=5 | seed=0 (plug-in),True,
iw_overlap_critic,5.0,0.0,731.0,507.0,184.0,128.0,0.9130434782608696,0.0,1.0,7.270840167999268,0.5,0.5,0.6804109811782837,0.20840655267238617,209.0,18.0,105.0,9.0,0.14399293662543772,0.15625,178.0,6.0,108.0,20.0,ok,plugin,False,,168.15529028629743,91.8774082624589,4.9087817469168655,0.6126143165973414,2.9603788110103135,0.6,0.09375,0.23774293662543772,0.7622570633745622,0.7622570633745622,False,8.0,26.0,0.5114719867706299,0.3774169087409973,0.8888888955116272,"[{'epoch': 0, 'best_score': 0.07322555780410767}, {'epoch': 1, 'best_score': 0.23288226127624512}, {'epoch': 2, 'best_score': 0.4151434898376465}, {'epoch': 3, 'best_score': 0.4899190664291382}, {'epoch': 4, 'best_score': 0.5103820562362671}, {'epoch': 5, 'best_score': 0.5034117698669434}, {'epoch': 6, 'best_score': 0.48690229654312134}, {'epoch': 7, 'best_score': 0.5071039199829102}, {'epoch': 8, 'best_score': 0.5114719867706299}, {'epoch': 9, 'best_score': 0.44515255093574524}, {'epoch': 10, 'best_score': 0.46141675114631653}, {'epoch': 11, 'best_score': 0.43668946623802185}, {'epoch': 12, 'best_score': 0.44450706243515015}, {'epoch': 13, 'best_score': 0.4349029064178467}, {'epoch': 14, 'best_score': 0.44562777876853943}, {'epoch': 15, 'best_score': 0.43440285325050354}, {'epoch': 16, 'best_score': 0.43440285325050354}, {'epoch': 17, 'best_score': 0.4590761065483093}, {'epoch': 18, 'best_score': 0.46753808856010437}, {'epoch': 19, 'best_score': 0.46753808856010437}, {'epoch': 20, 'best_score': 0.4632306396961212}, {'epoch': 21, 'best_score': 0.4632306396961212}, {'epoch': 22, 'best_score': 0.44120079278945923}, {'epoch': 23, 'best_score': 0.44120079278945923}, {'epoch': 24, 'best_score': 0.4415089786052704}, {'epoch': 25, 'best_score': 0.440347820520401}, {'epoch': 26, 'best_score': 0.44709253311157227}, {'epoch': 27, 'best_score': 0.4555083215236664}, {'epoch': 28, 'best_score': 0.4566628634929657}, {'epoch': 29, 'best_score': 0.4566628634929657}, {'epoch': 30, 'best_score': 0.4677231013774872}, {'epoch': 31, 'best_score': 0.4660518169403076}, {'epoch': 32, 'best_score': 0.46683114767074585}, {'epoch': 33, 'best_score': 0.46683114767074585}, {'epoch': 34, 'best_score': 0.4805413782596588}, {'epoch': 35, 'best_score': 0.47377631068229675}, {'epoch': 36, 'best_score': 0.47377631068229675}, {'epoch': 37, 'best_score': 0.4858526289463043}, {'epoch': 38, 'best_score': 0.48046407103538513}, {'epoch': 39, 'best_score': 0.48046407103538513}, {'epoch': 40, 'best_score': 0.48046407103538513}, {'epoch': 41, 'best_score': 0.48046407103538513}, {'epoch': 42, 'best_score': 0.4845642149448395}, {'epoch': 43, 'best_score': 0.4845642149448395}, {'epoch': 44, 'best_score': 0.4845642149448395}, {'epoch': 45, 'best_score': 0.4845642149448395}, {'epoch': 46, 'best_score': 0.4845642149448395}, {'epoch': 47, 'best_score': 0.4845642149448395}, {'epoch': 48, 'best_score': 0.4845642149448395}, {'epoch': 49, 'best_score': 0.4724878966808319}]",officehome,3,DANN,features,2048.0,0.9056087732315063,0.9056087732315063,0.5364891290664673,0.5625,splits_officehome_DANN_3_0_b09dc755c62e.npz,b09dc755c62e,False,False,,,,,,,0.7622570633745622,logits_vs_features,features,IW overlap critic | W=5 | seed=0 (plug-in),True,
iw_overlap_critic,5.0,0.0,731.0,898.0,184.0,227.0,0.9130434782608696,0.0,1.0,4.174980640411377,0.5,0.5,0.5896567702293396,0.23984535038471222,219.0,1.0,109.0,0.0,0.08126445021930495,0.004405286343612335,184.0,0.0,226.0,1.0,unsupported_critic_region,plugin,False,,183.75484797966539,146.63133691676035,4.146882728455314,0.8779690734570711,1.901813522534541,,,,,,,,,,,,,officehome,1,CDANN,features,256.0,0.9138167500495911,0.9138167500495911,0.730512261390686,0.7488986253738403,splits_officehome_CDANN_1_0_b09dc755c62e.npz,b09dc755c62e,,,,,,,,,,logits_vs_features,features,IW overlap critic | W=5 | seed=0 (plug-in),False,
iw_overlap_critic,5.0,0.0,731.0,893.0,184.0,226.0,0.8913043478260869,0.0,1.0,1.3385977745056152,0.5,0.5,0.8166846036911011,0.13948789238929749,209.0,116.0,105.0,61.0,0.08742781492087345,0.4469026548672566,174.0,10.0,125.0,101.0,ok,plugin,False,,98.35766291939481,61.03784260346389,4.818900223321069,0.28024952141668025,2.3772098617845034,0.7128712871287128,0.3185840707964601,0.4060118857173336,0.5939881142826664,0.5939881142826664,False,3.0,27.0,0.3589635491371155,0.5590692162513733,0.9180327653884888,"[{'epoch': 0, 'best_score': 0.10298538208007812}, {'epoch': 1, 'best_score': 0.22356295585632324}, {'epoch': 2, 'best_score': 0.35399627685546875}, {'epoch': 3, 'best_score': 0.3589635491371155}, {'epoch': 4, 'best_score': 0.3458298444747925}, {'epoch': 5, 'best_score': 0.32182949781417847}, {'epoch': 6, 'best_score': 0.3090704679489136}, {'epoch': 7, 'best_score': 0.30249178409576416}, {'epoch': 8, 'best_score': 0.3085203766822815}, {'epoch': 9, 'best_score': 0.2869510054588318}, {'epoch': 10, 'best_score': 0.29342031478881836}, {'epoch': 11, 'best_score': 0.2700759172439575}, {'epoch': 12, 'best_score': 0.278298020362854}, {'epoch': 13, 'best_score': 0.25969094038009644}, {'epoch': 14, 'best_score': 0.25872766971588135}, {'epoch': 15, 'best_score': 0.25872766971588135}, {'epoch': 16, 'best_score': 0.25837039947509766}, {'epoch': 17, 'best_score': 0.25815117359161377}, {'epoch': 18, 'best_score': 0.27385056018829346}, {'epoch': 19, 'best_score': 0.2960914373397827}, {'epoch': 20, 'best_score': 0.28264349699020386}, {'epoch': 21, 'best_score': 0.306035578250885}, {'epoch': 22, 'best_score': 0.30536431074142456}, {'epoch': 23, 'best_score': 0.28257519006729126}, {'epoch': 24, 'best_score': 0.30265820026397705}, {'epoch': 25, 'best_score': 0.27244728803634644}, {'epoch': 26, 'best_score': 0.3026689887046814}, {'epoch': 27, 'best_score': 0.295065701007843}, {'epoch': 28, 'best_score': 0.2961888313293457}, {'epoch': 29, 'best_score': 0.3387286961078644}, {'epoch': 30, 'best_score': 0.35606470704078674}, {'epoch': 31, 'best_score': 0.3430778980255127}, {'epoch': 32, 'best_score': 0.34040963649749756}, {'epoch': 33, 'best_score': 0.32423651218414307}, {'epoch': 34, 'best_score': 0.3476303815841675}, {'epoch': 35, 'best_score': 0.3476303815841675}, {'epoch': 36, 'best_score': 0.3476303815841675}, {'epoch': 37, 'best_score': 0.3476303815841675}, {'epoch': 38, 'best_score': 0.3476303815841675}, {'epoch': 39, 'best_score': 0.3491035997867584}, {'epoch': 40, 'best_score': 0.35224783420562744}, {'epoch': 41, 'best_score': 0.3343811333179474}, {'epoch': 42, 'best_score': 0.332428902387619}, {'epoch': 43, 'best_score': 0.33947545289993286}, {'epoch': 44, 'best_score': 0.33947545289993286}, {'epoch': 45, 'best_score': 0.33551427721977234}, {'epoch': 46, 'best_score': 0.33551427721977234}, {'epoch': 47, 'best_score': 0.33551427721977234}, {'epoch': 48, 'best_score': 0.33551427721977234}, {'epoch': 49, 'best_score': 0.33551427721977234}]",officehome,2,CDANN,features,256.0,0.9015048146247864,0.9015048146247864,0.4501679837703705,0.45132744312286377,splits_officehome_CDANN_2_0_b09dc755c62e.npz,b09dc755c62e,False,False,,,,,,,0.5939881142826664,logits_vs_features,features,IW overlap critic | W=5 | seed=0 (plug-in),True,
iw_overlap_critic,5.0,0.0,731.0,507.0,184.0,128.0,0.9130434782608696,0.0,1.0,1.6117706298828125,0.5,0.5,0.7504109144210815,0.15400457382202148,206.0,63.0,103.0,26.0,0.07843089616087191,0.4296875,175.0,9.0,73.0,55.0,ok,plugin,False,,119.91609851559917,58.348326610480974,4.8804111320291685,0.294828022644536,3.2695246230645516,0.8727272727272727,0.375,0.4534308961608719,0.546569103839128,0.546569103839128,False,22.0,8.0,0.34156569838523865,0.46612659096717834,0.807692289352417,"[{'epoch': 0, 'best_score': 0.10591167211532593}, {'epoch': 1, 'best_score': 0.10929393768310547}, {'epoch': 2, 'best_score': 0.16193026304244995}, {'epoch': 3, 'best_score': 0.1718248724937439}, {'epoch': 4, 'best_score': 0.16284209489822388}, {'epoch': 5, 'best_score': 0.16689938306808472}, {'epoch': 6, 'best_score': 0.15229415893554688}, {'epoch': 7, 'best_score': 0.1632508635520935}, {'epoch': 8, 'best_score': 0.20116835832595825}, {'epoch': 9, 'best_score': 0.17885231971740723}, {'epoch': 10, 'best_score': 0.1805470585823059}, {'epoch': 11, 'best_score': 0.21976685523986816}, {'epoch': 12, 'best_score': 0.2093995213508606}, {'epoch': 13, 'best_score': 0.2186117172241211}, {'epoch': 14, 'best_score': 0.24554824829101562}, {'epoch': 15, 'best_score': 0.23528063297271729}, {'epoch': 16, 'best_score': 0.24203836917877197}, {'epoch': 17, 'best_score': 0.26861101388931274}, {'epoch': 18, 'best_score': 0.2855280935764313}, {'epoch': 19, 'best_score': 0.3378685414791107}, {'epoch': 20, 'best_score': 0.3378685414791107}, {'epoch': 21, 'best_score': 0.3378685414791107}, {'epoch': 22, 'best_score': 0.34156569838523865}, {'epoch': 23, 'best_score': 0.3375963866710663}, {'epoch': 24, 'best_score': 0.2958303689956665}, {'epoch': 25, 'best_score': 0.2958303689956665}, {'epoch': 26, 'best_score': 0.2958303689956665}, {'epoch': 27, 'best_score': 0.2958303689956665}, {'epoch': 28, 'best_score': 0.2934952974319458}, {'epoch': 29, 'best_score': 0.2934952974319458}, {'epoch': 30, 'best_score': 0.2898961007595062}, {'epoch': 31, 'best_score': 0.2898961007595062}, {'epoch': 32, 'best_score': 0.2875610589981079}, {'epoch': 33, 'best_score': 0.29089316725730896}, {'epoch': 34, 'best_score': 0.29089316725730896}, {'epoch': 35, 'best_score': 0.29089316725730896}, {'epoch': 36, 'best_score': 0.30441075563430786}, {'epoch': 37, 'best_score': 0.30441075563430786}, {'epoch': 38, 'best_score': 0.30565035343170166}, {'epoch': 39, 'best_score': 0.30565035343170166}, {'epoch': 40, 'best_score': 0.27225616574287415}, {'epoch': 41, 'best_score': 0.2774403989315033}, {'epoch': 42, 'best_score': 0.31590190529823303}, {'epoch': 43, 'best_score': 0.2774403989315033}, {'epoch': 44, 'best_score': 0.2774403989315033}, {'epoch': 45, 'best_score': 0.2788970172405243}, {'epoch': 46, 'best_score': 0.2772781252861023}, {'epoch': 47, 'best_score': 0.2642901539802551}, {'epoch': 48, 'best_score': 0.25228598713874817}, {'epoch': 49, 'best_score': 0.25228598713874817}]",officehome,3,CDANN,features,256.0,0.9138167500495911,0.9138167500495911,0.5364891290664673,0.5546875,splits_officehome_CDANN_3_0_b09dc755c62e.npz,b09dc755c62e,False,True,,,,,,,0.546569103839128,logits_vs_features,features,IW overlap critic | W=5 | seed=0 (plug-in),True,
iw_overlap_critic,5.0,0.0,24387.0,11083.0,6098.0,2773.0,0.9996720236142997,0.0,1.0,0.5297351479530334,0.5,0.5,0.9770699739456177,0.01675456203520298,7225.0,3185.0,3611.0,1577.0,0.0001120538200569195,0.9567255679769203,6017.0,81.0,120.0,2653.0,ok,plugin,False,,483.9835158906886,273.93667225124267,4.972145402637391,0.0013502044611624024,0.32658206028177034,0.7436863927629099,0.7115037865128021,0.7116158403328591,0.2883841596671409,0.2883841596671409,False,48.0,18.0,0.5561620593070984,0.2035081833600998,0.7596702575683594,"[{'epoch': 0, 'best_score': 0.09029674530029297}, {'epoch': 1, 'best_score': 0.16095808148384094}, {'epoch': 2, 'best_score': 0.2203167974948883}, {'epoch': 3, 'best_score': 0.19990944862365723}, {'epoch': 4, 'best_score': 0.21135267615318298}, {'epoch': 5, 'best_score': 0.28881922364234924}, {'epoch': 6, 'best_score': 0.2775186002254486}, {'epoch': 7, 'best_score': 0.2967084050178528}, {'epoch': 8, 'best_score': 0.31257498264312744}, {'epoch': 9, 'best_score': 0.3435986638069153}, {'epoch': 10, 'best_score': 0.3593060076236725}, {'epoch': 11, 'best_score': 0.33780455589294434}, {'epoch': 12, 'best_score': 0.34967783093452454}, {'epoch': 13, 'best_score': 0.3793787956237793}, {'epoch': 14, 'best_score': 0.39635032415390015}, {'epoch': 15, 'best_score': 0.4024471640586853}, {'epoch': 16, 'best_score': 0.4014554023742676}, {'epoch': 17, 'best_score': 0.42053210735321045}, {'epoch': 18, 'best_score': 0.39525705575942993}, {'epoch': 19, 'best_score': 0.4057018756866455}, {'epoch': 20, 'best_score': 0.4389883875846863}, {'epoch': 21, 'best_score': 0.42043060064315796}, {'epoch': 22, 'best_score': 0.43681031465530396}, {'epoch': 23, 'best_score': 0.4483931064605713}, {'epoch': 24, 'best_score': 0.44951343536376953}, {'epoch': 25, 'best_score': 0.45001792907714844}, {'epoch': 26, 'best_score': 0.46479344367980957}, {'epoch': 27, 'best_score': 0.45216262340545654}, {'epoch': 28, 'best_score': 0.4734470844268799}, {'epoch': 29, 'best_score': 0.5030542016029358}, {'epoch': 30, 'best_score': 0.5185608863830566}, {'epoch': 31, 'best_score': 0.49795836210250854}, {'epoch': 32, 'best_score': 0.5165908932685852}, {'epoch': 33, 'best_score': 0.5035898089408875}, {'epoch': 34, 'best_score': 0.5054002404212952}, {'epoch': 35, 'best_score': 0.5216482877731323}, {'epoch': 36, 'best_score': 0.5183068513870239}, {'epoch': 37, 'best_score': 0.5194694995880127}, {'epoch': 38, 'best_score': 0.5163805484771729}, {'epoch': 39, 'best_score': 0.5246808528900146}, {'epoch': 40, 'best_score': 0.5343958139419556}, {'epoch': 41, 'best_score': 0.5427271127700806}, {'epoch': 42, 'best_score': 0.5399284362792969}, {'epoch': 43, 'best_score': 0.5442737936973572}, {'epoch': 44, 'best_score': 0.5512508153915405}, {'epoch': 45, 'best_score': 0.5560553669929504}, {'epoch': 46, 'best_score': 0.5504970550537109}, {'epoch': 47, 'best_score': 0.5409621000289917}, {'epoch': 48, 'best_score': 0.5561620593070984}, {'epoch': 49, 'best_score': 0.5544601678848267}]",visda,1,DANN,features,2048.0,0.9995489120483398,0.9995489120483398,0.6463051438331604,0.6473133563995361,splits_visda_DANN_1_0_b09dc755c62e.npz,b09dc755c62e,True,True,,,,,,,0.2883841596671409,logits_vs_features,features,IW overlap critic | W=5 | seed=0 (plug-in),True,
iw_overlap_critic,5.0,0.0,24387.0,14480.0,6098.0,3620.0,0.9998360118071499,0.0,1.0,0.5817998051643372,0.5,0.5,0.9707415103912354,0.02427310310304165,7248.0,3990.0,3603.0,1986.0,4.115527600444773e-05,0.9074585635359116,6018.0,80.0,335.0,3285.0,ok,plugin,False,,487.86187544633185,308.22779409641436,4.972314923770758,0.002458775858698224,0.33664347116758475,0.7576864535768645,0.6875690607734806,0.687610216049485,0.312389783950515,0.312389783950515,False,48.0,6.0,0.5921088457107544,0.16418522596359253,0.7562940716743469,"[{'epoch': 0, 'best_score': 0.1664378046989441}, {'epoch': 1, 'best_score': 0.23042133450508118}, {'epoch': 2, 'best_score': 0.1879768669605255}, {'epoch': 3, 'best_score': 0.2067507803440094}, {'epoch': 4, 'best_score': 0.27076274156570435}, {'epoch': 5, 'best_score': 0.28739917278289795}, {'epoch': 6, 'best_score': 0.3069095313549042}, {'epoch': 7, 'best_score': 0.33776113390922546}, {'epoch': 8, 'best_score': 0.335348904132843}, {'epoch': 9, 'best_score': 0.3465745449066162}, {'epoch': 10, 'best_score': 0.3518005609512329}, {'epoch': 11, 'best_score': 0.38392531871795654}, {'epoch': 12, 'best_score': 0.41898369789123535}, {'epoch': 13, 'best_score': 0.4253090023994446}, {'epoch': 14, 'best_score': 0.4309275448322296}, {'epoch': 15, 'best_score': 0.4451404809951782}, {'epoch': 16, 'best_score': 0.4104386568069458}, {'epoch': 17, 'best_score': 0.43092676997184753}, {'epoch': 18, 'best_score': 0.44308602809906006}, {'epoch': 19, 'best_score': 0.44340696930885315}, {'epoch': 20, 'best_score': 0.5001739263534546}, {'epoch': 21, 'best_score': 0.47750914096832275}, {'epoch': 22, 'best_score': 0.4671202600002289}, {'epoch': 23, 'best_score': 0.5044743418693542}, {'epoch': 24, 'best_score': 0.4925401210784912}, {'epoch': 25, 'best_score': 0.5019516348838806}, {'epoch': 26, 'best_score': 0.4952443540096283}, {'epoch': 27, 'best_score': 0.4900249242782593}, {'epoch': 28, 'best_score': 0.5045809745788574}, {'epoch': 29, 'best_score': 0.5125958919525146}, {'epoch': 30, 'best_score': 0.5310794711112976}, {'epoch': 31, 'best_score': 0.5374155044555664}, {'epoch': 32, 'best_score': 0.543355405330658}, {'epoch': 33, 'best_score': 0.5200768709182739}, {'epoch': 34, 'best_score': 0.5296882390975952}, {'epoch': 35, 'best_score': 0.544946014881134}, {'epoch': 36, 'best_score': 0.5560283660888672}, {'epoch': 37, 'best_score': 0.5520690083503723}, {'epoch': 38, 'best_score': 0.5644844770431519}, {'epoch': 39, 'best_score': 0.5732160806655884}, {'epoch': 40, 'best_score': 0.5760607123374939}, {'epoch': 41, 'best_score': 0.5706936717033386}, {'epoch': 42, 'best_score': 0.568170428276062}, {'epoch': 43, 'best_score': 0.571102499961853}, {'epoch': 44, 'best_score': 0.5842031240463257}, {'epoch': 45, 'best_score': 0.5844192504882812}, {'epoch': 46, 'best_score': 0.582711935043335}, {'epoch': 47, 'best_score': 0.5849814414978027}, {'epoch': 48, 'best_score': 0.5921088457107544}, {'epoch': 49, 'best_score': 0.5912591814994812}]",visda,2,DANN,features,2048.0,0.9997539520263672,0.9997539520263672,0.6546961069107056,0.6544198393821716,splits_visda_DANN_2_0_b09dc755c62e.npz,b09dc755c62e,True,True,,,,,,,0.312389783950515,logits_vs_features,features,IW overlap critic | W=5 | seed=0 (plug-in),True,
iw_overlap_critic,5.0,0.0,24387.0,11083.0,6098.0,2773.0,0.9993440472285995,0.0,1.0,0.2396586388349533,0.5,0.5,0.9752237796783447,0.019157208502292633,7268.0,3160.0,3638.0,1580.0,1.0684344593876662e-06,0.9599711503786513,6061.0,37.0,111.0,2662.0,ok,plugin,False,,427.3644693310374,261.1541236862264,4.910984559659966,0.001331946536501568,0.26907903277901235,0.6018031555221638,0.577713667508114,0.5777147359425734,0.4222852640574266,0.4222852640574266,False,47.0,6.0,0.5167487859725952,0.09464361518621445,0.6113923788070679,"[{'epoch': 0, 'best_score': 0.26032304763793945}, {'epoch': 1, 'best_score': 0.33587634563446045}, {'epoch': 2, 'best_score': 0.38749516010284424}, {'epoch': 3, 'best_score': 0.40447798371315}, {'epoch': 4, 'best_score': 0.4222996234893799}, {'epoch': 5, 'best_score': 0.4443241357803345}, {'epoch': 6, 'best_score': 0.42550909519195557}, {'epoch': 7, 'best_score': 0.4327765107154846}, {'epoch': 8, 'best_score': 0.4359866976737976}, {'epoch': 9, 'best_score': 0.4335705637931824}, {'epoch': 10, 'best_score': 0.4541480541229248}, {'epoch': 11, 'best_score': 0.46973830461502075}, {'epoch': 12, 'best_score': 0.4704468250274658}, {'epoch': 13, 'best_score': 0.4345813989639282}, {'epoch': 14, 'best_score': 0.4307444393634796}, {'epoch': 15, 'best_score': 0.45086348056793213}, {'epoch': 16, 'best_score': 0.45510804653167725}, {'epoch': 17, 'best_score': 0.45367926359176636}, {'epoch': 18, 'best_score': 0.45012274384498596}, {'epoch': 19, 'best_score': 0.47497355937957764}, {'epoch': 20, 'best_score': 0.46987029910087585}, {'epoch': 21, 'best_score': 0.4584897756576538}, {'epoch': 22, 'best_score': 0.4675687551498413}, {'epoch': 23, 'best_score': 0.46696722507476807}, {'epoch': 24, 'best_score': 0.463657021522522}, {'epoch': 25, 'best_score': 0.4772002100944519}, {'epoch': 26, 'best_score': 0.48619261384010315}, {'epoch': 27, 'best_score': 0.4758276641368866}, {'epoch': 28, 'best_score': 0.4605363607406616}, {'epoch': 29, 'best_score': 0.4820703864097595}, {'epoch': 30, 'best_score': 0.48138463497161865}, {'epoch': 31, 'best_score': 0.48382145166397095}, {'epoch': 32, 'best_score': 0.4799579083919525}, {'epoch': 33, 'best_score': 0.4760870635509491}, {'epoch': 34, 'best_score': 0.4836970567703247}, {'epoch': 35, 'best_score': 0.48805058002471924}, {'epoch': 36, 'best_score': 0.4857669174671173}, {'epoch': 37, 'best_score': 0.48576459288597107}, {'epoch': 38, 'best_score': 0.4901962876319885}, {'epoch': 39, 'best_score': 0.49176207184791565}, {'epoch': 40, 'best_score': 0.4935639202594757}, {'epoch': 41, 'best_score': 0.49866074323654175}, {'epoch': 42, 'best_score': 0.49795153737068176}, {'epoch': 43, 'best_score': 0.5019339919090271}, {'epoch': 44, 'best_score': 0.4861758351325989}, {'epoch': 45, 'best_score': 0.48642969131469727}, {'epoch': 46, 'best_score': 0.4970267713069916}, {'epoch': 47, 'best_score': 0.5167487859725952}, {'epoch': 48, 'best_score': 0.5064195394515991}, {'epoch': 49, 'best_score': 0.5099363327026367}]",visda,1,CDANN,features,256.0,0.9990978837013245,0.9990978837013245,0.6784264445304871,0.6693112254142761,splits_visda_CDANN_1_0_b09dc755c62e.npz,b09dc755c62e,True,True,,,,,,,0.4222852640574266,logits_vs_features,features,IW overlap critic | W=5 | seed=0 (plug-in),True,
iw_overlap_critic,5.0,0.0,24387.0,14480.0,6098.0,3620.0,0.9995080354214496,0.0,1.0,0.20648935437202454,0.5,0.5,0.9673094749450684,0.025245439261198044,7222.0,4013.0,3615.0,2020.0,3.136688604729501e-05,0.93646408839779,6038.0,60.0,230.0,3390.0,ok,plugin,False,,526.1862044548693,311.462538152463,4.902327637109331,0.0016408099537490398,0.39480484701080404,0.7106194690265487,0.6654696132596686,0.6655009801457159,0.3344990198542841,0.3344990198542841,False,5.0,4.0,0.43876779079437256,0.26766782999038696,0.7064356207847595,"[{'epoch': 0, 'best_score': 0.23285549879074097}, {'epoch': 1, 'best_score': 0.3717266619205475}, {'epoch': 2, 'best_score': 0.3474721312522888}, {'epoch': 3, 'best_score': 0.35064202547073364}, {'epoch': 4, 'best_score': 0.35543233156204224}, {'epoch': 5, 'best_score': 0.43876779079437256}, {'epoch': 6, 'best_score': 0.40382999181747437}, {'epoch': 7, 'best_score': 0.38408324122428894}, {'epoch': 8, 'best_score': 0.38884809613227844}, {'epoch': 9, 'best_score': 0.38905906677246094}, {'epoch': 10, 'best_score': 0.3841041326522827}, {'epoch': 11, 'best_score': 0.38618361949920654}, {'epoch': 12, 'best_score': 0.37033766508102417}, {'epoch': 13, 'best_score': 0.3851407766342163}, {'epoch': 14, 'best_score': 0.39791274070739746}, {'epoch': 15, 'best_score': 0.39908915758132935}, {'epoch': 16, 'best_score': 0.4033779501914978}, {'epoch': 17, 'best_score': 0.41474825143814087}, {'epoch': 18, 'best_score': 0.4056922197341919}, {'epoch': 19, 'best_score': 0.415647953748703}, {'epoch': 20, 'best_score': 0.39997097849845886}, {'epoch': 21, 'best_score': 0.4072207808494568}, {'epoch': 22, 'best_score': 0.40933722257614136}, {'epoch': 23, 'best_score': 0.4069712162017822}, {'epoch': 24, 'best_score': 0.3891766667366028}, {'epoch': 25, 'best_score': 0.3975961208343506}, {'epoch': 26, 'best_score': 0.3992418944835663}, {'epoch': 27, 'best_score': 0.405559241771698}, {'epoch': 28, 'best_score': 0.399547278881073}, {'epoch': 29, 'best_score': 0.4032909572124481}, {'epoch': 30, 'best_score': 0.4062040448188782}, {'epoch': 31, 'best_score': 0.4130426049232483}, {'epoch': 32, 'best_score': 0.4126150906085968}, {'epoch': 33, 'best_score': 0.4218243360519409}, {'epoch': 34, 'best_score': 0.41748112440109253}, {'epoch': 35, 'best_score': 0.4117271304130554}, {'epoch': 36, 'best_score': 0.4125503599643707}, {'epoch': 37, 'best_score': 0.4070955812931061}, {'epoch': 38, 'best_score': 0.4033096432685852}, {'epoch': 39, 'best_score': 0.41034388542175293}, {'epoch': 40, 'best_score': 0.40807026624679565}, {'epoch': 41, 'best_score': 0.4101276695728302}, {'epoch': 42, 'best_score': 0.4136592149734497}, {'epoch': 43, 'best_score': 0.4176118075847626}, {'epoch': 44, 'best_score': 0.42401832342147827}, {'epoch': 45, 'best_score': 0.4160546064376831}, {'epoch': 46, 'best_score': 0.4195905327796936}, {'epoch': 47, 'best_score': 0.4242067337036133}, {'epoch': 48, 'best_score': 0.42296528816223145}, {'epoch': 49, 'best_score': 0.423454225063324}]",visda,2,CDANN,features,256.0,0.9995899200439453,0.9995899200439453,0.7107734680175781,0.7140883803367615,splits_visda_CDANN_2_0_b09dc755c62e.npz,b09dc755c62e,True,True,,,,,,,0.3344990198542841,logits_vs_features,features,IW overlap critic | W=5 | seed=0 (plug-in),True,
iw_overlap_critic,5.0,0.0,6500.0,33009.0,1625.0,8255.0,0.904,0.0,1.0,2.3880012035369873,0.5,0.5,0.6153379678726196,0.23281614482402802,1945.0,54.0,975.0,22.0,0.12047550714035747,0.005208964264082374,1619.0,6.0,8212.0,43.0,ok,plugin,False,,1752.5305116451073,1240.2167057237552,4.5039290061346575,0.9700015387276095,2.197111057972337,0.8604651162790697,0.0044821320411871585,0.12495763918154464,0.8750423608184553,0.8750423608184553,False,26.0,25.0,0.4148210883140564,0.35790616273880005,0.7727272510528564,"[{'epoch': 0, 'best_score': 0.1291155219078064}, {'epoch': 1, 'best_score': 0.14640003442764282}, {'epoch': 2, 'best_score': 0.1725730299949646}, {'epoch': 3, 'best_score': 0.2094351053237915}, {'epoch': 4, 'best_score': 0.2300553321838379}, {'epoch': 5, 'best_score': 0.2647606134414673}, {'epoch': 6, 'best_score': 0.2915893793106079}, {'epoch': 7, 'best_score': 0.28536659479141235}, {'epoch': 8, 'best_score': 0.3129836916923523}, {'epoch': 9, 'best_score': 0.33755064010620117}, {'epoch': 10, 'best_score': 0.35618212819099426}, {'epoch': 11, 'best_score': 0.3613518476486206}, {'epoch': 12, 'best_score': 0.3356872797012329}, {'epoch': 13, 'best_score': 0.3589972257614136}, {'epoch': 14, 'best_score': 0.38431957364082336}, {'epoch': 15, 'best_score': 0.3966389000415802}, {'epoch': 16, 'best_score': 0.3618200719356537}, {'epoch': 17, 'best_score': 0.3602922856807709}, {'epoch': 18, 'best_score': 0.3578987717628479}, {'epoch': 19, 'best_score': 0.36752477288246155}, {'epoch': 20, 'best_score': 0.37487849593162537}, {'epoch': 21, 'best_score': 0.3770467936992645}, {'epoch': 22, 'best_score': 0.3866978883743286}, {'epoch': 23, 'best_score': 0.39224299788475037}, {'epoch': 24, 'best_score': 0.4047008156776428}, {'epoch': 25, 'best_score': 0.40574780106544495}, {'epoch': 26, 'best_score': 0.4148210883140564}, {'epoch': 27, 'best_score': 0.37325820326805115}, {'epoch': 28, 'best_score': 0.37618139386177063}, {'epoch': 29, 'best_score': 0.3539509177207947}, {'epoch': 30, 'best_score': 0.3461667001247406}, {'epoch': 31, 'best_score': 0.3499174118041992}, {'epoch': 32, 'best_score': 0.35667550563812256}, {'epoch': 33, 'best_score': 0.3257131278514862}, {'epoch': 34, 'best_score': 0.3185153603553772}, {'epoch': 35, 'best_score': 0.29497912526130676}, {'epoch': 36, 'best_score': 0.2944694459438324}, {'epoch': 37, 'best_score': 0.3041342496871948}, {'epoch': 38, 'best_score': 0.30757632851600647}, {'epoch': 39, 'best_score': 0.31020963191986084}, {'epoch': 40, 'best_score': 0.31171563267707825}, {'epoch': 41, 'best_score': 0.3129431903362274}, {'epoch': 42, 'best_score': 0.30245745182037354}, {'epoch': 43, 'best_score': 0.30480512976646423}, {'epoch': 44, 'best_score': 0.3058590888977051}, {'epoch': 45, 'best_score': 0.3116382360458374}, {'epoch': 46, 'best_score': 0.3142728805541992}, {'epoch': 47, 'best_score': 0.31554511189460754}, {'epoch': 48, 'best_score': 0.32119590044021606}, {'epoch': 49, 'best_score': 0.3268658518791199}]",entity13,1,DANN,PCA1,512.0,0.905846118927002,0.905846118927002,0.7318307161331177,0.7345851063728333,splits_entity13_DANN_1_0_b09dc755c62e.npz,b09dc755c62e,False,False,,,,,,,0.8750423608184553,all_pca,PCA1,IW overlap critic | W=5 | seed=0 (plug-in),True,
iw_overlap_critic,5.0,0.0,6500.0,260.0,1625.0,65.0,0.9101538461538462,0.0,1.0,54.598148345947266,0.5,0.5,0.48076924681663513,0.25060704350471497,,,,,0.08841673353459269,0.0,1625.0,0.0,65.0,0.0,ok,plugin,False,,1597.9985591885884,1622.982360781034,1.1075824613391887,0.9839498329461893,1.0384674910230536,,0.0,0.08841673353459269,0.9115832664654073,0.9115832664654073,False,,,,,,,entity13,2,DANN,PCA1,512.0,0.9129230380058289,0.9129230380058289,0.8615384697914124,0.8461538553237915,splits_entity13_DANN_2_0_b09dc755c62e.npz,b09dc755c62e,False,False,,,,,,,0.9115832664654073,all_pca,PCA1,IW overlap critic | W=5 | seed=0 (plug-in),True,
iw_overlap_critic,5.0,0.0,6500.0,260.0,1625.0,65.0,0.9027692307692308,0.0,1.0,3.197103977203369,0.5,0.5,0.5746153593063354,0.23257014155387878,1947.0,0.0,975.0,1.0,0.08513225960260301,0.015384615384615385,1622.0,3.0,64.0,1.0,unsupported_critic_region,plugin,False,,1407.0876142024508,1157.3076431283623,4.385777671347407,0.7309638361771453,1.8867145187637822,,,,,,,,,,,,,entity13,3,DANN,PCA1,512.0,0.907076895236969,0.907076895236969,0.6653845906257629,0.5538461804389954,splits_entity13_DANN_3_0_b09dc755c62e.npz,b09dc755c62e,,,,,,,,,,all_pca,PCA1,IW overlap critic | W=5 | seed=0 (plug-in),False,
iw_overlap_critic,5.0,0.0,6500.0,33009.0,1625.0,8255.0,0.9132307692307693,0.0,1.0,1.320251703262329,0.5,0.5,0.636783242225647,0.22170567512512207,1937.0,354.0,969.0,172.0,0.1003632470426381,0.03270745003028468,1610.0,15.0,7985.0,270.0,ok,plugin,False,,1763.5064022682502,1040.346783511884,4.992095707407192,0.8897232362399308,2.75116049271658,0.8185185185185185,0.026771653543307086,0.12713490058594518,0.8728650994140548,0.8728650994140548,False,23.0,19.0,0.34092557430267334,0.5137255787849426,0.854651153087616,"[{'epoch': 0, 'best_score': 0.06746566295623779}, {'epoch': 1, 'best_score': 0.09933304786682129}, {'epoch': 2, 'best_score': 0.1312538981437683}, {'epoch': 3, 'best_score': 0.15468209981918335}, {'epoch': 4, 'best_score': 0.17009037733078003}, {'epoch': 5, 'best_score': 0.20828956365585327}, {'epoch': 6, 'best_score': 0.2359110713005066}, {'epoch': 7, 'best_score': 0.24556255340576172}, {'epoch': 8, 'best_score': 0.24893468618392944}, {'epoch': 9, 'best_score': 0.2525893449783325}, {'epoch': 10, 'best_score': 0.2673377990722656}, {'epoch': 11, 'best_score': 0.27786362171173096}, {'epoch': 12, 'best_score': 0.2954082489013672}, {'epoch': 13, 'best_score': 0.294627845287323}, {'epoch': 14, 'best_score': 0.303337037563324}, {'epoch': 15, 'best_score': 0.30346035957336426}, {'epoch': 16, 'best_score': 0.30086570978164673}, {'epoch': 17, 'best_score': 0.3090773820877075}, {'epoch': 18, 'best_score': 0.30590957403182983}, {'epoch': 19, 'best_score': 0.3065134286880493}, {'epoch': 20, 'best_score': 0.3159187436103821}, {'epoch': 21, 'best_score': 0.32315266132354736}, {'epoch': 22, 'best_score': 0.3368992805480957}, {'epoch': 23, 'best_score': 0.34092557430267334}, {'epoch': 24, 'best_score': 0.3237876892089844}, {'epoch': 25, 'best_score': 0.3205485939979553}, {'epoch': 26, 'best_score': 0.32310354709625244}, {'epoch': 27, 'best_score': 0.3246346116065979}, {'epoch': 28, 'best_score': 0.31697791814804077}, {'epoch': 29, 'best_score': 0.31791335344314575}, {'epoch': 30, 'best_score': 0.316494882106781}, {'epoch': 31, 'best_score': 0.31841641664505005}, {'epoch': 32, 'best_score': 0.31371089816093445}, {'epoch': 33, 'best_score': 0.30899232625961304}, {'epoch': 34, 'best_score': 0.3088213801383972}, {'epoch': 35, 'best_score': 0.30965274572372437}, {'epoch': 36, 'best_score': 0.30990177392959595}, {'epoch': 37, 'best_score': 0.31199324131011963}, {'epoch': 38, 'best_score': 0.3135508894920349}, {'epoch': 39, 'best_score': 0.31132936477661133}, {'epoch': 40, 'best_score': 0.3128002882003784}, {'epoch': 41, 'best_score': 0.3165990710258484}, {'epoch': 42, 'best_score': 0.31810206174850464}, {'epoch': 43, 'best_score': 0.32068097591400146}, {'epoch': 44, 'best_score': 0.319201797246933}, {'epoch': 45, 'best_score': 0.3215297758579254}, {'epoch': 46, 'best_score': 0.3173326551914215}, {'epoch': 47, 'best_score': 0.3192518651485443}, {'epoch': 48, 'best_score': 0.3182893395423889}, {'epoch': 49, 'best_score': 0.31672364473342896}]",entity13,1,CDANN,PCA1,256.0,0.9096922874450684,0.9096922874450684,0.7354357838630676,0.7372501492500305,splits_entity13_CDANN_1_0_b09dc755c62e.npz,b09dc755c62e,False,False,,,,,,,0.8728650994140548,all_pca,PCA1,IW overlap critic | W=5 | seed=0 (plug-in),True,
iw_overlap_critic,5.0,0.0,6500.0,260.0,1625.0,65.0,0.9058461538461539,0.0,1.0,54.598148345947266,0.5,0.5,0.49000000953674316,0.25000298023223877,,,,,0.0928540029778465,0.0,1625.0,0.0,65.0,0.0,ok,plugin,False,,1598.7585516207032,1623.0136542652297,1.1333161012610322,0.9836135242663554,1.0404161928714841,,0.0,0.0928540029778465,0.9071459970221535,0.9071459970221535,False,,,,,,,entity13,2,CDANN,PCA1,256.0,0.9081538319587708,0.9081538319587708,0.8423076868057251,0.8769230842590332,splits_entity13_CDANN_2_0_b09dc755c62e.npz,b09dc755c62e,False,False,,,,,,,0.9071459970221535,all_pca,PCA1,IW overlap critic | W=5 | seed=0 (plug-in),True,
iw_overlap_critic,5.0,0.0,6500.0,260.0,1625.0,65.0,0.9015384615384615,0.0,1.0,6.879939556121826,0.5,0.5,0.505384624004364,0.24556267261505127,,,,,0.08771623268236008,0.0,1625.0,0.0,65.0,0.0,ok,plugin,False,,1467.529342237763,1499.1112898108252,2.4880603823983507,0.8728332296990681,1.3670558363920335,,0.0,0.08771623268236008,0.9122837673176399,0.9122837673176399,False,,,,,,,entity13,3,CDANN,PCA1,256.0,0.9061538577079773,0.9061538577079773,0.6653845906257629,0.5692307949066162,splits_entity13_CDANN_3_0_b09dc755c62e.npz,b09dc755c62e,False,False,,,,,,,0.9122837673176399,all_pca,PCA1,IW overlap critic | W=5 | seed=0 (plug-in),True,
iw_overlap_critic,5.0,0.0,6000.0,30828.0,1500.0,7709.0,0.8426666666666667,0.0,1.0,4.240884780883789,0.5,0.5,0.5427244305610657,0.24523012340068817,1800.0,0.0,900.0,0.0,0.17193027577543346,0.0002594370216629913,1500.0,0.0,7707.0,2.0,unsupported_critic_region,plugin,False,,1556.6872493199796,1393.2059354751589,2.7903384350696587,1.0038329078665051,1.5536441801550085,,,,,,,,,,,,,entity30,1,DANN,PCA1,512.0,0.8550000190734863,0.8550000190734863,0.6190800070762634,0.6236866116523743,splits_entity30_DANN_1_0_b09dc755c62e.npz,b09dc755c62e,,,,,,,,,,all_pca,PCA1,IW overlap critic | W=5 | seed=0 (plug-in),False,
iw_overlap_critic,5.0,0.0,6000.0,240.0,1500.0,60.0,0.8606666666666667,0.0,1.0,10.48198127746582,0.5,0.5,0.5741666555404663,0.24680307507514954,,,,,0.1322173805608836,0.0,1500.0,0.0,60.0,0.0,ok,plugin,False,,1398.3612775813667,1451.3427201965965,2.093171630961121,0.9152822956859478,1.2191185458566969,,0.0,0.1322173805608836,0.8677826194391164,0.8677826194391164,False,,,,,,,entity30,2,DANN,PCA1,512.0,0.8646666407585144,0.8646666407585144,0.7875000238418579,0.7500000596046448,splits_entity30_DANN_2_0_b09dc755c62e.npz,b09dc755c62e,False,False,,,,,,,0.8677826194391164,all_pca,PCA1,IW overlap critic | W=5 | seed=0 (plug-in),True,
iw_overlap_critic,5.0,0.0,6000.0,240.0,1500.0,60.0,0.8553333333333333,0.0,1.0,23.039688110351562,0.5,0.5,0.4583333730697632,0.24956375360488892,,,,,0.140588538855186,0.0,1500.0,0.0,60.0,0.0,ok,plugin,False,,1439.6874605000512,1489.6291132558272,1.259311529504732,0.9587038119285237,1.0900219396118314,,0.0,0.140588538855186,0.859411461144814,0.859411461144814,False,,,,,,,entity30,3,DANN,PCA1,512.0,0.8636666536331177,0.8636666536331177,0.5708333849906921,0.6666666865348816,splits_entity30_DANN_3_0_b09dc755c62e.npz,b09dc755c62e,False,False,,,,,,,0.859411461144814,all_pca,PCA1,IW overlap critic | W=5 | seed=0 (plug-in),True,
iw_overlap_critic,5.0,0.0,6000.0,30828.0,1500.0,7709.0,0.856,0.0,1.0,1.8137761354446411,0.5,0.5,0.5815666317939758,0.23585844039916992,1800.0,20.0,899.0,10.0,0.17045735742351664,0.0042807108574393566,1500.0,0.0,7676.0,33.0,ok,plugin,False,,1586.5297955301899,1195.480150087013,4.593962873210395,0.9541842730320926,2.027921102173889,0.7878787878787878,0.003372681281618887,0.17383003870513553,0.8261699612948645,0.8261699612948645,False,9.0,7.0,0.4682946801185608,0.5317053198814392,1.0,"[{'epoch': 0, 'best_score': 0.10506618022918701}, {'epoch': 1, 'best_score': 0.13172125816345215}, {'epoch': 2, 'best_score': 0.14914804697036743}, {'epoch': 3, 'best_score': 0.1968017816543579}, {'epoch': 4, 'best_score': 0.2513154149055481}, {'epoch': 5, 'best_score': 0.29176485538482666}, {'epoch': 6, 'best_score': 0.33909887075424194}, {'epoch': 7, 'best_score': 0.3903966546058655}, {'epoch': 8, 'best_score': 0.43734896183013916}, {'epoch': 9, 'best_score': 0.4682946801185608}, {'epoch': 10, 'best_score': 0.3909549117088318}, {'epoch': 11, 'best_score': 0.41092848777770996}, {'epoch': 12, 'best_score': 0.43092137575149536}, {'epoch': 13, 'best_score': 0.44568324089050293}, {'epoch': 14, 'best_score': 0.45285603404045105}, {'epoch': 15, 'best_score': 0.39215150475502014}, {'epoch': 16, 'best_score': 0.3957386314868927}, {'epoch': 17, 'best_score': 0.4063183665275574}, {'epoch': 18, 'best_score': 0.4092460572719574}, {'epoch': 19, 'best_score': 0.4113096296787262}, {'epoch': 20, 'best_score': 0.4125491976737976}, {'epoch': 21, 'best_score': 0.4201194643974304}, {'epoch': 22, 'best_score': 0.42243489623069763}, {'epoch': 23, 'best_score': 0.43173643946647644}, {'epoch': 24, 'best_score': 0.4305925667285919}, {'epoch': 25, 'best_score': 0.43282100558280945}, {'epoch': 26, 'best_score': 0.44367897510528564}, {'epoch': 27, 'best_score': 0.449505478143692}, {'epoch': 28, 'best_score': 0.4506087005138397}, {'epoch': 29, 'best_score': 0.45648300647735596}, {'epoch': 30, 'best_score': 0.36121872067451477}, {'epoch': 31, 'best_score': 0.3615376949310303}, {'epoch': 32, 'best_score': 0.3647530972957611}, {'epoch': 33, 'best_score': 0.36682823300361633}, {'epoch': 34, 'best_score': 0.3696306049823761}, {'epoch': 35, 'best_score': 0.37072309851646423}, {'epoch': 36, 'best_score': 0.3728318214416504}, {'epoch': 37, 'best_score': 0.37371373176574707}, {'epoch': 38, 'best_score': 0.37879878282546997}, {'epoch': 39, 'best_score': 0.37973952293395996}, {'epoch': 40, 'best_score': 0.3807090222835541}, {'epoch': 41, 'best_score': 0.3839181065559387}, {'epoch': 42, 'best_score': 0.38924306631088257}, {'epoch': 43, 'best_score': 0.3882325291633606}, {'epoch': 44, 'best_score': 0.3920310437679291}, {'epoch': 45, 'best_score': 0.39456695318222046}, {'epoch': 46, 'best_score': 0.3954167366027832}, {'epoch': 47, 'best_score': 0.3971496522426605}, {'epoch': 48, 'best_score': 0.40062350034713745}, {'epoch': 49, 'best_score': 0.40265169739723206}]",entity30,1,CDANN,PCA1,256.0,0.8611666560173035,0.8611666560173035,0.627903163433075,0.6345829367637634,splits_entity30_CDANN_1_0_b09dc755c62e.npz,b09dc755c62e,False,False,,,,,,,0.8261699612948645,all_pca,PCA1,IW overlap critic | W=5 | seed=0 (plug-in),True,
iw_overlap_critic,5.0,0.0,6000.0,240.0,1500.0,60.0,0.862,0.0,1.0,54.598148345947266,0.5,0.5,0.45333331823349,0.2503350079059601,,,,,0.13613009502531476,0.0,1500.0,0.0,60.0,0.0,ok,plugin,False,,1473.2076475353115,1498.3149336650927,1.1419857473130715,0.9819276992464638,1.035616913932825,,0.0,0.13613009502531476,0.8638699049746852,0.8638699049746852,False,,,,,,,entity30,2,CDANN,PCA1,256.0,0.8646666407585144,0.8646666407585144,0.8125000596046448,0.7500000596046448,splits_entity30_CDANN_2_0_b09dc755c62e.npz,b09dc755c62e,False,False,,,,,,,0.8638699049746852,all_pca,PCA1,IW overlap critic | W=5 | seed=0 (plug-in),True,
iw_overlap_critic,5.0,0.0,6000.0,240.0,1500.0,60.0,0.8453333333333333,0.0,1.0,54.598148345947266,0.5,0.5,0.5199999809265137,0.2501932382583618,,,,,0.15210676976919343,0.0,1500.0,0.0,60.0,0.0,ok,plugin,False,,1471.0548150384423,1498.0786026852998,1.0963975632750698,0.9818907466481122,1.0356313757627644,,0.0,0.15210676976919343,0.8478932302308065,0.8478932302308065,False,,,,,,,entity30,3,CDANN,PCA1,256.0,0.8573333024978638,0.8573333024978638,0.5625,0.6166666746139526,splits_entity30_CDANN_3_0_b09dc755c62e.npz,b09dc755c62e,False,False,,,,,,,0.8478932302308065,all_pca,PCA1,IW overlap critic | W=5 | seed=0 (plug-in),True,
iw_overlap_critic,5.0,0.0,10000.0,2000.0,2500.0,500.0,0.9452,0.0,1.0,11.905715942382812,0.5,0.5,0.5375000238418579,0.2467244416475296,,,,,0.05577065060723683,0.0,2500.0,0.0,500.0,0.0,ok,plugin,False,,2347.4579366678963,2389.798627117916,2.3387656618620927,0.91826004474079,1.287932791136611,,0.0,0.05577065060723683,0.9442293493927632,0.9442293493927632,False,,,,,,,cifar10,1,DANN,PCA1,512.0,0.9508999586105347,0.9508999586105347,0.8440000414848328,0.8360000252723694,splits_cifar10_DANN_1_0_b09dc755c62e.npz,b09dc755c62e,False,False,,,,,,,0.9442293493927632,all_pca,PCA1,IW overlap critic | W=5 | seed=0 (plug-in),True,
iw_overlap_critic,5.0,0.0,10000.0,2000.0,2500.0,500.0,0.946,0.0,1.0,8.50954818725586,0.5,0.5,0.5615000128746033,0.24493783712387085,,,,,0.0544097043382822,0.0,2500.0,0.0,500.0,0.0,ok,plugin,False,,2381.82680489611,2316.4287843209977,2.6420825559210095,0.9071884681139843,1.4512755822595533,,0.0,0.0544097043382822,0.9455902956617178,0.9455902956617178,False,,,,,,,cifar10,10,DANN,PCA1,512.0,0.9477999806404114,0.9477999806404114,0.924500048160553,0.9120000600814819,splits_cifar10_DANN_10_0_b09dc755c62e.npz,b09dc755c62e,False,False,,,,,,,0.9455902956617178,all_pca,PCA1,IW overlap critic | W=5 | seed=0 (plug-in),True,
iw_overlap_critic,5.0,0.0,10000.0,2000.0,2500.0,500.0,0.9452,0.0,1.0,18.694143295288086,0.5,0.5,0.5379999876022339,0.24903744459152222,,,,,0.05424004476290468,0.0,2500.0,0.0,500.0,0.0,ok,plugin,False,,2424.6421822487346,2458.089112891152,1.7441620864259273,0.9619626130757815,1.1890780660160414,,0.0,0.05424004476290468,0.9457599552370953,0.9457599552370953,False,,,,,,,cifar10,71,DANN,PCA1,512.0,0.9487999677658081,0.9487999677658081,0.9305000305175781,0.9180000424385071,splits_cifar10_DANN_71_0_b09dc755c62e.npz,b09dc755c62e,False,False,,,,,,,0.9457599552370953,all_pca,PCA1,IW overlap critic | W=5 | seed=0 (plug-in),True,
iw_overlap_critic,5.0,0.0,10000.0,2000.0,2500.0,500.0,0.9528,0.0,1.0,28.372472763061523,0.5,0.5,0.5230000019073486,0.2495458424091339,,,,,0.04641558745506776,0.0,2500.0,0.0,500.0,0.0,ok,plugin,False,,2437.831162246237,2481.313041397826,1.342527010224568,0.9722892933945328,1.1186186433656964,,0.0,0.04641558745506776,0.9535844125449322,0.9535844125449322,False,,,,,,,cifar10,95,DANN,PCA1,512.0,0.9515999555587769,0.9515999555587769,0.9390000700950623,0.9360000491142273,splits_cifar10_DANN_95_0_b09dc755c62e.npz,b09dc755c62e,False,False,,,,,,,0.9535844125449322,all_pca,PCA1,IW overlap critic | W=5 | seed=0 (plug-in),True,
iw_overlap_critic,5.0,0.0,10000.0,2000.0,2500.0,500.0,0.9476,0.0,1.0,5.854191303253174,0.5,0.5,0.5665000081062317,0.24532011151313782,,,,,0.05207880443071483,0.0,2500.0,0.0,500.0,0.0,ok,plugin,False,,2316.13526583937,2340.010347636561,2.3465322076322983,0.8936658057439197,1.3831209408078893,,0.0,0.05207880443071483,0.9479211955692852,0.9479211955692852,False,,,,,,,cifar10,1,CDANN,PCA1,256.0,0.949999988079071,0.949999988079071,0.846500039100647,0.8440000414848328,splits_cifar10_CDANN_1_0_b09dc755c62e.npz,b09dc755c62e,False,False,,,,,,,0.9479211955692852,all_pca,PCA1,IW overlap critic | W=5 | seed=0 (plug-in),True,
iw_overlap_critic,5.0,0.0,10000.0,2000.0,2500.0,500.0,0.9468,0.0,1.0,2.0682272911071777,0.5,0.5,0.6744999885559082,0.20151257514953613,2940.0,58.0,1481.0,34.0,0.04504221451290479,0.1,2456.0,44.0,450.0,50.0,ok,plugin,False,,2044.7591015874104,1294.5026573133298,4.99320550559093,0.5732187356691414,2.464560458728234,0.48,0.048,0.09304221451290479,0.9069577854870952,0.9069577854870952,False,16.0,0.0,0.29623308777809143,0.29200223088264465,0.5882353186607361,"[{'epoch': 0, 'best_score': 0.15622031688690186}, {'epoch': 1, 'best_score': 0.20676887035369873}, {'epoch': 2, 'best_score': 0.17706429958343506}, {'epoch': 3, 'best_score': 0.23498183488845825}, {'epoch': 4, 'best_score': 0.17789530754089355}, {'epoch': 5, 'best_score': 0.19876766204833984}, {'epoch': 6, 'best_score': 0.2588055729866028}, {'epoch': 7, 'best_score': 0.21283745765686035}, {'epoch': 8, 'best_score': 0.2194191813468933}, {'epoch': 9, 'best_score': 0.2603369355201721}, {'epoch': 10, 'best_score': 0.21855002641677856}, {'epoch': 11, 'best_score': 0.23867744207382202}, {'epoch': 12, 'best_score': 0.2771977186203003}, {'epoch': 13, 'best_score': 0.2360418736934662}, {'epoch': 14, 'best_score': 0.26402509212493896}, {'epoch': 15, 'best_score': 0.2875063121318817}, {'epoch': 16, 'best_score': 0.29623308777809143}, {'epoch': 17, 'best_score': 0.2799290120601654}, {'epoch': 18, 'best_score': 0.2635039985179901}, {'epoch': 19, 'best_score': 0.268743634223938}, {'epoch': 20, 'best_score': 0.26059138774871826}, {'epoch': 21, 'best_score': 0.2645997703075409}, {'epoch': 22, 'best_score': 0.24444319307804108}, {'epoch': 23, 'best_score': 0.24261163175106049}, {'epoch': 24, 'best_score': 0.24258719384670258}, {'epoch': 25, 'best_score': 0.24399513006210327}, {'epoch': 26, 'best_score': 0.2468375563621521}, {'epoch': 27, 'best_score': 0.24800661206245422}, {'epoch': 28, 'best_score': 0.2239089012145996}, {'epoch': 29, 'best_score': 0.2134218066930771}, {'epoch': 30, 'best_score': 0.21614257991313934}, {'epoch': 31, 'best_score': 0.216062530875206}, {'epoch': 32, 'best_score': 0.21685431897640228}, {'epoch': 33, 'best_score': 0.21953146159648895}, {'epoch': 34, 'best_score': 0.22209273278713226}, {'epoch': 35, 'best_score': 0.18751470744609833}, {'epoch': 36, 'best_score': 0.19603919982910156}, {'epoch': 37, 'best_score': 0.2010749876499176}, {'epoch': 38, 'best_score': 0.21678447723388672}, {'epoch': 39, 'best_score': 0.21914803981781006}, {'epoch': 40, 'best_score': 0.22001352906227112}, {'epoch': 41, 'best_score': 0.21886779367923737}, {'epoch': 42, 'best_score': 0.2204945981502533}, {'epoch': 43, 'best_score': 0.22565653920173645}, {'epoch': 44, 'best_score': 0.22864855825901031}, {'epoch': 45, 'best_score': 0.2233094871044159}, {'epoch': 46, 'best_score': 0.2245340198278427}, {'epoch': 47, 'best_score': 0.2243787944316864}, {'epoch': 48, 'best_score': 0.2257414311170578}, {'epoch': 49, 'best_score': 0.2257414311170578}]",cifar10,10,CDANN,PCA1,256.0,0.948699951171875,0.948699951171875,0.9160000681877136,0.9120000600814819,splits_cifar10_CDANN_10_0_b09dc755c62e.npz,b09dc755c62e,True,True,,,,,,,0.9069577854870952,all_pca,PCA1,IW overlap critic | W=5 | seed=0 (plug-in),True,
iw_overlap_critic,5.0,0.0,10000.0,2000.0,2500.0,500.0,0.9492,0.0,1.0,3.23030686378479,0.5,0.5,0.6025000214576721,0.2292134314775467,2994.0,0.0,1499.0,3.0,0.05674991319252456,0.006,2496.0,4.0,497.0,3.0,unsupported_critic_region,plugin,False,,2264.5724004567187,1755.0048412157485,4.841126634843541,0.7565353064691092,2.0048558628406745,,,,,,,,,,,,,cifar10,71,CDANN,PCA1,256.0,0.9511999487876892,0.9511999487876892,0.9280000329017639,0.9040000438690186,splits_cifar10_CDANN_71_0_b09dc755c62e.npz,b09dc755c62e,,,,,,,,,,all_pca,PCA1,IW overlap critic | W=5 | seed=0 (plug-in),False,
iw_overlap_critic,5.0,0.0,10000.0,2000.0,2500.0,500.0,0.9516,0.0,1.0,1.7599599361419678,0.5,0.5,0.7210000157356262,0.19290170073509216,2919.0,94.0,1467.0,48.0,0.04814203189287797,0.14,2438.0,62.0,430.0,70.0,ok,plugin,False,,2010.0603789984805,1208.97584090524,4.845152260070443,0.5290156758344666,2.56891187482321,0.4142857142857143,0.05800000000000001,0.10614203189287798,0.893857968107122,0.893857968107122,False,14.0,7.0,0.22493146359920502,0.23340187966823578,0.4583333432674408,"[{'epoch': 0, 'best_score': 0.07081753015518188}, {'epoch': 1, 'best_score': 0.08015131950378418}, {'epoch': 2, 'best_score': 0.12036275863647461}, {'epoch': 3, 'best_score': 0.10226786136627197}, {'epoch': 4, 'best_score': 0.16687023639678955}, {'epoch': 5, 'best_score': 0.18960362672805786}, {'epoch': 6, 'best_score': 0.1803576946258545}, {'epoch': 7, 'best_score': 0.18637454509735107}, {'epoch': 8, 'best_score': 0.19244170188903809}, {'epoch': 9, 'best_score': 0.209125816822052}, {'epoch': 10, 'best_score': 0.18409526348114014}, {'epoch': 11, 'best_score': 0.16383367776870728}, {'epoch': 12, 'best_score': 0.17640724778175354}, {'epoch': 13, 'best_score': 0.20699793100357056}, {'epoch': 14, 'best_score': 0.22493146359920502}, {'epoch': 15, 'best_score': 0.21504053473472595}, {'epoch': 16, 'best_score': 0.20452740788459778}, {'epoch': 17, 'best_score': 0.1595728099346161}, {'epoch': 18, 'best_score': 0.17726966738700867}, {'epoch': 19, 'best_score': 0.1874234676361084}, {'epoch': 20, 'best_score': 0.1733872890472412}, {'epoch': 21, 'best_score': 0.1650923788547516}, {'epoch': 22, 'best_score': 0.1761803925037384}, {'epoch': 23, 'best_score': 0.16226422786712646}, {'epoch': 24, 'best_score': 0.13691624999046326}, {'epoch': 25, 'best_score': 0.11986677348613739}, {'epoch': 26, 'best_score': 0.11898556351661682}, {'epoch': 27, 'best_score': 0.11805471777915955}, {'epoch': 28, 'best_score': 0.11741216480731964}, {'epoch': 29, 'best_score': 0.1209506243467331}, {'epoch': 30, 'best_score': 0.12263254821300507}, {'epoch': 31, 'best_score': 0.12135578691959381}, {'epoch': 32, 'best_score': 0.12059925496578217}, {'epoch': 33, 'best_score': 0.1148194968700409}, {'epoch': 34, 'best_score': 0.11493733525276184}, {'epoch': 35, 'best_score': 0.11427652835845947}, {'epoch': 36, 'best_score': 0.11341877281665802}, {'epoch': 37, 'best_score': 0.11195003986358643}, {'epoch': 38, 'best_score': 0.09229940176010132}, {'epoch': 39, 'best_score': 0.09162676334381104}, {'epoch': 40, 'best_score': 0.09197959303855896}, {'epoch': 41, 'best_score': 0.08954621851444244}, {'epoch': 42, 'best_score': 0.09172980487346649}, {'epoch': 43, 'best_score': 0.09386424720287323}, {'epoch': 44, 'best_score': 0.09940876066684723}, {'epoch': 45, 'best_score': 0.10078415274620056}, {'epoch': 46, 'best_score': 0.10108871757984161}, {'epoch': 47, 'best_score': 0.1031145453453064}, {'epoch': 48, 'best_score': 0.10454411804676056}, {'epoch': 49, 'best_score': 0.10469917953014374}]",cifar10,95,CDANN,PCA1,256.0,0.9526000022888184,0.9526000022888184,0.9355000257492065,0.9260000586509705,splits_cifar10_CDANN_95_0_b09dc755c62e.npz,b09dc755c62e,True,True,,,,,,,0.893857968107122,all_pca,PCA1,IW overlap critic | W=5 | seed=0 (plug-in),True,
iw_overlap_critic,5.0,0.0,10000.0,2000.0,2500.0,500.0,0.758,0.0,1.0,16.668615341186523,0.5,0.5,0.5394999980926514,0.24861130118370056,,,,,0.23269486270532674,0.0,2500.0,0.0,500.0,0.0,ok,plugin,False,,2400.838130604809,2452.3378129056373,1.5575921378983586,0.948742751371342,1.193729518075419,,0.0,0.23269486270532674,0.7673051372946733,0.7673051372946733,False,,,,,,,cifar100,4,DANN,PCA1,512.0,0.7841999530792236,0.7841999530792236,0.7440000176429749,0.7760000228881836,splits_cifar100_DANN_4_0_b09dc755c62e.npz,b09dc755c62e,False,True,,,,,,,0.7673051372946733,all_pca,PCA1,IW overlap critic | W=5 | seed=0 (plug-in),True,
iw_overlap_critic,5.0,0.0,10000.0,2000.0,2500.0,500.0,0.76,0.0,1.0,10.97741413116455,0.5,0.5,0.5385000109672546,0.24692904949188232,,,,,0.227684213130976,0.0,2500.0,0.0,500.0,0.0,ok,plugin,False,,2367.794160774559,2389.956184256765,1.8375539896083362,0.9251177007644988,1.3094084677235183,,0.0,0.227684213130976,0.772315786869024,0.772315786869024,False,,,,,,,cifar100,12,DANN,PCA1,512.0,0.7831999659538269,0.7831999659538269,0.7545000314712524,0.7860000133514404,splits_cifar100_DANN_12_0_b09dc755c62e.npz,b09dc755c62e,False,True,,,,,,,0.772315786869024,all_pca,PCA1,IW overlap critic | W=5 | seed=0 (plug-in),True,
iw_overlap_critic,5.0,0.0,10000.0,2000.0,2500.0,500.0,0.7596,0.0,1.0,7.229636192321777,0.5,0.5,0.5684999823570251,0.24233287572860718,,,,,0.22142129406616218,0.0,2500.0,0.0,500.0,0.0,ok,plugin,False,,2334.2844312570214,2232.18888732854,2.9269582304651465,0.8840087893278419,1.5383496083925994,,0.0,0.22142129406616218,0.7785787059338378,0.7785787059338378,False,,,,,,,cifar100,59,DANN,PCA1,512.0,0.7841999530792236,0.7841999530792236,0.7585000395774841,0.7720000147819519,splits_cifar100_DANN_59_0_b09dc755c62e.npz,b09dc755c62e,False,False,,,,,,,0.7785787059338378,all_pca,PCA1,IW overlap critic | W=5 | seed=0 (plug-in),True,
iw_overlap_critic,5.0,0.0,10000.0,2000.0,2500.0,500.0,0.764,0.0,1.0,7.577130317687988,0.5,0.5,0.5525000095367432,0.24382567405700684,,,,,0.2196926084527855,0.0,2500.0,0.0,500.0,0.0,ok,plugin,False,,2345.1140075205094,2271.4591321824523,2.6345202332148308,0.8961309249385134,1.4929456027718049,,0.0,0.2196926084527855,0.7803073915472145,0.7803073915472145,False,,,,,,,cifar100,82,DANN,PCA1,512.0,0.7861999869346619,0.7861999869346619,0.7695000171661377,0.7700000405311584,splits_cifar100_DANN_82_0_b09dc755c62e.npz,b09dc755c62e,False,False,,,,,,,0.7803073915472145,all_pca,PCA1,IW overlap critic | W=5 | seed=0 (plug-in),True,
iw_overlap_critic,5.0,0.0,10000.0,2000.0,2500.0,500.0,0.762,0.0,1.0,2.6183037757873535,0.5,0.5,0.6740000247955322,0.2148706316947937,2986.0,22.0,1498.0,7.0,0.20523484846832815,0.036,2486.0,14.0,482.0,18.0,ok,plugin,False,,2140.5432182296845,1505.5368014477503,4.992401493707683,0.6601029520027754,2.2096609176803907,0.4444444444444444,0.015999999999999997,0.22123484846832814,0.7787651515316718,0.7787651515316718,False,26.0,19.0,0.5250713229179382,0.33207154273986816,0.8571428656578064,"[{'epoch': 0, 'best_score': 0.032999277114868164}, {'epoch': 1, 'best_score': 0.06138205528259277}, {'epoch': 2, 'best_score': 0.10704785585403442}, {'epoch': 3, 'best_score': 0.13219016790390015}, {'epoch': 4, 'best_score': 0.17700409889221191}, {'epoch': 5, 'best_score': 0.23712027072906494}, {'epoch': 6, 'best_score': 0.321003258228302}, {'epoch': 7, 'best_score': 0.3476622700691223}, {'epoch': 8, 'best_score': 0.39114248752593994}, {'epoch': 9, 'best_score': 0.43846094608306885}, {'epoch': 10, 'best_score': 0.4689127206802368}, {'epoch': 11, 'best_score': 0.47703272104263306}, {'epoch': 12, 'best_score': 0.380141943693161}, {'epoch': 13, 'best_score': 0.39708709716796875}, {'epoch': 14, 'best_score': 0.41640469431877136}, {'epoch': 15, 'best_score': 0.4309488832950592}, {'epoch': 16, 'best_score': 0.44073987007141113}, {'epoch': 17, 'best_score': 0.4544041156768799}, {'epoch': 18, 'best_score': 0.4664193093776703}, {'epoch': 19, 'best_score': 0.48412221670150757}, {'epoch': 20, 'best_score': 0.4915100336074829}, {'epoch': 21, 'best_score': 0.49628207087516785}, {'epoch': 22, 'best_score': 0.501080334186554}, {'epoch': 23, 'best_score': 0.5069987773895264}, {'epoch': 24, 'best_score': 0.5116854906082153}, {'epoch': 25, 'best_score': 0.519589364528656}, {'epoch': 26, 'best_score': 0.5250713229179382}, {'epoch': 27, 'best_score': 0.3981253504753113}, {'epoch': 28, 'best_score': 0.39736407995224}, {'epoch': 29, 'best_score': 0.40109187364578247}, {'epoch': 30, 'best_score': 0.40293261408805847}, {'epoch': 31, 'best_score': 0.4089641571044922}, {'epoch': 32, 'best_score': 0.28637152910232544}, {'epoch': 33, 'best_score': 0.27616122364997864}, {'epoch': 34, 'best_score': 0.28075286746025085}, {'epoch': 35, 'best_score': 0.28493714332580566}, {'epoch': 36, 'best_score': 0.28961554169654846}, {'epoch': 37, 'best_score': 0.2938980162143707}, {'epoch': 38, 'best_score': 0.29685890674591064}, {'epoch': 39, 'best_score': 0.30566272139549255}, {'epoch': 40, 'best_score': 0.3093777298927307}, {'epoch': 41, 'best_score': 0.30938345193862915}, {'epoch': 42, 'best_score': 0.3114796578884125}, {'epoch': 43, 'best_score': 0.3110659718513489}, {'epoch': 44, 'best_score': 0.3117579221725464}, {'epoch': 45, 'best_score': 0.3122112452983856}, {'epoch': 46, 'best_score': 0.31570929288864136}, {'epoch': 47, 'best_score': 0.3173547685146332}, {'epoch': 48, 'best_score': 0.18359529972076416}, {'epoch': 49, 'best_score': 0.18531301617622375}]",cifar100,4,CDANN,PCA1,256.0,0.7849999666213989,0.7849999666213989,0.7275000214576721,0.7480000257492065,splits_cifar100_CDANN_4_0_b09dc755c62e.npz,b09dc755c62e,False,False,,,,,,,0.7787651515316718,all_pca,PCA1,IW overlap critic | W=5 | seed=0 (plug-in),True,
iw_overlap_critic,5.0,0.0,10000.0,2000.0,2500.0,500.0,0.766,0.0,1.0,2.715115547180176,0.5,0.5,0.6295000314712524,0.21847495436668396,2987.0,13.0,1496.0,5.0,0.2023765489455211,0.018,2491.0,9.0,491.0,9.0,ok,plugin,False,,2149.964520469418,1556.32151293109,4.951469519707046,0.6778514182184787,2.2225418812365314,0.6666666666666666,0.011999999999999999,0.2143765489455211,0.7856234510544788,0.7856234510544788,False,14.0,4.0,0.5850046277046204,0.41499537229537964,1.0,"[{'epoch': 0, 'best_score': 0.034259140491485596}, {'epoch': 1, 'best_score': 0.05390775203704834}, {'epoch': 2, 'best_score': 0.09514659643173218}, {'epoch': 3, 'best_score': 0.1600884199142456}, {'epoch': 4, 'best_score': 0.2275294065475464}, {'epoch': 5, 'best_score': 0.2936999201774597}, {'epoch': 6, 'best_score': 0.3546122908592224}, {'epoch': 7, 'best_score': 0.41538363695144653}, {'epoch': 8, 'best_score': 0.4613712430000305}, {'epoch': 9, 'best_score': 0.48004209995269775}, {'epoch': 10, 'best_score': 0.5124233961105347}, {'epoch': 11, 'best_score': 0.5359221696853638}, {'epoch': 12, 'best_score': 0.5526727437973022}, {'epoch': 13, 'best_score': 0.5692504644393921}, {'epoch': 14, 'best_score': 0.5850046277046204}, {'epoch': 15, 'best_score': 0.566240131855011}, {'epoch': 16, 'best_score': 0.4248090386390686}, {'epoch': 17, 'best_score': 0.4391636848449707}, {'epoch': 18, 'best_score': 0.4446179270744324}, {'epoch': 19, 'best_score': 0.452359676361084}, {'epoch': 20, 'best_score': 0.46294766664505005}, {'epoch': 21, 'best_score': 0.46657446026802063}, {'epoch': 22, 'best_score': 0.47637608647346497}, {'epoch': 23, 'best_score': 0.4911651313304901}, {'epoch': 24, 'best_score': 0.4979121685028076}, {'epoch': 25, 'best_score': 0.500521719455719}, {'epoch': 26, 'best_score': 0.5069411993026733}, {'epoch': 27, 'best_score': 0.510959267616272}, {'epoch': 28, 'best_score': 0.5147485733032227}, {'epoch': 29, 'best_score': 0.5225205421447754}, {'epoch': 30, 'best_score': 0.5323779582977295}, {'epoch': 31, 'best_score': 0.5296522974967957}, {'epoch': 32, 'best_score': 0.5364904999732971}, {'epoch': 33, 'best_score': 0.5420058369636536}, {'epoch': 34, 'best_score': 0.5524990558624268}, {'epoch': 35, 'best_score': 0.5543531179428101}, {'epoch': 36, 'best_score': 0.5578756332397461}, {'epoch': 37, 'best_score': 0.5588735342025757}, {'epoch': 38, 'best_score': 0.5592439770698547}, {'epoch': 39, 'best_score': 0.558792233467102}, {'epoch': 40, 'best_score': 0.558988094329834}, {'epoch': 41, 'best_score': 0.5620805025100708}, {'epoch': 42, 'best_score': 0.5649266242980957}, {'epoch': 43, 'best_score': 0.565974771976471}, {'epoch': 44, 'best_score': 0.5734930038452148}, {'epoch': 45, 'best_score': 0.578561007976532}, {'epoch': 46, 'best_score': 0.5796593427658081}, {'epoch': 47, 'best_score': 0.5802164077758789}, {'epoch': 48, 'best_score': 0.5812903642654419}, {'epoch': 49, 'best_score': 0.5820491313934326}]",cifar100,12,CDANN,PCA1,256.0,0.7858999967575073,0.7858999967575073,0.7480000257492065,0.7680000066757202,splits_cifar100_CDANN_12_0_b09dc755c62e.npz,b09dc755c62e,False,False,,,,,,,0.7856234510544788,all_pca,PCA1,IW overlap critic | W=5 | seed=0 (plug-in),True,
iw_overlap_critic,5.0,0.0,10000.0,2000.0,2500.0,500.0,0.7664,0.0,1.0,2.0629892349243164,0.5,0.5,0.690500020980835,0.20447368919849396,2965.0,29.0,1480.0,17.0,0.20631151924793567,0.062,2476.0,24.0,469.0,31.0,ok,plugin,False,,2163.244883648597,1352.5440370045706,4.811275928031221,0.6076438847328448,2.541595414153427,0.45161290322580644,0.028,0.23431151924793567,0.7656884807520643,0.7656884807520643,False,11.0,5.0,0.24841409921646118,0.5162917971611023,0.7647058963775635,"[{'epoch': 0, 'best_score': 0.03776955604553223}, {'epoch': 1, 'best_score': 0.0754963755607605}, {'epoch': 2, 'best_score': 0.09859627485275269}, {'epoch': 3, 'best_score': 0.1173243522644043}, {'epoch': 4, 'best_score': 0.12001430988311768}, {'epoch': 5, 'best_score': 0.1329289674758911}, {'epoch': 6, 'best_score': 0.1701744794845581}, {'epoch': 7, 'best_score': 0.14344292879104614}, {'epoch': 8, 'best_score': 0.1508156657218933}, {'epoch': 9, 'best_score': 0.18038564920425415}, {'epoch': 10, 'best_score': 0.21228140592575073}, {'epoch': 11, 'best_score': 0.24841409921646118}, {'epoch': 12, 'best_score': 0.17143502831459045}, {'epoch': 13, 'best_score': 0.1876632273197174}, {'epoch': 14, 'best_score': 0.20309174060821533}, {'epoch': 15, 'best_score': 0.16162440180778503}, {'epoch': 16, 'best_score': 0.1334756314754486}, {'epoch': 17, 'best_score': 0.13463902473449707}, {'epoch': 18, 'best_score': 0.14798080921173096}, {'epoch': 19, 'best_score': 0.16105526685714722}, {'epoch': 20, 'best_score': 0.13933071494102478}, {'epoch': 21, 'best_score': 0.0988207459449768}, {'epoch': 22, 'best_score': 0.16127723455429077}, {'epoch': 23, 'best_score': 0.1095467209815979}, {'epoch': 24, 'best_score': 0.09289205074310303}, {'epoch': 25, 'best_score': 0.11827957630157471}, {'epoch': 26, 'best_score': 0.12653282284736633}, {'epoch': 27, 'best_score': 0.11035796999931335}, {'epoch': 28, 'best_score': 0.11700576543807983}, {'epoch': 29, 'best_score': 0.12447282671928406}, {'epoch': 30, 'best_score': 0.12790951132774353}, {'epoch': 31, 'best_score': 0.1325722634792328}, {'epoch': 32, 'best_score': 0.13006848096847534}, {'epoch': 33, 'best_score': 0.1288217008113861}, {'epoch': 34, 'best_score': 0.1336359679698944}, {'epoch': 35, 'best_score': 0.1367892324924469}, {'epoch': 36, 'best_score': 0.14081797003746033}, {'epoch': 37, 'best_score': 0.14354979991912842}, {'epoch': 38, 'best_score': 0.1446320116519928}, {'epoch': 39, 'best_score': 0.14554911851882935}, {'epoch': 40, 'best_score': 0.15045565366744995}, {'epoch': 41, 'best_score': 0.14903974533081055}, {'epoch': 42, 'best_score': 0.15094402432441711}, {'epoch': 43, 'best_score': 0.15230995416641235}, {'epoch': 44, 'best_score': 0.15263265371322632}, {'epoch': 45, 'best_score': 0.1567835807800293}, {'epoch': 46, 'best_score': 0.1557186245918274}, {'epoch': 47, 'best_score': 0.15785449743270874}, {'epoch': 48, 'best_score': 0.15857470035552979}, {'epoch': 49, 'best_score': 0.16499631106853485}]",cifar100,59,CDANN,PCA1,256.0,0.7870000004768372,0.7870000004768372,0.7580000162124634,0.7920000553131104,splits_cifar100_CDANN_59_0_b09dc755c62e.npz,b09dc755c62e,False,True,,,,,,,0.7656884807520643,all_pca,PCA1,IW overlap critic | W=5 | seed=0 (plug-in),True,
iw_overlap_critic,5.0,0.0,10000.0,2000.0,2500.0,500.0,0.7652,0.0,1.0,3.2206785678863525,0.5,0.5,0.6080000400543213,0.23275375366210938,2999.0,2.0,1500.0,1.0,0.20564478906801378,0.004,2496.0,4.0,498.0,2.0,ok,plugin,False,,2200.8517281512113,1855.472949683894,4.797911114863314,0.7639538835858021,1.8244501747303445,0.5,0.002,0.20764478906801379,0.7923552109319862,0.7923552109319862,False,26.0,18.0,0.7691816687583923,0.23081833124160767,1.0,"[{'epoch': 0, 'best_score': 0.035253942012786865}, {'epoch': 1, 'best_score': 0.07292872667312622}, {'epoch': 2, 'best_score': 0.11802375316619873}, {'epoch': 3, 'best_score': 0.1709577441215515}, {'epoch': 4, 'best_score': 0.24305301904678345}, {'epoch': 5, 'best_score': 0.3129473924636841}, {'epoch': 6, 'best_score': 0.3764386773109436}, {'epoch': 7, 'best_score': 0.43160080909729004}, {'epoch': 8, 'best_score': 0.49146318435668945}, {'epoch': 9, 'best_score': 0.5201109647750854}, {'epoch': 10, 'best_score': 0.5549278855323792}, {'epoch': 11, 'best_score': 0.5820080041885376}, {'epoch': 12, 'best_score': 0.6100911498069763}, {'epoch': 13, 'best_score': 0.6351091861724854}, {'epoch': 14, 'best_score': 0.6581286191940308}, {'epoch': 15, 'best_score': 0.6801206469535828}, {'epoch': 16, 'best_score': 0.6921120882034302}, {'epoch': 17, 'best_score': 0.7044854164123535}, {'epoch': 18, 'best_score': 0.7179841995239258}, {'epoch': 19, 'best_score': 0.7326468229293823}, {'epoch': 20, 'best_score': 0.739608645439148}, {'epoch': 21, 'best_score': 0.7544975876808167}, {'epoch': 22, 'best_score': 0.7503170371055603}, {'epoch': 23, 'best_score': 0.7533764839172363}, {'epoch': 24, 'best_score': 0.7596893310546875}, {'epoch': 25, 'best_score': 0.7626140117645264}, {'epoch': 26, 'best_score': 0.7691816687583923}, {'epoch': 27, 'best_score': -0.22207331657409668}, {'epoch': 28, 'best_score': -0.21304182708263397}, {'epoch': 29, 'best_score': -0.2074991762638092}, {'epoch': 30, 'best_score': -0.20584437251091003}, {'epoch': 31, 'best_score': -0.20634303987026215}, {'epoch': 32, 'best_score': -0.20647701621055603}, {'epoch': 33, 'best_score': -0.2048339992761612}, {'epoch': 34, 'best_score': -0.19876226782798767}, {'epoch': 35, 'best_score': -0.19649197161197662}, {'epoch': 36, 'best_score': -0.19106094539165497}, {'epoch': 37, 'best_score': -0.19011008739471436}, {'epoch': 38, 'best_score': -0.19029632210731506}, {'epoch': 39, 'best_score': -0.1892019510269165}, {'epoch': 40, 'best_score': -0.18860527873039246}, {'epoch': 41, 'best_score': -0.18939387798309326}, {'epoch': 42, 'best_score': -0.18481476604938507}, {'epoch': 43, 'best_score': -0.183513343334198}, {'epoch': 44, 'best_score': -0.18237270414829254}, {'epoch': 45, 'best_score': -0.18214121460914612}, {'epoch': 46, 'best_score': -0.18155603110790253}, {'epoch': 47, 'best_score': -0.1812298446893692}, {'epoch': 48, 'best_score': -0.18127179145812988}, {'epoch': 49, 'best_score': -0.1804315447807312}]",cifar100,82,CDANN,PCA1,256.0,0.7872999906539917,0.7872999906539917,0.7635000348091125,0.7720000147819519,splits_cifar100_CDANN_82_0_b09dc755c62e.npz,b09dc755c62e,False,False,,,,,,,0.7923552109319862,all_pca,PCA1,IW overlap critic | W=5 | seed=0 (plug-in),True,
iw_overlap_critic,5.0,0.0,28152.0,9910.0,7040.0,2478.0,0.803125,0.0,1.0,3.5585877895355225,0.5,0.5,0.7535672187805176,0.16740885376930237,8187.0,1116.0,4103.0,529.0,0.14543328524941337,0.35149313962873285,6823.0,217.0,1607.0,871.0,ok,plugin,False,,5110.378264936373,2990.5724011058933,4.970860414141881,0.4438307316322336,2.670134177373088,0.6509758897818599,0.2288135593220339,0.3742468445714473,0.6257531554285527,0.6257531554285527,False,31.0,21.0,0.35013487935066223,0.27179327607154846,0.6219281554222107,"[{'epoch': 0, 'best_score': 0.05526018142700195}, {'epoch': 1, 'best_score': 0.19520819187164307}, {'epoch': 2, 'best_score': 0.25756990909576416}, {'epoch': 3, 'best_score': 0.28225427865982056}, {'epoch': 4, 'best_score': 0.29150739312171936}, {'epoch': 5, 'best_score': 0.2990671694278717}, {'epoch': 6, 'best_score': 0.3056301474571228}, {'epoch': 7, 'best_score': 0.3069983720779419}, {'epoch': 8, 'best_score': 0.3107491135597229}, {'epoch': 9, 'best_score': 0.31368061900138855}, {'epoch': 10, 'best_score': 0.3255338668823242}, {'epoch': 11, 'best_score': 0.32873910665512085}, {'epoch': 12, 'best_score': 0.3258580267429352}, {'epoch': 13, 'best_score': 0.3250333368778229}, {'epoch': 14, 'best_score': 0.3300558030605316}, {'epoch': 15, 'best_score': 0.33646637201309204}, {'epoch': 16, 'best_score': 0.3395019769668579}, {'epoch': 17, 'best_score': 0.3385506868362427}, {'epoch': 18, 'best_score': 0.336558073759079}, {'epoch': 19, 'best_score': 0.33992433547973633}, {'epoch': 20, 'best_score': 0.3392563462257385}, {'epoch': 21, 'best_score': 0.343240886926651}, {'epoch': 22, 'best_score': 0.3426295518875122}, {'epoch': 23, 'best_score': 0.34543994069099426}, {'epoch': 24, 'best_score': 0.3459835946559906}, {'epoch': 25, 'best_score': 0.3447977900505066}, {'epoch': 26, 'best_score': 0.3437407910823822}, {'epoch': 27, 'best_score': 0.3459402024745941}, {'epoch': 28, 'best_score': 0.34621819853782654}, {'epoch': 29, 'best_score': 0.349499374628067}, {'epoch': 30, 'best_score': 0.34955793619155884}, {'epoch': 31, 'best_score': 0.35013487935066223}, {'epoch': 32, 'best_score': 0.3445397615432739}, {'epoch': 33, 'best_score': 0.3420585095882416}, {'epoch': 34, 'best_score': 0.3443436026573181}, {'epoch': 35, 'best_score': 0.3395279347896576}, {'epoch': 36, 'best_score': 0.3416033685207367}, {'epoch': 37, 'best_score': 0.34291794896125793}, {'epoch': 38, 'best_score': 0.34257546067237854}, {'epoch': 39, 'best_score': 0.34476330876350403}, {'epoch': 40, 'best_score': 0.3454726040363312}, {'epoch': 41, 'best_score': 0.34328874945640564}, {'epoch': 42, 'best_score': 0.34183260798454285}, {'epoch': 43, 'best_score': 0.3399612009525299}, {'epoch': 44, 'best_score': 0.3410356044769287}, {'epoch': 45, 'best_score': 0.3407050669193268}, {'epoch': 46, 'best_score': 0.3409038782119751}, {'epoch': 47, 'best_score': 0.3412894010543823}, {'epoch': 48, 'best_score': 0.341053307056427}, {'epoch': 49, 'best_score': 0.33987146615982056}]",domainnet,1,DANN,PCA1,2048.0,0.8072605729103088,0.8072605729103088,0.465893030166626,0.47497981786727905,splits_domainnet_DANN_1_0_b09dc755c62e.npz,b09dc755c62e,False,False,,,,,,,0.6257531554285527,all_pca,PCA1,IW overlap critic | W=5 | seed=0 (plug-in),True,
iw_overlap_critic,5.0,0.0,28152.0,14207.0,7040.0,3553.0,0.8038352272727273,0.0,1.0,4.441120147705078,0.5,0.5,0.80036461353302,0.14118699729442596,8209.0,2044.0,4084.0,1025.0,0.12232829609564494,0.48747537292428933,6835.0,205.0,1821.0,1732.0,ok,plugin,False,,4014.661734940759,2496.6719018934605,4.990763389505365,0.2968474902493425,2.260206695174366,0.75635103926097,0.3687025049254152,0.4910308010210601,0.5089691989789399,0.5089691989789399,False,48.0,5.0,0.4542699158191681,0.32133981585502625,0.7756097316741943,"[{'epoch': 0, 'best_score': 0.07077604532241821}, {'epoch': 1, 'best_score': 0.18145662546157837}, {'epoch': 2, 'best_score': 0.251888632774353}, {'epoch': 3, 'best_score': 0.2795981764793396}, {'epoch': 4, 'best_score': 0.28976526856422424}, {'epoch': 5, 'best_score': 0.30522021651268005}, {'epoch': 6, 'best_score': 0.31329748034477234}, {'epoch': 7, 'best_score': 0.31648173928260803}, {'epoch': 8, 'best_score': 0.33299005031585693}, {'epoch': 9, 'best_score': 0.33567818999290466}, {'epoch': 10, 'best_score': 0.3366087079048157}, {'epoch': 11, 'best_score': 0.3474065065383911}, {'epoch': 12, 'best_score': 0.35320743918418884}, {'epoch': 13, 'best_score': 0.3589557707309723}, {'epoch': 14, 'best_score': 0.3682626187801361}, {'epoch': 15, 'best_score': 0.3806518316268921}, {'epoch': 16, 'best_score': 0.3901895582675934}, {'epoch': 17, 'best_score': 0.39666080474853516}, {'epoch': 18, 'best_score': 0.40206217765808105}, {'epoch': 19, 'best_score': 0.4106271266937256}, {'epoch': 20, 'best_score': 0.4231373965740204}, {'epoch': 21, 'best_score': 0.42949119210243225}, {'epoch': 22, 'best_score': 0.434506893157959}, {'epoch': 23, 'best_score': 0.4372510612010956}, {'epoch': 24, 'best_score': 0.44042739272117615}, {'epoch': 25, 'best_score': 0.44445255398750305}, {'epoch': 26, 'best_score': 0.4439876675605774}, {'epoch': 27, 'best_score': 0.4455104172229767}, {'epoch': 28, 'best_score': 0.44567224383354187}, {'epoch': 29, 'best_score': 0.4475393295288086}, {'epoch': 30, 'best_score': 0.4459858238697052}, {'epoch': 31, 'best_score': 0.449413925409317}, {'epoch': 32, 'best_score': 0.44840940833091736}, {'epoch': 33, 'best_score': 0.4455952048301697}, {'epoch': 34, 'best_score': 0.4457700550556183}, {'epoch': 35, 'best_score': 0.44534868001937866}, {'epoch': 36, 'best_score': 0.4461001455783844}, {'epoch': 37, 'best_score': 0.4439411163330078}, {'epoch': 38, 'best_score': 0.4467720091342926}, {'epoch': 39, 'best_score': 0.4509652554988861}, {'epoch': 40, 'best_score': 0.4490658640861511}, {'epoch': 41, 'best_score': 0.4475657343864441}, {'epoch': 42, 'best_score': 0.44896915555000305}, {'epoch': 43, 'best_score': 0.45002028346061707}, {'epoch': 44, 'best_score': 0.45005422830581665}, {'epoch': 45, 'best_score': 0.4514715075492859}, {'epoch': 46, 'best_score': 0.45326510071754456}, {'epoch': 47, 'best_score': 0.45212456583976746}, {'epoch': 48, 'best_score': 0.4542699158191681}, {'epoch': 49, 'best_score': 0.4526364505290985}]",domainnet,2,DANN,PCA1,2048.0,0.8101378083229065,0.8101378083229065,0.38572534918785095,0.38727834820747375,splits_domainnet_DANN_2_0_b09dc755c62e.npz,b09dc755c62e,False,False,,,,,,,0.5089691989789399,all_pca,PCA1,IW overlap critic | W=5 | seed=0 (plug-in),True,
iw_overlap_critic,5.0,0.0,28152.0,15295.0,7040.0,3825.0,0.8072443181818182,0.0,1.0,3.4903576374053955,0.5,0.5,0.7472388744354248,0.17125815153121948,8224.0,1317.0,4113.0,668.0,0.15078757756613553,0.3003921568627451,6838.0,202.0,2676.0,1149.0,ok,plugin,False,,4855.089063547803,2963.430629913978,4.998138597187246,0.4130599087913843,2.5113360682516084,0.6623150565709313,0.19895424836601308,0.34974182593214864,0.6502581740678514,0.6502581740678514,False,49.0,1.0,0.3942636251449585,0.2853770852088928,0.6796407103538513,"[{'epoch': 0, 'best_score': 0.04945570230484009}, {'epoch': 1, 'best_score': 0.17240840196609497}, {'epoch': 2, 'best_score': 0.27148228883743286}, {'epoch': 3, 'best_score': 0.313395619392395}, {'epoch': 4, 'best_score': 0.3319377303123474}, {'epoch': 5, 'best_score': 0.3429105281829834}, {'epoch': 6, 'best_score': 0.3525913953781128}, {'epoch': 7, 'best_score': 0.35739320516586304}, {'epoch': 8, 'best_score': 0.3570787310600281}, {'epoch': 9, 'best_score': 0.3570873439311981}, {'epoch': 10, 'best_score': 0.3635944426059723}, {'epoch': 11, 'best_score': 0.3616489768028259}, {'epoch': 12, 'best_score': 0.3571159243583679}, {'epoch': 13, 'best_score': 0.3569559156894684}, {'epoch': 14, 'best_score': 0.3573315739631653}, {'epoch': 15, 'best_score': 0.3558090031147003}, {'epoch': 16, 'best_score': 0.35522791743278503}, {'epoch': 17, 'best_score': 0.35808536410331726}, {'epoch': 18, 'best_score': 0.36506664752960205}, {'epoch': 19, 'best_score': 0.3651037812232971}, {'epoch': 20, 'best_score': 0.36799806356430054}, {'epoch': 21, 'best_score': 0.37281426787376404}, {'epoch': 22, 'best_score': 0.36993277072906494}, {'epoch': 23, 'best_score': 0.3696450889110565}, {'epoch': 24, 'best_score': 0.37365636229515076}, {'epoch': 25, 'best_score': 0.3701196312904358}, {'epoch': 26, 'best_score': 0.3698308765888214}, {'epoch': 27, 'best_score': 0.3698006868362427}, {'epoch': 28, 'best_score': 0.37360844016075134}, {'epoch': 29, 'best_score': 0.37562739849090576}, {'epoch': 30, 'best_score': 0.3757046163082123}, {'epoch': 31, 'best_score': 0.37669864296913147}, {'epoch': 32, 'best_score': 0.38530880212783813}, {'epoch': 33, 'best_score': 0.3856727182865143}, {'epoch': 34, 'best_score': 0.3844391405582428}, {'epoch': 35, 'best_score': 0.38276439905166626}, {'epoch': 36, 'best_score': 0.38202404975891113}, {'epoch': 37, 'best_score': 0.3868997097015381}, {'epoch': 38, 'best_score': 0.3931066691875458}, {'epoch': 39, 'best_score': 0.38881829380989075}, {'epoch': 40, 'best_score': 0.39131006598472595}, {'epoch': 41, 'best_score': 0.39137470722198486}, {'epoch': 42, 'best_score': 0.3906019330024719}, {'epoch': 43, 'best_score': 0.389011949300766}, {'epoch': 44, 'best_score': 0.3880983293056488}, {'epoch': 45, 'best_score': 0.38833385705947876}, {'epoch': 46, 'best_score': 0.388108491897583}, {'epoch': 47, 'best_score': 0.39037203788757324}, {'epoch': 48, 'best_score': 0.3917105793952942}, {'epoch': 49, 'best_score': 0.3942636251449585}]",domainnet,3,DANN,PCA1,2048.0,0.8096050024032593,0.8096050024032593,0.4719189405441284,0.46562090516090393,splits_domainnet_DANN_3_0_b09dc755c62e.npz,b09dc755c62e,False,False,,,,,,,0.6502581740678514,all_pca,PCA1,IW overlap critic | W=5 | seed=0 (plug-in),True,
iw_overlap_critic,5.0,0.0,28152.0,9910.0,7040.0,2478.0,0.8025568181818181,0.0,1.0,1.1042149066925049,0.5,0.5,0.8369762897491455,0.11822836846113205,8182.0,1674.0,4059.0,821.0,0.10667331081385367,0.54317998385795,6753.0,287.0,1132.0,1346.0,ok,plugin,False,,3084.89444574064,1903.4551664621688,4.982990278334195,0.17063420761677114,2.0196831901948986,0.8209509658246656,0.4459241323648103,0.552597443178664,0.447402556821336,0.447402556821336,False,49.0,9.0,0.3859415352344513,0.4642411768436432,0.8501827120780945,"[{'epoch': 0, 'best_score': 0.011766910552978516}, {'epoch': 1, 'best_score': 0.025697827339172363}, {'epoch': 2, 'best_score': 0.052617669105529785}, {'epoch': 3, 'best_score': 0.09121239185333252}, {'epoch': 4, 'best_score': 0.13055545091629028}, {'epoch': 5, 'best_score': 0.16829991340637207}, {'epoch': 6, 'best_score': 0.21406030654907227}, {'epoch': 7, 'best_score': 0.25347816944122314}, {'epoch': 8, 'best_score': 0.27251529693603516}, {'epoch': 9, 'best_score': 0.2865556478500366}, {'epoch': 10, 'best_score': 0.30473124980926514}, {'epoch': 11, 'best_score': 0.3139877915382385}, {'epoch': 12, 'best_score': 0.32353270053863525}, {'epoch': 13, 'best_score': 0.3279237449169159}, {'epoch': 14, 'best_score': 0.3322964608669281}, {'epoch': 15, 'best_score': 0.33994725346565247}, {'epoch': 16, 'best_score': 0.34434303641319275}, {'epoch': 17, 'best_score': 0.3480170667171478}, {'epoch': 18, 'best_score': 0.3433152735233307}, {'epoch': 19, 'best_score': 0.3495127260684967}, {'epoch': 20, 'best_score': 0.3442448675632477}, {'epoch': 21, 'best_score': 0.34852975606918335}, {'epoch': 22, 'best_score': 0.353693425655365}, {'epoch': 23, 'best_score': 0.3561689257621765}, {'epoch': 24, 'best_score': 0.35520705580711365}, {'epoch': 25, 'best_score': 0.3558671176433563}, {'epoch': 26, 'best_score': 0.3585135042667389}, {'epoch': 27, 'best_score': 0.3602728545665741}, {'epoch': 28, 'best_score': 0.36181220412254333}, {'epoch': 29, 'best_score': 0.36545848846435547}, {'epoch': 30, 'best_score': 0.3650332987308502}, {'epoch': 31, 'best_score': 0.36155790090560913}, {'epoch': 32, 'best_score': 0.3653820753097534}, {'epoch': 33, 'best_score': 0.36735856533050537}, {'epoch': 34, 'best_score': 0.37129849195480347}, {'epoch': 35, 'best_score': 0.376761257648468}, {'epoch': 36, 'best_score': 0.376236230134964}, {'epoch': 37, 'best_score': 0.3787338137626648}, {'epoch': 38, 'best_score': 0.37928086519241333}, {'epoch': 39, 'best_score': 0.3818778395652771}, {'epoch': 40, 'best_score': 0.3816295266151428}, {'epoch': 41, 'best_score': 0.3829975426197052}, {'epoch': 42, 'best_score': 0.3836047649383545}, {'epoch': 43, 'best_score': 0.3849460482597351}, {'epoch': 44, 'best_score': 0.38549861311912537}, {'epoch': 45, 'best_score': 0.3856988549232483}, {'epoch': 46, 'best_score': 0.3834148347377777}, {'epoch': 47, 'best_score': 0.3841666877269745}, {'epoch': 48, 'best_score': 0.3856353461742401}, {'epoch': 49, 'best_score': 0.3859415352344513}]",domainnet,1,CDANN,PCA1,256.0,0.8055910468101501,0.8055910468101501,0.5121089816093445,0.5205811262130737,splits_domainnet_CDANN_1_0_b09dc755c62e.npz,b09dc755c62e,True,True,,,,,,,0.447402556821336,all_pca,PCA1,IW overlap critic | W=5 | seed=0 (plug-in),True,
iw_overlap_critic,5.0,0.0,28152.0,14207.0,7040.0,3553.0,0.8004261363636364,0.0,1.0,1.0977529287338257,0.5,0.5,0.8615771532058716,0.10111060738563538,8229.0,2713.0,4106.0,1339.0,0.08008198825877054,0.6374894455389811,6838.0,202.0,1288.0,2265.0,ok,plugin,False,,2498.9996146967496,1608.0552832327771,4.935946212463936,0.12139429529487175,1.6949249306719865,0.8785871964679912,0.5600900647340276,0.6401720529927981,0.3598279470072019,0.3598279470072019,False,49.0,6.0,0.3528127074241638,0.5456189513206482,0.898431658744812,"[{'epoch': 0, 'best_score': 0.010531127452850342}, {'epoch': 1, 'best_score': 0.02086162567138672}, {'epoch': 2, 'best_score': 0.05761575698852539}, {'epoch': 3, 'best_score': 0.09880208969116211}, {'epoch': 4, 'best_score': 0.1454290747642517}, {'epoch': 5, 'best_score': 0.1685168743133545}, {'epoch': 6, 'best_score': 0.1968289017677307}, {'epoch': 7, 'best_score': 0.22950434684753418}, {'epoch': 8, 'best_score': 0.2550472021102905}, {'epoch': 9, 'best_score': 0.2650638818740845}, {'epoch': 10, 'best_score': 0.28403329849243164}, {'epoch': 11, 'best_score': 0.2886081337928772}, {'epoch': 12, 'best_score': 0.29580384492874146}, {'epoch': 13, 'best_score': 0.3110926151275635}, {'epoch': 14, 'best_score': 0.309212863445282}, {'epoch': 15, 'best_score': 0.3107965588569641}, {'epoch': 16, 'best_score': 0.3119261860847473}, {'epoch': 17, 'best_score': 0.31555700302124023}, {'epoch': 18, 'best_score': 0.31493306159973145}, {'epoch': 19, 'best_score': 0.31700438261032104}, {'epoch': 20, 'best_score': 0.3178197145462036}, {'epoch': 21, 'best_score': 0.3191947937011719}, {'epoch': 22, 'best_score': 0.3218854069709778}, {'epoch': 23, 'best_score': 0.323722243309021}, {'epoch': 24, 'best_score': 0.323172926902771}, {'epoch': 25, 'best_score': 0.32399147748947144}, {'epoch': 26, 'best_score': 0.329006552696228}, {'epoch': 27, 'best_score': 0.32869023084640503}, {'epoch': 28, 'best_score': 0.3319266438484192}, {'epoch': 29, 'best_score': 0.3329402804374695}, {'epoch': 30, 'best_score': 0.3383902907371521}, {'epoch': 31, 'best_score': 0.34048885107040405}, {'epoch': 32, 'best_score': 0.3404761552810669}, {'epoch': 33, 'best_score': 0.34280526638031006}, {'epoch': 34, 'best_score': 0.3417019248008728}, {'epoch': 35, 'best_score': 0.34054672718048096}, {'epoch': 36, 'best_score': 0.3397771716117859}, {'epoch': 37, 'best_score': 0.33948367834091187}, {'epoch': 38, 'best_score': 0.3434625267982483}, {'epoch': 39, 'best_score': 0.34827834367752075}, {'epoch': 40, 'best_score': 0.3454892039299011}, {'epoch': 41, 'best_score': 0.34879976511001587}, {'epoch': 42, 'best_score': 0.3477071523666382}, {'epoch': 43, 'best_score': 0.3481218218803406}, {'epoch': 44, 'best_score': 0.3488740921020508}, {'epoch': 45, 'best_score': 0.34962010383605957}, {'epoch': 46, 'best_score': 0.34969234466552734}, {'epoch': 47, 'best_score': 0.3482668995857239}, {'epoch': 48, 'best_score': 0.3527712821960449}, {'epoch': 49, 'best_score': 0.3528127074241638}]",domainnet,2,CDANN,PCA1,256.0,0.8071539998054504,0.8071539998054504,0.42063772678375244,0.4218969941139221,splits_domainnet_CDANN_2_0_b09dc755c62e.npz,b09dc755c62e,True,True,,,,,,,0.3598279470072019,all_pca,PCA1,IW overlap critic | W=5 | seed=0 (plug-in),True,
iw_overlap_critic,5.0,0.0,28152.0,15295.0,7040.0,3825.0,0.8063920454545455,0.0,1.0,1.1220425367355347,0.5,0.5,0.7690144181251526,0.1575443148612976,8194.0,1639.0,4098.0,867.0,0.13443131940538086,0.3681045751633987,6814.0,226.0,2417.0,1408.0,ok,plugin,False,,4329.533799483917,2560.7867272725352,4.998065596377858,0.3316123235103973,2.4033313879389704,0.8117897727272727,0.29882352941176465,0.4332548488171455,0.5667451511828545,0.5667451511828545,False,48.0,28.0,0.4112568795681,0.43880078196525574,0.8500576615333557,"[{'epoch': 0, 'best_score': 0.014670312404632568}, {'epoch': 1, 'best_score': 0.02843785285949707}, {'epoch': 2, 'best_score': 0.04987978935241699}, {'epoch': 3, 'best_score': 0.08329415321350098}, {'epoch': 4, 'best_score': 0.13143080472946167}, {'epoch': 5, 'best_score': 0.1759853959083557}, {'epoch': 6, 'best_score': 0.20608818531036377}, {'epoch': 7, 'best_score': 0.24284851551055908}, {'epoch': 8, 'best_score': 0.2641870379447937}, {'epoch': 9, 'best_score': 0.2856147289276123}, {'epoch': 10, 'best_score': 0.29906517267227173}, {'epoch': 11, 'best_score': 0.30897390842437744}, {'epoch': 12, 'best_score': 0.3199911117553711}, {'epoch': 13, 'best_score': 0.32364094257354736}, {'epoch': 14, 'best_score': 0.32836806774139404}, {'epoch': 15, 'best_score': 0.34173786640167236}, {'epoch': 16, 'best_score': 0.34711843729019165}, {'epoch': 17, 'best_score': 0.35588306188583374}, {'epoch': 18, 'best_score': 0.3591884970664978}, {'epoch': 19, 'best_score': 0.36724650859832764}, {'epoch': 20, 'best_score': 0.3661392033100128}, {'epoch': 21, 'best_score': 0.3618254065513611}, {'epoch': 22, 'best_score': 0.3694767653942108}, {'epoch': 23, 'best_score': 0.37123432755470276}, {'epoch': 24, 'best_score': 0.37353578209877014}, {'epoch': 25, 'best_score': 0.3762798309326172}, {'epoch': 26, 'best_score': 0.38012194633483887}, {'epoch': 27, 'best_score': 0.3813483417034149}, {'epoch': 28, 'best_score': 0.3791101276874542}, {'epoch': 29, 'best_score': 0.38320192694664}, {'epoch': 30, 'best_score': 0.3854025602340698}, {'epoch': 31, 'best_score': 0.38818156719207764}, {'epoch': 32, 'best_score': 0.3904687166213989}, {'epoch': 33, 'best_score': 0.3927798569202423}, {'epoch': 34, 'best_score': 0.3960251212120056}, {'epoch': 35, 'best_score': 0.3954448699951172}, {'epoch': 36, 'best_score': 0.39803704619407654}, {'epoch': 37, 'best_score': 0.40147945284843445}, {'epoch': 38, 'best_score': 0.4033261835575104}, {'epoch': 39, 'best_score': 0.4024191200733185}, {'epoch': 40, 'best_score': 0.39952561259269714}, {'epoch': 41, 'best_score': 0.4015854299068451}, {'epoch': 42, 'best_score': 0.40060654282569885}, {'epoch': 43, 'best_score': 0.40271636843681335}, {'epoch': 44, 'best_score': 0.4044822156429291}, {'epoch': 45, 'best_score': 0.40392374992370605}, {'epoch': 46, 'best_score': 0.40930527448654175}, {'epoch': 47, 'best_score': 0.40803560614585876}, {'epoch': 48, 'best_score': 0.4112568795681}, {'epoch': 49, 'best_score': 0.40892717242240906}]",domainnet,3,CDANN,PCA1,256.0,0.8074381947517395,0.8074381947517395,0.49369075894355774,0.48549020290374756,splits_domainnet_CDANN_3_0_b09dc755c62e.npz,b09dc755c62e,False,False,,,,,,,0.5667451511828545,all_pca,PCA1,IW overlap critic | W=5 | seed=0 (plug-in),True,
iw_overlap_critic,5.0,0.0,1700.0,8804.0,425.0,2203.0,0.8658823529411764,0.0,1.0,3.8495681285858154,0.5,0.5,0.5975267291069031,0.23323529958724976,508.0,20.0,255.0,11.0,0.16770889795508717,0.006808896958692692,424.0,1.0,2188.0,15.0,ok,plugin,False,,488.6406873586411,335.14318941690345,4.521320014558192,1.0390058483093045,2.272529685938924,0.6666666666666666,0.004539264639128461,0.17224816259421563,0.8277518374057844,0.8277518374057844,False,47.0,23.0,0.5078334808349609,0.31034836173057556,0.8181818127632141,"[{'epoch': 0, 'best_score': 0.11721503734588623}, {'epoch': 1, 'best_score': 0.10245829820632935}, {'epoch': 2, 'best_score': 0.15159237384796143}, {'epoch': 3, 'best_score': 0.19179683923721313}, {'epoch': 4, 'best_score': 0.21347922086715698}, {'epoch': 5, 'best_score': 0.2534957528114319}, {'epoch': 6, 'best_score': 0.24494034051895142}, {'epoch': 7, 'best_score': 0.26326966285705566}, {'epoch': 8, 'best_score': 0.2678743600845337}, {'epoch': 9, 'best_score': 0.3030673861503601}, {'epoch': 10, 'best_score': 0.3187580108642578}, {'epoch': 11, 'best_score': 0.33583202958106995}, {'epoch': 12, 'best_score': 0.3423595428466797}, {'epoch': 13, 'best_score': 0.3493644893169403}, {'epoch': 14, 'best_score': 0.3709554374217987}, {'epoch': 15, 'best_score': 0.3709554374217987}, {'epoch': 16, 'best_score': 0.37046724557876587}, {'epoch': 17, 'best_score': 0.3908461332321167}, {'epoch': 18, 'best_score': 0.39853712916374207}, {'epoch': 19, 'best_score': 0.40584105253219604}, {'epoch': 20, 'best_score': 0.4094172716140747}, {'epoch': 21, 'best_score': 0.41564905643463135}, {'epoch': 22, 'best_score': 0.424307644367218}, {'epoch': 23, 'best_score': 0.4339618980884552}, {'epoch': 24, 'best_score': 0.43515464663505554}, {'epoch': 25, 'best_score': 0.44188421964645386}, {'epoch': 26, 'best_score': 0.45143985748291016}, {'epoch': 27, 'best_score': 0.46200311183929443}, {'epoch': 28, 'best_score': 0.46200311183929443}, {'epoch': 29, 'best_score': 0.46570664644241333}, {'epoch': 30, 'best_score': 0.4700395166873932}, {'epoch': 31, 'best_score': 0.4700395166873932}, {'epoch': 32, 'best_score': 0.473492294549942}, {'epoch': 33, 'best_score': 0.473492294549942}, {'epoch': 34, 'best_score': 0.4760802686214447}, {'epoch': 35, 'best_score': 0.4766676425933838}, {'epoch': 36, 'best_score': 0.4774974286556244}, {'epoch': 37, 'best_score': 0.4774974286556244}, {'epoch': 38, 'best_score': 0.4784466326236725}, {'epoch': 39, 'best_score': 0.4805097281932831}, {'epoch': 40, 'best_score': 0.4884098172187805}, {'epoch': 41, 'best_score': 0.4871329367160797}, {'epoch': 42, 'best_score': 0.4903724491596222}, {'epoch': 43, 'best_score': 0.49531063437461853}, {'epoch': 44, 'best_score': 0.4970678687095642}, {'epoch': 45, 'best_score': 0.49711495637893677}, {'epoch': 46, 'best_score': 0.49711495637893677}, {'epoch': 47, 'best_score': 0.5078334808349609}, {'epoch': 48, 'best_score': 0.5078334808349609}, {'epoch': 49, 'best_score': 0.5078334808349609}]",living17,1,DANN,PCA1,340.0,0.8994117379188538,0.8994117379188538,0.6758291721343994,0.6876986026763916,splits_living17_DANN_1_0_b09dc755c62e.npz,b09dc755c62e,False,False,,,,,,,0.8277518374057844,all_pca,PCA1,IW overlap critic | W=5 | seed=0 (plug-in),True,
iw_overlap_critic,5.0,0.0,1700.0,68.0,425.0,19.0,0.8823529411764706,0.0,1.0,54.598148345947266,0.5,0.5,0.42450982332229614,0.2518996596336365,,,,,0.11421335826268907,0.0,425.0,0.0,19.0,0.0,ok,plugin,False,,416.5072020136271,424.1374136554789,1.1197582513992286,0.9769475348116742,1.0566070737637594,,0.0,0.11421335826268907,0.8857866417373109,0.8857866417373109,False,,,,,,,living17,2,DANN,PCA1,340.0,0.9094117283821106,0.9094117283821106,0.8970588445663452,0.8421052694320679,splits_living17_DANN_2_0_b09dc755c62e.npz,b09dc755c62e,True,False,,,,,,,0.8857866417373109,all_pca,PCA1,IW overlap critic | W=5 | seed=0 (plug-in),True,
iw_overlap_critic,5.0,0.0,1700.0,68.0,425.0,19.0,0.8894117647058823,0.0,1.0,11.162090301513672,0.5,0.5,0.4843137264251709,0.24529361724853516,,,,,0.10617491093845513,0.0,425.0,0.0,19.0,0.0,ok,plugin,False,,408.93620740731114,406.72420984115223,2.0350806391724707,0.9315928489914096,1.321903324786601,,0.0,0.10617491093845513,0.8938250890615449,0.8938250890615449,False,,,,,,,living17,3,DANN,PCA1,340.0,0.9052940607070923,0.9052940607070923,0.5882353186607361,0.6842105388641357,splits_living17_DANN_3_0_b09dc755c62e.npz,b09dc755c62e,False,False,,,,,,,0.8938250890615449,all_pca,PCA1,IW overlap critic | W=5 | seed=0 (plug-in),True,
iw_overlap_critic,5.0,0.0,1700.0,8804.0,425.0,2203.0,0.8894117647058823,0.0,1.0,4.122966766357422,0.5,0.5,0.5902406573295593,0.23583169281482697,510.0,11.0,255.0,5.0,0.16371942150608876,0.003631411711302769,424.0,1.0,2195.0,8.0,ok,plugin,False,,475.1306015718163,322.47135558644624,4.7552862375305365,0.961635428879312,2.351606939359395,0.5,0.0018157058556513845,0.16553512736174014,0.8344648726382599,0.8344648726382599,False,17.0,1.0,0.431669682264328,0.36833032965660095,0.800000011920929,"[{'epoch': 0, 'best_score': 0.17299270629882812}, {'epoch': 1, 'best_score': 0.17801403999328613}, {'epoch': 2, 'best_score': 0.21378082036972046}, {'epoch': 3, 'best_score': 0.22282886505126953}, {'epoch': 4, 'best_score': 0.2760077714920044}, {'epoch': 5, 'best_score': 0.32913708686828613}, {'epoch': 6, 'best_score': 0.3509615659713745}, {'epoch': 7, 'best_score': 0.33294034004211426}, {'epoch': 8, 'best_score': 0.34372061491012573}, {'epoch': 9, 'best_score': 0.31671810150146484}, {'epoch': 10, 'best_score': 0.34638524055480957}, {'epoch': 11, 'best_score': 0.32349058985710144}, {'epoch': 12, 'best_score': 0.31539952754974365}, {'epoch': 13, 'best_score': 0.3582988679409027}, {'epoch': 14, 'best_score': 0.3799583911895752}, {'epoch': 15, 'best_score': 0.399006187915802}, {'epoch': 16, 'best_score': 0.4198548495769501}, {'epoch': 17, 'best_score': 0.431669682264328}, {'epoch': 18, 'best_score': 0.2749795913696289}, {'epoch': 19, 'best_score': 0.2823790907859802}, {'epoch': 20, 'best_score': 0.29546919465065}, {'epoch': 21, 'best_score': 0.2978627681732178}, {'epoch': 22, 'best_score': 0.29920417070388794}, {'epoch': 23, 'best_score': 0.29920417070388794}, {'epoch': 24, 'best_score': 0.30516013503074646}, {'epoch': 25, 'best_score': 0.30516013503074646}, {'epoch': 26, 'best_score': 0.31639018654823303}, {'epoch': 27, 'best_score': 0.32081153988838196}, {'epoch': 28, 'best_score': 0.32932329177856445}, {'epoch': 29, 'best_score': 0.34096187353134155}, {'epoch': 30, 'best_score': 0.3482736349105835}, {'epoch': 31, 'best_score': 0.351177841424942}, {'epoch': 32, 'best_score': 0.3482833504676819}, {'epoch': 33, 'best_score': 0.3482833504676819}, {'epoch': 34, 'best_score': 0.3482833504676819}, {'epoch': 35, 'best_score': 0.3482833504676819}, {'epoch': 36, 'best_score': 0.3534146547317505}, {'epoch': 37, 'best_score': 0.3534146547317505}, {'epoch': 38, 'best_score': 0.35857290029525757}, {'epoch': 39, 'best_score': 0.35857290029525757}, {'epoch': 40, 'best_score': 0.35857290029525757}, {'epoch': 41, 'best_score': 0.36168980598449707}, {'epoch': 42, 'best_score': 0.36589884757995605}, {'epoch': 43, 'best_score': 0.3737797141075134}, {'epoch': 44, 'best_score': 0.38078558444976807}, {'epoch': 45, 'best_score': 0.38693225383758545}, {'epoch': 46, 'best_score': 0.19196127355098724}, {'epoch': 47, 'best_score': 0.19196127355098724}, {'epoch': 48, 'best_score': 0.19801586866378784}, {'epoch': 49, 'best_score': 0.20145438611507416}]",living17,1,CDANN,PCA1,256.0,0.9052940607070923,0.9052940607070923,0.6863925457000732,0.6981388926506042,splits_living17_CDANN_1_0_b09dc755c62e.npz,b09dc755c62e,False,False,,,,,,,0.8344648726382599,all_pca,PCA1,IW overlap critic | W=5 | seed=0 (plug-in),True,
iw_overlap_critic,5.0,0.0,1700.0,68.0,425.0,19.0,0.8917647058823529,0.0,1.0,54.598148345947266,0.5,0.5,0.4068627655506134,0.2537845969200134,,,,,0.1056918023766646,0.0,425.0,0.0,19.0,0.0,ok,plugin,False,,420.6797181653483,423.9360961817985,1.2307943496224814,0.9852857863854554,1.070271809255841,,0.0,0.1056918023766646,0.8943081976233354,0.8943081976233354,False,,,,,,,living17,2,CDANN,PCA1,256.0,0.9094117283821106,0.9094117283821106,0.8676470518112183,0.8421052694320679,splits_living17_CDANN_2_0_b09dc755c62e.npz,b09dc755c62e,False,False,,,,,,,0.8943081976233354,all_pca,PCA1,IW overlap critic | W=5 | seed=0 (plug-in),True,
iw_overlap_critic,5.0,0.0,1700.0,68.0,425.0,19.0,0.8823529411764706,0.0,1.0,8.270247459411621,0.5,0.5,0.570588231086731,0.2425568848848343,,,,,0.12770780673246168,0.0,425.0,0.0,19.0,0.0,ok,plugin,False,,400.95433778210406,376.9911686878987,2.6114756747111456,0.8933120787839669,1.4863181449340304,,0.0,0.12770780673246168,0.8722921932675383,0.8722921932675383,False,,,,,,,living17,3,CDANN,PCA1,256.0,0.9052940607070923,0.9052940607070923,0.5588235259056091,0.6315789222717285,splits_living17_CDANN_3_0_b09dc755c62e.npz,b09dc755c62e,False,False,,,,,,,0.8722921932675383,all_pca,PCA1,IW overlap critic | W=5 | seed=0 (plug-in),True,
iw_overlap_critic,5.0,0.0,2600.0,13282.0,650.0,3322.0,0.8046153846153846,0.0,1.0,5.917733192443848,0.5,0.5,0.5997335314750671,0.24062594771385193,780.0,7.0,390.0,6.0,0.21078610554206836,0.0006020469596628537,650.0,0.0,3320.0,2.0,ok,plugin,False,,702.1094451250923,564.5698063824005,3.5572353500830522,0.9951971083185118,1.8926507537213741,0.5,0.00030102347983142685,0.2110871290218998,0.7889128709781001,0.7889128709781001,False,14.0,6.0,0.5136499404907227,0.48635008931159973,1.0,"[{'epoch': 0, 'best_score': 0.12099862098693848}, {'epoch': 1, 'best_score': 0.16853266954421997}, {'epoch': 2, 'best_score': 0.20710599422454834}, {'epoch': 3, 'best_score': 0.21070003509521484}, {'epoch': 4, 'best_score': 0.27524399757385254}, {'epoch': 5, 'best_score': 0.3537072539329529}, {'epoch': 6, 'best_score': 0.40491825342178345}, {'epoch': 7, 'best_score': 0.45018523931503296}, {'epoch': 8, 'best_score': 0.47078317403793335}, {'epoch': 9, 'best_score': 0.44399547576904297}, {'epoch': 10, 'best_score': 0.46820902824401855}, {'epoch': 11, 'best_score': 0.4815722107887268}, {'epoch': 12, 'best_score': 0.4900936484336853}, {'epoch': 13, 'best_score': 0.5018250942230225}, {'epoch': 14, 'best_score': 0.5136499404907227}, {'epoch': 15, 'best_score': 0.3634623885154724}, {'epoch': 16, 'best_score': 0.35671523213386536}, {'epoch': 17, 'best_score': 0.3611980080604553}, {'epoch': 18, 'best_score': 0.08634209632873535}, {'epoch': 19, 'best_score': 0.09565764665603638}, {'epoch': 20, 'best_score': 0.0942191481590271}, {'epoch': 21, 'best_score': 0.09973886609077454}, {'epoch': 22, 'best_score': 0.11140429973602295}, {'epoch': 23, 'best_score': 0.11339721083641052}, {'epoch': 24, 'best_score': 0.11715108156204224}, {'epoch': 25, 'best_score': 0.1222144365310669}, {'epoch': 26, 'best_score': 0.1253206431865692}, {'epoch': 27, 'best_score': 0.1290605068206787}, {'epoch': 28, 'best_score': 0.13554096221923828}, {'epoch': 29, 'best_score': 0.13769063353538513}, {'epoch': 30, 'best_score': 0.1432046890258789}, {'epoch': 31, 'best_score': 0.1521909534931183}, {'epoch': 32, 'best_score': 0.16029435396194458}, {'epoch': 33, 'best_score': 0.1723300814628601}, {'epoch': 34, 'best_score': 0.1689043641090393}, {'epoch': 35, 'best_score': 0.17368459701538086}, {'epoch': 36, 'best_score': 0.17842429876327515}, {'epoch': 37, 'best_score': 0.19004547595977783}, {'epoch': 38, 'best_score': 0.1919269561767578}, {'epoch': 39, 'best_score': 0.19436687231063843}, {'epoch': 40, 'best_score': 0.19921377301216125}, {'epoch': 41, 'best_score': 0.20937982201576233}, {'epoch': 42, 'best_score': 0.21226635575294495}, {'epoch': 43, 'best_score': 0.2141478955745697}, {'epoch': 44, 'best_score': 0.22488102316856384}, {'epoch': 45, 'best_score': 0.2293979525566101}, {'epoch': 46, 'best_score': 0.23207783699035645}, {'epoch': 47, 'best_score': 0.23789262771606445}, {'epoch': 48, 'best_score': 0.23789262771606445}, {'epoch': 49, 'best_score': 0.24152162671089172}]",nonliving26,1,DANN,PCA1,512.0,0.8126922845840454,0.8126922845840454,0.5122722387313843,0.5192654728889465,splits_nonliving26_DANN_1_0_b09dc755c62e.npz,b09dc755c62e,False,False,,,,,,,0.7889128709781001,all_pca,PCA1,IW overlap critic | W=5 | seed=0 (plug-in),True,
iw_overlap_critic,5.0,0.0,2600.0,104.0,650.0,28.0,0.8292307692307692,0.0,1.0,54.598148345947266,0.5,0.5,0.44807693362236023,0.2513505518436432,,,,,0.17283063909696222,0.0,650.0,0.0,28.0,0.0,ok,plugin,False,,650.9265055016665,640.4437320268204,1.5681987621944868,0.9940976299099265,1.2137098271472173,,0.0,0.17283063909696222,0.8271693609030377,0.8271693609030377,False,,,,,,,nonliving26,2,DANN,PCA1,512.0,0.8176922798156738,0.8176922798156738,0.75,0.7142857313156128,splits_nonliving26_DANN_2_0_b09dc755c62e.npz,b09dc755c62e,False,False,,,,,,,0.8271693609030377,all_pca,PCA1,IW overlap critic | W=5 | seed=0 (plug-in),True,
iw_overlap_critic,5.0,0.0,2600.0,104.0,650.0,28.0,0.8246153846153846,0.0,1.0,54.598148345947266,0.5,0.5,0.4115384817123413,0.25359806418418884,,,,,0.18252106451340563,0.0,650.0,0.0,28.0,0.0,ok,plugin,False,,653.9760038645597,640.3210490451977,1.536704684761332,1.0041122816910613,1.2200213796022736,,0.0,0.18252106451340563,0.8174789354865943,0.8174789354865943,False,,,,,,,nonliving26,3,DANN,PCA1,512.0,0.8146153688430786,0.8146153688430786,0.4038461744785309,0.3214285969734192,splits_nonliving26_DANN_3_0_b09dc755c62e.npz,b09dc755c62e,False,False,,,,,,,0.8174789354865943,all_pca,PCA1,IW overlap critic | W=5 | seed=0 (plug-in),True,
iw_overlap_critic,5.0,0.0,2600.0,13282.0,650.0,3322.0,0.8169230769230769,0.0,1.0,3.14288330078125,0.5,0.5,0.6156163215637207,0.23356562852859497,780.0,21.0,389.0,8.0,0.20880960397596277,0.007826610475617099,649.0,1.0,3296.0,26.0,ok,plugin,False,,689.3156294000762,514.2854081710383,3.770838419982362,0.9701808760033325,2.0491155676611994,0.7692307692307693,0.006020469596628538,0.2148300735725913,0.7851699264274087,0.7851699264274087,False,37.0,0.0,0.4757762551307678,0.3992237448692322,0.875,"[{'epoch': 0, 'best_score': 0.10235029458999634}, {'epoch': 1, 'best_score': 0.11416518688201904}, {'epoch': 2, 'best_score': 0.1581953763961792}, {'epoch': 3, 'best_score': 0.19300544261932373}, {'epoch': 4, 'best_score': 0.2467484474182129}, {'epoch': 5, 'best_score': 0.29456931352615356}, {'epoch': 6, 'best_score': 0.31244683265686035}, {'epoch': 7, 'best_score': 0.2892153263092041}, {'epoch': 8, 'best_score': 0.32971590757369995}, {'epoch': 9, 'best_score': 0.28195738792419434}, {'epoch': 10, 'best_score': 0.2536328434944153}, {'epoch': 11, 'best_score': 0.27047568559646606}, {'epoch': 12, 'best_score': 0.306468665599823}, {'epoch': 13, 'best_score': 0.3234844207763672}, {'epoch': 14, 'best_score': 0.35313498973846436}, {'epoch': 15, 'best_score': 0.3671697974205017}, {'epoch': 16, 'best_score': 0.3785962462425232}, {'epoch': 17, 'best_score': 0.39040684700012207}, {'epoch': 18, 'best_score': 0.40482717752456665}, {'epoch': 19, 'best_score': 0.41286733746528625}, {'epoch': 20, 'best_score': 0.41799697279930115}, {'epoch': 21, 'best_score': 0.43616050481796265}, {'epoch': 22, 'best_score': 0.4370126724243164}, {'epoch': 23, 'best_score': 0.44269081950187683}, {'epoch': 24, 'best_score': 0.4489123225212097}, {'epoch': 25, 'best_score': 0.4070192277431488}, {'epoch': 26, 'best_score': 0.40875741839408875}, {'epoch': 27, 'best_score': 0.4220707416534424}, {'epoch': 28, 'best_score': 0.42604005336761475}, {'epoch': 29, 'best_score': 0.4315531849861145}, {'epoch': 30, 'best_score': 0.4370676279067993}, {'epoch': 31, 'best_score': 0.4478676915168762}, {'epoch': 32, 'best_score': 0.44767430424690247}, {'epoch': 33, 'best_score': 0.45864337682724}, {'epoch': 34, 'best_score': 0.46436238288879395}, {'epoch': 35, 'best_score': 0.46436238288879395}, {'epoch': 36, 'best_score': 0.4702238142490387}, {'epoch': 37, 'best_score': 0.4757762551307678}, {'epoch': 38, 'best_score': 0.39492228627204895}, {'epoch': 39, 'best_score': 0.39894580841064453}, {'epoch': 40, 'best_score': 0.40101781487464905}, {'epoch': 41, 'best_score': 0.4062871038913727}, {'epoch': 42, 'best_score': 0.4062871038913727}, {'epoch': 43, 'best_score': 0.4115264415740967}, {'epoch': 44, 'best_score': 0.414330393075943}, {'epoch': 45, 'best_score': 0.4198448061943054}, {'epoch': 46, 'best_score': 0.42237618565559387}, {'epoch': 47, 'best_score': 0.42237618565559387}, {'epoch': 48, 'best_score': 0.424510657787323}, {'epoch': 49, 'best_score': 0.4255431890487671}]",nonliving26,1,CDANN,PCA1,256.0,0.8176922798156738,0.8176922798156738,0.5332028269767761,0.5352197289466858,splits_nonliving26_CDANN_1_0_b09dc755c62e.npz,b09dc755c62e,False,False,,,,,,,0.7851699264274087,all_pca,PCA1,IW overlap critic | W=5 | seed=0 (plug-in),True,
iw_overlap_critic,5.0,0.0,2600.0,104.0,650.0,28.0,0.8138461538461539,0.0,1.0,54.598148345947266,0.5,0.5,0.5115385055541992,0.2515205144882202,,,,,0.18366285727936338,0.0,650.0,0.0,28.0,0.0,ok,plugin,False,,639.0557343190899,648.9700755508451,1.2813243765401687,0.9813962244920533,1.0451249341346696,,0.0,0.18366285727936338,0.8163371427206366,0.8163371427206366,False,,,,,,,nonliving26,2,CDANN,PCA1,256.0,0.8165384531021118,0.8165384531021118,0.7692307829856873,0.7500000596046448,splits_nonliving26_CDANN_2_0_b09dc755c62e.npz,b09dc755c62e,False,False,,,,,,,0.8163371427206366,all_pca,PCA1,IW overlap critic | W=5 | seed=0 (plug-in),True,
iw_overlap_critic,5.0,0.0,2600.0,104.0,650.0,28.0,0.8123076923076923,0.0,1.0,2.009753704071045,0.5,0.5,0.6480768918991089,0.2113514095544815,,,,,0.16904564563617336,0.0,633.0,17.0,28.0,0.0,ok,plugin,False,,599.7307349626897,331.16535384796435,4.972621791726866,0.6647536627281228,2.827271709400755,,0.0,0.16904564563617336,0.8309543543638267,0.8309543543638267,False,,,,,,,nonliving26,3,CDANN,PCA1,256.0,0.822692334651947,0.822692334651947,0.4038461744785309,0.3214285969734192,splits_nonliving26_CDANN_3_0_b09dc755c62e.npz,b09dc755c62e,False,False,,,,,,,0.8309543543638267,all_pca,PCA1,IW overlap critic | W=5 | seed=0 (plug-in),True,
iw_overlap_critic,5.0,0.0,11745.0,35070.0,2938.0,8768.0,0.6388699795779442,0.0,1.0,3.346379518508911,0.5,0.5,0.5731833577156067,0.24207407236099243,3523.0,5.0,1761.0,0.0,0.36758208435521017,0.0005702554744525547,2936.0,2.0,8763.0,5.0,unsupported_critic_region,plugin,False,,3047.8478168985166,2532.0712913587863,4.5166991944848585,0.9735419017697511,1.7896965458888994,,,,,,,,,,,,,fmow,1,DANN,PCA1,1024.0,0.6519370079040527,0.6519370079040527,0.6103222370147705,0.6077782511711121,splits_fmow_DANN_1_0_b09dc755c62e.npz,b09dc755c62e,,,,,,,,,,all_pca,PCA1,IW overlap critic | W=5 | seed=0 (plug-in),False,
iw_overlap_critic,5.0,0.0,11745.0,39088.0,2938.0,9774.0,0.6344452008168822,0.0,1.0,2.6926310062408447,0.5,0.5,0.5988613367080688,0.2355698049068451,3517.0,35.0,1760.0,22.0,0.3787884806632521,0.0022508696541845715,2931.0,7.0,9752.0,22.0,ok,plugin,False,,3017.3971506188955,2282.187379347511,4.293129111179233,0.9107845719865185,2.0869923939128183,0.5909090909090909,0.001330059341109065,0.3801185400043612,0.6198814599956388,0.6198814599956388,False,14.0,16.0,0.29659703373908997,0.4306757152080536,0.7272727489471436,"[{'epoch': 0, 'best_score': 0.06009960174560547}, {'epoch': 1, 'best_score': 0.10702264308929443}, {'epoch': 2, 'best_score': 0.14449858665466309}, {'epoch': 3, 'best_score': 0.19247794151306152}, {'epoch': 4, 'best_score': 0.21493399143218994}, {'epoch': 5, 'best_score': 0.25477373600006104}, {'epoch': 6, 'best_score': 0.2618167996406555}, {'epoch': 7, 'best_score': 0.26685041189193726}, {'epoch': 8, 'best_score': 0.29013925790786743}, {'epoch': 9, 'best_score': 0.27380359172821045}, {'epoch': 10, 'best_score': 0.2478122115135193}, {'epoch': 11, 'best_score': 0.26625314354896545}, {'epoch': 12, 'best_score': 0.2773801386356354}, {'epoch': 13, 'best_score': 0.28684231638908386}, {'epoch': 14, 'best_score': 0.29659703373908997}, {'epoch': 15, 'best_score': 0.2675592303276062}, {'epoch': 16, 'best_score': 0.20587623119354248}, {'epoch': 17, 'best_score': 0.19459393620491028}, {'epoch': 18, 'best_score': 0.19604673981666565}, {'epoch': 19, 'best_score': 0.15616410970687866}, {'epoch': 20, 'best_score': 0.15518727898597717}, {'epoch': 21, 'best_score': 0.15683552622795105}, {'epoch': 22, 'best_score': 0.1617581844329834}, {'epoch': 23, 'best_score': 0.1646103858947754}, {'epoch': 24, 'best_score': 0.13264280557632446}, {'epoch': 25, 'best_score': 0.13748714327812195}, {'epoch': 26, 'best_score': 0.1395162045955658}, {'epoch': 27, 'best_score': 0.14116543531417847}, {'epoch': 28, 'best_score': 0.14806944131851196}, {'epoch': 29, 'best_score': 0.1482483148574829}, {'epoch': 30, 'best_score': 0.1512465476989746}, {'epoch': 31, 'best_score': 0.1561308205127716}, {'epoch': 32, 'best_score': 0.15863898396492004}, {'epoch': 33, 'best_score': 0.16044911742210388}, {'epoch': 34, 'best_score': 0.16271233558654785}, {'epoch': 35, 'best_score': 0.16481667757034302}, {'epoch': 36, 'best_score': 0.20184174180030823}, {'epoch': 37, 'best_score': 0.20397904515266418}, {'epoch': 38, 'best_score': 0.20270347595214844}, {'epoch': 39, 'best_score': 0.20438984036445618}, {'epoch': 40, 'best_score': 0.2052001953125}, {'epoch': 41, 'best_score': 0.20741036534309387}, {'epoch': 42, 'best_score': 0.207872211933136}, {'epoch': 43, 'best_score': 0.2083148956298828}, {'epoch': 44, 'best_score': 0.21301966905593872}, {'epoch': 45, 'best_score': 0.21400338411331177}, {'epoch': 46, 'best_score': 0.21556290984153748}, {'epoch': 47, 'best_score': 0.21754902601242065}, {'epoch': 48, 'best_score': 0.21728157997131348}, {'epoch': 49, 'best_score': 0.21859869360923767}]",fmow,2,DANN,PCA1,1024.0,0.6504895687103271,0.6504895687103271,0.5482756495475769,0.5545324683189392,splits_fmow_DANN_2_0_b09dc755c62e.npz,b09dc755c62e,False,False,,,,,,,0.6198814599956388,all_pca,PCA1,IW overlap critic | W=5 | seed=0 (plug-in),True,
iw_overlap_critic,5.0,0.0,11745.0,35070.0,2938.0,8768.0,0.6466984343090538,0.0,1.0,1.9793261289596558,0.5,0.5,0.5579081177711487,0.24451611936092377,,,,,0.3432196763202777,0.0,2938.0,0.0,8768.0,0.0,ok,plugin,False,,2924.515317454263,2691.1907309520716,2.9201564516601413,0.9601382827201677,1.5323749409513554,,0.0,0.3432196763202777,0.6567803236797223,0.6567803236797223,False,,,,,,,fmow,1,CDANN,PCA1,256.0,0.6558535695075989,0.6558535695075989,0.605617344379425,0.6010492444038391,splits_fmow_CDANN_1_0_b09dc755c62e.npz,b09dc755c62e,False,False,,,,,,,0.6567803236797223,all_pca,PCA1,IW overlap critic | W=5 | seed=0 (plug-in),True,
iw_overlap_critic,5.0,0.0,11745.0,39088.0,2938.0,9774.0,0.6446562287270252,0.0,1.0,1.367798089981079,0.5,0.5,0.5974698662757874,0.2358701527118683,3523.0,3.0,1761.0,2.0,0.3504164026305815,0.0003069367710251688,2938.0,0.0,9771.0,3.0,ok,plugin,False,,2967.111883049354,2270.029143305036,4.853276801876838,0.8938305059633348,2.065068268230991,0.3333333333333333,0.00010231225700838959,0.3505187148875899,0.6494812851124101,0.6494812851124101,False,25.0,24.0,0.6506631374359131,0.3493368625640869,1.0,"[{'epoch': 0, 'best_score': 0.08687746524810791}, {'epoch': 1, 'best_score': 0.11982131004333496}, {'epoch': 2, 'best_score': 0.144523024559021}, {'epoch': 3, 'best_score': 0.1636626124382019}, {'epoch': 4, 'best_score': 0.19506990909576416}, {'epoch': 5, 'best_score': 0.2277727723121643}, {'epoch': 6, 'best_score': 0.27231520414352417}, {'epoch': 7, 'best_score': 0.32478517293930054}, {'epoch': 8, 'best_score': 0.3667975068092346}, {'epoch': 9, 'best_score': 0.4004915952682495}, {'epoch': 10, 'best_score': 0.4340035915374756}, {'epoch': 11, 'best_score': 0.4605773687362671}, {'epoch': 12, 'best_score': 0.4845823645591736}, {'epoch': 13, 'best_score': 0.5100717544555664}, {'epoch': 14, 'best_score': 0.5373823642730713}, {'epoch': 15, 'best_score': 0.5509943962097168}, {'epoch': 16, 'best_score': 0.5694366693496704}, {'epoch': 17, 'best_score': 0.5777992606163025}, {'epoch': 18, 'best_score': 0.5949161052703857}, {'epoch': 19, 'best_score': 0.58864426612854}, {'epoch': 20, 'best_score': 0.5984936952590942}, {'epoch': 21, 'best_score': 0.6127280592918396}, {'epoch': 22, 'best_score': 0.14109301567077637}, {'epoch': 23, 'best_score': 0.6343173980712891}, {'epoch': 24, 'best_score': 0.6383171677589417}, {'epoch': 25, 'best_score': 0.6506631374359131}, {'epoch': 26, 'best_score': 0.17720019817352295}, {'epoch': 27, 'best_score': 0.17163702845573425}, {'epoch': 28, 'best_score': 0.17624413967132568}, {'epoch': 29, 'best_score': 0.1803998053073883}, {'epoch': 30, 'best_score': 0.1868097186088562}, {'epoch': 31, 'best_score': 0.1934918463230133}, {'epoch': 32, 'best_score': 0.19827613234519958}, {'epoch': 33, 'best_score': 0.2014581561088562}, {'epoch': 34, 'best_score': 0.20645660161972046}, {'epoch': 35, 'best_score': 0.2095300853252411}, {'epoch': 36, 'best_score': 0.2131129503250122}, {'epoch': 37, 'best_score': 0.2185041308403015}, {'epoch': 38, 'best_score': 0.21992209553718567}, {'epoch': 39, 'best_score': 0.22280067205429077}, {'epoch': 40, 'best_score': 0.2226320505142212}, {'epoch': 41, 'best_score': 0.22278347611427307}, {'epoch': 42, 'best_score': 0.2243506908416748}, {'epoch': 43, 'best_score': 0.2273985743522644}, {'epoch': 44, 'best_score': 0.23302701115608215}, {'epoch': 45, 'best_score': 0.23422735929489136}, {'epoch': 46, 'best_score': 0.23432135581970215}, {'epoch': 47, 'best_score': 0.23371902108192444}, {'epoch': 48, 'best_score': 0.2350737452507019}, {'epoch': 49, 'best_score': 0.2370837926864624}]",fmow,2,CDANN,PCA1,256.0,0.6548318862915039,0.6548318862915039,0.5420845150947571,0.5445058345794678,splits_fmow_CDANN_2_0_b09dc755c62e.npz,b09dc755c62e,False,False,,,,,,,0.6494812851124101,all_pca,PCA1,IW overlap critic | W=5 | seed=0 (plug-in),True,
iw_overlap_critic,5.0,0.0,731.0,898.0,184.0,227.0,0.9239130434782609,0.0,1.0,26.513965606689453,0.5,0.5,0.5130829811096191,0.24920149147510529,,,,,0.07490387015182091,0.0,184.0,0.0,227.0,0.0,ok,plugin,False,,182.75362949592585,181.63426140840306,1.3261444286652622,0.9752719152791629,1.1975999425121098,,0.0,0.07490387015182091,0.9250961298481791,0.9250961298481791,False,,,,,,,officehome,1,DANN,PCA1,146.0,0.922024667263031,0.922024667263031,0.7193763852119446,0.7268722057342529,splits_officehome_DANN_1_0_b09dc755c62e.npz,b09dc755c62e,False,False,,,,,,,0.9250961298481791,all_pca,PCA1,IW overlap critic | W=5 | seed=0 (plug-in),True,
iw_overlap_critic,5.0,0.0,731.0,893.0,184.0,226.0,0.9021739130434783,0.0,1.0,8.752723693847656,0.5,0.5,0.6040480136871338,0.24497924745082855,,,,,0.1016256545283902,0.0,184.0,0.0,226.0,0.0,ok,plugin,False,,180.12935527128832,172.21353974800874,2.0979909088530913,0.959588256029108,1.4153718799386863,,0.0,0.1016256545283902,0.8983743454716098,0.8983743454716098,False,,,,,,,officehome,2,DANN,PCA1,146.0,0.915184736251831,0.915184736251831,0.44904816150665283,0.45132744312286377,splits_officehome_DANN_2_0_b09dc755c62e.npz,b09dc755c62e,False,False,,,,,,,0.8983743454716098,all_pca,PCA1,IW overlap critic | W=5 | seed=0 (plug-in),True,
iw_overlap_critic,5.0,0.0,731.0,507.0,184.0,128.0,0.9130434782608696,0.0,1.0,8.945487976074219,0.5,0.5,0.5967123508453369,0.2359590381383896,,,,,0.09570844021245747,0.0,184.0,0.0,128.0,0.0,ok,plugin,False,,164.22688510104112,149.15402041990544,2.5987587062712394,0.838084621500883,1.7554465516286617,,0.0,0.09570844021245747,0.9042915597875425,0.9042915597875425,False,,,,,,,officehome,3,DANN,PCA1,146.0,0.9056087732315063,0.9056087732315063,0.5364891290664673,0.5625,splits_officehome_DANN_3_0_b09dc755c62e.npz,b09dc755c62e,False,False,,,,,,,0.9042915597875425,all_pca,PCA1,IW overlap critic | W=5 | seed=0 (plug-in),True,
iw_overlap_critic,5.0,0.0,731.0,898.0,184.0,227.0,0.9130434782608696,0.0,1.0,10.826591491699219,0.5,0.5,0.5647221803665161,0.24411115050315857,219.0,0.0,109.0,0.0,0.07825918355387394,0.004405286343612335,184.0,0.0,226.0,1.0,unsupported_critic_region,plugin,False,,180.11364001879107,164.42456140221785,2.7255694612626833,0.8959202640388624,1.6504143193119893,,,,,,,,,,,,,officehome,1,CDANN,PCA1,146.0,0.9138167500495911,0.9138167500495911,0.730512261390686,0.7488986253738403,splits_officehome_CDANN_1_0_b09dc755c62e.npz,b09dc755c62e,,,,,,,,,,all_pca,PCA1,IW overlap critic | W=5 | seed=0 (plug-in),False,
iw_overlap_critic,5.0,0.0,731.0,893.0,184.0,226.0,0.8913043478260869,0.0,1.0,2.7367031574249268,0.5,0.5,0.7655841112136841,0.1605290174484253,213.0,85.0,104.0,42.0,0.08939605801137265,0.3008849557522124,177.0,7.0,158.0,68.0,ok,plugin,False,,119.22863918606396,86.91265543555821,4.291574884928477,0.40558192011438576,1.939152091006587,0.7647058823529411,0.23008849557522124,0.3194845535865939,0.6805154464134061,0.6805154464134061,False,37.0,7.0,0.37347686290740967,0.45985645055770874,0.8333333134651184,"[{'epoch': 0, 'best_score': 0.06051480770111084}, {'epoch': 1, 'best_score': 0.06051480770111084}, {'epoch': 2, 'best_score': 0.07171237468719482}, {'epoch': 3, 'best_score': 0.08102333545684814}, {'epoch': 4, 'best_score': 0.147405207157135}, {'epoch': 5, 'best_score': 0.17127913236618042}, {'epoch': 6, 'best_score': 0.19244176149368286}, {'epoch': 7, 'best_score': 0.20908981561660767}, {'epoch': 8, 'best_score': 0.22973370552062988}, {'epoch': 9, 'best_score': 0.22076857089996338}, {'epoch': 10, 'best_score': 0.3082113265991211}, {'epoch': 11, 'best_score': 0.29220861196517944}, {'epoch': 12, 'best_score': 0.2706209421157837}, {'epoch': 13, 'best_score': 0.27370935678482056}, {'epoch': 14, 'best_score': 0.28060418367385864}, {'epoch': 15, 'best_score': 0.25123244524002075}, {'epoch': 16, 'best_score': 0.26930731534957886}, {'epoch': 17, 'best_score': 0.27217239141464233}, {'epoch': 18, 'best_score': 0.2844075560569763}, {'epoch': 19, 'best_score': 0.2818344235420227}, {'epoch': 20, 'best_score': 0.2755173444747925}, {'epoch': 21, 'best_score': 0.3146511912345886}, {'epoch': 22, 'best_score': 0.3171669542789459}, {'epoch': 23, 'best_score': 0.3171669542789459}, {'epoch': 24, 'best_score': 0.33190661668777466}, {'epoch': 25, 'best_score': 0.33190661668777466}, {'epoch': 26, 'best_score': 0.3530278205871582}, {'epoch': 27, 'best_score': 0.36161625385284424}, {'epoch': 28, 'best_score': 0.36161625385284424}, {'epoch': 29, 'best_score': 0.3644813299179077}, {'epoch': 30, 'best_score': 0.34155550599098206}, {'epoch': 31, 'best_score': 0.3321869373321533}, {'epoch': 32, 'best_score': 0.32554754614830017}, {'epoch': 33, 'best_score': 0.32877516746520996}, {'epoch': 34, 'best_score': 0.33362868428230286}, {'epoch': 35, 'best_score': 0.33755356073379517}, {'epoch': 36, 'best_score': 0.34286990761756897}, {'epoch': 37, 'best_score': 0.37347686290740967}, {'epoch': 38, 'best_score': 0.37347686290740967}, {'epoch': 39, 'best_score': 0.36321553587913513}, {'epoch': 40, 'best_score': 0.36321553587913513}, {'epoch': 41, 'best_score': 0.36321553587913513}, {'epoch': 42, 'best_score': 0.3635198771953583}, {'epoch': 43, 'best_score': 0.3635198771953583}, {'epoch': 44, 'best_score': 0.3635198771953583}, {'epoch': 45, 'best_score': 0.3635198771953583}, {'epoch': 46, 'best_score': 0.3635198771953583}, {'epoch': 47, 'best_score': 0.3635198771953583}, {'epoch': 48, 'best_score': 0.3635198771953583}, {'epoch': 49, 'best_score': 0.3635198771953583}]",officehome,2,CDANN,PCA1,146.0,0.9015048146247864,0.9015048146247864,0.4501679837703705,0.45132744312286377,splits_officehome_CDANN_2_0_b09dc755c62e.npz,b09dc755c62e,False,False,,,,,,,0.6805154464134061,all_pca,PCA1,IW overlap critic | W=5 | seed=0 (plug-in),True,
iw_overlap_critic,5.0,0.0,731.0,507.0,184.0,128.0,0.9130434782608696,0.0,1.0,3.907647132873535,0.5,0.5,0.7641096115112305,0.17638179659843445,211.0,51.0,108.0,23.0,0.0897713557841586,0.390625,176.0,8.0,78.0,50.0,ok,plugin,False,,147.71407848499592,76.89154998945965,4.68066879950848,0.47193114306470846,3.23126841225146,0.68,0.265625,0.3553963557841586,0.6446036442158414,0.6446036442158414,False,38.0,29.0,0.32520395517349243,0.5008829832077026,0.8260869383811951,"[{'epoch': 0, 'best_score': 0.0783504843711853}, {'epoch': 1, 'best_score': 0.09170931577682495}, {'epoch': 2, 'best_score': 0.08152979612350464}, {'epoch': 3, 'best_score': 0.0974661111831665}, {'epoch': 4, 'best_score': 0.1172490119934082}, {'epoch': 5, 'best_score': 0.08777499198913574}, {'epoch': 6, 'best_score': 0.08780932426452637}, {'epoch': 7, 'best_score': 0.11828142404556274}, {'epoch': 8, 'best_score': 0.13638854026794434}, {'epoch': 9, 'best_score': 0.1681448221206665}, {'epoch': 10, 'best_score': 0.17301630973815918}, {'epoch': 11, 'best_score': 0.20498281717300415}, {'epoch': 12, 'best_score': 0.19717711210250854}, {'epoch': 13, 'best_score': 0.21067261695861816}, {'epoch': 14, 'best_score': 0.22377616167068481}, {'epoch': 15, 'best_score': 0.2327573299407959}, {'epoch': 16, 'best_score': 0.24385350942611694}, {'epoch': 17, 'best_score': 0.277793824672699}, {'epoch': 18, 'best_score': 0.30393415689468384}, {'epoch': 19, 'best_score': 0.30393415689468384}, {'epoch': 20, 'best_score': 0.3104102611541748}, {'epoch': 21, 'best_score': 0.3144187927246094}, {'epoch': 22, 'best_score': 0.31650084257125854}, {'epoch': 23, 'best_score': 0.31650084257125854}, {'epoch': 24, 'best_score': 0.285179078578949}, {'epoch': 25, 'best_score': 0.285179078578949}, {'epoch': 26, 'best_score': 0.28743505477905273}, {'epoch': 27, 'best_score': 0.30496442317962646}, {'epoch': 28, 'best_score': 0.30496442317962646}, {'epoch': 29, 'best_score': 0.2614861726760864}, {'epoch': 30, 'best_score': 0.2614861726760864}, {'epoch': 31, 'best_score': 0.284210205078125}, {'epoch': 32, 'best_score': 0.2860810160636902}, {'epoch': 33, 'best_score': 0.2860810160636902}, {'epoch': 34, 'best_score': 0.2930993437767029}, {'epoch': 35, 'best_score': 0.2928465008735657}, {'epoch': 36, 'best_score': 0.30054399371147156}, {'epoch': 37, 'best_score': 0.3209536671638489}, {'epoch': 38, 'best_score': 0.32520395517349243}, {'epoch': 39, 'best_score': 0.32520395517349243}, {'epoch': 40, 'best_score': 0.32520395517349243}, {'epoch': 41, 'best_score': 0.3214455842971802}, {'epoch': 42, 'best_score': 0.30821719765663147}, {'epoch': 43, 'best_score': 0.30821719765663147}, {'epoch': 44, 'best_score': 0.30821719765663147}, {'epoch': 45, 'best_score': 0.3085538148880005}, {'epoch': 46, 'best_score': 0.3085538148880005}, {'epoch': 47, 'best_score': 0.3085538148880005}, {'epoch': 48, 'best_score': 0.3064047396183014}, {'epoch': 49, 'best_score': 0.3064047396183014}]",officehome,3,CDANN,PCA1,146.0,0.9138167500495911,0.9138167500495911,0.5364891290664673,0.5546875,splits_officehome_CDANN_3_0_b09dc755c62e.npz,b09dc755c62e,False,False,,,,,,,0.6446036442158414,all_pca,PCA1,IW overlap critic | W=5 | seed=0 (plug-in),True,
iw_overlap_critic,5.0,0.0,24387.0,11083.0,6098.0,2773.0,0.9996720236142997,0.0,1.0,1.1578553915023804,0.5,0.5,0.989417314529419,0.008117657154798508,7257.0,3289.0,3629.0,1652.0,2.5685813993061145e-08,0.991705733862243,6041.0,57.0,23.0,2750.0,ok,plugin,False,,294.47334244279887,185.12213662372233,4.459559908748741,0.00040053255833791225,0.15342146266221193,0.9821818181818182,0.9740353407861522,0.9740353664719662,0.025964633528033798,0.025964633528033798,False,49.0,1.0,0.6192734241485596,0.3625667691230774,0.981840193271637,"[{'epoch': 0, 'best_score': 0.16227096319198608}, {'epoch': 1, 'best_score': 0.24409598112106323}, {'epoch': 2, 'best_score': 0.30716848373413086}, {'epoch': 3, 'best_score': 0.33933237195014954}, {'epoch': 4, 'best_score': 0.3759176433086395}, {'epoch': 5, 'best_score': 0.40017908811569214}, {'epoch': 6, 'best_score': 0.43908628821372986}, {'epoch': 7, 'best_score': 0.44824281334877014}, {'epoch': 8, 'best_score': 0.4646250605583191}, {'epoch': 9, 'best_score': 0.4779129922389984}, {'epoch': 10, 'best_score': 0.48908501863479614}, {'epoch': 11, 'best_score': 0.5050400495529175}, {'epoch': 12, 'best_score': 0.5186703205108643}, {'epoch': 13, 'best_score': 0.5346341133117676}, {'epoch': 14, 'best_score': 0.5374047756195068}, {'epoch': 15, 'best_score': 0.5460989475250244}, {'epoch': 16, 'best_score': 0.562646746635437}, {'epoch': 17, 'best_score': 0.5836930274963379}, {'epoch': 18, 'best_score': 0.5988427400588989}, {'epoch': 19, 'best_score': 0.6001424193382263}, {'epoch': 20, 'best_score': 0.5861380100250244}, {'epoch': 21, 'best_score': 0.5990825891494751}, {'epoch': 22, 'best_score': 0.5869520902633667}, {'epoch': 23, 'best_score': 0.5926909446716309}, {'epoch': 24, 'best_score': 0.5782485008239746}, {'epoch': 25, 'best_score': 0.5767344236373901}, {'epoch': 26, 'best_score': 0.5756859183311462}, {'epoch': 27, 'best_score': 0.5805738568305969}, {'epoch': 28, 'best_score': 0.5742025375366211}, {'epoch': 29, 'best_score': 0.5746392011642456}, {'epoch': 30, 'best_score': 0.5795169472694397}, {'epoch': 31, 'best_score': 0.5743197202682495}, {'epoch': 32, 'best_score': 0.5756561756134033}, {'epoch': 33, 'best_score': 0.5826127529144287}, {'epoch': 34, 'best_score': 0.5834181308746338}, {'epoch': 35, 'best_score': 0.5621680021286011}, {'epoch': 36, 'best_score': 0.5710029602050781}, {'epoch': 37, 'best_score': 0.5717387199401855}, {'epoch': 38, 'best_score': 0.5760723352432251}, {'epoch': 39, 'best_score': 0.5803154706954956}, {'epoch': 40, 'best_score': 0.5816696882247925}, {'epoch': 41, 'best_score': 0.582876443862915}, {'epoch': 42, 'best_score': 0.5894424915313721}, {'epoch': 43, 'best_score': 0.5926796197891235}, {'epoch': 44, 'best_score': 0.594394326210022}, {'epoch': 45, 'best_score': 0.6086919903755188}, {'epoch': 46, 'best_score': 0.6041229367256165}, {'epoch': 47, 'best_score': 0.614212691783905}, {'epoch': 48, 'best_score': 0.6144649982452393}, {'epoch': 49, 'best_score': 0.6192734241485596}]",visda,1,DANN,PCA1,2048.0,0.9995489120483398,0.9995489120483398,0.6463051438331604,0.6473133563995361,splits_visda_DANN_1_0_b09dc755c62e.npz,b09dc755c62e,True,True,,,,,,,0.025964633528033798,all_pca,PCA1,IW overlap critic | W=5 | seed=0 (plug-in),True,
iw_overlap_critic,5.0,0.0,24387.0,14480.0,6098.0,3620.0,0.9998360118071499,0.0,1.0,1.2240148782730103,0.5,0.5,0.9868221282958984,0.009336410090327263,7262.0,4259.0,3636.0,2123.0,3.000683332699872e-05,0.9803867403314918,6066.0,32.0,71.0,3549.0,ok,plugin,False,,237.02176737597702,134.76172740504538,4.921720489493912,0.0003447213579714566,0.08251784201350852,0.9715412792335869,0.9524861878453039,0.9525161946786309,0.04748380532136909,0.04748380532136909,False,43.0,21.0,0.6129781007766724,0.35357871651649475,0.9665567874908447,"[{'epoch': 0, 'best_score': 0.16694259643554688}, {'epoch': 1, 'best_score': 0.216991126537323}, {'epoch': 2, 'best_score': 0.3134996294975281}, {'epoch': 3, 'best_score': 0.3230631351470947}, {'epoch': 4, 'best_score': 0.34687432646751404}, {'epoch': 5, 'best_score': 0.33885034918785095}, {'epoch': 6, 'best_score': 0.36418628692626953}, {'epoch': 7, 'best_score': 0.38527658581733704}, {'epoch': 8, 'best_score': 0.3995978832244873}, {'epoch': 9, 'best_score': 0.40798071026802063}, {'epoch': 10, 'best_score': 0.4107643663883209}, {'epoch': 11, 'best_score': 0.4174554944038391}, {'epoch': 12, 'best_score': 0.4306294322013855}, {'epoch': 13, 'best_score': 0.4474043548107147}, {'epoch': 14, 'best_score': 0.4677135944366455}, {'epoch': 15, 'best_score': 0.4838174879550934}, {'epoch': 16, 'best_score': 0.4943692684173584}, {'epoch': 17, 'best_score': 0.5081818103790283}, {'epoch': 18, 'best_score': 0.5198702812194824}, {'epoch': 19, 'best_score': 0.5296151041984558}, {'epoch': 20, 'best_score': 0.5518141388893127}, {'epoch': 21, 'best_score': 0.5610514283180237}, {'epoch': 22, 'best_score': 0.5647619366645813}, {'epoch': 23, 'best_score': 0.5648432374000549}, {'epoch': 24, 'best_score': 0.5505679845809937}, {'epoch': 25, 'best_score': 0.5581299066543579}, {'epoch': 26, 'best_score': 0.5624915361404419}, {'epoch': 27, 'best_score': 0.5606563687324524}, {'epoch': 28, 'best_score': 0.5672674179077148}, {'epoch': 29, 'best_score': 0.5723959803581238}, {'epoch': 30, 'best_score': 0.5684170126914978}, {'epoch': 31, 'best_score': 0.579069972038269}, {'epoch': 32, 'best_score': 0.5830820798873901}, {'epoch': 33, 'best_score': 0.5849632024765015}, {'epoch': 34, 'best_score': 0.5904533863067627}, {'epoch': 35, 'best_score': 0.5958655476570129}, {'epoch': 36, 'best_score': 0.5963525772094727}, {'epoch': 37, 'best_score': 0.5958313941955566}, {'epoch': 38, 'best_score': 0.604193925857544}, {'epoch': 39, 'best_score': 0.6013684272766113}, {'epoch': 40, 'best_score': 0.6023152470588684}, {'epoch': 41, 'best_score': 0.6034027934074402}, {'epoch': 42, 'best_score': 0.6041382551193237}, {'epoch': 43, 'best_score': 0.6129781007766724}, {'epoch': 44, 'best_score': 0.6128314733505249}, {'epoch': 45, 'best_score': 0.5998345017433167}, {'epoch': 46, 'best_score': 0.5999568700790405}, {'epoch': 47, 'best_score': 0.6050140857696533}, {'epoch': 48, 'best_score': 0.599936842918396}, {'epoch': 49, 'best_score': 0.5954135656356812}]",visda,2,DANN,PCA1,2048.0,0.9997539520263672,0.9997539520263672,0.6546961069107056,0.6544198393821716,splits_visda_DANN_2_0_b09dc755c62e.npz,b09dc755c62e,True,True,,,,,,,0.04748380532136909,all_pca,PCA1,IW overlap critic | W=5 | seed=0 (plug-in),True,
iw_overlap_critic,5.0,0.0,24387.0,11083.0,6098.0,2773.0,0.9993440472285995,0.0,1.0,0.6170312762260437,0.5,0.5,0.9946262836456299,0.003861944656819105,7301.0,3299.0,3650.0,1646.0,2.4908571043395633e-07,0.994590695997115,6083.0,15.0,15.0,2758.0,ok,plugin,False,,107.8637132661608,85.15742405641095,3.870964875653965,0.00010554023251501781,0.03653503476395964,0.803118201595359,0.7987738910926794,0.7987741401783898,0.20122585982161023,0.20122585982161023,False,49.0,10.0,0.7659085392951965,0.03785816580057144,0.8037667274475098,"[{'epoch': 0, 'best_score': 0.17082470655441284}, {'epoch': 1, 'best_score': 0.16978555917739868}, {'epoch': 2, 'best_score': 0.22053050994873047}, {'epoch': 3, 'best_score': 0.3863101303577423}, {'epoch': 4, 'best_score': 0.36733847856521606}, {'epoch': 5, 'best_score': 0.34461432695388794}, {'epoch': 6, 'best_score': 0.3965252637863159}, {'epoch': 7, 'best_score': 0.4029347598552704}, {'epoch': 8, 'best_score': 0.37758469581604004}, {'epoch': 9, 'best_score': 0.4320709705352783}, {'epoch': 10, 'best_score': 0.44766199588775635}, {'epoch': 11, 'best_score': 0.46297508478164673}, {'epoch': 12, 'best_score': 0.42689746618270874}, {'epoch': 13, 'best_score': 0.42830514907836914}, {'epoch': 14, 'best_score': 0.4376261532306671}, {'epoch': 15, 'best_score': 0.42973244190216064}, {'epoch': 16, 'best_score': 0.41626477241516113}, {'epoch': 17, 'best_score': 0.4232865571975708}, {'epoch': 18, 'best_score': 0.4301304221153259}, {'epoch': 19, 'best_score': 0.4355500340461731}, {'epoch': 20, 'best_score': 0.44999951124191284}, {'epoch': 21, 'best_score': 0.45897188782691956}, {'epoch': 22, 'best_score': 0.47234827280044556}, {'epoch': 23, 'best_score': 0.4918578863143921}, {'epoch': 24, 'best_score': 0.5039323568344116}, {'epoch': 25, 'best_score': 0.516926646232605}, {'epoch': 26, 'best_score': 0.5314802527427673}, {'epoch': 27, 'best_score': 0.5345503687858582}, {'epoch': 28, 'best_score': 0.5556768774986267}, {'epoch': 29, 'best_score': 0.5949913859367371}, {'epoch': 30, 'best_score': 0.6144875288009644}, {'epoch': 31, 'best_score': 0.6370435953140259}, {'epoch': 32, 'best_score': 0.6457681059837341}, {'epoch': 33, 'best_score': 0.6580117344856262}, {'epoch': 34, 'best_score': 0.6740358471870422}, {'epoch': 35, 'best_score': 0.6780688762664795}, {'epoch': 36, 'best_score': 0.6791351437568665}, {'epoch': 37, 'best_score': 0.6840986609458923}, {'epoch': 38, 'best_score': 0.6865193247795105}, {'epoch': 39, 'best_score': 0.6936149001121521}, {'epoch': 40, 'best_score': 0.705009937286377}, {'epoch': 41, 'best_score': 0.7145501375198364}, {'epoch': 42, 'best_score': 0.7201701998710632}, {'epoch': 43, 'best_score': 0.7304356098175049}, {'epoch': 44, 'best_score': 0.7386878132820129}, {'epoch': 45, 'best_score': 0.7485401630401611}, {'epoch': 46, 'best_score': 0.7534862756729126}, {'epoch': 47, 'best_score': 0.758274495601654}, {'epoch': 48, 'best_score': 0.7636223435401917}, {'epoch': 49, 'best_score': 0.7659085392951965}]",visda,1,CDANN,PCA1,256.0,0.9990978837013245,0.9990978837013245,0.6784264445304871,0.6693112254142761,splits_visda_CDANN_1_0_b09dc755c62e.npz,b09dc755c62e,True,True,,,,,,,0.20122585982161023,all_pca,PCA1,IW overlap critic | W=5 | seed=0 (plug-in),True,
iw_overlap_critic,5.0,0.0,24387.0,14480.0,6098.0,3620.0,0.9995080354214496,1.0,1.0,0.4550785720348358,0.5,0.5,0.9962331056594849,0.002304885070770979,7307.0,4306.0,3655.0,2157.0,8.846891785438443e-10,0.9941988950276243,6088.0,10.0,21.0,3599.0,ok,plugin,False,,45.008296350380036,25.402955207629997,4.954049480072475,1.0038676194523412e-06,0.002688724696938897,0.8160600166712976,0.8113259668508287,0.8113259677355179,0.1886740322644821,0.1886740322644821,False,49.0,3.0,0.7510249614715576,0.043597251176834106,0.7946221828460693,"[{'epoch': 0, 'best_score': 0.18165826797485352}, {'epoch': 1, 'best_score': 0.185721755027771}, {'epoch': 2, 'best_score': 0.17419421672821045}, {'epoch': 3, 'best_score': 0.17301148176193237}, {'epoch': 4, 'best_score': 0.18146580457687378}, {'epoch': 5, 'best_score': 0.22417104244232178}, {'epoch': 6, 'best_score': 0.346103310585022}, {'epoch': 7, 'best_score': 0.34521740674972534}, {'epoch': 8, 'best_score': 0.3553466200828552}, {'epoch': 9, 'best_score': 0.40130388736724854}, {'epoch': 10, 'best_score': 0.4760725200176239}, {'epoch': 11, 'best_score': 0.46951737999916077}, {'epoch': 12, 'best_score': 0.42909592390060425}, {'epoch': 13, 'best_score': 0.43550944328308105}, {'epoch': 14, 'best_score': 0.4070303440093994}, {'epoch': 15, 'best_score': 0.4171336889266968}, {'epoch': 16, 'best_score': 0.4184930920600891}, {'epoch': 17, 'best_score': 0.4293000400066376}, {'epoch': 18, 'best_score': 0.42967045307159424}, {'epoch': 19, 'best_score': 0.432503342628479}, {'epoch': 20, 'best_score': 0.47247374057769775}, {'epoch': 21, 'best_score': 0.44477975368499756}, {'epoch': 22, 'best_score': 0.4523094892501831}, {'epoch': 23, 'best_score': 0.4423818588256836}, {'epoch': 24, 'best_score': 0.4568777084350586}, {'epoch': 25, 'best_score': 0.4834126830101013}, {'epoch': 26, 'best_score': 0.4856071472167969}, {'epoch': 27, 'best_score': 0.49597570300102234}, {'epoch': 28, 'best_score': 0.5738928914070129}, {'epoch': 29, 'best_score': 0.5801401734352112}, {'epoch': 30, 'best_score': 0.5260050296783447}, {'epoch': 31, 'best_score': 0.5591379404067993}, {'epoch': 32, 'best_score': 0.5734733939170837}, {'epoch': 33, 'best_score': 0.5846572518348694}, {'epoch': 34, 'best_score': 0.5946438908576965}, {'epoch': 35, 'best_score': 0.6102341413497925}, {'epoch': 36, 'best_score': 0.6249213814735413}, {'epoch': 37, 'best_score': 0.6452563405036926}, {'epoch': 38, 'best_score': 0.6606124639511108}, {'epoch': 39, 'best_score': 0.6780518293380737}, {'epoch': 40, 'best_score': 0.6918820142745972}, {'epoch': 41, 'best_score': 0.6789640784263611}, {'epoch': 42, 'best_score': 0.6945022940635681}, {'epoch': 43, 'best_score': 0.700704038143158}, {'epoch': 44, 'best_score': 0.7255764007568359}, {'epoch': 45, 'best_score': 0.7392668724060059}, {'epoch': 46, 'best_score': 0.7422127723693848}, {'epoch': 47, 'best_score': 0.7433518767356873}, {'epoch': 48, 'best_score': 0.7464462518692017}, {'epoch': 49, 'best_score': 0.7510249614715576}]",visda,2,CDANN,PCA1,256.0,0.9995899200439453,0.9995899200439453,0.7107734680175781,0.7140883803367615,splits_visda_CDANN_2_0_b09dc755c62e.npz,b09dc755c62e,True,True,,,,,,,0.1886740322644821,all_pca,PCA1,IW overlap critic | W=5 | seed=0 (plug-in),True,
iw_overlap_critic,5.0,0.0,6500.0,33009.0,1625.0,8255.0,0.904,0.0,1.0,1.5615886449813843,0.5,0.5,0.5643240213394165,0.2424464374780655,1950.0,0.0,975.0,0.0,0.11711068168478078,0.00012113870381586917,1625.0,0.0,8254.0,1.0,unsupported_critic_region,plugin,False,,1705.7508235223681,1427.8462181335158,4.1307898788170565,0.9958325356848801,1.7542375650088087,,,,,,,,,,,,,entity13,1,DANN,PCA4,128.0,0.905846118927002,0.905846118927002,0.7318307161331177,0.7345851063728333,splits_entity13_DANN_1_0_b09dc755c62e.npz,b09dc755c62e,,,,,,,,,,all_pca,PCA4,IW overlap critic | W=5 | seed=0 (plug-in),False,
iw_overlap_critic,5.0,0.0,6500.0,260.0,1625.0,65.0,0.9101538461538462,0.0,1.0,10.676085472106934,0.5,0.5,0.521538496017456,0.24813255667686462,,,,,0.08710358156730917,0.0,1625.0,0.0,65.0,0.0,ok,plugin,False,,1512.2927721300007,1578.8488960038744,1.6385401980545669,0.9190608700921304,1.198067120036518,,0.0,0.08710358156730917,0.9128964184326909,0.9128964184326909,False,,,,,,,entity13,2,DANN,PCA4,128.0,0.9129230380058289,0.9129230380058289,0.8615384697914124,0.8461538553237915,splits_entity13_DANN_2_0_b09dc755c62e.npz,b09dc755c62e,False,False,,,,,,,0.9128964184326909,all_pca,PCA4,IW overlap critic | W=5 | seed=0 (plug-in),True,
iw_overlap_critic,5.0,0.0,6500.0,260.0,1625.0,65.0,0.9027692307692308,0.0,1.0,4.1452813148498535,0.5,0.5,0.563076913356781,0.2393660843372345,,,,,0.0960222488278815,0.0,1623.0,2.0,65.0,0.0,ok,plugin,False,,1378.6309290581157,1331.964223019103,3.5615629166416394,0.7881705798653166,1.5582434748139478,,0.0,0.0960222488278815,0.9039777511721185,0.9039777511721185,False,,,,,,,entity13,3,DANN,PCA4,128.0,0.907076895236969,0.907076895236969,0.6653845906257629,0.5538461804389954,splits_entity13_DANN_3_0_b09dc755c62e.npz,b09dc755c62e,False,False,,,,,,,0.9039777511721185,all_pca,PCA4,IW overlap critic | W=5 | seed=0 (plug-in),True,
iw_overlap_critic,5.0,0.0,6500.0,33009.0,1625.0,8255.0,0.9132307692307693,0.0,1.0,1.1303458213806152,0.5,0.5,0.6026573181152344,0.23435693979263306,1949.0,48.0,973.0,17.0,0.08864686043427154,0.0033918837068443366,1622.0,3.0,8227.0,28.0,ok,plugin,False,,1657.9612267114144,1258.6087293482938,4.327645464696549,0.91654568679897,2.064878601100383,0.8928571428571429,0.0030284675953967293,0.09167532802966827,0.9083246719703317,0.9083246719703317,False,49.0,13.0,0.5721143484115601,0.42788565158843994,1.0,"[{'epoch': 0, 'best_score': 0.0972939133644104}, {'epoch': 1, 'best_score': 0.09620267152786255}, {'epoch': 2, 'best_score': 0.1100836992263794}, {'epoch': 3, 'best_score': 0.13393330574035645}, {'epoch': 4, 'best_score': 0.16188526153564453}, {'epoch': 5, 'best_score': 0.1848452091217041}, {'epoch': 6, 'best_score': 0.2032073736190796}, {'epoch': 7, 'best_score': 0.2274295687675476}, {'epoch': 8, 'best_score': 0.242357075214386}, {'epoch': 9, 'best_score': 0.2716373801231384}, {'epoch': 10, 'best_score': 0.28270673751831055}, {'epoch': 11, 'best_score': 0.2984773516654968}, {'epoch': 12, 'best_score': 0.3045591115951538}, {'epoch': 13, 'best_score': 0.3213057518005371}, {'epoch': 14, 'best_score': 0.3420566916465759}, {'epoch': 15, 'best_score': 0.3596522808074951}, {'epoch': 16, 'best_score': 0.37437331676483154}, {'epoch': 17, 'best_score': 0.3944583535194397}, {'epoch': 18, 'best_score': 0.4176316261291504}, {'epoch': 19, 'best_score': 0.421821653842926}, {'epoch': 20, 'best_score': 0.437336266040802}, {'epoch': 21, 'best_score': 0.44625943899154663}, {'epoch': 22, 'best_score': 0.4575023055076599}, {'epoch': 23, 'best_score': 0.4708537459373474}, {'epoch': 24, 'best_score': 0.47756093740463257}, {'epoch': 25, 'best_score': 0.4859185218811035}, {'epoch': 26, 'best_score': 0.49206674098968506}, {'epoch': 27, 'best_score': 0.49799567461013794}, {'epoch': 28, 'best_score': 0.499789834022522}, {'epoch': 29, 'best_score': 0.5054596662521362}, {'epoch': 30, 'best_score': 0.5083990097045898}, {'epoch': 31, 'best_score': 0.5138973593711853}, {'epoch': 32, 'best_score': 0.515745222568512}, {'epoch': 33, 'best_score': 0.5231270790100098}, {'epoch': 34, 'best_score': 0.527193546295166}, {'epoch': 35, 'best_score': 0.527193546295166}, {'epoch': 36, 'best_score': 0.5325138568878174}, {'epoch': 37, 'best_score': 0.5352538228034973}, {'epoch': 38, 'best_score': 0.536818265914917}, {'epoch': 39, 'best_score': 0.539875328540802}, {'epoch': 40, 'best_score': 0.5423069000244141}, {'epoch': 41, 'best_score': 0.544190526008606}, {'epoch': 42, 'best_score': 0.5515062808990479}, {'epoch': 43, 'best_score': 0.5563238859176636}, {'epoch': 44, 'best_score': 0.5604640245437622}, {'epoch': 45, 'best_score': 0.5640084743499756}, {'epoch': 46, 'best_score': 0.5711460113525391}, {'epoch': 47, 'best_score': 0.5715563297271729}, {'epoch': 48, 'best_score': 0.5697842240333557}, {'epoch': 49, 'best_score': 0.5721143484115601}]",entity13,1,CDANN,PCA4,64.0,0.9096922874450684,0.9096922874450684,0.7354357838630676,0.7372501492500305,splits_entity13_CDANN_1_0_b09dc755c62e.npz,b09dc755c62e,False,False,,,,,,,0.9083246719703317,all_pca,PCA4,IW overlap critic | W=5 | seed=0 (plug-in),True,
iw_overlap_critic,5.0,0.0,6500.0,260.0,1625.0,65.0,0.9058461538461539,0.0,1.0,54.598148345947266,0.5,0.5,0.44692307710647583,0.25055742263793945,,,,,0.0935307655488139,0.0,1625.0,0.0,65.0,0.0,ok,plugin,False,,1603.3329562509134,1623.2413656073352,1.1207306672163084,0.9886244361284471,1.034930379411392,,0.0,0.0935307655488139,0.9064692344511861,0.9064692344511861,False,,,,,,,entity13,2,CDANN,PCA4,64.0,0.9081538319587708,0.9081538319587708,0.8423076868057251,0.8769230842590332,splits_entity13_CDANN_2_0_b09dc755c62e.npz,b09dc755c62e,False,False,,,,,,,0.9064692344511861,all_pca,PCA4,IW overlap critic | W=5 | seed=0 (plug-in),True,
iw_overlap_critic,5.0,0.0,6500.0,260.0,1625.0,65.0,0.9015384615384615,0.0,1.0,7.592172622680664,0.5,0.5,0.550000011920929,0.2468400001525879,,,,,0.09533018896705377,0.0,1625.0,0.0,65.0,0.0,ok,plugin,False,,1520.5453655788642,1561.8086042291102,2.039909281292115,0.929852334800539,1.2501128534531096,,0.0,0.09533018896705377,0.9046698110329462,0.9046698110329462,False,,,,,,,entity13,3,CDANN,PCA4,64.0,0.9061538577079773,0.9061538577079773,0.6653845906257629,0.5692307949066162,splits_entity13_CDANN_3_0_b09dc755c62e.npz,b09dc755c62e,False,False,,,,,,,0.9046698110329462,all_pca,PCA4,IW overlap critic | W=5 | seed=0 (plug-in),True,
iw_overlap_critic,5.0,0.0,6000.0,30828.0,1500.0,7709.0,0.8426666666666667,0.0,1.0,2.5768418312072754,0.5,0.5,0.5472680330276489,0.24780237674713135,,,,,0.16417517819122532,0.0,1500.0,0.0,7709.0,0.0,ok,plugin,False,,1508.5219990236537,1451.6578467278762,2.007336026547488,1.0042091677321585,1.3041059041970908,,0.0,0.16417517819122532,0.8358248218087747,0.8358248218087747,False,,,,,,,entity30,1,DANN,PCA4,128.0,0.8550000190734863,0.8550000190734863,0.6190800070762634,0.6236866116523743,splits_entity30_DANN_1_0_b09dc755c62e.npz,b09dc755c62e,False,False,,,,,,,0.8358248218087747,all_pca,PCA4,IW overlap critic | W=5 | seed=0 (plug-in),True,
iw_overlap_critic,5.0,0.0,6000.0,240.0,1500.0,60.0,0.8606666666666667,0.0,1.0,5.792827129364014,0.5,0.5,0.5858333110809326,0.24407319724559784,,,,,0.13107938890176252,0.0,1500.0,0.0,60.0,0.0,ok,plugin,False,,1351.7156727413708,1363.2111730885365,4.618048460285904,0.8774860176604904,1.3808250041142784,,0.0,0.13107938890176252,0.8689206110982375,0.8689206110982375,False,,,,,,,entity30,2,DANN,PCA4,128.0,0.8646666407585144,0.8646666407585144,0.7875000238418579,0.7500000596046448,splits_entity30_DANN_2_0_b09dc755c62e.npz,b09dc755c62e,False,False,,,,,,,0.8689206110982375,all_pca,PCA4,IW overlap critic | W=5 | seed=0 (plug-in),True,
iw_overlap_critic,5.0,0.0,6000.0,240.0,1500.0,60.0,0.8553333333333333,0.0,1.0,54.598148345947266,0.5,0.5,0.5049999952316284,0.2502002716064453,,,,,0.14263901143673782,0.0,1500.0,0.0,60.0,0.0,ok,plugin,False,,1470.794802029276,1498.3602791884798,1.103190418739773,0.9824689905200075,1.0287225123794683,,0.0,0.14263901143673782,0.8573609885632621,0.8573609885632621,False,,,,,,,entity30,3,DANN,PCA4,128.0,0.8636666536331177,0.8636666536331177,0.5708333849906921,0.6666666865348816,splits_entity30_DANN_3_0_b09dc755c62e.npz,b09dc755c62e,False,False,,,,,,,0.8573609885632621,all_pca,PCA4,IW overlap critic | W=5 | seed=0 (plug-in),True,
iw_overlap_critic,5.0,0.0,6000.0,30828.0,1500.0,7709.0,0.856,0.0,1.0,1.5256072282791138,0.5,0.5,0.5576812028884888,0.24482552707195282,,,,,0.1541589671209431,0.0,1500.0,0.0,7709.0,0.0,ok,plugin,False,,1516.6147137331288,1374.6676364788432,3.246765558213174,0.9787382937862099,1.5108970710358849,,0.0,0.1541589671209431,0.8458410328790569,0.8458410328790569,False,,,,,,,entity30,1,CDANN,PCA4,64.0,0.8611666560173035,0.8611666560173035,0.627903163433075,0.6345829367637634,splits_entity30_CDANN_1_0_b09dc755c62e.npz,b09dc755c62e,False,False,,,,,,,0.8458410328790569,all_pca,PCA4,IW overlap critic | W=5 | seed=0 (plug-in),True,
iw_overlap_critic,5.0,0.0,6000.0,240.0,1500.0,60.0,0.862,0.0,1.0,4.228675842285156,0.5,0.5,0.5316666960716248,0.2422451376914978,,,,,0.1297600192827793,0.0,1500.0,0.0,60.0,0.0,ok,plugin,False,,1338.1900406456803,1341.3841774181833,2.3046352563493,0.8554235736557319,1.4492529479685756,,0.0,0.1297600192827793,0.8702399807172208,0.8702399807172208,False,,,,,,,entity30,2,CDANN,PCA4,64.0,0.8646666407585144,0.8646666407585144,0.8125000596046448,0.7500000596046448,splits_entity30_CDANN_2_0_b09dc755c62e.npz,b09dc755c62e,False,False,,,,,,,0.8702399807172208,all_pca,PCA4,IW overlap critic | W=5 | seed=0 (plug-in),True,
iw_overlap_critic,5.0,0.0,6000.0,240.0,1500.0,60.0,0.8453333333333333,0.0,1.0,54.598148345947266,0.5,0.5,0.46166667342185974,0.25005197525024414,,,,,0.15311494243053772,0.0,1500.0,0.0,60.0,0.0,ok,plugin,False,,1485.6390904260122,1499.222355763839,1.0799382429055908,0.9902200306146148,1.0272781062536867,,0.0,0.15311494243053772,0.8468850575694623,0.8468850575694623,False,,,,,,,entity30,3,CDANN,PCA4,64.0,0.8573333024978638,0.8573333024978638,0.5625,0.6166666746139526,splits_entity30_CDANN_3_0_b09dc755c62e.npz,b09dc755c62e,False,False,,,,,,,0.8468850575694623,all_pca,PCA4,IW overlap critic | W=5 | seed=0 (plug-in),True,
iw_overlap_critic,5.0,0.0,10000.0,2000.0,2500.0,500.0,0.9452,0.0,1.0,3.6919703483581543,0.5,0.5,0.5399999618530273,0.24556273221969604,,,,,0.058232686112192185,0.0,2500.0,0.0,500.0,0.0,ok,plugin,False,,2381.2888043004123,2336.3285297612297,2.921682704599544,0.9185351770523038,1.4294428272425534,,0.0,0.058232686112192185,0.9417673138878078,0.9417673138878078,False,,,,,,,cifar10,1,DANN,PCA4,128.0,0.9508999586105347,0.9508999586105347,0.8440000414848328,0.8360000252723694,splits_cifar10_DANN_1_0_b09dc755c62e.npz,b09dc755c62e,False,False,,,,,,,0.9417673138878078,all_pca,PCA4,IW overlap critic | W=5 | seed=0 (plug-in),True,
iw_overlap_critic,5.0,0.0,10000.0,2000.0,2500.0,500.0,0.946,0.0,1.0,2.9727556705474854,0.5,0.5,0.5435000061988831,0.24618808925151825,,,,,0.055006401025001754,0.0,2500.0,0.0,500.0,0.0,ok,plugin,False,,2446.3223230268964,2362.2983836936746,2.1914328302915966,0.9536948800615666,1.4154193366004022,,0.0,0.055006401025001754,0.9449935989749982,0.9449935989749982,False,,,,,,,cifar10,10,DANN,PCA4,128.0,0.9477999806404114,0.9477999806404114,0.924500048160553,0.9120000600814819,splits_cifar10_DANN_10_0_b09dc755c62e.npz,b09dc755c62e,False,False,,,,,,,0.9449935989749982,all_pca,PCA4,IW overlap critic | W=5 | seed=0 (plug-in),True,
iw_overlap_critic,5.0,0.0,10000.0,2000.0,2500.0,500.0,0.9452,0.0,1.0,4.785521984100342,0.5,0.5,0.5160000324249268,0.24889662861824036,,,,,0.05620003526822459,0.0,2500.0,0.0,500.0,0.0,ok,plugin,False,,2474.809970807064,2455.6244276906846,1.5913370338476367,0.9787605154311271,1.2211695139425929,,0.0,0.05620003526822459,0.9437999647317754,0.9437999647317754,False,,,,,,,cifar10,71,DANN,PCA4,128.0,0.9487999677658081,0.9487999677658081,0.9305000305175781,0.9180000424385071,splits_cifar10_DANN_71_0_b09dc755c62e.npz,b09dc755c62e,False,False,,,,,,,0.9437999647317754,all_pca,PCA4,IW overlap critic | W=5 | seed=0 (plug-in),True,
iw_overlap_critic,5.0,0.0,10000.0,2000.0,2500.0,500.0,0.9528,0.0,1.0,8.586631774902344,0.5,0.5,0.5180000066757202,0.2495347261428833,,,,,0.0470950828405197,0.0,2500.0,0.0,500.0,0.0,ok,plugin,False,,2449.118455590562,2482.5320029434347,1.3919254901362552,0.9768078323830696,1.120066220949813,,0.0,0.0470950828405197,0.9529049171594803,0.9529049171594803,False,,,,,,,cifar10,95,DANN,PCA4,128.0,0.9515999555587769,0.9515999555587769,0.9390000700950623,0.9360000491142273,splits_cifar10_DANN_95_0_b09dc755c62e.npz,b09dc755c62e,False,False,,,,,,,0.9529049171594803,all_pca,PCA4,IW overlap critic | W=5 | seed=0 (plug-in),True,
iw_overlap_critic,5.0,0.0,10000.0,2000.0,2500.0,500.0,0.9476,0.0,1.0,5.696135520935059,0.5,0.5,0.5160000324249268,0.24923470616340637,,,,,0.055218524351857125,0.0,2500.0,0.0,500.0,0.0,ok,plugin,False,,2465.3249571635183,2470.168492965498,1.5390561902593105,0.9732701387795217,1.1831484335536222,,0.0,0.055218524351857125,0.9447814756481429,0.9447814756481429,False,,,,,,,cifar10,1,CDANN,PCA4,64.0,0.949999988079071,0.949999988079071,0.846500039100647,0.8440000414848328,splits_cifar10_CDANN_1_0_b09dc755c62e.npz,b09dc755c62e,False,False,,,,,,,0.9447814756481429,all_pca,PCA4,IW overlap critic | W=5 | seed=0 (plug-in),True,
iw_overlap_critic,5.0,0.0,10000.0,2000.0,2500.0,500.0,0.9468,0.0,1.0,1.7980390787124634,0.5,0.5,0.5540000200271606,0.24393200874328613,,,,,0.050750749838180675,0.0,2500.0,0.0,500.0,0.0,ok,plugin,False,,2456.2186499831555,2239.7865179413016,3.31244309075178,0.9204399082891725,1.62636959838174,,0.0,0.050750749838180675,0.9492492501618193,0.9492492501618193,False,,,,,,,cifar10,10,CDANN,PCA4,64.0,0.948699951171875,0.948699951171875,0.9160000681877136,0.9120000600814819,splits_cifar10_CDANN_10_0_b09dc755c62e.npz,b09dc755c62e,False,False,,,,,,,0.9492492501618193,all_pca,PCA4,IW overlap critic | W=5 | seed=0 (plug-in),True,
iw_overlap_critic,5.0,0.0,10000.0,2000.0,2500.0,500.0,0.9492,0.0,1.0,2.0960352420806885,0.5,0.5,0.5515000224113464,0.24569372832775116,,,,,0.05351723286231097,0.0,2500.0,0.0,500.0,0.0,ok,plugin,False,,2459.9599342856854,2323.7491388589065,2.443613074195388,0.9396745032146674,1.491629684263351,,0.0,0.05351723286231097,0.946482767137689,0.946482767137689,False,,,,,,,cifar10,71,CDANN,PCA4,64.0,0.9511999487876892,0.9511999487876892,0.9280000329017639,0.9040000438690186,splits_cifar10_CDANN_71_0_b09dc755c62e.npz,b09dc755c62e,False,False,,,,,,,0.946482767137689,all_pca,PCA4,IW overlap critic | W=5 | seed=0 (plug-in),True,
iw_overlap_critic,5.0,0.0,10000.0,2000.0,2500.0,500.0,0.9516,0.0,1.0,4.247978687286377,0.5,0.5,0.5450000166893005,0.24873554706573486,,,,,0.04895884023435439,0.0,2500.0,0.0,500.0,0.0,ok,plugin,False,,2446.551345379911,2449.0886811833393,1.6675363157788425,0.9660458575513684,1.2279845092129587,,0.0,0.04895884023435439,0.9510411597656456,0.9510411597656456,False,,,,,,,cifar10,95,CDANN,PCA4,64.0,0.9526000022888184,0.9526000022888184,0.9355000257492065,0.9260000586509705,splits_cifar10_CDANN_95_0_b09dc755c62e.npz,b09dc755c62e,False,False,,,,,,,0.9510411597656456,all_pca,PCA4,IW overlap critic | W=5 | seed=0 (plug-in),True,
iw_overlap_critic,5.0,0.0,10000.0,2000.0,2500.0,500.0,0.758,0.0,1.0,7.737485885620117,0.5,0.5,0.5250000357627869,0.249436616897583,,,,,0.23946599779652641,0.0,2500.0,0.0,500.0,0.0,ok,plugin,False,,2464.880744734437,2479.435556072986,1.4671656148300385,0.9841317042805009,1.1351282625426082,,0.0,0.23946599779652641,0.7605340022034736,0.7605340022034736,False,,,,,,,cifar100,4,DANN,PCA4,128.0,0.7841999530792236,0.7841999530792236,0.7440000176429749,0.7760000228881836,splits_cifar100_DANN_4_0_b09dc755c62e.npz,b09dc755c62e,False,True,,,,,,,0.7605340022034736,all_pca,PCA4,IW overlap critic | W=5 | seed=0 (plug-in),True,
iw_overlap_critic,5.0,0.0,10000.0,2000.0,2500.0,500.0,0.76,0.0,1.0,5.718564510345459,0.5,0.5,0.5400000214576721,0.24903374910354614,,,,,0.23658629698136338,0.0,2500.0,0.0,500.0,0.0,ok,plugin,False,,2452.653553706149,2462.1596883904704,1.4682526345320734,0.9766310350035159,1.1870282985223886,,0.0,0.23658629698136338,0.7634137030186366,0.7634137030186366,False,,,,,,,cifar100,12,DANN,PCA4,128.0,0.7831999659538269,0.7831999659538269,0.7545000314712524,0.7860000133514404,splits_cifar100_DANN_12_0_b09dc755c62e.npz,b09dc755c62e,False,True,,,,,,,0.7634137030186366,all_pca,PCA4,IW overlap critic | W=5 | seed=0 (plug-in),True,
iw_overlap_critic,5.0,0.0,10000.0,2000.0,2500.0,500.0,0.7596,0.0,1.0,3.5734775066375732,0.5,0.5,0.5450000166893005,0.2469853311777115,,,,,0.23376314758413677,0.0,2500.0,0.0,500.0,0.0,ok,plugin,False,,2442.1184223553355,2393.1377178477924,2.121901728121936,0.9519196351065389,1.3547519639336059,,0.0,0.23376314758413677,0.7662368524158633,0.7662368524158633,False,,,,,,,cifar100,59,DANN,PCA4,128.0,0.7841999530792236,0.7841999530792236,0.7585000395774841,0.7720000147819519,splits_cifar100_DANN_59_0_b09dc755c62e.npz,b09dc755c62e,False,True,,,,,,,0.7662368524158633,all_pca,PCA4,IW overlap critic | W=5 | seed=0 (plug-in),True,
iw_overlap_critic,5.0,0.0,10000.0,2000.0,2500.0,500.0,0.764,0.0,1.0,54.598148345947266,0.5,0.5,0.5119999647140503,0.24999195337295532,,,,,0.23545680889738654,0.0,2500.0,0.0,500.0,0.0,ok,plugin,False,,2493.7867232678345,2499.5553286169966,1.0432959874265253,0.9977921454392591,1.0191033543402206,,0.0,0.23545680889738654,0.7645431911026135,0.7645431911026135,False,,,,,,,cifar100,82,DANN,PCA4,128.0,0.7861999869346619,0.7861999869346619,0.7695000171661377,0.7700000405311584,splits_cifar100_DANN_82_0_b09dc755c62e.npz,b09dc755c62e,True,True,,,,,,,0.7645431911026135,all_pca,PCA4,IW overlap critic | W=5 | seed=0 (plug-in),True,
iw_overlap_critic,5.0,0.0,10000.0,2000.0,2500.0,500.0,0.762,0.0,1.0,11.679096221923828,0.5,0.5,0.5055000185966492,0.24981114268302917,,,,,0.23607248192452257,0.0,2500.0,0.0,500.0,0.0,ok,plugin,False,,2481.028858211621,2492.480900602128,1.2467859384985833,0.9921465731511331,1.0802587129619887,,0.0,0.23607248192452257,0.7639275180754774,0.7639275180754774,False,,,,,,,cifar100,4,CDANN,PCA4,64.0,0.7849999666213989,0.7849999666213989,0.7275000214576721,0.7480000257492065,splits_cifar100_CDANN_4_0_b09dc755c62e.npz,b09dc755c62e,False,False,,,,,,,0.7639275180754774,all_pca,PCA4,IW overlap critic | W=5 | seed=0 (plug-in),True,
iw_overlap_critic,5.0,0.0,10000.0,2000.0,2500.0,500.0,0.766,0.0,1.0,2.468550682067871,0.5,0.5,0.5440000295639038,0.2464257925748825,,,,,0.22944358557455402,0.0,2500.0,0.0,500.0,0.0,ok,plugin,False,,2462.367266687036,2352.4287439511236,2.1581689953338077,0.9633559342298116,1.4262543233886193,,0.0,0.22944358557455402,0.770556414425446,0.770556414425446,False,,,,,,,cifar100,12,CDANN,PCA4,64.0,0.7858999967575073,0.7858999967575073,0.7480000257492065,0.7680000066757202,splits_cifar100_CDANN_12_0_b09dc755c62e.npz,b09dc755c62e,False,False,,,,,,,0.770556414425446,all_pca,PCA4,IW overlap critic | W=5 | seed=0 (plug-in),True,
iw_overlap_critic,5.0,0.0,10000.0,2000.0,2500.0,500.0,0.7664,0.0,1.0,2.484496593475342,0.5,0.5,0.5540000200271606,0.24601751565933228,,,,,0.22542353550778735,0.0,2500.0,0.0,500.0,0.0,ok,plugin,False,,2451.0804947959323,2340.1278753056754,2.5080295810055495,0.9551089895834647,1.4404400928040175,,0.0,0.22542353550778735,0.7745764644922126,0.7745764644922126,False,,,,,,,cifar100,59,CDANN,PCA4,64.0,0.7870000004768372,0.7870000004768372,0.7580000162124634,0.7920000553131104,splits_cifar100_CDANN_59_0_b09dc755c62e.npz,b09dc755c62e,False,True,,,,,,,0.7745764644922126,all_pca,PCA4,IW overlap critic | W=5 | seed=0 (plug-in),True,
iw_overlap_critic,5.0,0.0,10000.0,2000.0,2500.0,500.0,0.7652,0.0,1.0,7.81592321395874,0.5,0.5,0.5174999833106995,0.24965578317642212,,,,,0.23152250939256852,0.0,2500.0,0.0,500.0,0.0,ok,plugin,False,,2472.2209421193274,2485.8904482755615,1.2821966651678862,0.9859961983164516,1.1167354681360366,,0.0,0.23152250939256852,0.7684774906074314,0.7684774906074314,False,,,,,,,cifar100,82,CDANN,PCA4,64.0,0.7872999906539917,0.7872999906539917,0.7635000348091125,0.7720000147819519,splits_cifar100_CDANN_82_0_b09dc755c62e.npz,b09dc755c62e,False,True,,,,,,,0.7684774906074314,all_pca,PCA4,IW overlap critic | W=5 | seed=0 (plug-in),True,
iw_overlap_critic,5.0,0.0,28152.0,9910.0,7040.0,2478.0,0.803125,0.0,1.0,1.3486944437026978,0.5,0.5,0.7382945418357849,0.17802533507347107,8290.0,694.0,4138.0,330.0,0.15925601464101624,0.241727199354318,6883.0,157.0,1879.0,599.0,ok,plugin,False,,4967.812389373743,3013.5679282984393,4.996624773789557,0.43279925171645256,2.484878373576347,0.669449081803005,0.16182405165456012,0.3210800662955764,0.6789199337044236,0.6789199337044236,False,26.0,19.0,0.404042512178421,0.3111089766025543,0.7151514887809753,"[{'epoch': 0, 'best_score': 0.01354682445526123}, {'epoch': 1, 'best_score': 0.0482330322265625}, {'epoch': 2, 'best_score': 0.13295793533325195}, {'epoch': 3, 'best_score': 0.18149656057357788}, {'epoch': 4, 'best_score': 0.23728394508361816}, {'epoch': 5, 'best_score': 0.2600076198577881}, {'epoch': 6, 'best_score': 0.28041404485702515}, {'epoch': 7, 'best_score': 0.3033503592014313}, {'epoch': 8, 'best_score': 0.30234381556510925}, {'epoch': 9, 'best_score': 0.3145768940448761}, {'epoch': 10, 'best_score': 0.327902227640152}, {'epoch': 11, 'best_score': 0.32613691687583923}, {'epoch': 12, 'best_score': 0.3306161165237427}, {'epoch': 13, 'best_score': 0.3337264060974121}, {'epoch': 14, 'best_score': 0.3315623104572296}, {'epoch': 15, 'best_score': 0.3408789038658142}, {'epoch': 16, 'best_score': 0.33793163299560547}, {'epoch': 17, 'best_score': 0.3472922742366791}, {'epoch': 18, 'best_score': 0.34583503007888794}, {'epoch': 19, 'best_score': 0.35520023107528687}, {'epoch': 20, 'best_score': 0.3560965359210968}, {'epoch': 21, 'best_score': 0.36137208342552185}, {'epoch': 22, 'best_score': 0.37001264095306396}, {'epoch': 23, 'best_score': 0.37944352626800537}, {'epoch': 24, 'best_score': 0.3906603753566742}, {'epoch': 25, 'best_score': 0.3956190347671509}, {'epoch': 26, 'best_score': 0.404042512178421}, {'epoch': 27, 'best_score': 0.3999352753162384}, {'epoch': 28, 'best_score': 0.3959980309009552}, {'epoch': 29, 'best_score': 0.3950318992137909}, {'epoch': 30, 'best_score': 0.39441001415252686}, {'epoch': 31, 'best_score': 0.39728403091430664}, {'epoch': 32, 'best_score': 0.39600083231925964}, {'epoch': 33, 'best_score': 0.39431512355804443}, {'epoch': 34, 'best_score': 0.3901754915714264}, {'epoch': 35, 'best_score': 0.3943101167678833}, {'epoch': 36, 'best_score': 0.3934182822704315}, {'epoch': 37, 'best_score': 0.3910125195980072}, {'epoch': 38, 'best_score': 0.3912787437438965}, {'epoch': 39, 'best_score': 0.38920342922210693}, {'epoch': 40, 'best_score': 0.38974371552467346}, {'epoch': 41, 'best_score': 0.39315399527549744}, {'epoch': 42, 'best_score': 0.3934238851070404}, {'epoch': 43, 'best_score': 0.3925486207008362}, {'epoch': 44, 'best_score': 0.39314156770706177}, {'epoch': 45, 'best_score': 0.39145559072494507}, {'epoch': 46, 'best_score': 0.3942011594772339}, {'epoch': 47, 'best_score': 0.39114677906036377}, {'epoch': 48, 'best_score': 0.40079137682914734}, {'epoch': 49, 'best_score': 0.4002360999584198}]",domainnet,1,DANN,PCA4,512.0,0.8072605729103088,0.8072605729103088,0.465893030166626,0.47497981786727905,splits_domainnet_DANN_1_0_b09dc755c62e.npz,b09dc755c62e,False,False,,,,,,,0.6789199337044236,all_pca,PCA4,IW overlap critic | W=5 | seed=0 (plug-in),True,
iw_overlap_critic,5.0,0.0,28152.0,14207.0,7040.0,3553.0,0.8038352272727273,0.0,1.0,1.2961393594741821,0.5,0.5,0.748650312423706,0.17164383828639984,8249.0,1205.0,4119.0,587.0,0.15224586117247893,0.2724458204334365,6859.0,181.0,2585.0,968.0,ok,plugin,False,,4851.171952175998,2940.991730163555,4.966784285251572,0.40825751444560404,2.414968164166458,0.7675619834710744,0.2091190543202927,0.3613649154927716,0.6386350845072284,0.6386350845072284,False,44.0,17.0,0.48891934752464294,0.3117620646953583,0.8006814122200012,"[{'epoch': 0, 'best_score': 0.015720129013061523}, {'epoch': 1, 'best_score': 0.054291725158691406}, {'epoch': 2, 'best_score': 0.13513660430908203}, {'epoch': 3, 'best_score': 0.19993805885314941}, {'epoch': 4, 'best_score': 0.2711244225502014}, {'epoch': 5, 'best_score': 0.3152672052383423}, {'epoch': 6, 'best_score': 0.33989691734313965}, {'epoch': 7, 'best_score': 0.35139667987823486}, {'epoch': 8, 'best_score': 0.3681463301181793}, {'epoch': 9, 'best_score': 0.3819566071033478}, {'epoch': 10, 'best_score': 0.39118924736976624}, {'epoch': 11, 'best_score': 0.39752498269081116}, {'epoch': 12, 'best_score': 0.4070720374584198}, {'epoch': 13, 'best_score': 0.41526710987091064}, {'epoch': 14, 'best_score': 0.418643057346344}, {'epoch': 15, 'best_score': 0.4245024025440216}, {'epoch': 16, 'best_score': 0.42565733194351196}, {'epoch': 17, 'best_score': 0.4285579323768616}, {'epoch': 18, 'best_score': 0.43047186732292175}, {'epoch': 19, 'best_score': 0.43162867426872253}, {'epoch': 20, 'best_score': 0.4369514584541321}, {'epoch': 21, 'best_score': 0.4327205717563629}, {'epoch': 22, 'best_score': 0.43167644739151}, {'epoch': 23, 'best_score': 0.43529126048088074}, {'epoch': 24, 'best_score': 0.4404650330543518}, {'epoch': 25, 'best_score': 0.4460703134536743}, {'epoch': 26, 'best_score': 0.4490000307559967}, {'epoch': 27, 'best_score': 0.44574877619743347}, {'epoch': 28, 'best_score': 0.44783177971839905}, {'epoch': 29, 'best_score': 0.4505091905593872}, {'epoch': 30, 'best_score': 0.45356932282447815}, {'epoch': 31, 'best_score': 0.45606204867362976}, {'epoch': 32, 'best_score': 0.4597945511341095}, {'epoch': 33, 'best_score': 0.462440550327301}, {'epoch': 34, 'best_score': 0.46656253933906555}, {'epoch': 35, 'best_score': 0.4663490355014801}, {'epoch': 36, 'best_score': 0.4665062427520752}, {'epoch': 37, 'best_score': 0.4699849486351013}, {'epoch': 38, 'best_score': 0.4670599102973938}, {'epoch': 39, 'best_score': 0.47973743081092834}, {'epoch': 40, 'best_score': 0.4769420921802521}, {'epoch': 41, 'best_score': 0.47898754477500916}, {'epoch': 42, 'best_score': 0.48220711946487427}, {'epoch': 43, 'best_score': 0.4864709675312042}, {'epoch': 44, 'best_score': 0.48891934752464294}, {'epoch': 45, 'best_score': 0.4870101809501648}, {'epoch': 46, 'best_score': 0.4830622971057892}, {'epoch': 47, 'best_score': 0.48152363300323486}, {'epoch': 48, 'best_score': 0.4865512251853943}, {'epoch': 49, 'best_score': 0.48621121048927307}]",domainnet,2,DANN,PCA4,512.0,0.8101378083229065,0.8101378083229065,0.38572534918785095,0.38727834820747375,splits_domainnet_DANN_2_0_b09dc755c62e.npz,b09dc755c62e,False,False,,,,,,,0.6386350845072284,all_pca,PCA4,IW overlap critic | W=5 | seed=0 (plug-in),True,
iw_overlap_critic,5.0,0.0,28152.0,15295.0,7040.0,3825.0,0.8072443181818182,0.0,1.0,1.1988575458526611,0.5,0.5,0.7510465979576111,0.17059572041034698,8191.0,1249.0,4098.0,641.0,0.1674755941046614,0.27398692810457514,6846.0,194.0,2777.0,1048.0,ok,plugin,False,,4992.819392479544,2889.0912273703248,4.983265543401262,0.40700600136372667,2.6370924668971947,0.7395038167938931,0.2026143790849673,0.37008997318962866,0.6299100268103713,0.6299100268103713,False,33.0,13.0,0.3995582163333893,0.3757927715778351,0.7753509879112244,"[{'epoch': 0, 'best_score': 0.01800483465194702}, {'epoch': 1, 'best_score': 0.04022759199142456}, {'epoch': 2, 'best_score': 0.09206348657608032}, {'epoch': 3, 'best_score': 0.17422306537628174}, {'epoch': 4, 'best_score': 0.23144906759262085}, {'epoch': 5, 'best_score': 0.26983773708343506}, {'epoch': 6, 'best_score': 0.30927592515945435}, {'epoch': 7, 'best_score': 0.32152748107910156}, {'epoch': 8, 'best_score': 0.3240875005722046}, {'epoch': 9, 'best_score': 0.3276691436767578}, {'epoch': 10, 'best_score': 0.33518198132514954}, {'epoch': 11, 'best_score': 0.334487646818161}, {'epoch': 12, 'best_score': 0.34424516558647156}, {'epoch': 13, 'best_score': 0.3487076461315155}, {'epoch': 14, 'best_score': 0.34650832414627075}, {'epoch': 15, 'best_score': 0.34544795751571655}, {'epoch': 16, 'best_score': 0.3512902557849884}, {'epoch': 17, 'best_score': 0.3514809310436249}, {'epoch': 18, 'best_score': 0.35684818029403687}, {'epoch': 19, 'best_score': 0.3564651310443878}, {'epoch': 20, 'best_score': 0.35808703303337097}, {'epoch': 21, 'best_score': 0.3564116060733795}, {'epoch': 22, 'best_score': 0.35814428329467773}, {'epoch': 23, 'best_score': 0.3680379092693329}, {'epoch': 24, 'best_score': 0.36245957016944885}, {'epoch': 25, 'best_score': 0.36439448595046997}, {'epoch': 26, 'best_score': 0.3684867322444916}, {'epoch': 27, 'best_score': 0.37167301774024963}, {'epoch': 28, 'best_score': 0.3750309348106384}, {'epoch': 29, 'best_score': 0.3804457187652588}, {'epoch': 30, 'best_score': 0.3812519609928131}, {'epoch': 31, 'best_score': 0.38822364807128906}, {'epoch': 32, 'best_score': 0.3941819667816162}, {'epoch': 33, 'best_score': 0.3995582163333893}, {'epoch': 34, 'best_score': 0.39057090878486633}, {'epoch': 35, 'best_score': 0.3927648365497589}, {'epoch': 36, 'best_score': 0.39085012674331665}, {'epoch': 37, 'best_score': 0.3911743760108948}, {'epoch': 38, 'best_score': 0.39002346992492676}, {'epoch': 39, 'best_score': 0.392902135848999}, {'epoch': 40, 'best_score': 0.394382506608963}, {'epoch': 41, 'best_score': 0.3928767740726471}, {'epoch': 42, 'best_score': 0.3940843343734741}, {'epoch': 43, 'best_score': 0.3918067514896393}, {'epoch': 44, 'best_score': 0.3914150297641754}, {'epoch': 45, 'best_score': 0.3906247913837433}, {'epoch': 46, 'best_score': 0.39307254552841187}, {'epoch': 47, 'best_score': 0.3930394947528839}, {'epoch': 48, 'best_score': 0.3960458040237427}, {'epoch': 49, 'best_score': 0.3959134817123413}]",domainnet,3,DANN,PCA4,512.0,0.8096050024032593,0.8096050024032593,0.4719189405441284,0.46562090516090393,splits_domainnet_DANN_3_0_b09dc755c62e.npz,b09dc755c62e,False,False,,,,,,,0.6299100268103713,all_pca,PCA4,IW overlap critic | W=5 | seed=0 (plug-in),True,
iw_overlap_critic,5.0,0.0,28152.0,9910.0,7040.0,2478.0,0.8025568181818181,0.0,1.0,1.090373158454895,0.5,0.5,0.6300032138824463,0.2299327850341797,8435.0,13.0,4220.0,3.0,0.205301186106572,0.0036319612590799033,7028.0,12.0,2469.0,9.0,ok,plugin,False,,6897.475630007516,5197.400813548399,4.836681569688636,0.8491659856824763,2.0709967705539185,0.7777777777777778,0.002824858757062147,0.20812604486363415,0.7918739551363658,0.7918739551363658,False,11.0,11.0,0.21022707223892212,0.7897729277610779,1.0,"[{'epoch': 0, 'best_score': 0.009148180484771729}, {'epoch': 1, 'best_score': 0.012754976749420166}, {'epoch': 2, 'best_score': 0.016620159149169922}, {'epoch': 3, 'best_score': 0.025978505611419678}, {'epoch': 4, 'best_score': 0.03813380002975464}, {'epoch': 5, 'best_score': 0.05070573091506958}, {'epoch': 6, 'best_score': 0.07531839609146118}, {'epoch': 7, 'best_score': 0.10111242532730103}, {'epoch': 8, 'best_score': 0.1220809817314148}, {'epoch': 9, 'best_score': 0.1615557074546814}, {'epoch': 10, 'best_score': 0.17269843816757202}, {'epoch': 11, 'best_score': 0.21022707223892212}, {'epoch': 12, 'best_score': -0.04356640577316284}, {'epoch': 13, 'best_score': -0.0081900954246521}, {'epoch': 14, 'best_score': 0.03002995252609253}, {'epoch': 15, 'best_score': 0.06362003087997437}, {'epoch': 16, 'best_score': 0.09623318910598755}, {'epoch': 17, 'best_score': 0.12687081098556519}, {'epoch': 18, 'best_score': -0.17685458064079285}, {'epoch': 19, 'best_score': -0.1502508819103241}, {'epoch': 20, 'best_score': -0.13175711035728455}, {'epoch': 21, 'best_score': -0.10285279154777527}, {'epoch': 22, 'best_score': -0.07927480340003967}, {'epoch': 23, 'best_score': -0.05831584334373474}, {'epoch': 24, 'best_score': -0.037029802799224854}, {'epoch': 25, 'best_score': -0.021465152502059937}, {'epoch': 26, 'best_score': -0.0066311657428741455}, {'epoch': 27, 'best_score': 0.011460572481155396}, {'epoch': 28, 'best_score': 0.018867164850234985}, {'epoch': 29, 'best_score': 0.026370227336883545}, {'epoch': 30, 'best_score': 0.035182803869247437}, {'epoch': 31, 'best_score': 0.040624380111694336}, {'epoch': 32, 'best_score': 0.04812708497047424}, {'epoch': 33, 'best_score': 0.05317249894142151}, {'epoch': 34, 'best_score': 0.05757933855056763}, {'epoch': 35, 'best_score': 0.04793998599052429}, {'epoch': 36, 'best_score': 0.05184558033943176}, {'epoch': 37, 'best_score': 0.05576559901237488}, {'epoch': 38, 'best_score': 0.06070485711097717}, {'epoch': 39, 'best_score': 0.06221488118171692}, {'epoch': 40, 'best_score': 0.06665891408920288}, {'epoch': 41, 'best_score': 0.07051718235015869}, {'epoch': 42, 'best_score': 0.07473045587539673}, {'epoch': 43, 'best_score': 0.07789373397827148}, {'epoch': 44, 'best_score': 0.08119583129882812}, {'epoch': 45, 'best_score': 0.08388957381248474}, {'epoch': 46, 'best_score': 0.08598826825618744}, {'epoch': 47, 'best_score': 0.08523033559322357}, {'epoch': 48, 'best_score': 0.08675456047058105}, {'epoch': 49, 'best_score': 0.08920514583587646}]",domainnet,1,CDANN,PCA4,64.0,0.8055910468101501,0.8055910468101501,0.5121089816093445,0.5205811262130737,splits_domainnet_CDANN_1_0_b09dc755c62e.npz,b09dc755c62e,False,False,,,,,,,0.7918739551363658,all_pca,PCA4,IW overlap critic | W=5 | seed=0 (plug-in),True,
iw_overlap_critic,5.0,0.0,28152.0,14207.0,7040.0,3553.0,0.8004261363636364,0.0,1.0,1.237045168876648,0.5,0.5,0.6299207806587219,0.2276841700077057,8421.0,73.0,4207.0,38.0,0.20265485901411415,0.014072614691809739,7020.0,20.0,3503.0,50.0,ok,plugin,False,,6711.898695407822,5094.189497735834,4.8312723284308925,0.820413624690871,2.0340684665022115,0.68,0.009569377990430623,0.21222423700454476,0.7877757629954553,0.7877757629954553,False,49.0,21.0,0.5048879384994507,0.2845858037471771,0.7894737124443054,"[{'epoch': 0, 'best_score': 0.006521701812744141}, {'epoch': 1, 'best_score': 0.012962162494659424}, {'epoch': 2, 'best_score': 0.020278215408325195}, {'epoch': 3, 'best_score': 0.026369571685791016}, {'epoch': 4, 'best_score': 0.03716689348220825}, {'epoch': 5, 'best_score': 0.0512239933013916}, {'epoch': 6, 'best_score': 0.0722014307975769}, {'epoch': 7, 'best_score': 0.09728920459747314}, {'epoch': 8, 'best_score': 0.12315762042999268}, {'epoch': 9, 'best_score': 0.1501207947731018}, {'epoch': 10, 'best_score': 0.18320131301879883}, {'epoch': 11, 'best_score': 0.1957213282585144}, {'epoch': 12, 'best_score': 0.20440030097961426}, {'epoch': 13, 'best_score': 0.2382633090019226}, {'epoch': 14, 'best_score': 0.2564231753349304}, {'epoch': 15, 'best_score': 0.28550267219543457}, {'epoch': 16, 'best_score': 0.3236381411552429}, {'epoch': 17, 'best_score': 0.3441002368927002}, {'epoch': 18, 'best_score': 0.37847745418548584}, {'epoch': 19, 'best_score': 0.40741342306137085}, {'epoch': 20, 'best_score': 0.42423808574676514}, {'epoch': 21, 'best_score': 0.4436747431755066}, {'epoch': 22, 'best_score': 0.45086947083473206}, {'epoch': 23, 'best_score': 0.45122793316841125}, {'epoch': 24, 'best_score': 0.46501919627189636}, {'epoch': 25, 'best_score': 0.4510405957698822}, {'epoch': 26, 'best_score': 0.458629846572876}, {'epoch': 27, 'best_score': 0.47117435932159424}, {'epoch': 28, 'best_score': 0.48119693994522095}, {'epoch': 29, 'best_score': 0.46653833985328674}, {'epoch': 30, 'best_score': 0.46619224548339844}, {'epoch': 31, 'best_score': 0.4614570736885071}, {'epoch': 32, 'best_score': 0.4626469612121582}, {'epoch': 33, 'best_score': 0.46645617485046387}, {'epoch': 34, 'best_score': 0.4744951128959656}, {'epoch': 35, 'best_score': 0.4786038100719452}, {'epoch': 36, 'best_score': 0.4822639524936676}, {'epoch': 37, 'best_score': 0.4860607981681824}, {'epoch': 38, 'best_score': 0.49205243587493896}, {'epoch': 39, 'best_score': 0.4918164014816284}, {'epoch': 40, 'best_score': 0.4961220324039459}, {'epoch': 41, 'best_score': 0.48219048976898193}, {'epoch': 42, 'best_score': 0.48704975843429565}, {'epoch': 43, 'best_score': 0.4852052330970764}, {'epoch': 44, 'best_score': 0.48790642619132996}, {'epoch': 45, 'best_score': 0.49078500270843506}, {'epoch': 46, 'best_score': 0.49448680877685547}, {'epoch': 47, 'best_score': 0.49908706545829773}, {'epoch': 48, 'best_score': 0.5010061860084534}, {'epoch': 49, 'best_score': 0.5048879384994507}]",domainnet,2,CDANN,PCA4,64.0,0.8071539998054504,0.8071539998054504,0.42063772678375244,0.4218969941139221,splits_domainnet_CDANN_2_0_b09dc755c62e.npz,b09dc755c62e,False,False,,,,,,,0.7877757629954553,all_pca,PCA4,IW overlap critic | W=5 | seed=0 (plug-in),True,
iw_overlap_critic,5.0,0.0,28152.0,15295.0,7040.0,3825.0,0.8063920454545455,0.0,1.0,1.0960508584976196,0.5,0.5,0.606970489025116,0.2331191450357437,8434.0,16.0,4217.0,4.0,0.18852087793539707,0.0044444444444444444,7031.0,9.0,3808.0,17.0,ok,plugin,False,,7043.759482229782,5314.912576808631,4.827640590479331,0.8706431029863335,2.103879008854598,0.5294117647058824,0.0023529411764705885,0.19087381911186765,0.8091261808881324,0.8091261808881324,False,49.0,9.0,0.7763465046882629,0.22365351021289825,1.0,"[{'epoch': 0, 'best_score': 0.007603347301483154}, {'epoch': 1, 'best_score': 0.010469198226928711}, {'epoch': 2, 'best_score': 0.016452789306640625}, {'epoch': 3, 'best_score': 0.025190770626068115}, {'epoch': 4, 'best_score': 0.03979116678237915}, {'epoch': 5, 'best_score': 0.0549965500831604}, {'epoch': 6, 'best_score': 0.0710873007774353}, {'epoch': 7, 'best_score': 0.10001581907272339}, {'epoch': 8, 'best_score': 0.1271423101425171}, {'epoch': 9, 'best_score': 0.16418695449829102}, {'epoch': 10, 'best_score': 0.20826536417007446}, {'epoch': 11, 'best_score': 0.2511083483695984}, {'epoch': 12, 'best_score': 0.2825433015823364}, {'epoch': 13, 'best_score': 0.3025243878364563}, {'epoch': 14, 'best_score': 0.3396188020706177}, {'epoch': 15, 'best_score': 0.3671836256980896}, {'epoch': 16, 'best_score': 0.4018680453300476}, {'epoch': 17, 'best_score': 0.43173396587371826}, {'epoch': 18, 'best_score': 0.4564329981803894}, {'epoch': 19, 'best_score': 0.48172295093536377}, {'epoch': 20, 'best_score': 0.5094286203384399}, {'epoch': 21, 'best_score': 0.5399971008300781}, {'epoch': 22, 'best_score': 0.3380870223045349}, {'epoch': 23, 'best_score': 0.3577030599117279}, {'epoch': 24, 'best_score': 0.37847641110420227}, {'epoch': 25, 'best_score': 0.3961568772792816}, {'epoch': 26, 'best_score': 0.40987688302993774}, {'epoch': 27, 'best_score': 0.4120773375034332}, {'epoch': 28, 'best_score': 0.4215279221534729}, {'epoch': 29, 'best_score': 0.4360213279724121}, {'epoch': 30, 'best_score': 0.44695597887039185}, {'epoch': 31, 'best_score': 0.4548811912536621}, {'epoch': 32, 'best_score': 0.46274664998054504}, {'epoch': 33, 'best_score': 0.47038257122039795}, {'epoch': 34, 'best_score': 0.47535383701324463}, {'epoch': 35, 'best_score': 0.48145583271980286}, {'epoch': 36, 'best_score': 0.48611295223236084}, {'epoch': 37, 'best_score': 0.7389779090881348}, {'epoch': 38, 'best_score': 0.7436553239822388}, {'epoch': 39, 'best_score': 0.7485622763633728}, {'epoch': 40, 'best_score': 0.7522066831588745}, {'epoch': 41, 'best_score': 0.7553374767303467}, {'epoch': 42, 'best_score': 0.7585008144378662}, {'epoch': 43, 'best_score': 0.7624265551567078}, {'epoch': 44, 'best_score': 0.7653282880783081}, {'epoch': 45, 'best_score': 0.768977165222168}, {'epoch': 46, 'best_score': 0.7699481248855591}, {'epoch': 47, 'best_score': 0.7717077732086182}, {'epoch': 48, 'best_score': 0.7737042307853699}, {'epoch': 49, 'best_score': 0.7763465046882629}]",domainnet,3,CDANN,PCA4,64.0,0.8074381947517395,0.8074381947517395,0.49369075894355774,0.48549020290374756,splits_domainnet_CDANN_3_0_b09dc755c62e.npz,b09dc755c62e,False,False,,,,,,,0.8091261808881324,all_pca,PCA4,IW overlap critic | W=5 | seed=0 (plug-in),True,
iw_overlap_critic,5.0,0.0,1700.0,8804.0,425.0,2203.0,0.8658823529411764,0.0,1.0,2.158428192138672,0.5,0.5,0.5838903784751892,0.2406596541404724,,,,,0.16379626737012526,0.0,425.0,0.0,2203.0,0.0,ok,plugin,False,,472.6693365620953,363.0903245033069,3.9584460282551084,1.0275188878028791,1.95138473703397,,0.0,0.16379626737012526,0.8362037326298748,0.8362037326298748,False,,,,,,,living17,1,DANN,PCA4,128.0,0.8994117379188538,0.8994117379188538,0.6758291721343994,0.6876986026763916,splits_living17_DANN_1_0_b09dc755c62e.npz,b09dc755c62e,False,False,,,,,,,0.8362037326298748,all_pca,PCA4,IW overlap critic | W=5 | seed=0 (plug-in),True,
iw_overlap_critic,5.0,0.0,1700.0,68.0,425.0,19.0,0.8823529411764706,0.0,1.0,54.598148345947266,0.5,0.5,0.3852941393852234,0.2508797347545624,,,,,0.11596565026653549,0.0,425.0,0.0,19.0,0.0,ok,plugin,False,,417.92151968077366,424.6932759194436,1.0951643044870107,0.9819979616201432,1.027102216393665,,0.0,0.11596565026653549,0.8840343497334645,0.8840343497334645,False,,,,,,,living17,2,DANN,PCA4,128.0,0.9094117283821106,0.9094117283821106,0.8970588445663452,0.8421052694320679,splits_living17_DANN_2_0_b09dc755c62e.npz,b09dc755c62e,True,False,,,,,,,0.8840343497334645,all_pca,PCA4,IW overlap critic | W=5 | seed=0 (plug-in),True,
iw_overlap_critic,5.0,0.0,1700.0,68.0,425.0,19.0,0.8894117647058823,0.0,1.0,54.598148345947266,0.5,0.5,0.4745098352432251,0.25066831707954407,,,,,0.1095708221545787,0.0,425.0,0.0,19.0,0.0,ok,plugin,False,,418.82558686894004,424.6851249619928,1.0640825257220627,0.9855160483822584,1.0291959567150646,,0.0,0.1095708221545787,0.8904291778454213,0.8904291778454213,False,,,,,,,living17,3,DANN,PCA4,128.0,0.9052940607070923,0.9052940607070923,0.5882353186607361,0.6842105388641357,splits_living17_DANN_3_0_b09dc755c62e.npz,b09dc755c62e,False,False,,,,,,,0.8904291778454213,all_pca,PCA4,IW overlap critic | W=5 | seed=0 (plug-in),True,
iw_overlap_critic,5.0,0.0,1700.0,8804.0,425.0,2203.0,0.8894117647058823,0.0,1.0,1.3403280973434448,0.5,0.5,0.6166443824768066,0.23017221689224243,506.0,25.0,255.0,10.0,0.15519388823660468,0.006808896958692692,424.0,1.0,2188.0,15.0,ok,plugin,False,,464.7743179963644,310.5069118954834,3.8698060631607736,0.9508260421468759,2.3806791548856827,0.7333333333333333,0.004993191103041307,0.160187079339646,0.839812920660354,0.839812920660354,False,48.0,3.0,0.4609895944595337,0.4390103816986084,0.8999999761581421,"[{'epoch': 0, 'best_score': 0.13342255353927612}, {'epoch': 1, 'best_score': 0.15032893419265747}, {'epoch': 2, 'best_score': 0.17143118381500244}, {'epoch': 3, 'best_score': 0.16722488403320312}, {'epoch': 4, 'best_score': 0.1808750033378601}, {'epoch': 5, 'best_score': 0.19564342498779297}, {'epoch': 6, 'best_score': 0.22366130352020264}, {'epoch': 7, 'best_score': 0.22363024950027466}, {'epoch': 8, 'best_score': 0.22328025102615356}, {'epoch': 9, 'best_score': 0.2267664074897766}, {'epoch': 10, 'best_score': 0.21828055381774902}, {'epoch': 11, 'best_score': 0.24185967445373535}, {'epoch': 12, 'best_score': 0.2595059871673584}, {'epoch': 13, 'best_score': 0.28769785165786743}, {'epoch': 14, 'best_score': 0.3196873068809509}, {'epoch': 15, 'best_score': 0.29515451192855835}, {'epoch': 16, 'best_score': 0.3189513087272644}, {'epoch': 17, 'best_score': 0.3421403169631958}, {'epoch': 18, 'best_score': 0.32779502868652344}, {'epoch': 19, 'best_score': 0.29523444175720215}, {'epoch': 20, 'best_score': 0.30974191427230835}, {'epoch': 21, 'best_score': 0.33518147468566895}, {'epoch': 22, 'best_score': 0.3645715117454529}, {'epoch': 23, 'best_score': 0.3645715117454529}, {'epoch': 24, 'best_score': 0.38056010007858276}, {'epoch': 25, 'best_score': 0.30033940076828003}, {'epoch': 26, 'best_score': 0.30733218789100647}, {'epoch': 27, 'best_score': 0.32316702604293823}, {'epoch': 28, 'best_score': 0.32974082231521606}, {'epoch': 29, 'best_score': 0.34097570180892944}, {'epoch': 30, 'best_score': 0.34616273641586304}, {'epoch': 31, 'best_score': 0.36025846004486084}, {'epoch': 32, 'best_score': 0.43919095396995544}, {'epoch': 33, 'best_score': 0.4408947229385376}, {'epoch': 34, 'best_score': 0.44550883769989014}, {'epoch': 35, 'best_score': 0.44851192831993103}, {'epoch': 36, 'best_score': 0.44593384861946106}, {'epoch': 37, 'best_score': 0.44120854139328003}, {'epoch': 38, 'best_score': 0.44120854139328003}, {'epoch': 39, 'best_score': 0.44120854139328003}, {'epoch': 40, 'best_score': 0.45234403014183044}, {'epoch': 41, 'best_score': 0.4506588876247406}, {'epoch': 42, 'best_score': 0.4506588876247406}, {'epoch': 43, 'best_score': 0.45269477367401123}, {'epoch': 44, 'best_score': 0.4540148973464966}, {'epoch': 45, 'best_score': 0.4540148973464966}, {'epoch': 46, 'best_score': 0.4560890793800354}, {'epoch': 47, 'best_score': 0.4560890793800354}, {'epoch': 48, 'best_score': 0.4609895944595337}, {'epoch': 49, 'best_score': 0.45997756719589233}]",living17,1,CDANN,PCA4,64.0,0.9052940607070923,0.9052940607070923,0.6863925457000732,0.6981388926506042,splits_living17_CDANN_1_0_b09dc755c62e.npz,b09dc755c62e,False,False,,,,,,,0.839812920660354,all_pca,PCA4,IW overlap critic | W=5 | seed=0 (plug-in),True,
iw_overlap_critic,5.0,0.0,1700.0,68.0,425.0,19.0,0.8917647058823529,0.0,1.0,54.598148345947266,0.5,0.5,0.43039217591285706,0.253039687871933,,,,,0.10597777404892805,0.0,425.0,0.0,19.0,0.0,ok,plugin,False,,418.0335171897859,424.5771697684283,1.1074769515659588,0.9817579430615514,1.0354156637729488,,0.0,0.10597777404892805,0.894022225951072,0.894022225951072,False,,,,,,,living17,2,CDANN,PCA4,64.0,0.9094117283821106,0.9094117283821106,0.8676470518112183,0.8421052694320679,splits_living17_CDANN_2_0_b09dc755c62e.npz,b09dc755c62e,False,False,,,,,,,0.894022225951072,all_pca,PCA4,IW overlap critic | W=5 | seed=0 (plug-in),True,
iw_overlap_critic,5.0,0.0,1700.0,68.0,425.0,19.0,0.8823529411764706,0.0,1.0,54.598148345947266,0.5,0.5,0.33529412746429443,0.2514204978942871,,,,,0.11613242223330333,0.0,425.0,0.0,19.0,0.0,ok,plugin,False,,416.98375041362146,424.65256334846146,1.0595196502652318,0.9796298367570482,1.0282822543505696,,0.0,0.11613242223330333,0.8838675777666967,0.8838675777666967,False,,,,,,,living17,3,CDANN,PCA4,64.0,0.9052940607070923,0.9052940607070923,0.5588235259056091,0.6315789222717285,splits_living17_CDANN_3_0_b09dc755c62e.npz,b09dc755c62e,False,False,,,,,,,0.8838675777666967,all_pca,PCA4,IW overlap critic | W=5 | seed=0 (plug-in),True,
iw_overlap_critic,5.0,0.0,2600.0,13282.0,650.0,3322.0,0.8046153846153846,0.0,1.0,2.461338520050049,0.5,0.5,0.5863415002822876,0.243660569190979,,,,,0.20687771341617156,0.0,650.0,0.0,3322.0,0.0,ok,plugin,False,,672.8239884616706,588.7636454101497,2.280331469154178,0.9873261067001079,1.6788277028314638,,0.0,0.20687771341617156,0.7931222865838284,0.7931222865838284,False,,,,,,,nonliving26,1,DANN,PCA4,128.0,0.8126922845840454,0.8126922845840454,0.5122722387313843,0.5192654728889465,splits_nonliving26_DANN_1_0_b09dc755c62e.npz,b09dc755c62e,False,False,,,,,,,0.7931222865838284,all_pca,PCA4,IW overlap critic | W=5 | seed=0 (plug-in),True,
iw_overlap_critic,5.0,0.0,2600.0,104.0,650.0,28.0,0.8292307692307692,0.0,1.0,54.598148345947266,0.5,0.5,0.428846150636673,0.25090551376342773,,,,,0.16922659567546094,0.0,650.0,0.0,28.0,0.0,ok,plugin,False,,641.5976123369039,649.4613433864297,1.1266106385791048,0.9874703767934574,1.0349003839259652,,0.0,0.16922659567546094,0.830773404324539,0.830773404324539,False,,,,,,,nonliving26,2,DANN,PCA4,128.0,0.8176922798156738,0.8176922798156738,0.75,0.7142857313156128,splits_nonliving26_DANN_2_0_b09dc755c62e.npz,b09dc755c62e,False,False,,,,,,,0.830773404324539,all_pca,PCA4,IW overlap critic | W=5 | seed=0 (plug-in),True,
iw_overlap_critic,5.0,0.0,2600.0,104.0,650.0,28.0,0.8246153846153846,0.0,1.0,54.598148345947266,0.5,0.5,0.4980769157409668,0.25112760066986084,,,,,0.17467250280956934,0.0,650.0,0.0,28.0,0.0,ok,plugin,False,,640.2340802581501,649.440533943523,1.0807877149641725,0.9849639636433203,1.0290380984331802,,0.0,0.17467250280956934,0.8253274971904306,0.8253274971904306,False,,,,,,,nonliving26,3,DANN,PCA4,128.0,0.8146153688430786,0.8146153688430786,0.4038461744785309,0.3214285969734192,splits_nonliving26_DANN_3_0_b09dc755c62e.npz,b09dc755c62e,False,False,,,,,,,0.8253274971904306,all_pca,PCA4,IW overlap critic | W=5 | seed=0 (plug-in),True,
iw_overlap_critic,5.0,0.0,2600.0,13282.0,650.0,3322.0,0.8169230769230769,0.0,1.0,1.9937877655029297,0.5,0.5,0.5810704231262207,0.24060797691345215,779.0,1.0,390.0,0.0,0.194756814929975,0.0009030704394942806,650.0,0.0,3319.0,3.0,unsupported_critic_region,plugin,False,,656.3937372341195,551.2827876711434,4.221464121961999,0.9544998041341968,1.7303666369500081,,,,,,,,,,,,,nonliving26,1,CDANN,PCA4,64.0,0.8176922798156738,0.8176922798156738,0.5332028269767761,0.5352197289466858,splits_nonliving26_CDANN_1_0_b09dc755c62e.npz,b09dc755c62e,,,,,,,,,,all_pca,PCA4,IW overlap critic | W=5 | seed=0 (plug-in),False,
iw_overlap_critic,5.0,0.0,2600.0,104.0,650.0,28.0,0.8138461538461539,0.0,1.0,13.71284008026123,0.5,0.5,0.5442307591438293,0.2490226924419403,,,,,0.17954642793226425,0.0,650.0,0.0,28.0,0.0,ok,plugin,False,,620.6583294989721,641.4426568765592,1.3504943193230472,0.952555960646901,1.1289600515601856,,0.0,0.17954642793226425,0.8204535720677357,0.8204535720677357,False,,,,,,,nonliving26,2,CDANN,PCA4,64.0,0.8165384531021118,0.8165384531021118,0.7692307829856873,0.7500000596046448,splits_nonliving26_CDANN_2_0_b09dc755c62e.npz,b09dc755c62e,False,False,,,,,,,0.8204535720677357,all_pca,PCA4,IW overlap critic | W=5 | seed=0 (plug-in),True,
iw_overlap_critic,5.0,0.0,2600.0,104.0,650.0,28.0,0.8123076923076923,0.0,1.0,54.598148345947266,0.5,0.5,0.3769230842590332,0.2519162595272064,,,,,0.18469481344118127,0.0,650.0,0.0,28.0,0.0,ok,plugin,False,,640.9915562462425,649.3175419358187,1.0747724229332427,0.9883050246053064,1.0346337340184635,,0.0,0.18469481344118127,0.8153051865588188,0.8153051865588188,False,,,,,,,nonliving26,3,CDANN,PCA4,64.0,0.822692334651947,0.822692334651947,0.4038461744785309,0.3214285969734192,splits_nonliving26_CDANN_3_0_b09dc755c62e.npz,b09dc755c62e,False,False,,,,,,,0.8153051865588188,all_pca,PCA4,IW overlap critic | W=5 | seed=0 (plug-in),True,
iw_overlap_critic,5.0,0.0,11745.0,35070.0,2938.0,8768.0,0.6388699795779442,0.0,1.0,2.5893306732177734,0.5,0.5,0.5391305685043335,0.2477099597454071,,,,,0.35644396791339256,0.0,2938.0,0.0,8768.0,0.0,ok,plugin,False,,2949.5290311061754,2835.1510889419837,1.7022543274269033,0.9967139904013804,1.333166204485363,,0.0,0.35644396791339256,0.6435560320866074,0.6435560320866074,False,,,,,,,fmow,1,DANN,PCA4,256.0,0.6519370079040527,0.6519370079040527,0.6103222370147705,0.6077782511711121,splits_fmow_DANN_1_0_b09dc755c62e.npz,b09dc755c62e,False,False,,,,,,,0.6435560320866074,all_pca,PCA4,IW overlap critic | W=5 | seed=0 (plug-in),True,
iw_overlap_critic,5.0,0.0,11745.0,39088.0,2938.0,9774.0,0.6344452008168822,0.0,1.0,2.2505924701690674,0.5,0.5,0.559982419013977,0.24604614078998566,,,,,0.37151365973716144,0.0,2938.0,0.0,9774.0,0.0,ok,plugin,False,,2947.096093272253,2763.8667839397963,2.236267656114855,0.9834272847430614,1.4454043485391739,,0.0,0.37151365973716144,0.6284863402628386,0.6284863402628386,False,,,,,,,fmow,2,DANN,PCA4,256.0,0.6504895687103271,0.6504895687103271,0.5482756495475769,0.5545324683189392,splits_fmow_DANN_2_0_b09dc755c62e.npz,b09dc755c62e,False,False,,,,,,,0.6284863402628386,all_pca,PCA4,IW overlap critic | W=5 | seed=0 (plug-in),True,
iw_overlap_critic,5.0,0.0,11745.0,35070.0,2938.0,8768.0,0.6466984343090538,0.0,1.0,1.6798226833343506,0.5,0.5,0.5391050577163696,0.24753981828689575,,,,,0.3381643936673361,0.0,2938.0,0.0,8768.0,0.0,ok,plugin,False,,2908.5755482523714,2819.3141158987205,1.9285496563283029,0.9833139087443198,1.3355969792486584,,0.0,0.3381643936673361,0.6618356063326639,0.6618356063326639,False,,,,,,,fmow,1,CDANN,PCA4,64.0,0.6558535695075989,0.6558535695075989,0.605617344379425,0.6010492444038391,splits_fmow_CDANN_1_0_b09dc755c62e.npz,b09dc755c62e,False,False,,,,,,,0.6618356063326639,all_pca,PCA4,IW overlap critic | W=5 | seed=0 (plug-in),True,
iw_overlap_critic,5.0,0.0,11745.0,39088.0,2938.0,9774.0,0.6446562287270252,0.0,1.0,1.4382987022399902,0.5,0.5,0.5472197532653809,0.24689695239067078,,,,,0.3548137088932223,0.0,2938.0,0.0,9774.0,0.0,ok,plugin,False,,2933.415652576186,2791.822521738837,2.0317921149665388,0.9812030500643636,1.4133091088274368,,0.0,0.3548137088932223,0.6451862911067777,0.6451862911067777,False,,,,,,,fmow,2,CDANN,PCA4,64.0,0.6548318862915039,0.6548318862915039,0.5420845150947571,0.5445058345794678,splits_fmow_CDANN_2_0_b09dc755c62e.npz,b09dc755c62e,False,False,,,,,,,0.6451862911067777,all_pca,PCA4,IW overlap critic | W=5 | seed=0 (plug-in),True,
iw_overlap_critic,5.0,0.0,731.0,898.0,184.0,227.0,0.9239130434782609,0.0,1.0,26.513965606689453,0.5,0.5,0.5130829811096191,0.24920149147510529,,,,,0.07490387015182091,0.0,184.0,0.0,227.0,0.0,ok,plugin,False,,182.75362949592585,181.63426140840306,1.3261444286652622,0.9752719152791629,1.1975999425121098,,0.0,0.07490387015182091,0.9250961298481791,0.9250961298481791,False,,,,,,,officehome,1,DANN,PCA4,146.0,0.922024667263031,0.922024667263031,0.7193763852119446,0.7268722057342529,splits_officehome_DANN_1_0_b09dc755c62e.npz,b09dc755c62e,False,False,,,,,,,0.9250961298481791,all_pca,PCA4,IW overlap critic | W=5 | seed=0 (plug-in),True,
iw_overlap_critic,5.0,0.0,731.0,893.0,184.0,226.0,0.9021739130434783,0.0,1.0,8.752723693847656,0.5,0.5,0.6040480136871338,0.24497924745082855,,,,,0.1016256545283902,0.0,184.0,0.0,226.0,0.0,ok,plugin,False,,180.12935527128832,172.21353974800874,2.0979909088530913,0.959588256029108,1.4153718799386863,,0.0,0.1016256545283902,0.8983743454716098,0.8983743454716098,False,,,,,,,officehome,2,DANN,PCA4,146.0,0.915184736251831,0.915184736251831,0.44904816150665283,0.45132744312286377,splits_officehome_DANN_2_0_b09dc755c62e.npz,b09dc755c62e,False,False,,,,,,,0.8983743454716098,all_pca,PCA4,IW overlap critic | W=5 | seed=0 (plug-in),True,
iw_overlap_critic,5.0,0.0,731.0,507.0,184.0,128.0,0.9130434782608696,0.0,1.0,8.945487976074219,0.5,0.5,0.5967123508453369,0.2359590381383896,,,,,0.09570844021245747,0.0,184.0,0.0,128.0,0.0,ok,plugin,False,,164.22688510104112,149.15402041990544,2.5987587062712394,0.838084621500883,1.7554465516286617,,0.0,0.09570844021245747,0.9042915597875425,0.9042915597875425,False,,,,,,,officehome,3,DANN,PCA4,146.0,0.9056087732315063,0.9056087732315063,0.5364891290664673,0.5625,splits_officehome_DANN_3_0_b09dc755c62e.npz,b09dc755c62e,False,False,,,,,,,0.9042915597875425,all_pca,PCA4,IW overlap critic | W=5 | seed=0 (plug-in),True,
iw_overlap_critic,5.0,0.0,731.0,898.0,184.0,227.0,0.9130434782608696,0.0,1.0,6.3067145347595215,0.5,0.5,0.5241649746894836,0.24703700840473175,,,,,0.07924411755802355,0.0,184.0,0.0,227.0,0.0,ok,plugin,False,,181.23173184654965,168.77023670339966,2.4264127725313864,0.9113444952324711,1.4837927248743454,,0.0,0.07924411755802355,0.9207558824419765,0.9207558824419765,False,,,,,,,officehome,1,CDANN,PCA4,64.0,0.9138167500495911,0.9138167500495911,0.730512261390686,0.7488986253738403,splits_officehome_CDANN_1_0_b09dc755c62e.npz,b09dc755c62e,False,False,,,,,,,0.9207558824419765,all_pca,PCA4,IW overlap critic | W=5 | seed=0 (plug-in),True,
iw_overlap_critic,5.0,0.0,731.0,893.0,184.0,226.0,0.8913043478260869,0.0,1.0,1.4432713985443115,0.5,0.5,0.7562720775604248,0.16281718015670776,206.0,90.0,105.0,46.0,0.09151406333617695,0.3053097345132743,175.0,9.0,157.0,69.0,ok,plugin,False,,114.84265944171831,70.5102886333923,4.909887225409437,0.37123144371987754,2.1310784957935054,0.7971014492753623,0.24336283185840707,0.334876895194584,0.665123104805416,0.665123104805416,False,38.0,7.0,0.41235339641571045,0.43547266721725464,0.8478260636329651,"[{'epoch': 0, 'best_score': 0.0829768180847168}, {'epoch': 1, 'best_score': 0.0829768180847168}, {'epoch': 2, 'best_score': 0.0829768180847168}, {'epoch': 3, 'best_score': 0.08829349279403687}, {'epoch': 4, 'best_score': 0.11944544315338135}, {'epoch': 5, 'best_score': 0.11201196908950806}, {'epoch': 6, 'best_score': 0.13349634408950806}, {'epoch': 7, 'best_score': 0.11674827337265015}, {'epoch': 8, 'best_score': 0.13173812627792358}, {'epoch': 9, 'best_score': 0.15939754247665405}, {'epoch': 10, 'best_score': 0.17312568426132202}, {'epoch': 11, 'best_score': 0.18469923734664917}, {'epoch': 12, 'best_score': 0.2031880021095276}, {'epoch': 13, 'best_score': 0.2099577784538269}, {'epoch': 14, 'best_score': 0.21688973903656006}, {'epoch': 15, 'best_score': 0.21688973903656006}, {'epoch': 16, 'best_score': 0.22070682048797607}, {'epoch': 17, 'best_score': 0.23059523105621338}, {'epoch': 18, 'best_score': 0.24210768938064575}, {'epoch': 19, 'best_score': 0.2635195255279541}, {'epoch': 20, 'best_score': 0.25737524032592773}, {'epoch': 21, 'best_score': 0.24473929405212402}, {'epoch': 22, 'best_score': 0.23937416076660156}, {'epoch': 23, 'best_score': 0.2781214118003845}, {'epoch': 24, 'best_score': 0.282121479511261}, {'epoch': 25, 'best_score': 0.29234611988067627}, {'epoch': 26, 'best_score': 0.29238981008529663}, {'epoch': 27, 'best_score': 0.31136375665664673}, {'epoch': 28, 'best_score': 0.29670435190200806}, {'epoch': 29, 'best_score': 0.3355604410171509}, {'epoch': 30, 'best_score': 0.3380108177661896}, {'epoch': 31, 'best_score': 0.31733420491218567}, {'epoch': 32, 'best_score': 0.34311848878860474}, {'epoch': 33, 'best_score': 0.34311848878860474}, {'epoch': 34, 'best_score': 0.3627381920814514}, {'epoch': 35, 'best_score': 0.3449332118034363}, {'epoch': 36, 'best_score': 0.3449332118034363}, {'epoch': 37, 'best_score': 0.3579566478729248}, {'epoch': 38, 'best_score': 0.41235339641571045}, {'epoch': 39, 'best_score': 0.3975609540939331}, {'epoch': 40, 'best_score': 0.3988337516784668}, {'epoch': 41, 'best_score': 0.40305525064468384}, {'epoch': 42, 'best_score': 0.40305525064468384}, {'epoch': 43, 'best_score': 0.40604129433631897}, {'epoch': 44, 'best_score': 0.40604129433631897}, {'epoch': 45, 'best_score': 0.378350168466568}, {'epoch': 46, 'best_score': 0.35736656188964844}, {'epoch': 47, 'best_score': 0.36775651574134827}, {'epoch': 48, 'best_score': 0.37023425102233887}, {'epoch': 49, 'best_score': 0.37023425102233887}]",officehome,2,CDANN,PCA4,64.0,0.9015048146247864,0.9015048146247864,0.4501679837703705,0.45132744312286377,splits_officehome_CDANN_2_0_b09dc755c62e.npz,b09dc755c62e,False,False,,,,,,,0.665123104805416,all_pca,PCA4,IW overlap critic | W=5 | seed=0 (plug-in),True,
iw_overlap_critic,5.0,0.0,731.0,507.0,184.0,128.0,0.9130434782608696,0.0,1.0,2.3363990783691406,0.5,0.5,0.7372602820396423,0.18301522731781006,207.0,41.0,105.0,17.0,0.08839059078186542,0.3046875,176.0,8.0,89.0,39.0,ok,plugin,False,,135.4736031515518,77.94485733533969,4.880938101394779,0.4419952950320478,2.6735894011081633,0.8974358974358975,0.2734375,0.3618280907818654,0.6381719092181346,0.6381719092181346,False,45.0,4.0,0.570534348487854,0.31181856989860535,0.8823529481887817,"[{'epoch': 0, 'best_score': 0.08537870645523071}, {'epoch': 1, 'best_score': 0.0903618335723877}, {'epoch': 2, 'best_score': 0.12033951282501221}, {'epoch': 3, 'best_score': 0.15549367666244507}, {'epoch': 4, 'best_score': 0.1975228190422058}, {'epoch': 5, 'best_score': 0.2228676676750183}, {'epoch': 6, 'best_score': 0.2228676676750183}, {'epoch': 7, 'best_score': 0.16713571548461914}, {'epoch': 8, 'best_score': 0.200312077999115}, {'epoch': 9, 'best_score': 0.22138607501983643}, {'epoch': 10, 'best_score': 0.2570076584815979}, {'epoch': 11, 'best_score': 0.2703883647918701}, {'epoch': 12, 'best_score': 0.3344573974609375}, {'epoch': 13, 'best_score': 0.36251795291900635}, {'epoch': 14, 'best_score': 0.3817511200904846}, {'epoch': 15, 'best_score': 0.38595032691955566}, {'epoch': 16, 'best_score': 0.39221465587615967}, {'epoch': 17, 'best_score': 0.4227461814880371}, {'epoch': 18, 'best_score': 0.4227461814880371}, {'epoch': 19, 'best_score': 0.432590126991272}, {'epoch': 20, 'best_score': 0.43904346227645874}, {'epoch': 21, 'best_score': 0.43904346227645874}, {'epoch': 22, 'best_score': 0.45493510365486145}, {'epoch': 23, 'best_score': 0.5181307196617126}, {'epoch': 24, 'best_score': 0.46934977173805237}, {'epoch': 25, 'best_score': 0.47663170099258423}, {'epoch': 26, 'best_score': 0.48021823167800903}, {'epoch': 27, 'best_score': 0.48538580536842346}, {'epoch': 28, 'best_score': 0.5003894567489624}, {'epoch': 29, 'best_score': 0.47864776849746704}, {'epoch': 30, 'best_score': 0.49445390701293945}, {'epoch': 31, 'best_score': 0.49804046750068665}, {'epoch': 32, 'best_score': 0.49804046750068665}, {'epoch': 33, 'best_score': 0.5058600902557373}, {'epoch': 34, 'best_score': 0.4998387098312378}, {'epoch': 35, 'best_score': 0.5018590092658997}, {'epoch': 36, 'best_score': 0.5400696396827698}, {'epoch': 37, 'best_score': 0.5479543209075928}, {'epoch': 38, 'best_score': 0.5479543209075928}, {'epoch': 39, 'best_score': 0.5479543209075928}, {'epoch': 40, 'best_score': 0.5526140928268433}, {'epoch': 41, 'best_score': 0.564403772354126}, {'epoch': 42, 'best_score': 0.564403772354126}, {'epoch': 43, 'best_score': 0.564403772354126}, {'epoch': 44, 'best_score': 0.564403772354126}, {'epoch': 45, 'best_score': 0.570534348487854}, {'epoch': 46, 'best_score': 0.5144772529602051}, {'epoch': 47, 'best_score': 0.5144772529602051}, {'epoch': 48, 'best_score': 0.5560976266860962}, {'epoch': 49, 'best_score': 0.5637735724449158}]",officehome,3,CDANN,PCA4,64.0,0.9138167500495911,0.9138167500495911,0.5364891290664673,0.5546875,splits_officehome_CDANN_3_0_b09dc755c62e.npz,b09dc755c62e,False,False,,,,,,,0.6381719092181346,all_pca,PCA4,IW overlap critic | W=5 | seed=0 (plug-in),True,
iw_overlap_critic,5.0,0.0,24387.0,11083.0,6098.0,2773.0,0.9996720236142997,0.0,1.0,1.0069303512573242,0.5,0.5,0.9467568397521973,0.04128602147102356,7143.0,2957.0,3559.0,1478.0,0.00030007916459608256,0.8882077172737107,5945.0,153.0,310.0,2463.0,ok,plugin,False,,1222.8802015349288,684.4692421303589,4.935771641726533,0.016396981368867303,1.1478865429014027,0.8660170523751523,0.7692030292102415,0.7695031083748376,0.2304968916251624,0.2304968916251624,False,44.0,27.0,0.7124205827713013,0.17864841222763062,0.8910689949989319,"[{'epoch': 0, 'best_score': 0.09058642387390137}, {'epoch': 1, 'best_score': 0.12928467988967896}, {'epoch': 2, 'best_score': 0.1746693253517151}, {'epoch': 3, 'best_score': 0.24966424703598022}, {'epoch': 4, 'best_score': 0.3111397325992584}, {'epoch': 5, 'best_score': 0.35706788301467896}, {'epoch': 6, 'best_score': 0.40309083461761475}, {'epoch': 7, 'best_score': 0.42608916759490967}, {'epoch': 8, 'best_score': 0.43706950545310974}, {'epoch': 9, 'best_score': 0.46003568172454834}, {'epoch': 10, 'best_score': 0.4767746925354004}, {'epoch': 11, 'best_score': 0.4832427203655243}, {'epoch': 12, 'best_score': 0.5044578313827515}, {'epoch': 13, 'best_score': 0.5219163298606873}, {'epoch': 14, 'best_score': 0.5251145958900452}, {'epoch': 15, 'best_score': 0.5498024821281433}, {'epoch': 16, 'best_score': 0.5610806941986084}, {'epoch': 17, 'best_score': 0.5662598609924316}, {'epoch': 18, 'best_score': 0.5731869339942932}, {'epoch': 19, 'best_score': 0.5778946280479431}, {'epoch': 20, 'best_score': 0.5753612518310547}, {'epoch': 21, 'best_score': 0.5873823165893555}, {'epoch': 22, 'best_score': 0.604282796382904}, {'epoch': 23, 'best_score': 0.6125582456588745}, {'epoch': 24, 'best_score': 0.6212638020515442}, {'epoch': 25, 'best_score': 0.6330848336219788}, {'epoch': 26, 'best_score': 0.6364272832870483}, {'epoch': 27, 'best_score': 0.6355828642845154}, {'epoch': 28, 'best_score': 0.6460189819335938}, {'epoch': 29, 'best_score': 0.6489416360855103}, {'epoch': 30, 'best_score': 0.6576138138771057}, {'epoch': 31, 'best_score': 0.6615592837333679}, {'epoch': 32, 'best_score': 0.6632732152938843}, {'epoch': 33, 'best_score': 0.6764761805534363}, {'epoch': 34, 'best_score': 0.6776597499847412}, {'epoch': 35, 'best_score': 0.6817190647125244}, {'epoch': 36, 'best_score': 0.6857921481132507}, {'epoch': 37, 'best_score': 0.6889235973358154}, {'epoch': 38, 'best_score': 0.6912503838539124}, {'epoch': 39, 'best_score': 0.6945590972900391}, {'epoch': 40, 'best_score': 0.6969102621078491}, {'epoch': 41, 'best_score': 0.6999642252922058}, {'epoch': 42, 'best_score': 0.7032859325408936}, {'epoch': 43, 'best_score': 0.7105718851089478}, {'epoch': 44, 'best_score': 0.7124205827713013}, {'epoch': 45, 'best_score': 0.7050231099128723}, {'epoch': 46, 'best_score': 0.70543372631073}, {'epoch': 47, 'best_score': 0.707621693611145}, {'epoch': 48, 'best_score': 0.7105778455734253}, {'epoch': 49, 'best_score': 0.7102044820785522}]",visda,1,DANN,PCA4,512.0,0.9995489120483398,0.9995489120483398,0.6463051438331604,0.6473133563995361,splits_visda_DANN_1_0_b09dc755c62e.npz,b09dc755c62e,True,True,,,,,,,0.2304968916251624,all_pca,PCA4,IW overlap critic | W=5 | seed=0 (plug-in),True,
iw_overlap_critic,5.0,0.0,24387.0,14480.0,6098.0,3620.0,0.9998360118071499,0.0,1.0,1.1549476385116577,0.5,0.5,0.9210432767868042,0.0572073757648468,7180.0,3516.0,3568.0,1747.0,0.0006739331148553906,0.8080110497237569,5967.0,131.0,695.0,2925.0,ok,plugin,False,,1323.5700673371161,748.0812278806802,4.976780843771496,0.022134703201209055,1.2601090257010843,0.8868376068376068,0.7165745856353591,0.7172485187502146,0.28275148124978544,0.28275148124978544,False,49.0,23.0,0.7598586678504944,0.12222494184970856,0.8820835947990417,"[{'epoch': 0, 'best_score': 0.08244508504867554}, {'epoch': 1, 'best_score': 0.10740679502487183}, {'epoch': 2, 'best_score': 0.1981450319290161}, {'epoch': 3, 'best_score': 0.25691401958465576}, {'epoch': 4, 'best_score': 0.3376155495643616}, {'epoch': 5, 'best_score': 0.385597825050354}, {'epoch': 6, 'best_score': 0.429639607667923}, {'epoch': 7, 'best_score': 0.4538571238517761}, {'epoch': 8, 'best_score': 0.4676037132740021}, {'epoch': 9, 'best_score': 0.4859117567539215}, {'epoch': 10, 'best_score': 0.5004160404205322}, {'epoch': 11, 'best_score': 0.5122858881950378}, {'epoch': 12, 'best_score': 0.5212807655334473}, {'epoch': 13, 'best_score': 0.5336239337921143}, {'epoch': 14, 'best_score': 0.5496885776519775}, {'epoch': 15, 'best_score': 0.556282103061676}, {'epoch': 16, 'best_score': 0.5781439542770386}, {'epoch': 17, 'best_score': 0.5739330649375916}, {'epoch': 18, 'best_score': 0.5767176747322083}, {'epoch': 19, 'best_score': 0.5873709917068481}, {'epoch': 20, 'best_score': 0.5959776043891907}, {'epoch': 21, 'best_score': 0.6077756285667419}, {'epoch': 22, 'best_score': 0.6192541122436523}, {'epoch': 23, 'best_score': 0.6302478313446045}, {'epoch': 24, 'best_score': 0.6420860290527344}, {'epoch': 25, 'best_score': 0.6491588950157166}, {'epoch': 26, 'best_score': 0.6590886116027832}, {'epoch': 27, 'best_score': 0.6728857755661011}, {'epoch': 28, 'best_score': 0.6794368028640747}, {'epoch': 29, 'best_score': 0.6810051202774048}, {'epoch': 30, 'best_score': 0.6880035400390625}, {'epoch': 31, 'best_score': 0.6965556740760803}, {'epoch': 32, 'best_score': 0.7068485617637634}, {'epoch': 33, 'best_score': 0.7110407948493958}, {'epoch': 34, 'best_score': 0.7124623656272888}, {'epoch': 35, 'best_score': 0.7197158336639404}, {'epoch': 36, 'best_score': 0.7208849191665649}, {'epoch': 37, 'best_score': 0.7265433669090271}, {'epoch': 38, 'best_score': 0.7336093783378601}, {'epoch': 39, 'best_score': 0.7390167713165283}, {'epoch': 40, 'best_score': 0.7406312227249146}, {'epoch': 41, 'best_score': 0.7430819869041443}, {'epoch': 42, 'best_score': 0.7474086284637451}, {'epoch': 43, 'best_score': 0.7473989725112915}, {'epoch': 44, 'best_score': 0.7503622174263}, {'epoch': 45, 'best_score': 0.7545946836471558}, {'epoch': 46, 'best_score': 0.7586310505867004}, {'epoch': 47, 'best_score': 0.758667528629303}, {'epoch': 48, 'best_score': 0.7589638829231262}, {'epoch': 49, 'best_score': 0.7598586678504944}]",visda,2,DANN,PCA4,512.0,0.9997539520263672,0.9997539520263672,0.6546961069107056,0.6544198393821716,splits_visda_DANN_2_0_b09dc755c62e.npz,b09dc755c62e,True,True,,,,,,,0.28275148124978544,all_pca,PCA4,IW overlap critic | W=5 | seed=0 (plug-in),True,
iw_overlap_critic,5.0,0.0,24387.0,11083.0,6098.0,2773.0,0.9993440472285995,0.0,1.0,0.6421828866004944,0.5,0.5,0.9498335123062134,0.037861574441194534,7154.0,3032.0,3568.0,1500.0,4.630571359496266e-06,0.9210241615578796,5963.0,135.0,219.0,2554.0,ok,plugin,False,,1045.3658592444053,606.5211922086963,4.976365733196177,0.010869859328508907,0.9755023639917563,0.514878621769773,0.47421565091958173,0.47422028149094125,0.5257797185090587,0.5257797185090587,False,49.0,12.0,0.45719677209854126,0.07413656264543533,0.531333327293396,"[{'epoch': 0, 'best_score': 0.08604192733764648}, {'epoch': 1, 'best_score': 0.08793586492538452}, {'epoch': 2, 'best_score': 0.09609979391098022}, {'epoch': 3, 'best_score': 0.0988384485244751}, {'epoch': 4, 'best_score': 0.09977233409881592}, {'epoch': 5, 'best_score': 0.10497641563415527}, {'epoch': 6, 'best_score': 0.10655087232589722}, {'epoch': 7, 'best_score': 0.13053619861602783}, {'epoch': 8, 'best_score': 0.15090793371200562}, {'epoch': 9, 'best_score': 0.16758978366851807}, {'epoch': 10, 'best_score': 0.17034602165222168}, {'epoch': 11, 'best_score': 0.18532711267471313}, {'epoch': 12, 'best_score': 0.19416236877441406}, {'epoch': 13, 'best_score': 0.2072690725326538}, {'epoch': 14, 'best_score': 0.2464960813522339}, {'epoch': 15, 'best_score': 0.24333208799362183}, {'epoch': 16, 'best_score': 0.2545015811920166}, {'epoch': 17, 'best_score': 0.28240862488746643}, {'epoch': 18, 'best_score': 0.28144407272338867}, {'epoch': 19, 'best_score': 0.3026212751865387}, {'epoch': 20, 'best_score': 0.3278919756412506}, {'epoch': 21, 'best_score': 0.32630959153175354}, {'epoch': 22, 'best_score': 0.32514575123786926}, {'epoch': 23, 'best_score': 0.346068799495697}, {'epoch': 24, 'best_score': 0.3420141637325287}, {'epoch': 25, 'best_score': 0.3337574899196625}, {'epoch': 26, 'best_score': 0.3588792383670807}, {'epoch': 27, 'best_score': 0.3793495297431946}, {'epoch': 28, 'best_score': 0.40147146582603455}, {'epoch': 29, 'best_score': 0.4042707085609436}, {'epoch': 30, 'best_score': 0.39334535598754883}, {'epoch': 31, 'best_score': 0.40861839056015015}, {'epoch': 32, 'best_score': 0.4032852351665497}, {'epoch': 33, 'best_score': 0.40191414952278137}, {'epoch': 34, 'best_score': 0.4022858142852783}, {'epoch': 35, 'best_score': 0.4100797772407532}, {'epoch': 36, 'best_score': 0.4257728159427643}, {'epoch': 37, 'best_score': 0.42542803287506104}, {'epoch': 38, 'best_score': 0.42569485306739807}, {'epoch': 39, 'best_score': 0.4271722137928009}, {'epoch': 40, 'best_score': 0.4305834174156189}, {'epoch': 41, 'best_score': 0.4292370080947876}, {'epoch': 42, 'best_score': 0.4353101849555969}, {'epoch': 43, 'best_score': 0.4281536340713501}, {'epoch': 44, 'best_score': 0.4229241609573364}, {'epoch': 45, 'best_score': 0.42702576518058777}, {'epoch': 46, 'best_score': 0.4336340129375458}, {'epoch': 47, 'best_score': 0.44527530670166016}, {'epoch': 48, 'best_score': 0.44882288575172424}, {'epoch': 49, 'best_score': 0.45719677209854126}]",visda,1,CDANN,PCA4,64.0,0.9990978837013245,0.9990978837013245,0.6784264445304871,0.6693112254142761,splits_visda_CDANN_1_0_b09dc755c62e.npz,b09dc755c62e,True,True,,,,,,,0.5257797185090587,all_pca,PCA4,IW overlap critic | W=5 | seed=0 (plug-in),True,
iw_overlap_critic,5.0,0.0,24387.0,14480.0,6098.0,3620.0,0.9995080354214496,0.0,1.0,0.5804858803749084,0.5,0.5,0.940099835395813,0.04283657297492027,7125.0,3794.0,3578.0,1898.0,7.755294396452847e-05,0.8828729281767956,5936.0,162.0,424.0,3196.0,ok,plugin,False,,1077.7510012122884,557.6322425998419,4.952583775091541,0.006430318761396358,1.0603969657622152,0.613892365456821,0.5419889502762432,0.5420665032202077,0.45793349677979234,0.45793349677979234,False,34.0,7.0,0.4326202869415283,0.16432388126850128,0.5969441533088684,"[{'epoch': 0, 'best_score': 0.100536048412323}, {'epoch': 1, 'best_score': 0.10539615154266357}, {'epoch': 2, 'best_score': 0.10248565673828125}, {'epoch': 3, 'best_score': 0.09692621231079102}, {'epoch': 4, 'best_score': 0.10296517610549927}, {'epoch': 5, 'best_score': 0.11302995681762695}, {'epoch': 6, 'best_score': 0.10769480466842651}, {'epoch': 7, 'best_score': 0.10107719898223877}, {'epoch': 8, 'best_score': 0.10761719942092896}, {'epoch': 9, 'best_score': 0.13661301136016846}, {'epoch': 10, 'best_score': 0.17002755403518677}, {'epoch': 11, 'best_score': 0.16539227962493896}, {'epoch': 12, 'best_score': 0.18370026350021362}, {'epoch': 13, 'best_score': 0.17670691013336182}, {'epoch': 14, 'best_score': 0.19117897748947144}, {'epoch': 15, 'best_score': 0.21043914556503296}, {'epoch': 16, 'best_score': 0.2476992905139923}, {'epoch': 17, 'best_score': 0.26510152220726013}, {'epoch': 18, 'best_score': 0.27462396025657654}, {'epoch': 19, 'best_score': 0.27793580293655396}, {'epoch': 20, 'best_score': 0.28570300340652466}, {'epoch': 21, 'best_score': 0.30256789922714233}, {'epoch': 22, 'best_score': 0.30674344301223755}, {'epoch': 23, 'best_score': 0.30704265832901}, {'epoch': 24, 'best_score': 0.32325416803359985}, {'epoch': 25, 'best_score': 0.3506218194961548}, {'epoch': 26, 'best_score': 0.3606263995170593}, {'epoch': 27, 'best_score': 0.38370630145072937}, {'epoch': 28, 'best_score': 0.3801955580711365}, {'epoch': 29, 'best_score': 0.3880101442337036}, {'epoch': 30, 'best_score': 0.39342159032821655}, {'epoch': 31, 'best_score': 0.3975028395652771}, {'epoch': 32, 'best_score': 0.4144192039966583}, {'epoch': 33, 'best_score': 0.4280618131160736}, {'epoch': 34, 'best_score': 0.4326202869415283}, {'epoch': 35, 'best_score': 0.4232478141784668}, {'epoch': 36, 'best_score': 0.4162009358406067}, {'epoch': 37, 'best_score': 0.4306128919124603}, {'epoch': 38, 'best_score': 0.42784762382507324}, {'epoch': 39, 'best_score': 0.4259335398674011}, {'epoch': 40, 'best_score': 0.4251260757446289}, {'epoch': 41, 'best_score': 0.41816961765289307}, {'epoch': 42, 'best_score': 0.423980712890625}, {'epoch': 43, 'best_score': 0.42193737626075745}, {'epoch': 44, 'best_score': 0.42353174090385437}, {'epoch': 45, 'best_score': 0.4252675473690033}, {'epoch': 46, 'best_score': 0.42705023288726807}, {'epoch': 47, 'best_score': 0.41920337080955505}, {'epoch': 48, 'best_score': 0.4227377772331238}, {'epoch': 49, 'best_score': 0.43261146545410156}]",visda,2,CDANN,PCA4,64.0,0.9995899200439453,0.9995899200439453,0.7107734680175781,0.7140883803367615,splits_visda_CDANN_2_0_b09dc755c62e.npz,b09dc755c62e,True,True,,,,,,,0.45793349677979234,all_pca,PCA4,IW overlap critic | W=5 | seed=0 (plug-in),True,
iw_overlap_critic,5.0,0.0,6500.0,33009.0,1625.0,8255.0,0.904,0.0,1.0,1.8530629873275757,0.5,0.5,0.5364452600479126,0.24901244044303894,,,,,0.10113244800326926,0.0,1625.0,0.0,8255.0,0.0,ok,plugin,False,,1638.1487812856544,1597.2230893914025,1.7532263129870007,1.0056999830837947,1.2370699404854708,,0.0,0.10113244800326926,0.8988675519967307,0.8988675519967307,False,,,,,,,entity13,1,DANN,PCA16,32.0,0.905846118927002,0.905846118927002,0.7318307161331177,0.7345851063728333,splits_entity13_DANN_1_0_b09dc755c62e.npz,b09dc755c62e,False,False,,,,,,,0.8988675519967307,all_pca,PCA16,IW overlap critic | W=5 | seed=0 (plug-in),True,
iw_overlap_critic,5.0,0.0,6500.0,260.0,1625.0,65.0,0.9101538461538462,0.0,1.0,13.29384994506836,0.5,0.5,0.5376923084259033,0.24971038103103638,,,,,0.08972846333519681,0.0,1625.0,0.0,65.0,0.0,ok,plugin,False,,1593.5044258160337,1618.102533702859,1.1703790763279103,0.9867194450871848,1.0736861977608667,,0.0,0.08972846333519681,0.9102715366648032,0.9102715366648032,False,,,,,,,entity13,2,DANN,PCA16,32.0,0.9129230380058289,0.9129230380058289,0.8615384697914124,0.8461538553237915,splits_entity13_DANN_2_0_b09dc755c62e.npz,b09dc755c62e,False,False,,,,,,,0.9102715366648032,all_pca,PCA16,IW overlap critic | W=5 | seed=0 (plug-in),True,
iw_overlap_critic,5.0,0.0,6500.0,260.0,1625.0,65.0,0.9027692307692308,0.0,1.0,1.9349365234375,0.5,0.5,0.5976923108100891,0.23669494688510895,,,,,0.11263810276471811,0.0,1625.0,0.0,65.0,0.0,ok,plugin,False,,1533.5403260588973,1250.7896160964308,4.59581354998394,0.8480852534856256,1.8614457208871091,,0.0,0.11263810276471811,0.8873618972352819,0.8873618972352819,False,,,,,,,entity13,3,DANN,PCA16,32.0,0.907076895236969,0.907076895236969,0.6653845906257629,0.5538461804389954,splits_entity13_DANN_3_0_b09dc755c62e.npz,b09dc755c62e,False,False,,,,,,,0.8873618972352819,all_pca,PCA16,IW overlap critic | W=5 | seed=0 (plug-in),True,
iw_overlap_critic,5.0,0.0,6500.0,33009.0,1625.0,8255.0,0.9132307692307693,0.0,1.0,1.775124192237854,0.5,0.5,0.5358391404151917,0.24932822585105896,,,,,0.08881859178631613,0.0,1625.0,0.0,8255.0,0.0,ok,plugin,False,,1626.3300294548944,1607.3195506848322,1.3848137148106956,1.0046824136032193,1.1589464917022145,,0.0,0.08881859178631613,0.9111814082136839,0.9111814082136839,False,,,,,,,entity13,1,CDANN,PCA16,16.0,0.9096922874450684,0.9096922874450684,0.7354357838630676,0.7372501492500305,splits_entity13_CDANN_1_0_b09dc755c62e.npz,b09dc755c62e,False,False,,,,,,,0.9111814082136839,all_pca,PCA16,IW overlap critic | W=5 | seed=0 (plug-in),True,
iw_overlap_critic,5.0,0.0,6500.0,260.0,1625.0,65.0,0.9058461538461539,0.0,1.0,54.598148345947266,0.5,0.5,0.4746153950691223,0.25032246112823486,,,,,0.09430320653794334,0.0,1625.0,0.0,65.0,0.0,ok,plugin,False,,1620.1358707453442,1624.7753736434915,1.0362474670433792,0.9974961811222159,1.0155036818384287,,0.0,0.09430320653794334,0.9056967934620567,0.9056967934620567,False,,,,,,,entity13,2,CDANN,PCA16,16.0,0.9081538319587708,0.9081538319587708,0.8423076868057251,0.8769230842590332,splits_entity13_CDANN_2_0_b09dc755c62e.npz,b09dc755c62e,False,False,,,,,,,0.9056967934620567,all_pca,PCA16,IW overlap critic | W=5 | seed=0 (plug-in),True,
iw_overlap_critic,5.0,0.0,6500.0,260.0,1625.0,65.0,0.9015384615384615,0.0,1.0,1.8160862922668457,0.5,0.5,0.5453846454620361,0.2456142157316208,,,,,0.1071709407418081,0.0,1625.0,0.0,65.0,0.0,ok,plugin,False,,1621.5956652398384,1522.9653967424924,2.505809956475802,0.9998386516128769,1.424228557381874,,0.0,0.1071709407418081,0.8928290592581919,0.8928290592581919,False,,,,,,,entity13,3,CDANN,PCA16,16.0,0.9061538577079773,0.9061538577079773,0.6653845906257629,0.5692307949066162,splits_entity13_CDANN_3_0_b09dc755c62e.npz,b09dc755c62e,False,False,,,,,,,0.8928290592581919,all_pca,PCA16,IW overlap critic | W=5 | seed=0 (plug-in),True,
iw_overlap_critic,5.0,0.0,6000.0,30828.0,1500.0,7709.0,0.8426666666666667,0.0,1.0,1.6483181715011597,0.5,0.5,0.522881805896759,0.24881476163864136,,,,,0.15967670280755697,0.0,1500.0,0.0,7709.0,0.0,ok,plugin,False,,1494.1038851145356,1471.341762500957,1.477022821970342,0.9971122173467463,1.2201314469094886,,0.0,0.15967670280755697,0.840323297192443,0.840323297192443,False,,,,,,,entity30,1,DANN,PCA16,32.0,0.8550000190734863,0.8550000190734863,0.6190800070762634,0.6236866116523743,splits_entity30_DANN_1_0_b09dc755c62e.npz,b09dc755c62e,False,False,,,,,,,0.840323297192443,all_pca,PCA16,IW overlap critic | W=5 | seed=0 (plug-in),True,
iw_overlap_critic,5.0,0.0,6000.0,240.0,1500.0,60.0,0.8606666666666667,0.0,1.0,54.598148345947266,0.5,0.5,0.4350000023841858,0.25021612644195557,,,,,0.1388633475396797,0.0,1500.0,0.0,60.0,0.0,ok,plugin,False,,1493.322574033277,1499.664898500515,1.0417970869844706,0.9964768319371748,1.0178197637360316,,0.0,0.1388633475396797,0.8611366524603203,0.8611366524603203,False,,,,,,,entity30,2,DANN,PCA16,32.0,0.8646666407585144,0.8646666407585144,0.7875000238418579,0.7500000596046448,splits_entity30_DANN_2_0_b09dc755c62e.npz,b09dc755c62e,False,False,,,,,,,0.8611366524603203,all_pca,PCA16,IW overlap critic | W=5 | seed=0 (plug-in),True,
iw_overlap_critic,5.0,0.0,6000.0,240.0,1500.0,60.0,0.8553333333333333,0.0,1.0,8.529847145080566,0.5,0.5,0.5049999952316284,0.24892663955688477,,,,,0.14056704089104735,0.0,1500.0,0.0,60.0,0.0,ok,plugin,False,,1441.4791812940057,1476.9486559251682,1.3599798151240188,0.9681696821870893,1.1504120932293667,,0.0,0.14056704089104735,0.8594329591089527,0.8594329591089527,False,,,,,,,entity30,3,DANN,PCA16,32.0,0.8636666536331177,0.8636666536331177,0.5708333849906921,0.6666666865348816,splits_entity30_DANN_3_0_b09dc755c62e.npz,b09dc755c62e,False,False,,,,,,,0.8594329591089527,all_pca,PCA16,IW overlap critic | W=5 | seed=0 (plug-in),True,
iw_overlap_critic,5.0,0.0,6000.0,30828.0,1500.0,7709.0,0.856,0.0,1.0,3.7607927322387695,0.5,0.5,0.5080440044403076,0.24991461634635925,,,,,0.14426797433945074,0.0,1500.0,0.0,7709.0,0.0,ok,plugin,False,,1495.3510130376067,1497.3009056272456,1.1396087811019069,0.9997722715208301,1.0579058340516443,,0.0,0.14426797433945074,0.8557320256605493,0.8557320256605493,False,,,,,,,entity30,1,CDANN,PCA16,16.0,0.8611666560173035,0.8611666560173035,0.627903163433075,0.6345829367637634,splits_entity30_CDANN_1_0_b09dc755c62e.npz,b09dc755c62e,False,False,,,,,,,0.8557320256605493,all_pca,PCA16,IW overlap critic | W=5 | seed=0 (plug-in),True,
iw_overlap_critic,5.0,0.0,6000.0,240.0,1500.0,60.0,0.862,0.0,1.0,54.598148345947266,0.5,0.5,0.46916669607162476,0.2500125765800476,,,,,0.13759405847249292,0.0,1500.0,0.0,60.0,0.0,ok,plugin,False,,1495.4952103362916,1499.8194912094377,1.0388345172066729,0.9974009113036422,1.0152375879259994,,0.0,0.13759405847249292,0.862405941527507,0.862405941527507,False,,,,,,,entity30,2,CDANN,PCA16,16.0,0.8646666407585144,0.8646666407585144,0.8125000596046448,0.7500000596046448,splits_entity30_CDANN_2_0_b09dc755c62e.npz,b09dc755c62e,False,False,,,,,,,0.862405941527507,all_pca,PCA16,IW overlap critic | W=5 | seed=0 (plug-in),True,
iw_overlap_critic,5.0,0.0,6000.0,240.0,1500.0,60.0,0.8453333333333333,0.0,1.0,54.598148345947266,0.5,0.5,0.4625000059604645,0.25004494190216064,,,,,0.15389750406137473,0.0,1500.0,0.0,60.0,0.0,ok,plugin,False,,1496.598841253202,1499.8009947796068,1.0497293027777301,0.9969008787370625,1.016786049866062,,0.0,0.15389750406137473,0.8461024959386253,0.8461024959386253,False,,,,,,,entity30,3,CDANN,PCA16,16.0,0.8573333024978638,0.8573333024978638,0.5625,0.6166666746139526,splits_entity30_CDANN_3_0_b09dc755c62e.npz,b09dc755c62e,False,False,,,,,,,0.8461024959386253,all_pca,PCA16,IW overlap critic | W=5 | seed=0 (plug-in),True,
iw_overlap_critic,5.0,0.0,10000.0,2000.0,2500.0,500.0,0.9452,0.0,1.0,2.3508100509643555,0.5,0.5,0.5485000014305115,0.2455609142780304,,,,,0.06103809104230797,0.0,2500.0,0.0,500.0,0.0,ok,plugin,False,,2401.45588692033,2321.4491896252025,2.8776706591124057,0.9220588469466605,1.4042721608699962,,0.0,0.06103809104230797,0.938961908957692,0.938961908957692,False,,,,,,,cifar10,1,DANN,PCA16,32.0,0.9508999586105347,0.9508999586105347,0.8440000414848328,0.8360000252723694,splits_cifar10_DANN_1_0_b09dc755c62e.npz,b09dc755c62e,False,False,,,,,,,0.938961908957692,all_pca,PCA16,IW overlap critic | W=5 | seed=0 (plug-in),True,
iw_overlap_critic,5.0,0.0,10000.0,2000.0,2500.0,500.0,0.946,0.0,1.0,2.5143840312957764,0.5,0.5,0.5329999923706055,0.24898117780685425,,,,,0.057107110049557604,0.0,2500.0,0.0,500.0,0.0,ok,plugin,False,,2484.2115162890286,2459.08662028362,1.5802310277152518,0.9842653231961656,1.213690522628712,,0.0,0.057107110049557604,0.9428928899504424,0.9428928899504424,False,,,,,,,cifar10,10,DANN,PCA16,32.0,0.9477999806404114,0.9477999806404114,0.924500048160553,0.9120000600814819,splits_cifar10_DANN_10_0_b09dc755c62e.npz,b09dc755c62e,False,False,,,,,,,0.9428928899504424,all_pca,PCA16,IW overlap critic | W=5 | seed=0 (plug-in),True,
iw_overlap_critic,5.0,0.0,10000.0,2000.0,2500.0,500.0,0.9452,0.0,1.0,51.38346862792969,0.5,0.5,0.4710000157356262,0.2499980628490448,,,,,0.05495840780800947,0.0,2500.0,0.0,500.0,0.0,ok,plugin,False,,2498.451245733029,2499.919863567849,1.0212788808214397,0.9990805701998346,1.0092550438665286,,0.0,0.05495840780800947,0.9450415921919906,0.9450415921919906,False,,,,,,,cifar10,71,DANN,PCA16,32.0,0.9487999677658081,0.9487999677658081,0.9305000305175781,0.9180000424385071,splits_cifar10_DANN_71_0_b09dc755c62e.npz,b09dc755c62e,False,False,,,,,,,0.9450415921919906,all_pca,PCA16,IW overlap critic | W=5 | seed=0 (plug-in),True,
iw_overlap_critic,5.0,0.0,10000.0,2000.0,2500.0,500.0,0.9528,0.0,1.0,54.598148345947266,0.5,0.5,0.4819999933242798,0.25007349252700806,,,,,0.04727815321490052,0.0,2500.0,0.0,500.0,0.0,ok,plugin,False,,2498.3671456727343,2499.8966367072508,1.0224933990878347,0.9989148616796366,1.0106089491340755,,0.0,0.04727815321490052,0.9527218467850995,0.9527218467850995,False,,,,,,,cifar10,95,DANN,PCA16,32.0,0.9515999555587769,0.9515999555587769,0.9390000700950623,0.9360000491142273,splits_cifar10_DANN_95_0_b09dc755c62e.npz,b09dc755c62e,False,False,,,,,,,0.9527218467850995,all_pca,PCA16,IW overlap critic | W=5 | seed=0 (plug-in),True,
iw_overlap_critic,5.0,0.0,10000.0,2000.0,2500.0,500.0,0.9476,0.0,1.0,11.04572582244873,0.5,0.5,0.5090000033378601,0.249971404671669,,,,,0.05276310048094458,0.0,2500.0,0.0,500.0,0.0,ok,plugin,False,,2493.9263506539046,2498.889530368012,1.0739594195392899,0.9957176463278057,1.033076475100503,,0.0,0.05276310048094458,0.9472368995190554,0.9472368995190554,False,,,,,,,cifar10,1,CDANN,PCA16,16.0,0.949999988079071,0.949999988079071,0.846500039100647,0.8440000414848328,splits_cifar10_CDANN_1_0_b09dc755c62e.npz,b09dc755c62e,False,False,,,,,,,0.9472368995190554,all_pca,PCA16,IW overlap critic | W=5 | seed=0 (plug-in),True,
iw_overlap_critic,5.0,0.0,10000.0,2000.0,2500.0,500.0,0.9468,0.0,1.0,3.3526968955993652,0.5,0.5,0.5115000009536743,0.24932187795639038,,,,,0.053175401739886594,0.0,2500.0,0.0,500.0,0.0,ok,plugin,False,,2480.5738994145477,2472.854867073921,1.4269997838518862,0.9867629515389336,1.1761624702638438,,0.0,0.053175401739886594,0.9468245982601134,0.9468245982601134,False,,,,,,,cifar10,10,CDANN,PCA16,16.0,0.948699951171875,0.948699951171875,0.9160000681877136,0.9120000600814819,splits_cifar10_CDANN_10_0_b09dc755c62e.npz,b09dc755c62e,False,False,,,,,,,0.9468245982601134,all_pca,PCA16,IW overlap critic | W=5 | seed=0 (plug-in),True,
iw_overlap_critic,5.0,0.0,10000.0,2000.0,2500.0,500.0,0.9492,0.0,1.0,1.9657901525497437,0.5,0.5,0.5485000014305115,0.2484492063522339,,,,,0.0526844782085746,0.0,2500.0,0.0,500.0,0.0,ok,plugin,False,,2487.143212256741,2438.030161814801,1.692587471429481,0.9799305078204226,1.278305499041655,,0.0,0.0526844782085746,0.9473155217914254,0.9473155217914254,False,,,,,,,cifar10,71,CDANN,PCA16,16.0,0.9511999487876892,0.9511999487876892,0.9280000329017639,0.9040000438690186,splits_cifar10_CDANN_71_0_b09dc755c62e.npz,b09dc755c62e,False,False,,,,,,,0.9473155217914254,all_pca,PCA16,IW overlap critic | W=5 | seed=0 (plug-in),True,
iw_overlap_critic,5.0,0.0,10000.0,2000.0,2500.0,500.0,0.9516,0.0,1.0,4.74760103225708,0.5,0.5,0.5130000114440918,0.24980032444000244,,,,,0.048712086184790726,0.0,2500.0,0.0,500.0,0.0,ok,plugin,False,,2489.3388350597397,2492.2609360273273,1.2463621092021444,0.9956336276135382,1.0870761928357735,,0.0,0.048712086184790726,0.9512879138152093,0.9512879138152093,False,,,,,,,cifar10,95,CDANN,PCA16,16.0,0.9526000022888184,0.9526000022888184,0.9355000257492065,0.9260000586509705,splits_cifar10_CDANN_95_0_b09dc755c62e.npz,b09dc755c62e,False,False,,,,,,,0.9512879138152093,all_pca,PCA16,IW overlap critic | W=5 | seed=0 (plug-in),True,
iw_overlap_critic,5.0,0.0,10000.0,2000.0,2500.0,500.0,0.758,0.0,1.0,54.598148345947266,0.5,0.5,0.48100000619888306,0.25002604722976685,,,,,0.24183124757011928,0.0,2500.0,0.0,500.0,0.0,ok,plugin,False,,2497.9267062382764,2499.872383183214,1.025001223260061,0.9991046267043318,1.0109743832787148,,0.0,0.24183124757011928,0.7581687524298807,0.7581687524298807,False,,,,,,,cifar100,4,DANN,PCA16,32.0,0.7841999530792236,0.7841999530792236,0.7440000176429749,0.7760000228881836,splits_cifar100_DANN_4_0_b09dc755c62e.npz,b09dc755c62e,False,True,,,,,,,0.7581687524298807,all_pca,PCA16,IW overlap critic | W=5 | seed=0 (plug-in),True,
iw_overlap_critic,5.0,0.0,10000.0,2000.0,2500.0,500.0,0.76,0.0,1.0,10.035618782043457,0.5,0.5,0.5060000419616699,0.2499135136604309,,,,,0.2392016846242238,0.0,2500.0,0.0,500.0,0.0,ok,plugin,False,,2491.512107664401,2496.4924147254715,1.1840830430471168,0.9952348624967362,1.0575584151114354,,0.0,0.2392016846242238,0.7607983153757762,0.7607983153757762,False,,,,,,,cifar100,12,DANN,PCA16,32.0,0.7831999659538269,0.7831999659538269,0.7545000314712524,0.7860000133514404,splits_cifar100_DANN_12_0_b09dc755c62e.npz,b09dc755c62e,False,True,,,,,,,0.7607983153757762,all_pca,PCA16,IW overlap critic | W=5 | seed=0 (plug-in),True,
iw_overlap_critic,5.0,0.0,10000.0,2000.0,2500.0,500.0,0.7596,0.0,1.0,7.202309608459473,0.5,0.5,0.5139999985694885,0.2498314082622528,,,,,0.23908761792498753,0.0,2500.0,0.0,500.0,0.0,ok,plugin,False,,2488.306597651046,2493.322030796427,1.2466207697679308,0.9933996771781166,1.0812372644491597,,0.0,0.23908761792498753,0.7609123820750124,0.7609123820750124,False,,,,,,,cifar100,59,DANN,PCA16,32.0,0.7841999530792236,0.7841999530792236,0.7585000395774841,0.7720000147819519,splits_cifar100_DANN_59_0_b09dc755c62e.npz,b09dc755c62e,False,True,,,,,,,0.7609123820750124,all_pca,PCA16,IW overlap critic | W=5 | seed=0 (plug-in),True,
iw_overlap_critic,5.0,0.0,10000.0,2000.0,2500.0,500.0,0.764,0.0,1.0,54.598148345947266,0.5,0.5,0.4829999804496765,0.25003623962402344,,,,,0.23581863071314169,0.0,2500.0,0.0,500.0,0.0,ok,plugin,False,,2498.308106218751,2499.8822288718907,1.0253644964151387,0.9992571759736026,1.0104583168370287,,0.0,0.23581863071314169,0.7641813692868583,0.7641813692868583,False,,,,,,,cifar100,82,DANN,PCA16,32.0,0.7861999869346619,0.7861999869346619,0.7695000171661377,0.7700000405311584,splits_cifar100_DANN_82_0_b09dc755c62e.npz,b09dc755c62e,True,True,,,,,,,0.7641813692868583,all_pca,PCA16,IW overlap critic | W=5 | seed=0 (plug-in),True,
iw_overlap_critic,5.0,0.0,10000.0,2000.0,2500.0,500.0,0.762,0.0,1.0,11.925271987915039,0.5,0.5,0.5080000162124634,0.2499530166387558,,,,,0.23752883810245376,0.0,2500.0,0.0,500.0,0.0,ok,plugin,False,,2495.387261386152,2498.0406186339496,1.10435866836377,0.9960099752856926,1.0483976920913638,,0.0,0.23752883810245376,0.7624711618975463,0.7624711618975463,False,,,,,,,cifar100,4,CDANN,PCA16,16.0,0.7849999666213989,0.7849999666213989,0.7275000214576721,0.7480000257492065,splits_cifar100_CDANN_4_0_b09dc755c62e.npz,b09dc755c62e,False,False,,,,,,,0.7624711618975463,all_pca,PCA16,IW overlap critic | W=5 | seed=0 (plug-in),True,
iw_overlap_critic,5.0,0.0,10000.0,2000.0,2500.0,500.0,0.766,0.0,1.0,3.8469343185424805,0.5,0.5,0.5220000147819519,0.24957320094108582,,,,,0.2333807540662023,0.0,2500.0,0.0,500.0,0.0,ok,plugin,False,,2492.148905177549,2481.1406164855516,1.3777029384447073,0.9935917459180487,1.1531086021311596,,0.0,0.2333807540662023,0.7666192459337977,0.7666192459337977,False,,,,,,,cifar100,12,CDANN,PCA16,16.0,0.7858999967575073,0.7858999967575073,0.7480000257492065,0.7680000066757202,splits_cifar100_CDANN_12_0_b09dc755c62e.npz,b09dc755c62e,False,True,,,,,,,0.7666192459337977,all_pca,PCA16,IW overlap critic | W=5 | seed=0 (plug-in),True,
iw_overlap_critic,5.0,0.0,10000.0,2000.0,2500.0,500.0,0.7664,0.0,1.0,4.286324977874756,0.5,0.5,0.5245000123977661,0.24965746700763702,,,,,0.23211333451212257,0.0,2500.0,0.0,500.0,0.0,ok,plugin,False,,2490.006467965134,2485.0840098085305,1.3550304030832303,0.990637814485575,1.1373998026708751,,0.0,0.23211333451212257,0.7678866654878774,0.7678866654878774,False,,,,,,,cifar100,59,CDANN,PCA16,16.0,0.7870000004768372,0.7870000004768372,0.7580000162124634,0.7920000553131104,splits_cifar100_CDANN_59_0_b09dc755c62e.npz,b09dc755c62e,False,True,,,,,,,0.7678866654878774,all_pca,PCA16,IW overlap critic | W=5 | seed=0 (plug-in),True,
iw_overlap_critic,5.0,0.0,10000.0,2000.0,2500.0,500.0,0.7652,0.0,1.0,6.481601715087891,0.5,0.5,0.5090000033378601,0.24986442923545837,,,,,0.234153352516013,0.0,2500.0,0.0,500.0,0.0,ok,plugin,False,,2493.974502544316,2494.1422139925103,1.1997067944148507,0.9969867524058091,1.0834999010025925,,0.0,0.234153352516013,0.765846647483987,0.765846647483987,False,,,,,,,cifar100,82,CDANN,PCA16,16.0,0.7872999906539917,0.7872999906539917,0.7635000348091125,0.7720000147819519,splits_cifar100_CDANN_82_0_b09dc755c62e.npz,b09dc755c62e,False,True,,,,,,,0.765846647483987,all_pca,PCA16,IW overlap critic | W=5 | seed=0 (plug-in),True,
iw_overlap_critic,5.0,0.0,28152.0,9910.0,7040.0,2478.0,0.803125,0.0,1.0,1.3576200008392334,0.5,0.5,0.6286595463752747,0.227321594953537,8433.0,47.0,4220.0,16.0,0.20511746622487573,0.023809523809523808,7033.0,7.0,2419.0,59.0,ok,plugin,False,,6574.141863501487,5029.667195475004,4.975568050498717,0.7851667493235003,2.0710364886684953,0.6440677966101694,0.015334947538337368,0.2204524137632131,0.7795475862367869,0.7795475862367869,False,49.0,15.0,0.5822839736938477,0.23021604120731354,0.8125,"[{'epoch': 0, 'best_score': 0.009285986423492432}, {'epoch': 1, 'best_score': 0.021473228931427002}, {'epoch': 2, 'best_score': 0.0358583927154541}, {'epoch': 3, 'best_score': 0.056703388690948486}, {'epoch': 4, 'best_score': 0.09544128179550171}, {'epoch': 5, 'best_score': 0.13457512855529785}, {'epoch': 6, 'best_score': 0.18935233354568481}, {'epoch': 7, 'best_score': 0.24189913272857666}, {'epoch': 8, 'best_score': 0.2663941979408264}, {'epoch': 9, 'best_score': 0.3158743381500244}, {'epoch': 10, 'best_score': 0.35578036308288574}, {'epoch': 11, 'best_score': 0.3991308808326721}, {'epoch': 12, 'best_score': 0.43813925981521606}, {'epoch': 13, 'best_score': 0.4757508635520935}, {'epoch': 14, 'best_score': 0.5086015462875366}, {'epoch': 15, 'best_score': 0.4138000011444092}, {'epoch': 16, 'best_score': 0.39977553486824036}, {'epoch': 17, 'best_score': 0.4196450710296631}, {'epoch': 18, 'best_score': 0.4368516206741333}, {'epoch': 19, 'best_score': 0.45054230093955994}, {'epoch': 20, 'best_score': 0.4604148864746094}, {'epoch': 21, 'best_score': 0.47058171033859253}, {'epoch': 22, 'best_score': 0.47708386182785034}, {'epoch': 23, 'best_score': 0.4847319722175598}, {'epoch': 24, 'best_score': 0.49341440200805664}, {'epoch': 25, 'best_score': 0.5008397698402405}, {'epoch': 26, 'best_score': 0.5071897506713867}, {'epoch': 27, 'best_score': 0.5094485878944397}, {'epoch': 28, 'best_score': 0.5142412185668945}, {'epoch': 29, 'best_score': 0.5196958780288696}, {'epoch': 30, 'best_score': 0.5249543190002441}, {'epoch': 31, 'best_score': 0.5302351713180542}, {'epoch': 32, 'best_score': 0.533613383769989}, {'epoch': 33, 'best_score': 0.5390523672103882}, {'epoch': 34, 'best_score': 0.5420781970024109}, {'epoch': 35, 'best_score': 0.5459790229797363}, {'epoch': 36, 'best_score': 0.5492701530456543}, {'epoch': 37, 'best_score': 0.553469181060791}, {'epoch': 38, 'best_score': 0.5560684204101562}, {'epoch': 39, 'best_score': 0.5594582557678223}, {'epoch': 40, 'best_score': 0.55853271484375}, {'epoch': 41, 'best_score': 0.5643444061279297}, {'epoch': 42, 'best_score': 0.5661642551422119}, {'epoch': 43, 'best_score': 0.5688854455947876}, {'epoch': 44, 'best_score': 0.5707323551177979}, {'epoch': 45, 'best_score': 0.5727381706237793}, {'epoch': 46, 'best_score': 0.5758395195007324}, {'epoch': 47, 'best_score': 0.5773738622665405}, {'epoch': 48, 'best_score': 0.5806834697723389}, {'epoch': 49, 'best_score': 0.5822839736938477}]",domainnet,1,DANN,PCA16,128.0,0.8072605729103088,0.8072605729103088,0.465893030166626,0.47497981786727905,splits_domainnet_DANN_1_0_b09dc755c62e.npz,b09dc755c62e,False,False,,,,,,,0.7795475862367869,all_pca,PCA16,IW overlap critic | W=5 | seed=0 (plug-in),True,
iw_overlap_critic,5.0,0.0,28152.0,14207.0,7040.0,3553.0,0.8038352272727273,0.0,1.0,1.1803207397460938,0.5,0.5,0.6566725969314575,0.21595516800880432,8388.0,297.0,4196.0,150.0,0.2087810543177019,0.07261469180973824,6980.0,60.0,3295.0,258.0,ok,plugin,False,,6443.45681949073,4529.230237604684,4.904822623495985,0.7412355215562144,2.3060213722726344,0.7713178294573644,0.056009006473402755,0.2647900607911046,0.7352099392088953,0.7352099392088953,False,48.0,25.0,0.5344897508621216,0.27217692136764526,0.8066666722297668,"[{'epoch': 0, 'best_score': 0.011450052261352539}, {'epoch': 1, 'best_score': 0.014461159706115723}, {'epoch': 2, 'best_score': 0.025020241737365723}, {'epoch': 3, 'best_score': 0.04398101568222046}, {'epoch': 4, 'best_score': 0.06460541486740112}, {'epoch': 5, 'best_score': 0.10029840469360352}, {'epoch': 6, 'best_score': 0.1348242163658142}, {'epoch': 7, 'best_score': 0.16289949417114258}, {'epoch': 8, 'best_score': 0.20523393154144287}, {'epoch': 9, 'best_score': 0.22587990760803223}, {'epoch': 10, 'best_score': 0.263608455657959}, {'epoch': 11, 'best_score': 0.2959175705909729}, {'epoch': 12, 'best_score': 0.334289014339447}, {'epoch': 13, 'best_score': 0.35840725898742676}, {'epoch': 14, 'best_score': 0.3853074908256531}, {'epoch': 15, 'best_score': 0.398906946182251}, {'epoch': 16, 'best_score': 0.42037129402160645}, {'epoch': 17, 'best_score': 0.43436509370803833}, {'epoch': 18, 'best_score': 0.45280390977859497}, {'epoch': 19, 'best_score': 0.471300333738327}, {'epoch': 20, 'best_score': 0.4817739725112915}, {'epoch': 21, 'best_score': 0.47823524475097656}, {'epoch': 22, 'best_score': 0.47724688053131104}, {'epoch': 23, 'best_score': 0.473695307970047}, {'epoch': 24, 'best_score': 0.47842472791671753}, {'epoch': 25, 'best_score': 0.48532530665397644}, {'epoch': 26, 'best_score': 0.48905929923057556}, {'epoch': 27, 'best_score': 0.498279869556427}, {'epoch': 28, 'best_score': 0.5056511163711548}, {'epoch': 29, 'best_score': 0.498440682888031}, {'epoch': 30, 'best_score': 0.5022692680358887}, {'epoch': 31, 'best_score': 0.5083224773406982}, {'epoch': 32, 'best_score': 0.5183993577957153}, {'epoch': 33, 'best_score': 0.5163235664367676}, {'epoch': 34, 'best_score': 0.5241127014160156}, {'epoch': 35, 'best_score': 0.5215383768081665}, {'epoch': 36, 'best_score': 0.5250344276428223}, {'epoch': 37, 'best_score': 0.5178180932998657}, {'epoch': 38, 'best_score': 0.5176866054534912}, {'epoch': 39, 'best_score': 0.5208930969238281}, {'epoch': 40, 'best_score': 0.5243649482727051}, {'epoch': 41, 'best_score': 0.5264972448348999}, {'epoch': 42, 'best_score': 0.5314807891845703}, {'epoch': 43, 'best_score': 0.5272644758224487}, {'epoch': 44, 'best_score': 0.5279550552368164}, {'epoch': 45, 'best_score': 0.5290621519088745}, {'epoch': 46, 'best_score': 0.531105637550354}, {'epoch': 47, 'best_score': 0.5343853235244751}, {'epoch': 48, 'best_score': 0.5344897508621216}, {'epoch': 49, 'best_score': 0.5344732999801636}]",domainnet,2,DANN,PCA16,128.0,0.8101378083229065,0.8101378083229065,0.38572534918785095,0.38727834820747375,splits_domainnet_DANN_2_0_b09dc755c62e.npz,b09dc755c62e,False,False,,,,,,,0.7352099392088953,all_pca,PCA16,IW overlap critic | W=5 | seed=0 (plug-in),True,
iw_overlap_critic,5.0,0.0,28152.0,15295.0,7040.0,3825.0,0.8072443181818182,0.0,1.0,1.0368164777755737,0.5,0.5,0.6407243013381958,0.22362610697746277,8404.0,105.0,4200.0,46.0,0.21443294920510877,0.020130718954248367,7007.0,33.0,3748.0,77.0,ok,plugin,False,,6980.150847324687,4632.030055094941,4.993385228277205,0.8094711202286243,2.457984369027902,0.8051948051948052,0.016209150326797386,0.23064209953190618,0.7693579004680938,0.7693579004680938,False,24.0,13.0,0.4796448051929474,0.3681812584400177,0.8478260636329651,"[{'epoch': 0, 'best_score': 0.016438066959381104}, {'epoch': 1, 'best_score': 0.024340569972991943}, {'epoch': 2, 'best_score': 0.03200936317443848}, {'epoch': 3, 'best_score': 0.04742699861526489}, {'epoch': 4, 'best_score': 0.07026982307434082}, {'epoch': 5, 'best_score': 0.10234111547470093}, {'epoch': 6, 'best_score': 0.12030571699142456}, {'epoch': 7, 'best_score': 0.15991932153701782}, {'epoch': 8, 'best_score': 0.17636054754257202}, {'epoch': 9, 'best_score': 0.2208782434463501}, {'epoch': 10, 'best_score': 0.248549222946167}, {'epoch': 11, 'best_score': 0.2978367805480957}, {'epoch': 12, 'best_score': 0.339574933052063}, {'epoch': 13, 'best_score': 0.38083982467651367}, {'epoch': 14, 'best_score': 0.36299991607666016}, {'epoch': 15, 'best_score': 0.3701649606227875}, {'epoch': 16, 'best_score': 0.4052322804927826}, {'epoch': 17, 'best_score': 0.41837021708488464}, {'epoch': 18, 'best_score': 0.38488197326660156}, {'epoch': 19, 'best_score': 0.39921262860298157}, {'epoch': 20, 'best_score': 0.4329608678817749}, {'epoch': 21, 'best_score': 0.4427054524421692}, {'epoch': 22, 'best_score': 0.43408918380737305}, {'epoch': 23, 'best_score': 0.44731396436691284}, {'epoch': 24, 'best_score': 0.4796448051929474}, {'epoch': 25, 'best_score': 0.46655580401420593}, {'epoch': 26, 'best_score': 0.4510825574398041}, {'epoch': 27, 'best_score': 0.43535345792770386}, {'epoch': 28, 'best_score': 0.4439117908477783}, {'epoch': 29, 'best_score': 0.43110528588294983}, {'epoch': 30, 'best_score': 0.4373045265674591}, {'epoch': 31, 'best_score': 0.44472941756248474}, {'epoch': 32, 'best_score': 0.429645836353302}, {'epoch': 33, 'best_score': 0.4148845076560974}, {'epoch': 34, 'best_score': 0.41847872734069824}, {'epoch': 35, 'best_score': 0.4101451635360718}, {'epoch': 36, 'best_score': 0.39318162202835083}, {'epoch': 37, 'best_score': 0.39725011587142944}, {'epoch': 38, 'best_score': 0.4029995799064636}, {'epoch': 39, 'best_score': 0.4058918058872223}, {'epoch': 40, 'best_score': 0.4088168442249298}, {'epoch': 41, 'best_score': 0.41306865215301514}, {'epoch': 42, 'best_score': 0.41569122672080994}, {'epoch': 43, 'best_score': 0.4174061417579651}, {'epoch': 44, 'best_score': 0.4224957823753357}, {'epoch': 45, 'best_score': 0.44655099511146545}, {'epoch': 46, 'best_score': 0.44796261191368103}, {'epoch': 47, 'best_score': 0.44940292835235596}, {'epoch': 48, 'best_score': 0.4500160813331604}, {'epoch': 49, 'best_score': 0.4508648216724396}]",domainnet,3,DANN,PCA16,128.0,0.8096050024032593,0.8096050024032593,0.4719189405441284,0.46562090516090393,splits_domainnet_DANN_3_0_b09dc755c62e.npz,b09dc755c62e,False,False,,,,,,,0.7693579004680938,all_pca,PCA16,IW overlap critic | W=5 | seed=0 (plug-in),True,
iw_overlap_critic,5.0,0.0,28152.0,9910.0,7040.0,2478.0,0.8025568181818181,0.0,1.0,0.8057780265808105,0.5,0.5,0.5786583423614502,0.24325630068778992,,,,,0.20802097493842678,0.0,7040.0,0.0,2478.0,0.0,ok,plugin,False,,7127.7850749628415,6294.227613446696,3.205270207093722,0.9613098874952881,1.6626958399050629,,0.0,0.20802097493842678,0.7919790250615732,0.7919790250615732,False,,,,,,,domainnet,1,CDANN,PCA16,16.0,0.8055910468101501,0.8055910468101501,0.5121089816093445,0.5205811262130737,splits_domainnet_CDANN_1_0_b09dc755c62e.npz,b09dc755c62e,False,False,,,,,,,0.7919790250615732,all_pca,PCA16,IW overlap critic | W=5 | seed=0 (plug-in),True,
iw_overlap_critic,5.0,0.0,28152.0,14207.0,7040.0,3553.0,0.8004261363636364,0.0,1.0,1.1073838472366333,0.5,0.5,0.5584344863891602,0.24557411670684814,,,,,0.20866711471893648,0.0,7040.0,0.0,3553.0,0.0,ok,plugin,False,,7030.4563008126315,6585.763993560338,2.660192578593253,0.9705046041146377,1.4680605867532035,,0.0,0.20866711471893648,0.7913328852810635,0.7913328852810635,False,,,,,,,domainnet,2,CDANN,PCA16,16.0,0.8071539998054504,0.8071539998054504,0.42063772678375244,0.4218969941139221,splits_domainnet_CDANN_2_0_b09dc755c62e.npz,b09dc755c62e,False,False,,,,,,,0.7913328852810635,all_pca,PCA16,IW overlap critic | W=5 | seed=0 (plug-in),True,
iw_overlap_critic,5.0,0.0,28152.0,15295.0,7040.0,3825.0,0.8063920454545455,0.0,1.0,0.9855660200119019,0.5,0.5,0.5860395431518555,0.2392646074295044,,,,,0.183585333471624,0.0,7039.0,1.0,3825.0,0.0,ok,plugin,False,,7065.848182105326,5945.427349310411,3.769047805375572,0.9257213311119197,1.7869522698547633,,0.0,0.183585333471624,0.816414666528376,0.816414666528376,False,,,,,,,domainnet,3,CDANN,PCA16,16.0,0.8074381947517395,0.8074381947517395,0.49369075894355774,0.48549020290374756,splits_domainnet_CDANN_3_0_b09dc755c62e.npz,b09dc755c62e,False,False,,,,,,,0.816414666528376,all_pca,PCA16,IW overlap critic | W=5 | seed=0 (plug-in),True,
iw_overlap_critic,5.0,0.0,1700.0,8804.0,425.0,2203.0,0.8658823529411764,0.0,1.0,1.7556841373443604,0.5,0.5,0.542580246925354,0.24635395407676697,,,,,0.14887826072085475,0.0,425.0,0.0,2203.0,0.0,ok,plugin,False,,441.17953845592234,398.4837432445859,2.184831263623502,1.0171456766540692,1.4999839194325901,,0.0,0.14887826072085475,0.8511217392791453,0.8511217392791453,False,,,,,,,living17,1,DANN,PCA16,32.0,0.8994117379188538,0.8994117379188538,0.6758291721343994,0.6876986026763916,splits_living17_DANN_1_0_b09dc755c62e.npz,b09dc755c62e,False,False,,,,,,,0.8511217392791453,all_pca,PCA16,IW overlap critic | W=5 | seed=0 (plug-in),True,
iw_overlap_critic,5.0,0.0,1700.0,68.0,425.0,19.0,0.8823529411764706,0.0,1.0,54.598148345947266,0.5,0.5,0.43627452850341797,0.2515197694301605,,,,,0.11451294740467809,0.0,425.0,0.0,19.0,0.0,ok,plugin,False,,416.8511923967444,424.5370416882886,1.0783293905724383,0.9827779369505221,1.0307119522002555,,0.0,0.11451294740467809,0.8854870525953219,0.8854870525953219,False,,,,,,,living17,2,DANN,PCA16,32.0,0.9094117283821106,0.9094117283821106,0.8970588445663452,0.8421052694320679,splits_living17_DANN_2_0_b09dc755c62e.npz,b09dc755c62e,True,False,,,,,,,0.8854870525953219,all_pca,PCA16,IW overlap critic | W=5 | seed=0 (plug-in),True,
iw_overlap_critic,5.0,0.0,1700.0,68.0,425.0,19.0,0.8894117647058823,0.0,1.0,2.8428101539611816,0.5,0.5,0.5823529362678528,0.23339936137199402,,,,,0.10112723935606996,0.0,425.0,0.0,19.0,0.0,ok,plugin,False,,353.02208458143554,316.3787563002466,3.527297522253744,0.7328168105206017,1.6549600579111274,,0.0,0.10112723935606996,0.8988727606439301,0.8988727606439301,False,,,,,,,living17,3,DANN,PCA16,32.0,0.9052940607070923,0.9052940607070923,0.5882353186607361,0.6842105388641357,splits_living17_DANN_3_0_b09dc755c62e.npz,b09dc755c62e,False,False,,,,,,,0.8988727606439301,all_pca,PCA16,IW overlap critic | W=5 | seed=0 (plug-in),True,
iw_overlap_critic,5.0,0.0,1700.0,8804.0,425.0,2203.0,0.8894117647058823,0.0,1.0,11.234490394592285,0.5,0.5,0.5038435459136963,0.24995318055152893,,,,,0.11132520366709787,0.0,425.0,0.0,2203.0,0.0,ok,plugin,False,,426.1764651755972,424.6651758998108,1.108588159761507,1.0032456655910096,1.0536792292448984,,0.0,0.11132520366709787,0.8886747963329021,0.8886747963329021,False,,,,,,,living17,1,CDANN,PCA16,16.0,0.9052940607070923,0.9052940607070923,0.6863925457000732,0.6981388926506042,splits_living17_CDANN_1_0_b09dc755c62e.npz,b09dc755c62e,False,False,,,,,,,0.8886747963329021,all_pca,PCA16,IW overlap critic | W=5 | seed=0 (plug-in),True,
iw_overlap_critic,5.0,0.0,1700.0,68.0,425.0,19.0,0.8917647058823529,0.0,1.0,54.598148345947266,0.5,0.5,0.43039217591285706,0.25119367241859436,,,,,0.10632536910096663,0.0,425.0,0.0,19.0,0.0,ok,plugin,False,,419.3229029910034,424.7703348545925,1.0633595244974046,0.9872733318325283,1.0230529909637331,,0.0,0.10632536910096663,0.8936746308990333,0.8936746308990333,False,,,,,,,living17,2,CDANN,PCA16,16.0,0.9094117283821106,0.9094117283821106,0.8676470518112183,0.8421052694320679,splits_living17_CDANN_2_0_b09dc755c62e.npz,b09dc755c62e,False,False,,,,,,,0.8936746308990333,all_pca,PCA16,IW overlap critic | W=5 | seed=0 (plug-in),True,
iw_overlap_critic,5.0,0.0,1700.0,68.0,425.0,19.0,0.8823529411764706,0.0,1.0,54.598148345947266,0.5,0.5,0.5529412031173706,0.250253826379776,,,,,0.11614479635731234,0.0,425.0,0.0,19.0,0.0,ok,plugin,False,,421.2992234361888,424.7725416176588,1.0596091482735344,0.9903270907328022,1.0305159806024633,,0.0,0.11614479635731234,0.8838552036426877,0.8838552036426877,False,,,,,,,living17,3,CDANN,PCA16,16.0,0.9052940607070923,0.9052940607070923,0.5588235259056091,0.6315789222717285,splits_living17_CDANN_3_0_b09dc755c62e.npz,b09dc755c62e,False,False,,,,,,,0.8838552036426877,all_pca,PCA16,IW overlap critic | W=5 | seed=0 (plug-in),True,
iw_overlap_critic,5.0,0.0,2600.0,13282.0,650.0,3322.0,0.8046153846153846,0.0,1.0,1.8705928325653076,0.5,0.5,0.5271199941635132,0.24791109561920166,,,,,0.1997293834143058,0.0,650.0,0.0,3322.0,0.0,ok,plugin,False,,656.1320804178796,628.1284735594429,1.8340438260727727,1.0090928135634605,1.3306244189418384,,0.0,0.1997293834143058,0.8002706165856942,0.8002706165856942,False,,,,,,,nonliving26,1,DANN,PCA16,32.0,0.8126922845840454,0.8126922845840454,0.5122722387313843,0.5192654728889465,splits_nonliving26_DANN_1_0_b09dc755c62e.npz,b09dc755c62e,False,False,,,,,,,0.8002706165856942,all_pca,PCA16,IW overlap critic | W=5 | seed=0 (plug-in),True,
iw_overlap_critic,5.0,0.0,2600.0,104.0,650.0,28.0,0.8292307692307692,0.0,1.0,54.598148345947266,0.5,0.5,0.49038460850715637,0.25078919529914856,,,,,0.1692424269713064,0.0,650.0,0.0,28.0,0.0,ok,plugin,False,,642.8750289400792,649.5221367459072,1.0909149097326458,0.9903311630798759,1.0321451364298244,,0.0,0.1692424269713064,0.8307575730286936,0.8307575730286936,False,,,,,,,nonliving26,2,DANN,PCA16,32.0,0.8176922798156738,0.8176922798156738,0.75,0.7142857313156128,splits_nonliving26_DANN_2_0_b09dc755c62e.npz,b09dc755c62e,False,False,,,,,,,0.8307575730286936,all_pca,PCA16,IW overlap critic | W=5 | seed=0 (plug-in),True,
iw_overlap_critic,5.0,0.0,2600.0,104.0,650.0,28.0,0.8246153846153846,0.0,1.0,54.598148345947266,0.5,0.5,0.5846153497695923,0.2500826120376587,,,,,0.1744500978468593,0.0,650.0,0.0,28.0,0.0,ok,plugin,False,,642.7942988420277,649.5105223639654,1.077010508641531,0.9907818518753537,1.03220182586773,,0.0,0.1744500978468593,0.8255499021531407,0.8255499021531407,False,,,,,,,nonliving26,3,DANN,PCA16,32.0,0.8146153688430786,0.8146153688430786,0.4038461744785309,0.3214285969734192,splits_nonliving26_DANN_3_0_b09dc755c62e.npz,b09dc755c62e,False,False,,,,,,,0.8255499021531407,all_pca,PCA16,IW overlap critic | W=5 | seed=0 (plug-in),True,
iw_overlap_critic,5.0,0.0,2600.0,13282.0,650.0,3322.0,0.8169230769230769,0.0,1.0,2.225142002105713,0.5,0.5,0.5188658237457275,0.24915578961372375,,,,,0.18743840450452584,0.0,650.0,0.0,3322.0,0.0,ok,plugin,False,,658.6287537648701,640.7451115170014,1.7989606393954025,1.0014765338070841,1.2116177738275211,,0.0,0.18743840450452584,0.8125615954954741,0.8125615954954741,False,,,,,,,nonliving26,1,CDANN,PCA16,16.0,0.8176922798156738,0.8176922798156738,0.5332028269767761,0.5352197289466858,splits_nonliving26_CDANN_1_0_b09dc755c62e.npz,b09dc755c62e,False,False,,,,,,,0.8125615954954741,all_pca,PCA16,IW overlap critic | W=5 | seed=0 (plug-in),True,
iw_overlap_critic,5.0,0.0,2600.0,104.0,650.0,28.0,0.8138461538461539,0.0,1.0,54.598148345947266,0.5,0.5,0.42692306637763977,0.25077518820762634,,,,,0.18479987164053666,0.0,650.0,0.0,28.0,0.0,ok,plugin,False,,646.0129617260495,649.7304070928583,1.080641531400773,0.9927082481442953,1.0266020425441922,,0.0,0.18479987164053666,0.8152001283594633,0.8152001283594633,False,,,,,,,nonliving26,2,CDANN,PCA16,16.0,0.8165384531021118,0.8165384531021118,0.7692307829856873,0.7500000596046448,splits_nonliving26_CDANN_2_0_b09dc755c62e.npz,b09dc755c62e,False,False,,,,,,,0.8152001283594633,all_pca,PCA16,IW overlap critic | W=5 | seed=0 (plug-in),True,
iw_overlap_critic,5.0,0.0,2600.0,104.0,650.0,28.0,0.8123076923076923,0.0,1.0,54.598148345947266,0.5,0.5,0.3711538314819336,0.2507491409778595,,,,,0.18583715177214885,0.0,650.0,0.0,28.0,0.0,ok,plugin,False,,646.1332275860941,649.7569201053267,1.0409941480374139,0.9939167842735293,1.0247469487098617,,0.0,0.18583715177214885,0.8141628482278511,0.8141628482278511,False,,,,,,,nonliving26,3,CDANN,PCA16,16.0,0.822692334651947,0.822692334651947,0.4038461744785309,0.3214285969734192,splits_nonliving26_CDANN_3_0_b09dc755c62e.npz,b09dc755c62e,False,False,,,,,,,0.8141628482278511,all_pca,PCA16,IW overlap critic | W=5 | seed=0 (plug-in),True,
iw_overlap_critic,5.0,0.0,11745.0,35070.0,2938.0,8768.0,0.6388699795779442,0.0,1.0,1.5888513326644897,0.5,0.5,0.544959545135498,0.24721282720565796,,,,,0.3539122605712489,0.0,2938.0,0.0,8768.0,0.0,ok,plugin,False,,2935.8256945233097,2807.0295390784704,1.8185916428567916,0.9932292027945433,1.3601439258361288,,0.0,0.3539122605712489,0.6460877394287511,0.6460877394287511,False,,,,,,,fmow,1,DANN,PCA16,64.0,0.6519370079040527,0.6519370079040527,0.6103222370147705,0.6077782511711121,splits_fmow_DANN_1_0_b09dc755c62e.npz,b09dc755c62e,False,False,,,,,,,0.6460877394287511,all_pca,PCA16,IW overlap critic | W=5 | seed=0 (plug-in),True,
iw_overlap_critic,5.0,0.0,11745.0,39088.0,2938.0,9774.0,0.6344452008168822,0.0,1.0,1.3736965656280518,0.5,0.5,0.5599842071533203,0.24434760212898254,,,,,0.3724414005221457,0.0,2938.0,0.0,9774.0,0.0,ok,plugin,False,,2943.8318142639273,2690.040783117177,2.3023424970168147,0.9738192100980598,1.5533992645650776,,0.0,0.3724414005221457,0.6275585994778543,0.6275585994778543,False,,,,,,,fmow,2,DANN,PCA16,64.0,0.6504895687103271,0.6504895687103271,0.5482756495475769,0.5545324683189392,splits_fmow_DANN_2_0_b09dc755c62e.npz,b09dc755c62e,False,False,,,,,,,0.6275585994778543,all_pca,PCA16,IW overlap critic | W=5 | seed=0 (plug-in),True,
iw_overlap_critic,5.0,0.0,11745.0,35070.0,2938.0,8768.0,0.6466984343090538,0.0,1.0,1.2915681600570679,0.5,0.5,0.532844603061676,0.24822965264320374,,,,,0.33976449770032763,0.0,2938.0,0.0,8768.0,0.0,ok,plugin,False,,2913.7729922953617,2850.4832668835875,1.6256422815327425,0.988244529525701,1.2795154866074976,,0.0,0.33976449770032763,0.6602355022996724,0.6602355022996724,False,,,,,,,fmow,1,CDANN,PCA16,16.0,0.6558535695075989,0.6558535695075989,0.605617344379425,0.6010492444038391,splits_fmow_CDANN_1_0_b09dc755c62e.npz,b09dc755c62e,False,False,,,,,,,0.6602355022996724,all_pca,PCA16,IW overlap critic | W=5 | seed=0 (plug-in),True,
iw_overlap_critic,5.0,0.0,11745.0,39088.0,2938.0,9774.0,0.6446562287270252,0.0,1.0,1.1035517454147339,0.5,0.5,0.542487621307373,0.24726101756095886,,,,,0.3537706771984854,0.0,2938.0,0.0,9774.0,0.0,ok,plugin,False,,2920.90949682689,2804.3987725438215,2.2822447522558695,0.976850757720585,1.3790116534192771,,0.0,0.3537706771984854,0.6462293228015146,0.6462293228015146,False,,,,,,,fmow,2,CDANN,PCA16,16.0,0.6548318862915039,0.6548318862915039,0.5420845150947571,0.5445058345794678,splits_fmow_CDANN_2_0_b09dc755c62e.npz,b09dc755c62e,False,False,,,,,,,0.6462293228015146,all_pca,PCA16,IW overlap critic | W=5 | seed=0 (plug-in),True,
iw_overlap_critic,5.0,0.0,731.0,898.0,184.0,227.0,0.9239130434782609,0.0,1.0,27.657922744750977,0.5,0.5,0.5223949551582336,0.24969831109046936,,,,,0.07510671820227982,0.0,184.0,0.0,227.0,0.0,ok,plugin,False,,182.33751725141553,183.02029291196337,1.2069038185484167,0.9831716634499583,1.1309239149829822,,0.0,0.07510671820227982,0.9248932817977202,0.9248932817977202,False,,,,,,,officehome,1,DANN,PCA16,128.0,0.922024667263031,0.922024667263031,0.7193763852119446,0.7268722057342529,splits_officehome_DANN_1_0_b09dc755c62e.npz,b09dc755c62e,False,False,,,,,,,0.9248932817977202,all_pca,PCA16,IW overlap critic | W=5 | seed=0 (plug-in),True,
iw_overlap_critic,5.0,0.0,731.0,893.0,184.0,226.0,0.9021739130434783,0.0,1.0,4.726238250732422,0.5,0.5,0.5659534931182861,0.24325035512447357,,,,,0.104113477046802,0.0,184.0,0.0,226.0,0.0,ok,plugin,False,,177.10350682054286,166.28906159943512,2.3483278562245347,0.891343848507067,1.4913100549787566,,0.0,0.104113477046802,0.895886522953198,0.895886522953198,False,,,,,,,officehome,2,DANN,PCA16,128.0,0.915184736251831,0.915184736251831,0.44904816150665283,0.45132744312286377,splits_officehome_DANN_2_0_b09dc755c62e.npz,b09dc755c62e,False,False,,,,,,,0.895886522953198,all_pca,PCA16,IW overlap critic | W=5 | seed=0 (plug-in),True,
iw_overlap_critic,5.0,0.0,731.0,507.0,184.0,128.0,0.9130434782608696,0.0,1.0,7.386640548706055,0.5,0.5,0.5935616493225098,0.23377737402915955,,,,,0.0895653701232142,0.0,184.0,0.0,128.0,0.0,ok,plugin,False,,160.84306346633056,147.89218616448179,2.223101153835642,0.785253333891777,1.8294992690003105,,0.0,0.0895653701232142,0.9104346298767858,0.9104346298767858,False,,,,,,,officehome,3,DANN,PCA16,128.0,0.9056087732315063,0.9056087732315063,0.5364891290664673,0.5625,splits_officehome_DANN_3_0_b09dc755c62e.npz,b09dc755c62e,False,False,,,,,,,0.9104346298767858,all_pca,PCA16,IW overlap critic | W=5 | seed=0 (plug-in),True,
iw_overlap_critic,5.0,0.0,731.0,898.0,184.0,227.0,0.9130434782608696,0.0,1.0,1.9478014707565308,0.5,0.5,0.5734954476356506,0.242500901222229,,,,,0.08479369311574196,0.0,184.0,0.0,227.0,0.0,ok,plugin,False,,176.33056064673556,155.35837595791023,4.334635087310667,0.8839395456067967,1.5156347916525401,,0.0,0.08479369311574196,0.9152063068842581,0.9152063068842581,False,,,,,,,officehome,1,CDANN,PCA16,16.0,0.9138167500495911,0.9138167500495911,0.730512261390686,0.7488986253738403,splits_officehome_CDANN_1_0_b09dc755c62e.npz,b09dc755c62e,False,False,,,,,,,0.9152063068842581,all_pca,PCA16,IW overlap critic | W=5 | seed=0 (plug-in),True,
iw_overlap_critic,5.0,0.0,731.0,893.0,184.0,226.0,0.8913043478260869,0.0,1.0,0.7444320917129517,0.5,0.5,0.6676157712936401,0.20600607991218567,218.0,23.0,106.0,14.0,0.10990565592141409,0.10619469026548672,181.0,3.0,202.0,24.0,ok,plugin,False,,139.88186226464143,101.59261606394472,3.7841727688262203,0.5093689474408946,2.5401091259228235,0.7916666666666666,0.08407079646017698,0.19397645238159106,0.806023547618409,0.806023547618409,False,48.0,14.0,0.3494255542755127,0.6505744457244873,1.0,"[{'epoch': 0, 'best_score': 0.05919146537780762}, {'epoch': 1, 'best_score': 0.07190185785293579}, {'epoch': 2, 'best_score': 0.07760477066040039}, {'epoch': 3, 'best_score': 0.07760477066040039}, {'epoch': 4, 'best_score': 0.08252757787704468}, {'epoch': 5, 'best_score': 0.053768277168273926}, {'epoch': 6, 'best_score': 0.07330065965652466}, {'epoch': 7, 'best_score': 0.07330065965652466}, {'epoch': 8, 'best_score': 0.07330065965652466}, {'epoch': 9, 'best_score': 0.08386069536209106}, {'epoch': 10, 'best_score': 0.08339887857437134}, {'epoch': 11, 'best_score': 0.10256403684616089}, {'epoch': 12, 'best_score': 0.08892011642456055}, {'epoch': 13, 'best_score': 0.13659042119979858}, {'epoch': 14, 'best_score': 0.1508764624595642}, {'epoch': 15, 'best_score': 0.15736931562423706}, {'epoch': 16, 'best_score': 0.16396033763885498}, {'epoch': 17, 'best_score': 0.16735166311264038}, {'epoch': 18, 'best_score': 0.17541569471359253}, {'epoch': 19, 'best_score': 0.1907445192337036}, {'epoch': 20, 'best_score': 0.1932682991027832}, {'epoch': 21, 'best_score': 0.1932682991027832}, {'epoch': 22, 'best_score': 0.2040504813194275}, {'epoch': 23, 'best_score': 0.2040504813194275}, {'epoch': 24, 'best_score': 0.2181718945503235}, {'epoch': 25, 'best_score': 0.2260974645614624}, {'epoch': 26, 'best_score': 0.2404012680053711}, {'epoch': 27, 'best_score': 0.27419358491897583}, {'epoch': 28, 'best_score': 0.233024001121521}, {'epoch': 29, 'best_score': 0.2248247265815735}, {'epoch': 30, 'best_score': 0.24006903171539307}, {'epoch': 31, 'best_score': 0.25539785623550415}, {'epoch': 32, 'best_score': 0.25539785623550415}, {'epoch': 33, 'best_score': 0.2627587914466858}, {'epoch': 34, 'best_score': 0.25539785623550415}, {'epoch': 35, 'best_score': 0.25539785623550415}, {'epoch': 36, 'best_score': 0.28528594970703125}, {'epoch': 37, 'best_score': 0.28528594970703125}, {'epoch': 38, 'best_score': 0.28528594970703125}, {'epoch': 39, 'best_score': 0.3124607801437378}, {'epoch': 40, 'best_score': 0.3124607801437378}, {'epoch': 41, 'best_score': 0.3124607801437378}, {'epoch': 42, 'best_score': 0.33800482749938965}, {'epoch': 43, 'best_score': 0.33800482749938965}, {'epoch': 44, 'best_score': 0.33800482749938965}, {'epoch': 45, 'best_score': 0.33800482749938965}, {'epoch': 46, 'best_score': 0.34528183937072754}, {'epoch': 47, 'best_score': 0.34528183937072754}, {'epoch': 48, 'best_score': 0.3494255542755127}, {'epoch': 49, 'best_score': 0.3494255542755127}]",officehome,2,CDANN,PCA16,16.0,0.9015048146247864,0.9015048146247864,0.4501679837703705,0.45132744312286377,splits_officehome_CDANN_2_0_b09dc755c62e.npz,b09dc755c62e,False,False,,,,,,,0.806023547618409,all_pca,PCA16,IW overlap critic | W=5 | seed=0 (plug-in),True,
iw_overlap_critic,5.0,0.0,731.0,507.0,184.0,128.0,0.9130434782608696,0.0,1.0,0.958997905254364,0.5,0.5,0.7035616636276245,0.19239327311515808,218.0,15.0,107.0,16.0,0.08724260964581265,0.1640625,178.0,6.0,107.0,21.0,ok,plugin,False,,118.7734232282661,88.62466746976106,4.10080026680123,0.4462174977419331,1.994824208055342,1.0,0.1640625,0.25130510964581265,0.7486948903541873,0.7486948903541873,False,49.0,19.0,0.3296744227409363,0.6703255772590637,1.0,"[{'epoch': 0, 'best_score': 0.039496004581451416}, {'epoch': 1, 'best_score': 0.04690349102020264}, {'epoch': 2, 'best_score': 0.03695213794708252}, {'epoch': 3, 'best_score': 0.05580484867095947}, {'epoch': 4, 'best_score': 0.05580484867095947}, {'epoch': 5, 'best_score': 0.05580484867095947}, {'epoch': 6, 'best_score': 0.05580484867095947}, {'epoch': 7, 'best_score': 0.06130701303482056}, {'epoch': 8, 'best_score': 0.07438647747039795}, {'epoch': 9, 'best_score': 0.08313703536987305}, {'epoch': 10, 'best_score': 0.09713363647460938}, {'epoch': 11, 'best_score': 0.08496677875518799}, {'epoch': 12, 'best_score': 0.0864182710647583}, {'epoch': 13, 'best_score': 0.10007286071777344}, {'epoch': 14, 'best_score': 0.13936501741409302}, {'epoch': 15, 'best_score': 0.13936501741409302}, {'epoch': 16, 'best_score': 0.14824652671813965}, {'epoch': 17, 'best_score': 0.14824652671813965}, {'epoch': 18, 'best_score': 0.14824652671813965}, {'epoch': 19, 'best_score': 0.14824652671813965}, {'epoch': 20, 'best_score': 0.14824652671813965}, {'epoch': 21, 'best_score': 0.15811073780059814}, {'epoch': 22, 'best_score': 0.15811073780059814}, {'epoch': 23, 'best_score': 0.15811073780059814}, {'epoch': 24, 'best_score': 0.15811073780059814}, {'epoch': 25, 'best_score': 0.13521605730056763}, {'epoch': 26, 'best_score': 0.14997273683547974}, {'epoch': 27, 'best_score': 0.14997273683547974}, {'epoch': 28, 'best_score': 0.16552430391311646}, {'epoch': 29, 'best_score': 0.16899138689041138}, {'epoch': 30, 'best_score': 0.17788255214691162}, {'epoch': 31, 'best_score': 0.20041871070861816}, {'epoch': 32, 'best_score': 0.23536181449890137}, {'epoch': 33, 'best_score': 0.2388288378715515}, {'epoch': 34, 'best_score': 0.2388288378715515}, {'epoch': 35, 'best_score': 0.2443310022354126}, {'epoch': 36, 'best_score': 0.2443310022354126}, {'epoch': 37, 'best_score': 0.2546491026878357}, {'epoch': 38, 'best_score': 0.26163774728775024}, {'epoch': 39, 'best_score': 0.26163774728775024}, {'epoch': 40, 'best_score': 0.26163774728775024}, {'epoch': 41, 'best_score': 0.24246954917907715}, {'epoch': 42, 'best_score': 0.24246954917907715}, {'epoch': 43, 'best_score': 0.24094367027282715}, {'epoch': 44, 'best_score': 0.24094367027282715}, {'epoch': 45, 'best_score': 0.24094367027282715}, {'epoch': 46, 'best_score': 0.26159942150115967}, {'epoch': 47, 'best_score': 0.28178179264068604}, {'epoch': 48, 'best_score': 0.2854434847831726}, {'epoch': 49, 'best_score': 0.3296744227409363}]",officehome,3,CDANN,PCA16,16.0,0.9138167500495911,0.9138167500495911,0.5364891290664673,0.5546875,splits_officehome_CDANN_3_0_b09dc755c62e.npz,b09dc755c62e,False,False,,,,,,,0.7486948903541873,all_pca,PCA16,IW overlap critic | W=5 | seed=0 (plug-in),True,
iw_overlap_critic,5.0,0.0,24387.0,11083.0,6098.0,2773.0,0.9996720236142997,0.0,1.0,1.0456888675689697,0.5,0.5,0.7992861866950989,0.13728545606136322,7043.0,1522.0,3514.0,772.0,5.956054297981776e-06,0.45690587811034983,5853.0,245.0,1506.0,1267.0,ok,plugin,False,,3325.201908807849,1767.8363069994439,4.9797986211480785,0.21704362299709862,2.5559462687096572,0.7703235990528808,0.3519653804543816,0.35197133650867957,0.6480286634913204,0.6480286634913204,False,48.0,6.0,0.6174547672271729,0.17529132962226868,0.7927461266517639,"[{'epoch': 0, 'best_score': 0.06605589389801025}, {'epoch': 1, 'best_score': 0.07707792520523071}, {'epoch': 2, 'best_score': 0.10959416627883911}, {'epoch': 3, 'best_score': 0.13005870580673218}, {'epoch': 4, 'best_score': 0.15044885873794556}, {'epoch': 5, 'best_score': 0.17441082000732422}, {'epoch': 6, 'best_score': 0.19583654403686523}, {'epoch': 7, 'best_score': 0.2508077621459961}, {'epoch': 8, 'best_score': 0.2872070074081421}, {'epoch': 9, 'best_score': 0.3151150047779083}, {'epoch': 10, 'best_score': 0.32621800899505615}, {'epoch': 11, 'best_score': 0.35903200507164}, {'epoch': 12, 'best_score': 0.38245275616645813}, {'epoch': 13, 'best_score': 0.38225722312927246}, {'epoch': 14, 'best_score': 0.41056570410728455}, {'epoch': 15, 'best_score': 0.4229140877723694}, {'epoch': 16, 'best_score': 0.446258544921875}, {'epoch': 17, 'best_score': 0.4479990601539612}, {'epoch': 18, 'best_score': 0.47608089447021484}, {'epoch': 19, 'best_score': 0.4846033751964569}, {'epoch': 20, 'best_score': 0.49655941128730774}, {'epoch': 21, 'best_score': 0.5081797242164612}, {'epoch': 22, 'best_score': 0.5222978591918945}, {'epoch': 23, 'best_score': 0.5222285985946655}, {'epoch': 24, 'best_score': 0.5323560237884521}, {'epoch': 25, 'best_score': 0.5344387888908386}, {'epoch': 26, 'best_score': 0.5358827710151672}, {'epoch': 27, 'best_score': 0.5393549799919128}, {'epoch': 28, 'best_score': 0.5422108769416809}, {'epoch': 29, 'best_score': 0.5434285998344421}, {'epoch': 30, 'best_score': 0.5423023700714111}, {'epoch': 31, 'best_score': 0.5480017066001892}, {'epoch': 32, 'best_score': 0.5537251830101013}, {'epoch': 33, 'best_score': 0.5644086599349976}, {'epoch': 34, 'best_score': 0.5680071115493774}, {'epoch': 35, 'best_score': 0.5747625827789307}, {'epoch': 36, 'best_score': 0.5799973011016846}, {'epoch': 37, 'best_score': 0.5846945643424988}, {'epoch': 38, 'best_score': 0.590133547782898}, {'epoch': 39, 'best_score': 0.5947468280792236}, {'epoch': 40, 'best_score': 0.6029214262962341}, {'epoch': 41, 'best_score': 0.6036024689674377}, {'epoch': 42, 'best_score': 0.6063871383666992}, {'epoch': 43, 'best_score': 0.603501558303833}, {'epoch': 44, 'best_score': 0.6075137853622437}, {'epoch': 45, 'best_score': 0.6096488833427429}, {'epoch': 46, 'best_score': 0.6095908880233765}, {'epoch': 47, 'best_score': 0.6132493019104004}, {'epoch': 48, 'best_score': 0.6174547672271729}, {'epoch': 49, 'best_score': 0.6168824434280396}]",visda,1,DANN,PCA16,128.0,0.9995489120483398,0.9995489120483398,0.6463051438331604,0.6473133563995361,splits_visda_DANN_1_0_b09dc755c62e.npz,b09dc755c62e,False,False,,,,,,,0.6480286634913204,all_pca,PCA16,IW overlap critic | W=5 | seed=0 (plug-in),True,
iw_overlap_critic,5.0,0.0,24387.0,14480.0,6098.0,3620.0,0.9998360118071499,0.0,1.0,1.129449486732483,0.5,0.5,0.7805391550064087,0.154123455286026,7103.0,1634.0,3535.0,814.0,3.685257178388541e-05,0.3712707182320442,5911.0,187.0,2276.0,1344.0,ok,plugin,False,,3735.8206623097117,2153.3610384102885,4.988714551752386,0.3112305477285076,2.4623059115771957,0.8080357142857143,0.30000000000000004,0.3000368525717839,0.6999631474282161,0.6999631474282161,False,45.0,20.0,0.6163946390151978,0.19073070585727692,0.8071253299713135,"[{'epoch': 0, 'best_score': 0.04493814706802368}, {'epoch': 1, 'best_score': 0.05393725633621216}, {'epoch': 2, 'best_score': 0.06764745712280273}, {'epoch': 3, 'best_score': 0.09874731302261353}, {'epoch': 4, 'best_score': 0.13399475812911987}, {'epoch': 5, 'best_score': 0.16888290643692017}, {'epoch': 6, 'best_score': 0.22047734260559082}, {'epoch': 7, 'best_score': 0.2364732027053833}, {'epoch': 8, 'best_score': 0.2718442678451538}, {'epoch': 9, 'best_score': 0.32135698199272156}, {'epoch': 10, 'best_score': 0.34519317746162415}, {'epoch': 11, 'best_score': 0.35910937190055847}, {'epoch': 12, 'best_score': 0.3735923767089844}, {'epoch': 13, 'best_score': 0.4038394093513489}, {'epoch': 14, 'best_score': 0.42088842391967773}, {'epoch': 15, 'best_score': 0.4362141788005829}, {'epoch': 16, 'best_score': 0.4755595326423645}, {'epoch': 17, 'best_score': 0.4842795133590698}, {'epoch': 18, 'best_score': 0.49794474244117737}, {'epoch': 19, 'best_score': 0.5044592022895813}, {'epoch': 20, 'best_score': 0.5157008171081543}, {'epoch': 21, 'best_score': 0.5169754028320312}, {'epoch': 22, 'best_score': 0.5167487859725952}, {'epoch': 23, 'best_score': 0.5199481844902039}, {'epoch': 24, 'best_score': 0.5293768048286438}, {'epoch': 25, 'best_score': 0.5379302501678467}, {'epoch': 26, 'best_score': 0.5393259525299072}, {'epoch': 27, 'best_score': 0.545828104019165}, {'epoch': 28, 'best_score': 0.555298924446106}, {'epoch': 29, 'best_score': 0.5568786859512329}, {'epoch': 30, 'best_score': 0.5586185455322266}, {'epoch': 31, 'best_score': 0.5633509755134583}, {'epoch': 32, 'best_score': 0.5710231065750122}, {'epoch': 33, 'best_score': 0.5737913250923157}, {'epoch': 34, 'best_score': 0.5753380060195923}, {'epoch': 35, 'best_score': 0.5767335891723633}, {'epoch': 36, 'best_score': 0.5807557106018066}, {'epoch': 37, 'best_score': 0.5859414339065552}, {'epoch': 38, 'best_score': 0.5895519256591797}, {'epoch': 39, 'best_score': 0.5913575291633606}, {'epoch': 40, 'best_score': 0.5978645086288452}, {'epoch': 41, 'best_score': 0.6058099269866943}, {'epoch': 42, 'best_score': 0.60816890001297}, {'epoch': 43, 'best_score': 0.609712541103363}, {'epoch': 44, 'best_score': 0.6129125356674194}, {'epoch': 45, 'best_score': 0.6163946390151978}, {'epoch': 46, 'best_score': 0.6153573393821716}, {'epoch': 47, 'best_score': 0.6127045154571533}, {'epoch': 48, 'best_score': 0.615565299987793}, {'epoch': 49, 'best_score': 0.6148681044578552}]",visda,2,DANN,PCA16,128.0,0.9997539520263672,0.9997539520263672,0.6546961069107056,0.6544198393821716,splits_visda_DANN_2_0_b09dc755c62e.npz,b09dc755c62e,False,False,,,,,,,0.6999631474282161,all_pca,PCA16,IW overlap critic | W=5 | seed=0 (plug-in),True,
iw_overlap_critic,5.0,0.0,24387.0,11083.0,6098.0,2773.0,0.9993440472285995,0.0,1.0,0.9295608997344971,0.5,0.5,0.6908315420150757,0.20141629874706268,7169.0,182.0,3599.0,85.0,0.0006079209816977345,0.0573386224305806,5978.0,120.0,2614.0,159.0,ok,plugin,False,,5652.925063407375,3038.6643222006655,4.969915127555244,0.6306203429315003,2.9432530544443436,0.8301886792452831,0.04760187522538767,0.048209796207085404,0.9517902037929146,0.9517902037929146,False,49.0,12.0,0.4980035722255707,0.38434937596321106,0.8823529481887817,"[{'epoch': 0, 'best_score': 0.10631251335144043}, {'epoch': 1, 'best_score': 0.1052979826927185}, {'epoch': 2, 'best_score': 0.10463947057723999}, {'epoch': 3, 'best_score': 0.10470086336135864}, {'epoch': 4, 'best_score': 0.10970354080200195}, {'epoch': 5, 'best_score': 0.12418258190155029}, {'epoch': 6, 'best_score': 0.13518047332763672}, {'epoch': 7, 'best_score': 0.14729976654052734}, {'epoch': 8, 'best_score': 0.16153812408447266}, {'epoch': 9, 'best_score': 0.17056655883789062}, {'epoch': 10, 'best_score': 0.171319842338562}, {'epoch': 11, 'best_score': 0.1692754626274109}, {'epoch': 12, 'best_score': 0.18369847536087036}, {'epoch': 13, 'best_score': 0.19372743368148804}, {'epoch': 14, 'best_score': 0.20716780424118042}, {'epoch': 15, 'best_score': 0.22104889154434204}, {'epoch': 16, 'best_score': 0.24185317754745483}, {'epoch': 17, 'best_score': 0.26777493953704834}, {'epoch': 18, 'best_score': 0.30080240964889526}, {'epoch': 19, 'best_score': 0.3242713212966919}, {'epoch': 20, 'best_score': 0.3448525667190552}, {'epoch': 21, 'best_score': 0.3584420084953308}, {'epoch': 22, 'best_score': 0.3695487380027771}, {'epoch': 23, 'best_score': 0.36629265546798706}, {'epoch': 24, 'best_score': 0.37277650833129883}, {'epoch': 25, 'best_score': 0.3815767765045166}, {'epoch': 26, 'best_score': 0.39052778482437134}, {'epoch': 27, 'best_score': 0.39882415533065796}, {'epoch': 28, 'best_score': 0.4059602618217468}, {'epoch': 29, 'best_score': 0.39953410625457764}, {'epoch': 30, 'best_score': 0.4045397639274597}, {'epoch': 31, 'best_score': 0.4070940613746643}, {'epoch': 32, 'best_score': 0.4103987216949463}, {'epoch': 33, 'best_score': 0.41293632984161377}, {'epoch': 34, 'best_score': 0.41476351022720337}, {'epoch': 35, 'best_score': 0.4172344207763672}, {'epoch': 36, 'best_score': 0.41931265592575073}, {'epoch': 37, 'best_score': 0.4219682812690735}, {'epoch': 38, 'best_score': 0.4263385534286499}, {'epoch': 39, 'best_score': 0.4310672879219055}, {'epoch': 40, 'best_score': 0.43525171279907227}, {'epoch': 41, 'best_score': 0.43997395038604736}, {'epoch': 42, 'best_score': 0.4556680917739868}, {'epoch': 43, 'best_score': 0.4673427939414978}, {'epoch': 44, 'best_score': 0.4920305013656616}, {'epoch': 45, 'best_score': 0.49184271693229675}, {'epoch': 46, 'best_score': 0.4823279082775116}, {'epoch': 47, 'best_score': 0.4863767623901367}, {'epoch': 48, 'best_score': 0.49740174412727356}, {'epoch': 49, 'best_score': 0.4980035722255707}]",visda,1,CDANN,PCA16,16.0,0.9990978837013245,0.9990978837013245,0.6784264445304871,0.6693112254142761,splits_visda_CDANN_1_0_b09dc755c62e.npz,b09dc755c62e,False,False,,,,,,,0.9517902037929146,all_pca,PCA16,IW overlap critic | W=5 | seed=0 (plug-in),True,
iw_overlap_critic,5.0,0.0,24387.0,14480.0,6098.0,3620.0,0.9995080354214496,0.0,1.0,1.00063157081604,0.5,0.5,0.6626225709915161,0.21719664335250854,7297.0,56.0,3640.0,37.0,0.0006563011097544774,0.015469613259668509,6078.0,20.0,3564.0,56.0,ok,plugin,False,,5798.403185934674,3915.6786551280165,4.9030347682371955,0.7800262675094505,2.3238335315535794,0.875,0.013535911602209946,0.014192212711964424,0.9858077872880355,0.9858077872880355,False,48.0,2.0,0.48724567890167236,0.32356512546539307,0.8108108043670654,"[{'epoch': 0, 'best_score': 0.08146882057189941}, {'epoch': 1, 'best_score': 0.08651852607727051}, {'epoch': 2, 'best_score': 0.09064823389053345}, {'epoch': 3, 'best_score': 0.09725117683410645}, {'epoch': 4, 'best_score': 0.10283905267715454}, {'epoch': 5, 'best_score': 0.10739868879318237}, {'epoch': 6, 'best_score': 0.11231690645217896}, {'epoch': 7, 'best_score': 0.11725372076034546}, {'epoch': 8, 'best_score': 0.12125855684280396}, {'epoch': 9, 'best_score': 0.1452629566192627}, {'epoch': 10, 'best_score': 0.16928458213806152}, {'epoch': 11, 'best_score': 0.1519114375114441}, {'epoch': 12, 'best_score': 0.1560983657836914}, {'epoch': 13, 'best_score': 0.1687256097793579}, {'epoch': 14, 'best_score': 0.1810714602470398}, {'epoch': 15, 'best_score': 0.19554173946380615}, {'epoch': 16, 'best_score': 0.18887484073638916}, {'epoch': 17, 'best_score': 0.2038612961769104}, {'epoch': 18, 'best_score': 0.2227957844734192}, {'epoch': 19, 'best_score': 0.21474945545196533}, {'epoch': 20, 'best_score': 0.22863900661468506}, {'epoch': 21, 'best_score': 0.24329715967178345}, {'epoch': 22, 'best_score': 0.25831669569015503}, {'epoch': 23, 'best_score': 0.2678777575492859}, {'epoch': 24, 'best_score': 0.2815735340118408}, {'epoch': 25, 'best_score': 0.3075108528137207}, {'epoch': 26, 'best_score': 0.30632317066192627}, {'epoch': 27, 'best_score': 0.32920825481414795}, {'epoch': 28, 'best_score': 0.35440587997436523}, {'epoch': 29, 'best_score': 0.34557968378067017}, {'epoch': 30, 'best_score': 0.36433809995651245}, {'epoch': 31, 'best_score': 0.38810044527053833}, {'epoch': 32, 'best_score': 0.4055515229701996}, {'epoch': 33, 'best_score': 0.4247124195098877}, {'epoch': 34, 'best_score': 0.4450536072254181}, {'epoch': 35, 'best_score': 0.4587188959121704}, {'epoch': 36, 'best_score': 0.46736353635787964}, {'epoch': 37, 'best_score': 0.4744284152984619}, {'epoch': 38, 'best_score': 0.479367733001709}, {'epoch': 39, 'best_score': 0.4617076814174652}, {'epoch': 40, 'best_score': 0.46644559502601624}, {'epoch': 41, 'best_score': 0.47215306758880615}, {'epoch': 42, 'best_score': 0.4799192547798157}, {'epoch': 43, 'best_score': 0.45695117115974426}, {'epoch': 44, 'best_score': 0.4623028635978699}, {'epoch': 45, 'best_score': 0.47208279371261597}, {'epoch': 46, 'best_score': 0.4788985252380371}, {'epoch': 47, 'best_score': 0.4819582998752594}, {'epoch': 48, 'best_score': 0.48724567890167236}, {'epoch': 49, 'best_score': 0.4675143361091614}]",visda,2,CDANN,PCA16,16.0,0.9995899200439453,0.9995899200439453,0.7107734680175781,0.7140883803367615,splits_visda_CDANN_2_0_b09dc755c62e.npz,b09dc755c62e,False,False,,,,,,,0.9858077872880355,all_pca,PCA16,IW overlap critic | W=5 | seed=0 (plug-in),True,
iw_overlap_critic,5.0,0.0,6500.0,33009.0,1625.0,8255.0,0.904,0.0,1.0,1.1619356870651245,0.5,0.5,0.5458275079727173,0.24857781827449799,,,,,0.10204889451519164,0.0,1625.0,0.0,8255.0,0.0,ok,plugin,False,,1639.6990636842488,1589.4140925160707,1.58455989630418,0.9989685997880099,1.2648932267474633,,0.0,0.10204889451519164,0.8979511054848084,0.8979511054848084,False,,,,,,,entity13,1,DANN,PCA32,16.0,0.905846118927002,0.905846118927002,0.7318307161331177,0.7345851063728333,splits_entity13_DANN_1_0_b09dc755c62e.npz,b09dc755c62e,False,False,,,,,,,0.8979511054848084,all_pca,PCA32,IW overlap critic | W=5 | seed=0 (plug-in),True,
iw_overlap_critic,5.0,0.0,6500.0,260.0,1625.0,65.0,0.9101538461538462,0.0,1.0,9.66464900970459,0.5,0.5,0.5538461208343506,0.24981722235679626,,,,,0.08995037095586528,0.0,1625.0,0.0,65.0,0.0,ok,plugin,False,,1608.7661585444362,1619.9809465243304,1.1604536991379546,0.9956673837789936,1.0723216383281067,,0.0,0.08995037095586528,0.9100496290441347,0.9100496290441347,False,,,,,,,entity13,2,DANN,PCA32,16.0,0.9129230380058289,0.9129230380058289,0.8615384697914124,0.8461538553237915,splits_entity13_DANN_2_0_b09dc755c62e.npz,b09dc755c62e,False,False,,,,,,,0.9100496290441347,all_pca,PCA32,IW overlap critic | W=5 | seed=0 (plug-in),True,
iw_overlap_critic,5.0,0.0,6500.0,260.0,1625.0,65.0,0.9027692307692308,0.0,1.0,1.0816794633865356,0.5,0.5,0.6430768966674805,0.22885441780090332,,,,,0.1284839399389667,0.0,1622.0,3.0,65.0,0.0,ok,plugin,False,,1716.2411933648063,1192.744049797244,4.4120203920598735,0.950975964844875,2.2641597312276875,,0.0,0.1284839399389667,0.8715160600610333,0.8715160600610333,False,,,,,,,entity13,3,DANN,PCA32,16.0,0.907076895236969,0.907076895236969,0.6653845906257629,0.5538461804389954,splits_entity13_DANN_3_0_b09dc755c62e.npz,b09dc755c62e,False,False,,,,,,,0.8715160600610333,all_pca,PCA32,IW overlap critic | W=5 | seed=0 (plug-in),True,
iw_overlap_critic,5.0,0.0,6500.0,33009.0,1625.0,8255.0,0.9132307692307693,0.0,1.0,2.7005600929260254,0.5,0.5,0.5197669267654419,0.2498684972524643,,,,,0.08716215772110947,0.0,1625.0,0.0,8255.0,0.0,ok,plugin,False,,1626.655326508478,1621.3422054495493,1.158425976276184,1.0026931715526202,1.0736401740428596,,0.0,0.08716215772110947,0.9128378422788905,0.9128378422788905,False,,,,,,,entity13,1,CDANN,PCA32,8.0,0.9096922874450684,0.9096922874450684,0.7354357838630676,0.7372501492500305,splits_entity13_CDANN_1_0_b09dc755c62e.npz,b09dc755c62e,False,False,,,,,,,0.9128378422788905,all_pca,PCA32,IW overlap critic | W=5 | seed=0 (plug-in),True,
iw_overlap_critic,5.0,0.0,6500.0,260.0,1625.0,65.0,0.9058461538461539,0.0,1.0,54.598148345947266,0.5,0.5,0.42000001668930054,0.2502971291542053,,,,,0.09412631092766431,0.0,1625.0,0.0,65.0,0.0,ok,plugin,False,,1623.6186180531126,1624.9384755546039,1.0192760607113707,0.999579483717684,1.00886234680712,,0.0,0.09412631092766431,0.9058736890723357,0.9058736890723357,False,,,,,,,entity13,2,CDANN,PCA32,8.0,0.9081538319587708,0.9081538319587708,0.8423076868057251,0.8769230842590332,splits_entity13_CDANN_2_0_b09dc755c62e.npz,b09dc755c62e,False,False,,,,,,,0.9058736890723357,all_pca,PCA32,IW overlap critic | W=5 | seed=0 (plug-in),True,
iw_overlap_critic,5.0,0.0,6500.0,260.0,1625.0,65.0,0.9015384615384615,0.0,1.0,8.84760856628418,0.5,0.5,0.5176923274993896,0.24994578957557678,,,,,0.09886060201695056,0.0,1625.0,0.0,65.0,0.0,ok,plugin,False,,1623.7755246642364,1623.1704918351904,1.1014002773581306,1.0021583412293074,1.0477164618463046,,0.0,0.09886060201695056,0.9011393979830494,0.9011393979830494,False,,,,,,,entity13,3,CDANN,PCA32,8.0,0.9061538577079773,0.9061538577079773,0.6653845906257629,0.5692307949066162,splits_entity13_CDANN_3_0_b09dc755c62e.npz,b09dc755c62e,False,False,,,,,,,0.9011393979830494,all_pca,PCA32,IW overlap critic | W=5 | seed=0 (plug-in),True,
iw_overlap_critic,5.0,0.0,6000.0,30828.0,1500.0,7709.0,0.8426666666666667,0.0,1.0,1.0,0.5,0.5,0.5281981229782104,0.24832196533679962,,,,,0.16136222165870315,0.0,1500.0,0.0,7709.0,0.0,ok,plugin,False,,1497.7363912598835,1461.7419877033835,1.5395748485385805,1.0118131691445411,1.2349042073217826,,0.0,0.16136222165870315,0.8386377783412968,0.8386377783412968,False,,,,,,,entity30,1,DANN,PCA32,16.0,0.8550000190734863,0.8550000190734863,0.6190800070762634,0.6236866116523743,splits_entity30_DANN_1_0_b09dc755c62e.npz,b09dc755c62e,False,False,,,,,,,0.8386377783412968,all_pca,PCA32,IW overlap critic | W=5 | seed=0 (plug-in),True,
iw_overlap_critic,5.0,0.0,6000.0,240.0,1500.0,60.0,0.8606666666666667,0.0,1.0,39.42509078979492,0.5,0.5,0.5216666460037231,0.24999001622200012,,,,,0.13904037028838753,0.0,1500.0,0.0,60.0,0.0,ok,plugin,False,,1495.4174257237753,1499.7413985123153,1.0513700049594141,0.997541382100323,1.0176862914388873,,0.0,0.13904037028838753,0.8609596297116124,0.8609596297116124,False,,,,,,,entity30,2,DANN,PCA32,16.0,0.8646666407585144,0.8646666407585144,0.7875000238418579,0.7500000596046448,splits_entity30_DANN_2_0_b09dc755c62e.npz,b09dc755c62e,False,False,,,,,,,0.8609596297116124,all_pca,PCA32,IW overlap critic | W=5 | seed=0 (plug-in),True,
iw_overlap_critic,5.0,0.0,6000.0,240.0,1500.0,60.0,0.8553333333333333,0.0,1.0,1.964247703552246,0.5,0.5,0.4983333349227905,0.2429448664188385,,,,,0.1404824310121385,0.0,1500.0,0.0,60.0,0.0,ok,plugin,False,,1456.4393591735216,1313.94118110547,2.5441571718434046,0.9333556138433132,1.6254084500601906,,0.0,0.1404824310121385,0.8595175689878615,0.8595175689878615,False,,,,,,,entity30,3,DANN,PCA32,16.0,0.8636666536331177,0.8636666536331177,0.5708333849906921,0.6666666865348816,splits_entity30_DANN_3_0_b09dc755c62e.npz,b09dc755c62e,False,False,,,,,,,0.8595175689878615,all_pca,PCA32,IW overlap critic | W=5 | seed=0 (plug-in),True,
iw_overlap_critic,5.0,0.0,6000.0,30828.0,1500.0,7709.0,0.856,0.0,1.0,2.5279157161712646,0.5,0.5,0.5063995122909546,0.24990937113761902,,,,,0.1437124147636751,0.0,1500.0,0.0,7709.0,0.0,ok,plugin,False,,1496.8521803474102,1497.045501258576,1.1665409247948384,1.0025755791090436,1.0592385385238843,,0.0,0.1437124147636751,0.8562875852363249,0.8562875852363249,False,,,,,,,entity30,1,CDANN,PCA32,8.0,0.8611666560173035,0.8611666560173035,0.627903163433075,0.6345829367637634,splits_entity30_CDANN_1_0_b09dc755c62e.npz,b09dc755c62e,False,False,,,,,,,0.8562875852363249,all_pca,PCA32,IW overlap critic | W=5 | seed=0 (plug-in),True,
iw_overlap_critic,5.0,0.0,6000.0,240.0,1500.0,60.0,0.862,0.0,1.0,4.503905773162842,0.5,0.5,0.4741666615009308,0.2497161626815796,,,,,0.13614533083453478,0.0,1500.0,0.0,60.0,0.0,ok,plugin,False,,1489.1992266780057,1490.022517157249,1.3305157024593608,0.9904459336363598,1.133894265073839,,0.0,0.13614533083453478,0.8638546691654652,0.8638546691654652,False,,,,,,,entity30,2,CDANN,PCA32,8.0,0.8646666407585144,0.8646666407585144,0.8125000596046448,0.7500000596046448,splits_entity30_CDANN_2_0_b09dc755c62e.npz,b09dc755c62e,False,False,,,,,,,0.8638546691654652,all_pca,PCA32,IW overlap critic | W=5 | seed=0 (plug-in),True,
iw_overlap_critic,5.0,0.0,6000.0,240.0,1500.0,60.0,0.8453333333333333,0.0,1.0,10.147822380065918,0.5,0.5,0.4725000262260437,0.24989424645900726,,,,,0.15179424807330336,0.0,1500.0,0.0,60.0,0.0,ok,plugin,False,,1491.3910945512457,1496.3597696327004,1.232499556188773,0.989038422067769,1.08520130446487,,0.0,0.15179424807330336,0.8482057519266967,0.8482057519266967,False,,,,,,,entity30,3,CDANN,PCA32,8.0,0.8573333024978638,0.8573333024978638,0.5625,0.6166666746139526,splits_entity30_CDANN_3_0_b09dc755c62e.npz,b09dc755c62e,False,False,,,,,,,0.8482057519266967,all_pca,PCA32,IW overlap critic | W=5 | seed=0 (plug-in),True,
iw_overlap_critic,5.0,0.0,10000.0,2000.0,2500.0,500.0,0.9452,0.0,1.0,2.0272629261016846,0.5,0.5,0.5300000309944153,0.24772635102272034,,,,,0.06159177277463041,0.0,2500.0,0.0,500.0,0.0,ok,plugin,False,,2467.1965870424124,2411.840378418978,1.9388134184650676,0.9580045099196989,1.350504299465891,,0.0,0.06159177277463041,0.9384082272253695,0.9384082272253695,False,,,,,,,cifar10,1,DANN,PCA32,16.0,0.9508999586105347,0.9508999586105347,0.8440000414848328,0.8360000252723694,splits_cifar10_DANN_1_0_b09dc755c62e.npz,b09dc755c62e,False,False,,,,,,,0.9384082272253695,all_pca,PCA32,IW overlap critic | W=5 | seed=0 (plug-in),True,
iw_overlap_critic,5.0,0.0,10000.0,2000.0,2500.0,500.0,0.946,0.0,1.0,54.598148345947266,0.5,0.5,0.468999981880188,0.2500308156013489,,,,,0.05408201849460714,0.0,2500.0,0.0,500.0,0.0,ok,plugin,False,,2499.14311834454,2499.9644328469526,1.0123555358048162,0.9995978561110335,1.0057733449639976,,0.0,0.05408201849460714,0.9459179815053929,0.9459179815053929,False,,,,,,,cifar10,10,DANN,PCA32,16.0,0.9477999806404114,0.9477999806404114,0.924500048160553,0.9120000600814819,splits_cifar10_DANN_10_0_b09dc755c62e.npz,b09dc755c62e,False,False,,,,,,,0.9459179815053929,all_pca,PCA32,IW overlap critic | W=5 | seed=0 (plug-in),True,
iw_overlap_critic,5.0,0.0,10000.0,2000.0,2500.0,500.0,0.9452,0.0,1.0,3.140820264816284,0.5,0.5,0.5245000123977661,0.24969375133514404,,,,,0.05673157372753628,0.0,2500.0,0.0,500.0,0.0,ok,plugin,False,,2490.923867895351,2488.215336444924,1.273455056328897,0.9914295710314842,1.117982704401475,,0.0,0.05673157372753628,0.9432684262724638,0.9432684262724638,False,,,,,,,cifar10,71,DANN,PCA32,16.0,0.9487999677658081,0.9487999677658081,0.9305000305175781,0.9180000424385071,splits_cifar10_DANN_71_0_b09dc755c62e.npz,b09dc755c62e,False,False,,,,,,,0.9432684262724638,all_pca,PCA32,IW overlap critic | W=5 | seed=0 (plug-in),True,
iw_overlap_critic,5.0,0.0,10000.0,2000.0,2500.0,500.0,0.9528,0.0,1.0,54.598148345947266,0.5,0.5,0.49150002002716064,0.2500372529029846,,,,,0.047230687674426064,0.0,2500.0,0.0,500.0,0.0,ok,plugin,False,,2499.2147894815907,2499.9681729037898,1.0131106690692462,0.9994120483803545,1.006166253324369,,0.0,0.047230687674426064,0.9527693123255739,0.9527693123255739,False,,,,,,,cifar10,95,DANN,PCA32,16.0,0.9515999555587769,0.9515999555587769,0.9390000700950623,0.9360000491142273,splits_cifar10_DANN_95_0_b09dc755c62e.npz,b09dc755c62e,False,False,,,,,,,0.9527693123255739,all_pca,PCA32,IW overlap critic | W=5 | seed=0 (plug-in),True,
iw_overlap_critic,5.0,0.0,10000.0,2000.0,2500.0,500.0,0.9476,0.0,1.0,19.437976837158203,0.5,0.5,0.48000001907348633,0.2499961256980896,,,,,0.052512941846897476,0.0,2500.0,0.0,500.0,0.0,ok,plugin,False,,2498.364546143335,2499.8254296291298,1.0194771839014187,1.0005648736761363,1.01161397076632,,0.0,0.052512941846897476,0.9474870581531025,0.9474870581531025,False,,,,,,,cifar10,1,CDANN,PCA32,8.0,0.949999988079071,0.949999988079071,0.846500039100647,0.8440000414848328,splits_cifar10_CDANN_1_0_b09dc755c62e.npz,b09dc755c62e,False,False,,,,,,,0.9474870581531025,all_pca,PCA32,IW overlap critic | W=5 | seed=0 (plug-in),True,
iw_overlap_critic,5.0,0.0,10000.0,2000.0,2500.0,500.0,0.9468,0.0,1.0,25.382333755493164,0.5,0.5,0.512499988079071,0.24999447166919708,,,,,0.05335735451475207,0.0,2500.0,0.0,500.0,0.0,ok,plugin,False,,2497.1751447206766,2499.789268476259,1.031139072831701,0.9985741486039289,1.0141949374102317,,0.0,0.05335735451475207,0.9466426454852479,0.9466426454852479,False,,,,,,,cifar10,10,CDANN,PCA32,8.0,0.948699951171875,0.948699951171875,0.9160000681877136,0.9120000600814819,splits_cifar10_CDANN_10_0_b09dc755c62e.npz,b09dc755c62e,False,False,,,,,,,0.9466426454852479,all_pca,PCA32,IW overlap critic | W=5 | seed=0 (plug-in),True,
iw_overlap_critic,5.0,0.0,10000.0,2000.0,2500.0,500.0,0.9492,0.0,1.0,1.305922031402588,0.5,0.5,0.5320000052452087,0.24796941876411438,,,,,0.05602624824111132,0.0,2500.0,0.0,500.0,0.0,ok,plugin,False,,2480.936451770826,2418.805163177618,1.9076199096686965,0.9687997924512688,1.3196885452913183,,0.0,0.05602624824111132,0.9439737517588886,0.9439737517588886,False,,,,,,,cifar10,71,CDANN,PCA32,8.0,0.9511999487876892,0.9511999487876892,0.9280000329017639,0.9040000438690186,splits_cifar10_CDANN_71_0_b09dc755c62e.npz,b09dc755c62e,False,False,,,,,,,0.9439737517588886,all_pca,PCA32,IW overlap critic | W=5 | seed=0 (plug-in),True,
iw_overlap_critic,5.0,0.0,10000.0,2000.0,2500.0,500.0,0.9516,0.0,1.0,1.621476650238037,0.5,0.5,0.5239999890327454,0.2489166557788849,,,,,0.049980609580718524,0.0,2500.0,0.0,500.0,0.0,ok,plugin,False,,2483.7527084594317,2457.2460889210465,1.6600010295644225,0.9823756532257324,1.2225328229548955,,0.0,0.049980609580718524,0.9500193904192815,0.9500193904192815,False,,,,,,,cifar10,95,CDANN,PCA32,8.0,0.9526000022888184,0.9526000022888184,0.9355000257492065,0.9260000586509705,splits_cifar10_CDANN_95_0_b09dc755c62e.npz,b09dc755c62e,False,False,,,,,,,0.9500193904192815,all_pca,PCA32,IW overlap critic | W=5 | seed=0 (plug-in),True,
iw_overlap_critic,5.0,0.0,10000.0,2000.0,2500.0,500.0,0.758,0.0,1.0,54.598148345947266,0.5,0.5,0.4930000305175781,0.2500110864639282,,,,,0.24196799697194565,0.0,2500.0,0.0,500.0,0.0,ok,plugin,False,,2499.4973333132975,2499.944718500047,1.0184786744844583,0.9996870100103858,1.0073850627435226,,0.0,0.24196799697194565,0.7580320030280543,0.7580320030280543,False,,,,,,,cifar100,4,DANN,PCA32,16.0,0.7841999530792236,0.7841999530792236,0.7440000176429749,0.7760000228881836,splits_cifar100_DANN_4_0_b09dc755c62e.npz,b09dc755c62e,False,True,,,,,,,0.7580320030280543,all_pca,PCA32,IW overlap critic | W=5 | seed=0 (plug-in),True,
iw_overlap_critic,5.0,0.0,10000.0,2000.0,2500.0,500.0,0.76,0.0,1.0,15.843558311462402,0.5,0.5,0.5145000219345093,0.24998313188552856,,,,,0.23995813848438596,0.0,2500.0,0.0,500.0,0.0,ok,plugin,False,,2498.364069778636,2499.274552940353,1.0659496780600084,0.9985164957059953,1.0282525079765281,,0.0,0.23995813848438596,0.760041861515614,0.760041861515614,False,,,,,,,cifar100,12,DANN,PCA32,16.0,0.7831999659538269,0.7831999659538269,0.7545000314712524,0.7860000133514404,splits_cifar100_DANN_12_0_b09dc755c62e.npz,b09dc755c62e,False,True,,,,,,,0.760041861515614,all_pca,PCA32,IW overlap critic | W=5 | seed=0 (plug-in),True,
iw_overlap_critic,5.0,0.0,10000.0,2000.0,2500.0,500.0,0.7596,0.0,1.0,6.188881874084473,0.5,0.5,0.5164999961853027,0.24988257884979248,,,,,0.23989201641413116,0.0,2500.0,0.0,500.0,0.0,ok,plugin,False,,2495.29424299161,2495.25758894308,1.1730820016791645,0.9977409165758746,1.0691175573345837,,0.0,0.23989201641413116,0.7601079835858688,0.7601079835858688,False,,,,,,,cifar100,59,DANN,PCA32,16.0,0.7841999530792236,0.7841999530792236,0.7585000395774841,0.7720000147819519,splits_cifar100_DANN_59_0_b09dc755c62e.npz,b09dc755c62e,False,True,,,,,,,0.7601079835858688,all_pca,PCA32,IW overlap critic | W=5 | seed=0 (plug-in),True,
iw_overlap_critic,5.0,0.0,10000.0,2000.0,2500.0,500.0,0.764,0.0,1.0,10.369760513305664,0.5,0.5,0.5195000171661377,0.2499563992023468,,,,,0.23581564948703795,0.0,2500.0,0.0,500.0,0.0,ok,plugin,False,,2497.727194560759,2498.1475349670977,1.0854963687279817,0.9997437090005009,1.0433668398710554,,0.0,0.23581564948703795,0.7641843505129621,0.7641843505129621,False,,,,,,,cifar100,82,DANN,PCA32,16.0,0.7861999869346619,0.7861999869346619,0.7695000171661377,0.7700000405311584,splits_cifar100_DANN_82_0_b09dc755c62e.npz,b09dc755c62e,True,True,,,,,,,0.7641843505129621,all_pca,PCA32,IW overlap critic | W=5 | seed=0 (plug-in),True,
iw_overlap_critic,5.0,0.0,10000.0,2000.0,2500.0,500.0,0.762,0.0,1.0,54.598148345947266,0.5,0.5,0.4880000054836273,0.25000813603401184,,,,,0.23796506977279933,0.0,2500.0,0.0,500.0,0.0,ok,plugin,False,,2499.5512378749445,2499.977810731281,1.0096347731823985,0.9995188344584585,1.0048454639004856,,0.0,0.23796506977279933,0.7620349302272007,0.7620349302272007,False,,,,,,,cifar100,4,CDANN,PCA32,8.0,0.7849999666213989,0.7849999666213989,0.7275000214576721,0.7480000257492065,splits_cifar100_CDANN_4_0_b09dc755c62e.npz,b09dc755c62e,False,False,,,,,,,0.7620349302272007,all_pca,PCA32,IW overlap critic | W=5 | seed=0 (plug-in),True,
iw_overlap_critic,5.0,0.0,10000.0,2000.0,2500.0,500.0,0.766,0.0,1.0,9.562859535217285,0.5,0.5,0.47200000286102295,0.24997751414775848,,,,,0.233703264756191,0.0,2500.0,0.0,500.0,0.0,ok,plugin,False,,2496.3061924549593,2498.9874061291434,1.0561509210702766,0.9984374174969906,1.0313742183696766,,0.0,0.233703264756191,0.766296735243809,0.766296735243809,False,,,,,,,cifar100,12,CDANN,PCA32,8.0,0.7858999967575073,0.7858999967575073,0.7480000257492065,0.7680000066757202,splits_cifar100_CDANN_12_0_b09dc755c62e.npz,b09dc755c62e,False,True,,,,,,,0.766296735243809,all_pca,PCA32,IW overlap critic | W=5 | seed=0 (plug-in),True,
iw_overlap_critic,5.0,0.0,10000.0,2000.0,2500.0,500.0,0.7664,0.0,1.0,4.717407703399658,0.5,0.5,0.5190000534057617,0.24988389015197754,,,,,0.2325804144228213,0.0,2500.0,0.0,500.0,0.0,ok,plugin,False,,2492.6672964530735,2495.445445780796,1.117917217297565,0.9953606385874997,1.0682453534468566,,0.0,0.2325804144228213,0.7674195855771787,0.7674195855771787,False,,,,,,,cifar100,59,CDANN,PCA32,8.0,0.7870000004768372,0.7870000004768372,0.7580000162124634,0.7920000553131104,splits_cifar100_CDANN_59_0_b09dc755c62e.npz,b09dc755c62e,False,True,,,,,,,0.7674195855771787,all_pca,PCA32,IW overlap critic | W=5 | seed=0 (plug-in),True,
iw_overlap_critic,5.0,0.0,10000.0,2000.0,2500.0,500.0,0.7652,0.0,1.0,54.598148345947266,0.5,0.5,0.4884999990463257,0.25000301003456116,,,,,0.2347418213526253,0.0,2500.0,0.0,500.0,0.0,ok,plugin,False,,2499.428048385223,2499.972594296132,1.0089018136889036,0.9998866514802301,1.004912653251885,,0.0,0.2347418213526253,0.7652581786473747,0.7652581786473747,False,,,,,,,cifar100,82,CDANN,PCA32,8.0,0.7872999906539917,0.7872999906539917,0.7635000348091125,0.7720000147819519,splits_cifar100_CDANN_82_0_b09dc755c62e.npz,b09dc755c62e,False,True,,,,,,,0.7652581786473747,all_pca,PCA32,IW overlap critic | W=5 | seed=0 (plug-in),True,
iw_overlap_critic,5.0,0.0,28152.0,9910.0,7040.0,2478.0,0.803125,0.0,1.0,1.338970422744751,0.5,0.5,0.5970046520233154,0.23833927512168884,8445.0,2.0,4222.0,1.0,0.20463274679259233,0.0004035512510088781,7040.0,0.0,2477.0,1.0,ok,plugin,False,,6829.66222494314,6007.684097201425,4.216131872998406,0.9013349528165234,1.7264493059862833,1.0,0.0004035512510088781,0.2050362980436012,0.7949637019563988,0.7949637019563988,False,49.0,5.0,0.765421986579895,0.2345779836177826,1.0,"[{'epoch': 0, 'best_score': 0.007784605026245117}, {'epoch': 1, 'best_score': 0.010534167289733887}, {'epoch': 2, 'best_score': 0.01526343822479248}, {'epoch': 3, 'best_score': 0.02228105068206787}, {'epoch': 4, 'best_score': 0.033889830112457275}, {'epoch': 5, 'best_score': 0.045008063316345215}, {'epoch': 6, 'best_score': 0.06141024827957153}, {'epoch': 7, 'best_score': 0.08443349599838257}, {'epoch': 8, 'best_score': 0.1079663634300232}, {'epoch': 9, 'best_score': 0.13390016555786133}, {'epoch': 10, 'best_score': 0.15652573108673096}, {'epoch': 11, 'best_score': 0.18536001443862915}, {'epoch': 12, 'best_score': 0.21540236473083496}, {'epoch': 13, 'best_score': 0.24627363681793213}, {'epoch': 14, 'best_score': 0.2814180254936218}, {'epoch': 15, 'best_score': 0.31123918294906616}, {'epoch': 16, 'best_score': 0.33740729093551636}, {'epoch': 17, 'best_score': 0.3661615252494812}, {'epoch': 18, 'best_score': 0.3953225016593933}, {'epoch': 19, 'best_score': 0.4271145462989807}, {'epoch': 20, 'best_score': 0.4565455913543701}, {'epoch': 21, 'best_score': 0.48192739486694336}, {'epoch': 22, 'best_score': 0.5061695575714111}, {'epoch': 23, 'best_score': 0.5322332382202148}, {'epoch': 24, 'best_score': 0.5564427375793457}, {'epoch': 25, 'best_score': 0.573224663734436}, {'epoch': 26, 'best_score': 0.5927484631538391}, {'epoch': 27, 'best_score': 0.6138293743133545}, {'epoch': 28, 'best_score': 0.6366690397262573}, {'epoch': 29, 'best_score': 0.6517747640609741}, {'epoch': 30, 'best_score': 0.6647038459777832}, {'epoch': 31, 'best_score': 0.6733255386352539}, {'epoch': 32, 'best_score': 0.6843448877334595}, {'epoch': 33, 'best_score': 0.6946641802787781}, {'epoch': 34, 'best_score': 0.7013528943061829}, {'epoch': 35, 'best_score': 0.7114068865776062}, {'epoch': 36, 'best_score': 0.7179383039474487}, {'epoch': 37, 'best_score': 0.7217521071434021}, {'epoch': 38, 'best_score': 0.727759838104248}, {'epoch': 39, 'best_score': 0.7320420145988464}, {'epoch': 40, 'best_score': 0.7360881567001343}, {'epoch': 41, 'best_score': 0.7401217222213745}, {'epoch': 42, 'best_score': 0.7439252734184265}, {'epoch': 43, 'best_score': 0.7482936382293701}, {'epoch': 44, 'best_score': 0.7505756616592407}, {'epoch': 45, 'best_score': 0.7529733180999756}, {'epoch': 46, 'best_score': 0.7561662197113037}, {'epoch': 47, 'best_score': 0.7604736685752869}, {'epoch': 48, 'best_score': 0.7632173299789429}, {'epoch': 49, 'best_score': 0.765421986579895}]",domainnet,1,DANN,PCA32,64.0,0.8072605729103088,0.8072605729103088,0.465893030166626,0.47497981786727905,splits_domainnet_DANN_1_0_b09dc755c62e.npz,b09dc755c62e,False,False,,,,,,,0.7949637019563988,all_pca,PCA32,IW overlap critic | W=5 | seed=0 (plug-in),True,
iw_overlap_critic,5.0,0.0,28152.0,14207.0,7040.0,3553.0,0.8038352272727273,0.0,1.0,1.177695393562317,0.5,0.5,0.6193543076515198,0.22928348183631897,8440.0,49.0,4215.0,25.0,0.21519174114780876,0.015761328454826907,7034.0,6.0,3497.0,56.0,ok,plugin,False,,6864.130431042549,5150.697406982494,4.918299838678522,0.835756531973906,2.0861117547783037,0.8035714285714286,0.012665353222628765,0.22785709437043752,0.7721429056295624,0.7721429056295624,False,41.0,28.0,0.4554084539413452,0.34459155797958374,0.800000011920929,"[{'epoch': 0, 'best_score': 0.009416282176971436}, {'epoch': 1, 'best_score': 0.010684967041015625}, {'epoch': 2, 'best_score': 0.01438373327255249}, {'epoch': 3, 'best_score': 0.024040699005126953}, {'epoch': 4, 'best_score': 0.032562077045440674}, {'epoch': 5, 'best_score': 0.03834778070449829}, {'epoch': 6, 'best_score': 0.049866557121276855}, {'epoch': 7, 'best_score': 0.06347960233688354}, {'epoch': 8, 'best_score': 0.08445894718170166}, {'epoch': 9, 'best_score': 0.09864974021911621}, {'epoch': 10, 'best_score': 0.12161171436309814}, {'epoch': 11, 'best_score': 0.14406567811965942}, {'epoch': 12, 'best_score': 0.16556280851364136}, {'epoch': 13, 'best_score': 0.19158202409744263}, {'epoch': 14, 'best_score': 0.18539762496948242}, {'epoch': 15, 'best_score': 0.2155543565750122}, {'epoch': 16, 'best_score': 0.2032705545425415}, {'epoch': 17, 'best_score': 0.2279757261276245}, {'epoch': 18, 'best_score': 0.2539905309677124}, {'epoch': 19, 'best_score': 0.2545369863510132}, {'epoch': 20, 'best_score': 0.2746348977088928}, {'epoch': 21, 'best_score': 0.2993612289428711}, {'epoch': 22, 'best_score': 0.32088541984558105}, {'epoch': 23, 'best_score': 0.3458620309829712}, {'epoch': 24, 'best_score': 0.3179464340209961}, {'epoch': 25, 'best_score': 0.33631646633148193}, {'epoch': 26, 'best_score': 0.35353684425354004}, {'epoch': 27, 'best_score': 0.3542895019054413}, {'epoch': 28, 'best_score': 0.37079644203186035}, {'epoch': 29, 'best_score': 0.38780972361564636}, {'epoch': 30, 'best_score': 0.40408122539520264}, {'epoch': 31, 'best_score': 0.4167168140411377}, {'epoch': 32, 'best_score': 0.4277186989784241}, {'epoch': 33, 'best_score': 0.43791356682777405}, {'epoch': 34, 'best_score': 0.4475788176059723}, {'epoch': 35, 'best_score': 0.41490644216537476}, {'epoch': 36, 'best_score': 0.42479953169822693}, {'epoch': 37, 'best_score': 0.43173325061798096}, {'epoch': 38, 'best_score': 0.43689122796058655}, {'epoch': 39, 'best_score': 0.4414598047733307}, {'epoch': 40, 'best_score': 0.4470660388469696}, {'epoch': 41, 'best_score': 0.4554084539413452}, {'epoch': 42, 'best_score': 0.42434608936309814}, {'epoch': 43, 'best_score': 0.42979902029037476}, {'epoch': 44, 'best_score': 0.43586409091949463}, {'epoch': 45, 'best_score': 0.43953222036361694}, {'epoch': 46, 'best_score': 0.44537609815597534}, {'epoch': 47, 'best_score': 0.44841140508651733}, {'epoch': 48, 'best_score': 0.4508657157421112}, {'epoch': 49, 'best_score': 0.45454639196395874}]",domainnet,2,DANN,PCA32,64.0,0.8101378083229065,0.8101378083229065,0.38572534918785095,0.38727834820747375,splits_domainnet_DANN_2_0_b09dc755c62e.npz,b09dc755c62e,False,False,,,,,,,0.7721429056295624,all_pca,PCA32,IW overlap critic | W=5 | seed=0 (plug-in),True,
iw_overlap_critic,5.0,0.0,28152.0,15295.0,7040.0,3825.0,0.8072443181818182,0.0,1.0,0.9406789541244507,0.5,0.5,0.6138694286346436,0.23278658092021942,8429.0,26.0,4216.0,10.0,0.21149668684781173,0.005490196078431373,7033.0,7.0,3804.0,21.0,ok,plugin,False,,7091.497403403751,5266.282681767508,4.994691922255707,0.8726048734371132,2.1598914359344485,0.5714285714285714,0.003137254901960784,0.21463394174977252,0.7853660582502275,0.7853660582502275,False,49.0,10.0,0.6211993098258972,0.2788006663322449,0.8999999761581421,"[{'epoch': 0, 'best_score': 0.010007619857788086}, {'epoch': 1, 'best_score': 0.014583289623260498}, {'epoch': 2, 'best_score': 0.0187109112739563}, {'epoch': 3, 'best_score': 0.028082966804504395}, {'epoch': 4, 'best_score': 0.03637140989303589}, {'epoch': 5, 'best_score': 0.04464799165725708}, {'epoch': 6, 'best_score': 0.05873227119445801}, {'epoch': 7, 'best_score': 0.0735974907875061}, {'epoch': 8, 'best_score': 0.09161227941513062}, {'epoch': 9, 'best_score': 0.11647814512252808}, {'epoch': 10, 'best_score': 0.14352011680603027}, {'epoch': 11, 'best_score': 0.1697102189064026}, {'epoch': 12, 'best_score': 0.19651156663894653}, {'epoch': 13, 'best_score': 0.21796727180480957}, {'epoch': 14, 'best_score': 0.24544405937194824}, {'epoch': 15, 'best_score': 0.2727060317993164}, {'epoch': 16, 'best_score': 0.29827117919921875}, {'epoch': 17, 'best_score': 0.3195575475692749}, {'epoch': 18, 'best_score': 0.34427410364151}, {'epoch': 19, 'best_score': 0.36574846506118774}, {'epoch': 20, 'best_score': 0.392167329788208}, {'epoch': 21, 'best_score': 0.42115843296051025}, {'epoch': 22, 'best_score': 0.4509437084197998}, {'epoch': 23, 'best_score': 0.4521864652633667}, {'epoch': 24, 'best_score': 0.4556756615638733}, {'epoch': 25, 'best_score': 0.42527347803115845}, {'epoch': 26, 'best_score': 0.44224587082862854}, {'epoch': 27, 'best_score': 0.4587336480617523}, {'epoch': 28, 'best_score': 0.4765067994594574}, {'epoch': 29, 'best_score': 0.4861752688884735}, {'epoch': 30, 'best_score': 0.4977197051048279}, {'epoch': 31, 'best_score': 0.5102897882461548}, {'epoch': 32, 'best_score': 0.5208005905151367}, {'epoch': 33, 'best_score': 0.5296756029129028}, {'epoch': 34, 'best_score': 0.5387405157089233}, {'epoch': 35, 'best_score': 0.5482240915298462}, {'epoch': 36, 'best_score': 0.5548408031463623}, {'epoch': 37, 'best_score': 0.5639442205429077}, {'epoch': 38, 'best_score': 0.5703617334365845}, {'epoch': 39, 'best_score': 0.5770330429077148}, {'epoch': 40, 'best_score': 0.5799156427383423}, {'epoch': 41, 'best_score': 0.584270179271698}, {'epoch': 42, 'best_score': 0.5897004008293152}, {'epoch': 43, 'best_score': 0.5963311791419983}, {'epoch': 44, 'best_score': 0.6013848781585693}, {'epoch': 45, 'best_score': 0.6052194833755493}, {'epoch': 46, 'best_score': 0.6098986864089966}, {'epoch': 47, 'best_score': 0.6148050427436829}, {'epoch': 48, 'best_score': 0.6180168390274048}, {'epoch': 49, 'best_score': 0.6211993098258972}]",domainnet,3,DANN,PCA32,64.0,0.8096050024032593,0.8096050024032593,0.4719189405441284,0.46562090516090393,splits_domainnet_DANN_3_0_b09dc755c62e.npz,b09dc755c62e,False,False,,,,,,,0.7853660582502275,all_pca,PCA32,IW overlap critic | W=5 | seed=0 (plug-in),True,
iw_overlap_critic,5.0,0.0,28152.0,9910.0,7040.0,2478.0,0.8025568181818181,0.0,1.0,0.686977744102478,0.5,0.5,0.5479276180267334,0.24621573090553284,,,,,0.21531252464778344,0.0,7040.0,0.0,2478.0,0.0,ok,plugin,False,,7138.322882001561,6607.324294375535,2.3110399728090454,0.9865308637324529,1.4779580451799463,,0.0,0.21531252464778344,0.7846874753522166,0.7846874753522166,False,,,,,,,domainnet,1,CDANN,PCA32,8.0,0.8055910468101501,0.8055910468101501,0.5121089816093445,0.5205811262130737,splits_domainnet_CDANN_1_0_b09dc755c62e.npz,b09dc755c62e,False,False,,,,,,,0.7846874753522166,all_pca,PCA32,IW overlap critic | W=5 | seed=0 (plug-in),True,
iw_overlap_critic,5.0,0.0,28152.0,14207.0,7040.0,3553.0,0.8004261363636364,0.0,1.0,1.1209747791290283,0.5,0.5,0.5485158562660217,0.24675559997558594,,,,,0.20992059666579405,0.0,7040.0,0.0,3553.0,0.0,ok,plugin,False,,7047.346717683889,6706.169599160667,1.9159036245560344,0.9853284904826031,1.3902834623234255,,0.0,0.20992059666579405,0.790079403334206,0.790079403334206,False,,,,,,,domainnet,2,CDANN,PCA32,8.0,0.8071539998054504,0.8071539998054504,0.42063772678375244,0.4218969941139221,splits_domainnet_CDANN_2_0_b09dc755c62e.npz,b09dc755c62e,False,False,,,,,,,0.790079403334206,all_pca,PCA32,IW overlap critic | W=5 | seed=0 (plug-in),True,
iw_overlap_critic,5.0,0.0,28152.0,15295.0,7040.0,3825.0,0.8063920454545455,0.0,1.0,0.8796170949935913,0.5,0.5,0.5716710686683655,0.2413591742515564,,,,,0.1825960442957789,0.0,7040.0,0.0,3825.0,0.0,ok,plugin,False,,7109.256081197174,6169.6797056349815,3.2757619872570327,0.9510064077025535,1.6947876931996138,,0.0,0.1825960442957789,0.8174039557042211,0.8174039557042211,False,,,,,,,domainnet,3,CDANN,PCA32,8.0,0.8074381947517395,0.8074381947517395,0.49369075894355774,0.48549020290374756,splits_domainnet_CDANN_3_0_b09dc755c62e.npz,b09dc755c62e,False,False,,,,,,,0.8174039557042211,all_pca,PCA32,IW overlap critic | W=5 | seed=0 (plug-in),True,
iw_overlap_critic,5.0,0.0,1700.0,8804.0,425.0,2203.0,0.8658823529411764,0.0,1.0,2.206784963607788,0.5,0.5,0.532453179359436,0.248231440782547,,,,,0.1436071555730723,0.0,425.0,0.0,2203.0,0.0,ok,plugin,False,,432.44242498918817,411.9832546594768,1.471223932180203,1.028253930378775,1.3043728956603822,,0.0,0.1436071555730723,0.8563928444269278,0.8563928444269278,False,,,,,,,living17,1,DANN,PCA32,16.0,0.8994117379188538,0.8994117379188538,0.6758291721343994,0.6876986026763916,splits_living17_DANN_1_0_b09dc755c62e.npz,b09dc755c62e,False,False,,,,,,,0.8563928444269278,all_pca,PCA32,IW overlap critic | W=5 | seed=0 (plug-in),True,
iw_overlap_critic,5.0,0.0,1700.0,68.0,425.0,19.0,0.8823529411764706,0.0,1.0,4.442756652832031,0.5,0.5,0.5647058486938477,0.24467317759990692,,,,,0.10129363945394156,0.0,425.0,0.0,19.0,0.0,ok,plugin,False,,370.00198238003014,388.61351230668083,1.6988649189239498,0.8765893477410559,1.3157139970520624,,0.0,0.10129363945394156,0.8987063605460585,0.8987063605460585,False,,,,,,,living17,2,DANN,PCA32,16.0,0.9094117283821106,0.9094117283821106,0.8970588445663452,0.8421052694320679,splits_living17_DANN_2_0_b09dc755c62e.npz,b09dc755c62e,False,False,,,,,,,0.8987063605460585,all_pca,PCA32,IW overlap critic | W=5 | seed=0 (plug-in),True,
iw_overlap_critic,5.0,0.0,1700.0,68.0,425.0,19.0,0.8894117647058823,0.0,1.0,2.5781736373901367,0.5,0.5,0.5970588326454163,0.2325294017791748,,,,,0.0989457465753694,0.0,425.0,0.0,19.0,0.0,ok,plugin,False,,354.0334383654587,337.1041460178073,2.63875334217008,0.7711086978121082,1.6093407920757055,,0.0,0.0989457465753694,0.9010542534246306,0.9010542534246306,False,,,,,,,living17,3,DANN,PCA32,16.0,0.9052940607070923,0.9052940607070923,0.5882353186607361,0.6842105388641357,splits_living17_DANN_3_0_b09dc755c62e.npz,b09dc755c62e,False,False,,,,,,,0.9010542534246306,all_pca,PCA32,IW overlap critic | W=5 | seed=0 (plug-in),True,
iw_overlap_critic,5.0,0.0,1700.0,8804.0,425.0,2203.0,0.8894117647058823,0.0,1.0,5.41670560836792,0.5,0.5,0.5030080080032349,0.24986186623573303,,,,,0.11206846135422087,0.0,425.0,0.0,2203.0,0.0,ok,plugin,False,,426.3689697964522,424.03722863574507,1.1476135555971356,1.0010814084159105,1.0824885299307634,,0.0,0.11206846135422087,0.8879315386457791,0.8879315386457791,False,,,,,,,living17,1,CDANN,PCA32,8.0,0.9052940607070923,0.9052940607070923,0.6863925457000732,0.6981388926506042,splits_living17_CDANN_1_0_b09dc755c62e.npz,b09dc755c62e,False,False,,,,,,,0.8879315386457791,all_pca,PCA32,IW overlap critic | W=5 | seed=0 (plug-in),True,
iw_overlap_critic,5.0,0.0,1700.0,68.0,425.0,19.0,0.8917647058823529,0.0,1.0,54.598148345947266,0.5,0.5,0.3382352888584137,0.2500748336315155,,,,,0.1075678555048038,0.0,425.0,0.0,19.0,0.0,ok,plugin,False,,422.6652594368511,424.93240673354376,1.054305261295918,0.9933918753788541,1.0166605396331967,,0.0,0.1075678555048038,0.8924321444951961,0.8924321444951961,False,,,,,,,living17,2,CDANN,PCA32,8.0,0.9094117283821106,0.9094117283821106,0.8676470518112183,0.8421052694320679,splits_living17_CDANN_2_0_b09dc755c62e.npz,b09dc755c62e,False,False,,,,,,,0.8924321444951961,all_pca,PCA32,IW overlap critic | W=5 | seed=0 (plug-in),True,
iw_overlap_critic,5.0,0.0,1700.0,68.0,425.0,19.0,0.8823529411764706,0.0,1.0,54.598148345947266,0.5,0.5,0.4107843041419983,0.25055694580078125,,,,,0.11702337983568245,0.0,425.0,0.0,19.0,0.0,ok,plugin,False,,423.3943201084988,424.9171983386957,1.0431580817547115,0.9977900006774588,1.0165345587986698,,0.0,0.11702337983568245,0.8829766201643175,0.8829766201643175,False,,,,,,,living17,3,CDANN,PCA32,8.0,0.9052940607070923,0.9052940607070923,0.5588235259056091,0.6315789222717285,splits_living17_CDANN_3_0_b09dc755c62e.npz,b09dc755c62e,False,False,,,,,,,0.8829766201643175,all_pca,PCA32,IW overlap critic | W=5 | seed=0 (plug-in),True,
iw_overlap_critic,5.0,0.0,2600.0,13282.0,650.0,3322.0,0.8046153846153846,0.0,1.0,3.803554058074951,0.5,0.5,0.4949953556060791,0.24979206919670105,,,,,0.19638784312031546,0.0,650.0,0.0,3322.0,0.0,ok,plugin,False,,648.0321221614721,647.5140399651125,1.1754829283535895,1.003429812886901,1.0876079310955025,,0.0,0.19638784312031546,0.8036121568796846,0.8036121568796846,False,,,,,,,nonliving26,1,DANN,PCA32,16.0,0.8126922845840454,0.8126922845840454,0.5122722387313843,0.5192654728889465,splits_nonliving26_DANN_1_0_b09dc755c62e.npz,b09dc755c62e,False,False,,,,,,,0.8036121568796846,all_pca,PCA32,IW overlap critic | W=5 | seed=0 (plug-in),True,
iw_overlap_critic,5.0,0.0,2600.0,104.0,650.0,28.0,0.8292307692307692,0.0,1.0,54.598148345947266,0.5,0.5,0.428846150636673,0.25057846307754517,,,,,0.1695918216554627,0.0,650.0,0.0,28.0,0.0,ok,plugin,False,,644.9450334618256,649.7022610368109,1.0638896943777993,0.9931055201581844,1.0263503742375486,,0.0,0.1695918216554627,0.8304081783445373,0.8304081783445373,False,,,,,,,nonliving26,2,DANN,PCA32,16.0,0.8176922798156738,0.8176922798156738,0.75,0.7142857313156128,splits_nonliving26_DANN_2_0_b09dc755c62e.npz,b09dc755c62e,False,False,,,,,,,0.8304081783445373,all_pca,PCA32,IW overlap critic | W=5 | seed=0 (plug-in),True,
iw_overlap_critic,5.0,0.0,2600.0,104.0,650.0,28.0,0.8246153846153846,0.0,1.0,54.598148345947266,0.5,0.5,0.5519230365753174,0.25018563866615295,,,,,0.17487564669811262,0.0,650.0,0.0,28.0,0.0,ok,plugin,False,,644.8817129149197,649.6779386930249,1.0480817790994512,0.9925911391371538,1.0282513250781788,,0.0,0.17487564669811262,0.8251243533018874,0.8251243533018874,False,,,,,,,nonliving26,3,DANN,PCA32,16.0,0.8146153688430786,0.8146153688430786,0.4038461744785309,0.3214285969734192,splits_nonliving26_DANN_3_0_b09dc755c62e.npz,b09dc755c62e,False,False,,,,,,,0.8251243533018874,all_pca,PCA32,IW overlap critic | W=5 | seed=0 (plug-in),True,
iw_overlap_critic,5.0,0.0,2600.0,13282.0,650.0,3322.0,0.8169230769230769,0.0,1.0,6.28633975982666,0.5,0.5,0.5100845694541931,0.24996723234653473,,,,,0.1837138993509626,0.0,650.0,0.0,3322.0,0.0,ok,plugin,False,,650.9397035641871,649.6615079353536,1.0878530222853675,1.0006612306023595,1.0399195222893356,,0.0,0.1837138993509626,0.8162861006490374,0.8162861006490374,False,,,,,,,nonliving26,1,CDANN,PCA32,8.0,0.8176922798156738,0.8176922798156738,0.5332028269767761,0.5352197289466858,splits_nonliving26_CDANN_1_0_b09dc755c62e.npz,b09dc755c62e,False,False,,,,,,,0.8162861006490374,all_pca,PCA32,IW overlap critic | W=5 | seed=0 (plug-in),True,
iw_overlap_critic,5.0,0.0,2600.0,104.0,650.0,28.0,0.8138461538461539,0.0,1.0,54.598148345947266,0.5,0.5,0.517307698726654,0.2506106197834015,,,,,0.18498830410202713,0.0,650.0,0.0,28.0,0.0,ok,plugin,False,,647.1469497634835,649.8434592064816,1.061645235219477,0.9942327920037046,1.020937995568416,,0.0,0.18498830410202713,0.8150116958979728,0.8150116958979728,False,,,,,,,nonliving26,2,CDANN,PCA32,8.0,0.8165384531021118,0.8165384531021118,0.7692307829856873,0.7500000596046448,splits_nonliving26_CDANN_2_0_b09dc755c62e.npz,b09dc755c62e,False,False,,,,,,,0.8150116958979728,all_pca,PCA32,IW overlap critic | W=5 | seed=0 (plug-in),True,
iw_overlap_critic,5.0,0.0,2600.0,104.0,650.0,28.0,0.8123076923076923,0.0,1.0,54.598148345947266,0.5,0.5,0.45192307233810425,0.25032079219818115,,,,,0.18652633811269942,0.0,650.0,0.0,28.0,0.0,ok,plugin,False,,646.9125719390695,649.8681000691178,1.04528862719113,0.9948426901196956,1.0174870709021495,,0.0,0.18652633811269942,0.8134736618873006,0.8134736618873006,False,,,,,,,nonliving26,3,CDANN,PCA32,8.0,0.822692334651947,0.822692334651947,0.4038461744785309,0.3214285969734192,splits_nonliving26_CDANN_3_0_b09dc755c62e.npz,b09dc755c62e,False,False,,,,,,,0.8134736618873006,all_pca,PCA32,IW overlap critic | W=5 | seed=0 (plug-in),True,
iw_overlap_critic,5.0,0.0,11745.0,35070.0,2938.0,8768.0,0.6388699795779442,0.0,1.0,1.1953489780426025,0.5,0.5,0.5431262254714966,0.24626845121383667,,,,,0.34933975614845936,0.0,2938.0,0.0,8768.0,0.0,ok,plugin,False,,2936.0275180833237,2770.309307645012,1.8704377090897963,0.9929229434829004,1.4102862064483768,,0.0,0.34933975614845936,0.6506602438515406,0.6506602438515406,False,,,,,,,fmow,1,DANN,PCA32,32.0,0.6519370079040527,0.6519370079040527,0.6103222370147705,0.6077782511711121,splits_fmow_DANN_1_0_b09dc755c62e.npz,b09dc755c62e,False,False,,,,,,,0.6506602438515406,all_pca,PCA32,IW overlap critic | W=5 | seed=0 (plug-in),True,
iw_overlap_critic,5.0,0.0,11745.0,39088.0,2938.0,9774.0,0.6344452008168822,0.0,1.0,1.1162391901016235,0.5,0.5,0.5610883235931396,0.24312078952789307,,,,,0.3730370992986324,0.0,2938.0,0.0,9774.0,0.0,ok,plugin,False,,2952.6814759546305,2641.3524625263103,2.2566740550681628,0.9706694383167762,1.6225044263707973,,0.0,0.3730370992986324,0.6269629007013676,0.6269629007013676,False,,,,,,,fmow,2,DANN,PCA32,32.0,0.6504895687103271,0.6504895687103271,0.5482756495475769,0.5545324683189392,splits_fmow_DANN_2_0_b09dc755c62e.npz,b09dc755c62e,False,False,,,,,,,0.6269629007013676,all_pca,PCA32,IW overlap critic | W=5 | seed=0 (plug-in),True,
iw_overlap_critic,5.0,0.0,11745.0,35070.0,2938.0,8768.0,0.6466984343090538,0.0,1.0,1.0,0.5,0.5,0.5331042408943176,0.24866241216659546,,,,,0.3392420251052662,0.0,2938.0,0.0,8768.0,0.0,ok,plugin,False,,2920.302165789869,2874.640245755586,1.502802107159719,0.9910110673864674,1.2442531908203762,,0.0,0.3392420251052662,0.6607579748947339,0.6607579748947339,False,,,,,,,fmow,1,CDANN,PCA32,8.0,0.6558535695075989,0.6558535695075989,0.605617344379425,0.6010492444038391,splits_fmow_CDANN_1_0_b09dc755c62e.npz,b09dc755c62e,False,False,,,,,,,0.6607579748947339,all_pca,PCA32,IW overlap critic | W=5 | seed=0 (plug-in),True,
iw_overlap_critic,5.0,0.0,11745.0,39088.0,2938.0,9774.0,0.6446562287270252,0.0,1.0,1.0801875591278076,0.5,0.5,0.5366461277008057,0.24800771474838257,,,,,0.35276755678380745,0.0,2938.0,0.0,9774.0,0.0,ok,plugin,False,,2925.4132818521966,2835.5813788072983,2.4604008708293996,0.9809444480527706,1.3019359205457655,,0.0,0.35276755678380745,0.6472324432161926,0.6472324432161926,False,,,,,,,fmow,2,CDANN,PCA32,8.0,0.6548318862915039,0.6548318862915039,0.5420845150947571,0.5445058345794678,splits_fmow_CDANN_2_0_b09dc755c62e.npz,b09dc755c62e,False,False,,,,,,,0.6472324432161926,all_pca,PCA32,IW overlap critic | W=5 | seed=0 (plug-in),True,
iw_overlap_critic,5.0,0.0,731.0,898.0,184.0,227.0,0.9239130434782609,0.0,1.0,54.598148345947266,0.5,0.5,0.5055410265922546,0.2500474154949188,,,,,0.07600973976784176,0.0,184.0,0.0,227.0,0.0,ok,plugin,False,,183.54505688039234,183.96208350950033,1.038348853493741,0.99801953992756,1.0201006000625408,,0.0,0.07600973976784176,0.9239902602321582,0.9239902602321582,False,,,,,,,officehome,1,DANN,PCA32,64.0,0.922024667263031,0.922024667263031,0.7193763852119446,0.7268722057342529,splits_officehome_DANN_1_0_b09dc755c62e.npz,b09dc755c62e,False,False,,,,,,,0.9239902602321582,all_pca,PCA32,IW overlap critic | W=5 | seed=0 (plug-in),True,
iw_overlap_critic,5.0,0.0,731.0,893.0,184.0,226.0,0.9021739130434783,0.0,1.0,4.604363918304443,0.5,0.5,0.5223949551582336,0.24794495105743408,,,,,0.10154577042474876,0.0,184.0,0.0,226.0,0.0,ok,plugin,False,,178.96519009556565,176.4786756957424,1.8387182162793574,0.9478609496107244,1.293151756172804,,0.0,0.10154577042474876,0.8984542295752512,0.8984542295752512,False,,,,,,,officehome,2,DANN,PCA32,64.0,0.915184736251831,0.915184736251831,0.44904816150665283,0.45132744312286377,splits_officehome_DANN_2_0_b09dc755c62e.npz,b09dc755c62e,False,False,,,,,,,0.8984542295752512,all_pca,PCA32,IW overlap critic | W=5 | seed=0 (plug-in),True,
iw_overlap_critic,5.0,0.0,731.0,507.0,184.0,128.0,0.9130434782608696,0.0,1.0,6.883321762084961,0.5,0.5,0.6056164503097534,0.24648898839950562,,,,,0.08261355020603965,0.0,184.0,0.0,128.0,0.0,ok,plugin,False,,171.9982382120955,177.87824037656586,1.5637506471510045,0.923106369675342,1.2547203335286434,,0.0,0.08261355020603965,0.9173864497939603,0.9173864497939603,False,,,,,,,officehome,3,DANN,PCA32,64.0,0.9056087732315063,0.9056087732315063,0.5364891290664673,0.5625,splits_officehome_DANN_3_0_b09dc755c62e.npz,b09dc755c62e,False,False,,,,,,,0.9173864497939603,all_pca,PCA32,IW overlap critic | W=5 | seed=0 (plug-in),True,
iw_overlap_critic,5.0,0.0,731.0,898.0,184.0,227.0,0.9130434782608696,0.0,1.0,1.3885092735290527,0.5,0.5,0.5959673523902893,0.24357850849628448,,,,,0.08869408394422897,0.0,184.0,0.0,227.0,0.0,ok,plugin,False,,177.4134269909612,159.00304462750634,3.0259395012751233,0.8820813368702637,1.6437840035846765,,0.0,0.08869408394422897,0.911305916055771,0.911305916055771,False,,,,,,,officehome,1,CDANN,PCA32,8.0,0.9138167500495911,0.9138167500495911,0.730512261390686,0.7488986253738403,splits_officehome_CDANN_1_0_b09dc755c62e.npz,b09dc755c62e,False,False,,,,,,,0.911305916055771,all_pca,PCA32,IW overlap critic | W=5 | seed=0 (plug-in),True,
iw_overlap_critic,5.0,0.0,731.0,893.0,184.0,226.0,0.8913043478260869,0.0,1.0,0.7210603356361389,0.5,0.5,0.6388332843780518,0.22562314569950104,218.0,9.0,108.0,5.0,0.11959124314662681,0.035398230088495575,182.0,2.0,218.0,8.0,ok,plugin,False,,155.8194468513048,115.95952845860634,4.4885474073732885,0.6768791593131598,1.8943385556421395,0.875,0.030973451327433628,0.15056469447406043,0.8494353055259396,0.8494353055259396,False,49.0,28.0,0.1601961851119995,0.8398038148880005,1.0,"[{'epoch': 0, 'best_score': 0.05411255359649658}, {'epoch': 1, 'best_score': 0.05411255359649658}, {'epoch': 2, 'best_score': 0.05411255359649658}, {'epoch': 3, 'best_score': 0.05411255359649658}, {'epoch': 4, 'best_score': 0.05411255359649658}, {'epoch': 5, 'best_score': 0.06295710802078247}, {'epoch': 6, 'best_score': 0.06295710802078247}, {'epoch': 7, 'best_score': 0.06295710802078247}, {'epoch': 8, 'best_score': 0.06295710802078247}, {'epoch': 9, 'best_score': 0.06295710802078247}, {'epoch': 10, 'best_score': 0.06295710802078247}, {'epoch': 11, 'best_score': 0.06295710802078247}, {'epoch': 12, 'best_score': 0.06295710802078247}, {'epoch': 13, 'best_score': 0.0931929349899292}, {'epoch': 14, 'best_score': 0.0931929349899292}, {'epoch': 15, 'best_score': 0.0931929349899292}, {'epoch': 16, 'best_score': 0.0931929349899292}, {'epoch': 17, 'best_score': 0.09715616703033447}, {'epoch': 18, 'best_score': 0.09715616703033447}, {'epoch': 19, 'best_score': 0.09715616703033447}, {'epoch': 20, 'best_score': 0.09715616703033447}, {'epoch': 21, 'best_score': 0.09046661853790283}, {'epoch': 22, 'best_score': 0.09046661853790283}, {'epoch': 23, 'best_score': 0.09854412078857422}, {'epoch': 24, 'best_score': 0.09854412078857422}, {'epoch': 25, 'best_score': 0.09854412078857422}, {'epoch': 26, 'best_score': 0.09854412078857422}, {'epoch': 27, 'best_score': 0.09854412078857422}, {'epoch': 28, 'best_score': 0.09258037805557251}, {'epoch': 29, 'best_score': 0.10373646020889282}, {'epoch': 30, 'best_score': 0.10373646020889282}, {'epoch': 31, 'best_score': 0.10373646020889282}, {'epoch': 32, 'best_score': 0.11888331174850464}, {'epoch': 33, 'best_score': 0.11888331174850464}, {'epoch': 34, 'best_score': 0.11888331174850464}, {'epoch': 35, 'best_score': 0.1263142228126526}, {'epoch': 36, 'best_score': 0.13533204793930054}, {'epoch': 37, 'best_score': 0.13533204793930054}, {'epoch': 38, 'best_score': 0.13533204793930054}, {'epoch': 39, 'best_score': 0.14847898483276367}, {'epoch': 40, 'best_score': 0.14847898483276367}, {'epoch': 41, 'best_score': 0.14847898483276367}, {'epoch': 42, 'best_score': 0.1413213610649109}, {'epoch': 43, 'best_score': 0.1459917426109314}, {'epoch': 44, 'best_score': 0.1459917426109314}, {'epoch': 45, 'best_score': 0.14797377586364746}, {'epoch': 46, 'best_score': 0.14797377586364746}, {'epoch': 47, 'best_score': 0.14797377586364746}, {'epoch': 48, 'best_score': 0.14797377586364746}, {'epoch': 49, 'best_score': 0.1601961851119995}]",officehome,2,CDANN,PCA32,8.0,0.9015048146247864,0.9015048146247864,0.4501679837703705,0.45132744312286377,splits_officehome_CDANN_2_0_b09dc755c62e.npz,b09dc755c62e,False,False,,,,,,,0.8494353055259396,all_pca,PCA32,IW overlap critic | W=5 | seed=0 (plug-in),True,
iw_overlap_critic,5.0,0.0,731.0,507.0,184.0,128.0,0.9130434782608696,0.0,1.0,0.5716603994369507,0.5,0.5,0.7741096019744873,0.1680358350276947,213.0,34.0,107.0,23.0,0.049249224480389826,0.21875,177.0,7.0,100.0,28.0,ok,plugin,False,,106.56452961222618,76.93891190113243,4.599437139758064,0.3849649161871058,1.9080757333017369,0.9285714285714286,0.203125,0.2523742244803898,0.7476257755196102,0.7476257755196102,False,36.0,0.0,0.17546451091766357,0.8245354890823364,1.0,"[{'epoch': 0, 'best_score': 0.1141933798789978}, {'epoch': 1, 'best_score': 0.09365355968475342}, {'epoch': 2, 'best_score': 0.10239171981811523}, {'epoch': 3, 'best_score': 0.09990066289901733}, {'epoch': 4, 'best_score': 0.09990066289901733}, {'epoch': 5, 'best_score': 0.09990066289901733}, {'epoch': 6, 'best_score': 0.09990066289901733}, {'epoch': 7, 'best_score': 0.09990066289901733}, {'epoch': 8, 'best_score': 0.09990066289901733}, {'epoch': 9, 'best_score': 0.09990066289901733}, {'epoch': 10, 'best_score': 0.09990066289901733}, {'epoch': 11, 'best_score': 0.08706885576248169}, {'epoch': 12, 'best_score': 0.08706885576248169}, {'epoch': 13, 'best_score': 0.09945827722549438}, {'epoch': 14, 'best_score': 0.09945827722549438}, {'epoch': 15, 'best_score': 0.15338706970214844}, {'epoch': 16, 'best_score': 0.15338706970214844}, {'epoch': 17, 'best_score': 0.1678038239479065}, {'epoch': 18, 'best_score': 0.16415148973464966}, {'epoch': 19, 'best_score': 0.16415148973464966}, {'epoch': 20, 'best_score': 0.16415148973464966}, {'epoch': 21, 'best_score': 0.16415148973464966}, {'epoch': 22, 'best_score': 0.16415148973464966}, {'epoch': 23, 'best_score': 0.16415148973464966}, {'epoch': 24, 'best_score': 0.16415148973464966}, {'epoch': 25, 'best_score': 0.16415148973464966}, {'epoch': 26, 'best_score': 0.16415148973464966}, {'epoch': 27, 'best_score': 0.16415148973464966}, {'epoch': 28, 'best_score': 0.16415148973464966}, {'epoch': 29, 'best_score': 0.16415148973464966}, {'epoch': 30, 'best_score': 0.16669237613677979}, {'epoch': 31, 'best_score': 0.16866904497146606}, {'epoch': 32, 'best_score': 0.16866904497146606}, {'epoch': 33, 'best_score': 0.16866904497146606}, {'epoch': 34, 'best_score': 0.16866904497146606}, {'epoch': 35, 'best_score': 0.16866904497146606}, {'epoch': 36, 'best_score': 0.17546451091766357}, {'epoch': 37, 'best_score': 0.17138755321502686}, {'epoch': 38, 'best_score': 0.17267537117004395}, {'epoch': 39, 'best_score': 0.13198626041412354}, {'epoch': 40, 'best_score': 0.13198626041412354}, {'epoch': 41, 'best_score': 0.13198626041412354}, {'epoch': 42, 'best_score': 0.14181429147720337}, {'epoch': 43, 'best_score': 0.14181429147720337}, {'epoch': 44, 'best_score': 0.14181429147720337}, {'epoch': 45, 'best_score': 0.14181429147720337}, {'epoch': 46, 'best_score': 0.14181429147720337}, {'epoch': 47, 'best_score': 0.14181429147720337}, {'epoch': 48, 'best_score': 0.14181429147720337}, {'epoch': 49, 'best_score': 0.14181429147720337}]",officehome,3,CDANN,PCA32,8.0,0.9138167500495911,0.9138167500495911,0.5364891290664673,0.5546875,splits_officehome_CDANN_3_0_b09dc755c62e.npz,b09dc755c62e,False,False,,,,,,,0.7476257755196102,all_pca,PCA32,IW overlap critic | W=5 | seed=0 (plug-in),True,
iw_overlap_critic,5.0,0.0,24387.0,11083.0,6098.0,2773.0,0.9996720236142997,0.0,1.0,1.079893708229065,0.5,0.5,0.7299208045005798,0.18225175142288208,7110.0,669.0,3562.0,323.0,0.00045725525256868927,0.19257122250270464,5934.0,164.0,2239.0,534.0,ok,plugin,False,,4678.824617817949,2673.3504093377937,4.99636441423898,0.4764474131834458,2.7335795057993466,0.7602996254681648,0.14641182834475297,0.14686908359732165,0.8531309164026784,0.8531309164026784,False,49.0,7.0,0.5520553588867188,0.23432238399982452,0.7863777279853821,"[{'epoch': 0, 'best_score': 0.11336541175842285}, {'epoch': 1, 'best_score': 0.11559849977493286}, {'epoch': 2, 'best_score': 0.13468784093856812}, {'epoch': 3, 'best_score': 0.16762155294418335}, {'epoch': 4, 'best_score': 0.17990773916244507}, {'epoch': 5, 'best_score': 0.19450348615646362}, {'epoch': 6, 'best_score': 0.19439810514450073}, {'epoch': 7, 'best_score': 0.1900571584701538}, {'epoch': 8, 'best_score': 0.19557249546051025}, {'epoch': 9, 'best_score': 0.20751124620437622}, {'epoch': 10, 'best_score': 0.20922482013702393}, {'epoch': 11, 'best_score': 0.22310984134674072}, {'epoch': 12, 'best_score': 0.23485177755355835}, {'epoch': 13, 'best_score': 0.26298147439956665}, {'epoch': 14, 'best_score': 0.3014828562736511}, {'epoch': 15, 'best_score': 0.32766056060791016}, {'epoch': 16, 'best_score': 0.3410268723964691}, {'epoch': 17, 'best_score': 0.3682438135147095}, {'epoch': 18, 'best_score': 0.3854784369468689}, {'epoch': 19, 'best_score': 0.39387521147727966}, {'epoch': 20, 'best_score': 0.4026561677455902}, {'epoch': 21, 'best_score': 0.4192046821117401}, {'epoch': 22, 'best_score': 0.4262412190437317}, {'epoch': 23, 'best_score': 0.44764503836631775}, {'epoch': 24, 'best_score': 0.4606007933616638}, {'epoch': 25, 'best_score': 0.45436912775039673}, {'epoch': 26, 'best_score': 0.46155232191085815}, {'epoch': 27, 'best_score': 0.4666828513145447}, {'epoch': 28, 'best_score': 0.47064271569252014}, {'epoch': 29, 'best_score': 0.47164496779441833}, {'epoch': 30, 'best_score': 0.48251739144325256}, {'epoch': 31, 'best_score': 0.49585068225860596}, {'epoch': 32, 'best_score': 0.4985002875328064}, {'epoch': 33, 'best_score': 0.5019975900650024}, {'epoch': 34, 'best_score': 0.5042077302932739}, {'epoch': 35, 'best_score': 0.5103251934051514}, {'epoch': 36, 'best_score': 0.5120391845703125}, {'epoch': 37, 'best_score': 0.5145931839942932}, {'epoch': 38, 'best_score': 0.520616888999939}, {'epoch': 39, 'best_score': 0.5186699628829956}, {'epoch': 40, 'best_score': 0.5243422389030457}, {'epoch': 41, 'best_score': 0.5224961042404175}, {'epoch': 42, 'best_score': 0.523679256439209}, {'epoch': 43, 'best_score': 0.5266162753105164}, {'epoch': 44, 'best_score': 0.5245267152786255}, {'epoch': 45, 'best_score': 0.5360814332962036}, {'epoch': 46, 'best_score': 0.5411519408226013}, {'epoch': 47, 'best_score': 0.5434630513191223}, {'epoch': 48, 'best_score': 0.544500470161438}, {'epoch': 49, 'best_score': 0.5520553588867188}]",visda,1,DANN,PCA32,64.0,0.9995489120483398,0.9995489120483398,0.6463051438331604,0.6473133563995361,splits_visda_DANN_1_0_b09dc755c62e.npz,b09dc755c62e,False,False,,,,,,,0.8531309164026784,all_pca,PCA32,IW overlap critic | W=5 | seed=0 (plug-in),True,
iw_overlap_critic,5.0,0.0,24387.0,14480.0,6098.0,3620.0,0.9998360118071499,0.0,1.0,1.0676605701446533,0.5,0.5,0.7167757749557495,0.19087281823158264,7149.0,724.0,3568.0,358.0,0.00013351017876395857,0.16077348066298341,5919.0,179.0,3038.0,582.0,ok,plugin,False,,4755.862878655188,2862.9097282219004,4.984458816570498,0.5192721170065551,2.625736825489997,0.7663230240549829,0.12320441988950276,0.12333793006826672,0.8766620699317332,0.8766620699317332,False,49.0,18.0,0.5903090238571167,0.1946071982383728,0.7849162220954895,"[{'epoch': 0, 'best_score': 0.04702436923980713}, {'epoch': 1, 'best_score': 0.054060280323028564}, {'epoch': 2, 'best_score': 0.057661592960357666}, {'epoch': 3, 'best_score': 0.05708199739456177}, {'epoch': 4, 'best_score': 0.0693507194519043}, {'epoch': 5, 'best_score': 0.09464222192764282}, {'epoch': 6, 'best_score': 0.12117773294448853}, {'epoch': 7, 'best_score': 0.13911473751068115}, {'epoch': 8, 'best_score': 0.156974196434021}, {'epoch': 9, 'best_score': 0.17455601692199707}, {'epoch': 10, 'best_score': 0.20997482538223267}, {'epoch': 11, 'best_score': 0.24037867784500122}, {'epoch': 12, 'best_score': 0.26552295684814453}, {'epoch': 13, 'best_score': 0.29436588287353516}, {'epoch': 14, 'best_score': 0.2983248829841614}, {'epoch': 15, 'best_score': 0.3191068172454834}, {'epoch': 16, 'best_score': 0.34256380796432495}, {'epoch': 17, 'best_score': 0.36071500182151794}, {'epoch': 18, 'best_score': 0.3705868422985077}, {'epoch': 19, 'best_score': 0.3904445767402649}, {'epoch': 20, 'best_score': 0.37789732217788696}, {'epoch': 21, 'best_score': 0.39668288826942444}, {'epoch': 22, 'best_score': 0.4104114770889282}, {'epoch': 23, 'best_score': 0.43346527218818665}, {'epoch': 24, 'best_score': 0.4427829682826996}, {'epoch': 25, 'best_score': 0.4618948996067047}, {'epoch': 26, 'best_score': 0.47064507007598877}, {'epoch': 27, 'best_score': 0.48317790031433105}, {'epoch': 28, 'best_score': 0.4851779341697693}, {'epoch': 29, 'best_score': 0.49703240394592285}, {'epoch': 30, 'best_score': 0.5005390644073486}, {'epoch': 31, 'best_score': 0.5210054516792297}, {'epoch': 32, 'best_score': 0.5240541100502014}, {'epoch': 33, 'best_score': 0.5307917594909668}, {'epoch': 34, 'best_score': 0.5323636531829834}, {'epoch': 35, 'best_score': 0.5395022034645081}, {'epoch': 36, 'best_score': 0.5477185249328613}, {'epoch': 37, 'best_score': 0.5559927821159363}, {'epoch': 38, 'best_score': 0.5584248304367065}, {'epoch': 39, 'best_score': 0.5597527027130127}, {'epoch': 40, 'best_score': 0.5638036727905273}, {'epoch': 41, 'best_score': 0.5666104555130005}, {'epoch': 42, 'best_score': 0.5729435086250305}, {'epoch': 43, 'best_score': 0.575330376625061}, {'epoch': 44, 'best_score': 0.58049476146698}, {'epoch': 45, 'best_score': 0.5861940383911133}, {'epoch': 46, 'best_score': 0.5839224457740784}, {'epoch': 47, 'best_score': 0.5878341794013977}, {'epoch': 48, 'best_score': 0.5895706415176392}, {'epoch': 49, 'best_score': 0.5903090238571167}]",visda,2,DANN,PCA32,64.0,0.9997539520263672,0.9997539520263672,0.6546961069107056,0.6544198393821716,splits_visda_DANN_2_0_b09dc755c62e.npz,b09dc755c62e,False,False,,,,,,,0.8766620699317332,all_pca,PCA32,IW overlap critic | W=5 | seed=0 (plug-in),True,
iw_overlap_critic,5.0,0.0,24387.0,11083.0,6098.0,2773.0,0.9993440472285995,0.0,1.0,1.064231514930725,0.5,0.5,0.5714228749275208,0.2415539026260376,,,,,0.0006005280193137972,0.0,6098.0,0.0,2773.0,0.0,ok,plugin,False,,6120.414621067359,5296.106474573399,3.554555772405554,0.9971271129405138,1.66311439203599,,0.0,0.0006005280193137972,0.9993994719806862,0.9993994719806862,False,,,,,,,visda,1,CDANN,PCA32,8.0,0.9990978837013245,0.9990978837013245,0.6784264445304871,0.6693112254142761,splits_visda_CDANN_1_0_b09dc755c62e.npz,b09dc755c62e,False,False,,,,,,,0.9993994719806862,all_pca,PCA32,IW overlap critic | W=5 | seed=0 (plug-in),True,
iw_overlap_critic,5.0,0.0,24387.0,14480.0,6098.0,3620.0,0.9995080354214496,0.0,1.0,1.0397217273712158,0.5,0.5,0.5813404321670532,0.24198924005031586,,,,,0.0005276078268628446,0.0,6098.0,0.0,3620.0,0.0,ok,plugin,False,,6088.88122810378,5384.270530495641,2.4208481818958236,0.9165062831049373,1.6797829383476757,,0.0,0.0005276078268628446,0.9994723921731371,0.9994723921731371,False,,,,,,,visda,2,CDANN,PCA32,8.0,0.9995899200439453,0.9995899200439453,0.7107734680175781,0.7140883803367615,splits_visda_CDANN_2_0_b09dc755c62e.npz,b09dc755c62e,False,False,,,,,,,0.9994723921731371,all_pca,PCA32,IW overlap critic | W=5 | seed=0 (plug-in),True,
iw_overlap_critic,5.0,0.0,6500.0,33009.0,1625.0,8255.0,0.904,0.0,1.0,1.3086957931518555,0.5,0.5,0.5278671383857727,0.24926641583442688,,,,,0.10108638397773592,0.0,1625.0,0.0,8255.0,0.0,ok,plugin,False,,1630.1328425802742,1606.9699378663802,1.3430315601163885,1.0094111559169854,1.1666344704135188,,0.0,0.10108638397773592,0.898913616022264,0.898913616022264,False,,,,,,,entity13,1,DANN,PCA64,8.0,0.905846118927002,0.905846118927002,0.7318307161331177,0.7345851063728333,splits_entity13_DANN_1_0_b09dc755c62e.npz,b09dc755c62e,False,False,,,,,,,0.898913616022264,all_pca,PCA64,IW overlap critic | W=5 | seed=0 (plug-in),True,
iw_overlap_critic,5.0,0.0,6500.0,260.0,1625.0,65.0,0.9101538461538462,0.0,1.0,54.598148345947266,0.5,0.5,0.5423077344894409,0.2500010132789612,,,,,0.09002085765159114,0.0,1625.0,0.0,65.0,0.0,ok,plugin,False,,1623.867508864727,1624.94457061328,1.0131637666857773,0.9999228337010421,1.0077111228032536,,0.0,0.09002085765159114,0.9099791423484088,0.9099791423484088,False,,,,,,,entity13,2,DANN,PCA64,8.0,0.9129230380058289,0.9129230380058289,0.8615384697914124,0.8461538553237915,splits_entity13_DANN_2_0_b09dc755c62e.npz,b09dc755c62e,False,False,,,,,,,0.9099791423484088,all_pca,PCA64,IW overlap critic | W=5 | seed=0 (plug-in),True,
iw_overlap_critic,5.0,0.0,6500.0,260.0,1625.0,65.0,0.9027692307692308,0.0,1.0,1.2819743156433105,0.5,0.5,0.5923076868057251,0.23913535475730896,,,,,0.1235219985237833,0.0,1625.0,0.0,65.0,0.0,ok,plugin,False,,1641.5324389396048,1385.086002120584,3.1081288610491757,0.9492477181673401,1.7537096692351437,,0.0,0.1235219985237833,0.8764780014762167,0.8764780014762167,False,,,,,,,entity13,3,DANN,PCA64,8.0,0.907076895236969,0.907076895236969,0.6653845906257629,0.5538461804389954,splits_entity13_DANN_3_0_b09dc755c62e.npz,b09dc755c62e,False,False,,,,,,,0.8764780014762167,all_pca,PCA64,IW overlap critic | W=5 | seed=0 (plug-in),True,
iw_overlap_critic,5.0,0.0,6500.0,33009.0,1625.0,8255.0,0.9132307692307693,0.0,1.0,54.598148345947266,0.5,0.5,0.48849648237228394,0.2500005066394806,,,,,0.0867446080405041,0.0,1625.0,0.0,8255.0,0.0,ok,plugin,False,,1625.0104802834655,1624.995182551391,1.0064636340365594,1.0000172575956412,1.0028910849494852,,0.0,0.0867446080405041,0.9132553919594959,0.9132553919594959,False,,,,,,,entity13,1,CDANN,PCA64,4.0,0.9096922874450684,0.9096922874450684,0.7354357838630676,0.7372501492500305,splits_entity13_CDANN_1_0_b09dc755c62e.npz,b09dc755c62e,False,False,,,,,,,0.9132553919594959,all_pca,PCA64,IW overlap critic | W=5 | seed=0 (plug-in),True,
iw_overlap_critic,5.0,0.0,6500.0,260.0,1625.0,65.0,0.9058461538461539,0.0,1.0,54.598148345947266,0.5,0.5,0.49000000953674316,0.2501106858253479,,,,,0.09416216004081532,0.0,1625.0,0.0,65.0,0.0,ok,plugin,False,,1624.791732825905,1624.9849274835674,1.0108790565392995,1.000233988926311,1.0046893332346905,,0.0,0.09416216004081532,0.9058378399591847,0.9058378399591847,False,,,,,,,entity13,2,CDANN,PCA64,4.0,0.9081538319587708,0.9081538319587708,0.8423076868057251,0.8769230842590332,splits_entity13_CDANN_2_0_b09dc755c62e.npz,b09dc755c62e,False,False,,,,,,,0.9058378399591847,all_pca,PCA64,IW overlap critic | W=5 | seed=0 (plug-in),True,
iw_overlap_critic,5.0,0.0,6500.0,260.0,1625.0,65.0,0.9015384615384615,0.0,1.0,54.598148345947266,0.5,0.5,0.4623076915740967,0.25002437829971313,,,,,0.09848200488057021,0.0,1625.0,0.0,65.0,0.0,ok,plugin,False,,1625.1146666030108,1624.9909776327831,1.0076897349064209,1.0003156991546214,1.0038571249460189,,0.0,0.09848200488057021,0.9015179951194298,0.9015179951194298,False,,,,,,,entity13,3,CDANN,PCA64,4.0,0.9061538577079773,0.9061538577079773,0.6653845906257629,0.5692307949066162,splits_entity13_CDANN_3_0_b09dc755c62e.npz,b09dc755c62e,False,False,,,,,,,0.9015179951194298,all_pca,PCA64,IW overlap critic | W=5 | seed=0 (plug-in),True,
iw_overlap_critic,5.0,0.0,6000.0,30828.0,1500.0,7709.0,0.8426666666666667,0.0,1.0,1.1351608037948608,0.5,0.5,0.5246219635009766,0.24913722276687622,,,,,0.16157223088631326,0.0,1500.0,0.0,7709.0,0.0,ok,plugin,False,,1496.897659497622,1476.8745478572196,1.2961028225094875,1.0074417556052695,1.1843676061447805,,0.0,0.16157223088631326,0.8384277691136868,0.8384277691136868,False,,,,,,,entity30,1,DANN,PCA64,8.0,0.8550000190734863,0.8550000190734863,0.6190800070762634,0.6236866116523743,splits_entity30_DANN_1_0_b09dc755c62e.npz,b09dc755c62e,False,False,,,,,,,0.8384277691136868,all_pca,PCA64,IW overlap critic | W=5 | seed=0 (plug-in),True,
iw_overlap_critic,5.0,0.0,6000.0,240.0,1500.0,60.0,0.8606666666666667,0.0,1.0,54.598148345947266,0.5,0.5,0.4650000035762787,0.2501038610935211,,,,,0.1392572417991427,0.0,1500.0,0.0,60.0,0.0,ok,plugin,False,,1498.7135151933867,1499.95020728636,1.0204051694998342,0.999465075440123,1.0082049978073597,,0.0,0.1392572417991427,0.8607427582008573,0.8607427582008573,False,,,,,,,entity30,2,DANN,PCA64,8.0,0.8646666407585144,0.8646666407585144,0.7875000238418579,0.7500000596046448,splits_entity30_DANN_2_0_b09dc755c62e.npz,b09dc755c62e,False,False,,,,,,,0.8607427582008573,all_pca,PCA64,IW overlap critic | W=5 | seed=0 (plug-in),True,
iw_overlap_critic,5.0,0.0,6000.0,240.0,1500.0,60.0,0.8553333333333333,0.0,1.0,2.260317325592041,0.5,0.5,0.5391666889190674,0.24593764543533325,,,,,0.14272063311684602,0.0,1500.0,0.0,60.0,0.0,ok,plugin,False,,1455.4459106174133,1391.2123813282278,1.8302181078667505,0.9532407991618097,1.4305858481834188,,0.0,0.14272063311684602,0.857279366883154,0.857279366883154,False,,,,,,,entity30,3,DANN,PCA64,8.0,0.8636666536331177,0.8636666536331177,0.5708333849906921,0.6666666865348816,splits_entity30_DANN_3_0_b09dc755c62e.npz,b09dc755c62e,False,False,,,,,,,0.857279366883154,all_pca,PCA64,IW overlap critic | W=5 | seed=0 (plug-in),True,
iw_overlap_critic,5.0,0.0,6000.0,30828.0,1500.0,7709.0,0.856,0.0,1.0,2.501192092895508,0.5,0.5,0.5093792080879211,0.24990494549274445,,,,,0.1439387201781356,0.0,1500.0,0.0,7709.0,0.0,ok,plugin,False,,1497.345056073118,1496.8106433237551,1.1623518295972715,1.000636561136037,1.062106389286961,,0.0,0.1439387201781356,0.8560612798218644,0.8560612798218644,False,,,,,,,entity30,1,CDANN,PCA64,4.0,0.8611666560173035,0.8611666560173035,0.627903163433075,0.6345829367637634,splits_entity30_CDANN_1_0_b09dc755c62e.npz,b09dc755c62e,False,False,,,,,,,0.8560612798218644,all_pca,PCA64,IW overlap critic | W=5 | seed=0 (plug-in),True,
iw_overlap_critic,5.0,0.0,6000.0,240.0,1500.0,60.0,0.862,0.0,1.0,54.598148345947266,0.5,0.5,0.48000001907348633,0.25000283122062683,,,,,0.1378338648813575,0.0,1500.0,0.0,60.0,0.0,ok,plugin,False,,1499.1853608452848,1499.953321785527,1.0173589377080638,0.9993373142922336,1.009016969794638,,0.0,0.1378338648813575,0.8621661351186425,0.8621661351186425,False,,,,,,,entity30,2,CDANN,PCA64,4.0,0.8646666407585144,0.8646666407585144,0.8125000596046448,0.7500000596046448,splits_entity30_CDANN_2_0_b09dc755c62e.npz,b09dc755c62e,False,False,,,,,,,0.8621661351186425,all_pca,PCA64,IW overlap critic | W=5 | seed=0 (plug-in),True,
iw_overlap_critic,5.0,0.0,6000.0,240.0,1500.0,60.0,0.8453333333333333,0.0,1.0,54.598148345947266,0.5,0.5,0.40833336114883423,0.25013113021850586,,,,,0.1541786990101909,0.0,1500.0,0.0,60.0,0.0,ok,plugin,False,,1498.457523308873,1499.9109338428157,1.0301702504297168,0.9984850628848397,1.0125685765149461,,0.0,0.1541786990101909,0.8458213009898091,0.8458213009898091,False,,,,,,,entity30,3,CDANN,PCA64,4.0,0.8573333024978638,0.8573333024978638,0.5625,0.6166666746139526,splits_entity30_CDANN_3_0_b09dc755c62e.npz,b09dc755c62e,False,False,,,,,,,0.8458213009898091,all_pca,PCA64,IW overlap critic | W=5 | seed=0 (plug-in),True,
iw_overlap_critic,5.0,0.0,10000.0,2000.0,2500.0,500.0,0.9452,0.0,1.0,3.2104811668395996,0.5,0.5,0.5245000123977661,0.24948738515377045,,,,,0.05740731834074809,0.0,2500.0,0.0,500.0,0.0,ok,plugin,False,,2483.694361699724,2480.288576350498,1.3279107202888074,0.9906264313580704,1.144330749321766,,0.0,0.05740731834074809,0.9425926816592519,0.9425926816592519,False,,,,,,,cifar10,1,DANN,PCA64,8.0,0.9508999586105347,0.9508999586105347,0.8440000414848328,0.8360000252723694,splits_cifar10_DANN_1_0_b09dc755c62e.npz,b09dc755c62e,False,False,,,,,,,0.9425926816592519,all_pca,PCA64,IW overlap critic | W=5 | seed=0 (plug-in),True,
iw_overlap_critic,5.0,0.0,10000.0,2000.0,2500.0,500.0,0.946,0.0,1.0,54.598148345947266,0.5,0.5,0.4765000343322754,0.25002437829971313,,,,,0.05407419483290664,0.0,2500.0,0.0,500.0,0.0,ok,plugin,False,,2499.212320307498,2499.9691264721077,1.011697805997689,0.999631172399533,1.0055052242041345,,0.0,0.05407419483290664,0.9459258051670933,0.9459258051670933,False,,,,,,,cifar10,10,DANN,PCA64,8.0,0.9477999806404114,0.9477999806404114,0.924500048160553,0.9120000600814819,splits_cifar10_DANN_10_0_b09dc755c62e.npz,b09dc755c62e,False,False,,,,,,,0.9459258051670933,all_pca,PCA64,IW overlap critic | W=5 | seed=0 (plug-in),True,
iw_overlap_critic,5.0,0.0,10000.0,2000.0,2500.0,500.0,0.9452,0.0,1.0,22.349769592285156,0.5,0.5,0.5015000104904175,0.24999487400054932,,,,,0.05501647640405188,0.0,2500.0,0.0,500.0,0.0,ok,plugin,False,,2497.951345833226,2499.8222106160515,1.0283642144906842,0.9991279803711102,1.0130134514164202,,0.0,0.05501647640405188,0.9449835235959482,0.9449835235959482,False,,,,,,,cifar10,71,DANN,PCA64,8.0,0.9487999677658081,0.9487999677658081,0.9305000305175781,0.9180000424385071,splits_cifar10_DANN_71_0_b09dc755c62e.npz,b09dc755c62e,False,False,,,,,,,0.9449835235959482,all_pca,PCA64,IW overlap critic | W=5 | seed=0 (plug-in),True,
iw_overlap_critic,5.0,0.0,10000.0,2000.0,2500.0,500.0,0.9528,0.0,1.0,54.598148345947266,0.5,0.5,0.4749999940395355,0.250029593706131,,,,,0.04723443424015196,0.0,2500.0,0.0,500.0,0.0,ok,plugin,False,,2499.5225119407287,2499.980807613092,1.0090857282502275,0.9998212512886169,1.0042972910279757,,0.0,0.04723443424015196,0.952765565759848,0.952765565759848,False,,,,,,,cifar10,95,DANN,PCA64,8.0,0.9515999555587769,0.9515999555587769,0.9390000700950623,0.9360000491142273,splits_cifar10_DANN_95_0_b09dc755c62e.npz,b09dc755c62e,False,False,,,,,,,0.952765565759848,all_pca,PCA64,IW overlap critic | W=5 | seed=0 (plug-in),True,
iw_overlap_critic,5.0,0.0,10000.0,2000.0,2500.0,500.0,0.9476,0.0,1.0,5.544522285461426,0.5,0.5,0.4950000047683716,0.2499614953994751,,,,,0.05267235491817421,0.0,2500.0,0.0,500.0,0.0,ok,plugin,False,,2495.4039758421877,2498.3981475292917,1.0828151088796092,0.9970591808955798,1.0413423988255859,,0.0,0.05267235491817421,0.9473276450818258,0.9473276450818258,False,,,,,,,cifar10,1,CDANN,PCA64,4.0,0.949999988079071,0.949999988079071,0.846500039100647,0.8440000414848328,splits_cifar10_CDANN_1_0_b09dc755c62e.npz,b09dc755c62e,False,False,,,,,,,0.9473276450818258,all_pca,PCA64,IW overlap critic | W=5 | seed=0 (plug-in),True,
iw_overlap_critic,5.0,0.0,10000.0,2000.0,2500.0,500.0,0.9468,0.0,1.0,3.036691188812256,0.5,0.5,0.5099999904632568,0.2497776448726654,,,,,0.054674570580438536,0.0,2500.0,0.0,500.0,0.0,ok,plugin,False,,2486.344502889966,2489.86873799729,1.2180447627944306,0.9912031002319934,1.1040413854600641,,0.0,0.054674570580438536,0.9453254294195614,0.9453254294195614,False,,,,,,,cifar10,10,CDANN,PCA64,4.0,0.948699951171875,0.948699951171875,0.9160000681877136,0.9120000600814819,splits_cifar10_CDANN_10_0_b09dc755c62e.npz,b09dc755c62e,False,False,,,,,,,0.9453254294195614,all_pca,PCA64,IW overlap critic | W=5 | seed=0 (plug-in),True,
iw_overlap_critic,5.0,0.0,10000.0,2000.0,2500.0,500.0,0.9492,0.0,1.0,0.9643043875694275,0.5,0.5,0.5429999828338623,0.24725838005542755,,,,,0.05895552705623316,0.0,2500.0,0.0,500.0,0.0,ok,plugin,False,,2489.466232143828,2381.340415809875,2.1699245065400525,0.9593567274050223,1.4143124773671698,,0.0,0.05895552705623316,0.9410444729437668,0.9410444729437668,False,,,,,,,cifar10,71,CDANN,PCA64,4.0,0.9511999487876892,0.9511999487876892,0.9280000329017639,0.9040000438690186,splits_cifar10_CDANN_71_0_b09dc755c62e.npz,b09dc755c62e,False,False,,,,,,,0.9410444729437668,all_pca,PCA64,IW overlap critic | W=5 | seed=0 (plug-in),True,
iw_overlap_critic,5.0,0.0,10000.0,2000.0,2500.0,500.0,0.9516,0.0,1.0,1.27089262008667,0.5,0.5,0.531000018119812,0.2487258017063141,,,,,0.05066235755785941,0.0,2500.0,0.0,500.0,0.0,ok,plugin,False,,2487.751675550584,2445.821786363959,1.725146198134598,0.9797069195652957,1.2586079309812275,,0.0,0.05066235755785941,0.9493376424421406,0.9493376424421406,False,,,,,,,cifar10,95,CDANN,PCA64,4.0,0.9526000022888184,0.9526000022888184,0.9355000257492065,0.9260000586509705,splits_cifar10_CDANN_95_0_b09dc755c62e.npz,b09dc755c62e,False,False,,,,,,,0.9493376424421406,all_pca,PCA64,IW overlap critic | W=5 | seed=0 (plug-in),True,
iw_overlap_critic,5.0,0.0,10000.0,2000.0,2500.0,500.0,0.758,0.0,1.0,54.598148345947266,0.5,0.5,0.49800002574920654,0.2500194013118744,,,,,0.2419970056393011,0.0,2500.0,0.0,500.0,0.0,ok,plugin,False,,2499.6242444340173,2499.9788343579085,1.0091802353589787,0.9995349819050129,1.0049109065408897,,0.0,0.2419970056393011,0.758002994360699,0.758002994360699,False,,,,,,,cifar100,4,DANN,PCA64,8.0,0.7841999530792236,0.7841999530792236,0.7440000176429749,0.7760000228881836,splits_cifar100_DANN_4_0_b09dc755c62e.npz,b09dc755c62e,False,True,,,,,,,0.758002994360699,all_pca,PCA64,IW overlap critic | W=5 | seed=0 (plug-in),True,
iw_overlap_critic,5.0,0.0,10000.0,2000.0,2500.0,500.0,0.76,0.0,1.0,54.598148345947266,0.5,0.5,0.48350000381469727,0.25001242756843567,,,,,0.24000216283219478,0.0,2500.0,0.0,500.0,0.0,ok,plugin,False,,2499.7270658068555,2499.9832088509424,1.0070518510479602,0.9995212269921505,1.0042715241660813,,0.0,0.24000216283219478,0.7599978371678052,0.7599978371678052,False,,,,,,,cifar100,12,DANN,PCA64,8.0,0.7831999659538269,0.7831999659538269,0.7545000314712524,0.7860000133514404,splits_cifar100_DANN_12_0_b09dc755c62e.npz,b09dc755c62e,False,True,,,,,,,0.7599978371678052,all_pca,PCA64,IW overlap critic | W=5 | seed=0 (plug-in),True,
iw_overlap_critic,5.0,0.0,10000.0,2000.0,2500.0,500.0,0.7596,0.0,1.0,10.468952178955078,0.5,0.5,0.4869999885559082,0.24998801946640015,,,,,0.24010359012793478,0.0,2500.0,0.0,500.0,0.0,ok,plugin,False,,2498.041437601939,2499.52697885957,1.0362665985378807,0.9968752840941291,1.0227371633481803,,0.0,0.24010359012793478,0.7598964098720652,0.7598964098720652,False,,,,,,,cifar100,59,DANN,PCA64,8.0,0.7841999530792236,0.7841999530792236,0.7585000395774841,0.7720000147819519,splits_cifar100_DANN_59_0_b09dc755c62e.npz,b09dc755c62e,False,True,,,,,,,0.7598964098720652,all_pca,PCA64,IW overlap critic | W=5 | seed=0 (plug-in),True,
iw_overlap_critic,5.0,0.0,10000.0,2000.0,2500.0,500.0,0.764,0.0,1.0,54.598148345947266,0.5,0.5,0.48000001907348633,0.2500184178352356,,,,,0.23594033331337205,0.0,2500.0,0.0,500.0,0.0,ok,plugin,False,,2499.6605615415606,2499.9854046624814,1.0058469965250008,0.9998550078139059,1.0036774470213292,,0.0,0.23594033331337205,0.764059666686628,0.764059666686628,False,,,,,,,cifar100,82,DANN,PCA64,8.0,0.7861999869346619,0.7861999869346619,0.7695000171661377,0.7700000405311584,splits_cifar100_DANN_82_0_b09dc755c62e.npz,b09dc755c62e,True,True,,,,,,,0.764059666686628,all_pca,PCA64,IW overlap critic | W=5 | seed=0 (plug-in),True,
iw_overlap_critic,5.0,0.0,10000.0,2000.0,2500.0,500.0,0.762,0.0,1.0,54.598148345947266,0.5,0.5,0.4700000286102295,0.2500154376029968,,,,,0.2379702066487734,0.0,2500.0,0.0,500.0,0.0,ok,plugin,False,,2499.7535950086026,2499.985800981711,1.0067786267290388,0.9996182778153593,1.0044949591310528,,0.0,0.2379702066487734,0.7620297933512266,0.7620297933512266,False,,,,,,,cifar100,4,CDANN,PCA64,4.0,0.7849999666213989,0.7849999666213989,0.7275000214576721,0.7480000257492065,splits_cifar100_CDANN_4_0_b09dc755c62e.npz,b09dc755c62e,False,False,,,,,,,0.7620297933512266,all_pca,PCA64,IW overlap critic | W=5 | seed=0 (plug-in),True,
iw_overlap_critic,5.0,0.0,10000.0,2000.0,2500.0,500.0,0.766,0.0,1.0,54.598148345947266,0.5,0.5,0.47450000047683716,0.25001591444015503,,,,,0.23400297090993236,0.0,2500.0,0.0,500.0,0.0,ok,plugin,False,,2499.8091841594496,2499.9845306305815,1.0074848311456392,0.9997848715106664,1.0046918259199686,,0.0,0.23400297090993236,0.7659970290900676,0.7659970290900676,False,,,,,,,cifar100,12,CDANN,PCA64,4.0,0.7858999967575073,0.7858999967575073,0.7480000257492065,0.7680000066757202,splits_cifar100_CDANN_12_0_b09dc755c62e.npz,b09dc755c62e,False,True,,,,,,,0.7659970290900676,all_pca,PCA64,IW overlap critic | W=5 | seed=0 (plug-in),True,
iw_overlap_critic,5.0,0.0,10000.0,2000.0,2500.0,500.0,0.7664,0.0,1.0,54.598148345947266,0.5,0.5,0.4909999966621399,0.25000667572021484,,,,,0.23356990033497932,0.0,2500.0,0.0,500.0,0.0,ok,plugin,False,,2499.550167176881,2499.977838355216,1.0081108644090961,0.9996785962570697,1.004997227492606,,0.0,0.23356990033497932,0.7664300996650206,0.7664300996650206,False,,,,,,,cifar100,59,CDANN,PCA64,4.0,0.7870000004768372,0.7870000004768372,0.7580000162124634,0.7920000553131104,splits_cifar100_CDANN_59_0_b09dc755c62e.npz,b09dc755c62e,False,True,,,,,,,0.7664300996650206,all_pca,PCA64,IW overlap critic | W=5 | seed=0 (plug-in),True,
iw_overlap_critic,5.0,0.0,10000.0,2000.0,2500.0,500.0,0.7652,0.0,1.0,54.598148345947266,0.5,0.5,0.47699999809265137,0.2500145137310028,,,,,0.23474596757580357,0.0,2500.0,0.0,500.0,0.0,ok,plugin,False,,2499.7923076379384,2499.9845600296117,1.0072747309060814,0.999839052984516,1.00456430009858,,0.0,0.23474596757580357,0.7652540324241964,0.7652540324241964,False,,,,,,,cifar100,82,CDANN,PCA64,4.0,0.7872999906539917,0.7872999906539917,0.7635000348091125,0.7720000147819519,splits_cifar100_CDANN_82_0_b09dc755c62e.npz,b09dc755c62e,False,True,,,,,,,0.7652540324241964,all_pca,PCA64,IW overlap critic | W=5 | seed=0 (plug-in),True,
iw_overlap_critic,5.0,0.0,28152.0,9910.0,7040.0,2478.0,0.803125,0.0,1.0,1.226292371749878,0.5,0.5,0.5829572677612305,0.24159753322601318,,,,,0.2015834610436606,0.0,7040.0,0.0,2478.0,0.0,ok,plugin,False,,6903.24014926752,6265.580006128775,3.8401344425304784,0.9346968552989108,1.6077078242478362,,0.0,0.2015834610436606,0.7984165389563394,0.7984165389563394,False,,,,,,,domainnet,1,DANN,PCA64,32.0,0.8072605729103088,0.8072605729103088,0.465893030166626,0.47497981786727905,splits_domainnet_DANN_1_0_b09dc755c62e.npz,b09dc755c62e,False,False,,,,,,,0.7984165389563394,all_pca,PCA64,IW overlap critic | W=5 | seed=0 (plug-in),True,
iw_overlap_critic,5.0,0.0,28152.0,14207.0,7040.0,3553.0,0.8038352272727273,0.0,1.0,1.108939290046692,0.5,0.5,0.6014209389686584,0.23618116974830627,8440.0,11.0,4218.0,8.0,0.21200166591324945,0.0028145229383619475,7039.0,1.0,3543.0,10.0,ok,plugin,False,,6961.064653375577,5674.02815340596,4.9385986147477965,0.8837972421477308,1.8883166709919361,1.0,0.0028145229383619475,0.2148161888516114,0.7851838111483886,0.7851838111483886,False,49.0,25.0,0.49334049224853516,0.5066595077514648,1.0,"[{'epoch': 0, 'best_score': 0.005919098854064941}, {'epoch': 1, 'best_score': 0.006240963935852051}, {'epoch': 2, 'best_score': 0.006835579872131348}, {'epoch': 3, 'best_score': 0.008980393409729004}, {'epoch': 4, 'best_score': 0.010292232036590576}, {'epoch': 5, 'best_score': 0.01315850019454956}, {'epoch': 6, 'best_score': 0.01562941074371338}, {'epoch': 7, 'best_score': 0.020032644271850586}, {'epoch': 8, 'best_score': 0.02683579921722412}, {'epoch': 9, 'best_score': 0.03207886219024658}, {'epoch': 10, 'best_score': 0.03812485933303833}, {'epoch': 11, 'best_score': 0.045506417751312256}, {'epoch': 12, 'best_score': 0.05281198024749756}, {'epoch': 13, 'best_score': 0.06232398748397827}, {'epoch': 14, 'best_score': 0.07155835628509521}, {'epoch': 15, 'best_score': 0.08278518915176392}, {'epoch': 16, 'best_score': 0.09300529956817627}, {'epoch': 17, 'best_score': 0.10375165939331055}, {'epoch': 18, 'best_score': 0.11803686618804932}, {'epoch': 19, 'best_score': 0.12911754846572876}, {'epoch': 20, 'best_score': 0.14133965969085693}, {'epoch': 21, 'best_score': 0.15417152643203735}, {'epoch': 22, 'best_score': 0.16654080152511597}, {'epoch': 23, 'best_score': 0.1805124282836914}, {'epoch': 24, 'best_score': 0.19417935609817505}, {'epoch': 25, 'best_score': 0.2087385058403015}, {'epoch': 26, 'best_score': 0.22323638200759888}, {'epoch': 27, 'best_score': 0.22317451238632202}, {'epoch': 28, 'best_score': 0.23653149604797363}, {'epoch': 29, 'best_score': 0.25459450483322144}, {'epoch': 30, 'best_score': 0.272388756275177}, {'epoch': 31, 'best_score': 0.28598660230636597}, {'epoch': 32, 'best_score': 0.2994188666343689}, {'epoch': 33, 'best_score': 0.31439727544784546}, {'epoch': 34, 'best_score': 0.3276214003562927}, {'epoch': 35, 'best_score': 0.3414684534072876}, {'epoch': 36, 'best_score': 0.35544973611831665}, {'epoch': 37, 'best_score': 0.36663883924484253}, {'epoch': 38, 'best_score': 0.38799381256103516}, {'epoch': 39, 'best_score': 0.4022940993309021}, {'epoch': 40, 'best_score': 0.4170984625816345}, {'epoch': 41, 'best_score': 0.43170320987701416}, {'epoch': 42, 'best_score': 0.44166529178619385}, {'epoch': 43, 'best_score': 0.45460790395736694}, {'epoch': 44, 'best_score': 0.4406219720840454}, {'epoch': 45, 'best_score': 0.4517242908477783}, {'epoch': 46, 'best_score': 0.46171289682388306}, {'epoch': 47, 'best_score': 0.471041738986969}, {'epoch': 48, 'best_score': 0.48115116357803345}, {'epoch': 49, 'best_score': 0.49334049224853516}]",domainnet,2,DANN,PCA64,32.0,0.8101378083229065,0.8101378083229065,0.38572534918785095,0.38727834820747375,splits_domainnet_DANN_2_0_b09dc755c62e.npz,b09dc755c62e,False,False,,,,,,,0.7851838111483886,all_pca,PCA64,IW overlap critic | W=5 | seed=0 (plug-in),True,
iw_overlap_critic,5.0,0.0,28152.0,15295.0,7040.0,3825.0,0.8072443181818182,0.0,1.0,1.0002521276474,0.5,0.5,0.5666530132293701,0.24530553817749023,8445.0,1.0,4222.0,0.0,0.18993982763056655,0.00026143790849673205,7040.0,0.0,3824.0,1.0,unsupported_critic_region,plugin,False,,7058.580295773514,6527.729300389122,3.345603395149516,0.9658101937020955,1.511860714924372,,,,,,,,,,,,,domainnet,3,DANN,PCA64,32.0,0.8096050024032593,0.8096050024032593,0.4719189405441284,0.46562090516090393,splits_domainnet_DANN_3_0_b09dc755c62e.npz,b09dc755c62e,,,,,,,,,,all_pca,PCA64,IW overlap critic | W=5 | seed=0 (plug-in),False,
iw_overlap_critic,5.0,0.0,28152.0,9910.0,7040.0,2478.0,0.8025568181818181,0.0,1.0,0.6819519996643066,0.5,0.5,0.5463367700576782,0.2473730742931366,,,,,0.2151981808820383,0.0,7040.0,0.0,2478.0,0.0,ok,plugin,False,,7119.098872628354,6738.082016814914,1.8296552366436318,0.9943077857533322,1.3903075185508535,,0.0,0.2151981808820383,0.7848018191179618,0.7848018191179618,False,,,,,,,domainnet,1,CDANN,PCA64,4.0,0.8055910468101501,0.8055910468101501,0.5121089816093445,0.5205811262130737,splits_domainnet_CDANN_1_0_b09dc755c62e.npz,b09dc755c62e,False,False,,,,,,,0.7848018191179618,all_pca,PCA64,IW overlap critic | W=5 | seed=0 (plug-in),True,
iw_overlap_critic,5.0,0.0,28152.0,14207.0,7040.0,3553.0,0.8004261363636364,0.0,1.0,1.1073464155197144,0.5,0.5,0.5364314317703247,0.24767601490020752,,,,,0.20830151757347828,0.0,7040.0,0.0,3553.0,0.0,ok,plugin,False,,7042.532128157394,6791.387470629839,1.7457986667189163,0.9930979980913714,1.3272196742171534,,0.0,0.20830151757347828,0.7916984824265217,0.7916984824265217,False,,,,,,,domainnet,2,CDANN,PCA64,4.0,0.8071539998054504,0.8071539998054504,0.42063772678375244,0.4218969941139221,splits_domainnet_CDANN_2_0_b09dc755c62e.npz,b09dc755c62e,False,False,,,,,,,0.7916984824265217,all_pca,PCA64,IW overlap critic | W=5 | seed=0 (plug-in),True,
iw_overlap_critic,5.0,0.0,28152.0,15295.0,7040.0,3825.0,0.8063920454545455,0.0,1.0,0.8559980392456055,0.5,0.5,0.5631357431411743,0.24379169940948486,,,,,0.18431691892032773,0.0,7040.0,0.0,3825.0,0.0,ok,plugin,False,,7105.7887568127335,6367.189452388498,3.401659048975163,0.9501530800256989,1.6223617297483661,,0.0,0.18431691892032773,0.8156830810796722,0.8156830810796722,False,,,,,,,domainnet,3,CDANN,PCA64,4.0,0.8074381947517395,0.8074381947517395,0.49369075894355774,0.48549020290374756,splits_domainnet_CDANN_3_0_b09dc755c62e.npz,b09dc755c62e,False,False,,,,,,,0.8156830810796722,all_pca,PCA64,IW overlap critic | W=5 | seed=0 (plug-in),True,
iw_overlap_critic,5.0,0.0,1700.0,8804.0,425.0,2203.0,0.8658823529411764,0.0,1.0,1.7118247747421265,0.5,0.5,0.5553141832351685,0.2474673092365265,,,,,0.1486304639827676,0.0,425.0,0.0,2203.0,0.0,ok,plugin,False,,433.8995581541775,406.0468144563754,1.5947715283956745,1.0253579878381205,1.383887847507229,,0.0,0.1486304639827676,0.8513695360172324,0.8513695360172324,False,,,,,,,living17,1,DANN,PCA64,8.0,0.8994117379188538,0.8994117379188538,0.6758291721343994,0.6876986026763916,splits_living17_DANN_1_0_b09dc755c62e.npz,b09dc755c62e,False,False,,,,,,,0.8513695360172324,all_pca,PCA64,IW overlap critic | W=5 | seed=0 (plug-in),True,
iw_overlap_critic,5.0,0.0,1700.0,68.0,425.0,19.0,0.8823529411764706,0.0,1.0,3.435157537460327,0.5,0.5,0.5382353067398071,0.24690869450569153,,,,,0.11180255096880684,0.0,425.0,0.0,19.0,0.0,ok,plugin,False,,394.7506596546109,398.5596868267441,1.5523682981341551,0.9223655020129055,1.3537176447752515,,0.0,0.11180255096880684,0.8881974490311931,0.8881974490311931,False,,,,,,,living17,2,DANN,PCA64,8.0,0.9094117283821106,0.9094117283821106,0.8970588445663452,0.8421052694320679,splits_living17_DANN_2_0_b09dc755c62e.npz,b09dc755c62e,True,False,,,,,,,0.8881974490311931,all_pca,PCA64,IW overlap critic | W=5 | seed=0 (plug-in),True,
iw_overlap_critic,5.0,0.0,1700.0,68.0,425.0,19.0,0.8894117647058823,0.0,1.0,0.8544672131538391,0.5,0.5,0.751960813999176,0.20864135026931763,,,,,0.11323287120444749,0.0,411.0,14.0,19.0,0.0,ok,plugin,False,,342.13914050023175,213.92689006113275,3.600125840828003,0.5503564883423758,2.719659956822379,,0.0,0.11323287120444749,0.8867671287955525,0.8867671287955525,False,,,,,,,living17,3,DANN,PCA64,8.0,0.9052940607070923,0.9052940607070923,0.5882353186607361,0.6842105388641357,splits_living17_DANN_3_0_b09dc755c62e.npz,b09dc755c62e,False,False,,,,,,,0.8867671287955525,all_pca,PCA64,IW overlap critic | W=5 | seed=0 (plug-in),True,
iw_overlap_critic,5.0,0.0,1700.0,8804.0,425.0,2203.0,0.8894117647058823,0.0,1.0,54.598148345947266,0.5,0.5,0.5014371871948242,0.250005304813385,,,,,0.11063530317123534,0.0,425.0,0.0,2203.0,0.0,ok,plugin,False,,424.9990187316745,424.9950641671985,1.009194129235711,1.0000602557385505,1.0056053538892025,,0.0,0.11063530317123534,0.8893646968287646,0.8893646968287646,False,,,,,,,living17,1,CDANN,PCA64,4.0,0.9052940607070923,0.9052940607070923,0.6863925457000732,0.6981388926506042,splits_living17_CDANN_1_0_b09dc755c62e.npz,b09dc755c62e,False,False,,,,,,,0.8893646968287646,all_pca,PCA64,IW overlap critic | W=5 | seed=0 (plug-in),True,
iw_overlap_critic,5.0,0.0,1700.0,68.0,425.0,19.0,0.8917647058823529,0.0,1.0,54.598148345947266,0.5,0.5,0.31470587849617004,0.2501634955406189,,,,,0.10763198158133017,0.0,425.0,0.0,19.0,0.0,ok,plugin,False,,422.97736897946527,424.94823464810787,1.0440411718667169,0.9949629176013489,1.0119303258387198,,0.0,0.10763198158133017,0.8923680184186699,0.8923680184186699,False,,,,,,,living17,2,CDANN,PCA64,4.0,0.9094117283821106,0.9094117283821106,0.8676470518112183,0.8421052694320679,splits_living17_CDANN_2_0_b09dc755c62e.npz,b09dc755c62e,False,False,,,,,,,0.8923680184186699,all_pca,PCA64,IW overlap critic | W=5 | seed=0 (plug-in),True,
iw_overlap_critic,5.0,0.0,1700.0,68.0,425.0,19.0,0.8823529411764706,0.0,1.0,54.598148345947266,0.5,0.5,0.4225490093231201,0.25023651123046875,,,,,0.117035612743547,0.0,425.0,0.0,19.0,0.0,ok,plugin,False,,423.7711950454801,424.96060438980635,1.0260711651400463,0.9971065603872015,1.0117735742400944,,0.0,0.117035612743547,0.882964387256453,0.882964387256453,False,,,,,,,living17,3,CDANN,PCA64,4.0,0.9052940607070923,0.9052940607070923,0.5588235259056091,0.6315789222717285,splits_living17_CDANN_3_0_b09dc755c62e.npz,b09dc755c62e,False,False,,,,,,,0.882964387256453,all_pca,PCA64,IW overlap critic | W=5 | seed=0 (plug-in),True,
iw_overlap_critic,5.0,0.0,2600.0,13282.0,650.0,3322.0,0.8046153846153846,0.0,1.0,2.156191349029541,0.5,0.5,0.5059951543807983,0.24960054457187653,,,,,0.19729983532990794,0.0,650.0,0.0,3322.0,0.0,ok,plugin,False,,647.2951354165266,645.3068551494548,1.2258246854762207,0.9992627825026168,1.1199599048099376,,0.0,0.19729983532990794,0.8027001646700921,0.8027001646700921,False,,,,,,,nonliving26,1,DANN,PCA64,8.0,0.8126922845840454,0.8126922845840454,0.5122722387313843,0.5192654728889465,splits_nonliving26_DANN_1_0_b09dc755c62e.npz,b09dc755c62e,False,False,,,,,,,0.8027001646700921,all_pca,PCA64,IW overlap critic | W=5 | seed=0 (plug-in),True,
iw_overlap_critic,5.0,0.0,2600.0,104.0,650.0,28.0,0.8292307692307692,0.0,1.0,54.598148345947266,0.5,0.5,0.4038461446762085,0.2506033778190613,,,,,0.1701249182166074,0.0,650.0,0.0,28.0,0.0,ok,plugin,False,,647.6089048618696,649.8948670697146,1.0338735040933442,0.9969824627689864,1.015250373884378,,0.0,0.1701249182166074,0.8298750817833926,0.8298750817833926,False,,,,,,,nonliving26,2,DANN,PCA64,8.0,0.8176922798156738,0.8176922798156738,0.75,0.7142857313156128,splits_nonliving26_DANN_2_0_b09dc755c62e.npz,b09dc755c62e,False,False,,,,,,,0.8298750817833926,all_pca,PCA64,IW overlap critic | W=5 | seed=0 (plug-in),True,
iw_overlap_critic,5.0,0.0,2600.0,104.0,650.0,28.0,0.8246153846153846,0.0,1.0,54.598148345947266,0.5,0.5,0.45000001788139343,0.25004658102989197,,,,,0.17509602579737932,0.0,650.0,0.0,28.0,0.0,ok,plugin,False,,645.3705926560069,649.724394398817,1.046460836247922,0.9943422854331323,1.0253292516625503,,0.0,0.17509602579737932,0.8249039742026207,0.8249039742026207,False,,,,,,,nonliving26,3,DANN,PCA64,8.0,0.8146153688430786,0.8146153688430786,0.4038461744785309,0.3214285969734192,splits_nonliving26_DANN_3_0_b09dc755c62e.npz,b09dc755c62e,False,False,,,,,,,0.8249039742026207,all_pca,PCA64,IW overlap critic | W=5 | seed=0 (plug-in),True,
iw_overlap_critic,5.0,0.0,2600.0,13282.0,650.0,3322.0,0.8169230769230769,0.0,1.0,4.255368232727051,0.5,0.5,0.5112951993942261,0.24999505281448364,,,,,0.18345263898100733,0.0,650.0,0.0,3322.0,0.0,ok,plugin,False,,649.921795942741,649.9430308432728,1.030589983829968,1.000134561591583,1.0147816506849816,,0.0,0.18345263898100733,0.8165473610189926,0.8165473610189926,False,,,,,,,nonliving26,1,CDANN,PCA64,4.0,0.8176922798156738,0.8176922798156738,0.5332028269767761,0.5352197289466858,splits_nonliving26_CDANN_1_0_b09dc755c62e.npz,b09dc755c62e,False,False,,,,,,,0.8165473610189926,all_pca,PCA64,IW overlap critic | W=5 | seed=0 (plug-in),True,
iw_overlap_critic,5.0,0.0,2600.0,104.0,650.0,28.0,0.8138461538461539,0.0,1.0,0.8669806718826294,0.5,0.5,0.550000011920929,0.24008387327194214,,,,,0.1936367774369809,0.0,650.0,0.0,28.0,0.0,ok,plugin,False,,677.3047490825059,537.7869036493187,3.1715206473373696,0.993138332026891,1.8620532109022492,,0.0,0.1936367774369809,0.8063632225630191,0.8063632225630191,False,,,,,,,nonliving26,2,CDANN,PCA64,4.0,0.8165384531021118,0.8165384531021118,0.7692307829856873,0.7500000596046448,splits_nonliving26_CDANN_2_0_b09dc755c62e.npz,b09dc755c62e,False,False,,,,,,,0.8063632225630191,all_pca,PCA64,IW overlap critic | W=5 | seed=0 (plug-in),True,
iw_overlap_critic,5.0,0.0,2600.0,104.0,650.0,28.0,0.8123076923076923,0.0,1.0,15.424545288085938,0.5,0.5,0.5538461208343506,0.24996675550937653,,,,,0.18667401364890465,0.0,650.0,0.0,28.0,0.0,ok,plugin,False,,646.7414133995605,649.6021223997487,1.0920128345205828,0.9913958449490134,1.041827503660088,,0.0,0.18667401364890465,0.8133259863510953,0.8133259863510953,False,,,,,,,nonliving26,3,CDANN,PCA64,4.0,0.822692334651947,0.822692334651947,0.4038461744785309,0.3214285969734192,splits_nonliving26_CDANN_3_0_b09dc755c62e.npz,b09dc755c62e,False,False,,,,,,,0.8133259863510953,all_pca,PCA64,IW overlap critic | W=5 | seed=0 (plug-in),True,
iw_overlap_critic,5.0,0.0,11745.0,35070.0,2938.0,8768.0,0.6388699795779442,0.0,1.0,1.1058056354522705,0.5,0.5,0.5455554127693176,0.24631547927856445,,,,,0.34694005586826276,0.0,2938.0,0.0,8768.0,0.0,ok,plugin,False,,2935.1001315654753,2773.9660915985232,1.8087913820848291,0.9948211810809553,1.4090626000582918,,0.0,0.34694005586826276,0.6530599441317373,0.6530599441317373,False,,,,,,,fmow,1,DANN,PCA64,16.0,0.6519370079040527,0.6519370079040527,0.6103222370147705,0.6077782511711121,splits_fmow_DANN_1_0_b09dc755c62e.npz,b09dc755c62e,False,False,,,,,,,0.6530599441317373,all_pca,PCA64,IW overlap critic | W=5 | seed=0 (plug-in),True,
iw_overlap_critic,5.0,0.0,11745.0,39088.0,2938.0,9774.0,0.6344452008168822,0.0,1.0,1.0715910196304321,0.5,0.5,0.5546911954879761,0.2435484230518341,,,,,0.3676446341840993,0.0,2938.0,0.0,9774.0,0.0,ok,plugin,False,,2929.602189153415,2661.7187580198415,2.2722516037948775,0.9601466501772351,1.5767340289647034,,0.0,0.3676446341840993,0.6323553658159007,0.6323553658159007,False,,,,,,,fmow,2,DANN,PCA64,16.0,0.6504895687103271,0.6504895687103271,0.5482756495475769,0.5545324683189392,splits_fmow_DANN_2_0_b09dc755c62e.npz,b09dc755c62e,False,False,,,,,,,0.6323553658159007,all_pca,PCA64,IW overlap critic | W=5 | seed=0 (plug-in),True,
iw_overlap_critic,5.0,0.0,11745.0,35070.0,2938.0,8768.0,0.6466984343090538,0.0,1.0,1.2916171550750732,0.5,0.5,0.5249029994010925,0.24931854009628296,,,,,0.34415957681398607,0.0,2938.0,0.0,8768.0,0.0,ok,plugin,False,,2922.862338182315,2904.515743470036,1.5286498971933777,0.9814002995683861,1.1938011881501407,,0.0,0.34415957681398607,0.655840423186014,0.655840423186014,False,,,,,,,fmow,1,CDANN,PCA64,4.0,0.6558535695075989,0.6558535695075989,0.605617344379425,0.6010492444038391,splits_fmow_CDANN_1_0_b09dc755c62e.npz,b09dc755c62e,False,False,,,,,,,0.655840423186014,all_pca,PCA64,IW overlap critic | W=5 | seed=0 (plug-in),True,
iw_overlap_critic,5.0,0.0,11745.0,39088.0,2938.0,9774.0,0.6446562287270252,0.0,1.0,1.217383623123169,0.5,0.5,0.5305451154708862,0.24845653772354126,,,,,0.3559641295911213,0.0,2938.0,0.0,9774.0,0.0,ok,plugin,False,,2932.1487145312212,2856.1832271763137,2.347259993749301,0.9808671807459199,1.2703626031116708,,0.0,0.3559641295911213,0.6440358704088787,0.6440358704088787,False,,,,,,,fmow,2,CDANN,PCA64,4.0,0.6548318862915039,0.6548318862915039,0.5420845150947571,0.5445058345794678,splits_fmow_CDANN_2_0_b09dc755c62e.npz,b09dc755c62e,False,False,,,,,,,0.6440358704088787,all_pca,PCA64,IW overlap critic | W=5 | seed=0 (plug-in),True,
iw_overlap_critic,5.0,0.0,731.0,898.0,184.0,227.0,0.9239130434782609,0.0,1.0,8.328080177307129,0.5,0.5,0.5086963176727295,0.2497611939907074,,,,,0.07503485142154054,0.0,184.0,0.0,227.0,0.0,ok,plugin,False,,181.9126269606262,183.26082411910807,1.1855055324897044,0.9879564013029002,1.0976303834413481,,0.0,0.07503485142154054,0.9249651485784595,0.9249651485784595,False,,,,,,,officehome,1,DANN,PCA64,32.0,0.922024667263031,0.922024667263031,0.7193763852119446,0.7268722057342529,splits_officehome_DANN_1_0_b09dc755c62e.npz,b09dc755c62e,False,False,,,,,,,0.9249651485784595,all_pca,PCA64,IW overlap critic | W=5 | seed=0 (plug-in),True,
iw_overlap_critic,5.0,0.0,731.0,893.0,184.0,226.0,0.9021739130434783,0.0,1.0,2.4440267086029053,0.5,0.5,0.5591042041778564,0.24774935841560364,,,,,0.09661986923598873,0.0,184.0,0.0,226.0,0.0,ok,plugin,False,,179.8759710882897,175.67129278826158,1.5931452282586445,0.9512581851788887,1.3928419391406472,,0.0,0.09661986923598873,0.9033801307640112,0.9033801307640112,False,,,,,,,officehome,2,DANN,PCA64,32.0,0.915184736251831,0.915184736251831,0.44904816150665283,0.45132744312286377,splits_officehome_DANN_2_0_b09dc755c62e.npz,b09dc755c62e,False,False,,,,,,,0.9033801307640112,all_pca,PCA64,IW overlap critic | W=5 | seed=0 (plug-in),True,
iw_overlap_critic,5.0,0.0,731.0,507.0,184.0,128.0,0.9130434782608696,0.0,1.0,9.85393238067627,0.5,0.5,0.5213698148727417,0.2494889497756958,,,,,0.08514737011738735,0.0,184.0,0.0,128.0,0.0,ok,plugin,False,,179.5052187893292,182.86872020848816,1.2618681629334165,0.9779805434715756,1.1004425295032714,,0.0,0.08514737011738735,0.9148526298826126,0.9148526298826126,False,,,,,,,officehome,3,DANN,PCA64,32.0,0.9056087732315063,0.9056087732315063,0.5364891290664673,0.5625,splits_officehome_DANN_3_0_b09dc755c62e.npz,b09dc755c62e,False,False,,,,,,,0.9148526298826126,all_pca,PCA64,IW overlap critic | W=5 | seed=0 (plug-in),True,
iw_overlap_critic,5.0,0.0,731.0,898.0,184.0,227.0,0.9130434782608696,0.0,1.0,54.598148345947266,0.5,0.5,0.48006772994995117,0.24999967217445374,,,,,0.08694171330118482,0.0,184.0,0.0,227.0,0.0,ok,plugin,False,,183.94291584653143,183.9969753165282,1.012614403384388,0.9996708464020668,1.0067489107095131,,0.0,0.08694171330118482,0.9130582866988152,0.9130582866988152,False,,,,,,,officehome,1,CDANN,PCA64,4.0,0.9138167500495911,0.9138167500495911,0.730512261390686,0.7488986253738403,splits_officehome_CDANN_1_0_b09dc755c62e.npz,b09dc755c62e,False,False,,,,,,,0.9130582866988152,all_pca,PCA64,IW overlap critic | W=5 | seed=0 (plug-in),True,
iw_overlap_critic,5.0,0.0,731.0,893.0,184.0,226.0,0.8913043478260869,0.0,1.0,1.159893274307251,0.5,0.5,0.5659534931182861,0.24251651763916016,,,,,0.12760004980626627,0.0,184.0,0.0,226.0,0.0,ok,plugin,False,,174.19466759690215,160.26828763154037,2.696828843990654,0.8739112119935861,1.591118317830241,,0.0,0.12760004980626627,0.8723999501937337,0.8723999501937337,False,,,,,,,officehome,2,CDANN,PCA64,4.0,0.9015048146247864,0.9015048146247864,0.4501679837703705,0.45132744312286377,splits_officehome_CDANN_2_0_b09dc755c62e.npz,b09dc755c62e,False,False,,,,,,,0.8723999501937337,all_pca,PCA64,IW overlap critic | W=5 | seed=0 (plug-in),True,
iw_overlap_critic,5.0,0.0,731.0,507.0,184.0,128.0,0.9130434782608696,0.0,1.0,0.5319669842720032,0.5,0.5,0.6693150997161865,0.20426291227340698,212.0,18.0,106.0,12.0,0.1155780701321625,0.0625,177.0,7.0,120.0,8.0,ok,plugin,False,,157.9054913751815,87.22611533648256,4.528501906159024,0.6200676777471616,3.166534095135003,1.0,0.0625,0.17807807013216248,0.8219219298678375,0.8219219298678375,False,22.0,10.0,0.17400085926055908,0.8259991407394409,1.0,"[{'epoch': 0, 'best_score': 0.08779865503311157}, {'epoch': 1, 'best_score': 0.08779865503311157}, {'epoch': 2, 'best_score': 0.08779865503311157}, {'epoch': 3, 'best_score': 0.08779865503311157}, {'epoch': 4, 'best_score': 0.08779865503311157}, {'epoch': 5, 'best_score': 0.08779865503311157}, {'epoch': 6, 'best_score': 0.08779865503311157}, {'epoch': 7, 'best_score': 0.08779865503311157}, {'epoch': 8, 'best_score': 0.09735119342803955}, {'epoch': 9, 'best_score': 0.09735119342803955}, {'epoch': 10, 'best_score': 0.1166069507598877}, {'epoch': 11, 'best_score': 0.1166069507598877}, {'epoch': 12, 'best_score': 0.1166069507598877}, {'epoch': 13, 'best_score': 0.1328100562095642}, {'epoch': 14, 'best_score': 0.1328100562095642}, {'epoch': 15, 'best_score': 0.1328100562095642}, {'epoch': 16, 'best_score': 0.15458202362060547}, {'epoch': 17, 'best_score': 0.15458202362060547}, {'epoch': 18, 'best_score': 0.15458202362060547}, {'epoch': 19, 'best_score': 0.15458202362060547}, {'epoch': 20, 'best_score': 0.15878379344940186}, {'epoch': 21, 'best_score': 0.16293352842330933}, {'epoch': 22, 'best_score': 0.17400085926055908}, {'epoch': 23, 'best_score': 0.17400085926055908}, {'epoch': 24, 'best_score': 0.15168339014053345}, {'epoch': 25, 'best_score': 0.15168339014053345}, {'epoch': 26, 'best_score': 0.15168339014053345}, {'epoch': 27, 'best_score': 0.15168339014053345}, {'epoch': 28, 'best_score': 0.15168339014053345}, {'epoch': 29, 'best_score': 0.15168339014053345}, {'epoch': 30, 'best_score': 0.15168339014053345}, {'epoch': 31, 'best_score': 0.15168339014053345}, {'epoch': 32, 'best_score': 0.15168339014053345}, {'epoch': 33, 'best_score': 0.12256067991256714}, {'epoch': 34, 'best_score': 0.12256067991256714}, {'epoch': 35, 'best_score': 0.12256067991256714}, {'epoch': 36, 'best_score': 0.12256067991256714}, {'epoch': 37, 'best_score': 0.12256067991256714}, {'epoch': 38, 'best_score': 0.12256067991256714}, {'epoch': 39, 'best_score': 0.12256067991256714}, {'epoch': 40, 'best_score': 0.12256067991256714}, {'epoch': 41, 'best_score': 0.12256067991256714}, {'epoch': 42, 'best_score': 0.12256067991256714}, {'epoch': 43, 'best_score': 0.12256067991256714}, {'epoch': 44, 'best_score': 0.12256067991256714}, {'epoch': 45, 'best_score': 0.12256067991256714}, {'epoch': 46, 'best_score': 0.12256067991256714}, {'epoch': 47, 'best_score': 0.10003584623336792}, {'epoch': 48, 'best_score': 0.10003584623336792}, {'epoch': 49, 'best_score': 0.10003584623336792}]",officehome,3,CDANN,PCA64,4.0,0.9138167500495911,0.9138167500495911,0.5364891290664673,0.5546875,splits_officehome_CDANN_3_0_b09dc755c62e.npz,b09dc755c62e,False,False,,,,,,,0.8219219298678375,all_pca,PCA64,IW overlap critic | W=5 | seed=0 (plug-in),True,
iw_overlap_critic,5.0,0.0,24387.0,11083.0,6098.0,2773.0,0.9996720236142997,0.0,1.0,1.1050329208374023,0.5,0.5,0.6452946662902832,0.22184011340141296,7265.0,84.0,3630.0,40.0,0.0001571409733474017,0.02127659574468085,6051.0,47.0,2714.0,59.0,ok,plugin,False,,5842.581969394681,3910.861394101581,4.998488686944865,0.7800578756145787,2.4297315549003393,0.8813559322033898,0.018752253876667867,0.01890939485001527,0.9810906051499847,0.9810906051499847,False,49.0,13.0,0.5843503475189209,0.36564961075782776,0.949999988079071,"[{'epoch': 0, 'best_score': 0.07577288150787354}, {'epoch': 1, 'best_score': 0.07850295305252075}, {'epoch': 2, 'best_score': 0.12153798341751099}, {'epoch': 3, 'best_score': 0.12029719352722168}, {'epoch': 4, 'best_score': 0.11917686462402344}, {'epoch': 5, 'best_score': 0.13006675243377686}, {'epoch': 6, 'best_score': 0.140691339969635}, {'epoch': 7, 'best_score': 0.15324681997299194}, {'epoch': 8, 'best_score': 0.16229486465454102}, {'epoch': 9, 'best_score': 0.17464011907577515}, {'epoch': 10, 'best_score': 0.1941450834274292}, {'epoch': 11, 'best_score': 0.24051916599273682}, {'epoch': 12, 'best_score': 0.25777721405029297}, {'epoch': 13, 'best_score': 0.27354204654693604}, {'epoch': 14, 'best_score': 0.2797853350639343}, {'epoch': 15, 'best_score': 0.259868860244751}, {'epoch': 16, 'best_score': 0.26555055379867554}, {'epoch': 17, 'best_score': 0.2705504298210144}, {'epoch': 18, 'best_score': 0.2727468013763428}, {'epoch': 19, 'best_score': 0.27733075618743896}, {'epoch': 20, 'best_score': 0.2932460904121399}, {'epoch': 21, 'best_score': 0.29340940713882446}, {'epoch': 22, 'best_score': 0.33108770847320557}, {'epoch': 23, 'best_score': 0.31989574432373047}, {'epoch': 24, 'best_score': 0.3372287154197693}, {'epoch': 25, 'best_score': 0.33215898275375366}, {'epoch': 26, 'best_score': 0.34947431087493896}, {'epoch': 27, 'best_score': 0.36639273166656494}, {'epoch': 28, 'best_score': 0.37355494499206543}, {'epoch': 29, 'best_score': 0.3888525366783142}, {'epoch': 30, 'best_score': 0.40870267152786255}, {'epoch': 31, 'best_score': 0.45121216773986816}, {'epoch': 32, 'best_score': 0.4650893211364746}, {'epoch': 33, 'best_score': 0.47550076246261597}, {'epoch': 34, 'best_score': 0.4654199481010437}, {'epoch': 35, 'best_score': 0.4807355999946594}, {'epoch': 36, 'best_score': 0.4881785809993744}, {'epoch': 37, 'best_score': 0.4979768991470337}, {'epoch': 38, 'best_score': 0.5077629685401917}, {'epoch': 39, 'best_score': 0.5186553001403809}, {'epoch': 40, 'best_score': 0.5258044004440308}, {'epoch': 41, 'best_score': 0.555750846862793}, {'epoch': 42, 'best_score': 0.5672129392623901}, {'epoch': 43, 'best_score': 0.5513300895690918}, {'epoch': 44, 'best_score': 0.559731125831604}, {'epoch': 45, 'best_score': 0.5641233921051025}, {'epoch': 46, 'best_score': 0.5694363117218018}, {'epoch': 47, 'best_score': 0.5733964443206787}, {'epoch': 48, 'best_score': 0.5792158246040344}, {'epoch': 49, 'best_score': 0.5843503475189209}]",visda,1,DANN,PCA64,32.0,0.9995489120483398,0.9995489120483398,0.6463051438331604,0.6473133563995361,splits_visda_DANN_1_0_b09dc755c62e.npz,b09dc755c62e,False,False,,,,,,,0.9810906051499847,all_pca,PCA64,IW overlap critic | W=5 | seed=0 (plug-in),True,
iw_overlap_critic,5.0,0.0,24387.0,14480.0,6098.0,3620.0,0.9998360118071499,0.0,1.0,1.0648400783538818,0.5,0.5,0.6437770128250122,0.22209472954273224,7258.0,114.0,3631.0,60.0,6.173339187906178e-05,0.022651933701657457,6065.0,33.0,3538.0,82.0,ok,plugin,False,,5790.1334524154445,4004.8141875930282,4.9760135700030315,0.7760539708923515,2.300319102447777,0.9024390243902439,0.02044198895027624,0.020503722342155303,0.9794962776578447,0.9794962776578447,False,49.0,19.0,0.5930875539779663,0.32357916235923767,0.9166666865348816,"[{'epoch': 0, 'best_score': 0.06430673599243164}, {'epoch': 1, 'best_score': 0.0674547553062439}, {'epoch': 2, 'best_score': 0.06777834892272949}, {'epoch': 3, 'best_score': 0.06635701656341553}, {'epoch': 4, 'best_score': 0.06642729043960571}, {'epoch': 5, 'best_score': 0.09924918413162231}, {'epoch': 6, 'best_score': 0.13221889734268188}, {'epoch': 7, 'best_score': 0.1751861572265625}, {'epoch': 8, 'best_score': 0.18407338857650757}, {'epoch': 9, 'best_score': 0.192804753780365}, {'epoch': 10, 'best_score': 0.19510263204574585}, {'epoch': 11, 'best_score': 0.19985061883926392}, {'epoch': 12, 'best_score': 0.20204782485961914}, {'epoch': 13, 'best_score': 0.20399373769760132}, {'epoch': 14, 'best_score': 0.20978939533233643}, {'epoch': 15, 'best_score': 0.21887069940567017}, {'epoch': 16, 'best_score': 0.22723358869552612}, {'epoch': 17, 'best_score': 0.2181330919265747}, {'epoch': 18, 'best_score': 0.22469735145568848}, {'epoch': 19, 'best_score': 0.22312283515930176}, {'epoch': 20, 'best_score': 0.24908727407455444}, {'epoch': 21, 'best_score': 0.27616745233535767}, {'epoch': 22, 'best_score': 0.3024165630340576}, {'epoch': 23, 'best_score': 0.32625752687454224}, {'epoch': 24, 'best_score': 0.3486667275428772}, {'epoch': 25, 'best_score': 0.36686384677886963}, {'epoch': 26, 'best_score': 0.38447749614715576}, {'epoch': 27, 'best_score': 0.4003092050552368}, {'epoch': 28, 'best_score': 0.4169166684150696}, {'epoch': 29, 'best_score': 0.42617833614349365}, {'epoch': 30, 'best_score': 0.42058032751083374}, {'epoch': 31, 'best_score': 0.4294435977935791}, {'epoch': 32, 'best_score': 0.4409826397895813}, {'epoch': 33, 'best_score': 0.450510174036026}, {'epoch': 34, 'best_score': 0.46149057149887085}, {'epoch': 35, 'best_score': 0.48096829652786255}, {'epoch': 36, 'best_score': 0.48886507749557495}, {'epoch': 37, 'best_score': 0.5026640295982361}, {'epoch': 38, 'best_score': 0.5133616924285889}, {'epoch': 39, 'best_score': 0.5051614046096802}, {'epoch': 40, 'best_score': 0.5150550603866577}, {'epoch': 41, 'best_score': 0.5240627527236938}, {'epoch': 42, 'best_score': 0.5459276437759399}, {'epoch': 43, 'best_score': 0.5516402721405029}, {'epoch': 44, 'best_score': 0.5584145784378052}, {'epoch': 45, 'best_score': 0.5636023879051208}, {'epoch': 46, 'best_score': 0.5689786672592163}, {'epoch': 47, 'best_score': 0.5756163597106934}, {'epoch': 48, 'best_score': 0.5829861164093018}, {'epoch': 49, 'best_score': 0.5930875539779663}]",visda,2,DANN,PCA64,32.0,0.9997539520263672,0.9997539520263672,0.6546961069107056,0.6544198393821716,splits_visda_DANN_2_0_b09dc755c62e.npz,b09dc755c62e,False,False,,,,,,,0.9794962776578447,all_pca,PCA64,IW overlap critic | W=5 | seed=0 (plug-in),True,
iw_overlap_critic,5.0,0.0,24387.0,11083.0,6098.0,2773.0,0.9993440472285995,0.0,1.0,0.898655891418457,0.5,0.5,0.5671564340591431,0.24135282635688782,,,,,0.000637031261306502,0.0,6098.0,0.0,2773.0,0.0,ok,plugin,False,,6155.087705822016,5303.930650701198,3.7750345079569043,1.00903494380213,1.6563426974889466,,0.0,0.000637031261306502,0.9993629687386935,0.9993629687386935,False,,,,,,,visda,1,CDANN,PCA64,4.0,0.9990978837013245,0.9990978837013245,0.6784264445304871,0.6693112254142761,splits_visda_CDANN_1_0_b09dc755c62e.npz,b09dc755c62e,False,False,,,,,,,0.9993629687386935,all_pca,PCA64,IW overlap critic | W=5 | seed=0 (plug-in),True,
iw_overlap_critic,5.0,0.0,24387.0,14480.0,6098.0,3620.0,0.9995080354214496,0.0,1.0,1.015189528465271,0.5,0.5,0.584722638130188,0.2427113950252533,,,,,0.0004944671874052444,0.0,6098.0,0.0,3620.0,0.0,ok,plugin,False,,6107.599107371659,5475.052090209691,2.1305911840161116,0.9633313873457954,1.5901090443334647,,0.0,0.0004944671874052444,0.9995055328125948,0.9995055328125948,False,,,,,,,visda,2,CDANN,PCA64,4.0,0.9995899200439453,0.9995899200439453,0.7107734680175781,0.7140883803367615,splits_visda_CDANN_2_0_b09dc755c62e.npz,b09dc755c62e,False,False,,,,,,,0.9995055328125948,all_pca,PCA64,IW overlap critic | W=5 | seed=0 (plug-in),True,
iw_overlap_critic,5.0,0.0,6500.0,33009.0,1625.0,8255.0,0.904,0.0,1.0,1.0002415180206299,0.5,0.5,0.5261538624763489,0.24911938607692719,,,,,0.1020614479824793,0.0,1625.0,0.0,8255.0,0.0,ok,plugin,False,,1629.653002946045,1603.7784765973506,1.3368455958472198,1.007758693502864,1.1794554323886064,,0.0,0.1020614479824793,0.8979385520175207,0.8979385520175207,False,,,,,,,entity13,1,DANN,PCA128,4.0,0.905846118927002,0.905846118927002,0.7318307161331177,0.7345851063728333,splits_entity13_DANN_1_0_b09dc755c62e.npz,b09dc755c62e,False,False,,,,,,,0.8979385520175207,all_pca,PCA128,IW overlap critic | W=5 | seed=0 (plug-in),True,
iw_overlap_critic,5.0,0.0,6500.0,260.0,1625.0,65.0,0.9101538461538462,0.0,1.0,1.7742382287979126,0.5,0.5,0.5507692098617554,0.2487063705921173,,,,,0.09617915881122664,0.0,1625.0,0.0,65.0,0.0,ok,plugin,False,,1618.3502436743074,1595.0596068118211,1.5562486289175768,0.9940743249404251,1.2178340891359956,,0.0,0.09617915881122664,0.9038208411887734,0.9038208411887734,False,,,,,,,entity13,2,DANN,PCA128,4.0,0.9129230380058289,0.9129230380058289,0.8615384697914124,0.8461538553237915,splits_entity13_DANN_2_0_b09dc755c62e.npz,b09dc755c62e,False,False,,,,,,,0.9038208411887734,all_pca,PCA128,IW overlap critic | W=5 | seed=0 (plug-in),True,
iw_overlap_critic,5.0,0.0,6500.0,260.0,1625.0,65.0,0.9027692307692308,0.0,1.0,0.9099181294441223,0.5,0.5,0.5869231224060059,0.23467762768268585,,,,,0.12888384325827731,0.0,1625.0,0.0,65.0,0.0,ok,plugin,False,,1693.512534743039,1284.3747377767813,4.777224720649478,0.9367404741777348,2.0566987284157654,,0.0,0.12888384325827731,0.8711161567417227,0.8711161567417227,False,,,,,,,entity13,3,DANN,PCA128,4.0,0.907076895236969,0.907076895236969,0.6653845906257629,0.5538461804389954,splits_entity13_DANN_3_0_b09dc755c62e.npz,b09dc755c62e,False,False,,,,,,,0.8711161567417227,all_pca,PCA128,IW overlap critic | W=5 | seed=0 (plug-in),True,
iw_overlap_critic,5.0,0.0,6500.0,33009.0,1625.0,8255.0,0.9132307692307693,0.0,1.0,54.598148345947266,0.5,0.5,0.4826223850250244,0.25000327825546265,,,,,0.08673825360351638,0.0,1625.0,0.0,8255.0,0.0,ok,plugin,False,,1624.8091793992312,1624.9966886302996,1.0041316693110356,0.999862668944216,1.002218930082815,,0.0,0.08673825360351638,0.9132617463964836,0.9132617463964836,False,,,,,,,entity13,1,CDANN,PCA128,2.0,0.9096922874450684,0.9096922874450684,0.7354357838630676,0.7372501492500305,splits_entity13_CDANN_1_0_b09dc755c62e.npz,b09dc755c62e,False,False,,,,,,,0.9132617463964836,all_pca,PCA128,IW overlap critic | W=5 | seed=0 (plug-in),True,
iw_overlap_critic,5.0,0.0,6500.0,260.0,1625.0,65.0,0.9058461538461539,0.0,1.0,54.598148345947266,0.5,0.5,0.431538462638855,0.25006410479545593,,,,,0.09410790029445794,0.0,1625.0,0.0,65.0,0.0,ok,plugin,False,,1624.7928567540553,1624.9930658527478,1.0081001285835371,0.9993251249533899,1.0038516191047564,,0.0,0.09410790029445794,0.9058920997055421,0.9058920997055421,False,,,,,,,entity13,2,CDANN,PCA128,2.0,0.9081538319587708,0.9081538319587708,0.8423076868057251,0.8769230842590332,splits_entity13_CDANN_2_0_b09dc755c62e.npz,b09dc755c62e,False,False,,,,,,,0.9058920997055421,all_pca,PCA128,IW overlap critic | W=5 | seed=0 (plug-in),True,
iw_overlap_critic,5.0,0.0,6500.0,260.0,1625.0,65.0,0.9015384615384615,0.0,1.0,54.598148345947266,0.5,0.5,0.46000000834465027,0.2500145435333252,,,,,0.09843764574426198,0.0,1625.0,0.0,65.0,0.0,ok,plugin,False,,1624.8497243898194,1624.9984670490333,1.0040471020914072,0.9996792950429323,1.0017754632272984,,0.0,0.09843764574426198,0.901562354255738,0.901562354255738,False,,,,,,,entity13,3,CDANN,PCA128,2.0,0.9061538577079773,0.9061538577079773,0.6653845906257629,0.5692307949066162,splits_entity13_CDANN_3_0_b09dc755c62e.npz,b09dc755c62e,False,False,,,,,,,0.901562354255738,all_pca,PCA128,IW overlap critic | W=5 | seed=0 (plug-in),True,
iw_overlap_critic,5.0,0.0,6000.0,30828.0,1500.0,7709.0,0.8426666666666667,0.0,1.0,2.1854004859924316,0.5,0.5,0.513685941696167,0.24984881281852722,,,,,0.15861678133505971,0.0,1500.0,0.0,7709.0,0.0,ok,plugin,False,,1495.6354625364415,1495.7100106248408,1.13602034913624,1.0006332527185928,1.0775509263971013,,0.0,0.15861678133505971,0.8413832186649403,0.8413832186649403,False,,,,,,,entity30,1,DANN,PCA128,4.0,0.8550000190734863,0.8550000190734863,0.6190800070762634,0.6236866116523743,splits_entity30_DANN_1_0_b09dc755c62e.npz,b09dc755c62e,False,False,,,,,,,0.8413832186649403,all_pca,PCA128,IW overlap critic | W=5 | seed=0 (plug-in),True,
iw_overlap_critic,5.0,0.0,6000.0,240.0,1500.0,60.0,0.8606666666666667,0.0,1.0,54.598148345947266,0.5,0.5,0.4491666853427887,0.2501138150691986,,,,,0.13920980252986104,0.0,1500.0,0.0,60.0,0.0,ok,plugin,False,,1499.5347372240822,1499.9820282240962,1.0072316732625881,0.9997299409020883,1.0050617673980855,,0.0,0.13920980252986104,0.860790197470139,0.860790197470139,False,,,,,,,entity30,2,DANN,PCA128,4.0,0.8646666407585144,0.8646666407585144,0.7875000238418579,0.7500000596046448,splits_entity30_DANN_2_0_b09dc755c62e.npz,b09dc755c62e,False,False,,,,,,,0.860790197470139,all_pca,PCA128,IW overlap critic | W=5 | seed=0 (plug-in),True,
iw_overlap_critic,5.0,0.0,6000.0,240.0,1500.0,60.0,0.8553333333333333,0.0,1.0,1.6519205570220947,0.5,0.5,0.4891666769981384,0.24564804136753082,,,,,0.1424350002446711,0.0,1500.0,0.0,60.0,0.0,ok,plugin,False,,1457.0231277088642,1377.573698050195,1.8680364248746641,0.9338714229648318,1.5155672039365553,,0.0,0.1424350002446711,0.857564999755329,0.857564999755329,False,,,,,,,entity30,3,DANN,PCA128,4.0,0.8636666536331177,0.8636666536331177,0.5708333849906921,0.6666666865348816,splits_entity30_DANN_3_0_b09dc755c62e.npz,b09dc755c62e,False,False,,,,,,,0.857564999755329,all_pca,PCA128,IW overlap critic | W=5 | seed=0 (plug-in),True,
iw_overlap_critic,5.0,0.0,6000.0,30828.0,1500.0,7709.0,0.856,0.0,1.0,1.0,0.5,0.5,0.508439302444458,0.24986404180526733,,,,,0.14173062345909263,0.0,1500.0,0.0,7709.0,0.0,ok,plugin,False,,1493.2237108494348,1496.3249734174206,1.1457845093211514,0.9871266295636858,1.0838313495956282,,0.0,0.14173062345909263,0.8582693765409074,0.8582693765409074,False,,,,,,,entity30,1,CDANN,PCA128,2.0,0.8611666560173035,0.8611666560173035,0.627903163433075,0.6345829367637634,splits_entity30_CDANN_1_0_b09dc755c62e.npz,b09dc755c62e,False,False,,,,,,,0.8582693765409074,all_pca,PCA128,IW overlap critic | W=5 | seed=0 (plug-in),True,
iw_overlap_critic,5.0,0.0,6000.0,240.0,1500.0,60.0,0.862,0.0,1.0,54.598148345947266,0.5,0.5,0.4308333396911621,0.25015679001808167,,,,,0.13789180700634457,0.0,1500.0,0.0,60.0,0.0,ok,plugin,False,,1499.6894018968096,1499.9825909390204,1.010287051141523,0.9992388919787834,1.0059116907380055,,0.0,0.13789180700634457,0.8621081929936554,0.8621081929936554,False,,,,,,,entity30,2,CDANN,PCA128,2.0,0.8646666407585144,0.8646666407585144,0.8125000596046448,0.7500000596046448,splits_entity30_CDANN_2_0_b09dc755c62e.npz,b09dc755c62e,False,False,,,,,,,0.8621081929936554,all_pca,PCA128,IW overlap critic | W=5 | seed=0 (plug-in),True,
iw_overlap_critic,5.0,0.0,6000.0,240.0,1500.0,60.0,0.8453333333333333,0.0,1.0,54.598148345947266,0.5,0.5,0.4358333349227905,0.25021082162857056,,,,,0.1543188581194526,0.0,1500.0,0.0,60.0,0.0,ok,plugin,False,,1498.7417435781783,1499.948772427977,1.0165009310567248,0.9981608088746168,1.0100191216665084,,0.0,0.1543188581194526,0.8456811418805474,0.8456811418805474,False,,,,,,,entity30,3,CDANN,PCA128,2.0,0.8573333024978638,0.8573333024978638,0.5625,0.6166666746139526,splits_entity30_CDANN_3_0_b09dc755c62e.npz,b09dc755c62e,False,False,,,,,,,0.8456811418805474,all_pca,PCA128,IW overlap critic | W=5 | seed=0 (plug-in),True,
iw_overlap_critic,5.0,0.0,10000.0,2000.0,2500.0,500.0,0.9452,0.0,1.0,8.773600578308105,0.5,0.5,0.5010000467300415,0.24996860325336456,,,,,0.055304341732032455,0.0,2500.0,0.0,500.0,0.0,ok,plugin,False,,2494.085351309007,2498.5988629669264,1.0746962175583463,0.9971099833264978,1.0378352883971076,,0.0,0.055304341732032455,0.9446956582679675,0.9446956582679675,False,,,,,,,cifar10,1,DANN,PCA128,4.0,0.9508999586105347,0.9508999586105347,0.8440000414848328,0.8360000252723694,splits_cifar10_DANN_1_0_b09dc755c62e.npz,b09dc755c62e,False,False,,,,,,,0.9446956582679675,all_pca,PCA128,IW overlap critic | W=5 | seed=0 (plug-in),True,
iw_overlap_critic,5.0,0.0,10000.0,2000.0,2500.0,500.0,0.946,0.0,1.0,3.8162033557891846,0.5,0.5,0.4950000047683716,0.24990969896316528,,,,,0.05481815220204602,0.0,2500.0,0.0,500.0,0.0,ok,plugin,False,,2493.690610670148,2496.0553290372086,1.1452098261106611,0.9949934491971946,1.0662846595973205,,0.0,0.05481815220204602,0.945181847797954,0.945181847797954,False,,,,,,,cifar10,10,DANN,PCA128,4.0,0.9477999806404114,0.9477999806404114,0.924500048160553,0.9120000600814819,splits_cifar10_DANN_10_0_b09dc755c62e.npz,b09dc755c62e,False,False,,,,,,,0.945181847797954,all_pca,PCA128,IW overlap critic | W=5 | seed=0 (plug-in),True,
iw_overlap_critic,5.0,0.0,10000.0,2000.0,2500.0,500.0,0.9452,0.0,1.0,1.2220265865325928,0.5,0.5,0.5364999771118164,0.2490946352481842,,,,,0.058370964490673825,0.0,2500.0,0.0,500.0,0.0,ok,plugin,False,,2488.2262462473896,2463.339949256403,1.5045438908095843,0.9827008789755763,1.211277550028137,,0.0,0.058370964490673825,0.9416290355093262,0.9416290355093262,False,,,,,,,cifar10,71,DANN,PCA128,4.0,0.9487999677658081,0.9487999677658081,0.9305000305175781,0.9180000424385071,splits_cifar10_DANN_71_0_b09dc755c62e.npz,b09dc755c62e,False,False,,,,,,,0.9416290355093262,all_pca,PCA128,IW overlap critic | W=5 | seed=0 (plug-in),True,
iw_overlap_critic,5.0,0.0,10000.0,2000.0,2500.0,500.0,0.9528,0.0,1.0,54.598148345947266,0.5,0.5,0.5164999961853027,0.2500000596046448,,,,,0.04722235183991869,0.0,2500.0,0.0,500.0,0.0,ok,plugin,False,,2499.7740394690973,2499.990762295448,1.0060555024102642,0.9997951087323678,1.0031677043420386,,0.0,0.04722235183991869,0.9527776481600813,0.9527776481600813,False,,,,,,,cifar10,95,DANN,PCA128,4.0,0.9515999555587769,0.9515999555587769,0.9390000700950623,0.9360000491142273,splits_cifar10_DANN_95_0_b09dc755c62e.npz,b09dc755c62e,False,False,,,,,,,0.9527776481600813,all_pca,PCA128,IW overlap critic | W=5 | seed=0 (plug-in),True,
iw_overlap_critic,5.0,0.0,10000.0,2000.0,2500.0,500.0,0.9476,0.0,1.0,0.17014363408088684,0.5,0.5,0.5245000123977661,0.24869242310523987,,,,,0.05308069396822106,0.0,2500.0,0.0,500.0,0.0,ok,plugin,False,,2442.0107349066852,2447.5605210825292,1.414253400991676,0.9695991872977334,1.225940680059772,,0.0,0.05308069396822106,0.946919306031779,0.946919306031779,False,,,,,,,cifar10,1,CDANN,PCA128,2.0,0.949999988079071,0.949999988079071,0.846500039100647,0.8440000414848328,splits_cifar10_CDANN_1_0_b09dc755c62e.npz,b09dc755c62e,False,False,,,,,,,0.946919306031779,all_pca,PCA128,IW overlap critic | W=5 | seed=0 (plug-in),True,
iw_overlap_critic,5.0,0.0,10000.0,2000.0,2500.0,500.0,0.9468,0.0,1.0,0.4962989389896393,0.5,0.5,0.5364999771118164,0.24799585342407227,,,,,0.05717262371477545,0.0,2500.0,0.0,500.0,0.0,ok,plugin,False,,2487.1918348135,2412.088124866482,2.0190277479236243,0.9680074647789221,1.347805221142477,,0.0,0.05717262371477545,0.9428273762852245,0.9428273762852245,False,,,,,,,cifar10,10,CDANN,PCA128,2.0,0.948699951171875,0.948699951171875,0.9160000681877136,0.9120000600814819,splits_cifar10_CDANN_10_0_b09dc755c62e.npz,b09dc755c62e,False,False,,,,,,,0.9428273762852245,all_pca,PCA128,IW overlap critic | W=5 | seed=0 (plug-in),True,
iw_overlap_critic,5.0,0.0,10000.0,2000.0,2500.0,500.0,0.9492,0.0,1.0,0.6242096424102783,0.5,0.5,0.5685000419616699,0.24514725804328918,,,,,0.06169343269811991,0.0,2500.0,0.0,500.0,0.0,ok,plugin,False,,2510.0809289039234,2286.8450673673055,3.3564832343222517,0.9480419364542501,1.5821488618903112,,0.0,0.06169343269811991,0.9383065673018801,0.9383065673018801,False,,,,,,,cifar10,71,CDANN,PCA128,2.0,0.9511999487876892,0.9511999487876892,0.9280000329017639,0.9040000438690186,splits_cifar10_CDANN_71_0_b09dc755c62e.npz,b09dc755c62e,False,False,,,,,,,0.9383065673018801,all_pca,PCA128,IW overlap critic | W=5 | seed=0 (plug-in),True,
iw_overlap_critic,5.0,0.0,10000.0,2000.0,2500.0,500.0,0.9516,0.0,1.0,0.7907668352127075,0.5,0.5,0.531000018119812,0.24773964285850525,,,,,0.05094305906079633,0.0,2500.0,0.0,500.0,0.0,ok,plugin,False,,2488.347347409076,2410.6658683568353,1.8820925983768675,0.9739097849315654,1.3333526002265257,,0.0,0.05094305906079633,0.9490569409392037,0.9490569409392037,False,,,,,,,cifar10,95,CDANN,PCA128,2.0,0.9526000022888184,0.9526000022888184,0.9355000257492065,0.9260000586509705,splits_cifar10_CDANN_95_0_b09dc755c62e.npz,b09dc755c62e,False,False,,,,,,,0.9490569409392037,all_pca,PCA128,IW overlap critic | W=5 | seed=0 (plug-in),True,
iw_overlap_critic,5.0,0.0,10000.0,2000.0,2500.0,500.0,0.758,0.0,1.0,54.598148345947266,0.5,0.5,0.4650000333786011,0.25001969933509827,,,,,0.2419982576682104,0.0,2500.0,0.0,500.0,0.0,ok,plugin,False,,2499.7532344260535,2499.988574872757,1.0065488240017049,0.9996886078407687,1.0036541956843361,,0.0,0.2419982576682104,0.7580017423317896,0.7580017423317896,False,,,,,,,cifar100,4,DANN,PCA128,4.0,0.7841999530792236,0.7841999530792236,0.7440000176429749,0.7760000228881836,splits_cifar100_DANN_4_0_b09dc755c62e.npz,b09dc755c62e,False,True,,,,,,,0.7580017423317896,all_pca,PCA128,IW overlap critic | W=5 | seed=0 (plug-in),True,
iw_overlap_critic,5.0,0.0,10000.0,2000.0,2500.0,500.0,0.76,0.0,1.0,54.598148345947266,0.5,0.5,0.4865000247955322,0.25001460313796997,,,,,0.239999882682108,0.0,2500.0,0.0,500.0,0.0,ok,plugin,False,,2499.8483419123268,2499.985395305856,1.0071521583076815,0.9995257065804695,1.0046078642965648,,0.0,0.239999882682108,0.760000117317892,0.760000117317892,False,,,,,,,cifar100,12,DANN,PCA128,4.0,0.7831999659538269,0.7831999659538269,0.7545000314712524,0.7860000133514404,splits_cifar100_DANN_12_0_b09dc755c62e.npz,b09dc755c62e,False,True,,,,,,,0.760000117317892,all_pca,PCA128,IW overlap critic | W=5 | seed=0 (plug-in),True,
iw_overlap_critic,5.0,0.0,10000.0,2000.0,2500.0,500.0,0.7596,0.0,1.0,54.598148345947266,0.5,0.5,0.47699999809265137,0.2500078082084656,,,,,0.24037039917408592,0.0,2500.0,0.0,500.0,0.0,ok,plugin,False,,2499.7801583458477,2499.988640048404,1.0055725611044706,0.9996143867266732,1.0038646078134987,,0.0,0.24037039917408592,0.759629600825914,0.759629600825914,False,,,,,,,cifar100,59,DANN,PCA128,4.0,0.7841999530792236,0.7841999530792236,0.7585000395774841,0.7720000147819519,splits_cifar100_DANN_59_0_b09dc755c62e.npz,b09dc755c62e,False,True,,,,,,,0.759629600825914,all_pca,PCA128,IW overlap critic | W=5 | seed=0 (plug-in),True,
iw_overlap_critic,5.0,0.0,10000.0,2000.0,2500.0,500.0,0.764,0.0,1.0,54.598148345947266,0.5,0.5,0.49150002002716064,0.25001275539398193,,,,,0.2359316635207103,0.0,2500.0,0.0,500.0,0.0,ok,plugin,False,,2499.73099564906,2499.9867195910497,1.0059094292708177,0.9997488903489808,1.0039350431797103,,0.0,0.2359316635207103,0.7640683364792897,0.7640683364792897,False,,,,,,,cifar100,82,DANN,PCA128,4.0,0.7861999869346619,0.7861999869346619,0.7695000171661377,0.7700000405311584,splits_cifar100_DANN_82_0_b09dc755c62e.npz,b09dc755c62e,True,True,,,,,,,0.7640683364792897,all_pca,PCA128,IW overlap critic | W=5 | seed=0 (plug-in),True,
iw_overlap_critic,5.0,0.0,10000.0,2000.0,2500.0,500.0,0.762,0.0,1.0,54.598148345947266,0.5,0.5,0.47350001335144043,0.2500128746032715,,,,,0.23791774453108974,0.0,2500.0,0.0,500.0,0.0,ok,plugin,False,,2499.5213553092535,2499.9918473738035,1.0049697654747418,0.999775081946424,1.0027703603608542,,0.0,0.23791774453108974,0.7620822554689103,0.7620822554689103,False,,,,,,,cifar100,4,CDANN,PCA128,2.0,0.7849999666213989,0.7849999666213989,0.7275000214576721,0.7480000257492065,splits_cifar100_CDANN_4_0_b09dc755c62e.npz,b09dc755c62e,False,False,,,,,,,0.7620822554689103,all_pca,PCA128,IW overlap critic | W=5 | seed=0 (plug-in),True,
iw_overlap_critic,5.0,0.0,10000.0,2000.0,2500.0,500.0,0.766,0.0,1.0,54.598148345947266,0.5,0.5,0.4555000066757202,0.25001126527786255,,,,,0.23394834606631215,0.0,2500.0,0.0,500.0,0.0,ok,plugin,False,,2499.7695474120897,2499.9965476571324,1.0025935233010632,1.0001118655132308,1.0015951618466232,,0.0,0.23394834606631215,0.7660516539336879,0.7660516539336879,False,,,,,,,cifar100,12,CDANN,PCA128,2.0,0.7858999967575073,0.7858999967575073,0.7480000257492065,0.7680000066757202,splits_cifar100_CDANN_12_0_b09dc755c62e.npz,b09dc755c62e,False,True,,,,,,,0.7660516539336879,all_pca,PCA128,IW overlap critic | W=5 | seed=0 (plug-in),True,
iw_overlap_critic,5.0,0.0,10000.0,2000.0,2500.0,500.0,0.7664,0.0,1.0,54.598148345947266,0.5,0.5,0.4820000231266022,0.2500077486038208,,,,,0.23353483414116719,0.0,2500.0,0.0,500.0,0.0,ok,plugin,False,,2499.7055347397572,2499.9966039572405,1.0030164165200173,0.9998415518807418,1.0018141114374504,,0.0,0.23353483414116719,0.7664651658588328,0.7664651658588328,False,,,,,,,cifar100,59,CDANN,PCA128,2.0,0.7870000004768372,0.7870000004768372,0.7580000162124634,0.7920000553131104,splits_cifar100_CDANN_59_0_b09dc755c62e.npz,b09dc755c62e,False,True,,,,,,,0.7664651658588328,all_pca,PCA128,IW overlap critic | W=5 | seed=0 (plug-in),True,
iw_overlap_critic,5.0,0.0,10000.0,2000.0,2500.0,500.0,0.7652,0.0,1.0,54.598148345947266,0.5,0.5,0.47699999809265137,0.2500116527080536,,,,,0.2347123461502757,0.0,2500.0,0.0,500.0,0.0,ok,plugin,False,,2499.697415029496,2499.9921780480427,1.004077748575366,1.000238077137506,1.0023784455234221,,0.0,0.2347123461502757,0.7652876538497243,0.7652876538497243,False,,,,,,,cifar100,82,CDANN,PCA128,2.0,0.7872999906539917,0.7872999906539917,0.7635000348091125,0.7720000147819519,splits_cifar100_CDANN_82_0_b09dc755c62e.npz,b09dc755c62e,False,True,,,,,,,0.7652876538497243,all_pca,PCA128,IW overlap critic | W=5 | seed=0 (plug-in),True,
iw_overlap_critic,5.0,0.0,28152.0,9910.0,7040.0,2478.0,0.803125,0.0,1.0,1.1119482517242432,0.5,0.5,0.5655994415283203,0.2446473389863968,,,,,0.2000227925176506,0.0,7040.0,0.0,2478.0,0.0,ok,plugin,False,,7035.706812643477,6479.991492684471,3.0501003905329966,0.9642902545208591,1.5401247523100483,,0.0,0.2000227925176506,0.7999772074823495,0.7999772074823495,False,,,,,,,domainnet,1,DANN,PCA128,16.0,0.8072605729103088,0.8072605729103088,0.465893030166626,0.47497981786727905,splits_domainnet_DANN_1_0_b09dc755c62e.npz,b09dc755c62e,False,False,,,,,,,0.7999772074823495,all_pca,PCA128,IW overlap critic | W=5 | seed=0 (plug-in),True,
iw_overlap_critic,5.0,0.0,28152.0,14207.0,7040.0,3553.0,0.8038352272727273,0.0,1.0,1.0876469612121582,0.5,0.5,0.5871150493621826,0.23883157968521118,8445.0,2.0,4222.0,1.0,0.21557733487579855,0.0014072614691809737,7040.0,0.0,3548.0,5.0,ok,plugin,False,,6940.206097203244,5966.123944072969,4.387485668925109,0.9115107362297499,1.7679101032531928,1.0,0.0014072614691809737,0.21698459634497952,0.7830154036550205,0.7830154036550205,False,49.0,1.0,0.16586989164352417,0.8341301083564758,1.0,"[{'epoch': 0, 'best_score': 0.007825732231140137}, {'epoch': 1, 'best_score': 0.009379386901855469}, {'epoch': 2, 'best_score': 0.009379088878631592}, {'epoch': 3, 'best_score': 0.009930312633514404}, {'epoch': 4, 'best_score': 0.011223852634429932}, {'epoch': 5, 'best_score': 0.011643648147583008}, {'epoch': 6, 'best_score': 0.011897802352905273}, {'epoch': 7, 'best_score': 0.014037549495697021}, {'epoch': 8, 'best_score': 0.015045464038848877}, {'epoch': 9, 'best_score': 0.01628631353378296}, {'epoch': 10, 'best_score': 0.01705622673034668}, {'epoch': 11, 'best_score': 0.01761448383331299}, {'epoch': 12, 'best_score': 0.018499553203582764}, {'epoch': 13, 'best_score': 0.01913630962371826}, {'epoch': 14, 'best_score': 0.022056162357330322}, {'epoch': 15, 'best_score': 0.02220863103866577}, {'epoch': 16, 'best_score': 0.023650288581848145}, {'epoch': 17, 'best_score': 0.02685779333114624}, {'epoch': 18, 'best_score': 0.02859562635421753}, {'epoch': 19, 'best_score': 0.031978487968444824}, {'epoch': 20, 'best_score': 0.034927189350128174}, {'epoch': 21, 'best_score': 0.037428081035614014}, {'epoch': 22, 'best_score': 0.04185968637466431}, {'epoch': 23, 'best_score': 0.04644197225570679}, {'epoch': 24, 'best_score': 0.051951050758361816}, {'epoch': 25, 'best_score': 0.05814462900161743}, {'epoch': 26, 'best_score': 0.06108611822128296}, {'epoch': 27, 'best_score': 0.06339240074157715}, {'epoch': 28, 'best_score': 0.06860148906707764}, {'epoch': 29, 'best_score': 0.07260620594024658}, {'epoch': 30, 'best_score': 0.07730621099472046}, {'epoch': 31, 'best_score': 0.08517205715179443}, {'epoch': 32, 'best_score': 0.0893104076385498}, {'epoch': 33, 'best_score': 0.09368818998336792}, {'epoch': 34, 'best_score': 0.09686446189880371}, {'epoch': 35, 'best_score': 0.10184919834136963}, {'epoch': 36, 'best_score': 0.10666978359222412}, {'epoch': 37, 'best_score': 0.1111413836479187}, {'epoch': 38, 'best_score': 0.11618494987487793}, {'epoch': 39, 'best_score': 0.12095248699188232}, {'epoch': 40, 'best_score': 0.12553220987319946}, {'epoch': 41, 'best_score': 0.13035672903060913}, {'epoch': 42, 'best_score': 0.13504159450531006}, {'epoch': 43, 'best_score': 0.13843518495559692}, {'epoch': 44, 'best_score': 0.14325153827667236}, {'epoch': 45, 'best_score': 0.14800721406936646}, {'epoch': 46, 'best_score': 0.1497822403907776}, {'epoch': 47, 'best_score': 0.15502923727035522}, {'epoch': 48, 'best_score': 0.16176778078079224}, {'epoch': 49, 'best_score': 0.16586989164352417}]",domainnet,2,DANN,PCA128,16.0,0.8101378083229065,0.8101378083229065,0.38572534918785095,0.38727834820747375,splits_domainnet_DANN_2_0_b09dc755c62e.npz,b09dc755c62e,False,False,,,,,,,0.7830154036550205,all_pca,PCA128,IW overlap critic | W=5 | seed=0 (plug-in),True,
iw_overlap_critic,5.0,0.0,28152.0,15295.0,7040.0,3825.0,0.8072443181818182,0.0,1.0,1.0,0.5,0.5,0.5511423349380493,0.24669042229652405,,,,,0.18972677762904308,0.0,7040.0,0.0,3825.0,0.0,ok,plugin,False,,7044.757295993491,6696.5683224159975,2.5109929133823137,0.9755584805550693,1.404507611736409,,0.0,0.18972677762904308,0.8102732223709569,0.8102732223709569,False,,,,,,,domainnet,3,DANN,PCA128,16.0,0.8096050024032593,0.8096050024032593,0.4719189405441284,0.46562090516090393,splits_domainnet_DANN_3_0_b09dc755c62e.npz,b09dc755c62e,False,False,,,,,,,0.8102732223709569,all_pca,PCA128,IW overlap critic | W=5 | seed=0 (plug-in),True,
iw_overlap_critic,5.0,0.0,28152.0,9910.0,7040.0,2478.0,0.8025568181818181,0.0,1.0,0.6891694664955139,0.5,0.5,0.5518583655357361,0.2476402223110199,,,,,0.2122995765047314,0.0,7040.0,0.0,2478.0,0.0,ok,plugin,False,,7058.6774763761005,6772.732428446517,1.7363429493586948,0.9912437517164989,1.3519304301570783,,0.0,0.2122995765047314,0.7877004234952686,0.7877004234952686,False,,,,,,,domainnet,1,CDANN,PCA128,2.0,0.8055910468101501,0.8055910468101501,0.5121089816093445,0.5205811262130737,splits_domainnet_CDANN_1_0_b09dc755c62e.npz,b09dc755c62e,False,False,,,,,,,0.7877004234952686,all_pca,PCA128,IW overlap critic | W=5 | seed=0 (plug-in),True,
iw_overlap_critic,5.0,0.0,28152.0,14207.0,7040.0,3553.0,0.8004261363636364,0.0,1.0,1.2327624559402466,0.5,0.5,0.5317138433456421,0.24842125177383423,,,,,0.206050522711962,0.0,7040.0,0.0,3553.0,0.0,ok,plugin,False,,7004.627348743973,6866.134741231943,1.6262437613478662,0.9893027245585254,1.265262707350922,,0.0,0.206050522711962,0.793949477288038,0.793949477288038,False,,,,,,,domainnet,2,CDANN,PCA128,2.0,0.8071539998054504,0.8071539998054504,0.42063772678375244,0.4218969941139221,splits_domainnet_CDANN_2_0_b09dc755c62e.npz,b09dc755c62e,False,False,,,,,,,0.793949477288038,all_pca,PCA128,IW overlap critic | W=5 | seed=0 (plug-in),True,
iw_overlap_critic,5.0,0.0,28152.0,15295.0,7040.0,3825.0,0.8063920454545455,0.0,1.0,0.9625664353370667,0.5,0.5,0.5416542291641235,0.24739854037761688,,,,,0.18282324457548627,0.0,7040.0,0.0,3825.0,0.0,ok,plugin,False,,7014.90688596928,6748.061105303125,2.210682046166954,0.9649361185242145,1.3797053571659528,,0.0,0.18282324457548627,0.8171767554245137,0.8171767554245137,False,,,,,,,domainnet,3,CDANN,PCA128,2.0,0.8074381947517395,0.8074381947517395,0.49369075894355774,0.48549020290374756,splits_domainnet_CDANN_3_0_b09dc755c62e.npz,b09dc755c62e,False,False,,,,,,,0.8171767554245137,all_pca,PCA128,IW overlap critic | W=5 | seed=0 (plug-in),True,
iw_overlap_critic,5.0,0.0,1700.0,8804.0,425.0,2203.0,0.8658823529411764,0.0,1.0,1.0323028564453125,0.5,0.5,0.5282753705978394,0.24553291499614716,,,,,0.15749729598747456,0.0,425.0,0.0,2203.0,0.0,ok,plugin,False,,445.28547901706133,394.75054805138535,2.0905206226552426,1.02140772136177,1.558901892266076,,0.0,0.15749729598747456,0.8425027040125255,0.8425027040125255,False,,,,,,,living17,1,DANN,PCA128,4.0,0.8994117379188538,0.8994117379188538,0.6758291721343994,0.6876986026763916,splits_living17_DANN_1_0_b09dc755c62e.npz,b09dc755c62e,False,False,,,,,,,0.8425027040125255,all_pca,PCA128,IW overlap critic | W=5 | seed=0 (plug-in),True,
iw_overlap_critic,5.0,0.0,1700.0,68.0,425.0,19.0,0.8823529411764706,0.0,1.0,5.29210901260376,0.5,0.5,0.365686297416687,0.24925261735916138,,,,,0.11506834301673828,0.0,425.0,0.0,19.0,0.0,ok,plugin,False,,406.7014308645402,417.14421277932587,1.2954476205578738,0.9670242257909241,1.163707299182002,,0.0,0.11506834301673828,0.8849316569832617,0.8849316569832617,False,,,,,,,living17,2,DANN,PCA128,4.0,0.9094117283821106,0.9094117283821106,0.8970588445663452,0.8421052694320679,splits_living17_DANN_2_0_b09dc755c62e.npz,b09dc755c62e,True,False,,,,,,,0.8849316569832617,all_pca,PCA128,IW overlap critic | W=5 | seed=0 (plug-in),True,
iw_overlap_critic,5.0,0.0,1700.0,68.0,425.0,19.0,0.8894117647058823,0.0,1.0,0.7791537046432495,0.5,0.5,0.6421568393707275,0.22426238656044006,,,,,0.14929496873507275,0.0,422.0,3.0,19.0,0.0,ok,plugin,False,,452.8790405976408,270.4376842956006,4.913030349150753,0.8481905999112932,2.639212184036402,,0.0,0.14929496873507275,0.8507050312649272,0.8507050312649272,False,,,,,,,living17,3,DANN,PCA128,4.0,0.9052940607070923,0.9052940607070923,0.5882353186607361,0.6842105388641357,splits_living17_DANN_3_0_b09dc755c62e.npz,b09dc755c62e,False,False,,,,,,,0.8507050312649272,all_pca,PCA128,IW overlap critic | W=5 | seed=0 (plug-in),True,
iw_overlap_critic,5.0,0.0,1700.0,8804.0,425.0,2203.0,0.8894117647058823,0.0,1.0,3.381359338760376,0.5,0.5,0.5031751394271851,0.24997413158416748,,,,,0.11021776086154636,0.0,425.0,0.0,2203.0,0.0,ok,plugin,False,,424.2417371209449,424.81442032556714,1.0633047410187475,0.9985958587265052,1.0310387763651876,,0.0,0.11021776086154636,0.8897822391384537,0.8897822391384537,False,,,,,,,living17,1,CDANN,PCA128,2.0,0.9052940607070923,0.9052940607070923,0.6863925457000732,0.6981388926506042,splits_living17_CDANN_1_0_b09dc755c62e.npz,b09dc755c62e,False,False,,,,,,,0.8897822391384537,all_pca,PCA128,IW overlap critic | W=5 | seed=0 (plug-in),True,
iw_overlap_critic,5.0,0.0,1700.0,68.0,425.0,19.0,0.8917647058823529,0.0,1.0,54.598148345947266,0.5,0.5,0.3921568691730499,0.25054699182510376,,,,,0.10781441220128059,0.0,425.0,0.0,19.0,0.0,ok,plugin,False,,423.7628750481392,424.9610318689123,1.0374296693238143,0.9951100724959447,1.0153753390414495,,0.0,0.10781441220128059,0.8921855877987194,0.8921855877987194,False,,,,,,,living17,2,CDANN,PCA128,2.0,0.9094117283821106,0.9094117283821106,0.8676470518112183,0.8421052694320679,splits_living17_CDANN_2_0_b09dc755c62e.npz,b09dc755c62e,False,False,,,,,,,0.8921855877987194,all_pca,PCA128,IW overlap critic | W=5 | seed=0 (plug-in),True,
iw_overlap_critic,5.0,0.0,1700.0,68.0,425.0,19.0,0.8823529411764706,0.0,1.0,54.598148345947266,0.5,0.5,0.5205882787704468,0.250085711479187,,,,,0.11740876817003837,0.0,425.0,0.0,19.0,0.0,ok,plugin,False,,424.59947329853765,424.9844419830816,1.0154443064576182,0.9999925058680715,1.0092531166089,,0.0,0.11740876817003837,0.8825912318299616,0.8825912318299616,False,,,,,,,living17,3,CDANN,PCA128,2.0,0.9052940607070923,0.9052940607070923,0.5588235259056091,0.6315789222717285,splits_living17_CDANN_3_0_b09dc755c62e.npz,b09dc755c62e,False,False,,,,,,,0.8825912318299616,all_pca,PCA128,IW overlap critic | W=5 | seed=0 (plug-in),True,
iw_overlap_critic,5.0,0.0,2600.0,13282.0,650.0,3322.0,0.8046153846153846,0.0,1.0,1.9690885543823242,0.5,0.5,0.49713271856307983,0.24958716332912445,,,,,0.1972602938703295,0.0,650.0,0.0,3322.0,0.0,ok,plugin,False,,648.5426592978627,645.0665521173554,1.249949314084321,1.0032767661864694,1.124830071206947,,0.0,0.1972602938703295,0.8027397061296705,0.8027397061296705,False,,,,,,,nonliving26,1,DANN,PCA128,4.0,0.8126922845840454,0.8126922845840454,0.5122722387313843,0.5192654728889465,splits_nonliving26_DANN_1_0_b09dc755c62e.npz,b09dc755c62e,False,False,,,,,,,0.8027397061296705,all_pca,PCA128,IW overlap critic | W=5 | seed=0 (plug-in),True,
iw_overlap_critic,5.0,0.0,2600.0,104.0,650.0,28.0,0.8292307692307692,0.0,1.0,2.056173801422119,0.5,0.5,0.5038461685180664,0.24848878383636475,,,,,0.16331462903289595,0.0,650.0,0.0,28.0,0.0,ok,plugin,False,,634.4970625010731,631.9314507267043,1.4809161767440524,0.9552490788374774,1.2908708837898013,,0.0,0.16331462903289595,0.836685370967104,0.836685370967104,False,,,,,,,nonliving26,2,DANN,PCA128,4.0,0.8176922798156738,0.8176922798156738,0.75,0.7142857313156128,splits_nonliving26_DANN_2_0_b09dc755c62e.npz,b09dc755c62e,False,False,,,,,,,0.836685370967104,all_pca,PCA128,IW overlap critic | W=5 | seed=0 (plug-in),True,
iw_overlap_critic,5.0,0.0,2600.0,104.0,650.0,28.0,0.8246153846153846,0.0,1.0,54.598148345947266,0.5,0.5,0.45384615659713745,0.2504560649394989,,,,,0.175432723692053,0.0,650.0,0.0,28.0,0.0,ok,plugin,False,,646.6299818629011,649.8190058792552,1.042962857413489,0.9959901388895536,1.0202642003915086,,0.0,0.175432723692053,0.824567276307947,0.824567276307947,False,,,,,,,nonliving26,3,DANN,PCA128,4.0,0.8146153688430786,0.8146153688430786,0.4038461744785309,0.3214285969734192,splits_nonliving26_DANN_3_0_b09dc755c62e.npz,b09dc755c62e,False,False,,,,,,,0.824567276307947,all_pca,PCA128,IW overlap critic | W=5 | seed=0 (plug-in),True,
iw_overlap_critic,5.0,0.0,2600.0,13282.0,650.0,3322.0,0.8169230769230769,0.0,1.0,1.0000653266906738,0.5,0.5,0.5055549144744873,0.2500247359275818,,,,,0.18213747936061045,0.0,650.0,0.0,3322.0,0.0,ok,plugin,False,,646.6012394580421,649.9411667340125,1.0260021100241716,0.9935716411345465,1.0130455898469846,,0.0,0.18213747936061045,0.8178625206393896,0.8178625206393896,False,,,,,,,nonliving26,1,CDANN,PCA128,2.0,0.8176922798156738,0.8176922798156738,0.5332028269767761,0.5352197289466858,splits_nonliving26_CDANN_1_0_b09dc755c62e.npz,b09dc755c62e,False,False,,,,,,,0.8178625206393896,all_pca,PCA128,IW overlap critic | W=5 | seed=0 (plug-in),True,
iw_overlap_critic,5.0,0.0,2600.0,104.0,650.0,28.0,0.8138461538461539,0.0,1.0,0.7672011852264404,0.5,0.5,0.5153846144676208,0.24115991592407227,,,,,0.1905644441565707,0.0,649.0,1.0,28.0,0.0,ok,plugin,False,,676.5591044967817,542.8561554742244,4.09318751649636,1.0466354663101571,1.726044971553663,,0.0,0.1905644441565707,0.8094355558434293,0.8094355558434293,False,,,,,,,nonliving26,2,CDANN,PCA128,2.0,0.8165384531021118,0.8165384531021118,0.7692307829856873,0.7500000596046448,splits_nonliving26_CDANN_2_0_b09dc755c62e.npz,b09dc755c62e,False,False,,,,,,,0.8094355558434293,all_pca,PCA128,IW overlap critic | W=5 | seed=0 (plug-in),True,
iw_overlap_critic,5.0,0.0,2600.0,104.0,650.0,28.0,0.8123076923076923,0.0,1.0,54.598148345947266,0.5,0.5,0.5288461446762085,0.25011977553367615,,,,,0.1875481046434755,0.0,650.0,0.0,28.0,0.0,ok,plugin,False,,649.7177049601105,649.9940103151887,1.0125794468694345,0.998990199260781,1.0054940439763553,,0.0,0.1875481046434755,0.8124518953565245,0.8124518953565245,False,,,,,,,nonliving26,3,CDANN,PCA128,2.0,0.822692334651947,0.822692334651947,0.4038461744785309,0.3214285969734192,splits_nonliving26_CDANN_3_0_b09dc755c62e.npz,b09dc755c62e,False,False,,,,,,,0.8124518953565245,all_pca,PCA128,IW overlap critic | W=5 | seed=0 (plug-in),True,
iw_overlap_critic,5.0,0.0,11745.0,35070.0,2938.0,8768.0,0.6388699795779442,0.0,1.0,0.9999217987060547,0.5,0.5,0.5509476065635681,0.2465563714504242,,,,,0.3444625651304456,0.0,2938.0,0.0,8768.0,0.0,ok,plugin,False,,2926.641730805637,2789.120642268355,1.8138259048046113,1.0047564762091836,1.3643387231051483,,0.0,0.3444625651304456,0.6555374348695544,0.6555374348695544,False,,,,,,,fmow,1,DANN,PCA128,8.0,0.6519370079040527,0.6519370079040527,0.6103222370147705,0.6077782511711121,splits_fmow_DANN_1_0_b09dc755c62e.npz,b09dc755c62e,False,False,,,,,,,0.6555374348695544,all_pca,PCA128,IW overlap critic | W=5 | seed=0 (plug-in),True,
iw_overlap_critic,5.0,0.0,11745.0,39088.0,2938.0,9774.0,0.6344452008168822,0.0,1.0,0.9665533900260925,0.5,0.5,0.5776947736740112,0.24428842961788177,,,,,0.36272849947161556,0.0,2938.0,0.0,9774.0,0.0,ok,plugin,False,,2941.7790941542303,2682.21790971238,2.3646689652174455,0.9645375730916865,1.586963648469238,,0.0,0.36272849947161556,0.6372715005283844,0.6372715005283844,False,,,,,,,fmow,2,DANN,PCA128,8.0,0.6504895687103271,0.6504895687103271,0.5482756495475769,0.5545324683189392,splits_fmow_DANN_2_0_b09dc755c62e.npz,b09dc755c62e,False,False,,,,,,,0.6372715005283844,all_pca,PCA128,IW overlap critic | W=5 | seed=0 (plug-in),True,
iw_overlap_critic,5.0,0.0,11745.0,35070.0,2938.0,8768.0,0.6466984343090538,0.0,1.0,1.3406111001968384,0.5,0.5,0.5186152458190918,0.2494267225265503,,,,,0.34402048295954685,0.0,2938.0,0.0,8768.0,0.0,ok,plugin,False,,2913.164742578654,2910.2364763985934,1.4725330911918075,0.9810241506789652,1.1689471650512837,,0.0,0.34402048295954685,0.6559795170404532,0.6559795170404532,False,,,,,,,fmow,1,CDANN,PCA128,2.0,0.6558535695075989,0.6558535695075989,0.605617344379425,0.6010492444038391,splits_fmow_CDANN_1_0_b09dc755c62e.npz,b09dc755c62e,False,False,,,,,,,0.6559795170404532,all_pca,PCA128,IW overlap critic | W=5 | seed=0 (plug-in),True,
iw_overlap_critic,5.0,0.0,11745.0,39088.0,2938.0,9774.0,0.6446562287270252,0.0,1.0,1.2794592380523682,0.5,0.5,0.5318509340286255,0.2487453669309616,,,,,0.3537592556333086,0.0,2938.0,0.0,9774.0,0.0,ok,plugin,False,,2914.019507773689,2874.134871636118,1.9978559857340499,0.976692050581105,1.2385254281939824,,0.0,0.3537592556333086,0.6462407443666913,0.6462407443666913,False,,,,,,,fmow,2,CDANN,PCA128,2.0,0.6548318862915039,0.6548318862915039,0.5420845150947571,0.5445058345794678,splits_fmow_CDANN_2_0_b09dc755c62e.npz,b09dc755c62e,False,False,,,,,,,0.6462407443666913,all_pca,PCA128,IW overlap critic | W=5 | seed=0 (plug-in),True,
iw_overlap_critic,5.0,0.0,731.0,898.0,184.0,227.0,0.9239130434782609,0.0,1.0,5.115793704986572,0.5,0.5,0.5287055373191833,0.24956950545310974,,,,,0.07466037020208856,0.0,184.0,0.0,227.0,0.0,ok,plugin,False,,181.93339873062672,182.5877700889008,1.228817087188327,0.9827407951763665,1.1413947140019678,,0.0,0.07466037020208856,0.9253396297979114,0.9253396297979114,False,,,,,,,officehome,1,DANN,PCA128,16.0,0.922024667263031,0.922024667263031,0.7193763852119446,0.7268722057342529,splits_officehome_DANN_1_0_b09dc755c62e.npz,b09dc755c62e,False,False,,,,,,,0.9253396297979114,all_pca,PCA128,IW overlap critic | W=5 | seed=0 (plug-in),True,
iw_overlap_critic,5.0,0.0,731.0,893.0,184.0,226.0,0.9021739130434783,0.0,1.0,2.7149994373321533,0.5,0.5,0.5671848654747009,0.2488403022289276,,,,,0.09778344200435347,0.0,184.0,0.0,226.0,0.0,ok,plugin,False,,179.2510233268271,179.11396808341078,1.7071746001958013,0.9476704543203833,1.2796434670323753,,0.0,0.09778344200435347,0.9022165579956465,0.9022165579956465,False,,,,,,,officehome,2,DANN,PCA128,16.0,0.915184736251831,0.915184736251831,0.44904816150665283,0.45132744312286377,splits_officehome_DANN_2_0_b09dc755c62e.npz,b09dc755c62e,False,False,,,,,,,0.9022165579956465,all_pca,PCA128,IW overlap critic | W=5 | seed=0 (plug-in),True,
iw_overlap_critic,5.0,0.0,731.0,507.0,184.0,128.0,0.9130434782608696,0.0,1.0,54.598148345947266,0.5,0.5,0.501369833946228,0.25008854269981384,,,,,0.08663387311190972,0.0,184.0,0.0,128.0,0.0,ok,plugin,False,,183.6304685257193,183.98774255888162,1.0190236934131531,0.9981368909920114,1.0120113880486918,,0.0,0.08663387311190972,0.9133661268880903,0.9133661268880903,False,,,,,,,officehome,3,DANN,PCA128,16.0,0.9056087732315063,0.9056087732315063,0.5364891290664673,0.5625,splits_officehome_DANN_3_0_b09dc755c62e.npz,b09dc755c62e,False,False,,,,,,,0.9133661268880903,all_pca,PCA128,IW overlap critic | W=5 | seed=0 (plug-in),True,
iw_overlap_critic,5.0,0.0,731.0,898.0,184.0,227.0,0.9130434782608696,0.0,1.0,5.644219875335693,0.5,0.5,0.500615656375885,0.2499386966228485,,,,,0.08745885050876052,0.0,184.0,0.0,227.0,0.0,ok,plugin,False,,183.64533487975473,183.82181278513588,1.1235635203474403,0.9940220647064626,1.0509930184579488,,0.0,0.08745885050876052,0.9125411494912394,0.9125411494912394,False,,,,,,,officehome,1,CDANN,PCA128,2.0,0.9138167500495911,0.9138167500495911,0.730512261390686,0.7488986253738403,splits_officehome_CDANN_1_0_b09dc755c62e.npz,b09dc755c62e,False,False,,,,,,,0.9125411494912394,all_pca,PCA128,IW overlap critic | W=5 | seed=0 (plug-in),True,
iw_overlap_critic,5.0,0.0,731.0,893.0,184.0,226.0,0.8913043478260869,0.0,1.0,1.699749231338501,0.5,0.5,0.4967677593231201,0.24890945851802826,,,,,0.11477928311455271,0.0,184.0,0.0,226.0,0.0,ok,plugin,False,,182.87715379350715,180.39178345010933,1.8645483507249874,0.9937795073538744,1.2085702909162763,,0.0,0.11477928311455271,0.8852207168854473,0.8852207168854473,False,,,,,,,officehome,2,CDANN,PCA128,2.0,0.9015048146247864,0.9015048146247864,0.4501679837703705,0.45132744312286377,splits_officehome_CDANN_2_0_b09dc755c62e.npz,b09dc755c62e,False,False,,,,,,,0.8852207168854473,all_pca,PCA128,IW overlap critic | W=5 | seed=0 (plug-in),True,
iw_overlap_critic,5.0,0.0,731.0,507.0,184.0,128.0,0.9130434782608696,0.0,1.0,0.5500468015670776,0.5,0.5,0.5908219218254089,0.23547053337097168,,,,,0.12664390009234652,0.0,183.0,1.0,128.0,0.0,ok,plugin,False,,199.5371882637952,144.97268447364263,4.065253630195654,0.9270710692653105,1.9889146399284143,,0.0,0.12664390009234652,0.8733560999076535,0.8733560999076535,False,,,,,,,officehome,3,CDANN,PCA128,2.0,0.9138167500495911,0.9138167500495911,0.5364891290664673,0.5546875,splits_officehome_CDANN_3_0_b09dc755c62e.npz,b09dc755c62e,False,False,,,,,,,0.8733560999076535,all_pca,PCA128,IW overlap critic | W=5 | seed=0 (plug-in),True,
iw_overlap_critic,5.0,0.0,24387.0,11083.0,6098.0,2773.0,0.9996720236142997,0.0,1.0,1.0648239850997925,0.5,0.5,0.5886049866676331,0.2393961250782013,7316.0,1.0,3657.0,1.0,0.0004387029311894323,0.0003606202668589975,6097.0,1.0,2772.0,1.0,ok,plugin,False,,6172.650001159825,4986.022042662523,4.601882846734277,0.930711001890671,1.8950559064323864,0.0,0.0,0.0004387029311894323,0.9995612970688106,0.9995612970688106,False,49.0,17.0,0.8517216444015503,0.1482783854007721,1.0,"[{'epoch': 0, 'best_score': 0.1811295747756958}, {'epoch': 1, 'best_score': 0.18758457899093628}, {'epoch': 2, 'best_score': 0.19276976585388184}, {'epoch': 3, 'best_score': 0.20242184400558472}, {'epoch': 4, 'best_score': 0.21108072996139526}, {'epoch': 5, 'best_score': 0.22317349910736084}, {'epoch': 6, 'best_score': 0.23477941751480103}, {'epoch': 7, 'best_score': 0.25268661975860596}, {'epoch': 8, 'best_score': 0.26553672552108765}, {'epoch': 9, 'best_score': 0.28500860929489136}, {'epoch': 10, 'best_score': 0.3026506304740906}, {'epoch': 11, 'best_score': 0.3170139193534851}, {'epoch': 12, 'best_score': 0.3411238193511963}, {'epoch': 13, 'best_score': 0.3619146943092346}, {'epoch': 14, 'best_score': 0.38246697187423706}, {'epoch': 15, 'best_score': 0.40032559633255005}, {'epoch': 16, 'best_score': 0.41066640615463257}, {'epoch': 17, 'best_score': 0.42321228981018066}, {'epoch': 18, 'best_score': 0.4292528033256531}, {'epoch': 19, 'best_score': 0.43476855754852295}, {'epoch': 20, 'best_score': 0.45633023977279663}, {'epoch': 21, 'best_score': 0.47225338220596313}, {'epoch': 22, 'best_score': 0.4853408932685852}, {'epoch': 23, 'best_score': 0.4996558427810669}, {'epoch': 24, 'best_score': 0.5106127262115479}, {'epoch': 25, 'best_score': 0.5205211639404297}, {'epoch': 26, 'best_score': 0.5294375419616699}, {'epoch': 27, 'best_score': 0.5488645434379578}, {'epoch': 28, 'best_score': 0.573134183883667}, {'epoch': 29, 'best_score': 0.5943562388420105}, {'epoch': 30, 'best_score': 0.6115275621414185}, {'epoch': 31, 'best_score': 0.6233059167861938}, {'epoch': 32, 'best_score': 0.6325740814208984}, {'epoch': 33, 'best_score': 0.6473735570907593}, {'epoch': 34, 'best_score': 0.6590039134025574}, {'epoch': 35, 'best_score': 0.672404408454895}, {'epoch': 36, 'best_score': 0.6842912435531616}, {'epoch': 37, 'best_score': 0.7002091407775879}, {'epoch': 38, 'best_score': 0.7151811122894287}, {'epoch': 39, 'best_score': 0.7306544780731201}, {'epoch': 40, 'best_score': 0.7455633878707886}, {'epoch': 41, 'best_score': 0.7608810663223267}, {'epoch': 42, 'best_score': 0.7722282409667969}, {'epoch': 43, 'best_score': 0.7851734161376953}, {'epoch': 44, 'best_score': 0.7952878475189209}, {'epoch': 45, 'best_score': 0.8091833591461182}, {'epoch': 46, 'best_score': 0.8210365772247314}, {'epoch': 47, 'best_score': 0.8334498405456543}, {'epoch': 48, 'best_score': 0.8429763317108154}, {'epoch': 49, 'best_score': 0.8517216444015503}]",visda,1,DANN,PCA128,16.0,0.9995489120483398,0.9995489120483398,0.6463051438331604,0.6473133563995361,splits_visda_DANN_1_0_b09dc755c62e.npz,b09dc755c62e,False,False,,,,,,,0.9995612970688106,all_pca,PCA128,IW overlap critic | W=5 | seed=0 (plug-in),True,
iw_overlap_critic,5.0,0.0,24387.0,14480.0,6098.0,3620.0,0.9998360118071499,0.0,1.0,1.153635025024414,0.5,0.5,0.5398895740509033,0.24600785970687866,,,,,0.00010908185183251374,0.0,6098.0,0.0,3620.0,0.0,ok,plugin,False,,6108.784205219637,5671.667645689518,2.8695374505674853,0.9683743193762735,1.4783169260924531,,0.0,0.00010908185183251374,0.9998909181481674,0.9998909181481674,False,,,,,,,visda,2,DANN,PCA128,16.0,0.9997539520263672,0.9997539520263672,0.6546961069107056,0.6544198393821716,splits_visda_DANN_2_0_b09dc755c62e.npz,b09dc755c62e,False,False,,,,,,,0.9998909181481674,all_pca,PCA128,IW overlap critic | W=5 | seed=0 (plug-in),True,
iw_overlap_critic,5.0,0.0,24387.0,11083.0,6098.0,2773.0,0.9993440472285995,0.0,1.0,0.8545470237731934,0.5,0.5,0.5116102695465088,0.2483314573764801,,,,,0.0005390903966740148,0.0,6098.0,0.0,2773.0,0.0,ok,plugin,False,,6100.942568998281,5941.747942110097,1.6343424502635537,1.006091117823273,1.2712585427900587,,0.0,0.0005390903966740148,0.999460909603326,0.999460909603326,False,,,,,,,visda,1,CDANN,PCA128,2.0,0.9990978837013245,0.9990978837013245,0.6784264445304871,0.6693112254142761,splits_visda_CDANN_1_0_b09dc755c62e.npz,b09dc755c62e,False,False,,,,,,,0.999460909603326,all_pca,PCA128,IW overlap critic | W=5 | seed=0 (plug-in),True,
iw_overlap_critic,5.0,0.0,24387.0,14480.0,6098.0,3620.0,0.9995080354214496,0.0,1.0,1.0339429378509521,0.5,0.5,0.5847561359405518,0.24282695353031158,,,,,0.0005117856287103404,0.0,6098.0,0.0,3620.0,0.0,ok,plugin,False,,6084.595169172079,5483.735389610144,2.1078424262012883,0.9592600067358472,1.5635122535097625,,0.0,0.0005117856287103404,0.9994882143712897,0.9994882143712897,False,,,,,,,visda,2,CDANN,PCA128,2.0,0.9995899200439453,0.9995899200439453,0.7107734680175781,0.7140883803367615,splits_visda_CDANN_2_0_b09dc755c62e.npz,b09dc755c62e,False,False,,,,,,,0.9994882143712897,all_pca,PCA128,IW overlap critic | W=5 | seed=0 (plug-in),True,
