prediction_method,iw_threshold,seed,n_source,n_target,n_val_source,n_val_target,h_val_acc,domain_log_odds_clipped_count,source_strength,domain_temperature,domain_source_prior,domain_target_prior,domain_cal_balanced_accuracy,domain_cal_brier,n_source_critic_train_region,n_target_critic_train_region,n_source_critic_select_region,n_target_critic_select_region,iw_error_contribution,target_residual_mass,n_source_a,n_source_b,n_target_a,n_target_b,status,estimate_kind,confidence_bound_available,epsilon,iw_weight_sum,iw_effective_n,iw_weight_max,iw_weight_p50,iw_weight_p95,residual_target_disagreement,residual_error_contribution,error_estimate_raw,accuracy_estimate_raw,lower_bound,output_clipped,critic_epoch,critic_repeat,critic_selection_score,critic_selection_source_disagreement,critic_selection_target_disagreement,critic_history,dataset,shift,train_method,bound_strategy,dim,src_accuracy,h_full_acc,trg_accuracy,trg_eval_accuracy,split_file,run_id,bound_valid,bound_valid_eval,residual_source_error,residual_source_disagreement,residual_discrepancy,delta,error_upper_bound_raw,max_ts_agree_diff,prediction,plot,panel,series,plotted,temperature
iw_residual_dis2,2.0,0.0,6500.0,33009.0,1625.0,8255.0,0.904,0.0,1.0,3.687958240509033,0.5,0.5,0.5205477476119995,0.2499304860830307,,,,,0.09639714533886476,0.0,1625.0,0.0,8255.0,0.0,ok,plugin,False,,1625.451729280784,1623.127960420403,1.146217618916505,0.9971896526039354,1.0615643857114905,,0.0,0.09639714533886476,0.9036028546611352,0.9036028546611352,False,,,,,,,entity13,1,DANN,logits,13.0,0.905846118927002,0.905846118927002,0.7318307161331177,0.7345851063728333,splits_entity13_DANN_1_0_b09dc755c62e.npz,b09dc755c62e,False,False,,,,,,,0.9036028546611352,accuracy_vs_baselines,logits,IW residual DIS2 | W=2 | seed=0 (plug-in),True,
iw_residual_dis2,2.0,0.0,6500.0,260.0,1625.0,65.0,0.9101538461538462,0.0,1.0,54.598148345947266,0.5,0.5,0.4661538600921631,0.2502062916755676,,,,,0.0897240431413496,0.0,1625.0,0.0,65.0,0.0,ok,plugin,False,,1622.9808558045895,1624.9135292993105,1.0295263176653389,0.9986247386053284,1.010330241000122,,0.0,0.0897240431413496,0.9102759568586504,0.9102759568586504,False,,,,,,,entity13,2,DANN,logits,13.0,0.9129230380058289,0.9129230380058289,0.8615384697914124,0.8461538553237915,splits_entity13_DANN_2_0_b09dc755c62e.npz,b09dc755c62e,False,False,,,,,,,0.9102759568586504,accuracy_vs_baselines,logits,IW residual DIS2 | W=2 | seed=0 (plug-in),True,
iw_residual_dis2,2.0,0.0,6500.0,260.0,1625.0,65.0,0.9027692307692308,0.0,1.0,3.830349922180176,0.5,0.5,0.516153872013092,0.24943119287490845,,,,,0.09681538446997534,0.0,1625.0,0.0,65.0,0.0,ok,plugin,False,,1615.3376671424385,1605.3965345672318,1.5597520559256435,0.9906993392827033,1.17506646938591,,0.0,0.09681538446997534,0.9031846155300247,0.9031846155300247,False,,,,,,,entity13,3,DANN,logits,13.0,0.907076895236969,0.907076895236969,0.6653845906257629,0.5538461804389954,splits_entity13_DANN_3_0_b09dc755c62e.npz,b09dc755c62e,False,False,,,,,,,0.9031846155300247,accuracy_vs_baselines,logits,IW residual DIS2 | W=2 | seed=0 (plug-in),True,
iw_residual_dis2,2.0,0.0,6500.0,33009.0,1625.0,8255.0,0.9132307692307693,0.0,1.0,2.3982067108154297,0.5,0.5,0.5145338177680969,0.2498086541891098,,,,,0.08716399680370747,0.0,1625.0,0.0,8255.0,0.0,ok,plugin,False,,1626.8973288698844,1619.8188336937326,1.2154376662173454,1.0017288221139384,1.0907311822584893,,0.0,0.08716399680370747,0.9128360031962925,0.9128360031962925,False,,,,,,,entity13,1,CDANN,logits,13.0,0.9096922874450684,0.9096922874450684,0.7354357838630676,0.7372501492500305,splits_entity13_CDANN_1_0_b09dc755c62e.npz,b09dc755c62e,False,False,,,,,,,0.9128360031962925,accuracy_vs_baselines,logits,IW residual DIS2 | W=2 | seed=0 (plug-in),True,
iw_residual_dis2,2.0,0.0,6500.0,260.0,1625.0,65.0,0.9058461538461539,0.0,1.0,54.598148345947266,0.5,0.5,0.39384615421295166,0.2502327263355255,,,,,0.0941234260824005,0.0,1625.0,0.0,65.0,0.0,ok,plugin,False,,1622.9480364599706,1624.914174672017,1.0364243672746556,0.9988015387721471,1.0105301857139013,,0.0,0.0941234260824005,0.9058765739175995,0.9058765739175995,False,,,,,,,entity13,2,CDANN,logits,13.0,0.9081538319587708,0.9081538319587708,0.8423076868057251,0.8769230842590332,splits_entity13_CDANN_2_0_b09dc755c62e.npz,b09dc755c62e,False,False,,,,,,,0.9058765739175995,accuracy_vs_baselines,logits,IW residual DIS2 | W=2 | seed=0 (plug-in),True,
iw_residual_dis2,2.0,0.0,6500.0,260.0,1625.0,65.0,0.9015384615384615,0.0,1.0,5.533639430999756,0.5,0.5,0.48076921701431274,0.24978940188884735,,,,,0.09893176709000366,0.0,1625.0,0.0,65.0,0.0,ok,plugin,False,,1623.8538745476258,1618.0954354770329,1.184193507693934,1.007715047511049,1.0916158389561164,,0.0,0.09893176709000366,0.9010682329099964,0.9010682329099964,False,,,,,,,entity13,3,CDANN,logits,13.0,0.9061538577079773,0.9061538577079773,0.6653845906257629,0.5692307949066162,splits_entity13_CDANN_3_0_b09dc755c62e.npz,b09dc755c62e,False,False,,,,,,,0.9010682329099964,accuracy_vs_baselines,logits,IW residual DIS2 | W=2 | seed=0 (plug-in),True,
iw_residual_dis2,2.0,0.0,6000.0,30828.0,1500.0,7709.0,0.8426666666666667,0.0,1.0,1.728687047958374,0.5,0.5,0.5138411521911621,0.24932533502578735,,,,,0.157693289261415,0.0,1500.0,0.0,7709.0,0.0,ok,plugin,False,,1504.8331593339535,1481.5380631016374,1.450980002028854,0.9974380802346456,1.1953827612708676,,0.0,0.157693289261415,0.842306710738585,0.842306710738585,False,,,,,,,entity30,1,DANN,logits,30.0,0.8550000190734863,0.8550000190734863,0.6190800070762634,0.6236866116523743,splits_entity30_DANN_1_0_b09dc755c62e.npz,b09dc755c62e,False,False,,,,,,,0.842306710738585,accuracy_vs_baselines,logits,IW residual DIS2 | W=2 | seed=0 (plug-in),True,
iw_residual_dis2,2.0,0.0,6000.0,240.0,1500.0,60.0,0.8606666666666667,0.0,1.0,54.598148345947266,0.5,0.5,0.5016666650772095,0.2500607371330261,,,,,0.1388303003112932,0.0,1500.0,0.0,60.0,0.0,ok,plugin,False,,1494.5841102565068,1499.7261375967405,1.0555103048639427,0.996924677426781,1.017718719317838,,0.0,0.1388303003112932,0.8611696996887068,0.8611696996887068,False,,,,,,,entity30,2,DANN,logits,30.0,0.8646666407585144,0.8646666407585144,0.7875000238418579,0.7500000596046448,splits_entity30_DANN_2_0_b09dc755c62e.npz,b09dc755c62e,False,False,,,,,,,0.8611696996887068,accuracy_vs_baselines,logits,IW residual DIS2 | W=2 | seed=0 (plug-in),True,
iw_residual_dis2,2.0,0.0,6000.0,240.0,1500.0,60.0,0.8553333333333333,0.0,1.0,54.598148345947266,0.5,0.5,0.46166667342185974,0.2499976009130478,,,,,0.143718802763159,0.0,1500.0,0.0,60.0,0.0,ok,plugin,False,,1492.3784582378312,1499.583435511841,1.0412212537758008,0.9963825535291864,1.020531419000476,,0.0,0.143718802763159,0.856281197236841,0.856281197236841,False,,,,,,,entity30,3,DANN,logits,30.0,0.8636666536331177,0.8636666536331177,0.5708333849906921,0.6666666865348816,splits_entity30_DANN_3_0_b09dc755c62e.npz,b09dc755c62e,False,False,,,,,,,0.856281197236841,accuracy_vs_baselines,logits,IW residual DIS2 | W=2 | seed=0 (plug-in),True,
iw_residual_dis2,2.0,0.0,6000.0,30828.0,1500.0,7709.0,0.856,0.0,1.0,4.229965686798096,0.5,0.5,0.5144094824790955,0.2498675435781479,,,,,0.1446064552973482,0.0,1500.0,0.0,7709.0,0.0,ok,plugin,False,,1497.372736781761,1496.2971489738413,1.2201435979985311,0.9960204159701154,1.0832021564352399,,0.0,0.1446064552973482,0.8553935447026518,0.8553935447026518,False,,,,,,,entity30,1,CDANN,logits,30.0,0.8611666560173035,0.8611666560173035,0.627903163433075,0.6345829367637634,splits_entity30_CDANN_1_0_b09dc755c62e.npz,b09dc755c62e,False,False,,,,,,,0.8553935447026518,accuracy_vs_baselines,logits,IW residual DIS2 | W=2 | seed=0 (plug-in),True,
iw_residual_dis2,2.0,0.0,6000.0,240.0,1500.0,60.0,0.862,0.0,1.0,54.598148345947266,0.5,0.5,0.43166667222976685,0.2501581013202667,,,,,0.1374331973669702,0.0,1500.0,0.0,60.0,0.0,ok,plugin,False,,1493.2470028463106,1499.720804552401,1.0384839375896187,0.9954725205721457,1.018114048842811,,0.0,0.1374331973669702,0.8625668026330298,0.8625668026330298,False,,,,,,,entity30,2,CDANN,logits,30.0,0.8646666407585144,0.8646666407585144,0.8125000596046448,0.7500000596046448,splits_entity30_CDANN_2_0_b09dc755c62e.npz,b09dc755c62e,False,False,,,,,,,0.8625668026330298,accuracy_vs_baselines,logits,IW residual DIS2 | W=2 | seed=0 (plug-in),True,
iw_residual_dis2,2.0,0.0,6000.0,240.0,1500.0,60.0,0.8453333333333333,0.0,1.0,54.598148345947266,0.5,0.5,0.43416666984558105,0.2500317394733429,,,,,0.15387466304092193,0.0,1500.0,0.0,60.0,0.0,ok,plugin,False,,1494.5325012369603,1499.702791735605,1.0436227616005247,0.9966017781022638,1.0193663146885727,,0.0,0.15387466304092193,0.8461253369590781,0.8461253369590781,False,,,,,,,entity30,3,CDANN,logits,30.0,0.8573333024978638,0.8573333024978638,0.5625,0.6166666746139526,splits_entity30_CDANN_3_0_b09dc755c62e.npz,b09dc755c62e,False,False,,,,,,,0.8461253369590781,accuracy_vs_baselines,logits,IW residual DIS2 | W=2 | seed=0 (plug-in),True,
iw_residual_dis2,2.0,0.0,10000.0,2000.0,2500.0,500.0,0.9452,0.0,1.0,2.7144715785980225,0.5,0.5,0.5149999856948853,0.24972444772720337,,,,,0.05527905232382684,0.0,2500.0,0.0,500.0,0.0,ok,plugin,False,,2490.763291733524,2487.6180886665843,1.2452015604379874,0.9935279219351392,1.1159082128740911,,0.0,0.05527905232382684,0.9447209476761732,0.9447209476761732,False,,,,,,,cifar10,1,DANN,logits,10.0,0.9508999586105347,0.9508999586105347,0.8440000414848328,0.8360000252723694,splits_cifar10_DANN_1_0_b09dc755c62e.npz,b09dc755c62e,False,False,,,,,,,0.9447209476761732,accuracy_vs_baselines,logits,IW residual DIS2 | W=2 | seed=0 (plug-in),True,
iw_residual_dis2,2.0,0.0,10000.0,2000.0,2500.0,500.0,0.946,0.0,1.0,54.598148345947266,0.5,0.5,0.49900001287460327,0.2500520348548889,,,,,0.053977254585820436,0.0,2500.0,0.0,500.0,0.0,ok,plugin,False,,2499.350371889275,2499.965877937097,1.0116953872164371,0.9997928421731974,1.0058517713974136,,0.0,0.053977254585820436,0.9460227454141795,0.9460227454141795,False,,,,,,,cifar10,10,DANN,logits,10.0,0.9477999806404114,0.9477999806404114,0.924500048160553,0.9120000600814819,splits_cifar10_DANN_10_0_b09dc755c62e.npz,b09dc755c62e,False,False,,,,,,,0.9460227454141795,accuracy_vs_baselines,logits,IW residual DIS2 | W=2 | seed=0 (plug-in),True,
iw_residual_dis2,2.0,0.0,10000.0,2000.0,2500.0,500.0,0.9452,0.0,1.0,54.598148345947266,0.5,0.5,0.4724999964237213,0.2500370144844055,,,,,0.0547860526192732,0.0,2500.0,0.0,500.0,0.0,ok,plugin,False,,2499.534284390755,2499.977277075477,1.0108819125923776,0.999816907350147,1.0046119831146385,,0.0,0.0547860526192732,0.9452139473807268,0.9452139473807268,False,,,,,,,cifar10,71,DANN,logits,10.0,0.9487999677658081,0.9487999677658081,0.9305000305175781,0.9180000424385071,splits_cifar10_DANN_71_0_b09dc755c62e.npz,b09dc755c62e,False,False,,,,,,,0.9452139473807268,accuracy_vs_baselines,logits,IW residual DIS2 | W=2 | seed=0 (plug-in),True,
iw_residual_dis2,2.0,0.0,10000.0,2000.0,2500.0,500.0,0.9528,0.0,1.0,54.598148345947266,0.5,0.5,0.48350000381469727,0.2500438690185547,,,,,0.047194212081689564,0.0,2500.0,0.0,500.0,0.0,ok,plugin,False,,2499.665104551872,2499.9861775831446,1.0061237349092884,0.9996522169064508,1.0038381868779027,,0.0,0.047194212081689564,0.9528057879183104,0.9528057879183104,False,,,,,,,cifar10,95,DANN,logits,10.0,0.9515999555587769,0.9515999555587769,0.9390000700950623,0.9360000491142273,splits_cifar10_DANN_95_0_b09dc755c62e.npz,b09dc755c62e,False,False,,,,,,,0.9528057879183104,accuracy_vs_baselines,logits,IW residual DIS2 | W=2 | seed=0 (plug-in),True,
iw_residual_dis2,2.0,0.0,10000.0,2000.0,2500.0,500.0,0.9476,0.0,1.0,15.170090675354004,0.5,0.5,0.5120000243186951,0.2499927282333374,,,,,0.05250433867073842,0.0,2500.0,0.0,500.0,0.0,ok,plugin,False,,2497.3932455475524,2499.657998592665,1.0286085284895574,0.9982982617247618,1.0174694260297672,,0.0,0.05250433867073842,0.9474956613292616,0.9474956613292616,False,,,,,,,cifar10,1,CDANN,logits,10.0,0.949999988079071,0.949999988079071,0.846500039100647,0.8440000414848328,splits_cifar10_CDANN_1_0_b09dc755c62e.npz,b09dc755c62e,False,False,,,,,,,0.9474956613292616,accuracy_vs_baselines,logits,IW residual DIS2 | W=2 | seed=0 (plug-in),True,
iw_residual_dis2,2.0,0.0,10000.0,2000.0,2500.0,500.0,0.9468,0.0,1.0,54.598148345947266,0.5,0.5,0.48100000619888306,0.2500584125518799,,,,,0.05319603762310007,0.0,2500.0,0.0,500.0,0.0,ok,plugin,False,,2498.9610457020863,2499.960930296623,1.013563395964361,0.9994265548504325,1.0065270235931552,,0.0,0.05319603762310007,0.9468039623768999,0.9468039623768999,False,,,,,,,cifar10,10,CDANN,logits,10.0,0.948699951171875,0.948699951171875,0.9160000681877136,0.9120000600814819,splits_cifar10_CDANN_10_0_b09dc755c62e.npz,b09dc755c62e,False,False,,,,,,,0.9468039623768999,accuracy_vs_baselines,logits,IW residual DIS2 | W=2 | seed=0 (plug-in),True,
iw_residual_dis2,2.0,0.0,10000.0,2000.0,2500.0,500.0,0.9492,0.0,1.0,54.598148345947266,0.5,0.5,0.4650000035762787,0.25004249811172485,,,,,0.05079030575612145,0.0,2500.0,0.0,500.0,0.0,ok,plugin,False,,2499.46999202274,2499.9783234754614,1.0120593683728807,0.9995410194424087,1.0051221552158527,,0.0,0.05079030575612145,0.9492096942438786,0.9492096942438786,False,,,,,,,cifar10,71,CDANN,logits,10.0,0.9511999487876892,0.9511999487876892,0.9280000329017639,0.9040000438690186,splits_cifar10_CDANN_71_0_b09dc755c62e.npz,b09dc755c62e,False,False,,,,,,,0.9492096942438786,accuracy_vs_baselines,logits,IW residual DIS2 | W=2 | seed=0 (plug-in),True,
iw_residual_dis2,2.0,0.0,10000.0,2000.0,2500.0,500.0,0.9516,0.0,1.0,54.598148345947266,0.5,0.5,0.47450000047683716,0.250036358833313,,,,,0.04839748708045496,0.0,2500.0,0.0,500.0,0.0,ok,plugin,False,,2499.626972410137,2499.9879266014955,1.0066564969396654,0.9995390854773687,1.0035422914818688,,0.0,0.04839748708045496,0.951602512919545,0.951602512919545,False,,,,,,,cifar10,95,CDANN,logits,10.0,0.9526000022888184,0.9526000022888184,0.9355000257492065,0.9260000586509705,splits_cifar10_CDANN_95_0_b09dc755c62e.npz,b09dc755c62e,False,False,,,,,,,0.951602512919545,accuracy_vs_baselines,logits,IW residual DIS2 | W=2 | seed=0 (plug-in),True,
iw_residual_dis2,2.0,0.0,10000.0,2000.0,2500.0,500.0,0.758,0.0,1.0,5.491447925567627,0.5,0.5,0.5239999890327454,0.2492186278104782,,,,,0.23915412119862045,0.0,2500.0,0.0,500.0,0.0,ok,plugin,False,,2467.9818743558326,2471.2415953613263,1.4042553349704567,0.9849870126168123,1.164483854463959,,0.0,0.23915412119862045,0.7608458788013795,0.7608458788013795,False,,,,,,,cifar100,4,DANN,logits,100.0,0.7841999530792236,0.7841999530792236,0.7440000176429749,0.7760000228881836,splits_cifar100_DANN_4_0_b09dc755c62e.npz,b09dc755c62e,False,True,,,,,,,0.7608458788013795,accuracy_vs_baselines,logits,IW residual DIS2 | W=2 | seed=0 (plug-in),True,
iw_residual_dis2,2.0,0.0,10000.0,2000.0,2500.0,500.0,0.76,0.0,1.0,3.8378243446350098,0.5,0.5,0.5189999938011169,0.2482605278491974,,,,,0.23561112858152902,0.0,2500.0,0.0,500.0,0.0,ok,plugin,False,,2446.566909208289,2436.1491685274805,1.6419769033871479,0.9722690455723946,1.2485575030222478,,0.0,0.23561112858152902,0.764388871418471,0.764388871418471,False,,,,,,,cifar100,12,DANN,logits,100.0,0.7831999659538269,0.7831999659538269,0.7545000314712524,0.7860000133514404,splits_cifar100_DANN_12_0_b09dc755c62e.npz,b09dc755c62e,False,True,,,,,,,0.764388871418471,accuracy_vs_baselines,logits,IW residual DIS2 | W=2 | seed=0 (plug-in),True,
iw_residual_dis2,2.0,0.0,10000.0,2000.0,2500.0,500.0,0.7596,0.0,1.0,2.802358388900757,0.5,0.5,0.5494999885559082,0.24673324823379517,,,,,0.2315303455287617,0.0,2497.0,3.0,500.0,0.0,ok,plugin,False,,2439.447146567648,2375.669203267462,1.939734341822981,0.96248380848695,1.362907757790571,,0.0,0.2315303455287617,0.7684696544712383,0.7684696544712383,False,,,,,,,cifar100,59,DANN,logits,100.0,0.7841999530792236,0.7841999530792236,0.7585000395774841,0.7720000147819519,splits_cifar100_DANN_59_0_b09dc755c62e.npz,b09dc755c62e,False,True,,,,,,,0.7684696544712383,accuracy_vs_baselines,logits,IW residual DIS2 | W=2 | seed=0 (plug-in),True,
iw_residual_dis2,2.0,0.0,10000.0,2000.0,2500.0,500.0,0.764,0.0,1.0,6.978378772735596,0.5,0.5,0.5135000348091125,0.24948640167713165,,,,,0.23254424585950542,0.0,2500.0,0.0,500.0,0.0,ok,plugin,False,,2466.625196752198,2480.0872615463854,1.28467736797543,0.9857623570780534,1.1353387546000333,,0.0,0.23254424585950542,0.7674557541404946,0.7674557541404946,False,,,,,,,cifar100,82,DANN,logits,100.0,0.7861999869346619,0.7861999869346619,0.7695000171661377,0.7700000405311584,splits_cifar100_DANN_82_0_b09dc755c62e.npz,b09dc755c62e,True,True,,,,,,,0.7674557541404946,accuracy_vs_baselines,logits,IW residual DIS2 | W=2 | seed=0 (plug-in),True,
iw_residual_dis2,2.0,0.0,10000.0,2000.0,2500.0,500.0,0.762,0.0,1.0,5.056149482727051,0.5,0.5,0.5295000076293945,0.24904659390449524,,,,,0.2334186495605029,0.0,2500.0,0.0,500.0,0.0,ok,plugin,False,,2459.7382574489816,2462.8951167450077,1.612166297143988,0.9786892623843662,1.1862365069324659,,0.0,0.2334186495605029,0.7665813504394972,0.7665813504394972,False,,,,,,,cifar100,4,CDANN,logits,100.0,0.7849999666213989,0.7849999666213989,0.7275000214576721,0.7480000257492065,splits_cifar100_CDANN_4_0_b09dc755c62e.npz,b09dc755c62e,False,False,,,,,,,0.7665813504394972,accuracy_vs_baselines,logits,IW residual DIS2 | W=2 | seed=0 (plug-in),True,
iw_residual_dis2,2.0,0.0,10000.0,2000.0,2500.0,500.0,0.766,0.0,1.0,2.4864232540130615,0.5,0.5,0.5425000190734863,0.24643674492835999,5.0,0.0,4.0,0.0,0.22773708694791175,0.002,2497.0,3.0,499.0,1.0,unsupported_critic_region,plugin,False,,2442.687695699451,2356.668514867253,1.982169254595696,0.9589183782582102,1.4025810544778288,,,,,,,,,,,,,cifar100,12,CDANN,logits,100.0,0.7858999967575073,0.7858999967575073,0.7480000257492065,0.7680000066757202,splits_cifar100_CDANN_12_0_b09dc755c62e.npz,b09dc755c62e,,,,,,,,,,accuracy_vs_baselines,logits,IW residual DIS2 | W=2 | seed=0 (plug-in),False,
iw_residual_dis2,2.0,0.0,10000.0,2000.0,2500.0,500.0,0.7664,0.0,1.0,2.008225202560425,0.5,0.5,0.5509999990463257,0.2439228594303131,30.0,11.0,9.0,7.0,0.21981669912261037,0.01,2485.0,15.0,495.0,5.0,ok,plugin,False,,2407.375616103403,2270.37636627726,1.9833438806549832,0.9305514735682698,1.5332057532225556,1.0,0.005333333333333333,0.2251500324559437,0.7748499675440563,0.7748499675440563,False,9.0,16.0,0.3333333134651184,0.6666666865348816,1.0,"[{'epoch': 0, 'best_score': 0.1111111044883728}, {'epoch': 1, 'best_score': 0.1111111044883728}, {'epoch': 2, 'best_score': 0.2222222089767456}, {'epoch': 3, 'best_score': 0.2222222089767456}, {'epoch': 4, 'best_score': 0.2222222089767456}, {'epoch': 5, 'best_score': 0.2222222089767456}, {'epoch': 6, 'best_score': 0.2222222089767456}, {'epoch': 7, 'best_score': 0.2222222089767456}, {'epoch': 8, 'best_score': 0.2222222089767456}, {'epoch': 9, 'best_score': 0.3333333134651184}, {'epoch': 10, 'best_score': 0.1904761791229248}, {'epoch': 11, 'best_score': 0.1904761791229248}, {'epoch': 12, 'best_score': 0.1904761791229248}, {'epoch': 13, 'best_score': 0.1904761791229248}, {'epoch': 14, 'best_score': 0.1904761791229248}, {'epoch': 15, 'best_score': 0.079365074634552}, {'epoch': 16, 'best_score': 0.1269841492176056}, {'epoch': 17, 'best_score': 0.158730149269104}, {'epoch': 18, 'best_score': 0.158730149269104}, {'epoch': 19, 'best_score': 0.158730149269104}, {'epoch': 20, 'best_score': 0.158730149269104}, {'epoch': 21, 'best_score': 0.158730149269104}, {'epoch': 22, 'best_score': 0.158730149269104}, {'epoch': 23, 'best_score': 0.158730149269104}, {'epoch': 24, 'best_score': 0.2698412835597992}, {'epoch': 25, 'best_score': 0.2698412835597992}, {'epoch': 26, 'best_score': 0.2698412835597992}, {'epoch': 27, 'best_score': 0.2698412835597992}, {'epoch': 28, 'best_score': 0.2698412835597992}, {'epoch': 29, 'best_score': 0.2698412835597992}, {'epoch': 30, 'best_score': 0.2698412835597992}, {'epoch': 31, 'best_score': 0.2698412835597992}, {'epoch': 32, 'best_score': 0.2698412835597992}, {'epoch': 33, 'best_score': 0.2698412835597992}, {'epoch': 34, 'best_score': 0.2698412835597992}, {'epoch': 35, 'best_score': 0.2698412835597992}, {'epoch': 36, 'best_score': 0.2698412835597992}, {'epoch': 37, 'best_score': 0.2698412835597992}, {'epoch': 38, 'best_score': 0.2698412835597992}, {'epoch': 39, 'best_score': 0.2698412835597992}, {'epoch': 40, 'best_score': 0.2698412835597992}, {'epoch': 41, 'best_score': 0.2698412835597992}, {'epoch': 42, 'best_score': 0.2698412835597992}, {'epoch': 43, 'best_score': 0.2698412835597992}, {'epoch': 44, 'best_score': 0.2698412835597992}, {'epoch': 45, 'best_score': 0.1269841492176056}, {'epoch': 46, 'best_score': 0.1269841492176056}, {'epoch': 47, 'best_score': 0.1269841492176056}, {'epoch': 48, 'best_score': 0.1269841492176056}, {'epoch': 49, 'best_score': 0.1269841492176056}]",cifar100,59,CDANN,logits,100.0,0.7870000004768372,0.7870000004768372,0.7580000162124634,0.7920000553131104,splits_cifar100_CDANN_59_0_b09dc755c62e.npz,b09dc755c62e,False,True,0.26666666666666666,0.7333333333333333,0.2666666666666667,,,,0.7748499675440563,accuracy_vs_baselines,logits,IW residual DIS2 | W=2 | seed=0 (plug-in),True,
iw_residual_dis2,2.0,0.0,10000.0,2000.0,2500.0,500.0,0.7652,0.0,1.0,5.66292667388916,0.5,0.5,0.5170000195503235,0.24932295083999634,,,,,0.22975871767654502,0.0,2500.0,0.0,500.0,0.0,ok,plugin,False,,2459.7809711107875,2471.164719457861,1.3422972489977123,0.9809769135053362,1.1580601273715891,,0.0,0.22975871767654502,0.770241282323455,0.770241282323455,False,,,,,,,cifar100,82,CDANN,logits,100.0,0.7872999906539917,0.7872999906539917,0.7635000348091125,0.7720000147819519,splits_cifar100_CDANN_82_0_b09dc755c62e.npz,b09dc755c62e,False,True,,,,,,,0.770241282323455,accuracy_vs_baselines,logits,IW residual DIS2 | W=2 | seed=0 (plug-in),True,
iw_residual_dis2,2.0,0.0,28152.0,9910.0,7040.0,2478.0,0.803125,0.0,1.0,1.2152042388916016,0.5,0.5,0.6491578817367554,0.2188163548707962,588.0,874.0,301.0,433.0,0.14684151656177727,0.3159806295399516,6535.0,505.0,1695.0,783.0,ok,plugin,False,,5080.441850344805,4990.039421420716,1.9990181538482423,0.6847219942512915,1.6488725221613063,0.876117496807152,0.14731538529155577,0.29415690185333304,0.705843098146667,0.705843098146667,False,6.0,0.0,0.2332410216331482,0.6212624311447144,0.8545034527778625,"[{'epoch': 0, 'best_score': 0.03901547193527222}, {'epoch': 1, 'best_score': 0.10533785820007324}, {'epoch': 2, 'best_score': 0.1364121437072754}, {'epoch': 3, 'best_score': 0.18020761013031006}, {'epoch': 4, 'best_score': 0.19467055797576904}, {'epoch': 5, 'best_score': 0.22327423095703125}, {'epoch': 6, 'best_score': 0.2332410216331482}, {'epoch': 7, 'best_score': 0.2242870330810547}, {'epoch': 8, 'best_score': 0.21764254570007324}, {'epoch': 9, 'best_score': 0.20637905597686768}, {'epoch': 10, 'best_score': 0.20001840591430664}, {'epoch': 11, 'best_score': 0.1969800591468811}, {'epoch': 12, 'best_score': 0.20419234037399292}, {'epoch': 13, 'best_score': 0.20317953824996948}, {'epoch': 14, 'best_score': 0.20577293634414673}, {'epoch': 15, 'best_score': 0.21112078428268433}, {'epoch': 16, 'best_score': 0.20779848098754883}, {'epoch': 17, 'best_score': 0.19985729455947876}, {'epoch': 18, 'best_score': 0.1971028447151184}, {'epoch': 19, 'best_score': 0.19378060102462769}, {'epoch': 20, 'best_score': 0.19479334354400635}, {'epoch': 21, 'best_score': 0.19276773929595947}, {'epoch': 22, 'best_score': 0.1904582977294922}, {'epoch': 23, 'best_score': 0.18786495923995972}, {'epoch': 24, 'best_score': 0.18381381034851074}, {'epoch': 25, 'best_score': 0.18685215711593628}, {'epoch': 26, 'best_score': 0.1791948676109314}, {'epoch': 27, 'best_score': 0.18381381034851074}, {'epoch': 28, 'best_score': 0.1828010082244873}, {'epoch': 29, 'best_score': 0.18077540397644043}, {'epoch': 30, 'best_score': 0.18077540397644043}, {'epoch': 31, 'best_score': 0.18077540397644043}, {'epoch': 32, 'best_score': 0.1828010082244873}, {'epoch': 33, 'best_score': 0.17846590280532837}, {'epoch': 34, 'best_score': 0.1848265528678894}, {'epoch': 35, 'best_score': 0.1848265528678894}, {'epoch': 36, 'best_score': 0.18944549560546875}, {'epoch': 37, 'best_score': 0.19175493717193604}, {'epoch': 38, 'best_score': 0.1940644383430481}, {'epoch': 39, 'best_score': 0.1851104497909546}, {'epoch': 40, 'best_score': 0.18077540397644043}, {'epoch': 41, 'best_score': 0.1817881464958191}, {'epoch': 42, 'best_score': 0.17615646123886108}, {'epoch': 43, 'best_score': 0.17485976219177246}, {'epoch': 44, 'best_score': 0.17615646123886108}, {'epoch': 45, 'best_score': 0.17182141542434692}, {'epoch': 46, 'best_score': 0.1738470196723938}, {'epoch': 47, 'best_score': 0.17716926336288452}, {'epoch': 48, 'best_score': 0.1794787049293518}, {'epoch': 49, 'best_score': 0.1794787049293518}]",domainnet,1,DANN,logits,345.0,0.8072605729103088,0.8072605729103088,0.465893030166626,0.47497981786727905,splits_domainnet_DANN_1_0_b09dc755c62e.npz,b09dc755c62e,False,False,0.25742574257425743,0.6673267326732674,0.20879076413388464,,,,0.705843098146667,accuracy_vs_baselines,logits,IW residual DIS2 | W=2 | seed=0 (plug-in),True,
iw_residual_dis2,2.0,0.0,28152.0,14207.0,7040.0,3553.0,0.8038352272727273,0.0,1.0,1.0665127038955688,0.5,0.5,0.6751638650894165,0.20423626899719238,705.0,1662.0,376.0,808.0,0.13502025560063563,0.3875598086124402,6410.0,630.0,2176.0,1377.0,ok,plugin,False,,4538.9589315372095,4576.97202678858,1.9994814855483418,0.599608932489337,1.6546353674055263,0.9128540305010894,0.19137951831450284,0.32639977391513847,0.6736002260848615,0.6736002260848615,False,13.0,17.0,0.26029592752456665,0.6728723645210266,0.9331682920455933,"[{'epoch': 0, 'best_score': 0.03370553255081177}, {'epoch': 1, 'best_score': 0.10438168048858643}, {'epoch': 2, 'best_score': 0.15744155645370483}, {'epoch': 3, 'best_score': 0.1902780532836914}, {'epoch': 4, 'best_score': 0.20275962352752686}, {'epoch': 5, 'best_score': 0.22793340682983398}, {'epoch': 6, 'best_score': 0.23751842975616455}, {'epoch': 7, 'best_score': 0.24178427457809448}, {'epoch': 8, 'best_score': 0.2565041184425354}, {'epoch': 9, 'best_score': 0.24939435720443726}, {'epoch': 10, 'best_score': 0.25007903575897217}, {'epoch': 11, 'best_score': 0.2601643204689026}, {'epoch': 12, 'best_score': 0.259795606136322}, {'epoch': 13, 'best_score': 0.26029592752456665}, {'epoch': 14, 'best_score': 0.24686646461486816}, {'epoch': 15, 'best_score': 0.2487887144088745}, {'epoch': 16, 'best_score': 0.24965763092041016}, {'epoch': 17, 'best_score': 0.2521328926086426}, {'epoch': 18, 'best_score': 0.25089526176452637}, {'epoch': 19, 'best_score': 0.2533705234527588}, {'epoch': 20, 'best_score': 0.2530019283294678}, {'epoch': 21, 'best_score': 0.24699807167053223}, {'epoch': 22, 'best_score': 0.24112600088119507}, {'epoch': 23, 'best_score': 0.24483883380889893}, {'epoch': 24, 'best_score': 0.2466294765472412}, {'epoch': 25, 'best_score': 0.243785560131073}, {'epoch': 26, 'best_score': 0.24910473823547363}, {'epoch': 27, 'best_score': 0.2450231909751892}, {'epoch': 28, 'best_score': 0.24094164371490479}, {'epoch': 29, 'best_score': 0.23686009645462036}, {'epoch': 30, 'best_score': 0.2327786087989807}, {'epoch': 31, 'best_score': 0.2286970615386963}, {'epoch': 32, 'best_score': 0.22622179985046387}, {'epoch': 33, 'best_score': 0.2286970615386963}, {'epoch': 34, 'best_score': 0.2286970615386963}, {'epoch': 35, 'best_score': 0.22566884756088257}, {'epoch': 36, 'best_score': 0.22337794303894043}, {'epoch': 37, 'best_score': 0.22337794303894043}, {'epoch': 38, 'best_score': 0.21769016981124878}, {'epoch': 39, 'best_score': 0.21521490812301636}, {'epoch': 40, 'best_score': 0.21150201559066772}, {'epoch': 41, 'best_score': 0.20989573001861572}, {'epoch': 42, 'best_score': 0.21150201559066772}, {'epoch': 43, 'best_score': 0.20884239673614502}, {'epoch': 44, 'best_score': 0.2074204683303833}, {'epoch': 45, 'best_score': 0.2063671350479126}, {'epoch': 46, 'best_score': 0.2086580991744995}, {'epoch': 47, 'best_score': 0.20599853992462158}, {'epoch': 48, 'best_score': 0.20599853992462158}, {'epoch': 49, 'best_score': 0.208473801612854}]",domainnet,2,DANN,logits,345.0,0.8101378083229065,0.8101378083229065,0.38572534918785095,0.38727834820747375,splits_domainnet_DANN_2_0_b09dc755c62e.npz,b09dc755c62e,False,False,0.24285714285714285,0.6619047619047619,0.2509492685963275,,,,0.6736002260848615,accuracy_vs_baselines,logits,IW residual DIS2 | W=2 | seed=0 (plug-in),True,
iw_residual_dis2,2.0,0.0,28152.0,15295.0,7040.0,3825.0,0.8072443181818182,0.0,1.0,0.9051699638366699,0.5,0.5,0.6486807465553284,0.2190219759941101,881.0,1212.0,439.0,649.0,0.13984614336382015,0.2661437908496732,6297.0,743.0,2807.0,1018.0,ok,plugin,False,,4955.603804889766,4767.6409604681585,1.9968476695561426,0.691303247065471,1.6830702156788684,0.8762278978388998,0.1092648598245938,0.24911100318841395,0.750888996811586,0.750888996811586,False,8.0,2.0,0.2640438675880432,0.6173120737075806,0.8813559412956238,"[{'epoch': 0, 'best_score': 0.049847185611724854}, {'epoch': 1, 'best_score': 0.13607406616210938}, {'epoch': 2, 'best_score': 0.19175106287002563}, {'epoch': 3, 'best_score': 0.21433013677597046}, {'epoch': 4, 'best_score': 0.2420685887336731}, {'epoch': 5, 'best_score': 0.25191730260849}, {'epoch': 6, 'best_score': 0.2578805088996887}, {'epoch': 7, 'best_score': 0.26009178161621094}, {'epoch': 8, 'best_score': 0.2640438675880432}, {'epoch': 9, 'best_score': 0.25640636682510376}, {'epoch': 10, 'best_score': 0.2633734345436096}, {'epoch': 11, 'best_score': 0.26189935207366943}, {'epoch': 12, 'best_score': 0.24916905164718628}, {'epoch': 13, 'best_score': 0.24528366327285767}, {'epoch': 14, 'best_score': 0.2431390881538391}, {'epoch': 15, 'best_score': 0.2477615475654602}, {'epoch': 16, 'best_score': 0.2394537329673767}, {'epoch': 17, 'best_score': 0.23637205362319946}, {'epoch': 18, 'best_score': 0.24327248334884644}, {'epoch': 19, 'best_score': 0.24253541231155396}, {'epoch': 20, 'best_score': 0.24481332302093506}, {'epoch': 21, 'best_score': 0.24414288997650146}, {'epoch': 22, 'best_score': 0.24246865510940552}, {'epoch': 23, 'best_score': 0.2401908040046692}, {'epoch': 24, 'best_score': 0.24025750160217285}, {'epoch': 25, 'best_score': 0.24112790822982788}, {'epoch': 26, 'best_score': 0.24420958757400513}, {'epoch': 27, 'best_score': 0.23965376615524292}, {'epoch': 28, 'best_score': 0.23737585544586182}, {'epoch': 29, 'best_score': 0.2381129264831543}, {'epoch': 30, 'best_score': 0.2350980043411255}, {'epoch': 31, 'best_score': 0.23503124713897705}, {'epoch': 32, 'best_score': 0.23282009363174438}, {'epoch': 33, 'best_score': 0.2334904670715332}, {'epoch': 34, 'best_score': 0.2357683777809143}, {'epoch': 35, 'best_score': 0.23590177297592163}, {'epoch': 36, 'best_score': 0.234360933303833}, {'epoch': 37, 'best_score': 0.2312125563621521}, {'epoch': 38, 'best_score': 0.23047548532485962}, {'epoch': 39, 'best_score': 0.23127925395965576}, {'epoch': 40, 'best_score': 0.22973841428756714}, {'epoch': 41, 'best_score': 0.2275272011756897}, {'epoch': 42, 'best_score': 0.22679013013839722}, {'epoch': 43, 'best_score': 0.22906804084777832}, {'epoch': 44, 'best_score': 0.224578857421875}, {'epoch': 45, 'best_score': 0.22672343254089355}, {'epoch': 46, 'best_score': 0.23127925395965576}, {'epoch': 47, 'best_score': 0.23282009363174438}, {'epoch': 48, 'best_score': 0.23282009363174438}, {'epoch': 49, 'best_score': 0.23282009363174438}]",domainnet,3,DANN,logits,345.0,0.8096050024032593,0.8096050024032593,0.4719189405441284,0.46562090516090393,splits_domainnet_DANN_3_0_b09dc755c62e.npz,b09dc755c62e,False,False,0.2126514131897712,0.6783310901749664,0.19789680766393336,,,,0.750888996811586,accuracy_vs_baselines,logits,IW residual DIS2 | W=2 | seed=0 (plug-in),True,
iw_residual_dis2,2.0,0.0,28152.0,9910.0,7040.0,2478.0,0.8025568181818181,0.0,1.0,0.8766927123069763,0.5,0.5,0.7155721187591553,0.1901533603668213,810.0,1312.0,422.0,656.0,0.12172763005943724,0.44552058111380144,6367.0,673.0,1374.0,1104.0,ok,plugin,False,,3927.2573157152947,4157.312793369796,1.9978023845224555,0.4898443620699584,1.5914362580035755,0.8677536231884058,0.20587829661796472,0.32760592667740196,0.672394073322598,0.672394073322598,False,4.0,8.0,0.31559211015701294,0.5639810562133789,0.8795731663703918,"[{'epoch': 0, 'best_score': 0.05635911226272583}, {'epoch': 1, 'best_score': 0.16195380687713623}, {'epoch': 2, 'best_score': 0.2568778395652771}, {'epoch': 3, 'best_score': 0.28954023122787476}, {'epoch': 4, 'best_score': 0.31559211015701294}, {'epoch': 5, 'best_score': 0.3130562901496887}, {'epoch': 6, 'best_score': 0.2961362600326538}, {'epoch': 7, 'best_score': 0.30036264657974243}, {'epoch': 8, 'best_score': 0.29393279552459717}, {'epoch': 9, 'best_score': 0.3122255206108093}, {'epoch': 10, 'best_score': 0.2954716682434082}, {'epoch': 11, 'best_score': 0.28362327814102173}, {'epoch': 12, 'best_score': 0.27414464950561523}, {'epoch': 13, 'best_score': 0.26466596126556396}, {'epoch': 14, 'best_score': 0.2682276964187622}, {'epoch': 15, 'best_score': 0.2682276964187622}, {'epoch': 16, 'best_score': 0.25874900817871094}, {'epoch': 17, 'best_score': 0.2555340528488159}, {'epoch': 18, 'best_score': 0.24842506647109985}, {'epoch': 19, 'best_score': 0.2538434863090515}, {'epoch': 20, 'best_score': 0.25536787509918213}, {'epoch': 21, 'best_score': 0.2546887993812561}, {'epoch': 22, 'best_score': 0.2538434863090515}, {'epoch': 23, 'best_score': 0.24504393339157104}, {'epoch': 24, 'best_score': 0.24318718910217285}, {'epoch': 25, 'best_score': 0.2504623532295227}, {'epoch': 26, 'best_score': 0.25351113080978394}, {'epoch': 27, 'best_score': 0.24724745750427246}, {'epoch': 28, 'best_score': 0.2519867420196533}, {'epoch': 29, 'best_score': 0.25351113080978394}, {'epoch': 30, 'best_score': 0.24724745750427246}, {'epoch': 31, 'best_score': 0.24166280031204224}, {'epoch': 32, 'best_score': 0.24013841152191162}, {'epoch': 33, 'best_score': 0.23589760065078735}, {'epoch': 34, 'best_score': 0.2370896339416504}, {'epoch': 35, 'best_score': 0.24182897806167603}, {'epoch': 36, 'best_score': 0.2394593358039856}, {'epoch': 37, 'best_score': 0.2394593358039856}, {'epoch': 38, 'best_score': 0.23894637823104858}, {'epoch': 39, 'best_score': 0.24640214443206787}, {'epoch': 40, 'best_score': 0.24403250217437744}, {'epoch': 41, 'best_score': 0.24403250217437744}, {'epoch': 42, 'best_score': 0.24318718910217285}, {'epoch': 43, 'best_score': 0.24539071321487427}, {'epoch': 44, 'best_score': 0.24199515581130981}, {'epoch': 45, 'best_score': 0.24335336685180664}, {'epoch': 46, 'best_score': 0.24487775564193726}, {'epoch': 47, 'best_score': 0.24302101135253906}, {'epoch': 48, 'best_score': 0.24691510200500488}, {'epoch': 49, 'best_score': 0.2484394907951355}]",domainnet,1,CDANN,logits,345.0,0.8055910468101501,0.8055910468101501,0.5121089816093445,0.5205811262130737,splits_domainnet_CDANN_1_0_b09dc755c62e.npz,b09dc755c62e,False,False,0.22436849925705796,0.6300148588410104,0.23773876434739538,,,,0.672394073322598,accuracy_vs_baselines,logits,IW residual DIS2 | W=2 | seed=0 (plug-in),True,
iw_residual_dis2,2.0,0.0,28152.0,14207.0,7040.0,3553.0,0.8004261363636364,0.0,1.0,0.8212013840675354,0.5,0.5,0.7187232375144958,0.18246705830097198,813.0,2144.0,430.0,1092.0,0.11592182109816551,0.5161835068955812,6333.0,707.0,1719.0,1834.0,ok,plugin,False,,3608.061953668724,3864.7679997049872,1.9994099113240462,0.4280133463159136,1.563187840723199,0.8773173391494002,0.2476975251704737,0.36361934626863923,0.6363806537313608,0.6363806537313608,False,6.0,17.0,0.3135829567909241,0.5627906918525696,0.8763736486434937,"[{'epoch': 0, 'best_score': 0.061176419258117676}, {'epoch': 1, 'best_score': 0.16767185926437378}, {'epoch': 2, 'best_score': 0.24380266666412354}, {'epoch': 3, 'best_score': 0.2887001037597656}, {'epoch': 4, 'best_score': 0.3047747015953064}, {'epoch': 5, 'best_score': 0.3018825650215149}, {'epoch': 6, 'best_score': 0.3135829567909241}, {'epoch': 7, 'best_score': 0.30787116289138794}, {'epoch': 8, 'best_score': 0.31342536211013794}, {'epoch': 9, 'best_score': 0.2888321280479431}, {'epoch': 10, 'best_score': 0.28022831678390503}, {'epoch': 11, 'best_score': 0.2786736488342285}, {'epoch': 12, 'best_score': 0.26979297399520874}, {'epoch': 13, 'best_score': 0.265708327293396}, {'epoch': 14, 'best_score': 0.265708327293396}, {'epoch': 15, 'best_score': 0.27078115940093994}, {'epoch': 16, 'best_score': 0.26358717679977417}, {'epoch': 17, 'best_score': 0.26133400201797485}, {'epoch': 18, 'best_score': 0.2566828727722168}, {'epoch': 19, 'best_score': 0.25294744968414307}, {'epoch': 20, 'best_score': 0.24921202659606934}, {'epoch': 21, 'best_score': 0.26365959644317627}, {'epoch': 22, 'best_score': 0.26083987951278687}, {'epoch': 23, 'best_score': 0.26224976778030396}, {'epoch': 24, 'best_score': 0.26309311389923096}, {'epoch': 25, 'best_score': 0.2556946873664856}, {'epoch': 26, 'best_score': 0.2579478621482849}, {'epoch': 27, 'best_score': 0.2560439705848694}, {'epoch': 28, 'best_score': 0.25188684463500977}, {'epoch': 29, 'best_score': 0.2383551001548767}, {'epoch': 30, 'best_score': 0.23694521188735962}, {'epoch': 31, 'best_score': 0.23877674341201782}, {'epoch': 32, 'best_score': 0.2355353832244873}, {'epoch': 33, 'best_score': 0.2346196174621582}, {'epoch': 34, 'best_score': 0.234125554561615}, {'epoch': 35, 'best_score': 0.23187237977981567}, {'epoch': 36, 'best_score': 0.23222166299819946}, {'epoch': 37, 'best_score': 0.23313742876052856}, {'epoch': 38, 'best_score': 0.233631432056427}, {'epoch': 39, 'best_score': 0.23355907201766968}, {'epoch': 40, 'best_score': 0.23123347759246826}, {'epoch': 41, 'best_score': 0.22932958602905273}, {'epoch': 42, 'best_score': 0.2284138798713684}, {'epoch': 43, 'best_score': 0.2257390022277832}, {'epoch': 44, 'best_score': 0.2257390022277832}, {'epoch': 45, 'best_score': 0.22524487972259521}, {'epoch': 46, 'best_score': 0.2243291139602661}, {'epoch': 47, 'best_score': 0.2257390022277832}, {'epoch': 48, 'best_score': 0.223907470703125}, {'epoch': 49, 'best_score': 0.223907470703125}]",domainnet,2,CDANN,logits,345.0,0.8071539998054504,0.8071539998054504,0.42063772678375244,0.4218969941139221,splits_domainnet_CDANN_2_0_b09dc755c62e.npz,b09dc755c62e,False,False,0.2079207920792079,0.6053748231966054,0.27194251595279484,,,,0.6363806537313608,accuracy_vs_baselines,logits,IW residual DIS2 | W=2 | seed=0 (plug-in),True,
iw_residual_dis2,2.0,0.0,28152.0,15295.0,7040.0,3825.0,0.8063920454545455,0.0,1.0,0.8649395108222961,0.5,0.5,0.6886382102966309,0.20106446743011475,924.0,1858.0,488.0,945.0,0.1181812044712839,0.40784313725490196,6254.0,786.0,2265.0,1560.0,ok,plugin,False,,4117.338747694619,4295.258617316316,1.9978812904466472,0.5423618427242287,1.5934886840018836,0.8903846153846153,0.18827321259292512,0.306454417064209,0.693545582935791,0.693545582935791,False,6.0,28.0,0.26257920265197754,0.6495901346206665,0.912169337272644,"[{'epoch': 0, 'best_score': 0.04870980978012085}, {'epoch': 1, 'best_score': 0.11162936687469482}, {'epoch': 2, 'best_score': 0.18418991565704346}, {'epoch': 3, 'best_score': 0.23593980073928833}, {'epoch': 4, 'best_score': 0.24776434898376465}, {'epoch': 5, 'best_score': 0.26046276092529297}, {'epoch': 6, 'best_score': 0.26257920265197754}, {'epoch': 7, 'best_score': 0.2542479634284973}, {'epoch': 8, 'best_score': 0.25140953063964844}, {'epoch': 9, 'best_score': 0.2508218288421631}, {'epoch': 10, 'best_score': 0.2477816939353943}, {'epoch': 11, 'best_score': 0.24071037769317627}, {'epoch': 12, 'best_score': 0.23535215854644775}, {'epoch': 13, 'best_score': 0.23224478960037231}, {'epoch': 14, 'best_score': 0.23674649000167847}, {'epoch': 15, 'best_score': 0.22755873203277588}, {'epoch': 16, 'best_score': 0.22431695461273193}, {'epoch': 17, 'best_score': 0.22465306520462036}, {'epoch': 18, 'best_score': 0.22141122817993164}, {'epoch': 19, 'best_score': 0.2262316346168518}, {'epoch': 20, 'best_score': 0.22445142269134521}, {'epoch': 21, 'best_score': 0.2234603762626648}, {'epoch': 22, 'best_score': 0.2243841290473938}, {'epoch': 23, 'best_score': 0.22458583116531372}, {'epoch': 24, 'best_score': 0.22451859712600708}, {'epoch': 25, 'best_score': 0.22451859712600708}, {'epoch': 26, 'best_score': 0.22246944904327393}, {'epoch': 27, 'best_score': 0.2226039171218872}, {'epoch': 28, 'best_score': 0.22267109155654907}, {'epoch': 29, 'best_score': 0.22465306520462036}, {'epoch': 30, 'best_score': 0.21731287240982056}, {'epoch': 31, 'best_score': 0.22359484434127808}, {'epoch': 32, 'best_score': 0.21942931413650513}, {'epoch': 33, 'best_score': 0.21638906002044678}, {'epoch': 34, 'best_score': 0.21638906002044678}, {'epoch': 35, 'best_score': 0.2175145149230957}, {'epoch': 36, 'best_score': 0.2183038592338562}, {'epoch': 37, 'best_score': 0.22154569625854492}, {'epoch': 38, 'best_score': 0.22048747539520264}, {'epoch': 39, 'best_score': 0.22174733877182007}, {'epoch': 40, 'best_score': 0.22366207838058472}, {'epoch': 41, 'best_score': 0.224720299243927}, {'epoch': 42, 'best_score': 0.22366207838058472}, {'epoch': 43, 'best_score': 0.21956366300582886}, {'epoch': 44, 'best_score': 0.2144743800163269}, {'epoch': 45, 'best_score': 0.21546530723571777}, {'epoch': 46, 'best_score': 0.21546530723571777}, {'epoch': 47, 'best_score': 0.21433991193771362}, {'epoch': 48, 'best_score': 0.21652352809906006}, {'epoch': 49, 'best_score': 0.21758174896240234}]",domainnet,3,CDANN,logits,345.0,0.8074381947517395,0.8074381947517395,0.49369075894355774,0.48549020290374756,splits_domainnet_CDANN_3_0_b09dc755c62e.npz,b09dc755c62e,False,False,0.23155216284987276,0.6603053435114504,0.2300792718731649,,,,0.693545582935791,accuracy_vs_baselines,logits,IW residual DIS2 | W=2 | seed=0 (plug-in),True,
iw_residual_dis2,2.0,0.0,1700.0,8804.0,425.0,2203.0,0.8658823529411764,0.0,1.0,16.756206512451172,0.5,0.5,0.5182152390480042,0.24998150765895844,,,,,0.13440250150973013,0.0,425.0,0.0,2203.0,0.0,ok,plugin,False,,425.7139188017252,424.86625879663194,1.0612811485222913,0.9998074373474651,1.0357852693822998,,0.0,0.13440250150973013,0.8655974984902699,0.8655974984902699,False,,,,,,,living17,1,DANN,logits,17.0,0.8994117379188538,0.8994117379188538,0.6758291721343994,0.6876986026763916,splits_living17_DANN_1_0_b09dc755c62e.npz,b09dc755c62e,False,False,,,,,,,0.8655974984902699,accuracy_vs_baselines,logits,IW residual DIS2 | W=2 | seed=0 (plug-in),True,
iw_residual_dis2,2.0,0.0,1700.0,68.0,425.0,19.0,0.8823529411764706,0.0,1.0,54.598148345947266,0.5,0.5,0.386274516582489,0.2505391836166382,,,,,0.11527369713515521,0.0,425.0,0.0,19.0,0.0,ok,plugin,False,,418.91730653790717,424.70318210046617,1.0586324638397553,0.9846885207200412,1.02813654610826,,0.0,0.11527369713515521,0.8847263028648448,0.8847263028648448,False,,,,,,,living17,2,DANN,logits,17.0,0.9094117283821106,0.9094117283821106,0.8970588445663452,0.8421052694320679,splits_living17_DANN_2_0_b09dc755c62e.npz,b09dc755c62e,True,False,,,,,,,0.8847263028648448,accuracy_vs_baselines,logits,IW residual DIS2 | W=2 | seed=0 (plug-in),True,
iw_residual_dis2,2.0,0.0,1700.0,68.0,425.0,19.0,0.8894117647058823,0.0,1.0,7.57162618637085,0.5,0.5,0.501960813999176,0.24727191030979156,,,,,0.10234834389651595,0.0,425.0,0.0,19.0,0.0,ok,plugin,False,,397.8374561170127,412.0984209205271,1.5756817925313693,0.9067214651156508,1.265744834394328,,0.0,0.10234834389651595,0.8976516561034841,0.8976516561034841,False,,,,,,,living17,3,DANN,logits,17.0,0.9052940607070923,0.9052940607070923,0.5882353186607361,0.6842105388641357,splits_living17_DANN_3_0_b09dc755c62e.npz,b09dc755c62e,False,False,,,,,,,0.8976516561034841,accuracy_vs_baselines,logits,IW residual DIS2 | W=2 | seed=0 (plug-in),True,
iw_residual_dis2,2.0,0.0,1700.0,8804.0,425.0,2203.0,0.8894117647058823,0.0,1.0,11.750850677490234,0.5,0.5,0.5014705657958984,0.2499570995569229,,,,,0.11126764865826196,0.0,425.0,0.0,2203.0,0.0,ok,plugin,False,,426.08420396009734,424.696152932278,1.103055487160864,1.0032600364648732,1.050696652820813,,0.0,0.11126764865826196,0.888732351341738,0.888732351341738,False,,,,,,,living17,1,CDANN,logits,17.0,0.9052940607070923,0.9052940607070923,0.6863925457000732,0.6981388926506042,splits_living17_CDANN_1_0_b09dc755c62e.npz,b09dc755c62e,False,False,,,,,,,0.888732351341738,accuracy_vs_baselines,logits,IW residual DIS2 | W=2 | seed=0 (plug-in),True,
iw_residual_dis2,2.0,0.0,1700.0,68.0,425.0,19.0,0.8917647058823529,0.0,1.0,54.598148345947266,0.5,0.5,0.5049019455909729,0.2506290674209595,,,,,0.10663075780699113,0.0,425.0,0.0,19.0,0.0,ok,plugin,False,,420.0787161721404,424.8003173714308,1.0622783326012735,0.9874614814400315,1.0250536946908158,,0.0,0.10663075780699113,0.8933692421930088,0.8933692421930088,False,,,,,,,living17,2,CDANN,logits,17.0,0.9094117283821106,0.9094117283821106,0.8676470518112183,0.8421052694320679,splits_living17_CDANN_2_0_b09dc755c62e.npz,b09dc755c62e,False,False,,,,,,,0.8933692421930088,accuracy_vs_baselines,logits,IW residual DIS2 | W=2 | seed=0 (plug-in),True,
iw_residual_dis2,2.0,0.0,1700.0,68.0,425.0,19.0,0.8823529411764706,0.0,1.0,54.598148345947266,0.5,0.5,0.5470588207244873,0.25016355514526367,,,,,0.11620512572633702,0.0,425.0,0.0,19.0,0.0,ok,plugin,False,,421.52037358016673,424.79365637634123,1.0574743452587514,0.9908828841757463,1.0305761199853098,,0.0,0.11620512572633702,0.883794874273663,0.883794874273663,False,,,,,,,living17,3,CDANN,logits,17.0,0.9052940607070923,0.9052940607070923,0.5588235259056091,0.6315789222717285,splits_living17_CDANN_3_0_b09dc755c62e.npz,b09dc755c62e,False,False,,,,,,,0.883794874273663,accuracy_vs_baselines,logits,IW residual DIS2 | W=2 | seed=0 (plug-in),True,
iw_residual_dis2,2.0,0.0,2600.0,13282.0,650.0,3322.0,0.8046153846153846,0.0,1.0,12.373048782348633,0.5,0.5,0.49578893184661865,0.24997884035110474,,,,,0.1953306662241803,0.0,650.0,0.0,3322.0,0.0,ok,plugin,False,,650.5700602589743,649.7727854777203,1.0844597336415018,1.0017832600681866,1.0304142378909953,,0.0,0.1953306662241803,0.8046693337758197,0.8046693337758197,False,,,,,,,nonliving26,1,DANN,logits,26.0,0.8126922845840454,0.8126922845840454,0.5122722387313843,0.5192654728889465,splits_nonliving26_DANN_1_0_b09dc755c62e.npz,b09dc755c62e,False,False,,,,,,,0.8046693337758197,accuracy_vs_baselines,logits,IW residual DIS2 | W=2 | seed=0 (plug-in),True,
iw_residual_dis2,2.0,0.0,2600.0,104.0,650.0,28.0,0.8292307692307692,0.0,1.0,54.598148345947266,0.5,0.5,0.38846156001091003,0.25114089250564575,,,,,0.16928835900196756,0.0,650.0,0.0,28.0,0.0,ok,plugin,False,,644.5054915247124,649.6497218998405,1.083841619850997,0.9902270713354869,1.0315954847034363,,0.0,0.16928835900196756,0.8307116409980324,0.8307116409980324,False,,,,,,,nonliving26,2,DANN,logits,26.0,0.8176922798156738,0.8176922798156738,0.75,0.7142857313156128,splits_nonliving26_DANN_2_0_b09dc755c62e.npz,b09dc755c62e,False,False,,,,,,,0.8307116409980324,accuracy_vs_baselines,logits,IW residual DIS2 | W=2 | seed=0 (plug-in),True,
iw_residual_dis2,2.0,0.0,2600.0,104.0,650.0,28.0,0.8246153846153846,0.0,1.0,54.598148345947266,0.5,0.5,0.5365384817123413,0.25105389952659607,,,,,0.1741453063713572,0.0,650.0,0.0,28.0,0.0,ok,plugin,False,,645.0326499819731,649.7080949542882,1.0594409484206764,0.9929202071237218,1.0243252824099547,,0.0,0.1741453063713572,0.8258546936286428,0.8258546936286428,False,,,,,,,nonliving26,3,DANN,logits,26.0,0.8146153688430786,0.8146153688430786,0.4038461744785309,0.3214285969734192,splits_nonliving26_DANN_3_0_b09dc755c62e.npz,b09dc755c62e,False,False,,,,,,,0.8258546936286428,accuracy_vs_baselines,logits,IW residual DIS2 | W=2 | seed=0 (plug-in),True,
iw_residual_dis2,2.0,0.0,2600.0,13282.0,650.0,3322.0,0.8169230769230769,0.0,1.0,7.686832904815674,0.5,0.5,0.5021895170211792,0.2498849332332611,,,,,0.18470858540349727,0.0,650.0,0.0,3322.0,0.0,ok,plugin,False,,652.078458608405,648.7735821328986,1.154293146524031,1.0011564015750678,1.0730162357120294,,0.0,0.18470858540349727,0.8152914145965027,0.8152914145965027,False,,,,,,,nonliving26,1,CDANN,logits,26.0,0.8176922798156738,0.8176922798156738,0.5332028269767761,0.5352197289466858,splits_nonliving26_CDANN_1_0_b09dc755c62e.npz,b09dc755c62e,False,False,,,,,,,0.8152914145965027,accuracy_vs_baselines,logits,IW residual DIS2 | W=2 | seed=0 (plug-in),True,
iw_residual_dis2,2.0,0.0,2600.0,104.0,650.0,28.0,0.8138461538461539,0.0,1.0,54.598148345947266,0.5,0.5,0.48653846979141235,0.25163984298706055,,,,,0.1845057090510275,0.0,650.0,0.0,28.0,0.0,ok,plugin,False,,644.9818944649705,649.6228527621274,1.0793665205549292,0.9921471149917618,1.0302029240740564,,0.0,0.1845057090510275,0.8154942909489725,0.8154942909489725,False,,,,,,,nonliving26,2,CDANN,logits,26.0,0.8165384531021118,0.8165384531021118,0.7692307829856873,0.7500000596046448,splits_nonliving26_CDANN_2_0_b09dc755c62e.npz,b09dc755c62e,False,False,,,,,,,0.8154942909489725,accuracy_vs_baselines,logits,IW residual DIS2 | W=2 | seed=0 (plug-in),True,
iw_residual_dis2,2.0,0.0,2600.0,104.0,650.0,28.0,0.8123076923076923,0.0,1.0,54.598148345947266,0.5,0.5,0.4596153795719147,0.2510206997394562,,,,,0.1850543678115881,0.0,650.0,0.0,28.0,0.0,ok,plugin,False,,643.5940549638867,649.6215182317272,1.084804199780962,0.990470618796623,1.0240975172141382,,0.0,0.1850543678115881,0.8149456321884119,0.8149456321884119,False,,,,,,,nonliving26,3,CDANN,logits,26.0,0.822692334651947,0.822692334651947,0.4038461744785309,0.3214285969734192,splits_nonliving26_CDANN_3_0_b09dc755c62e.npz,b09dc755c62e,False,False,,,,,,,0.8149456321884119,accuracy_vs_baselines,logits,IW residual DIS2 | W=2 | seed=0 (plug-in),True,
iw_residual_dis2,2.0,0.0,11745.0,35070.0,2938.0,8768.0,0.6388699795779442,0.0,1.0,1.3752713203430176,0.5,0.5,0.5431007146835327,0.24704568088054657,,,,,0.3477126161235499,0.00011405109489051095,2938.0,0.0,8767.0,1.0,unsupported_residual_source_region,plugin,False,,2928.57190049212,2803.9752075361216,1.9233309087236736,0.9926772360639708,1.3669665766860113,,,,,,,,,,,,,fmow,1,DANN,logits,62.0,0.6519370079040527,0.6519370079040527,0.6103222370147705,0.6077782511711121,splits_fmow_DANN_1_0_b09dc755c62e.npz,b09dc755c62e,,,,,,,,,,accuracy_vs_baselines,logits,IW residual DIS2 | W=2 | seed=0 (plug-in),False,
iw_residual_dis2,2.0,0.0,11745.0,39088.0,2938.0,9774.0,0.6344452008168822,0.0,1.0,1.2399344444274902,0.5,0.5,0.5546964406967163,0.24482622742652893,7.0,54.0,3.0,30.0,0.3673036530978637,0.004194802537343974,2933.0,5.0,9733.0,41.0,ok,plugin,False,,2934.187897729764,2704.83369420676,1.997981294933825,0.9752372129983414,1.520629949143691,1.0,0.0,0.3673036530978637,0.6326963469021363,0.6326963469021363,False,0.0,0.0,0.0,1.0,1.0,"[{'epoch': 0, 'best_score': 0.0}, {'epoch': 1, 'best_score': 0.0}, {'epoch': 2, 'best_score': 0.0}, {'epoch': 3, 'best_score': 0.0}, {'epoch': 4, 'best_score': 0.0}, {'epoch': 5, 'best_score': 0.0}, {'epoch': 6, 'best_score': 0.0}, {'epoch': 7, 'best_score': -0.03333336114883423}, {'epoch': 8, 'best_score': -0.03333336114883423}, {'epoch': 9, 'best_score': -0.03333336114883423}, {'epoch': 10, 'best_score': -0.03333336114883423}, {'epoch': 11, 'best_score': -0.03333336114883423}, {'epoch': 12, 'best_score': -0.03333336114883423}, {'epoch': 13, 'best_score': -0.10000002384185791}, {'epoch': 14, 'best_score': -0.06666666269302368}, {'epoch': 15, 'best_score': -0.06666666269302368}, {'epoch': 16, 'best_score': -0.06666666269302368}, {'epoch': 17, 'best_score': -0.10000002384185791}, {'epoch': 18, 'best_score': -0.06666666269302368}, {'epoch': 19, 'best_score': -0.06666666269302368}, {'epoch': 20, 'best_score': -0.10000002384185791}, {'epoch': 21, 'best_score': -0.10000002384185791}, {'epoch': 22, 'best_score': -0.10000002384185791}, {'epoch': 23, 'best_score': -0.13333332538604736}, {'epoch': 24, 'best_score': -0.13333332538604736}, {'epoch': 25, 'best_score': -0.10000002384185791}, {'epoch': 26, 'best_score': -0.13333332538604736}, {'epoch': 27, 'best_score': -0.1666666865348816}, {'epoch': 28, 'best_score': -0.1666666865348816}, {'epoch': 29, 'best_score': -0.1666666865348816}, {'epoch': 30, 'best_score': -0.10000002384185791}, {'epoch': 31, 'best_score': -0.10000002384185791}, {'epoch': 32, 'best_score': -0.10000002384185791}, {'epoch': 33, 'best_score': -0.1666666865348816}, {'epoch': 34, 'best_score': -0.1666666865348816}, {'epoch': 35, 'best_score': -0.1666666865348816}, {'epoch': 36, 'best_score': -0.1666666865348816}, {'epoch': 37, 'best_score': -0.13333332538604736}, {'epoch': 38, 'best_score': -0.13333332538604736}, {'epoch': 39, 'best_score': -0.13333332538604736}, {'epoch': 40, 'best_score': -0.13333332538604736}, {'epoch': 41, 'best_score': -0.13333332538604736}, {'epoch': 42, 'best_score': -0.13333332538604736}, {'epoch': 43, 'best_score': -0.13333332538604736}, {'epoch': 44, 'best_score': -0.13333332538604736}, {'epoch': 45, 'best_score': -0.13333332538604736}, {'epoch': 46, 'best_score': -0.13333332538604736}, {'epoch': 47, 'best_score': -0.13333332538604736}, {'epoch': 48, 'best_score': -0.10000002384185791}, {'epoch': 49, 'best_score': -0.10000002384185791}]",fmow,2,DANN,logits,62.0,0.6504895687103271,0.6504895687103271,0.5482756495475769,0.5545324683189392,splits_fmow_DANN_2_0_b09dc755c62e.npz,b09dc755c62e,False,False,0.0,1.0,0.0,,,,0.6326963469021363,accuracy_vs_baselines,logits,IW residual DIS2 | W=2 | seed=0 (plug-in),True,
iw_residual_dis2,2.0,0.0,11745.0,35070.0,2938.0,8768.0,0.6466984343090538,0.0,1.0,1.8349958658218384,0.5,0.5,0.5341331958770752,0.24863222241401672,,,,,0.3426043167961404,0.0,2938.0,0.0,8768.0,0.0,ok,plugin,False,,2918.0342649050135,2868.1767215168447,1.6569677801272777,0.9914839096654237,1.25340373746778,,0.0,0.3426043167961404,0.6573956832038597,0.6573956832038597,False,,,,,,,fmow,1,CDANN,logits,62.0,0.6558535695075989,0.6558535695075989,0.605617344379425,0.6010492444038391,splits_fmow_CDANN_1_0_b09dc755c62e.npz,b09dc755c62e,False,False,,,,,,,0.6573956832038597,accuracy_vs_baselines,logits,IW residual DIS2 | W=2 | seed=0 (plug-in),True,
iw_residual_dis2,2.0,0.0,11745.0,39088.0,2938.0,9774.0,0.6446562287270252,0.0,1.0,1.397735834121704,0.5,0.5,0.5392557382583618,0.2475474327802658,0.0,9.0,1.0,2.0,0.35233544391650923,0.0005115612850419481,2933.0,5.0,9769.0,5.0,unsupported_critic_region,plugin,False,,2920.9661186835483,2812.2542211522864,1.9447842355910459,0.9772699739088457,1.3634133838164981,,,,,,,,,,,,,fmow,2,CDANN,logits,62.0,0.6548318862915039,0.6548318862915039,0.5420845150947571,0.5445058345794678,splits_fmow_CDANN_2_0_b09dc755c62e.npz,b09dc755c62e,,,,,,,,,,accuracy_vs_baselines,logits,IW residual DIS2 | W=2 | seed=0 (plug-in),False,
iw_residual_dis2,2.0,0.0,731.0,898.0,184.0,227.0,0.9239130434782609,0.0,1.0,54.598148345947266,0.5,0.5,0.516776978969574,0.2501116991043091,,,,,0.07597543998111349,0.0,184.0,0.0,227.0,0.0,ok,plugin,False,,184.23525362979393,183.901066334617,1.0869976501999623,1.000905368661038,1.040020008602836,,0.0,0.07597543998111349,0.9240245600188866,0.9240245600188866,False,,,,,,,officehome,1,DANN,logits,65.0,0.922024667263031,0.922024667263031,0.7193763852119446,0.7268722057342529,splits_officehome_DANN_1_0_b09dc755c62e.npz,b09dc755c62e,False,False,,,,,,,0.9240245600188866,accuracy_vs_baselines,logits,IW residual DIS2 | W=2 | seed=0 (plug-in),True,
iw_residual_dis2,2.0,0.0,731.0,893.0,184.0,226.0,0.9021739130434783,0.0,1.0,2.617790937423706,0.5,0.5,0.5187009572982788,0.24238869547843933,6.0,8.0,4.0,3.0,0.09315480243898018,0.01327433628318584,181.0,3.0,223.0,3.0,ok,plugin,False,,182.5660578058708,165.47893903159698,1.835073674231037,0.9749627851589491,1.5662171179942692,1.0,0.008849557522123894,0.10200435996110407,0.897995640038896,0.897995640038896,False,0.0,20.0,0.25,0.75,1.0,"[{'epoch': 0, 'best_score': 0.25}, {'epoch': 1, 'best_score': 0.25}, {'epoch': 2, 'best_score': 0.25}, {'epoch': 3, 'best_score': 0.25}, {'epoch': 4, 'best_score': 0.25}, {'epoch': 5, 'best_score': 0.25}, {'epoch': 6, 'best_score': 0.25}, {'epoch': 7, 'best_score': 0.25}, {'epoch': 8, 'best_score': 0.25}, {'epoch': 9, 'best_score': 0.0}, {'epoch': 10, 'best_score': 0.0}, {'epoch': 11, 'best_score': 0.0}, {'epoch': 12, 'best_score': 0.0}, {'epoch': 13, 'best_score': 0.0}, {'epoch': 14, 'best_score': 0.0}, {'epoch': 15, 'best_score': 0.0}, {'epoch': 16, 'best_score': 0.0}, {'epoch': 17, 'best_score': 0.0}, {'epoch': 18, 'best_score': 0.0}, {'epoch': 19, 'best_score': 0.0}, {'epoch': 20, 'best_score': 0.0}, {'epoch': 21, 'best_score': 0.25}, {'epoch': 22, 'best_score': 0.25}, {'epoch': 23, 'best_score': 0.25}, {'epoch': 24, 'best_score': 0.25}, {'epoch': 25, 'best_score': 0.25}, {'epoch': 26, 'best_score': 0.25}, {'epoch': 27, 'best_score': 0.25}, {'epoch': 28, 'best_score': 0.25}, {'epoch': 29, 'best_score': 0.25}, {'epoch': 30, 'best_score': 0.25}, {'epoch': 31, 'best_score': 0.25}, {'epoch': 32, 'best_score': 0.25}, {'epoch': 33, 'best_score': 0.25}, {'epoch': 34, 'best_score': 0.25}, {'epoch': 35, 'best_score': 0.25}, {'epoch': 36, 'best_score': 0.25}, {'epoch': 37, 'best_score': 0.25}, {'epoch': 38, 'best_score': 0.25}, {'epoch': 39, 'best_score': 0.25}, {'epoch': 40, 'best_score': 0.25}, {'epoch': 41, 'best_score': 0.25}, {'epoch': 42, 'best_score': 0.25}, {'epoch': 43, 'best_score': 0.25}, {'epoch': 44, 'best_score': 0.25}, {'epoch': 45, 'best_score': 0.25}, {'epoch': 46, 'best_score': 0.25}, {'epoch': 47, 'best_score': 0.25}, {'epoch': 48, 'best_score': 0.25}, {'epoch': 49, 'best_score': 0.25}]",officehome,2,DANN,logits,65.0,0.915184736251831,0.915184736251831,0.44904816150665283,0.45132744312286377,splits_officehome_DANN_2_0_b09dc755c62e.npz,b09dc755c62e,False,False,0.3333333333333333,0.6666666666666666,0.33333333333333337,,,,0.897995640038896,accuracy_vs_baselines,logits,IW residual DIS2 | W=2 | seed=0 (plug-in),True,
iw_residual_dis2,2.0,0.0,731.0,507.0,184.0,128.0,0.9130434782608696,0.0,1.0,26.049518585205078,0.5,0.5,0.5082191228866577,0.2497924417257309,,,,,0.0866913116969914,0.0,184.0,0.0,128.0,0.0,ok,plugin,False,,182.3591993506694,183.39954003699063,1.1721688523178841,0.9901303451797778,1.0828212096182739,,0.0,0.0866913116969914,0.9133086883030086,0.9133086883030086,False,,,,,,,officehome,3,DANN,logits,65.0,0.9056087732315063,0.9056087732315063,0.5364891290664673,0.5625,splits_officehome_DANN_3_0_b09dc755c62e.npz,b09dc755c62e,False,False,,,,,,,0.9133086883030086,accuracy_vs_baselines,logits,IW residual DIS2 | W=2 | seed=0 (plug-in),True,
iw_residual_dis2,2.0,0.0,731.0,898.0,184.0,227.0,0.9130434782608696,0.0,1.0,3.740297317504883,0.5,0.5,0.5397875905036926,0.2456914186477661,1.0,8.0,1.0,1.0,0.07922430429060734,0.022026431718061675,183.0,1.0,222.0,5.0,ok,plugin,False,,174.14573748571604,171.57385407189167,1.9334006824552201,0.9123998371665012,1.3710156904308701,1.0,0.0,0.07922430429060734,0.9207756957093927,0.9207756957093927,False,0.0,0.0,0.0,1.0,1.0,"[{'epoch': 0, 'best_score': 0.0}, {'epoch': 1, 'best_score': 0.0}, {'epoch': 2, 'best_score': 0.0}, {'epoch': 3, 'best_score': 0.0}, {'epoch': 4, 'best_score': 0.0}, {'epoch': 5, 'best_score': 0.0}, {'epoch': 6, 'best_score': 0.0}, {'epoch': 7, 'best_score': 0.0}, {'epoch': 8, 'best_score': 0.0}, {'epoch': 9, 'best_score': 0.0}, {'epoch': 10, 'best_score': 0.0}, {'epoch': 11, 'best_score': 0.0}, {'epoch': 12, 'best_score': 0.0}, {'epoch': 13, 'best_score': 0.0}, {'epoch': 14, 'best_score': 0.0}, {'epoch': 15, 'best_score': 0.0}, {'epoch': 16, 'best_score': 0.0}, {'epoch': 17, 'best_score': 0.0}, {'epoch': 18, 'best_score': 0.0}, {'epoch': 19, 'best_score': 0.0}, {'epoch': 20, 'best_score': 0.0}, {'epoch': 21, 'best_score': 0.0}, {'epoch': 22, 'best_score': 0.0}, {'epoch': 23, 'best_score': 0.0}, {'epoch': 24, 'best_score': 0.0}, {'epoch': 25, 'best_score': 0.0}, {'epoch': 26, 'best_score': 0.0}, {'epoch': 27, 'best_score': 0.0}, {'epoch': 28, 'best_score': 0.0}, {'epoch': 29, 'best_score': 0.0}, {'epoch': 30, 'best_score': 0.0}, {'epoch': 31, 'best_score': 0.0}, {'epoch': 32, 'best_score': 0.0}, {'epoch': 33, 'best_score': 0.0}, {'epoch': 34, 'best_score': 0.0}, {'epoch': 35, 'best_score': 0.0}, {'epoch': 36, 'best_score': 0.0}, {'epoch': 37, 'best_score': 0.0}, {'epoch': 38, 'best_score': 0.0}, {'epoch': 39, 'best_score': 0.0}, {'epoch': 40, 'best_score': 0.0}, {'epoch': 41, 'best_score': 0.0}, {'epoch': 42, 'best_score': 0.0}, {'epoch': 43, 'best_score': 0.0}, {'epoch': 44, 'best_score': 0.0}, {'epoch': 45, 'best_score': 0.0}, {'epoch': 46, 'best_score': 0.0}, {'epoch': 47, 'best_score': 0.0}, {'epoch': 48, 'best_score': 0.0}, {'epoch': 49, 'best_score': 0.0}]",officehome,1,CDANN,logits,65.0,0.9138167500495911,0.9138167500495911,0.730512261390686,0.7488986253738403,splits_officehome_CDANN_1_0_b09dc755c62e.npz,b09dc755c62e,False,False,0.0,1.0,0.0,,,,0.9207756957093927,accuracy_vs_baselines,logits,IW residual DIS2 | W=2 | seed=0 (plug-in),True,
iw_residual_dis2,2.0,0.0,731.0,893.0,184.0,226.0,0.8913043478260869,0.0,1.0,0.9094792604446411,0.5,0.5,0.7025550603866577,0.18405568599700928,19.0,119.0,10.0,73.0,0.07137084277419865,0.4823008849557522,165.0,19.0,117.0,109.0,ok,plugin,False,,87.73429802641188,98.23613620064572,1.9939822721595453,0.3541240294537175,1.3825622656253547,0.8715596330275229,0.14112715416860733,0.21249799694280597,0.787502003057194,0.787502003057194,False,15.0,14.0,0.517808198928833,0.4000000059604645,0.9178082346916199,"[{'epoch': 0, 'best_score': 0.23150688409805298}, {'epoch': 1, 'best_score': 0.21780824661254883}, {'epoch': 2, 'best_score': 0.3315068483352661}, {'epoch': 3, 'best_score': 0.3041095733642578}, {'epoch': 4, 'best_score': 0.2863013744354248}, {'epoch': 5, 'best_score': 0.3315068483352661}, {'epoch': 6, 'best_score': 0.431506872177124}, {'epoch': 7, 'best_score': 0.47671231627464294}, {'epoch': 8, 'best_score': 0.47671231627464294}, {'epoch': 9, 'best_score': 0.47671231627464294}, {'epoch': 10, 'best_score': 0.5041096210479736}, {'epoch': 11, 'best_score': 0.5041096210479736}, {'epoch': 12, 'best_score': 0.4904109537601471}, {'epoch': 13, 'best_score': 0.47671231627464294}, {'epoch': 14, 'best_score': 0.4630136787891388}, {'epoch': 15, 'best_score': 0.517808198928833}, {'epoch': 16, 'best_score': 0.5041096210479736}, {'epoch': 17, 'best_score': 0.5041096210479736}, {'epoch': 18, 'best_score': 0.4904109537601471}, {'epoch': 19, 'best_score': 0.4904109537601471}, {'epoch': 20, 'best_score': 0.4904109537601471}, {'epoch': 21, 'best_score': 0.4904109537601471}, {'epoch': 22, 'best_score': 0.4904109537601471}, {'epoch': 23, 'best_score': 0.5041096210479736}, {'epoch': 24, 'best_score': 0.5041096210479736}, {'epoch': 25, 'best_score': 0.5041096210479736}, {'epoch': 26, 'best_score': 0.5041096210479736}, {'epoch': 27, 'best_score': 0.517808198928833}, {'epoch': 28, 'best_score': 0.517808198928833}, {'epoch': 29, 'best_score': 0.517808198928833}, {'epoch': 30, 'best_score': 0.517808198928833}, {'epoch': 31, 'best_score': 0.5041096210479736}, {'epoch': 32, 'best_score': 0.4904109537601471}, {'epoch': 33, 'best_score': 0.4904109537601471}, {'epoch': 34, 'best_score': 0.4904109537601471}, {'epoch': 35, 'best_score': 0.47671231627464294}, {'epoch': 36, 'best_score': 0.47671231627464294}, {'epoch': 37, 'best_score': 0.47671231627464294}, {'epoch': 38, 'best_score': 0.47671231627464294}, {'epoch': 39, 'best_score': 0.47671231627464294}, {'epoch': 40, 'best_score': 0.47671231627464294}, {'epoch': 41, 'best_score': 0.47671231627464294}, {'epoch': 42, 'best_score': 0.47671231627464294}, {'epoch': 43, 'best_score': 0.47671231627464294}, {'epoch': 44, 'best_score': 0.47671231627464294}, {'epoch': 45, 'best_score': 0.4904109537601471}, {'epoch': 46, 'best_score': 0.4904109537601471}, {'epoch': 47, 'best_score': 0.4904109537601471}, {'epoch': 48, 'best_score': 0.47671231627464294}, {'epoch': 49, 'best_score': 0.4904109537601471}]",officehome,2,CDANN,logits,65.0,0.9015048146247864,0.9015048146247864,0.4501679837703705,0.45132744312286377,splits_officehome_CDANN_2_0_b09dc755c62e.npz,b09dc755c62e,False,False,0.15789473684210525,0.7368421052631579,0.13471752776436507,,,,0.787502003057194,accuracy_vs_baselines,logits,IW residual DIS2 | W=2 | seed=0 (plug-in),True,
iw_residual_dis2,2.0,0.0,731.0,507.0,184.0,128.0,0.9130434782608696,0.0,1.0,1.5892244577407837,0.5,0.5,0.7230136394500732,0.19719639420509338,18.0,58.0,6.0,30.0,0.07212526864022711,0.390625,167.0,17.0,78.0,50.0,ok,plugin,False,,110.51049184886871,113.8264380819019,1.9572967925383926,0.5039644809719348,1.5475299225102335,0.92,0.0376838235294118,0.10980909216963891,0.8901909078303611,0.8901909078303611,False,5.0,5.0,0.36666667461395264,0.5,0.8666666746139526,"[{'epoch': 0, 'best_score': 0.13333332538604736}, {'epoch': 1, 'best_score': 0.2333332896232605}, {'epoch': 2, 'best_score': 0.2333332896232605}, {'epoch': 3, 'best_score': 0.2666666507720947}, {'epoch': 4, 'best_score': 0.2999999523162842}, {'epoch': 5, 'best_score': 0.36666667461395264}, {'epoch': 6, 'best_score': 0.3333333134651184}, {'epoch': 7, 'best_score': 0.2666666507720947}, {'epoch': 8, 'best_score': 0.2999999523162842}, {'epoch': 9, 'best_score': 0.2999999523162842}, {'epoch': 10, 'best_score': 0.2666666507720947}, {'epoch': 11, 'best_score': 0.2666666507720947}, {'epoch': 12, 'best_score': 0.2666666507720947}, {'epoch': 13, 'best_score': 0.2333332896232605}, {'epoch': 14, 'best_score': 0.2666666507720947}, {'epoch': 15, 'best_score': 0.19999998807907104}, {'epoch': 16, 'best_score': 0.19999998807907104}, {'epoch': 17, 'best_score': 0.19999998807907104}, {'epoch': 18, 'best_score': 0.19999998807907104}, {'epoch': 19, 'best_score': 0.16666662693023682}, {'epoch': 20, 'best_score': 0.16666662693023682}, {'epoch': 21, 'best_score': 0.16666662693023682}, {'epoch': 22, 'best_score': 0.16666662693023682}, {'epoch': 23, 'best_score': 0.06666666269302368}, {'epoch': 24, 'best_score': 0.06666666269302368}, {'epoch': 25, 'best_score': 0.06666666269302368}, {'epoch': 26, 'best_score': 0.06666666269302368}, {'epoch': 27, 'best_score': 0.06666666269302368}, {'epoch': 28, 'best_score': 0.06666666269302368}, {'epoch': 29, 'best_score': 0.06666666269302368}, {'epoch': 30, 'best_score': 0.06666666269302368}, {'epoch': 31, 'best_score': 0.06666666269302368}, {'epoch': 32, 'best_score': 0.06666666269302368}, {'epoch': 33, 'best_score': 0.06666666269302368}, {'epoch': 34, 'best_score': 0.06666666269302368}, {'epoch': 35, 'best_score': 0.06666666269302368}, {'epoch': 36, 'best_score': 0.03333336114883423}, {'epoch': 37, 'best_score': 0.03333336114883423}, {'epoch': 38, 'best_score': 0.03333336114883423}, {'epoch': 39, 'best_score': 0.03333336114883423}, {'epoch': 40, 'best_score': 0.03333336114883423}, {'epoch': 41, 'best_score': 0.03333336114883423}, {'epoch': 42, 'best_score': 0.03333336114883423}, {'epoch': 43, 'best_score': 0.03333336114883423}, {'epoch': 44, 'best_score': 0.03333336114883423}, {'epoch': 45, 'best_score': 0.03333336114883423}, {'epoch': 46, 'best_score': 0.03333336114883423}, {'epoch': 47, 'best_score': 0.03333336114883423}, {'epoch': 48, 'best_score': 0.06666666269302368}, {'epoch': 49, 'best_score': 0.06666666269302368}]",officehome,3,CDANN,logits,65.0,0.9138167500495911,0.9138167500495911,0.5364891290664673,0.5546875,splits_officehome_CDANN_3_0_b09dc755c62e.npz,b09dc755c62e,False,False,0.0,0.8235294117647058,0.0964705882352942,,,,0.8901909078303611,accuracy_vs_baselines,logits,IW residual DIS2 | W=2 | seed=0 (plug-in),True,
iw_residual_dis2,2.0,0.0,24387.0,11083.0,6098.0,2773.0,0.9996720236142997,0.0,1.0,1.103917121887207,0.5,0.5,0.5366796851158142,0.24356462061405182,4.0,21.0,4.0,6.0,0.0003478814768960747,0.0025243418680129825,6095.0,3.0,2766.0,7.0,ok,plugin,False,,6067.25428791016,5647.957455074926,1.9866009084148843,1.0277820712184578,1.4119948698629852,1.0,0.001682894578675322,0.0020307760555713966,0.9979692239444286,0.9979692239444286,False,0.0,19.0,0.75,0.25,1.0,"[{'epoch': 0, 'best_score': 0.75}, {'epoch': 1, 'best_score': 0.75}, {'epoch': 2, 'best_score': 0.75}, {'epoch': 3, 'best_score': 0.75}, {'epoch': 4, 'best_score': 0.75}, {'epoch': 5, 'best_score': 0.75}, {'epoch': 6, 'best_score': 0.75}, {'epoch': 7, 'best_score': 0.75}, {'epoch': 8, 'best_score': 0.75}, {'epoch': 9, 'best_score': 0.75}, {'epoch': 10, 'best_score': 0.75}, {'epoch': 11, 'best_score': 0.75}, {'epoch': 12, 'best_score': 0.75}, {'epoch': 13, 'best_score': 0.75}, {'epoch': 14, 'best_score': 0.75}, {'epoch': 15, 'best_score': 0.75}, {'epoch': 16, 'best_score': 0.75}, {'epoch': 17, 'best_score': 0.75}, {'epoch': 18, 'best_score': 0.75}, {'epoch': 19, 'best_score': 0.75}, {'epoch': 20, 'best_score': 0.75}, {'epoch': 21, 'best_score': 0.75}, {'epoch': 22, 'best_score': 0.75}, {'epoch': 23, 'best_score': 0.75}, {'epoch': 24, 'best_score': 0.75}, {'epoch': 25, 'best_score': 0.75}, {'epoch': 26, 'best_score': 0.75}, {'epoch': 27, 'best_score': 0.75}, {'epoch': 28, 'best_score': 0.75}, {'epoch': 29, 'best_score': 0.75}, {'epoch': 30, 'best_score': 0.75}, {'epoch': 31, 'best_score': 0.75}, {'epoch': 32, 'best_score': 0.75}, {'epoch': 33, 'best_score': 0.75}, {'epoch': 34, 'best_score': 0.75}, {'epoch': 35, 'best_score': 0.75}, {'epoch': 36, 'best_score': 0.75}, {'epoch': 37, 'best_score': 0.75}, {'epoch': 38, 'best_score': 0.75}, {'epoch': 39, 'best_score': 0.75}, {'epoch': 40, 'best_score': 0.75}, {'epoch': 41, 'best_score': 0.75}, {'epoch': 42, 'best_score': 0.75}, {'epoch': 43, 'best_score': 0.75}, {'epoch': 44, 'best_score': 0.75}, {'epoch': 45, 'best_score': 0.75}, {'epoch': 46, 'best_score': 0.75}, {'epoch': 47, 'best_score': 0.75}, {'epoch': 48, 'best_score': 0.75}, {'epoch': 49, 'best_score': 0.75}]",visda,1,DANN,logits,12.0,0.9995489120483398,0.9995489120483398,0.6463051438331604,0.6473133563995361,splits_visda_DANN_1_0_b09dc755c62e.npz,b09dc755c62e,False,False,0.0,0.3333333333333333,0.6666666666666667,,,,0.9979692239444286,accuracy_vs_baselines,logits,IW residual DIS2 | W=2 | seed=0 (plug-in),True,
iw_residual_dis2,2.0,0.0,24387.0,14480.0,6098.0,3620.0,0.9998360118071499,0.0,1.0,1.1729421615600586,0.5,0.5,0.5155367255210876,0.2474791258573532,,,,,0.00013220363228841735,0.0,6098.0,0.0,3620.0,0.0,ok,plugin,False,,6047.994793016202,5861.641585157652,1.8560237065244103,1.0046716018467086,1.2874000425530676,,0.0,0.00013220363228841735,0.9998677963677116,0.9998677963677116,False,,,,,,,visda,2,DANN,logits,12.0,0.9997539520263672,0.9997539520263672,0.6546961069107056,0.6544198393821716,splits_visda_DANN_2_0_b09dc755c62e.npz,b09dc755c62e,False,False,,,,,,,0.9998677963677116,accuracy_vs_baselines,logits,IW residual DIS2 | W=2 | seed=0 (plug-in),True,
iw_residual_dis2,2.0,0.0,24387.0,11083.0,6098.0,2773.0,0.9993440472285995,0.0,1.0,1.0816693305969238,0.5,0.5,0.5883632302284241,0.23713639378547668,258.0,135.0,128.0,72.0,0.0006075275846938084,0.03894698882077173,5847.0,251.0,2665.0,108.0,ok,plugin,False,,5603.904611579668,4918.1743413637805,1.9983162645914407,0.949052289832718,1.694465749107271,0.7037037037037037,0.010493906092183737,0.011101433676877546,0.9888985663231225,0.9888985663231225,False,47.0,9.0,0.4418402910232544,0.3359375,0.7777777910232544,"[{'epoch': 0, 'best_score': 0.1597222089767456}, {'epoch': 1, 'best_score': 0.1597222089767456}, {'epoch': 2, 'best_score': 0.1501736044883728}, {'epoch': 3, 'best_score': 0.171875}, {'epoch': 4, 'best_score': 0.1892361044883728}, {'epoch': 5, 'best_score': 0.2048611044883728}, {'epoch': 6, 'best_score': 0.2204861044883728}, {'epoch': 7, 'best_score': 0.2361111044883728}, {'epoch': 8, 'best_score': 0.2300347089767456}, {'epoch': 9, 'best_score': 0.2065972089767456}, {'epoch': 10, 'best_score': 0.2152777910232544}, {'epoch': 11, 'best_score': 0.1918402910232544}, {'epoch': 12, 'best_score': 0.2413194179534912}, {'epoch': 13, 'best_score': 0.2413194179534912}, {'epoch': 14, 'best_score': 0.2335069179534912}, {'epoch': 15, 'best_score': 0.2569444179534912}, {'epoch': 16, 'best_score': 0.2491319179534912}, {'epoch': 17, 'best_score': 0.2569444179534912}, {'epoch': 18, 'best_score': 0.2647569179534912}, {'epoch': 19, 'best_score': 0.3020833134651184}, {'epoch': 20, 'best_score': 0.2881944179534912}, {'epoch': 21, 'best_score': 0.2942708134651184}, {'epoch': 22, 'best_score': 0.3098958134651184}, {'epoch': 23, 'best_score': 0.3255208134651184}, {'epoch': 24, 'best_score': 0.3394097089767456}, {'epoch': 25, 'best_score': 0.3298611044883728}, {'epoch': 26, 'best_score': 0.3368055820465088}, {'epoch': 27, 'best_score': 0.3611111044883728}, {'epoch': 28, 'best_score': 0.3602430820465088}, {'epoch': 29, 'best_score': 0.3680555820465088}, {'epoch': 30, 'best_score': 0.3697916865348816}, {'epoch': 31, 'best_score': 0.3854166865348816}, {'epoch': 32, 'best_score': 0.4010416865348816}, {'epoch': 33, 'best_score': 0.3871527910232544}, {'epoch': 34, 'best_score': 0.3810763955116272}, {'epoch': 35, 'best_score': 0.4027777910232544}, {'epoch': 36, 'best_score': 0.4045138955116272}, {'epoch': 37, 'best_score': 0.3984375}, {'epoch': 38, 'best_score': 0.3923611044883728}, {'epoch': 39, 'best_score': 0.3880208134651184}, {'epoch': 40, 'best_score': 0.3741319179534912}, {'epoch': 41, 'best_score': 0.3819444179534912}, {'epoch': 42, 'best_score': 0.3498263955116272}, {'epoch': 43, 'best_score': 0.3732638955116272}, {'epoch': 44, 'best_score': 0.3654513955116272}, {'epoch': 45, 'best_score': 0.3888888955116272}, {'epoch': 46, 'best_score': 0.4123263955116272}, {'epoch': 47, 'best_score': 0.4418402910232544}, {'epoch': 48, 'best_score': 0.4157986044883728}, {'epoch': 49, 'best_score': 0.4314236044883728}]",visda,1,CDANN,logits,12.0,0.9990978837013245,0.9990978837013245,0.6784264445304871,0.6693112254142761,splits_visda_CDANN_1_0_b09dc755c62e.npz,b09dc755c62e,False,False,0.0,0.4342629482071713,0.2694407554965324,,,,0.9888985663231225,accuracy_vs_baselines,logits,IW residual DIS2 | W=2 | seed=0 (plug-in),True,
iw_residual_dis2,2.0,0.0,24387.0,14480.0,6098.0,3620.0,0.9995080354214496,0.0,1.0,1.0941133499145508,0.5,0.5,0.5705632567405701,0.2445169985294342,7.0,1.0,1.0,0.0,0.0005399659901547661,0.0005524861878453039,6095.0,3.0,3618.0,2.0,unsupported_critic_region,plugin,False,,6118.095563233841,5594.6254301253975,1.9856406634211432,1.0031633474346124,1.5087020426831501,,,,,,,,,,,,,visda,2,CDANN,logits,12.0,0.9995899200439453,0.9995899200439453,0.7107734680175781,0.7140883803367615,splits_visda_CDANN_2_0_b09dc755c62e.npz,b09dc755c62e,,,,,,,,,,accuracy_vs_baselines,logits,IW residual DIS2 | W=2 | seed=0 (plug-in),False,
ATC_NE,,,,,,,,,,,,,,,,,,,,,,,,,ok,,,,,,,,,,,,,0.8356508612632751,,,,,,,,entity13,1,DANN,,,0.905846118927002,,0.7318307161331177,,,,False,,,,,,,,0.8356508612632751,accuracy_vs_baselines,logits,ATC (neg. entropy),True,source
ATC_NE,,,,,,,,,,,,,,,,,,,,,,,,,ok,,,,,,,,,,,,,0.8396497964859009,,,,,,,,entity13,1,CDANN,,,0.9096922874450684,,0.7354357838630676,,,,False,,,,,,,,0.8396497964859009,accuracy_vs_baselines,logits,ATC (neg. entropy),True,source
ATC_NE,,,,,,,,,,,,,,,,,,,,,,,,,ok,,,,,,,,,,,,,0.8500000238418579,,,,,,,,entity13,2,DANN,,,0.9129230380058289,,0.8615384697914124,,,,True,,,,,,,,0.8500000238418579,accuracy_vs_baselines,logits,ATC (neg. entropy),True,source
ATC_NE,,,,,,,,,,,,,,,,,,,,,,,,,ok,,,,,,,,,,,,,0.8346154093742371,,,,,,,,entity13,2,CDANN,,,0.9081538319587708,,0.8423076868057251,,,,True,,,,,,,,0.8346154093742371,accuracy_vs_baselines,logits,ATC (neg. entropy),True,source
ATC_NE,,,,,,,,,,,,,,,,,,,,,,,,,ok,,,,,,,,,,,,,0.7576923370361328,,,,,,,,entity13,3,DANN,,,0.907076895236969,,0.6653845906257629,,,,False,,,,,,,,0.7576923370361328,accuracy_vs_baselines,logits,ATC (neg. entropy),True,source
ATC_NE,,,,,,,,,,,,,,,,,,,,,,,,,ok,,,,,,,,,,,,,0.7807692289352417,,,,,,,,entity13,3,CDANN,,,0.9061538577079773,,0.6653845906257629,,,,False,,,,,,,,0.7807692289352417,accuracy_vs_baselines,logits,ATC (neg. entropy),True,source
ATC_NE,,,,,,,,,,,,,,,,,,,,,,,,,ok,,,,,,,,,,,,,0.7190865278244019,,,,,,,,entity30,1,DANN,,,0.8550000190734863,,0.6190800070762634,,,,False,,,,,,,,0.7190865278244019,accuracy_vs_baselines,logits,ATC (neg. entropy),True,source
ATC_NE,,,,,,,,,,,,,,,,,,,,,,,,,ok,,,,,,,,,,,,,0.7274230718612671,,,,,,,,entity30,1,CDANN,,,0.8611666560173035,,0.627903163433075,,,,False,,,,,,,,0.7274230718612671,accuracy_vs_baselines,logits,ATC (neg. entropy),True,source
ATC_NE,,,,,,,,,,,,,,,,,,,,,,,,,ok,,,,,,,,,,,,,0.8458333611488342,,,,,,,,entity30,2,DANN,,,0.8646666407585144,,0.7875000238418579,,,,False,,,,,,,,0.8458333611488342,accuracy_vs_baselines,logits,ATC (neg. entropy),True,source
ATC_NE,,,,,,,,,,,,,,,,,,,,,,,,,ok,,,,,,,,,,,,,0.8208333849906921,,,,,,,,entity30,2,CDANN,,,0.8646666407585144,,0.8125000596046448,,,,False,,,,,,,,0.8208333849906921,accuracy_vs_baselines,logits,ATC (neg. entropy),True,source
ATC_NE,,,,,,,,,,,,,,,,,,,,,,,,,ok,,,,,,,,,,,,,0.6250000596046448,,,,,,,,entity30,3,DANN,,,0.8636666536331177,,0.5708333849906921,,,,False,,,,,,,,0.6250000596046448,accuracy_vs_baselines,logits,ATC (neg. entropy),True,source
ATC_NE,,,,,,,,,,,,,,,,,,,,,,,,,ok,,,,,,,,,,,,,0.6291667222976685,,,,,,,,entity30,3,CDANN,,,0.8573333024978638,,0.5625,,,,False,,,,,,,,0.6291667222976685,accuracy_vs_baselines,logits,ATC (neg. entropy),True,source
ATC_NE,,,,,,,,,,,,,,,,,,,,,,,,,ok,,,,,,,,,,,,,0.8840000629425049,,,,,,,,cifar10,1,DANN,,,0.9508999586105347,,0.8440000414848328,,,,False,,,,,,,,0.8840000629425049,accuracy_vs_baselines,logits,ATC (neg. entropy),True,source
ATC_NE,,,,,,,,,,,,,,,,,,,,,,,,,ok,,,,,,,,,,,,,0.8915000557899475,,,,,,,,cifar10,1,CDANN,,,0.949999988079071,,0.846500039100647,,,,False,,,,,,,,0.8915000557899475,accuracy_vs_baselines,logits,ATC (neg. entropy),True,source
ATC_NE,,,,,,,,,,,,,,,,,,,,,,,,,ok,,,,,,,,,,,,,0.9300000667572021,,,,,,,,cifar10,10,DANN,,,0.9477999806404114,,0.924500048160553,,,,False,,,,,,,,0.9300000667572021,accuracy_vs_baselines,logits,ATC (neg. entropy),True,source
ATC_NE,,,,,,,,,,,,,,,,,,,,,,,,,ok,,,,,,,,,,,,,0.9310000538825989,,,,,,,,cifar10,10,CDANN,,,0.948699951171875,,0.9160000681877136,,,,False,,,,,,,,0.9310000538825989,accuracy_vs_baselines,logits,ATC (neg. entropy),True,source
ATC_NE,,,,,,,,,,,,,,,,,,,,,,,,,ok,,,,,,,,,,,,,0.9270000457763672,,,,,,,,cifar10,71,DANN,,,0.9487999677658081,,0.9305000305175781,,,,True,,,,,,,,0.9270000457763672,accuracy_vs_baselines,logits,ATC (neg. entropy),True,source
ATC_NE,,,,,,,,,,,,,,,,,,,,,,,,,ok,,,,,,,,,,,,,0.9350000619888306,,,,,,,,cifar10,71,CDANN,,,0.9511999487876892,,0.9280000329017639,,,,False,,,,,,,,0.9350000619888306,accuracy_vs_baselines,logits,ATC (neg. entropy),True,source
ATC_NE,,,,,,,,,,,,,,,,,,,,,,,,,ok,,,,,,,,,,,,,0.937000036239624,,,,,,,,cifar10,95,DANN,,,0.9515999555587769,,0.9390000700950623,,,,True,,,,,,,,0.937000036239624,accuracy_vs_baselines,logits,ATC (neg. entropy),True,source
ATC_NE,,,,,,,,,,,,,,,,,,,,,,,,,ok,,,,,,,,,,,,,0.9355000257492065,,,,,,,,cifar10,95,CDANN,,,0.9526000022888184,,0.9355000257492065,,,,True,,,,,,,,0.9355000257492065,accuracy_vs_baselines,logits,ATC (neg. entropy),True,source
ATC_NE,,,,,,,,,,,,,,,,,,,,,,,,,ok,,,,,,,,,,,,,0.7415000200271606,,,,,,,,cifar100,4,DANN,,,0.7841999530792236,,0.7440000176429749,,,,True,,,,,,,,0.7415000200271606,accuracy_vs_baselines,logits,ATC (neg. entropy),True,source
ATC_NE,,,,,,,,,,,,,,,,,,,,,,,,,ok,,,,,,,,,,,,,0.7275000214576721,,,,,,,,cifar100,4,CDANN,,,0.7849999666213989,,0.7275000214576721,,,,True,,,,,,,,0.7275000214576721,accuracy_vs_baselines,logits,ATC (neg. entropy),True,source
ATC_NE,,,,,,,,,,,,,,,,,,,,,,,,,ok,,,,,,,,,,,,,0.7360000610351562,,,,,,,,cifar100,12,DANN,,,0.7831999659538269,,0.7545000314712524,,,,True,,,,,,,,0.7360000610351562,accuracy_vs_baselines,logits,ATC (neg. entropy),True,source
ATC_NE,,,,,,,,,,,,,,,,,,,,,,,,,ok,,,,,,,,,,,,,0.7450000643730164,,,,,,,,cifar100,12,CDANN,,,0.7858999967575073,,0.7480000257492065,,,,True,,,,,,,,0.7450000643730164,accuracy_vs_baselines,logits,ATC (neg. entropy),True,source
ATC_NE,,,,,,,,,,,,,,,,,,,,,,,,,ok,,,,,,,,,,,,,0.7725000381469727,,,,,,,,cifar100,59,DANN,,,0.7841999530792236,,0.7585000395774841,,,,False,,,,,,,,0.7725000381469727,accuracy_vs_baselines,logits,ATC (neg. entropy),True,source
ATC_NE,,,,,,,,,,,,,,,,,,,,,,,,,ok,,,,,,,,,,,,,0.7715000510215759,,,,,,,,cifar100,59,CDANN,,,0.7870000004768372,,0.7580000162124634,,,,False,,,,,,,,0.7715000510215759,accuracy_vs_baselines,logits,ATC (neg. entropy),True,source
ATC_NE,,,,,,,,,,,,,,,,,,,,,,,,,ok,,,,,,,,,,,,,0.7875000238418579,,,,,,,,cifar100,82,DANN,,,0.7861999869346619,,0.7695000171661377,,,,False,,,,,,,,0.7875000238418579,accuracy_vs_baselines,logits,ATC (neg. entropy),True,source
ATC_NE,,,,,,,,,,,,,,,,,,,,,,,,,ok,,,,,,,,,,,,,0.7695000171661377,,,,,,,,cifar100,82,CDANN,,,0.7872999906539917,,0.7635000348091125,,,,False,,,,,,,,0.7695000171661377,accuracy_vs_baselines,logits,ATC (neg. entropy),True,source
ATC_NE,,,,,,,,,,,,,,,,,,,,,,,,,ok,,,,,,,,,,,,,0.5667003393173218,,,,,,,,domainnet,1,DANN,,,0.8072605729103088,,0.465893030166626,,,,False,,,,,,,,0.5667003393173218,accuracy_vs_baselines,logits,ATC (neg. entropy),True,source
ATC_NE,,,,,,,,,,,,,,,,,,,,,,,,,ok,,,,,,,,,,,,,0.554793119430542,,,,,,,,domainnet,1,CDANN,,,0.8055910468101501,,0.5121089816093445,,,,False,,,,,,,,0.554793119430542,accuracy_vs_baselines,logits,ATC (neg. entropy),True,source
ATC_NE,,,,,,,,,,,,,,,,,,,,,,,,,ok,,,,,,,,,,,,,0.5351587533950806,,,,,,,,domainnet,2,DANN,,,0.8101378083229065,,0.38572534918785095,,,,False,,,,,,,,0.5351587533950806,accuracy_vs_baselines,logits,ATC (neg. entropy),True,source
ATC_NE,,,,,,,,,,,,,,,,,,,,,,,,,ok,,,,,,,,,,,,,0.5218554139137268,,,,,,,,domainnet,2,CDANN,,,0.8071539998054504,,0.42063772678375244,,,,False,,,,,,,,0.5218554139137268,accuracy_vs_baselines,logits,ATC (neg. entropy),True,source
ATC_NE,,,,,,,,,,,,,,,,,,,,,,,,,ok,,,,,,,,,,,,,0.5590716004371643,,,,,,,,domainnet,3,DANN,,,0.8096050024032593,,0.4719189405441284,,,,False,,,,,,,,0.5590716004371643,accuracy_vs_baselines,logits,ATC (neg. entropy),True,source
ATC_NE,,,,,,,,,,,,,,,,,,,,,,,,,ok,,,,,,,,,,,,,0.5656096935272217,,,,,,,,domainnet,3,CDANN,,,0.8074381947517395,,0.49369075894355774,,,,False,,,,,,,,0.5656096935272217,accuracy_vs_baselines,logits,ATC (neg. entropy),True,source
ATC_NE,,,,,,,,,,,,,,,,,,,,,,,,,ok,,,,,,,,,,,,,0.812358021736145,,,,,,,,living17,1,DANN,,,0.8994117379188538,,0.6758291721343994,,,,False,,,,,,,,0.812358021736145,accuracy_vs_baselines,logits,ATC (neg. entropy),True,source
ATC_NE,,,,,,,,,,,,,,,,,,,,,,,,,ok,,,,,,,,,,,,,0.8137210607528687,,,,,,,,living17,1,CDANN,,,0.9052940607070923,,0.6863925457000732,,,,False,,,,,,,,0.8137210607528687,accuracy_vs_baselines,logits,ATC (neg. entropy),True,source
ATC_NE,,,,,,,,,,,,,,,,,,,,,,,,,ok,,,,,,,,,,,,,0.8529411554336548,,,,,,,,living17,2,DANN,,,0.9094117283821106,,0.8970588445663452,,,,True,,,,,,,,0.8529411554336548,accuracy_vs_baselines,logits,ATC (neg. entropy),True,source
ATC_NE,,,,,,,,,,,,,,,,,,,,,,,,,ok,,,,,,,,,,,,,0.8970588445663452,,,,,,,,living17,2,CDANN,,,0.9094117283821106,,0.8676470518112183,,,,False,,,,,,,,0.8970588445663452,accuracy_vs_baselines,logits,ATC (neg. entropy),True,source
ATC_NE,,,,,,,,,,,,,,,,,,,,,,,,,ok,,,,,,,,,,,,,0.8382353186607361,,,,,,,,living17,3,DANN,,,0.9052940607070923,,0.5882353186607361,,,,False,,,,,,,,0.8382353186607361,accuracy_vs_baselines,logits,ATC (neg. entropy),True,source
ATC_NE,,,,,,,,,,,,,,,,,,,,,,,,,ok,,,,,,,,,,,,,0.7352941036224365,,,,,,,,living17,3,CDANN,,,0.9052940607070923,,0.5588235259056091,,,,False,,,,,,,,0.7352941036224365,accuracy_vs_baselines,logits,ATC (neg. entropy),True,source
ATC_NE,,,,,,,,,,,,,,,,,,,,,,,,,ok,,,,,,,,,,,,,0.6881493330001831,,,,,,,,nonliving26,1,DANN,,,0.8126922845840454,,0.5122722387313843,,,,False,,,,,,,,0.6881493330001831,accuracy_vs_baselines,logits,ATC (neg. entropy),True,source
ATC_NE,,,,,,,,,,,,,,,,,,,,,,,,,ok,,,,,,,,,,,,,0.7080258727073669,,,,,,,,nonliving26,1,CDANN,,,0.8176922798156738,,0.5332028269767761,,,,False,,,,,,,,0.7080258727073669,accuracy_vs_baselines,logits,ATC (neg. entropy),True,source
ATC_NE,,,,,,,,,,,,,,,,,,,,,,,,,ok,,,,,,,,,,,,,0.817307710647583,,,,,,,,nonliving26,2,DANN,,,0.8176922798156738,,0.75,,,,False,,,,,,,,0.817307710647583,accuracy_vs_baselines,logits,ATC (neg. entropy),True,source
ATC_NE,,,,,,,,,,,,,,,,,,,,,,,,,ok,,,,,,,,,,,,,0.759615421295166,,,,,,,,nonliving26,2,CDANN,,,0.8165384531021118,,0.7692307829856873,,,,True,,,,,,,,0.759615421295166,accuracy_vs_baselines,logits,ATC (neg. entropy),True,source
ATC_NE,,,,,,,,,,,,,,,,,,,,,,,,,ok,,,,,,,,,,,,,0.634615421295166,,,,,,,,nonliving26,3,DANN,,,0.8146153688430786,,0.4038461744785309,,,,False,,,,,,,,0.634615421295166,accuracy_vs_baselines,logits,ATC (neg. entropy),True,source
ATC_NE,,,,,,,,,,,,,,,,,,,,,,,,,ok,,,,,,,,,,,,,0.567307710647583,,,,,,,,nonliving26,3,CDANN,,,0.822692334651947,,0.4038461744785309,,,,False,,,,,,,,0.567307710647583,accuracy_vs_baselines,logits,ATC (neg. entropy),True,source
ATC_NE,,,,,,,,,,,,,,,,,,,,,,,,,ok,,,,,,,,,,,,,0.6295409202575684,,,,,,,,fmow,1,DANN,,,0.6519370079040527,,0.6103222370147705,,,,False,,,,,,,,0.6295409202575684,accuracy_vs_baselines,logits,ATC (neg. entropy),True,source
ATC_NE,,,,,,,,,,,,,,,,,,,,,,,,,ok,,,,,,,,,,,,,0.6359566450119019,,,,,,,,fmow,1,CDANN,,,0.6558535695075989,,0.605617344379425,,,,False,,,,,,,,0.6359566450119019,accuracy_vs_baselines,logits,ATC (neg. entropy),True,source
ATC_NE,,,,,,,,,,,,,,,,,,,,,,,,,ok,,,,,,,,,,,,,0.5853714346885681,,,,,,,,fmow,2,DANN,,,0.6504895687103271,,0.5482756495475769,,,,False,,,,,,,,0.5853714346885681,accuracy_vs_baselines,logits,ATC (neg. entropy),True,source
ATC_NE,,,,,,,,,,,,,,,,,,,,,,,,,ok,,,,,,,,,,,,,0.5780546069145203,,,,,,,,fmow,2,CDANN,,,0.6548318862915039,,0.5420845150947571,,,,False,,,,,,,,0.5780546069145203,accuracy_vs_baselines,logits,ATC (neg. entropy),True,source
ATC_NE,,,,,,,,,,,,,,,,,,,,,,,,,ok,,,,,,,,,,,,,0.6781737208366394,,,,,,,,officehome,1,DANN,,,0.922024667263031,,0.7193763852119446,,,,True,,,,,,,,0.6781737208366394,accuracy_vs_baselines,logits,ATC (neg. entropy),True,source
ATC_NE,,,,,,,,,,,,,,,,,,,,,,,,,ok,,,,,,,,,,,,,0.7828508019447327,,,,,,,,officehome,1,CDANN,,,0.9138167500495911,,0.730512261390686,,,,False,,,,,,,,0.7828508019447327,accuracy_vs_baselines,logits,ATC (neg. entropy),True,source
ATC_NE,,,,,,,,,,,,,,,,,,,,,,,,,ok,,,,,,,,,,,,,0.6024636030197144,,,,,,,,officehome,2,DANN,,,0.915184736251831,,0.44904816150665283,,,,False,,,,,,,,0.6024636030197144,accuracy_vs_baselines,logits,ATC (neg. entropy),True,source
ATC_NE,,,,,,,,,,,,,,,,,,,,,,,,,ok,,,,,,,,,,,,,0.650615930557251,,,,,,,,officehome,2,CDANN,,,0.9015048146247864,,0.4501679837703705,,,,False,,,,,,,,0.650615930557251,accuracy_vs_baselines,logits,ATC (neg. entropy),True,source
ATC_NE,,,,,,,,,,,,,,,,,,,,,,,,,ok,,,,,,,,,,,,,0.5384615659713745,,,,,,,,officehome,3,DANN,,,0.9056087732315063,,0.5364891290664673,,,,False,,,,,,,,0.5384615659713745,accuracy_vs_baselines,logits,ATC (neg. entropy),True,source
ATC_NE,,,,,,,,,,,,,,,,,,,,,,,,,ok,,,,,,,,,,,,,0.7199211120605469,,,,,,,,officehome,3,CDANN,,,0.9138167500495911,,0.5364891290664673,,,,False,,,,,,,,0.7199211120605469,accuracy_vs_baselines,logits,ATC (neg. entropy),True,source
ATC_NE,,,,,,,,,,,,,,,,,,,,,,,,,ok,,,,,,,,,,,,,0.9158170223236084,,,,,,,,visda,1,DANN,,,0.9995489120483398,,0.6463051438331604,,,,False,,,,,,,,0.9158170223236084,accuracy_vs_baselines,logits,ATC (neg. entropy),True,source
ATC_NE,,,,,,,,,,,,,,,,,,,,,,,,,ok,,,,,,,,,,,,,0.9621943235397339,,,,,,,,visda,1,CDANN,,,0.9990978837013245,,0.6784264445304871,,,,False,,,,,,,,0.9621943235397339,accuracy_vs_baselines,logits,ATC (neg. entropy),True,source
ATC_NE,,,,,,,,,,,,,,,,,,,,,,,,,ok,,,,,,,,,,,,,0.9194750785827637,,,,,,,,visda,2,DANN,,,0.9997539520263672,,0.6546961069107056,,,,False,,,,,,,,0.9194750785827637,accuracy_vs_baselines,logits,ATC (neg. entropy),True,source
ATC_NE,,,,,,,,,,,,,,,,,,,,,,,,,ok,,,,,,,,,,,,,0.9590469002723694,,,,,,,,visda,2,CDANN,,,0.9995899200439453,,0.7107734680175781,,,,False,,,,,,,,0.9590469002723694,accuracy_vs_baselines,logits,ATC (neg. entropy),True,source
COT,,,,,,,,,,,,,,,,,,,,,,,,,ok,,,,,,,,,,,,,0.8457530587911606,,,,,,,,entity13,1,DANN,,,0.905846118927002,,0.7318307161331177,,,,False,,,,,,,,0.8457530587911606,accuracy_vs_baselines,logits,COT,True,source
COT,,,,,,,,,,,,,,,,,,,,,,,,,ok,,,,,,,,,,,,,0.849034920334816,,,,,,,,entity13,1,CDANN,,,0.9096922874450684,,0.7354357838630676,,,,False,,,,,,,,0.849034920334816,accuracy_vs_baselines,logits,COT,True,source
COT,,,,,,,,,,,,,,,,,,,,,,,,,ok,,,,,,,,,,,,,0.8657007962465286,,,,,,,,entity13,2,DANN,,,0.9129230380058289,,0.8615384697914124,,,,False,,,,,,,,0.8657007962465286,accuracy_vs_baselines,logits,COT,True,source
COT,,,,,,,,,,,,,,,,,,,,,,,,,ok,,,,,,,,,,,,,0.8572807461023331,,,,,,,,entity13,2,CDANN,,,0.9081538319587708,,0.8423076868057251,,,,False,,,,,,,,0.8572807461023331,accuracy_vs_baselines,logits,COT,True,source
COT,,,,,,,,,,,,,,,,,,,,,,,,,ok,,,,,,,,,,,,,0.7781572788953781,,,,,,,,entity13,3,DANN,,,0.907076895236969,,0.6653845906257629,,,,False,,,,,,,,0.7781572788953781,accuracy_vs_baselines,logits,COT,True,source
COT,,,,,,,,,,,,,,,,,,,,,,,,,ok,,,,,,,,,,,,,0.7745655030012131,,,,,,,,entity13,3,CDANN,,,0.9061538577079773,,0.6653845906257629,,,,False,,,,,,,,0.7745655030012131,accuracy_vs_baselines,logits,COT,True,source
COT,,,,,,,,,,,,,,,,,,,,,,,,,ok,,,,,,,,,,,,,0.7502671778202057,,,,,,,,entity30,1,DANN,,,0.8550000190734863,,0.6190800070762634,,,,False,,,,,,,,0.7502671778202057,accuracy_vs_baselines,logits,COT,True,source
COT,,,,,,,,,,,,,,,,,,,,,,,,,ok,,,,,,,,,,,,,0.7584314197301865,,,,,,,,entity30,1,CDANN,,,0.8611666560173035,,0.627903163433075,,,,False,,,,,,,,0.7584314197301865,accuracy_vs_baselines,logits,COT,True,source
COT,,,,,,,,,,,,,,,,,,,,,,,,,ok,,,,,,,,,,,,,0.8102302551269531,,,,,,,,entity30,2,DANN,,,0.8646666407585144,,0.7875000238418579,,,,False,,,,,,,,0.8102302551269531,accuracy_vs_baselines,logits,COT,True,source
COT,,,,,,,,,,,,,,,,,,,,,,,,,ok,,,,,,,,,,,,,0.7997441440820694,,,,,,,,entity30,2,CDANN,,,0.8646666407585144,,0.8125000596046448,,,,True,,,,,,,,0.7997441440820694,accuracy_vs_baselines,logits,COT,True,source
COT,,,,,,,,,,,,,,,,,,,,,,,,,ok,,,,,,,,,,,,,0.6815812289714813,,,,,,,,entity30,3,DANN,,,0.8636666536331177,,0.5708333849906921,,,,False,,,,,,,,0.6815812289714813,accuracy_vs_baselines,logits,COT,True,source
COT,,,,,,,,,,,,,,,,,,,,,,,,,ok,,,,,,,,,,,,,0.678135871887207,,,,,,,,entity30,3,CDANN,,,0.8573333024978638,,0.5625,,,,False,,,,,,,,0.678135871887207,accuracy_vs_baselines,logits,COT,True,source
COT,,,,,,,,,,,,,,,,,,,,,,,,,ok,,,,,,,,,,,,,0.8971987366676331,,,,,,,,cifar10,1,DANN,,,0.9508999586105347,,0.8440000414848328,,,,False,,,,,,,,0.8971987366676331,accuracy_vs_baselines,logits,COT,True,source
COT,,,,,,,,,,,,,,,,,,,,,,,,,ok,,,,,,,,,,,,,0.9022126644849777,,,,,,,,cifar10,1,CDANN,,,0.949999988079071,,0.846500039100647,,,,False,,,,,,,,0.9022126644849777,accuracy_vs_baselines,logits,COT,True,source
COT,,,,,,,,,,,,,,,,,,,,,,,,,ok,,,,,,,,,,,,,0.928566962480545,,,,,,,,cifar10,10,DANN,,,0.9477999806404114,,0.924500048160553,,,,False,,,,,,,,0.928566962480545,accuracy_vs_baselines,logits,COT,True,source
COT,,,,,,,,,,,,,,,,,,,,,,,,,ok,,,,,,,,,,,,,0.9316814094781876,,,,,,,,cifar10,10,CDANN,,,0.948699951171875,,0.9160000681877136,,,,False,,,,,,,,0.9316814094781876,accuracy_vs_baselines,logits,COT,True,source
COT,,,,,,,,,,,,,,,,,,,,,,,,,ok,,,,,,,,,,,,,0.9315022751688957,,,,,,,,cifar10,71,DANN,,,0.9487999677658081,,0.9305000305175781,,,,False,,,,,,,,0.9315022751688957,accuracy_vs_baselines,logits,COT,True,source
COT,,,,,,,,,,,,,,,,,,,,,,,,,ok,,,,,,,,,,,,,0.9353813529014587,,,,,,,,cifar10,71,CDANN,,,0.9511999487876892,,0.9280000329017639,,,,False,,,,,,,,0.9353813529014587,accuracy_vs_baselines,logits,COT,True,source
COT,,,,,,,,,,,,,,,,,,,,,,,,,ok,,,,,,,,,,,,,0.9379625841975212,,,,,,,,cifar10,95,DANN,,,0.9515999555587769,,0.9390000700950623,,,,True,,,,,,,,0.9379625841975212,accuracy_vs_baselines,logits,COT,True,source
COT,,,,,,,,,,,,,,,,,,,,,,,,,ok,,,,,,,,,,,,,0.9393546544015408,,,,,,,,cifar10,95,CDANN,,,0.9526000022888184,,0.9355000257492065,,,,False,,,,,,,,0.9393546544015408,accuracy_vs_baselines,logits,COT,True,source
COT,,,,,,,,,,,,,,,,,,,,,,,,,ok,,,,,,,,,,,,,0.7440143674612045,,,,,,,,cifar100,4,DANN,,,0.7841999530792236,,0.7440000176429749,,,,False,,,,,,,,0.7440143674612045,accuracy_vs_baselines,logits,COT,True,source
COT,,,,,,,,,,,,,,,,,,,,,,,,,ok,,,,,,,,,,,,,0.7362255454063416,,,,,,,,cifar100,4,CDANN,,,0.7849999666213989,,0.7275000214576721,,,,False,,,,,,,,0.7362255454063416,accuracy_vs_baselines,logits,COT,True,source
COT,,,,,,,,,,,,,,,,,,,,,,,,,ok,,,,,,,,,,,,,0.7483654916286469,,,,,,,,cifar100,12,DANN,,,0.7831999659538269,,0.7545000314712524,,,,True,,,,,,,,0.7483654916286469,accuracy_vs_baselines,logits,COT,True,source
COT,,,,,,,,,,,,,,,,,,,,,,,,,ok,,,,,,,,,,,,,0.7460141032934189,,,,,,,,cifar100,12,CDANN,,,0.7858999967575073,,0.7480000257492065,,,,True,,,,,,,,0.7460141032934189,accuracy_vs_baselines,logits,COT,True,source
COT,,,,,,,,,,,,,,,,,,,,,,,,,ok,,,,,,,,,,,,,0.7607854902744293,,,,,,,,cifar100,59,DANN,,,0.7841999530792236,,0.7585000395774841,,,,False,,,,,,,,0.7607854902744293,accuracy_vs_baselines,logits,COT,True,source
COT,,,,,,,,,,,,,,,,,,,,,,,,,ok,,,,,,,,,,,,,0.7628058344125748,,,,,,,,cifar100,59,CDANN,,,0.7870000004768372,,0.7580000162124634,,,,False,,,,,,,,0.7628058344125748,accuracy_vs_baselines,logits,COT,True,source
COT,,,,,,,,,,,,,,,,,,,,,,,,,ok,,,,,,,,,,,,,0.7697943300008774,,,,,,,,cifar100,82,DANN,,,0.7861999869346619,,0.7695000171661377,,,,False,,,,,,,,0.7697943300008774,accuracy_vs_baselines,logits,COT,True,source
COT,,,,,,,,,,,,,,,,,,,,,,,,,ok,,,,,,,,,,,,,0.7632937282323837,,,,,,,,cifar100,82,CDANN,,,0.7872999906539917,,0.7635000348091125,,,,True,,,,,,,,0.7632937282323837,accuracy_vs_baselines,logits,COT,True,source
COT,,,,,,,,,,,,,,,,,,,,,,,,,ok,,,,,,,,,,,,,0.5916633903980255,,,,,,,,domainnet,1,DANN,,,0.8072605729103088,,0.465893030166626,,,,False,,,,,,,,0.5916633903980255,accuracy_vs_baselines,logits,COT,True,source
COT,,,,,,,,,,,,,,,,,,,,,,,,,ok,,,,,,,,,,,,,0.5687690079212189,,,,,,,,domainnet,1,CDANN,,,0.8055910468101501,,0.5121089816093445,,,,False,,,,,,,,0.5687690079212189,accuracy_vs_baselines,logits,COT,True,source
COT,,,,,,,,,,,,,,,,,,,,,,,,,ok,,,,,,,,,,,,,0.5711907744407654,,,,,,,,domainnet,2,DANN,,,0.8101378083229065,,0.38572534918785095,,,,False,,,,,,,,0.5711907744407654,accuracy_vs_baselines,logits,COT,True,source
COT,,,,,,,,,,,,,,,,,,,,,,,,,ok,,,,,,,,,,,,,0.5693548321723938,,,,,,,,domainnet,2,CDANN,,,0.8071539998054504,,0.42063772678375244,,,,False,,,,,,,,0.5693548321723938,accuracy_vs_baselines,logits,COT,True,source
COT,,,,,,,,,,,,,,,,,,,,,,,,,ok,,,,,,,,,,,,,0.5772541165351868,,,,,,,,domainnet,3,DANN,,,0.8096050024032593,,0.4719189405441284,,,,False,,,,,,,,0.5772541165351868,accuracy_vs_baselines,logits,COT,True,source
COT,,,,,,,,,,,,,,,,,,,,,,,,,ok,,,,,,,,,,,,,0.5586770176887512,,,,,,,,domainnet,3,CDANN,,,0.8074381947517395,,0.49369075894355774,,,,False,,,,,,,,0.5586770176887512,accuracy_vs_baselines,logits,COT,True,source
COT,,,,,,,,,,,,,,,,,,,,,,,,,ok,,,,,,,,,,,,,0.8086117506027222,,,,,,,,living17,1,DANN,,,0.8994117379188538,,0.6758291721343994,,,,False,,,,,,,,0.8086117506027222,accuracy_vs_baselines,logits,COT,True,source
COT,,,,,,,,,,,,,,,,,,,,,,,,,ok,,,,,,,,,,,,,0.8140603303909302,,,,,,,,living17,1,CDANN,,,0.9052940607070923,,0.6863925457000732,,,,False,,,,,,,,0.8140603303909302,accuracy_vs_baselines,logits,COT,True,source
COT,,,,,,,,,,,,,,,,,,,,,,,,,ok,,,,,,,,,,,,,0.8443180173635483,,,,,,,,living17,2,DANN,,,0.9094117283821106,,0.8970588445663452,,,,True,,,,,,,,0.8443180173635483,accuracy_vs_baselines,logits,COT,True,source
COT,,,,,,,,,,,,,,,,,,,,,,,,,ok,,,,,,,,,,,,,0.8515582531690598,,,,,,,,living17,2,CDANN,,,0.9094117283821106,,0.8676470518112183,,,,True,,,,,,,,0.8515582531690598,accuracy_vs_baselines,logits,COT,True,source
COT,,,,,,,,,,,,,,,,,,,,,,,,,ok,,,,,,,,,,,,,0.7643461376428604,,,,,,,,living17,3,DANN,,,0.9052940607070923,,0.5882353186607361,,,,False,,,,,,,,0.7643461376428604,accuracy_vs_baselines,logits,COT,True,source
COT,,,,,,,,,,,,,,,,,,,,,,,,,ok,,,,,,,,,,,,,0.7096796035766602,,,,,,,,living17,3,CDANN,,,0.9052940607070923,,0.5588235259056091,,,,False,,,,,,,,0.7096796035766602,accuracy_vs_baselines,logits,COT,True,source
COT,,,,,,,,,,,,,,,,,,,,,,,,,ok,,,,,,,,,,,,,0.7064311802387238,,,,,,,,nonliving26,1,DANN,,,0.8126922845840454,,0.5122722387313843,,,,False,,,,,,,,0.7064311802387238,accuracy_vs_baselines,logits,COT,True,source
COT,,,,,,,,,,,,,,,,,,,,,,,,,ok,,,,,,,,,,,,,0.7141033113002777,,,,,,,,nonliving26,1,CDANN,,,0.8176922798156738,,0.5332028269767761,,,,False,,,,,,,,0.7141033113002777,accuracy_vs_baselines,logits,COT,True,source
COT,,,,,,,,,,,,,,,,,,,,,,,,,ok,,,,,,,,,,,,,0.775517612695694,,,,,,,,nonliving26,2,DANN,,,0.8176922798156738,,0.75,,,,False,,,,,,,,0.775517612695694,accuracy_vs_baselines,logits,COT,True,source
COT,,,,,,,,,,,,,,,,,,,,,,,,,ok,,,,,,,,,,,,,0.7636855840682983,,,,,,,,nonliving26,2,CDANN,,,0.8165384531021118,,0.7692307829856873,,,,True,,,,,,,,0.7636855840682983,accuracy_vs_baselines,logits,COT,True,source
COT,,,,,,,,,,,,,,,,,,,,,,,,,ok,,,,,,,,,,,,,0.6083236336708069,,,,,,,,nonliving26,3,DANN,,,0.8146153688430786,,0.4038461744785309,,,,False,,,,,,,,0.6083236336708069,accuracy_vs_baselines,logits,COT,True,source
COT,,,,,,,,,,,,,,,,,,,,,,,,,ok,,,,,,,,,,,,,0.5844596922397614,,,,,,,,nonliving26,3,CDANN,,,0.822692334651947,,0.4038461744785309,,,,False,,,,,,,,0.5844596922397614,accuracy_vs_baselines,logits,COT,True,source
COT,,,,,,,,,,,,,,,,,,,,,,,,,ok,,,,,,,,,,,,,0.6090847253799438,,,,,,,,fmow,1,DANN,,,0.6519370079040527,,0.6103222370147705,,,,True,,,,,,,,0.6090847253799438,accuracy_vs_baselines,logits,COT,True,source
COT,,,,,,,,,,,,,,,,,,,,,,,,,ok,,,,,,,,,,,,,0.615029364824295,,,,,,,,fmow,1,CDANN,,,0.6558535695075989,,0.605617344379425,,,,False,,,,,,,,0.615029364824295,accuracy_vs_baselines,logits,COT,True,source
COT,,,,,,,,,,,,,,,,,,,,,,,,,ok,,,,,,,,,,,,,0.5865478813648224,,,,,,,,fmow,2,DANN,,,0.6504895687103271,,0.5482756495475769,,,,False,,,,,,,,0.5865478813648224,accuracy_vs_baselines,logits,COT,True,source
COT,,,,,,,,,,,,,,,,,,,,,,,,,ok,,,,,,,,,,,,,0.5879568159580231,,,,,,,,fmow,2,CDANN,,,0.6548318862915039,,0.5420845150947571,,,,False,,,,,,,,0.5879568159580231,accuracy_vs_baselines,logits,COT,True,source
COT,,,,,,,,,,,,,,,,,,,,,,,,,ok,,,,,,,,,,,,,0.7124415636062622,,,,,,,,officehome,1,DANN,,,0.922024667263031,,0.7193763852119446,,,,True,,,,,,,,0.7124415636062622,accuracy_vs_baselines,logits,COT,True,source
COT,,,,,,,,,,,,,,,,,,,,,,,,,ok,,,,,,,,,,,,,0.7489647269248962,,,,,,,,officehome,1,CDANN,,,0.9138167500495911,,0.730512261390686,,,,False,,,,,,,,0.7489647269248962,accuracy_vs_baselines,logits,COT,True,source
COT,,,,,,,,,,,,,,,,,,,,,,,,,ok,,,,,,,,,,,,,0.6288007497787476,,,,,,,,officehome,2,DANN,,,0.915184736251831,,0.44904816150665283,,,,False,,,,,,,,0.6288007497787476,accuracy_vs_baselines,logits,COT,True,source
COT,,,,,,,,,,,,,,,,,,,,,,,,,ok,,,,,,,,,,,,,0.6749982237815857,,,,,,,,officehome,2,CDANN,,,0.9015048146247864,,0.4501679837703705,,,,False,,,,,,,,0.6749982237815857,accuracy_vs_baselines,logits,COT,True,source
COT,,,,,,,,,,,,,,,,,,,,,,,,,ok,,,,,,,,,,,,,0.5808297693729401,,,,,,,,officehome,3,DANN,,,0.9056087732315063,,0.5364891290664673,,,,False,,,,,,,,0.5808297693729401,accuracy_vs_baselines,logits,COT,True,source
COT,,,,,,,,,,,,,,,,,,,,,,,,,ok,,,,,,,,,,,,,0.6355733871459961,,,,,,,,officehome,3,CDANN,,,0.9138167500495911,,0.5364891290664673,,,,False,,,,,,,,0.6355733871459961,accuracy_vs_baselines,logits,COT,True,source
COT,,,,,,,,,,,,,,,,,,,,,,,,,ok,,,,,,,,,,,,,0.9049544483423233,,,,,,,,visda,1,DANN,,,0.9995489120483398,,0.6463051438331604,,,,False,,,,,,,,0.9049544483423233,accuracy_vs_baselines,logits,COT,True,source
COT,,,,,,,,,,,,,,,,,,,,,,,,,ok,,,,,,,,,,,,,0.8659456670284271,,,,,,,,visda,1,CDANN,,,0.9990978837013245,,0.6784264445304871,,,,False,,,,,,,,0.8659456670284271,accuracy_vs_baselines,logits,COT,True,source
COT,,,,,,,,,,,,,,,,,,,,,,,,,ok,,,,,,,,,,,,,0.9015089049935341,,,,,,,,visda,2,DANN,,,0.9997539520263672,,0.6546961069107056,,,,False,,,,,,,,0.9015089049935341,accuracy_vs_baselines,logits,COT,True,source
COT,,,,,,,,,,,,,,,,,,,,,,,,,ok,,,,,,,,,,,,,0.9018256813287735,,,,,,,,visda,2,CDANN,,,0.9995899200439453,,0.7107734680175781,,,,False,,,,,,,,0.9018256813287735,accuracy_vs_baselines,logits,COT,True,source
AC,,,,,,,,,,,,,,,,,,,,,,,,,ok,,,,,,,,,,,,,0.8525711297988892,,,,,,,,entity13,1,DANN,,,0.905846118927002,,0.7318307161331177,,,,False,,,,,,,,0.8525711297988892,accuracy_vs_baselines,logits,AC,True,source
AC,,,,,,,,,,,,,,,,,,,,,,,,,ok,,,,,,,,,,,,,0.8573216795921326,,,,,,,,entity13,1,CDANN,,,0.9096922874450684,,0.7354357838630676,,,,False,,,,,,,,0.8573216795921326,accuracy_vs_baselines,logits,AC,True,source
AC,,,,,,,,,,,,,,,,,,,,,,,,,ok,,,,,,,,,,,,,0.8737786412239075,,,,,,,,entity13,2,DANN,,,0.9129230380058289,,0.8615384697914124,,,,False,,,,,,,,0.8737786412239075,accuracy_vs_baselines,logits,AC,True,source
AC,,,,,,,,,,,,,,,,,,,,,,,,,ok,,,,,,,,,,,,,0.8710755705833435,,,,,,,,entity13,2,CDANN,,,0.9081538319587708,,0.8423076868057251,,,,False,,,,,,,,0.8710755705833435,accuracy_vs_baselines,logits,AC,True,source
AC,,,,,,,,,,,,,,,,,,,,,,,,,ok,,,,,,,,,,,,,0.7902470231056213,,,,,,,,entity13,3,DANN,,,0.907076895236969,,0.6653845906257629,,,,False,,,,,,,,0.7902470231056213,accuracy_vs_baselines,logits,AC,True,source
AC,,,,,,,,,,,,,,,,,,,,,,,,,ok,,,,,,,,,,,,,0.7894497513771057,,,,,,,,entity13,3,CDANN,,,0.9061538577079773,,0.6653845906257629,,,,False,,,,,,,,0.7894497513771057,accuracy_vs_baselines,logits,AC,True,source
AC,,,,,,,,,,,,,,,,,,,,,,,,,ok,,,,,,,,,,,,,0.7632530331611633,,,,,,,,entity30,1,DANN,,,0.8550000190734863,,0.6190800070762634,,,,False,,,,,,,,0.7632530331611633,accuracy_vs_baselines,logits,AC,True,source
AC,,,,,,,,,,,,,,,,,,,,,,,,,ok,,,,,,,,,,,,,0.7715016603469849,,,,,,,,entity30,1,CDANN,,,0.8611666560173035,,0.627903163433075,,,,False,,,,,,,,0.7715016603469849,accuracy_vs_baselines,logits,AC,True,source
AC,,,,,,,,,,,,,,,,,,,,,,,,,ok,,,,,,,,,,,,,0.8449029922485352,,,,,,,,entity30,2,DANN,,,0.8646666407585144,,0.7875000238418579,,,,False,,,,,,,,0.8449029922485352,accuracy_vs_baselines,logits,AC,True,source
AC,,,,,,,,,,,,,,,,,,,,,,,,,ok,,,,,,,,,,,,,0.8281901478767395,,,,,,,,entity30,2,CDANN,,,0.8646666407585144,,0.8125000596046448,,,,False,,,,,,,,0.8281901478767395,accuracy_vs_baselines,logits,AC,True,source
AC,,,,,,,,,,,,,,,,,,,,,,,,,ok,,,,,,,,,,,,,0.6983610987663269,,,,,,,,entity30,3,DANN,,,0.8636666536331177,,0.5708333849906921,,,,False,,,,,,,,0.6983610987663269,accuracy_vs_baselines,logits,AC,True,source
AC,,,,,,,,,,,,,,,,,,,,,,,,,ok,,,,,,,,,,,,,0.7034960985183716,,,,,,,,entity30,3,CDANN,,,0.8573333024978638,,0.5625,,,,False,,,,,,,,0.7034960985183716,accuracy_vs_baselines,logits,AC,True,source
AC,,,,,,,,,,,,,,,,,,,,,,,,,ok,,,,,,,,,,,,,0.9008032083511353,,,,,,,,cifar10,1,DANN,,,0.9508999586105347,,0.8440000414848328,,,,False,,,,,,,,0.9008032083511353,accuracy_vs_baselines,logits,AC,True,source
AC,,,,,,,,,,,,,,,,,,,,,,,,,ok,,,,,,,,,,,,,0.9067832231521606,,,,,,,,cifar10,1,CDANN,,,0.949999988079071,,0.846500039100647,,,,False,,,,,,,,0.9067832231521606,accuracy_vs_baselines,logits,AC,True,source
AC,,,,,,,,,,,,,,,,,,,,,,,,,ok,,,,,,,,,,,,,0.9305946230888367,,,,,,,,cifar10,10,DANN,,,0.9477999806404114,,0.924500048160553,,,,False,,,,,,,,0.9305946230888367,accuracy_vs_baselines,logits,AC,True,source
AC,,,,,,,,,,,,,,,,,,,,,,,,,ok,,,,,,,,,,,,,0.9337896108627319,,,,,,,,cifar10,10,CDANN,,,0.948699951171875,,0.9160000681877136,,,,False,,,,,,,,0.9337896108627319,accuracy_vs_baselines,logits,AC,True,source
AC,,,,,,,,,,,,,,,,,,,,,,,,,ok,,,,,,,,,,,,,0.9347382187843323,,,,,,,,cifar10,71,DANN,,,0.9487999677658081,,0.9305000305175781,,,,False,,,,,,,,0.9347382187843323,accuracy_vs_baselines,logits,AC,True,source
AC,,,,,,,,,,,,,,,,,,,,,,,,,ok,,,,,,,,,,,,,0.9355620741844177,,,,,,,,cifar10,71,CDANN,,,0.9511999487876892,,0.9280000329017639,,,,False,,,,,,,,0.9355620741844177,accuracy_vs_baselines,logits,AC,True,source
AC,,,,,,,,,,,,,,,,,,,,,,,,,ok,,,,,,,,,,,,,0.936783492565155,,,,,,,,cifar10,95,DANN,,,0.9515999555587769,,0.9390000700950623,,,,True,,,,,,,,0.936783492565155,accuracy_vs_baselines,logits,AC,True,source
AC,,,,,,,,,,,,,,,,,,,,,,,,,ok,,,,,,,,,,,,,0.9392420053482056,,,,,,,,cifar10,95,CDANN,,,0.9526000022888184,,0.9355000257492065,,,,False,,,,,,,,0.9392420053482056,accuracy_vs_baselines,logits,AC,True,source
AC,,,,,,,,,,,,,,,,,,,,,,,,,ok,,,,,,,,,,,,,0.759565532207489,,,,,,,,cifar100,4,DANN,,,0.7841999530792236,,0.7440000176429749,,,,False,,,,,,,,0.759565532207489,accuracy_vs_baselines,logits,AC,True,source
AC,,,,,,,,,,,,,,,,,,,,,,,,,ok,,,,,,,,,,,,,0.7532544136047363,,,,,,,,cifar100,4,CDANN,,,0.7849999666213989,,0.7275000214576721,,,,False,,,,,,,,0.7532544136047363,accuracy_vs_baselines,logits,AC,True,source
AC,,,,,,,,,,,,,,,,,,,,,,,,,ok,,,,,,,,,,,,,0.7691272497177124,,,,,,,,cifar100,12,DANN,,,0.7831999659538269,,0.7545000314712524,,,,False,,,,,,,,0.7691272497177124,accuracy_vs_baselines,logits,AC,True,source
AC,,,,,,,,,,,,,,,,,,,,,,,,,ok,,,,,,,,,,,,,0.7656166553497314,,,,,,,,cifar100,12,CDANN,,,0.7858999967575073,,0.7480000257492065,,,,False,,,,,,,,0.7656166553497314,accuracy_vs_baselines,logits,AC,True,source
AC,,,,,,,,,,,,,,,,,,,,,,,,,ok,,,,,,,,,,,,,0.7807866930961609,,,,,,,,cifar100,59,DANN,,,0.7841999530792236,,0.7585000395774841,,,,False,,,,,,,,0.7807866930961609,accuracy_vs_baselines,logits,AC,True,source
AC,,,,,,,,,,,,,,,,,,,,,,,,,ok,,,,,,,,,,,,,0.7782496809959412,,,,,,,,cifar100,59,CDANN,,,0.7870000004768372,,0.7580000162124634,,,,False,,,,,,,,0.7782496809959412,accuracy_vs_baselines,logits,AC,True,source
AC,,,,,,,,,,,,,,,,,,,,,,,,,ok,,,,,,,,,,,,,0.7890875935554504,,,,,,,,cifar100,82,DANN,,,0.7861999869346619,,0.7695000171661377,,,,False,,,,,,,,0.7890875935554504,accuracy_vs_baselines,logits,AC,True,source
AC,,,,,,,,,,,,,,,,,,,,,,,,,ok,,,,,,,,,,,,,0.7805593013763428,,,,,,,,cifar100,82,CDANN,,,0.7872999906539917,,0.7635000348091125,,,,False,,,,,,,,0.7805593013763428,accuracy_vs_baselines,logits,AC,True,source
AC,,,,,,,,,,,,,,,,,,,,,,,,,ok,,,,,,,,,,,,,0.6377845406532288,,,,,,,,domainnet,1,DANN,,,0.8072605729103088,,0.465893030166626,,,,False,,,,,,,,0.6377845406532288,accuracy_vs_baselines,logits,AC,True,source
AC,,,,,,,,,,,,,,,,,,,,,,,,,ok,,,,,,,,,,,,,0.6281313896179199,,,,,,,,domainnet,1,CDANN,,,0.8055910468101501,,0.5121089816093445,,,,False,,,,,,,,0.6281313896179199,accuracy_vs_baselines,logits,AC,True,source
AC,,,,,,,,,,,,,,,,,,,,,,,,,ok,,,,,,,,,,,,,0.6195071339607239,,,,,,,,domainnet,2,DANN,,,0.8101378083229065,,0.38572534918785095,,,,False,,,,,,,,0.6195071339607239,accuracy_vs_baselines,logits,AC,True,source
AC,,,,,,,,,,,,,,,,,,,,,,,,,ok,,,,,,,,,,,,,0.6048527359962463,,,,,,,,domainnet,2,CDANN,,,0.8071539998054504,,0.42063772678375244,,,,False,,,,,,,,0.6048527359962463,accuracy_vs_baselines,logits,AC,True,source
AC,,,,,,,,,,,,,,,,,,,,,,,,,ok,,,,,,,,,,,,,0.6402058005332947,,,,,,,,domainnet,3,DANN,,,0.8096050024032593,,0.4719189405441284,,,,False,,,,,,,,0.6402058005332947,accuracy_vs_baselines,logits,AC,True,source
AC,,,,,,,,,,,,,,,,,,,,,,,,,ok,,,,,,,,,,,,,0.6436025500297546,,,,,,,,domainnet,3,CDANN,,,0.8074381947517395,,0.49369075894355774,,,,False,,,,,,,,0.6436025500297546,accuracy_vs_baselines,logits,AC,True,source
AC,,,,,,,,,,,,,,,,,,,,,,,,,ok,,,,,,,,,,,,,0.8271092772483826,,,,,,,,living17,1,DANN,,,0.8994117379188538,,0.6758291721343994,,,,False,,,,,,,,0.8271092772483826,accuracy_vs_baselines,logits,AC,True,source
AC,,,,,,,,,,,,,,,,,,,,,,,,,ok,,,,,,,,,,,,,0.8327962756156921,,,,,,,,living17,1,CDANN,,,0.9052940607070923,,0.6863925457000732,,,,False,,,,,,,,0.8327962756156921,accuracy_vs_baselines,logits,AC,True,source
AC,,,,,,,,,,,,,,,,,,,,,,,,,ok,,,,,,,,,,,,,0.8644405007362366,,,,,,,,living17,2,DANN,,,0.9094117283821106,,0.8970588445663452,,,,True,,,,,,,,0.8644405007362366,accuracy_vs_baselines,logits,AC,True,source
AC,,,,,,,,,,,,,,,,,,,,,,,,,ok,,,,,,,,,,,,,0.8884500861167908,,,,,,,,living17,2,CDANN,,,0.9094117283821106,,0.8676470518112183,,,,False,,,,,,,,0.8884500861167908,accuracy_vs_baselines,logits,AC,True,source
AC,,,,,,,,,,,,,,,,,,,,,,,,,ok,,,,,,,,,,,,,0.8317475318908691,,,,,,,,living17,3,DANN,,,0.9052940607070923,,0.5882353186607361,,,,False,,,,,,,,0.8317475318908691,accuracy_vs_baselines,logits,AC,True,source
AC,,,,,,,,,,,,,,,,,,,,,,,,,ok,,,,,,,,,,,,,0.7746639251708984,,,,,,,,living17,3,CDANN,,,0.9052940607070923,,0.5588235259056091,,,,False,,,,,,,,0.7746639251708984,accuracy_vs_baselines,logits,AC,True,source
AC,,,,,,,,,,,,,,,,,,,,,,,,,ok,,,,,,,,,,,,,0.7129377722740173,,,,,,,,nonliving26,1,DANN,,,0.8126922845840454,,0.5122722387313843,,,,False,,,,,,,,0.7129377722740173,accuracy_vs_baselines,logits,AC,True,source
AC,,,,,,,,,,,,,,,,,,,,,,,,,ok,,,,,,,,,,,,,0.7186091542243958,,,,,,,,nonliving26,1,CDANN,,,0.8176922798156738,,0.5332028269767761,,,,False,,,,,,,,0.7186091542243958,accuracy_vs_baselines,logits,AC,True,source
AC,,,,,,,,,,,,,,,,,,,,,,,,,ok,,,,,,,,,,,,,0.8130866885185242,,,,,,,,nonliving26,2,DANN,,,0.8176922798156738,,0.75,,,,False,,,,,,,,0.8130866885185242,accuracy_vs_baselines,logits,AC,True,source
AC,,,,,,,,,,,,,,,,,,,,,,,,,ok,,,,,,,,,,,,,0.7934163212776184,,,,,,,,nonliving26,2,CDANN,,,0.8165384531021118,,0.7692307829856873,,,,False,,,,,,,,0.7934163212776184,accuracy_vs_baselines,logits,AC,True,source
AC,,,,,,,,,,,,,,,,,,,,,,,,,ok,,,,,,,,,,,,,0.6648449897766113,,,,,,,,nonliving26,3,DANN,,,0.8146153688430786,,0.4038461744785309,,,,False,,,,,,,,0.6648449897766113,accuracy_vs_baselines,logits,AC,True,source
AC,,,,,,,,,,,,,,,,,,,,,,,,,ok,,,,,,,,,,,,,0.6117043495178223,,,,,,,,nonliving26,3,CDANN,,,0.822692334651947,,0.4038461744785309,,,,False,,,,,,,,0.6117043495178223,accuracy_vs_baselines,logits,AC,True,source
AC,,,,,,,,,,,,,,,,,,,,,,,,,ok,,,,,,,,,,,,,0.6385051012039185,,,,,,,,fmow,1,DANN,,,0.6519370079040527,,0.6103222370147705,,,,False,,,,,,,,0.6385051012039185,accuracy_vs_baselines,logits,AC,True,source
AC,,,,,,,,,,,,,,,,,,,,,,,,,ok,,,,,,,,,,,,,0.6388002038002014,,,,,,,,fmow,1,CDANN,,,0.6558535695075989,,0.605617344379425,,,,False,,,,,,,,0.6388002038002014,accuracy_vs_baselines,logits,AC,True,source
AC,,,,,,,,,,,,,,,,,,,,,,,,,ok,,,,,,,,,,,,,0.604530930519104,,,,,,,,fmow,2,DANN,,,0.6504895687103271,,0.5482756495475769,,,,False,,,,,,,,0.604530930519104,accuracy_vs_baselines,logits,AC,True,source
AC,,,,,,,,,,,,,,,,,,,,,,,,,ok,,,,,,,,,,,,,0.6016821265220642,,,,,,,,fmow,2,CDANN,,,0.6548318862915039,,0.5420845150947571,,,,False,,,,,,,,0.6016821265220642,accuracy_vs_baselines,logits,AC,True,source
AC,,,,,,,,,,,,,,,,,,,,,,,,,ok,,,,,,,,,,,,,0.7708330154418945,,,,,,,,officehome,1,DANN,,,0.922024667263031,,0.7193763852119446,,,,False,,,,,,,,0.7708330154418945,accuracy_vs_baselines,logits,AC,True,source
AC,,,,,,,,,,,,,,,,,,,,,,,,,ok,,,,,,,,,,,,,0.8211841583251953,,,,,,,,officehome,1,CDANN,,,0.9138167500495911,,0.730512261390686,,,,False,,,,,,,,0.8211841583251953,accuracy_vs_baselines,logits,AC,True,source
AC,,,,,,,,,,,,,,,,,,,,,,,,,ok,,,,,,,,,,,,,0.6579679846763611,,,,,,,,officehome,2,DANN,,,0.915184736251831,,0.44904816150665283,,,,False,,,,,,,,0.6579679846763611,accuracy_vs_baselines,logits,AC,True,source
AC,,,,,,,,,,,,,,,,,,,,,,,,,ok,,,,,,,,,,,,,0.7319388389587402,,,,,,,,officehome,2,CDANN,,,0.9015048146247864,,0.4501679837703705,,,,False,,,,,,,,0.7319388389587402,accuracy_vs_baselines,logits,AC,True,source
AC,,,,,,,,,,,,,,,,,,,,,,,,,ok,,,,,,,,,,,,,0.6812232732772827,,,,,,,,officehome,3,DANN,,,0.9056087732315063,,0.5364891290664673,,,,False,,,,,,,,0.6812232732772827,accuracy_vs_baselines,logits,AC,True,source
AC,,,,,,,,,,,,,,,,,,,,,,,,,ok,,,,,,,,,,,,,0.7606031894683838,,,,,,,,officehome,3,CDANN,,,0.9138167500495911,,0.5364891290664673,,,,False,,,,,,,,0.7606031894683838,accuracy_vs_baselines,logits,AC,True,source
AC,,,,,,,,,,,,,,,,,,,,,,,,,ok,,,,,,,,,,,,,0.937119722366333,,,,,,,,visda,1,DANN,,,0.9995489120483398,,0.6463051438331604,,,,False,,,,,,,,0.937119722366333,accuracy_vs_baselines,logits,AC,True,source
AC,,,,,,,,,,,,,,,,,,,,,,,,,ok,,,,,,,,,,,,,0.9643871188163757,,,,,,,,visda,1,CDANN,,,0.9990978837013245,,0.6784264445304871,,,,False,,,,,,,,0.9643871188163757,accuracy_vs_baselines,logits,AC,True,source
AC,,,,,,,,,,,,,,,,,,,,,,,,,ok,,,,,,,,,,,,,0.9384526610374451,,,,,,,,visda,2,DANN,,,0.9997539520263672,,0.6546961069107056,,,,False,,,,,,,,0.9384526610374451,accuracy_vs_baselines,logits,AC,True,source
AC,,,,,,,,,,,,,,,,,,,,,,,,,ok,,,,,,,,,,,,,0.967695415019989,,,,,,,,visda,2,CDANN,,,0.9995899200439453,,0.7107734680175781,,,,False,,,,,,,,0.967695415019989,accuracy_vs_baselines,logits,AC,True,source
iw_residual_dis2,2.0,0.0,6500.0,33009.0,1625.0,8255.0,0.904,0.0,1.0,3.687958240509033,0.5,0.5,0.5205477476119995,0.2499304860830307,,,,,0.09639714533886476,0.0,1625.0,0.0,8255.0,0.0,ok,plugin,False,,1625.451729280784,1623.127960420403,1.146217618916505,0.9971896526039354,1.0615643857114905,,0.0,0.09639714533886476,0.9036028546611352,0.9036028546611352,False,,,,,,,entity13,1,DANN,logits,13.0,0.905846118927002,0.905846118927002,0.7318307161331177,0.7345851063728333,splits_entity13_DANN_1_0_b09dc755c62e.npz,b09dc755c62e,False,False,,,,,,,0.9036028546611352,logits_vs_features,logits,IW residual DIS2 | W=2 | seed=0 (plug-in),True,
iw_residual_dis2,2.0,0.0,6500.0,260.0,1625.0,65.0,0.9101538461538462,0.0,1.0,54.598148345947266,0.5,0.5,0.4661538600921631,0.2502062916755676,,,,,0.0897240431413496,0.0,1625.0,0.0,65.0,0.0,ok,plugin,False,,1622.9808558045895,1624.9135292993105,1.0295263176653389,0.9986247386053284,1.010330241000122,,0.0,0.0897240431413496,0.9102759568586504,0.9102759568586504,False,,,,,,,entity13,2,DANN,logits,13.0,0.9129230380058289,0.9129230380058289,0.8615384697914124,0.8461538553237915,splits_entity13_DANN_2_0_b09dc755c62e.npz,b09dc755c62e,False,False,,,,,,,0.9102759568586504,logits_vs_features,logits,IW residual DIS2 | W=2 | seed=0 (plug-in),True,
iw_residual_dis2,2.0,0.0,6500.0,260.0,1625.0,65.0,0.9027692307692308,0.0,1.0,3.830349922180176,0.5,0.5,0.516153872013092,0.24943119287490845,,,,,0.09681538446997534,0.0,1625.0,0.0,65.0,0.0,ok,plugin,False,,1615.3376671424385,1605.3965345672318,1.5597520559256435,0.9906993392827033,1.17506646938591,,0.0,0.09681538446997534,0.9031846155300247,0.9031846155300247,False,,,,,,,entity13,3,DANN,logits,13.0,0.907076895236969,0.907076895236969,0.6653845906257629,0.5538461804389954,splits_entity13_DANN_3_0_b09dc755c62e.npz,b09dc755c62e,False,False,,,,,,,0.9031846155300247,logits_vs_features,logits,IW residual DIS2 | W=2 | seed=0 (plug-in),True,
iw_residual_dis2,2.0,0.0,6500.0,33009.0,1625.0,8255.0,0.9132307692307693,0.0,1.0,2.3982067108154297,0.5,0.5,0.5145338177680969,0.2498086541891098,,,,,0.08716399680370747,0.0,1625.0,0.0,8255.0,0.0,ok,plugin,False,,1626.8973288698844,1619.8188336937326,1.2154376662173454,1.0017288221139384,1.0907311822584893,,0.0,0.08716399680370747,0.9128360031962925,0.9128360031962925,False,,,,,,,entity13,1,CDANN,logits,13.0,0.9096922874450684,0.9096922874450684,0.7354357838630676,0.7372501492500305,splits_entity13_CDANN_1_0_b09dc755c62e.npz,b09dc755c62e,False,False,,,,,,,0.9128360031962925,logits_vs_features,logits,IW residual DIS2 | W=2 | seed=0 (plug-in),True,
iw_residual_dis2,2.0,0.0,6500.0,260.0,1625.0,65.0,0.9058461538461539,0.0,1.0,54.598148345947266,0.5,0.5,0.39384615421295166,0.2502327263355255,,,,,0.0941234260824005,0.0,1625.0,0.0,65.0,0.0,ok,plugin,False,,1622.9480364599706,1624.914174672017,1.0364243672746556,0.9988015387721471,1.0105301857139013,,0.0,0.0941234260824005,0.9058765739175995,0.9058765739175995,False,,,,,,,entity13,2,CDANN,logits,13.0,0.9081538319587708,0.9081538319587708,0.8423076868057251,0.8769230842590332,splits_entity13_CDANN_2_0_b09dc755c62e.npz,b09dc755c62e,False,False,,,,,,,0.9058765739175995,logits_vs_features,logits,IW residual DIS2 | W=2 | seed=0 (plug-in),True,
iw_residual_dis2,2.0,0.0,6500.0,260.0,1625.0,65.0,0.9015384615384615,0.0,1.0,5.533639430999756,0.5,0.5,0.48076921701431274,0.24978940188884735,,,,,0.09893176709000366,0.0,1625.0,0.0,65.0,0.0,ok,plugin,False,,1623.8538745476258,1618.0954354770329,1.184193507693934,1.007715047511049,1.0916158389561164,,0.0,0.09893176709000366,0.9010682329099964,0.9010682329099964,False,,,,,,,entity13,3,CDANN,logits,13.0,0.9061538577079773,0.9061538577079773,0.6653845906257629,0.5692307949066162,splits_entity13_CDANN_3_0_b09dc755c62e.npz,b09dc755c62e,False,False,,,,,,,0.9010682329099964,logits_vs_features,logits,IW residual DIS2 | W=2 | seed=0 (plug-in),True,
iw_residual_dis2,2.0,0.0,6000.0,30828.0,1500.0,7709.0,0.8426666666666667,0.0,1.0,1.728687047958374,0.5,0.5,0.5138411521911621,0.24932533502578735,,,,,0.157693289261415,0.0,1500.0,0.0,7709.0,0.0,ok,plugin,False,,1504.8331593339535,1481.5380631016374,1.450980002028854,0.9974380802346456,1.1953827612708676,,0.0,0.157693289261415,0.842306710738585,0.842306710738585,False,,,,,,,entity30,1,DANN,logits,30.0,0.8550000190734863,0.8550000190734863,0.6190800070762634,0.6236866116523743,splits_entity30_DANN_1_0_b09dc755c62e.npz,b09dc755c62e,False,False,,,,,,,0.842306710738585,logits_vs_features,logits,IW residual DIS2 | W=2 | seed=0 (plug-in),True,
iw_residual_dis2,2.0,0.0,6000.0,240.0,1500.0,60.0,0.8606666666666667,0.0,1.0,54.598148345947266,0.5,0.5,0.5016666650772095,0.2500607371330261,,,,,0.1388303003112932,0.0,1500.0,0.0,60.0,0.0,ok,plugin,False,,1494.5841102565068,1499.7261375967405,1.0555103048639427,0.996924677426781,1.017718719317838,,0.0,0.1388303003112932,0.8611696996887068,0.8611696996887068,False,,,,,,,entity30,2,DANN,logits,30.0,0.8646666407585144,0.8646666407585144,0.7875000238418579,0.7500000596046448,splits_entity30_DANN_2_0_b09dc755c62e.npz,b09dc755c62e,False,False,,,,,,,0.8611696996887068,logits_vs_features,logits,IW residual DIS2 | W=2 | seed=0 (plug-in),True,
iw_residual_dis2,2.0,0.0,6000.0,240.0,1500.0,60.0,0.8553333333333333,0.0,1.0,54.598148345947266,0.5,0.5,0.46166667342185974,0.2499976009130478,,,,,0.143718802763159,0.0,1500.0,0.0,60.0,0.0,ok,plugin,False,,1492.3784582378312,1499.583435511841,1.0412212537758008,0.9963825535291864,1.020531419000476,,0.0,0.143718802763159,0.856281197236841,0.856281197236841,False,,,,,,,entity30,3,DANN,logits,30.0,0.8636666536331177,0.8636666536331177,0.5708333849906921,0.6666666865348816,splits_entity30_DANN_3_0_b09dc755c62e.npz,b09dc755c62e,False,False,,,,,,,0.856281197236841,logits_vs_features,logits,IW residual DIS2 | W=2 | seed=0 (plug-in),True,
iw_residual_dis2,2.0,0.0,6000.0,30828.0,1500.0,7709.0,0.856,0.0,1.0,4.229965686798096,0.5,0.5,0.5144094824790955,0.2498675435781479,,,,,0.1446064552973482,0.0,1500.0,0.0,7709.0,0.0,ok,plugin,False,,1497.372736781761,1496.2971489738413,1.2201435979985311,0.9960204159701154,1.0832021564352399,,0.0,0.1446064552973482,0.8553935447026518,0.8553935447026518,False,,,,,,,entity30,1,CDANN,logits,30.0,0.8611666560173035,0.8611666560173035,0.627903163433075,0.6345829367637634,splits_entity30_CDANN_1_0_b09dc755c62e.npz,b09dc755c62e,False,False,,,,,,,0.8553935447026518,logits_vs_features,logits,IW residual DIS2 | W=2 | seed=0 (plug-in),True,
iw_residual_dis2,2.0,0.0,6000.0,240.0,1500.0,60.0,0.862,0.0,1.0,54.598148345947266,0.5,0.5,0.43166667222976685,0.2501581013202667,,,,,0.1374331973669702,0.0,1500.0,0.0,60.0,0.0,ok,plugin,False,,1493.2470028463106,1499.720804552401,1.0384839375896187,0.9954725205721457,1.018114048842811,,0.0,0.1374331973669702,0.8625668026330298,0.8625668026330298,False,,,,,,,entity30,2,CDANN,logits,30.0,0.8646666407585144,0.8646666407585144,0.8125000596046448,0.7500000596046448,splits_entity30_CDANN_2_0_b09dc755c62e.npz,b09dc755c62e,False,False,,,,,,,0.8625668026330298,logits_vs_features,logits,IW residual DIS2 | W=2 | seed=0 (plug-in),True,
iw_residual_dis2,2.0,0.0,6000.0,240.0,1500.0,60.0,0.8453333333333333,0.0,1.0,54.598148345947266,0.5,0.5,0.43416666984558105,0.2500317394733429,,,,,0.15387466304092193,0.0,1500.0,0.0,60.0,0.0,ok,plugin,False,,1494.5325012369603,1499.702791735605,1.0436227616005247,0.9966017781022638,1.0193663146885727,,0.0,0.15387466304092193,0.8461253369590781,0.8461253369590781,False,,,,,,,entity30,3,CDANN,logits,30.0,0.8573333024978638,0.8573333024978638,0.5625,0.6166666746139526,splits_entity30_CDANN_3_0_b09dc755c62e.npz,b09dc755c62e,False,False,,,,,,,0.8461253369590781,logits_vs_features,logits,IW residual DIS2 | W=2 | seed=0 (plug-in),True,
iw_residual_dis2,2.0,0.0,10000.0,2000.0,2500.0,500.0,0.9452,0.0,1.0,2.7144715785980225,0.5,0.5,0.5149999856948853,0.24972444772720337,,,,,0.05527905232382684,0.0,2500.0,0.0,500.0,0.0,ok,plugin,False,,2490.763291733524,2487.6180886665843,1.2452015604379874,0.9935279219351392,1.1159082128740911,,0.0,0.05527905232382684,0.9447209476761732,0.9447209476761732,False,,,,,,,cifar10,1,DANN,logits,10.0,0.9508999586105347,0.9508999586105347,0.8440000414848328,0.8360000252723694,splits_cifar10_DANN_1_0_b09dc755c62e.npz,b09dc755c62e,False,False,,,,,,,0.9447209476761732,logits_vs_features,logits,IW residual DIS2 | W=2 | seed=0 (plug-in),True,
iw_residual_dis2,2.0,0.0,10000.0,2000.0,2500.0,500.0,0.946,0.0,1.0,54.598148345947266,0.5,0.5,0.49900001287460327,0.2500520348548889,,,,,0.053977254585820436,0.0,2500.0,0.0,500.0,0.0,ok,plugin,False,,2499.350371889275,2499.965877937097,1.0116953872164371,0.9997928421731974,1.0058517713974136,,0.0,0.053977254585820436,0.9460227454141795,0.9460227454141795,False,,,,,,,cifar10,10,DANN,logits,10.0,0.9477999806404114,0.9477999806404114,0.924500048160553,0.9120000600814819,splits_cifar10_DANN_10_0_b09dc755c62e.npz,b09dc755c62e,False,False,,,,,,,0.9460227454141795,logits_vs_features,logits,IW residual DIS2 | W=2 | seed=0 (plug-in),True,
iw_residual_dis2,2.0,0.0,10000.0,2000.0,2500.0,500.0,0.9452,0.0,1.0,54.598148345947266,0.5,0.5,0.4724999964237213,0.2500370144844055,,,,,0.0547860526192732,0.0,2500.0,0.0,500.0,0.0,ok,plugin,False,,2499.534284390755,2499.977277075477,1.0108819125923776,0.999816907350147,1.0046119831146385,,0.0,0.0547860526192732,0.9452139473807268,0.9452139473807268,False,,,,,,,cifar10,71,DANN,logits,10.0,0.9487999677658081,0.9487999677658081,0.9305000305175781,0.9180000424385071,splits_cifar10_DANN_71_0_b09dc755c62e.npz,b09dc755c62e,False,False,,,,,,,0.9452139473807268,logits_vs_features,logits,IW residual DIS2 | W=2 | seed=0 (plug-in),True,
iw_residual_dis2,2.0,0.0,10000.0,2000.0,2500.0,500.0,0.9528,0.0,1.0,54.598148345947266,0.5,0.5,0.48350000381469727,0.2500438690185547,,,,,0.047194212081689564,0.0,2500.0,0.0,500.0,0.0,ok,plugin,False,,2499.665104551872,2499.9861775831446,1.0061237349092884,0.9996522169064508,1.0038381868779027,,0.0,0.047194212081689564,0.9528057879183104,0.9528057879183104,False,,,,,,,cifar10,95,DANN,logits,10.0,0.9515999555587769,0.9515999555587769,0.9390000700950623,0.9360000491142273,splits_cifar10_DANN_95_0_b09dc755c62e.npz,b09dc755c62e,False,False,,,,,,,0.9528057879183104,logits_vs_features,logits,IW residual DIS2 | W=2 | seed=0 (plug-in),True,
iw_residual_dis2,2.0,0.0,10000.0,2000.0,2500.0,500.0,0.9476,0.0,1.0,15.170090675354004,0.5,0.5,0.5120000243186951,0.2499927282333374,,,,,0.05250433867073842,0.0,2500.0,0.0,500.0,0.0,ok,plugin,False,,2497.3932455475524,2499.657998592665,1.0286085284895574,0.9982982617247618,1.0174694260297672,,0.0,0.05250433867073842,0.9474956613292616,0.9474956613292616,False,,,,,,,cifar10,1,CDANN,logits,10.0,0.949999988079071,0.949999988079071,0.846500039100647,0.8440000414848328,splits_cifar10_CDANN_1_0_b09dc755c62e.npz,b09dc755c62e,False,False,,,,,,,0.9474956613292616,logits_vs_features,logits,IW residual DIS2 | W=2 | seed=0 (plug-in),True,
iw_residual_dis2,2.0,0.0,10000.0,2000.0,2500.0,500.0,0.9468,0.0,1.0,54.598148345947266,0.5,0.5,0.48100000619888306,0.2500584125518799,,,,,0.05319603762310007,0.0,2500.0,0.0,500.0,0.0,ok,plugin,False,,2498.9610457020863,2499.960930296623,1.013563395964361,0.9994265548504325,1.0065270235931552,,0.0,0.05319603762310007,0.9468039623768999,0.9468039623768999,False,,,,,,,cifar10,10,CDANN,logits,10.0,0.948699951171875,0.948699951171875,0.9160000681877136,0.9120000600814819,splits_cifar10_CDANN_10_0_b09dc755c62e.npz,b09dc755c62e,False,False,,,,,,,0.9468039623768999,logits_vs_features,logits,IW residual DIS2 | W=2 | seed=0 (plug-in),True,
iw_residual_dis2,2.0,0.0,10000.0,2000.0,2500.0,500.0,0.9492,0.0,1.0,54.598148345947266,0.5,0.5,0.4650000035762787,0.25004249811172485,,,,,0.05079030575612145,0.0,2500.0,0.0,500.0,0.0,ok,plugin,False,,2499.46999202274,2499.9783234754614,1.0120593683728807,0.9995410194424087,1.0051221552158527,,0.0,0.05079030575612145,0.9492096942438786,0.9492096942438786,False,,,,,,,cifar10,71,CDANN,logits,10.0,0.9511999487876892,0.9511999487876892,0.9280000329017639,0.9040000438690186,splits_cifar10_CDANN_71_0_b09dc755c62e.npz,b09dc755c62e,False,False,,,,,,,0.9492096942438786,logits_vs_features,logits,IW residual DIS2 | W=2 | seed=0 (plug-in),True,
iw_residual_dis2,2.0,0.0,10000.0,2000.0,2500.0,500.0,0.9516,0.0,1.0,54.598148345947266,0.5,0.5,0.47450000047683716,0.250036358833313,,,,,0.04839748708045496,0.0,2500.0,0.0,500.0,0.0,ok,plugin,False,,2499.626972410137,2499.9879266014955,1.0066564969396654,0.9995390854773687,1.0035422914818688,,0.0,0.04839748708045496,0.951602512919545,0.951602512919545,False,,,,,,,cifar10,95,CDANN,logits,10.0,0.9526000022888184,0.9526000022888184,0.9355000257492065,0.9260000586509705,splits_cifar10_CDANN_95_0_b09dc755c62e.npz,b09dc755c62e,False,False,,,,,,,0.951602512919545,logits_vs_features,logits,IW residual DIS2 | W=2 | seed=0 (plug-in),True,
iw_residual_dis2,2.0,0.0,10000.0,2000.0,2500.0,500.0,0.758,0.0,1.0,5.491447925567627,0.5,0.5,0.5239999890327454,0.2492186278104782,,,,,0.23915412119862045,0.0,2500.0,0.0,500.0,0.0,ok,plugin,False,,2467.9818743558326,2471.2415953613263,1.4042553349704567,0.9849870126168123,1.164483854463959,,0.0,0.23915412119862045,0.7608458788013795,0.7608458788013795,False,,,,,,,cifar100,4,DANN,logits,100.0,0.7841999530792236,0.7841999530792236,0.7440000176429749,0.7760000228881836,splits_cifar100_DANN_4_0_b09dc755c62e.npz,b09dc755c62e,False,True,,,,,,,0.7608458788013795,logits_vs_features,logits,IW residual DIS2 | W=2 | seed=0 (plug-in),True,
iw_residual_dis2,2.0,0.0,10000.0,2000.0,2500.0,500.0,0.76,0.0,1.0,3.8378243446350098,0.5,0.5,0.5189999938011169,0.2482605278491974,,,,,0.23561112858152902,0.0,2500.0,0.0,500.0,0.0,ok,plugin,False,,2446.566909208289,2436.1491685274805,1.6419769033871479,0.9722690455723946,1.2485575030222478,,0.0,0.23561112858152902,0.764388871418471,0.764388871418471,False,,,,,,,cifar100,12,DANN,logits,100.0,0.7831999659538269,0.7831999659538269,0.7545000314712524,0.7860000133514404,splits_cifar100_DANN_12_0_b09dc755c62e.npz,b09dc755c62e,False,True,,,,,,,0.764388871418471,logits_vs_features,logits,IW residual DIS2 | W=2 | seed=0 (plug-in),True,
iw_residual_dis2,2.0,0.0,10000.0,2000.0,2500.0,500.0,0.7596,0.0,1.0,2.802358388900757,0.5,0.5,0.5494999885559082,0.24673324823379517,,,,,0.2315303455287617,0.0,2497.0,3.0,500.0,0.0,ok,plugin,False,,2439.447146567648,2375.669203267462,1.939734341822981,0.96248380848695,1.362907757790571,,0.0,0.2315303455287617,0.7684696544712383,0.7684696544712383,False,,,,,,,cifar100,59,DANN,logits,100.0,0.7841999530792236,0.7841999530792236,0.7585000395774841,0.7720000147819519,splits_cifar100_DANN_59_0_b09dc755c62e.npz,b09dc755c62e,False,True,,,,,,,0.7684696544712383,logits_vs_features,logits,IW residual DIS2 | W=2 | seed=0 (plug-in),True,
iw_residual_dis2,2.0,0.0,10000.0,2000.0,2500.0,500.0,0.764,0.0,1.0,6.978378772735596,0.5,0.5,0.5135000348091125,0.24948640167713165,,,,,0.23254424585950542,0.0,2500.0,0.0,500.0,0.0,ok,plugin,False,,2466.625196752198,2480.0872615463854,1.28467736797543,0.9857623570780534,1.1353387546000333,,0.0,0.23254424585950542,0.7674557541404946,0.7674557541404946,False,,,,,,,cifar100,82,DANN,logits,100.0,0.7861999869346619,0.7861999869346619,0.7695000171661377,0.7700000405311584,splits_cifar100_DANN_82_0_b09dc755c62e.npz,b09dc755c62e,True,True,,,,,,,0.7674557541404946,logits_vs_features,logits,IW residual DIS2 | W=2 | seed=0 (plug-in),True,
iw_residual_dis2,2.0,0.0,10000.0,2000.0,2500.0,500.0,0.762,0.0,1.0,5.056149482727051,0.5,0.5,0.5295000076293945,0.24904659390449524,,,,,0.2334186495605029,0.0,2500.0,0.0,500.0,0.0,ok,plugin,False,,2459.7382574489816,2462.8951167450077,1.612166297143988,0.9786892623843662,1.1862365069324659,,0.0,0.2334186495605029,0.7665813504394972,0.7665813504394972,False,,,,,,,cifar100,4,CDANN,logits,100.0,0.7849999666213989,0.7849999666213989,0.7275000214576721,0.7480000257492065,splits_cifar100_CDANN_4_0_b09dc755c62e.npz,b09dc755c62e,False,False,,,,,,,0.7665813504394972,logits_vs_features,logits,IW residual DIS2 | W=2 | seed=0 (plug-in),True,
iw_residual_dis2,2.0,0.0,10000.0,2000.0,2500.0,500.0,0.766,0.0,1.0,2.4864232540130615,0.5,0.5,0.5425000190734863,0.24643674492835999,5.0,0.0,4.0,0.0,0.22773708694791175,0.002,2497.0,3.0,499.0,1.0,unsupported_critic_region,plugin,False,,2442.687695699451,2356.668514867253,1.982169254595696,0.9589183782582102,1.4025810544778288,,,,,,,,,,,,,cifar100,12,CDANN,logits,100.0,0.7858999967575073,0.7858999967575073,0.7480000257492065,0.7680000066757202,splits_cifar100_CDANN_12_0_b09dc755c62e.npz,b09dc755c62e,,,,,,,,,,logits_vs_features,logits,IW residual DIS2 | W=2 | seed=0 (plug-in),False,
iw_residual_dis2,2.0,0.0,10000.0,2000.0,2500.0,500.0,0.7664,0.0,1.0,2.008225202560425,0.5,0.5,0.5509999990463257,0.2439228594303131,30.0,11.0,9.0,7.0,0.21981669912261037,0.01,2485.0,15.0,495.0,5.0,ok,plugin,False,,2407.375616103403,2270.37636627726,1.9833438806549832,0.9305514735682698,1.5332057532225556,1.0,0.005333333333333333,0.2251500324559437,0.7748499675440563,0.7748499675440563,False,9.0,16.0,0.3333333134651184,0.6666666865348816,1.0,"[{'epoch': 0, 'best_score': 0.1111111044883728}, {'epoch': 1, 'best_score': 0.1111111044883728}, {'epoch': 2, 'best_score': 0.2222222089767456}, {'epoch': 3, 'best_score': 0.2222222089767456}, {'epoch': 4, 'best_score': 0.2222222089767456}, {'epoch': 5, 'best_score': 0.2222222089767456}, {'epoch': 6, 'best_score': 0.2222222089767456}, {'epoch': 7, 'best_score': 0.2222222089767456}, {'epoch': 8, 'best_score': 0.2222222089767456}, {'epoch': 9, 'best_score': 0.3333333134651184}, {'epoch': 10, 'best_score': 0.1904761791229248}, {'epoch': 11, 'best_score': 0.1904761791229248}, {'epoch': 12, 'best_score': 0.1904761791229248}, {'epoch': 13, 'best_score': 0.1904761791229248}, {'epoch': 14, 'best_score': 0.1904761791229248}, {'epoch': 15, 'best_score': 0.079365074634552}, {'epoch': 16, 'best_score': 0.1269841492176056}, {'epoch': 17, 'best_score': 0.158730149269104}, {'epoch': 18, 'best_score': 0.158730149269104}, {'epoch': 19, 'best_score': 0.158730149269104}, {'epoch': 20, 'best_score': 0.158730149269104}, {'epoch': 21, 'best_score': 0.158730149269104}, {'epoch': 22, 'best_score': 0.158730149269104}, {'epoch': 23, 'best_score': 0.158730149269104}, {'epoch': 24, 'best_score': 0.2698412835597992}, {'epoch': 25, 'best_score': 0.2698412835597992}, {'epoch': 26, 'best_score': 0.2698412835597992}, {'epoch': 27, 'best_score': 0.2698412835597992}, {'epoch': 28, 'best_score': 0.2698412835597992}, {'epoch': 29, 'best_score': 0.2698412835597992}, {'epoch': 30, 'best_score': 0.2698412835597992}, {'epoch': 31, 'best_score': 0.2698412835597992}, {'epoch': 32, 'best_score': 0.2698412835597992}, {'epoch': 33, 'best_score': 0.2698412835597992}, {'epoch': 34, 'best_score': 0.2698412835597992}, {'epoch': 35, 'best_score': 0.2698412835597992}, {'epoch': 36, 'best_score': 0.2698412835597992}, {'epoch': 37, 'best_score': 0.2698412835597992}, {'epoch': 38, 'best_score': 0.2698412835597992}, {'epoch': 39, 'best_score': 0.2698412835597992}, {'epoch': 40, 'best_score': 0.2698412835597992}, {'epoch': 41, 'best_score': 0.2698412835597992}, {'epoch': 42, 'best_score': 0.2698412835597992}, {'epoch': 43, 'best_score': 0.2698412835597992}, {'epoch': 44, 'best_score': 0.2698412835597992}, {'epoch': 45, 'best_score': 0.1269841492176056}, {'epoch': 46, 'best_score': 0.1269841492176056}, {'epoch': 47, 'best_score': 0.1269841492176056}, {'epoch': 48, 'best_score': 0.1269841492176056}, {'epoch': 49, 'best_score': 0.1269841492176056}]",cifar100,59,CDANN,logits,100.0,0.7870000004768372,0.7870000004768372,0.7580000162124634,0.7920000553131104,splits_cifar100_CDANN_59_0_b09dc755c62e.npz,b09dc755c62e,False,True,0.26666666666666666,0.7333333333333333,0.2666666666666667,,,,0.7748499675440563,logits_vs_features,logits,IW residual DIS2 | W=2 | seed=0 (plug-in),True,
iw_residual_dis2,2.0,0.0,10000.0,2000.0,2500.0,500.0,0.7652,0.0,1.0,5.66292667388916,0.5,0.5,0.5170000195503235,0.24932295083999634,,,,,0.22975871767654502,0.0,2500.0,0.0,500.0,0.0,ok,plugin,False,,2459.7809711107875,2471.164719457861,1.3422972489977123,0.9809769135053362,1.1580601273715891,,0.0,0.22975871767654502,0.770241282323455,0.770241282323455,False,,,,,,,cifar100,82,CDANN,logits,100.0,0.7872999906539917,0.7872999906539917,0.7635000348091125,0.7720000147819519,splits_cifar100_CDANN_82_0_b09dc755c62e.npz,b09dc755c62e,False,True,,,,,,,0.770241282323455,logits_vs_features,logits,IW residual DIS2 | W=2 | seed=0 (plug-in),True,
iw_residual_dis2,2.0,0.0,28152.0,9910.0,7040.0,2478.0,0.803125,0.0,1.0,1.2152042388916016,0.5,0.5,0.6491578817367554,0.2188163548707962,588.0,874.0,301.0,433.0,0.14684151656177727,0.3159806295399516,6535.0,505.0,1695.0,783.0,ok,plugin,False,,5080.441850344805,4990.039421420716,1.9990181538482423,0.6847219942512915,1.6488725221613063,0.876117496807152,0.14731538529155577,0.29415690185333304,0.705843098146667,0.705843098146667,False,6.0,0.0,0.2332410216331482,0.6212624311447144,0.8545034527778625,"[{'epoch': 0, 'best_score': 0.03901547193527222}, {'epoch': 1, 'best_score': 0.10533785820007324}, {'epoch': 2, 'best_score': 0.1364121437072754}, {'epoch': 3, 'best_score': 0.18020761013031006}, {'epoch': 4, 'best_score': 0.19467055797576904}, {'epoch': 5, 'best_score': 0.22327423095703125}, {'epoch': 6, 'best_score': 0.2332410216331482}, {'epoch': 7, 'best_score': 0.2242870330810547}, {'epoch': 8, 'best_score': 0.21764254570007324}, {'epoch': 9, 'best_score': 0.20637905597686768}, {'epoch': 10, 'best_score': 0.20001840591430664}, {'epoch': 11, 'best_score': 0.1969800591468811}, {'epoch': 12, 'best_score': 0.20419234037399292}, {'epoch': 13, 'best_score': 0.20317953824996948}, {'epoch': 14, 'best_score': 0.20577293634414673}, {'epoch': 15, 'best_score': 0.21112078428268433}, {'epoch': 16, 'best_score': 0.20779848098754883}, {'epoch': 17, 'best_score': 0.19985729455947876}, {'epoch': 18, 'best_score': 0.1971028447151184}, {'epoch': 19, 'best_score': 0.19378060102462769}, {'epoch': 20, 'best_score': 0.19479334354400635}, {'epoch': 21, 'best_score': 0.19276773929595947}, {'epoch': 22, 'best_score': 0.1904582977294922}, {'epoch': 23, 'best_score': 0.18786495923995972}, {'epoch': 24, 'best_score': 0.18381381034851074}, {'epoch': 25, 'best_score': 0.18685215711593628}, {'epoch': 26, 'best_score': 0.1791948676109314}, {'epoch': 27, 'best_score': 0.18381381034851074}, {'epoch': 28, 'best_score': 0.1828010082244873}, {'epoch': 29, 'best_score': 0.18077540397644043}, {'epoch': 30, 'best_score': 0.18077540397644043}, {'epoch': 31, 'best_score': 0.18077540397644043}, {'epoch': 32, 'best_score': 0.1828010082244873}, {'epoch': 33, 'best_score': 0.17846590280532837}, {'epoch': 34, 'best_score': 0.1848265528678894}, {'epoch': 35, 'best_score': 0.1848265528678894}, {'epoch': 36, 'best_score': 0.18944549560546875}, {'epoch': 37, 'best_score': 0.19175493717193604}, {'epoch': 38, 'best_score': 0.1940644383430481}, {'epoch': 39, 'best_score': 0.1851104497909546}, {'epoch': 40, 'best_score': 0.18077540397644043}, {'epoch': 41, 'best_score': 0.1817881464958191}, {'epoch': 42, 'best_score': 0.17615646123886108}, {'epoch': 43, 'best_score': 0.17485976219177246}, {'epoch': 44, 'best_score': 0.17615646123886108}, {'epoch': 45, 'best_score': 0.17182141542434692}, {'epoch': 46, 'best_score': 0.1738470196723938}, {'epoch': 47, 'best_score': 0.17716926336288452}, {'epoch': 48, 'best_score': 0.1794787049293518}, {'epoch': 49, 'best_score': 0.1794787049293518}]",domainnet,1,DANN,logits,345.0,0.8072605729103088,0.8072605729103088,0.465893030166626,0.47497981786727905,splits_domainnet_DANN_1_0_b09dc755c62e.npz,b09dc755c62e,False,False,0.25742574257425743,0.6673267326732674,0.20879076413388464,,,,0.705843098146667,logits_vs_features,logits,IW residual DIS2 | W=2 | seed=0 (plug-in),True,
iw_residual_dis2,2.0,0.0,28152.0,14207.0,7040.0,3553.0,0.8038352272727273,0.0,1.0,1.0665127038955688,0.5,0.5,0.6751638650894165,0.20423626899719238,705.0,1662.0,376.0,808.0,0.13502025560063563,0.3875598086124402,6410.0,630.0,2176.0,1377.0,ok,plugin,False,,4538.9589315372095,4576.97202678858,1.9994814855483418,0.599608932489337,1.6546353674055263,0.9128540305010894,0.19137951831450284,0.32639977391513847,0.6736002260848615,0.6736002260848615,False,13.0,17.0,0.26029592752456665,0.6728723645210266,0.9331682920455933,"[{'epoch': 0, 'best_score': 0.03370553255081177}, {'epoch': 1, 'best_score': 0.10438168048858643}, {'epoch': 2, 'best_score': 0.15744155645370483}, {'epoch': 3, 'best_score': 0.1902780532836914}, {'epoch': 4, 'best_score': 0.20275962352752686}, {'epoch': 5, 'best_score': 0.22793340682983398}, {'epoch': 6, 'best_score': 0.23751842975616455}, {'epoch': 7, 'best_score': 0.24178427457809448}, {'epoch': 8, 'best_score': 0.2565041184425354}, {'epoch': 9, 'best_score': 0.24939435720443726}, {'epoch': 10, 'best_score': 0.25007903575897217}, {'epoch': 11, 'best_score': 0.2601643204689026}, {'epoch': 12, 'best_score': 0.259795606136322}, {'epoch': 13, 'best_score': 0.26029592752456665}, {'epoch': 14, 'best_score': 0.24686646461486816}, {'epoch': 15, 'best_score': 0.2487887144088745}, {'epoch': 16, 'best_score': 0.24965763092041016}, {'epoch': 17, 'best_score': 0.2521328926086426}, {'epoch': 18, 'best_score': 0.25089526176452637}, {'epoch': 19, 'best_score': 0.2533705234527588}, {'epoch': 20, 'best_score': 0.2530019283294678}, {'epoch': 21, 'best_score': 0.24699807167053223}, {'epoch': 22, 'best_score': 0.24112600088119507}, {'epoch': 23, 'best_score': 0.24483883380889893}, {'epoch': 24, 'best_score': 0.2466294765472412}, {'epoch': 25, 'best_score': 0.243785560131073}, {'epoch': 26, 'best_score': 0.24910473823547363}, {'epoch': 27, 'best_score': 0.2450231909751892}, {'epoch': 28, 'best_score': 0.24094164371490479}, {'epoch': 29, 'best_score': 0.23686009645462036}, {'epoch': 30, 'best_score': 0.2327786087989807}, {'epoch': 31, 'best_score': 0.2286970615386963}, {'epoch': 32, 'best_score': 0.22622179985046387}, {'epoch': 33, 'best_score': 0.2286970615386963}, {'epoch': 34, 'best_score': 0.2286970615386963}, {'epoch': 35, 'best_score': 0.22566884756088257}, {'epoch': 36, 'best_score': 0.22337794303894043}, {'epoch': 37, 'best_score': 0.22337794303894043}, {'epoch': 38, 'best_score': 0.21769016981124878}, {'epoch': 39, 'best_score': 0.21521490812301636}, {'epoch': 40, 'best_score': 0.21150201559066772}, {'epoch': 41, 'best_score': 0.20989573001861572}, {'epoch': 42, 'best_score': 0.21150201559066772}, {'epoch': 43, 'best_score': 0.20884239673614502}, {'epoch': 44, 'best_score': 0.2074204683303833}, {'epoch': 45, 'best_score': 0.2063671350479126}, {'epoch': 46, 'best_score': 0.2086580991744995}, {'epoch': 47, 'best_score': 0.20599853992462158}, {'epoch': 48, 'best_score': 0.20599853992462158}, {'epoch': 49, 'best_score': 0.208473801612854}]",domainnet,2,DANN,logits,345.0,0.8101378083229065,0.8101378083229065,0.38572534918785095,0.38727834820747375,splits_domainnet_DANN_2_0_b09dc755c62e.npz,b09dc755c62e,False,False,0.24285714285714285,0.6619047619047619,0.2509492685963275,,,,0.6736002260848615,logits_vs_features,logits,IW residual DIS2 | W=2 | seed=0 (plug-in),True,
iw_residual_dis2,2.0,0.0,28152.0,15295.0,7040.0,3825.0,0.8072443181818182,0.0,1.0,0.9051699638366699,0.5,0.5,0.6486807465553284,0.2190219759941101,881.0,1212.0,439.0,649.0,0.13984614336382015,0.2661437908496732,6297.0,743.0,2807.0,1018.0,ok,plugin,False,,4955.603804889766,4767.6409604681585,1.9968476695561426,0.691303247065471,1.6830702156788684,0.8762278978388998,0.1092648598245938,0.24911100318841395,0.750888996811586,0.750888996811586,False,8.0,2.0,0.2640438675880432,0.6173120737075806,0.8813559412956238,"[{'epoch': 0, 'best_score': 0.049847185611724854}, {'epoch': 1, 'best_score': 0.13607406616210938}, {'epoch': 2, 'best_score': 0.19175106287002563}, {'epoch': 3, 'best_score': 0.21433013677597046}, {'epoch': 4, 'best_score': 0.2420685887336731}, {'epoch': 5, 'best_score': 0.25191730260849}, {'epoch': 6, 'best_score': 0.2578805088996887}, {'epoch': 7, 'best_score': 0.26009178161621094}, {'epoch': 8, 'best_score': 0.2640438675880432}, {'epoch': 9, 'best_score': 0.25640636682510376}, {'epoch': 10, 'best_score': 0.2633734345436096}, {'epoch': 11, 'best_score': 0.26189935207366943}, {'epoch': 12, 'best_score': 0.24916905164718628}, {'epoch': 13, 'best_score': 0.24528366327285767}, {'epoch': 14, 'best_score': 0.2431390881538391}, {'epoch': 15, 'best_score': 0.2477615475654602}, {'epoch': 16, 'best_score': 0.2394537329673767}, {'epoch': 17, 'best_score': 0.23637205362319946}, {'epoch': 18, 'best_score': 0.24327248334884644}, {'epoch': 19, 'best_score': 0.24253541231155396}, {'epoch': 20, 'best_score': 0.24481332302093506}, {'epoch': 21, 'best_score': 0.24414288997650146}, {'epoch': 22, 'best_score': 0.24246865510940552}, {'epoch': 23, 'best_score': 0.2401908040046692}, {'epoch': 24, 'best_score': 0.24025750160217285}, {'epoch': 25, 'best_score': 0.24112790822982788}, {'epoch': 26, 'best_score': 0.24420958757400513}, {'epoch': 27, 'best_score': 0.23965376615524292}, {'epoch': 28, 'best_score': 0.23737585544586182}, {'epoch': 29, 'best_score': 0.2381129264831543}, {'epoch': 30, 'best_score': 0.2350980043411255}, {'epoch': 31, 'best_score': 0.23503124713897705}, {'epoch': 32, 'best_score': 0.23282009363174438}, {'epoch': 33, 'best_score': 0.2334904670715332}, {'epoch': 34, 'best_score': 0.2357683777809143}, {'epoch': 35, 'best_score': 0.23590177297592163}, {'epoch': 36, 'best_score': 0.234360933303833}, {'epoch': 37, 'best_score': 0.2312125563621521}, {'epoch': 38, 'best_score': 0.23047548532485962}, {'epoch': 39, 'best_score': 0.23127925395965576}, {'epoch': 40, 'best_score': 0.22973841428756714}, {'epoch': 41, 'best_score': 0.2275272011756897}, {'epoch': 42, 'best_score': 0.22679013013839722}, {'epoch': 43, 'best_score': 0.22906804084777832}, {'epoch': 44, 'best_score': 0.224578857421875}, {'epoch': 45, 'best_score': 0.22672343254089355}, {'epoch': 46, 'best_score': 0.23127925395965576}, {'epoch': 47, 'best_score': 0.23282009363174438}, {'epoch': 48, 'best_score': 0.23282009363174438}, {'epoch': 49, 'best_score': 0.23282009363174438}]",domainnet,3,DANN,logits,345.0,0.8096050024032593,0.8096050024032593,0.4719189405441284,0.46562090516090393,splits_domainnet_DANN_3_0_b09dc755c62e.npz,b09dc755c62e,False,False,0.2126514131897712,0.6783310901749664,0.19789680766393336,,,,0.750888996811586,logits_vs_features,logits,IW residual DIS2 | W=2 | seed=0 (plug-in),True,
iw_residual_dis2,2.0,0.0,28152.0,9910.0,7040.0,2478.0,0.8025568181818181,0.0,1.0,0.8766927123069763,0.5,0.5,0.7155721187591553,0.1901533603668213,810.0,1312.0,422.0,656.0,0.12172763005943724,0.44552058111380144,6367.0,673.0,1374.0,1104.0,ok,plugin,False,,3927.2573157152947,4157.312793369796,1.9978023845224555,0.4898443620699584,1.5914362580035755,0.8677536231884058,0.20587829661796472,0.32760592667740196,0.672394073322598,0.672394073322598,False,4.0,8.0,0.31559211015701294,0.5639810562133789,0.8795731663703918,"[{'epoch': 0, 'best_score': 0.05635911226272583}, {'epoch': 1, 'best_score': 0.16195380687713623}, {'epoch': 2, 'best_score': 0.2568778395652771}, {'epoch': 3, 'best_score': 0.28954023122787476}, {'epoch': 4, 'best_score': 0.31559211015701294}, {'epoch': 5, 'best_score': 0.3130562901496887}, {'epoch': 6, 'best_score': 0.2961362600326538}, {'epoch': 7, 'best_score': 0.30036264657974243}, {'epoch': 8, 'best_score': 0.29393279552459717}, {'epoch': 9, 'best_score': 0.3122255206108093}, {'epoch': 10, 'best_score': 0.2954716682434082}, {'epoch': 11, 'best_score': 0.28362327814102173}, {'epoch': 12, 'best_score': 0.27414464950561523}, {'epoch': 13, 'best_score': 0.26466596126556396}, {'epoch': 14, 'best_score': 0.2682276964187622}, {'epoch': 15, 'best_score': 0.2682276964187622}, {'epoch': 16, 'best_score': 0.25874900817871094}, {'epoch': 17, 'best_score': 0.2555340528488159}, {'epoch': 18, 'best_score': 0.24842506647109985}, {'epoch': 19, 'best_score': 0.2538434863090515}, {'epoch': 20, 'best_score': 0.25536787509918213}, {'epoch': 21, 'best_score': 0.2546887993812561}, {'epoch': 22, 'best_score': 0.2538434863090515}, {'epoch': 23, 'best_score': 0.24504393339157104}, {'epoch': 24, 'best_score': 0.24318718910217285}, {'epoch': 25, 'best_score': 0.2504623532295227}, {'epoch': 26, 'best_score': 0.25351113080978394}, {'epoch': 27, 'best_score': 0.24724745750427246}, {'epoch': 28, 'best_score': 0.2519867420196533}, {'epoch': 29, 'best_score': 0.25351113080978394}, {'epoch': 30, 'best_score': 0.24724745750427246}, {'epoch': 31, 'best_score': 0.24166280031204224}, {'epoch': 32, 'best_score': 0.24013841152191162}, {'epoch': 33, 'best_score': 0.23589760065078735}, {'epoch': 34, 'best_score': 0.2370896339416504}, {'epoch': 35, 'best_score': 0.24182897806167603}, {'epoch': 36, 'best_score': 0.2394593358039856}, {'epoch': 37, 'best_score': 0.2394593358039856}, {'epoch': 38, 'best_score': 0.23894637823104858}, {'epoch': 39, 'best_score': 0.24640214443206787}, {'epoch': 40, 'best_score': 0.24403250217437744}, {'epoch': 41, 'best_score': 0.24403250217437744}, {'epoch': 42, 'best_score': 0.24318718910217285}, {'epoch': 43, 'best_score': 0.24539071321487427}, {'epoch': 44, 'best_score': 0.24199515581130981}, {'epoch': 45, 'best_score': 0.24335336685180664}, {'epoch': 46, 'best_score': 0.24487775564193726}, {'epoch': 47, 'best_score': 0.24302101135253906}, {'epoch': 48, 'best_score': 0.24691510200500488}, {'epoch': 49, 'best_score': 0.2484394907951355}]",domainnet,1,CDANN,logits,345.0,0.8055910468101501,0.8055910468101501,0.5121089816093445,0.5205811262130737,splits_domainnet_CDANN_1_0_b09dc755c62e.npz,b09dc755c62e,False,False,0.22436849925705796,0.6300148588410104,0.23773876434739538,,,,0.672394073322598,logits_vs_features,logits,IW residual DIS2 | W=2 | seed=0 (plug-in),True,
iw_residual_dis2,2.0,0.0,28152.0,14207.0,7040.0,3553.0,0.8004261363636364,0.0,1.0,0.8212013840675354,0.5,0.5,0.7187232375144958,0.18246705830097198,813.0,2144.0,430.0,1092.0,0.11592182109816551,0.5161835068955812,6333.0,707.0,1719.0,1834.0,ok,plugin,False,,3608.061953668724,3864.7679997049872,1.9994099113240462,0.4280133463159136,1.563187840723199,0.8773173391494002,0.2476975251704737,0.36361934626863923,0.6363806537313608,0.6363806537313608,False,6.0,17.0,0.3135829567909241,0.5627906918525696,0.8763736486434937,"[{'epoch': 0, 'best_score': 0.061176419258117676}, {'epoch': 1, 'best_score': 0.16767185926437378}, {'epoch': 2, 'best_score': 0.24380266666412354}, {'epoch': 3, 'best_score': 0.2887001037597656}, {'epoch': 4, 'best_score': 0.3047747015953064}, {'epoch': 5, 'best_score': 0.3018825650215149}, {'epoch': 6, 'best_score': 0.3135829567909241}, {'epoch': 7, 'best_score': 0.30787116289138794}, {'epoch': 8, 'best_score': 0.31342536211013794}, {'epoch': 9, 'best_score': 0.2888321280479431}, {'epoch': 10, 'best_score': 0.28022831678390503}, {'epoch': 11, 'best_score': 0.2786736488342285}, {'epoch': 12, 'best_score': 0.26979297399520874}, {'epoch': 13, 'best_score': 0.265708327293396}, {'epoch': 14, 'best_score': 0.265708327293396}, {'epoch': 15, 'best_score': 0.27078115940093994}, {'epoch': 16, 'best_score': 0.26358717679977417}, {'epoch': 17, 'best_score': 0.26133400201797485}, {'epoch': 18, 'best_score': 0.2566828727722168}, {'epoch': 19, 'best_score': 0.25294744968414307}, {'epoch': 20, 'best_score': 0.24921202659606934}, {'epoch': 21, 'best_score': 0.26365959644317627}, {'epoch': 22, 'best_score': 0.26083987951278687}, {'epoch': 23, 'best_score': 0.26224976778030396}, {'epoch': 24, 'best_score': 0.26309311389923096}, {'epoch': 25, 'best_score': 0.2556946873664856}, {'epoch': 26, 'best_score': 0.2579478621482849}, {'epoch': 27, 'best_score': 0.2560439705848694}, {'epoch': 28, 'best_score': 0.25188684463500977}, {'epoch': 29, 'best_score': 0.2383551001548767}, {'epoch': 30, 'best_score': 0.23694521188735962}, {'epoch': 31, 'best_score': 0.23877674341201782}, {'epoch': 32, 'best_score': 0.2355353832244873}, {'epoch': 33, 'best_score': 0.2346196174621582}, {'epoch': 34, 'best_score': 0.234125554561615}, {'epoch': 35, 'best_score': 0.23187237977981567}, {'epoch': 36, 'best_score': 0.23222166299819946}, {'epoch': 37, 'best_score': 0.23313742876052856}, {'epoch': 38, 'best_score': 0.233631432056427}, {'epoch': 39, 'best_score': 0.23355907201766968}, {'epoch': 40, 'best_score': 0.23123347759246826}, {'epoch': 41, 'best_score': 0.22932958602905273}, {'epoch': 42, 'best_score': 0.2284138798713684}, {'epoch': 43, 'best_score': 0.2257390022277832}, {'epoch': 44, 'best_score': 0.2257390022277832}, {'epoch': 45, 'best_score': 0.22524487972259521}, {'epoch': 46, 'best_score': 0.2243291139602661}, {'epoch': 47, 'best_score': 0.2257390022277832}, {'epoch': 48, 'best_score': 0.223907470703125}, {'epoch': 49, 'best_score': 0.223907470703125}]",domainnet,2,CDANN,logits,345.0,0.8071539998054504,0.8071539998054504,0.42063772678375244,0.4218969941139221,splits_domainnet_CDANN_2_0_b09dc755c62e.npz,b09dc755c62e,False,False,0.2079207920792079,0.6053748231966054,0.27194251595279484,,,,0.6363806537313608,logits_vs_features,logits,IW residual DIS2 | W=2 | seed=0 (plug-in),True,
iw_residual_dis2,2.0,0.0,28152.0,15295.0,7040.0,3825.0,0.8063920454545455,0.0,1.0,0.8649395108222961,0.5,0.5,0.6886382102966309,0.20106446743011475,924.0,1858.0,488.0,945.0,0.1181812044712839,0.40784313725490196,6254.0,786.0,2265.0,1560.0,ok,plugin,False,,4117.338747694619,4295.258617316316,1.9978812904466472,0.5423618427242287,1.5934886840018836,0.8903846153846153,0.18827321259292512,0.306454417064209,0.693545582935791,0.693545582935791,False,6.0,28.0,0.26257920265197754,0.6495901346206665,0.912169337272644,"[{'epoch': 0, 'best_score': 0.04870980978012085}, {'epoch': 1, 'best_score': 0.11162936687469482}, {'epoch': 2, 'best_score': 0.18418991565704346}, {'epoch': 3, 'best_score': 0.23593980073928833}, {'epoch': 4, 'best_score': 0.24776434898376465}, {'epoch': 5, 'best_score': 0.26046276092529297}, {'epoch': 6, 'best_score': 0.26257920265197754}, {'epoch': 7, 'best_score': 0.2542479634284973}, {'epoch': 8, 'best_score': 0.25140953063964844}, {'epoch': 9, 'best_score': 0.2508218288421631}, {'epoch': 10, 'best_score': 0.2477816939353943}, {'epoch': 11, 'best_score': 0.24071037769317627}, {'epoch': 12, 'best_score': 0.23535215854644775}, {'epoch': 13, 'best_score': 0.23224478960037231}, {'epoch': 14, 'best_score': 0.23674649000167847}, {'epoch': 15, 'best_score': 0.22755873203277588}, {'epoch': 16, 'best_score': 0.22431695461273193}, {'epoch': 17, 'best_score': 0.22465306520462036}, {'epoch': 18, 'best_score': 0.22141122817993164}, {'epoch': 19, 'best_score': 0.2262316346168518}, {'epoch': 20, 'best_score': 0.22445142269134521}, {'epoch': 21, 'best_score': 0.2234603762626648}, {'epoch': 22, 'best_score': 0.2243841290473938}, {'epoch': 23, 'best_score': 0.22458583116531372}, {'epoch': 24, 'best_score': 0.22451859712600708}, {'epoch': 25, 'best_score': 0.22451859712600708}, {'epoch': 26, 'best_score': 0.22246944904327393}, {'epoch': 27, 'best_score': 0.2226039171218872}, {'epoch': 28, 'best_score': 0.22267109155654907}, {'epoch': 29, 'best_score': 0.22465306520462036}, {'epoch': 30, 'best_score': 0.21731287240982056}, {'epoch': 31, 'best_score': 0.22359484434127808}, {'epoch': 32, 'best_score': 0.21942931413650513}, {'epoch': 33, 'best_score': 0.21638906002044678}, {'epoch': 34, 'best_score': 0.21638906002044678}, {'epoch': 35, 'best_score': 0.2175145149230957}, {'epoch': 36, 'best_score': 0.2183038592338562}, {'epoch': 37, 'best_score': 0.22154569625854492}, {'epoch': 38, 'best_score': 0.22048747539520264}, {'epoch': 39, 'best_score': 0.22174733877182007}, {'epoch': 40, 'best_score': 0.22366207838058472}, {'epoch': 41, 'best_score': 0.224720299243927}, {'epoch': 42, 'best_score': 0.22366207838058472}, {'epoch': 43, 'best_score': 0.21956366300582886}, {'epoch': 44, 'best_score': 0.2144743800163269}, {'epoch': 45, 'best_score': 0.21546530723571777}, {'epoch': 46, 'best_score': 0.21546530723571777}, {'epoch': 47, 'best_score': 0.21433991193771362}, {'epoch': 48, 'best_score': 0.21652352809906006}, {'epoch': 49, 'best_score': 0.21758174896240234}]",domainnet,3,CDANN,logits,345.0,0.8074381947517395,0.8074381947517395,0.49369075894355774,0.48549020290374756,splits_domainnet_CDANN_3_0_b09dc755c62e.npz,b09dc755c62e,False,False,0.23155216284987276,0.6603053435114504,0.2300792718731649,,,,0.693545582935791,logits_vs_features,logits,IW residual DIS2 | W=2 | seed=0 (plug-in),True,
iw_residual_dis2,2.0,0.0,1700.0,8804.0,425.0,2203.0,0.8658823529411764,0.0,1.0,16.756206512451172,0.5,0.5,0.5182152390480042,0.24998150765895844,,,,,0.13440250150973013,0.0,425.0,0.0,2203.0,0.0,ok,plugin,False,,425.7139188017252,424.86625879663194,1.0612811485222913,0.9998074373474651,1.0357852693822998,,0.0,0.13440250150973013,0.8655974984902699,0.8655974984902699,False,,,,,,,living17,1,DANN,logits,17.0,0.8994117379188538,0.8994117379188538,0.6758291721343994,0.6876986026763916,splits_living17_DANN_1_0_b09dc755c62e.npz,b09dc755c62e,False,False,,,,,,,0.8655974984902699,logits_vs_features,logits,IW residual DIS2 | W=2 | seed=0 (plug-in),True,
iw_residual_dis2,2.0,0.0,1700.0,68.0,425.0,19.0,0.8823529411764706,0.0,1.0,54.598148345947266,0.5,0.5,0.386274516582489,0.2505391836166382,,,,,0.11527369713515521,0.0,425.0,0.0,19.0,0.0,ok,plugin,False,,418.91730653790717,424.70318210046617,1.0586324638397553,0.9846885207200412,1.02813654610826,,0.0,0.11527369713515521,0.8847263028648448,0.8847263028648448,False,,,,,,,living17,2,DANN,logits,17.0,0.9094117283821106,0.9094117283821106,0.8970588445663452,0.8421052694320679,splits_living17_DANN_2_0_b09dc755c62e.npz,b09dc755c62e,True,False,,,,,,,0.8847263028648448,logits_vs_features,logits,IW residual DIS2 | W=2 | seed=0 (plug-in),True,
iw_residual_dis2,2.0,0.0,1700.0,68.0,425.0,19.0,0.8894117647058823,0.0,1.0,7.57162618637085,0.5,0.5,0.501960813999176,0.24727191030979156,,,,,0.10234834389651595,0.0,425.0,0.0,19.0,0.0,ok,plugin,False,,397.8374561170127,412.0984209205271,1.5756817925313693,0.9067214651156508,1.265744834394328,,0.0,0.10234834389651595,0.8976516561034841,0.8976516561034841,False,,,,,,,living17,3,DANN,logits,17.0,0.9052940607070923,0.9052940607070923,0.5882353186607361,0.6842105388641357,splits_living17_DANN_3_0_b09dc755c62e.npz,b09dc755c62e,False,False,,,,,,,0.8976516561034841,logits_vs_features,logits,IW residual DIS2 | W=2 | seed=0 (plug-in),True,
iw_residual_dis2,2.0,0.0,1700.0,8804.0,425.0,2203.0,0.8894117647058823,0.0,1.0,11.750850677490234,0.5,0.5,0.5014705657958984,0.2499570995569229,,,,,0.11126764865826196,0.0,425.0,0.0,2203.0,0.0,ok,plugin,False,,426.08420396009734,424.696152932278,1.103055487160864,1.0032600364648732,1.050696652820813,,0.0,0.11126764865826196,0.888732351341738,0.888732351341738,False,,,,,,,living17,1,CDANN,logits,17.0,0.9052940607070923,0.9052940607070923,0.6863925457000732,0.6981388926506042,splits_living17_CDANN_1_0_b09dc755c62e.npz,b09dc755c62e,False,False,,,,,,,0.888732351341738,logits_vs_features,logits,IW residual DIS2 | W=2 | seed=0 (plug-in),True,
iw_residual_dis2,2.0,0.0,1700.0,68.0,425.0,19.0,0.8917647058823529,0.0,1.0,54.598148345947266,0.5,0.5,0.5049019455909729,0.2506290674209595,,,,,0.10663075780699113,0.0,425.0,0.0,19.0,0.0,ok,plugin,False,,420.0787161721404,424.8003173714308,1.0622783326012735,0.9874614814400315,1.0250536946908158,,0.0,0.10663075780699113,0.8933692421930088,0.8933692421930088,False,,,,,,,living17,2,CDANN,logits,17.0,0.9094117283821106,0.9094117283821106,0.8676470518112183,0.8421052694320679,splits_living17_CDANN_2_0_b09dc755c62e.npz,b09dc755c62e,False,False,,,,,,,0.8933692421930088,logits_vs_features,logits,IW residual DIS2 | W=2 | seed=0 (plug-in),True,
iw_residual_dis2,2.0,0.0,1700.0,68.0,425.0,19.0,0.8823529411764706,0.0,1.0,54.598148345947266,0.5,0.5,0.5470588207244873,0.25016355514526367,,,,,0.11620512572633702,0.0,425.0,0.0,19.0,0.0,ok,plugin,False,,421.52037358016673,424.79365637634123,1.0574743452587514,0.9908828841757463,1.0305761199853098,,0.0,0.11620512572633702,0.883794874273663,0.883794874273663,False,,,,,,,living17,3,CDANN,logits,17.0,0.9052940607070923,0.9052940607070923,0.5588235259056091,0.6315789222717285,splits_living17_CDANN_3_0_b09dc755c62e.npz,b09dc755c62e,False,False,,,,,,,0.883794874273663,logits_vs_features,logits,IW residual DIS2 | W=2 | seed=0 (plug-in),True,
iw_residual_dis2,2.0,0.0,2600.0,13282.0,650.0,3322.0,0.8046153846153846,0.0,1.0,12.373048782348633,0.5,0.5,0.49578893184661865,0.24997884035110474,,,,,0.1953306662241803,0.0,650.0,0.0,3322.0,0.0,ok,plugin,False,,650.5700602589743,649.7727854777203,1.0844597336415018,1.0017832600681866,1.0304142378909953,,0.0,0.1953306662241803,0.8046693337758197,0.8046693337758197,False,,,,,,,nonliving26,1,DANN,logits,26.0,0.8126922845840454,0.8126922845840454,0.5122722387313843,0.5192654728889465,splits_nonliving26_DANN_1_0_b09dc755c62e.npz,b09dc755c62e,False,False,,,,,,,0.8046693337758197,logits_vs_features,logits,IW residual DIS2 | W=2 | seed=0 (plug-in),True,
iw_residual_dis2,2.0,0.0,2600.0,104.0,650.0,28.0,0.8292307692307692,0.0,1.0,54.598148345947266,0.5,0.5,0.38846156001091003,0.25114089250564575,,,,,0.16928835900196756,0.0,650.0,0.0,28.0,0.0,ok,plugin,False,,644.5054915247124,649.6497218998405,1.083841619850997,0.9902270713354869,1.0315954847034363,,0.0,0.16928835900196756,0.8307116409980324,0.8307116409980324,False,,,,,,,nonliving26,2,DANN,logits,26.0,0.8176922798156738,0.8176922798156738,0.75,0.7142857313156128,splits_nonliving26_DANN_2_0_b09dc755c62e.npz,b09dc755c62e,False,False,,,,,,,0.8307116409980324,logits_vs_features,logits,IW residual DIS2 | W=2 | seed=0 (plug-in),True,
iw_residual_dis2,2.0,0.0,2600.0,104.0,650.0,28.0,0.8246153846153846,0.0,1.0,54.598148345947266,0.5,0.5,0.5365384817123413,0.25105389952659607,,,,,0.1741453063713572,0.0,650.0,0.0,28.0,0.0,ok,plugin,False,,645.0326499819731,649.7080949542882,1.0594409484206764,0.9929202071237218,1.0243252824099547,,0.0,0.1741453063713572,0.8258546936286428,0.8258546936286428,False,,,,,,,nonliving26,3,DANN,logits,26.0,0.8146153688430786,0.8146153688430786,0.4038461744785309,0.3214285969734192,splits_nonliving26_DANN_3_0_b09dc755c62e.npz,b09dc755c62e,False,False,,,,,,,0.8258546936286428,logits_vs_features,logits,IW residual DIS2 | W=2 | seed=0 (plug-in),True,
iw_residual_dis2,2.0,0.0,2600.0,13282.0,650.0,3322.0,0.8169230769230769,0.0,1.0,7.686832904815674,0.5,0.5,0.5021895170211792,0.2498849332332611,,,,,0.18470858540349727,0.0,650.0,0.0,3322.0,0.0,ok,plugin,False,,652.078458608405,648.7735821328986,1.154293146524031,1.0011564015750678,1.0730162357120294,,0.0,0.18470858540349727,0.8152914145965027,0.8152914145965027,False,,,,,,,nonliving26,1,CDANN,logits,26.0,0.8176922798156738,0.8176922798156738,0.5332028269767761,0.5352197289466858,splits_nonliving26_CDANN_1_0_b09dc755c62e.npz,b09dc755c62e,False,False,,,,,,,0.8152914145965027,logits_vs_features,logits,IW residual DIS2 | W=2 | seed=0 (plug-in),True,
iw_residual_dis2,2.0,0.0,2600.0,104.0,650.0,28.0,0.8138461538461539,0.0,1.0,54.598148345947266,0.5,0.5,0.48653846979141235,0.25163984298706055,,,,,0.1845057090510275,0.0,650.0,0.0,28.0,0.0,ok,plugin,False,,644.9818944649705,649.6228527621274,1.0793665205549292,0.9921471149917618,1.0302029240740564,,0.0,0.1845057090510275,0.8154942909489725,0.8154942909489725,False,,,,,,,nonliving26,2,CDANN,logits,26.0,0.8165384531021118,0.8165384531021118,0.7692307829856873,0.7500000596046448,splits_nonliving26_CDANN_2_0_b09dc755c62e.npz,b09dc755c62e,False,False,,,,,,,0.8154942909489725,logits_vs_features,logits,IW residual DIS2 | W=2 | seed=0 (plug-in),True,
iw_residual_dis2,2.0,0.0,2600.0,104.0,650.0,28.0,0.8123076923076923,0.0,1.0,54.598148345947266,0.5,0.5,0.4596153795719147,0.2510206997394562,,,,,0.1850543678115881,0.0,650.0,0.0,28.0,0.0,ok,plugin,False,,643.5940549638867,649.6215182317272,1.084804199780962,0.990470618796623,1.0240975172141382,,0.0,0.1850543678115881,0.8149456321884119,0.8149456321884119,False,,,,,,,nonliving26,3,CDANN,logits,26.0,0.822692334651947,0.822692334651947,0.4038461744785309,0.3214285969734192,splits_nonliving26_CDANN_3_0_b09dc755c62e.npz,b09dc755c62e,False,False,,,,,,,0.8149456321884119,logits_vs_features,logits,IW residual DIS2 | W=2 | seed=0 (plug-in),True,
iw_residual_dis2,2.0,0.0,11745.0,35070.0,2938.0,8768.0,0.6388699795779442,0.0,1.0,1.3752713203430176,0.5,0.5,0.5431007146835327,0.24704568088054657,,,,,0.3477126161235499,0.00011405109489051095,2938.0,0.0,8767.0,1.0,unsupported_residual_source_region,plugin,False,,2928.57190049212,2803.9752075361216,1.9233309087236736,0.9926772360639708,1.3669665766860113,,,,,,,,,,,,,fmow,1,DANN,logits,62.0,0.6519370079040527,0.6519370079040527,0.6103222370147705,0.6077782511711121,splits_fmow_DANN_1_0_b09dc755c62e.npz,b09dc755c62e,,,,,,,,,,logits_vs_features,logits,IW residual DIS2 | W=2 | seed=0 (plug-in),False,
iw_residual_dis2,2.0,0.0,11745.0,39088.0,2938.0,9774.0,0.6344452008168822,0.0,1.0,1.2399344444274902,0.5,0.5,0.5546964406967163,0.24482622742652893,7.0,54.0,3.0,30.0,0.3673036530978637,0.004194802537343974,2933.0,5.0,9733.0,41.0,ok,plugin,False,,2934.187897729764,2704.83369420676,1.997981294933825,0.9752372129983414,1.520629949143691,1.0,0.0,0.3673036530978637,0.6326963469021363,0.6326963469021363,False,0.0,0.0,0.0,1.0,1.0,"[{'epoch': 0, 'best_score': 0.0}, {'epoch': 1, 'best_score': 0.0}, {'epoch': 2, 'best_score': 0.0}, {'epoch': 3, 'best_score': 0.0}, {'epoch': 4, 'best_score': 0.0}, {'epoch': 5, 'best_score': 0.0}, {'epoch': 6, 'best_score': 0.0}, {'epoch': 7, 'best_score': -0.03333336114883423}, {'epoch': 8, 'best_score': -0.03333336114883423}, {'epoch': 9, 'best_score': -0.03333336114883423}, {'epoch': 10, 'best_score': -0.03333336114883423}, {'epoch': 11, 'best_score': -0.03333336114883423}, {'epoch': 12, 'best_score': -0.03333336114883423}, {'epoch': 13, 'best_score': -0.10000002384185791}, {'epoch': 14, 'best_score': -0.06666666269302368}, {'epoch': 15, 'best_score': -0.06666666269302368}, {'epoch': 16, 'best_score': -0.06666666269302368}, {'epoch': 17, 'best_score': -0.10000002384185791}, {'epoch': 18, 'best_score': -0.06666666269302368}, {'epoch': 19, 'best_score': -0.06666666269302368}, {'epoch': 20, 'best_score': -0.10000002384185791}, {'epoch': 21, 'best_score': -0.10000002384185791}, {'epoch': 22, 'best_score': -0.10000002384185791}, {'epoch': 23, 'best_score': -0.13333332538604736}, {'epoch': 24, 'best_score': -0.13333332538604736}, {'epoch': 25, 'best_score': -0.10000002384185791}, {'epoch': 26, 'best_score': -0.13333332538604736}, {'epoch': 27, 'best_score': -0.1666666865348816}, {'epoch': 28, 'best_score': -0.1666666865348816}, {'epoch': 29, 'best_score': -0.1666666865348816}, {'epoch': 30, 'best_score': -0.10000002384185791}, {'epoch': 31, 'best_score': -0.10000002384185791}, {'epoch': 32, 'best_score': -0.10000002384185791}, {'epoch': 33, 'best_score': -0.1666666865348816}, {'epoch': 34, 'best_score': -0.1666666865348816}, {'epoch': 35, 'best_score': -0.1666666865348816}, {'epoch': 36, 'best_score': -0.1666666865348816}, {'epoch': 37, 'best_score': -0.13333332538604736}, {'epoch': 38, 'best_score': -0.13333332538604736}, {'epoch': 39, 'best_score': -0.13333332538604736}, {'epoch': 40, 'best_score': -0.13333332538604736}, {'epoch': 41, 'best_score': -0.13333332538604736}, {'epoch': 42, 'best_score': -0.13333332538604736}, {'epoch': 43, 'best_score': -0.13333332538604736}, {'epoch': 44, 'best_score': -0.13333332538604736}, {'epoch': 45, 'best_score': -0.13333332538604736}, {'epoch': 46, 'best_score': -0.13333332538604736}, {'epoch': 47, 'best_score': -0.13333332538604736}, {'epoch': 48, 'best_score': -0.10000002384185791}, {'epoch': 49, 'best_score': -0.10000002384185791}]",fmow,2,DANN,logits,62.0,0.6504895687103271,0.6504895687103271,0.5482756495475769,0.5545324683189392,splits_fmow_DANN_2_0_b09dc755c62e.npz,b09dc755c62e,False,False,0.0,1.0,0.0,,,,0.6326963469021363,logits_vs_features,logits,IW residual DIS2 | W=2 | seed=0 (plug-in),True,
iw_residual_dis2,2.0,0.0,11745.0,35070.0,2938.0,8768.0,0.6466984343090538,0.0,1.0,1.8349958658218384,0.5,0.5,0.5341331958770752,0.24863222241401672,,,,,0.3426043167961404,0.0,2938.0,0.0,8768.0,0.0,ok,plugin,False,,2918.0342649050135,2868.1767215168447,1.6569677801272777,0.9914839096654237,1.25340373746778,,0.0,0.3426043167961404,0.6573956832038597,0.6573956832038597,False,,,,,,,fmow,1,CDANN,logits,62.0,0.6558535695075989,0.6558535695075989,0.605617344379425,0.6010492444038391,splits_fmow_CDANN_1_0_b09dc755c62e.npz,b09dc755c62e,False,False,,,,,,,0.6573956832038597,logits_vs_features,logits,IW residual DIS2 | W=2 | seed=0 (plug-in),True,
iw_residual_dis2,2.0,0.0,11745.0,39088.0,2938.0,9774.0,0.6446562287270252,0.0,1.0,1.397735834121704,0.5,0.5,0.5392557382583618,0.2475474327802658,0.0,9.0,1.0,2.0,0.35233544391650923,0.0005115612850419481,2933.0,5.0,9769.0,5.0,unsupported_critic_region,plugin,False,,2920.9661186835483,2812.2542211522864,1.9447842355910459,0.9772699739088457,1.3634133838164981,,,,,,,,,,,,,fmow,2,CDANN,logits,62.0,0.6548318862915039,0.6548318862915039,0.5420845150947571,0.5445058345794678,splits_fmow_CDANN_2_0_b09dc755c62e.npz,b09dc755c62e,,,,,,,,,,logits_vs_features,logits,IW residual DIS2 | W=2 | seed=0 (plug-in),False,
iw_residual_dis2,2.0,0.0,731.0,898.0,184.0,227.0,0.9239130434782609,0.0,1.0,54.598148345947266,0.5,0.5,0.516776978969574,0.2501116991043091,,,,,0.07597543998111349,0.0,184.0,0.0,227.0,0.0,ok,plugin,False,,184.23525362979393,183.901066334617,1.0869976501999623,1.000905368661038,1.040020008602836,,0.0,0.07597543998111349,0.9240245600188866,0.9240245600188866,False,,,,,,,officehome,1,DANN,logits,65.0,0.922024667263031,0.922024667263031,0.7193763852119446,0.7268722057342529,splits_officehome_DANN_1_0_b09dc755c62e.npz,b09dc755c62e,False,False,,,,,,,0.9240245600188866,logits_vs_features,logits,IW residual DIS2 | W=2 | seed=0 (plug-in),True,
iw_residual_dis2,2.0,0.0,731.0,893.0,184.0,226.0,0.9021739130434783,0.0,1.0,2.617790937423706,0.5,0.5,0.5187009572982788,0.24238869547843933,6.0,8.0,4.0,3.0,0.09315480243898018,0.01327433628318584,181.0,3.0,223.0,3.0,ok,plugin,False,,182.5660578058708,165.47893903159698,1.835073674231037,0.9749627851589491,1.5662171179942692,1.0,0.008849557522123894,0.10200435996110407,0.897995640038896,0.897995640038896,False,0.0,20.0,0.25,0.75,1.0,"[{'epoch': 0, 'best_score': 0.25}, {'epoch': 1, 'best_score': 0.25}, {'epoch': 2, 'best_score': 0.25}, {'epoch': 3, 'best_score': 0.25}, {'epoch': 4, 'best_score': 0.25}, {'epoch': 5, 'best_score': 0.25}, {'epoch': 6, 'best_score': 0.25}, {'epoch': 7, 'best_score': 0.25}, {'epoch': 8, 'best_score': 0.25}, {'epoch': 9, 'best_score': 0.0}, {'epoch': 10, 'best_score': 0.0}, {'epoch': 11, 'best_score': 0.0}, {'epoch': 12, 'best_score': 0.0}, {'epoch': 13, 'best_score': 0.0}, {'epoch': 14, 'best_score': 0.0}, {'epoch': 15, 'best_score': 0.0}, {'epoch': 16, 'best_score': 0.0}, {'epoch': 17, 'best_score': 0.0}, {'epoch': 18, 'best_score': 0.0}, {'epoch': 19, 'best_score': 0.0}, {'epoch': 20, 'best_score': 0.0}, {'epoch': 21, 'best_score': 0.25}, {'epoch': 22, 'best_score': 0.25}, {'epoch': 23, 'best_score': 0.25}, {'epoch': 24, 'best_score': 0.25}, {'epoch': 25, 'best_score': 0.25}, {'epoch': 26, 'best_score': 0.25}, {'epoch': 27, 'best_score': 0.25}, {'epoch': 28, 'best_score': 0.25}, {'epoch': 29, 'best_score': 0.25}, {'epoch': 30, 'best_score': 0.25}, {'epoch': 31, 'best_score': 0.25}, {'epoch': 32, 'best_score': 0.25}, {'epoch': 33, 'best_score': 0.25}, {'epoch': 34, 'best_score': 0.25}, {'epoch': 35, 'best_score': 0.25}, {'epoch': 36, 'best_score': 0.25}, {'epoch': 37, 'best_score': 0.25}, {'epoch': 38, 'best_score': 0.25}, {'epoch': 39, 'best_score': 0.25}, {'epoch': 40, 'best_score': 0.25}, {'epoch': 41, 'best_score': 0.25}, {'epoch': 42, 'best_score': 0.25}, {'epoch': 43, 'best_score': 0.25}, {'epoch': 44, 'best_score': 0.25}, {'epoch': 45, 'best_score': 0.25}, {'epoch': 46, 'best_score': 0.25}, {'epoch': 47, 'best_score': 0.25}, {'epoch': 48, 'best_score': 0.25}, {'epoch': 49, 'best_score': 0.25}]",officehome,2,DANN,logits,65.0,0.915184736251831,0.915184736251831,0.44904816150665283,0.45132744312286377,splits_officehome_DANN_2_0_b09dc755c62e.npz,b09dc755c62e,False,False,0.3333333333333333,0.6666666666666666,0.33333333333333337,,,,0.897995640038896,logits_vs_features,logits,IW residual DIS2 | W=2 | seed=0 (plug-in),True,
iw_residual_dis2,2.0,0.0,731.0,507.0,184.0,128.0,0.9130434782608696,0.0,1.0,26.049518585205078,0.5,0.5,0.5082191228866577,0.2497924417257309,,,,,0.0866913116969914,0.0,184.0,0.0,128.0,0.0,ok,plugin,False,,182.3591993506694,183.39954003699063,1.1721688523178841,0.9901303451797778,1.0828212096182739,,0.0,0.0866913116969914,0.9133086883030086,0.9133086883030086,False,,,,,,,officehome,3,DANN,logits,65.0,0.9056087732315063,0.9056087732315063,0.5364891290664673,0.5625,splits_officehome_DANN_3_0_b09dc755c62e.npz,b09dc755c62e,False,False,,,,,,,0.9133086883030086,logits_vs_features,logits,IW residual DIS2 | W=2 | seed=0 (plug-in),True,
iw_residual_dis2,2.0,0.0,731.0,898.0,184.0,227.0,0.9130434782608696,0.0,1.0,3.740297317504883,0.5,0.5,0.5397875905036926,0.2456914186477661,1.0,8.0,1.0,1.0,0.07922430429060734,0.022026431718061675,183.0,1.0,222.0,5.0,ok,plugin,False,,174.14573748571604,171.57385407189167,1.9334006824552201,0.9123998371665012,1.3710156904308701,1.0,0.0,0.07922430429060734,0.9207756957093927,0.9207756957093927,False,0.0,0.0,0.0,1.0,1.0,"[{'epoch': 0, 'best_score': 0.0}, {'epoch': 1, 'best_score': 0.0}, {'epoch': 2, 'best_score': 0.0}, {'epoch': 3, 'best_score': 0.0}, {'epoch': 4, 'best_score': 0.0}, {'epoch': 5, 'best_score': 0.0}, {'epoch': 6, 'best_score': 0.0}, {'epoch': 7, 'best_score': 0.0}, {'epoch': 8, 'best_score': 0.0}, {'epoch': 9, 'best_score': 0.0}, {'epoch': 10, 'best_score': 0.0}, {'epoch': 11, 'best_score': 0.0}, {'epoch': 12, 'best_score': 0.0}, {'epoch': 13, 'best_score': 0.0}, {'epoch': 14, 'best_score': 0.0}, {'epoch': 15, 'best_score': 0.0}, {'epoch': 16, 'best_score': 0.0}, {'epoch': 17, 'best_score': 0.0}, {'epoch': 18, 'best_score': 0.0}, {'epoch': 19, 'best_score': 0.0}, {'epoch': 20, 'best_score': 0.0}, {'epoch': 21, 'best_score': 0.0}, {'epoch': 22, 'best_score': 0.0}, {'epoch': 23, 'best_score': 0.0}, {'epoch': 24, 'best_score': 0.0}, {'epoch': 25, 'best_score': 0.0}, {'epoch': 26, 'best_score': 0.0}, {'epoch': 27, 'best_score': 0.0}, {'epoch': 28, 'best_score': 0.0}, {'epoch': 29, 'best_score': 0.0}, {'epoch': 30, 'best_score': 0.0}, {'epoch': 31, 'best_score': 0.0}, {'epoch': 32, 'best_score': 0.0}, {'epoch': 33, 'best_score': 0.0}, {'epoch': 34, 'best_score': 0.0}, {'epoch': 35, 'best_score': 0.0}, {'epoch': 36, 'best_score': 0.0}, {'epoch': 37, 'best_score': 0.0}, {'epoch': 38, 'best_score': 0.0}, {'epoch': 39, 'best_score': 0.0}, {'epoch': 40, 'best_score': 0.0}, {'epoch': 41, 'best_score': 0.0}, {'epoch': 42, 'best_score': 0.0}, {'epoch': 43, 'best_score': 0.0}, {'epoch': 44, 'best_score': 0.0}, {'epoch': 45, 'best_score': 0.0}, {'epoch': 46, 'best_score': 0.0}, {'epoch': 47, 'best_score': 0.0}, {'epoch': 48, 'best_score': 0.0}, {'epoch': 49, 'best_score': 0.0}]",officehome,1,CDANN,logits,65.0,0.9138167500495911,0.9138167500495911,0.730512261390686,0.7488986253738403,splits_officehome_CDANN_1_0_b09dc755c62e.npz,b09dc755c62e,False,False,0.0,1.0,0.0,,,,0.9207756957093927,logits_vs_features,logits,IW residual DIS2 | W=2 | seed=0 (plug-in),True,
iw_residual_dis2,2.0,0.0,731.0,893.0,184.0,226.0,0.8913043478260869,0.0,1.0,0.9094792604446411,0.5,0.5,0.7025550603866577,0.18405568599700928,19.0,119.0,10.0,73.0,0.07137084277419865,0.4823008849557522,165.0,19.0,117.0,109.0,ok,plugin,False,,87.73429802641188,98.23613620064572,1.9939822721595453,0.3541240294537175,1.3825622656253547,0.8715596330275229,0.14112715416860733,0.21249799694280597,0.787502003057194,0.787502003057194,False,15.0,14.0,0.517808198928833,0.4000000059604645,0.9178082346916199,"[{'epoch': 0, 'best_score': 0.23150688409805298}, {'epoch': 1, 'best_score': 0.21780824661254883}, {'epoch': 2, 'best_score': 0.3315068483352661}, {'epoch': 3, 'best_score': 0.3041095733642578}, {'epoch': 4, 'best_score': 0.2863013744354248}, {'epoch': 5, 'best_score': 0.3315068483352661}, {'epoch': 6, 'best_score': 0.431506872177124}, {'epoch': 7, 'best_score': 0.47671231627464294}, {'epoch': 8, 'best_score': 0.47671231627464294}, {'epoch': 9, 'best_score': 0.47671231627464294}, {'epoch': 10, 'best_score': 0.5041096210479736}, {'epoch': 11, 'best_score': 0.5041096210479736}, {'epoch': 12, 'best_score': 0.4904109537601471}, {'epoch': 13, 'best_score': 0.47671231627464294}, {'epoch': 14, 'best_score': 0.4630136787891388}, {'epoch': 15, 'best_score': 0.517808198928833}, {'epoch': 16, 'best_score': 0.5041096210479736}, {'epoch': 17, 'best_score': 0.5041096210479736}, {'epoch': 18, 'best_score': 0.4904109537601471}, {'epoch': 19, 'best_score': 0.4904109537601471}, {'epoch': 20, 'best_score': 0.4904109537601471}, {'epoch': 21, 'best_score': 0.4904109537601471}, {'epoch': 22, 'best_score': 0.4904109537601471}, {'epoch': 23, 'best_score': 0.5041096210479736}, {'epoch': 24, 'best_score': 0.5041096210479736}, {'epoch': 25, 'best_score': 0.5041096210479736}, {'epoch': 26, 'best_score': 0.5041096210479736}, {'epoch': 27, 'best_score': 0.517808198928833}, {'epoch': 28, 'best_score': 0.517808198928833}, {'epoch': 29, 'best_score': 0.517808198928833}, {'epoch': 30, 'best_score': 0.517808198928833}, {'epoch': 31, 'best_score': 0.5041096210479736}, {'epoch': 32, 'best_score': 0.4904109537601471}, {'epoch': 33, 'best_score': 0.4904109537601471}, {'epoch': 34, 'best_score': 0.4904109537601471}, {'epoch': 35, 'best_score': 0.47671231627464294}, {'epoch': 36, 'best_score': 0.47671231627464294}, {'epoch': 37, 'best_score': 0.47671231627464294}, {'epoch': 38, 'best_score': 0.47671231627464294}, {'epoch': 39, 'best_score': 0.47671231627464294}, {'epoch': 40, 'best_score': 0.47671231627464294}, {'epoch': 41, 'best_score': 0.47671231627464294}, {'epoch': 42, 'best_score': 0.47671231627464294}, {'epoch': 43, 'best_score': 0.47671231627464294}, {'epoch': 44, 'best_score': 0.47671231627464294}, {'epoch': 45, 'best_score': 0.4904109537601471}, {'epoch': 46, 'best_score': 0.4904109537601471}, {'epoch': 47, 'best_score': 0.4904109537601471}, {'epoch': 48, 'best_score': 0.47671231627464294}, {'epoch': 49, 'best_score': 0.4904109537601471}]",officehome,2,CDANN,logits,65.0,0.9015048146247864,0.9015048146247864,0.4501679837703705,0.45132744312286377,splits_officehome_CDANN_2_0_b09dc755c62e.npz,b09dc755c62e,False,False,0.15789473684210525,0.7368421052631579,0.13471752776436507,,,,0.787502003057194,logits_vs_features,logits,IW residual DIS2 | W=2 | seed=0 (plug-in),True,
iw_residual_dis2,2.0,0.0,731.0,507.0,184.0,128.0,0.9130434782608696,0.0,1.0,1.5892244577407837,0.5,0.5,0.7230136394500732,0.19719639420509338,18.0,58.0,6.0,30.0,0.07212526864022711,0.390625,167.0,17.0,78.0,50.0,ok,plugin,False,,110.51049184886871,113.8264380819019,1.9572967925383926,0.5039644809719348,1.5475299225102335,0.92,0.0376838235294118,0.10980909216963891,0.8901909078303611,0.8901909078303611,False,5.0,5.0,0.36666667461395264,0.5,0.8666666746139526,"[{'epoch': 0, 'best_score': 0.13333332538604736}, {'epoch': 1, 'best_score': 0.2333332896232605}, {'epoch': 2, 'best_score': 0.2333332896232605}, {'epoch': 3, 'best_score': 0.2666666507720947}, {'epoch': 4, 'best_score': 0.2999999523162842}, {'epoch': 5, 'best_score': 0.36666667461395264}, {'epoch': 6, 'best_score': 0.3333333134651184}, {'epoch': 7, 'best_score': 0.2666666507720947}, {'epoch': 8, 'best_score': 0.2999999523162842}, {'epoch': 9, 'best_score': 0.2999999523162842}, {'epoch': 10, 'best_score': 0.2666666507720947}, {'epoch': 11, 'best_score': 0.2666666507720947}, {'epoch': 12, 'best_score': 0.2666666507720947}, {'epoch': 13, 'best_score': 0.2333332896232605}, {'epoch': 14, 'best_score': 0.2666666507720947}, {'epoch': 15, 'best_score': 0.19999998807907104}, {'epoch': 16, 'best_score': 0.19999998807907104}, {'epoch': 17, 'best_score': 0.19999998807907104}, {'epoch': 18, 'best_score': 0.19999998807907104}, {'epoch': 19, 'best_score': 0.16666662693023682}, {'epoch': 20, 'best_score': 0.16666662693023682}, {'epoch': 21, 'best_score': 0.16666662693023682}, {'epoch': 22, 'best_score': 0.16666662693023682}, {'epoch': 23, 'best_score': 0.06666666269302368}, {'epoch': 24, 'best_score': 0.06666666269302368}, {'epoch': 25, 'best_score': 0.06666666269302368}, {'epoch': 26, 'best_score': 0.06666666269302368}, {'epoch': 27, 'best_score': 0.06666666269302368}, {'epoch': 28, 'best_score': 0.06666666269302368}, {'epoch': 29, 'best_score': 0.06666666269302368}, {'epoch': 30, 'best_score': 0.06666666269302368}, {'epoch': 31, 'best_score': 0.06666666269302368}, {'epoch': 32, 'best_score': 0.06666666269302368}, {'epoch': 33, 'best_score': 0.06666666269302368}, {'epoch': 34, 'best_score': 0.06666666269302368}, {'epoch': 35, 'best_score': 0.06666666269302368}, {'epoch': 36, 'best_score': 0.03333336114883423}, {'epoch': 37, 'best_score': 0.03333336114883423}, {'epoch': 38, 'best_score': 0.03333336114883423}, {'epoch': 39, 'best_score': 0.03333336114883423}, {'epoch': 40, 'best_score': 0.03333336114883423}, {'epoch': 41, 'best_score': 0.03333336114883423}, {'epoch': 42, 'best_score': 0.03333336114883423}, {'epoch': 43, 'best_score': 0.03333336114883423}, {'epoch': 44, 'best_score': 0.03333336114883423}, {'epoch': 45, 'best_score': 0.03333336114883423}, {'epoch': 46, 'best_score': 0.03333336114883423}, {'epoch': 47, 'best_score': 0.03333336114883423}, {'epoch': 48, 'best_score': 0.06666666269302368}, {'epoch': 49, 'best_score': 0.06666666269302368}]",officehome,3,CDANN,logits,65.0,0.9138167500495911,0.9138167500495911,0.5364891290664673,0.5546875,splits_officehome_CDANN_3_0_b09dc755c62e.npz,b09dc755c62e,False,False,0.0,0.8235294117647058,0.0964705882352942,,,,0.8901909078303611,logits_vs_features,logits,IW residual DIS2 | W=2 | seed=0 (plug-in),True,
iw_residual_dis2,2.0,0.0,24387.0,11083.0,6098.0,2773.0,0.9996720236142997,0.0,1.0,1.103917121887207,0.5,0.5,0.5366796851158142,0.24356462061405182,4.0,21.0,4.0,6.0,0.0003478814768960747,0.0025243418680129825,6095.0,3.0,2766.0,7.0,ok,plugin,False,,6067.25428791016,5647.957455074926,1.9866009084148843,1.0277820712184578,1.4119948698629852,1.0,0.001682894578675322,0.0020307760555713966,0.9979692239444286,0.9979692239444286,False,0.0,19.0,0.75,0.25,1.0,"[{'epoch': 0, 'best_score': 0.75}, {'epoch': 1, 'best_score': 0.75}, {'epoch': 2, 'best_score': 0.75}, {'epoch': 3, 'best_score': 0.75}, {'epoch': 4, 'best_score': 0.75}, {'epoch': 5, 'best_score': 0.75}, {'epoch': 6, 'best_score': 0.75}, {'epoch': 7, 'best_score': 0.75}, {'epoch': 8, 'best_score': 0.75}, {'epoch': 9, 'best_score': 0.75}, {'epoch': 10, 'best_score': 0.75}, {'epoch': 11, 'best_score': 0.75}, {'epoch': 12, 'best_score': 0.75}, {'epoch': 13, 'best_score': 0.75}, {'epoch': 14, 'best_score': 0.75}, {'epoch': 15, 'best_score': 0.75}, {'epoch': 16, 'best_score': 0.75}, {'epoch': 17, 'best_score': 0.75}, {'epoch': 18, 'best_score': 0.75}, {'epoch': 19, 'best_score': 0.75}, {'epoch': 20, 'best_score': 0.75}, {'epoch': 21, 'best_score': 0.75}, {'epoch': 22, 'best_score': 0.75}, {'epoch': 23, 'best_score': 0.75}, {'epoch': 24, 'best_score': 0.75}, {'epoch': 25, 'best_score': 0.75}, {'epoch': 26, 'best_score': 0.75}, {'epoch': 27, 'best_score': 0.75}, {'epoch': 28, 'best_score': 0.75}, {'epoch': 29, 'best_score': 0.75}, {'epoch': 30, 'best_score': 0.75}, {'epoch': 31, 'best_score': 0.75}, {'epoch': 32, 'best_score': 0.75}, {'epoch': 33, 'best_score': 0.75}, {'epoch': 34, 'best_score': 0.75}, {'epoch': 35, 'best_score': 0.75}, {'epoch': 36, 'best_score': 0.75}, {'epoch': 37, 'best_score': 0.75}, {'epoch': 38, 'best_score': 0.75}, {'epoch': 39, 'best_score': 0.75}, {'epoch': 40, 'best_score': 0.75}, {'epoch': 41, 'best_score': 0.75}, {'epoch': 42, 'best_score': 0.75}, {'epoch': 43, 'best_score': 0.75}, {'epoch': 44, 'best_score': 0.75}, {'epoch': 45, 'best_score': 0.75}, {'epoch': 46, 'best_score': 0.75}, {'epoch': 47, 'best_score': 0.75}, {'epoch': 48, 'best_score': 0.75}, {'epoch': 49, 'best_score': 0.75}]",visda,1,DANN,logits,12.0,0.9995489120483398,0.9995489120483398,0.6463051438331604,0.6473133563995361,splits_visda_DANN_1_0_b09dc755c62e.npz,b09dc755c62e,False,False,0.0,0.3333333333333333,0.6666666666666667,,,,0.9979692239444286,logits_vs_features,logits,IW residual DIS2 | W=2 | seed=0 (plug-in),True,
iw_residual_dis2,2.0,0.0,24387.0,14480.0,6098.0,3620.0,0.9998360118071499,0.0,1.0,1.1729421615600586,0.5,0.5,0.5155367255210876,0.2474791258573532,,,,,0.00013220363228841735,0.0,6098.0,0.0,3620.0,0.0,ok,plugin,False,,6047.994793016202,5861.641585157652,1.8560237065244103,1.0046716018467086,1.2874000425530676,,0.0,0.00013220363228841735,0.9998677963677116,0.9998677963677116,False,,,,,,,visda,2,DANN,logits,12.0,0.9997539520263672,0.9997539520263672,0.6546961069107056,0.6544198393821716,splits_visda_DANN_2_0_b09dc755c62e.npz,b09dc755c62e,False,False,,,,,,,0.9998677963677116,logits_vs_features,logits,IW residual DIS2 | W=2 | seed=0 (plug-in),True,
iw_residual_dis2,2.0,0.0,24387.0,11083.0,6098.0,2773.0,0.9993440472285995,0.0,1.0,1.0816693305969238,0.5,0.5,0.5883632302284241,0.23713639378547668,258.0,135.0,128.0,72.0,0.0006075275846938084,0.03894698882077173,5847.0,251.0,2665.0,108.0,ok,plugin,False,,5603.904611579668,4918.1743413637805,1.9983162645914407,0.949052289832718,1.694465749107271,0.7037037037037037,0.010493906092183737,0.011101433676877546,0.9888985663231225,0.9888985663231225,False,47.0,9.0,0.4418402910232544,0.3359375,0.7777777910232544,"[{'epoch': 0, 'best_score': 0.1597222089767456}, {'epoch': 1, 'best_score': 0.1597222089767456}, {'epoch': 2, 'best_score': 0.1501736044883728}, {'epoch': 3, 'best_score': 0.171875}, {'epoch': 4, 'best_score': 0.1892361044883728}, {'epoch': 5, 'best_score': 0.2048611044883728}, {'epoch': 6, 'best_score': 0.2204861044883728}, {'epoch': 7, 'best_score': 0.2361111044883728}, {'epoch': 8, 'best_score': 0.2300347089767456}, {'epoch': 9, 'best_score': 0.2065972089767456}, {'epoch': 10, 'best_score': 0.2152777910232544}, {'epoch': 11, 'best_score': 0.1918402910232544}, {'epoch': 12, 'best_score': 0.2413194179534912}, {'epoch': 13, 'best_score': 0.2413194179534912}, {'epoch': 14, 'best_score': 0.2335069179534912}, {'epoch': 15, 'best_score': 0.2569444179534912}, {'epoch': 16, 'best_score': 0.2491319179534912}, {'epoch': 17, 'best_score': 0.2569444179534912}, {'epoch': 18, 'best_score': 0.2647569179534912}, {'epoch': 19, 'best_score': 0.3020833134651184}, {'epoch': 20, 'best_score': 0.2881944179534912}, {'epoch': 21, 'best_score': 0.2942708134651184}, {'epoch': 22, 'best_score': 0.3098958134651184}, {'epoch': 23, 'best_score': 0.3255208134651184}, {'epoch': 24, 'best_score': 0.3394097089767456}, {'epoch': 25, 'best_score': 0.3298611044883728}, {'epoch': 26, 'best_score': 0.3368055820465088}, {'epoch': 27, 'best_score': 0.3611111044883728}, {'epoch': 28, 'best_score': 0.3602430820465088}, {'epoch': 29, 'best_score': 0.3680555820465088}, {'epoch': 30, 'best_score': 0.3697916865348816}, {'epoch': 31, 'best_score': 0.3854166865348816}, {'epoch': 32, 'best_score': 0.4010416865348816}, {'epoch': 33, 'best_score': 0.3871527910232544}, {'epoch': 34, 'best_score': 0.3810763955116272}, {'epoch': 35, 'best_score': 0.4027777910232544}, {'epoch': 36, 'best_score': 0.4045138955116272}, {'epoch': 37, 'best_score': 0.3984375}, {'epoch': 38, 'best_score': 0.3923611044883728}, {'epoch': 39, 'best_score': 0.3880208134651184}, {'epoch': 40, 'best_score': 0.3741319179534912}, {'epoch': 41, 'best_score': 0.3819444179534912}, {'epoch': 42, 'best_score': 0.3498263955116272}, {'epoch': 43, 'best_score': 0.3732638955116272}, {'epoch': 44, 'best_score': 0.3654513955116272}, {'epoch': 45, 'best_score': 0.3888888955116272}, {'epoch': 46, 'best_score': 0.4123263955116272}, {'epoch': 47, 'best_score': 0.4418402910232544}, {'epoch': 48, 'best_score': 0.4157986044883728}, {'epoch': 49, 'best_score': 0.4314236044883728}]",visda,1,CDANN,logits,12.0,0.9990978837013245,0.9990978837013245,0.6784264445304871,0.6693112254142761,splits_visda_CDANN_1_0_b09dc755c62e.npz,b09dc755c62e,False,False,0.0,0.4342629482071713,0.2694407554965324,,,,0.9888985663231225,logits_vs_features,logits,IW residual DIS2 | W=2 | seed=0 (plug-in),True,
iw_residual_dis2,2.0,0.0,24387.0,14480.0,6098.0,3620.0,0.9995080354214496,0.0,1.0,1.0941133499145508,0.5,0.5,0.5705632567405701,0.2445169985294342,7.0,1.0,1.0,0.0,0.0005399659901547661,0.0005524861878453039,6095.0,3.0,3618.0,2.0,unsupported_critic_region,plugin,False,,6118.095563233841,5594.6254301253975,1.9856406634211432,1.0031633474346124,1.5087020426831501,,,,,,,,,,,,,visda,2,CDANN,logits,12.0,0.9995899200439453,0.9995899200439453,0.7107734680175781,0.7140883803367615,splits_visda_CDANN_2_0_b09dc755c62e.npz,b09dc755c62e,,,,,,,,,,logits_vs_features,logits,IW residual DIS2 | W=2 | seed=0 (plug-in),False,
iw_residual_dis2,2.0,0.0,6500.0,33009.0,1625.0,8255.0,0.904,0.0,1.0,1.6800131797790527,0.5,0.5,0.6118065118789673,0.2311868518590927,167.0,1798.0,66.0,872.0,0.09258084889562618,0.17480314960629922,1484.0,141.0,6812.0,1443.0,ok,plugin,False,,1400.850551136511,1246.722679004968,1.9982274470818597,0.8923464352393808,1.744577487267116,0.5814275814275814,0.03468948541825071,0.12727033431387688,0.8727296656861231,0.8727296656861231,False,2.0,3.0,0.2023908793926239,0.39393940567970276,0.5963302850723267,"[{'epoch': 0, 'best_score': 0.15148043632507324}, {'epoch': 1, 'best_score': 0.16857796907424927}, {'epoch': 2, 'best_score': 0.2023908793926239}, {'epoch': 3, 'best_score': 0.1879691481590271}, {'epoch': 4, 'best_score': 0.20131361484527588}, {'epoch': 5, 'best_score': 0.18779537081718445}, {'epoch': 6, 'best_score': 0.17976784706115723}, {'epoch': 7, 'best_score': 0.17083680629730225}, {'epoch': 8, 'best_score': 0.1428273618221283}, {'epoch': 9, 'best_score': 0.13618987798690796}, {'epoch': 10, 'best_score': 0.13733667135238647}, {'epoch': 11, 'best_score': 0.13250625133514404}, {'epoch': 12, 'best_score': 0.12423545122146606}, {'epoch': 13, 'best_score': 0.11596471071243286}, {'epoch': 14, 'best_score': 0.09393242001533508}, {'epoch': 15, 'best_score': 0.09917986392974854}, {'epoch': 16, 'best_score': 0.09229913353919983}, {'epoch': 17, 'best_score': 0.07805114984512329}, {'epoch': 18, 'best_score': 0.0835418701171875}, {'epoch': 19, 'best_score': 0.09500974416732788}, {'epoch': 20, 'best_score': 0.10074365139007568}, {'epoch': 21, 'best_score': 0.10533082485198975}, {'epoch': 22, 'best_score': 0.10508754849433899}, {'epoch': 23, 'best_score': 0.13400053977966309}, {'epoch': 24, 'best_score': 0.12458297610282898}, {'epoch': 25, 'best_score': 0.11082151532173157}, {'epoch': 26, 'best_score': 0.12917014956474304}, {'epoch': 27, 'best_score': 0.12597304582595825}, {'epoch': 28, 'best_score': 0.11172506213188171}, {'epoch': 29, 'best_score': 0.12548652291297913}, {'epoch': 30, 'best_score': 0.12089934945106506}, {'epoch': 31, 'best_score': 0.1300736963748932}, {'epoch': 32, 'best_score': 0.11606895923614502}, {'epoch': 33, 'best_score': 0.12180286645889282}, {'epoch': 34, 'best_score': 0.12983042001724243}, {'epoch': 35, 'best_score': 0.12041282653808594}, {'epoch': 36, 'best_score': 0.12385320663452148}, {'epoch': 37, 'best_score': 0.12958717346191406}, {'epoch': 38, 'best_score': 0.10845845937728882}, {'epoch': 39, 'best_score': 0.11877954006195068}, {'epoch': 40, 'best_score': 0.10936194658279419}, {'epoch': 41, 'best_score': 0.10706835985183716}, {'epoch': 42, 'best_score': 0.11280232667922974}, {'epoch': 43, 'best_score': 0.11026549339294434}, {'epoch': 44, 'best_score': 0.10658186674118042}, {'epoch': 45, 'best_score': 0.11255908012390137}, {'epoch': 46, 'best_score': 0.11599946022033691}, {'epoch': 47, 'best_score': 0.11919659376144409}, {'epoch': 48, 'best_score': 0.1249305009841919}, {'epoch': 49, 'best_score': 0.12951767444610596}]",entity13,1,DANN,features,512.0,0.905846118927002,0.905846118927002,0.7318307161331177,0.7345851063728333,splits_entity13_DANN_1_0_b09dc755c62e.npz,b09dc755c62e,False,False,0.14184397163120568,0.524822695035461,0.05660488639212047,,,,0.8727296656861231,logits_vs_features,features,IW residual DIS2 | W=2 | seed=0 (plug-in),True,
iw_residual_dis2,2.0,0.0,6500.0,260.0,1625.0,65.0,0.9101538461538462,0.0,1.0,23.527484893798828,0.5,0.5,0.48384618759155273,0.24968545138835907,,,,,0.08700410750100092,0.0,1625.0,0.0,65.0,0.0,ok,plugin,False,,1561.5456521039926,1618.615177505205,1.1517561305698059,0.9601591366297557,1.0582638087116953,,0.0,0.08700410750100092,0.912995892498999,0.912995892498999,False,,,,,,,entity13,2,DANN,features,512.0,0.9129230380058289,0.9129230380058289,0.8615384697914124,0.8461538553237915,splits_entity13_DANN_2_0_b09dc755c62e.npz,b09dc755c62e,False,False,,,,,,,0.912995892498999,logits_vs_features,features,IW residual DIS2 | W=2 | seed=0 (plug-in),True,
iw_residual_dis2,2.0,0.0,6500.0,260.0,1625.0,65.0,0.9027692307692308,0.0,1.0,2.5054585933685303,0.5,0.5,0.5853846073150635,0.2304629385471344,61.0,2.0,17.0,2.0,0.07652752169517091,0.07692307692307693,1586.0,39.0,60.0,5.0,ok,plugin,False,,1166.4724941317663,1232.2122832389896,1.9982789060164508,0.6401364657815238,1.5511063007421,1.0,0.029585798816568056,0.10611332051173897,0.8938866794882611,0.8938866794882611,False,0.0,22.0,0.47058820724487305,0.529411792755127,1.0,"[{'epoch': 0, 'best_score': 0.47058820724487305}, {'epoch': 1, 'best_score': 0.47058820724487305}, {'epoch': 2, 'best_score': 0.4117646813392639}, {'epoch': 3, 'best_score': -0.029411792755126953}, {'epoch': 4, 'best_score': -0.029411792755126953}, {'epoch': 5, 'best_score': -0.029411792755126953}, {'epoch': 6, 'best_score': 0.029411762952804565}, {'epoch': 7, 'best_score': -0.029411792755126953}, {'epoch': 8, 'best_score': 0.029411762952804565}, {'epoch': 9, 'best_score': 0.029411762952804565}, {'epoch': 10, 'best_score': -0.4117647111415863}, {'epoch': 11, 'best_score': -0.3529411852359772}, {'epoch': 12, 'best_score': -0.3529411852359772}, {'epoch': 13, 'best_score': -0.3529411852359772}, {'epoch': 14, 'best_score': -0.29411765933036804}, {'epoch': 15, 'best_score': -0.29411765933036804}, {'epoch': 16, 'best_score': -0.23529411852359772}, {'epoch': 17, 'best_score': -0.1764705926179886}, {'epoch': 18, 'best_score': -0.1764705926179886}, {'epoch': 19, 'best_score': -0.1764705926179886}, {'epoch': 20, 'best_score': -0.1764705926179886}, {'epoch': 21, 'best_score': -0.1764705926179886}, {'epoch': 22, 'best_score': -0.1764705926179886}, {'epoch': 23, 'best_score': -0.1764705926179886}, {'epoch': 24, 'best_score': -0.1764705926179886}, {'epoch': 25, 'best_score': -0.1764705926179886}, {'epoch': 26, 'best_score': -0.1764705926179886}, {'epoch': 27, 'best_score': -0.11764705926179886}, {'epoch': 28, 'best_score': -0.11764705926179886}, {'epoch': 29, 'best_score': -0.11764705926179886}, {'epoch': 30, 'best_score': -0.11764705926179886}, {'epoch': 31, 'best_score': -0.11764705926179886}, {'epoch': 32, 'best_score': -0.11764705926179886}, {'epoch': 33, 'best_score': -0.11764705926179886}, {'epoch': 34, 'best_score': -0.11764705926179886}, {'epoch': 35, 'best_score': -0.05882352963089943}, {'epoch': 36, 'best_score': -0.05882352963089943}, {'epoch': 37, 'best_score': -0.05882352963089943}, {'epoch': 38, 'best_score': -0.05882352963089943}, {'epoch': 39, 'best_score': -0.05882352963089943}, {'epoch': 40, 'best_score': -0.05882352963089943}, {'epoch': 41, 'best_score': -0.05882352963089943}, {'epoch': 42, 'best_score': -0.05882352963089943}, {'epoch': 43, 'best_score': -0.05882352963089943}, {'epoch': 44, 'best_score': -0.05882352963089943}, {'epoch': 45, 'best_score': -0.05882352963089943}, {'epoch': 46, 'best_score': -0.05882352963089943}, {'epoch': 47, 'best_score': -0.05882352963089943}, {'epoch': 48, 'best_score': -0.05882352963089943}, {'epoch': 49, 'best_score': -0.05882352963089943}]",entity13,3,DANN,features,512.0,0.907076895236969,0.907076895236969,0.6653845906257629,0.5538461804389954,splits_entity13_DANN_3_0_b09dc755c62e.npz,b09dc755c62e,False,False,0.10256410256410256,0.717948717948718,0.28205128205128205,,,,0.8938866794882611,logits_vs_features,features,IW residual DIS2 | W=2 | seed=0 (plug-in),True,
iw_residual_dis2,2.0,0.0,6500.0,33009.0,1625.0,8255.0,0.9132307692307693,0.0,1.0,0.45486611127853394,0.5,0.5,0.5688111782073975,0.24169838428497314,52.0,476.0,26.0,235.0,0.08513437184362192,0.04579043004239854,1576.0,49.0,7877.0,378.0,ok,plugin,False,,1556.54516866069,1417.9682816690029,1.9971848326633368,0.9480069484978538,1.6429317801315466,0.8994708994708994,0.005676213550229296,0.09081058539385121,0.9091894146061488,0.9091894146061488,False,0.0,12.0,0.11587560176849365,0.7692307829856873,0.8851063847541809,"[{'epoch': 0, 'best_score': 0.11587560176849365}, {'epoch': 1, 'best_score': 0.10081830620765686}, {'epoch': 2, 'best_score': 0.04091653227806091}, {'epoch': 3, 'best_score': 0.0031096339225769043}, {'epoch': 4, 'best_score': 0.007201284170150757}, {'epoch': 5, 'best_score': -0.014075309038162231}, {'epoch': 6, 'best_score': -0.001145690679550171}, {'epoch': 7, 'best_score': 0.020130932331085205}, {'epoch': 8, 'best_score': 0.015548259019851685}, {'epoch': 9, 'best_score': 0.019967257976531982}, {'epoch': 10, 'best_score': 0.024386227130889893}, {'epoch': 11, 'best_score': 0.036988526582717896}, {'epoch': 12, 'best_score': 0.02831423282623291}, {'epoch': 13, 'best_score': 0.058265119791030884}, {'epoch': 14, 'best_score': 0.032569557428359985}, {'epoch': 15, 'best_score': 0.03682488203048706}, {'epoch': 16, 'best_score': 0.07103109359741211}, {'epoch': 17, 'best_score': 0.07528641819953918}, {'epoch': 18, 'best_score': 0.07086741924285889}, {'epoch': 19, 'best_score': 0.053846150636672974}, {'epoch': 20, 'best_score': 0.06644845008850098}, {'epoch': 21, 'best_score': 0.07921439409255981}, {'epoch': 22, 'best_score': 0.09198036789894104}, {'epoch': 23, 'best_score': 0.09623566269874573}, {'epoch': 24, 'best_score': 0.08346971869468689}, {'epoch': 25, 'best_score': 0.07495906949043274}, {'epoch': 26, 'best_score': 0.07495906949043274}, {'epoch': 27, 'best_score': 0.07495906949043274}, {'epoch': 28, 'best_score': 0.07495906949043274}, {'epoch': 29, 'best_score': 0.07921439409255981}, {'epoch': 30, 'best_score': 0.053518831729888916}, {'epoch': 31, 'best_score': 0.057774126529693604}, {'epoch': 32, 'best_score': 0.06628477573394775}, {'epoch': 33, 'best_score': 0.07905071973800659}, {'epoch': 34, 'best_score': 0.06628477573394775}, {'epoch': 35, 'best_score': 0.08330607414245605}, {'epoch': 36, 'best_score': 0.10032731294631958}, {'epoch': 37, 'best_score': 0.10883796215057373}, {'epoch': 38, 'best_score': 0.08314236998558044}, {'epoch': 39, 'best_score': 0.07888707518577576}, {'epoch': 40, 'best_score': 0.08314236998558044}, {'epoch': 41, 'best_score': 0.0916530191898346}, {'epoch': 42, 'best_score': 0.0916530191898346}, {'epoch': 43, 'best_score': 0.06170213222503662}, {'epoch': 44, 'best_score': 0.06170213222503662}, {'epoch': 45, 'best_score': 0.05319148302078247}, {'epoch': 46, 'best_score': 0.05319148302078247}, {'epoch': 47, 'best_score': 0.05319148302078247}, {'epoch': 48, 'best_score': 0.05319148302078247}, {'epoch': 49, 'best_score': 0.05319148302078247}]",entity13,1,CDANN,features,256.0,0.9096922874450684,0.9096922874450684,0.7354357838630676,0.7372501492500305,splits_entity13_CDANN_1_0_b09dc755c62e.npz,b09dc755c62e,False,False,0.02040816326530612,0.7959183673469388,0.10355253212396065,,,,0.9091894146061488,logits_vs_features,features,IW residual DIS2 | W=2 | seed=0 (plug-in),True,
iw_residual_dis2,2.0,0.0,6500.0,260.0,1625.0,65.0,0.9058461538461539,0.0,1.0,54.598148345947266,0.5,0.5,0.440769225358963,0.25015130639076233,,,,,0.09404573259817997,0.0,1625.0,0.0,65.0,0.0,ok,plugin,False,,1620.6580195082179,1624.8898834811594,1.0321081913028873,0.9975597647486111,1.0100247695429192,,0.0,0.09404573259817997,0.9059542674018201,0.9059542674018201,False,,,,,,,entity13,2,CDANN,features,256.0,0.9081538319587708,0.9081538319587708,0.8423076868057251,0.8769230842590332,splits_entity13_CDANN_2_0_b09dc755c62e.npz,b09dc755c62e,False,False,,,,,,,0.9059542674018201,logits_vs_features,features,IW residual DIS2 | W=2 | seed=0 (plug-in),True,
iw_residual_dis2,2.0,0.0,6500.0,260.0,1625.0,65.0,0.9015384615384615,0.0,1.0,1.864598035812378,0.5,0.5,0.5246154069900513,0.24748027324676514,,,,,0.09722658379588317,0.0,1625.0,0.0,65.0,0.0,ok,plugin,False,,1569.9667727455533,1565.1889793390133,1.635607182412465,0.9807771674077145,1.2529673353617587,,0.0,0.09722658379588317,0.9027734162041168,0.9027734162041168,False,,,,,,,entity13,3,CDANN,features,256.0,0.9061538577079773,0.9061538577079773,0.6653845906257629,0.5692307949066162,splits_entity13_CDANN_3_0_b09dc755c62e.npz,b09dc755c62e,False,False,,,,,,,0.9027734162041168,logits_vs_features,features,IW residual DIS2 | W=2 | seed=0 (plug-in),True,
iw_residual_dis2,2.0,0.0,6000.0,30828.0,1500.0,7709.0,0.8426666666666667,0.0,1.0,3.9269917011260986,0.5,0.5,0.5493245720863342,0.24511930346488953,9.0,89.0,3.0,51.0,0.16869899944424901,0.01167466597483461,1491.0,9.0,7619.0,90.0,ok,plugin,False,,1534.266166300854,1393.6521232597534,1.9977593600045747,1.0044680154158108,1.5187025514059562,0.9222222222222223,0.004280710857439356,0.17297971030168838,0.8270202896983117,0.8270202896983117,False,0.0,6.0,-0.039215683937072754,1.0,0.9607843160629272,"[{'epoch': 0, 'best_score': -0.039215683937072754}, {'epoch': 1, 'best_score': -0.039215683937072754}, {'epoch': 2, 'best_score': -0.07843136787414551}, {'epoch': 3, 'best_score': -0.07843136787414551}, {'epoch': 4, 'best_score': -0.13725489377975464}, {'epoch': 5, 'best_score': -0.1764705777168274}, {'epoch': 6, 'best_score': -0.1764705777168274}, {'epoch': 7, 'best_score': -0.19607841968536377}, {'epoch': 8, 'best_score': -0.19607841968536377}, {'epoch': 9, 'best_score': -0.19607841968536377}, {'epoch': 10, 'best_score': -0.21568626165390015}, {'epoch': 11, 'best_score': -0.21568626165390015}, {'epoch': 12, 'best_score': -0.21568626165390015}, {'epoch': 13, 'best_score': -0.21568626165390015}, {'epoch': 14, 'best_score': -0.21568626165390015}, {'epoch': 15, 'best_score': -0.19607841968536377}, {'epoch': 16, 'best_score': -0.19607841968536377}, {'epoch': 17, 'best_score': -0.19607841968536377}, {'epoch': 18, 'best_score': -0.19607841968536377}, {'epoch': 19, 'best_score': -0.1764705777168274}, {'epoch': 20, 'best_score': -0.1764705777168274}, {'epoch': 21, 'best_score': -0.1764705777168274}, {'epoch': 22, 'best_score': -0.1764705777168274}, {'epoch': 23, 'best_score': -0.19607841968536377}, {'epoch': 24, 'best_score': -0.1764705777168274}, {'epoch': 25, 'best_score': -0.1764705777168274}, {'epoch': 26, 'best_score': -0.1764705777168274}, {'epoch': 27, 'best_score': -0.1764705777168274}, {'epoch': 28, 'best_score': -0.1764705777168274}, {'epoch': 29, 'best_score': -0.1764705777168274}, {'epoch': 30, 'best_score': -0.1764705777168274}, {'epoch': 31, 'best_score': -0.1764705777168274}, {'epoch': 32, 'best_score': -0.1764705777168274}, {'epoch': 33, 'best_score': -0.1764705777168274}, {'epoch': 34, 'best_score': -0.1764705777168274}, {'epoch': 35, 'best_score': -0.15686273574829102}, {'epoch': 36, 'best_score': -0.15686273574829102}, {'epoch': 37, 'best_score': -0.15686273574829102}, {'epoch': 38, 'best_score': -0.13725489377975464}, {'epoch': 39, 'best_score': -0.13725489377975464}, {'epoch': 40, 'best_score': -0.13725489377975464}, {'epoch': 41, 'best_score': -0.13725489377975464}, {'epoch': 42, 'best_score': -0.13725489377975464}, {'epoch': 43, 'best_score': -0.13725489377975464}, {'epoch': 44, 'best_score': -0.13725489377975464}, {'epoch': 45, 'best_score': -0.13725489377975464}, {'epoch': 46, 'best_score': -0.13725489377975464}, {'epoch': 47, 'best_score': -0.13725489377975464}, {'epoch': 48, 'best_score': -0.13725489377975464}, {'epoch': 49, 'best_score': -0.13725489377975464}]",entity30,1,DANN,features,512.0,0.8550000190734863,0.8550000190734863,0.6190800070762634,0.6236866116523743,splits_entity30_DANN_1_0_b09dc755c62e.npz,b09dc755c62e,False,False,0.2222222222222222,0.7777777777777778,0.1444444444444445,,,,0.8270202896983117,logits_vs_features,features,IW residual DIS2 | W=2 | seed=0 (plug-in),True,
iw_residual_dis2,2.0,0.0,6000.0,240.0,1500.0,60.0,0.8606666666666667,0.0,1.0,10.785133361816406,0.5,0.5,0.5583333373069763,0.24805203080177307,,,,,0.13006054681048942,0.0,1500.0,0.0,60.0,0.0,ok,plugin,False,,1379.4897990618024,1473.9857798995877,1.859967540730244,0.9161888402224456,1.1146893597727814,,0.0,0.13006054681048942,0.8699394531895106,0.8699394531895106,False,,,,,,,entity30,2,DANN,features,512.0,0.8646666407585144,0.8646666407585144,0.7875000238418579,0.7500000596046448,splits_entity30_DANN_2_0_b09dc755c62e.npz,b09dc755c62e,False,False,,,,,,,0.8699394531895106,logits_vs_features,features,IW residual DIS2 | W=2 | seed=0 (plug-in),True,
iw_residual_dis2,2.0,0.0,6000.0,240.0,1500.0,60.0,0.8553333333333333,0.0,1.0,14.270195960998535,0.5,0.5,0.5,0.24914045631885529,,,,,0.13760743679763335,0.0,1500.0,0.0,60.0,0.0,ok,plugin,False,,1398.324377420918,1482.9075504437963,1.398760097055563,0.929736411379045,1.094209537315618,,0.0,0.13760743679763335,0.8623925632023667,0.8623925632023667,False,,,,,,,entity30,3,DANN,features,512.0,0.8636666536331177,0.8636666536331177,0.5708333849906921,0.6666666865348816,splits_entity30_DANN_3_0_b09dc755c62e.npz,b09dc755c62e,False,False,,,,,,,0.8623925632023667,logits_vs_features,features,IW residual DIS2 | W=2 | seed=0 (plug-in),True,
iw_residual_dis2,2.0,0.0,6000.0,30828.0,1500.0,7709.0,0.856,0.0,1.0,0.9389141798019409,0.5,0.5,0.5461918711662292,0.24663986265659332,7.0,49.0,3.0,25.0,0.15187864075308258,0.004669866389933844,1498.0,2.0,7673.0,36.0,ok,plugin,False,,1499.2060525710826,1411.2854025419679,1.9535068410113676,0.9750143225512449,1.4488799517733624,0.7777777777777778,-0.0010377480866519653,0.1508408926664306,0.8491591073335694,0.8491591073335694,False,0.0,20.0,0.2933332920074463,0.6666666865348816,0.9599999785423279,"[{'epoch': 0, 'best_score': 0.2933332920074463}, {'epoch': 1, 'best_score': 0.18666663765907288}, {'epoch': 2, 'best_score': 0.18666663765907288}, {'epoch': 3, 'best_score': 0.06666666269302368}, {'epoch': 4, 'best_score': -0.026666700839996338}, {'epoch': 5, 'best_score': -0.06666666269302368}, {'epoch': 6, 'best_score': -0.06666666269302368}, {'epoch': 7, 'best_score': -0.1066666841506958}, {'epoch': 8, 'best_score': -0.06666666269302368}, {'epoch': 9, 'best_score': -0.026666700839996338}, {'epoch': 10, 'best_score': -0.026666700839996338}, {'epoch': 11, 'best_score': -0.026666700839996338}, {'epoch': 12, 'best_score': 0.0533333420753479}, {'epoch': 13, 'best_score': 0.09333330392837524}, {'epoch': 14, 'best_score': 0.13333332538604736}, {'epoch': 15, 'best_score': 0.1733332872390747}, {'epoch': 16, 'best_score': 0.1733332872390747}, {'epoch': 17, 'best_score': 0.1733332872390747}, {'epoch': 18, 'best_score': 0.1733332872390747}, {'epoch': 19, 'best_score': 0.1733332872390747}, {'epoch': 20, 'best_score': 0.21333330869674683}, {'epoch': 21, 'best_score': 0.21333330869674683}, {'epoch': 22, 'best_score': 0.21333330869674683}, {'epoch': 23, 'best_score': 0.21333330869674683}, {'epoch': 24, 'best_score': 0.25333333015441895}, {'epoch': 25, 'best_score': 0.25333333015441895}, {'epoch': 26, 'best_score': 0.25333333015441895}, {'epoch': 27, 'best_score': 0.25333333015441895}, {'epoch': 28, 'best_score': 0.25333333015441895}, {'epoch': 29, 'best_score': 0.25333333015441895}, {'epoch': 30, 'best_score': 0.25333333015441895}, {'epoch': 31, 'best_score': 0.25333333015441895}, {'epoch': 32, 'best_score': 0.25333333015441895}, {'epoch': 33, 'best_score': 0.25333333015441895}, {'epoch': 34, 'best_score': 0.25333333015441895}, {'epoch': 35, 'best_score': 0.25333333015441895}, {'epoch': 36, 'best_score': 0.25333333015441895}, {'epoch': 37, 'best_score': 0.25333333015441895}, {'epoch': 38, 'best_score': 0.25333333015441895}, {'epoch': 39, 'best_score': 0.25333333015441895}, {'epoch': 40, 'best_score': 0.25333333015441895}, {'epoch': 41, 'best_score': 0.25333333015441895}, {'epoch': 42, 'best_score': 0.25333333015441895}, {'epoch': 43, 'best_score': 0.25333333015441895}, {'epoch': 44, 'best_score': 0.25333333015441895}, {'epoch': 45, 'best_score': 0.25333333015441895}, {'epoch': 46, 'best_score': 0.25333333015441895}, {'epoch': 47, 'best_score': 0.25333333015441895}, {'epoch': 48, 'best_score': 0.25333333015441895}, {'epoch': 49, 'best_score': 0.25333333015441895}]",entity30,1,CDANN,features,256.0,0.8611666560173035,0.8611666560173035,0.627903163433075,0.6345829367637634,splits_entity30_CDANN_1_0_b09dc755c62e.npz,b09dc755c62e,False,False,0.0,1.0,-0.2222222222222222,,,,0.8491591073335694,logits_vs_features,features,IW residual DIS2 | W=2 | seed=0 (plug-in),True,
iw_residual_dis2,2.0,0.0,6000.0,240.0,1500.0,60.0,0.862,0.0,1.0,54.598148345947266,0.5,0.5,0.4449999928474426,0.25011828541755676,,,,,0.13736671931187577,0.0,1500.0,0.0,60.0,0.0,ok,plugin,False,,1491.4680685956778,1499.690709173468,1.037043538565072,0.9946845069352294,1.0169040599513648,,0.0,0.13736671931187577,0.8626332806881243,0.8626332806881243,False,,,,,,,entity30,2,CDANN,features,256.0,0.8646666407585144,0.8646666407585144,0.8125000596046448,0.7500000596046448,splits_entity30_CDANN_2_0_b09dc755c62e.npz,b09dc755c62e,False,False,,,,,,,0.8626332806881243,logits_vs_features,features,IW residual DIS2 | W=2 | seed=0 (plug-in),True,
iw_residual_dis2,2.0,0.0,6000.0,240.0,1500.0,60.0,0.8453333333333333,0.0,1.0,54.598148345947266,0.5,0.5,0.4150000214576721,0.2500380277633667,,,,,0.15379667102220296,0.0,1500.0,0.0,60.0,0.0,ok,plugin,False,,1492.7450635409355,1499.655080162514,1.0533842290120636,0.9955017284284607,1.0198740084149187,,0.0,0.15379667102220296,0.846203328977797,0.846203328977797,False,,,,,,,entity30,3,CDANN,features,256.0,0.8573333024978638,0.8573333024978638,0.5625,0.6166666746139526,splits_entity30_CDANN_3_0_b09dc755c62e.npz,b09dc755c62e,False,False,,,,,,,0.846203328977797,logits_vs_features,features,IW residual DIS2 | W=2 | seed=0 (plug-in),True,
iw_residual_dis2,2.0,0.0,10000.0,2000.0,2500.0,500.0,0.9452,0.0,1.0,10.137798309326172,0.5,0.5,0.5410000085830688,0.24617190659046173,4.0,2.0,3.0,0.0,0.05554117639293667,0.004,2498.0,2.0,498.0,2.0,unsupported_critic_region,plugin,False,,2308.806678268594,2373.870902580306,1.9430603205973538,0.9013288015605084,1.3007705153892004,,,,,,,,,,,,,cifar10,1,DANN,features,512.0,0.9508999586105347,0.9508999586105347,0.8440000414848328,0.8360000252723694,splits_cifar10_DANN_1_0_b09dc755c62e.npz,b09dc755c62e,,,,,,,,,,logits_vs_features,features,IW residual DIS2 | W=2 | seed=0 (plug-in),False,
iw_residual_dis2,2.0,0.0,10000.0,2000.0,2500.0,500.0,0.946,0.0,1.0,8.0483980178833,0.5,0.5,0.5625,0.2450663149356842,9.0,3.0,3.0,1.0,0.05179118725150722,0.004,2493.0,7.0,498.0,2.0,ok,plugin,False,,2342.488070008884,2327.0363753153983,1.9232545764708107,0.9022132376168723,1.415472726681661,1.0,0.0011428571428571423,0.05293404439436436,0.9470659556056357,0.9470659556056357,False,0.0,0.0,0.0,1.0,1.0,"[{'epoch': 0, 'best_score': 0.0}, {'epoch': 1, 'best_score': 0.0}, {'epoch': 2, 'best_score': 0.0}, {'epoch': 3, 'best_score': 0.0}, {'epoch': 4, 'best_score': 0.0}, {'epoch': 5, 'best_score': 0.0}, {'epoch': 6, 'best_score': 0.0}, {'epoch': 7, 'best_score': 0.0}, {'epoch': 8, 'best_score': 0.0}, {'epoch': 9, 'best_score': 0.0}, {'epoch': 10, 'best_score': 0.0}, {'epoch': 11, 'best_score': 0.0}, {'epoch': 12, 'best_score': 0.0}, {'epoch': 13, 'best_score': 0.0}, {'epoch': 14, 'best_score': 0.0}, {'epoch': 15, 'best_score': 0.0}, {'epoch': 16, 'best_score': 0.0}, {'epoch': 17, 'best_score': 0.0}, {'epoch': 18, 'best_score': 0.0}, {'epoch': 19, 'best_score': 0.0}, {'epoch': 20, 'best_score': 0.0}, {'epoch': 21, 'best_score': 0.0}, {'epoch': 22, 'best_score': 0.0}, {'epoch': 23, 'best_score': 0.0}, {'epoch': 24, 'best_score': 0.0}, {'epoch': 25, 'best_score': 0.0}, {'epoch': 26, 'best_score': 0.0}, {'epoch': 27, 'best_score': 0.0}, {'epoch': 28, 'best_score': 0.0}, {'epoch': 29, 'best_score': 0.0}, {'epoch': 30, 'best_score': 0.0}, {'epoch': 31, 'best_score': 0.0}, {'epoch': 32, 'best_score': 0.0}, {'epoch': 33, 'best_score': 0.0}, {'epoch': 34, 'best_score': 0.0}, {'epoch': 35, 'best_score': 0.0}, {'epoch': 36, 'best_score': 0.0}, {'epoch': 37, 'best_score': 0.0}, {'epoch': 38, 'best_score': 0.0}, {'epoch': 39, 'best_score': 0.0}, {'epoch': 40, 'best_score': 0.0}, {'epoch': 41, 'best_score': 0.0}, {'epoch': 42, 'best_score': 0.0}, {'epoch': 43, 'best_score': 0.0}, {'epoch': 44, 'best_score': 0.0}, {'epoch': 45, 'best_score': 0.0}, {'epoch': 46, 'best_score': 0.0}, {'epoch': 47, 'best_score': 0.0}, {'epoch': 48, 'best_score': 0.0}, {'epoch': 49, 'best_score': 0.0}]",cifar10,10,DANN,features,512.0,0.9477999806404114,0.9477999806404114,0.924500048160553,0.9120000600814819,splits_cifar10_DANN_10_0_b09dc755c62e.npz,b09dc755c62e,False,False,0.2857142857142857,1.0,0.0,,,,0.9470659556056357,logits_vs_features,features,IW residual DIS2 | W=2 | seed=0 (plug-in),True,
iw_residual_dis2,2.0,0.0,10000.0,2000.0,2500.0,500.0,0.9452,0.0,1.0,16.9163875579834,0.5,0.5,0.5329999923706055,0.24900692701339722,,,,,0.05402168215094528,0.0,2500.0,0.0,500.0,0.0,ok,plugin,False,,2415.279226077785,2457.430250121408,1.714862532346805,0.9585371391889252,1.184627271292094,,0.0,0.05402168215094528,0.9459783178490547,0.9459783178490547,False,,,,,,,cifar10,71,DANN,features,512.0,0.9487999677658081,0.9487999677658081,0.9305000305175781,0.9180000424385071,splits_cifar10_DANN_71_0_b09dc755c62e.npz,b09dc755c62e,False,False,,,,,,,0.9459783178490547,logits_vs_features,features,IW residual DIS2 | W=2 | seed=0 (plug-in),True,
iw_residual_dis2,2.0,0.0,10000.0,2000.0,2500.0,500.0,0.9528,0.0,1.0,23.161802291870117,0.5,0.5,0.5140000581741333,0.24939963221549988,,,,,0.04621801045036478,0.0,2500.0,0.0,500.0,0.0,ok,plugin,False,,2420.5943276188063,2476.245361396396,1.3799066207410453,0.9649217009667397,1.1310871497021064,,0.0,0.04621801045036478,0.9537819895496352,0.9537819895496352,False,,,,,,,cifar10,95,DANN,features,512.0,0.9515999555587769,0.9515999555587769,0.9390000700950623,0.9360000491142273,splits_cifar10_DANN_95_0_b09dc755c62e.npz,b09dc755c62e,False,False,,,,,,,0.9537819895496352,logits_vs_features,features,IW residual DIS2 | W=2 | seed=0 (plug-in),True,
iw_residual_dis2,2.0,0.0,10000.0,2000.0,2500.0,500.0,0.9476,0.0,1.0,4.193439483642578,0.5,0.5,0.5605000257492065,0.24584177136421204,5.0,3.0,4.0,1.0,0.054179140247702456,0.002,2495.0,5.0,499.0,1.0,ok,plugin,False,,2336.681322525229,2351.6886943612067,1.9028663729727893,0.897580274693969,1.3763370565418298,1.0,0.0,0.054179140247702456,0.9458208597522976,0.9458208597522976,False,0.0,25.0,0.75,0.25,1.0,"[{'epoch': 0, 'best_score': 0.75}, {'epoch': 1, 'best_score': 0.75}, {'epoch': 2, 'best_score': 0.75}, {'epoch': 3, 'best_score': 0.75}, {'epoch': 4, 'best_score': 0.75}, {'epoch': 5, 'best_score': 0.75}, {'epoch': 6, 'best_score': 0.75}, {'epoch': 7, 'best_score': 0.75}, {'epoch': 8, 'best_score': 0.75}, {'epoch': 9, 'best_score': 0.75}, {'epoch': 10, 'best_score': 0.75}, {'epoch': 11, 'best_score': 0.75}, {'epoch': 12, 'best_score': 0.75}, {'epoch': 13, 'best_score': 0.75}, {'epoch': 14, 'best_score': 0.75}, {'epoch': 15, 'best_score': 0.75}, {'epoch': 16, 'best_score': 0.75}, {'epoch': 17, 'best_score': 0.5}, {'epoch': 18, 'best_score': 0.5}, {'epoch': 19, 'best_score': 0.5}, {'epoch': 20, 'best_score': 0.5}, {'epoch': 21, 'best_score': 0.5}, {'epoch': 22, 'best_score': 0.5}, {'epoch': 23, 'best_score': 0.5}, {'epoch': 24, 'best_score': 0.5}, {'epoch': 25, 'best_score': 0.5}, {'epoch': 26, 'best_score': 0.5}, {'epoch': 27, 'best_score': 0.5}, {'epoch': 28, 'best_score': 0.5}, {'epoch': 29, 'best_score': 0.5}, {'epoch': 30, 'best_score': 0.5}, {'epoch': 31, 'best_score': 0.5}, {'epoch': 32, 'best_score': 0.5}, {'epoch': 33, 'best_score': 0.5}, {'epoch': 34, 'best_score': 0.5}, {'epoch': 35, 'best_score': 0.5}, {'epoch': 36, 'best_score': 0.5}, {'epoch': 37, 'best_score': 0.5}, {'epoch': 38, 'best_score': 0.5}, {'epoch': 39, 'best_score': 0.5}, {'epoch': 40, 'best_score': 0.5}, {'epoch': 41, 'best_score': 0.5}, {'epoch': 42, 'best_score': 0.5}, {'epoch': 43, 'best_score': 0.5}, {'epoch': 44, 'best_score': 0.5}, {'epoch': 45, 'best_score': 0.5}, {'epoch': 46, 'best_score': 0.5}, {'epoch': 47, 'best_score': 0.5}, {'epoch': 48, 'best_score': 0.5}, {'epoch': 49, 'best_score': 0.5}]",cifar10,1,CDANN,features,256.0,0.949999988079071,0.949999988079071,0.846500039100647,0.8440000414848328,splits_cifar10_CDANN_1_0_b09dc755c62e.npz,b09dc755c62e,False,False,0.0,1.0,0.0,,,,0.9458208597522976,logits_vs_features,features,IW residual DIS2 | W=2 | seed=0 (plug-in),True,
iw_residual_dis2,2.0,0.0,10000.0,2000.0,2500.0,500.0,0.9468,0.0,1.0,1.321940541267395,0.5,0.5,0.6460000276565552,0.2135462760925293,267.0,169.0,120.0,80.0,0.033179739867542454,0.26,2296.0,204.0,370.0,130.0,ok,plugin,False,,1614.1512323774468,1628.4533663396599,1.9970421790512147,0.5813083183785799,1.6170802811355995,0.35384615384615387,0.02190196078431372,0.05508170065185618,0.9449182993481439,0.9449182993481439,False,27.0,26.0,0.22083333134651184,0.21666666865348816,0.4375,"[{'epoch': 0, 'best_score': 0.11666661500930786}, {'epoch': 1, 'best_score': 0.19999998807907104}, {'epoch': 2, 'best_score': 0.125}, {'epoch': 3, 'best_score': 0.13333334028720856}, {'epoch': 4, 'best_score': 0.09999999403953552}, {'epoch': 5, 'best_score': 0.0833333283662796}, {'epoch': 6, 'best_score': 0.07083334028720856}, {'epoch': 7, 'best_score': 0.05416667461395264}, {'epoch': 8, 'best_score': 0.05416665971279144}, {'epoch': 9, 'best_score': 0.06666667759418488}, {'epoch': 10, 'best_score': 0.05416665971279144}, {'epoch': 11, 'best_score': 0.05416667461395264}, {'epoch': 12, 'best_score': 0.07083332538604736}, {'epoch': 13, 'best_score': 0.09166666865348816}, {'epoch': 14, 'best_score': 0.09166666865348816}, {'epoch': 15, 'best_score': 0.13750001788139343}, {'epoch': 16, 'best_score': 0.08750000596046448}, {'epoch': 17, 'best_score': 0.09166666865348816}, {'epoch': 18, 'best_score': 0.09999999403953552}, {'epoch': 19, 'best_score': 0.07916666567325592}, {'epoch': 20, 'best_score': 0.09583333134651184}, {'epoch': 21, 'best_score': 0.125}, {'epoch': 22, 'best_score': 0.1458333283662796}, {'epoch': 23, 'best_score': 0.15833334624767303}, {'epoch': 24, 'best_score': 0.20416666567325592}, {'epoch': 25, 'best_score': 0.21250000596046448}, {'epoch': 26, 'best_score': 0.20000001788139343}, {'epoch': 27, 'best_score': 0.22083333134651184}, {'epoch': 28, 'best_score': 0.17916665971279144}, {'epoch': 29, 'best_score': 0.1833333522081375}, {'epoch': 30, 'best_score': 0.16249999403953552}, {'epoch': 31, 'best_score': 0.17500001192092896}, {'epoch': 32, 'best_score': 0.17083333432674408}, {'epoch': 33, 'best_score': 0.18333333730697632}, {'epoch': 34, 'best_score': 0.17916665971279144}, {'epoch': 35, 'best_score': 0.17083331942558289}, {'epoch': 36, 'best_score': 0.1875}, {'epoch': 37, 'best_score': 0.1875}, {'epoch': 38, 'best_score': 0.17916667461395264}, {'epoch': 39, 'best_score': 0.17916667461395264}, {'epoch': 40, 'best_score': 0.1875}, {'epoch': 41, 'best_score': 0.18333330750465393}, {'epoch': 42, 'best_score': 0.18333330750465393}, {'epoch': 43, 'best_score': 0.19583335518836975}, {'epoch': 44, 'best_score': 0.19583335518836975}, {'epoch': 45, 'best_score': 0.19583335518836975}, {'epoch': 46, 'best_score': 0.19166666269302368}, {'epoch': 47, 'best_score': 0.19583332538604736}, {'epoch': 48, 'best_score': 0.19583332538604736}, {'epoch': 49, 'best_score': 0.19583335518836975}]",cifar10,10,CDANN,features,256.0,0.948699951171875,0.948699951171875,0.9160000681877136,0.9120000600814819,splits_cifar10_CDANN_10_0_b09dc755c62e.npz,b09dc755c62e,False,False,0.08333333333333333,0.35294117647058826,0.0009049773755656076,,,,0.9449182993481439,logits_vs_features,features,IW residual DIS2 | W=2 | seed=0 (plug-in),True,
iw_residual_dis2,2.0,0.0,10000.0,2000.0,2500.0,500.0,0.9492,0.0,1.0,2.1827661991119385,0.5,0.5,0.5924999713897705,0.23469793796539307,114.0,58.0,56.0,33.0,0.0455379374463274,0.098,2396.0,104.0,451.0,49.0,ok,plugin,False,,2073.6752225211103,2005.582173126475,1.9911628146513967,0.8010274501251669,1.6399919542351138,0.4489795918367347,0.012903846153846162,0.05844178360017356,0.9415582163998264,0.9415582163998264,False,4.0,6.0,0.1845238208770752,0.4821428656578064,0.6666666865348816,"[{'epoch': 0, 'best_score': 0.17207792401313782}, {'epoch': 1, 'best_score': 0.15963205695152283}, {'epoch': 2, 'best_score': 0.14339828491210938}, {'epoch': 3, 'best_score': 0.148809552192688}, {'epoch': 4, 'best_score': 0.1845238208770752}, {'epoch': 5, 'best_score': 0.12391775846481323}, {'epoch': 6, 'best_score': 0.1222943663597107}, {'epoch': 7, 'best_score': 0.15963205695152283}, {'epoch': 8, 'best_score': 0.15963205695152283}, {'epoch': 9, 'best_score': 0.09902599453926086}, {'epoch': 10, 'best_score': 0.08116886019706726}, {'epoch': 11, 'best_score': 0.09902599453926086}, {'epoch': 12, 'best_score': 0.08116886019706726}, {'epoch': 13, 'best_score': 0.08820348978042603}, {'epoch': 14, 'best_score': 0.08279222249984741}, {'epoch': 15, 'best_score': 0.06331169605255127}, {'epoch': 16, 'best_score': 0.06331169605255127}, {'epoch': 17, 'best_score': 0.11147186160087585}, {'epoch': 18, 'best_score': 0.09361469745635986}, {'epoch': 19, 'best_score': 0.07575756311416626}, {'epoch': 20, 'best_score': 0.08116886019706726}, {'epoch': 21, 'best_score': 0.08116886019706726}, {'epoch': 22, 'best_score': 0.11147186160087585}, {'epoch': 23, 'best_score': 0.12932899594306946}, {'epoch': 24, 'best_score': 0.11688312888145447}, {'epoch': 25, 'best_score': 0.11688312888145447}, {'epoch': 26, 'best_score': 0.11147186160087585}, {'epoch': 27, 'best_score': 0.12932899594306946}, {'epoch': 28, 'best_score': 0.12391775846481323}, {'epoch': 29, 'best_score': 0.12391775846481323}, {'epoch': 30, 'best_score': 0.12391775846481323}, {'epoch': 31, 'best_score': 0.12391775846481323}, {'epoch': 32, 'best_score': 0.12391775846481323}, {'epoch': 33, 'best_score': 0.14177492260932922}, {'epoch': 34, 'best_score': 0.14177492260932922}, {'epoch': 35, 'best_score': 0.14177492260932922}, {'epoch': 36, 'best_score': 0.14177492260932922}, {'epoch': 37, 'best_score': 0.14177492260932922}, {'epoch': 38, 'best_score': 0.14177492260932922}, {'epoch': 39, 'best_score': 0.15422075986862183}, {'epoch': 40, 'best_score': 0.15422075986862183}, {'epoch': 41, 'best_score': 0.15963205695152283}, {'epoch': 42, 'best_score': 0.15963205695152283}, {'epoch': 43, 'best_score': 0.15963205695152283}, {'epoch': 44, 'best_score': 0.17207792401313782}, {'epoch': 45, 'best_score': 0.17207792401313782}, {'epoch': 46, 'best_score': 0.17207792401313782}, {'epoch': 47, 'best_score': 0.17207792401313782}, {'epoch': 48, 'best_score': 0.17207792401313782}, {'epoch': 49, 'best_score': 0.17207792401313782}]",cifar10,71,CDANN,features,256.0,0.9511999487876892,0.9511999487876892,0.9280000329017639,0.9040000438690186,splits_cifar10_CDANN_71_0_b09dc755c62e.npz,b09dc755c62e,False,False,0.125,0.4423076923076923,0.006671899529042402,,,,0.9415582163998264,logits_vs_features,features,IW residual DIS2 | W=2 | seed=0 (plug-in),True,
iw_residual_dis2,2.0,0.0,10000.0,2000.0,2500.0,500.0,0.9516,0.0,1.0,1.130586862564087,0.5,0.5,0.6605000495910645,0.21154719591140747,299.0,177.0,150.0,89.0,0.02964173724291916,0.298,2273.0,227.0,351.0,149.0,ok,plugin,False,,1581.3860040251025,1624.3198736252634,1.9909768073894267,0.5975420346828253,1.6067350984607252,0.2953020134228188,0.0394273127753304,0.06906905001824956,0.9309309499817504,0.9309309499817504,False,5.0,10.0,0.19917604327201843,0.12666666507720947,0.3258427083492279,"[{'epoch': 0, 'best_score': 0.10119849443435669}, {'epoch': 1, 'best_score': 0.11228463053703308}, {'epoch': 2, 'best_score': 0.15685391426086426}, {'epoch': 3, 'best_score': 0.17535580694675446}, {'epoch': 4, 'best_score': 0.17707866430282593}, {'epoch': 5, 'best_score': 0.19917604327201843}, {'epoch': 6, 'best_score': 0.17041198909282684}, {'epoch': 7, 'best_score': 0.17955055832862854}, {'epoch': 8, 'best_score': 0.18202246725559235}, {'epoch': 9, 'best_score': 0.1823969930410385}, {'epoch': 10, 'best_score': 0.18029960989952087}, {'epoch': 11, 'best_score': 0.1669662892818451}, {'epoch': 12, 'best_score': 0.15992508828639984}, {'epoch': 13, 'best_score': 0.18067416548728943}, {'epoch': 14, 'best_score': 0.17610487341880798}, {'epoch': 15, 'best_score': 0.1627715528011322}, {'epoch': 16, 'best_score': 0.16734084486961365}, {'epoch': 17, 'best_score': 0.15647941827774048}, {'epoch': 18, 'best_score': 0.14524346590042114}, {'epoch': 19, 'best_score': 0.12734082341194153}, {'epoch': 20, 'best_score': 0.15857678651809692}, {'epoch': 21, 'best_score': 0.1406741738319397}, {'epoch': 22, 'best_score': 0.12734082341194153}, {'epoch': 23, 'best_score': 0.1290636658668518}, {'epoch': 24, 'best_score': 0.11782771348953247}, {'epoch': 25, 'best_score': 0.12486892938613892}, {'epoch': 26, 'best_score': 0.11820226907730103}, {'epoch': 27, 'best_score': 0.1094382107257843}, {'epoch': 28, 'best_score': 0.10486891865730286}, {'epoch': 29, 'best_score': 0.11438202857971191}, {'epoch': 30, 'best_score': 0.1069662868976593}, {'epoch': 31, 'best_score': 0.11610487103462219}, {'epoch': 32, 'best_score': 0.12067416310310364}, {'epoch': 33, 'best_score': 0.13191011548042297}, {'epoch': 34, 'best_score': 0.12524345517158508}, {'epoch': 35, 'best_score': 0.12981274724006653}, {'epoch': 36, 'best_score': 0.12981274724006653}, {'epoch': 37, 'best_score': 0.12314605712890625}, {'epoch': 38, 'best_score': 0.12314605712890625}, {'epoch': 39, 'best_score': 0.12314605712890625}, {'epoch': 40, 'best_score': 0.09857678413391113}, {'epoch': 41, 'best_score': 0.10981273651123047}, {'epoch': 42, 'best_score': 0.09191012382507324}, {'epoch': 43, 'best_score': 0.10981273651123047}, {'epoch': 44, 'best_score': 0.09857678413391113}, {'epoch': 45, 'best_score': 0.09191012382507324}, {'epoch': 46, 'best_score': 0.09191012382507324}, {'epoch': 47, 'best_score': 0.10067415237426758}, {'epoch': 48, 'best_score': 0.10067415237426758}, {'epoch': 49, 'best_score': 0.09438201785087585}]",cifar10,95,CDANN,features,256.0,0.9526000022888184,0.9526000022888184,0.9355000257492065,0.9260000586509705,splits_cifar10_CDANN_95_0_b09dc755c62e.npz,b09dc755c62e,True,False,0.07929515418502203,0.2422907488986784,0.0530112645241404,,,,0.9309309499817504,logits_vs_features,features,IW residual DIS2 | W=2 | seed=0 (plug-in),True,
iw_residual_dis2,2.0,0.0,10000.0,2000.0,2500.0,500.0,0.758,0.0,1.0,14.721992492675781,0.5,0.5,0.5350000262260437,0.24840646982192993,,,,,0.23103909122105898,0.0,2500.0,0.0,500.0,0.0,ok,plugin,False,,2383.9675715657963,2446.2222756066503,1.6053989839402112,0.9414495867190127,1.2009061162766173,,0.0,0.23103909122105898,0.7689609087789411,0.7689609087789411,False,,,,,,,cifar100,4,DANN,features,512.0,0.7841999530792236,0.7841999530792236,0.7440000176429749,0.7760000228881836,splits_cifar100_DANN_4_0_b09dc755c62e.npz,b09dc755c62e,False,True,,,,,,,0.7689609087789411,logits_vs_features,features,IW residual DIS2 | W=2 | seed=0 (plug-in),True,
iw_residual_dis2,2.0,0.0,10000.0,2000.0,2500.0,500.0,0.76,0.0,1.0,10.38658332824707,0.5,0.5,0.5329999923706055,0.24690403044223785,,,,,0.22611239968077868,0.0,2500.0,0.0,500.0,0.0,ok,plugin,False,,2349.9434548105037,2390.329602608754,1.8824628916784885,0.9195796015610482,1.2987359259232871,,0.0,0.22611239968077868,0.7738876003192213,0.7738876003192213,False,,,,,,,cifar100,12,DANN,features,512.0,0.7831999659538269,0.7831999659538269,0.7545000314712524,0.7860000133514404,splits_cifar100_DANN_12_0_b09dc755c62e.npz,b09dc755c62e,False,True,,,,,,,0.7738876003192213,logits_vs_features,features,IW residual DIS2 | W=2 | seed=0 (plug-in),True,
iw_residual_dis2,2.0,0.0,10000.0,2000.0,2500.0,500.0,0.7596,0.0,1.0,6.726263523101807,0.5,0.5,0.5595000386238098,0.24209660291671753,30.0,9.0,15.0,3.0,0.21555608961979286,0.016,2477.0,23.0,492.0,8.0,ok,plugin,False,,2256.1558110687693,2241.638560579545,1.9671976674885683,0.8712927490580902,1.4842404558002806,0.75,0.0008695652173913047,0.21642565483718418,0.7835743451628159,0.7835743451628159,False,14.0,25.0,0.3333333134651184,0.6666666865348816,1.0,"[{'epoch': 0, 'best_score': 0.13333332538604736}, {'epoch': 1, 'best_score': 0.19999998807907104}, {'epoch': 2, 'best_score': 0.19999998807907104}, {'epoch': 3, 'best_score': 0.19999998807907104}, {'epoch': 4, 'best_score': 0.2666666507720947}, {'epoch': 5, 'best_score': 0.2666666507720947}, {'epoch': 6, 'best_score': 0.2666666507720947}, {'epoch': 7, 'best_score': 0.2666666507720947}, {'epoch': 8, 'best_score': 0.2666666507720947}, {'epoch': 9, 'best_score': 0.2666666507720947}, {'epoch': 10, 'best_score': 0.2666666507720947}, {'epoch': 11, 'best_score': 0.2666666507720947}, {'epoch': 12, 'best_score': 0.2666666507720947}, {'epoch': 13, 'best_score': 0.2666666507720947}, {'epoch': 14, 'best_score': 0.3333333134651184}, {'epoch': 15, 'best_score': 0.3333333134651184}, {'epoch': 16, 'best_score': 0.3333333134651184}, {'epoch': 17, 'best_score': 0.3333333134651184}, {'epoch': 18, 'best_score': 0.3333333134651184}, {'epoch': 19, 'best_score': 0.3333333134651184}, {'epoch': 20, 'best_score': 0.3333333134651184}, {'epoch': 21, 'best_score': 0.3333333134651184}, {'epoch': 22, 'best_score': 0.3333333134651184}, {'epoch': 23, 'best_score': 0.3333333134651184}, {'epoch': 24, 'best_score': 0.3333333134651184}, {'epoch': 25, 'best_score': 0.3333333134651184}, {'epoch': 26, 'best_score': 0.3333333134651184}, {'epoch': 27, 'best_score': 0.3333333134651184}, {'epoch': 28, 'best_score': 0.3333333134651184}, {'epoch': 29, 'best_score': 0.3333333134651184}, {'epoch': 30, 'best_score': 0.3333333134651184}, {'epoch': 31, 'best_score': 0.2666666507720947}, {'epoch': 32, 'best_score': 0.2666666507720947}, {'epoch': 33, 'best_score': 0.2666666507720947}, {'epoch': 34, 'best_score': 0.2666666507720947}, {'epoch': 35, 'best_score': 0.2666666507720947}, {'epoch': 36, 'best_score': 0.2666666507720947}, {'epoch': 37, 'best_score': 0.2666666507720947}, {'epoch': 38, 'best_score': 0.2666666507720947}, {'epoch': 39, 'best_score': 0.2666666507720947}, {'epoch': 40, 'best_score': 0.2666666507720947}, {'epoch': 41, 'best_score': 0.2666666507720947}, {'epoch': 42, 'best_score': 0.2666666507720947}, {'epoch': 43, 'best_score': 0.2666666507720947}, {'epoch': 44, 'best_score': 0.2666666507720947}, {'epoch': 45, 'best_score': 0.2666666507720947}, {'epoch': 46, 'best_score': 0.2666666507720947}, {'epoch': 47, 'best_score': 0.2666666507720947}, {'epoch': 48, 'best_score': 0.2666666507720947}, {'epoch': 49, 'best_score': 0.2666666507720947}]",cifar100,59,DANN,features,512.0,0.7841999530792236,0.7841999530792236,0.7585000395774841,0.7720000147819519,splits_cifar100_DANN_59_0_b09dc755c62e.npz,b09dc755c62e,False,False,0.17391304347826086,0.8695652173913043,-0.11956521739130432,,,,0.7835743451628159,logits_vs_features,features,IW residual DIS2 | W=2 | seed=0 (plug-in),True,
iw_residual_dis2,2.0,0.0,10000.0,2000.0,2500.0,500.0,0.764,0.0,1.0,7.387753963470459,0.5,0.5,0.546500027179718,0.24401287734508514,11.0,1.0,9.0,0.0,0.2152431866977491,0.008,2494.0,6.0,496.0,4.0,unsupported_critic_region,plugin,False,,2302.351746026672,2282.1953616215596,1.9841214883260552,0.888258856193086,1.4569507037290372,,,,,,,,,,,,,cifar100,82,DANN,features,512.0,0.7861999869346619,0.7861999869346619,0.7695000171661377,0.7700000405311584,splits_cifar100_DANN_82_0_b09dc755c62e.npz,b09dc755c62e,,,,,,,,,,logits_vs_features,features,IW residual DIS2 | W=2 | seed=0 (plug-in),False,
iw_residual_dis2,2.0,0.0,10000.0,2000.0,2500.0,500.0,0.762,0.0,1.0,1.975064992904663,0.5,0.5,0.6274999976158142,0.22987747192382812,103.0,84.0,48.0,40.0,0.18719054453865278,0.1,2404.0,96.0,450.0,50.0,ok,plugin,False,,1984.89655358764,1970.7590356811738,1.989085645181485,0.7661346572441516,1.5902420939250144,0.78,0.03320833333333333,0.22039887787198612,0.7796011221280139,0.7796011221280139,False,6.0,10.0,0.3166666626930237,0.5833333134651184,0.8999999761581421,"[{'epoch': 0, 'best_score': 0.10000002384185791}, {'epoch': 1, 'best_score': 0.2083333134651184}, {'epoch': 2, 'best_score': 0.24166667461395264}, {'epoch': 3, 'best_score': 0.2666667103767395}, {'epoch': 4, 'best_score': 0.30416667461395264}, {'epoch': 5, 'best_score': 0.2875000238418579}, {'epoch': 6, 'best_score': 0.3166666626930237}, {'epoch': 7, 'best_score': 0.2916666865348816}, {'epoch': 8, 'best_score': 0.2875000238418579}, {'epoch': 9, 'best_score': 0.25}, {'epoch': 10, 'best_score': 0.2666667103767395}, {'epoch': 11, 'best_score': 0.24583333730697632}, {'epoch': 12, 'best_score': 0.25}, {'epoch': 13, 'best_score': 0.25}, {'epoch': 14, 'best_score': 0.25}, {'epoch': 15, 'best_score': 0.2708333134651184}, {'epoch': 16, 'best_score': 0.25}, {'epoch': 17, 'best_score': 0.2708333134651184}, {'epoch': 18, 'best_score': 0.25}, {'epoch': 19, 'best_score': 0.2708333134651184}, {'epoch': 20, 'best_score': 0.2708333134651184}, {'epoch': 21, 'best_score': 0.2708333134651184}, {'epoch': 22, 'best_score': 0.2708333134651184}, {'epoch': 23, 'best_score': 0.2708333134651184}, {'epoch': 24, 'best_score': 0.25}, {'epoch': 25, 'best_score': 0.25}, {'epoch': 26, 'best_score': 0.25}, {'epoch': 27, 'best_score': 0.25}, {'epoch': 28, 'best_score': 0.2250000238418579}, {'epoch': 29, 'best_score': 0.2250000238418579}, {'epoch': 30, 'best_score': 0.2250000238418579}, {'epoch': 31, 'best_score': 0.2250000238418579}, {'epoch': 32, 'best_score': 0.2250000238418579}, {'epoch': 33, 'best_score': 0.2250000238418579}, {'epoch': 34, 'best_score': 0.2250000238418579}, {'epoch': 35, 'best_score': 0.2250000238418579}, {'epoch': 36, 'best_score': 0.2250000238418579}, {'epoch': 37, 'best_score': 0.2250000238418579}, {'epoch': 38, 'best_score': 0.2250000238418579}, {'epoch': 39, 'best_score': 0.19999998807907104}, {'epoch': 40, 'best_score': 0.19999998807907104}, {'epoch': 41, 'best_score': 0.19999998807907104}, {'epoch': 42, 'best_score': 0.19999998807907104}, {'epoch': 43, 'best_score': 0.19999998807907104}, {'epoch': 44, 'best_score': 0.19999998807907104}, {'epoch': 45, 'best_score': 0.19999998807907104}, {'epoch': 46, 'best_score': 0.19999998807907104}, {'epoch': 47, 'best_score': 0.19999998807907104}, {'epoch': 48, 'best_score': 0.19999998807907104}, {'epoch': 49, 'best_score': 0.22083330154418945}]",cifar100,4,CDANN,features,256.0,0.7849999666213989,0.7849999666213989,0.7275000214576721,0.7480000257492065,splits_cifar100_CDANN_4_0_b09dc755c62e.npz,b09dc755c62e,False,False,0.2708333333333333,0.71875,0.06125000000000003,,,,0.7796011221280139,logits_vs_features,features,IW residual DIS2 | W=2 | seed=0 (plug-in),True,
iw_residual_dis2,2.0,0.0,10000.0,2000.0,2500.0,500.0,0.766,0.0,1.0,1.7018429040908813,0.5,0.5,0.6334999799728394,0.22181448340415955,193.0,124.0,90.0,64.0,0.16377579910288864,0.162,2344.0,156.0,419.0,81.0,ok,plugin,False,,1756.0866434419595,1776.8618075658037,1.9920349220119637,0.6590598566768017,1.5865898562407477,0.6790123456790124,0.038346153846153856,0.2021219529490425,0.7978780470509574,0.7978780470509574,False,5.0,3.0,0.3038194179534912,0.5555555820465088,0.859375,"[{'epoch': 0, 'best_score': 0.0798611044883728}, {'epoch': 1, 'best_score': 0.1597222089767456}, {'epoch': 2, 'best_score': 0.1996527910232544}, {'epoch': 3, 'best_score': 0.2482638955116272}, {'epoch': 4, 'best_score': 0.2927083373069763}, {'epoch': 5, 'best_score': 0.3038194179534912}, {'epoch': 6, 'best_score': 0.2993055582046509}, {'epoch': 7, 'best_score': 0.2993055582046509}, {'epoch': 8, 'best_score': 0.2725694179534912}, {'epoch': 9, 'best_score': 0.24583333730697632}, {'epoch': 10, 'best_score': 0.23020833730697632}, {'epoch': 11, 'best_score': 0.25034719705581665}, {'epoch': 12, 'best_score': 0.21458333730697632}, {'epoch': 13, 'best_score': 0.20347219705581665}, {'epoch': 14, 'best_score': 0.17916667461395264}, {'epoch': 15, 'best_score': 0.16805553436279297}, {'epoch': 16, 'best_score': 0.16805553436279297}, {'epoch': 17, 'best_score': 0.14791667461395264}, {'epoch': 18, 'best_score': 0.14131945371627808}, {'epoch': 19, 'best_score': 0.14131945371627808}, {'epoch': 20, 'best_score': 0.16354167461395264}, {'epoch': 21, 'best_score': 0.15694445371627808}, {'epoch': 22, 'best_score': 0.13680553436279297}, {'epoch': 23, 'best_score': 0.13680553436279297}, {'epoch': 24, 'best_score': 0.14791667461395264}, {'epoch': 25, 'best_score': 0.13680553436279297}, {'epoch': 26, 'best_score': 0.14791667461395264}, {'epoch': 27, 'best_score': 0.13229167461395264}, {'epoch': 28, 'best_score': 0.12118053436279297}, {'epoch': 29, 'best_score': 0.12118053436279297}, {'epoch': 30, 'best_score': 0.11666667461395264}, {'epoch': 31, 'best_score': 0.11006945371627808}, {'epoch': 32, 'best_score': 0.11006945371627808}, {'epoch': 33, 'best_score': 0.11458331346511841}, {'epoch': 34, 'best_score': 0.11458331346511841}, {'epoch': 35, 'best_score': 0.12569445371627808}, {'epoch': 36, 'best_score': 0.13680553436279297}, {'epoch': 37, 'best_score': 0.13680553436279297}, {'epoch': 38, 'best_score': 0.13680553436279297}, {'epoch': 39, 'best_score': 0.13229167461395264}, {'epoch': 40, 'best_score': 0.13229167461395264}, {'epoch': 41, 'best_score': 0.13680553436279297}, {'epoch': 42, 'best_score': 0.13680553436279297}, {'epoch': 43, 'best_score': 0.13680553436279297}, {'epoch': 44, 'best_score': 0.15243053436279297}, {'epoch': 45, 'best_score': 0.15243053436279297}, {'epoch': 46, 'best_score': 0.15243053436279297}, {'epoch': 47, 'best_score': 0.16354167461395264}, {'epoch': 48, 'best_score': 0.16354167461395264}, {'epoch': 49, 'best_score': 0.1701388955116272}]",cifar100,12,CDANN,features,256.0,0.7858999967575073,0.7858999967575073,0.7480000257492065,0.7680000066757202,splits_cifar100_CDANN_12_0_b09dc755c62e.npz,b09dc755c62e,False,False,0.20512820512820512,0.6474358974358975,0.031576448243114896,,,,0.7978780470509574,logits_vs_features,features,IW residual DIS2 | W=2 | seed=0 (plug-in),True,
iw_residual_dis2,2.0,0.0,10000.0,2000.0,2500.0,500.0,0.7664,0.0,1.0,1.3137600421905518,0.5,0.5,0.6840000152587891,0.2118106186389923,286.0,135.0,128.0,73.0,0.1515585065189072,0.208,2278.0,222.0,396.0,104.0,ok,plugin,False,,1624.202098481754,1604.5642481401226,1.9990691809131769,0.5974601941848849,1.67710272668464,0.6634615384615384,0.05836036036036033,0.20991886687926753,0.7900811331207325,0.7900811331207325,False,38.0,21.0,0.19103169441223145,0.6171875,0.8082191944122314,"[{'epoch': 0, 'best_score': 0.0585402250289917}, {'epoch': 1, 'best_score': 0.09749573469161987}, {'epoch': 2, 'best_score': 0.09738868474960327}, {'epoch': 3, 'best_score': 0.11686640977859497}, {'epoch': 4, 'best_score': 0.1148330569267273}, {'epoch': 5, 'best_score': 0.1070205569267273}, {'epoch': 6, 'best_score': 0.10498714447021484}, {'epoch': 7, 'best_score': 0.10113441944122314}, {'epoch': 8, 'best_score': 0.11675941944122314}, {'epoch': 9, 'best_score': 0.12842464447021484}, {'epoch': 10, 'best_score': 0.12842464447021484}, {'epoch': 11, 'best_score': 0.126498281955719}, {'epoch': 12, 'best_score': 0.15186214447021484}, {'epoch': 13, 'best_score': 0.134310781955719}, {'epoch': 14, 'best_score': 0.149935781955719}, {'epoch': 15, 'best_score': 0.15186214447021484}, {'epoch': 16, 'best_score': 0.17529964447021484}, {'epoch': 17, 'best_score': 0.15967464447021484}, {'epoch': 18, 'best_score': 0.157748281955719}, {'epoch': 19, 'best_score': 0.157748281955719}, {'epoch': 20, 'best_score': 0.149935781955719}, {'epoch': 21, 'best_score': 0.13623714447021484}, {'epoch': 22, 'best_score': 0.134310781955719}, {'epoch': 23, 'best_score': 0.126498281955719}, {'epoch': 24, 'best_score': 0.126498281955719}, {'epoch': 25, 'best_score': 0.1460830569267273}, {'epoch': 26, 'best_score': 0.1460830569267273}, {'epoch': 27, 'best_score': 0.1460830569267273}, {'epoch': 28, 'best_score': 0.1460830569267273}, {'epoch': 29, 'best_score': 0.142123281955719}, {'epoch': 30, 'best_score': 0.14415669441223145}, {'epoch': 31, 'best_score': 0.14415669441223145}, {'epoch': 32, 'best_score': 0.149935781955719}, {'epoch': 33, 'best_score': 0.149935781955719}, {'epoch': 34, 'best_score': 0.16363441944122314}, {'epoch': 35, 'best_score': 0.17144691944122314}, {'epoch': 36, 'best_score': 0.17144691944122314}, {'epoch': 37, 'best_score': 0.1773330569267273}, {'epoch': 38, 'best_score': 0.19103169441223145}, {'epoch': 39, 'best_score': 0.17540669441223145}, {'epoch': 40, 'best_score': 0.1538955569267273}, {'epoch': 41, 'best_score': 0.14415669441223145}, {'epoch': 42, 'best_score': 0.14415669441223145}, {'epoch': 43, 'best_score': 0.1460830569267273}, {'epoch': 44, 'best_score': 0.1538955569267273}, {'epoch': 45, 'best_score': 0.1538955569267273}, {'epoch': 46, 'best_score': 0.1578553318977356}, {'epoch': 47, 'best_score': 0.1578553318977356}, {'epoch': 48, 'best_score': 0.1578553318977356}, {'epoch': 49, 'best_score': 0.1656678318977356}]",cifar100,59,CDANN,features,256.0,0.7870000004768372,0.7870000004768372,0.7580000162124634,0.7920000553131104,splits_cifar100_CDANN_59_0_b09dc755c62e.npz,b09dc755c62e,False,True,0.23423423423423423,0.6171171171171171,0.046344421344421294,,,,0.7900811331207325,logits_vs_features,features,IW residual DIS2 | W=2 | seed=0 (plug-in),True,
iw_residual_dis2,2.0,0.0,10000.0,2000.0,2500.0,500.0,0.7652,0.0,1.0,2.634060859680176,0.5,0.5,0.5690000057220459,0.24028076231479645,50.0,25.0,21.0,13.0,0.20421134251495088,0.04,2460.0,40.0,480.0,20.0,ok,plugin,False,,2171.3090543016333,2152.1976705854645,1.9637540539201392,0.8326433767503902,1.5141146001533903,0.75,0.005,0.20921134251495088,0.7907886574850491,0.7907886574850491,False,4.0,24.0,0.238095223903656,0.761904776096344,1.0,"[{'epoch': 0, 'best_score': 0.0476190447807312}, {'epoch': 1, 'best_score': 0.0952380895614624}, {'epoch': 2, 'best_score': 0.1428571343421936}, {'epoch': 3, 'best_score': 0.16117215156555176}, {'epoch': 4, 'best_score': 0.238095223903656}, {'epoch': 5, 'best_score': 0.16117215156555176}, {'epoch': 6, 'best_score': 0.16117215156555176}, {'epoch': 7, 'best_score': 0.16117215156555176}, {'epoch': 8, 'best_score': 0.16117215156555176}, {'epoch': 9, 'best_score': 0.16117215156555176}, {'epoch': 10, 'best_score': 0.16117215156555176}, {'epoch': 11, 'best_score': 0.16117215156555176}, {'epoch': 12, 'best_score': 0.16117215156555176}, {'epoch': 13, 'best_score': 0.16117215156555176}, {'epoch': 14, 'best_score': 0.16117215156555176}, {'epoch': 15, 'best_score': 0.16117215156555176}, {'epoch': 16, 'best_score': 0.16117215156555176}, {'epoch': 17, 'best_score': 0.16117215156555176}, {'epoch': 18, 'best_score': 0.16117215156555176}, {'epoch': 19, 'best_score': 0.16117215156555176}, {'epoch': 20, 'best_score': 0.16117215156555176}, {'epoch': 21, 'best_score': 0.16117215156555176}, {'epoch': 22, 'best_score': 0.16117215156555176}, {'epoch': 23, 'best_score': 0.16117215156555176}, {'epoch': 24, 'best_score': 0.16117215156555176}, {'epoch': 25, 'best_score': 0.16117215156555176}, {'epoch': 26, 'best_score': 0.16117215156555176}, {'epoch': 27, 'best_score': 0.16117215156555176}, {'epoch': 28, 'best_score': 0.16117215156555176}, {'epoch': 29, 'best_score': 0.16117215156555176}, {'epoch': 30, 'best_score': 0.16117215156555176}, {'epoch': 31, 'best_score': 0.16117215156555176}, {'epoch': 32, 'best_score': 0.16117215156555176}, {'epoch': 33, 'best_score': 0.16117215156555176}, {'epoch': 34, 'best_score': 0.16117215156555176}, {'epoch': 35, 'best_score': 0.16117215156555176}, {'epoch': 36, 'best_score': 0.16117215156555176}, {'epoch': 37, 'best_score': 0.16117215156555176}, {'epoch': 38, 'best_score': 0.16117215156555176}, {'epoch': 39, 'best_score': 0.16117215156555176}, {'epoch': 40, 'best_score': 0.16117215156555176}, {'epoch': 41, 'best_score': 0.16117215156555176}, {'epoch': 42, 'best_score': 0.16117215156555176}, {'epoch': 43, 'best_score': 0.16117215156555176}, {'epoch': 44, 'best_score': 0.16117215156555176}, {'epoch': 45, 'best_score': 0.16117215156555176}, {'epoch': 46, 'best_score': 0.16117215156555176}, {'epoch': 47, 'best_score': 0.16117215156555176}, {'epoch': 48, 'best_score': 0.16117215156555176}, {'epoch': 49, 'best_score': 0.16117215156555176}]",cifar100,82,CDANN,features,256.0,0.7872999906539917,0.7872999906539917,0.7635000348091125,0.7720000147819519,splits_cifar100_CDANN_82_0_b09dc755c62e.npz,b09dc755c62e,False,False,0.2,0.825,-0.07499999999999996,,,,0.7907886574850491,logits_vs_features,features,IW residual DIS2 | W=2 | seed=0 (plug-in),True,
iw_residual_dis2,2.0,0.0,28152.0,9910.0,7040.0,2478.0,0.803125,0.0,1.0,1.2093405723571777,0.5,0.5,0.814117431640625,0.1364630162715912,699.0,1967.0,351.0,967.0,0.0675526159927757,0.6549636803874092,6416.0,624.0,855.0,1623.0,ok,plugin,False,,2267.160780176874,2781.0163480067986,1.9966722366345102,0.1924247744982189,1.2609006870980677,0.8662969808995687,0.31338470851182715,0.3809373245046028,0.6190626754953972,0.6190626754953972,False,3.0,17.0,0.2196413278579712,0.632478654384613,0.8521199822425842,"[{'epoch': 0, 'best_score': 0.025134265422821045}, {'epoch': 1, 'best_score': 0.08580595254898071}, {'epoch': 2, 'best_score': 0.14938849210739136}, {'epoch': 3, 'best_score': 0.2196413278579712}, {'epoch': 4, 'best_score': 0.2113889455795288}, {'epoch': 5, 'best_score': 0.19686990976333618}, {'epoch': 6, 'best_score': 0.19427430629730225}, {'epoch': 7, 'best_score': 0.19686990976333618}, {'epoch': 8, 'best_score': 0.19995170831680298}, {'epoch': 9, 'best_score': 0.2040882110595703}, {'epoch': 10, 'best_score': 0.20978617668151855}, {'epoch': 11, 'best_score': 0.2089848518371582}, {'epoch': 12, 'best_score': 0.20510166883468628}, {'epoch': 13, 'best_score': 0.2094915509223938}, {'epoch': 14, 'best_score': 0.2006705403327942}, {'epoch': 15, 'best_score': 0.1972941756248474}, {'epoch': 16, 'best_score': 0.1928836703300476}, {'epoch': 17, 'best_score': 0.19805431365966797}, {'epoch': 18, 'best_score': 0.1928631067276001}, {'epoch': 19, 'best_score': 0.18691164255142212}, {'epoch': 20, 'best_score': 0.1931164264678955}, {'epoch': 21, 'best_score': 0.1946573257446289}, {'epoch': 22, 'best_score': 0.1933491826057434}, {'epoch': 23, 'best_score': 0.18971943855285645}, {'epoch': 24, 'best_score': 0.1829872727394104}, {'epoch': 25, 'best_score': 0.1816791296005249}, {'epoch': 26, 'best_score': 0.17520040273666382}, {'epoch': 27, 'best_score': 0.17391294240951538}, {'epoch': 28, 'best_score': 0.17002975940704346}, {'epoch': 29, 'best_score': 0.1692490577697754}, {'epoch': 30, 'best_score': 0.1736595630645752}, {'epoch': 31, 'best_score': 0.17131727933883667}, {'epoch': 32, 'best_score': 0.17441970109939575}, {'epoch': 33, 'best_score': 0.17441970109939575}, {'epoch': 34, 'best_score': 0.17338556051254272}, {'epoch': 35, 'best_score': 0.17469364404678345}, {'epoch': 36, 'best_score': 0.17726868391036987}, {'epoch': 37, 'best_score': 0.17933690547943115}, {'epoch': 38, 'best_score': 0.17752206325531006}, {'epoch': 39, 'best_score': 0.17959028482437134}, {'epoch': 40, 'best_score': 0.1845075488090515}, {'epoch': 41, 'best_score': 0.1816585659980774}, {'epoch': 42, 'best_score': 0.17933690547943115}, {'epoch': 43, 'best_score': 0.18037104606628418}, {'epoch': 44, 'best_score': 0.18243926763534546}, {'epoch': 45, 'best_score': 0.17933690547943115}, {'epoch': 46, 'best_score': 0.17855620384216309}, {'epoch': 47, 'best_score': 0.17467308044433594}, {'epoch': 48, 'best_score': 0.17467308044433594}, {'epoch': 49, 'best_score': 0.17520040273666382}]",domainnet,1,DANN,features,2048.0,0.8072605729103088,0.8072605729103088,0.465893030166626,0.47497981786727905,splits_domainnet_DANN_1_0_b09dc755c62e.npz,b09dc755c62e,False,False,0.2980769230769231,0.6858974358974359,0.18039954500213284,,,,0.6190626754953972,logits_vs_features,features,IW residual DIS2 | W=2 | seed=0 (plug-in),True,
iw_residual_dis2,2.0,0.0,28152.0,14207.0,7040.0,3553.0,0.8038352272727273,0.0,1.0,1.1579777002334595,0.5,0.5,0.846280574798584,0.11161978542804718,549.0,3074.0,312.0,1494.0,0.06305413140634551,0.7132001125809175,6575.0,465.0,1019.0,2534.0,ok,plugin,False,,1894.970694223686,2405.3861346591334,1.9908582106841897,0.13206437859870632,1.1722971076118545,0.893843725335438,0.31846659948128037,0.3815207308876259,0.6184792691123742,0.6184792691123742,False,8.0,13.0,0.221166729927063,0.6730769276618958,0.8942436575889587,"[{'epoch': 0, 'best_score': 0.02081400156021118}, {'epoch': 1, 'best_score': 0.08019256591796875}, {'epoch': 2, 'best_score': 0.16292095184326172}, {'epoch': 3, 'best_score': 0.21595358848571777}, {'epoch': 4, 'best_score': 0.21007108688354492}, {'epoch': 5, 'best_score': 0.21007108688354492}, {'epoch': 6, 'best_score': 0.20940172672271729}, {'epoch': 7, 'best_score': 0.21475648880004883}, {'epoch': 8, 'best_score': 0.221166729927063}, {'epoch': 9, 'best_score': 0.22092217206954956}, {'epoch': 10, 'best_score': 0.2025023102760315}, {'epoch': 11, 'best_score': 0.18982338905334473}, {'epoch': 12, 'best_score': 0.18598753213882446}, {'epoch': 13, 'best_score': 0.18665683269500732}, {'epoch': 14, 'best_score': 0.1809159517288208}, {'epoch': 15, 'best_score': 0.18067139387130737}, {'epoch': 16, 'best_score': 0.18401813507080078}, {'epoch': 17, 'best_score': 0.18377351760864258}, {'epoch': 18, 'best_score': 0.18511223793029785}, {'epoch': 19, 'best_score': 0.18085163831710815}, {'epoch': 20, 'best_score': 0.17377203702926636}, {'epoch': 21, 'best_score': 0.1739135980606079}, {'epoch': 22, 'best_score': 0.1713777780532837}, {'epoch': 23, 'best_score': 0.16859745979309082}, {'epoch': 24, 'best_score': 0.16458141803741455}, {'epoch': 25, 'best_score': 0.15644627809524536}, {'epoch': 26, 'best_score': 0.14936667680740356}, {'epoch': 27, 'best_score': 0.14816957712173462}, {'epoch': 28, 'best_score': 0.14883893728256226}, {'epoch': 29, 'best_score': 0.15017765760421753}, {'epoch': 30, 'best_score': 0.1463031768798828}, {'epoch': 31, 'best_score': 0.14443671703338623}, {'epoch': 32, 'best_score': 0.14644473791122437}, {'epoch': 33, 'best_score': 0.14510607719421387}, {'epoch': 34, 'best_score': 0.1419009566307068}, {'epoch': 35, 'best_score': 0.1419009566307068}, {'epoch': 36, 'best_score': 0.1361600160598755}, {'epoch': 37, 'best_score': 0.13630157709121704}, {'epoch': 38, 'best_score': 0.137498676776886}, {'epoch': 39, 'best_score': 0.13496291637420654}, {'epoch': 40, 'best_score': 0.13496291637420654}, {'epoch': 41, 'best_score': 0.1304190754890442}, {'epoch': 42, 'best_score': 0.1304190754890442}, {'epoch': 43, 'best_score': 0.1329548954963684}, {'epoch': 44, 'best_score': 0.1329548954963684}, {'epoch': 45, 'best_score': 0.13056069612503052}, {'epoch': 46, 'best_score': 0.13056069612503052}, {'epoch': 47, 'best_score': 0.13123005628585815}, {'epoch': 48, 'best_score': 0.13697093725204468}, {'epoch': 49, 'best_score': 0.13630157709121704}]",domainnet,2,DANN,features,2048.0,0.8101378083229065,0.8101378083229065,0.38572534918785095,0.38727834820747375,splits_domainnet_DANN_2_0_b09dc755c62e.npz,b09dc755c62e,False,False,0.25591397849462366,0.7032258064516129,0.19061791888382507,,,,0.6184792691123742,logits_vs_features,features,IW residual DIS2 | W=2 | seed=0 (plug-in),True,
iw_residual_dis2,2.0,0.0,28152.0,15295.0,7040.0,3825.0,0.8072443181818182,0.0,1.0,1.1999905109405518,0.5,0.5,0.7945000529289246,0.1442253291606903,781.0,2796.0,406.0,1428.0,0.07910451484308476,0.6232679738562091,6368.0,672.0,1441.0,2384.0,ok,plugin,False,,2556.4318199144836,3002.167482704801,1.9986002057063983,0.24056095734892113,1.3804207133776607,0.8808724832214765,0.29396202925614695,0.3730665440992317,0.6269334559007683,0.6269334559007683,False,11.0,6.0,0.19830000400543213,0.6896551847457886,0.8879551887512207,"[{'epoch': 0, 'best_score': 0.025016844272613525}, {'epoch': 1, 'best_score': 0.06768566370010376}, {'epoch': 2, 'best_score': 0.15968799591064453}, {'epoch': 3, 'best_score': 0.18134838342666626}, {'epoch': 4, 'best_score': 0.18214523792266846}, {'epoch': 5, 'best_score': 0.17446637153625488}, {'epoch': 6, 'best_score': 0.17661547660827637}, {'epoch': 7, 'best_score': 0.16992658376693726}, {'epoch': 8, 'best_score': 0.17591524124145508}, {'epoch': 9, 'best_score': 0.18608134984970093}, {'epoch': 10, 'best_score': 0.1839805245399475}, {'epoch': 11, 'best_score': 0.19830000400543213}, {'epoch': 12, 'best_score': 0.18697476387023926}, {'epoch': 13, 'best_score': 0.17497342824935913}, {'epoch': 14, 'best_score': 0.17144787311553955}, {'epoch': 15, 'best_score': 0.1675601601600647}, {'epoch': 16, 'best_score': 0.16364824771881104}, {'epoch': 17, 'best_score': 0.1622234582901001}, {'epoch': 18, 'best_score': 0.15976041555404663}, {'epoch': 19, 'best_score': 0.1607987880706787}, {'epoch': 20, 'best_score': 0.15408575534820557}, {'epoch': 21, 'best_score': 0.1498357653617859}, {'epoch': 22, 'best_score': 0.15155029296875}, {'epoch': 23, 'best_score': 0.14239835739135742}, {'epoch': 24, 'best_score': 0.13959723711013794}, {'epoch': 25, 'best_score': 0.14483726024627686}, {'epoch': 26, 'best_score': 0.13887280225753784}, {'epoch': 27, 'best_score': 0.13532310724258423}, {'epoch': 28, 'best_score': 0.1346469521522522}, {'epoch': 29, 'best_score': 0.1346469521522522}, {'epoch': 30, 'best_score': 0.1332222819328308}, {'epoch': 31, 'best_score': 0.13918668031692505}, {'epoch': 32, 'best_score': 0.14094948768615723}, {'epoch': 33, 'best_score': 0.1398869752883911}, {'epoch': 34, 'best_score': 0.13672363758087158}, {'epoch': 35, 'best_score': 0.1321355700492859}, {'epoch': 36, 'best_score': 0.13426059484481812}, {'epoch': 37, 'best_score': 0.13529890775680542}, {'epoch': 38, 'best_score': 0.13776201009750366}, {'epoch': 39, 'best_score': 0.13389837741851807}, {'epoch': 40, 'best_score': 0.13249778747558594}, {'epoch': 41, 'best_score': 0.12897229194641113}, {'epoch': 42, 'best_score': 0.12684732675552368}, {'epoch': 43, 'best_score': 0.12544673681259155}, {'epoch': 44, 'best_score': 0.12861007452011108}, {'epoch': 45, 'best_score': 0.13177341222763062}, {'epoch': 46, 'best_score': 0.13317394256591797}, {'epoch': 47, 'best_score': 0.1324736475944519}, {'epoch': 48, 'best_score': 0.13317394256591797}, {'epoch': 49, 'best_score': 0.13317394256591797}]",domainnet,3,DANN,features,2048.0,0.8096050024032593,0.8096050024032593,0.4719189405441284,0.46562090516090393,splits_domainnet_DANN_3_0_b09dc755c62e.npz,b09dc755c62e,False,False,0.2857142857142857,0.6949404761904762,0.18593200703100032,,,,0.6269334559007683,logits_vs_features,features,IW residual DIS2 | W=2 | seed=0 (plug-in),True,
iw_residual_dis2,2.0,0.0,28152.0,9910.0,7040.0,2478.0,0.8025568181818181,0.0,1.0,0.7881361842155457,0.5,0.5,0.7996504902839661,0.13991327583789825,697.0,1894.0,346.0,959.0,0.07935211957209451,0.648910411622276,6415.0,625.0,870.0,1608.0,ok,plugin,False,,2500.9094524694974,3046.0027577532574,1.996748445061332,0.23549304804342153,1.338997310314291,0.8289800995024875,0.321976432606941,0.4013285521790355,0.5986714478209645,0.5986714478209645,False,9.0,13.0,0.26781874895095825,0.5549132823944092,0.8227320313453674,"[{'epoch': 0, 'best_score': 0.026340067386627197}, {'epoch': 1, 'best_score': 0.08673834800720215}, {'epoch': 2, 'best_score': 0.15163618326187134}, {'epoch': 3, 'best_score': 0.20994895696640015}, {'epoch': 4, 'best_score': 0.23462241888046265}, {'epoch': 5, 'best_score': 0.24186444282531738}, {'epoch': 6, 'best_score': 0.25536292791366577}, {'epoch': 7, 'best_score': 0.2520870566368103}, {'epoch': 8, 'best_score': 0.2657332420349121}, {'epoch': 9, 'best_score': 0.26781874895095825}, {'epoch': 10, 'best_score': 0.2635573148727417}, {'epoch': 11, 'best_score': 0.26692360639572144}, {'epoch': 12, 'best_score': 0.2560771703720093}, {'epoch': 13, 'best_score': 0.25309664011001587}, {'epoch': 14, 'best_score': 0.25357282161712646}, {'epoch': 15, 'best_score': 0.24850666522979736}, {'epoch': 16, 'best_score': 0.24642115831375122}, {'epoch': 17, 'best_score': 0.24969714879989624}, {'epoch': 18, 'best_score': 0.24695461988449097}, {'epoch': 19, 'best_score': 0.24671655893325806}, {'epoch': 20, 'best_score': 0.2550585865974426}, {'epoch': 21, 'best_score': 0.2468641996383667}, {'epoch': 22, 'best_score': 0.2402791976928711}, {'epoch': 23, 'best_score': 0.24123156070709229}, {'epoch': 24, 'best_score': 0.23545122146606445}, {'epoch': 25, 'best_score': 0.22758537530899048}, {'epoch': 26, 'best_score': 0.22549986839294434}, {'epoch': 27, 'best_score': 0.22573792934417725}, {'epoch': 28, 'best_score': 0.21811014413833618}, {'epoch': 29, 'best_score': 0.21915286779403687}, {'epoch': 30, 'best_score': 0.21521997451782227}, {'epoch': 31, 'best_score': 0.21232980489730835}, {'epoch': 32, 'best_score': 0.2075921893119812}, {'epoch': 33, 'best_score': 0.20863497257232666}, {'epoch': 34, 'best_score': 0.21152514219284058}, {'epoch': 35, 'best_score': 0.20678752660751343}, {'epoch': 36, 'best_score': 0.2010071873664856}, {'epoch': 37, 'best_score': 0.2010071873664856}, {'epoch': 38, 'best_score': 0.20285463333129883}, {'epoch': 39, 'best_score': 0.2038973569869995}, {'epoch': 40, 'best_score': 0.20020252466201782}, {'epoch': 41, 'best_score': 0.20228803157806396}, {'epoch': 42, 'best_score': 0.2014833688735962}, {'epoch': 43, 'best_score': 0.2014833688735962}, {'epoch': 44, 'best_score': 0.19939786195755005}, {'epoch': 45, 'best_score': 0.1940937042236328}, {'epoch': 46, 'best_score': 0.19594115018844604}, {'epoch': 47, 'best_score': 0.19698387384414673}, {'epoch': 48, 'best_score': 0.1980266571044922}, {'epoch': 49, 'best_score': 0.19722199440002441}]",domainnet,1,CDANN,features,256.0,0.8055910468101501,0.8055910468101501,0.5121089816093445,0.5205811262130737,splits_domainnet_CDANN_1_0_b09dc755c62e.npz,b09dc755c62e,False,False,0.2496,0.5824,0.2465800995024875,,,,0.5986714478209645,logits_vs_features,features,IW residual DIS2 | W=2 | seed=0 (plug-in),True,
iw_residual_dis2,2.0,0.0,28152.0,14207.0,7040.0,3553.0,0.8004261363636364,0.0,1.0,0.7321817874908447,0.5,0.5,0.8212893605232239,0.12660270929336548,617.0,2907.0,339.0,1445.0,0.06978187536181918,0.690683929074022,6461.0,579.0,1099.0,2454.0,ok,plugin,False,,2086.3080672537376,2653.9087600975495,1.9915989904946834,0.1684580479366417,1.2028506127588356,0.871638141809291,0.3336259659428142,0.40340784130463336,0.5965921586953666,0.5965921586953666,False,12.0,25.0,0.2943115830421448,0.5811209678649902,0.875432550907135,"[{'epoch': 0, 'best_score': 0.029169857501983643}, {'epoch': 1, 'best_score': 0.08856499195098877}, {'epoch': 2, 'best_score': 0.15786510705947876}, {'epoch': 3, 'best_score': 0.21175861358642578}, {'epoch': 4, 'best_score': 0.24963104724884033}, {'epoch': 5, 'best_score': 0.2875034213066101}, {'epoch': 6, 'best_score': 0.2811281085014343}, {'epoch': 7, 'best_score': 0.2922701835632324}, {'epoch': 8, 'best_score': 0.29208844900131226}, {'epoch': 9, 'best_score': 0.29208844900131226}, {'epoch': 10, 'best_score': 0.28775453567504883}, {'epoch': 11, 'best_score': 0.29190677404403687}, {'epoch': 12, 'best_score': 0.2943115830421448}, {'epoch': 13, 'best_score': 0.2903062701225281}, {'epoch': 14, 'best_score': 0.289250910282135}, {'epoch': 15, 'best_score': 0.28903448581695557}, {'epoch': 16, 'best_score': 0.28936320543289185}, {'epoch': 17, 'best_score': 0.2857212424278259}, {'epoch': 18, 'best_score': 0.2752712368965149}, {'epoch': 19, 'best_score': 0.27614498138427734}, {'epoch': 20, 'best_score': 0.27578163146972656}, {'epoch': 21, 'best_score': 0.27454453706741333}, {'epoch': 22, 'best_score': 0.2780047655105591}, {'epoch': 23, 'best_score': 0.27487319707870483}, {'epoch': 24, 'best_score': 0.26740771532058716}, {'epoch': 25, 'best_score': 0.25888681411743164}, {'epoch': 26, 'best_score': 0.2580130696296692}, {'epoch': 27, 'best_score': 0.2578313946723938}, {'epoch': 28, 'best_score': 0.2531340718269348}, {'epoch': 29, 'best_score': 0.2533157467842102}, {'epoch': 30, 'best_score': 0.24774473905563354}, {'epoch': 31, 'best_score': 0.2461789846420288}, {'epoch': 32, 'best_score': 0.25051289796829224}, {'epoch': 33, 'best_score': 0.2446131706237793}, {'epoch': 34, 'best_score': 0.24410289525985718}, {'epoch': 35, 'best_score': 0.24322909116744995}, {'epoch': 36, 'best_score': 0.24217373132705688}, {'epoch': 37, 'best_score': 0.24060791730880737}, {'epoch': 38, 'best_score': 0.24424982070922852}, {'epoch': 39, 'best_score': 0.23904216289520264}, {'epoch': 40, 'best_score': 0.23904216289520264}, {'epoch': 41, 'best_score': 0.23678433895111084}, {'epoch': 42, 'best_score': 0.23816847801208496}, {'epoch': 43, 'best_score': 0.2352185845375061}, {'epoch': 44, 'best_score': 0.2329607605934143}, {'epoch': 45, 'best_score': 0.23070299625396729}, {'epoch': 46, 'best_score': 0.2277531623840332}, {'epoch': 47, 'best_score': 0.2277531623840332}, {'epoch': 48, 'best_score': 0.23070299625396729}, {'epoch': 49, 'best_score': 0.22549527883529663}]",domainnet,2,CDANN,features,256.0,0.8071539998054504,0.8071539998054504,0.42063772678375244,0.4218969941139221,splits_domainnet_CDANN_2_0_b09dc755c62e.npz,b09dc755c62e,False,False,0.231433506044905,0.6200345423143351,0.2516035994949559,,,,0.5965921586953666,logits_vs_features,features,IW residual DIS2 | W=2 | seed=0 (plug-in),True,
iw_residual_dis2,2.0,0.0,28152.0,15295.0,7040.0,3825.0,0.8063920454545455,0.0,1.0,0.8945432901382446,0.5,0.5,0.7571138739585876,0.17122101783752441,905.0,2437.0,484.0,1259.0,0.0953911990406269,0.5383006535947712,6291.0,749.0,1766.0,2059.0,ok,plugin,False,,3203.542959196494,3590.1637571911447,1.9981887863946326,0.36276122451142057,1.4891702082367468,0.8800388538125303,0.25380559700515715,0.349196796045784,0.650803203954216,0.650803203954216,False,13.0,25.0,0.2648336887359619,0.6239669322967529,0.8888006210327148,"[{'epoch': 0, 'best_score': 0.03592318296432495}, {'epoch': 1, 'best_score': 0.08217692375183105}, {'epoch': 2, 'best_score': 0.1297074556350708}, {'epoch': 3, 'best_score': 0.17629265785217285}, {'epoch': 4, 'best_score': 0.22000765800476074}, {'epoch': 5, 'best_score': 0.2314591407775879}, {'epoch': 6, 'best_score': 0.24052280187606812}, {'epoch': 7, 'best_score': 0.2540304660797119}, {'epoch': 8, 'best_score': 0.25371378660202026}, {'epoch': 9, 'best_score': 0.25418639183044434}, {'epoch': 10, 'best_score': 0.2559407353401184}, {'epoch': 11, 'best_score': 0.2621341347694397}, {'epoch': 12, 'best_score': 0.25720757246017456}, {'epoch': 13, 'best_score': 0.2648336887359619}, {'epoch': 14, 'best_score': 0.25116026401519775}, {'epoch': 15, 'best_score': 0.25227123498916626}, {'epoch': 16, 'best_score': 0.25227123498916626}, {'epoch': 17, 'best_score': 0.24368512630462646}, {'epoch': 18, 'best_score': 0.2409806251525879}, {'epoch': 19, 'best_score': 0.23493820428848267}, {'epoch': 20, 'best_score': 0.23271125555038452}, {'epoch': 21, 'best_score': 0.23699939250946045}, {'epoch': 22, 'best_score': 0.22873497009277344}, {'epoch': 23, 'best_score': 0.23159527778625488}, {'epoch': 24, 'best_score': 0.23270636796951294}, {'epoch': 25, 'best_score': 0.2260304093360901}, {'epoch': 26, 'best_score': 0.22889083623886108}, {'epoch': 27, 'best_score': 0.2234867811203003}, {'epoch': 28, 'best_score': 0.2234867811203003}, {'epoch': 29, 'best_score': 0.21983206272125244}, {'epoch': 30, 'best_score': 0.2247585654258728}, {'epoch': 31, 'best_score': 0.219354510307312}, {'epoch': 32, 'best_score': 0.2152222990989685}, {'epoch': 33, 'best_score': 0.20711374282836914}, {'epoch': 34, 'best_score': 0.20345908403396606}, {'epoch': 35, 'best_score': 0.20314228534698486}, {'epoch': 36, 'best_score': 0.20314228534698486}, {'epoch': 37, 'best_score': 0.20059865713119507}, {'epoch': 38, 'best_score': 0.20218724012374878}, {'epoch': 39, 'best_score': 0.20218724012374878}, {'epoch': 40, 'best_score': 0.20059865713119507}, {'epoch': 41, 'best_score': 0.19853252172470093}, {'epoch': 42, 'best_score': 0.19773823022842407}, {'epoch': 43, 'best_score': 0.19153988361358643}, {'epoch': 44, 'best_score': 0.190901517868042}, {'epoch': 45, 'best_score': 0.19265097379684448}, {'epoch': 46, 'best_score': 0.1870860457420349}, {'epoch': 47, 'best_score': 0.18915218114852905}, {'epoch': 48, 'best_score': 0.1894688606262207}, {'epoch': 49, 'best_score': 0.18581420183181763}]",domainnet,3,CDANN,features,256.0,0.8074381947517395,0.8074381947517395,0.49369075894355774,0.48549020290374756,splits_domainnet_CDANN_3_0_b09dc755c62e.npz,b09dc755c62e,False,False,0.24032042723631508,0.6488651535380507,0.2311737002744796,,,,0.650803203954216,logits_vs_features,features,IW residual DIS2 | W=2 | seed=0 (plug-in),True,
iw_residual_dis2,2.0,0.0,1700.0,8804.0,425.0,2203.0,0.8658823529411764,0.0,1.0,2.358501434326172,0.5,0.5,0.5993983745574951,0.22833284735679626,76.0,709.0,34.0,349.0,0.10917028749879801,0.27099409895596915,354.0,71.0,1606.0,597.0,ok,plugin,False,,361.625272542855,294.6837806869248,1.9926259524779821,0.9706675654931034,1.7803859920411347,0.7805695142378559,0.09320836503359696,0.20237865253239495,0.797621347467605,0.797621347467605,False,42.0,19.0,0.2018371820449829,0.6176470518112183,0.8194842338562012,"[{'epoch': 0, 'best_score': 0.15944713354110718}, {'epoch': 1, 'best_score': 0.14377212524414062}, {'epoch': 2, 'best_score': 0.14377212524414062}, {'epoch': 3, 'best_score': 0.11874264478683472}, {'epoch': 4, 'best_score': 0.129613995552063}, {'epoch': 5, 'best_score': 0.11242198944091797}, {'epoch': 6, 'best_score': 0.1217765212059021}, {'epoch': 7, 'best_score': 0.14183378219604492}, {'epoch': 8, 'best_score': 0.13686159253120422}, {'epoch': 9, 'best_score': 0.15118828415870667}, {'epoch': 10, 'best_score': 0.13686159253120422}, {'epoch': 11, 'best_score': 0.17200404405593872}, {'epoch': 12, 'best_score': 0.16264960169792175}, {'epoch': 13, 'best_score': 0.16551491618156433}, {'epoch': 14, 'best_score': 0.1683802306652069}, {'epoch': 15, 'best_score': 0.12101799249649048}, {'epoch': 16, 'best_score': 0.13247931003570557}, {'epoch': 17, 'best_score': 0.1116635799407959}, {'epoch': 18, 'best_score': 0.11452889442443848}, {'epoch': 19, 'best_score': 0.11090511083602905}, {'epoch': 20, 'best_score': 0.13955837488174438}, {'epoch': 21, 'best_score': 0.13955837488174438}, {'epoch': 22, 'best_score': 0.14242368936538696}, {'epoch': 23, 'best_score': 0.13382774591445923}, {'epoch': 24, 'best_score': 0.1481543779373169}, {'epoch': 25, 'best_score': 0.1567503809928894}, {'epoch': 26, 'best_score': 0.16248100996017456}, {'epoch': 27, 'best_score': 0.15312659740447998}, {'epoch': 28, 'best_score': 0.15312659740447998}, {'epoch': 29, 'best_score': 0.1502612829208374}, {'epoch': 30, 'best_score': 0.15885722637176514}, {'epoch': 31, 'best_score': 0.1617226004600525}, {'epoch': 32, 'best_score': 0.16745322942733765}, {'epoch': 33, 'best_score': 0.15599191188812256}, {'epoch': 34, 'best_score': 0.1617226004600525}, {'epoch': 35, 'best_score': 0.17031854391098022}, {'epoch': 36, 'best_score': 0.17891454696655273}, {'epoch': 37, 'best_score': 0.18464523553848267}, {'epoch': 38, 'best_score': 0.18464523553848267}, {'epoch': 39, 'best_score': 0.18751055002212524}, {'epoch': 40, 'best_score': 0.18751055002212524}, {'epoch': 41, 'best_score': 0.19897186756134033}, {'epoch': 42, 'best_score': 0.2018371820449829}, {'epoch': 43, 'best_score': 0.2018371820449829}, {'epoch': 44, 'best_score': 0.17529070377349854}, {'epoch': 45, 'best_score': 0.15734028816223145}, {'epoch': 46, 'best_score': 0.15734028816223145}, {'epoch': 47, 'best_score': 0.15734028816223145}, {'epoch': 48, 'best_score': 0.15447497367858887}, {'epoch': 49, 'best_score': 0.1279284954071045}]",living17,1,DANN,features,512.0,0.8994117379188538,0.8994117379188538,0.6758291721343994,0.6876986026763916,splits_living17_DANN_1_0_b09dc755c62e.npz,b09dc755c62e,False,False,0.18309859154929578,0.6197183098591549,0.16085120437870104,,,,0.797621347467605,logits_vs_features,features,IW residual DIS2 | W=2 | seed=0 (plug-in),True,
iw_residual_dis2,2.0,0.0,1700.0,68.0,425.0,19.0,0.8823529411764706,0.0,1.0,54.598148345947266,0.5,0.5,0.4745098352432251,0.2517836093902588,,,,,0.11549763969311724,0.0,425.0,0.0,19.0,0.0,ok,plugin,False,,417.43123633639254,424.73358854428574,1.0960320230876648,0.980617607750639,1.0244340116827149,,0.0,0.11549763969311724,0.8845023603068828,0.8845023603068828,False,,,,,,,living17,2,DANN,features,512.0,0.9094117283821106,0.9094117283821106,0.8970588445663452,0.8421052694320679,splits_living17_DANN_2_0_b09dc755c62e.npz,b09dc755c62e,True,False,,,,,,,0.8845023603068828,logits_vs_features,features,IW residual DIS2 | W=2 | seed=0 (plug-in),True,
iw_residual_dis2,2.0,0.0,1700.0,68.0,425.0,19.0,0.8894117647058823,0.0,1.0,40.14657211303711,0.5,0.5,0.4598039388656616,0.2498873770236969,,,,,0.10854470082859607,0.0,425.0,0.0,19.0,0.0,ok,plugin,False,,416.5155291691593,424.59386238895956,1.1081066495004241,0.9786472673782749,1.032276027480624,,0.0,0.10854470082859607,0.891455299171404,0.891455299171404,False,,,,,,,living17,3,DANN,features,512.0,0.9052940607070923,0.9052940607070923,0.5882353186607361,0.6842105388641357,splits_living17_DANN_3_0_b09dc755c62e.npz,b09dc755c62e,False,False,,,,,,,0.891455299171404,logits_vs_features,features,IW residual DIS2 | W=2 | seed=0 (plug-in),True,
iw_residual_dis2,2.0,0.0,1700.0,8804.0,425.0,2203.0,0.8894117647058823,0.0,1.0,0.9411579370498657,0.5,0.5,0.601169764995575,0.2327345460653305,50.0,476.0,28.0,237.0,0.11099662410096273,0.15660463004993191,388.0,37.0,1858.0,345.0,ok,plugin,False,,370.6541630392444,316.83338223150275,1.9922685765524561,0.9009004692077786,1.821537816350091,0.5304347826086957,0.049208082344714216,0.16020470644567694,0.839795293554323,0.839795293554323,False,2.0,6.0,0.4939722716808319,0.0714285746216774,0.5654008388519287,"[{'epoch': 0, 'best_score': 0.3393610417842865}, {'epoch': 1, 'best_score': 0.4523809552192688}, {'epoch': 2, 'best_score': 0.4939722716808319}, {'epoch': 3, 'best_score': 0.42902347445487976}, {'epoch': 4, 'best_score': 0.4225437045097351}, {'epoch': 5, 'best_score': 0.4413803219795227}, {'epoch': 6, 'best_score': 0.4329414963722229}, {'epoch': 7, 'best_score': 0.4329414963722229}, {'epoch': 8, 'best_score': 0.3972272276878357}, {'epoch': 9, 'best_score': 0.3930078148841858}, {'epoch': 10, 'best_score': 0.3741711676120758}, {'epoch': 11, 'best_score': 0.3699517548084259}, {'epoch': 12, 'best_score': 0.3868294060230255}, {'epoch': 13, 'best_score': 0.346895694732666}, {'epoch': 14, 'best_score': 0.3280590772628784}, {'epoch': 15, 'best_score': 0.3322784900665283}, {'epoch': 16, 'best_score': 0.30922242999076843}, {'epoch': 17, 'best_score': 0.32188060879707336}, {'epoch': 18, 'best_score': 0.28616634011268616}, {'epoch': 19, 'best_score': 0.28616634011268616}, {'epoch': 20, 'best_score': 0.2715491056442261}, {'epoch': 21, 'best_score': 0.23583483695983887}, {'epoch': 22, 'best_score': 0.24005424976348877}, {'epoch': 23, 'best_score': 0.2569319009780884}, {'epoch': 24, 'best_score': 0.2569319009780884}, {'epoch': 25, 'best_score': 0.24849307537078857}, {'epoch': 26, 'best_score': 0.24849307537078857}, {'epoch': 27, 'best_score': 0.2527124881744385}, {'epoch': 28, 'best_score': 0.2569319009780884}, {'epoch': 29, 'best_score': 0.2465340793132782}, {'epoch': 30, 'best_score': 0.2549728453159332}, {'epoch': 31, 'best_score': 0.2949065566062927}, {'epoch': 32, 'best_score': 0.2991259694099426}, {'epoch': 33, 'best_score': 0.2991259694099426}, {'epoch': 34, 'best_score': 0.2864677309989929}, {'epoch': 35, 'best_score': 0.28450873494148254}, {'epoch': 36, 'best_score': 0.28028932213783264}, {'epoch': 37, 'best_score': 0.28450873494148254}, {'epoch': 38, 'best_score': 0.26567211747169495}, {'epoch': 39, 'best_score': 0.27411094307899475}, {'epoch': 40, 'best_score': 0.26145270466804504}, {'epoch': 41, 'best_score': 0.26989153027534485}, {'epoch': 42, 'best_score': 0.25301387906074524}, {'epoch': 43, 'best_score': 0.22573840618133545}, {'epoch': 44, 'best_score': 0.22573840618133545}, {'epoch': 45, 'best_score': 0.20690178871154785}, {'epoch': 46, 'best_score': 0.21534055471420288}, {'epoch': 47, 'best_score': 0.2279987931251526}, {'epoch': 48, 'best_score': 0.1922844648361206}, {'epoch': 49, 'best_score': 0.1965038776397705}]",living17,1,CDANN,features,256.0,0.9052940607070923,0.9052940607070923,0.6863925457000732,0.6981388926506042,splits_living17_CDANN_1_0_b09dc755c62e.npz,b09dc755c62e,False,False,0.21621621621621623,0.43243243243243246,0.09800235017626324,,,,0.839795293554323,logits_vs_features,features,IW residual DIS2 | W=2 | seed=0 (plug-in),True,
iw_residual_dis2,2.0,0.0,1700.0,68.0,425.0,19.0,0.8917647058823529,0.0,1.0,54.598148345947266,0.5,0.5,0.4421568810939789,0.2509284019470215,,,,,0.10602154727486353,0.0,425.0,0.0,19.0,0.0,ok,plugin,False,,418.2454995415853,424.71056521312704,1.0635932790671974,0.9855853808564433,1.0206423120810855,,0.0,0.10602154727486353,0.8939784527251364,0.8939784527251364,False,,,,,,,living17,2,CDANN,features,256.0,0.9094117283821106,0.9094117283821106,0.8676470518112183,0.8421052694320679,splits_living17_CDANN_2_0_b09dc755c62e.npz,b09dc755c62e,False,False,,,,,,,0.8939784527251364,logits_vs_features,features,IW residual DIS2 | W=2 | seed=0 (plug-in),True,
iw_residual_dis2,2.0,0.0,1700.0,68.0,425.0,19.0,0.8823529411764706,0.0,1.0,10.31087875366211,0.5,0.5,0.5941176414489746,0.2489180862903595,,,,,0.10872907828318044,0.0,425.0,0.0,19.0,0.0,ok,plugin,False,,392.28334667577496,417.896727395976,1.2470679996167506,0.916657293594045,1.1190605004261212,,0.0,0.10872907828318044,0.8912709217168195,0.8912709217168195,False,,,,,,,living17,3,CDANN,features,256.0,0.9052940607070923,0.9052940607070923,0.5588235259056091,0.6315789222717285,splits_living17_CDANN_3_0_b09dc755c62e.npz,b09dc755c62e,False,False,,,,,,,0.8912709217168195,logits_vs_features,features,IW residual DIS2 | W=2 | seed=0 (plug-in),True,
iw_residual_dis2,2.0,0.0,2600.0,13282.0,650.0,3322.0,0.8046153846153846,0.0,1.0,3.8708994388580322,0.5,0.5,0.6090245246887207,0.2385123372077942,30.0,475.0,18.0,227.0,0.20859056273910268,0.12372065021071643,627.0,23.0,2911.0,411.0,ok,plugin,False,,659.8316879003993,561.4622894411041,1.997527260845379,1.0165472266913782,1.7218785025963366,0.948905109489051,0.020574300447608815,0.22916486318671148,0.7708351368132885,0.7708351368132885,False,31.0,2.0,0.1781693696975708,0.7777777910232544,0.9559471607208252,"[{'epoch': 0, 'best_score': 0.10499268770217896}, {'epoch': 1, 'best_score': 0.12261384725570679}, {'epoch': 2, 'best_score': 0.11380326747894287}, {'epoch': 3, 'best_score': 0.08296626806259155}, {'epoch': 4, 'best_score': 0.09177684783935547}, {'epoch': 5, 'best_score': 0.10768479108810425}, {'epoch': 6, 'best_score': 0.1032794713973999}, {'epoch': 7, 'best_score': 0.1032794713973999}, {'epoch': 8, 'best_score': 0.10768479108810425}, {'epoch': 9, 'best_score': 0.1235927939414978}, {'epoch': 10, 'best_score': 0.11918747425079346}, {'epoch': 11, 'best_score': 0.16324037313461304}, {'epoch': 12, 'best_score': 0.11209005117416382}, {'epoch': 13, 'best_score': 0.11649531126022339}, {'epoch': 14, 'best_score': 0.12090063095092773}, {'epoch': 15, 'best_score': 0.1253058910369873}, {'epoch': 16, 'best_score': 0.12971121072769165}, {'epoch': 17, 'best_score': 0.13411647081375122}, {'epoch': 18, 'best_score': 0.13411647081375122}, {'epoch': 19, 'best_score': 0.13852179050445557}, {'epoch': 20, 'best_score': 0.14292705059051514}, {'epoch': 21, 'best_score': 0.14733237028121948}, {'epoch': 22, 'best_score': 0.14733237028121948}, {'epoch': 23, 'best_score': 0.15173763036727905}, {'epoch': 24, 'best_score': 0.15173763036727905}, {'epoch': 25, 'best_score': 0.15614289045333862}, {'epoch': 26, 'best_score': 0.16495347023010254}, {'epoch': 27, 'best_score': 0.16935878992080688}, {'epoch': 28, 'best_score': 0.17376405000686646}, {'epoch': 29, 'best_score': 0.17376405000686646}, {'epoch': 30, 'best_score': 0.17376405000686646}, {'epoch': 31, 'best_score': 0.1781693696975708}, {'epoch': 32, 'best_score': 0.17376405000686646}, {'epoch': 33, 'best_score': 0.12701910734176636}, {'epoch': 34, 'best_score': 0.13142436742782593}, {'epoch': 35, 'best_score': 0.13582968711853027}, {'epoch': 36, 'best_score': 0.13582968711853027}, {'epoch': 37, 'best_score': 0.08027410507202148}, {'epoch': 38, 'best_score': 0.08467936515808105}, {'epoch': 39, 'best_score': 0.08467936515808105}, {'epoch': 40, 'best_score': 0.08027410507202148}, {'epoch': 41, 'best_score': 0.08467936515808105}, {'epoch': 42, 'best_score': 0.08467936515808105}, {'epoch': 43, 'best_score': 0.08467936515808105}, {'epoch': 44, 'best_score': 0.0890846848487854}, {'epoch': 45, 'best_score': 0.0890846848487854}, {'epoch': 46, 'best_score': 0.0890846848487854}, {'epoch': 47, 'best_score': 0.0890846848487854}, {'epoch': 48, 'best_score': 0.03793442249298096}, {'epoch': 49, 'best_score': 0.03793442249298096}]",nonliving26,1,DANN,features,512.0,0.8126922845840454,0.8126922845840454,0.5122722387313843,0.5192654728889465,splits_nonliving26_DANN_1_0_b09dc755c62e.npz,b09dc755c62e,False,False,0.13043478260869565,0.9130434782608695,0.035861631228181534,,,,0.7708351368132885,logits_vs_features,features,IW residual DIS2 | W=2 | seed=0 (plug-in),True,
iw_residual_dis2,2.0,0.0,2600.0,104.0,650.0,28.0,0.8292307692307692,0.0,1.0,9.035787582397461,0.5,0.5,0.5865384936332703,0.24835780262947083,,,,,0.159961326333279,0.0,650.0,0.0,28.0,0.0,ok,plugin,False,,604.3711312695544,634.604737084445,1.780970058786834,0.9172193556204155,1.1646644263832953,,0.0,0.159961326333279,0.840038673666721,0.840038673666721,False,,,,,,,nonliving26,2,DANN,features,512.0,0.8176922798156738,0.8176922798156738,0.75,0.7142857313156128,splits_nonliving26_DANN_2_0_b09dc755c62e.npz,b09dc755c62e,False,False,,,,,,,0.840038673666721,logits_vs_features,features,IW residual DIS2 | W=2 | seed=0 (plug-in),True,
iw_residual_dis2,2.0,0.0,2600.0,104.0,650.0,28.0,0.8246153846153846,0.0,1.0,54.598148345947266,0.5,0.5,0.5230768918991089,0.251219242811203,,,,,0.17369137256296222,0.0,650.0,0.0,28.0,0.0,ok,plugin,False,,639.8040415148071,649.588448519712,1.0649764653148253,0.9828991046709952,1.026744095998503,,0.0,0.17369137256296222,0.8263086274370378,0.8263086274370378,False,,,,,,,nonliving26,3,DANN,features,512.0,0.8146153688430786,0.8146153688430786,0.4038461744785309,0.3214285969734192,splits_nonliving26_DANN_3_0_b09dc755c62e.npz,b09dc755c62e,False,False,,,,,,,0.8263086274370378,logits_vs_features,features,IW residual DIS2 | W=2 | seed=0 (plug-in),True,
iw_residual_dis2,2.0,0.0,2600.0,13282.0,650.0,3322.0,0.8169230769230769,0.0,1.0,1.2974092960357666,0.5,0.5,0.5941033363342285,0.23849940299987793,36.0,383.0,18.0,176.0,0.18709797961776828,0.10264900662251655,630.0,20.0,2981.0,341.0,ok,plugin,False,,610.4880432527859,554.8984177133215,1.9954838913762656,0.9231042371429043,1.6220316023488377,0.6334310850439883,0.05475617098133655,0.2418541505991048,0.7581458494008952,0.7581458494008952,False,4.0,8.0,0.4141414165496826,0.2222222238779068,0.6363636255264282,"[{'epoch': 0, 'best_score': 0.34090906381607056}, {'epoch': 1, 'best_score': 0.37689390778541565}, {'epoch': 2, 'best_score': 0.38699495792388916}, {'epoch': 3, 'best_score': 0.36994946002960205}, {'epoch': 4, 'best_score': 0.4141414165496826}, {'epoch': 5, 'best_score': 0.2973484694957733}, {'epoch': 6, 'best_score': 0.3030302822589874}, {'epoch': 7, 'best_score': 0.30871209502220154}, {'epoch': 8, 'best_score': 0.26452016830444336}, {'epoch': 9, 'best_score': 0.25883835554122925}, {'epoch': 10, 'best_score': 0.26578280329704285}, {'epoch': 11, 'best_score': 0.28282830119132996}, {'epoch': 12, 'best_score': 0.28851011395454407}, {'epoch': 13, 'best_score': 0.2443181872367859}, {'epoch': 14, 'best_score': 0.2556818127632141}, {'epoch': 15, 'best_score': 0.2556818127632141}, {'epoch': 16, 'best_score': 0.26704543828964233}, {'epoch': 17, 'best_score': 0.21275252103805542}, {'epoch': 18, 'best_score': 0.21843433380126953}, {'epoch': 19, 'best_score': 0.22411614656448364}, {'epoch': 20, 'best_score': 0.23547983169555664}, {'epoch': 21, 'best_score': 0.24684345722198486}, {'epoch': 22, 'best_score': 0.24684345722198486}, {'epoch': 23, 'best_score': 0.2083333134651184}, {'epoch': 24, 'best_score': 0.21401512622833252}, {'epoch': 25, 'best_score': 0.21401512622833252}, {'epoch': 26, 'best_score': 0.21969693899154663}, {'epoch': 27, 'best_score': 0.21969693899154663}, {'epoch': 28, 'best_score': 0.21969693899154663}, {'epoch': 29, 'best_score': 0.23106056451797485}, {'epoch': 30, 'best_score': 0.23106056451797485}, {'epoch': 31, 'best_score': 0.23106056451797485}, {'epoch': 32, 'best_score': 0.2638888955116272}, {'epoch': 33, 'best_score': 0.2695707082748413}, {'epoch': 34, 'best_score': 0.28661614656448364}, {'epoch': 35, 'best_score': 0.28661614656448364}, {'epoch': 36, 'best_score': 0.29229795932769775}, {'epoch': 37, 'best_score': 0.29229795932769775}, {'epoch': 38, 'best_score': 0.29229795932769775}, {'epoch': 39, 'best_score': 0.29229795932769775}, {'epoch': 40, 'best_score': 0.29229795932769775}, {'epoch': 41, 'best_score': 0.29229795932769775}, {'epoch': 42, 'best_score': 0.29229795932769775}, {'epoch': 43, 'best_score': 0.29797983169555664}, {'epoch': 44, 'best_score': 0.29229795932769775}, {'epoch': 45, 'best_score': 0.29797983169555664}, {'epoch': 46, 'best_score': 0.29229795932769775}, {'epoch': 47, 'best_score': 0.29797983169555664}, {'epoch': 48, 'best_score': 0.29797983169555664}, {'epoch': 49, 'best_score': 0.2594696879386902}]",nonliving26,1,CDANN,features,256.0,0.8176922798156738,0.8176922798156738,0.5332028269767761,0.5352197289466858,splits_nonliving26_CDANN_1_0_b09dc755c62e.npz,b09dc755c62e,False,False,0.1,0.2,0.43343108504398825,,,,0.7581458494008952,logits_vs_features,features,IW residual DIS2 | W=2 | seed=0 (plug-in),True,
iw_residual_dis2,2.0,0.0,2600.0,104.0,650.0,28.0,0.8138461538461539,0.0,1.0,54.598148345947266,0.5,0.5,0.4942307770252228,0.2516893148422241,,,,,0.18415928333478168,0.0,650.0,0.0,28.0,0.0,ok,plugin,False,,642.9913014628156,649.5601622048828,1.080287744833805,0.9902858607274048,1.029761176121253,,0.0,0.18415928333478168,0.8158407166652183,0.8158407166652183,False,,,,,,,nonliving26,2,CDANN,features,256.0,0.8165384531021118,0.8165384531021118,0.7692307829856873,0.7500000596046448,splits_nonliving26_CDANN_2_0_b09dc755c62e.npz,b09dc755c62e,False,False,,,,,,,0.8158407166652183,logits_vs_features,features,IW residual DIS2 | W=2 | seed=0 (plug-in),True,
iw_residual_dis2,2.0,0.0,2600.0,104.0,650.0,28.0,0.8123076923076923,0.0,1.0,54.598148345947266,0.5,0.5,0.550000011920929,0.25091516971588135,,,,,0.18447659989760018,0.0,650.0,0.0,28.0,0.0,ok,plugin,False,,640.4589888826333,649.4654857898887,1.0878023218238284,0.9873696835896658,1.0266878673622692,,0.0,0.18447659989760018,0.8155234001023999,0.8155234001023999,False,,,,,,,nonliving26,3,CDANN,features,256.0,0.822692334651947,0.822692334651947,0.4038461744785309,0.3214285969734192,splits_nonliving26_CDANN_3_0_b09dc755c62e.npz,b09dc755c62e,False,False,,,,,,,0.8155234001023999,logits_vs_features,features,IW residual DIS2 | W=2 | seed=0 (plug-in),True,
iw_residual_dis2,2.0,0.0,11745.0,35070.0,2938.0,8768.0,0.6388699795779442,0.0,1.0,2.791534662246704,0.5,0.5,0.568637490272522,0.24194462597370148,81.0,450.0,44.0,227.0,0.35111778444968694,0.0448220802919708,2863.0,75.0,8375.0,393.0,ok,plugin,False,,2863.3654624249084,2567.83055863704,1.9991493570071295,0.9619332491456221,1.6444286780978952,0.8269720101781171,0.010770985401459853,0.3618887698511468,0.6381112301488532,0.6381112301488532,False,4.0,18.0,0.1581898331642151,0.7272727489471436,0.8854625821113586,"[{'epoch': 0, 'best_score': 0.11063277721405029}, {'epoch': 1, 'best_score': 0.08790546655654907}, {'epoch': 2, 'best_score': 0.1347617506980896}, {'epoch': 3, 'best_score': 0.12665200233459473}, {'epoch': 4, 'best_score': 0.1581898331642151}, {'epoch': 5, 'best_score': 0.12224668264389038}, {'epoch': 6, 'best_score': 0.15008008480072021}, {'epoch': 7, 'best_score': 0.11413693428039551}, {'epoch': 8, 'best_score': 0.1551862359046936}, {'epoch': 9, 'best_score': 0.1361633539199829}, {'epoch': 10, 'best_score': 0.14126956462860107}, {'epoch': 11, 'best_score': 0.127352774143219}, {'epoch': 12, 'best_score': 0.13175809383392334}, {'epoch': 13, 'best_score': 0.09070885181427002}, {'epoch': 14, 'best_score': 0.1127353310585022}, {'epoch': 15, 'best_score': 0.09441328048706055}, {'epoch': 16, 'best_score': 0.09811776876449585}, {'epoch': 17, 'best_score': 0.08860635757446289}, {'epoch': 18, 'best_score': 0.09301161766052246}, {'epoch': 19, 'best_score': 0.08860635757446289}, {'epoch': 20, 'best_score': 0.08860635757446289}, {'epoch': 21, 'best_score': 0.09301161766052246}, {'epoch': 22, 'best_score': 0.0835002064704895}, {'epoch': 23, 'best_score': 0.0835002064704895}, {'epoch': 24, 'best_score': 0.0835002064704895}, {'epoch': 25, 'best_score': 0.0835002064704895}, {'epoch': 26, 'best_score': 0.08790546655654907}, {'epoch': 27, 'best_score': 0.08790546655654907}, {'epoch': 28, 'best_score': 0.09231078624725342}, {'epoch': 29, 'best_score': 0.09231078624725342}, {'epoch': 30, 'best_score': 0.08790546655654907}, {'epoch': 31, 'best_score': 0.09671604633331299}, {'epoch': 32, 'best_score': 0.09671604633331299}, {'epoch': 33, 'best_score': 0.09671604633331299}, {'epoch': 34, 'best_score': 0.09231078624725342}, {'epoch': 35, 'best_score': 0.09231078624725342}, {'epoch': 36, 'best_score': 0.07909488677978516}, {'epoch': 37, 'best_score': 0.07909488677978516}, {'epoch': 38, 'best_score': 0.0835002064704895}, {'epoch': 39, 'best_score': 0.08790546655654907}, {'epoch': 40, 'best_score': 0.09231078624725342}, {'epoch': 41, 'best_score': 0.09231078624725342}, {'epoch': 42, 'best_score': 0.07398879528045654}, {'epoch': 43, 'best_score': 0.07398879528045654}, {'epoch': 44, 'best_score': 0.07398879528045654}, {'epoch': 45, 'best_score': 0.07398879528045654}, {'epoch': 46, 'best_score': 0.08790546655654907}, {'epoch': 47, 'best_score': 0.08790546655654907}, {'epoch': 48, 'best_score': 0.08790546655654907}, {'epoch': 49, 'best_score': 0.0835002064704895}]",fmow,1,DANN,features,1024.0,0.6519370079040527,0.6519370079040527,0.6103222370147705,0.6077782511711121,splits_fmow_DANN_1_0_b09dc755c62e.npz,b09dc755c62e,False,False,0.24,0.8266666666666667,0.0003053435114503955,,,,0.6381112301488532,logits_vs_features,features,IW residual DIS2 | W=2 | seed=0 (plug-in),True,
iw_residual_dis2,2.0,0.0,11745.0,39088.0,2938.0,9774.0,0.6344452008168822,0.0,1.0,2.340001106262207,0.5,0.5,0.5912741422653198,0.2374826967716217,188.0,1428.0,92.0,714.0,0.3359411595237747,0.1170452220175977,2791.0,147.0,8630.0,1144.0,ok,plugin,False,,2664.2734325253796,2401.105963967371,1.9914013405468038,0.8981422398737701,1.6971556007545563,0.8076923076923077,0.044374287468210115,0.3803154469919848,0.6196845530080153,0.6196845530080153,False,5.0,7.0,0.12407135963439941,0.6630434989929199,0.7871148586273193,"[{'epoch': 0, 'best_score': 0.026336610317230225}, {'epoch': 1, 'best_score': 0.06494331359863281}, {'epoch': 2, 'best_score': 0.10047495365142822}, {'epoch': 3, 'best_score': 0.11420655250549316}, {'epoch': 4, 'best_score': 0.1152721643447876}, {'epoch': 5, 'best_score': 0.12407135963439941}, {'epoch': 6, 'best_score': 0.10586404800415039}, {'epoch': 7, 'best_score': 0.110065758228302}, {'epoch': 8, 'best_score': 0.10446351766586304}, {'epoch': 9, 'best_score': 0.08586043119430542}, {'epoch': 10, 'best_score': 0.08686518669128418}, {'epoch': 11, 'best_score': 0.09947019815444946}, {'epoch': 12, 'best_score': 0.09319812059402466}, {'epoch': 13, 'best_score': 0.06546097993850708}, {'epoch': 14, 'best_score': 0.06719642877578735}, {'epoch': 15, 'best_score': 0.08120203018188477}, {'epoch': 16, 'best_score': 0.07453417778015137}, {'epoch': 17, 'best_score': 0.08853977918624878}, {'epoch': 18, 'best_score': 0.07380342483520508}, {'epoch': 19, 'best_score': 0.05906713008880615}, {'epoch': 20, 'best_score': 0.06326878070831299}, {'epoch': 21, 'best_score': 0.060802578926086426}, {'epoch': 22, 'best_score': 0.05413472652435303}, {'epoch': 23, 'best_score': 0.05833637714385986}, {'epoch': 24, 'best_score': 0.06253808736801147}, {'epoch': 25, 'best_score': 0.06567412614822388}, {'epoch': 26, 'best_score': 0.07234197854995728}, {'epoch': 27, 'best_score': 0.07234197854995728}, {'epoch': 28, 'best_score': 0.07654368877410889}, {'epoch': 29, 'best_score': 0.07654368877410889}, {'epoch': 30, 'best_score': 0.07794421911239624}, {'epoch': 31, 'best_score': 0.0758129358291626}, {'epoch': 32, 'best_score': 0.07407748699188232}, {'epoch': 33, 'best_score': 0.07827913761138916}, {'epoch': 34, 'best_score': 0.0768786072731018}, {'epoch': 35, 'best_score': 0.07827913761138916}, {'epoch': 36, 'best_score': 0.07827913761138916}, {'epoch': 37, 'best_score': 0.07967972755432129}, {'epoch': 38, 'best_score': 0.08248084783554077}, {'epoch': 39, 'best_score': 0.07441240549087524}, {'epoch': 40, 'best_score': 0.0758129358291626}, {'epoch': 41, 'best_score': 0.0758129358291626}, {'epoch': 42, 'best_score': 0.07301181554794312}, {'epoch': 43, 'best_score': 0.07441240549087524}, {'epoch': 44, 'best_score': 0.0758129358291626}, {'epoch': 45, 'best_score': 0.07721352577209473}, {'epoch': 46, 'best_score': 0.06387770175933838}, {'epoch': 47, 'best_score': 0.06527823209762573}, {'epoch': 48, 'best_score': 0.06527823209762573}, {'epoch': 49, 'best_score': 0.061076581478118896}]",fmow,2,DANN,features,1024.0,0.6504895687103271,0.6504895687103271,0.5482756495475769,0.5545324683189392,splits_fmow_DANN_2_0_b09dc755c62e.npz,b09dc755c62e,False,False,0.3401360544217687,0.7687074829931972,0.038984824699110465,,,,0.6196845530080153,logits_vs_features,features,IW residual DIS2 | W=2 | seed=0 (plug-in),True,
iw_residual_dis2,2.0,0.0,11745.0,35070.0,2938.0,8768.0,0.6466984343090538,0.0,1.0,1.671094298362732,0.5,0.5,0.5595880150794983,0.24499325454235077,17.0,45.0,8.0,18.0,0.3388494192688913,0.006843065693430657,2929.0,9.0,8708.0,60.0,ok,plugin,False,,2900.2709913374756,2711.2004717031086,1.9565678127816846,0.9679498439046721,1.4912284231090942,0.85,0.0020149026763990273,0.3408643219452903,0.6591356780547097,0.6591356780547097,False,2.0,3.0,0.4444444179534912,0.5,0.9444444179534912,"[{'epoch': 0, 'best_score': 0.25}, {'epoch': 1, 'best_score': 0.4027777910232544}, {'epoch': 2, 'best_score': 0.4444444179534912}, {'epoch': 3, 'best_score': 0.4027777910232544}, {'epoch': 4, 'best_score': 0.3472222089767456}, {'epoch': 5, 'best_score': 0.3472222089767456}, {'epoch': 6, 'best_score': 0.3888888955116272}, {'epoch': 7, 'best_score': 0.3888888955116272}, {'epoch': 8, 'best_score': 0.2638888955116272}, {'epoch': 9, 'best_score': 0.2638888955116272}, {'epoch': 10, 'best_score': 0.2083333134651184}, {'epoch': 11, 'best_score': 0.2638888955116272}, {'epoch': 12, 'best_score': 0.1666666865348816}, {'epoch': 13, 'best_score': 0.1666666865348816}, {'epoch': 14, 'best_score': 0.1388888955116272}, {'epoch': 15, 'best_score': 0.1944444179534912}, {'epoch': 16, 'best_score': 0.2638888955116272}, {'epoch': 17, 'best_score': 0.2638888955116272}, {'epoch': 18, 'best_score': 0.2638888955116272}, {'epoch': 19, 'best_score': 0.3194444179534912}, {'epoch': 20, 'best_score': 0.2638888955116272}, {'epoch': 21, 'best_score': 0.2638888955116272}, {'epoch': 22, 'best_score': 0.3194444179534912}, {'epoch': 23, 'best_score': 0.3194444179534912}, {'epoch': 24, 'best_score': 0.1944444179534912}, {'epoch': 25, 'best_score': 0.1944444179534912}, {'epoch': 26, 'best_score': 0.25}, {'epoch': 27, 'best_score': 0.25}, {'epoch': 28, 'best_score': 0.25}, {'epoch': 29, 'best_score': 0.25}, {'epoch': 30, 'best_score': 0.25}, {'epoch': 31, 'best_score': 0.1944444179534912}, {'epoch': 32, 'best_score': 0.1944444179534912}, {'epoch': 33, 'best_score': 0.1944444179534912}, {'epoch': 34, 'best_score': 0.1944444179534912}, {'epoch': 35, 'best_score': 0.1944444179534912}, {'epoch': 36, 'best_score': 0.1944444179534912}, {'epoch': 37, 'best_score': 0.1944444179534912}, {'epoch': 38, 'best_score': 0.1944444179534912}, {'epoch': 39, 'best_score': 0.1944444179534912}, {'epoch': 40, 'best_score': 0.1944444179534912}, {'epoch': 41, 'best_score': 0.1944444179534912}, {'epoch': 42, 'best_score': 0.1944444179534912}, {'epoch': 43, 'best_score': 0.1944444179534912}, {'epoch': 44, 'best_score': 0.1944444179534912}, {'epoch': 45, 'best_score': 0.1944444179534912}, {'epoch': 46, 'best_score': 0.1944444179534912}, {'epoch': 47, 'best_score': 0.1944444179534912}, {'epoch': 48, 'best_score': 0.1944444179534912}, {'epoch': 49, 'best_score': 0.1944444179534912}]",fmow,1,CDANN,features,256.0,0.6558535695075989,0.6558535695075989,0.605617344379425,0.6010492444038391,splits_fmow_CDANN_1_0_b09dc755c62e.npz,b09dc755c62e,False,False,0.3333333333333333,0.8888888888888888,-0.03888888888888886,,,,0.6591356780547097,logits_vs_features,features,IW residual DIS2 | W=2 | seed=0 (plug-in),True,
iw_residual_dis2,2.0,0.0,11745.0,39088.0,2938.0,9774.0,0.6446562287270252,0.0,1.0,1.1306838989257812,0.5,0.5,0.587967038154602,0.23830637335777283,147.0,977.0,64.0,492.0,0.32217067237267766,0.08256599140577041,2821.0,117.0,8967.0,807.0,ok,plugin,False,,2672.8005889302667,2426.9615682084823,1.9879793250209443,0.8885867581795178,1.6687435351181366,0.8785625774473358,0.030903548398944346,0.353074220771622,0.646925779228378,0.646925779228378,False,1.0,28.0,0.05678355693817139,0.796875,0.8536585569381714,"[{'epoch': 0, 'best_score': 0.051067054271698}, {'epoch': 1, 'best_score': 0.05678355693817139}, {'epoch': 2, 'best_score': 0.054751038551330566}, {'epoch': 3, 'best_score': 0.055513203144073486}, {'epoch': 4, 'best_score': 0.027057945728302002}, {'epoch': 5, 'best_score': 0.02299290895462036}, {'epoch': 6, 'best_score': 0.016260147094726562}, {'epoch': 7, 'best_score': 0.016260147094726562}, {'epoch': 8, 'best_score': 0.004065036773681641}, {'epoch': 9, 'best_score': -0.004700183868408203}, {'epoch': 10, 'best_score': 0.004065036773681641}, {'epoch': 11, 'best_score': 0.008130073547363281}, {'epoch': 12, 'best_score': 0.010162591934204102}, {'epoch': 13, 'best_score': 0.0006351470947265625}, {'epoch': 14, 'best_score': 0.004700183868408203}, {'epoch': 15, 'best_score': 0.011432945728302002}, {'epoch': 16, 'best_score': 0.005335390567779541}, {'epoch': 17, 'best_score': 0.013465464115142822}, {'epoch': 18, 'best_score': 0.018800795078277588}, {'epoch': 19, 'best_score': 0.03849083185195923}, {'epoch': 20, 'best_score': 0.04662090539932251}, {'epoch': 21, 'best_score': 0.048653483390808105}, {'epoch': 22, 'best_score': 0.04115855693817139}, {'epoch': 23, 'best_score': 0.04522359371185303}, {'epoch': 24, 'best_score': 0.029598593711853027}, {'epoch': 25, 'best_score': 0.03163111209869385}, {'epoch': 26, 'best_score': 0.03366363048553467}, {'epoch': 27, 'best_score': 0.03772866725921631}, {'epoch': 28, 'best_score': 0.03226625919342041}, {'epoch': 29, 'best_score': 0.03226625919342041}, {'epoch': 30, 'best_score': 0.03429877758026123}, {'epoch': 31, 'best_score': 0.02820122241973877}, {'epoch': 32, 'best_score': 0.02820122241973877}, {'epoch': 33, 'best_score': 0.030868887901306152}, {'epoch': 34, 'best_score': 0.03493392467498779}, {'epoch': 35, 'best_score': 0.02680385112762451}, {'epoch': 36, 'best_score': 0.030868887901306152}, {'epoch': 37, 'best_score': 0.02477133274078369}, {'epoch': 38, 'best_score': 0.028836369514465332}, {'epoch': 39, 'best_score': 0.030868887901306152}, {'epoch': 40, 'best_score': 0.030868887901306152}, {'epoch': 41, 'best_score': 0.038998961448669434}, {'epoch': 42, 'best_score': 0.038998961448669434}, {'epoch': 43, 'best_score': 0.03290140628814697}, {'epoch': 44, 'best_score': 0.041031479835510254}, {'epoch': 45, 'best_score': 0.03150409460067749}, {'epoch': 46, 'best_score': 0.029471516609191895}, {'epoch': 47, 'best_score': 0.025406479835510254}, {'epoch': 48, 'best_score': 0.026041686534881592}, {'epoch': 49, 'best_score': 0.028074204921722412}]",fmow,2,CDANN,features,256.0,0.6548318862915039,0.6548318862915039,0.5420845150947571,0.5445058345794678,splits_fmow_CDANN_2_0_b09dc755c62e.npz,b09dc755c62e,False,False,0.29914529914529914,0.8034188034188035,0.07514377402853234,,,,0.646925779228378,logits_vs_features,features,IW residual DIS2 | W=2 | seed=0 (plug-in),True,
iw_residual_dis2,2.0,0.0,731.0,898.0,184.0,227.0,0.9239130434782609,0.0,1.0,17.045732498168945,0.5,0.5,0.6028167009353638,0.2415096014738083,7.0,19.0,3.0,8.0,0.0741366718739551,0.07048458149779736,176.0,8.0,211.0,16.0,ok,plugin,False,,172.24008983226219,157.533145179589,1.987694139259557,0.913626006093266,1.6408740683697638,0.9375,0.013215859030837006,0.08735253090479211,0.9126474690952079,0.9126474690952079,False,8.0,6.0,0.3333333134651184,0.6666666865348816,1.0,"[{'epoch': 0, 'best_score': 0.0}, {'epoch': 1, 'best_score': 0.0}, {'epoch': 2, 'best_score': 0.0}, {'epoch': 3, 'best_score': 0.0}, {'epoch': 4, 'best_score': 0.0}, {'epoch': 5, 'best_score': 0.0}, {'epoch': 6, 'best_score': 0.0}, {'epoch': 7, 'best_score': 0.0}, {'epoch': 8, 'best_score': 0.3333333134651184}, {'epoch': 9, 'best_score': 0.3333333134651184}, {'epoch': 10, 'best_score': 0.3333333134651184}, {'epoch': 11, 'best_score': 0.3333333134651184}, {'epoch': 12, 'best_score': 0.3333333134651184}, {'epoch': 13, 'best_score': 0.3333333134651184}, {'epoch': 14, 'best_score': 0.3333333134651184}, {'epoch': 15, 'best_score': 0.3333333134651184}, {'epoch': 16, 'best_score': 0.3333333134651184}, {'epoch': 17, 'best_score': 0.3333333134651184}, {'epoch': 18, 'best_score': 0.3333333134651184}, {'epoch': 19, 'best_score': 0.3333333134651184}, {'epoch': 20, 'best_score': 0.3333333134651184}, {'epoch': 21, 'best_score': 0.3333333134651184}, {'epoch': 22, 'best_score': 0.3333333134651184}, {'epoch': 23, 'best_score': 0.3333333134651184}, {'epoch': 24, 'best_score': 0.3333333134651184}, {'epoch': 25, 'best_score': 0.3333333134651184}, {'epoch': 26, 'best_score': 0.3333333134651184}, {'epoch': 27, 'best_score': 0.3333333134651184}, {'epoch': 28, 'best_score': 0.3333333134651184}, {'epoch': 29, 'best_score': 0.3333333134651184}, {'epoch': 30, 'best_score': 0.3333333134651184}, {'epoch': 31, 'best_score': 0.3333333134651184}, {'epoch': 32, 'best_score': 0.3333333134651184}, {'epoch': 33, 'best_score': 0.3333333134651184}, {'epoch': 34, 'best_score': 0.3333333134651184}, {'epoch': 35, 'best_score': 0.3333333134651184}, {'epoch': 36, 'best_score': 0.3333333134651184}, {'epoch': 37, 'best_score': 0.3333333134651184}, {'epoch': 38, 'best_score': 0.3333333134651184}, {'epoch': 39, 'best_score': 0.3333333134651184}, {'epoch': 40, 'best_score': 0.3333333134651184}, {'epoch': 41, 'best_score': 0.3333333134651184}, {'epoch': 42, 'best_score': 0.3333333134651184}, {'epoch': 43, 'best_score': 0.3333333134651184}, {'epoch': 44, 'best_score': 0.3333333134651184}, {'epoch': 45, 'best_score': 0.3333333134651184}, {'epoch': 46, 'best_score': 0.3333333134651184}, {'epoch': 47, 'best_score': 0.3333333134651184}, {'epoch': 48, 'best_score': 0.3333333134651184}, {'epoch': 49, 'best_score': 0.3333333134651184}]",officehome,1,DANN,features,2048.0,0.922024667263031,0.922024667263031,0.7193763852119446,0.7268722057342529,splits_officehome_DANN_1_0_b09dc755c62e.npz,b09dc755c62e,False,False,0.0,0.75,0.1875,,,,0.9126474690952079,logits_vs_features,features,IW residual DIS2 | W=2 | seed=0 (plug-in),True,
iw_residual_dis2,2.0,0.0,731.0,893.0,184.0,226.0,0.9021739130434783,0.0,1.0,10.123028755187988,0.5,0.5,0.6720024347305298,0.22076907753944397,18.0,43.0,8.0,26.0,0.09264463480172387,0.20353982300884957,180.0,4.0,180.0,46.0,ok,plugin,False,,155.7173751358523,149.08211468754828,1.9163903976103465,0.8131690572068428,1.62373374797482,0.9347826086956522,0.08849557522123895,0.18114021002296282,0.8188597899770371,0.8188597899770371,False,8.0,0.0,0.25,0.75,1.0,"[{'epoch': 0, 'best_score': 0.0}, {'epoch': 1, 'best_score': 0.0}, {'epoch': 2, 'best_score': 0.0}, {'epoch': 3, 'best_score': 0.08653843402862549}, {'epoch': 4, 'best_score': 0.2115384340286255}, {'epoch': 5, 'best_score': 0.2115384340286255}, {'epoch': 6, 'best_score': 0.125}, {'epoch': 7, 'best_score': 0.125}, {'epoch': 8, 'best_score': 0.25}, {'epoch': 9, 'best_score': 0.25}, {'epoch': 10, 'best_score': 0.25}, {'epoch': 11, 'best_score': 0.125}, {'epoch': 12, 'best_score': 0.25}, {'epoch': 13, 'best_score': 0.125}, {'epoch': 14, 'best_score': 0.125}, {'epoch': 15, 'best_score': 0.125}, {'epoch': 16, 'best_score': 0.125}, {'epoch': 17, 'best_score': 0.125}, {'epoch': 18, 'best_score': 0.125}, {'epoch': 19, 'best_score': 0.125}, {'epoch': 20, 'best_score': 0.125}, {'epoch': 21, 'best_score': 0.125}, {'epoch': 22, 'best_score': 0.125}, {'epoch': 23, 'best_score': 0.125}, {'epoch': 24, 'best_score': 0.125}, {'epoch': 25, 'best_score': 0.125}, {'epoch': 26, 'best_score': 0.125}, {'epoch': 27, 'best_score': 0.125}, {'epoch': 28, 'best_score': 0.125}, {'epoch': 29, 'best_score': 0.25}, {'epoch': 30, 'best_score': 0.25}, {'epoch': 31, 'best_score': 0.25}, {'epoch': 32, 'best_score': 0.25}, {'epoch': 33, 'best_score': 0.25}, {'epoch': 34, 'best_score': 0.25}, {'epoch': 35, 'best_score': 0.25}, {'epoch': 36, 'best_score': 0.25}, {'epoch': 37, 'best_score': 0.25}, {'epoch': 38, 'best_score': 0.25}, {'epoch': 39, 'best_score': 0.25}, {'epoch': 40, 'best_score': 0.25}, {'epoch': 41, 'best_score': 0.25}, {'epoch': 42, 'best_score': 0.25}, {'epoch': 43, 'best_score': 0.25}, {'epoch': 44, 'best_score': 0.25}, {'epoch': 45, 'best_score': 0.25}, {'epoch': 46, 'best_score': 0.25}, {'epoch': 47, 'best_score': 0.25}, {'epoch': 48, 'best_score': 0.25}, {'epoch': 49, 'best_score': 0.25}]",officehome,2,DANN,features,2048.0,0.915184736251831,0.915184736251831,0.44904816150665283,0.45132744312286377,splits_officehome_DANN_2_0_b09dc755c62e.npz,b09dc755c62e,False,False,0.0,0.5,0.4347826086956522,,,,0.8188597899770371,logits_vs_features,features,IW residual DIS2 | W=2 | seed=0 (plug-in),True,
iw_residual_dis2,2.0,0.0,731.0,507.0,184.0,128.0,0.9130434782608696,0.0,1.0,7.270840167999268,0.5,0.5,0.6804109811782837,0.20840655267238617,28.0,59.0,11.0,23.0,0.05385126223492077,0.453125,157.0,27.0,70.0,58.0,ok,plugin,False,,102.76411887905167,113.60628779596433,1.948098464911967,0.563679177333818,1.5130477167626077,0.9137931034482759,0.22945601851851852,0.2833072807534393,0.7166927192465606,0.7166927192465606,False,2.0,5.0,0.32015812397003174,0.6363636255264282,0.95652174949646,"[{'epoch': 0, 'best_score': 0.27272725105285645}, {'epoch': 1, 'best_score': 0.13833993673324585}, {'epoch': 2, 'best_score': 0.32015812397003174}, {'epoch': 3, 'best_score': 0.23715412616729736}, {'epoch': 4, 'best_score': 0.24110671877861023}, {'epoch': 5, 'best_score': 0.19367587566375732}, {'epoch': 6, 'best_score': 0.14229243993759155}, {'epoch': 7, 'best_score': 0.14229243993759155}, {'epoch': 8, 'best_score': 0.14229243993759155}, {'epoch': 9, 'best_score': 0.14229243993759155}, {'epoch': 10, 'best_score': 0.14229243993759155}, {'epoch': 11, 'best_score': 0.14229243993759155}, {'epoch': 12, 'best_score': 0.14229243993759155}, {'epoch': 13, 'best_score': 0.14229243993759155}, {'epoch': 14, 'best_score': 0.051383376121520996}, {'epoch': 15, 'best_score': 0.051383376121520996}, {'epoch': 16, 'best_score': 0.051383376121520996}, {'epoch': 17, 'best_score': 0.051383376121520996}, {'epoch': 18, 'best_score': 0.051383376121520996}, {'epoch': 19, 'best_score': 0.051383376121520996}, {'epoch': 20, 'best_score': 0.051383376121520996}, {'epoch': 21, 'best_score': 0.051383376121520996}, {'epoch': 22, 'best_score': 0.051383376121520996}, {'epoch': 23, 'best_score': 0.051383376121520996}, {'epoch': 24, 'best_score': 0.051383376121520996}, {'epoch': 25, 'best_score': 0.051383376121520996}, {'epoch': 26, 'best_score': 0.051383376121520996}, {'epoch': 27, 'best_score': 0.051383376121520996}, {'epoch': 28, 'best_score': 0.051383376121520996}, {'epoch': 29, 'best_score': 0.051383376121520996}, {'epoch': 30, 'best_score': 0.051383376121520996}, {'epoch': 31, 'best_score': 0.051383376121520996}, {'epoch': 32, 'best_score': 0.051383376121520996}, {'epoch': 33, 'best_score': 0.051383376121520996}, {'epoch': 34, 'best_score': 0.051383376121520996}, {'epoch': 35, 'best_score': 0.051383376121520996}, {'epoch': 36, 'best_score': 0.051383376121520996}, {'epoch': 37, 'best_score': 0.051383376121520996}, {'epoch': 38, 'best_score': 0.051383376121520996}, {'epoch': 39, 'best_score': 0.051383376121520996}, {'epoch': 40, 'best_score': 0.051383376121520996}, {'epoch': 41, 'best_score': 0.09881418943405151}, {'epoch': 42, 'best_score': 0.09881418943405151}, {'epoch': 43, 'best_score': 0.09881418943405151}, {'epoch': 44, 'best_score': 0.09881418943405151}, {'epoch': 45, 'best_score': 0.09881418943405151}, {'epoch': 46, 'best_score': 0.14229243993759155}, {'epoch': 47, 'best_score': 0.14229243993759155}, {'epoch': 48, 'best_score': 0.14229243993759155}, {'epoch': 49, 'best_score': 0.14229243993759155}]",officehome,3,DANN,features,2048.0,0.9056087732315063,0.9056087732315063,0.5364891290664673,0.5625,splits_officehome_DANN_3_0_b09dc755c62e.npz,b09dc755c62e,False,False,0.2222222222222222,0.6296296296296297,0.28416347381864626,,,,0.7166927192465606,logits_vs_features,features,IW residual DIS2 | W=2 | seed=0 (plug-in),True,
iw_residual_dis2,2.0,0.0,731.0,898.0,184.0,227.0,0.9130434782608696,0.0,1.0,4.174980640411377,0.5,0.5,0.5896567702293396,0.23984535038471222,5.0,34.0,4.0,14.0,0.08126445021930495,0.09691629955947137,176.0,8.0,205.0,22.0,ok,plugin,False,,161.84913196663481,156.9002476316197,1.9262689005954063,0.8575384192383229,1.5772018365410072,0.6818181818181818,0.029735682819383255,0.1110001330386882,0.8889998669613118,0.8889998669613118,False,1.0,21.0,0.6071428656578064,0.25,0.8571428656578064,"[{'epoch': 0, 'best_score': 0.5}, {'epoch': 1, 'best_score': 0.6071428656578064}, {'epoch': 2, 'best_score': 0.4285714030265808}, {'epoch': 3, 'best_score': 0.3571428656578064}, {'epoch': 4, 'best_score': 0.3571428656578064}, {'epoch': 5, 'best_score': 0.3571428656578064}, {'epoch': 6, 'best_score': 0.3571428656578064}, {'epoch': 7, 'best_score': 0.3571428656578064}, {'epoch': 8, 'best_score': 0.3571428656578064}, {'epoch': 9, 'best_score': 0.3571428656578064}, {'epoch': 10, 'best_score': 0.3571428656578064}, {'epoch': 11, 'best_score': 0.3571428656578064}, {'epoch': 12, 'best_score': 0.3571428656578064}, {'epoch': 13, 'best_score': 0.3571428656578064}, {'epoch': 14, 'best_score': 0.3571428656578064}, {'epoch': 15, 'best_score': 0.3571428656578064}, {'epoch': 16, 'best_score': 0.3571428656578064}, {'epoch': 17, 'best_score': 0.3571428656578064}, {'epoch': 18, 'best_score': 0.3571428656578064}, {'epoch': 19, 'best_score': 0.3571428656578064}, {'epoch': 20, 'best_score': 0.3571428656578064}, {'epoch': 21, 'best_score': 0.3571428656578064}, {'epoch': 22, 'best_score': 0.3571428656578064}, {'epoch': 23, 'best_score': 0.3571428656578064}, {'epoch': 24, 'best_score': 0.3571428656578064}, {'epoch': 25, 'best_score': 0.3571428656578064}, {'epoch': 26, 'best_score': 0.3571428656578064}, {'epoch': 27, 'best_score': 0.4285714030265808}, {'epoch': 28, 'best_score': 0.4285714030265808}, {'epoch': 29, 'best_score': 0.4285714030265808}, {'epoch': 30, 'best_score': 0.4285714030265808}, {'epoch': 31, 'best_score': 0.4285714030265808}, {'epoch': 32, 'best_score': 0.4285714030265808}, {'epoch': 33, 'best_score': 0.4285714030265808}, {'epoch': 34, 'best_score': 0.4285714030265808}, {'epoch': 35, 'best_score': 0.4285714030265808}, {'epoch': 36, 'best_score': 0.4285714030265808}, {'epoch': 37, 'best_score': 0.4285714030265808}, {'epoch': 38, 'best_score': 0.4285714030265808}, {'epoch': 39, 'best_score': 0.4285714030265808}, {'epoch': 40, 'best_score': 0.4285714030265808}, {'epoch': 41, 'best_score': 0.4285714030265808}, {'epoch': 42, 'best_score': 0.4285714030265808}, {'epoch': 43, 'best_score': 0.4285714030265808}, {'epoch': 44, 'best_score': 0.4285714030265808}, {'epoch': 45, 'best_score': 0.4285714030265808}, {'epoch': 46, 'best_score': 0.4285714030265808}, {'epoch': 47, 'best_score': 0.4285714030265808}, {'epoch': 48, 'best_score': 0.4285714030265808}, {'epoch': 49, 'best_score': 0.4285714030265808}]",officehome,1,CDANN,features,256.0,0.9138167500495911,0.9138167500495911,0.730512261390686,0.7488986253738403,splits_officehome_CDANN_1_0_b09dc755c62e.npz,b09dc755c62e,False,False,0.0,0.375,0.30681818181818177,,,,0.8889998669613118,logits_vs_features,features,IW residual DIS2 | W=2 | seed=0 (plug-in),True,
iw_residual_dis2,2.0,0.0,731.0,893.0,184.0,226.0,0.8913043478260869,0.0,1.0,1.3385977745056152,0.5,0.5,0.8166846036911011,0.13948789238929749,24.0,181.0,10.0,89.0,0.04873412077050627,0.6460176991150443,162.0,22.0,80.0,146.0,ok,plugin,False,,63.51773576437742,79.66834792375523,1.9873580577788468,0.23706868209366128,1.1882209987558854,0.7945205479452054,0.33708769106999187,0.38582181184049813,0.6141781881595019,0.6141781881595019,False,4.0,4.0,0.7101123929023743,0.20000000298023224,0.9101123809814453,"[{'epoch': 0, 'best_score': 0.2775281071662903}, {'epoch': 1, 'best_score': 0.5775281190872192}, {'epoch': 2, 'best_score': 0.5651684999465942}, {'epoch': 3, 'best_score': 0.6101123690605164}, {'epoch': 4, 'best_score': 0.7101123929023743}, {'epoch': 5, 'best_score': 0.7101123929023743}, {'epoch': 6, 'best_score': 0.6426966190338135}, {'epoch': 7, 'best_score': 0.6426966190338135}, {'epoch': 8, 'best_score': 0.6314606666564941}, {'epoch': 9, 'best_score': 0.6539325714111328}, {'epoch': 10, 'best_score': 0.6876404881477356}, {'epoch': 11, 'best_score': 0.5876404643058777}, {'epoch': 12, 'best_score': 0.6101123690605164}, {'epoch': 13, 'best_score': 0.6213483214378357}, {'epoch': 14, 'best_score': 0.6101123690605164}, {'epoch': 15, 'best_score': 0.5325843095779419}, {'epoch': 16, 'best_score': 0.5438202619552612}, {'epoch': 17, 'best_score': 0.5325843095779419}, {'epoch': 18, 'best_score': 0.5213483572006226}, {'epoch': 19, 'best_score': 0.5213483572006226}, {'epoch': 20, 'best_score': 0.5438202619552612}, {'epoch': 21, 'best_score': 0.4438202381134033}, {'epoch': 22, 'best_score': 0.45505619049072266}, {'epoch': 23, 'best_score': 0.4438202381134033}, {'epoch': 24, 'best_score': 0.4438202381134033}, {'epoch': 25, 'best_score': 0.3662921190261841}, {'epoch': 26, 'best_score': 0.3438202142715454}, {'epoch': 27, 'best_score': 0.3438202142715454}, {'epoch': 28, 'best_score': 0.3662921190261841}, {'epoch': 29, 'best_score': 0.3775280714035034}, {'epoch': 30, 'best_score': 0.35505616664886475}, {'epoch': 31, 'best_score': 0.35505616664886475}, {'epoch': 32, 'best_score': 0.35505616664886475}, {'epoch': 33, 'best_score': 0.35505616664886475}, {'epoch': 34, 'best_score': 0.3662921190261841}, {'epoch': 35, 'best_score': 0.3662921190261841}, {'epoch': 36, 'best_score': 0.3662921190261841}, {'epoch': 37, 'best_score': 0.2775281071662903}, {'epoch': 38, 'best_score': 0.2775281071662903}, {'epoch': 39, 'best_score': 0.2775281071662903}, {'epoch': 40, 'best_score': 0.2775281071662903}, {'epoch': 41, 'best_score': 0.2775281071662903}, {'epoch': 42, 'best_score': 0.2775281071662903}, {'epoch': 43, 'best_score': 0.26629215478897095}, {'epoch': 44, 'best_score': 0.26629215478897095}, {'epoch': 45, 'best_score': 0.26629215478897095}, {'epoch': 46, 'best_score': 0.26629215478897095}, {'epoch': 47, 'best_score': 0.26629215478897095}, {'epoch': 48, 'best_score': 0.26629215478897095}, {'epoch': 49, 'best_score': 0.26629215478897095}]",officehome,2,CDANN,features,256.0,0.9015048146247864,0.9015048146247864,0.4501679837703705,0.45132744312286377,splits_officehome_CDANN_2_0_b09dc755c62e.npz,b09dc755c62e,False,False,0.18181818181818182,0.45454545454545453,0.3399750933997509,,,,0.6141781881595019,logits_vs_features,features,IW residual DIS2 | W=2 | seed=0 (plug-in),True,
iw_residual_dis2,2.0,0.0,731.0,507.0,184.0,128.0,0.9130434782608696,0.0,1.0,1.6117706298828125,0.5,0.5,0.7504109144210815,0.15400457382202148,26.0,88.0,9.0,47.0,0.03355441152900883,0.5859375,158.0,26.0,53.0,75.0,ok,plugin,False,,63.32585691094354,83.3893613820978,1.9066328885651127,0.25679171390388894,1.1386224187152427,0.8666666666666667,0.14723557692307698,0.18078998845208583,0.8192100115479142,0.8192100115479142,False,2.0,7.0,0.42789599299430847,0.4444444477558136,0.8723404407501221,"[{'epoch': 0, 'best_score': 0.22695034742355347}, {'epoch': 1, 'best_score': 0.3640662133693695}, {'epoch': 2, 'best_score': 0.42789599299430847}, {'epoch': 3, 'best_score': 0.4066193997859955}, {'epoch': 4, 'best_score': 0.4066193997859955}, {'epoch': 5, 'best_score': 0.3640662133693695}, {'epoch': 6, 'best_score': 0.3640662133693695}, {'epoch': 7, 'best_score': 0.3427896201610565}, {'epoch': 8, 'best_score': 0.3427896201610565}, {'epoch': 9, 'best_score': 0.3427896201610565}, {'epoch': 10, 'best_score': 0.3640662133693695}, {'epoch': 11, 'best_score': 0.3640662133693695}, {'epoch': 12, 'best_score': 0.3640662133693695}, {'epoch': 13, 'best_score': 0.3853428065776825}, {'epoch': 14, 'best_score': 0.4066193997859955}, {'epoch': 15, 'best_score': 0.4066193997859955}, {'epoch': 16, 'best_score': 0.4066193997859955}, {'epoch': 17, 'best_score': 0.4066193997859955}, {'epoch': 18, 'best_score': 0.4066193997859955}, {'epoch': 19, 'best_score': 0.3167848587036133}, {'epoch': 20, 'best_score': 0.3167848587036133}, {'epoch': 21, 'best_score': 0.3167848587036133}, {'epoch': 22, 'best_score': 0.3167848587036133}, {'epoch': 23, 'best_score': 0.3167848587036133}, {'epoch': 24, 'best_score': 0.3167848587036133}, {'epoch': 25, 'best_score': 0.2955082654953003}, {'epoch': 26, 'best_score': 0.3167848587036133}, {'epoch': 27, 'best_score': 0.3167848587036133}, {'epoch': 28, 'best_score': 0.2955082654953003}, {'epoch': 29, 'best_score': 0.2955082654953003}, {'epoch': 30, 'best_score': 0.2955082654953003}, {'epoch': 31, 'best_score': 0.2955082654953003}, {'epoch': 32, 'best_score': 0.2955082654953003}, {'epoch': 33, 'best_score': 0.2955082654953003}, {'epoch': 34, 'best_score': 0.3167848587036133}, {'epoch': 35, 'best_score': 0.3167848587036133}, {'epoch': 36, 'best_score': 0.3167848587036133}, {'epoch': 37, 'best_score': 0.3167848587036133}, {'epoch': 38, 'best_score': 0.3167848587036133}, {'epoch': 39, 'best_score': 0.2742316722869873}, {'epoch': 40, 'best_score': 0.2742316722869873}, {'epoch': 41, 'best_score': 0.20567375421524048}, {'epoch': 42, 'best_score': 0.33806145191192627}, {'epoch': 43, 'best_score': 0.33806145191192627}, {'epoch': 44, 'best_score': 0.33806145191192627}, {'epoch': 45, 'best_score': 0.33806145191192627}, {'epoch': 46, 'best_score': 0.33806145191192627}, {'epoch': 47, 'best_score': 0.33806145191192627}, {'epoch': 48, 'best_score': 0.33806145191192627}, {'epoch': 49, 'best_score': 0.33806145191192627}]",officehome,3,CDANN,features,256.0,0.9138167500495911,0.9138167500495911,0.5364891290664673,0.5546875,splits_officehome_CDANN_3_0_b09dc755c62e.npz,b09dc755c62e,False,False,0.11538461538461539,0.7307692307692307,0.13589743589743597,,,,0.8192100115479142,logits_vs_features,features,IW residual DIS2 | W=2 | seed=0 (plug-in),True,
iw_residual_dis2,2.0,0.0,24387.0,11083.0,6098.0,2773.0,0.9996720236142997,0.0,1.0,0.5297351479530334,0.5,0.5,0.9770699739456177,0.01675456203520298,154.0,3231.0,82.0,1605.0,0.0001120538200569195,0.9747565813198702,5960.0,138.0,70.0,2703.0,ok,plugin,False,,302.9157163169465,387.0897502786323,1.9673380598988155,0.0013068010900920313,0.2507385178606299,0.8457269700332963,0.38644381379450915,0.38655586761456606,0.6134441323854339,0.6134441323854339,False,41.0,22.0,0.5518197417259216,0.3048780560493469,0.8566977977752686,"[{'epoch': 0, 'best_score': 0.16700857877731323}, {'epoch': 1, 'best_score': 0.26039057970046997}, {'epoch': 2, 'best_score': 0.3294658660888672}, {'epoch': 3, 'best_score': 0.3163057565689087}, {'epoch': 4, 'best_score': 0.43576472997665405}, {'epoch': 5, 'best_score': 0.3488944172859192}, {'epoch': 6, 'best_score': 0.33723121881484985}, {'epoch': 7, 'best_score': 0.313995897769928}, {'epoch': 8, 'best_score': 0.2925385534763336}, {'epoch': 9, 'best_score': 0.3099004328250885}, {'epoch': 10, 'best_score': 0.3745155930519104}, {'epoch': 11, 'best_score': 0.3826228976249695}, {'epoch': 12, 'best_score': 0.4175138473510742}, {'epoch': 13, 'best_score': 0.47385454177856445}, {'epoch': 14, 'best_score': 0.4158118665218353}, {'epoch': 15, 'best_score': 0.3987235128879547}, {'epoch': 16, 'best_score': 0.4069979786872864}, {'epoch': 17, 'best_score': 0.3979256749153137}, {'epoch': 18, 'best_score': 0.40477925539016724}, {'epoch': 19, 'best_score': 0.4163513481616974}, {'epoch': 20, 'best_score': 0.4256059527397156}, {'epoch': 21, 'best_score': 0.4518653452396393}, {'epoch': 22, 'best_score': 0.47314032912254333}, {'epoch': 23, 'best_score': 0.49129244685173035}, {'epoch': 24, 'best_score': 0.5053567290306091}, {'epoch': 25, 'best_score': 0.5251196622848511}, {'epoch': 26, 'best_score': 0.4758073091506958}, {'epoch': 27, 'best_score': 0.4829268455505371}, {'epoch': 28, 'best_score': 0.49459007382392883}, {'epoch': 29, 'best_score': 0.4967251718044281}, {'epoch': 30, 'best_score': 0.4841729402542114}, {'epoch': 31, 'best_score': 0.5089203119277954}, {'epoch': 32, 'best_score': 0.5512878894805908}, {'epoch': 33, 'best_score': 0.5397158861160278}, {'epoch': 34, 'best_score': 0.5325050950050354}, {'epoch': 35, 'best_score': 0.5032216310501099}, {'epoch': 36, 'best_score': 0.5202188491821289}, {'epoch': 37, 'best_score': 0.5227110385894775}, {'epoch': 38, 'best_score': 0.5087379217147827}, {'epoch': 39, 'best_score': 0.5334852933883667}, {'epoch': 40, 'best_score': 0.5503989458084106}, {'epoch': 41, 'best_score': 0.5518197417259216}, {'epoch': 42, 'best_score': 0.5508396029472351}, {'epoch': 43, 'best_score': 0.5316997766494751}, {'epoch': 44, 'best_score': 0.5349973440170288}, {'epoch': 45, 'best_score': 0.5379302501678467}, {'epoch': 46, 'best_score': 0.5357950925827026}, {'epoch': 47, 'best_score': 0.5498594045639038}, {'epoch': 48, 'best_score': 0.5401564836502075}, {'epoch': 49, 'best_score': 0.5454980134963989}]",visda,1,DANN,features,2048.0,0.9995489120483398,0.9995489120483398,0.6463051438331604,0.6473133563995361,splits_visda_DANN_1_0_b09dc755c62e.npz,b09dc755c62e,True,True,0.0,0.4492753623188406,0.39645160771445576,,,,0.6134441323854339,logits_vs_features,features,IW residual DIS2 | W=2 | seed=0 (plug-in),True,
iw_residual_dis2,2.0,0.0,24387.0,14480.0,6098.0,3620.0,0.9998360118071499,0.0,1.0,0.5817998051643372,0.5,0.5,0.9707415103912354,0.02427310310304165,131.0,4131.0,87.0,2061.0,4.115527600444773e-05,0.943646408839779,5964.0,134.0,204.0,3416.0,ok,plugin,False,,323.4638712637192,451.52079660855264,1.9777761396290825,0.0023738467039697616,0.27676568059242146,0.8220140515222483,0.4728787004205493,0.47291985569655376,0.5270801443034463,0.5270801443034463,False,27.0,24.0,0.5556224584579468,0.26436781883239746,0.8199902772903442,"[{'epoch': 0, 'best_score': 0.15410995483398438}, {'epoch': 1, 'best_score': 0.29137176275253296}, {'epoch': 2, 'best_score': 0.2769830524921417}, {'epoch': 3, 'best_score': 0.29332929849624634}, {'epoch': 4, 'best_score': 0.3225417733192444}, {'epoch': 5, 'best_score': 0.3854171633720398}, {'epoch': 6, 'best_score': 0.4287841320037842}, {'epoch': 7, 'best_score': 0.4232294261455536}, {'epoch': 8, 'best_score': 0.43177902698516846}, {'epoch': 9, 'best_score': 0.4612591564655304}, {'epoch': 10, 'best_score': 0.4727199971675873}, {'epoch': 11, 'best_score': 0.5030366778373718}, {'epoch': 12, 'best_score': 0.47404173016548157}, {'epoch': 13, 'best_score': 0.47322189807891846}, {'epoch': 14, 'best_score': 0.48063379526138306}, {'epoch': 15, 'best_score': 0.4899362325668335}, {'epoch': 16, 'best_score': 0.4950057864189148}, {'epoch': 17, 'best_score': 0.4996737539768219}, {'epoch': 18, 'best_score': 0.5150161981582642}, {'epoch': 19, 'best_score': 0.504341721534729}, {'epoch': 20, 'best_score': 0.5164717435836792}, {'epoch': 21, 'best_score': 0.5083739161491394}, {'epoch': 22, 'best_score': 0.5266275405883789}, {'epoch': 23, 'best_score': 0.5473740696907043}, {'epoch': 24, 'best_score': 0.5446134805679321}, {'epoch': 25, 'best_score': 0.5507704615592957}, {'epoch': 26, 'best_score': 0.5379711985588074}, {'epoch': 27, 'best_score': 0.5556224584579468}, {'epoch': 28, 'best_score': 0.5517408847808838}, {'epoch': 29, 'best_score': 0.5345413088798523}, {'epoch': 30, 'best_score': 0.5425220131874084}, {'epoch': 31, 'best_score': 0.527296781539917}, {'epoch': 32, 'best_score': 0.5350599884986877}, {'epoch': 33, 'best_score': 0.5306596755981445}, {'epoch': 34, 'best_score': 0.5285348296165466}, {'epoch': 35, 'best_score': 0.5220766067504883}, {'epoch': 36, 'best_score': 0.5316300988197327}, {'epoch': 37, 'best_score': 0.511703372001648}, {'epoch': 38, 'best_score': 0.5180444717407227}, {'epoch': 39, 'best_score': 0.5050946474075317}, {'epoch': 40, 'best_score': 0.5157690048217773}, {'epoch': 41, 'best_score': 0.5359969139099121}, {'epoch': 42, 'best_score': 0.5212568044662476}, {'epoch': 43, 'best_score': 0.518646776676178}, {'epoch': 44, 'best_score': 0.49405208230018616}, {'epoch': 45, 'best_score': 0.5228630304336548}, {'epoch': 46, 'best_score': 0.5191320180892944}, {'epoch': 47, 'best_score': 0.5115193128585815}, {'epoch': 48, 'best_score': 0.5047265291213989}, {'epoch': 49, 'best_score': 0.5061821937561035}]",visda,2,DANN,features,2048.0,0.9997539520263672,0.9997539520263672,0.6546961069107056,0.6544198393821716,splits_visda_DANN_2_0_b09dc755c62e.npz,b09dc755c62e,True,True,0.0,0.3208955223880597,0.5011185291341886,,,,0.5270801443034463,logits_vs_features,features,IW residual DIS2 | W=2 | seed=0 (plug-in),True,
iw_residual_dis2,2.0,0.0,24387.0,11083.0,6098.0,2773.0,0.9993440472285995,0.0,1.0,0.2396586388349533,0.5,0.5,0.9752237796783447,0.019157208502292633,97.0,3213.0,51.0,1613.0,1.0684344593876662e-06,0.9772809231878832,6009.0,89.0,63.0,2710.0,ok,plugin,False,,266.4770470376931,421.8690248022076,1.9942911604315638,0.0012805741236270572,0.2114326049015924,0.7284132841328413,0.6569609841286563,0.6569620525631157,0.3430379474368843,0.3430379474368843,False,40.0,3.0,0.6153799295425415,0.13725490868091583,0.7526348233222961,"[{'epoch': 0, 'best_score': 0.305678129196167}, {'epoch': 1, 'best_score': 0.3351324498653412}, {'epoch': 2, 'best_score': 0.38209161162376404}, {'epoch': 3, 'best_score': 0.5047104954719543}, {'epoch': 4, 'best_score': 0.5385045409202576}, {'epoch': 5, 'best_score': 0.5014526844024658}, {'epoch': 6, 'best_score': 0.5362556576728821}, {'epoch': 7, 'best_score': 0.5447771549224854}, {'epoch': 8, 'best_score': 0.5430752635002136}, {'epoch': 9, 'best_score': 0.5409843921661377}, {'epoch': 10, 'best_score': 0.5786440968513489}, {'epoch': 11, 'best_score': 0.5860836505889893}, {'epoch': 12, 'best_score': 0.5899614691734314}, {'epoch': 13, 'best_score': 0.5314540266990662}, {'epoch': 14, 'best_score': 0.5736114978790283}, {'epoch': 15, 'best_score': 0.5529946684837341}, {'epoch': 16, 'best_score': 0.5676428079605103}, {'epoch': 17, 'best_score': 0.5629140734672546}, {'epoch': 18, 'best_score': 0.5436952114105225}, {'epoch': 19, 'best_score': 0.5542346239089966}, {'epoch': 20, 'best_score': 0.517498791217804}, {'epoch': 21, 'best_score': 0.5255582928657532}, {'epoch': 22, 'best_score': 0.5435371994972229}, {'epoch': 23, 'best_score': 0.5560944676399231}, {'epoch': 24, 'best_score': 0.5515967011451721}, {'epoch': 25, 'best_score': 0.5499678254127502}, {'epoch': 26, 'best_score': 0.5646159648895264}, {'epoch': 27, 'best_score': 0.5623670816421509}, {'epoch': 28, 'best_score': 0.5495787858963013}, {'epoch': 29, 'best_score': 0.5515967011451721}, {'epoch': 30, 'best_score': 0.5456280708312988}, {'epoch': 31, 'best_score': 0.5519857406616211}, {'epoch': 32, 'best_score': 0.579422116279602}, {'epoch': 33, 'best_score': 0.573842465877533}, {'epoch': 34, 'best_score': 0.5598872303962708}, {'epoch': 35, 'best_score': 0.5771732330322266}, {'epoch': 36, 'best_score': 0.5843818187713623}, {'epoch': 37, 'best_score': 0.5874816179275513}, {'epoch': 38, 'best_score': 0.5986409783363342}, {'epoch': 39, 'best_score': 0.6104202270507812}, {'epoch': 40, 'best_score': 0.6153799295425415}, {'epoch': 41, 'best_score': 0.5991029143333435}, {'epoch': 42, 'best_score': 0.60096275806427}, {'epoch': 43, 'best_score': 0.5966230630874634}, {'epoch': 44, 'best_score': 0.5953831076622009}, {'epoch': 45, 'best_score': 0.5997228622436523}, {'epoch': 46, 'best_score': 0.580115020275116}, {'epoch': 47, 'best_score': 0.5819749236106873}, {'epoch': 48, 'best_score': 0.5850747227668762}, {'epoch': 49, 'best_score': 0.5925142765045166}]",visda,1,CDANN,features,256.0,0.9990978837013245,0.9990978837013245,0.6784264445304871,0.6693112254142761,splits_visda_CDANN_1_0_b09dc755c62e.npz,b09dc755c62e,True,True,0.0,0.056179775280898875,0.6722335088519424,,,,0.3430379474368843,logits_vs_features,features,IW residual DIS2 | W=2 | seed=0 (plug-in),True,
iw_residual_dis2,2.0,0.0,24387.0,14480.0,6098.0,3620.0,0.9995080354214496,0.0,1.0,0.20648935437202454,0.5,0.5,0.9673094749450684,0.025245439261198044,174.0,4128.0,83.0,2079.0,3.136688604729501e-05,0.9604972375690608,5979.0,119.0,143.0,3477.0,ok,plugin,False,,336.9873047683257,474.66019123019277,1.9764797693063103,0.0015934630708070818,0.31680793790342254,0.640207075064711,0.45348901991735924,0.4535203868034065,0.5464796131965934,0.5464796131965934,False,21.0,10.0,0.571312665939331,0.0602409653365612,0.6315536499023438,"[{'epoch': 0, 'best_score': 0.3738648295402527}, {'epoch': 1, 'best_score': 0.502825140953064}, {'epoch': 2, 'best_score': 0.4536471664905548}, {'epoch': 3, 'best_score': 0.49002358317375183}, {'epoch': 4, 'best_score': 0.4906378388404846}, {'epoch': 5, 'best_score': 0.5245165824890137}, {'epoch': 6, 'best_score': 0.535260796546936}, {'epoch': 7, 'best_score': 0.5059198141098022}, {'epoch': 8, 'best_score': 0.559310793876648}, {'epoch': 9, 'best_score': 0.5150587558746338}, {'epoch': 10, 'best_score': 0.5155165791511536}, {'epoch': 11, 'best_score': 0.5636630654335022}, {'epoch': 12, 'best_score': 0.5689308643341064}, {'epoch': 13, 'best_score': 0.5357418060302734}, {'epoch': 14, 'best_score': 0.5419716238975525}, {'epoch': 15, 'best_score': 0.530931830406189}, {'epoch': 16, 'best_score': 0.5424294471740723}, {'epoch': 17, 'best_score': 0.5457732677459717}, {'epoch': 18, 'best_score': 0.5477668046951294}, {'epoch': 19, 'best_score': 0.5693655014038086}, {'epoch': 20, 'best_score': 0.5654942989349365}, {'epoch': 21, 'best_score': 0.571312665939331}, {'epoch': 22, 'best_score': 0.5530577898025513}, {'epoch': 23, 'best_score': 0.5501718521118164}, {'epoch': 24, 'best_score': 0.5346871018409729}, {'epoch': 25, 'best_score': 0.555416464805603}, {'epoch': 26, 'best_score': 0.5674646496772766}, {'epoch': 27, 'best_score': 0.564120888710022}, {'epoch': 28, 'best_score': 0.5463006496429443}, {'epoch': 29, 'best_score': 0.5443766117095947}, {'epoch': 30, 'best_score': 0.5410327911376953}, {'epoch': 31, 'best_score': 0.5448808670043945}, {'epoch': 32, 'best_score': 0.5448808670043945}, {'epoch': 33, 'best_score': 0.5405517816543579}, {'epoch': 34, 'best_score': 0.5371848344802856}, {'epoch': 35, 'best_score': 0.5318938493728638}, {'epoch': 36, 'best_score': 0.5280457735061646}, {'epoch': 37, 'best_score': 0.5328326225280762}, {'epoch': 38, 'best_score': 0.5304276347160339}, {'epoch': 39, 'best_score': 0.5333136320114136}, {'epoch': 40, 'best_score': 0.5241745710372925}, {'epoch': 41, 'best_score': 0.5184258222579956}, {'epoch': 42, 'best_score': 0.5275647640228271}, {'epoch': 43, 'best_score': 0.5342987775802612}, {'epoch': 44, 'best_score': 0.5251365900039673}, {'epoch': 45, 'best_score': 0.5246555805206299}, {'epoch': 46, 'best_score': 0.522731602191925}, {'epoch': 47, 'best_score': 0.52222740650177}, {'epoch': 48, 'best_score': 0.5203034281730652}, {'epoch': 49, 'best_score': 0.517898440361023}]",visda,2,CDANN,features,256.0,0.9995899200439453,0.9995899200439453,0.7107734680175781,0.7140883803367615,splits_visda_CDANN_2_0_b09dc755c62e.npz,b09dc755c62e,True,True,0.0,0.16806722689075632,0.47213984817395466,,,,0.5464796131965934,logits_vs_features,features,IW residual DIS2 | W=2 | seed=0 (plug-in),True,
iw_residual_dis2,2.0,0.0,6500.0,33009.0,1625.0,8255.0,0.904,0.0,1.0,2.3880012035369873,0.5,0.5,0.6153379678726196,0.23281614482402802,139.0,1597.0,64.0,795.0,0.0939022598964436,0.15578437310720775,1504.0,121.0,6969.0,1286.0,ok,plugin,False,,1451.2126543025356,1279.2454457347164,1.9859895553584805,0.9275675869552966,1.700199877364284,0.7130637636080871,0.04928543181943327,0.14318769171587686,0.8568123082841231,0.8568123082841231,False,44.0,1.0,0.24948900938034058,0.46875,0.7182390093803406,"[{'epoch': 0, 'best_score': 0.07448899745941162}, {'epoch': 1, 'best_score': 0.11328613758087158}, {'epoch': 2, 'best_score': 0.17069578170776367}, {'epoch': 3, 'best_score': 0.15361636877059937}, {'epoch': 4, 'best_score': 0.13779479265213013}, {'epoch': 5, 'best_score': 0.13905268907546997}, {'epoch': 6, 'best_score': 0.1348860263824463}, {'epoch': 7, 'best_score': 0.1359473466873169}, {'epoch': 8, 'best_score': 0.15196537971496582}, {'epoch': 9, 'best_score': 0.16255897283554077}, {'epoch': 10, 'best_score': 0.15805816650390625}, {'epoch': 11, 'best_score': 0.16937893629074097}, {'epoch': 12, 'best_score': 0.17242532968521118}, {'epoch': 13, 'best_score': 0.17222875356674194}, {'epoch': 14, 'best_score': 0.1707744002342224}, {'epoch': 15, 'best_score': 0.17275941371917725}, {'epoch': 16, 'best_score': 0.1740173101425171}, {'epoch': 17, 'best_score': 0.1838836669921875}, {'epoch': 18, 'best_score': 0.18765723705291748}, {'epoch': 19, 'best_score': 0.2020244002342224}, {'epoch': 20, 'best_score': 0.20652514696121216}, {'epoch': 21, 'best_score': 0.18712657690048218}, {'epoch': 22, 'best_score': 0.18209511041641235}, {'epoch': 23, 'best_score': 0.20275157690048218}, {'epoch': 24, 'best_score': 0.20957154035568237}, {'epoch': 25, 'best_score': 0.20023584365844727}, {'epoch': 26, 'best_score': 0.2171187400817871}, {'epoch': 27, 'best_score': 0.21837657690048218}, {'epoch': 28, 'best_score': 0.2140723466873169}, {'epoch': 29, 'best_score': 0.21533018350601196}, {'epoch': 30, 'best_score': 0.21910375356674194}, {'epoch': 31, 'best_score': 0.2228773832321167}, {'epoch': 32, 'best_score': 0.20976805686950684}, {'epoch': 33, 'best_score': 0.20976805686950684}, {'epoch': 34, 'best_score': 0.21479952335357666}, {'epoch': 35, 'best_score': 0.19612812995910645}, {'epoch': 36, 'best_score': 0.19864386320114136}, {'epoch': 37, 'best_score': 0.21678459644317627}, {'epoch': 38, 'best_score': 0.22307389974594116}, {'epoch': 39, 'best_score': 0.2218160629272461}, {'epoch': 40, 'best_score': 0.22684746980667114}, {'epoch': 41, 'best_score': 0.23062103986740112}, {'epoch': 42, 'best_score': 0.24068397283554077}, {'epoch': 43, 'best_score': 0.24319970607757568}, {'epoch': 44, 'best_score': 0.24948900938034058}, {'epoch': 45, 'best_score': 0.22201257944107056}, {'epoch': 46, 'best_score': 0.22830188274383545}, {'epoch': 47, 'best_score': 0.21645045280456543}, {'epoch': 48, 'best_score': 0.22148191928863525}, {'epoch': 49, 'best_score': 0.22651338577270508}]",entity13,1,DANN,PCA1,512.0,0.905846118927002,0.905846118927002,0.7318307161331177,0.7345851063728333,splits_entity13_DANN_1_0_b09dc755c62e.npz,b09dc755c62e,False,False,0.1487603305785124,0.5454545454545454,0.16760921815354168,,,,0.8568123082841231,all_pca,PCA1,IW residual DIS2 | W=2 | seed=0 (plug-in),True,
iw_residual_dis2,2.0,0.0,6500.0,260.0,1625.0,65.0,0.9101538461538462,0.0,1.0,54.598148345947266,0.5,0.5,0.48076924681663513,0.25060704350471497,,,,,0.08841673353459269,0.0,1625.0,0.0,65.0,0.0,ok,plugin,False,,1597.9985591885884,1622.982360781034,1.1075824613391887,0.9839498329461893,1.0384674910230536,,0.0,0.08841673353459269,0.9115832664654073,0.9115832664654073,False,,,,,,,entity13,2,DANN,PCA1,512.0,0.9129230380058289,0.9129230380058289,0.8615384697914124,0.8461538553237915,splits_entity13_DANN_2_0_b09dc755c62e.npz,b09dc755c62e,False,False,,,,,,,0.9115832664654073,all_pca,PCA1,IW residual DIS2 | W=2 | seed=0 (plug-in),True,
iw_residual_dis2,2.0,0.0,6500.0,260.0,1625.0,65.0,0.9027692307692308,0.0,1.0,3.197103977203369,0.5,0.5,0.5746153593063354,0.23257014155387878,87.0,3.0,34.0,2.0,0.07553503613064065,0.1076923076923077,1557.0,68.0,58.0,7.0,ok,plugin,False,,1235.6999939191235,1236.790837962914,1.9942489212619159,0.7124476066118057,1.6039450316727157,0.8571428571428571,0.05271493212669683,0.12824996825733748,0.8717500317426625,0.8717500317426625,False,9.0,0.0,0.5882352590560913,0.4117647111415863,1.0,"[{'epoch': 0, 'best_score': 0.23529410362243652}, {'epoch': 1, 'best_score': 0.2647058963775635}, {'epoch': 2, 'best_score': 0.2647058963775635}, {'epoch': 3, 'best_score': 0.2647058963775635}, {'epoch': 4, 'best_score': 0.29411762952804565}, {'epoch': 5, 'best_score': 0.3529411554336548}, {'epoch': 6, 'best_score': 0.4117646813392639}, {'epoch': 7, 'best_score': 0.5588235259056091}, {'epoch': 8, 'best_score': 0.5588235259056091}, {'epoch': 9, 'best_score': 0.5882352590560913}, {'epoch': 10, 'best_score': 0.5588235259056091}, {'epoch': 11, 'best_score': 0.38235294818878174}, {'epoch': 12, 'best_score': 0.4117646813392639}, {'epoch': 13, 'best_score': 0.44117647409439087}, {'epoch': 14, 'best_score': 0.47058820724487305}, {'epoch': 15, 'best_score': 0.47058820724487305}, {'epoch': 16, 'best_score': 0.47058820724487305}, {'epoch': 17, 'best_score': 0.47058820724487305}, {'epoch': 18, 'best_score': -0.029411792755126953}, {'epoch': 19, 'best_score': -0.029411792755126953}, {'epoch': 20, 'best_score': -0.029411792755126953}, {'epoch': 21, 'best_score': -0.029411792755126953}, {'epoch': 22, 'best_score': 0.0}, {'epoch': 23, 'best_score': 0.0}, {'epoch': 24, 'best_score': 0.0}, {'epoch': 25, 'best_score': 0.029411762952804565}, {'epoch': 26, 'best_score': -0.38235294818878174}, {'epoch': 27, 'best_score': -0.38235294818878174}, {'epoch': 28, 'best_score': -0.38235294818878174}, {'epoch': 29, 'best_score': -0.38235294818878174}, {'epoch': 30, 'best_score': -0.38235294818878174}, {'epoch': 31, 'best_score': -0.38235294818878174}, {'epoch': 32, 'best_score': -0.38235294818878174}, {'epoch': 33, 'best_score': -0.38235294818878174}, {'epoch': 34, 'best_score': -0.38235294818878174}, {'epoch': 35, 'best_score': -0.3235294222831726}, {'epoch': 36, 'best_score': -0.3235294222831726}, {'epoch': 37, 'best_score': -0.3235294222831726}, {'epoch': 38, 'best_score': -0.3235294222831726}, {'epoch': 39, 'best_score': -0.29411765933036804}, {'epoch': 40, 'best_score': -0.29411765933036804}, {'epoch': 41, 'best_score': -0.2647058963775635}, {'epoch': 42, 'best_score': -0.2647058963775635}, {'epoch': 43, 'best_score': -0.2647058963775635}, {'epoch': 44, 'best_score': -0.2647058963775635}, {'epoch': 45, 'best_score': -0.23529411852359772}, {'epoch': 46, 'best_score': -0.23529411852359772}, {'epoch': 47, 'best_score': -0.23529411852359772}, {'epoch': 48, 'best_score': -0.23529411852359772}, {'epoch': 49, 'best_score': -0.23529411852359772}]",entity13,3,DANN,PCA1,512.0,0.907076895236969,0.907076895236969,0.6653845906257629,0.5538461804389954,splits_entity13_DANN_3_0_b09dc755c62e.npz,b09dc755c62e,False,False,0.11764705882352941,0.4852941176470588,0.3718487394957983,,,,0.8717500317426625,all_pca,PCA1,IW residual DIS2 | W=2 | seed=0 (plug-in),True,
iw_residual_dis2,2.0,0.0,6500.0,33009.0,1625.0,8255.0,0.9132307692307693,0.0,1.0,1.320251703262329,0.5,0.5,0.636783242225647,0.22170567512512207,218.0,2595.0,126.0,1299.0,0.07463778829199899,0.25923682616596,1427.0,198.0,6115.0,2140.0,ok,plugin,False,,1241.186988818896,1112.406402228703,1.9947503558385011,0.802183137135684,1.7354009419691143,0.6004672897196262,0.03128192891972419,0.10591971721172319,0.8940802827882768,0.8940802827882768,False,6.0,25.0,0.21311265230178833,0.3888888955116272,0.6020015478134155,"[{'epoch': 0, 'best_score': 0.12548112869262695}, {'epoch': 1, 'best_score': 0.1472194790840149}, {'epoch': 2, 'best_score': 0.11552846431732178}, {'epoch': 3, 'best_score': 0.1639356017112732}, {'epoch': 4, 'best_score': 0.19788113236427307}, {'epoch': 5, 'best_score': 0.1757945418357849}, {'epoch': 6, 'best_score': 0.21311265230178833}, {'epoch': 7, 'best_score': 0.20257338881492615}, {'epoch': 8, 'best_score': 0.1887165606021881}, {'epoch': 9, 'best_score': 0.17971700429916382}, {'epoch': 10, 'best_score': 0.16432052850723267}, {'epoch': 11, 'best_score': 0.18244799971580505}, {'epoch': 12, 'best_score': 0.1711389720439911}, {'epoch': 13, 'best_score': 0.17878219485282898}, {'epoch': 14, 'best_score': 0.16646504402160645}, {'epoch': 15, 'best_score': 0.15953662991523743}, {'epoch': 16, 'best_score': 0.1564573347568512}, {'epoch': 17, 'best_score': 0.16824296116828918}, {'epoch': 18, 'best_score': 0.1421239674091339}, {'epoch': 19, 'best_score': 0.13904467225074768}, {'epoch': 20, 'best_score': 0.136735200881958}, {'epoch': 21, 'best_score': 0.12956851720809937}, {'epoch': 22, 'best_score': 0.12956851720809937}, {'epoch': 23, 'best_score': 0.129806786775589}, {'epoch': 24, 'best_score': 0.12033066153526306}, {'epoch': 25, 'best_score': 0.11292567849159241}, {'epoch': 26, 'best_score': 0.11239415407180786}, {'epoch': 27, 'best_score': 0.12110045552253723}, {'epoch': 28, 'best_score': 0.11855271458625793}, {'epoch': 29, 'best_score': 0.11364051699638367}, {'epoch': 30, 'best_score': 0.10907655954360962}, {'epoch': 31, 'best_score': 0.11244913935661316}, {'epoch': 32, 'best_score': 0.11441034078598022}, {'epoch': 33, 'best_score': 0.1087833046913147}, {'epoch': 34, 'best_score': 0.11144101619720459}, {'epoch': 35, 'best_score': 0.11605995893478394}, {'epoch': 36, 'best_score': 0.11990907788276672}, {'epoch': 37, 'best_score': 0.11582168936729431}, {'epoch': 38, 'best_score': 0.1196708083152771}, {'epoch': 39, 'best_score': 0.12044063210487366}, {'epoch': 40, 'best_score': 0.12683749198913574}, {'epoch': 41, 'best_score': 0.1117343008518219}, {'epoch': 42, 'best_score': 0.11404377222061157}, {'epoch': 43, 'best_score': 0.11481359601020813}, {'epoch': 44, 'best_score': 0.11404377222061157}, {'epoch': 45, 'best_score': 0.11807617545127869}, {'epoch': 46, 'best_score': 0.11884599924087524}, {'epoch': 47, 'best_score': 0.10533744096755981}, {'epoch': 48, 'best_score': 0.10533744096755981}, {'epoch': 49, 'best_score': 0.10913154482841492}]",entity13,1,CDANN,PCA1,256.0,0.9096922874450684,0.9096922874450684,0.7354357838630676,0.7372501492500305,splits_entity13_CDANN_1_0_b09dc755c62e.npz,b09dc755c62e,False,False,0.08080808080808081,0.5606060606060606,0.0398612291135656,,,,0.8940802827882768,all_pca,PCA1,IW residual DIS2 | W=2 | seed=0 (plug-in),True,
iw_residual_dis2,2.0,0.0,6500.0,260.0,1625.0,65.0,0.9058461538461539,0.0,1.0,54.598148345947266,0.5,0.5,0.49000000953674316,0.25000298023223877,,,,,0.0928540029778465,0.0,1625.0,0.0,65.0,0.0,ok,plugin,False,,1598.7585516207032,1623.0136542652297,1.1333161012610322,0.9836135242663554,1.0404161928714841,,0.0,0.0928540029778465,0.9071459970221535,0.9071459970221535,False,,,,,,,entity13,2,CDANN,PCA1,256.0,0.9081538319587708,0.9081538319587708,0.8423076868057251,0.8769230842590332,splits_entity13_CDANN_2_0_b09dc755c62e.npz,b09dc755c62e,False,False,,,,,,,0.9071459970221535,all_pca,PCA1,IW residual DIS2 | W=2 | seed=0 (plug-in),True,
iw_residual_dis2,2.0,0.0,6500.0,260.0,1625.0,65.0,0.9015384615384615,0.0,1.0,6.879939556121826,0.5,0.5,0.505384624004364,0.24556267261505127,8.0,0.0,2.0,0.0,0.08771623268236008,0.015384615384615385,1618.0,7.0,64.0,1.0,unsupported_critic_region,plugin,False,,1452.500328512105,1502.4812194216734,1.9764475675572282,0.8702866683740829,1.3394817985028424,,,,,,,,,,,,,entity13,3,CDANN,PCA1,256.0,0.9061538577079773,0.9061538577079773,0.6653845906257629,0.5692307949066162,splits_entity13_CDANN_3_0_b09dc755c62e.npz,b09dc755c62e,,,,,,,,,,all_pca,PCA1,IW residual DIS2 | W=2 | seed=0 (plug-in),False,
iw_residual_dis2,2.0,0.0,6000.0,30828.0,1500.0,7709.0,0.8426666666666667,0.0,1.0,4.240884780883789,0.5,0.5,0.5427244305610657,0.24523012340068817,11.0,88.0,4.0,48.0,0.16886863146562944,0.012063821507329096,1490.0,10.0,7616.0,93.0,ok,plugin,False,,1534.2185196728067,1394.1388219489743,1.9838366776962135,1.0012026956453959,1.4956076195448555,0.989247311827957,0.0034894279413672327,0.17235805940699667,0.8276419405930033,0.8276419405930033,False,0.0,7.0,0.2291666865348816,0.75,0.9791666865348816,"[{'epoch': 0, 'best_score': 0.2291666865348816}, {'epoch': 1, 'best_score': 0.1875}, {'epoch': 2, 'best_score': 0.1666666865348816}, {'epoch': 3, 'best_score': 0.1666666865348816}, {'epoch': 4, 'best_score': 0.10416668653488159}, {'epoch': 5, 'best_score': 0.0625}, {'epoch': 6, 'best_score': 0.0625}, {'epoch': 7, 'best_score': 0.08333331346511841}, {'epoch': 8, 'best_score': 0.08333331346511841}, {'epoch': 9, 'best_score': 0.10416668653488159}, {'epoch': 10, 'best_score': 0.10416668653488159}, {'epoch': 11, 'best_score': 0.10416668653488159}, {'epoch': 12, 'best_score': -0.08333331346511841}, {'epoch': 13, 'best_score': -0.08333331346511841}, {'epoch': 14, 'best_score': -0.08333331346511841}, {'epoch': 15, 'best_score': -0.08333331346511841}, {'epoch': 16, 'best_score': -0.08333331346511841}, {'epoch': 17, 'best_score': -0.08333331346511841}, {'epoch': 18, 'best_score': -0.10416668653488159}, {'epoch': 19, 'best_score': -0.10416668653488159}, {'epoch': 20, 'best_score': -0.10416668653488159}, {'epoch': 21, 'best_score': -0.08333331346511841}, {'epoch': 22, 'best_score': -0.08333331346511841}, {'epoch': 23, 'best_score': -0.08333331346511841}, {'epoch': 24, 'best_score': -0.08333331346511841}, {'epoch': 25, 'best_score': -0.08333331346511841}, {'epoch': 26, 'best_score': -0.08333331346511841}, {'epoch': 27, 'best_score': -0.08333331346511841}, {'epoch': 28, 'best_score': -0.08333331346511841}, {'epoch': 29, 'best_score': -0.08333331346511841}, {'epoch': 30, 'best_score': -0.08333331346511841}, {'epoch': 31, 'best_score': -0.08333331346511841}, {'epoch': 32, 'best_score': -0.08333331346511841}, {'epoch': 33, 'best_score': -0.08333331346511841}, {'epoch': 34, 'best_score': -0.08333331346511841}, {'epoch': 35, 'best_score': -0.08333331346511841}, {'epoch': 36, 'best_score': -0.08333331346511841}, {'epoch': 37, 'best_score': -0.08333331346511841}, {'epoch': 38, 'best_score': -0.08333331346511841}, {'epoch': 39, 'best_score': -0.0625}, {'epoch': 40, 'best_score': -0.0625}, {'epoch': 41, 'best_score': -0.0625}, {'epoch': 42, 'best_score': -0.0625}, {'epoch': 43, 'best_score': -0.0625}, {'epoch': 44, 'best_score': -0.0625}, {'epoch': 45, 'best_score': -0.04166668653488159}, {'epoch': 46, 'best_score': -0.04166668653488159}, {'epoch': 47, 'best_score': -0.04166668653488159}, {'epoch': 48, 'best_score': -0.04166668653488159}, {'epoch': 49, 'best_score': -0.04166668653488159}]",entity30,1,DANN,PCA1,512.0,0.8550000190734863,0.8550000190734863,0.6190800070762634,0.6236866116523743,splits_entity30_DANN_1_0_b09dc755c62e.npz,b09dc755c62e,False,False,0.2,0.9,0.08924731182795698,,,,0.8276419405930033,all_pca,PCA1,IW residual DIS2 | W=2 | seed=0 (plug-in),True,
iw_residual_dis2,2.0,0.0,6000.0,240.0,1500.0,60.0,0.8606666666666667,0.0,1.0,10.48198127746582,0.5,0.5,0.5741666555404663,0.24680307507514954,,,,,0.1322173805608836,0.0,1499.0,1.0,60.0,0.0,ok,plugin,False,,1396.2681059504057,1451.7219103820887,1.9397662207950694,0.9152026436754661,1.2183068491398181,,0.0,0.1322173805608836,0.8677826194391164,0.8677826194391164,False,,,,,,,entity30,2,DANN,PCA1,512.0,0.8646666407585144,0.8646666407585144,0.7875000238418579,0.7500000596046448,splits_entity30_DANN_2_0_b09dc755c62e.npz,b09dc755c62e,False,False,,,,,,,0.8677826194391164,all_pca,PCA1,IW residual DIS2 | W=2 | seed=0 (plug-in),True,
iw_residual_dis2,2.0,0.0,6000.0,240.0,1500.0,60.0,0.8553333333333333,0.0,1.0,23.039688110351562,0.5,0.5,0.4583333730697632,0.24956375360488892,,,,,0.140588538855186,0.0,1500.0,0.0,60.0,0.0,ok,plugin,False,,1439.6874605000512,1489.6291132558272,1.259311529504732,0.9587038119285237,1.0900219396118314,,0.0,0.140588538855186,0.859411461144814,0.859411461144814,False,,,,,,,entity30,3,DANN,PCA1,512.0,0.8636666536331177,0.8636666536331177,0.5708333849906921,0.6666666865348816,splits_entity30_DANN_3_0_b09dc755c62e.npz,b09dc755c62e,False,False,,,,,,,0.859411461144814,all_pca,PCA1,IW residual DIS2 | W=2 | seed=0 (plug-in),True,
iw_residual_dis2,2.0,0.0,6000.0,30828.0,1500.0,7709.0,0.856,0.0,1.0,1.8137761354446411,0.5,0.5,0.5815666317939758,0.23585844039916992,103.0,1150.0,54.0,555.0,0.14587823597589933,0.13036710338565313,1420.0,80.0,6704.0,1005.0,ok,plugin,False,,1387.8357043511664,1209.5388717011808,1.9910522665061556,0.9297264821024194,1.7211964476379253,0.6766169154228856,0.024654624464911155,0.17053286044081048,0.8294671395591895,0.8294671395591895,False,28.0,18.0,0.24384382367134094,0.4444444477558136,0.6882882714271545,"[{'epoch': 0, 'best_score': 0.07377374172210693}, {'epoch': 1, 'best_score': 0.12982982397079468}, {'epoch': 2, 'best_score': 0.1655656099319458}, {'epoch': 3, 'best_score': 0.20900899171829224}, {'epoch': 4, 'best_score': 0.19869869947433472}, {'epoch': 5, 'best_score': 0.19279277324676514}, {'epoch': 6, 'best_score': 0.20790791511535645}, {'epoch': 7, 'best_score': 0.22512513399124146}, {'epoch': 8, 'best_score': 0.22972971200942993}, {'epoch': 9, 'best_score': 0.22692692279815674}, {'epoch': 10, 'best_score': 0.21611613035202026}, {'epoch': 11, 'best_score': 0.21991994976997375}, {'epoch': 12, 'best_score': 0.21091094613075256}, {'epoch': 13, 'best_score': 0.20370373129844666}, {'epoch': 14, 'best_score': 0.2132132351398468}, {'epoch': 15, 'best_score': 0.20990991592407227}, {'epoch': 16, 'best_score': 0.2060060203075409}, {'epoch': 17, 'best_score': 0.20450448989868164}, {'epoch': 18, 'best_score': 0.20140141248703003}, {'epoch': 19, 'best_score': 0.20240238308906555}, {'epoch': 20, 'best_score': 0.1959959864616394}, {'epoch': 21, 'best_score': 0.19959956407546997}, {'epoch': 22, 'best_score': 0.1959959864616394}, {'epoch': 23, 'best_score': 0.22172173857688904}, {'epoch': 24, 'best_score': 0.2384384572505951}, {'epoch': 25, 'best_score': 0.23483482003211975}, {'epoch': 26, 'best_score': 0.2384384572505951}, {'epoch': 27, 'best_score': 0.24204203486442566}, {'epoch': 28, 'best_score': 0.24384382367134094}, {'epoch': 29, 'best_score': 0.2343343198299408}, {'epoch': 30, 'best_score': 0.23793795704841614}, {'epoch': 31, 'best_score': 0.23793795704841614}, {'epoch': 32, 'best_score': 0.2415415346622467}, {'epoch': 33, 'best_score': 0.22482478618621826}, {'epoch': 34, 'best_score': 0.22072070837020874}, {'epoch': 35, 'best_score': 0.22792792320251465}, {'epoch': 36, 'best_score': 0.21661663055419922}, {'epoch': 37, 'best_score': 0.22252249717712402}, {'epoch': 38, 'best_score': 0.22792792320251465}, {'epoch': 39, 'best_score': 0.22202205657958984}, {'epoch': 40, 'best_score': 0.21481484174728394}, {'epoch': 41, 'best_score': 0.2184184193611145}, {'epoch': 42, 'best_score': 0.22382384538650513}, {'epoch': 43, 'best_score': 0.2256256341934204}, {'epoch': 44, 'best_score': 0.22922921180725098}, {'epoch': 45, 'best_score': 0.2125125527381897}, {'epoch': 46, 'best_score': 0.21791791915893555}, {'epoch': 47, 'best_score': 0.21921920776367188}, {'epoch': 48, 'best_score': 0.21921920776367188}, {'epoch': 49, 'best_score': 0.2215215563774109}]",entity30,1,CDANN,PCA1,256.0,0.8611666560173035,0.8611666560173035,0.627903163433075,0.6345829367637634,splits_entity30_CDANN_1_0_b09dc755c62e.npz,b09dc755c62e,False,False,0.175,0.6625,0.014116915422885623,,,,0.8294671395591895,all_pca,PCA1,IW residual DIS2 | W=2 | seed=0 (plug-in),True,
iw_residual_dis2,2.0,0.0,6000.0,240.0,1500.0,60.0,0.862,0.0,1.0,54.598148345947266,0.5,0.5,0.45333331823349,0.2503350079059601,,,,,0.13613009502531476,0.0,1500.0,0.0,60.0,0.0,ok,plugin,False,,1473.2076475353115,1498.3149336650927,1.1419857473130715,0.9819276992464638,1.035616913932825,,0.0,0.13613009502531476,0.8638699049746852,0.8638699049746852,False,,,,,,,entity30,2,CDANN,PCA1,256.0,0.8646666407585144,0.8646666407585144,0.8125000596046448,0.7500000596046448,splits_entity30_CDANN_2_0_b09dc755c62e.npz,b09dc755c62e,False,False,,,,,,,0.8638699049746852,all_pca,PCA1,IW residual DIS2 | W=2 | seed=0 (plug-in),True,
iw_residual_dis2,2.0,0.0,6000.0,240.0,1500.0,60.0,0.8453333333333333,0.0,1.0,54.598148345947266,0.5,0.5,0.5199999809265137,0.2501932382583618,,,,,0.15210676976919343,0.0,1500.0,0.0,60.0,0.0,ok,plugin,False,,1471.0548150384423,1498.0786026852998,1.0963975632750698,0.9818907466481122,1.0356313757627644,,0.0,0.15210676976919343,0.8478932302308065,0.8478932302308065,False,,,,,,,entity30,3,CDANN,PCA1,256.0,0.8573333024978638,0.8573333024978638,0.5625,0.6166666746139526,splits_entity30_CDANN_3_0_b09dc755c62e.npz,b09dc755c62e,False,False,,,,,,,0.8478932302308065,all_pca,PCA1,IW residual DIS2 | W=2 | seed=0 (plug-in),True,
iw_residual_dis2,2.0,0.0,10000.0,2000.0,2500.0,500.0,0.9452,0.0,1.0,11.905715942382812,0.5,0.5,0.5375000238418579,0.2467244416475296,3.0,1.0,1.0,0.0,0.05577065060723683,0.002,2498.0,2.0,499.0,1.0,unsupported_critic_region,plugin,False,,2342.9591853675515,2391.1578693414904,1.8591063245420432,0.9180674311088004,1.286147849331117,,,,,,,,,,,,,cifar10,1,DANN,PCA1,512.0,0.9508999586105347,0.9508999586105347,0.8440000414848328,0.8360000252723694,splits_cifar10_DANN_1_0_b09dc755c62e.npz,b09dc755c62e,,,,,,,,,,all_pca,PCA1,IW residual DIS2 | W=2 | seed=0 (plug-in),False,
iw_residual_dis2,2.0,0.0,10000.0,2000.0,2500.0,500.0,0.946,0.0,1.0,8.50954818725586,0.5,0.5,0.5615000128746033,0.24493783712387085,9.0,5.0,4.0,2.0,0.052460596349471963,0.004,2492.0,8.0,498.0,2.0,ok,plugin,False,,2364.393506924501,2318.8944195957533,1.934765386425344,0.9062173545786203,1.4350282622272568,0.5,-0.0005,0.05196059634947196,0.9480394036505281,0.9480394036505281,False,1.0,19.0,0.5,0.5,1.0,"[{'epoch': 0, 'best_score': 0.25}, {'epoch': 1, 'best_score': 0.5}, {'epoch': 2, 'best_score': 0.5}, {'epoch': 3, 'best_score': 0.5}, {'epoch': 4, 'best_score': 0.5}, {'epoch': 5, 'best_score': 0.5}, {'epoch': 6, 'best_score': 0.5}, {'epoch': 7, 'best_score': 0.5}, {'epoch': 8, 'best_score': 0.5}, {'epoch': 9, 'best_score': 0.5}, {'epoch': 10, 'best_score': 0.25}, {'epoch': 11, 'best_score': 0.25}, {'epoch': 12, 'best_score': 0.25}, {'epoch': 13, 'best_score': 0.25}, {'epoch': 14, 'best_score': 0.25}, {'epoch': 15, 'best_score': 0.25}, {'epoch': 16, 'best_score': 0.25}, {'epoch': 17, 'best_score': 0.25}, {'epoch': 18, 'best_score': 0.25}, {'epoch': 19, 'best_score': 0.25}, {'epoch': 20, 'best_score': 0.25}, {'epoch': 21, 'best_score': 0.25}, {'epoch': 22, 'best_score': 0.25}, {'epoch': 23, 'best_score': 0.25}, {'epoch': 24, 'best_score': 0.25}, {'epoch': 25, 'best_score': 0.25}, {'epoch': 26, 'best_score': 0.25}, {'epoch': 27, 'best_score': 0.25}, {'epoch': 28, 'best_score': 0.25}, {'epoch': 29, 'best_score': 0.25}, {'epoch': 30, 'best_score': 0.25}, {'epoch': 31, 'best_score': 0.25}, {'epoch': 32, 'best_score': 0.25}, {'epoch': 33, 'best_score': 0.25}, {'epoch': 34, 'best_score': 0.25}, {'epoch': 35, 'best_score': 0.25}, {'epoch': 36, 'best_score': 0.25}, {'epoch': 37, 'best_score': 0.25}, {'epoch': 38, 'best_score': 0.25}, {'epoch': 39, 'best_score': 0.25}, {'epoch': 40, 'best_score': 0.25}, {'epoch': 41, 'best_score': 0.25}, {'epoch': 42, 'best_score': 0.25}, {'epoch': 43, 'best_score': 0.25}, {'epoch': 44, 'best_score': 0.25}, {'epoch': 45, 'best_score': 0.25}, {'epoch': 46, 'best_score': 0.25}, {'epoch': 47, 'best_score': 0.25}, {'epoch': 48, 'best_score': 0.25}, {'epoch': 49, 'best_score': 0.25}]",cifar10,10,DANN,PCA1,512.0,0.9477999806404114,0.9477999806404114,0.924500048160553,0.9120000600814819,splits_cifar10_DANN_10_0_b09dc755c62e.npz,b09dc755c62e,False,False,0.25,0.875,-0.375,,,,0.9480394036505281,all_pca,PCA1,IW residual DIS2 | W=2 | seed=0 (plug-in),True,
iw_residual_dis2,2.0,0.0,10000.0,2000.0,2500.0,500.0,0.9452,0.0,1.0,18.694143295288086,0.5,0.5,0.5379999876022339,0.24903744459152222,,,,,0.05424004476290468,0.0,2500.0,0.0,500.0,0.0,ok,plugin,False,,2424.6421822487346,2458.089112891152,1.7441620864259273,0.9619626130757815,1.1890780660160414,,0.0,0.05424004476290468,0.9457599552370953,0.9457599552370953,False,,,,,,,cifar10,71,DANN,PCA1,512.0,0.9487999677658081,0.9487999677658081,0.9305000305175781,0.9180000424385071,splits_cifar10_DANN_71_0_b09dc755c62e.npz,b09dc755c62e,False,False,,,,,,,0.9457599552370953,all_pca,PCA1,IW residual DIS2 | W=2 | seed=0 (plug-in),True,
iw_residual_dis2,2.0,0.0,10000.0,2000.0,2500.0,500.0,0.9528,0.0,1.0,28.372472763061523,0.5,0.5,0.5230000019073486,0.2495458424091339,,,,,0.04641558745506776,0.0,2500.0,0.0,500.0,0.0,ok,plugin,False,,2437.831162246237,2481.313041397826,1.342527010224568,0.9722892933945328,1.1186186433656964,,0.0,0.04641558745506776,0.9535844125449322,0.9535844125449322,False,,,,,,,cifar10,95,DANN,PCA1,512.0,0.9515999555587769,0.9515999555587769,0.9390000700950623,0.9360000491142273,splits_cifar10_DANN_95_0_b09dc755c62e.npz,b09dc755c62e,False,False,,,,,,,0.9535844125449322,all_pca,PCA1,IW residual DIS2 | W=2 | seed=0 (plug-in),True,
iw_residual_dis2,2.0,0.0,10000.0,2000.0,2500.0,500.0,0.9476,0.0,1.0,5.854191303253174,0.5,0.5,0.5665000081062317,0.24532011151313782,7.0,6.0,5.0,4.0,0.05207880443071483,0.006,2495.0,5.0,497.0,3.0,ok,plugin,False,,2305.4224625757415,2341.9208599014264,1.9410316961176546,0.8930369569457262,1.3790220623086282,1.0,0.0024000000000000002,0.05447880443071483,0.9455211955692852,0.9455211955692852,False,3.0,11.0,0.6000000238418579,0.4000000059604645,1.0,"[{'epoch': 0, 'best_score': 0.3999999761581421}, {'epoch': 1, 'best_score': 0.3999999761581421}, {'epoch': 2, 'best_score': 0.3999999761581421}, {'epoch': 3, 'best_score': 0.6000000238418579}, {'epoch': 4, 'best_score': 0.6000000238418579}, {'epoch': 5, 'best_score': 0.6000000238418579}, {'epoch': 6, 'best_score': 0.6000000238418579}, {'epoch': 7, 'best_score': 0.6000000238418579}, {'epoch': 8, 'best_score': 0.6000000238418579}, {'epoch': 9, 'best_score': 0.6000000238418579}, {'epoch': 10, 'best_score': 0.6000000238418579}, {'epoch': 11, 'best_score': 0.6000000238418579}, {'epoch': 12, 'best_score': 0.6000000238418579}, {'epoch': 13, 'best_score': 0.6000000238418579}, {'epoch': 14, 'best_score': 0.6000000238418579}, {'epoch': 15, 'best_score': 0.6000000238418579}, {'epoch': 16, 'best_score': 0.6000000238418579}, {'epoch': 17, 'best_score': 0.6000000238418579}, {'epoch': 18, 'best_score': 0.6000000238418579}, {'epoch': 19, 'best_score': 0.6000000238418579}, {'epoch': 20, 'best_score': 0.6000000238418579}, {'epoch': 21, 'best_score': 0.6000000238418579}, {'epoch': 22, 'best_score': 0.6000000238418579}, {'epoch': 23, 'best_score': 0.6000000238418579}, {'epoch': 24, 'best_score': 0.6000000238418579}, {'epoch': 25, 'best_score': 0.6000000238418579}, {'epoch': 26, 'best_score': 0.6000000238418579}, {'epoch': 27, 'best_score': 0.6000000238418579}, {'epoch': 28, 'best_score': 0.6000000238418579}, {'epoch': 29, 'best_score': 0.6000000238418579}, {'epoch': 30, 'best_score': 0.6000000238418579}, {'epoch': 31, 'best_score': 0.6000000238418579}, {'epoch': 32, 'best_score': 0.6000000238418579}, {'epoch': 33, 'best_score': 0.6000000238418579}, {'epoch': 34, 'best_score': 0.6000000238418579}, {'epoch': 35, 'best_score': 0.6000000238418579}, {'epoch': 36, 'best_score': 0.6000000238418579}, {'epoch': 37, 'best_score': 0.6000000238418579}, {'epoch': 38, 'best_score': 0.6000000238418579}, {'epoch': 39, 'best_score': 0.6000000238418579}, {'epoch': 40, 'best_score': 0.6000000238418579}, {'epoch': 41, 'best_score': 0.6000000238418579}, {'epoch': 42, 'best_score': 0.6000000238418579}, {'epoch': 43, 'best_score': 0.6000000238418579}, {'epoch': 44, 'best_score': 0.6000000238418579}, {'epoch': 45, 'best_score': 0.6000000238418579}, {'epoch': 46, 'best_score': 0.6000000238418579}, {'epoch': 47, 'best_score': 0.6000000238418579}, {'epoch': 48, 'best_score': 0.6000000238418579}, {'epoch': 49, 'best_score': 0.6000000238418579}]",cifar10,1,CDANN,PCA1,256.0,0.949999988079071,0.949999988079071,0.846500039100647,0.8440000414848328,splits_cifar10_CDANN_1_0_b09dc755c62e.npz,b09dc755c62e,False,False,0.0,0.6,0.4,,,,0.9455211955692852,all_pca,PCA1,IW residual DIS2 | W=2 | seed=0 (plug-in),True,
iw_residual_dis2,2.0,0.0,10000.0,2000.0,2500.0,500.0,0.9468,0.0,1.0,2.0682272911071777,0.5,0.5,0.6744999885559082,0.20151257514953613,301.0,198.0,139.0,96.0,0.03303438182540234,0.318,2249.0,251.0,341.0,159.0,ok,plugin,False,,1453.1495483097713,1479.2085294314631,1.9944440958842722,0.5217788334774099,1.6382372169982227,0.39622641509433965,0.03351394422310759,0.06654832604850994,0.9334516739514901,0.9334516739514901,False,13.0,24.0,0.23928356170654297,0.20863309502601624,0.4479166567325592,"[{'epoch': 0, 'best_score': 0.10446637868881226}, {'epoch': 1, 'best_score': 0.13301855325698853}, {'epoch': 2, 'best_score': 0.14890587329864502}, {'epoch': 3, 'best_score': 0.1399880051612854}, {'epoch': 4, 'best_score': 0.1449340581893921}, {'epoch': 5, 'best_score': 0.16179555654525757}, {'epoch': 6, 'best_score': 0.18412768840789795}, {'epoch': 7, 'best_score': 0.1913219690322876}, {'epoch': 8, 'best_score': 0.19312050938606262}, {'epoch': 9, 'best_score': 0.18540164828300476}, {'epoch': 10, 'best_score': 0.184202641248703}, {'epoch': 11, 'best_score': 0.1993405520915985}, {'epoch': 12, 'best_score': 0.2209232747554779}, {'epoch': 13, 'best_score': 0.23928356170654297}, {'epoch': 14, 'best_score': 0.19761690497398376}, {'epoch': 15, 'best_score': 0.19836629927158356}, {'epoch': 16, 'best_score': 0.19836629927158356}, {'epoch': 17, 'best_score': 0.19836629927158356}, {'epoch': 18, 'best_score': 0.16561751067638397}, {'epoch': 19, 'best_score': 0.1480065882205963}, {'epoch': 20, 'best_score': 0.1688399314880371}, {'epoch': 21, 'best_score': 0.16561751067638397}, {'epoch': 22, 'best_score': 0.14628298580646515}, {'epoch': 23, 'best_score': 0.14628298580646515}, {'epoch': 24, 'best_score': 0.1599220484495163}, {'epoch': 25, 'best_score': 0.1599220484495163}, {'epoch': 26, 'best_score': 0.1544514298439026}, {'epoch': 27, 'best_score': 0.15520082414150238}, {'epoch': 28, 'best_score': 0.15520082414150238}, {'epoch': 29, 'best_score': 0.14081233739852905}, {'epoch': 30, 'best_score': 0.14403477311134338}, {'epoch': 31, 'best_score': 0.1591726690530777}, {'epoch': 32, 'best_score': 0.1591726690530777}, {'epoch': 33, 'best_score': 0.17131295800209045}, {'epoch': 34, 'best_score': 0.17131295800209045}, {'epoch': 35, 'best_score': 0.17528477311134338}, {'epoch': 36, 'best_score': 0.15692445635795593}, {'epoch': 37, 'best_score': 0.14973020553588867}, {'epoch': 38, 'best_score': 0.16014686226844788}, {'epoch': 39, 'best_score': 0.14575839042663574}, {'epoch': 40, 'best_score': 0.14898082613945007}, {'epoch': 41, 'best_score': 0.15617507696151733}, {'epoch': 42, 'best_score': 0.16659173369407654}, {'epoch': 43, 'best_score': 0.15939748287200928}, {'epoch': 44, 'best_score': 0.17700839042663574}, {'epoch': 45, 'best_score': 0.16659173369407654}, {'epoch': 46, 'best_score': 0.15220323204994202}, {'epoch': 47, 'best_score': 0.14500898122787476}, {'epoch': 48, 'best_score': 0.14500898122787476}, {'epoch': 49, 'best_score': 0.13781476020812988}]",cifar10,10,CDANN,PCA1,256.0,0.948699951171875,0.948699951171875,0.9160000681877136,0.9120000600814819,splits_cifar10_CDANN_10_0_b09dc755c62e.npz,b09dc755c62e,False,False,0.04780876494023904,0.3386454183266932,0.05758099676764644,,,,0.9334516739514901,all_pca,PCA1,IW residual DIS2 | W=2 | seed=0 (plug-in),True,
iw_residual_dis2,2.0,0.0,10000.0,2000.0,2500.0,500.0,0.9492,0.0,1.0,3.23030686378479,0.5,0.5,0.6025000214576721,0.2292134314775467,156.0,95.0,73.0,54.0,0.040857719466942624,0.136,2369.0,131.0,432.0,68.0,ok,plugin,False,,1919.1940101792622,1908.012814088758,1.9973370230952145,0.7374990608992826,1.5926783186333242,0.38235294117647056,9.160305343510756e-05,0.04094932252037773,0.9590506774796222,0.9590506774796222,False,26.0,28.0,0.27752411365509033,0.31506848335266113,0.5925925970077515,"[{'epoch': 0, 'best_score': 0.13140535354614258}, {'epoch': 1, 'best_score': 0.14028412103652954}, {'epoch': 2, 'best_score': 0.1539827585220337}, {'epoch': 3, 'best_score': 0.19507861137390137}, {'epoch': 4, 'best_score': 0.19507861137390137}, {'epoch': 5, 'best_score': 0.22653478384017944}, {'epoch': 6, 'best_score': 0.17985796928405762}, {'epoch': 7, 'best_score': 0.17909687757492065}, {'epoch': 8, 'best_score': 0.20649415254592896}, {'epoch': 9, 'best_score': 0.20649415254592896}, {'epoch': 10, 'best_score': 0.19051244854927063}, {'epoch': 11, 'best_score': 0.20421108603477478}, {'epoch': 12, 'best_score': 0.21714863181114197}, {'epoch': 13, 'best_score': 0.23084726929664612}, {'epoch': 14, 'best_score': 0.21232876181602478}, {'epoch': 15, 'best_score': 0.19533231854438782}, {'epoch': 16, 'best_score': 0.19457125663757324}, {'epoch': 17, 'best_score': 0.2267884612083435}, {'epoch': 18, 'best_score': 0.2082698941230774}, {'epoch': 19, 'best_score': 0.2356671392917633}, {'epoch': 20, 'best_score': 0.2541857063770294}, {'epoch': 21, 'best_score': 0.2541857063770294}, {'epoch': 22, 'best_score': 0.2541857063770294}, {'epoch': 23, 'best_score': 0.259005606174469}, {'epoch': 24, 'best_score': 0.24530696868896484}, {'epoch': 25, 'best_score': 0.25012683868408203}, {'epoch': 26, 'best_score': 0.27752411365509033}, {'epoch': 27, 'best_score': 0.27752411365509033}, {'epoch': 28, 'best_score': 0.27752411365509033}, {'epoch': 29, 'best_score': 0.24530696868896484}, {'epoch': 30, 'best_score': 0.2316083312034607}, {'epoch': 31, 'best_score': 0.23642820119857788}, {'epoch': 32, 'best_score': 0.2316083312034607}, {'epoch': 33, 'best_score': 0.22272959351539612}, {'epoch': 34, 'best_score': 0.22272959351539612}, {'epoch': 35, 'best_score': 0.24124810099601746}, {'epoch': 36, 'best_score': 0.24124810099601746}, {'epoch': 37, 'best_score': 0.23642820119857788}, {'epoch': 38, 'best_score': 0.23642820119857788}, {'epoch': 39, 'best_score': 0.23642820119857788}, {'epoch': 40, 'best_score': 0.22272959351539612}, {'epoch': 41, 'best_score': 0.2316083312034607}, {'epoch': 42, 'best_score': 0.21790969371795654}, {'epoch': 43, 'best_score': 0.21790969371795654}, {'epoch': 44, 'best_score': 0.21790969371795654}, {'epoch': 45, 'best_score': 0.20421108603477478}, {'epoch': 46, 'best_score': 0.19051244854927063}, {'epoch': 47, 'best_score': 0.19051244854927063}, {'epoch': 48, 'best_score': 0.19051244854927063}, {'epoch': 49, 'best_score': 0.19051244854927063}]",cifar10,71,CDANN,PCA1,256.0,0.9511999487876892,0.9511999487876892,0.9280000329017639,0.9040000438690186,splits_cifar10_CDANN_71_0_b09dc755c62e.npz,b09dc755c62e,False,False,0.11450381679389313,0.4961832061068702,-0.11383026493039966,,,,0.9590506774796222,all_pca,PCA1,IW residual DIS2 | W=2 | seed=0 (plug-in),True,
iw_residual_dis2,2.0,0.0,10000.0,2000.0,2500.0,500.0,0.9516,0.0,1.0,1.7599599361419678,0.5,0.5,0.7210000157356262,0.19290170073509216,349.0,217.0,168.0,115.0,0.02595940607612705,0.4,2215.0,285.0,300.0,200.0,ok,plugin,False,,1360.3867338912044,1410.2461620283855,1.993175482262965,0.48120305120923906,1.6016322836679164,0.51,0.06364912280701755,0.0896085288831446,0.9103914711168554,0.9103914711168554,False,10.0,16.0,0.17054864764213562,0.3511904776096344,0.52173912525177,"[{'epoch': 0, 'best_score': 0.09389233589172363}, {'epoch': 1, 'best_score': 0.08017599582672119}, {'epoch': 2, 'best_score': 0.10724633932113647}, {'epoch': 3, 'best_score': 0.090320885181427}, {'epoch': 4, 'best_score': 0.12650102376937866}, {'epoch': 5, 'best_score': 0.11278468370437622}, {'epoch': 6, 'best_score': 0.12148034572601318}, {'epoch': 7, 'best_score': 0.11692547798156738}, {'epoch': 8, 'best_score': 0.12106627225875854}, {'epoch': 9, 'best_score': 0.11376813054084778}, {'epoch': 10, 'best_score': 0.17054864764213562}, {'epoch': 11, 'best_score': 0.12334367632865906}, {'epoch': 12, 'best_score': 0.13938921689987183}, {'epoch': 13, 'best_score': 0.09228777885437012}, {'epoch': 14, 'best_score': 0.10186335444450378}, {'epoch': 15, 'best_score': 0.0995858907699585}, {'epoch': 16, 'best_score': 0.08586955070495605}, {'epoch': 17, 'best_score': 0.09503105282783508}, {'epoch': 18, 'best_score': 0.08592131733894348}, {'epoch': 19, 'best_score': 0.10693582892417908}, {'epoch': 20, 'best_score': 0.11837473511695862}, {'epoch': 21, 'best_score': 0.08913043141365051}, {'epoch': 22, 'best_score': 0.10559004545211792}, {'epoch': 23, 'best_score': 0.10512420535087585}, {'epoch': 24, 'best_score': 0.10512420535087585}, {'epoch': 25, 'best_score': 0.11335402727127075}, {'epoch': 26, 'best_score': 0.11609730124473572}, {'epoch': 27, 'best_score': 0.10786747932434082}, {'epoch': 28, 'best_score': 0.10284677147865295}, {'epoch': 29, 'best_score': 0.11061078310012817}, {'epoch': 30, 'best_score': 0.12753620743751526}, {'epoch': 31, 'best_score': 0.11563146114349365}, {'epoch': 32, 'best_score': 0.11563146114349365}, {'epoch': 33, 'best_score': 0.11563146114349365}, {'epoch': 34, 'best_score': 0.11609730124473572}, {'epoch': 35, 'best_score': 0.12707039713859558}, {'epoch': 36, 'best_score': 0.14171841740608215}, {'epoch': 37, 'best_score': 0.15362316370010376}, {'epoch': 38, 'best_score': 0.14767080545425415}, {'epoch': 39, 'best_score': 0.15041407942771912}, {'epoch': 40, 'best_score': 0.14446169137954712}, {'epoch': 41, 'best_score': 0.14446169137954712}, {'epoch': 42, 'best_score': 0.12981364130973816}, {'epoch': 43, 'best_score': 0.13576602935791016}, {'epoch': 44, 'best_score': 0.13576602935791016}, {'epoch': 45, 'best_score': 0.14446169137954712}, {'epoch': 46, 'best_score': 0.14446169137954712}, {'epoch': 47, 'best_score': 0.13850930333137512}, {'epoch': 48, 'best_score': 0.12841615080833435}, {'epoch': 49, 'best_score': 0.1293478012084961}]",cifar10,95,CDANN,PCA1,256.0,0.9526000022888184,0.9526000022888184,0.9355000257492065,0.9260000586509705,splits_cifar10_CDANN_95_0_b09dc755c62e.npz,b09dc755c62e,True,True,0.07368421052631578,0.4245614035087719,0.08543859649122809,,,,0.9103914711168554,all_pca,PCA1,IW residual DIS2 | W=2 | seed=0 (plug-in),True,
iw_residual_dis2,2.0,0.0,10000.0,2000.0,2500.0,500.0,0.758,0.0,1.0,16.668615341186523,0.5,0.5,0.5394999980926514,0.24861130118370056,,,,,0.23269486270532674,0.0,2500.0,0.0,500.0,0.0,ok,plugin,False,,2400.838130604809,2452.3378129056373,1.5575921378983586,0.948742751371342,1.193729518075419,,0.0,0.23269486270532674,0.7673051372946733,0.7673051372946733,False,,,,,,,cifar100,4,DANN,PCA1,512.0,0.7841999530792236,0.7841999530792236,0.7440000176429749,0.7760000228881836,splits_cifar100_DANN_4_0_b09dc755c62e.npz,b09dc755c62e,False,True,,,,,,,0.7673051372946733,all_pca,PCA1,IW residual DIS2 | W=2 | seed=0 (plug-in),True,
iw_residual_dis2,2.0,0.0,10000.0,2000.0,2500.0,500.0,0.76,0.0,1.0,10.97741413116455,0.5,0.5,0.5385000109672546,0.24692904949188232,,,,,0.227684213130976,0.0,2500.0,0.0,500.0,0.0,ok,plugin,False,,2367.794160774559,2389.956184256765,1.8375539896083362,0.9251177007644988,1.3094084677235183,,0.0,0.227684213130976,0.772315786869024,0.772315786869024,False,,,,,,,cifar100,12,DANN,PCA1,512.0,0.7831999659538269,0.7831999659538269,0.7545000314712524,0.7860000133514404,splits_cifar100_DANN_12_0_b09dc755c62e.npz,b09dc755c62e,False,True,,,,,,,0.772315786869024,all_pca,PCA1,IW residual DIS2 | W=2 | seed=0 (plug-in),True,
iw_residual_dis2,2.0,0.0,10000.0,2000.0,2500.0,500.0,0.7596,0.0,1.0,7.229636192321777,0.5,0.5,0.5684999823570251,0.24233287572860718,29.0,7.0,19.0,3.0,0.21877623872108648,0.016,2477.0,23.0,492.0,8.0,ok,plugin,False,,2281.805830919363,2244.8602548870367,1.9879399090720844,0.8821116274250462,1.4965662466082557,0.875,0.002869565217391303,0.22164580393847777,0.7783541960615222,0.7783541960615222,False,7.0,8.0,0.31578946113586426,0.6842105388641357,1.0,"[{'epoch': 0, 'best_score': 0.10526317358016968}, {'epoch': 1, 'best_score': 0.21052628755569458}, {'epoch': 2, 'best_score': 0.2631579041481018}, {'epoch': 3, 'best_score': 0.2631579041481018}, {'epoch': 4, 'best_score': 0.2631579041481018}, {'epoch': 5, 'best_score': 0.2631579041481018}, {'epoch': 6, 'best_score': 0.2631579041481018}, {'epoch': 7, 'best_score': 0.31578946113586426}, {'epoch': 8, 'best_score': 0.31578946113586426}, {'epoch': 9, 'best_score': 0.31578946113586426}, {'epoch': 10, 'best_score': 0.31578946113586426}, {'epoch': 11, 'best_score': 0.31578946113586426}, {'epoch': 12, 'best_score': 0.31578946113586426}, {'epoch': 13, 'best_score': 0.31578946113586426}, {'epoch': 14, 'best_score': 0.31578946113586426}, {'epoch': 15, 'best_score': 0.31578946113586426}, {'epoch': 16, 'best_score': 0.31578946113586426}, {'epoch': 17, 'best_score': 0.31578946113586426}, {'epoch': 18, 'best_score': 0.31578946113586426}, {'epoch': 19, 'best_score': 0.2631579041481018}, {'epoch': 20, 'best_score': 0.2631579041481018}, {'epoch': 21, 'best_score': 0.2631579041481018}, {'epoch': 22, 'best_score': 0.2631579041481018}, {'epoch': 23, 'best_score': 0.2631579041481018}, {'epoch': 24, 'best_score': 0.2631579041481018}, {'epoch': 25, 'best_score': 0.2631579041481018}, {'epoch': 26, 'best_score': 0.2631579041481018}, {'epoch': 27, 'best_score': 0.2631579041481018}, {'epoch': 28, 'best_score': 0.2631579041481018}, {'epoch': 29, 'best_score': 0.2631579041481018}, {'epoch': 30, 'best_score': 0.2631579041481018}, {'epoch': 31, 'best_score': 0.2631579041481018}, {'epoch': 32, 'best_score': 0.2631579041481018}, {'epoch': 33, 'best_score': 0.2631579041481018}, {'epoch': 34, 'best_score': 0.2631579041481018}, {'epoch': 35, 'best_score': 0.2631579041481018}, {'epoch': 36, 'best_score': 0.2631579041481018}, {'epoch': 37, 'best_score': 0.2631579041481018}, {'epoch': 38, 'best_score': 0.2631579041481018}, {'epoch': 39, 'best_score': 0.2631579041481018}, {'epoch': 40, 'best_score': 0.2631579041481018}, {'epoch': 41, 'best_score': 0.2631579041481018}, {'epoch': 42, 'best_score': 0.2631579041481018}, {'epoch': 43, 'best_score': 0.2631579041481018}, {'epoch': 44, 'best_score': 0.2631579041481018}, {'epoch': 45, 'best_score': 0.2631579041481018}, {'epoch': 46, 'best_score': 0.2631579041481018}, {'epoch': 47, 'best_score': 0.2631579041481018}, {'epoch': 48, 'best_score': 0.2631579041481018}, {'epoch': 49, 'best_score': 0.2631579041481018}]",cifar100,59,DANN,PCA1,512.0,0.7841999530792236,0.7841999530792236,0.7585000395774841,0.7720000147819519,splits_cifar100_DANN_59_0_b09dc755c62e.npz,b09dc755c62e,False,False,0.13043478260869565,0.8260869565217391,0.048913043478260865,,,,0.7783541960615222,all_pca,PCA1,IW residual DIS2 | W=2 | seed=0 (plug-in),True,
iw_residual_dis2,2.0,0.0,10000.0,2000.0,2500.0,500.0,0.764,0.0,1.0,7.577130317687988,0.5,0.5,0.5525000095367432,0.24382567405700684,14.0,1.0,11.0,0.0,0.21792514323004544,0.014,2491.0,9.0,493.0,7.0,unsupported_critic_region,plugin,False,,2325.4143852437173,2274.242006551296,1.9830324293322394,0.8949102226652511,1.4780694243310757,,,,,,,,,,,,,cifar100,82,DANN,PCA1,512.0,0.7861999869346619,0.7861999869346619,0.7695000171661377,0.7700000405311584,splits_cifar100_DANN_82_0_b09dc755c62e.npz,b09dc755c62e,,,,,,,,,,all_pca,PCA1,IW residual DIS2 | W=2 | seed=0 (plug-in),False,
iw_residual_dis2,2.0,0.0,10000.0,2000.0,2500.0,500.0,0.762,0.0,1.0,2.6183037757873535,0.5,0.5,0.6740000247955322,0.2148706316947937,215.0,161.0,93.0,73.0,0.16140509652826054,0.272,2324.0,176.0,364.0,136.0,ok,plugin,False,,1680.9908520392964,1708.2959331905065,1.9955659166034323,0.619608934357542,1.6188827290602041,0.75,0.10045454545454545,0.261859641982806,0.738140358017194,0.738140358017194,False,15.0,19.0,0.18264836072921753,0.6666666865348816,0.8493150472640991,"[{'epoch': 0, 'best_score': 0.03225809335708618}, {'epoch': 1, 'best_score': 0.08307558298110962}, {'epoch': 2, 'best_score': 0.1260862946510315}, {'epoch': 3, 'best_score': 0.1260862946510315}, {'epoch': 4, 'best_score': 0.13094711303710938}, {'epoch': 5, 'best_score': 0.13580793142318726}, {'epoch': 6, 'best_score': 0.1514214277267456}, {'epoch': 7, 'best_score': 0.14847546815872192}, {'epoch': 8, 'best_score': 0.14258354902267456}, {'epoch': 9, 'best_score': 0.13963764905929565}, {'epoch': 10, 'best_score': 0.17189568281173706}, {'epoch': 11, 'best_score': 0.17189568281173706}, {'epoch': 12, 'best_score': 0.13669168949127197}, {'epoch': 13, 'best_score': 0.1581970453262329}, {'epoch': 14, 'best_score': 0.16894972324371338}, {'epoch': 15, 'best_score': 0.18264836072921753}, {'epoch': 16, 'best_score': 0.1611430048942566}, {'epoch': 17, 'best_score': 0.1611430048942566}, {'epoch': 18, 'best_score': 0.14744436740875244}, {'epoch': 19, 'best_score': 0.1611430048942566}, {'epoch': 20, 'best_score': 0.13669168949127197}, {'epoch': 21, 'best_score': 0.14744436740875244}, {'epoch': 22, 'best_score': 0.13963764905929565}, {'epoch': 23, 'best_score': 0.1288849115371704}, {'epoch': 24, 'best_score': 0.1259390115737915}, {'epoch': 25, 'best_score': 0.1229931116104126}, {'epoch': 26, 'best_score': 0.1229931116104126}, {'epoch': 27, 'best_score': 0.1229931116104126}, {'epoch': 28, 'best_score': 0.1229931116104126}, {'epoch': 29, 'best_score': 0.14744436740875244}, {'epoch': 30, 'best_score': 0.1611430048942566}, {'epoch': 31, 'best_score': 0.13963764905929565}, {'epoch': 32, 'best_score': 0.13963764905929565}, {'epoch': 33, 'best_score': 0.1288849115371704}, {'epoch': 34, 'best_score': 0.1259390115737915}, {'epoch': 35, 'best_score': 0.1259390115737915}, {'epoch': 36, 'best_score': 0.13963764905929565}, {'epoch': 37, 'best_score': 0.13963764905929565}, {'epoch': 38, 'best_score': 0.13963764905929565}, {'epoch': 39, 'best_score': 0.13963764905929565}, {'epoch': 40, 'best_score': 0.13963764905929565}, {'epoch': 41, 'best_score': 0.15039032697677612}, {'epoch': 42, 'best_score': 0.13669168949127197}, {'epoch': 43, 'best_score': 0.1229931116104126}, {'epoch': 44, 'best_score': 0.1229931116104126}, {'epoch': 45, 'best_score': 0.1229931116104126}, {'epoch': 46, 'best_score': 0.1229931116104126}, {'epoch': 47, 'best_score': 0.1229931116104126}, {'epoch': 48, 'best_score': 0.1229931116104126}, {'epoch': 49, 'best_score': 0.1229931116104126}]",cifar100,4,CDANN,PCA1,256.0,0.7849999666213989,0.7849999666213989,0.7275000214576721,0.7480000257492065,splits_cifar100_CDANN_4_0_b09dc755c62e.npz,b09dc755c62e,False,True,0.25,0.6306818181818182,0.11931818181818177,,,,0.738140358017194,all_pca,PCA1,IW residual DIS2 | W=2 | seed=0 (plug-in),True,
iw_residual_dis2,2.0,0.0,10000.0,2000.0,2500.0,500.0,0.766,0.0,1.0,2.715115547180176,0.5,0.5,0.6295000314712524,0.21847495436668396,208.0,126.0,112.0,76.0,0.1616978960992869,0.238,2327.0,173.0,381.0,119.0,ok,plugin,False,,1703.7075227224473,1718.8596319580877,1.9976528655750296,0.6327742603948244,1.614363161784065,0.7563025210084033,0.07682080924855492,0.2385187053478418,0.7614812946521582,0.7614812946521582,False,10.0,0.0,0.20347744226455688,0.6517857313156128,0.8552631735801697,"[{'epoch': 0, 'best_score': 0.04934209585189819}, {'epoch': 1, 'best_score': 0.0671992301940918}, {'epoch': 2, 'best_score': 0.09821426868438721}, {'epoch': 3, 'best_score': 0.10385340452194214}, {'epoch': 4, 'best_score': 0.12640976905822754}, {'epoch': 5, 'best_score': 0.16635340452194214}, {'epoch': 6, 'best_score': 0.17528194189071655}, {'epoch': 7, 'best_score': 0.19407892227172852}, {'epoch': 8, 'best_score': 0.19407892227172852}, {'epoch': 9, 'best_score': 0.1987782120704651}, {'epoch': 10, 'best_score': 0.20347744226455688}, {'epoch': 11, 'best_score': 0.19501876831054688}, {'epoch': 12, 'best_score': 0.19454890489578247}, {'epoch': 13, 'best_score': 0.19031953811645508}, {'epoch': 14, 'best_score': 0.19924813508987427}, {'epoch': 15, 'best_score': 0.19172930717468262}, {'epoch': 16, 'best_score': 0.19172930717468262}, {'epoch': 17, 'best_score': 0.19172930717468262}, {'epoch': 18, 'best_score': 0.1828007698059082}, {'epoch': 19, 'best_score': 0.1828007698059082}, {'epoch': 20, 'best_score': 0.1696428656578064}, {'epoch': 21, 'best_score': 0.1564849615097046}, {'epoch': 22, 'best_score': 0.16870296001434326}, {'epoch': 23, 'best_score': 0.16870296001434326}, {'epoch': 24, 'best_score': 0.16870296001434326}, {'epoch': 25, 'best_score': 0.16870296001434326}, {'epoch': 26, 'best_score': 0.16870296001434326}, {'epoch': 27, 'best_score': 0.16870296001434326}, {'epoch': 28, 'best_score': 0.147086501121521}, {'epoch': 29, 'best_score': 0.147086501121521}, {'epoch': 30, 'best_score': 0.13768798112869263}, {'epoch': 31, 'best_score': 0.13768798112869263}, {'epoch': 32, 'best_score': 0.13768798112869263}, {'epoch': 33, 'best_score': 0.13768798112869263}, {'epoch': 34, 'best_score': 0.13768798112869263}, {'epoch': 35, 'best_score': 0.13768798112869263}, {'epoch': 36, 'best_score': 0.13768798112869263}, {'epoch': 37, 'best_score': 0.13345867395401}, {'epoch': 38, 'best_score': 0.13768798112869263}, {'epoch': 39, 'best_score': 0.13768798112869263}, {'epoch': 40, 'best_score': 0.14238721132278442}, {'epoch': 41, 'best_score': 0.13768798112869263}, {'epoch': 42, 'best_score': 0.12922930717468262}, {'epoch': 43, 'best_score': 0.12922930717468262}, {'epoch': 44, 'best_score': 0.12922930717468262}, {'epoch': 45, 'best_score': 0.12922930717468262}, {'epoch': 46, 'best_score': 0.1287594437599182}, {'epoch': 47, 'best_score': 0.13345867395401}, {'epoch': 48, 'best_score': 0.13345867395401}, {'epoch': 49, 'best_score': 0.13345867395401}]",cifar100,12,CDANN,PCA1,256.0,0.7858999967575073,0.7858999967575073,0.7480000257492065,0.7680000066757202,splits_cifar100_CDANN_12_0_b09dc755c62e.npz,b09dc755c62e,False,True,0.21965317919075145,0.653179190751445,0.1031233302569583,,,,0.7614812946521582,all_pca,PCA1,IW residual DIS2 | W=2 | seed=0 (plug-in),True,
iw_residual_dis2,2.0,0.0,10000.0,2000.0,2500.0,500.0,0.7664,0.0,1.0,2.0629892349243164,0.5,0.5,0.690500020980835,0.20447368919849396,316.0,161.0,129.0,89.0,0.1445559055835236,0.284,2242.0,258.0,358.0,142.0,ok,plugin,False,,1502.6707364455606,1523.5936197907242,1.9970104442097136,0.5521284989551385,1.634561498035605,0.7816901408450704,0.08330232558139533,0.22785823116491893,0.7721417688350811,0.7721417688350811,False,9.0,22.0,0.16827797889709473,0.6744186282157898,0.8426966071128845,"[{'epoch': 0, 'best_score': 0.05426359176635742}, {'epoch': 1, 'best_score': 0.06279939413070679}, {'epoch': 2, 'best_score': 0.09459108114242554}, {'epoch': 3, 'best_score': 0.12986677885055542}, {'epoch': 4, 'best_score': 0.12908285856246948}, {'epoch': 5, 'best_score': 0.13840258121490479}, {'epoch': 6, 'best_score': 0.1357024908065796}, {'epoch': 7, 'best_score': 0.14153820276260376}, {'epoch': 8, 'best_score': 0.15199023485183716}, {'epoch': 9, 'best_score': 0.16827797889709473}, {'epoch': 10, 'best_score': 0.15860986709594727}, {'epoch': 11, 'best_score': 0.16636180877685547}, {'epoch': 12, 'best_score': 0.1438899040222168}, {'epoch': 13, 'best_score': 0.14040589332580566}, {'epoch': 14, 'best_score': 0.11444997787475586}, {'epoch': 15, 'best_score': 0.11793398857116699}, {'epoch': 16, 'best_score': 0.09546208381652832}, {'epoch': 17, 'best_score': 0.08771014213562012}, {'epoch': 18, 'best_score': 0.07995820045471191}, {'epoch': 19, 'best_score': 0.09546208381652832}, {'epoch': 20, 'best_score': 0.10321402549743652}, {'epoch': 21, 'best_score': 0.09973001480102539}, {'epoch': 22, 'best_score': 0.09197807312011719}, {'epoch': 23, 'best_score': 0.09197807312011719}, {'epoch': 24, 'best_score': 0.09119415283203125}, {'epoch': 25, 'best_score': 0.09197807312011719}, {'epoch': 26, 'best_score': 0.09894609451293945}, {'epoch': 27, 'best_score': 0.08849406242370605}, {'epoch': 28, 'best_score': 0.09197807312011719}, {'epoch': 29, 'best_score': 0.09546208381652832}, {'epoch': 30, 'best_score': 0.10321402549743652}, {'epoch': 31, 'best_score': 0.10321402549743652}, {'epoch': 32, 'best_score': 0.10321402549743652}, {'epoch': 33, 'best_score': 0.11018204689025879}, {'epoch': 34, 'best_score': 0.09894609451293945}, {'epoch': 35, 'best_score': 0.10669803619384766}, {'epoch': 36, 'best_score': 0.10669803619384766}, {'epoch': 37, 'best_score': 0.11444997787475586}, {'epoch': 38, 'best_score': 0.11444997787475586}, {'epoch': 39, 'best_score': 0.11444997787475586}, {'epoch': 40, 'best_score': 0.11444997787475586}, {'epoch': 41, 'best_score': 0.11871790885925293}, {'epoch': 42, 'best_score': 0.11871790885925293}, {'epoch': 43, 'best_score': 0.12995386123657227}, {'epoch': 44, 'best_score': 0.12995386123657227}, {'epoch': 45, 'best_score': 0.12995386123657227}, {'epoch': 46, 'best_score': 0.12995386123657227}, {'epoch': 47, 'best_score': 0.12220191955566406}, {'epoch': 48, 'best_score': 0.12220191955566406}, {'epoch': 49, 'best_score': 0.10669803619384766}]",cifar100,59,CDANN,PCA1,256.0,0.7870000004768372,0.7870000004768372,0.7580000162124634,0.7920000553131104,splits_cifar100_CDANN_59_0_b09dc755c62e.npz,b09dc755c62e,False,True,0.22868217054263565,0.7170542635658915,0.06463587727917885,,,,0.7721417688350811,all_pca,PCA1,IW residual DIS2 | W=2 | seed=0 (plug-in),True,
iw_residual_dis2,2.0,0.0,10000.0,2000.0,2500.0,500.0,0.7652,0.0,1.0,3.2206785678863525,0.5,0.5,0.6080000400543213,0.23275375366210938,126.0,63.0,49.0,42.0,0.18348431392177103,0.102,2413.0,87.0,449.0,51.0,ok,plugin,False,,1983.4450399386956,1955.4611473350622,1.9995981965907141,0.7403866938934915,1.6240852311792804,0.8235294117647058,0.03124137931034484,0.21472569323211588,0.7852743067678841,0.7852743067678841,False,11.0,13.0,0.2789115905761719,0.6734693646430969,0.9523809552192688,"[{'epoch': 0, 'best_score': 0.040816307067871094}, {'epoch': 1, 'best_score': 0.06122446060180664}, {'epoch': 2, 'best_score': 0.08163267374038696}, {'epoch': 3, 'best_score': 0.16326528787612915}, {'epoch': 4, 'best_score': 0.13945573568344116}, {'epoch': 5, 'best_score': 0.21428567171096802}, {'epoch': 6, 'best_score': 0.1972789168357849}, {'epoch': 7, 'best_score': 0.21768707036972046}, {'epoch': 8, 'best_score': 0.25850337743759155}, {'epoch': 9, 'best_score': 0.25850337743759155}, {'epoch': 10, 'best_score': 0.25850337743759155}, {'epoch': 11, 'best_score': 0.2789115905761719}, {'epoch': 12, 'best_score': 0.23129254579544067}, {'epoch': 13, 'best_score': 0.23129254579544067}, {'epoch': 14, 'best_score': 0.18367350101470947}, {'epoch': 15, 'best_score': 0.20748299360275269}, {'epoch': 16, 'best_score': 0.22789114713668823}, {'epoch': 17, 'best_score': 0.22789114713668823}, {'epoch': 18, 'best_score': 0.24829930067062378}, {'epoch': 19, 'best_score': 0.24829930067062378}, {'epoch': 20, 'best_score': 0.24829930067062378}, {'epoch': 21, 'best_score': 0.21768707036972046}, {'epoch': 22, 'best_score': 0.21768707036972046}, {'epoch': 23, 'best_score': 0.21768707036972046}, {'epoch': 24, 'best_score': 0.21768707036972046}, {'epoch': 25, 'best_score': 0.21768707036972046}, {'epoch': 26, 'best_score': 0.2448979616165161}, {'epoch': 27, 'best_score': 0.2448979616165161}, {'epoch': 28, 'best_score': 0.22448980808258057}, {'epoch': 29, 'best_score': 0.22448980808258057}, {'epoch': 30, 'best_score': 0.22448980808258057}, {'epoch': 31, 'best_score': 0.22448980808258057}, {'epoch': 32, 'best_score': 0.2448979616165161}, {'epoch': 33, 'best_score': 0.2448979616165161}, {'epoch': 34, 'best_score': 0.2448979616165161}, {'epoch': 35, 'best_score': 0.22108840942382812}, {'epoch': 36, 'best_score': 0.22108840942382812}, {'epoch': 37, 'best_score': 0.22108840942382812}, {'epoch': 38, 'best_score': 0.22108840942382812}, {'epoch': 39, 'best_score': 0.22108840942382812}, {'epoch': 40, 'best_score': 0.22108840942382812}, {'epoch': 41, 'best_score': 0.22108840942382812}, {'epoch': 42, 'best_score': 0.22108840942382812}, {'epoch': 43, 'best_score': 0.22108840942382812}, {'epoch': 44, 'best_score': 0.22108840942382812}, {'epoch': 45, 'best_score': 0.22108840942382812}, {'epoch': 46, 'best_score': 0.22108840942382812}, {'epoch': 47, 'best_score': 0.22108840942382812}, {'epoch': 48, 'best_score': 0.22108840942382812}, {'epoch': 49, 'best_score': 0.22108840942382812}]",cifar100,82,CDANN,PCA1,256.0,0.7872999906539917,0.7872999906539917,0.7635000348091125,0.7720000147819519,splits_cifar100_CDANN_82_0_b09dc755c62e.npz,b09dc755c62e,False,False,0.25287356321839083,0.7701149425287356,0.05341446923597026,,,,0.7852743067678841,all_pca,PCA1,IW residual DIS2 | W=2 | seed=0 (plug-in),True,
iw_residual_dis2,2.0,0.0,28152.0,9910.0,7040.0,2478.0,0.803125,0.0,1.0,3.5585877895355225,0.5,0.5,0.7535672187805176,0.16740885376930237,929.0,1792.0,468.0,889.0,0.09494730104249574,0.5807102502017756,6256.0,784.0,1039.0,1439.0,ok,plugin,False,,3380.800400843545,3698.4392047707793,1.9997803260764455,0.39454745874598973,1.5133909318098127,0.7984711605281446,0.2555431676302483,0.350490468672744,0.649509531327256,0.649509531327256,False,8.0,6.0,0.18393850326538086,0.6068376302719116,0.7907761335372925,"[{'epoch': 0, 'best_score': 0.05071723461151123}, {'epoch': 1, 'best_score': 0.12278753519058228}, {'epoch': 2, 'best_score': 0.15988868474960327}, {'epoch': 3, 'best_score': 0.18169844150543213}, {'epoch': 4, 'best_score': 0.16662335395812988}, {'epoch': 5, 'best_score': 0.1702190637588501}, {'epoch': 6, 'best_score': 0.17606449127197266}, {'epoch': 7, 'best_score': 0.17415368556976318}, {'epoch': 8, 'best_score': 0.18393850326538086}, {'epoch': 9, 'best_score': 0.1775282621383667}, {'epoch': 10, 'best_score': 0.16898125410079956}, {'epoch': 11, 'best_score': 0.16898125410079956}, {'epoch': 12, 'best_score': 0.16527259349822998}, {'epoch': 13, 'best_score': 0.1540287733078003}, {'epoch': 14, 'best_score': 0.15785527229309082}, {'epoch': 15, 'best_score': 0.1560574173927307}, {'epoch': 16, 'best_score': 0.1518968939781189}, {'epoch': 17, 'best_score': 0.14391469955444336}, {'epoch': 18, 'best_score': 0.14391469955444336}, {'epoch': 19, 'best_score': 0.1435806155204773}, {'epoch': 20, 'best_score': 0.14346766471862793}, {'epoch': 21, 'best_score': 0.14808005094528198}, {'epoch': 22, 'best_score': 0.14740705490112305}, {'epoch': 23, 'best_score': 0.14425843954086304}, {'epoch': 24, 'best_score': 0.14785891771316528}, {'epoch': 25, 'best_score': 0.14369839429855347}, {'epoch': 26, 'best_score': 0.1451621651649475}, {'epoch': 27, 'best_score': 0.14088863134384155}, {'epoch': 28, 'best_score': 0.14527511596679688}, {'epoch': 29, 'best_score': 0.1421264410018921}, {'epoch': 30, 'best_score': 0.14100158214569092}, {'epoch': 31, 'best_score': 0.14325129985809326}, {'epoch': 32, 'best_score': 0.14111453294754028}, {'epoch': 33, 'best_score': 0.14223939180374146}, {'epoch': 34, 'best_score': 0.14223939180374146}, {'epoch': 35, 'best_score': 0.1441502571105957}, {'epoch': 36, 'best_score': 0.1455010175704956}, {'epoch': 37, 'best_score': 0.14876264333724976}, {'epoch': 38, 'best_score': 0.14437615871429443}, {'epoch': 39, 'best_score': 0.1465129256248474}, {'epoch': 40, 'best_score': 0.14662587642669678}, {'epoch': 41, 'best_score': 0.1455010175704956}, {'epoch': 42, 'best_score': 0.1455010175704956}, {'epoch': 43, 'best_score': 0.14336425065994263}, {'epoch': 44, 'best_score': 0.14223939180374146}, {'epoch': 45, 'best_score': 0.14325129985809326}, {'epoch': 46, 'best_score': 0.14223939180374146}, {'epoch': 47, 'best_score': 0.1431383490562439}, {'epoch': 48, 'best_score': 0.14426320791244507}, {'epoch': 49, 'best_score': 0.14426320791244507}]",domainnet,1,DANN,PCA1,2048.0,0.8072605729103088,0.8072605729103088,0.465893030166626,0.47497981786727905,splits_domainnet_DANN_1_0_b09dc755c62e.npz,b09dc755c62e,False,False,0.2461734693877551,0.6045918367346939,0.19387932379345074,,,,0.649509531327256,all_pca,PCA1,IW residual DIS2 | W=2 | seed=0 (plug-in),True,
iw_residual_dis2,2.0,0.0,28152.0,14207.0,7040.0,3553.0,0.8038352272727273,0.0,1.0,4.441120147705078,0.5,0.5,0.80036461353302,0.14118699729442596,762.0,2872.0,407.0,1453.0,0.08147387217036035,0.6785814804390656,6411.0,629.0,1142.0,2411.0,ok,plugin,False,,2738.120469017378,3207.6799875683023,1.9974277776609037,0.26892755068028507,1.4063272977725805,0.8494400663625051,0.2797371799375077,0.361211052107868,0.638788947892132,0.638788947892132,False,5.0,29.0,0.1985640525817871,0.6486486196517944,0.8472126722335815,"[{'epoch': 0, 'best_score': 0.05719250440597534}, {'epoch': 1, 'best_score': 0.13265788555145264}, {'epoch': 2, 'best_score': 0.1688043475151062}, {'epoch': 3, 'best_score': 0.18658167123794556}, {'epoch': 4, 'best_score': 0.19109660387039185}, {'epoch': 5, 'best_score': 0.1985640525817871}, {'epoch': 6, 'best_score': 0.19728392362594604}, {'epoch': 7, 'best_score': 0.19590747356414795}, {'epoch': 8, 'best_score': 0.19128262996673584}, {'epoch': 9, 'best_score': 0.1904016137123108}, {'epoch': 10, 'best_score': 0.1920740008354187}, {'epoch': 11, 'best_score': 0.19148892164230347}, {'epoch': 12, 'best_score': 0.1885432004928589}, {'epoch': 13, 'best_score': 0.1887427568435669}, {'epoch': 14, 'best_score': 0.18786180019378662}, {'epoch': 15, 'best_score': 0.1859966516494751}, {'epoch': 16, 'best_score': 0.18010520935058594}, {'epoch': 17, 'best_score': 0.1837458610534668}, {'epoch': 18, 'best_score': 0.1717568039894104}, {'epoch': 19, 'best_score': 0.16989165544509888}, {'epoch': 20, 'best_score': 0.17294049263000488}, {'epoch': 21, 'best_score': 0.17422056198120117}, {'epoch': 22, 'best_score': 0.16960245370864868}, {'epoch': 23, 'best_score': 0.16429615020751953}, {'epoch': 24, 'best_score': 0.16144686937332153}, {'epoch': 25, 'best_score': 0.1580125093460083}, {'epoch': 26, 'best_score': 0.15879708528518677}, {'epoch': 27, 'best_score': 0.15899664163589478}, {'epoch': 28, 'best_score': 0.15752381086349487}, {'epoch': 29, 'best_score': 0.15752381086349487}, {'epoch': 30, 'best_score': 0.15398621559143066}, {'epoch': 31, 'best_score': 0.15398621559143066}, {'epoch': 32, 'best_score': 0.15398621559143066}, {'epoch': 33, 'best_score': 0.15536272525787354}, {'epoch': 34, 'best_score': 0.1560509204864502}, {'epoch': 35, 'best_score': 0.15074461698532104}, {'epoch': 36, 'best_score': 0.15074461698532104}, {'epoch': 37, 'best_score': 0.15074461698532104}, {'epoch': 38, 'best_score': 0.150448739528656}, {'epoch': 39, 'best_score': 0.1472070813179016}, {'epoch': 40, 'best_score': 0.14681476354599}, {'epoch': 41, 'best_score': 0.14927178621292114}, {'epoch': 42, 'best_score': 0.1485835313796997}, {'epoch': 43, 'best_score': 0.1486799120903015}, {'epoch': 44, 'best_score': 0.14789533615112305}, {'epoch': 45, 'best_score': 0.1472070813179016}, {'epoch': 46, 'best_score': 0.14651888608932495}, {'epoch': 47, 'best_score': 0.14651888608932495}, {'epoch': 48, 'best_score': 0.14651888608932495}, {'epoch': 49, 'best_score': 0.14651888608932495}]",domainnet,2,DANN,PCA1,2048.0,0.8101378083229065,0.8101378083229065,0.38572534918785095,0.38727834820747375,splits_domainnet_DANN_2_0_b09dc755c62e.npz,b09dc755c62e,False,False,0.2289348171701113,0.6661367249602543,0.1833033414022508,,,,0.638788947892132,all_pca,PCA1,IW residual DIS2 | W=2 | seed=0 (plug-in),True,
iw_residual_dis2,2.0,0.0,28152.0,15295.0,7040.0,3825.0,0.8072443181818182,0.0,1.0,3.4903576374053955,0.5,0.5,0.7472388744354248,0.17125815153121948,834.0,2432.0,430.0,1225.0,0.09575176167550743,0.5338562091503268,6299.0,741.0,1783.0,2042.0,ok,plugin,False,,3263.215053537013,3631.2443232785035,1.9989528399278227,0.3706022470047136,1.5183352084345958,0.8413320274240941,0.23733693207377424,0.3330886937492817,0.6669113062507184,0.6669113062507184,False,5.0,2.0,0.21592789888381958,0.6232557892799377,0.8391836881637573,"[{'epoch': 0, 'best_score': 0.04658752679824829}, {'epoch': 1, 'best_score': 0.14077836275100708}, {'epoch': 2, 'best_score': 0.17393451929092407}, {'epoch': 3, 'best_score': 0.19501662254333496}, {'epoch': 4, 'best_score': 0.2041006088256836}, {'epoch': 5, 'best_score': 0.21592789888381958}, {'epoch': 6, 'best_score': 0.21360230445861816}, {'epoch': 7, 'best_score': 0.21201705932617188}, {'epoch': 8, 'best_score': 0.2080588936805725}, {'epoch': 9, 'best_score': 0.20748931169509888}, {'epoch': 10, 'best_score': 0.20830565690994263}, {'epoch': 11, 'best_score': 0.207736074924469}, {'epoch': 12, 'best_score': 0.2105553150177002}, {'epoch': 13, 'best_score': 0.2060275673866272}, {'epoch': 14, 'best_score': 0.2094162106513977}, {'epoch': 15, 'best_score': 0.19607973098754883}, {'epoch': 16, 'best_score': 0.19110584259033203}, {'epoch': 17, 'best_score': 0.18600857257843018}, {'epoch': 18, 'best_score': 0.18902701139450073}, {'epoch': 19, 'best_score': 0.18474608659744263}, {'epoch': 20, 'best_score': 0.1798955798149109}, {'epoch': 21, 'best_score': 0.17071664333343506}, {'epoch': 22, 'best_score': 0.16782158613204956}, {'epoch': 23, 'best_score': 0.16435694694519043}, {'epoch': 24, 'best_score': 0.162847638130188}, {'epoch': 25, 'best_score': 0.15982913970947266}, {'epoch': 26, 'best_score': 0.16623634099960327}, {'epoch': 27, 'best_score': 0.16240155696868896}, {'epoch': 28, 'best_score': 0.158319890499115}, {'epoch': 29, 'best_score': 0.16240155696868896}, {'epoch': 30, 'best_score': 0.1661129593849182}, {'epoch': 31, 'best_score': 0.16076886653900146}, {'epoch': 32, 'best_score': 0.16158521175384521}, {'epoch': 33, 'best_score': 0.16170859336853027}, {'epoch': 34, 'best_score': 0.1649739146232605}, {'epoch': 35, 'best_score': 0.16660654544830322}, {'epoch': 36, 'best_score': 0.16485053300857544}, {'epoch': 37, 'best_score': 0.1640341877937317}, {'epoch': 38, 'best_score': 0.1619553565979004}, {'epoch': 39, 'best_score': 0.16183197498321533}, {'epoch': 40, 'best_score': 0.16346460580825806}, {'epoch': 41, 'best_score': 0.16579020023345947}, {'epoch': 42, 'best_score': 0.16346460580825806}, {'epoch': 43, 'best_score': 0.16113901138305664}, {'epoch': 44, 'best_score': 0.1619553565979004}, {'epoch': 45, 'best_score': 0.1619553565979004}, {'epoch': 46, 'best_score': 0.15962982177734375}, {'epoch': 47, 'best_score': 0.1588134765625}, {'epoch': 48, 'best_score': 0.15648788213729858}, {'epoch': 49, 'best_score': 0.15648788213729858}]",domainnet,3,DANN,PCA1,2048.0,0.8096050024032593,0.8096050024032593,0.4719189405441284,0.46562090516090393,splits_domainnet_DANN_3_0_b09dc755c62e.npz,b09dc755c62e,False,False,0.24696356275303644,0.6437246963562753,0.1976073310678188,,,,0.6669113062507184,all_pca,PCA1,IW residual DIS2 | W=2 | seed=0 (plug-in),True,
iw_residual_dis2,2.0,0.0,28152.0,9910.0,7040.0,2478.0,0.8025568181818181,0.0,1.0,1.1042149066925049,0.5,0.5,0.8369762897491455,0.11822836846113205,666.0,2148.0,349.0,1066.0,0.06566187469456501,0.7106537530266344,6410.0,630.0,717.0,1761.0,ok,plugin,False,,2053.151457130706,2525.429838967588,1.995301730234349,0.1568045779254823,1.2414520864756204,0.8404315729699035,0.33781083054690797,0.403472705241473,0.596527294758527,0.596527294758527,False,14.0,6.0,0.25516217947006226,0.5787965655326843,0.8339587450027466,"[{'epoch': 0, 'best_score': 0.014428794384002686}, {'epoch': 1, 'best_score': 0.02885758876800537}, {'epoch': 2, 'best_score': 0.06146746873855591}, {'epoch': 3, 'best_score': 0.09428173303604126}, {'epoch': 4, 'best_score': 0.11667484045028687}, {'epoch': 5, 'best_score': 0.15245652198791504}, {'epoch': 6, 'best_score': 0.19110345840454102}, {'epoch': 7, 'best_score': 0.2120988965034485}, {'epoch': 8, 'best_score': 0.2229796051979065}, {'epoch': 9, 'best_score': 0.23776590824127197}, {'epoch': 10, 'best_score': 0.25021636486053467}, {'epoch': 11, 'best_score': 0.24938040971755981}, {'epoch': 12, 'best_score': 0.24849343299865723}, {'epoch': 13, 'best_score': 0.24938040971755981}, {'epoch': 14, 'best_score': 0.25516217947006226}, {'epoch': 15, 'best_score': 0.25224578380584717}, {'epoch': 16, 'best_score': 0.25021636486053467}, {'epoch': 17, 'best_score': 0.24453681707382202}, {'epoch': 18, 'best_score': 0.24151825904846191}, {'epoch': 19, 'best_score': 0.2384486198425293}, {'epoch': 20, 'best_score': 0.24126285314559937}, {'epoch': 21, 'best_score': 0.23824435472488403}, {'epoch': 22, 'best_score': 0.2305864691734314}, {'epoch': 23, 'best_score': 0.22944408655166626}, {'epoch': 24, 'best_score': 0.2265787124633789}, {'epoch': 25, 'best_score': 0.2292909026145935}, {'epoch': 26, 'best_score': 0.2196546196937561}, {'epoch': 27, 'best_score': 0.22528314590454102}, {'epoch': 28, 'best_score': 0.22043955326080322}, {'epoch': 29, 'best_score': 0.2098141312599182}, {'epoch': 30, 'best_score': 0.20887607336044312}, {'epoch': 31, 'best_score': 0.2088249921798706}, {'epoch': 32, 'best_score': 0.20877397060394287}, {'epoch': 33, 'best_score': 0.20398133993148804}, {'epoch': 34, 'best_score': 0.20669347047805786}, {'epoch': 35, 'best_score': 0.2104458212852478}, {'epoch': 36, 'best_score': 0.20101386308670044}, {'epoch': 37, 'best_score': 0.20476621389389038}, {'epoch': 38, 'best_score': 0.2019008994102478}, {'epoch': 39, 'best_score': 0.19903558492660522}, {'epoch': 40, 'best_score': 0.19523215293884277}, {'epoch': 41, 'best_score': 0.19700616598129272}, {'epoch': 42, 'best_score': 0.20080959796905518}, {'epoch': 43, 'best_score': 0.20080959796905518}, {'epoch': 44, 'best_score': 0.20075851678848267}, {'epoch': 45, 'best_score': 0.19216251373291016}, {'epoch': 46, 'best_score': 0.20070749521255493}, {'epoch': 47, 'best_score': 0.19398760795593262}, {'epoch': 48, 'best_score': 0.19018423557281494}, {'epoch': 49, 'best_score': 0.18731892108917236}]",domainnet,1,CDANN,PCA1,256.0,0.8055910468101501,0.8055910468101501,0.5121089816093445,0.5205811262130737,splits_domainnet_CDANN_1_0_b09dc755c62e.npz,b09dc755c62e,False,False,0.2634920634920635,0.6285714285714286,0.2118601443984749,,,,0.596527294758527,all_pca,PCA1,IW residual DIS2 | W=2 | seed=0 (plug-in),True,
iw_residual_dis2,2.0,0.0,28152.0,14207.0,7040.0,3553.0,0.8004261363636364,0.0,1.0,1.0977529287338257,0.5,0.5,0.8615771532058716,0.10111060738563538,532.0,3252.0,267.0,1613.0,0.054697584511872066,0.7613284548269068,6588.0,452.0,848.0,2705.0,ok,plugin,False,,1729.2022693321353,2220.2563095788946,1.9979307723064832,0.1107917943556115,1.1000119201402072,0.8975970425138632,0.31786113691782325,0.3725587214296953,0.6274412785703047,0.6274412785703047,False,10.0,24.0,0.23674684762954712,0.6479400992393494,0.8846869468688965,"[{'epoch': 0, 'best_score': 0.016866683959960938}, {'epoch': 1, 'best_score': 0.03499889373779297}, {'epoch': 2, 'best_score': 0.06937777996063232}, {'epoch': 3, 'best_score': 0.0944061279296875}, {'epoch': 4, 'best_score': 0.12005454301834106}, {'epoch': 5, 'best_score': 0.14014875888824463}, {'epoch': 6, 'best_score': 0.18702906370162964}, {'epoch': 7, 'best_score': 0.19575965404510498}, {'epoch': 8, 'best_score': 0.22517883777618408}, {'epoch': 9, 'best_score': 0.23483586311340332}, {'epoch': 10, 'best_score': 0.23674684762954712}, {'epoch': 11, 'best_score': 0.23615241050720215}, {'epoch': 12, 'best_score': 0.23243260383605957}, {'epoch': 13, 'best_score': 0.23367255926132202}, {'epoch': 14, 'best_score': 0.23297595977783203}, {'epoch': 15, 'best_score': 0.22669970989227295}, {'epoch': 16, 'best_score': 0.2267252802848816}, {'epoch': 17, 'best_score': 0.2278885841369629}, {'epoch': 18, 'best_score': 0.22850853204727173}, {'epoch': 19, 'best_score': 0.22972291707992554}, {'epoch': 20, 'best_score': 0.22037237882614136}, {'epoch': 21, 'best_score': 0.21789252758026123}, {'epoch': 22, 'best_score': 0.21967577934265137}, {'epoch': 23, 'best_score': 0.22466105222702026}, {'epoch': 24, 'best_score': 0.22089016437530518}, {'epoch': 25, 'best_score': 0.20960313081741333}, {'epoch': 26, 'best_score': 0.21148860454559326}, {'epoch': 27, 'best_score': 0.20960313081741333}, {'epoch': 28, 'best_score': 0.19955605268478394}, {'epoch': 29, 'best_score': 0.19767063856124878}, {'epoch': 30, 'best_score': 0.19327980279922485}, {'epoch': 31, 'best_score': 0.19575965404510498}, {'epoch': 32, 'best_score': 0.1982395052909851}, {'epoch': 33, 'best_score': 0.1969740390777588}, {'epoch': 34, 'best_score': 0.1913433074951172}, {'epoch': 35, 'best_score': 0.18759799003601074}, {'epoch': 36, 'best_score': 0.18258720636367798}, {'epoch': 37, 'best_score': 0.18320715427398682}, {'epoch': 38, 'best_score': 0.1800817847251892}, {'epoch': 39, 'best_score': 0.17693090438842773}, {'epoch': 40, 'best_score': 0.1800817847251892}, {'epoch': 41, 'best_score': 0.18070173263549805}, {'epoch': 42, 'best_score': 0.18065065145492554}, {'epoch': 43, 'best_score': 0.18127065896987915}, {'epoch': 44, 'best_score': 0.1850159764289856}, {'epoch': 45, 'best_score': 0.18563592433929443}, {'epoch': 46, 'best_score': 0.1775253415107727}, {'epoch': 47, 'best_score': 0.18127065896987915}, {'epoch': 48, 'best_score': 0.1743999719619751}, {'epoch': 49, 'best_score': 0.17501991987228394}]",domainnet,2,CDANN,PCA1,256.0,0.8071539998054504,0.8071539998054504,0.42063772678375244,0.4218969941139221,splits_domainnet_CDANN_2_0_b09dc755c62e.npz,b09dc755c62e,False,False,0.2588495575221239,0.7389380530973452,0.15865898941651801,,,,0.6274412785703047,all_pca,PCA1,IW residual DIS2 | W=2 | seed=0 (plug-in),True,
iw_residual_dis2,2.0,0.0,28152.0,15295.0,7040.0,3825.0,0.8063920454545455,0.0,1.0,1.1220425367355347,0.5,0.5,0.7690144181251526,0.1575443148612976,833.0,2636.0,444.0,1370.0,0.08675973272347462,0.5874509803921568,6350.0,690.0,1578.0,2247.0,ok,plugin,False,,2881.9157248714127,3350.8249261597584,1.9997566769367991,0.299322542701863,1.4239730698366542,0.8811748998664887,0.2886263142938335,0.37538604701730816,0.6246139529826918,0.6246139529826918,False,17.0,21.0,0.2954363226890564,0.5855855941772461,0.8810219168663025,"[{'epoch': 0, 'best_score': 0.012908518314361572}, {'epoch': 1, 'best_score': 0.03403365612030029}, {'epoch': 2, 'best_score': 0.058995842933654785}, {'epoch': 3, 'best_score': 0.0938219428062439}, {'epoch': 4, 'best_score': 0.13949167728424072}, {'epoch': 5, 'best_score': 0.16140925884246826}, {'epoch': 6, 'best_score': 0.18455642461776733}, {'epoch': 7, 'best_score': 0.21992504596710205}, {'epoch': 8, 'best_score': 0.2361905574798584}, {'epoch': 9, 'best_score': 0.2640724778175354}, {'epoch': 10, 'best_score': 0.27625107765197754}, {'epoch': 11, 'best_score': 0.27424871921539307}, {'epoch': 12, 'best_score': 0.27516603469848633}, {'epoch': 13, 'best_score': 0.27310115098953247}, {'epoch': 14, 'best_score': 0.28284019231796265}, {'epoch': 15, 'best_score': 0.28217267990112305}, {'epoch': 16, 'best_score': 0.2865522503852844}, {'epoch': 17, 'best_score': 0.2954363226890564}, {'epoch': 18, 'best_score': 0.28709477186203003}, {'epoch': 19, 'best_score': 0.2801505923271179}, {'epoch': 20, 'best_score': 0.2785033583641052}, {'epoch': 21, 'best_score': 0.2753961682319641}, {'epoch': 22, 'best_score': 0.2797757387161255}, {'epoch': 23, 'best_score': 0.2714342474937439}, {'epoch': 24, 'best_score': 0.2720392346382141}, {'epoch': 25, 'best_score': 0.2652199864387512}, {'epoch': 26, 'best_score': 0.2614453434944153}, {'epoch': 27, 'best_score': 0.25450122356414795}, {'epoch': 28, 'best_score': 0.25060170888900757}, {'epoch': 29, 'best_score': 0.24305254220962524}, {'epoch': 30, 'best_score': 0.2369632124900818}, {'epoch': 31, 'best_score': 0.23458600044250488}, {'epoch': 32, 'best_score': 0.23001909255981445}, {'epoch': 33, 'best_score': 0.22253239154815674}, {'epoch': 34, 'best_score': 0.2238672971725464}, {'epoch': 35, 'best_score': 0.22380483150482178}, {'epoch': 36, 'best_score': 0.22009271383285522}, {'epoch': 37, 'best_score': 0.21863287687301636}, {'epoch': 38, 'best_score': 0.22076016664505005}, {'epoch': 39, 'best_score': 0.22076016664505005}, {'epoch': 40, 'best_score': 0.21759063005447388}, {'epoch': 41, 'best_score': 0.21400338411331177}, {'epoch': 42, 'best_score': 0.22069770097732544}, {'epoch': 43, 'best_score': 0.22142761945724487}, {'epoch': 44, 'best_score': 0.22142761945724487}, {'epoch': 45, 'best_score': 0.22294998168945312}, {'epoch': 46, 'best_score': 0.2154008150100708}, {'epoch': 47, 'best_score': 0.21314853429794312}, {'epoch': 48, 'best_score': 0.2108963131904602}, {'epoch': 49, 'best_score': 0.21162623167037964}]",domainnet,3,CDANN,PCA1,256.0,0.8074381947517395,0.8074381947517395,0.49369075894355774,0.48549020290374756,splits_domainnet_CDANN_3_0_b09dc755c62e.npz,b09dc755c62e,False,False,0.2391304347826087,0.6289855072463768,0.25218939262011186,,,,0.6246139529826918,all_pca,PCA1,IW residual DIS2 | W=2 | seed=0 (plug-in),True,
iw_residual_dis2,2.0,0.0,1700.0,8804.0,425.0,2203.0,0.8658823529411764,0.0,1.0,3.8495681285858154,0.5,0.5,0.5975267291069031,0.23323529958724976,50.0,458.0,19.0,236.0,0.140469146319439,0.17748524738992283,390.0,35.0,1812.0,391.0,ok,plugin,False,,403.6074188093212,332.08551088684743,1.993157154089935,0.9842675572750068,1.8088489373264134,0.7902813299232737,0.03884313598339927,0.17931228230283827,0.8206877176971618,0.8206877176971618,False,5.0,26.0,0.30173948407173157,0.4736842215061188,0.7754237055778503,"[{'epoch': 0, 'best_score': 0.1614629626274109}, {'epoch': 1, 'best_score': 0.24977701902389526}, {'epoch': 2, 'best_score': 0.27274757623672485}, {'epoch': 3, 'best_score': 0.19045495986938477}, {'epoch': 4, 'best_score': 0.21587872505187988}, {'epoch': 5, 'best_score': 0.30173948407173157}, {'epoch': 6, 'best_score': 0.2932649552822113}, {'epoch': 7, 'best_score': 0.2720784842967987}, {'epoch': 8, 'best_score': 0.25936660170555115}, {'epoch': 9, 'best_score': 0.2508920729160309}, {'epoch': 10, 'best_score': 0.2339428961277008}, {'epoch': 11, 'best_score': 0.24241748452186584}, {'epoch': 12, 'best_score': 0.2297056019306183}, {'epoch': 13, 'best_score': 0.18131130933761597}, {'epoch': 14, 'best_score': 0.17707401514053345}, {'epoch': 15, 'best_score': 0.18131130933761597}, {'epoch': 16, 'best_score': 0.1643621325492859}, {'epoch': 17, 'best_score': 0.1685994267463684}, {'epoch': 18, 'best_score': 0.1643621325492859}, {'epoch': 19, 'best_score': 0.15588760375976562}, {'epoch': 20, 'best_score': 0.15588760375976562}, {'epoch': 21, 'best_score': 0.1516503095626831}, {'epoch': 22, 'best_score': 0.1516503095626831}, {'epoch': 23, 'best_score': 0.15588760375976562}, {'epoch': 24, 'best_score': 0.15588760375976562}, {'epoch': 25, 'best_score': 0.1643621325492859}, {'epoch': 26, 'best_score': 0.17283672094345093}, {'epoch': 27, 'best_score': 0.13291704654693604}, {'epoch': 28, 'best_score': 0.1456289291381836}, {'epoch': 29, 'best_score': 0.1456289291381836}, {'epoch': 30, 'best_score': 0.1498662233352661}, {'epoch': 31, 'best_score': 0.15410345792770386}, {'epoch': 32, 'best_score': 0.15410345792770386}, {'epoch': 33, 'best_score': 0.15410345792770386}, {'epoch': 34, 'best_score': 0.1498662233352661}, {'epoch': 35, 'best_score': 0.1456289291381836}, {'epoch': 36, 'best_score': 0.15410345792770386}, {'epoch': 37, 'best_score': 0.15410345792770386}, {'epoch': 38, 'best_score': 0.15410345792770386}, {'epoch': 39, 'best_score': 0.15410345792770386}, {'epoch': 40, 'best_score': 0.15410345792770386}, {'epoch': 41, 'best_score': 0.15410345792770386}, {'epoch': 42, 'best_score': 0.15410345792770386}, {'epoch': 43, 'best_score': 0.15834075212478638}, {'epoch': 44, 'best_score': 0.12689566612243652}, {'epoch': 45, 'best_score': 0.11842107772827148}, {'epoch': 46, 'best_score': 0.11418378353118896}, {'epoch': 47, 'best_score': 0.122658371925354}, {'epoch': 48, 'best_score': 0.122658371925354}, {'epoch': 49, 'best_score': 0.13113296031951904}]",living17,1,DANN,PCA1,340.0,0.8994117379188538,0.8994117379188538,0.6758291721343994,0.6876986026763916,splits_living17_DANN_1_0_b09dc755c62e.npz,b09dc755c62e,False,False,0.14285714285714285,0.7142857142857143,0.07599561563755941,,,,0.8206877176971618,all_pca,PCA1,IW residual DIS2 | W=2 | seed=0 (plug-in),True,
iw_residual_dis2,2.0,0.0,1700.0,68.0,425.0,19.0,0.8823529411764706,0.0,1.0,54.598148345947266,0.5,0.5,0.42450982332229614,0.2518996596336365,,,,,0.11421335826268907,0.0,425.0,0.0,19.0,0.0,ok,plugin,False,,416.5072020136271,424.1374136554789,1.1197582513992286,0.9769475348116742,1.0566070737637594,,0.0,0.11421335826268907,0.8857866417373109,0.8857866417373109,False,,,,,,,living17,2,DANN,PCA1,340.0,0.9094117283821106,0.9094117283821106,0.8970588445663452,0.8421052694320679,splits_living17_DANN_2_0_b09dc755c62e.npz,b09dc755c62e,True,False,,,,,,,0.8857866417373109,all_pca,PCA1,IW residual DIS2 | W=2 | seed=0 (plug-in),True,
iw_residual_dis2,2.0,0.0,1700.0,68.0,425.0,19.0,0.8894117647058823,0.0,1.0,11.162090301513672,0.5,0.5,0.4843137264251709,0.24529361724853516,,,,,0.10617491093845513,0.0,424.0,1.0,19.0,0.0,ok,plugin,False,,406.90112676813874,406.783605622218,1.801275296562865,0.9314459987036902,1.3184643867411272,,0.0,0.10617491093845513,0.8938250890615449,0.8938250890615449,False,,,,,,,living17,3,DANN,PCA1,340.0,0.9052940607070923,0.9052940607070923,0.5882353186607361,0.6842105388641357,splits_living17_DANN_3_0_b09dc755c62e.npz,b09dc755c62e,False,False,,,,,,,0.8938250890615449,all_pca,PCA1,IW residual DIS2 | W=2 | seed=0 (plug-in),True,
iw_residual_dis2,2.0,0.0,1700.0,8804.0,425.0,2203.0,0.8894117647058823,0.0,1.0,4.122966766357422,0.5,0.5,0.5902406573295593,0.23583169281482697,40.0,398.0,18.0,203.0,0.12056001622204619,0.14616432137993646,391.0,34.0,1881.0,322.0,ok,plugin,False,,387.4714030112176,331.86045182678833,1.997124651158896,0.9194106263298425,1.7672620642242933,0.8540372670807453,0.04744866625724278,0.16800868247928896,0.831991317520711,0.831991317520711,False,4.0,18.0,0.4879583716392517,0.3888888955116272,0.8768472671508789,"[{'epoch': 0, 'best_score': 0.22495895624160767}, {'epoch': 1, 'best_score': 0.3656266927719116}, {'epoch': 2, 'best_score': 0.41133004426956177}, {'epoch': 3, 'best_score': 0.4521072804927826}, {'epoch': 4, 'best_score': 0.4879583716392517}, {'epoch': 5, 'best_score': 0.4633278250694275}, {'epoch': 6, 'best_score': 0.44991788268089294}, {'epoch': 7, 'best_score': 0.4597701132297516}, {'epoch': 8, 'best_score': 0.4709906578063965}, {'epoch': 9, 'best_score': 0.4646961987018585}, {'epoch': 10, 'best_score': 0.4646961987018585}, {'epoch': 11, 'best_score': 0.4597701132297516}, {'epoch': 12, 'best_score': 0.4548439681529999}, {'epoch': 13, 'best_score': 0.4400656521320343}, {'epoch': 14, 'best_score': 0.4400656521320343}, {'epoch': 15, 'best_score': 0.43513956665992737}, {'epoch': 16, 'best_score': 0.4252873361110687}, {'epoch': 17, 'best_score': 0.4252873361110687}, {'epoch': 18, 'best_score': 0.4203612506389618}, {'epoch': 19, 'best_score': 0.4203612506389618}, {'epoch': 20, 'best_score': 0.4154351055622101}, {'epoch': 21, 'best_score': 0.4154351055622101}, {'epoch': 22, 'best_score': 0.4154351055622101}, {'epoch': 23, 'best_score': 0.41050902009010315}, {'epoch': 24, 'best_score': 0.4315817952156067}, {'epoch': 25, 'best_score': 0.4315817952156067}, {'epoch': 26, 'best_score': 0.4154351055622101}, {'epoch': 27, 'best_score': 0.4154351055622101}, {'epoch': 28, 'best_score': 0.4203612506389618}, {'epoch': 29, 'best_score': 0.43021348118782043}, {'epoch': 30, 'best_score': 0.43021348118782043}, {'epoch': 31, 'best_score': 0.4154351055622101}, {'epoch': 32, 'best_score': 0.4203612506389618}, {'epoch': 33, 'best_score': 0.41050902009010315}, {'epoch': 34, 'best_score': 0.41050902009010315}, {'epoch': 35, 'best_score': 0.41050902009010315}, {'epoch': 36, 'best_score': 0.4055829346179962}, {'epoch': 37, 'best_score': 0.41050902009010315}, {'epoch': 38, 'best_score': 0.4154351055622101}, {'epoch': 39, 'best_score': 0.3648056983947754}, {'epoch': 40, 'best_score': 0.3697317838668823}, {'epoch': 41, 'best_score': 0.35495346784591675}, {'epoch': 42, 'best_score': 0.3500273823738098}, {'epoch': 43, 'best_score': 0.3500273823738098}, {'epoch': 44, 'best_score': 0.3437328636646271}, {'epoch': 45, 'best_score': 0.3437328636646271}, {'epoch': 46, 'best_score': 0.33880677819252014}, {'epoch': 47, 'best_score': 0.33880677819252014}, {'epoch': 48, 'best_score': 0.3437328636646271}, {'epoch': 49, 'best_score': 0.33880677819252014}]",living17,1,CDANN,PCA1,256.0,0.9052940607070923,0.9052940607070923,0.6863925457000732,0.6981388926506042,splits_living17_CDANN_1_0_b09dc755c62e.npz,b09dc755c62e,False,False,0.17647058823529413,0.7058823529411765,0.14815491413956883,,,,0.831991317520711,all_pca,PCA1,IW residual DIS2 | W=2 | seed=0 (plug-in),True,
iw_residual_dis2,2.0,0.0,1700.0,68.0,425.0,19.0,0.8917647058823529,0.0,1.0,54.598148345947266,0.5,0.5,0.4068627655506134,0.2537845969200134,,,,,0.1056918023766646,0.0,425.0,0.0,19.0,0.0,ok,plugin,False,,420.6797181653483,423.9360961817985,1.2307943496224814,0.9852857863854554,1.070271809255841,,0.0,0.1056918023766646,0.8943081976233354,0.8943081976233354,False,,,,,,,living17,2,CDANN,PCA1,256.0,0.9094117283821106,0.9094117283821106,0.8676470518112183,0.8421052694320679,splits_living17_CDANN_2_0_b09dc755c62e.npz,b09dc755c62e,False,False,,,,,,,0.8943081976233354,all_pca,PCA1,IW residual DIS2 | W=2 | seed=0 (plug-in),True,
iw_residual_dis2,2.0,0.0,1700.0,68.0,425.0,19.0,0.8823529411764706,0.0,1.0,8.270247459411621,0.5,0.5,0.570588231086731,0.2425568848848343,,,,,0.11155990380000577,0.0,419.0,6.0,19.0,0.0,ok,plugin,False,,386.6759806034081,381.16277382014624,1.996122398660226,0.8878056868932251,1.4525754620256972,,0.0,0.11155990380000577,0.8884400961999942,0.8884400961999942,False,,,,,,,living17,3,CDANN,PCA1,256.0,0.9052940607070923,0.9052940607070923,0.5588235259056091,0.6315789222717285,splits_living17_CDANN_3_0_b09dc755c62e.npz,b09dc755c62e,False,False,,,,,,,0.8884400961999942,all_pca,PCA1,IW residual DIS2 | W=2 | seed=0 (plug-in),True,
iw_residual_dis2,2.0,0.0,2600.0,13282.0,650.0,3322.0,0.8046153846153846,0.0,1.0,5.917733192443848,0.5,0.5,0.5997335314750671,0.24062594771385193,22.0,334.0,11.0,147.0,0.19898033146754074,0.08127633955448525,630.0,20.0,3052.0,270.0,ok,plugin,False,,653.059656485316,569.0719028448366,1.9902997982270387,0.985333489517902,1.6774773388678812,0.9037037037037037,0.020620108368452728,0.21960043983599348,0.7803995601640066,0.7803995601640066,False,4.0,24.0,0.24118739366531372,0.6363636255264282,0.8775510191917419,"[{'epoch': 0, 'best_score': 0.14780455827713013}, {'epoch': 1, 'best_score': 0.1410018801689148}, {'epoch': 2, 'best_score': 0.19109457731246948}, {'epoch': 3, 'best_score': 0.18429189920425415}, {'epoch': 4, 'best_score': 0.24118739366531372}, {'epoch': 5, 'best_score': 0.24118739366531372}, {'epoch': 6, 'best_score': 0.2343846559524536}, {'epoch': 7, 'best_score': 0.2343846559524536}, {'epoch': 8, 'best_score': 0.21397650241851807}, {'epoch': 9, 'best_score': 0.20717376470565796}, {'epoch': 10, 'best_score': 0.1502782702445984}, {'epoch': 11, 'best_score': 0.14347553253173828}, {'epoch': 12, 'best_score': 0.14347553253173828}, {'epoch': 13, 'best_score': 0.05936920642852783}, {'epoch': 14, 'best_score': 0.06617194414138794}, {'epoch': 15, 'best_score': 0.07977735996246338}, {'epoch': 16, 'best_score': 0.07297462224960327}, {'epoch': 17, 'best_score': 0.06617194414138794}, {'epoch': 18, 'best_score': 0.07977735996246338}, {'epoch': 19, 'best_score': 0.07977735996246338}, {'epoch': 20, 'best_score': 0.029684603214263916}, {'epoch': 21, 'best_score': 0.029684603214263916}, {'epoch': 22, 'best_score': 0.029684603214263916}, {'epoch': 23, 'best_score': 0.03648728132247925}, {'epoch': 24, 'best_score': 0.03648728132247925}, {'epoch': 25, 'best_score': 0.03648728132247925}, {'epoch': 26, 'best_score': 0.03648728132247925}, {'epoch': 27, 'best_score': 0.03648728132247925}, {'epoch': 28, 'best_score': 0.03648728132247925}, {'epoch': 29, 'best_score': 0.03648728132247925}, {'epoch': 30, 'best_score': 0.043290019035339355}, {'epoch': 31, 'best_score': 0.043290019035339355}, {'epoch': 32, 'best_score': 0.043290019035339355}, {'epoch': 33, 'best_score': 0.043290019035339355}, {'epoch': 34, 'best_score': 0.043290019035339355}, {'epoch': 35, 'best_score': 0.043290019035339355}, {'epoch': 36, 'best_score': 0.05009275674819946}, {'epoch': 37, 'best_score': 0.05009275674819946}, {'epoch': 38, 'best_score': 0.05009275674819946}, {'epoch': 39, 'best_score': 0.05009275674819946}, {'epoch': 40, 'best_score': 0.056895434856414795}, {'epoch': 41, 'best_score': 0.056895434856414795}, {'epoch': 42, 'best_score': 0.056895434856414795}, {'epoch': 43, 'best_score': 0.056895434856414795}, {'epoch': 44, 'best_score': 0.056895434856414795}, {'epoch': 45, 'best_score': 0.056895434856414795}, {'epoch': 46, 'best_score': 0.056895434856414795}, {'epoch': 47, 'best_score': 0.056895434856414795}, {'epoch': 48, 'best_score': 0.056895434856414795}, {'epoch': 49, 'best_score': 0.0636981725692749}]",nonliving26,1,DANN,PCA1,512.0,0.8126922845840454,0.8126922845840454,0.5122722387313843,0.5192654728889465,splits_nonliving26_DANN_1_0_b09dc755c62e.npz,b09dc755c62e,False,False,0.15,0.8,0.10370370370370363,,,,0.7803995601640066,all_pca,PCA1,IW residual DIS2 | W=2 | seed=0 (plug-in),True,
iw_residual_dis2,2.0,0.0,2600.0,104.0,650.0,28.0,0.8292307692307692,0.0,1.0,54.598148345947266,0.5,0.5,0.44807693362236023,0.2513505518436432,,,,,0.17283063909696222,0.0,650.0,0.0,28.0,0.0,ok,plugin,False,,650.9265055016665,640.4437320268204,1.5681987621944868,0.9940976299099265,1.2137098271472173,,0.0,0.17283063909696222,0.8271693609030377,0.8271693609030377,False,,,,,,,nonliving26,2,DANN,PCA1,512.0,0.8176922798156738,0.8176922798156738,0.75,0.7142857313156128,splits_nonliving26_DANN_2_0_b09dc755c62e.npz,b09dc755c62e,False,False,,,,,,,0.8271693609030377,all_pca,PCA1,IW residual DIS2 | W=2 | seed=0 (plug-in),True,
iw_residual_dis2,2.0,0.0,2600.0,104.0,650.0,28.0,0.8246153846153846,0.0,1.0,54.598148345947266,0.5,0.5,0.4115384817123413,0.25359806418418884,,,,,0.18252106451340563,0.0,650.0,0.0,28.0,0.0,ok,plugin,False,,653.9760038645597,640.3210490451977,1.536704684761332,1.0041122816910613,1.2200213796022736,,0.0,0.18252106451340563,0.8174789354865943,0.8174789354865943,False,,,,,,,nonliving26,3,DANN,PCA1,512.0,0.8146153688430786,0.8146153688430786,0.4038461744785309,0.3214285969734192,splits_nonliving26_DANN_3_0_b09dc755c62e.npz,b09dc755c62e,False,False,,,,,,,0.8174789354865943,all_pca,PCA1,IW residual DIS2 | W=2 | seed=0 (plug-in),True,
iw_residual_dis2,2.0,0.0,2600.0,13282.0,650.0,3322.0,0.8169230769230769,0.0,1.0,3.14288330078125,0.5,0.5,0.6156163215637207,0.23356562852859497,57.0,630.0,33.0,310.0,0.1834516182760369,0.15773630343166767,614.0,36.0,2798.0,524.0,ok,plugin,False,,601.512514874765,519.7767657447191,1.9991362480324038,0.9522975329737132,1.7650173760917791,0.7862595419847328,0.04077195799050103,0.22422357626653794,0.7757764237334621,0.7757764237334621,False,13.0,9.0,0.19716519117355347,0.6060606241226196,0.8032258152961731,"[{'epoch': 0, 'best_score': 0.12697947025299072}, {'epoch': 1, 'best_score': 0.08895403146743774}, {'epoch': 2, 'best_score': 0.1469208002090454}, {'epoch': 3, 'best_score': 0.11788856983184814}, {'epoch': 4, 'best_score': 0.148875892162323}, {'epoch': 5, 'best_score': 0.11270773410797119}, {'epoch': 6, 'best_score': 0.18103617429733276}, {'epoch': 7, 'best_score': 0.19521015882492065}, {'epoch': 8, 'best_score': 0.1745845079421997}, {'epoch': 9, 'best_score': 0.19521015882492065}, {'epoch': 10, 'best_score': 0.17262953519821167}, {'epoch': 11, 'best_score': 0.18621701002120972}, {'epoch': 12, 'best_score': 0.1900293231010437}, {'epoch': 13, 'best_score': 0.19716519117355347}, {'epoch': 14, 'best_score': 0.19393938779830933}, {'epoch': 15, 'best_score': 0.19071358442306519}, {'epoch': 16, 'best_score': 0.1842619776725769}, {'epoch': 17, 'best_score': 0.17712610960006714}, {'epoch': 18, 'best_score': 0.17712610960006714}, {'epoch': 19, 'best_score': 0.17712610960006714}, {'epoch': 20, 'best_score': 0.17712610960006714}, {'epoch': 21, 'best_score': 0.173900306224823}, {'epoch': 22, 'best_score': 0.17067444324493408}, {'epoch': 23, 'best_score': 0.173900306224823}, {'epoch': 24, 'best_score': 0.17067444324493408}, {'epoch': 25, 'best_score': 0.14555227756500244}, {'epoch': 26, 'best_score': 0.1758553385734558}, {'epoch': 27, 'best_score': 0.1758553385734558}, {'epoch': 28, 'best_score': 0.1758553385734558}, {'epoch': 29, 'best_score': 0.1758553385734558}, {'epoch': 30, 'best_score': 0.1823069453239441}, {'epoch': 31, 'best_score': 0.1823069453239441}, {'epoch': 32, 'best_score': 0.15522968769073486}, {'epoch': 33, 'best_score': 0.158455491065979}, {'epoch': 34, 'best_score': 0.16168129444122314}, {'epoch': 35, 'best_score': 0.1423264741897583}, {'epoch': 36, 'best_score': 0.1442815065383911}, {'epoch': 37, 'best_score': 0.14750736951828003}, {'epoch': 38, 'best_score': 0.1281524896621704}, {'epoch': 39, 'best_score': 0.1281524896621704}, {'epoch': 40, 'best_score': 0.1346040964126587}, {'epoch': 41, 'best_score': 0.1107526421546936}, {'epoch': 42, 'best_score': 0.11397844552993774}, {'epoch': 43, 'best_score': 0.1204301118850708}, {'epoch': 44, 'best_score': 0.11397844552993774}, {'epoch': 45, 'best_score': 0.11397844552993774}, {'epoch': 46, 'best_score': 0.11397844552993774}, {'epoch': 47, 'best_score': 0.1204301118850708}, {'epoch': 48, 'best_score': 0.12365591526031494}, {'epoch': 49, 'best_score': 0.12365591526031494}]",nonliving26,1,CDANN,PCA1,256.0,0.8176922798156738,0.8176922798156738,0.5332028269767761,0.5352197289466858,splits_nonliving26_CDANN_1_0_b09dc755c62e.npz,b09dc755c62e,False,False,0.19444444444444445,0.7222222222222222,0.06403731976251059,,,,0.7757764237334621,all_pca,PCA1,IW residual DIS2 | W=2 | seed=0 (plug-in),True,
iw_residual_dis2,2.0,0.0,2600.0,104.0,650.0,28.0,0.8138461538461539,0.0,1.0,54.598148345947266,0.5,0.5,0.5115385055541992,0.2515205144882202,,,,,0.18366285727936338,0.0,650.0,0.0,28.0,0.0,ok,plugin,False,,639.0557343190899,648.9700755508451,1.2813243765401687,0.9813962244920533,1.0451249341346696,,0.0,0.18366285727936338,0.8163371427206366,0.8163371427206366,False,,,,,,,nonliving26,2,CDANN,PCA1,256.0,0.8165384531021118,0.8165384531021118,0.7692307829856873,0.7500000596046448,splits_nonliving26_CDANN_2_0_b09dc755c62e.npz,b09dc755c62e,False,False,,,,,,,0.8163371427206366,all_pca,PCA1,IW residual DIS2 | W=2 | seed=0 (plug-in),True,
iw_residual_dis2,2.0,0.0,2600.0,104.0,650.0,28.0,0.8123076923076923,0.0,1.0,2.009753704071045,0.5,0.5,0.6480768918991089,0.2113514095544815,95.0,5.0,36.0,2.0,0.11349259045436808,0.07142857142857142,561.0,89.0,26.0,2.0,ok,plugin,False,,385.26508007969085,377.57829068459677,1.9612128194494476,0.5613026699570636,1.6576388317334243,0.5,0.01404494382022472,0.1275375342745928,0.8724624657254072,0.8724624657254072,False,15.0,15.0,0.5833333730697632,0.4166666567325592,1.0,"[{'epoch': 0, 'best_score': 0.1944444179534912}, {'epoch': 1, 'best_score': 0.2222222089767456}, {'epoch': 2, 'best_score': 0.25}, {'epoch': 3, 'best_score': 0.25}, {'epoch': 4, 'best_score': 0.3333333134651184}, {'epoch': 5, 'best_score': 0.3333333134651184}, {'epoch': 6, 'best_score': 0.4444444179534912}, {'epoch': 7, 'best_score': 0.4722222089767456}, {'epoch': 8, 'best_score': 0.5}, {'epoch': 9, 'best_score': 0.4722222089767456}, {'epoch': 10, 'best_score': 0.4722222089767456}, {'epoch': 11, 'best_score': 0.5277777910232544}, {'epoch': 12, 'best_score': 0.5555555820465088}, {'epoch': 13, 'best_score': 0.5555555820465088}, {'epoch': 14, 'best_score': 0.5555555820465088}, {'epoch': 15, 'best_score': 0.5833333730697632}, {'epoch': 16, 'best_score': 0.5833333730697632}, {'epoch': 17, 'best_score': 0.1111111044883728}, {'epoch': 18, 'best_score': 0.1388888955116272}, {'epoch': 19, 'best_score': 0.1388888955116272}, {'epoch': 20, 'best_score': 0.1388888955116272}, {'epoch': 21, 'best_score': 0.1388888955116272}, {'epoch': 22, 'best_score': 0.1388888955116272}, {'epoch': 23, 'best_score': 0.1388888955116272}, {'epoch': 24, 'best_score': 0.1111111044883728}, {'epoch': 25, 'best_score': -0.3055555522441864}, {'epoch': 26, 'best_score': -0.2777777910232544}, {'epoch': 27, 'best_score': -0.2777777910232544}, {'epoch': 28, 'best_score': -0.2777777910232544}, {'epoch': 29, 'best_score': -0.2777777910232544}, {'epoch': 30, 'best_score': -0.2777777910232544}, {'epoch': 31, 'best_score': -0.2777777910232544}, {'epoch': 32, 'best_score': -0.2777777910232544}, {'epoch': 33, 'best_score': -0.2777777910232544}, {'epoch': 34, 'best_score': -0.2777777910232544}, {'epoch': 35, 'best_score': -0.2777777910232544}, {'epoch': 36, 'best_score': -0.2777777910232544}, {'epoch': 37, 'best_score': -0.2777777910232544}, {'epoch': 38, 'best_score': -0.2777777910232544}, {'epoch': 39, 'best_score': -0.2777777910232544}, {'epoch': 40, 'best_score': -0.2777777910232544}, {'epoch': 41, 'best_score': -0.2777777910232544}, {'epoch': 42, 'best_score': -0.2777777910232544}, {'epoch': 43, 'best_score': -0.2777777910232544}, {'epoch': 44, 'best_score': -0.2777777910232544}, {'epoch': 45, 'best_score': -0.2777777910232544}, {'epoch': 46, 'best_score': -0.2777777910232544}, {'epoch': 47, 'best_score': -0.2777777910232544}, {'epoch': 48, 'best_score': -0.2777777910232544}, {'epoch': 49, 'best_score': -0.2777777910232544}]",nonliving26,3,CDANN,PCA1,256.0,0.822692334651947,0.822692334651947,0.4038461744785309,0.3214285969734192,splits_nonliving26_CDANN_3_0_b09dc755c62e.npz,b09dc755c62e,False,False,0.14606741573033707,0.449438202247191,0.050561797752809,,,,0.8724624657254072,all_pca,PCA1,IW residual DIS2 | W=2 | seed=0 (plug-in),True,
iw_residual_dis2,2.0,0.0,11745.0,35070.0,2938.0,8768.0,0.6388699795779442,0.0,1.0,3.346379518508911,0.5,0.5,0.5731833577156067,0.24207407236099243,96.0,490.0,45.0,248.0,0.3512948480937958,0.046532846715328466,2853.0,85.0,8360.0,408.0,ok,plugin,False,,2849.8143284443363,2557.728451555601,1.9882305017150739,0.9576440157687086,1.6452906734159312,0.8333333333333334,0.011952554744525556,0.36324740283832135,0.6367525971616786,0.6367525971616786,False,5.0,10.0,0.19623655080795288,0.6666666865348816,0.8629032373428345,"[{'epoch': 0, 'best_score': 0.08494621515274048}, {'epoch': 1, 'best_score': 0.18198925256729126}, {'epoch': 2, 'best_score': 0.14955198764801025}, {'epoch': 3, 'best_score': 0.14363795518875122}, {'epoch': 4, 'best_score': 0.17401432991027832}, {'epoch': 5, 'best_score': 0.19623655080795288}, {'epoch': 6, 'best_score': 0.13969534635543823}, {'epoch': 7, 'best_score': 0.14973115921020508}, {'epoch': 8, 'best_score': 0.15376341342926025}, {'epoch': 9, 'best_score': 0.1780465841293335}, {'epoch': 10, 'best_score': 0.18207883834838867}, {'epoch': 11, 'best_score': 0.14166665077209473}, {'epoch': 12, 'best_score': 0.1456989049911499}, {'epoch': 13, 'best_score': 0.14363795518875122}, {'epoch': 14, 'best_score': 0.10931897163391113}, {'epoch': 15, 'best_score': 0.1294803023338318}, {'epoch': 16, 'best_score': 0.11532258987426758}, {'epoch': 17, 'best_score': 0.10116487741470337}, {'epoch': 18, 'best_score': 0.11729389429092407}, {'epoch': 19, 'best_score': 0.10922938585281372}, {'epoch': 20, 'best_score': 0.10922938585281372}, {'epoch': 21, 'best_score': 0.1132616400718689}, {'epoch': 22, 'best_score': 0.10313618183135986}, {'epoch': 23, 'best_score': 0.10313618183135986}, {'epoch': 24, 'best_score': 0.10313618183135986}, {'epoch': 25, 'best_score': 0.08494621515274048}, {'epoch': 26, 'best_score': 0.07688170671463013}, {'epoch': 27, 'best_score': 0.07688170671463013}, {'epoch': 28, 'best_score': 0.054659485816955566}, {'epoch': 29, 'best_score': 0.05663079023361206}, {'epoch': 30, 'best_score': 0.054659485816955566}, {'epoch': 31, 'best_score': 0.054659485816955566}, {'epoch': 32, 'best_score': 0.05869174003601074}, {'epoch': 33, 'best_score': 0.04050177335739136}, {'epoch': 34, 'best_score': 0.04050177335739136}, {'epoch': 35, 'best_score': 0.04453402757644653}, {'epoch': 36, 'best_score': 0.04453402757644653}, {'epoch': 37, 'best_score': 0.04453402757644653}, {'epoch': 38, 'best_score': 0.03646951913833618}, {'epoch': 39, 'best_score': 0.03646951913833618}, {'epoch': 40, 'best_score': 0.03646951913833618}, {'epoch': 41, 'best_score': 0.03646951913833618}, {'epoch': 42, 'best_score': 0.04050177335739136}, {'epoch': 43, 'best_score': 0.04050177335739136}, {'epoch': 44, 'best_score': 0.04050177335739136}, {'epoch': 45, 'best_score': 0.04050177335739136}, {'epoch': 46, 'best_score': 0.04050177335739136}, {'epoch': 47, 'best_score': 0.030376315116882324}, {'epoch': 48, 'best_score': 0.030376315116882324}, {'epoch': 49, 'best_score': 0.030376315116882324}]",fmow,1,DANN,PCA1,1024.0,0.6519370079040527,0.6519370079040527,0.6103222370147705,0.6077782511711121,splits_fmow_DANN_1_0_b09dc755c62e.npz,b09dc755c62e,False,False,0.24705882352941178,0.8235294117647058,0.009803921568627527,,,,0.6367525971616786,all_pca,PCA1,IW residual DIS2 | W=2 | seed=0 (plug-in),True,
iw_residual_dis2,2.0,0.0,11745.0,39088.0,2938.0,9774.0,0.6344452008168822,0.0,1.0,2.6926310062408447,0.5,0.5,0.5988613367080688,0.2355698049068451,228.0,1794.0,121.0,868.0,0.3231512414253965,0.14917127071823205,2762.0,176.0,8316.0,1458.0,ok,plugin,False,,2596.928950058367,2320.6318680272952,1.9994089046424426,0.8740271069242779,1.734256414085058,0.8045267489711934,0.06153035883698868,0.3846816002623852,0.6153183997376148,0.6153183997376148,False,5.0,19.0,0.13357388973236084,0.6694214940071106,0.8029953837394714,"[{'epoch': 0, 'best_score': 0.03771376609802246}, {'epoch': 1, 'best_score': 0.056546807289123535}, {'epoch': 2, 'best_score': 0.07392311096191406}, {'epoch': 3, 'best_score': 0.12796586751937866}, {'epoch': 4, 'best_score': 0.1203012466430664}, {'epoch': 5, 'best_score': 0.13357388973236084}, {'epoch': 6, 'best_score': 0.13031762838363647}, {'epoch': 7, 'best_score': 0.1245572566986084}, {'epoch': 8, 'best_score': 0.11303651332855225}, {'epoch': 9, 'best_score': 0.10918039083480835}, {'epoch': 10, 'best_score': 0.10302013158798218}, {'epoch': 11, 'best_score': 0.10993260145187378}, {'epoch': 12, 'best_score': 0.09896409511566162}, {'epoch': 13, 'best_score': 0.097412109375}, {'epoch': 14, 'best_score': 0.10066837072372437}, {'epoch': 15, 'best_score': 0.09681230783462524}, {'epoch': 16, 'best_score': 0.09586012363433838}, {'epoch': 17, 'best_score': 0.09871649742126465}, {'epoch': 18, 'best_score': 0.09851658344268799}, {'epoch': 19, 'best_score': 0.09831666946411133}, {'epoch': 20, 'best_score': 0.10292494297027588}, {'epoch': 21, 'best_score': 0.09446054697036743}, {'epoch': 22, 'best_score': 0.10157287120819092}, {'epoch': 23, 'best_score': 0.10137301683425903}, {'epoch': 24, 'best_score': 0.09656471014022827}, {'epoch': 25, 'best_score': 0.0846441388130188}, {'epoch': 26, 'best_score': 0.08444416522979736}, {'epoch': 27, 'best_score': 0.08098793029785156}, {'epoch': 28, 'best_score': 0.07848381996154785}, {'epoch': 29, 'best_score': 0.0734756588935852}, {'epoch': 30, 'best_score': 0.06886738538742065}, {'epoch': 31, 'best_score': 0.06405907869338989}, {'epoch': 32, 'best_score': 0.06866741180419922}, {'epoch': 33, 'best_score': 0.06846743822097778}, {'epoch': 34, 'best_score': 0.06846743822097778}, {'epoch': 35, 'best_score': 0.06020301580429077}, {'epoch': 36, 'best_score': 0.06020301580429077}, {'epoch': 37, 'best_score': 0.06020301580429077}, {'epoch': 38, 'best_score': 0.06250715255737305}, {'epoch': 39, 'best_score': 0.06596338748931885}, {'epoch': 40, 'best_score': 0.06230717897415161}, {'epoch': 41, 'best_score': 0.06230717897415161}, {'epoch': 42, 'best_score': 0.06345927715301514}, {'epoch': 43, 'best_score': 0.06230717897415161}, {'epoch': 44, 'best_score': 0.06345927715301514}, {'epoch': 45, 'best_score': 0.06230717897415161}, {'epoch': 46, 'best_score': 0.06345927715301514}, {'epoch': 47, 'best_score': 0.06345927715301514}, {'epoch': 48, 'best_score': 0.06345927715301514}, {'epoch': 49, 'best_score': 0.06461131572723389}]",fmow,2,DANN,PCA1,1024.0,0.6504895687103271,0.6504895687103271,0.5482756495475769,0.5545324683189392,splits_fmow_DANN_2_0_b09dc755c62e.npz,b09dc755c62e,False,False,0.3693181818181818,0.7613636363636364,0.04316311260755701,,,,0.6153183997376148,all_pca,PCA1,IW residual DIS2 | W=2 | seed=0 (plug-in),True,
iw_residual_dis2,2.0,0.0,11745.0,35070.0,2938.0,8768.0,0.6466984343090538,0.0,1.0,1.9793261289596558,0.5,0.5,0.5579081177711487,0.24451611936092377,14.0,89.0,12.0,40.0,0.34171802188836115,0.010264598540145985,2926.0,12.0,8678.0,90.0,ok,plugin,False,,2897.8520090593356,2693.159628632997,1.9840522876909088,0.9586457475701733,1.522931449847625,0.9,0.0006843065693430655,0.3424023284577042,0.6575976715422958,0.6575976715422958,False,6.0,2.0,0.42500001192092896,0.5,0.925000011920929,"[{'epoch': 0, 'best_score': 0.08333331346511841}, {'epoch': 1, 'best_score': 0.1416667103767395}, {'epoch': 2, 'best_score': 0.1416667103767395}, {'epoch': 3, 'best_score': 0.36666667461395264}, {'epoch': 4, 'best_score': 0.36666667461395264}, {'epoch': 5, 'best_score': 0.34166669845581055}, {'epoch': 6, 'best_score': 0.42500001192092896}, {'epoch': 7, 'best_score': 0.3999999761581421}, {'epoch': 8, 'best_score': 0.3999999761581421}, {'epoch': 9, 'best_score': 0.32499998807907104}, {'epoch': 10, 'best_score': 0.32499998807907104}, {'epoch': 11, 'best_score': 0.3166666626930237}, {'epoch': 12, 'best_score': 0.3166666626930237}, {'epoch': 13, 'best_score': 0.2916666865348816}, {'epoch': 14, 'best_score': 0.34166669845581055}, {'epoch': 15, 'best_score': 0.34166669845581055}, {'epoch': 16, 'best_score': 0.34166669845581055}, {'epoch': 17, 'best_score': 0.34166669845581055}, {'epoch': 18, 'best_score': 0.25833332538604736}, {'epoch': 19, 'best_score': 0.24166667461395264}, {'epoch': 20, 'best_score': 0.2666667103767395}, {'epoch': 21, 'best_score': 0.2666667103767395}, {'epoch': 22, 'best_score': 0.2916666865348816}, {'epoch': 23, 'best_score': 0.2333332896232605}, {'epoch': 24, 'best_score': 0.1499999761581421}, {'epoch': 25, 'best_score': 0.125}, {'epoch': 26, 'best_score': 0.1499999761581421}, {'epoch': 27, 'best_score': 0.1499999761581421}, {'epoch': 28, 'best_score': 0.1499999761581421}, {'epoch': 29, 'best_score': 0.1499999761581421}, {'epoch': 30, 'best_score': 0.125}, {'epoch': 31, 'best_score': 0.125}, {'epoch': 32, 'best_score': 0.125}, {'epoch': 33, 'best_score': 0.1499999761581421}, {'epoch': 34, 'best_score': 0.125}, {'epoch': 35, 'best_score': 0.09166669845581055}, {'epoch': 36, 'best_score': 0.09166669845581055}, {'epoch': 37, 'best_score': 0.09166669845581055}, {'epoch': 38, 'best_score': 0.11666667461395264}, {'epoch': 39, 'best_score': 0.09166669845581055}, {'epoch': 40, 'best_score': 0.09166669845581055}, {'epoch': 41, 'best_score': 0.09166669845581055}, {'epoch': 42, 'best_score': 0.09166669845581055}, {'epoch': 43, 'best_score': 0.09166669845581055}, {'epoch': 44, 'best_score': 0.09166669845581055}, {'epoch': 45, 'best_score': 0.09166669845581055}, {'epoch': 46, 'best_score': 0.09166669845581055}, {'epoch': 47, 'best_score': 0.09166669845581055}, {'epoch': 48, 'best_score': 0.09166669845581055}, {'epoch': 49, 'best_score': 0.09166669845581055}]",fmow,1,CDANN,PCA1,256.0,0.6558535695075989,0.6558535695075989,0.605617344379425,0.6010492444038391,splits_fmow_CDANN_1_0_b09dc755c62e.npz,b09dc755c62e,False,False,0.16666666666666666,1.0,-0.09999999999999998,,,,0.6575976715422958,all_pca,PCA1,IW residual DIS2 | W=2 | seed=0 (plug-in),True,
iw_residual_dis2,2.0,0.0,11745.0,39088.0,2938.0,9774.0,0.6446562287270252,0.0,1.0,1.367798089981079,0.5,0.5,0.5974698662757874,0.2358701527118683,189.0,1318.0,87.0,672.0,0.30425739028814164,0.11100879885410272,2774.0,164.0,8689.0,1085.0,ok,plugin,False,,2553.683174672043,2335.0005730333896,1.9949105509479537,0.8612314556099402,1.6816826722957134,0.8221198156682028,0.04997267514111607,0.3542300654292577,0.6457699345707423,0.6457699345707423,False,9.0,9.0,0.13921386003494263,0.6896551847457886,0.8288690447807312,"[{'epoch': 0, 'best_score': 0.02663177251815796}, {'epoch': 1, 'best_score': 0.06368023157119751}, {'epoch': 2, 'best_score': 0.0747639536857605}, {'epoch': 3, 'best_score': 0.08990144729614258}, {'epoch': 4, 'best_score': 0.07568758726119995}, {'epoch': 5, 'best_score': 0.08677136898040771}, {'epoch': 6, 'best_score': 0.09893268346786499}, {'epoch': 7, 'best_score': 0.1040639877319336}, {'epoch': 8, 'best_score': 0.13110631704330444}, {'epoch': 9, 'best_score': 0.13921386003494263}, {'epoch': 10, 'best_score': 0.12176728248596191}, {'epoch': 11, 'best_score': 0.1373152732849121}, {'epoch': 12, 'best_score': 0.11689245700836182}, {'epoch': 13, 'best_score': 0.10391014814376831}, {'epoch': 14, 'best_score': 0.09944581985473633}, {'epoch': 15, 'best_score': 0.10242199897766113}, {'epoch': 16, 'best_score': 0.08902919292449951}, {'epoch': 17, 'best_score': 0.08795154094696045}, {'epoch': 18, 'best_score': 0.0986248254776001}, {'epoch': 19, 'best_score': 0.10093390941619873}, {'epoch': 20, 'best_score': 0.09605908393859863}, {'epoch': 21, 'best_score': 0.10688632726669312}, {'epoch': 22, 'best_score': 0.11242812871932983}, {'epoch': 23, 'best_score': 0.1328510046005249}, {'epoch': 24, 'best_score': 0.12474346160888672}, {'epoch': 25, 'best_score': 0.12920773029327393}, {'epoch': 26, 'best_score': 0.11217164993286133}, {'epoch': 27, 'best_score': 0.10770732164382935}, {'epoch': 28, 'best_score': 0.10108780860900879}, {'epoch': 29, 'best_score': 0.10555213689804077}, {'epoch': 30, 'best_score': 0.11299258470535278}, {'epoch': 31, 'best_score': 0.10447454452514648}, {'epoch': 32, 'best_score': 0.11109399795532227}, {'epoch': 33, 'best_score': 0.11663591861724854}, {'epoch': 34, 'best_score': 0.12489736080169678}, {'epoch': 35, 'best_score': 0.12638545036315918}, {'epoch': 36, 'best_score': 0.12151068449020386}, {'epoch': 37, 'best_score': 0.12233167886734009}, {'epoch': 38, 'best_score': 0.1078612208366394}, {'epoch': 39, 'best_score': 0.1093493103981018}, {'epoch': 40, 'best_score': 0.11637932062149048}, {'epoch': 41, 'best_score': 0.12381976842880249}, {'epoch': 42, 'best_score': 0.12381976842880249}, {'epoch': 43, 'best_score': 0.12679600715637207}, {'epoch': 44, 'best_score': 0.13126027584075928}, {'epoch': 45, 'best_score': 0.13274836540222168}, {'epoch': 46, 'best_score': 0.1212540864944458}, {'epoch': 47, 'best_score': 0.12017655372619629}, {'epoch': 48, 'best_score': 0.12166464328765869}, {'epoch': 49, 'best_score': 0.1127360463142395}]",fmow,2,CDANN,PCA1,256.0,0.6548318862915039,0.6548318862915039,0.5420845150947571,0.5445058345794678,splits_fmow_CDANN_2_0_b09dc755c62e.npz,b09dc755c62e,False,False,0.3231707317073171,0.6951219512195121,0.12699786444869066,,,,0.6457699345707423,all_pca,PCA1,IW residual DIS2 | W=2 | seed=0 (plug-in),True,
iw_residual_dis2,2.0,0.0,731.0,898.0,184.0,227.0,0.9239130434782609,0.0,1.0,26.513965606689453,0.5,0.5,0.5130829811096191,0.24920149147510529,,,,,0.07490387015182091,0.0,184.0,0.0,227.0,0.0,ok,plugin,False,,182.75362949592585,181.63426140840306,1.3261444286652622,0.9752719152791629,1.1975999425121098,,0.0,0.07490387015182091,0.9250961298481791,0.9250961298481791,False,,,,,,,officehome,1,DANN,PCA1,146.0,0.922024667263031,0.922024667263031,0.7193763852119446,0.7268722057342529,splits_officehome_DANN_1_0_b09dc755c62e.npz,b09dc755c62e,False,False,,,,,,,0.9250961298481791,all_pca,PCA1,IW residual DIS2 | W=2 | seed=0 (plug-in),True,
iw_residual_dis2,2.0,0.0,731.0,893.0,184.0,226.0,0.9021739130434783,0.0,1.0,8.752723693847656,0.5,0.5,0.6040480136871338,0.24497924745082855,1.0,7.0,1.0,3.0,0.09022353002375386,0.004424778761061947,183.0,1.0,225.0,1.0,ok,plugin,False,,178.03136436243523,172.24936059200772,1.839640871979811,0.9580103619174637,1.4062180219935734,1.0,0.004424778761061947,0.09464830878481581,0.9053516912151842,0.9053516912151842,False,0.0,0.0,0.0,1.0,1.0,"[{'epoch': 0, 'best_score': 0.0}, {'epoch': 1, 'best_score': 0.0}, {'epoch': 2, 'best_score': 0.0}, {'epoch': 3, 'best_score': 0.0}, {'epoch': 4, 'best_score': 0.0}, {'epoch': 5, 'best_score': 0.0}, {'epoch': 6, 'best_score': 0.0}, {'epoch': 7, 'best_score': 0.0}, {'epoch': 8, 'best_score': 0.0}, {'epoch': 9, 'best_score': 0.0}, {'epoch': 10, 'best_score': 0.0}, {'epoch': 11, 'best_score': 0.0}, {'epoch': 12, 'best_score': 0.0}, {'epoch': 13, 'best_score': 0.0}, {'epoch': 14, 'best_score': 0.0}, {'epoch': 15, 'best_score': 0.0}, {'epoch': 16, 'best_score': 0.0}, {'epoch': 17, 'best_score': 0.0}, {'epoch': 18, 'best_score': 0.0}, {'epoch': 19, 'best_score': 0.0}, {'epoch': 20, 'best_score': 0.0}, {'epoch': 21, 'best_score': 0.0}, {'epoch': 22, 'best_score': 0.0}, {'epoch': 23, 'best_score': 0.0}, {'epoch': 24, 'best_score': 0.0}, {'epoch': 25, 'best_score': 0.0}, {'epoch': 26, 'best_score': 0.0}, {'epoch': 27, 'best_score': 0.0}, {'epoch': 28, 'best_score': 0.0}, {'epoch': 29, 'best_score': 0.0}, {'epoch': 30, 'best_score': 0.0}, {'epoch': 31, 'best_score': 0.0}, {'epoch': 32, 'best_score': 0.0}, {'epoch': 33, 'best_score': 0.0}, {'epoch': 34, 'best_score': 0.0}, {'epoch': 35, 'best_score': 0.0}, {'epoch': 36, 'best_score': 0.0}, {'epoch': 37, 'best_score': 0.0}, {'epoch': 38, 'best_score': 0.0}, {'epoch': 39, 'best_score': 0.0}, {'epoch': 40, 'best_score': 0.0}, {'epoch': 41, 'best_score': 0.0}, {'epoch': 42, 'best_score': 0.0}, {'epoch': 43, 'best_score': 0.0}, {'epoch': 44, 'best_score': 0.0}, {'epoch': 45, 'best_score': 0.0}, {'epoch': 46, 'best_score': 0.0}, {'epoch': 47, 'best_score': 0.0}, {'epoch': 48, 'best_score': 0.0}, {'epoch': 49, 'best_score': 0.0}]",officehome,2,DANN,PCA1,146.0,0.915184736251831,0.915184736251831,0.44904816150665283,0.45132744312286377,splits_officehome_DANN_2_0_b09dc755c62e.npz,b09dc755c62e,False,False,1.0,1.0,0.0,,,,0.9053516912151842,all_pca,PCA1,IW residual DIS2 | W=2 | seed=0 (plug-in),True,
iw_residual_dis2,2.0,0.0,731.0,507.0,184.0,128.0,0.9130434782608696,0.0,1.0,8.945487976074219,0.5,0.5,0.5967123508453369,0.2359590381383896,11.0,9.0,3.0,1.0,0.07046019761277958,0.0390625,177.0,7.0,123.0,5.0,ok,plugin,False,,148.73722182580246,151.17200976179532,1.9918475582757462,0.8028597500509331,1.5070927840711825,1.0,0.01116071428571428,0.08162091189849385,0.9183790881015061,0.9183790881015061,False,0.0,0.0,0.3333333134651184,0.6666666865348816,1.0,"[{'epoch': 0, 'best_score': 0.3333333134651184}, {'epoch': 1, 'best_score': 0.0}, {'epoch': 2, 'best_score': 0.0}, {'epoch': 3, 'best_score': 0.3333333134651184}, {'epoch': 4, 'best_score': 0.3333333134651184}, {'epoch': 5, 'best_score': 0.3333333134651184}, {'epoch': 6, 'best_score': 0.3333333134651184}, {'epoch': 7, 'best_score': 0.3333333134651184}, {'epoch': 8, 'best_score': 0.3333333134651184}, {'epoch': 9, 'best_score': 0.3333333134651184}, {'epoch': 10, 'best_score': 0.3333333134651184}, {'epoch': 11, 'best_score': 0.3333333134651184}, {'epoch': 12, 'best_score': 0.3333333134651184}, {'epoch': 13, 'best_score': 0.3333333134651184}, {'epoch': 14, 'best_score': 0.3333333134651184}, {'epoch': 15, 'best_score': 0.3333333134651184}, {'epoch': 16, 'best_score': 0.3333333134651184}, {'epoch': 17, 'best_score': 0.3333333134651184}, {'epoch': 18, 'best_score': 0.3333333134651184}, {'epoch': 19, 'best_score': 0.3333333134651184}, {'epoch': 20, 'best_score': 0.3333333134651184}, {'epoch': 21, 'best_score': 0.3333333134651184}, {'epoch': 22, 'best_score': 0.3333333134651184}, {'epoch': 23, 'best_score': 0.3333333134651184}, {'epoch': 24, 'best_score': 0.3333333134651184}, {'epoch': 25, 'best_score': 0.3333333134651184}, {'epoch': 26, 'best_score': 0.3333333134651184}, {'epoch': 27, 'best_score': 0.3333333134651184}, {'epoch': 28, 'best_score': 0.3333333134651184}, {'epoch': 29, 'best_score': 0.3333333134651184}, {'epoch': 30, 'best_score': 0.3333333134651184}, {'epoch': 31, 'best_score': 0.3333333134651184}, {'epoch': 32, 'best_score': 0.3333333134651184}, {'epoch': 33, 'best_score': 0.3333333134651184}, {'epoch': 34, 'best_score': 0.3333333134651184}, {'epoch': 35, 'best_score': 0.3333333134651184}, {'epoch': 36, 'best_score': 0.3333333134651184}, {'epoch': 37, 'best_score': 0.3333333134651184}, {'epoch': 38, 'best_score': 0.3333333134651184}, {'epoch': 39, 'best_score': 0.3333333134651184}, {'epoch': 40, 'best_score': 0.3333333134651184}, {'epoch': 41, 'best_score': 0.3333333134651184}, {'epoch': 42, 'best_score': 0.3333333134651184}, {'epoch': 43, 'best_score': 0.3333333134651184}, {'epoch': 44, 'best_score': 0.3333333134651184}, {'epoch': 45, 'best_score': 0.3333333134651184}, {'epoch': 46, 'best_score': 0.3333333134651184}, {'epoch': 47, 'best_score': 0.3333333134651184}, {'epoch': 48, 'best_score': 0.3333333134651184}, {'epoch': 49, 'best_score': 0.3333333134651184}]",officehome,3,DANN,PCA1,146.0,0.9056087732315063,0.9056087732315063,0.5364891290664673,0.5625,splits_officehome_DANN_3_0_b09dc755c62e.npz,b09dc755c62e,False,False,0.2857142857142857,1.0,0.0,,,,0.9183790881015061,all_pca,PCA1,IW residual DIS2 | W=2 | seed=0 (plug-in),True,
iw_residual_dis2,2.0,0.0,731.0,898.0,184.0,227.0,0.9130434782608696,0.0,1.0,10.826591491699219,0.5,0.5,0.5647221803665161,0.24411115050315857,4.0,10.0,1.0,4.0,0.07825918355387394,0.04405286343612335,182.0,2.0,217.0,10.0,ok,plugin,False,,174.72735751013326,167.01887003003444,1.9637334936134012,0.8937877709481487,1.612153142516476,0.9,0.01762114537444934,0.09588032892832328,0.9041196710716767,0.9041196710716767,False,0.0,22.0,1.0,0.0,1.0,"[{'epoch': 0, 'best_score': 1.0}, {'epoch': 1, 'best_score': 1.0}, {'epoch': 2, 'best_score': 1.0}, {'epoch': 3, 'best_score': 0.75}, {'epoch': 4, 'best_score': 0.75}, {'epoch': 5, 'best_score': 1.0}, {'epoch': 6, 'best_score': 0.75}, {'epoch': 7, 'best_score': 0.75}, {'epoch': 8, 'best_score': 0.75}, {'epoch': 9, 'best_score': 0.75}, {'epoch': 10, 'best_score': 0.75}, {'epoch': 11, 'best_score': 0.75}, {'epoch': 12, 'best_score': 0.75}, {'epoch': 13, 'best_score': 0.75}, {'epoch': 14, 'best_score': 0.75}, {'epoch': 15, 'best_score': 0.75}, {'epoch': 16, 'best_score': 0.75}, {'epoch': 17, 'best_score': 0.75}, {'epoch': 18, 'best_score': 0.75}, {'epoch': 19, 'best_score': 0.75}, {'epoch': 20, 'best_score': 0.75}, {'epoch': 21, 'best_score': 0.75}, {'epoch': 22, 'best_score': 0.75}, {'epoch': 23, 'best_score': 0.75}, {'epoch': 24, 'best_score': 0.75}, {'epoch': 25, 'best_score': 0.75}, {'epoch': 26, 'best_score': 0.75}, {'epoch': 27, 'best_score': 0.75}, {'epoch': 28, 'best_score': 0.75}, {'epoch': 29, 'best_score': 0.75}, {'epoch': 30, 'best_score': 0.75}, {'epoch': 31, 'best_score': 0.75}, {'epoch': 32, 'best_score': 0.75}, {'epoch': 33, 'best_score': 0.75}, {'epoch': 34, 'best_score': 0.75}, {'epoch': 35, 'best_score': 0.75}, {'epoch': 36, 'best_score': 0.75}, {'epoch': 37, 'best_score': 0.75}, {'epoch': 38, 'best_score': 0.75}, {'epoch': 39, 'best_score': 0.75}, {'epoch': 40, 'best_score': 0.75}, {'epoch': 41, 'best_score': 0.75}, {'epoch': 42, 'best_score': 0.75}, {'epoch': 43, 'best_score': 0.75}, {'epoch': 44, 'best_score': 0.75}, {'epoch': 45, 'best_score': 1.0}, {'epoch': 46, 'best_score': 1.0}, {'epoch': 47, 'best_score': 1.0}, {'epoch': 48, 'best_score': 1.0}, {'epoch': 49, 'best_score': 1.0}]",officehome,1,CDANN,PCA1,146.0,0.9138167500495911,0.9138167500495911,0.730512261390686,0.7488986253738403,splits_officehome_CDANN_1_0_b09dc755c62e.npz,b09dc755c62e,False,False,0.0,0.5,0.4,,,,0.9041196710716767,all_pca,PCA1,IW residual DIS2 | W=2 | seed=0 (plug-in),True,
iw_residual_dis2,2.0,0.0,731.0,893.0,184.0,226.0,0.8913043478260869,0.0,1.0,2.7367031574249268,0.5,0.5,0.7655841112136841,0.1605290174484253,28.0,159.0,9.0,78.0,0.07587336697112397,0.5486725663716814,168.0,16.0,102.0,124.0,ok,plugin,False,,93.03825446940839,104.33048108056322,1.916212095507859,0.3936832195434604,1.4912307791569128,0.8629032258064516,0.19911504424778761,0.2749884112189116,0.7250115887810884,0.7250115887810884,False,7.0,0.0,0.5299144983291626,0.4444444477558136,0.9743589758872986,"[{'epoch': 0, 'best_score': 0.4444444179534912}, {'epoch': 1, 'best_score': 0.4444444179534912}, {'epoch': 2, 'best_score': 0.4316238760948181}, {'epoch': 3, 'best_score': 0.4188033938407898}, {'epoch': 4, 'best_score': 0.4188033938407898}, {'epoch': 5, 'best_score': 0.4188033938407898}, {'epoch': 6, 'best_score': 0.4188033938407898}, {'epoch': 7, 'best_score': 0.5299144983291626}, {'epoch': 8, 'best_score': 0.4914529621601105}, {'epoch': 9, 'best_score': 0.4914529621601105}, {'epoch': 10, 'best_score': 0.36752134561538696}, {'epoch': 11, 'best_score': 0.3803418278694153}, {'epoch': 12, 'best_score': 0.3931623697280884}, {'epoch': 13, 'best_score': 0.3931623697280884}, {'epoch': 14, 'best_score': 0.36752134561538696}, {'epoch': 15, 'best_score': 0.36752134561538696}, {'epoch': 16, 'best_score': 0.36752134561538696}, {'epoch': 17, 'best_score': 0.36752134561538696}, {'epoch': 18, 'best_score': 0.35470080375671387}, {'epoch': 19, 'best_score': 0.36752134561538696}, {'epoch': 20, 'best_score': 0.35470080375671387}, {'epoch': 21, 'best_score': 0.34188032150268555}, {'epoch': 22, 'best_score': 0.35470080375671387}, {'epoch': 23, 'best_score': 0.35470080375671387}, {'epoch': 24, 'best_score': 0.35470080375671387}, {'epoch': 25, 'best_score': 0.35470080375671387}, {'epoch': 26, 'best_score': 0.36752134561538696}, {'epoch': 27, 'best_score': 0.34188032150268555}, {'epoch': 28, 'best_score': 0.35470080375671387}, {'epoch': 29, 'best_score': 0.35470080375671387}, {'epoch': 30, 'best_score': 0.35470080375671387}, {'epoch': 31, 'best_score': 0.36752134561538696}, {'epoch': 32, 'best_score': 0.36752134561538696}, {'epoch': 33, 'best_score': 0.36752134561538696}, {'epoch': 34, 'best_score': 0.3931623697280884}, {'epoch': 35, 'best_score': 0.3931623697280884}, {'epoch': 36, 'best_score': 0.3803418278694153}, {'epoch': 37, 'best_score': 0.3803418278694153}, {'epoch': 38, 'best_score': 0.3803418278694153}, {'epoch': 39, 'best_score': 0.3803418278694153}, {'epoch': 40, 'best_score': 0.3931623697280884}, {'epoch': 41, 'best_score': 0.3931623697280884}, {'epoch': 42, 'best_score': 0.3931623697280884}, {'epoch': 43, 'best_score': 0.3931623697280884}, {'epoch': 44, 'best_score': 0.3931623697280884}, {'epoch': 45, 'best_score': 0.3931623697280884}, {'epoch': 46, 'best_score': 0.3931623697280884}, {'epoch': 47, 'best_score': 0.3931623697280884}, {'epoch': 48, 'best_score': 0.3931623697280884}, {'epoch': 49, 'best_score': 0.3931623697280884}]",officehome,2,CDANN,PCA1,146.0,0.9015048146247864,0.9015048146247864,0.4501679837703705,0.45132744312286377,splits_officehome_CDANN_2_0_b09dc755c62e.npz,b09dc755c62e,False,False,0.125,0.625,0.23790322580645162,,,,0.7250115887810884,all_pca,PCA1,IW residual DIS2 | W=2 | seed=0 (plug-in),True,
iw_residual_dis2,2.0,0.0,731.0,507.0,184.0,128.0,0.9130434782608696,0.0,1.0,3.907647132873535,0.5,0.5,0.7641096115112305,0.17638179659843445,25.0,82.0,11.0,44.0,0.05030835466990381,0.59375,157.0,27.0,52.0,76.0,ok,plugin,False,,87.75315839917434,92.68153551087532,1.9989631338600824,0.3918939261285494,1.5995034501130416,0.9342105263157895,0.1808449074074074,0.23115326207731124,0.7688467379226888,0.7688467379226888,False,6.0,7.0,0.5,0.3636363744735718,0.8636363744735718,"[{'epoch': 0, 'best_score': 0.1818181872367859}, {'epoch': 1, 'best_score': 0.25}, {'epoch': 2, 'best_score': 0.2727273106575012}, {'epoch': 3, 'best_score': 0.3181818127632141}, {'epoch': 4, 'best_score': 0.4318181574344635}, {'epoch': 5, 'best_score': 0.4772726893424988}, {'epoch': 6, 'best_score': 0.5}, {'epoch': 7, 'best_score': 0.5}, {'epoch': 8, 'best_score': 0.5}, {'epoch': 9, 'best_score': 0.5}, {'epoch': 10, 'best_score': 0.4772726893424988}, {'epoch': 11, 'best_score': 0.4772726893424988}, {'epoch': 12, 'best_score': 0.5}, {'epoch': 13, 'best_score': 0.5}, {'epoch': 14, 'best_score': 0.5}, {'epoch': 15, 'best_score': 0.4772726893424988}, {'epoch': 16, 'best_score': 0.4772726893424988}, {'epoch': 17, 'best_score': 0.45454543828964233}, {'epoch': 18, 'best_score': 0.45454543828964233}, {'epoch': 19, 'best_score': 0.4772726893424988}, {'epoch': 20, 'best_score': 0.4772726893424988}, {'epoch': 21, 'best_score': 0.4772726893424988}, {'epoch': 22, 'best_score': 0.4772726893424988}, {'epoch': 23, 'best_score': 0.4772726893424988}, {'epoch': 24, 'best_score': 0.4772726893424988}, {'epoch': 25, 'best_score': 0.4772726893424988}, {'epoch': 26, 'best_score': 0.4772726893424988}, {'epoch': 27, 'best_score': 0.4772726893424988}, {'epoch': 28, 'best_score': 0.4772726893424988}, {'epoch': 29, 'best_score': 0.4772726893424988}, {'epoch': 30, 'best_score': 0.4772726893424988}, {'epoch': 31, 'best_score': 0.45454543828964233}, {'epoch': 32, 'best_score': 0.38636359572410583}, {'epoch': 33, 'best_score': 0.38636359572410583}, {'epoch': 34, 'best_score': 0.38636359572410583}, {'epoch': 35, 'best_score': 0.38636359572410583}, {'epoch': 36, 'best_score': 0.38636359572410583}, {'epoch': 37, 'best_score': 0.38636359572410583}, {'epoch': 38, 'best_score': 0.38636359572410583}, {'epoch': 39, 'best_score': 0.38636359572410583}, {'epoch': 40, 'best_score': 0.38636359572410583}, {'epoch': 41, 'best_score': 0.38636359572410583}, {'epoch': 42, 'best_score': 0.38636359572410583}, {'epoch': 43, 'best_score': 0.38636359572410583}, {'epoch': 44, 'best_score': 0.38636359572410583}, {'epoch': 45, 'best_score': 0.38636359572410583}, {'epoch': 46, 'best_score': 0.38636359572410583}, {'epoch': 47, 'best_score': 0.34090909361839294}, {'epoch': 48, 'best_score': 0.34090909361839294}, {'epoch': 49, 'best_score': 0.34090909361839294}]",officehome,3,CDANN,PCA1,146.0,0.9138167500495911,0.9138167500495911,0.5364891290664673,0.5546875,splits_officehome_CDANN_3_0_b09dc755c62e.npz,b09dc755c62e,False,False,0.1111111111111111,0.7407407407407407,0.1934697855750488,,,,0.7688467379226888,all_pca,PCA1,IW residual DIS2 | W=2 | seed=0 (plug-in),True,
iw_residual_dis2,2.0,0.0,24387.0,11083.0,6098.0,2773.0,0.9996720236142997,0.0,1.0,1.1578553915023804,0.5,0.5,0.989417314529419,0.008117657154798508,108.0,3296.0,51.0,1655.0,2.5685813993061145e-08,0.995311936530833,6006.0,92.0,13.0,2760.0,ok,plugin,False,,189.90496474623586,260.5080837324588,1.8781858995354253,0.0003948693711549769,0.12682352139945033,0.8597826086956522,0.4554633970429138,0.45546342272872775,0.5445365772712722,0.5445365772712722,False,16.0,18.0,0.6513832211494446,0.21568627655506134,0.8670694828033447,"[{'epoch': 0, 'best_score': 0.2459925413131714}, {'epoch': 1, 'best_score': 0.39877966046333313}, {'epoch': 2, 'best_score': 0.4174515902996063}, {'epoch': 3, 'best_score': 0.4575439989566803}, {'epoch': 4, 'best_score': 0.47044605016708374}, {'epoch': 5, 'best_score': 0.4760381579399109}, {'epoch': 6, 'best_score': 0.47241276502609253}, {'epoch': 7, 'best_score': 0.5077306032180786}, {'epoch': 8, 'best_score': 0.5135003924369812}, {'epoch': 9, 'best_score': 0.537065327167511}, {'epoch': 10, 'best_score': 0.563651442527771}, {'epoch': 11, 'best_score': 0.5528345704078674}, {'epoch': 12, 'best_score': 0.568272054195404}, {'epoch': 13, 'best_score': 0.5984835028648376}, {'epoch': 14, 'best_score': 0.6163378953933716}, {'epoch': 15, 'best_score': 0.6483621001243591}, {'epoch': 16, 'best_score': 0.6513832211494446}, {'epoch': 17, 'best_score': 0.6245838403701782}, {'epoch': 18, 'best_score': 0.6016230583190918}, {'epoch': 19, 'best_score': 0.5914103984832764}, {'epoch': 20, 'best_score': 0.5856999158859253}, {'epoch': 21, 'best_score': 0.575759768486023}, {'epoch': 22, 'best_score': 0.551649808883667}, {'epoch': 23, 'best_score': 0.5697766542434692}, {'epoch': 24, 'best_score': 0.5734020471572876}, {'epoch': 25, 'best_score': 0.5384159088134766}, {'epoch': 26, 'best_score': 0.5402286052703857}, {'epoch': 27, 'best_score': 0.5254546403884888}, {'epoch': 28, 'best_score': 0.5088679790496826}, {'epoch': 29, 'best_score': 0.49167701601982117}, {'epoch': 30, 'best_score': 0.4726734161376953}, {'epoch': 31, 'best_score': 0.4886558949947357}, {'epoch': 32, 'best_score': 0.4750903248786926}, {'epoch': 33, 'best_score': 0.47569453716278076}, {'epoch': 34, 'best_score': 0.47569453716278076}, {'epoch': 35, 'best_score': 0.47569453716278076}, {'epoch': 36, 'best_score': 0.4762987494468689}, {'epoch': 37, 'best_score': 0.4769030213356018}, {'epoch': 38, 'best_score': 0.4585036039352417}, {'epoch': 39, 'best_score': 0.45789939165115356}, {'epoch': 40, 'best_score': 0.44010424613952637}, {'epoch': 41, 'best_score': 0.4388957619667053}, {'epoch': 42, 'best_score': 0.42170482873916626}, {'epoch': 43, 'best_score': 0.42230910062789917}, {'epoch': 44, 'best_score': 0.4027012586593628}, {'epoch': 45, 'best_score': 0.4020969867706299}, {'epoch': 46, 'best_score': 0.4027012586593628}, {'epoch': 47, 'best_score': 0.4027012586593628}, {'epoch': 48, 'best_score': 0.4033054709434509}, {'epoch': 49, 'best_score': 0.3849061131477356}]",visda,1,DANN,PCA1,2048.0,0.9995489120483398,0.9995489120483398,0.6463051438331604,0.6473133563995361,splits_visda_DANN_1_0_b09dc755c62e.npz,b09dc755c62e,True,True,0.0,0.40217391304347827,0.4576086956521739,,,,0.5445365772712722,all_pca,PCA1,IW residual DIS2 | W=2 | seed=0 (plug-in),True,
iw_residual_dis2,2.0,0.0,24387.0,14480.0,6098.0,3620.0,0.9998360118071499,0.0,1.0,1.2240148782730103,0.5,0.5,0.9868221282958984,0.009336410090327263,93.0,4287.0,31.0,2135.0,3.000683332699872e-05,0.9856353591160221,6034.0,64.0,52.0,3568.0,ok,plugin,False,,140.14229016884596,200.7327455664749,1.9162458416648178,0.0003389227550266748,0.07211374955802967,0.8211883408071748,0.3627762430939226,0.3628062499272496,0.6371937500727505,0.6371937500727505,False,14.0,8.0,0.47420111298561096,0.35483869910240173,0.8290398120880127,"[{'epoch': 0, 'best_score': 0.20829492807388306}, {'epoch': 1, 'best_score': 0.2965777516365051}, {'epoch': 2, 'best_score': 0.36249908804893494}, {'epoch': 3, 'best_score': 0.40546950697898865}, {'epoch': 4, 'best_score': 0.38392385840415955}, {'epoch': 5, 'best_score': 0.36284658312797546}, {'epoch': 6, 'best_score': 0.3660043776035309}, {'epoch': 7, 'best_score': 0.39879128336906433}, {'epoch': 8, 'best_score': 0.4301126003265381}, {'epoch': 9, 'best_score': 0.42870742082595825}, {'epoch': 10, 'best_score': 0.41518470644950867}, {'epoch': 11, 'best_score': 0.42783108353614807}, {'epoch': 12, 'best_score': 0.450781911611557}, {'epoch': 13, 'best_score': 0.45265546441078186}, {'epoch': 14, 'best_score': 0.47420111298561096}, {'epoch': 15, 'best_score': 0.4719196557998657}, {'epoch': 16, 'best_score': 0.45464983582496643}, {'epoch': 17, 'best_score': 0.44621893763542175}, {'epoch': 18, 'best_score': 0.4397220015525818}, {'epoch': 19, 'best_score': 0.44815289974212646}, {'epoch': 20, 'best_score': 0.41736042499542236}, {'epoch': 21, 'best_score': 0.3991538882255554}, {'epoch': 22, 'best_score': 0.4047744870185852}, {'epoch': 23, 'best_score': 0.3795422315597534}, {'epoch': 24, 'best_score': 0.38703638315200806}, {'epoch': 25, 'best_score': 0.36039888858795166}, {'epoch': 26, 'best_score': 0.36227238178253174}, {'epoch': 27, 'best_score': 0.36648786067962646}, {'epoch': 28, 'best_score': 0.3361033797264099}, {'epoch': 29, 'best_score': 0.33797687292099}, {'epoch': 30, 'best_score': 0.33422982692718506}, {'epoch': 31, 'best_score': 0.3094658851623535}, {'epoch': 32, 'best_score': 0.3094658851623535}, {'epoch': 33, 'best_score': 0.3080607056617737}, {'epoch': 34, 'best_score': 0.27861297130584717}, {'epoch': 35, 'best_score': 0.27861297130584717}, {'epoch': 36, 'best_score': 0.279549777507782}, {'epoch': 37, 'best_score': 0.280018150806427}, {'epoch': 38, 'best_score': 0.24916523694992065}, {'epoch': 39, 'best_score': 0.2501019835472107}, {'epoch': 40, 'best_score': 0.24916523694992065}, {'epoch': 41, 'best_score': 0.24916523694992065}, {'epoch': 42, 'best_score': 0.24869680404663086}, {'epoch': 43, 'best_score': 0.2501019835472107}, {'epoch': 44, 'best_score': 0.25103873014450073}, {'epoch': 45, 'best_score': 0.25150710344314575}, {'epoch': 46, 'best_score': 0.2505703568458557}, {'epoch': 47, 'best_score': 0.25150710344314575}, {'epoch': 48, 'best_score': 0.25103873014450073}, {'epoch': 49, 'best_score': 0.25103873014450073}]",visda,2,DANN,PCA1,2048.0,0.9997539520263672,0.9997539520263672,0.6546961069107056,0.6544198393821716,splits_visda_DANN_2_0_b09dc755c62e.npz,b09dc755c62e,True,True,0.0,0.453125,0.36806334080717484,,,,0.6371937500727505,all_pca,PCA1,IW residual DIS2 | W=2 | seed=0 (plug-in),True,
iw_residual_dis2,2.0,0.0,24387.0,11083.0,6098.0,2773.0,0.9993440472285995,0.0,1.0,0.6170312762260437,0.5,0.5,0.9946262836456299,0.003861944656819105,24.0,3311.0,17.0,1650.0,2.4908571043395633e-07,0.9956725567976921,6072.0,26.0,12.0,2761.0,ok,plugin,False,,76.17820094275078,135.33486694544936,1.9477791974073728,0.00010506045993628746,0.03401476505934596,0.8833755885548714,0.6114871425004854,0.6114873915861958,0.3885126084138042,0.3885126084138042,False,49.0,12.0,0.8381461501121521,0.05882352963089943,0.8969696760177612,"[{'epoch': 0, 'best_score': 0.24930477142333984}, {'epoch': 1, 'best_score': 0.2596434950828552}, {'epoch': 2, 'best_score': 0.30877000093460083}, {'epoch': 3, 'best_score': 0.3755436837673187}, {'epoch': 4, 'best_score': 0.4708021283149719}, {'epoch': 5, 'best_score': 0.4247059226036072}, {'epoch': 6, 'best_score': 0.4477362036705017}, {'epoch': 7, 'best_score': 0.49008908867836}, {'epoch': 8, 'best_score': 0.5308377742767334}, {'epoch': 9, 'best_score': 0.5817825198173523}, {'epoch': 10, 'best_score': 0.5745097994804382}, {'epoch': 11, 'best_score': 0.6023886203765869}, {'epoch': 12, 'best_score': 0.6787522435188293}, {'epoch': 13, 'best_score': 0.6429589986801147}, {'epoch': 14, 'best_score': 0.6229946613311768}, {'epoch': 15, 'best_score': 0.65572190284729}, {'epoch': 16, 'best_score': 0.6387522220611572}, {'epoch': 17, 'best_score': 0.6260249614715576}, {'epoch': 18, 'best_score': 0.6175401210784912}, {'epoch': 19, 'best_score': 0.6114795207977295}, {'epoch': 20, 'best_score': 0.6114795207977295}, {'epoch': 21, 'best_score': 0.6187522411346436}, {'epoch': 22, 'best_score': 0.6260249614715576}, {'epoch': 23, 'best_score': 0.630873441696167}, {'epoch': 24, 'best_score': 0.6357219219207764}, {'epoch': 25, 'best_score': 0.6460249423980713}, {'epoch': 26, 'best_score': 0.6545097827911377}, {'epoch': 27, 'best_score': 0.6708734631538391}, {'epoch': 28, 'best_score': 0.6836007237434387}, {'epoch': 29, 'best_score': 0.6932976841926575}, {'epoch': 30, 'best_score': 0.6920855641365051}, {'epoch': 31, 'best_score': 0.7042067646980286}, {'epoch': 32, 'best_score': 0.719964325428009}, {'epoch': 33, 'best_score': 0.7369340658187866}, {'epoch': 34, 'best_score': 0.7466310262680054}, {'epoch': 35, 'best_score': 0.7545098066329956}, {'epoch': 36, 'best_score': 0.7684491872787476}, {'epoch': 37, 'best_score': 0.7502673864364624}, {'epoch': 38, 'best_score': 0.759358286857605}, {'epoch': 39, 'best_score': 0.766631007194519}, {'epoch': 40, 'best_score': 0.7751158475875854}, {'epoch': 41, 'best_score': 0.7823885679244995}, {'epoch': 42, 'best_score': 0.7914795279502869}, {'epoch': 43, 'best_score': 0.7981461882591248}, {'epoch': 44, 'best_score': 0.802388608455658}, {'epoch': 45, 'best_score': 0.8078431487083435}, {'epoch': 46, 'best_score': 0.813297688961029}, {'epoch': 47, 'best_score': 0.8229946494102478}, {'epoch': 48, 'best_score': 0.8290552496910095}, {'epoch': 49, 'best_score': 0.8381461501121521}]",visda,1,CDANN,PCA1,256.0,0.9990978837013245,0.9990978837013245,0.6784264445304871,0.6693112254142761,splits_visda_CDANN_1_0_b09dc755c62e.npz,b09dc755c62e,True,True,0.0,0.2692307692307692,0.6141448193241021,,,,0.3885126084138042,all_pca,PCA1,IW residual DIS2 | W=2 | seed=0 (plug-in),True,
iw_residual_dis2,2.0,0.0,24387.0,14480.0,6098.0,3620.0,0.9995080354214496,1.0,1.0,0.4550785720348358,0.5,0.5,0.9962331056594849,0.002304885070770979,14.0,4315.0,5.0,2158.0,8.846891785438443e-10,0.9953038674033149,6085.0,13.0,17.0,3603.0,ok,plugin,False,,32.69339523247318,42.08327025717271,1.993649850969146,9.99230292506569e-07,0.0026506774354993446,0.9200666111573689,0.6094985125371866,0.6094985134218758,0.3905014865781242,0.3905014865781242,False,49.0,19.0,0.9295644164085388,0.0,0.9295644164085388,"[{'epoch': 0, 'best_score': 0.662835955619812}, {'epoch': 1, 'best_score': 0.644763708114624}, {'epoch': 2, 'best_score': 0.7221501469612122}, {'epoch': 3, 'best_score': 0.7087118029594421}, {'epoch': 4, 'best_score': 0.709175169467926}, {'epoch': 5, 'best_score': 0.6836886405944824}, {'epoch': 6, 'best_score': 0.6721038222312927}, {'epoch': 7, 'best_score': 0.8642261624336243}, {'epoch': 8, 'best_score': 0.8758109211921692}, {'epoch': 9, 'best_score': 0.8790546655654907}, {'epoch': 10, 'best_score': 0.8679332733154297}, {'epoch': 11, 'best_score': 0.840593159198761}, {'epoch': 12, 'best_score': 0.816496729850769}, {'epoch': 13, 'best_score': 0.7947173118591309}, {'epoch': 14, 'best_score': 0.7771084308624268}, {'epoch': 15, 'best_score': 0.7868396639823914}, {'epoch': 16, 'best_score': 0.7840592861175537}, {'epoch': 17, 'best_score': 0.7655236124992371}, {'epoch': 18, 'best_score': 0.761353075504303}, {'epoch': 19, 'best_score': 0.7581093311309814}, {'epoch': 20, 'best_score': 0.7534754276275635}, {'epoch': 21, 'best_score': 0.7562558054924011}, {'epoch': 22, 'best_score': 0.7585727572441101}, {'epoch': 23, 'best_score': 0.7636700868606567}, {'epoch': 24, 'best_score': 0.7794253826141357}, {'epoch': 25, 'best_score': 0.7933271527290344}, {'epoch': 26, 'best_score': 0.8072289228439331}, {'epoch': 27, 'best_score': 0.8160333633422852}, {'epoch': 28, 'best_score': 0.8290083408355713}, {'epoch': 29, 'best_score': 0.8345690369606018}, {'epoch': 30, 'best_score': 0.8410565257072449}, {'epoch': 31, 'best_score': 0.8456904292106628}, {'epoch': 32, 'best_score': 0.8512511849403381}, {'epoch': 33, 'best_score': 0.8544949293136597}, {'epoch': 34, 'best_score': 0.8582020401954651}, {'epoch': 35, 'best_score': 0.8642261624336243}, {'epoch': 36, 'best_score': 0.8707136511802673}, {'epoch': 37, 'best_score': 0.8748841285705566}, {'epoch': 38, 'best_score': 0.8795180916786194}, {'epoch': 39, 'best_score': 0.8832252025604248}, {'epoch': 40, 'best_score': 0.8897126913070679}, {'epoch': 41, 'best_score': 0.8911028504371643}, {'epoch': 42, 'best_score': 0.8962001800537109}, {'epoch': 43, 'best_score': 0.8971269726753235}, {'epoch': 44, 'best_score': 0.9045412540435791}, {'epoch': 45, 'best_score': 0.9119555354118347}, {'epoch': 46, 'best_score': 0.9156626462936401}, {'epoch': 47, 'best_score': 0.9198331832885742}, {'epoch': 48, 'best_score': 0.9263206720352173}, {'epoch': 49, 'best_score': 0.9295644164085388}]",visda,2,CDANN,PCA1,256.0,0.9995899200439453,0.9995899200439453,0.7107734680175781,0.7140883803367615,splits_visda_CDANN_2_0_b09dc755c62e.npz,b09dc755c62e,True,True,0.0,0.3076923076923077,0.6123743034650612,,,,0.3905014865781242,all_pca,PCA1,IW residual DIS2 | W=2 | seed=0 (plug-in),True,
iw_residual_dis2,2.0,0.0,6500.0,33009.0,1625.0,8255.0,0.904,0.0,1.0,1.5615886449813843,0.5,0.5,0.5643240213394165,0.2424464374780655,28.0,329.0,14.0,156.0,0.10784912550807096,0.030042398546335555,1590.0,35.0,8007.0,248.0,ok,plugin,False,,1622.0229781209928,1437.174357655211,1.9965435421953117,0.9849389693533863,1.6537388969558153,0.6048387096774194,0.00701220039802717,0.11486132590609813,0.8851386740939019,0.8851386740939019,False,22.0,27.0,0.3223443031311035,0.3571428656578064,0.6794871687889099,"[{'epoch': 0, 'best_score': 0.13919413089752197}, {'epoch': 1, 'best_score': 0.17124545574188232}, {'epoch': 2, 'best_score': 0.13919413089752197}, {'epoch': 3, 'best_score': 0.19871795177459717}, {'epoch': 4, 'best_score': 0.21794873476028442}, {'epoch': 5, 'best_score': 0.2573259770870209}, {'epoch': 6, 'best_score': 0.29487180709838867}, {'epoch': 7, 'best_score': 0.26923078298568726}, {'epoch': 8, 'best_score': 0.23168495297431946}, {'epoch': 9, 'best_score': 0.2252747118473053}, {'epoch': 10, 'best_score': 0.2380952537059784}, {'epoch': 11, 'best_score': 0.27014651894569397}, {'epoch': 12, 'best_score': 0.26923078298568726}, {'epoch': 13, 'best_score': 0.25}, {'epoch': 14, 'best_score': 0.25641024112701416}, {'epoch': 15, 'best_score': 0.2957875430583954}, {'epoch': 16, 'best_score': 0.2829670011997223}, {'epoch': 17, 'best_score': 0.2957875430583954}, {'epoch': 18, 'best_score': 0.30219778418540955}, {'epoch': 19, 'best_score': 0.29029303789138794}, {'epoch': 20, 'best_score': 0.3095238208770752}, {'epoch': 21, 'best_score': 0.31593406200408936}, {'epoch': 22, 'best_score': 0.3223443031311035}, {'epoch': 23, 'best_score': 0.31593406200408936}, {'epoch': 24, 'best_score': 0.2380952537059784}, {'epoch': 25, 'best_score': 0.23168495297431946}, {'epoch': 26, 'best_score': 0.23168495297431946}, {'epoch': 27, 'best_score': 0.24450549483299255}, {'epoch': 28, 'best_score': 0.24450549483299255}, {'epoch': 29, 'best_score': 0.2509157359600067}, {'epoch': 30, 'best_score': 0.2829670011997223}, {'epoch': 31, 'best_score': 0.27655676007270813}, {'epoch': 32, 'best_score': 0.1785714030265808}, {'epoch': 33, 'best_score': 0.1785714030265808}, {'epoch': 34, 'best_score': 0.18498164415359497}, {'epoch': 35, 'best_score': 0.1913919448852539}, {'epoch': 36, 'best_score': 0.18498164415359497}, {'epoch': 37, 'best_score': 0.18498164415359497}, {'epoch': 38, 'best_score': 0.18498164415359497}, {'epoch': 39, 'best_score': 0.18498164415359497}, {'epoch': 40, 'best_score': 0.1785714030265808}, {'epoch': 41, 'best_score': 0.17216116189956665}, {'epoch': 42, 'best_score': 0.1785714030265808}, {'epoch': 43, 'best_score': 0.17216116189956665}, {'epoch': 44, 'best_score': 0.12637364864349365}, {'epoch': 45, 'best_score': 0.11355310678482056}, {'epoch': 46, 'best_score': 0.11355310678482056}, {'epoch': 47, 'best_score': 0.11355310678482056}, {'epoch': 48, 'best_score': 0.11355310678482056}, {'epoch': 49, 'best_score': 0.12637364864349365}]",entity13,1,DANN,PCA4,128.0,0.905846118927002,0.905846118927002,0.7318307161331177,0.7345851063728333,splits_entity13_DANN_1_0_b09dc755c62e.npz,b09dc755c62e,False,False,0.17142857142857143,0.5428571428571428,0.06198156682027656,,,,0.8851386740939019,all_pca,PCA4,IW residual DIS2 | W=2 | seed=0 (plug-in),True,
iw_residual_dis2,2.0,0.0,6500.0,260.0,1625.0,65.0,0.9101538461538462,0.0,1.0,10.676085472106934,0.5,0.5,0.521538496017456,0.24813255667686462,,,,,0.08710358156730917,0.0,1625.0,0.0,65.0,0.0,ok,plugin,False,,1512.2927721300007,1578.8488960038744,1.6385401980545669,0.9190608700921304,1.198067120036518,,0.0,0.08710358156730917,0.9128964184326909,0.9128964184326909,False,,,,,,,entity13,2,DANN,PCA4,128.0,0.9129230380058289,0.9129230380058289,0.8615384697914124,0.8461538553237915,splits_entity13_DANN_2_0_b09dc755c62e.npz,b09dc755c62e,False,False,,,,,,,0.9128964184326909,all_pca,PCA4,IW residual DIS2 | W=2 | seed=0 (plug-in),True,
iw_residual_dis2,2.0,0.0,6500.0,260.0,1625.0,65.0,0.9027692307692308,0.0,1.0,4.1452813148498535,0.5,0.5,0.563076913356781,0.2393660843372345,24.0,1.0,13.0,1.0,0.088794650581848,0.03076923076923077,1598.0,27.0,63.0,2.0,ok,plugin,False,,1316.7765237662077,1365.733168581151,1.9638584846719709,0.7799313539988761,1.4794251605176105,0.5,0.003988603988603986,0.09278325457045199,0.907216745429548,0.907216745429548,False,12.0,28.0,0.7692307829856873,0.23076923191547394,1.0,"[{'epoch': 0, 'best_score': 0.23076921701431274}, {'epoch': 1, 'best_score': 0.38461536169052124}, {'epoch': 2, 'best_score': 0.4615384340286255}, {'epoch': 3, 'best_score': 0.4615384340286255}, {'epoch': 4, 'best_score': 0.4615384340286255}, {'epoch': 5, 'best_score': 0.5384615659713745}, {'epoch': 6, 'best_score': 0.5384615659713745}, {'epoch': 7, 'best_score': 0.615384578704834}, {'epoch': 8, 'best_score': 0.615384578704834}, {'epoch': 9, 'best_score': 0.615384578704834}, {'epoch': 10, 'best_score': 0.615384578704834}, {'epoch': 11, 'best_score': 0.692307710647583}, {'epoch': 12, 'best_score': 0.7692307829856873}, {'epoch': 13, 'best_score': 0.7692307829856873}, {'epoch': 14, 'best_score': 0.7692307829856873}, {'epoch': 15, 'best_score': 0.7692307829856873}, {'epoch': 16, 'best_score': 0.7692307829856873}, {'epoch': 17, 'best_score': 0.7692307829856873}, {'epoch': 18, 'best_score': 0.7692307829856873}, {'epoch': 19, 'best_score': 0.7692307829856873}, {'epoch': 20, 'best_score': 0.7692307829856873}, {'epoch': 21, 'best_score': 0.7692307829856873}, {'epoch': 22, 'best_score': 0.7692307829856873}, {'epoch': 23, 'best_score': 0.7692307829856873}, {'epoch': 24, 'best_score': 0.7692307829856873}, {'epoch': 25, 'best_score': 0.7692307829856873}, {'epoch': 26, 'best_score': 0.7692307829856873}, {'epoch': 27, 'best_score': 0.7692307829856873}, {'epoch': 28, 'best_score': 0.7692307829856873}, {'epoch': 29, 'best_score': 0.7692307829856873}, {'epoch': 30, 'best_score': 0.7692307829856873}, {'epoch': 31, 'best_score': 0.7692307829856873}, {'epoch': 32, 'best_score': 0.692307710647583}, {'epoch': 33, 'best_score': 0.692307710647583}, {'epoch': 34, 'best_score': 0.692307710647583}, {'epoch': 35, 'best_score': 0.692307710647583}, {'epoch': 36, 'best_score': 0.692307710647583}, {'epoch': 37, 'best_score': 0.692307710647583}, {'epoch': 38, 'best_score': 0.692307710647583}, {'epoch': 39, 'best_score': 0.692307710647583}, {'epoch': 40, 'best_score': 0.692307710647583}, {'epoch': 41, 'best_score': 0.692307710647583}, {'epoch': 42, 'best_score': 0.692307710647583}, {'epoch': 43, 'best_score': 0.692307710647583}, {'epoch': 44, 'best_score': 0.692307710647583}, {'epoch': 45, 'best_score': 0.692307710647583}, {'epoch': 46, 'best_score': 0.692307710647583}, {'epoch': 47, 'best_score': 0.692307710647583}, {'epoch': 48, 'best_score': 0.692307710647583}, {'epoch': 49, 'best_score': 0.692307710647583}]",entity13,3,DANN,PCA4,128.0,0.907076895236969,0.907076895236969,0.6653845906257629,0.5538461804389954,splits_entity13_DANN_3_0_b09dc755c62e.npz,b09dc755c62e,False,False,0.18518518518518517,0.5555555555555556,-0.05555555555555558,,,,0.907216745429548,all_pca,PCA4,IW residual DIS2 | W=2 | seed=0 (plug-in),True,
iw_residual_dis2,2.0,0.0,6500.0,33009.0,1625.0,8255.0,0.9132307692307693,0.0,1.0,1.1303458213806152,0.5,0.5,0.6026573181152344,0.23435693979263306,119.0,1156.0,53.0,625.0,0.08278369475509977,0.1175045427013931,1526.0,99.0,7285.0,970.0,ok,plugin,False,,1416.3261257384934,1294.7207633285143,1.9975590861727899,0.887605710992115,1.6382287024649143,0.6113402061855671,0.011302608153001862,0.09408630290810163,0.9059136970918984,0.9059136970918984,False,20.0,0.0,0.29110947251319885,0.35849055647850037,0.6496000289916992,"[{'epoch': 0, 'best_score': 0.062339603900909424}, {'epoch': 1, 'best_score': 0.07513958215713501}, {'epoch': 2, 'best_score': 0.09609061479568481}, {'epoch': 3, 'best_score': 0.10695850849151611}, {'epoch': 4, 'best_score': 0.13509434461593628}, {'epoch': 5, 'best_score': 0.14916229248046875}, {'epoch': 6, 'best_score': 0.1238943338394165}, {'epoch': 7, 'best_score': 0.11142641305923462}, {'epoch': 8, 'best_score': 0.12235468626022339}, {'epoch': 9, 'best_score': 0.13862639665603638}, {'epoch': 10, 'best_score': 0.14149433374404907}, {'epoch': 11, 'best_score': 0.17089807987213135}, {'epoch': 12, 'best_score': 0.15335851907730103}, {'epoch': 13, 'best_score': 0.14855849742889404}, {'epoch': 14, 'best_score': 0.16030192375183105}, {'epoch': 15, 'best_score': 0.16069430112838745}, {'epoch': 16, 'best_score': 0.20449811220169067}, {'epoch': 17, 'best_score': 0.21983394026756287}, {'epoch': 18, 'best_score': 0.21310192346572876}, {'epoch': 19, 'best_score': 0.23483774065971375}, {'epoch': 20, 'best_score': 0.29110947251319885}, {'epoch': 21, 'best_score': 0.2735094726085663}, {'epoch': 22, 'best_score': 0.2747773826122284}, {'epoch': 23, 'best_score': 0.25877735018730164}, {'epoch': 24, 'best_score': 0.25077733397483826}, {'epoch': 25, 'best_score': 0.2584453225135803}, {'epoch': 26, 'best_score': 0.25044530630111694}, {'epoch': 27, 'best_score': 0.2219773828983307}, {'epoch': 28, 'best_score': 0.21237733960151672}, {'epoch': 29, 'best_score': 0.1964377462863922}, {'epoch': 30, 'best_score': 0.203109472990036}, {'epoch': 31, 'best_score': 0.2146415114402771}, {'epoch': 32, 'best_score': 0.2146415114402771}, {'epoch': 33, 'best_score': 0.2162414789199829}, {'epoch': 34, 'best_score': 0.2162414789199829}, {'epoch': 35, 'best_score': 0.2152453064918518}, {'epoch': 36, 'best_score': 0.21684527397155762}, {'epoch': 37, 'best_score': 0.22904151678085327}, {'epoch': 38, 'best_score': 0.21364527940750122}, {'epoch': 39, 'best_score': 0.2242414951324463}, {'epoch': 40, 'best_score': 0.2242414951324463}, {'epoch': 41, 'best_score': 0.219109445810318}, {'epoch': 42, 'best_score': 0.21684527397155762}, {'epoch': 43, 'best_score': 0.214309424161911}, {'epoch': 44, 'best_score': 0.2159094512462616}, {'epoch': 45, 'best_score': 0.2114415168762207}, {'epoch': 46, 'best_score': 0.21364527940750122}, {'epoch': 47, 'best_score': 0.2178415060043335}, {'epoch': 48, 'best_score': 0.21557733416557312}, {'epoch': 49, 'best_score': 0.2146415114402771}]",entity13,1,CDANN,PCA4,64.0,0.9096922874450684,0.9096922874450684,0.7354357838630676,0.7372501492500305,splits_entity13_CDANN_1_0_b09dc755c62e.npz,b09dc755c62e,False,False,0.04040404040404041,0.5555555555555556,0.05578465063001148,,,,0.9059136970918984,all_pca,PCA4,IW residual DIS2 | W=2 | seed=0 (plug-in),True,
iw_residual_dis2,2.0,0.0,6500.0,260.0,1625.0,65.0,0.9058461538461539,0.0,1.0,54.598148345947266,0.5,0.5,0.44692307710647583,0.25055742263793945,,,,,0.0935307655488139,0.0,1625.0,0.0,65.0,0.0,ok,plugin,False,,1603.3329562509134,1623.2413656073352,1.1207306672163084,0.9886244361284471,1.034930379411392,,0.0,0.0935307655488139,0.9064692344511861,0.9064692344511861,False,,,,,,,entity13,2,CDANN,PCA4,64.0,0.9081538319587708,0.9081538319587708,0.8423076868057251,0.8769230842590332,splits_entity13_CDANN_2_0_b09dc755c62e.npz,b09dc755c62e,False,False,,,,,,,0.9064692344511861,all_pca,PCA4,IW residual DIS2 | W=2 | seed=0 (plug-in),True,
iw_residual_dis2,2.0,0.0,6500.0,260.0,1625.0,65.0,0.9015384615384615,0.0,1.0,7.592172622680664,0.5,0.5,0.550000011920929,0.2468400001525879,,,,,0.09533018896705377,0.0,1624.0,1.0,65.0,0.0,ok,plugin,False,,1518.505456297572,1562.0115946082271,1.820828137141257,0.9298057479816695,1.2494189898286086,,0.0,0.09533018896705377,0.9046698110329462,0.9046698110329462,False,,,,,,,entity13,3,CDANN,PCA4,64.0,0.9061538577079773,0.9061538577079773,0.6653845906257629,0.5692307949066162,splits_entity13_CDANN_3_0_b09dc755c62e.npz,b09dc755c62e,False,False,,,,,,,0.9046698110329462,all_pca,PCA4,IW residual DIS2 | W=2 | seed=0 (plug-in),True,
iw_residual_dis2,2.0,0.0,6000.0,30828.0,1500.0,7709.0,0.8426666666666667,0.0,1.0,2.5768418312072754,0.5,0.5,0.5472680330276489,0.24780237674713135,0.0,5.0,0.0,4.0,0.16283695417352698,0.0002594370216629913,1499.0,1.0,7707.0,2.0,unsupported_critic_region,plugin,False,,1506.5146629971061,1451.5280906225594,1.6580635972583564,1.0040384154035735,1.3032668349373473,,,,,,,,,,,,,entity30,1,DANN,PCA4,128.0,0.8550000190734863,0.8550000190734863,0.6190800070762634,0.6236866116523743,splits_entity30_DANN_1_0_b09dc755c62e.npz,b09dc755c62e,,,,,,,,,,all_pca,PCA4,IW residual DIS2 | W=2 | seed=0 (plug-in),False,
iw_residual_dis2,2.0,0.0,6000.0,240.0,1500.0,60.0,0.8606666666666667,0.0,1.0,5.792827129364014,0.5,0.5,0.5858333110809326,0.24407319724559784,,,,,0.13107938890176252,0.0,1499.0,1.0,60.0,0.0,ok,plugin,False,,1347.0976242810852,1375.8034506123922,1.991870788339273,0.8764772129024209,1.3802738816953133,,0.0,0.13107938890176252,0.8689206110982375,0.8689206110982375,False,,,,,,,entity30,2,DANN,PCA4,128.0,0.8646666407585144,0.8646666407585144,0.7875000238418579,0.7500000596046448,splits_entity30_DANN_2_0_b09dc755c62e.npz,b09dc755c62e,False,False,,,,,,,0.8689206110982375,all_pca,PCA4,IW residual DIS2 | W=2 | seed=0 (plug-in),True,
iw_residual_dis2,2.0,0.0,6000.0,240.0,1500.0,60.0,0.8553333333333333,0.0,1.0,54.598148345947266,0.5,0.5,0.5049999952316284,0.2502002716064453,,,,,0.14263901143673782,0.0,1500.0,0.0,60.0,0.0,ok,plugin,False,,1470.794802029276,1498.3602791884798,1.103190418739773,0.9824689905200075,1.0287225123794683,,0.0,0.14263901143673782,0.8573609885632621,0.8573609885632621,False,,,,,,,entity30,3,DANN,PCA4,128.0,0.8636666536331177,0.8636666536331177,0.5708333849906921,0.6666666865348816,splits_entity30_DANN_3_0_b09dc755c62e.npz,b09dc755c62e,False,False,,,,,,,0.8573609885632621,all_pca,PCA4,IW residual DIS2 | W=2 | seed=0 (plug-in),True,
iw_residual_dis2,2.0,0.0,6000.0,30828.0,1500.0,7709.0,0.856,0.0,1.0,1.5256072282791138,0.5,0.5,0.5576812028884888,0.24482552707195282,7.0,117.0,5.0,61.0,0.1514163162643977,0.012452977039823582,1488.0,12.0,7613.0,96.0,ok,plugin,False,,1488.9931713338187,1378.7379034345975,1.9744816179220759,0.9768564814055745,1.4843336680706625,0.9166666666666666,0.00207549617330393,0.15349181243770163,0.8465081875622984,0.8465081875622984,False,2.0,25.0,0.3016393184661865,0.6000000238418579,0.9016393423080444,"[{'epoch': 0, 'best_score': 0.1836065649986267}, {'epoch': 1, 'best_score': 0.1836065649986267}, {'epoch': 2, 'best_score': 0.3016393184661865}, {'epoch': 3, 'best_score': 0.2688524127006531}, {'epoch': 4, 'best_score': 0.20327866077423096}, {'epoch': 5, 'best_score': 0.20327866077423096}, {'epoch': 6, 'best_score': 0.3016393184661865}, {'epoch': 7, 'best_score': 0.3016393184661865}, {'epoch': 8, 'best_score': 0.25245898962020874}, {'epoch': 9, 'best_score': 0.2360655665397644}, {'epoch': 10, 'best_score': 0.20327866077423096}, {'epoch': 11, 'best_score': 0.1704917550086975}, {'epoch': 12, 'best_score': 0.3016393184661865}, {'epoch': 13, 'best_score': 0.25245898962020874}, {'epoch': 14, 'best_score': 0.2360655665397644}, {'epoch': 15, 'best_score': 0.2196720838546753}, {'epoch': 16, 'best_score': 0.2196720838546753}, {'epoch': 17, 'best_score': 0.2196720838546753}, {'epoch': 18, 'best_score': 0.18688523769378662}, {'epoch': 19, 'best_score': 0.18688523769378662}, {'epoch': 20, 'best_score': 0.18688523769378662}, {'epoch': 21, 'best_score': 0.18688523769378662}, {'epoch': 22, 'best_score': 0.18688523769378662}, {'epoch': 23, 'best_score': 0.15409833192825317}, {'epoch': 24, 'best_score': 0.15409833192825317}, {'epoch': 25, 'best_score': 0.15409833192825317}, {'epoch': 26, 'best_score': 0.15409833192825317}, {'epoch': 27, 'best_score': 0.15409833192825317}, {'epoch': 28, 'best_score': 0.15409833192825317}, {'epoch': 29, 'best_score': 0.15409833192825317}, {'epoch': 30, 'best_score': 0.12131142616271973}, {'epoch': 31, 'best_score': 0.08852458000183105}, {'epoch': 32, 'best_score': 0.10491800308227539}, {'epoch': 33, 'best_score': 0.10491800308227539}, {'epoch': 34, 'best_score': 0.08852458000183105}, {'epoch': 35, 'best_score': 0.08852458000183105}, {'epoch': 36, 'best_score': 0.08852458000183105}, {'epoch': 37, 'best_score': 0.07213109731674194}, {'epoch': 38, 'best_score': 0.07213109731674194}, {'epoch': 39, 'best_score': 0.08852458000183105}, {'epoch': 40, 'best_score': 0.10491800308227539}, {'epoch': 41, 'best_score': 0.10491800308227539}, {'epoch': 42, 'best_score': 0.10491800308227539}, {'epoch': 43, 'best_score': 0.12131142616271973}, {'epoch': 44, 'best_score': 0.12131142616271973}, {'epoch': 45, 'best_score': 0.13770490884780884}, {'epoch': 46, 'best_score': 0.13770490884780884}, {'epoch': 47, 'best_score': 0.13770490884780884}, {'epoch': 48, 'best_score': 0.15409833192825317}, {'epoch': 49, 'best_score': 0.15409833192825317}]",entity30,1,CDANN,PCA4,64.0,0.8611666560173035,0.8611666560173035,0.627903163433075,0.6345829367637634,splits_entity30_CDANN_1_0_b09dc755c62e.npz,b09dc755c62e,False,False,0.16666666666666666,0.9166666666666666,0.0,,,,0.8465081875622984,all_pca,PCA4,IW residual DIS2 | W=2 | seed=0 (plug-in),True,
iw_residual_dis2,2.0,0.0,6000.0,240.0,1500.0,60.0,0.862,0.0,1.0,4.228675842285156,0.5,0.5,0.5316666960716248,0.2422451376914978,11.0,0.0,11.0,0.0,0.1297600192827793,0.016666666666666666,1495.0,5.0,59.0,1.0,unsupported_critic_region,plugin,False,,1327.2720296017178,1343.6235040503752,1.9671689864305644,0.8537780721684797,1.4252980468702614,,,,,,,,,,,,,entity30,2,CDANN,PCA4,64.0,0.8646666407585144,0.8646666407585144,0.8125000596046448,0.7500000596046448,splits_entity30_CDANN_2_0_b09dc755c62e.npz,b09dc755c62e,,,,,,,,,,all_pca,PCA4,IW residual DIS2 | W=2 | seed=0 (plug-in),False,
iw_residual_dis2,2.0,0.0,6000.0,240.0,1500.0,60.0,0.8453333333333333,0.0,1.0,54.598148345947266,0.5,0.5,0.46166667342185974,0.25005197525024414,,,,,0.15311494243053772,0.0,1500.0,0.0,60.0,0.0,ok,plugin,False,,1485.6390904260122,1499.222355763839,1.0799382429055908,0.9902200306146148,1.0272781062536867,,0.0,0.15311494243053772,0.8468850575694623,0.8468850575694623,False,,,,,,,entity30,3,CDANN,PCA4,64.0,0.8573333024978638,0.8573333024978638,0.5625,0.6166666746139526,splits_entity30_CDANN_3_0_b09dc755c62e.npz,b09dc755c62e,False,False,,,,,,,0.8468850575694623,all_pca,PCA4,IW residual DIS2 | W=2 | seed=0 (plug-in),True,
iw_residual_dis2,2.0,0.0,10000.0,2000.0,2500.0,500.0,0.9452,0.0,1.0,3.6919703483581543,0.5,0.5,0.5399999618530273,0.24556273221969604,11.0,2.0,4.0,4.0,0.05731851316594499,0.006,2493.0,7.0,497.0,3.0,ok,plugin,False,,2365.3589211844433,2340.7262828214375,1.994651923153134,0.9177705144621525,1.4074848465012346,0.6666666666666666,-0.00028571428571428536,0.0570327988802307,0.9429672011197693,0.9429672011197693,False,0.0,1.0,0.25,0.75,1.0,"[{'epoch': 0, 'best_score': 0.25}, {'epoch': 1, 'best_score': 0.25}, {'epoch': 2, 'best_score': 0.25}, {'epoch': 3, 'best_score': 0.25}, {'epoch': 4, 'best_score': 0.25}, {'epoch': 5, 'best_score': 0.25}, {'epoch': 6, 'best_score': 0.25}, {'epoch': 7, 'best_score': 0.25}, {'epoch': 8, 'best_score': 0.25}, {'epoch': 9, 'best_score': 0.25}, {'epoch': 10, 'best_score': 0.25}, {'epoch': 11, 'best_score': 0.25}, {'epoch': 12, 'best_score': 0.25}, {'epoch': 13, 'best_score': 0.25}, {'epoch': 14, 'best_score': 0.25}, {'epoch': 15, 'best_score': 0.25}, {'epoch': 16, 'best_score': 0.25}, {'epoch': 17, 'best_score': 0.0}, {'epoch': 18, 'best_score': 0.0}, {'epoch': 19, 'best_score': 0.0}, {'epoch': 20, 'best_score': 0.0}, {'epoch': 21, 'best_score': 0.0}, {'epoch': 22, 'best_score': 0.0}, {'epoch': 23, 'best_score': 0.0}, {'epoch': 24, 'best_score': 0.0}, {'epoch': 25, 'best_score': 0.0}, {'epoch': 26, 'best_score': 0.0}, {'epoch': 27, 'best_score': 0.0}, {'epoch': 28, 'best_score': 0.0}, {'epoch': 29, 'best_score': 0.0}, {'epoch': 30, 'best_score': 0.0}, {'epoch': 31, 'best_score': 0.0}, {'epoch': 32, 'best_score': 0.0}, {'epoch': 33, 'best_score': 0.0}, {'epoch': 34, 'best_score': 0.0}, {'epoch': 35, 'best_score': 0.0}, {'epoch': 36, 'best_score': 0.0}, {'epoch': 37, 'best_score': 0.0}, {'epoch': 38, 'best_score': 0.0}, {'epoch': 39, 'best_score': 0.0}, {'epoch': 40, 'best_score': 0.0}, {'epoch': 41, 'best_score': 0.0}, {'epoch': 42, 'best_score': 0.0}, {'epoch': 43, 'best_score': 0.0}, {'epoch': 44, 'best_score': 0.0}, {'epoch': 45, 'best_score': 0.0}, {'epoch': 46, 'best_score': 0.0}, {'epoch': 47, 'best_score': 0.0}, {'epoch': 48, 'best_score': 0.0}, {'epoch': 49, 'best_score': 0.0}]",cifar10,1,DANN,PCA4,128.0,0.9508999586105347,0.9508999586105347,0.8440000414848328,0.8360000252723694,splits_cifar10_DANN_1_0_b09dc755c62e.npz,b09dc755c62e,False,False,0.14285714285714285,0.8571428571428571,-0.19047619047619047,,,,0.9429672011197693,all_pca,PCA4,IW residual DIS2 | W=2 | seed=0 (plug-in),True,
iw_residual_dis2,2.0,0.0,10000.0,2000.0,2500.0,500.0,0.946,0.0,1.0,2.9727556705474854,0.5,0.5,0.5435000061988831,0.24618808925151825,3.0,1.0,5.0,0.0,0.054129827892885125,0.004,2498.0,2.0,498.0,2.0,unsupported_critic_region,plugin,False,,2441.9647569604654,2362.7452559313215,1.9828153790308396,0.9536109973132383,1.4126293449228353,,,,,,,,,,,,,cifar10,10,DANN,PCA4,128.0,0.9477999806404114,0.9477999806404114,0.924500048160553,0.9120000600814819,splits_cifar10_DANN_10_0_b09dc755c62e.npz,b09dc755c62e,,,,,,,,,,all_pca,PCA4,IW residual DIS2 | W=2 | seed=0 (plug-in),False,
iw_residual_dis2,2.0,0.0,10000.0,2000.0,2500.0,500.0,0.9452,0.0,1.0,4.785521984100342,0.5,0.5,0.5160000324249268,0.24889662861824036,,,,,0.05620003526822459,0.0,2500.0,0.0,500.0,0.0,ok,plugin,False,,2474.809970807064,2455.6244276906846,1.5913370338476367,0.9787605154311271,1.2211695139425929,,0.0,0.05620003526822459,0.9437999647317754,0.9437999647317754,False,,,,,,,cifar10,71,DANN,PCA4,128.0,0.9487999677658081,0.9487999677658081,0.9305000305175781,0.9180000424385071,splits_cifar10_DANN_71_0_b09dc755c62e.npz,b09dc755c62e,False,False,,,,,,,0.9437999647317754,all_pca,PCA4,IW residual DIS2 | W=2 | seed=0 (plug-in),True,
iw_residual_dis2,2.0,0.0,10000.0,2000.0,2500.0,500.0,0.9528,0.0,1.0,8.586631774902344,0.5,0.5,0.5180000066757202,0.2495347261428833,,,,,0.0470950828405197,0.0,2500.0,0.0,500.0,0.0,ok,plugin,False,,2449.118455590562,2482.5320029434347,1.3919254901362552,0.9768078323830696,1.120066220949813,,0.0,0.0470950828405197,0.9529049171594803,0.9529049171594803,False,,,,,,,cifar10,95,DANN,PCA4,128.0,0.9515999555587769,0.9515999555587769,0.9390000700950623,0.9360000491142273,splits_cifar10_DANN_95_0_b09dc755c62e.npz,b09dc755c62e,False,False,,,,,,,0.9529049171594803,all_pca,PCA4,IW residual DIS2 | W=2 | seed=0 (plug-in),True,
iw_residual_dis2,2.0,0.0,10000.0,2000.0,2500.0,500.0,0.9476,0.0,1.0,5.696135520935059,0.5,0.5,0.5160000324249268,0.24923470616340637,,,,,0.055218524351857125,0.0,2500.0,0.0,500.0,0.0,ok,plugin,False,,2465.3249571635183,2470.168492965498,1.5390561902593105,0.9732701387795217,1.1831484335536222,,0.0,0.055218524351857125,0.9447814756481429,0.9447814756481429,False,,,,,,,cifar10,1,CDANN,PCA4,64.0,0.949999988079071,0.949999988079071,0.846500039100647,0.8440000414848328,splits_cifar10_CDANN_1_0_b09dc755c62e.npz,b09dc755c62e,False,False,,,,,,,0.9447814756481429,all_pca,PCA4,IW residual DIS2 | W=2 | seed=0 (plug-in),True,
iw_residual_dis2,2.0,0.0,10000.0,2000.0,2500.0,500.0,0.9468,0.0,1.0,1.7980390787124634,0.5,0.5,0.5540000200271606,0.24393200874328613,46.0,14.0,23.0,7.0,0.04988111904949094,0.03,2465.0,35.0,485.0,15.0,ok,plugin,False,,2376.7491248967626,2249.829305291494,1.9975935642795852,0.916168785008997,1.5564759543430733,0.6666666666666666,-0.0005714285714285727,0.04930969047806237,0.9506903095219377,0.9506903095219377,False,0.0,14.0,0.3913043737411499,0.6086956262588501,1.0,"[{'epoch': 0, 'best_score': 0.3913043737411499}, {'epoch': 1, 'best_score': 0.29192548990249634}, {'epoch': 2, 'best_score': 0.17391306161880493}, {'epoch': 3, 'best_score': 0.17391306161880493}, {'epoch': 4, 'best_score': 0.16149067878723145}, {'epoch': 5, 'best_score': 0.17391306161880493}, {'epoch': 6, 'best_score': 0.17391306161880493}, {'epoch': 7, 'best_score': 0.17391306161880493}, {'epoch': 8, 'best_score': 0.20496892929077148}, {'epoch': 9, 'best_score': 0.260869562625885}, {'epoch': 10, 'best_score': 0.17391306161880493}, {'epoch': 11, 'best_score': 0.21739131212234497}, {'epoch': 12, 'best_score': 0.20496892929077148}, {'epoch': 13, 'best_score': 0.20496892929077148}, {'epoch': 14, 'best_score': 0.2484472393989563}, {'epoch': 15, 'best_score': 0.3354037404060364}, {'epoch': 16, 'best_score': 0.20496892929077148}, {'epoch': 17, 'best_score': 0.16149067878723145}, {'epoch': 18, 'best_score': 0.16149067878723145}, {'epoch': 19, 'best_score': 0.16149067878723145}, {'epoch': 20, 'best_score': 0.16149067878723145}, {'epoch': 21, 'best_score': 0.16149067878723145}, {'epoch': 22, 'best_score': 0.16149067878723145}, {'epoch': 23, 'best_score': 0.09316772222518921}, {'epoch': 24, 'best_score': 0.09316772222518921}, {'epoch': 25, 'best_score': 0.09316772222518921}, {'epoch': 26, 'best_score': 0.09316772222518921}, {'epoch': 27, 'best_score': 0.04968947172164917}, {'epoch': 28, 'best_score': 0.04968947172164917}, {'epoch': 29, 'best_score': 0.04968947172164917}, {'epoch': 30, 'best_score': 0.04968947172164917}, {'epoch': 31, 'best_score': 0.04968947172164917}, {'epoch': 32, 'best_score': 0.04968947172164917}, {'epoch': 33, 'best_score': 0.04968947172164917}, {'epoch': 34, 'best_score': 0.04968947172164917}, {'epoch': 35, 'best_score': 0.04968947172164917}, {'epoch': 36, 'best_score': 0.04968947172164917}, {'epoch': 37, 'best_score': 0.04968947172164917}, {'epoch': 38, 'best_score': 0.08074533939361572}, {'epoch': 39, 'best_score': 0.09316772222518921}, {'epoch': 40, 'best_score': 0.09316772222518921}, {'epoch': 41, 'best_score': 0.09316772222518921}, {'epoch': 42, 'best_score': 0.09316772222518921}, {'epoch': 43, 'best_score': 0.09316772222518921}, {'epoch': 44, 'best_score': 0.09316772222518921}, {'epoch': 45, 'best_score': 0.18012425303459167}, {'epoch': 46, 'best_score': 0.18012425303459167}, {'epoch': 47, 'best_score': 0.18012425303459167}, {'epoch': 48, 'best_score': 0.18012425303459167}, {'epoch': 49, 'best_score': 0.18012425303459167}]",cifar10,10,CDANN,PCA4,64.0,0.948699951171875,0.948699951171875,0.9160000681877136,0.9120000600814819,splits_cifar10_CDANN_10_0_b09dc755c62e.npz,b09dc755c62e,False,False,0.02857142857142857,0.7142857142857143,-0.04761904761904767,,,,0.9506903095219377,all_pca,PCA4,IW residual DIS2 | W=2 | seed=0 (plug-in),True,
iw_residual_dis2,2.0,0.0,10000.0,2000.0,2500.0,500.0,0.9492,0.0,1.0,2.0960352420806885,0.5,0.5,0.5515000224113464,0.24569372832775116,18.0,3.0,4.0,2.0,0.05269690934851566,0.01,2493.0,7.0,495.0,5.0,ok,plugin,False,,2445.1746221189323,2323.8896705287793,1.9467933836149502,0.9389991612510491,1.4742295744957998,1.0,0.004285714285714285,0.05698262363422994,0.9430173763657701,0.9430173763657701,False,25.0,2.0,0.75,0.25,1.0,"[{'epoch': 0, 'best_score': 0.5}, {'epoch': 1, 'best_score': 0.5}, {'epoch': 2, 'best_score': 0.25}, {'epoch': 3, 'best_score': 0.5}, {'epoch': 4, 'best_score': 0.5}, {'epoch': 5, 'best_score': 0.5}, {'epoch': 6, 'best_score': 0.5}, {'epoch': 7, 'best_score': 0.5}, {'epoch': 8, 'best_score': 0.5}, {'epoch': 9, 'best_score': 0.5}, {'epoch': 10, 'best_score': 0.5}, {'epoch': 11, 'best_score': 0.5}, {'epoch': 12, 'best_score': 0.5}, {'epoch': 13, 'best_score': 0.5}, {'epoch': 14, 'best_score': 0.5}, {'epoch': 15, 'best_score': 0.5}, {'epoch': 16, 'best_score': 0.5}, {'epoch': 17, 'best_score': 0.5}, {'epoch': 18, 'best_score': 0.5}, {'epoch': 19, 'best_score': 0.5}, {'epoch': 20, 'best_score': 0.5}, {'epoch': 21, 'best_score': 0.5}, {'epoch': 22, 'best_score': 0.5}, {'epoch': 23, 'best_score': 0.25}, {'epoch': 24, 'best_score': 0.25}, {'epoch': 25, 'best_score': 0.75}, {'epoch': 26, 'best_score': 0.75}, {'epoch': 27, 'best_score': 0.75}, {'epoch': 28, 'best_score': 0.75}, {'epoch': 29, 'best_score': 0.75}, {'epoch': 30, 'best_score': 0.75}, {'epoch': 31, 'best_score': 0.75}, {'epoch': 32, 'best_score': 0.75}, {'epoch': 33, 'best_score': 0.75}, {'epoch': 34, 'best_score': 0.75}, {'epoch': 35, 'best_score': 0.75}, {'epoch': 36, 'best_score': 0.75}, {'epoch': 37, 'best_score': 0.75}, {'epoch': 38, 'best_score': 0.75}, {'epoch': 39, 'best_score': 0.75}, {'epoch': 40, 'best_score': 0.75}, {'epoch': 41, 'best_score': 0.75}, {'epoch': 42, 'best_score': 0.75}, {'epoch': 43, 'best_score': 0.75}, {'epoch': 44, 'best_score': 0.75}, {'epoch': 45, 'best_score': 0.75}, {'epoch': 46, 'best_score': 0.75}, {'epoch': 47, 'best_score': 0.75}, {'epoch': 48, 'best_score': 0.75}, {'epoch': 49, 'best_score': 0.5}]",cifar10,71,CDANN,PCA4,64.0,0.9511999487876892,0.9511999487876892,0.9280000329017639,0.9040000438690186,splits_cifar10_CDANN_71_0_b09dc755c62e.npz,b09dc755c62e,False,False,0.14285714285714285,0.7142857142857143,0.2857142857142857,,,,0.9430173763657701,all_pca,PCA4,IW residual DIS2 | W=2 | seed=0 (plug-in),True,
iw_residual_dis2,2.0,0.0,10000.0,2000.0,2500.0,500.0,0.9516,0.0,1.0,4.247978687286377,0.5,0.5,0.5450000166893005,0.24873554706573486,,,,,0.04895884023435439,0.0,2500.0,0.0,500.0,0.0,ok,plugin,False,,2446.551345379911,2449.0886811833393,1.6675363157788425,0.9660458575513684,1.2279845092129587,,0.0,0.04895884023435439,0.9510411597656456,0.9510411597656456,False,,,,,,,cifar10,95,CDANN,PCA4,64.0,0.9526000022888184,0.9526000022888184,0.9355000257492065,0.9260000586509705,splits_cifar10_CDANN_95_0_b09dc755c62e.npz,b09dc755c62e,False,False,,,,,,,0.9510411597656456,all_pca,PCA4,IW residual DIS2 | W=2 | seed=0 (plug-in),True,
iw_residual_dis2,2.0,0.0,10000.0,2000.0,2500.0,500.0,0.758,0.0,1.0,7.737485885620117,0.5,0.5,0.5250000357627869,0.249436616897583,,,,,0.23946599779652641,0.0,2500.0,0.0,500.0,0.0,ok,plugin,False,,2464.880744734437,2479.435556072986,1.4671656148300385,0.9841317042805009,1.1351282625426082,,0.0,0.23946599779652641,0.7605340022034736,0.7605340022034736,False,,,,,,,cifar100,4,DANN,PCA4,128.0,0.7841999530792236,0.7841999530792236,0.7440000176429749,0.7760000228881836,splits_cifar100_DANN_4_0_b09dc755c62e.npz,b09dc755c62e,False,True,,,,,,,0.7605340022034736,all_pca,PCA4,IW residual DIS2 | W=2 | seed=0 (plug-in),True,
iw_residual_dis2,2.0,0.0,10000.0,2000.0,2500.0,500.0,0.76,0.0,1.0,5.718564510345459,0.5,0.5,0.5400000214576721,0.24903374910354614,,,,,0.23658629698136338,0.0,2500.0,0.0,500.0,0.0,ok,plugin,False,,2452.653553706149,2462.1596883904704,1.4682526345320734,0.9766310350035159,1.1870282985223886,,0.0,0.23658629698136338,0.7634137030186366,0.7634137030186366,False,,,,,,,cifar100,12,DANN,PCA4,128.0,0.7831999659538269,0.7831999659538269,0.7545000314712524,0.7860000133514404,splits_cifar100_DANN_12_0_b09dc755c62e.npz,b09dc755c62e,False,True,,,,,,,0.7634137030186366,all_pca,PCA4,IW residual DIS2 | W=2 | seed=0 (plug-in),True,
iw_residual_dis2,2.0,0.0,10000.0,2000.0,2500.0,500.0,0.7596,0.0,1.0,3.5734775066375732,0.5,0.5,0.5450000166893005,0.2469853311777115,4.0,0.0,2.0,0.0,0.23376314758413683,0.002,2498.0,2.0,499.0,1.0,unsupported_critic_region,plugin,False,,2437.96027163038,2393.3010434789676,1.8498642603212647,0.9517741097463884,1.351618312406654,,,,,,,,,,,,,cifar100,59,DANN,PCA4,128.0,0.7841999530792236,0.7841999530792236,0.7585000395774841,0.7720000147819519,splits_cifar100_DANN_59_0_b09dc755c62e.npz,b09dc755c62e,,,,,,,,,,all_pca,PCA4,IW residual DIS2 | W=2 | seed=0 (plug-in),False,
iw_residual_dis2,2.0,0.0,10000.0,2000.0,2500.0,500.0,0.764,0.0,1.0,54.598148345947266,0.5,0.5,0.5119999647140503,0.24999195337295532,,,,,0.23545680889738654,0.0,2500.0,0.0,500.0,0.0,ok,plugin,False,,2493.7867232678345,2499.5553286169966,1.0432959874265253,0.9977921454392591,1.0191033543402206,,0.0,0.23545680889738654,0.7645431911026135,0.7645431911026135,False,,,,,,,cifar100,82,DANN,PCA4,128.0,0.7861999869346619,0.7861999869346619,0.7695000171661377,0.7700000405311584,splits_cifar100_DANN_82_0_b09dc755c62e.npz,b09dc755c62e,True,True,,,,,,,0.7645431911026135,all_pca,PCA4,IW residual DIS2 | W=2 | seed=0 (plug-in),True,
iw_residual_dis2,2.0,0.0,10000.0,2000.0,2500.0,500.0,0.762,0.0,1.0,11.679096221923828,0.5,0.5,0.5055000185966492,0.24981114268302917,,,,,0.23607248192452257,0.0,2500.0,0.0,500.0,0.0,ok,plugin,False,,2481.028858211621,2492.480900602128,1.2467859384985833,0.9921465731511331,1.0802587129619887,,0.0,0.23607248192452257,0.7639275180754774,0.7639275180754774,False,,,,,,,cifar100,4,CDANN,PCA4,64.0,0.7849999666213989,0.7849999666213989,0.7275000214576721,0.7480000257492065,splits_cifar100_CDANN_4_0_b09dc755c62e.npz,b09dc755c62e,False,False,,,,,,,0.7639275180754774,all_pca,PCA4,IW residual DIS2 | W=2 | seed=0 (plug-in),True,
iw_residual_dis2,2.0,0.0,10000.0,2000.0,2500.0,500.0,0.766,0.0,1.0,2.468550682067871,0.5,0.5,0.5440000295639038,0.2464257925748825,7.0,0.0,2.0,2.0,0.22863036910248274,0.004,2496.0,4.0,498.0,2.0,unsupported_critic_region,plugin,False,,2454.1074954599253,2352.2502917628217,1.9708359356553948,0.9624928926250563,1.4174880293630243,,,,,,,,,,,,,cifar100,12,CDANN,PCA4,64.0,0.7858999967575073,0.7858999967575073,0.7480000257492065,0.7680000066757202,splits_cifar100_CDANN_12_0_b09dc755c62e.npz,b09dc755c62e,,,,,,,,,,all_pca,PCA4,IW residual DIS2 | W=2 | seed=0 (plug-in),False,
iw_residual_dis2,2.0,0.0,10000.0,2000.0,2500.0,500.0,0.7664,0.0,1.0,2.484496593475342,0.5,0.5,0.5540000200271606,0.24601751565933228,15.0,1.0,4.0,2.0,0.22542353550778735,0.006,2493.0,7.0,497.0,3.0,ok,plugin,False,,2435.021967047808,2343.3403458967446,1.986646034116815,0.9544544727971671,1.4310062429567323,0.6666666666666666,0.0014285714285714286,0.22685210693635877,0.7731478930636413,0.7731478930636413,False,9.0,15.0,1.0,0.0,1.0,"[{'epoch': 0, 'best_score': 0.5}, {'epoch': 1, 'best_score': 0.75}, {'epoch': 2, 'best_score': 0.75}, {'epoch': 3, 'best_score': 0.75}, {'epoch': 4, 'best_score': 0.75}, {'epoch': 5, 'best_score': 0.75}, {'epoch': 6, 'best_score': 0.75}, {'epoch': 7, 'best_score': 0.75}, {'epoch': 8, 'best_score': 0.75}, {'epoch': 9, 'best_score': 1.0}, {'epoch': 10, 'best_score': 1.0}, {'epoch': 11, 'best_score': 1.0}, {'epoch': 12, 'best_score': 1.0}, {'epoch': 13, 'best_score': 1.0}, {'epoch': 14, 'best_score': 1.0}, {'epoch': 15, 'best_score': 1.0}, {'epoch': 16, 'best_score': 1.0}, {'epoch': 17, 'best_score': 1.0}, {'epoch': 18, 'best_score': 1.0}, {'epoch': 19, 'best_score': 1.0}, {'epoch': 20, 'best_score': 1.0}, {'epoch': 21, 'best_score': 1.0}, {'epoch': 22, 'best_score': 1.0}, {'epoch': 23, 'best_score': 1.0}, {'epoch': 24, 'best_score': 1.0}, {'epoch': 25, 'best_score': 1.0}, {'epoch': 26, 'best_score': 1.0}, {'epoch': 27, 'best_score': 1.0}, {'epoch': 28, 'best_score': 1.0}, {'epoch': 29, 'best_score': 1.0}, {'epoch': 30, 'best_score': 1.0}, {'epoch': 31, 'best_score': 1.0}, {'epoch': 32, 'best_score': 1.0}, {'epoch': 33, 'best_score': 1.0}, {'epoch': 34, 'best_score': 1.0}, {'epoch': 35, 'best_score': 1.0}, {'epoch': 36, 'best_score': 1.0}, {'epoch': 37, 'best_score': 1.0}, {'epoch': 38, 'best_score': 0.75}, {'epoch': 39, 'best_score': 0.75}, {'epoch': 40, 'best_score': 0.75}, {'epoch': 41, 'best_score': 0.5}, {'epoch': 42, 'best_score': 0.5}, {'epoch': 43, 'best_score': 0.5}, {'epoch': 44, 'best_score': 0.5}, {'epoch': 45, 'best_score': 0.5}, {'epoch': 46, 'best_score': 0.5}, {'epoch': 47, 'best_score': 0.5}, {'epoch': 48, 'best_score': 0.5}, {'epoch': 49, 'best_score': 0.5}]",cifar100,59,CDANN,PCA4,64.0,0.7870000004768372,0.7870000004768372,0.7580000162124634,0.7920000553131104,splits_cifar100_CDANN_59_0_b09dc755c62e.npz,b09dc755c62e,False,True,0.0,0.42857142857142855,0.23809523809523808,,,,0.7731478930636413,all_pca,PCA4,IW residual DIS2 | W=2 | seed=0 (plug-in),True,
iw_residual_dis2,2.0,0.0,10000.0,2000.0,2500.0,500.0,0.7652,0.0,1.0,7.81592321395874,0.5,0.5,0.5174999833106995,0.24965578317642212,,,,,0.23152250939256852,0.0,2500.0,0.0,500.0,0.0,ok,plugin,False,,2472.2209421193274,2485.8904482755615,1.2821966651678862,0.9859961983164516,1.1167354681360366,,0.0,0.23152250939256852,0.7684774906074314,0.7684774906074314,False,,,,,,,cifar100,82,CDANN,PCA4,64.0,0.7872999906539917,0.7872999906539917,0.7635000348091125,0.7720000147819519,splits_cifar100_CDANN_82_0_b09dc755c62e.npz,b09dc755c62e,False,True,,,,,,,0.7684774906074314,all_pca,PCA4,IW residual DIS2 | W=2 | seed=0 (plug-in),True,
iw_residual_dis2,2.0,0.0,28152.0,9910.0,7040.0,2478.0,0.803125,0.0,1.0,1.3486944437026978,0.5,0.5,0.7382945418357849,0.17802533507347107,785.0,1487.0,450.0,723.0,0.101876686355506,0.49838579499596447,6367.0,673.0,1243.0,1235.0,ok,plugin,False,,3410.6879429457103,3691.2483784427354,1.992899421390263,0.38639727472544644,1.5523465372057506,0.854251012145749,0.233205252282493,0.335081938637999,0.6649180613620009,0.6649180613620009,False,22.0,17.0,0.19930845499038696,0.6333333253860474,0.8326417803764343,"[{'epoch': 0, 'best_score': 0.016689717769622803}, {'epoch': 1, 'best_score': 0.05875515937805176}, {'epoch': 2, 'best_score': 0.10304290056228638}, {'epoch': 3, 'best_score': 0.12678653001785278}, {'epoch': 4, 'best_score': 0.15774089097976685}, {'epoch': 5, 'best_score': 0.18173354864120483}, {'epoch': 6, 'best_score': 0.17649608850479126}, {'epoch': 7, 'best_score': 0.17797142267227173}, {'epoch': 8, 'best_score': 0.19076073169708252}, {'epoch': 9, 'best_score': 0.19135087728500366}, {'epoch': 10, 'best_score': 0.1900138258934021}, {'epoch': 11, 'best_score': 0.1986076831817627}, {'epoch': 12, 'best_score': 0.19445830583572388}, {'epoch': 13, 'best_score': 0.1833471655845642}, {'epoch': 14, 'best_score': 0.18037807941436768}, {'epoch': 15, 'best_score': 0.1892208456993103}, {'epoch': 16, 'best_score': 0.19751960039138794}, {'epoch': 17, 'best_score': 0.1850253939628601}, {'epoch': 18, 'best_score': 0.1905117630958557}, {'epoch': 19, 'best_score': 0.18799448013305664}, {'epoch': 20, 'best_score': 0.18547719717025757}, {'epoch': 21, 'best_score': 0.1890825629234314}, {'epoch': 22, 'best_score': 0.19930845499038696}, {'epoch': 23, 'best_score': 0.198469340801239}, {'epoch': 24, 'best_score': 0.18953436613082886}, {'epoch': 25, 'best_score': 0.18563395738601685}, {'epoch': 26, 'best_score': 0.1914154291152954}, {'epoch': 27, 'best_score': 0.1919594407081604}, {'epoch': 28, 'best_score': 0.19610881805419922}, {'epoch': 29, 'best_score': 0.18998616933822632}, {'epoch': 30, 'best_score': 0.18776392936706543}, {'epoch': 31, 'best_score': 0.19191330671310425}, {'epoch': 32, 'best_score': 0.18939602375030518}, {'epoch': 33, 'best_score': 0.18994009494781494}, {'epoch': 34, 'best_score': 0.18327343463897705}, {'epoch': 35, 'best_score': 0.18327343463897705}, {'epoch': 36, 'best_score': 0.17522358894348145}, {'epoch': 37, 'best_score': 0.1757676601409912}, {'epoch': 38, 'best_score': 0.17715078592300415}, {'epoch': 39, 'best_score': 0.17270630598068237}, {'epoch': 40, 'best_score': 0.16717380285263062}, {'epoch': 41, 'best_score': 0.16717380285263062}, {'epoch': 42, 'best_score': 0.16633474826812744}, {'epoch': 43, 'best_score': 0.1649516224861145}, {'epoch': 44, 'best_score': 0.16440755128860474}, {'epoch': 45, 'best_score': 0.16440755128860474}, {'epoch': 46, 'best_score': 0.1630244255065918}, {'epoch': 47, 'best_score': 0.1630244255065918}, {'epoch': 48, 'best_score': 0.16524666547775269}, {'epoch': 49, 'best_score': 0.16662979125976562}]",domainnet,1,DANN,PCA4,512.0,0.8072605729103088,0.8072605729103088,0.465893030166626,0.47497981786727905,splits_domainnet_DANN_1_0_b09dc755c62e.npz,b09dc755c62e,False,False,0.25705794947994054,0.6433878157503715,0.21086319639537743,,,,0.6649180613620009,all_pca,PCA4,IW residual DIS2 | W=2 | seed=0 (plug-in),True,
iw_residual_dis2,2.0,0.0,28152.0,14207.0,7040.0,3553.0,0.8038352272727273,0.0,1.0,1.2961393594741821,0.5,0.5,0.748650312423706,0.17164383828639984,846.0,2234.0,421.0,1119.0,0.10261412554389185,0.5243456234168309,6332.0,708.0,1690.0,1863.0,ok,plugin,False,,3287.2703942252247,3571.9601633034786,1.998273844035522,0.3669178847896465,1.5165871536653408,0.8368223295759528,0.24252481789082514,0.34513894343471696,0.654861056565283,0.654861056565283,False,14.0,25.0,0.2670478820800781,0.589073657989502,0.8561215400695801,"[{'epoch': 0, 'best_score': 0.024035274982452393}, {'epoch': 1, 'best_score': 0.06439197063446045}, {'epoch': 2, 'best_score': 0.12638533115386963}, {'epoch': 3, 'best_score': 0.1737978458404541}, {'epoch': 4, 'best_score': 0.19277691841125488}, {'epoch': 5, 'best_score': 0.20773553848266602}, {'epoch': 6, 'best_score': 0.23565107583999634}, {'epoch': 7, 'best_score': 0.2447999119758606}, {'epoch': 8, 'best_score': 0.25314849615097046}, {'epoch': 9, 'best_score': 0.2664365768432617}, {'epoch': 10, 'best_score': 0.25989866256713867}, {'epoch': 11, 'best_score': 0.2664365768432617}, {'epoch': 12, 'best_score': 0.26436692476272583}, {'epoch': 13, 'best_score': 0.26495492458343506}, {'epoch': 14, 'best_score': 0.2670478820800781}, {'epoch': 15, 'best_score': 0.26587194204330444}, {'epoch': 16, 'best_score': 0.2555004358291626}, {'epoch': 17, 'best_score': 0.25314849615097046}, {'epoch': 18, 'best_score': 0.25286614894866943}, {'epoch': 19, 'best_score': 0.2552648186683655}, {'epoch': 20, 'best_score': 0.2517135739326477}, {'epoch': 21, 'best_score': 0.2490559220314026}, {'epoch': 22, 'best_score': 0.25234824419021606}, {'epoch': 23, 'best_score': 0.25326526165008545}, {'epoch': 24, 'best_score': 0.25119560956954956}, {'epoch': 25, 'best_score': 0.24110645055770874}, {'epoch': 26, 'best_score': 0.23694384098052979}, {'epoch': 27, 'best_score': 0.23398053646087646}, {'epoch': 28, 'best_score': 0.23699051141738892}, {'epoch': 29, 'best_score': 0.23461520671844482}, {'epoch': 30, 'best_score': 0.2283596396446228}, {'epoch': 31, 'best_score': 0.22718364000320435}, {'epoch': 32, 'best_score': 0.22036343812942505}, {'epoch': 33, 'best_score': 0.22158610820770264}, {'epoch': 34, 'best_score': 0.22572541236877441}, {'epoch': 35, 'best_score': 0.22365576028823853}, {'epoch': 36, 'best_score': 0.22398477792739868}, {'epoch': 37, 'best_score': 0.22217410802841187}, {'epoch': 38, 'best_score': 0.22128045558929443}, {'epoch': 39, 'best_score': 0.22158610820770264}, {'epoch': 40, 'best_score': 0.22010445594787598}, {'epoch': 41, 'best_score': 0.22041016817092896}, {'epoch': 42, 'best_score': 0.22041016817092896}, {'epoch': 43, 'best_score': 0.2213038206100464}, {'epoch': 44, 'best_score': 0.2213038206100464}, {'epoch': 45, 'best_score': 0.2213038206100464}, {'epoch': 46, 'best_score': 0.2213038206100464}, {'epoch': 47, 'best_score': 0.22309112548828125}, {'epoch': 48, 'best_score': 0.22219747304916382}, {'epoch': 49, 'best_score': 0.2216094732284546}]",domainnet,2,DANN,PCA4,512.0,0.8101378083229065,0.8101378083229065,0.38572534918785095,0.38727834820747375,splits_domainnet_DANN_2_0_b09dc755c62e.npz,b09dc755c62e,False,False,0.24717514124293785,0.6214689265536724,0.21535340302228045,,,,0.654861056565283,all_pca,PCA4,IW residual DIS2 | W=2 | seed=0 (plug-in),True,
iw_residual_dis2,2.0,0.0,28152.0,15295.0,7040.0,3825.0,0.8072443181818182,0.0,1.0,1.1988575458526611,0.5,0.5,0.7510465979576111,0.17059572041034698,1015.0,2408.0,513.0,1242.0,0.0955687042183519,0.5262745098039215,6238.0,802.0,1812.0,2013.0,ok,plugin,False,,3189.9336851521866,3475.8673049068125,1.9975017201502476,0.35585511119030316,1.5235949162319478,0.8464977645305514,0.23878636741479622,0.33435507163314815,0.6656449283668519,0.6656449283668519,False,10.0,8.0,0.21802693605422974,0.6491228342056274,0.8671497702598572,"[{'epoch': 0, 'best_score': 0.02508687973022461}, {'epoch': 1, 'best_score': 0.04788541793823242}, {'epoch': 2, 'best_score': 0.0783541202545166}, {'epoch': 3, 'best_score': 0.12670564651489258}, {'epoch': 4, 'best_score': 0.15492838621139526}, {'epoch': 5, 'best_score': 0.1835324764251709}, {'epoch': 6, 'best_score': 0.19883042573928833}, {'epoch': 7, 'best_score': 0.21256035566329956}, {'epoch': 8, 'best_score': 0.2166709303855896}, {'epoch': 9, 'best_score': 0.21345031261444092}, {'epoch': 10, 'best_score': 0.21802693605422974}, {'epoch': 11, 'best_score': 0.21722179651260376}, {'epoch': 12, 'best_score': 0.21802693605422974}, {'epoch': 13, 'best_score': 0.21607762575149536}, {'epoch': 14, 'best_score': 0.21111959218978882}, {'epoch': 15, 'best_score': 0.20620393753051758}, {'epoch': 16, 'best_score': 0.2076023817062378}, {'epoch': 17, 'best_score': 0.20772945880889893}, {'epoch': 18, 'best_score': 0.20785659551620483}, {'epoch': 19, 'best_score': 0.2050173282623291}, {'epoch': 20, 'best_score': 0.20535635948181152}, {'epoch': 21, 'best_score': 0.2031952142715454}, {'epoch': 22, 'best_score': 0.20573776960372925}, {'epoch': 23, 'best_score': 0.20001691579818726}, {'epoch': 24, 'best_score': 0.18764299154281616}, {'epoch': 25, 'best_score': 0.1869649887084961}, {'epoch': 26, 'best_score': 0.18755823373794556}, {'epoch': 27, 'best_score': 0.18298161029815674}, {'epoch': 28, 'best_score': 0.18378674983978271}, {'epoch': 29, 'best_score': 0.185863196849823}, {'epoch': 30, 'best_score': 0.18323582410812378}, {'epoch': 31, 'best_score': 0.17738789319992065}, {'epoch': 32, 'best_score': 0.17751502990722656}, {'epoch': 33, 'best_score': 0.17442160844802856}, {'epoch': 34, 'best_score': 0.17408251762390137}, {'epoch': 35, 'best_score': 0.17408251762390137}, {'epoch': 36, 'best_score': 0.172133207321167}, {'epoch': 37, 'best_score': 0.17374354600906372}, {'epoch': 38, 'best_score': 0.1734045147895813}, {'epoch': 39, 'best_score': 0.17145520448684692}, {'epoch': 40, 'best_score': 0.17501479387283325}, {'epoch': 41, 'best_score': 0.17077720165252686}, {'epoch': 42, 'best_score': 0.17077720165252686}, {'epoch': 43, 'best_score': 0.16997206211090088}, {'epoch': 44, 'best_score': 0.16997206211090088}, {'epoch': 45, 'best_score': 0.16997206211090088}, {'epoch': 46, 'best_score': 0.1680227518081665}, {'epoch': 47, 'best_score': 0.16882789134979248}, {'epoch': 48, 'best_score': 0.16607344150543213}, {'epoch': 49, 'best_score': 0.16412407159805298}]",domainnet,3,DANN,PCA4,512.0,0.8096050024032593,0.8096050024032593,0.4719189405441284,0.46562090516090393,splits_domainnet_DANN_3_0_b09dc755c62e.npz,b09dc755c62e,False,False,0.26807980049875313,0.6608478802992519,0.18564988423129947,,,,0.6656449283668519,all_pca,PCA4,IW residual DIS2 | W=2 | seed=0 (plug-in),True,
iw_residual_dis2,2.0,0.0,28152.0,9910.0,7040.0,2478.0,0.8025568181818181,0.0,1.0,1.090373158454895,0.5,0.5,0.6300032138824463,0.2299327850341797,526.0,513.0,274.0,251.0,0.17450796564384813,0.17029862792574657,6617.0,423.0,2056.0,422.0,ok,plugin,False,,5829.377887135364,5450.945452985304,1.9981478804750268,0.8153428429826998,1.694158432223723,0.8601895734597157,0.08730731143280729,0.2618152770766554,0.7381847229233446,0.7381847229233446,False,44.0,7.0,0.38844621181488037,0.5,0.8884462118148804,"[{'epoch': 0, 'best_score': 0.017913758754730225}, {'epoch': 1, 'best_score': 0.036161959171295166}, {'epoch': 2, 'best_score': 0.03981161117553711}, {'epoch': 3, 'best_score': 0.06833982467651367}, {'epoch': 4, 'best_score': 0.07895427942276001}, {'epoch': 5, 'best_score': 0.1031639575958252}, {'epoch': 6, 'best_score': 0.10480701923370361}, {'epoch': 7, 'best_score': 0.13698488473892212}, {'epoch': 8, 'best_score': 0.14726495742797852}, {'epoch': 9, 'best_score': 0.16517871618270874}, {'epoch': 10, 'best_score': 0.19404137134552002}, {'epoch': 11, 'best_score': 0.22323840856552124}, {'epoch': 12, 'best_score': 0.2298688292503357}, {'epoch': 13, 'best_score': 0.2766452431678772}, {'epoch': 14, 'best_score': 0.2899060845375061}, {'epoch': 15, 'best_score': 0.2812690734863281}, {'epoch': 16, 'best_score': 0.30316686630249023}, {'epoch': 17, 'best_score': 0.3104661703109741}, {'epoch': 18, 'best_score': 0.31344693899154663}, {'epoch': 19, 'best_score': 0.32804548740386963}, {'epoch': 20, 'best_score': 0.3320295810699463}, {'epoch': 21, 'best_score': 0.32804548740386963}, {'epoch': 22, 'best_score': 0.33136069774627686}, {'epoch': 23, 'best_score': 0.3346759080886841}, {'epoch': 24, 'best_score': 0.35891473293304443}, {'epoch': 25, 'best_score': 0.34729695320129395}, {'epoch': 26, 'best_score': 0.35027772188186646}, {'epoch': 27, 'best_score': 0.3625643849372864}, {'epoch': 28, 'best_score': 0.3628987669944763}, {'epoch': 29, 'best_score': 0.3655451536178589}, {'epoch': 30, 'best_score': 0.372844398021698}, {'epoch': 31, 'best_score': 0.36886030435562134}, {'epoch': 32, 'best_score': 0.3612266778945923}, {'epoch': 33, 'best_score': 0.3612266778945923}, {'epoch': 34, 'best_score': 0.36521071195602417}, {'epoch': 35, 'best_score': 0.36886030435562134}, {'epoch': 36, 'best_score': 0.3841277062892914}, {'epoch': 37, 'best_score': 0.38811179995536804}, {'epoch': 38, 'best_score': 0.3844621777534485}, {'epoch': 39, 'best_score': 0.3801436722278595}, {'epoch': 40, 'best_score': 0.37649405002593994}, {'epoch': 41, 'best_score': 0.38081252574920654}, {'epoch': 42, 'best_score': 0.38811179995536804}, {'epoch': 43, 'best_score': 0.3844621777534485}, {'epoch': 44, 'best_score': 0.38844621181488037}, {'epoch': 45, 'best_score': 0.3847965598106384}, {'epoch': 46, 'best_score': 0.3847965598106384}, {'epoch': 47, 'best_score': 0.3847965598106384}, {'epoch': 48, 'best_score': 0.3844621777534485}, {'epoch': 49, 'best_score': 0.38811179995536804}]",domainnet,1,CDANN,PCA4,64.0,0.8055910468101501,0.8055910468101501,0.5121089816093445,0.5205811262130737,splits_domainnet_CDANN_1_0_b09dc755c62e.npz,b09dc755c62e,False,False,0.19858156028368795,0.5460992907801419,0.31409028267957384,,,,0.7381847229233446,all_pca,PCA4,IW residual DIS2 | W=2 | seed=0 (plug-in),True,
iw_residual_dis2,2.0,0.0,28152.0,14207.0,7040.0,3553.0,0.8004261363636364,0.0,1.0,1.237045168876648,0.5,0.5,0.6299207806587219,0.2276841700077057,461.0,924.0,264.0,460.0,0.1771286764683092,0.22656909653813678,6647.0,393.0,2748.0,805.0,ok,plugin,False,,5712.5682456595505,5436.410745435114,1.9997728592721293,0.7941233338056484,1.6550077196131106,0.8708074534161491,0.10447967491901981,0.28160835138732904,0.7183916486126709,0.7183916486126709,False,24.0,14.0,0.3745388984680176,0.5189393758773804,0.893478274345398,"[{'epoch': 0, 'best_score': 0.027569174766540527}, {'epoch': 1, 'best_score': 0.0367588996887207}, {'epoch': 2, 'best_score': 0.03837287425994873}, {'epoch': 3, 'best_score': 0.05408430099487305}, {'epoch': 4, 'best_score': 0.07562583684921265}, {'epoch': 5, 'best_score': 0.1091567873954773}, {'epoch': 6, 'best_score': 0.1297101378440857}, {'epoch': 7, 'best_score': 0.15510541200637817}, {'epoch': 8, 'best_score': 0.17509883642196655}, {'epoch': 9, 'best_score': 0.18913042545318604}, {'epoch': 10, 'best_score': 0.20378786325454712}, {'epoch': 11, 'best_score': 0.21129775047302246}, {'epoch': 12, 'best_score': 0.228557288646698}, {'epoch': 13, 'best_score': 0.2620882987976074}, {'epoch': 14, 'best_score': 0.2876152992248535}, {'epoch': 15, 'best_score': 0.2978590130805969}, {'epoch': 16, 'best_score': 0.29891306161880493}, {'epoch': 17, 'best_score': 0.2912055253982544}, {'epoch': 18, 'best_score': 0.3166007995605469}, {'epoch': 19, 'best_score': 0.324176549911499}, {'epoch': 20, 'best_score': 0.3372200131416321}, {'epoch': 21, 'best_score': 0.34640973806381226}, {'epoch': 22, 'best_score': 0.3610013723373413}, {'epoch': 23, 'best_score': 0.36261528730392456}, {'epoch': 24, 'best_score': 0.3745388984680176}, {'epoch': 25, 'best_score': 0.3647892475128174}, {'epoch': 26, 'best_score': 0.36205536127090454}, {'epoch': 27, 'best_score': 0.3604413866996765}, {'epoch': 28, 'best_score': 0.3604413866996765}, {'epoch': 29, 'best_score': 0.36261528730392456}, {'epoch': 30, 'best_score': 0.3647892475128174}, {'epoch': 31, 'best_score': 0.3593873381614685}, {'epoch': 32, 'best_score': 0.3577733635902405}, {'epoch': 33, 'best_score': 0.3539854884147644}, {'epoch': 34, 'best_score': 0.35019761323928833}, {'epoch': 35, 'best_score': 0.34647560119628906}, {'epoch': 36, 'best_score': 0.342687726020813}, {'epoch': 37, 'best_score': 0.3431159257888794}, {'epoch': 38, 'best_score': 0.34479576349258423}, {'epoch': 39, 'best_score': 0.3469696640968323}, {'epoch': 40, 'best_score': 0.35131752490997314}, {'epoch': 41, 'best_score': 0.35131752490997314}, {'epoch': 42, 'best_score': 0.3578392267227173}, {'epoch': 43, 'best_score': 0.3578392267227173}, {'epoch': 44, 'best_score': 0.36653488874435425}, {'epoch': 45, 'best_score': 0.3600131869316101}, {'epoch': 46, 'best_score': 0.3638010621070862}, {'epoch': 47, 'best_score': 0.3638010621070862}, {'epoch': 48, 'best_score': 0.36597496271133423}, {'epoch': 49, 'best_score': 0.36218708753585815}]",domainnet,2,CDANN,PCA4,64.0,0.8071539998054504,0.8071539998054504,0.42063772678375244,0.4218969941139221,splits_domainnet_CDANN_2_0_b09dc755c62e.npz,b09dc755c62e,False,False,0.178117048346056,0.5877862595419847,0.28302119387416436,,,,0.7183916486126709,all_pca,PCA4,IW residual DIS2 | W=2 | seed=0 (plug-in),True,
iw_residual_dis2,2.0,0.0,28152.0,15295.0,7040.0,3825.0,0.8063920454545455,0.0,1.0,1.0960508584976196,0.5,0.5,0.606970489025116,0.2331191450357437,490.0,661.0,285.0,309.0,0.16292594800580706,0.14431372549019608,6594.0,446.0,3273.0,552.0,ok,plugin,False,,5931.402639687174,5507.932345907079,1.9989328801183377,0.8369978114535279,1.6641824584173401,0.8351449275362319,0.05257246695389666,0.21549841495970373,0.7845015850402963,0.7845015850402963,False,28.0,25.0,0.27651166915893555,0.5649122595787048,0.8414239287376404,"[{'epoch': 0, 'best_score': 0.010798871517181396}, {'epoch': 1, 'best_score': 0.014580190181732178}, {'epoch': 2, 'best_score': 0.02214270830154419}, {'epoch': 3, 'best_score': 0.03914159536361694}, {'epoch': 4, 'best_score': 0.055084288120269775}, {'epoch': 5, 'best_score': 0.06966447830200195}, {'epoch': 6, 'best_score': 0.08506220579147339}, {'epoch': 7, 'best_score': 0.12096744775772095}, {'epoch': 8, 'best_score': 0.1325838565826416}, {'epoch': 9, 'best_score': 0.1676715612411499}, {'epoch': 10, 'best_score': 0.1962868571281433}, {'epoch': 11, 'best_score': 0.2076306939125061}, {'epoch': 12, 'best_score': 0.20817577838897705}, {'epoch': 13, 'best_score': 0.22302842140197754}, {'epoch': 14, 'best_score': 0.24489867687225342}, {'epoch': 15, 'best_score': 0.2486799955368042}, {'epoch': 16, 'best_score': 0.25947874784469604}, {'epoch': 17, 'best_score': 0.27273041009902954}, {'epoch': 18, 'best_score': 0.26785898208618164}, {'epoch': 19, 'best_score': 0.26758646965026855}, {'epoch': 20, 'best_score': 0.26462268829345703}, {'epoch': 21, 'best_score': 0.2648952603340149}, {'epoch': 22, 'best_score': 0.2648952603340149}, {'epoch': 23, 'best_score': 0.2684040069580078}, {'epoch': 24, 'best_score': 0.2665303945541382}, {'epoch': 25, 'best_score': 0.2665303945541382}, {'epoch': 26, 'best_score': 0.26816558837890625}, {'epoch': 27, 'best_score': 0.27300286293029785}, {'epoch': 28, 'best_score': 0.27651166915893555}, {'epoch': 29, 'best_score': 0.27651166915893555}, {'epoch': 30, 'best_score': 0.2732754349708557}, {'epoch': 31, 'best_score': 0.26680296659469604}, {'epoch': 32, 'best_score': 0.2635667324066162}, {'epoch': 33, 'best_score': 0.25627660751342773}, {'epoch': 34, 'best_score': 0.25978541374206543}, {'epoch': 35, 'best_score': 0.25951284170150757}, {'epoch': 36, 'best_score': 0.25978541374206543}, {'epoch': 37, 'best_score': 0.25627660751342773}, {'epoch': 38, 'best_score': 0.253312885761261}, {'epoch': 39, 'best_score': 0.24305909872055054}, {'epoch': 40, 'best_score': 0.24064040184020996}, {'epoch': 41, 'best_score': 0.24278658628463745}, {'epoch': 42, 'best_score': 0.25951284170150757}, {'epoch': 43, 'best_score': 0.25951284170150757}, {'epoch': 44, 'best_score': 0.24602288007736206}, {'epoch': 45, 'best_score': 0.24602288007736206}, {'epoch': 46, 'best_score': 0.24656784534454346}, {'epoch': 47, 'best_score': 0.24629533290863037}, {'epoch': 48, 'best_score': 0.24278658628463745}, {'epoch': 49, 'best_score': 0.24251407384872437}]",domainnet,3,CDANN,PCA4,64.0,0.8074381947517395,0.8074381947517395,0.49369075894355774,0.48549020290374756,splits_domainnet_CDANN_3_0_b09dc755c62e.npz,b09dc755c62e,False,False,0.16367713004484305,0.6345291479820628,0.2006157795541691,,,,0.7845015850402963,all_pca,PCA4,IW residual DIS2 | W=2 | seed=0 (plug-in),True,
iw_residual_dis2,2.0,0.0,1700.0,8804.0,425.0,2203.0,0.8658823529411764,0.0,1.0,2.158428192138672,0.5,0.5,0.5838903784751892,0.2406596541404724,19.0,163.0,12.0,87.0,0.14416905603551894,0.05447117566954154,406.0,19.0,2083.0,120.0,ok,plugin,False,,428.6537130837095,360.5602960457696,1.9682801103422918,1.0035829701463874,1.7414689112834711,0.9416666666666667,0.005423226700432427,0.14959228273595138,0.8504077172640486,0.8504077172640486,False,5.0,23.0,0.3132184147834778,0.5833333134651184,0.8965517282485962,"[{'epoch': 0, 'best_score': 0.27586203813552856}, {'epoch': 1, 'best_score': 0.28735631704330444}, {'epoch': 2, 'best_score': 0.28735631704330444}, {'epoch': 3, 'best_score': 0.28735631704330444}, {'epoch': 4, 'best_score': 0.27586203813552856}, {'epoch': 5, 'best_score': 0.3132184147834778}, {'epoch': 6, 'best_score': 0.3017241358757019}, {'epoch': 7, 'best_score': 0.2787356376647949}, {'epoch': 8, 'best_score': 0.25574713945388794}, {'epoch': 9, 'best_score': 0.14942526817321777}, {'epoch': 10, 'best_score': 0.14942526817321777}, {'epoch': 11, 'best_score': 0.16091954708099365}, {'epoch': 12, 'best_score': 0.16091954708099365}, {'epoch': 13, 'best_score': 0.10057473182678223}, {'epoch': 14, 'best_score': 0.10057473182678223}, {'epoch': 15, 'best_score': 0.10057473182678223}, {'epoch': 16, 'best_score': 0.08908045291900635}, {'epoch': 17, 'best_score': 0.10057473182678223}, {'epoch': 18, 'best_score': 0.08908045291900635}, {'epoch': 19, 'best_score': 0.07758623361587524}, {'epoch': 20, 'best_score': 0.04310345649719238}, {'epoch': 21, 'best_score': 0.04310345649719238}, {'epoch': 22, 'best_score': 0.0057471394538879395}, {'epoch': 23, 'best_score': -0.005747079849243164}, {'epoch': 24, 'best_score': -0.017241358757019043}, {'epoch': 25, 'best_score': 0.054597675800323486}, {'epoch': 26, 'best_score': 0.054597675800323486}, {'epoch': 27, 'best_score': 0.054597675800323486}, {'epoch': 28, 'best_score': 0.054597675800323486}, {'epoch': 29, 'best_score': 0.054597675800323486}, {'epoch': 30, 'best_score': 0.04310345649719238}, {'epoch': 31, 'best_score': 0.054597675800323486}, {'epoch': 32, 'best_score': 0.054597675800323486}, {'epoch': 33, 'best_score': 0.054597675800323486}, {'epoch': 34, 'best_score': 0.054597675800323486}, {'epoch': 35, 'best_score': 0.06609195470809937}, {'epoch': 36, 'best_score': 0.054597675800323486}, {'epoch': 37, 'best_score': 0.054597675800323486}, {'epoch': 38, 'best_score': 0.054597675800323486}, {'epoch': 39, 'best_score': 0.054597675800323486}, {'epoch': 40, 'best_score': 0.054597675800323486}, {'epoch': 41, 'best_score': 0.054597675800323486}, {'epoch': 42, 'best_score': 0.054597675800323486}, {'epoch': 43, 'best_score': 0.054597675800323486}, {'epoch': 44, 'best_score': 0.054597675800323486}, {'epoch': 45, 'best_score': 0.054597675800323486}, {'epoch': 46, 'best_score': 0.054597675800323486}, {'epoch': 47, 'best_score': 0.054597675800323486}, {'epoch': 48, 'best_score': 0.054597675800323486}, {'epoch': 49, 'best_score': 0.054597675800323486}]",living17,1,DANN,PCA4,128.0,0.8994117379188538,0.8994117379188538,0.6758291721343994,0.6876986026763916,splits_living17_DANN_1_0_b09dc755c62e.npz,b09dc755c62e,False,False,0.15789473684210525,1.0,-0.05833333333333335,,,,0.8504077172640486,all_pca,PCA4,IW residual DIS2 | W=2 | seed=0 (plug-in),True,
iw_residual_dis2,2.0,0.0,1700.0,68.0,425.0,19.0,0.8823529411764706,0.0,1.0,54.598148345947266,0.5,0.5,0.3852941393852234,0.2508797347545624,,,,,0.11596565026653549,0.0,425.0,0.0,19.0,0.0,ok,plugin,False,,417.92151968077366,424.6932759194436,1.0951643044870107,0.9819979616201432,1.027102216393665,,0.0,0.11596565026653549,0.8840343497334645,0.8840343497334645,False,,,,,,,living17,2,DANN,PCA4,128.0,0.9094117283821106,0.9094117283821106,0.8970588445663452,0.8421052694320679,splits_living17_DANN_2_0_b09dc755c62e.npz,b09dc755c62e,True,False,,,,,,,0.8840343497334645,all_pca,PCA4,IW residual DIS2 | W=2 | seed=0 (plug-in),True,
iw_residual_dis2,2.0,0.0,1700.0,68.0,425.0,19.0,0.8894117647058823,0.0,1.0,54.598148345947266,0.5,0.5,0.4745098352432251,0.25066831707954407,,,,,0.1095708221545787,0.0,425.0,0.0,19.0,0.0,ok,plugin,False,,418.82558686894004,424.6851249619928,1.0640825257220627,0.9855160483822584,1.0291959567150646,,0.0,0.1095708221545787,0.8904291778454213,0.8904291778454213,False,,,,,,,living17,3,DANN,PCA4,128.0,0.9052940607070923,0.9052940607070923,0.5882353186607361,0.6842105388641357,splits_living17_DANN_3_0_b09dc755c62e.npz,b09dc755c62e,False,False,,,,,,,0.8904291778454213,all_pca,PCA4,IW residual DIS2 | W=2 | seed=0 (plug-in),True,
iw_residual_dis2,2.0,0.0,1700.0,8804.0,425.0,2203.0,0.8894117647058823,0.0,1.0,1.3403280973434448,0.5,0.5,0.6166443824768066,0.23017221689224243,49.0,531.0,28.0,251.0,0.10065218333625445,0.16386745347253745,382.0,43.0,1842.0,361.0,ok,plugin,False,,358.23911476607907,307.310417056288,1.9899354231178426,0.8905851074650508,1.8295889480570395,0.6565096952908587,0.0618501198154736,0.16250230315172803,0.8374976968482719,0.8374976968482719,False,23.0,12.0,0.4867672026157379,0.1785714328289032,0.6653386354446411,"[{'epoch': 0, 'best_score': 0.21798521280288696}, {'epoch': 1, 'best_score': 0.2337791919708252}, {'epoch': 2, 'best_score': 0.21385890245437622}, {'epoch': 3, 'best_score': 0.24558907747268677}, {'epoch': 4, 'best_score': 0.2653670907020569}, {'epoch': 5, 'best_score': 0.3565737009048462}, {'epoch': 6, 'best_score': 0.36838361620903015}, {'epoch': 7, 'best_score': 0.3722253739833832}, {'epoch': 8, 'best_score': 0.38403528928756714}, {'epoch': 9, 'best_score': 0.3720831274986267}, {'epoch': 10, 'best_score': 0.36809903383255005}, {'epoch': 11, 'best_score': 0.37592488527297974}, {'epoch': 12, 'best_score': 0.37620946764945984}, {'epoch': 13, 'best_score': 0.43568581342697144}, {'epoch': 14, 'best_score': 0.439385324716568}, {'epoch': 15, 'best_score': 0.43141719698905945}, {'epoch': 16, 'best_score': 0.4274331033229828}, {'epoch': 17, 'best_score': 0.4274331033229828}, {'epoch': 18, 'best_score': 0.41946497559547424}, {'epoch': 19, 'best_score': 0.41548094153404236}, {'epoch': 20, 'best_score': 0.43525898456573486}, {'epoch': 21, 'best_score': 0.4432271122932434}, {'epoch': 22, 'best_score': 0.455036997795105}, {'epoch': 23, 'best_score': 0.4867672026157379}, {'epoch': 24, 'best_score': 0.4867672026157379}, {'epoch': 25, 'best_score': 0.48278316855430603}, {'epoch': 26, 'best_score': 0.4430847764015198}, {'epoch': 27, 'best_score': 0.45902103185653687}, {'epoch': 28, 'best_score': 0.4708309471607208}, {'epoch': 29, 'best_score': 0.4708309471607208}, {'epoch': 30, 'best_score': 0.4708309471607208}, {'epoch': 31, 'best_score': 0.47879907488822937}, {'epoch': 32, 'best_score': 0.45902103185653687}, {'epoch': 33, 'best_score': 0.45902103185653687}, {'epoch': 34, 'best_score': 0.45902103185653687}, {'epoch': 35, 'best_score': 0.45902103185653687}, {'epoch': 36, 'best_score': 0.45902103185653687}, {'epoch': 37, 'best_score': 0.45902103185653687}, {'epoch': 38, 'best_score': 0.45930561423301697}, {'epoch': 39, 'best_score': 0.4553215801715851}, {'epoch': 40, 'best_score': 0.4553215801715851}, {'epoch': 41, 'best_score': 0.44706887006759644}, {'epoch': 42, 'best_score': 0.44706887006759644}, {'epoch': 43, 'best_score': 0.45119524002075195}, {'epoch': 44, 'best_score': 0.45119524002075195}, {'epoch': 45, 'best_score': 0.45517927408218384}, {'epoch': 46, 'best_score': 0.45517927408218384}, {'epoch': 47, 'best_score': 0.45902103185653687}, {'epoch': 48, 'best_score': 0.4669891595840454}, {'epoch': 49, 'best_score': 0.4669891595840454}]",living17,1,CDANN,PCA4,64.0,0.9052940607070923,0.9052940607070923,0.6863925457000732,0.6981388926506042,splits_living17_CDANN_1_0_b09dc755c62e.npz,b09dc755c62e,False,False,0.23255813953488372,0.5116279069767442,0.14488178831411447,,,,0.8374976968482719,all_pca,PCA4,IW residual DIS2 | W=2 | seed=0 (plug-in),True,
iw_residual_dis2,2.0,0.0,1700.0,68.0,425.0,19.0,0.8917647058823529,0.0,1.0,54.598148345947266,0.5,0.5,0.43039217591285706,0.253039687871933,,,,,0.10597777404892805,0.0,425.0,0.0,19.0,0.0,ok,plugin,False,,418.0335171897859,424.5771697684283,1.1074769515659588,0.9817579430615514,1.0354156637729488,,0.0,0.10597777404892805,0.894022225951072,0.894022225951072,False,,,,,,,living17,2,CDANN,PCA4,64.0,0.9094117283821106,0.9094117283821106,0.8676470518112183,0.8421052694320679,splits_living17_CDANN_2_0_b09dc755c62e.npz,b09dc755c62e,False,False,,,,,,,0.894022225951072,all_pca,PCA4,IW residual DIS2 | W=2 | seed=0 (plug-in),True,
iw_residual_dis2,2.0,0.0,1700.0,68.0,425.0,19.0,0.8823529411764706,0.0,1.0,54.598148345947266,0.5,0.5,0.33529412746429443,0.2514204978942871,,,,,0.11613242223330333,0.0,425.0,0.0,19.0,0.0,ok,plugin,False,,416.98375041362146,424.65256334846146,1.0595196502652318,0.9796298367570482,1.0282822543505696,,0.0,0.11613242223330333,0.8838675777666967,0.8838675777666967,False,,,,,,,living17,3,CDANN,PCA4,64.0,0.9052940607070923,0.9052940607070923,0.5588235259056091,0.6315789222717285,splits_living17_CDANN_3_0_b09dc755c62e.npz,b09dc755c62e,False,False,,,,,,,0.8838675777666967,all_pca,PCA4,IW residual DIS2 | W=2 | seed=0 (plug-in),True,
iw_residual_dis2,2.0,0.0,2600.0,13282.0,650.0,3322.0,0.8046153846153846,0.0,1.0,2.461338520050049,0.5,0.5,0.5863415002822876,0.243660569190979,6.0,74.0,5.0,47.0,0.20340638261157673,0.019867549668874173,644.0,6.0,3256.0,66.0,ok,plugin,False,,659.8135763322309,587.8168768289628,1.993847559733479,0.983224832367754,1.6490232384482344,0.9090909090909091,0.001505117399157133,0.20491150001073385,0.7950884999892661,0.7950884999892661,False,4.0,0.0,0.3574467897415161,0.6000000238418579,0.957446813583374,"[{'epoch': 0, 'best_score': 0.19999998807907104}, {'epoch': 1, 'best_score': 0.27234041690826416}, {'epoch': 2, 'best_score': 0.3361701965332031}, {'epoch': 3, 'best_score': 0.31489360332489014}, {'epoch': 4, 'best_score': 0.3574467897415161}, {'epoch': 5, 'best_score': 0.3574467897415161}, {'epoch': 6, 'best_score': 0.29361701011657715}, {'epoch': 7, 'best_score': 0.27234041690826416}, {'epoch': 8, 'best_score': 0.27234041690826416}, {'epoch': 9, 'best_score': 0.31489360332489014}, {'epoch': 10, 'best_score': 0.31489360332489014}, {'epoch': 11, 'best_score': 0.31489360332489014}, {'epoch': 12, 'best_score': 0.29361701011657715}, {'epoch': 13, 'best_score': 0.27234041690826416}, {'epoch': 14, 'best_score': 0.25106382369995117}, {'epoch': 15, 'best_score': 0.25106382369995117}, {'epoch': 16, 'best_score': 0.25106382369995117}, {'epoch': 17, 'best_score': 0.25106382369995117}, {'epoch': 18, 'best_score': 0.25106382369995117}, {'epoch': 19, 'best_score': 0.27234041690826416}, {'epoch': 20, 'best_score': 0.29361701011657715}, {'epoch': 21, 'best_score': 0.14468079805374146}, {'epoch': 22, 'best_score': 0.0936170220375061}, {'epoch': 23, 'best_score': 0.13617020845413208}, {'epoch': 24, 'best_score': 0.00851064920425415}, {'epoch': 25, 'best_score': 0.00851064920425415}, {'epoch': 26, 'best_score': 0.02978724241256714}, {'epoch': 27, 'best_score': 0.02978724241256714}, {'epoch': 28, 'best_score': 0.05106383562088013}, {'epoch': 29, 'best_score': 0.05106383562088013}, {'epoch': 30, 'best_score': 0.05106383562088013}, {'epoch': 31, 'best_score': 0.05106383562088013}, {'epoch': 32, 'best_score': 0.05106383562088013}, {'epoch': 33, 'best_score': 0.05106383562088013}, {'epoch': 34, 'best_score': 0.05106383562088013}, {'epoch': 35, 'best_score': 0.07234042882919312}, {'epoch': 36, 'best_score': 0.07234042882919312}, {'epoch': 37, 'best_score': 0.07234042882919312}, {'epoch': 38, 'best_score': 0.0936170220375061}, {'epoch': 39, 'best_score': 0.05106383562088013}, {'epoch': 40, 'best_score': 0.05106383562088013}, {'epoch': 41, 'best_score': 0.05106383562088013}, {'epoch': 42, 'best_score': -0.04255318641662598}, {'epoch': 43, 'best_score': -0.04255318641662598}, {'epoch': 44, 'best_score': -0.04255318641662598}, {'epoch': 45, 'best_score': -0.04255318641662598}, {'epoch': 46, 'best_score': -0.04255318641662598}, {'epoch': 47, 'best_score': -0.04255318641662598}, {'epoch': 48, 'best_score': -0.04255318641662598}, {'epoch': 49, 'best_score': -0.04255318641662598}]",nonliving26,1,DANN,PCA4,128.0,0.8126922845840454,0.8126922845840454,0.5122722387313843,0.5192654728889465,splits_nonliving26_DANN_1_0_b09dc755c62e.npz,b09dc755c62e,False,False,0.16666666666666666,1.0,-0.09090909090909094,,,,0.7950884999892661,all_pca,PCA4,IW residual DIS2 | W=2 | seed=0 (plug-in),True,
iw_residual_dis2,2.0,0.0,2600.0,104.0,650.0,28.0,0.8292307692307692,0.0,1.0,54.598148345947266,0.5,0.5,0.428846150636673,0.25090551376342773,,,,,0.16922659567546094,0.0,650.0,0.0,28.0,0.0,ok,plugin,False,,641.5976123369039,649.4613433864297,1.1266106385791048,0.9874703767934574,1.0349003839259652,,0.0,0.16922659567546094,0.830773404324539,0.830773404324539,False,,,,,,,nonliving26,2,DANN,PCA4,128.0,0.8176922798156738,0.8176922798156738,0.75,0.7142857313156128,splits_nonliving26_DANN_2_0_b09dc755c62e.npz,b09dc755c62e,False,False,,,,,,,0.830773404324539,all_pca,PCA4,IW residual DIS2 | W=2 | seed=0 (plug-in),True,
iw_residual_dis2,2.0,0.0,2600.0,104.0,650.0,28.0,0.8246153846153846,0.0,1.0,54.598148345947266,0.5,0.5,0.4980769157409668,0.25112760066986084,,,,,0.17467250280956934,0.0,650.0,0.0,28.0,0.0,ok,plugin,False,,640.2340802581501,649.440533943523,1.0807877149641725,0.9849639636433203,1.0290380984331802,,0.0,0.17467250280956934,0.8253274971904306,0.8253274971904306,False,,,,,,,nonliving26,3,DANN,PCA4,128.0,0.8146153688430786,0.8146153688430786,0.4038461744785309,0.3214285969734192,splits_nonliving26_DANN_3_0_b09dc755c62e.npz,b09dc755c62e,False,False,,,,,,,0.8253274971904306,all_pca,PCA4,IW residual DIS2 | W=2 | seed=0 (plug-in),True,
iw_residual_dis2,2.0,0.0,2600.0,13282.0,650.0,3322.0,0.8169230769230769,0.0,1.0,1.9937877655029297,0.5,0.5,0.5810704231262207,0.24060797691345215,25.0,290.0,11.0,134.0,0.19132731067349634,0.0728476821192053,636.0,14.0,3080.0,242.0,ok,plugin,False,,621.3198101090767,560.5314935252184,1.995507421301726,0.9395518822117643,1.653022380282781,0.859504132231405,0.02098563687967661,0.21231294755317295,0.787687052446827,0.787687052446827,False,13.0,5.0,0.2978290319442749,0.5454545617103577,0.8432835936546326,"[{'epoch': 0, 'best_score': 0.25915879011154175}, {'epoch': 1, 'best_score': 0.23677068948745728}, {'epoch': 2, 'best_score': 0.21438264846801758}, {'epoch': 3, 'best_score': 0.266621470451355}, {'epoch': 4, 'best_score': 0.25033921003341675}, {'epoch': 5, 'best_score': 0.24287652969360352}, {'epoch': 6, 'best_score': 0.22048842906951904}, {'epoch': 7, 'best_score': 0.21438264846801758}, {'epoch': 8, 'best_score': 0.20691996812820435}, {'epoch': 9, 'best_score': 0.1994572877883911}, {'epoch': 10, 'best_score': 0.18453186750411987}, {'epoch': 11, 'best_score': 0.18453186750411987}, {'epoch': 12, 'best_score': 0.18453186750411987}, {'epoch': 13, 'best_score': 0.2978290319442749}, {'epoch': 14, 'best_score': 0.27544093132019043}, {'epoch': 15, 'best_score': 0.25305289030075073}, {'epoch': 16, 'best_score': 0.2455902099609375}, {'epoch': 17, 'best_score': 0.23812752962112427}, {'epoch': 18, 'best_score': 0.23812752962112427}, {'epoch': 19, 'best_score': 0.1472184658050537}, {'epoch': 20, 'best_score': 0.1472184658050537}, {'epoch': 21, 'best_score': 0.15468114614486694}, {'epoch': 22, 'best_score': 0.16214382648468018}, {'epoch': 23, 'best_score': 0.1696065068244934}, {'epoch': 24, 'best_score': 0.1696065068244934}, {'epoch': 25, 'best_score': 0.1696065068244934}, {'epoch': 26, 'best_score': 0.13229310512542725}, {'epoch': 27, 'best_score': 0.13229310512542725}, {'epoch': 28, 'best_score': 0.13229310512542725}, {'epoch': 29, 'best_score': 0.13229310512542725}, {'epoch': 30, 'best_score': 0.13229310512542725}, {'epoch': 31, 'best_score': 0.12483042478561401}, {'epoch': 32, 'best_score': 0.13229310512542725}, {'epoch': 33, 'best_score': 0.12483042478561401}, {'epoch': 34, 'best_score': 0.12483042478561401}, {'epoch': 35, 'best_score': 0.12483042478561401}, {'epoch': 36, 'best_score': 0.12483042478561401}, {'epoch': 37, 'best_score': 0.12483042478561401}, {'epoch': 38, 'best_score': 0.13229310512542725}, {'epoch': 39, 'best_score': 0.13229310512542725}, {'epoch': 40, 'best_score': 0.13093620538711548}, {'epoch': 41, 'best_score': 0.13093620538711548}, {'epoch': 42, 'best_score': 0.1383988857269287}, {'epoch': 43, 'best_score': 0.14586156606674194}, {'epoch': 44, 'best_score': 0.16214382648468018}, {'epoch': 45, 'best_score': 0.16214382648468018}, {'epoch': 46, 'best_score': 0.1696065068244934}, {'epoch': 47, 'best_score': 0.1696065068244934}, {'epoch': 48, 'best_score': 0.1696065068244934}, {'epoch': 49, 'best_score': 0.1696065068244934}]",nonliving26,1,CDANN,PCA4,64.0,0.8176922798156738,0.8176922798156738,0.5332028269767761,0.5352197289466858,splits_nonliving26_CDANN_1_0_b09dc755c62e.npz,b09dc755c62e,False,False,0.07142857142857142,0.6428571428571429,0.21664698937426208,,,,0.787687052446827,all_pca,PCA4,IW residual DIS2 | W=2 | seed=0 (plug-in),True,
iw_residual_dis2,2.0,0.0,2600.0,104.0,650.0,28.0,0.8138461538461539,0.0,1.0,13.71284008026123,0.5,0.5,0.5442307591438293,0.2490226924419403,,,,,0.17954642793226425,0.0,650.0,0.0,28.0,0.0,ok,plugin,False,,620.6583294989721,641.4426568765592,1.3504943193230472,0.952555960646901,1.1289600515601856,,0.0,0.17954642793226425,0.8204535720677357,0.8204535720677357,False,,,,,,,nonliving26,2,CDANN,PCA4,64.0,0.8165384531021118,0.8165384531021118,0.7692307829856873,0.7500000596046448,splits_nonliving26_CDANN_2_0_b09dc755c62e.npz,b09dc755c62e,False,False,,,,,,,0.8204535720677357,all_pca,PCA4,IW residual DIS2 | W=2 | seed=0 (plug-in),True,
iw_residual_dis2,2.0,0.0,2600.0,104.0,650.0,28.0,0.8123076923076923,0.0,1.0,54.598148345947266,0.5,0.5,0.3769230842590332,0.2519162595272064,,,,,0.18469481344118127,0.0,650.0,0.0,28.0,0.0,ok,plugin,False,,640.9915562462425,649.3175419358187,1.0747724229332427,0.9883050246053064,1.0346337340184635,,0.0,0.18469481344118127,0.8153051865588188,0.8153051865588188,False,,,,,,,nonliving26,3,CDANN,PCA4,64.0,0.822692334651947,0.822692334651947,0.4038461744785309,0.3214285969734192,splits_nonliving26_CDANN_3_0_b09dc755c62e.npz,b09dc755c62e,False,False,,,,,,,0.8153051865588188,all_pca,PCA4,IW residual DIS2 | W=2 | seed=0 (plug-in),True,
iw_residual_dis2,2.0,0.0,11745.0,35070.0,2938.0,8768.0,0.6388699795779442,0.0,1.0,2.5893306732177734,0.5,0.5,0.5391305685043335,0.2477099597454071,,,,,0.35644396791339256,0.00011405109489051095,2938.0,0.0,8767.0,1.0,unsupported_residual_source_region,plugin,False,,2949.5290311061754,2835.1510889419837,1.7022543274269033,0.9967139904013804,1.333166204485363,,,,,,,,,,,,,fmow,1,DANN,PCA4,256.0,0.6519370079040527,0.6519370079040527,0.6103222370147705,0.6077782511711121,splits_fmow_DANN_1_0_b09dc755c62e.npz,b09dc755c62e,,,,,,,,,,all_pca,PCA4,IW residual DIS2 | W=2 | seed=0 (plug-in),False,
iw_residual_dis2,2.0,0.0,11745.0,39088.0,2938.0,9774.0,0.6344452008168822,0.0,1.0,2.2505924701690674,0.5,0.5,0.559982419013977,0.24604614078998566,1.0,20.0,1.0,11.0,0.37080140081539026,0.0014323715981174544,2933.0,5.0,9760.0,14.0,ok,plugin,False,,2936.6090608418353,2763.599685114607,1.9166827518901026,0.9827309358592388,1.4427302099198083,1.0,0.0002864743196234908,0.37108787513501373,0.6289121248649863,0.6289121248649863,False,0.0,16.0,1.0,0.0,1.0,"[{'epoch': 0, 'best_score': 1.0}, {'epoch': 1, 'best_score': 1.0}, {'epoch': 2, 'best_score': 1.0}, {'epoch': 3, 'best_score': 1.0}, {'epoch': 4, 'best_score': 1.0}, {'epoch': 5, 'best_score': 1.0}, {'epoch': 6, 'best_score': 1.0}, {'epoch': 7, 'best_score': 1.0}, {'epoch': 8, 'best_score': 1.0}, {'epoch': 9, 'best_score': 1.0}, {'epoch': 10, 'best_score': 1.0}, {'epoch': 11, 'best_score': 0.0}, {'epoch': 12, 'best_score': 0.0}, {'epoch': 13, 'best_score': 0.0}, {'epoch': 14, 'best_score': 0.0}, {'epoch': 15, 'best_score': 0.0}, {'epoch': 16, 'best_score': 0.0}, {'epoch': 17, 'best_score': 0.0}, {'epoch': 18, 'best_score': 0.0}, {'epoch': 19, 'best_score': 0.0}, {'epoch': 20, 'best_score': 0.0}, {'epoch': 21, 'best_score': 0.0}, {'epoch': 22, 'best_score': 0.0}, {'epoch': 23, 'best_score': 0.0}, {'epoch': 24, 'best_score': 0.0}, {'epoch': 25, 'best_score': 0.0}, {'epoch': 26, 'best_score': 0.0}, {'epoch': 27, 'best_score': 0.0}, {'epoch': 28, 'best_score': 0.0}, {'epoch': 29, 'best_score': 0.0}, {'epoch': 30, 'best_score': 0.0}, {'epoch': 31, 'best_score': 0.0}, {'epoch': 32, 'best_score': 0.0}, {'epoch': 33, 'best_score': 0.0}, {'epoch': 34, 'best_score': 0.0}, {'epoch': 35, 'best_score': 0.0}, {'epoch': 36, 'best_score': 0.0}, {'epoch': 37, 'best_score': 0.0}, {'epoch': 38, 'best_score': 0.0}, {'epoch': 39, 'best_score': 0.0}, {'epoch': 40, 'best_score': 0.0}, {'epoch': 41, 'best_score': 0.0}, {'epoch': 42, 'best_score': 0.0}, {'epoch': 43, 'best_score': 0.0}, {'epoch': 44, 'best_score': 0.0}, {'epoch': 45, 'best_score': 0.0}, {'epoch': 46, 'best_score': 0.0}, {'epoch': 47, 'best_score': 0.0}, {'epoch': 48, 'best_score': 0.0}, {'epoch': 49, 'best_score': 0.0}]",fmow,2,DANN,PCA4,256.0,0.6504895687103271,0.6504895687103271,0.5482756495475769,0.5545324683189392,splits_fmow_DANN_2_0_b09dc755c62e.npz,b09dc755c62e,False,False,0.2,1.0,0.0,,,,0.6289121248649863,all_pca,PCA4,IW residual DIS2 | W=2 | seed=0 (plug-in),True,
iw_residual_dis2,2.0,0.0,11745.0,35070.0,2938.0,8768.0,0.6466984343090538,0.0,1.0,1.6798226833343506,0.5,0.5,0.5391050577163696,0.24753981828689575,,,,,0.3381643936673361,0.00011405109489051095,2938.0,0.0,8767.0,1.0,unsupported_residual_source_region,plugin,False,,2908.5755482523714,2819.3141158987205,1.9285496563283029,0.9833139087443198,1.3355969792486584,,,,,,,,,,,,,fmow,1,CDANN,PCA4,64.0,0.6558535695075989,0.6558535695075989,0.605617344379425,0.6010492444038391,splits_fmow_CDANN_1_0_b09dc755c62e.npz,b09dc755c62e,,,,,,,,,,all_pca,PCA4,IW residual DIS2 | W=2 | seed=0 (plug-in),False,
iw_residual_dis2,2.0,0.0,11745.0,39088.0,2938.0,9774.0,0.6446562287270252,0.0,1.0,1.4382987022399902,0.5,0.5,0.5472197532653809,0.24689695239067078,0.0,6.0,0.0,4.0,0.3548137088932224,0.0002046245140167792,2936.0,2.0,9772.0,2.0,unsupported_critic_region,plugin,False,,2929.3674989891306,2791.5435518880913,1.944402212159975,0.9811387401895162,1.4124073784633282,,,,,,,,,,,,,fmow,2,CDANN,PCA4,64.0,0.6548318862915039,0.6548318862915039,0.5420845150947571,0.5445058345794678,splits_fmow_CDANN_2_0_b09dc755c62e.npz,b09dc755c62e,,,,,,,,,,all_pca,PCA4,IW residual DIS2 | W=2 | seed=0 (plug-in),False,
iw_residual_dis2,2.0,0.0,731.0,898.0,184.0,227.0,0.9239130434782609,0.0,1.0,26.513965606689453,0.5,0.5,0.5130829811096191,0.24920149147510529,,,,,0.07490387015182091,0.0,184.0,0.0,227.0,0.0,ok,plugin,False,,182.75362949592585,181.63426140840306,1.3261444286652622,0.9752719152791629,1.1975999425121098,,0.0,0.07490387015182091,0.9250961298481791,0.9250961298481791,False,,,,,,,officehome,1,DANN,PCA4,146.0,0.922024667263031,0.922024667263031,0.7193763852119446,0.7268722057342529,splits_officehome_DANN_1_0_b09dc755c62e.npz,b09dc755c62e,False,False,,,,,,,0.9250961298481791,all_pca,PCA4,IW residual DIS2 | W=2 | seed=0 (plug-in),True,
iw_residual_dis2,2.0,0.0,731.0,893.0,184.0,226.0,0.9021739130434783,0.0,1.0,8.752723693847656,0.5,0.5,0.6040480136871338,0.24497924745082855,1.0,7.0,1.0,3.0,0.09022353002375386,0.004424778761061947,183.0,1.0,225.0,1.0,ok,plugin,False,,178.03136436243523,172.24936059200772,1.839640871979811,0.9580103619174637,1.4062180219935734,1.0,0.004424778761061947,0.09464830878481581,0.9053516912151842,0.9053516912151842,False,0.0,0.0,0.0,1.0,1.0,"[{'epoch': 0, 'best_score': 0.0}, {'epoch': 1, 'best_score': 0.0}, {'epoch': 2, 'best_score': 0.0}, {'epoch': 3, 'best_score': 0.0}, {'epoch': 4, 'best_score': 0.0}, {'epoch': 5, 'best_score': 0.0}, {'epoch': 6, 'best_score': 0.0}, {'epoch': 7, 'best_score': 0.0}, {'epoch': 8, 'best_score': 0.0}, {'epoch': 9, 'best_score': 0.0}, {'epoch': 10, 'best_score': 0.0}, {'epoch': 11, 'best_score': 0.0}, {'epoch': 12, 'best_score': 0.0}, {'epoch': 13, 'best_score': 0.0}, {'epoch': 14, 'best_score': 0.0}, {'epoch': 15, 'best_score': 0.0}, {'epoch': 16, 'best_score': 0.0}, {'epoch': 17, 'best_score': 0.0}, {'epoch': 18, 'best_score': 0.0}, {'epoch': 19, 'best_score': 0.0}, {'epoch': 20, 'best_score': 0.0}, {'epoch': 21, 'best_score': 0.0}, {'epoch': 22, 'best_score': 0.0}, {'epoch': 23, 'best_score': 0.0}, {'epoch': 24, 'best_score': 0.0}, {'epoch': 25, 'best_score': 0.0}, {'epoch': 26, 'best_score': 0.0}, {'epoch': 27, 'best_score': 0.0}, {'epoch': 28, 'best_score': 0.0}, {'epoch': 29, 'best_score': 0.0}, {'epoch': 30, 'best_score': 0.0}, {'epoch': 31, 'best_score': 0.0}, {'epoch': 32, 'best_score': 0.0}, {'epoch': 33, 'best_score': 0.0}, {'epoch': 34, 'best_score': 0.0}, {'epoch': 35, 'best_score': 0.0}, {'epoch': 36, 'best_score': 0.0}, {'epoch': 37, 'best_score': 0.0}, {'epoch': 38, 'best_score': 0.0}, {'epoch': 39, 'best_score': 0.0}, {'epoch': 40, 'best_score': 0.0}, {'epoch': 41, 'best_score': 0.0}, {'epoch': 42, 'best_score': 0.0}, {'epoch': 43, 'best_score': 0.0}, {'epoch': 44, 'best_score': 0.0}, {'epoch': 45, 'best_score': 0.0}, {'epoch': 46, 'best_score': 0.0}, {'epoch': 47, 'best_score': 0.0}, {'epoch': 48, 'best_score': 0.0}, {'epoch': 49, 'best_score': 0.0}]",officehome,2,DANN,PCA4,146.0,0.915184736251831,0.915184736251831,0.44904816150665283,0.45132744312286377,splits_officehome_DANN_2_0_b09dc755c62e.npz,b09dc755c62e,False,False,1.0,1.0,0.0,,,,0.9053516912151842,all_pca,PCA4,IW residual DIS2 | W=2 | seed=0 (plug-in),True,
iw_residual_dis2,2.0,0.0,731.0,507.0,184.0,128.0,0.9130434782608696,0.0,1.0,8.945487976074219,0.5,0.5,0.5967123508453369,0.2359590381383896,11.0,9.0,3.0,1.0,0.07046019761277958,0.0390625,177.0,7.0,123.0,5.0,ok,plugin,False,,148.73722182580246,151.17200976179532,1.9918475582757462,0.8028597500509331,1.5070927840711825,1.0,0.01116071428571428,0.08162091189849385,0.9183790881015061,0.9183790881015061,False,0.0,0.0,0.3333333134651184,0.6666666865348816,1.0,"[{'epoch': 0, 'best_score': 0.3333333134651184}, {'epoch': 1, 'best_score': 0.0}, {'epoch': 2, 'best_score': 0.0}, {'epoch': 3, 'best_score': 0.3333333134651184}, {'epoch': 4, 'best_score': 0.3333333134651184}, {'epoch': 5, 'best_score': 0.3333333134651184}, {'epoch': 6, 'best_score': 0.3333333134651184}, {'epoch': 7, 'best_score': 0.3333333134651184}, {'epoch': 8, 'best_score': 0.3333333134651184}, {'epoch': 9, 'best_score': 0.3333333134651184}, {'epoch': 10, 'best_score': 0.3333333134651184}, {'epoch': 11, 'best_score': 0.3333333134651184}, {'epoch': 12, 'best_score': 0.3333333134651184}, {'epoch': 13, 'best_score': 0.3333333134651184}, {'epoch': 14, 'best_score': 0.3333333134651184}, {'epoch': 15, 'best_score': 0.3333333134651184}, {'epoch': 16, 'best_score': 0.3333333134651184}, {'epoch': 17, 'best_score': 0.3333333134651184}, {'epoch': 18, 'best_score': 0.3333333134651184}, {'epoch': 19, 'best_score': 0.3333333134651184}, {'epoch': 20, 'best_score': 0.3333333134651184}, {'epoch': 21, 'best_score': 0.3333333134651184}, {'epoch': 22, 'best_score': 0.3333333134651184}, {'epoch': 23, 'best_score': 0.3333333134651184}, {'epoch': 24, 'best_score': 0.3333333134651184}, {'epoch': 25, 'best_score': 0.3333333134651184}, {'epoch': 26, 'best_score': 0.3333333134651184}, {'epoch': 27, 'best_score': 0.3333333134651184}, {'epoch': 28, 'best_score': 0.3333333134651184}, {'epoch': 29, 'best_score': 0.3333333134651184}, {'epoch': 30, 'best_score': 0.3333333134651184}, {'epoch': 31, 'best_score': 0.3333333134651184}, {'epoch': 32, 'best_score': 0.3333333134651184}, {'epoch': 33, 'best_score': 0.3333333134651184}, {'epoch': 34, 'best_score': 0.3333333134651184}, {'epoch': 35, 'best_score': 0.3333333134651184}, {'epoch': 36, 'best_score': 0.3333333134651184}, {'epoch': 37, 'best_score': 0.3333333134651184}, {'epoch': 38, 'best_score': 0.3333333134651184}, {'epoch': 39, 'best_score': 0.3333333134651184}, {'epoch': 40, 'best_score': 0.3333333134651184}, {'epoch': 41, 'best_score': 0.3333333134651184}, {'epoch': 42, 'best_score': 0.3333333134651184}, {'epoch': 43, 'best_score': 0.3333333134651184}, {'epoch': 44, 'best_score': 0.3333333134651184}, {'epoch': 45, 'best_score': 0.3333333134651184}, {'epoch': 46, 'best_score': 0.3333333134651184}, {'epoch': 47, 'best_score': 0.3333333134651184}, {'epoch': 48, 'best_score': 0.3333333134651184}, {'epoch': 49, 'best_score': 0.3333333134651184}]",officehome,3,DANN,PCA4,146.0,0.9056087732315063,0.9056087732315063,0.5364891290664673,0.5625,splits_officehome_DANN_3_0_b09dc755c62e.npz,b09dc755c62e,False,False,0.2857142857142857,1.0,0.0,,,,0.9183790881015061,all_pca,PCA4,IW residual DIS2 | W=2 | seed=0 (plug-in),True,
iw_residual_dis2,2.0,0.0,731.0,898.0,184.0,227.0,0.9130434782608696,0.0,1.0,6.3067145347595215,0.5,0.5,0.5241649746894836,0.24703700840473175,1.0,5.0,2.0,0.0,0.07924411755802355,0.02643171806167401,180.0,4.0,221.0,6.0,unsupported_critic_region,plugin,False,,172.22329002318244,170.1950556319737,1.9762009069052788,0.905766464158908,1.3613818362924954,,,,,,,,,,,,,officehome,1,CDANN,PCA4,64.0,0.9138167500495911,0.9138167500495911,0.730512261390686,0.7488986253738403,splits_officehome_CDANN_1_0_b09dc755c62e.npz,b09dc755c62e,,,,,,,,,,all_pca,PCA4,IW residual DIS2 | W=2 | seed=0 (plug-in),False,
iw_residual_dis2,2.0,0.0,731.0,893.0,184.0,226.0,0.8913043478260869,0.0,1.0,1.4432713985443115,0.5,0.5,0.7562720775604248,0.16281718015670776,31.0,154.0,16.0,81.0,0.06979724857041612,0.5486725663716814,164.0,20.0,102.0,124.0,ok,plugin,False,,80.28114020933631,91.95099570338479,1.9567197446185933,0.33263413972652833,1.5199845955955782,0.8548387096774194,0.22212389380530975,0.29192114237572586,0.7080788576242741,0.7080788576242741,False,13.0,7.0,0.4884259104728699,0.4375,0.9259259104728699,"[{'epoch': 0, 'best_score': 0.10030865669250488}, {'epoch': 1, 'best_score': 0.11265432834625244}, {'epoch': 2, 'best_score': 0.16280865669250488}, {'epoch': 3, 'best_score': 0.18827158212661743}, {'epoch': 4, 'best_score': 0.31327158212661743}, {'epoch': 5, 'best_score': 0.31327158212661743}, {'epoch': 6, 'best_score': 0.38811731338500977}, {'epoch': 7, 'best_score': 0.37577158212661743}, {'epoch': 8, 'best_score': 0.3634259104728699}, {'epoch': 9, 'best_score': 0.40123456716537476}, {'epoch': 10, 'best_score': 0.45061731338500977}, {'epoch': 11, 'best_score': 0.43827158212661743}, {'epoch': 12, 'best_score': 0.4259259104728699}, {'epoch': 13, 'best_score': 0.4884259104728699}, {'epoch': 14, 'best_score': 0.4884259104728699}, {'epoch': 15, 'best_score': 0.4884259104728699}, {'epoch': 16, 'best_score': 0.4884259104728699}, {'epoch': 17, 'best_score': 0.4884259104728699}, {'epoch': 18, 'best_score': 0.4760802388191223}, {'epoch': 19, 'best_score': 0.46373456716537476}, {'epoch': 20, 'best_score': 0.46373456716537476}, {'epoch': 21, 'best_score': 0.4513888955116272}, {'epoch': 22, 'best_score': 0.4513888955116272}, {'epoch': 23, 'best_score': 0.4513888955116272}, {'epoch': 24, 'best_score': 0.4513888955116272}, {'epoch': 25, 'best_score': 0.4513888955116272}, {'epoch': 26, 'best_score': 0.46373456716537476}, {'epoch': 27, 'best_score': 0.46373456716537476}, {'epoch': 28, 'best_score': 0.46373456716537476}, {'epoch': 29, 'best_score': 0.46373456716537476}, {'epoch': 30, 'best_score': 0.46373456716537476}, {'epoch': 31, 'best_score': 0.43904322385787964}, {'epoch': 32, 'best_score': 0.43904322385787964}, {'epoch': 33, 'best_score': 0.43904322385787964}, {'epoch': 34, 'best_score': 0.43904322385787964}, {'epoch': 35, 'best_score': 0.43904322385787964}, {'epoch': 36, 'best_score': 0.43904322385787964}, {'epoch': 37, 'best_score': 0.43904322385787964}, {'epoch': 38, 'best_score': 0.43904322385787964}, {'epoch': 39, 'best_score': 0.4266975522041321}, {'epoch': 40, 'best_score': 0.43827158212661743}, {'epoch': 41, 'best_score': 0.43827158212661743}, {'epoch': 42, 'best_score': 0.4259259104728699}, {'epoch': 43, 'best_score': 0.4259259104728699}, {'epoch': 44, 'best_score': 0.4259259104728699}, {'epoch': 45, 'best_score': 0.4259259104728699}, {'epoch': 46, 'best_score': 0.4259259104728699}, {'epoch': 47, 'best_score': 0.4259259104728699}, {'epoch': 48, 'best_score': 0.4259259104728699}, {'epoch': 49, 'best_score': 0.4259259104728699}]",officehome,2,CDANN,PCA4,64.0,0.9015048146247864,0.9015048146247864,0.4501679837703705,0.45132744312286377,splits_officehome_CDANN_2_0_b09dc755c62e.npz,b09dc755c62e,False,False,0.15,0.6,0.2548387096774194,,,,0.7080788576242741,all_pca,PCA4,IW residual DIS2 | W=2 | seed=0 (plug-in),True,
iw_residual_dis2,2.0,0.0,731.0,507.0,184.0,128.0,0.9130434782608696,0.0,1.0,2.3363990783691406,0.5,0.5,0.7372602820396423,0.18301522731781006,28.0,77.0,14.0,35.0,0.057043442937892146,0.4921875,162.0,22.0,65.0,63.0,ok,plugin,False,,90.18204409369233,100.91986771619246,1.9214843249966038,0.41056781085883,1.625763292850456,0.9206349206349206,0.1399147727272727,0.19695821566516486,0.8030417843348352,0.8030417843348352,False,10.0,26.0,0.3142856955528259,0.5714285969734192,0.8857142925262451,"[{'epoch': 0, 'best_score': 0.11428570747375488}, {'epoch': 1, 'best_score': 0.18571430444717407}, {'epoch': 2, 'best_score': 0.15714287757873535}, {'epoch': 3, 'best_score': 0.15714287757873535}, {'epoch': 4, 'best_score': 0.12857145071029663}, {'epoch': 5, 'best_score': 0.17142856121063232}, {'epoch': 6, 'best_score': 0.17142856121063232}, {'epoch': 7, 'best_score': 0.2428571581840515}, {'epoch': 8, 'best_score': 0.2428571581840515}, {'epoch': 9, 'best_score': 0.2428571581840515}, {'epoch': 10, 'best_score': 0.3142856955528259}, {'epoch': 11, 'best_score': 0.2857142686843872}, {'epoch': 12, 'best_score': 0.2857142686843872}, {'epoch': 13, 'best_score': 0.30000001192092896}, {'epoch': 14, 'best_score': 0.30000001192092896}, {'epoch': 15, 'best_score': 0.30000001192092896}, {'epoch': 16, 'best_score': 0.30000001192092896}, {'epoch': 17, 'best_score': 0.30000001192092896}, {'epoch': 18, 'best_score': 0.30000001192092896}, {'epoch': 19, 'best_score': 0.30000001192092896}, {'epoch': 20, 'best_score': 0.30000001192092896}, {'epoch': 21, 'best_score': 0.30000001192092896}, {'epoch': 22, 'best_score': 0.30000001192092896}, {'epoch': 23, 'best_score': 0.30000001192092896}, {'epoch': 24, 'best_score': 0.30000001192092896}, {'epoch': 25, 'best_score': 0.30000001192092896}, {'epoch': 26, 'best_score': 0.30000001192092896}, {'epoch': 27, 'best_score': 0.2571428418159485}, {'epoch': 28, 'best_score': 0.2571428418159485}, {'epoch': 29, 'best_score': 0.2571428418159485}, {'epoch': 30, 'best_score': 0.2571428418159485}, {'epoch': 31, 'best_score': 0.2571428418159485}, {'epoch': 32, 'best_score': 0.2571428418159485}, {'epoch': 33, 'best_score': 0.2571428418159485}, {'epoch': 34, 'best_score': 0.30000001192092896}, {'epoch': 35, 'best_score': 0.2571428418159485}, {'epoch': 36, 'best_score': 0.2571428418159485}, {'epoch': 37, 'best_score': 0.2571428418159485}, {'epoch': 38, 'best_score': 0.22857141494750977}, {'epoch': 39, 'best_score': 0.22857141494750977}, {'epoch': 40, 'best_score': 0.2571428418159485}, {'epoch': 41, 'best_score': 0.2571428418159485}, {'epoch': 42, 'best_score': 0.22857141494750977}, {'epoch': 43, 'best_score': 0.22857141494750977}, {'epoch': 44, 'best_score': 0.22857141494750977}, {'epoch': 45, 'best_score': 0.22857141494750977}, {'epoch': 46, 'best_score': 0.22857141494750977}, {'epoch': 47, 'best_score': 0.22857141494750977}, {'epoch': 48, 'best_score': 0.22857141494750977}, {'epoch': 49, 'best_score': 0.22857141494750977}]",officehome,3,CDANN,PCA4,64.0,0.9138167500495911,0.9138167500495911,0.5364891290664673,0.5546875,splits_officehome_CDANN_3_0_b09dc755c62e.npz,b09dc755c62e,False,False,0.09090909090909091,0.7272727272727273,0.1933621933621933,,,,0.8030417843348352,all_pca,PCA4,IW residual DIS2 | W=2 | seed=0 (plug-in),True,
iw_residual_dis2,2.0,0.0,24387.0,11083.0,6098.0,2773.0,0.9996720236142997,0.0,1.0,1.0069303512573242,0.5,0.5,0.9467568397521973,0.04128602147102356,342.0,3095.0,179.0,1552.0,0.00030007916459608256,0.9426613775694194,5799.0,299.0,159.0,2614.0,ok,plugin,False,,758.3250425089707,948.5235539749609,1.9785691697982586,0.015173711456161853,0.783170943467852,0.8898240244835501,0.46678253150602983,0.4670826106706259,0.5329173893293742,0.5329173893293742,False,43.0,15.0,0.6197229623794556,0.2849161922931671,0.9046391844749451,"[{'epoch': 0, 'best_score': 0.11675328016281128}, {'epoch': 1, 'best_score': 0.16012859344482422}, {'epoch': 2, 'best_score': 0.22845637798309326}, {'epoch': 3, 'best_score': 0.309911847114563}, {'epoch': 4, 'best_score': 0.3612890839576721}, {'epoch': 5, 'best_score': 0.40557149052619934}, {'epoch': 6, 'best_score': 0.42708271741867065}, {'epoch': 7, 'best_score': 0.4524455666542053}, {'epoch': 8, 'best_score': 0.4631868004798889}, {'epoch': 9, 'best_score': 0.46899300813674927}, {'epoch': 10, 'best_score': 0.48360738158226013}, {'epoch': 11, 'best_score': 0.49735787510871887}, {'epoch': 12, 'best_score': 0.5130413770675659}, {'epoch': 13, 'best_score': 0.5138980746269226}, {'epoch': 14, 'best_score': 0.5291496515274048}, {'epoch': 15, 'best_score': 0.5300063490867615}, {'epoch': 16, 'best_score': 0.533440351486206}, {'epoch': 17, 'best_score': 0.5431053638458252}, {'epoch': 18, 'best_score': 0.5478280186653137}, {'epoch': 19, 'best_score': 0.5626475811004639}, {'epoch': 20, 'best_score': 0.5686589479446411}, {'epoch': 21, 'best_score': 0.577459990978241}, {'epoch': 22, 'best_score': 0.582395076751709}, {'epoch': 23, 'best_score': 0.5873301029205322}, {'epoch': 24, 'best_score': 0.5802352428436279}, {'epoch': 25, 'best_score': 0.5892487168312073}, {'epoch': 26, 'best_score': 0.592477560043335}, {'epoch': 27, 'best_score': 0.5929023027420044}, {'epoch': 28, 'best_score': 0.5978373289108276}, {'epoch': 29, 'best_score': 0.6032043695449829}, {'epoch': 30, 'best_score': 0.6053497791290283}, {'epoch': 31, 'best_score': 0.6143703460693359}, {'epoch': 32, 'best_score': 0.6006197929382324}, {'epoch': 33, 'best_score': 0.6001878976821899}, {'epoch': 34, 'best_score': 0.6006126403808594}, {'epoch': 35, 'best_score': 0.5982477068901062}, {'epoch': 36, 'best_score': 0.6061992645263672}, {'epoch': 37, 'best_score': 0.6087765693664551}, {'epoch': 38, 'best_score': 0.6119982004165649}, {'epoch': 39, 'best_score': 0.6111342906951904}, {'epoch': 40, 'best_score': 0.6141436100006104}, {'epoch': 41, 'best_score': 0.6143559813499451}, {'epoch': 42, 'best_score': 0.615644633769989}, {'epoch': 43, 'best_score': 0.6197229623794556}, {'epoch': 44, 'best_score': 0.6154250502586365}, {'epoch': 45, 'best_score': 0.608981728553772}, {'epoch': 46, 'best_score': 0.6102703809738159}, {'epoch': 47, 'best_score': 0.6124157905578613}, {'epoch': 48, 'best_score': 0.6029632091522217}, {'epoch': 49, 'best_score': 0.6029632091522217}]",visda,1,DANN,PCA4,512.0,0.9995489120483398,0.9995489120483398,0.6463051438331604,0.6473133563995361,splits_visda_DANN_1_0_b09dc755c62e.npz,b09dc755c62e,True,True,0.0,0.39464882943143814,0.495175195052112,,,,0.5329173893293742,all_pca,PCA4,IW residual DIS2 | W=2 | seed=0 (plug-in),True,
iw_residual_dis2,2.0,0.0,24387.0,14480.0,6098.0,3620.0,0.9998360118071499,0.0,1.0,1.1549476385116577,0.5,0.5,0.9210432767868042,0.0572073757648468,326.0,3837.0,171.0,1909.0,0.0,0.8740331491712707,5810.0,288.0,456.0,3164.0,ok,plugin,False,,833.387415012379,978.3829463864181,1.9998069488972943,0.02068476458564954,0.824461990992514,0.9092920353982301,0.5125115101289134,0.5125115101289134,0.4874884898710866,0.4874884898710866,False,47.0,13.0,0.6478760242462158,0.2573099434375763,0.9051859378814697,"[{'epoch': 0, 'best_score': 0.10330259799957275}, {'epoch': 1, 'best_score': 0.17792606353759766}, {'epoch': 2, 'best_score': 0.2437300682067871}, {'epoch': 3, 'best_score': 0.28578999638557434}, {'epoch': 4, 'best_score': 0.33474552631378174}, {'epoch': 5, 'best_score': 0.3794246315956116}, {'epoch': 6, 'best_score': 0.40473103523254395}, {'epoch': 7, 'best_score': 0.4342465102672577}, {'epoch': 8, 'best_score': 0.45955294370651245}, {'epoch': 9, 'best_score': 0.4864308834075928}, {'epoch': 10, 'best_score': 0.49786022305488586}, {'epoch': 11, 'best_score': 0.4953268766403198}, {'epoch': 12, 'best_score': 0.4900885224342346}, {'epoch': 13, 'best_score': 0.4901834726333618}, {'epoch': 14, 'best_score': 0.5145371556282043}, {'epoch': 15, 'best_score': 0.5377574563026428}, {'epoch': 16, 'best_score': 0.5349667072296143}, {'epoch': 17, 'best_score': 0.5471006631851196}, {'epoch': 18, 'best_score': 0.5399477481842041}, {'epoch': 19, 'best_score': 0.5636918544769287}, {'epoch': 20, 'best_score': 0.5652633309364319}, {'epoch': 21, 'best_score': 0.5629106760025024}, {'epoch': 22, 'best_score': 0.5706824064254761}, {'epoch': 23, 'best_score': 0.5759207606315613}, {'epoch': 24, 'best_score': 0.5842163562774658}, {'epoch': 25, 'best_score': 0.5892831087112427}, {'epoch': 26, 'best_score': 0.5979310274124146}, {'epoch': 27, 'best_score': 0.603169322013855}, {'epoch': 28, 'best_score': 0.600464403629303}, {'epoch': 29, 'best_score': 0.5988070964813232}, {'epoch': 30, 'best_score': 0.5992451906204224}, {'epoch': 31, 'best_score': 0.6119029521942139}, {'epoch': 32, 'best_score': 0.612341046333313}, {'epoch': 33, 'best_score': 0.6181032061576843}, {'epoch': 34, 'best_score': 0.6169698238372803}, {'epoch': 35, 'best_score': 0.6154840588569641}, {'epoch': 36, 'best_score': 0.6248272657394409}, {'epoch': 37, 'best_score': 0.622646152973175}, {'epoch': 38, 'best_score': 0.62526535987854}, {'epoch': 39, 'best_score': 0.6301514506340027}, {'epoch': 40, 'best_score': 0.6279703378677368}, {'epoch': 41, 'best_score': 0.630589485168457}, {'epoch': 42, 'best_score': 0.6284083724021912}, {'epoch': 43, 'best_score': 0.6325990557670593}, {'epoch': 44, 'best_score': 0.6336467266082764}, {'epoch': 45, 'best_score': 0.6362658739089966}, {'epoch': 46, 'best_score': 0.6452568769454956}, {'epoch': 47, 'best_score': 0.6478760242462158}, {'epoch': 48, 'best_score': 0.6377516388893127}, {'epoch': 49, 'best_score': 0.6387993097305298}]",visda,2,DANN,PCA4,512.0,0.9997539520263672,0.9997539520263672,0.6546961069107056,0.6544198393821716,splits_visda_DANN_2_0_b09dc755c62e.npz,b09dc755c62e,True,True,0.003472222222222222,0.3263888888888889,0.5829031465093413,,,,0.4874884898710866,all_pca,PCA4,IW residual DIS2 | W=2 | seed=0 (plug-in),True,
iw_residual_dis2,2.0,0.0,24387.0,11083.0,6098.0,2773.0,0.9993440472285995,0.0,1.0,0.6421828866004944,0.5,0.5,0.9498335123062134,0.037861574441194534,308.0,3143.0,178.0,1566.0,4.630571359496266e-06,0.9523981247746124,5845.0,253.0,132.0,2641.0,ok,plugin,False,,668.7645303814542,853.9574845686949,1.999517390241765,0.010063725611626533,0.6582857055387316,0.5887921241953805,0.44783193100037205,0.4478365615717316,0.5521634384282684,0.5521634384282684,False,49.0,28.0,0.44780233502388,0.14606741070747375,0.5938697457313538,"[{'epoch': 0, 'best_score': 0.11348605155944824}, {'epoch': 1, 'best_score': 0.10978376865386963}, {'epoch': 2, 'best_score': 0.12152910232543945}, {'epoch': 3, 'best_score': 0.14770328998565674}, {'epoch': 4, 'best_score': 0.16251236200332642}, {'epoch': 5, 'best_score': 0.18472599983215332}, {'epoch': 6, 'best_score': 0.1788496971130371}, {'epoch': 7, 'best_score': 0.22442495822906494}, {'epoch': 8, 'best_score': 0.24944394826889038}, {'epoch': 9, 'best_score': 0.239729106426239}, {'epoch': 10, 'best_score': 0.24460089206695557}, {'epoch': 11, 'best_score': 0.2735804319381714}, {'epoch': 12, 'best_score': 0.2738315463066101}, {'epoch': 13, 'best_score': 0.2757400870323181}, {'epoch': 14, 'best_score': 0.2802029252052307}, {'epoch': 15, 'best_score': 0.2955213785171509}, {'epoch': 16, 'best_score': 0.3553963005542755}, {'epoch': 17, 'best_score': 0.3587038815021515}, {'epoch': 18, 'best_score': 0.3612438440322876}, {'epoch': 19, 'best_score': 0.3548940122127533}, {'epoch': 20, 'best_score': 0.38769784569740295}, {'epoch': 21, 'best_score': 0.4083688259124756}, {'epoch': 22, 'best_score': 0.3899723291397095}, {'epoch': 23, 'best_score': 0.3912709653377533}, {'epoch': 24, 'best_score': 0.403267502784729}, {'epoch': 25, 'best_score': 0.3964943289756775}, {'epoch': 26, 'best_score': 0.37580180168151855}, {'epoch': 27, 'best_score': 0.37030577659606934}, {'epoch': 28, 'best_score': 0.38382333517074585}, {'epoch': 29, 'best_score': 0.37232911586761475}, {'epoch': 30, 'best_score': 0.3696456551551819}, {'epoch': 31, 'best_score': 0.36504656076431274}, {'epoch': 32, 'best_score': 0.36925825476646423}, {'epoch': 33, 'best_score': 0.37284570932388306}, {'epoch': 34, 'best_score': 0.37410852313041687}, {'epoch': 35, 'best_score': 0.37461796402931213}, {'epoch': 36, 'best_score': 0.39493733644485474}, {'epoch': 37, 'best_score': 0.4036189913749695}, {'epoch': 38, 'best_score': 0.3972333073616028}, {'epoch': 39, 'best_score': 0.3923759162425995}, {'epoch': 40, 'best_score': 0.40195444226264954}, {'epoch': 41, 'best_score': 0.4062952697277069}, {'epoch': 42, 'best_score': 0.4101267158985138}, {'epoch': 43, 'best_score': 0.4193178117275238}, {'epoch': 44, 'best_score': 0.4193178117275238}, {'epoch': 45, 'best_score': 0.4242972433567047}, {'epoch': 46, 'best_score': 0.4193178117275238}, {'epoch': 47, 'best_score': 0.42405325174331665}, {'epoch': 48, 'best_score': 0.4327421188354492}, {'epoch': 49, 'best_score': 0.44780233502388}]",visda,1,CDANN,PCA4,64.0,0.9990978837013245,0.9990978837013245,0.6784264445304871,0.6693112254142761,splits_visda_CDANN_1_0_b09dc755c62e.npz,b09dc755c62e,True,True,0.0,0.11857707509881422,0.4702150490965663,,,,0.5521634384282684,all_pca,PCA4,IW residual DIS2 | W=2 | seed=0 (plug-in),True,
iw_residual_dis2,2.0,0.0,24387.0,14480.0,6098.0,3620.0,0.9995080354214496,0.0,1.0,0.5804858803749084,0.5,0.5,0.940099835395813,0.04283657297492027,375.0,4030.0,150.0,2014.0,7.755294396452847e-05,0.9301104972375691,5784.0,314.0,253.0,3367.0,ok,plugin,False,,601.2494294062539,740.7360316716578,1.992699678480517,0.005666645217189377,0.6548080428142022,0.632016632016632,0.4427006721328783,0.44277822507684284,0.5572217749231572,0.5572217749231572,False,49.0,9.0,0.46377360820770264,0.14000000059604645,0.6037735939025879,"[{'epoch': 0, 'best_score': 0.06877195835113525}, {'epoch': 1, 'best_score': 0.07274413108825684}, {'epoch': 2, 'best_score': 0.08098644018173218}, {'epoch': 3, 'best_score': 0.10906988382339478}, {'epoch': 4, 'best_score': 0.11800062656402588}, {'epoch': 5, 'best_score': 0.17345917224884033}, {'epoch': 6, 'best_score': 0.18763983249664307}, {'epoch': 7, 'best_score': 0.17416083812713623}, {'epoch': 8, 'best_score': 0.20025819540023804}, {'epoch': 9, 'best_score': 0.2425951361656189}, {'epoch': 10, 'best_score': 0.2686196565628052}, {'epoch': 11, 'best_score': 0.28358158469200134}, {'epoch': 12, 'best_score': 0.30601125955581665}, {'epoch': 13, 'best_score': 0.2957232594490051}, {'epoch': 14, 'best_score': 0.29876863956451416}, {'epoch': 15, 'best_score': 0.3113008737564087}, {'epoch': 16, 'best_score': 0.30456140637397766}, {'epoch': 17, 'best_score': 0.3064217269420624}, {'epoch': 18, 'best_score': 0.3145051598548889}, {'epoch': 19, 'best_score': 0.3114531636238098}, {'epoch': 20, 'best_score': 0.326911598443985}, {'epoch': 21, 'best_score': 0.3218735456466675}, {'epoch': 22, 'best_score': 0.3391062617301941}, {'epoch': 23, 'best_score': 0.34988412261009216}, {'epoch': 24, 'best_score': 0.37321415543556213}, {'epoch': 25, 'best_score': 0.36888447403907776}, {'epoch': 26, 'best_score': 0.36816948652267456}, {'epoch': 27, 'best_score': 0.38469380140304565}, {'epoch': 28, 'best_score': 0.38320428133010864}, {'epoch': 29, 'best_score': 0.39157235622406006}, {'epoch': 30, 'best_score': 0.3917841911315918}, {'epoch': 31, 'best_score': 0.3875272870063782}, {'epoch': 32, 'best_score': 0.3832704424858093}, {'epoch': 33, 'best_score': 0.3809996247291565}, {'epoch': 34, 'best_score': 0.3955511450767517}, {'epoch': 35, 'best_score': 0.4110824167728424}, {'epoch': 36, 'best_score': 0.4199470281600952}, {'epoch': 37, 'best_score': 0.41668325662612915}, {'epoch': 38, 'best_score': 0.4072492718696594}, {'epoch': 39, 'best_score': 0.4056074023246765}, {'epoch': 40, 'best_score': 0.4113538861274719}, {'epoch': 41, 'best_score': 0.4229857921600342}, {'epoch': 42, 'best_score': 0.4306454658508301}, {'epoch': 43, 'best_score': 0.425964891910553}, {'epoch': 44, 'best_score': 0.42993712425231934}, {'epoch': 45, 'best_score': 0.4281628727912903}, {'epoch': 46, 'best_score': 0.4417875111103058}, {'epoch': 47, 'best_score': 0.45093676447868347}, {'epoch': 48, 'best_score': 0.45044025778770447}, {'epoch': 49, 'best_score': 0.46377360820770264}]",visda,2,CDANN,PCA4,64.0,0.9995899200439453,0.9995899200439453,0.7107734680175781,0.7140883803367615,splits_visda_CDANN_2_0_b09dc755c62e.npz,b09dc755c62e,True,True,0.0,0.15605095541401273,0.47596567660261935,,,,0.5572217749231572,all_pca,PCA4,IW residual DIS2 | W=2 | seed=0 (plug-in),True,
iw_residual_dis2,2.0,0.0,6500.0,33009.0,1625.0,8255.0,0.904,0.0,1.0,1.8530629873275757,0.5,0.5,0.5364452600479126,0.24901244044303894,,,,,0.10113244800326926,0.0,1625.0,0.0,8255.0,0.0,ok,plugin,False,,1638.1487812856544,1597.2230893914025,1.7532263129870007,1.0056999830837947,1.2370699404854708,,0.0,0.10113244800326926,0.8988675519967307,0.8988675519967307,False,,,,,,,entity13,1,DANN,PCA16,32.0,0.905846118927002,0.905846118927002,0.7318307161331177,0.7345851063728333,splits_entity13_DANN_1_0_b09dc755c62e.npz,b09dc755c62e,False,False,,,,,,,0.8988675519967307,all_pca,PCA16,IW residual DIS2 | W=2 | seed=0 (plug-in),True,
iw_residual_dis2,2.0,0.0,6500.0,260.0,1625.0,65.0,0.9101538461538462,0.0,1.0,13.29384994506836,0.5,0.5,0.5376923084259033,0.24971038103103638,,,,,0.08972846333519681,0.0,1625.0,0.0,65.0,0.0,ok,plugin,False,,1593.5044258160337,1618.102533702859,1.1703790763279103,0.9867194450871848,1.0736861977608667,,0.0,0.08972846333519681,0.9102715366648032,0.9102715366648032,False,,,,,,,entity13,2,DANN,PCA16,32.0,0.9129230380058289,0.9129230380058289,0.8615384697914124,0.8461538553237915,splits_entity13_DANN_2_0_b09dc755c62e.npz,b09dc755c62e,False,False,,,,,,,0.9102715366648032,all_pca,PCA16,IW residual DIS2 | W=2 | seed=0 (plug-in),True,
iw_residual_dis2,2.0,0.0,6500.0,260.0,1625.0,65.0,0.9027692307692308,0.0,1.0,1.9349365234375,0.5,0.5,0.5976923108100891,0.23669494688510895,80.0,3.0,45.0,3.0,0.09589265357828941,0.09230769230769231,1560.0,65.0,59.0,6.0,ok,plugin,False,,1371.1814361004087,1292.6643328390767,1.9976014304064607,0.8282944439793658,1.6296906482618192,0.6666666666666666,0.03881656804733727,0.13470922162562668,0.8652907783743733,0.8652907783743733,False,42.0,22.0,0.5777777433395386,0.42222222685813904,1.0,"[{'epoch': 0, 'best_score': 0.19999998807907104}, {'epoch': 1, 'best_score': 0.19999998807907104}, {'epoch': 2, 'best_score': 0.19999998807907104}, {'epoch': 3, 'best_score': 0.2222222089767456}, {'epoch': 4, 'best_score': 0.2222222089767456}, {'epoch': 5, 'best_score': 0.2222222089767456}, {'epoch': 6, 'best_score': 0.2222222089767456}, {'epoch': 7, 'best_score': 0.2888888716697693}, {'epoch': 8, 'best_score': 0.31111109256744385}, {'epoch': 9, 'best_score': 0.3333333134651184}, {'epoch': 10, 'best_score': 0.35555553436279297}, {'epoch': 11, 'best_score': 0.2666666507720947}, {'epoch': 12, 'best_score': 0.2666666507720947}, {'epoch': 13, 'best_score': 0.31111109256744385}, {'epoch': 14, 'best_score': 0.31111109256744385}, {'epoch': 15, 'best_score': 0.31111109256744385}, {'epoch': 16, 'best_score': 0.31111109256744385}, {'epoch': 17, 'best_score': 0.31111109256744385}, {'epoch': 18, 'best_score': 0.31111109256744385}, {'epoch': 19, 'best_score': 0.31111109256744385}, {'epoch': 20, 'best_score': 0.31111109256744385}, {'epoch': 21, 'best_score': 0.31111109256744385}, {'epoch': 22, 'best_score': 0.3333333134651184}, {'epoch': 23, 'best_score': 0.3333333134651184}, {'epoch': 24, 'best_score': 0.35555553436279297}, {'epoch': 25, 'best_score': 0.48888885974884033}, {'epoch': 26, 'best_score': 0.5111111402511597}, {'epoch': 27, 'best_score': 0.5333333015441895}, {'epoch': 28, 'best_score': 0.5333333015441895}, {'epoch': 29, 'best_score': 0.5111111402511597}, {'epoch': 30, 'best_score': 0.5333333015441895}, {'epoch': 31, 'best_score': 0.5333333015441895}, {'epoch': 32, 'best_score': 0.5333333015441895}, {'epoch': 33, 'best_score': 0.5333333015441895}, {'epoch': 34, 'best_score': 0.5333333015441895}, {'epoch': 35, 'best_score': 0.5333333015441895}, {'epoch': 36, 'best_score': 0.5333333015441895}, {'epoch': 37, 'best_score': 0.5333333015441895}, {'epoch': 38, 'best_score': 0.5333333015441895}, {'epoch': 39, 'best_score': 0.5333333015441895}, {'epoch': 40, 'best_score': 0.5333333015441895}, {'epoch': 41, 'best_score': 0.5555555820465088}, {'epoch': 42, 'best_score': 0.5777777433395386}, {'epoch': 43, 'best_score': 0.5777777433395386}, {'epoch': 44, 'best_score': 0.5555555820465088}, {'epoch': 45, 'best_score': 0.5555555820465088}, {'epoch': 46, 'best_score': 0.5555555820465088}, {'epoch': 47, 'best_score': 0.5555555820465088}, {'epoch': 48, 'best_score': 0.5333333015441895}, {'epoch': 49, 'best_score': 0.5333333015441895}]",entity13,3,DANN,PCA16,32.0,0.907076895236969,0.907076895236969,0.6653845906257629,0.5538461804389954,splits_entity13_DANN_3_0_b09dc755c62e.npz,b09dc755c62e,False,False,0.16923076923076924,0.4153846153846154,0.2512820512820512,,,,0.8652907783743733,all_pca,PCA16,IW residual DIS2 | W=2 | seed=0 (plug-in),True,
iw_residual_dis2,2.0,0.0,6500.0,33009.0,1625.0,8255.0,0.9132307692307693,0.0,1.0,1.775124192237854,0.5,0.5,0.5358391404151917,0.24932822585105896,,,,,0.08881859178631613,0.0,1625.0,0.0,8255.0,0.0,ok,plugin,False,,1626.3300294548944,1607.3195506848322,1.3848137148106956,1.0046824136032193,1.1589464917022145,,0.0,0.08881859178631613,0.9111814082136839,0.9111814082136839,False,,,,,,,entity13,1,CDANN,PCA16,16.0,0.9096922874450684,0.9096922874450684,0.7354357838630676,0.7372501492500305,splits_entity13_CDANN_1_0_b09dc755c62e.npz,b09dc755c62e,False,False,,,,,,,0.9111814082136839,all_pca,PCA16,IW residual DIS2 | W=2 | seed=0 (plug-in),True,
iw_residual_dis2,2.0,0.0,6500.0,260.0,1625.0,65.0,0.9058461538461539,0.0,1.0,54.598148345947266,0.5,0.5,0.4746153950691223,0.25032246112823486,,,,,0.09430320653794334,0.0,1625.0,0.0,65.0,0.0,ok,plugin,False,,1620.1358707453442,1624.7753736434915,1.0362474670433792,0.9974961811222159,1.0155036818384287,,0.0,0.09430320653794334,0.9056967934620567,0.9056967934620567,False,,,,,,,entity13,2,CDANN,PCA16,16.0,0.9081538319587708,0.9081538319587708,0.8423076868057251,0.8769230842590332,splits_entity13_CDANN_2_0_b09dc755c62e.npz,b09dc755c62e,False,False,,,,,,,0.9056967934620567,all_pca,PCA16,IW residual DIS2 | W=2 | seed=0 (plug-in),True,
iw_residual_dis2,2.0,0.0,6500.0,260.0,1625.0,65.0,0.9015384615384615,0.0,1.0,1.8160862922668457,0.5,0.5,0.5453846454620361,0.2456142157316208,,,,,0.1071709407418081,0.0,1624.0,1.0,65.0,0.0,ok,plugin,False,,1619.0898552833626,1523.8037715123028,1.978376815514307,0.9995386886995656,1.4240421245509491,,0.0,0.1071709407418081,0.8928290592581919,0.8928290592581919,False,,,,,,,entity13,3,CDANN,PCA16,16.0,0.9061538577079773,0.9061538577079773,0.6653845906257629,0.5692307949066162,splits_entity13_CDANN_3_0_b09dc755c62e.npz,b09dc755c62e,False,False,,,,,,,0.8928290592581919,all_pca,PCA16,IW residual DIS2 | W=2 | seed=0 (plug-in),True,
iw_residual_dis2,2.0,0.0,6000.0,30828.0,1500.0,7709.0,0.8426666666666667,0.0,1.0,1.6483181715011597,0.5,0.5,0.522881805896759,0.24881476163864136,,,,,0.15967670280755697,0.0,1500.0,0.0,7709.0,0.0,ok,plugin,False,,1494.1038851145356,1471.341762500957,1.477022821970342,0.9971122173467463,1.2201314469094886,,0.0,0.15967670280755697,0.840323297192443,0.840323297192443,False,,,,,,,entity30,1,DANN,PCA16,32.0,0.8550000190734863,0.8550000190734863,0.6190800070762634,0.6236866116523743,splits_entity30_DANN_1_0_b09dc755c62e.npz,b09dc755c62e,False,False,,,,,,,0.840323297192443,all_pca,PCA16,IW residual DIS2 | W=2 | seed=0 (plug-in),True,
iw_residual_dis2,2.0,0.0,6000.0,240.0,1500.0,60.0,0.8606666666666667,0.0,1.0,54.598148345947266,0.5,0.5,0.4350000023841858,0.25021612644195557,,,,,0.1388633475396797,0.0,1500.0,0.0,60.0,0.0,ok,plugin,False,,1493.322574033277,1499.664898500515,1.0417970869844706,0.9964768319371748,1.0178197637360316,,0.0,0.1388633475396797,0.8611366524603203,0.8611366524603203,False,,,,,,,entity30,2,DANN,PCA16,32.0,0.8646666407585144,0.8646666407585144,0.7875000238418579,0.7500000596046448,splits_entity30_DANN_2_0_b09dc755c62e.npz,b09dc755c62e,False,False,,,,,,,0.8611366524603203,all_pca,PCA16,IW residual DIS2 | W=2 | seed=0 (plug-in),True,
iw_residual_dis2,2.0,0.0,6000.0,240.0,1500.0,60.0,0.8553333333333333,0.0,1.0,8.529847145080566,0.5,0.5,0.5049999952316284,0.24892663955688477,,,,,0.14056704089104735,0.0,1500.0,0.0,60.0,0.0,ok,plugin,False,,1441.4791812940057,1476.9486559251682,1.3599798151240188,0.9681696821870893,1.1504120932293667,,0.0,0.14056704089104735,0.8594329591089527,0.8594329591089527,False,,,,,,,entity30,3,DANN,PCA16,32.0,0.8636666536331177,0.8636666536331177,0.5708333849906921,0.6666666865348816,splits_entity30_DANN_3_0_b09dc755c62e.npz,b09dc755c62e,False,False,,,,,,,0.8594329591089527,all_pca,PCA16,IW residual DIS2 | W=2 | seed=0 (plug-in),True,
iw_residual_dis2,2.0,0.0,6000.0,30828.0,1500.0,7709.0,0.856,0.0,1.0,3.7607927322387695,0.5,0.5,0.5080440044403076,0.24991461634635925,,,,,0.14426797433945074,0.0,1500.0,0.0,7709.0,0.0,ok,plugin,False,,1495.3510130376067,1497.3009056272456,1.1396087811019069,0.9997722715208301,1.0579058340516443,,0.0,0.14426797433945074,0.8557320256605493,0.8557320256605493,False,,,,,,,entity30,1,CDANN,PCA16,16.0,0.8611666560173035,0.8611666560173035,0.627903163433075,0.6345829367637634,splits_entity30_CDANN_1_0_b09dc755c62e.npz,b09dc755c62e,False,False,,,,,,,0.8557320256605493,all_pca,PCA16,IW residual DIS2 | W=2 | seed=0 (plug-in),True,
iw_residual_dis2,2.0,0.0,6000.0,240.0,1500.0,60.0,0.862,0.0,1.0,54.598148345947266,0.5,0.5,0.46916669607162476,0.2500125765800476,,,,,0.13759405847249292,0.0,1500.0,0.0,60.0,0.0,ok,plugin,False,,1495.4952103362916,1499.8194912094377,1.0388345172066729,0.9974009113036422,1.0152375879259994,,0.0,0.13759405847249292,0.862405941527507,0.862405941527507,False,,,,,,,entity30,2,CDANN,PCA16,16.0,0.8646666407585144,0.8646666407585144,0.8125000596046448,0.7500000596046448,splits_entity30_CDANN_2_0_b09dc755c62e.npz,b09dc755c62e,False,False,,,,,,,0.862405941527507,all_pca,PCA16,IW residual DIS2 | W=2 | seed=0 (plug-in),True,
iw_residual_dis2,2.0,0.0,6000.0,240.0,1500.0,60.0,0.8453333333333333,0.0,1.0,54.598148345947266,0.5,0.5,0.4625000059604645,0.25004494190216064,,,,,0.15389750406137473,0.0,1500.0,0.0,60.0,0.0,ok,plugin,False,,1496.598841253202,1499.8009947796068,1.0497293027777301,0.9969008787370625,1.016786049866062,,0.0,0.15389750406137473,0.8461024959386253,0.8461024959386253,False,,,,,,,entity30,3,CDANN,PCA16,16.0,0.8573333024978638,0.8573333024978638,0.5625,0.6166666746139526,splits_entity30_CDANN_3_0_b09dc755c62e.npz,b09dc755c62e,False,False,,,,,,,0.8461024959386253,all_pca,PCA16,IW residual DIS2 | W=2 | seed=0 (plug-in),True,
iw_residual_dis2,2.0,0.0,10000.0,2000.0,2500.0,500.0,0.9452,0.0,1.0,2.3508100509643555,0.5,0.5,0.5485000014305115,0.2455609142780304,8.0,7.0,9.0,3.0,0.05824111769776439,0.008,2484.0,16.0,496.0,4.0,ok,plugin,False,,2366.2031219976825,2327.474583409532,1.9796024166524124,0.9195512416177978,1.3902418818619895,1.0,0.0035,0.06174111769776439,0.9382588823022356,0.9382588823022356,False,24.0,6.0,0.7777777910232544,0.2222222238779068,1.0,"[{'epoch': 0, 'best_score': 0.4444444179534912}, {'epoch': 1, 'best_score': 0.3333333134651184}, {'epoch': 2, 'best_score': 0.4444444179534912}, {'epoch': 3, 'best_score': 0.5555555820465088}, {'epoch': 4, 'best_score': 0.5555555820465088}, {'epoch': 5, 'best_score': 0.222222238779068}, {'epoch': 6, 'best_score': 0.222222238779068}, {'epoch': 7, 'best_score': 0.3333333432674408}, {'epoch': 8, 'best_score': 0.3333333432674408}, {'epoch': 9, 'best_score': 0.3333333432674408}, {'epoch': 10, 'best_score': 0.3333333432674408}, {'epoch': 11, 'best_score': 0.3333333432674408}, {'epoch': 12, 'best_score': 0.4444444179534912}, {'epoch': 13, 'best_score': 0.5555555820465088}, {'epoch': 14, 'best_score': 0.5555555820465088}, {'epoch': 15, 'best_score': 0.5555555820465088}, {'epoch': 16, 'best_score': 0.5555555820465088}, {'epoch': 17, 'best_score': 0.5555555820465088}, {'epoch': 18, 'best_score': 0.5555555820465088}, {'epoch': 19, 'best_score': 0.5555555820465088}, {'epoch': 20, 'best_score': 0.5555555820465088}, {'epoch': 21, 'best_score': 0.5555555820465088}, {'epoch': 22, 'best_score': 0.5555555820465088}, {'epoch': 23, 'best_score': 0.5555555820465088}, {'epoch': 24, 'best_score': 0.7777777910232544}, {'epoch': 25, 'best_score': 0.7777777910232544}, {'epoch': 26, 'best_score': 0.6666666269302368}, {'epoch': 27, 'best_score': 0.6666666269302368}, {'epoch': 28, 'best_score': 0.6666666269302368}, {'epoch': 29, 'best_score': 0.6666666269302368}, {'epoch': 30, 'best_score': 0.6666666269302368}, {'epoch': 31, 'best_score': 0.6666666269302368}, {'epoch': 32, 'best_score': 0.5555555820465088}, {'epoch': 33, 'best_score': 0.5555555820465088}, {'epoch': 34, 'best_score': 0.5555555820465088}, {'epoch': 35, 'best_score': 0.5555555820465088}, {'epoch': 36, 'best_score': 0.5555555820465088}, {'epoch': 37, 'best_score': 0.5555555820465088}, {'epoch': 38, 'best_score': 0.5555555820465088}, {'epoch': 39, 'best_score': 0.5555555820465088}, {'epoch': 40, 'best_score': 0.5555555820465088}, {'epoch': 41, 'best_score': 0.5555555820465088}, {'epoch': 42, 'best_score': 0.5555555820465088}, {'epoch': 43, 'best_score': 0.5555555820465088}, {'epoch': 44, 'best_score': 0.5555555820465088}, {'epoch': 45, 'best_score': 0.5555555820465088}, {'epoch': 46, 'best_score': 0.5555555820465088}, {'epoch': 47, 'best_score': 0.5555555820465088}, {'epoch': 48, 'best_score': 0.5555555820465088}, {'epoch': 49, 'best_score': 0.5555555820465088}]",cifar10,1,DANN,PCA16,32.0,0.9508999586105347,0.9508999586105347,0.8440000414848328,0.8360000252723694,splits_cifar10_DANN_1_0_b09dc755c62e.npz,b09dc755c62e,False,False,0.1875,0.75,0.25,,,,0.9382588823022356,all_pca,PCA16,IW residual DIS2 | W=2 | seed=0 (plug-in),True,
iw_residual_dis2,2.0,0.0,10000.0,2000.0,2500.0,500.0,0.946,0.0,1.0,2.5143840312957764,0.5,0.5,0.5329999923706055,0.24898117780685425,,,,,0.057107110049557604,0.0,2500.0,0.0,500.0,0.0,ok,plugin,False,,2484.2115162890286,2459.08662028362,1.5802310277152518,0.9842653231961656,1.213690522628712,,0.0,0.057107110049557604,0.9428928899504424,0.9428928899504424,False,,,,,,,cifar10,10,DANN,PCA16,32.0,0.9477999806404114,0.9477999806404114,0.924500048160553,0.9120000600814819,splits_cifar10_DANN_10_0_b09dc755c62e.npz,b09dc755c62e,False,False,,,,,,,0.9428928899504424,all_pca,PCA16,IW residual DIS2 | W=2 | seed=0 (plug-in),True,
iw_residual_dis2,2.0,0.0,10000.0,2000.0,2500.0,500.0,0.9452,0.0,1.0,51.38346862792969,0.5,0.5,0.4710000157356262,0.2499980628490448,,,,,0.05495840780800947,0.0,2500.0,0.0,500.0,0.0,ok,plugin,False,,2498.451245733029,2499.919863567849,1.0212788808214397,0.9990805701998346,1.0092550438665286,,0.0,0.05495840780800947,0.9450415921919906,0.9450415921919906,False,,,,,,,cifar10,71,DANN,PCA16,32.0,0.9487999677658081,0.9487999677658081,0.9305000305175781,0.9180000424385071,splits_cifar10_DANN_71_0_b09dc755c62e.npz,b09dc755c62e,False,False,,,,,,,0.9450415921919906,all_pca,PCA16,IW residual DIS2 | W=2 | seed=0 (plug-in),True,
iw_residual_dis2,2.0,0.0,10000.0,2000.0,2500.0,500.0,0.9528,0.0,1.0,54.598148345947266,0.5,0.5,0.4819999933242798,0.25007349252700806,,,,,0.04727815321490052,0.0,2500.0,0.0,500.0,0.0,ok,plugin,False,,2498.3671456727343,2499.8966367072508,1.0224933990878347,0.9989148616796366,1.0106089491340755,,0.0,0.04727815321490052,0.9527218467850995,0.9527218467850995,False,,,,,,,cifar10,95,DANN,PCA16,32.0,0.9515999555587769,0.9515999555587769,0.9390000700950623,0.9360000491142273,splits_cifar10_DANN_95_0_b09dc755c62e.npz,b09dc755c62e,False,False,,,,,,,0.9527218467850995,all_pca,PCA16,IW residual DIS2 | W=2 | seed=0 (plug-in),True,
iw_residual_dis2,2.0,0.0,10000.0,2000.0,2500.0,500.0,0.9476,0.0,1.0,11.04572582244873,0.5,0.5,0.5090000033378601,0.249971404671669,,,,,0.05276310048094458,0.0,2500.0,0.0,500.0,0.0,ok,plugin,False,,2493.9263506539046,2498.889530368012,1.0739594195392899,0.9957176463278057,1.033076475100503,,0.0,0.05276310048094458,0.9472368995190554,0.9472368995190554,False,,,,,,,cifar10,1,CDANN,PCA16,16.0,0.949999988079071,0.949999988079071,0.846500039100647,0.8440000414848328,splits_cifar10_CDANN_1_0_b09dc755c62e.npz,b09dc755c62e,False,False,,,,,,,0.9472368995190554,all_pca,PCA16,IW residual DIS2 | W=2 | seed=0 (plug-in),True,
iw_residual_dis2,2.0,0.0,10000.0,2000.0,2500.0,500.0,0.9468,0.0,1.0,3.3526968955993652,0.5,0.5,0.5115000009536743,0.24932187795639038,,,,,0.053175401739886594,0.0,2500.0,0.0,500.0,0.0,ok,plugin,False,,2480.5738994145477,2472.854867073921,1.4269997838518862,0.9867629515389336,1.1761624702638438,,0.0,0.053175401739886594,0.9468245982601134,0.9468245982601134,False,,,,,,,cifar10,10,CDANN,PCA16,16.0,0.948699951171875,0.948699951171875,0.9160000681877136,0.9120000600814819,splits_cifar10_CDANN_10_0_b09dc755c62e.npz,b09dc755c62e,False,False,,,,,,,0.9468245982601134,all_pca,PCA16,IW residual DIS2 | W=2 | seed=0 (plug-in),True,
iw_residual_dis2,2.0,0.0,10000.0,2000.0,2500.0,500.0,0.9492,0.0,1.0,1.9657901525497437,0.5,0.5,0.5485000014305115,0.2484492063522339,,,,,0.0526844782085746,0.0,2500.0,0.0,500.0,0.0,ok,plugin,False,,2487.143212256741,2438.030161814801,1.692587471429481,0.9799305078204226,1.278305499041655,,0.0,0.0526844782085746,0.9473155217914254,0.9473155217914254,False,,,,,,,cifar10,71,CDANN,PCA16,16.0,0.9511999487876892,0.9511999487876892,0.9280000329017639,0.9040000438690186,splits_cifar10_CDANN_71_0_b09dc755c62e.npz,b09dc755c62e,False,False,,,,,,,0.9473155217914254,all_pca,PCA16,IW residual DIS2 | W=2 | seed=0 (plug-in),True,
iw_residual_dis2,2.0,0.0,10000.0,2000.0,2500.0,500.0,0.9516,0.0,1.0,4.74760103225708,0.5,0.5,0.5130000114440918,0.24980032444000244,,,,,0.048712086184790726,0.0,2500.0,0.0,500.0,0.0,ok,plugin,False,,2489.3388350597397,2492.2609360273273,1.2463621092021444,0.9956336276135382,1.0870761928357735,,0.0,0.048712086184790726,0.9512879138152093,0.9512879138152093,False,,,,,,,cifar10,95,CDANN,PCA16,16.0,0.9526000022888184,0.9526000022888184,0.9355000257492065,0.9260000586509705,splits_cifar10_CDANN_95_0_b09dc755c62e.npz,b09dc755c62e,False,False,,,,,,,0.9512879138152093,all_pca,PCA16,IW residual DIS2 | W=2 | seed=0 (plug-in),True,
iw_residual_dis2,2.0,0.0,10000.0,2000.0,2500.0,500.0,0.758,0.0,1.0,54.598148345947266,0.5,0.5,0.48100000619888306,0.25002604722976685,,,,,0.24183124757011928,0.0,2500.0,0.0,500.0,0.0,ok,plugin,False,,2497.9267062382764,2499.872383183214,1.025001223260061,0.9991046267043318,1.0109743832787148,,0.0,0.24183124757011928,0.7581687524298807,0.7581687524298807,False,,,,,,,cifar100,4,DANN,PCA16,32.0,0.7841999530792236,0.7841999530792236,0.7440000176429749,0.7760000228881836,splits_cifar100_DANN_4_0_b09dc755c62e.npz,b09dc755c62e,False,True,,,,,,,0.7581687524298807,all_pca,PCA16,IW residual DIS2 | W=2 | seed=0 (plug-in),True,
iw_residual_dis2,2.0,0.0,10000.0,2000.0,2500.0,500.0,0.76,0.0,1.0,10.035618782043457,0.5,0.5,0.5060000419616699,0.2499135136604309,,,,,0.2392016846242238,0.0,2500.0,0.0,500.0,0.0,ok,plugin,False,,2491.512107664401,2496.4924147254715,1.1840830430471168,0.9952348624967362,1.0575584151114354,,0.0,0.2392016846242238,0.7607983153757762,0.7607983153757762,False,,,,,,,cifar100,12,DANN,PCA16,32.0,0.7831999659538269,0.7831999659538269,0.7545000314712524,0.7860000133514404,splits_cifar100_DANN_12_0_b09dc755c62e.npz,b09dc755c62e,False,True,,,,,,,0.7607983153757762,all_pca,PCA16,IW residual DIS2 | W=2 | seed=0 (plug-in),True,
iw_residual_dis2,2.0,0.0,10000.0,2000.0,2500.0,500.0,0.7596,0.0,1.0,7.202309608459473,0.5,0.5,0.5139999985694885,0.2498314082622528,,,,,0.23908761792498753,0.0,2500.0,0.0,500.0,0.0,ok,plugin,False,,2488.306597651046,2493.322030796427,1.2466207697679308,0.9933996771781166,1.0812372644491597,,0.0,0.23908761792498753,0.7609123820750124,0.7609123820750124,False,,,,,,,cifar100,59,DANN,PCA16,32.0,0.7841999530792236,0.7841999530792236,0.7585000395774841,0.7720000147819519,splits_cifar100_DANN_59_0_b09dc755c62e.npz,b09dc755c62e,False,True,,,,,,,0.7609123820750124,all_pca,PCA16,IW residual DIS2 | W=2 | seed=0 (plug-in),True,
iw_residual_dis2,2.0,0.0,10000.0,2000.0,2500.0,500.0,0.764,0.0,1.0,54.598148345947266,0.5,0.5,0.4829999804496765,0.25003623962402344,,,,,0.23581863071314169,0.0,2500.0,0.0,500.0,0.0,ok,plugin,False,,2498.308106218751,2499.8822288718907,1.0253644964151387,0.9992571759736026,1.0104583168370287,,0.0,0.23581863071314169,0.7641813692868583,0.7641813692868583,False,,,,,,,cifar100,82,DANN,PCA16,32.0,0.7861999869346619,0.7861999869346619,0.7695000171661377,0.7700000405311584,splits_cifar100_DANN_82_0_b09dc755c62e.npz,b09dc755c62e,True,True,,,,,,,0.7641813692868583,all_pca,PCA16,IW residual DIS2 | W=2 | seed=0 (plug-in),True,
iw_residual_dis2,2.0,0.0,10000.0,2000.0,2500.0,500.0,0.762,0.0,1.0,11.925271987915039,0.5,0.5,0.5080000162124634,0.2499530166387558,,,,,0.23752883810245376,0.0,2500.0,0.0,500.0,0.0,ok,plugin,False,,2495.387261386152,2498.0406186339496,1.10435866836377,0.9960099752856926,1.0483976920913638,,0.0,0.23752883810245376,0.7624711618975463,0.7624711618975463,False,,,,,,,cifar100,4,CDANN,PCA16,16.0,0.7849999666213989,0.7849999666213989,0.7275000214576721,0.7480000257492065,splits_cifar100_CDANN_4_0_b09dc755c62e.npz,b09dc755c62e,False,False,,,,,,,0.7624711618975463,all_pca,PCA16,IW residual DIS2 | W=2 | seed=0 (plug-in),True,
iw_residual_dis2,2.0,0.0,10000.0,2000.0,2500.0,500.0,0.766,0.0,1.0,3.8469343185424805,0.5,0.5,0.5220000147819519,0.24957320094108582,,,,,0.2333807540662023,0.0,2500.0,0.0,500.0,0.0,ok,plugin,False,,2492.148905177549,2481.1406164855516,1.3777029384447073,0.9935917459180487,1.1531086021311596,,0.0,0.2333807540662023,0.7666192459337977,0.7666192459337977,False,,,,,,,cifar100,12,CDANN,PCA16,16.0,0.7858999967575073,0.7858999967575073,0.7480000257492065,0.7680000066757202,splits_cifar100_CDANN_12_0_b09dc755c62e.npz,b09dc755c62e,False,True,,,,,,,0.7666192459337977,all_pca,PCA16,IW residual DIS2 | W=2 | seed=0 (plug-in),True,
iw_residual_dis2,2.0,0.0,10000.0,2000.0,2500.0,500.0,0.7664,0.0,1.0,4.286324977874756,0.5,0.5,0.5245000123977661,0.24965746700763702,,,,,0.23211333451212257,0.0,2500.0,0.0,500.0,0.0,ok,plugin,False,,2490.006467965134,2485.0840098085305,1.3550304030832303,0.990637814485575,1.1373998026708751,,0.0,0.23211333451212257,0.7678866654878774,0.7678866654878774,False,,,,,,,cifar100,59,CDANN,PCA16,16.0,0.7870000004768372,0.7870000004768372,0.7580000162124634,0.7920000553131104,splits_cifar100_CDANN_59_0_b09dc755c62e.npz,b09dc755c62e,False,True,,,,,,,0.7678866654878774,all_pca,PCA16,IW residual DIS2 | W=2 | seed=0 (plug-in),True,
iw_residual_dis2,2.0,0.0,10000.0,2000.0,2500.0,500.0,0.7652,0.0,1.0,6.481601715087891,0.5,0.5,0.5090000033378601,0.24986442923545837,,,,,0.234153352516013,0.0,2500.0,0.0,500.0,0.0,ok,plugin,False,,2493.974502544316,2494.1422139925103,1.1997067944148507,0.9969867524058091,1.0834999010025925,,0.0,0.234153352516013,0.765846647483987,0.765846647483987,False,,,,,,,cifar100,82,CDANN,PCA16,16.0,0.7872999906539917,0.7872999906539917,0.7635000348091125,0.7720000147819519,splits_cifar100_CDANN_82_0_b09dc755c62e.npz,b09dc755c62e,False,True,,,,,,,0.765846647483987,all_pca,PCA16,IW residual DIS2 | W=2 | seed=0 (plug-in),True,
iw_residual_dis2,2.0,0.0,28152.0,9910.0,7040.0,2478.0,0.803125,0.0,1.0,1.3576200008392334,0.5,0.5,0.6286595463752747,0.227321594953537,502.0,709.0,273.0,315.0,0.167016268016325,0.24818401937046006,6625.0,415.0,1863.0,615.0,ok,plugin,False,,5516.7264952302885,5331.574208510225,1.9987631253882132,0.752256383076892,1.6437752482782404,0.8130081300813008,0.11446269338856635,0.28147896140489137,0.7185210385951086,0.7185210385951086,False,24.0,9.0,0.24884003400802612,0.5860806107521057,0.8349206447601318,"[{'epoch': 0, 'best_score': 0.007814407348632812}, {'epoch': 1, 'best_score': 0.022466421127319336}, {'epoch': 2, 'best_score': 0.03711843490600586}, {'epoch': 3, 'best_score': 0.056410253047943115}, {'epoch': 4, 'best_score': 0.07570207118988037}, {'epoch': 5, 'best_score': 0.08815628290176392}, {'epoch': 6, 'best_score': 0.11330890655517578}, {'epoch': 7, 'best_score': 0.1299145221710205}, {'epoch': 8, 'best_score': 0.13968253135681152}, {'epoch': 9, 'best_score': 0.15115994215011597}, {'epoch': 10, 'best_score': 0.16117215156555176}, {'epoch': 11, 'best_score': 0.17118436098098755}, {'epoch': 12, 'best_score': 0.19267398118972778}, {'epoch': 13, 'best_score': 0.1975579857826233}, {'epoch': 14, 'best_score': 0.20854699611663818}, {'epoch': 15, 'best_score': 0.21318680047988892}, {'epoch': 16, 'best_score': 0.22588521242141724}, {'epoch': 17, 'best_score': 0.22808301448822021}, {'epoch': 18, 'best_score': 0.23638582229614258}, {'epoch': 19, 'best_score': 0.2410256266593933}, {'epoch': 20, 'best_score': 0.23956042528152466}, {'epoch': 21, 'best_score': 0.2442002296447754}, {'epoch': 22, 'best_score': 0.24835163354873657}, {'epoch': 23, 'best_score': 0.24468863010406494}, {'epoch': 24, 'best_score': 0.24884003400802612}, {'epoch': 25, 'best_score': 0.24835163354873657}, {'epoch': 26, 'best_score': 0.24468863010406494}, {'epoch': 27, 'best_score': 0.23638582229614258}, {'epoch': 28, 'best_score': 0.23272281885147095}, {'epoch': 29, 'best_score': 0.2322344183921814}, {'epoch': 30, 'best_score': 0.22954821586608887}, {'epoch': 31, 'best_score': 0.22539681196212769}, {'epoch': 32, 'best_score': 0.21904760599136353}, {'epoch': 33, 'best_score': 0.2222222089767456}, {'epoch': 34, 'best_score': 0.21807080507278442}, {'epoch': 35, 'best_score': 0.2212454080581665}, {'epoch': 36, 'best_score': 0.22490841150283813}, {'epoch': 37, 'best_score': 0.22808301448822021}, {'epoch': 38, 'best_score': 0.22442001104354858}, {'epoch': 39, 'best_score': 0.22344321012496948}, {'epoch': 40, 'best_score': 0.22295480966567993}, {'epoch': 41, 'best_score': 0.22295480966567993}, {'epoch': 42, 'best_score': 0.21880340576171875}, {'epoch': 43, 'best_score': 0.20952379703521729}, {'epoch': 44, 'best_score': 0.20952379703521729}, {'epoch': 45, 'best_score': 0.20952379703521729}, {'epoch': 46, 'best_score': 0.21684980392456055}, {'epoch': 47, 'best_score': 0.21367520093917847}, {'epoch': 48, 'best_score': 0.20952379703521729}, {'epoch': 49, 'best_score': 0.21098899841308594}]",domainnet,1,DANN,PCA16,128.0,0.8072605729103088,0.8072605729103088,0.465893030166626,0.47497981786727905,splits_domainnet_DANN_1_0_b09dc755c62e.npz,b09dc755c62e,False,False,0.26265060240963856,0.6144578313253012,0.1985502987559996,,,,0.7185210385951086,all_pca,PCA16,IW residual DIS2 | W=2 | seed=0 (plug-in),True,
iw_residual_dis2,2.0,0.0,28152.0,14207.0,7040.0,3553.0,0.8038352272727273,0.0,1.0,1.1803207397460938,0.5,0.5,0.6566725969314575,0.21595516800880432,637.0,1364.0,316.0,660.0,0.1588011827930325,0.3160709259780467,6464.0,576.0,2430.0,1123.0,ok,plugin,False,,5042.7840881260545,4920.62910348593,1.997709957445187,0.6900199909548153,1.662794881062711,0.8637577916295637,0.14460491134252743,0.30340609413555997,0.69659390586444,0.69659390586444,False,22.0,3.0,0.26365548372268677,0.642405092716217,0.9060605764389038,"[{'epoch': 0, 'best_score': 0.012792468070983887}, {'epoch': 1, 'best_score': 0.028615295886993408}, {'epoch': 2, 'best_score': 0.0381089448928833}, {'epoch': 3, 'best_score': 0.046087443828582764}, {'epoch': 4, 'best_score': 0.06877636909484863}, {'epoch': 5, 'best_score': 0.08803224563598633}, {'epoch': 6, 'best_score': 0.10412353277206421}, {'epoch': 7, 'best_score': 0.11388564109802246}, {'epoch': 8, 'best_score': 0.13808971643447876}, {'epoch': 9, 'best_score': 0.15293443202972412}, {'epoch': 10, 'best_score': 0.17535483837127686}, {'epoch': 11, 'best_score': 0.1888185739517212}, {'epoch': 12, 'best_score': 0.2002301812171936}, {'epoch': 13, 'best_score': 0.21948599815368652}, {'epoch': 14, 'best_score': 0.227464497089386}, {'epoch': 15, 'best_score': 0.2434215545654297}, {'epoch': 16, 'best_score': 0.24591487646102905}, {'epoch': 17, 'best_score': 0.24658608436584473}, {'epoch': 18, 'best_score': 0.2500191330909729}, {'epoch': 19, 'best_score': 0.2489451766014099}, {'epoch': 20, 'best_score': 0.2461833953857422}, {'epoch': 21, 'best_score': 0.2571921944618225}, {'epoch': 22, 'best_score': 0.26365548372268677}, {'epoch': 23, 'best_score': 0.2573264241218567}, {'epoch': 24, 'best_score': 0.25264668464660645}, {'epoch': 25, 'best_score': 0.2541618347167969}, {'epoch': 26, 'best_score': 0.2541618347167969}, {'epoch': 27, 'best_score': 0.24645185470581055}, {'epoch': 28, 'best_score': 0.2463175654411316}, {'epoch': 29, 'best_score': 0.2494821548461914}, {'epoch': 30, 'best_score': 0.2463175654411316}, {'epoch': 31, 'best_score': 0.24921369552612305}, {'epoch': 32, 'best_score': 0.24604910612106323}, {'epoch': 33, 'best_score': 0.24756425619125366}, {'epoch': 34, 'best_score': 0.24439972639083862}, {'epoch': 35, 'best_score': 0.24537783861160278}, {'epoch': 36, 'best_score': 0.24110090732574463}, {'epoch': 37, 'best_score': 0.23945146799087524}, {'epoch': 38, 'best_score': 0.24096661806106567}, {'epoch': 39, 'best_score': 0.23931723833084106}, {'epoch': 40, 'best_score': 0.24221330881118774}, {'epoch': 41, 'best_score': 0.24537783861160278}, {'epoch': 42, 'best_score': 0.2468929886817932}, {'epoch': 43, 'best_score': 0.23904871940612793}, {'epoch': 44, 'best_score': 0.23904871940612793}, {'epoch': 45, 'best_score': 0.24372845888137817}, {'epoch': 46, 'best_score': 0.23891448974609375}, {'epoch': 47, 'best_score': 0.2309359312057495}, {'epoch': 48, 'best_score': 0.22777140140533447}, {'epoch': 49, 'best_score': 0.2261219620704651}]",domainnet,2,DANN,PCA16,128.0,0.8101378083229065,0.8101378083229065,0.38572534918785095,0.38727834820747375,splits_domainnet_DANN_2_0_b09dc755c62e.npz,b09dc755c62e,False,False,0.24479166666666666,0.6510416666666666,0.21271612496289705,,,,0.69659390586444,all_pca,PCA16,IW residual DIS2 | W=2 | seed=0 (plug-in),True,
iw_residual_dis2,2.0,0.0,28152.0,15295.0,7040.0,3825.0,0.8072443181818182,0.0,1.0,1.0368164777755737,0.5,0.5,0.6407243013381958,0.22362610697746277,777.0,1020.0,400.0,554.0,0.15976599510205264,0.24104575163398692,6391.0,649.0,2903.0,922.0,ok,plugin,False,,5298.018781500492,4967.989969228069,1.998803830609699,0.7554438682538541,1.7064620672322062,0.8373101952277657,0.09560651379195745,0.2553725088940101,0.7446274911059899,0.7446274911059899,False,23.0,2.0,0.24907034635543823,0.5975000262260437,0.8465703725814819,"[{'epoch': 0, 'best_score': 0.00958484411239624}, {'epoch': 1, 'best_score': 0.010694921016693115}, {'epoch': 2, 'best_score': 0.022084832191467285}, {'epoch': 3, 'best_score': 0.04083937406539917}, {'epoch': 4, 'best_score': 0.05944943428039551}, {'epoch': 5, 'best_score': 0.07070398330688477}, {'epoch': 6, 'best_score': 0.08403432369232178}, {'epoch': 7, 'best_score': 0.11223828792572021}, {'epoch': 8, 'best_score': 0.13695847988128662}, {'epoch': 9, 'best_score': 0.15460288524627686}, {'epoch': 10, 'best_score': 0.17085736989974976}, {'epoch': 11, 'best_score': 0.18835735321044922}, {'epoch': 12, 'best_score': 0.201832115650177}, {'epoch': 13, 'best_score': 0.20530688762664795}, {'epoch': 14, 'best_score': 0.21086639165878296}, {'epoch': 15, 'best_score': 0.2222563624382019}, {'epoch': 16, 'best_score': 0.22670578956604004}, {'epoch': 17, 'best_score': 0.22379064559936523}, {'epoch': 18, 'best_score': 0.22948557138442993}, {'epoch': 19, 'best_score': 0.23379063606262207}, {'epoch': 20, 'best_score': 0.2333754301071167}, {'epoch': 21, 'best_score': 0.2415703535079956}, {'epoch': 22, 'best_score': 0.24226534366607666}, {'epoch': 23, 'best_score': 0.24907034635543823}, {'epoch': 24, 'best_score': 0.24796026945114136}, {'epoch': 25, 'best_score': 0.24615520238876343}, {'epoch': 26, 'best_score': 0.24907034635543823}, {'epoch': 27, 'best_score': 0.24726533889770508}, {'epoch': 28, 'best_score': 0.2415703535079956}, {'epoch': 29, 'best_score': 0.23837542533874512}, {'epoch': 30, 'best_score': 0.24198555946350098}, {'epoch': 31, 'best_score': 0.23837542533874512}, {'epoch': 32, 'best_score': 0.2358754277229309}, {'epoch': 33, 'best_score': 0.2301805019378662}, {'epoch': 34, 'best_score': 0.22698557376861572}, {'epoch': 35, 'best_score': 0.22698557376861572}, {'epoch': 36, 'best_score': 0.22462093830108643}, {'epoch': 37, 'best_score': 0.22642600536346436}, {'epoch': 38, 'best_score': 0.2250361442565918}, {'epoch': 39, 'best_score': 0.22614622116088867}, {'epoch': 40, 'best_score': 0.22614622116088867}, {'epoch': 41, 'best_score': 0.22295129299163818}, {'epoch': 42, 'best_score': 0.217951238155365}, {'epoch': 43, 'best_score': 0.21906137466430664}, {'epoch': 44, 'best_score': 0.22017145156860352}, {'epoch': 45, 'best_score': 0.21947652101516724}, {'epoch': 46, 'best_score': 0.21697652339935303}, {'epoch': 47, 'best_score': 0.21697652339935303}, {'epoch': 48, 'best_score': 0.2180866003036499}, {'epoch': 49, 'best_score': 0.22308659553527832}]",domainnet,3,DANN,PCA16,128.0,0.8096050024032593,0.8096050024032593,0.4719189405441284,0.46562090516090393,splits_domainnet_DANN_3_0_b09dc755c62e.npz,b09dc755c62e,False,False,0.23266563944530047,0.6733436055469953,0.16396658968077038,,,,0.7446274911059899,all_pca,PCA16,IW residual DIS2 | W=2 | seed=0 (plug-in),True,
iw_residual_dis2,2.0,0.0,28152.0,9910.0,7040.0,2478.0,0.8025568181818181,0.0,1.0,0.8057780265808105,0.5,0.5,0.5786583423614502,0.24325630068778992,111.0,60.0,66.0,26.0,0.20406187344189777,0.023405972558514933,6948.0,92.0,2420.0,58.0,ok,plugin,False,,6915.229862713157,6314.15193011652,1.9999662533416755,0.9566879370859209,1.598438955844823,0.7413793103448276,0.005140892023721796,0.20920276546561956,0.7907972345343804,0.7907972345343804,False,47.0,0.0,0.28554779291152954,0.560606062412262,0.8461538553237915,"[{'epoch': 0, 'best_score': 0.015151500701904297}, {'epoch': 1, 'best_score': 0.030303001403808594}, {'epoch': 2, 'best_score': 0.030303001403808594}, {'epoch': 3, 'best_score': 0.030303001403808594}, {'epoch': 4, 'best_score': 0.06060606241226196}, {'epoch': 5, 'best_score': 0.07575756311416626}, {'epoch': 6, 'best_score': 0.07575756311416626}, {'epoch': 7, 'best_score': 0.10606062412261963}, {'epoch': 8, 'best_score': 0.10606062412261963}, {'epoch': 9, 'best_score': 0.10606062412261963}, {'epoch': 10, 'best_score': 0.10606062412261963}, {'epoch': 11, 'best_score': 0.10606062412261963}, {'epoch': 12, 'best_score': 0.08275055885314941}, {'epoch': 13, 'best_score': 0.09090906381607056}, {'epoch': 14, 'best_score': 0.09090906381607056}, {'epoch': 15, 'best_score': 0.09090906381607056}, {'epoch': 16, 'best_score': 0.12121212482452393}, {'epoch': 17, 'best_score': 0.08974361419677734}, {'epoch': 18, 'best_score': 0.12820512056350708}, {'epoch': 19, 'best_score': 0.14335662126541138}, {'epoch': 20, 'best_score': 0.15850812196731567}, {'epoch': 21, 'best_score': 0.17365962266921997}, {'epoch': 22, 'best_score': 0.13519811630249023}, {'epoch': 23, 'best_score': 0.1655011773109436}, {'epoch': 24, 'best_score': 0.1806526780128479}, {'epoch': 25, 'best_score': 0.1958041787147522}, {'epoch': 26, 'best_score': 0.21095573902130127}, {'epoch': 27, 'best_score': 0.21095573902130127}, {'epoch': 28, 'best_score': 0.22610723972320557}, {'epoch': 29, 'best_score': 0.20279717445373535}, {'epoch': 30, 'best_score': 0.21794867515563965}, {'epoch': 31, 'best_score': 0.23310023546218872}, {'epoch': 32, 'best_score': 0.20979022979736328}, {'epoch': 33, 'best_score': 0.24009323120117188}, {'epoch': 34, 'best_score': 0.24009323120117188}, {'epoch': 35, 'best_score': 0.25524479150772095}, {'epoch': 36, 'best_score': 0.25524479150772095}, {'epoch': 37, 'best_score': 0.25524479150772095}, {'epoch': 38, 'best_score': 0.25524479150772095}, {'epoch': 39, 'best_score': 0.25524479150772095}, {'epoch': 40, 'best_score': 0.25524479150772095}, {'epoch': 41, 'best_score': 0.25524479150772095}, {'epoch': 42, 'best_score': 0.22494173049926758}, {'epoch': 43, 'best_score': 0.24009323120117188}, {'epoch': 44, 'best_score': 0.24009323120117188}, {'epoch': 45, 'best_score': 0.24009323120117188}, {'epoch': 46, 'best_score': 0.27039629220962524}, {'epoch': 47, 'best_score': 0.28554779291152954}, {'epoch': 48, 'best_score': 0.28554779291152954}, {'epoch': 49, 'best_score': 0.27039629220962524}]",domainnet,1,CDANN,PCA16,16.0,0.8055910468101501,0.8055910468101501,0.5121089816093445,0.5205811262130737,splits_domainnet_CDANN_1_0_b09dc755c62e.npz,b09dc755c62e,False,False,0.13043478260869565,0.6521739130434783,0.08920539730134935,,,,0.7907972345343804,all_pca,PCA16,IW residual DIS2 | W=2 | seed=0 (plug-in),True,
iw_residual_dis2,2.0,0.0,28152.0,14207.0,7040.0,3553.0,0.8004261363636364,0.0,1.0,1.1073838472366333,0.5,0.5,0.5584344863891602,0.24557411670684814,21.0,20.0,12.0,12.0,0.20749185855960112,0.007036307345904869,7024.0,16.0,3528.0,25.0,ok,plugin,False,,6995.293570296432,6588.394961538198,1.977806137524464,0.9697719293005445,1.4614530994969481,0.92,0.005154095130875317,0.21264595369047642,0.7873540463095235,0.7873540463095235,False,22.0,22.0,0.3333333730697632,0.5833333134651184,0.9166666865348816,"[{'epoch': 0, 'best_score': 0.0}, {'epoch': 1, 'best_score': 0.0}, {'epoch': 2, 'best_score': 0.0}, {'epoch': 3, 'best_score': 0.0}, {'epoch': 4, 'best_score': 0.0}, {'epoch': 5, 'best_score': 0.0}, {'epoch': 6, 'best_score': 0.08333331346511841}, {'epoch': 7, 'best_score': 0.08333331346511841}, {'epoch': 8, 'best_score': 0.08333331346511841}, {'epoch': 9, 'best_score': 0.1666666865348816}, {'epoch': 10, 'best_score': 0.1666666865348816}, {'epoch': 11, 'best_score': 0.1666666865348816}, {'epoch': 12, 'best_score': 0.1666666865348816}, {'epoch': 13, 'best_score': 0.08333337306976318}, {'epoch': 14, 'best_score': 0.08333337306976318}, {'epoch': 15, 'best_score': 0.1666666865348816}, {'epoch': 16, 'best_score': 0.1666666865348816}, {'epoch': 17, 'best_score': 0.1666666865348816}, {'epoch': 18, 'best_score': 0.1666666865348816}, {'epoch': 19, 'best_score': 0.1666666865348816}, {'epoch': 20, 'best_score': 0.1666666865348816}, {'epoch': 21, 'best_score': 0.1666666865348816}, {'epoch': 22, 'best_score': 0.3333333730697632}, {'epoch': 23, 'best_score': 0.3333333730697632}, {'epoch': 24, 'best_score': 0.25}, {'epoch': 25, 'best_score': 0.25}, {'epoch': 26, 'best_score': 0.25}, {'epoch': 27, 'best_score': 0.25}, {'epoch': 28, 'best_score': 0.25}, {'epoch': 29, 'best_score': 0.25}, {'epoch': 30, 'best_score': 0.25}, {'epoch': 31, 'best_score': 0.25}, {'epoch': 32, 'best_score': 0.25}, {'epoch': 33, 'best_score': 0.25}, {'epoch': 34, 'best_score': 0.25}, {'epoch': 35, 'best_score': 0.25}, {'epoch': 36, 'best_score': 0.25}, {'epoch': 37, 'best_score': 0.25}, {'epoch': 38, 'best_score': 0.25}, {'epoch': 39, 'best_score': 0.3333333730697632}, {'epoch': 40, 'best_score': 0.3333333730697632}, {'epoch': 41, 'best_score': 0.3333333730697632}, {'epoch': 42, 'best_score': 0.3333333730697632}, {'epoch': 43, 'best_score': 0.3333333730697632}, {'epoch': 44, 'best_score': 0.3333333730697632}, {'epoch': 45, 'best_score': 0.3333333730697632}, {'epoch': 46, 'best_score': 0.3333333730697632}, {'epoch': 47, 'best_score': 0.3333333730697632}, {'epoch': 48, 'best_score': 0.3333333730697632}, {'epoch': 49, 'best_score': 0.3333333730697632}]",domainnet,2,CDANN,PCA16,16.0,0.8071539998054504,0.8071539998054504,0.42063772678375244,0.4218969941139221,splits_domainnet_CDANN_2_0_b09dc755c62e.npz,b09dc755c62e,False,False,0.25,0.4375,0.48250000000000004,,,,0.7873540463095235,all_pca,PCA16,IW residual DIS2 | W=2 | seed=0 (plug-in),True,
iw_residual_dis2,2.0,0.0,28152.0,15295.0,7040.0,3825.0,0.8063920454545455,0.0,1.0,0.9855660200119019,0.5,0.5,0.5860395431518555,0.2392646074295044,227.0,261.0,141.0,110.0,0.17751956574181332,0.05751633986928104,6845.0,195.0,3605.0,220.0,ok,plugin,False,,6607.305889683382,5990.64667993995,1.9974436681899546,0.9122302497781044,1.6596510473506207,0.8863636363636364,0.013815987933634989,0.1913355536754483,0.8086644463245517,0.8086644463245517,False,49.0,0.0,0.18168920278549194,0.7092198729515076,0.8909090757369995,"[{'epoch': 0, 'best_score': 0.014184415340423584}, {'epoch': 1, 'best_score': 0.014184415340423584}, {'epoch': 2, 'best_score': 0.014184415340423584}, {'epoch': 3, 'best_score': 0.019277870655059814}, {'epoch': 4, 'best_score': 0.019277870655059814}, {'epoch': 5, 'best_score': 0.014184415340423584}, {'epoch': 6, 'best_score': 0.02127659320831299}, {'epoch': 7, 'best_score': 0.019277870655059814}, {'epoch': 8, 'best_score': 0.029464900493621826}, {'epoch': 9, 'best_score': 0.043649256229400635}, {'epoch': 10, 'best_score': 0.050741493701934814}, {'epoch': 11, 'best_score': 0.050741493701934814}, {'epoch': 12, 'best_score': 0.050741493701934814}, {'epoch': 13, 'best_score': 0.050741493701934814}, {'epoch': 14, 'best_score': 0.07911026477813721}, {'epoch': 15, 'best_score': 0.07001930475234985}, {'epoch': 16, 'best_score': 0.0518375039100647}, {'epoch': 17, 'best_score': 0.05983239412307739}, {'epoch': 18, 'best_score': 0.05783367156982422}, {'epoch': 19, 'best_score': 0.05983239412307739}, {'epoch': 20, 'best_score': 0.07711154222488403}, {'epoch': 21, 'best_score': 0.09838813543319702}, {'epoch': 22, 'best_score': 0.10548031330108643}, {'epoch': 23, 'best_score': 0.11966472864151001}, {'epoch': 24, 'best_score': 0.11766600608825684}, {'epoch': 25, 'best_score': 0.11166989803314209}, {'epoch': 26, 'best_score': 0.12076079845428467}, {'epoch': 27, 'best_score': 0.1167634129524231}, {'epoch': 28, 'best_score': 0.13804000616073608}, {'epoch': 29, 'best_score': 0.13804000616073608}, {'epoch': 30, 'best_score': 0.1451321840286255}, {'epoch': 31, 'best_score': 0.1522243618965149}, {'epoch': 32, 'best_score': 0.14313346147537231}, {'epoch': 33, 'best_score': 0.1502256989479065}, {'epoch': 34, 'best_score': 0.13913601636886597}, {'epoch': 35, 'best_score': 0.1238555908203125}, {'epoch': 36, 'best_score': 0.14603477716445923}, {'epoch': 37, 'best_score': 0.14603477716445923}, {'epoch': 38, 'best_score': 0.13694387674331665}, {'epoch': 39, 'best_score': 0.15112829208374023}, {'epoch': 40, 'best_score': 0.15112829208374023}, {'epoch': 41, 'best_score': 0.16531270742416382}, {'epoch': 42, 'best_score': 0.15822046995162964}, {'epoch': 43, 'best_score': 0.1573178768157959}, {'epoch': 44, 'best_score': 0.1573178768157959}, {'epoch': 45, 'best_score': 0.15622180700302124}, {'epoch': 46, 'best_score': 0.16041260957717896}, {'epoch': 47, 'best_score': 0.16750484704971313}, {'epoch': 48, 'best_score': 0.16750484704971313}, {'epoch': 49, 'best_score': 0.18168920278549194}]",domainnet,3,CDANN,PCA16,16.0,0.8074381947517395,0.8074381947517395,0.49369075894355774,0.48549020290374756,splits_domainnet_CDANN_3_0_b09dc755c62e.npz,b09dc755c62e,False,False,0.09743589743589744,0.7435897435897436,0.14277389277389274,,,,0.8086644463245517,all_pca,PCA16,IW residual DIS2 | W=2 | seed=0 (plug-in),True,
iw_residual_dis2,2.0,0.0,1700.0,8804.0,425.0,2203.0,0.8658823529411764,0.0,1.0,1.7556841373443604,0.5,0.5,0.542580246925354,0.24635395407676697,,,,,0.14887826072085475,0.0,423.0,2.0,2203.0,0.0,ok,plugin,False,,436.9339987790805,398.20478743287276,1.7413844626180133,1.0158744349792717,1.4959002729336952,,0.0,0.14887826072085475,0.8511217392791453,0.8511217392791453,False,,,,,,,living17,1,DANN,PCA16,32.0,0.8994117379188538,0.8994117379188538,0.6758291721343994,0.6876986026763916,splits_living17_DANN_1_0_b09dc755c62e.npz,b09dc755c62e,False,False,,,,,,,0.8511217392791453,all_pca,PCA16,IW residual DIS2 | W=2 | seed=0 (plug-in),True,
iw_residual_dis2,2.0,0.0,1700.0,68.0,425.0,19.0,0.8823529411764706,0.0,1.0,54.598148345947266,0.5,0.5,0.43627452850341797,0.2515197694301605,,,,,0.11451294740467809,0.0,425.0,0.0,19.0,0.0,ok,plugin,False,,416.8511923967444,424.5370416882886,1.0783293905724383,0.9827779369505221,1.0307119522002555,,0.0,0.11451294740467809,0.8854870525953219,0.8854870525953219,False,,,,,,,living17,2,DANN,PCA16,32.0,0.9094117283821106,0.9094117283821106,0.8970588445663452,0.8421052694320679,splits_living17_DANN_2_0_b09dc755c62e.npz,b09dc755c62e,True,False,,,,,,,0.8854870525953219,all_pca,PCA16,IW residual DIS2 | W=2 | seed=0 (plug-in),True,
iw_residual_dis2,2.0,0.0,1700.0,68.0,425.0,19.0,0.8894117647058823,0.0,1.0,2.8428101539611816,0.5,0.5,0.5823529362678528,0.23339936137199402,,,,,0.0947272481020639,0.0,412.0,13.0,19.0,0.0,ok,plugin,False,,320.07311039360934,332.88852542234383,1.9940210612466625,0.7115229863424366,1.471600536351711,,0.0,0.0947272481020639,0.9052727518979361,0.9052727518979361,False,,,,,,,living17,3,DANN,PCA16,32.0,0.9052940607070923,0.9052940607070923,0.5882353186607361,0.6842105388641357,splits_living17_DANN_3_0_b09dc755c62e.npz,b09dc755c62e,False,False,,,,,,,0.9052727518979361,all_pca,PCA16,IW residual DIS2 | W=2 | seed=0 (plug-in),True,
iw_residual_dis2,2.0,0.0,1700.0,8804.0,425.0,2203.0,0.8894117647058823,0.0,1.0,11.234490394592285,0.5,0.5,0.5038435459136963,0.24995318055152893,,,,,0.11132520366709787,0.0,425.0,0.0,2203.0,0.0,ok,plugin,False,,426.1764651755972,424.6651758998108,1.108588159761507,1.0032456655910096,1.0536792292448984,,0.0,0.11132520366709787,0.8886747963329021,0.8886747963329021,False,,,,,,,living17,1,CDANN,PCA16,16.0,0.9052940607070923,0.9052940607070923,0.6863925457000732,0.6981388926506042,splits_living17_CDANN_1_0_b09dc755c62e.npz,b09dc755c62e,False,False,,,,,,,0.8886747963329021,all_pca,PCA16,IW residual DIS2 | W=2 | seed=0 (plug-in),True,
iw_residual_dis2,2.0,0.0,1700.0,68.0,425.0,19.0,0.8917647058823529,0.0,1.0,54.598148345947266,0.5,0.5,0.43039217591285706,0.25119367241859436,,,,,0.10632536910096663,0.0,425.0,0.0,19.0,0.0,ok,plugin,False,,419.3229029910034,424.7703348545925,1.0633595244974046,0.9872733318325283,1.0230529909637331,,0.0,0.10632536910096663,0.8936746308990333,0.8936746308990333,False,,,,,,,living17,2,CDANN,PCA16,16.0,0.9094117283821106,0.9094117283821106,0.8676470518112183,0.8421052694320679,splits_living17_CDANN_2_0_b09dc755c62e.npz,b09dc755c62e,False,False,,,,,,,0.8936746308990333,all_pca,PCA16,IW residual DIS2 | W=2 | seed=0 (plug-in),True,
iw_residual_dis2,2.0,0.0,1700.0,68.0,425.0,19.0,0.8823529411764706,0.0,1.0,54.598148345947266,0.5,0.5,0.5529412031173706,0.250253826379776,,,,,0.11614479635731234,0.0,425.0,0.0,19.0,0.0,ok,plugin,False,,421.2992234361888,424.7725416176588,1.0596091482735344,0.9903270907328022,1.0305159806024633,,0.0,0.11614479635731234,0.8838552036426877,0.8838552036426877,False,,,,,,,living17,3,CDANN,PCA16,16.0,0.9052940607070923,0.9052940607070923,0.5588235259056091,0.6315789222717285,splits_living17_CDANN_3_0_b09dc755c62e.npz,b09dc755c62e,False,False,,,,,,,0.8838552036426877,all_pca,PCA16,IW residual DIS2 | W=2 | seed=0 (plug-in),True,
iw_residual_dis2,2.0,0.0,2600.0,13282.0,650.0,3322.0,0.8046153846153846,0.0,1.0,1.8705928325653076,0.5,0.5,0.5271199941635132,0.24791109561920166,,,,,0.1997293834143058,0.0,650.0,0.0,3322.0,0.0,ok,plugin,False,,656.1320804178796,628.1284735594429,1.8340438260727727,1.0090928135634605,1.3306244189418384,,0.0,0.1997293834143058,0.8002706165856942,0.8002706165856942,False,,,,,,,nonliving26,1,DANN,PCA16,32.0,0.8126922845840454,0.8126922845840454,0.5122722387313843,0.5192654728889465,splits_nonliving26_DANN_1_0_b09dc755c62e.npz,b09dc755c62e,False,False,,,,,,,0.8002706165856942,all_pca,PCA16,IW residual DIS2 | W=2 | seed=0 (plug-in),True,
iw_residual_dis2,2.0,0.0,2600.0,104.0,650.0,28.0,0.8292307692307692,0.0,1.0,54.598148345947266,0.5,0.5,0.49038460850715637,0.25078919529914856,,,,,0.1692424269713064,0.0,650.0,0.0,28.0,0.0,ok,plugin,False,,642.8750289400792,649.5221367459072,1.0909149097326458,0.9903311630798759,1.0321451364298244,,0.0,0.1692424269713064,0.8307575730286936,0.8307575730286936,False,,,,,,,nonliving26,2,DANN,PCA16,32.0,0.8176922798156738,0.8176922798156738,0.75,0.7142857313156128,splits_nonliving26_DANN_2_0_b09dc755c62e.npz,b09dc755c62e,False,False,,,,,,,0.8307575730286936,all_pca,PCA16,IW residual DIS2 | W=2 | seed=0 (plug-in),True,
iw_residual_dis2,2.0,0.0,2600.0,104.0,650.0,28.0,0.8246153846153846,0.0,1.0,54.598148345947266,0.5,0.5,0.5846153497695923,0.2500826120376587,,,,,0.1744500978468593,0.0,650.0,0.0,28.0,0.0,ok,plugin,False,,642.7942988420277,649.5105223639654,1.077010508641531,0.9907818518753537,1.03220182586773,,0.0,0.1744500978468593,0.8255499021531407,0.8255499021531407,False,,,,,,,nonliving26,3,DANN,PCA16,32.0,0.8146153688430786,0.8146153688430786,0.4038461744785309,0.3214285969734192,splits_nonliving26_DANN_3_0_b09dc755c62e.npz,b09dc755c62e,False,False,,,,,,,0.8255499021531407,all_pca,PCA16,IW residual DIS2 | W=2 | seed=0 (plug-in),True,
iw_residual_dis2,2.0,0.0,2600.0,13282.0,650.0,3322.0,0.8169230769230769,0.0,1.0,2.225142002105713,0.5,0.5,0.5188658237457275,0.24915578961372375,,,,,0.18743840450452584,0.0,650.0,0.0,3322.0,0.0,ok,plugin,False,,658.6287537648701,640.7451115170014,1.7989606393954025,1.0014765338070841,1.2116177738275211,,0.0,0.18743840450452584,0.8125615954954741,0.8125615954954741,False,,,,,,,nonliving26,1,CDANN,PCA16,16.0,0.8176922798156738,0.8176922798156738,0.5332028269767761,0.5352197289466858,splits_nonliving26_CDANN_1_0_b09dc755c62e.npz,b09dc755c62e,False,False,,,,,,,0.8125615954954741,all_pca,PCA16,IW residual DIS2 | W=2 | seed=0 (plug-in),True,
iw_residual_dis2,2.0,0.0,2600.0,104.0,650.0,28.0,0.8138461538461539,0.0,1.0,54.598148345947266,0.5,0.5,0.42692306637763977,0.25077518820762634,,,,,0.18479987164053666,0.0,650.0,0.0,28.0,0.0,ok,plugin,False,,646.0129617260495,649.7304070928583,1.080641531400773,0.9927082481442953,1.0266020425441922,,0.0,0.18479987164053666,0.8152001283594633,0.8152001283594633,False,,,,,,,nonliving26,2,CDANN,PCA16,16.0,0.8165384531021118,0.8165384531021118,0.7692307829856873,0.7500000596046448,splits_nonliving26_CDANN_2_0_b09dc755c62e.npz,b09dc755c62e,False,False,,,,,,,0.8152001283594633,all_pca,PCA16,IW residual DIS2 | W=2 | seed=0 (plug-in),True,
iw_residual_dis2,2.0,0.0,2600.0,104.0,650.0,28.0,0.8123076923076923,0.0,1.0,54.598148345947266,0.5,0.5,0.3711538314819336,0.2507491409778595,,,,,0.18583715177214885,0.0,650.0,0.0,28.0,0.0,ok,plugin,False,,646.1332275860941,649.7569201053267,1.0409941480374139,0.9939167842735293,1.0247469487098617,,0.0,0.18583715177214885,0.8141628482278511,0.8141628482278511,False,,,,,,,nonliving26,3,CDANN,PCA16,16.0,0.822692334651947,0.822692334651947,0.4038461744785309,0.3214285969734192,splits_nonliving26_CDANN_3_0_b09dc755c62e.npz,b09dc755c62e,False,False,,,,,,,0.8141628482278511,all_pca,PCA16,IW residual DIS2 | W=2 | seed=0 (plug-in),True,
iw_residual_dis2,2.0,0.0,11745.0,35070.0,2938.0,8768.0,0.6388699795779442,0.0,1.0,1.5888513326644897,0.5,0.5,0.544959545135498,0.24721282720565796,,,,,0.3539122605712489,0.00011405109489051095,2938.0,0.0,8767.0,1.0,unsupported_residual_source_region,plugin,False,,2935.8256945233097,2807.0295390784704,1.8185916428567916,0.9932292027945433,1.3601439258361288,,,,,,,,,,,,,fmow,1,DANN,PCA16,64.0,0.6519370079040527,0.6519370079040527,0.6103222370147705,0.6077782511711121,splits_fmow_DANN_1_0_b09dc755c62e.npz,b09dc755c62e,,,,,,,,,,all_pca,PCA16,IW residual DIS2 | W=2 | seed=0 (plug-in),False,
iw_residual_dis2,2.0,0.0,11745.0,39088.0,2938.0,9774.0,0.6344452008168822,0.0,1.0,1.3736965656280518,0.5,0.5,0.5599842071533203,0.24434760212898254,8.0,82.0,6.0,38.0,0.37104154072746537,0.006752608962553714,2932.0,6.0,9708.0,66.0,ok,plugin,False,,2931.3016767253716,2689.07959813662,1.9806548366103434,0.9728072107364225,1.546304415569088,0.9393939393939394,0.002967055453243298,0.37400859618070864,0.6259914038192913,0.6259914038192913,False,15.0,14.0,0.3333333134651184,0.6666666865348816,1.0,"[{'epoch': 0, 'best_score': 0.1666666865348816}, {'epoch': 1, 'best_score': 0.1666666865348816}, {'epoch': 2, 'best_score': 0.1666666865348816}, {'epoch': 3, 'best_score': 0.3070175051689148}, {'epoch': 4, 'best_score': 0.3070175051689148}, {'epoch': 5, 'best_score': 0.1666666865348816}, {'epoch': 6, 'best_score': 0.1666666865348816}, {'epoch': 7, 'best_score': 0.1666666865348816}, {'epoch': 8, 'best_score': 0.1666666865348816}, {'epoch': 9, 'best_score': 0.1666666865348816}, {'epoch': 10, 'best_score': 0.1666666865348816}, {'epoch': 11, 'best_score': 0.1666666865348816}, {'epoch': 12, 'best_score': 0.1666666865348816}, {'epoch': 13, 'best_score': 0.3070175051689148}, {'epoch': 14, 'best_score': 0.3070175051689148}, {'epoch': 15, 'best_score': 0.3333333134651184}, {'epoch': 16, 'best_score': 0.3333333134651184}, {'epoch': 17, 'best_score': 0.3333333134651184}, {'epoch': 18, 'best_score': 0.3333333134651184}, {'epoch': 19, 'best_score': 0.3333333134651184}, {'epoch': 20, 'best_score': 0.3333333134651184}, {'epoch': 21, 'best_score': 0.3333333134651184}, {'epoch': 22, 'best_score': 0.3333333134651184}, {'epoch': 23, 'best_score': 0.3333333134651184}, {'epoch': 24, 'best_score': 0.3333333134651184}, {'epoch': 25, 'best_score': 0.3333333134651184}, {'epoch': 26, 'best_score': 0.3333333134651184}, {'epoch': 27, 'best_score': 0.3333333134651184}, {'epoch': 28, 'best_score': 0.3333333134651184}, {'epoch': 29, 'best_score': 0.3333333134651184}, {'epoch': 30, 'best_score': 0.3333333134651184}, {'epoch': 31, 'best_score': 0.1666666865348816}, {'epoch': 32, 'best_score': 0.1666666865348816}, {'epoch': 33, 'best_score': 0.1666666865348816}, {'epoch': 34, 'best_score': 0.1666666865348816}, {'epoch': 35, 'best_score': 0.1666666865348816}, {'epoch': 36, 'best_score': 0.1666666865348816}, {'epoch': 37, 'best_score': 0.1666666865348816}, {'epoch': 38, 'best_score': 0.1666666865348816}, {'epoch': 39, 'best_score': 0.1666666865348816}, {'epoch': 40, 'best_score': 0.1666666865348816}, {'epoch': 41, 'best_score': 0.1666666865348816}, {'epoch': 42, 'best_score': 0.1666666865348816}, {'epoch': 43, 'best_score': 0.1666666865348816}, {'epoch': 44, 'best_score': 0.14035087823867798}, {'epoch': 45, 'best_score': 0.14035087823867798}, {'epoch': 46, 'best_score': 0.14035087823867798}, {'epoch': 47, 'best_score': 0.14035087823867798}, {'epoch': 48, 'best_score': 0.14035087823867798}, {'epoch': 49, 'best_score': 0.1666666865348816}]",fmow,2,DANN,PCA16,64.0,0.6504895687103271,0.6504895687103271,0.5482756495475769,0.5545324683189392,splits_fmow_DANN_2_0_b09dc755c62e.npz,b09dc755c62e,False,False,0.3333333333333333,0.8333333333333334,0.10606060606060608,,,,0.6259914038192913,all_pca,PCA16,IW residual DIS2 | W=2 | seed=0 (plug-in),True,
iw_residual_dis2,2.0,0.0,11745.0,35070.0,2938.0,8768.0,0.6466984343090538,0.0,1.0,1.2915681600570679,0.5,0.5,0.532844603061676,0.24822965264320374,,,,,0.33976449770032763,0.0,2938.0,0.0,8768.0,0.0,ok,plugin,False,,2913.7729922953617,2850.4832668835875,1.6256422815327425,0.988244529525701,1.2795154866074976,,0.0,0.33976449770032763,0.6602355022996724,0.6602355022996724,False,,,,,,,fmow,1,CDANN,PCA16,16.0,0.6558535695075989,0.6558535695075989,0.605617344379425,0.6010492444038391,splits_fmow_CDANN_1_0_b09dc755c62e.npz,b09dc755c62e,False,False,,,,,,,0.6602355022996724,all_pca,PCA16,IW residual DIS2 | W=2 | seed=0 (plug-in),True,
iw_residual_dis2,2.0,0.0,11745.0,39088.0,2938.0,9774.0,0.6446562287270252,0.0,1.0,1.1035517454147339,0.5,0.5,0.542487621307373,0.24726101756095886,4.0,10.0,2.0,2.0,0.3537706771984854,0.0010231225700838961,2936.0,2.0,9764.0,10.0,ok,plugin,False,,2916.489130926305,2804.9343578041444,1.9402410455929437,0.9767095290800638,1.3782697481787483,1.0,0.0,0.3537706771984854,0.6462293228015146,0.6462293228015146,False,4.0,5.0,0.5,0.5,1.0,"[{'epoch': 0, 'best_score': 0.0}, {'epoch': 1, 'best_score': 0.0}, {'epoch': 2, 'best_score': 0.0}, {'epoch': 3, 'best_score': 0.0}, {'epoch': 4, 'best_score': 0.5}, {'epoch': 5, 'best_score': 0.5}, {'epoch': 6, 'best_score': 0.5}, {'epoch': 7, 'best_score': 0.5}, {'epoch': 8, 'best_score': 0.5}, {'epoch': 9, 'best_score': 0.5}, {'epoch': 10, 'best_score': 0.5}, {'epoch': 11, 'best_score': 0.5}, {'epoch': 12, 'best_score': 0.5}, {'epoch': 13, 'best_score': 0.5}, {'epoch': 14, 'best_score': 0.5}, {'epoch': 15, 'best_score': 0.5}, {'epoch': 16, 'best_score': 0.5}, {'epoch': 17, 'best_score': 0.5}, {'epoch': 18, 'best_score': 0.5}, {'epoch': 19, 'best_score': 0.5}, {'epoch': 20, 'best_score': 0.5}, {'epoch': 21, 'best_score': 0.5}, {'epoch': 22, 'best_score': 0.5}, {'epoch': 23, 'best_score': 0.5}, {'epoch': 24, 'best_score': 0.5}, {'epoch': 25, 'best_score': 0.5}, {'epoch': 26, 'best_score': 0.5}, {'epoch': 27, 'best_score': 0.5}, {'epoch': 28, 'best_score': 0.5}, {'epoch': 29, 'best_score': 0.5}, {'epoch': 30, 'best_score': 0.0}, {'epoch': 31, 'best_score': 0.0}, {'epoch': 32, 'best_score': 0.0}, {'epoch': 33, 'best_score': 0.0}, {'epoch': 34, 'best_score': 0.0}, {'epoch': 35, 'best_score': 0.0}, {'epoch': 36, 'best_score': 0.0}, {'epoch': 37, 'best_score': 0.0}, {'epoch': 38, 'best_score': 0.0}, {'epoch': 39, 'best_score': 0.0}, {'epoch': 40, 'best_score': 0.0}, {'epoch': 41, 'best_score': 0.0}, {'epoch': 42, 'best_score': 0.0}, {'epoch': 43, 'best_score': 0.0}, {'epoch': 44, 'best_score': 0.0}, {'epoch': 45, 'best_score': 0.0}, {'epoch': 46, 'best_score': 0.0}, {'epoch': 47, 'best_score': 0.0}, {'epoch': 48, 'best_score': 0.0}, {'epoch': 49, 'best_score': 0.0}]",fmow,2,CDANN,PCA16,16.0,0.6548318862915039,0.6548318862915039,0.5420845150947571,0.5445058345794678,splits_fmow_CDANN_2_0_b09dc755c62e.npz,b09dc755c62e,False,False,0.0,1.0,0.0,,,,0.6462293228015146,all_pca,PCA16,IW residual DIS2 | W=2 | seed=0 (plug-in),True,
iw_residual_dis2,2.0,0.0,731.0,898.0,184.0,227.0,0.9239130434782609,0.0,1.0,27.657922744750977,0.5,0.5,0.5223949551582336,0.24969831109046936,,,,,0.07510671820227982,0.0,184.0,0.0,227.0,0.0,ok,plugin,False,,182.33751725141553,183.02029291196337,1.2069038185484167,0.9831716634499583,1.1309239149829822,,0.0,0.07510671820227982,0.9248932817977202,0.9248932817977202,False,,,,,,,officehome,1,DANN,PCA16,128.0,0.922024667263031,0.922024667263031,0.7193763852119446,0.7268722057342529,splits_officehome_DANN_1_0_b09dc755c62e.npz,b09dc755c62e,False,False,,,,,,,0.9248932817977202,all_pca,PCA16,IW residual DIS2 | W=2 | seed=0 (plug-in),True,
iw_residual_dis2,2.0,0.0,731.0,893.0,184.0,226.0,0.9021739130434783,0.0,1.0,4.726238250732422,0.5,0.5,0.5659534931182861,0.24325035512447357,3.0,5.0,1.0,5.0,0.09135082565427737,0.008849557522123894,182.0,2.0,224.0,2.0,ok,plugin,False,,172.65087373653466,166.82657266391735,1.923072900730682,0.889237797946675,1.4799991085065751,1.0,0.004424778761061947,0.0957756044153393,0.9042243955846607,0.9042243955846607,False,0.0,0.0,0.0,1.0,1.0,"[{'epoch': 0, 'best_score': 0.0}, {'epoch': 1, 'best_score': 0.0}, {'epoch': 2, 'best_score': 0.0}, {'epoch': 3, 'best_score': 0.0}, {'epoch': 4, 'best_score': 0.0}, {'epoch': 5, 'best_score': 0.0}, {'epoch': 6, 'best_score': 0.0}, {'epoch': 7, 'best_score': 0.0}, {'epoch': 8, 'best_score': 0.0}, {'epoch': 9, 'best_score': 0.0}, {'epoch': 10, 'best_score': 0.0}, {'epoch': 11, 'best_score': 0.0}, {'epoch': 12, 'best_score': 0.0}, {'epoch': 13, 'best_score': 0.0}, {'epoch': 14, 'best_score': 0.0}, {'epoch': 15, 'best_score': 0.0}, {'epoch': 16, 'best_score': 0.0}, {'epoch': 17, 'best_score': 0.0}, {'epoch': 18, 'best_score': 0.0}, {'epoch': 19, 'best_score': 0.0}, {'epoch': 20, 'best_score': 0.0}, {'epoch': 21, 'best_score': 0.0}, {'epoch': 22, 'best_score': 0.0}, {'epoch': 23, 'best_score': 0.0}, {'epoch': 24, 'best_score': 0.0}, {'epoch': 25, 'best_score': 0.0}, {'epoch': 26, 'best_score': 0.0}, {'epoch': 27, 'best_score': 0.0}, {'epoch': 28, 'best_score': 0.0}, {'epoch': 29, 'best_score': 0.0}, {'epoch': 30, 'best_score': 0.0}, {'epoch': 31, 'best_score': 0.0}, {'epoch': 32, 'best_score': 0.0}, {'epoch': 33, 'best_score': 0.0}, {'epoch': 34, 'best_score': 0.0}, {'epoch': 35, 'best_score': 0.0}, {'epoch': 36, 'best_score': 0.0}, {'epoch': 37, 'best_score': 0.0}, {'epoch': 38, 'best_score': 0.0}, {'epoch': 39, 'best_score': 0.0}, {'epoch': 40, 'best_score': 0.0}, {'epoch': 41, 'best_score': 0.0}, {'epoch': 42, 'best_score': 0.0}, {'epoch': 43, 'best_score': 0.0}, {'epoch': 44, 'best_score': 0.0}, {'epoch': 45, 'best_score': 0.0}, {'epoch': 46, 'best_score': 0.0}, {'epoch': 47, 'best_score': 0.0}, {'epoch': 48, 'best_score': 0.0}, {'epoch': 49, 'best_score': 0.0}]",officehome,2,DANN,PCA16,128.0,0.915184736251831,0.915184736251831,0.44904816150665283,0.45132744312286377,splits_officehome_DANN_2_0_b09dc755c62e.npz,b09dc755c62e,False,False,0.5,1.0,0.0,,,,0.9042243955846607,all_pca,PCA16,IW residual DIS2 | W=2 | seed=0 (plug-in),True,
iw_residual_dis2,2.0,0.0,731.0,507.0,184.0,128.0,0.9130434782608696,0.0,1.0,7.386640548706055,0.5,0.5,0.5935616493225098,0.23377737402915955,13.0,14.0,3.0,4.0,0.07835186465199691,0.09375,177.0,7.0,116.0,12.0,ok,plugin,False,,146.32812168552897,147.87551453150346,1.973737262457052,0.7712958468566586,1.543932060205412,0.9166666666666666,0.01897321428571429,0.0973250789377112,0.9026749210622889,0.9026749210622889,False,6.0,24.0,0.6666666269302368,0.3333333432674408,1.0,"[{'epoch': 0, 'best_score': 0.0}, {'epoch': 1, 'best_score': 0.3333333134651184}, {'epoch': 2, 'best_score': 0.3333333134651184}, {'epoch': 3, 'best_score': 0.3333333134651184}, {'epoch': 4, 'best_score': 0.3333333134651184}, {'epoch': 5, 'best_score': 0.3333333134651184}, {'epoch': 6, 'best_score': 0.6666666269302368}, {'epoch': 7, 'best_score': 0.6666666269302368}, {'epoch': 8, 'best_score': 0.6666666269302368}, {'epoch': 9, 'best_score': 0.6666666269302368}, {'epoch': 10, 'best_score': 0.6666666269302368}, {'epoch': 11, 'best_score': 0.3333333134651184}, {'epoch': 12, 'best_score': 0.3333333134651184}, {'epoch': 13, 'best_score': 0.3333333134651184}, {'epoch': 14, 'best_score': 0.3333333134651184}, {'epoch': 15, 'best_score': 0.3333333134651184}, {'epoch': 16, 'best_score': 0.3333333134651184}, {'epoch': 17, 'best_score': 0.3333333134651184}, {'epoch': 18, 'best_score': 0.3333333134651184}, {'epoch': 19, 'best_score': 0.3333333134651184}, {'epoch': 20, 'best_score': 0.3333333134651184}, {'epoch': 21, 'best_score': 0.3333333134651184}, {'epoch': 22, 'best_score': 0.3333333134651184}, {'epoch': 23, 'best_score': 0.3333333134651184}, {'epoch': 24, 'best_score': 0.3333333134651184}, {'epoch': 25, 'best_score': 0.3333333134651184}, {'epoch': 26, 'best_score': 0.3333333134651184}, {'epoch': 27, 'best_score': 0.3333333134651184}, {'epoch': 28, 'best_score': 0.3333333134651184}, {'epoch': 29, 'best_score': 0.3333333134651184}, {'epoch': 30, 'best_score': 0.3333333134651184}, {'epoch': 31, 'best_score': 0.3333333134651184}, {'epoch': 32, 'best_score': 0.3333333134651184}, {'epoch': 33, 'best_score': 0.3333333134651184}, {'epoch': 34, 'best_score': 0.3333333134651184}, {'epoch': 35, 'best_score': 0.3333333134651184}, {'epoch': 36, 'best_score': 0.3333333134651184}, {'epoch': 37, 'best_score': 0.3333333134651184}, {'epoch': 38, 'best_score': 0.3333333134651184}, {'epoch': 39, 'best_score': 0.3333333134651184}, {'epoch': 40, 'best_score': 0.3333333134651184}, {'epoch': 41, 'best_score': 0.3333333134651184}, {'epoch': 42, 'best_score': 0.3333333134651184}, {'epoch': 43, 'best_score': 0.3333333134651184}, {'epoch': 44, 'best_score': 0.3333333134651184}, {'epoch': 45, 'best_score': 0.3333333134651184}, {'epoch': 46, 'best_score': 0.3333333134651184}, {'epoch': 47, 'best_score': 0.3333333134651184}, {'epoch': 48, 'best_score': 0.3333333134651184}, {'epoch': 49, 'best_score': 0.3333333134651184}]",officehome,3,DANN,PCA16,128.0,0.9056087732315063,0.9056087732315063,0.5364891290664673,0.5625,splits_officehome_DANN_3_0_b09dc755c62e.npz,b09dc755c62e,False,False,0.14285714285714285,0.8571428571428571,0.059523809523809534,,,,0.9026749210622889,all_pca,PCA16,IW residual DIS2 | W=2 | seed=0 (plug-in),True,
iw_residual_dis2,2.0,0.0,731.0,898.0,184.0,227.0,0.9130434782608696,0.0,1.0,1.9478014707565308,0.5,0.5,0.5734954476356506,0.242500901222229,5.0,20.0,3.0,5.0,0.08479369311574195,0.05726872246696035,180.0,4.0,214.0,13.0,ok,plugin,False,,164.50377210335256,167.03487169351993,1.790758727009351,0.8725587876393975,1.3722749171673951,0.9230769230769231,-0.004405286343612332,0.08038840677212962,0.9196115932278703,0.9196115932278703,False,0.0,9.0,0.3333333134651184,0.6666666865348816,1.0,"[{'epoch': 0, 'best_score': 0.3333333134651184}, {'epoch': 1, 'best_score': 0.3333333134651184}, {'epoch': 2, 'best_score': 0.3333333134651184}, {'epoch': 3, 'best_score': 0.3333333134651184}, {'epoch': 4, 'best_score': 0.3333333134651184}, {'epoch': 5, 'best_score': 0.3333333134651184}, {'epoch': 6, 'best_score': 0.3333333134651184}, {'epoch': 7, 'best_score': 0.0}, {'epoch': 8, 'best_score': 0.0}, {'epoch': 9, 'best_score': 0.0}, {'epoch': 10, 'best_score': 0.0}, {'epoch': 11, 'best_score': 0.0}, {'epoch': 12, 'best_score': 0.0}, {'epoch': 13, 'best_score': 0.0}, {'epoch': 14, 'best_score': 0.0}, {'epoch': 15, 'best_score': 0.0}, {'epoch': 16, 'best_score': 0.0}, {'epoch': 17, 'best_score': 0.0}, {'epoch': 18, 'best_score': 0.0}, {'epoch': 19, 'best_score': 0.0}, {'epoch': 20, 'best_score': 0.0}, {'epoch': 21, 'best_score': 0.0}, {'epoch': 22, 'best_score': 0.0}, {'epoch': 23, 'best_score': 0.0}, {'epoch': 24, 'best_score': 0.0}, {'epoch': 25, 'best_score': 0.0}, {'epoch': 26, 'best_score': 0.0}, {'epoch': 27, 'best_score': 0.0}, {'epoch': 28, 'best_score': 0.0}, {'epoch': 29, 'best_score': 0.0}, {'epoch': 30, 'best_score': 0.0}, {'epoch': 31, 'best_score': 0.0}, {'epoch': 32, 'best_score': 0.0}, {'epoch': 33, 'best_score': 0.0}, {'epoch': 34, 'best_score': 0.0}, {'epoch': 35, 'best_score': 0.0}, {'epoch': 36, 'best_score': 0.0}, {'epoch': 37, 'best_score': 0.0}, {'epoch': 38, 'best_score': 0.0}, {'epoch': 39, 'best_score': 0.0}, {'epoch': 40, 'best_score': 0.0}, {'epoch': 41, 'best_score': 0.0}, {'epoch': 42, 'best_score': 0.0}, {'epoch': 43, 'best_score': 0.0}, {'epoch': 44, 'best_score': 0.0}, {'epoch': 45, 'best_score': 0.0}, {'epoch': 46, 'best_score': 0.0}, {'epoch': 47, 'best_score': 0.0}, {'epoch': 48, 'best_score': 0.0}, {'epoch': 49, 'best_score': 0.0}]",officehome,1,CDANN,PCA16,16.0,0.9138167500495911,0.9138167500495911,0.730512261390686,0.7488986253738403,splits_officehome_CDANN_1_0_b09dc755c62e.npz,b09dc755c62e,False,False,0.0,1.0,-0.07692307692307687,,,,0.9196115932278703,all_pca,PCA16,IW residual DIS2 | W=2 | seed=0 (plug-in),True,
iw_residual_dis2,2.0,0.0,731.0,893.0,184.0,226.0,0.8913043478260869,0.0,1.0,0.7444320917129517,0.5,0.5,0.6676157712936401,0.20600607991218567,14.0,88.0,13.0,51.0,0.058460551869466276,0.3938053097345133,167.0,17.0,137.0,89.0,ok,plugin,False,,101.50387984680953,121.02801019986605,1.7375600398232485,0.4701181802501066,1.3753581114924536,0.8876404494382022,0.16423737636647578,0.22269792823594206,0.777302071764058,0.777302071764058,False,48.0,5.0,0.5761688947677612,0.38461539149284363,0.9607843160629272,"[{'epoch': 0, 'best_score': 0.13423830270767212}, {'epoch': 1, 'best_score': 0.13423830270767212}, {'epoch': 2, 'best_score': 0.13423830270767212}, {'epoch': 3, 'best_score': 0.13423830270767212}, {'epoch': 4, 'best_score': 0.13423830270767212}, {'epoch': 5, 'best_score': 0.15233784914016724}, {'epoch': 6, 'best_score': 0.13423830270767212}, {'epoch': 7, 'best_score': 0.13423830270767212}, {'epoch': 8, 'best_score': 0.15233784914016724}, {'epoch': 9, 'best_score': 0.22926092147827148}, {'epoch': 10, 'best_score': 0.22926092147827148}, {'epoch': 11, 'best_score': 0.22926092147827148}, {'epoch': 12, 'best_score': 0.22926092147827148}, {'epoch': 13, 'best_score': 0.22926092147827148}, {'epoch': 14, 'best_score': 0.22926092147827148}, {'epoch': 15, 'best_score': 0.30618399381637573}, {'epoch': 16, 'best_score': 0.30618399381637573}, {'epoch': 17, 'best_score': 0.30618399381637573}, {'epoch': 18, 'best_score': 0.30618399381637573}, {'epoch': 19, 'best_score': 0.28657615184783936}, {'epoch': 20, 'best_score': 0.32428354024887085}, {'epoch': 21, 'best_score': 0.32428354024887085}, {'epoch': 22, 'best_score': 0.32428354024887085}, {'epoch': 23, 'best_score': 0.32428354024887085}, {'epoch': 24, 'best_score': 0.40271490812301636}, {'epoch': 25, 'best_score': 0.38310706615448}, {'epoch': 26, 'best_score': 0.38310706615448}, {'epoch': 27, 'best_score': 0.38310706615448}, {'epoch': 28, 'best_score': 0.38310706615448}, {'epoch': 29, 'best_score': 0.38461536169052124}, {'epoch': 30, 'best_score': 0.38461536169052124}, {'epoch': 31, 'best_score': 0.4615384340286255}, {'epoch': 32, 'best_score': 0.4419305920600891}, {'epoch': 33, 'best_score': 0.4419305920600891}, {'epoch': 34, 'best_score': 0.5188536643981934}, {'epoch': 35, 'best_score': 0.4419305920600891}, {'epoch': 36, 'best_score': 0.4419305920600891}, {'epoch': 37, 'best_score': 0.4419305920600891}, {'epoch': 38, 'best_score': 0.4419305920600891}, {'epoch': 39, 'best_score': 0.4419305920600891}, {'epoch': 40, 'best_score': 0.4419305920600891}, {'epoch': 41, 'best_score': 0.45852187275886536}, {'epoch': 42, 'best_score': 0.45852187275886536}, {'epoch': 43, 'best_score': 0.49924585223197937}, {'epoch': 44, 'best_score': 0.535444974899292}, {'epoch': 45, 'best_score': 0.535444974899292}, {'epoch': 46, 'best_score': 0.535444974899292}, {'epoch': 47, 'best_score': 0.535444974899292}, {'epoch': 48, 'best_score': 0.5761688947677612}, {'epoch': 49, 'best_score': 0.5761688947677612}]",officehome,2,CDANN,PCA16,16.0,0.9015048146247864,0.9015048146247864,0.4501679837703705,0.45132744312286377,splits_officehome_CDANN_2_0_b09dc755c62e.npz,b09dc755c62e,False,False,0.23529411764705882,0.7058823529411765,0.18175809649702568,,,,0.777302071764058,all_pca,PCA16,IW residual DIS2 | W=2 | seed=0 (plug-in),True,
iw_residual_dis2,2.0,0.0,731.0,507.0,184.0,128.0,0.9130434782608696,0.0,1.0,0.958997905254364,0.5,0.5,0.7035616636276245,0.19239327311515808,16.0,67.0,8.0,41.0,0.05031431532261117,0.4296875,169.0,15.0,73.0,55.0,ok,plugin,False,,93.38600689059353,104.93528729709251,1.9883234245308572,0.4265117628649008,1.4879465993848817,0.9818181818181818,0.07812500000000003,0.1284393153226112,0.8715606846773888,0.8715606846773888,False,6.0,19.0,0.22560977935791016,0.75,0.9756097793579102,"[{'epoch': 0, 'best_score': 0.125}, {'epoch': 1, 'best_score': 0.125}, {'epoch': 2, 'best_score': 0.125}, {'epoch': 3, 'best_score': 0.125}, {'epoch': 4, 'best_score': 0.125}, {'epoch': 5, 'best_score': 0.125}, {'epoch': 6, 'best_score': 0.22560977935791016}, {'epoch': 7, 'best_score': 0.22560977935791016}, {'epoch': 8, 'best_score': 0.22560977935791016}, {'epoch': 9, 'best_score': 0.125}, {'epoch': 10, 'best_score': 0.125}, {'epoch': 11, 'best_score': 0.125}, {'epoch': 12, 'best_score': 0.125}, {'epoch': 13, 'best_score': 0.125}, {'epoch': 14, 'best_score': 0.125}, {'epoch': 15, 'best_score': 0.125}, {'epoch': 16, 'best_score': 0.125}, {'epoch': 17, 'best_score': 0.125}, {'epoch': 18, 'best_score': 0.125}, {'epoch': 19, 'best_score': 0.125}, {'epoch': 20, 'best_score': 0.125}, {'epoch': 21, 'best_score': 0.125}, {'epoch': 22, 'best_score': 0.125}, {'epoch': 23, 'best_score': 0.10060977935791016}, {'epoch': 24, 'best_score': 0.10060977935791016}, {'epoch': 25, 'best_score': 0.125}, {'epoch': 26, 'best_score': 0.125}, {'epoch': 27, 'best_score': 0.1768292784690857}, {'epoch': 28, 'best_score': 0.1768292784690857}, {'epoch': 29, 'best_score': 0.1768292784690857}, {'epoch': 30, 'best_score': 0.1768292784690857}, {'epoch': 31, 'best_score': 0.1768292784690857}, {'epoch': 32, 'best_score': 0.1768292784690857}, {'epoch': 33, 'best_score': 0.1768292784690857}, {'epoch': 34, 'best_score': 0.1768292784690857}, {'epoch': 35, 'best_score': 0.1768292784690857}, {'epoch': 36, 'best_score': 0.1768292784690857}, {'epoch': 37, 'best_score': 0.1768292784690857}, {'epoch': 38, 'best_score': 0.1768292784690857}, {'epoch': 39, 'best_score': 0.1768292784690857}, {'epoch': 40, 'best_score': 0.1768292784690857}, {'epoch': 41, 'best_score': 0.20121949911117554}, {'epoch': 42, 'best_score': 0.20121949911117554}, {'epoch': 43, 'best_score': 0.20121949911117554}, {'epoch': 44, 'best_score': 0.20121949911117554}, {'epoch': 45, 'best_score': 0.20121949911117554}, {'epoch': 46, 'best_score': 0.20121949911117554}, {'epoch': 47, 'best_score': 0.20121949911117554}, {'epoch': 48, 'best_score': 0.20121949911117554}, {'epoch': 49, 'best_score': 0.20121949911117554}]",officehome,3,CDANN,PCA16,16.0,0.9138167500495911,0.9138167500495911,0.5364891290664673,0.5546875,splits_officehome_CDANN_3_0_b09dc755c62e.npz,b09dc755c62e,False,False,0.13333333333333333,0.9333333333333333,0.048484848484848464,,,,0.8715606846773888,all_pca,PCA16,IW residual DIS2 | W=2 | seed=0 (plug-in),True,
iw_residual_dis2,2.0,0.0,24387.0,11083.0,6098.0,2773.0,0.9996720236142997,0.0,1.0,1.0456888675689697,0.5,0.5,0.7992861866950989,0.13728545606136322,799.0,2228.0,403.0,1113.0,5.956054297981776e-06,0.6732780382257483,5413.0,685.0,906.0,1867.0,ok,plugin,False,,1958.3542494835358,2246.1656452510406,1.9988821406602097,0.18561062423195956,1.38121569416477,0.7766470273165507,0.377432015182903,0.37743797123720096,0.6225620287627991,0.6225620287627991,False,49.0,18.0,0.5676295757293701,0.20595534145832062,0.7735849022865295,"[{'epoch': 0, 'best_score': 0.06288641691207886}, {'epoch': 1, 'best_score': 0.11396777629852295}, {'epoch': 2, 'best_score': 0.1427590250968933}, {'epoch': 3, 'best_score': 0.1717643141746521}, {'epoch': 4, 'best_score': 0.18134653568267822}, {'epoch': 5, 'best_score': 0.21997863054275513}, {'epoch': 6, 'best_score': 0.25694310665130615}, {'epoch': 7, 'best_score': 0.3084079921245575}, {'epoch': 8, 'best_score': 0.32316699624061584}, {'epoch': 9, 'best_score': 0.3418632447719574}, {'epoch': 10, 'best_score': 0.37647563219070435}, {'epoch': 11, 'best_score': 0.37771522998809814}, {'epoch': 12, 'best_score': 0.38062018156051636}, {'epoch': 13, 'best_score': 0.400687575340271}, {'epoch': 14, 'best_score': 0.4023975133895874}, {'epoch': 15, 'best_score': 0.4112106263637543}, {'epoch': 16, 'best_score': 0.43671122193336487}, {'epoch': 17, 'best_score': 0.4476199150085449}, {'epoch': 18, 'best_score': 0.451940655708313}, {'epoch': 19, 'best_score': 0.4632774591445923}, {'epoch': 20, 'best_score': 0.46729937195777893}, {'epoch': 21, 'best_score': 0.47855144739151}, {'epoch': 22, 'best_score': 0.4848407506942749}, {'epoch': 23, 'best_score': 0.495622456073761}, {'epoch': 24, 'best_score': 0.4899752736091614}, {'epoch': 25, 'best_score': 0.4917721748352051}, {'epoch': 26, 'best_score': 0.4919862151145935}, {'epoch': 27, 'best_score': 0.503878116607666}, {'epoch': 28, 'best_score': 0.5079001188278198}, {'epoch': 29, 'best_score': 0.515132486820221}, {'epoch': 30, 'best_score': 0.5198388695716858}, {'epoch': 31, 'best_score': 0.5219769477844238}, {'epoch': 32, 'best_score': 0.5261281728744507}, {'epoch': 33, 'best_score': 0.5325021743774414}, {'epoch': 34, 'best_score': 0.5439683198928833}, {'epoch': 35, 'best_score': 0.5470917224884033}, {'epoch': 36, 'best_score': 0.5438836216926575}, {'epoch': 37, 'best_score': 0.5418302416801453}, {'epoch': 38, 'best_score': 0.5456382036209106}, {'epoch': 39, 'best_score': 0.5471787452697754}, {'epoch': 40, 'best_score': 0.547392725944519}, {'epoch': 41, 'best_score': 0.5528683066368103}, {'epoch': 42, 'best_score': 0.5566338896751404}, {'epoch': 43, 'best_score': 0.555264949798584}, {'epoch': 44, 'best_score': 0.5600137710571289}, {'epoch': 45, 'best_score': 0.5555213689804077}, {'epoch': 46, 'best_score': 0.5557354092597961}, {'epoch': 47, 'best_score': 0.5563774704933167}, {'epoch': 48, 'best_score': 0.5617682933807373}, {'epoch': 49, 'best_score': 0.5676295757293701}]",visda,1,DANN,PCA16,128.0,0.9995489120483398,0.9995489120483398,0.6463051438331604,0.6473133563995361,splits_visda_DANN_1_0_b09dc755c62e.npz,b09dc755c62e,True,True,0.00145985401459854,0.21751824817518248,0.5591287791413682,,,,0.6225620287627991,all_pca,PCA16,IW residual DIS2 | W=2 | seed=0 (plug-in),True,
iw_residual_dis2,2.0,0.0,24387.0,14480.0,6098.0,3620.0,0.9998360118071499,0.0,1.0,1.129449486732483,0.5,0.5,0.7805391550064087,0.154123455286026,709.0,2665.0,363.0,1343.0,3.685257178388541e-05,0.6193370165745856,5489.0,609.0,1378.0,2242.0,ok,plugin,False,,2429.6891667897653,2741.5814487888088,1.9969728590639717,0.2732821946275621,1.4432886335114787,0.7885816235504014,0.3226310680492429,0.3226679206210268,0.6773320793789732,0.6773320793789732,False,48.0,3.0,0.5485662817955017,0.24517905712127686,0.7937453389167786,"[{'epoch': 0, 'best_score': 0.07771962881088257}, {'epoch': 1, 'best_score': 0.09403103590011597}, {'epoch': 2, 'best_score': 0.13185393810272217}, {'epoch': 3, 'best_score': 0.1964045763015747}, {'epoch': 4, 'best_score': 0.23474645614624023}, {'epoch': 5, 'best_score': 0.2619951367378235}, {'epoch': 6, 'best_score': 0.2898387312889099}, {'epoch': 7, 'best_score': 0.324457585811615}, {'epoch': 8, 'best_score': 0.3497699797153473}, {'epoch': 9, 'best_score': 0.3557985723018646}, {'epoch': 10, 'best_score': 0.37552741169929504}, {'epoch': 11, 'best_score': 0.3907886743545532}, {'epoch': 12, 'best_score': 0.40061619877815247}, {'epoch': 13, 'best_score': 0.4310668706893921}, {'epoch': 14, 'best_score': 0.4232476055622101}, {'epoch': 15, 'best_score': 0.4235450029373169}, {'epoch': 16, 'best_score': 0.4285418391227722}, {'epoch': 17, 'best_score': 0.4327797293663025}, {'epoch': 18, 'best_score': 0.42845773696899414}, {'epoch': 19, 'best_score': 0.4468553066253662}, {'epoch': 20, 'best_score': 0.4441743791103363}, {'epoch': 21, 'best_score': 0.45668283104896545}, {'epoch': 22, 'best_score': 0.45973509550094604}, {'epoch': 23, 'best_score': 0.4643462896347046}, {'epoch': 24, 'best_score': 0.47134721279144287}, {'epoch': 25, 'best_score': 0.4810270071029663}, {'epoch': 26, 'best_score': 0.48720741271972656}, {'epoch': 27, 'best_score': 0.48788022994995117}, {'epoch': 28, 'best_score': 0.4953262209892273}, {'epoch': 29, 'best_score': 0.4997938275337219}, {'epoch': 30, 'best_score': 0.4979313015937805}, {'epoch': 31, 'best_score': 0.505449116230011}, {'epoch': 32, 'best_score': 0.5136397480964661}, {'epoch': 33, 'best_score': 0.514534056186676}, {'epoch': 34, 'best_score': 0.5155043601989746}, {'epoch': 35, 'best_score': 0.519748330116272}, {'epoch': 36, 'best_score': 0.5244395732879639}, {'epoch': 37, 'best_score': 0.53188556432724}, {'epoch': 38, 'best_score': 0.5329275727272034}, {'epoch': 39, 'best_score': 0.5333747863769531}, {'epoch': 40, 'best_score': 0.5415654182434082}, {'epoch': 41, 'best_score': 0.5410443544387817}, {'epoch': 42, 'best_score': 0.5365029573440552}, {'epoch': 43, 'best_score': 0.5437253713607788}, {'epoch': 44, 'best_score': 0.5469273328781128}, {'epoch': 45, 'best_score': 0.5476719737052917}, {'epoch': 46, 'best_score': 0.5429068803787231}, {'epoch': 47, 'best_score': 0.5413438677787781}, {'epoch': 48, 'best_score': 0.5485662817955017}, {'epoch': 49, 'best_score': 0.5465560555458069}]",visda,2,DANN,PCA16,128.0,0.9997539520263672,0.9997539520263672,0.6546961069107056,0.6544198393821716,splits_visda_DANN_2_0_b09dc755c62e.npz,b09dc755c62e,False,False,0.0,0.2676518883415435,0.5209297352088579,,,,0.6773320793789732,all_pca,PCA16,IW residual DIS2 | W=2 | seed=0 (plug-in),True,
iw_residual_dis2,2.0,0.0,24387.0,11083.0,6098.0,2773.0,0.9993440472285995,0.0,1.0,0.9295608997344971,0.5,0.5,0.6908315420150757,0.20141629874706268,1029.0,1346.0,506.0,639.0,0.0006079209816977345,0.3966822935448972,5241.0,857.0,1673.0,1100.0,ok,plugin,False,,3492.0700694618254,3268.857879762116,1.9997884060377573,0.528513120661776,1.6978396530044337,0.7336363636363636,0.15632446734871727,0.156932388330415,0.843067611669585,0.843067611669585,False,49.0,0.0,0.4156970679759979,0.32608696818351746,0.7417840361595154,"[{'epoch': 0, 'best_score': 0.0750802755355835}, {'epoch': 1, 'best_score': 0.07466894388198853}, {'epoch': 2, 'best_score': 0.07466894388198853}, {'epoch': 3, 'best_score': 0.0744369626045227}, {'epoch': 4, 'best_score': 0.0893595814704895}, {'epoch': 5, 'best_score': 0.11406779289245605}, {'epoch': 6, 'best_score': 0.12271523475646973}, {'epoch': 7, 'best_score': 0.14593887329101562}, {'epoch': 8, 'best_score': 0.1498110294342041}, {'epoch': 9, 'best_score': 0.15886974334716797}, {'epoch': 10, 'best_score': 0.1632336974143982}, {'epoch': 11, 'best_score': 0.1754223108291626}, {'epoch': 12, 'best_score': 0.18604600429534912}, {'epoch': 13, 'best_score': 0.18802231550216675}, {'epoch': 14, 'best_score': 0.1852232813835144}, {'epoch': 15, 'best_score': 0.18678826093673706}, {'epoch': 16, 'best_score': 0.19625836610794067}, {'epoch': 17, 'best_score': 0.19197487831115723}, {'epoch': 18, 'best_score': 0.20952945947647095}, {'epoch': 19, 'best_score': 0.2250087857246399}, {'epoch': 20, 'best_score': 0.2408190369606018}, {'epoch': 21, 'best_score': 0.2614046335220337}, {'epoch': 22, 'best_score': 0.282401442527771}, {'epoch': 23, 'best_score': 0.29590457677841187}, {'epoch': 24, 'best_score': 0.2909592390060425}, {'epoch': 25, 'best_score': 0.30405089259147644}, {'epoch': 26, 'best_score': 0.30734163522720337}, {'epoch': 27, 'best_score': 0.29814064502716064}, {'epoch': 28, 'best_score': 0.3072797656059265}, {'epoch': 29, 'best_score': 0.29942724108695984}, {'epoch': 30, 'best_score': 0.3093890845775604}, {'epoch': 31, 'best_score': 0.31301069259643555}, {'epoch': 32, 'best_score': 0.3273364305496216}, {'epoch': 33, 'best_score': 0.32898181676864624}, {'epoch': 34, 'best_score': 0.3368869423866272}, {'epoch': 35, 'best_score': 0.33426737785339355}, {'epoch': 36, 'best_score': 0.33467867970466614}, {'epoch': 37, 'best_score': 0.3425838053226471}, {'epoch': 38, 'best_score': 0.36003950238227844}, {'epoch': 39, 'best_score': 0.36366111040115356}, {'epoch': 40, 'best_score': 0.3672827482223511}, {'epoch': 41, 'best_score': 0.36538687348365784}, {'epoch': 42, 'best_score': 0.38119715452194214}, {'epoch': 43, 'best_score': 0.38448789715766907}, {'epoch': 44, 'best_score': 0.38358479738235474}, {'epoch': 45, 'best_score': 0.392312616109848}, {'epoch': 46, 'best_score': 0.40342801809310913}, {'epoch': 47, 'best_score': 0.4038393795490265}, {'epoch': 48, 'best_score': 0.4133094251155853}, {'epoch': 49, 'best_score': 0.4156970679759979}]",visda,1,CDANN,PCA16,16.0,0.9990978837013245,0.9990978837013245,0.6784264445304871,0.6693112254142761,splits_visda_CDANN_1_0_b09dc755c62e.npz,b09dc755c62e,False,False,0.0,0.3395565927654609,0.39407977087090273,,,,0.843067611669585,all_pca,PCA16,IW residual DIS2 | W=2 | seed=0 (plug-in),True,
iw_residual_dis2,2.0,0.0,24387.0,14480.0,6098.0,3620.0,0.9995080354214496,0.0,1.0,1.00063157081604,0.5,0.5,0.6626225709915161,0.21719664335250854,671.0,1180.0,347.0,613.0,0.00023431075267262572,0.2751381215469613,5581.0,517.0,2624.0,996.0,ok,plugin,False,,4478.974536126929,4089.342128570365,1.9983233487342695,0.7208502044888985,1.733878628582445,0.6666666666666666,0.0940188294132105,0.09425314016588313,0.9057468598341168,0.9057468598341168,False,44.0,19.0,0.3478710353374481,0.34870317578315735,0.6965742111206055,"[{'epoch': 0, 'best_score': 0.049315690994262695}, {'epoch': 1, 'best_score': 0.05219757556915283}, {'epoch': 2, 'best_score': 0.06372493505477905}, {'epoch': 3, 'best_score': 0.07035833597183228}, {'epoch': 4, 'best_score': 0.07449072599411011}, {'epoch': 5, 'best_score': 0.0802544355392456}, {'epoch': 6, 'best_score': 0.07862311601638794}, {'epoch': 7, 'best_score': 0.07699179649353027}, {'epoch': 8, 'best_score': 0.0757412314414978}, {'epoch': 9, 'best_score': 0.07536047697067261}, {'epoch': 10, 'best_score': 0.07536047697067261}, {'epoch': 11, 'best_score': 0.077861487865448}, {'epoch': 12, 'best_score': 0.0836251974105835}, {'epoch': 13, 'best_score': 0.089388906955719}, {'epoch': 14, 'best_score': 0.09352123737335205}, {'epoch': 15, 'best_score': 0.10178601741790771}, {'epoch': 16, 'best_score': 0.10591834783554077}, {'epoch': 17, 'best_score': 0.11668413877487183}, {'epoch': 18, 'best_score': 0.1154853105545044}, {'epoch': 19, 'best_score': 0.1319630742073059}, {'epoch': 20, 'best_score': 0.153875470161438}, {'epoch': 21, 'best_score': 0.16839277744293213}, {'epoch': 22, 'best_score': 0.1808980107307434}, {'epoch': 23, 'best_score': 0.1909022331237793}, {'epoch': 24, 'best_score': 0.20955193042755127}, {'epoch': 25, 'best_score': 0.20351552963256836}, {'epoch': 26, 'best_score': 0.21226924657821655}, {'epoch': 27, 'best_score': 0.23331189155578613}, {'epoch': 28, 'best_score': 0.24532818794250488}, {'epoch': 29, 'best_score': 0.24505549669265747}, {'epoch': 30, 'best_score': 0.25092726945877075}, {'epoch': 31, 'best_score': 0.24728387594223022}, {'epoch': 32, 'best_score': 0.24451017379760742}, {'epoch': 33, 'best_score': 0.24173647165298462}, {'epoch': 34, 'best_score': 0.24673855304718018}, {'epoch': 35, 'best_score': 0.27267515659332275}, {'epoch': 36, 'best_score': 0.2756650745868683}, {'epoch': 37, 'best_score': 0.2868116497993469}, {'epoch': 38, 'best_score': 0.28855112195014954}, {'epoch': 39, 'best_score': 0.2965996265411377}, {'epoch': 40, 'best_score': 0.2952926754951477}, {'epoch': 41, 'best_score': 0.3019261062145233}, {'epoch': 42, 'best_score': 0.32672032713890076}, {'epoch': 43, 'best_score': 0.3305799663066864}, {'epoch': 44, 'best_score': 0.3478710353374481}, {'epoch': 45, 'best_score': 0.3299265205860138}, {'epoch': 46, 'best_score': 0.3304154574871063}, {'epoch': 47, 'best_score': 0.33247455954551697}, {'epoch': 48, 'best_score': 0.33558207750320435}, {'epoch': 49, 'best_score': 0.3378574550151825}]",visda,2,CDANN,PCA16,16.0,0.9995899200439453,0.9995899200439453,0.7107734680175781,0.7140883803367615,splits_visda_CDANN_2_0_b09dc755c62e.npz,b09dc755c62e,False,False,0.0019342359767891683,0.32688588007736946,0.33978078658929717,,,,0.9057468598341168,all_pca,PCA16,IW residual DIS2 | W=2 | seed=0 (plug-in),True,
iw_residual_dis2,2.0,0.0,6500.0,33009.0,1625.0,8255.0,0.904,0.0,1.0,1.1619356870651245,0.5,0.5,0.5458275079727173,0.24857781827449799,,,,,0.10204889451519164,0.0,1625.0,0.0,8255.0,0.0,ok,plugin,False,,1639.6990636842488,1589.4140925160707,1.58455989630418,0.9989685997880099,1.2648932267474633,,0.0,0.10204889451519164,0.8979511054848084,0.8979511054848084,False,,,,,,,entity13,1,DANN,PCA32,16.0,0.905846118927002,0.905846118927002,0.7318307161331177,0.7345851063728333,splits_entity13_DANN_1_0_b09dc755c62e.npz,b09dc755c62e,False,False,,,,,,,0.8979511054848084,all_pca,PCA32,IW residual DIS2 | W=2 | seed=0 (plug-in),True,
iw_residual_dis2,2.0,0.0,6500.0,260.0,1625.0,65.0,0.9101538461538462,0.0,1.0,9.66464900970459,0.5,0.5,0.5538461208343506,0.24981722235679626,,,,,0.08995037095586528,0.0,1625.0,0.0,65.0,0.0,ok,plugin,False,,1608.7661585444362,1619.9809465243304,1.1604536991379546,0.9956673837789936,1.0723216383281067,,0.0,0.08995037095586528,0.9100496290441347,0.9100496290441347,False,,,,,,,entity13,2,DANN,PCA32,16.0,0.9129230380058289,0.9129230380058289,0.8615384697914124,0.8461538553237915,splits_entity13_DANN_2_0_b09dc755c62e.npz,b09dc755c62e,False,False,,,,,,,0.9100496290441347,all_pca,PCA32,IW residual DIS2 | W=2 | seed=0 (plug-in),True,
iw_residual_dis2,2.0,0.0,6500.0,260.0,1625.0,65.0,0.9027692307692308,0.0,1.0,1.0816794633865356,0.5,0.5,0.6430768966674805,0.22885441780090332,154.0,6.0,97.0,4.0,0.0927585196299354,0.1076923076923077,1480.0,145.0,58.0,7.0,ok,plugin,False,,1368.8793644292869,1179.808685362883,1.998028258931357,0.8796297953106027,1.7673216129303466,0.8571428571428571,0.03586206896551723,0.1286205885954526,0.8713794114045474,0.8713794114045474,False,33.0,12.0,0.3814433217048645,0.6185566782951355,1.0,"[{'epoch': 0, 'best_score': 0.18556702136993408}, {'epoch': 1, 'best_score': 0.18556702136993408}, {'epoch': 2, 'best_score': 0.18556702136993408}, {'epoch': 3, 'best_score': 0.19587630033493042}, {'epoch': 4, 'best_score': 0.19587630033493042}, {'epoch': 5, 'best_score': 0.19587630033493042}, {'epoch': 6, 'best_score': 0.20618557929992676}, {'epoch': 7, 'best_score': 0.2164948582649231}, {'epoch': 8, 'best_score': 0.2164948582649231}, {'epoch': 9, 'best_score': 0.2164948582649231}, {'epoch': 10, 'best_score': 0.23711341619491577}, {'epoch': 11, 'best_score': 0.2474226951599121}, {'epoch': 12, 'best_score': 0.2680412530899048}, {'epoch': 13, 'best_score': 0.2680412530899048}, {'epoch': 14, 'best_score': 0.28865981101989746}, {'epoch': 15, 'best_score': 0.30927836894989014}, {'epoch': 16, 'best_score': 0.30927836894989014}, {'epoch': 17, 'best_score': 0.3195876479148865}, {'epoch': 18, 'best_score': 0.3298969268798828}, {'epoch': 19, 'best_score': 0.34020620584487915}, {'epoch': 20, 'best_score': 0.34020620584487915}, {'epoch': 21, 'best_score': 0.34020620584487915}, {'epoch': 22, 'best_score': 0.3505154848098755}, {'epoch': 23, 'best_score': 0.34020620584487915}, {'epoch': 24, 'best_score': 0.3298969268798828}, {'epoch': 25, 'best_score': 0.3298969268798828}, {'epoch': 26, 'best_score': 0.3298969268798828}, {'epoch': 27, 'best_score': 0.3298969268798828}, {'epoch': 28, 'best_score': 0.3298969268798828}, {'epoch': 29, 'best_score': 0.3298969268798828}, {'epoch': 30, 'best_score': 0.34020620584487915}, {'epoch': 31, 'best_score': 0.3608247637748718}, {'epoch': 32, 'best_score': 0.3608247637748718}, {'epoch': 33, 'best_score': 0.3814433217048645}, {'epoch': 34, 'best_score': 0.3814433217048645}, {'epoch': 35, 'best_score': 0.22680413722991943}, {'epoch': 36, 'best_score': 0.2474226951599121}, {'epoch': 37, 'best_score': 0.25773197412490845}, {'epoch': 38, 'best_score': 0.2783505320549011}, {'epoch': 39, 'best_score': 0.2783505320549011}, {'epoch': 40, 'best_score': 0.2989690899848938}, {'epoch': 41, 'best_score': 0.2989690899848938}, {'epoch': 42, 'best_score': 0.30927836894989014}, {'epoch': 43, 'best_score': 0.30927836894989014}, {'epoch': 44, 'best_score': 0.30927836894989014}, {'epoch': 45, 'best_score': 0.2989690899848938}, {'epoch': 46, 'best_score': 0.2989690899848938}, {'epoch': 47, 'best_score': 0.2989690899848938}, {'epoch': 48, 'best_score': 0.2989690899848938}, {'epoch': 49, 'best_score': 0.22422683238983154}]",entity13,3,DANN,PCA32,16.0,0.907076895236969,0.907076895236969,0.6653845906257629,0.5538461804389954,splits_entity13_DANN_3_0_b09dc755c62e.npz,b09dc755c62e,False,False,0.15862068965517243,0.6827586206896552,0.1743842364532019,,,,0.8713794114045474,all_pca,PCA32,IW residual DIS2 | W=2 | seed=0 (plug-in),True,
iw_residual_dis2,2.0,0.0,6500.0,33009.0,1625.0,8255.0,0.9132307692307693,0.0,1.0,2.7005600929260254,0.5,0.5,0.5197669267654419,0.2498684972524643,,,,,0.08716215772110947,0.0,1625.0,0.0,8255.0,0.0,ok,plugin,False,,1626.655326508478,1621.3422054495493,1.158425976276184,1.0026931715526202,1.0736401740428596,,0.0,0.08716215772110947,0.9128378422788905,0.9128378422788905,False,,,,,,,entity13,1,CDANN,PCA32,8.0,0.9096922874450684,0.9096922874450684,0.7354357838630676,0.7372501492500305,splits_entity13_CDANN_1_0_b09dc755c62e.npz,b09dc755c62e,False,False,,,,,,,0.9128378422788905,all_pca,PCA32,IW residual DIS2 | W=2 | seed=0 (plug-in),True,
iw_residual_dis2,2.0,0.0,6500.0,260.0,1625.0,65.0,0.9058461538461539,0.0,1.0,54.598148345947266,0.5,0.5,0.42000001668930054,0.2502971291542053,,,,,0.09412631092766431,0.0,1625.0,0.0,65.0,0.0,ok,plugin,False,,1623.6186180531126,1624.9384755546039,1.0192760607113707,0.999579483717684,1.00886234680712,,0.0,0.09412631092766431,0.9058736890723357,0.9058736890723357,False,,,,,,,entity13,2,CDANN,PCA32,8.0,0.9081538319587708,0.9081538319587708,0.8423076868057251,0.8769230842590332,splits_entity13_CDANN_2_0_b09dc755c62e.npz,b09dc755c62e,False,False,,,,,,,0.9058736890723357,all_pca,PCA32,IW residual DIS2 | W=2 | seed=0 (plug-in),True,
iw_residual_dis2,2.0,0.0,6500.0,260.0,1625.0,65.0,0.9015384615384615,0.0,1.0,8.84760856628418,0.5,0.5,0.5176923274993896,0.24994578957557678,,,,,0.09886060201695056,0.0,1625.0,0.0,65.0,0.0,ok,plugin,False,,1623.7755246642364,1623.1704918351904,1.1014002773581306,1.0021583412293074,1.0477164618463046,,0.0,0.09886060201695056,0.9011393979830494,0.9011393979830494,False,,,,,,,entity13,3,CDANN,PCA32,8.0,0.9061538577079773,0.9061538577079773,0.6653845906257629,0.5692307949066162,splits_entity13_CDANN_3_0_b09dc755c62e.npz,b09dc755c62e,False,False,,,,,,,0.9011393979830494,all_pca,PCA32,IW residual DIS2 | W=2 | seed=0 (plug-in),True,
iw_residual_dis2,2.0,0.0,6000.0,30828.0,1500.0,7709.0,0.8426666666666667,0.0,1.0,1.0,0.5,0.5,0.5281981229782104,0.24832196533679962,,,,,0.16136222165870315,0.0,1500.0,0.0,7709.0,0.0,ok,plugin,False,,1497.7363912598835,1461.7419877033835,1.5395748485385805,1.0118131691445411,1.2349042073217826,,0.0,0.16136222165870315,0.8386377783412968,0.8386377783412968,False,,,,,,,entity30,1,DANN,PCA32,16.0,0.8550000190734863,0.8550000190734863,0.6190800070762634,0.6236866116523743,splits_entity30_DANN_1_0_b09dc755c62e.npz,b09dc755c62e,False,False,,,,,,,0.8386377783412968,all_pca,PCA32,IW residual DIS2 | W=2 | seed=0 (plug-in),True,
iw_residual_dis2,2.0,0.0,6000.0,240.0,1500.0,60.0,0.8606666666666667,0.0,1.0,39.42509078979492,0.5,0.5,0.5216666460037231,0.24999001622200012,,,,,0.13904037028838753,0.0,1500.0,0.0,60.0,0.0,ok,plugin,False,,1495.4174257237753,1499.7413985123153,1.0513700049594141,0.997541382100323,1.0176862914388873,,0.0,0.13904037028838753,0.8609596297116124,0.8609596297116124,False,,,,,,,entity30,2,DANN,PCA32,16.0,0.8646666407585144,0.8646666407585144,0.7875000238418579,0.7500000596046448,splits_entity30_DANN_2_0_b09dc755c62e.npz,b09dc755c62e,False,False,,,,,,,0.8609596297116124,all_pca,PCA32,IW residual DIS2 | W=2 | seed=0 (plug-in),True,
iw_residual_dis2,2.0,0.0,6000.0,240.0,1500.0,60.0,0.8553333333333333,0.0,1.0,1.964247703552246,0.5,0.5,0.4983333349227905,0.2429448664188385,,,,,0.1388187968635443,0.0,1485.0,15.0,60.0,0.0,ok,plugin,False,,1422.9318888223165,1315.5426341088682,1.9999197929978585,0.9279114460723693,1.5833195332557264,,0.0,0.1388187968635443,0.8611812031364556,0.8611812031364556,False,,,,,,,entity30,3,DANN,PCA32,16.0,0.8636666536331177,0.8636666536331177,0.5708333849906921,0.6666666865348816,splits_entity30_DANN_3_0_b09dc755c62e.npz,b09dc755c62e,False,False,,,,,,,0.8611812031364556,all_pca,PCA32,IW residual DIS2 | W=2 | seed=0 (plug-in),True,
iw_residual_dis2,2.0,0.0,6000.0,30828.0,1500.0,7709.0,0.856,0.0,1.0,2.5279157161712646,0.5,0.5,0.5063995122909546,0.24990937113761902,,,,,0.1437124147636751,0.0,1500.0,0.0,7709.0,0.0,ok,plugin,False,,1496.8521803474102,1497.045501258576,1.1665409247948384,1.0025755791090436,1.0592385385238843,,0.0,0.1437124147636751,0.8562875852363249,0.8562875852363249,False,,,,,,,entity30,1,CDANN,PCA32,8.0,0.8611666560173035,0.8611666560173035,0.627903163433075,0.6345829367637634,splits_entity30_CDANN_1_0_b09dc755c62e.npz,b09dc755c62e,False,False,,,,,,,0.8562875852363249,all_pca,PCA32,IW residual DIS2 | W=2 | seed=0 (plug-in),True,
iw_residual_dis2,2.0,0.0,6000.0,240.0,1500.0,60.0,0.862,0.0,1.0,4.503905773162842,0.5,0.5,0.4741666615009308,0.2497161626815796,,,,,0.13614533083453478,0.0,1500.0,0.0,60.0,0.0,ok,plugin,False,,1489.1992266780057,1490.022517157249,1.3305157024593608,0.9904459336363598,1.133894265073839,,0.0,0.13614533083453478,0.8638546691654652,0.8638546691654652,False,,,,,,,entity30,2,CDANN,PCA32,8.0,0.8646666407585144,0.8646666407585144,0.8125000596046448,0.7500000596046448,splits_entity30_CDANN_2_0_b09dc755c62e.npz,b09dc755c62e,False,False,,,,,,,0.8638546691654652,all_pca,PCA32,IW residual DIS2 | W=2 | seed=0 (plug-in),True,
iw_residual_dis2,2.0,0.0,6000.0,240.0,1500.0,60.0,0.8453333333333333,0.0,1.0,10.147822380065918,0.5,0.5,0.4725000262260437,0.24989424645900726,,,,,0.15179424807330336,0.0,1500.0,0.0,60.0,0.0,ok,plugin,False,,1491.3910945512457,1496.3597696327004,1.232499556188773,0.989038422067769,1.08520130446487,,0.0,0.15179424807330336,0.8482057519266967,0.8482057519266967,False,,,,,,,entity30,3,CDANN,PCA32,8.0,0.8573333024978638,0.8573333024978638,0.5625,0.6166666746139526,splits_entity30_CDANN_3_0_b09dc755c62e.npz,b09dc755c62e,False,False,,,,,,,0.8482057519266967,all_pca,PCA32,IW residual DIS2 | W=2 | seed=0 (plug-in),True,
iw_residual_dis2,2.0,0.0,10000.0,2000.0,2500.0,500.0,0.9452,0.0,1.0,2.0272629261016846,0.5,0.5,0.5300000309944153,0.24772635102272034,,,,,0.06159177277463041,0.002,2500.0,0.0,499.0,1.0,unsupported_residual_source_region,plugin,False,,2467.1965870424124,2411.840378418978,1.9388134184650676,0.9580045099196989,1.350504299465891,,,,,,,,,,,,,cifar10,1,DANN,PCA32,16.0,0.9508999586105347,0.9508999586105347,0.8440000414848328,0.8360000252723694,splits_cifar10_DANN_1_0_b09dc755c62e.npz,b09dc755c62e,,,,,,,,,,all_pca,PCA32,IW residual DIS2 | W=2 | seed=0 (plug-in),False,
iw_residual_dis2,2.0,0.0,10000.0,2000.0,2500.0,500.0,0.946,0.0,1.0,54.598148345947266,0.5,0.5,0.468999981880188,0.2500308156013489,,,,,0.05408201849460714,0.0,2500.0,0.0,500.0,0.0,ok,plugin,False,,2499.14311834454,2499.9644328469526,1.0123555358048162,0.9995978561110335,1.0057733449639976,,0.0,0.05408201849460714,0.9459179815053929,0.9459179815053929,False,,,,,,,cifar10,10,DANN,PCA32,16.0,0.9477999806404114,0.9477999806404114,0.924500048160553,0.9120000600814819,splits_cifar10_DANN_10_0_b09dc755c62e.npz,b09dc755c62e,False,False,,,,,,,0.9459179815053929,all_pca,PCA32,IW residual DIS2 | W=2 | seed=0 (plug-in),True,
iw_residual_dis2,2.0,0.0,10000.0,2000.0,2500.0,500.0,0.9452,0.0,1.0,3.140820264816284,0.5,0.5,0.5245000123977661,0.24969375133514404,,,,,0.05673157372753628,0.0,2500.0,0.0,500.0,0.0,ok,plugin,False,,2490.923867895351,2488.215336444924,1.273455056328897,0.9914295710314842,1.117982704401475,,0.0,0.05673157372753628,0.9432684262724638,0.9432684262724638,False,,,,,,,cifar10,71,DANN,PCA32,16.0,0.9487999677658081,0.9487999677658081,0.9305000305175781,0.9180000424385071,splits_cifar10_DANN_71_0_b09dc755c62e.npz,b09dc755c62e,False,False,,,,,,,0.9432684262724638,all_pca,PCA32,IW residual DIS2 | W=2 | seed=0 (plug-in),True,
iw_residual_dis2,2.0,0.0,10000.0,2000.0,2500.0,500.0,0.9528,0.0,1.0,54.598148345947266,0.5,0.5,0.49150002002716064,0.2500372529029846,,,,,0.047230687674426064,0.0,2500.0,0.0,500.0,0.0,ok,plugin,False,,2499.2147894815907,2499.9681729037898,1.0131106690692462,0.9994120483803545,1.006166253324369,,0.0,0.047230687674426064,0.9527693123255739,0.9527693123255739,False,,,,,,,cifar10,95,DANN,PCA32,16.0,0.9515999555587769,0.9515999555587769,0.9390000700950623,0.9360000491142273,splits_cifar10_DANN_95_0_b09dc755c62e.npz,b09dc755c62e,False,False,,,,,,,0.9527693123255739,all_pca,PCA32,IW residual DIS2 | W=2 | seed=0 (plug-in),True,
iw_residual_dis2,2.0,0.0,10000.0,2000.0,2500.0,500.0,0.9476,0.0,1.0,19.437976837158203,0.5,0.5,0.48000001907348633,0.2499961256980896,,,,,0.052512941846897476,0.0,2500.0,0.0,500.0,0.0,ok,plugin,False,,2498.364546143335,2499.8254296291298,1.0194771839014187,1.0005648736761363,1.01161397076632,,0.0,0.052512941846897476,0.9474870581531025,0.9474870581531025,False,,,,,,,cifar10,1,CDANN,PCA32,8.0,0.949999988079071,0.949999988079071,0.846500039100647,0.8440000414848328,splits_cifar10_CDANN_1_0_b09dc755c62e.npz,b09dc755c62e,False,False,,,,,,,0.9474870581531025,all_pca,PCA32,IW residual DIS2 | W=2 | seed=0 (plug-in),True,
iw_residual_dis2,2.0,0.0,10000.0,2000.0,2500.0,500.0,0.9468,0.0,1.0,25.382333755493164,0.5,0.5,0.512499988079071,0.24999447166919708,,,,,0.05335735451475207,0.0,2500.0,0.0,500.0,0.0,ok,plugin,False,,2497.1751447206766,2499.789268476259,1.031139072831701,0.9985741486039289,1.0141949374102317,,0.0,0.05335735451475207,0.9466426454852479,0.9466426454852479,False,,,,,,,cifar10,10,CDANN,PCA32,8.0,0.948699951171875,0.948699951171875,0.9160000681877136,0.9120000600814819,splits_cifar10_CDANN_10_0_b09dc755c62e.npz,b09dc755c62e,False,False,,,,,,,0.9466426454852479,all_pca,PCA32,IW residual DIS2 | W=2 | seed=0 (plug-in),True,
iw_residual_dis2,2.0,0.0,10000.0,2000.0,2500.0,500.0,0.9492,0.0,1.0,1.305922031402588,0.5,0.5,0.5320000052452087,0.24796941876411438,,,,,0.05602624824111132,0.0,2500.0,0.0,500.0,0.0,ok,plugin,False,,2480.936451770826,2418.805163177618,1.9076199096686965,0.9687997924512688,1.3196885452913183,,0.0,0.05602624824111132,0.9439737517588886,0.9439737517588886,False,,,,,,,cifar10,71,CDANN,PCA32,8.0,0.9511999487876892,0.9511999487876892,0.9280000329017639,0.9040000438690186,splits_cifar10_CDANN_71_0_b09dc755c62e.npz,b09dc755c62e,False,False,,,,,,,0.9439737517588886,all_pca,PCA32,IW residual DIS2 | W=2 | seed=0 (plug-in),True,
iw_residual_dis2,2.0,0.0,10000.0,2000.0,2500.0,500.0,0.9516,0.0,1.0,1.621476650238037,0.5,0.5,0.5239999890327454,0.2489166557788849,,,,,0.049980609580718524,0.0,2500.0,0.0,500.0,0.0,ok,plugin,False,,2483.7527084594317,2457.2460889210465,1.6600010295644225,0.9823756532257324,1.2225328229548955,,0.0,0.049980609580718524,0.9500193904192815,0.9500193904192815,False,,,,,,,cifar10,95,CDANN,PCA32,8.0,0.9526000022888184,0.9526000022888184,0.9355000257492065,0.9260000586509705,splits_cifar10_CDANN_95_0_b09dc755c62e.npz,b09dc755c62e,False,False,,,,,,,0.9500193904192815,all_pca,PCA32,IW residual DIS2 | W=2 | seed=0 (plug-in),True,
iw_residual_dis2,2.0,0.0,10000.0,2000.0,2500.0,500.0,0.758,0.0,1.0,54.598148345947266,0.5,0.5,0.4930000305175781,0.2500110864639282,,,,,0.24196799697194565,0.0,2500.0,0.0,500.0,0.0,ok,plugin,False,,2499.4973333132975,2499.944718500047,1.0184786744844583,0.9996870100103858,1.0073850627435226,,0.0,0.24196799697194565,0.7580320030280543,0.7580320030280543,False,,,,,,,cifar100,4,DANN,PCA32,16.0,0.7841999530792236,0.7841999530792236,0.7440000176429749,0.7760000228881836,splits_cifar100_DANN_4_0_b09dc755c62e.npz,b09dc755c62e,False,True,,,,,,,0.7580320030280543,all_pca,PCA32,IW residual DIS2 | W=2 | seed=0 (plug-in),True,
iw_residual_dis2,2.0,0.0,10000.0,2000.0,2500.0,500.0,0.76,0.0,1.0,15.843558311462402,0.5,0.5,0.5145000219345093,0.24998313188552856,,,,,0.23995813848438596,0.0,2500.0,0.0,500.0,0.0,ok,plugin,False,,2498.364069778636,2499.274552940353,1.0659496780600084,0.9985164957059953,1.0282525079765281,,0.0,0.23995813848438596,0.760041861515614,0.760041861515614,False,,,,,,,cifar100,12,DANN,PCA32,16.0,0.7831999659538269,0.7831999659538269,0.7545000314712524,0.7860000133514404,splits_cifar100_DANN_12_0_b09dc755c62e.npz,b09dc755c62e,False,True,,,,,,,0.760041861515614,all_pca,PCA32,IW residual DIS2 | W=2 | seed=0 (plug-in),True,
iw_residual_dis2,2.0,0.0,10000.0,2000.0,2500.0,500.0,0.7596,0.0,1.0,6.188881874084473,0.5,0.5,0.5164999961853027,0.24988257884979248,,,,,0.23989201641413116,0.0,2500.0,0.0,500.0,0.0,ok,plugin,False,,2495.29424299161,2495.25758894308,1.1730820016791645,0.9977409165758746,1.0691175573345837,,0.0,0.23989201641413116,0.7601079835858688,0.7601079835858688,False,,,,,,,cifar100,59,DANN,PCA32,16.0,0.7841999530792236,0.7841999530792236,0.7585000395774841,0.7720000147819519,splits_cifar100_DANN_59_0_b09dc755c62e.npz,b09dc755c62e,False,True,,,,,,,0.7601079835858688,all_pca,PCA32,IW residual DIS2 | W=2 | seed=0 (plug-in),True,
iw_residual_dis2,2.0,0.0,10000.0,2000.0,2500.0,500.0,0.764,0.0,1.0,10.369760513305664,0.5,0.5,0.5195000171661377,0.2499563992023468,,,,,0.23581564948703795,0.0,2500.0,0.0,500.0,0.0,ok,plugin,False,,2497.727194560759,2498.1475349670977,1.0854963687279817,0.9997437090005009,1.0433668398710554,,0.0,0.23581564948703795,0.7641843505129621,0.7641843505129621,False,,,,,,,cifar100,82,DANN,PCA32,16.0,0.7861999869346619,0.7861999869346619,0.7695000171661377,0.7700000405311584,splits_cifar100_DANN_82_0_b09dc755c62e.npz,b09dc755c62e,True,True,,,,,,,0.7641843505129621,all_pca,PCA32,IW residual DIS2 | W=2 | seed=0 (plug-in),True,
iw_residual_dis2,2.0,0.0,10000.0,2000.0,2500.0,500.0,0.762,0.0,1.0,54.598148345947266,0.5,0.5,0.4880000054836273,0.25000813603401184,,,,,0.23796506977279933,0.0,2500.0,0.0,500.0,0.0,ok,plugin,False,,2499.5512378749445,2499.977810731281,1.0096347731823985,0.9995188344584585,1.0048454639004856,,0.0,0.23796506977279933,0.7620349302272007,0.7620349302272007,False,,,,,,,cifar100,4,CDANN,PCA32,8.0,0.7849999666213989,0.7849999666213989,0.7275000214576721,0.7480000257492065,splits_cifar100_CDANN_4_0_b09dc755c62e.npz,b09dc755c62e,False,False,,,,,,,0.7620349302272007,all_pca,PCA32,IW residual DIS2 | W=2 | seed=0 (plug-in),True,
iw_residual_dis2,2.0,0.0,10000.0,2000.0,2500.0,500.0,0.766,0.0,1.0,9.562859535217285,0.5,0.5,0.47200000286102295,0.24997751414775848,,,,,0.233703264756191,0.0,2500.0,0.0,500.0,0.0,ok,plugin,False,,2496.3061924549593,2498.9874061291434,1.0561509210702766,0.9984374174969906,1.0313742183696766,,0.0,0.233703264756191,0.766296735243809,0.766296735243809,False,,,,,,,cifar100,12,CDANN,PCA32,8.0,0.7858999967575073,0.7858999967575073,0.7480000257492065,0.7680000066757202,splits_cifar100_CDANN_12_0_b09dc755c62e.npz,b09dc755c62e,False,True,,,,,,,0.766296735243809,all_pca,PCA32,IW residual DIS2 | W=2 | seed=0 (plug-in),True,
iw_residual_dis2,2.0,0.0,10000.0,2000.0,2500.0,500.0,0.7664,0.0,1.0,4.717407703399658,0.5,0.5,0.5190000534057617,0.24988389015197754,,,,,0.2325804144228213,0.0,2500.0,0.0,500.0,0.0,ok,plugin,False,,2492.6672964530735,2495.445445780796,1.117917217297565,0.9953606385874997,1.0682453534468566,,0.0,0.2325804144228213,0.7674195855771787,0.7674195855771787,False,,,,,,,cifar100,59,CDANN,PCA32,8.0,0.7870000004768372,0.7870000004768372,0.7580000162124634,0.7920000553131104,splits_cifar100_CDANN_59_0_b09dc755c62e.npz,b09dc755c62e,False,True,,,,,,,0.7674195855771787,all_pca,PCA32,IW residual DIS2 | W=2 | seed=0 (plug-in),True,
iw_residual_dis2,2.0,0.0,10000.0,2000.0,2500.0,500.0,0.7652,0.0,1.0,54.598148345947266,0.5,0.5,0.4884999990463257,0.25000301003456116,,,,,0.2347418213526253,0.0,2500.0,0.0,500.0,0.0,ok,plugin,False,,2499.428048385223,2499.972594296132,1.0089018136889036,0.9998866514802301,1.004912653251885,,0.0,0.2347418213526253,0.7652581786473747,0.7652581786473747,False,,,,,,,cifar100,82,CDANN,PCA32,8.0,0.7872999906539917,0.7872999906539917,0.7635000348091125,0.7720000147819519,splits_cifar100_CDANN_82_0_b09dc755c62e.npz,b09dc755c62e,False,True,,,,,,,0.7652581786473747,all_pca,PCA32,IW residual DIS2 | W=2 | seed=0 (plug-in),True,
iw_residual_dis2,2.0,0.0,28152.0,9910.0,7040.0,2478.0,0.803125,0.0,1.0,1.338970422744751,0.5,0.5,0.5970046520233154,0.23833927512168884,170.0,259.0,115.0,127.0,0.1936313890650309,0.10250201775625505,6894.0,146.0,2224.0,254.0,ok,plugin,False,,6492.318379182702,6048.345084712814,1.9988334060206587,0.8914658015675179,1.6211637688130482,0.8031496062992126,0.03247758355722135,0.22610897262225227,0.7738910273777477,0.7738910273777477,False,31.0,17.0,0.2205408811569214,0.582608699798584,0.8031495809555054,"[{'epoch': 0, 'best_score': 0.009517312049865723}, {'epoch': 1, 'best_score': 0.018212974071502686}, {'epoch': 2, 'best_score': 0.017391324043273926}, {'epoch': 3, 'best_score': 0.026908576488494873}, {'epoch': 4, 'best_score': 0.026908576488494873}, {'epoch': 5, 'best_score': 0.026908576488494873}, {'epoch': 6, 'best_score': 0.0442999005317688}, {'epoch': 7, 'best_score': 0.07285177707672119}, {'epoch': 8, 'best_score': 0.09188634157180786}, {'epoch': 9, 'best_score': 0.10927766561508179}, {'epoch': 10, 'best_score': 0.11797332763671875}, {'epoch': 11, 'best_score': 0.1266689896583557}, {'epoch': 12, 'best_score': 0.12749063968658447}, {'epoch': 13, 'best_score': 0.12913382053375244}, {'epoch': 14, 'best_score': 0.11338579654693604}, {'epoch': 15, 'best_score': 0.11667239665985107}, {'epoch': 16, 'best_score': 0.11995893716812134}, {'epoch': 17, 'best_score': 0.11454981565475464}, {'epoch': 18, 'best_score': 0.1311194896697998}, {'epoch': 19, 'best_score': 0.15638482570648193}, {'epoch': 20, 'best_score': 0.16590213775634766}, {'epoch': 21, 'best_score': 0.19198906421661377}, {'epoch': 22, 'best_score': 0.16836696863174438}, {'epoch': 23, 'best_score': 0.19445395469665527}, {'epoch': 24, 'best_score': 0.19445395469665527}, {'epoch': 25, 'best_score': 0.21102356910705566}, {'epoch': 26, 'best_score': 0.20314955711364746}, {'epoch': 27, 'best_score': 0.19527554512023926}, {'epoch': 28, 'best_score': 0.19527554512023926}, {'epoch': 29, 'best_score': 0.19527554512023926}, {'epoch': 30, 'best_score': 0.20397120714187622}, {'epoch': 31, 'best_score': 0.2205408811569214}, {'epoch': 32, 'best_score': 0.2205408811569214}, {'epoch': 33, 'best_score': 0.20397120714187622}, {'epoch': 34, 'best_score': 0.19527554512023926}, {'epoch': 35, 'best_score': 0.20479285717010498}, {'epoch': 36, 'best_score': 0.19691884517669678}, {'epoch': 37, 'best_score': 0.20479285717010498}, {'epoch': 38, 'best_score': 0.21348851919174194}, {'epoch': 39, 'best_score': 0.20479285717010498}, {'epoch': 40, 'best_score': 0.18740153312683105}, {'epoch': 41, 'best_score': 0.17870593070983887}, {'epoch': 42, 'best_score': 0.17870593070983887}, {'epoch': 43, 'best_score': 0.18657994270324707}, {'epoch': 44, 'best_score': 0.1778842806816101}, {'epoch': 45, 'best_score': 0.1700102686882019}, {'epoch': 46, 'best_score': 0.1700102686882019}, {'epoch': 47, 'best_score': 0.1700102686882019}, {'epoch': 48, 'best_score': 0.1542622447013855}, {'epoch': 49, 'best_score': 0.1621362566947937}]",domainnet,1,DANN,PCA32,64.0,0.8072605729103088,0.8072605729103088,0.465893030166626,0.47497981786727905,splits_domainnet_DANN_1_0_b09dc755c62e.npz,b09dc755c62e,False,False,0.2328767123287671,0.7191780821917808,0.0839715241074318,,,,0.7738910273777477,all_pca,PCA32,IW residual DIS2 | W=2 | seed=0 (plug-in),True,
iw_residual_dis2,2.0,0.0,28152.0,14207.0,7040.0,3553.0,0.8038352272727273,0.0,1.0,1.177695393562317,0.5,0.5,0.6193543076515198,0.22928348183631897,485.0,890.0,251.0,439.0,0.1752729088235318,0.2158739093723614,6618.0,422.0,2786.0,767.0,ok,plugin,False,,5771.642368642635,5433.215765704858,1.9983977927230578,0.8003257883224366,1.670245008143035,0.8578878748370273,0.10181303297527086,0.27708594179880264,0.7229140582011974,0.7229140582011974,False,38.0,28.0,0.24582308530807495,0.6653386354446411,0.9111617207527161,"[{'epoch': 0, 'best_score': 0.017070651054382324}, {'epoch': 1, 'best_score': 0.01479274034500122}, {'epoch': 2, 'best_score': 0.02503877878189087}, {'epoch': 3, 'best_score': 0.03072899580001831}, {'epoch': 4, 'best_score': 0.03812539577484131}, {'epoch': 5, 'best_score': 0.054633378982543945}, {'epoch': 6, 'best_score': 0.07398200035095215}, {'epoch': 7, 'best_score': 0.09503668546676636}, {'epoch': 8, 'best_score': 0.10186129808425903}, {'epoch': 9, 'best_score': 0.10299575328826904}, {'epoch': 10, 'best_score': 0.10811424255371094}, {'epoch': 11, 'best_score': 0.11039215326309204}, {'epoch': 12, 'best_score': 0.1234787106513977}, {'epoch': 13, 'best_score': 0.13884323835372925}, {'epoch': 14, 'best_score': 0.1382715106010437}, {'epoch': 15, 'best_score': 0.14850842952728271}, {'epoch': 16, 'best_score': 0.1633012294769287}, {'epoch': 17, 'best_score': 0.1706976294517517}, {'epoch': 18, 'best_score': 0.16045159101486206}, {'epoch': 19, 'best_score': 0.16727620363235474}, {'epoch': 20, 'best_score': 0.19118058681488037}, {'epoch': 21, 'best_score': 0.19744253158569336}, {'epoch': 22, 'best_score': 0.2054106593132019}, {'epoch': 23, 'best_score': 0.19629907608032227}, {'epoch': 24, 'best_score': 0.19857698678970337}, {'epoch': 25, 'best_score': 0.21052920818328857}, {'epoch': 26, 'best_score': 0.21110087633132935}, {'epoch': 27, 'best_score': 0.215084969997406}, {'epoch': 28, 'best_score': 0.21450412273406982}, {'epoch': 29, 'best_score': 0.21848821640014648}, {'epoch': 30, 'best_score': 0.21679115295410156}, {'epoch': 31, 'best_score': 0.21451324224472046}, {'epoch': 32, 'best_score': 0.2173628807067871}, {'epoch': 33, 'best_score': 0.22817158699035645}, {'epoch': 34, 'best_score': 0.2173628807067871}, {'epoch': 35, 'best_score': 0.2236248254776001}, {'epoch': 36, 'best_score': 0.23159295320510864}, {'epoch': 37, 'best_score': 0.24525129795074463}, {'epoch': 38, 'best_score': 0.24582308530807495}, {'epoch': 39, 'best_score': 0.24354517459869385}, {'epoch': 40, 'best_score': 0.23898935317993164}, {'epoch': 41, 'best_score': 0.23500525951385498}, {'epoch': 42, 'best_score': 0.23556798696517944}, {'epoch': 43, 'best_score': 0.23158389329910278}, {'epoch': 44, 'best_score': 0.2367115020751953}, {'epoch': 45, 'best_score': 0.2367115020751953}, {'epoch': 46, 'best_score': 0.23898935317993164}, {'epoch': 47, 'best_score': 0.23898935317993164}, {'epoch': 48, 'best_score': 0.2367115020751953}, {'epoch': 49, 'best_score': 0.24012380838394165}]",domainnet,2,DANN,PCA32,64.0,0.8101378083229065,0.8101378083229065,0.38572534918785095,0.38727834820747375,splits_domainnet_DANN_2_0_b09dc755c62e.npz,b09dc755c62e,False,False,0.26303317535545023,0.6492890995260664,0.20859877531096094,,,,0.7229140582011974,all_pca,PCA32,IW residual DIS2 | W=2 | seed=0 (plug-in),True,
iw_residual_dis2,2.0,0.0,28152.0,15295.0,7040.0,3825.0,0.8072443181818182,0.0,1.0,0.9406789541244507,0.5,0.5,0.6138694286346436,0.23278658092021942,544.0,626.0,274.0,331.0,0.1745971649718775,0.15294117647058825,6569.0,471.0,3240.0,585.0,ok,plugin,False,,5890.822886299002,5522.711158330803,1.9999760764222174,0.8378934144009208,1.6547570690394713,0.8717948717948718,0.06871487448482579,0.24331203945670327,0.7566879605432968,0.7566879605432968,False,49.0,22.0,0.284263551235199,0.5948905348777771,0.8791540861129761,"[{'epoch': 0, 'best_score': 0.010948896408081055}, {'epoch': 1, 'best_score': 0.01824820041656494}, {'epoch': 2, 'best_score': 0.01824820041656494}, {'epoch': 3, 'best_score': 0.029197096824645996}, {'epoch': 4, 'best_score': 0.03775334358215332}, {'epoch': 5, 'best_score': 0.06330078840255737}, {'epoch': 6, 'best_score': 0.07915627956390381}, {'epoch': 7, 'best_score': 0.1004256010055542}, {'epoch': 8, 'best_score': 0.11263149976730347}, {'epoch': 9, 'best_score': 0.11690956354141235}, {'epoch': 10, 'best_score': 0.12860828638076782}, {'epoch': 11, 'best_score': 0.13590753078460693}, {'epoch': 12, 'best_score': 0.1571769118309021}, {'epoch': 13, 'best_score': 0.1717754602432251}, {'epoch': 14, 'best_score': 0.19430172443389893}, {'epoch': 15, 'best_score': 0.1992083191871643}, {'epoch': 16, 'best_score': 0.21078574657440186}, {'epoch': 17, 'best_score': 0.23456895351409912}, {'epoch': 18, 'best_score': 0.24916750192642212}, {'epoch': 19, 'best_score': 0.2480318546295166}, {'epoch': 20, 'best_score': 0.24928885698318481}, {'epoch': 21, 'best_score': 0.24815315008163452}, {'epoch': 22, 'best_score': 0.25180280208587646}, {'epoch': 23, 'best_score': 0.25784510374069214}, {'epoch': 24, 'best_score': 0.262123167514801}, {'epoch': 25, 'best_score': 0.26400864124298096}, {'epoch': 26, 'best_score': 0.2519240379333496}, {'epoch': 27, 'best_score': 0.2658941149711609}, {'epoch': 28, 'best_score': 0.2665225863456726}, {'epoch': 29, 'best_score': 0.2671511173248291}, {'epoch': 30, 'best_score': 0.25997310876846313}, {'epoch': 31, 'best_score': 0.2574591636657715}, {'epoch': 32, 'best_score': 0.2629942297935486}, {'epoch': 33, 'best_score': 0.2636227607727051}, {'epoch': 34, 'best_score': 0.2592233419418335}, {'epoch': 35, 'best_score': 0.26048028469085693}, {'epoch': 36, 'best_score': 0.26954376697540283}, {'epoch': 37, 'best_score': 0.26777952909469604}, {'epoch': 38, 'best_score': 0.271429181098938}, {'epoch': 39, 'best_score': 0.2720577120780945}, {'epoch': 40, 'best_score': 0.2811211347579956}, {'epoch': 41, 'best_score': 0.28300660848617554}, {'epoch': 42, 'best_score': 0.2811211347579956}, {'epoch': 43, 'best_score': 0.28414231538772583}, {'epoch': 44, 'best_score': 0.2775927782058716}, {'epoch': 45, 'best_score': 0.28351378440856934}, {'epoch': 46, 'best_score': 0.2804926633834839}, {'epoch': 47, 'best_score': 0.28351378440856934}, {'epoch': 48, 'best_score': 0.28124237060546875}, {'epoch': 49, 'best_score': 0.284263551235199}]",domainnet,3,DANN,PCA32,64.0,0.8096050024032593,0.8096050024032593,0.4719189405441284,0.46562090516090393,splits_domainnet_DANN_3_0_b09dc755c62e.npz,b09dc755c62e,False,False,0.21231422505307856,0.6348195329087049,0.23697533888616695,,,,0.7566879605432968,all_pca,PCA32,IW residual DIS2 | W=2 | seed=0 (plug-in),True,
iw_residual_dis2,2.0,0.0,28152.0,9910.0,7040.0,2478.0,0.8025568181818181,0.0,1.0,0.686977744102478,0.5,0.5,0.5479276180267334,0.24621573090553284,10.0,6.0,6.0,3.0,0.21531252464778344,0.002824858757062147,7032.0,8.0,2471.0,7.0,ok,plugin,False,,7121.57687389496,6606.443977250881,1.9911322430965503,0.9857846882356245,1.4764364312603147,1.0,0.00035310734463276836,0.2156656319924162,0.7843343680075838,0.7843343680075838,False,35.0,14.0,0.5,0.5,1.0,"[{'epoch': 0, 'best_score': 0.1666666865348816}, {'epoch': 1, 'best_score': 0.1666666865348816}, {'epoch': 2, 'best_score': 0.1666666865348816}, {'epoch': 3, 'best_score': 0.1666666865348816}, {'epoch': 4, 'best_score': 0.1666666865348816}, {'epoch': 5, 'best_score': 0.1666666865348816}, {'epoch': 6, 'best_score': 0.1666666865348816}, {'epoch': 7, 'best_score': 0.1666666865348816}, {'epoch': 8, 'best_score': 0.1666666865348816}, {'epoch': 9, 'best_score': 0.1666666865348816}, {'epoch': 10, 'best_score': 0.1666666865348816}, {'epoch': 11, 'best_score': 0.1666666865348816}, {'epoch': 12, 'best_score': 0.1666666865348816}, {'epoch': 13, 'best_score': 0.1666666865348816}, {'epoch': 14, 'best_score': 0.1666666865348816}, {'epoch': 15, 'best_score': 0.1666666865348816}, {'epoch': 16, 'best_score': 0.1666666865348816}, {'epoch': 17, 'best_score': 0.1666666865348816}, {'epoch': 18, 'best_score': 0.1666666865348816}, {'epoch': 19, 'best_score': 0.1666666865348816}, {'epoch': 20, 'best_score': 0.1666666865348816}, {'epoch': 21, 'best_score': 0.1666666865348816}, {'epoch': 22, 'best_score': 0.1666666865348816}, {'epoch': 23, 'best_score': 0.1666666865348816}, {'epoch': 24, 'best_score': 0.1666666865348816}, {'epoch': 25, 'best_score': 0.1666666865348816}, {'epoch': 26, 'best_score': 0.1666666865348816}, {'epoch': 27, 'best_score': 0.1666666865348816}, {'epoch': 28, 'best_score': 0.1666666865348816}, {'epoch': 29, 'best_score': 0.1666666865348816}, {'epoch': 30, 'best_score': 0.1666666865348816}, {'epoch': 31, 'best_score': 0.1666666865348816}, {'epoch': 32, 'best_score': 0.3333333134651184}, {'epoch': 33, 'best_score': 0.3333333134651184}, {'epoch': 34, 'best_score': 0.3333333134651184}, {'epoch': 35, 'best_score': 0.5}, {'epoch': 36, 'best_score': 0.3333333134651184}, {'epoch': 37, 'best_score': 0.3333333134651184}, {'epoch': 38, 'best_score': 0.3333333134651184}, {'epoch': 39, 'best_score': 0.3333333134651184}, {'epoch': 40, 'best_score': 0.3333333134651184}, {'epoch': 41, 'best_score': 0.3333333134651184}, {'epoch': 42, 'best_score': 0.3333333134651184}, {'epoch': 43, 'best_score': 0.3333333134651184}, {'epoch': 44, 'best_score': 0.3333333134651184}, {'epoch': 45, 'best_score': 0.3333333134651184}, {'epoch': 46, 'best_score': 0.3333333134651184}, {'epoch': 47, 'best_score': 0.3333333134651184}, {'epoch': 48, 'best_score': 0.3333333134651184}, {'epoch': 49, 'best_score': 0.3333333134651184}]",domainnet,1,CDANN,PCA32,8.0,0.8055910468101501,0.8055910468101501,0.5121089816093445,0.5205811262130737,splits_domainnet_CDANN_1_0_b09dc755c62e.npz,b09dc755c62e,False,False,0.0,0.875,0.125,,,,0.7843343680075838,all_pca,PCA32,IW residual DIS2 | W=2 | seed=0 (plug-in),True,
iw_residual_dis2,2.0,0.0,28152.0,14207.0,7040.0,3553.0,0.8004261363636364,0.0,1.0,1.1209747791290283,0.5,0.5,0.5485158562660217,0.24675559997558594,,,,,0.20992059666579405,0.0,7040.0,0.0,3553.0,0.0,ok,plugin,False,,7047.346717683889,6706.169599160667,1.9159036245560344,0.9853284904826031,1.3902834623234255,,0.0,0.20992059666579405,0.790079403334206,0.790079403334206,False,,,,,,,domainnet,2,CDANN,PCA32,8.0,0.8071539998054504,0.8071539998054504,0.42063772678375244,0.4218969941139221,splits_domainnet_CDANN_2_0_b09dc755c62e.npz,b09dc755c62e,False,False,,,,,,,0.790079403334206,all_pca,PCA32,IW residual DIS2 | W=2 | seed=0 (plug-in),True,
iw_residual_dis2,2.0,0.0,28152.0,15295.0,7040.0,3825.0,0.8063920454545455,0.0,1.0,0.8796170949935913,0.5,0.5,0.5716710686683655,0.2413591742515564,131.0,153.0,75.0,52.0,0.18006221972191766,0.03058823529411765,6928.0,112.0,3708.0,117.0,ok,plugin,False,,6858.007390278555,6171.477722826719,1.9998682019066014,0.9423013951038027,1.6172086853267424,0.9914529914529915,0.004654528478057891,0.18471674819997555,0.8152832518000245,0.8152832518000245,False,46.0,2.0,0.12153846025466919,0.8399999737739563,0.9615384340286255,"[{'epoch': 0, 'best_score': 0.013333320617675781}, {'epoch': 1, 'best_score': 0.013333320617675781}, {'epoch': 2, 'best_score': 0.013333320617675781}, {'epoch': 3, 'best_score': 0.04000002145767212}, {'epoch': 4, 'best_score': 0.0533333420753479}, {'epoch': 5, 'best_score': 0.06666666269302368}, {'epoch': 6, 'best_score': 0.09333330392837524}, {'epoch': 7, 'best_score': 0.09333330392837524}, {'epoch': 8, 'best_score': 0.09333330392837524}, {'epoch': 9, 'best_score': 0.08743590116500854}, {'epoch': 10, 'best_score': 0.10076922178268433}, {'epoch': 11, 'best_score': 0.10076922178268433}, {'epoch': 12, 'best_score': 0.10076922178268433}, {'epoch': 13, 'best_score': 0.10076922178268433}, {'epoch': 14, 'best_score': 0.10076922178268433}, {'epoch': 15, 'best_score': 0.10076922178268433}, {'epoch': 16, 'best_score': 0.08153843879699707}, {'epoch': 17, 'best_score': 0.09487175941467285}, {'epoch': 18, 'best_score': 0.09487175941467285}, {'epoch': 19, 'best_score': 0.09487175941467285}, {'epoch': 20, 'best_score': 0.09487175941467285}, {'epoch': 21, 'best_score': 0.09487175941467285}, {'epoch': 22, 'best_score': 0.09487175941467285}, {'epoch': 23, 'best_score': 0.09487175941467285}, {'epoch': 24, 'best_score': 0.10820508003234863}, {'epoch': 25, 'best_score': 0.10820508003234863}, {'epoch': 26, 'best_score': 0.10820508003234863}, {'epoch': 27, 'best_score': 0.10820508003234863}, {'epoch': 28, 'best_score': 0.10076922178268433}, {'epoch': 29, 'best_score': 0.10076922178268433}, {'epoch': 30, 'best_score': 0.10076922178268433}, {'epoch': 31, 'best_score': 0.10820508003234863}, {'epoch': 32, 'best_score': 0.10820508003234863}, {'epoch': 33, 'best_score': 0.10820508003234863}, {'epoch': 34, 'best_score': 0.10820508003234863}, {'epoch': 35, 'best_score': 0.10820508003234863}, {'epoch': 36, 'best_score': 0.10820508003234863}, {'epoch': 37, 'best_score': 0.10820508003234863}, {'epoch': 38, 'best_score': 0.10076922178268433}, {'epoch': 39, 'best_score': 0.10076922178268433}, {'epoch': 40, 'best_score': 0.10076922178268433}, {'epoch': 41, 'best_score': 0.10820508003234863}, {'epoch': 42, 'best_score': 0.10820508003234863}, {'epoch': 43, 'best_score': 0.10820508003234863}, {'epoch': 44, 'best_score': 0.10820508003234863}, {'epoch': 45, 'best_score': 0.10820508003234863}, {'epoch': 46, 'best_score': 0.12153846025466919}, {'epoch': 47, 'best_score': 0.12153846025466919}, {'epoch': 48, 'best_score': 0.12153846025466919}, {'epoch': 49, 'best_score': 0.12153846025466919}]",domainnet,3,CDANN,PCA32,8.0,0.8074381947517395,0.8074381947517395,0.49369075894355774,0.48549020290374756,splits_domainnet_CDANN_3_0_b09dc755c62e.npz,b09dc755c62e,False,False,0.07142857142857142,0.9107142857142857,0.08073870573870578,,,,0.8152832518000245,all_pca,PCA32,IW residual DIS2 | W=2 | seed=0 (plug-in),True,
iw_residual_dis2,2.0,0.0,1700.0,8804.0,425.0,2203.0,0.8658823529411764,0.0,1.0,2.206784963607788,0.5,0.5,0.532453179359436,0.248231440782547,,,,,0.1436071555730723,0.0,425.0,0.0,2203.0,0.0,ok,plugin,False,,432.44242498918817,411.9832546594768,1.471223932180203,1.028253930378775,1.3043728956603822,,0.0,0.1436071555730723,0.8563928444269278,0.8563928444269278,False,,,,,,,living17,1,DANN,PCA32,16.0,0.8994117379188538,0.8994117379188538,0.6758291721343994,0.6876986026763916,splits_living17_DANN_1_0_b09dc755c62e.npz,b09dc755c62e,False,False,,,,,,,0.8563928444269278,all_pca,PCA32,IW residual DIS2 | W=2 | seed=0 (plug-in),True,
iw_residual_dis2,2.0,0.0,1700.0,68.0,425.0,19.0,0.8823529411764706,0.0,1.0,4.442756652832031,0.5,0.5,0.5647058486938477,0.24467317759990692,,,,,0.10129363945394156,0.0,425.0,0.0,19.0,0.0,ok,plugin,False,,370.00198238003014,388.61351230668083,1.6988649189239498,0.8765893477410559,1.3157139970520624,,0.0,0.10129363945394156,0.8987063605460585,0.8987063605460585,False,,,,,,,living17,2,DANN,PCA32,16.0,0.9094117283821106,0.9094117283821106,0.8970588445663452,0.8421052694320679,splits_living17_DANN_2_0_b09dc755c62e.npz,b09dc755c62e,False,False,,,,,,,0.8987063605460585,all_pca,PCA32,IW residual DIS2 | W=2 | seed=0 (plug-in),True,
iw_residual_dis2,2.0,0.0,1700.0,68.0,425.0,19.0,0.8894117647058823,0.0,1.0,2.5781736373901367,0.5,0.5,0.5970588326454163,0.2325294017791748,16.0,0.0,4.0,0.0,0.0989457465753694,0.05263157894736842,419.0,6.0,18.0,1.0,unsupported_critic_region,plugin,False,,340.7401637143354,339.3949862436339,1.9319397412454544,0.7688229173025498,1.5446369895791954,,,,,,,,,,,,,living17,3,DANN,PCA32,16.0,0.9052940607070923,0.9052940607070923,0.5882353186607361,0.6842105388641357,splits_living17_DANN_3_0_b09dc755c62e.npz,b09dc755c62e,,,,,,,,,,all_pca,PCA32,IW residual DIS2 | W=2 | seed=0 (plug-in),False,
iw_residual_dis2,2.0,0.0,1700.0,8804.0,425.0,2203.0,0.8894117647058823,0.0,1.0,5.41670560836792,0.5,0.5,0.5030080080032349,0.24986186623573303,,,,,0.11206846135422087,0.0,425.0,0.0,2203.0,0.0,ok,plugin,False,,426.3689697964522,424.03722863574507,1.1476135555971356,1.0010814084159105,1.0824885299307634,,0.0,0.11206846135422087,0.8879315386457791,0.8879315386457791,False,,,,,,,living17,1,CDANN,PCA32,8.0,0.9052940607070923,0.9052940607070923,0.6863925457000732,0.6981388926506042,splits_living17_CDANN_1_0_b09dc755c62e.npz,b09dc755c62e,False,False,,,,,,,0.8879315386457791,all_pca,PCA32,IW residual DIS2 | W=2 | seed=0 (plug-in),True,
iw_residual_dis2,2.0,0.0,1700.0,68.0,425.0,19.0,0.8917647058823529,0.0,1.0,54.598148345947266,0.5,0.5,0.3382352888584137,0.2500748336315155,,,,,0.1075678555048038,0.0,425.0,0.0,19.0,0.0,ok,plugin,False,,422.6652594368511,424.93240673354376,1.054305261295918,0.9933918753788541,1.0166605396331967,,0.0,0.1075678555048038,0.8924321444951961,0.8924321444951961,False,,,,,,,living17,2,CDANN,PCA32,8.0,0.9094117283821106,0.9094117283821106,0.8676470518112183,0.8421052694320679,splits_living17_CDANN_2_0_b09dc755c62e.npz,b09dc755c62e,False,False,,,,,,,0.8924321444951961,all_pca,PCA32,IW residual DIS2 | W=2 | seed=0 (plug-in),True,
iw_residual_dis2,2.0,0.0,1700.0,68.0,425.0,19.0,0.8823529411764706,0.0,1.0,54.598148345947266,0.5,0.5,0.4107843041419983,0.25055694580078125,,,,,0.11702337983568245,0.0,425.0,0.0,19.0,0.0,ok,plugin,False,,423.3943201084988,424.9171983386957,1.0431580817547115,0.9977900006774588,1.0165345587986698,,0.0,0.11702337983568245,0.8829766201643175,0.8829766201643175,False,,,,,,,living17,3,CDANN,PCA32,8.0,0.9052940607070923,0.9052940607070923,0.5588235259056091,0.6315789222717285,splits_living17_CDANN_3_0_b09dc755c62e.npz,b09dc755c62e,False,False,,,,,,,0.8829766201643175,all_pca,PCA32,IW residual DIS2 | W=2 | seed=0 (plug-in),True,
iw_residual_dis2,2.0,0.0,2600.0,13282.0,650.0,3322.0,0.8046153846153846,0.0,1.0,3.803554058074951,0.5,0.5,0.4949953556060791,0.24979206919670105,,,,,0.19638784312031546,0.0,650.0,0.0,3322.0,0.0,ok,plugin,False,,648.0321221614721,647.5140399651125,1.1754829283535895,1.003429812886901,1.0876079310955025,,0.0,0.19638784312031546,0.8036121568796846,0.8036121568796846,False,,,,,,,nonliving26,1,DANN,PCA32,16.0,0.8126922845840454,0.8126922845840454,0.5122722387313843,0.5192654728889465,splits_nonliving26_DANN_1_0_b09dc755c62e.npz,b09dc755c62e,False,False,,,,,,,0.8036121568796846,all_pca,PCA32,IW residual DIS2 | W=2 | seed=0 (plug-in),True,
iw_residual_dis2,2.0,0.0,2600.0,104.0,650.0,28.0,0.8292307692307692,0.0,1.0,54.598148345947266,0.5,0.5,0.428846150636673,0.25057846307754517,,,,,0.1695918216554627,0.0,650.0,0.0,28.0,0.0,ok,plugin,False,,644.9450334618256,649.7022610368109,1.0638896943777993,0.9931055201581844,1.0263503742375486,,0.0,0.1695918216554627,0.8304081783445373,0.8304081783445373,False,,,,,,,nonliving26,2,DANN,PCA32,16.0,0.8176922798156738,0.8176922798156738,0.75,0.7142857313156128,splits_nonliving26_DANN_2_0_b09dc755c62e.npz,b09dc755c62e,False,False,,,,,,,0.8304081783445373,all_pca,PCA32,IW residual DIS2 | W=2 | seed=0 (plug-in),True,
iw_residual_dis2,2.0,0.0,2600.0,104.0,650.0,28.0,0.8246153846153846,0.0,1.0,54.598148345947266,0.5,0.5,0.5519230365753174,0.25018563866615295,,,,,0.17487564669811262,0.0,650.0,0.0,28.0,0.0,ok,plugin,False,,644.8817129149197,649.6779386930249,1.0480817790994512,0.9925911391371538,1.0282513250781788,,0.0,0.17487564669811262,0.8251243533018874,0.8251243533018874,False,,,,,,,nonliving26,3,DANN,PCA32,16.0,0.8146153688430786,0.8146153688430786,0.4038461744785309,0.3214285969734192,splits_nonliving26_DANN_3_0_b09dc755c62e.npz,b09dc755c62e,False,False,,,,,,,0.8251243533018874,all_pca,PCA32,IW residual DIS2 | W=2 | seed=0 (plug-in),True,
iw_residual_dis2,2.0,0.0,2600.0,13282.0,650.0,3322.0,0.8169230769230769,0.0,1.0,6.28633975982666,0.5,0.5,0.5100845694541931,0.24996723234653473,,,,,0.1837138993509626,0.0,650.0,0.0,3322.0,0.0,ok,plugin,False,,650.9397035641871,649.6615079353536,1.0878530222853675,1.0006612306023595,1.0399195222893356,,0.0,0.1837138993509626,0.8162861006490374,0.8162861006490374,False,,,,,,,nonliving26,1,CDANN,PCA32,8.0,0.8176922798156738,0.8176922798156738,0.5332028269767761,0.5352197289466858,splits_nonliving26_CDANN_1_0_b09dc755c62e.npz,b09dc755c62e,False,False,,,,,,,0.8162861006490374,all_pca,PCA32,IW residual DIS2 | W=2 | seed=0 (plug-in),True,
iw_residual_dis2,2.0,0.0,2600.0,104.0,650.0,28.0,0.8138461538461539,0.0,1.0,54.598148345947266,0.5,0.5,0.517307698726654,0.2506106197834015,,,,,0.18498830410202713,0.0,650.0,0.0,28.0,0.0,ok,plugin,False,,647.1469497634835,649.8434592064816,1.061645235219477,0.9942327920037046,1.020937995568416,,0.0,0.18498830410202713,0.8150116958979728,0.8150116958979728,False,,,,,,,nonliving26,2,CDANN,PCA32,8.0,0.8165384531021118,0.8165384531021118,0.7692307829856873,0.7500000596046448,splits_nonliving26_CDANN_2_0_b09dc755c62e.npz,b09dc755c62e,False,False,,,,,,,0.8150116958979728,all_pca,PCA32,IW residual DIS2 | W=2 | seed=0 (plug-in),True,
iw_residual_dis2,2.0,0.0,2600.0,104.0,650.0,28.0,0.8123076923076923,0.0,1.0,54.598148345947266,0.5,0.5,0.45192307233810425,0.25032079219818115,,,,,0.18652633811269942,0.0,650.0,0.0,28.0,0.0,ok,plugin,False,,646.9125719390695,649.8681000691178,1.04528862719113,0.9948426901196956,1.0174870709021495,,0.0,0.18652633811269942,0.8134736618873006,0.8134736618873006,False,,,,,,,nonliving26,3,CDANN,PCA32,8.0,0.822692334651947,0.822692334651947,0.4038461744785309,0.3214285969734192,splits_nonliving26_CDANN_3_0_b09dc755c62e.npz,b09dc755c62e,False,False,,,,,,,0.8134736618873006,all_pca,PCA32,IW residual DIS2 | W=2 | seed=0 (plug-in),True,
iw_residual_dis2,2.0,0.0,11745.0,35070.0,2938.0,8768.0,0.6388699795779442,0.0,1.0,1.1953489780426025,0.5,0.5,0.5431262254714966,0.24626845121383667,,,,,0.34933975614845936,0.00011405109489051095,2938.0,0.0,8767.0,1.0,unsupported_residual_source_region,plugin,False,,2936.0275180833237,2770.309307645012,1.8704377090897963,0.9929229434829004,1.4102862064483768,,,,,,,,,,,,,fmow,1,DANN,PCA32,32.0,0.6519370079040527,0.6519370079040527,0.6103222370147705,0.6077782511711121,splits_fmow_DANN_1_0_b09dc755c62e.npz,b09dc755c62e,,,,,,,,,,all_pca,PCA32,IW residual DIS2 | W=2 | seed=0 (plug-in),False,
iw_residual_dis2,2.0,0.0,11745.0,39088.0,2938.0,9774.0,0.6344452008168822,0.0,1.0,1.1162391901016235,0.5,0.5,0.5610883235931396,0.24312078952789307,19.0,174.0,11.0,87.0,0.3686827579959646,0.014630652752199713,2921.0,17.0,9631.0,143.0,ok,plugin,False,,2916.8970087989537,2637.9884151659703,1.9954057316077567,0.9684110466491441,1.6096023247783753,0.8461538461538461,0.0037735167731917808,0.3724562747691564,0.6275437252308436,0.6275437252308436,False,13.0,11.0,0.2257053256034851,0.6363636255264282,0.8620689511299133,"[{'epoch': 0, 'best_score': 0.09090906381607056}, {'epoch': 1, 'best_score': 0.09090906381607056}, {'epoch': 2, 'best_score': 0.14733541011810303}, {'epoch': 3, 'best_score': 0.11285269260406494}, {'epoch': 4, 'best_score': 0.09090906381607056}, {'epoch': 5, 'best_score': 0.07941478490829468}, {'epoch': 6, 'best_score': 0.07941478490829468}, {'epoch': 7, 'best_score': 0.07941478490829468}, {'epoch': 8, 'best_score': 0.07941478490829468}, {'epoch': 9, 'best_score': 0.07941478490829468}, {'epoch': 10, 'best_score': 0.2037617564201355}, {'epoch': 11, 'best_score': 0.2152559757232666}, {'epoch': 12, 'best_score': 0.214211106300354}, {'epoch': 13, 'best_score': 0.2257053256034851}, {'epoch': 14, 'best_score': 0.2257053256034851}, {'epoch': 15, 'best_score': 0.18077319860458374}, {'epoch': 16, 'best_score': 0.18077319860458374}, {'epoch': 17, 'best_score': 0.18077319860458374}, {'epoch': 18, 'best_score': 0.18077319860458374}, {'epoch': 19, 'best_score': 0.18077319860458374}, {'epoch': 20, 'best_score': 0.18077319860458374}, {'epoch': 21, 'best_score': 0.14629048109054565}, {'epoch': 22, 'best_score': 0.14629048109054565}, {'epoch': 23, 'best_score': 0.13584119081497192}, {'epoch': 24, 'best_score': 0.13479620218276978}, {'epoch': 25, 'best_score': 0.13479620218276978}, {'epoch': 26, 'best_score': 0.12330198287963867}, {'epoch': 27, 'best_score': 0.12330198287963867}, {'epoch': 28, 'best_score': 0.11285269260406494}, {'epoch': 29, 'best_score': 0.11285269260406494}, {'epoch': 30, 'best_score': 0.11285269260406494}, {'epoch': 31, 'best_score': 0.15778470039367676}, {'epoch': 32, 'best_score': 0.15778470039367676}, {'epoch': 33, 'best_score': 0.16927897930145264}, {'epoch': 34, 'best_score': 0.15778470039367676}, {'epoch': 35, 'best_score': 0.15778470039367676}, {'epoch': 36, 'best_score': 0.15778470039367676}, {'epoch': 37, 'best_score': 0.15778470039367676}, {'epoch': 38, 'best_score': 0.14629048109054565}, {'epoch': 39, 'best_score': 0.07836991548538208}, {'epoch': 40, 'best_score': 0.07836991548538208}, {'epoch': 41, 'best_score': 0.0668756365776062}, {'epoch': 42, 'best_score': 0.0668756365776062}, {'epoch': 43, 'best_score': 0.0668756365776062}, {'epoch': 44, 'best_score': 0.0668756365776062}, {'epoch': 45, 'best_score': 0.0668756365776062}, {'epoch': 46, 'best_score': 0.0668756365776062}, {'epoch': 47, 'best_score': 0.04388713836669922}, {'epoch': 48, 'best_score': 0.04388713836669922}, {'epoch': 49, 'best_score': 0.0553814172744751}]",fmow,2,DANN,PCA32,32.0,0.6504895687103271,0.6504895687103271,0.5482756495475769,0.5545324683189392,splits_fmow_DANN_2_0_b09dc755c62e.npz,b09dc755c62e,False,False,0.35294117647058826,0.9411764705882353,-0.09502262443438914,,,,0.6275437252308436,all_pca,PCA32,IW residual DIS2 | W=2 | seed=0 (plug-in),True,
iw_residual_dis2,2.0,0.0,11745.0,35070.0,2938.0,8768.0,0.6466984343090538,0.0,1.0,1.0,0.5,0.5,0.5331042408943176,0.24866241216659546,,,,,0.3392420251052662,0.0,2938.0,0.0,8768.0,0.0,ok,plugin,False,,2920.302165789869,2874.640245755586,1.502802107159719,0.9910110673864674,1.2442531908203762,,0.0,0.3392420251052662,0.6607579748947339,0.6607579748947339,False,,,,,,,fmow,1,CDANN,PCA32,8.0,0.6558535695075989,0.6558535695075989,0.605617344379425,0.6010492444038391,splits_fmow_CDANN_1_0_b09dc755c62e.npz,b09dc755c62e,False,False,,,,,,,0.6607579748947339,all_pca,PCA32,IW residual DIS2 | W=2 | seed=0 (plug-in),True,
iw_residual_dis2,2.0,0.0,11745.0,39088.0,2938.0,9774.0,0.6446562287270252,0.0,1.0,1.0801875591278076,0.5,0.5,0.5366461277008057,0.24800771474838257,6.0,25.0,4.0,12.0,0.3520619660056973,0.001841620626151013,2932.0,6.0,9756.0,18.0,ok,plugin,False,,2912.24426996924,2837.40668896883,1.9541359802822313,0.9804888887490445,1.297888775250341,0.9444444444444444,0.00020462451401677932,0.35226659051971404,0.647733409480286,0.647733409480286,False,5.0,10.0,0.25,0.75,1.0,"[{'epoch': 0, 'best_score': 0.0}, {'epoch': 1, 'best_score': 0.0}, {'epoch': 2, 'best_score': 0.0}, {'epoch': 3, 'best_score': 0.0}, {'epoch': 4, 'best_score': 0.0}, {'epoch': 5, 'best_score': 0.25}, {'epoch': 6, 'best_score': 0.25}, {'epoch': 7, 'best_score': 0.25}, {'epoch': 8, 'best_score': 0.25}, {'epoch': 9, 'best_score': 0.25}, {'epoch': 10, 'best_score': 0.25}, {'epoch': 11, 'best_score': 0.25}, {'epoch': 12, 'best_score': 0.25}, {'epoch': 13, 'best_score': 0.25}, {'epoch': 14, 'best_score': 0.25}, {'epoch': 15, 'best_score': 0.25}, {'epoch': 16, 'best_score': 0.25}, {'epoch': 17, 'best_score': 0.25}, {'epoch': 18, 'best_score': 0.25}, {'epoch': 19, 'best_score': 0.25}, {'epoch': 20, 'best_score': 0.25}, {'epoch': 21, 'best_score': 0.25}, {'epoch': 22, 'best_score': 0.25}, {'epoch': 23, 'best_score': 0.25}, {'epoch': 24, 'best_score': 0.25}, {'epoch': 25, 'best_score': 0.25}, {'epoch': 26, 'best_score': 0.25}, {'epoch': 27, 'best_score': 0.25}, {'epoch': 28, 'best_score': 0.25}, {'epoch': 29, 'best_score': 0.25}, {'epoch': 30, 'best_score': 0.25}, {'epoch': 31, 'best_score': 0.25}, {'epoch': 32, 'best_score': 0.25}, {'epoch': 33, 'best_score': 0.25}, {'epoch': 34, 'best_score': 0.25}, {'epoch': 35, 'best_score': 0.25}, {'epoch': 36, 'best_score': 0.25}, {'epoch': 37, 'best_score': 0.0}, {'epoch': 38, 'best_score': 0.0}, {'epoch': 39, 'best_score': 0.25}, {'epoch': 40, 'best_score': 0.25}, {'epoch': 41, 'best_score': 0.25}, {'epoch': 42, 'best_score': 0.25}, {'epoch': 43, 'best_score': 0.25}, {'epoch': 44, 'best_score': 0.25}, {'epoch': 45, 'best_score': 0.25}, {'epoch': 46, 'best_score': 0.25}, {'epoch': 47, 'best_score': 0.08333331346511841}, {'epoch': 48, 'best_score': 0.08333331346511841}, {'epoch': 49, 'best_score': 0.08333331346511841}]",fmow,2,CDANN,PCA32,8.0,0.6548318862915039,0.6548318862915039,0.5420845150947571,0.5445058345794678,splits_fmow_CDANN_2_0_b09dc755c62e.npz,b09dc755c62e,False,False,0.16666666666666666,1.0,-0.05555555555555558,,,,0.647733409480286,all_pca,PCA32,IW residual DIS2 | W=2 | seed=0 (plug-in),True,
iw_residual_dis2,2.0,0.0,731.0,898.0,184.0,227.0,0.9239130434782609,0.0,1.0,54.598148345947266,0.5,0.5,0.5055410265922546,0.2500474154949188,,,,,0.07600973976784176,0.0,184.0,0.0,227.0,0.0,ok,plugin,False,,183.54505688039234,183.96208350950033,1.038348853493741,0.99801953992756,1.0201006000625408,,0.0,0.07600973976784176,0.9239902602321582,0.9239902602321582,False,,,,,,,officehome,1,DANN,PCA32,64.0,0.922024667263031,0.922024667263031,0.7193763852119446,0.7268722057342529,splits_officehome_DANN_1_0_b09dc755c62e.npz,b09dc755c62e,False,False,,,,,,,0.9239902602321582,all_pca,PCA32,IW residual DIS2 | W=2 | seed=0 (plug-in),True,
iw_residual_dis2,2.0,0.0,731.0,893.0,184.0,226.0,0.9021739130434783,0.0,1.0,4.604363918304443,0.5,0.5,0.5223949551582336,0.24794495105743408,,,,,0.10154577042474876,0.0,184.0,0.0,226.0,0.0,ok,plugin,False,,178.96519009556565,176.4786756957424,1.8387182162793574,0.9478609496107244,1.293151756172804,,0.0,0.10154577042474876,0.8984542295752512,0.8984542295752512,False,,,,,,,officehome,2,DANN,PCA32,64.0,0.915184736251831,0.915184736251831,0.44904816150665283,0.45132744312286377,splits_officehome_DANN_2_0_b09dc755c62e.npz,b09dc755c62e,False,False,,,,,,,0.8984542295752512,all_pca,PCA32,IW residual DIS2 | W=2 | seed=0 (plug-in),True,
iw_residual_dis2,2.0,0.0,731.0,507.0,184.0,128.0,0.9130434782608696,0.0,1.0,6.883321762084961,0.5,0.5,0.6056164503097534,0.24648898839950562,,,,,0.08261355020603965,0.0,184.0,0.0,128.0,0.0,ok,plugin,False,,171.9982382120955,177.87824037656586,1.5637506471510045,0.923106369675342,1.2547203335286434,,0.0,0.08261355020603965,0.9173864497939603,0.9173864497939603,False,,,,,,,officehome,3,DANN,PCA32,64.0,0.9056087732315063,0.9056087732315063,0.5364891290664673,0.5625,splits_officehome_DANN_3_0_b09dc755c62e.npz,b09dc755c62e,False,False,,,,,,,0.9173864497939603,all_pca,PCA32,IW residual DIS2 | W=2 | seed=0 (plug-in),True,
iw_residual_dis2,2.0,0.0,731.0,898.0,184.0,227.0,0.9130434782608696,0.0,1.0,1.3885092735290527,0.5,0.5,0.5959673523902893,0.24357850849628448,2.0,17.0,3.0,3.0,0.07457049993955596,0.04405286343612335,180.0,4.0,217.0,10.0,ok,plugin,False,,166.94298561304214,163.7252653098668,1.9430963162311117,0.8747073614784282,1.5261506244497056,1.0,0.011013215859030838,0.0855837157985868,0.9144162842014132,0.9144162842014132,False,0.0,0.0,0.0,1.0,1.0,"[{'epoch': 0, 'best_score': 0.0}, {'epoch': 1, 'best_score': 0.0}, {'epoch': 2, 'best_score': 0.0}, {'epoch': 3, 'best_score': 0.0}, {'epoch': 4, 'best_score': 0.0}, {'epoch': 5, 'best_score': 0.0}, {'epoch': 6, 'best_score': 0.0}, {'epoch': 7, 'best_score': 0.0}, {'epoch': 8, 'best_score': 0.0}, {'epoch': 9, 'best_score': 0.0}, {'epoch': 10, 'best_score': 0.0}, {'epoch': 11, 'best_score': 0.0}, {'epoch': 12, 'best_score': 0.0}, {'epoch': 13, 'best_score': 0.0}, {'epoch': 14, 'best_score': 0.0}, {'epoch': 15, 'best_score': 0.0}, {'epoch': 16, 'best_score': 0.0}, {'epoch': 17, 'best_score': 0.0}, {'epoch': 18, 'best_score': 0.0}, {'epoch': 19, 'best_score': 0.0}, {'epoch': 20, 'best_score': 0.0}, {'epoch': 21, 'best_score': 0.0}, {'epoch': 22, 'best_score': 0.0}, {'epoch': 23, 'best_score': 0.0}, {'epoch': 24, 'best_score': 0.0}, {'epoch': 25, 'best_score': 0.0}, {'epoch': 26, 'best_score': 0.0}, {'epoch': 27, 'best_score': 0.0}, {'epoch': 28, 'best_score': 0.0}, {'epoch': 29, 'best_score': 0.0}, {'epoch': 30, 'best_score': 0.0}, {'epoch': 31, 'best_score': 0.0}, {'epoch': 32, 'best_score': 0.0}, {'epoch': 33, 'best_score': 0.0}, {'epoch': 34, 'best_score': 0.0}, {'epoch': 35, 'best_score': 0.0}, {'epoch': 36, 'best_score': 0.0}, {'epoch': 37, 'best_score': 0.0}, {'epoch': 38, 'best_score': 0.0}, {'epoch': 39, 'best_score': 0.0}, {'epoch': 40, 'best_score': 0.0}, {'epoch': 41, 'best_score': 0.0}, {'epoch': 42, 'best_score': 0.0}, {'epoch': 43, 'best_score': 0.0}, {'epoch': 44, 'best_score': 0.0}, {'epoch': 45, 'best_score': 0.0}, {'epoch': 46, 'best_score': 0.0}, {'epoch': 47, 'best_score': 0.0}, {'epoch': 48, 'best_score': 0.0}, {'epoch': 49, 'best_score': 0.0}]",officehome,1,CDANN,PCA32,8.0,0.9138167500495911,0.9138167500495911,0.730512261390686,0.7488986253738403,splits_officehome_CDANN_1_0_b09dc755c62e.npz,b09dc755c62e,False,False,0.25,1.0,0.0,,,,0.9144162842014132,all_pca,PCA32,IW residual DIS2 | W=2 | seed=0 (plug-in),True,
iw_residual_dis2,2.0,0.0,731.0,893.0,184.0,226.0,0.8913043478260869,0.0,1.0,0.7210603356361389,0.5,0.5,0.6388332843780518,0.22562314569950104,18.0,55.0,6.0,30.0,0.08083425886843433,0.20353982300884957,174.0,10.0,180.0,46.0,ok,plugin,False,,130.62523319791262,137.26628795767243,1.953970802376722,0.6443018866219641,1.5666656251662332,1.0,0.06106194690265488,0.14189620577108922,0.8581037942289108,0.8581037942289108,False,8.0,8.0,0.3333333134651184,0.6666666865348816,1.0,"[{'epoch': 0, 'best_score': 0.1666666865348816}, {'epoch': 1, 'best_score': 0.1666666865348816}, {'epoch': 2, 'best_score': 0.1666666865348816}, {'epoch': 3, 'best_score': 0.1666666865348816}, {'epoch': 4, 'best_score': 0.1666666865348816}, {'epoch': 5, 'best_score': 0.1666666865348816}, {'epoch': 6, 'best_score': 0.1666666865348816}, {'epoch': 7, 'best_score': 0.1666666865348816}, {'epoch': 8, 'best_score': 0.3333333134651184}, {'epoch': 9, 'best_score': 0.3333333134651184}, {'epoch': 10, 'best_score': 0.3333333134651184}, {'epoch': 11, 'best_score': 0.2999999523162842}, {'epoch': 12, 'best_score': 0.2999999523162842}, {'epoch': 13, 'best_score': 0.2999999523162842}, {'epoch': 14, 'best_score': 0.2999999523162842}, {'epoch': 15, 'best_score': 0.2999999523162842}, {'epoch': 16, 'best_score': 0.2999999523162842}, {'epoch': 17, 'best_score': 0.2999999523162842}, {'epoch': 18, 'best_score': 0.2999999523162842}, {'epoch': 19, 'best_score': 0.3333333134651184}, {'epoch': 20, 'best_score': 0.3333333134651184}, {'epoch': 21, 'best_score': 0.3333333134651184}, {'epoch': 22, 'best_score': 0.3333333134651184}, {'epoch': 23, 'best_score': 0.3333333134651184}, {'epoch': 24, 'best_score': 0.3333333134651184}, {'epoch': 25, 'best_score': 0.3333333134651184}, {'epoch': 26, 'best_score': 0.3333333134651184}, {'epoch': 27, 'best_score': 0.3333333134651184}, {'epoch': 28, 'best_score': 0.3333333134651184}, {'epoch': 29, 'best_score': 0.3333333134651184}, {'epoch': 30, 'best_score': 0.3333333134651184}, {'epoch': 31, 'best_score': 0.3333333134651184}, {'epoch': 32, 'best_score': 0.3333333134651184}, {'epoch': 33, 'best_score': 0.3333333134651184}, {'epoch': 34, 'best_score': 0.3333333134651184}, {'epoch': 35, 'best_score': 0.3333333134651184}, {'epoch': 36, 'best_score': 0.3333333134651184}, {'epoch': 37, 'best_score': 0.3333333134651184}, {'epoch': 38, 'best_score': 0.3333333134651184}, {'epoch': 39, 'best_score': 0.3333333134651184}, {'epoch': 40, 'best_score': 0.3333333134651184}, {'epoch': 41, 'best_score': 0.3333333134651184}, {'epoch': 42, 'best_score': 0.3333333134651184}, {'epoch': 43, 'best_score': 0.3333333134651184}, {'epoch': 44, 'best_score': 0.3333333134651184}, {'epoch': 45, 'best_score': 0.3333333134651184}, {'epoch': 46, 'best_score': 0.3333333134651184}, {'epoch': 47, 'best_score': 0.3333333134651184}, {'epoch': 48, 'best_score': 0.3333333134651184}, {'epoch': 49, 'best_score': 0.3333333134651184}]",officehome,2,CDANN,PCA32,8.0,0.9015048146247864,0.9015048146247864,0.4501679837703705,0.45132744312286377,splits_officehome_CDANN_2_0_b09dc755c62e.npz,b09dc755c62e,False,False,0.3,1.0,0.0,,,,0.8581037942289108,all_pca,PCA32,IW residual DIS2 | W=2 | seed=0 (plug-in),True,
iw_residual_dis2,2.0,0.0,731.0,507.0,184.0,128.0,0.9130434782608696,0.0,1.0,0.5716603994369507,0.5,0.5,0.7741096019744873,0.1680358350276947,19.0,70.0,9.0,45.0,0.049249224480389826,0.4609375,170.0,14.0,69.0,59.0,ok,plugin,False,,84.3056489795099,97.09325994803439,1.9814204399605806,0.3583604448258806,1.4149098779298994,0.9661016949152542,0.01729910714285717,0.066548331623247,0.933451668376753,0.933451668376753,False,9.0,3.0,0.15555554628372192,0.7777777910232544,0.9333333373069763,"[{'epoch': 0, 'best_score': 0.08888888359069824}, {'epoch': 1, 'best_score': 0.06666666269302368}, {'epoch': 2, 'best_score': 0.1111111044883728}, {'epoch': 3, 'best_score': 0.1111111044883728}, {'epoch': 4, 'best_score': 0.1111111044883728}, {'epoch': 5, 'best_score': 0.1111111044883728}, {'epoch': 6, 'best_score': 0.1111111044883728}, {'epoch': 7, 'best_score': 0.1111111044883728}, {'epoch': 8, 'best_score': 0.1111111044883728}, {'epoch': 9, 'best_score': 0.15555554628372192}, {'epoch': 10, 'best_score': 0.15555554628372192}, {'epoch': 11, 'best_score': 0.15555554628372192}, {'epoch': 12, 'best_score': 0.15555554628372192}, {'epoch': 13, 'best_score': 0.15555554628372192}, {'epoch': 14, 'best_score': 0.15555554628372192}, {'epoch': 15, 'best_score': 0.1111111044883728}, {'epoch': 16, 'best_score': 0.1111111044883728}, {'epoch': 17, 'best_score': 0.1111111044883728}, {'epoch': 18, 'best_score': 0.1111111044883728}, {'epoch': 19, 'best_score': 0.1111111044883728}, {'epoch': 20, 'best_score': 0.1111111044883728}, {'epoch': 21, 'best_score': 0.1111111044883728}, {'epoch': 22, 'best_score': 0.1111111044883728}, {'epoch': 23, 'best_score': 0.1111111044883728}, {'epoch': 24, 'best_score': 0.1111111044883728}, {'epoch': 25, 'best_score': 0.1111111044883728}, {'epoch': 26, 'best_score': 0.1111111044883728}, {'epoch': 27, 'best_score': 0.1111111044883728}, {'epoch': 28, 'best_score': 0.1111111044883728}, {'epoch': 29, 'best_score': 0.1111111044883728}, {'epoch': 30, 'best_score': 0.1111111044883728}, {'epoch': 31, 'best_score': 0.1111111044883728}, {'epoch': 32, 'best_score': 0.1111111044883728}, {'epoch': 33, 'best_score': 0.1111111044883728}, {'epoch': 34, 'best_score': 0.1111111044883728}, {'epoch': 35, 'best_score': 0.1111111044883728}, {'epoch': 36, 'best_score': 0.1111111044883728}, {'epoch': 37, 'best_score': 0.1111111044883728}, {'epoch': 38, 'best_score': 0.1111111044883728}, {'epoch': 39, 'best_score': 0.1111111044883728}, {'epoch': 40, 'best_score': 0.1111111044883728}, {'epoch': 41, 'best_score': 0.1111111044883728}, {'epoch': 42, 'best_score': 0.08888888359069824}, {'epoch': 43, 'best_score': 0.08888888359069824}, {'epoch': 44, 'best_score': 0.08888888359069824}, {'epoch': 45, 'best_score': 0.08888888359069824}, {'epoch': 46, 'best_score': 0.08888888359069824}, {'epoch': 47, 'best_score': 0.08888888359069824}, {'epoch': 48, 'best_score': 0.08888888359069824}, {'epoch': 49, 'best_score': 0.08888888359069824}]",officehome,3,CDANN,PCA32,8.0,0.9138167500495911,0.9138167500495911,0.5364891290664673,0.5546875,splits_officehome_CDANN_3_0_b09dc755c62e.npz,b09dc755c62e,False,False,0.07142857142857142,1.0,-0.03389830508474578,,,,0.933451668376753,all_pca,PCA32,IW residual DIS2 | W=2 | seed=0 (plug-in),True,
iw_residual_dis2,2.0,0.0,24387.0,11083.0,6098.0,2773.0,0.9996720236142997,0.0,1.0,1.079893708229065,0.5,0.5,0.7299208045005798,0.18225175142288208,845.0,1659.0,426.0,857.0,2.4105807686209845e-05,0.5189325640100974,5392.0,706.0,1334.0,1439.0,ok,plugin,False,,3052.597705328506,3150.3582560956843,1.9887692065668532,0.4201548324400911,1.6119941644392528,0.6692147324530924,0.23187729920959796,0.23190140501728418,0.7680985949827158,0.7680985949827158,False,49.0,26.0,0.5240192413330078,0.18309858441352844,0.7071178555488586,"[{'epoch': 0, 'best_score': 0.13816618919372559}, {'epoch': 1, 'best_score': 0.1358599066734314}, {'epoch': 2, 'best_score': 0.14292949438095093}, {'epoch': 3, 'best_score': 0.16643112897872925}, {'epoch': 4, 'best_score': 0.1793898344039917}, {'epoch': 5, 'best_score': 0.19350171089172363}, {'epoch': 6, 'best_score': 0.18769484758377075}, {'epoch': 7, 'best_score': 0.21875905990600586}, {'epoch': 8, 'best_score': 0.2289184331893921}, {'epoch': 9, 'best_score': 0.2595307230949402}, {'epoch': 10, 'best_score': 0.27843335270881653}, {'epoch': 11, 'best_score': 0.3005352318286896}, {'epoch': 12, 'best_score': 0.3041727542877197}, {'epoch': 13, 'best_score': 0.3243381083011627}, {'epoch': 14, 'best_score': 0.33140772581100464}, {'epoch': 15, 'best_score': 0.35282212495803833}, {'epoch': 16, 'best_score': 0.3622802793979645}, {'epoch': 17, 'best_score': 0.37875327467918396}, {'epoch': 18, 'best_score': 0.3890906572341919}, {'epoch': 19, 'best_score': 0.4058786928653717}, {'epoch': 20, 'best_score': 0.41761577129364014}, {'epoch': 21, 'best_score': 0.4270191192626953}, {'epoch': 22, 'best_score': 0.4375893771648407}, {'epoch': 23, 'best_score': 0.44814586639404297}, {'epoch': 24, 'best_score': 0.4551607370376587}, {'epoch': 25, 'best_score': 0.4621756374835968}, {'epoch': 26, 'best_score': 0.4586339592933655}, {'epoch': 27, 'best_score': 0.4679962396621704}, {'epoch': 28, 'best_score': 0.46798253059387207}, {'epoch': 29, 'best_score': 0.4668020009994507}, {'epoch': 30, 'best_score': 0.46676090359687805}, {'epoch': 31, 'best_score': 0.4714146554470062}, {'epoch': 32, 'best_score': 0.4737483561038971}, {'epoch': 33, 'best_score': 0.4749152362346649}, {'epoch': 34, 'best_score': 0.4819163978099823}, {'epoch': 35, 'best_score': 0.4807495176792145}, {'epoch': 36, 'best_score': 0.4889586567878723}, {'epoch': 37, 'best_score': 0.49012553691864014}, {'epoch': 38, 'best_score': 0.4936124086380005}, {'epoch': 39, 'best_score': 0.498279869556427}, {'epoch': 40, 'best_score': 0.5041278600692749}, {'epoch': 41, 'best_score': 0.508808970451355}, {'epoch': 42, 'best_score': 0.508808970451355}, {'epoch': 43, 'best_score': 0.5134901404380798}, {'epoch': 44, 'best_score': 0.5193381309509277}, {'epoch': 45, 'best_score': 0.5146433115005493}, {'epoch': 46, 'best_score': 0.5146433115005493}, {'epoch': 47, 'best_score': 0.5158238410949707}, {'epoch': 48, 'best_score': 0.5205049514770508}, {'epoch': 49, 'best_score': 0.5240192413330078}]",visda,1,DANN,PCA32,64.0,0.9995489120483398,0.9995489120483398,0.6463051438331604,0.6473133563995361,splits_visda_DANN_1_0_b09dc755c62e.npz,b09dc755c62e,False,False,0.00141643059490085,0.2237960339943343,0.4454186984587581,,,,0.7680985949827158,all_pca,PCA32,IW residual DIS2 | W=2 | seed=0 (plug-in),True,
iw_residual_dis2,2.0,0.0,24387.0,14480.0,6098.0,3620.0,0.9998360118071499,0.0,1.0,1.0676605701446533,0.5,0.5,0.7167757749557495,0.19087281823158264,818.0,1952.0,404.0,986.0,0.00013351017876395857,0.45,5402.0,696.0,1991.0,1629.0,ok,plugin,False,,3225.6731673275885,3411.317253908172,1.9979685657767499,0.46622167834260686,1.5742042923416004,0.6838551258440762,0.2088123928367308,0.20894590301549476,0.7910540969845052,0.7910540969845052,False,49.0,23.0,0.45864880084991455,0.21782177686691284,0.6764705777168274,"[{'epoch': 0, 'best_score': 0.0964091420173645}, {'epoch': 1, 'best_score': 0.09831702709197998}, {'epoch': 2, 'best_score': 0.10967910289764404}, {'epoch': 3, 'best_score': 0.11012589931488037}, {'epoch': 4, 'best_score': 0.10416126251220703}, {'epoch': 5, 'best_score': 0.10730922222137451}, {'epoch': 6, 'best_score': 0.11082881689071655}, {'epoch': 7, 'best_score': 0.1312684416770935}, {'epoch': 8, 'best_score': 0.15765267610549927}, {'epoch': 9, 'best_score': 0.18829959630966187}, {'epoch': 10, 'best_score': 0.2273010015487671}, {'epoch': 11, 'best_score': 0.23084071278572083}, {'epoch': 12, 'best_score': 0.2508485019207001}, {'epoch': 13, 'best_score': 0.2602675259113312}, {'epoch': 14, 'best_score': 0.2722822427749634}, {'epoch': 15, 'best_score': 0.2788996696472168}, {'epoch': 16, 'best_score': 0.2916022539138794}, {'epoch': 17, 'best_score': 0.31059587001800537}, {'epoch': 18, 'best_score': 0.31181591749191284}, {'epoch': 19, 'best_score': 0.3160785734653473}, {'epoch': 20, 'best_score': 0.3308095633983612}, {'epoch': 21, 'best_score': 0.32427752017974854}, {'epoch': 22, 'best_score': 0.3343190848827362}, {'epoch': 23, 'best_score': 0.35104331374168396}, {'epoch': 24, 'best_score': 0.3603920042514801}, {'epoch': 25, 'best_score': 0.3752635717391968}, {'epoch': 26, 'best_score': 0.38751932978630066}, {'epoch': 27, 'best_score': 0.38772517442703247}, {'epoch': 28, 'best_score': 0.4088676869869232}, {'epoch': 29, 'best_score': 0.4136976897716522}, {'epoch': 30, 'best_score': 0.4204356074333191}, {'epoch': 31, 'best_score': 0.42729395627975464}, {'epoch': 32, 'best_score': 0.43415236473083496}, {'epoch': 33, 'best_score': 0.42952823638916016}, {'epoch': 34, 'best_score': 0.42356356978416443}, {'epoch': 35, 'best_score': 0.4276203215122223}, {'epoch': 36, 'best_score': 0.4330177307128906}, {'epoch': 37, 'best_score': 0.42749983072280884}, {'epoch': 38, 'best_score': 0.43114492297172546}, {'epoch': 39, 'best_score': 0.43069809675216675}, {'epoch': 40, 'best_score': 0.4331733286380768}, {'epoch': 41, 'best_score': 0.43905267119407654}, {'epoch': 42, 'best_score': 0.4386058449745178}, {'epoch': 43, 'best_score': 0.44716623425483704}, {'epoch': 44, 'best_score': 0.4516699016094208}, {'epoch': 45, 'best_score': 0.45617353916168213}, {'epoch': 46, 'best_score': 0.4554857313632965}, {'epoch': 47, 'best_score': 0.45820194482803345}, {'epoch': 48, 'best_score': 0.45515936613082886}, {'epoch': 49, 'best_score': 0.45864880084991455}]",visda,2,DANN,PCA32,64.0,0.9997539520263672,0.9997539520263672,0.6546961069107056,0.6544198393821716,splits_visda_DANN_2_0_b09dc755c62e.npz,b09dc755c62e,False,False,0.0,0.21982758620689655,0.4640275396371796,,,,0.7910540969845052,all_pca,PCA32,IW residual DIS2 | W=2 | seed=0 (plug-in),True,
iw_residual_dis2,2.0,0.0,24387.0,11083.0,6098.0,2773.0,0.9993440472285995,0.0,1.0,1.064231514930725,0.5,0.5,0.5714228749275208,0.2415539026260376,93.0,19.0,39.0,3.0,0.0006005280193137972,0.005048683736025965,6021.0,77.0,2759.0,14.0,ok,plugin,False,,5943.19707176466,5305.113697830908,1.9989920802956715,0.9919489407288891,1.6082216244655196,0.7857142857142857,0.001737534013047897,0.002338062032361694,0.9976619379676384,0.9976619379676384,False,8.0,20.0,0.4871794581413269,0.5128205418586731,1.0,"[{'epoch': 0, 'best_score': 0.4615384340286255}, {'epoch': 1, 'best_score': 0.4615384340286255}, {'epoch': 2, 'best_score': 0.4615384340286255}, {'epoch': 3, 'best_score': 0.4615384340286255}, {'epoch': 4, 'best_score': 0.4615384340286255}, {'epoch': 5, 'best_score': 0.4615384340286255}, {'epoch': 6, 'best_score': 0.4615384340286255}, {'epoch': 7, 'best_score': 0.4615384340286255}, {'epoch': 8, 'best_score': 0.4871794581413269}, {'epoch': 9, 'best_score': 0.4871794581413269}, {'epoch': 10, 'best_score': 0.4871794581413269}, {'epoch': 11, 'best_score': 0.4615384340286255}, {'epoch': 12, 'best_score': 0.4615384340286255}, {'epoch': 13, 'best_score': 0.4615384340286255}, {'epoch': 14, 'best_score': 0.4615384340286255}, {'epoch': 15, 'best_score': 0.4615384340286255}, {'epoch': 16, 'best_score': 0.4615384340286255}, {'epoch': 17, 'best_score': 0.4615384340286255}, {'epoch': 18, 'best_score': 0.4615384340286255}, {'epoch': 19, 'best_score': 0.4358974099159241}, {'epoch': 20, 'best_score': 0.4358974099159241}, {'epoch': 21, 'best_score': 0.4358974099159241}, {'epoch': 22, 'best_score': 0.4358974099159241}, {'epoch': 23, 'best_score': 0.41025638580322266}, {'epoch': 24, 'best_score': 0.41025638580322266}, {'epoch': 25, 'best_score': 0.3589743375778198}, {'epoch': 26, 'best_score': 0.3333333134651184}, {'epoch': 27, 'best_score': 0.307692289352417}, {'epoch': 28, 'best_score': 0.25641024112701416}, {'epoch': 29, 'best_score': 0.23076921701431274}, {'epoch': 30, 'best_score': 0.25641024112701416}, {'epoch': 31, 'best_score': 0.25641024112701416}, {'epoch': 32, 'best_score': 0.20512819290161133}, {'epoch': 33, 'best_score': 0.3333333134651184}, {'epoch': 34, 'best_score': 0.307692289352417}, {'epoch': 35, 'best_score': 0.307692289352417}, {'epoch': 36, 'best_score': 0.307692289352417}, {'epoch': 37, 'best_score': 0.307692289352417}, {'epoch': 38, 'best_score': 0.307692289352417}, {'epoch': 39, 'best_score': 0.307692289352417}, {'epoch': 40, 'best_score': 0.3333333134651184}, {'epoch': 41, 'best_score': 0.3333333134651184}, {'epoch': 42, 'best_score': 0.3333333134651184}, {'epoch': 43, 'best_score': 0.3333333134651184}, {'epoch': 44, 'best_score': 0.3333333134651184}, {'epoch': 45, 'best_score': 0.38461536169052124}, {'epoch': 46, 'best_score': 0.38461536169052124}, {'epoch': 47, 'best_score': 0.41025638580322266}, {'epoch': 48, 'best_score': 0.4358974099159241}, {'epoch': 49, 'best_score': 0.4871794581413269}]",visda,1,CDANN,PCA32,8.0,0.9990978837013245,0.9990978837013245,0.6784264445304871,0.6693112254142761,splits_visda_CDANN_1_0_b09dc755c62e.npz,b09dc755c62e,False,False,0.0,0.44155844155844154,0.34415584415584416,,,,0.9976619379676384,all_pca,PCA32,IW residual DIS2 | W=2 | seed=0 (plug-in),True,
iw_residual_dis2,2.0,0.0,24387.0,14480.0,6098.0,3620.0,0.9995080354214496,0.0,1.0,1.0397217273712158,0.5,0.5,0.5813404321670532,0.24198924005031586,43.0,55.0,24.0,22.0,0.0005276078268628446,0.0077348066298342545,6061.0,37.0,3592.0,28.0,ok,plugin,False,,6010.741098783826,5376.21194451067,1.9991709740895411,0.9148304550940375,1.6585044376035925,0.6785714285714286,0.003158130506196805,0.0036857383330596493,0.9963142616669404,0.9963142616669404,False,23.0,19.0,0.8674242496490479,0.0416666679084301,0.9090909361839294,"[{'epoch': 0, 'best_score': 0.6477272510528564}, {'epoch': 1, 'best_score': 0.6477272510528564}, {'epoch': 2, 'best_score': 0.6477272510528564}, {'epoch': 3, 'best_score': 0.6477272510528564}, {'epoch': 4, 'best_score': 0.6477272510528564}, {'epoch': 5, 'best_score': 0.6477272510528564}, {'epoch': 6, 'best_score': 0.6477272510528564}, {'epoch': 7, 'best_score': 0.6477272510528564}, {'epoch': 8, 'best_score': 0.6477272510528564}, {'epoch': 9, 'best_score': 0.6477272510528564}, {'epoch': 10, 'best_score': 0.6477272510528564}, {'epoch': 11, 'best_score': 0.6477272510528564}, {'epoch': 12, 'best_score': 0.6931818127632141}, {'epoch': 13, 'best_score': 0.6931818127632141}, {'epoch': 14, 'best_score': 0.6477272510528564}, {'epoch': 15, 'best_score': 0.6477272510528564}, {'epoch': 16, 'best_score': 0.6477272510528564}, {'epoch': 17, 'best_score': 0.6477272510528564}, {'epoch': 18, 'best_score': 0.75}, {'epoch': 19, 'best_score': 0.7878787517547607}, {'epoch': 20, 'best_score': 0.7386363744735718}, {'epoch': 21, 'best_score': 0.7348484992980957}, {'epoch': 22, 'best_score': 0.7765151262283325}, {'epoch': 23, 'best_score': 0.8674242496490479}, {'epoch': 24, 'best_score': 0.7803030610084534}, {'epoch': 25, 'best_score': 0.7348484992980957}, {'epoch': 26, 'best_score': 0.689393937587738}, {'epoch': 27, 'best_score': 0.685606062412262}, {'epoch': 28, 'best_score': 0.6969696879386902}, {'epoch': 29, 'best_score': 0.6969696879386902}, {'epoch': 30, 'best_score': 0.6969696879386902}, {'epoch': 31, 'best_score': 0.7424242496490479}, {'epoch': 32, 'best_score': 0.7424242496490479}, {'epoch': 33, 'best_score': 0.7424242496490479}, {'epoch': 34, 'best_score': 0.7424242496490479}, {'epoch': 35, 'best_score': 0.7424242496490479}, {'epoch': 36, 'best_score': 0.7424242496490479}, {'epoch': 37, 'best_score': 0.7310605645179749}, {'epoch': 38, 'best_score': 0.7310605645179749}, {'epoch': 39, 'best_score': 0.7310605645179749}, {'epoch': 40, 'best_score': 0.7310605645179749}, {'epoch': 41, 'best_score': 0.7310605645179749}, {'epoch': 42, 'best_score': 0.7424242496490479}, {'epoch': 43, 'best_score': 0.7840909361839294}, {'epoch': 44, 'best_score': 0.8219696879386902}, {'epoch': 45, 'best_score': 0.8219696879386902}, {'epoch': 46, 'best_score': 0.8219696879386902}, {'epoch': 47, 'best_score': 0.8219696879386902}, {'epoch': 48, 'best_score': 0.8219696879386902}, {'epoch': 49, 'best_score': 0.8219696879386902}]",visda,2,CDANN,PCA32,8.0,0.9995899200439453,0.9995899200439453,0.7107734680175781,0.7140883803367615,splits_visda_CDANN_2_0_b09dc755c62e.npz,b09dc755c62e,False,False,0.0,0.2702702702702703,0.4083011583011583,,,,0.9963142616669404,all_pca,PCA32,IW residual DIS2 | W=2 | seed=0 (plug-in),True,
iw_residual_dis2,2.0,0.0,6500.0,33009.0,1625.0,8255.0,0.904,0.0,1.0,1.3086957931518555,0.5,0.5,0.5278671383857727,0.24926641583442688,,,,,0.10108638397773592,0.0,1625.0,0.0,8255.0,0.0,ok,plugin,False,,1630.1328425802742,1606.9699378663802,1.3430315601163885,1.0094111559169854,1.1666344704135188,,0.0,0.10108638397773592,0.898913616022264,0.898913616022264,False,,,,,,,entity13,1,DANN,PCA64,8.0,0.905846118927002,0.905846118927002,0.7318307161331177,0.7345851063728333,splits_entity13_DANN_1_0_b09dc755c62e.npz,b09dc755c62e,False,False,,,,,,,0.898913616022264,all_pca,PCA64,IW residual DIS2 | W=2 | seed=0 (plug-in),True,
iw_residual_dis2,2.0,0.0,6500.0,260.0,1625.0,65.0,0.9101538461538462,0.0,1.0,54.598148345947266,0.5,0.5,0.5423077344894409,0.2500010132789612,,,,,0.09002085765159114,0.0,1625.0,0.0,65.0,0.0,ok,plugin,False,,1623.867508864727,1624.94457061328,1.0131637666857773,0.9999228337010421,1.0077111228032536,,0.0,0.09002085765159114,0.9099791423484088,0.9099791423484088,False,,,,,,,entity13,2,DANN,PCA64,8.0,0.9129230380058289,0.9129230380058289,0.8615384697914124,0.8461538553237915,splits_entity13_DANN_2_0_b09dc755c62e.npz,b09dc755c62e,False,False,,,,,,,0.9099791423484088,all_pca,PCA64,IW residual DIS2 | W=2 | seed=0 (plug-in),True,
iw_residual_dis2,2.0,0.0,6500.0,260.0,1625.0,65.0,0.9027692307692308,0.0,1.0,1.2819743156433105,0.5,0.5,0.5923076868057251,0.23913535475730896,48.0,1.0,29.0,0.0,0.1109583973563937,0.015384615384615385,1590.0,35.0,64.0,1.0,unsupported_critic_region,plugin,False,,1561.7369299713573,1384.727166095631,1.990357610612191,0.9390773313580334,1.6635209351916371,,,,,,,,,,,,,entity13,3,DANN,PCA64,8.0,0.907076895236969,0.907076895236969,0.6653845906257629,0.5538461804389954,splits_entity13_DANN_3_0_b09dc755c62e.npz,b09dc755c62e,,,,,,,,,,all_pca,PCA64,IW residual DIS2 | W=2 | seed=0 (plug-in),False,
iw_residual_dis2,2.0,0.0,6500.0,33009.0,1625.0,8255.0,0.9132307692307693,0.0,1.0,54.598148345947266,0.5,0.5,0.48849648237228394,0.2500005066394806,,,,,0.0867446080405041,0.0,1625.0,0.0,8255.0,0.0,ok,plugin,False,,1625.0104802834655,1624.995182551391,1.0064636340365594,1.0000172575956412,1.0028910849494852,,0.0,0.0867446080405041,0.9132553919594959,0.9132553919594959,False,,,,,,,entity13,1,CDANN,PCA64,4.0,0.9096922874450684,0.9096922874450684,0.7354357838630676,0.7372501492500305,splits_entity13_CDANN_1_0_b09dc755c62e.npz,b09dc755c62e,False,False,,,,,,,0.9132553919594959,all_pca,PCA64,IW residual DIS2 | W=2 | seed=0 (plug-in),True,
iw_residual_dis2,2.0,0.0,6500.0,260.0,1625.0,65.0,0.9058461538461539,0.0,1.0,54.598148345947266,0.5,0.5,0.49000000953674316,0.2501106858253479,,,,,0.09416216004081532,0.0,1625.0,0.0,65.0,0.0,ok,plugin,False,,1624.791732825905,1624.9849274835674,1.0108790565392995,1.000233988926311,1.0046893332346905,,0.0,0.09416216004081532,0.9058378399591847,0.9058378399591847,False,,,,,,,entity13,2,CDANN,PCA64,4.0,0.9081538319587708,0.9081538319587708,0.8423076868057251,0.8769230842590332,splits_entity13_CDANN_2_0_b09dc755c62e.npz,b09dc755c62e,False,False,,,,,,,0.9058378399591847,all_pca,PCA64,IW residual DIS2 | W=2 | seed=0 (plug-in),True,
iw_residual_dis2,2.0,0.0,6500.0,260.0,1625.0,65.0,0.9015384615384615,0.0,1.0,54.598148345947266,0.5,0.5,0.4623076915740967,0.25002437829971313,,,,,0.09848200488057021,0.0,1625.0,0.0,65.0,0.0,ok,plugin,False,,1625.1146666030108,1624.9909776327831,1.0076897349064209,1.0003156991546214,1.0038571249460189,,0.0,0.09848200488057021,0.9015179951194298,0.9015179951194298,False,,,,,,,entity13,3,CDANN,PCA64,4.0,0.9061538577079773,0.9061538577079773,0.6653845906257629,0.5692307949066162,splits_entity13_CDANN_3_0_b09dc755c62e.npz,b09dc755c62e,False,False,,,,,,,0.9015179951194298,all_pca,PCA64,IW residual DIS2 | W=2 | seed=0 (plug-in),True,
iw_residual_dis2,2.0,0.0,6000.0,30828.0,1500.0,7709.0,0.8426666666666667,0.0,1.0,1.1351608037948608,0.5,0.5,0.5246219635009766,0.24913722276687622,,,,,0.16157223088631326,0.0,1500.0,0.0,7709.0,0.0,ok,plugin,False,,1496.897659497622,1476.8745478572196,1.2961028225094875,1.0074417556052695,1.1843676061447805,,0.0,0.16157223088631326,0.8384277691136868,0.8384277691136868,False,,,,,,,entity30,1,DANN,PCA64,8.0,0.8550000190734863,0.8550000190734863,0.6190800070762634,0.6236866116523743,splits_entity30_DANN_1_0_b09dc755c62e.npz,b09dc755c62e,False,False,,,,,,,0.8384277691136868,all_pca,PCA64,IW residual DIS2 | W=2 | seed=0 (plug-in),True,
iw_residual_dis2,2.0,0.0,6000.0,240.0,1500.0,60.0,0.8606666666666667,0.0,1.0,54.598148345947266,0.5,0.5,0.4650000035762787,0.2501038610935211,,,,,0.1392572417991427,0.0,1500.0,0.0,60.0,0.0,ok,plugin,False,,1498.7135151933867,1499.95020728636,1.0204051694998342,0.999465075440123,1.0082049978073597,,0.0,0.1392572417991427,0.8607427582008573,0.8607427582008573,False,,,,,,,entity30,2,DANN,PCA64,8.0,0.8646666407585144,0.8646666407585144,0.7875000238418579,0.7500000596046448,splits_entity30_DANN_2_0_b09dc755c62e.npz,b09dc755c62e,False,False,,,,,,,0.8607427582008573,all_pca,PCA64,IW residual DIS2 | W=2 | seed=0 (plug-in),True,
iw_residual_dis2,2.0,0.0,6000.0,240.0,1500.0,60.0,0.8553333333333333,0.0,1.0,2.260317325592041,0.5,0.5,0.5391666889190674,0.24593764543533325,,,,,0.14272063311684602,0.0,1500.0,0.0,60.0,0.0,ok,plugin,False,,1455.4459106174133,1391.2123813282278,1.8302181078667505,0.9532407991618097,1.4305858481834188,,0.0,0.14272063311684602,0.857279366883154,0.857279366883154,False,,,,,,,entity30,3,DANN,PCA64,8.0,0.8636666536331177,0.8636666536331177,0.5708333849906921,0.6666666865348816,splits_entity30_DANN_3_0_b09dc755c62e.npz,b09dc755c62e,False,False,,,,,,,0.857279366883154,all_pca,PCA64,IW residual DIS2 | W=2 | seed=0 (plug-in),True,
iw_residual_dis2,2.0,0.0,6000.0,30828.0,1500.0,7709.0,0.856,0.0,1.0,2.501192092895508,0.5,0.5,0.5093792080879211,0.24990494549274445,,,,,0.1439387201781356,0.0,1500.0,0.0,7709.0,0.0,ok,plugin,False,,1497.345056073118,1496.8106433237551,1.1623518295972715,1.000636561136037,1.062106389286961,,0.0,0.1439387201781356,0.8560612798218644,0.8560612798218644,False,,,,,,,entity30,1,CDANN,PCA64,4.0,0.8611666560173035,0.8611666560173035,0.627903163433075,0.6345829367637634,splits_entity30_CDANN_1_0_b09dc755c62e.npz,b09dc755c62e,False,False,,,,,,,0.8560612798218644,all_pca,PCA64,IW residual DIS2 | W=2 | seed=0 (plug-in),True,
iw_residual_dis2,2.0,0.0,6000.0,240.0,1500.0,60.0,0.862,0.0,1.0,54.598148345947266,0.5,0.5,0.48000001907348633,0.25000283122062683,,,,,0.1378338648813575,0.0,1500.0,0.0,60.0,0.0,ok,plugin,False,,1499.1853608452848,1499.953321785527,1.0173589377080638,0.9993373142922336,1.009016969794638,,0.0,0.1378338648813575,0.8621661351186425,0.8621661351186425,False,,,,,,,entity30,2,CDANN,PCA64,4.0,0.8646666407585144,0.8646666407585144,0.8125000596046448,0.7500000596046448,splits_entity30_CDANN_2_0_b09dc755c62e.npz,b09dc755c62e,False,False,,,,,,,0.8621661351186425,all_pca,PCA64,IW residual DIS2 | W=2 | seed=0 (plug-in),True,
iw_residual_dis2,2.0,0.0,6000.0,240.0,1500.0,60.0,0.8453333333333333,0.0,1.0,54.598148345947266,0.5,0.5,0.40833336114883423,0.25013113021850586,,,,,0.1541786990101909,0.0,1500.0,0.0,60.0,0.0,ok,plugin,False,,1498.457523308873,1499.9109338428157,1.0301702504297168,0.9984850628848397,1.0125685765149461,,0.0,0.1541786990101909,0.8458213009898091,0.8458213009898091,False,,,,,,,entity30,3,CDANN,PCA64,4.0,0.8573333024978638,0.8573333024978638,0.5625,0.6166666746139526,splits_entity30_CDANN_3_0_b09dc755c62e.npz,b09dc755c62e,False,False,,,,,,,0.8458213009898091,all_pca,PCA64,IW residual DIS2 | W=2 | seed=0 (plug-in),True,
iw_residual_dis2,2.0,0.0,10000.0,2000.0,2500.0,500.0,0.9452,0.0,1.0,3.2104811668395996,0.5,0.5,0.5245000123977661,0.24948738515377045,,,,,0.05740731834074809,0.0,2500.0,0.0,500.0,0.0,ok,plugin,False,,2483.694361699724,2480.288576350498,1.3279107202888074,0.9906264313580704,1.144330749321766,,0.0,0.05740731834074809,0.9425926816592519,0.9425926816592519,False,,,,,,,cifar10,1,DANN,PCA64,8.0,0.9508999586105347,0.9508999586105347,0.8440000414848328,0.8360000252723694,splits_cifar10_DANN_1_0_b09dc755c62e.npz,b09dc755c62e,False,False,,,,,,,0.9425926816592519,all_pca,PCA64,IW residual DIS2 | W=2 | seed=0 (plug-in),True,
iw_residual_dis2,2.0,0.0,10000.0,2000.0,2500.0,500.0,0.946,0.0,1.0,54.598148345947266,0.5,0.5,0.4765000343322754,0.25002437829971313,,,,,0.05407419483290664,0.0,2500.0,0.0,500.0,0.0,ok,plugin,False,,2499.212320307498,2499.9691264721077,1.011697805997689,0.999631172399533,1.0055052242041345,,0.0,0.05407419483290664,0.9459258051670933,0.9459258051670933,False,,,,,,,cifar10,10,DANN,PCA64,8.0,0.9477999806404114,0.9477999806404114,0.924500048160553,0.9120000600814819,splits_cifar10_DANN_10_0_b09dc755c62e.npz,b09dc755c62e,False,False,,,,,,,0.9459258051670933,all_pca,PCA64,IW residual DIS2 | W=2 | seed=0 (plug-in),True,
iw_residual_dis2,2.0,0.0,10000.0,2000.0,2500.0,500.0,0.9452,0.0,1.0,22.349769592285156,0.5,0.5,0.5015000104904175,0.24999487400054932,,,,,0.05501647640405188,0.0,2500.0,0.0,500.0,0.0,ok,plugin,False,,2497.951345833226,2499.8222106160515,1.0283642144906842,0.9991279803711102,1.0130134514164202,,0.0,0.05501647640405188,0.9449835235959482,0.9449835235959482,False,,,,,,,cifar10,71,DANN,PCA64,8.0,0.9487999677658081,0.9487999677658081,0.9305000305175781,0.9180000424385071,splits_cifar10_DANN_71_0_b09dc755c62e.npz,b09dc755c62e,False,False,,,,,,,0.9449835235959482,all_pca,PCA64,IW residual DIS2 | W=2 | seed=0 (plug-in),True,
iw_residual_dis2,2.0,0.0,10000.0,2000.0,2500.0,500.0,0.9528,0.0,1.0,54.598148345947266,0.5,0.5,0.4749999940395355,0.250029593706131,,,,,0.04723443424015196,0.0,2500.0,0.0,500.0,0.0,ok,plugin,False,,2499.5225119407287,2499.980807613092,1.0090857282502275,0.9998212512886169,1.0042972910279757,,0.0,0.04723443424015196,0.952765565759848,0.952765565759848,False,,,,,,,cifar10,95,DANN,PCA64,8.0,0.9515999555587769,0.9515999555587769,0.9390000700950623,0.9360000491142273,splits_cifar10_DANN_95_0_b09dc755c62e.npz,b09dc755c62e,False,False,,,,,,,0.952765565759848,all_pca,PCA64,IW residual DIS2 | W=2 | seed=0 (plug-in),True,
iw_residual_dis2,2.0,0.0,10000.0,2000.0,2500.0,500.0,0.9476,0.0,1.0,5.544522285461426,0.5,0.5,0.4950000047683716,0.2499614953994751,,,,,0.05267235491817421,0.0,2500.0,0.0,500.0,0.0,ok,plugin,False,,2495.4039758421877,2498.3981475292917,1.0828151088796092,0.9970591808955798,1.0413423988255859,,0.0,0.05267235491817421,0.9473276450818258,0.9473276450818258,False,,,,,,,cifar10,1,CDANN,PCA64,4.0,0.949999988079071,0.949999988079071,0.846500039100647,0.8440000414848328,splits_cifar10_CDANN_1_0_b09dc755c62e.npz,b09dc755c62e,False,False,,,,,,,0.9473276450818258,all_pca,PCA64,IW residual DIS2 | W=2 | seed=0 (plug-in),True,
iw_residual_dis2,2.0,0.0,10000.0,2000.0,2500.0,500.0,0.9468,0.0,1.0,3.036691188812256,0.5,0.5,0.5099999904632568,0.2497776448726654,,,,,0.054674570580438536,0.0,2500.0,0.0,500.0,0.0,ok,plugin,False,,2486.344502889966,2489.86873799729,1.2180447627944306,0.9912031002319934,1.1040413854600641,,0.0,0.054674570580438536,0.9453254294195614,0.9453254294195614,False,,,,,,,cifar10,10,CDANN,PCA64,4.0,0.948699951171875,0.948699951171875,0.9160000681877136,0.9120000600814819,splits_cifar10_CDANN_10_0_b09dc755c62e.npz,b09dc755c62e,False,False,,,,,,,0.9453254294195614,all_pca,PCA64,IW residual DIS2 | W=2 | seed=0 (plug-in),True,
iw_residual_dis2,2.0,0.0,10000.0,2000.0,2500.0,500.0,0.9492,0.0,1.0,0.9643043875694275,0.5,0.5,0.5429999828338623,0.24725838005542755,2.0,1.0,1.0,1.0,0.05895552705623316,0.004,2497.0,3.0,498.0,2.0,ok,plugin,False,,2483.092178469199,2381.559970879727,1.9450994926430634,0.9586695009647127,1.4100552858363793,1.0,0.0,0.05895552705623316,0.9410444729437668,0.9410444729437668,False,0.0,4.0,1.0,0.0,1.0,"[{'epoch': 0, 'best_score': 1.0}, {'epoch': 1, 'best_score': 1.0}, {'epoch': 2, 'best_score': 1.0}, {'epoch': 3, 'best_score': 1.0}, {'epoch': 4, 'best_score': 1.0}, {'epoch': 5, 'best_score': 1.0}, {'epoch': 6, 'best_score': 1.0}, {'epoch': 7, 'best_score': 1.0}, {'epoch': 8, 'best_score': 1.0}, {'epoch': 9, 'best_score': 1.0}, {'epoch': 10, 'best_score': 1.0}, {'epoch': 11, 'best_score': 1.0}, {'epoch': 12, 'best_score': 1.0}, {'epoch': 13, 'best_score': 1.0}, {'epoch': 14, 'best_score': 1.0}, {'epoch': 15, 'best_score': 1.0}, {'epoch': 16, 'best_score': 1.0}, {'epoch': 17, 'best_score': 1.0}, {'epoch': 18, 'best_score': 1.0}, {'epoch': 19, 'best_score': 1.0}, {'epoch': 20, 'best_score': 1.0}, {'epoch': 21, 'best_score': 1.0}, {'epoch': 22, 'best_score': 1.0}, {'epoch': 23, 'best_score': 0.0}, {'epoch': 24, 'best_score': 0.0}, {'epoch': 25, 'best_score': 0.0}, {'epoch': 26, 'best_score': 0.0}, {'epoch': 27, 'best_score': 0.0}, {'epoch': 28, 'best_score': 0.0}, {'epoch': 29, 'best_score': 0.0}, {'epoch': 30, 'best_score': 0.0}, {'epoch': 31, 'best_score': 0.0}, {'epoch': 32, 'best_score': 0.0}, {'epoch': 33, 'best_score': 0.0}, {'epoch': 34, 'best_score': 0.0}, {'epoch': 35, 'best_score': 0.0}, {'epoch': 36, 'best_score': 0.0}, {'epoch': 37, 'best_score': 0.0}, {'epoch': 38, 'best_score': 0.0}, {'epoch': 39, 'best_score': 0.0}, {'epoch': 40, 'best_score': 0.0}, {'epoch': 41, 'best_score': 0.0}, {'epoch': 42, 'best_score': 0.0}, {'epoch': 43, 'best_score': 0.0}, {'epoch': 44, 'best_score': 0.0}, {'epoch': 45, 'best_score': 0.0}, {'epoch': 46, 'best_score': 0.0}, {'epoch': 47, 'best_score': 0.0}, {'epoch': 48, 'best_score': 0.0}, {'epoch': 49, 'best_score': 0.0}]",cifar10,71,CDANN,PCA64,4.0,0.9511999487876892,0.9511999487876892,0.9280000329017639,0.9040000438690186,splits_cifar10_CDANN_71_0_b09dc755c62e.npz,b09dc755c62e,False,False,0.0,1.0,0.0,,,,0.9410444729437668,all_pca,PCA64,IW residual DIS2 | W=2 | seed=0 (plug-in),True,
iw_residual_dis2,2.0,0.0,10000.0,2000.0,2500.0,500.0,0.9516,0.0,1.0,1.27089262008667,0.5,0.5,0.531000018119812,0.2487258017063141,,,,,0.05066235755785941,0.0,2500.0,0.0,500.0,0.0,ok,plugin,False,,2487.751675550584,2445.821786363959,1.725146198134598,0.9797069195652957,1.2586079309812275,,0.0,0.05066235755785941,0.9493376424421406,0.9493376424421406,False,,,,,,,cifar10,95,CDANN,PCA64,4.0,0.9526000022888184,0.9526000022888184,0.9355000257492065,0.9260000586509705,splits_cifar10_CDANN_95_0_b09dc755c62e.npz,b09dc755c62e,False,False,,,,,,,0.9493376424421406,all_pca,PCA64,IW residual DIS2 | W=2 | seed=0 (plug-in),True,
iw_residual_dis2,2.0,0.0,10000.0,2000.0,2500.0,500.0,0.758,0.0,1.0,54.598148345947266,0.5,0.5,0.49800002574920654,0.2500194013118744,,,,,0.2419970056393011,0.0,2500.0,0.0,500.0,0.0,ok,plugin,False,,2499.6242444340173,2499.9788343579085,1.0091802353589787,0.9995349819050129,1.0049109065408897,,0.0,0.2419970056393011,0.758002994360699,0.758002994360699,False,,,,,,,cifar100,4,DANN,PCA64,8.0,0.7841999530792236,0.7841999530792236,0.7440000176429749,0.7760000228881836,splits_cifar100_DANN_4_0_b09dc755c62e.npz,b09dc755c62e,False,True,,,,,,,0.758002994360699,all_pca,PCA64,IW residual DIS2 | W=2 | seed=0 (plug-in),True,
iw_residual_dis2,2.0,0.0,10000.0,2000.0,2500.0,500.0,0.76,0.0,1.0,54.598148345947266,0.5,0.5,0.48350000381469727,0.25001242756843567,,,,,0.24000216283219478,0.0,2500.0,0.0,500.0,0.0,ok,plugin,False,,2499.7270658068555,2499.9832088509424,1.0070518510479602,0.9995212269921505,1.0042715241660813,,0.0,0.24000216283219478,0.7599978371678052,0.7599978371678052,False,,,,,,,cifar100,12,DANN,PCA64,8.0,0.7831999659538269,0.7831999659538269,0.7545000314712524,0.7860000133514404,splits_cifar100_DANN_12_0_b09dc755c62e.npz,b09dc755c62e,False,True,,,,,,,0.7599978371678052,all_pca,PCA64,IW residual DIS2 | W=2 | seed=0 (plug-in),True,
iw_residual_dis2,2.0,0.0,10000.0,2000.0,2500.0,500.0,0.7596,0.0,1.0,10.468952178955078,0.5,0.5,0.4869999885559082,0.24998801946640015,,,,,0.24010359012793478,0.0,2500.0,0.0,500.0,0.0,ok,plugin,False,,2498.041437601939,2499.52697885957,1.0362665985378807,0.9968752840941291,1.0227371633481803,,0.0,0.24010359012793478,0.7598964098720652,0.7598964098720652,False,,,,,,,cifar100,59,DANN,PCA64,8.0,0.7841999530792236,0.7841999530792236,0.7585000395774841,0.7720000147819519,splits_cifar100_DANN_59_0_b09dc755c62e.npz,b09dc755c62e,False,True,,,,,,,0.7598964098720652,all_pca,PCA64,IW residual DIS2 | W=2 | seed=0 (plug-in),True,
iw_residual_dis2,2.0,0.0,10000.0,2000.0,2500.0,500.0,0.764,0.0,1.0,54.598148345947266,0.5,0.5,0.48000001907348633,0.2500184178352356,,,,,0.23594033331337205,0.0,2500.0,0.0,500.0,0.0,ok,plugin,False,,2499.6605615415606,2499.9854046624814,1.0058469965250008,0.9998550078139059,1.0036774470213292,,0.0,0.23594033331337205,0.764059666686628,0.764059666686628,False,,,,,,,cifar100,82,DANN,PCA64,8.0,0.7861999869346619,0.7861999869346619,0.7695000171661377,0.7700000405311584,splits_cifar100_DANN_82_0_b09dc755c62e.npz,b09dc755c62e,True,True,,,,,,,0.764059666686628,all_pca,PCA64,IW residual DIS2 | W=2 | seed=0 (plug-in),True,
iw_residual_dis2,2.0,0.0,10000.0,2000.0,2500.0,500.0,0.762,0.0,1.0,54.598148345947266,0.5,0.5,0.4700000286102295,0.2500154376029968,,,,,0.2379702066487734,0.0,2500.0,0.0,500.0,0.0,ok,plugin,False,,2499.7535950086026,2499.985800981711,1.0067786267290388,0.9996182778153593,1.0044949591310528,,0.0,0.2379702066487734,0.7620297933512266,0.7620297933512266,False,,,,,,,cifar100,4,CDANN,PCA64,4.0,0.7849999666213989,0.7849999666213989,0.7275000214576721,0.7480000257492065,splits_cifar100_CDANN_4_0_b09dc755c62e.npz,b09dc755c62e,False,False,,,,,,,0.7620297933512266,all_pca,PCA64,IW residual DIS2 | W=2 | seed=0 (plug-in),True,
iw_residual_dis2,2.0,0.0,10000.0,2000.0,2500.0,500.0,0.766,0.0,1.0,54.598148345947266,0.5,0.5,0.47450000047683716,0.25001591444015503,,,,,0.23400297090993236,0.0,2500.0,0.0,500.0,0.0,ok,plugin,False,,2499.8091841594496,2499.9845306305815,1.0074848311456392,0.9997848715106664,1.0046918259199686,,0.0,0.23400297090993236,0.7659970290900676,0.7659970290900676,False,,,,,,,cifar100,12,CDANN,PCA64,4.0,0.7858999967575073,0.7858999967575073,0.7480000257492065,0.7680000066757202,splits_cifar100_CDANN_12_0_b09dc755c62e.npz,b09dc755c62e,False,True,,,,,,,0.7659970290900676,all_pca,PCA64,IW residual DIS2 | W=2 | seed=0 (plug-in),True,
iw_residual_dis2,2.0,0.0,10000.0,2000.0,2500.0,500.0,0.7664,0.0,1.0,54.598148345947266,0.5,0.5,0.4909999966621399,0.25000667572021484,,,,,0.23356990033497932,0.0,2500.0,0.0,500.0,0.0,ok,plugin,False,,2499.550167176881,2499.977838355216,1.0081108644090961,0.9996785962570697,1.004997227492606,,0.0,0.23356990033497932,0.7664300996650206,0.7664300996650206,False,,,,,,,cifar100,59,CDANN,PCA64,4.0,0.7870000004768372,0.7870000004768372,0.7580000162124634,0.7920000553131104,splits_cifar100_CDANN_59_0_b09dc755c62e.npz,b09dc755c62e,False,True,,,,,,,0.7664300996650206,all_pca,PCA64,IW residual DIS2 | W=2 | seed=0 (plug-in),True,
iw_residual_dis2,2.0,0.0,10000.0,2000.0,2500.0,500.0,0.7652,0.0,1.0,54.598148345947266,0.5,0.5,0.47699999809265137,0.2500145137310028,,,,,0.23474596757580357,0.0,2500.0,0.0,500.0,0.0,ok,plugin,False,,2499.7923076379384,2499.9845600296117,1.0072747309060814,0.999839052984516,1.00456430009858,,0.0,0.23474596757580357,0.7652540324241964,0.7652540324241964,False,,,,,,,cifar100,82,CDANN,PCA64,4.0,0.7872999906539917,0.7872999906539917,0.7635000348091125,0.7720000147819519,splits_cifar100_CDANN_82_0_b09dc755c62e.npz,b09dc755c62e,False,True,,,,,,,0.7652540324241964,all_pca,PCA64,IW residual DIS2 | W=2 | seed=0 (plug-in),True,
iw_residual_dis2,2.0,0.0,28152.0,9910.0,7040.0,2478.0,0.803125,0.0,1.0,1.226292371749878,0.5,0.5,0.5829572677612305,0.24159753322601318,69.0,113.0,55.0,53.0,0.19665633630368787,0.0423728813559322,6968.0,72.0,2373.0,105.0,ok,plugin,False,,6743.673363666481,6275.474573036414,1.9932023208884644,0.9301032957225379,1.5650810321476993,0.8761904761904762,0.012997713209577622,0.2096540495132655,0.7903459504867345,0.7903459504867345,False,37.0,20.0,0.17975986003875732,0.7636363506317139,0.9433962106704712,"[{'epoch': 0, 'best_score': 0.03636366128921509}, {'epoch': 1, 'best_score': 0.03636366128921509}, {'epoch': 2, 'best_score': 0.03636366128921509}, {'epoch': 3, 'best_score': 0.03636366128921509}, {'epoch': 4, 'best_score': 0.054545462131500244}, {'epoch': 5, 'best_score': 0.054545462131500244}, {'epoch': 6, 'best_score': 0.054545462131500244}, {'epoch': 7, 'best_score': 0.0727272629737854}, {'epoch': 8, 'best_score': 0.05385935306549072}, {'epoch': 9, 'best_score': 0.05385935306549072}, {'epoch': 10, 'best_score': 0.054545462131500244}, {'epoch': 11, 'best_score': 0.054545462131500244}, {'epoch': 12, 'best_score': 0.07066893577575684}, {'epoch': 13, 'best_score': 0.08953690528869629}, {'epoch': 14, 'best_score': 0.10771870613098145}, {'epoch': 15, 'best_score': 0.10771870613098145}, {'epoch': 16, 'best_score': 0.08885073661804199}, {'epoch': 17, 'best_score': 0.08885073661804199}, {'epoch': 18, 'best_score': 0.08885073661804199}, {'epoch': 19, 'best_score': 0.08816468715667725}, {'epoch': 20, 'best_score': 0.09090906381607056}, {'epoch': 21, 'best_score': 0.1063464879989624}, {'epoch': 22, 'best_score': 0.09090906381607056}, {'epoch': 23, 'best_score': 0.10771870613098145}, {'epoch': 24, 'best_score': 0.10771870613098145}, {'epoch': 25, 'best_score': 0.12590056657791138}, {'epoch': 26, 'best_score': 0.14339619874954224}, {'epoch': 27, 'best_score': 0.12452828884124756}, {'epoch': 28, 'best_score': 0.10771870613098145}, {'epoch': 29, 'best_score': 0.14408236742019653}, {'epoch': 30, 'best_score': 0.1615779995918274}, {'epoch': 31, 'best_score': 0.1615779995918274}, {'epoch': 32, 'best_score': 0.1615779995918274}, {'epoch': 33, 'best_score': 0.14339619874954224}, {'epoch': 34, 'best_score': 0.14339619874954224}, {'epoch': 35, 'best_score': 0.1615779995918274}, {'epoch': 36, 'best_score': 0.1615779995918274}, {'epoch': 37, 'best_score': 0.17975986003875732}, {'epoch': 38, 'best_score': 0.16089195013046265}, {'epoch': 39, 'best_score': 0.14271008968353271}, {'epoch': 40, 'best_score': 0.14271008968353271}, {'epoch': 41, 'best_score': 0.14271008968353271}, {'epoch': 42, 'best_score': 0.14271008968353271}, {'epoch': 43, 'best_score': 0.1615779995918274}, {'epoch': 44, 'best_score': 0.1615779995918274}, {'epoch': 45, 'best_score': 0.1615779995918274}, {'epoch': 46, 'best_score': 0.1615779995918274}, {'epoch': 47, 'best_score': 0.1615779995918274}, {'epoch': 48, 'best_score': 0.1790737509727478}, {'epoch': 49, 'best_score': 0.1790737509727478}]",domainnet,1,DANN,PCA64,32.0,0.8072605729103088,0.8072605729103088,0.465893030166626,0.47497981786727905,splits_domainnet_DANN_1_0_b09dc755c62e.npz,b09dc755c62e,False,False,0.2222222222222222,0.7916666666666666,0.08452380952380956,,,,0.7903459504867345,all_pca,PCA64,IW residual DIS2 | W=2 | seed=0 (plug-in),True,
iw_residual_dis2,2.0,0.0,28152.0,14207.0,7040.0,3553.0,0.8038352272727273,0.0,1.0,1.108939290046692,0.5,0.5,0.6014209389686584,0.23618116974830627,331.0,567.0,175.0,263.0,0.182188190620439,0.13537855333520968,6756.0,284.0,3072.0,481.0,ok,plugin,False,,6253.406276660016,5852.710684229154,1.9970302305608492,0.865921800665645,1.6293973061137328,0.8773388773388774,0.059187237129503745,0.24137542774994275,0.7586245722500573,0.7586245722500573,False,46.0,21.0,0.2668114900588989,0.6571428775787354,0.9239543676376343,"[{'epoch': 0, 'best_score': 0.011428594589233398}, {'epoch': 1, 'best_score': 0.011428594589233398}, {'epoch': 2, 'best_score': 0.01145029067993164}, {'epoch': 3, 'best_score': 0.017142832279205322}, {'epoch': 4, 'best_score': 0.0304834246635437}, {'epoch': 5, 'best_score': 0.03428572416305542}, {'epoch': 6, 'best_score': 0.04571425914764404}, {'epoch': 7, 'best_score': 0.04762625694274902}, {'epoch': 8, 'best_score': 0.06096690893173218}, {'epoch': 9, 'best_score': 0.0666811466217041}, {'epoch': 10, 'best_score': 0.08002173900604248}, {'epoch': 11, 'best_score': 0.0895383358001709}, {'epoch': 12, 'best_score': 0.08573603630065918}, {'epoch': 13, 'best_score': 0.08573603630065918}, {'epoch': 14, 'best_score': 0.09905487298965454}, {'epoch': 15, 'best_score': 0.1028788685798645}, {'epoch': 16, 'best_score': 0.11810976266860962}, {'epoch': 17, 'best_score': 0.1238674521446228}, {'epoch': 18, 'best_score': 0.14668118953704834}, {'epoch': 19, 'best_score': 0.14287889003753662}, {'epoch': 20, 'best_score': 0.14098864793777466}, {'epoch': 21, 'best_score': 0.14676803350448608}, {'epoch': 22, 'best_score': 0.16956007480621338}, {'epoch': 23, 'best_score': 0.16956007480621338}, {'epoch': 24, 'best_score': 0.17344921827316284}, {'epoch': 25, 'best_score': 0.18487781286239624}, {'epoch': 26, 'best_score': 0.1772080659866333}, {'epoch': 27, 'best_score': 0.18296581506729126}, {'epoch': 28, 'best_score': 0.18296581506729126}, {'epoch': 29, 'best_score': 0.20006519556045532}, {'epoch': 30, 'best_score': 0.20202064514160156}, {'epoch': 31, 'best_score': 0.2096034288406372}, {'epoch': 32, 'best_score': 0.20966863632202148}, {'epoch': 33, 'best_score': 0.2153177261352539}, {'epoch': 34, 'best_score': 0.22865837812423706}, {'epoch': 35, 'best_score': 0.23057031631469727}, {'epoch': 36, 'best_score': 0.2191852331161499}, {'epoch': 37, 'best_score': 0.234394371509552}, {'epoch': 38, 'best_score': 0.23059207201004028}, {'epoch': 39, 'best_score': 0.23065727949142456}, {'epoch': 40, 'best_score': 0.23637157678604126}, {'epoch': 41, 'best_score': 0.23256927728652954}, {'epoch': 42, 'best_score': 0.24202066659927368}, {'epoch': 43, 'best_score': 0.24773496389389038}, {'epoch': 44, 'best_score': 0.25349271297454834}, {'epoch': 45, 'best_score': 0.2572949528694153}, {'epoch': 46, 'best_score': 0.2668114900588989}, {'epoch': 47, 'best_score': 0.25349271297454834}, {'epoch': 48, 'best_score': 0.25540465116500854}, {'epoch': 49, 'best_score': 0.2572949528694153}]",domainnet,2,DANN,PCA64,32.0,0.8101378083229065,0.8101378083229065,0.38572534918785095,0.38727834820747375,splits_domainnet_DANN_2_0_b09dc755c62e.npz,b09dc755c62e,False,False,0.29225352112676056,0.7323943661971831,0.14494451114169427,,,,0.7586245722500573,all_pca,PCA64,IW residual DIS2 | W=2 | seed=0 (plug-in),True,
iw_residual_dis2,2.0,0.0,28152.0,15295.0,7040.0,3825.0,0.8072443181818182,0.0,1.0,1.0002521276474,0.5,0.5,0.5666530132293701,0.24530553817749023,69.0,63.0,39.0,21.0,0.1871175509261842,0.015163398692810458,6992.0,48.0,3767.0,58.0,ok,plugin,False,,6948.157652747794,6546.640197530611,1.9994972482917355,0.9639839637633331,1.474927232568559,0.8793103448275862,0.005435729847494555,0.19255328077367875,0.8074467192263213,0.8074467192263213,False,47.0,8.0,0.34065932035446167,0.5641025900840759,0.9047619104385376,"[{'epoch': 0, 'best_score': 0.025641024112701416}, {'epoch': 1, 'best_score': 0.025641024112701416}, {'epoch': 2, 'best_score': 0.05128204822540283}, {'epoch': 3, 'best_score': 0.07692307233810425}, {'epoch': 4, 'best_score': 0.07692307233810425}, {'epoch': 5, 'best_score': 0.10256409645080566}, {'epoch': 6, 'best_score': 0.10256409645080566}, {'epoch': 7, 'best_score': 0.10256409645080566}, {'epoch': 8, 'best_score': 0.12820512056350708}, {'epoch': 9, 'best_score': 0.12820512056350708}, {'epoch': 10, 'best_score': 0.12820512056350708}, {'epoch': 11, 'best_score': 0.12820512056350708}, {'epoch': 12, 'best_score': 0.12820512056350708}, {'epoch': 13, 'best_score': 0.12820512056350708}, {'epoch': 14, 'best_score': 0.1538461446762085}, {'epoch': 15, 'best_score': 0.1794871687889099}, {'epoch': 16, 'best_score': 0.1794871687889099}, {'epoch': 17, 'best_score': 0.1794871687889099}, {'epoch': 18, 'best_score': 0.20512819290161133}, {'epoch': 19, 'best_score': 0.20512819290161133}, {'epoch': 20, 'best_score': 0.20512819290161133}, {'epoch': 21, 'best_score': 0.20512819290161133}, {'epoch': 22, 'best_score': 0.20512819290161133}, {'epoch': 23, 'best_score': 0.15750914812088013}, {'epoch': 24, 'best_score': 0.15750914812088013}, {'epoch': 25, 'best_score': 0.15750914812088013}, {'epoch': 26, 'best_score': 0.15750914812088013}, {'epoch': 27, 'best_score': 0.1794871687889099}, {'epoch': 28, 'best_score': 0.1794871687889099}, {'epoch': 29, 'best_score': 0.1794871687889099}, {'epoch': 30, 'best_score': 0.18315017223358154}, {'epoch': 31, 'best_score': 0.20879119634628296}, {'epoch': 32, 'best_score': 0.18681317567825317}, {'epoch': 33, 'best_score': 0.2124541997909546}, {'epoch': 34, 'best_score': 0.2124541997909546}, {'epoch': 35, 'best_score': 0.2124541997909546}, {'epoch': 36, 'best_score': 0.2124541997909546}, {'epoch': 37, 'best_score': 0.2124541997909546}, {'epoch': 38, 'best_score': 0.2124541997909546}, {'epoch': 39, 'best_score': 0.238095223903656}, {'epoch': 40, 'best_score': 0.2600732445716858}, {'epoch': 41, 'best_score': 0.2637362480163574}, {'epoch': 42, 'best_score': 0.28937727212905884}, {'epoch': 43, 'best_score': 0.31501829624176025}, {'epoch': 44, 'best_score': 0.31501829624176025}, {'epoch': 45, 'best_score': 0.31501829624176025}, {'epoch': 46, 'best_score': 0.31501829624176025}, {'epoch': 47, 'best_score': 0.34065932035446167}, {'epoch': 48, 'best_score': 0.34065932035446167}, {'epoch': 49, 'best_score': 0.34065932035446167}]",domainnet,3,DANN,PCA64,32.0,0.8096050024032593,0.8096050024032593,0.4719189405441284,0.46562090516090393,splits_domainnet_DANN_3_0_b09dc755c62e.npz,b09dc755c62e,False,False,0.1875,0.7083333333333334,0.17097701149425282,,,,0.8074467192263213,all_pca,PCA64,IW residual DIS2 | W=2 | seed=0 (plug-in),True,
iw_residual_dis2,2.0,0.0,28152.0,9910.0,7040.0,2478.0,0.8025568181818181,0.0,1.0,0.6819519996643066,0.5,0.5,0.5463367700576782,0.2473730742931366,,,,,0.2151981808820383,0.0,7040.0,0.0,2478.0,0.0,ok,plugin,False,,7119.098872628354,6738.082016814914,1.8296552366436318,0.9943077857533322,1.3903075185508535,,0.0,0.2151981808820383,0.7848018191179618,0.7848018191179618,False,,,,,,,domainnet,1,CDANN,PCA64,4.0,0.8055910468101501,0.8055910468101501,0.5121089816093445,0.5205811262130737,splits_domainnet_CDANN_1_0_b09dc755c62e.npz,b09dc755c62e,False,False,,,,,,,0.7848018191179618,all_pca,PCA64,IW residual DIS2 | W=2 | seed=0 (plug-in),True,
iw_residual_dis2,2.0,0.0,28152.0,14207.0,7040.0,3553.0,0.8004261363636364,0.0,1.0,1.1073464155197144,0.5,0.5,0.5364314317703247,0.24767601490020752,,,,,0.20830151757347828,0.0,7040.0,0.0,3553.0,0.0,ok,plugin,False,,7042.532128157394,6791.387470629839,1.7457986667189163,0.9930979980913714,1.3272196742171534,,0.0,0.20830151757347828,0.7916984824265217,0.7916984824265217,False,,,,,,,domainnet,2,CDANN,PCA64,4.0,0.8071539998054504,0.8071539998054504,0.42063772678375244,0.4218969941139221,splits_domainnet_CDANN_2_0_b09dc755c62e.npz,b09dc755c62e,False,False,,,,,,,0.7916984824265217,all_pca,PCA64,IW residual DIS2 | W=2 | seed=0 (plug-in),True,
iw_residual_dis2,2.0,0.0,28152.0,15295.0,7040.0,3825.0,0.8063920454545455,0.0,1.0,0.8559980392456055,0.5,0.5,0.5631357431411743,0.24379169940948486,87.0,101.0,38.0,50.0,0.1827687186786288,0.01934640522875817,6974.0,66.0,3751.0,74.0,ok,plugin,False,,6959.0267258450385,6372.497986972173,1.9980414314271553,0.9468291315966004,1.5841054788328157,0.972972972972973,0.0015290156466627046,0.1842977343252915,0.8157022656747085,0.8157022656747085,False,15.0,27.0,0.085263192653656,0.8947368264198303,0.9800000190734863,"[{'epoch': 0, 'best_score': 0.05894738435745239}, {'epoch': 1, 'best_score': 0.05894738435745239}, {'epoch': 2, 'best_score': 0.05894738435745239}, {'epoch': 3, 'best_score': 0.05894738435745239}, {'epoch': 4, 'best_score': 0.05894738435745239}, {'epoch': 5, 'best_score': 0.05894738435745239}, {'epoch': 6, 'best_score': 0.05894738435745239}, {'epoch': 7, 'best_score': 0.05894738435745239}, {'epoch': 8, 'best_score': 0.05894738435745239}, {'epoch': 9, 'best_score': 0.05894738435745239}, {'epoch': 10, 'best_score': 0.05894738435745239}, {'epoch': 11, 'best_score': 0.05894738435745239}, {'epoch': 12, 'best_score': 0.05894738435745239}, {'epoch': 13, 'best_score': 0.05894738435745239}, {'epoch': 14, 'best_score': 0.05894738435745239}, {'epoch': 15, 'best_score': 0.085263192653656}, {'epoch': 16, 'best_score': 0.085263192653656}, {'epoch': 17, 'best_score': 0.085263192653656}, {'epoch': 18, 'best_score': 0.085263192653656}, {'epoch': 19, 'best_score': 0.085263192653656}, {'epoch': 20, 'best_score': 0.085263192653656}, {'epoch': 21, 'best_score': 0.085263192653656}, {'epoch': 22, 'best_score': 0.085263192653656}, {'epoch': 23, 'best_score': 0.085263192653656}, {'epoch': 24, 'best_score': 0.085263192653656}, {'epoch': 25, 'best_score': 0.085263192653656}, {'epoch': 26, 'best_score': 0.085263192653656}, {'epoch': 27, 'best_score': 0.085263192653656}, {'epoch': 28, 'best_score': 0.085263192653656}, {'epoch': 29, 'best_score': 0.085263192653656}, {'epoch': 30, 'best_score': 0.085263192653656}, {'epoch': 31, 'best_score': 0.085263192653656}, {'epoch': 32, 'best_score': 0.085263192653656}, {'epoch': 33, 'best_score': 0.085263192653656}, {'epoch': 34, 'best_score': 0.085263192653656}, {'epoch': 35, 'best_score': 0.085263192653656}, {'epoch': 36, 'best_score': 0.085263192653656}, {'epoch': 37, 'best_score': 0.085263192653656}, {'epoch': 38, 'best_score': 0.085263192653656}, {'epoch': 39, 'best_score': 0.085263192653656}, {'epoch': 40, 'best_score': 0.085263192653656}, {'epoch': 41, 'best_score': 0.085263192653656}, {'epoch': 42, 'best_score': 0.085263192653656}, {'epoch': 43, 'best_score': 0.085263192653656}, {'epoch': 44, 'best_score': 0.085263192653656}, {'epoch': 45, 'best_score': 0.085263192653656}, {'epoch': 46, 'best_score': 0.085263192653656}, {'epoch': 47, 'best_score': 0.085263192653656}, {'epoch': 48, 'best_score': 0.085263192653656}, {'epoch': 49, 'best_score': 0.085263192653656}]",domainnet,3,CDANN,PCA64,4.0,0.8074381947517395,0.8074381947517395,0.49369075894355774,0.48549020290374756,splits_domainnet_CDANN_3_0_b09dc755c62e.npz,b09dc755c62e,False,False,0.07575757575757576,0.9696969696969697,0.003276003276003303,,,,0.8157022656747085,all_pca,PCA64,IW residual DIS2 | W=2 | seed=0 (plug-in),True,
iw_residual_dis2,2.0,0.0,1700.0,8804.0,425.0,2203.0,0.8658823529411764,0.0,1.0,1.7118247747421265,0.5,0.5,0.5553141832351685,0.2474673092365265,,,,,0.1486304639827676,0.0,425.0,0.0,2203.0,0.0,ok,plugin,False,,433.8995581541775,406.0468144563754,1.5947715283956745,1.0253579878381205,1.383887847507229,,0.0,0.1486304639827676,0.8513695360172324,0.8513695360172324,False,,,,,,,living17,1,DANN,PCA64,8.0,0.8994117379188538,0.8994117379188538,0.6758291721343994,0.6876986026763916,splits_living17_DANN_1_0_b09dc755c62e.npz,b09dc755c62e,False,False,,,,,,,0.8513695360172324,all_pca,PCA64,IW residual DIS2 | W=2 | seed=0 (plug-in),True,
iw_residual_dis2,2.0,0.0,1700.0,68.0,425.0,19.0,0.8823529411764706,0.0,1.0,3.435157537460327,0.5,0.5,0.5382353067398071,0.24690869450569153,,,,,0.11180255096880684,0.0,425.0,0.0,19.0,0.0,ok,plugin,False,,394.7506596546109,398.5596868267441,1.5523682981341551,0.9223655020129055,1.3537176447752515,,0.0,0.11180255096880684,0.8881974490311931,0.8881974490311931,False,,,,,,,living17,2,DANN,PCA64,8.0,0.9094117283821106,0.9094117283821106,0.8970588445663452,0.8421052694320679,splits_living17_DANN_2_0_b09dc755c62e.npz,b09dc755c62e,True,False,,,,,,,0.8881974490311931,all_pca,PCA64,IW residual DIS2 | W=2 | seed=0 (plug-in),True,
iw_residual_dis2,2.0,0.0,1700.0,68.0,425.0,19.0,0.8894117647058823,0.0,1.0,0.8544672131538391,0.5,0.5,0.751960813999176,0.20864135026931763,69.0,2.0,26.0,0.0,0.07682896582747563,0.05263157894736842,370.0,55.0,18.0,1.0,unsupported_critic_region,plugin,False,,231.07074227193903,225.21351666781453,1.9936494891889442,0.47913055801542814,1.6422041659364155,,,,,,,,,,,,,living17,3,DANN,PCA64,8.0,0.9052940607070923,0.9052940607070923,0.5882353186607361,0.6842105388641357,splits_living17_DANN_3_0_b09dc755c62e.npz,b09dc755c62e,,,,,,,,,,all_pca,PCA64,IW residual DIS2 | W=2 | seed=0 (plug-in),False,
iw_residual_dis2,2.0,0.0,1700.0,8804.0,425.0,2203.0,0.8894117647058823,0.0,1.0,54.598148345947266,0.5,0.5,0.5014371871948242,0.250005304813385,,,,,0.11063530317123534,0.0,425.0,0.0,2203.0,0.0,ok,plugin,False,,424.9990187316745,424.9950641671985,1.009194129235711,1.0000602557385505,1.0056053538892025,,0.0,0.11063530317123534,0.8893646968287646,0.8893646968287646,False,,,,,,,living17,1,CDANN,PCA64,4.0,0.9052940607070923,0.9052940607070923,0.6863925457000732,0.6981388926506042,splits_living17_CDANN_1_0_b09dc755c62e.npz,b09dc755c62e,False,False,,,,,,,0.8893646968287646,all_pca,PCA64,IW residual DIS2 | W=2 | seed=0 (plug-in),True,
iw_residual_dis2,2.0,0.0,1700.0,68.0,425.0,19.0,0.8917647058823529,0.0,1.0,54.598148345947266,0.5,0.5,0.31470587849617004,0.2501634955406189,,,,,0.10763198158133017,0.0,425.0,0.0,19.0,0.0,ok,plugin,False,,422.97736897946527,424.94823464810787,1.0440411718667169,0.9949629176013489,1.0119303258387198,,0.0,0.10763198158133017,0.8923680184186699,0.8923680184186699,False,,,,,,,living17,2,CDANN,PCA64,4.0,0.9094117283821106,0.9094117283821106,0.8676470518112183,0.8421052694320679,splits_living17_CDANN_2_0_b09dc755c62e.npz,b09dc755c62e,False,False,,,,,,,0.8923680184186699,all_pca,PCA64,IW residual DIS2 | W=2 | seed=0 (plug-in),True,
iw_residual_dis2,2.0,0.0,1700.0,68.0,425.0,19.0,0.8823529411764706,0.0,1.0,54.598148345947266,0.5,0.5,0.4225490093231201,0.25023651123046875,,,,,0.117035612743547,0.0,425.0,0.0,19.0,0.0,ok,plugin,False,,423.7711950454801,424.96060438980635,1.0260711651400463,0.9971065603872015,1.0117735742400944,,0.0,0.117035612743547,0.882964387256453,0.882964387256453,False,,,,,,,living17,3,CDANN,PCA64,4.0,0.9052940607070923,0.9052940607070923,0.5588235259056091,0.6315789222717285,splits_living17_CDANN_3_0_b09dc755c62e.npz,b09dc755c62e,False,False,,,,,,,0.882964387256453,all_pca,PCA64,IW residual DIS2 | W=2 | seed=0 (plug-in),True,
iw_residual_dis2,2.0,0.0,2600.0,13282.0,650.0,3322.0,0.8046153846153846,0.0,1.0,2.156191349029541,0.5,0.5,0.5059951543807983,0.24960054457187653,,,,,0.19729983532990794,0.0,650.0,0.0,3322.0,0.0,ok,plugin,False,,647.2951354165266,645.3068551494548,1.2258246854762207,0.9992627825026168,1.1199599048099376,,0.0,0.19729983532990794,0.8027001646700921,0.8027001646700921,False,,,,,,,nonliving26,1,DANN,PCA64,8.0,0.8126922845840454,0.8126922845840454,0.5122722387313843,0.5192654728889465,splits_nonliving26_DANN_1_0_b09dc755c62e.npz,b09dc755c62e,False,False,,,,,,,0.8027001646700921,all_pca,PCA64,IW residual DIS2 | W=2 | seed=0 (plug-in),True,
iw_residual_dis2,2.0,0.0,2600.0,104.0,650.0,28.0,0.8292307692307692,0.0,1.0,54.598148345947266,0.5,0.5,0.4038461446762085,0.2506033778190613,,,,,0.1701249182166074,0.0,650.0,0.0,28.0,0.0,ok,plugin,False,,647.6089048618696,649.8948670697146,1.0338735040933442,0.9969824627689864,1.015250373884378,,0.0,0.1701249182166074,0.8298750817833926,0.8298750817833926,False,,,,,,,nonliving26,2,DANN,PCA64,8.0,0.8176922798156738,0.8176922798156738,0.75,0.7142857313156128,splits_nonliving26_DANN_2_0_b09dc755c62e.npz,b09dc755c62e,False,False,,,,,,,0.8298750817833926,all_pca,PCA64,IW residual DIS2 | W=2 | seed=0 (plug-in),True,
iw_residual_dis2,2.0,0.0,2600.0,104.0,650.0,28.0,0.8246153846153846,0.0,1.0,54.598148345947266,0.5,0.5,0.45000001788139343,0.25004658102989197,,,,,0.17509602579737932,0.0,650.0,0.0,28.0,0.0,ok,plugin,False,,645.3705926560069,649.724394398817,1.046460836247922,0.9943422854331323,1.0253292516625503,,0.0,0.17509602579737932,0.8249039742026207,0.8249039742026207,False,,,,,,,nonliving26,3,DANN,PCA64,8.0,0.8146153688430786,0.8146153688430786,0.4038461744785309,0.3214285969734192,splits_nonliving26_DANN_3_0_b09dc755c62e.npz,b09dc755c62e,False,False,,,,,,,0.8249039742026207,all_pca,PCA64,IW residual DIS2 | W=2 | seed=0 (plug-in),True,
iw_residual_dis2,2.0,0.0,2600.0,13282.0,650.0,3322.0,0.8169230769230769,0.0,1.0,4.255368232727051,0.5,0.5,0.5112951993942261,0.24999505281448364,,,,,0.18345263898100733,0.0,650.0,0.0,3322.0,0.0,ok,plugin,False,,649.921795942741,649.9430308432728,1.030589983829968,1.000134561591583,1.0147816506849816,,0.0,0.18345263898100733,0.8165473610189926,0.8165473610189926,False,,,,,,,nonliving26,1,CDANN,PCA64,4.0,0.8176922798156738,0.8176922798156738,0.5332028269767761,0.5352197289466858,splits_nonliving26_CDANN_1_0_b09dc755c62e.npz,b09dc755c62e,False,False,,,,,,,0.8165473610189926,all_pca,PCA64,IW residual DIS2 | W=2 | seed=0 (plug-in),True,
iw_residual_dis2,2.0,0.0,2600.0,104.0,650.0,28.0,0.8138461538461539,0.0,1.0,0.8669806718826294,0.5,0.5,0.550000011920929,0.24008387327194214,32.0,1.0,19.0,0.0,0.18994170961651563,0.03571428571428571,627.0,23.0,27.0,1.0,unsupported_critic_region,plugin,False,,624.0848120943747,535.1115667837588,1.981552673636181,0.9827279453514655,1.693896383825892,,,,,,,,,,,,,nonliving26,2,CDANN,PCA64,4.0,0.8165384531021118,0.8165384531021118,0.7692307829856873,0.7500000596046448,splits_nonliving26_CDANN_2_0_b09dc755c62e.npz,b09dc755c62e,,,,,,,,,,all_pca,PCA64,IW residual DIS2 | W=2 | seed=0 (plug-in),False,
iw_residual_dis2,2.0,0.0,2600.0,104.0,650.0,28.0,0.8123076923076923,0.0,1.0,15.424545288085938,0.5,0.5,0.5538461208343506,0.24996675550937653,,,,,0.18667401364890465,0.0,650.0,0.0,28.0,0.0,ok,plugin,False,,646.7414133995605,649.6021223997487,1.0920128345205828,0.9913958449490134,1.041827503660088,,0.0,0.18667401364890465,0.8133259863510953,0.8133259863510953,False,,,,,,,nonliving26,3,CDANN,PCA64,4.0,0.822692334651947,0.822692334651947,0.4038461744785309,0.3214285969734192,splits_nonliving26_CDANN_3_0_b09dc755c62e.npz,b09dc755c62e,False,False,,,,,,,0.8133259863510953,all_pca,PCA64,IW residual DIS2 | W=2 | seed=0 (plug-in),True,
iw_residual_dis2,2.0,0.0,11745.0,35070.0,2938.0,8768.0,0.6388699795779442,0.0,1.0,1.1058056354522705,0.5,0.5,0.5455554127693176,0.24631547927856445,,,,,0.34694005586826276,0.00011405109489051095,2938.0,0.0,8767.0,1.0,unsupported_residual_source_region,plugin,False,,2935.1001315654753,2773.9660915985232,1.8087913820848291,0.9948211810809553,1.4090626000582918,,,,,,,,,,,,,fmow,1,DANN,PCA64,16.0,0.6519370079040527,0.6519370079040527,0.6103222370147705,0.6077782511711121,splits_fmow_DANN_1_0_b09dc755c62e.npz,b09dc755c62e,,,,,,,,,,all_pca,PCA64,IW residual DIS2 | W=2 | seed=0 (plug-in),False,
iw_residual_dis2,2.0,0.0,11745.0,39088.0,2938.0,9774.0,0.6344452008168822,0.0,1.0,1.0715910196304321,0.5,0.5,0.5546911954879761,0.2435484230518341,16.0,138.0,10.0,78.0,0.3661847986577351,0.012379783098015143,2927.0,11.0,9653.0,121.0,ok,plugin,False,,2906.1197729857595,2660.640542756745,1.9829734377518557,0.9583213990525946,1.5625578805921279,0.9338842975206612,0.0025578064252097413,0.3687426050829449,0.6312573949170551,0.6312573949170551,False,26.0,1.0,0.2230769395828247,0.699999988079071,0.9230769276618958,"[{'epoch': 0, 'best_score': 0.08717948198318481}, {'epoch': 1, 'best_score': 0.0743589997291565}, {'epoch': 2, 'best_score': 0.08717948198318481}, {'epoch': 3, 'best_score': 0.08717948198318481}, {'epoch': 4, 'best_score': 0.08717948198318481}, {'epoch': 5, 'best_score': 0.10000002384185791}, {'epoch': 6, 'best_score': 0.10000002384185791}, {'epoch': 7, 'best_score': 0.08717948198318481}, {'epoch': 8, 'best_score': 0.10000002384185791}, {'epoch': 9, 'best_score': 0.1487179398536682}, {'epoch': 10, 'best_score': 0.13589739799499512}, {'epoch': 11, 'best_score': 0.13589739799499512}, {'epoch': 12, 'best_score': 0.13589739799499512}, {'epoch': 13, 'best_score': 0.13589739799499512}, {'epoch': 14, 'best_score': 0.18717944622039795}, {'epoch': 15, 'best_score': 0.17435896396636963}, {'epoch': 16, 'best_score': 0.17435896396636963}, {'epoch': 17, 'best_score': 0.1487179398536682}, {'epoch': 18, 'best_score': 0.13589739799499512}, {'epoch': 19, 'best_score': 0.18717944622039795}, {'epoch': 20, 'best_score': 0.18717944622039795}, {'epoch': 21, 'best_score': 0.18717944622039795}, {'epoch': 22, 'best_score': 0.18717944622039795}, {'epoch': 23, 'best_score': 0.17435896396636963}, {'epoch': 24, 'best_score': 0.13589739799499512}, {'epoch': 25, 'best_score': 0.1230769157409668}, {'epoch': 26, 'best_score': 0.2230769395828247}, {'epoch': 27, 'best_score': 0.2230769395828247}, {'epoch': 28, 'best_score': 0.2230769395828247}, {'epoch': 29, 'best_score': 0.2230769395828247}, {'epoch': 30, 'best_score': 0.2230769395828247}, {'epoch': 31, 'best_score': 0.2230769395828247}, {'epoch': 32, 'best_score': 0.2102563977241516}, {'epoch': 33, 'best_score': 0.2102563977241516}, {'epoch': 34, 'best_score': 0.1974359154701233}, {'epoch': 35, 'best_score': 0.1846153736114502}, {'epoch': 36, 'best_score': 0.1846153736114502}, {'epoch': 37, 'best_score': 0.1846153736114502}, {'epoch': 38, 'best_score': 0.1846153736114502}, {'epoch': 39, 'best_score': 0.1846153736114502}, {'epoch': 40, 'best_score': 0.1846153736114502}, {'epoch': 41, 'best_score': 0.1846153736114502}, {'epoch': 42, 'best_score': 0.1846153736114502}, {'epoch': 43, 'best_score': 0.1846153736114502}, {'epoch': 44, 'best_score': 0.1846153736114502}, {'epoch': 45, 'best_score': 0.1846153736114502}, {'epoch': 46, 'best_score': 0.1846153736114502}, {'epoch': 47, 'best_score': 0.1846153736114502}, {'epoch': 48, 'best_score': 0.1846153736114502}, {'epoch': 49, 'best_score': 0.1846153736114502}]",fmow,2,DANN,PCA64,16.0,0.6504895687103271,0.6504895687103271,0.5482756495475769,0.5545324683189392,splits_fmow_DANN_2_0_b09dc755c62e.npz,b09dc755c62e,False,False,0.18181818181818182,0.9090909090909091,0.024793388429752095,,,,0.6312573949170551,all_pca,PCA64,IW residual DIS2 | W=2 | seed=0 (plug-in),True,
iw_residual_dis2,2.0,0.0,11745.0,35070.0,2938.0,8768.0,0.6466984343090538,0.0,1.0,1.2916171550750732,0.5,0.5,0.5249029994010925,0.24931854009628296,,,,,0.34415957681398607,0.0,2938.0,0.0,8768.0,0.0,ok,plugin,False,,2922.862338182315,2904.515743470036,1.5286498971933777,0.9814002995683861,1.1938011881501407,,0.0,0.34415957681398607,0.655840423186014,0.655840423186014,False,,,,,,,fmow,1,CDANN,PCA64,4.0,0.6558535695075989,0.6558535695075989,0.605617344379425,0.6010492444038391,splits_fmow_CDANN_1_0_b09dc755c62e.npz,b09dc755c62e,False,False,,,,,,,0.655840423186014,all_pca,PCA64,IW residual DIS2 | W=2 | seed=0 (plug-in),True,
iw_residual_dis2,2.0,0.0,11745.0,39088.0,2938.0,9774.0,0.6446562287270252,0.0,1.0,1.217383623123169,0.5,0.5,0.5305451154708862,0.24845653772354126,6.0,28.0,2.0,10.0,0.3545725634166019,0.0013300593411090648,2931.0,7.0,9761.0,13.0,ok,plugin,False,,2917.2092170978576,2857.54658622081,1.8683603462815614,0.9801347430364987,1.2650500074609041,1.0,0.0007600339092051797,0.35533259732580713,0.6446674026741929,0.6446674026741929,False,25.0,7.0,0.5,0.5,1.0,"[{'epoch': 0, 'best_score': 0.30000001192092896}, {'epoch': 1, 'best_score': 0.30000001192092896}, {'epoch': 2, 'best_score': 0.30000001192092896}, {'epoch': 3, 'best_score': 0.30000001192092896}, {'epoch': 4, 'best_score': 0.30000001192092896}, {'epoch': 5, 'best_score': 0.30000001192092896}, {'epoch': 6, 'best_score': 0.30000001192092896}, {'epoch': 7, 'best_score': 0.30000001192092896}, {'epoch': 8, 'best_score': 0.3999999761581421}, {'epoch': 9, 'best_score': 0.3999999761581421}, {'epoch': 10, 'best_score': 0.3999999761581421}, {'epoch': 11, 'best_score': 0.3999999761581421}, {'epoch': 12, 'best_score': 0.3999999761581421}, {'epoch': 13, 'best_score': 0.3999999761581421}, {'epoch': 14, 'best_score': 0.3999999761581421}, {'epoch': 15, 'best_score': 0.3999999761581421}, {'epoch': 16, 'best_score': 0.3999999761581421}, {'epoch': 17, 'best_score': 0.3999999761581421}, {'epoch': 18, 'best_score': 0.3999999761581421}, {'epoch': 19, 'best_score': 0.3999999761581421}, {'epoch': 20, 'best_score': 0.3999999761581421}, {'epoch': 21, 'best_score': 0.3999999761581421}, {'epoch': 22, 'best_score': 0.3999999761581421}, {'epoch': 23, 'best_score': 0.3999999761581421}, {'epoch': 24, 'best_score': 0.3999999761581421}, {'epoch': 25, 'best_score': 0.5}, {'epoch': 26, 'best_score': 0.3999999761581421}, {'epoch': 27, 'best_score': 0.3999999761581421}, {'epoch': 28, 'best_score': 0.3999999761581421}, {'epoch': 29, 'best_score': 0.3999999761581421}, {'epoch': 30, 'best_score': 0.3999999761581421}, {'epoch': 31, 'best_score': 0.3999999761581421}, {'epoch': 32, 'best_score': 0.3999999761581421}, {'epoch': 33, 'best_score': 0.3999999761581421}, {'epoch': 34, 'best_score': 0.3999999761581421}, {'epoch': 35, 'best_score': 0.3999999761581421}, {'epoch': 36, 'best_score': 0.3999999761581421}, {'epoch': 37, 'best_score': 0.3999999761581421}, {'epoch': 38, 'best_score': 0.3999999761581421}, {'epoch': 39, 'best_score': 0.3999999761581421}, {'epoch': 40, 'best_score': 0.3999999761581421}, {'epoch': 41, 'best_score': 0.3999999761581421}, {'epoch': 42, 'best_score': 0.3999999761581421}, {'epoch': 43, 'best_score': 0.3999999761581421}, {'epoch': 44, 'best_score': 0.3999999761581421}, {'epoch': 45, 'best_score': 0.3999999761581421}, {'epoch': 46, 'best_score': 0.5}, {'epoch': 47, 'best_score': 0.5}, {'epoch': 48, 'best_score': 0.5}, {'epoch': 49, 'best_score': 0.5}]",fmow,2,CDANN,PCA64,4.0,0.6548318862915039,0.6548318862915039,0.5420845150947571,0.5445058345794678,splits_fmow_CDANN_2_0_b09dc755c62e.npz,b09dc755c62e,False,False,0.2857142857142857,0.7142857142857143,0.2857142857142857,,,,0.6446674026741929,all_pca,PCA64,IW residual DIS2 | W=2 | seed=0 (plug-in),True,
iw_residual_dis2,2.0,0.0,731.0,898.0,184.0,227.0,0.9239130434782609,0.0,1.0,8.328080177307129,0.5,0.5,0.5086963176727295,0.2497611939907074,,,,,0.07503485142154054,0.0,184.0,0.0,227.0,0.0,ok,plugin,False,,181.9126269606262,183.26082411910807,1.1855055324897044,0.9879564013029002,1.0976303834413481,,0.0,0.07503485142154054,0.9249651485784595,0.9249651485784595,False,,,,,,,officehome,1,DANN,PCA64,32.0,0.922024667263031,0.922024667263031,0.7193763852119446,0.7268722057342529,splits_officehome_DANN_1_0_b09dc755c62e.npz,b09dc755c62e,False,False,,,,,,,0.9249651485784595,all_pca,PCA64,IW residual DIS2 | W=2 | seed=0 (plug-in),True,
iw_residual_dis2,2.0,0.0,731.0,893.0,184.0,226.0,0.9021739130434783,0.0,1.0,2.4440267086029053,0.5,0.5,0.5591042041778564,0.24774935841560364,,,,,0.09661986923598873,0.0,184.0,0.0,226.0,0.0,ok,plugin,False,,179.8759710882897,175.67129278826158,1.5931452282586445,0.9512581851788887,1.3928419391406472,,0.0,0.09661986923598873,0.9033801307640112,0.9033801307640112,False,,,,,,,officehome,2,DANN,PCA64,32.0,0.915184736251831,0.915184736251831,0.44904816150665283,0.45132744312286377,splits_officehome_DANN_2_0_b09dc755c62e.npz,b09dc755c62e,False,False,,,,,,,0.9033801307640112,all_pca,PCA64,IW residual DIS2 | W=2 | seed=0 (plug-in),True,
iw_residual_dis2,2.0,0.0,731.0,507.0,184.0,128.0,0.9130434782608696,0.0,1.0,9.85393238067627,0.5,0.5,0.5213698148727417,0.2494889497756958,,,,,0.08514737011738735,0.0,184.0,0.0,128.0,0.0,ok,plugin,False,,179.5052187893292,182.86872020848816,1.2618681629334165,0.9779805434715756,1.1004425295032714,,0.0,0.08514737011738735,0.9148526298826126,0.9148526298826126,False,,,,,,,officehome,3,DANN,PCA64,32.0,0.9056087732315063,0.9056087732315063,0.5364891290664673,0.5625,splits_officehome_DANN_3_0_b09dc755c62e.npz,b09dc755c62e,False,False,,,,,,,0.9148526298826126,all_pca,PCA64,IW residual DIS2 | W=2 | seed=0 (plug-in),True,
iw_residual_dis2,2.0,0.0,731.0,898.0,184.0,227.0,0.9130434782608696,0.0,1.0,54.598148345947266,0.5,0.5,0.48006772994995117,0.24999967217445374,,,,,0.08694171330118482,0.0,184.0,0.0,227.0,0.0,ok,plugin,False,,183.94291584653143,183.9969753165282,1.012614403384388,0.9996708464020668,1.0067489107095131,,0.0,0.08694171330118482,0.9130582866988152,0.9130582866988152,False,,,,,,,officehome,1,CDANN,PCA64,4.0,0.9138167500495911,0.9138167500495911,0.730512261390686,0.7488986253738403,splits_officehome_CDANN_1_0_b09dc755c62e.npz,b09dc755c62e,False,False,,,,,,,0.9130582866988152,all_pca,PCA64,IW residual DIS2 | W=2 | seed=0 (plug-in),True,
iw_residual_dis2,2.0,0.0,731.0,893.0,184.0,226.0,0.8913043478260869,0.0,1.0,1.159893274307251,0.5,0.5,0.5659534931182861,0.24251651763916016,1.0,13.0,0.0,8.0,0.12760004980626624,0.03982300884955752,181.0,3.0,217.0,9.0,unsupported_critic_region,plugin,False,,166.97001138767567,162.36243216594684,1.7575031635748843,0.8728387001759584,1.5069678720962618,,,,,,,,,,,,,officehome,2,CDANN,PCA64,4.0,0.9015048146247864,0.9015048146247864,0.4501679837703705,0.45132744312286377,splits_officehome_CDANN_2_0_b09dc755c62e.npz,b09dc755c62e,,,,,,,,,,all_pca,PCA64,IW residual DIS2 | W=2 | seed=0 (plug-in),False,
iw_residual_dis2,2.0,0.0,731.0,507.0,184.0,128.0,0.9130434782608696,0.0,1.0,0.5319669842720032,0.5,0.5,0.6693150997161865,0.20426291227340698,29.0,52.0,13.0,24.0,0.04958717781212625,0.3046875,161.0,23.0,89.0,39.0,ok,plugin,False,,103.95400608125016,118.49444880435817,1.872187877251033,0.5830107299449926,1.4052013719743786,0.9230769230769231,0.016304347826086946,0.0658915256382132,0.9341084743617868,0.9341084743617868,False,20.0,10.0,0.307692289352417,0.692307710647583,1.0,"[{'epoch': 0, 'best_score': 0.23076921701431274}, {'epoch': 1, 'best_score': 0.23076921701431274}, {'epoch': 2, 'best_score': 0.23076921701431274}, {'epoch': 3, 'best_score': 0.23076921701431274}, {'epoch': 4, 'best_score': 0.23076921701431274}, {'epoch': 5, 'best_score': 0.23076921701431274}, {'epoch': 6, 'best_score': 0.23076921701431274}, {'epoch': 7, 'best_score': 0.23076921701431274}, {'epoch': 8, 'best_score': 0.23076921701431274}, {'epoch': 9, 'best_score': 0.23076921701431274}, {'epoch': 10, 'best_score': 0.23076921701431274}, {'epoch': 11, 'best_score': 0.23076921701431274}, {'epoch': 12, 'best_score': 0.23076921701431274}, {'epoch': 13, 'best_score': 0.23076921701431274}, {'epoch': 14, 'best_score': 0.23076921701431274}, {'epoch': 15, 'best_score': 0.23076921701431274}, {'epoch': 16, 'best_score': 0.23076921701431274}, {'epoch': 17, 'best_score': 0.23076921701431274}, {'epoch': 18, 'best_score': 0.23076921701431274}, {'epoch': 19, 'best_score': 0.23076921701431274}, {'epoch': 20, 'best_score': 0.307692289352417}, {'epoch': 21, 'best_score': 0.307692289352417}, {'epoch': 22, 'best_score': 0.307692289352417}, {'epoch': 23, 'best_score': 0.307692289352417}, {'epoch': 24, 'best_score': 0.307692289352417}, {'epoch': 25, 'best_score': 0.307692289352417}, {'epoch': 26, 'best_score': 0.307692289352417}, {'epoch': 27, 'best_score': 0.307692289352417}, {'epoch': 28, 'best_score': 0.307692289352417}, {'epoch': 29, 'best_score': 0.307692289352417}, {'epoch': 30, 'best_score': 0.307692289352417}, {'epoch': 31, 'best_score': 0.307692289352417}, {'epoch': 32, 'best_score': 0.307692289352417}, {'epoch': 33, 'best_score': 0.307692289352417}, {'epoch': 34, 'best_score': 0.23076921701431274}, {'epoch': 35, 'best_score': 0.23076921701431274}, {'epoch': 36, 'best_score': 0.23076921701431274}, {'epoch': 37, 'best_score': 0.23076921701431274}, {'epoch': 38, 'best_score': 0.23076921701431274}, {'epoch': 39, 'best_score': 0.23076921701431274}, {'epoch': 40, 'best_score': 0.23076921701431274}, {'epoch': 41, 'best_score': 0.23076921701431274}, {'epoch': 42, 'best_score': 0.23076921701431274}, {'epoch': 43, 'best_score': 0.23076921701431274}, {'epoch': 44, 'best_score': 0.23076921701431274}, {'epoch': 45, 'best_score': 0.1538461446762085}, {'epoch': 46, 'best_score': 0.1538461446762085}, {'epoch': 47, 'best_score': 0.1538461446762085}, {'epoch': 48, 'best_score': 0.1538461446762085}, {'epoch': 49, 'best_score': 0.1538461446762085}]",officehome,3,CDANN,PCA64,4.0,0.9138167500495911,0.9138167500495911,0.5364891290664673,0.5546875,splits_officehome_CDANN_3_0_b09dc755c62e.npz,b09dc755c62e,False,False,0.13043478260869565,1.0,-0.07692307692307687,,,,0.9341084743617868,all_pca,PCA64,IW residual DIS2 | W=2 | seed=0 (plug-in),True,
iw_residual_dis2,2.0,0.0,24387.0,11083.0,6098.0,2773.0,0.9996720236142997,0.0,1.0,1.1050329208374023,0.5,0.5,0.6452946662902832,0.22184011340141296,617.0,787.0,304.0,411.0,0.0001571409733474017,0.2434186801298233,5556.0,542.0,2098.0,675.0,ok,plugin,False,,4454.035981573488,4321.945703982173,1.9996321461825917,0.7269963424411194,1.6323274941603436,0.5392592592592592,0.08635458154076671,0.08651172251411411,0.9134882774858859,0.9134882774858859,False,49.0,4.0,0.38598892092704773,0.1809210479259491,0.5669099688529968,"[{'epoch': 0, 'best_score': 0.09599500894546509}, {'epoch': 1, 'best_score': 0.09356188774108887}, {'epoch': 2, 'best_score': 0.10428673028945923}, {'epoch': 3, 'best_score': 0.10356640815734863}, {'epoch': 4, 'best_score': 0.11514759063720703}, {'epoch': 5, 'best_score': 0.12916189432144165}, {'epoch': 6, 'best_score': 0.13903027772903442}, {'epoch': 7, 'best_score': 0.13903027772903442}, {'epoch': 8, 'best_score': 0.14975506067276}, {'epoch': 9, 'best_score': 0.14556920528411865}, {'epoch': 10, 'best_score': 0.1465616226196289}, {'epoch': 11, 'best_score': 0.16088807582855225}, {'epoch': 12, 'best_score': 0.17531055212020874}, {'epoch': 13, 'best_score': 0.17071646451950073}, {'epoch': 14, 'best_score': 0.197656512260437}, {'epoch': 15, 'best_score': 0.21523243188858032}, {'epoch': 16, 'best_score': 0.23366469144821167}, {'epoch': 17, 'best_score': 0.2593962252140045}, {'epoch': 18, 'best_score': 0.27625173330307007}, {'epoch': 19, 'best_score': 0.2822464406490326}, {'epoch': 20, 'best_score': 0.30369606614112854}, {'epoch': 21, 'best_score': 0.30120694637298584}, {'epoch': 22, 'best_score': 0.3195030987262726}, {'epoch': 23, 'best_score': 0.3100429177284241}, {'epoch': 24, 'best_score': 0.3210397958755493}, {'epoch': 25, 'best_score': 0.30829012393951416}, {'epoch': 26, 'best_score': 0.31757426261901855}, {'epoch': 27, 'best_score': 0.3185667097568512}, {'epoch': 28, 'best_score': 0.31541329622268677}, {'epoch': 29, 'best_score': 0.3294275999069214}, {'epoch': 30, 'best_score': 0.33127641677856445}, {'epoch': 31, 'best_score': 0.3356543481349945}, {'epoch': 32, 'best_score': 0.33894383907318115}, {'epoch': 33, 'best_score': 0.34552276134490967}, {'epoch': 34, 'best_score': 0.3692694306373596}, {'epoch': 35, 'best_score': 0.36197012662887573}, {'epoch': 36, 'best_score': 0.3603934645652771}, {'epoch': 37, 'best_score': 0.36368295550346375}, {'epoch': 38, 'best_score': 0.3669724464416504}, {'epoch': 39, 'best_score': 0.3742716908454895}, {'epoch': 40, 'best_score': 0.3742716908454895}, {'epoch': 41, 'best_score': 0.36854907870292664}, {'epoch': 42, 'best_score': 0.36940550804138184}, {'epoch': 43, 'best_score': 0.37598443031311035}, {'epoch': 44, 'best_score': 0.3735513687133789}, {'epoch': 45, 'best_score': 0.36868518590927124}, {'epoch': 46, 'best_score': 0.3801303207874298}, {'epoch': 47, 'best_score': 0.3801303207874298}, {'epoch': 48, 'best_score': 0.3835558593273163}, {'epoch': 49, 'best_score': 0.38598892092704773}]",visda,1,DANN,PCA64,32.0,0.9995489120483398,0.9995489120483398,0.6463051438331604,0.6473133563995361,splits_visda_DANN_1_0_b09dc755c62e.npz,b09dc755c62e,False,False,0.0,0.18450184501845018,0.35475741424080903,,,,0.9134882774858859,all_pca,PCA64,IW residual DIS2 | W=2 | seed=0 (plug-in),True,
iw_residual_dis2,2.0,0.0,24387.0,14480.0,6098.0,3620.0,0.9998360118071499,0.0,1.0,1.0648400783538818,0.5,0.5,0.6437770128250122,0.22209472954273224,622.0,1117.0,281.0,546.0,6.173339187906178e-05,0.25027624309392266,5599.0,499.0,2714.0,906.0,ok,plugin,False,,4523.207566359672,4335.930373082524,1.9998273324058415,0.7258907811877808,1.6851475080434077,0.6534216335540839,0.0852932384105227,0.08535497180240177,0.9146450281975982,0.9146450281975982,False,49.0,3.0,0.4375985860824585,0.24555160105228424,0.6831501722335815,"[{'epoch': 0, 'best_score': 0.0854678750038147}, {'epoch': 1, 'best_score': 0.09614402055740356}, {'epoch': 2, 'best_score': 0.10509300231933594}, {'epoch': 3, 'best_score': 0.11221045255661011}, {'epoch': 4, 'best_score': 0.11017036437988281}, {'epoch': 5, 'best_score': 0.11524772644042969}, {'epoch': 6, 'best_score': 0.11320763826370239}, {'epoch': 7, 'best_score': 0.13195282220840454}, {'epoch': 8, 'best_score': 0.1457706093788147}, {'epoch': 9, 'best_score': 0.17209601402282715}, {'epoch': 10, 'best_score': 0.19831711053848267}, {'epoch': 11, 'best_score': 0.2209795117378235}, {'epoch': 12, 'best_score': 0.24892783164978027}, {'epoch': 13, 'best_score': 0.2720073461532593}, {'epoch': 14, 'best_score': 0.27546176314353943}, {'epoch': 15, 'best_score': 0.2698630094528198}, {'epoch': 16, 'best_score': 0.2713816165924072}, {'epoch': 17, 'best_score': 0.28917521238327026}, {'epoch': 18, 'best_score': 0.3015786409378052}, {'epoch': 19, 'best_score': 0.3042900562286377}, {'epoch': 20, 'best_score': 0.3085917830467224}, {'epoch': 21, 'best_score': 0.3237065374851227}, {'epoch': 22, 'best_score': 0.3288882076740265}, {'epoch': 23, 'best_score': 0.33350279927253723}, {'epoch': 24, 'best_score': 0.3483046889305115}, {'epoch': 25, 'best_score': 0.3551092743873596}, {'epoch': 26, 'best_score': 0.354796439409256}, {'epoch': 27, 'best_score': 0.3516092598438263}, {'epoch': 28, 'best_score': 0.36301541328430176}, {'epoch': 29, 'best_score': 0.36453402042388916}, {'epoch': 30, 'best_score': 0.37306585907936096}, {'epoch': 31, 'best_score': 0.38353344798088074}, {'epoch': 32, 'best_score': 0.381597638130188}, {'epoch': 33, 'best_score': 0.3852606415748596}, {'epoch': 34, 'best_score': 0.3863621652126312}, {'epoch': 35, 'best_score': 0.398765504360199}, {'epoch': 36, 'best_score': 0.40682151913642883}, {'epoch': 37, 'best_score': 0.3977683186531067}, {'epoch': 38, 'best_score': 0.4210563898086548}, {'epoch': 39, 'best_score': 0.4264466464519501}, {'epoch': 40, 'best_score': 0.4263423681259155}, {'epoch': 41, 'best_score': 0.4244065284729004}, {'epoch': 42, 'best_score': 0.4297967851161957}, {'epoch': 43, 'best_score': 0.4262380599975586}, {'epoch': 44, 'best_score': 0.42969250679016113}, {'epoch': 45, 'best_score': 0.4295882284641266}, {'epoch': 46, 'best_score': 0.4232594072818756}, {'epoch': 47, 'best_score': 0.4268181324005127}, {'epoch': 48, 'best_score': 0.43027257919311523}, {'epoch': 49, 'best_score': 0.4375985860824585}]",visda,2,DANN,PCA64,32.0,0.9997539520263672,0.9997539520263672,0.6546961069107056,0.6544198393821716,splits_visda_DANN_2_0_b09dc755c62e.npz,b09dc755c62e,False,False,0.0,0.312625250501002,0.3407963830530819,,,,0.9146450281975982,all_pca,PCA64,IW residual DIS2 | W=2 | seed=0 (plug-in),True,
iw_residual_dis2,2.0,0.0,24387.0,11083.0,6098.0,2773.0,0.9993440472285995,0.0,1.0,0.898655891418457,0.5,0.5,0.5671564340591431,0.24135282635688782,77.0,10.0,32.0,4.0,0.000637031261306502,0.002163721601153985,6044.0,54.0,2767.0,6.0,ok,plugin,False,,6031.264923522562,5308.590401723827,1.9998214273450186,1.0048786057637433,1.6237515936602833,0.6666666666666666,0.0002804824297792201,0.0009175136910857221,0.9990824863089143,0.9990824863089143,False,32.0,25.0,0.5,0.5,1.0,"[{'epoch': 0, 'best_score': 0.34375}, {'epoch': 1, 'best_score': 0.34375}, {'epoch': 2, 'best_score': 0.34375}, {'epoch': 3, 'best_score': 0.34375}, {'epoch': 4, 'best_score': 0.34375}, {'epoch': 5, 'best_score': 0.34375}, {'epoch': 6, 'best_score': 0.34375}, {'epoch': 7, 'best_score': 0.34375}, {'epoch': 8, 'best_score': 0.34375}, {'epoch': 9, 'best_score': 0.34375}, {'epoch': 10, 'best_score': 0.34375}, {'epoch': 11, 'best_score': 0.34375}, {'epoch': 12, 'best_score': 0.34375}, {'epoch': 13, 'best_score': 0.34375}, {'epoch': 14, 'best_score': 0.34375}, {'epoch': 15, 'best_score': 0.34375}, {'epoch': 16, 'best_score': 0.34375}, {'epoch': 17, 'best_score': 0.34375}, {'epoch': 18, 'best_score': 0.34375}, {'epoch': 19, 'best_score': 0.34375}, {'epoch': 20, 'best_score': 0.34375}, {'epoch': 21, 'best_score': 0.34375}, {'epoch': 22, 'best_score': 0.34375}, {'epoch': 23, 'best_score': 0.34375}, {'epoch': 24, 'best_score': 0.34375}, {'epoch': 25, 'best_score': 0.34375}, {'epoch': 26, 'best_score': 0.34375}, {'epoch': 27, 'best_score': 0.34375}, {'epoch': 28, 'best_score': 0.375}, {'epoch': 29, 'best_score': 0.34375}, {'epoch': 30, 'best_score': 0.34375}, {'epoch': 31, 'best_score': 0.375}, {'epoch': 32, 'best_score': 0.5}, {'epoch': 33, 'best_score': 0.34375}, {'epoch': 34, 'best_score': 0.34375}, {'epoch': 35, 'best_score': 0.34375}, {'epoch': 36, 'best_score': 0.34375}, {'epoch': 37, 'best_score': 0.34375}, {'epoch': 38, 'best_score': 0.34375}, {'epoch': 39, 'best_score': 0.34375}, {'epoch': 40, 'best_score': 0.34375}, {'epoch': 41, 'best_score': 0.34375}, {'epoch': 42, 'best_score': 0.34375}, {'epoch': 43, 'best_score': 0.34375}, {'epoch': 44, 'best_score': 0.375}, {'epoch': 45, 'best_score': 0.375}, {'epoch': 46, 'best_score': 0.375}, {'epoch': 47, 'best_score': 0.34375}, {'epoch': 48, 'best_score': 0.34375}, {'epoch': 49, 'best_score': 0.34375}]",visda,1,CDANN,PCA64,4.0,0.9990978837013245,0.9990978837013245,0.6784264445304871,0.6693112254142761,splits_visda_CDANN_1_0_b09dc755c62e.npz,b09dc755c62e,False,False,0.0,0.5370370370370371,0.12962962962962954,,,,0.9990824863089143,all_pca,PCA64,IW residual DIS2 | W=2 | seed=0 (plug-in),True,
iw_residual_dis2,2.0,0.0,24387.0,14480.0,6098.0,3620.0,0.9995080354214496,0.0,1.0,1.015189528465271,0.5,0.5,0.584722638130188,0.2427113950252533,0.0,13.0,2.0,4.0,0.0004944671874052444,0.0013812154696132596,6094.0,4.0,3615.0,5.0,unsupported_critic_region,plugin,False,,6099.281012144831,5474.054267960349,1.9947060482125578,0.9631262259398372,1.588388431314443,,,,,,,,,,,,,visda,2,CDANN,PCA64,4.0,0.9995899200439453,0.9995899200439453,0.7107734680175781,0.7140883803367615,splits_visda_CDANN_2_0_b09dc755c62e.npz,b09dc755c62e,,,,,,,,,,all_pca,PCA64,IW residual DIS2 | W=2 | seed=0 (plug-in),False,
iw_residual_dis2,2.0,0.0,6500.0,33009.0,1625.0,8255.0,0.904,0.0,1.0,1.0002415180206299,0.5,0.5,0.5261538624763489,0.24911938607692719,,,,,0.1020614479824793,0.0,1625.0,0.0,8255.0,0.0,ok,plugin,False,,1629.653002946045,1603.7784765973506,1.3368455958472198,1.007758693502864,1.1794554323886064,,0.0,0.1020614479824793,0.8979385520175207,0.8979385520175207,False,,,,,,,entity13,1,DANN,PCA128,4.0,0.905846118927002,0.905846118927002,0.7318307161331177,0.7345851063728333,splits_entity13_DANN_1_0_b09dc755c62e.npz,b09dc755c62e,False,False,,,,,,,0.8979385520175207,all_pca,PCA128,IW residual DIS2 | W=2 | seed=0 (plug-in),True,
iw_residual_dis2,2.0,0.0,6500.0,260.0,1625.0,65.0,0.9101538461538462,0.0,1.0,1.7742382287979126,0.5,0.5,0.5507692098617554,0.2487063705921173,,,,,0.09617915881122664,0.0,1625.0,0.0,65.0,0.0,ok,plugin,False,,1618.3502436743074,1595.0596068118211,1.5562486289175768,0.9940743249404251,1.2178340891359956,,0.0,0.09617915881122664,0.9038208411887734,0.9038208411887734,False,,,,,,,entity13,2,DANN,PCA128,4.0,0.9129230380058289,0.9129230380058289,0.8615384697914124,0.8461538553237915,splits_entity13_DANN_2_0_b09dc755c62e.npz,b09dc755c62e,False,False,,,,,,,0.9038208411887734,all_pca,PCA128,IW residual DIS2 | W=2 | seed=0 (plug-in),True,
iw_residual_dis2,2.0,0.0,6500.0,260.0,1625.0,65.0,0.9027692307692308,0.0,1.0,0.9099181294441223,0.5,0.5,0.5869231224060059,0.23467762768268585,105.0,4.0,59.0,2.0,0.10142709814160153,0.06153846153846154,1533.0,92.0,61.0,4.0,ok,plugin,False,,1469.9739751938619,1293.4384069182681,1.9976454565292308,0.9030365886445099,1.7356177359161784,0.75,0.007357859531772574,0.10878495767337411,0.8912150423266259,0.8912150423266259,False,5.0,6.0,0.2711864113807678,0.7288135886192322,1.0,"[{'epoch': 0, 'best_score': 0.23728811740875244}, {'epoch': 1, 'best_score': 0.23728811740875244}, {'epoch': 2, 'best_score': 0.23728811740875244}, {'epoch': 3, 'best_score': 0.23728811740875244}, {'epoch': 4, 'best_score': 0.2542372941970825}, {'epoch': 5, 'best_score': 0.2711864113807678}, {'epoch': 6, 'best_score': 0.2711864113807678}, {'epoch': 7, 'best_score': 0.2542372941970825}, {'epoch': 8, 'best_score': 0.2542372941970825}, {'epoch': 9, 'best_score': 0.2542372941970825}, {'epoch': 10, 'best_score': 0.23728811740875244}, {'epoch': 11, 'best_score': 0.23728811740875244}, {'epoch': 12, 'best_score': 0.2542372941970825}, {'epoch': 13, 'best_score': 0.2542372941970825}, {'epoch': 14, 'best_score': 0.2542372941970825}, {'epoch': 15, 'best_score': 0.2542372941970825}, {'epoch': 16, 'best_score': 0.2542372941970825}, {'epoch': 17, 'best_score': 0.23728811740875244}, {'epoch': 18, 'best_score': 0.23728811740875244}, {'epoch': 19, 'best_score': 0.23728811740875244}, {'epoch': 20, 'best_score': 0.23728811740875244}, {'epoch': 21, 'best_score': 0.22033900022506714}, {'epoch': 22, 'best_score': 0.22033900022506714}, {'epoch': 23, 'best_score': 0.18644070625305176}, {'epoch': 24, 'best_score': 0.18644070625305176}, {'epoch': 25, 'best_score': 0.18644070625305176}, {'epoch': 26, 'best_score': 0.18644070625305176}, {'epoch': 27, 'best_score': 0.18644070625305176}, {'epoch': 28, 'best_score': 0.18644070625305176}, {'epoch': 29, 'best_score': 0.18644070625305176}, {'epoch': 30, 'best_score': 0.20338982343673706}, {'epoch': 31, 'best_score': 0.20338982343673706}, {'epoch': 32, 'best_score': 0.20338982343673706}, {'epoch': 33, 'best_score': 0.20338982343673706}, {'epoch': 34, 'best_score': 0.20338982343673706}, {'epoch': 35, 'best_score': 0.20338982343673706}, {'epoch': 36, 'best_score': 0.20338982343673706}, {'epoch': 37, 'best_score': 0.20338982343673706}, {'epoch': 38, 'best_score': 0.22033900022506714}, {'epoch': 39, 'best_score': 0.22033900022506714}, {'epoch': 40, 'best_score': 0.22033900022506714}, {'epoch': 41, 'best_score': 0.22033900022506714}, {'epoch': 42, 'best_score': 0.22033900022506714}, {'epoch': 43, 'best_score': 0.22033900022506714}, {'epoch': 44, 'best_score': 0.22033900022506714}, {'epoch': 45, 'best_score': 0.22033900022506714}, {'epoch': 46, 'best_score': 0.20338982343673706}, {'epoch': 47, 'best_score': 0.23728811740875244}, {'epoch': 48, 'best_score': 0.23728811740875244}, {'epoch': 49, 'best_score': 0.23728811740875244}]",entity13,3,DANN,PCA128,4.0,0.907076895236969,0.907076895236969,0.6653845906257629,0.5538461804389954,splits_entity13_DANN_3_0_b09dc755c62e.npz,b09dc755c62e,False,False,0.1956521739130435,0.8260869565217391,-0.07608695652173914,,,,0.8912150423266259,all_pca,PCA128,IW residual DIS2 | W=2 | seed=0 (plug-in),True,
iw_residual_dis2,2.0,0.0,6500.0,33009.0,1625.0,8255.0,0.9132307692307693,0.0,1.0,54.598148345947266,0.5,0.5,0.4826223850250244,0.25000327825546265,,,,,0.08673825360351638,0.0,1625.0,0.0,8255.0,0.0,ok,plugin,False,,1624.8091793992312,1624.9966886302996,1.0041316693110356,0.999862668944216,1.002218930082815,,0.0,0.08673825360351638,0.9132617463964836,0.9132617463964836,False,,,,,,,entity13,1,CDANN,PCA128,2.0,0.9096922874450684,0.9096922874450684,0.7354357838630676,0.7372501492500305,splits_entity13_CDANN_1_0_b09dc755c62e.npz,b09dc755c62e,False,False,,,,,,,0.9132617463964836,all_pca,PCA128,IW residual DIS2 | W=2 | seed=0 (plug-in),True,
iw_residual_dis2,2.0,0.0,6500.0,260.0,1625.0,65.0,0.9058461538461539,0.0,1.0,54.598148345947266,0.5,0.5,0.431538462638855,0.25006410479545593,,,,,0.09410790029445794,0.0,1625.0,0.0,65.0,0.0,ok,plugin,False,,1624.7928567540553,1624.9930658527478,1.0081001285835371,0.9993251249533899,1.0038516191047564,,0.0,0.09410790029445794,0.9058920997055421,0.9058920997055421,False,,,,,,,entity13,2,CDANN,PCA128,2.0,0.9081538319587708,0.9081538319587708,0.8423076868057251,0.8769230842590332,splits_entity13_CDANN_2_0_b09dc755c62e.npz,b09dc755c62e,False,False,,,,,,,0.9058920997055421,all_pca,PCA128,IW residual DIS2 | W=2 | seed=0 (plug-in),True,
iw_residual_dis2,2.0,0.0,6500.0,260.0,1625.0,65.0,0.9015384615384615,0.0,1.0,54.598148345947266,0.5,0.5,0.46000000834465027,0.2500145435333252,,,,,0.09843764574426198,0.0,1625.0,0.0,65.0,0.0,ok,plugin,False,,1624.8497243898194,1624.9984670490333,1.0040471020914072,0.9996792950429323,1.0017754632272984,,0.0,0.09843764574426198,0.901562354255738,0.901562354255738,False,,,,,,,entity13,3,CDANN,PCA128,2.0,0.9061538577079773,0.9061538577079773,0.6653845906257629,0.5692307949066162,splits_entity13_CDANN_3_0_b09dc755c62e.npz,b09dc755c62e,False,False,,,,,,,0.901562354255738,all_pca,PCA128,IW residual DIS2 | W=2 | seed=0 (plug-in),True,
iw_residual_dis2,2.0,0.0,6000.0,30828.0,1500.0,7709.0,0.8426666666666667,0.0,1.0,2.1854004859924316,0.5,0.5,0.513685941696167,0.24984881281852722,,,,,0.15861678133505971,0.0,1500.0,0.0,7709.0,0.0,ok,plugin,False,,1495.6354625364415,1495.7100106248408,1.13602034913624,1.0006332527185928,1.0775509263971013,,0.0,0.15861678133505971,0.8413832186649403,0.8413832186649403,False,,,,,,,entity30,1,DANN,PCA128,4.0,0.8550000190734863,0.8550000190734863,0.6190800070762634,0.6236866116523743,splits_entity30_DANN_1_0_b09dc755c62e.npz,b09dc755c62e,False,False,,,,,,,0.8413832186649403,all_pca,PCA128,IW residual DIS2 | W=2 | seed=0 (plug-in),True,
iw_residual_dis2,2.0,0.0,6000.0,240.0,1500.0,60.0,0.8606666666666667,0.0,1.0,54.598148345947266,0.5,0.5,0.4491666853427887,0.2501138150691986,,,,,0.13920980252986104,0.0,1500.0,0.0,60.0,0.0,ok,plugin,False,,1499.5347372240822,1499.9820282240962,1.0072316732625881,0.9997299409020883,1.0050617673980855,,0.0,0.13920980252986104,0.860790197470139,0.860790197470139,False,,,,,,,entity30,2,DANN,PCA128,4.0,0.8646666407585144,0.8646666407585144,0.7875000238418579,0.7500000596046448,splits_entity30_DANN_2_0_b09dc755c62e.npz,b09dc755c62e,False,False,,,,,,,0.860790197470139,all_pca,PCA128,IW residual DIS2 | W=2 | seed=0 (plug-in),True,
iw_residual_dis2,2.0,0.0,6000.0,240.0,1500.0,60.0,0.8553333333333333,0.0,1.0,1.6519205570220947,0.5,0.5,0.4891666769981384,0.24564804136753082,,,,,0.1424350002446711,0.0,1500.0,0.0,60.0,0.0,ok,plugin,False,,1457.0231277088642,1377.573698050195,1.8680364248746641,0.9338714229648318,1.5155672039365553,,0.0,0.1424350002446711,0.857564999755329,0.857564999755329,False,,,,,,,entity30,3,DANN,PCA128,4.0,0.8636666536331177,0.8636666536331177,0.5708333849906921,0.6666666865348816,splits_entity30_DANN_3_0_b09dc755c62e.npz,b09dc755c62e,False,False,,,,,,,0.857564999755329,all_pca,PCA128,IW residual DIS2 | W=2 | seed=0 (plug-in),True,
iw_residual_dis2,2.0,0.0,6000.0,30828.0,1500.0,7709.0,0.856,0.0,1.0,1.0,0.5,0.5,0.508439302444458,0.24986404180526733,,,,,0.14173062345909263,0.0,1500.0,0.0,7709.0,0.0,ok,plugin,False,,1493.2237108494348,1496.3249734174206,1.1457845093211514,0.9871266295636858,1.0838313495956282,,0.0,0.14173062345909263,0.8582693765409074,0.8582693765409074,False,,,,,,,entity30,1,CDANN,PCA128,2.0,0.8611666560173035,0.8611666560173035,0.627903163433075,0.6345829367637634,splits_entity30_CDANN_1_0_b09dc755c62e.npz,b09dc755c62e,False,False,,,,,,,0.8582693765409074,all_pca,PCA128,IW residual DIS2 | W=2 | seed=0 (plug-in),True,
iw_residual_dis2,2.0,0.0,6000.0,240.0,1500.0,60.0,0.862,0.0,1.0,54.598148345947266,0.5,0.5,0.4308333396911621,0.25015679001808167,,,,,0.13789180700634457,0.0,1500.0,0.0,60.0,0.0,ok,plugin,False,,1499.6894018968096,1499.9825909390204,1.010287051141523,0.9992388919787834,1.0059116907380055,,0.0,0.13789180700634457,0.8621081929936554,0.8621081929936554,False,,,,,,,entity30,2,CDANN,PCA128,2.0,0.8646666407585144,0.8646666407585144,0.8125000596046448,0.7500000596046448,splits_entity30_CDANN_2_0_b09dc755c62e.npz,b09dc755c62e,False,False,,,,,,,0.8621081929936554,all_pca,PCA128,IW residual DIS2 | W=2 | seed=0 (plug-in),True,
iw_residual_dis2,2.0,0.0,6000.0,240.0,1500.0,60.0,0.8453333333333333,0.0,1.0,54.598148345947266,0.5,0.5,0.4358333349227905,0.25021082162857056,,,,,0.1543188581194526,0.0,1500.0,0.0,60.0,0.0,ok,plugin,False,,1498.7417435781783,1499.948772427977,1.0165009310567248,0.9981608088746168,1.0100191216665084,,0.0,0.1543188581194526,0.8456811418805474,0.8456811418805474,False,,,,,,,entity30,3,CDANN,PCA128,2.0,0.8573333024978638,0.8573333024978638,0.5625,0.6166666746139526,splits_entity30_CDANN_3_0_b09dc755c62e.npz,b09dc755c62e,False,False,,,,,,,0.8456811418805474,all_pca,PCA128,IW residual DIS2 | W=2 | seed=0 (plug-in),True,
iw_residual_dis2,2.0,0.0,10000.0,2000.0,2500.0,500.0,0.9452,0.0,1.0,8.773600578308105,0.5,0.5,0.5010000467300415,0.24996860325336456,,,,,0.055304341732032455,0.0,2500.0,0.0,500.0,0.0,ok,plugin,False,,2494.085351309007,2498.5988629669264,1.0746962175583463,0.9971099833264978,1.0378352883971076,,0.0,0.055304341732032455,0.9446956582679675,0.9446956582679675,False,,,,,,,cifar10,1,DANN,PCA128,4.0,0.9508999586105347,0.9508999586105347,0.8440000414848328,0.8360000252723694,splits_cifar10_DANN_1_0_b09dc755c62e.npz,b09dc755c62e,False,False,,,,,,,0.9446956582679675,all_pca,PCA128,IW residual DIS2 | W=2 | seed=0 (plug-in),True,
iw_residual_dis2,2.0,0.0,10000.0,2000.0,2500.0,500.0,0.946,0.0,1.0,3.8162033557891846,0.5,0.5,0.4950000047683716,0.24990969896316528,,,,,0.05481815220204602,0.0,2500.0,0.0,500.0,0.0,ok,plugin,False,,2493.690610670148,2496.0553290372086,1.1452098261106611,0.9949934491971946,1.0662846595973205,,0.0,0.05481815220204602,0.945181847797954,0.945181847797954,False,,,,,,,cifar10,10,DANN,PCA128,4.0,0.9477999806404114,0.9477999806404114,0.924500048160553,0.9120000600814819,splits_cifar10_DANN_10_0_b09dc755c62e.npz,b09dc755c62e,False,False,,,,,,,0.945181847797954,all_pca,PCA128,IW residual DIS2 | W=2 | seed=0 (plug-in),True,
iw_residual_dis2,2.0,0.0,10000.0,2000.0,2500.0,500.0,0.9452,0.0,1.0,1.2220265865325928,0.5,0.5,0.5364999771118164,0.2490946352481842,,,,,0.058370964490673825,0.0,2500.0,0.0,500.0,0.0,ok,plugin,False,,2488.2262462473896,2463.339949256403,1.5045438908095843,0.9827008789755763,1.211277550028137,,0.0,0.058370964490673825,0.9416290355093262,0.9416290355093262,False,,,,,,,cifar10,71,DANN,PCA128,4.0,0.9487999677658081,0.9487999677658081,0.9305000305175781,0.9180000424385071,splits_cifar10_DANN_71_0_b09dc755c62e.npz,b09dc755c62e,False,False,,,,,,,0.9416290355093262,all_pca,PCA128,IW residual DIS2 | W=2 | seed=0 (plug-in),True,
iw_residual_dis2,2.0,0.0,10000.0,2000.0,2500.0,500.0,0.9528,0.0,1.0,54.598148345947266,0.5,0.5,0.5164999961853027,0.2500000596046448,,,,,0.04722235183991869,0.0,2500.0,0.0,500.0,0.0,ok,plugin,False,,2499.7740394690973,2499.990762295448,1.0060555024102642,0.9997951087323678,1.0031677043420386,,0.0,0.04722235183991869,0.9527776481600813,0.9527776481600813,False,,,,,,,cifar10,95,DANN,PCA128,4.0,0.9515999555587769,0.9515999555587769,0.9390000700950623,0.9360000491142273,splits_cifar10_DANN_95_0_b09dc755c62e.npz,b09dc755c62e,False,False,,,,,,,0.9527776481600813,all_pca,PCA128,IW residual DIS2 | W=2 | seed=0 (plug-in),True,
iw_residual_dis2,2.0,0.0,10000.0,2000.0,2500.0,500.0,0.9476,0.0,1.0,0.17014363408088684,0.5,0.5,0.5245000123977661,0.24869242310523987,,,,,0.05308069396822106,0.0,2500.0,0.0,500.0,0.0,ok,plugin,False,,2442.0107349066852,2447.5605210825292,1.414253400991676,0.9695991872977334,1.225940680059772,,0.0,0.05308069396822106,0.946919306031779,0.946919306031779,False,,,,,,,cifar10,1,CDANN,PCA128,2.0,0.949999988079071,0.949999988079071,0.846500039100647,0.8440000414848328,splits_cifar10_CDANN_1_0_b09dc755c62e.npz,b09dc755c62e,False,False,,,,,,,0.946919306031779,all_pca,PCA128,IW residual DIS2 | W=2 | seed=0 (plug-in),True,
iw_residual_dis2,2.0,0.0,10000.0,2000.0,2500.0,500.0,0.9468,0.0,1.0,0.4962989389896393,0.5,0.5,0.5364999771118164,0.24799585342407227,,,,,0.056365012615605996,0.0,2499.0,1.0,500.0,0.0,ok,plugin,False,,2485.1728070655763,2412.007466668177,1.9916130256012554,0.9679656998025318,1.3474654052373323,,0.0,0.056365012615605996,0.943634987384394,0.943634987384394,False,,,,,,,cifar10,10,CDANN,PCA128,2.0,0.948699951171875,0.948699951171875,0.9160000681877136,0.9120000600814819,splits_cifar10_CDANN_10_0_b09dc755c62e.npz,b09dc755c62e,False,False,,,,,,,0.943634987384394,all_pca,PCA128,IW residual DIS2 | W=2 | seed=0 (plug-in),True,
iw_residual_dis2,2.0,0.0,10000.0,2000.0,2500.0,500.0,0.9492,0.0,1.0,0.6242096424102783,0.5,0.5,0.5685000419616699,0.24514725804328918,19.0,10.0,12.0,3.0,0.05753341408352138,0.016,2477.0,23.0,492.0,8.0,ok,plugin,False,,2458.4326303129837,2291.841904551787,1.9982304613091073,0.9459425827488289,1.5394989265664194,0.875,0.0042608695652173924,0.061794283648738776,0.9382057163512613,0.9382057163512613,False,49.0,17.0,0.3333333134651184,0.6666666865348816,1.0,"[{'epoch': 0, 'best_score': 0.1666666865348816}, {'epoch': 1, 'best_score': 0.1666666865348816}, {'epoch': 2, 'best_score': 0.1666666865348816}, {'epoch': 3, 'best_score': 0.1666666865348816}, {'epoch': 4, 'best_score': 0.1666666865348816}, {'epoch': 5, 'best_score': 0.1666666865348816}, {'epoch': 6, 'best_score': 0.1666666865348816}, {'epoch': 7, 'best_score': 0.1666666865348816}, {'epoch': 8, 'best_score': 0.1666666865348816}, {'epoch': 9, 'best_score': 0.1666666865348816}, {'epoch': 10, 'best_score': 0.1666666865348816}, {'epoch': 11, 'best_score': 0.1666666865348816}, {'epoch': 12, 'best_score': 0.1666666865348816}, {'epoch': 13, 'best_score': 0.1666666865348816}, {'epoch': 14, 'best_score': 0.1666666865348816}, {'epoch': 15, 'best_score': 0.1666666865348816}, {'epoch': 16, 'best_score': 0.1666666865348816}, {'epoch': 17, 'best_score': 0.1666666865348816}, {'epoch': 18, 'best_score': 0.1666666865348816}, {'epoch': 19, 'best_score': 0.1666666865348816}, {'epoch': 20, 'best_score': 0.1666666865348816}, {'epoch': 21, 'best_score': 0.1666666865348816}, {'epoch': 22, 'best_score': 0.1666666865348816}, {'epoch': 23, 'best_score': 0.1666666865348816}, {'epoch': 24, 'best_score': 0.1666666865348816}, {'epoch': 25, 'best_score': 0.1666666865348816}, {'epoch': 26, 'best_score': 0.1666666865348816}, {'epoch': 27, 'best_score': 0.1666666865348816}, {'epoch': 28, 'best_score': 0.1666666865348816}, {'epoch': 29, 'best_score': 0.1666666865348816}, {'epoch': 30, 'best_score': 0.1666666865348816}, {'epoch': 31, 'best_score': 0.1666666865348816}, {'epoch': 32, 'best_score': 0.1666666865348816}, {'epoch': 33, 'best_score': 0.1666666865348816}, {'epoch': 34, 'best_score': 0.1666666865348816}, {'epoch': 35, 'best_score': 0.1666666865348816}, {'epoch': 36, 'best_score': 0.1666666865348816}, {'epoch': 37, 'best_score': 0.2500000298023224}, {'epoch': 38, 'best_score': 0.2500000298023224}, {'epoch': 39, 'best_score': 0.2500000298023224}, {'epoch': 40, 'best_score': 0.2500000298023224}, {'epoch': 41, 'best_score': 0.2500000298023224}, {'epoch': 42, 'best_score': 0.2500000298023224}, {'epoch': 43, 'best_score': 0.2500000298023224}, {'epoch': 44, 'best_score': 0.2500000298023224}, {'epoch': 45, 'best_score': 0.2500000298023224}, {'epoch': 46, 'best_score': 0.2500000298023224}, {'epoch': 47, 'best_score': 0.2500000298023224}, {'epoch': 48, 'best_score': 0.2500000298023224}, {'epoch': 49, 'best_score': 0.3333333134651184}]",cifar10,71,CDANN,PCA128,2.0,0.9511999487876892,0.9511999487876892,0.9280000329017639,0.9040000438690186,splits_cifar10_CDANN_71_0_b09dc755c62e.npz,b09dc755c62e,False,False,0.21739130434782608,0.8260869565217391,0.048913043478260865,,,,0.9382057163512613,all_pca,PCA128,IW residual DIS2 | W=2 | seed=0 (plug-in),True,
iw_residual_dis2,2.0,0.0,10000.0,2000.0,2500.0,500.0,0.9516,0.0,1.0,0.7907668352127075,0.5,0.5,0.531000018119812,0.24773964285850525,,,,,0.05094305906079633,0.002,2500.0,0.0,499.0,1.0,unsupported_residual_source_region,plugin,False,,2488.347347409076,2410.6658683568353,1.8820925983768675,0.9739097849315654,1.3333526002265257,,,,,,,,,,,,,cifar10,95,CDANN,PCA128,2.0,0.9526000022888184,0.9526000022888184,0.9355000257492065,0.9260000586509705,splits_cifar10_CDANN_95_0_b09dc755c62e.npz,b09dc755c62e,,,,,,,,,,all_pca,PCA128,IW residual DIS2 | W=2 | seed=0 (plug-in),False,
iw_residual_dis2,2.0,0.0,10000.0,2000.0,2500.0,500.0,0.758,0.0,1.0,54.598148345947266,0.5,0.5,0.4650000333786011,0.25001969933509827,,,,,0.2419982576682104,0.0,2500.0,0.0,500.0,0.0,ok,plugin,False,,2499.7532344260535,2499.988574872757,1.0065488240017049,0.9996886078407687,1.0036541956843361,,0.0,0.2419982576682104,0.7580017423317896,0.7580017423317896,False,,,,,,,cifar100,4,DANN,PCA128,4.0,0.7841999530792236,0.7841999530792236,0.7440000176429749,0.7760000228881836,splits_cifar100_DANN_4_0_b09dc755c62e.npz,b09dc755c62e,False,True,,,,,,,0.7580017423317896,all_pca,PCA128,IW residual DIS2 | W=2 | seed=0 (plug-in),True,
iw_residual_dis2,2.0,0.0,10000.0,2000.0,2500.0,500.0,0.76,0.0,1.0,54.598148345947266,0.5,0.5,0.4865000247955322,0.25001460313796997,,,,,0.239999882682108,0.0,2500.0,0.0,500.0,0.0,ok,plugin,False,,2499.8483419123268,2499.985395305856,1.0071521583076815,0.9995257065804695,1.0046078642965648,,0.0,0.239999882682108,0.760000117317892,0.760000117317892,False,,,,,,,cifar100,12,DANN,PCA128,4.0,0.7831999659538269,0.7831999659538269,0.7545000314712524,0.7860000133514404,splits_cifar100_DANN_12_0_b09dc755c62e.npz,b09dc755c62e,False,True,,,,,,,0.760000117317892,all_pca,PCA128,IW residual DIS2 | W=2 | seed=0 (plug-in),True,
iw_residual_dis2,2.0,0.0,10000.0,2000.0,2500.0,500.0,0.7596,0.0,1.0,54.598148345947266,0.5,0.5,0.47699999809265137,0.2500078082084656,,,,,0.24037039917408592,0.0,2500.0,0.0,500.0,0.0,ok,plugin,False,,2499.7801583458477,2499.988640048404,1.0055725611044706,0.9996143867266732,1.0038646078134987,,0.0,0.24037039917408592,0.759629600825914,0.759629600825914,False,,,,,,,cifar100,59,DANN,PCA128,4.0,0.7841999530792236,0.7841999530792236,0.7585000395774841,0.7720000147819519,splits_cifar100_DANN_59_0_b09dc755c62e.npz,b09dc755c62e,False,True,,,,,,,0.759629600825914,all_pca,PCA128,IW residual DIS2 | W=2 | seed=0 (plug-in),True,
iw_residual_dis2,2.0,0.0,10000.0,2000.0,2500.0,500.0,0.764,0.0,1.0,54.598148345947266,0.5,0.5,0.49150002002716064,0.25001275539398193,,,,,0.2359316635207103,0.0,2500.0,0.0,500.0,0.0,ok,plugin,False,,2499.73099564906,2499.9867195910497,1.0059094292708177,0.9997488903489808,1.0039350431797103,,0.0,0.2359316635207103,0.7640683364792897,0.7640683364792897,False,,,,,,,cifar100,82,DANN,PCA128,4.0,0.7861999869346619,0.7861999869346619,0.7695000171661377,0.7700000405311584,splits_cifar100_DANN_82_0_b09dc755c62e.npz,b09dc755c62e,True,True,,,,,,,0.7640683364792897,all_pca,PCA128,IW residual DIS2 | W=2 | seed=0 (plug-in),True,
iw_residual_dis2,2.0,0.0,10000.0,2000.0,2500.0,500.0,0.762,0.0,1.0,54.598148345947266,0.5,0.5,0.47350001335144043,0.2500128746032715,,,,,0.23791774453108974,0.0,2500.0,0.0,500.0,0.0,ok,plugin,False,,2499.5213553092535,2499.9918473738035,1.0049697654747418,0.999775081946424,1.0027703603608542,,0.0,0.23791774453108974,0.7620822554689103,0.7620822554689103,False,,,,,,,cifar100,4,CDANN,PCA128,2.0,0.7849999666213989,0.7849999666213989,0.7275000214576721,0.7480000257492065,splits_cifar100_CDANN_4_0_b09dc755c62e.npz,b09dc755c62e,False,False,,,,,,,0.7620822554689103,all_pca,PCA128,IW residual DIS2 | W=2 | seed=0 (plug-in),True,
iw_residual_dis2,2.0,0.0,10000.0,2000.0,2500.0,500.0,0.766,0.0,1.0,54.598148345947266,0.5,0.5,0.4555000066757202,0.25001126527786255,,,,,0.23394834606631215,0.0,2500.0,0.0,500.0,0.0,ok,plugin,False,,2499.7695474120897,2499.9965476571324,1.0025935233010632,1.0001118655132308,1.0015951618466232,,0.0,0.23394834606631215,0.7660516539336879,0.7660516539336879,False,,,,,,,cifar100,12,CDANN,PCA128,2.0,0.7858999967575073,0.7858999967575073,0.7480000257492065,0.7680000066757202,splits_cifar100_CDANN_12_0_b09dc755c62e.npz,b09dc755c62e,False,True,,,,,,,0.7660516539336879,all_pca,PCA128,IW residual DIS2 | W=2 | seed=0 (plug-in),True,
iw_residual_dis2,2.0,0.0,10000.0,2000.0,2500.0,500.0,0.7664,0.0,1.0,54.598148345947266,0.5,0.5,0.4820000231266022,0.2500077486038208,,,,,0.23353483414116719,0.0,2500.0,0.0,500.0,0.0,ok,plugin,False,,2499.7055347397572,2499.9966039572405,1.0030164165200173,0.9998415518807418,1.0018141114374504,,0.0,0.23353483414116719,0.7664651658588328,0.7664651658588328,False,,,,,,,cifar100,59,CDANN,PCA128,2.0,0.7870000004768372,0.7870000004768372,0.7580000162124634,0.7920000553131104,splits_cifar100_CDANN_59_0_b09dc755c62e.npz,b09dc755c62e,False,True,,,,,,,0.7664651658588328,all_pca,PCA128,IW residual DIS2 | W=2 | seed=0 (plug-in),True,
iw_residual_dis2,2.0,0.0,10000.0,2000.0,2500.0,500.0,0.7652,0.0,1.0,54.598148345947266,0.5,0.5,0.47699999809265137,0.2500116527080536,,,,,0.2347123461502757,0.0,2500.0,0.0,500.0,0.0,ok,plugin,False,,2499.697415029496,2499.9921780480427,1.004077748575366,1.000238077137506,1.0023784455234221,,0.0,0.2347123461502757,0.7652876538497243,0.7652876538497243,False,,,,,,,cifar100,82,CDANN,PCA128,2.0,0.7872999906539917,0.7872999906539917,0.7635000348091125,0.7720000147819519,splits_cifar100_CDANN_82_0_b09dc755c62e.npz,b09dc755c62e,False,True,,,,,,,0.7652876538497243,all_pca,PCA128,IW residual DIS2 | W=2 | seed=0 (plug-in),True,
iw_residual_dis2,2.0,0.0,28152.0,9910.0,7040.0,2478.0,0.803125,0.0,1.0,1.1119482517242432,0.5,0.5,0.5655994415283203,0.2446473389863968,52.0,47.0,36.0,27.0,0.19872824542744613,0.016142050040355124,6999.0,41.0,2438.0,40.0,ok,plugin,False,,6945.206053271116,6485.860771901379,1.9999189377373088,0.9622395704043034,1.508797843454012,0.95,0.005098525561526802,0.20382677098897292,0.796173229011027,0.796173229011027,False,49.0,12.0,0.3055555820465088,0.5833333134651184,0.8888888955116272,"[{'epoch': 0, 'best_score': 0.1388888955116272}, {'epoch': 1, 'best_score': 0.1666666865348816}, {'epoch': 2, 'best_score': 0.12962967157363892}, {'epoch': 3, 'best_score': 0.15740740299224854}, {'epoch': 4, 'best_score': 0.18518519401550293}, {'epoch': 5, 'best_score': 0.18518519401550293}, {'epoch': 6, 'best_score': 0.18518519401550293}, {'epoch': 7, 'best_score': 0.18518519401550293}, {'epoch': 8, 'best_score': 0.18518519401550293}, {'epoch': 9, 'best_score': 0.2222222089767456}, {'epoch': 10, 'best_score': 0.2222222089767456}, {'epoch': 11, 'best_score': 0.2222222089767456}, {'epoch': 12, 'best_score': 0.2222222089767456}, {'epoch': 13, 'best_score': 0.2222222089767456}, {'epoch': 14, 'best_score': 0.2222222089767456}, {'epoch': 15, 'best_score': 0.2222222089767456}, {'epoch': 16, 'best_score': 0.2222222089767456}, {'epoch': 17, 'best_score': 0.21296298503875732}, {'epoch': 18, 'best_score': 0.18518519401550293}, {'epoch': 19, 'best_score': 0.18518519401550293}, {'epoch': 20, 'best_score': 0.18518519401550293}, {'epoch': 21, 'best_score': 0.21296298503875732}, {'epoch': 22, 'best_score': 0.24074077606201172}, {'epoch': 23, 'best_score': 0.24074077606201172}, {'epoch': 24, 'best_score': 0.23148149251937866}, {'epoch': 25, 'best_score': 0.23148149251937866}, {'epoch': 26, 'best_score': 0.2870370149612427}, {'epoch': 27, 'best_score': 0.2592592239379883}, {'epoch': 28, 'best_score': 0.2592592239379883}, {'epoch': 29, 'best_score': 0.29629629850387573}, {'epoch': 30, 'best_score': 0.29629629850387573}, {'epoch': 31, 'best_score': 0.29629629850387573}, {'epoch': 32, 'best_score': 0.29629629850387573}, {'epoch': 33, 'best_score': 0.29629629850387573}, {'epoch': 34, 'best_score': 0.2592592239379883}, {'epoch': 35, 'best_score': 0.2870370149612427}, {'epoch': 36, 'best_score': 0.2592592239379883}, {'epoch': 37, 'best_score': 0.2592592239379883}, {'epoch': 38, 'best_score': 0.2592592239379883}, {'epoch': 39, 'best_score': 0.2592592239379883}, {'epoch': 40, 'best_score': 0.2870370149612427}, {'epoch': 41, 'best_score': 0.2870370149612427}, {'epoch': 42, 'best_score': 0.2870370149612427}, {'epoch': 43, 'best_score': 0.25}, {'epoch': 44, 'best_score': 0.25}, {'epoch': 45, 'best_score': 0.25}, {'epoch': 46, 'best_score': 0.25}, {'epoch': 47, 'best_score': 0.2777777910232544}, {'epoch': 48, 'best_score': 0.2777777910232544}, {'epoch': 49, 'best_score': 0.3055555820465088}]",domainnet,1,DANN,PCA128,16.0,0.8072605729103088,0.8072605729103088,0.465893030166626,0.47497981786727905,splits_domainnet_DANN_1_0_b09dc755c62e.npz,b09dc755c62e,False,False,0.0975609756097561,0.7317073170731707,0.21829268292682924,,,,0.796173229011027,all_pca,PCA128,IW residual DIS2 | W=2 | seed=0 (plug-in),True,
iw_residual_dis2,2.0,0.0,28152.0,14207.0,7040.0,3553.0,0.8038352272727273,0.0,1.0,1.0876469612121582,0.5,0.5,0.5871150493621826,0.23883157968521118,227.0,399.0,126.0,199.0,0.19245108601214983,0.08950182943990993,6852.0,188.0,3235.0,318.0,ok,plugin,False,,6492.365033778085,6044.5436907613575,1.9987072690569119,0.8990829613424063,1.603523510312918,0.89937106918239,0.03479229419549558,0.2272433802076454,0.7727566197923545,0.7727566197923545,False,48.0,5.0,0.18202120065689087,0.7777777910232544,0.9597989916801453,"[{'epoch': 0, 'best_score': 0.010847866535186768}, {'epoch': 1, 'best_score': 0.010847866535186768}, {'epoch': 2, 'best_score': 0.010847866535186768}, {'epoch': 3, 'best_score': 0.010847866535186768}, {'epoch': 4, 'best_score': 0.0158730149269104}, {'epoch': 5, 'best_score': 0.0158730149269104}, {'epoch': 6, 'best_score': 0.018784403800964355}, {'epoch': 7, 'best_score': 0.0317460298538208}, {'epoch': 8, 'best_score': 0.04259389638900757}, {'epoch': 9, 'best_score': 0.050530433654785156}, {'epoch': 10, 'best_score': 0.050530433654785156}, {'epoch': 11, 'best_score': 0.0455053448677063}, {'epoch': 12, 'best_score': 0.0455053448677063}, {'epoch': 13, 'best_score': 0.05344182252883911}, {'epoch': 14, 'best_score': 0.05846691131591797}, {'epoch': 15, 'best_score': 0.06428968906402588}, {'epoch': 16, 'best_score': 0.06428968906402588}, {'epoch': 17, 'best_score': 0.06720113754272461}, {'epoch': 18, 'best_score': 0.06720113754272461}, {'epoch': 19, 'best_score': 0.07142859697341919}, {'epoch': 20, 'best_score': 0.079365074634552}, {'epoch': 21, 'best_score': 0.08307415246963501}, {'epoch': 22, 'best_score': 0.08730161190032959}, {'epoch': 23, 'best_score': 0.08730161190032959}, {'epoch': 24, 'best_score': 0.08730161190032959}, {'epoch': 25, 'best_score': 0.09392201900482178}, {'epoch': 26, 'best_score': 0.08730161190032959}, {'epoch': 27, 'best_score': 0.0952380895614624}, {'epoch': 28, 'best_score': 0.0952380895614624}, {'epoch': 29, 'best_score': 0.10317462682723999}, {'epoch': 30, 'best_score': 0.10608595609664917}, {'epoch': 31, 'best_score': 0.12566804885864258}, {'epoch': 32, 'best_score': 0.1269841194152832}, {'epoch': 33, 'best_score': 0.1306931972503662}, {'epoch': 34, 'best_score': 0.1328068971633911}, {'epoch': 35, 'best_score': 0.13862967491149902}, {'epoch': 36, 'best_score': 0.13862967491149902}, {'epoch': 37, 'best_score': 0.13862967491149902}, {'epoch': 38, 'best_score': 0.1465662121772766}, {'epoch': 39, 'best_score': 0.15450268983840942}, {'epoch': 40, 'best_score': 0.15450268983840942}, {'epoch': 41, 'best_score': 0.1494775414466858}, {'epoch': 42, 'best_score': 0.16032540798187256}, {'epoch': 43, 'best_score': 0.16826194524765015}, {'epoch': 44, 'best_score': 0.16614818572998047}, {'epoch': 45, 'best_score': 0.17408472299575806}, {'epoch': 46, 'best_score': 0.16746431589126587}, {'epoch': 47, 'best_score': 0.17408472299575806}, {'epoch': 48, 'best_score': 0.18202120065689087}, {'epoch': 49, 'best_score': 0.17990750074386597}]",domainnet,2,DANN,PCA128,16.0,0.8101378083229065,0.8101378083229065,0.38572534918785095,0.38727834820747375,splits_domainnet_DANN_2_0_b09dc755c62e.npz,b09dc755c62e,False,False,0.3670212765957447,0.8776595744680851,0.02171149471430489,,,,0.7727566197923545,all_pca,PCA128,IW residual DIS2 | W=2 | seed=0 (plug-in),True,
iw_residual_dis2,2.0,0.0,28152.0,15295.0,7040.0,3825.0,0.8072443181818182,0.0,1.0,1.0,0.5,0.5,0.5511423349380493,0.24669042229652405,16.0,14.0,4.0,4.0,0.18972677762904308,0.00392156862745098,7033.0,7.0,3810.0,15.0,ok,plugin,False,,7029.774438664703,6697.256242439492,1.9896165044556438,0.975412496372916,1.4002069591916897,1.0,0.0,0.18972677762904308,0.8102732223709569,0.8102732223709569,False,13.0,9.0,0.5,0.5,1.0,"[{'epoch': 0, 'best_score': 0.0}, {'epoch': 1, 'best_score': 0.0}, {'epoch': 2, 'best_score': 0.0}, {'epoch': 3, 'best_score': 0.0}, {'epoch': 4, 'best_score': 0.0}, {'epoch': 5, 'best_score': 0.0}, {'epoch': 6, 'best_score': 0.25}, {'epoch': 7, 'best_score': 0.25}, {'epoch': 8, 'best_score': 0.25}, {'epoch': 9, 'best_score': 0.25}, {'epoch': 10, 'best_score': 0.25}, {'epoch': 11, 'best_score': 0.25}, {'epoch': 12, 'best_score': 0.25}, {'epoch': 13, 'best_score': 0.5}, {'epoch': 14, 'best_score': 0.5}, {'epoch': 15, 'best_score': 0.5}, {'epoch': 16, 'best_score': 0.5}, {'epoch': 17, 'best_score': 0.5}, {'epoch': 18, 'best_score': 0.5}, {'epoch': 19, 'best_score': 0.5}, {'epoch': 20, 'best_score': 0.5}, {'epoch': 21, 'best_score': 0.5}, {'epoch': 22, 'best_score': 0.5}, {'epoch': 23, 'best_score': 0.5}, {'epoch': 24, 'best_score': 0.5}, {'epoch': 25, 'best_score': 0.5}, {'epoch': 26, 'best_score': 0.5}, {'epoch': 27, 'best_score': 0.5}, {'epoch': 28, 'best_score': 0.5}, {'epoch': 29, 'best_score': 0.5}, {'epoch': 30, 'best_score': 0.5}, {'epoch': 31, 'best_score': 0.5}, {'epoch': 32, 'best_score': 0.5}, {'epoch': 33, 'best_score': 0.5}, {'epoch': 34, 'best_score': 0.5}, {'epoch': 35, 'best_score': 0.5}, {'epoch': 36, 'best_score': 0.5}, {'epoch': 37, 'best_score': 0.5}, {'epoch': 38, 'best_score': 0.5}, {'epoch': 39, 'best_score': 0.5}, {'epoch': 40, 'best_score': 0.5}, {'epoch': 41, 'best_score': 0.5}, {'epoch': 42, 'best_score': 0.5}, {'epoch': 43, 'best_score': 0.5}, {'epoch': 44, 'best_score': 0.5}, {'epoch': 45, 'best_score': 0.5}, {'epoch': 46, 'best_score': 0.5}, {'epoch': 47, 'best_score': 0.5}, {'epoch': 48, 'best_score': 0.5}, {'epoch': 49, 'best_score': 0.5}]",domainnet,3,DANN,PCA128,16.0,0.8096050024032593,0.8096050024032593,0.4719189405441284,0.46562090516090393,splits_domainnet_DANN_3_0_b09dc755c62e.npz,b09dc755c62e,False,False,0.0,1.0,0.0,,,,0.8102732223709569,all_pca,PCA128,IW residual DIS2 | W=2 | seed=0 (plug-in),True,
iw_residual_dis2,2.0,0.0,28152.0,9910.0,7040.0,2478.0,0.8025568181818181,0.0,1.0,0.6891694664955139,0.5,0.5,0.5518583655357361,0.2476402223110199,,,,,0.2122995765047314,0.0,7040.0,0.0,2478.0,0.0,ok,plugin,False,,7058.6774763761005,6772.732428446517,1.7363429493586948,0.9912437517164989,1.3519304301570783,,0.0,0.2122995765047314,0.7877004234952686,0.7877004234952686,False,,,,,,,domainnet,1,CDANN,PCA128,2.0,0.8055910468101501,0.8055910468101501,0.5121089816093445,0.5205811262130737,splits_domainnet_CDANN_1_0_b09dc755c62e.npz,b09dc755c62e,False,False,,,,,,,0.7877004234952686,all_pca,PCA128,IW residual DIS2 | W=2 | seed=0 (plug-in),True,
iw_residual_dis2,2.0,0.0,28152.0,14207.0,7040.0,3553.0,0.8004261363636364,0.0,1.0,1.2327624559402466,0.5,0.5,0.5317138433456421,0.24842125177383423,,,,,0.206050522711962,0.0,7040.0,0.0,3553.0,0.0,ok,plugin,False,,7004.627348743973,6866.134741231943,1.6262437613478662,0.9893027245585254,1.265262707350922,,0.0,0.206050522711962,0.793949477288038,0.793949477288038,False,,,,,,,domainnet,2,CDANN,PCA128,2.0,0.8071539998054504,0.8071539998054504,0.42063772678375244,0.4218969941139221,splits_domainnet_CDANN_2_0_b09dc755c62e.npz,b09dc755c62e,False,False,,,,,,,0.793949477288038,all_pca,PCA128,IW residual DIS2 | W=2 | seed=0 (plug-in),True,
iw_residual_dis2,2.0,0.0,28152.0,15295.0,7040.0,3825.0,0.8063920454545455,0.0,1.0,0.9625664353370667,0.5,0.5,0.5416542291641235,0.24739854037761688,4.0,6.0,4.0,5.0,0.18282324457548627,0.001568627450980392,7036.0,4.0,3819.0,6.0,ok,plugin,False,,7006.515069915121,6748.239203627656,1.9679740823902052,0.9645998016672659,1.378019522038344,1.0,0.0,0.18282324457548627,0.8171767554245137,0.8171767554245137,False,0.0,0.0,0.0,1.0,1.0,"[{'epoch': 0, 'best_score': 0.0}, {'epoch': 1, 'best_score': 0.0}, {'epoch': 2, 'best_score': 0.0}, {'epoch': 3, 'best_score': 0.0}, {'epoch': 4, 'best_score': 0.0}, {'epoch': 5, 'best_score': 0.0}, {'epoch': 6, 'best_score': 0.0}, {'epoch': 7, 'best_score': 0.0}, {'epoch': 8, 'best_score': 0.0}, {'epoch': 9, 'best_score': 0.0}, {'epoch': 10, 'best_score': 0.0}, {'epoch': 11, 'best_score': 0.0}, {'epoch': 12, 'best_score': 0.0}, {'epoch': 13, 'best_score': 0.0}, {'epoch': 14, 'best_score': 0.0}, {'epoch': 15, 'best_score': 0.0}, {'epoch': 16, 'best_score': 0.0}, {'epoch': 17, 'best_score': 0.0}, {'epoch': 18, 'best_score': 0.0}, {'epoch': 19, 'best_score': 0.0}, {'epoch': 20, 'best_score': 0.0}, {'epoch': 21, 'best_score': 0.0}, {'epoch': 22, 'best_score': 0.0}, {'epoch': 23, 'best_score': 0.0}, {'epoch': 24, 'best_score': 0.0}, {'epoch': 25, 'best_score': 0.0}, {'epoch': 26, 'best_score': 0.0}, {'epoch': 27, 'best_score': 0.0}, {'epoch': 28, 'best_score': 0.0}, {'epoch': 29, 'best_score': 0.0}, {'epoch': 30, 'best_score': 0.0}, {'epoch': 31, 'best_score': 0.0}, {'epoch': 32, 'best_score': 0.0}, {'epoch': 33, 'best_score': 0.0}, {'epoch': 34, 'best_score': 0.0}, {'epoch': 35, 'best_score': 0.0}, {'epoch': 36, 'best_score': 0.0}, {'epoch': 37, 'best_score': 0.0}, {'epoch': 38, 'best_score': 0.0}, {'epoch': 39, 'best_score': 0.0}, {'epoch': 40, 'best_score': 0.0}, {'epoch': 41, 'best_score': 0.0}, {'epoch': 42, 'best_score': 0.0}, {'epoch': 43, 'best_score': 0.0}, {'epoch': 44, 'best_score': 0.0}, {'epoch': 45, 'best_score': 0.0}, {'epoch': 46, 'best_score': 0.0}, {'epoch': 47, 'best_score': 0.0}, {'epoch': 48, 'best_score': 0.0}, {'epoch': 49, 'best_score': 0.0}]",domainnet,3,CDANN,PCA128,2.0,0.8074381947517395,0.8074381947517395,0.49369075894355774,0.48549020290374756,splits_domainnet_CDANN_3_0_b09dc755c62e.npz,b09dc755c62e,False,False,0.0,1.0,0.0,,,,0.8171767554245137,all_pca,PCA128,IW residual DIS2 | W=2 | seed=0 (plug-in),True,
iw_residual_dis2,2.0,0.0,1700.0,8804.0,425.0,2203.0,0.8658823529411764,0.0,1.0,1.0323028564453125,0.5,0.5,0.5282753705978394,0.24553291499614716,2.0,11.0,1.0,7.0,0.15749729598747458,0.00045392646391284613,423.0,2.0,2202.0,1.0,ok,plugin,False,,441.1903031621978,394.105188110449,1.9294127712924911,1.021033667314775,1.5549973477355852,1.0,0.0,0.15749729598747458,0.8425027040125255,0.8425027040125255,False,0.0,0.0,0.0,1.0,1.0,"[{'epoch': 0, 'best_score': 0.0}, {'epoch': 1, 'best_score': 0.0}, {'epoch': 2, 'best_score': 0.0}, {'epoch': 3, 'best_score': 0.0}, {'epoch': 4, 'best_score': 0.0}, {'epoch': 5, 'best_score': 0.0}, {'epoch': 6, 'best_score': 0.0}, {'epoch': 7, 'best_score': 0.0}, {'epoch': 8, 'best_score': 0.0}, {'epoch': 9, 'best_score': 0.0}, {'epoch': 10, 'best_score': 0.0}, {'epoch': 11, 'best_score': 0.0}, {'epoch': 12, 'best_score': 0.0}, {'epoch': 13, 'best_score': 0.0}, {'epoch': 14, 'best_score': 0.0}, {'epoch': 15, 'best_score': 0.0}, {'epoch': 16, 'best_score': 0.0}, {'epoch': 17, 'best_score': 0.0}, {'epoch': 18, 'best_score': 0.0}, {'epoch': 19, 'best_score': 0.0}, {'epoch': 20, 'best_score': 0.0}, {'epoch': 21, 'best_score': 0.0}, {'epoch': 22, 'best_score': 0.0}, {'epoch': 23, 'best_score': 0.0}, {'epoch': 24, 'best_score': 0.0}, {'epoch': 25, 'best_score': 0.0}, {'epoch': 26, 'best_score': 0.0}, {'epoch': 27, 'best_score': 0.0}, {'epoch': 28, 'best_score': 0.0}, {'epoch': 29, 'best_score': 0.0}, {'epoch': 30, 'best_score': 0.0}, {'epoch': 31, 'best_score': 0.0}, {'epoch': 32, 'best_score': 0.0}, {'epoch': 33, 'best_score': 0.0}, {'epoch': 34, 'best_score': 0.0}, {'epoch': 35, 'best_score': 0.0}, {'epoch': 36, 'best_score': 0.0}, {'epoch': 37, 'best_score': 0.0}, {'epoch': 38, 'best_score': 0.0}, {'epoch': 39, 'best_score': 0.0}, {'epoch': 40, 'best_score': 0.0}, {'epoch': 41, 'best_score': 0.0}, {'epoch': 42, 'best_score': 0.0}, {'epoch': 43, 'best_score': 0.0}, {'epoch': 44, 'best_score': 0.0}, {'epoch': 45, 'best_score': 0.0}, {'epoch': 46, 'best_score': 0.0}, {'epoch': 47, 'best_score': 0.0}, {'epoch': 48, 'best_score': 0.0}, {'epoch': 49, 'best_score': 0.0}]",living17,1,DANN,PCA128,4.0,0.8994117379188538,0.8994117379188538,0.6758291721343994,0.6876986026763916,splits_living17_DANN_1_0_b09dc755c62e.npz,b09dc755c62e,False,False,0.0,1.0,0.0,,,,0.8425027040125255,all_pca,PCA128,IW residual DIS2 | W=2 | seed=0 (plug-in),True,
iw_residual_dis2,2.0,0.0,1700.0,68.0,425.0,19.0,0.8823529411764706,0.0,1.0,5.29210901260376,0.5,0.5,0.365686297416687,0.24925261735916138,,,,,0.11506834301673828,0.0,425.0,0.0,19.0,0.0,ok,plugin,False,,406.7014308645402,417.14421277932587,1.2954476205578738,0.9670242257909241,1.163707299182002,,0.0,0.11506834301673828,0.8849316569832617,0.8849316569832617,False,,,,,,,living17,2,DANN,PCA128,4.0,0.9094117283821106,0.9094117283821106,0.8970588445663452,0.8421052694320679,splits_living17_DANN_2_0_b09dc755c62e.npz,b09dc755c62e,True,False,,,,,,,0.8849316569832617,all_pca,PCA128,IW residual DIS2 | W=2 | seed=0 (plug-in),True,
iw_residual_dis2,2.0,0.0,1700.0,68.0,425.0,19.0,0.8894117647058823,0.0,1.0,0.7791537046432495,0.5,0.5,0.6421568393707275,0.22426238656044006,47.0,2.0,25.0,2.0,0.0760052952826311,0.05263157894736842,367.0,58.0,18.0,1.0,ok,plugin,False,,303.8779245265623,276.80066152023744,1.9784183250546572,0.7302060837244558,1.6709548704790125,1.0,0.019963702359346636,0.09596899764197774,0.9040310023580223,0.9040310023580223,False,5.0,24.0,0.2799999713897705,0.7200000286102295,1.0,"[{'epoch': 0, 'best_score': 0.24000000953674316}, {'epoch': 1, 'best_score': 0.24000000953674316}, {'epoch': 2, 'best_score': 0.24000000953674316}, {'epoch': 3, 'best_score': 0.24000000953674316}, {'epoch': 4, 'best_score': 0.24000000953674316}, {'epoch': 5, 'best_score': 0.2799999713897705}, {'epoch': 6, 'best_score': 0.2799999713897705}, {'epoch': 7, 'best_score': 0.2799999713897705}, {'epoch': 8, 'best_score': 0.2799999713897705}, {'epoch': 9, 'best_score': 0.2799999713897705}, {'epoch': 10, 'best_score': 0.2799999713897705}, {'epoch': 11, 'best_score': 0.2799999713897705}, {'epoch': 12, 'best_score': 0.2799999713897705}, {'epoch': 13, 'best_score': 0.2799999713897705}, {'epoch': 14, 'best_score': 0.2799999713897705}, {'epoch': 15, 'best_score': 0.2799999713897705}, {'epoch': 16, 'best_score': 0.2799999713897705}, {'epoch': 17, 'best_score': 0.2799999713897705}, {'epoch': 18, 'best_score': 0.2799999713897705}, {'epoch': 19, 'best_score': 0.2799999713897705}, {'epoch': 20, 'best_score': 0.2799999713897705}, {'epoch': 21, 'best_score': 0.2799999713897705}, {'epoch': 22, 'best_score': 0.2799999713897705}, {'epoch': 23, 'best_score': 0.2799999713897705}, {'epoch': 24, 'best_score': 0.2799999713897705}, {'epoch': 25, 'best_score': 0.2799999713897705}, {'epoch': 26, 'best_score': 0.2799999713897705}, {'epoch': 27, 'best_score': 0.2799999713897705}, {'epoch': 28, 'best_score': 0.2799999713897705}, {'epoch': 29, 'best_score': 0.2799999713897705}, {'epoch': 30, 'best_score': 0.2799999713897705}, {'epoch': 31, 'best_score': 0.2799999713897705}, {'epoch': 32, 'best_score': 0.2799999713897705}, {'epoch': 33, 'best_score': 0.2799999713897705}, {'epoch': 34, 'best_score': 0.2799999713897705}, {'epoch': 35, 'best_score': 0.2799999713897705}, {'epoch': 36, 'best_score': 0.2799999713897705}, {'epoch': 37, 'best_score': 0.2799999713897705}, {'epoch': 38, 'best_score': 0.2799999713897705}, {'epoch': 39, 'best_score': 0.2799999713897705}, {'epoch': 40, 'best_score': 0.2799999713897705}, {'epoch': 41, 'best_score': 0.2799999713897705}, {'epoch': 42, 'best_score': 0.2799999713897705}, {'epoch': 43, 'best_score': 0.2799999713897705}, {'epoch': 44, 'best_score': 0.2799999713897705}, {'epoch': 45, 'best_score': 0.2799999713897705}, {'epoch': 46, 'best_score': 0.2799999713897705}, {'epoch': 47, 'best_score': 0.2799999713897705}, {'epoch': 48, 'best_score': 0.2799999713897705}, {'epoch': 49, 'best_score': 0.2799999713897705}]",living17,3,DANN,PCA128,4.0,0.9052940607070923,0.9052940607070923,0.5882353186607361,0.6842105388641357,splits_living17_DANN_3_0_b09dc755c62e.npz,b09dc755c62e,False,False,0.22413793103448276,0.8448275862068966,0.15517241379310343,,,,0.9040310023580223,all_pca,PCA128,IW residual DIS2 | W=2 | seed=0 (plug-in),True,
iw_residual_dis2,2.0,0.0,1700.0,8804.0,425.0,2203.0,0.8894117647058823,0.0,1.0,3.381359338760376,0.5,0.5,0.5031751394271851,0.24997413158416748,,,,,0.11021776086154636,0.0,425.0,0.0,2203.0,0.0,ok,plugin,False,,424.2417371209449,424.81442032556714,1.0633047410187475,0.9985958587265052,1.0310387763651876,,0.0,0.11021776086154636,0.8897822391384537,0.8897822391384537,False,,,,,,,living17,1,CDANN,PCA128,2.0,0.9052940607070923,0.9052940607070923,0.6863925457000732,0.6981388926506042,splits_living17_CDANN_1_0_b09dc755c62e.npz,b09dc755c62e,False,False,,,,,,,0.8897822391384537,all_pca,PCA128,IW residual DIS2 | W=2 | seed=0 (plug-in),True,
iw_residual_dis2,2.0,0.0,1700.0,68.0,425.0,19.0,0.8917647058823529,0.0,1.0,54.598148345947266,0.5,0.5,0.3921568691730499,0.25054699182510376,,,,,0.10781441220128059,0.0,425.0,0.0,19.0,0.0,ok,plugin,False,,423.7628750481392,424.9610318689123,1.0374296693238143,0.9951100724959447,1.0153753390414495,,0.0,0.10781441220128059,0.8921855877987194,0.8921855877987194,False,,,,,,,living17,2,CDANN,PCA128,2.0,0.9094117283821106,0.9094117283821106,0.8676470518112183,0.8421052694320679,splits_living17_CDANN_2_0_b09dc755c62e.npz,b09dc755c62e,False,False,,,,,,,0.8921855877987194,all_pca,PCA128,IW residual DIS2 | W=2 | seed=0 (plug-in),True,
iw_residual_dis2,2.0,0.0,1700.0,68.0,425.0,19.0,0.8823529411764706,0.0,1.0,54.598148345947266,0.5,0.5,0.5205882787704468,0.250085711479187,,,,,0.11740876817003837,0.0,425.0,0.0,19.0,0.0,ok,plugin,False,,424.59947329853765,424.9844419830816,1.0154443064576182,0.9999925058680715,1.0092531166089,,0.0,0.11740876817003837,0.8825912318299616,0.8825912318299616,False,,,,,,,living17,3,CDANN,PCA128,2.0,0.9052940607070923,0.9052940607070923,0.5588235259056091,0.6315789222717285,splits_living17_CDANN_3_0_b09dc755c62e.npz,b09dc755c62e,False,False,,,,,,,0.8825912318299616,all_pca,PCA128,IW residual DIS2 | W=2 | seed=0 (plug-in),True,
iw_residual_dis2,2.0,0.0,2600.0,13282.0,650.0,3322.0,0.8046153846153846,0.0,1.0,1.9690885543823242,0.5,0.5,0.49713271856307983,0.24958716332912445,,,,,0.1972602938703295,0.0,650.0,0.0,3322.0,0.0,ok,plugin,False,,648.5426592978627,645.0665521173554,1.249949314084321,1.0032767661864694,1.124830071206947,,0.0,0.1972602938703295,0.8027397061296705,0.8027397061296705,False,,,,,,,nonliving26,1,DANN,PCA128,4.0,0.8126922845840454,0.8126922845840454,0.5122722387313843,0.5192654728889465,splits_nonliving26_DANN_1_0_b09dc755c62e.npz,b09dc755c62e,False,False,,,,,,,0.8027397061296705,all_pca,PCA128,IW residual DIS2 | W=2 | seed=0 (plug-in),True,
iw_residual_dis2,2.0,0.0,2600.0,104.0,650.0,28.0,0.8292307692307692,0.0,1.0,2.056173801422119,0.5,0.5,0.5038461685180664,0.24848878383636475,,,,,0.16331462903289595,0.0,650.0,0.0,28.0,0.0,ok,plugin,False,,634.4970625010731,631.9314507267043,1.4809161767440524,0.9552490788374774,1.2908708837898013,,0.0,0.16331462903289595,0.836685370967104,0.836685370967104,False,,,,,,,nonliving26,2,DANN,PCA128,4.0,0.8176922798156738,0.8176922798156738,0.75,0.7142857313156128,splits_nonliving26_DANN_2_0_b09dc755c62e.npz,b09dc755c62e,False,False,,,,,,,0.836685370967104,all_pca,PCA128,IW residual DIS2 | W=2 | seed=0 (plug-in),True,
iw_residual_dis2,2.0,0.0,2600.0,104.0,650.0,28.0,0.8246153846153846,0.0,1.0,54.598148345947266,0.5,0.5,0.45384615659713745,0.2504560649394989,,,,,0.175432723692053,0.0,650.0,0.0,28.0,0.0,ok,plugin,False,,646.6299818629011,649.8190058792552,1.042962857413489,0.9959901388895536,1.0202642003915086,,0.0,0.175432723692053,0.824567276307947,0.824567276307947,False,,,,,,,nonliving26,3,DANN,PCA128,4.0,0.8146153688430786,0.8146153688430786,0.4038461744785309,0.3214285969734192,splits_nonliving26_DANN_3_0_b09dc755c62e.npz,b09dc755c62e,False,False,,,,,,,0.824567276307947,all_pca,PCA128,IW residual DIS2 | W=2 | seed=0 (plug-in),True,
iw_residual_dis2,2.0,0.0,2600.0,13282.0,650.0,3322.0,0.8169230769230769,0.0,1.0,1.0000653266906738,0.5,0.5,0.5055549144744873,0.2500247359275818,,,,,0.18213747936061045,0.0,650.0,0.0,3322.0,0.0,ok,plugin,False,,646.6012394580421,649.9411667340125,1.0260021100241716,0.9935716411345465,1.0130455898469846,,0.0,0.18213747936061045,0.8178625206393896,0.8178625206393896,False,,,,,,,nonliving26,1,CDANN,PCA128,2.0,0.8176922798156738,0.8176922798156738,0.5332028269767761,0.5352197289466858,splits_nonliving26_CDANN_1_0_b09dc755c62e.npz,b09dc755c62e,False,False,,,,,,,0.8178625206393896,all_pca,PCA128,IW residual DIS2 | W=2 | seed=0 (plug-in),True,
iw_residual_dis2,2.0,0.0,2600.0,104.0,650.0,28.0,0.8138461538461539,0.0,1.0,0.7672011852264404,0.5,0.5,0.5153846144676208,0.24115991592407227,,,,,0.18708298790122857,0.0,631.0,19.0,28.0,0.0,ok,plugin,False,,633.1270913586059,547.1977030995182,1.963558409177164,1.0347439180151425,1.6006718636025146,,0.0,0.18708298790122857,0.8129170120987714,0.8129170120987714,False,,,,,,,nonliving26,2,CDANN,PCA128,2.0,0.8165384531021118,0.8165384531021118,0.7692307829856873,0.7500000596046448,splits_nonliving26_CDANN_2_0_b09dc755c62e.npz,b09dc755c62e,False,False,,,,,,,0.8129170120987714,all_pca,PCA128,IW residual DIS2 | W=2 | seed=0 (plug-in),True,
iw_residual_dis2,2.0,0.0,2600.0,104.0,650.0,28.0,0.8123076923076923,0.0,1.0,54.598148345947266,0.5,0.5,0.5288461446762085,0.25011977553367615,,,,,0.1875481046434755,0.0,650.0,0.0,28.0,0.0,ok,plugin,False,,649.7177049601105,649.9940103151887,1.0125794468694345,0.998990199260781,1.0054940439763553,,0.0,0.1875481046434755,0.8124518953565245,0.8124518953565245,False,,,,,,,nonliving26,3,CDANN,PCA128,2.0,0.822692334651947,0.822692334651947,0.4038461744785309,0.3214285969734192,splits_nonliving26_CDANN_3_0_b09dc755c62e.npz,b09dc755c62e,False,False,,,,,,,0.8124518953565245,all_pca,PCA128,IW residual DIS2 | W=2 | seed=0 (plug-in),True,
iw_residual_dis2,2.0,0.0,11745.0,35070.0,2938.0,8768.0,0.6388699795779442,0.0,1.0,0.9999217987060547,0.5,0.5,0.5509476065635681,0.2465563714504242,,,,,0.3444625651304456,0.00011405109489051095,2938.0,0.0,8767.0,1.0,unsupported_residual_source_region,plugin,False,,2926.641730805637,2789.120642268355,1.8138259048046113,1.0047564762091836,1.3643387231051483,,,,,,,,,,,,,fmow,1,DANN,PCA128,8.0,0.6519370079040527,0.6519370079040527,0.6103222370147705,0.6077782511711121,splits_fmow_DANN_1_0_b09dc755c62e.npz,b09dc755c62e,,,,,,,,,,all_pca,PCA128,IW residual DIS2 | W=2 | seed=0 (plug-in),False,
iw_residual_dis2,2.0,0.0,11745.0,39088.0,2938.0,9774.0,0.6344452008168822,0.0,1.0,0.9665533900260925,0.5,0.5,0.5776947736740112,0.24428842961788177,11.0,74.0,11.0,40.0,0.3605706765032455,0.006957233476570493,2925.0,13.0,9706.0,68.0,ok,plugin,False,,2913.8789864755936,2681.4805757028016,1.9854090446139696,0.9634651784669622,1.5621728776115467,0.9411764705882353,0.0022666100014166316,0.3628372865046621,0.6371627134953379,0.6371627134953379,False,39.0,13.0,0.28863638639450073,0.6363636255264282,0.925000011920929,"[{'epoch': 0, 'best_score': 0.09090906381607056}, {'epoch': 1, 'best_score': 0.09090906381607056}, {'epoch': 2, 'best_score': 0.09090906381607056}, {'epoch': 3, 'best_score': 0.09090906381607056}, {'epoch': 4, 'best_score': 0.09090906381607056}, {'epoch': 5, 'best_score': 0.09090906381607056}, {'epoch': 6, 'best_score': 0.09090906381607056}, {'epoch': 7, 'best_score': 0.09090906381607056}, {'epoch': 8, 'best_score': 0.09090906381607056}, {'epoch': 9, 'best_score': 0.09090906381607056}, {'epoch': 10, 'best_score': 0.09090906381607056}, {'epoch': 11, 'best_score': 0.09090906381607056}, {'epoch': 12, 'best_score': 0.10681819915771484}, {'epoch': 13, 'best_score': 0.10681819915771484}, {'epoch': 14, 'best_score': 0.10681819915771484}, {'epoch': 15, 'best_score': 0.10681819915771484}, {'epoch': 16, 'best_score': 0.10681819915771484}, {'epoch': 17, 'best_score': 0.10681819915771484}, {'epoch': 18, 'best_score': 0.10681819915771484}, {'epoch': 19, 'best_score': 0.10681819915771484}, {'epoch': 20, 'best_score': 0.10681819915771484}, {'epoch': 21, 'best_score': 0.1568182110786438}, {'epoch': 22, 'best_score': 0.1568182110786438}, {'epoch': 23, 'best_score': 0.1977272629737854}, {'epoch': 24, 'best_score': 0.1977272629737854}, {'epoch': 25, 'best_score': 0.2227272391319275}, {'epoch': 26, 'best_score': 0.1568182110786438}, {'epoch': 27, 'best_score': 0.09090906381607056}, {'epoch': 28, 'best_score': 0.09090906381607056}, {'epoch': 29, 'best_score': 0.10681819915771484}, {'epoch': 30, 'best_score': 0.10681819915771484}, {'epoch': 31, 'best_score': 0.09090906381607056}, {'epoch': 32, 'best_score': 0.12272727489471436}, {'epoch': 33, 'best_score': 0.14772725105285645}, {'epoch': 34, 'best_score': 0.1977272629737854}, {'epoch': 35, 'best_score': 0.1977272629737854}, {'epoch': 36, 'best_score': 0.1977272629737854}, {'epoch': 37, 'best_score': 0.1977272629737854}, {'epoch': 38, 'best_score': 0.1977272629737854}, {'epoch': 39, 'best_score': 0.28863638639450073}, {'epoch': 40, 'best_score': 0.2227272391319275}, {'epoch': 41, 'best_score': 0.2227272391319275}, {'epoch': 42, 'best_score': 0.13181817531585693}, {'epoch': 43, 'best_score': 0.13181817531585693}, {'epoch': 44, 'best_score': 0.13181817531585693}, {'epoch': 45, 'best_score': 0.13181817531585693}, {'epoch': 46, 'best_score': 0.10681819915771484}, {'epoch': 47, 'best_score': 0.10681819915771484}, {'epoch': 48, 'best_score': 0.10681819915771484}, {'epoch': 49, 'best_score': 0.10681819915771484}]",fmow,2,DANN,PCA128,8.0,0.6504895687103271,0.6504895687103271,0.5482756495475769,0.5545324683189392,splits_fmow_DANN_2_0_b09dc755c62e.npz,b09dc755c62e,False,False,0.23076923076923078,0.8461538461538461,0.09502262443438914,,,,0.6371627134953379,all_pca,PCA128,IW residual DIS2 | W=2 | seed=0 (plug-in),True,
iw_residual_dis2,2.0,0.0,11745.0,35070.0,2938.0,8768.0,0.6466984343090538,0.0,1.0,1.3406111001968384,0.5,0.5,0.5186152458190918,0.2494267225265503,,,,,0.34402048295954685,0.0,2938.0,0.0,8768.0,0.0,ok,plugin,False,,2913.164742578654,2910.2364763985934,1.4725330911918075,0.9810241506789652,1.1689471650512837,,0.0,0.34402048295954685,0.6559795170404532,0.6559795170404532,False,,,,,,,fmow,1,CDANN,PCA128,2.0,0.6558535695075989,0.6558535695075989,0.605617344379425,0.6010492444038391,splits_fmow_CDANN_1_0_b09dc755c62e.npz,b09dc755c62e,False,False,,,,,,,0.6559795170404532,all_pca,PCA128,IW residual DIS2 | W=2 | seed=0 (plug-in),True,
iw_residual_dis2,2.0,0.0,11745.0,39088.0,2938.0,9774.0,0.6446562287270252,0.0,1.0,1.2794592380523682,0.5,0.5,0.5318509340286255,0.2487453669309616,,,,,0.3537592556333086,0.0002046245140167792,2938.0,0.0,9772.0,2.0,unsupported_residual_source_region,plugin,False,,2914.019507773689,2874.134871636118,1.9978559857340499,0.976692050581105,1.2385254281939824,,,,,,,,,,,,,fmow,2,CDANN,PCA128,2.0,0.6548318862915039,0.6548318862915039,0.5420845150947571,0.5445058345794678,splits_fmow_CDANN_2_0_b09dc755c62e.npz,b09dc755c62e,,,,,,,,,,all_pca,PCA128,IW residual DIS2 | W=2 | seed=0 (plug-in),False,
iw_residual_dis2,2.0,0.0,731.0,898.0,184.0,227.0,0.9239130434782609,0.0,1.0,5.115793704986572,0.5,0.5,0.5287055373191833,0.24956950545310974,,,,,0.07466037020208856,0.0,184.0,0.0,227.0,0.0,ok,plugin,False,,181.93339873062672,182.5877700889008,1.228817087188327,0.9827407951763665,1.1413947140019678,,0.0,0.07466037020208856,0.9253396297979114,0.9253396297979114,False,,,,,,,officehome,1,DANN,PCA128,16.0,0.922024667263031,0.922024667263031,0.7193763852119446,0.7268722057342529,splits_officehome_DANN_1_0_b09dc755c62e.npz,b09dc755c62e,False,False,,,,,,,0.9253396297979114,all_pca,PCA128,IW residual DIS2 | W=2 | seed=0 (plug-in),True,
iw_residual_dis2,2.0,0.0,731.0,893.0,184.0,226.0,0.9021739130434783,0.0,1.0,2.7149994373321533,0.5,0.5,0.5671848654747009,0.2488403022289276,,,,,0.09778344200435347,0.0,184.0,0.0,226.0,0.0,ok,plugin,False,,179.2510233268271,179.11396808341078,1.7071746001958013,0.9476704543203833,1.2796434670323753,,0.0,0.09778344200435347,0.9022165579956465,0.9022165579956465,False,,,,,,,officehome,2,DANN,PCA128,16.0,0.915184736251831,0.915184736251831,0.44904816150665283,0.45132744312286377,splits_officehome_DANN_2_0_b09dc755c62e.npz,b09dc755c62e,False,False,,,,,,,0.9022165579956465,all_pca,PCA128,IW residual DIS2 | W=2 | seed=0 (plug-in),True,
iw_residual_dis2,2.0,0.0,731.0,507.0,184.0,128.0,0.9130434782608696,0.0,1.0,54.598148345947266,0.5,0.5,0.501369833946228,0.25008854269981384,,,,,0.08663387311190972,0.0,184.0,0.0,128.0,0.0,ok,plugin,False,,183.6304685257193,183.98774255888162,1.0190236934131531,0.9981368909920114,1.0120113880486918,,0.0,0.08663387311190972,0.9133661268880903,0.9133661268880903,False,,,,,,,officehome,3,DANN,PCA128,16.0,0.9056087732315063,0.9056087732315063,0.5364891290664673,0.5625,splits_officehome_DANN_3_0_b09dc755c62e.npz,b09dc755c62e,False,False,,,,,,,0.9133661268880903,all_pca,PCA128,IW residual DIS2 | W=2 | seed=0 (plug-in),True,
iw_residual_dis2,2.0,0.0,731.0,898.0,184.0,227.0,0.9130434782608696,0.0,1.0,5.644219875335693,0.5,0.5,0.500615656375885,0.2499386966228485,,,,,0.08745885050876052,0.0,184.0,0.0,227.0,0.0,ok,plugin,False,,183.64533487975473,183.82181278513588,1.1235635203474403,0.9940220647064626,1.0509930184579488,,0.0,0.08745885050876052,0.9125411494912394,0.9125411494912394,False,,,,,,,officehome,1,CDANN,PCA128,2.0,0.9138167500495911,0.9138167500495911,0.730512261390686,0.7488986253738403,splits_officehome_CDANN_1_0_b09dc755c62e.npz,b09dc755c62e,False,False,,,,,,,0.9125411494912394,all_pca,PCA128,IW residual DIS2 | W=2 | seed=0 (plug-in),True,
iw_residual_dis2,2.0,0.0,731.0,893.0,184.0,226.0,0.8913043478260869,0.0,1.0,1.699749231338501,0.5,0.5,0.4967677593231201,0.24890945851802826,,,,,0.11477928311455271,0.0,184.0,0.0,226.0,0.0,ok,plugin,False,,182.87715379350715,180.39178345010933,1.8645483507249874,0.9937795073538744,1.2085702909162763,,0.0,0.11477928311455271,0.8852207168854473,0.8852207168854473,False,,,,,,,officehome,2,CDANN,PCA128,2.0,0.9015048146247864,0.9015048146247864,0.4501679837703705,0.45132744312286377,splits_officehome_CDANN_2_0_b09dc755c62e.npz,b09dc755c62e,False,False,,,,,,,0.8852207168854473,all_pca,PCA128,IW residual DIS2 | W=2 | seed=0 (plug-in),True,
iw_residual_dis2,2.0,0.0,731.0,507.0,184.0,128.0,0.9130434782608696,0.0,1.0,0.5500468015670776,0.5,0.5,0.5908219218254089,0.23547053337097168,12.0,19.0,5.0,10.0,0.08280261292682109,0.1171875,174.0,10.0,113.0,15.0,ok,plugin,False,,174.114530386457,151.79301490165247,1.9906660719195484,0.8925719812353012,1.6970938988723963,0.9333333333333333,0.027343750000000007,0.11014636292682109,0.8898536370731789,0.8898536370731789,False,0.0,4.0,0.19999998807907104,0.800000011920929,1.0,"[{'epoch': 0, 'best_score': 0.19999998807907104}, {'epoch': 1, 'best_score': 0.19999998807907104}, {'epoch': 2, 'best_score': 0.19999998807907104}, {'epoch': 3, 'best_score': 0.19999998807907104}, {'epoch': 4, 'best_score': 0.19999998807907104}, {'epoch': 5, 'best_score': 0.19999998807907104}, {'epoch': 6, 'best_score': 0.19999998807907104}, {'epoch': 7, 'best_score': 0.19999998807907104}, {'epoch': 8, 'best_score': 0.19999998807907104}, {'epoch': 9, 'best_score': 0.19999998807907104}, {'epoch': 10, 'best_score': 0.19999998807907104}, {'epoch': 11, 'best_score': 0.19999998807907104}, {'epoch': 12, 'best_score': 0.19999998807907104}, {'epoch': 13, 'best_score': 0.19999998807907104}, {'epoch': 14, 'best_score': 0.19999998807907104}, {'epoch': 15, 'best_score': 0.19999998807907104}, {'epoch': 16, 'best_score': 0.19999998807907104}, {'epoch': 17, 'best_score': 0.19999998807907104}, {'epoch': 18, 'best_score': 0.19999998807907104}, {'epoch': 19, 'best_score': 0.19999998807907104}, {'epoch': 20, 'best_score': 0.19999998807907104}, {'epoch': 21, 'best_score': 0.19999998807907104}, {'epoch': 22, 'best_score': 0.19999998807907104}, {'epoch': 23, 'best_score': 0.19999998807907104}, {'epoch': 24, 'best_score': 0.19999998807907104}, {'epoch': 25, 'best_score': 0.19999998807907104}, {'epoch': 26, 'best_score': 0.19999998807907104}, {'epoch': 27, 'best_score': 0.19999998807907104}, {'epoch': 28, 'best_score': 0.19999998807907104}, {'epoch': 29, 'best_score': 0.19999998807907104}, {'epoch': 30, 'best_score': 0.19999998807907104}, {'epoch': 31, 'best_score': 0.19999998807907104}, {'epoch': 32, 'best_score': 0.19999998807907104}, {'epoch': 33, 'best_score': 0.19999998807907104}, {'epoch': 34, 'best_score': 0.19999998807907104}, {'epoch': 35, 'best_score': 0.19999998807907104}, {'epoch': 36, 'best_score': 0.19999998807907104}, {'epoch': 37, 'best_score': 0.19999998807907104}, {'epoch': 38, 'best_score': 0.19999998807907104}, {'epoch': 39, 'best_score': 0.19999998807907104}, {'epoch': 40, 'best_score': 0.19999998807907104}, {'epoch': 41, 'best_score': 0.19999998807907104}, {'epoch': 42, 'best_score': 0.19999998807907104}, {'epoch': 43, 'best_score': 0.09999996423721313}, {'epoch': 44, 'best_score': 0.09999996423721313}, {'epoch': 45, 'best_score': 0.09999996423721313}, {'epoch': 46, 'best_score': 0.09999996423721313}, {'epoch': 47, 'best_score': 0.09999996423721313}, {'epoch': 48, 'best_score': 0.09999996423721313}, {'epoch': 49, 'best_score': 0.09999996423721313}]",officehome,3,CDANN,PCA128,2.0,0.9138167500495911,0.9138167500495911,0.5364891290664673,0.5546875,splits_officehome_CDANN_3_0_b09dc755c62e.npz,b09dc755c62e,False,False,0.3,1.0,-0.06666666666666665,,,,0.8898536370731789,all_pca,PCA128,IW residual DIS2 | W=2 | seed=0 (plug-in),True,
iw_residual_dis2,2.0,0.0,24387.0,11083.0,6098.0,2773.0,0.9996720236142997,0.0,1.0,1.0648239850997925,0.5,0.5,0.5886049866676331,0.2393961250782013,288.0,217.0,146.0,100.0,7.991811179321828e-05,0.062387306166606565,5843.0,255.0,2600.0,173.0,ok,plugin,False,,5528.868580148026,5137.805284142981,1.9989691560943488,0.9124177909033863,1.5868806625313696,0.6820809248554913,0.025916576511599954,0.025996494623393172,0.9740035053766068,0.9740035053766068,False,45.0,16.0,0.46547943353652954,0.2945205569267273,0.7599999904632568,"[{'epoch': 0, 'best_score': 0.12438356876373291}, {'epoch': 1, 'best_score': 0.16150689125061035}, {'epoch': 2, 'best_score': 0.17561638355255127}, {'epoch': 3, 'best_score': 0.24410957098007202}, {'epoch': 4, 'best_score': 0.2378082275390625}, {'epoch': 5, 'best_score': 0.25150686502456665}, {'epoch': 6, 'best_score': 0.2720547914505005}, {'epoch': 7, 'best_score': 0.26890408992767334}, {'epoch': 8, 'best_score': 0.26890408992767334}, {'epoch': 9, 'best_score': 0.26205480098724365}, {'epoch': 10, 'best_score': 0.288904070854187}, {'epoch': 11, 'best_score': 0.29890406131744385}, {'epoch': 12, 'best_score': 0.30260270833969116}, {'epoch': 13, 'best_score': 0.31917810440063477}, {'epoch': 14, 'best_score': 0.37712329626083374}, {'epoch': 15, 'best_score': 0.3871232867240906}, {'epoch': 16, 'best_score': 0.3971232771873474}, {'epoch': 17, 'best_score': 0.3734246492385864}, {'epoch': 18, 'best_score': 0.3697260320186615}, {'epoch': 19, 'best_score': 0.35972604155540466}, {'epoch': 20, 'best_score': 0.36890411376953125}, {'epoch': 21, 'best_score': 0.3694520592689514}, {'epoch': 22, 'best_score': 0.3842465877532959}, {'epoch': 23, 'best_score': 0.3832876682281494}, {'epoch': 24, 'best_score': 0.38273969292640686}, {'epoch': 25, 'best_score': 0.36534249782562256}, {'epoch': 26, 'best_score': 0.36164385080337524}, {'epoch': 27, 'best_score': 0.36958903074264526}, {'epoch': 28, 'best_score': 0.3732876777648926}, {'epoch': 29, 'best_score': 0.39068493247032166}, {'epoch': 30, 'best_score': 0.43493151664733887}, {'epoch': 31, 'best_score': 0.44178083539009094}, {'epoch': 32, 'best_score': 0.41808220744132996}, {'epoch': 33, 'best_score': 0.4149315357208252}, {'epoch': 34, 'best_score': 0.4386301338672638}, {'epoch': 35, 'best_score': 0.4317808449268341}, {'epoch': 36, 'best_score': 0.4386301338672638}, {'epoch': 37, 'best_score': 0.42178085446357727}, {'epoch': 38, 'best_score': 0.42178085446357727}, {'epoch': 39, 'best_score': 0.42863014340400696}, {'epoch': 40, 'best_score': 0.42178085446357727}, {'epoch': 41, 'best_score': 0.4201370179653168}, {'epoch': 42, 'best_score': 0.4406849443912506}, {'epoch': 43, 'best_score': 0.41438356041908264}, {'epoch': 44, 'best_score': 0.44863012433052063}, {'epoch': 45, 'best_score': 0.46547943353652954}, {'epoch': 46, 'best_score': 0.4323287904262543}, {'epoch': 47, 'best_score': 0.4243835508823395}, {'epoch': 48, 'best_score': 0.43493151664733887}, {'epoch': 49, 'best_score': 0.4517808258533478}]",visda,1,DANN,PCA128,16.0,0.9995489120483398,0.9995489120483398,0.6463051438331604,0.6473133563995361,splits_visda_DANN_1_0_b09dc755c62e.npz,b09dc755c62e,False,False,0.00392156862745098,0.27058823529411763,0.4114926895613737,,,,0.9740035053766068,all_pca,PCA128,IW residual DIS2 | W=2 | seed=0 (plug-in),True,
iw_residual_dis2,2.0,0.0,24387.0,14480.0,6098.0,3620.0,0.9998360118071499,0.0,1.0,1.153635025024414,0.5,0.5,0.5398895740509033,0.24600785970687866,61.0,32.0,24.0,15.0,0.00010908185183251374,0.006353591160220995,6062.0,36.0,3597.0,23.0,ok,plugin,False,,6028.177610054367,5680.005779666207,1.9991108093484429,0.9659091646735947,1.4548140828035978,0.6956521739130435,0.0023020257826887663,0.00241110763452128,0.9975888923654788,0.9975888923654788,False,43.0,4.0,0.875,0.125,1.0,"[{'epoch': 0, 'best_score': 0.21666666865348816}, {'epoch': 1, 'best_score': 0.21666666865348816}, {'epoch': 2, 'best_score': 0.21666666865348816}, {'epoch': 3, 'best_score': 0.21666666865348816}, {'epoch': 4, 'best_score': 0.21666666865348816}, {'epoch': 5, 'best_score': 0.21666666865348816}, {'epoch': 6, 'best_score': 0.21666666865348816}, {'epoch': 7, 'best_score': 0.2250000238418579}, {'epoch': 8, 'best_score': 0.2083333432674408}, {'epoch': 9, 'best_score': 0.1833333671092987}, {'epoch': 10, 'best_score': 0.1666666865348816}, {'epoch': 11, 'best_score': 0.23333334922790527}, {'epoch': 12, 'best_score': 0.32499998807907104}, {'epoch': 13, 'best_score': 0.4166666865348816}, {'epoch': 14, 'best_score': 0.4166666865348816}, {'epoch': 15, 'best_score': 0.40833333134651184}, {'epoch': 16, 'best_score': 0.45000001788139343}, {'epoch': 17, 'best_score': 0.45000001788139343}, {'epoch': 18, 'best_score': 0.5333333015441895}, {'epoch': 19, 'best_score': 0.6833333373069763}, {'epoch': 20, 'best_score': 0.6833333373069763}, {'epoch': 21, 'best_score': 0.7250000238418579}, {'epoch': 22, 'best_score': 0.7250000238418579}, {'epoch': 23, 'best_score': 0.7666666507720947}, {'epoch': 24, 'best_score': 0.7666666507720947}, {'epoch': 25, 'best_score': 0.7666666507720947}, {'epoch': 26, 'best_score': 0.8083333373069763}, {'epoch': 27, 'best_score': 0.7666666507720947}, {'epoch': 28, 'best_score': 0.7666666507720947}, {'epoch': 29, 'best_score': 0.7666666507720947}, {'epoch': 30, 'best_score': 0.7666666507720947}, {'epoch': 31, 'best_score': 0.8083333373069763}, {'epoch': 32, 'best_score': 0.8083333373069763}, {'epoch': 33, 'best_score': 0.8083333373069763}, {'epoch': 34, 'best_score': 0.8083333373069763}, {'epoch': 35, 'best_score': 0.8083333373069763}, {'epoch': 36, 'best_score': 0.8083333373069763}, {'epoch': 37, 'best_score': 0.8083333373069763}, {'epoch': 38, 'best_score': 0.8083333373069763}, {'epoch': 39, 'best_score': 0.8083333373069763}, {'epoch': 40, 'best_score': 0.8083333373069763}, {'epoch': 41, 'best_score': 0.8083333373069763}, {'epoch': 42, 'best_score': 0.8083333373069763}, {'epoch': 43, 'best_score': 0.875}, {'epoch': 44, 'best_score': 0.875}, {'epoch': 45, 'best_score': 0.875}, {'epoch': 46, 'best_score': 0.875}, {'epoch': 47, 'best_score': 0.875}, {'epoch': 48, 'best_score': 0.875}, {'epoch': 49, 'best_score': 0.8500000238418579}]",visda,2,DANN,PCA128,16.0,0.9997539520263672,0.9997539520263672,0.6546961069107056,0.6544198393821716,splits_visda_DANN_2_0_b09dc755c62e.npz,b09dc755c62e,False,False,0.0,0.3333333333333333,0.36231884057971014,,,,0.9975888923654788,all_pca,PCA128,IW residual DIS2 | W=2 | seed=0 (plug-in),True,
iw_residual_dis2,2.0,0.0,24387.0,11083.0,6098.0,2773.0,0.9993440472285995,0.0,1.0,0.8545470237731934,0.5,0.5,0.5116102695465088,0.2483314573764801,,,,,0.0005390903966740148,0.0,6098.0,0.0,2773.0,0.0,ok,plugin,False,,6100.942568998281,5941.747942110097,1.6343424502635537,1.006091117823273,1.2712585427900587,,0.0,0.0005390903966740148,0.999460909603326,0.999460909603326,False,,,,,,,visda,1,CDANN,PCA128,2.0,0.9990978837013245,0.9990978837013245,0.6784264445304871,0.6693112254142761,splits_visda_CDANN_1_0_b09dc755c62e.npz,b09dc755c62e,False,False,,,,,,,0.999460909603326,all_pca,PCA128,IW residual DIS2 | W=2 | seed=0 (plug-in),True,
iw_residual_dis2,2.0,0.0,24387.0,14480.0,6098.0,3620.0,0.9995080354214496,0.0,1.0,1.0339429378509521,0.5,0.5,0.5847561359405518,0.24282695353031158,1.0,8.0,0.0,2.0,0.0005117856287103404,0.0005524861878453039,6096.0,2.0,3618.0,2.0,unsupported_critic_region,plugin,False,,6080.453842980047,5483.24009241182,1.977885707999236,0.9590836501793809,1.5631750475144328,,,,,,,,,,,,,visda,2,CDANN,PCA128,2.0,0.9995899200439453,0.9995899200439453,0.7107734680175781,0.7140883803367615,splits_visda_CDANN_2_0_b09dc755c62e.npz,b09dc755c62e,,,,,,,,,,all_pca,PCA128,IW residual DIS2 | W=2 | seed=0 (plug-in),False,
