prediction_method,iw_threshold,seed,n_source,n_target,n_val_source,n_val_target,h_val_acc,domain_log_odds_clipped_count,source_strength,domain_temperature,domain_source_prior,domain_target_prior,domain_cal_balanced_accuracy,domain_cal_brier,n_source_critic_train_region,n_target_critic_train_region,n_source_critic_select_region,n_target_critic_select_region,iw_error_contribution,target_residual_mass,n_source_a,n_source_b,n_target_a,n_target_b,status,estimate_kind,confidence_bound_available,epsilon,iw_weight_sum,iw_effective_n,iw_weight_max,iw_weight_p50,iw_weight_p95,residual_target_disagreement,residual_error_contribution,error_estimate_raw,accuracy_estimate_raw,lower_bound,output_clipped,critic_epoch,critic_repeat,critic_selection_score,critic_selection_source_disagreement,critic_selection_target_disagreement,critic_history,dataset,shift,train_method,bound_strategy,dim,src_accuracy,h_full_acc,trg_accuracy,trg_eval_accuracy,split_file,run_id,bound_valid,bound_valid_eval,residual_source_error,residual_source_disagreement,residual_discrepancy,delta,error_upper_bound_raw,max_ts_agree_diff,prediction,plot,panel,series,plotted,temperature
iw_residual_dis2,5.0,0.0,6500.0,33009.0,1625.0,8255.0,0.904,0.0,1.0,3.687958240509033,0.5,0.5,0.5205477476119995,0.2499304860830307,,,,,0.09639714533886476,0.0,1625.0,0.0,8255.0,0.0,ok,plugin,False,,1625.451729280784,1623.127960420403,1.146217618916505,0.9971896526039354,1.0615643857114905,,0.0,0.09639714533886476,0.9036028546611352,0.9036028546611352,False,,,,,,,entity13,1,DANN,logits,13.0,0.905846118927002,0.905846118927002,0.7318307161331177,0.7345851063728333,splits_entity13_DANN_1_0_b09dc755c62e.npz,b09dc755c62e,False,False,,,,,,,0.9036028546611352,accuracy_vs_baselines,logits,IW residual DIS2 | W=5 | seed=0 (plug-in),True,
iw_residual_dis2,5.0,0.0,6500.0,260.0,1625.0,65.0,0.9101538461538462,0.0,1.0,54.598148345947266,0.5,0.5,0.4661538600921631,0.2502062916755676,,,,,0.0897240431413496,0.0,1625.0,0.0,65.0,0.0,ok,plugin,False,,1622.9808558045895,1624.9135292993105,1.0295263176653389,0.9986247386053284,1.010330241000122,,0.0,0.0897240431413496,0.9102759568586504,0.9102759568586504,False,,,,,,,entity13,2,DANN,logits,13.0,0.9129230380058289,0.9129230380058289,0.8615384697914124,0.8461538553237915,splits_entity13_DANN_2_0_b09dc755c62e.npz,b09dc755c62e,False,False,,,,,,,0.9102759568586504,accuracy_vs_baselines,logits,IW residual DIS2 | W=5 | seed=0 (plug-in),True,
iw_residual_dis2,5.0,0.0,6500.0,260.0,1625.0,65.0,0.9027692307692308,0.0,1.0,3.830349922180176,0.5,0.5,0.516153872013092,0.24943119287490845,,,,,0.09681538446997534,0.0,1625.0,0.0,65.0,0.0,ok,plugin,False,,1615.3376671424385,1605.3965345672318,1.5597520559256435,0.9906993392827033,1.17506646938591,,0.0,0.09681538446997534,0.9031846155300247,0.9031846155300247,False,,,,,,,entity13,3,DANN,logits,13.0,0.907076895236969,0.907076895236969,0.6653845906257629,0.5538461804389954,splits_entity13_DANN_3_0_b09dc755c62e.npz,b09dc755c62e,False,False,,,,,,,0.9031846155300247,accuracy_vs_baselines,logits,IW residual DIS2 | W=5 | seed=0 (plug-in),True,
iw_residual_dis2,5.0,0.0,6500.0,33009.0,1625.0,8255.0,0.9132307692307693,0.0,1.0,2.3982067108154297,0.5,0.5,0.5145338177680969,0.2498086541891098,,,,,0.08716399680370747,0.0,1625.0,0.0,8255.0,0.0,ok,plugin,False,,1626.8973288698844,1619.8188336937326,1.2154376662173454,1.0017288221139384,1.0907311822584893,,0.0,0.08716399680370747,0.9128360031962925,0.9128360031962925,False,,,,,,,entity13,1,CDANN,logits,13.0,0.9096922874450684,0.9096922874450684,0.7354357838630676,0.7372501492500305,splits_entity13_CDANN_1_0_b09dc755c62e.npz,b09dc755c62e,False,False,,,,,,,0.9128360031962925,accuracy_vs_baselines,logits,IW residual DIS2 | W=5 | seed=0 (plug-in),True,
iw_residual_dis2,5.0,0.0,6500.0,260.0,1625.0,65.0,0.9058461538461539,0.0,1.0,54.598148345947266,0.5,0.5,0.39384615421295166,0.2502327263355255,,,,,0.0941234260824005,0.0,1625.0,0.0,65.0,0.0,ok,plugin,False,,1622.9480364599706,1624.914174672017,1.0364243672746556,0.9988015387721471,1.0105301857139013,,0.0,0.0941234260824005,0.9058765739175995,0.9058765739175995,False,,,,,,,entity13,2,CDANN,logits,13.0,0.9081538319587708,0.9081538319587708,0.8423076868057251,0.8769230842590332,splits_entity13_CDANN_2_0_b09dc755c62e.npz,b09dc755c62e,False,False,,,,,,,0.9058765739175995,accuracy_vs_baselines,logits,IW residual DIS2 | W=5 | seed=0 (plug-in),True,
iw_residual_dis2,5.0,0.0,6500.0,260.0,1625.0,65.0,0.9015384615384615,0.0,1.0,5.533639430999756,0.5,0.5,0.48076921701431274,0.24978940188884735,,,,,0.09893176709000366,0.0,1625.0,0.0,65.0,0.0,ok,plugin,False,,1623.8538745476258,1618.0954354770329,1.184193507693934,1.007715047511049,1.0916158389561164,,0.0,0.09893176709000366,0.9010682329099964,0.9010682329099964,False,,,,,,,entity13,3,CDANN,logits,13.0,0.9061538577079773,0.9061538577079773,0.6653845906257629,0.5692307949066162,splits_entity13_CDANN_3_0_b09dc755c62e.npz,b09dc755c62e,False,False,,,,,,,0.9010682329099964,accuracy_vs_baselines,logits,IW residual DIS2 | W=5 | seed=0 (plug-in),True,
iw_residual_dis2,5.0,0.0,6000.0,30828.0,1500.0,7709.0,0.8426666666666667,0.0,1.0,1.728687047958374,0.5,0.5,0.5138411521911621,0.24932533502578735,,,,,0.157693289261415,0.0,1500.0,0.0,7709.0,0.0,ok,plugin,False,,1504.8331593339535,1481.5380631016374,1.450980002028854,0.9974380802346456,1.1953827612708676,,0.0,0.157693289261415,0.842306710738585,0.842306710738585,False,,,,,,,entity30,1,DANN,logits,30.0,0.8550000190734863,0.8550000190734863,0.6190800070762634,0.6236866116523743,splits_entity30_DANN_1_0_b09dc755c62e.npz,b09dc755c62e,False,False,,,,,,,0.842306710738585,accuracy_vs_baselines,logits,IW residual DIS2 | W=5 | seed=0 (plug-in),True,
iw_residual_dis2,5.0,0.0,6000.0,240.0,1500.0,60.0,0.8606666666666667,0.0,1.0,54.598148345947266,0.5,0.5,0.5016666650772095,0.2500607371330261,,,,,0.1388303003112932,0.0,1500.0,0.0,60.0,0.0,ok,plugin,False,,1494.5841102565068,1499.7261375967405,1.0555103048639427,0.996924677426781,1.017718719317838,,0.0,0.1388303003112932,0.8611696996887068,0.8611696996887068,False,,,,,,,entity30,2,DANN,logits,30.0,0.8646666407585144,0.8646666407585144,0.7875000238418579,0.7500000596046448,splits_entity30_DANN_2_0_b09dc755c62e.npz,b09dc755c62e,False,False,,,,,,,0.8611696996887068,accuracy_vs_baselines,logits,IW residual DIS2 | W=5 | seed=0 (plug-in),True,
iw_residual_dis2,5.0,0.0,6000.0,240.0,1500.0,60.0,0.8553333333333333,0.0,1.0,54.598148345947266,0.5,0.5,0.46166667342185974,0.2499976009130478,,,,,0.143718802763159,0.0,1500.0,0.0,60.0,0.0,ok,plugin,False,,1492.3784582378312,1499.583435511841,1.0412212537758008,0.9963825535291864,1.020531419000476,,0.0,0.143718802763159,0.856281197236841,0.856281197236841,False,,,,,,,entity30,3,DANN,logits,30.0,0.8636666536331177,0.8636666536331177,0.5708333849906921,0.6666666865348816,splits_entity30_DANN_3_0_b09dc755c62e.npz,b09dc755c62e,False,False,,,,,,,0.856281197236841,accuracy_vs_baselines,logits,IW residual DIS2 | W=5 | seed=0 (plug-in),True,
iw_residual_dis2,5.0,0.0,6000.0,30828.0,1500.0,7709.0,0.856,0.0,1.0,4.229965686798096,0.5,0.5,0.5144094824790955,0.2498675435781479,,,,,0.1446064552973482,0.0,1500.0,0.0,7709.0,0.0,ok,plugin,False,,1497.372736781761,1496.2971489738413,1.2201435979985311,0.9960204159701154,1.0832021564352399,,0.0,0.1446064552973482,0.8553935447026518,0.8553935447026518,False,,,,,,,entity30,1,CDANN,logits,30.0,0.8611666560173035,0.8611666560173035,0.627903163433075,0.6345829367637634,splits_entity30_CDANN_1_0_b09dc755c62e.npz,b09dc755c62e,False,False,,,,,,,0.8553935447026518,accuracy_vs_baselines,logits,IW residual DIS2 | W=5 | seed=0 (plug-in),True,
iw_residual_dis2,5.0,0.0,6000.0,240.0,1500.0,60.0,0.862,0.0,1.0,54.598148345947266,0.5,0.5,0.43166667222976685,0.2501581013202667,,,,,0.1374331973669702,0.0,1500.0,0.0,60.0,0.0,ok,plugin,False,,1493.2470028463106,1499.720804552401,1.0384839375896187,0.9954725205721457,1.018114048842811,,0.0,0.1374331973669702,0.8625668026330298,0.8625668026330298,False,,,,,,,entity30,2,CDANN,logits,30.0,0.8646666407585144,0.8646666407585144,0.8125000596046448,0.7500000596046448,splits_entity30_CDANN_2_0_b09dc755c62e.npz,b09dc755c62e,False,False,,,,,,,0.8625668026330298,accuracy_vs_baselines,logits,IW residual DIS2 | W=5 | seed=0 (plug-in),True,
iw_residual_dis2,5.0,0.0,6000.0,240.0,1500.0,60.0,0.8453333333333333,0.0,1.0,54.598148345947266,0.5,0.5,0.43416666984558105,0.2500317394733429,,,,,0.15387466304092193,0.0,1500.0,0.0,60.0,0.0,ok,plugin,False,,1494.5325012369603,1499.702791735605,1.0436227616005247,0.9966017781022638,1.0193663146885727,,0.0,0.15387466304092193,0.8461253369590781,0.8461253369590781,False,,,,,,,entity30,3,CDANN,logits,30.0,0.8573333024978638,0.8573333024978638,0.5625,0.6166666746139526,splits_entity30_CDANN_3_0_b09dc755c62e.npz,b09dc755c62e,False,False,,,,,,,0.8461253369590781,accuracy_vs_baselines,logits,IW residual DIS2 | W=5 | seed=0 (plug-in),True,
iw_residual_dis2,5.0,0.0,10000.0,2000.0,2500.0,500.0,0.9452,0.0,1.0,2.7144715785980225,0.5,0.5,0.5149999856948853,0.24972444772720337,,,,,0.05527905232382684,0.0,2500.0,0.0,500.0,0.0,ok,plugin,False,,2490.763291733524,2487.6180886665843,1.2452015604379874,0.9935279219351392,1.1159082128740911,,0.0,0.05527905232382684,0.9447209476761732,0.9447209476761732,False,,,,,,,cifar10,1,DANN,logits,10.0,0.9508999586105347,0.9508999586105347,0.8440000414848328,0.8360000252723694,splits_cifar10_DANN_1_0_b09dc755c62e.npz,b09dc755c62e,False,False,,,,,,,0.9447209476761732,accuracy_vs_baselines,logits,IW residual DIS2 | W=5 | seed=0 (plug-in),True,
iw_residual_dis2,5.0,0.0,10000.0,2000.0,2500.0,500.0,0.946,0.0,1.0,54.598148345947266,0.5,0.5,0.49900001287460327,0.2500520348548889,,,,,0.053977254585820436,0.0,2500.0,0.0,500.0,0.0,ok,plugin,False,,2499.350371889275,2499.965877937097,1.0116953872164371,0.9997928421731974,1.0058517713974136,,0.0,0.053977254585820436,0.9460227454141795,0.9460227454141795,False,,,,,,,cifar10,10,DANN,logits,10.0,0.9477999806404114,0.9477999806404114,0.924500048160553,0.9120000600814819,splits_cifar10_DANN_10_0_b09dc755c62e.npz,b09dc755c62e,False,False,,,,,,,0.9460227454141795,accuracy_vs_baselines,logits,IW residual DIS2 | W=5 | seed=0 (plug-in),True,
iw_residual_dis2,5.0,0.0,10000.0,2000.0,2500.0,500.0,0.9452,0.0,1.0,54.598148345947266,0.5,0.5,0.4724999964237213,0.2500370144844055,,,,,0.0547860526192732,0.0,2500.0,0.0,500.0,0.0,ok,plugin,False,,2499.534284390755,2499.977277075477,1.0108819125923776,0.999816907350147,1.0046119831146385,,0.0,0.0547860526192732,0.9452139473807268,0.9452139473807268,False,,,,,,,cifar10,71,DANN,logits,10.0,0.9487999677658081,0.9487999677658081,0.9305000305175781,0.9180000424385071,splits_cifar10_DANN_71_0_b09dc755c62e.npz,b09dc755c62e,False,False,,,,,,,0.9452139473807268,accuracy_vs_baselines,logits,IW residual DIS2 | W=5 | seed=0 (plug-in),True,
iw_residual_dis2,5.0,0.0,10000.0,2000.0,2500.0,500.0,0.9528,0.0,1.0,54.598148345947266,0.5,0.5,0.48350000381469727,0.2500438690185547,,,,,0.047194212081689564,0.0,2500.0,0.0,500.0,0.0,ok,plugin,False,,2499.665104551872,2499.9861775831446,1.0061237349092884,0.9996522169064508,1.0038381868779027,,0.0,0.047194212081689564,0.9528057879183104,0.9528057879183104,False,,,,,,,cifar10,95,DANN,logits,10.0,0.9515999555587769,0.9515999555587769,0.9390000700950623,0.9360000491142273,splits_cifar10_DANN_95_0_b09dc755c62e.npz,b09dc755c62e,False,False,,,,,,,0.9528057879183104,accuracy_vs_baselines,logits,IW residual DIS2 | W=5 | seed=0 (plug-in),True,
iw_residual_dis2,5.0,0.0,10000.0,2000.0,2500.0,500.0,0.9476,0.0,1.0,15.170090675354004,0.5,0.5,0.5120000243186951,0.2499927282333374,,,,,0.05250433867073842,0.0,2500.0,0.0,500.0,0.0,ok,plugin,False,,2497.3932455475524,2499.657998592665,1.0286085284895574,0.9982982617247618,1.0174694260297672,,0.0,0.05250433867073842,0.9474956613292616,0.9474956613292616,False,,,,,,,cifar10,1,CDANN,logits,10.0,0.949999988079071,0.949999988079071,0.846500039100647,0.8440000414848328,splits_cifar10_CDANN_1_0_b09dc755c62e.npz,b09dc755c62e,False,False,,,,,,,0.9474956613292616,accuracy_vs_baselines,logits,IW residual DIS2 | W=5 | seed=0 (plug-in),True,
iw_residual_dis2,5.0,0.0,10000.0,2000.0,2500.0,500.0,0.9468,0.0,1.0,54.598148345947266,0.5,0.5,0.48100000619888306,0.2500584125518799,,,,,0.05319603762310007,0.0,2500.0,0.0,500.0,0.0,ok,plugin,False,,2498.9610457020863,2499.960930296623,1.013563395964361,0.9994265548504325,1.0065270235931552,,0.0,0.05319603762310007,0.9468039623768999,0.9468039623768999,False,,,,,,,cifar10,10,CDANN,logits,10.0,0.948699951171875,0.948699951171875,0.9160000681877136,0.9120000600814819,splits_cifar10_CDANN_10_0_b09dc755c62e.npz,b09dc755c62e,False,False,,,,,,,0.9468039623768999,accuracy_vs_baselines,logits,IW residual DIS2 | W=5 | seed=0 (plug-in),True,
iw_residual_dis2,5.0,0.0,10000.0,2000.0,2500.0,500.0,0.9492,0.0,1.0,54.598148345947266,0.5,0.5,0.4650000035762787,0.25004249811172485,,,,,0.05079030575612145,0.0,2500.0,0.0,500.0,0.0,ok,plugin,False,,2499.46999202274,2499.9783234754614,1.0120593683728807,0.9995410194424087,1.0051221552158527,,0.0,0.05079030575612145,0.9492096942438786,0.9492096942438786,False,,,,,,,cifar10,71,CDANN,logits,10.0,0.9511999487876892,0.9511999487876892,0.9280000329017639,0.9040000438690186,splits_cifar10_CDANN_71_0_b09dc755c62e.npz,b09dc755c62e,False,False,,,,,,,0.9492096942438786,accuracy_vs_baselines,logits,IW residual DIS2 | W=5 | seed=0 (plug-in),True,
iw_residual_dis2,5.0,0.0,10000.0,2000.0,2500.0,500.0,0.9516,0.0,1.0,54.598148345947266,0.5,0.5,0.47450000047683716,0.250036358833313,,,,,0.04839748708045496,0.0,2500.0,0.0,500.0,0.0,ok,plugin,False,,2499.626972410137,2499.9879266014955,1.0066564969396654,0.9995390854773687,1.0035422914818688,,0.0,0.04839748708045496,0.951602512919545,0.951602512919545,False,,,,,,,cifar10,95,CDANN,logits,10.0,0.9526000022888184,0.9526000022888184,0.9355000257492065,0.9260000586509705,splits_cifar10_CDANN_95_0_b09dc755c62e.npz,b09dc755c62e,False,False,,,,,,,0.951602512919545,accuracy_vs_baselines,logits,IW residual DIS2 | W=5 | seed=0 (plug-in),True,
iw_residual_dis2,5.0,0.0,10000.0,2000.0,2500.0,500.0,0.758,0.0,1.0,5.491447925567627,0.5,0.5,0.5239999890327454,0.2492186278104782,,,,,0.23915412119862045,0.0,2500.0,0.0,500.0,0.0,ok,plugin,False,,2467.9818743558326,2471.2415953613263,1.4042553349704567,0.9849870126168123,1.164483854463959,,0.0,0.23915412119862045,0.7608458788013795,0.7608458788013795,False,,,,,,,cifar100,4,DANN,logits,100.0,0.7841999530792236,0.7841999530792236,0.7440000176429749,0.7760000228881836,splits_cifar100_DANN_4_0_b09dc755c62e.npz,b09dc755c62e,False,True,,,,,,,0.7608458788013795,accuracy_vs_baselines,logits,IW residual DIS2 | W=5 | seed=0 (plug-in),True,
iw_residual_dis2,5.0,0.0,10000.0,2000.0,2500.0,500.0,0.76,0.0,1.0,3.8378243446350098,0.5,0.5,0.5189999938011169,0.2482605278491974,,,,,0.23561112858152902,0.0,2500.0,0.0,500.0,0.0,ok,plugin,False,,2446.566909208289,2436.1491685274805,1.6419769033871479,0.9722690455723946,1.2485575030222478,,0.0,0.23561112858152902,0.764388871418471,0.764388871418471,False,,,,,,,cifar100,12,DANN,logits,100.0,0.7831999659538269,0.7831999659538269,0.7545000314712524,0.7860000133514404,splits_cifar100_DANN_12_0_b09dc755c62e.npz,b09dc755c62e,False,True,,,,,,,0.764388871418471,accuracy_vs_baselines,logits,IW residual DIS2 | W=5 | seed=0 (plug-in),True,
iw_residual_dis2,5.0,0.0,10000.0,2000.0,2500.0,500.0,0.7596,0.0,1.0,2.802358388900757,0.5,0.5,0.5494999885559082,0.24673324823379517,,,,,0.23318871703695868,0.0,2500.0,0.0,500.0,0.0,ok,plugin,False,,2445.9565559321895,2374.9200454287657,2.3634805940494568,0.9626365028377801,1.3661096021972992,,0.0,0.23318871703695868,0.7668112829630414,0.7668112829630414,False,,,,,,,cifar100,59,DANN,logits,100.0,0.7841999530792236,0.7841999530792236,0.7585000395774841,0.7720000147819519,splits_cifar100_DANN_59_0_b09dc755c62e.npz,b09dc755c62e,False,True,,,,,,,0.7668112829630414,accuracy_vs_baselines,logits,IW residual DIS2 | W=5 | seed=0 (plug-in),True,
iw_residual_dis2,5.0,0.0,10000.0,2000.0,2500.0,500.0,0.764,0.0,1.0,6.978378772735596,0.5,0.5,0.5135000348091125,0.24948640167713165,,,,,0.23254424585950542,0.0,2500.0,0.0,500.0,0.0,ok,plugin,False,,2466.625196752198,2480.0872615463854,1.28467736797543,0.9857623570780534,1.1353387546000333,,0.0,0.23254424585950542,0.7674557541404946,0.7674557541404946,False,,,,,,,cifar100,82,DANN,logits,100.0,0.7861999869346619,0.7861999869346619,0.7695000171661377,0.7700000405311584,splits_cifar100_DANN_82_0_b09dc755c62e.npz,b09dc755c62e,True,True,,,,,,,0.7674557541404946,accuracy_vs_baselines,logits,IW residual DIS2 | W=5 | seed=0 (plug-in),True,
iw_residual_dis2,5.0,0.0,10000.0,2000.0,2500.0,500.0,0.762,0.0,1.0,5.056149482727051,0.5,0.5,0.5295000076293945,0.24904659390449524,,,,,0.2334186495605029,0.0,2500.0,0.0,500.0,0.0,ok,plugin,False,,2459.7382574489816,2462.8951167450077,1.612166297143988,0.9786892623843662,1.1862365069324659,,0.0,0.2334186495605029,0.7665813504394972,0.7665813504394972,False,,,,,,,cifar100,4,CDANN,logits,100.0,0.7849999666213989,0.7849999666213989,0.7275000214576721,0.7480000257492065,splits_cifar100_CDANN_4_0_b09dc755c62e.npz,b09dc755c62e,False,False,,,,,,,0.7665813504394972,accuracy_vs_baselines,logits,IW residual DIS2 | W=5 | seed=0 (plug-in),True,
iw_residual_dis2,5.0,0.0,10000.0,2000.0,2500.0,500.0,0.766,0.0,1.0,2.4864232540130615,0.5,0.5,0.5425000190734863,0.24643674492835999,,,,,0.22773708694791175,0.0,2500.0,0.0,500.0,0.0,ok,plugin,False,,2449.6278052329058,2355.04654186226,2.4704716453660756,0.9594762836122599,1.4041761966564872,,0.0,0.22773708694791175,0.7722629130520883,0.7722629130520883,False,,,,,,,cifar100,12,CDANN,logits,100.0,0.7858999967575073,0.7858999967575073,0.7480000257492065,0.7680000066757202,splits_cifar100_CDANN_12_0_b09dc755c62e.npz,b09dc755c62e,False,False,,,,,,,0.7722629130520883,accuracy_vs_baselines,logits,IW residual DIS2 | W=5 | seed=0 (plug-in),True,
iw_residual_dis2,5.0,0.0,10000.0,2000.0,2500.0,500.0,0.7664,0.0,1.0,2.008225202560425,0.5,0.5,0.5509999990463257,0.2439228594303131,,,,,0.22317909315855028,0.0,2500.0,0.0,500.0,0.0,ok,plugin,False,,2443.820225227849,2259.155425657384,3.0077319694624123,0.9320963219959681,1.5513507410602343,,0.0,0.22317909315855028,0.7768209068414498,0.7768209068414498,False,,,,,,,cifar100,59,CDANN,logits,100.0,0.7870000004768372,0.7870000004768372,0.7580000162124634,0.7920000553131104,splits_cifar100_CDANN_59_0_b09dc755c62e.npz,b09dc755c62e,False,True,,,,,,,0.7768209068414498,accuracy_vs_baselines,logits,IW residual DIS2 | W=5 | seed=0 (plug-in),True,
iw_residual_dis2,5.0,0.0,10000.0,2000.0,2500.0,500.0,0.7652,0.0,1.0,5.66292667388916,0.5,0.5,0.5170000195503235,0.24932295083999634,,,,,0.22975871767654502,0.0,2500.0,0.0,500.0,0.0,ok,plugin,False,,2459.7809711107875,2471.164719457861,1.3422972489977123,0.9809769135053362,1.1580601273715891,,0.0,0.22975871767654502,0.770241282323455,0.770241282323455,False,,,,,,,cifar100,82,CDANN,logits,100.0,0.7872999906539917,0.7872999906539917,0.7635000348091125,0.7720000147819519,splits_cifar100_CDANN_82_0_b09dc755c62e.npz,b09dc755c62e,False,True,,,,,,,0.770241282323455,accuracy_vs_baselines,logits,IW residual DIS2 | W=5 | seed=0 (plug-in),True,
iw_residual_dis2,5.0,0.0,28152.0,9910.0,7040.0,2478.0,0.803125,0.0,1.0,1.2152042388916016,0.5,0.5,0.6491578817367554,0.2188163548707962,30.0,144.0,11.0,65.0,0.19415893968220788,0.055286521388216305,7023.0,17.0,2341.0,137.0,ok,plugin,False,,6399.964298825331,4576.313760282497,4.957584715264676,0.7260521861164562,2.2237033724550974,0.927007299270073,0.02523382234249632,0.2193927620247042,0.7806072379752957,0.7806072379752957,False,4.0,5.0,0.2265734076499939,0.7272727489471436,0.9538461565971375,"[{'epoch': 0, 'best_score': 0.07552444934844971}, {'epoch': 1, 'best_score': 0.16643357276916504}, {'epoch': 2, 'best_score': 0.1510489583015442}, {'epoch': 3, 'best_score': 0.18041956424713135}, {'epoch': 4, 'best_score': 0.2265734076499939}, {'epoch': 5, 'best_score': 0.1958041787147522}, {'epoch': 6, 'best_score': 0.13566434383392334}, {'epoch': 7, 'best_score': 0.1510489583015442}, {'epoch': 8, 'best_score': 0.1510489583015442}, {'epoch': 9, 'best_score': 0.08951050043106079}, {'epoch': 10, 'best_score': 0.08951050043106079}, {'epoch': 11, 'best_score': 0.10489511489868164}, {'epoch': 12, 'best_score': 0.06013983488082886}, {'epoch': 13, 'best_score': 0.06013983488082886}, {'epoch': 14, 'best_score': 0.06013983488082886}, {'epoch': 15, 'best_score': 0.06013983488082886}, {'epoch': 16, 'best_score': 0.04475522041320801}, {'epoch': 17, 'best_score': 0.04475522041320801}, {'epoch': 18, 'best_score': 0.04475522041320801}, {'epoch': 19, 'best_score': 0.04475522041320801}, {'epoch': 20, 'best_score': -0.01538461446762085}, {'epoch': 21, 'best_score': -0.01538461446762085}, {'epoch': 22, 'best_score': -0.01538461446762085}, {'epoch': 23, 'best_score': -0.01538461446762085}, {'epoch': 24, 'best_score': -0.01538461446762085}, {'epoch': 25, 'best_score': -0.01538461446762085}, {'epoch': 26, 'best_score': -0.01538461446762085}, {'epoch': 27, 'best_score': -0.01538461446762085}, {'epoch': 28, 'best_score': -0.01538461446762085}, {'epoch': 29, 'best_score': 0.06013983488082886}, {'epoch': 30, 'best_score': 0.06013983488082886}, {'epoch': 31, 'best_score': 0.07552444934844971}, {'epoch': 32, 'best_score': 0.07552444934844971}, {'epoch': 33, 'best_score': 0.07552444934844971}, {'epoch': 34, 'best_score': 0.07552444934844971}, {'epoch': 35, 'best_score': 0.07552444934844971}, {'epoch': 36, 'best_score': 0.07552444934844971}, {'epoch': 37, 'best_score': 0.07552444934844971}, {'epoch': 38, 'best_score': 0.07552444934844971}, {'epoch': 39, 'best_score': 0.07552444934844971}, {'epoch': 40, 'best_score': 0.07552444934844971}, {'epoch': 41, 'best_score': 0.07552444934844971}, {'epoch': 42, 'best_score': 0.07552444934844971}, {'epoch': 43, 'best_score': 0.07552444934844971}, {'epoch': 44, 'best_score': 0.07552444934844971}, {'epoch': 45, 'best_score': 0.07552444934844971}, {'epoch': 46, 'best_score': 0.07552444934844971}, {'epoch': 47, 'best_score': 0.07552444934844971}, {'epoch': 48, 'best_score': 0.07552444934844971}, {'epoch': 49, 'best_score': 0.07552444934844971}]",domainnet,1,DANN,logits,345.0,0.8072605729103088,0.8072605729103088,0.465893030166626,0.47497981786727905,splits_domainnet_DANN_1_0_b09dc755c62e.npz,b09dc755c62e,False,False,0.29411764705882354,0.7647058823529411,0.16230141691713185,,,,0.7806072379752957,accuracy_vs_baselines,logits,IW residual DIS2 | W=5 | seed=0 (plug-in),True,
iw_residual_dis2,5.0,0.0,28152.0,14207.0,7040.0,3553.0,0.8038352272727273,0.0,1.0,1.0665127038955688,0.5,0.5,0.6751638650894165,0.20423626899719238,95.0,593.0,42.0,269.0,0.19126985473637242,0.13819307627357164,6968.0,72.0,3062.0,491.0,ok,plugin,False,,6093.395970191163,4071.732057893657,4.959797236916732,0.6486121950250262,2.371883308296585,0.9511201629327902,0.07193842449260404,0.2632082792289765,0.7367917207710235,0.7367917207710235,False,14.0,22.0,0.25376176834106445,0.6904761791229248,0.9442379474639893,"[{'epoch': 0, 'best_score': 0.07966011762619019}, {'epoch': 1, 'best_score': 0.24482208490371704}, {'epoch': 2, 'best_score': 0.2203044891357422}, {'epoch': 3, 'best_score': 0.22180914878845215}, {'epoch': 4, 'best_score': 0.2180916666984558}, {'epoch': 5, 'best_score': 0.20171713829040527}, {'epoch': 6, 'best_score': 0.2180916666984558}, {'epoch': 7, 'best_score': 0.2441139817237854}, {'epoch': 8, 'best_score': 0.2150822877883911}, {'epoch': 9, 'best_score': 0.22402197122573853}, {'epoch': 10, 'best_score': 0.2314569354057312}, {'epoch': 11, 'best_score': 0.2314569354057312}, {'epoch': 12, 'best_score': 0.24260932207107544}, {'epoch': 13, 'best_score': 0.24632680416107178}, {'epoch': 14, 'best_score': 0.25376176834106445}, {'epoch': 15, 'best_score': 0.24632680416107178}, {'epoch': 16, 'best_score': 0.22623473405838013}, {'epoch': 17, 'best_score': 0.22623473405838013}, {'epoch': 18, 'best_score': 0.23366963863372803}, {'epoch': 19, 'best_score': 0.22995221614837646}, {'epoch': 20, 'best_score': 0.20986014604568481}, {'epoch': 21, 'best_score': 0.19720304012298584}, {'epoch': 22, 'best_score': 0.19720304012298584}, {'epoch': 23, 'best_score': 0.18233317136764526}, {'epoch': 24, 'best_score': 0.16595858335494995}, {'epoch': 25, 'best_score': 0.17339354753494263}, {'epoch': 26, 'best_score': 0.17339354753494263}, {'epoch': 27, 'best_score': 0.1696760654449463}, {'epoch': 28, 'best_score': 0.1696760654449463}, {'epoch': 29, 'best_score': 0.1808285117149353}, {'epoch': 30, 'best_score': 0.17711102962493896}, {'epoch': 31, 'best_score': 0.17711102962493896}, {'epoch': 32, 'best_score': 0.17711102962493896}, {'epoch': 33, 'best_score': 0.17711102962493896}, {'epoch': 34, 'best_score': 0.17711102962493896}, {'epoch': 35, 'best_score': 0.18454593420028687}, {'epoch': 36, 'best_score': 0.18454593420028687}, {'epoch': 37, 'best_score': 0.1808285117149353}, {'epoch': 38, 'best_score': 0.18454593420028687}, {'epoch': 39, 'best_score': 0.18454593420028687}, {'epoch': 40, 'best_score': 0.18454593420028687}, {'epoch': 41, 'best_score': 0.1882634162902832}, {'epoch': 42, 'best_score': 0.1882634162902832}, {'epoch': 43, 'best_score': 0.1882634162902832}, {'epoch': 44, 'best_score': 0.1882634162902832}, {'epoch': 45, 'best_score': 0.1882634162902832}, {'epoch': 46, 'best_score': 0.1882634162902832}, {'epoch': 47, 'best_score': 0.1882634162902832}, {'epoch': 48, 'best_score': 0.1882634162902832}, {'epoch': 49, 'best_score': 0.19198089838027954}]",domainnet,2,DANN,logits,345.0,0.8101378083229065,0.8101378083229065,0.38572534918785095,0.38727834820747375,splits_domainnet_DANN_2_0_b09dc755c62e.npz,b09dc755c62e,False,False,0.18055555555555555,0.6111111111111112,0.34000905182167906,,,,0.7367917207710235,accuracy_vs_baselines,logits,IW residual DIS2 | W=5 | seed=0 (plug-in),True,
iw_residual_dis2,5.0,0.0,28152.0,15295.0,7040.0,3825.0,0.8072443181818182,0.0,1.0,0.9051699638366699,0.5,0.5,0.6486807465553284,0.2190219759941101,88.0,215.0,35.0,118.0,0.19952144784713002,0.045228758169934644,6969.0,71.0,3652.0,173.0,ok,plugin,False,,6837.4814412708565,4344.051405529227,4.987322519838667,0.7529801632015857,2.540982708064011,0.9421965317919075,0.015222314277823805,0.21474376212495383,0.7852562378750462,0.7852562378750462,False,7.0,20.0,0.3861985206604004,0.5714285969734192,0.9576271176338196,"[{'epoch': 0, 'best_score': 0.16295397281646729}, {'epoch': 1, 'best_score': 0.2888619899749756}, {'epoch': 2, 'best_score': 0.2920096516609192}, {'epoch': 3, 'best_score': 0.337530255317688}, {'epoch': 4, 'best_score': 0.3205810785293579}, {'epoch': 5, 'best_score': 0.3692493438720703}, {'epoch': 6, 'best_score': 0.37772393226623535}, {'epoch': 7, 'best_score': 0.3861985206604004}, {'epoch': 8, 'best_score': 0.3661016821861267}, {'epoch': 9, 'best_score': 0.3174334168434143}, {'epoch': 10, 'best_score': 0.2920096516609192}, {'epoch': 11, 'best_score': 0.2888619899749756}, {'epoch': 12, 'best_score': 0.30048424005508423}, {'epoch': 13, 'best_score': 0.30895882844924927}, {'epoch': 14, 'best_score': 0.30048424005508423}, {'epoch': 15, 'best_score': 0.32905566692352295}, {'epoch': 16, 'best_score': 0.32905566692352295}, {'epoch': 17, 'best_score': 0.32905566692352295}, {'epoch': 18, 'best_score': 0.32905566692352295}, {'epoch': 19, 'best_score': 0.32905566692352295}, {'epoch': 20, 'best_score': 0.32905566692352295}, {'epoch': 21, 'best_score': 0.32905566692352295}, {'epoch': 22, 'best_score': 0.32905566692352295}, {'epoch': 23, 'best_score': 0.337530255317688}, {'epoch': 24, 'best_score': 0.337530255317688}, {'epoch': 25, 'best_score': 0.346004843711853}, {'epoch': 26, 'best_score': 0.346004843711853}, {'epoch': 27, 'best_score': 0.346004843711853}, {'epoch': 28, 'best_score': 0.3544793725013733}, {'epoch': 29, 'best_score': 0.36295396089553833}, {'epoch': 30, 'best_score': 0.36295396089553833}, {'epoch': 31, 'best_score': 0.36295396089553833}, {'epoch': 32, 'best_score': 0.36295396089553833}, {'epoch': 33, 'best_score': 0.36295396089553833}, {'epoch': 34, 'best_score': 0.36295396089553833}, {'epoch': 35, 'best_score': 0.36295396089553833}, {'epoch': 36, 'best_score': 0.36295396089553833}, {'epoch': 37, 'best_score': 0.36295396089553833}, {'epoch': 38, 'best_score': 0.32590794563293457}, {'epoch': 39, 'best_score': 0.32590794563293457}, {'epoch': 40, 'best_score': 0.32590794563293457}, {'epoch': 41, 'best_score': 0.32590794563293457}, {'epoch': 42, 'best_score': 0.32590794563293457}, {'epoch': 43, 'best_score': 0.32590794563293457}, {'epoch': 44, 'best_score': 0.32590794563293457}, {'epoch': 45, 'best_score': 0.32590794563293457}, {'epoch': 46, 'best_score': 0.32590794563293457}, {'epoch': 47, 'best_score': 0.32590794563293457}, {'epoch': 48, 'best_score': 0.32590794563293457}, {'epoch': 49, 'best_score': 0.32590794563293457}]",domainnet,3,DANN,logits,345.0,0.8096050024032593,0.8096050024032593,0.4719189405441284,0.46562090516090393,splits_domainnet_DANN_3_0_b09dc755c62e.npz,b09dc755c62e,False,False,0.15492957746478872,0.7605633802816901,0.18163315151021742,,,,0.7852562378750462,accuracy_vs_baselines,logits,IW residual DIS2 | W=5 | seed=0 (plug-in),True,
iw_residual_dis2,5.0,0.0,28152.0,9910.0,7040.0,2478.0,0.8025568181818181,0.0,1.0,0.8766927123069763,0.5,0.5,0.7155721187591553,0.1901533603668213,156.0,529.0,78.0,257.0,0.1704863157138259,0.17231638418079095,6914.0,126.0,2051.0,427.0,ok,plugin,False,,5509.782073122725,3529.2874938447417,4.973098368777949,0.539289817556307,2.4404967754149456,0.9039812646370023,0.08192090395480225,0.2524072196686281,0.7475927803313719,0.7475927803313719,False,5.0,25.0,0.1991918683052063,0.7307692170143127,0.929961085319519,"[{'epoch': 0, 'best_score': 0.06021153926849365}, {'epoch': 1, 'best_score': 0.19460242986679077}, {'epoch': 2, 'best_score': 0.15569192171096802}, {'epoch': 3, 'best_score': 0.17858922481536865}, {'epoch': 4, 'best_score': 0.18248027563095093}, {'epoch': 5, 'best_score': 0.1991918683052063}, {'epoch': 6, 'best_score': 0.15569192171096802}, {'epoch': 7, 'best_score': 0.15065348148345947}, {'epoch': 8, 'best_score': 0.16347402334213257}, {'epoch': 9, 'best_score': 0.15065348148345947}, {'epoch': 10, 'best_score': 0.15454453229904175}, {'epoch': 11, 'best_score': 0.1456151008605957}, {'epoch': 12, 'best_score': 0.15065348148345947}, {'epoch': 13, 'best_score': 0.15339720249176025}, {'epoch': 14, 'best_score': 0.15728825330734253}, {'epoch': 15, 'best_score': 0.14172405004501343}, {'epoch': 16, 'best_score': 0.14057666063308716}, {'epoch': 17, 'best_score': 0.1623266339302063}, {'epoch': 18, 'best_score': 0.14950615167617798}, {'epoch': 19, 'best_score': 0.14950615167617798}, {'epoch': 20, 'best_score': 0.1611793041229248}, {'epoch': 21, 'best_score': 0.1611793041229248}, {'epoch': 22, 'best_score': 0.1611793041229248}, {'epoch': 23, 'best_score': 0.16507035493850708}, {'epoch': 24, 'best_score': 0.15728825330734253}, {'epoch': 25, 'best_score': 0.15339720249176025}, {'epoch': 26, 'best_score': 0.14057666063308716}, {'epoch': 27, 'best_score': 0.14446771144866943}, {'epoch': 28, 'best_score': 0.1483587622642517}, {'epoch': 29, 'best_score': 0.1483587622642517}, {'epoch': 30, 'best_score': 0.1483587622642517}, {'epoch': 31, 'best_score': 0.1483587622642517}, {'epoch': 32, 'best_score': 0.1483587622642517}, {'epoch': 33, 'best_score': 0.15614086389541626}, {'epoch': 34, 'best_score': 0.15614086389541626}, {'epoch': 35, 'best_score': 0.15614086389541626}, {'epoch': 36, 'best_score': 0.16507035493850708}, {'epoch': 37, 'best_score': 0.15224981307983398}, {'epoch': 38, 'best_score': 0.15224981307983398}, {'epoch': 39, 'best_score': 0.1483587622642517}, {'epoch': 40, 'best_score': 0.1483587622642517}, {'epoch': 41, 'best_score': 0.14446771144866943}, {'epoch': 42, 'best_score': 0.14446771144866943}, {'epoch': 43, 'best_score': 0.14446771144866943}, {'epoch': 44, 'best_score': 0.14446771144866943}, {'epoch': 45, 'best_score': 0.14446771144866943}, {'epoch': 46, 'best_score': 0.14446771144866943}, {'epoch': 47, 'best_score': 0.14446771144866943}, {'epoch': 48, 'best_score': 0.1483587622642517}, {'epoch': 49, 'best_score': 0.1483587622642517}]",domainnet,1,CDANN,logits,345.0,0.8055910468101501,0.8055910468101501,0.5121089816093445,0.5205811262130737,splits_domainnet_CDANN_1_0_b09dc755c62e.npz,b09dc755c62e,False,False,0.23809523809523808,0.6666666666666666,0.23731459797033572,,,,0.7475927803313719,accuracy_vs_baselines,logits,IW residual DIS2 | W=5 | seed=0 (plug-in),True,
iw_residual_dis2,5.0,0.0,28152.0,14207.0,7040.0,3553.0,0.8004261363636364,0.0,1.0,0.8212013840675354,0.5,0.5,0.7187232375144958,0.18246705830097198,180.0,1059.0,88.0,545.0,0.1672404588437109,0.2637207993245145,6865.0,175.0,2616.0,937.0,ok,plugin,False,,5163.682344776824,3246.5932874045357,4.985587329775488,0.47494575572255193,2.4601614214573457,0.8954108858057631,0.10955249085280043,0.2767929496965113,0.7232070503034886,0.7232070503034886,False,4.0,28.0,0.3719766139984131,0.5454545617103577,0.9174311757087708,"[{'epoch': 0, 'best_score': 0.11032110452651978}, {'epoch': 1, 'best_score': 0.251417875289917}, {'epoch': 2, 'best_score': 0.310425341129303}, {'epoch': 3, 'best_score': 0.33202672004699707}, {'epoch': 4, 'best_score': 0.3719766139984131}, {'epoch': 5, 'best_score': 0.35842370986938477}, {'epoch': 6, 'best_score': 0.35439950227737427}, {'epoch': 7, 'best_score': 0.33350706100463867}, {'epoch': 8, 'best_score': 0.3217889666557312}, {'epoch': 9, 'best_score': 0.32326942682266235}, {'epoch': 10, 'best_score': 0.3177648186683655}, {'epoch': 11, 'best_score': 0.31592994928359985}, {'epoch': 12, 'best_score': 0.30604666471481323}, {'epoch': 13, 'best_score': 0.30604666471481323}, {'epoch': 14, 'best_score': 0.2884695529937744}, {'epoch': 15, 'best_score': 0.26242703199386597}, {'epoch': 16, 'best_score': 0.2587572932243347}, {'epoch': 17, 'best_score': 0.26059216260910034}, {'epoch': 18, 'best_score': 0.26059216260910034}, {'epoch': 19, 'best_score': 0.26059216260910034}, {'epoch': 20, 'best_score': 0.24301499128341675}, {'epoch': 21, 'best_score': 0.25437861680984497}, {'epoch': 22, 'best_score': 0.23567557334899902}, {'epoch': 23, 'best_score': 0.24887406826019287}, {'epoch': 24, 'best_score': 0.24887406826019287}, {'epoch': 25, 'best_score': 0.25437861680984497}, {'epoch': 26, 'best_score': 0.2393452525138855}, {'epoch': 27, 'best_score': 0.22798162698745728}, {'epoch': 28, 'best_score': 0.22798162698745728}, {'epoch': 29, 'best_score': 0.21661800146102905}, {'epoch': 30, 'best_score': 0.21661800146102905}, {'epoch': 31, 'best_score': 0.21661800146102905}, {'epoch': 32, 'best_score': 0.22064220905303955}, {'epoch': 33, 'best_score': 0.22247707843780518}, {'epoch': 34, 'best_score': 0.22247707843780518}, {'epoch': 35, 'best_score': 0.2243119478225708}, {'epoch': 36, 'best_score': 0.22247707843780518}, {'epoch': 37, 'best_score': 0.2243119478225708}, {'epoch': 38, 'best_score': 0.2243119478225708}, {'epoch': 39, 'best_score': 0.2202877402305603}, {'epoch': 40, 'best_score': 0.22395747900009155}, {'epoch': 41, 'best_score': 0.22395747900009155}, {'epoch': 42, 'best_score': 0.23348623514175415}, {'epoch': 43, 'best_score': 0.23348623514175415}, {'epoch': 44, 'best_score': 0.23348623514175415}, {'epoch': 45, 'best_score': 0.23348623514175415}, {'epoch': 46, 'best_score': 0.23532110452651978}, {'epoch': 47, 'best_score': 0.23532110452651978}, {'epoch': 48, 'best_score': 0.23532110452651978}, {'epoch': 49, 'best_score': 0.23348623514175415}]",domainnet,2,CDANN,logits,345.0,0.8071539998054504,0.8071539998054504,0.42063772678375244,0.4218969941139221,splits_domainnet_CDANN_2_0_b09dc755c62e.npz,b09dc755c62e,False,False,0.14857142857142858,0.6285714285714286,0.26683945723433455,,,,0.7232070503034886,accuracy_vs_baselines,logits,IW residual DIS2 | W=5 | seed=0 (plug-in),True,
iw_residual_dis2,5.0,0.0,28152.0,15295.0,7040.0,3825.0,0.8063920454545455,0.0,1.0,0.8649395108222961,0.5,0.5,0.6886382102966309,0.20106446743011475,182.0,601.0,91.0,324.0,0.1798773612378582,0.1338562091503268,6894.0,146.0,3313.0,512.0,ok,plugin,False,,5968.239942074566,3694.899690914633,4.954372230035607,0.6044255808220872,2.6159530026010374,0.890625,0.0495371116483123,0.2294144728861705,0.7705855271138295,0.7705855271138295,False,6.0,4.0,0.24460721015930176,0.6813187003135681,0.9259259104728699,"[{'epoch': 0, 'best_score': 0.10063081979751587}, {'epoch': 1, 'best_score': 0.1387871503829956}, {'epoch': 2, 'best_score': 0.1954619288444519}, {'epoch': 3, 'best_score': 0.21028351783752441}, {'epoch': 4, 'best_score': 0.2322615385055542}, {'epoch': 5, 'best_score': 0.23534798622131348}, {'epoch': 6, 'best_score': 0.24460721015930176}, {'epoch': 7, 'best_score': 0.22880202531814575}, {'epoch': 8, 'best_score': 0.21472662687301636}, {'epoch': 9, 'best_score': 0.2033645510673523}, {'epoch': 10, 'best_score': 0.1954619288444519}, {'epoch': 11, 'best_score': 0.1923755407333374}, {'epoch': 12, 'best_score': 0.184472918510437}, {'epoch': 13, 'best_score': 0.184472918510437}, {'epoch': 14, 'best_score': 0.17348390817642212}, {'epoch': 15, 'best_score': 0.16249489784240723}, {'epoch': 16, 'best_score': 0.16249489784240723}, {'epoch': 17, 'best_score': 0.1655813455581665}, {'epoch': 18, 'best_score': 0.1545923352241516}, {'epoch': 19, 'best_score': 0.1576787233352661}, {'epoch': 20, 'best_score': 0.14668971300125122}, {'epoch': 21, 'best_score': 0.1497761607170105}, {'epoch': 22, 'best_score': 0.1607651710510254}, {'epoch': 23, 'best_score': 0.1497761607170105}, {'epoch': 24, 'best_score': 0.14668971300125122}, {'epoch': 25, 'best_score': 0.1387871503829956}, {'epoch': 26, 'best_score': 0.13570070266723633}, {'epoch': 27, 'best_score': 0.1387871503829956}, {'epoch': 28, 'best_score': 0.1497761607170105}, {'epoch': 29, 'best_score': 0.14668971300125122}, {'epoch': 30, 'best_score': 0.14668971300125122}, {'epoch': 31, 'best_score': 0.13570070266723633}, {'epoch': 32, 'best_score': 0.14668971300125122}, {'epoch': 33, 'best_score': 0.14668971300125122}, {'epoch': 34, 'best_score': 0.14668971300125122}, {'epoch': 35, 'best_score': 0.14360332489013672}, {'epoch': 36, 'best_score': 0.14360332489013672}, {'epoch': 37, 'best_score': 0.14360332489013672}, {'epoch': 38, 'best_score': 0.14051687717437744}, {'epoch': 39, 'best_score': 0.14360332489013672}, {'epoch': 40, 'best_score': 0.14360332489013672}, {'epoch': 41, 'best_score': 0.14051687717437744}, {'epoch': 42, 'best_score': 0.14051687717437744}, {'epoch': 43, 'best_score': 0.14051687717437744}, {'epoch': 44, 'best_score': 0.12952786684036255}, {'epoch': 45, 'best_score': 0.13743048906326294}, {'epoch': 46, 'best_score': 0.13743048906326294}, {'epoch': 47, 'best_score': 0.13434404134750366}, {'epoch': 48, 'best_score': 0.13434404134750366}, {'epoch': 49, 'best_score': 0.13434404134750366}]",domainnet,3,CDANN,logits,345.0,0.8074381947517395,0.8074381947517395,0.49369075894355774,0.48549020290374756,splits_domainnet_CDANN_3_0_b09dc755c62e.npz,b09dc755c62e,False,False,0.2191780821917808,0.7397260273972602,0.15089897260273977,,,,0.7705855271138295,accuracy_vs_baselines,logits,IW residual DIS2 | W=5 | seed=0 (plug-in),True,
iw_residual_dis2,5.0,0.0,1700.0,8804.0,425.0,2203.0,0.8658823529411764,0.0,1.0,16.756206512451172,0.5,0.5,0.5182152390480042,0.24998150765895844,,,,,0.13440250150973013,0.0,425.0,0.0,2203.0,0.0,ok,plugin,False,,425.7139188017252,424.86625879663194,1.0612811485222913,0.9998074373474651,1.0357852693822998,,0.0,0.13440250150973013,0.8655974984902699,0.8655974984902699,False,,,,,,,living17,1,DANN,logits,17.0,0.8994117379188538,0.8994117379188538,0.6758291721343994,0.6876986026763916,splits_living17_DANN_1_0_b09dc755c62e.npz,b09dc755c62e,False,False,,,,,,,0.8655974984902699,accuracy_vs_baselines,logits,IW residual DIS2 | W=5 | seed=0 (plug-in),True,
iw_residual_dis2,5.0,0.0,1700.0,68.0,425.0,19.0,0.8823529411764706,0.0,1.0,54.598148345947266,0.5,0.5,0.386274516582489,0.2505391836166382,,,,,0.11527369713515521,0.0,425.0,0.0,19.0,0.0,ok,plugin,False,,418.91730653790717,424.70318210046617,1.0586324638397553,0.9846885207200412,1.02813654610826,,0.0,0.11527369713515521,0.8847263028648448,0.8847263028648448,False,,,,,,,living17,2,DANN,logits,17.0,0.9094117283821106,0.9094117283821106,0.8970588445663452,0.8421052694320679,splits_living17_DANN_2_0_b09dc755c62e.npz,b09dc755c62e,True,False,,,,,,,0.8847263028648448,accuracy_vs_baselines,logits,IW residual DIS2 | W=5 | seed=0 (plug-in),True,
iw_residual_dis2,5.0,0.0,1700.0,68.0,425.0,19.0,0.8894117647058823,0.0,1.0,7.57162618637085,0.5,0.5,0.501960813999176,0.24727191030979156,,,,,0.10234834389651595,0.0,425.0,0.0,19.0,0.0,ok,plugin,False,,397.8374561170127,412.0984209205271,1.5756817925313693,0.9067214651156508,1.265744834394328,,0.0,0.10234834389651595,0.8976516561034841,0.8976516561034841,False,,,,,,,living17,3,DANN,logits,17.0,0.9052940607070923,0.9052940607070923,0.5882353186607361,0.6842105388641357,splits_living17_DANN_3_0_b09dc755c62e.npz,b09dc755c62e,False,False,,,,,,,0.8976516561034841,accuracy_vs_baselines,logits,IW residual DIS2 | W=5 | seed=0 (plug-in),True,
iw_residual_dis2,5.0,0.0,1700.0,8804.0,425.0,2203.0,0.8894117647058823,0.0,1.0,11.750850677490234,0.5,0.5,0.5014705657958984,0.2499570995569229,,,,,0.11126764865826196,0.0,425.0,0.0,2203.0,0.0,ok,plugin,False,,426.08420396009734,424.696152932278,1.103055487160864,1.0032600364648732,1.050696652820813,,0.0,0.11126764865826196,0.888732351341738,0.888732351341738,False,,,,,,,living17,1,CDANN,logits,17.0,0.9052940607070923,0.9052940607070923,0.6863925457000732,0.6981388926506042,splits_living17_CDANN_1_0_b09dc755c62e.npz,b09dc755c62e,False,False,,,,,,,0.888732351341738,accuracy_vs_baselines,logits,IW residual DIS2 | W=5 | seed=0 (plug-in),True,
iw_residual_dis2,5.0,0.0,1700.0,68.0,425.0,19.0,0.8917647058823529,0.0,1.0,54.598148345947266,0.5,0.5,0.5049019455909729,0.2506290674209595,,,,,0.10663075780699113,0.0,425.0,0.0,19.0,0.0,ok,plugin,False,,420.0787161721404,424.8003173714308,1.0622783326012735,0.9874614814400315,1.0250536946908158,,0.0,0.10663075780699113,0.8933692421930088,0.8933692421930088,False,,,,,,,living17,2,CDANN,logits,17.0,0.9094117283821106,0.9094117283821106,0.8676470518112183,0.8421052694320679,splits_living17_CDANN_2_0_b09dc755c62e.npz,b09dc755c62e,False,False,,,,,,,0.8933692421930088,accuracy_vs_baselines,logits,IW residual DIS2 | W=5 | seed=0 (plug-in),True,
iw_residual_dis2,5.0,0.0,1700.0,68.0,425.0,19.0,0.8823529411764706,0.0,1.0,54.598148345947266,0.5,0.5,0.5470588207244873,0.25016355514526367,,,,,0.11620512572633702,0.0,425.0,0.0,19.0,0.0,ok,plugin,False,,421.52037358016673,424.79365637634123,1.0574743452587514,0.9908828841757463,1.0305761199853098,,0.0,0.11620512572633702,0.883794874273663,0.883794874273663,False,,,,,,,living17,3,CDANN,logits,17.0,0.9052940607070923,0.9052940607070923,0.5588235259056091,0.6315789222717285,splits_living17_CDANN_3_0_b09dc755c62e.npz,b09dc755c62e,False,False,,,,,,,0.883794874273663,accuracy_vs_baselines,logits,IW residual DIS2 | W=5 | seed=0 (plug-in),True,
iw_residual_dis2,5.0,0.0,2600.0,13282.0,650.0,3322.0,0.8046153846153846,0.0,1.0,12.373048782348633,0.5,0.5,0.49578893184661865,0.24997884035110474,,,,,0.1953306662241803,0.0,650.0,0.0,3322.0,0.0,ok,plugin,False,,650.5700602589743,649.7727854777203,1.0844597336415018,1.0017832600681866,1.0304142378909953,,0.0,0.1953306662241803,0.8046693337758197,0.8046693337758197,False,,,,,,,nonliving26,1,DANN,logits,26.0,0.8126922845840454,0.8126922845840454,0.5122722387313843,0.5192654728889465,splits_nonliving26_DANN_1_0_b09dc755c62e.npz,b09dc755c62e,False,False,,,,,,,0.8046693337758197,accuracy_vs_baselines,logits,IW residual DIS2 | W=5 | seed=0 (plug-in),True,
iw_residual_dis2,5.0,0.0,2600.0,104.0,650.0,28.0,0.8292307692307692,0.0,1.0,54.598148345947266,0.5,0.5,0.38846156001091003,0.25114089250564575,,,,,0.16928835900196756,0.0,650.0,0.0,28.0,0.0,ok,plugin,False,,644.5054915247124,649.6497218998405,1.083841619850997,0.9902270713354869,1.0315954847034363,,0.0,0.16928835900196756,0.8307116409980324,0.8307116409980324,False,,,,,,,nonliving26,2,DANN,logits,26.0,0.8176922798156738,0.8176922798156738,0.75,0.7142857313156128,splits_nonliving26_DANN_2_0_b09dc755c62e.npz,b09dc755c62e,False,False,,,,,,,0.8307116409980324,accuracy_vs_baselines,logits,IW residual DIS2 | W=5 | seed=0 (plug-in),True,
iw_residual_dis2,5.0,0.0,2600.0,104.0,650.0,28.0,0.8246153846153846,0.0,1.0,54.598148345947266,0.5,0.5,0.5365384817123413,0.25105389952659607,,,,,0.1741453063713572,0.0,650.0,0.0,28.0,0.0,ok,plugin,False,,645.0326499819731,649.7080949542882,1.0594409484206764,0.9929202071237218,1.0243252824099547,,0.0,0.1741453063713572,0.8258546936286428,0.8258546936286428,False,,,,,,,nonliving26,3,DANN,logits,26.0,0.8146153688430786,0.8146153688430786,0.4038461744785309,0.3214285969734192,splits_nonliving26_DANN_3_0_b09dc755c62e.npz,b09dc755c62e,False,False,,,,,,,0.8258546936286428,accuracy_vs_baselines,logits,IW residual DIS2 | W=5 | seed=0 (plug-in),True,
iw_residual_dis2,5.0,0.0,2600.0,13282.0,650.0,3322.0,0.8169230769230769,0.0,1.0,7.686832904815674,0.5,0.5,0.5021895170211792,0.2498849332332611,,,,,0.18470858540349727,0.0,650.0,0.0,3322.0,0.0,ok,plugin,False,,652.078458608405,648.7735821328986,1.154293146524031,1.0011564015750678,1.0730162357120294,,0.0,0.18470858540349727,0.8152914145965027,0.8152914145965027,False,,,,,,,nonliving26,1,CDANN,logits,26.0,0.8176922798156738,0.8176922798156738,0.5332028269767761,0.5352197289466858,splits_nonliving26_CDANN_1_0_b09dc755c62e.npz,b09dc755c62e,False,False,,,,,,,0.8152914145965027,accuracy_vs_baselines,logits,IW residual DIS2 | W=5 | seed=0 (plug-in),True,
iw_residual_dis2,5.0,0.0,2600.0,104.0,650.0,28.0,0.8138461538461539,0.0,1.0,54.598148345947266,0.5,0.5,0.48653846979141235,0.25163984298706055,,,,,0.1845057090510275,0.0,650.0,0.0,28.0,0.0,ok,plugin,False,,644.9818944649705,649.6228527621274,1.0793665205549292,0.9921471149917618,1.0302029240740564,,0.0,0.1845057090510275,0.8154942909489725,0.8154942909489725,False,,,,,,,nonliving26,2,CDANN,logits,26.0,0.8165384531021118,0.8165384531021118,0.7692307829856873,0.7500000596046448,splits_nonliving26_CDANN_2_0_b09dc755c62e.npz,b09dc755c62e,False,False,,,,,,,0.8154942909489725,accuracy_vs_baselines,logits,IW residual DIS2 | W=5 | seed=0 (plug-in),True,
iw_residual_dis2,5.0,0.0,2600.0,104.0,650.0,28.0,0.8123076923076923,0.0,1.0,54.598148345947266,0.5,0.5,0.4596153795719147,0.2510206997394562,,,,,0.1850543678115881,0.0,650.0,0.0,28.0,0.0,ok,plugin,False,,643.5940549638867,649.6215182317272,1.084804199780962,0.990470618796623,1.0240975172141382,,0.0,0.1850543678115881,0.8149456321884119,0.8149456321884119,False,,,,,,,nonliving26,3,CDANN,logits,26.0,0.822692334651947,0.822692334651947,0.4038461744785309,0.3214285969734192,splits_nonliving26_CDANN_3_0_b09dc755c62e.npz,b09dc755c62e,False,False,,,,,,,0.8149456321884119,accuracy_vs_baselines,logits,IW residual DIS2 | W=5 | seed=0 (plug-in),True,
iw_residual_dis2,5.0,0.0,11745.0,35070.0,2938.0,8768.0,0.6388699795779442,0.0,1.0,1.3752713203430176,0.5,0.5,0.5431007146835327,0.24704568088054657,,,,,0.3477126161235499,0.0,2938.0,0.0,8768.0,0.0,ok,plugin,False,,2928.57190049212,2803.9752075361216,1.9233309087236736,0.9926772360639708,1.3669665766860113,,0.0,0.3477126161235499,0.65228738387645,0.65228738387645,False,,,,,,,fmow,1,DANN,logits,62.0,0.6519370079040527,0.6519370079040527,0.6103222370147705,0.6077782511711121,splits_fmow_DANN_1_0_b09dc755c62e.npz,b09dc755c62e,False,False,,,,,,,0.65228738387645,accuracy_vs_baselines,logits,IW residual DIS2 | W=5 | seed=0 (plug-in),True,
iw_residual_dis2,5.0,0.0,11745.0,39088.0,2938.0,9774.0,0.6344452008168822,0.0,1.0,1.2399344444274902,0.5,0.5,0.5546964406967163,0.24482622742652893,,,,,0.3673036530978637,0.0,2938.0,0.0,9774.0,0.0,ok,plugin,False,,2945.117958133911,2704.468852578369,2.6627065634701013,0.9760132760988952,1.5307993979399945,,0.0,0.3673036530978637,0.6326963469021363,0.6326963469021363,False,,,,,,,fmow,2,DANN,logits,62.0,0.6504895687103271,0.6504895687103271,0.5482756495475769,0.5545324683189392,splits_fmow_DANN_2_0_b09dc755c62e.npz,b09dc755c62e,False,False,,,,,,,0.6326963469021363,accuracy_vs_baselines,logits,IW residual DIS2 | W=5 | seed=0 (plug-in),True,
iw_residual_dis2,5.0,0.0,11745.0,35070.0,2938.0,8768.0,0.6466984343090538,0.0,1.0,1.8349958658218384,0.5,0.5,0.5341331958770752,0.24863222241401672,,,,,0.3426043167961404,0.0,2938.0,0.0,8768.0,0.0,ok,plugin,False,,2918.0342649050135,2868.1767215168447,1.6569677801272777,0.9914839096654237,1.25340373746778,,0.0,0.3426043167961404,0.6573956832038597,0.6573956832038597,False,,,,,,,fmow,1,CDANN,logits,62.0,0.6558535695075989,0.6558535695075989,0.605617344379425,0.6010492444038391,splits_fmow_CDANN_1_0_b09dc755c62e.npz,b09dc755c62e,False,False,,,,,,,0.6573956832038597,accuracy_vs_baselines,logits,IW residual DIS2 | W=5 | seed=0 (plug-in),True,
iw_residual_dis2,5.0,0.0,11745.0,39088.0,2938.0,9774.0,0.6446562287270252,0.0,1.0,1.397735834121704,0.5,0.5,0.5392557382583618,0.2475474327802658,,,,,0.35233544391650923,0.0,2938.0,0.0,9774.0,0.0,ok,plugin,False,,2931.536540979115,2811.918477682402,2.168086261684489,0.9778363162302368,1.3653721103842063,,0.0,0.35233544391650923,0.6476645560834908,0.6476645560834908,False,,,,,,,fmow,2,CDANN,logits,62.0,0.6548318862915039,0.6548318862915039,0.5420845150947571,0.5445058345794678,splits_fmow_CDANN_2_0_b09dc755c62e.npz,b09dc755c62e,False,False,,,,,,,0.6476645560834908,accuracy_vs_baselines,logits,IW residual DIS2 | W=5 | seed=0 (plug-in),True,
iw_residual_dis2,5.0,0.0,731.0,898.0,184.0,227.0,0.9239130434782609,0.0,1.0,54.598148345947266,0.5,0.5,0.516776978969574,0.2501116991043091,,,,,0.07597543998111349,0.0,184.0,0.0,227.0,0.0,ok,plugin,False,,184.23525362979393,183.901066334617,1.0869976501999623,1.000905368661038,1.040020008602836,,0.0,0.07597543998111349,0.9240245600188866,0.9240245600188866,False,,,,,,,officehome,1,DANN,logits,65.0,0.922024667263031,0.922024667263031,0.7193763852119446,0.7268722057342529,splits_officehome_DANN_1_0_b09dc755c62e.npz,b09dc755c62e,False,False,,,,,,,0.9240245600188866,accuracy_vs_baselines,logits,IW residual DIS2 | W=5 | seed=0 (plug-in),True,
iw_residual_dis2,5.0,0.0,731.0,893.0,184.0,226.0,0.9021739130434783,0.0,1.0,2.617790937423706,0.5,0.5,0.5187009572982788,0.24238869547843933,,,,,0.1047238546381186,0.0,184.0,0.0,226.0,0.0,ok,plugin,False,,189.17538739620767,165.6582071028345,2.388911781376032,0.9793994916700876,1.6431432429612796,,0.0,0.1047238546381186,0.8952761453618814,0.8952761453618814,False,,,,,,,officehome,2,DANN,logits,65.0,0.915184736251831,0.915184736251831,0.44904816150665283,0.45132744312286377,splits_officehome_DANN_2_0_b09dc755c62e.npz,b09dc755c62e,False,False,,,,,,,0.8952761453618814,accuracy_vs_baselines,logits,IW residual DIS2 | W=5 | seed=0 (plug-in),True,
iw_residual_dis2,5.0,0.0,731.0,507.0,184.0,128.0,0.9130434782608696,0.0,1.0,26.049518585205078,0.5,0.5,0.5082191228866577,0.2497924417257309,,,,,0.0866913116969914,0.0,184.0,0.0,128.0,0.0,ok,plugin,False,,182.3591993506694,183.39954003699063,1.1721688523178841,0.9901303451797778,1.0828212096182739,,0.0,0.0866913116969914,0.9133086883030086,0.9133086883030086,False,,,,,,,officehome,3,DANN,logits,65.0,0.9056087732315063,0.9056087732315063,0.5364891290664673,0.5625,splits_officehome_DANN_3_0_b09dc755c62e.npz,b09dc755c62e,False,False,,,,,,,0.9133086883030086,accuracy_vs_baselines,logits,IW residual DIS2 | W=5 | seed=0 (plug-in),True,
iw_residual_dis2,5.0,0.0,731.0,898.0,184.0,227.0,0.9130434782608696,0.0,1.0,3.740297317504883,0.5,0.5,0.5397875905036926,0.2456914186477661,,,,,0.07922430429060734,0.0,184.0,0.0,227.0,0.0,ok,plugin,False,,176.71139699383244,170.32358066596655,2.5656595081163878,0.9125769084305496,1.3868866457095406,,0.0,0.07922430429060734,0.9207756957093927,0.9207756957093927,False,,,,,,,officehome,1,CDANN,logits,65.0,0.9138167500495911,0.9138167500495911,0.730512261390686,0.7488986253738403,splits_officehome_CDANN_1_0_b09dc755c62e.npz,b09dc755c62e,False,False,,,,,,,0.9207756957093927,accuracy_vs_baselines,logits,IW residual DIS2 | W=5 | seed=0 (plug-in),True,
iw_residual_dis2,5.0,0.0,731.0,893.0,184.0,226.0,0.8913043478260869,0.0,1.0,0.9094792604446411,0.5,0.5,0.7025550603866577,0.18405568599700928,4.0,60.0,3.0,36.0,0.11009206683309349,0.18141592920353983,180.0,4.0,185.0,41.0,ok,plugin,False,,134.44369971467955,77.5381490184207,4.517133568803152,0.42196123582124295,2.6154076527305805,0.8536585365853658,0.0641592920353982,0.1742513588684917,0.8257486411315083,0.8257486411315083,False,0.0,4.0,0.611111044883728,0.3333333432674408,0.9444444179534912,"[{'epoch': 0, 'best_score': 0.611111044883728}, {'epoch': 1, 'best_score': 0.611111044883728}, {'epoch': 2, 'best_score': 0.611111044883728}, {'epoch': 3, 'best_score': 0.5833333730697632}, {'epoch': 4, 'best_score': 0.5555555820465088}, {'epoch': 5, 'best_score': 0.5555555820465088}, {'epoch': 6, 'best_score': 0.4444444477558136}, {'epoch': 7, 'best_score': 0.4444444477558136}, {'epoch': 8, 'best_score': 0.4444444477558136}, {'epoch': 9, 'best_score': 0.4444444477558136}, {'epoch': 10, 'best_score': 0.4444444477558136}, {'epoch': 11, 'best_score': 0.4444444477558136}, {'epoch': 12, 'best_score': 0.4444444477558136}, {'epoch': 13, 'best_score': 0.1944444179534912}, {'epoch': 14, 'best_score': 0.1944444179534912}, {'epoch': 15, 'best_score': 0.1944444179534912}, {'epoch': 16, 'best_score': 0.1944444179534912}, {'epoch': 17, 'best_score': 0.16666662693023682}, {'epoch': 18, 'best_score': 0.16666662693023682}, {'epoch': 19, 'best_score': 0.16666662693023682}, {'epoch': 20, 'best_score': 0.16666662693023682}, {'epoch': 21, 'best_score': 0.1944444179534912}, {'epoch': 22, 'best_score': 0.1944444179534912}, {'epoch': 23, 'best_score': 0.1944444179534912}, {'epoch': 24, 'best_score': 0.1944444179534912}, {'epoch': 25, 'best_score': 0.2222222089767456}, {'epoch': 26, 'best_score': 0.2222222089767456}, {'epoch': 27, 'best_score': 0.2222222089767456}, {'epoch': 28, 'best_score': 0.2222222089767456}, {'epoch': 29, 'best_score': 0.2222222089767456}, {'epoch': 30, 'best_score': 0.25}, {'epoch': 31, 'best_score': 0.25}, {'epoch': 32, 'best_score': 0.25}, {'epoch': 33, 'best_score': 0.25}, {'epoch': 34, 'best_score': 0.25}, {'epoch': 35, 'best_score': 0.25}, {'epoch': 36, 'best_score': 0.25}, {'epoch': 37, 'best_score': 0.25}, {'epoch': 38, 'best_score': 0.25}, {'epoch': 39, 'best_score': 0.25}, {'epoch': 40, 'best_score': 0.25}, {'epoch': 41, 'best_score': 0.25}, {'epoch': 42, 'best_score': 0.25}, {'epoch': 43, 'best_score': 0.25}, {'epoch': 44, 'best_score': 0.25}, {'epoch': 45, 'best_score': 0.25}, {'epoch': 46, 'best_score': 0.25}, {'epoch': 47, 'best_score': 0.25}, {'epoch': 48, 'best_score': 0.25}, {'epoch': 49, 'best_score': 0.25}]",officehome,2,CDANN,logits,65.0,0.9015048146247864,0.9015048146247864,0.4501679837703705,0.45132744312286377,splits_officehome_CDANN_2_0_b09dc755c62e.npz,b09dc755c62e,False,False,0.25,0.75,0.10365853658536583,,,,0.8257486411315083,accuracy_vs_baselines,logits,IW residual DIS2 | W=5 | seed=0 (plug-in),True,
iw_residual_dis2,5.0,0.0,731.0,507.0,184.0,128.0,0.9130434782608696,0.0,1.0,1.5892244577407837,0.5,0.5,0.7230136394500732,0.19719639420509338,4.0,15.0,1.0,8.0,0.07212526864022711,0.109375,179.0,5.0,114.0,14.0,ok,plugin,False,,144.23395902188918,99.68640523384981,4.438670191682302,0.5524659738709136,2.1942672283823605,1.0,0.021874999999999995,0.0940002686402271,0.9059997313597729,0.9059997313597729,False,0.0,4.0,1.0,0.0,1.0,"[{'epoch': 0, 'best_score': 1.0}, {'epoch': 1, 'best_score': 1.0}, {'epoch': 2, 'best_score': 0.0}, {'epoch': 3, 'best_score': 0.0}, {'epoch': 4, 'best_score': 0.0}, {'epoch': 5, 'best_score': 0.0}, {'epoch': 6, 'best_score': 0.0}, {'epoch': 7, 'best_score': 0.0}, {'epoch': 8, 'best_score': 0.0}, {'epoch': 9, 'best_score': 0.0}, {'epoch': 10, 'best_score': 0.0}, {'epoch': 11, 'best_score': 0.0}, {'epoch': 12, 'best_score': 0.0}, {'epoch': 13, 'best_score': 0.0}, {'epoch': 14, 'best_score': 0.0}, {'epoch': 15, 'best_score': 0.0}, {'epoch': 16, 'best_score': 0.0}, {'epoch': 17, 'best_score': 0.0}, {'epoch': 18, 'best_score': 0.0}, {'epoch': 19, 'best_score': 0.0}, {'epoch': 20, 'best_score': 0.0}, {'epoch': 21, 'best_score': 0.0}, {'epoch': 22, 'best_score': 0.0}, {'epoch': 23, 'best_score': 0.0}, {'epoch': 24, 'best_score': 0.0}, {'epoch': 25, 'best_score': 0.0}, {'epoch': 26, 'best_score': 0.0}, {'epoch': 27, 'best_score': 0.0}, {'epoch': 28, 'best_score': 0.0}, {'epoch': 29, 'best_score': 0.0}, {'epoch': 30, 'best_score': 0.0}, {'epoch': 31, 'best_score': 0.0}, {'epoch': 32, 'best_score': 0.0}, {'epoch': 33, 'best_score': 0.0}, {'epoch': 34, 'best_score': 0.0}, {'epoch': 35, 'best_score': 0.0}, {'epoch': 36, 'best_score': 0.0}, {'epoch': 37, 'best_score': 0.0}, {'epoch': 38, 'best_score': 0.0}, {'epoch': 39, 'best_score': 0.0}, {'epoch': 40, 'best_score': 0.0}, {'epoch': 41, 'best_score': 0.0}, {'epoch': 42, 'best_score': 0.0}, {'epoch': 43, 'best_score': 0.0}, {'epoch': 44, 'best_score': 0.0}, {'epoch': 45, 'best_score': 0.0}, {'epoch': 46, 'best_score': 0.0}, {'epoch': 47, 'best_score': 0.0}, {'epoch': 48, 'best_score': 0.0}, {'epoch': 49, 'best_score': 0.0}]",officehome,3,CDANN,logits,65.0,0.9138167500495911,0.9138167500495911,0.5364891290664673,0.5546875,splits_officehome_CDANN_3_0_b09dc755c62e.npz,b09dc755c62e,False,False,0.0,0.8,0.19999999999999996,,,,0.9059997313597729,accuracy_vs_baselines,logits,IW residual DIS2 | W=5 | seed=0 (plug-in),True,
iw_residual_dis2,5.0,0.0,24387.0,11083.0,6098.0,2773.0,0.9996720236142997,0.0,1.0,1.103917121887207,0.5,0.5,0.5366796851158142,0.24356462061405182,,,,,0.0003478814768960747,0.0,6098.0,0.0,2773.0,0.0,ok,plugin,False,,6073.6836341286435,5647.976278097956,2.2187844785412723,1.027865835775882,1.412643354233495,,0.0,0.0003478814768960747,0.9996521185231039,0.9996521185231039,False,,,,,,,visda,1,DANN,logits,12.0,0.9995489120483398,0.9995489120483398,0.6463051438331604,0.6473133563995361,splits_visda_DANN_1_0_b09dc755c62e.npz,b09dc755c62e,False,False,,,,,,,0.9996521185231039,accuracy_vs_baselines,logits,IW residual DIS2 | W=5 | seed=0 (plug-in),True,
iw_residual_dis2,5.0,0.0,24387.0,14480.0,6098.0,3620.0,0.9998360118071499,0.0,1.0,1.1729421615600586,0.5,0.5,0.5155367255210876,0.2474791258573532,,,,,0.00013220363228841735,0.0,6098.0,0.0,3620.0,0.0,ok,plugin,False,,6047.994793016202,5861.641585157652,1.8560237065244103,1.0046716018467086,1.2874000425530676,,0.0,0.00013220363228841735,0.9998677963677116,0.9998677963677116,False,,,,,,,visda,2,DANN,logits,12.0,0.9997539520263672,0.9997539520263672,0.6546961069107056,0.6544198393821716,splits_visda_DANN_2_0_b09dc755c62e.npz,b09dc755c62e,False,False,,,,,,,0.9998677963677116,accuracy_vs_baselines,logits,IW residual DIS2 | W=5 | seed=0 (plug-in),True,
iw_residual_dis2,5.0,0.0,24387.0,11083.0,6098.0,2773.0,0.9993440472285995,0.0,1.0,1.0816693305969238,0.5,0.5,0.5883632302284241,0.23713639378547668,,,,,0.0006075275846938084,0.0,6098.0,0.0,2773.0,0.0,ok,plugin,False,,6205.517631960752,4894.93748242446,3.9349725188811195,0.9712806514027115,1.913685159336328,,0.0,0.0006075275846938084,0.9993924724153062,0.9993924724153062,False,,,,,,,visda,1,CDANN,logits,12.0,0.9990978837013245,0.9990978837013245,0.6784264445304871,0.6693112254142761,splits_visda_CDANN_1_0_b09dc755c62e.npz,b09dc755c62e,False,False,,,,,,,0.9993924724153062,accuracy_vs_baselines,logits,IW residual DIS2 | W=5 | seed=0 (plug-in),True,
iw_residual_dis2,5.0,0.0,24387.0,14480.0,6098.0,3620.0,0.9995080354214496,0.0,1.0,1.0941133499145508,0.5,0.5,0.5705632567405701,0.2445169985294342,,,,,0.0005399659901547661,0.0,6098.0,0.0,3620.0,0.0,ok,plugin,False,,6124.252040778667,5595.320055965113,2.110154681443745,1.0033479437708315,1.5106367037466188,,0.0,0.0005399659901547661,0.9994600340098453,0.9994600340098453,False,,,,,,,visda,2,CDANN,logits,12.0,0.9995899200439453,0.9995899200439453,0.7107734680175781,0.7140883803367615,splits_visda_CDANN_2_0_b09dc755c62e.npz,b09dc755c62e,False,False,,,,,,,0.9994600340098453,accuracy_vs_baselines,logits,IW residual DIS2 | W=5 | seed=0 (plug-in),True,
ATC_NE,,,,,,,,,,,,,,,,,,,,,,,,,ok,,,,,,,,,,,,,0.8356508612632751,,,,,,,,entity13,1,DANN,,,0.905846118927002,,0.7318307161331177,,,,False,,,,,,,,0.8356508612632751,accuracy_vs_baselines,logits,ATC (neg. entropy),True,source
ATC_NE,,,,,,,,,,,,,,,,,,,,,,,,,ok,,,,,,,,,,,,,0.8396497964859009,,,,,,,,entity13,1,CDANN,,,0.9096922874450684,,0.7354357838630676,,,,False,,,,,,,,0.8396497964859009,accuracy_vs_baselines,logits,ATC (neg. entropy),True,source
ATC_NE,,,,,,,,,,,,,,,,,,,,,,,,,ok,,,,,,,,,,,,,0.8500000238418579,,,,,,,,entity13,2,DANN,,,0.9129230380058289,,0.8615384697914124,,,,True,,,,,,,,0.8500000238418579,accuracy_vs_baselines,logits,ATC (neg. entropy),True,source
ATC_NE,,,,,,,,,,,,,,,,,,,,,,,,,ok,,,,,,,,,,,,,0.8346154093742371,,,,,,,,entity13,2,CDANN,,,0.9081538319587708,,0.8423076868057251,,,,True,,,,,,,,0.8346154093742371,accuracy_vs_baselines,logits,ATC (neg. entropy),True,source
ATC_NE,,,,,,,,,,,,,,,,,,,,,,,,,ok,,,,,,,,,,,,,0.7576923370361328,,,,,,,,entity13,3,DANN,,,0.907076895236969,,0.6653845906257629,,,,False,,,,,,,,0.7576923370361328,accuracy_vs_baselines,logits,ATC (neg. entropy),True,source
ATC_NE,,,,,,,,,,,,,,,,,,,,,,,,,ok,,,,,,,,,,,,,0.7807692289352417,,,,,,,,entity13,3,CDANN,,,0.9061538577079773,,0.6653845906257629,,,,False,,,,,,,,0.7807692289352417,accuracy_vs_baselines,logits,ATC (neg. entropy),True,source
ATC_NE,,,,,,,,,,,,,,,,,,,,,,,,,ok,,,,,,,,,,,,,0.7190865278244019,,,,,,,,entity30,1,DANN,,,0.8550000190734863,,0.6190800070762634,,,,False,,,,,,,,0.7190865278244019,accuracy_vs_baselines,logits,ATC (neg. entropy),True,source
ATC_NE,,,,,,,,,,,,,,,,,,,,,,,,,ok,,,,,,,,,,,,,0.7274230718612671,,,,,,,,entity30,1,CDANN,,,0.8611666560173035,,0.627903163433075,,,,False,,,,,,,,0.7274230718612671,accuracy_vs_baselines,logits,ATC (neg. entropy),True,source
ATC_NE,,,,,,,,,,,,,,,,,,,,,,,,,ok,,,,,,,,,,,,,0.8458333611488342,,,,,,,,entity30,2,DANN,,,0.8646666407585144,,0.7875000238418579,,,,False,,,,,,,,0.8458333611488342,accuracy_vs_baselines,logits,ATC (neg. entropy),True,source
ATC_NE,,,,,,,,,,,,,,,,,,,,,,,,,ok,,,,,,,,,,,,,0.8208333849906921,,,,,,,,entity30,2,CDANN,,,0.8646666407585144,,0.8125000596046448,,,,False,,,,,,,,0.8208333849906921,accuracy_vs_baselines,logits,ATC (neg. entropy),True,source
ATC_NE,,,,,,,,,,,,,,,,,,,,,,,,,ok,,,,,,,,,,,,,0.6250000596046448,,,,,,,,entity30,3,DANN,,,0.8636666536331177,,0.5708333849906921,,,,False,,,,,,,,0.6250000596046448,accuracy_vs_baselines,logits,ATC (neg. entropy),True,source
ATC_NE,,,,,,,,,,,,,,,,,,,,,,,,,ok,,,,,,,,,,,,,0.6291667222976685,,,,,,,,entity30,3,CDANN,,,0.8573333024978638,,0.5625,,,,False,,,,,,,,0.6291667222976685,accuracy_vs_baselines,logits,ATC (neg. entropy),True,source
ATC_NE,,,,,,,,,,,,,,,,,,,,,,,,,ok,,,,,,,,,,,,,0.8840000629425049,,,,,,,,cifar10,1,DANN,,,0.9508999586105347,,0.8440000414848328,,,,False,,,,,,,,0.8840000629425049,accuracy_vs_baselines,logits,ATC (neg. entropy),True,source
ATC_NE,,,,,,,,,,,,,,,,,,,,,,,,,ok,,,,,,,,,,,,,0.8915000557899475,,,,,,,,cifar10,1,CDANN,,,0.949999988079071,,0.846500039100647,,,,False,,,,,,,,0.8915000557899475,accuracy_vs_baselines,logits,ATC (neg. entropy),True,source
ATC_NE,,,,,,,,,,,,,,,,,,,,,,,,,ok,,,,,,,,,,,,,0.9300000667572021,,,,,,,,cifar10,10,DANN,,,0.9477999806404114,,0.924500048160553,,,,False,,,,,,,,0.9300000667572021,accuracy_vs_baselines,logits,ATC (neg. entropy),True,source
ATC_NE,,,,,,,,,,,,,,,,,,,,,,,,,ok,,,,,,,,,,,,,0.9310000538825989,,,,,,,,cifar10,10,CDANN,,,0.948699951171875,,0.9160000681877136,,,,False,,,,,,,,0.9310000538825989,accuracy_vs_baselines,logits,ATC (neg. entropy),True,source
ATC_NE,,,,,,,,,,,,,,,,,,,,,,,,,ok,,,,,,,,,,,,,0.9270000457763672,,,,,,,,cifar10,71,DANN,,,0.9487999677658081,,0.9305000305175781,,,,True,,,,,,,,0.9270000457763672,accuracy_vs_baselines,logits,ATC (neg. entropy),True,source
ATC_NE,,,,,,,,,,,,,,,,,,,,,,,,,ok,,,,,,,,,,,,,0.9350000619888306,,,,,,,,cifar10,71,CDANN,,,0.9511999487876892,,0.9280000329017639,,,,False,,,,,,,,0.9350000619888306,accuracy_vs_baselines,logits,ATC (neg. entropy),True,source
ATC_NE,,,,,,,,,,,,,,,,,,,,,,,,,ok,,,,,,,,,,,,,0.937000036239624,,,,,,,,cifar10,95,DANN,,,0.9515999555587769,,0.9390000700950623,,,,True,,,,,,,,0.937000036239624,accuracy_vs_baselines,logits,ATC (neg. entropy),True,source
ATC_NE,,,,,,,,,,,,,,,,,,,,,,,,,ok,,,,,,,,,,,,,0.9355000257492065,,,,,,,,cifar10,95,CDANN,,,0.9526000022888184,,0.9355000257492065,,,,True,,,,,,,,0.9355000257492065,accuracy_vs_baselines,logits,ATC (neg. entropy),True,source
ATC_NE,,,,,,,,,,,,,,,,,,,,,,,,,ok,,,,,,,,,,,,,0.7415000200271606,,,,,,,,cifar100,4,DANN,,,0.7841999530792236,,0.7440000176429749,,,,True,,,,,,,,0.7415000200271606,accuracy_vs_baselines,logits,ATC (neg. entropy),True,source
ATC_NE,,,,,,,,,,,,,,,,,,,,,,,,,ok,,,,,,,,,,,,,0.7275000214576721,,,,,,,,cifar100,4,CDANN,,,0.7849999666213989,,0.7275000214576721,,,,True,,,,,,,,0.7275000214576721,accuracy_vs_baselines,logits,ATC (neg. entropy),True,source
ATC_NE,,,,,,,,,,,,,,,,,,,,,,,,,ok,,,,,,,,,,,,,0.7360000610351562,,,,,,,,cifar100,12,DANN,,,0.7831999659538269,,0.7545000314712524,,,,True,,,,,,,,0.7360000610351562,accuracy_vs_baselines,logits,ATC (neg. entropy),True,source
ATC_NE,,,,,,,,,,,,,,,,,,,,,,,,,ok,,,,,,,,,,,,,0.7450000643730164,,,,,,,,cifar100,12,CDANN,,,0.7858999967575073,,0.7480000257492065,,,,True,,,,,,,,0.7450000643730164,accuracy_vs_baselines,logits,ATC (neg. entropy),True,source
ATC_NE,,,,,,,,,,,,,,,,,,,,,,,,,ok,,,,,,,,,,,,,0.7725000381469727,,,,,,,,cifar100,59,DANN,,,0.7841999530792236,,0.7585000395774841,,,,False,,,,,,,,0.7725000381469727,accuracy_vs_baselines,logits,ATC (neg. entropy),True,source
ATC_NE,,,,,,,,,,,,,,,,,,,,,,,,,ok,,,,,,,,,,,,,0.7715000510215759,,,,,,,,cifar100,59,CDANN,,,0.7870000004768372,,0.7580000162124634,,,,False,,,,,,,,0.7715000510215759,accuracy_vs_baselines,logits,ATC (neg. entropy),True,source
ATC_NE,,,,,,,,,,,,,,,,,,,,,,,,,ok,,,,,,,,,,,,,0.7875000238418579,,,,,,,,cifar100,82,DANN,,,0.7861999869346619,,0.7695000171661377,,,,False,,,,,,,,0.7875000238418579,accuracy_vs_baselines,logits,ATC (neg. entropy),True,source
ATC_NE,,,,,,,,,,,,,,,,,,,,,,,,,ok,,,,,,,,,,,,,0.7695000171661377,,,,,,,,cifar100,82,CDANN,,,0.7872999906539917,,0.7635000348091125,,,,False,,,,,,,,0.7695000171661377,accuracy_vs_baselines,logits,ATC (neg. entropy),True,source
ATC_NE,,,,,,,,,,,,,,,,,,,,,,,,,ok,,,,,,,,,,,,,0.5667003393173218,,,,,,,,domainnet,1,DANN,,,0.8072605729103088,,0.465893030166626,,,,False,,,,,,,,0.5667003393173218,accuracy_vs_baselines,logits,ATC (neg. entropy),True,source
ATC_NE,,,,,,,,,,,,,,,,,,,,,,,,,ok,,,,,,,,,,,,,0.554793119430542,,,,,,,,domainnet,1,CDANN,,,0.8055910468101501,,0.5121089816093445,,,,False,,,,,,,,0.554793119430542,accuracy_vs_baselines,logits,ATC (neg. entropy),True,source
ATC_NE,,,,,,,,,,,,,,,,,,,,,,,,,ok,,,,,,,,,,,,,0.5351587533950806,,,,,,,,domainnet,2,DANN,,,0.8101378083229065,,0.38572534918785095,,,,False,,,,,,,,0.5351587533950806,accuracy_vs_baselines,logits,ATC (neg. entropy),True,source
ATC_NE,,,,,,,,,,,,,,,,,,,,,,,,,ok,,,,,,,,,,,,,0.5218554139137268,,,,,,,,domainnet,2,CDANN,,,0.8071539998054504,,0.42063772678375244,,,,False,,,,,,,,0.5218554139137268,accuracy_vs_baselines,logits,ATC (neg. entropy),True,source
ATC_NE,,,,,,,,,,,,,,,,,,,,,,,,,ok,,,,,,,,,,,,,0.5590716004371643,,,,,,,,domainnet,3,DANN,,,0.8096050024032593,,0.4719189405441284,,,,False,,,,,,,,0.5590716004371643,accuracy_vs_baselines,logits,ATC (neg. entropy),True,source
ATC_NE,,,,,,,,,,,,,,,,,,,,,,,,,ok,,,,,,,,,,,,,0.5656096935272217,,,,,,,,domainnet,3,CDANN,,,0.8074381947517395,,0.49369075894355774,,,,False,,,,,,,,0.5656096935272217,accuracy_vs_baselines,logits,ATC (neg. entropy),True,source
ATC_NE,,,,,,,,,,,,,,,,,,,,,,,,,ok,,,,,,,,,,,,,0.812358021736145,,,,,,,,living17,1,DANN,,,0.8994117379188538,,0.6758291721343994,,,,False,,,,,,,,0.812358021736145,accuracy_vs_baselines,logits,ATC (neg. entropy),True,source
ATC_NE,,,,,,,,,,,,,,,,,,,,,,,,,ok,,,,,,,,,,,,,0.8137210607528687,,,,,,,,living17,1,CDANN,,,0.9052940607070923,,0.6863925457000732,,,,False,,,,,,,,0.8137210607528687,accuracy_vs_baselines,logits,ATC (neg. entropy),True,source
ATC_NE,,,,,,,,,,,,,,,,,,,,,,,,,ok,,,,,,,,,,,,,0.8529411554336548,,,,,,,,living17,2,DANN,,,0.9094117283821106,,0.8970588445663452,,,,True,,,,,,,,0.8529411554336548,accuracy_vs_baselines,logits,ATC (neg. entropy),True,source
ATC_NE,,,,,,,,,,,,,,,,,,,,,,,,,ok,,,,,,,,,,,,,0.8970588445663452,,,,,,,,living17,2,CDANN,,,0.9094117283821106,,0.8676470518112183,,,,False,,,,,,,,0.8970588445663452,accuracy_vs_baselines,logits,ATC (neg. entropy),True,source
ATC_NE,,,,,,,,,,,,,,,,,,,,,,,,,ok,,,,,,,,,,,,,0.8382353186607361,,,,,,,,living17,3,DANN,,,0.9052940607070923,,0.5882353186607361,,,,False,,,,,,,,0.8382353186607361,accuracy_vs_baselines,logits,ATC (neg. entropy),True,source
ATC_NE,,,,,,,,,,,,,,,,,,,,,,,,,ok,,,,,,,,,,,,,0.7352941036224365,,,,,,,,living17,3,CDANN,,,0.9052940607070923,,0.5588235259056091,,,,False,,,,,,,,0.7352941036224365,accuracy_vs_baselines,logits,ATC (neg. entropy),True,source
ATC_NE,,,,,,,,,,,,,,,,,,,,,,,,,ok,,,,,,,,,,,,,0.6881493330001831,,,,,,,,nonliving26,1,DANN,,,0.8126922845840454,,0.5122722387313843,,,,False,,,,,,,,0.6881493330001831,accuracy_vs_baselines,logits,ATC (neg. entropy),True,source
ATC_NE,,,,,,,,,,,,,,,,,,,,,,,,,ok,,,,,,,,,,,,,0.7080258727073669,,,,,,,,nonliving26,1,CDANN,,,0.8176922798156738,,0.5332028269767761,,,,False,,,,,,,,0.7080258727073669,accuracy_vs_baselines,logits,ATC (neg. entropy),True,source
ATC_NE,,,,,,,,,,,,,,,,,,,,,,,,,ok,,,,,,,,,,,,,0.817307710647583,,,,,,,,nonliving26,2,DANN,,,0.8176922798156738,,0.75,,,,False,,,,,,,,0.817307710647583,accuracy_vs_baselines,logits,ATC (neg. entropy),True,source
ATC_NE,,,,,,,,,,,,,,,,,,,,,,,,,ok,,,,,,,,,,,,,0.759615421295166,,,,,,,,nonliving26,2,CDANN,,,0.8165384531021118,,0.7692307829856873,,,,True,,,,,,,,0.759615421295166,accuracy_vs_baselines,logits,ATC (neg. entropy),True,source
ATC_NE,,,,,,,,,,,,,,,,,,,,,,,,,ok,,,,,,,,,,,,,0.634615421295166,,,,,,,,nonliving26,3,DANN,,,0.8146153688430786,,0.4038461744785309,,,,False,,,,,,,,0.634615421295166,accuracy_vs_baselines,logits,ATC (neg. entropy),True,source
ATC_NE,,,,,,,,,,,,,,,,,,,,,,,,,ok,,,,,,,,,,,,,0.567307710647583,,,,,,,,nonliving26,3,CDANN,,,0.822692334651947,,0.4038461744785309,,,,False,,,,,,,,0.567307710647583,accuracy_vs_baselines,logits,ATC (neg. entropy),True,source
ATC_NE,,,,,,,,,,,,,,,,,,,,,,,,,ok,,,,,,,,,,,,,0.6295409202575684,,,,,,,,fmow,1,DANN,,,0.6519370079040527,,0.6103222370147705,,,,False,,,,,,,,0.6295409202575684,accuracy_vs_baselines,logits,ATC (neg. entropy),True,source
ATC_NE,,,,,,,,,,,,,,,,,,,,,,,,,ok,,,,,,,,,,,,,0.6359566450119019,,,,,,,,fmow,1,CDANN,,,0.6558535695075989,,0.605617344379425,,,,False,,,,,,,,0.6359566450119019,accuracy_vs_baselines,logits,ATC (neg. entropy),True,source
ATC_NE,,,,,,,,,,,,,,,,,,,,,,,,,ok,,,,,,,,,,,,,0.5853714346885681,,,,,,,,fmow,2,DANN,,,0.6504895687103271,,0.5482756495475769,,,,False,,,,,,,,0.5853714346885681,accuracy_vs_baselines,logits,ATC (neg. entropy),True,source
ATC_NE,,,,,,,,,,,,,,,,,,,,,,,,,ok,,,,,,,,,,,,,0.5780546069145203,,,,,,,,fmow,2,CDANN,,,0.6548318862915039,,0.5420845150947571,,,,False,,,,,,,,0.5780546069145203,accuracy_vs_baselines,logits,ATC (neg. entropy),True,source
ATC_NE,,,,,,,,,,,,,,,,,,,,,,,,,ok,,,,,,,,,,,,,0.6781737208366394,,,,,,,,officehome,1,DANN,,,0.922024667263031,,0.7193763852119446,,,,True,,,,,,,,0.6781737208366394,accuracy_vs_baselines,logits,ATC (neg. entropy),True,source
ATC_NE,,,,,,,,,,,,,,,,,,,,,,,,,ok,,,,,,,,,,,,,0.7828508019447327,,,,,,,,officehome,1,CDANN,,,0.9138167500495911,,0.730512261390686,,,,False,,,,,,,,0.7828508019447327,accuracy_vs_baselines,logits,ATC (neg. entropy),True,source
ATC_NE,,,,,,,,,,,,,,,,,,,,,,,,,ok,,,,,,,,,,,,,0.6024636030197144,,,,,,,,officehome,2,DANN,,,0.915184736251831,,0.44904816150665283,,,,False,,,,,,,,0.6024636030197144,accuracy_vs_baselines,logits,ATC (neg. entropy),True,source
ATC_NE,,,,,,,,,,,,,,,,,,,,,,,,,ok,,,,,,,,,,,,,0.650615930557251,,,,,,,,officehome,2,CDANN,,,0.9015048146247864,,0.4501679837703705,,,,False,,,,,,,,0.650615930557251,accuracy_vs_baselines,logits,ATC (neg. entropy),True,source
ATC_NE,,,,,,,,,,,,,,,,,,,,,,,,,ok,,,,,,,,,,,,,0.5384615659713745,,,,,,,,officehome,3,DANN,,,0.9056087732315063,,0.5364891290664673,,,,False,,,,,,,,0.5384615659713745,accuracy_vs_baselines,logits,ATC (neg. entropy),True,source
ATC_NE,,,,,,,,,,,,,,,,,,,,,,,,,ok,,,,,,,,,,,,,0.7199211120605469,,,,,,,,officehome,3,CDANN,,,0.9138167500495911,,0.5364891290664673,,,,False,,,,,,,,0.7199211120605469,accuracy_vs_baselines,logits,ATC (neg. entropy),True,source
ATC_NE,,,,,,,,,,,,,,,,,,,,,,,,,ok,,,,,,,,,,,,,0.9158170223236084,,,,,,,,visda,1,DANN,,,0.9995489120483398,,0.6463051438331604,,,,False,,,,,,,,0.9158170223236084,accuracy_vs_baselines,logits,ATC (neg. entropy),True,source
ATC_NE,,,,,,,,,,,,,,,,,,,,,,,,,ok,,,,,,,,,,,,,0.9621943235397339,,,,,,,,visda,1,CDANN,,,0.9990978837013245,,0.6784264445304871,,,,False,,,,,,,,0.9621943235397339,accuracy_vs_baselines,logits,ATC (neg. entropy),True,source
ATC_NE,,,,,,,,,,,,,,,,,,,,,,,,,ok,,,,,,,,,,,,,0.9194750785827637,,,,,,,,visda,2,DANN,,,0.9997539520263672,,0.6546961069107056,,,,False,,,,,,,,0.9194750785827637,accuracy_vs_baselines,logits,ATC (neg. entropy),True,source
ATC_NE,,,,,,,,,,,,,,,,,,,,,,,,,ok,,,,,,,,,,,,,0.9590469002723694,,,,,,,,visda,2,CDANN,,,0.9995899200439453,,0.7107734680175781,,,,False,,,,,,,,0.9590469002723694,accuracy_vs_baselines,logits,ATC (neg. entropy),True,source
COT,,,,,,,,,,,,,,,,,,,,,,,,,ok,,,,,,,,,,,,,0.8457530587911606,,,,,,,,entity13,1,DANN,,,0.905846118927002,,0.7318307161331177,,,,False,,,,,,,,0.8457530587911606,accuracy_vs_baselines,logits,COT,True,source
COT,,,,,,,,,,,,,,,,,,,,,,,,,ok,,,,,,,,,,,,,0.849034920334816,,,,,,,,entity13,1,CDANN,,,0.9096922874450684,,0.7354357838630676,,,,False,,,,,,,,0.849034920334816,accuracy_vs_baselines,logits,COT,True,source
COT,,,,,,,,,,,,,,,,,,,,,,,,,ok,,,,,,,,,,,,,0.8657007962465286,,,,,,,,entity13,2,DANN,,,0.9129230380058289,,0.8615384697914124,,,,False,,,,,,,,0.8657007962465286,accuracy_vs_baselines,logits,COT,True,source
COT,,,,,,,,,,,,,,,,,,,,,,,,,ok,,,,,,,,,,,,,0.8572807461023331,,,,,,,,entity13,2,CDANN,,,0.9081538319587708,,0.8423076868057251,,,,False,,,,,,,,0.8572807461023331,accuracy_vs_baselines,logits,COT,True,source
COT,,,,,,,,,,,,,,,,,,,,,,,,,ok,,,,,,,,,,,,,0.7781572788953781,,,,,,,,entity13,3,DANN,,,0.907076895236969,,0.6653845906257629,,,,False,,,,,,,,0.7781572788953781,accuracy_vs_baselines,logits,COT,True,source
COT,,,,,,,,,,,,,,,,,,,,,,,,,ok,,,,,,,,,,,,,0.7745655030012131,,,,,,,,entity13,3,CDANN,,,0.9061538577079773,,0.6653845906257629,,,,False,,,,,,,,0.7745655030012131,accuracy_vs_baselines,logits,COT,True,source
COT,,,,,,,,,,,,,,,,,,,,,,,,,ok,,,,,,,,,,,,,0.7502671778202057,,,,,,,,entity30,1,DANN,,,0.8550000190734863,,0.6190800070762634,,,,False,,,,,,,,0.7502671778202057,accuracy_vs_baselines,logits,COT,True,source
COT,,,,,,,,,,,,,,,,,,,,,,,,,ok,,,,,,,,,,,,,0.7584314197301865,,,,,,,,entity30,1,CDANN,,,0.8611666560173035,,0.627903163433075,,,,False,,,,,,,,0.7584314197301865,accuracy_vs_baselines,logits,COT,True,source
COT,,,,,,,,,,,,,,,,,,,,,,,,,ok,,,,,,,,,,,,,0.8102302551269531,,,,,,,,entity30,2,DANN,,,0.8646666407585144,,0.7875000238418579,,,,False,,,,,,,,0.8102302551269531,accuracy_vs_baselines,logits,COT,True,source
COT,,,,,,,,,,,,,,,,,,,,,,,,,ok,,,,,,,,,,,,,0.7997441440820694,,,,,,,,entity30,2,CDANN,,,0.8646666407585144,,0.8125000596046448,,,,True,,,,,,,,0.7997441440820694,accuracy_vs_baselines,logits,COT,True,source
COT,,,,,,,,,,,,,,,,,,,,,,,,,ok,,,,,,,,,,,,,0.6815812289714813,,,,,,,,entity30,3,DANN,,,0.8636666536331177,,0.5708333849906921,,,,False,,,,,,,,0.6815812289714813,accuracy_vs_baselines,logits,COT,True,source
COT,,,,,,,,,,,,,,,,,,,,,,,,,ok,,,,,,,,,,,,,0.678135871887207,,,,,,,,entity30,3,CDANN,,,0.8573333024978638,,0.5625,,,,False,,,,,,,,0.678135871887207,accuracy_vs_baselines,logits,COT,True,source
COT,,,,,,,,,,,,,,,,,,,,,,,,,ok,,,,,,,,,,,,,0.8971987366676331,,,,,,,,cifar10,1,DANN,,,0.9508999586105347,,0.8440000414848328,,,,False,,,,,,,,0.8971987366676331,accuracy_vs_baselines,logits,COT,True,source
COT,,,,,,,,,,,,,,,,,,,,,,,,,ok,,,,,,,,,,,,,0.9022126644849777,,,,,,,,cifar10,1,CDANN,,,0.949999988079071,,0.846500039100647,,,,False,,,,,,,,0.9022126644849777,accuracy_vs_baselines,logits,COT,True,source
COT,,,,,,,,,,,,,,,,,,,,,,,,,ok,,,,,,,,,,,,,0.928566962480545,,,,,,,,cifar10,10,DANN,,,0.9477999806404114,,0.924500048160553,,,,False,,,,,,,,0.928566962480545,accuracy_vs_baselines,logits,COT,True,source
COT,,,,,,,,,,,,,,,,,,,,,,,,,ok,,,,,,,,,,,,,0.9316814094781876,,,,,,,,cifar10,10,CDANN,,,0.948699951171875,,0.9160000681877136,,,,False,,,,,,,,0.9316814094781876,accuracy_vs_baselines,logits,COT,True,source
COT,,,,,,,,,,,,,,,,,,,,,,,,,ok,,,,,,,,,,,,,0.9315022751688957,,,,,,,,cifar10,71,DANN,,,0.9487999677658081,,0.9305000305175781,,,,False,,,,,,,,0.9315022751688957,accuracy_vs_baselines,logits,COT,True,source
COT,,,,,,,,,,,,,,,,,,,,,,,,,ok,,,,,,,,,,,,,0.9353813529014587,,,,,,,,cifar10,71,CDANN,,,0.9511999487876892,,0.9280000329017639,,,,False,,,,,,,,0.9353813529014587,accuracy_vs_baselines,logits,COT,True,source
COT,,,,,,,,,,,,,,,,,,,,,,,,,ok,,,,,,,,,,,,,0.9379625841975212,,,,,,,,cifar10,95,DANN,,,0.9515999555587769,,0.9390000700950623,,,,True,,,,,,,,0.9379625841975212,accuracy_vs_baselines,logits,COT,True,source
COT,,,,,,,,,,,,,,,,,,,,,,,,,ok,,,,,,,,,,,,,0.9393546544015408,,,,,,,,cifar10,95,CDANN,,,0.9526000022888184,,0.9355000257492065,,,,False,,,,,,,,0.9393546544015408,accuracy_vs_baselines,logits,COT,True,source
COT,,,,,,,,,,,,,,,,,,,,,,,,,ok,,,,,,,,,,,,,0.7440143674612045,,,,,,,,cifar100,4,DANN,,,0.7841999530792236,,0.7440000176429749,,,,False,,,,,,,,0.7440143674612045,accuracy_vs_baselines,logits,COT,True,source
COT,,,,,,,,,,,,,,,,,,,,,,,,,ok,,,,,,,,,,,,,0.7362255454063416,,,,,,,,cifar100,4,CDANN,,,0.7849999666213989,,0.7275000214576721,,,,False,,,,,,,,0.7362255454063416,accuracy_vs_baselines,logits,COT,True,source
COT,,,,,,,,,,,,,,,,,,,,,,,,,ok,,,,,,,,,,,,,0.7483654916286469,,,,,,,,cifar100,12,DANN,,,0.7831999659538269,,0.7545000314712524,,,,True,,,,,,,,0.7483654916286469,accuracy_vs_baselines,logits,COT,True,source
COT,,,,,,,,,,,,,,,,,,,,,,,,,ok,,,,,,,,,,,,,0.7460141032934189,,,,,,,,cifar100,12,CDANN,,,0.7858999967575073,,0.7480000257492065,,,,True,,,,,,,,0.7460141032934189,accuracy_vs_baselines,logits,COT,True,source
COT,,,,,,,,,,,,,,,,,,,,,,,,,ok,,,,,,,,,,,,,0.7607854902744293,,,,,,,,cifar100,59,DANN,,,0.7841999530792236,,0.7585000395774841,,,,False,,,,,,,,0.7607854902744293,accuracy_vs_baselines,logits,COT,True,source
COT,,,,,,,,,,,,,,,,,,,,,,,,,ok,,,,,,,,,,,,,0.7628058344125748,,,,,,,,cifar100,59,CDANN,,,0.7870000004768372,,0.7580000162124634,,,,False,,,,,,,,0.7628058344125748,accuracy_vs_baselines,logits,COT,True,source
COT,,,,,,,,,,,,,,,,,,,,,,,,,ok,,,,,,,,,,,,,0.7697943300008774,,,,,,,,cifar100,82,DANN,,,0.7861999869346619,,0.7695000171661377,,,,False,,,,,,,,0.7697943300008774,accuracy_vs_baselines,logits,COT,True,source
COT,,,,,,,,,,,,,,,,,,,,,,,,,ok,,,,,,,,,,,,,0.7632937282323837,,,,,,,,cifar100,82,CDANN,,,0.7872999906539917,,0.7635000348091125,,,,True,,,,,,,,0.7632937282323837,accuracy_vs_baselines,logits,COT,True,source
COT,,,,,,,,,,,,,,,,,,,,,,,,,ok,,,,,,,,,,,,,0.5916633903980255,,,,,,,,domainnet,1,DANN,,,0.8072605729103088,,0.465893030166626,,,,False,,,,,,,,0.5916633903980255,accuracy_vs_baselines,logits,COT,True,source
COT,,,,,,,,,,,,,,,,,,,,,,,,,ok,,,,,,,,,,,,,0.5687690079212189,,,,,,,,domainnet,1,CDANN,,,0.8055910468101501,,0.5121089816093445,,,,False,,,,,,,,0.5687690079212189,accuracy_vs_baselines,logits,COT,True,source
COT,,,,,,,,,,,,,,,,,,,,,,,,,ok,,,,,,,,,,,,,0.5711907744407654,,,,,,,,domainnet,2,DANN,,,0.8101378083229065,,0.38572534918785095,,,,False,,,,,,,,0.5711907744407654,accuracy_vs_baselines,logits,COT,True,source
COT,,,,,,,,,,,,,,,,,,,,,,,,,ok,,,,,,,,,,,,,0.5693548321723938,,,,,,,,domainnet,2,CDANN,,,0.8071539998054504,,0.42063772678375244,,,,False,,,,,,,,0.5693548321723938,accuracy_vs_baselines,logits,COT,True,source
COT,,,,,,,,,,,,,,,,,,,,,,,,,ok,,,,,,,,,,,,,0.5772541165351868,,,,,,,,domainnet,3,DANN,,,0.8096050024032593,,0.4719189405441284,,,,False,,,,,,,,0.5772541165351868,accuracy_vs_baselines,logits,COT,True,source
COT,,,,,,,,,,,,,,,,,,,,,,,,,ok,,,,,,,,,,,,,0.5586770176887512,,,,,,,,domainnet,3,CDANN,,,0.8074381947517395,,0.49369075894355774,,,,False,,,,,,,,0.5586770176887512,accuracy_vs_baselines,logits,COT,True,source
COT,,,,,,,,,,,,,,,,,,,,,,,,,ok,,,,,,,,,,,,,0.8086117506027222,,,,,,,,living17,1,DANN,,,0.8994117379188538,,0.6758291721343994,,,,False,,,,,,,,0.8086117506027222,accuracy_vs_baselines,logits,COT,True,source
COT,,,,,,,,,,,,,,,,,,,,,,,,,ok,,,,,,,,,,,,,0.8140603303909302,,,,,,,,living17,1,CDANN,,,0.9052940607070923,,0.6863925457000732,,,,False,,,,,,,,0.8140603303909302,accuracy_vs_baselines,logits,COT,True,source
COT,,,,,,,,,,,,,,,,,,,,,,,,,ok,,,,,,,,,,,,,0.8443180173635483,,,,,,,,living17,2,DANN,,,0.9094117283821106,,0.8970588445663452,,,,True,,,,,,,,0.8443180173635483,accuracy_vs_baselines,logits,COT,True,source
COT,,,,,,,,,,,,,,,,,,,,,,,,,ok,,,,,,,,,,,,,0.8515582531690598,,,,,,,,living17,2,CDANN,,,0.9094117283821106,,0.8676470518112183,,,,True,,,,,,,,0.8515582531690598,accuracy_vs_baselines,logits,COT,True,source
COT,,,,,,,,,,,,,,,,,,,,,,,,,ok,,,,,,,,,,,,,0.7643461376428604,,,,,,,,living17,3,DANN,,,0.9052940607070923,,0.5882353186607361,,,,False,,,,,,,,0.7643461376428604,accuracy_vs_baselines,logits,COT,True,source
COT,,,,,,,,,,,,,,,,,,,,,,,,,ok,,,,,,,,,,,,,0.7096796035766602,,,,,,,,living17,3,CDANN,,,0.9052940607070923,,0.5588235259056091,,,,False,,,,,,,,0.7096796035766602,accuracy_vs_baselines,logits,COT,True,source
COT,,,,,,,,,,,,,,,,,,,,,,,,,ok,,,,,,,,,,,,,0.7064311802387238,,,,,,,,nonliving26,1,DANN,,,0.8126922845840454,,0.5122722387313843,,,,False,,,,,,,,0.7064311802387238,accuracy_vs_baselines,logits,COT,True,source
COT,,,,,,,,,,,,,,,,,,,,,,,,,ok,,,,,,,,,,,,,0.7141033113002777,,,,,,,,nonliving26,1,CDANN,,,0.8176922798156738,,0.5332028269767761,,,,False,,,,,,,,0.7141033113002777,accuracy_vs_baselines,logits,COT,True,source
COT,,,,,,,,,,,,,,,,,,,,,,,,,ok,,,,,,,,,,,,,0.775517612695694,,,,,,,,nonliving26,2,DANN,,,0.8176922798156738,,0.75,,,,False,,,,,,,,0.775517612695694,accuracy_vs_baselines,logits,COT,True,source
COT,,,,,,,,,,,,,,,,,,,,,,,,,ok,,,,,,,,,,,,,0.7636855840682983,,,,,,,,nonliving26,2,CDANN,,,0.8165384531021118,,0.7692307829856873,,,,True,,,,,,,,0.7636855840682983,accuracy_vs_baselines,logits,COT,True,source
COT,,,,,,,,,,,,,,,,,,,,,,,,,ok,,,,,,,,,,,,,0.6083236336708069,,,,,,,,nonliving26,3,DANN,,,0.8146153688430786,,0.4038461744785309,,,,False,,,,,,,,0.6083236336708069,accuracy_vs_baselines,logits,COT,True,source
COT,,,,,,,,,,,,,,,,,,,,,,,,,ok,,,,,,,,,,,,,0.5844596922397614,,,,,,,,nonliving26,3,CDANN,,,0.822692334651947,,0.4038461744785309,,,,False,,,,,,,,0.5844596922397614,accuracy_vs_baselines,logits,COT,True,source
COT,,,,,,,,,,,,,,,,,,,,,,,,,ok,,,,,,,,,,,,,0.6090847253799438,,,,,,,,fmow,1,DANN,,,0.6519370079040527,,0.6103222370147705,,,,True,,,,,,,,0.6090847253799438,accuracy_vs_baselines,logits,COT,True,source
COT,,,,,,,,,,,,,,,,,,,,,,,,,ok,,,,,,,,,,,,,0.615029364824295,,,,,,,,fmow,1,CDANN,,,0.6558535695075989,,0.605617344379425,,,,False,,,,,,,,0.615029364824295,accuracy_vs_baselines,logits,COT,True,source
COT,,,,,,,,,,,,,,,,,,,,,,,,,ok,,,,,,,,,,,,,0.5865478813648224,,,,,,,,fmow,2,DANN,,,0.6504895687103271,,0.5482756495475769,,,,False,,,,,,,,0.5865478813648224,accuracy_vs_baselines,logits,COT,True,source
COT,,,,,,,,,,,,,,,,,,,,,,,,,ok,,,,,,,,,,,,,0.5879568159580231,,,,,,,,fmow,2,CDANN,,,0.6548318862915039,,0.5420845150947571,,,,False,,,,,,,,0.5879568159580231,accuracy_vs_baselines,logits,COT,True,source
COT,,,,,,,,,,,,,,,,,,,,,,,,,ok,,,,,,,,,,,,,0.7124415636062622,,,,,,,,officehome,1,DANN,,,0.922024667263031,,0.7193763852119446,,,,True,,,,,,,,0.7124415636062622,accuracy_vs_baselines,logits,COT,True,source
COT,,,,,,,,,,,,,,,,,,,,,,,,,ok,,,,,,,,,,,,,0.7489647269248962,,,,,,,,officehome,1,CDANN,,,0.9138167500495911,,0.730512261390686,,,,False,,,,,,,,0.7489647269248962,accuracy_vs_baselines,logits,COT,True,source
COT,,,,,,,,,,,,,,,,,,,,,,,,,ok,,,,,,,,,,,,,0.6288007497787476,,,,,,,,officehome,2,DANN,,,0.915184736251831,,0.44904816150665283,,,,False,,,,,,,,0.6288007497787476,accuracy_vs_baselines,logits,COT,True,source
COT,,,,,,,,,,,,,,,,,,,,,,,,,ok,,,,,,,,,,,,,0.6749982237815857,,,,,,,,officehome,2,CDANN,,,0.9015048146247864,,0.4501679837703705,,,,False,,,,,,,,0.6749982237815857,accuracy_vs_baselines,logits,COT,True,source
COT,,,,,,,,,,,,,,,,,,,,,,,,,ok,,,,,,,,,,,,,0.5808297693729401,,,,,,,,officehome,3,DANN,,,0.9056087732315063,,0.5364891290664673,,,,False,,,,,,,,0.5808297693729401,accuracy_vs_baselines,logits,COT,True,source
COT,,,,,,,,,,,,,,,,,,,,,,,,,ok,,,,,,,,,,,,,0.6355733871459961,,,,,,,,officehome,3,CDANN,,,0.9138167500495911,,0.5364891290664673,,,,False,,,,,,,,0.6355733871459961,accuracy_vs_baselines,logits,COT,True,source
COT,,,,,,,,,,,,,,,,,,,,,,,,,ok,,,,,,,,,,,,,0.9049544483423233,,,,,,,,visda,1,DANN,,,0.9995489120483398,,0.6463051438331604,,,,False,,,,,,,,0.9049544483423233,accuracy_vs_baselines,logits,COT,True,source
COT,,,,,,,,,,,,,,,,,,,,,,,,,ok,,,,,,,,,,,,,0.8659456670284271,,,,,,,,visda,1,CDANN,,,0.9990978837013245,,0.6784264445304871,,,,False,,,,,,,,0.8659456670284271,accuracy_vs_baselines,logits,COT,True,source
COT,,,,,,,,,,,,,,,,,,,,,,,,,ok,,,,,,,,,,,,,0.9015089049935341,,,,,,,,visda,2,DANN,,,0.9997539520263672,,0.6546961069107056,,,,False,,,,,,,,0.9015089049935341,accuracy_vs_baselines,logits,COT,True,source
COT,,,,,,,,,,,,,,,,,,,,,,,,,ok,,,,,,,,,,,,,0.9018256813287735,,,,,,,,visda,2,CDANN,,,0.9995899200439453,,0.7107734680175781,,,,False,,,,,,,,0.9018256813287735,accuracy_vs_baselines,logits,COT,True,source
AC,,,,,,,,,,,,,,,,,,,,,,,,,ok,,,,,,,,,,,,,0.8525711297988892,,,,,,,,entity13,1,DANN,,,0.905846118927002,,0.7318307161331177,,,,False,,,,,,,,0.8525711297988892,accuracy_vs_baselines,logits,AC,True,source
AC,,,,,,,,,,,,,,,,,,,,,,,,,ok,,,,,,,,,,,,,0.8573216795921326,,,,,,,,entity13,1,CDANN,,,0.9096922874450684,,0.7354357838630676,,,,False,,,,,,,,0.8573216795921326,accuracy_vs_baselines,logits,AC,True,source
AC,,,,,,,,,,,,,,,,,,,,,,,,,ok,,,,,,,,,,,,,0.8737786412239075,,,,,,,,entity13,2,DANN,,,0.9129230380058289,,0.8615384697914124,,,,False,,,,,,,,0.8737786412239075,accuracy_vs_baselines,logits,AC,True,source
AC,,,,,,,,,,,,,,,,,,,,,,,,,ok,,,,,,,,,,,,,0.8710755705833435,,,,,,,,entity13,2,CDANN,,,0.9081538319587708,,0.8423076868057251,,,,False,,,,,,,,0.8710755705833435,accuracy_vs_baselines,logits,AC,True,source
AC,,,,,,,,,,,,,,,,,,,,,,,,,ok,,,,,,,,,,,,,0.7902470231056213,,,,,,,,entity13,3,DANN,,,0.907076895236969,,0.6653845906257629,,,,False,,,,,,,,0.7902470231056213,accuracy_vs_baselines,logits,AC,True,source
AC,,,,,,,,,,,,,,,,,,,,,,,,,ok,,,,,,,,,,,,,0.7894497513771057,,,,,,,,entity13,3,CDANN,,,0.9061538577079773,,0.6653845906257629,,,,False,,,,,,,,0.7894497513771057,accuracy_vs_baselines,logits,AC,True,source
AC,,,,,,,,,,,,,,,,,,,,,,,,,ok,,,,,,,,,,,,,0.7632530331611633,,,,,,,,entity30,1,DANN,,,0.8550000190734863,,0.6190800070762634,,,,False,,,,,,,,0.7632530331611633,accuracy_vs_baselines,logits,AC,True,source
AC,,,,,,,,,,,,,,,,,,,,,,,,,ok,,,,,,,,,,,,,0.7715016603469849,,,,,,,,entity30,1,CDANN,,,0.8611666560173035,,0.627903163433075,,,,False,,,,,,,,0.7715016603469849,accuracy_vs_baselines,logits,AC,True,source
AC,,,,,,,,,,,,,,,,,,,,,,,,,ok,,,,,,,,,,,,,0.8449029922485352,,,,,,,,entity30,2,DANN,,,0.8646666407585144,,0.7875000238418579,,,,False,,,,,,,,0.8449029922485352,accuracy_vs_baselines,logits,AC,True,source
AC,,,,,,,,,,,,,,,,,,,,,,,,,ok,,,,,,,,,,,,,0.8281901478767395,,,,,,,,entity30,2,CDANN,,,0.8646666407585144,,0.8125000596046448,,,,False,,,,,,,,0.8281901478767395,accuracy_vs_baselines,logits,AC,True,source
AC,,,,,,,,,,,,,,,,,,,,,,,,,ok,,,,,,,,,,,,,0.6983610987663269,,,,,,,,entity30,3,DANN,,,0.8636666536331177,,0.5708333849906921,,,,False,,,,,,,,0.6983610987663269,accuracy_vs_baselines,logits,AC,True,source
AC,,,,,,,,,,,,,,,,,,,,,,,,,ok,,,,,,,,,,,,,0.7034960985183716,,,,,,,,entity30,3,CDANN,,,0.8573333024978638,,0.5625,,,,False,,,,,,,,0.7034960985183716,accuracy_vs_baselines,logits,AC,True,source
AC,,,,,,,,,,,,,,,,,,,,,,,,,ok,,,,,,,,,,,,,0.9008032083511353,,,,,,,,cifar10,1,DANN,,,0.9508999586105347,,0.8440000414848328,,,,False,,,,,,,,0.9008032083511353,accuracy_vs_baselines,logits,AC,True,source
AC,,,,,,,,,,,,,,,,,,,,,,,,,ok,,,,,,,,,,,,,0.9067832231521606,,,,,,,,cifar10,1,CDANN,,,0.949999988079071,,0.846500039100647,,,,False,,,,,,,,0.9067832231521606,accuracy_vs_baselines,logits,AC,True,source
AC,,,,,,,,,,,,,,,,,,,,,,,,,ok,,,,,,,,,,,,,0.9305946230888367,,,,,,,,cifar10,10,DANN,,,0.9477999806404114,,0.924500048160553,,,,False,,,,,,,,0.9305946230888367,accuracy_vs_baselines,logits,AC,True,source
AC,,,,,,,,,,,,,,,,,,,,,,,,,ok,,,,,,,,,,,,,0.9337896108627319,,,,,,,,cifar10,10,CDANN,,,0.948699951171875,,0.9160000681877136,,,,False,,,,,,,,0.9337896108627319,accuracy_vs_baselines,logits,AC,True,source
AC,,,,,,,,,,,,,,,,,,,,,,,,,ok,,,,,,,,,,,,,0.9347382187843323,,,,,,,,cifar10,71,DANN,,,0.9487999677658081,,0.9305000305175781,,,,False,,,,,,,,0.9347382187843323,accuracy_vs_baselines,logits,AC,True,source
AC,,,,,,,,,,,,,,,,,,,,,,,,,ok,,,,,,,,,,,,,0.9355620741844177,,,,,,,,cifar10,71,CDANN,,,0.9511999487876892,,0.9280000329017639,,,,False,,,,,,,,0.9355620741844177,accuracy_vs_baselines,logits,AC,True,source
AC,,,,,,,,,,,,,,,,,,,,,,,,,ok,,,,,,,,,,,,,0.936783492565155,,,,,,,,cifar10,95,DANN,,,0.9515999555587769,,0.9390000700950623,,,,True,,,,,,,,0.936783492565155,accuracy_vs_baselines,logits,AC,True,source
AC,,,,,,,,,,,,,,,,,,,,,,,,,ok,,,,,,,,,,,,,0.9392420053482056,,,,,,,,cifar10,95,CDANN,,,0.9526000022888184,,0.9355000257492065,,,,False,,,,,,,,0.9392420053482056,accuracy_vs_baselines,logits,AC,True,source
AC,,,,,,,,,,,,,,,,,,,,,,,,,ok,,,,,,,,,,,,,0.759565532207489,,,,,,,,cifar100,4,DANN,,,0.7841999530792236,,0.7440000176429749,,,,False,,,,,,,,0.759565532207489,accuracy_vs_baselines,logits,AC,True,source
AC,,,,,,,,,,,,,,,,,,,,,,,,,ok,,,,,,,,,,,,,0.7532544136047363,,,,,,,,cifar100,4,CDANN,,,0.7849999666213989,,0.7275000214576721,,,,False,,,,,,,,0.7532544136047363,accuracy_vs_baselines,logits,AC,True,source
AC,,,,,,,,,,,,,,,,,,,,,,,,,ok,,,,,,,,,,,,,0.7691272497177124,,,,,,,,cifar100,12,DANN,,,0.7831999659538269,,0.7545000314712524,,,,False,,,,,,,,0.7691272497177124,accuracy_vs_baselines,logits,AC,True,source
AC,,,,,,,,,,,,,,,,,,,,,,,,,ok,,,,,,,,,,,,,0.7656166553497314,,,,,,,,cifar100,12,CDANN,,,0.7858999967575073,,0.7480000257492065,,,,False,,,,,,,,0.7656166553497314,accuracy_vs_baselines,logits,AC,True,source
AC,,,,,,,,,,,,,,,,,,,,,,,,,ok,,,,,,,,,,,,,0.7807866930961609,,,,,,,,cifar100,59,DANN,,,0.7841999530792236,,0.7585000395774841,,,,False,,,,,,,,0.7807866930961609,accuracy_vs_baselines,logits,AC,True,source
AC,,,,,,,,,,,,,,,,,,,,,,,,,ok,,,,,,,,,,,,,0.7782496809959412,,,,,,,,cifar100,59,CDANN,,,0.7870000004768372,,0.7580000162124634,,,,False,,,,,,,,0.7782496809959412,accuracy_vs_baselines,logits,AC,True,source
AC,,,,,,,,,,,,,,,,,,,,,,,,,ok,,,,,,,,,,,,,0.7890875935554504,,,,,,,,cifar100,82,DANN,,,0.7861999869346619,,0.7695000171661377,,,,False,,,,,,,,0.7890875935554504,accuracy_vs_baselines,logits,AC,True,source
AC,,,,,,,,,,,,,,,,,,,,,,,,,ok,,,,,,,,,,,,,0.7805593013763428,,,,,,,,cifar100,82,CDANN,,,0.7872999906539917,,0.7635000348091125,,,,False,,,,,,,,0.7805593013763428,accuracy_vs_baselines,logits,AC,True,source
AC,,,,,,,,,,,,,,,,,,,,,,,,,ok,,,,,,,,,,,,,0.6377845406532288,,,,,,,,domainnet,1,DANN,,,0.8072605729103088,,0.465893030166626,,,,False,,,,,,,,0.6377845406532288,accuracy_vs_baselines,logits,AC,True,source
AC,,,,,,,,,,,,,,,,,,,,,,,,,ok,,,,,,,,,,,,,0.6281313896179199,,,,,,,,domainnet,1,CDANN,,,0.8055910468101501,,0.5121089816093445,,,,False,,,,,,,,0.6281313896179199,accuracy_vs_baselines,logits,AC,True,source
AC,,,,,,,,,,,,,,,,,,,,,,,,,ok,,,,,,,,,,,,,0.6195071339607239,,,,,,,,domainnet,2,DANN,,,0.8101378083229065,,0.38572534918785095,,,,False,,,,,,,,0.6195071339607239,accuracy_vs_baselines,logits,AC,True,source
AC,,,,,,,,,,,,,,,,,,,,,,,,,ok,,,,,,,,,,,,,0.6048527359962463,,,,,,,,domainnet,2,CDANN,,,0.8071539998054504,,0.42063772678375244,,,,False,,,,,,,,0.6048527359962463,accuracy_vs_baselines,logits,AC,True,source
AC,,,,,,,,,,,,,,,,,,,,,,,,,ok,,,,,,,,,,,,,0.6402058005332947,,,,,,,,domainnet,3,DANN,,,0.8096050024032593,,0.4719189405441284,,,,False,,,,,,,,0.6402058005332947,accuracy_vs_baselines,logits,AC,True,source
AC,,,,,,,,,,,,,,,,,,,,,,,,,ok,,,,,,,,,,,,,0.6436025500297546,,,,,,,,domainnet,3,CDANN,,,0.8074381947517395,,0.49369075894355774,,,,False,,,,,,,,0.6436025500297546,accuracy_vs_baselines,logits,AC,True,source
AC,,,,,,,,,,,,,,,,,,,,,,,,,ok,,,,,,,,,,,,,0.8271092772483826,,,,,,,,living17,1,DANN,,,0.8994117379188538,,0.6758291721343994,,,,False,,,,,,,,0.8271092772483826,accuracy_vs_baselines,logits,AC,True,source
AC,,,,,,,,,,,,,,,,,,,,,,,,,ok,,,,,,,,,,,,,0.8327962756156921,,,,,,,,living17,1,CDANN,,,0.9052940607070923,,0.6863925457000732,,,,False,,,,,,,,0.8327962756156921,accuracy_vs_baselines,logits,AC,True,source
AC,,,,,,,,,,,,,,,,,,,,,,,,,ok,,,,,,,,,,,,,0.8644405007362366,,,,,,,,living17,2,DANN,,,0.9094117283821106,,0.8970588445663452,,,,True,,,,,,,,0.8644405007362366,accuracy_vs_baselines,logits,AC,True,source
AC,,,,,,,,,,,,,,,,,,,,,,,,,ok,,,,,,,,,,,,,0.8884500861167908,,,,,,,,living17,2,CDANN,,,0.9094117283821106,,0.8676470518112183,,,,False,,,,,,,,0.8884500861167908,accuracy_vs_baselines,logits,AC,True,source
AC,,,,,,,,,,,,,,,,,,,,,,,,,ok,,,,,,,,,,,,,0.8317475318908691,,,,,,,,living17,3,DANN,,,0.9052940607070923,,0.5882353186607361,,,,False,,,,,,,,0.8317475318908691,accuracy_vs_baselines,logits,AC,True,source
AC,,,,,,,,,,,,,,,,,,,,,,,,,ok,,,,,,,,,,,,,0.7746639251708984,,,,,,,,living17,3,CDANN,,,0.9052940607070923,,0.5588235259056091,,,,False,,,,,,,,0.7746639251708984,accuracy_vs_baselines,logits,AC,True,source
AC,,,,,,,,,,,,,,,,,,,,,,,,,ok,,,,,,,,,,,,,0.7129377722740173,,,,,,,,nonliving26,1,DANN,,,0.8126922845840454,,0.5122722387313843,,,,False,,,,,,,,0.7129377722740173,accuracy_vs_baselines,logits,AC,True,source
AC,,,,,,,,,,,,,,,,,,,,,,,,,ok,,,,,,,,,,,,,0.7186091542243958,,,,,,,,nonliving26,1,CDANN,,,0.8176922798156738,,0.5332028269767761,,,,False,,,,,,,,0.7186091542243958,accuracy_vs_baselines,logits,AC,True,source
AC,,,,,,,,,,,,,,,,,,,,,,,,,ok,,,,,,,,,,,,,0.8130866885185242,,,,,,,,nonliving26,2,DANN,,,0.8176922798156738,,0.75,,,,False,,,,,,,,0.8130866885185242,accuracy_vs_baselines,logits,AC,True,source
AC,,,,,,,,,,,,,,,,,,,,,,,,,ok,,,,,,,,,,,,,0.7934163212776184,,,,,,,,nonliving26,2,CDANN,,,0.8165384531021118,,0.7692307829856873,,,,False,,,,,,,,0.7934163212776184,accuracy_vs_baselines,logits,AC,True,source
AC,,,,,,,,,,,,,,,,,,,,,,,,,ok,,,,,,,,,,,,,0.6648449897766113,,,,,,,,nonliving26,3,DANN,,,0.8146153688430786,,0.4038461744785309,,,,False,,,,,,,,0.6648449897766113,accuracy_vs_baselines,logits,AC,True,source
AC,,,,,,,,,,,,,,,,,,,,,,,,,ok,,,,,,,,,,,,,0.6117043495178223,,,,,,,,nonliving26,3,CDANN,,,0.822692334651947,,0.4038461744785309,,,,False,,,,,,,,0.6117043495178223,accuracy_vs_baselines,logits,AC,True,source
AC,,,,,,,,,,,,,,,,,,,,,,,,,ok,,,,,,,,,,,,,0.6385051012039185,,,,,,,,fmow,1,DANN,,,0.6519370079040527,,0.6103222370147705,,,,False,,,,,,,,0.6385051012039185,accuracy_vs_baselines,logits,AC,True,source
AC,,,,,,,,,,,,,,,,,,,,,,,,,ok,,,,,,,,,,,,,0.6388002038002014,,,,,,,,fmow,1,CDANN,,,0.6558535695075989,,0.605617344379425,,,,False,,,,,,,,0.6388002038002014,accuracy_vs_baselines,logits,AC,True,source
AC,,,,,,,,,,,,,,,,,,,,,,,,,ok,,,,,,,,,,,,,0.604530930519104,,,,,,,,fmow,2,DANN,,,0.6504895687103271,,0.5482756495475769,,,,False,,,,,,,,0.604530930519104,accuracy_vs_baselines,logits,AC,True,source
AC,,,,,,,,,,,,,,,,,,,,,,,,,ok,,,,,,,,,,,,,0.6016821265220642,,,,,,,,fmow,2,CDANN,,,0.6548318862915039,,0.5420845150947571,,,,False,,,,,,,,0.6016821265220642,accuracy_vs_baselines,logits,AC,True,source
AC,,,,,,,,,,,,,,,,,,,,,,,,,ok,,,,,,,,,,,,,0.7708330154418945,,,,,,,,officehome,1,DANN,,,0.922024667263031,,0.7193763852119446,,,,False,,,,,,,,0.7708330154418945,accuracy_vs_baselines,logits,AC,True,source
AC,,,,,,,,,,,,,,,,,,,,,,,,,ok,,,,,,,,,,,,,0.8211841583251953,,,,,,,,officehome,1,CDANN,,,0.9138167500495911,,0.730512261390686,,,,False,,,,,,,,0.8211841583251953,accuracy_vs_baselines,logits,AC,True,source
AC,,,,,,,,,,,,,,,,,,,,,,,,,ok,,,,,,,,,,,,,0.6579679846763611,,,,,,,,officehome,2,DANN,,,0.915184736251831,,0.44904816150665283,,,,False,,,,,,,,0.6579679846763611,accuracy_vs_baselines,logits,AC,True,source
AC,,,,,,,,,,,,,,,,,,,,,,,,,ok,,,,,,,,,,,,,0.7319388389587402,,,,,,,,officehome,2,CDANN,,,0.9015048146247864,,0.4501679837703705,,,,False,,,,,,,,0.7319388389587402,accuracy_vs_baselines,logits,AC,True,source
AC,,,,,,,,,,,,,,,,,,,,,,,,,ok,,,,,,,,,,,,,0.6812232732772827,,,,,,,,officehome,3,DANN,,,0.9056087732315063,,0.5364891290664673,,,,False,,,,,,,,0.6812232732772827,accuracy_vs_baselines,logits,AC,True,source
AC,,,,,,,,,,,,,,,,,,,,,,,,,ok,,,,,,,,,,,,,0.7606031894683838,,,,,,,,officehome,3,CDANN,,,0.9138167500495911,,0.5364891290664673,,,,False,,,,,,,,0.7606031894683838,accuracy_vs_baselines,logits,AC,True,source
AC,,,,,,,,,,,,,,,,,,,,,,,,,ok,,,,,,,,,,,,,0.937119722366333,,,,,,,,visda,1,DANN,,,0.9995489120483398,,0.6463051438331604,,,,False,,,,,,,,0.937119722366333,accuracy_vs_baselines,logits,AC,True,source
AC,,,,,,,,,,,,,,,,,,,,,,,,,ok,,,,,,,,,,,,,0.9643871188163757,,,,,,,,visda,1,CDANN,,,0.9990978837013245,,0.6784264445304871,,,,False,,,,,,,,0.9643871188163757,accuracy_vs_baselines,logits,AC,True,source
AC,,,,,,,,,,,,,,,,,,,,,,,,,ok,,,,,,,,,,,,,0.9384526610374451,,,,,,,,visda,2,DANN,,,0.9997539520263672,,0.6546961069107056,,,,False,,,,,,,,0.9384526610374451,accuracy_vs_baselines,logits,AC,True,source
AC,,,,,,,,,,,,,,,,,,,,,,,,,ok,,,,,,,,,,,,,0.967695415019989,,,,,,,,visda,2,CDANN,,,0.9995899200439453,,0.7107734680175781,,,,False,,,,,,,,0.967695415019989,accuracy_vs_baselines,logits,AC,True,source
iw_residual_dis2,5.0,0.0,6500.0,33009.0,1625.0,8255.0,0.904,0.0,1.0,3.687958240509033,0.5,0.5,0.5205477476119995,0.2499304860830307,,,,,0.09639714533886476,0.0,1625.0,0.0,8255.0,0.0,ok,plugin,False,,1625.451729280784,1623.127960420403,1.146217618916505,0.9971896526039354,1.0615643857114905,,0.0,0.09639714533886476,0.9036028546611352,0.9036028546611352,False,,,,,,,entity13,1,DANN,logits,13.0,0.905846118927002,0.905846118927002,0.7318307161331177,0.7345851063728333,splits_entity13_DANN_1_0_b09dc755c62e.npz,b09dc755c62e,False,False,,,,,,,0.9036028546611352,logits_vs_features,logits,IW residual DIS2 | W=5 | seed=0 (plug-in),True,
iw_residual_dis2,5.0,0.0,6500.0,260.0,1625.0,65.0,0.9101538461538462,0.0,1.0,54.598148345947266,0.5,0.5,0.4661538600921631,0.2502062916755676,,,,,0.0897240431413496,0.0,1625.0,0.0,65.0,0.0,ok,plugin,False,,1622.9808558045895,1624.9135292993105,1.0295263176653389,0.9986247386053284,1.010330241000122,,0.0,0.0897240431413496,0.9102759568586504,0.9102759568586504,False,,,,,,,entity13,2,DANN,logits,13.0,0.9129230380058289,0.9129230380058289,0.8615384697914124,0.8461538553237915,splits_entity13_DANN_2_0_b09dc755c62e.npz,b09dc755c62e,False,False,,,,,,,0.9102759568586504,logits_vs_features,logits,IW residual DIS2 | W=5 | seed=0 (plug-in),True,
iw_residual_dis2,5.0,0.0,6500.0,260.0,1625.0,65.0,0.9027692307692308,0.0,1.0,3.830349922180176,0.5,0.5,0.516153872013092,0.24943119287490845,,,,,0.09681538446997534,0.0,1625.0,0.0,65.0,0.0,ok,plugin,False,,1615.3376671424385,1605.3965345672318,1.5597520559256435,0.9906993392827033,1.17506646938591,,0.0,0.09681538446997534,0.9031846155300247,0.9031846155300247,False,,,,,,,entity13,3,DANN,logits,13.0,0.907076895236969,0.907076895236969,0.6653845906257629,0.5538461804389954,splits_entity13_DANN_3_0_b09dc755c62e.npz,b09dc755c62e,False,False,,,,,,,0.9031846155300247,logits_vs_features,logits,IW residual DIS2 | W=5 | seed=0 (plug-in),True,
iw_residual_dis2,5.0,0.0,6500.0,33009.0,1625.0,8255.0,0.9132307692307693,0.0,1.0,2.3982067108154297,0.5,0.5,0.5145338177680969,0.2498086541891098,,,,,0.08716399680370747,0.0,1625.0,0.0,8255.0,0.0,ok,plugin,False,,1626.8973288698844,1619.8188336937326,1.2154376662173454,1.0017288221139384,1.0907311822584893,,0.0,0.08716399680370747,0.9128360031962925,0.9128360031962925,False,,,,,,,entity13,1,CDANN,logits,13.0,0.9096922874450684,0.9096922874450684,0.7354357838630676,0.7372501492500305,splits_entity13_CDANN_1_0_b09dc755c62e.npz,b09dc755c62e,False,False,,,,,,,0.9128360031962925,logits_vs_features,logits,IW residual DIS2 | W=5 | seed=0 (plug-in),True,
iw_residual_dis2,5.0,0.0,6500.0,260.0,1625.0,65.0,0.9058461538461539,0.0,1.0,54.598148345947266,0.5,0.5,0.39384615421295166,0.2502327263355255,,,,,0.0941234260824005,0.0,1625.0,0.0,65.0,0.0,ok,plugin,False,,1622.9480364599706,1624.914174672017,1.0364243672746556,0.9988015387721471,1.0105301857139013,,0.0,0.0941234260824005,0.9058765739175995,0.9058765739175995,False,,,,,,,entity13,2,CDANN,logits,13.0,0.9081538319587708,0.9081538319587708,0.8423076868057251,0.8769230842590332,splits_entity13_CDANN_2_0_b09dc755c62e.npz,b09dc755c62e,False,False,,,,,,,0.9058765739175995,logits_vs_features,logits,IW residual DIS2 | W=5 | seed=0 (plug-in),True,
iw_residual_dis2,5.0,0.0,6500.0,260.0,1625.0,65.0,0.9015384615384615,0.0,1.0,5.533639430999756,0.5,0.5,0.48076921701431274,0.24978940188884735,,,,,0.09893176709000366,0.0,1625.0,0.0,65.0,0.0,ok,plugin,False,,1623.8538745476258,1618.0954354770329,1.184193507693934,1.007715047511049,1.0916158389561164,,0.0,0.09893176709000366,0.9010682329099964,0.9010682329099964,False,,,,,,,entity13,3,CDANN,logits,13.0,0.9061538577079773,0.9061538577079773,0.6653845906257629,0.5692307949066162,splits_entity13_CDANN_3_0_b09dc755c62e.npz,b09dc755c62e,False,False,,,,,,,0.9010682329099964,logits_vs_features,logits,IW residual DIS2 | W=5 | seed=0 (plug-in),True,
iw_residual_dis2,5.0,0.0,6000.0,30828.0,1500.0,7709.0,0.8426666666666667,0.0,1.0,1.728687047958374,0.5,0.5,0.5138411521911621,0.24932533502578735,,,,,0.157693289261415,0.0,1500.0,0.0,7709.0,0.0,ok,plugin,False,,1504.8331593339535,1481.5380631016374,1.450980002028854,0.9974380802346456,1.1953827612708676,,0.0,0.157693289261415,0.842306710738585,0.842306710738585,False,,,,,,,entity30,1,DANN,logits,30.0,0.8550000190734863,0.8550000190734863,0.6190800070762634,0.6236866116523743,splits_entity30_DANN_1_0_b09dc755c62e.npz,b09dc755c62e,False,False,,,,,,,0.842306710738585,logits_vs_features,logits,IW residual DIS2 | W=5 | seed=0 (plug-in),True,
iw_residual_dis2,5.0,0.0,6000.0,240.0,1500.0,60.0,0.8606666666666667,0.0,1.0,54.598148345947266,0.5,0.5,0.5016666650772095,0.2500607371330261,,,,,0.1388303003112932,0.0,1500.0,0.0,60.0,0.0,ok,plugin,False,,1494.5841102565068,1499.7261375967405,1.0555103048639427,0.996924677426781,1.017718719317838,,0.0,0.1388303003112932,0.8611696996887068,0.8611696996887068,False,,,,,,,entity30,2,DANN,logits,30.0,0.8646666407585144,0.8646666407585144,0.7875000238418579,0.7500000596046448,splits_entity30_DANN_2_0_b09dc755c62e.npz,b09dc755c62e,False,False,,,,,,,0.8611696996887068,logits_vs_features,logits,IW residual DIS2 | W=5 | seed=0 (plug-in),True,
iw_residual_dis2,5.0,0.0,6000.0,240.0,1500.0,60.0,0.8553333333333333,0.0,1.0,54.598148345947266,0.5,0.5,0.46166667342185974,0.2499976009130478,,,,,0.143718802763159,0.0,1500.0,0.0,60.0,0.0,ok,plugin,False,,1492.3784582378312,1499.583435511841,1.0412212537758008,0.9963825535291864,1.020531419000476,,0.0,0.143718802763159,0.856281197236841,0.856281197236841,False,,,,,,,entity30,3,DANN,logits,30.0,0.8636666536331177,0.8636666536331177,0.5708333849906921,0.6666666865348816,splits_entity30_DANN_3_0_b09dc755c62e.npz,b09dc755c62e,False,False,,,,,,,0.856281197236841,logits_vs_features,logits,IW residual DIS2 | W=5 | seed=0 (plug-in),True,
iw_residual_dis2,5.0,0.0,6000.0,30828.0,1500.0,7709.0,0.856,0.0,1.0,4.229965686798096,0.5,0.5,0.5144094824790955,0.2498675435781479,,,,,0.1446064552973482,0.0,1500.0,0.0,7709.0,0.0,ok,plugin,False,,1497.372736781761,1496.2971489738413,1.2201435979985311,0.9960204159701154,1.0832021564352399,,0.0,0.1446064552973482,0.8553935447026518,0.8553935447026518,False,,,,,,,entity30,1,CDANN,logits,30.0,0.8611666560173035,0.8611666560173035,0.627903163433075,0.6345829367637634,splits_entity30_CDANN_1_0_b09dc755c62e.npz,b09dc755c62e,False,False,,,,,,,0.8553935447026518,logits_vs_features,logits,IW residual DIS2 | W=5 | seed=0 (plug-in),True,
iw_residual_dis2,5.0,0.0,6000.0,240.0,1500.0,60.0,0.862,0.0,1.0,54.598148345947266,0.5,0.5,0.43166667222976685,0.2501581013202667,,,,,0.1374331973669702,0.0,1500.0,0.0,60.0,0.0,ok,plugin,False,,1493.2470028463106,1499.720804552401,1.0384839375896187,0.9954725205721457,1.018114048842811,,0.0,0.1374331973669702,0.8625668026330298,0.8625668026330298,False,,,,,,,entity30,2,CDANN,logits,30.0,0.8646666407585144,0.8646666407585144,0.8125000596046448,0.7500000596046448,splits_entity30_CDANN_2_0_b09dc755c62e.npz,b09dc755c62e,False,False,,,,,,,0.8625668026330298,logits_vs_features,logits,IW residual DIS2 | W=5 | seed=0 (plug-in),True,
iw_residual_dis2,5.0,0.0,6000.0,240.0,1500.0,60.0,0.8453333333333333,0.0,1.0,54.598148345947266,0.5,0.5,0.43416666984558105,0.2500317394733429,,,,,0.15387466304092193,0.0,1500.0,0.0,60.0,0.0,ok,plugin,False,,1494.5325012369603,1499.702791735605,1.0436227616005247,0.9966017781022638,1.0193663146885727,,0.0,0.15387466304092193,0.8461253369590781,0.8461253369590781,False,,,,,,,entity30,3,CDANN,logits,30.0,0.8573333024978638,0.8573333024978638,0.5625,0.6166666746139526,splits_entity30_CDANN_3_0_b09dc755c62e.npz,b09dc755c62e,False,False,,,,,,,0.8461253369590781,logits_vs_features,logits,IW residual DIS2 | W=5 | seed=0 (plug-in),True,
iw_residual_dis2,5.0,0.0,10000.0,2000.0,2500.0,500.0,0.9452,0.0,1.0,2.7144715785980225,0.5,0.5,0.5149999856948853,0.24972444772720337,,,,,0.05527905232382684,0.0,2500.0,0.0,500.0,0.0,ok,plugin,False,,2490.763291733524,2487.6180886665843,1.2452015604379874,0.9935279219351392,1.1159082128740911,,0.0,0.05527905232382684,0.9447209476761732,0.9447209476761732,False,,,,,,,cifar10,1,DANN,logits,10.0,0.9508999586105347,0.9508999586105347,0.8440000414848328,0.8360000252723694,splits_cifar10_DANN_1_0_b09dc755c62e.npz,b09dc755c62e,False,False,,,,,,,0.9447209476761732,logits_vs_features,logits,IW residual DIS2 | W=5 | seed=0 (plug-in),True,
iw_residual_dis2,5.0,0.0,10000.0,2000.0,2500.0,500.0,0.946,0.0,1.0,54.598148345947266,0.5,0.5,0.49900001287460327,0.2500520348548889,,,,,0.053977254585820436,0.0,2500.0,0.0,500.0,0.0,ok,plugin,False,,2499.350371889275,2499.965877937097,1.0116953872164371,0.9997928421731974,1.0058517713974136,,0.0,0.053977254585820436,0.9460227454141795,0.9460227454141795,False,,,,,,,cifar10,10,DANN,logits,10.0,0.9477999806404114,0.9477999806404114,0.924500048160553,0.9120000600814819,splits_cifar10_DANN_10_0_b09dc755c62e.npz,b09dc755c62e,False,False,,,,,,,0.9460227454141795,logits_vs_features,logits,IW residual DIS2 | W=5 | seed=0 (plug-in),True,
iw_residual_dis2,5.0,0.0,10000.0,2000.0,2500.0,500.0,0.9452,0.0,1.0,54.598148345947266,0.5,0.5,0.4724999964237213,0.2500370144844055,,,,,0.0547860526192732,0.0,2500.0,0.0,500.0,0.0,ok,plugin,False,,2499.534284390755,2499.977277075477,1.0108819125923776,0.999816907350147,1.0046119831146385,,0.0,0.0547860526192732,0.9452139473807268,0.9452139473807268,False,,,,,,,cifar10,71,DANN,logits,10.0,0.9487999677658081,0.9487999677658081,0.9305000305175781,0.9180000424385071,splits_cifar10_DANN_71_0_b09dc755c62e.npz,b09dc755c62e,False,False,,,,,,,0.9452139473807268,logits_vs_features,logits,IW residual DIS2 | W=5 | seed=0 (plug-in),True,
iw_residual_dis2,5.0,0.0,10000.0,2000.0,2500.0,500.0,0.9528,0.0,1.0,54.598148345947266,0.5,0.5,0.48350000381469727,0.2500438690185547,,,,,0.047194212081689564,0.0,2500.0,0.0,500.0,0.0,ok,plugin,False,,2499.665104551872,2499.9861775831446,1.0061237349092884,0.9996522169064508,1.0038381868779027,,0.0,0.047194212081689564,0.9528057879183104,0.9528057879183104,False,,,,,,,cifar10,95,DANN,logits,10.0,0.9515999555587769,0.9515999555587769,0.9390000700950623,0.9360000491142273,splits_cifar10_DANN_95_0_b09dc755c62e.npz,b09dc755c62e,False,False,,,,,,,0.9528057879183104,logits_vs_features,logits,IW residual DIS2 | W=5 | seed=0 (plug-in),True,
iw_residual_dis2,5.0,0.0,10000.0,2000.0,2500.0,500.0,0.9476,0.0,1.0,15.170090675354004,0.5,0.5,0.5120000243186951,0.2499927282333374,,,,,0.05250433867073842,0.0,2500.0,0.0,500.0,0.0,ok,plugin,False,,2497.3932455475524,2499.657998592665,1.0286085284895574,0.9982982617247618,1.0174694260297672,,0.0,0.05250433867073842,0.9474956613292616,0.9474956613292616,False,,,,,,,cifar10,1,CDANN,logits,10.0,0.949999988079071,0.949999988079071,0.846500039100647,0.8440000414848328,splits_cifar10_CDANN_1_0_b09dc755c62e.npz,b09dc755c62e,False,False,,,,,,,0.9474956613292616,logits_vs_features,logits,IW residual DIS2 | W=5 | seed=0 (plug-in),True,
iw_residual_dis2,5.0,0.0,10000.0,2000.0,2500.0,500.0,0.9468,0.0,1.0,54.598148345947266,0.5,0.5,0.48100000619888306,0.2500584125518799,,,,,0.05319603762310007,0.0,2500.0,0.0,500.0,0.0,ok,plugin,False,,2498.9610457020863,2499.960930296623,1.013563395964361,0.9994265548504325,1.0065270235931552,,0.0,0.05319603762310007,0.9468039623768999,0.9468039623768999,False,,,,,,,cifar10,10,CDANN,logits,10.0,0.948699951171875,0.948699951171875,0.9160000681877136,0.9120000600814819,splits_cifar10_CDANN_10_0_b09dc755c62e.npz,b09dc755c62e,False,False,,,,,,,0.9468039623768999,logits_vs_features,logits,IW residual DIS2 | W=5 | seed=0 (plug-in),True,
iw_residual_dis2,5.0,0.0,10000.0,2000.0,2500.0,500.0,0.9492,0.0,1.0,54.598148345947266,0.5,0.5,0.4650000035762787,0.25004249811172485,,,,,0.05079030575612145,0.0,2500.0,0.0,500.0,0.0,ok,plugin,False,,2499.46999202274,2499.9783234754614,1.0120593683728807,0.9995410194424087,1.0051221552158527,,0.0,0.05079030575612145,0.9492096942438786,0.9492096942438786,False,,,,,,,cifar10,71,CDANN,logits,10.0,0.9511999487876892,0.9511999487876892,0.9280000329017639,0.9040000438690186,splits_cifar10_CDANN_71_0_b09dc755c62e.npz,b09dc755c62e,False,False,,,,,,,0.9492096942438786,logits_vs_features,logits,IW residual DIS2 | W=5 | seed=0 (plug-in),True,
iw_residual_dis2,5.0,0.0,10000.0,2000.0,2500.0,500.0,0.9516,0.0,1.0,54.598148345947266,0.5,0.5,0.47450000047683716,0.250036358833313,,,,,0.04839748708045496,0.0,2500.0,0.0,500.0,0.0,ok,plugin,False,,2499.626972410137,2499.9879266014955,1.0066564969396654,0.9995390854773687,1.0035422914818688,,0.0,0.04839748708045496,0.951602512919545,0.951602512919545,False,,,,,,,cifar10,95,CDANN,logits,10.0,0.9526000022888184,0.9526000022888184,0.9355000257492065,0.9260000586509705,splits_cifar10_CDANN_95_0_b09dc755c62e.npz,b09dc755c62e,False,False,,,,,,,0.951602512919545,logits_vs_features,logits,IW residual DIS2 | W=5 | seed=0 (plug-in),True,
iw_residual_dis2,5.0,0.0,10000.0,2000.0,2500.0,500.0,0.758,0.0,1.0,5.491447925567627,0.5,0.5,0.5239999890327454,0.2492186278104782,,,,,0.23915412119862045,0.0,2500.0,0.0,500.0,0.0,ok,plugin,False,,2467.9818743558326,2471.2415953613263,1.4042553349704567,0.9849870126168123,1.164483854463959,,0.0,0.23915412119862045,0.7608458788013795,0.7608458788013795,False,,,,,,,cifar100,4,DANN,logits,100.0,0.7841999530792236,0.7841999530792236,0.7440000176429749,0.7760000228881836,splits_cifar100_DANN_4_0_b09dc755c62e.npz,b09dc755c62e,False,True,,,,,,,0.7608458788013795,logits_vs_features,logits,IW residual DIS2 | W=5 | seed=0 (plug-in),True,
iw_residual_dis2,5.0,0.0,10000.0,2000.0,2500.0,500.0,0.76,0.0,1.0,3.8378243446350098,0.5,0.5,0.5189999938011169,0.2482605278491974,,,,,0.23561112858152902,0.0,2500.0,0.0,500.0,0.0,ok,plugin,False,,2446.566909208289,2436.1491685274805,1.6419769033871479,0.9722690455723946,1.2485575030222478,,0.0,0.23561112858152902,0.764388871418471,0.764388871418471,False,,,,,,,cifar100,12,DANN,logits,100.0,0.7831999659538269,0.7831999659538269,0.7545000314712524,0.7860000133514404,splits_cifar100_DANN_12_0_b09dc755c62e.npz,b09dc755c62e,False,True,,,,,,,0.764388871418471,logits_vs_features,logits,IW residual DIS2 | W=5 | seed=0 (plug-in),True,
iw_residual_dis2,5.0,0.0,10000.0,2000.0,2500.0,500.0,0.7596,0.0,1.0,2.802358388900757,0.5,0.5,0.5494999885559082,0.24673324823379517,,,,,0.23318871703695868,0.0,2500.0,0.0,500.0,0.0,ok,plugin,False,,2445.9565559321895,2374.9200454287657,2.3634805940494568,0.9626365028377801,1.3661096021972992,,0.0,0.23318871703695868,0.7668112829630414,0.7668112829630414,False,,,,,,,cifar100,59,DANN,logits,100.0,0.7841999530792236,0.7841999530792236,0.7585000395774841,0.7720000147819519,splits_cifar100_DANN_59_0_b09dc755c62e.npz,b09dc755c62e,False,True,,,,,,,0.7668112829630414,logits_vs_features,logits,IW residual DIS2 | W=5 | seed=0 (plug-in),True,
iw_residual_dis2,5.0,0.0,10000.0,2000.0,2500.0,500.0,0.764,0.0,1.0,6.978378772735596,0.5,0.5,0.5135000348091125,0.24948640167713165,,,,,0.23254424585950542,0.0,2500.0,0.0,500.0,0.0,ok,plugin,False,,2466.625196752198,2480.0872615463854,1.28467736797543,0.9857623570780534,1.1353387546000333,,0.0,0.23254424585950542,0.7674557541404946,0.7674557541404946,False,,,,,,,cifar100,82,DANN,logits,100.0,0.7861999869346619,0.7861999869346619,0.7695000171661377,0.7700000405311584,splits_cifar100_DANN_82_0_b09dc755c62e.npz,b09dc755c62e,True,True,,,,,,,0.7674557541404946,logits_vs_features,logits,IW residual DIS2 | W=5 | seed=0 (plug-in),True,
iw_residual_dis2,5.0,0.0,10000.0,2000.0,2500.0,500.0,0.762,0.0,1.0,5.056149482727051,0.5,0.5,0.5295000076293945,0.24904659390449524,,,,,0.2334186495605029,0.0,2500.0,0.0,500.0,0.0,ok,plugin,False,,2459.7382574489816,2462.8951167450077,1.612166297143988,0.9786892623843662,1.1862365069324659,,0.0,0.2334186495605029,0.7665813504394972,0.7665813504394972,False,,,,,,,cifar100,4,CDANN,logits,100.0,0.7849999666213989,0.7849999666213989,0.7275000214576721,0.7480000257492065,splits_cifar100_CDANN_4_0_b09dc755c62e.npz,b09dc755c62e,False,False,,,,,,,0.7665813504394972,logits_vs_features,logits,IW residual DIS2 | W=5 | seed=0 (plug-in),True,
iw_residual_dis2,5.0,0.0,10000.0,2000.0,2500.0,500.0,0.766,0.0,1.0,2.4864232540130615,0.5,0.5,0.5425000190734863,0.24643674492835999,,,,,0.22773708694791175,0.0,2500.0,0.0,500.0,0.0,ok,plugin,False,,2449.6278052329058,2355.04654186226,2.4704716453660756,0.9594762836122599,1.4041761966564872,,0.0,0.22773708694791175,0.7722629130520883,0.7722629130520883,False,,,,,,,cifar100,12,CDANN,logits,100.0,0.7858999967575073,0.7858999967575073,0.7480000257492065,0.7680000066757202,splits_cifar100_CDANN_12_0_b09dc755c62e.npz,b09dc755c62e,False,False,,,,,,,0.7722629130520883,logits_vs_features,logits,IW residual DIS2 | W=5 | seed=0 (plug-in),True,
iw_residual_dis2,5.0,0.0,10000.0,2000.0,2500.0,500.0,0.7664,0.0,1.0,2.008225202560425,0.5,0.5,0.5509999990463257,0.2439228594303131,,,,,0.22317909315855028,0.0,2500.0,0.0,500.0,0.0,ok,plugin,False,,2443.820225227849,2259.155425657384,3.0077319694624123,0.9320963219959681,1.5513507410602343,,0.0,0.22317909315855028,0.7768209068414498,0.7768209068414498,False,,,,,,,cifar100,59,CDANN,logits,100.0,0.7870000004768372,0.7870000004768372,0.7580000162124634,0.7920000553131104,splits_cifar100_CDANN_59_0_b09dc755c62e.npz,b09dc755c62e,False,True,,,,,,,0.7768209068414498,logits_vs_features,logits,IW residual DIS2 | W=5 | seed=0 (plug-in),True,
iw_residual_dis2,5.0,0.0,10000.0,2000.0,2500.0,500.0,0.7652,0.0,1.0,5.66292667388916,0.5,0.5,0.5170000195503235,0.24932295083999634,,,,,0.22975871767654502,0.0,2500.0,0.0,500.0,0.0,ok,plugin,False,,2459.7809711107875,2471.164719457861,1.3422972489977123,0.9809769135053362,1.1580601273715891,,0.0,0.22975871767654502,0.770241282323455,0.770241282323455,False,,,,,,,cifar100,82,CDANN,logits,100.0,0.7872999906539917,0.7872999906539917,0.7635000348091125,0.7720000147819519,splits_cifar100_CDANN_82_0_b09dc755c62e.npz,b09dc755c62e,False,True,,,,,,,0.770241282323455,logits_vs_features,logits,IW residual DIS2 | W=5 | seed=0 (plug-in),True,
iw_residual_dis2,5.0,0.0,28152.0,9910.0,7040.0,2478.0,0.803125,0.0,1.0,1.2152042388916016,0.5,0.5,0.6491578817367554,0.2188163548707962,30.0,144.0,11.0,65.0,0.19415893968220788,0.055286521388216305,7023.0,17.0,2341.0,137.0,ok,plugin,False,,6399.964298825331,4576.313760282497,4.957584715264676,0.7260521861164562,2.2237033724550974,0.927007299270073,0.02523382234249632,0.2193927620247042,0.7806072379752957,0.7806072379752957,False,4.0,5.0,0.2265734076499939,0.7272727489471436,0.9538461565971375,"[{'epoch': 0, 'best_score': 0.07552444934844971}, {'epoch': 1, 'best_score': 0.16643357276916504}, {'epoch': 2, 'best_score': 0.1510489583015442}, {'epoch': 3, 'best_score': 0.18041956424713135}, {'epoch': 4, 'best_score': 0.2265734076499939}, {'epoch': 5, 'best_score': 0.1958041787147522}, {'epoch': 6, 'best_score': 0.13566434383392334}, {'epoch': 7, 'best_score': 0.1510489583015442}, {'epoch': 8, 'best_score': 0.1510489583015442}, {'epoch': 9, 'best_score': 0.08951050043106079}, {'epoch': 10, 'best_score': 0.08951050043106079}, {'epoch': 11, 'best_score': 0.10489511489868164}, {'epoch': 12, 'best_score': 0.06013983488082886}, {'epoch': 13, 'best_score': 0.06013983488082886}, {'epoch': 14, 'best_score': 0.06013983488082886}, {'epoch': 15, 'best_score': 0.06013983488082886}, {'epoch': 16, 'best_score': 0.04475522041320801}, {'epoch': 17, 'best_score': 0.04475522041320801}, {'epoch': 18, 'best_score': 0.04475522041320801}, {'epoch': 19, 'best_score': 0.04475522041320801}, {'epoch': 20, 'best_score': -0.01538461446762085}, {'epoch': 21, 'best_score': -0.01538461446762085}, {'epoch': 22, 'best_score': -0.01538461446762085}, {'epoch': 23, 'best_score': -0.01538461446762085}, {'epoch': 24, 'best_score': -0.01538461446762085}, {'epoch': 25, 'best_score': -0.01538461446762085}, {'epoch': 26, 'best_score': -0.01538461446762085}, {'epoch': 27, 'best_score': -0.01538461446762085}, {'epoch': 28, 'best_score': -0.01538461446762085}, {'epoch': 29, 'best_score': 0.06013983488082886}, {'epoch': 30, 'best_score': 0.06013983488082886}, {'epoch': 31, 'best_score': 0.07552444934844971}, {'epoch': 32, 'best_score': 0.07552444934844971}, {'epoch': 33, 'best_score': 0.07552444934844971}, {'epoch': 34, 'best_score': 0.07552444934844971}, {'epoch': 35, 'best_score': 0.07552444934844971}, {'epoch': 36, 'best_score': 0.07552444934844971}, {'epoch': 37, 'best_score': 0.07552444934844971}, {'epoch': 38, 'best_score': 0.07552444934844971}, {'epoch': 39, 'best_score': 0.07552444934844971}, {'epoch': 40, 'best_score': 0.07552444934844971}, {'epoch': 41, 'best_score': 0.07552444934844971}, {'epoch': 42, 'best_score': 0.07552444934844971}, {'epoch': 43, 'best_score': 0.07552444934844971}, {'epoch': 44, 'best_score': 0.07552444934844971}, {'epoch': 45, 'best_score': 0.07552444934844971}, {'epoch': 46, 'best_score': 0.07552444934844971}, {'epoch': 47, 'best_score': 0.07552444934844971}, {'epoch': 48, 'best_score': 0.07552444934844971}, {'epoch': 49, 'best_score': 0.07552444934844971}]",domainnet,1,DANN,logits,345.0,0.8072605729103088,0.8072605729103088,0.465893030166626,0.47497981786727905,splits_domainnet_DANN_1_0_b09dc755c62e.npz,b09dc755c62e,False,False,0.29411764705882354,0.7647058823529411,0.16230141691713185,,,,0.7806072379752957,logits_vs_features,logits,IW residual DIS2 | W=5 | seed=0 (plug-in),True,
iw_residual_dis2,5.0,0.0,28152.0,14207.0,7040.0,3553.0,0.8038352272727273,0.0,1.0,1.0665127038955688,0.5,0.5,0.6751638650894165,0.20423626899719238,95.0,593.0,42.0,269.0,0.19126985473637242,0.13819307627357164,6968.0,72.0,3062.0,491.0,ok,plugin,False,,6093.395970191163,4071.732057893657,4.959797236916732,0.6486121950250262,2.371883308296585,0.9511201629327902,0.07193842449260404,0.2632082792289765,0.7367917207710235,0.7367917207710235,False,14.0,22.0,0.25376176834106445,0.6904761791229248,0.9442379474639893,"[{'epoch': 0, 'best_score': 0.07966011762619019}, {'epoch': 1, 'best_score': 0.24482208490371704}, {'epoch': 2, 'best_score': 0.2203044891357422}, {'epoch': 3, 'best_score': 0.22180914878845215}, {'epoch': 4, 'best_score': 0.2180916666984558}, {'epoch': 5, 'best_score': 0.20171713829040527}, {'epoch': 6, 'best_score': 0.2180916666984558}, {'epoch': 7, 'best_score': 0.2441139817237854}, {'epoch': 8, 'best_score': 0.2150822877883911}, {'epoch': 9, 'best_score': 0.22402197122573853}, {'epoch': 10, 'best_score': 0.2314569354057312}, {'epoch': 11, 'best_score': 0.2314569354057312}, {'epoch': 12, 'best_score': 0.24260932207107544}, {'epoch': 13, 'best_score': 0.24632680416107178}, {'epoch': 14, 'best_score': 0.25376176834106445}, {'epoch': 15, 'best_score': 0.24632680416107178}, {'epoch': 16, 'best_score': 0.22623473405838013}, {'epoch': 17, 'best_score': 0.22623473405838013}, {'epoch': 18, 'best_score': 0.23366963863372803}, {'epoch': 19, 'best_score': 0.22995221614837646}, {'epoch': 20, 'best_score': 0.20986014604568481}, {'epoch': 21, 'best_score': 0.19720304012298584}, {'epoch': 22, 'best_score': 0.19720304012298584}, {'epoch': 23, 'best_score': 0.18233317136764526}, {'epoch': 24, 'best_score': 0.16595858335494995}, {'epoch': 25, 'best_score': 0.17339354753494263}, {'epoch': 26, 'best_score': 0.17339354753494263}, {'epoch': 27, 'best_score': 0.1696760654449463}, {'epoch': 28, 'best_score': 0.1696760654449463}, {'epoch': 29, 'best_score': 0.1808285117149353}, {'epoch': 30, 'best_score': 0.17711102962493896}, {'epoch': 31, 'best_score': 0.17711102962493896}, {'epoch': 32, 'best_score': 0.17711102962493896}, {'epoch': 33, 'best_score': 0.17711102962493896}, {'epoch': 34, 'best_score': 0.17711102962493896}, {'epoch': 35, 'best_score': 0.18454593420028687}, {'epoch': 36, 'best_score': 0.18454593420028687}, {'epoch': 37, 'best_score': 0.1808285117149353}, {'epoch': 38, 'best_score': 0.18454593420028687}, {'epoch': 39, 'best_score': 0.18454593420028687}, {'epoch': 40, 'best_score': 0.18454593420028687}, {'epoch': 41, 'best_score': 0.1882634162902832}, {'epoch': 42, 'best_score': 0.1882634162902832}, {'epoch': 43, 'best_score': 0.1882634162902832}, {'epoch': 44, 'best_score': 0.1882634162902832}, {'epoch': 45, 'best_score': 0.1882634162902832}, {'epoch': 46, 'best_score': 0.1882634162902832}, {'epoch': 47, 'best_score': 0.1882634162902832}, {'epoch': 48, 'best_score': 0.1882634162902832}, {'epoch': 49, 'best_score': 0.19198089838027954}]",domainnet,2,DANN,logits,345.0,0.8101378083229065,0.8101378083229065,0.38572534918785095,0.38727834820747375,splits_domainnet_DANN_2_0_b09dc755c62e.npz,b09dc755c62e,False,False,0.18055555555555555,0.6111111111111112,0.34000905182167906,,,,0.7367917207710235,logits_vs_features,logits,IW residual DIS2 | W=5 | seed=0 (plug-in),True,
iw_residual_dis2,5.0,0.0,28152.0,15295.0,7040.0,3825.0,0.8072443181818182,0.0,1.0,0.9051699638366699,0.5,0.5,0.6486807465553284,0.2190219759941101,88.0,215.0,35.0,118.0,0.19952144784713002,0.045228758169934644,6969.0,71.0,3652.0,173.0,ok,plugin,False,,6837.4814412708565,4344.051405529227,4.987322519838667,0.7529801632015857,2.540982708064011,0.9421965317919075,0.015222314277823805,0.21474376212495383,0.7852562378750462,0.7852562378750462,False,7.0,20.0,0.3861985206604004,0.5714285969734192,0.9576271176338196,"[{'epoch': 0, 'best_score': 0.16295397281646729}, {'epoch': 1, 'best_score': 0.2888619899749756}, {'epoch': 2, 'best_score': 0.2920096516609192}, {'epoch': 3, 'best_score': 0.337530255317688}, {'epoch': 4, 'best_score': 0.3205810785293579}, {'epoch': 5, 'best_score': 0.3692493438720703}, {'epoch': 6, 'best_score': 0.37772393226623535}, {'epoch': 7, 'best_score': 0.3861985206604004}, {'epoch': 8, 'best_score': 0.3661016821861267}, {'epoch': 9, 'best_score': 0.3174334168434143}, {'epoch': 10, 'best_score': 0.2920096516609192}, {'epoch': 11, 'best_score': 0.2888619899749756}, {'epoch': 12, 'best_score': 0.30048424005508423}, {'epoch': 13, 'best_score': 0.30895882844924927}, {'epoch': 14, 'best_score': 0.30048424005508423}, {'epoch': 15, 'best_score': 0.32905566692352295}, {'epoch': 16, 'best_score': 0.32905566692352295}, {'epoch': 17, 'best_score': 0.32905566692352295}, {'epoch': 18, 'best_score': 0.32905566692352295}, {'epoch': 19, 'best_score': 0.32905566692352295}, {'epoch': 20, 'best_score': 0.32905566692352295}, {'epoch': 21, 'best_score': 0.32905566692352295}, {'epoch': 22, 'best_score': 0.32905566692352295}, {'epoch': 23, 'best_score': 0.337530255317688}, {'epoch': 24, 'best_score': 0.337530255317688}, {'epoch': 25, 'best_score': 0.346004843711853}, {'epoch': 26, 'best_score': 0.346004843711853}, {'epoch': 27, 'best_score': 0.346004843711853}, {'epoch': 28, 'best_score': 0.3544793725013733}, {'epoch': 29, 'best_score': 0.36295396089553833}, {'epoch': 30, 'best_score': 0.36295396089553833}, {'epoch': 31, 'best_score': 0.36295396089553833}, {'epoch': 32, 'best_score': 0.36295396089553833}, {'epoch': 33, 'best_score': 0.36295396089553833}, {'epoch': 34, 'best_score': 0.36295396089553833}, {'epoch': 35, 'best_score': 0.36295396089553833}, {'epoch': 36, 'best_score': 0.36295396089553833}, {'epoch': 37, 'best_score': 0.36295396089553833}, {'epoch': 38, 'best_score': 0.32590794563293457}, {'epoch': 39, 'best_score': 0.32590794563293457}, {'epoch': 40, 'best_score': 0.32590794563293457}, {'epoch': 41, 'best_score': 0.32590794563293457}, {'epoch': 42, 'best_score': 0.32590794563293457}, {'epoch': 43, 'best_score': 0.32590794563293457}, {'epoch': 44, 'best_score': 0.32590794563293457}, {'epoch': 45, 'best_score': 0.32590794563293457}, {'epoch': 46, 'best_score': 0.32590794563293457}, {'epoch': 47, 'best_score': 0.32590794563293457}, {'epoch': 48, 'best_score': 0.32590794563293457}, {'epoch': 49, 'best_score': 0.32590794563293457}]",domainnet,3,DANN,logits,345.0,0.8096050024032593,0.8096050024032593,0.4719189405441284,0.46562090516090393,splits_domainnet_DANN_3_0_b09dc755c62e.npz,b09dc755c62e,False,False,0.15492957746478872,0.7605633802816901,0.18163315151021742,,,,0.7852562378750462,logits_vs_features,logits,IW residual DIS2 | W=5 | seed=0 (plug-in),True,
iw_residual_dis2,5.0,0.0,28152.0,9910.0,7040.0,2478.0,0.8025568181818181,0.0,1.0,0.8766927123069763,0.5,0.5,0.7155721187591553,0.1901533603668213,156.0,529.0,78.0,257.0,0.1704863157138259,0.17231638418079095,6914.0,126.0,2051.0,427.0,ok,plugin,False,,5509.782073122725,3529.2874938447417,4.973098368777949,0.539289817556307,2.4404967754149456,0.9039812646370023,0.08192090395480225,0.2524072196686281,0.7475927803313719,0.7475927803313719,False,5.0,25.0,0.1991918683052063,0.7307692170143127,0.929961085319519,"[{'epoch': 0, 'best_score': 0.06021153926849365}, {'epoch': 1, 'best_score': 0.19460242986679077}, {'epoch': 2, 'best_score': 0.15569192171096802}, {'epoch': 3, 'best_score': 0.17858922481536865}, {'epoch': 4, 'best_score': 0.18248027563095093}, {'epoch': 5, 'best_score': 0.1991918683052063}, {'epoch': 6, 'best_score': 0.15569192171096802}, {'epoch': 7, 'best_score': 0.15065348148345947}, {'epoch': 8, 'best_score': 0.16347402334213257}, {'epoch': 9, 'best_score': 0.15065348148345947}, {'epoch': 10, 'best_score': 0.15454453229904175}, {'epoch': 11, 'best_score': 0.1456151008605957}, {'epoch': 12, 'best_score': 0.15065348148345947}, {'epoch': 13, 'best_score': 0.15339720249176025}, {'epoch': 14, 'best_score': 0.15728825330734253}, {'epoch': 15, 'best_score': 0.14172405004501343}, {'epoch': 16, 'best_score': 0.14057666063308716}, {'epoch': 17, 'best_score': 0.1623266339302063}, {'epoch': 18, 'best_score': 0.14950615167617798}, {'epoch': 19, 'best_score': 0.14950615167617798}, {'epoch': 20, 'best_score': 0.1611793041229248}, {'epoch': 21, 'best_score': 0.1611793041229248}, {'epoch': 22, 'best_score': 0.1611793041229248}, {'epoch': 23, 'best_score': 0.16507035493850708}, {'epoch': 24, 'best_score': 0.15728825330734253}, {'epoch': 25, 'best_score': 0.15339720249176025}, {'epoch': 26, 'best_score': 0.14057666063308716}, {'epoch': 27, 'best_score': 0.14446771144866943}, {'epoch': 28, 'best_score': 0.1483587622642517}, {'epoch': 29, 'best_score': 0.1483587622642517}, {'epoch': 30, 'best_score': 0.1483587622642517}, {'epoch': 31, 'best_score': 0.1483587622642517}, {'epoch': 32, 'best_score': 0.1483587622642517}, {'epoch': 33, 'best_score': 0.15614086389541626}, {'epoch': 34, 'best_score': 0.15614086389541626}, {'epoch': 35, 'best_score': 0.15614086389541626}, {'epoch': 36, 'best_score': 0.16507035493850708}, {'epoch': 37, 'best_score': 0.15224981307983398}, {'epoch': 38, 'best_score': 0.15224981307983398}, {'epoch': 39, 'best_score': 0.1483587622642517}, {'epoch': 40, 'best_score': 0.1483587622642517}, {'epoch': 41, 'best_score': 0.14446771144866943}, {'epoch': 42, 'best_score': 0.14446771144866943}, {'epoch': 43, 'best_score': 0.14446771144866943}, {'epoch': 44, 'best_score': 0.14446771144866943}, {'epoch': 45, 'best_score': 0.14446771144866943}, {'epoch': 46, 'best_score': 0.14446771144866943}, {'epoch': 47, 'best_score': 0.14446771144866943}, {'epoch': 48, 'best_score': 0.1483587622642517}, {'epoch': 49, 'best_score': 0.1483587622642517}]",domainnet,1,CDANN,logits,345.0,0.8055910468101501,0.8055910468101501,0.5121089816093445,0.5205811262130737,splits_domainnet_CDANN_1_0_b09dc755c62e.npz,b09dc755c62e,False,False,0.23809523809523808,0.6666666666666666,0.23731459797033572,,,,0.7475927803313719,logits_vs_features,logits,IW residual DIS2 | W=5 | seed=0 (plug-in),True,
iw_residual_dis2,5.0,0.0,28152.0,14207.0,7040.0,3553.0,0.8004261363636364,0.0,1.0,0.8212013840675354,0.5,0.5,0.7187232375144958,0.18246705830097198,180.0,1059.0,88.0,545.0,0.1672404588437109,0.2637207993245145,6865.0,175.0,2616.0,937.0,ok,plugin,False,,5163.682344776824,3246.5932874045357,4.985587329775488,0.47494575572255193,2.4601614214573457,0.8954108858057631,0.10955249085280043,0.2767929496965113,0.7232070503034886,0.7232070503034886,False,4.0,28.0,0.3719766139984131,0.5454545617103577,0.9174311757087708,"[{'epoch': 0, 'best_score': 0.11032110452651978}, {'epoch': 1, 'best_score': 0.251417875289917}, {'epoch': 2, 'best_score': 0.310425341129303}, {'epoch': 3, 'best_score': 0.33202672004699707}, {'epoch': 4, 'best_score': 0.3719766139984131}, {'epoch': 5, 'best_score': 0.35842370986938477}, {'epoch': 6, 'best_score': 0.35439950227737427}, {'epoch': 7, 'best_score': 0.33350706100463867}, {'epoch': 8, 'best_score': 0.3217889666557312}, {'epoch': 9, 'best_score': 0.32326942682266235}, {'epoch': 10, 'best_score': 0.3177648186683655}, {'epoch': 11, 'best_score': 0.31592994928359985}, {'epoch': 12, 'best_score': 0.30604666471481323}, {'epoch': 13, 'best_score': 0.30604666471481323}, {'epoch': 14, 'best_score': 0.2884695529937744}, {'epoch': 15, 'best_score': 0.26242703199386597}, {'epoch': 16, 'best_score': 0.2587572932243347}, {'epoch': 17, 'best_score': 0.26059216260910034}, {'epoch': 18, 'best_score': 0.26059216260910034}, {'epoch': 19, 'best_score': 0.26059216260910034}, {'epoch': 20, 'best_score': 0.24301499128341675}, {'epoch': 21, 'best_score': 0.25437861680984497}, {'epoch': 22, 'best_score': 0.23567557334899902}, {'epoch': 23, 'best_score': 0.24887406826019287}, {'epoch': 24, 'best_score': 0.24887406826019287}, {'epoch': 25, 'best_score': 0.25437861680984497}, {'epoch': 26, 'best_score': 0.2393452525138855}, {'epoch': 27, 'best_score': 0.22798162698745728}, {'epoch': 28, 'best_score': 0.22798162698745728}, {'epoch': 29, 'best_score': 0.21661800146102905}, {'epoch': 30, 'best_score': 0.21661800146102905}, {'epoch': 31, 'best_score': 0.21661800146102905}, {'epoch': 32, 'best_score': 0.22064220905303955}, {'epoch': 33, 'best_score': 0.22247707843780518}, {'epoch': 34, 'best_score': 0.22247707843780518}, {'epoch': 35, 'best_score': 0.2243119478225708}, {'epoch': 36, 'best_score': 0.22247707843780518}, {'epoch': 37, 'best_score': 0.2243119478225708}, {'epoch': 38, 'best_score': 0.2243119478225708}, {'epoch': 39, 'best_score': 0.2202877402305603}, {'epoch': 40, 'best_score': 0.22395747900009155}, {'epoch': 41, 'best_score': 0.22395747900009155}, {'epoch': 42, 'best_score': 0.23348623514175415}, {'epoch': 43, 'best_score': 0.23348623514175415}, {'epoch': 44, 'best_score': 0.23348623514175415}, {'epoch': 45, 'best_score': 0.23348623514175415}, {'epoch': 46, 'best_score': 0.23532110452651978}, {'epoch': 47, 'best_score': 0.23532110452651978}, {'epoch': 48, 'best_score': 0.23532110452651978}, {'epoch': 49, 'best_score': 0.23348623514175415}]",domainnet,2,CDANN,logits,345.0,0.8071539998054504,0.8071539998054504,0.42063772678375244,0.4218969941139221,splits_domainnet_CDANN_2_0_b09dc755c62e.npz,b09dc755c62e,False,False,0.14857142857142858,0.6285714285714286,0.26683945723433455,,,,0.7232070503034886,logits_vs_features,logits,IW residual DIS2 | W=5 | seed=0 (plug-in),True,
iw_residual_dis2,5.0,0.0,28152.0,15295.0,7040.0,3825.0,0.8063920454545455,0.0,1.0,0.8649395108222961,0.5,0.5,0.6886382102966309,0.20106446743011475,182.0,601.0,91.0,324.0,0.1798773612378582,0.1338562091503268,6894.0,146.0,3313.0,512.0,ok,plugin,False,,5968.239942074566,3694.899690914633,4.954372230035607,0.6044255808220872,2.6159530026010374,0.890625,0.0495371116483123,0.2294144728861705,0.7705855271138295,0.7705855271138295,False,6.0,4.0,0.24460721015930176,0.6813187003135681,0.9259259104728699,"[{'epoch': 0, 'best_score': 0.10063081979751587}, {'epoch': 1, 'best_score': 0.1387871503829956}, {'epoch': 2, 'best_score': 0.1954619288444519}, {'epoch': 3, 'best_score': 0.21028351783752441}, {'epoch': 4, 'best_score': 0.2322615385055542}, {'epoch': 5, 'best_score': 0.23534798622131348}, {'epoch': 6, 'best_score': 0.24460721015930176}, {'epoch': 7, 'best_score': 0.22880202531814575}, {'epoch': 8, 'best_score': 0.21472662687301636}, {'epoch': 9, 'best_score': 0.2033645510673523}, {'epoch': 10, 'best_score': 0.1954619288444519}, {'epoch': 11, 'best_score': 0.1923755407333374}, {'epoch': 12, 'best_score': 0.184472918510437}, {'epoch': 13, 'best_score': 0.184472918510437}, {'epoch': 14, 'best_score': 0.17348390817642212}, {'epoch': 15, 'best_score': 0.16249489784240723}, {'epoch': 16, 'best_score': 0.16249489784240723}, {'epoch': 17, 'best_score': 0.1655813455581665}, {'epoch': 18, 'best_score': 0.1545923352241516}, {'epoch': 19, 'best_score': 0.1576787233352661}, {'epoch': 20, 'best_score': 0.14668971300125122}, {'epoch': 21, 'best_score': 0.1497761607170105}, {'epoch': 22, 'best_score': 0.1607651710510254}, {'epoch': 23, 'best_score': 0.1497761607170105}, {'epoch': 24, 'best_score': 0.14668971300125122}, {'epoch': 25, 'best_score': 0.1387871503829956}, {'epoch': 26, 'best_score': 0.13570070266723633}, {'epoch': 27, 'best_score': 0.1387871503829956}, {'epoch': 28, 'best_score': 0.1497761607170105}, {'epoch': 29, 'best_score': 0.14668971300125122}, {'epoch': 30, 'best_score': 0.14668971300125122}, {'epoch': 31, 'best_score': 0.13570070266723633}, {'epoch': 32, 'best_score': 0.14668971300125122}, {'epoch': 33, 'best_score': 0.14668971300125122}, {'epoch': 34, 'best_score': 0.14668971300125122}, {'epoch': 35, 'best_score': 0.14360332489013672}, {'epoch': 36, 'best_score': 0.14360332489013672}, {'epoch': 37, 'best_score': 0.14360332489013672}, {'epoch': 38, 'best_score': 0.14051687717437744}, {'epoch': 39, 'best_score': 0.14360332489013672}, {'epoch': 40, 'best_score': 0.14360332489013672}, {'epoch': 41, 'best_score': 0.14051687717437744}, {'epoch': 42, 'best_score': 0.14051687717437744}, {'epoch': 43, 'best_score': 0.14051687717437744}, {'epoch': 44, 'best_score': 0.12952786684036255}, {'epoch': 45, 'best_score': 0.13743048906326294}, {'epoch': 46, 'best_score': 0.13743048906326294}, {'epoch': 47, 'best_score': 0.13434404134750366}, {'epoch': 48, 'best_score': 0.13434404134750366}, {'epoch': 49, 'best_score': 0.13434404134750366}]",domainnet,3,CDANN,logits,345.0,0.8074381947517395,0.8074381947517395,0.49369075894355774,0.48549020290374756,splits_domainnet_CDANN_3_0_b09dc755c62e.npz,b09dc755c62e,False,False,0.2191780821917808,0.7397260273972602,0.15089897260273977,,,,0.7705855271138295,logits_vs_features,logits,IW residual DIS2 | W=5 | seed=0 (plug-in),True,
iw_residual_dis2,5.0,0.0,1700.0,8804.0,425.0,2203.0,0.8658823529411764,0.0,1.0,16.756206512451172,0.5,0.5,0.5182152390480042,0.24998150765895844,,,,,0.13440250150973013,0.0,425.0,0.0,2203.0,0.0,ok,plugin,False,,425.7139188017252,424.86625879663194,1.0612811485222913,0.9998074373474651,1.0357852693822998,,0.0,0.13440250150973013,0.8655974984902699,0.8655974984902699,False,,,,,,,living17,1,DANN,logits,17.0,0.8994117379188538,0.8994117379188538,0.6758291721343994,0.6876986026763916,splits_living17_DANN_1_0_b09dc755c62e.npz,b09dc755c62e,False,False,,,,,,,0.8655974984902699,logits_vs_features,logits,IW residual DIS2 | W=5 | seed=0 (plug-in),True,
iw_residual_dis2,5.0,0.0,1700.0,68.0,425.0,19.0,0.8823529411764706,0.0,1.0,54.598148345947266,0.5,0.5,0.386274516582489,0.2505391836166382,,,,,0.11527369713515521,0.0,425.0,0.0,19.0,0.0,ok,plugin,False,,418.91730653790717,424.70318210046617,1.0586324638397553,0.9846885207200412,1.02813654610826,,0.0,0.11527369713515521,0.8847263028648448,0.8847263028648448,False,,,,,,,living17,2,DANN,logits,17.0,0.9094117283821106,0.9094117283821106,0.8970588445663452,0.8421052694320679,splits_living17_DANN_2_0_b09dc755c62e.npz,b09dc755c62e,True,False,,,,,,,0.8847263028648448,logits_vs_features,logits,IW residual DIS2 | W=5 | seed=0 (plug-in),True,
iw_residual_dis2,5.0,0.0,1700.0,68.0,425.0,19.0,0.8894117647058823,0.0,1.0,7.57162618637085,0.5,0.5,0.501960813999176,0.24727191030979156,,,,,0.10234834389651595,0.0,425.0,0.0,19.0,0.0,ok,plugin,False,,397.8374561170127,412.0984209205271,1.5756817925313693,0.9067214651156508,1.265744834394328,,0.0,0.10234834389651595,0.8976516561034841,0.8976516561034841,False,,,,,,,living17,3,DANN,logits,17.0,0.9052940607070923,0.9052940607070923,0.5882353186607361,0.6842105388641357,splits_living17_DANN_3_0_b09dc755c62e.npz,b09dc755c62e,False,False,,,,,,,0.8976516561034841,logits_vs_features,logits,IW residual DIS2 | W=5 | seed=0 (plug-in),True,
iw_residual_dis2,5.0,0.0,1700.0,8804.0,425.0,2203.0,0.8894117647058823,0.0,1.0,11.750850677490234,0.5,0.5,0.5014705657958984,0.2499570995569229,,,,,0.11126764865826196,0.0,425.0,0.0,2203.0,0.0,ok,plugin,False,,426.08420396009734,424.696152932278,1.103055487160864,1.0032600364648732,1.050696652820813,,0.0,0.11126764865826196,0.888732351341738,0.888732351341738,False,,,,,,,living17,1,CDANN,logits,17.0,0.9052940607070923,0.9052940607070923,0.6863925457000732,0.6981388926506042,splits_living17_CDANN_1_0_b09dc755c62e.npz,b09dc755c62e,False,False,,,,,,,0.888732351341738,logits_vs_features,logits,IW residual DIS2 | W=5 | seed=0 (plug-in),True,
iw_residual_dis2,5.0,0.0,1700.0,68.0,425.0,19.0,0.8917647058823529,0.0,1.0,54.598148345947266,0.5,0.5,0.5049019455909729,0.2506290674209595,,,,,0.10663075780699113,0.0,425.0,0.0,19.0,0.0,ok,plugin,False,,420.0787161721404,424.8003173714308,1.0622783326012735,0.9874614814400315,1.0250536946908158,,0.0,0.10663075780699113,0.8933692421930088,0.8933692421930088,False,,,,,,,living17,2,CDANN,logits,17.0,0.9094117283821106,0.9094117283821106,0.8676470518112183,0.8421052694320679,splits_living17_CDANN_2_0_b09dc755c62e.npz,b09dc755c62e,False,False,,,,,,,0.8933692421930088,logits_vs_features,logits,IW residual DIS2 | W=5 | seed=0 (plug-in),True,
iw_residual_dis2,5.0,0.0,1700.0,68.0,425.0,19.0,0.8823529411764706,0.0,1.0,54.598148345947266,0.5,0.5,0.5470588207244873,0.25016355514526367,,,,,0.11620512572633702,0.0,425.0,0.0,19.0,0.0,ok,plugin,False,,421.52037358016673,424.79365637634123,1.0574743452587514,0.9908828841757463,1.0305761199853098,,0.0,0.11620512572633702,0.883794874273663,0.883794874273663,False,,,,,,,living17,3,CDANN,logits,17.0,0.9052940607070923,0.9052940607070923,0.5588235259056091,0.6315789222717285,splits_living17_CDANN_3_0_b09dc755c62e.npz,b09dc755c62e,False,False,,,,,,,0.883794874273663,logits_vs_features,logits,IW residual DIS2 | W=5 | seed=0 (plug-in),True,
iw_residual_dis2,5.0,0.0,2600.0,13282.0,650.0,3322.0,0.8046153846153846,0.0,1.0,12.373048782348633,0.5,0.5,0.49578893184661865,0.24997884035110474,,,,,0.1953306662241803,0.0,650.0,0.0,3322.0,0.0,ok,plugin,False,,650.5700602589743,649.7727854777203,1.0844597336415018,1.0017832600681866,1.0304142378909953,,0.0,0.1953306662241803,0.8046693337758197,0.8046693337758197,False,,,,,,,nonliving26,1,DANN,logits,26.0,0.8126922845840454,0.8126922845840454,0.5122722387313843,0.5192654728889465,splits_nonliving26_DANN_1_0_b09dc755c62e.npz,b09dc755c62e,False,False,,,,,,,0.8046693337758197,logits_vs_features,logits,IW residual DIS2 | W=5 | seed=0 (plug-in),True,
iw_residual_dis2,5.0,0.0,2600.0,104.0,650.0,28.0,0.8292307692307692,0.0,1.0,54.598148345947266,0.5,0.5,0.38846156001091003,0.25114089250564575,,,,,0.16928835900196756,0.0,650.0,0.0,28.0,0.0,ok,plugin,False,,644.5054915247124,649.6497218998405,1.083841619850997,0.9902270713354869,1.0315954847034363,,0.0,0.16928835900196756,0.8307116409980324,0.8307116409980324,False,,,,,,,nonliving26,2,DANN,logits,26.0,0.8176922798156738,0.8176922798156738,0.75,0.7142857313156128,splits_nonliving26_DANN_2_0_b09dc755c62e.npz,b09dc755c62e,False,False,,,,,,,0.8307116409980324,logits_vs_features,logits,IW residual DIS2 | W=5 | seed=0 (plug-in),True,
iw_residual_dis2,5.0,0.0,2600.0,104.0,650.0,28.0,0.8246153846153846,0.0,1.0,54.598148345947266,0.5,0.5,0.5365384817123413,0.25105389952659607,,,,,0.1741453063713572,0.0,650.0,0.0,28.0,0.0,ok,plugin,False,,645.0326499819731,649.7080949542882,1.0594409484206764,0.9929202071237218,1.0243252824099547,,0.0,0.1741453063713572,0.8258546936286428,0.8258546936286428,False,,,,,,,nonliving26,3,DANN,logits,26.0,0.8146153688430786,0.8146153688430786,0.4038461744785309,0.3214285969734192,splits_nonliving26_DANN_3_0_b09dc755c62e.npz,b09dc755c62e,False,False,,,,,,,0.8258546936286428,logits_vs_features,logits,IW residual DIS2 | W=5 | seed=0 (plug-in),True,
iw_residual_dis2,5.0,0.0,2600.0,13282.0,650.0,3322.0,0.8169230769230769,0.0,1.0,7.686832904815674,0.5,0.5,0.5021895170211792,0.2498849332332611,,,,,0.18470858540349727,0.0,650.0,0.0,3322.0,0.0,ok,plugin,False,,652.078458608405,648.7735821328986,1.154293146524031,1.0011564015750678,1.0730162357120294,,0.0,0.18470858540349727,0.8152914145965027,0.8152914145965027,False,,,,,,,nonliving26,1,CDANN,logits,26.0,0.8176922798156738,0.8176922798156738,0.5332028269767761,0.5352197289466858,splits_nonliving26_CDANN_1_0_b09dc755c62e.npz,b09dc755c62e,False,False,,,,,,,0.8152914145965027,logits_vs_features,logits,IW residual DIS2 | W=5 | seed=0 (plug-in),True,
iw_residual_dis2,5.0,0.0,2600.0,104.0,650.0,28.0,0.8138461538461539,0.0,1.0,54.598148345947266,0.5,0.5,0.48653846979141235,0.25163984298706055,,,,,0.1845057090510275,0.0,650.0,0.0,28.0,0.0,ok,plugin,False,,644.9818944649705,649.6228527621274,1.0793665205549292,0.9921471149917618,1.0302029240740564,,0.0,0.1845057090510275,0.8154942909489725,0.8154942909489725,False,,,,,,,nonliving26,2,CDANN,logits,26.0,0.8165384531021118,0.8165384531021118,0.7692307829856873,0.7500000596046448,splits_nonliving26_CDANN_2_0_b09dc755c62e.npz,b09dc755c62e,False,False,,,,,,,0.8154942909489725,logits_vs_features,logits,IW residual DIS2 | W=5 | seed=0 (plug-in),True,
iw_residual_dis2,5.0,0.0,2600.0,104.0,650.0,28.0,0.8123076923076923,0.0,1.0,54.598148345947266,0.5,0.5,0.4596153795719147,0.2510206997394562,,,,,0.1850543678115881,0.0,650.0,0.0,28.0,0.0,ok,plugin,False,,643.5940549638867,649.6215182317272,1.084804199780962,0.990470618796623,1.0240975172141382,,0.0,0.1850543678115881,0.8149456321884119,0.8149456321884119,False,,,,,,,nonliving26,3,CDANN,logits,26.0,0.822692334651947,0.822692334651947,0.4038461744785309,0.3214285969734192,splits_nonliving26_CDANN_3_0_b09dc755c62e.npz,b09dc755c62e,False,False,,,,,,,0.8149456321884119,logits_vs_features,logits,IW residual DIS2 | W=5 | seed=0 (plug-in),True,
iw_residual_dis2,5.0,0.0,11745.0,35070.0,2938.0,8768.0,0.6388699795779442,0.0,1.0,1.3752713203430176,0.5,0.5,0.5431007146835327,0.24704568088054657,,,,,0.3477126161235499,0.0,2938.0,0.0,8768.0,0.0,ok,plugin,False,,2928.57190049212,2803.9752075361216,1.9233309087236736,0.9926772360639708,1.3669665766860113,,0.0,0.3477126161235499,0.65228738387645,0.65228738387645,False,,,,,,,fmow,1,DANN,logits,62.0,0.6519370079040527,0.6519370079040527,0.6103222370147705,0.6077782511711121,splits_fmow_DANN_1_0_b09dc755c62e.npz,b09dc755c62e,False,False,,,,,,,0.65228738387645,logits_vs_features,logits,IW residual DIS2 | W=5 | seed=0 (plug-in),True,
iw_residual_dis2,5.0,0.0,11745.0,39088.0,2938.0,9774.0,0.6344452008168822,0.0,1.0,1.2399344444274902,0.5,0.5,0.5546964406967163,0.24482622742652893,,,,,0.3673036530978637,0.0,2938.0,0.0,9774.0,0.0,ok,plugin,False,,2945.117958133911,2704.468852578369,2.6627065634701013,0.9760132760988952,1.5307993979399945,,0.0,0.3673036530978637,0.6326963469021363,0.6326963469021363,False,,,,,,,fmow,2,DANN,logits,62.0,0.6504895687103271,0.6504895687103271,0.5482756495475769,0.5545324683189392,splits_fmow_DANN_2_0_b09dc755c62e.npz,b09dc755c62e,False,False,,,,,,,0.6326963469021363,logits_vs_features,logits,IW residual DIS2 | W=5 | seed=0 (plug-in),True,
iw_residual_dis2,5.0,0.0,11745.0,35070.0,2938.0,8768.0,0.6466984343090538,0.0,1.0,1.8349958658218384,0.5,0.5,0.5341331958770752,0.24863222241401672,,,,,0.3426043167961404,0.0,2938.0,0.0,8768.0,0.0,ok,plugin,False,,2918.0342649050135,2868.1767215168447,1.6569677801272777,0.9914839096654237,1.25340373746778,,0.0,0.3426043167961404,0.6573956832038597,0.6573956832038597,False,,,,,,,fmow,1,CDANN,logits,62.0,0.6558535695075989,0.6558535695075989,0.605617344379425,0.6010492444038391,splits_fmow_CDANN_1_0_b09dc755c62e.npz,b09dc755c62e,False,False,,,,,,,0.6573956832038597,logits_vs_features,logits,IW residual DIS2 | W=5 | seed=0 (plug-in),True,
iw_residual_dis2,5.0,0.0,11745.0,39088.0,2938.0,9774.0,0.6446562287270252,0.0,1.0,1.397735834121704,0.5,0.5,0.5392557382583618,0.2475474327802658,,,,,0.35233544391650923,0.0,2938.0,0.0,9774.0,0.0,ok,plugin,False,,2931.536540979115,2811.918477682402,2.168086261684489,0.9778363162302368,1.3653721103842063,,0.0,0.35233544391650923,0.6476645560834908,0.6476645560834908,False,,,,,,,fmow,2,CDANN,logits,62.0,0.6548318862915039,0.6548318862915039,0.5420845150947571,0.5445058345794678,splits_fmow_CDANN_2_0_b09dc755c62e.npz,b09dc755c62e,False,False,,,,,,,0.6476645560834908,logits_vs_features,logits,IW residual DIS2 | W=5 | seed=0 (plug-in),True,
iw_residual_dis2,5.0,0.0,731.0,898.0,184.0,227.0,0.9239130434782609,0.0,1.0,54.598148345947266,0.5,0.5,0.516776978969574,0.2501116991043091,,,,,0.07597543998111349,0.0,184.0,0.0,227.0,0.0,ok,plugin,False,,184.23525362979393,183.901066334617,1.0869976501999623,1.000905368661038,1.040020008602836,,0.0,0.07597543998111349,0.9240245600188866,0.9240245600188866,False,,,,,,,officehome,1,DANN,logits,65.0,0.922024667263031,0.922024667263031,0.7193763852119446,0.7268722057342529,splits_officehome_DANN_1_0_b09dc755c62e.npz,b09dc755c62e,False,False,,,,,,,0.9240245600188866,logits_vs_features,logits,IW residual DIS2 | W=5 | seed=0 (plug-in),True,
iw_residual_dis2,5.0,0.0,731.0,893.0,184.0,226.0,0.9021739130434783,0.0,1.0,2.617790937423706,0.5,0.5,0.5187009572982788,0.24238869547843933,,,,,0.1047238546381186,0.0,184.0,0.0,226.0,0.0,ok,plugin,False,,189.17538739620767,165.6582071028345,2.388911781376032,0.9793994916700876,1.6431432429612796,,0.0,0.1047238546381186,0.8952761453618814,0.8952761453618814,False,,,,,,,officehome,2,DANN,logits,65.0,0.915184736251831,0.915184736251831,0.44904816150665283,0.45132744312286377,splits_officehome_DANN_2_0_b09dc755c62e.npz,b09dc755c62e,False,False,,,,,,,0.8952761453618814,logits_vs_features,logits,IW residual DIS2 | W=5 | seed=0 (plug-in),True,
iw_residual_dis2,5.0,0.0,731.0,507.0,184.0,128.0,0.9130434782608696,0.0,1.0,26.049518585205078,0.5,0.5,0.5082191228866577,0.2497924417257309,,,,,0.0866913116969914,0.0,184.0,0.0,128.0,0.0,ok,plugin,False,,182.3591993506694,183.39954003699063,1.1721688523178841,0.9901303451797778,1.0828212096182739,,0.0,0.0866913116969914,0.9133086883030086,0.9133086883030086,False,,,,,,,officehome,3,DANN,logits,65.0,0.9056087732315063,0.9056087732315063,0.5364891290664673,0.5625,splits_officehome_DANN_3_0_b09dc755c62e.npz,b09dc755c62e,False,False,,,,,,,0.9133086883030086,logits_vs_features,logits,IW residual DIS2 | W=5 | seed=0 (plug-in),True,
iw_residual_dis2,5.0,0.0,731.0,898.0,184.0,227.0,0.9130434782608696,0.0,1.0,3.740297317504883,0.5,0.5,0.5397875905036926,0.2456914186477661,,,,,0.07922430429060734,0.0,184.0,0.0,227.0,0.0,ok,plugin,False,,176.71139699383244,170.32358066596655,2.5656595081163878,0.9125769084305496,1.3868866457095406,,0.0,0.07922430429060734,0.9207756957093927,0.9207756957093927,False,,,,,,,officehome,1,CDANN,logits,65.0,0.9138167500495911,0.9138167500495911,0.730512261390686,0.7488986253738403,splits_officehome_CDANN_1_0_b09dc755c62e.npz,b09dc755c62e,False,False,,,,,,,0.9207756957093927,logits_vs_features,logits,IW residual DIS2 | W=5 | seed=0 (plug-in),True,
iw_residual_dis2,5.0,0.0,731.0,893.0,184.0,226.0,0.8913043478260869,0.0,1.0,0.9094792604446411,0.5,0.5,0.7025550603866577,0.18405568599700928,4.0,60.0,3.0,36.0,0.11009206683309349,0.18141592920353983,180.0,4.0,185.0,41.0,ok,plugin,False,,134.44369971467955,77.5381490184207,4.517133568803152,0.42196123582124295,2.6154076527305805,0.8536585365853658,0.0641592920353982,0.1742513588684917,0.8257486411315083,0.8257486411315083,False,0.0,4.0,0.611111044883728,0.3333333432674408,0.9444444179534912,"[{'epoch': 0, 'best_score': 0.611111044883728}, {'epoch': 1, 'best_score': 0.611111044883728}, {'epoch': 2, 'best_score': 0.611111044883728}, {'epoch': 3, 'best_score': 0.5833333730697632}, {'epoch': 4, 'best_score': 0.5555555820465088}, {'epoch': 5, 'best_score': 0.5555555820465088}, {'epoch': 6, 'best_score': 0.4444444477558136}, {'epoch': 7, 'best_score': 0.4444444477558136}, {'epoch': 8, 'best_score': 0.4444444477558136}, {'epoch': 9, 'best_score': 0.4444444477558136}, {'epoch': 10, 'best_score': 0.4444444477558136}, {'epoch': 11, 'best_score': 0.4444444477558136}, {'epoch': 12, 'best_score': 0.4444444477558136}, {'epoch': 13, 'best_score': 0.1944444179534912}, {'epoch': 14, 'best_score': 0.1944444179534912}, {'epoch': 15, 'best_score': 0.1944444179534912}, {'epoch': 16, 'best_score': 0.1944444179534912}, {'epoch': 17, 'best_score': 0.16666662693023682}, {'epoch': 18, 'best_score': 0.16666662693023682}, {'epoch': 19, 'best_score': 0.16666662693023682}, {'epoch': 20, 'best_score': 0.16666662693023682}, {'epoch': 21, 'best_score': 0.1944444179534912}, {'epoch': 22, 'best_score': 0.1944444179534912}, {'epoch': 23, 'best_score': 0.1944444179534912}, {'epoch': 24, 'best_score': 0.1944444179534912}, {'epoch': 25, 'best_score': 0.2222222089767456}, {'epoch': 26, 'best_score': 0.2222222089767456}, {'epoch': 27, 'best_score': 0.2222222089767456}, {'epoch': 28, 'best_score': 0.2222222089767456}, {'epoch': 29, 'best_score': 0.2222222089767456}, {'epoch': 30, 'best_score': 0.25}, {'epoch': 31, 'best_score': 0.25}, {'epoch': 32, 'best_score': 0.25}, {'epoch': 33, 'best_score': 0.25}, {'epoch': 34, 'best_score': 0.25}, {'epoch': 35, 'best_score': 0.25}, {'epoch': 36, 'best_score': 0.25}, {'epoch': 37, 'best_score': 0.25}, {'epoch': 38, 'best_score': 0.25}, {'epoch': 39, 'best_score': 0.25}, {'epoch': 40, 'best_score': 0.25}, {'epoch': 41, 'best_score': 0.25}, {'epoch': 42, 'best_score': 0.25}, {'epoch': 43, 'best_score': 0.25}, {'epoch': 44, 'best_score': 0.25}, {'epoch': 45, 'best_score': 0.25}, {'epoch': 46, 'best_score': 0.25}, {'epoch': 47, 'best_score': 0.25}, {'epoch': 48, 'best_score': 0.25}, {'epoch': 49, 'best_score': 0.25}]",officehome,2,CDANN,logits,65.0,0.9015048146247864,0.9015048146247864,0.4501679837703705,0.45132744312286377,splits_officehome_CDANN_2_0_b09dc755c62e.npz,b09dc755c62e,False,False,0.25,0.75,0.10365853658536583,,,,0.8257486411315083,logits_vs_features,logits,IW residual DIS2 | W=5 | seed=0 (plug-in),True,
iw_residual_dis2,5.0,0.0,731.0,507.0,184.0,128.0,0.9130434782608696,0.0,1.0,1.5892244577407837,0.5,0.5,0.7230136394500732,0.19719639420509338,4.0,15.0,1.0,8.0,0.07212526864022711,0.109375,179.0,5.0,114.0,14.0,ok,plugin,False,,144.23395902188918,99.68640523384981,4.438670191682302,0.5524659738709136,2.1942672283823605,1.0,0.021874999999999995,0.0940002686402271,0.9059997313597729,0.9059997313597729,False,0.0,4.0,1.0,0.0,1.0,"[{'epoch': 0, 'best_score': 1.0}, {'epoch': 1, 'best_score': 1.0}, {'epoch': 2, 'best_score': 0.0}, {'epoch': 3, 'best_score': 0.0}, {'epoch': 4, 'best_score': 0.0}, {'epoch': 5, 'best_score': 0.0}, {'epoch': 6, 'best_score': 0.0}, {'epoch': 7, 'best_score': 0.0}, {'epoch': 8, 'best_score': 0.0}, {'epoch': 9, 'best_score': 0.0}, {'epoch': 10, 'best_score': 0.0}, {'epoch': 11, 'best_score': 0.0}, {'epoch': 12, 'best_score': 0.0}, {'epoch': 13, 'best_score': 0.0}, {'epoch': 14, 'best_score': 0.0}, {'epoch': 15, 'best_score': 0.0}, {'epoch': 16, 'best_score': 0.0}, {'epoch': 17, 'best_score': 0.0}, {'epoch': 18, 'best_score': 0.0}, {'epoch': 19, 'best_score': 0.0}, {'epoch': 20, 'best_score': 0.0}, {'epoch': 21, 'best_score': 0.0}, {'epoch': 22, 'best_score': 0.0}, {'epoch': 23, 'best_score': 0.0}, {'epoch': 24, 'best_score': 0.0}, {'epoch': 25, 'best_score': 0.0}, {'epoch': 26, 'best_score': 0.0}, {'epoch': 27, 'best_score': 0.0}, {'epoch': 28, 'best_score': 0.0}, {'epoch': 29, 'best_score': 0.0}, {'epoch': 30, 'best_score': 0.0}, {'epoch': 31, 'best_score': 0.0}, {'epoch': 32, 'best_score': 0.0}, {'epoch': 33, 'best_score': 0.0}, {'epoch': 34, 'best_score': 0.0}, {'epoch': 35, 'best_score': 0.0}, {'epoch': 36, 'best_score': 0.0}, {'epoch': 37, 'best_score': 0.0}, {'epoch': 38, 'best_score': 0.0}, {'epoch': 39, 'best_score': 0.0}, {'epoch': 40, 'best_score': 0.0}, {'epoch': 41, 'best_score': 0.0}, {'epoch': 42, 'best_score': 0.0}, {'epoch': 43, 'best_score': 0.0}, {'epoch': 44, 'best_score': 0.0}, {'epoch': 45, 'best_score': 0.0}, {'epoch': 46, 'best_score': 0.0}, {'epoch': 47, 'best_score': 0.0}, {'epoch': 48, 'best_score': 0.0}, {'epoch': 49, 'best_score': 0.0}]",officehome,3,CDANN,logits,65.0,0.9138167500495911,0.9138167500495911,0.5364891290664673,0.5546875,splits_officehome_CDANN_3_0_b09dc755c62e.npz,b09dc755c62e,False,False,0.0,0.8,0.19999999999999996,,,,0.9059997313597729,logits_vs_features,logits,IW residual DIS2 | W=5 | seed=0 (plug-in),True,
iw_residual_dis2,5.0,0.0,24387.0,11083.0,6098.0,2773.0,0.9996720236142997,0.0,1.0,1.103917121887207,0.5,0.5,0.5366796851158142,0.24356462061405182,,,,,0.0003478814768960747,0.0,6098.0,0.0,2773.0,0.0,ok,plugin,False,,6073.6836341286435,5647.976278097956,2.2187844785412723,1.027865835775882,1.412643354233495,,0.0,0.0003478814768960747,0.9996521185231039,0.9996521185231039,False,,,,,,,visda,1,DANN,logits,12.0,0.9995489120483398,0.9995489120483398,0.6463051438331604,0.6473133563995361,splits_visda_DANN_1_0_b09dc755c62e.npz,b09dc755c62e,False,False,,,,,,,0.9996521185231039,logits_vs_features,logits,IW residual DIS2 | W=5 | seed=0 (plug-in),True,
iw_residual_dis2,5.0,0.0,24387.0,14480.0,6098.0,3620.0,0.9998360118071499,0.0,1.0,1.1729421615600586,0.5,0.5,0.5155367255210876,0.2474791258573532,,,,,0.00013220363228841735,0.0,6098.0,0.0,3620.0,0.0,ok,plugin,False,,6047.994793016202,5861.641585157652,1.8560237065244103,1.0046716018467086,1.2874000425530676,,0.0,0.00013220363228841735,0.9998677963677116,0.9998677963677116,False,,,,,,,visda,2,DANN,logits,12.0,0.9997539520263672,0.9997539520263672,0.6546961069107056,0.6544198393821716,splits_visda_DANN_2_0_b09dc755c62e.npz,b09dc755c62e,False,False,,,,,,,0.9998677963677116,logits_vs_features,logits,IW residual DIS2 | W=5 | seed=0 (plug-in),True,
iw_residual_dis2,5.0,0.0,24387.0,11083.0,6098.0,2773.0,0.9993440472285995,0.0,1.0,1.0816693305969238,0.5,0.5,0.5883632302284241,0.23713639378547668,,,,,0.0006075275846938084,0.0,6098.0,0.0,2773.0,0.0,ok,plugin,False,,6205.517631960752,4894.93748242446,3.9349725188811195,0.9712806514027115,1.913685159336328,,0.0,0.0006075275846938084,0.9993924724153062,0.9993924724153062,False,,,,,,,visda,1,CDANN,logits,12.0,0.9990978837013245,0.9990978837013245,0.6784264445304871,0.6693112254142761,splits_visda_CDANN_1_0_b09dc755c62e.npz,b09dc755c62e,False,False,,,,,,,0.9993924724153062,logits_vs_features,logits,IW residual DIS2 | W=5 | seed=0 (plug-in),True,
iw_residual_dis2,5.0,0.0,24387.0,14480.0,6098.0,3620.0,0.9995080354214496,0.0,1.0,1.0941133499145508,0.5,0.5,0.5705632567405701,0.2445169985294342,,,,,0.0005399659901547661,0.0,6098.0,0.0,3620.0,0.0,ok,plugin,False,,6124.252040778667,5595.320055965113,2.110154681443745,1.0033479437708315,1.5106367037466188,,0.0,0.0005399659901547661,0.9994600340098453,0.9994600340098453,False,,,,,,,visda,2,CDANN,logits,12.0,0.9995899200439453,0.9995899200439453,0.7107734680175781,0.7140883803367615,splits_visda_CDANN_2_0_b09dc755c62e.npz,b09dc755c62e,False,False,,,,,,,0.9994600340098453,logits_vs_features,logits,IW residual DIS2 | W=5 | seed=0 (plug-in),True,
iw_residual_dis2,5.0,0.0,6500.0,33009.0,1625.0,8255.0,0.904,0.0,1.0,1.6800131797790527,0.5,0.5,0.6118065118789673,0.2311868518590927,6.0,70.0,0.0,29.0,0.12259821704008786,0.006541490006056935,1619.0,6.0,8201.0,54.0,unsupported_critic_region,plugin,False,,1751.298813122601,1213.3080050104122,4.599771929158667,0.9438784138242138,2.2774234978664234,,,,,,,,,,,,,entity13,1,DANN,features,512.0,0.905846118927002,0.905846118927002,0.7318307161331177,0.7345851063728333,splits_entity13_DANN_1_0_b09dc755c62e.npz,b09dc755c62e,,,,,,,,,,logits_vs_features,features,IW residual DIS2 | W=5 | seed=0 (plug-in),False,
iw_residual_dis2,5.0,0.0,6500.0,260.0,1625.0,65.0,0.9101538461538462,0.0,1.0,23.527484893798828,0.5,0.5,0.48384618759155273,0.24968545138835907,,,,,0.08700410750100092,0.0,1625.0,0.0,65.0,0.0,ok,plugin,False,,1561.5456521039926,1618.615177505205,1.1517561305698059,0.9601591366297557,1.0582638087116953,,0.0,0.08700410750100092,0.912995892498999,0.912995892498999,False,,,,,,,entity13,2,DANN,features,512.0,0.9129230380058289,0.9129230380058289,0.8615384697914124,0.8461538553237915,splits_entity13_DANN_2_0_b09dc755c62e.npz,b09dc755c62e,False,False,,,,,,,0.912995892498999,logits_vs_features,features,IW residual DIS2 | W=5 | seed=0 (plug-in),True,
iw_residual_dis2,5.0,0.0,6500.0,260.0,1625.0,65.0,0.9027692307692308,0.0,1.0,2.5054585933685303,0.5,0.5,0.5853846073150635,0.2304629385471344,,,,,0.08337744547621474,0.015384615384615385,1625.0,0.0,64.0,1.0,unsupported_residual_source_region,plugin,False,,1273.2476055231232,1141.0148926085,4.851991211090965,0.6499824984070083,1.7205761505454373,,,,,,,,,,,,,entity13,3,DANN,features,512.0,0.907076895236969,0.907076895236969,0.6653845906257629,0.5538461804389954,splits_entity13_DANN_3_0_b09dc755c62e.npz,b09dc755c62e,,,,,,,,,,logits_vs_features,features,IW residual DIS2 | W=5 | seed=0 (plug-in),False,
iw_residual_dis2,5.0,0.0,6500.0,33009.0,1625.0,8255.0,0.9132307692307693,0.0,1.0,0.45486611127853394,0.5,0.5,0.5688111782073975,0.24169838428497314,0.0,8.0,1.0,7.0,0.08642654982588448,0.0004845548152634767,1624.0,1.0,8251.0,4.0,unsupported_critic_region,plugin,False,,1667.995352397249,1411.9938480708577,3.0491632007208316,0.9641287641708105,1.7865579054737508,,,,,,,,,,,,,entity13,1,CDANN,features,256.0,0.9096922874450684,0.9096922874450684,0.7354357838630676,0.7372501492500305,splits_entity13_CDANN_1_0_b09dc755c62e.npz,b09dc755c62e,,,,,,,,,,logits_vs_features,features,IW residual DIS2 | W=5 | seed=0 (plug-in),False,
iw_residual_dis2,5.0,0.0,6500.0,260.0,1625.0,65.0,0.9058461538461539,0.0,1.0,54.598148345947266,0.5,0.5,0.440769225358963,0.25015130639076233,,,,,0.09404573259817997,0.0,1625.0,0.0,65.0,0.0,ok,plugin,False,,1620.6580195082179,1624.8898834811594,1.0321081913028873,0.9975597647486111,1.0100247695429192,,0.0,0.09404573259817997,0.9059542674018201,0.9059542674018201,False,,,,,,,entity13,2,CDANN,features,256.0,0.9081538319587708,0.9081538319587708,0.8423076868057251,0.8769230842590332,splits_entity13_CDANN_2_0_b09dc755c62e.npz,b09dc755c62e,False,False,,,,,,,0.9059542674018201,logits_vs_features,features,IW residual DIS2 | W=5 | seed=0 (plug-in),True,
iw_residual_dis2,5.0,0.0,6500.0,260.0,1625.0,65.0,0.9015384615384615,0.0,1.0,1.864598035812378,0.5,0.5,0.5246154069900513,0.24748027324676514,,,,,0.09722658379588317,0.0,1625.0,0.0,65.0,0.0,ok,plugin,False,,1569.9667727455533,1565.1889793390133,1.635607182412465,0.9807771674077145,1.2529673353617587,,0.0,0.09722658379588317,0.9027734162041168,0.9027734162041168,False,,,,,,,entity13,3,CDANN,features,256.0,0.9061538577079773,0.9061538577079773,0.6653845906257629,0.5692307949066162,splits_entity13_CDANN_3_0_b09dc755c62e.npz,b09dc755c62e,False,False,,,,,,,0.9027734162041168,logits_vs_features,features,IW residual DIS2 | W=5 | seed=0 (plug-in),True,
iw_residual_dis2,5.0,0.0,6000.0,30828.0,1500.0,7709.0,0.8426666666666667,0.0,1.0,3.9269917011260986,0.5,0.5,0.5493245720863342,0.24511930346488953,,,,,0.17180471612983433,0.0002594370216629913,1500.0,0.0,7707.0,2.0,unsupported_residual_source_region,plugin,False,,1554.9235259928032,1392.0145004736846,2.708002339657216,1.0071279169835234,1.5456419136522022,,,,,,,,,,,,,entity30,1,DANN,features,512.0,0.8550000190734863,0.8550000190734863,0.6190800070762634,0.6236866116523743,splits_entity30_DANN_1_0_b09dc755c62e.npz,b09dc755c62e,,,,,,,,,,logits_vs_features,features,IW residual DIS2 | W=5 | seed=0 (plug-in),False,
iw_residual_dis2,5.0,0.0,6000.0,240.0,1500.0,60.0,0.8606666666666667,0.0,1.0,10.785133361816406,0.5,0.5,0.5583333373069763,0.24805203080177307,,,,,0.13006054681048942,0.0,1500.0,0.0,60.0,0.0,ok,plugin,False,,1379.4897990618024,1473.9857798995877,1.859967540730244,0.9161888402224456,1.1146893597727814,,0.0,0.13006054681048942,0.8699394531895106,0.8699394531895106,False,,,,,,,entity30,2,DANN,features,512.0,0.8646666407585144,0.8646666407585144,0.7875000238418579,0.7500000596046448,splits_entity30_DANN_2_0_b09dc755c62e.npz,b09dc755c62e,False,False,,,,,,,0.8699394531895106,logits_vs_features,features,IW residual DIS2 | W=5 | seed=0 (plug-in),True,
iw_residual_dis2,5.0,0.0,6000.0,240.0,1500.0,60.0,0.8553333333333333,0.0,1.0,14.270195960998535,0.5,0.5,0.5,0.24914045631885529,,,,,0.13760743679763335,0.0,1500.0,0.0,60.0,0.0,ok,plugin,False,,1398.324377420918,1482.9075504437963,1.398760097055563,0.929736411379045,1.094209537315618,,0.0,0.13760743679763335,0.8623925632023667,0.8623925632023667,False,,,,,,,entity30,3,DANN,features,512.0,0.8636666536331177,0.8636666536331177,0.5708333849906921,0.6666666865348816,splits_entity30_DANN_3_0_b09dc755c62e.npz,b09dc755c62e,False,False,,,,,,,0.8623925632023667,logits_vs_features,features,IW residual DIS2 | W=5 | seed=0 (plug-in),True,
iw_residual_dis2,5.0,0.0,6000.0,30828.0,1500.0,7709.0,0.856,0.0,1.0,0.9389141798019409,0.5,0.5,0.5461918711662292,0.24663986265659332,,,,,0.1518786407530826,0.0,1500.0,0.0,7709.0,0.0,ok,plugin,False,,1503.7008879762188,1410.8006491894082,2.327299979379796,0.9751970502806866,1.4599342870290226,,0.0,0.1518786407530826,0.8481213592469175,0.8481213592469175,False,,,,,,,entity30,1,CDANN,features,256.0,0.8611666560173035,0.8611666560173035,0.627903163433075,0.6345829367637634,splits_entity30_CDANN_1_0_b09dc755c62e.npz,b09dc755c62e,False,False,,,,,,,0.8481213592469175,logits_vs_features,features,IW residual DIS2 | W=5 | seed=0 (plug-in),True,
iw_residual_dis2,5.0,0.0,6000.0,240.0,1500.0,60.0,0.862,0.0,1.0,54.598148345947266,0.5,0.5,0.4449999928474426,0.25011828541755676,,,,,0.13736671931187577,0.0,1500.0,0.0,60.0,0.0,ok,plugin,False,,1491.4680685956778,1499.690709173468,1.037043538565072,0.9946845069352294,1.0169040599513648,,0.0,0.13736671931187577,0.8626332806881243,0.8626332806881243,False,,,,,,,entity30,2,CDANN,features,256.0,0.8646666407585144,0.8646666407585144,0.8125000596046448,0.7500000596046448,splits_entity30_CDANN_2_0_b09dc755c62e.npz,b09dc755c62e,False,False,,,,,,,0.8626332806881243,logits_vs_features,features,IW residual DIS2 | W=5 | seed=0 (plug-in),True,
iw_residual_dis2,5.0,0.0,6000.0,240.0,1500.0,60.0,0.8453333333333333,0.0,1.0,54.598148345947266,0.5,0.5,0.4150000214576721,0.2500380277633667,,,,,0.15379667102220296,0.0,1500.0,0.0,60.0,0.0,ok,plugin,False,,1492.7450635409355,1499.655080162514,1.0533842290120636,0.9955017284284607,1.0198740084149187,,0.0,0.15379667102220296,0.846203328977797,0.846203328977797,False,,,,,,,entity30,3,CDANN,features,256.0,0.8573333024978638,0.8573333024978638,0.5625,0.6166666746139526,splits_entity30_CDANN_3_0_b09dc755c62e.npz,b09dc755c62e,False,False,,,,,,,0.846203328977797,logits_vs_features,features,IW residual DIS2 | W=5 | seed=0 (plug-in),True,
iw_residual_dis2,5.0,0.0,10000.0,2000.0,2500.0,500.0,0.9452,0.0,1.0,10.137798309326172,0.5,0.5,0.5410000085830688,0.24617190659046173,,,,,0.05554117639293667,0.0,2500.0,0.0,500.0,0.0,ok,plugin,False,,2313.6398414655423,2371.3699466427947,2.6507336175480383,0.90175086247078,1.301300494916969,,0.0,0.05554117639293667,0.9444588236070633,0.9444588236070633,False,,,,,,,cifar10,1,DANN,features,512.0,0.9508999586105347,0.9508999586105347,0.8440000414848328,0.8360000252723694,splits_cifar10_DANN_1_0_b09dc755c62e.npz,b09dc755c62e,False,False,,,,,,,0.9444588236070633,logits_vs_features,features,IW residual DIS2 | W=5 | seed=0 (plug-in),True,
iw_residual_dis2,5.0,0.0,10000.0,2000.0,2500.0,500.0,0.946,0.0,1.0,8.0483980178833,0.5,0.5,0.5625,0.2450663149356842,,,,,0.05364873794990481,0.0,2500.0,0.0,500.0,0.0,ok,plugin,False,,2357.5331448562174,2324.984763968077,2.4640505464282745,0.9036342727510559,1.4311804451679737,,0.0,0.05364873794990481,0.9463512620500952,0.9463512620500952,False,,,,,,,cifar10,10,DANN,features,512.0,0.9477999806404114,0.9477999806404114,0.924500048160553,0.9120000600814819,splits_cifar10_DANN_10_0_b09dc755c62e.npz,b09dc755c62e,False,False,,,,,,,0.9463512620500952,logits_vs_features,features,IW residual DIS2 | W=5 | seed=0 (plug-in),True,
iw_residual_dis2,5.0,0.0,10000.0,2000.0,2500.0,500.0,0.9452,0.0,1.0,16.9163875579834,0.5,0.5,0.5329999923706055,0.24900692701339722,,,,,0.05402168215094528,0.0,2500.0,0.0,500.0,0.0,ok,plugin,False,,2415.279226077785,2457.430250121408,1.714862532346805,0.9585371391889252,1.184627271292094,,0.0,0.05402168215094528,0.9459783178490547,0.9459783178490547,False,,,,,,,cifar10,71,DANN,features,512.0,0.9487999677658081,0.9487999677658081,0.9305000305175781,0.9180000424385071,splits_cifar10_DANN_71_0_b09dc755c62e.npz,b09dc755c62e,False,False,,,,,,,0.9459783178490547,logits_vs_features,features,IW residual DIS2 | W=5 | seed=0 (plug-in),True,
iw_residual_dis2,5.0,0.0,10000.0,2000.0,2500.0,500.0,0.9528,0.0,1.0,23.161802291870117,0.5,0.5,0.5140000581741333,0.24939963221549988,,,,,0.04621801045036478,0.0,2500.0,0.0,500.0,0.0,ok,plugin,False,,2420.5943276188063,2476.245361396396,1.3799066207410453,0.9649217009667397,1.1310871497021064,,0.0,0.04621801045036478,0.9537819895496352,0.9537819895496352,False,,,,,,,cifar10,95,DANN,features,512.0,0.9515999555587769,0.9515999555587769,0.9390000700950623,0.9360000491142273,splits_cifar10_DANN_95_0_b09dc755c62e.npz,b09dc755c62e,False,False,,,,,,,0.9537819895496352,logits_vs_features,features,IW residual DIS2 | W=5 | seed=0 (plug-in),True,
iw_residual_dis2,5.0,0.0,10000.0,2000.0,2500.0,500.0,0.9476,0.0,1.0,4.193439483642578,0.5,0.5,0.5605000257492065,0.24584177136421204,,,,,0.054179140247702456,0.0,2500.0,0.0,500.0,0.0,ok,plugin,False,,2347.5766857700455,2349.5033218072194,2.467595119316885,0.89818801604696,1.384205251857483,,0.0,0.054179140247702456,0.9458208597522976,0.9458208597522976,False,,,,,,,cifar10,1,CDANN,features,256.0,0.949999988079071,0.949999988079071,0.846500039100647,0.8440000414848328,splits_cifar10_CDANN_1_0_b09dc755c62e.npz,b09dc755c62e,False,False,,,,,,,0.9458208597522976,logits_vs_features,features,IW residual DIS2 | W=5 | seed=0 (plug-in),True,
iw_residual_dis2,5.0,0.0,10000.0,2000.0,2500.0,500.0,0.9468,0.0,1.0,1.321940541267395,0.5,0.5,0.6460000276565552,0.2135462760925293,21.0,36.0,13.0,15.0,0.051942524602020465,0.07,2475.0,25.0,465.0,35.0,ok,plugin,False,,2125.8191075339505,1436.8621029872327,4.9922350414988,0.6285588896360306,2.35345966764155,0.7142857142857143,0.008000000000000004,0.05994252460202047,0.9400574753979796,0.9400574753979796,False,1.0,11.0,0.2512820363044739,0.6153846383094788,0.8666666746139526,"[{'epoch': 0, 'best_score': 0.2410256266593933}, {'epoch': 1, 'best_score': 0.2512820363044739}, {'epoch': 2, 'best_score': 0.11794871091842651}, {'epoch': 3, 'best_score': 0.05128204822540283}, {'epoch': 4, 'best_score': -0.01538461446762085}, {'epoch': 5, 'best_score': -0.01538461446762085}, {'epoch': 6, 'best_score': -0.01538461446762085}, {'epoch': 7, 'best_score': -0.08205127716064453}, {'epoch': 8, 'best_score': -0.08205127716064453}, {'epoch': 9, 'best_score': -0.08205127716064453}, {'epoch': 10, 'best_score': -0.025641024112701416}, {'epoch': 11, 'best_score': 0.041025638580322266}, {'epoch': 12, 'best_score': 0.041025638580322266}, {'epoch': 13, 'best_score': 0.10769230127334595}, {'epoch': 14, 'best_score': 0.10769230127334595}, {'epoch': 15, 'best_score': 0.041025638580322266}, {'epoch': 16, 'best_score': 0.10769230127334595}, {'epoch': 17, 'best_score': 0.10769230127334595}, {'epoch': 18, 'best_score': 0.041025638580322266}, {'epoch': 19, 'best_score': -0.03589743375778198}, {'epoch': 20, 'best_score': -0.04615384340286255}, {'epoch': 21, 'best_score': -0.04615384340286255}, {'epoch': 22, 'best_score': -0.04615384340286255}, {'epoch': 23, 'best_score': -0.04615384340286255}, {'epoch': 24, 'best_score': -0.04615384340286255}, {'epoch': 25, 'best_score': -0.04615384340286255}, {'epoch': 26, 'best_score': -0.04615384340286255}, {'epoch': 27, 'best_score': -0.04615384340286255}, {'epoch': 28, 'best_score': -0.04615384340286255}, {'epoch': 29, 'best_score': -0.04615384340286255}, {'epoch': 30, 'best_score': -0.04615384340286255}, {'epoch': 31, 'best_score': -0.04615384340286255}, {'epoch': 32, 'best_score': -0.04615384340286255}, {'epoch': 33, 'best_score': -0.04615384340286255}, {'epoch': 34, 'best_score': -0.04615384340286255}, {'epoch': 35, 'best_score': -0.04615384340286255}, {'epoch': 36, 'best_score': -0.04615384340286255}, {'epoch': 37, 'best_score': -0.04615384340286255}, {'epoch': 38, 'best_score': -0.04615384340286255}, {'epoch': 39, 'best_score': -0.04615384340286255}, {'epoch': 40, 'best_score': -0.04615384340286255}, {'epoch': 41, 'best_score': -0.04615384340286255}, {'epoch': 42, 'best_score': -0.04615384340286255}, {'epoch': 43, 'best_score': -0.04615384340286255}, {'epoch': 44, 'best_score': -0.04615384340286255}, {'epoch': 45, 'best_score': -0.04615384340286255}, {'epoch': 46, 'best_score': -0.04615384340286255}, {'epoch': 47, 'best_score': -0.04615384340286255}, {'epoch': 48, 'best_score': -0.04615384340286255}, {'epoch': 49, 'best_score': -0.04615384340286255}]",cifar10,10,CDANN,features,256.0,0.948699951171875,0.948699951171875,0.9160000681877136,0.9120000600814819,splits_cifar10_CDANN_10_0_b09dc755c62e.npz,b09dc755c62e,False,False,0.04,0.64,0.07428571428571429,,,,0.9400574753979796,logits_vs_features,features,IW residual DIS2 | W=5 | seed=0 (plug-in),True,
iw_residual_dis2,5.0,0.0,10000.0,2000.0,2500.0,500.0,0.9492,0.0,1.0,2.1827661991119385,0.5,0.5,0.5924999713897705,0.23469793796539307,1.0,1.0,0.0,0.0,0.05881315401622794,0.002,2499.0,1.0,499.0,1.0,unsupported_critic_region,plugin,False,,2339.6981027098186,1912.977274203298,4.4118412757792695,0.8165114893290597,1.905745267715648,,,,,,,,,,,,,cifar10,71,CDANN,features,256.0,0.9511999487876892,0.9511999487876892,0.9280000329017639,0.9040000438690186,splits_cifar10_CDANN_71_0_b09dc755c62e.npz,b09dc755c62e,,,,,,,,,,logits_vs_features,features,IW residual DIS2 | W=5 | seed=0 (plug-in),False,
iw_residual_dis2,5.0,0.0,10000.0,2000.0,2500.0,500.0,0.9516,0.0,1.0,1.130586862564087,0.5,0.5,0.6605000495910645,0.21154719591140747,53.0,48.0,29.0,20.0,0.04656402065093736,0.056,2471.0,29.0,472.0,28.0,ok,plugin,False,,2152.584169762824,1396.8494232036799,4.823578917871741,0.6503692208659233,2.3894273210741988,0.8214285714285714,0.013172413793103443,0.0597364344440408,0.9402635655559592,0.9402635655559592,False,3.0,24.0,0.24827587604522705,0.5517241358757019,0.800000011920929,"[{'epoch': 0, 'best_score': 0.17241376638412476}, {'epoch': 1, 'best_score': 0.182758629322052}, {'epoch': 2, 'best_score': 0.1982758641242981}, {'epoch': 3, 'best_score': 0.24827587604522705}, {'epoch': 4, 'best_score': 0.182758629322052}, {'epoch': 5, 'best_score': 0.13620689511299133}, {'epoch': 6, 'best_score': 0.1862069070339203}, {'epoch': 7, 'best_score': 0.1862069070339203}, {'epoch': 8, 'best_score': 0.08965519070625305}, {'epoch': 9, 'best_score': 0.10517239570617676}, {'epoch': 10, 'best_score': 0.1741379201412201}, {'epoch': 11, 'best_score': 0.13965517282485962}, {'epoch': 12, 'best_score': 0.18965518474578857}, {'epoch': 13, 'best_score': 0.13965517282485962}, {'epoch': 14, 'best_score': 0.20517241954803467}, {'epoch': 15, 'best_score': 0.20517241954803467}, {'epoch': 16, 'best_score': 0.20517241954803467}, {'epoch': 17, 'best_score': 0.20517241954803467}, {'epoch': 18, 'best_score': 0.12068966031074524}, {'epoch': 19, 'best_score': 0.13620689511299133}, {'epoch': 20, 'best_score': 0.1706896722316742}, {'epoch': 21, 'best_score': 0.1706896722316742}, {'epoch': 22, 'best_score': 0.1706896722316742}, {'epoch': 23, 'best_score': 0.20517241954803467}, {'epoch': 24, 'best_score': 0.20517241954803467}, {'epoch': 25, 'best_score': 0.20517241954803467}, {'epoch': 26, 'best_score': 0.1706896722316742}, {'epoch': 27, 'best_score': 0.18965518474578857}, {'epoch': 28, 'best_score': 0.20517241954803467}, {'epoch': 29, 'best_score': 0.18965518474578857}, {'epoch': 30, 'best_score': 0.18965518474578857}, {'epoch': 31, 'best_score': 0.1551724076271057}, {'epoch': 32, 'best_score': 0.1551724076271057}, {'epoch': 33, 'best_score': 0.1551724076271057}, {'epoch': 34, 'best_score': 0.1551724076271057}, {'epoch': 35, 'best_score': 0.1551724076271057}, {'epoch': 36, 'best_score': 0.1551724076271057}, {'epoch': 37, 'best_score': 0.1551724076271057}, {'epoch': 38, 'best_score': 0.1551724076271057}, {'epoch': 39, 'best_score': 0.1551724076271057}, {'epoch': 40, 'best_score': 0.1551724076271057}, {'epoch': 41, 'best_score': 0.1706896722316742}, {'epoch': 42, 'best_score': 0.1551724076271057}, {'epoch': 43, 'best_score': 0.1551724076271057}, {'epoch': 44, 'best_score': 0.1551724076271057}, {'epoch': 45, 'best_score': 0.1551724076271057}, {'epoch': 46, 'best_score': 0.1551724076271057}, {'epoch': 47, 'best_score': 0.1551724076271057}, {'epoch': 48, 'best_score': 0.1551724076271057}, {'epoch': 49, 'best_score': 0.1551724076271057}]",cifar10,95,CDANN,features,256.0,0.9526000022888184,0.9526000022888184,0.9355000257492065,0.9260000586509705,splits_cifar10_CDANN_95_0_b09dc755c62e.npz,b09dc755c62e,False,False,0.10344827586206896,0.6896551724137931,0.13177339901477825,,,,0.9402635655559592,logits_vs_features,features,IW residual DIS2 | W=5 | seed=0 (plug-in),True,
iw_residual_dis2,5.0,0.0,10000.0,2000.0,2500.0,500.0,0.758,0.0,1.0,14.721992492675781,0.5,0.5,0.5350000262260437,0.24840646982192993,,,,,0.23103909122105898,0.0,2500.0,0.0,500.0,0.0,ok,plugin,False,,2383.9675715657963,2446.2222756066503,1.6053989839402112,0.9414495867190127,1.2009061162766173,,0.0,0.23103909122105898,0.7689609087789411,0.7689609087789411,False,,,,,,,cifar100,4,DANN,features,512.0,0.7841999530792236,0.7841999530792236,0.7440000176429749,0.7760000228881836,splits_cifar100_DANN_4_0_b09dc755c62e.npz,b09dc755c62e,False,True,,,,,,,0.7689609087789411,logits_vs_features,features,IW residual DIS2 | W=5 | seed=0 (plug-in),True,
iw_residual_dis2,5.0,0.0,10000.0,2000.0,2500.0,500.0,0.76,0.0,1.0,10.38658332824707,0.5,0.5,0.5329999923706055,0.24690403044223785,,,,,0.22611239968077868,0.0,2500.0,0.0,500.0,0.0,ok,plugin,False,,2349.9434548105037,2390.329602608754,1.8824628916784885,0.9195796015610482,1.2987359259232871,,0.0,0.22611239968077868,0.7738876003192213,0.7738876003192213,False,,,,,,,cifar100,12,DANN,features,512.0,0.7831999659538269,0.7831999659538269,0.7545000314712524,0.7860000133514404,splits_cifar100_DANN_12_0_b09dc755c62e.npz,b09dc755c62e,False,True,,,,,,,0.7738876003192213,logits_vs_features,features,IW residual DIS2 | W=5 | seed=0 (plug-in),True,
iw_residual_dis2,5.0,0.0,10000.0,2000.0,2500.0,500.0,0.7596,0.0,1.0,6.726263523101807,0.5,0.5,0.5595000386238098,0.24209660291671753,,,,,0.21895043230638717,0.0,2500.0,0.0,500.0,0.0,ok,plugin,False,,2308.864227670645,2227.1457760941357,3.0252574478758008,0.8748481886918813,1.5244737612744463,,0.0,0.21895043230638717,0.7810495676936129,0.7810495676936129,False,,,,,,,cifar100,59,DANN,features,512.0,0.7841999530792236,0.7841999530792236,0.7585000395774841,0.7720000147819519,splits_cifar100_DANN_59_0_b09dc755c62e.npz,b09dc755c62e,False,False,,,,,,,0.7810495676936129,logits_vs_features,features,IW residual DIS2 | W=5 | seed=0 (plug-in),True,
iw_residual_dis2,5.0,0.0,10000.0,2000.0,2500.0,500.0,0.764,0.0,1.0,7.387753963470459,0.5,0.5,0.546500027179718,0.24401287734508514,,,,,0.21699773461249297,0.0,2500.0,0.0,500.0,0.0,ok,plugin,False,,2315.6677928570216,2279.5107531308454,2.5311705852236885,0.8884190779993856,1.4630056100439044,,0.0,0.21699773461249297,0.7830022653875071,0.7830022653875071,False,,,,,,,cifar100,82,DANN,features,512.0,0.7861999869346619,0.7861999869346619,0.7695000171661377,0.7700000405311584,splits_cifar100_DANN_82_0_b09dc755c62e.npz,b09dc755c62e,False,False,,,,,,,0.7830022653875071,logits_vs_features,features,IW residual DIS2 | W=5 | seed=0 (plug-in),True,
iw_residual_dis2,5.0,0.0,10000.0,2000.0,2500.0,500.0,0.762,0.0,1.0,1.975064992904663,0.5,0.5,0.6274999976158142,0.22987747192382812,,,,,0.21322414201679785,0.0,2500.0,0.0,500.0,0.0,ok,plugin,False,,2228.2134502602553,1883.6438520970244,4.0031995451649545,0.7837600125122747,1.8694197581094254,,0.0,0.21322414201679785,0.7867758579832022,0.7867758579832022,False,,,,,,,cifar100,4,CDANN,features,256.0,0.7849999666213989,0.7849999666213989,0.7275000214576721,0.7480000257492065,splits_cifar100_CDANN_4_0_b09dc755c62e.npz,b09dc755c62e,False,False,,,,,,,0.7867758579832022,logits_vs_features,features,IW residual DIS2 | W=5 | seed=0 (plug-in),True,
iw_residual_dis2,5.0,0.0,10000.0,2000.0,2500.0,500.0,0.766,0.0,1.0,1.7018429040908813,0.5,0.5,0.6334999799728394,0.22181448340415955,4.0,2.0,5.0,4.0,0.19832084914577167,0.02,2494.0,6.0,490.0,10.0,ok,plugin,False,,2160.65720293728,1622.3279298880104,4.517513523906881,0.7011523178148056,2.157439076902889,1.0,0.003333333333333335,0.201654182479105,0.7983458175208951,0.7983458175208951,False,0.0,13.0,0.3999999761581421,0.6000000238418579,1.0,"[{'epoch': 0, 'best_score': 0.3999999761581421}, {'epoch': 1, 'best_score': 0.3999999761581421}, {'epoch': 2, 'best_score': 0.1499999761581421}, {'epoch': 3, 'best_score': 0.1499999761581421}, {'epoch': 4, 'best_score': 0.1499999761581421}, {'epoch': 5, 'best_score': 0.1499999761581421}, {'epoch': 6, 'best_score': 0.1499999761581421}, {'epoch': 7, 'best_score': 0.1499999761581421}, {'epoch': 8, 'best_score': 0.1499999761581421}, {'epoch': 9, 'best_score': 0.1499999761581421}, {'epoch': 10, 'best_score': 0.1499999761581421}, {'epoch': 11, 'best_score': 0.1499999761581421}, {'epoch': 12, 'best_score': 0.1499999761581421}, {'epoch': 13, 'best_score': 0.1499999761581421}, {'epoch': 14, 'best_score': 0.1499999761581421}, {'epoch': 15, 'best_score': 0.1499999761581421}, {'epoch': 16, 'best_score': 0.1499999761581421}, {'epoch': 17, 'best_score': 0.1499999761581421}, {'epoch': 18, 'best_score': 0.1499999761581421}, {'epoch': 19, 'best_score': 0.1499999761581421}, {'epoch': 20, 'best_score': 0.1499999761581421}, {'epoch': 21, 'best_score': 0.1499999761581421}, {'epoch': 22, 'best_score': 0.1499999761581421}, {'epoch': 23, 'best_score': 0.1499999761581421}, {'epoch': 24, 'best_score': 0.1499999761581421}, {'epoch': 25, 'best_score': 0.1499999761581421}, {'epoch': 26, 'best_score': 0.1499999761581421}, {'epoch': 27, 'best_score': 0.1499999761581421}, {'epoch': 28, 'best_score': 0.1499999761581421}, {'epoch': 29, 'best_score': 0.1499999761581421}, {'epoch': 30, 'best_score': 0.1499999761581421}, {'epoch': 31, 'best_score': 0.1499999761581421}, {'epoch': 32, 'best_score': 0.1499999761581421}, {'epoch': 33, 'best_score': 0.1499999761581421}, {'epoch': 34, 'best_score': 0.1499999761581421}, {'epoch': 35, 'best_score': 0.1499999761581421}, {'epoch': 36, 'best_score': 0.1499999761581421}, {'epoch': 37, 'best_score': 0.1499999761581421}, {'epoch': 38, 'best_score': 0.1499999761581421}, {'epoch': 39, 'best_score': 0.1499999761581421}, {'epoch': 40, 'best_score': 0.1499999761581421}, {'epoch': 41, 'best_score': 0.1499999761581421}, {'epoch': 42, 'best_score': 0.1499999761581421}, {'epoch': 43, 'best_score': 0.1499999761581421}, {'epoch': 44, 'best_score': 0.1499999761581421}, {'epoch': 45, 'best_score': 0.1499999761581421}, {'epoch': 46, 'best_score': 0.1499999761581421}, {'epoch': 47, 'best_score': 0.1499999761581421}, {'epoch': 48, 'best_score': 0.1499999761581421}, {'epoch': 49, 'best_score': 0.1499999761581421}]",cifar100,12,CDANN,features,256.0,0.7858999967575073,0.7858999967575073,0.7480000257492065,0.7680000066757202,splits_cifar100_CDANN_12_0_b09dc755c62e.npz,b09dc755c62e,False,False,0.16666666666666666,1.0,0.0,,,,0.7983458175208951,logits_vs_features,features,IW residual DIS2 | W=5 | seed=0 (plug-in),True,
iw_residual_dis2,5.0,0.0,10000.0,2000.0,2500.0,500.0,0.7664,0.0,1.0,1.3137600421905518,0.5,0.5,0.6840000152587891,0.2118106186389923,32.0,18.0,11.0,8.0,0.2038971356145696,0.022,2484.0,16.0,489.0,11.0,ok,plugin,False,,2207.064594092616,1439.1501573319924,4.966665024226847,0.6533434775894587,2.504818125132911,1.0,0.006874999999999999,0.2107721356145696,0.7892278643854305,0.7892278643854305,False,0.0,26.0,0.1818181872367859,0.8181818127632141,1.0,"[{'epoch': 0, 'best_score': 0.1818181872367859}, {'epoch': 1, 'best_score': 0.1818181872367859}, {'epoch': 2, 'best_score': 0.1818181872367859}, {'epoch': 3, 'best_score': 0.1818181872367859}, {'epoch': 4, 'best_score': 0.05681818723678589}, {'epoch': 5, 'best_score': 0.05681818723678589}, {'epoch': 6, 'best_score': 0.14772725105285645}, {'epoch': 7, 'best_score': 0.14772725105285645}, {'epoch': 8, 'best_score': 0.14772725105285645}, {'epoch': 9, 'best_score': 0.14772725105285645}, {'epoch': 10, 'best_score': 0.14772725105285645}, {'epoch': 11, 'best_score': 0.14772725105285645}, {'epoch': 12, 'best_score': 0.14772725105285645}, {'epoch': 13, 'best_score': 0.14772725105285645}, {'epoch': 14, 'best_score': 0.14772725105285645}, {'epoch': 15, 'best_score': 0.14772725105285645}, {'epoch': 16, 'best_score': 0.14772725105285645}, {'epoch': 17, 'best_score': 0.022727251052856445}, {'epoch': 18, 'best_score': 0.022727251052856445}, {'epoch': 19, 'best_score': 0.022727251052856445}, {'epoch': 20, 'best_score': 0.022727251052856445}, {'epoch': 21, 'best_score': 0.022727251052856445}, {'epoch': 22, 'best_score': 0.022727251052856445}, {'epoch': 23, 'best_score': 0.022727251052856445}, {'epoch': 24, 'best_score': 0.022727251052856445}, {'epoch': 25, 'best_score': 0.022727251052856445}, {'epoch': 26, 'best_score': 0.022727251052856445}, {'epoch': 27, 'best_score': 0.022727251052856445}, {'epoch': 28, 'best_score': 0.022727251052856445}, {'epoch': 29, 'best_score': 0.022727251052856445}, {'epoch': 30, 'best_score': 0.022727251052856445}, {'epoch': 31, 'best_score': 0.022727251052856445}, {'epoch': 32, 'best_score': 0.022727251052856445}, {'epoch': 33, 'best_score': 0.022727251052856445}, {'epoch': 34, 'best_score': 0.022727251052856445}, {'epoch': 35, 'best_score': 0.022727251052856445}, {'epoch': 36, 'best_score': 0.022727251052856445}, {'epoch': 37, 'best_score': 0.022727251052856445}, {'epoch': 38, 'best_score': 0.022727251052856445}, {'epoch': 39, 'best_score': 0.022727251052856445}, {'epoch': 40, 'best_score': 0.022727251052856445}, {'epoch': 41, 'best_score': 0.022727251052856445}, {'epoch': 42, 'best_score': 0.022727251052856445}, {'epoch': 43, 'best_score': 0.022727251052856445}, {'epoch': 44, 'best_score': 0.022727251052856445}, {'epoch': 45, 'best_score': 0.022727251052856445}, {'epoch': 46, 'best_score': 0.022727251052856445}, {'epoch': 47, 'best_score': 0.022727251052856445}, {'epoch': 48, 'best_score': 0.022727251052856445}, {'epoch': 49, 'best_score': 0.022727251052856445}]",cifar100,59,CDANN,features,256.0,0.7870000004768372,0.7870000004768372,0.7580000162124634,0.7920000553131104,splits_cifar100_CDANN_59_0_b09dc755c62e.npz,b09dc755c62e,False,True,0.3125,1.0,0.0,,,,0.7892278643854305,logits_vs_features,features,IW residual DIS2 | W=5 | seed=0 (plug-in),True,
iw_residual_dis2,5.0,0.0,10000.0,2000.0,2500.0,500.0,0.7652,0.0,1.0,2.634060859680176,0.5,0.5,0.5690000057220459,0.24028076231479645,,,,,0.21118189551845043,0.0,2500.0,0.0,500.0,0.0,ok,plugin,False,,2262.7026347507162,2130.3537050912983,3.6207769858118652,0.8383082617276272,1.6012905418727865,,0.0,0.21118189551845043,0.7888181044815495,0.7888181044815495,False,,,,,,,cifar100,82,CDANN,features,256.0,0.7872999906539917,0.7872999906539917,0.7635000348091125,0.7720000147819519,splits_cifar100_CDANN_82_0_b09dc755c62e.npz,b09dc755c62e,False,False,,,,,,,0.7888181044815495,logits_vs_features,features,IW residual DIS2 | W=5 | seed=0 (plug-in),True,
iw_residual_dis2,5.0,0.0,28152.0,9910.0,7040.0,2478.0,0.803125,0.0,1.0,1.2093405723571777,0.5,0.5,0.814117431640625,0.1364630162715912,244.0,1403.0,110.0,642.0,0.11476226582175363,0.4515738498789346,6792.0,248.0,1359.0,1119.0,ok,plugin,False,,3395.148886329904,2103.0909121374584,4.99306864438343,0.21316225070365102,2.1088656298729322,0.9410187667560321,0.19551081777708354,0.31027308359883715,0.6897269164011628,0.6897269164011628,False,9.0,11.0,0.12523365020751953,0.800000011920929,0.9252336621284485,"[{'epoch': 0, 'best_score': 0.028575479984283447}, {'epoch': 1, 'best_score': 0.07221746444702148}, {'epoch': 2, 'best_score': 0.11197960376739502}, {'epoch': 3, 'best_score': 0.09408098459243774}, {'epoch': 4, 'best_score': 0.08654773235321045}, {'epoch': 5, 'best_score': 0.10186916589736938}, {'epoch': 6, 'best_score': 0.10082131624221802}, {'epoch': 7, 'best_score': 0.10835456848144531}, {'epoch': 8, 'best_score': 0.12056076526641846}, {'epoch': 9, 'best_score': 0.12523365020751953}, {'epoch': 10, 'best_score': 0.11614274978637695}, {'epoch': 11, 'best_score': 0.10574907064437866}, {'epoch': 12, 'best_score': 0.09224015474319458}, {'epoch': 13, 'best_score': 0.09405267238616943}, {'epoch': 14, 'best_score': 0.09119230508804321}, {'epoch': 15, 'best_score': 0.08210140466690063}, {'epoch': 16, 'best_score': 0.06859248876571655}, {'epoch': 17, 'best_score': 0.055083513259887695}, {'epoch': 18, 'best_score': 0.05352586507797241}, {'epoch': 19, 'best_score': 0.051968276500701904}, {'epoch': 20, 'best_score': 0.06417447328567505}, {'epoch': 21, 'best_score': 0.055083513259887695}, {'epoch': 22, 'best_score': 0.0704050064086914}, {'epoch': 23, 'best_score': 0.06287169456481934}, {'epoch': 24, 'best_score': 0.06287169456481934}, {'epoch': 25, 'best_score': 0.05975639820098877}, {'epoch': 26, 'best_score': 0.05533844232559204}, {'epoch': 27, 'best_score': 0.05533844232559204}, {'epoch': 28, 'best_score': 0.05533844232559204}, {'epoch': 29, 'best_score': 0.06287169456481934}, {'epoch': 30, 'best_score': 0.05378079414367676}, {'epoch': 31, 'best_score': 0.05378079414367676}, {'epoch': 32, 'best_score': 0.052223145961761475}, {'epoch': 33, 'best_score': 0.05378079414367676}, {'epoch': 34, 'best_score': 0.06131404638290405}, {'epoch': 35, 'best_score': 0.06131404638290405}, {'epoch': 36, 'best_score': 0.06131404638290405}, {'epoch': 37, 'best_score': 0.06131404638290405}, {'epoch': 38, 'best_score': 0.052223145961761475}, {'epoch': 39, 'best_score': 0.05066549777984619}, {'epoch': 40, 'best_score': 0.052223145961761475}, {'epoch': 41, 'best_score': 0.052223145961761475}, {'epoch': 42, 'best_score': 0.052223145961761475}, {'epoch': 43, 'best_score': 0.052223145961761475}, {'epoch': 44, 'best_score': 0.049107909202575684}, {'epoch': 45, 'best_score': 0.05066549777984619}, {'epoch': 46, 'best_score': 0.05066549777984619}, {'epoch': 47, 'best_score': 0.04468989372253418}, {'epoch': 48, 'best_score': 0.049107909202575684}, {'epoch': 49, 'best_score': 0.049107909202575684}]",domainnet,1,DANN,features,2048.0,0.8072605729103088,0.8072605729103088,0.465893030166626,0.47497981786727905,splits_domainnet_DANN_1_0_b09dc755c62e.npz,b09dc755c62e,False,False,0.29435483870967744,0.8024193548387096,0.1385994119173225,,,,0.6897269164011628,logits_vs_features,features,IW residual DIS2 | W=5 | seed=0 (plug-in),True,
iw_residual_dis2,5.0,0.0,28152.0,14207.0,7040.0,3553.0,0.8038352272727273,0.0,1.0,1.1579777002334595,0.5,0.5,0.846280574798584,0.11161978542804718,225.0,2396.0,128.0,1175.0,0.09667625365962028,0.5657191106107515,6858.0,182.0,1543.0,2010.0,ok,plugin,False,,2754.422713874679,1772.6004236185408,4.989097664809975,0.14291352327848722,1.7510006567496723,0.9318407960199006,0.20078373638745156,0.29745999004707185,0.7025400099529282,0.7025400099529282,False,4.0,24.0,0.15221410989761353,0.7890625,0.9412766098976135,"[{'epoch': 0, 'best_score': 0.03055185079574585}, {'epoch': 1, 'best_score': 0.05584442615509033}, {'epoch': 2, 'best_score': 0.11083775758743286}, {'epoch': 3, 'best_score': 0.1375930905342102}, {'epoch': 4, 'best_score': 0.15221410989761353}, {'epoch': 5, 'best_score': 0.13658910989761353}, {'epoch': 6, 'best_score': 0.12862366437911987}, {'epoch': 7, 'best_score': 0.1225132942199707}, {'epoch': 8, 'best_score': 0.12150931358337402}, {'epoch': 9, 'best_score': 0.13017284870147705}, {'epoch': 10, 'best_score': 0.1413896083831787}, {'epoch': 11, 'best_score': 0.13001996278762817}, {'epoch': 12, 'best_score': 0.1308709979057312}, {'epoch': 13, 'best_score': 0.12561172246932983}, {'epoch': 14, 'best_score': 0.10132312774658203}, {'epoch': 15, 'best_score': 0.09861701726913452}, {'epoch': 16, 'best_score': 0.10117024183273315}, {'epoch': 17, 'best_score': 0.09691488742828369}, {'epoch': 18, 'best_score': 0.09250664710998535}, {'epoch': 19, 'best_score': 0.09165561199188232}, {'epoch': 20, 'best_score': 0.07943481206893921}, {'epoch': 21, 'best_score': 0.07858377695083618}, {'epoch': 22, 'best_score': 0.08028590679168701}, {'epoch': 23, 'best_score': 0.08283907175064087}, {'epoch': 24, 'best_score': 0.08369016647338867}, {'epoch': 25, 'best_score': 0.08369016647338867}, {'epoch': 26, 'best_score': 0.07502657175064087}, {'epoch': 27, 'best_score': 0.0767287015914917}, {'epoch': 28, 'best_score': 0.06806516647338867}, {'epoch': 29, 'best_score': 0.0689162015914917}, {'epoch': 30, 'best_score': 0.07146942615509033}, {'epoch': 31, 'best_score': 0.07146942615509033}, {'epoch': 32, 'best_score': 0.07402259111404419}, {'epoch': 33, 'best_score': 0.07317155599594116}, {'epoch': 34, 'best_score': 0.07402259111404419}, {'epoch': 35, 'best_score': 0.07402259111404419}, {'epoch': 36, 'best_score': 0.06621009111404419}, {'epoch': 37, 'best_score': 0.06621009111404419}, {'epoch': 38, 'best_score': 0.06535905599594116}, {'epoch': 39, 'best_score': 0.06535905599594116}, {'epoch': 40, 'best_score': 0.0697672963142395}, {'epoch': 41, 'best_score': 0.06365692615509033}, {'epoch': 42, 'best_score': 0.06365692615509033}, {'epoch': 43, 'best_score': 0.06280583143234253}, {'epoch': 44, 'best_score': 0.07146942615509033}, {'epoch': 45, 'best_score': 0.07146942615509033}, {'epoch': 46, 'best_score': 0.07146942615509033}, {'epoch': 47, 'best_score': 0.07146942615509033}, {'epoch': 48, 'best_score': 0.07146942615509033}, {'epoch': 49, 'best_score': 0.07146942615509033}]",domainnet,2,DANN,features,2048.0,0.8101378083229065,0.8101378083229065,0.38572534918785095,0.38727834820747375,splits_domainnet_DANN_2_0_b09dc755c62e.npz,b09dc755c62e,False,False,0.22527472527472528,0.8021978021978022,0.12964299382209832,,,,0.7025400099529282,logits_vs_features,features,IW residual DIS2 | W=5 | seed=0 (plug-in),True,
iw_residual_dis2,5.0,0.0,28152.0,15295.0,7040.0,3825.0,0.8072443181818182,0.0,1.0,1.1999905109405518,0.5,0.5,0.7945000529289246,0.1442253291606903,241.0,1913.0,124.0,949.0,0.13048838014367123,0.414640522875817,6813.0,227.0,2239.0,1586.0,ok,plugin,False,,3870.62949684099,2373.9646695493443,4.9854906639707135,0.26937572380967667,2.330736744259096,0.9167717528373266,0.17920359333160576,0.309691973475277,0.690308026524723,0.690308026524723,False,3.0,19.0,0.16711992025375366,0.7580645084381104,0.925184428691864,"[{'epoch': 0, 'best_score': 0.048387110233306885}, {'epoch': 1, 'best_score': 0.11148405075073242}, {'epoch': 2, 'best_score': 0.15103334188461304}, {'epoch': 3, 'best_score': 0.16711992025375366}, {'epoch': 4, 'best_score': 0.15240997076034546}, {'epoch': 5, 'best_score': 0.14645296335220337}, {'epoch': 6, 'best_score': 0.1443454623222351}, {'epoch': 7, 'best_score': 0.12542062997817993}, {'epoch': 8, 'best_score': 0.12578606605529785}, {'epoch': 9, 'best_score': 0.12262481451034546}, {'epoch': 10, 'best_score': 0.11808699369430542}, {'epoch': 11, 'best_score': 0.13142019510269165}, {'epoch': 12, 'best_score': 0.12651687860488892}, {'epoch': 13, 'best_score': 0.12862437963485718}, {'epoch': 14, 'best_score': 0.1279360055923462}, {'epoch': 15, 'best_score': 0.12408643960952759}, {'epoch': 16, 'best_score': 0.1310971975326538}, {'epoch': 17, 'best_score': 0.13531219959259033}, {'epoch': 18, 'best_score': 0.11918318271636963}, {'epoch': 19, 'best_score': 0.11707568168640137}, {'epoch': 20, 'best_score': 0.1181294322013855}, {'epoch': 21, 'best_score': 0.11707568168640137}, {'epoch': 22, 'best_score': 0.12514019012451172}, {'epoch': 23, 'best_score': 0.11006492376327515}, {'epoch': 24, 'best_score': 0.10901117324829102}, {'epoch': 25, 'best_score': 0.09709709882736206}, {'epoch': 26, 'best_score': 0.09114009141921997}, {'epoch': 27, 'best_score': 0.09008634090423584}, {'epoch': 28, 'best_score': 0.0921938419342041}, {'epoch': 29, 'best_score': 0.08518308401107788}, {'epoch': 30, 'best_score': 0.08518308401107788}, {'epoch': 31, 'best_score': 0.07501101493835449}, {'epoch': 32, 'best_score': 0.07395726442337036}, {'epoch': 33, 'best_score': 0.07711851596832275}, {'epoch': 34, 'best_score': 0.07711851596832275}, {'epoch': 35, 'best_score': 0.07817226648330688}, {'epoch': 36, 'best_score': 0.07922595739364624}, {'epoch': 37, 'best_score': 0.07326894998550415}, {'epoch': 38, 'best_score': 0.07326894998550415}, {'epoch': 39, 'best_score': 0.07326894998550415}, {'epoch': 40, 'best_score': 0.07326894998550415}, {'epoch': 41, 'best_score': 0.07326894998550415}, {'epoch': 42, 'best_score': 0.07221519947052002}, {'epoch': 43, 'best_score': 0.07922595739364624}, {'epoch': 44, 'best_score': 0.07922595739364624}, {'epoch': 45, 'best_score': 0.07922595739364624}, {'epoch': 46, 'best_score': 0.07817226648330688}, {'epoch': 47, 'best_score': 0.07711851596832275}, {'epoch': 48, 'best_score': 0.07711851596832275}, {'epoch': 49, 'best_score': 0.07606476545333862}]",domainnet,3,DANN,features,2048.0,0.8096050024032593,0.8096050024032593,0.4719189405441284,0.46562090516090393,splits_domainnet_DANN_3_0_b09dc755c62e.npz,b09dc755c62e,False,False,0.29515418502202645,0.7797356828193832,0.13703607001794338,,,,0.690308026524723,logits_vs_features,features,IW residual DIS2 | W=5 | seed=0 (plug-in),True,
iw_residual_dis2,5.0,0.0,28152.0,9910.0,7040.0,2478.0,0.8025568181818181,0.0,1.0,0.7881361842155457,0.5,0.5,0.7996504902839661,0.13991327583789825,245.0,1308.0,136.0,661.0,0.12028282409346344,0.437046004842615,6826.0,214.0,1395.0,1083.0,ok,plugin,False,,3744.561853423778,2300.3029342382556,4.983718069476694,0.2586226737789653,2.1880787361096603,0.9122807017543859,0.2189887835381261,0.33927160763158953,0.6607283923684104,0.6607283923684104,False,13.0,15.0,0.25611817836761475,0.6470588445663452,0.90317702293396,"[{'epoch': 0, 'best_score': 0.04239344596862793}, {'epoch': 1, 'best_score': 0.10512149333953857}, {'epoch': 2, 'best_score': 0.18255537748336792}, {'epoch': 3, 'best_score': 0.2333918809890747}, {'epoch': 4, 'best_score': 0.24746376276016235}, {'epoch': 5, 'best_score': 0.24250245094299316}, {'epoch': 6, 'best_score': 0.2466183304786682}, {'epoch': 7, 'best_score': 0.2288866639137268}, {'epoch': 8, 'best_score': 0.2228352427482605}, {'epoch': 9, 'best_score': 0.23645097017288208}, {'epoch': 10, 'best_score': 0.2306109070777893}, {'epoch': 11, 'best_score': 0.24401527643203735}, {'epoch': 12, 'best_score': 0.2515795826911926}, {'epoch': 13, 'best_score': 0.25611817836761475}, {'epoch': 14, 'best_score': 0.2459508776664734}, {'epoch': 15, 'best_score': 0.23578357696533203}, {'epoch': 16, 'best_score': 0.23880928754806519}, {'epoch': 17, 'best_score': 0.2329692244529724}, {'epoch': 18, 'best_score': 0.2344820499420166}, {'epoch': 19, 'best_score': 0.23599493503570557}, {'epoch': 20, 'best_score': 0.2080959677696228}, {'epoch': 21, 'best_score': 0.19814008474349976}, {'epoch': 22, 'best_score': 0.19532573223114014}, {'epoch': 23, 'best_score': 0.18645989894866943}, {'epoch': 24, 'best_score': 0.18818414211273193}, {'epoch': 25, 'best_score': 0.18969696760177612}, {'epoch': 26, 'best_score': 0.18234401941299438}, {'epoch': 27, 'best_score': 0.18385690450668335}, {'epoch': 28, 'best_score': 0.17671531438827515}, {'epoch': 29, 'best_score': 0.17822813987731934}, {'epoch': 30, 'best_score': 0.16482383012771606}, {'epoch': 31, 'best_score': 0.16633665561676025}, {'epoch': 32, 'best_score': 0.15595799684524536}, {'epoch': 33, 'best_score': 0.15141946077346802}, {'epoch': 34, 'best_score': 0.14709222316741943}, {'epoch': 35, 'best_score': 0.1501179337501526}, {'epoch': 36, 'best_score': 0.15163075923919678}, {'epoch': 37, 'best_score': 0.15163075923919678}, {'epoch': 38, 'best_score': 0.1546565294265747}, {'epoch': 39, 'best_score': 0.1546565294265747}, {'epoch': 40, 'best_score': 0.1546565294265747}, {'epoch': 41, 'best_score': 0.1546565294265747}, {'epoch': 42, 'best_score': 0.145790696144104}, {'epoch': 43, 'best_score': 0.14730358123779297}, {'epoch': 44, 'best_score': 0.14751487970352173}, {'epoch': 45, 'best_score': 0.14751487970352173}, {'epoch': 46, 'best_score': 0.14318770170211792}, {'epoch': 47, 'best_score': 0.14318770170211792}, {'epoch': 48, 'best_score': 0.14318770170211792}, {'epoch': 49, 'best_score': 0.14318770170211792}]",domainnet,1,CDANN,features,256.0,0.8055910468101501,0.8055910468101501,0.5121089816093445,0.5205811262130737,splits_domainnet_CDANN_1_0_b09dc755c62e.npz,b09dc755c62e,False,False,0.2850467289719626,0.6962616822429907,0.21601901951139524,,,,0.6607283923684104,logits_vs_features,features,IW residual DIS2 | W=5 | seed=0 (plug-in),True,
iw_residual_dis2,5.0,0.0,28152.0,14207.0,7040.0,3553.0,0.8004261363636364,0.0,1.0,0.7321817874908447,0.5,0.5,0.8212893605232239,0.12660270929336548,229.0,2268.0,141.0,1105.0,0.10155583097169697,0.5350408105826062,6780.0,260.0,1652.0,1901.0,ok,plugin,False,,3046.4359757382663,1961.741444072225,4.854353617691386,0.1830349139666474,1.8989531178220034,0.9174118884797475,0.21921669661607743,0.3207725275877744,0.6792274724122256,0.6792274724122256,False,13.0,20.0,0.2402682900428772,0.673758864402771,0.9140271544456482,"[{'epoch': 0, 'best_score': 0.026411235332489014}, {'epoch': 1, 'best_score': 0.09975290298461914}, {'epoch': 2, 'best_score': 0.1721895933151245}, {'epoch': 3, 'best_score': 0.19030839204788208}, {'epoch': 4, 'best_score': 0.21928691864013672}, {'epoch': 5, 'best_score': 0.22336894273757935}, {'epoch': 6, 'best_score': 0.23197585344314575}, {'epoch': 7, 'best_score': 0.23197585344314575}, {'epoch': 8, 'best_score': 0.23906809091567993}, {'epoch': 9, 'best_score': 0.23197585344314575}, {'epoch': 10, 'best_score': 0.22759860754013062}, {'epoch': 11, 'best_score': 0.22850358486175537}, {'epoch': 12, 'best_score': 0.2260838747024536}, {'epoch': 13, 'best_score': 0.2402682900428772}, {'epoch': 14, 'best_score': 0.22879880666732788}, {'epoch': 15, 'best_score': 0.22985142469406128}, {'epoch': 16, 'best_score': 0.2263791561126709}, {'epoch': 17, 'best_score': 0.22033953666687012}, {'epoch': 18, 'best_score': 0.21610987186431885}, {'epoch': 19, 'best_score': 0.21505731344223022}, {'epoch': 20, 'best_score': 0.21354258060455322}, {'epoch': 21, 'best_score': 0.21972978115081787}, {'epoch': 22, 'best_score': 0.21550017595291138}, {'epoch': 23, 'best_score': 0.21640515327453613}, {'epoch': 24, 'best_score': 0.21112287044525146}, {'epoch': 25, 'best_score': 0.20674562454223633}, {'epoch': 26, 'best_score': 0.2094605565071106}, {'epoch': 27, 'best_score': 0.2087031602859497}, {'epoch': 28, 'best_score': 0.2016109824180603}, {'epoch': 29, 'best_score': 0.1987484097480774}, {'epoch': 30, 'best_score': 0.1945188045501709}, {'epoch': 31, 'best_score': 0.18833154439926147}, {'epoch': 32, 'best_score': 0.17942941188812256}, {'epoch': 33, 'best_score': 0.18652158975601196}, {'epoch': 34, 'best_score': 0.18742656707763672}, {'epoch': 35, 'best_score': 0.18033438920974731}, {'epoch': 36, 'best_score': 0.17867207527160645}, {'epoch': 37, 'best_score': 0.17867207527160645}, {'epoch': 38, 'best_score': 0.17867207527160645}, {'epoch': 39, 'best_score': 0.18214434385299683}, {'epoch': 40, 'best_score': 0.17505216598510742}, {'epoch': 41, 'best_score': 0.17686212062835693}, {'epoch': 42, 'best_score': 0.1777670979499817}, {'epoch': 43, 'best_score': 0.1635826826095581}, {'epoch': 44, 'best_score': 0.15739548206329346}, {'epoch': 45, 'best_score': 0.1564905047416687}, {'epoch': 46, 'best_score': 0.1564905047416687}, {'epoch': 47, 'best_score': 0.1521131992340088}, {'epoch': 48, 'best_score': 0.1521131992340088}, {'epoch': 49, 'best_score': 0.1521131992340088}]",domainnet,2,CDANN,features,256.0,0.8071539998054504,0.8071539998054504,0.42063772678375244,0.4218969941139221,splits_domainnet_CDANN_2_0_b09dc755c62e.npz,b09dc755c62e,False,False,0.22692307692307692,0.7346153846153847,0.18279650386436286,,,,0.6792274724122256,logits_vs_features,features,IW residual DIS2 | W=5 | seed=0 (plug-in),True,
iw_residual_dis2,5.0,0.0,28152.0,15295.0,7040.0,3825.0,0.8063920454545455,0.0,1.0,0.8945432901382446,0.5,0.5,0.7571138739585876,0.17122101783752441,265.0,1345.0,134.0,700.0,0.1468221922551996,0.29830065359477126,6819.0,221.0,2684.0,1141.0,ok,plugin,False,,4785.889121431149,2894.5133514766926,4.998604507397094,0.4011447847956821,2.5443703893125877,0.8965819456617002,0.15271995977878333,0.29954215203398293,0.7004578479660171,0.7004578479660171,False,7.0,27.0,0.3098081350326538,0.60447758436203,0.9142857193946838,"[{'epoch': 0, 'best_score': 0.047953128814697266}, {'epoch': 1, 'best_score': 0.12464821338653564}, {'epoch': 2, 'best_score': 0.16895520687103271}, {'epoch': 3, 'best_score': 0.2135820984840393}, {'epoch': 4, 'best_score': 0.24724948406219482}, {'epoch': 5, 'best_score': 0.251215398311615}, {'epoch': 6, 'best_score': 0.27392321825027466}, {'epoch': 7, 'best_score': 0.3098081350326538}, {'epoch': 8, 'best_score': 0.2952025532722473}, {'epoch': 9, 'best_score': 0.2731342911720276}, {'epoch': 10, 'best_score': 0.28488272428512573}, {'epoch': 11, 'best_score': 0.276780366897583}, {'epoch': 12, 'best_score': 0.2721748352050781}, {'epoch': 13, 'best_score': 0.27074629068374634}, {'epoch': 14, 'best_score': 0.27646058797836304}, {'epoch': 15, 'best_score': 0.266609787940979}, {'epoch': 16, 'best_score': 0.26628994941711426}, {'epoch': 17, 'best_score': 0.25422173738479614}, {'epoch': 18, 'best_score': 0.23326224088668823}, {'epoch': 19, 'best_score': 0.23326224088668823}, {'epoch': 20, 'best_score': 0.23675906658172607}, {'epoch': 21, 'best_score': 0.2321535348892212}, {'epoch': 22, 'best_score': 0.23040515184402466}, {'epoch': 23, 'best_score': 0.23040515184402466}, {'epoch': 24, 'best_score': 0.225799560546875}, {'epoch': 25, 'best_score': 0.21087419986724854}, {'epoch': 26, 'best_score': 0.21087419986724854}, {'epoch': 27, 'best_score': 0.21373134851455688}, {'epoch': 28, 'best_score': 0.1945202350616455}, {'epoch': 29, 'best_score': 0.19562900066375732}, {'epoch': 30, 'best_score': 0.1945202350616455}, {'epoch': 31, 'best_score': 0.19737738370895386}, {'epoch': 32, 'best_score': 0.2002345323562622}, {'epoch': 33, 'best_score': 0.1913432478904724}, {'epoch': 34, 'best_score': 0.19420039653778076}, {'epoch': 35, 'best_score': 0.19420039653778076}, {'epoch': 36, 'best_score': 0.20452022552490234}, {'epoch': 37, 'best_score': 0.2059488296508789}, {'epoch': 38, 'best_score': 0.20452022552490234}, {'epoch': 39, 'best_score': 0.2059488296508789}, {'epoch': 40, 'best_score': 0.19991469383239746}, {'epoch': 41, 'best_score': 0.20134329795837402}, {'epoch': 42, 'best_score': 0.1938806176185608}, {'epoch': 43, 'best_score': 0.1938806176185608}, {'epoch': 44, 'best_score': 0.18641793727874756}, {'epoch': 45, 'best_score': 0.18784648180007935}, {'epoch': 46, 'best_score': 0.18784648180007935}, {'epoch': 47, 'best_score': 0.18784648180007935}, {'epoch': 48, 'best_score': 0.1818123459815979}, {'epoch': 49, 'best_score': 0.18324095010757446}]",domainnet,3,CDANN,features,256.0,0.8074381947517395,0.8074381947517395,0.49369075894355774,0.48549020290374756,splits_domainnet_CDANN_3_0_b09dc755c62e.npz,b09dc755c62e,False,False,0.2579185520361991,0.6425339366515838,0.2540480090101165,,,,0.7004578479660171,logits_vs_features,features,IW residual DIS2 | W=5 | seed=0 (plug-in),True,
iw_residual_dis2,5.0,0.0,1700.0,8804.0,425.0,2203.0,0.8658823529411764,0.0,1.0,2.358501434326172,0.5,0.5,0.5993983745574951,0.22833284735679626,6.0,58.0,1.0,27.0,0.19441617649071607,0.022696323195642305,423.0,2.0,2153.0,50.0,ok,plugin,False,,561.8544249951487,296.5267572161775,4.977867875468121,1.0993252109299974,3.006510583615209,0.92,0.02088061733999092,0.215296793830707,0.784703206169293,0.784703206169293,False,0.0,4.0,0.0,1.0,1.0,"[{'epoch': 0, 'best_score': 0.0}, {'epoch': 1, 'best_score': -0.037037014961242676}, {'epoch': 2, 'best_score': -0.037037014961242676}, {'epoch': 3, 'best_score': -0.1111111044883728}, {'epoch': 4, 'best_score': -0.1111111044883728}, {'epoch': 5, 'best_score': -0.1111111044883728}, {'epoch': 6, 'best_score': -0.14814811944961548}, {'epoch': 7, 'best_score': -0.14814811944961548}, {'epoch': 8, 'best_score': -0.14814811944961548}, {'epoch': 9, 'best_score': -0.18518519401550293}, {'epoch': 10, 'best_score': -0.18518519401550293}, {'epoch': 11, 'best_score': -0.18518519401550293}, {'epoch': 12, 'best_score': -0.18518519401550293}, {'epoch': 13, 'best_score': -0.18518519401550293}, {'epoch': 14, 'best_score': -0.18518519401550293}, {'epoch': 15, 'best_score': -0.14814811944961548}, {'epoch': 16, 'best_score': -0.14814811944961548}, {'epoch': 17, 'best_score': -0.18518519401550293}, {'epoch': 18, 'best_score': -0.14814811944961548}, {'epoch': 19, 'best_score': -0.18518519401550293}, {'epoch': 20, 'best_score': -0.18518519401550293}, {'epoch': 21, 'best_score': -0.14814811944961548}, {'epoch': 22, 'best_score': -0.14814811944961548}, {'epoch': 23, 'best_score': -0.14814811944961548}, {'epoch': 24, 'best_score': -0.14814811944961548}, {'epoch': 25, 'best_score': -0.14814811944961548}, {'epoch': 26, 'best_score': -0.14814811944961548}, {'epoch': 27, 'best_score': -0.14814811944961548}, {'epoch': 28, 'best_score': -0.14814811944961548}, {'epoch': 29, 'best_score': -0.14814811944961548}, {'epoch': 30, 'best_score': -0.14814811944961548}, {'epoch': 31, 'best_score': -0.14814811944961548}, {'epoch': 32, 'best_score': -0.14814811944961548}, {'epoch': 33, 'best_score': -0.14814811944961548}, {'epoch': 34, 'best_score': -0.14814811944961548}, {'epoch': 35, 'best_score': -0.14814811944961548}, {'epoch': 36, 'best_score': -0.14814811944961548}, {'epoch': 37, 'best_score': -0.14814811944961548}, {'epoch': 38, 'best_score': -0.14814811944961548}, {'epoch': 39, 'best_score': -0.14814811944961548}, {'epoch': 40, 'best_score': -0.14814811944961548}, {'epoch': 41, 'best_score': -0.14814811944961548}, {'epoch': 42, 'best_score': -0.14814811944961548}, {'epoch': 43, 'best_score': -0.1111111044883728}, {'epoch': 44, 'best_score': -0.1111111044883728}, {'epoch': 45, 'best_score': -0.1111111044883728}, {'epoch': 46, 'best_score': -0.1111111044883728}, {'epoch': 47, 'best_score': -0.1111111044883728}, {'epoch': 48, 'best_score': -0.1111111044883728}, {'epoch': 49, 'best_score': -0.1111111044883728}]",living17,1,DANN,features,512.0,0.8994117379188538,0.8994117379188538,0.6758291721343994,0.6876986026763916,splits_living17_DANN_1_0_b09dc755c62e.npz,b09dc755c62e,False,False,0.0,0.0,0.92,,,,0.784703206169293,logits_vs_features,features,IW residual DIS2 | W=5 | seed=0 (plug-in),True,
iw_residual_dis2,5.0,0.0,1700.0,68.0,425.0,19.0,0.8823529411764706,0.0,1.0,54.598148345947266,0.5,0.5,0.4745098352432251,0.2517836093902588,,,,,0.11549763969311724,0.0,425.0,0.0,19.0,0.0,ok,plugin,False,,417.43123633639254,424.73358854428574,1.0960320230876648,0.980617607750639,1.0244340116827149,,0.0,0.11549763969311724,0.8845023603068828,0.8845023603068828,False,,,,,,,living17,2,DANN,features,512.0,0.9094117283821106,0.9094117283821106,0.8970588445663452,0.8421052694320679,splits_living17_DANN_2_0_b09dc755c62e.npz,b09dc755c62e,True,False,,,,,,,0.8845023603068828,logits_vs_features,features,IW residual DIS2 | W=5 | seed=0 (plug-in),True,
iw_residual_dis2,5.0,0.0,1700.0,68.0,425.0,19.0,0.8894117647058823,0.0,1.0,40.14657211303711,0.5,0.5,0.4598039388656616,0.2498873770236969,,,,,0.10854470082859607,0.0,425.0,0.0,19.0,0.0,ok,plugin,False,,416.5155291691593,424.59386238895956,1.1081066495004241,0.9786472673782749,1.032276027480624,,0.0,0.10854470082859607,0.891455299171404,0.891455299171404,False,,,,,,,living17,3,DANN,features,512.0,0.9052940607070923,0.9052940607070923,0.5882353186607361,0.6842105388641357,splits_living17_DANN_3_0_b09dc755c62e.npz,b09dc755c62e,False,False,,,,,,,0.891455299171404,logits_vs_features,features,IW residual DIS2 | W=5 | seed=0 (plug-in),True,
iw_residual_dis2,5.0,0.0,1700.0,8804.0,425.0,2203.0,0.8894117647058823,0.0,1.0,0.9411579370498657,0.5,0.5,0.601169764995575,0.2327345460653305,,,,,0.15813636129384576,0.0031774852473899226,425.0,0.0,2196.0,7.0,unsupported_residual_source_region,plugin,False,,463.8987774648145,318.9722855623795,3.5347403978987533,0.9412892595851248,2.3347204204429564,,,,,,,,,,,,,living17,1,CDANN,features,256.0,0.9052940607070923,0.9052940607070923,0.6863925457000732,0.6981388926506042,splits_living17_CDANN_1_0_b09dc755c62e.npz,b09dc755c62e,,,,,,,,,,logits_vs_features,features,IW residual DIS2 | W=5 | seed=0 (plug-in),False,
iw_residual_dis2,5.0,0.0,1700.0,68.0,425.0,19.0,0.8917647058823529,0.0,1.0,54.598148345947266,0.5,0.5,0.4421568810939789,0.2509284019470215,,,,,0.10602154727486353,0.0,425.0,0.0,19.0,0.0,ok,plugin,False,,418.2454995415853,424.71056521312704,1.0635932790671974,0.9855853808564433,1.0206423120810855,,0.0,0.10602154727486353,0.8939784527251364,0.8939784527251364,False,,,,,,,living17,2,CDANN,features,256.0,0.9094117283821106,0.9094117283821106,0.8676470518112183,0.8421052694320679,splits_living17_CDANN_2_0_b09dc755c62e.npz,b09dc755c62e,False,False,,,,,,,0.8939784527251364,logits_vs_features,features,IW residual DIS2 | W=5 | seed=0 (plug-in),True,
iw_residual_dis2,5.0,0.0,1700.0,68.0,425.0,19.0,0.8823529411764706,0.0,1.0,10.31087875366211,0.5,0.5,0.5941176414489746,0.2489180862903595,,,,,0.10872907828318044,0.0,425.0,0.0,19.0,0.0,ok,plugin,False,,392.28334667577496,417.896727395976,1.2470679996167506,0.916657293594045,1.1190605004261212,,0.0,0.10872907828318044,0.8912709217168195,0.8912709217168195,False,,,,,,,living17,3,CDANN,features,256.0,0.9052940607070923,0.9052940607070923,0.5588235259056091,0.6315789222717285,splits_living17_CDANN_3_0_b09dc755c62e.npz,b09dc755c62e,False,False,,,,,,,0.8912709217168195,logits_vs_features,features,IW residual DIS2 | W=5 | seed=0 (plug-in),True,
iw_residual_dis2,5.0,0.0,2600.0,13282.0,650.0,3322.0,0.8046153846153846,0.0,1.0,3.8708994388580322,0.5,0.5,0.6090245246887207,0.2385123372077942,,,,,0.22078968857316847,0.002408187838651415,650.0,0.0,3314.0,8.0,unsupported_residual_source_region,plugin,False,,723.679591393693,545.4941670783072,4.328369877538175,1.0274323947123594,1.8757575197739205,,,,,,,,,,,,,nonliving26,1,DANN,features,512.0,0.8126922845840454,0.8126922845840454,0.5122722387313843,0.5192654728889465,splits_nonliving26_DANN_1_0_b09dc755c62e.npz,b09dc755c62e,,,,,,,,,,logits_vs_features,features,IW residual DIS2 | W=5 | seed=0 (plug-in),False,
iw_residual_dis2,5.0,0.0,2600.0,104.0,650.0,28.0,0.8292307692307692,0.0,1.0,9.035787582397461,0.5,0.5,0.5865384936332703,0.24835780262947083,,,,,0.159961326333279,0.0,650.0,0.0,28.0,0.0,ok,plugin,False,,604.3711312695544,634.604737084445,1.780970058786834,0.9172193556204155,1.1646644263832953,,0.0,0.159961326333279,0.840038673666721,0.840038673666721,False,,,,,,,nonliving26,2,DANN,features,512.0,0.8176922798156738,0.8176922798156738,0.75,0.7142857313156128,splits_nonliving26_DANN_2_0_b09dc755c62e.npz,b09dc755c62e,False,False,,,,,,,0.840038673666721,logits_vs_features,features,IW residual DIS2 | W=5 | seed=0 (plug-in),True,
iw_residual_dis2,5.0,0.0,2600.0,104.0,650.0,28.0,0.8246153846153846,0.0,1.0,54.598148345947266,0.5,0.5,0.5230768918991089,0.251219242811203,,,,,0.17369137256296222,0.0,650.0,0.0,28.0,0.0,ok,plugin,False,,639.8040415148071,649.588448519712,1.0649764653148253,0.9828991046709952,1.026744095998503,,0.0,0.17369137256296222,0.8263086274370378,0.8263086274370378,False,,,,,,,nonliving26,3,DANN,features,512.0,0.8146153688430786,0.8146153688430786,0.4038461744785309,0.3214285969734192,splits_nonliving26_DANN_3_0_b09dc755c62e.npz,b09dc755c62e,False,False,,,,,,,0.8263086274370378,logits_vs_features,features,IW residual DIS2 | W=5 | seed=0 (plug-in),True,
iw_residual_dis2,5.0,0.0,2600.0,13282.0,650.0,3322.0,0.8169230769230769,0.0,1.0,1.2974092960357666,0.5,0.5,0.5941033363342285,0.23849940299987793,,,,,0.19342620235405997,0.002408187838651415,650.0,0.0,3314.0,8.0,unsupported_residual_source_region,plugin,False,,660.9305304263683,540.3913908532045,4.7942710695993735,0.93795971892271,1.7660835798347234,,,,,,,,,,,,,nonliving26,1,CDANN,features,256.0,0.8176922798156738,0.8176922798156738,0.5332028269767761,0.5352197289466858,splits_nonliving26_CDANN_1_0_b09dc755c62e.npz,b09dc755c62e,,,,,,,,,,logits_vs_features,features,IW residual DIS2 | W=5 | seed=0 (plug-in),False,
iw_residual_dis2,5.0,0.0,2600.0,104.0,650.0,28.0,0.8138461538461539,0.0,1.0,54.598148345947266,0.5,0.5,0.4942307770252228,0.2516893148422241,,,,,0.18415928333478168,0.0,650.0,0.0,28.0,0.0,ok,plugin,False,,642.9913014628156,649.5601622048828,1.080287744833805,0.9902858607274048,1.029761176121253,,0.0,0.18415928333478168,0.8158407166652183,0.8158407166652183,False,,,,,,,nonliving26,2,CDANN,features,256.0,0.8165384531021118,0.8165384531021118,0.7692307829856873,0.7500000596046448,splits_nonliving26_CDANN_2_0_b09dc755c62e.npz,b09dc755c62e,False,False,,,,,,,0.8158407166652183,logits_vs_features,features,IW residual DIS2 | W=5 | seed=0 (plug-in),True,
iw_residual_dis2,5.0,0.0,2600.0,104.0,650.0,28.0,0.8123076923076923,0.0,1.0,54.598148345947266,0.5,0.5,0.550000011920929,0.25091516971588135,,,,,0.18447659989760018,0.0,650.0,0.0,28.0,0.0,ok,plugin,False,,640.4589888826333,649.4654857898887,1.0878023218238284,0.9873696835896658,1.0266878673622692,,0.0,0.18447659989760018,0.8155234001023999,0.8155234001023999,False,,,,,,,nonliving26,3,CDANN,features,256.0,0.822692334651947,0.822692334651947,0.4038461744785309,0.3214285969734192,splits_nonliving26_CDANN_3_0_b09dc755c62e.npz,b09dc755c62e,False,False,,,,,,,0.8155234001023999,logits_vs_features,features,IW residual DIS2 | W=5 | seed=0 (plug-in),True,
iw_residual_dis2,5.0,0.0,11745.0,35070.0,2938.0,8768.0,0.6388699795779442,0.0,1.0,2.791534662246704,0.5,0.5,0.568637490272522,0.24194462597370148,1.0,7.0,1.0,0.0,0.3641547909543296,0.0009124087591240876,2933.0,5.0,8760.0,8.0,unsupported_critic_region,plugin,False,,3032.2268507802473,2542.5400773495853,4.258530650881239,0.9713702007769277,1.7688309516924112,,,,,,,,,,,,,fmow,1,DANN,features,1024.0,0.6519370079040527,0.6519370079040527,0.6103222370147705,0.6077782511711121,splits_fmow_DANN_1_0_b09dc755c62e.npz,b09dc755c62e,,,,,,,,,,logits_vs_features,features,IW residual DIS2 | W=5 | seed=0 (plug-in),False,
iw_residual_dis2,5.0,0.0,11745.0,39088.0,2938.0,9774.0,0.6344452008168822,0.0,1.0,2.340001106262207,0.5,0.5,0.5912741422653198,0.2374826967716217,3.0,21.0,1.0,8.0,0.37563618857964887,0.0007161857990587272,2931.0,7.0,9767.0,7.0,ok,plugin,False,,3004.185279541466,2367.001219279915,4.783916762396002,0.9265962895949081,1.9739785090023245,1.0,0.00010231225700838963,0.3757385008366573,0.6242614991633427,0.6242614991633427,False,0.0,8.0,0.0,1.0,1.0,"[{'epoch': 0, 'best_score': 0.0}, {'epoch': 1, 'best_score': 0.0}, {'epoch': 2, 'best_score': -0.125}, {'epoch': 3, 'best_score': -0.125}, {'epoch': 4, 'best_score': -0.125}, {'epoch': 5, 'best_score': -0.125}, {'epoch': 6, 'best_score': -0.125}, {'epoch': 7, 'best_score': -0.125}, {'epoch': 8, 'best_score': -0.125}, {'epoch': 9, 'best_score': -0.25}, {'epoch': 10, 'best_score': -0.25}, {'epoch': 11, 'best_score': -0.25}, {'epoch': 12, 'best_score': -0.25}, {'epoch': 13, 'best_score': -0.25}, {'epoch': 14, 'best_score': -0.25}, {'epoch': 15, 'best_score': -0.25}, {'epoch': 16, 'best_score': -0.25}, {'epoch': 17, 'best_score': -0.25}, {'epoch': 18, 'best_score': -0.25}, {'epoch': 19, 'best_score': -0.25}, {'epoch': 20, 'best_score': -0.25}, {'epoch': 21, 'best_score': -0.25}, {'epoch': 22, 'best_score': -0.25}, {'epoch': 23, 'best_score': -0.25}, {'epoch': 24, 'best_score': -0.25}, {'epoch': 25, 'best_score': -0.25}, {'epoch': 26, 'best_score': -0.25}, {'epoch': 27, 'best_score': -0.25}, {'epoch': 28, 'best_score': -0.25}, {'epoch': 29, 'best_score': -0.25}, {'epoch': 30, 'best_score': -0.25}, {'epoch': 31, 'best_score': -0.25}, {'epoch': 32, 'best_score': -0.25}, {'epoch': 33, 'best_score': -0.25}, {'epoch': 34, 'best_score': -0.25}, {'epoch': 35, 'best_score': -0.25}, {'epoch': 36, 'best_score': -0.25}, {'epoch': 37, 'best_score': -0.25}, {'epoch': 38, 'best_score': -0.25}, {'epoch': 39, 'best_score': -0.25}, {'epoch': 40, 'best_score': -0.25}, {'epoch': 41, 'best_score': -0.25}, {'epoch': 42, 'best_score': -0.25}, {'epoch': 43, 'best_score': -0.25}, {'epoch': 44, 'best_score': -0.25}, {'epoch': 45, 'best_score': -0.25}, {'epoch': 46, 'best_score': -0.25}, {'epoch': 47, 'best_score': -0.25}, {'epoch': 48, 'best_score': -0.25}, {'epoch': 49, 'best_score': -0.25}]",fmow,2,DANN,features,1024.0,0.6504895687103271,0.6504895687103271,0.5482756495475769,0.5545324683189392,splits_fmow_DANN_2_0_b09dc755c62e.npz,b09dc755c62e,False,False,0.0,0.8571428571428571,0.1428571428571429,,,,0.6242614991633427,logits_vs_features,features,IW residual DIS2 | W=5 | seed=0 (plug-in),True,
iw_residual_dis2,5.0,0.0,11745.0,35070.0,2938.0,8768.0,0.6466984343090538,0.0,1.0,1.671094298362732,0.5,0.5,0.5595880150794983,0.24499325454235077,,,,,0.3409687024864391,0.0,2938.0,0.0,8768.0,0.0,ok,plugin,False,,2919.903126621071,2710.4070278758336,2.4847773172606606,0.9688471254684987,1.4996726586256592,,0.0,0.3409687024864391,0.6590312975135608,0.6590312975135608,False,,,,,,,fmow,1,CDANN,features,256.0,0.6558535695075989,0.6558535695075989,0.605617344379425,0.6010492444038391,splits_fmow_CDANN_1_0_b09dc755c62e.npz,b09dc755c62e,False,False,,,,,,,0.6590312975135608,logits_vs_features,features,IW residual DIS2 | W=5 | seed=0 (plug-in),True,
iw_residual_dis2,5.0,0.0,11745.0,39088.0,2938.0,9774.0,0.6446562287270252,0.0,1.0,1.1306838989257812,0.5,0.5,0.587967038154602,0.23830637335777283,,,,,0.3514128670092961,0.0,2938.0,0.0,9774.0,0.0,ok,plugin,False,,2961.4461611689308,2385.4842675660307,3.9253427054235233,0.9103228273158042,1.9022962452940382,,0.0,0.3514128670092961,0.6485871329907039,0.6485871329907039,False,,,,,,,fmow,2,CDANN,features,256.0,0.6548318862915039,0.6548318862915039,0.5420845150947571,0.5445058345794678,splits_fmow_CDANN_2_0_b09dc755c62e.npz,b09dc755c62e,False,False,,,,,,,0.6485871329907039,logits_vs_features,features,IW residual DIS2 | W=5 | seed=0 (plug-in),True,
iw_residual_dis2,5.0,0.0,731.0,898.0,184.0,227.0,0.9239130434782609,0.0,1.0,17.045732498168945,0.5,0.5,0.6028167009353638,0.2415096014738083,,,,,0.0741366718739551,0.0,184.0,0.0,227.0,0.0,ok,plugin,False,,190.6535905243716,157.41046768177856,2.5058436195226554,0.9308691307888041,1.9244066860272393,,0.0,0.0741366718739551,0.9258633281260449,0.9258633281260449,False,,,,,,,officehome,1,DANN,features,2048.0,0.922024667263031,0.922024667263031,0.7193763852119446,0.7268722057342529,splits_officehome_DANN_1_0_b09dc755c62e.npz,b09dc755c62e,False,False,,,,,,,0.9258633281260449,logits_vs_features,features,IW residual DIS2 | W=5 | seed=0 (plug-in),True,
iw_residual_dis2,5.0,0.0,731.0,893.0,184.0,226.0,0.9021739130434783,0.0,1.0,10.123028755187988,0.5,0.5,0.6720024347305298,0.22076907753944397,,,,,0.09264463480172389,0.017699115044247787,184.0,0.0,222.0,4.0,unsupported_residual_source_region,plugin,False,,164.39302167284816,148.89067015719772,2.343000157423209,0.8276266980689952,1.7496167102662417,,,,,,,,,,,,,officehome,2,DANN,features,2048.0,0.915184736251831,0.915184736251831,0.44904816150665283,0.45132744312286377,splits_officehome_DANN_2_0_b09dc755c62e.npz,b09dc755c62e,,,,,,,,,,logits_vs_features,features,IW residual DIS2 | W=5 | seed=0 (plug-in),False,
iw_residual_dis2,5.0,0.0,731.0,507.0,184.0,128.0,0.9130434782608696,0.0,1.0,7.270840167999268,0.5,0.5,0.6804109811782837,0.20840655267238617,10.0,18.0,4.0,9.0,0.14399293662543772,0.15625,178.0,6.0,108.0,20.0,ok,plugin,False,,168.15529028629743,91.8774082624589,4.9087817469168655,0.6126143165973414,2.9603788110103135,0.9,0.010416666666666664,0.15440960329210437,0.8455903967078956,0.8455903967078956,False,0.0,29.0,0.5,0.5,1.0,"[{'epoch': 0, 'best_score': 0.5}, {'epoch': 1, 'best_score': 0.2777777910232544}, {'epoch': 2, 'best_score': 0.2777777910232544}, {'epoch': 3, 'best_score': 0.1666666865348816}, {'epoch': 4, 'best_score': 0.1666666865348816}, {'epoch': 5, 'best_score': 0.2777777910232544}, {'epoch': 6, 'best_score': 0.4166666865348816}, {'epoch': 7, 'best_score': 0.2777777910232544}, {'epoch': 8, 'best_score': 0.2777777910232544}, {'epoch': 9, 'best_score': 0.2777777910232544}, {'epoch': 10, 'best_score': 0.2777777910232544}, {'epoch': 11, 'best_score': 0.2777777910232544}, {'epoch': 12, 'best_score': 0.2777777910232544}, {'epoch': 13, 'best_score': 0.2777777910232544}, {'epoch': 14, 'best_score': 0.027777791023254395}, {'epoch': 15, 'best_score': 0.027777791023254395}, {'epoch': 16, 'best_score': 0.027777791023254395}, {'epoch': 17, 'best_score': 0.027777791023254395}, {'epoch': 18, 'best_score': 0.027777791023254395}, {'epoch': 19, 'best_score': -0.1111111044883728}, {'epoch': 20, 'best_score': -0.1111111044883728}, {'epoch': 21, 'best_score': -0.1111111044883728}, {'epoch': 22, 'best_score': -0.1111111044883728}, {'epoch': 23, 'best_score': -0.2222222089767456}, {'epoch': 24, 'best_score': -0.2222222089767456}, {'epoch': 25, 'best_score': -0.2222222089767456}, {'epoch': 26, 'best_score': -0.2222222089767456}, {'epoch': 27, 'best_score': -0.2222222089767456}, {'epoch': 28, 'best_score': -0.2222222089767456}, {'epoch': 29, 'best_score': -0.2222222089767456}, {'epoch': 30, 'best_score': -0.2222222089767456}, {'epoch': 31, 'best_score': -0.2222222089767456}, {'epoch': 32, 'best_score': -0.2222222089767456}, {'epoch': 33, 'best_score': -0.2222222089767456}, {'epoch': 34, 'best_score': -0.2222222089767456}, {'epoch': 35, 'best_score': -0.2222222089767456}, {'epoch': 36, 'best_score': -0.2222222089767456}, {'epoch': 37, 'best_score': -0.2222222089767456}, {'epoch': 38, 'best_score': -0.2222222089767456}, {'epoch': 39, 'best_score': -0.2222222089767456}, {'epoch': 40, 'best_score': -0.2222222089767456}, {'epoch': 41, 'best_score': -0.2222222089767456}, {'epoch': 42, 'best_score': -0.2222222089767456}, {'epoch': 43, 'best_score': -0.2222222089767456}, {'epoch': 44, 'best_score': -0.2222222089767456}, {'epoch': 45, 'best_score': -0.2222222089767456}, {'epoch': 46, 'best_score': -0.2222222089767456}, {'epoch': 47, 'best_score': -0.2222222089767456}, {'epoch': 48, 'best_score': -0.2222222089767456}, {'epoch': 49, 'best_score': -0.2222222089767456}]",officehome,3,DANN,features,2048.0,0.9056087732315063,0.9056087732315063,0.5364891290664673,0.5625,splits_officehome_DANN_3_0_b09dc755c62e.npz,b09dc755c62e,False,False,0.0,0.8333333333333334,0.06666666666666665,,,,0.8455903967078956,logits_vs_features,features,IW residual DIS2 | W=5 | seed=0 (plug-in),True,
iw_residual_dis2,5.0,0.0,731.0,898.0,184.0,227.0,0.9130434782608696,0.0,1.0,4.174980640411377,0.5,0.5,0.5896567702293396,0.23984535038471222,,,,,0.08126445021930495,0.004405286343612335,184.0,0.0,226.0,1.0,unsupported_residual_source_region,plugin,False,,183.75484797966539,146.63133691676035,4.146882728455314,0.8779690734570711,1.901813522534541,,,,,,,,,,,,,officehome,1,CDANN,features,256.0,0.9138167500495911,0.9138167500495911,0.730512261390686,0.7488986253738403,splits_officehome_CDANN_1_0_b09dc755c62e.npz,b09dc755c62e,,,,,,,,,,logits_vs_features,features,IW residual DIS2 | W=5 | seed=0 (plug-in),False,
iw_residual_dis2,5.0,0.0,731.0,893.0,184.0,226.0,0.8913043478260869,0.0,1.0,1.3385977745056152,0.5,0.5,0.8166846036911011,0.13948789238929749,10.0,116.0,4.0,61.0,0.08742781492087345,0.4469026548672566,174.0,10.0,125.0,101.0,ok,plugin,False,,98.35766291939481,61.03784260346389,4.818900223321069,0.28024952141668025,2.3772098617845034,0.9504950495049505,0.20132743362831856,0.288755248549192,0.711244751450808,0.711244751450808,False,1.0,4.0,0.46721309423446655,0.5,0.9672130942344666,"[{'epoch': 0, 'best_score': 0.25}, {'epoch': 1, 'best_score': 0.46721309423446655}, {'epoch': 2, 'best_score': 0.41803276538848877}, {'epoch': 3, 'best_score': 0.4344262480735779}, {'epoch': 4, 'best_score': 0.18442624807357788}, {'epoch': 5, 'best_score': 0.18442624807357788}, {'epoch': 6, 'best_score': 0.18442624807357788}, {'epoch': 7, 'best_score': 0.18442624807357788}, {'epoch': 8, 'best_score': 0.18442624807357788}, {'epoch': 9, 'best_score': 0.18442624807357788}, {'epoch': 10, 'best_score': 0.18442624807357788}, {'epoch': 11, 'best_score': 0.18442624807357788}, {'epoch': 12, 'best_score': 0.18442624807357788}, {'epoch': 13, 'best_score': 0.18442624807357788}, {'epoch': 14, 'best_score': 0.18442624807357788}, {'epoch': 15, 'best_score': 0.18442624807357788}, {'epoch': 16, 'best_score': 0.18442624807357788}, {'epoch': 17, 'best_score': 0.18442624807357788}, {'epoch': 18, 'best_score': 0.20081967115402222}, {'epoch': 19, 'best_score': 0.20081967115402222}, {'epoch': 20, 'best_score': 0.18442624807357788}, {'epoch': 21, 'best_score': 0.18442624807357788}, {'epoch': 22, 'best_score': 0.18442624807357788}, {'epoch': 23, 'best_score': 0.18442624807357788}, {'epoch': 24, 'best_score': 0.18442624807357788}, {'epoch': 25, 'best_score': 0.18442624807357788}, {'epoch': 26, 'best_score': 0.18442624807357788}, {'epoch': 27, 'best_score': 0.18442624807357788}, {'epoch': 28, 'best_score': 0.18442624807357788}, {'epoch': 29, 'best_score': 0.20081967115402222}, {'epoch': 30, 'best_score': 0.20081967115402222}, {'epoch': 31, 'best_score': 0.20081967115402222}, {'epoch': 32, 'best_score': 0.20081967115402222}, {'epoch': 33, 'best_score': 0.20081967115402222}, {'epoch': 34, 'best_score': 0.20081967115402222}, {'epoch': 35, 'best_score': 0.20081967115402222}, {'epoch': 36, 'best_score': 0.20081967115402222}, {'epoch': 37, 'best_score': 0.20081967115402222}, {'epoch': 38, 'best_score': 0.20081967115402222}, {'epoch': 39, 'best_score': 0.20081967115402222}, {'epoch': 40, 'best_score': 0.20081967115402222}, {'epoch': 41, 'best_score': 0.20081967115402222}, {'epoch': 42, 'best_score': 0.20081967115402222}, {'epoch': 43, 'best_score': 0.20081967115402222}, {'epoch': 44, 'best_score': 0.21721309423446655}, {'epoch': 45, 'best_score': 0.21721309423446655}, {'epoch': 46, 'best_score': 0.20081967115402222}, {'epoch': 47, 'best_score': 0.21721309423446655}, {'epoch': 48, 'best_score': 0.21721309423446655}, {'epoch': 49, 'best_score': 0.21721309423446655}]",officehome,2,CDANN,features,256.0,0.9015048146247864,0.9015048146247864,0.4501679837703705,0.45132744312286377,splits_officehome_CDANN_2_0_b09dc755c62e.npz,b09dc755c62e,False,False,0.2,0.7,0.2504950495049505,,,,0.711244751450808,logits_vs_features,features,IW residual DIS2 | W=5 | seed=0 (plug-in),True,
iw_residual_dis2,5.0,0.0,731.0,507.0,184.0,128.0,0.9130434782608696,0.0,1.0,1.6117706298828125,0.5,0.5,0.7504109144210815,0.15400457382202148,13.0,63.0,6.0,26.0,0.07843089616087191,0.4296875,175.0,9.0,73.0,55.0,ok,plugin,False,,119.91609851559917,58.348326610480974,4.8804111320291685,0.294828022644536,3.2695246230645516,0.8909090909090909,0.23958333333333334,0.31801422949420527,0.6819857705057948,0.6819857705057948,False,1.0,10.0,0.4743589460849762,0.3333333432674408,0.807692289352417,"[{'epoch': 0, 'best_score': 0.307692289352417}, {'epoch': 1, 'best_score': 0.4743589460849762}, {'epoch': 2, 'best_score': 0.4615384340286255}, {'epoch': 3, 'best_score': 0.4743589460849762}, {'epoch': 4, 'best_score': 0.39743587374687195}, {'epoch': 5, 'best_score': 0.39743587374687195}, {'epoch': 6, 'best_score': 0.39743587374687195}, {'epoch': 7, 'best_score': 0.39743587374687195}, {'epoch': 8, 'best_score': 0.39743587374687195}, {'epoch': 9, 'best_score': 0.39743587374687195}, {'epoch': 10, 'best_score': 0.39743587374687195}, {'epoch': 11, 'best_score': 0.39743587374687195}, {'epoch': 12, 'best_score': 0.39743587374687195}, {'epoch': 13, 'best_score': 0.39743587374687195}, {'epoch': 14, 'best_score': 0.43589743971824646}, {'epoch': 15, 'best_score': 0.43589743971824646}, {'epoch': 16, 'best_score': 0.43589743971824646}, {'epoch': 17, 'best_score': 0.43589743971824646}, {'epoch': 18, 'best_score': 0.43589743971824646}, {'epoch': 19, 'best_score': 0.43589743971824646}, {'epoch': 20, 'best_score': 0.43589743971824646}, {'epoch': 21, 'best_score': 0.43589743971824646}, {'epoch': 22, 'best_score': 0.43589743971824646}, {'epoch': 23, 'best_score': 0.43589743971824646}, {'epoch': 24, 'best_score': 0.43589743971824646}, {'epoch': 25, 'best_score': 0.43589743971824646}, {'epoch': 26, 'best_score': 0.43589743971824646}, {'epoch': 27, 'best_score': 0.43589743971824646}, {'epoch': 28, 'best_score': 0.43589743971824646}, {'epoch': 29, 'best_score': 0.43589743971824646}, {'epoch': 30, 'best_score': 0.43589743971824646}, {'epoch': 31, 'best_score': 0.4743589460849762}, {'epoch': 32, 'best_score': 0.307692289352417}, {'epoch': 33, 'best_score': 0.307692289352417}, {'epoch': 34, 'best_score': 0.307692289352417}, {'epoch': 35, 'best_score': 0.307692289352417}, {'epoch': 36, 'best_score': 0.26923078298568726}, {'epoch': 37, 'best_score': 0.307692289352417}, {'epoch': 38, 'best_score': 0.307692289352417}, {'epoch': 39, 'best_score': 0.307692289352417}, {'epoch': 40, 'best_score': 0.307692289352417}, {'epoch': 41, 'best_score': 0.307692289352417}, {'epoch': 42, 'best_score': 0.307692289352417}, {'epoch': 43, 'best_score': 0.26923078298568726}, {'epoch': 44, 'best_score': 0.26923078298568726}, {'epoch': 45, 'best_score': 0.26923078298568726}, {'epoch': 46, 'best_score': 0.307692289352417}, {'epoch': 47, 'best_score': 0.26923078298568726}, {'epoch': 48, 'best_score': 0.26923078298568726}, {'epoch': 49, 'best_score': 0.307692289352417}]",officehome,3,CDANN,features,256.0,0.9138167500495911,0.9138167500495911,0.5364891290664673,0.5546875,splits_officehome_CDANN_3_0_b09dc755c62e.npz,b09dc755c62e,False,False,0.1111111111111111,0.4444444444444444,0.44646464646464645,,,,0.6819857705057948,logits_vs_features,features,IW residual DIS2 | W=5 | seed=0 (plug-in),True,
iw_residual_dis2,5.0,0.0,24387.0,11083.0,6098.0,2773.0,0.9996720236142997,0.0,1.0,0.5297351479530334,0.5,0.5,0.9770699739456177,0.01675456203520298,91.0,3185.0,47.0,1577.0,0.0001120538200569195,0.9567255679769203,6017.0,81.0,120.0,2653.0,ok,plugin,False,,483.9835158906886,273.93667225124267,4.972145402637391,0.0013502044611624024,0.32658206028177034,0.7783641160949868,0.40214947487456204,0.40226152869461895,0.597738471305381,0.597738471305381,False,12.0,27.0,0.5214722156524658,0.25531914830207825,0.7767913937568665,"[{'epoch': 0, 'best_score': 0.30638569593429565}, {'epoch': 1, 'best_score': 0.35808631777763367}, {'epoch': 2, 'best_score': 0.38443586230278015}, {'epoch': 3, 'best_score': 0.41380757093429565}, {'epoch': 4, 'best_score': 0.4638351500034332}, {'epoch': 5, 'best_score': 0.46390265226364136}, {'epoch': 6, 'best_score': 0.39845386147499084}, {'epoch': 7, 'best_score': 0.3948650062084198}, {'epoch': 8, 'best_score': 0.4029600918292999}, {'epoch': 9, 'best_score': 0.4517195522785187}, {'epoch': 10, 'best_score': 0.4501679837703705}, {'epoch': 11, 'best_score': 0.47257789969444275}, {'epoch': 12, 'best_score': 0.5214722156524658}, {'epoch': 13, 'best_score': 0.5074542760848999}, {'epoch': 14, 'best_score': 0.47983649373054504}, {'epoch': 15, 'best_score': 0.4805380403995514}, {'epoch': 16, 'best_score': 0.45440444350242615}, {'epoch': 17, 'best_score': 0.4604622423648834}, {'epoch': 18, 'best_score': 0.4643343985080719}, {'epoch': 19, 'best_score': 0.4293905794620514}, {'epoch': 20, 'best_score': 0.444541871547699}, {'epoch': 21, 'best_score': 0.4727937877178192}, {'epoch': 22, 'best_score': 0.48230549693107605}, {'epoch': 23, 'best_score': 0.4731445610523224}, {'epoch': 24, 'best_score': 0.47371119260787964}, {'epoch': 25, 'best_score': 0.4819546937942505}, {'epoch': 26, 'best_score': 0.4825887680053711}, {'epoch': 27, 'best_score': 0.4511663317680359}, {'epoch': 28, 'best_score': 0.47018980979919434}, {'epoch': 29, 'best_score': 0.44701087474823}, {'epoch': 30, 'best_score': 0.4558885097503662}, {'epoch': 31, 'best_score': 0.46413201093673706}, {'epoch': 32, 'best_score': 0.47047317028045654}, {'epoch': 33, 'best_score': 0.478082537651062}, {'epoch': 34, 'best_score': 0.5044320225715637}, {'epoch': 35, 'best_score': 0.47618019580841064}, {'epoch': 36, 'best_score': 0.4637812376022339}, {'epoch': 37, 'best_score': 0.4679366946220398}, {'epoch': 38, 'best_score': 0.4675859212875366}, {'epoch': 39, 'best_score': 0.4682199954986572}, {'epoch': 40, 'best_score': 0.4532845616340637}, {'epoch': 41, 'best_score': 0.46089398860931396}, {'epoch': 42, 'best_score': 0.47582942247390747}, {'epoch': 43, 'best_score': 0.48280465602874756}, {'epoch': 44, 'best_score': 0.4866093397140503}, {'epoch': 45, 'best_score': 0.4478608965873718}, {'epoch': 46, 'best_score': 0.46850335597991943}, {'epoch': 47, 'best_score': 0.4497632384300232}, {'epoch': 48, 'best_score': 0.4503973126411438}, {'epoch': 49, 'best_score': 0.43708091974258423}]",visda,1,DANN,features,2048.0,0.9995489120483398,0.9995489120483398,0.6463051438331604,0.6473133563995361,splits_visda_DANN_1_0_b09dc755c62e.npz,b09dc755c62e,True,True,0.0,0.35802469135802467,0.4203394247369621,,,,0.597738471305381,logits_vs_features,features,IW residual DIS2 | W=5 | seed=0 (plug-in),True,
iw_residual_dis2,5.0,0.0,24387.0,14480.0,6098.0,3620.0,0.9998360118071499,0.0,1.0,0.5817998051643372,0.5,0.5,0.9707415103912354,0.02427310310304165,68.0,3990.0,55.0,1986.0,4.115527600444773e-05,0.9074585635359116,6018.0,80.0,335.0,3285.0,ok,plugin,False,,487.86187544633185,308.22779409641436,4.972314923770758,0.002458775858698224,0.33664347116758475,0.7814307458143075,0.4595649171270718,0.45960607240307627,0.5403939275969237,0.5403939275969237,False,11.0,1.0,0.5683237314224243,0.2181818187236786,0.7865055203437805,"[{'epoch': 0, 'best_score': 0.157026469707489}, {'epoch': 1, 'best_score': 0.3711159825325012}, {'epoch': 2, 'best_score': 0.3750801086425781}, {'epoch': 3, 'best_score': 0.45839056372642517}, {'epoch': 4, 'best_score': 0.4077085256576538}, {'epoch': 5, 'best_score': 0.45424336194992065}, {'epoch': 6, 'best_score': 0.46616315841674805}, {'epoch': 7, 'best_score': 0.47740548849105835}, {'epoch': 8, 'best_score': 0.46616315841674805}, {'epoch': 9, 'best_score': 0.4962647557258606}, {'epoch': 10, 'best_score': 0.5496383905410767}, {'epoch': 11, 'best_score': 0.5683237314224243}, {'epoch': 12, 'best_score': 0.5157374143600464}, {'epoch': 13, 'best_score': 0.5272635817527771}, {'epoch': 14, 'best_score': 0.5447221398353577}, {'epoch': 15, 'best_score': 0.5392383337020874}, {'epoch': 16, 'best_score': 0.5459489822387695}, {'epoch': 17, 'best_score': 0.5509841442108154}, {'epoch': 18, 'best_score': 0.5549574494361877}, {'epoch': 19, 'best_score': 0.5321890115737915}, {'epoch': 20, 'best_score': 0.5383411049842834}, {'epoch': 21, 'best_score': 0.5368305444717407}, {'epoch': 22, 'best_score': 0.5539503693580627}, {'epoch': 23, 'best_score': 0.5225670337677002}, {'epoch': 24, 'best_score': 0.5473496317863464}, {'epoch': 25, 'best_score': 0.5326924324035645}, {'epoch': 26, 'best_score': 0.534203052520752}, {'epoch': 27, 'best_score': 0.5326375365257263}, {'epoch': 28, 'best_score': 0.5428179502487183}, {'epoch': 29, 'best_score': 0.560441255569458}, {'epoch': 30, 'best_score': 0.5538405179977417}, {'epoch': 31, 'best_score': 0.5396868586540222}, {'epoch': 32, 'best_score': 0.5477982759475708}, {'epoch': 33, 'best_score': 0.5533369779586792}, {'epoch': 34, 'best_score': 0.538679838180542}, {'epoch': 35, 'best_score': 0.5351002812385559}, {'epoch': 36, 'best_score': 0.5220085978507996}, {'epoch': 37, 'best_score': 0.5214501619338989}, {'epoch': 38, 'best_score': 0.5164148807525635}, {'epoch': 39, 'best_score': 0.5178705453872681}, {'epoch': 40, 'best_score': 0.523409366607666}, {'epoch': 41, 'best_score': 0.5264304876327515}, {'epoch': 42, 'best_score': 0.5112698078155518}, {'epoch': 43, 'best_score': 0.5137874484062195}, {'epoch': 44, 'best_score': 0.4972260296344757}, {'epoch': 45, 'best_score': 0.49974367022514343}, {'epoch': 46, 'best_score': 0.5027648210525513}, {'epoch': 47, 'best_score': 0.5093106031417847}, {'epoch': 48, 'best_score': 0.49465346336364746}, {'epoch': 49, 'best_score': 0.509759247303009}]",visda,2,DANN,features,2048.0,0.9997539520263672,0.9997539520263672,0.6546961069107056,0.6544198393821716,splits_visda_DANN_2_0_b09dc755c62e.npz,b09dc755c62e,True,True,0.0,0.275,0.5064307458143075,,,,0.5403939275969237,logits_vs_features,features,IW residual DIS2 | W=5 | seed=0 (plug-in),True,
iw_residual_dis2,5.0,0.0,24387.0,11083.0,6098.0,2773.0,0.9993440472285995,0.0,1.0,0.2396586388349533,0.5,0.5,0.9752237796783447,0.019157208502292633,48.0,3160.0,20.0,1580.0,1.0684344593876662e-06,0.9599711503786513,6061.0,37.0,111.0,2662.0,ok,plugin,False,,427.3644693310374,261.1541236862264,4.910984559659966,0.001331946536501568,0.26907903277901235,0.7577009767092412,0.6754807458016979,0.6754818142361573,0.3245181857638427,0.3245181857638427,False,43.0,3.0,0.6753164529800415,0.10000000149011612,0.7753164768218994,"[{'epoch': 0, 'best_score': 0.3240506052970886}, {'epoch': 1, 'best_score': 0.3683544397354126}, {'epoch': 2, 'best_score': 0.3848101496696472}, {'epoch': 3, 'best_score': 0.49810129404067993}, {'epoch': 4, 'best_score': 0.5132911205291748}, {'epoch': 5, 'best_score': 0.37025314569473267}, {'epoch': 6, 'best_score': 0.4525316655635834}, {'epoch': 7, 'best_score': 0.5436708927154541}, {'epoch': 8, 'best_score': 0.5189872980117798}, {'epoch': 9, 'best_score': 0.503164529800415}, {'epoch': 10, 'best_score': 0.5132911205291748}, {'epoch': 11, 'best_score': 0.5177215337753296}, {'epoch': 12, 'best_score': 0.4683544337749481}, {'epoch': 13, 'best_score': 0.47658225893974304}, {'epoch': 14, 'best_score': 0.5291138887405396}, {'epoch': 15, 'best_score': 0.505696177482605}, {'epoch': 16, 'best_score': 0.5037974715232849}, {'epoch': 17, 'best_score': 0.5398734211921692}, {'epoch': 18, 'best_score': 0.5512657761573792}, {'epoch': 19, 'best_score': 0.5487341284751892}, {'epoch': 20, 'best_score': 0.5670886039733887}, {'epoch': 21, 'best_score': 0.557594895362854}, {'epoch': 22, 'best_score': 0.5487341284751892}, {'epoch': 23, 'best_score': 0.5443037748336792}, {'epoch': 24, 'best_score': 0.5462024807929993}, {'epoch': 25, 'best_score': 0.556329071521759}, {'epoch': 26, 'best_score': 0.5373417735099792}, {'epoch': 27, 'best_score': 0.5107595324516296}, {'epoch': 28, 'best_score': 0.5139240622520447}, {'epoch': 29, 'best_score': 0.5145569443702698}, {'epoch': 30, 'best_score': 0.5088607668876648}, {'epoch': 31, 'best_score': 0.5145569443702698}, {'epoch': 32, 'best_score': 0.5202531814575195}, {'epoch': 33, 'best_score': 0.5348101258277893}, {'epoch': 34, 'best_score': 0.5835442543029785}, {'epoch': 35, 'best_score': 0.6189873218536377}, {'epoch': 36, 'best_score': 0.589240550994873}, {'epoch': 37, 'best_score': 0.6000000238418579}, {'epoch': 38, 'best_score': 0.6322784423828125}, {'epoch': 39, 'best_score': 0.6303797960281372}, {'epoch': 40, 'best_score': 0.6297467947006226}, {'epoch': 41, 'best_score': 0.6284810304641724}, {'epoch': 42, 'best_score': 0.6645569205284119}, {'epoch': 43, 'best_score': 0.6753164529800415}, {'epoch': 44, 'best_score': 0.6189873218536377}, {'epoch': 45, 'best_score': 0.6348100900650024}, {'epoch': 46, 'best_score': 0.6392405033111572}, {'epoch': 47, 'best_score': 0.6303797960281372}, {'epoch': 48, 'best_score': 0.6107594966888428}, {'epoch': 49, 'best_score': 0.6101266145706177}]",visda,1,CDANN,features,256.0,0.9990978837013245,0.9990978837013245,0.6784264445304871,0.6693112254142761,splits_visda_CDANN_1_0_b09dc755c62e.npz,b09dc755c62e,True,True,0.0,0.05405405405405406,0.7036469226551871,,,,0.3245181857638427,logits_vs_features,features,IW residual DIS2 | W=5 | seed=0 (plug-in),True,
iw_residual_dis2,5.0,0.0,24387.0,14480.0,6098.0,3620.0,0.9995080354214496,0.0,1.0,0.20648935437202454,0.5,0.5,0.9673094749450684,0.025245439261198044,94.0,4013.0,43.0,2020.0,3.136688604729501e-05,0.93646408839779,6038.0,60.0,230.0,3390.0,ok,plugin,False,,526.1862044548693,311.462538152463,4.902327637109331,0.0016408099537490398,0.39480484701080404,0.6398230088495576,0.4899171270718232,0.4899484939578705,0.5100515060421296,0.5100515060421296,False,30.0,7.0,0.5831913352012634,0.04651162773370743,0.6297029852867126,"[{'epoch': 0, 'best_score': 0.38589686155319214}, {'epoch': 1, 'best_score': 0.33387061953544617}, {'epoch': 2, 'best_score': 0.4985724091529846}, {'epoch': 3, 'best_score': 0.48719775676727295}, {'epoch': 4, 'best_score': 0.5524982213973999}, {'epoch': 5, 'best_score': 0.5416187047958374}, {'epoch': 6, 'best_score': 0.5193184614181519}, {'epoch': 7, 'best_score': 0.5470526814460754}, {'epoch': 8, 'best_score': 0.5287243723869324}, {'epoch': 9, 'best_score': 0.5430808067321777}, {'epoch': 10, 'best_score': 0.5519917011260986}, {'epoch': 11, 'best_score': 0.5322242975234985}, {'epoch': 12, 'best_score': 0.5247985124588013}, {'epoch': 13, 'best_score': 0.5311996340751648}, {'epoch': 14, 'best_score': 0.550057590007782}, {'epoch': 15, 'best_score': 0.524775505065918}, {'epoch': 16, 'best_score': 0.5282753705978394}, {'epoch': 17, 'best_score': 0.5415956377983093}, {'epoch': 18, 'best_score': 0.5495279431343079}, {'epoch': 19, 'best_score': 0.5460510849952698}, {'epoch': 20, 'best_score': 0.5529817938804626}, {'epoch': 21, 'best_score': 0.5510016083717346}, {'epoch': 22, 'best_score': 0.5569536685943604}, {'epoch': 23, 'best_score': 0.5737738609313965}, {'epoch': 24, 'best_score': 0.5648629665374756}, {'epoch': 25, 'best_score': 0.5515081286430359}, {'epoch': 26, 'best_score': 0.5396385192871094}, {'epoch': 27, 'best_score': 0.5386483669281006}, {'epoch': 28, 'best_score': 0.5545015335083008}, {'epoch': 29, 'best_score': 0.55399489402771}, {'epoch': 30, 'best_score': 0.5831913352012634}, {'epoch': 31, 'best_score': 0.5747754573822021}, {'epoch': 32, 'best_score': 0.567844808101654}, {'epoch': 33, 'best_score': 0.5381532907485962}, {'epoch': 34, 'best_score': 0.5505180358886719}, {'epoch': 35, 'best_score': 0.5490329265594482}, {'epoch': 36, 'best_score': 0.5272622108459473}, {'epoch': 37, 'best_score': 0.5549734830856323}, {'epoch': 38, 'best_score': 0.5356781482696533}, {'epoch': 39, 'best_score': 0.5361731052398682}, {'epoch': 40, 'best_score': 0.5252820253372192}, {'epoch': 41, 'best_score': 0.5218282341957092}, {'epoch': 42, 'best_score': 0.5049965381622314}, {'epoch': 43, 'best_score': 0.5366681814193726}, {'epoch': 44, 'best_score': 0.5396385192871094}, {'epoch': 45, 'best_score': 0.5435988903045654}, {'epoch': 46, 'best_score': 0.5440939664840698}, {'epoch': 47, 'best_score': 0.5470641851425171}, {'epoch': 48, 'best_score': 0.5718051791191101}, {'epoch': 49, 'best_score': 0.5727952718734741}]",visda,2,CDANN,features,256.0,0.9995899200439453,0.9995899200439453,0.7107734680175781,0.7140883803367615,splits_visda_CDANN_2_0_b09dc755c62e.npz,b09dc755c62e,True,True,0.0,0.11666666666666667,0.5231563421828909,,,,0.5100515060421296,logits_vs_features,features,IW residual DIS2 | W=5 | seed=0 (plug-in),True,
iw_residual_dis2,5.0,0.0,6500.0,33009.0,1625.0,8255.0,0.904,0.0,1.0,2.3880012035369873,0.5,0.5,0.6153379678726196,0.23281614482402802,5.0,54.0,0.0,22.0,0.12047550714035747,0.005208964264082374,1619.0,6.0,8212.0,43.0,unsupported_critic_region,plugin,False,,1752.5305116451073,1240.2167057237552,4.5039290061346575,0.9700015387276095,2.197111057972337,,,,,,,,,,,,,entity13,1,DANN,PCA1,512.0,0.905846118927002,0.905846118927002,0.7318307161331177,0.7345851063728333,splits_entity13_DANN_1_0_b09dc755c62e.npz,b09dc755c62e,,,,,,,,,,all_pca,PCA1,IW residual DIS2 | W=5 | seed=0 (plug-in),False,
iw_residual_dis2,5.0,0.0,6500.0,260.0,1625.0,65.0,0.9101538461538462,0.0,1.0,54.598148345947266,0.5,0.5,0.48076924681663513,0.25060704350471497,,,,,0.08841673353459269,0.0,1625.0,0.0,65.0,0.0,ok,plugin,False,,1597.9985591885884,1622.982360781034,1.1075824613391887,0.9839498329461893,1.0384674910230536,,0.0,0.08841673353459269,0.9115832664654073,0.9115832664654073,False,,,,,,,entity13,2,DANN,PCA1,512.0,0.9129230380058289,0.9129230380058289,0.8615384697914124,0.8461538553237915,splits_entity13_DANN_2_0_b09dc755c62e.npz,b09dc755c62e,False,False,,,,,,,0.9115832664654073,all_pca,PCA1,IW residual DIS2 | W=5 | seed=0 (plug-in),True,
iw_residual_dis2,5.0,0.0,6500.0,260.0,1625.0,65.0,0.9027692307692308,0.0,1.0,3.197103977203369,0.5,0.5,0.5746153593063354,0.23257014155387878,3.0,0.0,0.0,1.0,0.08513225960260301,0.015384615384615385,1622.0,3.0,64.0,1.0,unsupported_critic_region,plugin,False,,1407.0876142024508,1157.3076431283623,4.385777671347407,0.7309638361771453,1.8867145187637822,,,,,,,,,,,,,entity13,3,DANN,PCA1,512.0,0.907076895236969,0.907076895236969,0.6653845906257629,0.5538461804389954,splits_entity13_DANN_3_0_b09dc755c62e.npz,b09dc755c62e,,,,,,,,,,all_pca,PCA1,IW residual DIS2 | W=5 | seed=0 (plug-in),False,
iw_residual_dis2,5.0,0.0,6500.0,33009.0,1625.0,8255.0,0.9132307692307693,0.0,1.0,1.320251703262329,0.5,0.5,0.636783242225647,0.22170567512512207,13.0,354.0,6.0,172.0,0.1003632470426381,0.03270745003028468,1610.0,15.0,7985.0,270.0,ok,plugin,False,,1763.5064022682502,1040.346783511884,4.992095707407192,0.8897232362399308,2.75116049271658,0.8851851851851852,0.000605693519079345,0.10096894056171744,0.8990310594382825,0.8990310594382825,False,3.0,21.0,0.39534884691238403,0.5,0.895348846912384,"[{'epoch': 0, 'best_score': 0.29263561964035034}, {'epoch': 1, 'best_score': 0.2868216633796692}, {'epoch': 2, 'best_score': 0.25193798542022705}, {'epoch': 3, 'best_score': 0.39534884691238403}, {'epoch': 4, 'best_score': 0.3895348906517029}, {'epoch': 5, 'best_score': 0.38372093439102173}, {'epoch': 6, 'best_score': 0.3720930218696594}, {'epoch': 7, 'best_score': 0.34302324056625366}, {'epoch': 8, 'best_score': 0.31976741552352905}, {'epoch': 9, 'best_score': 0.38759687542915344}, {'epoch': 10, 'best_score': 0.38759687542915344}, {'epoch': 11, 'best_score': 0.3817829191684723}, {'epoch': 12, 'best_score': 0.341085284948349}, {'epoch': 13, 'best_score': 0.26744186878204346}, {'epoch': 14, 'best_score': 0.2616279125213623}, {'epoch': 15, 'best_score': 0.25}, {'epoch': 16, 'best_score': 0.25}, {'epoch': 17, 'best_score': 0.2616279125213623}, {'epoch': 18, 'best_score': 0.2616279125213623}, {'epoch': 19, 'best_score': 0.2616279125213623}, {'epoch': 20, 'best_score': 0.2616279125213623}, {'epoch': 21, 'best_score': 0.25581395626068115}, {'epoch': 22, 'best_score': 0.25581395626068115}, {'epoch': 23, 'best_score': 0.25581395626068115}, {'epoch': 24, 'best_score': 0.25581395626068115}, {'epoch': 25, 'best_score': 0.25581395626068115}, {'epoch': 26, 'best_score': 0.25581395626068115}, {'epoch': 27, 'best_score': 0.25581395626068115}, {'epoch': 28, 'best_score': 0.25581395626068115}, {'epoch': 29, 'best_score': 0.25581395626068115}, {'epoch': 30, 'best_score': 0.2616279125213623}, {'epoch': 31, 'best_score': 0.2616279125213623}, {'epoch': 32, 'best_score': 0.2616279125213623}, {'epoch': 33, 'best_score': 0.2616279125213623}, {'epoch': 34, 'best_score': 0.2616279125213623}, {'epoch': 35, 'best_score': 0.2616279125213623}, {'epoch': 36, 'best_score': 0.2616279125213623}, {'epoch': 37, 'best_score': 0.2616279125213623}, {'epoch': 38, 'best_score': 0.2616279125213623}, {'epoch': 39, 'best_score': 0.2732558250427246}, {'epoch': 40, 'best_score': 0.2732558250427246}, {'epoch': 41, 'best_score': 0.2732558250427246}, {'epoch': 42, 'best_score': 0.27906978130340576}, {'epoch': 43, 'best_score': 0.27906978130340576}, {'epoch': 44, 'best_score': 0.27906978130340576}, {'epoch': 45, 'best_score': 0.2848837375640869}, {'epoch': 46, 'best_score': 0.2848837375640869}, {'epoch': 47, 'best_score': 0.29069769382476807}, {'epoch': 48, 'best_score': 0.29069769382476807}, {'epoch': 49, 'best_score': 0.29069769382476807}]",entity13,1,CDANN,PCA1,256.0,0.9096922874450684,0.9096922874450684,0.7354357838630676,0.7372501492500305,splits_entity13_CDANN_1_0_b09dc755c62e.npz,b09dc755c62e,False,False,0.06666666666666667,0.9333333333333333,-0.04814814814814816,,,,0.8990310594382825,all_pca,PCA1,IW residual DIS2 | W=5 | seed=0 (plug-in),True,
iw_residual_dis2,5.0,0.0,6500.0,260.0,1625.0,65.0,0.9058461538461539,0.0,1.0,54.598148345947266,0.5,0.5,0.49000000953674316,0.25000298023223877,,,,,0.0928540029778465,0.0,1625.0,0.0,65.0,0.0,ok,plugin,False,,1598.7585516207032,1623.0136542652297,1.1333161012610322,0.9836135242663554,1.0404161928714841,,0.0,0.0928540029778465,0.9071459970221535,0.9071459970221535,False,,,,,,,entity13,2,CDANN,PCA1,256.0,0.9081538319587708,0.9081538319587708,0.8423076868057251,0.8769230842590332,splits_entity13_CDANN_2_0_b09dc755c62e.npz,b09dc755c62e,False,False,,,,,,,0.9071459970221535,all_pca,PCA1,IW residual DIS2 | W=5 | seed=0 (plug-in),True,
iw_residual_dis2,5.0,0.0,6500.0,260.0,1625.0,65.0,0.9015384615384615,0.0,1.0,6.879939556121826,0.5,0.5,0.505384624004364,0.24556267261505127,,,,,0.08771623268236008,0.0,1625.0,0.0,65.0,0.0,ok,plugin,False,,1467.529342237763,1499.1112898108252,2.4880603823983507,0.8728332296990681,1.3670558363920335,,0.0,0.08771623268236008,0.9122837673176399,0.9122837673176399,False,,,,,,,entity13,3,CDANN,PCA1,256.0,0.9061538577079773,0.9061538577079773,0.6653845906257629,0.5692307949066162,splits_entity13_CDANN_3_0_b09dc755c62e.npz,b09dc755c62e,False,False,,,,,,,0.9122837673176399,all_pca,PCA1,IW residual DIS2 | W=5 | seed=0 (plug-in),True,
iw_residual_dis2,5.0,0.0,6000.0,30828.0,1500.0,7709.0,0.8426666666666667,0.0,1.0,4.240884780883789,0.5,0.5,0.5427244305610657,0.24523012340068817,,,,,0.17193027577543346,0.0002594370216629913,1500.0,0.0,7707.0,2.0,unsupported_residual_source_region,plugin,False,,1556.6872493199796,1393.2059354751589,2.7903384350696587,1.0038329078665051,1.5536441801550085,,,,,,,,,,,,,entity30,1,DANN,PCA1,512.0,0.8550000190734863,0.8550000190734863,0.6190800070762634,0.6236866116523743,splits_entity30_DANN_1_0_b09dc755c62e.npz,b09dc755c62e,,,,,,,,,,all_pca,PCA1,IW residual DIS2 | W=5 | seed=0 (plug-in),False,
iw_residual_dis2,5.0,0.0,6000.0,240.0,1500.0,60.0,0.8606666666666667,0.0,1.0,10.48198127746582,0.5,0.5,0.5741666555404663,0.24680307507514954,,,,,0.1322173805608836,0.0,1500.0,0.0,60.0,0.0,ok,plugin,False,,1398.3612775813667,1451.3427201965965,2.093171630961121,0.9152822956859478,1.2191185458566969,,0.0,0.1322173805608836,0.8677826194391164,0.8677826194391164,False,,,,,,,entity30,2,DANN,PCA1,512.0,0.8646666407585144,0.8646666407585144,0.7875000238418579,0.7500000596046448,splits_entity30_DANN_2_0_b09dc755c62e.npz,b09dc755c62e,False,False,,,,,,,0.8677826194391164,all_pca,PCA1,IW residual DIS2 | W=5 | seed=0 (plug-in),True,
iw_residual_dis2,5.0,0.0,6000.0,240.0,1500.0,60.0,0.8553333333333333,0.0,1.0,23.039688110351562,0.5,0.5,0.4583333730697632,0.24956375360488892,,,,,0.140588538855186,0.0,1500.0,0.0,60.0,0.0,ok,plugin,False,,1439.6874605000512,1489.6291132558272,1.259311529504732,0.9587038119285237,1.0900219396118314,,0.0,0.140588538855186,0.859411461144814,0.859411461144814,False,,,,,,,entity30,3,DANN,PCA1,512.0,0.8636666536331177,0.8636666536331177,0.5708333849906921,0.6666666865348816,splits_entity30_DANN_3_0_b09dc755c62e.npz,b09dc755c62e,False,False,,,,,,,0.859411461144814,all_pca,PCA1,IW residual DIS2 | W=5 | seed=0 (plug-in),True,
iw_residual_dis2,5.0,0.0,6000.0,30828.0,1500.0,7709.0,0.856,0.0,1.0,1.8137761354446411,0.5,0.5,0.5815666317939758,0.23585844039916992,,,,,0.17045735742351664,0.0042807108574393566,1500.0,0.0,7676.0,33.0,unsupported_residual_source_region,plugin,False,,1586.5297955301899,1195.480150087013,4.593962873210395,0.9541842730320926,2.027921102173889,,,,,,,,,,,,,entity30,1,CDANN,PCA1,256.0,0.8611666560173035,0.8611666560173035,0.627903163433075,0.6345829367637634,splits_entity30_CDANN_1_0_b09dc755c62e.npz,b09dc755c62e,,,,,,,,,,all_pca,PCA1,IW residual DIS2 | W=5 | seed=0 (plug-in),False,
iw_residual_dis2,5.0,0.0,6000.0,240.0,1500.0,60.0,0.862,0.0,1.0,54.598148345947266,0.5,0.5,0.45333331823349,0.2503350079059601,,,,,0.13613009502531476,0.0,1500.0,0.0,60.0,0.0,ok,plugin,False,,1473.2076475353115,1498.3149336650927,1.1419857473130715,0.9819276992464638,1.035616913932825,,0.0,0.13613009502531476,0.8638699049746852,0.8638699049746852,False,,,,,,,entity30,2,CDANN,PCA1,256.0,0.8646666407585144,0.8646666407585144,0.8125000596046448,0.7500000596046448,splits_entity30_CDANN_2_0_b09dc755c62e.npz,b09dc755c62e,False,False,,,,,,,0.8638699049746852,all_pca,PCA1,IW residual DIS2 | W=5 | seed=0 (plug-in),True,
iw_residual_dis2,5.0,0.0,6000.0,240.0,1500.0,60.0,0.8453333333333333,0.0,1.0,54.598148345947266,0.5,0.5,0.5199999809265137,0.2501932382583618,,,,,0.15210676976919343,0.0,1500.0,0.0,60.0,0.0,ok,plugin,False,,1471.0548150384423,1498.0786026852998,1.0963975632750698,0.9818907466481122,1.0356313757627644,,0.0,0.15210676976919343,0.8478932302308065,0.8478932302308065,False,,,,,,,entity30,3,CDANN,PCA1,256.0,0.8573333024978638,0.8573333024978638,0.5625,0.6166666746139526,splits_entity30_CDANN_3_0_b09dc755c62e.npz,b09dc755c62e,False,False,,,,,,,0.8478932302308065,all_pca,PCA1,IW residual DIS2 | W=5 | seed=0 (plug-in),True,
iw_residual_dis2,5.0,0.0,10000.0,2000.0,2500.0,500.0,0.9452,0.0,1.0,11.905715942382812,0.5,0.5,0.5375000238418579,0.2467244416475296,,,,,0.05577065060723683,0.0,2500.0,0.0,500.0,0.0,ok,plugin,False,,2347.4579366678963,2389.798627117916,2.3387656618620927,0.91826004474079,1.287932791136611,,0.0,0.05577065060723683,0.9442293493927632,0.9442293493927632,False,,,,,,,cifar10,1,DANN,PCA1,512.0,0.9508999586105347,0.9508999586105347,0.8440000414848328,0.8360000252723694,splits_cifar10_DANN_1_0_b09dc755c62e.npz,b09dc755c62e,False,False,,,,,,,0.9442293493927632,all_pca,PCA1,IW residual DIS2 | W=5 | seed=0 (plug-in),True,
iw_residual_dis2,5.0,0.0,10000.0,2000.0,2500.0,500.0,0.946,0.0,1.0,8.50954818725586,0.5,0.5,0.5615000128746033,0.24493783712387085,,,,,0.0544097043382822,0.0,2500.0,0.0,500.0,0.0,ok,plugin,False,,2381.82680489611,2316.4287843209977,2.6420825559210095,0.9071884681139843,1.4512755822595533,,0.0,0.0544097043382822,0.9455902956617178,0.9455902956617178,False,,,,,,,cifar10,10,DANN,PCA1,512.0,0.9477999806404114,0.9477999806404114,0.924500048160553,0.9120000600814819,splits_cifar10_DANN_10_0_b09dc755c62e.npz,b09dc755c62e,False,False,,,,,,,0.9455902956617178,all_pca,PCA1,IW residual DIS2 | W=5 | seed=0 (plug-in),True,
iw_residual_dis2,5.0,0.0,10000.0,2000.0,2500.0,500.0,0.9452,0.0,1.0,18.694143295288086,0.5,0.5,0.5379999876022339,0.24903744459152222,,,,,0.05424004476290468,0.0,2500.0,0.0,500.0,0.0,ok,plugin,False,,2424.6421822487346,2458.089112891152,1.7441620864259273,0.9619626130757815,1.1890780660160414,,0.0,0.05424004476290468,0.9457599552370953,0.9457599552370953,False,,,,,,,cifar10,71,DANN,PCA1,512.0,0.9487999677658081,0.9487999677658081,0.9305000305175781,0.9180000424385071,splits_cifar10_DANN_71_0_b09dc755c62e.npz,b09dc755c62e,False,False,,,,,,,0.9457599552370953,all_pca,PCA1,IW residual DIS2 | W=5 | seed=0 (plug-in),True,
iw_residual_dis2,5.0,0.0,10000.0,2000.0,2500.0,500.0,0.9528,0.0,1.0,28.372472763061523,0.5,0.5,0.5230000019073486,0.2495458424091339,,,,,0.04641558745506776,0.0,2500.0,0.0,500.0,0.0,ok,plugin,False,,2437.831162246237,2481.313041397826,1.342527010224568,0.9722892933945328,1.1186186433656964,,0.0,0.04641558745506776,0.9535844125449322,0.9535844125449322,False,,,,,,,cifar10,95,DANN,PCA1,512.0,0.9515999555587769,0.9515999555587769,0.9390000700950623,0.9360000491142273,splits_cifar10_DANN_95_0_b09dc755c62e.npz,b09dc755c62e,False,False,,,,,,,0.9535844125449322,all_pca,PCA1,IW residual DIS2 | W=5 | seed=0 (plug-in),True,
iw_residual_dis2,5.0,0.0,10000.0,2000.0,2500.0,500.0,0.9476,0.0,1.0,5.854191303253174,0.5,0.5,0.5665000081062317,0.24532011151313782,,,,,0.05207880443071483,0.0,2500.0,0.0,500.0,0.0,ok,plugin,False,,2316.13526583937,2340.010347636561,2.3465322076322983,0.8936658057439197,1.3831209408078893,,0.0,0.05207880443071483,0.9479211955692852,0.9479211955692852,False,,,,,,,cifar10,1,CDANN,PCA1,256.0,0.949999988079071,0.949999988079071,0.846500039100647,0.8440000414848328,splits_cifar10_CDANN_1_0_b09dc755c62e.npz,b09dc755c62e,False,False,,,,,,,0.9479211955692852,all_pca,PCA1,IW residual DIS2 | W=5 | seed=0 (plug-in),True,
iw_residual_dis2,5.0,0.0,10000.0,2000.0,2500.0,500.0,0.9468,0.0,1.0,2.0682272911071777,0.5,0.5,0.6744999885559082,0.20151257514953613,60.0,58.0,19.0,34.0,0.04504221451290479,0.1,2456.0,44.0,450.0,50.0,ok,plugin,False,,2044.7591015874104,1294.5026573133298,4.99320550559093,0.5732187356691414,2.464560458728234,0.8,0.014090909090909088,0.059133123603813884,0.9408668763961862,0.9408668763961862,False,2.0,6.0,0.43808045983314514,0.4736842215061188,0.9117646813392639,"[{'epoch': 0, 'best_score': 0.30959755182266235}, {'epoch': 1, 'best_score': 0.3622291088104248}, {'epoch': 2, 'best_score': 0.43808045983314514}, {'epoch': 3, 'best_score': 0.43188852071762085}, {'epoch': 4, 'best_score': 0.2910216748714447}, {'epoch': 5, 'best_score': 0.26780182123184204}, {'epoch': 6, 'best_score': 0.2801857590675354}, {'epoch': 7, 'best_score': 0.33281731605529785}, {'epoch': 8, 'best_score': 0.297213613986969}, {'epoch': 9, 'best_score': 0.3142414689064026}, {'epoch': 10, 'best_score': 0.2848297357559204}, {'epoch': 11, 'best_score': 0.2848297357559204}, {'epoch': 12, 'best_score': 0.25541794300079346}, {'epoch': 13, 'best_score': 0.25541794300079346}, {'epoch': 14, 'best_score': 0.25541794300079346}, {'epoch': 15, 'best_score': 0.22600620985031128}, {'epoch': 16, 'best_score': 0.25541794300079346}, {'epoch': 17, 'best_score': 0.2786377966403961}, {'epoch': 18, 'best_score': 0.2786377966403961}, {'epoch': 19, 'best_score': 0.2786377966403961}, {'epoch': 20, 'best_score': 0.22600620985031128}, {'epoch': 21, 'best_score': 0.18421053886413574}, {'epoch': 22, 'best_score': 0.18421053886413574}, {'epoch': 23, 'best_score': 0.1439628303050995}, {'epoch': 24, 'best_score': 0.11455109715461731}, {'epoch': 25, 'best_score': 0.1377708911895752}, {'epoch': 26, 'best_score': 0.11455109715461731}, {'epoch': 27, 'best_score': 0.1439628303050995}, {'epoch': 28, 'best_score': 0.1439628303050995}, {'epoch': 29, 'best_score': 0.17337462306022644}, {'epoch': 30, 'best_score': 0.23219814896583557}, {'epoch': 31, 'best_score': 0.23219814896583557}, {'epoch': 32, 'best_score': 0.26160988211631775}, {'epoch': 33, 'best_score': 0.26160988211631775}, {'epoch': 34, 'best_score': 0.26160988211631775}, {'epoch': 35, 'best_score': 0.26160988211631775}, {'epoch': 36, 'best_score': 0.26160988211631775}, {'epoch': 37, 'best_score': 0.26160988211631775}, {'epoch': 38, 'best_score': 0.26160988211631775}, {'epoch': 39, 'best_score': 0.26160988211631775}, {'epoch': 40, 'best_score': 0.2910216748714447}, {'epoch': 41, 'best_score': 0.2910216748714447}, {'epoch': 42, 'best_score': 0.2910216748714447}, {'epoch': 43, 'best_score': 0.2910216748714447}, {'epoch': 44, 'best_score': 0.2910216748714447}, {'epoch': 45, 'best_score': 0.2910216748714447}, {'epoch': 46, 'best_score': 0.2910216748714447}, {'epoch': 47, 'best_score': 0.26780182123184204}, {'epoch': 48, 'best_score': 0.26160988211631775}, {'epoch': 49, 'best_score': 0.26780182123184204}]",cifar10,10,CDANN,PCA1,256.0,0.948699951171875,0.948699951171875,0.9160000681877136,0.9120000600814819,splits_cifar10_CDANN_10_0_b09dc755c62e.npz,b09dc755c62e,False,False,0.045454545454545456,0.7045454545454546,0.09545454545454546,,,,0.9408668763961862,all_pca,PCA1,IW residual DIS2 | W=5 | seed=0 (plug-in),True,
iw_residual_dis2,5.0,0.0,10000.0,2000.0,2500.0,500.0,0.9492,0.0,1.0,3.23030686378479,0.5,0.5,0.6025000214576721,0.2292134314775467,6.0,0.0,1.0,3.0,0.05674991319252456,0.006,2496.0,4.0,497.0,3.0,unsupported_critic_region,plugin,False,,2264.5724004567187,1755.0048412157485,4.841126634843541,0.7565353064691092,2.0048558628406745,,,,,,,,,,,,,cifar10,71,CDANN,PCA1,256.0,0.9511999487876892,0.9511999487876892,0.9280000329017639,0.9040000438690186,splits_cifar10_CDANN_71_0_b09dc755c62e.npz,b09dc755c62e,,,,,,,,,,all_pca,PCA1,IW residual DIS2 | W=5 | seed=0 (plug-in),False,
iw_residual_dis2,5.0,0.0,10000.0,2000.0,2500.0,500.0,0.9516,0.0,1.0,1.7599599361419678,0.5,0.5,0.7210000157356262,0.19290170073509216,81.0,94.0,33.0,48.0,0.04814203189287797,0.14,2438.0,62.0,430.0,70.0,ok,plugin,False,,2010.0603789984805,1208.97584090524,4.845152260070443,0.5290156758344666,2.56891187482321,0.7,0.02799999999999998,0.07614203189287795,0.9238579681071221,0.9238579681071221,False,24.0,12.0,0.3238636255264282,0.3636363744735718,0.6875,"[{'epoch': 0, 'best_score': 0.21780306100845337}, {'epoch': 1, 'best_score': 0.24810606241226196}, {'epoch': 2, 'best_score': 0.23674243688583374}, {'epoch': 3, 'best_score': 0.24810606241226196}, {'epoch': 4, 'best_score': 0.23674243688583374}, {'epoch': 5, 'best_score': 0.21590912342071533}, {'epoch': 6, 'best_score': 0.2443181872367859}, {'epoch': 7, 'best_score': 0.22537875175476074}, {'epoch': 8, 'best_score': 0.23295453190803528}, {'epoch': 9, 'best_score': 0.20075756311416626}, {'epoch': 10, 'best_score': 0.23106059432029724}, {'epoch': 11, 'best_score': 0.21969693899154663}, {'epoch': 12, 'best_score': 0.21969693899154663}, {'epoch': 13, 'best_score': 0.2499999701976776}, {'epoch': 14, 'best_score': 0.2708333432674408}, {'epoch': 15, 'best_score': 0.28219693899154663}, {'epoch': 16, 'best_score': 0.2613636255264282}, {'epoch': 17, 'best_score': 0.24053031206130981}, {'epoch': 18, 'best_score': 0.24053031206130981}, {'epoch': 19, 'best_score': 0.2613636255264282}, {'epoch': 20, 'best_score': 0.28219693899154663}, {'epoch': 21, 'best_score': 0.28219693899154663}, {'epoch': 22, 'best_score': 0.28219693899154663}, {'epoch': 23, 'best_score': 0.28219693899154663}, {'epoch': 24, 'best_score': 0.3238636255264282}, {'epoch': 25, 'best_score': 0.27272728085517883}, {'epoch': 26, 'best_score': 0.27272728085517883}, {'epoch': 27, 'best_score': 0.29356059432029724}, {'epoch': 28, 'best_score': 0.29356059432029724}, {'epoch': 29, 'best_score': 0.27272728085517883}, {'epoch': 30, 'best_score': 0.24242424964904785}, {'epoch': 31, 'best_score': 0.23295453190803528}, {'epoch': 32, 'best_score': 0.22159087657928467}, {'epoch': 33, 'best_score': 0.24242424964904785}, {'epoch': 34, 'best_score': 0.24242424964904785}, {'epoch': 35, 'best_score': 0.24242424964904785}, {'epoch': 36, 'best_score': 0.24242424964904785}, {'epoch': 37, 'best_score': 0.24242424964904785}, {'epoch': 38, 'best_score': 0.21212121844291687}, {'epoch': 39, 'best_score': 0.21212121844291687}, {'epoch': 40, 'best_score': 0.21212121844291687}, {'epoch': 41, 'best_score': 0.21212121844291687}, {'epoch': 42, 'best_score': 0.23295453190803528}, {'epoch': 43, 'best_score': 0.23295453190803528}, {'epoch': 44, 'best_score': 0.2537878453731537}, {'epoch': 45, 'best_score': 0.2537878453731537}, {'epoch': 46, 'best_score': 0.2537878453731537}, {'epoch': 47, 'best_score': 0.2537878453731537}, {'epoch': 48, 'best_score': 0.2537878453731537}, {'epoch': 49, 'best_score': 0.2234848141670227}]",cifar10,95,CDANN,PCA1,256.0,0.9526000022888184,0.9526000022888184,0.9355000257492065,0.9260000586509705,splits_cifar10_CDANN_95_0_b09dc755c62e.npz,b09dc755c62e,True,True,0.06451612903225806,0.5645161290322581,0.13548387096774184,,,,0.9238579681071221,all_pca,PCA1,IW residual DIS2 | W=5 | seed=0 (plug-in),True,
iw_residual_dis2,5.0,0.0,10000.0,2000.0,2500.0,500.0,0.758,0.0,1.0,16.668615341186523,0.5,0.5,0.5394999980926514,0.24861130118370056,,,,,0.23269486270532674,0.0,2500.0,0.0,500.0,0.0,ok,plugin,False,,2400.838130604809,2452.3378129056373,1.5575921378983586,0.948742751371342,1.193729518075419,,0.0,0.23269486270532674,0.7673051372946733,0.7673051372946733,False,,,,,,,cifar100,4,DANN,PCA1,512.0,0.7841999530792236,0.7841999530792236,0.7440000176429749,0.7760000228881836,splits_cifar100_DANN_4_0_b09dc755c62e.npz,b09dc755c62e,False,True,,,,,,,0.7673051372946733,all_pca,PCA1,IW residual DIS2 | W=5 | seed=0 (plug-in),True,
iw_residual_dis2,5.0,0.0,10000.0,2000.0,2500.0,500.0,0.76,0.0,1.0,10.97741413116455,0.5,0.5,0.5385000109672546,0.24692904949188232,,,,,0.227684213130976,0.0,2500.0,0.0,500.0,0.0,ok,plugin,False,,2367.794160774559,2389.956184256765,1.8375539896083362,0.9251177007644988,1.3094084677235183,,0.0,0.227684213130976,0.772315786869024,0.772315786869024,False,,,,,,,cifar100,12,DANN,PCA1,512.0,0.7831999659538269,0.7831999659538269,0.7545000314712524,0.7860000133514404,splits_cifar100_DANN_12_0_b09dc755c62e.npz,b09dc755c62e,False,True,,,,,,,0.772315786869024,all_pca,PCA1,IW residual DIS2 | W=5 | seed=0 (plug-in),True,
iw_residual_dis2,5.0,0.0,10000.0,2000.0,2500.0,500.0,0.7596,0.0,1.0,7.229636192321777,0.5,0.5,0.5684999823570251,0.24233287572860718,,,,,0.22142129406616218,0.0,2500.0,0.0,500.0,0.0,ok,plugin,False,,2334.2844312570214,2232.18888732854,2.9269582304651465,0.8840087893278419,1.5383496083925994,,0.0,0.22142129406616218,0.7785787059338378,0.7785787059338378,False,,,,,,,cifar100,59,DANN,PCA1,512.0,0.7841999530792236,0.7841999530792236,0.7585000395774841,0.7720000147819519,splits_cifar100_DANN_59_0_b09dc755c62e.npz,b09dc755c62e,False,False,,,,,,,0.7785787059338378,all_pca,PCA1,IW residual DIS2 | W=5 | seed=0 (plug-in),True,
iw_residual_dis2,5.0,0.0,10000.0,2000.0,2500.0,500.0,0.764,0.0,1.0,7.577130317687988,0.5,0.5,0.5525000095367432,0.24382567405700684,,,,,0.2196926084527855,0.0,2500.0,0.0,500.0,0.0,ok,plugin,False,,2345.1140075205094,2271.4591321824523,2.6345202332148308,0.8961309249385134,1.4929456027718049,,0.0,0.2196926084527855,0.7803073915472145,0.7803073915472145,False,,,,,,,cifar100,82,DANN,PCA1,512.0,0.7861999869346619,0.7861999869346619,0.7695000171661377,0.7700000405311584,splits_cifar100_DANN_82_0_b09dc755c62e.npz,b09dc755c62e,False,False,,,,,,,0.7803073915472145,all_pca,PCA1,IW residual DIS2 | W=5 | seed=0 (plug-in),True,
iw_residual_dis2,5.0,0.0,10000.0,2000.0,2500.0,500.0,0.762,0.0,1.0,2.6183037757873535,0.5,0.5,0.6740000247955322,0.2148706316947937,14.0,22.0,2.0,7.0,0.20523484846832815,0.036,2486.0,14.0,482.0,18.0,ok,plugin,False,,2140.5432182296845,1505.5368014477503,4.992401493707683,0.6601029520027754,2.2096609176803907,0.9444444444444444,0.016,0.22123484846832814,0.7787651515316718,0.7787651515316718,False,8.0,17.0,1.0,0.0,1.0,"[{'epoch': 0, 'best_score': 0.5}, {'epoch': 1, 'best_score': 0.5}, {'epoch': 2, 'best_score': 0.5}, {'epoch': 3, 'best_score': 0.5}, {'epoch': 4, 'best_score': 0.5}, {'epoch': 5, 'best_score': 0.5}, {'epoch': 6, 'best_score': 0.5}, {'epoch': 7, 'best_score': 0.5}, {'epoch': 8, 'best_score': 1.0}, {'epoch': 9, 'best_score': 0.5}, {'epoch': 10, 'best_score': 0.5}, {'epoch': 11, 'best_score': 0.5}, {'epoch': 12, 'best_score': 0.5}, {'epoch': 13, 'best_score': 0.5}, {'epoch': 14, 'best_score': 0.5}, {'epoch': 15, 'best_score': 0.5}, {'epoch': 16, 'best_score': 0.5}, {'epoch': 17, 'best_score': 0.5}, {'epoch': 18, 'best_score': 0.5}, {'epoch': 19, 'best_score': 0.5}, {'epoch': 20, 'best_score': 0.5}, {'epoch': 21, 'best_score': 0.5}, {'epoch': 22, 'best_score': 0.5}, {'epoch': 23, 'best_score': 0.5}, {'epoch': 24, 'best_score': 0.5}, {'epoch': 25, 'best_score': 0.5}, {'epoch': 26, 'best_score': 0.5}, {'epoch': 27, 'best_score': 0.5}, {'epoch': 28, 'best_score': 0.5}, {'epoch': 29, 'best_score': 0.5}, {'epoch': 30, 'best_score': 0.5}, {'epoch': 31, 'best_score': 0.5}, {'epoch': 32, 'best_score': 0.5}, {'epoch': 33, 'best_score': 0.5}, {'epoch': 34, 'best_score': 0.5}, {'epoch': 35, 'best_score': 0.5}, {'epoch': 36, 'best_score': 0.5}, {'epoch': 37, 'best_score': 0.5}, {'epoch': 38, 'best_score': 0.5}, {'epoch': 39, 'best_score': 0.5}, {'epoch': 40, 'best_score': 0.5}, {'epoch': 41, 'best_score': 0.5}, {'epoch': 42, 'best_score': 0.5}, {'epoch': 43, 'best_score': 0.5}, {'epoch': 44, 'best_score': 0.5}, {'epoch': 45, 'best_score': 0.5}, {'epoch': 46, 'best_score': 0.5}, {'epoch': 47, 'best_score': 0.5}, {'epoch': 48, 'best_score': 0.5}, {'epoch': 49, 'best_score': 0.5}]",cifar100,4,CDANN,PCA1,256.0,0.7849999666213989,0.7849999666213989,0.7275000214576721,0.7480000257492065,splits_cifar100_CDANN_4_0_b09dc755c62e.npz,b09dc755c62e,False,False,0.35714285714285715,0.8571428571428571,0.08730158730158732,,,,0.7787651515316718,all_pca,PCA1,IW residual DIS2 | W=5 | seed=0 (plug-in),True,
iw_residual_dis2,5.0,0.0,10000.0,2000.0,2500.0,500.0,0.766,0.0,1.0,2.715115547180176,0.5,0.5,0.6295000314712524,0.21847495436668396,13.0,13.0,4.0,5.0,0.2023765489455211,0.018,2491.0,9.0,491.0,9.0,ok,plugin,False,,2149.964520469418,1556.32151293109,4.951469519707046,0.6778514182184787,2.2225418812365314,0.8888888888888888,0.0,0.2023765489455211,0.7976234510544788,0.7976234510544788,False,1.0,0.0,0.5,0.5,1.0,"[{'epoch': 0, 'best_score': 0.25}, {'epoch': 1, 'best_score': 0.5}, {'epoch': 2, 'best_score': 0.5}, {'epoch': 3, 'best_score': 0.5}, {'epoch': 4, 'best_score': 0.5}, {'epoch': 5, 'best_score': 0.5}, {'epoch': 6, 'best_score': 0.5}, {'epoch': 7, 'best_score': 0.5}, {'epoch': 8, 'best_score': 0.5}, {'epoch': 9, 'best_score': 0.5}, {'epoch': 10, 'best_score': 0.5}, {'epoch': 11, 'best_score': 0.5}, {'epoch': 12, 'best_score': 0.5}, {'epoch': 13, 'best_score': 0.5}, {'epoch': 14, 'best_score': 0.5}, {'epoch': 15, 'best_score': 0.5}, {'epoch': 16, 'best_score': 0.5}, {'epoch': 17, 'best_score': 0.5}, {'epoch': 18, 'best_score': 0.5}, {'epoch': 19, 'best_score': 0.5}, {'epoch': 20, 'best_score': 0.5}, {'epoch': 21, 'best_score': 0.5}, {'epoch': 22, 'best_score': 0.5}, {'epoch': 23, 'best_score': 0.5}, {'epoch': 24, 'best_score': 0.5}, {'epoch': 25, 'best_score': 0.5}, {'epoch': 26, 'best_score': 0.5}, {'epoch': 27, 'best_score': 0.5}, {'epoch': 28, 'best_score': 0.5}, {'epoch': 29, 'best_score': 0.5}, {'epoch': 30, 'best_score': 0.5}, {'epoch': 31, 'best_score': 0.5}, {'epoch': 32, 'best_score': 0.5}, {'epoch': 33, 'best_score': 0.5}, {'epoch': 34, 'best_score': 0.5}, {'epoch': 35, 'best_score': 0.5}, {'epoch': 36, 'best_score': 0.5}, {'epoch': 37, 'best_score': 0.5}, {'epoch': 38, 'best_score': 0.5}, {'epoch': 39, 'best_score': 0.5}, {'epoch': 40, 'best_score': 0.5}, {'epoch': 41, 'best_score': 0.5}, {'epoch': 42, 'best_score': 0.5}, {'epoch': 43, 'best_score': 0.5}, {'epoch': 44, 'best_score': 0.5}, {'epoch': 45, 'best_score': 0.5}, {'epoch': 46, 'best_score': 0.5}, {'epoch': 47, 'best_score': 0.5}, {'epoch': 48, 'best_score': 0.5}, {'epoch': 49, 'best_score': 0.5}]",cifar100,12,CDANN,PCA1,256.0,0.7858999967575073,0.7858999967575073,0.7480000257492065,0.7680000066757202,splits_cifar100_CDANN_12_0_b09dc755c62e.npz,b09dc755c62e,False,False,0.1111111111111111,1.0,-0.11111111111111116,,,,0.7976234510544788,all_pca,PCA1,IW residual DIS2 | W=5 | seed=0 (plug-in),True,
iw_residual_dis2,5.0,0.0,10000.0,2000.0,2500.0,500.0,0.7664,0.0,1.0,2.0629892349243164,0.5,0.5,0.690500020980835,0.20447368919849396,35.0,29.0,20.0,17.0,0.20631151924793567,0.062,2476.0,24.0,469.0,31.0,ok,plugin,False,,2163.244883648597,1352.5440370045706,4.811275928031221,0.6076438847328448,2.541595414153427,0.967741935483871,0.01091666666666667,0.21722818591460233,0.7827718140853976,0.7827718140853976,False,0.0,10.0,0.1499999761581421,0.8500000238418579,1.0,"[{'epoch': 0, 'best_score': 0.1499999761581421}, {'epoch': 1, 'best_score': 0.1499999761581421}, {'epoch': 2, 'best_score': 0.1499999761581421}, {'epoch': 3, 'best_score': 0.10000002384185791}, {'epoch': 4, 'best_score': 0.1499999761581421}, {'epoch': 5, 'best_score': 0.1499999761581421}, {'epoch': 6, 'best_score': 0.1499999761581421}, {'epoch': 7, 'best_score': 0.1499999761581421}, {'epoch': 8, 'best_score': 0.09117645025253296}, {'epoch': 9, 'best_score': 0.09117645025253296}, {'epoch': 10, 'best_score': 0.09117645025253296}, {'epoch': 11, 'best_score': 0.03235292434692383}, {'epoch': 12, 'best_score': 0.03235292434692383}, {'epoch': 13, 'best_score': 0.03235292434692383}, {'epoch': 14, 'best_score': 0.03235292434692383}, {'epoch': 15, 'best_score': 0.03235292434692383}, {'epoch': 16, 'best_score': -0.026470601558685303}, {'epoch': 17, 'best_score': -0.026470601558685303}, {'epoch': 18, 'best_score': -0.026470601558685303}, {'epoch': 19, 'best_score': -0.026470601558685303}, {'epoch': 20, 'best_score': -0.026470601558685303}, {'epoch': 21, 'best_score': -0.026470601558685303}, {'epoch': 22, 'best_score': -0.026470601558685303}, {'epoch': 23, 'best_score': -0.026470601558685303}, {'epoch': 24, 'best_score': -0.03529411554336548}, {'epoch': 25, 'best_score': -0.03529411554336548}, {'epoch': 26, 'best_score': -0.03529411554336548}, {'epoch': 27, 'best_score': -0.08529412746429443}, {'epoch': 28, 'best_score': -0.08529412746429443}, {'epoch': 29, 'best_score': -0.08529412746429443}, {'epoch': 30, 'best_score': -0.08529412746429443}, {'epoch': 31, 'best_score': -0.08529412746429443}, {'epoch': 32, 'best_score': -0.08529412746429443}, {'epoch': 33, 'best_score': -0.08529412746429443}, {'epoch': 34, 'best_score': -0.08529412746429443}, {'epoch': 35, 'best_score': -0.08529412746429443}, {'epoch': 36, 'best_score': -0.08529412746429443}, {'epoch': 37, 'best_score': -0.08529412746429443}, {'epoch': 38, 'best_score': -0.08529412746429443}, {'epoch': 39, 'best_score': -0.08529412746429443}, {'epoch': 40, 'best_score': -0.08529412746429443}, {'epoch': 41, 'best_score': -0.08529412746429443}, {'epoch': 42, 'best_score': -0.08529412746429443}, {'epoch': 43, 'best_score': -0.08529412746429443}, {'epoch': 44, 'best_score': -0.08529412746429443}, {'epoch': 45, 'best_score': -0.08529412746429443}, {'epoch': 46, 'best_score': -0.08529412746429443}, {'epoch': 47, 'best_score': -0.08529412746429443}, {'epoch': 48, 'best_score': -0.08529412746429443}, {'epoch': 49, 'best_score': -0.08529412746429443}]",cifar100,59,CDANN,PCA1,256.0,0.7870000004768372,0.7870000004768372,0.7580000162124634,0.7920000553131104,splits_cifar100_CDANN_59_0_b09dc755c62e.npz,b09dc755c62e,False,True,0.125,0.9166666666666666,0.05107526881720437,,,,0.7827718140853976,all_pca,PCA1,IW residual DIS2 | W=5 | seed=0 (plug-in),True,
iw_residual_dis2,5.0,0.0,10000.0,2000.0,2500.0,500.0,0.7652,0.0,1.0,3.2206785678863525,0.5,0.5,0.6080000400543213,0.23275375366210938,1.0,2.0,0.0,1.0,0.20564478906801378,0.004,2496.0,4.0,498.0,2.0,unsupported_critic_region,plugin,False,,2200.8517281512113,1855.472949683894,4.797911114863314,0.7639538835858021,1.8244501747303445,,,,,,,,,,,,,cifar100,82,CDANN,PCA1,256.0,0.7872999906539917,0.7872999906539917,0.7635000348091125,0.7720000147819519,splits_cifar100_CDANN_82_0_b09dc755c62e.npz,b09dc755c62e,,,,,,,,,,all_pca,PCA1,IW residual DIS2 | W=5 | seed=0 (plug-in),False,
iw_residual_dis2,5.0,0.0,28152.0,9910.0,7040.0,2478.0,0.803125,0.0,1.0,3.5585877895355225,0.5,0.5,0.7535672187805176,0.16740885376930237,258.0,1116.0,119.0,529.0,0.14543328524941337,0.35149313962873285,6823.0,217.0,1607.0,871.0,ok,plugin,False,,5110.378264936373,2990.5724011058933,4.970860414141881,0.4438307316322336,2.670134177373088,0.8966704936854191,0.13537749708959587,0.28081078233900925,0.7191892176609908,0.7191892176609908,False,10.0,2.0,0.11157882213592529,0.7731092572212219,0.8846880793571472,"[{'epoch': 0, 'best_score': 0.04937171936035156}, {'epoch': 1, 'best_score': 0.09559816122055054}, {'epoch': 2, 'best_score': 0.1035885214805603}, {'epoch': 3, 'best_score': 0.10884654521942139}, {'epoch': 4, 'best_score': 0.10401737689971924}, {'epoch': 5, 'best_score': 0.09645593166351318}, {'epoch': 6, 'best_score': 0.0983462929725647}, {'epoch': 7, 'best_score': 0.10023665428161621}, {'epoch': 8, 'best_score': 0.10590773820877075}, {'epoch': 9, 'best_score': 0.10779809951782227}, {'epoch': 10, 'best_score': 0.11157882213592529}, {'epoch': 11, 'best_score': 0.10695618391036987}, {'epoch': 12, 'best_score': 0.10884654521942139}, {'epoch': 13, 'best_score': 0.10611426830291748}, {'epoch': 14, 'best_score': 0.10338199138641357}, {'epoch': 15, 'best_score': 0.10064971446990967}, {'epoch': 16, 'best_score': 0.09602707624435425}, {'epoch': 17, 'best_score': 0.09980779886245728}, {'epoch': 18, 'best_score': 0.1035885214805603}, {'epoch': 19, 'best_score': 0.09518516063690186}, {'epoch': 20, 'best_score': 0.0962335467338562}, {'epoch': 21, 'best_score': 0.09812390804290771}, {'epoch': 22, 'best_score': 0.0962335467338562}, {'epoch': 23, 'best_score': 0.09812390804290771}, {'epoch': 24, 'best_score': 0.09812390804290771}, {'epoch': 25, 'best_score': 0.09539163112640381}, {'epoch': 26, 'best_score': 0.09539163112640381}, {'epoch': 27, 'best_score': 0.09539163112640381}, {'epoch': 28, 'best_score': 0.09917235374450684}, {'epoch': 29, 'best_score': 0.09728199243545532}, {'epoch': 30, 'best_score': 0.09917235374450684}, {'epoch': 31, 'best_score': 0.09454971551895142}, {'epoch': 32, 'best_score': 0.09644007682800293}, {'epoch': 33, 'best_score': 0.09539163112640381}, {'epoch': 34, 'best_score': 0.09644007682800293}, {'epoch': 35, 'best_score': 0.09644007682800293}, {'epoch': 36, 'best_score': 0.09728199243545532}, {'epoch': 37, 'best_score': 0.09917235374450684}, {'epoch': 38, 'best_score': 0.10106271505355835}, {'epoch': 39, 'best_score': 0.10106271505355835}, {'epoch': 40, 'best_score': 0.10106271505355835}, {'epoch': 41, 'best_score': 0.10106271505355835}, {'epoch': 42, 'best_score': 0.09833043813705444}, {'epoch': 43, 'best_score': 0.09833043813705444}, {'epoch': 44, 'best_score': 0.09833043813705444}, {'epoch': 45, 'best_score': 0.09833043813705444}, {'epoch': 46, 'best_score': 0.09833043813705444}, {'epoch': 47, 'best_score': 0.09833043813705444}, {'epoch': 48, 'best_score': 0.09833043813705444}, {'epoch': 49, 'best_score': 0.09833043813705444}]",domainnet,1,DANN,PCA1,2048.0,0.8072605729103088,0.8072605729103088,0.465893030166626,0.47497981786727905,splits_domainnet_DANN_1_0_b09dc755c62e.npz,b09dc755c62e,False,False,0.34101382488479265,0.8525345622119815,0.04413593147343753,,,,0.7191892176609908,all_pca,PCA1,IW residual DIS2 | W=5 | seed=0 (plug-in),True,
iw_residual_dis2,5.0,0.0,28152.0,14207.0,7040.0,3553.0,0.8038352272727273,0.0,1.0,4.441120147705078,0.5,0.5,0.80036461353302,0.14118699729442596,236.0,2044.0,138.0,1025.0,0.12232829609564494,0.48747537292428933,6835.0,205.0,1821.0,1732.0,ok,plugin,False,,4014.661734940759,2496.6719018934605,4.990763389505365,0.2968474902493425,2.260206695174366,0.898960739030023,0.1790269988261379,0.3013552949217828,0.6986447050782172,0.6986447050782172,False,4.0,4.0,0.2551431655883789,0.6521739363670349,0.9073171019554138,"[{'epoch': 0, 'best_score': 0.07580769062042236}, {'epoch': 1, 'best_score': 0.1479886770248413}, {'epoch': 2, 'best_score': 0.20567691326141357}, {'epoch': 3, 'best_score': 0.24120891094207764}, {'epoch': 4, 'best_score': 0.2551431655883789}, {'epoch': 5, 'best_score': 0.24733823537826538}, {'epoch': 6, 'best_score': 0.2444114089012146}, {'epoch': 7, 'best_score': 0.2347967028617859}, {'epoch': 8, 'best_score': 0.2338210940361023}, {'epoch': 9, 'best_score': 0.22950154542922974}, {'epoch': 10, 'best_score': 0.22574055194854736}, {'epoch': 11, 'best_score': 0.21710145473480225}, {'epoch': 12, 'best_score': 0.21946978569030762}, {'epoch': 13, 'best_score': 0.22629904747009277}, {'epoch': 14, 'best_score': 0.21529161930084229}, {'epoch': 15, 'best_score': 0.20902085304260254}, {'epoch': 16, 'best_score': 0.2033085823059082}, {'epoch': 17, 'best_score': 0.2052597999572754}, {'epoch': 18, 'best_score': 0.19898903369903564}, {'epoch': 19, 'best_score': 0.19662070274353027}, {'epoch': 20, 'best_score': 0.19132554531097412}, {'epoch': 21, 'best_score': 0.18073523044586182}, {'epoch': 22, 'best_score': 0.18505477905273438}, {'epoch': 23, 'best_score': 0.17878401279449463}, {'epoch': 24, 'best_score': 0.17934250831604004}, {'epoch': 25, 'best_score': 0.17934250831604004}, {'epoch': 26, 'best_score': 0.18031811714172363}, {'epoch': 27, 'best_score': 0.17502295970916748}, {'epoch': 28, 'best_score': 0.16972780227661133}, {'epoch': 29, 'best_score': 0.1615058183670044}, {'epoch': 30, 'best_score': 0.1591375470161438}, {'epoch': 31, 'best_score': 0.1601131558418274}, {'epoch': 32, 'best_score': 0.1601131558418274}, {'epoch': 33, 'best_score': 0.161088764667511}, {'epoch': 34, 'best_score': 0.161088764667511}, {'epoch': 35, 'best_score': 0.16303998231887817}, {'epoch': 36, 'best_score': 0.16206437349319458}, {'epoch': 37, 'best_score': 0.16401559114456177}, {'epoch': 38, 'best_score': 0.16499119997024536}, {'epoch': 39, 'best_score': 0.16499119997024536}, {'epoch': 40, 'best_score': 0.16596680879592896}, {'epoch': 41, 'best_score': 0.16694241762161255}, {'epoch': 42, 'best_score': 0.16694241762161255}, {'epoch': 43, 'best_score': 0.16694241762161255}, {'epoch': 44, 'best_score': 0.16694241762161255}, {'epoch': 45, 'best_score': 0.16694241762161255}, {'epoch': 46, 'best_score': 0.16694241762161255}, {'epoch': 47, 'best_score': 0.16791802644729614}, {'epoch': 48, 'best_score': 0.16791802644729614}, {'epoch': 49, 'best_score': 0.16791802644729614}]",domainnet,2,DANN,PCA1,2048.0,0.8101378083229065,0.8101378083229065,0.38572534918785095,0.38727834820747375,splits_domainnet_DANN_2_0_b09dc755c62e.npz,b09dc755c62e,False,False,0.24878048780487805,0.7804878048780488,0.11847293415197424,,,,0.6986447050782172,all_pca,PCA1,IW residual DIS2 | W=5 | seed=0 (plug-in),True,
iw_residual_dis2,5.0,0.0,28152.0,15295.0,7040.0,3825.0,0.8072443181818182,0.0,1.0,3.4903576374053955,0.5,0.5,0.7472388744354248,0.17125815153121948,221.0,1317.0,109.0,668.0,0.15078757756613553,0.3003921568627451,6838.0,202.0,2676.0,1149.0,ok,plugin,False,,4855.089063547803,2963.430629913978,4.998138597187246,0.4130599087913843,2.5113360682516084,0.8842471714534378,0.11542483660130717,0.2662124141674427,0.7337875858325573,0.7337875858325573,False,5.0,6.0,0.16107237339019775,0.7431192398071289,0.9041916131973267,"[{'epoch': 0, 'best_score': 0.039883553981781006}, {'epoch': 1, 'best_score': 0.10897928476333618}, {'epoch': 2, 'best_score': 0.14345163106918335}, {'epoch': 3, 'best_score': 0.15450745820999146}, {'epoch': 4, 'best_score': 0.16088008880615234}, {'epoch': 5, 'best_score': 0.16107237339019775}, {'epoch': 6, 'best_score': 0.1580783724784851}, {'epoch': 7, 'best_score': 0.1565813422203064}, {'epoch': 8, 'best_score': 0.15189802646636963}, {'epoch': 9, 'best_score': 0.1393451690673828}, {'epoch': 10, 'best_score': 0.1241828203201294}, {'epoch': 11, 'best_score': 0.12210899591445923}, {'epoch': 12, 'best_score': 0.12529528141021729}, {'epoch': 13, 'best_score': 0.11911499500274658}, {'epoch': 14, 'best_score': 0.11443167924880981}, {'epoch': 15, 'best_score': 0.11293470859527588}, {'epoch': 16, 'best_score': 0.1127423644065857}, {'epoch': 17, 'best_score': 0.10506510734558105}, {'epoch': 18, 'best_score': 0.10955613851547241}, {'epoch': 19, 'best_score': 0.10955613851547241}, {'epoch': 20, 'best_score': 0.10636985301971436}, {'epoch': 21, 'best_score': 0.10636985301971436}, {'epoch': 22, 'best_score': 0.10018950700759888}, {'epoch': 23, 'best_score': 0.09869253635406494}, {'epoch': 24, 'best_score': 0.09869253635406494}, {'epoch': 25, 'best_score': 0.08483487367630005}, {'epoch': 26, 'best_score': 0.08633190393447876}, {'epoch': 27, 'best_score': 0.08483487367630005}, {'epoch': 28, 'best_score': 0.08633190393447876}, {'epoch': 29, 'best_score': 0.0831456184387207}, {'epoch': 30, 'best_score': 0.08464264869689941}, {'epoch': 31, 'best_score': 0.08464264869689941}, {'epoch': 32, 'best_score': 0.08464264869689941}, {'epoch': 33, 'best_score': 0.08464264869689941}, {'epoch': 34, 'best_score': 0.08464264869689941}, {'epoch': 35, 'best_score': 0.08464264869689941}, {'epoch': 36, 'best_score': 0.08613967895507812}, {'epoch': 37, 'best_score': 0.08613967895507812}, {'epoch': 38, 'best_score': 0.08613967895507812}, {'epoch': 39, 'best_score': 0.07696539163589478}, {'epoch': 40, 'best_score': 0.07696539163589478}, {'epoch': 41, 'best_score': 0.07696539163589478}, {'epoch': 42, 'best_score': 0.07696539163589478}, {'epoch': 43, 'best_score': 0.07696539163589478}, {'epoch': 44, 'best_score': 0.07696539163589478}, {'epoch': 45, 'best_score': 0.07696539163589478}, {'epoch': 46, 'best_score': 0.07696539163589478}, {'epoch': 47, 'best_score': 0.07696539163589478}, {'epoch': 48, 'best_score': 0.07546836137771606}, {'epoch': 49, 'best_score': 0.07546836137771606}]",domainnet,3,DANN,PCA1,2048.0,0.8096050024032593,0.8096050024032593,0.4719189405441284,0.46562090516090393,splits_domainnet_DANN_3_0_b09dc755c62e.npz,b09dc755c62e,False,False,0.2722772277227723,0.7722772277227723,0.11196994373066549,,,,0.7337875858325573,all_pca,PCA1,IW residual DIS2 | W=5 | seed=0 (plug-in),True,
iw_residual_dis2,5.0,0.0,28152.0,9910.0,7040.0,2478.0,0.8025568181818181,0.0,1.0,1.1042149066925049,0.5,0.5,0.8369762897491455,0.11822836846113205,263.0,1674.0,163.0,821.0,0.10667331081385367,0.54317998385795,6753.0,287.0,1132.0,1346.0,ok,plugin,False,,3084.89444574064,1903.4551664621688,4.982990278334195,0.17063420761677114,2.0196831901948986,0.9026745913818722,0.23859721648063936,0.34527052729449303,0.654729472705507,0.654729472705507,False,12.0,23.0,0.2732265591621399,0.6134969592094421,0.886723518371582,"[{'epoch': 0, 'best_score': 0.01596885919570923}, {'epoch': 1, 'best_score': 0.024629533290863037}, {'epoch': 2, 'best_score': 0.07005524635314941}, {'epoch': 3, 'best_score': 0.08367764949798584}, {'epoch': 4, 'best_score': 0.13032138347625732}, {'epoch': 5, 'best_score': 0.17344552278518677}, {'epoch': 6, 'best_score': 0.19820958375930786}, {'epoch': 7, 'best_score': 0.224057137966156}, {'epoch': 8, 'best_score': 0.23750025033950806}, {'epoch': 9, 'best_score': 0.24241721630096436}, {'epoch': 10, 'best_score': 0.25351399183273315}, {'epoch': 11, 'best_score': 0.25847572088241577}, {'epoch': 12, 'best_score': 0.2732265591621399}, {'epoch': 13, 'best_score': 0.26465559005737305}, {'epoch': 14, 'best_score': 0.2583860754966736}, {'epoch': 15, 'best_score': 0.2583860754966736}, {'epoch': 16, 'best_score': 0.25964897871017456}, {'epoch': 17, 'best_score': 0.25847572088241577}, {'epoch': 18, 'best_score': 0.2522510886192322}, {'epoch': 19, 'best_score': 0.24246209859848022}, {'epoch': 20, 'best_score': 0.24733418226242065}, {'epoch': 21, 'best_score': 0.24359041452407837}, {'epoch': 22, 'best_score': 0.23858380317687988}, {'epoch': 23, 'best_score': 0.23497456312179565}, {'epoch': 24, 'best_score': 0.23244881629943848}, {'epoch': 25, 'best_score': 0.23244881629943848}, {'epoch': 26, 'best_score': 0.23366683721542358}, {'epoch': 27, 'best_score': 0.22261494398117065}, {'epoch': 28, 'best_score': 0.22505098581314087}, {'epoch': 29, 'best_score': 0.21760833263397217}, {'epoch': 30, 'best_score': 0.22130721807479858}, {'epoch': 31, 'best_score': 0.22004437446594238}, {'epoch': 32, 'best_score': 0.21512746810913086}, {'epoch': 33, 'best_score': 0.21142852306365967}, {'epoch': 34, 'best_score': 0.20651161670684814}, {'epoch': 35, 'best_score': 0.20281267166137695}, {'epoch': 36, 'best_score': 0.20529359579086304}, {'epoch': 37, 'best_score': 0.20524871349334717}, {'epoch': 38, 'best_score': 0.20281267166137695}, {'epoch': 39, 'best_score': 0.20281267166137695}, {'epoch': 40, 'best_score': 0.20281267166137695}, {'epoch': 41, 'best_score': 0.20403069257736206}, {'epoch': 42, 'best_score': 0.19911372661590576}, {'epoch': 43, 'best_score': 0.19911372661590576}, {'epoch': 44, 'best_score': 0.19667768478393555}, {'epoch': 45, 'best_score': 0.19054275751113892}, {'epoch': 46, 'best_score': 0.19176077842712402}, {'epoch': 47, 'best_score': 0.18684381246566772}, {'epoch': 48, 'best_score': 0.18684381246566772}, {'epoch': 49, 'best_score': 0.18070882558822632}]",domainnet,1,CDANN,PCA1,256.0,0.8055910468101501,0.8055910468101501,0.5121089816093445,0.5205811262130737,splits_domainnet_CDANN_1_0_b09dc755c62e.npz,b09dc755c62e,False,False,0.23693379790940766,0.7003484320557491,0.20232615932612308,,,,0.654729472705507,all_pca,PCA1,IW residual DIS2 | W=5 | seed=0 (plug-in),True,
iw_residual_dis2,5.0,0.0,28152.0,14207.0,7040.0,3553.0,0.8004261363636364,0.0,1.0,1.0977529287338257,0.5,0.5,0.8615771532058716,0.10111060738563538,216.0,2713.0,116.0,1339.0,0.08008198825877054,0.6374894455389811,6838.0,202.0,1288.0,2265.0,ok,plugin,False,,2498.9996146967496,1608.0552832327771,4.935946212463936,0.12139429529487175,1.6949249306719865,0.9262693156732892,0.27174218969884595,0.3518241779576165,0.6481758220423834,0.6481758220423834,False,16.0,5.0,0.266005277633667,0.6637930870056152,0.9297983646392822,"[{'epoch': 0, 'best_score': 0.022874772548675537}, {'epoch': 1, 'best_score': 0.055117011070251465}, {'epoch': 2, 'best_score': 0.0836251974105835}, {'epoch': 3, 'best_score': 0.10236018896102905}, {'epoch': 4, 'best_score': 0.18001079559326172}, {'epoch': 5, 'best_score': 0.18041640520095825}, {'epoch': 6, 'best_score': 0.20519042015075684}, {'epoch': 7, 'best_score': 0.2299644947052002}, {'epoch': 8, 'best_score': 0.23485100269317627}, {'epoch': 9, 'best_score': 0.24462413787841797}, {'epoch': 10, 'best_score': 0.2352566123008728}, {'epoch': 11, 'best_score': 0.25100433826446533}, {'epoch': 12, 'best_score': 0.24801701307296753}, {'epoch': 13, 'best_score': 0.24727022647857666}, {'epoch': 14, 'best_score': 0.24727022647857666}, {'epoch': 15, 'best_score': 0.2581314444541931}, {'epoch': 16, 'best_score': 0.266005277633667}, {'epoch': 17, 'best_score': 0.2581314444541931}, {'epoch': 18, 'best_score': 0.22663593292236328}, {'epoch': 19, 'best_score': 0.2311168909072876}, {'epoch': 20, 'best_score': 0.22962325811386108}, {'epoch': 21, 'best_score': 0.22174936532974243}, {'epoch': 22, 'best_score': 0.22059696912765503}, {'epoch': 23, 'best_score': 0.22209060192108154}, {'epoch': 24, 'best_score': 0.2228374481201172}, {'epoch': 25, 'best_score': 0.22059696912765503}, {'epoch': 26, 'best_score': 0.225824773311615}, {'epoch': 27, 'best_score': 0.22019129991531372}, {'epoch': 28, 'best_score': 0.22467225790023804}, {'epoch': 29, 'best_score': 0.2269127368927002}, {'epoch': 30, 'best_score': 0.22616595029830933}, {'epoch': 31, 'best_score': 0.2269127368927002}, {'epoch': 32, 'best_score': 0.2175452709197998}, {'epoch': 33, 'best_score': 0.2119118571281433}, {'epoch': 34, 'best_score': 0.21639281511306763}, {'epoch': 35, 'best_score': 0.21713966131210327}, {'epoch': 36, 'best_score': 0.21863329410552979}, {'epoch': 37, 'best_score': 0.21788650751113892}, {'epoch': 38, 'best_score': 0.21449357271194458}, {'epoch': 39, 'best_score': 0.21449357271194458}, {'epoch': 40, 'best_score': 0.21299993991851807}, {'epoch': 41, 'best_score': 0.21299993991851807}, {'epoch': 42, 'best_score': 0.21598726511001587}, {'epoch': 43, 'best_score': 0.2189745306968689}, {'epoch': 44, 'best_score': 0.20173311233520508}, {'epoch': 45, 'best_score': 0.2032267451286316}, {'epoch': 46, 'best_score': 0.2032267451286316}, {'epoch': 47, 'best_score': 0.2032267451286316}, {'epoch': 48, 'best_score': 0.2032267451286316}, {'epoch': 49, 'best_score': 0.20397359132766724}]",domainnet,2,CDANN,PCA1,256.0,0.8071539998054504,0.8071539998054504,0.42063772678375244,0.4218969941139221,splits_domainnet_CDANN_2_0_b09dc755c62e.npz,b09dc755c62e,False,False,0.2871287128712871,0.7871287128712872,0.13914060280200202,,,,0.6481758220423834,all_pca,PCA1,IW residual DIS2 | W=5 | seed=0 (plug-in),True,
iw_residual_dis2,5.0,0.0,28152.0,15295.0,7040.0,3825.0,0.8063920454545455,0.0,1.0,1.1220425367355347,0.5,0.5,0.7690144181251526,0.1575443148612976,251.0,1639.0,124.0,867.0,0.13443131940538086,0.3681045751633987,6814.0,226.0,2417.0,1408.0,ok,plugin,False,,4329.533799483917,2560.7867272725352,4.998065596377858,0.3316123235103973,2.4033313879389704,0.9147727272727273,0.1722251142344844,0.3066564336398653,0.6933435663601347,0.6933435663601347,False,9.0,21.0,0.26834285259246826,0.6532257795333862,0.9215686321258545,"[{'epoch': 0, 'best_score': 0.021886706352233887}, {'epoch': 1, 'best_score': 0.04262012243270874}, {'epoch': 2, 'best_score': 0.06335341930389404}, {'epoch': 3, 'best_score': 0.10021579265594482}, {'epoch': 4, 'best_score': 0.12786024808883667}, {'epoch': 5, 'best_score': 0.22461581230163574}, {'epoch': 6, 'best_score': 0.2407262921333313}, {'epoch': 7, 'best_score': 0.2522323727607727}, {'epoch': 8, 'best_score': 0.25337648391723633}, {'epoch': 9, 'best_score': 0.26834285259246826}, {'epoch': 10, 'best_score': 0.26026904582977295}, {'epoch': 11, 'best_score': 0.26026904582977295}, {'epoch': 12, 'best_score': 0.2671801447868347}, {'epoch': 13, 'best_score': 0.2556646466255188}, {'epoch': 14, 'best_score': 0.24760013818740845}, {'epoch': 15, 'best_score': 0.24413996934890747}, {'epoch': 16, 'best_score': 0.24990695714950562}, {'epoch': 17, 'best_score': 0.24644678831100464}, {'epoch': 18, 'best_score': 0.24760013818740845}, {'epoch': 19, 'best_score': 0.2510603666305542}, {'epoch': 20, 'best_score': 0.24760949611663818}, {'epoch': 21, 'best_score': 0.24530267715454102}, {'epoch': 22, 'best_score': 0.232652485370636}, {'epoch': 23, 'best_score': 0.2234252691268921}, {'epoch': 24, 'best_score': 0.22803884744644165}, {'epoch': 25, 'best_score': 0.22112774848937988}, {'epoch': 26, 'best_score': 0.2015478014945984}, {'epoch': 27, 'best_score': 0.1865907907485962}, {'epoch': 28, 'best_score': 0.19005101919174194}, {'epoch': 29, 'best_score': 0.18198645114898682}, {'epoch': 30, 'best_score': 0.1750659942626953}, {'epoch': 31, 'best_score': 0.1681641936302185}, {'epoch': 32, 'best_score': 0.17047101259231567}, {'epoch': 33, 'best_score': 0.17162442207336426}, {'epoch': 34, 'best_score': 0.17162442207336426}, {'epoch': 35, 'best_score': 0.17162442207336426}, {'epoch': 36, 'best_score': 0.17162442207336426}, {'epoch': 37, 'best_score': 0.16125309467315674}, {'epoch': 38, 'best_score': 0.16240650415420532}, {'epoch': 39, 'best_score': 0.15549540519714355}, {'epoch': 40, 'best_score': 0.1531885862350464}, {'epoch': 41, 'best_score': 0.14512407779693604}, {'epoch': 42, 'best_score': 0.1474308967590332}, {'epoch': 43, 'best_score': 0.145133376121521}, {'epoch': 44, 'best_score': 0.14628678560256958}, {'epoch': 45, 'best_score': 0.14628678560256958}, {'epoch': 46, 'best_score': 0.145133376121521}, {'epoch': 47, 'best_score': 0.14628678560256958}, {'epoch': 48, 'best_score': 0.1393756866455078}, {'epoch': 49, 'best_score': 0.14168250560760498}]",domainnet,3,CDANN,PCA1,256.0,0.8074381947517395,0.8074381947517395,0.49369075894355774,0.48549020290374756,splits_domainnet_CDANN_3_0_b09dc755c62e.npz,b09dc755c62e,False,False,0.2610619469026549,0.7079646017699115,0.2068081255028158,,,,0.6933435663601347,all_pca,PCA1,IW residual DIS2 | W=5 | seed=0 (plug-in),True,
iw_residual_dis2,5.0,0.0,1700.0,8804.0,425.0,2203.0,0.8658823529411764,0.0,1.0,3.8495681285858154,0.5,0.5,0.5975267291069031,0.23323529958724976,2.0,20.0,0.0,11.0,0.16770889795508717,0.006808896958692692,424.0,1.0,2188.0,15.0,unsupported_critic_region,plugin,False,,488.6406873586411,335.14318941690345,4.521320014558192,1.0390058483093045,2.272529685938924,,,,,,,,,,,,,living17,1,DANN,PCA1,340.0,0.8994117379188538,0.8994117379188538,0.6758291721343994,0.6876986026763916,splits_living17_DANN_1_0_b09dc755c62e.npz,b09dc755c62e,,,,,,,,,,all_pca,PCA1,IW residual DIS2 | W=5 | seed=0 (plug-in),False,
iw_residual_dis2,5.0,0.0,1700.0,68.0,425.0,19.0,0.8823529411764706,0.0,1.0,54.598148345947266,0.5,0.5,0.42450982332229614,0.2518996596336365,,,,,0.11421335826268907,0.0,425.0,0.0,19.0,0.0,ok,plugin,False,,416.5072020136271,424.1374136554789,1.1197582513992286,0.9769475348116742,1.0566070737637594,,0.0,0.11421335826268907,0.8857866417373109,0.8857866417373109,False,,,,,,,living17,2,DANN,PCA1,340.0,0.9094117283821106,0.9094117283821106,0.8970588445663452,0.8421052694320679,splits_living17_DANN_2_0_b09dc755c62e.npz,b09dc755c62e,True,False,,,,,,,0.8857866417373109,all_pca,PCA1,IW residual DIS2 | W=5 | seed=0 (plug-in),True,
iw_residual_dis2,5.0,0.0,1700.0,68.0,425.0,19.0,0.8894117647058823,0.0,1.0,11.162090301513672,0.5,0.5,0.4843137264251709,0.24529361724853516,,,,,0.10617491093845513,0.0,425.0,0.0,19.0,0.0,ok,plugin,False,,408.93620740731114,406.72420984115223,2.0350806391724707,0.9315928489914096,1.321903324786601,,0.0,0.10617491093845513,0.8938250890615449,0.8938250890615449,False,,,,,,,living17,3,DANN,PCA1,340.0,0.9052940607070923,0.9052940607070923,0.5882353186607361,0.6842105388641357,splits_living17_DANN_3_0_b09dc755c62e.npz,b09dc755c62e,False,False,,,,,,,0.8938250890615449,all_pca,PCA1,IW residual DIS2 | W=5 | seed=0 (plug-in),True,
iw_residual_dis2,5.0,0.0,1700.0,8804.0,425.0,2203.0,0.8894117647058823,0.0,1.0,4.122966766357422,0.5,0.5,0.5902406573295593,0.23583169281482697,0.0,11.0,0.0,5.0,0.16371942150608876,0.003631411711302769,424.0,1.0,2195.0,8.0,unsupported_critic_region,plugin,False,,475.1306015718163,322.47135558644624,4.7552862375305365,0.961635428879312,2.351606939359395,,,,,,,,,,,,,living17,1,CDANN,PCA1,256.0,0.9052940607070923,0.9052940607070923,0.6863925457000732,0.6981388926506042,splits_living17_CDANN_1_0_b09dc755c62e.npz,b09dc755c62e,,,,,,,,,,all_pca,PCA1,IW residual DIS2 | W=5 | seed=0 (plug-in),False,
iw_residual_dis2,5.0,0.0,1700.0,68.0,425.0,19.0,0.8917647058823529,0.0,1.0,54.598148345947266,0.5,0.5,0.4068627655506134,0.2537845969200134,,,,,0.1056918023766646,0.0,425.0,0.0,19.0,0.0,ok,plugin,False,,420.6797181653483,423.9360961817985,1.2307943496224814,0.9852857863854554,1.070271809255841,,0.0,0.1056918023766646,0.8943081976233354,0.8943081976233354,False,,,,,,,living17,2,CDANN,PCA1,256.0,0.9094117283821106,0.9094117283821106,0.8676470518112183,0.8421052694320679,splits_living17_CDANN_2_0_b09dc755c62e.npz,b09dc755c62e,False,False,,,,,,,0.8943081976233354,all_pca,PCA1,IW residual DIS2 | W=5 | seed=0 (plug-in),True,
iw_residual_dis2,5.0,0.0,1700.0,68.0,425.0,19.0,0.8823529411764706,0.0,1.0,8.270247459411621,0.5,0.5,0.570588231086731,0.2425568848848343,,,,,0.12770780673246168,0.0,425.0,0.0,19.0,0.0,ok,plugin,False,,400.95433778210406,376.9911686878987,2.6114756747111456,0.8933120787839669,1.4863181449340304,,0.0,0.12770780673246168,0.8722921932675383,0.8722921932675383,False,,,,,,,living17,3,CDANN,PCA1,256.0,0.9052940607070923,0.9052940607070923,0.5588235259056091,0.6315789222717285,splits_living17_CDANN_3_0_b09dc755c62e.npz,b09dc755c62e,False,False,,,,,,,0.8722921932675383,all_pca,PCA1,IW residual DIS2 | W=5 | seed=0 (plug-in),True,
iw_residual_dis2,5.0,0.0,2600.0,13282.0,650.0,3322.0,0.8046153846153846,0.0,1.0,5.917733192443848,0.5,0.5,0.5997335314750671,0.24062594771385193,,,,,0.21078610554206836,0.0006020469596628537,650.0,0.0,3320.0,2.0,unsupported_residual_source_region,plugin,False,,702.1094451250923,564.5698063824005,3.5572353500830522,0.9951971083185118,1.8926507537213741,,,,,,,,,,,,,nonliving26,1,DANN,PCA1,512.0,0.8126922845840454,0.8126922845840454,0.5122722387313843,0.5192654728889465,splits_nonliving26_DANN_1_0_b09dc755c62e.npz,b09dc755c62e,,,,,,,,,,all_pca,PCA1,IW residual DIS2 | W=5 | seed=0 (plug-in),False,
iw_residual_dis2,5.0,0.0,2600.0,104.0,650.0,28.0,0.8292307692307692,0.0,1.0,54.598148345947266,0.5,0.5,0.44807693362236023,0.2513505518436432,,,,,0.17283063909696222,0.0,650.0,0.0,28.0,0.0,ok,plugin,False,,650.9265055016665,640.4437320268204,1.5681987621944868,0.9940976299099265,1.2137098271472173,,0.0,0.17283063909696222,0.8271693609030377,0.8271693609030377,False,,,,,,,nonliving26,2,DANN,PCA1,512.0,0.8176922798156738,0.8176922798156738,0.75,0.7142857313156128,splits_nonliving26_DANN_2_0_b09dc755c62e.npz,b09dc755c62e,False,False,,,,,,,0.8271693609030377,all_pca,PCA1,IW residual DIS2 | W=5 | seed=0 (plug-in),True,
iw_residual_dis2,5.0,0.0,2600.0,104.0,650.0,28.0,0.8246153846153846,0.0,1.0,54.598148345947266,0.5,0.5,0.4115384817123413,0.25359806418418884,,,,,0.18252106451340563,0.0,650.0,0.0,28.0,0.0,ok,plugin,False,,653.9760038645597,640.3210490451977,1.536704684761332,1.0041122816910613,1.2200213796022736,,0.0,0.18252106451340563,0.8174789354865943,0.8174789354865943,False,,,,,,,nonliving26,3,DANN,PCA1,512.0,0.8146153688430786,0.8146153688430786,0.4038461744785309,0.3214285969734192,splits_nonliving26_DANN_3_0_b09dc755c62e.npz,b09dc755c62e,False,False,,,,,,,0.8174789354865943,all_pca,PCA1,IW residual DIS2 | W=5 | seed=0 (plug-in),True,
iw_residual_dis2,5.0,0.0,2600.0,13282.0,650.0,3322.0,0.8169230769230769,0.0,1.0,3.14288330078125,0.5,0.5,0.6156163215637207,0.23356562852859497,0.0,21.0,1.0,8.0,0.20880960397596277,0.007826610475617099,649.0,1.0,3296.0,26.0,unsupported_critic_region,plugin,False,,689.3156294000762,514.2854081710383,3.770838419982362,0.9701808760033325,2.0491155676611994,,,,,,,,,,,,,nonliving26,1,CDANN,PCA1,256.0,0.8176922798156738,0.8176922798156738,0.5332028269767761,0.5352197289466858,splits_nonliving26_CDANN_1_0_b09dc755c62e.npz,b09dc755c62e,,,,,,,,,,all_pca,PCA1,IW residual DIS2 | W=5 | seed=0 (plug-in),False,
iw_residual_dis2,5.0,0.0,2600.0,104.0,650.0,28.0,0.8138461538461539,0.0,1.0,54.598148345947266,0.5,0.5,0.5115385055541992,0.2515205144882202,,,,,0.18366285727936338,0.0,650.0,0.0,28.0,0.0,ok,plugin,False,,639.0557343190899,648.9700755508451,1.2813243765401687,0.9813962244920533,1.0451249341346696,,0.0,0.18366285727936338,0.8163371427206366,0.8163371427206366,False,,,,,,,nonliving26,2,CDANN,PCA1,256.0,0.8165384531021118,0.8165384531021118,0.7692307829856873,0.7500000596046448,splits_nonliving26_CDANN_2_0_b09dc755c62e.npz,b09dc755c62e,False,False,,,,,,,0.8163371427206366,all_pca,PCA1,IW residual DIS2 | W=5 | seed=0 (plug-in),True,
iw_residual_dis2,5.0,0.0,2600.0,104.0,650.0,28.0,0.8123076923076923,0.0,1.0,2.009753704071045,0.5,0.5,0.6480768918991089,0.2113514095544815,,,,,0.16904564563617336,0.0,633.0,17.0,28.0,0.0,ok,plugin,False,,599.7307349626897,331.16535384796435,4.972621791726866,0.6647536627281228,2.827271709400755,,0.0,0.16904564563617336,0.8309543543638267,0.8309543543638267,False,,,,,,,nonliving26,3,CDANN,PCA1,256.0,0.822692334651947,0.822692334651947,0.4038461744785309,0.3214285969734192,splits_nonliving26_CDANN_3_0_b09dc755c62e.npz,b09dc755c62e,False,False,,,,,,,0.8309543543638267,all_pca,PCA1,IW residual DIS2 | W=5 | seed=0 (plug-in),True,
iw_residual_dis2,5.0,0.0,11745.0,35070.0,2938.0,8768.0,0.6388699795779442,0.0,1.0,3.346379518508911,0.5,0.5,0.5731833577156067,0.24207407236099243,0.0,5.0,0.0,0.0,0.36758208435521017,0.0005702554744525547,2936.0,2.0,8763.0,5.0,unsupported_critic_region,plugin,False,,3047.8478168985166,2532.0712913587863,4.5166991944848585,0.9735419017697511,1.7896965458888994,,,,,,,,,,,,,fmow,1,DANN,PCA1,1024.0,0.6519370079040527,0.6519370079040527,0.6103222370147705,0.6077782511711121,splits_fmow_DANN_1_0_b09dc755c62e.npz,b09dc755c62e,,,,,,,,,,all_pca,PCA1,IW residual DIS2 | W=5 | seed=0 (plug-in),False,
iw_residual_dis2,5.0,0.0,11745.0,39088.0,2938.0,9774.0,0.6344452008168822,0.0,1.0,2.6926310062408447,0.5,0.5,0.5988613367080688,0.2355698049068451,6.0,35.0,1.0,22.0,0.3787884806632521,0.0022508696541845715,2931.0,7.0,9752.0,22.0,ok,plugin,False,,3017.3971506188955,2282.187379347511,4.293129111179233,0.9107845719865185,2.0869923939128183,1.0,0.0,0.3787884806632521,0.6212115193367479,0.6212115193367479,False,0.0,14.0,0.9090909361839294,0.0,0.9090909361839294,"[{'epoch': 0, 'best_score': 0.9090909361839294}, {'epoch': 1, 'best_score': 0.9090909361839294}, {'epoch': 2, 'best_score': 0.7727272510528564}, {'epoch': 3, 'best_score': 0.7272727489471436}, {'epoch': 4, 'best_score': 0.7272727489471436}, {'epoch': 5, 'best_score': 0.7727272510528564}, {'epoch': 6, 'best_score': 0.7727272510528564}, {'epoch': 7, 'best_score': 0.7272727489471436}, {'epoch': 8, 'best_score': 0.7272727489471436}, {'epoch': 9, 'best_score': 0.6818181872367859}, {'epoch': 10, 'best_score': 0.6818181872367859}, {'epoch': 11, 'best_score': 0.6818181872367859}, {'epoch': 12, 'best_score': 0.6818181872367859}, {'epoch': 13, 'best_score': 0.6818181872367859}, {'epoch': 14, 'best_score': 0.6818181872367859}, {'epoch': 15, 'best_score': 0.7272727489471436}, {'epoch': 16, 'best_score': 0.7272727489471436}, {'epoch': 17, 'best_score': 0.7272727489471436}, {'epoch': 18, 'best_score': 0.7272727489471436}, {'epoch': 19, 'best_score': 0.7272727489471436}, {'epoch': 20, 'best_score': 0.7272727489471436}, {'epoch': 21, 'best_score': 0.7272727489471436}, {'epoch': 22, 'best_score': 0.7272727489471436}, {'epoch': 23, 'best_score': 0.7272727489471436}, {'epoch': 24, 'best_score': 0.7272727489471436}, {'epoch': 25, 'best_score': 0.7272727489471436}, {'epoch': 26, 'best_score': 0.7272727489471436}, {'epoch': 27, 'best_score': 0.7272727489471436}, {'epoch': 28, 'best_score': 0.7272727489471436}, {'epoch': 29, 'best_score': 0.7272727489471436}, {'epoch': 30, 'best_score': 0.7272727489471436}, {'epoch': 31, 'best_score': 0.7272727489471436}, {'epoch': 32, 'best_score': 0.7272727489471436}, {'epoch': 33, 'best_score': 0.7272727489471436}, {'epoch': 34, 'best_score': 0.7272727489471436}, {'epoch': 35, 'best_score': 0.7272727489471436}, {'epoch': 36, 'best_score': 0.7272727489471436}, {'epoch': 37, 'best_score': 0.7272727489471436}, {'epoch': 38, 'best_score': 0.7272727489471436}, {'epoch': 39, 'best_score': 0.7272727489471436}, {'epoch': 40, 'best_score': 0.7272727489471436}, {'epoch': 41, 'best_score': 0.7272727489471436}, {'epoch': 42, 'best_score': 0.7272727489471436}, {'epoch': 43, 'best_score': 0.7272727489471436}, {'epoch': 44, 'best_score': 0.7272727489471436}, {'epoch': 45, 'best_score': 0.7272727489471436}, {'epoch': 46, 'best_score': 0.7272727489471436}, {'epoch': 47, 'best_score': 0.7272727489471436}, {'epoch': 48, 'best_score': 0.7272727489471436}, {'epoch': 49, 'best_score': 0.7272727489471436}]",fmow,2,DANN,PCA1,1024.0,0.6504895687103271,0.6504895687103271,0.5482756495475769,0.5545324683189392,splits_fmow_DANN_2_0_b09dc755c62e.npz,b09dc755c62e,False,False,0.0,1.0,0.0,,,,0.6212115193367479,all_pca,PCA1,IW residual DIS2 | W=5 | seed=0 (plug-in),True,
iw_residual_dis2,5.0,0.0,11745.0,35070.0,2938.0,8768.0,0.6466984343090538,0.0,1.0,1.9793261289596558,0.5,0.5,0.5579081177711487,0.24451611936092377,,,,,0.3432196763202777,0.0,2938.0,0.0,8768.0,0.0,ok,plugin,False,,2924.515317454263,2691.1907309520716,2.9201564516601413,0.9601382827201677,1.5323749409513554,,0.0,0.3432196763202777,0.6567803236797223,0.6567803236797223,False,,,,,,,fmow,1,CDANN,PCA1,256.0,0.6558535695075989,0.6558535695075989,0.605617344379425,0.6010492444038391,splits_fmow_CDANN_1_0_b09dc755c62e.npz,b09dc755c62e,False,False,,,,,,,0.6567803236797223,all_pca,PCA1,IW residual DIS2 | W=5 | seed=0 (plug-in),True,
iw_residual_dis2,5.0,0.0,11745.0,39088.0,2938.0,9774.0,0.6446562287270252,0.0,1.0,1.367798089981079,0.5,0.5,0.5974698662757874,0.2358701527118683,,,,,0.3504164026305815,0.0003069367710251688,2938.0,0.0,9771.0,3.0,unsupported_residual_source_region,plugin,False,,2967.111883049354,2270.029143305036,4.853276801876838,0.8938305059633348,2.065068268230991,,,,,,,,,,,,,fmow,2,CDANN,PCA1,256.0,0.6548318862915039,0.6548318862915039,0.5420845150947571,0.5445058345794678,splits_fmow_CDANN_2_0_b09dc755c62e.npz,b09dc755c62e,,,,,,,,,,all_pca,PCA1,IW residual DIS2 | W=5 | seed=0 (plug-in),False,
iw_residual_dis2,5.0,0.0,731.0,898.0,184.0,227.0,0.9239130434782609,0.0,1.0,26.513965606689453,0.5,0.5,0.5130829811096191,0.24920149147510529,,,,,0.07490387015182091,0.0,184.0,0.0,227.0,0.0,ok,plugin,False,,182.75362949592585,181.63426140840306,1.3261444286652622,0.9752719152791629,1.1975999425121098,,0.0,0.07490387015182091,0.9250961298481791,0.9250961298481791,False,,,,,,,officehome,1,DANN,PCA1,146.0,0.922024667263031,0.922024667263031,0.7193763852119446,0.7268722057342529,splits_officehome_DANN_1_0_b09dc755c62e.npz,b09dc755c62e,False,False,,,,,,,0.9250961298481791,all_pca,PCA1,IW residual DIS2 | W=5 | seed=0 (plug-in),True,
iw_residual_dis2,5.0,0.0,731.0,893.0,184.0,226.0,0.9021739130434783,0.0,1.0,8.752723693847656,0.5,0.5,0.6040480136871338,0.24497924745082855,,,,,0.1016256545283902,0.0,184.0,0.0,226.0,0.0,ok,plugin,False,,180.12935527128832,172.21353974800874,2.0979909088530913,0.959588256029108,1.4153718799386863,,0.0,0.1016256545283902,0.8983743454716098,0.8983743454716098,False,,,,,,,officehome,2,DANN,PCA1,146.0,0.915184736251831,0.915184736251831,0.44904816150665283,0.45132744312286377,splits_officehome_DANN_2_0_b09dc755c62e.npz,b09dc755c62e,False,False,,,,,,,0.8983743454716098,all_pca,PCA1,IW residual DIS2 | W=5 | seed=0 (plug-in),True,
iw_residual_dis2,5.0,0.0,731.0,507.0,184.0,128.0,0.9130434782608696,0.0,1.0,8.945487976074219,0.5,0.5,0.5967123508453369,0.2359590381383896,,,,,0.09570844021245747,0.0,184.0,0.0,128.0,0.0,ok,plugin,False,,164.22688510104112,149.15402041990544,2.5987587062712394,0.838084621500883,1.7554465516286617,,0.0,0.09570844021245747,0.9042915597875425,0.9042915597875425,False,,,,,,,officehome,3,DANN,PCA1,146.0,0.9056087732315063,0.9056087732315063,0.5364891290664673,0.5625,splits_officehome_DANN_3_0_b09dc755c62e.npz,b09dc755c62e,False,False,,,,,,,0.9042915597875425,all_pca,PCA1,IW residual DIS2 | W=5 | seed=0 (plug-in),True,
iw_residual_dis2,5.0,0.0,731.0,898.0,184.0,227.0,0.9130434782608696,0.0,1.0,10.826591491699219,0.5,0.5,0.5647221803665161,0.24411115050315857,,,,,0.07825918355387394,0.004405286343612335,184.0,0.0,226.0,1.0,unsupported_residual_source_region,plugin,False,,180.11364001879107,164.42456140221785,2.7255694612626833,0.8959202640388624,1.6504143193119893,,,,,,,,,,,,,officehome,1,CDANN,PCA1,146.0,0.9138167500495911,0.9138167500495911,0.730512261390686,0.7488986253738403,splits_officehome_CDANN_1_0_b09dc755c62e.npz,b09dc755c62e,,,,,,,,,,all_pca,PCA1,IW residual DIS2 | W=5 | seed=0 (plug-in),False,
iw_residual_dis2,5.0,0.0,731.0,893.0,184.0,226.0,0.8913043478260869,0.0,1.0,2.7367031574249268,0.5,0.5,0.7655841112136841,0.1605290174484253,6.0,85.0,5.0,42.0,0.08939605801137265,0.3008849557522124,177.0,7.0,158.0,68.0,ok,plugin,False,,119.22863918606396,86.91265543555821,4.291574884928477,0.40558192011438576,1.939152091006587,0.9852941176470589,0.0815423514538559,0.17093840946522854,0.8290615905347715,0.8290615905347715,False,1.0,0.0,0.6000000238418579,0.4000000059604645,1.0,"[{'epoch': 0, 'best_score': 0.5761904716491699}, {'epoch': 1, 'best_score': 0.6000000238418579}, {'epoch': 2, 'best_score': 0.6000000238418579}, {'epoch': 3, 'best_score': 0.3999999761581421}, {'epoch': 4, 'best_score': 0.3999999761581421}, {'epoch': 5, 'best_score': 0.3999999761581421}, {'epoch': 6, 'best_score': 0.3999999761581421}, {'epoch': 7, 'best_score': 0.3999999761581421}, {'epoch': 8, 'best_score': 0.3999999761581421}, {'epoch': 9, 'best_score': 0.3999999761581421}, {'epoch': 10, 'best_score': 0.3999999761581421}, {'epoch': 11, 'best_score': 0.3523809313774109}, {'epoch': 12, 'best_score': 0.3523809313774109}, {'epoch': 13, 'best_score': 0.3523809313774109}, {'epoch': 14, 'best_score': 0.3523809313774109}, {'epoch': 15, 'best_score': 0.3523809313774109}, {'epoch': 16, 'best_score': 0.3523809313774109}, {'epoch': 17, 'best_score': 0.3523809313774109}, {'epoch': 18, 'best_score': 0.3523809313774109}, {'epoch': 19, 'best_score': 0.3523809313774109}, {'epoch': 20, 'best_score': 0.3523809313774109}, {'epoch': 21, 'best_score': 0.3523809313774109}, {'epoch': 22, 'best_score': 0.3523809313774109}, {'epoch': 23, 'best_score': 0.3523809313774109}, {'epoch': 24, 'best_score': 0.3523809313774109}, {'epoch': 25, 'best_score': 0.3523809313774109}, {'epoch': 26, 'best_score': 0.3523809313774109}, {'epoch': 27, 'best_score': 0.3523809313774109}, {'epoch': 28, 'best_score': 0.3523809313774109}, {'epoch': 29, 'best_score': 0.3523809313774109}, {'epoch': 30, 'best_score': 0.3523809313774109}, {'epoch': 31, 'best_score': 0.3523809313774109}, {'epoch': 32, 'best_score': 0.3523809313774109}, {'epoch': 33, 'best_score': 0.3523809313774109}, {'epoch': 34, 'best_score': 0.3523809313774109}, {'epoch': 35, 'best_score': 0.3523809313774109}, {'epoch': 36, 'best_score': 0.3523809313774109}, {'epoch': 37, 'best_score': 0.3523809313774109}, {'epoch': 38, 'best_score': 0.3523809313774109}, {'epoch': 39, 'best_score': 0.3523809313774109}, {'epoch': 40, 'best_score': 0.3523809313774109}, {'epoch': 41, 'best_score': 0.3523809313774109}, {'epoch': 42, 'best_score': 0.3523809313774109}, {'epoch': 43, 'best_score': 0.3523809313774109}, {'epoch': 44, 'best_score': 0.3523809313774109}, {'epoch': 45, 'best_score': 0.3523809313774109}, {'epoch': 46, 'best_score': 0.3523809313774109}, {'epoch': 47, 'best_score': 0.3523809313774109}, {'epoch': 48, 'best_score': 0.3523809313774109}, {'epoch': 49, 'best_score': 0.3523809313774109}]",officehome,2,CDANN,PCA1,146.0,0.9015048146247864,0.9015048146247864,0.4501679837703705,0.45132744312286377,splits_officehome_CDANN_2_0_b09dc755c62e.npz,b09dc755c62e,False,False,0.14285714285714285,0.8571428571428571,0.12815126050420178,,,,0.8290615905347715,all_pca,PCA1,IW residual DIS2 | W=5 | seed=0 (plug-in),True,
iw_residual_dis2,5.0,0.0,731.0,507.0,184.0,128.0,0.9130434782608696,0.0,1.0,3.907647132873535,0.5,0.5,0.7641096115112305,0.17638179659843445,8.0,51.0,1.0,23.0,0.0897713557841586,0.390625,176.0,8.0,78.0,50.0,ok,plugin,False,,147.71407848499592,76.89154998945965,4.68066879950848,0.47193114306470846,3.23126841225146,0.98,0.08984375,0.1796151057841586,0.8203848942158414,0.8203848942158414,False,2.0,15.0,1.0,0.0,1.0,"[{'epoch': 0, 'best_score': 0.0}, {'epoch': 1, 'best_score': 0.0}, {'epoch': 2, 'best_score': 1.0}, {'epoch': 3, 'best_score': 1.0}, {'epoch': 4, 'best_score': 0.95652174949646}, {'epoch': 5, 'best_score': 0.95652174949646}, {'epoch': 6, 'best_score': 0.95652174949646}, {'epoch': 7, 'best_score': 0.8260869383811951}, {'epoch': 8, 'best_score': 0.8260869383811951}, {'epoch': 9, 'best_score': 0.8260869383811951}, {'epoch': 10, 'best_score': 0.8260869383811951}, {'epoch': 11, 'best_score': 0.8260869383811951}, {'epoch': 12, 'best_score': 0.8260869383811951}, {'epoch': 13, 'best_score': 0.8260869383811951}, {'epoch': 14, 'best_score': 0.8260869383811951}, {'epoch': 15, 'best_score': 0.8260869383811951}, {'epoch': 16, 'best_score': 0.8260869383811951}, {'epoch': 17, 'best_score': 0.8260869383811951}, {'epoch': 18, 'best_score': 0.8260869383811951}, {'epoch': 19, 'best_score': 0.8260869383811951}, {'epoch': 20, 'best_score': 0.8260869383811951}, {'epoch': 21, 'best_score': 0.8260869383811951}, {'epoch': 22, 'best_score': 0.8260869383811951}, {'epoch': 23, 'best_score': 0.782608687877655}, {'epoch': 24, 'best_score': 0.8260869383811951}, {'epoch': 25, 'best_score': 0.8260869383811951}, {'epoch': 26, 'best_score': 0.8260869383811951}, {'epoch': 27, 'best_score': 0.8260869383811951}, {'epoch': 28, 'best_score': 0.8260869383811951}, {'epoch': 29, 'best_score': 0.8260869383811951}, {'epoch': 30, 'best_score': 0.8260869383811951}, {'epoch': 31, 'best_score': 0.8260869383811951}, {'epoch': 32, 'best_score': 0.8260869383811951}, {'epoch': 33, 'best_score': 0.8260869383811951}, {'epoch': 34, 'best_score': 0.8260869383811951}, {'epoch': 35, 'best_score': 0.8260869383811951}, {'epoch': 36, 'best_score': 0.8260869383811951}, {'epoch': 37, 'best_score': 0.8260869383811951}, {'epoch': 38, 'best_score': 0.8260869383811951}, {'epoch': 39, 'best_score': 0.8260869383811951}, {'epoch': 40, 'best_score': 0.8260869383811951}, {'epoch': 41, 'best_score': 0.8260869383811951}, {'epoch': 42, 'best_score': 0.8260869383811951}, {'epoch': 43, 'best_score': 0.8260869383811951}, {'epoch': 44, 'best_score': 0.8260869383811951}, {'epoch': 45, 'best_score': 0.8260869383811951}, {'epoch': 46, 'best_score': 0.8260869383811951}, {'epoch': 47, 'best_score': 0.8260869383811951}, {'epoch': 48, 'best_score': 0.8260869383811951}, {'epoch': 49, 'best_score': 0.8260869383811951}]",officehome,3,CDANN,PCA1,146.0,0.9138167500495911,0.9138167500495911,0.5364891290664673,0.5546875,splits_officehome_CDANN_3_0_b09dc755c62e.npz,b09dc755c62e,False,False,0.125,0.875,0.10499999999999998,,,,0.8203848942158414,all_pca,PCA1,IW residual DIS2 | W=5 | seed=0 (plug-in),True,
iw_residual_dis2,5.0,0.0,24387.0,11083.0,6098.0,2773.0,0.9996720236142997,0.0,1.0,1.1578553915023804,0.5,0.5,0.989417314529419,0.008117657154798508,59.0,3289.0,29.0,1652.0,2.5685813993061145e-08,0.991705733862243,6041.0,57.0,23.0,2750.0,ok,plugin,False,,294.47334244279887,185.12213662372233,4.459559908748741,0.00040053255833791225,0.15342146266221193,0.8250909090909091,0.3832887303003271,0.3832887559861411,0.6167112440138589,0.6167112440138589,False,13.0,1.0,0.5153210163116455,0.3103448152542114,0.8256658315658569,"[{'epoch': 0, 'best_score': 0.3943391442298889}, {'epoch': 1, 'best_score': 0.42642146348953247}, {'epoch': 2, 'best_score': 0.43786007165908813}, {'epoch': 3, 'best_score': 0.4759330153465271}, {'epoch': 4, 'best_score': 0.4347708225250244}, {'epoch': 5, 'best_score': 0.41782164573669434}, {'epoch': 6, 'best_score': 0.431138813495636}, {'epoch': 7, 'best_score': 0.44082409143447876}, {'epoch': 8, 'best_score': 0.4547466039657593}, {'epoch': 9, 'best_score': 0.39909827709198}, {'epoch': 10, 'best_score': 0.41665273904800415}, {'epoch': 11, 'best_score': 0.44752442836761475}, {'epoch': 12, 'best_score': 0.48021209239959717}, {'epoch': 13, 'best_score': 0.5153210163116455}, {'epoch': 14, 'best_score': 0.4687734544277191}, {'epoch': 15, 'best_score': 0.47724804282188416}, {'epoch': 16, 'best_score': 0.47242629528045654}, {'epoch': 17, 'best_score': 0.4591091275215149}, {'epoch': 18, 'best_score': 0.4676046073436737}, {'epoch': 19, 'best_score': 0.46699926257133484}, {'epoch': 20, 'best_score': 0.4724471867084503}, {'epoch': 21, 'best_score': 0.48092177510261536}, {'epoch': 22, 'best_score': 0.4797111451625824}, {'epoch': 23, 'best_score': 0.45915091037750244}, {'epoch': 24, 'best_score': 0.4652041792869568}, {'epoch': 25, 'best_score': 0.46641480922698975}, {'epoch': 26, 'best_score': 0.47065210342407227}, {'epoch': 27, 'best_score': 0.4718627333641052}, {'epoch': 28, 'best_score': 0.47125744819641113}, {'epoch': 29, 'best_score': 0.4724680781364441}, {'epoch': 30, 'best_score': 0.43919599056243896}, {'epoch': 31, 'best_score': 0.43980127573013306}, {'epoch': 32, 'best_score': 0.4410119652748108}, {'epoch': 33, 'best_score': 0.4410119652748108}, {'epoch': 34, 'best_score': 0.4416172504425049}, {'epoch': 35, 'best_score': 0.4416172504425049}, {'epoch': 36, 'best_score': 0.4416172504425049}, {'epoch': 37, 'best_score': 0.4416172504425049}, {'epoch': 38, 'best_score': 0.4416172504425049}, {'epoch': 39, 'best_score': 0.4428279399871826}, {'epoch': 40, 'best_score': 0.40895044803619385}, {'epoch': 41, 'best_score': 0.40895044803619385}, {'epoch': 42, 'best_score': 0.40834516286849976}, {'epoch': 43, 'best_score': 0.40834516286849976}, {'epoch': 44, 'best_score': 0.40834516286849976}, {'epoch': 45, 'best_score': 0.40834516286849976}, {'epoch': 46, 'best_score': 0.40834516286849976}, {'epoch': 47, 'best_score': 0.3756784200668335}, {'epoch': 48, 'best_score': 0.3756784200668335}, {'epoch': 49, 'best_score': 0.3756784200668335}]",visda,1,DANN,PCA1,2048.0,0.9995489120483398,0.9995489120483398,0.6463051438331604,0.6473133563995361,splits_visda_DANN_1_0_b09dc755c62e.npz,b09dc755c62e,True,True,0.0,0.43859649122807015,0.38649441786283895,,,,0.6167112440138589,all_pca,PCA1,IW residual DIS2 | W=5 | seed=0 (plug-in),True,
iw_residual_dis2,5.0,0.0,24387.0,14480.0,6098.0,3620.0,0.9998360118071499,0.0,1.0,1.2240148782730103,0.5,0.5,0.9868221282958984,0.009336410090327263,54.0,4259.0,22.0,2123.0,3.000683332699872e-05,0.9803867403314918,6066.0,32.0,71.0,3549.0,ok,plugin,False,,237.02176737597702,134.76172740504538,4.921720489493912,0.0003447213579714566,0.08251784201350852,0.8782755705832629,0.2789450966850829,0.2789751035184099,0.7210248964815902,0.7210248964815902,False,14.0,25.0,0.43523314595222473,0.4545454680919647,0.8897786140441895,"[{'epoch': 0, 'best_score': 0.1999529004096985}, {'epoch': 1, 'best_score': 0.32571834325790405}, {'epoch': 2, 'best_score': 0.34338197112083435}, {'epoch': 3, 'best_score': 0.3612811863422394}, {'epoch': 4, 'best_score': 0.3742345869541168}, {'epoch': 5, 'best_score': 0.34691473841667175}, {'epoch': 6, 'best_score': 0.34455958008766174}, {'epoch': 7, 'best_score': 0.34455958008766174}, {'epoch': 8, 'best_score': 0.3539802134037018}, {'epoch': 9, 'best_score': 0.3629297912120819}, {'epoch': 10, 'best_score': 0.3798869550228119}, {'epoch': 11, 'best_score': 0.39284029603004456}, {'epoch': 12, 'best_score': 0.41686293482780457}, {'epoch': 13, 'best_score': 0.4154498279094696}, {'epoch': 14, 'best_score': 0.43523314595222473}, {'epoch': 15, 'best_score': 0.4340555667877197}, {'epoch': 16, 'best_score': 0.41285914182662964}, {'epoch': 17, 'best_score': 0.39425337314605713}, {'epoch': 18, 'best_score': 0.3695243000984192}, {'epoch': 19, 'best_score': 0.3817710876464844}, {'epoch': 20, 'best_score': 0.3676401376724243}, {'epoch': 21, 'best_score': 0.34573715925216675}, {'epoch': 22, 'best_score': 0.35044747591018677}, {'epoch': 23, 'best_score': 0.35233163833618164}, {'epoch': 24, 'best_score': 0.3556288480758667}, {'epoch': 25, 'best_score': 0.311587393283844}, {'epoch': 26, 'best_score': 0.3130004405975342}, {'epoch': 27, 'best_score': 0.31252944469451904}, {'epoch': 28, 'best_score': 0.3087611794471741}, {'epoch': 29, 'best_score': 0.26848798990249634}, {'epoch': 30, 'best_score': 0.2694300413131714}, {'epoch': 31, 'best_score': 0.2699010372161865}, {'epoch': 32, 'best_score': 0.2699010372161865}, {'epoch': 33, 'best_score': 0.27037209272384644}, {'epoch': 34, 'best_score': 0.2713141441345215}, {'epoch': 35, 'best_score': 0.22727274894714355}, {'epoch': 36, 'best_score': 0.22727274894714355}, {'epoch': 37, 'best_score': 0.22727274894714355}, {'epoch': 38, 'best_score': 0.22727274894714355}, {'epoch': 39, 'best_score': 0.22727274894714355}, {'epoch': 40, 'best_score': 0.22727274894714355}, {'epoch': 41, 'best_score': 0.22727274894714355}, {'epoch': 42, 'best_score': 0.22680169343948364}, {'epoch': 43, 'best_score': 0.22680169343948364}, {'epoch': 44, 'best_score': 0.22680169343948364}, {'epoch': 45, 'best_score': 0.22727274894714355}, {'epoch': 46, 'best_score': 0.22680169343948364}, {'epoch': 47, 'best_score': 0.22680169343948364}, {'epoch': 48, 'best_score': 0.22680169343948364}, {'epoch': 49, 'best_score': 0.22727274894714355}]",visda,2,DANN,PCA1,2048.0,0.9997539520263672,0.9997539520263672,0.6546961069107056,0.6544198393821716,splits_visda_DANN_2_0_b09dc755c62e.npz,b09dc755c62e,False,False,0.0,0.59375,0.2845255705832629,,,,0.7210248964815902,all_pca,PCA1,IW residual DIS2 | W=5 | seed=0 (plug-in),True,
iw_residual_dis2,5.0,0.0,24387.0,11083.0,6098.0,2773.0,0.9993440472285995,0.0,1.0,0.6170312762260437,0.5,0.5,0.9946262836456299,0.003861944656819105,15.0,3299.0,8.0,1646.0,2.4908571043395633e-07,0.994590695997115,6083.0,15.0,15.0,2758.0,ok,plugin,False,,107.8637132661608,85.15742405641095,3.870964875653965,0.00010554023251501781,0.03653503476395964,0.7026831036983321,0.43365789157350637,0.4336581406592168,0.5663418593407832,0.5663418593407832,False,28.0,18.0,0.6828675866127014,0.0,0.6828675866127014,"[{'epoch': 0, 'best_score': 0.21415555477142334}, {'epoch': 1, 'best_score': 0.3213852047920227}, {'epoch': 2, 'best_score': 0.36877280473709106}, {'epoch': 3, 'best_score': 0.4662818908691406}, {'epoch': 4, 'best_score': 0.39732682704925537}, {'epoch': 5, 'best_score': 0.4670413136482239}, {'epoch': 6, 'best_score': 0.44273996353149414}, {'epoch': 7, 'best_score': 0.4699270725250244}, {'epoch': 8, 'best_score': 0.6246962547302246}, {'epoch': 9, 'best_score': 0.5937120318412781}, {'epoch': 10, 'best_score': 0.5669805407524109}, {'epoch': 11, 'best_score': 0.5785236954689026}, {'epoch': 12, 'best_score': 0.5584750771522522}, {'epoch': 13, 'best_score': 0.555437445640564}, {'epoch': 14, 'best_score': 0.5814094543457031}, {'epoch': 15, 'best_score': 0.5729039907455444}, {'epoch': 16, 'best_score': 0.5729039907455444}, {'epoch': 17, 'best_score': 0.5886998772621155}, {'epoch': 18, 'best_score': 0.586269736289978}, {'epoch': 19, 'best_score': 0.6081409454345703}, {'epoch': 20, 'best_score': 0.6385176181793213}, {'epoch': 21, 'best_score': 0.6537059545516968}, {'epoch': 22, 'best_score': 0.6622114181518555}, {'epoch': 23, 'best_score': 0.6688942909240723}, {'epoch': 24, 'best_score': 0.6488456726074219}, {'epoch': 25, 'best_score': 0.6585662364959717}, {'epoch': 26, 'best_score': 0.6646415591239929}, {'epoch': 27, 'best_score': 0.674362063407898}, {'epoch': 28, 'best_score': 0.6828675866127014}, {'epoch': 29, 'best_score': 0.6052551865577698}, {'epoch': 30, 'best_score': 0.5858141183853149}, {'epoch': 31, 'best_score': 0.6028250455856323}, {'epoch': 32, 'best_score': 0.5148845911026001}, {'epoch': 33, 'best_score': 0.5270352363586426}, {'epoch': 34, 'best_score': 0.5489064455032349}, {'epoch': 35, 'best_score': 0.5677399635314941}, {'epoch': 36, 'best_score': 0.5865735411643982}, {'epoch': 37, 'best_score': 0.5987241864204407}, {'epoch': 38, 'best_score': 0.5101761817932129}, {'epoch': 39, 'best_score': 0.5138213634490967}, {'epoch': 40, 'best_score': 0.521111786365509}, {'epoch': 41, 'best_score': 0.5271871089935303}, {'epoch': 42, 'best_score': 0.5308323502540588}, {'epoch': 43, 'best_score': 0.5363001227378845}, {'epoch': 44, 'best_score': 0.5411604046821594}, {'epoch': 45, 'best_score': 0.5423754453659058}, {'epoch': 46, 'best_score': 0.5496658682823181}, {'epoch': 47, 'best_score': 0.55148845911026}, {'epoch': 48, 'best_score': 0.5569562315940857}, {'epoch': 49, 'best_score': 0.5606014728546143}]",visda,1,CDANN,PCA1,256.0,0.9990978837013245,0.9990978837013245,0.6784264445304871,0.6693112254142761,splits_visda_CDANN_1_0_b09dc755c62e.npz,b09dc755c62e,True,True,0.0,0.26666666666666666,0.4360164370316654,,,,0.5663418593407832,all_pca,PCA1,IW residual DIS2 | W=5 | seed=0 (plug-in),True,
iw_residual_dis2,5.0,0.0,24387.0,14480.0,6098.0,3620.0,0.9995080354214496,1.0,1.0,0.4550785720348358,0.5,0.5,0.9962331056594849,0.002304885070770979,9.0,4306.0,3.0,2157.0,8.846891785438443e-10,0.9941988950276243,6088.0,10.0,21.0,3599.0,ok,plugin,False,,45.008296350380036,25.402955207629997,4.954049480072475,1.0038676194523412e-06,0.002688724696938897,0.9380383439844401,0.6343370165745856,0.6343370174592748,0.36566298254072516,0.36566298254072516,False,49.0,19.0,0.9471487998962402,0.0,0.9471487998962402,"[{'epoch': 0, 'best_score': 0.8321743011474609}, {'epoch': 1, 'best_score': 0.8001854419708252}, {'epoch': 2, 'best_score': 0.7923040986061096}, {'epoch': 3, 'best_score': 0.7885952591896057}, {'epoch': 4, 'best_score': 0.8080667853355408}, {'epoch': 5, 'best_score': 0.831247091293335}, {'epoch': 6, 'best_score': 0.8456189036369324}, {'epoch': 7, 'best_score': 0.8929068446159363}, {'epoch': 8, 'best_score': 0.8966156840324402}, {'epoch': 9, 'best_score': 0.8827074766159058}, {'epoch': 10, 'best_score': 0.8590635061264038}, {'epoch': 11, 'best_score': 0.8446916937828064}, {'epoch': 12, 'best_score': 0.8252202272415161}, {'epoch': 13, 'best_score': 0.8326379060745239}, {'epoch': 14, 'best_score': 0.8034306764602661}, {'epoch': 15, 'best_score': 0.8173388838768005}, {'epoch': 16, 'best_score': 0.7997218370437622}, {'epoch': 17, 'best_score': 0.7941585779190063}, {'epoch': 18, 'best_score': 0.7913768887519836}, {'epoch': 19, 'best_score': 0.7890588641166687}, {'epoch': 20, 'best_score': 0.7872044444084167}, {'epoch': 21, 'best_score': 0.7872044444084167}, {'epoch': 22, 'best_score': 0.7932313680648804}, {'epoch': 23, 'best_score': 0.8127028346061707}, {'epoch': 24, 'best_score': 0.8266110420227051}, {'epoch': 25, 'best_score': 0.8358832001686096}, {'epoch': 26, 'best_score': 0.8409828543663025}, {'epoch': 27, 'best_score': 0.8474733233451843}, {'epoch': 28, 'best_score': 0.8604543209075928}, {'epoch': 29, 'best_score': 0.8706536889076233}, {'epoch': 30, 'best_score': 0.8785349726676941}, {'epoch': 31, 'best_score': 0.8827074766159058}, {'epoch': 32, 'best_score': 0.8864163160324097}, {'epoch': 33, 'best_score': 0.8905887603759766}, {'epoch': 34, 'best_score': 0.8929068446159363}, {'epoch': 35, 'best_score': 0.8952248692512512}, {'epoch': 36, 'best_score': 0.8952248692512512}, {'epoch': 37, 'best_score': 0.8993973135948181}, {'epoch': 38, 'best_score': 0.902642548084259}, {'epoch': 39, 'best_score': 0.905424177646637}, {'epoch': 40, 'best_score': 0.9091330766677856}, {'epoch': 41, 'best_score': 0.9170143604278564}, {'epoch': 42, 'best_score': 0.9221140742301941}, {'epoch': 43, 'best_score': 0.9281409382820129}, {'epoch': 44, 'best_score': 0.9309225678443909}, {'epoch': 45, 'best_score': 0.9327769875526428}, {'epoch': 46, 'best_score': 0.9360222816467285}, {'epoch': 47, 'best_score': 0.9392675161361694}, {'epoch': 48, 'best_score': 0.9448307752609253}, {'epoch': 49, 'best_score': 0.9471487998962402}]",visda,2,CDANN,PCA1,256.0,0.9995899200439453,0.9995899200439453,0.7107734680175781,0.7140883803367615,splits_visda_CDANN_2_0_b09dc755c62e.npz,b09dc755c62e,True,True,0.0,0.3,0.6380383439844401,,,,0.36566298254072516,all_pca,PCA1,IW residual DIS2 | W=5 | seed=0 (plug-in),True,
iw_residual_dis2,5.0,0.0,6500.0,33009.0,1625.0,8255.0,0.904,0.0,1.0,1.5615886449813843,0.5,0.5,0.5643240213394165,0.2424464374780655,,,,,0.11711068168478078,0.00012113870381586917,1625.0,0.0,8254.0,1.0,unsupported_residual_source_region,plugin,False,,1705.7508235223681,1427.8462181335158,4.1307898788170565,0.9958325356848801,1.7542375650088087,,,,,,,,,,,,,entity13,1,DANN,PCA4,128.0,0.905846118927002,0.905846118927002,0.7318307161331177,0.7345851063728333,splits_entity13_DANN_1_0_b09dc755c62e.npz,b09dc755c62e,,,,,,,,,,all_pca,PCA4,IW residual DIS2 | W=5 | seed=0 (plug-in),False,
iw_residual_dis2,5.0,0.0,6500.0,260.0,1625.0,65.0,0.9101538461538462,0.0,1.0,10.676085472106934,0.5,0.5,0.521538496017456,0.24813255667686462,,,,,0.08710358156730917,0.0,1625.0,0.0,65.0,0.0,ok,plugin,False,,1512.2927721300007,1578.8488960038744,1.6385401980545669,0.9190608700921304,1.198067120036518,,0.0,0.08710358156730917,0.9128964184326909,0.9128964184326909,False,,,,,,,entity13,2,DANN,PCA4,128.0,0.9129230380058289,0.9129230380058289,0.8615384697914124,0.8461538553237915,splits_entity13_DANN_2_0_b09dc755c62e.npz,b09dc755c62e,False,False,,,,,,,0.9128964184326909,all_pca,PCA4,IW residual DIS2 | W=5 | seed=0 (plug-in),True,
iw_residual_dis2,5.0,0.0,6500.0,260.0,1625.0,65.0,0.9027692307692308,0.0,1.0,4.1452813148498535,0.5,0.5,0.563076913356781,0.2393660843372345,,,,,0.0960222488278815,0.0,1623.0,2.0,65.0,0.0,ok,plugin,False,,1378.6309290581157,1331.964223019103,3.5615629166416394,0.7881705798653166,1.5582434748139478,,0.0,0.0960222488278815,0.9039777511721185,0.9039777511721185,False,,,,,,,entity13,3,DANN,PCA4,128.0,0.907076895236969,0.907076895236969,0.6653845906257629,0.5538461804389954,splits_entity13_DANN_3_0_b09dc755c62e.npz,b09dc755c62e,False,False,,,,,,,0.9039777511721185,all_pca,PCA4,IW residual DIS2 | W=5 | seed=0 (plug-in),True,
iw_residual_dis2,5.0,0.0,6500.0,33009.0,1625.0,8255.0,0.9132307692307693,0.0,1.0,1.1303458213806152,0.5,0.5,0.6026573181152344,0.23435693979263306,1.0,48.0,2.0,17.0,0.08864686043427154,0.0033918837068443366,1622.0,3.0,8227.0,28.0,ok,plugin,False,,1657.9612267114144,1258.6087293482938,4.327645464696549,0.91654568679897,2.064878601100383,0.9285714285714286,0.0008883504946497075,0.08953521092892125,0.9104647890710788,0.9104647890710788,False,0.0,3.0,0.5,0.5,1.0,"[{'epoch': 0, 'best_score': 0.5}, {'epoch': 1, 'best_score': 0.5}, {'epoch': 2, 'best_score': 0.5}, {'epoch': 3, 'best_score': 0.5}, {'epoch': 4, 'best_score': 0.5}, {'epoch': 5, 'best_score': 0.44117647409439087}, {'epoch': 6, 'best_score': 0.5}, {'epoch': 7, 'best_score': 0.44117647409439087}, {'epoch': 8, 'best_score': 0.44117647409439087}, {'epoch': 9, 'best_score': 0.44117647409439087}, {'epoch': 10, 'best_score': 0.44117647409439087}, {'epoch': 11, 'best_score': 0.5}, {'epoch': 12, 'best_score': 0.5}, {'epoch': 13, 'best_score': 0.5}, {'epoch': 14, 'best_score': 0.44117647409439087}, {'epoch': 15, 'best_score': 0.44117647409439087}, {'epoch': 16, 'best_score': 0.44117647409439087}, {'epoch': 17, 'best_score': 0.44117647409439087}, {'epoch': 18, 'best_score': 0.44117647409439087}, {'epoch': 19, 'best_score': 0.44117647409439087}, {'epoch': 20, 'best_score': 0.44117647409439087}, {'epoch': 21, 'best_score': 0.44117647409439087}, {'epoch': 22, 'best_score': 0.44117647409439087}, {'epoch': 23, 'best_score': 0.44117647409439087}, {'epoch': 24, 'best_score': 0.44117647409439087}, {'epoch': 25, 'best_score': 0.44117647409439087}, {'epoch': 26, 'best_score': 0.44117647409439087}, {'epoch': 27, 'best_score': 0.44117647409439087}, {'epoch': 28, 'best_score': 0.44117647409439087}, {'epoch': 29, 'best_score': 0.44117647409439087}, {'epoch': 30, 'best_score': 0.44117647409439087}, {'epoch': 31, 'best_score': 0.44117647409439087}, {'epoch': 32, 'best_score': 0.44117647409439087}, {'epoch': 33, 'best_score': 0.44117647409439087}, {'epoch': 34, 'best_score': 0.44117647409439087}, {'epoch': 35, 'best_score': 0.44117647409439087}, {'epoch': 36, 'best_score': 0.44117647409439087}, {'epoch': 37, 'best_score': 0.44117647409439087}, {'epoch': 38, 'best_score': 0.44117647409439087}, {'epoch': 39, 'best_score': 0.44117647409439087}, {'epoch': 40, 'best_score': 0.44117647409439087}, {'epoch': 41, 'best_score': 0.44117647409439087}, {'epoch': 42, 'best_score': 0.44117647409439087}, {'epoch': 43, 'best_score': 0.44117647409439087}, {'epoch': 44, 'best_score': 0.44117647409439087}, {'epoch': 45, 'best_score': 0.44117647409439087}, {'epoch': 46, 'best_score': 0.44117647409439087}, {'epoch': 47, 'best_score': 0.44117647409439087}, {'epoch': 48, 'best_score': 0.44117647409439087}, {'epoch': 49, 'best_score': 0.44117647409439087}]",entity13,1,CDANN,PCA4,64.0,0.9096922874450684,0.9096922874450684,0.7354357838630676,0.7372501492500305,splits_entity13_CDANN_1_0_b09dc755c62e.npz,b09dc755c62e,False,False,0.0,0.6666666666666666,0.261904761904762,,,,0.9104647890710788,all_pca,PCA4,IW residual DIS2 | W=5 | seed=0 (plug-in),True,
iw_residual_dis2,5.0,0.0,6500.0,260.0,1625.0,65.0,0.9058461538461539,0.0,1.0,54.598148345947266,0.5,0.5,0.44692307710647583,0.25055742263793945,,,,,0.0935307655488139,0.0,1625.0,0.0,65.0,0.0,ok,plugin,False,,1603.3329562509134,1623.2413656073352,1.1207306672163084,0.9886244361284471,1.034930379411392,,0.0,0.0935307655488139,0.9064692344511861,0.9064692344511861,False,,,,,,,entity13,2,CDANN,PCA4,64.0,0.9081538319587708,0.9081538319587708,0.8423076868057251,0.8769230842590332,splits_entity13_CDANN_2_0_b09dc755c62e.npz,b09dc755c62e,False,False,,,,,,,0.9064692344511861,all_pca,PCA4,IW residual DIS2 | W=5 | seed=0 (plug-in),True,
iw_residual_dis2,5.0,0.0,6500.0,260.0,1625.0,65.0,0.9015384615384615,0.0,1.0,7.592172622680664,0.5,0.5,0.550000011920929,0.2468400001525879,,,,,0.09533018896705377,0.0,1625.0,0.0,65.0,0.0,ok,plugin,False,,1520.5453655788642,1561.8086042291102,2.039909281292115,0.929852334800539,1.2501128534531096,,0.0,0.09533018896705377,0.9046698110329462,0.9046698110329462,False,,,,,,,entity13,3,CDANN,PCA4,64.0,0.9061538577079773,0.9061538577079773,0.6653845906257629,0.5692307949066162,splits_entity13_CDANN_3_0_b09dc755c62e.npz,b09dc755c62e,False,False,,,,,,,0.9046698110329462,all_pca,PCA4,IW residual DIS2 | W=5 | seed=0 (plug-in),True,
iw_residual_dis2,5.0,0.0,6000.0,30828.0,1500.0,7709.0,0.8426666666666667,0.0,1.0,2.5768418312072754,0.5,0.5,0.5472680330276489,0.24780237674713135,,,,,0.16417517819122532,0.0,1500.0,0.0,7709.0,0.0,ok,plugin,False,,1508.5219990236537,1451.6578467278762,2.007336026547488,1.0042091677321585,1.3041059041970908,,0.0,0.16417517819122532,0.8358248218087747,0.8358248218087747,False,,,,,,,entity30,1,DANN,PCA4,128.0,0.8550000190734863,0.8550000190734863,0.6190800070762634,0.6236866116523743,splits_entity30_DANN_1_0_b09dc755c62e.npz,b09dc755c62e,False,False,,,,,,,0.8358248218087747,all_pca,PCA4,IW residual DIS2 | W=5 | seed=0 (plug-in),True,
iw_residual_dis2,5.0,0.0,6000.0,240.0,1500.0,60.0,0.8606666666666667,0.0,1.0,5.792827129364014,0.5,0.5,0.5858333110809326,0.24407319724559784,,,,,0.13107938890176252,0.0,1500.0,0.0,60.0,0.0,ok,plugin,False,,1351.7156727413708,1363.2111730885365,4.618048460285904,0.8774860176604904,1.3808250041142784,,0.0,0.13107938890176252,0.8689206110982375,0.8689206110982375,False,,,,,,,entity30,2,DANN,PCA4,128.0,0.8646666407585144,0.8646666407585144,0.7875000238418579,0.7500000596046448,splits_entity30_DANN_2_0_b09dc755c62e.npz,b09dc755c62e,False,False,,,,,,,0.8689206110982375,all_pca,PCA4,IW residual DIS2 | W=5 | seed=0 (plug-in),True,
iw_residual_dis2,5.0,0.0,6000.0,240.0,1500.0,60.0,0.8553333333333333,0.0,1.0,54.598148345947266,0.5,0.5,0.5049999952316284,0.2502002716064453,,,,,0.14263901143673782,0.0,1500.0,0.0,60.0,0.0,ok,plugin,False,,1470.794802029276,1498.3602791884798,1.103190418739773,0.9824689905200075,1.0287225123794683,,0.0,0.14263901143673782,0.8573609885632621,0.8573609885632621,False,,,,,,,entity30,3,DANN,PCA4,128.0,0.8636666536331177,0.8636666536331177,0.5708333849906921,0.6666666865348816,splits_entity30_DANN_3_0_b09dc755c62e.npz,b09dc755c62e,False,False,,,,,,,0.8573609885632621,all_pca,PCA4,IW residual DIS2 | W=5 | seed=0 (plug-in),True,
iw_residual_dis2,5.0,0.0,6000.0,30828.0,1500.0,7709.0,0.856,0.0,1.0,1.5256072282791138,0.5,0.5,0.5576812028884888,0.24482552707195282,,,,,0.1541589671209431,0.0,1500.0,0.0,7709.0,0.0,ok,plugin,False,,1516.6147137331288,1374.6676364788432,3.246765558213174,0.9787382937862099,1.5108970710358849,,0.0,0.1541589671209431,0.8458410328790569,0.8458410328790569,False,,,,,,,entity30,1,CDANN,PCA4,64.0,0.8611666560173035,0.8611666560173035,0.627903163433075,0.6345829367637634,splits_entity30_CDANN_1_0_b09dc755c62e.npz,b09dc755c62e,False,False,,,,,,,0.8458410328790569,all_pca,PCA4,IW residual DIS2 | W=5 | seed=0 (plug-in),True,
iw_residual_dis2,5.0,0.0,6000.0,240.0,1500.0,60.0,0.862,0.0,1.0,4.228675842285156,0.5,0.5,0.5316666960716248,0.2422451376914978,,,,,0.1297600192827793,0.0,1500.0,0.0,60.0,0.0,ok,plugin,False,,1338.1900406456803,1341.3841774181833,2.3046352563493,0.8554235736557319,1.4492529479685756,,0.0,0.1297600192827793,0.8702399807172208,0.8702399807172208,False,,,,,,,entity30,2,CDANN,PCA4,64.0,0.8646666407585144,0.8646666407585144,0.8125000596046448,0.7500000596046448,splits_entity30_CDANN_2_0_b09dc755c62e.npz,b09dc755c62e,False,False,,,,,,,0.8702399807172208,all_pca,PCA4,IW residual DIS2 | W=5 | seed=0 (plug-in),True,
iw_residual_dis2,5.0,0.0,6000.0,240.0,1500.0,60.0,0.8453333333333333,0.0,1.0,54.598148345947266,0.5,0.5,0.46166667342185974,0.25005197525024414,,,,,0.15311494243053772,0.0,1500.0,0.0,60.0,0.0,ok,plugin,False,,1485.6390904260122,1499.222355763839,1.0799382429055908,0.9902200306146148,1.0272781062536867,,0.0,0.15311494243053772,0.8468850575694623,0.8468850575694623,False,,,,,,,entity30,3,CDANN,PCA4,64.0,0.8573333024978638,0.8573333024978638,0.5625,0.6166666746139526,splits_entity30_CDANN_3_0_b09dc755c62e.npz,b09dc755c62e,False,False,,,,,,,0.8468850575694623,all_pca,PCA4,IW residual DIS2 | W=5 | seed=0 (plug-in),True,
iw_residual_dis2,5.0,0.0,10000.0,2000.0,2500.0,500.0,0.9452,0.0,1.0,3.6919703483581543,0.5,0.5,0.5399999618530273,0.24556273221969604,,,,,0.058232686112192185,0.0,2500.0,0.0,500.0,0.0,ok,plugin,False,,2381.2888043004123,2336.3285297612297,2.921682704599544,0.9185351770523038,1.4294428272425534,,0.0,0.058232686112192185,0.9417673138878078,0.9417673138878078,False,,,,,,,cifar10,1,DANN,PCA4,128.0,0.9508999586105347,0.9508999586105347,0.8440000414848328,0.8360000252723694,splits_cifar10_DANN_1_0_b09dc755c62e.npz,b09dc755c62e,False,False,,,,,,,0.9417673138878078,all_pca,PCA4,IW residual DIS2 | W=5 | seed=0 (plug-in),True,
iw_residual_dis2,5.0,0.0,10000.0,2000.0,2500.0,500.0,0.946,0.0,1.0,2.9727556705474854,0.5,0.5,0.5435000061988831,0.24618808925151825,,,,,0.055006401025001754,0.0,2500.0,0.0,500.0,0.0,ok,plugin,False,,2446.3223230268964,2362.2983836936746,2.1914328302915966,0.9536948800615666,1.4154193366004022,,0.0,0.055006401025001754,0.9449935989749982,0.9449935989749982,False,,,,,,,cifar10,10,DANN,PCA4,128.0,0.9477999806404114,0.9477999806404114,0.924500048160553,0.9120000600814819,splits_cifar10_DANN_10_0_b09dc755c62e.npz,b09dc755c62e,False,False,,,,,,,0.9449935989749982,all_pca,PCA4,IW residual DIS2 | W=5 | seed=0 (plug-in),True,
iw_residual_dis2,5.0,0.0,10000.0,2000.0,2500.0,500.0,0.9452,0.0,1.0,4.785521984100342,0.5,0.5,0.5160000324249268,0.24889662861824036,,,,,0.05620003526822459,0.0,2500.0,0.0,500.0,0.0,ok,plugin,False,,2474.809970807064,2455.6244276906846,1.5913370338476367,0.9787605154311271,1.2211695139425929,,0.0,0.05620003526822459,0.9437999647317754,0.9437999647317754,False,,,,,,,cifar10,71,DANN,PCA4,128.0,0.9487999677658081,0.9487999677658081,0.9305000305175781,0.9180000424385071,splits_cifar10_DANN_71_0_b09dc755c62e.npz,b09dc755c62e,False,False,,,,,,,0.9437999647317754,all_pca,PCA4,IW residual DIS2 | W=5 | seed=0 (plug-in),True,
iw_residual_dis2,5.0,0.0,10000.0,2000.0,2500.0,500.0,0.9528,0.0,1.0,8.586631774902344,0.5,0.5,0.5180000066757202,0.2495347261428833,,,,,0.0470950828405197,0.0,2500.0,0.0,500.0,0.0,ok,plugin,False,,2449.118455590562,2482.5320029434347,1.3919254901362552,0.9768078323830696,1.120066220949813,,0.0,0.0470950828405197,0.9529049171594803,0.9529049171594803,False,,,,,,,cifar10,95,DANN,PCA4,128.0,0.9515999555587769,0.9515999555587769,0.9390000700950623,0.9360000491142273,splits_cifar10_DANN_95_0_b09dc755c62e.npz,b09dc755c62e,False,False,,,,,,,0.9529049171594803,all_pca,PCA4,IW residual DIS2 | W=5 | seed=0 (plug-in),True,
iw_residual_dis2,5.0,0.0,10000.0,2000.0,2500.0,500.0,0.9476,0.0,1.0,5.696135520935059,0.5,0.5,0.5160000324249268,0.24923470616340637,,,,,0.055218524351857125,0.0,2500.0,0.0,500.0,0.0,ok,plugin,False,,2465.3249571635183,2470.168492965498,1.5390561902593105,0.9732701387795217,1.1831484335536222,,0.0,0.055218524351857125,0.9447814756481429,0.9447814756481429,False,,,,,,,cifar10,1,CDANN,PCA4,64.0,0.949999988079071,0.949999988079071,0.846500039100647,0.8440000414848328,splits_cifar10_CDANN_1_0_b09dc755c62e.npz,b09dc755c62e,False,False,,,,,,,0.9447814756481429,all_pca,PCA4,IW residual DIS2 | W=5 | seed=0 (plug-in),True,
iw_residual_dis2,5.0,0.0,10000.0,2000.0,2500.0,500.0,0.9468,0.0,1.0,1.7980390787124634,0.5,0.5,0.5540000200271606,0.24393200874328613,,,,,0.050750749838180675,0.0,2500.0,0.0,500.0,0.0,ok,plugin,False,,2456.2186499831555,2239.7865179413016,3.31244309075178,0.9204399082891725,1.62636959838174,,0.0,0.050750749838180675,0.9492492501618193,0.9492492501618193,False,,,,,,,cifar10,10,CDANN,PCA4,64.0,0.948699951171875,0.948699951171875,0.9160000681877136,0.9120000600814819,splits_cifar10_CDANN_10_0_b09dc755c62e.npz,b09dc755c62e,False,False,,,,,,,0.9492492501618193,all_pca,PCA4,IW residual DIS2 | W=5 | seed=0 (plug-in),True,
iw_residual_dis2,5.0,0.0,10000.0,2000.0,2500.0,500.0,0.9492,0.0,1.0,2.0960352420806885,0.5,0.5,0.5515000224113464,0.24569372832775116,,,,,0.05351723286231097,0.0,2500.0,0.0,500.0,0.0,ok,plugin,False,,2459.9599342856854,2323.7491388589065,2.443613074195388,0.9396745032146674,1.491629684263351,,0.0,0.05351723286231097,0.946482767137689,0.946482767137689,False,,,,,,,cifar10,71,CDANN,PCA4,64.0,0.9511999487876892,0.9511999487876892,0.9280000329017639,0.9040000438690186,splits_cifar10_CDANN_71_0_b09dc755c62e.npz,b09dc755c62e,False,False,,,,,,,0.946482767137689,all_pca,PCA4,IW residual DIS2 | W=5 | seed=0 (plug-in),True,
iw_residual_dis2,5.0,0.0,10000.0,2000.0,2500.0,500.0,0.9516,0.0,1.0,4.247978687286377,0.5,0.5,0.5450000166893005,0.24873554706573486,,,,,0.04895884023435439,0.0,2500.0,0.0,500.0,0.0,ok,plugin,False,,2446.551345379911,2449.0886811833393,1.6675363157788425,0.9660458575513684,1.2279845092129587,,0.0,0.04895884023435439,0.9510411597656456,0.9510411597656456,False,,,,,,,cifar10,95,CDANN,PCA4,64.0,0.9526000022888184,0.9526000022888184,0.9355000257492065,0.9260000586509705,splits_cifar10_CDANN_95_0_b09dc755c62e.npz,b09dc755c62e,False,False,,,,,,,0.9510411597656456,all_pca,PCA4,IW residual DIS2 | W=5 | seed=0 (plug-in),True,
iw_residual_dis2,5.0,0.0,10000.0,2000.0,2500.0,500.0,0.758,0.0,1.0,7.737485885620117,0.5,0.5,0.5250000357627869,0.249436616897583,,,,,0.23946599779652641,0.0,2500.0,0.0,500.0,0.0,ok,plugin,False,,2464.880744734437,2479.435556072986,1.4671656148300385,0.9841317042805009,1.1351282625426082,,0.0,0.23946599779652641,0.7605340022034736,0.7605340022034736,False,,,,,,,cifar100,4,DANN,PCA4,128.0,0.7841999530792236,0.7841999530792236,0.7440000176429749,0.7760000228881836,splits_cifar100_DANN_4_0_b09dc755c62e.npz,b09dc755c62e,False,True,,,,,,,0.7605340022034736,all_pca,PCA4,IW residual DIS2 | W=5 | seed=0 (plug-in),True,
iw_residual_dis2,5.0,0.0,10000.0,2000.0,2500.0,500.0,0.76,0.0,1.0,5.718564510345459,0.5,0.5,0.5400000214576721,0.24903374910354614,,,,,0.23658629698136338,0.0,2500.0,0.0,500.0,0.0,ok,plugin,False,,2452.653553706149,2462.1596883904704,1.4682526345320734,0.9766310350035159,1.1870282985223886,,0.0,0.23658629698136338,0.7634137030186366,0.7634137030186366,False,,,,,,,cifar100,12,DANN,PCA4,128.0,0.7831999659538269,0.7831999659538269,0.7545000314712524,0.7860000133514404,splits_cifar100_DANN_12_0_b09dc755c62e.npz,b09dc755c62e,False,True,,,,,,,0.7634137030186366,all_pca,PCA4,IW residual DIS2 | W=5 | seed=0 (plug-in),True,
iw_residual_dis2,5.0,0.0,10000.0,2000.0,2500.0,500.0,0.7596,0.0,1.0,3.5734775066375732,0.5,0.5,0.5450000166893005,0.2469853311777115,,,,,0.23376314758413677,0.0,2500.0,0.0,500.0,0.0,ok,plugin,False,,2442.1184223553355,2393.1377178477924,2.121901728121936,0.9519196351065389,1.3547519639336059,,0.0,0.23376314758413677,0.7662368524158633,0.7662368524158633,False,,,,,,,cifar100,59,DANN,PCA4,128.0,0.7841999530792236,0.7841999530792236,0.7585000395774841,0.7720000147819519,splits_cifar100_DANN_59_0_b09dc755c62e.npz,b09dc755c62e,False,True,,,,,,,0.7662368524158633,all_pca,PCA4,IW residual DIS2 | W=5 | seed=0 (plug-in),True,
iw_residual_dis2,5.0,0.0,10000.0,2000.0,2500.0,500.0,0.764,0.0,1.0,54.598148345947266,0.5,0.5,0.5119999647140503,0.24999195337295532,,,,,0.23545680889738654,0.0,2500.0,0.0,500.0,0.0,ok,plugin,False,,2493.7867232678345,2499.5553286169966,1.0432959874265253,0.9977921454392591,1.0191033543402206,,0.0,0.23545680889738654,0.7645431911026135,0.7645431911026135,False,,,,,,,cifar100,82,DANN,PCA4,128.0,0.7861999869346619,0.7861999869346619,0.7695000171661377,0.7700000405311584,splits_cifar100_DANN_82_0_b09dc755c62e.npz,b09dc755c62e,True,True,,,,,,,0.7645431911026135,all_pca,PCA4,IW residual DIS2 | W=5 | seed=0 (plug-in),True,
iw_residual_dis2,5.0,0.0,10000.0,2000.0,2500.0,500.0,0.762,0.0,1.0,11.679096221923828,0.5,0.5,0.5055000185966492,0.24981114268302917,,,,,0.23607248192452257,0.0,2500.0,0.0,500.0,0.0,ok,plugin,False,,2481.028858211621,2492.480900602128,1.2467859384985833,0.9921465731511331,1.0802587129619887,,0.0,0.23607248192452257,0.7639275180754774,0.7639275180754774,False,,,,,,,cifar100,4,CDANN,PCA4,64.0,0.7849999666213989,0.7849999666213989,0.7275000214576721,0.7480000257492065,splits_cifar100_CDANN_4_0_b09dc755c62e.npz,b09dc755c62e,False,False,,,,,,,0.7639275180754774,all_pca,PCA4,IW residual DIS2 | W=5 | seed=0 (plug-in),True,
iw_residual_dis2,5.0,0.0,10000.0,2000.0,2500.0,500.0,0.766,0.0,1.0,2.468550682067871,0.5,0.5,0.5440000295639038,0.2464257925748825,,,,,0.22944358557455402,0.0,2500.0,0.0,500.0,0.0,ok,plugin,False,,2462.367266687036,2352.4287439511236,2.1581689953338077,0.9633559342298116,1.4262543233886193,,0.0,0.22944358557455402,0.770556414425446,0.770556414425446,False,,,,,,,cifar100,12,CDANN,PCA4,64.0,0.7858999967575073,0.7858999967575073,0.7480000257492065,0.7680000066757202,splits_cifar100_CDANN_12_0_b09dc755c62e.npz,b09dc755c62e,False,False,,,,,,,0.770556414425446,all_pca,PCA4,IW residual DIS2 | W=5 | seed=0 (plug-in),True,
iw_residual_dis2,5.0,0.0,10000.0,2000.0,2500.0,500.0,0.7664,0.0,1.0,2.484496593475342,0.5,0.5,0.5540000200271606,0.24601751565933228,,,,,0.22542353550778735,0.0,2500.0,0.0,500.0,0.0,ok,plugin,False,,2451.0804947959323,2340.1278753056754,2.5080295810055495,0.9551089895834647,1.4404400928040175,,0.0,0.22542353550778735,0.7745764644922126,0.7745764644922126,False,,,,,,,cifar100,59,CDANN,PCA4,64.0,0.7870000004768372,0.7870000004768372,0.7580000162124634,0.7920000553131104,splits_cifar100_CDANN_59_0_b09dc755c62e.npz,b09dc755c62e,False,True,,,,,,,0.7745764644922126,all_pca,PCA4,IW residual DIS2 | W=5 | seed=0 (plug-in),True,
iw_residual_dis2,5.0,0.0,10000.0,2000.0,2500.0,500.0,0.7652,0.0,1.0,7.81592321395874,0.5,0.5,0.5174999833106995,0.24965578317642212,,,,,0.23152250939256852,0.0,2500.0,0.0,500.0,0.0,ok,plugin,False,,2472.2209421193274,2485.8904482755615,1.2821966651678862,0.9859961983164516,1.1167354681360366,,0.0,0.23152250939256852,0.7684774906074314,0.7684774906074314,False,,,,,,,cifar100,82,CDANN,PCA4,64.0,0.7872999906539917,0.7872999906539917,0.7635000348091125,0.7720000147819519,splits_cifar100_CDANN_82_0_b09dc755c62e.npz,b09dc755c62e,False,True,,,,,,,0.7684774906074314,all_pca,PCA4,IW residual DIS2 | W=5 | seed=0 (plug-in),True,
iw_residual_dis2,5.0,0.0,28152.0,9910.0,7040.0,2478.0,0.803125,0.0,1.0,1.3486944437026978,0.5,0.5,0.7382945418357849,0.17802533507347107,155.0,694.0,84.0,330.0,0.15925601464101624,0.241727199354318,6883.0,157.0,1879.0,599.0,ok,plugin,False,,4967.812389373743,3013.5679282984393,4.996624773789557,0.43279925171645256,2.484878373576347,0.9081803005008348,0.0917397942659737,0.2509958089069899,0.7490041910930101,0.7490041910930101,False,6.0,22.0,0.16515153646469116,0.75,0.9151515364646912,"[{'epoch': 0, 'best_score': 0.02077925205230713}, {'epoch': 1, 'best_score': 0.05930739641189575}, {'epoch': 2, 'best_score': 0.07987016439437866}, {'epoch': 3, 'best_score': 0.10930734872817993}, {'epoch': 4, 'best_score': 0.14177489280700684}, {'epoch': 5, 'best_score': 0.1476190686225891}, {'epoch': 6, 'best_score': 0.16515153646469116}, {'epoch': 7, 'best_score': 0.1499999761581421}, {'epoch': 8, 'best_score': 0.16168832778930664}, {'epoch': 9, 'best_score': 0.1647186279296875}, {'epoch': 10, 'best_score': 0.15865802764892578}, {'epoch': 11, 'best_score': 0.14069265127182007}, {'epoch': 12, 'best_score': 0.14393937587738037}, {'epoch': 13, 'best_score': 0.1409090757369995}, {'epoch': 14, 'best_score': 0.1409090757369995}, {'epoch': 15, 'best_score': 0.14696967601776123}, {'epoch': 16, 'best_score': 0.13506489992141724}, {'epoch': 17, 'best_score': 0.1203463077545166}, {'epoch': 18, 'best_score': 0.1203463077545166}, {'epoch': 19, 'best_score': 0.11147189140319824}, {'epoch': 20, 'best_score': 0.10259741544723511}, {'epoch': 21, 'best_score': 0.09675323963165283}, {'epoch': 22, 'best_score': 0.09675323963165283}, {'epoch': 23, 'best_score': 0.09090912342071533}, {'epoch': 24, 'best_score': 0.09090912342071533}, {'epoch': 25, 'best_score': 0.09393942356109619}, {'epoch': 26, 'best_score': 0.08809524774551392}, {'epoch': 27, 'best_score': 0.08809524774551392}, {'epoch': 28, 'best_score': 0.08506494760513306}, {'epoch': 29, 'best_score': 0.08506494760513306}, {'epoch': 30, 'best_score': 0.08809524774551392}, {'epoch': 31, 'best_score': 0.07619047164916992}, {'epoch': 32, 'best_score': 0.07922077178955078}, {'epoch': 33, 'best_score': 0.07922077178955078}, {'epoch': 34, 'best_score': 0.08225107192993164}, {'epoch': 35, 'best_score': 0.09112554788589478}, {'epoch': 36, 'best_score': 0.09415584802627563}, {'epoch': 37, 'best_score': 0.09415584802627563}, {'epoch': 38, 'best_score': 0.09415584802627563}, {'epoch': 39, 'best_score': 0.09415584802627563}, {'epoch': 40, 'best_score': 0.09112554788589478}, {'epoch': 41, 'best_score': 0.09112554788589478}, {'epoch': 42, 'best_score': 0.09415584802627563}, {'epoch': 43, 'best_score': 0.09415584802627563}, {'epoch': 44, 'best_score': 0.09415584802627563}, {'epoch': 45, 'best_score': 0.09112554788589478}, {'epoch': 46, 'best_score': 0.09112554788589478}, {'epoch': 47, 'best_score': 0.08809524774551392}, {'epoch': 48, 'best_score': 0.08809524774551392}, {'epoch': 49, 'best_score': 0.08809524774551392}]",domainnet,1,DANN,PCA4,512.0,0.8072605729103088,0.8072605729103088,0.465893030166626,0.47497981786727905,splits_domainnet_DANN_1_0_b09dc755c62e.npz,b09dc755c62e,False,False,0.25477707006369427,0.7834394904458599,0.12474081005497484,,,,0.7490041910930101,all_pca,PCA4,IW residual DIS2 | W=5 | seed=0 (plug-in),True,
iw_residual_dis2,5.0,0.0,28152.0,14207.0,7040.0,3553.0,0.8038352272727273,0.0,1.0,1.2961393594741821,0.5,0.5,0.748650312423706,0.17164383828639984,196.0,1205.0,103.0,587.0,0.15224586117247893,0.2724458204334365,6859.0,181.0,2585.0,968.0,ok,plugin,False,,4851.171952175998,2940.991730163555,4.966784285251572,0.40825751444560404,2.414968164166458,0.9028925619834711,0.14965487106841469,0.30190073224089364,0.6980992677591064,0.6980992677591064,False,14.0,11.0,0.25002890825271606,0.6699029207229614,0.9199318289756775,"[{'epoch': 0, 'best_score': 0.03883492946624756}, {'epoch': 1, 'best_score': 0.06574487686157227}, {'epoch': 2, 'best_score': 0.13727861642837524}, {'epoch': 3, 'best_score': 0.19893813133239746}, {'epoch': 4, 'best_score': 0.2178429365158081}, {'epoch': 5, 'best_score': 0.22942060232162476}, {'epoch': 6, 'best_score': 0.24202382564544678}, {'epoch': 7, 'best_score': 0.2323150634765625}, {'epoch': 8, 'best_score': 0.22379714250564575}, {'epoch': 9, 'best_score': 0.23299318552017212}, {'epoch': 10, 'best_score': 0.24440550804138184}, {'epoch': 11, 'best_score': 0.236400306224823}, {'epoch': 12, 'best_score': 0.236400306224823}, {'epoch': 13, 'best_score': 0.23912936449050903}, {'epoch': 14, 'best_score': 0.25002890825271606}, {'epoch': 15, 'best_score': 0.23912936449050903}, {'epoch': 16, 'best_score': 0.2374258041381836}, {'epoch': 17, 'best_score': 0.23912936449050903}, {'epoch': 18, 'best_score': 0.24083292484283447}, {'epoch': 19, 'best_score': 0.2425364851951599}, {'epoch': 20, 'best_score': 0.23793846368789673}, {'epoch': 21, 'best_score': 0.2374258041381836}, {'epoch': 22, 'best_score': 0.23453134298324585}, {'epoch': 23, 'best_score': 0.23504406213760376}, {'epoch': 24, 'best_score': 0.23504406213760376}, {'epoch': 25, 'best_score': 0.23674768209457397}, {'epoch': 26, 'best_score': 0.23845124244689941}, {'epoch': 27, 'best_score': 0.24015480279922485}, {'epoch': 28, 'best_score': 0.23385322093963623}, {'epoch': 29, 'best_score': 0.23555678129196167}, {'epoch': 30, 'best_score': 0.22925525903701782}, {'epoch': 31, 'best_score': 0.23095881938934326}, {'epoch': 32, 'best_score': 0.23095881938934326}, {'epoch': 33, 'best_score': 0.21954649686813354}, {'epoch': 34, 'best_score': 0.22125005722045898}, {'epoch': 35, 'best_score': 0.22005921602249146}, {'epoch': 36, 'best_score': 0.21835559606552124}, {'epoch': 37, 'best_score': 0.21494847536087036}, {'epoch': 38, 'best_score': 0.20864689350128174}, {'epoch': 39, 'best_score': 0.20234531164169312}, {'epoch': 40, 'best_score': 0.20064175128936768}, {'epoch': 41, 'best_score': 0.20064175128936768}, {'epoch': 42, 'best_score': 0.20064175128936768}, {'epoch': 43, 'best_score': 0.20064175128936768}, {'epoch': 44, 'best_score': 0.20064175128936768}, {'epoch': 45, 'best_score': 0.20064175128936768}, {'epoch': 46, 'best_score': 0.19893813133239746}, {'epoch': 47, 'best_score': 0.19723457098007202}, {'epoch': 48, 'best_score': 0.19723457098007202}, {'epoch': 49, 'best_score': 0.18752586841583252}]",domainnet,2,DANN,PCA4,512.0,0.8101378083229065,0.8101378083229065,0.38572534918785095,0.38727834820747375,splits_domainnet_DANN_2_0_b09dc755c62e.npz,b09dc755c62e,False,False,0.32044198895027626,0.6740331491712708,0.22885941281220035,,,,0.6980992677591064,all_pca,PCA4,IW residual DIS2 | W=5 | seed=0 (plug-in),True,
iw_residual_dis2,5.0,0.0,28152.0,15295.0,7040.0,3825.0,0.8072443181818182,0.0,1.0,1.1988575458526611,0.5,0.5,0.7510465979576111,0.17059572041034698,254.0,1249.0,124.0,641.0,0.1674755941046614,0.27398692810457514,6846.0,194.0,2777.0,1048.0,ok,plugin,False,,4992.819392479544,2889.0912273703248,4.983265543401262,0.40700600136372667,2.6370924668971947,0.9064885496183206,0.1170217640320733,0.2844973581367347,0.7155026418632653,0.7155026418632653,False,10.0,6.0,0.2620024085044861,0.6693548560142517,0.9313572645187378,"[{'epoch': 0, 'best_score': 0.03252226114273071}, {'epoch': 1, 'best_score': 0.07752501964569092}, {'epoch': 2, 'best_score': 0.10198277235031128}, {'epoch': 3, 'best_score': 0.1797720193862915}, {'epoch': 4, 'best_score': 0.21229428052902222}, {'epoch': 5, 'best_score': 0.24013638496398926}, {'epoch': 6, 'best_score': 0.25055354833602905}, {'epoch': 7, 'best_score': 0.242753267288208}, {'epoch': 8, 'best_score': 0.25055354833602905}, {'epoch': 9, 'best_score': 0.25393790006637573}, {'epoch': 10, 'best_score': 0.2620024085044861}, {'epoch': 11, 'best_score': 0.25237780809402466}, {'epoch': 12, 'best_score': 0.25732219219207764}, {'epoch': 13, 'best_score': 0.2445775270462036}, {'epoch': 14, 'best_score': 0.23624879121780396}, {'epoch': 15, 'best_score': 0.23598462343215942}, {'epoch': 16, 'best_score': 0.2391047477722168}, {'epoch': 17, 'best_score': 0.2461375594139099}, {'epoch': 18, 'best_score': 0.247697651386261}, {'epoch': 19, 'best_score': 0.23104023933410645}, {'epoch': 20, 'best_score': 0.22765588760375977}, {'epoch': 21, 'best_score': 0.23260027170181274}, {'epoch': 22, 'best_score': 0.22427153587341309}, {'epoch': 23, 'best_score': 0.2208871841430664}, {'epoch': 24, 'best_score': 0.22244727611541748}, {'epoch': 25, 'best_score': 0.21438276767730713}, {'epoch': 26, 'best_score': 0.20943838357925415}, {'epoch': 27, 'best_score': 0.20631825923919678}, {'epoch': 28, 'best_score': 0.21255850791931152}, {'epoch': 29, 'best_score': 0.19798952341079712}, {'epoch': 30, 'best_score': 0.1961652636528015}, {'epoch': 31, 'best_score': 0.19330936670303345}, {'epoch': 32, 'best_score': 0.19460523128509521}, {'epoch': 33, 'best_score': 0.1961652636528015}, {'epoch': 34, 'best_score': 0.18992501497268677}, {'epoch': 35, 'best_score': 0.19304513931274414}, {'epoch': 36, 'best_score': 0.19460523128509521}, {'epoch': 37, 'best_score': 0.1961652636528015}, {'epoch': 38, 'best_score': 0.1881006956100464}, {'epoch': 39, 'best_score': 0.1881006956100464}, {'epoch': 40, 'best_score': 0.18471640348434448}, {'epoch': 41, 'best_score': 0.18289214372634888}, {'epoch': 42, 'best_score': 0.18289214372634888}, {'epoch': 43, 'best_score': 0.19122081995010376}, {'epoch': 44, 'best_score': 0.19278091192245483}, {'epoch': 45, 'best_score': 0.19278091192245483}, {'epoch': 46, 'best_score': 0.19278091192245483}, {'epoch': 47, 'best_score': 0.19278091192245483}, {'epoch': 48, 'best_score': 0.18627643585205078}, {'epoch': 49, 'best_score': 0.1881006956100464}]",domainnet,3,DANN,PCA4,512.0,0.8096050024032593,0.8096050024032593,0.4719189405441284,0.46562090516090393,splits_domainnet_DANN_3_0_b09dc755c62e.npz,b09dc755c62e,False,False,0.23195876288659795,0.711340206185567,0.19514834343275356,,,,0.7155026418632653,all_pca,PCA4,IW residual DIS2 | W=5 | seed=0 (plug-in),True,
iw_residual_dis2,5.0,0.0,28152.0,9910.0,7040.0,2478.0,0.8025568181818181,0.0,1.0,1.090373158454895,0.5,0.5,0.6300032138824463,0.2299327850341797,10.0,13.0,2.0,3.0,0.205301186106572,0.0036319612590799033,7028.0,12.0,2469.0,9.0,ok,plugin,False,,6897.475630007516,5197.400813548399,4.836681569688636,0.8491659856824763,2.0709967705539185,1.0,0.0,0.205301186106572,0.794698813893428,0.794698813893428,False,0.0,0.0,0.0,1.0,1.0,"[{'epoch': 0, 'best_score': 0.0}, {'epoch': 1, 'best_score': 0.0}, {'epoch': 2, 'best_score': 0.0}, {'epoch': 3, 'best_score': 0.0}, {'epoch': 4, 'best_score': 0.0}, {'epoch': 5, 'best_score': 0.0}, {'epoch': 6, 'best_score': 0.0}, {'epoch': 7, 'best_score': 0.0}, {'epoch': 8, 'best_score': 0.0}, {'epoch': 9, 'best_score': 0.0}, {'epoch': 10, 'best_score': 0.0}, {'epoch': 11, 'best_score': 0.0}, {'epoch': 12, 'best_score': 0.0}, {'epoch': 13, 'best_score': 0.0}, {'epoch': 14, 'best_score': 0.0}, {'epoch': 15, 'best_score': 0.0}, {'epoch': 16, 'best_score': 0.0}, {'epoch': 17, 'best_score': 0.0}, {'epoch': 18, 'best_score': 0.0}, {'epoch': 19, 'best_score': 0.0}, {'epoch': 20, 'best_score': 0.0}, {'epoch': 21, 'best_score': 0.0}, {'epoch': 22, 'best_score': 0.0}, {'epoch': 23, 'best_score': 0.0}, {'epoch': 24, 'best_score': 0.0}, {'epoch': 25, 'best_score': 0.0}, {'epoch': 26, 'best_score': 0.0}, {'epoch': 27, 'best_score': 0.0}, {'epoch': 28, 'best_score': 0.0}, {'epoch': 29, 'best_score': 0.0}, {'epoch': 30, 'best_score': 0.0}, {'epoch': 31, 'best_score': 0.0}, {'epoch': 32, 'best_score': 0.0}, {'epoch': 33, 'best_score': 0.0}, {'epoch': 34, 'best_score': 0.0}, {'epoch': 35, 'best_score': 0.0}, {'epoch': 36, 'best_score': 0.0}, {'epoch': 37, 'best_score': 0.0}, {'epoch': 38, 'best_score': 0.0}, {'epoch': 39, 'best_score': 0.0}, {'epoch': 40, 'best_score': 0.0}, {'epoch': 41, 'best_score': 0.0}, {'epoch': 42, 'best_score': 0.0}, {'epoch': 43, 'best_score': 0.0}, {'epoch': 44, 'best_score': 0.0}, {'epoch': 45, 'best_score': 0.0}, {'epoch': 46, 'best_score': 0.0}, {'epoch': 47, 'best_score': 0.0}, {'epoch': 48, 'best_score': 0.0}, {'epoch': 49, 'best_score': 0.0}]",domainnet,1,CDANN,PCA4,64.0,0.8055910468101501,0.8055910468101501,0.5121089816093445,0.5205811262130737,splits_domainnet_CDANN_1_0_b09dc755c62e.npz,b09dc755c62e,False,False,0.0,1.0,0.0,,,,0.794698813893428,all_pca,PCA4,IW residual DIS2 | W=5 | seed=0 (plug-in),True,
iw_residual_dis2,5.0,0.0,28152.0,14207.0,7040.0,3553.0,0.8004261363636364,0.0,1.0,1.237045168876648,0.5,0.5,0.6299207806587219,0.2276841700077057,24.0,73.0,15.0,38.0,0.20265485901411415,0.014072614691809739,7020.0,20.0,3503.0,50.0,ok,plugin,False,,6711.898695407822,5094.189497735834,4.8312723284308925,0.820413624690871,2.0340684665022115,0.88,0.007458485786659162,0.21011334480077332,0.7898866551992267,0.7898866551992267,False,20.0,24.0,0.6140351295471191,0.3333333432674408,0.9473684430122375,"[{'epoch': 0, 'best_score': 0.06666666269302368}, {'epoch': 1, 'best_score': 0.2403508424758911}, {'epoch': 2, 'best_score': 0.2666666507720947}, {'epoch': 3, 'best_score': 0.2666666507720947}, {'epoch': 4, 'best_score': 0.2666666507720947}, {'epoch': 5, 'best_score': 0.3333333134651184}, {'epoch': 6, 'best_score': 0.3877192735671997}, {'epoch': 7, 'best_score': 0.3877192735671997}, {'epoch': 8, 'best_score': 0.49473682045936584}, {'epoch': 9, 'best_score': 0.5210525989532471}, {'epoch': 10, 'best_score': 0.5877193212509155}, {'epoch': 11, 'best_score': 0.5877193212509155}, {'epoch': 12, 'best_score': 0.5736842155456543}, {'epoch': 13, 'best_score': 0.5473684072494507}, {'epoch': 14, 'best_score': 0.5473684072494507}, {'epoch': 15, 'best_score': 0.5877193212509155}, {'epoch': 16, 'best_score': 0.5614035129547119}, {'epoch': 17, 'best_score': 0.5614035129547119}, {'epoch': 18, 'best_score': 0.5614035129547119}, {'epoch': 19, 'best_score': 0.5614035129547119}, {'epoch': 20, 'best_score': 0.6140351295471191}, {'epoch': 21, 'best_score': 0.6140351295471191}, {'epoch': 22, 'best_score': 0.6140351295471191}, {'epoch': 23, 'best_score': 0.5877193212509155}, {'epoch': 24, 'best_score': 0.5877193212509155}, {'epoch': 25, 'best_score': 0.5877193212509155}, {'epoch': 26, 'best_score': 0.5877193212509155}, {'epoch': 27, 'best_score': 0.5877193212509155}, {'epoch': 28, 'best_score': 0.5877193212509155}, {'epoch': 29, 'best_score': 0.5877193212509155}, {'epoch': 30, 'best_score': 0.5614035129547119}, {'epoch': 31, 'best_score': 0.5614035129547119}, {'epoch': 32, 'best_score': 0.5614035129547119}, {'epoch': 33, 'best_score': 0.5614035129547119}, {'epoch': 34, 'best_score': 0.5877193212509155}, {'epoch': 35, 'best_score': 0.5877193212509155}, {'epoch': 36, 'best_score': 0.5877193212509155}, {'epoch': 37, 'best_score': 0.5877193212509155}, {'epoch': 38, 'best_score': 0.5877193212509155}, {'epoch': 39, 'best_score': 0.5877193212509155}, {'epoch': 40, 'best_score': 0.5877193212509155}, {'epoch': 41, 'best_score': 0.5877193212509155}, {'epoch': 42, 'best_score': 0.5877193212509155}, {'epoch': 43, 'best_score': 0.5877193212509155}, {'epoch': 44, 'best_score': 0.6140351295471191}, {'epoch': 45, 'best_score': 0.5614035129547119}, {'epoch': 46, 'best_score': 0.5877193212509155}, {'epoch': 47, 'best_score': 0.5877193212509155}, {'epoch': 48, 'best_score': 0.5877193212509155}, {'epoch': 49, 'best_score': 0.5877193212509155}]",domainnet,2,CDANN,PCA4,64.0,0.8071539998054504,0.8071539998054504,0.42063772678375244,0.4218969941139221,splits_domainnet_CDANN_2_0_b09dc755c62e.npz,b09dc755c62e,False,False,0.1,0.45,0.43,,,,0.7898866551992267,all_pca,PCA4,IW residual DIS2 | W=5 | seed=0 (plug-in),True,
iw_residual_dis2,5.0,0.0,28152.0,15295.0,7040.0,3825.0,0.8063920454545455,0.0,1.0,1.0960508584976196,0.5,0.5,0.606970489025116,0.2331191450357437,11.0,16.0,5.0,4.0,0.18852087793539707,0.0044444444444444444,7031.0,9.0,3808.0,17.0,ok,plugin,False,,7043.759482229782,5314.912576808631,4.827640590479331,0.8706431029863335,2.103879008854598,0.9411764705882353,0.00023238925199709528,0.18875326718739416,0.8112467328126058,0.8112467328126058,False,9.0,26.0,0.6000000238418579,0.4000000059604645,1.0,"[{'epoch': 0, 'best_score': 0.0}, {'epoch': 1, 'best_score': 0.0}, {'epoch': 2, 'best_score': 0.0}, {'epoch': 3, 'best_score': 0.3999999761581421}, {'epoch': 4, 'best_score': 0.3999999761581421}, {'epoch': 5, 'best_score': 0.3999999761581421}, {'epoch': 6, 'best_score': 0.3999999761581421}, {'epoch': 7, 'best_score': 0.3999999761581421}, {'epoch': 8, 'best_score': 0.3999999761581421}, {'epoch': 9, 'best_score': 0.6000000238418579}, {'epoch': 10, 'best_score': 0.6000000238418579}, {'epoch': 11, 'best_score': 0.6000000238418579}, {'epoch': 12, 'best_score': 0.6000000238418579}, {'epoch': 13, 'best_score': 0.6000000238418579}, {'epoch': 14, 'best_score': 0.6000000238418579}, {'epoch': 15, 'best_score': 0.6000000238418579}, {'epoch': 16, 'best_score': 0.6000000238418579}, {'epoch': 17, 'best_score': 0.6000000238418579}, {'epoch': 18, 'best_score': 0.6000000238418579}, {'epoch': 19, 'best_score': 0.3999999761581421}, {'epoch': 20, 'best_score': 0.3999999761581421}, {'epoch': 21, 'best_score': 0.3999999761581421}, {'epoch': 22, 'best_score': 0.3999999761581421}, {'epoch': 23, 'best_score': 0.3999999761581421}, {'epoch': 24, 'best_score': 0.3999999761581421}, {'epoch': 25, 'best_score': 0.3999999761581421}, {'epoch': 26, 'best_score': 0.3999999761581421}, {'epoch': 27, 'best_score': 0.3999999761581421}, {'epoch': 28, 'best_score': 0.3999999761581421}, {'epoch': 29, 'best_score': 0.3999999761581421}, {'epoch': 30, 'best_score': 0.3999999761581421}, {'epoch': 31, 'best_score': 0.3999999761581421}, {'epoch': 32, 'best_score': 0.3999999761581421}, {'epoch': 33, 'best_score': 0.3999999761581421}, {'epoch': 34, 'best_score': 0.3999999761581421}, {'epoch': 35, 'best_score': 0.6000000238418579}, {'epoch': 36, 'best_score': 0.6000000238418579}, {'epoch': 37, 'best_score': 0.6000000238418579}, {'epoch': 38, 'best_score': 0.6000000238418579}, {'epoch': 39, 'best_score': 0.6000000238418579}, {'epoch': 40, 'best_score': 0.6000000238418579}, {'epoch': 41, 'best_score': 0.6000000238418579}, {'epoch': 42, 'best_score': 0.6000000238418579}, {'epoch': 43, 'best_score': 0.6000000238418579}, {'epoch': 44, 'best_score': 0.6000000238418579}, {'epoch': 45, 'best_score': 0.6000000238418579}, {'epoch': 46, 'best_score': 0.3999999761581421}, {'epoch': 47, 'best_score': 0.3999999761581421}, {'epoch': 48, 'best_score': 0.3999999761581421}, {'epoch': 49, 'best_score': 0.3999999761581421}]",domainnet,3,CDANN,PCA4,64.0,0.8074381947517395,0.8074381947517395,0.49369075894355774,0.48549020290374756,splits_domainnet_CDANN_3_0_b09dc755c62e.npz,b09dc755c62e,False,False,0.0,0.8888888888888888,0.05228758169934644,,,,0.8112467328126058,all_pca,PCA4,IW residual DIS2 | W=5 | seed=0 (plug-in),True,
iw_residual_dis2,5.0,0.0,1700.0,8804.0,425.0,2203.0,0.8658823529411764,0.0,1.0,2.158428192138672,0.5,0.5,0.5838903784751892,0.2406596541404724,,,,,0.16379626737012526,0.0,425.0,0.0,2203.0,0.0,ok,plugin,False,,472.6693365620953,363.0903245033069,3.9584460282551084,1.0275188878028791,1.95138473703397,,0.0,0.16379626737012526,0.8362037326298748,0.8362037326298748,False,,,,,,,living17,1,DANN,PCA4,128.0,0.8994117379188538,0.8994117379188538,0.6758291721343994,0.6876986026763916,splits_living17_DANN_1_0_b09dc755c62e.npz,b09dc755c62e,False,False,,,,,,,0.8362037326298748,all_pca,PCA4,IW residual DIS2 | W=5 | seed=0 (plug-in),True,
iw_residual_dis2,5.0,0.0,1700.0,68.0,425.0,19.0,0.8823529411764706,0.0,1.0,54.598148345947266,0.5,0.5,0.3852941393852234,0.2508797347545624,,,,,0.11596565026653549,0.0,425.0,0.0,19.0,0.0,ok,plugin,False,,417.92151968077366,424.6932759194436,1.0951643044870107,0.9819979616201432,1.027102216393665,,0.0,0.11596565026653549,0.8840343497334645,0.8840343497334645,False,,,,,,,living17,2,DANN,PCA4,128.0,0.9094117283821106,0.9094117283821106,0.8970588445663452,0.8421052694320679,splits_living17_DANN_2_0_b09dc755c62e.npz,b09dc755c62e,True,False,,,,,,,0.8840343497334645,all_pca,PCA4,IW residual DIS2 | W=5 | seed=0 (plug-in),True,
iw_residual_dis2,5.0,0.0,1700.0,68.0,425.0,19.0,0.8894117647058823,0.0,1.0,54.598148345947266,0.5,0.5,0.4745098352432251,0.25066831707954407,,,,,0.1095708221545787,0.0,425.0,0.0,19.0,0.0,ok,plugin,False,,418.82558686894004,424.6851249619928,1.0640825257220627,0.9855160483822584,1.0291959567150646,,0.0,0.1095708221545787,0.8904291778454213,0.8904291778454213,False,,,,,,,living17,3,DANN,PCA4,128.0,0.9052940607070923,0.9052940607070923,0.5882353186607361,0.6842105388641357,splits_living17_DANN_3_0_b09dc755c62e.npz,b09dc755c62e,False,False,,,,,,,0.8904291778454213,all_pca,PCA4,IW residual DIS2 | W=5 | seed=0 (plug-in),True,
iw_residual_dis2,5.0,0.0,1700.0,8804.0,425.0,2203.0,0.8894117647058823,0.0,1.0,1.3403280973434448,0.5,0.5,0.6166443824768066,0.23017221689224243,4.0,25.0,0.0,10.0,0.15519388823660468,0.006808896958692692,424.0,1.0,2188.0,15.0,unsupported_critic_region,plugin,False,,464.7743179963644,310.5069118954834,3.8698060631607736,0.9508260421468759,2.3806791548856827,,,,,,,,,,,,,living17,1,CDANN,PCA4,64.0,0.9052940607070923,0.9052940607070923,0.6863925457000732,0.6981388926506042,splits_living17_CDANN_1_0_b09dc755c62e.npz,b09dc755c62e,,,,,,,,,,all_pca,PCA4,IW residual DIS2 | W=5 | seed=0 (plug-in),False,
iw_residual_dis2,5.0,0.0,1700.0,68.0,425.0,19.0,0.8917647058823529,0.0,1.0,54.598148345947266,0.5,0.5,0.43039217591285706,0.253039687871933,,,,,0.10597777404892805,0.0,425.0,0.0,19.0,0.0,ok,plugin,False,,418.0335171897859,424.5771697684283,1.1074769515659588,0.9817579430615514,1.0354156637729488,,0.0,0.10597777404892805,0.894022225951072,0.894022225951072,False,,,,,,,living17,2,CDANN,PCA4,64.0,0.9094117283821106,0.9094117283821106,0.8676470518112183,0.8421052694320679,splits_living17_CDANN_2_0_b09dc755c62e.npz,b09dc755c62e,False,False,,,,,,,0.894022225951072,all_pca,PCA4,IW residual DIS2 | W=5 | seed=0 (plug-in),True,
iw_residual_dis2,5.0,0.0,1700.0,68.0,425.0,19.0,0.8823529411764706,0.0,1.0,54.598148345947266,0.5,0.5,0.33529412746429443,0.2514204978942871,,,,,0.11613242223330333,0.0,425.0,0.0,19.0,0.0,ok,plugin,False,,416.98375041362146,424.65256334846146,1.0595196502652318,0.9796298367570482,1.0282822543505696,,0.0,0.11613242223330333,0.8838675777666967,0.8838675777666967,False,,,,,,,living17,3,CDANN,PCA4,64.0,0.9052940607070923,0.9052940607070923,0.5588235259056091,0.6315789222717285,splits_living17_CDANN_3_0_b09dc755c62e.npz,b09dc755c62e,False,False,,,,,,,0.8838675777666967,all_pca,PCA4,IW residual DIS2 | W=5 | seed=0 (plug-in),True,
iw_residual_dis2,5.0,0.0,2600.0,13282.0,650.0,3322.0,0.8046153846153846,0.0,1.0,2.461338520050049,0.5,0.5,0.5863415002822876,0.243660569190979,,,,,0.20687771341617156,0.0,650.0,0.0,3322.0,0.0,ok,plugin,False,,672.8239884616706,588.7636454101497,2.280331469154178,0.9873261067001079,1.6788277028314638,,0.0,0.20687771341617156,0.7931222865838284,0.7931222865838284,False,,,,,,,nonliving26,1,DANN,PCA4,128.0,0.8126922845840454,0.8126922845840454,0.5122722387313843,0.5192654728889465,splits_nonliving26_DANN_1_0_b09dc755c62e.npz,b09dc755c62e,False,False,,,,,,,0.7931222865838284,all_pca,PCA4,IW residual DIS2 | W=5 | seed=0 (plug-in),True,
iw_residual_dis2,5.0,0.0,2600.0,104.0,650.0,28.0,0.8292307692307692,0.0,1.0,54.598148345947266,0.5,0.5,0.428846150636673,0.25090551376342773,,,,,0.16922659567546094,0.0,650.0,0.0,28.0,0.0,ok,plugin,False,,641.5976123369039,649.4613433864297,1.1266106385791048,0.9874703767934574,1.0349003839259652,,0.0,0.16922659567546094,0.830773404324539,0.830773404324539,False,,,,,,,nonliving26,2,DANN,PCA4,128.0,0.8176922798156738,0.8176922798156738,0.75,0.7142857313156128,splits_nonliving26_DANN_2_0_b09dc755c62e.npz,b09dc755c62e,False,False,,,,,,,0.830773404324539,all_pca,PCA4,IW residual DIS2 | W=5 | seed=0 (plug-in),True,
iw_residual_dis2,5.0,0.0,2600.0,104.0,650.0,28.0,0.8246153846153846,0.0,1.0,54.598148345947266,0.5,0.5,0.4980769157409668,0.25112760066986084,,,,,0.17467250280956934,0.0,650.0,0.0,28.0,0.0,ok,plugin,False,,640.2340802581501,649.440533943523,1.0807877149641725,0.9849639636433203,1.0290380984331802,,0.0,0.17467250280956934,0.8253274971904306,0.8253274971904306,False,,,,,,,nonliving26,3,DANN,PCA4,128.0,0.8146153688430786,0.8146153688430786,0.4038461744785309,0.3214285969734192,splits_nonliving26_DANN_3_0_b09dc755c62e.npz,b09dc755c62e,False,False,,,,,,,0.8253274971904306,all_pca,PCA4,IW residual DIS2 | W=5 | seed=0 (plug-in),True,
iw_residual_dis2,5.0,0.0,2600.0,13282.0,650.0,3322.0,0.8169230769230769,0.0,1.0,1.9937877655029297,0.5,0.5,0.5810704231262207,0.24060797691345215,,,,,0.194756814929975,0.0009030704394942806,650.0,0.0,3319.0,3.0,unsupported_residual_source_region,plugin,False,,656.3937372341195,551.2827876711434,4.221464121961999,0.9544998041341968,1.7303666369500081,,,,,,,,,,,,,nonliving26,1,CDANN,PCA4,64.0,0.8176922798156738,0.8176922798156738,0.5332028269767761,0.5352197289466858,splits_nonliving26_CDANN_1_0_b09dc755c62e.npz,b09dc755c62e,,,,,,,,,,all_pca,PCA4,IW residual DIS2 | W=5 | seed=0 (plug-in),False,
iw_residual_dis2,5.0,0.0,2600.0,104.0,650.0,28.0,0.8138461538461539,0.0,1.0,13.71284008026123,0.5,0.5,0.5442307591438293,0.2490226924419403,,,,,0.17954642793226425,0.0,650.0,0.0,28.0,0.0,ok,plugin,False,,620.6583294989721,641.4426568765592,1.3504943193230472,0.952555960646901,1.1289600515601856,,0.0,0.17954642793226425,0.8204535720677357,0.8204535720677357,False,,,,,,,nonliving26,2,CDANN,PCA4,64.0,0.8165384531021118,0.8165384531021118,0.7692307829856873,0.7500000596046448,splits_nonliving26_CDANN_2_0_b09dc755c62e.npz,b09dc755c62e,False,False,,,,,,,0.8204535720677357,all_pca,PCA4,IW residual DIS2 | W=5 | seed=0 (plug-in),True,
iw_residual_dis2,5.0,0.0,2600.0,104.0,650.0,28.0,0.8123076923076923,0.0,1.0,54.598148345947266,0.5,0.5,0.3769230842590332,0.2519162595272064,,,,,0.18469481344118127,0.0,650.0,0.0,28.0,0.0,ok,plugin,False,,640.9915562462425,649.3175419358187,1.0747724229332427,0.9883050246053064,1.0346337340184635,,0.0,0.18469481344118127,0.8153051865588188,0.8153051865588188,False,,,,,,,nonliving26,3,CDANN,PCA4,64.0,0.822692334651947,0.822692334651947,0.4038461744785309,0.3214285969734192,splits_nonliving26_CDANN_3_0_b09dc755c62e.npz,b09dc755c62e,False,False,,,,,,,0.8153051865588188,all_pca,PCA4,IW residual DIS2 | W=5 | seed=0 (plug-in),True,
iw_residual_dis2,5.0,0.0,11745.0,35070.0,2938.0,8768.0,0.6388699795779442,0.0,1.0,2.5893306732177734,0.5,0.5,0.5391305685043335,0.2477099597454071,,,,,0.35644396791339256,0.0,2938.0,0.0,8768.0,0.0,ok,plugin,False,,2949.5290311061754,2835.1510889419837,1.7022543274269033,0.9967139904013804,1.333166204485363,,0.0,0.35644396791339256,0.6435560320866074,0.6435560320866074,False,,,,,,,fmow,1,DANN,PCA4,256.0,0.6519370079040527,0.6519370079040527,0.6103222370147705,0.6077782511711121,splits_fmow_DANN_1_0_b09dc755c62e.npz,b09dc755c62e,False,False,,,,,,,0.6435560320866074,all_pca,PCA4,IW residual DIS2 | W=5 | seed=0 (plug-in),True,
iw_residual_dis2,5.0,0.0,11745.0,39088.0,2938.0,9774.0,0.6344452008168822,0.0,1.0,2.2505924701690674,0.5,0.5,0.559982419013977,0.24604614078998566,,,,,0.37151365973716144,0.0,2938.0,0.0,9774.0,0.0,ok,plugin,False,,2947.096093272253,2763.8667839397963,2.236267656114855,0.9834272847430614,1.4454043485391739,,0.0,0.37151365973716144,0.6284863402628386,0.6284863402628386,False,,,,,,,fmow,2,DANN,PCA4,256.0,0.6504895687103271,0.6504895687103271,0.5482756495475769,0.5545324683189392,splits_fmow_DANN_2_0_b09dc755c62e.npz,b09dc755c62e,False,False,,,,,,,0.6284863402628386,all_pca,PCA4,IW residual DIS2 | W=5 | seed=0 (plug-in),True,
iw_residual_dis2,5.0,0.0,11745.0,35070.0,2938.0,8768.0,0.6466984343090538,0.0,1.0,1.6798226833343506,0.5,0.5,0.5391050577163696,0.24753981828689575,,,,,0.3381643936673361,0.0,2938.0,0.0,8768.0,0.0,ok,plugin,False,,2908.5755482523714,2819.3141158987205,1.9285496563283029,0.9833139087443198,1.3355969792486584,,0.0,0.3381643936673361,0.6618356063326639,0.6618356063326639,False,,,,,,,fmow,1,CDANN,PCA4,64.0,0.6558535695075989,0.6558535695075989,0.605617344379425,0.6010492444038391,splits_fmow_CDANN_1_0_b09dc755c62e.npz,b09dc755c62e,False,False,,,,,,,0.6618356063326639,all_pca,PCA4,IW residual DIS2 | W=5 | seed=0 (plug-in),True,
iw_residual_dis2,5.0,0.0,11745.0,39088.0,2938.0,9774.0,0.6446562287270252,0.0,1.0,1.4382987022399902,0.5,0.5,0.5472197532653809,0.24689695239067078,,,,,0.3548137088932223,0.0,2938.0,0.0,9774.0,0.0,ok,plugin,False,,2933.415652576186,2791.822521738837,2.0317921149665388,0.9812030500643636,1.4133091088274368,,0.0,0.3548137088932223,0.6451862911067777,0.6451862911067777,False,,,,,,,fmow,2,CDANN,PCA4,64.0,0.6548318862915039,0.6548318862915039,0.5420845150947571,0.5445058345794678,splits_fmow_CDANN_2_0_b09dc755c62e.npz,b09dc755c62e,False,False,,,,,,,0.6451862911067777,all_pca,PCA4,IW residual DIS2 | W=5 | seed=0 (plug-in),True,
iw_residual_dis2,5.0,0.0,731.0,898.0,184.0,227.0,0.9239130434782609,0.0,1.0,26.513965606689453,0.5,0.5,0.5130829811096191,0.24920149147510529,,,,,0.07490387015182091,0.0,184.0,0.0,227.0,0.0,ok,plugin,False,,182.75362949592585,181.63426140840306,1.3261444286652622,0.9752719152791629,1.1975999425121098,,0.0,0.07490387015182091,0.9250961298481791,0.9250961298481791,False,,,,,,,officehome,1,DANN,PCA4,146.0,0.922024667263031,0.922024667263031,0.7193763852119446,0.7268722057342529,splits_officehome_DANN_1_0_b09dc755c62e.npz,b09dc755c62e,False,False,,,,,,,0.9250961298481791,all_pca,PCA4,IW residual DIS2 | W=5 | seed=0 (plug-in),True,
iw_residual_dis2,5.0,0.0,731.0,893.0,184.0,226.0,0.9021739130434783,0.0,1.0,8.752723693847656,0.5,0.5,0.6040480136871338,0.24497924745082855,,,,,0.1016256545283902,0.0,184.0,0.0,226.0,0.0,ok,plugin,False,,180.12935527128832,172.21353974800874,2.0979909088530913,0.959588256029108,1.4153718799386863,,0.0,0.1016256545283902,0.8983743454716098,0.8983743454716098,False,,,,,,,officehome,2,DANN,PCA4,146.0,0.915184736251831,0.915184736251831,0.44904816150665283,0.45132744312286377,splits_officehome_DANN_2_0_b09dc755c62e.npz,b09dc755c62e,False,False,,,,,,,0.8983743454716098,all_pca,PCA4,IW residual DIS2 | W=5 | seed=0 (plug-in),True,
iw_residual_dis2,5.0,0.0,731.0,507.0,184.0,128.0,0.9130434782608696,0.0,1.0,8.945487976074219,0.5,0.5,0.5967123508453369,0.2359590381383896,,,,,0.09570844021245747,0.0,184.0,0.0,128.0,0.0,ok,plugin,False,,164.22688510104112,149.15402041990544,2.5987587062712394,0.838084621500883,1.7554465516286617,,0.0,0.09570844021245747,0.9042915597875425,0.9042915597875425,False,,,,,,,officehome,3,DANN,PCA4,146.0,0.9056087732315063,0.9056087732315063,0.5364891290664673,0.5625,splits_officehome_DANN_3_0_b09dc755c62e.npz,b09dc755c62e,False,False,,,,,,,0.9042915597875425,all_pca,PCA4,IW residual DIS2 | W=5 | seed=0 (plug-in),True,
iw_residual_dis2,5.0,0.0,731.0,898.0,184.0,227.0,0.9130434782608696,0.0,1.0,6.3067145347595215,0.5,0.5,0.5241649746894836,0.24703700840473175,,,,,0.07924411755802355,0.0,184.0,0.0,227.0,0.0,ok,plugin,False,,181.23173184654965,168.77023670339966,2.4264127725313864,0.9113444952324711,1.4837927248743454,,0.0,0.07924411755802355,0.9207558824419765,0.9207558824419765,False,,,,,,,officehome,1,CDANN,PCA4,64.0,0.9138167500495911,0.9138167500495911,0.730512261390686,0.7488986253738403,splits_officehome_CDANN_1_0_b09dc755c62e.npz,b09dc755c62e,False,False,,,,,,,0.9207558824419765,all_pca,PCA4,IW residual DIS2 | W=5 | seed=0 (plug-in),True,
iw_residual_dis2,5.0,0.0,731.0,893.0,184.0,226.0,0.8913043478260869,0.0,1.0,1.4432713985443115,0.5,0.5,0.7562720775604248,0.16281718015670776,13.0,90.0,4.0,46.0,0.09151406333617695,0.3053097345132743,175.0,9.0,157.0,69.0,ok,plugin,False,,114.84265944171831,70.5102886333923,4.909887225409437,0.37123144371987754,2.1310784957935054,1.0,0.10176991150442481,0.19328397484060178,0.8067160251593982,0.8067160251593982,False,0.0,1.0,0.47826087474823,0.5,0.97826087474823,"[{'epoch': 0, 'best_score': 0.47826087474823}, {'epoch': 1, 'best_score': 0.25}, {'epoch': 2, 'best_score': 0.25}, {'epoch': 3, 'best_score': 0.25}, {'epoch': 4, 'best_score': 0.25}, {'epoch': 5, 'best_score': 0.25}, {'epoch': 6, 'best_score': 0.25}, {'epoch': 7, 'best_score': 0.25}, {'epoch': 8, 'best_score': 0.25}, {'epoch': 9, 'best_score': 0.25}, {'epoch': 10, 'best_score': 0.22826087474822998}, {'epoch': 11, 'best_score': 0.22826087474822998}, {'epoch': 12, 'best_score': 0.22826087474822998}, {'epoch': 13, 'best_score': 0.22826087474822998}, {'epoch': 14, 'best_score': 0.22826087474822998}, {'epoch': 15, 'best_score': 0.22826087474822998}, {'epoch': 16, 'best_score': 0.22826087474822998}, {'epoch': 17, 'best_score': 0.22826087474822998}, {'epoch': 18, 'best_score': 0.20652174949645996}, {'epoch': 19, 'best_score': 0.20652174949645996}, {'epoch': 20, 'best_score': 0.20652174949645996}, {'epoch': 21, 'best_score': 0.20652174949645996}, {'epoch': 22, 'best_score': 0.20652174949645996}, {'epoch': 23, 'best_score': 0.20652174949645996}, {'epoch': 24, 'best_score': 0.20652174949645996}, {'epoch': 25, 'best_score': 0.20652174949645996}, {'epoch': 26, 'best_score': 0.20652174949645996}, {'epoch': 27, 'best_score': 0.20652174949645996}, {'epoch': 28, 'best_score': 0.20652174949645996}, {'epoch': 29, 'best_score': 0.20652174949645996}, {'epoch': 30, 'best_score': 0.20652174949645996}, {'epoch': 31, 'best_score': 0.20652174949645996}, {'epoch': 32, 'best_score': 0.20652174949645996}, {'epoch': 33, 'best_score': 0.20652174949645996}, {'epoch': 34, 'best_score': 0.20652174949645996}, {'epoch': 35, 'best_score': 0.20652174949645996}, {'epoch': 36, 'best_score': 0.20652174949645996}, {'epoch': 37, 'best_score': 0.20652174949645996}, {'epoch': 38, 'best_score': 0.20652174949645996}, {'epoch': 39, 'best_score': 0.20652174949645996}, {'epoch': 40, 'best_score': 0.20652174949645996}, {'epoch': 41, 'best_score': 0.20652174949645996}, {'epoch': 42, 'best_score': 0.20652174949645996}, {'epoch': 43, 'best_score': 0.20652174949645996}, {'epoch': 44, 'best_score': 0.20652174949645996}, {'epoch': 45, 'best_score': 0.20652174949645996}, {'epoch': 46, 'best_score': 0.20652174949645996}, {'epoch': 47, 'best_score': 0.20652174949645996}, {'epoch': 48, 'best_score': 0.20652174949645996}, {'epoch': 49, 'best_score': 0.20652174949645996}]",officehome,2,CDANN,PCA4,64.0,0.9015048146247864,0.9015048146247864,0.4501679837703705,0.45132744312286377,splits_officehome_CDANN_2_0_b09dc755c62e.npz,b09dc755c62e,False,False,0.2222222222222222,0.8888888888888888,0.11111111111111116,,,,0.8067160251593982,all_pca,PCA4,IW residual DIS2 | W=5 | seed=0 (plug-in),True,
iw_residual_dis2,5.0,0.0,731.0,507.0,184.0,128.0,0.9130434782608696,0.0,1.0,2.3363990783691406,0.5,0.5,0.7372602820396423,0.18301522731781006,12.0,41.0,4.0,17.0,0.08839059078186542,0.3046875,176.0,8.0,89.0,39.0,ok,plugin,False,,135.4736031515518,77.94485733533969,4.880938101394779,0.4419952950320478,2.6735894011081633,0.9487179487179487,0.13671875,0.22510934078186542,0.7748906592181346,0.7748906592181346,False,1.0,10.0,0.5147058963775635,0.25,0.7647058963775635,"[{'epoch': 0, 'best_score': 0.38235294818878174}, {'epoch': 1, 'best_score': 0.5147058963775635}, {'epoch': 2, 'best_score': 0.45588237047195435}, {'epoch': 3, 'best_score': 0.3970588445663452}, {'epoch': 4, 'best_score': 0.5147058963775635}, {'epoch': 5, 'best_score': 0.5147058963775635}, {'epoch': 6, 'best_score': 0.5147058963775635}, {'epoch': 7, 'best_score': 0.45588237047195435}, {'epoch': 8, 'best_score': 0.5147058963775635}, {'epoch': 9, 'best_score': 0.45588237047195435}, {'epoch': 10, 'best_score': 0.45588237047195435}, {'epoch': 11, 'best_score': 0.45588237047195435}, {'epoch': 12, 'best_score': 0.45588237047195435}, {'epoch': 13, 'best_score': 0.5147058963775635}, {'epoch': 14, 'best_score': 0.5147058963775635}, {'epoch': 15, 'best_score': 0.45588237047195435}, {'epoch': 16, 'best_score': 0.45588237047195435}, {'epoch': 17, 'best_score': 0.45588237047195435}, {'epoch': 18, 'best_score': 0.45588237047195435}, {'epoch': 19, 'best_score': 0.3970588445663452}, {'epoch': 20, 'best_score': 0.45588237047195435}, {'epoch': 21, 'best_score': 0.45588237047195435}, {'epoch': 22, 'best_score': 0.45588237047195435}, {'epoch': 23, 'best_score': 0.45588237047195435}, {'epoch': 24, 'best_score': 0.3970588445663452}, {'epoch': 25, 'best_score': 0.3970588445663452}, {'epoch': 26, 'best_score': 0.3970588445663452}, {'epoch': 27, 'best_score': 0.3970588445663452}, {'epoch': 28, 'best_score': 0.3970588445663452}, {'epoch': 29, 'best_score': 0.3970588445663452}, {'epoch': 30, 'best_score': 0.3970588445663452}, {'epoch': 31, 'best_score': 0.3970588445663452}, {'epoch': 32, 'best_score': 0.3970588445663452}, {'epoch': 33, 'best_score': 0.3970588445663452}, {'epoch': 34, 'best_score': 0.3970588445663452}, {'epoch': 35, 'best_score': 0.3970588445663452}, {'epoch': 36, 'best_score': 0.3970588445663452}, {'epoch': 37, 'best_score': 0.3970588445663452}, {'epoch': 38, 'best_score': 0.45588237047195435}, {'epoch': 39, 'best_score': 0.45588237047195435}, {'epoch': 40, 'best_score': 0.45588237047195435}, {'epoch': 41, 'best_score': 0.3970588445663452}, {'epoch': 42, 'best_score': 0.3970588445663452}, {'epoch': 43, 'best_score': 0.3970588445663452}, {'epoch': 44, 'best_score': 0.3970588445663452}, {'epoch': 45, 'best_score': 0.3970588445663452}, {'epoch': 46, 'best_score': 0.45588237047195435}, {'epoch': 47, 'best_score': 0.45588237047195435}, {'epoch': 48, 'best_score': 0.45588237047195435}, {'epoch': 49, 'best_score': 0.45588237047195435}]",officehome,3,CDANN,PCA4,64.0,0.9138167500495911,0.9138167500495911,0.5364891290664673,0.5546875,splits_officehome_CDANN_3_0_b09dc755c62e.npz,b09dc755c62e,False,False,0.0,0.5,0.4487179487179487,,,,0.7748906592181346,all_pca,PCA4,IW residual DIS2 | W=5 | seed=0 (plug-in),True,
iw_residual_dis2,5.0,0.0,24387.0,11083.0,6098.0,2773.0,0.9996720236142997,0.0,1.0,1.0069303512573242,0.5,0.5,0.9467568397521973,0.04128602147102356,173.0,2957.0,99.0,1478.0,0.00030007916459608256,0.8882077172737107,5945.0,153.0,310.0,2463.0,ok,plugin,False,,1222.8802015349288,684.4692421303589,4.935771641726533,0.016396981368867303,1.1478865429014027,0.8359723913926106,0.40000565678849964,0.4003057359530957,0.5996942640469043,0.5996942640469043,False,22.0,29.0,0.543964684009552,0.28282827138900757,0.8267929553985596,"[{'epoch': 0, 'best_score': 0.1391998529434204}, {'epoch': 1, 'best_score': 0.18617165088653564}, {'epoch': 2, 'best_score': 0.2511788606643677}, {'epoch': 3, 'best_score': 0.31285107135772705}, {'epoch': 4, 'best_score': 0.37954646348953247}, {'epoch': 5, 'best_score': 0.3771340250968933}, {'epoch': 6, 'best_score': 0.4086945056915283}, {'epoch': 7, 'best_score': 0.42140623927116394}, {'epoch': 8, 'best_score': 0.4498707950115204}, {'epoch': 9, 'best_score': 0.46263036131858826}, {'epoch': 10, 'best_score': 0.4610379636287689}, {'epoch': 11, 'best_score': 0.4637443721294403}, {'epoch': 12, 'best_score': 0.47592297196388245}, {'epoch': 13, 'best_score': 0.4807069003582001}, {'epoch': 14, 'best_score': 0.49419090151786804}, {'epoch': 15, 'best_score': 0.49491533637046814}, {'epoch': 16, 'best_score': 0.503082275390625}, {'epoch': 17, 'best_score': 0.5267629027366638}, {'epoch': 18, 'best_score': 0.5329000353813171}, {'epoch': 19, 'best_score': 0.5316425561904907}, {'epoch': 20, 'best_score': 0.5357499122619629}, {'epoch': 21, 'best_score': 0.5270499587059021}, {'epoch': 22, 'best_score': 0.543964684009552}, {'epoch': 23, 'best_score': 0.5110031366348267}, {'epoch': 24, 'best_score': 0.5029797554016113}, {'epoch': 25, 'best_score': 0.5110988020896912}, {'epoch': 26, 'best_score': 0.5124998092651367}, {'epoch': 27, 'best_score': 0.5199423432350159}, {'epoch': 28, 'best_score': 0.5212954878807068}, {'epoch': 29, 'best_score': 0.5180082321166992}, {'epoch': 30, 'best_score': 0.5159784555435181}, {'epoch': 31, 'best_score': 0.5274804830551147}, {'epoch': 32, 'best_score': 0.5221155881881714}, {'epoch': 33, 'best_score': 0.516750693321228}, {'epoch': 34, 'best_score': 0.5208102464675903}, {'epoch': 35, 'best_score': 0.516750693321228}, {'epoch': 36, 'best_score': 0.5086795091629028}, {'epoch': 37, 'best_score': 0.510709285736084}, {'epoch': 38, 'best_score': 0.5100326538085938}, {'epoch': 39, 'best_score': 0.5114336609840393}, {'epoch': 40, 'best_score': 0.5121102929115295}, {'epoch': 41, 'best_score': 0.5141400694847107}, {'epoch': 42, 'best_score': 0.5148166418075562}, {'epoch': 43, 'best_score': 0.5161697864532471}, {'epoch': 44, 'best_score': 0.5067453980445862}, {'epoch': 45, 'best_score': 0.5053921937942505}, {'epoch': 46, 'best_score': 0.5034103393554688}, {'epoch': 47, 'best_score': 0.5067932605743408}, {'epoch': 48, 'best_score': 0.5094995498657227}, {'epoch': 49, 'best_score': 0.5094995498657227}]",visda,1,DANN,PCA4,512.0,0.9995489120483398,0.9995489120483398,0.6463051438331604,0.6473133563995361,splits_visda_DANN_1_0_b09dc755c62e.npz,b09dc755c62e,True,True,0.0,0.38562091503267976,0.45035147635993084,,,,0.5996942640469043,all_pca,PCA4,IW residual DIS2 | W=5 | seed=0 (plug-in),True,
iw_residual_dis2,5.0,0.0,24387.0,14480.0,6098.0,3620.0,0.9998360118071499,0.0,1.0,1.1549476385116577,0.5,0.5,0.9210432767868042,0.0572073757648468,136.0,3516.0,90.0,1747.0,0.0006739331148553906,0.8080110497237569,5967.0,131.0,695.0,2925.0,ok,plugin,False,,1323.5700673371161,748.0812278806802,4.976780843771496,0.022134703201209055,1.2601090257010843,0.8888888888888888,0.38515878706085777,0.38583272017571313,0.6141672798242869,0.6141672798242869,False,28.0,7.0,0.5789861679077148,0.31111112236976624,0.8900973200798035,"[{'epoch': 0, 'best_score': 0.1372002363204956}, {'epoch': 1, 'best_score': 0.2288494110107422}, {'epoch': 2, 'best_score': 0.2714748978614807}, {'epoch': 3, 'best_score': 0.3439992070198059}, {'epoch': 4, 'best_score': 0.37948864698410034}, {'epoch': 5, 'best_score': 0.4378044903278351}, {'epoch': 6, 'best_score': 0.4516758918762207}, {'epoch': 7, 'best_score': 0.45271891355514526}, {'epoch': 8, 'best_score': 0.45605164766311646}, {'epoch': 9, 'best_score': 0.4856134057044983}, {'epoch': 10, 'best_score': 0.5214717388153076}, {'epoch': 11, 'best_score': 0.5203269124031067}, {'epoch': 12, 'best_score': 0.5197544693946838}, {'epoch': 13, 'best_score': 0.5377345681190491}, {'epoch': 14, 'best_score': 0.540361225605011}, {'epoch': 15, 'best_score': 0.5190485119819641}, {'epoch': 16, 'best_score': 0.5373656749725342}, {'epoch': 17, 'best_score': 0.5445716381072998}, {'epoch': 18, 'best_score': 0.5534948706626892}, {'epoch': 19, 'best_score': 0.5435285568237305}, {'epoch': 20, 'best_score': 0.5518794059753418}, {'epoch': 21, 'best_score': 0.5562233328819275}, {'epoch': 22, 'best_score': 0.5633275508880615}, {'epoch': 23, 'best_score': 0.5634293556213379}, {'epoch': 24, 'best_score': 0.5700629353523254}, {'epoch': 25, 'best_score': 0.5631940364837646}, {'epoch': 26, 'best_score': 0.5763594508171082}, {'epoch': 27, 'best_score': 0.5726896524429321}, {'epoch': 28, 'best_score': 0.5789861679077148}, {'epoch': 29, 'best_score': 0.5701647400856018}, {'epoch': 30, 'best_score': 0.545754611492157}, {'epoch': 31, 'best_score': 0.5360236763954163}, {'epoch': 32, 'best_score': 0.5317814350128174}, {'epoch': 33, 'best_score': 0.5375055074691772}, {'epoch': 34, 'best_score': 0.5409400463104248}, {'epoch': 35, 'best_score': 0.5315461158752441}, {'epoch': 36, 'best_score': 0.5227246284484863}, {'epoch': 37, 'best_score': 0.5156204104423523}, {'epoch': 38, 'best_score': 0.5196272730827332}, {'epoch': 39, 'best_score': 0.49969470500946045}, {'epoch': 40, 'best_score': 0.49545249342918396}, {'epoch': 41, 'best_score': 0.49545249342918396}, {'epoch': 42, 'best_score': 0.48491382598876953}, {'epoch': 43, 'best_score': 0.48663103580474854}, {'epoch': 44, 'best_score': 0.48663103580474854}, {'epoch': 45, 'best_score': 0.47895440459251404}, {'epoch': 46, 'best_score': 0.46956050395965576}, {'epoch': 47, 'best_score': 0.4613114297389984}, {'epoch': 48, 'best_score': 0.46245625615119934}, {'epoch': 49, 'best_score': 0.4658907353878021}]",visda,2,DANN,PCA4,512.0,0.9997539520263672,0.9997539520263672,0.6546961069107056,0.6544198393821716,splits_visda_DANN_2_0_b09dc755c62e.npz,b09dc755c62e,True,True,0.0,0.4122137404580153,0.47667514843087355,,,,0.6141672798242869,all_pca,PCA4,IW residual DIS2 | W=5 | seed=0 (plug-in),True,
iw_residual_dis2,5.0,0.0,24387.0,11083.0,6098.0,2773.0,0.9993440472285995,0.0,1.0,0.6421828866004944,0.5,0.5,0.9498335123062134,0.037861574441194534,162.0,3032.0,90.0,1500.0,4.630571359496266e-06,0.9210241615578796,5963.0,135.0,219.0,2554.0,ok,plugin,False,,1045.3658592444053,606.5211922086963,4.976365733196177,0.010869859328508907,0.9755023639917563,0.6722787783868441,0.482736974262398,0.4827416048337575,0.5172583951662425,0.5172583951662425,False,46.0,1.0,0.5328888893127441,0.14444445073604584,0.6773333549499512,"[{'epoch': 0, 'best_score': 0.16111111640930176}, {'epoch': 1, 'best_score': 0.1644444465637207}, {'epoch': 2, 'best_score': 0.18066662549972534}, {'epoch': 3, 'best_score': 0.2244444489479065}, {'epoch': 4, 'best_score': 0.2622222304344177}, {'epoch': 5, 'best_score': 0.2946666479110718}, {'epoch': 6, 'best_score': 0.3315555453300476}, {'epoch': 7, 'best_score': 0.36444443464279175}, {'epoch': 8, 'best_score': 0.3762221932411194}, {'epoch': 9, 'best_score': 0.3440000116825104}, {'epoch': 10, 'best_score': 0.34688884019851685}, {'epoch': 11, 'best_score': 0.34755557775497437}, {'epoch': 12, 'best_score': 0.3377777934074402}, {'epoch': 13, 'best_score': 0.3691110908985138}, {'epoch': 14, 'best_score': 0.36800000071525574}, {'epoch': 15, 'best_score': 0.3995555639266968}, {'epoch': 16, 'best_score': 0.4422222077846527}, {'epoch': 17, 'best_score': 0.4575555622577667}, {'epoch': 18, 'best_score': 0.457111120223999}, {'epoch': 19, 'best_score': 0.4633333086967468}, {'epoch': 20, 'best_score': 0.4637777805328369}, {'epoch': 21, 'best_score': 0.45911112427711487}, {'epoch': 22, 'best_score': 0.4691110849380493}, {'epoch': 23, 'best_score': 0.46622222661972046}, {'epoch': 24, 'best_score': 0.48622220754623413}, {'epoch': 25, 'best_score': 0.4986667037010193}, {'epoch': 26, 'best_score': 0.5013332962989807}, {'epoch': 27, 'best_score': 0.48177778720855713}, {'epoch': 28, 'best_score': 0.4748888611793518}, {'epoch': 29, 'best_score': 0.4628888964653015}, {'epoch': 30, 'best_score': 0.46266669034957886}, {'epoch': 31, 'best_score': 0.461555540561676}, {'epoch': 32, 'best_score': 0.4617777466773987}, {'epoch': 33, 'best_score': 0.4695555567741394}, {'epoch': 34, 'best_score': 0.477555513381958}, {'epoch': 35, 'best_score': 0.4842221736907959}, {'epoch': 36, 'best_score': 0.4868888854980469}, {'epoch': 37, 'best_score': 0.49355554580688477}, {'epoch': 38, 'best_score': 0.49755555391311646}, {'epoch': 39, 'best_score': 0.48911112546920776}, {'epoch': 40, 'best_score': 0.4977777600288391}, {'epoch': 41, 'best_score': 0.503777801990509}, {'epoch': 42, 'best_score': 0.507111132144928}, {'epoch': 43, 'best_score': 0.5097777843475342}, {'epoch': 44, 'best_score': 0.5171111226081848}, {'epoch': 45, 'best_score': 0.5322222113609314}, {'epoch': 46, 'best_score': 0.5328888893127441}, {'epoch': 47, 'best_score': 0.5315555334091187}, {'epoch': 48, 'best_score': 0.5239999890327454}, {'epoch': 49, 'best_score': 0.5253333449363708}]",visda,1,CDANN,PCA4,64.0,0.9990978837013245,0.9990978837013245,0.6784264445304871,0.6693112254142761,splits_visda_CDANN_1_0_b09dc755c62e.npz,b09dc755c62e,True,True,0.0,0.14814814814814814,0.524130630238696,,,,0.5172583951662425,all_pca,PCA4,IW residual DIS2 | W=5 | seed=0 (plug-in),True,
iw_residual_dis2,5.0,0.0,24387.0,14480.0,6098.0,3620.0,0.9995080354214496,0.0,1.0,0.5804858803749084,0.5,0.5,0.940099835395813,0.04283657297492027,191.0,3794.0,80.0,1898.0,7.755294396452847e-05,0.8828729281767956,5936.0,162.0,424.0,3196.0,ok,plugin,False,,1077.7510012122884,557.6322425998419,4.952583775091541,0.006430318761396358,1.0603969657622152,0.6357947434292867,0.43052997749130356,0.4306075304352681,0.5693924695647319,0.5693924695647319,False,49.0,23.0,0.5122233629226685,0.10000000149011612,0.6122233867645264,"[{'epoch': 0, 'best_score': 0.10243678092956543}, {'epoch': 1, 'best_score': 0.11153841018676758}, {'epoch': 2, 'best_score': 0.16967862844467163}, {'epoch': 3, 'best_score': 0.16847997903823853}, {'epoch': 4, 'best_score': 0.16675448417663574}, {'epoch': 5, 'best_score': 0.1992228627204895}, {'epoch': 6, 'best_score': 0.22393310070037842}, {'epoch': 7, 'best_score': 0.2560195326805115}, {'epoch': 8, 'best_score': 0.3152133822441101}, {'epoch': 9, 'best_score': 0.33111169934272766}, {'epoch': 10, 'best_score': 0.3735906183719635}, {'epoch': 11, 'best_score': 0.3692307770252228}, {'epoch': 12, 'best_score': 0.37315595149993896}, {'epoch': 13, 'best_score': 0.3770942687988281}, {'epoch': 14, 'best_score': 0.407257616519928}, {'epoch': 15, 'best_score': 0.40375396609306335}, {'epoch': 16, 'best_score': 0.3883298337459564}, {'epoch': 17, 'best_score': 0.38925185799598694}, {'epoch': 18, 'best_score': 0.40567702054977417}, {'epoch': 19, 'best_score': 0.39762911200523376}, {'epoch': 20, 'best_score': 0.42918860912323}, {'epoch': 21, 'best_score': 0.43311378359794617}, {'epoch': 22, 'best_score': 0.43545836210250854}, {'epoch': 23, 'best_score': 0.4530821740627289}, {'epoch': 24, 'best_score': 0.4543730616569519}, {'epoch': 25, 'best_score': 0.4269757866859436}, {'epoch': 26, 'best_score': 0.4341543912887573}, {'epoch': 27, 'best_score': 0.4303213953971863}, {'epoch': 28, 'best_score': 0.43061116337776184}, {'epoch': 29, 'best_score': 0.4299394488334656}, {'epoch': 30, 'best_score': 0.42352473735809326}, {'epoch': 31, 'best_score': 0.42874079942703247}, {'epoch': 32, 'best_score': 0.430703341960907}, {'epoch': 33, 'best_score': 0.4333376884460449}, {'epoch': 34, 'best_score': 0.4432033598423004}, {'epoch': 35, 'best_score': 0.45019757747650146}, {'epoch': 36, 'best_score': 0.4364989399909973}, {'epoch': 37, 'best_score': 0.4353003203868866}, {'epoch': 38, 'best_score': 0.44147786498069763}, {'epoch': 39, 'best_score': 0.44899895787239075}, {'epoch': 40, 'best_score': 0.4524499177932739}, {'epoch': 41, 'best_score': 0.4608798623085022}, {'epoch': 42, 'best_score': 0.4656217098236084}, {'epoch': 43, 'best_score': 0.4703635573387146}, {'epoch': 44, 'best_score': 0.4719441533088684}, {'epoch': 45, 'best_score': 0.4706006348133087}, {'epoch': 46, 'best_score': 0.48444414138793945}, {'epoch': 47, 'best_score': 0.49272921681404114}, {'epoch': 48, 'best_score': 0.5059009194374084}, {'epoch': 49, 'best_score': 0.5122233629226685}]",visda,2,CDANN,PCA4,64.0,0.9995899200439453,0.9995899200439453,0.7107734680175781,0.7140883803367615,splits_visda_CDANN_2_0_b09dc755c62e.npz,b09dc755c62e,True,True,0.0,0.14814814814814814,0.4876465952811385,,,,0.5693924695647319,all_pca,PCA4,IW residual DIS2 | W=5 | seed=0 (plug-in),True,
iw_residual_dis2,5.0,0.0,6500.0,33009.0,1625.0,8255.0,0.904,0.0,1.0,1.8530629873275757,0.5,0.5,0.5364452600479126,0.24901244044303894,,,,,0.10113244800326926,0.0,1625.0,0.0,8255.0,0.0,ok,plugin,False,,1638.1487812856544,1597.2230893914025,1.7532263129870007,1.0056999830837947,1.2370699404854708,,0.0,0.10113244800326926,0.8988675519967307,0.8988675519967307,False,,,,,,,entity13,1,DANN,PCA16,32.0,0.905846118927002,0.905846118927002,0.7318307161331177,0.7345851063728333,splits_entity13_DANN_1_0_b09dc755c62e.npz,b09dc755c62e,False,False,,,,,,,0.8988675519967307,all_pca,PCA16,IW residual DIS2 | W=5 | seed=0 (plug-in),True,
iw_residual_dis2,5.0,0.0,6500.0,260.0,1625.0,65.0,0.9101538461538462,0.0,1.0,13.29384994506836,0.5,0.5,0.5376923084259033,0.24971038103103638,,,,,0.08972846333519681,0.0,1625.0,0.0,65.0,0.0,ok,plugin,False,,1593.5044258160337,1618.102533702859,1.1703790763279103,0.9867194450871848,1.0736861977608667,,0.0,0.08972846333519681,0.9102715366648032,0.9102715366648032,False,,,,,,,entity13,2,DANN,PCA16,32.0,0.9129230380058289,0.9129230380058289,0.8615384697914124,0.8461538553237915,splits_entity13_DANN_2_0_b09dc755c62e.npz,b09dc755c62e,False,False,,,,,,,0.9102715366648032,all_pca,PCA16,IW residual DIS2 | W=5 | seed=0 (plug-in),True,
iw_residual_dis2,5.0,0.0,6500.0,260.0,1625.0,65.0,0.9027692307692308,0.0,1.0,1.9349365234375,0.5,0.5,0.5976923108100891,0.23669494688510895,,,,,0.11263810276471811,0.0,1625.0,0.0,65.0,0.0,ok,plugin,False,,1533.5403260588973,1250.7896160964308,4.59581354998394,0.8480852534856256,1.8614457208871091,,0.0,0.11263810276471811,0.8873618972352819,0.8873618972352819,False,,,,,,,entity13,3,DANN,PCA16,32.0,0.907076895236969,0.907076895236969,0.6653845906257629,0.5538461804389954,splits_entity13_DANN_3_0_b09dc755c62e.npz,b09dc755c62e,False,False,,,,,,,0.8873618972352819,all_pca,PCA16,IW residual DIS2 | W=5 | seed=0 (plug-in),True,
iw_residual_dis2,5.0,0.0,6500.0,33009.0,1625.0,8255.0,0.9132307692307693,0.0,1.0,1.775124192237854,0.5,0.5,0.5358391404151917,0.24932822585105896,,,,,0.08881859178631613,0.0,1625.0,0.0,8255.0,0.0,ok,plugin,False,,1626.3300294548944,1607.3195506848322,1.3848137148106956,1.0046824136032193,1.1589464917022145,,0.0,0.08881859178631613,0.9111814082136839,0.9111814082136839,False,,,,,,,entity13,1,CDANN,PCA16,16.0,0.9096922874450684,0.9096922874450684,0.7354357838630676,0.7372501492500305,splits_entity13_CDANN_1_0_b09dc755c62e.npz,b09dc755c62e,False,False,,,,,,,0.9111814082136839,all_pca,PCA16,IW residual DIS2 | W=5 | seed=0 (plug-in),True,
iw_residual_dis2,5.0,0.0,6500.0,260.0,1625.0,65.0,0.9058461538461539,0.0,1.0,54.598148345947266,0.5,0.5,0.4746153950691223,0.25032246112823486,,,,,0.09430320653794334,0.0,1625.0,0.0,65.0,0.0,ok,plugin,False,,1620.1358707453442,1624.7753736434915,1.0362474670433792,0.9974961811222159,1.0155036818384287,,0.0,0.09430320653794334,0.9056967934620567,0.9056967934620567,False,,,,,,,entity13,2,CDANN,PCA16,16.0,0.9081538319587708,0.9081538319587708,0.8423076868057251,0.8769230842590332,splits_entity13_CDANN_2_0_b09dc755c62e.npz,b09dc755c62e,False,False,,,,,,,0.9056967934620567,all_pca,PCA16,IW residual DIS2 | W=5 | seed=0 (plug-in),True,
iw_residual_dis2,5.0,0.0,6500.0,260.0,1625.0,65.0,0.9015384615384615,0.0,1.0,1.8160862922668457,0.5,0.5,0.5453846454620361,0.2456142157316208,,,,,0.1071709407418081,0.0,1625.0,0.0,65.0,0.0,ok,plugin,False,,1621.5956652398384,1522.9653967424924,2.505809956475802,0.9998386516128769,1.424228557381874,,0.0,0.1071709407418081,0.8928290592581919,0.8928290592581919,False,,,,,,,entity13,3,CDANN,PCA16,16.0,0.9061538577079773,0.9061538577079773,0.6653845906257629,0.5692307949066162,splits_entity13_CDANN_3_0_b09dc755c62e.npz,b09dc755c62e,False,False,,,,,,,0.8928290592581919,all_pca,PCA16,IW residual DIS2 | W=5 | seed=0 (plug-in),True,
iw_residual_dis2,5.0,0.0,6000.0,30828.0,1500.0,7709.0,0.8426666666666667,0.0,1.0,1.6483181715011597,0.5,0.5,0.522881805896759,0.24881476163864136,,,,,0.15967670280755697,0.0,1500.0,0.0,7709.0,0.0,ok,plugin,False,,1494.1038851145356,1471.341762500957,1.477022821970342,0.9971122173467463,1.2201314469094886,,0.0,0.15967670280755697,0.840323297192443,0.840323297192443,False,,,,,,,entity30,1,DANN,PCA16,32.0,0.8550000190734863,0.8550000190734863,0.6190800070762634,0.6236866116523743,splits_entity30_DANN_1_0_b09dc755c62e.npz,b09dc755c62e,False,False,,,,,,,0.840323297192443,all_pca,PCA16,IW residual DIS2 | W=5 | seed=0 (plug-in),True,
iw_residual_dis2,5.0,0.0,6000.0,240.0,1500.0,60.0,0.8606666666666667,0.0,1.0,54.598148345947266,0.5,0.5,0.4350000023841858,0.25021612644195557,,,,,0.1388633475396797,0.0,1500.0,0.0,60.0,0.0,ok,plugin,False,,1493.322574033277,1499.664898500515,1.0417970869844706,0.9964768319371748,1.0178197637360316,,0.0,0.1388633475396797,0.8611366524603203,0.8611366524603203,False,,,,,,,entity30,2,DANN,PCA16,32.0,0.8646666407585144,0.8646666407585144,0.7875000238418579,0.7500000596046448,splits_entity30_DANN_2_0_b09dc755c62e.npz,b09dc755c62e,False,False,,,,,,,0.8611366524603203,all_pca,PCA16,IW residual DIS2 | W=5 | seed=0 (plug-in),True,
iw_residual_dis2,5.0,0.0,6000.0,240.0,1500.0,60.0,0.8553333333333333,0.0,1.0,8.529847145080566,0.5,0.5,0.5049999952316284,0.24892663955688477,,,,,0.14056704089104735,0.0,1500.0,0.0,60.0,0.0,ok,plugin,False,,1441.4791812940057,1476.9486559251682,1.3599798151240188,0.9681696821870893,1.1504120932293667,,0.0,0.14056704089104735,0.8594329591089527,0.8594329591089527,False,,,,,,,entity30,3,DANN,PCA16,32.0,0.8636666536331177,0.8636666536331177,0.5708333849906921,0.6666666865348816,splits_entity30_DANN_3_0_b09dc755c62e.npz,b09dc755c62e,False,False,,,,,,,0.8594329591089527,all_pca,PCA16,IW residual DIS2 | W=5 | seed=0 (plug-in),True,
iw_residual_dis2,5.0,0.0,6000.0,30828.0,1500.0,7709.0,0.856,0.0,1.0,3.7607927322387695,0.5,0.5,0.5080440044403076,0.24991461634635925,,,,,0.14426797433945074,0.0,1500.0,0.0,7709.0,0.0,ok,plugin,False,,1495.3510130376067,1497.3009056272456,1.1396087811019069,0.9997722715208301,1.0579058340516443,,0.0,0.14426797433945074,0.8557320256605493,0.8557320256605493,False,,,,,,,entity30,1,CDANN,PCA16,16.0,0.8611666560173035,0.8611666560173035,0.627903163433075,0.6345829367637634,splits_entity30_CDANN_1_0_b09dc755c62e.npz,b09dc755c62e,False,False,,,,,,,0.8557320256605493,all_pca,PCA16,IW residual DIS2 | W=5 | seed=0 (plug-in),True,
iw_residual_dis2,5.0,0.0,6000.0,240.0,1500.0,60.0,0.862,0.0,1.0,54.598148345947266,0.5,0.5,0.46916669607162476,0.2500125765800476,,,,,0.13759405847249292,0.0,1500.0,0.0,60.0,0.0,ok,plugin,False,,1495.4952103362916,1499.8194912094377,1.0388345172066729,0.9974009113036422,1.0152375879259994,,0.0,0.13759405847249292,0.862405941527507,0.862405941527507,False,,,,,,,entity30,2,CDANN,PCA16,16.0,0.8646666407585144,0.8646666407585144,0.8125000596046448,0.7500000596046448,splits_entity30_CDANN_2_0_b09dc755c62e.npz,b09dc755c62e,False,False,,,,,,,0.862405941527507,all_pca,PCA16,IW residual DIS2 | W=5 | seed=0 (plug-in),True,
iw_residual_dis2,5.0,0.0,6000.0,240.0,1500.0,60.0,0.8453333333333333,0.0,1.0,54.598148345947266,0.5,0.5,0.4625000059604645,0.25004494190216064,,,,,0.15389750406137473,0.0,1500.0,0.0,60.0,0.0,ok,plugin,False,,1496.598841253202,1499.8009947796068,1.0497293027777301,0.9969008787370625,1.016786049866062,,0.0,0.15389750406137473,0.8461024959386253,0.8461024959386253,False,,,,,,,entity30,3,CDANN,PCA16,16.0,0.8573333024978638,0.8573333024978638,0.5625,0.6166666746139526,splits_entity30_CDANN_3_0_b09dc755c62e.npz,b09dc755c62e,False,False,,,,,,,0.8461024959386253,all_pca,PCA16,IW residual DIS2 | W=5 | seed=0 (plug-in),True,
iw_residual_dis2,5.0,0.0,10000.0,2000.0,2500.0,500.0,0.9452,0.0,1.0,2.3508100509643555,0.5,0.5,0.5485000014305115,0.2455609142780304,,,,,0.06103809104230797,0.0,2500.0,0.0,500.0,0.0,ok,plugin,False,,2401.45588692033,2321.4491896252025,2.8776706591124057,0.9220588469466605,1.4042721608699962,,0.0,0.06103809104230797,0.938961908957692,0.938961908957692,False,,,,,,,cifar10,1,DANN,PCA16,32.0,0.9508999586105347,0.9508999586105347,0.8440000414848328,0.8360000252723694,splits_cifar10_DANN_1_0_b09dc755c62e.npz,b09dc755c62e,False,False,,,,,,,0.938961908957692,all_pca,PCA16,IW residual DIS2 | W=5 | seed=0 (plug-in),True,
iw_residual_dis2,5.0,0.0,10000.0,2000.0,2500.0,500.0,0.946,0.0,1.0,2.5143840312957764,0.5,0.5,0.5329999923706055,0.24898117780685425,,,,,0.057107110049557604,0.0,2500.0,0.0,500.0,0.0,ok,plugin,False,,2484.2115162890286,2459.08662028362,1.5802310277152518,0.9842653231961656,1.213690522628712,,0.0,0.057107110049557604,0.9428928899504424,0.9428928899504424,False,,,,,,,cifar10,10,DANN,PCA16,32.0,0.9477999806404114,0.9477999806404114,0.924500048160553,0.9120000600814819,splits_cifar10_DANN_10_0_b09dc755c62e.npz,b09dc755c62e,False,False,,,,,,,0.9428928899504424,all_pca,PCA16,IW residual DIS2 | W=5 | seed=0 (plug-in),True,
iw_residual_dis2,5.0,0.0,10000.0,2000.0,2500.0,500.0,0.9452,0.0,1.0,51.38346862792969,0.5,0.5,0.4710000157356262,0.2499980628490448,,,,,0.05495840780800947,0.0,2500.0,0.0,500.0,0.0,ok,plugin,False,,2498.451245733029,2499.919863567849,1.0212788808214397,0.9990805701998346,1.0092550438665286,,0.0,0.05495840780800947,0.9450415921919906,0.9450415921919906,False,,,,,,,cifar10,71,DANN,PCA16,32.0,0.9487999677658081,0.9487999677658081,0.9305000305175781,0.9180000424385071,splits_cifar10_DANN_71_0_b09dc755c62e.npz,b09dc755c62e,False,False,,,,,,,0.9450415921919906,all_pca,PCA16,IW residual DIS2 | W=5 | seed=0 (plug-in),True,
iw_residual_dis2,5.0,0.0,10000.0,2000.0,2500.0,500.0,0.9528,0.0,1.0,54.598148345947266,0.5,0.5,0.4819999933242798,0.25007349252700806,,,,,0.04727815321490052,0.0,2500.0,0.0,500.0,0.0,ok,plugin,False,,2498.3671456727343,2499.8966367072508,1.0224933990878347,0.9989148616796366,1.0106089491340755,,0.0,0.04727815321490052,0.9527218467850995,0.9527218467850995,False,,,,,,,cifar10,95,DANN,PCA16,32.0,0.9515999555587769,0.9515999555587769,0.9390000700950623,0.9360000491142273,splits_cifar10_DANN_95_0_b09dc755c62e.npz,b09dc755c62e,False,False,,,,,,,0.9527218467850995,all_pca,PCA16,IW residual DIS2 | W=5 | seed=0 (plug-in),True,
iw_residual_dis2,5.0,0.0,10000.0,2000.0,2500.0,500.0,0.9476,0.0,1.0,11.04572582244873,0.5,0.5,0.5090000033378601,0.249971404671669,,,,,0.05276310048094458,0.0,2500.0,0.0,500.0,0.0,ok,plugin,False,,2493.9263506539046,2498.889530368012,1.0739594195392899,0.9957176463278057,1.033076475100503,,0.0,0.05276310048094458,0.9472368995190554,0.9472368995190554,False,,,,,,,cifar10,1,CDANN,PCA16,16.0,0.949999988079071,0.949999988079071,0.846500039100647,0.8440000414848328,splits_cifar10_CDANN_1_0_b09dc755c62e.npz,b09dc755c62e,False,False,,,,,,,0.9472368995190554,all_pca,PCA16,IW residual DIS2 | W=5 | seed=0 (plug-in),True,
iw_residual_dis2,5.0,0.0,10000.0,2000.0,2500.0,500.0,0.9468,0.0,1.0,3.3526968955993652,0.5,0.5,0.5115000009536743,0.24932187795639038,,,,,0.053175401739886594,0.0,2500.0,0.0,500.0,0.0,ok,plugin,False,,2480.5738994145477,2472.854867073921,1.4269997838518862,0.9867629515389336,1.1761624702638438,,0.0,0.053175401739886594,0.9468245982601134,0.9468245982601134,False,,,,,,,cifar10,10,CDANN,PCA16,16.0,0.948699951171875,0.948699951171875,0.9160000681877136,0.9120000600814819,splits_cifar10_CDANN_10_0_b09dc755c62e.npz,b09dc755c62e,False,False,,,,,,,0.9468245982601134,all_pca,PCA16,IW residual DIS2 | W=5 | seed=0 (plug-in),True,
iw_residual_dis2,5.0,0.0,10000.0,2000.0,2500.0,500.0,0.9492,0.0,1.0,1.9657901525497437,0.5,0.5,0.5485000014305115,0.2484492063522339,,,,,0.0526844782085746,0.0,2500.0,0.0,500.0,0.0,ok,plugin,False,,2487.143212256741,2438.030161814801,1.692587471429481,0.9799305078204226,1.278305499041655,,0.0,0.0526844782085746,0.9473155217914254,0.9473155217914254,False,,,,,,,cifar10,71,CDANN,PCA16,16.0,0.9511999487876892,0.9511999487876892,0.9280000329017639,0.9040000438690186,splits_cifar10_CDANN_71_0_b09dc755c62e.npz,b09dc755c62e,False,False,,,,,,,0.9473155217914254,all_pca,PCA16,IW residual DIS2 | W=5 | seed=0 (plug-in),True,
iw_residual_dis2,5.0,0.0,10000.0,2000.0,2500.0,500.0,0.9516,0.0,1.0,4.74760103225708,0.5,0.5,0.5130000114440918,0.24980032444000244,,,,,0.048712086184790726,0.0,2500.0,0.0,500.0,0.0,ok,plugin,False,,2489.3388350597397,2492.2609360273273,1.2463621092021444,0.9956336276135382,1.0870761928357735,,0.0,0.048712086184790726,0.9512879138152093,0.9512879138152093,False,,,,,,,cifar10,95,CDANN,PCA16,16.0,0.9526000022888184,0.9526000022888184,0.9355000257492065,0.9260000586509705,splits_cifar10_CDANN_95_0_b09dc755c62e.npz,b09dc755c62e,False,False,,,,,,,0.9512879138152093,all_pca,PCA16,IW residual DIS2 | W=5 | seed=0 (plug-in),True,
iw_residual_dis2,5.0,0.0,10000.0,2000.0,2500.0,500.0,0.758,0.0,1.0,54.598148345947266,0.5,0.5,0.48100000619888306,0.25002604722976685,,,,,0.24183124757011928,0.0,2500.0,0.0,500.0,0.0,ok,plugin,False,,2497.9267062382764,2499.872383183214,1.025001223260061,0.9991046267043318,1.0109743832787148,,0.0,0.24183124757011928,0.7581687524298807,0.7581687524298807,False,,,,,,,cifar100,4,DANN,PCA16,32.0,0.7841999530792236,0.7841999530792236,0.7440000176429749,0.7760000228881836,splits_cifar100_DANN_4_0_b09dc755c62e.npz,b09dc755c62e,False,True,,,,,,,0.7581687524298807,all_pca,PCA16,IW residual DIS2 | W=5 | seed=0 (plug-in),True,
iw_residual_dis2,5.0,0.0,10000.0,2000.0,2500.0,500.0,0.76,0.0,1.0,10.035618782043457,0.5,0.5,0.5060000419616699,0.2499135136604309,,,,,0.2392016846242238,0.0,2500.0,0.0,500.0,0.0,ok,plugin,False,,2491.512107664401,2496.4924147254715,1.1840830430471168,0.9952348624967362,1.0575584151114354,,0.0,0.2392016846242238,0.7607983153757762,0.7607983153757762,False,,,,,,,cifar100,12,DANN,PCA16,32.0,0.7831999659538269,0.7831999659538269,0.7545000314712524,0.7860000133514404,splits_cifar100_DANN_12_0_b09dc755c62e.npz,b09dc755c62e,False,True,,,,,,,0.7607983153757762,all_pca,PCA16,IW residual DIS2 | W=5 | seed=0 (plug-in),True,
iw_residual_dis2,5.0,0.0,10000.0,2000.0,2500.0,500.0,0.7596,0.0,1.0,7.202309608459473,0.5,0.5,0.5139999985694885,0.2498314082622528,,,,,0.23908761792498753,0.0,2500.0,0.0,500.0,0.0,ok,plugin,False,,2488.306597651046,2493.322030796427,1.2466207697679308,0.9933996771781166,1.0812372644491597,,0.0,0.23908761792498753,0.7609123820750124,0.7609123820750124,False,,,,,,,cifar100,59,DANN,PCA16,32.0,0.7841999530792236,0.7841999530792236,0.7585000395774841,0.7720000147819519,splits_cifar100_DANN_59_0_b09dc755c62e.npz,b09dc755c62e,False,True,,,,,,,0.7609123820750124,all_pca,PCA16,IW residual DIS2 | W=5 | seed=0 (plug-in),True,
iw_residual_dis2,5.0,0.0,10000.0,2000.0,2500.0,500.0,0.764,0.0,1.0,54.598148345947266,0.5,0.5,0.4829999804496765,0.25003623962402344,,,,,0.23581863071314169,0.0,2500.0,0.0,500.0,0.0,ok,plugin,False,,2498.308106218751,2499.8822288718907,1.0253644964151387,0.9992571759736026,1.0104583168370287,,0.0,0.23581863071314169,0.7641813692868583,0.7641813692868583,False,,,,,,,cifar100,82,DANN,PCA16,32.0,0.7861999869346619,0.7861999869346619,0.7695000171661377,0.7700000405311584,splits_cifar100_DANN_82_0_b09dc755c62e.npz,b09dc755c62e,True,True,,,,,,,0.7641813692868583,all_pca,PCA16,IW residual DIS2 | W=5 | seed=0 (plug-in),True,
iw_residual_dis2,5.0,0.0,10000.0,2000.0,2500.0,500.0,0.762,0.0,1.0,11.925271987915039,0.5,0.5,0.5080000162124634,0.2499530166387558,,,,,0.23752883810245376,0.0,2500.0,0.0,500.0,0.0,ok,plugin,False,,2495.387261386152,2498.0406186339496,1.10435866836377,0.9960099752856926,1.0483976920913638,,0.0,0.23752883810245376,0.7624711618975463,0.7624711618975463,False,,,,,,,cifar100,4,CDANN,PCA16,16.0,0.7849999666213989,0.7849999666213989,0.7275000214576721,0.7480000257492065,splits_cifar100_CDANN_4_0_b09dc755c62e.npz,b09dc755c62e,False,False,,,,,,,0.7624711618975463,all_pca,PCA16,IW residual DIS2 | W=5 | seed=0 (plug-in),True,
iw_residual_dis2,5.0,0.0,10000.0,2000.0,2500.0,500.0,0.766,0.0,1.0,3.8469343185424805,0.5,0.5,0.5220000147819519,0.24957320094108582,,,,,0.2333807540662023,0.0,2500.0,0.0,500.0,0.0,ok,plugin,False,,2492.148905177549,2481.1406164855516,1.3777029384447073,0.9935917459180487,1.1531086021311596,,0.0,0.2333807540662023,0.7666192459337977,0.7666192459337977,False,,,,,,,cifar100,12,CDANN,PCA16,16.0,0.7858999967575073,0.7858999967575073,0.7480000257492065,0.7680000066757202,splits_cifar100_CDANN_12_0_b09dc755c62e.npz,b09dc755c62e,False,True,,,,,,,0.7666192459337977,all_pca,PCA16,IW residual DIS2 | W=5 | seed=0 (plug-in),True,
iw_residual_dis2,5.0,0.0,10000.0,2000.0,2500.0,500.0,0.7664,0.0,1.0,4.286324977874756,0.5,0.5,0.5245000123977661,0.24965746700763702,,,,,0.23211333451212257,0.0,2500.0,0.0,500.0,0.0,ok,plugin,False,,2490.006467965134,2485.0840098085305,1.3550304030832303,0.990637814485575,1.1373998026708751,,0.0,0.23211333451212257,0.7678866654878774,0.7678866654878774,False,,,,,,,cifar100,59,CDANN,PCA16,16.0,0.7870000004768372,0.7870000004768372,0.7580000162124634,0.7920000553131104,splits_cifar100_CDANN_59_0_b09dc755c62e.npz,b09dc755c62e,False,True,,,,,,,0.7678866654878774,all_pca,PCA16,IW residual DIS2 | W=5 | seed=0 (plug-in),True,
iw_residual_dis2,5.0,0.0,10000.0,2000.0,2500.0,500.0,0.7652,0.0,1.0,6.481601715087891,0.5,0.5,0.5090000033378601,0.24986442923545837,,,,,0.234153352516013,0.0,2500.0,0.0,500.0,0.0,ok,plugin,False,,2493.974502544316,2494.1422139925103,1.1997067944148507,0.9969867524058091,1.0834999010025925,,0.0,0.234153352516013,0.765846647483987,0.765846647483987,False,,,,,,,cifar100,82,CDANN,PCA16,16.0,0.7872999906539917,0.7872999906539917,0.7635000348091125,0.7720000147819519,splits_cifar100_CDANN_82_0_b09dc755c62e.npz,b09dc755c62e,False,True,,,,,,,0.765846647483987,all_pca,PCA16,IW residual DIS2 | W=5 | seed=0 (plug-in),True,
iw_residual_dis2,5.0,0.0,28152.0,9910.0,7040.0,2478.0,0.803125,0.0,1.0,1.3576200008392334,0.5,0.5,0.6286595463752747,0.227321594953537,12.0,47.0,2.0,16.0,0.20511746622487573,0.023809523809523808,7033.0,7.0,2419.0,59.0,ok,plugin,False,,6574.141863501487,5029.667195475004,4.975568050498717,0.7851667493235003,2.0710364886684953,1.0,0.010204081632653062,0.2153215478575288,0.7846784521424712,0.7846784521424712,False,0.0,0.0,0.0,1.0,1.0,"[{'epoch': 0, 'best_score': 0.0}, {'epoch': 1, 'best_score': 0.0}, {'epoch': 2, 'best_score': 0.0}, {'epoch': 3, 'best_score': 0.0}, {'epoch': 4, 'best_score': 0.0}, {'epoch': 5, 'best_score': 0.0}, {'epoch': 6, 'best_score': 0.0}, {'epoch': 7, 'best_score': 0.0}, {'epoch': 8, 'best_score': 0.0}, {'epoch': 9, 'best_score': 0.0}, {'epoch': 10, 'best_score': 0.0}, {'epoch': 11, 'best_score': 0.0}, {'epoch': 12, 'best_score': 0.0}, {'epoch': 13, 'best_score': 0.0}, {'epoch': 14, 'best_score': 0.0}, {'epoch': 15, 'best_score': 0.0}, {'epoch': 16, 'best_score': 0.0}, {'epoch': 17, 'best_score': 0.0}, {'epoch': 18, 'best_score': 0.0}, {'epoch': 19, 'best_score': 0.0}, {'epoch': 20, 'best_score': 0.0}, {'epoch': 21, 'best_score': 0.0}, {'epoch': 22, 'best_score': 0.0}, {'epoch': 23, 'best_score': 0.0}, {'epoch': 24, 'best_score': 0.0}, {'epoch': 25, 'best_score': 0.0}, {'epoch': 26, 'best_score': 0.0}, {'epoch': 27, 'best_score': 0.0}, {'epoch': 28, 'best_score': 0.0}, {'epoch': 29, 'best_score': 0.0}, {'epoch': 30, 'best_score': 0.0}, {'epoch': 31, 'best_score': 0.0}, {'epoch': 32, 'best_score': 0.0}, {'epoch': 33, 'best_score': 0.0}, {'epoch': 34, 'best_score': 0.0}, {'epoch': 35, 'best_score': 0.0}, {'epoch': 36, 'best_score': 0.0}, {'epoch': 37, 'best_score': 0.0}, {'epoch': 38, 'best_score': 0.0}, {'epoch': 39, 'best_score': 0.0}, {'epoch': 40, 'best_score': 0.0}, {'epoch': 41, 'best_score': 0.0}, {'epoch': 42, 'best_score': 0.0}, {'epoch': 43, 'best_score': 0.0}, {'epoch': 44, 'best_score': 0.0}, {'epoch': 45, 'best_score': 0.0}, {'epoch': 46, 'best_score': 0.0}, {'epoch': 47, 'best_score': 0.0}, {'epoch': 48, 'best_score': 0.0}, {'epoch': 49, 'best_score': 0.0}]",domainnet,1,DANN,PCA16,128.0,0.8072605729103088,0.8072605729103088,0.465893030166626,0.47497981786727905,splits_domainnet_DANN_1_0_b09dc755c62e.npz,b09dc755c62e,False,False,0.42857142857142855,1.0,0.0,,,,0.7846784521424712,all_pca,PCA16,IW residual DIS2 | W=5 | seed=0 (plug-in),True,
iw_residual_dis2,5.0,0.0,28152.0,14207.0,7040.0,3553.0,0.8038352272727273,0.0,1.0,1.1803207397460938,0.5,0.5,0.6566725969314575,0.21595516800880432,57.0,297.0,26.0,150.0,0.2087810543177019,0.07261469180973824,6980.0,60.0,3295.0,258.0,ok,plugin,False,,6443.45681949073,4529.230237604684,4.904822623495985,0.7412355215562144,2.3060213722726344,0.9341085271317829,0.03515339150014072,0.2439344458178426,0.7560655541821574,0.7560655541821574,False,9.0,22.0,0.31794869899749756,0.6153846383094788,0.9333333373069763,"[{'epoch': 0, 'best_score': 0.10205131769180298}, {'epoch': 1, 'best_score': 0.11897438764572144}, {'epoch': 2, 'best_score': 0.15076923370361328}, {'epoch': 3, 'best_score': 0.14923077821731567}, {'epoch': 4, 'best_score': 0.1861538290977478}, {'epoch': 5, 'best_score': 0.21589744091033936}, {'epoch': 6, 'best_score': 0.21435898542404175}, {'epoch': 7, 'best_score': 0.2394871711730957}, {'epoch': 8, 'best_score': 0.22256410121917725}, {'epoch': 9, 'best_score': 0.31794869899749756}, {'epoch': 10, 'best_score': 0.2979487180709839}, {'epoch': 11, 'best_score': 0.291282057762146}, {'epoch': 12, 'best_score': 0.27128201723098755}, {'epoch': 13, 'best_score': 0.244615375995636}, {'epoch': 14, 'best_score': 0.2312820553779602}, {'epoch': 15, 'best_score': 0.2379487156867981}, {'epoch': 16, 'best_score': 0.2312820553779602}, {'epoch': 17, 'best_score': 0.2312820553779602}, {'epoch': 18, 'best_score': 0.2379487156867981}, {'epoch': 19, 'best_score': 0.25794869661331177}, {'epoch': 20, 'best_score': 0.27128201723098755}, {'epoch': 21, 'best_score': 0.28461533784866333}, {'epoch': 22, 'best_score': 0.28461533784866333}, {'epoch': 23, 'best_score': 0.2328205108642578}, {'epoch': 24, 'best_score': 0.2461538314819336}, {'epoch': 25, 'best_score': 0.25282055139541626}, {'epoch': 26, 'best_score': 0.25948721170425415}, {'epoch': 27, 'best_score': 0.2476922869682312}, {'epoch': 28, 'best_score': 0.2476922869682312}, {'epoch': 29, 'best_score': 0.2476922869682312}, {'epoch': 30, 'best_score': 0.2476922869682312}, {'epoch': 31, 'best_score': 0.2476922869682312}, {'epoch': 32, 'best_score': 0.2476922869682312}, {'epoch': 33, 'best_score': 0.2476922869682312}, {'epoch': 34, 'best_score': 0.2476922869682312}, {'epoch': 35, 'best_score': 0.2476922869682312}, {'epoch': 36, 'best_score': 0.2476922869682312}, {'epoch': 37, 'best_score': 0.2476922869682312}, {'epoch': 38, 'best_score': 0.2543589472770691}, {'epoch': 39, 'best_score': 0.2476922869682312}, {'epoch': 40, 'best_score': 0.2543589472770691}, {'epoch': 41, 'best_score': 0.2543589472770691}, {'epoch': 42, 'best_score': 0.261025607585907}, {'epoch': 43, 'best_score': 0.261025607585907}, {'epoch': 44, 'best_score': 0.261025607585907}, {'epoch': 45, 'best_score': 0.2676922678947449}, {'epoch': 46, 'best_score': 0.2676922678947449}, {'epoch': 47, 'best_score': 0.2676922678947449}, {'epoch': 48, 'best_score': 0.2676922678947449}, {'epoch': 49, 'best_score': 0.261025607585907}]",domainnet,2,DANN,PCA16,128.0,0.8101378083229065,0.8101378083229065,0.38572534918785095,0.38727834820747375,splits_domainnet_DANN_2_0_b09dc755c62e.npz,b09dc755c62e,False,False,0.23333333333333334,0.6833333333333333,0.2507751937984496,,,,0.7560655541821574,all_pca,PCA16,IW residual DIS2 | W=5 | seed=0 (plug-in),True,
iw_residual_dis2,5.0,0.0,28152.0,15295.0,7040.0,3825.0,0.8072443181818182,0.0,1.0,1.0368164777755737,0.5,0.5,0.6407243013381958,0.22362610697746277,41.0,105.0,22.0,46.0,0.21443294920510877,0.020130718954248367,7007.0,33.0,3748.0,77.0,ok,plugin,False,,6980.150847324687,4632.030055094941,4.993385228277205,0.8094711202286243,2.457984369027902,0.9090909090909091,0.006100217864923744,0.2205331670700325,0.7794668329299674,0.7794668329299674,False,10.0,11.0,0.2075098752975464,0.7272727489471436,0.9347826242446899,"[{'epoch': 0, 'best_score': 0.045454561710357666}, {'epoch': 1, 'best_score': 0.045454561710357666}, {'epoch': 2, 'best_score': 0.09090906381607056}, {'epoch': 3, 'best_score': 0.13636362552642822}, {'epoch': 4, 'best_score': 0.1146245002746582}, {'epoch': 5, 'best_score': 0.13833993673324585}, {'epoch': 6, 'best_score': 0.13833993673324585}, {'epoch': 7, 'best_score': 0.13833993673324585}, {'epoch': 8, 'best_score': 0.1620553731918335}, {'epoch': 9, 'best_score': 0.20553362369537354}, {'epoch': 10, 'best_score': 0.2075098752975464}, {'epoch': 11, 'best_score': 0.18577075004577637}, {'epoch': 12, 'best_score': 0.18577075004577637}, {'epoch': 13, 'best_score': 0.18577075004577637}, {'epoch': 14, 'best_score': 0.1620553731918335}, {'epoch': 15, 'best_score': 0.1620553731918335}, {'epoch': 16, 'best_score': 0.1620553731918335}, {'epoch': 17, 'best_score': 0.1620553731918335}, {'epoch': 18, 'best_score': 0.18379449844360352}, {'epoch': 19, 'best_score': 0.1620553731918335}, {'epoch': 20, 'best_score': 0.1620553731918335}, {'epoch': 21, 'best_score': 0.18379449844360352}, {'epoch': 22, 'best_score': 0.18379449844360352}, {'epoch': 23, 'best_score': 0.1620553731918335}, {'epoch': 24, 'best_score': 0.1620553731918335}, {'epoch': 25, 'best_score': 0.16007906198501587}, {'epoch': 26, 'best_score': 0.16007906198501587}, {'epoch': 27, 'best_score': 0.11660081148147583}, {'epoch': 28, 'best_score': 0.13833993673324585}, {'epoch': 29, 'best_score': 0.13833993673324585}, {'epoch': 30, 'best_score': 0.13833993673324585}, {'epoch': 31, 'best_score': 0.13833993673324585}, {'epoch': 32, 'best_score': 0.13833993673324585}, {'epoch': 33, 'best_score': 0.13833993673324585}, {'epoch': 34, 'best_score': 0.13833993673324585}, {'epoch': 35, 'best_score': 0.13833993673324585}, {'epoch': 36, 'best_score': 0.11660081148147583}, {'epoch': 37, 'best_score': 0.11660081148147583}, {'epoch': 38, 'best_score': 0.11660081148147583}, {'epoch': 39, 'best_score': 0.11660081148147583}, {'epoch': 40, 'best_score': 0.11660081148147583}, {'epoch': 41, 'best_score': 0.11660081148147583}, {'epoch': 42, 'best_score': 0.11660081148147583}, {'epoch': 43, 'best_score': 0.11660081148147583}, {'epoch': 44, 'best_score': 0.11660081148147583}, {'epoch': 45, 'best_score': 0.11660081148147583}, {'epoch': 46, 'best_score': 0.11660081148147583}, {'epoch': 47, 'best_score': 0.11660081148147583}, {'epoch': 48, 'best_score': 0.11660081148147583}, {'epoch': 49, 'best_score': 0.11660081148147583}]",domainnet,3,DANN,PCA16,128.0,0.8096050024032593,0.8096050024032593,0.4719189405441284,0.46562090516090393,splits_domainnet_DANN_3_0_b09dc755c62e.npz,b09dc755c62e,False,False,0.21212121212121213,0.8181818181818182,0.09090909090909083,,,,0.7794668329299674,all_pca,PCA16,IW residual DIS2 | W=5 | seed=0 (plug-in),True,
iw_residual_dis2,5.0,0.0,28152.0,9910.0,7040.0,2478.0,0.8025568181818181,0.0,1.0,0.8057780265808105,0.5,0.5,0.5786583423614502,0.24325630068778992,,,,,0.20802097493842678,0.0,7040.0,0.0,2478.0,0.0,ok,plugin,False,,7127.7850749628415,6294.227613446696,3.205270207093722,0.9613098874952881,1.6626958399050629,,0.0,0.20802097493842678,0.7919790250615732,0.7919790250615732,False,,,,,,,domainnet,1,CDANN,PCA16,16.0,0.8055910468101501,0.8055910468101501,0.5121089816093445,0.5205811262130737,splits_domainnet_CDANN_1_0_b09dc755c62e.npz,b09dc755c62e,False,False,,,,,,,0.7919790250615732,all_pca,PCA16,IW residual DIS2 | W=5 | seed=0 (plug-in),True,
iw_residual_dis2,5.0,0.0,28152.0,14207.0,7040.0,3553.0,0.8004261363636364,0.0,1.0,1.1073838472366333,0.5,0.5,0.5584344863891602,0.24557411670684814,,,,,0.20866711471893648,0.0,7040.0,0.0,3553.0,0.0,ok,plugin,False,,7030.4563008126315,6585.763993560338,2.660192578593253,0.9705046041146377,1.4680605867532035,,0.0,0.20866711471893648,0.7913328852810635,0.7913328852810635,False,,,,,,,domainnet,2,CDANN,PCA16,16.0,0.8071539998054504,0.8071539998054504,0.42063772678375244,0.4218969941139221,splits_domainnet_CDANN_2_0_b09dc755c62e.npz,b09dc755c62e,False,False,,,,,,,0.7913328852810635,all_pca,PCA16,IW residual DIS2 | W=5 | seed=0 (plug-in),True,
iw_residual_dis2,5.0,0.0,28152.0,15295.0,7040.0,3825.0,0.8063920454545455,0.0,1.0,0.9855660200119019,0.5,0.5,0.5860395431518555,0.2392646074295044,,,,,0.183585333471624,0.0,7039.0,1.0,3825.0,0.0,ok,plugin,False,,7065.848182105326,5945.427349310411,3.769047805375572,0.9257213311119197,1.7869522698547633,,0.0,0.183585333471624,0.816414666528376,0.816414666528376,False,,,,,,,domainnet,3,CDANN,PCA16,16.0,0.8074381947517395,0.8074381947517395,0.49369075894355774,0.48549020290374756,splits_domainnet_CDANN_3_0_b09dc755c62e.npz,b09dc755c62e,False,False,,,,,,,0.816414666528376,all_pca,PCA16,IW residual DIS2 | W=5 | seed=0 (plug-in),True,
iw_residual_dis2,5.0,0.0,1700.0,8804.0,425.0,2203.0,0.8658823529411764,0.0,1.0,1.7556841373443604,0.5,0.5,0.542580246925354,0.24635395407676697,,,,,0.14887826072085475,0.0,425.0,0.0,2203.0,0.0,ok,plugin,False,,441.17953845592234,398.4837432445859,2.184831263623502,1.0171456766540692,1.4999839194325901,,0.0,0.14887826072085475,0.8511217392791453,0.8511217392791453,False,,,,,,,living17,1,DANN,PCA16,32.0,0.8994117379188538,0.8994117379188538,0.6758291721343994,0.6876986026763916,splits_living17_DANN_1_0_b09dc755c62e.npz,b09dc755c62e,False,False,,,,,,,0.8511217392791453,all_pca,PCA16,IW residual DIS2 | W=5 | seed=0 (plug-in),True,
iw_residual_dis2,5.0,0.0,1700.0,68.0,425.0,19.0,0.8823529411764706,0.0,1.0,54.598148345947266,0.5,0.5,0.43627452850341797,0.2515197694301605,,,,,0.11451294740467809,0.0,425.0,0.0,19.0,0.0,ok,plugin,False,,416.8511923967444,424.5370416882886,1.0783293905724383,0.9827779369505221,1.0307119522002555,,0.0,0.11451294740467809,0.8854870525953219,0.8854870525953219,False,,,,,,,living17,2,DANN,PCA16,32.0,0.9094117283821106,0.9094117283821106,0.8970588445663452,0.8421052694320679,splits_living17_DANN_2_0_b09dc755c62e.npz,b09dc755c62e,True,False,,,,,,,0.8854870525953219,all_pca,PCA16,IW residual DIS2 | W=5 | seed=0 (plug-in),True,
iw_residual_dis2,5.0,0.0,1700.0,68.0,425.0,19.0,0.8894117647058823,0.0,1.0,2.8428101539611816,0.5,0.5,0.5823529362678528,0.23339936137199402,,,,,0.10112723935606996,0.0,425.0,0.0,19.0,0.0,ok,plugin,False,,353.02208458143554,316.3787563002466,3.527297522253744,0.7328168105206017,1.6549600579111274,,0.0,0.10112723935606996,0.8988727606439301,0.8988727606439301,False,,,,,,,living17,3,DANN,PCA16,32.0,0.9052940607070923,0.9052940607070923,0.5882353186607361,0.6842105388641357,splits_living17_DANN_3_0_b09dc755c62e.npz,b09dc755c62e,False,False,,,,,,,0.8988727606439301,all_pca,PCA16,IW residual DIS2 | W=5 | seed=0 (plug-in),True,
iw_residual_dis2,5.0,0.0,1700.0,8804.0,425.0,2203.0,0.8894117647058823,0.0,1.0,11.234490394592285,0.5,0.5,0.5038435459136963,0.24995318055152893,,,,,0.11132520366709787,0.0,425.0,0.0,2203.0,0.0,ok,plugin,False,,426.1764651755972,424.6651758998108,1.108588159761507,1.0032456655910096,1.0536792292448984,,0.0,0.11132520366709787,0.8886747963329021,0.8886747963329021,False,,,,,,,living17,1,CDANN,PCA16,16.0,0.9052940607070923,0.9052940607070923,0.6863925457000732,0.6981388926506042,splits_living17_CDANN_1_0_b09dc755c62e.npz,b09dc755c62e,False,False,,,,,,,0.8886747963329021,all_pca,PCA16,IW residual DIS2 | W=5 | seed=0 (plug-in),True,
iw_residual_dis2,5.0,0.0,1700.0,68.0,425.0,19.0,0.8917647058823529,0.0,1.0,54.598148345947266,0.5,0.5,0.43039217591285706,0.25119367241859436,,,,,0.10632536910096663,0.0,425.0,0.0,19.0,0.0,ok,plugin,False,,419.3229029910034,424.7703348545925,1.0633595244974046,0.9872733318325283,1.0230529909637331,,0.0,0.10632536910096663,0.8936746308990333,0.8936746308990333,False,,,,,,,living17,2,CDANN,PCA16,16.0,0.9094117283821106,0.9094117283821106,0.8676470518112183,0.8421052694320679,splits_living17_CDANN_2_0_b09dc755c62e.npz,b09dc755c62e,False,False,,,,,,,0.8936746308990333,all_pca,PCA16,IW residual DIS2 | W=5 | seed=0 (plug-in),True,
iw_residual_dis2,5.0,0.0,1700.0,68.0,425.0,19.0,0.8823529411764706,0.0,1.0,54.598148345947266,0.5,0.5,0.5529412031173706,0.250253826379776,,,,,0.11614479635731234,0.0,425.0,0.0,19.0,0.0,ok,plugin,False,,421.2992234361888,424.7725416176588,1.0596091482735344,0.9903270907328022,1.0305159806024633,,0.0,0.11614479635731234,0.8838552036426877,0.8838552036426877,False,,,,,,,living17,3,CDANN,PCA16,16.0,0.9052940607070923,0.9052940607070923,0.5588235259056091,0.6315789222717285,splits_living17_CDANN_3_0_b09dc755c62e.npz,b09dc755c62e,False,False,,,,,,,0.8838552036426877,all_pca,PCA16,IW residual DIS2 | W=5 | seed=0 (plug-in),True,
iw_residual_dis2,5.0,0.0,2600.0,13282.0,650.0,3322.0,0.8046153846153846,0.0,1.0,1.8705928325653076,0.5,0.5,0.5271199941635132,0.24791109561920166,,,,,0.1997293834143058,0.0,650.0,0.0,3322.0,0.0,ok,plugin,False,,656.1320804178796,628.1284735594429,1.8340438260727727,1.0090928135634605,1.3306244189418384,,0.0,0.1997293834143058,0.8002706165856942,0.8002706165856942,False,,,,,,,nonliving26,1,DANN,PCA16,32.0,0.8126922845840454,0.8126922845840454,0.5122722387313843,0.5192654728889465,splits_nonliving26_DANN_1_0_b09dc755c62e.npz,b09dc755c62e,False,False,,,,,,,0.8002706165856942,all_pca,PCA16,IW residual DIS2 | W=5 | seed=0 (plug-in),True,
iw_residual_dis2,5.0,0.0,2600.0,104.0,650.0,28.0,0.8292307692307692,0.0,1.0,54.598148345947266,0.5,0.5,0.49038460850715637,0.25078919529914856,,,,,0.1692424269713064,0.0,650.0,0.0,28.0,0.0,ok,plugin,False,,642.8750289400792,649.5221367459072,1.0909149097326458,0.9903311630798759,1.0321451364298244,,0.0,0.1692424269713064,0.8307575730286936,0.8307575730286936,False,,,,,,,nonliving26,2,DANN,PCA16,32.0,0.8176922798156738,0.8176922798156738,0.75,0.7142857313156128,splits_nonliving26_DANN_2_0_b09dc755c62e.npz,b09dc755c62e,False,False,,,,,,,0.8307575730286936,all_pca,PCA16,IW residual DIS2 | W=5 | seed=0 (plug-in),True,
iw_residual_dis2,5.0,0.0,2600.0,104.0,650.0,28.0,0.8246153846153846,0.0,1.0,54.598148345947266,0.5,0.5,0.5846153497695923,0.2500826120376587,,,,,0.1744500978468593,0.0,650.0,0.0,28.0,0.0,ok,plugin,False,,642.7942988420277,649.5105223639654,1.077010508641531,0.9907818518753537,1.03220182586773,,0.0,0.1744500978468593,0.8255499021531407,0.8255499021531407,False,,,,,,,nonliving26,3,DANN,PCA16,32.0,0.8146153688430786,0.8146153688430786,0.4038461744785309,0.3214285969734192,splits_nonliving26_DANN_3_0_b09dc755c62e.npz,b09dc755c62e,False,False,,,,,,,0.8255499021531407,all_pca,PCA16,IW residual DIS2 | W=5 | seed=0 (plug-in),True,
iw_residual_dis2,5.0,0.0,2600.0,13282.0,650.0,3322.0,0.8169230769230769,0.0,1.0,2.225142002105713,0.5,0.5,0.5188658237457275,0.24915578961372375,,,,,0.18743840450452584,0.0,650.0,0.0,3322.0,0.0,ok,plugin,False,,658.6287537648701,640.7451115170014,1.7989606393954025,1.0014765338070841,1.2116177738275211,,0.0,0.18743840450452584,0.8125615954954741,0.8125615954954741,False,,,,,,,nonliving26,1,CDANN,PCA16,16.0,0.8176922798156738,0.8176922798156738,0.5332028269767761,0.5352197289466858,splits_nonliving26_CDANN_1_0_b09dc755c62e.npz,b09dc755c62e,False,False,,,,,,,0.8125615954954741,all_pca,PCA16,IW residual DIS2 | W=5 | seed=0 (plug-in),True,
iw_residual_dis2,5.0,0.0,2600.0,104.0,650.0,28.0,0.8138461538461539,0.0,1.0,54.598148345947266,0.5,0.5,0.42692306637763977,0.25077518820762634,,,,,0.18479987164053666,0.0,650.0,0.0,28.0,0.0,ok,plugin,False,,646.0129617260495,649.7304070928583,1.080641531400773,0.9927082481442953,1.0266020425441922,,0.0,0.18479987164053666,0.8152001283594633,0.8152001283594633,False,,,,,,,nonliving26,2,CDANN,PCA16,16.0,0.8165384531021118,0.8165384531021118,0.7692307829856873,0.7500000596046448,splits_nonliving26_CDANN_2_0_b09dc755c62e.npz,b09dc755c62e,False,False,,,,,,,0.8152001283594633,all_pca,PCA16,IW residual DIS2 | W=5 | seed=0 (plug-in),True,
iw_residual_dis2,5.0,0.0,2600.0,104.0,650.0,28.0,0.8123076923076923,0.0,1.0,54.598148345947266,0.5,0.5,0.3711538314819336,0.2507491409778595,,,,,0.18583715177214885,0.0,650.0,0.0,28.0,0.0,ok,plugin,False,,646.1332275860941,649.7569201053267,1.0409941480374139,0.9939167842735293,1.0247469487098617,,0.0,0.18583715177214885,0.8141628482278511,0.8141628482278511,False,,,,,,,nonliving26,3,CDANN,PCA16,16.0,0.822692334651947,0.822692334651947,0.4038461744785309,0.3214285969734192,splits_nonliving26_CDANN_3_0_b09dc755c62e.npz,b09dc755c62e,False,False,,,,,,,0.8141628482278511,all_pca,PCA16,IW residual DIS2 | W=5 | seed=0 (plug-in),True,
iw_residual_dis2,5.0,0.0,11745.0,35070.0,2938.0,8768.0,0.6388699795779442,0.0,1.0,1.5888513326644897,0.5,0.5,0.544959545135498,0.24721282720565796,,,,,0.3539122605712489,0.0,2938.0,0.0,8768.0,0.0,ok,plugin,False,,2935.8256945233097,2807.0295390784704,1.8185916428567916,0.9932292027945433,1.3601439258361288,,0.0,0.3539122605712489,0.6460877394287511,0.6460877394287511,False,,,,,,,fmow,1,DANN,PCA16,64.0,0.6519370079040527,0.6519370079040527,0.6103222370147705,0.6077782511711121,splits_fmow_DANN_1_0_b09dc755c62e.npz,b09dc755c62e,False,False,,,,,,,0.6460877394287511,all_pca,PCA16,IW residual DIS2 | W=5 | seed=0 (plug-in),True,
iw_residual_dis2,5.0,0.0,11745.0,39088.0,2938.0,9774.0,0.6344452008168822,0.0,1.0,1.3736965656280518,0.5,0.5,0.5599842071533203,0.24434760212898254,,,,,0.3724414005221457,0.0,2938.0,0.0,9774.0,0.0,ok,plugin,False,,2943.8318142639273,2690.040783117177,2.3023424970168147,0.9738192100980598,1.5533992645650776,,0.0,0.3724414005221457,0.6275585994778543,0.6275585994778543,False,,,,,,,fmow,2,DANN,PCA16,64.0,0.6504895687103271,0.6504895687103271,0.5482756495475769,0.5545324683189392,splits_fmow_DANN_2_0_b09dc755c62e.npz,b09dc755c62e,False,False,,,,,,,0.6275585994778543,all_pca,PCA16,IW residual DIS2 | W=5 | seed=0 (plug-in),True,
iw_residual_dis2,5.0,0.0,11745.0,35070.0,2938.0,8768.0,0.6466984343090538,0.0,1.0,1.2915681600570679,0.5,0.5,0.532844603061676,0.24822965264320374,,,,,0.33976449770032763,0.0,2938.0,0.0,8768.0,0.0,ok,plugin,False,,2913.7729922953617,2850.4832668835875,1.6256422815327425,0.988244529525701,1.2795154866074976,,0.0,0.33976449770032763,0.6602355022996724,0.6602355022996724,False,,,,,,,fmow,1,CDANN,PCA16,16.0,0.6558535695075989,0.6558535695075989,0.605617344379425,0.6010492444038391,splits_fmow_CDANN_1_0_b09dc755c62e.npz,b09dc755c62e,False,False,,,,,,,0.6602355022996724,all_pca,PCA16,IW residual DIS2 | W=5 | seed=0 (plug-in),True,
iw_residual_dis2,5.0,0.0,11745.0,39088.0,2938.0,9774.0,0.6446562287270252,0.0,1.0,1.1035517454147339,0.5,0.5,0.542487621307373,0.24726101756095886,,,,,0.3537706771984854,0.0,2938.0,0.0,9774.0,0.0,ok,plugin,False,,2920.90949682689,2804.3987725438215,2.2822447522558695,0.976850757720585,1.3790116534192771,,0.0,0.3537706771984854,0.6462293228015146,0.6462293228015146,False,,,,,,,fmow,2,CDANN,PCA16,16.0,0.6548318862915039,0.6548318862915039,0.5420845150947571,0.5445058345794678,splits_fmow_CDANN_2_0_b09dc755c62e.npz,b09dc755c62e,False,False,,,,,,,0.6462293228015146,all_pca,PCA16,IW residual DIS2 | W=5 | seed=0 (plug-in),True,
iw_residual_dis2,5.0,0.0,731.0,898.0,184.0,227.0,0.9239130434782609,0.0,1.0,27.657922744750977,0.5,0.5,0.5223949551582336,0.24969831109046936,,,,,0.07510671820227982,0.0,184.0,0.0,227.0,0.0,ok,plugin,False,,182.33751725141553,183.02029291196337,1.2069038185484167,0.9831716634499583,1.1309239149829822,,0.0,0.07510671820227982,0.9248932817977202,0.9248932817977202,False,,,,,,,officehome,1,DANN,PCA16,128.0,0.922024667263031,0.922024667263031,0.7193763852119446,0.7268722057342529,splits_officehome_DANN_1_0_b09dc755c62e.npz,b09dc755c62e,False,False,,,,,,,0.9248932817977202,all_pca,PCA16,IW residual DIS2 | W=5 | seed=0 (plug-in),True,
iw_residual_dis2,5.0,0.0,731.0,893.0,184.0,226.0,0.9021739130434783,0.0,1.0,4.726238250732422,0.5,0.5,0.5659534931182861,0.24325035512447357,,,,,0.104113477046802,0.0,184.0,0.0,226.0,0.0,ok,plugin,False,,177.10350682054286,166.28906159943512,2.3483278562245347,0.891343848507067,1.4913100549787566,,0.0,0.104113477046802,0.895886522953198,0.895886522953198,False,,,,,,,officehome,2,DANN,PCA16,128.0,0.915184736251831,0.915184736251831,0.44904816150665283,0.45132744312286377,splits_officehome_DANN_2_0_b09dc755c62e.npz,b09dc755c62e,False,False,,,,,,,0.895886522953198,all_pca,PCA16,IW residual DIS2 | W=5 | seed=0 (plug-in),True,
iw_residual_dis2,5.0,0.0,731.0,507.0,184.0,128.0,0.9130434782608696,0.0,1.0,7.386640548706055,0.5,0.5,0.5935616493225098,0.23377737402915955,,,,,0.0895653701232142,0.0,184.0,0.0,128.0,0.0,ok,plugin,False,,160.84306346633056,147.89218616448179,2.223101153835642,0.785253333891777,1.8294992690003105,,0.0,0.0895653701232142,0.9104346298767858,0.9104346298767858,False,,,,,,,officehome,3,DANN,PCA16,128.0,0.9056087732315063,0.9056087732315063,0.5364891290664673,0.5625,splits_officehome_DANN_3_0_b09dc755c62e.npz,b09dc755c62e,False,False,,,,,,,0.9104346298767858,all_pca,PCA16,IW residual DIS2 | W=5 | seed=0 (plug-in),True,
iw_residual_dis2,5.0,0.0,731.0,898.0,184.0,227.0,0.9130434782608696,0.0,1.0,1.9478014707565308,0.5,0.5,0.5734954476356506,0.242500901222229,,,,,0.08479369311574196,0.0,184.0,0.0,227.0,0.0,ok,plugin,False,,176.33056064673556,155.35837595791023,4.334635087310667,0.8839395456067967,1.5156347916525401,,0.0,0.08479369311574196,0.9152063068842581,0.9152063068842581,False,,,,,,,officehome,1,CDANN,PCA16,16.0,0.9138167500495911,0.9138167500495911,0.730512261390686,0.7488986253738403,splits_officehome_CDANN_1_0_b09dc755c62e.npz,b09dc755c62e,False,False,,,,,,,0.9152063068842581,all_pca,PCA16,IW residual DIS2 | W=5 | seed=0 (plug-in),True,
iw_residual_dis2,5.0,0.0,731.0,893.0,184.0,226.0,0.8913043478260869,0.0,1.0,0.7444320917129517,0.5,0.5,0.6676157712936401,0.20600607991218567,1.0,23.0,3.0,14.0,0.10990565592141409,0.10619469026548672,181.0,3.0,202.0,24.0,ok,plugin,False,,139.88186226464143,101.59261606394472,3.7841727688262203,0.5093689474408946,2.5401091259228235,1.0,0.03539823008849557,0.14530388600990965,0.8546961139900904,0.8546961139900904,False,18.0,16.0,0.6666666269302368,0.3333333432674408,1.0,"[{'epoch': 0, 'best_score': 0.3333333134651184}, {'epoch': 1, 'best_score': 0.3333333134651184}, {'epoch': 2, 'best_score': 0.3333333134651184}, {'epoch': 3, 'best_score': 0.3333333134651184}, {'epoch': 4, 'best_score': 0.3333333134651184}, {'epoch': 5, 'best_score': 0.3333333134651184}, {'epoch': 6, 'best_score': 0.3333333134651184}, {'epoch': 7, 'best_score': 0.3333333134651184}, {'epoch': 8, 'best_score': 0.3333333134651184}, {'epoch': 9, 'best_score': 0.3333333134651184}, {'epoch': 10, 'best_score': 0.3333333134651184}, {'epoch': 11, 'best_score': 0.3333333134651184}, {'epoch': 12, 'best_score': 0.3333333134651184}, {'epoch': 13, 'best_score': 0.3333333134651184}, {'epoch': 14, 'best_score': 0.3333333134651184}, {'epoch': 15, 'best_score': 0.3333333134651184}, {'epoch': 16, 'best_score': 0.3333333134651184}, {'epoch': 17, 'best_score': 0.3333333134651184}, {'epoch': 18, 'best_score': 0.6666666269302368}, {'epoch': 19, 'best_score': 0.6666666269302368}, {'epoch': 20, 'best_score': 0.6666666269302368}, {'epoch': 21, 'best_score': 0.6666666269302368}, {'epoch': 22, 'best_score': 0.6666666269302368}, {'epoch': 23, 'best_score': 0.6666666269302368}, {'epoch': 24, 'best_score': 0.6666666269302368}, {'epoch': 25, 'best_score': 0.6666666269302368}, {'epoch': 26, 'best_score': 0.6666666269302368}, {'epoch': 27, 'best_score': 0.6666666269302368}, {'epoch': 28, 'best_score': 0.6666666269302368}, {'epoch': 29, 'best_score': 0.6666666269302368}, {'epoch': 30, 'best_score': 0.6666666269302368}, {'epoch': 31, 'best_score': 0.6666666269302368}, {'epoch': 32, 'best_score': 0.6666666269302368}, {'epoch': 33, 'best_score': 0.6666666269302368}, {'epoch': 34, 'best_score': 0.6666666269302368}, {'epoch': 35, 'best_score': 0.6666666269302368}, {'epoch': 36, 'best_score': 0.6666666269302368}, {'epoch': 37, 'best_score': 0.6666666269302368}, {'epoch': 38, 'best_score': 0.6666666269302368}, {'epoch': 39, 'best_score': 0.6666666269302368}, {'epoch': 40, 'best_score': 0.6666666269302368}, {'epoch': 41, 'best_score': 0.6666666269302368}, {'epoch': 42, 'best_score': 0.6666666269302368}, {'epoch': 43, 'best_score': 0.6666666269302368}, {'epoch': 44, 'best_score': 0.6666666269302368}, {'epoch': 45, 'best_score': 0.6666666269302368}, {'epoch': 46, 'best_score': 0.6666666269302368}, {'epoch': 47, 'best_score': 0.6666666269302368}, {'epoch': 48, 'best_score': 0.6666666269302368}, {'epoch': 49, 'best_score': 0.6666666269302368}]",officehome,2,CDANN,PCA16,16.0,0.9015048146247864,0.9015048146247864,0.4501679837703705,0.45132744312286377,splits_officehome_CDANN_2_0_b09dc755c62e.npz,b09dc755c62e,False,False,0.3333333333333333,1.0,0.0,,,,0.8546961139900904,all_pca,PCA16,IW residual DIS2 | W=5 | seed=0 (plug-in),True,
iw_residual_dis2,5.0,0.0,731.0,507.0,184.0,128.0,0.9130434782608696,0.0,1.0,0.958997905254364,0.5,0.5,0.7035616636276245,0.19239327311515808,1.0,15.0,2.0,16.0,0.08724260964581265,0.1640625,178.0,6.0,107.0,21.0,ok,plugin,False,,118.7734232282661,88.62466746976106,4.10080026680123,0.4462174977419331,1.994824208055342,1.0,0.0,0.08724260964581265,0.9127573903541873,0.9127573903541873,False,0.0,3.0,0.0,1.0,1.0,"[{'epoch': 0, 'best_score': 0.0}, {'epoch': 1, 'best_score': 0.0}, {'epoch': 2, 'best_score': 0.0}, {'epoch': 3, 'best_score': 0.0}, {'epoch': 4, 'best_score': 0.0}, {'epoch': 5, 'best_score': 0.0}, {'epoch': 6, 'best_score': 0.0}, {'epoch': 7, 'best_score': 0.0}, {'epoch': 8, 'best_score': 0.0}, {'epoch': 9, 'best_score': 0.0}, {'epoch': 10, 'best_score': 0.0}, {'epoch': 11, 'best_score': 0.0}, {'epoch': 12, 'best_score': 0.0}, {'epoch': 13, 'best_score': 0.0}, {'epoch': 14, 'best_score': 0.0}, {'epoch': 15, 'best_score': 0.0}, {'epoch': 16, 'best_score': 0.0}, {'epoch': 17, 'best_score': 0.0}, {'epoch': 18, 'best_score': 0.0}, {'epoch': 19, 'best_score': 0.0}, {'epoch': 20, 'best_score': 0.0}, {'epoch': 21, 'best_score': 0.0}, {'epoch': 22, 'best_score': 0.0}, {'epoch': 23, 'best_score': 0.0}, {'epoch': 24, 'best_score': 0.0}, {'epoch': 25, 'best_score': 0.0}, {'epoch': 26, 'best_score': 0.0}, {'epoch': 27, 'best_score': 0.0}, {'epoch': 28, 'best_score': 0.0}, {'epoch': 29, 'best_score': 0.0}, {'epoch': 30, 'best_score': 0.0}, {'epoch': 31, 'best_score': 0.0}, {'epoch': 32, 'best_score': 0.0}, {'epoch': 33, 'best_score': 0.0}, {'epoch': 34, 'best_score': 0.0}, {'epoch': 35, 'best_score': 0.0}, {'epoch': 36, 'best_score': 0.0}, {'epoch': 37, 'best_score': 0.0}, {'epoch': 38, 'best_score': 0.0}, {'epoch': 39, 'best_score': 0.0}, {'epoch': 40, 'best_score': 0.0}, {'epoch': 41, 'best_score': 0.0}, {'epoch': 42, 'best_score': 0.0}, {'epoch': 43, 'best_score': 0.0}, {'epoch': 44, 'best_score': 0.0}, {'epoch': 45, 'best_score': 0.0}, {'epoch': 46, 'best_score': 0.0}, {'epoch': 47, 'best_score': 0.0}, {'epoch': 48, 'best_score': 0.0}, {'epoch': 49, 'best_score': 0.0}]",officehome,3,CDANN,PCA16,16.0,0.9138167500495911,0.9138167500495911,0.5364891290664673,0.5546875,splits_officehome_CDANN_3_0_b09dc755c62e.npz,b09dc755c62e,False,False,0.0,1.0,0.0,,,,0.9127573903541873,all_pca,PCA16,IW residual DIS2 | W=5 | seed=0 (plug-in),True,
iw_residual_dis2,5.0,0.0,24387.0,11083.0,6098.0,2773.0,0.9996720236142997,0.0,1.0,1.0456888675689697,0.5,0.5,0.7992861866950989,0.13728545606136322,273.0,1522.0,144.0,772.0,5.956054297981776e-06,0.45690587811034983,5853.0,245.0,1506.0,1267.0,ok,plugin,False,,3325.201908807849,1767.8363069994439,4.9797986211480785,0.21704362299709862,2.5559462687096572,0.8153117600631413,0.25130080881974143,0.2513067648740394,0.7486932351259605,0.7486932351259605,False,44.0,23.0,0.5695883631706238,0.2361111044883728,0.8056994676589966,"[{'epoch': 0, 'best_score': 0.07422995567321777}, {'epoch': 1, 'best_score': 0.09822970628738403}, {'epoch': 2, 'best_score': 0.16529935598373413}, {'epoch': 3, 'best_score': 0.19930195808410645}, {'epoch': 4, 'best_score': 0.20552676916122437}, {'epoch': 5, 'best_score': 0.22600030899047852}, {'epoch': 6, 'best_score': 0.23046201467514038}, {'epoch': 7, 'best_score': 0.2795408368110657}, {'epoch': 8, 'best_score': 0.2863774001598358}, {'epoch': 9, 'best_score': 0.3150906562805176}, {'epoch': 10, 'best_score': 0.34243670105934143}, {'epoch': 11, 'best_score': 0.35690128803253174}, {'epoch': 12, 'best_score': 0.35168391466140747}, {'epoch': 13, 'best_score': 0.38795334100723267}, {'epoch': 14, 'best_score': 0.4080670475959778}, {'epoch': 15, 'best_score': 0.4215961694717407}, {'epoch': 16, 'best_score': 0.41605496406555176}, {'epoch': 17, 'best_score': 0.4213442802429199}, {'epoch': 18, 'best_score': 0.41792604327201843}, {'epoch': 19, 'best_score': 0.45290014147758484}, {'epoch': 20, 'best_score': 0.4637305736541748}, {'epoch': 21, 'best_score': 0.4663212299346924}, {'epoch': 22, 'best_score': 0.47668391466140747}, {'epoch': 23, 'best_score': 0.4792746305465698}, {'epoch': 24, 'best_score': 0.48704665899276733}, {'epoch': 25, 'best_score': 0.4852835237979889}, {'epoch': 26, 'best_score': 0.4904648959636688}, {'epoch': 27, 'best_score': 0.4963299036026001}, {'epoch': 28, 'best_score': 0.5127015113830566}, {'epoch': 29, 'best_score': 0.5243595242500305}, {'epoch': 30, 'best_score': 0.5213010907173157}, {'epoch': 31, 'best_score': 0.5216609239578247}, {'epoch': 32, 'best_score': 0.5255469083786011}, {'epoch': 33, 'best_score': 0.5333189368247986}, {'epoch': 34, 'best_score': 0.5346142649650574}, {'epoch': 35, 'best_score': 0.5449769496917725}, {'epoch': 36, 'best_score': 0.5297927260398865}, {'epoch': 37, 'best_score': 0.5367372035980225}, {'epoch': 38, 'best_score': 0.53932785987854}, {'epoch': 39, 'best_score': 0.53932785987854}, {'epoch': 40, 'best_score': 0.53932785987854}, {'epoch': 41, 'best_score': 0.5492228269577026}, {'epoch': 42, 'best_score': 0.5492228269577026}, {'epoch': 43, 'best_score': 0.5505181550979614}, {'epoch': 44, 'best_score': 0.5695883631706238}, {'epoch': 45, 'best_score': 0.5626438856124878}, {'epoch': 46, 'best_score': 0.551345705986023}, {'epoch': 47, 'best_score': 0.5552316904067993}, {'epoch': 48, 'best_score': 0.5608808398246765}, {'epoch': 49, 'best_score': 0.5539363622665405}]",visda,1,DANN,PCA16,128.0,0.9995489120483398,0.9995489120483398,0.6463051438331604,0.6473133563995361,splits_visda_DANN_1_0_b09dc755c62e.npz,b09dc755c62e,False,False,0.004081632653061225,0.2693877551020408,0.5459240049611005,,,,0.7486932351259605,all_pca,PCA16,IW residual DIS2 | W=5 | seed=0 (plug-in),True,
iw_residual_dis2,5.0,0.0,24387.0,14480.0,6098.0,3620.0,0.9998360118071499,0.0,1.0,1.129449486732483,0.5,0.5,0.7805391550064087,0.154123455286026,213.0,1634.0,123.0,814.0,3.685257178388541e-05,0.3712707182320442,5911.0,187.0,2276.0,1344.0,ok,plugin,False,,3735.8206623097117,2153.3610384102885,4.988714551752386,0.3112305477285076,2.4623059115771957,0.7998511904761905,0.1957056755399297,0.19574252811171358,0.8042574718882864,0.8042574718882864,False,40.0,11.0,0.5560315847396851,0.26829269528388977,0.8243243098258972,"[{'epoch': 0, 'best_score': 0.14919793605804443}, {'epoch': 1, 'best_score': 0.19703960418701172}, {'epoch': 2, 'best_score': 0.18493437767028809}, {'epoch': 3, 'best_score': 0.34782564640045166}, {'epoch': 4, 'best_score': 0.3744931221008301}, {'epoch': 5, 'best_score': 0.3767703175544739}, {'epoch': 6, 'best_score': 0.3820139765739441}, {'epoch': 7, 'best_score': 0.4109186828136444}, {'epoch': 8, 'best_score': 0.439284086227417}, {'epoch': 9, 'best_score': 0.4472343623638153}, {'epoch': 10, 'best_score': 0.4369369447231293}, {'epoch': 11, 'best_score': 0.42663949728012085}, {'epoch': 12, 'best_score': 0.4269291162490845}, {'epoch': 13, 'best_score': 0.4470546245574951}, {'epoch': 14, 'best_score': 0.4433690905570984}, {'epoch': 15, 'best_score': 0.45973914861679077}, {'epoch': 16, 'best_score': 0.4666407108306885}, {'epoch': 17, 'best_score': 0.486586332321167}, {'epoch': 18, 'best_score': 0.4792153239250183}, {'epoch': 19, 'best_score': 0.4902718663215637}, {'epoch': 20, 'best_score': 0.4976428747177124}, {'epoch': 21, 'best_score': 0.49518585205078125}, {'epoch': 22, 'best_score': 0.5000998377799988}, {'epoch': 23, 'best_score': 0.4981123208999634}, {'epoch': 24, 'best_score': 0.4955454170703888}, {'epoch': 25, 'best_score': 0.508589506149292}, {'epoch': 26, 'best_score': 0.5135035514831543}, {'epoch': 27, 'best_score': 0.5066019296646118}, {'epoch': 28, 'best_score': 0.5233315229415894}, {'epoch': 29, 'best_score': 0.5250294208526611}, {'epoch': 30, 'best_score': 0.5287150144577026}, {'epoch': 31, 'best_score': 0.5205849409103394}, {'epoch': 32, 'best_score': 0.5242704153060913}, {'epoch': 33, 'best_score': 0.5092387199401855}, {'epoch': 34, 'best_score': 0.5115159749984741}, {'epoch': 35, 'best_score': 0.5270169973373413}, {'epoch': 36, 'best_score': 0.5388326644897461}, {'epoch': 37, 'best_score': 0.5506482124328613}, {'epoch': 38, 'best_score': 0.5437465906143188}, {'epoch': 39, 'best_score': 0.5523461103439331}, {'epoch': 40, 'best_score': 0.5560315847396851}, {'epoch': 41, 'best_score': 0.5503585338592529}, {'epoch': 42, 'best_score': 0.5463833808898926}, {'epoch': 43, 'best_score': 0.5488404035568237}, {'epoch': 44, 'best_score': 0.5500689744949341}, {'epoch': 45, 'best_score': 0.5451549291610718}, {'epoch': 46, 'best_score': 0.5485507845878601}, {'epoch': 47, 'best_score': 0.5534647703170776}, {'epoch': 48, 'best_score': 0.5559217929840088}, {'epoch': 49, 'best_score': 0.553754448890686}]",visda,2,DANN,PCA16,128.0,0.9997539520263672,0.9997539520263672,0.6546961069107056,0.6544198393821716,splits_visda_DANN_2_0_b09dc755c62e.npz,b09dc755c62e,False,False,0.0,0.2727272727272727,0.5271239177489178,,,,0.8042574718882864,all_pca,PCA16,IW residual DIS2 | W=5 | seed=0 (plug-in),True,
iw_residual_dis2,5.0,0.0,24387.0,11083.0,6098.0,2773.0,0.9993440472285995,0.0,1.0,0.9295608997344971,0.5,0.5,0.6908315420150757,0.20141629874706268,147.0,182.0,59.0,85.0,0.0006079209816977345,0.0573386224305806,5978.0,120.0,2614.0,159.0,ok,plugin,False,,5652.925063407375,3038.6643222006655,4.969915127555244,0.6306203429315003,2.9432530544443436,0.7421383647798742,0.032518932564010096,0.03312685354570783,0.9668731464542921,0.9668731464542921,False,49.0,14.0,0.6474576592445374,0.1525423675775528,0.800000011920929,"[{'epoch': 0, 'best_score': 0.3423728942871094}, {'epoch': 1, 'best_score': 0.3188434839248657}, {'epoch': 2, 'best_score': 0.3357926309108734}, {'epoch': 3, 'best_score': 0.3409770727157593}, {'epoch': 4, 'best_score': 0.34616154432296753}, {'epoch': 5, 'best_score': 0.34616154432296753}, {'epoch': 6, 'best_score': 0.34616154432296753}, {'epoch': 7, 'best_score': 0.34616154432296753}, {'epoch': 8, 'best_score': 0.34616154432296753}, {'epoch': 9, 'best_score': 0.38045865297317505}, {'epoch': 10, 'best_score': 0.3631106913089752}, {'epoch': 11, 'best_score': 0.3800598382949829}, {'epoch': 12, 'best_score': 0.3800598382949829}, {'epoch': 13, 'best_score': 0.3800598382949829}, {'epoch': 14, 'best_score': 0.3682951331138611}, {'epoch': 15, 'best_score': 0.3852442800998688}, {'epoch': 16, 'best_score': 0.40219342708587646}, {'epoch': 17, 'best_score': 0.4313060939311981}, {'epoch': 18, 'best_score': 0.4638085961341858}, {'epoch': 19, 'best_score': 0.4897308051586151}, {'epoch': 20, 'best_score': 0.5170488357543945}, {'epoch': 21, 'best_score': 0.5222333073616028}, {'epoch': 22, 'best_score': 0.5326021909713745}, {'epoch': 23, 'best_score': 0.5090727806091309}, {'epoch': 24, 'best_score': 0.5090727806091309}, {'epoch': 25, 'best_score': 0.566899299621582}, {'epoch': 26, 'best_score': 0.5316051840782166}, {'epoch': 27, 'best_score': 0.5589232444763184}, {'epoch': 28, 'best_score': 0.5236291289329529}, {'epoch': 29, 'best_score': 0.5250248908996582}, {'epoch': 30, 'best_score': 0.5090727806091309}, {'epoch': 31, 'best_score': 0.5222333073616028}, {'epoch': 32, 'best_score': 0.5391824841499329}, {'epoch': 33, 'best_score': 0.5391824841499329}, {'epoch': 34, 'best_score': 0.5326021909713745}, {'epoch': 35, 'best_score': 0.5326021909713745}, {'epoch': 36, 'best_score': 0.5391824841499329}, {'epoch': 37, 'best_score': 0.5391824841499329}, {'epoch': 38, 'best_score': 0.5613160729408264}, {'epoch': 39, 'best_score': 0.5589232444763184}, {'epoch': 40, 'best_score': 0.5641076564788818}, {'epoch': 41, 'best_score': 0.5810568332672119}, {'epoch': 42, 'best_score': 0.598006010055542}, {'epoch': 43, 'best_score': 0.598006010055542}, {'epoch': 44, 'best_score': 0.6201395988464355}, {'epoch': 45, 'best_score': 0.6201395988464355}, {'epoch': 46, 'best_score': 0.6201395988464355}, {'epoch': 47, 'best_score': 0.5966101884841919}, {'epoch': 48, 'best_score': 0.6305084824562073}, {'epoch': 49, 'best_score': 0.6474576592445374}]",visda,1,CDANN,PCA16,16.0,0.9990978837013245,0.9990978837013245,0.6784264445304871,0.6693112254142761,splits_visda_CDANN_1_0_b09dc755c62e.npz,b09dc755c62e,False,False,0.0,0.175,0.5671383647798742,,,,0.9668731464542921,all_pca,PCA16,IW residual DIS2 | W=5 | seed=0 (plug-in),True,
iw_residual_dis2,5.0,0.0,24387.0,14480.0,6098.0,3620.0,0.9995080354214496,0.0,1.0,1.00063157081604,0.5,0.5,0.6626225709915161,0.21719664335250854,19.0,56.0,18.0,37.0,0.0006563011097544774,0.015469613259668509,6078.0,20.0,3564.0,56.0,ok,plugin,False,,5798.403185934674,3915.6786551280165,4.9030347682371955,0.7800262675094505,2.3238335315535794,0.875,0.010441988950276244,0.011098290060030722,0.9889017099399693,0.9889017099399693,False,25.0,25.0,0.6711711287498474,0.1666666716337204,0.837837815284729,"[{'epoch': 0, 'best_score': 0.14264267683029175}, {'epoch': 1, 'best_score': 0.1966966986656189}, {'epoch': 2, 'best_score': 0.16966968774795532}, {'epoch': 3, 'best_score': 0.16966968774795532}, {'epoch': 4, 'best_score': 0.22522521018981934}, {'epoch': 5, 'best_score': 0.36486488580703735}, {'epoch': 6, 'best_score': 0.337837815284729}, {'epoch': 7, 'best_score': 0.337837815284729}, {'epoch': 8, 'best_score': 0.337837815284729}, {'epoch': 9, 'best_score': 0.337837815284729}, {'epoch': 10, 'best_score': 0.337837815284729}, {'epoch': 11, 'best_score': 0.337837815284729}, {'epoch': 12, 'best_score': 0.3903903365135193}, {'epoch': 13, 'best_score': 0.4189189076423645}, {'epoch': 14, 'best_score': 0.4189189076423645}, {'epoch': 15, 'best_score': 0.44744744896888733}, {'epoch': 16, 'best_score': 0.47597599029541016}, {'epoch': 17, 'best_score': 0.47597599029541016}, {'epoch': 18, 'best_score': 0.5030030012130737}, {'epoch': 19, 'best_score': 0.5045044422149658}, {'epoch': 20, 'best_score': 0.5060060024261475}, {'epoch': 21, 'best_score': 0.531531572341919}, {'epoch': 22, 'best_score': 0.5885885953903198}, {'epoch': 23, 'best_score': 0.6156156063079834}, {'epoch': 24, 'best_score': 0.6171171069145203}, {'epoch': 25, 'best_score': 0.6711711287498474}, {'epoch': 26, 'best_score': 0.6171171069145203}, {'epoch': 27, 'best_score': 0.6696696877479553}, {'epoch': 28, 'best_score': 0.6696696877479553}, {'epoch': 29, 'best_score': 0.6441441178321838}, {'epoch': 30, 'best_score': 0.6441441178321838}, {'epoch': 31, 'best_score': 0.6441441178321838}, {'epoch': 32, 'best_score': 0.6441441178321838}, {'epoch': 33, 'best_score': 0.6441441178321838}, {'epoch': 34, 'best_score': 0.6441441178321838}, {'epoch': 35, 'best_score': 0.6441441178321838}, {'epoch': 36, 'best_score': 0.6171171069145203}, {'epoch': 37, 'best_score': 0.6171171069145203}, {'epoch': 38, 'best_score': 0.6171171069145203}, {'epoch': 39, 'best_score': 0.6171171069145203}, {'epoch': 40, 'best_score': 0.6171171069145203}, {'epoch': 41, 'best_score': 0.6171171069145203}, {'epoch': 42, 'best_score': 0.6441441178321838}, {'epoch': 43, 'best_score': 0.6711711287498474}, {'epoch': 44, 'best_score': 0.6441441178321838}, {'epoch': 45, 'best_score': 0.6441441178321838}, {'epoch': 46, 'best_score': 0.6441441178321838}, {'epoch': 47, 'best_score': 0.6441441178321838}, {'epoch': 48, 'best_score': 0.6441441178321838}, {'epoch': 49, 'best_score': 0.6441441178321838}]",visda,2,CDANN,PCA16,16.0,0.9995899200439453,0.9995899200439453,0.7107734680175781,0.7140883803367615,splits_visda_CDANN_2_0_b09dc755c62e.npz,b09dc755c62e,False,False,0.0,0.2,0.675,,,,0.9889017099399693,all_pca,PCA16,IW residual DIS2 | W=5 | seed=0 (plug-in),True,
iw_residual_dis2,5.0,0.0,6500.0,33009.0,1625.0,8255.0,0.904,0.0,1.0,1.1619356870651245,0.5,0.5,0.5458275079727173,0.24857781827449799,,,,,0.10204889451519164,0.0,1625.0,0.0,8255.0,0.0,ok,plugin,False,,1639.6990636842488,1589.4140925160707,1.58455989630418,0.9989685997880099,1.2648932267474633,,0.0,0.10204889451519164,0.8979511054848084,0.8979511054848084,False,,,,,,,entity13,1,DANN,PCA32,16.0,0.905846118927002,0.905846118927002,0.7318307161331177,0.7345851063728333,splits_entity13_DANN_1_0_b09dc755c62e.npz,b09dc755c62e,False,False,,,,,,,0.8979511054848084,all_pca,PCA32,IW residual DIS2 | W=5 | seed=0 (plug-in),True,
iw_residual_dis2,5.0,0.0,6500.0,260.0,1625.0,65.0,0.9101538461538462,0.0,1.0,9.66464900970459,0.5,0.5,0.5538461208343506,0.24981722235679626,,,,,0.08995037095586528,0.0,1625.0,0.0,65.0,0.0,ok,plugin,False,,1608.7661585444362,1619.9809465243304,1.1604536991379546,0.9956673837789936,1.0723216383281067,,0.0,0.08995037095586528,0.9100496290441347,0.9100496290441347,False,,,,,,,entity13,2,DANN,PCA32,16.0,0.9129230380058289,0.9129230380058289,0.8615384697914124,0.8461538553237915,splits_entity13_DANN_2_0_b09dc755c62e.npz,b09dc755c62e,False,False,,,,,,,0.9100496290441347,all_pca,PCA32,IW residual DIS2 | W=5 | seed=0 (plug-in),True,
iw_residual_dis2,5.0,0.0,6500.0,260.0,1625.0,65.0,0.9027692307692308,0.0,1.0,1.0816794633865356,0.5,0.5,0.6430768966674805,0.22885441780090332,,,,,0.1284839399389667,0.0,1622.0,3.0,65.0,0.0,ok,plugin,False,,1716.2411933648063,1192.744049797244,4.4120203920598735,0.950975964844875,2.2641597312276875,,0.0,0.1284839399389667,0.8715160600610333,0.8715160600610333,False,,,,,,,entity13,3,DANN,PCA32,16.0,0.907076895236969,0.907076895236969,0.6653845906257629,0.5538461804389954,splits_entity13_DANN_3_0_b09dc755c62e.npz,b09dc755c62e,False,False,,,,,,,0.8715160600610333,all_pca,PCA32,IW residual DIS2 | W=5 | seed=0 (plug-in),True,
iw_residual_dis2,5.0,0.0,6500.0,33009.0,1625.0,8255.0,0.9132307692307693,0.0,1.0,2.7005600929260254,0.5,0.5,0.5197669267654419,0.2498684972524643,,,,,0.08716215772110947,0.0,1625.0,0.0,8255.0,0.0,ok,plugin,False,,1626.655326508478,1621.3422054495493,1.158425976276184,1.0026931715526202,1.0736401740428596,,0.0,0.08716215772110947,0.9128378422788905,0.9128378422788905,False,,,,,,,entity13,1,CDANN,PCA32,8.0,0.9096922874450684,0.9096922874450684,0.7354357838630676,0.7372501492500305,splits_entity13_CDANN_1_0_b09dc755c62e.npz,b09dc755c62e,False,False,,,,,,,0.9128378422788905,all_pca,PCA32,IW residual DIS2 | W=5 | seed=0 (plug-in),True,
iw_residual_dis2,5.0,0.0,6500.0,260.0,1625.0,65.0,0.9058461538461539,0.0,1.0,54.598148345947266,0.5,0.5,0.42000001668930054,0.2502971291542053,,,,,0.09412631092766431,0.0,1625.0,0.0,65.0,0.0,ok,plugin,False,,1623.6186180531126,1624.9384755546039,1.0192760607113707,0.999579483717684,1.00886234680712,,0.0,0.09412631092766431,0.9058736890723357,0.9058736890723357,False,,,,,,,entity13,2,CDANN,PCA32,8.0,0.9081538319587708,0.9081538319587708,0.8423076868057251,0.8769230842590332,splits_entity13_CDANN_2_0_b09dc755c62e.npz,b09dc755c62e,False,False,,,,,,,0.9058736890723357,all_pca,PCA32,IW residual DIS2 | W=5 | seed=0 (plug-in),True,
iw_residual_dis2,5.0,0.0,6500.0,260.0,1625.0,65.0,0.9015384615384615,0.0,1.0,8.84760856628418,0.5,0.5,0.5176923274993896,0.24994578957557678,,,,,0.09886060201695056,0.0,1625.0,0.0,65.0,0.0,ok,plugin,False,,1623.7755246642364,1623.1704918351904,1.1014002773581306,1.0021583412293074,1.0477164618463046,,0.0,0.09886060201695056,0.9011393979830494,0.9011393979830494,False,,,,,,,entity13,3,CDANN,PCA32,8.0,0.9061538577079773,0.9061538577079773,0.6653845906257629,0.5692307949066162,splits_entity13_CDANN_3_0_b09dc755c62e.npz,b09dc755c62e,False,False,,,,,,,0.9011393979830494,all_pca,PCA32,IW residual DIS2 | W=5 | seed=0 (plug-in),True,
iw_residual_dis2,5.0,0.0,6000.0,30828.0,1500.0,7709.0,0.8426666666666667,0.0,1.0,1.0,0.5,0.5,0.5281981229782104,0.24832196533679962,,,,,0.16136222165870315,0.0,1500.0,0.0,7709.0,0.0,ok,plugin,False,,1497.7363912598835,1461.7419877033835,1.5395748485385805,1.0118131691445411,1.2349042073217826,,0.0,0.16136222165870315,0.8386377783412968,0.8386377783412968,False,,,,,,,entity30,1,DANN,PCA32,16.0,0.8550000190734863,0.8550000190734863,0.6190800070762634,0.6236866116523743,splits_entity30_DANN_1_0_b09dc755c62e.npz,b09dc755c62e,False,False,,,,,,,0.8386377783412968,all_pca,PCA32,IW residual DIS2 | W=5 | seed=0 (plug-in),True,
iw_residual_dis2,5.0,0.0,6000.0,240.0,1500.0,60.0,0.8606666666666667,0.0,1.0,39.42509078979492,0.5,0.5,0.5216666460037231,0.24999001622200012,,,,,0.13904037028838753,0.0,1500.0,0.0,60.0,0.0,ok,plugin,False,,1495.4174257237753,1499.7413985123153,1.0513700049594141,0.997541382100323,1.0176862914388873,,0.0,0.13904037028838753,0.8609596297116124,0.8609596297116124,False,,,,,,,entity30,2,DANN,PCA32,16.0,0.8646666407585144,0.8646666407585144,0.7875000238418579,0.7500000596046448,splits_entity30_DANN_2_0_b09dc755c62e.npz,b09dc755c62e,False,False,,,,,,,0.8609596297116124,all_pca,PCA32,IW residual DIS2 | W=5 | seed=0 (plug-in),True,
iw_residual_dis2,5.0,0.0,6000.0,240.0,1500.0,60.0,0.8553333333333333,0.0,1.0,1.964247703552246,0.5,0.5,0.4983333349227905,0.2429448664188385,,,,,0.1404824310121385,0.0,1500.0,0.0,60.0,0.0,ok,plugin,False,,1456.4393591735216,1313.94118110547,2.5441571718434046,0.9333556138433132,1.6254084500601906,,0.0,0.1404824310121385,0.8595175689878615,0.8595175689878615,False,,,,,,,entity30,3,DANN,PCA32,16.0,0.8636666536331177,0.8636666536331177,0.5708333849906921,0.6666666865348816,splits_entity30_DANN_3_0_b09dc755c62e.npz,b09dc755c62e,False,False,,,,,,,0.8595175689878615,all_pca,PCA32,IW residual DIS2 | W=5 | seed=0 (plug-in),True,
iw_residual_dis2,5.0,0.0,6000.0,30828.0,1500.0,7709.0,0.856,0.0,1.0,2.5279157161712646,0.5,0.5,0.5063995122909546,0.24990937113761902,,,,,0.1437124147636751,0.0,1500.0,0.0,7709.0,0.0,ok,plugin,False,,1496.8521803474102,1497.045501258576,1.1665409247948384,1.0025755791090436,1.0592385385238843,,0.0,0.1437124147636751,0.8562875852363249,0.8562875852363249,False,,,,,,,entity30,1,CDANN,PCA32,8.0,0.8611666560173035,0.8611666560173035,0.627903163433075,0.6345829367637634,splits_entity30_CDANN_1_0_b09dc755c62e.npz,b09dc755c62e,False,False,,,,,,,0.8562875852363249,all_pca,PCA32,IW residual DIS2 | W=5 | seed=0 (plug-in),True,
iw_residual_dis2,5.0,0.0,6000.0,240.0,1500.0,60.0,0.862,0.0,1.0,4.503905773162842,0.5,0.5,0.4741666615009308,0.2497161626815796,,,,,0.13614533083453478,0.0,1500.0,0.0,60.0,0.0,ok,plugin,False,,1489.1992266780057,1490.022517157249,1.3305157024593608,0.9904459336363598,1.133894265073839,,0.0,0.13614533083453478,0.8638546691654652,0.8638546691654652,False,,,,,,,entity30,2,CDANN,PCA32,8.0,0.8646666407585144,0.8646666407585144,0.8125000596046448,0.7500000596046448,splits_entity30_CDANN_2_0_b09dc755c62e.npz,b09dc755c62e,False,False,,,,,,,0.8638546691654652,all_pca,PCA32,IW residual DIS2 | W=5 | seed=0 (plug-in),True,
iw_residual_dis2,5.0,0.0,6000.0,240.0,1500.0,60.0,0.8453333333333333,0.0,1.0,10.147822380065918,0.5,0.5,0.4725000262260437,0.24989424645900726,,,,,0.15179424807330336,0.0,1500.0,0.0,60.0,0.0,ok,plugin,False,,1491.3910945512457,1496.3597696327004,1.232499556188773,0.989038422067769,1.08520130446487,,0.0,0.15179424807330336,0.8482057519266967,0.8482057519266967,False,,,,,,,entity30,3,CDANN,PCA32,8.0,0.8573333024978638,0.8573333024978638,0.5625,0.6166666746139526,splits_entity30_CDANN_3_0_b09dc755c62e.npz,b09dc755c62e,False,False,,,,,,,0.8482057519266967,all_pca,PCA32,IW residual DIS2 | W=5 | seed=0 (plug-in),True,
iw_residual_dis2,5.0,0.0,10000.0,2000.0,2500.0,500.0,0.9452,0.0,1.0,2.0272629261016846,0.5,0.5,0.5300000309944153,0.24772635102272034,,,,,0.06159177277463041,0.0,2500.0,0.0,500.0,0.0,ok,plugin,False,,2467.1965870424124,2411.840378418978,1.9388134184650676,0.9580045099196989,1.350504299465891,,0.0,0.06159177277463041,0.9384082272253695,0.9384082272253695,False,,,,,,,cifar10,1,DANN,PCA32,16.0,0.9508999586105347,0.9508999586105347,0.8440000414848328,0.8360000252723694,splits_cifar10_DANN_1_0_b09dc755c62e.npz,b09dc755c62e,False,False,,,,,,,0.9384082272253695,all_pca,PCA32,IW residual DIS2 | W=5 | seed=0 (plug-in),True,
iw_residual_dis2,5.0,0.0,10000.0,2000.0,2500.0,500.0,0.946,0.0,1.0,54.598148345947266,0.5,0.5,0.468999981880188,0.2500308156013489,,,,,0.05408201849460714,0.0,2500.0,0.0,500.0,0.0,ok,plugin,False,,2499.14311834454,2499.9644328469526,1.0123555358048162,0.9995978561110335,1.0057733449639976,,0.0,0.05408201849460714,0.9459179815053929,0.9459179815053929,False,,,,,,,cifar10,10,DANN,PCA32,16.0,0.9477999806404114,0.9477999806404114,0.924500048160553,0.9120000600814819,splits_cifar10_DANN_10_0_b09dc755c62e.npz,b09dc755c62e,False,False,,,,,,,0.9459179815053929,all_pca,PCA32,IW residual DIS2 | W=5 | seed=0 (plug-in),True,
iw_residual_dis2,5.0,0.0,10000.0,2000.0,2500.0,500.0,0.9452,0.0,1.0,3.140820264816284,0.5,0.5,0.5245000123977661,0.24969375133514404,,,,,0.05673157372753628,0.0,2500.0,0.0,500.0,0.0,ok,plugin,False,,2490.923867895351,2488.215336444924,1.273455056328897,0.9914295710314842,1.117982704401475,,0.0,0.05673157372753628,0.9432684262724638,0.9432684262724638,False,,,,,,,cifar10,71,DANN,PCA32,16.0,0.9487999677658081,0.9487999677658081,0.9305000305175781,0.9180000424385071,splits_cifar10_DANN_71_0_b09dc755c62e.npz,b09dc755c62e,False,False,,,,,,,0.9432684262724638,all_pca,PCA32,IW residual DIS2 | W=5 | seed=0 (plug-in),True,
iw_residual_dis2,5.0,0.0,10000.0,2000.0,2500.0,500.0,0.9528,0.0,1.0,54.598148345947266,0.5,0.5,0.49150002002716064,0.2500372529029846,,,,,0.047230687674426064,0.0,2500.0,0.0,500.0,0.0,ok,plugin,False,,2499.2147894815907,2499.9681729037898,1.0131106690692462,0.9994120483803545,1.006166253324369,,0.0,0.047230687674426064,0.9527693123255739,0.9527693123255739,False,,,,,,,cifar10,95,DANN,PCA32,16.0,0.9515999555587769,0.9515999555587769,0.9390000700950623,0.9360000491142273,splits_cifar10_DANN_95_0_b09dc755c62e.npz,b09dc755c62e,False,False,,,,,,,0.9527693123255739,all_pca,PCA32,IW residual DIS2 | W=5 | seed=0 (plug-in),True,
iw_residual_dis2,5.0,0.0,10000.0,2000.0,2500.0,500.0,0.9476,0.0,1.0,19.437976837158203,0.5,0.5,0.48000001907348633,0.2499961256980896,,,,,0.052512941846897476,0.0,2500.0,0.0,500.0,0.0,ok,plugin,False,,2498.364546143335,2499.8254296291298,1.0194771839014187,1.0005648736761363,1.01161397076632,,0.0,0.052512941846897476,0.9474870581531025,0.9474870581531025,False,,,,,,,cifar10,1,CDANN,PCA32,8.0,0.949999988079071,0.949999988079071,0.846500039100647,0.8440000414848328,splits_cifar10_CDANN_1_0_b09dc755c62e.npz,b09dc755c62e,False,False,,,,,,,0.9474870581531025,all_pca,PCA32,IW residual DIS2 | W=5 | seed=0 (plug-in),True,
iw_residual_dis2,5.0,0.0,10000.0,2000.0,2500.0,500.0,0.9468,0.0,1.0,25.382333755493164,0.5,0.5,0.512499988079071,0.24999447166919708,,,,,0.05335735451475207,0.0,2500.0,0.0,500.0,0.0,ok,plugin,False,,2497.1751447206766,2499.789268476259,1.031139072831701,0.9985741486039289,1.0141949374102317,,0.0,0.05335735451475207,0.9466426454852479,0.9466426454852479,False,,,,,,,cifar10,10,CDANN,PCA32,8.0,0.948699951171875,0.948699951171875,0.9160000681877136,0.9120000600814819,splits_cifar10_CDANN_10_0_b09dc755c62e.npz,b09dc755c62e,False,False,,,,,,,0.9466426454852479,all_pca,PCA32,IW residual DIS2 | W=5 | seed=0 (plug-in),True,
iw_residual_dis2,5.0,0.0,10000.0,2000.0,2500.0,500.0,0.9492,0.0,1.0,1.305922031402588,0.5,0.5,0.5320000052452087,0.24796941876411438,,,,,0.05602624824111132,0.0,2500.0,0.0,500.0,0.0,ok,plugin,False,,2480.936451770826,2418.805163177618,1.9076199096686965,0.9687997924512688,1.3196885452913183,,0.0,0.05602624824111132,0.9439737517588886,0.9439737517588886,False,,,,,,,cifar10,71,CDANN,PCA32,8.0,0.9511999487876892,0.9511999487876892,0.9280000329017639,0.9040000438690186,splits_cifar10_CDANN_71_0_b09dc755c62e.npz,b09dc755c62e,False,False,,,,,,,0.9439737517588886,all_pca,PCA32,IW residual DIS2 | W=5 | seed=0 (plug-in),True,
iw_residual_dis2,5.0,0.0,10000.0,2000.0,2500.0,500.0,0.9516,0.0,1.0,1.621476650238037,0.5,0.5,0.5239999890327454,0.2489166557788849,,,,,0.049980609580718524,0.0,2500.0,0.0,500.0,0.0,ok,plugin,False,,2483.7527084594317,2457.2460889210465,1.6600010295644225,0.9823756532257324,1.2225328229548955,,0.0,0.049980609580718524,0.9500193904192815,0.9500193904192815,False,,,,,,,cifar10,95,CDANN,PCA32,8.0,0.9526000022888184,0.9526000022888184,0.9355000257492065,0.9260000586509705,splits_cifar10_CDANN_95_0_b09dc755c62e.npz,b09dc755c62e,False,False,,,,,,,0.9500193904192815,all_pca,PCA32,IW residual DIS2 | W=5 | seed=0 (plug-in),True,
iw_residual_dis2,5.0,0.0,10000.0,2000.0,2500.0,500.0,0.758,0.0,1.0,54.598148345947266,0.5,0.5,0.4930000305175781,0.2500110864639282,,,,,0.24196799697194565,0.0,2500.0,0.0,500.0,0.0,ok,plugin,False,,2499.4973333132975,2499.944718500047,1.0184786744844583,0.9996870100103858,1.0073850627435226,,0.0,0.24196799697194565,0.7580320030280543,0.7580320030280543,False,,,,,,,cifar100,4,DANN,PCA32,16.0,0.7841999530792236,0.7841999530792236,0.7440000176429749,0.7760000228881836,splits_cifar100_DANN_4_0_b09dc755c62e.npz,b09dc755c62e,False,True,,,,,,,0.7580320030280543,all_pca,PCA32,IW residual DIS2 | W=5 | seed=0 (plug-in),True,
iw_residual_dis2,5.0,0.0,10000.0,2000.0,2500.0,500.0,0.76,0.0,1.0,15.843558311462402,0.5,0.5,0.5145000219345093,0.24998313188552856,,,,,0.23995813848438596,0.0,2500.0,0.0,500.0,0.0,ok,plugin,False,,2498.364069778636,2499.274552940353,1.0659496780600084,0.9985164957059953,1.0282525079765281,,0.0,0.23995813848438596,0.760041861515614,0.760041861515614,False,,,,,,,cifar100,12,DANN,PCA32,16.0,0.7831999659538269,0.7831999659538269,0.7545000314712524,0.7860000133514404,splits_cifar100_DANN_12_0_b09dc755c62e.npz,b09dc755c62e,False,True,,,,,,,0.760041861515614,all_pca,PCA32,IW residual DIS2 | W=5 | seed=0 (plug-in),True,
iw_residual_dis2,5.0,0.0,10000.0,2000.0,2500.0,500.0,0.7596,0.0,1.0,6.188881874084473,0.5,0.5,0.5164999961853027,0.24988257884979248,,,,,0.23989201641413116,0.0,2500.0,0.0,500.0,0.0,ok,plugin,False,,2495.29424299161,2495.25758894308,1.1730820016791645,0.9977409165758746,1.0691175573345837,,0.0,0.23989201641413116,0.7601079835858688,0.7601079835858688,False,,,,,,,cifar100,59,DANN,PCA32,16.0,0.7841999530792236,0.7841999530792236,0.7585000395774841,0.7720000147819519,splits_cifar100_DANN_59_0_b09dc755c62e.npz,b09dc755c62e,False,True,,,,,,,0.7601079835858688,all_pca,PCA32,IW residual DIS2 | W=5 | seed=0 (plug-in),True,
iw_residual_dis2,5.0,0.0,10000.0,2000.0,2500.0,500.0,0.764,0.0,1.0,10.369760513305664,0.5,0.5,0.5195000171661377,0.2499563992023468,,,,,0.23581564948703795,0.0,2500.0,0.0,500.0,0.0,ok,plugin,False,,2497.727194560759,2498.1475349670977,1.0854963687279817,0.9997437090005009,1.0433668398710554,,0.0,0.23581564948703795,0.7641843505129621,0.7641843505129621,False,,,,,,,cifar100,82,DANN,PCA32,16.0,0.7861999869346619,0.7861999869346619,0.7695000171661377,0.7700000405311584,splits_cifar100_DANN_82_0_b09dc755c62e.npz,b09dc755c62e,True,True,,,,,,,0.7641843505129621,all_pca,PCA32,IW residual DIS2 | W=5 | seed=0 (plug-in),True,
iw_residual_dis2,5.0,0.0,10000.0,2000.0,2500.0,500.0,0.762,0.0,1.0,54.598148345947266,0.5,0.5,0.4880000054836273,0.25000813603401184,,,,,0.23796506977279933,0.0,2500.0,0.0,500.0,0.0,ok,plugin,False,,2499.5512378749445,2499.977810731281,1.0096347731823985,0.9995188344584585,1.0048454639004856,,0.0,0.23796506977279933,0.7620349302272007,0.7620349302272007,False,,,,,,,cifar100,4,CDANN,PCA32,8.0,0.7849999666213989,0.7849999666213989,0.7275000214576721,0.7480000257492065,splits_cifar100_CDANN_4_0_b09dc755c62e.npz,b09dc755c62e,False,False,,,,,,,0.7620349302272007,all_pca,PCA32,IW residual DIS2 | W=5 | seed=0 (plug-in),True,
iw_residual_dis2,5.0,0.0,10000.0,2000.0,2500.0,500.0,0.766,0.0,1.0,9.562859535217285,0.5,0.5,0.47200000286102295,0.24997751414775848,,,,,0.233703264756191,0.0,2500.0,0.0,500.0,0.0,ok,plugin,False,,2496.3061924549593,2498.9874061291434,1.0561509210702766,0.9984374174969906,1.0313742183696766,,0.0,0.233703264756191,0.766296735243809,0.766296735243809,False,,,,,,,cifar100,12,CDANN,PCA32,8.0,0.7858999967575073,0.7858999967575073,0.7480000257492065,0.7680000066757202,splits_cifar100_CDANN_12_0_b09dc755c62e.npz,b09dc755c62e,False,True,,,,,,,0.766296735243809,all_pca,PCA32,IW residual DIS2 | W=5 | seed=0 (plug-in),True,
iw_residual_dis2,5.0,0.0,10000.0,2000.0,2500.0,500.0,0.7664,0.0,1.0,4.717407703399658,0.5,0.5,0.5190000534057617,0.24988389015197754,,,,,0.2325804144228213,0.0,2500.0,0.0,500.0,0.0,ok,plugin,False,,2492.6672964530735,2495.445445780796,1.117917217297565,0.9953606385874997,1.0682453534468566,,0.0,0.2325804144228213,0.7674195855771787,0.7674195855771787,False,,,,,,,cifar100,59,CDANN,PCA32,8.0,0.7870000004768372,0.7870000004768372,0.7580000162124634,0.7920000553131104,splits_cifar100_CDANN_59_0_b09dc755c62e.npz,b09dc755c62e,False,True,,,,,,,0.7674195855771787,all_pca,PCA32,IW residual DIS2 | W=5 | seed=0 (plug-in),True,
iw_residual_dis2,5.0,0.0,10000.0,2000.0,2500.0,500.0,0.7652,0.0,1.0,54.598148345947266,0.5,0.5,0.4884999990463257,0.25000301003456116,,,,,0.2347418213526253,0.0,2500.0,0.0,500.0,0.0,ok,plugin,False,,2499.428048385223,2499.972594296132,1.0089018136889036,0.9998866514802301,1.004912653251885,,0.0,0.2347418213526253,0.7652581786473747,0.7652581786473747,False,,,,,,,cifar100,82,CDANN,PCA32,8.0,0.7872999906539917,0.7872999906539917,0.7635000348091125,0.7720000147819519,splits_cifar100_CDANN_82_0_b09dc755c62e.npz,b09dc755c62e,False,True,,,,,,,0.7652581786473747,all_pca,PCA32,IW residual DIS2 | W=5 | seed=0 (plug-in),True,
iw_residual_dis2,5.0,0.0,28152.0,9910.0,7040.0,2478.0,0.803125,0.0,1.0,1.338970422744751,0.5,0.5,0.5970046520233154,0.23833927512168884,,,,,0.20463274679259233,0.0004035512510088781,7040.0,0.0,2477.0,1.0,unsupported_residual_source_region,plugin,False,,6829.66222494314,6007.684097201425,4.216131872998406,0.9013349528165234,1.7264493059862833,,,,,,,,,,,,,domainnet,1,DANN,PCA32,64.0,0.8072605729103088,0.8072605729103088,0.465893030166626,0.47497981786727905,splits_domainnet_DANN_1_0_b09dc755c62e.npz,b09dc755c62e,,,,,,,,,,all_pca,PCA32,IW residual DIS2 | W=5 | seed=0 (plug-in),False,
iw_residual_dis2,5.0,0.0,28152.0,14207.0,7040.0,3553.0,0.8038352272727273,0.0,1.0,1.177695393562317,0.5,0.5,0.6193543076515198,0.22928348183631897,5.0,49.0,7.0,25.0,0.21519174114780876,0.015761328454826907,7034.0,6.0,3497.0,56.0,ok,plugin,False,,6864.130431042549,5150.697406982494,4.918299838678522,0.835756531973906,2.0861117547783037,0.9821428571428571,0.007599211933577258,0.22279095308138602,0.7772090469186139,0.7772090469186139,False,7.0,6.0,0.1428571343421936,0.8571428656578064,1.0,"[{'epoch': 0, 'best_score': 0.0}, {'epoch': 1, 'best_score': 0.0}, {'epoch': 2, 'best_score': 0.0}, {'epoch': 3, 'best_score': 0.0}, {'epoch': 4, 'best_score': 0.0}, {'epoch': 5, 'best_score': 0.0}, {'epoch': 6, 'best_score': 0.0}, {'epoch': 7, 'best_score': 0.1428571343421936}, {'epoch': 8, 'best_score': 0.1428571343421936}, {'epoch': 9, 'best_score': 0.10285711288452148}, {'epoch': 10, 'best_score': 0.10285711288452148}, {'epoch': 11, 'best_score': 0.10285711288452148}, {'epoch': 12, 'best_score': 0.10285711288452148}, {'epoch': 13, 'best_score': 0.10285711288452148}, {'epoch': 14, 'best_score': 0.10285711288452148}, {'epoch': 15, 'best_score': 0.10285711288452148}, {'epoch': 16, 'best_score': 0.0}, {'epoch': 17, 'best_score': 0.0}, {'epoch': 18, 'best_score': 0.0}, {'epoch': 19, 'best_score': 0.0}, {'epoch': 20, 'best_score': 0.0}, {'epoch': 21, 'best_score': 0.0}, {'epoch': 22, 'best_score': 0.0}, {'epoch': 23, 'best_score': 0.0}, {'epoch': 24, 'best_score': 0.0}, {'epoch': 25, 'best_score': 0.0}, {'epoch': 26, 'best_score': 0.0}, {'epoch': 27, 'best_score': 0.0}, {'epoch': 28, 'best_score': 0.0}, {'epoch': 29, 'best_score': 0.0}, {'epoch': 30, 'best_score': 0.0}, {'epoch': 31, 'best_score': 0.0}, {'epoch': 32, 'best_score': 0.0}, {'epoch': 33, 'best_score': 0.0}, {'epoch': 34, 'best_score': 0.0}, {'epoch': 35, 'best_score': 0.0}, {'epoch': 36, 'best_score': 0.0}, {'epoch': 37, 'best_score': 0.0}, {'epoch': 38, 'best_score': 0.0}, {'epoch': 39, 'best_score': 0.0}, {'epoch': 40, 'best_score': 0.0}, {'epoch': 41, 'best_score': 0.0}, {'epoch': 42, 'best_score': 0.0}, {'epoch': 43, 'best_score': 0.0}, {'epoch': 44, 'best_score': 0.0}, {'epoch': 45, 'best_score': 0.0}, {'epoch': 46, 'best_score': 0.0}, {'epoch': 47, 'best_score': 0.0}, {'epoch': 48, 'best_score': 0.0}, {'epoch': 49, 'best_score': 0.0}]",domainnet,2,DANN,PCA32,64.0,0.8101378083229065,0.8101378083229065,0.38572534918785095,0.38727834820747375,splits_domainnet_DANN_2_0_b09dc755c62e.npz,b09dc755c62e,False,False,0.3333333333333333,0.8333333333333334,0.14880952380952372,,,,0.7772090469186139,all_pca,PCA32,IW residual DIS2 | W=5 | seed=0 (plug-in),True,
iw_residual_dis2,5.0,0.0,28152.0,15295.0,7040.0,3825.0,0.8072443181818182,0.0,1.0,0.9406789541244507,0.5,0.5,0.6138694286346436,0.23278658092021942,16.0,26.0,6.0,10.0,0.21149668684781173,0.005490196078431373,7033.0,7.0,3804.0,21.0,ok,plugin,False,,7091.497403403751,5266.282681767508,4.994691922255707,0.8726048734371132,2.1598914359344485,0.9047619047619048,-0.000522875816993464,0.21097381103081828,0.7890261889691818,0.7890261889691818,False,8.0,21.0,0.3999999761581421,0.5,0.8999999761581421,"[{'epoch': 0, 'best_score': 0.0}, {'epoch': 1, 'best_score': 0.0}, {'epoch': 2, 'best_score': 0.1666666865348816}, {'epoch': 3, 'best_score': 0.13333332538604736}, {'epoch': 4, 'best_score': 0.2333332896232605}, {'epoch': 5, 'best_score': 0.3333333134651184}, {'epoch': 6, 'best_score': 0.3333333134651184}, {'epoch': 7, 'best_score': 0.2333332896232605}, {'epoch': 8, 'best_score': 0.3999999761581421}, {'epoch': 9, 'best_score': 0.30000001192092896}, {'epoch': 10, 'best_score': 0.2333332896232605}, {'epoch': 11, 'best_score': 0.3333333134651184}, {'epoch': 12, 'best_score': 0.3333333134651184}, {'epoch': 13, 'best_score': 0.3999999761581421}, {'epoch': 14, 'best_score': 0.3999999761581421}, {'epoch': 15, 'best_score': 0.3999999761581421}, {'epoch': 16, 'best_score': 0.3999999761581421}, {'epoch': 17, 'best_score': 0.3999999761581421}, {'epoch': 18, 'best_score': 0.30000001192092896}, {'epoch': 19, 'best_score': 0.30000001192092896}, {'epoch': 20, 'best_score': 0.30000001192092896}, {'epoch': 21, 'best_score': 0.30000001192092896}, {'epoch': 22, 'best_score': 0.30000001192092896}, {'epoch': 23, 'best_score': 0.30000001192092896}, {'epoch': 24, 'best_score': 0.30000001192092896}, {'epoch': 25, 'best_score': 0.30000001192092896}, {'epoch': 26, 'best_score': 0.30000001192092896}, {'epoch': 27, 'best_score': 0.30000001192092896}, {'epoch': 28, 'best_score': 0.30000001192092896}, {'epoch': 29, 'best_score': 0.30000001192092896}, {'epoch': 30, 'best_score': 0.30000001192092896}, {'epoch': 31, 'best_score': 0.30000001192092896}, {'epoch': 32, 'best_score': 0.30000001192092896}, {'epoch': 33, 'best_score': 0.30000001192092896}, {'epoch': 34, 'best_score': 0.30000001192092896}, {'epoch': 35, 'best_score': 0.30000001192092896}, {'epoch': 36, 'best_score': 0.30000001192092896}, {'epoch': 37, 'best_score': 0.30000001192092896}, {'epoch': 38, 'best_score': 0.30000001192092896}, {'epoch': 39, 'best_score': 0.30000001192092896}, {'epoch': 40, 'best_score': 0.30000001192092896}, {'epoch': 41, 'best_score': 0.30000001192092896}, {'epoch': 42, 'best_score': 0.30000001192092896}, {'epoch': 43, 'best_score': 0.30000001192092896}, {'epoch': 44, 'best_score': 0.30000001192092896}, {'epoch': 45, 'best_score': 0.30000001192092896}, {'epoch': 46, 'best_score': 0.30000001192092896}, {'epoch': 47, 'best_score': 0.30000001192092896}, {'epoch': 48, 'best_score': 0.30000001192092896}, {'epoch': 49, 'best_score': 0.30000001192092896}]",domainnet,3,DANN,PCA32,64.0,0.8096050024032593,0.8096050024032593,0.4719189405441284,0.46562090516090393,splits_domainnet_DANN_3_0_b09dc755c62e.npz,b09dc755c62e,False,False,0.0,1.0,-0.09523809523809523,,,,0.7890261889691818,all_pca,PCA32,IW residual DIS2 | W=5 | seed=0 (plug-in),True,
iw_residual_dis2,5.0,0.0,28152.0,9910.0,7040.0,2478.0,0.8025568181818181,0.0,1.0,0.686977744102478,0.5,0.5,0.5479276180267334,0.24621573090553284,,,,,0.21531252464778344,0.0,7040.0,0.0,2478.0,0.0,ok,plugin,False,,7138.322882001561,6607.324294375535,2.3110399728090454,0.9865308637324529,1.4779580451799463,,0.0,0.21531252464778344,0.7846874753522166,0.7846874753522166,False,,,,,,,domainnet,1,CDANN,PCA32,8.0,0.8055910468101501,0.8055910468101501,0.5121089816093445,0.5205811262130737,splits_domainnet_CDANN_1_0_b09dc755c62e.npz,b09dc755c62e,False,False,,,,,,,0.7846874753522166,all_pca,PCA32,IW residual DIS2 | W=5 | seed=0 (plug-in),True,
iw_residual_dis2,5.0,0.0,28152.0,14207.0,7040.0,3553.0,0.8004261363636364,0.0,1.0,1.1209747791290283,0.5,0.5,0.5485158562660217,0.24675559997558594,,,,,0.20992059666579405,0.0,7040.0,0.0,3553.0,0.0,ok,plugin,False,,7047.346717683889,6706.169599160667,1.9159036245560344,0.9853284904826031,1.3902834623234255,,0.0,0.20992059666579405,0.790079403334206,0.790079403334206,False,,,,,,,domainnet,2,CDANN,PCA32,8.0,0.8071539998054504,0.8071539998054504,0.42063772678375244,0.4218969941139221,splits_domainnet_CDANN_2_0_b09dc755c62e.npz,b09dc755c62e,False,False,,,,,,,0.790079403334206,all_pca,PCA32,IW residual DIS2 | W=5 | seed=0 (plug-in),True,
iw_residual_dis2,5.0,0.0,28152.0,15295.0,7040.0,3825.0,0.8063920454545455,0.0,1.0,0.8796170949935913,0.5,0.5,0.5716710686683655,0.2413591742515564,,,,,0.1825960442957789,0.0,7040.0,0.0,3825.0,0.0,ok,plugin,False,,7109.256081197174,6169.6797056349815,3.2757619872570327,0.9510064077025535,1.6947876931996138,,0.0,0.1825960442957789,0.8174039557042211,0.8174039557042211,False,,,,,,,domainnet,3,CDANN,PCA32,8.0,0.8074381947517395,0.8074381947517395,0.49369075894355774,0.48549020290374756,splits_domainnet_CDANN_3_0_b09dc755c62e.npz,b09dc755c62e,False,False,,,,,,,0.8174039557042211,all_pca,PCA32,IW residual DIS2 | W=5 | seed=0 (plug-in),True,
iw_residual_dis2,5.0,0.0,1700.0,8804.0,425.0,2203.0,0.8658823529411764,0.0,1.0,2.206784963607788,0.5,0.5,0.532453179359436,0.248231440782547,,,,,0.1436071555730723,0.0,425.0,0.0,2203.0,0.0,ok,plugin,False,,432.44242498918817,411.9832546594768,1.471223932180203,1.028253930378775,1.3043728956603822,,0.0,0.1436071555730723,0.8563928444269278,0.8563928444269278,False,,,,,,,living17,1,DANN,PCA32,16.0,0.8994117379188538,0.8994117379188538,0.6758291721343994,0.6876986026763916,splits_living17_DANN_1_0_b09dc755c62e.npz,b09dc755c62e,False,False,,,,,,,0.8563928444269278,all_pca,PCA32,IW residual DIS2 | W=5 | seed=0 (plug-in),True,
iw_residual_dis2,5.0,0.0,1700.0,68.0,425.0,19.0,0.8823529411764706,0.0,1.0,4.442756652832031,0.5,0.5,0.5647058486938477,0.24467317759990692,,,,,0.10129363945394156,0.0,425.0,0.0,19.0,0.0,ok,plugin,False,,370.00198238003014,388.61351230668083,1.6988649189239498,0.8765893477410559,1.3157139970520624,,0.0,0.10129363945394156,0.8987063605460585,0.8987063605460585,False,,,,,,,living17,2,DANN,PCA32,16.0,0.9094117283821106,0.9094117283821106,0.8970588445663452,0.8421052694320679,splits_living17_DANN_2_0_b09dc755c62e.npz,b09dc755c62e,False,False,,,,,,,0.8987063605460585,all_pca,PCA32,IW residual DIS2 | W=5 | seed=0 (plug-in),True,
iw_residual_dis2,5.0,0.0,1700.0,68.0,425.0,19.0,0.8894117647058823,0.0,1.0,2.5781736373901367,0.5,0.5,0.5970588326454163,0.2325294017791748,,,,,0.0989457465753694,0.0,425.0,0.0,19.0,0.0,ok,plugin,False,,354.0334383654587,337.1041460178073,2.63875334217008,0.7711086978121082,1.6093407920757055,,0.0,0.0989457465753694,0.9010542534246306,0.9010542534246306,False,,,,,,,living17,3,DANN,PCA32,16.0,0.9052940607070923,0.9052940607070923,0.5882353186607361,0.6842105388641357,splits_living17_DANN_3_0_b09dc755c62e.npz,b09dc755c62e,False,False,,,,,,,0.9010542534246306,all_pca,PCA32,IW residual DIS2 | W=5 | seed=0 (plug-in),True,
iw_residual_dis2,5.0,0.0,1700.0,8804.0,425.0,2203.0,0.8894117647058823,0.0,1.0,5.41670560836792,0.5,0.5,0.5030080080032349,0.24986186623573303,,,,,0.11206846135422087,0.0,425.0,0.0,2203.0,0.0,ok,plugin,False,,426.3689697964522,424.03722863574507,1.1476135555971356,1.0010814084159105,1.0824885299307634,,0.0,0.11206846135422087,0.8879315386457791,0.8879315386457791,False,,,,,,,living17,1,CDANN,PCA32,8.0,0.9052940607070923,0.9052940607070923,0.6863925457000732,0.6981388926506042,splits_living17_CDANN_1_0_b09dc755c62e.npz,b09dc755c62e,False,False,,,,,,,0.8879315386457791,all_pca,PCA32,IW residual DIS2 | W=5 | seed=0 (plug-in),True,
iw_residual_dis2,5.0,0.0,1700.0,68.0,425.0,19.0,0.8917647058823529,0.0,1.0,54.598148345947266,0.5,0.5,0.3382352888584137,0.2500748336315155,,,,,0.1075678555048038,0.0,425.0,0.0,19.0,0.0,ok,plugin,False,,422.6652594368511,424.93240673354376,1.054305261295918,0.9933918753788541,1.0166605396331967,,0.0,0.1075678555048038,0.8924321444951961,0.8924321444951961,False,,,,,,,living17,2,CDANN,PCA32,8.0,0.9094117283821106,0.9094117283821106,0.8676470518112183,0.8421052694320679,splits_living17_CDANN_2_0_b09dc755c62e.npz,b09dc755c62e,False,False,,,,,,,0.8924321444951961,all_pca,PCA32,IW residual DIS2 | W=5 | seed=0 (plug-in),True,
iw_residual_dis2,5.0,0.0,1700.0,68.0,425.0,19.0,0.8823529411764706,0.0,1.0,54.598148345947266,0.5,0.5,0.4107843041419983,0.25055694580078125,,,,,0.11702337983568245,0.0,425.0,0.0,19.0,0.0,ok,plugin,False,,423.3943201084988,424.9171983386957,1.0431580817547115,0.9977900006774588,1.0165345587986698,,0.0,0.11702337983568245,0.8829766201643175,0.8829766201643175,False,,,,,,,living17,3,CDANN,PCA32,8.0,0.9052940607070923,0.9052940607070923,0.5588235259056091,0.6315789222717285,splits_living17_CDANN_3_0_b09dc755c62e.npz,b09dc755c62e,False,False,,,,,,,0.8829766201643175,all_pca,PCA32,IW residual DIS2 | W=5 | seed=0 (plug-in),True,
iw_residual_dis2,5.0,0.0,2600.0,13282.0,650.0,3322.0,0.8046153846153846,0.0,1.0,3.803554058074951,0.5,0.5,0.4949953556060791,0.24979206919670105,,,,,0.19638784312031546,0.0,650.0,0.0,3322.0,0.0,ok,plugin,False,,648.0321221614721,647.5140399651125,1.1754829283535895,1.003429812886901,1.0876079310955025,,0.0,0.19638784312031546,0.8036121568796846,0.8036121568796846,False,,,,,,,nonliving26,1,DANN,PCA32,16.0,0.8126922845840454,0.8126922845840454,0.5122722387313843,0.5192654728889465,splits_nonliving26_DANN_1_0_b09dc755c62e.npz,b09dc755c62e,False,False,,,,,,,0.8036121568796846,all_pca,PCA32,IW residual DIS2 | W=5 | seed=0 (plug-in),True,
iw_residual_dis2,5.0,0.0,2600.0,104.0,650.0,28.0,0.8292307692307692,0.0,1.0,54.598148345947266,0.5,0.5,0.428846150636673,0.25057846307754517,,,,,0.1695918216554627,0.0,650.0,0.0,28.0,0.0,ok,plugin,False,,644.9450334618256,649.7022610368109,1.0638896943777993,0.9931055201581844,1.0263503742375486,,0.0,0.1695918216554627,0.8304081783445373,0.8304081783445373,False,,,,,,,nonliving26,2,DANN,PCA32,16.0,0.8176922798156738,0.8176922798156738,0.75,0.7142857313156128,splits_nonliving26_DANN_2_0_b09dc755c62e.npz,b09dc755c62e,False,False,,,,,,,0.8304081783445373,all_pca,PCA32,IW residual DIS2 | W=5 | seed=0 (plug-in),True,
iw_residual_dis2,5.0,0.0,2600.0,104.0,650.0,28.0,0.8246153846153846,0.0,1.0,54.598148345947266,0.5,0.5,0.5519230365753174,0.25018563866615295,,,,,0.17487564669811262,0.0,650.0,0.0,28.0,0.0,ok,plugin,False,,644.8817129149197,649.6779386930249,1.0480817790994512,0.9925911391371538,1.0282513250781788,,0.0,0.17487564669811262,0.8251243533018874,0.8251243533018874,False,,,,,,,nonliving26,3,DANN,PCA32,16.0,0.8146153688430786,0.8146153688430786,0.4038461744785309,0.3214285969734192,splits_nonliving26_DANN_3_0_b09dc755c62e.npz,b09dc755c62e,False,False,,,,,,,0.8251243533018874,all_pca,PCA32,IW residual DIS2 | W=5 | seed=0 (plug-in),True,
iw_residual_dis2,5.0,0.0,2600.0,13282.0,650.0,3322.0,0.8169230769230769,0.0,1.0,6.28633975982666,0.5,0.5,0.5100845694541931,0.24996723234653473,,,,,0.1837138993509626,0.0,650.0,0.0,3322.0,0.0,ok,plugin,False,,650.9397035641871,649.6615079353536,1.0878530222853675,1.0006612306023595,1.0399195222893356,,0.0,0.1837138993509626,0.8162861006490374,0.8162861006490374,False,,,,,,,nonliving26,1,CDANN,PCA32,8.0,0.8176922798156738,0.8176922798156738,0.5332028269767761,0.5352197289466858,splits_nonliving26_CDANN_1_0_b09dc755c62e.npz,b09dc755c62e,False,False,,,,,,,0.8162861006490374,all_pca,PCA32,IW residual DIS2 | W=5 | seed=0 (plug-in),True,
iw_residual_dis2,5.0,0.0,2600.0,104.0,650.0,28.0,0.8138461538461539,0.0,1.0,54.598148345947266,0.5,0.5,0.517307698726654,0.2506106197834015,,,,,0.18498830410202713,0.0,650.0,0.0,28.0,0.0,ok,plugin,False,,647.1469497634835,649.8434592064816,1.061645235219477,0.9942327920037046,1.020937995568416,,0.0,0.18498830410202713,0.8150116958979728,0.8150116958979728,False,,,,,,,nonliving26,2,CDANN,PCA32,8.0,0.8165384531021118,0.8165384531021118,0.7692307829856873,0.7500000596046448,splits_nonliving26_CDANN_2_0_b09dc755c62e.npz,b09dc755c62e,False,False,,,,,,,0.8150116958979728,all_pca,PCA32,IW residual DIS2 | W=5 | seed=0 (plug-in),True,
iw_residual_dis2,5.0,0.0,2600.0,104.0,650.0,28.0,0.8123076923076923,0.0,1.0,54.598148345947266,0.5,0.5,0.45192307233810425,0.25032079219818115,,,,,0.18652633811269942,0.0,650.0,0.0,28.0,0.0,ok,plugin,False,,646.9125719390695,649.8681000691178,1.04528862719113,0.9948426901196956,1.0174870709021495,,0.0,0.18652633811269942,0.8134736618873006,0.8134736618873006,False,,,,,,,nonliving26,3,CDANN,PCA32,8.0,0.822692334651947,0.822692334651947,0.4038461744785309,0.3214285969734192,splits_nonliving26_CDANN_3_0_b09dc755c62e.npz,b09dc755c62e,False,False,,,,,,,0.8134736618873006,all_pca,PCA32,IW residual DIS2 | W=5 | seed=0 (plug-in),True,
iw_residual_dis2,5.0,0.0,11745.0,35070.0,2938.0,8768.0,0.6388699795779442,0.0,1.0,1.1953489780426025,0.5,0.5,0.5431262254714966,0.24626845121383667,,,,,0.34933975614845936,0.0,2938.0,0.0,8768.0,0.0,ok,plugin,False,,2936.0275180833237,2770.309307645012,1.8704377090897963,0.9929229434829004,1.4102862064483768,,0.0,0.34933975614845936,0.6506602438515406,0.6506602438515406,False,,,,,,,fmow,1,DANN,PCA32,32.0,0.6519370079040527,0.6519370079040527,0.6103222370147705,0.6077782511711121,splits_fmow_DANN_1_0_b09dc755c62e.npz,b09dc755c62e,False,False,,,,,,,0.6506602438515406,all_pca,PCA32,IW residual DIS2 | W=5 | seed=0 (plug-in),True,
iw_residual_dis2,5.0,0.0,11745.0,39088.0,2938.0,9774.0,0.6344452008168822,0.0,1.0,1.1162391901016235,0.5,0.5,0.5610883235931396,0.24312078952789307,,,,,0.3730370992986324,0.0,2938.0,0.0,9774.0,0.0,ok,plugin,False,,2952.6814759546305,2641.3524625263103,2.2566740550681628,0.9706694383167762,1.6225044263707973,,0.0,0.3730370992986324,0.6269629007013676,0.6269629007013676,False,,,,,,,fmow,2,DANN,PCA32,32.0,0.6504895687103271,0.6504895687103271,0.5482756495475769,0.5545324683189392,splits_fmow_DANN_2_0_b09dc755c62e.npz,b09dc755c62e,False,False,,,,,,,0.6269629007013676,all_pca,PCA32,IW residual DIS2 | W=5 | seed=0 (plug-in),True,
iw_residual_dis2,5.0,0.0,11745.0,35070.0,2938.0,8768.0,0.6466984343090538,0.0,1.0,1.0,0.5,0.5,0.5331042408943176,0.24866241216659546,,,,,0.3392420251052662,0.0,2938.0,0.0,8768.0,0.0,ok,plugin,False,,2920.302165789869,2874.640245755586,1.502802107159719,0.9910110673864674,1.2442531908203762,,0.0,0.3392420251052662,0.6607579748947339,0.6607579748947339,False,,,,,,,fmow,1,CDANN,PCA32,8.0,0.6558535695075989,0.6558535695075989,0.605617344379425,0.6010492444038391,splits_fmow_CDANN_1_0_b09dc755c62e.npz,b09dc755c62e,False,False,,,,,,,0.6607579748947339,all_pca,PCA32,IW residual DIS2 | W=5 | seed=0 (plug-in),True,
iw_residual_dis2,5.0,0.0,11745.0,39088.0,2938.0,9774.0,0.6446562287270252,0.0,1.0,1.0801875591278076,0.5,0.5,0.5366461277008057,0.24800771474838257,,,,,0.35276755678380745,0.0,2938.0,0.0,9774.0,0.0,ok,plugin,False,,2925.4132818521966,2835.5813788072983,2.4604008708293996,0.9809444480527706,1.3019359205457655,,0.0,0.35276755678380745,0.6472324432161926,0.6472324432161926,False,,,,,,,fmow,2,CDANN,PCA32,8.0,0.6548318862915039,0.6548318862915039,0.5420845150947571,0.5445058345794678,splits_fmow_CDANN_2_0_b09dc755c62e.npz,b09dc755c62e,False,False,,,,,,,0.6472324432161926,all_pca,PCA32,IW residual DIS2 | W=5 | seed=0 (plug-in),True,
iw_residual_dis2,5.0,0.0,731.0,898.0,184.0,227.0,0.9239130434782609,0.0,1.0,54.598148345947266,0.5,0.5,0.5055410265922546,0.2500474154949188,,,,,0.07600973976784176,0.0,184.0,0.0,227.0,0.0,ok,plugin,False,,183.54505688039234,183.96208350950033,1.038348853493741,0.99801953992756,1.0201006000625408,,0.0,0.07600973976784176,0.9239902602321582,0.9239902602321582,False,,,,,,,officehome,1,DANN,PCA32,64.0,0.922024667263031,0.922024667263031,0.7193763852119446,0.7268722057342529,splits_officehome_DANN_1_0_b09dc755c62e.npz,b09dc755c62e,False,False,,,,,,,0.9239902602321582,all_pca,PCA32,IW residual DIS2 | W=5 | seed=0 (plug-in),True,
iw_residual_dis2,5.0,0.0,731.0,893.0,184.0,226.0,0.9021739130434783,0.0,1.0,4.604363918304443,0.5,0.5,0.5223949551582336,0.24794495105743408,,,,,0.10154577042474876,0.0,184.0,0.0,226.0,0.0,ok,plugin,False,,178.96519009556565,176.4786756957424,1.8387182162793574,0.9478609496107244,1.293151756172804,,0.0,0.10154577042474876,0.8984542295752512,0.8984542295752512,False,,,,,,,officehome,2,DANN,PCA32,64.0,0.915184736251831,0.915184736251831,0.44904816150665283,0.45132744312286377,splits_officehome_DANN_2_0_b09dc755c62e.npz,b09dc755c62e,False,False,,,,,,,0.8984542295752512,all_pca,PCA32,IW residual DIS2 | W=5 | seed=0 (plug-in),True,
iw_residual_dis2,5.0,0.0,731.0,507.0,184.0,128.0,0.9130434782608696,0.0,1.0,6.883321762084961,0.5,0.5,0.6056164503097534,0.24648898839950562,,,,,0.08261355020603965,0.0,184.0,0.0,128.0,0.0,ok,plugin,False,,171.9982382120955,177.87824037656586,1.5637506471510045,0.923106369675342,1.2547203335286434,,0.0,0.08261355020603965,0.9173864497939603,0.9173864497939603,False,,,,,,,officehome,3,DANN,PCA32,64.0,0.9056087732315063,0.9056087732315063,0.5364891290664673,0.5625,splits_officehome_DANN_3_0_b09dc755c62e.npz,b09dc755c62e,False,False,,,,,,,0.9173864497939603,all_pca,PCA32,IW residual DIS2 | W=5 | seed=0 (plug-in),True,
iw_residual_dis2,5.0,0.0,731.0,898.0,184.0,227.0,0.9130434782608696,0.0,1.0,1.3885092735290527,0.5,0.5,0.5959673523902893,0.24357850849628448,,,,,0.08869408394422897,0.0,184.0,0.0,227.0,0.0,ok,plugin,False,,177.4134269909612,159.00304462750634,3.0259395012751233,0.8820813368702637,1.6437840035846765,,0.0,0.08869408394422897,0.911305916055771,0.911305916055771,False,,,,,,,officehome,1,CDANN,PCA32,8.0,0.9138167500495911,0.9138167500495911,0.730512261390686,0.7488986253738403,splits_officehome_CDANN_1_0_b09dc755c62e.npz,b09dc755c62e,False,False,,,,,,,0.911305916055771,all_pca,PCA32,IW residual DIS2 | W=5 | seed=0 (plug-in),True,
iw_residual_dis2,5.0,0.0,731.0,893.0,184.0,226.0,0.8913043478260869,0.0,1.0,0.7210603356361389,0.5,0.5,0.6388332843780518,0.22562314569950104,1.0,9.0,1.0,5.0,0.11959124314662681,0.035398230088495575,182.0,2.0,218.0,8.0,ok,plugin,False,,155.8194468513048,115.95952845860634,4.4885474073732885,0.6768791593131598,1.8943385556421395,0.875,0.01327433628318584,0.13286557942981264,0.8671344205701874,0.8671344205701874,False,0.0,5.0,1.0,0.0,1.0,"[{'epoch': 0, 'best_score': 1.0}, {'epoch': 1, 'best_score': 1.0}, {'epoch': 2, 'best_score': 1.0}, {'epoch': 3, 'best_score': 1.0}, {'epoch': 4, 'best_score': 1.0}, {'epoch': 5, 'best_score': 1.0}, {'epoch': 6, 'best_score': 1.0}, {'epoch': 7, 'best_score': 1.0}, {'epoch': 8, 'best_score': 1.0}, {'epoch': 9, 'best_score': 1.0}, {'epoch': 10, 'best_score': 1.0}, {'epoch': 11, 'best_score': 1.0}, {'epoch': 12, 'best_score': 1.0}, {'epoch': 13, 'best_score': 1.0}, {'epoch': 14, 'best_score': 1.0}, {'epoch': 15, 'best_score': 1.0}, {'epoch': 16, 'best_score': 1.0}, {'epoch': 17, 'best_score': 1.0}, {'epoch': 18, 'best_score': 1.0}, {'epoch': 19, 'best_score': 1.0}, {'epoch': 20, 'best_score': 1.0}, {'epoch': 21, 'best_score': 1.0}, {'epoch': 22, 'best_score': 1.0}, {'epoch': 23, 'best_score': 1.0}, {'epoch': 24, 'best_score': 1.0}, {'epoch': 25, 'best_score': 1.0}, {'epoch': 26, 'best_score': 1.0}, {'epoch': 27, 'best_score': 1.0}, {'epoch': 28, 'best_score': 1.0}, {'epoch': 29, 'best_score': 1.0}, {'epoch': 30, 'best_score': 1.0}, {'epoch': 31, 'best_score': 1.0}, {'epoch': 32, 'best_score': 1.0}, {'epoch': 33, 'best_score': 1.0}, {'epoch': 34, 'best_score': 1.0}, {'epoch': 35, 'best_score': 1.0}, {'epoch': 36, 'best_score': 1.0}, {'epoch': 37, 'best_score': 1.0}, {'epoch': 38, 'best_score': 1.0}, {'epoch': 39, 'best_score': 1.0}, {'epoch': 40, 'best_score': 1.0}, {'epoch': 41, 'best_score': 1.0}, {'epoch': 42, 'best_score': 1.0}, {'epoch': 43, 'best_score': 1.0}, {'epoch': 44, 'best_score': 1.0}, {'epoch': 45, 'best_score': 1.0}, {'epoch': 46, 'best_score': 1.0}, {'epoch': 47, 'best_score': 1.0}, {'epoch': 48, 'best_score': 1.0}, {'epoch': 49, 'best_score': 1.0}]",officehome,2,CDANN,PCA32,8.0,0.9015048146247864,0.9015048146247864,0.4501679837703705,0.45132744312286377,splits_officehome_CDANN_2_0_b09dc755c62e.npz,b09dc755c62e,False,False,0.0,0.5,0.375,,,,0.8671344205701874,all_pca,PCA32,IW residual DIS2 | W=5 | seed=0 (plug-in),True,
iw_residual_dis2,5.0,0.0,731.0,507.0,184.0,128.0,0.9130434782608696,0.0,1.0,0.5716603994369507,0.5,0.5,0.7741096019744873,0.1680358350276947,6.0,34.0,2.0,23.0,0.049249224480389826,0.21875,177.0,7.0,100.0,28.0,ok,plugin,False,,106.56452961222618,76.93891190113243,4.599437139758064,0.3849649161871058,1.9080757333017369,0.9285714285714286,0.015624999999999993,0.06487422448038982,0.9351257755196102,0.9351257755196102,False,0.0,3.0,0.5,0.5,1.0,"[{'epoch': 0, 'best_score': 0.5}, {'epoch': 1, 'best_score': 0.5}, {'epoch': 2, 'best_score': 0.5}, {'epoch': 3, 'best_score': 0.5}, {'epoch': 4, 'best_score': 0.5}, {'epoch': 5, 'best_score': 0.5}, {'epoch': 6, 'best_score': 0.5}, {'epoch': 7, 'best_score': 0.5}, {'epoch': 8, 'best_score': 0.5}, {'epoch': 9, 'best_score': 0.5}, {'epoch': 10, 'best_score': 0.5}, {'epoch': 11, 'best_score': 0.5}, {'epoch': 12, 'best_score': 0.5}, {'epoch': 13, 'best_score': 0.5}, {'epoch': 14, 'best_score': 0.5}, {'epoch': 15, 'best_score': 0.5}, {'epoch': 16, 'best_score': 0.0}, {'epoch': 17, 'best_score': 0.0}, {'epoch': 18, 'best_score': 0.0}, {'epoch': 19, 'best_score': 0.0}, {'epoch': 20, 'best_score': 0.0}, {'epoch': 21, 'best_score': 0.0}, {'epoch': 22, 'best_score': 0.0}, {'epoch': 23, 'best_score': 0.0}, {'epoch': 24, 'best_score': 0.0}, {'epoch': 25, 'best_score': 0.0}, {'epoch': 26, 'best_score': 0.0}, {'epoch': 27, 'best_score': 0.0}, {'epoch': 28, 'best_score': 0.0}, {'epoch': 29, 'best_score': 0.0}, {'epoch': 30, 'best_score': 0.0}, {'epoch': 31, 'best_score': 0.0}, {'epoch': 32, 'best_score': 0.0}, {'epoch': 33, 'best_score': 0.0}, {'epoch': 34, 'best_score': 0.0}, {'epoch': 35, 'best_score': 0.0}, {'epoch': 36, 'best_score': 0.0}, {'epoch': 37, 'best_score': 0.0}, {'epoch': 38, 'best_score': 0.0}, {'epoch': 39, 'best_score': 0.0}, {'epoch': 40, 'best_score': 0.0}, {'epoch': 41, 'best_score': 0.0}, {'epoch': 42, 'best_score': 0.0}, {'epoch': 43, 'best_score': 0.0}, {'epoch': 44, 'best_score': 0.0}, {'epoch': 45, 'best_score': 0.0}, {'epoch': 46, 'best_score': 0.0}, {'epoch': 47, 'best_score': 0.0}, {'epoch': 48, 'best_score': 0.0}, {'epoch': 49, 'best_score': 0.0}]",officehome,3,CDANN,PCA32,8.0,0.9138167500495911,0.9138167500495911,0.5364891290664673,0.5546875,splits_officehome_CDANN_3_0_b09dc755c62e.npz,b09dc755c62e,False,False,0.14285714285714285,1.0,-0.0714285714285714,,,,0.9351257755196102,all_pca,PCA32,IW residual DIS2 | W=5 | seed=0 (plug-in),True,
iw_residual_dis2,5.0,0.0,24387.0,11083.0,6098.0,2773.0,0.9996720236142997,0.0,1.0,1.079893708229065,0.5,0.5,0.7299208045005798,0.18225175142288208,206.0,669.0,96.0,323.0,0.00045725525256868927,0.19257122250270464,5934.0,164.0,2239.0,534.0,ok,plugin,False,,4678.824617817949,2673.3504093377937,4.99636441423898,0.4764474131834458,2.7335795057993466,0.7209737827715356,0.10830921868540717,0.10876647393797587,0.8912335260620241,0.8912335260620241,False,30.0,19.0,0.5408927202224731,0.2083333283662796,0.7492260336875916,"[{'epoch': 0, 'best_score': 0.10900413990020752}, {'epoch': 1, 'best_score': 0.10361844301223755}, {'epoch': 2, 'best_score': 0.1692143678665161}, {'epoch': 3, 'best_score': 0.20272183418273926}, {'epoch': 4, 'best_score': 0.20075464248657227}, {'epoch': 5, 'best_score': 0.22919893264770508}, {'epoch': 6, 'best_score': 0.2742518186569214}, {'epoch': 7, 'best_score': 0.3347845673561096}, {'epoch': 8, 'best_score': 0.34745875000953674}, {'epoch': 9, 'best_score': 0.3497162163257599}, {'epoch': 10, 'best_score': 0.3789989650249481}, {'epoch': 11, 'best_score': 0.3843524158000946}, {'epoch': 12, 'best_score': 0.403218537569046}, {'epoch': 13, 'best_score': 0.4035087525844574}, {'epoch': 14, 'best_score': 0.41082945466041565}, {'epoch': 15, 'best_score': 0.40296053886413574}, {'epoch': 16, 'best_score': 0.4130869209766388}, {'epoch': 17, 'best_score': 0.4277283549308777}, {'epoch': 18, 'best_score': 0.44040244817733765}, {'epoch': 19, 'best_score': 0.43843525648117065}, {'epoch': 20, 'best_score': 0.46123576164245605}, {'epoch': 21, 'best_score': 0.4685565233230591}, {'epoch': 22, 'best_score': 0.4893898367881775}, {'epoch': 23, 'best_score': 0.5029024481773376}, {'epoch': 24, 'best_score': 0.5161249041557312}, {'epoch': 25, 'best_score': 0.5161249041557312}, {'epoch': 26, 'best_score': 0.5296375155448914}, {'epoch': 27, 'best_score': 0.5316047668457031}, {'epoch': 28, 'best_score': 0.5377967357635498}, {'epoch': 29, 'best_score': 0.5377967357635498}, {'epoch': 30, 'best_score': 0.5408927202224731}, {'epoch': 31, 'best_score': 0.5377967357635498}, {'epoch': 32, 'best_score': 0.5347007513046265}, {'epoch': 33, 'best_score': 0.5347007513046265}, {'epoch': 34, 'best_score': 0.5347007513046265}, {'epoch': 35, 'best_score': 0.5316047668457031}, {'epoch': 36, 'best_score': 0.5180920958518982}, {'epoch': 37, 'best_score': 0.5180920958518982}, {'epoch': 38, 'best_score': 0.5180920958518982}, {'epoch': 39, 'best_score': 0.5180920958518982}, {'epoch': 40, 'best_score': 0.5211880803108215}, {'epoch': 41, 'best_score': 0.5285087823867798}, {'epoch': 42, 'best_score': 0.5285087823867798}, {'epoch': 43, 'best_score': 0.5285087823867798}, {'epoch': 44, 'best_score': 0.5304760336875916}, {'epoch': 45, 'best_score': 0.5304760336875916}, {'epoch': 46, 'best_score': 0.5242840647697449}, {'epoch': 47, 'best_score': 0.5242840647697449}, {'epoch': 48, 'best_score': 0.5273800492286682}, {'epoch': 49, 'best_score': 0.526541531085968}]",visda,1,DANN,PCA32,64.0,0.9995489120483398,0.9995489120483398,0.6463051438331604,0.6473133563995361,splits_visda_DANN_1_0_b09dc755c62e.npz,b09dc755c62e,False,False,0.0,0.15853658536585366,0.5624371974056819,,,,0.8912335260620241,all_pca,PCA32,IW residual DIS2 | W=5 | seed=0 (plug-in),True,
iw_residual_dis2,5.0,0.0,24387.0,14480.0,6098.0,3620.0,0.9998360118071499,0.0,1.0,1.0676605701446533,0.5,0.5,0.7167757749557495,0.19087281823158264,167.0,724.0,90.0,358.0,0.00013351017876395857,0.16077348066298341,5919.0,179.0,3038.0,582.0,ok,plugin,False,,4755.862878655188,2862.9097282219004,4.984458816570498,0.5192721170065551,2.625736825489997,0.7233676975945017,0.06510231797277694,0.0652358281515409,0.9347641718484591,0.9347641718484591,False,49.0,2.0,0.5930477976799011,0.15555556118488312,0.748603343963623,"[{'epoch': 0, 'best_score': 0.12129110097885132}, {'epoch': 1, 'best_score': 0.13792675733566284}, {'epoch': 2, 'best_score': 0.17399126291275024}, {'epoch': 3, 'best_score': 0.17392927408218384}, {'epoch': 4, 'best_score': 0.17392927408218384}, {'epoch': 5, 'best_score': 0.1661701202392578}, {'epoch': 6, 'best_score': 0.1855369210243225}, {'epoch': 7, 'best_score': 0.190937340259552}, {'epoch': 8, 'best_score': 0.2319677472114563}, {'epoch': 9, 'best_score': 0.2846679091453552}, {'epoch': 10, 'best_score': 0.3373059928417206}, {'epoch': 11, 'best_score': 0.3482929468154907}, {'epoch': 12, 'best_score': 0.3426443040370941}, {'epoch': 13, 'best_score': 0.3318435847759247}, {'epoch': 14, 'best_score': 0.3817504346370697}, {'epoch': 15, 'best_score': 0.42346370220184326}, {'epoch': 16, 'best_score': 0.4178149998188019}, {'epoch': 17, 'best_score': 0.4455617666244507}, {'epoch': 18, 'best_score': 0.4481067657470703}, {'epoch': 19, 'best_score': 0.46194911003112793}, {'epoch': 20, 'best_score': 0.4538174867630005}, {'epoch': 21, 'best_score': 0.4787709712982178}, {'epoch': 22, 'best_score': 0.47039109468460083}, {'epoch': 23, 'best_score': 0.520422101020813}, {'epoch': 24, 'best_score': 0.5314711332321167}, {'epoch': 25, 'best_score': 0.5286778211593628}, {'epoch': 26, 'best_score': 0.5342644453048706}, {'epoch': 27, 'best_score': 0.51483553647995}, {'epoch': 28, 'best_score': 0.5259466171264648}, {'epoch': 29, 'best_score': 0.528739869594574}, {'epoch': 30, 'best_score': 0.5454376339912415}, {'epoch': 31, 'best_score': 0.5370577573776245}, {'epoch': 32, 'best_score': 0.5398510098457336}, {'epoch': 33, 'best_score': 0.537306010723114}, {'epoch': 34, 'best_score': 0.5454376339912415}, {'epoch': 35, 'best_score': 0.5484170913696289}, {'epoch': 36, 'best_score': 0.5537554025650024}, {'epoch': 37, 'best_score': 0.5565487146377563}, {'epoch': 38, 'best_score': 0.5762880444526672}, {'epoch': 39, 'best_score': 0.5929856896400452}, {'epoch': 40, 'best_score': 0.5818746089935303}, {'epoch': 41, 'best_score': 0.5790812969207764}, {'epoch': 42, 'best_score': 0.5818746089935303}, {'epoch': 43, 'best_score': 0.5707634687423706}, {'epoch': 44, 'best_score': 0.5735567808151245}, {'epoch': 45, 'best_score': 0.584543764591217}, {'epoch': 46, 'best_score': 0.5901303887367249}, {'epoch': 47, 'best_score': 0.5901303887367249}, {'epoch': 48, 'best_score': 0.5901303887367249}, {'epoch': 49, 'best_score': 0.5930477976799011}]",visda,2,DANN,PCA32,64.0,0.9997539520263672,0.9997539520263672,0.6546961069107056,0.6544198393821716,splits_visda_DANN_2_0_b09dc755c62e.npz,b09dc755c62e,False,False,0.0,0.31843575418994413,0.40493194340455757,,,,0.9347641718484591,all_pca,PCA32,IW residual DIS2 | W=5 | seed=0 (plug-in),True,
iw_residual_dis2,5.0,0.0,24387.0,11083.0,6098.0,2773.0,0.9993440472285995,0.0,1.0,1.064231514930725,0.5,0.5,0.5714228749275208,0.2415539026260376,,,,,0.0006005280193137972,0.0,6098.0,0.0,2773.0,0.0,ok,plugin,False,,6120.414621067359,5296.106474573399,3.554555772405554,0.9971271129405138,1.66311439203599,,0.0,0.0006005280193137972,0.9993994719806862,0.9993994719806862,False,,,,,,,visda,1,CDANN,PCA32,8.0,0.9990978837013245,0.9990978837013245,0.6784264445304871,0.6693112254142761,splits_visda_CDANN_1_0_b09dc755c62e.npz,b09dc755c62e,False,False,,,,,,,0.9993994719806862,all_pca,PCA32,IW residual DIS2 | W=5 | seed=0 (plug-in),True,
iw_residual_dis2,5.0,0.0,24387.0,14480.0,6098.0,3620.0,0.9995080354214496,0.0,1.0,1.0397217273712158,0.5,0.5,0.5813404321670532,0.24198924005031586,,,,,0.0005276078268628446,0.0,6098.0,0.0,3620.0,0.0,ok,plugin,False,,6088.88122810378,5384.270530495641,2.4208481818958236,0.9165062831049373,1.6797829383476757,,0.0,0.0005276078268628446,0.9994723921731371,0.9994723921731371,False,,,,,,,visda,2,CDANN,PCA32,8.0,0.9995899200439453,0.9995899200439453,0.7107734680175781,0.7140883803367615,splits_visda_CDANN_2_0_b09dc755c62e.npz,b09dc755c62e,False,False,,,,,,,0.9994723921731371,all_pca,PCA32,IW residual DIS2 | W=5 | seed=0 (plug-in),True,
iw_residual_dis2,5.0,0.0,6500.0,33009.0,1625.0,8255.0,0.904,0.0,1.0,1.3086957931518555,0.5,0.5,0.5278671383857727,0.24926641583442688,,,,,0.10108638397773592,0.0,1625.0,0.0,8255.0,0.0,ok,plugin,False,,1630.1328425802742,1606.9699378663802,1.3430315601163885,1.0094111559169854,1.1666344704135188,,0.0,0.10108638397773592,0.898913616022264,0.898913616022264,False,,,,,,,entity13,1,DANN,PCA64,8.0,0.905846118927002,0.905846118927002,0.7318307161331177,0.7345851063728333,splits_entity13_DANN_1_0_b09dc755c62e.npz,b09dc755c62e,False,False,,,,,,,0.898913616022264,all_pca,PCA64,IW residual DIS2 | W=5 | seed=0 (plug-in),True,
iw_residual_dis2,5.0,0.0,6500.0,260.0,1625.0,65.0,0.9101538461538462,0.0,1.0,54.598148345947266,0.5,0.5,0.5423077344894409,0.2500010132789612,,,,,0.09002085765159114,0.0,1625.0,0.0,65.0,0.0,ok,plugin,False,,1623.867508864727,1624.94457061328,1.0131637666857773,0.9999228337010421,1.0077111228032536,,0.0,0.09002085765159114,0.9099791423484088,0.9099791423484088,False,,,,,,,entity13,2,DANN,PCA64,8.0,0.9129230380058289,0.9129230380058289,0.8615384697914124,0.8461538553237915,splits_entity13_DANN_2_0_b09dc755c62e.npz,b09dc755c62e,False,False,,,,,,,0.9099791423484088,all_pca,PCA64,IW residual DIS2 | W=5 | seed=0 (plug-in),True,
iw_residual_dis2,5.0,0.0,6500.0,260.0,1625.0,65.0,0.9027692307692308,0.0,1.0,1.2819743156433105,0.5,0.5,0.5923076868057251,0.23913535475730896,,,,,0.1235219985237833,0.0,1625.0,0.0,65.0,0.0,ok,plugin,False,,1641.5324389396048,1385.086002120584,3.1081288610491757,0.9492477181673401,1.7537096692351437,,0.0,0.1235219985237833,0.8764780014762167,0.8764780014762167,False,,,,,,,entity13,3,DANN,PCA64,8.0,0.907076895236969,0.907076895236969,0.6653845906257629,0.5538461804389954,splits_entity13_DANN_3_0_b09dc755c62e.npz,b09dc755c62e,False,False,,,,,,,0.8764780014762167,all_pca,PCA64,IW residual DIS2 | W=5 | seed=0 (plug-in),True,
iw_residual_dis2,5.0,0.0,6500.0,33009.0,1625.0,8255.0,0.9132307692307693,0.0,1.0,54.598148345947266,0.5,0.5,0.48849648237228394,0.2500005066394806,,,,,0.0867446080405041,0.0,1625.0,0.0,8255.0,0.0,ok,plugin,False,,1625.0104802834655,1624.995182551391,1.0064636340365594,1.0000172575956412,1.0028910849494852,,0.0,0.0867446080405041,0.9132553919594959,0.9132553919594959,False,,,,,,,entity13,1,CDANN,PCA64,4.0,0.9096922874450684,0.9096922874450684,0.7354357838630676,0.7372501492500305,splits_entity13_CDANN_1_0_b09dc755c62e.npz,b09dc755c62e,False,False,,,,,,,0.9132553919594959,all_pca,PCA64,IW residual DIS2 | W=5 | seed=0 (plug-in),True,
iw_residual_dis2,5.0,0.0,6500.0,260.0,1625.0,65.0,0.9058461538461539,0.0,1.0,54.598148345947266,0.5,0.5,0.49000000953674316,0.2501106858253479,,,,,0.09416216004081532,0.0,1625.0,0.0,65.0,0.0,ok,plugin,False,,1624.791732825905,1624.9849274835674,1.0108790565392995,1.000233988926311,1.0046893332346905,,0.0,0.09416216004081532,0.9058378399591847,0.9058378399591847,False,,,,,,,entity13,2,CDANN,PCA64,4.0,0.9081538319587708,0.9081538319587708,0.8423076868057251,0.8769230842590332,splits_entity13_CDANN_2_0_b09dc755c62e.npz,b09dc755c62e,False,False,,,,,,,0.9058378399591847,all_pca,PCA64,IW residual DIS2 | W=5 | seed=0 (plug-in),True,
iw_residual_dis2,5.0,0.0,6500.0,260.0,1625.0,65.0,0.9015384615384615,0.0,1.0,54.598148345947266,0.5,0.5,0.4623076915740967,0.25002437829971313,,,,,0.09848200488057021,0.0,1625.0,0.0,65.0,0.0,ok,plugin,False,,1625.1146666030108,1624.9909776327831,1.0076897349064209,1.0003156991546214,1.0038571249460189,,0.0,0.09848200488057021,0.9015179951194298,0.9015179951194298,False,,,,,,,entity13,3,CDANN,PCA64,4.0,0.9061538577079773,0.9061538577079773,0.6653845906257629,0.5692307949066162,splits_entity13_CDANN_3_0_b09dc755c62e.npz,b09dc755c62e,False,False,,,,,,,0.9015179951194298,all_pca,PCA64,IW residual DIS2 | W=5 | seed=0 (plug-in),True,
iw_residual_dis2,5.0,0.0,6000.0,30828.0,1500.0,7709.0,0.8426666666666667,0.0,1.0,1.1351608037948608,0.5,0.5,0.5246219635009766,0.24913722276687622,,,,,0.16157223088631326,0.0,1500.0,0.0,7709.0,0.0,ok,plugin,False,,1496.897659497622,1476.8745478572196,1.2961028225094875,1.0074417556052695,1.1843676061447805,,0.0,0.16157223088631326,0.8384277691136868,0.8384277691136868,False,,,,,,,entity30,1,DANN,PCA64,8.0,0.8550000190734863,0.8550000190734863,0.6190800070762634,0.6236866116523743,splits_entity30_DANN_1_0_b09dc755c62e.npz,b09dc755c62e,False,False,,,,,,,0.8384277691136868,all_pca,PCA64,IW residual DIS2 | W=5 | seed=0 (plug-in),True,
iw_residual_dis2,5.0,0.0,6000.0,240.0,1500.0,60.0,0.8606666666666667,0.0,1.0,54.598148345947266,0.5,0.5,0.4650000035762787,0.2501038610935211,,,,,0.1392572417991427,0.0,1500.0,0.0,60.0,0.0,ok,plugin,False,,1498.7135151933867,1499.95020728636,1.0204051694998342,0.999465075440123,1.0082049978073597,,0.0,0.1392572417991427,0.8607427582008573,0.8607427582008573,False,,,,,,,entity30,2,DANN,PCA64,8.0,0.8646666407585144,0.8646666407585144,0.7875000238418579,0.7500000596046448,splits_entity30_DANN_2_0_b09dc755c62e.npz,b09dc755c62e,False,False,,,,,,,0.8607427582008573,all_pca,PCA64,IW residual DIS2 | W=5 | seed=0 (plug-in),True,
iw_residual_dis2,5.0,0.0,6000.0,240.0,1500.0,60.0,0.8553333333333333,0.0,1.0,2.260317325592041,0.5,0.5,0.5391666889190674,0.24593764543533325,,,,,0.14272063311684602,0.0,1500.0,0.0,60.0,0.0,ok,plugin,False,,1455.4459106174133,1391.2123813282278,1.8302181078667505,0.9532407991618097,1.4305858481834188,,0.0,0.14272063311684602,0.857279366883154,0.857279366883154,False,,,,,,,entity30,3,DANN,PCA64,8.0,0.8636666536331177,0.8636666536331177,0.5708333849906921,0.6666666865348816,splits_entity30_DANN_3_0_b09dc755c62e.npz,b09dc755c62e,False,False,,,,,,,0.857279366883154,all_pca,PCA64,IW residual DIS2 | W=5 | seed=0 (plug-in),True,
iw_residual_dis2,5.0,0.0,6000.0,30828.0,1500.0,7709.0,0.856,0.0,1.0,2.501192092895508,0.5,0.5,0.5093792080879211,0.24990494549274445,,,,,0.1439387201781356,0.0,1500.0,0.0,7709.0,0.0,ok,plugin,False,,1497.345056073118,1496.8106433237551,1.1623518295972715,1.000636561136037,1.062106389286961,,0.0,0.1439387201781356,0.8560612798218644,0.8560612798218644,False,,,,,,,entity30,1,CDANN,PCA64,4.0,0.8611666560173035,0.8611666560173035,0.627903163433075,0.6345829367637634,splits_entity30_CDANN_1_0_b09dc755c62e.npz,b09dc755c62e,False,False,,,,,,,0.8560612798218644,all_pca,PCA64,IW residual DIS2 | W=5 | seed=0 (plug-in),True,
iw_residual_dis2,5.0,0.0,6000.0,240.0,1500.0,60.0,0.862,0.0,1.0,54.598148345947266,0.5,0.5,0.48000001907348633,0.25000283122062683,,,,,0.1378338648813575,0.0,1500.0,0.0,60.0,0.0,ok,plugin,False,,1499.1853608452848,1499.953321785527,1.0173589377080638,0.9993373142922336,1.009016969794638,,0.0,0.1378338648813575,0.8621661351186425,0.8621661351186425,False,,,,,,,entity30,2,CDANN,PCA64,4.0,0.8646666407585144,0.8646666407585144,0.8125000596046448,0.7500000596046448,splits_entity30_CDANN_2_0_b09dc755c62e.npz,b09dc755c62e,False,False,,,,,,,0.8621661351186425,all_pca,PCA64,IW residual DIS2 | W=5 | seed=0 (plug-in),True,
iw_residual_dis2,5.0,0.0,6000.0,240.0,1500.0,60.0,0.8453333333333333,0.0,1.0,54.598148345947266,0.5,0.5,0.40833336114883423,0.25013113021850586,,,,,0.1541786990101909,0.0,1500.0,0.0,60.0,0.0,ok,plugin,False,,1498.457523308873,1499.9109338428157,1.0301702504297168,0.9984850628848397,1.0125685765149461,,0.0,0.1541786990101909,0.8458213009898091,0.8458213009898091,False,,,,,,,entity30,3,CDANN,PCA64,4.0,0.8573333024978638,0.8573333024978638,0.5625,0.6166666746139526,splits_entity30_CDANN_3_0_b09dc755c62e.npz,b09dc755c62e,False,False,,,,,,,0.8458213009898091,all_pca,PCA64,IW residual DIS2 | W=5 | seed=0 (plug-in),True,
iw_residual_dis2,5.0,0.0,10000.0,2000.0,2500.0,500.0,0.9452,0.0,1.0,3.2104811668395996,0.5,0.5,0.5245000123977661,0.24948738515377045,,,,,0.05740731834074809,0.0,2500.0,0.0,500.0,0.0,ok,plugin,False,,2483.694361699724,2480.288576350498,1.3279107202888074,0.9906264313580704,1.144330749321766,,0.0,0.05740731834074809,0.9425926816592519,0.9425926816592519,False,,,,,,,cifar10,1,DANN,PCA64,8.0,0.9508999586105347,0.9508999586105347,0.8440000414848328,0.8360000252723694,splits_cifar10_DANN_1_0_b09dc755c62e.npz,b09dc755c62e,False,False,,,,,,,0.9425926816592519,all_pca,PCA64,IW residual DIS2 | W=5 | seed=0 (plug-in),True,
iw_residual_dis2,5.0,0.0,10000.0,2000.0,2500.0,500.0,0.946,0.0,1.0,54.598148345947266,0.5,0.5,0.4765000343322754,0.25002437829971313,,,,,0.05407419483290664,0.0,2500.0,0.0,500.0,0.0,ok,plugin,False,,2499.212320307498,2499.9691264721077,1.011697805997689,0.999631172399533,1.0055052242041345,,0.0,0.05407419483290664,0.9459258051670933,0.9459258051670933,False,,,,,,,cifar10,10,DANN,PCA64,8.0,0.9477999806404114,0.9477999806404114,0.924500048160553,0.9120000600814819,splits_cifar10_DANN_10_0_b09dc755c62e.npz,b09dc755c62e,False,False,,,,,,,0.9459258051670933,all_pca,PCA64,IW residual DIS2 | W=5 | seed=0 (plug-in),True,
iw_residual_dis2,5.0,0.0,10000.0,2000.0,2500.0,500.0,0.9452,0.0,1.0,22.349769592285156,0.5,0.5,0.5015000104904175,0.24999487400054932,,,,,0.05501647640405188,0.0,2500.0,0.0,500.0,0.0,ok,plugin,False,,2497.951345833226,2499.8222106160515,1.0283642144906842,0.9991279803711102,1.0130134514164202,,0.0,0.05501647640405188,0.9449835235959482,0.9449835235959482,False,,,,,,,cifar10,71,DANN,PCA64,8.0,0.9487999677658081,0.9487999677658081,0.9305000305175781,0.9180000424385071,splits_cifar10_DANN_71_0_b09dc755c62e.npz,b09dc755c62e,False,False,,,,,,,0.9449835235959482,all_pca,PCA64,IW residual DIS2 | W=5 | seed=0 (plug-in),True,
iw_residual_dis2,5.0,0.0,10000.0,2000.0,2500.0,500.0,0.9528,0.0,1.0,54.598148345947266,0.5,0.5,0.4749999940395355,0.250029593706131,,,,,0.04723443424015196,0.0,2500.0,0.0,500.0,0.0,ok,plugin,False,,2499.5225119407287,2499.980807613092,1.0090857282502275,0.9998212512886169,1.0042972910279757,,0.0,0.04723443424015196,0.952765565759848,0.952765565759848,False,,,,,,,cifar10,95,DANN,PCA64,8.0,0.9515999555587769,0.9515999555587769,0.9390000700950623,0.9360000491142273,splits_cifar10_DANN_95_0_b09dc755c62e.npz,b09dc755c62e,False,False,,,,,,,0.952765565759848,all_pca,PCA64,IW residual DIS2 | W=5 | seed=0 (plug-in),True,
iw_residual_dis2,5.0,0.0,10000.0,2000.0,2500.0,500.0,0.9476,0.0,1.0,5.544522285461426,0.5,0.5,0.4950000047683716,0.2499614953994751,,,,,0.05267235491817421,0.0,2500.0,0.0,500.0,0.0,ok,plugin,False,,2495.4039758421877,2498.3981475292917,1.0828151088796092,0.9970591808955798,1.0413423988255859,,0.0,0.05267235491817421,0.9473276450818258,0.9473276450818258,False,,,,,,,cifar10,1,CDANN,PCA64,4.0,0.949999988079071,0.949999988079071,0.846500039100647,0.8440000414848328,splits_cifar10_CDANN_1_0_b09dc755c62e.npz,b09dc755c62e,False,False,,,,,,,0.9473276450818258,all_pca,PCA64,IW residual DIS2 | W=5 | seed=0 (plug-in),True,
iw_residual_dis2,5.0,0.0,10000.0,2000.0,2500.0,500.0,0.9468,0.0,1.0,3.036691188812256,0.5,0.5,0.5099999904632568,0.2497776448726654,,,,,0.054674570580438536,0.0,2500.0,0.0,500.0,0.0,ok,plugin,False,,2486.344502889966,2489.86873799729,1.2180447627944306,0.9912031002319934,1.1040413854600641,,0.0,0.054674570580438536,0.9453254294195614,0.9453254294195614,False,,,,,,,cifar10,10,CDANN,PCA64,4.0,0.948699951171875,0.948699951171875,0.9160000681877136,0.9120000600814819,splits_cifar10_CDANN_10_0_b09dc755c62e.npz,b09dc755c62e,False,False,,,,,,,0.9453254294195614,all_pca,PCA64,IW residual DIS2 | W=5 | seed=0 (plug-in),True,
iw_residual_dis2,5.0,0.0,10000.0,2000.0,2500.0,500.0,0.9492,0.0,1.0,0.9643043875694275,0.5,0.5,0.5429999828338623,0.24725838005542755,,,,,0.05895552705623316,0.0,2500.0,0.0,500.0,0.0,ok,plugin,False,,2489.466232143828,2381.340415809875,2.1699245065400525,0.9593567274050223,1.4143124773671698,,0.0,0.05895552705623316,0.9410444729437668,0.9410444729437668,False,,,,,,,cifar10,71,CDANN,PCA64,4.0,0.9511999487876892,0.9511999487876892,0.9280000329017639,0.9040000438690186,splits_cifar10_CDANN_71_0_b09dc755c62e.npz,b09dc755c62e,False,False,,,,,,,0.9410444729437668,all_pca,PCA64,IW residual DIS2 | W=5 | seed=0 (plug-in),True,
iw_residual_dis2,5.0,0.0,10000.0,2000.0,2500.0,500.0,0.9516,0.0,1.0,1.27089262008667,0.5,0.5,0.531000018119812,0.2487258017063141,,,,,0.05066235755785941,0.0,2500.0,0.0,500.0,0.0,ok,plugin,False,,2487.751675550584,2445.821786363959,1.725146198134598,0.9797069195652957,1.2586079309812275,,0.0,0.05066235755785941,0.9493376424421406,0.9493376424421406,False,,,,,,,cifar10,95,CDANN,PCA64,4.0,0.9526000022888184,0.9526000022888184,0.9355000257492065,0.9260000586509705,splits_cifar10_CDANN_95_0_b09dc755c62e.npz,b09dc755c62e,False,False,,,,,,,0.9493376424421406,all_pca,PCA64,IW residual DIS2 | W=5 | seed=0 (plug-in),True,
iw_residual_dis2,5.0,0.0,10000.0,2000.0,2500.0,500.0,0.758,0.0,1.0,54.598148345947266,0.5,0.5,0.49800002574920654,0.2500194013118744,,,,,0.2419970056393011,0.0,2500.0,0.0,500.0,0.0,ok,plugin,False,,2499.6242444340173,2499.9788343579085,1.0091802353589787,0.9995349819050129,1.0049109065408897,,0.0,0.2419970056393011,0.758002994360699,0.758002994360699,False,,,,,,,cifar100,4,DANN,PCA64,8.0,0.7841999530792236,0.7841999530792236,0.7440000176429749,0.7760000228881836,splits_cifar100_DANN_4_0_b09dc755c62e.npz,b09dc755c62e,False,True,,,,,,,0.758002994360699,all_pca,PCA64,IW residual DIS2 | W=5 | seed=0 (plug-in),True,
iw_residual_dis2,5.0,0.0,10000.0,2000.0,2500.0,500.0,0.76,0.0,1.0,54.598148345947266,0.5,0.5,0.48350000381469727,0.25001242756843567,,,,,0.24000216283219478,0.0,2500.0,0.0,500.0,0.0,ok,plugin,False,,2499.7270658068555,2499.9832088509424,1.0070518510479602,0.9995212269921505,1.0042715241660813,,0.0,0.24000216283219478,0.7599978371678052,0.7599978371678052,False,,,,,,,cifar100,12,DANN,PCA64,8.0,0.7831999659538269,0.7831999659538269,0.7545000314712524,0.7860000133514404,splits_cifar100_DANN_12_0_b09dc755c62e.npz,b09dc755c62e,False,True,,,,,,,0.7599978371678052,all_pca,PCA64,IW residual DIS2 | W=5 | seed=0 (plug-in),True,
iw_residual_dis2,5.0,0.0,10000.0,2000.0,2500.0,500.0,0.7596,0.0,1.0,10.468952178955078,0.5,0.5,0.4869999885559082,0.24998801946640015,,,,,0.24010359012793478,0.0,2500.0,0.0,500.0,0.0,ok,plugin,False,,2498.041437601939,2499.52697885957,1.0362665985378807,0.9968752840941291,1.0227371633481803,,0.0,0.24010359012793478,0.7598964098720652,0.7598964098720652,False,,,,,,,cifar100,59,DANN,PCA64,8.0,0.7841999530792236,0.7841999530792236,0.7585000395774841,0.7720000147819519,splits_cifar100_DANN_59_0_b09dc755c62e.npz,b09dc755c62e,False,True,,,,,,,0.7598964098720652,all_pca,PCA64,IW residual DIS2 | W=5 | seed=0 (plug-in),True,
iw_residual_dis2,5.0,0.0,10000.0,2000.0,2500.0,500.0,0.764,0.0,1.0,54.598148345947266,0.5,0.5,0.48000001907348633,0.2500184178352356,,,,,0.23594033331337205,0.0,2500.0,0.0,500.0,0.0,ok,plugin,False,,2499.6605615415606,2499.9854046624814,1.0058469965250008,0.9998550078139059,1.0036774470213292,,0.0,0.23594033331337205,0.764059666686628,0.764059666686628,False,,,,,,,cifar100,82,DANN,PCA64,8.0,0.7861999869346619,0.7861999869346619,0.7695000171661377,0.7700000405311584,splits_cifar100_DANN_82_0_b09dc755c62e.npz,b09dc755c62e,True,True,,,,,,,0.764059666686628,all_pca,PCA64,IW residual DIS2 | W=5 | seed=0 (plug-in),True,
iw_residual_dis2,5.0,0.0,10000.0,2000.0,2500.0,500.0,0.762,0.0,1.0,54.598148345947266,0.5,0.5,0.4700000286102295,0.2500154376029968,,,,,0.2379702066487734,0.0,2500.0,0.0,500.0,0.0,ok,plugin,False,,2499.7535950086026,2499.985800981711,1.0067786267290388,0.9996182778153593,1.0044949591310528,,0.0,0.2379702066487734,0.7620297933512266,0.7620297933512266,False,,,,,,,cifar100,4,CDANN,PCA64,4.0,0.7849999666213989,0.7849999666213989,0.7275000214576721,0.7480000257492065,splits_cifar100_CDANN_4_0_b09dc755c62e.npz,b09dc755c62e,False,False,,,,,,,0.7620297933512266,all_pca,PCA64,IW residual DIS2 | W=5 | seed=0 (plug-in),True,
iw_residual_dis2,5.0,0.0,10000.0,2000.0,2500.0,500.0,0.766,0.0,1.0,54.598148345947266,0.5,0.5,0.47450000047683716,0.25001591444015503,,,,,0.23400297090993236,0.0,2500.0,0.0,500.0,0.0,ok,plugin,False,,2499.8091841594496,2499.9845306305815,1.0074848311456392,0.9997848715106664,1.0046918259199686,,0.0,0.23400297090993236,0.7659970290900676,0.7659970290900676,False,,,,,,,cifar100,12,CDANN,PCA64,4.0,0.7858999967575073,0.7858999967575073,0.7480000257492065,0.7680000066757202,splits_cifar100_CDANN_12_0_b09dc755c62e.npz,b09dc755c62e,False,True,,,,,,,0.7659970290900676,all_pca,PCA64,IW residual DIS2 | W=5 | seed=0 (plug-in),True,
iw_residual_dis2,5.0,0.0,10000.0,2000.0,2500.0,500.0,0.7664,0.0,1.0,54.598148345947266,0.5,0.5,0.4909999966621399,0.25000667572021484,,,,,0.23356990033497932,0.0,2500.0,0.0,500.0,0.0,ok,plugin,False,,2499.550167176881,2499.977838355216,1.0081108644090961,0.9996785962570697,1.004997227492606,,0.0,0.23356990033497932,0.7664300996650206,0.7664300996650206,False,,,,,,,cifar100,59,CDANN,PCA64,4.0,0.7870000004768372,0.7870000004768372,0.7580000162124634,0.7920000553131104,splits_cifar100_CDANN_59_0_b09dc755c62e.npz,b09dc755c62e,False,True,,,,,,,0.7664300996650206,all_pca,PCA64,IW residual DIS2 | W=5 | seed=0 (plug-in),True,
iw_residual_dis2,5.0,0.0,10000.0,2000.0,2500.0,500.0,0.7652,0.0,1.0,54.598148345947266,0.5,0.5,0.47699999809265137,0.2500145137310028,,,,,0.23474596757580357,0.0,2500.0,0.0,500.0,0.0,ok,plugin,False,,2499.7923076379384,2499.9845600296117,1.0072747309060814,0.999839052984516,1.00456430009858,,0.0,0.23474596757580357,0.7652540324241964,0.7652540324241964,False,,,,,,,cifar100,82,CDANN,PCA64,4.0,0.7872999906539917,0.7872999906539917,0.7635000348091125,0.7720000147819519,splits_cifar100_CDANN_82_0_b09dc755c62e.npz,b09dc755c62e,False,True,,,,,,,0.7652540324241964,all_pca,PCA64,IW residual DIS2 | W=5 | seed=0 (plug-in),True,
iw_residual_dis2,5.0,0.0,28152.0,9910.0,7040.0,2478.0,0.803125,0.0,1.0,1.226292371749878,0.5,0.5,0.5829572677612305,0.24159753322601318,,,,,0.2015834610436606,0.0,7040.0,0.0,2478.0,0.0,ok,plugin,False,,6903.24014926752,6265.580006128775,3.8401344425304784,0.9346968552989108,1.6077078242478362,,0.0,0.2015834610436606,0.7984165389563394,0.7984165389563394,False,,,,,,,domainnet,1,DANN,PCA64,32.0,0.8072605729103088,0.8072605729103088,0.465893030166626,0.47497981786727905,splits_domainnet_DANN_1_0_b09dc755c62e.npz,b09dc755c62e,False,False,,,,,,,0.7984165389563394,all_pca,PCA64,IW residual DIS2 | W=5 | seed=0 (plug-in),True,
iw_residual_dis2,5.0,0.0,28152.0,14207.0,7040.0,3553.0,0.8038352272727273,0.0,1.0,1.108939290046692,0.5,0.5,0.6014209389686584,0.23618116974830627,5.0,11.0,4.0,8.0,0.21200166591324945,0.0028145229383619475,7039.0,1.0,3543.0,10.0,ok,plugin,False,,6961.064653375577,5674.02815340596,4.9385986147477965,0.8837972421477308,1.8883166709919361,1.0,0.0,0.21200166591324945,0.7879983340867506,0.7879983340867506,False,2.0,1.0,0.25,0.75,1.0,"[{'epoch': 0, 'best_score': 0.0}, {'epoch': 1, 'best_score': 0.0}, {'epoch': 2, 'best_score': 0.25}, {'epoch': 3, 'best_score': 0.25}, {'epoch': 4, 'best_score': 0.25}, {'epoch': 5, 'best_score': 0.25}, {'epoch': 6, 'best_score': 0.25}, {'epoch': 7, 'best_score': 0.25}, {'epoch': 8, 'best_score': 0.25}, {'epoch': 9, 'best_score': 0.25}, {'epoch': 10, 'best_score': 0.25}, {'epoch': 11, 'best_score': 0.25}, {'epoch': 12, 'best_score': 0.25}, {'epoch': 13, 'best_score': 0.25}, {'epoch': 14, 'best_score': 0.25}, {'epoch': 15, 'best_score': 0.25}, {'epoch': 16, 'best_score': 0.25}, {'epoch': 17, 'best_score': 0.25}, {'epoch': 18, 'best_score': 0.25}, {'epoch': 19, 'best_score': 0.25}, {'epoch': 20, 'best_score': 0.25}, {'epoch': 21, 'best_score': 0.25}, {'epoch': 22, 'best_score': 0.25}, {'epoch': 23, 'best_score': 0.25}, {'epoch': 24, 'best_score': 0.25}, {'epoch': 25, 'best_score': 0.25}, {'epoch': 26, 'best_score': 0.25}, {'epoch': 27, 'best_score': 0.25}, {'epoch': 28, 'best_score': 0.25}, {'epoch': 29, 'best_score': 0.25}, {'epoch': 30, 'best_score': 0.25}, {'epoch': 31, 'best_score': 0.25}, {'epoch': 32, 'best_score': 0.25}, {'epoch': 33, 'best_score': 0.25}, {'epoch': 34, 'best_score': 0.25}, {'epoch': 35, 'best_score': 0.25}, {'epoch': 36, 'best_score': 0.25}, {'epoch': 37, 'best_score': 0.25}, {'epoch': 38, 'best_score': 0.25}, {'epoch': 39, 'best_score': 0.25}, {'epoch': 40, 'best_score': 0.25}, {'epoch': 41, 'best_score': 0.25}, {'epoch': 42, 'best_score': 0.25}, {'epoch': 43, 'best_score': 0.25}, {'epoch': 44, 'best_score': 0.25}, {'epoch': 45, 'best_score': 0.25}, {'epoch': 46, 'best_score': 0.25}, {'epoch': 47, 'best_score': 0.25}, {'epoch': 48, 'best_score': 0.25}, {'epoch': 49, 'best_score': 0.25}]",domainnet,2,DANN,PCA64,32.0,0.8101378083229065,0.8101378083229065,0.38572534918785095,0.38727834820747375,splits_domainnet_DANN_2_0_b09dc755c62e.npz,b09dc755c62e,False,False,0.0,1.0,0.0,,,,0.7879983340867506,all_pca,PCA64,IW residual DIS2 | W=5 | seed=0 (plug-in),True,
iw_residual_dis2,5.0,0.0,28152.0,15295.0,7040.0,3825.0,0.8072443181818182,0.0,1.0,1.0002521276474,0.5,0.5,0.5666530132293701,0.24530553817749023,,,,,0.18993982763056655,0.00026143790849673205,7040.0,0.0,3824.0,1.0,unsupported_residual_source_region,plugin,False,,7058.580295773514,6527.729300389122,3.345603395149516,0.9658101937020955,1.511860714924372,,,,,,,,,,,,,domainnet,3,DANN,PCA64,32.0,0.8096050024032593,0.8096050024032593,0.4719189405441284,0.46562090516090393,splits_domainnet_DANN_3_0_b09dc755c62e.npz,b09dc755c62e,,,,,,,,,,all_pca,PCA64,IW residual DIS2 | W=5 | seed=0 (plug-in),False,
iw_residual_dis2,5.0,0.0,28152.0,9910.0,7040.0,2478.0,0.8025568181818181,0.0,1.0,0.6819519996643066,0.5,0.5,0.5463367700576782,0.2473730742931366,,,,,0.2151981808820383,0.0,7040.0,0.0,2478.0,0.0,ok,plugin,False,,7119.098872628354,6738.082016814914,1.8296552366436318,0.9943077857533322,1.3903075185508535,,0.0,0.2151981808820383,0.7848018191179618,0.7848018191179618,False,,,,,,,domainnet,1,CDANN,PCA64,4.0,0.8055910468101501,0.8055910468101501,0.5121089816093445,0.5205811262130737,splits_domainnet_CDANN_1_0_b09dc755c62e.npz,b09dc755c62e,False,False,,,,,,,0.7848018191179618,all_pca,PCA64,IW residual DIS2 | W=5 | seed=0 (plug-in),True,
iw_residual_dis2,5.0,0.0,28152.0,14207.0,7040.0,3553.0,0.8004261363636364,0.0,1.0,1.1073464155197144,0.5,0.5,0.5364314317703247,0.24767601490020752,,,,,0.20830151757347828,0.0,7040.0,0.0,3553.0,0.0,ok,plugin,False,,7042.532128157394,6791.387470629839,1.7457986667189163,0.9930979980913714,1.3272196742171534,,0.0,0.20830151757347828,0.7916984824265217,0.7916984824265217,False,,,,,,,domainnet,2,CDANN,PCA64,4.0,0.8071539998054504,0.8071539998054504,0.42063772678375244,0.4218969941139221,splits_domainnet_CDANN_2_0_b09dc755c62e.npz,b09dc755c62e,False,False,,,,,,,0.7916984824265217,all_pca,PCA64,IW residual DIS2 | W=5 | seed=0 (plug-in),True,
iw_residual_dis2,5.0,0.0,28152.0,15295.0,7040.0,3825.0,0.8063920454545455,0.0,1.0,0.8559980392456055,0.5,0.5,0.5631357431411743,0.24379169940948486,,,,,0.18431691892032773,0.0,7040.0,0.0,3825.0,0.0,ok,plugin,False,,7105.7887568127335,6367.189452388498,3.401659048975163,0.9501530800256989,1.6223617297483661,,0.0,0.18431691892032773,0.8156830810796722,0.8156830810796722,False,,,,,,,domainnet,3,CDANN,PCA64,4.0,0.8074381947517395,0.8074381947517395,0.49369075894355774,0.48549020290374756,splits_domainnet_CDANN_3_0_b09dc755c62e.npz,b09dc755c62e,False,False,,,,,,,0.8156830810796722,all_pca,PCA64,IW residual DIS2 | W=5 | seed=0 (plug-in),True,
iw_residual_dis2,5.0,0.0,1700.0,8804.0,425.0,2203.0,0.8658823529411764,0.0,1.0,1.7118247747421265,0.5,0.5,0.5553141832351685,0.2474673092365265,,,,,0.1486304639827676,0.0,425.0,0.0,2203.0,0.0,ok,plugin,False,,433.8995581541775,406.0468144563754,1.5947715283956745,1.0253579878381205,1.383887847507229,,0.0,0.1486304639827676,0.8513695360172324,0.8513695360172324,False,,,,,,,living17,1,DANN,PCA64,8.0,0.8994117379188538,0.8994117379188538,0.6758291721343994,0.6876986026763916,splits_living17_DANN_1_0_b09dc755c62e.npz,b09dc755c62e,False,False,,,,,,,0.8513695360172324,all_pca,PCA64,IW residual DIS2 | W=5 | seed=0 (plug-in),True,
iw_residual_dis2,5.0,0.0,1700.0,68.0,425.0,19.0,0.8823529411764706,0.0,1.0,3.435157537460327,0.5,0.5,0.5382353067398071,0.24690869450569153,,,,,0.11180255096880684,0.0,425.0,0.0,19.0,0.0,ok,plugin,False,,394.7506596546109,398.5596868267441,1.5523682981341551,0.9223655020129055,1.3537176447752515,,0.0,0.11180255096880684,0.8881974490311931,0.8881974490311931,False,,,,,,,living17,2,DANN,PCA64,8.0,0.9094117283821106,0.9094117283821106,0.8970588445663452,0.8421052694320679,splits_living17_DANN_2_0_b09dc755c62e.npz,b09dc755c62e,True,False,,,,,,,0.8881974490311931,all_pca,PCA64,IW residual DIS2 | W=5 | seed=0 (plug-in),True,
iw_residual_dis2,5.0,0.0,1700.0,68.0,425.0,19.0,0.8894117647058823,0.0,1.0,0.8544672131538391,0.5,0.5,0.751960813999176,0.20864135026931763,,,,,0.11323287120444749,0.0,411.0,14.0,19.0,0.0,ok,plugin,False,,342.13914050023175,213.92689006113275,3.600125840828003,0.5503564883423758,2.719659956822379,,0.0,0.11323287120444749,0.8867671287955525,0.8867671287955525,False,,,,,,,living17,3,DANN,PCA64,8.0,0.9052940607070923,0.9052940607070923,0.5882353186607361,0.6842105388641357,splits_living17_DANN_3_0_b09dc755c62e.npz,b09dc755c62e,False,False,,,,,,,0.8867671287955525,all_pca,PCA64,IW residual DIS2 | W=5 | seed=0 (plug-in),True,
iw_residual_dis2,5.0,0.0,1700.0,8804.0,425.0,2203.0,0.8894117647058823,0.0,1.0,54.598148345947266,0.5,0.5,0.5014371871948242,0.250005304813385,,,,,0.11063530317123534,0.0,425.0,0.0,2203.0,0.0,ok,plugin,False,,424.9990187316745,424.9950641671985,1.009194129235711,1.0000602557385505,1.0056053538892025,,0.0,0.11063530317123534,0.8893646968287646,0.8893646968287646,False,,,,,,,living17,1,CDANN,PCA64,4.0,0.9052940607070923,0.9052940607070923,0.6863925457000732,0.6981388926506042,splits_living17_CDANN_1_0_b09dc755c62e.npz,b09dc755c62e,False,False,,,,,,,0.8893646968287646,all_pca,PCA64,IW residual DIS2 | W=5 | seed=0 (plug-in),True,
iw_residual_dis2,5.0,0.0,1700.0,68.0,425.0,19.0,0.8917647058823529,0.0,1.0,54.598148345947266,0.5,0.5,0.31470587849617004,0.2501634955406189,,,,,0.10763198158133017,0.0,425.0,0.0,19.0,0.0,ok,plugin,False,,422.97736897946527,424.94823464810787,1.0440411718667169,0.9949629176013489,1.0119303258387198,,0.0,0.10763198158133017,0.8923680184186699,0.8923680184186699,False,,,,,,,living17,2,CDANN,PCA64,4.0,0.9094117283821106,0.9094117283821106,0.8676470518112183,0.8421052694320679,splits_living17_CDANN_2_0_b09dc755c62e.npz,b09dc755c62e,False,False,,,,,,,0.8923680184186699,all_pca,PCA64,IW residual DIS2 | W=5 | seed=0 (plug-in),True,
iw_residual_dis2,5.0,0.0,1700.0,68.0,425.0,19.0,0.8823529411764706,0.0,1.0,54.598148345947266,0.5,0.5,0.4225490093231201,0.25023651123046875,,,,,0.117035612743547,0.0,425.0,0.0,19.0,0.0,ok,plugin,False,,423.7711950454801,424.96060438980635,1.0260711651400463,0.9971065603872015,1.0117735742400944,,0.0,0.117035612743547,0.882964387256453,0.882964387256453,False,,,,,,,living17,3,CDANN,PCA64,4.0,0.9052940607070923,0.9052940607070923,0.5588235259056091,0.6315789222717285,splits_living17_CDANN_3_0_b09dc755c62e.npz,b09dc755c62e,False,False,,,,,,,0.882964387256453,all_pca,PCA64,IW residual DIS2 | W=5 | seed=0 (plug-in),True,
iw_residual_dis2,5.0,0.0,2600.0,13282.0,650.0,3322.0,0.8046153846153846,0.0,1.0,2.156191349029541,0.5,0.5,0.5059951543807983,0.24960054457187653,,,,,0.19729983532990794,0.0,650.0,0.0,3322.0,0.0,ok,plugin,False,,647.2951354165266,645.3068551494548,1.2258246854762207,0.9992627825026168,1.1199599048099376,,0.0,0.19729983532990794,0.8027001646700921,0.8027001646700921,False,,,,,,,nonliving26,1,DANN,PCA64,8.0,0.8126922845840454,0.8126922845840454,0.5122722387313843,0.5192654728889465,splits_nonliving26_DANN_1_0_b09dc755c62e.npz,b09dc755c62e,False,False,,,,,,,0.8027001646700921,all_pca,PCA64,IW residual DIS2 | W=5 | seed=0 (plug-in),True,
iw_residual_dis2,5.0,0.0,2600.0,104.0,650.0,28.0,0.8292307692307692,0.0,1.0,54.598148345947266,0.5,0.5,0.4038461446762085,0.2506033778190613,,,,,0.1701249182166074,0.0,650.0,0.0,28.0,0.0,ok,plugin,False,,647.6089048618696,649.8948670697146,1.0338735040933442,0.9969824627689864,1.015250373884378,,0.0,0.1701249182166074,0.8298750817833926,0.8298750817833926,False,,,,,,,nonliving26,2,DANN,PCA64,8.0,0.8176922798156738,0.8176922798156738,0.75,0.7142857313156128,splits_nonliving26_DANN_2_0_b09dc755c62e.npz,b09dc755c62e,False,False,,,,,,,0.8298750817833926,all_pca,PCA64,IW residual DIS2 | W=5 | seed=0 (plug-in),True,
iw_residual_dis2,5.0,0.0,2600.0,104.0,650.0,28.0,0.8246153846153846,0.0,1.0,54.598148345947266,0.5,0.5,0.45000001788139343,0.25004658102989197,,,,,0.17509602579737932,0.0,650.0,0.0,28.0,0.0,ok,plugin,False,,645.3705926560069,649.724394398817,1.046460836247922,0.9943422854331323,1.0253292516625503,,0.0,0.17509602579737932,0.8249039742026207,0.8249039742026207,False,,,,,,,nonliving26,3,DANN,PCA64,8.0,0.8146153688430786,0.8146153688430786,0.4038461744785309,0.3214285969734192,splits_nonliving26_DANN_3_0_b09dc755c62e.npz,b09dc755c62e,False,False,,,,,,,0.8249039742026207,all_pca,PCA64,IW residual DIS2 | W=5 | seed=0 (plug-in),True,
iw_residual_dis2,5.0,0.0,2600.0,13282.0,650.0,3322.0,0.8169230769230769,0.0,1.0,4.255368232727051,0.5,0.5,0.5112951993942261,0.24999505281448364,,,,,0.18345263898100733,0.0,650.0,0.0,3322.0,0.0,ok,plugin,False,,649.921795942741,649.9430308432728,1.030589983829968,1.000134561591583,1.0147816506849816,,0.0,0.18345263898100733,0.8165473610189926,0.8165473610189926,False,,,,,,,nonliving26,1,CDANN,PCA64,4.0,0.8176922798156738,0.8176922798156738,0.5332028269767761,0.5352197289466858,splits_nonliving26_CDANN_1_0_b09dc755c62e.npz,b09dc755c62e,False,False,,,,,,,0.8165473610189926,all_pca,PCA64,IW residual DIS2 | W=5 | seed=0 (plug-in),True,
iw_residual_dis2,5.0,0.0,2600.0,104.0,650.0,28.0,0.8138461538461539,0.0,1.0,0.8669806718826294,0.5,0.5,0.550000011920929,0.24008387327194214,,,,,0.1936367774369809,0.0,650.0,0.0,28.0,0.0,ok,plugin,False,,677.3047490825059,537.7869036493187,3.1715206473373696,0.993138332026891,1.8620532109022492,,0.0,0.1936367774369809,0.8063632225630191,0.8063632225630191,False,,,,,,,nonliving26,2,CDANN,PCA64,4.0,0.8165384531021118,0.8165384531021118,0.7692307829856873,0.7500000596046448,splits_nonliving26_CDANN_2_0_b09dc755c62e.npz,b09dc755c62e,False,False,,,,,,,0.8063632225630191,all_pca,PCA64,IW residual DIS2 | W=5 | seed=0 (plug-in),True,
iw_residual_dis2,5.0,0.0,2600.0,104.0,650.0,28.0,0.8123076923076923,0.0,1.0,15.424545288085938,0.5,0.5,0.5538461208343506,0.24996675550937653,,,,,0.18667401364890465,0.0,650.0,0.0,28.0,0.0,ok,plugin,False,,646.7414133995605,649.6021223997487,1.0920128345205828,0.9913958449490134,1.041827503660088,,0.0,0.18667401364890465,0.8133259863510953,0.8133259863510953,False,,,,,,,nonliving26,3,CDANN,PCA64,4.0,0.822692334651947,0.822692334651947,0.4038461744785309,0.3214285969734192,splits_nonliving26_CDANN_3_0_b09dc755c62e.npz,b09dc755c62e,False,False,,,,,,,0.8133259863510953,all_pca,PCA64,IW residual DIS2 | W=5 | seed=0 (plug-in),True,
iw_residual_dis2,5.0,0.0,11745.0,35070.0,2938.0,8768.0,0.6388699795779442,0.0,1.0,1.1058056354522705,0.5,0.5,0.5455554127693176,0.24631547927856445,,,,,0.34694005586826276,0.0,2938.0,0.0,8768.0,0.0,ok,plugin,False,,2935.1001315654753,2773.9660915985232,1.8087913820848291,0.9948211810809553,1.4090626000582918,,0.0,0.34694005586826276,0.6530599441317373,0.6530599441317373,False,,,,,,,fmow,1,DANN,PCA64,16.0,0.6519370079040527,0.6519370079040527,0.6103222370147705,0.6077782511711121,splits_fmow_DANN_1_0_b09dc755c62e.npz,b09dc755c62e,False,False,,,,,,,0.6530599441317373,all_pca,PCA64,IW residual DIS2 | W=5 | seed=0 (plug-in),True,
iw_residual_dis2,5.0,0.0,11745.0,39088.0,2938.0,9774.0,0.6344452008168822,0.0,1.0,1.0715910196304321,0.5,0.5,0.5546911954879761,0.2435484230518341,,,,,0.3676446341840993,0.0,2938.0,0.0,9774.0,0.0,ok,plugin,False,,2929.602189153415,2661.7187580198415,2.2722516037948775,0.9601466501772351,1.5767340289647034,,0.0,0.3676446341840993,0.6323553658159007,0.6323553658159007,False,,,,,,,fmow,2,DANN,PCA64,16.0,0.6504895687103271,0.6504895687103271,0.5482756495475769,0.5545324683189392,splits_fmow_DANN_2_0_b09dc755c62e.npz,b09dc755c62e,False,False,,,,,,,0.6323553658159007,all_pca,PCA64,IW residual DIS2 | W=5 | seed=0 (plug-in),True,
iw_residual_dis2,5.0,0.0,11745.0,35070.0,2938.0,8768.0,0.6466984343090538,0.0,1.0,1.2916171550750732,0.5,0.5,0.5249029994010925,0.24931854009628296,,,,,0.34415957681398607,0.0,2938.0,0.0,8768.0,0.0,ok,plugin,False,,2922.862338182315,2904.515743470036,1.5286498971933777,0.9814002995683861,1.1938011881501407,,0.0,0.34415957681398607,0.655840423186014,0.655840423186014,False,,,,,,,fmow,1,CDANN,PCA64,4.0,0.6558535695075989,0.6558535695075989,0.605617344379425,0.6010492444038391,splits_fmow_CDANN_1_0_b09dc755c62e.npz,b09dc755c62e,False,False,,,,,,,0.655840423186014,all_pca,PCA64,IW residual DIS2 | W=5 | seed=0 (plug-in),True,
iw_residual_dis2,5.0,0.0,11745.0,39088.0,2938.0,9774.0,0.6446562287270252,0.0,1.0,1.217383623123169,0.5,0.5,0.5305451154708862,0.24845653772354126,,,,,0.3559641295911213,0.0,2938.0,0.0,9774.0,0.0,ok,plugin,False,,2932.1487145312212,2856.1832271763137,2.347259993749301,0.9808671807459199,1.2703626031116708,,0.0,0.3559641295911213,0.6440358704088787,0.6440358704088787,False,,,,,,,fmow,2,CDANN,PCA64,4.0,0.6548318862915039,0.6548318862915039,0.5420845150947571,0.5445058345794678,splits_fmow_CDANN_2_0_b09dc755c62e.npz,b09dc755c62e,False,False,,,,,,,0.6440358704088787,all_pca,PCA64,IW residual DIS2 | W=5 | seed=0 (plug-in),True,
iw_residual_dis2,5.0,0.0,731.0,898.0,184.0,227.0,0.9239130434782609,0.0,1.0,8.328080177307129,0.5,0.5,0.5086963176727295,0.2497611939907074,,,,,0.07503485142154054,0.0,184.0,0.0,227.0,0.0,ok,plugin,False,,181.9126269606262,183.26082411910807,1.1855055324897044,0.9879564013029002,1.0976303834413481,,0.0,0.07503485142154054,0.9249651485784595,0.9249651485784595,False,,,,,,,officehome,1,DANN,PCA64,32.0,0.922024667263031,0.922024667263031,0.7193763852119446,0.7268722057342529,splits_officehome_DANN_1_0_b09dc755c62e.npz,b09dc755c62e,False,False,,,,,,,0.9249651485784595,all_pca,PCA64,IW residual DIS2 | W=5 | seed=0 (plug-in),True,
iw_residual_dis2,5.0,0.0,731.0,893.0,184.0,226.0,0.9021739130434783,0.0,1.0,2.4440267086029053,0.5,0.5,0.5591042041778564,0.24774935841560364,,,,,0.09661986923598873,0.0,184.0,0.0,226.0,0.0,ok,plugin,False,,179.8759710882897,175.67129278826158,1.5931452282586445,0.9512581851788887,1.3928419391406472,,0.0,0.09661986923598873,0.9033801307640112,0.9033801307640112,False,,,,,,,officehome,2,DANN,PCA64,32.0,0.915184736251831,0.915184736251831,0.44904816150665283,0.45132744312286377,splits_officehome_DANN_2_0_b09dc755c62e.npz,b09dc755c62e,False,False,,,,,,,0.9033801307640112,all_pca,PCA64,IW residual DIS2 | W=5 | seed=0 (plug-in),True,
iw_residual_dis2,5.0,0.0,731.0,507.0,184.0,128.0,0.9130434782608696,0.0,1.0,9.85393238067627,0.5,0.5,0.5213698148727417,0.2494889497756958,,,,,0.08514737011738735,0.0,184.0,0.0,128.0,0.0,ok,plugin,False,,179.5052187893292,182.86872020848816,1.2618681629334165,0.9779805434715756,1.1004425295032714,,0.0,0.08514737011738735,0.9148526298826126,0.9148526298826126,False,,,,,,,officehome,3,DANN,PCA64,32.0,0.9056087732315063,0.9056087732315063,0.5364891290664673,0.5625,splits_officehome_DANN_3_0_b09dc755c62e.npz,b09dc755c62e,False,False,,,,,,,0.9148526298826126,all_pca,PCA64,IW residual DIS2 | W=5 | seed=0 (plug-in),True,
iw_residual_dis2,5.0,0.0,731.0,898.0,184.0,227.0,0.9130434782608696,0.0,1.0,54.598148345947266,0.5,0.5,0.48006772994995117,0.24999967217445374,,,,,0.08694171330118482,0.0,184.0,0.0,227.0,0.0,ok,plugin,False,,183.94291584653143,183.9969753165282,1.012614403384388,0.9996708464020668,1.0067489107095131,,0.0,0.08694171330118482,0.9130582866988152,0.9130582866988152,False,,,,,,,officehome,1,CDANN,PCA64,4.0,0.9138167500495911,0.9138167500495911,0.730512261390686,0.7488986253738403,splits_officehome_CDANN_1_0_b09dc755c62e.npz,b09dc755c62e,False,False,,,,,,,0.9130582866988152,all_pca,PCA64,IW residual DIS2 | W=5 | seed=0 (plug-in),True,
iw_residual_dis2,5.0,0.0,731.0,893.0,184.0,226.0,0.8913043478260869,0.0,1.0,1.159893274307251,0.5,0.5,0.5659534931182861,0.24251651763916016,,,,,0.12760004980626627,0.0,184.0,0.0,226.0,0.0,ok,plugin,False,,174.19466759690215,160.26828763154037,2.696828843990654,0.8739112119935861,1.591118317830241,,0.0,0.12760004980626627,0.8723999501937337,0.8723999501937337,False,,,,,,,officehome,2,CDANN,PCA64,4.0,0.9015048146247864,0.9015048146247864,0.4501679837703705,0.45132744312286377,splits_officehome_CDANN_2_0_b09dc755c62e.npz,b09dc755c62e,False,False,,,,,,,0.8723999501937337,all_pca,PCA64,IW residual DIS2 | W=5 | seed=0 (plug-in),True,
iw_residual_dis2,5.0,0.0,731.0,507.0,184.0,128.0,0.9130434782608696,0.0,1.0,0.5319669842720032,0.5,0.5,0.6693150997161865,0.20426291227340698,7.0,18.0,3.0,12.0,0.1155780701321625,0.0625,177.0,7.0,120.0,8.0,ok,plugin,False,,157.9054913751815,87.22611533648256,4.528501906159024,0.6200676777471616,3.166534095135003,1.0,0.0,0.1155780701321625,0.8844219298678375,0.8844219298678375,False,35.0,29.0,0.3333333134651184,0.6666666865348816,1.0,"[{'epoch': 0, 'best_score': 0.16666662693023682}, {'epoch': 1, 'best_score': 0.16666662693023682}, {'epoch': 2, 'best_score': 0.16666662693023682}, {'epoch': 3, 'best_score': 0.16666662693023682}, {'epoch': 4, 'best_score': 0.16666662693023682}, {'epoch': 5, 'best_score': 0.16666662693023682}, {'epoch': 6, 'best_score': 0.16666662693023682}, {'epoch': 7, 'best_score': 0.16666662693023682}, {'epoch': 8, 'best_score': 0.16666662693023682}, {'epoch': 9, 'best_score': 0.16666662693023682}, {'epoch': 10, 'best_score': 0.16666662693023682}, {'epoch': 11, 'best_score': 0.16666662693023682}, {'epoch': 12, 'best_score': 0.16666662693023682}, {'epoch': 13, 'best_score': 0.16666662693023682}, {'epoch': 14, 'best_score': 0.16666662693023682}, {'epoch': 15, 'best_score': 0.16666662693023682}, {'epoch': 16, 'best_score': 0.16666662693023682}, {'epoch': 17, 'best_score': 0.16666662693023682}, {'epoch': 18, 'best_score': 0.16666662693023682}, {'epoch': 19, 'best_score': 0.16666662693023682}, {'epoch': 20, 'best_score': 0.16666662693023682}, {'epoch': 21, 'best_score': 0.16666662693023682}, {'epoch': 22, 'best_score': 0.16666662693023682}, {'epoch': 23, 'best_score': 0.16666662693023682}, {'epoch': 24, 'best_score': 0.16666662693023682}, {'epoch': 25, 'best_score': 0.16666662693023682}, {'epoch': 26, 'best_score': 0.16666662693023682}, {'epoch': 27, 'best_score': 0.16666662693023682}, {'epoch': 28, 'best_score': 0.16666662693023682}, {'epoch': 29, 'best_score': 0.16666662693023682}, {'epoch': 30, 'best_score': 0.16666662693023682}, {'epoch': 31, 'best_score': 0.16666662693023682}, {'epoch': 32, 'best_score': 0.16666662693023682}, {'epoch': 33, 'best_score': 0.16666662693023682}, {'epoch': 34, 'best_score': 0.16666662693023682}, {'epoch': 35, 'best_score': 0.3333333134651184}, {'epoch': 36, 'best_score': 0.3333333134651184}, {'epoch': 37, 'best_score': 0.3333333134651184}, {'epoch': 38, 'best_score': 0.3333333134651184}, {'epoch': 39, 'best_score': 0.3333333134651184}, {'epoch': 40, 'best_score': 0.3333333134651184}, {'epoch': 41, 'best_score': 0.3333333134651184}, {'epoch': 42, 'best_score': 0.3333333134651184}, {'epoch': 43, 'best_score': 0.3333333134651184}, {'epoch': 44, 'best_score': 0.3333333134651184}, {'epoch': 45, 'best_score': 0.3333333134651184}, {'epoch': 46, 'best_score': 0.3333333134651184}, {'epoch': 47, 'best_score': 0.3333333134651184}, {'epoch': 48, 'best_score': 0.3333333134651184}, {'epoch': 49, 'best_score': 0.3333333134651184}]",officehome,3,CDANN,PCA64,4.0,0.9138167500495911,0.9138167500495911,0.5364891290664673,0.5546875,splits_officehome_CDANN_3_0_b09dc755c62e.npz,b09dc755c62e,False,False,0.0,1.0,0.0,,,,0.8844219298678375,all_pca,PCA64,IW residual DIS2 | W=5 | seed=0 (plug-in),True,
iw_residual_dis2,5.0,0.0,24387.0,11083.0,6098.0,2773.0,0.9996720236142997,0.0,1.0,1.1050329208374023,0.5,0.5,0.6452946662902832,0.22184011340141296,51.0,84.0,28.0,40.0,0.0001571409733474017,0.02127659574468085,6051.0,47.0,2714.0,59.0,ok,plugin,False,,5842.581969394681,3910.861394101581,4.998488686944865,0.7800578756145787,2.4297315549003393,0.7796610169491526,0.006629274692897316,0.006786415666244718,0.9932135843337553,0.9932135843337553,False,46.0,3.0,0.6071428656578064,0.1428571492433548,0.75,"[{'epoch': 0, 'best_score': 0.14642858505249023}, {'epoch': 1, 'best_score': 0.14642858505249023}, {'epoch': 2, 'best_score': 0.1321428418159485}, {'epoch': 3, 'best_score': 0.13571429252624512}, {'epoch': 4, 'best_score': 0.1892857551574707}, {'epoch': 5, 'best_score': 0.2250000238418579}, {'epoch': 6, 'best_score': 0.2607142925262451}, {'epoch': 7, 'best_score': 0.2607142925262451}, {'epoch': 8, 'best_score': 0.2928571105003357}, {'epoch': 9, 'best_score': 0.2964286208152771}, {'epoch': 10, 'best_score': 0.3321428894996643}, {'epoch': 11, 'best_score': 0.3321428894996643}, {'epoch': 12, 'best_score': 0.3321428894996643}, {'epoch': 13, 'best_score': 0.30714285373687744}, {'epoch': 14, 'best_score': 0.30714285373687744}, {'epoch': 15, 'best_score': 0.34285712242126465}, {'epoch': 16, 'best_score': 0.37857139110565186}, {'epoch': 17, 'best_score': 0.4357142746448517}, {'epoch': 18, 'best_score': 0.4714285433292389}, {'epoch': 19, 'best_score': 0.4464285671710968}, {'epoch': 20, 'best_score': 0.4571428894996643}, {'epoch': 21, 'best_score': 0.5214285850524902}, {'epoch': 22, 'best_score': 0.46785712242126465}, {'epoch': 23, 'best_score': 0.4928571581840515}, {'epoch': 24, 'best_score': 0.4928571581840515}, {'epoch': 25, 'best_score': 0.4928571581840515}, {'epoch': 26, 'best_score': 0.514285683631897}, {'epoch': 27, 'best_score': 0.514285683631897}, {'epoch': 28, 'best_score': 0.514285683631897}, {'epoch': 29, 'best_score': 0.514285683631897}, {'epoch': 30, 'best_score': 0.5392856597900391}, {'epoch': 31, 'best_score': 0.514285683631897}, {'epoch': 32, 'best_score': 0.5857142806053162}, {'epoch': 33, 'best_score': 0.550000011920929}, {'epoch': 34, 'best_score': 0.5857142806053162}, {'epoch': 35, 'best_score': 0.5857142806053162}, {'epoch': 36, 'best_score': 0.5857142806053162}, {'epoch': 37, 'best_score': 0.5857142806053162}, {'epoch': 38, 'best_score': 0.574999988079071}, {'epoch': 39, 'best_score': 0.574999988079071}, {'epoch': 40, 'best_score': 0.574999988079071}, {'epoch': 41, 'best_score': 0.574999988079071}, {'epoch': 42, 'best_score': 0.574999988079071}, {'epoch': 43, 'best_score': 0.574999988079071}, {'epoch': 44, 'best_score': 0.6000000238418579}, {'epoch': 45, 'best_score': 0.6000000238418579}, {'epoch': 46, 'best_score': 0.6071428656578064}, {'epoch': 47, 'best_score': 0.6071428656578064}, {'epoch': 48, 'best_score': 0.6000000238418579}, {'epoch': 49, 'best_score': 0.6000000238418579}]",visda,1,DANN,PCA64,32.0,0.9995489120483398,0.9995489120483398,0.6463051438331604,0.6473133563995361,splits_visda_DANN_1_0_b09dc755c62e.npz,b09dc755c62e,False,False,0.0,0.46808510638297873,0.31157591056617384,,,,0.9932135843337553,all_pca,PCA64,IW residual DIS2 | W=5 | seed=0 (plug-in),True,
iw_residual_dis2,5.0,0.0,24387.0,14480.0,6098.0,3620.0,0.9998360118071499,0.0,1.0,1.0648400783538818,0.5,0.5,0.6437770128250122,0.22209472954273224,58.0,114.0,27.0,60.0,6.173339187906178e-05,0.022651933701657457,6065.0,33.0,3538.0,82.0,ok,plugin,False,,5790.1334524154445,4004.8141875930282,4.9760135700030315,0.7760539708923515,2.300319102447777,0.7804878048780488,0.01150175791059769,0.011563491302476752,0.9884365086975232,0.9884365086975232,False,42.0,5.0,0.7351851463317871,0.14814814925193787,0.8833333253860474,"[{'epoch': 0, 'best_score': 0.2666666507720947}, {'epoch': 1, 'best_score': 0.25}, {'epoch': 2, 'best_score': 0.3240740895271301}, {'epoch': 3, 'best_score': 0.3240740895271301}, {'epoch': 4, 'best_score': 0.4555555284023285}, {'epoch': 5, 'best_score': 0.4555555284023285}, {'epoch': 6, 'best_score': 0.4555555284023285}, {'epoch': 7, 'best_score': 0.5092592835426331}, {'epoch': 8, 'best_score': 0.49259257316589355}, {'epoch': 9, 'best_score': 0.49259257316589355}, {'epoch': 10, 'best_score': 0.4999999701976776}, {'epoch': 11, 'best_score': 0.5425925850868225}, {'epoch': 12, 'best_score': 0.5462963581085205}, {'epoch': 13, 'best_score': 0.5333333015441895}, {'epoch': 14, 'best_score': 0.6240741014480591}, {'epoch': 15, 'best_score': 0.6240741014480591}, {'epoch': 16, 'best_score': 0.6240741014480591}, {'epoch': 17, 'best_score': 0.6407407522201538}, {'epoch': 18, 'best_score': 0.6777777671813965}, {'epoch': 19, 'best_score': 0.6074074506759644}, {'epoch': 20, 'best_score': 0.6277778148651123}, {'epoch': 21, 'best_score': 0.6277778148651123}, {'epoch': 22, 'best_score': 0.6277778148651123}, {'epoch': 23, 'best_score': 0.6277778148651123}, {'epoch': 24, 'best_score': 0.6481481194496155}, {'epoch': 25, 'best_score': 0.6481481194496155}, {'epoch': 26, 'best_score': 0.6685185432434082}, {'epoch': 27, 'best_score': 0.6685185432434082}, {'epoch': 28, 'best_score': 0.6814814805984497}, {'epoch': 29, 'best_score': 0.6981481313705444}, {'epoch': 30, 'best_score': 0.7148147821426392}, {'epoch': 31, 'best_score': 0.7148147821426392}, {'epoch': 32, 'best_score': 0.7148147821426392}, {'epoch': 33, 'best_score': 0.6981481313705444}, {'epoch': 34, 'best_score': 0.7111111283302307}, {'epoch': 35, 'best_score': 0.7111111283302307}, {'epoch': 36, 'best_score': 0.7111111283302307}, {'epoch': 37, 'best_score': 0.6981481313705444}, {'epoch': 38, 'best_score': 0.7148147821426392}, {'epoch': 39, 'best_score': 0.7148147821426392}, {'epoch': 40, 'best_score': 0.7148147821426392}, {'epoch': 41, 'best_score': 0.7018518447875977}, {'epoch': 42, 'best_score': 0.7351851463317871}, {'epoch': 43, 'best_score': 0.7351851463317871}, {'epoch': 44, 'best_score': 0.7351851463317871}, {'epoch': 45, 'best_score': 0.7185184955596924}, {'epoch': 46, 'best_score': 0.7185184955596924}, {'epoch': 47, 'best_score': 0.7185184955596924}, {'epoch': 48, 'best_score': 0.7314814925193787}, {'epoch': 49, 'best_score': 0.7351851463317871}]",visda,2,DANN,PCA64,32.0,0.9997539520263672,0.9997539520263672,0.6546961069107056,0.6544198393821716,splits_visda_DANN_2_0_b09dc755c62e.npz,b09dc755c62e,False,False,0.0,0.2727272727272727,0.5077605321507761,,,,0.9884365086975232,all_pca,PCA64,IW residual DIS2 | W=5 | seed=0 (plug-in),True,
iw_residual_dis2,5.0,0.0,24387.0,11083.0,6098.0,2773.0,0.9993440472285995,0.0,1.0,0.898655891418457,0.5,0.5,0.5671564340591431,0.24135282635688782,,,,,0.000637031261306502,0.0,6098.0,0.0,2773.0,0.0,ok,plugin,False,,6155.087705822016,5303.930650701198,3.7750345079569043,1.00903494380213,1.6563426974889466,,0.0,0.000637031261306502,0.9993629687386935,0.9993629687386935,False,,,,,,,visda,1,CDANN,PCA64,4.0,0.9990978837013245,0.9990978837013245,0.6784264445304871,0.6693112254142761,splits_visda_CDANN_1_0_b09dc755c62e.npz,b09dc755c62e,False,False,,,,,,,0.9993629687386935,all_pca,PCA64,IW residual DIS2 | W=5 | seed=0 (plug-in),True,
iw_residual_dis2,5.0,0.0,24387.0,14480.0,6098.0,3620.0,0.9995080354214496,0.0,1.0,1.015189528465271,0.5,0.5,0.584722638130188,0.2427113950252533,,,,,0.0004944671874052444,0.0,6098.0,0.0,3620.0,0.0,ok,plugin,False,,6107.599107371659,5475.052090209691,2.1305911840161116,0.9633313873457954,1.5901090443334647,,0.0,0.0004944671874052444,0.9995055328125948,0.9995055328125948,False,,,,,,,visda,2,CDANN,PCA64,4.0,0.9995899200439453,0.9995899200439453,0.7107734680175781,0.7140883803367615,splits_visda_CDANN_2_0_b09dc755c62e.npz,b09dc755c62e,False,False,,,,,,,0.9995055328125948,all_pca,PCA64,IW residual DIS2 | W=5 | seed=0 (plug-in),True,
iw_residual_dis2,5.0,0.0,6500.0,33009.0,1625.0,8255.0,0.904,0.0,1.0,1.0002415180206299,0.5,0.5,0.5261538624763489,0.24911938607692719,,,,,0.1020614479824793,0.0,1625.0,0.0,8255.0,0.0,ok,plugin,False,,1629.653002946045,1603.7784765973506,1.3368455958472198,1.007758693502864,1.1794554323886064,,0.0,0.1020614479824793,0.8979385520175207,0.8979385520175207,False,,,,,,,entity13,1,DANN,PCA128,4.0,0.905846118927002,0.905846118927002,0.7318307161331177,0.7345851063728333,splits_entity13_DANN_1_0_b09dc755c62e.npz,b09dc755c62e,False,False,,,,,,,0.8979385520175207,all_pca,PCA128,IW residual DIS2 | W=5 | seed=0 (plug-in),True,
iw_residual_dis2,5.0,0.0,6500.0,260.0,1625.0,65.0,0.9101538461538462,0.0,1.0,1.7742382287979126,0.5,0.5,0.5507692098617554,0.2487063705921173,,,,,0.09617915881122664,0.0,1625.0,0.0,65.0,0.0,ok,plugin,False,,1618.3502436743074,1595.0596068118211,1.5562486289175768,0.9940743249404251,1.2178340891359956,,0.0,0.09617915881122664,0.9038208411887734,0.9038208411887734,False,,,,,,,entity13,2,DANN,PCA128,4.0,0.9129230380058289,0.9129230380058289,0.8615384697914124,0.8461538553237915,splits_entity13_DANN_2_0_b09dc755c62e.npz,b09dc755c62e,False,False,,,,,,,0.9038208411887734,all_pca,PCA128,IW residual DIS2 | W=5 | seed=0 (plug-in),True,
iw_residual_dis2,5.0,0.0,6500.0,260.0,1625.0,65.0,0.9027692307692308,0.0,1.0,0.9099181294441223,0.5,0.5,0.5869231224060059,0.23467762768268585,,,,,0.12888384325827731,0.0,1625.0,0.0,65.0,0.0,ok,plugin,False,,1693.512534743039,1284.3747377767813,4.777224720649478,0.9367404741777348,2.0566987284157654,,0.0,0.12888384325827731,0.8711161567417227,0.8711161567417227,False,,,,,,,entity13,3,DANN,PCA128,4.0,0.907076895236969,0.907076895236969,0.6653845906257629,0.5538461804389954,splits_entity13_DANN_3_0_b09dc755c62e.npz,b09dc755c62e,False,False,,,,,,,0.8711161567417227,all_pca,PCA128,IW residual DIS2 | W=5 | seed=0 (plug-in),True,
iw_residual_dis2,5.0,0.0,6500.0,33009.0,1625.0,8255.0,0.9132307692307693,0.0,1.0,54.598148345947266,0.5,0.5,0.4826223850250244,0.25000327825546265,,,,,0.08673825360351638,0.0,1625.0,0.0,8255.0,0.0,ok,plugin,False,,1624.8091793992312,1624.9966886302996,1.0041316693110356,0.999862668944216,1.002218930082815,,0.0,0.08673825360351638,0.9132617463964836,0.9132617463964836,False,,,,,,,entity13,1,CDANN,PCA128,2.0,0.9096922874450684,0.9096922874450684,0.7354357838630676,0.7372501492500305,splits_entity13_CDANN_1_0_b09dc755c62e.npz,b09dc755c62e,False,False,,,,,,,0.9132617463964836,all_pca,PCA128,IW residual DIS2 | W=5 | seed=0 (plug-in),True,
iw_residual_dis2,5.0,0.0,6500.0,260.0,1625.0,65.0,0.9058461538461539,0.0,1.0,54.598148345947266,0.5,0.5,0.431538462638855,0.25006410479545593,,,,,0.09410790029445794,0.0,1625.0,0.0,65.0,0.0,ok,plugin,False,,1624.7928567540553,1624.9930658527478,1.0081001285835371,0.9993251249533899,1.0038516191047564,,0.0,0.09410790029445794,0.9058920997055421,0.9058920997055421,False,,,,,,,entity13,2,CDANN,PCA128,2.0,0.9081538319587708,0.9081538319587708,0.8423076868057251,0.8769230842590332,splits_entity13_CDANN_2_0_b09dc755c62e.npz,b09dc755c62e,False,False,,,,,,,0.9058920997055421,all_pca,PCA128,IW residual DIS2 | W=5 | seed=0 (plug-in),True,
iw_residual_dis2,5.0,0.0,6500.0,260.0,1625.0,65.0,0.9015384615384615,0.0,1.0,54.598148345947266,0.5,0.5,0.46000000834465027,0.2500145435333252,,,,,0.09843764574426198,0.0,1625.0,0.0,65.0,0.0,ok,plugin,False,,1624.8497243898194,1624.9984670490333,1.0040471020914072,0.9996792950429323,1.0017754632272984,,0.0,0.09843764574426198,0.901562354255738,0.901562354255738,False,,,,,,,entity13,3,CDANN,PCA128,2.0,0.9061538577079773,0.9061538577079773,0.6653845906257629,0.5692307949066162,splits_entity13_CDANN_3_0_b09dc755c62e.npz,b09dc755c62e,False,False,,,,,,,0.901562354255738,all_pca,PCA128,IW residual DIS2 | W=5 | seed=0 (plug-in),True,
iw_residual_dis2,5.0,0.0,6000.0,30828.0,1500.0,7709.0,0.8426666666666667,0.0,1.0,2.1854004859924316,0.5,0.5,0.513685941696167,0.24984881281852722,,,,,0.15861678133505971,0.0,1500.0,0.0,7709.0,0.0,ok,plugin,False,,1495.6354625364415,1495.7100106248408,1.13602034913624,1.0006332527185928,1.0775509263971013,,0.0,0.15861678133505971,0.8413832186649403,0.8413832186649403,False,,,,,,,entity30,1,DANN,PCA128,4.0,0.8550000190734863,0.8550000190734863,0.6190800070762634,0.6236866116523743,splits_entity30_DANN_1_0_b09dc755c62e.npz,b09dc755c62e,False,False,,,,,,,0.8413832186649403,all_pca,PCA128,IW residual DIS2 | W=5 | seed=0 (plug-in),True,
iw_residual_dis2,5.0,0.0,6000.0,240.0,1500.0,60.0,0.8606666666666667,0.0,1.0,54.598148345947266,0.5,0.5,0.4491666853427887,0.2501138150691986,,,,,0.13920980252986104,0.0,1500.0,0.0,60.0,0.0,ok,plugin,False,,1499.5347372240822,1499.9820282240962,1.0072316732625881,0.9997299409020883,1.0050617673980855,,0.0,0.13920980252986104,0.860790197470139,0.860790197470139,False,,,,,,,entity30,2,DANN,PCA128,4.0,0.8646666407585144,0.8646666407585144,0.7875000238418579,0.7500000596046448,splits_entity30_DANN_2_0_b09dc755c62e.npz,b09dc755c62e,False,False,,,,,,,0.860790197470139,all_pca,PCA128,IW residual DIS2 | W=5 | seed=0 (plug-in),True,
iw_residual_dis2,5.0,0.0,6000.0,240.0,1500.0,60.0,0.8553333333333333,0.0,1.0,1.6519205570220947,0.5,0.5,0.4891666769981384,0.24564804136753082,,,,,0.1424350002446711,0.0,1500.0,0.0,60.0,0.0,ok,plugin,False,,1457.0231277088642,1377.573698050195,1.8680364248746641,0.9338714229648318,1.5155672039365553,,0.0,0.1424350002446711,0.857564999755329,0.857564999755329,False,,,,,,,entity30,3,DANN,PCA128,4.0,0.8636666536331177,0.8636666536331177,0.5708333849906921,0.6666666865348816,splits_entity30_DANN_3_0_b09dc755c62e.npz,b09dc755c62e,False,False,,,,,,,0.857564999755329,all_pca,PCA128,IW residual DIS2 | W=5 | seed=0 (plug-in),True,
iw_residual_dis2,5.0,0.0,6000.0,30828.0,1500.0,7709.0,0.856,0.0,1.0,1.0,0.5,0.5,0.508439302444458,0.24986404180526733,,,,,0.14173062345909263,0.0,1500.0,0.0,7709.0,0.0,ok,plugin,False,,1493.2237108494348,1496.3249734174206,1.1457845093211514,0.9871266295636858,1.0838313495956282,,0.0,0.14173062345909263,0.8582693765409074,0.8582693765409074,False,,,,,,,entity30,1,CDANN,PCA128,2.0,0.8611666560173035,0.8611666560173035,0.627903163433075,0.6345829367637634,splits_entity30_CDANN_1_0_b09dc755c62e.npz,b09dc755c62e,False,False,,,,,,,0.8582693765409074,all_pca,PCA128,IW residual DIS2 | W=5 | seed=0 (plug-in),True,
iw_residual_dis2,5.0,0.0,6000.0,240.0,1500.0,60.0,0.862,0.0,1.0,54.598148345947266,0.5,0.5,0.4308333396911621,0.25015679001808167,,,,,0.13789180700634457,0.0,1500.0,0.0,60.0,0.0,ok,plugin,False,,1499.6894018968096,1499.9825909390204,1.010287051141523,0.9992388919787834,1.0059116907380055,,0.0,0.13789180700634457,0.8621081929936554,0.8621081929936554,False,,,,,,,entity30,2,CDANN,PCA128,2.0,0.8646666407585144,0.8646666407585144,0.8125000596046448,0.7500000596046448,splits_entity30_CDANN_2_0_b09dc755c62e.npz,b09dc755c62e,False,False,,,,,,,0.8621081929936554,all_pca,PCA128,IW residual DIS2 | W=5 | seed=0 (plug-in),True,
iw_residual_dis2,5.0,0.0,6000.0,240.0,1500.0,60.0,0.8453333333333333,0.0,1.0,54.598148345947266,0.5,0.5,0.4358333349227905,0.25021082162857056,,,,,0.1543188581194526,0.0,1500.0,0.0,60.0,0.0,ok,plugin,False,,1498.7417435781783,1499.948772427977,1.0165009310567248,0.9981608088746168,1.0100191216665084,,0.0,0.1543188581194526,0.8456811418805474,0.8456811418805474,False,,,,,,,entity30,3,CDANN,PCA128,2.0,0.8573333024978638,0.8573333024978638,0.5625,0.6166666746139526,splits_entity30_CDANN_3_0_b09dc755c62e.npz,b09dc755c62e,False,False,,,,,,,0.8456811418805474,all_pca,PCA128,IW residual DIS2 | W=5 | seed=0 (plug-in),True,
iw_residual_dis2,5.0,0.0,10000.0,2000.0,2500.0,500.0,0.9452,0.0,1.0,8.773600578308105,0.5,0.5,0.5010000467300415,0.24996860325336456,,,,,0.055304341732032455,0.0,2500.0,0.0,500.0,0.0,ok,plugin,False,,2494.085351309007,2498.5988629669264,1.0746962175583463,0.9971099833264978,1.0378352883971076,,0.0,0.055304341732032455,0.9446956582679675,0.9446956582679675,False,,,,,,,cifar10,1,DANN,PCA128,4.0,0.9508999586105347,0.9508999586105347,0.8440000414848328,0.8360000252723694,splits_cifar10_DANN_1_0_b09dc755c62e.npz,b09dc755c62e,False,False,,,,,,,0.9446956582679675,all_pca,PCA128,IW residual DIS2 | W=5 | seed=0 (plug-in),True,
iw_residual_dis2,5.0,0.0,10000.0,2000.0,2500.0,500.0,0.946,0.0,1.0,3.8162033557891846,0.5,0.5,0.4950000047683716,0.24990969896316528,,,,,0.05481815220204602,0.0,2500.0,0.0,500.0,0.0,ok,plugin,False,,2493.690610670148,2496.0553290372086,1.1452098261106611,0.9949934491971946,1.0662846595973205,,0.0,0.05481815220204602,0.945181847797954,0.945181847797954,False,,,,,,,cifar10,10,DANN,PCA128,4.0,0.9477999806404114,0.9477999806404114,0.924500048160553,0.9120000600814819,splits_cifar10_DANN_10_0_b09dc755c62e.npz,b09dc755c62e,False,False,,,,,,,0.945181847797954,all_pca,PCA128,IW residual DIS2 | W=5 | seed=0 (plug-in),True,
iw_residual_dis2,5.0,0.0,10000.0,2000.0,2500.0,500.0,0.9452,0.0,1.0,1.2220265865325928,0.5,0.5,0.5364999771118164,0.2490946352481842,,,,,0.058370964490673825,0.0,2500.0,0.0,500.0,0.0,ok,plugin,False,,2488.2262462473896,2463.339949256403,1.5045438908095843,0.9827008789755763,1.211277550028137,,0.0,0.058370964490673825,0.9416290355093262,0.9416290355093262,False,,,,,,,cifar10,71,DANN,PCA128,4.0,0.9487999677658081,0.9487999677658081,0.9305000305175781,0.9180000424385071,splits_cifar10_DANN_71_0_b09dc755c62e.npz,b09dc755c62e,False,False,,,,,,,0.9416290355093262,all_pca,PCA128,IW residual DIS2 | W=5 | seed=0 (plug-in),True,
iw_residual_dis2,5.0,0.0,10000.0,2000.0,2500.0,500.0,0.9528,0.0,1.0,54.598148345947266,0.5,0.5,0.5164999961853027,0.2500000596046448,,,,,0.04722235183991869,0.0,2500.0,0.0,500.0,0.0,ok,plugin,False,,2499.7740394690973,2499.990762295448,1.0060555024102642,0.9997951087323678,1.0031677043420386,,0.0,0.04722235183991869,0.9527776481600813,0.9527776481600813,False,,,,,,,cifar10,95,DANN,PCA128,4.0,0.9515999555587769,0.9515999555587769,0.9390000700950623,0.9360000491142273,splits_cifar10_DANN_95_0_b09dc755c62e.npz,b09dc755c62e,False,False,,,,,,,0.9527776481600813,all_pca,PCA128,IW residual DIS2 | W=5 | seed=0 (plug-in),True,
iw_residual_dis2,5.0,0.0,10000.0,2000.0,2500.0,500.0,0.9476,0.0,1.0,0.17014363408088684,0.5,0.5,0.5245000123977661,0.24869242310523987,,,,,0.05308069396822106,0.0,2500.0,0.0,500.0,0.0,ok,plugin,False,,2442.0107349066852,2447.5605210825292,1.414253400991676,0.9695991872977334,1.225940680059772,,0.0,0.05308069396822106,0.946919306031779,0.946919306031779,False,,,,,,,cifar10,1,CDANN,PCA128,2.0,0.949999988079071,0.949999988079071,0.846500039100647,0.8440000414848328,splits_cifar10_CDANN_1_0_b09dc755c62e.npz,b09dc755c62e,False,False,,,,,,,0.946919306031779,all_pca,PCA128,IW residual DIS2 | W=5 | seed=0 (plug-in),True,
iw_residual_dis2,5.0,0.0,10000.0,2000.0,2500.0,500.0,0.9468,0.0,1.0,0.4962989389896393,0.5,0.5,0.5364999771118164,0.24799585342407227,,,,,0.05717262371477545,0.0,2500.0,0.0,500.0,0.0,ok,plugin,False,,2487.1918348135,2412.088124866482,2.0190277479236243,0.9680074647789221,1.347805221142477,,0.0,0.05717262371477545,0.9428273762852245,0.9428273762852245,False,,,,,,,cifar10,10,CDANN,PCA128,2.0,0.948699951171875,0.948699951171875,0.9160000681877136,0.9120000600814819,splits_cifar10_CDANN_10_0_b09dc755c62e.npz,b09dc755c62e,False,False,,,,,,,0.9428273762852245,all_pca,PCA128,IW residual DIS2 | W=5 | seed=0 (plug-in),True,
iw_residual_dis2,5.0,0.0,10000.0,2000.0,2500.0,500.0,0.9492,0.0,1.0,0.6242096424102783,0.5,0.5,0.5685000419616699,0.24514725804328918,,,,,0.06169343269811991,0.0,2500.0,0.0,500.0,0.0,ok,plugin,False,,2510.0809289039234,2286.8450673673055,3.3564832343222517,0.9480419364542501,1.5821488618903112,,0.0,0.06169343269811991,0.9383065673018801,0.9383065673018801,False,,,,,,,cifar10,71,CDANN,PCA128,2.0,0.9511999487876892,0.9511999487876892,0.9280000329017639,0.9040000438690186,splits_cifar10_CDANN_71_0_b09dc755c62e.npz,b09dc755c62e,False,False,,,,,,,0.9383065673018801,all_pca,PCA128,IW residual DIS2 | W=5 | seed=0 (plug-in),True,
iw_residual_dis2,5.0,0.0,10000.0,2000.0,2500.0,500.0,0.9516,0.0,1.0,0.7907668352127075,0.5,0.5,0.531000018119812,0.24773964285850525,,,,,0.05094305906079633,0.0,2500.0,0.0,500.0,0.0,ok,plugin,False,,2488.347347409076,2410.6658683568353,1.8820925983768675,0.9739097849315654,1.3333526002265257,,0.0,0.05094305906079633,0.9490569409392037,0.9490569409392037,False,,,,,,,cifar10,95,CDANN,PCA128,2.0,0.9526000022888184,0.9526000022888184,0.9355000257492065,0.9260000586509705,splits_cifar10_CDANN_95_0_b09dc755c62e.npz,b09dc755c62e,False,False,,,,,,,0.9490569409392037,all_pca,PCA128,IW residual DIS2 | W=5 | seed=0 (plug-in),True,
iw_residual_dis2,5.0,0.0,10000.0,2000.0,2500.0,500.0,0.758,0.0,1.0,54.598148345947266,0.5,0.5,0.4650000333786011,0.25001969933509827,,,,,0.2419982576682104,0.0,2500.0,0.0,500.0,0.0,ok,plugin,False,,2499.7532344260535,2499.988574872757,1.0065488240017049,0.9996886078407687,1.0036541956843361,,0.0,0.2419982576682104,0.7580017423317896,0.7580017423317896,False,,,,,,,cifar100,4,DANN,PCA128,4.0,0.7841999530792236,0.7841999530792236,0.7440000176429749,0.7760000228881836,splits_cifar100_DANN_4_0_b09dc755c62e.npz,b09dc755c62e,False,True,,,,,,,0.7580017423317896,all_pca,PCA128,IW residual DIS2 | W=5 | seed=0 (plug-in),True,
iw_residual_dis2,5.0,0.0,10000.0,2000.0,2500.0,500.0,0.76,0.0,1.0,54.598148345947266,0.5,0.5,0.4865000247955322,0.25001460313796997,,,,,0.239999882682108,0.0,2500.0,0.0,500.0,0.0,ok,plugin,False,,2499.8483419123268,2499.985395305856,1.0071521583076815,0.9995257065804695,1.0046078642965648,,0.0,0.239999882682108,0.760000117317892,0.760000117317892,False,,,,,,,cifar100,12,DANN,PCA128,4.0,0.7831999659538269,0.7831999659538269,0.7545000314712524,0.7860000133514404,splits_cifar100_DANN_12_0_b09dc755c62e.npz,b09dc755c62e,False,True,,,,,,,0.760000117317892,all_pca,PCA128,IW residual DIS2 | W=5 | seed=0 (plug-in),True,
iw_residual_dis2,5.0,0.0,10000.0,2000.0,2500.0,500.0,0.7596,0.0,1.0,54.598148345947266,0.5,0.5,0.47699999809265137,0.2500078082084656,,,,,0.24037039917408592,0.0,2500.0,0.0,500.0,0.0,ok,plugin,False,,2499.7801583458477,2499.988640048404,1.0055725611044706,0.9996143867266732,1.0038646078134987,,0.0,0.24037039917408592,0.759629600825914,0.759629600825914,False,,,,,,,cifar100,59,DANN,PCA128,4.0,0.7841999530792236,0.7841999530792236,0.7585000395774841,0.7720000147819519,splits_cifar100_DANN_59_0_b09dc755c62e.npz,b09dc755c62e,False,True,,,,,,,0.759629600825914,all_pca,PCA128,IW residual DIS2 | W=5 | seed=0 (plug-in),True,
iw_residual_dis2,5.0,0.0,10000.0,2000.0,2500.0,500.0,0.764,0.0,1.0,54.598148345947266,0.5,0.5,0.49150002002716064,0.25001275539398193,,,,,0.2359316635207103,0.0,2500.0,0.0,500.0,0.0,ok,plugin,False,,2499.73099564906,2499.9867195910497,1.0059094292708177,0.9997488903489808,1.0039350431797103,,0.0,0.2359316635207103,0.7640683364792897,0.7640683364792897,False,,,,,,,cifar100,82,DANN,PCA128,4.0,0.7861999869346619,0.7861999869346619,0.7695000171661377,0.7700000405311584,splits_cifar100_DANN_82_0_b09dc755c62e.npz,b09dc755c62e,True,True,,,,,,,0.7640683364792897,all_pca,PCA128,IW residual DIS2 | W=5 | seed=0 (plug-in),True,
iw_residual_dis2,5.0,0.0,10000.0,2000.0,2500.0,500.0,0.762,0.0,1.0,54.598148345947266,0.5,0.5,0.47350001335144043,0.2500128746032715,,,,,0.23791774453108974,0.0,2500.0,0.0,500.0,0.0,ok,plugin,False,,2499.5213553092535,2499.9918473738035,1.0049697654747418,0.999775081946424,1.0027703603608542,,0.0,0.23791774453108974,0.7620822554689103,0.7620822554689103,False,,,,,,,cifar100,4,CDANN,PCA128,2.0,0.7849999666213989,0.7849999666213989,0.7275000214576721,0.7480000257492065,splits_cifar100_CDANN_4_0_b09dc755c62e.npz,b09dc755c62e,False,False,,,,,,,0.7620822554689103,all_pca,PCA128,IW residual DIS2 | W=5 | seed=0 (plug-in),True,
iw_residual_dis2,5.0,0.0,10000.0,2000.0,2500.0,500.0,0.766,0.0,1.0,54.598148345947266,0.5,0.5,0.4555000066757202,0.25001126527786255,,,,,0.23394834606631215,0.0,2500.0,0.0,500.0,0.0,ok,plugin,False,,2499.7695474120897,2499.9965476571324,1.0025935233010632,1.0001118655132308,1.0015951618466232,,0.0,0.23394834606631215,0.7660516539336879,0.7660516539336879,False,,,,,,,cifar100,12,CDANN,PCA128,2.0,0.7858999967575073,0.7858999967575073,0.7480000257492065,0.7680000066757202,splits_cifar100_CDANN_12_0_b09dc755c62e.npz,b09dc755c62e,False,True,,,,,,,0.7660516539336879,all_pca,PCA128,IW residual DIS2 | W=5 | seed=0 (plug-in),True,
iw_residual_dis2,5.0,0.0,10000.0,2000.0,2500.0,500.0,0.7664,0.0,1.0,54.598148345947266,0.5,0.5,0.4820000231266022,0.2500077486038208,,,,,0.23353483414116719,0.0,2500.0,0.0,500.0,0.0,ok,plugin,False,,2499.7055347397572,2499.9966039572405,1.0030164165200173,0.9998415518807418,1.0018141114374504,,0.0,0.23353483414116719,0.7664651658588328,0.7664651658588328,False,,,,,,,cifar100,59,CDANN,PCA128,2.0,0.7870000004768372,0.7870000004768372,0.7580000162124634,0.7920000553131104,splits_cifar100_CDANN_59_0_b09dc755c62e.npz,b09dc755c62e,False,True,,,,,,,0.7664651658588328,all_pca,PCA128,IW residual DIS2 | W=5 | seed=0 (plug-in),True,
iw_residual_dis2,5.0,0.0,10000.0,2000.0,2500.0,500.0,0.7652,0.0,1.0,54.598148345947266,0.5,0.5,0.47699999809265137,0.2500116527080536,,,,,0.2347123461502757,0.0,2500.0,0.0,500.0,0.0,ok,plugin,False,,2499.697415029496,2499.9921780480427,1.004077748575366,1.000238077137506,1.0023784455234221,,0.0,0.2347123461502757,0.7652876538497243,0.7652876538497243,False,,,,,,,cifar100,82,CDANN,PCA128,2.0,0.7872999906539917,0.7872999906539917,0.7635000348091125,0.7720000147819519,splits_cifar100_CDANN_82_0_b09dc755c62e.npz,b09dc755c62e,False,True,,,,,,,0.7652876538497243,all_pca,PCA128,IW residual DIS2 | W=5 | seed=0 (plug-in),True,
iw_residual_dis2,5.0,0.0,28152.0,9910.0,7040.0,2478.0,0.803125,0.0,1.0,1.1119482517242432,0.5,0.5,0.5655994415283203,0.2446473389863968,,,,,0.2000227925176506,0.0,7040.0,0.0,2478.0,0.0,ok,plugin,False,,7035.706812643477,6479.991492684471,3.0501003905329966,0.9642902545208591,1.5401247523100483,,0.0,0.2000227925176506,0.7999772074823495,0.7999772074823495,False,,,,,,,domainnet,1,DANN,PCA128,16.0,0.8072605729103088,0.8072605729103088,0.465893030166626,0.47497981786727905,splits_domainnet_DANN_1_0_b09dc755c62e.npz,b09dc755c62e,False,False,,,,,,,0.7999772074823495,all_pca,PCA128,IW residual DIS2 | W=5 | seed=0 (plug-in),True,
iw_residual_dis2,5.0,0.0,28152.0,14207.0,7040.0,3553.0,0.8038352272727273,0.0,1.0,1.0876469612121582,0.5,0.5,0.5871150493621826,0.23883157968521118,,,,,0.21557733487579855,0.0014072614691809737,7040.0,0.0,3548.0,5.0,unsupported_residual_source_region,plugin,False,,6940.206097203244,5966.123944072969,4.387485668925109,0.9115107362297499,1.7679101032531928,,,,,,,,,,,,,domainnet,2,DANN,PCA128,16.0,0.8101378083229065,0.8101378083229065,0.38572534918785095,0.38727834820747375,splits_domainnet_DANN_2_0_b09dc755c62e.npz,b09dc755c62e,,,,,,,,,,all_pca,PCA128,IW residual DIS2 | W=5 | seed=0 (plug-in),False,
iw_residual_dis2,5.0,0.0,28152.0,15295.0,7040.0,3825.0,0.8072443181818182,0.0,1.0,1.0,0.5,0.5,0.5511423349380493,0.24669042229652405,,,,,0.18972677762904308,0.0,7040.0,0.0,3825.0,0.0,ok,plugin,False,,7044.757295993491,6696.5683224159975,2.5109929133823137,0.9755584805550693,1.404507611736409,,0.0,0.18972677762904308,0.8102732223709569,0.8102732223709569,False,,,,,,,domainnet,3,DANN,PCA128,16.0,0.8096050024032593,0.8096050024032593,0.4719189405441284,0.46562090516090393,splits_domainnet_DANN_3_0_b09dc755c62e.npz,b09dc755c62e,False,False,,,,,,,0.8102732223709569,all_pca,PCA128,IW residual DIS2 | W=5 | seed=0 (plug-in),True,
iw_residual_dis2,5.0,0.0,28152.0,9910.0,7040.0,2478.0,0.8025568181818181,0.0,1.0,0.6891694664955139,0.5,0.5,0.5518583655357361,0.2476402223110199,,,,,0.2122995765047314,0.0,7040.0,0.0,2478.0,0.0,ok,plugin,False,,7058.6774763761005,6772.732428446517,1.7363429493586948,0.9912437517164989,1.3519304301570783,,0.0,0.2122995765047314,0.7877004234952686,0.7877004234952686,False,,,,,,,domainnet,1,CDANN,PCA128,2.0,0.8055910468101501,0.8055910468101501,0.5121089816093445,0.5205811262130737,splits_domainnet_CDANN_1_0_b09dc755c62e.npz,b09dc755c62e,False,False,,,,,,,0.7877004234952686,all_pca,PCA128,IW residual DIS2 | W=5 | seed=0 (plug-in),True,
iw_residual_dis2,5.0,0.0,28152.0,14207.0,7040.0,3553.0,0.8004261363636364,0.0,1.0,1.2327624559402466,0.5,0.5,0.5317138433456421,0.24842125177383423,,,,,0.206050522711962,0.0,7040.0,0.0,3553.0,0.0,ok,plugin,False,,7004.627348743973,6866.134741231943,1.6262437613478662,0.9893027245585254,1.265262707350922,,0.0,0.206050522711962,0.793949477288038,0.793949477288038,False,,,,,,,domainnet,2,CDANN,PCA128,2.0,0.8071539998054504,0.8071539998054504,0.42063772678375244,0.4218969941139221,splits_domainnet_CDANN_2_0_b09dc755c62e.npz,b09dc755c62e,False,False,,,,,,,0.793949477288038,all_pca,PCA128,IW residual DIS2 | W=5 | seed=0 (plug-in),True,
iw_residual_dis2,5.0,0.0,28152.0,15295.0,7040.0,3825.0,0.8063920454545455,0.0,1.0,0.9625664353370667,0.5,0.5,0.5416542291641235,0.24739854037761688,,,,,0.18282324457548627,0.0,7040.0,0.0,3825.0,0.0,ok,plugin,False,,7014.90688596928,6748.061105303125,2.210682046166954,0.9649361185242145,1.3797053571659528,,0.0,0.18282324457548627,0.8171767554245137,0.8171767554245137,False,,,,,,,domainnet,3,CDANN,PCA128,2.0,0.8074381947517395,0.8074381947517395,0.49369075894355774,0.48549020290374756,splits_domainnet_CDANN_3_0_b09dc755c62e.npz,b09dc755c62e,False,False,,,,,,,0.8171767554245137,all_pca,PCA128,IW residual DIS2 | W=5 | seed=0 (plug-in),True,
iw_residual_dis2,5.0,0.0,1700.0,8804.0,425.0,2203.0,0.8658823529411764,0.0,1.0,1.0323028564453125,0.5,0.5,0.5282753705978394,0.24553291499614716,,,,,0.15749729598747456,0.0,425.0,0.0,2203.0,0.0,ok,plugin,False,,445.28547901706133,394.75054805138535,2.0905206226552426,1.02140772136177,1.558901892266076,,0.0,0.15749729598747456,0.8425027040125255,0.8425027040125255,False,,,,,,,living17,1,DANN,PCA128,4.0,0.8994117379188538,0.8994117379188538,0.6758291721343994,0.6876986026763916,splits_living17_DANN_1_0_b09dc755c62e.npz,b09dc755c62e,False,False,,,,,,,0.8425027040125255,all_pca,PCA128,IW residual DIS2 | W=5 | seed=0 (plug-in),True,
iw_residual_dis2,5.0,0.0,1700.0,68.0,425.0,19.0,0.8823529411764706,0.0,1.0,5.29210901260376,0.5,0.5,0.365686297416687,0.24925261735916138,,,,,0.11506834301673828,0.0,425.0,0.0,19.0,0.0,ok,plugin,False,,406.7014308645402,417.14421277932587,1.2954476205578738,0.9670242257909241,1.163707299182002,,0.0,0.11506834301673828,0.8849316569832617,0.8849316569832617,False,,,,,,,living17,2,DANN,PCA128,4.0,0.9094117283821106,0.9094117283821106,0.8970588445663452,0.8421052694320679,splits_living17_DANN_2_0_b09dc755c62e.npz,b09dc755c62e,True,False,,,,,,,0.8849316569832617,all_pca,PCA128,IW residual DIS2 | W=5 | seed=0 (plug-in),True,
iw_residual_dis2,5.0,0.0,1700.0,68.0,425.0,19.0,0.8894117647058823,0.0,1.0,0.7791537046432495,0.5,0.5,0.6421568393707275,0.22426238656044006,,,,,0.14929496873507275,0.0,422.0,3.0,19.0,0.0,ok,plugin,False,,452.8790405976408,270.4376842956006,4.913030349150753,0.8481905999112932,2.639212184036402,,0.0,0.14929496873507275,0.8507050312649272,0.8507050312649272,False,,,,,,,living17,3,DANN,PCA128,4.0,0.9052940607070923,0.9052940607070923,0.5882353186607361,0.6842105388641357,splits_living17_DANN_3_0_b09dc755c62e.npz,b09dc755c62e,False,False,,,,,,,0.8507050312649272,all_pca,PCA128,IW residual DIS2 | W=5 | seed=0 (plug-in),True,
iw_residual_dis2,5.0,0.0,1700.0,8804.0,425.0,2203.0,0.8894117647058823,0.0,1.0,3.381359338760376,0.5,0.5,0.5031751394271851,0.24997413158416748,,,,,0.11021776086154636,0.0,425.0,0.0,2203.0,0.0,ok,plugin,False,,424.2417371209449,424.81442032556714,1.0633047410187475,0.9985958587265052,1.0310387763651876,,0.0,0.11021776086154636,0.8897822391384537,0.8897822391384537,False,,,,,,,living17,1,CDANN,PCA128,2.0,0.9052940607070923,0.9052940607070923,0.6863925457000732,0.6981388926506042,splits_living17_CDANN_1_0_b09dc755c62e.npz,b09dc755c62e,False,False,,,,,,,0.8897822391384537,all_pca,PCA128,IW residual DIS2 | W=5 | seed=0 (plug-in),True,
iw_residual_dis2,5.0,0.0,1700.0,68.0,425.0,19.0,0.8917647058823529,0.0,1.0,54.598148345947266,0.5,0.5,0.3921568691730499,0.25054699182510376,,,,,0.10781441220128059,0.0,425.0,0.0,19.0,0.0,ok,plugin,False,,423.7628750481392,424.9610318689123,1.0374296693238143,0.9951100724959447,1.0153753390414495,,0.0,0.10781441220128059,0.8921855877987194,0.8921855877987194,False,,,,,,,living17,2,CDANN,PCA128,2.0,0.9094117283821106,0.9094117283821106,0.8676470518112183,0.8421052694320679,splits_living17_CDANN_2_0_b09dc755c62e.npz,b09dc755c62e,False,False,,,,,,,0.8921855877987194,all_pca,PCA128,IW residual DIS2 | W=5 | seed=0 (plug-in),True,
iw_residual_dis2,5.0,0.0,1700.0,68.0,425.0,19.0,0.8823529411764706,0.0,1.0,54.598148345947266,0.5,0.5,0.5205882787704468,0.250085711479187,,,,,0.11740876817003837,0.0,425.0,0.0,19.0,0.0,ok,plugin,False,,424.59947329853765,424.9844419830816,1.0154443064576182,0.9999925058680715,1.0092531166089,,0.0,0.11740876817003837,0.8825912318299616,0.8825912318299616,False,,,,,,,living17,3,CDANN,PCA128,2.0,0.9052940607070923,0.9052940607070923,0.5588235259056091,0.6315789222717285,splits_living17_CDANN_3_0_b09dc755c62e.npz,b09dc755c62e,False,False,,,,,,,0.8825912318299616,all_pca,PCA128,IW residual DIS2 | W=5 | seed=0 (plug-in),True,
iw_residual_dis2,5.0,0.0,2600.0,13282.0,650.0,3322.0,0.8046153846153846,0.0,1.0,1.9690885543823242,0.5,0.5,0.49713271856307983,0.24958716332912445,,,,,0.1972602938703295,0.0,650.0,0.0,3322.0,0.0,ok,plugin,False,,648.5426592978627,645.0665521173554,1.249949314084321,1.0032767661864694,1.124830071206947,,0.0,0.1972602938703295,0.8027397061296705,0.8027397061296705,False,,,,,,,nonliving26,1,DANN,PCA128,4.0,0.8126922845840454,0.8126922845840454,0.5122722387313843,0.5192654728889465,splits_nonliving26_DANN_1_0_b09dc755c62e.npz,b09dc755c62e,False,False,,,,,,,0.8027397061296705,all_pca,PCA128,IW residual DIS2 | W=5 | seed=0 (plug-in),True,
iw_residual_dis2,5.0,0.0,2600.0,104.0,650.0,28.0,0.8292307692307692,0.0,1.0,2.056173801422119,0.5,0.5,0.5038461685180664,0.24848878383636475,,,,,0.16331462903289595,0.0,650.0,0.0,28.0,0.0,ok,plugin,False,,634.4970625010731,631.9314507267043,1.4809161767440524,0.9552490788374774,1.2908708837898013,,0.0,0.16331462903289595,0.836685370967104,0.836685370967104,False,,,,,,,nonliving26,2,DANN,PCA128,4.0,0.8176922798156738,0.8176922798156738,0.75,0.7142857313156128,splits_nonliving26_DANN_2_0_b09dc755c62e.npz,b09dc755c62e,False,False,,,,,,,0.836685370967104,all_pca,PCA128,IW residual DIS2 | W=5 | seed=0 (plug-in),True,
iw_residual_dis2,5.0,0.0,2600.0,104.0,650.0,28.0,0.8246153846153846,0.0,1.0,54.598148345947266,0.5,0.5,0.45384615659713745,0.2504560649394989,,,,,0.175432723692053,0.0,650.0,0.0,28.0,0.0,ok,plugin,False,,646.6299818629011,649.8190058792552,1.042962857413489,0.9959901388895536,1.0202642003915086,,0.0,0.175432723692053,0.824567276307947,0.824567276307947,False,,,,,,,nonliving26,3,DANN,PCA128,4.0,0.8146153688430786,0.8146153688430786,0.4038461744785309,0.3214285969734192,splits_nonliving26_DANN_3_0_b09dc755c62e.npz,b09dc755c62e,False,False,,,,,,,0.824567276307947,all_pca,PCA128,IW residual DIS2 | W=5 | seed=0 (plug-in),True,
iw_residual_dis2,5.0,0.0,2600.0,13282.0,650.0,3322.0,0.8169230769230769,0.0,1.0,1.0000653266906738,0.5,0.5,0.5055549144744873,0.2500247359275818,,,,,0.18213747936061045,0.0,650.0,0.0,3322.0,0.0,ok,plugin,False,,646.6012394580421,649.9411667340125,1.0260021100241716,0.9935716411345465,1.0130455898469846,,0.0,0.18213747936061045,0.8178625206393896,0.8178625206393896,False,,,,,,,nonliving26,1,CDANN,PCA128,2.0,0.8176922798156738,0.8176922798156738,0.5332028269767761,0.5352197289466858,splits_nonliving26_CDANN_1_0_b09dc755c62e.npz,b09dc755c62e,False,False,,,,,,,0.8178625206393896,all_pca,PCA128,IW residual DIS2 | W=5 | seed=0 (plug-in),True,
iw_residual_dis2,5.0,0.0,2600.0,104.0,650.0,28.0,0.8138461538461539,0.0,1.0,0.7672011852264404,0.5,0.5,0.5153846144676208,0.24115991592407227,,,,,0.1905644441565707,0.0,649.0,1.0,28.0,0.0,ok,plugin,False,,676.5591044967817,542.8561554742244,4.09318751649636,1.0466354663101571,1.726044971553663,,0.0,0.1905644441565707,0.8094355558434293,0.8094355558434293,False,,,,,,,nonliving26,2,CDANN,PCA128,2.0,0.8165384531021118,0.8165384531021118,0.7692307829856873,0.7500000596046448,splits_nonliving26_CDANN_2_0_b09dc755c62e.npz,b09dc755c62e,False,False,,,,,,,0.8094355558434293,all_pca,PCA128,IW residual DIS2 | W=5 | seed=0 (plug-in),True,
iw_residual_dis2,5.0,0.0,2600.0,104.0,650.0,28.0,0.8123076923076923,0.0,1.0,54.598148345947266,0.5,0.5,0.5288461446762085,0.25011977553367615,,,,,0.1875481046434755,0.0,650.0,0.0,28.0,0.0,ok,plugin,False,,649.7177049601105,649.9940103151887,1.0125794468694345,0.998990199260781,1.0054940439763553,,0.0,0.1875481046434755,0.8124518953565245,0.8124518953565245,False,,,,,,,nonliving26,3,CDANN,PCA128,2.0,0.822692334651947,0.822692334651947,0.4038461744785309,0.3214285969734192,splits_nonliving26_CDANN_3_0_b09dc755c62e.npz,b09dc755c62e,False,False,,,,,,,0.8124518953565245,all_pca,PCA128,IW residual DIS2 | W=5 | seed=0 (plug-in),True,
iw_residual_dis2,5.0,0.0,11745.0,35070.0,2938.0,8768.0,0.6388699795779442,0.0,1.0,0.9999217987060547,0.5,0.5,0.5509476065635681,0.2465563714504242,,,,,0.3444625651304456,0.0,2938.0,0.0,8768.0,0.0,ok,plugin,False,,2926.641730805637,2789.120642268355,1.8138259048046113,1.0047564762091836,1.3643387231051483,,0.0,0.3444625651304456,0.6555374348695544,0.6555374348695544,False,,,,,,,fmow,1,DANN,PCA128,8.0,0.6519370079040527,0.6519370079040527,0.6103222370147705,0.6077782511711121,splits_fmow_DANN_1_0_b09dc755c62e.npz,b09dc755c62e,False,False,,,,,,,0.6555374348695544,all_pca,PCA128,IW residual DIS2 | W=5 | seed=0 (plug-in),True,
iw_residual_dis2,5.0,0.0,11745.0,39088.0,2938.0,9774.0,0.6344452008168822,0.0,1.0,0.9665533900260925,0.5,0.5,0.5776947736740112,0.24428842961788177,,,,,0.36272849947161556,0.0,2938.0,0.0,9774.0,0.0,ok,plugin,False,,2941.7790941542303,2682.21790971238,2.3646689652174455,0.9645375730916865,1.586963648469238,,0.0,0.36272849947161556,0.6372715005283844,0.6372715005283844,False,,,,,,,fmow,2,DANN,PCA128,8.0,0.6504895687103271,0.6504895687103271,0.5482756495475769,0.5545324683189392,splits_fmow_DANN_2_0_b09dc755c62e.npz,b09dc755c62e,False,False,,,,,,,0.6372715005283844,all_pca,PCA128,IW residual DIS2 | W=5 | seed=0 (plug-in),True,
iw_residual_dis2,5.0,0.0,11745.0,35070.0,2938.0,8768.0,0.6466984343090538,0.0,1.0,1.3406111001968384,0.5,0.5,0.5186152458190918,0.2494267225265503,,,,,0.34402048295954685,0.0,2938.0,0.0,8768.0,0.0,ok,plugin,False,,2913.164742578654,2910.2364763985934,1.4725330911918075,0.9810241506789652,1.1689471650512837,,0.0,0.34402048295954685,0.6559795170404532,0.6559795170404532,False,,,,,,,fmow,1,CDANN,PCA128,2.0,0.6558535695075989,0.6558535695075989,0.605617344379425,0.6010492444038391,splits_fmow_CDANN_1_0_b09dc755c62e.npz,b09dc755c62e,False,False,,,,,,,0.6559795170404532,all_pca,PCA128,IW residual DIS2 | W=5 | seed=0 (plug-in),True,
iw_residual_dis2,5.0,0.0,11745.0,39088.0,2938.0,9774.0,0.6446562287270252,0.0,1.0,1.2794592380523682,0.5,0.5,0.5318509340286255,0.2487453669309616,,,,,0.3537592556333086,0.0,2938.0,0.0,9774.0,0.0,ok,plugin,False,,2914.019507773689,2874.134871636118,1.9978559857340499,0.976692050581105,1.2385254281939824,,0.0,0.3537592556333086,0.6462407443666913,0.6462407443666913,False,,,,,,,fmow,2,CDANN,PCA128,2.0,0.6548318862915039,0.6548318862915039,0.5420845150947571,0.5445058345794678,splits_fmow_CDANN_2_0_b09dc755c62e.npz,b09dc755c62e,False,False,,,,,,,0.6462407443666913,all_pca,PCA128,IW residual DIS2 | W=5 | seed=0 (plug-in),True,
iw_residual_dis2,5.0,0.0,731.0,898.0,184.0,227.0,0.9239130434782609,0.0,1.0,5.115793704986572,0.5,0.5,0.5287055373191833,0.24956950545310974,,,,,0.07466037020208856,0.0,184.0,0.0,227.0,0.0,ok,plugin,False,,181.93339873062672,182.5877700889008,1.228817087188327,0.9827407951763665,1.1413947140019678,,0.0,0.07466037020208856,0.9253396297979114,0.9253396297979114,False,,,,,,,officehome,1,DANN,PCA128,16.0,0.922024667263031,0.922024667263031,0.7193763852119446,0.7268722057342529,splits_officehome_DANN_1_0_b09dc755c62e.npz,b09dc755c62e,False,False,,,,,,,0.9253396297979114,all_pca,PCA128,IW residual DIS2 | W=5 | seed=0 (plug-in),True,
iw_residual_dis2,5.0,0.0,731.0,893.0,184.0,226.0,0.9021739130434783,0.0,1.0,2.7149994373321533,0.5,0.5,0.5671848654747009,0.2488403022289276,,,,,0.09778344200435347,0.0,184.0,0.0,226.0,0.0,ok,plugin,False,,179.2510233268271,179.11396808341078,1.7071746001958013,0.9476704543203833,1.2796434670323753,,0.0,0.09778344200435347,0.9022165579956465,0.9022165579956465,False,,,,,,,officehome,2,DANN,PCA128,16.0,0.915184736251831,0.915184736251831,0.44904816150665283,0.45132744312286377,splits_officehome_DANN_2_0_b09dc755c62e.npz,b09dc755c62e,False,False,,,,,,,0.9022165579956465,all_pca,PCA128,IW residual DIS2 | W=5 | seed=0 (plug-in),True,
iw_residual_dis2,5.0,0.0,731.0,507.0,184.0,128.0,0.9130434782608696,0.0,1.0,54.598148345947266,0.5,0.5,0.501369833946228,0.25008854269981384,,,,,0.08663387311190972,0.0,184.0,0.0,128.0,0.0,ok,plugin,False,,183.6304685257193,183.98774255888162,1.0190236934131531,0.9981368909920114,1.0120113880486918,,0.0,0.08663387311190972,0.9133661268880903,0.9133661268880903,False,,,,,,,officehome,3,DANN,PCA128,16.0,0.9056087732315063,0.9056087732315063,0.5364891290664673,0.5625,splits_officehome_DANN_3_0_b09dc755c62e.npz,b09dc755c62e,False,False,,,,,,,0.9133661268880903,all_pca,PCA128,IW residual DIS2 | W=5 | seed=0 (plug-in),True,
iw_residual_dis2,5.0,0.0,731.0,898.0,184.0,227.0,0.9130434782608696,0.0,1.0,5.644219875335693,0.5,0.5,0.500615656375885,0.2499386966228485,,,,,0.08745885050876052,0.0,184.0,0.0,227.0,0.0,ok,plugin,False,,183.64533487975473,183.82181278513588,1.1235635203474403,0.9940220647064626,1.0509930184579488,,0.0,0.08745885050876052,0.9125411494912394,0.9125411494912394,False,,,,,,,officehome,1,CDANN,PCA128,2.0,0.9138167500495911,0.9138167500495911,0.730512261390686,0.7488986253738403,splits_officehome_CDANN_1_0_b09dc755c62e.npz,b09dc755c62e,False,False,,,,,,,0.9125411494912394,all_pca,PCA128,IW residual DIS2 | W=5 | seed=0 (plug-in),True,
iw_residual_dis2,5.0,0.0,731.0,893.0,184.0,226.0,0.8913043478260869,0.0,1.0,1.699749231338501,0.5,0.5,0.4967677593231201,0.24890945851802826,,,,,0.11477928311455271,0.0,184.0,0.0,226.0,0.0,ok,plugin,False,,182.87715379350715,180.39178345010933,1.8645483507249874,0.9937795073538744,1.2085702909162763,,0.0,0.11477928311455271,0.8852207168854473,0.8852207168854473,False,,,,,,,officehome,2,CDANN,PCA128,2.0,0.9015048146247864,0.9015048146247864,0.4501679837703705,0.45132744312286377,splits_officehome_CDANN_2_0_b09dc755c62e.npz,b09dc755c62e,False,False,,,,,,,0.8852207168854473,all_pca,PCA128,IW residual DIS2 | W=5 | seed=0 (plug-in),True,
iw_residual_dis2,5.0,0.0,731.0,507.0,184.0,128.0,0.9130434782608696,0.0,1.0,0.5500468015670776,0.5,0.5,0.5908219218254089,0.23547053337097168,,,,,0.12664390009234652,0.0,183.0,1.0,128.0,0.0,ok,plugin,False,,199.5371882637952,144.97268447364263,4.065253630195654,0.9270710692653105,1.9889146399284143,,0.0,0.12664390009234652,0.8733560999076535,0.8733560999076535,False,,,,,,,officehome,3,CDANN,PCA128,2.0,0.9138167500495911,0.9138167500495911,0.5364891290664673,0.5546875,splits_officehome_CDANN_3_0_b09dc755c62e.npz,b09dc755c62e,False,False,,,,,,,0.8733560999076535,all_pca,PCA128,IW residual DIS2 | W=5 | seed=0 (plug-in),True,
iw_residual_dis2,5.0,0.0,24387.0,11083.0,6098.0,2773.0,0.9996720236142997,0.0,1.0,1.0648239850997925,0.5,0.5,0.5886049866676331,0.2393961250782013,0.0,1.0,1.0,1.0,0.0004387029311894323,0.0003606202668589975,6097.0,1.0,2772.0,1.0,unsupported_critic_region,plugin,False,,6172.650001159825,4986.022042662523,4.601882846734277,0.930711001890671,1.8950559064323864,,,,,,,,,,,,,visda,1,DANN,PCA128,16.0,0.9995489120483398,0.9995489120483398,0.6463051438331604,0.6473133563995361,splits_visda_DANN_1_0_b09dc755c62e.npz,b09dc755c62e,,,,,,,,,,all_pca,PCA128,IW residual DIS2 | W=5 | seed=0 (plug-in),False,
iw_residual_dis2,5.0,0.0,24387.0,14480.0,6098.0,3620.0,0.9998360118071499,0.0,1.0,1.153635025024414,0.5,0.5,0.5398895740509033,0.24600785970687866,,,,,0.00010908185183251374,0.0,6098.0,0.0,3620.0,0.0,ok,plugin,False,,6108.784205219637,5671.667645689518,2.8695374505674853,0.9683743193762735,1.4783169260924531,,0.0,0.00010908185183251374,0.9998909181481674,0.9998909181481674,False,,,,,,,visda,2,DANN,PCA128,16.0,0.9997539520263672,0.9997539520263672,0.6546961069107056,0.6544198393821716,splits_visda_DANN_2_0_b09dc755c62e.npz,b09dc755c62e,False,False,,,,,,,0.9998909181481674,all_pca,PCA128,IW residual DIS2 | W=5 | seed=0 (plug-in),True,
iw_residual_dis2,5.0,0.0,24387.0,11083.0,6098.0,2773.0,0.9993440472285995,0.0,1.0,0.8545470237731934,0.5,0.5,0.5116102695465088,0.2483314573764801,,,,,0.0005390903966740148,0.0,6098.0,0.0,2773.0,0.0,ok,plugin,False,,6100.942568998281,5941.747942110097,1.6343424502635537,1.006091117823273,1.2712585427900587,,0.0,0.0005390903966740148,0.999460909603326,0.999460909603326,False,,,,,,,visda,1,CDANN,PCA128,2.0,0.9990978837013245,0.9990978837013245,0.6784264445304871,0.6693112254142761,splits_visda_CDANN_1_0_b09dc755c62e.npz,b09dc755c62e,False,False,,,,,,,0.999460909603326,all_pca,PCA128,IW residual DIS2 | W=5 | seed=0 (plug-in),True,
iw_residual_dis2,5.0,0.0,24387.0,14480.0,6098.0,3620.0,0.9995080354214496,0.0,1.0,1.0339429378509521,0.5,0.5,0.5847561359405518,0.24282695353031158,,,,,0.0005117856287103404,0.0,6098.0,0.0,3620.0,0.0,ok,plugin,False,,6084.595169172079,5483.735389610144,2.1078424262012883,0.9592600067358472,1.5635122535097625,,0.0,0.0005117856287103404,0.9994882143712897,0.9994882143712897,False,,,,,,,visda,2,CDANN,PCA128,2.0,0.9995899200439453,0.9995899200439453,0.7107734680175781,0.7140883803367615,splits_visda_CDANN_2_0_b09dc755c62e.npz,b09dc755c62e,False,False,,,,,,,0.9994882143712897,all_pca,PCA128,IW residual DIS2 | W=5 | seed=0 (plug-in),True,
