Starting ODD + IW overlap job at Wed Sep 16 09:36:31 AM CEST 2026
Host: gnode22
Project root: /storage/homefs/tf24s166/IW_dis2/disagree_discrep_IW
Features dir: /storage/homefs/tf24s166/IW_dis2/disagree_discrep_IW/data/features
Results dir: /storage/homefs/tf24s166/IW_dis2/disagree_discrep_IW/results
Conda env: performance_metrics
CUDA_VISIBLE_DEVICES: 0
Extra arguments: 
/storage/homefs/tf24s166/IW_dis2/disagree_discrep_IW/src/lib/utils.py:43: FutureWarning: You are using `torch.load` with `weights_only=False` (the current default value), which uses the default pickle module implicitly. It is possible to construct malicious pickle data which will execute arbitrary code during unpickling (See https://github.com/pytorch/pytorch/blob/main/SECURITY.md#untrusted-models for more details). In a future release, the default value for `weights_only` will be flipped to `True`. This limits the functions that could be executed during unpickling. Arbitrary objects will no longer be allowed to be loaded via this mode unless they are explicitly allowlisted by the user via `torch.serialization.add_safe_globals`. We recommend you start setting `weights_only=True` for any use case where you don't have full control of the loaded file. Please open an issue on GitHub for any issues related to this experimental feature.
  lin.load_state_dict(torch.load(os.path.join(shift_dir, 'linear.pth'), map_location=device))
/storage/homefs/tf24s166/IW_dis2/disagree_discrep_IW/src/lib/utils.py:43: FutureWarning: You are using `torch.load` with `weights_only=False` (the current default value), which uses the default pickle module implicitly. It is possible to construct malicious pickle data which will execute arbitrary code during unpickling (See https://github.com/pytorch/pytorch/blob/main/SECURITY.md#untrusted-models for more details). In a future release, the default value for `weights_only` will be flipped to `True`. This limits the functions that could be executed during unpickling. Arbitrary objects will no longer be allowed to be loaded via this mode unless they are explicitly allowlisted by the user via `torch.serialization.add_safe_globals`. We recommend you start setting `weights_only=True` for any use case where you don't have full control of the loaded file. Please open an issue on GitHub for any issues related to this experimental feature.
  lin.load_state_dict(torch.load(os.path.join(shift_dir, 'linear.pth'), map_location=device))
Missing features: entity13/ERM-aug-imagenet/1; skipping.
Missing features: entity13/ERM-aug-imagenet/2; skipping.
Missing features: entity13/ERM-aug-imagenet/3; skipping.
entity13/1/ERM-aug-rand/logits iw_overlap_critic W=1.0 accuracy=0.6894 prediction=0.5220 status=ok
entity13/1/ERM-aug-rand/logits iw_residual_dis2 W=1.0 accuracy=0.6894 prediction=0.8114 status=ok
entity13/1/ERM-aug-rand/logits iw_overlap_critic W=2.0 accuracy=0.6894 prediction=0.9113 status=ok
entity13/1/ERM-aug-rand/logits iw_residual_dis2 W=2.0 accuracy=0.6894 prediction=0.9128 status=ok
entity13/1/ERM-aug-rand/logits iw_overlap_critic W=5.0 accuracy=0.6894 prediction=0.9126 status=ok
entity13/1/ERM-aug-rand/logits iw_residual_dis2 W=5.0 accuracy=0.6894 prediction=0.9126 status=ok
entity13/1/ERM-aug-rand/logits dis2_reference W=nan accuracy=0.6894 prediction=0.7266 status=ok
entity13/1/ERM-aug-rand/features iw_overlap_critic W=1.0 accuracy=0.6894 prediction=0.5564 status=ok
entity13/1/ERM-aug-rand/features iw_residual_dis2 W=1.0 accuracy=0.6894 prediction=0.7259 status=ok
entity13/1/ERM-aug-rand/features iw_overlap_critic W=2.0 accuracy=0.6894 prediction=0.7206 status=ok
entity13/1/ERM-aug-rand/features iw_residual_dis2 W=2.0 accuracy=0.6894 prediction=0.8409 status=ok
entity13/1/ERM-aug-rand/features iw_overlap_critic W=5.0 accuracy=0.6894 prediction=0.8480 status=ok
entity13/1/ERM-aug-rand/features iw_residual_dis2 W=5.0 accuracy=0.6894 prediction=0.8582 status=ok
entity13/1/ERM-aug-rand/features dis2_reference W=nan accuracy=0.6894 prediction=0.5761 status=ok
entity13/1/ERM-aug-rand/PCA1 iw_overlap_critic W=1.0 accuracy=0.6894 prediction=0.4801 status=ok
entity13/1/ERM-aug-rand/PCA1 iw_residual_dis2 W=1.0 accuracy=0.6894 prediction=0.7363 status=ok
entity13/1/ERM-aug-rand/PCA1 iw_overlap_critic W=2.0 accuracy=0.6894 prediction=0.6949 status=ok
entity13/1/ERM-aug-rand/PCA1 iw_residual_dis2 W=2.0 accuracy=0.6894 prediction=0.8473 status=ok
entity13/1/ERM-aug-rand/PCA1 iw_overlap_critic W=5.0 accuracy=0.6894 prediction=0.8522 status=ok
entity13/1/ERM-aug-rand/PCA1 iw_residual_dis2 W=5.0 accuracy=0.6894 prediction=0.8681 status=ok
entity13/1/ERM-aug-rand/PCA1 dis2_reference W=nan accuracy=0.6894 prediction=0.5105 status=ok
entity13/1/ERM-aug-rand/PCA4 iw_overlap_critic W=1.0 accuracy=0.6894 prediction=0.4919 status=ok
entity13/1/ERM-aug-rand/PCA4 iw_residual_dis2 W=1.0 accuracy=0.6894 prediction=0.7645 status=ok
entity13/1/ERM-aug-rand/PCA4 iw_overlap_critic W=2.0 accuracy=0.6894 prediction=0.7261 status=ok
entity13/1/ERM-aug-rand/PCA4 iw_residual_dis2 W=2.0 accuracy=0.6894 prediction=0.8832 status=ok
entity13/1/ERM-aug-rand/PCA4 iw_overlap_critic W=5.0 accuracy=0.6894 prediction=0.8705 status=ok
entity13/1/ERM-aug-rand/PCA4 iw_residual_dis2 W=5.0 accuracy=0.6894 prediction=0.8800 status=ok
entity13/1/ERM-aug-rand/PCA4 dis2_reference W=nan accuracy=0.6894 prediction=0.5546 status=ok
entity13/1/ERM-aug-rand/PCA16 iw_overlap_critic W=1.0 accuracy=0.6894 prediction=0.5878 status=ok
entity13/1/ERM-aug-rand/PCA16 iw_residual_dis2 W=1.0 accuracy=0.6894 prediction=0.7991 status=ok
entity13/1/ERM-aug-rand/PCA16 iw_overlap_critic W=2.0 accuracy=0.6894 prediction=0.8009 status=ok
entity13/1/ERM-aug-rand/PCA16 iw_residual_dis2 W=2.0 accuracy=0.6894 prediction=0.8816 status=ok
entity13/1/ERM-aug-rand/PCA16 iw_overlap_critic W=5.0 accuracy=0.6894 prediction=0.8874 status=ok
entity13/1/ERM-aug-rand/PCA16 iw_residual_dis2 W=5.0 accuracy=0.6894 prediction=nan status=unsupported_critic_region
entity13/1/ERM-aug-rand/PCA16 dis2_reference W=nan accuracy=0.6894 prediction=0.5906 status=ok
entity13/1/ERM-aug-rand/PCA32 iw_overlap_critic W=1.0 accuracy=0.6894 prediction=0.5920 status=ok
entity13/1/ERM-aug-rand/PCA32 iw_residual_dis2 W=1.0 accuracy=0.6894 prediction=0.8109 status=ok
entity13/1/ERM-aug-rand/PCA32 iw_overlap_critic W=2.0 accuracy=0.6894 prediction=0.8254 status=ok
entity13/1/ERM-aug-rand/PCA32 iw_residual_dis2 W=2.0 accuracy=0.6894 prediction=0.8871 status=ok
entity13/1/ERM-aug-rand/PCA32 iw_overlap_critic W=5.0 accuracy=0.6894 prediction=0.8890 status=ok
entity13/1/ERM-aug-rand/PCA32 iw_residual_dis2 W=5.0 accuracy=0.6894 prediction=nan status=unsupported_critic_region
entity13/1/ERM-aug-rand/PCA32 dis2_reference W=nan accuracy=0.6894 prediction=0.6415 status=ok
entity13/1/ERM-aug-rand/PCA64 iw_overlap_critic W=1.0 accuracy=0.6894 prediction=0.5461 status=ok
entity13/1/ERM-aug-rand/PCA64 iw_residual_dis2 W=1.0 accuracy=0.6894 prediction=0.8338 status=ok
entity13/1/ERM-aug-rand/PCA64 iw_overlap_critic W=2.0 accuracy=0.6894 prediction=0.8454 status=ok
entity13/1/ERM-aug-rand/PCA64 iw_residual_dis2 W=2.0 accuracy=0.6894 prediction=0.8965 status=ok
entity13/1/ERM-aug-rand/PCA64 iw_overlap_critic W=5.0 accuracy=0.6894 prediction=0.8906 status=ok
entity13/1/ERM-aug-rand/PCA64 iw_residual_dis2 W=5.0 accuracy=0.6894 prediction=nan status=unsupported_critic_region
entity13/1/ERM-aug-rand/PCA64 dis2_reference W=nan accuracy=0.6894 prediction=0.7121 status=ok
entity13/1/ERM-aug-rand/PCA128 iw_overlap_critic W=1.0 accuracy=0.6894 prediction=0.5176 status=ok
entity13/1/ERM-aug-rand/PCA128 iw_residual_dis2 W=1.0 accuracy=0.6894 prediction=0.8768 status=ok
entity13/1/ERM-aug-rand/PCA128 iw_overlap_critic W=2.0 accuracy=0.6894 prediction=0.8332 status=ok
entity13/1/ERM-aug-rand/PCA128 iw_residual_dis2 W=2.0 accuracy=0.6894 prediction=0.8907 status=ok
entity13/1/ERM-aug-rand/PCA128 iw_overlap_critic W=5.0 accuracy=0.6894 prediction=0.8902 status=ok
entity13/1/ERM-aug-rand/PCA128 iw_residual_dis2 W=5.0 accuracy=0.6894 prediction=nan status=unsupported_critic_region
entity13/1/ERM-aug-rand/PCA128 dis2_reference W=nan accuracy=0.6894 prediction=0.8179 status=ok
entity13/2/ERM-aug-rand/logits iw_overlap_critic W=1.0 accuracy=0.8500 prediction=0.5676 status=ok
entity13/2/ERM-aug-rand/logits iw_residual_dis2 W=1.0 accuracy=0.8500 prediction=0.8732 status=ok
entity13/2/ERM-aug-rand/logits iw_overlap_critic W=2.0 accuracy=0.8500 prediction=0.9145 status=ok
entity13/2/ERM-aug-rand/logits iw_residual_dis2 W=2.0 accuracy=0.8500 prediction=0.9145 status=ok
entity13/2/ERM-aug-rand/logits iw_overlap_critic W=5.0 accuracy=0.8500 prediction=0.9145 status=ok
entity13/2/ERM-aug-rand/logits iw_residual_dis2 W=5.0 accuracy=0.8500 prediction=0.9145 status=ok
entity13/2/ERM-aug-rand/logits dis2_reference W=nan accuracy=0.8500 prediction=0.6890 status=ok
entity13/2/ERM-aug-rand/features iw_overlap_critic W=1.0 accuracy=0.8500 prediction=0.7999 status=ok
entity13/2/ERM-aug-rand/features iw_residual_dis2 W=1.0 accuracy=0.8500 prediction=0.9436 status=ok
entity13/2/ERM-aug-rand/features iw_overlap_critic W=2.0 accuracy=0.8500 prediction=0.9158 status=ok
entity13/2/ERM-aug-rand/features iw_residual_dis2 W=2.0 accuracy=0.8500 prediction=0.9158 status=ok
entity13/2/ERM-aug-rand/features iw_overlap_critic W=5.0 accuracy=0.8500 prediction=0.9158 status=ok
entity13/2/ERM-aug-rand/features iw_residual_dis2 W=5.0 accuracy=0.8500 prediction=0.9158 status=ok
entity13/2/ERM-aug-rand/features dis2_reference W=nan accuracy=0.8500 prediction=0.7321 status=ok
entity13/2/ERM-aug-rand/PCA1 iw_overlap_critic W=1.0 accuracy=0.8500 prediction=0.7918 status=ok
entity13/2/ERM-aug-rand/PCA1 iw_residual_dis2 W=1.0 accuracy=0.8500 prediction=0.9422 status=ok
entity13/2/ERM-aug-rand/PCA1 iw_overlap_critic W=2.0 accuracy=0.8500 prediction=0.9168 status=ok
entity13/2/ERM-aug-rand/PCA1 iw_residual_dis2 W=2.0 accuracy=0.8500 prediction=0.9168 status=ok
entity13/2/ERM-aug-rand/PCA1 iw_overlap_critic W=5.0 accuracy=0.8500 prediction=0.9168 status=ok
entity13/2/ERM-aug-rand/PCA1 iw_residual_dis2 W=5.0 accuracy=0.8500 prediction=0.9168 status=ok
entity13/2/ERM-aug-rand/PCA1 dis2_reference W=nan accuracy=0.8500 prediction=0.7025 status=ok
entity13/2/ERM-aug-rand/PCA4 iw_overlap_critic W=1.0 accuracy=0.8500 prediction=0.7694 status=ok
entity13/2/ERM-aug-rand/PCA4 iw_residual_dis2 W=1.0 accuracy=0.8500 prediction=0.9340 status=ok
entity13/2/ERM-aug-rand/PCA4 iw_overlap_critic W=2.0 accuracy=0.8500 prediction=0.9187 status=ok
entity13/2/ERM-aug-rand/PCA4 iw_residual_dis2 W=2.0 accuracy=0.8500 prediction=0.9187 status=ok
/storage/homefs/tf24s166/IW_dis2/disagree_discrep_IW/src/lib/utils.py:43: FutureWarning: You are using `torch.load` with `weights_only=False` (the current default value), which uses the default pickle module implicitly. It is possible to construct malicious pickle data which will execute arbitrary code during unpickling (See https://github.com/pytorch/pytorch/blob/main/SECURITY.md#untrusted-models for more details). In a future release, the default value for `weights_only` will be flipped to `True`. This limits the functions that could be executed during unpickling. Arbitrary objects will no longer be allowed to be loaded via this mode unless they are explicitly allowlisted by the user via `torch.serialization.add_safe_globals`. We recommend you start setting `weights_only=True` for any use case where you don't have full control of the loaded file. Please open an issue on GitHub for any issues related to this experimental feature.
  lin.load_state_dict(torch.load(os.path.join(shift_dir, 'linear.pth'), map_location=device))
entity13/2/ERM-aug-rand/PCA4 iw_overlap_critic W=5.0 accuracy=0.8500 prediction=0.9187 status=ok
entity13/2/ERM-aug-rand/PCA4 iw_residual_dis2 W=5.0 accuracy=0.8500 prediction=0.9187 status=ok
entity13/2/ERM-aug-rand/PCA4 dis2_reference W=nan accuracy=0.8500 prediction=0.7025 status=ok
entity13/2/ERM-aug-rand/PCA16 iw_overlap_critic W=1.0 accuracy=0.8500 prediction=0.7301 status=ok
entity13/2/ERM-aug-rand/PCA16 iw_residual_dis2 W=1.0 accuracy=0.8500 prediction=0.9357 status=ok
entity13/2/ERM-aug-rand/PCA16 iw_overlap_critic W=2.0 accuracy=0.8500 prediction=0.9149 status=ok
entity13/2/ERM-aug-rand/PCA16 iw_residual_dis2 W=2.0 accuracy=0.8500 prediction=0.9149 status=ok
entity13/2/ERM-aug-rand/PCA16 iw_overlap_critic W=5.0 accuracy=0.8500 prediction=0.9149 status=ok
entity13/2/ERM-aug-rand/PCA16 iw_residual_dis2 W=5.0 accuracy=0.8500 prediction=0.9149 status=ok
entity13/2/ERM-aug-rand/PCA16 dis2_reference W=nan accuracy=0.8500 prediction=0.8348 status=ok
entity13/2/ERM-aug-rand/PCA32 iw_overlap_critic W=1.0 accuracy=0.8500 prediction=0.4802 status=ok
entity13/2/ERM-aug-rand/PCA32 iw_residual_dis2 W=1.0 accuracy=0.8500 prediction=0.9914 status=ok
entity13/2/ERM-aug-rand/PCA32 iw_overlap_critic W=2.0 accuracy=0.8500 prediction=0.9144 status=ok
entity13/2/ERM-aug-rand/PCA32 iw_residual_dis2 W=2.0 accuracy=0.8500 prediction=0.9144 status=ok
entity13/2/ERM-aug-rand/PCA32 iw_overlap_critic W=5.0 accuracy=0.8500 prediction=0.9144 status=ok
entity13/2/ERM-aug-rand/PCA32 iw_residual_dis2 W=5.0 accuracy=0.8500 prediction=0.9144 status=ok
entity13/2/ERM-aug-rand/PCA32 dis2_reference W=nan accuracy=0.8500 prediction=0.6742 status=ok
entity13/2/ERM-aug-rand/PCA64 iw_overlap_critic W=1.0 accuracy=0.8500 prediction=0.4733 status=ok
entity13/2/ERM-aug-rand/PCA64 iw_residual_dis2 W=1.0 accuracy=0.8500 prediction=0.9461 status=ok
entity13/2/ERM-aug-rand/PCA64 iw_overlap_critic W=2.0 accuracy=0.8500 prediction=0.9144 status=ok
entity13/2/ERM-aug-rand/PCA64 iw_residual_dis2 W=2.0 accuracy=0.8500 prediction=0.9144 status=ok
entity13/2/ERM-aug-rand/PCA64 iw_overlap_critic W=5.0 accuracy=0.8500 prediction=0.9144 status=ok
entity13/2/ERM-aug-rand/PCA64 iw_residual_dis2 W=5.0 accuracy=0.8500 prediction=0.9144 status=ok
entity13/2/ERM-aug-rand/PCA64 dis2_reference W=nan accuracy=0.8500 prediction=0.7296 status=ok
entity13/2/ERM-aug-rand/PCA128 iw_overlap_critic W=1.0 accuracy=0.8500 prediction=0.5016 status=ok
entity13/2/ERM-aug-rand/PCA128 iw_residual_dis2 W=1.0 accuracy=0.8500 prediction=0.9065 status=ok
entity13/2/ERM-aug-rand/PCA128 iw_overlap_critic W=2.0 accuracy=0.8500 prediction=0.9144 status=ok
entity13/2/ERM-aug-rand/PCA128 iw_residual_dis2 W=2.0 accuracy=0.8500 prediction=0.9144 status=ok
entity13/2/ERM-aug-rand/PCA128 iw_overlap_critic W=5.0 accuracy=0.8500 prediction=0.9144 status=ok
entity13/2/ERM-aug-rand/PCA128 iw_residual_dis2 W=5.0 accuracy=0.8500 prediction=0.9144 status=ok
entity13/2/ERM-aug-rand/PCA128 dis2_reference W=nan accuracy=0.8500 prediction=0.7893 status=ok
entity13/3/ERM-aug-rand/logits iw_overlap_critic W=1.0 accuracy=0.6500 prediction=0.5714 status=ok
entity13/3/ERM-aug-rand/logits iw_residual_dis2 W=1.0 accuracy=0.6500 prediction=0.8673 status=ok
entity13/3/ERM-aug-rand/logits iw_overlap_critic W=2.0 accuracy=0.6500 prediction=0.9144 status=ok
entity13/3/ERM-aug-rand/logits iw_residual_dis2 W=2.0 accuracy=0.6500 prediction=0.9144 status=ok
entity13/3/ERM-aug-rand/logits iw_overlap_critic W=5.0 accuracy=0.6500 prediction=0.9144 status=ok
entity13/3/ERM-aug-rand/logits iw_residual_dis2 W=5.0 accuracy=0.6500 prediction=0.9144 status=ok
entity13/3/ERM-aug-rand/logits dis2_reference W=nan accuracy=0.6500 prediction=0.5253 status=ok
entity13/3/ERM-aug-rand/features iw_overlap_critic W=1.0 accuracy=0.6500 prediction=0.7898 status=ok
entity13/3/ERM-aug-rand/features iw_residual_dis2 W=1.0 accuracy=0.6500 prediction=0.8479 status=ok
entity13/3/ERM-aug-rand/features iw_overlap_critic W=2.0 accuracy=0.6500 prediction=nan status=unsupported_critic_region
entity13/3/ERM-aug-rand/features iw_residual_dis2 W=2.0 accuracy=0.6500 prediction=nan status=unsupported_critic_region
entity13/3/ERM-aug-rand/features iw_overlap_critic W=5.0 accuracy=0.6500 prediction=0.9239 status=ok
entity13/3/ERM-aug-rand/features iw_residual_dis2 W=5.0 accuracy=0.6500 prediction=0.9239 status=ok
entity13/3/ERM-aug-rand/features dis2_reference W=nan accuracy=0.6500 prediction=0.4767 status=ok
entity13/3/ERM-aug-rand/PCA1 iw_overlap_critic W=1.0 accuracy=0.6500 prediction=0.6835 status=ok
entity13/3/ERM-aug-rand/PCA1 iw_residual_dis2 W=1.0 accuracy=0.6500 prediction=0.8486 status=ok
entity13/3/ERM-aug-rand/PCA1 iw_overlap_critic W=2.0 accuracy=0.6500 prediction=nan status=unsupported_critic_region
entity13/3/ERM-aug-rand/PCA1 iw_residual_dis2 W=2.0 accuracy=0.6500 prediction=nan status=unsupported_critic_region
entity13/3/ERM-aug-rand/PCA1 iw_overlap_critic W=5.0 accuracy=0.6500 prediction=0.9171 status=ok
entity13/3/ERM-aug-rand/PCA1 iw_residual_dis2 W=5.0 accuracy=0.6500 prediction=0.9171 status=ok
entity13/3/ERM-aug-rand/PCA1 dis2_reference W=nan accuracy=0.6500 prediction=0.3727 status=ok
entity13/3/ERM-aug-rand/PCA4 iw_overlap_critic W=1.0 accuracy=0.6500 prediction=0.6676 status=ok
entity13/3/ERM-aug-rand/PCA4 iw_residual_dis2 W=1.0 accuracy=0.6500 prediction=0.8252 status=ok
entity13/3/ERM-aug-rand/PCA4 iw_overlap_critic W=2.0 accuracy=0.6500 prediction=0.8841 status=ok
entity13/3/ERM-aug-rand/PCA4 iw_residual_dis2 W=2.0 accuracy=0.6500 prediction=0.9273 status=ok
entity13/3/ERM-aug-rand/PCA4 iw_overlap_critic W=5.0 accuracy=0.6500 prediction=0.9250 status=ok
entity13/3/ERM-aug-rand/PCA4 iw_residual_dis2 W=5.0 accuracy=0.6500 prediction=0.9250 status=ok
entity13/3/ERM-aug-rand/PCA4 dis2_reference W=nan accuracy=0.6500 prediction=0.5197 status=ok
entity13/3/ERM-aug-rand/PCA16 iw_overlap_critic W=1.0 accuracy=0.6500 prediction=0.5723 status=ok
entity13/3/ERM-aug-rand/PCA16 iw_residual_dis2 W=1.0 accuracy=0.6500 prediction=0.7949 status=ok
entity13/3/ERM-aug-rand/PCA16 iw_overlap_critic W=2.0 accuracy=0.6500 prediction=0.8087 status=ok
entity13/3/ERM-aug-rand/PCA16 iw_residual_dis2 W=2.0 accuracy=0.6500 prediction=0.8742 status=ok
entity13/3/ERM-aug-rand/PCA16 iw_overlap_critic W=5.0 accuracy=0.6500 prediction=nan status=unsupported_critic_region
entity13/3/ERM-aug-rand/PCA16 iw_residual_dis2 W=5.0 accuracy=0.6500 prediction=nan status=unsupported_critic_region
entity13/3/ERM-aug-rand/PCA16 dis2_reference W=nan accuracy=0.6500 prediction=0.4268 status=ok
entity13/3/ERM-aug-rand/PCA32 iw_overlap_critic W=1.0 accuracy=0.6500 prediction=0.4695 status=ok
entity13/3/ERM-aug-rand/PCA32 iw_residual_dis2 W=1.0 accuracy=0.6500 prediction=0.8028 status=ok
entity13/3/ERM-aug-rand/PCA32 iw_overlap_critic W=2.0 accuracy=0.6500 prediction=0.9018 status=ok
entity13/3/ERM-aug-rand/PCA32 iw_residual_dis2 W=2.0 accuracy=0.6500 prediction=0.9018 status=ok
entity13/3/ERM-aug-rand/PCA32 iw_overlap_critic W=5.0 accuracy=0.6500 prediction=0.9004 status=ok
entity13/3/ERM-aug-rand/PCA32 iw_residual_dis2 W=5.0 accuracy=0.6500 prediction=0.9004 status=ok
entity13/3/ERM-aug-rand/PCA32 dis2_reference W=nan accuracy=0.6500 prediction=0.5376 status=ok
entity13/3/ERM-aug-rand/PCA64 iw_overlap_critic W=1.0 accuracy=0.6500 prediction=0.3555 status=ok
entity13/3/ERM-aug-rand/PCA64 iw_residual_dis2 W=1.0 accuracy=0.6500 prediction=0.8058 status=ok
entity13/3/ERM-aug-rand/PCA64 iw_overlap_critic W=2.0 accuracy=0.6500 prediction=nan status=unsupported_critic_region
entity13/3/ERM-aug-rand/PCA64 iw_residual_dis2 W=2.0 accuracy=0.6500 prediction=nan status=unsupported_critic_region
entity13/3/ERM-aug-rand/PCA64 iw_overlap_critic W=5.0 accuracy=0.6500 prediction=0.8880 status=ok
entity13/3/ERM-aug-rand/PCA64 iw_residual_dis2 W=5.0 accuracy=0.6500 prediction=0.8880 status=ok
entity13/3/ERM-aug-rand/PCA64 dis2_reference W=nan accuracy=0.6500 prediction=0.6016 status=ok
entity13/3/ERM-aug-rand/PCA128 iw_overlap_critic W=1.0 accuracy=0.6500 prediction=0.4476 status=ok
entity13/3/ERM-aug-rand/PCA128 iw_residual_dis2 W=1.0 accuracy=0.6500 prediction=0.8709 status=ok
/storage/homefs/tf24s166/IW_dis2/disagree_discrep_IW/src/lib/utils.py:43: FutureWarning: You are using `torch.load` with `weights_only=False` (the current default value), which uses the default pickle module implicitly. It is possible to construct malicious pickle data which will execute arbitrary code during unpickling (See https://github.com/pytorch/pytorch/blob/main/SECURITY.md#untrusted-models for more details). In a future release, the default value for `weights_only` will be flipped to `True`. This limits the functions that could be executed during unpickling. Arbitrary objects will no longer be allowed to be loaded via this mode unless they are explicitly allowlisted by the user via `torch.serialization.add_safe_globals`. We recommend you start setting `weights_only=True` for any use case where you don't have full control of the loaded file. Please open an issue on GitHub for any issues related to this experimental feature.
  lin.load_state_dict(torch.load(os.path.join(shift_dir, 'linear.pth'), map_location=device))
/storage/homefs/tf24s166/IW_dis2/disagree_discrep_IW/src/lib/utils.py:43: FutureWarning: You are using `torch.load` with `weights_only=False` (the current default value), which uses the default pickle module implicitly. It is possible to construct malicious pickle data which will execute arbitrary code during unpickling (See https://github.com/pytorch/pytorch/blob/main/SECURITY.md#untrusted-models for more details). In a future release, the default value for `weights_only` will be flipped to `True`. This limits the functions that could be executed during unpickling. Arbitrary objects will no longer be allowed to be loaded via this mode unless they are explicitly allowlisted by the user via `torch.serialization.add_safe_globals`. We recommend you start setting `weights_only=True` for any use case where you don't have full control of the loaded file. Please open an issue on GitHub for any issues related to this experimental feature.
  lin.load_state_dict(torch.load(os.path.join(shift_dir, 'linear.pth'), map_location=device))
entity13/3/ERM-aug-rand/PCA128 iw_overlap_critic W=2.0 accuracy=0.6500 prediction=0.8313 status=ok
entity13/3/ERM-aug-rand/PCA128 iw_residual_dis2 W=2.0 accuracy=0.6500 prediction=0.8830 status=ok
entity13/3/ERM-aug-rand/PCA128 iw_overlap_critic W=5.0 accuracy=0.6500 prediction=0.8829 status=ok
entity13/3/ERM-aug-rand/PCA128 iw_residual_dis2 W=5.0 accuracy=0.6500 prediction=0.8829 status=ok
entity13/3/ERM-aug-rand/PCA128 dis2_reference W=nan accuracy=0.6500 prediction=0.7148 status=ok
entity13/1/BN_adapt/logits iw_overlap_critic W=1.0 accuracy=0.6835 prediction=0.5202 status=ok
entity13/1/BN_adapt/logits iw_residual_dis2 W=1.0 accuracy=0.6835 prediction=0.7992 status=ok
entity13/1/BN_adapt/logits iw_overlap_critic W=2.0 accuracy=0.6835 prediction=0.9004 status=ok
entity13/1/BN_adapt/logits iw_residual_dis2 W=2.0 accuracy=0.6835 prediction=0.9014 status=ok
entity13/1/BN_adapt/logits iw_overlap_critic W=5.0 accuracy=0.6835 prediction=0.9014 status=ok
entity13/1/BN_adapt/logits iw_residual_dis2 W=5.0 accuracy=0.6835 prediction=0.9014 status=ok
entity13/1/BN_adapt/logits dis2_reference W=nan accuracy=0.6835 prediction=0.7066 status=ok
entity13/1/BN_adapt/features iw_overlap_critic W=1.0 accuracy=0.6835 prediction=0.5495 status=ok
entity13/1/BN_adapt/features iw_residual_dis2 W=1.0 accuracy=0.6835 prediction=0.7289 status=ok
entity13/1/BN_adapt/features iw_overlap_critic W=2.0 accuracy=0.6835 prediction=0.7279 status=ok
entity13/1/BN_adapt/features iw_residual_dis2 W=2.0 accuracy=0.6835 prediction=0.8331 status=ok
entity13/1/BN_adapt/features iw_overlap_critic W=5.0 accuracy=0.6835 prediction=0.8321 status=ok
entity13/1/BN_adapt/features iw_residual_dis2 W=5.0 accuracy=0.6835 prediction=0.8531 status=ok
entity13/1/BN_adapt/features dis2_reference W=nan accuracy=0.6835 prediction=0.5578 status=ok
entity13/1/BN_adapt/PCA1 iw_overlap_critic W=1.0 accuracy=0.6835 prediction=0.4720 status=ok
entity13/1/BN_adapt/PCA1 iw_residual_dis2 W=1.0 accuracy=0.6835 prediction=0.7327 status=ok
entity13/1/BN_adapt/PCA1 iw_overlap_critic W=2.0 accuracy=0.6835 prediction=0.7123 status=ok
entity13/1/BN_adapt/PCA1 iw_residual_dis2 W=2.0 accuracy=0.6835 prediction=0.8294 status=ok
entity13/1/BN_adapt/PCA1 iw_overlap_critic W=5.0 accuracy=0.6835 prediction=0.8373 status=ok
entity13/1/BN_adapt/PCA1 iw_residual_dis2 W=5.0 accuracy=0.6835 prediction=0.8508 status=ok
entity13/1/BN_adapt/PCA1 dis2_reference W=nan accuracy=0.6835 prediction=0.5079 status=ok
entity13/1/BN_adapt/PCA4 iw_overlap_critic W=1.0 accuracy=0.6835 prediction=0.4837 status=ok
entity13/1/BN_adapt/PCA4 iw_residual_dis2 W=1.0 accuracy=0.6835 prediction=0.7506 status=ok
entity13/1/BN_adapt/PCA4 iw_overlap_critic W=2.0 accuracy=0.6835 prediction=0.7426 status=ok
entity13/1/BN_adapt/PCA4 iw_residual_dis2 W=2.0 accuracy=0.6835 prediction=0.8421 status=ok
entity13/1/BN_adapt/PCA4 iw_overlap_critic W=5.0 accuracy=0.6835 prediction=0.8678 status=ok
entity13/1/BN_adapt/PCA4 iw_residual_dis2 W=5.0 accuracy=0.6835 prediction=nan status=unsupported_critic_region
entity13/1/BN_adapt/PCA4 dis2_reference W=nan accuracy=0.6835 prediction=0.5513 status=ok
entity13/1/BN_adapt/PCA16 iw_overlap_critic W=1.0 accuracy=0.6835 prediction=0.5466 status=ok
entity13/1/BN_adapt/PCA16 iw_residual_dis2 W=1.0 accuracy=0.6835 prediction=0.7792 status=ok
entity13/1/BN_adapt/PCA16 iw_overlap_critic W=2.0 accuracy=0.6835 prediction=0.8156 status=ok
entity13/1/BN_adapt/PCA16 iw_residual_dis2 W=2.0 accuracy=0.6835 prediction=0.8702 status=ok
entity13/1/BN_adapt/PCA16 iw_overlap_critic W=5.0 accuracy=0.6835 prediction=0.8765 status=ok
entity13/1/BN_adapt/PCA16 iw_residual_dis2 W=5.0 accuracy=0.6835 prediction=0.8765 status=ok
entity13/1/BN_adapt/PCA16 dis2_reference W=nan accuracy=0.6835 prediction=0.5817 status=ok
entity13/1/BN_adapt/PCA32 iw_overlap_critic W=1.0 accuracy=0.6835 prediction=0.5326 status=ok
entity13/1/BN_adapt/PCA32 iw_residual_dis2 W=1.0 accuracy=0.6835 prediction=0.7755 status=ok
entity13/1/BN_adapt/PCA32 iw_overlap_critic W=2.0 accuracy=0.6835 prediction=0.8438 status=ok
entity13/1/BN_adapt/PCA32 iw_residual_dis2 W=2.0 accuracy=0.6835 prediction=0.8835 status=ok
entity13/1/BN_adapt/PCA32 iw_overlap_critic W=5.0 accuracy=0.6835 prediction=0.8780 status=ok
entity13/1/BN_adapt/PCA32 iw_residual_dis2 W=5.0 accuracy=0.6835 prediction=0.8780 status=ok
entity13/1/BN_adapt/PCA32 dis2_reference W=nan accuracy=0.6835 prediction=0.6322 status=ok
entity13/1/BN_adapt/PCA64 iw_overlap_critic W=1.0 accuracy=0.6835 prediction=0.5759 status=ok
entity13/1/BN_adapt/PCA64 iw_residual_dis2 W=1.0 accuracy=0.6835 prediction=0.8543 status=ok
entity13/1/BN_adapt/PCA64 iw_overlap_critic W=2.0 accuracy=0.6835 prediction=0.8487 status=ok
entity13/1/BN_adapt/PCA64 iw_residual_dis2 W=2.0 accuracy=0.6835 prediction=0.8756 status=ok
entity13/1/BN_adapt/PCA64 iw_overlap_critic W=5.0 accuracy=0.6835 prediction=0.8792 status=ok
entity13/1/BN_adapt/PCA64 iw_residual_dis2 W=5.0 accuracy=0.6835 prediction=0.8792 status=ok
entity13/1/BN_adapt/PCA64 dis2_reference W=nan accuracy=0.6835 prediction=0.7019 status=ok
entity13/1/BN_adapt/PCA128 iw_overlap_critic W=1.0 accuracy=0.6835 prediction=0.4946 status=ok
entity13/1/BN_adapt/PCA128 iw_residual_dis2 W=1.0 accuracy=0.6835 prediction=0.8649 status=ok
entity13/1/BN_adapt/PCA128 iw_overlap_critic W=2.0 accuracy=0.6835 prediction=0.8412 status=ok
entity13/1/BN_adapt/PCA128 iw_residual_dis2 W=2.0 accuracy=0.6835 prediction=0.8758 status=ok
entity13/1/BN_adapt/PCA128 iw_overlap_critic W=5.0 accuracy=0.6835 prediction=0.8770 status=ok
entity13/1/BN_adapt/PCA128 iw_residual_dis2 W=5.0 accuracy=0.6835 prediction=0.8770 status=ok
entity13/1/BN_adapt/PCA128 dis2_reference W=nan accuracy=0.6835 prediction=0.7875 status=ok
entity13/2/BN_adapt/logits iw_overlap_critic W=1.0 accuracy=0.8538 prediction=0.5534 status=ok
entity13/2/BN_adapt/logits iw_residual_dis2 W=1.0 accuracy=0.8538 prediction=0.9790 status=ok
entity13/2/BN_adapt/logits iw_overlap_critic W=2.0 accuracy=0.8538 prediction=0.9145 status=ok
entity13/2/BN_adapt/logits iw_residual_dis2 W=2.0 accuracy=0.8538 prediction=0.9145 status=ok
entity13/2/BN_adapt/logits iw_overlap_critic W=5.0 accuracy=0.8538 prediction=0.9145 status=ok
entity13/2/BN_adapt/logits iw_residual_dis2 W=5.0 accuracy=0.8538 prediction=0.9145 status=ok
entity13/2/BN_adapt/logits dis2_reference W=nan accuracy=0.8538 prediction=0.7019 status=ok
entity13/2/BN_adapt/features iw_overlap_critic W=1.0 accuracy=0.8538 prediction=0.8472 status=ok
entity13/2/BN_adapt/features iw_residual_dis2 W=1.0 accuracy=0.8538 prediction=0.9174 status=ok
entity13/2/BN_adapt/features iw_overlap_critic W=2.0 accuracy=0.8538 prediction=0.9157 status=ok
entity13/2/BN_adapt/features iw_residual_dis2 W=2.0 accuracy=0.8538 prediction=0.9157 status=ok
entity13/2/BN_adapt/features iw_overlap_critic W=5.0 accuracy=0.8538 prediction=0.9157 status=ok
entity13/2/BN_adapt/features iw_residual_dis2 W=5.0 accuracy=0.8538 prediction=0.9157 status=ok
entity13/2/BN_adapt/features dis2_reference W=nan accuracy=0.8538 prediction=0.7561 status=ok
entity13/2/BN_adapt/PCA1 iw_overlap_critic W=1.0 accuracy=0.8538 prediction=0.7624 status=ok
entity13/2/BN_adapt/PCA1 iw_residual_dis2 W=1.0 accuracy=0.8538 prediction=0.9599 status=ok
entity13/2/BN_adapt/PCA1 iw_overlap_critic W=2.0 accuracy=0.8538 prediction=0.9161 status=ok
entity13/2/BN_adapt/PCA1 iw_residual_dis2 W=2.0 accuracy=0.8538 prediction=0.9161 status=ok
entity13/2/BN_adapt/PCA1 iw_overlap_critic W=5.0 accuracy=0.8538 prediction=0.9161 status=ok
entity13/2/BN_adapt/PCA1 iw_residual_dis2 W=5.0 accuracy=0.8538 prediction=0.9161 status=ok
entity13/2/BN_adapt/PCA1 dis2_reference W=nan accuracy=0.8538 prediction=0.7776 status=ok
entity13/2/BN_adapt/PCA4 iw_overlap_critic W=1.0 accuracy=0.8538 prediction=0.8155 status=ok
entity13/2/BN_adapt/PCA4 iw_residual_dis2 W=1.0 accuracy=0.8538 prediction=0.9341 status=ok
entity13/2/BN_adapt/PCA4 iw_overlap_critic W=2.0 accuracy=0.8538 prediction=0.9190 status=ok
entity13/2/BN_adapt/PCA4 iw_residual_dis2 W=2.0 accuracy=0.8538 prediction=0.9190 status=ok
entity13/2/BN_adapt/PCA4 iw_overlap_critic W=5.0 accuracy=0.8538 prediction=0.9190 status=ok
/storage/homefs/tf24s166/IW_dis2/disagree_discrep_IW/src/lib/utils.py:43: FutureWarning: You are using `torch.load` with `weights_only=False` (the current default value), which uses the default pickle module implicitly. It is possible to construct malicious pickle data which will execute arbitrary code during unpickling (See https://github.com/pytorch/pytorch/blob/main/SECURITY.md#untrusted-models for more details). In a future release, the default value for `weights_only` will be flipped to `True`. This limits the functions that could be executed during unpickling. Arbitrary objects will no longer be allowed to be loaded via this mode unless they are explicitly allowlisted by the user via `torch.serialization.add_safe_globals`. We recommend you start setting `weights_only=True` for any use case where you don't have full control of the loaded file. Please open an issue on GitHub for any issues related to this experimental feature.
  lin.load_state_dict(torch.load(os.path.join(shift_dir, 'linear.pth'), map_location=device))
entity13/2/BN_adapt/PCA4 iw_residual_dis2 W=5.0 accuracy=0.8538 prediction=0.9190 status=ok
entity13/2/BN_adapt/PCA4 dis2_reference W=nan accuracy=0.8538 prediction=0.8324 status=ok
entity13/2/BN_adapt/PCA16 iw_overlap_critic W=1.0 accuracy=0.8538 prediction=0.7473 status=ok
entity13/2/BN_adapt/PCA16 iw_residual_dis2 W=1.0 accuracy=0.8538 prediction=0.8827 status=ok
entity13/2/BN_adapt/PCA16 iw_overlap_critic W=2.0 accuracy=0.8538 prediction=0.9149 status=ok
entity13/2/BN_adapt/PCA16 iw_residual_dis2 W=2.0 accuracy=0.8538 prediction=0.9149 status=ok
entity13/2/BN_adapt/PCA16 iw_overlap_critic W=5.0 accuracy=0.8538 prediction=0.9149 status=ok
entity13/2/BN_adapt/PCA16 iw_residual_dis2 W=5.0 accuracy=0.8538 prediction=0.9149 status=ok
entity13/2/BN_adapt/PCA16 dis2_reference W=nan accuracy=0.8538 prediction=0.7954 status=ok
entity13/2/BN_adapt/PCA32 iw_overlap_critic W=1.0 accuracy=0.8538 prediction=0.4789 status=ok
entity13/2/BN_adapt/PCA32 iw_residual_dis2 W=1.0 accuracy=0.8538 prediction=0.9452 status=ok
entity13/2/BN_adapt/PCA32 iw_overlap_critic W=2.0 accuracy=0.8538 prediction=0.9145 status=ok
entity13/2/BN_adapt/PCA32 iw_residual_dis2 W=2.0 accuracy=0.8538 prediction=0.9145 status=ok
entity13/2/BN_adapt/PCA32 iw_overlap_critic W=5.0 accuracy=0.8538 prediction=0.9145 status=ok
entity13/2/BN_adapt/PCA32 iw_residual_dis2 W=5.0 accuracy=0.8538 prediction=0.9145 status=ok
entity13/2/BN_adapt/PCA32 dis2_reference W=nan accuracy=0.8538 prediction=0.7647 status=ok
entity13/2/BN_adapt/PCA64 iw_overlap_critic W=1.0 accuracy=0.8538 prediction=0.4462 status=ok
entity13/2/BN_adapt/PCA64 iw_residual_dis2 W=1.0 accuracy=0.8538 prediction=0.9190 status=ok
entity13/2/BN_adapt/PCA64 iw_overlap_critic W=2.0 accuracy=0.8538 prediction=0.9144 status=ok
entity13/2/BN_adapt/PCA64 iw_residual_dis2 W=2.0 accuracy=0.8538 prediction=0.9144 status=ok
entity13/2/BN_adapt/PCA64 iw_overlap_critic W=5.0 accuracy=0.8538 prediction=0.9144 status=ok
entity13/2/BN_adapt/PCA64 iw_residual_dis2 W=5.0 accuracy=0.8538 prediction=0.9144 status=ok
entity13/2/BN_adapt/PCA64 dis2_reference W=nan accuracy=0.8538 prediction=0.7597 status=ok
entity13/2/BN_adapt/PCA128 iw_overlap_critic W=1.0 accuracy=0.8538 prediction=0.5342 status=ok
entity13/2/BN_adapt/PCA128 iw_residual_dis2 W=1.0 accuracy=0.8538 prediction=0.9280 status=ok
entity13/2/BN_adapt/PCA128 iw_overlap_critic W=2.0 accuracy=0.8538 prediction=0.9144 status=ok
entity13/2/BN_adapt/PCA128 iw_residual_dis2 W=2.0 accuracy=0.8538 prediction=0.9144 status=ok
entity13/2/BN_adapt/PCA128 iw_overlap_critic W=5.0 accuracy=0.8538 prediction=0.9144 status=ok
entity13/2/BN_adapt/PCA128 iw_residual_dis2 W=5.0 accuracy=0.8538 prediction=0.9144 status=ok
entity13/2/BN_adapt/PCA128 dis2_reference W=nan accuracy=0.8538 prediction=0.7579 status=ok
entity13/3/BN_adapt/logits iw_overlap_critic W=1.0 accuracy=0.6615 prediction=0.4802 status=ok
entity13/3/BN_adapt/logits iw_residual_dis2 W=1.0 accuracy=0.6615 prediction=0.8563 status=ok
entity13/3/BN_adapt/logits iw_overlap_critic W=2.0 accuracy=0.6615 prediction=0.9126 status=ok
entity13/3/BN_adapt/logits iw_residual_dis2 W=2.0 accuracy=0.6615 prediction=0.9126 status=ok
entity13/3/BN_adapt/logits iw_overlap_critic W=5.0 accuracy=0.6615 prediction=0.9126 status=ok
entity13/3/BN_adapt/logits iw_residual_dis2 W=5.0 accuracy=0.6615 prediction=0.9126 status=ok
entity13/3/BN_adapt/logits dis2_reference W=nan accuracy=0.6615 prediction=0.5339 status=ok
entity13/3/BN_adapt/features iw_overlap_critic W=1.0 accuracy=0.6615 prediction=0.8043 status=ok
entity13/3/BN_adapt/features iw_residual_dis2 W=1.0 accuracy=0.6615 prediction=0.8520 status=ok
entity13/3/BN_adapt/features iw_overlap_critic W=2.0 accuracy=0.6615 prediction=nan status=unsupported_critic_region
entity13/3/BN_adapt/features iw_residual_dis2 W=2.0 accuracy=0.6615 prediction=nan status=unsupported_critic_region
entity13/3/BN_adapt/features iw_overlap_critic W=5.0 accuracy=0.6615 prediction=0.9224 status=ok
entity13/3/BN_adapt/features iw_residual_dis2 W=5.0 accuracy=0.6615 prediction=0.9224 status=ok
entity13/3/BN_adapt/features dis2_reference W=nan accuracy=0.6615 prediction=0.4397 status=ok
entity13/3/BN_adapt/PCA1 iw_overlap_critic W=1.0 accuracy=0.6615 prediction=0.6068 status=ok
entity13/3/BN_adapt/PCA1 iw_residual_dis2 W=1.0 accuracy=0.6615 prediction=0.8242 status=ok
entity13/3/BN_adapt/PCA1 iw_overlap_critic W=2.0 accuracy=0.6615 prediction=nan status=unsupported_critic_region
entity13/3/BN_adapt/PCA1 iw_residual_dis2 W=2.0 accuracy=0.6615 prediction=nan status=unsupported_critic_region
entity13/3/BN_adapt/PCA1 iw_overlap_critic W=5.0 accuracy=0.6615 prediction=0.9150 status=ok
entity13/3/BN_adapt/PCA1 iw_residual_dis2 W=5.0 accuracy=0.6615 prediction=0.9150 status=ok
entity13/3/BN_adapt/PCA1 dis2_reference W=nan accuracy=0.6615 prediction=0.5081 status=ok
entity13/3/BN_adapt/PCA4 iw_overlap_critic W=1.0 accuracy=0.6615 prediction=0.7032 status=ok
entity13/3/BN_adapt/PCA4 iw_residual_dis2 W=1.0 accuracy=0.6615 prediction=0.7838 status=ok
entity13/3/BN_adapt/PCA4 iw_overlap_critic W=2.0 accuracy=0.6615 prediction=0.8716 status=ok
entity13/3/BN_adapt/PCA4 iw_residual_dis2 W=2.0 accuracy=0.6615 prediction=0.8910 status=ok
entity13/3/BN_adapt/PCA4 iw_overlap_critic W=5.0 accuracy=0.6615 prediction=0.9223 status=ok
entity13/3/BN_adapt/PCA4 iw_residual_dis2 W=5.0 accuracy=0.6615 prediction=0.9223 status=ok
entity13/3/BN_adapt/PCA4 dis2_reference W=nan accuracy=0.6615 prediction=0.4533 status=ok
entity13/3/BN_adapt/PCA16 iw_overlap_critic W=1.0 accuracy=0.6615 prediction=0.6484 status=ok
entity13/3/BN_adapt/PCA16 iw_residual_dis2 W=1.0 accuracy=0.6615 prediction=0.8181 status=ok
entity13/3/BN_adapt/PCA16 iw_overlap_critic W=2.0 accuracy=0.6615 prediction=0.7640 status=ok
entity13/3/BN_adapt/PCA16 iw_residual_dis2 W=2.0 accuracy=0.6615 prediction=0.8546 status=ok
entity13/3/BN_adapt/PCA16 iw_overlap_critic W=5.0 accuracy=0.6615 prediction=nan status=unsupported_critic_region
entity13/3/BN_adapt/PCA16 iw_residual_dis2 W=5.0 accuracy=0.6615 prediction=nan status=unsupported_critic_region
entity13/3/BN_adapt/PCA16 dis2_reference W=nan accuracy=0.6615 prediction=0.6244 status=ok
entity13/3/BN_adapt/PCA32 iw_overlap_critic W=1.0 accuracy=0.6615 prediction=0.5165 status=ok
entity13/3/BN_adapt/PCA32 iw_residual_dis2 W=1.0 accuracy=0.6615 prediction=0.8637 status=ok
entity13/3/BN_adapt/PCA32 iw_overlap_critic W=2.0 accuracy=0.6615 prediction=nan status=unsupported_critic_region
entity13/3/BN_adapt/PCA32 iw_residual_dis2 W=2.0 accuracy=0.6615 prediction=nan status=unsupported_critic_region
entity13/3/BN_adapt/PCA32 iw_overlap_critic W=5.0 accuracy=0.6615 prediction=0.8981 status=ok
entity13/3/BN_adapt/PCA32 iw_residual_dis2 W=5.0 accuracy=0.6615 prediction=0.8981 status=ok
entity13/3/BN_adapt/PCA32 dis2_reference W=nan accuracy=0.6615 prediction=0.5548 status=ok
entity13/3/BN_adapt/PCA64 iw_overlap_critic W=1.0 accuracy=0.6615 prediction=0.4161 status=ok
entity13/3/BN_adapt/PCA64 iw_residual_dis2 W=1.0 accuracy=0.6615 prediction=0.7504 status=ok
entity13/3/BN_adapt/PCA64 iw_overlap_critic W=2.0 accuracy=0.6615 prediction=nan status=unsupported_critic_region
entity13/3/BN_adapt/PCA64 iw_residual_dis2 W=2.0 accuracy=0.6615 prediction=nan status=unsupported_critic_region
entity13/3/BN_adapt/PCA64 iw_overlap_critic W=5.0 accuracy=0.6615 prediction=0.8836 status=ok
entity13/3/BN_adapt/PCA64 iw_residual_dis2 W=5.0 accuracy=0.6615 prediction=0.8836 status=ok
entity13/3/BN_adapt/PCA64 dis2_reference W=nan accuracy=0.6615 prediction=0.6133 status=ok
entity13/3/BN_adapt/PCA128 iw_overlap_critic W=1.0 accuracy=0.6615 prediction=0.3850 status=ok
entity13/3/BN_adapt/PCA128 iw_residual_dis2 W=1.0 accuracy=0.6615 prediction=0.8892 status=ok
entity13/3/BN_adapt/PCA128 iw_overlap_critic W=2.0 accuracy=0.6615 prediction=0.7735 status=ok
entity13/3/BN_adapt/PCA128 iw_residual_dis2 W=2.0 accuracy=0.6615 prediction=0.8541 status=ok
entity13/3/BN_adapt/PCA128 iw_overlap_critic W=5.0 accuracy=0.6615 prediction=0.8779 status=ok
entity13/3/BN_adapt/PCA128 iw_residual_dis2 W=5.0 accuracy=0.6615 prediction=0.8779 status=ok
/storage/homefs/tf24s166/IW_dis2/disagree_discrep_IW/src/lib/utils.py:43: FutureWarning: You are using `torch.load` with `weights_only=False` (the current default value), which uses the default pickle module implicitly. It is possible to construct malicious pickle data which will execute arbitrary code during unpickling (See https://github.com/pytorch/pytorch/blob/main/SECURITY.md#untrusted-models for more details). In a future release, the default value for `weights_only` will be flipped to `True`. This limits the functions that could be executed during unpickling. Arbitrary objects will no longer be allowed to be loaded via this mode unless they are explicitly allowlisted by the user via `torch.serialization.add_safe_globals`. We recommend you start setting `weights_only=True` for any use case where you don't have full control of the loaded file. Please open an issue on GitHub for any issues related to this experimental feature.
  lin.load_state_dict(torch.load(os.path.join(shift_dir, 'linear.pth'), map_location=device))
/storage/homefs/tf24s166/IW_dis2/disagree_discrep_IW/src/lib/utils.py:43: FutureWarning: You are using `torch.load` with `weights_only=False` (the current default value), which uses the default pickle module implicitly. It is possible to construct malicious pickle data which will execute arbitrary code during unpickling (See https://github.com/pytorch/pytorch/blob/main/SECURITY.md#untrusted-models for more details). In a future release, the default value for `weights_only` will be flipped to `True`. This limits the functions that could be executed during unpickling. Arbitrary objects will no longer be allowed to be loaded via this mode unless they are explicitly allowlisted by the user via `torch.serialization.add_safe_globals`. We recommend you start setting `weights_only=True` for any use case where you don't have full control of the loaded file. Please open an issue on GitHub for any issues related to this experimental feature.
  lin.load_state_dict(torch.load(os.path.join(shift_dir, 'linear.pth'), map_location=device))
entity13/3/BN_adapt/PCA128 dis2_reference W=nan accuracy=0.6615 prediction=0.7757 status=ok
entity13/1/DANN/logits iw_overlap_critic W=1.0 accuracy=0.7318 prediction=0.5484 status=ok
entity13/1/DANN/logits iw_residual_dis2 W=1.0 accuracy=0.7318 prediction=0.8637 status=ok
entity13/1/DANN/logits iw_overlap_critic W=2.0 accuracy=0.7318 prediction=0.9036 status=ok
entity13/1/DANN/logits iw_residual_dis2 W=2.0 accuracy=0.7318 prediction=0.9036 status=ok
entity13/1/DANN/logits iw_overlap_critic W=5.0 accuracy=0.7318 prediction=0.9036 status=ok
entity13/1/DANN/logits iw_residual_dis2 W=5.0 accuracy=0.7318 prediction=0.9036 status=ok
entity13/1/DANN/logits dis2_reference W=nan accuracy=0.7318 prediction=0.8076 status=ok
entity13/1/DANN/features iw_overlap_critic W=1.0 accuracy=0.7318 prediction=0.6150 status=ok
entity13/1/DANN/features iw_residual_dis2 W=1.0 accuracy=0.7318 prediction=0.8074 status=ok
entity13/1/DANN/features iw_overlap_critic W=2.0 accuracy=0.7318 prediction=0.8071 status=ok
entity13/1/DANN/features iw_residual_dis2 W=2.0 accuracy=0.7318 prediction=0.8727 status=ok
entity13/1/DANN/features iw_overlap_critic W=5.0 accuracy=0.7318 prediction=0.8726 status=ok
entity13/1/DANN/features iw_residual_dis2 W=5.0 accuracy=0.7318 prediction=nan status=unsupported_critic_region
entity13/1/DANN/features dis2_reference W=nan accuracy=0.7318 prediction=0.6889 status=ok
entity13/1/DANN/PCA1 iw_overlap_critic W=1.0 accuracy=0.7318 prediction=0.5649 status=ok
entity13/1/DANN/PCA1 iw_residual_dis2 W=1.0 accuracy=0.7318 prediction=0.7773 status=ok
entity13/1/DANN/PCA1 iw_overlap_critic W=2.0 accuracy=0.7318 prediction=0.8029 status=ok
entity13/1/DANN/PCA1 iw_residual_dis2 W=2.0 accuracy=0.7318 prediction=0.8568 status=ok
entity13/1/DANN/PCA1 iw_overlap_critic W=5.0 accuracy=0.7318 prediction=0.8750 status=ok
entity13/1/DANN/PCA1 iw_residual_dis2 W=5.0 accuracy=0.7318 prediction=nan status=unsupported_critic_region
entity13/1/DANN/PCA1 dis2_reference W=nan accuracy=0.7318 prediction=0.5985 status=ok
entity13/1/DANN/PCA4 iw_overlap_critic W=1.0 accuracy=0.7318 prediction=0.5670 status=ok
entity13/1/DANN/PCA4 iw_residual_dis2 W=1.0 accuracy=0.7318 prediction=0.8211 status=ok
entity13/1/DANN/PCA4 iw_overlap_critic W=2.0 accuracy=0.7318 prediction=0.8672 status=ok
entity13/1/DANN/PCA4 iw_residual_dis2 W=2.0 accuracy=0.7318 prediction=0.8851 status=ok
entity13/1/DANN/PCA4 iw_overlap_critic W=5.0 accuracy=0.7318 prediction=nan status=unsupported_critic_region
entity13/1/DANN/PCA4 iw_residual_dis2 W=5.0 accuracy=0.7318 prediction=nan status=unsupported_residual_source_region
entity13/1/DANN/PCA4 dis2_reference W=nan accuracy=0.7318 prediction=0.7044 status=ok
entity13/1/DANN/PCA16 iw_overlap_critic W=1.0 accuracy=0.7318 prediction=0.5630 status=ok
entity13/1/DANN/PCA16 iw_residual_dis2 W=1.0 accuracy=0.7318 prediction=0.8568 status=ok
entity13/1/DANN/PCA16 iw_overlap_critic W=2.0 accuracy=0.7318 prediction=0.8989 status=ok
entity13/1/DANN/PCA16 iw_residual_dis2 W=2.0 accuracy=0.7318 prediction=0.8989 status=ok
entity13/1/DANN/PCA16 iw_overlap_critic W=5.0 accuracy=0.7318 prediction=0.8989 status=ok
entity13/1/DANN/PCA16 iw_residual_dis2 W=5.0 accuracy=0.7318 prediction=0.8989 status=ok
entity13/1/DANN/PCA16 dis2_reference W=nan accuracy=0.7318 prediction=0.7433 status=ok
entity13/1/DANN/PCA32 iw_overlap_critic W=1.0 accuracy=0.7318 prediction=0.5769 status=ok
entity13/1/DANN/PCA32 iw_residual_dis2 W=1.0 accuracy=0.7318 prediction=0.8496 status=ok
entity13/1/DANN/PCA32 iw_overlap_critic W=2.0 accuracy=0.7318 prediction=0.8980 status=ok
entity13/1/DANN/PCA32 iw_residual_dis2 W=2.0 accuracy=0.7318 prediction=0.8980 status=ok
entity13/1/DANN/PCA32 iw_overlap_critic W=5.0 accuracy=0.7318 prediction=0.8980 status=ok
entity13/1/DANN/PCA32 iw_residual_dis2 W=5.0 accuracy=0.7318 prediction=0.8980 status=ok
entity13/1/DANN/PCA32 dis2_reference W=nan accuracy=0.7318 prediction=0.7552 status=ok
entity13/1/DANN/PCA64 iw_overlap_critic W=1.0 accuracy=0.7318 prediction=0.5004 status=ok
entity13/1/DANN/PCA64 iw_residual_dis2 W=1.0 accuracy=0.7318 prediction=0.8831 status=ok
entity13/1/DANN/PCA64 iw_overlap_critic W=2.0 accuracy=0.7318 prediction=0.8989 status=ok
entity13/1/DANN/PCA64 iw_residual_dis2 W=2.0 accuracy=0.7318 prediction=0.8989 status=ok
entity13/1/DANN/PCA64 iw_overlap_critic W=5.0 accuracy=0.7318 prediction=0.8989 status=ok
entity13/1/DANN/PCA64 iw_residual_dis2 W=5.0 accuracy=0.7318 prediction=0.8989 status=ok
entity13/1/DANN/PCA64 dis2_reference W=nan accuracy=0.7318 prediction=0.8002 status=ok
entity13/1/DANN/PCA128 iw_overlap_critic W=1.0 accuracy=0.7318 prediction=0.4536 status=ok
entity13/1/DANN/PCA128 iw_residual_dis2 W=1.0 accuracy=0.7318 prediction=0.8685 status=ok
entity13/1/DANN/PCA128 iw_overlap_critic W=2.0 accuracy=0.7318 prediction=0.8979 status=ok
entity13/1/DANN/PCA128 iw_residual_dis2 W=2.0 accuracy=0.7318 prediction=0.8979 status=ok
entity13/1/DANN/PCA128 iw_overlap_critic W=5.0 accuracy=0.7318 prediction=0.8979 status=ok
entity13/1/DANN/PCA128 iw_residual_dis2 W=5.0 accuracy=0.7318 prediction=0.8979 status=ok
entity13/1/DANN/PCA128 dis2_reference W=nan accuracy=0.7318 prediction=0.8133 status=ok
entity13/2/DANN/logits iw_overlap_critic W=1.0 accuracy=0.8615 prediction=0.5578 status=ok
entity13/2/DANN/logits iw_residual_dis2 W=1.0 accuracy=0.8615 prediction=0.9305 status=ok
entity13/2/DANN/logits iw_overlap_critic W=2.0 accuracy=0.8615 prediction=0.9103 status=ok
entity13/2/DANN/logits iw_residual_dis2 W=2.0 accuracy=0.8615 prediction=0.9103 status=ok
entity13/2/DANN/logits iw_overlap_critic W=5.0 accuracy=0.8615 prediction=0.9103 status=ok
entity13/2/DANN/logits iw_residual_dis2 W=5.0 accuracy=0.8615 prediction=0.9103 status=ok
entity13/2/DANN/logits dis2_reference W=nan accuracy=0.8615 prediction=0.6773 status=ok
entity13/2/DANN/features iw_overlap_critic W=1.0 accuracy=0.8615 prediction=0.8456 status=ok
entity13/2/DANN/features iw_residual_dis2 W=1.0 accuracy=0.8615 prediction=0.8976 status=ok
entity13/2/DANN/features iw_overlap_critic W=2.0 accuracy=0.8615 prediction=0.9130 status=ok
entity13/2/DANN/features iw_residual_dis2 W=2.0 accuracy=0.8615 prediction=0.9130 status=ok
entity13/2/DANN/features iw_overlap_critic W=5.0 accuracy=0.8615 prediction=0.9130 status=ok
entity13/2/DANN/features iw_residual_dis2 W=5.0 accuracy=0.8615 prediction=0.9130 status=ok
entity13/2/DANN/features dis2_reference W=nan accuracy=0.8615 prediction=0.6927 status=ok
entity13/2/DANN/PCA1 iw_overlap_critic W=1.0 accuracy=0.8615 prediction=0.8322 status=ok
entity13/2/DANN/PCA1 iw_residual_dis2 W=1.0 accuracy=0.8615 prediction=0.9449 status=ok
entity13/2/DANN/PCA1 iw_overlap_critic W=2.0 accuracy=0.8615 prediction=0.9116 status=ok
entity13/2/DANN/PCA1 iw_residual_dis2 W=2.0 accuracy=0.8615 prediction=0.9116 status=ok
entity13/2/DANN/PCA1 iw_overlap_critic W=5.0 accuracy=0.8615 prediction=0.9116 status=ok
entity13/2/DANN/PCA1 iw_residual_dis2 W=5.0 accuracy=0.8615 prediction=0.9116 status=ok
entity13/2/DANN/PCA1 dis2_reference W=nan accuracy=0.8615 prediction=0.7641 status=ok
entity13/2/DANN/PCA4 iw_overlap_critic W=1.0 accuracy=0.8615 prediction=0.8286 status=ok
entity13/2/DANN/PCA4 iw_residual_dis2 W=1.0 accuracy=0.8615 prediction=0.9581 status=ok
entity13/2/DANN/PCA4 iw_overlap_critic W=2.0 accuracy=0.8615 prediction=0.9129 status=ok
entity13/2/DANN/PCA4 iw_residual_dis2 W=2.0 accuracy=0.8615 prediction=0.9129 status=ok
entity13/2/DANN/PCA4 iw_overlap_critic W=5.0 accuracy=0.8615 prediction=0.9129 status=ok
entity13/2/DANN/PCA4 iw_residual_dis2 W=5.0 accuracy=0.8615 prediction=0.9129 status=ok
entity13/2/DANN/PCA4 dis2_reference W=nan accuracy=0.8615 prediction=0.8336 status=ok
entity13/2/DANN/PCA16 iw_overlap_critic W=1.0 accuracy=0.8615 prediction=0.6671 status=ok
entity13/2/DANN/PCA16 iw_residual_dis2 W=1.0 accuracy=0.8615 prediction=0.9454 status=ok
entity13/2/DANN/PCA16 iw_overlap_critic W=2.0 accuracy=0.8615 prediction=0.9103 status=ok
entity13/2/DANN/PCA16 iw_residual_dis2 W=2.0 accuracy=0.8615 prediction=0.9103 status=ok
entity13/2/DANN/PCA16 iw_overlap_critic W=5.0 accuracy=0.8615 prediction=0.9103 status=ok
/storage/homefs/tf24s166/IW_dis2/disagree_discrep_IW/src/lib/utils.py:43: FutureWarning: You are using `torch.load` with `weights_only=False` (the current default value), which uses the default pickle module implicitly. It is possible to construct malicious pickle data which will execute arbitrary code during unpickling (See https://github.com/pytorch/pytorch/blob/main/SECURITY.md#untrusted-models for more details). In a future release, the default value for `weights_only` will be flipped to `True`. This limits the functions that could be executed during unpickling. Arbitrary objects will no longer be allowed to be loaded via this mode unless they are explicitly allowlisted by the user via `torch.serialization.add_safe_globals`. We recommend you start setting `weights_only=True` for any use case where you don't have full control of the loaded file. Please open an issue on GitHub for any issues related to this experimental feature.
  lin.load_state_dict(torch.load(os.path.join(shift_dir, 'linear.pth'), map_location=device))
/storage/homefs/tf24s166/IW_dis2/disagree_discrep_IW/src/lib/utils.py:43: FutureWarning: You are using `torch.load` with `weights_only=False` (the current default value), which uses the default pickle module implicitly. It is possible to construct malicious pickle data which will execute arbitrary code during unpickling (See https://github.com/pytorch/pytorch/blob/main/SECURITY.md#untrusted-models for more details). In a future release, the default value for `weights_only` will be flipped to `True`. This limits the functions that could be executed during unpickling. Arbitrary objects will no longer be allowed to be loaded via this mode unless they are explicitly allowlisted by the user via `torch.serialization.add_safe_globals`. We recommend you start setting `weights_only=True` for any use case where you don't have full control of the loaded file. Please open an issue on GitHub for any issues related to this experimental feature.
  lin.load_state_dict(torch.load(os.path.join(shift_dir, 'linear.pth'), map_location=device))
entity13/2/DANN/PCA16 iw_residual_dis2 W=5.0 accuracy=0.8615 prediction=0.9103 status=ok
entity13/2/DANN/PCA16 dis2_reference W=nan accuracy=0.8615 prediction=0.7345 status=ok
entity13/2/DANN/PCA32 iw_overlap_critic W=1.0 accuracy=0.8615 prediction=0.6341 status=ok
entity13/2/DANN/PCA32 iw_residual_dis2 W=1.0 accuracy=0.8615 prediction=0.8752 status=ok
entity13/2/DANN/PCA32 iw_overlap_critic W=2.0 accuracy=0.8615 prediction=0.9100 status=ok
entity13/2/DANN/PCA32 iw_residual_dis2 W=2.0 accuracy=0.8615 prediction=0.9100 status=ok
entity13/2/DANN/PCA32 iw_overlap_critic W=5.0 accuracy=0.8615 prediction=0.9100 status=ok
entity13/2/DANN/PCA32 iw_residual_dis2 W=5.0 accuracy=0.8615 prediction=0.9100 status=ok
entity13/2/DANN/PCA32 dis2_reference W=nan accuracy=0.8615 prediction=0.8010 status=ok
entity13/2/DANN/PCA64 iw_overlap_critic W=1.0 accuracy=0.8615 prediction=0.5096 status=ok
entity13/2/DANN/PCA64 iw_residual_dis2 W=1.0 accuracy=0.8615 prediction=0.8769 status=ok
entity13/2/DANN/PCA64 iw_overlap_critic W=2.0 accuracy=0.8615 prediction=0.9100 status=ok
entity13/2/DANN/PCA64 iw_residual_dis2 W=2.0 accuracy=0.8615 prediction=0.9100 status=ok
entity13/2/DANN/PCA64 iw_overlap_critic W=5.0 accuracy=0.8615 prediction=0.9100 status=ok
entity13/2/DANN/PCA64 iw_residual_dis2 W=5.0 accuracy=0.8615 prediction=0.9100 status=ok
entity13/2/DANN/PCA64 dis2_reference W=nan accuracy=0.8615 prediction=0.7019 status=ok
entity13/2/DANN/PCA128 iw_overlap_critic W=1.0 accuracy=0.8615 prediction=0.5751 status=ok
entity13/2/DANN/PCA128 iw_residual_dis2 W=1.0 accuracy=0.8615 prediction=0.9397 status=ok
entity13/2/DANN/PCA128 iw_overlap_critic W=2.0 accuracy=0.8615 prediction=0.9038 status=ok
entity13/2/DANN/PCA128 iw_residual_dis2 W=2.0 accuracy=0.8615 prediction=0.9038 status=ok
entity13/2/DANN/PCA128 iw_overlap_critic W=5.0 accuracy=0.8615 prediction=0.9038 status=ok
entity13/2/DANN/PCA128 iw_residual_dis2 W=5.0 accuracy=0.8615 prediction=0.9038 status=ok
entity13/2/DANN/PCA128 dis2_reference W=nan accuracy=0.8615 prediction=0.6964 status=ok
entity13/3/DANN/logits iw_overlap_critic W=1.0 accuracy=0.6654 prediction=0.5500 status=ok
entity13/3/DANN/logits iw_residual_dis2 W=1.0 accuracy=0.6654 prediction=0.9376 status=ok
entity13/3/DANN/logits iw_overlap_critic W=2.0 accuracy=0.6654 prediction=0.9032 status=ok
entity13/3/DANN/logits iw_residual_dis2 W=2.0 accuracy=0.6654 prediction=0.9032 status=ok
entity13/3/DANN/logits iw_overlap_critic W=5.0 accuracy=0.6654 prediction=0.9032 status=ok
entity13/3/DANN/logits iw_residual_dis2 W=5.0 accuracy=0.6654 prediction=0.9032 status=ok
entity13/3/DANN/logits dis2_reference W=nan accuracy=0.6654 prediction=0.6650 status=ok
entity13/3/DANN/features iw_overlap_critic W=1.0 accuracy=0.6654 prediction=0.7159 status=ok
entity13/3/DANN/features iw_residual_dis2 W=1.0 accuracy=0.6654 prediction=0.8699 status=ok
entity13/3/DANN/features iw_overlap_critic W=2.0 accuracy=0.6654 prediction=0.8773 status=ok
entity13/3/DANN/features iw_residual_dis2 W=2.0 accuracy=0.6654 prediction=0.8939 status=ok
entity13/3/DANN/features iw_overlap_critic W=5.0 accuracy=0.6654 prediction=nan status=unsupported_critic_region
entity13/3/DANN/features iw_residual_dis2 W=5.0 accuracy=0.6654 prediction=nan status=unsupported_residual_source_region
entity13/3/DANN/features dis2_reference W=nan accuracy=0.6654 prediction=0.4637 status=ok
entity13/3/DANN/PCA1 iw_overlap_critic W=1.0 accuracy=0.6654 prediction=0.6212 status=ok
entity13/3/DANN/PCA1 iw_residual_dis2 W=1.0 accuracy=0.6654 prediction=0.8704 status=ok
entity13/3/DANN/PCA1 iw_overlap_critic W=2.0 accuracy=0.6654 prediction=0.8629 status=ok
entity13/3/DANN/PCA1 iw_residual_dis2 W=2.0 accuracy=0.6654 prediction=0.8718 status=ok
entity13/3/DANN/PCA1 iw_overlap_critic W=5.0 accuracy=0.6654 prediction=nan status=unsupported_critic_region
entity13/3/DANN/PCA1 iw_residual_dis2 W=5.0 accuracy=0.6654 prediction=nan status=unsupported_critic_region
entity13/3/DANN/PCA1 dis2_reference W=nan accuracy=0.6654 prediction=0.4028 status=ok
entity13/3/DANN/PCA4 iw_overlap_critic W=1.0 accuracy=0.6654 prediction=0.6334 status=ok
entity13/3/DANN/PCA4 iw_residual_dis2 W=1.0 accuracy=0.6654 prediction=0.9058 status=ok
entity13/3/DANN/PCA4 iw_overlap_critic W=2.0 accuracy=0.6654 prediction=0.8958 status=ok
entity13/3/DANN/PCA4 iw_residual_dis2 W=2.0 accuracy=0.6654 prediction=0.9072 status=ok
entity13/3/DANN/PCA4 iw_overlap_critic W=5.0 accuracy=0.6654 prediction=0.9040 status=ok
entity13/3/DANN/PCA4 iw_residual_dis2 W=5.0 accuracy=0.6654 prediction=0.9040 status=ok
entity13/3/DANN/PCA4 dis2_reference W=nan accuracy=0.6654 prediction=0.5241 status=ok
entity13/3/DANN/PCA16 iw_overlap_critic W=1.0 accuracy=0.6654 prediction=0.6300 status=ok
entity13/3/DANN/PCA16 iw_residual_dis2 W=1.0 accuracy=0.6654 prediction=0.7548 status=ok
entity13/3/DANN/PCA16 iw_overlap_critic W=2.0 accuracy=0.6654 prediction=0.8580 status=ok
entity13/3/DANN/PCA16 iw_residual_dis2 W=2.0 accuracy=0.6654 prediction=0.8653 status=ok
entity13/3/DANN/PCA16 iw_overlap_critic W=5.0 accuracy=0.6654 prediction=0.8874 status=ok
entity13/3/DANN/PCA16 iw_residual_dis2 W=5.0 accuracy=0.6654 prediction=0.8874 status=ok
entity13/3/DANN/PCA16 dis2_reference W=nan accuracy=0.6654 prediction=0.5001 status=ok
entity13/3/DANN/PCA32 iw_overlap_critic W=1.0 accuracy=0.6654 prediction=0.5604 status=ok
entity13/3/DANN/PCA32 iw_residual_dis2 W=1.0 accuracy=0.6654 prediction=0.8404 status=ok
entity13/3/DANN/PCA32 iw_overlap_critic W=2.0 accuracy=0.6654 prediction=0.8303 status=ok
entity13/3/DANN/PCA32 iw_residual_dis2 W=2.0 accuracy=0.6654 prediction=0.8714 status=ok
entity13/3/DANN/PCA32 iw_overlap_critic W=5.0 accuracy=0.6654 prediction=0.8715 status=ok
entity13/3/DANN/PCA32 iw_residual_dis2 W=5.0 accuracy=0.6654 prediction=0.8715 status=ok
entity13/3/DANN/PCA32 dis2_reference W=nan accuracy=0.6654 prediction=0.6133 status=ok
entity13/3/DANN/PCA64 iw_overlap_critic W=1.0 accuracy=0.6654 prediction=0.4997 status=ok
entity13/3/DANN/PCA64 iw_residual_dis2 W=1.0 accuracy=0.6654 prediction=0.9156 status=ok
entity13/3/DANN/PCA64 iw_overlap_critic W=2.0 accuracy=0.6654 prediction=nan status=unsupported_critic_region
entity13/3/DANN/PCA64 iw_residual_dis2 W=2.0 accuracy=0.6654 prediction=nan status=unsupported_critic_region
entity13/3/DANN/PCA64 iw_overlap_critic W=5.0 accuracy=0.6654 prediction=0.8765 status=ok
entity13/3/DANN/PCA64 iw_residual_dis2 W=5.0 accuracy=0.6654 prediction=0.8765 status=ok
entity13/3/DANN/PCA64 dis2_reference W=nan accuracy=0.6654 prediction=0.6459 status=ok
entity13/3/DANN/PCA128 iw_overlap_critic W=1.0 accuracy=0.6654 prediction=0.3915 status=ok
entity13/3/DANN/PCA128 iw_residual_dis2 W=1.0 accuracy=0.6654 prediction=0.8875 status=ok
entity13/3/DANN/PCA128 iw_overlap_critic W=2.0 accuracy=0.6654 prediction=0.8524 status=ok
entity13/3/DANN/PCA128 iw_residual_dis2 W=2.0 accuracy=0.6654 prediction=0.8912 status=ok
entity13/3/DANN/PCA128 iw_overlap_critic W=5.0 accuracy=0.6654 prediction=0.8711 status=ok
entity13/3/DANN/PCA128 iw_residual_dis2 W=5.0 accuracy=0.6654 prediction=0.8711 status=ok
entity13/3/DANN/PCA128 dis2_reference W=nan accuracy=0.6654 prediction=0.6847 status=ok
entity13/1/CDANN/logits iw_overlap_critic W=1.0 accuracy=0.7354 prediction=0.4802 status=ok
entity13/1/CDANN/logits iw_residual_dis2 W=1.0 accuracy=0.7354 prediction=0.8843 status=ok
entity13/1/CDANN/logits iw_overlap_critic W=2.0 accuracy=0.7354 prediction=0.9128 status=ok
entity13/1/CDANN/logits iw_residual_dis2 W=2.0 accuracy=0.7354 prediction=0.9128 status=ok
entity13/1/CDANN/logits iw_overlap_critic W=5.0 accuracy=0.7354 prediction=0.9128 status=ok
entity13/1/CDANN/logits iw_residual_dis2 W=5.0 accuracy=0.7354 prediction=0.9128 status=ok
entity13/1/CDANN/logits dis2_reference W=nan accuracy=0.7354 prediction=0.8087 status=ok
entity13/1/CDANN/features iw_overlap_critic W=1.0 accuracy=0.7354 prediction=0.5361 status=ok
entity13/1/CDANN/features iw_residual_dis2 W=1.0 accuracy=0.7354 prediction=0.8714 status=ok
entity13/1/CDANN/features iw_overlap_critic W=2.0 accuracy=0.7354 prediction=0.8765 status=ok
/storage/homefs/tf24s166/IW_dis2/disagree_discrep_IW/src/lib/utils.py:43: FutureWarning: You are using `torch.load` with `weights_only=False` (the current default value), which uses the default pickle module implicitly. It is possible to construct malicious pickle data which will execute arbitrary code during unpickling (See https://github.com/pytorch/pytorch/blob/main/SECURITY.md#untrusted-models for more details). In a future release, the default value for `weights_only` will be flipped to `True`. This limits the functions that could be executed during unpickling. Arbitrary objects will no longer be allowed to be loaded via this mode unless they are explicitly allowlisted by the user via `torch.serialization.add_safe_globals`. We recommend you start setting `weights_only=True` for any use case where you don't have full control of the loaded file. Please open an issue on GitHub for any issues related to this experimental feature.
  lin.load_state_dict(torch.load(os.path.join(shift_dir, 'linear.pth'), map_location=device))
entity13/1/CDANN/features iw_residual_dis2 W=2.0 accuracy=0.7354 prediction=0.9092 status=ok
entity13/1/CDANN/features iw_overlap_critic W=5.0 accuracy=0.7354 prediction=0.9131 status=ok
entity13/1/CDANN/features iw_residual_dis2 W=5.0 accuracy=0.7354 prediction=nan status=unsupported_critic_region
entity13/1/CDANN/features dis2_reference W=nan accuracy=0.7354 prediction=0.7782 status=ok
entity13/1/CDANN/PCA1 iw_overlap_critic W=1.0 accuracy=0.7354 prediction=0.6249 status=ok
entity13/1/CDANN/PCA1 iw_residual_dis2 W=1.0 accuracy=0.7354 prediction=0.8724 status=ok
entity13/1/CDANN/PCA1 iw_overlap_critic W=2.0 accuracy=0.7354 prediction=0.7782 status=ok
entity13/1/CDANN/PCA1 iw_residual_dis2 W=2.0 accuracy=0.7354 prediction=0.8941 status=ok
entity13/1/CDANN/PCA1 iw_overlap_critic W=5.0 accuracy=0.7354 prediction=0.8729 status=ok
entity13/1/CDANN/PCA1 iw_residual_dis2 W=5.0 accuracy=0.7354 prediction=0.8990 status=ok
entity13/1/CDANN/PCA1 dis2_reference W=nan accuracy=0.7354 prediction=0.7717 status=ok
entity13/1/CDANN/PCA4 iw_overlap_critic W=1.0 accuracy=0.7354 prediction=0.6411 status=ok
entity13/1/CDANN/PCA4 iw_residual_dis2 W=1.0 accuracy=0.7354 prediction=0.8643 status=ok
entity13/1/CDANN/PCA4 iw_overlap_critic W=2.0 accuracy=0.7354 prediction=0.8385 status=ok
entity13/1/CDANN/PCA4 iw_residual_dis2 W=2.0 accuracy=0.7354 prediction=0.9059 status=ok
entity13/1/CDANN/PCA4 iw_overlap_critic W=5.0 accuracy=0.7354 prediction=0.9083 status=ok
entity13/1/CDANN/PCA4 iw_residual_dis2 W=5.0 accuracy=0.7354 prediction=0.9105 status=ok
entity13/1/CDANN/PCA4 dis2_reference W=nan accuracy=0.7354 prediction=0.7525 status=ok
entity13/1/CDANN/PCA16 iw_overlap_critic W=1.0 accuracy=0.7354 prediction=0.5313 status=ok
entity13/1/CDANN/PCA16 iw_residual_dis2 W=1.0 accuracy=0.7354 prediction=0.8701 status=ok
entity13/1/CDANN/PCA16 iw_overlap_critic W=2.0 accuracy=0.7354 prediction=0.9112 status=ok
entity13/1/CDANN/PCA16 iw_residual_dis2 W=2.0 accuracy=0.7354 prediction=0.9112 status=ok
entity13/1/CDANN/PCA16 iw_overlap_critic W=5.0 accuracy=0.7354 prediction=0.9112 status=ok
entity13/1/CDANN/PCA16 iw_residual_dis2 W=5.0 accuracy=0.7354 prediction=0.9112 status=ok
entity13/1/CDANN/PCA16 dis2_reference W=nan accuracy=0.7354 prediction=0.7634 status=ok
entity13/1/CDANN/PCA32 iw_overlap_critic W=1.0 accuracy=0.7354 prediction=0.4882 status=ok
entity13/1/CDANN/PCA32 iw_residual_dis2 W=1.0 accuracy=0.7354 prediction=0.8751 status=ok
entity13/1/CDANN/PCA32 iw_overlap_critic W=2.0 accuracy=0.7354 prediction=0.9128 status=ok
entity13/1/CDANN/PCA32 iw_residual_dis2 W=2.0 accuracy=0.7354 prediction=0.9128 status=ok
entity13/1/CDANN/PCA32 iw_overlap_critic W=5.0 accuracy=0.7354 prediction=0.9128 status=ok
entity13/1/CDANN/PCA32 iw_residual_dis2 W=5.0 accuracy=0.7354 prediction=0.9128 status=ok
entity13/1/CDANN/PCA32 dis2_reference W=nan accuracy=0.7354 prediction=0.7828 status=ok
entity13/1/CDANN/PCA64 iw_overlap_critic W=1.0 accuracy=0.7354 prediction=0.4472 status=ok
entity13/1/CDANN/PCA64 iw_residual_dis2 W=1.0 accuracy=0.7354 prediction=0.8933 status=ok
entity13/1/CDANN/PCA64 iw_overlap_critic W=2.0 accuracy=0.7354 prediction=0.9133 status=ok
entity13/1/CDANN/PCA64 iw_residual_dis2 W=2.0 accuracy=0.7354 prediction=0.9133 status=ok
entity13/1/CDANN/PCA64 iw_overlap_critic W=5.0 accuracy=0.7354 prediction=0.9133 status=ok
entity13/1/CDANN/PCA64 iw_residual_dis2 W=5.0 accuracy=0.7354 prediction=0.9133 status=ok
entity13/1/CDANN/PCA64 dis2_reference W=nan accuracy=0.7354 prediction=0.8287 status=ok
entity13/1/CDANN/PCA128 iw_overlap_critic W=1.0 accuracy=0.7354 prediction=0.5022 status=ok
entity13/1/CDANN/PCA128 iw_residual_dis2 W=1.0 accuracy=0.7354 prediction=0.9181 status=ok
entity13/1/CDANN/PCA128 iw_overlap_critic W=2.0 accuracy=0.7354 prediction=0.9133 status=ok
entity13/1/CDANN/PCA128 iw_residual_dis2 W=2.0 accuracy=0.7354 prediction=0.9133 status=ok
entity13/1/CDANN/PCA128 iw_overlap_critic W=5.0 accuracy=0.7354 prediction=0.9133 status=ok
entity13/1/CDANN/PCA128 iw_residual_dis2 W=5.0 accuracy=0.7354 prediction=0.9133 status=ok
entity13/1/CDANN/PCA128 dis2_reference W=nan accuracy=0.7354 prediction=0.8231 status=ok
entity13/2/CDANN/logits iw_overlap_critic W=1.0 accuracy=0.8423 prediction=0.6138 status=ok
entity13/2/CDANN/logits iw_residual_dis2 W=1.0 accuracy=0.8423 prediction=0.9238 status=ok
entity13/2/CDANN/logits iw_overlap_critic W=2.0 accuracy=0.8423 prediction=0.9059 status=ok
entity13/2/CDANN/logits iw_residual_dis2 W=2.0 accuracy=0.8423 prediction=0.9059 status=ok
entity13/2/CDANN/logits iw_overlap_critic W=5.0 accuracy=0.8423 prediction=0.9059 status=ok
entity13/2/CDANN/logits iw_residual_dis2 W=5.0 accuracy=0.8423 prediction=0.9059 status=ok
entity13/2/CDANN/logits dis2_reference W=nan accuracy=0.8423 prediction=0.8114 status=ok
entity13/2/CDANN/features iw_overlap_critic W=1.0 accuracy=0.8423 prediction=0.6717 status=ok
entity13/2/CDANN/features iw_residual_dis2 W=1.0 accuracy=0.8423 prediction=0.8963 status=ok
entity13/2/CDANN/features iw_overlap_critic W=2.0 accuracy=0.8423 prediction=0.9060 status=ok
entity13/2/CDANN/features iw_residual_dis2 W=2.0 accuracy=0.8423 prediction=0.9060 status=ok
entity13/2/CDANN/features iw_overlap_critic W=5.0 accuracy=0.8423 prediction=0.9060 status=ok
entity13/2/CDANN/features iw_residual_dis2 W=5.0 accuracy=0.8423 prediction=0.9060 status=ok
entity13/2/CDANN/features dis2_reference W=nan accuracy=0.8423 prediction=0.6853 status=ok
entity13/2/CDANN/PCA1 iw_overlap_critic W=1.0 accuracy=0.8423 prediction=0.7713 status=ok
entity13/2/CDANN/PCA1 iw_residual_dis2 W=1.0 accuracy=0.8423 prediction=0.8873 status=ok
entity13/2/CDANN/PCA1 iw_overlap_critic W=2.0 accuracy=0.8423 prediction=0.9071 status=ok
entity13/2/CDANN/PCA1 iw_residual_dis2 W=2.0 accuracy=0.8423 prediction=0.9071 status=ok
entity13/2/CDANN/PCA1 iw_overlap_critic W=5.0 accuracy=0.8423 prediction=0.9071 status=ok
entity13/2/CDANN/PCA1 iw_residual_dis2 W=5.0 accuracy=0.8423 prediction=0.9071 status=ok
entity13/2/CDANN/PCA1 dis2_reference W=nan accuracy=0.8423 prediction=0.7050 status=ok
entity13/2/CDANN/PCA4 iw_overlap_critic W=1.0 accuracy=0.8423 prediction=0.8518 status=ok
entity13/2/CDANN/PCA4 iw_residual_dis2 W=1.0 accuracy=0.8423 prediction=0.9139 status=ok
entity13/2/CDANN/PCA4 iw_overlap_critic W=2.0 accuracy=0.8423 prediction=0.9065 status=ok
entity13/2/CDANN/PCA4 iw_residual_dis2 W=2.0 accuracy=0.8423 prediction=0.9065 status=ok
entity13/2/CDANN/PCA4 iw_overlap_critic W=5.0 accuracy=0.8423 prediction=0.9065 status=ok
entity13/2/CDANN/PCA4 iw_residual_dis2 W=5.0 accuracy=0.8423 prediction=0.9065 status=ok
entity13/2/CDANN/PCA4 dis2_reference W=nan accuracy=0.8423 prediction=0.8391 status=ok
entity13/2/CDANN/PCA16 iw_overlap_critic W=1.0 accuracy=0.8423 prediction=0.6046 status=ok
entity13/2/CDANN/PCA16 iw_residual_dis2 W=1.0 accuracy=0.8423 prediction=0.8762 status=ok
entity13/2/CDANN/PCA16 iw_overlap_critic W=2.0 accuracy=0.8423 prediction=0.9057 status=ok
entity13/2/CDANN/PCA16 iw_residual_dis2 W=2.0 accuracy=0.8423 prediction=0.9057 status=ok
entity13/2/CDANN/PCA16 iw_overlap_critic W=5.0 accuracy=0.8423 prediction=0.9057 status=ok
entity13/2/CDANN/PCA16 iw_residual_dis2 W=5.0 accuracy=0.8423 prediction=0.9057 status=ok
entity13/2/CDANN/PCA16 dis2_reference W=nan accuracy=0.8423 prediction=0.6705 status=ok
entity13/2/CDANN/PCA32 iw_overlap_critic W=1.0 accuracy=0.8423 prediction=0.4703 status=ok
entity13/2/CDANN/PCA32 iw_residual_dis2 W=1.0 accuracy=0.8423 prediction=0.9182 status=ok
entity13/2/CDANN/PCA32 iw_overlap_critic W=2.0 accuracy=0.8423 prediction=0.9059 status=ok
entity13/2/CDANN/PCA32 iw_residual_dis2 W=2.0 accuracy=0.8423 prediction=0.9059 status=ok
entity13/2/CDANN/PCA32 iw_overlap_critic W=5.0 accuracy=0.8423 prediction=0.9059 status=ok
entity13/2/CDANN/PCA32 iw_residual_dis2 W=5.0 accuracy=0.8423 prediction=0.9059 status=ok
entity13/2/CDANN/PCA32 dis2_reference W=nan accuracy=0.8423 prediction=0.6514 status=ok
entity13/2/CDANN/PCA64 iw_overlap_critic W=1.0 accuracy=0.8423 prediction=0.5317 status=ok
entity13/2/CDANN/PCA64 iw_residual_dis2 W=1.0 accuracy=0.8423 prediction=0.9567 status=ok
/storage/homefs/tf24s166/IW_dis2/disagree_discrep_IW/src/lib/utils.py:43: FutureWarning: You are using `torch.load` with `weights_only=False` (the current default value), which uses the default pickle module implicitly. It is possible to construct malicious pickle data which will execute arbitrary code during unpickling (See https://github.com/pytorch/pytorch/blob/main/SECURITY.md#untrusted-models for more details). In a future release, the default value for `weights_only` will be flipped to `True`. This limits the functions that could be executed during unpickling. Arbitrary objects will no longer be allowed to be loaded via this mode unless they are explicitly allowlisted by the user via `torch.serialization.add_safe_globals`. We recommend you start setting `weights_only=True` for any use case where you don't have full control of the loaded file. Please open an issue on GitHub for any issues related to this experimental feature.
  lin.load_state_dict(torch.load(os.path.join(shift_dir, 'linear.pth'), map_location=device))
/storage/homefs/tf24s166/IW_dis2/disagree_discrep_IW/src/lib/utils.py:43: FutureWarning: You are using `torch.load` with `weights_only=False` (the current default value), which uses the default pickle module implicitly. It is possible to construct malicious pickle data which will execute arbitrary code during unpickling (See https://github.com/pytorch/pytorch/blob/main/SECURITY.md#untrusted-models for more details). In a future release, the default value for `weights_only` will be flipped to `True`. This limits the functions that could be executed during unpickling. Arbitrary objects will no longer be allowed to be loaded via this mode unless they are explicitly allowlisted by the user via `torch.serialization.add_safe_globals`. We recommend you start setting `weights_only=True` for any use case where you don't have full control of the loaded file. Please open an issue on GitHub for any issues related to this experimental feature.
  lin.load_state_dict(torch.load(os.path.join(shift_dir, 'linear.pth'), map_location=device))
entity13/2/CDANN/PCA64 iw_overlap_critic W=2.0 accuracy=0.8423 prediction=0.9058 status=ok
entity13/2/CDANN/PCA64 iw_residual_dis2 W=2.0 accuracy=0.8423 prediction=0.9058 status=ok
entity13/2/CDANN/PCA64 iw_overlap_critic W=5.0 accuracy=0.8423 prediction=0.9058 status=ok
entity13/2/CDANN/PCA64 iw_residual_dis2 W=5.0 accuracy=0.8423 prediction=0.9058 status=ok
entity13/2/CDANN/PCA64 dis2_reference W=nan accuracy=0.8423 prediction=0.6711 status=ok
entity13/2/CDANN/PCA128 iw_overlap_critic W=1.0 accuracy=0.8423 prediction=0.6247 status=ok
entity13/2/CDANN/PCA128 iw_residual_dis2 W=1.0 accuracy=0.8423 prediction=0.9087 status=ok
entity13/2/CDANN/PCA128 iw_overlap_critic W=2.0 accuracy=0.8423 prediction=0.9059 status=ok
entity13/2/CDANN/PCA128 iw_residual_dis2 W=2.0 accuracy=0.8423 prediction=0.9059 status=ok
entity13/2/CDANN/PCA128 iw_overlap_critic W=5.0 accuracy=0.8423 prediction=0.9059 status=ok
entity13/2/CDANN/PCA128 iw_residual_dis2 W=5.0 accuracy=0.8423 prediction=0.9059 status=ok
entity13/2/CDANN/PCA128 dis2_reference W=nan accuracy=0.8423 prediction=0.7117 status=ok
entity13/3/CDANN/logits iw_overlap_critic W=1.0 accuracy=0.6654 prediction=0.4634 status=ok
entity13/3/CDANN/logits iw_residual_dis2 W=1.0 accuracy=0.6654 prediction=0.8712 status=ok
entity13/3/CDANN/logits iw_overlap_critic W=2.0 accuracy=0.6654 prediction=0.9011 status=ok
entity13/3/CDANN/logits iw_residual_dis2 W=2.0 accuracy=0.6654 prediction=0.9011 status=ok
entity13/3/CDANN/logits iw_overlap_critic W=5.0 accuracy=0.6654 prediction=0.9011 status=ok
entity13/3/CDANN/logits iw_residual_dis2 W=5.0 accuracy=0.6654 prediction=0.9011 status=ok
entity13/3/CDANN/logits dis2_reference W=nan accuracy=0.6654 prediction=0.6736 status=ok
entity13/3/CDANN/features iw_overlap_critic W=1.0 accuracy=0.6654 prediction=0.4877 status=ok
entity13/3/CDANN/features iw_residual_dis2 W=1.0 accuracy=0.6654 prediction=0.8865 status=ok
entity13/3/CDANN/features iw_overlap_critic W=2.0 accuracy=0.6654 prediction=0.9028 status=ok
entity13/3/CDANN/features iw_residual_dis2 W=2.0 accuracy=0.6654 prediction=0.9028 status=ok
entity13/3/CDANN/features iw_overlap_critic W=5.0 accuracy=0.6654 prediction=0.9028 status=ok
entity13/3/CDANN/features iw_residual_dis2 W=5.0 accuracy=0.6654 prediction=0.9028 status=ok
entity13/3/CDANN/features dis2_reference W=nan accuracy=0.6654 prediction=0.6268 status=ok
entity13/3/CDANN/PCA1 iw_overlap_critic W=1.0 accuracy=0.6654 prediction=0.7601 status=ok
entity13/3/CDANN/PCA1 iw_residual_dis2 W=1.0 accuracy=0.6654 prediction=0.8915 status=ok
entity13/3/CDANN/PCA1 iw_overlap_critic W=2.0 accuracy=0.6654 prediction=nan status=unsupported_critic_region
entity13/3/CDANN/PCA1 iw_residual_dis2 W=2.0 accuracy=0.6654 prediction=nan status=unsupported_critic_region
entity13/3/CDANN/PCA1 iw_overlap_critic W=5.0 accuracy=0.6654 prediction=0.9123 status=ok
entity13/3/CDANN/PCA1 iw_residual_dis2 W=5.0 accuracy=0.6654 prediction=0.9123 status=ok
entity13/3/CDANN/PCA1 dis2_reference W=nan accuracy=0.6654 prediction=0.6084 status=ok
entity13/3/CDANN/PCA4 iw_overlap_critic W=1.0 accuracy=0.6654 prediction=0.5807 status=ok
entity13/3/CDANN/PCA4 iw_residual_dis2 W=1.0 accuracy=0.6654 prediction=0.8081 status=ok
entity13/3/CDANN/PCA4 iw_overlap_critic W=2.0 accuracy=0.6654 prediction=0.9047 status=ok
entity13/3/CDANN/PCA4 iw_residual_dis2 W=2.0 accuracy=0.6654 prediction=0.9047 status=ok
entity13/3/CDANN/PCA4 iw_overlap_critic W=5.0 accuracy=0.6654 prediction=0.9047 status=ok
entity13/3/CDANN/PCA4 iw_residual_dis2 W=5.0 accuracy=0.6654 prediction=0.9047 status=ok
entity13/3/CDANN/PCA4 dis2_reference W=nan accuracy=0.6654 prediction=0.6379 status=ok
entity13/3/CDANN/PCA16 iw_overlap_critic W=1.0 accuracy=0.6654 prediction=0.5100 status=ok
entity13/3/CDANN/PCA16 iw_residual_dis2 W=1.0 accuracy=0.6654 prediction=0.8164 status=ok
entity13/3/CDANN/PCA16 iw_overlap_critic W=2.0 accuracy=0.6654 prediction=0.8928 status=ok
entity13/3/CDANN/PCA16 iw_residual_dis2 W=2.0 accuracy=0.6654 prediction=0.8928 status=ok
entity13/3/CDANN/PCA16 iw_overlap_critic W=5.0 accuracy=0.6654 prediction=0.8928 status=ok
entity13/3/CDANN/PCA16 iw_residual_dis2 W=5.0 accuracy=0.6654 prediction=0.8928 status=ok
entity13/3/CDANN/PCA16 dis2_reference W=nan accuracy=0.6654 prediction=0.6022 status=ok
entity13/3/CDANN/PCA32 iw_overlap_critic W=1.0 accuracy=0.6654 prediction=0.4720 status=ok
entity13/3/CDANN/PCA32 iw_residual_dis2 W=1.0 accuracy=0.6654 prediction=0.9196 status=ok
entity13/3/CDANN/PCA32 iw_overlap_critic W=2.0 accuracy=0.6654 prediction=0.9011 status=ok
entity13/3/CDANN/PCA32 iw_residual_dis2 W=2.0 accuracy=0.6654 prediction=0.9011 status=ok
entity13/3/CDANN/PCA32 iw_overlap_critic W=5.0 accuracy=0.6654 prediction=0.9011 status=ok
entity13/3/CDANN/PCA32 iw_residual_dis2 W=5.0 accuracy=0.6654 prediction=0.9011 status=ok
entity13/3/CDANN/PCA32 dis2_reference W=nan accuracy=0.6654 prediction=0.7001 status=ok
entity13/3/CDANN/PCA64 iw_overlap_critic W=1.0 accuracy=0.6654 prediction=0.4247 status=ok
entity13/3/CDANN/PCA64 iw_residual_dis2 W=1.0 accuracy=0.6654 prediction=0.8437 status=ok
entity13/3/CDANN/PCA64 iw_overlap_critic W=2.0 accuracy=0.6654 prediction=0.9015 status=ok
entity13/3/CDANN/PCA64 iw_residual_dis2 W=2.0 accuracy=0.6654 prediction=0.9015 status=ok
entity13/3/CDANN/PCA64 iw_overlap_critic W=5.0 accuracy=0.6654 prediction=0.9015 status=ok
entity13/3/CDANN/PCA64 iw_residual_dis2 W=5.0 accuracy=0.6654 prediction=0.9015 status=ok
entity13/3/CDANN/PCA64 dis2_reference W=nan accuracy=0.6654 prediction=0.6927 status=ok
entity13/3/CDANN/PCA128 iw_overlap_critic W=1.0 accuracy=0.6654 prediction=0.6671 status=ok
entity13/3/CDANN/PCA128 iw_residual_dis2 W=1.0 accuracy=0.6654 prediction=0.8949 status=ok
entity13/3/CDANN/PCA128 iw_overlap_critic W=2.0 accuracy=0.6654 prediction=0.9016 status=ok
entity13/3/CDANN/PCA128 iw_residual_dis2 W=2.0 accuracy=0.6654 prediction=0.9016 status=ok
entity13/3/CDANN/PCA128 iw_overlap_critic W=5.0 accuracy=0.6654 prediction=0.9016 status=ok
entity13/3/CDANN/PCA128 iw_residual_dis2 W=5.0 accuracy=0.6654 prediction=0.9016 status=ok
entity13/3/CDANN/PCA128 dis2_reference W=nan accuracy=0.6654 prediction=0.7382 status=ok
entity13/1/FixMatch/logits iw_overlap_critic W=1.0 accuracy=0.7839 prediction=0.5134 status=ok
entity13/1/FixMatch/logits iw_residual_dis2 W=1.0 accuracy=0.7839 prediction=0.8645 status=ok
entity13/1/FixMatch/logits iw_overlap_critic W=2.0 accuracy=0.7839 prediction=0.9081 status=ok
entity13/1/FixMatch/logits iw_residual_dis2 W=2.0 accuracy=0.7839 prediction=0.9081 status=ok
entity13/1/FixMatch/logits iw_overlap_critic W=5.0 accuracy=0.7839 prediction=0.9081 status=ok
entity13/1/FixMatch/logits iw_residual_dis2 W=5.0 accuracy=0.7839 prediction=0.9081 status=ok
entity13/1/FixMatch/logits dis2_reference W=nan accuracy=0.7839 prediction=0.7691 status=ok
entity13/1/FixMatch/features iw_overlap_critic W=1.0 accuracy=0.7839 prediction=0.4989 status=ok
entity13/1/FixMatch/features iw_residual_dis2 W=1.0 accuracy=0.7839 prediction=0.7554 status=ok
entity13/1/FixMatch/features iw_overlap_critic W=2.0 accuracy=0.7839 prediction=0.7188 status=ok
entity13/1/FixMatch/features iw_residual_dis2 W=2.0 accuracy=0.7839 prediction=0.8388 status=ok
entity13/1/FixMatch/features iw_overlap_critic W=5.0 accuracy=0.7839 prediction=0.8505 status=ok
entity13/1/FixMatch/features iw_residual_dis2 W=5.0 accuracy=0.7839 prediction=0.8643 status=ok
entity13/1/FixMatch/features dis2_reference W=nan accuracy=0.7839 prediction=0.5832 status=ok
entity13/1/FixMatch/PCA1 iw_overlap_critic W=1.0 accuracy=0.7839 prediction=0.4547 status=ok
entity13/1/FixMatch/PCA1 iw_residual_dis2 W=1.0 accuracy=0.7839 prediction=0.7678 status=ok
entity13/1/FixMatch/PCA1 iw_overlap_critic W=2.0 accuracy=0.7839 prediction=0.7229 status=ok
entity13/1/FixMatch/PCA1 iw_residual_dis2 W=2.0 accuracy=0.7839 prediction=0.8507 status=ok
entity13/1/FixMatch/PCA1 iw_overlap_critic W=5.0 accuracy=0.7839 prediction=0.8582 status=ok
entity13/1/FixMatch/PCA1 iw_residual_dis2 W=5.0 accuracy=0.7839 prediction=0.8746 status=ok
entity13/1/FixMatch/PCA1 dis2_reference W=nan accuracy=0.7839 prediction=0.5442 status=ok
/storage/homefs/tf24s166/IW_dis2/disagree_discrep_IW/src/lib/utils.py:43: FutureWarning: You are using `torch.load` with `weights_only=False` (the current default value), which uses the default pickle module implicitly. It is possible to construct malicious pickle data which will execute arbitrary code during unpickling (See https://github.com/pytorch/pytorch/blob/main/SECURITY.md#untrusted-models for more details). In a future release, the default value for `weights_only` will be flipped to `True`. This limits the functions that could be executed during unpickling. Arbitrary objects will no longer be allowed to be loaded via this mode unless they are explicitly allowlisted by the user via `torch.serialization.add_safe_globals`. We recommend you start setting `weights_only=True` for any use case where you don't have full control of the loaded file. Please open an issue on GitHub for any issues related to this experimental feature.
  lin.load_state_dict(torch.load(os.path.join(shift_dir, 'linear.pth'), map_location=device))
entity13/1/FixMatch/PCA4 iw_overlap_critic W=1.0 accuracy=0.7839 prediction=0.4666 status=ok
entity13/1/FixMatch/PCA4 iw_residual_dis2 W=1.0 accuracy=0.7839 prediction=0.8077 status=ok
entity13/1/FixMatch/PCA4 iw_overlap_critic W=2.0 accuracy=0.7839 prediction=0.7373 status=ok
entity13/1/FixMatch/PCA4 iw_residual_dis2 W=2.0 accuracy=0.7839 prediction=0.8568 status=ok
entity13/1/FixMatch/PCA4 iw_overlap_critic W=5.0 accuracy=0.7839 prediction=0.8761 status=ok
entity13/1/FixMatch/PCA4 iw_residual_dis2 W=5.0 accuracy=0.7839 prediction=0.8886 status=ok
entity13/1/FixMatch/PCA4 dis2_reference W=nan accuracy=0.7839 prediction=0.5973 status=ok
entity13/1/FixMatch/PCA16 iw_overlap_critic W=1.0 accuracy=0.7839 prediction=0.5112 status=ok
entity13/1/FixMatch/PCA16 iw_residual_dis2 W=1.0 accuracy=0.7839 prediction=0.8358 status=ok
entity13/1/FixMatch/PCA16 iw_overlap_critic W=2.0 accuracy=0.7839 prediction=0.8496 status=ok
entity13/1/FixMatch/PCA16 iw_residual_dis2 W=2.0 accuracy=0.7839 prediction=0.8993 status=ok
entity13/1/FixMatch/PCA16 iw_overlap_critic W=5.0 accuracy=0.7839 prediction=0.8956 status=ok
entity13/1/FixMatch/PCA16 iw_residual_dis2 W=5.0 accuracy=0.7839 prediction=0.8956 status=ok
entity13/1/FixMatch/PCA16 dis2_reference W=nan accuracy=0.7839 prediction=0.6913 status=ok
entity13/1/FixMatch/PCA32 iw_overlap_critic W=1.0 accuracy=0.7839 prediction=0.5445 status=ok
entity13/1/FixMatch/PCA32 iw_residual_dis2 W=1.0 accuracy=0.7839 prediction=0.8421 status=ok
entity13/1/FixMatch/PCA32 iw_overlap_critic W=2.0 accuracy=0.7839 prediction=0.8971 status=ok
entity13/1/FixMatch/PCA32 iw_residual_dis2 W=2.0 accuracy=0.7839 prediction=0.9009 status=ok
entity13/1/FixMatch/PCA32 iw_overlap_critic W=5.0 accuracy=0.7839 prediction=0.9003 status=ok
entity13/1/FixMatch/PCA32 iw_residual_dis2 W=5.0 accuracy=0.7839 prediction=0.9003 status=ok
entity13/1/FixMatch/PCA32 dis2_reference W=nan accuracy=0.7839 prediction=0.7514 status=ok
entity13/1/FixMatch/PCA64 iw_overlap_critic W=1.0 accuracy=0.7839 prediction=0.5041 status=ok
entity13/1/FixMatch/PCA64 iw_residual_dis2 W=1.0 accuracy=0.7839 prediction=0.8816 status=ok
entity13/1/FixMatch/PCA64 iw_overlap_critic W=2.0 accuracy=0.7839 prediction=0.9013 status=ok
entity13/1/FixMatch/PCA64 iw_residual_dis2 W=2.0 accuracy=0.7839 prediction=nan status=unsupported_residual_source_region
entity13/1/FixMatch/PCA64 iw_overlap_critic W=5.0 accuracy=0.7839 prediction=0.9014 status=ok
entity13/1/FixMatch/PCA64 iw_residual_dis2 W=5.0 accuracy=0.7839 prediction=0.9014 status=ok
entity13/1/FixMatch/PCA64 dis2_reference W=nan accuracy=0.7839 prediction=0.7790 status=ok
entity13/1/FixMatch/PCA128 iw_overlap_critic W=1.0 accuracy=0.7839 prediction=0.4523 status=ok
entity13/1/FixMatch/PCA128 iw_residual_dis2 W=1.0 accuracy=0.7839 prediction=0.8783 status=ok
entity13/1/FixMatch/PCA128 iw_overlap_critic W=2.0 accuracy=0.7839 prediction=0.8978 status=ok
entity13/1/FixMatch/PCA128 iw_residual_dis2 W=2.0 accuracy=0.7839 prediction=nan status=unsupported_critic_region
entity13/1/FixMatch/PCA128 iw_overlap_critic W=5.0 accuracy=0.7839 prediction=0.8984 status=ok
entity13/1/FixMatch/PCA128 iw_residual_dis2 W=5.0 accuracy=0.7839 prediction=0.8984 status=ok
entity13/1/FixMatch/PCA128 dis2_reference W=nan accuracy=0.7839 prediction=0.8179 status=ok
entity13/2/FixMatch/logits iw_overlap_critic W=1.0 accuracy=0.8500 prediction=0.6180 status=ok
entity13/2/FixMatch/logits iw_residual_dis2 W=1.0 accuracy=0.8500 prediction=0.8757 status=ok
entity13/2/FixMatch/logits iw_overlap_critic W=2.0 accuracy=0.8500 prediction=0.9010 status=ok
entity13/2/FixMatch/logits iw_residual_dis2 W=2.0 accuracy=0.8500 prediction=0.9010 status=ok
entity13/2/FixMatch/logits iw_overlap_critic W=5.0 accuracy=0.8500 prediction=0.9010 status=ok
entity13/2/FixMatch/logits iw_residual_dis2 W=5.0 accuracy=0.8500 prediction=0.9010 status=ok
entity13/2/FixMatch/logits dis2_reference W=nan accuracy=0.8500 prediction=0.7228 status=ok
entity13/2/FixMatch/features iw_overlap_critic W=1.0 accuracy=0.8500 prediction=0.8369 status=ok
entity13/2/FixMatch/features iw_residual_dis2 W=1.0 accuracy=0.8500 prediction=0.9145 status=ok
entity13/2/FixMatch/features iw_overlap_critic W=2.0 accuracy=0.8500 prediction=0.9032 status=ok
entity13/2/FixMatch/features iw_residual_dis2 W=2.0 accuracy=0.8500 prediction=0.9032 status=ok
entity13/2/FixMatch/features iw_overlap_critic W=5.0 accuracy=0.8500 prediction=0.9032 status=ok
entity13/2/FixMatch/features iw_residual_dis2 W=5.0 accuracy=0.8500 prediction=0.9032 status=ok
entity13/2/FixMatch/features dis2_reference W=nan accuracy=0.8500 prediction=0.7751 status=ok
entity13/2/FixMatch/PCA1 iw_overlap_critic W=1.0 accuracy=0.8500 prediction=0.8072 status=ok
entity13/2/FixMatch/PCA1 iw_residual_dis2 W=1.0 accuracy=0.8500 prediction=0.9458 status=ok
entity13/2/FixMatch/PCA1 iw_overlap_critic W=2.0 accuracy=0.8500 prediction=0.9024 status=ok
entity13/2/FixMatch/PCA1 iw_residual_dis2 W=2.0 accuracy=0.8500 prediction=0.9024 status=ok
entity13/2/FixMatch/PCA1 iw_overlap_critic W=5.0 accuracy=0.8500 prediction=0.9024 status=ok
entity13/2/FixMatch/PCA1 iw_residual_dis2 W=5.0 accuracy=0.8500 prediction=0.9024 status=ok
entity13/2/FixMatch/PCA1 dis2_reference W=nan accuracy=0.8500 prediction=0.7554 status=ok
entity13/2/FixMatch/PCA4 iw_overlap_critic W=1.0 accuracy=0.8500 prediction=0.8389 status=ok
entity13/2/FixMatch/PCA4 iw_residual_dis2 W=1.0 accuracy=0.8500 prediction=0.8933 status=ok
entity13/2/FixMatch/PCA4 iw_overlap_critic W=2.0 accuracy=0.8500 prediction=0.9021 status=ok
entity13/2/FixMatch/PCA4 iw_residual_dis2 W=2.0 accuracy=0.8500 prediction=0.9021 status=ok
entity13/2/FixMatch/PCA4 iw_overlap_critic W=5.0 accuracy=0.8500 prediction=0.9021 status=ok
entity13/2/FixMatch/PCA4 iw_residual_dis2 W=5.0 accuracy=0.8500 prediction=0.9021 status=ok
entity13/2/FixMatch/PCA4 dis2_reference W=nan accuracy=0.8500 prediction=0.8170 status=ok
entity13/2/FixMatch/PCA16 iw_overlap_critic W=1.0 accuracy=0.8500 prediction=0.6038 status=ok
entity13/2/FixMatch/PCA16 iw_residual_dis2 W=1.0 accuracy=0.8500 prediction=0.8714 status=ok
entity13/2/FixMatch/PCA16 iw_overlap_critic W=2.0 accuracy=0.8500 prediction=0.9013 status=ok
entity13/2/FixMatch/PCA16 iw_residual_dis2 W=2.0 accuracy=0.8500 prediction=0.9013 status=ok
entity13/2/FixMatch/PCA16 iw_overlap_critic W=5.0 accuracy=0.8500 prediction=0.9013 status=ok
entity13/2/FixMatch/PCA16 iw_residual_dis2 W=5.0 accuracy=0.8500 prediction=0.9013 status=ok
entity13/2/FixMatch/PCA16 dis2_reference W=nan accuracy=0.8500 prediction=0.7025 status=ok
entity13/2/FixMatch/PCA32 iw_overlap_critic W=1.0 accuracy=0.8500 prediction=0.6157 status=ok
entity13/2/FixMatch/PCA32 iw_residual_dis2 W=1.0 accuracy=0.8500 prediction=0.9077 status=ok
entity13/2/FixMatch/PCA32 iw_overlap_critic W=2.0 accuracy=0.8500 prediction=0.9010 status=ok
entity13/2/FixMatch/PCA32 iw_residual_dis2 W=2.0 accuracy=0.8500 prediction=0.9010 status=ok
entity13/2/FixMatch/PCA32 iw_overlap_critic W=5.0 accuracy=0.8500 prediction=0.9010 status=ok
entity13/2/FixMatch/PCA32 iw_residual_dis2 W=5.0 accuracy=0.8500 prediction=0.9010 status=ok
entity13/2/FixMatch/PCA32 dis2_reference W=nan accuracy=0.8500 prediction=0.7444 status=ok
entity13/2/FixMatch/PCA64 iw_overlap_critic W=1.0 accuracy=0.8500 prediction=0.4635 status=ok
entity13/2/FixMatch/PCA64 iw_residual_dis2 W=1.0 accuracy=0.8500 prediction=0.8573 status=ok
entity13/2/FixMatch/PCA64 iw_overlap_critic W=2.0 accuracy=0.8500 prediction=0.9009 status=ok
entity13/2/FixMatch/PCA64 iw_residual_dis2 W=2.0 accuracy=0.8500 prediction=0.9009 status=ok
entity13/2/FixMatch/PCA64 iw_overlap_critic W=5.0 accuracy=0.8500 prediction=0.9009 status=ok
entity13/2/FixMatch/PCA64 iw_residual_dis2 W=5.0 accuracy=0.8500 prediction=0.9009 status=ok
entity13/2/FixMatch/PCA64 dis2_reference W=nan accuracy=0.8500 prediction=0.7136 status=ok
entity13/2/FixMatch/PCA128 iw_overlap_critic W=1.0 accuracy=0.8500 prediction=0.5256 status=ok
entity13/2/FixMatch/PCA128 iw_residual_dis2 W=1.0 accuracy=0.8500 prediction=0.8365 status=ok
entity13/2/FixMatch/PCA128 iw_overlap_critic W=2.0 accuracy=0.8500 prediction=0.9010 status=ok
/storage/homefs/tf24s166/IW_dis2/disagree_discrep_IW/src/lib/utils.py:43: FutureWarning: You are using `torch.load` with `weights_only=False` (the current default value), which uses the default pickle module implicitly. It is possible to construct malicious pickle data which will execute arbitrary code during unpickling (See https://github.com/pytorch/pytorch/blob/main/SECURITY.md#untrusted-models for more details). In a future release, the default value for `weights_only` will be flipped to `True`. This limits the functions that could be executed during unpickling. Arbitrary objects will no longer be allowed to be loaded via this mode unless they are explicitly allowlisted by the user via `torch.serialization.add_safe_globals`. We recommend you start setting `weights_only=True` for any use case where you don't have full control of the loaded file. Please open an issue on GitHub for any issues related to this experimental feature.
  lin.load_state_dict(torch.load(os.path.join(shift_dir, 'linear.pth'), map_location=device))
/storage/homefs/tf24s166/IW_dis2/disagree_discrep_IW/src/lib/utils.py:43: FutureWarning: You are using `torch.load` with `weights_only=False` (the current default value), which uses the default pickle module implicitly. It is possible to construct malicious pickle data which will execute arbitrary code during unpickling (See https://github.com/pytorch/pytorch/blob/main/SECURITY.md#untrusted-models for more details). In a future release, the default value for `weights_only` will be flipped to `True`. This limits the functions that could be executed during unpickling. Arbitrary objects will no longer be allowed to be loaded via this mode unless they are explicitly allowlisted by the user via `torch.serialization.add_safe_globals`. We recommend you start setting `weights_only=True` for any use case where you don't have full control of the loaded file. Please open an issue on GitHub for any issues related to this experimental feature.
  lin.load_state_dict(torch.load(os.path.join(shift_dir, 'linear.pth'), map_location=device))
entity13/2/FixMatch/PCA128 iw_residual_dis2 W=2.0 accuracy=0.8500 prediction=0.9010 status=ok
entity13/2/FixMatch/PCA128 iw_overlap_critic W=5.0 accuracy=0.8500 prediction=0.9010 status=ok
entity13/2/FixMatch/PCA128 iw_residual_dis2 W=5.0 accuracy=0.8500 prediction=0.9010 status=ok
entity13/2/FixMatch/PCA128 dis2_reference W=nan accuracy=0.8500 prediction=0.6927 status=ok
entity13/3/FixMatch/logits iw_overlap_critic W=1.0 accuracy=0.6500 prediction=0.5759 status=ok
entity13/3/FixMatch/logits iw_residual_dis2 W=1.0 accuracy=0.6500 prediction=0.8842 status=ok
entity13/3/FixMatch/logits iw_overlap_critic W=2.0 accuracy=0.6500 prediction=0.8979 status=ok
entity13/3/FixMatch/logits iw_residual_dis2 W=2.0 accuracy=0.6500 prediction=0.8979 status=ok
entity13/3/FixMatch/logits iw_overlap_critic W=5.0 accuracy=0.6500 prediction=0.8979 status=ok
entity13/3/FixMatch/logits iw_residual_dis2 W=5.0 accuracy=0.6500 prediction=0.8979 status=ok
entity13/3/FixMatch/logits dis2_reference W=nan accuracy=0.6500 prediction=0.7056 status=ok
entity13/3/FixMatch/features iw_overlap_critic W=1.0 accuracy=0.6500 prediction=0.6861 status=ok
entity13/3/FixMatch/features iw_residual_dis2 W=1.0 accuracy=0.6500 prediction=0.8526 status=ok
entity13/3/FixMatch/features iw_overlap_critic W=2.0 accuracy=0.6500 prediction=nan status=unsupported_critic_region
entity13/3/FixMatch/features iw_residual_dis2 W=2.0 accuracy=0.6500 prediction=nan status=unsupported_critic_region
entity13/3/FixMatch/features iw_overlap_critic W=5.0 accuracy=0.6500 prediction=nan status=unsupported_critic_region
entity13/3/FixMatch/features iw_residual_dis2 W=5.0 accuracy=0.6500 prediction=nan status=unsupported_residual_source_region
entity13/3/FixMatch/features dis2_reference W=nan accuracy=0.6500 prediction=0.5542 status=ok
entity13/3/FixMatch/PCA1 iw_overlap_critic W=1.0 accuracy=0.6500 prediction=0.7463 status=ok
entity13/3/FixMatch/PCA1 iw_residual_dis2 W=1.0 accuracy=0.6500 prediction=0.9680 status=ok
entity13/3/FixMatch/PCA1 iw_overlap_critic W=2.0 accuracy=0.6500 prediction=nan status=unsupported_critic_region
entity13/3/FixMatch/PCA1 iw_residual_dis2 W=2.0 accuracy=0.6500 prediction=nan status=unsupported_critic_region
entity13/3/FixMatch/PCA1 iw_overlap_critic W=5.0 accuracy=0.6500 prediction=nan status=unsupported_critic_region
entity13/3/FixMatch/PCA1 iw_residual_dis2 W=5.0 accuracy=0.6500 prediction=nan status=unsupported_residual_source_region
entity13/3/FixMatch/PCA1 dis2_reference W=nan accuracy=0.6500 prediction=0.4637 status=ok
entity13/3/FixMatch/PCA4 iw_overlap_critic W=1.0 accuracy=0.6500 prediction=0.7160 status=ok
entity13/3/FixMatch/PCA4 iw_residual_dis2 W=1.0 accuracy=0.6500 prediction=0.8179 status=ok
entity13/3/FixMatch/PCA4 iw_overlap_critic W=2.0 accuracy=0.6500 prediction=0.8832 status=ok
entity13/3/FixMatch/PCA4 iw_residual_dis2 W=2.0 accuracy=0.6500 prediction=0.9074 status=ok
entity13/3/FixMatch/PCA4 iw_overlap_critic W=5.0 accuracy=0.6500 prediction=0.9045 status=ok
entity13/3/FixMatch/PCA4 iw_residual_dis2 W=5.0 accuracy=0.6500 prediction=0.9045 status=ok
entity13/3/FixMatch/PCA4 dis2_reference W=nan accuracy=0.6500 prediction=0.5271 status=ok
entity13/3/FixMatch/PCA16 iw_overlap_critic W=1.0 accuracy=0.6500 prediction=0.5686 status=ok
entity13/3/FixMatch/PCA16 iw_residual_dis2 W=1.0 accuracy=0.6500 prediction=0.8334 status=ok
entity13/3/FixMatch/PCA16 iw_overlap_critic W=2.0 accuracy=0.6500 prediction=0.8307 status=ok
entity13/3/FixMatch/PCA16 iw_residual_dis2 W=2.0 accuracy=0.6500 prediction=0.8846 status=ok
entity13/3/FixMatch/PCA16 iw_overlap_critic W=5.0 accuracy=0.6500 prediction=0.8848 status=ok
entity13/3/FixMatch/PCA16 iw_residual_dis2 W=5.0 accuracy=0.6500 prediction=0.8848 status=ok
entity13/3/FixMatch/PCA16 dis2_reference W=nan accuracy=0.6500 prediction=0.5161 status=ok
entity13/3/FixMatch/PCA32 iw_overlap_critic W=1.0 accuracy=0.6500 prediction=0.4542 status=ok
entity13/3/FixMatch/PCA32 iw_residual_dis2 W=1.0 accuracy=0.6500 prediction=0.8486 status=ok
entity13/3/FixMatch/PCA32 iw_overlap_critic W=2.0 accuracy=0.6500 prediction=0.8744 status=ok
entity13/3/FixMatch/PCA32 iw_residual_dis2 W=2.0 accuracy=0.6500 prediction=0.8590 status=ok
entity13/3/FixMatch/PCA32 iw_overlap_critic W=5.0 accuracy=0.6500 prediction=0.8622 status=ok
entity13/3/FixMatch/PCA32 iw_residual_dis2 W=5.0 accuracy=0.6500 prediction=0.8622 status=ok
entity13/3/FixMatch/PCA32 dis2_reference W=nan accuracy=0.6500 prediction=0.6877 status=ok
entity13/3/FixMatch/PCA64 iw_overlap_critic W=1.0 accuracy=0.6500 prediction=0.3343 status=ok
entity13/3/FixMatch/PCA64 iw_residual_dis2 W=1.0 accuracy=0.6500 prediction=0.9055 status=ok
entity13/3/FixMatch/PCA64 iw_overlap_critic W=2.0 accuracy=0.6500 prediction=0.8784 status=ok
entity13/3/FixMatch/PCA64 iw_residual_dis2 W=2.0 accuracy=0.6500 prediction=0.8714 status=ok
entity13/3/FixMatch/PCA64 iw_overlap_critic W=5.0 accuracy=0.6500 prediction=0.8611 status=ok
entity13/3/FixMatch/PCA64 iw_residual_dis2 W=5.0 accuracy=0.6500 prediction=0.8611 status=ok
entity13/3/FixMatch/PCA64 dis2_reference W=nan accuracy=0.6500 prediction=0.7751 status=ok
entity13/3/FixMatch/PCA128 iw_overlap_critic W=1.0 accuracy=0.6500 prediction=0.4105 status=ok
entity13/3/FixMatch/PCA128 iw_residual_dis2 W=1.0 accuracy=0.6500 prediction=0.9372 status=ok
entity13/3/FixMatch/PCA128 iw_overlap_critic W=2.0 accuracy=0.6500 prediction=0.8065 status=ok
entity13/3/FixMatch/PCA128 iw_residual_dis2 W=2.0 accuracy=0.6500 prediction=0.8666 status=ok
entity13/3/FixMatch/PCA128 iw_overlap_critic W=5.0 accuracy=0.6500 prediction=0.8522 status=ok
entity13/3/FixMatch/PCA128 iw_residual_dis2 W=5.0 accuracy=0.6500 prediction=0.8522 status=ok
entity13/3/FixMatch/PCA128 dis2_reference W=nan accuracy=0.6500 prediction=0.6256 status=ok
Missing features: entity30/ERM-aug-imagenet/1; skipping.
Missing features: entity30/ERM-aug-imagenet/2; skipping.
Missing features: entity30/ERM-aug-imagenet/3; skipping.
entity30/1/ERM-aug-rand/logits iw_overlap_critic W=1.0 accuracy=0.5594 prediction=0.4452 status=ok
entity30/1/ERM-aug-rand/logits iw_residual_dis2 W=1.0 accuracy=0.5594 prediction=0.7402 status=ok
entity30/1/ERM-aug-rand/logits iw_overlap_critic W=2.0 accuracy=0.5594 prediction=0.8476 status=ok
entity30/1/ERM-aug-rand/logits iw_residual_dis2 W=2.0 accuracy=0.5594 prediction=0.8485 status=ok
entity30/1/ERM-aug-rand/logits iw_overlap_critic W=5.0 accuracy=0.5594 prediction=0.8489 status=ok
entity30/1/ERM-aug-rand/logits iw_residual_dis2 W=5.0 accuracy=0.5594 prediction=0.8489 status=ok
entity30/1/ERM-aug-rand/logits dis2_reference W=nan accuracy=0.5594 prediction=0.5200 status=ok
entity30/1/ERM-aug-rand/features iw_overlap_critic W=1.0 accuracy=0.5594 prediction=0.4307 status=ok
entity30/1/ERM-aug-rand/features iw_residual_dis2 W=1.0 accuracy=0.5594 prediction=0.6579 status=ok
entity30/1/ERM-aug-rand/features iw_overlap_critic W=2.0 accuracy=0.5594 prediction=0.7409 status=ok
entity30/1/ERM-aug-rand/features iw_residual_dis2 W=2.0 accuracy=0.5594 prediction=0.7859 status=ok
entity30/1/ERM-aug-rand/features iw_overlap_critic W=5.0 accuracy=0.5594 prediction=0.8031 status=ok
entity30/1/ERM-aug-rand/features iw_residual_dis2 W=5.0 accuracy=0.5594 prediction=nan status=unsupported_residual_source_region
entity30/1/ERM-aug-rand/features dis2_reference W=nan accuracy=0.5594 prediction=0.4282 status=ok
entity30/1/ERM-aug-rand/PCA1 iw_overlap_critic W=1.0 accuracy=0.5594 prediction=0.4087 status=ok
entity30/1/ERM-aug-rand/PCA1 iw_residual_dis2 W=1.0 accuracy=0.5594 prediction=0.6612 status=ok
entity30/1/ERM-aug-rand/PCA1 iw_overlap_critic W=2.0 accuracy=0.5594 prediction=0.7479 status=ok
entity30/1/ERM-aug-rand/PCA1 iw_residual_dis2 W=2.0 accuracy=0.5594 prediction=0.8023 status=ok
entity30/1/ERM-aug-rand/PCA1 iw_overlap_critic W=5.0 accuracy=0.5594 prediction=0.8064 status=ok
entity30/1/ERM-aug-rand/PCA1 iw_residual_dis2 W=5.0 accuracy=0.5594 prediction=nan status=unsupported_residual_source_region
entity30/1/ERM-aug-rand/PCA1 dis2_reference W=nan accuracy=0.5594 prediction=0.4258 status=ok
entity30/1/ERM-aug-rand/PCA4 iw_overlap_critic W=1.0 accuracy=0.5594 prediction=0.4861 status=ok
/storage/homefs/tf24s166/IW_dis2/disagree_discrep_IW/src/lib/utils.py:43: FutureWarning: You are using `torch.load` with `weights_only=False` (the current default value), which uses the default pickle module implicitly. It is possible to construct malicious pickle data which will execute arbitrary code during unpickling (See https://github.com/pytorch/pytorch/blob/main/SECURITY.md#untrusted-models for more details). In a future release, the default value for `weights_only` will be flipped to `True`. This limits the functions that could be executed during unpickling. Arbitrary objects will no longer be allowed to be loaded via this mode unless they are explicitly allowlisted by the user via `torch.serialization.add_safe_globals`. We recommend you start setting `weights_only=True` for any use case where you don't have full control of the loaded file. Please open an issue on GitHub for any issues related to this experimental feature.
  lin.load_state_dict(torch.load(os.path.join(shift_dir, 'linear.pth'), map_location=device))
entity30/1/ERM-aug-rand/PCA4 iw_residual_dis2 W=1.0 accuracy=0.5594 prediction=0.6943 status=ok
entity30/1/ERM-aug-rand/PCA4 iw_overlap_critic W=2.0 accuracy=0.5594 prediction=0.7443 status=ok
entity30/1/ERM-aug-rand/PCA4 iw_residual_dis2 W=2.0 accuracy=0.5594 prediction=0.7952 status=ok
entity30/1/ERM-aug-rand/PCA4 iw_overlap_critic W=5.0 accuracy=0.5594 prediction=0.8069 status=ok
entity30/1/ERM-aug-rand/PCA4 iw_residual_dis2 W=5.0 accuracy=0.5594 prediction=nan status=unsupported_critic_region
entity30/1/ERM-aug-rand/PCA4 dis2_reference W=nan accuracy=0.5594 prediction=0.4570 status=ok
entity30/1/ERM-aug-rand/PCA16 iw_overlap_critic W=1.0 accuracy=0.5594 prediction=0.5370 status=ok
entity30/1/ERM-aug-rand/PCA16 iw_residual_dis2 W=1.0 accuracy=0.5594 prediction=0.6979 status=ok
entity30/1/ERM-aug-rand/PCA16 iw_overlap_critic W=2.0 accuracy=0.5594 prediction=0.8049 status=ok
entity30/1/ERM-aug-rand/PCA16 iw_residual_dis2 W=2.0 accuracy=0.5594 prediction=0.8277 status=ok
entity30/1/ERM-aug-rand/PCA16 iw_overlap_critic W=5.0 accuracy=0.5594 prediction=0.8228 status=ok
entity30/1/ERM-aug-rand/PCA16 iw_residual_dis2 W=5.0 accuracy=0.5594 prediction=0.8228 status=ok
entity30/1/ERM-aug-rand/PCA16 dis2_reference W=nan accuracy=0.5594 prediction=0.5173 status=ok
entity30/1/ERM-aug-rand/PCA32 iw_overlap_critic W=1.0 accuracy=0.5594 prediction=0.4410 status=ok
entity30/1/ERM-aug-rand/PCA32 iw_residual_dis2 W=1.0 accuracy=0.5594 prediction=0.7622 status=ok
entity30/1/ERM-aug-rand/PCA32 iw_overlap_critic W=2.0 accuracy=0.5594 prediction=0.8078 status=ok
entity30/1/ERM-aug-rand/PCA32 iw_residual_dis2 W=2.0 accuracy=0.5594 prediction=0.8273 status=ok
entity30/1/ERM-aug-rand/PCA32 iw_overlap_critic W=5.0 accuracy=0.5594 prediction=0.8248 status=ok
entity30/1/ERM-aug-rand/PCA32 iw_residual_dis2 W=5.0 accuracy=0.5594 prediction=0.8248 status=ok
entity30/1/ERM-aug-rand/PCA32 dis2_reference W=nan accuracy=0.5594 prediction=0.6312 status=ok
entity30/1/ERM-aug-rand/PCA64 iw_overlap_critic W=1.0 accuracy=0.5594 prediction=0.4153 status=ok
entity30/1/ERM-aug-rand/PCA64 iw_residual_dis2 W=1.0 accuracy=0.5594 prediction=0.8132 status=ok
entity30/1/ERM-aug-rand/PCA64 iw_overlap_critic W=2.0 accuracy=0.5594 prediction=0.8089 status=ok
entity30/1/ERM-aug-rand/PCA64 iw_residual_dis2 W=2.0 accuracy=0.5594 prediction=0.8284 status=ok
entity30/1/ERM-aug-rand/PCA64 iw_overlap_critic W=5.0 accuracy=0.5594 prediction=0.8255 status=ok
entity30/1/ERM-aug-rand/PCA64 iw_residual_dis2 W=5.0 accuracy=0.5594 prediction=0.8255 status=ok
entity30/1/ERM-aug-rand/PCA64 dis2_reference W=nan accuracy=0.5594 prediction=0.7174 status=ok
entity30/1/ERM-aug-rand/PCA128 iw_overlap_critic W=1.0 accuracy=0.5594 prediction=0.3869 status=ok
entity30/1/ERM-aug-rand/PCA128 iw_residual_dis2 W=1.0 accuracy=0.5594 prediction=0.8043 status=ok
entity30/1/ERM-aug-rand/PCA128 iw_overlap_critic W=2.0 accuracy=0.5594 prediction=0.8142 status=ok
entity30/1/ERM-aug-rand/PCA128 iw_residual_dis2 W=2.0 accuracy=0.5594 prediction=0.8302 status=ok
entity30/1/ERM-aug-rand/PCA128 iw_overlap_critic W=5.0 accuracy=0.5594 prediction=0.8284 status=ok
entity30/1/ERM-aug-rand/PCA128 iw_residual_dis2 W=5.0 accuracy=0.5594 prediction=0.8284 status=ok
entity30/1/ERM-aug-rand/PCA128 dis2_reference W=nan accuracy=0.5594 prediction=0.7335 status=ok
entity30/2/ERM-aug-rand/logits iw_overlap_critic W=1.0 accuracy=0.8158 prediction=0.4144 status=ok
entity30/2/ERM-aug-rand/logits iw_residual_dis2 W=1.0 accuracy=0.8158 prediction=0.8015 status=ok
entity30/2/ERM-aug-rand/logits iw_overlap_critic W=2.0 accuracy=0.8158 prediction=0.8103 status=ok
entity30/2/ERM-aug-rand/logits iw_residual_dis2 W=2.0 accuracy=0.8158 prediction=0.8655 status=ok
entity30/2/ERM-aug-rand/logits iw_overlap_critic W=5.0 accuracy=0.8158 prediction=nan status=unsupported_critic_region
entity30/2/ERM-aug-rand/logits iw_residual_dis2 W=5.0 accuracy=0.8158 prediction=nan status=unsupported_critic_region
entity30/2/ERM-aug-rand/logits dis2_reference W=nan accuracy=0.8158 prediction=0.6758 status=ok
entity30/2/ERM-aug-rand/features iw_overlap_critic W=1.0 accuracy=0.8158 prediction=0.5433 status=ok
entity30/2/ERM-aug-rand/features iw_residual_dis2 W=1.0 accuracy=0.8158 prediction=0.8721 status=ok
entity30/2/ERM-aug-rand/features iw_overlap_critic W=2.0 accuracy=0.8158 prediction=0.6045 status=ok
entity30/2/ERM-aug-rand/features iw_residual_dis2 W=2.0 accuracy=0.8158 prediction=0.8566 status=ok
entity30/2/ERM-aug-rand/features iw_overlap_critic W=5.0 accuracy=0.8158 prediction=0.7348 status=ok
entity30/2/ERM-aug-rand/features iw_residual_dis2 W=5.0 accuracy=0.8158 prediction=0.8903 status=ok
entity30/2/ERM-aug-rand/features dis2_reference W=nan accuracy=0.8158 prediction=0.6658 status=ok
entity30/2/ERM-aug-rand/PCA1 iw_overlap_critic W=1.0 accuracy=0.8158 prediction=0.5207 status=ok
entity30/2/ERM-aug-rand/PCA1 iw_residual_dis2 W=1.0 accuracy=0.8158 prediction=0.7929 status=ok
entity30/2/ERM-aug-rand/PCA1 iw_overlap_critic W=2.0 accuracy=0.8158 prediction=0.6203 status=ok
entity30/2/ERM-aug-rand/PCA1 iw_residual_dis2 W=2.0 accuracy=0.8158 prediction=0.8720 status=ok
entity30/2/ERM-aug-rand/PCA1 iw_overlap_critic W=5.0 accuracy=0.8158 prediction=0.7497 status=ok
entity30/2/ERM-aug-rand/PCA1 iw_residual_dis2 W=5.0 accuracy=0.8158 prediction=0.8840 status=ok
entity30/2/ERM-aug-rand/PCA1 dis2_reference W=nan accuracy=0.8158 prediction=0.5838 status=ok
entity30/2/ERM-aug-rand/PCA4 iw_overlap_critic W=1.0 accuracy=0.8158 prediction=0.5762 status=ok
entity30/2/ERM-aug-rand/PCA4 iw_residual_dis2 W=1.0 accuracy=0.8158 prediction=0.8158 status=ok
entity30/2/ERM-aug-rand/PCA4 iw_overlap_critic W=2.0 accuracy=0.8158 prediction=0.6052 status=ok
entity30/2/ERM-aug-rand/PCA4 iw_residual_dis2 W=2.0 accuracy=0.8158 prediction=0.7927 status=ok
entity30/2/ERM-aug-rand/PCA4 iw_overlap_critic W=5.0 accuracy=0.8158 prediction=0.8067 status=ok
entity30/2/ERM-aug-rand/PCA4 iw_residual_dis2 W=5.0 accuracy=0.8158 prediction=0.8277 status=ok
entity30/2/ERM-aug-rand/PCA4 dis2_reference W=nan accuracy=0.8158 prediction=0.6998 status=ok
entity30/2/ERM-aug-rand/PCA16 iw_overlap_critic W=1.0 accuracy=0.8158 prediction=0.5208 status=ok
entity30/2/ERM-aug-rand/PCA16 iw_residual_dis2 W=1.0 accuracy=0.8158 prediction=0.7413 status=ok
entity30/2/ERM-aug-rand/PCA16 iw_overlap_critic W=2.0 accuracy=0.8158 prediction=0.7355 status=ok
entity30/2/ERM-aug-rand/PCA16 iw_residual_dis2 W=2.0 accuracy=0.8158 prediction=0.7673 status=ok
entity30/2/ERM-aug-rand/PCA16 iw_overlap_critic W=5.0 accuracy=0.8158 prediction=0.8421 status=ok
entity30/2/ERM-aug-rand/PCA16 iw_residual_dis2 W=5.0 accuracy=0.8158 prediction=0.8640 status=ok
entity30/2/ERM-aug-rand/PCA16 dis2_reference W=nan accuracy=0.8158 prediction=0.7765 status=ok
entity30/2/ERM-aug-rand/PCA32 iw_overlap_critic W=1.0 accuracy=0.8158 prediction=0.5063 status=ok
entity30/2/ERM-aug-rand/PCA32 iw_residual_dis2 W=1.0 accuracy=0.8158 prediction=0.8141 status=ok
entity30/2/ERM-aug-rand/PCA32 iw_overlap_critic W=2.0 accuracy=0.8158 prediction=nan status=unsupported_critic_region
entity30/2/ERM-aug-rand/PCA32 iw_residual_dis2 W=2.0 accuracy=0.8158 prediction=nan status=unsupported_residual_source_region
entity30/2/ERM-aug-rand/PCA32 iw_overlap_critic W=5.0 accuracy=0.8158 prediction=0.8483 status=ok
entity30/2/ERM-aug-rand/PCA32 iw_residual_dis2 W=5.0 accuracy=0.8158 prediction=0.8483 status=ok
entity30/2/ERM-aug-rand/PCA32 dis2_reference W=nan accuracy=0.8158 prediction=0.7891 status=ok
entity30/2/ERM-aug-rand/PCA64 iw_overlap_critic W=1.0 accuracy=0.8158 prediction=0.4425 status=ok
entity30/2/ERM-aug-rand/PCA64 iw_residual_dis2 W=1.0 accuracy=0.8158 prediction=0.8001 status=ok
entity30/2/ERM-aug-rand/PCA64 iw_overlap_critic W=2.0 accuracy=0.8158 prediction=nan status=unsupported_critic_region
entity30/2/ERM-aug-rand/PCA64 iw_residual_dis2 W=2.0 accuracy=0.8158 prediction=nan status=unsupported_residual_source_region
entity30/2/ERM-aug-rand/PCA64 iw_overlap_critic W=5.0 accuracy=0.8158 prediction=0.8429 status=ok
entity30/2/ERM-aug-rand/PCA64 iw_residual_dis2 W=5.0 accuracy=0.8158 prediction=0.8429 status=ok
/storage/homefs/tf24s166/IW_dis2/disagree_discrep_IW/src/lib/utils.py:43: FutureWarning: You are using `torch.load` with `weights_only=False` (the current default value), which uses the default pickle module implicitly. It is possible to construct malicious pickle data which will execute arbitrary code during unpickling (See https://github.com/pytorch/pytorch/blob/main/SECURITY.md#untrusted-models for more details). In a future release, the default value for `weights_only` will be flipped to `True`. This limits the functions that could be executed during unpickling. Arbitrary objects will no longer be allowed to be loaded via this mode unless they are explicitly allowlisted by the user via `torch.serialization.add_safe_globals`. We recommend you start setting `weights_only=True` for any use case where you don't have full control of the loaded file. Please open an issue on GitHub for any issues related to this experimental feature.
  lin.load_state_dict(torch.load(os.path.join(shift_dir, 'linear.pth'), map_location=device))
/storage/homefs/tf24s166/IW_dis2/disagree_discrep_IW/src/lib/utils.py:43: FutureWarning: You are using `torch.load` with `weights_only=False` (the current default value), which uses the default pickle module implicitly. It is possible to construct malicious pickle data which will execute arbitrary code during unpickling (See https://github.com/pytorch/pytorch/blob/main/SECURITY.md#untrusted-models for more details). In a future release, the default value for `weights_only` will be flipped to `True`. This limits the functions that could be executed during unpickling. Arbitrary objects will no longer be allowed to be loaded via this mode unless they are explicitly allowlisted by the user via `torch.serialization.add_safe_globals`. We recommend you start setting `weights_only=True` for any use case where you don't have full control of the loaded file. Please open an issue on GitHub for any issues related to this experimental feature.
  lin.load_state_dict(torch.load(os.path.join(shift_dir, 'linear.pth'), map_location=device))
entity30/2/ERM-aug-rand/PCA64 dis2_reference W=nan accuracy=0.8158 prediction=0.7271 status=ok
entity30/2/ERM-aug-rand/PCA128 iw_overlap_critic W=1.0 accuracy=0.8158 prediction=0.3597 status=ok
entity30/2/ERM-aug-rand/PCA128 iw_residual_dis2 W=1.0 accuracy=0.8158 prediction=0.8050 status=ok
entity30/2/ERM-aug-rand/PCA128 iw_overlap_critic W=2.0 accuracy=0.8158 prediction=0.8380 status=ok
entity30/2/ERM-aug-rand/PCA128 iw_residual_dis2 W=2.0 accuracy=0.8158 prediction=0.8380 status=ok
entity30/2/ERM-aug-rand/PCA128 iw_overlap_critic W=5.0 accuracy=0.8158 prediction=0.8380 status=ok
entity30/2/ERM-aug-rand/PCA128 iw_residual_dis2 W=5.0 accuracy=0.8158 prediction=0.8380 status=ok
entity30/2/ERM-aug-rand/PCA128 dis2_reference W=nan accuracy=0.8158 prediction=0.7165 status=ok
entity30/3/ERM-aug-rand/logits iw_overlap_critic W=1.0 accuracy=0.7908 prediction=0.4133 status=ok
entity30/3/ERM-aug-rand/logits iw_residual_dis2 W=1.0 accuracy=0.7908 prediction=0.7736 status=ok
entity30/3/ERM-aug-rand/logits iw_overlap_critic W=2.0 accuracy=0.7908 prediction=0.7347 status=ok
entity30/3/ERM-aug-rand/logits iw_residual_dis2 W=2.0 accuracy=0.7908 prediction=0.8375 status=ok
entity30/3/ERM-aug-rand/logits iw_overlap_critic W=5.0 accuracy=0.7908 prediction=0.8445 status=ok
entity30/3/ERM-aug-rand/logits iw_residual_dis2 W=5.0 accuracy=0.7908 prediction=0.8573 status=ok
entity30/3/ERM-aug-rand/logits dis2_reference W=nan accuracy=0.7908 prediction=0.7458 status=ok
entity30/3/ERM-aug-rand/features iw_overlap_critic W=1.0 accuracy=0.7908 prediction=0.4936 status=ok
entity30/3/ERM-aug-rand/features iw_residual_dis2 W=1.0 accuracy=0.7908 prediction=0.8177 status=ok
entity30/3/ERM-aug-rand/features iw_overlap_critic W=2.0 accuracy=0.7908 prediction=0.4842 status=ok
entity30/3/ERM-aug-rand/features iw_residual_dis2 W=2.0 accuracy=0.7908 prediction=0.8172 status=ok
entity30/3/ERM-aug-rand/features iw_overlap_critic W=5.0 accuracy=0.7908 prediction=0.5831 status=ok
entity30/3/ERM-aug-rand/features iw_residual_dis2 W=5.0 accuracy=0.7908 prediction=0.8189 status=ok
entity30/3/ERM-aug-rand/features dis2_reference W=nan accuracy=0.7908 prediction=0.5645 status=ok
entity30/3/ERM-aug-rand/PCA1 iw_overlap_critic W=1.0 accuracy=0.7908 prediction=0.4538 status=ok
entity30/3/ERM-aug-rand/PCA1 iw_residual_dis2 W=1.0 accuracy=0.7908 prediction=0.7119 status=ok
entity30/3/ERM-aug-rand/PCA1 iw_overlap_critic W=2.0 accuracy=0.7908 prediction=0.5010 status=ok
entity30/3/ERM-aug-rand/PCA1 iw_residual_dis2 W=2.0 accuracy=0.7908 prediction=0.7662 status=ok
entity30/3/ERM-aug-rand/PCA1 iw_overlap_critic W=5.0 accuracy=0.7908 prediction=0.5852 status=ok
entity30/3/ERM-aug-rand/PCA1 iw_residual_dis2 W=5.0 accuracy=0.7908 prediction=0.8474 status=ok
entity30/3/ERM-aug-rand/PCA1 dis2_reference W=nan accuracy=0.7908 prediction=0.5351 status=ok
entity30/3/ERM-aug-rand/PCA4 iw_overlap_critic W=1.0 accuracy=0.7908 prediction=0.4699 status=ok
entity30/3/ERM-aug-rand/PCA4 iw_residual_dis2 W=1.0 accuracy=0.7908 prediction=0.7568 status=ok
entity30/3/ERM-aug-rand/PCA4 iw_overlap_critic W=2.0 accuracy=0.7908 prediction=0.5400 status=ok
entity30/3/ERM-aug-rand/PCA4 iw_residual_dis2 W=2.0 accuracy=0.7908 prediction=0.7745 status=ok
entity30/3/ERM-aug-rand/PCA4 iw_overlap_critic W=5.0 accuracy=0.7908 prediction=0.6894 status=ok
entity30/3/ERM-aug-rand/PCA4 iw_residual_dis2 W=5.0 accuracy=0.7908 prediction=0.7448 status=ok
entity30/3/ERM-aug-rand/PCA4 dis2_reference W=nan accuracy=0.7908 prediction=0.6465 status=ok
entity30/3/ERM-aug-rand/PCA16 iw_overlap_critic W=1.0 accuracy=0.7908 prediction=0.5340 status=ok
entity30/3/ERM-aug-rand/PCA16 iw_residual_dis2 W=1.0 accuracy=0.7908 prediction=0.7486 status=ok
entity30/3/ERM-aug-rand/PCA16 iw_overlap_critic W=2.0 accuracy=0.7908 prediction=0.6331 status=ok
entity30/3/ERM-aug-rand/PCA16 iw_residual_dis2 W=2.0 accuracy=0.7908 prediction=0.7102 status=ok
entity30/3/ERM-aug-rand/PCA16 iw_overlap_critic W=5.0 accuracy=0.7908 prediction=0.7954 status=ok
entity30/3/ERM-aug-rand/PCA16 iw_residual_dis2 W=5.0 accuracy=0.7908 prediction=0.8213 status=ok
entity30/3/ERM-aug-rand/PCA16 dis2_reference W=nan accuracy=0.7908 prediction=0.6725 status=ok
entity30/3/ERM-aug-rand/PCA32 iw_overlap_critic W=1.0 accuracy=0.7908 prediction=0.4513 status=ok
entity30/3/ERM-aug-rand/PCA32 iw_residual_dis2 W=1.0 accuracy=0.7908 prediction=0.7941 status=ok
entity30/3/ERM-aug-rand/PCA32 iw_overlap_critic W=2.0 accuracy=0.7908 prediction=0.7630 status=ok
entity30/3/ERM-aug-rand/PCA32 iw_residual_dis2 W=2.0 accuracy=0.7908 prediction=0.8163 status=ok
entity30/3/ERM-aug-rand/PCA32 iw_overlap_critic W=5.0 accuracy=0.7908 prediction=0.8459 status=ok
entity30/3/ERM-aug-rand/PCA32 iw_residual_dis2 W=5.0 accuracy=0.7908 prediction=0.8459 status=ok
entity30/3/ERM-aug-rand/PCA32 dis2_reference W=nan accuracy=0.7908 prediction=0.7145 status=ok
entity30/3/ERM-aug-rand/PCA64 iw_overlap_critic W=1.0 accuracy=0.7908 prediction=0.4037 status=ok
entity30/3/ERM-aug-rand/PCA64 iw_residual_dis2 W=1.0 accuracy=0.7908 prediction=0.7908 status=ok
entity30/3/ERM-aug-rand/PCA64 iw_overlap_critic W=2.0 accuracy=0.7908 prediction=0.7932 status=ok
entity30/3/ERM-aug-rand/PCA64 iw_residual_dis2 W=2.0 accuracy=0.7908 prediction=0.8306 status=ok
entity30/3/ERM-aug-rand/PCA64 iw_overlap_critic W=5.0 accuracy=0.7908 prediction=0.8377 status=ok
entity30/3/ERM-aug-rand/PCA64 iw_residual_dis2 W=5.0 accuracy=0.7908 prediction=0.8377 status=ok
entity30/3/ERM-aug-rand/PCA64 dis2_reference W=nan accuracy=0.7908 prediction=0.7231 status=ok
entity30/3/ERM-aug-rand/PCA128 iw_overlap_critic W=1.0 accuracy=0.7908 prediction=0.3382 status=ok
entity30/3/ERM-aug-rand/PCA128 iw_residual_dis2 W=1.0 accuracy=0.7908 prediction=0.7949 status=ok
entity30/3/ERM-aug-rand/PCA128 iw_overlap_critic W=2.0 accuracy=0.7908 prediction=0.8034 status=ok
entity30/3/ERM-aug-rand/PCA128 iw_residual_dis2 W=2.0 accuracy=0.7908 prediction=0.8219 status=ok
entity30/3/ERM-aug-rand/PCA128 iw_overlap_critic W=5.0 accuracy=0.7908 prediction=0.8308 status=ok
entity30/3/ERM-aug-rand/PCA128 iw_residual_dis2 W=5.0 accuracy=0.7908 prediction=0.8308 status=ok
entity30/3/ERM-aug-rand/PCA128 dis2_reference W=nan accuracy=0.7908 prediction=0.7191 status=ok
entity30/1/BN_adapt/logits iw_overlap_critic W=1.0 accuracy=0.5543 prediction=0.4448 status=ok
entity30/1/BN_adapt/logits iw_residual_dis2 W=1.0 accuracy=0.5543 prediction=0.7348 status=ok
entity30/1/BN_adapt/logits iw_overlap_critic W=2.0 accuracy=0.5543 prediction=nan status=unsupported_critic_region
entity30/1/BN_adapt/logits iw_residual_dis2 W=2.0 accuracy=0.5543 prediction=nan status=unsupported_residual_source_region
entity30/1/BN_adapt/logits iw_overlap_critic W=5.0 accuracy=0.5543 prediction=0.8486 status=ok
entity30/1/BN_adapt/logits iw_residual_dis2 W=5.0 accuracy=0.5543 prediction=0.8486 status=ok
entity30/1/BN_adapt/logits dis2_reference W=nan accuracy=0.5543 prediction=0.5185 status=ok
entity30/1/BN_adapt/features iw_overlap_critic W=1.0 accuracy=0.5543 prediction=0.4466 status=ok
entity30/1/BN_adapt/features iw_residual_dis2 W=1.0 accuracy=0.5543 prediction=0.6586 status=ok
entity30/1/BN_adapt/features iw_overlap_critic W=2.0 accuracy=0.5543 prediction=0.7236 status=ok
entity30/1/BN_adapt/features iw_residual_dis2 W=2.0 accuracy=0.5543 prediction=0.7858 status=ok
entity30/1/BN_adapt/features iw_overlap_critic W=5.0 accuracy=0.5543 prediction=0.8104 status=ok
entity30/1/BN_adapt/features iw_residual_dis2 W=5.0 accuracy=0.5543 prediction=nan status=unsupported_critic_region
entity30/1/BN_adapt/features dis2_reference W=nan accuracy=0.5543 prediction=0.4239 status=ok
entity30/1/BN_adapt/PCA1 iw_overlap_critic W=1.0 accuracy=0.5543 prediction=0.4275 status=ok
entity30/1/BN_adapt/PCA1 iw_residual_dis2 W=1.0 accuracy=0.5543 prediction=0.6666 status=ok
entity30/1/BN_adapt/PCA1 iw_overlap_critic W=2.0 accuracy=0.5543 prediction=0.7386 status=ok
entity30/1/BN_adapt/PCA1 iw_residual_dis2 W=2.0 accuracy=0.5543 prediction=0.8005 status=ok
entity30/1/BN_adapt/PCA1 iw_overlap_critic W=5.0 accuracy=0.5543 prediction=0.8139 status=ok
/storage/homefs/tf24s166/IW_dis2/disagree_discrep_IW/src/lib/utils.py:43: FutureWarning: You are using `torch.load` with `weights_only=False` (the current default value), which uses the default pickle module implicitly. It is possible to construct malicious pickle data which will execute arbitrary code during unpickling (See https://github.com/pytorch/pytorch/blob/main/SECURITY.md#untrusted-models for more details). In a future release, the default value for `weights_only` will be flipped to `True`. This limits the functions that could be executed during unpickling. Arbitrary objects will no longer be allowed to be loaded via this mode unless they are explicitly allowlisted by the user via `torch.serialization.add_safe_globals`. We recommend you start setting `weights_only=True` for any use case where you don't have full control of the loaded file. Please open an issue on GitHub for any issues related to this experimental feature.
  lin.load_state_dict(torch.load(os.path.join(shift_dir, 'linear.pth'), map_location=device))
entity30/1/BN_adapt/PCA1 iw_residual_dis2 W=5.0 accuracy=0.5543 prediction=nan status=unsupported_critic_region
entity30/1/BN_adapt/PCA1 dis2_reference W=nan accuracy=0.5543 prediction=0.4246 status=ok
entity30/1/BN_adapt/PCA4 iw_overlap_critic W=1.0 accuracy=0.5543 prediction=0.4980 status=ok
entity30/1/BN_adapt/PCA4 iw_residual_dis2 W=1.0 accuracy=0.5543 prediction=0.6753 status=ok
entity30/1/BN_adapt/PCA4 iw_overlap_critic W=2.0 accuracy=0.5543 prediction=0.7491 status=ok
entity30/1/BN_adapt/PCA4 iw_residual_dis2 W=2.0 accuracy=0.5543 prediction=0.8025 status=ok
entity30/1/BN_adapt/PCA4 iw_overlap_critic W=5.0 accuracy=0.5543 prediction=0.8106 status=ok
entity30/1/BN_adapt/PCA4 iw_residual_dis2 W=5.0 accuracy=0.5543 prediction=nan status=unsupported_critic_region
entity30/1/BN_adapt/PCA4 dis2_reference W=nan accuracy=0.5543 prediction=0.4532 status=ok
entity30/1/BN_adapt/PCA16 iw_overlap_critic W=1.0 accuracy=0.5543 prediction=0.5318 status=ok
entity30/1/BN_adapt/PCA16 iw_residual_dis2 W=1.0 accuracy=0.5543 prediction=0.7184 status=ok
entity30/1/BN_adapt/PCA16 iw_overlap_critic W=2.0 accuracy=0.5543 prediction=0.8109 status=ok
entity30/1/BN_adapt/PCA16 iw_residual_dis2 W=2.0 accuracy=0.5543 prediction=0.8246 status=ok
entity30/1/BN_adapt/PCA16 iw_overlap_critic W=5.0 accuracy=0.5543 prediction=0.8242 status=ok
entity30/1/BN_adapt/PCA16 iw_residual_dis2 W=5.0 accuracy=0.5543 prediction=0.8242 status=ok
entity30/1/BN_adapt/PCA16 dis2_reference W=nan accuracy=0.5543 prediction=0.5323 status=ok
entity30/1/BN_adapt/PCA32 iw_overlap_critic W=1.0 accuracy=0.5543 prediction=0.4936 status=ok
entity30/1/BN_adapt/PCA32 iw_residual_dis2 W=1.0 accuracy=0.5543 prediction=0.7625 status=ok
entity30/1/BN_adapt/PCA32 iw_overlap_critic W=2.0 accuracy=0.5543 prediction=0.8052 status=ok
entity30/1/BN_adapt/PCA32 iw_residual_dis2 W=2.0 accuracy=0.5543 prediction=0.8233 status=ok
entity30/1/BN_adapt/PCA32 iw_overlap_critic W=5.0 accuracy=0.5543 prediction=0.8237 status=ok
entity30/1/BN_adapt/PCA32 iw_residual_dis2 W=5.0 accuracy=0.5543 prediction=0.8237 status=ok
entity30/1/BN_adapt/PCA32 dis2_reference W=nan accuracy=0.5543 prediction=0.5781 status=ok
entity30/1/BN_adapt/PCA64 iw_overlap_critic W=1.0 accuracy=0.5543 prediction=0.4363 status=ok
entity30/1/BN_adapt/PCA64 iw_residual_dis2 W=1.0 accuracy=0.5543 prediction=0.8134 status=ok
entity30/1/BN_adapt/PCA64 iw_overlap_critic W=2.0 accuracy=0.5543 prediction=0.8120 status=ok
entity30/1/BN_adapt/PCA64 iw_residual_dis2 W=2.0 accuracy=0.5543 prediction=0.8283 status=ok
entity30/1/BN_adapt/PCA64 iw_overlap_critic W=5.0 accuracy=0.5543 prediction=0.8245 status=ok
entity30/1/BN_adapt/PCA64 iw_residual_dis2 W=5.0 accuracy=0.5543 prediction=0.8245 status=ok
entity30/1/BN_adapt/PCA64 dis2_reference W=nan accuracy=0.5543 prediction=0.6992 status=ok
entity30/1/BN_adapt/PCA128 iw_overlap_critic W=1.0 accuracy=0.5543 prediction=0.3724 status=ok
entity30/1/BN_adapt/PCA128 iw_residual_dis2 W=1.0 accuracy=0.5543 prediction=0.8166 status=ok
entity30/1/BN_adapt/PCA128 iw_overlap_critic W=2.0 accuracy=0.5543 prediction=0.8125 status=ok
entity30/1/BN_adapt/PCA128 iw_residual_dis2 W=2.0 accuracy=0.5543 prediction=0.8286 status=ok
entity30/1/BN_adapt/PCA128 iw_overlap_critic W=5.0 accuracy=0.5543 prediction=0.8255 status=ok
entity30/1/BN_adapt/PCA128 iw_residual_dis2 W=5.0 accuracy=0.5543 prediction=0.8255 status=ok
entity30/1/BN_adapt/PCA128 dis2_reference W=nan accuracy=0.5543 prediction=0.7583 status=ok
entity30/2/BN_adapt/logits iw_overlap_critic W=1.0 accuracy=0.8042 prediction=0.6411 status=ok
entity30/2/BN_adapt/logits iw_residual_dis2 W=1.0 accuracy=0.8042 prediction=0.8812 status=ok
entity30/2/BN_adapt/logits iw_overlap_critic W=2.0 accuracy=0.8042 prediction=0.8547 status=ok
entity30/2/BN_adapt/logits iw_residual_dis2 W=2.0 accuracy=0.8042 prediction=0.8547 status=ok
entity30/2/BN_adapt/logits iw_overlap_critic W=5.0 accuracy=0.8042 prediction=0.8547 status=ok
entity30/2/BN_adapt/logits iw_residual_dis2 W=5.0 accuracy=0.8042 prediction=0.8547 status=ok
entity30/2/BN_adapt/logits dis2_reference W=nan accuracy=0.8042 prediction=0.6950 status=ok
entity30/2/BN_adapt/features iw_overlap_critic W=1.0 accuracy=0.8042 prediction=0.7570 status=ok
entity30/2/BN_adapt/features iw_residual_dis2 W=1.0 accuracy=0.8042 prediction=0.8201 status=ok
entity30/2/BN_adapt/features iw_overlap_critic W=2.0 accuracy=0.8042 prediction=0.8596 status=ok
entity30/2/BN_adapt/features iw_residual_dis2 W=2.0 accuracy=0.8042 prediction=0.8596 status=ok
entity30/2/BN_adapt/features iw_overlap_critic W=5.0 accuracy=0.8042 prediction=0.8596 status=ok
entity30/2/BN_adapt/features iw_residual_dis2 W=5.0 accuracy=0.8042 prediction=0.8596 status=ok
entity30/2/BN_adapt/features dis2_reference W=nan accuracy=0.8042 prediction=0.6770 status=ok
entity30/2/BN_adapt/PCA1 iw_overlap_critic W=1.0 accuracy=0.8042 prediction=0.7771 status=ok
entity30/2/BN_adapt/PCA1 iw_residual_dis2 W=1.0 accuracy=0.8042 prediction=0.8737 status=ok
entity30/2/BN_adapt/PCA1 iw_overlap_critic W=2.0 accuracy=0.8042 prediction=0.8585 status=ok
entity30/2/BN_adapt/PCA1 iw_residual_dis2 W=2.0 accuracy=0.8042 prediction=0.8585 status=ok
entity30/2/BN_adapt/PCA1 iw_overlap_critic W=5.0 accuracy=0.8042 prediction=0.8585 status=ok
entity30/2/BN_adapt/PCA1 iw_residual_dis2 W=5.0 accuracy=0.8042 prediction=0.8585 status=ok
entity30/2/BN_adapt/PCA1 dis2_reference W=nan accuracy=0.8042 prediction=0.6423 status=ok
entity30/2/BN_adapt/PCA4 iw_overlap_critic W=1.0 accuracy=0.8042 prediction=0.6839 status=ok
entity30/2/BN_adapt/PCA4 iw_residual_dis2 W=1.0 accuracy=0.8042 prediction=0.8568 status=ok
entity30/2/BN_adapt/PCA4 iw_overlap_critic W=2.0 accuracy=0.8042 prediction=0.8556 status=ok
entity30/2/BN_adapt/PCA4 iw_residual_dis2 W=2.0 accuracy=0.8042 prediction=0.8556 status=ok
entity30/2/BN_adapt/PCA4 iw_overlap_critic W=5.0 accuracy=0.8042 prediction=0.8556 status=ok
entity30/2/BN_adapt/PCA4 iw_residual_dis2 W=5.0 accuracy=0.8042 prediction=0.8556 status=ok
entity30/2/BN_adapt/PCA4 dis2_reference W=nan accuracy=0.8042 prediction=0.6963 status=ok
entity30/2/BN_adapt/PCA16 iw_overlap_critic W=1.0 accuracy=0.8042 prediction=0.6484 status=ok
entity30/2/BN_adapt/PCA16 iw_residual_dis2 W=1.0 accuracy=0.8042 prediction=0.8104 status=ok
entity30/2/BN_adapt/PCA16 iw_overlap_critic W=2.0 accuracy=0.8042 prediction=0.8546 status=ok
entity30/2/BN_adapt/PCA16 iw_residual_dis2 W=2.0 accuracy=0.8042 prediction=0.8546 status=ok
entity30/2/BN_adapt/PCA16 iw_overlap_critic W=5.0 accuracy=0.8042 prediction=0.8546 status=ok
entity30/2/BN_adapt/PCA16 iw_residual_dis2 W=5.0 accuracy=0.8042 prediction=0.8546 status=ok
entity30/2/BN_adapt/PCA16 dis2_reference W=nan accuracy=0.8042 prediction=0.7057 status=ok
entity30/2/BN_adapt/PCA32 iw_overlap_critic W=1.0 accuracy=0.8042 prediction=0.5414 status=ok
entity30/2/BN_adapt/PCA32 iw_residual_dis2 W=1.0 accuracy=0.8042 prediction=0.8711 status=ok
entity30/2/BN_adapt/PCA32 iw_overlap_critic W=2.0 accuracy=0.8042 prediction=0.8542 status=ok
entity30/2/BN_adapt/PCA32 iw_residual_dis2 W=2.0 accuracy=0.8042 prediction=0.8542 status=ok
entity30/2/BN_adapt/PCA32 iw_overlap_critic W=5.0 accuracy=0.8042 prediction=0.8542 status=ok
entity30/2/BN_adapt/PCA32 iw_residual_dis2 W=5.0 accuracy=0.8042 prediction=0.8542 status=ok
entity30/2/BN_adapt/PCA32 dis2_reference W=nan accuracy=0.8042 prediction=0.7143 status=ok
entity30/2/BN_adapt/PCA64 iw_overlap_critic W=1.0 accuracy=0.8042 prediction=0.4570 status=ok
entity30/2/BN_adapt/PCA64 iw_residual_dis2 W=1.0 accuracy=0.8042 prediction=0.8223 status=ok
entity30/2/BN_adapt/PCA64 iw_overlap_critic W=2.0 accuracy=0.8042 prediction=0.8540 status=ok
entity30/2/BN_adapt/PCA64 iw_residual_dis2 W=2.0 accuracy=0.8042 prediction=0.8540 status=ok
entity30/2/BN_adapt/PCA64 iw_overlap_critic W=5.0 accuracy=0.8042 prediction=0.8540 status=ok
entity30/2/BN_adapt/PCA64 iw_residual_dis2 W=5.0 accuracy=0.8042 prediction=0.8540 status=ok
entity30/2/BN_adapt/PCA64 dis2_reference W=nan accuracy=0.8042 prediction=0.6763 status=ok
entity30/2/BN_adapt/PCA128 iw_overlap_critic W=1.0 accuracy=0.8042 prediction=0.3989 status=ok
/storage/homefs/tf24s166/IW_dis2/disagree_discrep_IW/src/lib/utils.py:43: FutureWarning: You are using `torch.load` with `weights_only=False` (the current default value), which uses the default pickle module implicitly. It is possible to construct malicious pickle data which will execute arbitrary code during unpickling (See https://github.com/pytorch/pytorch/blob/main/SECURITY.md#untrusted-models for more details). In a future release, the default value for `weights_only` will be flipped to `True`. This limits the functions that could be executed during unpickling. Arbitrary objects will no longer be allowed to be loaded via this mode unless they are explicitly allowlisted by the user via `torch.serialization.add_safe_globals`. We recommend you start setting `weights_only=True` for any use case where you don't have full control of the loaded file. Please open an issue on GitHub for any issues related to this experimental feature.
  lin.load_state_dict(torch.load(os.path.join(shift_dir, 'linear.pth'), map_location=device))
/storage/homefs/tf24s166/IW_dis2/disagree_discrep_IW/src/lib/utils.py:43: FutureWarning: You are using `torch.load` with `weights_only=False` (the current default value), which uses the default pickle module implicitly. It is possible to construct malicious pickle data which will execute arbitrary code during unpickling (See https://github.com/pytorch/pytorch/blob/main/SECURITY.md#untrusted-models for more details). In a future release, the default value for `weights_only` will be flipped to `True`. This limits the functions that could be executed during unpickling. Arbitrary objects will no longer be allowed to be loaded via this mode unless they are explicitly allowlisted by the user via `torch.serialization.add_safe_globals`. We recommend you start setting `weights_only=True` for any use case where you don't have full control of the loaded file. Please open an issue on GitHub for any issues related to this experimental feature.
  lin.load_state_dict(torch.load(os.path.join(shift_dir, 'linear.pth'), map_location=device))
entity30/2/BN_adapt/PCA128 iw_residual_dis2 W=1.0 accuracy=0.8042 prediction=0.8196 status=ok
entity30/2/BN_adapt/PCA128 iw_overlap_critic W=2.0 accuracy=0.8042 prediction=0.8540 status=ok
entity30/2/BN_adapt/PCA128 iw_residual_dis2 W=2.0 accuracy=0.8042 prediction=0.8540 status=ok
entity30/2/BN_adapt/PCA128 iw_overlap_critic W=5.0 accuracy=0.8042 prediction=0.8540 status=ok
entity30/2/BN_adapt/PCA128 iw_residual_dis2 W=5.0 accuracy=0.8042 prediction=0.8540 status=ok
entity30/2/BN_adapt/PCA128 dis2_reference W=nan accuracy=0.8042 prediction=0.6097 status=ok
entity30/3/BN_adapt/logits iw_overlap_critic W=1.0 accuracy=0.5750 prediction=0.6606 status=ok
entity30/3/BN_adapt/logits iw_residual_dis2 W=1.0 accuracy=0.5750 prediction=0.8654 status=ok
entity30/3/BN_adapt/logits iw_overlap_critic W=2.0 accuracy=0.5750 prediction=0.8543 status=ok
entity30/3/BN_adapt/logits iw_residual_dis2 W=2.0 accuracy=0.5750 prediction=0.8543 status=ok
entity30/3/BN_adapt/logits iw_overlap_critic W=5.0 accuracy=0.5750 prediction=0.8543 status=ok
entity30/3/BN_adapt/logits iw_residual_dis2 W=5.0 accuracy=0.5750 prediction=0.8543 status=ok
entity30/3/BN_adapt/logits dis2_reference W=nan accuracy=0.5750 prediction=0.5550 status=ok
entity30/3/BN_adapt/features iw_overlap_critic W=1.0 accuracy=0.5750 prediction=0.7980 status=ok
entity30/3/BN_adapt/features iw_residual_dis2 W=1.0 accuracy=0.5750 prediction=0.8805 status=ok
entity30/3/BN_adapt/features iw_overlap_critic W=2.0 accuracy=0.5750 prediction=0.8640 status=ok
entity30/3/BN_adapt/features iw_residual_dis2 W=2.0 accuracy=0.5750 prediction=0.8640 status=ok
entity30/3/BN_adapt/features iw_overlap_critic W=5.0 accuracy=0.5750 prediction=0.8640 status=ok
entity30/3/BN_adapt/features iw_residual_dis2 W=5.0 accuracy=0.5750 prediction=0.8640 status=ok
entity30/3/BN_adapt/features dis2_reference W=nan accuracy=0.5750 prediction=0.4970 status=ok
entity30/3/BN_adapt/PCA1 iw_overlap_critic W=1.0 accuracy=0.5750 prediction=0.7852 status=ok
entity30/3/BN_adapt/PCA1 iw_residual_dis2 W=1.0 accuracy=0.5750 prediction=0.8459 status=ok
entity30/3/BN_adapt/PCA1 iw_overlap_critic W=2.0 accuracy=0.5750 prediction=0.8642 status=ok
entity30/3/BN_adapt/PCA1 iw_residual_dis2 W=2.0 accuracy=0.5750 prediction=0.8642 status=ok
entity30/3/BN_adapt/PCA1 iw_overlap_critic W=5.0 accuracy=0.5750 prediction=0.8642 status=ok
entity30/3/BN_adapt/PCA1 iw_residual_dis2 W=5.0 accuracy=0.5750 prediction=0.8642 status=ok
entity30/3/BN_adapt/PCA1 dis2_reference W=nan accuracy=0.5750 prediction=0.4597 status=ok
entity30/3/BN_adapt/PCA4 iw_overlap_critic W=1.0 accuracy=0.5750 prediction=0.6301 status=ok
entity30/3/BN_adapt/PCA4 iw_residual_dis2 W=1.0 accuracy=0.5750 prediction=0.8454 status=ok
entity30/3/BN_adapt/PCA4 iw_overlap_critic W=2.0 accuracy=0.5750 prediction=0.8577 status=ok
entity30/3/BN_adapt/PCA4 iw_residual_dis2 W=2.0 accuracy=0.5750 prediction=0.8577 status=ok
entity30/3/BN_adapt/PCA4 iw_overlap_critic W=5.0 accuracy=0.5750 prediction=0.8577 status=ok
entity30/3/BN_adapt/PCA4 iw_residual_dis2 W=5.0 accuracy=0.5750 prediction=0.8577 status=ok
entity30/3/BN_adapt/PCA4 dis2_reference W=nan accuracy=0.5750 prediction=0.5130 status=ok
entity30/3/BN_adapt/PCA16 iw_overlap_critic W=1.0 accuracy=0.5750 prediction=0.5862 status=ok
entity30/3/BN_adapt/PCA16 iw_residual_dis2 W=1.0 accuracy=0.5750 prediction=0.8253 status=ok
entity30/3/BN_adapt/PCA16 iw_overlap_critic W=2.0 accuracy=0.5750 prediction=0.8556 status=ok
entity30/3/BN_adapt/PCA16 iw_residual_dis2 W=2.0 accuracy=0.5750 prediction=0.8556 status=ok
entity30/3/BN_adapt/PCA16 iw_overlap_critic W=5.0 accuracy=0.5750 prediction=0.8556 status=ok
entity30/3/BN_adapt/PCA16 iw_residual_dis2 W=5.0 accuracy=0.5750 prediction=0.8556 status=ok
entity30/3/BN_adapt/PCA16 dis2_reference W=nan accuracy=0.5750 prediction=0.6057 status=ok
entity30/3/BN_adapt/PCA32 iw_overlap_critic W=1.0 accuracy=0.5750 prediction=0.4960 status=ok
entity30/3/BN_adapt/PCA32 iw_residual_dis2 W=1.0 accuracy=0.5750 prediction=0.7828 status=ok
entity30/3/BN_adapt/PCA32 iw_overlap_critic W=2.0 accuracy=0.5750 prediction=0.8551 status=ok
entity30/3/BN_adapt/PCA32 iw_residual_dis2 W=2.0 accuracy=0.5750 prediction=0.8551 status=ok
entity30/3/BN_adapt/PCA32 iw_overlap_critic W=5.0 accuracy=0.5750 prediction=0.8551 status=ok
entity30/3/BN_adapt/PCA32 iw_residual_dis2 W=5.0 accuracy=0.5750 prediction=0.8551 status=ok
entity30/3/BN_adapt/PCA32 dis2_reference W=nan accuracy=0.5750 prediction=0.6857 status=ok
entity30/3/BN_adapt/PCA64 iw_overlap_critic W=1.0 accuracy=0.5750 prediction=0.3393 status=ok
entity30/3/BN_adapt/PCA64 iw_residual_dis2 W=1.0 accuracy=0.5750 prediction=0.8203 status=ok
entity30/3/BN_adapt/PCA64 iw_overlap_critic W=2.0 accuracy=0.5750 prediction=0.8522 status=ok
entity30/3/BN_adapt/PCA64 iw_residual_dis2 W=2.0 accuracy=0.5750 prediction=0.8522 status=ok
entity30/3/BN_adapt/PCA64 iw_overlap_critic W=5.0 accuracy=0.5750 prediction=0.8522 status=ok
entity30/3/BN_adapt/PCA64 iw_residual_dis2 W=5.0 accuracy=0.5750 prediction=0.8522 status=ok
entity30/3/BN_adapt/PCA64 dis2_reference W=nan accuracy=0.5750 prediction=0.5663 status=ok
entity30/3/BN_adapt/PCA128 iw_overlap_critic W=1.0 accuracy=0.5750 prediction=0.3712 status=ok
entity30/3/BN_adapt/PCA128 iw_residual_dis2 W=1.0 accuracy=0.5750 prediction=0.7992 status=ok
entity30/3/BN_adapt/PCA128 iw_overlap_critic W=2.0 accuracy=0.5750 prediction=0.8523 status=ok
entity30/3/BN_adapt/PCA128 iw_residual_dis2 W=2.0 accuracy=0.5750 prediction=0.8523 status=ok
entity30/3/BN_adapt/PCA128 iw_overlap_critic W=5.0 accuracy=0.5750 prediction=0.8523 status=ok
entity30/3/BN_adapt/PCA128 iw_residual_dis2 W=5.0 accuracy=0.5750 prediction=0.8523 status=ok
entity30/3/BN_adapt/PCA128 dis2_reference W=nan accuracy=0.5750 prediction=0.7370 status=ok
entity30/1/DANN/logits iw_overlap_critic W=1.0 accuracy=0.6191 prediction=0.4692 status=ok
entity30/1/DANN/logits iw_residual_dis2 W=1.0 accuracy=0.6191 prediction=0.8044 status=ok
entity30/1/DANN/logits iw_overlap_critic W=2.0 accuracy=0.6191 prediction=0.8423 status=ok
entity30/1/DANN/logits iw_residual_dis2 W=2.0 accuracy=0.6191 prediction=0.8423 status=ok
entity30/1/DANN/logits iw_overlap_critic W=5.0 accuracy=0.6191 prediction=0.8423 status=ok
entity30/1/DANN/logits iw_residual_dis2 W=5.0 accuracy=0.6191 prediction=0.8423 status=ok
entity30/1/DANN/logits dis2_reference W=nan accuracy=0.6191 prediction=0.6876 status=ok
entity30/1/DANN/features iw_overlap_critic W=1.0 accuracy=0.6191 prediction=0.4876 status=ok
entity30/1/DANN/features iw_residual_dis2 W=1.0 accuracy=0.6191 prediction=0.7103 status=ok
entity30/1/DANN/features iw_overlap_critic W=2.0 accuracy=0.6191 prediction=0.8240 status=ok
entity30/1/DANN/features iw_residual_dis2 W=2.0 accuracy=0.6191 prediction=0.8270 status=ok
entity30/1/DANN/features iw_overlap_critic W=5.0 accuracy=0.6191 prediction=nan status=unsupported_critic_region
entity30/1/DANN/features iw_residual_dis2 W=5.0 accuracy=0.6191 prediction=nan status=unsupported_residual_source_region
entity30/1/DANN/features dis2_reference W=nan accuracy=0.6191 prediction=0.5619 status=ok
entity30/1/DANN/PCA1 iw_overlap_critic W=1.0 accuracy=0.6191 prediction=0.4539 status=ok
entity30/1/DANN/PCA1 iw_residual_dis2 W=1.0 accuracy=0.6191 prediction=0.7188 status=ok
entity30/1/DANN/PCA1 iw_overlap_critic W=2.0 accuracy=0.6191 prediction=0.8228 status=ok
entity30/1/DANN/PCA1 iw_residual_dis2 W=2.0 accuracy=0.6191 prediction=0.8276 status=ok
entity30/1/DANN/PCA1 iw_overlap_critic W=5.0 accuracy=0.6191 prediction=nan status=unsupported_critic_region
entity30/1/DANN/PCA1 iw_residual_dis2 W=5.0 accuracy=0.6191 prediction=nan status=unsupported_residual_source_region
entity30/1/DANN/PCA1 dis2_reference W=nan accuracy=0.6191 prediction=0.5329 status=ok
entity30/1/DANN/PCA4 iw_overlap_critic W=1.0 accuracy=0.6191 prediction=0.4862 status=ok
entity30/1/DANN/PCA4 iw_residual_dis2 W=1.0 accuracy=0.6191 prediction=0.7326 status=ok
entity30/1/DANN/PCA4 iw_overlap_critic W=2.0 accuracy=0.6191 prediction=0.8369 status=ok
entity30/1/DANN/PCA4 iw_residual_dis2 W=2.0 accuracy=0.6191 prediction=nan status=unsupported_critic_region
/storage/homefs/tf24s166/IW_dis2/disagree_discrep_IW/src/lib/utils.py:43: FutureWarning: You are using `torch.load` with `weights_only=False` (the current default value), which uses the default pickle module implicitly. It is possible to construct malicious pickle data which will execute arbitrary code during unpickling (See https://github.com/pytorch/pytorch/blob/main/SECURITY.md#untrusted-models for more details). In a future release, the default value for `weights_only` will be flipped to `True`. This limits the functions that could be executed during unpickling. Arbitrary objects will no longer be allowed to be loaded via this mode unless they are explicitly allowlisted by the user via `torch.serialization.add_safe_globals`. We recommend you start setting `weights_only=True` for any use case where you don't have full control of the loaded file. Please open an issue on GitHub for any issues related to this experimental feature.
  lin.load_state_dict(torch.load(os.path.join(shift_dir, 'linear.pth'), map_location=device))
/storage/homefs/tf24s166/IW_dis2/disagree_discrep_IW/src/lib/utils.py:43: FutureWarning: You are using `torch.load` with `weights_only=False` (the current default value), which uses the default pickle module implicitly. It is possible to construct malicious pickle data which will execute arbitrary code during unpickling (See https://github.com/pytorch/pytorch/blob/main/SECURITY.md#untrusted-models for more details). In a future release, the default value for `weights_only` will be flipped to `True`. This limits the functions that could be executed during unpickling. Arbitrary objects will no longer be allowed to be loaded via this mode unless they are explicitly allowlisted by the user via `torch.serialization.add_safe_globals`. We recommend you start setting `weights_only=True` for any use case where you don't have full control of the loaded file. Please open an issue on GitHub for any issues related to this experimental feature.
  lin.load_state_dict(torch.load(os.path.join(shift_dir, 'linear.pth'), map_location=device))
entity30/1/DANN/PCA4 iw_overlap_critic W=5.0 accuracy=0.6191 prediction=0.8358 status=ok
entity30/1/DANN/PCA4 iw_residual_dis2 W=5.0 accuracy=0.6191 prediction=0.8358 status=ok
entity30/1/DANN/PCA4 dis2_reference W=nan accuracy=0.6191 prediction=0.6027 status=ok
entity30/1/DANN/PCA16 iw_overlap_critic W=1.0 accuracy=0.6191 prediction=0.4774 status=ok
entity30/1/DANN/PCA16 iw_residual_dis2 W=1.0 accuracy=0.6191 prediction=0.7688 status=ok
entity30/1/DANN/PCA16 iw_overlap_critic W=2.0 accuracy=0.6191 prediction=0.8403 status=ok
entity30/1/DANN/PCA16 iw_residual_dis2 W=2.0 accuracy=0.6191 prediction=0.8403 status=ok
entity30/1/DANN/PCA16 iw_overlap_critic W=5.0 accuracy=0.6191 prediction=0.8403 status=ok
entity30/1/DANN/PCA16 iw_residual_dis2 W=5.0 accuracy=0.6191 prediction=0.8403 status=ok
entity30/1/DANN/PCA16 dis2_reference W=nan accuracy=0.6191 prediction=0.6449 status=ok
entity30/1/DANN/PCA32 iw_overlap_critic W=1.0 accuracy=0.6191 prediction=0.4511 status=ok
entity30/1/DANN/PCA32 iw_residual_dis2 W=1.0 accuracy=0.6191 prediction=0.7978 status=ok
entity30/1/DANN/PCA32 iw_overlap_critic W=2.0 accuracy=0.6191 prediction=0.8386 status=ok
entity30/1/DANN/PCA32 iw_residual_dis2 W=2.0 accuracy=0.6191 prediction=0.8386 status=ok
entity30/1/DANN/PCA32 iw_overlap_critic W=5.0 accuracy=0.6191 prediction=0.8386 status=ok
entity30/1/DANN/PCA32 iw_residual_dis2 W=5.0 accuracy=0.6191 prediction=0.8386 status=ok
entity30/1/DANN/PCA32 dis2_reference W=nan accuracy=0.6191 prediction=0.7167 status=ok
entity30/1/DANN/PCA64 iw_overlap_critic W=1.0 accuracy=0.6191 prediction=0.4044 status=ok
entity30/1/DANN/PCA64 iw_residual_dis2 W=1.0 accuracy=0.6191 prediction=0.8362 status=ok
entity30/1/DANN/PCA64 iw_overlap_critic W=2.0 accuracy=0.6191 prediction=0.8384 status=ok
entity30/1/DANN/PCA64 iw_residual_dis2 W=2.0 accuracy=0.6191 prediction=0.8384 status=ok
entity30/1/DANN/PCA64 iw_overlap_critic W=5.0 accuracy=0.6191 prediction=0.8384 status=ok
entity30/1/DANN/PCA64 iw_residual_dis2 W=5.0 accuracy=0.6191 prediction=0.8384 status=ok
entity30/1/DANN/PCA64 dis2_reference W=nan accuracy=0.6191 prediction=0.7159 status=ok
entity30/1/DANN/PCA128 iw_overlap_critic W=1.0 accuracy=0.6191 prediction=0.3995 status=ok
entity30/1/DANN/PCA128 iw_residual_dis2 W=1.0 accuracy=0.6191 prediction=0.8282 status=ok
entity30/1/DANN/PCA128 iw_overlap_critic W=2.0 accuracy=0.6191 prediction=0.8414 status=ok
entity30/1/DANN/PCA128 iw_residual_dis2 W=2.0 accuracy=0.6191 prediction=0.8414 status=ok
entity30/1/DANN/PCA128 iw_overlap_critic W=5.0 accuracy=0.6191 prediction=0.8414 status=ok
entity30/1/DANN/PCA128 iw_residual_dis2 W=5.0 accuracy=0.6191 prediction=0.8414 status=ok
entity30/1/DANN/PCA128 dis2_reference W=nan accuracy=0.6191 prediction=0.7453 status=ok
entity30/2/DANN/logits iw_overlap_critic W=1.0 accuracy=0.7875 prediction=0.5949 status=ok
entity30/2/DANN/logits iw_residual_dis2 W=1.0 accuracy=0.7875 prediction=0.8372 status=ok
entity30/2/DANN/logits iw_overlap_critic W=2.0 accuracy=0.7875 prediction=0.8612 status=ok
entity30/2/DANN/logits iw_residual_dis2 W=2.0 accuracy=0.7875 prediction=0.8612 status=ok
entity30/2/DANN/logits iw_overlap_critic W=5.0 accuracy=0.7875 prediction=0.8612 status=ok
entity30/2/DANN/logits iw_residual_dis2 W=5.0 accuracy=0.7875 prediction=0.8612 status=ok
entity30/2/DANN/logits dis2_reference W=nan accuracy=0.7875 prediction=0.6937 status=ok
entity30/2/DANN/features iw_overlap_critic W=1.0 accuracy=0.7875 prediction=0.7064 status=ok
entity30/2/DANN/features iw_residual_dis2 W=1.0 accuracy=0.7875 prediction=0.8545 status=ok
entity30/2/DANN/features iw_overlap_critic W=2.0 accuracy=0.7875 prediction=0.8699 status=ok
entity30/2/DANN/features iw_residual_dis2 W=2.0 accuracy=0.7875 prediction=0.8699 status=ok
entity30/2/DANN/features iw_overlap_critic W=5.0 accuracy=0.7875 prediction=0.8699 status=ok
entity30/2/DANN/features iw_residual_dis2 W=5.0 accuracy=0.7875 prediction=0.8699 status=ok
entity30/2/DANN/features dis2_reference W=nan accuracy=0.7875 prediction=0.7357 status=ok
entity30/2/DANN/PCA1 iw_overlap_critic W=1.0 accuracy=0.7875 prediction=0.7656 status=ok
entity30/2/DANN/PCA1 iw_residual_dis2 W=1.0 accuracy=0.7875 prediction=0.8379 status=ok
entity30/2/DANN/PCA1 iw_overlap_critic W=2.0 accuracy=0.7875 prediction=0.8678 status=ok
entity30/2/DANN/PCA1 iw_residual_dis2 W=2.0 accuracy=0.7875 prediction=0.8678 status=ok
entity30/2/DANN/PCA1 iw_overlap_critic W=5.0 accuracy=0.7875 prediction=0.8678 status=ok
entity30/2/DANN/PCA1 iw_residual_dis2 W=5.0 accuracy=0.7875 prediction=0.8678 status=ok
entity30/2/DANN/PCA1 dis2_reference W=nan accuracy=0.7875 prediction=0.6097 status=ok
entity30/2/DANN/PCA4 iw_overlap_critic W=1.0 accuracy=0.7875 prediction=0.7317 status=ok
entity30/2/DANN/PCA4 iw_residual_dis2 W=1.0 accuracy=0.7875 prediction=0.8606 status=ok
entity30/2/DANN/PCA4 iw_overlap_critic W=2.0 accuracy=0.7875 prediction=0.8689 status=ok
entity30/2/DANN/PCA4 iw_residual_dis2 W=2.0 accuracy=0.7875 prediction=0.8689 status=ok
entity30/2/DANN/PCA4 iw_overlap_critic W=5.0 accuracy=0.7875 prediction=0.8689 status=ok
entity30/2/DANN/PCA4 iw_residual_dis2 W=5.0 accuracy=0.7875 prediction=0.8689 status=ok
entity30/2/DANN/PCA4 dis2_reference W=nan accuracy=0.7875 prediction=0.6450 status=ok
entity30/2/DANN/PCA16 iw_overlap_critic W=1.0 accuracy=0.7875 prediction=0.6309 status=ok
entity30/2/DANN/PCA16 iw_residual_dis2 W=1.0 accuracy=0.7875 prediction=0.7930 status=ok
entity30/2/DANN/PCA16 iw_overlap_critic W=2.0 accuracy=0.7875 prediction=0.8611 status=ok
entity30/2/DANN/PCA16 iw_residual_dis2 W=2.0 accuracy=0.7875 prediction=0.8611 status=ok
entity30/2/DANN/PCA16 iw_overlap_critic W=5.0 accuracy=0.7875 prediction=0.8611 status=ok
entity30/2/DANN/PCA16 iw_residual_dis2 W=5.0 accuracy=0.7875 prediction=0.8611 status=ok
entity30/2/DANN/PCA16 dis2_reference W=nan accuracy=0.7875 prediction=0.6843 status=ok
entity30/2/DANN/PCA32 iw_overlap_critic W=1.0 accuracy=0.7875 prediction=0.5540 status=ok
entity30/2/DANN/PCA32 iw_residual_dis2 W=1.0 accuracy=0.7875 prediction=0.8626 status=ok
entity30/2/DANN/PCA32 iw_overlap_critic W=2.0 accuracy=0.7875 prediction=0.8610 status=ok
entity30/2/DANN/PCA32 iw_residual_dis2 W=2.0 accuracy=0.7875 prediction=0.8610 status=ok
entity30/2/DANN/PCA32 iw_overlap_critic W=5.0 accuracy=0.7875 prediction=0.8610 status=ok
entity30/2/DANN/PCA32 iw_residual_dis2 W=5.0 accuracy=0.7875 prediction=0.8610 status=ok
entity30/2/DANN/PCA32 dis2_reference W=nan accuracy=0.7875 prediction=0.6810 status=ok
entity30/2/DANN/PCA64 iw_overlap_critic W=1.0 accuracy=0.7875 prediction=0.5116 status=ok
entity30/2/DANN/PCA64 iw_residual_dis2 W=1.0 accuracy=0.7875 prediction=0.8284 status=ok
entity30/2/DANN/PCA64 iw_overlap_critic W=2.0 accuracy=0.7875 prediction=0.8607 status=ok
entity30/2/DANN/PCA64 iw_residual_dis2 W=2.0 accuracy=0.7875 prediction=0.8607 status=ok
entity30/2/DANN/PCA64 iw_overlap_critic W=5.0 accuracy=0.7875 prediction=0.8607 status=ok
entity30/2/DANN/PCA64 iw_residual_dis2 W=5.0 accuracy=0.7875 prediction=0.8607 status=ok
entity30/2/DANN/PCA64 dis2_reference W=nan accuracy=0.7875 prediction=0.6917 status=ok
entity30/2/DANN/PCA128 iw_overlap_critic W=1.0 accuracy=0.7875 prediction=0.3496 status=ok
entity30/2/DANN/PCA128 iw_residual_dis2 W=1.0 accuracy=0.7875 prediction=0.8553 status=ok
entity30/2/DANN/PCA128 iw_overlap_critic W=2.0 accuracy=0.7875 prediction=0.8608 status=ok
entity30/2/DANN/PCA128 iw_residual_dis2 W=2.0 accuracy=0.7875 prediction=0.8608 status=ok
entity30/2/DANN/PCA128 iw_overlap_critic W=5.0 accuracy=0.7875 prediction=0.8608 status=ok
entity30/2/DANN/PCA128 iw_residual_dis2 W=5.0 accuracy=0.7875 prediction=0.8608 status=ok
entity30/2/DANN/PCA128 dis2_reference W=nan accuracy=0.7875 prediction=0.6730 status=ok
entity30/3/DANN/logits iw_overlap_critic W=1.0 accuracy=0.5708 prediction=0.6460 status=ok
entity30/3/DANN/logits iw_residual_dis2 W=1.0 accuracy=0.5708 prediction=0.8651 status=ok
entity30/3/DANN/logits iw_overlap_critic W=2.0 accuracy=0.5708 prediction=0.8563 status=ok
entity30/3/DANN/logits iw_residual_dis2 W=2.0 accuracy=0.5708 prediction=0.8563 status=ok
/storage/homefs/tf24s166/IW_dis2/disagree_discrep_IW/src/lib/utils.py:43: FutureWarning: You are using `torch.load` with `weights_only=False` (the current default value), which uses the default pickle module implicitly. It is possible to construct malicious pickle data which will execute arbitrary code during unpickling (See https://github.com/pytorch/pytorch/blob/main/SECURITY.md#untrusted-models for more details). In a future release, the default value for `weights_only` will be flipped to `True`. This limits the functions that could be executed during unpickling. Arbitrary objects will no longer be allowed to be loaded via this mode unless they are explicitly allowlisted by the user via `torch.serialization.add_safe_globals`. We recommend you start setting `weights_only=True` for any use case where you don't have full control of the loaded file. Please open an issue on GitHub for any issues related to this experimental feature.
  lin.load_state_dict(torch.load(os.path.join(shift_dir, 'linear.pth'), map_location=device))
entity30/3/DANN/logits iw_overlap_critic W=5.0 accuracy=0.5708 prediction=0.8563 status=ok
entity30/3/DANN/logits iw_residual_dis2 W=5.0 accuracy=0.5708 prediction=0.8563 status=ok
entity30/3/DANN/logits dis2_reference W=nan accuracy=0.5708 prediction=0.5997 status=ok
entity30/3/DANN/features iw_overlap_critic W=1.0 accuracy=0.5708 prediction=0.7058 status=ok
entity30/3/DANN/features iw_residual_dis2 W=1.0 accuracy=0.5708 prediction=0.8703 status=ok
entity30/3/DANN/features iw_overlap_critic W=2.0 accuracy=0.5708 prediction=0.8624 status=ok
entity30/3/DANN/features iw_residual_dis2 W=2.0 accuracy=0.5708 prediction=0.8624 status=ok
entity30/3/DANN/features iw_overlap_critic W=5.0 accuracy=0.5708 prediction=0.8624 status=ok
entity30/3/DANN/features iw_residual_dis2 W=5.0 accuracy=0.5708 prediction=0.8624 status=ok
entity30/3/DANN/features dis2_reference W=nan accuracy=0.5708 prediction=0.5483 status=ok
entity30/3/DANN/PCA1 iw_overlap_critic W=1.0 accuracy=0.5708 prediction=0.6981 status=ok
entity30/3/DANN/PCA1 iw_residual_dis2 W=1.0 accuracy=0.5708 prediction=0.8040 status=ok
entity30/3/DANN/PCA1 iw_overlap_critic W=2.0 accuracy=0.5708 prediction=0.8594 status=ok
entity30/3/DANN/PCA1 iw_residual_dis2 W=2.0 accuracy=0.5708 prediction=0.8594 status=ok
entity30/3/DANN/PCA1 iw_overlap_critic W=5.0 accuracy=0.5708 prediction=0.8594 status=ok
entity30/3/DANN/PCA1 iw_residual_dis2 W=5.0 accuracy=0.5708 prediction=0.8594 status=ok
entity30/3/DANN/PCA1 dis2_reference W=nan accuracy=0.5708 prediction=0.4863 status=ok
entity30/3/DANN/PCA4 iw_overlap_critic W=1.0 accuracy=0.5708 prediction=0.6173 status=ok
entity30/3/DANN/PCA4 iw_residual_dis2 W=1.0 accuracy=0.5708 prediction=0.8503 status=ok
entity30/3/DANN/PCA4 iw_overlap_critic W=2.0 accuracy=0.5708 prediction=0.8574 status=ok
entity30/3/DANN/PCA4 iw_residual_dis2 W=2.0 accuracy=0.5708 prediction=0.8574 status=ok
entity30/3/DANN/PCA4 iw_overlap_critic W=5.0 accuracy=0.5708 prediction=0.8574 status=ok
entity30/3/DANN/PCA4 iw_residual_dis2 W=5.0 accuracy=0.5708 prediction=0.8574 status=ok
entity30/3/DANN/PCA4 dis2_reference W=nan accuracy=0.5708 prediction=0.5750 status=ok
entity30/3/DANN/PCA16 iw_overlap_critic W=1.0 accuracy=0.5708 prediction=0.6160 status=ok
entity30/3/DANN/PCA16 iw_residual_dis2 W=1.0 accuracy=0.5708 prediction=0.7881 status=ok
entity30/3/DANN/PCA16 iw_overlap_critic W=2.0 accuracy=0.5708 prediction=0.8594 status=ok
entity30/3/DANN/PCA16 iw_residual_dis2 W=2.0 accuracy=0.5708 prediction=0.8594 status=ok
entity30/3/DANN/PCA16 iw_overlap_critic W=5.0 accuracy=0.5708 prediction=0.8594 status=ok
entity30/3/DANN/PCA16 iw_residual_dis2 W=5.0 accuracy=0.5708 prediction=0.8594 status=ok
entity30/3/DANN/PCA16 dis2_reference W=nan accuracy=0.5708 prediction=0.5590 status=ok
entity30/3/DANN/PCA32 iw_overlap_critic W=1.0 accuracy=0.5708 prediction=0.5887 status=ok
entity30/3/DANN/PCA32 iw_residual_dis2 W=1.0 accuracy=0.5708 prediction=0.8078 status=ok
entity30/3/DANN/PCA32 iw_overlap_critic W=2.0 accuracy=0.5708 prediction=0.8612 status=ok
entity30/3/DANN/PCA32 iw_residual_dis2 W=2.0 accuracy=0.5708 prediction=0.8612 status=ok
entity30/3/DANN/PCA32 iw_overlap_critic W=5.0 accuracy=0.5708 prediction=0.8595 status=ok
entity30/3/DANN/PCA32 iw_residual_dis2 W=5.0 accuracy=0.5708 prediction=0.8595 status=ok
entity30/3/DANN/PCA32 dis2_reference W=nan accuracy=0.5708 prediction=0.6030 status=ok
entity30/3/DANN/PCA64 iw_overlap_critic W=1.0 accuracy=0.5708 prediction=0.3993 status=ok
entity30/3/DANN/PCA64 iw_residual_dis2 W=1.0 accuracy=0.5708 prediction=0.8507 status=ok
entity30/3/DANN/PCA64 iw_overlap_critic W=2.0 accuracy=0.5708 prediction=0.8573 status=ok
entity30/3/DANN/PCA64 iw_residual_dis2 W=2.0 accuracy=0.5708 prediction=0.8573 status=ok
entity30/3/DANN/PCA64 iw_overlap_critic W=5.0 accuracy=0.5708 prediction=0.8573 status=ok
entity30/3/DANN/PCA64 iw_residual_dis2 W=5.0 accuracy=0.5708 prediction=0.8573 status=ok
entity30/3/DANN/PCA64 dis2_reference W=nan accuracy=0.5708 prediction=0.6403 status=ok
entity30/3/DANN/PCA128 iw_overlap_critic W=1.0 accuracy=0.5708 prediction=0.3958 status=ok
entity30/3/DANN/PCA128 iw_residual_dis2 W=1.0 accuracy=0.5708 prediction=0.8397 status=ok
entity30/3/DANN/PCA128 iw_overlap_critic W=2.0 accuracy=0.5708 prediction=0.8576 status=ok
entity30/3/DANN/PCA128 iw_residual_dis2 W=2.0 accuracy=0.5708 prediction=0.8576 status=ok
entity30/3/DANN/PCA128 iw_overlap_critic W=5.0 accuracy=0.5708 prediction=0.8576 status=ok
entity30/3/DANN/PCA128 iw_residual_dis2 W=5.0 accuracy=0.5708 prediction=0.8576 status=ok
entity30/3/DANN/PCA128 dis2_reference W=nan accuracy=0.5708 prediction=0.6423 status=ok
entity30/1/CDANN/logits iw_overlap_critic W=1.0 accuracy=0.6279 prediction=0.4963 status=ok
entity30/1/CDANN/logits iw_residual_dis2 W=1.0 accuracy=0.6279 prediction=0.8320 status=ok
entity30/1/CDANN/logits iw_overlap_critic W=2.0 accuracy=0.6279 prediction=0.8554 status=ok
entity30/1/CDANN/logits iw_residual_dis2 W=2.0 accuracy=0.6279 prediction=0.8554 status=ok
entity30/1/CDANN/logits iw_overlap_critic W=5.0 accuracy=0.6279 prediction=0.8554 status=ok
entity30/1/CDANN/logits iw_residual_dis2 W=5.0 accuracy=0.6279 prediction=0.8554 status=ok
entity30/1/CDANN/logits dis2_reference W=nan accuracy=0.6279 prediction=0.6757 status=ok
entity30/1/CDANN/features iw_overlap_critic W=1.0 accuracy=0.6279 prediction=0.5258 status=ok
entity30/1/CDANN/features iw_residual_dis2 W=1.0 accuracy=0.6279 prediction=0.7907 status=ok
entity30/1/CDANN/features iw_overlap_critic W=2.0 accuracy=0.6279 prediction=0.8440 status=ok
entity30/1/CDANN/features iw_residual_dis2 W=2.0 accuracy=0.6279 prediction=0.8492 status=ok
entity30/1/CDANN/features iw_overlap_critic W=5.0 accuracy=0.6279 prediction=0.8481 status=ok
entity30/1/CDANN/features iw_residual_dis2 W=5.0 accuracy=0.6279 prediction=0.8481 status=ok
entity30/1/CDANN/features dis2_reference W=nan accuracy=0.6279 prediction=0.6588 status=ok
entity30/1/CDANN/PCA1 iw_overlap_critic W=1.0 accuracy=0.6279 prediction=0.6487 status=ok
entity30/1/CDANN/PCA1 iw_residual_dis2 W=1.0 accuracy=0.6279 prediction=0.7756 status=ok
entity30/1/CDANN/PCA1 iw_overlap_critic W=2.0 accuracy=0.6279 prediction=0.7632 status=ok
entity30/1/CDANN/PCA1 iw_residual_dis2 W=2.0 accuracy=0.6279 prediction=0.8295 status=ok
entity30/1/CDANN/PCA1 iw_overlap_critic W=5.0 accuracy=0.6279 prediction=0.8262 status=ok
entity30/1/CDANN/PCA1 iw_residual_dis2 W=5.0 accuracy=0.6279 prediction=nan status=unsupported_residual_source_region
entity30/1/CDANN/PCA1 dis2_reference W=nan accuracy=0.6279 prediction=0.6482 status=ok
entity30/1/CDANN/PCA4 iw_overlap_critic W=1.0 accuracy=0.6279 prediction=0.5710 status=ok
entity30/1/CDANN/PCA4 iw_residual_dis2 W=1.0 accuracy=0.6279 prediction=0.7629 status=ok
entity30/1/CDANN/PCA4 iw_overlap_critic W=2.0 accuracy=0.6279 prediction=0.8379 status=ok
entity30/1/CDANN/PCA4 iw_residual_dis2 W=2.0 accuracy=0.6279 prediction=0.8465 status=ok
entity30/1/CDANN/PCA4 iw_overlap_critic W=5.0 accuracy=0.6279 prediction=0.8458 status=ok
entity30/1/CDANN/PCA4 iw_residual_dis2 W=5.0 accuracy=0.6279 prediction=0.8458 status=ok
entity30/1/CDANN/PCA4 dis2_reference W=nan accuracy=0.6279 prediction=0.6495 status=ok
entity30/1/CDANN/PCA16 iw_overlap_critic W=1.0 accuracy=0.6279 prediction=0.4468 status=ok
entity30/1/CDANN/PCA16 iw_residual_dis2 W=1.0 accuracy=0.6279 prediction=0.8197 status=ok
entity30/1/CDANN/PCA16 iw_overlap_critic W=2.0 accuracy=0.6279 prediction=0.8557 status=ok
entity30/1/CDANN/PCA16 iw_residual_dis2 W=2.0 accuracy=0.6279 prediction=0.8557 status=ok
entity30/1/CDANN/PCA16 iw_overlap_critic W=5.0 accuracy=0.6279 prediction=0.8557 status=ok
entity30/1/CDANN/PCA16 iw_residual_dis2 W=5.0 accuracy=0.6279 prediction=0.8557 status=ok
entity30/1/CDANN/PCA16 dis2_reference W=nan accuracy=0.6279 prediction=0.6655 status=ok
entity30/1/CDANN/PCA32 iw_overlap_critic W=1.0 accuracy=0.6279 prediction=0.4074 status=ok
entity30/1/CDANN/PCA32 iw_residual_dis2 W=1.0 accuracy=0.6279 prediction=0.8324 status=ok
entity30/1/CDANN/PCA32 iw_overlap_critic W=2.0 accuracy=0.6279 prediction=0.8563 status=ok
/storage/homefs/tf24s166/IW_dis2/disagree_discrep_IW/src/lib/utils.py:43: FutureWarning: You are using `torch.load` with `weights_only=False` (the current default value), which uses the default pickle module implicitly. It is possible to construct malicious pickle data which will execute arbitrary code during unpickling (See https://github.com/pytorch/pytorch/blob/main/SECURITY.md#untrusted-models for more details). In a future release, the default value for `weights_only` will be flipped to `True`. This limits the functions that could be executed during unpickling. Arbitrary objects will no longer be allowed to be loaded via this mode unless they are explicitly allowlisted by the user via `torch.serialization.add_safe_globals`. We recommend you start setting `weights_only=True` for any use case where you don't have full control of the loaded file. Please open an issue on GitHub for any issues related to this experimental feature.
  lin.load_state_dict(torch.load(os.path.join(shift_dir, 'linear.pth'), map_location=device))
/storage/homefs/tf24s166/IW_dis2/disagree_discrep_IW/src/lib/utils.py:43: FutureWarning: You are using `torch.load` with `weights_only=False` (the current default value), which uses the default pickle module implicitly. It is possible to construct malicious pickle data which will execute arbitrary code during unpickling (See https://github.com/pytorch/pytorch/blob/main/SECURITY.md#untrusted-models for more details). In a future release, the default value for `weights_only` will be flipped to `True`. This limits the functions that could be executed during unpickling. Arbitrary objects will no longer be allowed to be loaded via this mode unless they are explicitly allowlisted by the user via `torch.serialization.add_safe_globals`. We recommend you start setting `weights_only=True` for any use case where you don't have full control of the loaded file. Please open an issue on GitHub for any issues related to this experimental feature.
  lin.load_state_dict(torch.load(os.path.join(shift_dir, 'linear.pth'), map_location=device))
entity30/1/CDANN/PCA32 iw_residual_dis2 W=2.0 accuracy=0.6279 prediction=0.8563 status=ok
entity30/1/CDANN/PCA32 iw_overlap_critic W=5.0 accuracy=0.6279 prediction=0.8563 status=ok
entity30/1/CDANN/PCA32 iw_residual_dis2 W=5.0 accuracy=0.6279 prediction=0.8563 status=ok
entity30/1/CDANN/PCA32 dis2_reference W=nan accuracy=0.6279 prediction=0.7240 status=ok
entity30/1/CDANN/PCA64 iw_overlap_critic W=1.0 accuracy=0.6279 prediction=0.4071 status=ok
entity30/1/CDANN/PCA64 iw_residual_dis2 W=1.0 accuracy=0.6279 prediction=0.8377 status=ok
entity30/1/CDANN/PCA64 iw_overlap_critic W=2.0 accuracy=0.6279 prediction=0.8561 status=ok
entity30/1/CDANN/PCA64 iw_residual_dis2 W=2.0 accuracy=0.6279 prediction=0.8561 status=ok
entity30/1/CDANN/PCA64 iw_overlap_critic W=5.0 accuracy=0.6279 prediction=0.8561 status=ok
entity30/1/CDANN/PCA64 iw_residual_dis2 W=5.0 accuracy=0.6279 prediction=0.8561 status=ok
entity30/1/CDANN/PCA64 dis2_reference W=nan accuracy=0.6279 prediction=0.7461 status=ok
entity30/1/CDANN/PCA128 iw_overlap_critic W=1.0 accuracy=0.6279 prediction=0.4977 status=ok
entity30/1/CDANN/PCA128 iw_residual_dis2 W=1.0 accuracy=0.6279 prediction=0.8688 status=ok
entity30/1/CDANN/PCA128 iw_overlap_critic W=2.0 accuracy=0.6279 prediction=0.8583 status=ok
entity30/1/CDANN/PCA128 iw_residual_dis2 W=2.0 accuracy=0.6279 prediction=0.8583 status=ok
entity30/1/CDANN/PCA128 iw_overlap_critic W=5.0 accuracy=0.6279 prediction=0.8583 status=ok
entity30/1/CDANN/PCA128 iw_residual_dis2 W=5.0 accuracy=0.6279 prediction=0.8583 status=ok
entity30/1/CDANN/PCA128 dis2_reference W=nan accuracy=0.6279 prediction=0.7853 status=ok
entity30/2/CDANN/logits iw_overlap_critic W=1.0 accuracy=0.8125 prediction=0.6755 status=ok
entity30/2/CDANN/logits iw_residual_dis2 W=1.0 accuracy=0.8125 prediction=0.8543 status=ok
entity30/2/CDANN/logits iw_overlap_critic W=2.0 accuracy=0.8125 prediction=0.8626 status=ok
entity30/2/CDANN/logits iw_residual_dis2 W=2.0 accuracy=0.8125 prediction=0.8626 status=ok
entity30/2/CDANN/logits iw_overlap_critic W=5.0 accuracy=0.8125 prediction=0.8626 status=ok
entity30/2/CDANN/logits iw_residual_dis2 W=5.0 accuracy=0.8125 prediction=0.8626 status=ok
entity30/2/CDANN/logits dis2_reference W=nan accuracy=0.8125 prediction=0.6390 status=ok
entity30/2/CDANN/features iw_overlap_critic W=1.0 accuracy=0.8125 prediction=0.7250 status=ok
entity30/2/CDANN/features iw_residual_dis2 W=1.0 accuracy=0.8125 prediction=0.8008 status=ok
entity30/2/CDANN/features iw_overlap_critic W=2.0 accuracy=0.8125 prediction=0.8626 status=ok
entity30/2/CDANN/features iw_residual_dis2 W=2.0 accuracy=0.8125 prediction=0.8626 status=ok
entity30/2/CDANN/features iw_overlap_critic W=5.0 accuracy=0.8125 prediction=0.8626 status=ok
entity30/2/CDANN/features iw_residual_dis2 W=5.0 accuracy=0.8125 prediction=0.8626 status=ok
entity30/2/CDANN/features dis2_reference W=nan accuracy=0.8125 prediction=0.6417 status=ok
entity30/2/CDANN/PCA1 iw_overlap_critic W=1.0 accuracy=0.8125 prediction=0.7247 status=ok
entity30/2/CDANN/PCA1 iw_residual_dis2 W=1.0 accuracy=0.8125 prediction=0.8708 status=ok
entity30/2/CDANN/PCA1 iw_overlap_critic W=2.0 accuracy=0.8125 prediction=0.8639 status=ok
entity30/2/CDANN/PCA1 iw_residual_dis2 W=2.0 accuracy=0.8125 prediction=0.8639 status=ok
entity30/2/CDANN/PCA1 iw_overlap_critic W=5.0 accuracy=0.8125 prediction=0.8639 status=ok
entity30/2/CDANN/PCA1 iw_residual_dis2 W=5.0 accuracy=0.8125 prediction=0.8639 status=ok
entity30/2/CDANN/PCA1 dis2_reference W=nan accuracy=0.8125 prediction=0.5630 status=ok
entity30/2/CDANN/PCA4 iw_overlap_critic W=1.0 accuracy=0.8125 prediction=0.7963 status=ok
entity30/2/CDANN/PCA4 iw_residual_dis2 W=1.0 accuracy=0.8125 prediction=0.8799 status=ok
entity30/2/CDANN/PCA4 iw_overlap_critic W=2.0 accuracy=0.8125 prediction=nan status=unsupported_critic_region
entity30/2/CDANN/PCA4 iw_residual_dis2 W=2.0 accuracy=0.8125 prediction=nan status=unsupported_critic_region
entity30/2/CDANN/PCA4 iw_overlap_critic W=5.0 accuracy=0.8125 prediction=0.8702 status=ok
entity30/2/CDANN/PCA4 iw_residual_dis2 W=5.0 accuracy=0.8125 prediction=0.8702 status=ok
entity30/2/CDANN/PCA4 dis2_reference W=nan accuracy=0.8125 prediction=0.5603 status=ok
entity30/2/CDANN/PCA16 iw_overlap_critic W=1.0 accuracy=0.8125 prediction=0.6133 status=ok
entity30/2/CDANN/PCA16 iw_residual_dis2 W=1.0 accuracy=0.8125 prediction=0.7803 status=ok
entity30/2/CDANN/PCA16 iw_overlap_critic W=2.0 accuracy=0.8125 prediction=0.8624 status=ok
entity30/2/CDANN/PCA16 iw_residual_dis2 W=2.0 accuracy=0.8125 prediction=0.8624 status=ok
entity30/2/CDANN/PCA16 iw_overlap_critic W=5.0 accuracy=0.8125 prediction=0.8624 status=ok
entity30/2/CDANN/PCA16 iw_residual_dis2 W=5.0 accuracy=0.8125 prediction=0.8624 status=ok
entity30/2/CDANN/PCA16 dis2_reference W=nan accuracy=0.8125 prediction=0.6557 status=ok
entity30/2/CDANN/PCA32 iw_overlap_critic W=1.0 accuracy=0.8125 prediction=0.5290 status=ok
entity30/2/CDANN/PCA32 iw_residual_dis2 W=1.0 accuracy=0.8125 prediction=0.8393 status=ok
entity30/2/CDANN/PCA32 iw_overlap_critic W=2.0 accuracy=0.8125 prediction=0.8639 status=ok
entity30/2/CDANN/PCA32 iw_residual_dis2 W=2.0 accuracy=0.8125 prediction=0.8639 status=ok
entity30/2/CDANN/PCA32 iw_overlap_critic W=5.0 accuracy=0.8125 prediction=0.8639 status=ok
entity30/2/CDANN/PCA32 iw_residual_dis2 W=5.0 accuracy=0.8125 prediction=0.8639 status=ok
entity30/2/CDANN/PCA32 dis2_reference W=nan accuracy=0.8125 prediction=0.6223 status=ok
entity30/2/CDANN/PCA64 iw_overlap_critic W=1.0 accuracy=0.8125 prediction=0.5423 status=ok
entity30/2/CDANN/PCA64 iw_residual_dis2 W=1.0 accuracy=0.8125 prediction=0.8683 status=ok
entity30/2/CDANN/PCA64 iw_overlap_critic W=2.0 accuracy=0.8125 prediction=0.8622 status=ok
entity30/2/CDANN/PCA64 iw_residual_dis2 W=2.0 accuracy=0.8125 prediction=0.8622 status=ok
entity30/2/CDANN/PCA64 iw_overlap_critic W=5.0 accuracy=0.8125 prediction=0.8622 status=ok
entity30/2/CDANN/PCA64 iw_residual_dis2 W=5.0 accuracy=0.8125 prediction=0.8622 status=ok
entity30/2/CDANN/PCA64 dis2_reference W=nan accuracy=0.8125 prediction=0.7150 status=ok
entity30/2/CDANN/PCA128 iw_overlap_critic W=1.0 accuracy=0.8125 prediction=0.5242 status=ok
entity30/2/CDANN/PCA128 iw_residual_dis2 W=1.0 accuracy=0.8125 prediction=0.8622 status=ok
entity30/2/CDANN/PCA128 iw_overlap_critic W=2.0 accuracy=0.8125 prediction=0.8621 status=ok
entity30/2/CDANN/PCA128 iw_residual_dis2 W=2.0 accuracy=0.8125 prediction=0.8621 status=ok
entity30/2/CDANN/PCA128 iw_overlap_critic W=5.0 accuracy=0.8125 prediction=0.8621 status=ok
entity30/2/CDANN/PCA128 iw_residual_dis2 W=5.0 accuracy=0.8125 prediction=0.8621 status=ok
entity30/2/CDANN/PCA128 dis2_reference W=nan accuracy=0.8125 prediction=0.6423 status=ok
entity30/3/CDANN/logits iw_overlap_critic W=1.0 accuracy=0.5625 prediction=0.6571 status=ok
entity30/3/CDANN/logits iw_residual_dis2 W=1.0 accuracy=0.5625 prediction=0.8271 status=ok
entity30/3/CDANN/logits iw_overlap_critic W=2.0 accuracy=0.5625 prediction=0.8461 status=ok
entity30/3/CDANN/logits iw_residual_dis2 W=2.0 accuracy=0.5625 prediction=0.8461 status=ok
entity30/3/CDANN/logits iw_overlap_critic W=5.0 accuracy=0.5625 prediction=0.8461 status=ok
entity30/3/CDANN/logits iw_residual_dis2 W=5.0 accuracy=0.5625 prediction=0.8461 status=ok
entity30/3/CDANN/logits dis2_reference W=nan accuracy=0.5625 prediction=0.6350 status=ok
entity30/3/CDANN/features iw_overlap_critic W=1.0 accuracy=0.5625 prediction=0.6438 status=ok
entity30/3/CDANN/features iw_residual_dis2 W=1.0 accuracy=0.5625 prediction=0.8166 status=ok
entity30/3/CDANN/features iw_overlap_critic W=2.0 accuracy=0.5625 prediction=0.8462 status=ok
entity30/3/CDANN/features iw_residual_dis2 W=2.0 accuracy=0.5625 prediction=0.8462 status=ok
entity30/3/CDANN/features iw_overlap_critic W=5.0 accuracy=0.5625 prediction=0.8462 status=ok
entity30/3/CDANN/features iw_residual_dis2 W=5.0 accuracy=0.5625 prediction=0.8462 status=ok
entity30/3/CDANN/features dis2_reference W=nan accuracy=0.5625 prediction=0.5117 status=ok
entity30/3/CDANN/PCA1 iw_overlap_critic W=1.0 accuracy=0.5625 prediction=0.6761 status=ok
/storage/homefs/tf24s166/IW_dis2/disagree_discrep_IW/src/lib/utils.py:43: FutureWarning: You are using `torch.load` with `weights_only=False` (the current default value), which uses the default pickle module implicitly. It is possible to construct malicious pickle data which will execute arbitrary code during unpickling (See https://github.com/pytorch/pytorch/blob/main/SECURITY.md#untrusted-models for more details). In a future release, the default value for `weights_only` will be flipped to `True`. This limits the functions that could be executed during unpickling. Arbitrary objects will no longer be allowed to be loaded via this mode unless they are explicitly allowlisted by the user via `torch.serialization.add_safe_globals`. We recommend you start setting `weights_only=True` for any use case where you don't have full control of the loaded file. Please open an issue on GitHub for any issues related to this experimental feature.
  lin.load_state_dict(torch.load(os.path.join(shift_dir, 'linear.pth'), map_location=device))
entity30/3/CDANN/PCA1 iw_residual_dis2 W=1.0 accuracy=0.5625 prediction=0.8416 status=ok
entity30/3/CDANN/PCA1 iw_overlap_critic W=2.0 accuracy=0.5625 prediction=0.8479 status=ok
entity30/3/CDANN/PCA1 iw_residual_dis2 W=2.0 accuracy=0.5625 prediction=0.8479 status=ok
entity30/3/CDANN/PCA1 iw_overlap_critic W=5.0 accuracy=0.5625 prediction=0.8479 status=ok
entity30/3/CDANN/PCA1 iw_residual_dis2 W=5.0 accuracy=0.5625 prediction=0.8479 status=ok
entity30/3/CDANN/PCA1 dis2_reference W=nan accuracy=0.5625 prediction=0.5430 status=ok
entity30/3/CDANN/PCA4 iw_overlap_critic W=1.0 accuracy=0.5625 prediction=0.6900 status=ok
entity30/3/CDANN/PCA4 iw_residual_dis2 W=1.0 accuracy=0.5625 prediction=0.8143 status=ok
entity30/3/CDANN/PCA4 iw_overlap_critic W=2.0 accuracy=0.5625 prediction=0.8469 status=ok
entity30/3/CDANN/PCA4 iw_residual_dis2 W=2.0 accuracy=0.5625 prediction=0.8469 status=ok
entity30/3/CDANN/PCA4 iw_overlap_critic W=5.0 accuracy=0.5625 prediction=0.8469 status=ok
entity30/3/CDANN/PCA4 iw_residual_dis2 W=5.0 accuracy=0.5625 prediction=0.8469 status=ok
entity30/3/CDANN/PCA4 dis2_reference W=nan accuracy=0.5625 prediction=0.5003 status=ok
entity30/3/CDANN/PCA16 iw_overlap_critic W=1.0 accuracy=0.5625 prediction=0.4356 status=ok
entity30/3/CDANN/PCA16 iw_residual_dis2 W=1.0 accuracy=0.5625 prediction=0.8853 status=ok
entity30/3/CDANN/PCA16 iw_overlap_critic W=2.0 accuracy=0.5625 prediction=0.8461 status=ok
entity30/3/CDANN/PCA16 iw_residual_dis2 W=2.0 accuracy=0.5625 prediction=0.8461 status=ok
entity30/3/CDANN/PCA16 iw_overlap_critic W=5.0 accuracy=0.5625 prediction=0.8461 status=ok
entity30/3/CDANN/PCA16 iw_residual_dis2 W=5.0 accuracy=0.5625 prediction=0.8461 status=ok
entity30/3/CDANN/PCA16 dis2_reference W=nan accuracy=0.5625 prediction=0.5597 status=ok
entity30/3/CDANN/PCA32 iw_overlap_critic W=1.0 accuracy=0.5625 prediction=0.4883 status=ok
entity30/3/CDANN/PCA32 iw_residual_dis2 W=1.0 accuracy=0.5625 prediction=0.8133 status=ok
entity30/3/CDANN/PCA32 iw_overlap_critic W=2.0 accuracy=0.5625 prediction=0.8482 status=ok
entity30/3/CDANN/PCA32 iw_residual_dis2 W=2.0 accuracy=0.5625 prediction=0.8482 status=ok
entity30/3/CDANN/PCA32 iw_overlap_critic W=5.0 accuracy=0.5625 prediction=0.8482 status=ok
entity30/3/CDANN/PCA32 iw_residual_dis2 W=5.0 accuracy=0.5625 prediction=0.8482 status=ok
entity30/3/CDANN/PCA32 dis2_reference W=nan accuracy=0.5625 prediction=0.6397 status=ok
entity30/3/CDANN/PCA64 iw_overlap_critic W=1.0 accuracy=0.5625 prediction=0.4993 status=ok
entity30/3/CDANN/PCA64 iw_residual_dis2 W=1.0 accuracy=0.5625 prediction=0.8269 status=ok
entity30/3/CDANN/PCA64 iw_overlap_critic W=2.0 accuracy=0.5625 prediction=0.8458 status=ok
entity30/3/CDANN/PCA64 iw_residual_dis2 W=2.0 accuracy=0.5625 prediction=0.8458 status=ok
entity30/3/CDANN/PCA64 iw_overlap_critic W=5.0 accuracy=0.5625 prediction=0.8458 status=ok
entity30/3/CDANN/PCA64 iw_residual_dis2 W=5.0 accuracy=0.5625 prediction=0.8458 status=ok
entity30/3/CDANN/PCA64 dis2_reference W=nan accuracy=0.5625 prediction=0.6197 status=ok
entity30/3/CDANN/PCA128 iw_overlap_critic W=1.0 accuracy=0.5625 prediction=0.5345 status=ok
entity30/3/CDANN/PCA128 iw_residual_dis2 W=1.0 accuracy=0.5625 prediction=0.8694 status=ok
entity30/3/CDANN/PCA128 iw_overlap_critic W=2.0 accuracy=0.5625 prediction=0.8457 status=ok
entity30/3/CDANN/PCA128 iw_residual_dis2 W=2.0 accuracy=0.5625 prediction=0.8457 status=ok
entity30/3/CDANN/PCA128 iw_overlap_critic W=5.0 accuracy=0.5625 prediction=0.8457 status=ok
entity30/3/CDANN/PCA128 iw_residual_dis2 W=5.0 accuracy=0.5625 prediction=0.8457 status=ok
entity30/3/CDANN/PCA128 dis2_reference W=nan accuracy=0.5625 prediction=0.6810 status=ok
entity30/1/FixMatch/logits iw_overlap_critic W=1.0 accuracy=0.6680 prediction=0.4417 status=ok
entity30/1/FixMatch/logits iw_residual_dis2 W=1.0 accuracy=0.6680 prediction=0.7935 status=ok
entity30/1/FixMatch/logits iw_overlap_critic W=2.0 accuracy=0.6680 prediction=0.8609 status=ok
entity30/1/FixMatch/logits iw_residual_dis2 W=2.0 accuracy=0.6680 prediction=0.8609 status=ok
entity30/1/FixMatch/logits iw_overlap_critic W=5.0 accuracy=0.6680 prediction=0.8609 status=ok
entity30/1/FixMatch/logits iw_residual_dis2 W=5.0 accuracy=0.6680 prediction=0.8609 status=ok
entity30/1/FixMatch/logits dis2_reference W=nan accuracy=0.6680 prediction=0.5975 status=ok
entity30/1/FixMatch/features iw_overlap_critic W=1.0 accuracy=0.6680 prediction=0.4300 status=ok
entity30/1/FixMatch/features iw_residual_dis2 W=1.0 accuracy=0.6680 prediction=0.6829 status=ok
entity30/1/FixMatch/features iw_overlap_critic W=2.0 accuracy=0.6680 prediction=0.7347 status=ok
entity30/1/FixMatch/features iw_residual_dis2 W=2.0 accuracy=0.6680 prediction=0.8017 status=ok
entity30/1/FixMatch/features iw_overlap_critic W=5.0 accuracy=0.6680 prediction=0.8261 status=ok
entity30/1/FixMatch/features iw_residual_dis2 W=5.0 accuracy=0.6680 prediction=nan status=unsupported_critic_region
entity30/1/FixMatch/features dis2_reference W=nan accuracy=0.6680 prediction=0.4743 status=ok
entity30/1/FixMatch/PCA1 iw_overlap_critic W=1.0 accuracy=0.6680 prediction=0.4057 status=ok
entity30/1/FixMatch/PCA1 iw_residual_dis2 W=1.0 accuracy=0.6680 prediction=0.6689 status=ok
entity30/1/FixMatch/PCA1 iw_overlap_critic W=2.0 accuracy=0.6680 prediction=0.7437 status=ok
entity30/1/FixMatch/PCA1 iw_residual_dis2 W=2.0 accuracy=0.6680 prediction=0.8154 status=ok
entity30/1/FixMatch/PCA1 iw_overlap_critic W=5.0 accuracy=0.6680 prediction=0.8284 status=ok
entity30/1/FixMatch/PCA1 iw_residual_dis2 W=5.0 accuracy=0.6680 prediction=nan status=unsupported_critic_region
entity30/1/FixMatch/PCA1 dis2_reference W=nan accuracy=0.6680 prediction=0.4477 status=ok
entity30/1/FixMatch/PCA4 iw_overlap_critic W=1.0 accuracy=0.6680 prediction=0.4703 status=ok
entity30/1/FixMatch/PCA4 iw_residual_dis2 W=1.0 accuracy=0.6680 prediction=0.7113 status=ok
entity30/1/FixMatch/PCA4 iw_overlap_critic W=2.0 accuracy=0.6680 prediction=0.8287 status=ok
entity30/1/FixMatch/PCA4 iw_residual_dis2 W=2.0 accuracy=0.6680 prediction=0.8429 status=ok
entity30/1/FixMatch/PCA4 iw_overlap_critic W=5.0 accuracy=0.6680 prediction=0.8474 status=ok
entity30/1/FixMatch/PCA4 iw_residual_dis2 W=5.0 accuracy=0.6680 prediction=0.8474 status=ok
entity30/1/FixMatch/PCA4 dis2_reference W=nan accuracy=0.6680 prediction=0.4999 status=ok
entity30/1/FixMatch/PCA16 iw_overlap_critic W=1.0 accuracy=0.6680 prediction=0.4967 status=ok
entity30/1/FixMatch/PCA16 iw_residual_dis2 W=1.0 accuracy=0.6680 prediction=0.7505 status=ok
entity30/1/FixMatch/PCA16 iw_overlap_critic W=2.0 accuracy=0.6680 prediction=0.8500 status=ok
entity30/1/FixMatch/PCA16 iw_residual_dis2 W=2.0 accuracy=0.6680 prediction=0.8500 status=ok
entity30/1/FixMatch/PCA16 iw_overlap_critic W=5.0 accuracy=0.6680 prediction=0.8500 status=ok
entity30/1/FixMatch/PCA16 iw_residual_dis2 W=5.0 accuracy=0.6680 prediction=0.8500 status=ok
entity30/1/FixMatch/PCA16 dis2_reference W=nan accuracy=0.6680 prediction=0.5702 status=ok
entity30/1/FixMatch/PCA32 iw_overlap_critic W=1.0 accuracy=0.6680 prediction=0.4752 status=ok
entity30/1/FixMatch/PCA32 iw_residual_dis2 W=1.0 accuracy=0.6680 prediction=0.7939 status=ok
entity30/1/FixMatch/PCA32 iw_overlap_critic W=2.0 accuracy=0.6680 prediction=0.8503 status=ok
entity30/1/FixMatch/PCA32 iw_residual_dis2 W=2.0 accuracy=0.6680 prediction=0.8503 status=ok
entity30/1/FixMatch/PCA32 iw_overlap_critic W=5.0 accuracy=0.6680 prediction=0.8503 status=ok
entity30/1/FixMatch/PCA32 iw_residual_dis2 W=5.0 accuracy=0.6680 prediction=0.8503 status=ok
entity30/1/FixMatch/PCA32 dis2_reference W=nan accuracy=0.6680 prediction=0.6720 status=ok
entity30/1/FixMatch/PCA64 iw_overlap_critic W=1.0 accuracy=0.6680 prediction=0.4379 status=ok
entity30/1/FixMatch/PCA64 iw_residual_dis2 W=1.0 accuracy=0.6680 prediction=0.8067 status=ok
entity30/1/FixMatch/PCA64 iw_overlap_critic W=2.0 accuracy=0.6680 prediction=0.8515 status=ok
entity30/1/FixMatch/PCA64 iw_residual_dis2 W=2.0 accuracy=0.6680 prediction=0.8515 status=ok
entity30/1/FixMatch/PCA64 iw_overlap_critic W=5.0 accuracy=0.6680 prediction=0.8515 status=ok
/storage/homefs/tf24s166/IW_dis2/disagree_discrep_IW/src/lib/utils.py:43: FutureWarning: You are using `torch.load` with `weights_only=False` (the current default value), which uses the default pickle module implicitly. It is possible to construct malicious pickle data which will execute arbitrary code during unpickling (See https://github.com/pytorch/pytorch/blob/main/SECURITY.md#untrusted-models for more details). In a future release, the default value for `weights_only` will be flipped to `True`. This limits the functions that could be executed during unpickling. Arbitrary objects will no longer be allowed to be loaded via this mode unless they are explicitly allowlisted by the user via `torch.serialization.add_safe_globals`. We recommend you start setting `weights_only=True` for any use case where you don't have full control of the loaded file. Please open an issue on GitHub for any issues related to this experimental feature.
  lin.load_state_dict(torch.load(os.path.join(shift_dir, 'linear.pth'), map_location=device))
/storage/homefs/tf24s166/IW_dis2/disagree_discrep_IW/src/lib/utils.py:43: FutureWarning: You are using `torch.load` with `weights_only=False` (the current default value), which uses the default pickle module implicitly. It is possible to construct malicious pickle data which will execute arbitrary code during unpickling (See https://github.com/pytorch/pytorch/blob/main/SECURITY.md#untrusted-models for more details). In a future release, the default value for `weights_only` will be flipped to `True`. This limits the functions that could be executed during unpickling. Arbitrary objects will no longer be allowed to be loaded via this mode unless they are explicitly allowlisted by the user via `torch.serialization.add_safe_globals`. We recommend you start setting `weights_only=True` for any use case where you don't have full control of the loaded file. Please open an issue on GitHub for any issues related to this experimental feature.
  lin.load_state_dict(torch.load(os.path.join(shift_dir, 'linear.pth'), map_location=device))
entity30/1/FixMatch/PCA64 iw_residual_dis2 W=5.0 accuracy=0.6680 prediction=0.8515 status=ok
entity30/1/FixMatch/PCA64 dis2_reference W=nan accuracy=0.6680 prediction=0.7256 status=ok
entity30/1/FixMatch/PCA128 iw_overlap_critic W=1.0 accuracy=0.6680 prediction=0.4070 status=ok
entity30/1/FixMatch/PCA128 iw_residual_dis2 W=1.0 accuracy=0.6680 prediction=0.8344 status=ok
entity30/1/FixMatch/PCA128 iw_overlap_critic W=2.0 accuracy=0.6680 prediction=0.8525 status=ok
entity30/1/FixMatch/PCA128 iw_residual_dis2 W=2.0 accuracy=0.6680 prediction=0.8525 status=ok
entity30/1/FixMatch/PCA128 iw_overlap_critic W=5.0 accuracy=0.6680 prediction=0.8525 status=ok
entity30/1/FixMatch/PCA128 iw_residual_dis2 W=5.0 accuracy=0.6680 prediction=0.8525 status=ok
entity30/1/FixMatch/PCA128 dis2_reference W=nan accuracy=0.6680 prediction=0.7620 status=ok
entity30/2/FixMatch/logits iw_overlap_critic W=1.0 accuracy=0.7667 prediction=0.7197 status=ok
entity30/2/FixMatch/logits iw_residual_dis2 W=1.0 accuracy=0.7667 prediction=0.8632 status=ok
entity30/2/FixMatch/logits iw_overlap_critic W=2.0 accuracy=0.7667 prediction=0.8547 status=ok
entity30/2/FixMatch/logits iw_residual_dis2 W=2.0 accuracy=0.7667 prediction=0.8547 status=ok
entity30/2/FixMatch/logits iw_overlap_critic W=5.0 accuracy=0.7667 prediction=0.8547 status=ok
entity30/2/FixMatch/logits iw_residual_dis2 W=5.0 accuracy=0.7667 prediction=0.8547 status=ok
entity30/2/FixMatch/logits dis2_reference W=nan accuracy=0.7667 prediction=0.5817 status=ok
entity30/2/FixMatch/features iw_overlap_critic W=1.0 accuracy=0.7667 prediction=0.8505 status=ok
entity30/2/FixMatch/features iw_residual_dis2 W=1.0 accuracy=0.7667 prediction=0.8881 status=ok
entity30/2/FixMatch/features iw_overlap_critic W=2.0 accuracy=0.7667 prediction=0.8558 status=ok
entity30/2/FixMatch/features iw_residual_dis2 W=2.0 accuracy=0.7667 prediction=0.8558 status=ok
entity30/2/FixMatch/features iw_overlap_critic W=5.0 accuracy=0.7667 prediction=0.8558 status=ok
entity30/2/FixMatch/features iw_residual_dis2 W=5.0 accuracy=0.7667 prediction=0.8558 status=ok
entity30/2/FixMatch/features dis2_reference W=nan accuracy=0.7667 prediction=0.5917 status=ok
entity30/2/FixMatch/PCA1 iw_overlap_critic W=1.0 accuracy=0.7667 prediction=0.7776 status=ok
entity30/2/FixMatch/PCA1 iw_residual_dis2 W=1.0 accuracy=0.7667 prediction=0.8861 status=ok
entity30/2/FixMatch/PCA1 iw_overlap_critic W=2.0 accuracy=0.7667 prediction=0.8557 status=ok
entity30/2/FixMatch/PCA1 iw_residual_dis2 W=2.0 accuracy=0.7667 prediction=0.8557 status=ok
entity30/2/FixMatch/PCA1 iw_overlap_critic W=5.0 accuracy=0.7667 prediction=0.8557 status=ok
entity30/2/FixMatch/PCA1 iw_residual_dis2 W=5.0 accuracy=0.7667 prediction=0.8557 status=ok
entity30/2/FixMatch/PCA1 dis2_reference W=nan accuracy=0.7667 prediction=0.5870 status=ok
entity30/2/FixMatch/PCA4 iw_overlap_critic W=1.0 accuracy=0.7667 prediction=0.7438 status=ok
entity30/2/FixMatch/PCA4 iw_residual_dis2 W=1.0 accuracy=0.7667 prediction=0.8542 status=ok
entity30/2/FixMatch/PCA4 iw_overlap_critic W=2.0 accuracy=0.7667 prediction=0.8556 status=ok
entity30/2/FixMatch/PCA4 iw_residual_dis2 W=2.0 accuracy=0.7667 prediction=0.8556 status=ok
entity30/2/FixMatch/PCA4 iw_overlap_critic W=5.0 accuracy=0.7667 prediction=0.8556 status=ok
entity30/2/FixMatch/PCA4 iw_residual_dis2 W=5.0 accuracy=0.7667 prediction=0.8556 status=ok
entity30/2/FixMatch/PCA4 dis2_reference W=nan accuracy=0.7667 prediction=0.6590 status=ok
entity30/2/FixMatch/PCA16 iw_overlap_critic W=1.0 accuracy=0.7667 prediction=0.6675 status=ok
entity30/2/FixMatch/PCA16 iw_residual_dis2 W=1.0 accuracy=0.7667 prediction=0.8195 status=ok
entity30/2/FixMatch/PCA16 iw_overlap_critic W=2.0 accuracy=0.7667 prediction=0.8544 status=ok
entity30/2/FixMatch/PCA16 iw_residual_dis2 W=2.0 accuracy=0.7667 prediction=0.8544 status=ok
entity30/2/FixMatch/PCA16 iw_overlap_critic W=5.0 accuracy=0.7667 prediction=0.8544 status=ok
entity30/2/FixMatch/PCA16 iw_residual_dis2 W=5.0 accuracy=0.7667 prediction=0.8544 status=ok
entity30/2/FixMatch/PCA16 dis2_reference W=nan accuracy=0.7667 prediction=0.6530 status=ok
entity30/2/FixMatch/PCA32 iw_overlap_critic W=1.0 accuracy=0.7667 prediction=0.4553 status=ok
entity30/2/FixMatch/PCA32 iw_residual_dis2 W=1.0 accuracy=0.7667 prediction=0.8431 status=ok
entity30/2/FixMatch/PCA32 iw_overlap_critic W=2.0 accuracy=0.7667 prediction=0.8542 status=ok
entity30/2/FixMatch/PCA32 iw_residual_dis2 W=2.0 accuracy=0.7667 prediction=0.8542 status=ok
entity30/2/FixMatch/PCA32 iw_overlap_critic W=5.0 accuracy=0.7667 prediction=0.8542 status=ok
entity30/2/FixMatch/PCA32 iw_residual_dis2 W=5.0 accuracy=0.7667 prediction=0.8542 status=ok
entity30/2/FixMatch/PCA32 dis2_reference W=nan accuracy=0.7667 prediction=0.6517 status=ok
entity30/2/FixMatch/PCA64 iw_overlap_critic W=1.0 accuracy=0.7667 prediction=0.5217 status=ok
entity30/2/FixMatch/PCA64 iw_residual_dis2 W=1.0 accuracy=0.7667 prediction=0.8716 status=ok
entity30/2/FixMatch/PCA64 iw_overlap_critic W=2.0 accuracy=0.7667 prediction=0.8540 status=ok
entity30/2/FixMatch/PCA64 iw_residual_dis2 W=2.0 accuracy=0.7667 prediction=0.8540 status=ok
entity30/2/FixMatch/PCA64 iw_overlap_critic W=5.0 accuracy=0.7667 prediction=0.8540 status=ok
entity30/2/FixMatch/PCA64 iw_residual_dis2 W=5.0 accuracy=0.7667 prediction=0.8540 status=ok
entity30/2/FixMatch/PCA64 dis2_reference W=nan accuracy=0.7667 prediction=0.6743 status=ok
entity30/2/FixMatch/PCA128 iw_overlap_critic W=1.0 accuracy=0.7667 prediction=0.4504 status=ok
entity30/2/FixMatch/PCA128 iw_residual_dis2 W=1.0 accuracy=0.7667 prediction=0.8553 status=ok
entity30/2/FixMatch/PCA128 iw_overlap_critic W=2.0 accuracy=0.7667 prediction=0.8541 status=ok
entity30/2/FixMatch/PCA128 iw_residual_dis2 W=2.0 accuracy=0.7667 prediction=0.8541 status=ok
entity30/2/FixMatch/PCA128 iw_overlap_critic W=5.0 accuracy=0.7667 prediction=0.8541 status=ok
entity30/2/FixMatch/PCA128 iw_residual_dis2 W=5.0 accuracy=0.7667 prediction=0.8541 status=ok
entity30/2/FixMatch/PCA128 dis2_reference W=nan accuracy=0.7667 prediction=0.6550 status=ok
entity30/3/FixMatch/logits iw_overlap_critic W=1.0 accuracy=0.5583 prediction=0.6341 status=ok
entity30/3/FixMatch/logits iw_residual_dis2 W=1.0 accuracy=0.5583 prediction=0.8548 status=ok
entity30/3/FixMatch/logits iw_overlap_critic W=2.0 accuracy=0.5583 prediction=0.8502 status=ok
entity30/3/FixMatch/logits iw_residual_dis2 W=2.0 accuracy=0.5583 prediction=0.8502 status=ok
entity30/3/FixMatch/logits iw_overlap_critic W=5.0 accuracy=0.5583 prediction=0.8502 status=ok
entity30/3/FixMatch/logits iw_residual_dis2 W=5.0 accuracy=0.5583 prediction=0.8502 status=ok
entity30/3/FixMatch/logits dis2_reference W=nan accuracy=0.5583 prediction=0.5943 status=ok
entity30/3/FixMatch/features iw_overlap_critic W=1.0 accuracy=0.5583 prediction=0.7622 status=ok
entity30/3/FixMatch/features iw_residual_dis2 W=1.0 accuracy=0.5583 prediction=0.8283 status=ok
entity30/3/FixMatch/features iw_overlap_critic W=2.0 accuracy=0.5583 prediction=0.8515 status=ok
entity30/3/FixMatch/features iw_residual_dis2 W=2.0 accuracy=0.5583 prediction=0.8515 status=ok
entity30/3/FixMatch/features iw_overlap_critic W=5.0 accuracy=0.5583 prediction=0.8515 status=ok
entity30/3/FixMatch/features iw_residual_dis2 W=5.0 accuracy=0.5583 prediction=0.8515 status=ok
entity30/3/FixMatch/features dis2_reference W=nan accuracy=0.5583 prediction=0.4817 status=ok
entity30/3/FixMatch/PCA1 iw_overlap_critic W=1.0 accuracy=0.5583 prediction=0.6358 status=ok
entity30/3/FixMatch/PCA1 iw_residual_dis2 W=1.0 accuracy=0.5583 prediction=0.7620 status=ok
entity30/3/FixMatch/PCA1 iw_overlap_critic W=2.0 accuracy=0.5583 prediction=0.8529 status=ok
entity30/3/FixMatch/PCA1 iw_residual_dis2 W=2.0 accuracy=0.5583 prediction=0.8529 status=ok
entity30/3/FixMatch/PCA1 iw_overlap_critic W=5.0 accuracy=0.5583 prediction=0.8529 status=ok
entity30/3/FixMatch/PCA1 iw_residual_dis2 W=5.0 accuracy=0.5583 prediction=0.8529 status=ok
entity30/3/FixMatch/PCA1 dis2_reference W=nan accuracy=0.5583 prediction=0.5250 status=ok
entity30/3/FixMatch/PCA4 iw_overlap_critic W=1.0 accuracy=0.5583 prediction=0.6234 status=ok
/storage/homefs/tf24s166/IW_dis2/disagree_discrep_IW/src/lib/utils.py:43: FutureWarning: You are using `torch.load` with `weights_only=False` (the current default value), which uses the default pickle module implicitly. It is possible to construct malicious pickle data which will execute arbitrary code during unpickling (See https://github.com/pytorch/pytorch/blob/main/SECURITY.md#untrusted-models for more details). In a future release, the default value for `weights_only` will be flipped to `True`. This limits the functions that could be executed during unpickling. Arbitrary objects will no longer be allowed to be loaded via this mode unless they are explicitly allowlisted by the user via `torch.serialization.add_safe_globals`. We recommend you start setting `weights_only=True` for any use case where you don't have full control of the loaded file. Please open an issue on GitHub for any issues related to this experimental feature.
  lin.load_state_dict(torch.load(os.path.join(shift_dir, 'linear.pth'), map_location=device))
entity30/3/FixMatch/PCA4 iw_residual_dis2 W=1.0 accuracy=0.5583 prediction=0.8856 status=ok
entity30/3/FixMatch/PCA4 iw_overlap_critic W=2.0 accuracy=0.5583 prediction=0.8511 status=ok
entity30/3/FixMatch/PCA4 iw_residual_dis2 W=2.0 accuracy=0.5583 prediction=0.8511 status=ok
entity30/3/FixMatch/PCA4 iw_overlap_critic W=5.0 accuracy=0.5583 prediction=0.8511 status=ok
entity30/3/FixMatch/PCA4 iw_residual_dis2 W=5.0 accuracy=0.5583 prediction=0.8511 status=ok
entity30/3/FixMatch/PCA4 dis2_reference W=nan accuracy=0.5583 prediction=0.5090 status=ok
entity30/3/FixMatch/PCA16 iw_overlap_critic W=1.0 accuracy=0.5583 prediction=0.6160 status=ok
entity30/3/FixMatch/PCA16 iw_residual_dis2 W=1.0 accuracy=0.5583 prediction=0.8748 status=ok
entity30/3/FixMatch/PCA16 iw_overlap_critic W=2.0 accuracy=0.5583 prediction=0.8502 status=ok
entity30/3/FixMatch/PCA16 iw_residual_dis2 W=2.0 accuracy=0.5583 prediction=0.8502 status=ok
entity30/3/FixMatch/PCA16 iw_overlap_critic W=5.0 accuracy=0.5583 prediction=0.8502 status=ok
entity30/3/FixMatch/PCA16 iw_residual_dis2 W=5.0 accuracy=0.5583 prediction=0.8502 status=ok
entity30/3/FixMatch/PCA16 dis2_reference W=nan accuracy=0.5583 prediction=0.6237 status=ok
entity30/3/FixMatch/PCA32 iw_overlap_critic W=1.0 accuracy=0.5583 prediction=0.5223 status=ok
entity30/3/FixMatch/PCA32 iw_residual_dis2 W=1.0 accuracy=0.5583 prediction=0.7667 status=ok
entity30/3/FixMatch/PCA32 iw_overlap_critic W=2.0 accuracy=0.5583 prediction=0.8477 status=ok
entity30/3/FixMatch/PCA32 iw_residual_dis2 W=2.0 accuracy=0.5583 prediction=0.8477 status=ok
entity30/3/FixMatch/PCA32 iw_overlap_critic W=5.0 accuracy=0.5583 prediction=0.8477 status=ok
entity30/3/FixMatch/PCA32 iw_residual_dis2 W=5.0 accuracy=0.5583 prediction=0.8477 status=ok
entity30/3/FixMatch/PCA32 dis2_reference W=nan accuracy=0.5583 prediction=0.6597 status=ok
entity30/3/FixMatch/PCA64 iw_overlap_critic W=1.0 accuracy=0.5583 prediction=0.5193 status=ok
entity30/3/FixMatch/PCA64 iw_residual_dis2 W=1.0 accuracy=0.5583 prediction=0.8171 status=ok
entity30/3/FixMatch/PCA64 iw_overlap_critic W=2.0 accuracy=0.5583 prediction=0.8483 status=ok
entity30/3/FixMatch/PCA64 iw_residual_dis2 W=2.0 accuracy=0.5583 prediction=0.8483 status=ok
entity30/3/FixMatch/PCA64 iw_overlap_critic W=5.0 accuracy=0.5583 prediction=0.8483 status=ok
entity30/3/FixMatch/PCA64 iw_residual_dis2 W=5.0 accuracy=0.5583 prediction=0.8483 status=ok
entity30/3/FixMatch/PCA64 dis2_reference W=nan accuracy=0.5583 prediction=0.6183 status=ok
entity30/3/FixMatch/PCA128 iw_overlap_critic W=1.0 accuracy=0.5583 prediction=0.4902 status=ok
entity30/3/FixMatch/PCA128 iw_residual_dis2 W=1.0 accuracy=0.5583 prediction=0.8428 status=ok
entity30/3/FixMatch/PCA128 iw_overlap_critic W=2.0 accuracy=0.5583 prediction=0.8470 status=ok
entity30/3/FixMatch/PCA128 iw_residual_dis2 W=2.0 accuracy=0.5583 prediction=0.8470 status=ok
entity30/3/FixMatch/PCA128 iw_overlap_critic W=5.0 accuracy=0.5583 prediction=0.8470 status=ok
entity30/3/FixMatch/PCA128 iw_residual_dis2 W=5.0 accuracy=0.5583 prediction=0.8470 status=ok
entity30/3/FixMatch/PCA128 dis2_reference W=nan accuracy=0.5583 prediction=0.6917 status=ok
cifar10/1/ERM-aug-imagenet/logits iw_overlap_critic W=1.0 accuracy=0.8685 prediction=0.5213 status=ok
cifar10/1/ERM-aug-imagenet/logits iw_residual_dis2 W=1.0 accuracy=0.8685 prediction=0.9047 status=ok
cifar10/1/ERM-aug-imagenet/logits iw_overlap_critic W=2.0 accuracy=0.8685 prediction=0.9586 status=ok
cifar10/1/ERM-aug-imagenet/logits iw_residual_dis2 W=2.0 accuracy=0.8685 prediction=0.9586 status=ok
cifar10/1/ERM-aug-imagenet/logits iw_overlap_critic W=5.0 accuracy=0.8685 prediction=0.9586 status=ok
cifar10/1/ERM-aug-imagenet/logits iw_residual_dis2 W=5.0 accuracy=0.8685 prediction=0.9586 status=ok
cifar10/1/ERM-aug-imagenet/logits dis2_reference W=nan accuracy=0.8685 prediction=0.7858 status=ok
cifar10/1/ERM-aug-imagenet/features iw_overlap_critic W=1.0 accuracy=0.8685 prediction=0.7347 status=ok
cifar10/1/ERM-aug-imagenet/features iw_residual_dis2 W=1.0 accuracy=0.8685 prediction=0.8441 status=ok
cifar10/1/ERM-aug-imagenet/features iw_overlap_critic W=2.0 accuracy=0.8685 prediction=0.9361 status=ok
cifar10/1/ERM-aug-imagenet/features iw_residual_dis2 W=2.0 accuracy=0.8685 prediction=0.9557 status=ok
cifar10/1/ERM-aug-imagenet/features iw_overlap_critic W=5.0 accuracy=0.8685 prediction=0.9573 status=ok
cifar10/1/ERM-aug-imagenet/features iw_residual_dis2 W=5.0 accuracy=0.8685 prediction=0.9573 status=ok
cifar10/1/ERM-aug-imagenet/features dis2_reference W=nan accuracy=0.8685 prediction=0.6402 status=ok
cifar10/1/ERM-aug-imagenet/PCA1 iw_overlap_critic W=1.0 accuracy=0.8685 prediction=0.6933 status=ok
cifar10/1/ERM-aug-imagenet/PCA1 iw_residual_dis2 W=1.0 accuracy=0.8685 prediction=0.8801 status=ok
cifar10/1/ERM-aug-imagenet/PCA1 iw_overlap_critic W=2.0 accuracy=0.8685 prediction=0.9434 status=ok
cifar10/1/ERM-aug-imagenet/PCA1 iw_residual_dis2 W=2.0 accuracy=0.8685 prediction=0.9571 status=ok
cifar10/1/ERM-aug-imagenet/PCA1 iw_overlap_critic W=5.0 accuracy=0.8685 prediction=0.9576 status=ok
cifar10/1/ERM-aug-imagenet/PCA1 iw_residual_dis2 W=5.0 accuracy=0.8685 prediction=0.9576 status=ok
cifar10/1/ERM-aug-imagenet/PCA1 dis2_reference W=nan accuracy=0.8685 prediction=0.6382 status=ok
cifar10/1/ERM-aug-imagenet/PCA4 iw_overlap_critic W=1.0 accuracy=0.8685 prediction=0.5962 status=ok
cifar10/1/ERM-aug-imagenet/PCA4 iw_residual_dis2 W=1.0 accuracy=0.8685 prediction=0.8788 status=ok
cifar10/1/ERM-aug-imagenet/PCA4 iw_overlap_critic W=2.0 accuracy=0.8685 prediction=0.9221 status=ok
cifar10/1/ERM-aug-imagenet/PCA4 iw_residual_dis2 W=2.0 accuracy=0.8685 prediction=0.9413 status=ok
cifar10/1/ERM-aug-imagenet/PCA4 iw_overlap_critic W=5.0 accuracy=0.8685 prediction=0.9522 status=ok
cifar10/1/ERM-aug-imagenet/PCA4 iw_residual_dis2 W=5.0 accuracy=0.8685 prediction=0.9522 status=ok
cifar10/1/ERM-aug-imagenet/PCA4 dis2_reference W=nan accuracy=0.8685 prediction=0.6174 status=ok
cifar10/1/ERM-aug-imagenet/PCA16 iw_overlap_critic W=1.0 accuracy=0.8685 prediction=0.5657 status=ok
cifar10/1/ERM-aug-imagenet/PCA16 iw_residual_dis2 W=1.0 accuracy=0.8685 prediction=0.8345 status=ok
cifar10/1/ERM-aug-imagenet/PCA16 iw_overlap_critic W=2.0 accuracy=0.8685 prediction=0.9326 status=ok
cifar10/1/ERM-aug-imagenet/PCA16 iw_residual_dis2 W=2.0 accuracy=0.8685 prediction=0.9505 status=ok
cifar10/1/ERM-aug-imagenet/PCA16 iw_overlap_critic W=5.0 accuracy=0.8685 prediction=0.9534 status=ok
cifar10/1/ERM-aug-imagenet/PCA16 iw_residual_dis2 W=5.0 accuracy=0.8685 prediction=0.9534 status=ok
cifar10/1/ERM-aug-imagenet/PCA16 dis2_reference W=nan accuracy=0.8685 prediction=0.6886 status=ok
cifar10/1/ERM-aug-imagenet/PCA32 iw_overlap_critic W=1.0 accuracy=0.8685 prediction=0.5506 status=ok
cifar10/1/ERM-aug-imagenet/PCA32 iw_residual_dis2 W=1.0 accuracy=0.8685 prediction=0.9067 status=ok
cifar10/1/ERM-aug-imagenet/PCA32 iw_overlap_critic W=2.0 accuracy=0.8685 prediction=nan status=unsupported_critic_region
cifar10/1/ERM-aug-imagenet/PCA32 iw_residual_dis2 W=2.0 accuracy=0.8685 prediction=nan status=unsupported_critic_region
cifar10/1/ERM-aug-imagenet/PCA32 iw_overlap_critic W=5.0 accuracy=0.8685 prediction=0.9582 status=ok
cifar10/1/ERM-aug-imagenet/PCA32 iw_residual_dis2 W=5.0 accuracy=0.8685 prediction=0.9582 status=ok
cifar10/1/ERM-aug-imagenet/PCA32 dis2_reference W=nan accuracy=0.8685 prediction=0.6826 status=ok
cifar10/1/ERM-aug-imagenet/PCA64 iw_overlap_critic W=1.0 accuracy=0.8685 prediction=0.5480 status=ok
cifar10/1/ERM-aug-imagenet/PCA64 iw_residual_dis2 W=1.0 accuracy=0.8685 prediction=0.9254 status=ok
cifar10/1/ERM-aug-imagenet/PCA64 iw_overlap_critic W=2.0 accuracy=0.8685 prediction=0.9590 status=ok
cifar10/1/ERM-aug-imagenet/PCA64 iw_residual_dis2 W=2.0 accuracy=0.8685 prediction=0.9590 status=ok
cifar10/1/ERM-aug-imagenet/PCA64 iw_overlap_critic W=5.0 accuracy=0.8685 prediction=0.9590 status=ok
cifar10/1/ERM-aug-imagenet/PCA64 iw_residual_dis2 W=5.0 accuracy=0.8685 prediction=0.9590 status=ok
cifar10/1/ERM-aug-imagenet/PCA64 dis2_reference W=nan accuracy=0.8685 prediction=0.8094 status=ok
/storage/homefs/tf24s166/IW_dis2/disagree_discrep_IW/src/lib/utils.py:43: FutureWarning: You are using `torch.load` with `weights_only=False` (the current default value), which uses the default pickle module implicitly. It is possible to construct malicious pickle data which will execute arbitrary code during unpickling (See https://github.com/pytorch/pytorch/blob/main/SECURITY.md#untrusted-models for more details). In a future release, the default value for `weights_only` will be flipped to `True`. This limits the functions that could be executed during unpickling. Arbitrary objects will no longer be allowed to be loaded via this mode unless they are explicitly allowlisted by the user via `torch.serialization.add_safe_globals`. We recommend you start setting `weights_only=True` for any use case where you don't have full control of the loaded file. Please open an issue on GitHub for any issues related to this experimental feature.
  lin.load_state_dict(torch.load(os.path.join(shift_dir, 'linear.pth'), map_location=device))
/storage/homefs/tf24s166/IW_dis2/disagree_discrep_IW/src/lib/utils.py:43: FutureWarning: You are using `torch.load` with `weights_only=False` (the current default value), which uses the default pickle module implicitly. It is possible to construct malicious pickle data which will execute arbitrary code during unpickling (See https://github.com/pytorch/pytorch/blob/main/SECURITY.md#untrusted-models for more details). In a future release, the default value for `weights_only` will be flipped to `True`. This limits the functions that could be executed during unpickling. Arbitrary objects will no longer be allowed to be loaded via this mode unless they are explicitly allowlisted by the user via `torch.serialization.add_safe_globals`. We recommend you start setting `weights_only=True` for any use case where you don't have full control of the loaded file. Please open an issue on GitHub for any issues related to this experimental feature.
  lin.load_state_dict(torch.load(os.path.join(shift_dir, 'linear.pth'), map_location=device))
cifar10/1/ERM-aug-imagenet/PCA128 iw_overlap_critic W=1.0 accuracy=0.8685 prediction=0.4934 status=ok
cifar10/1/ERM-aug-imagenet/PCA128 iw_residual_dis2 W=1.0 accuracy=0.8685 prediction=0.9361 status=ok
cifar10/1/ERM-aug-imagenet/PCA128 iw_overlap_critic W=2.0 accuracy=0.8685 prediction=0.9591 status=ok
cifar10/1/ERM-aug-imagenet/PCA128 iw_residual_dis2 W=2.0 accuracy=0.8685 prediction=0.9591 status=ok
cifar10/1/ERM-aug-imagenet/PCA128 iw_overlap_critic W=5.0 accuracy=0.8685 prediction=0.9591 status=ok
cifar10/1/ERM-aug-imagenet/PCA128 iw_residual_dis2 W=5.0 accuracy=0.8685 prediction=0.9591 status=ok
cifar10/1/ERM-aug-imagenet/PCA128 dis2_reference W=nan accuracy=0.8685 prediction=0.8374 status=ok
cifar10/10/ERM-aug-imagenet/logits iw_overlap_critic W=1.0 accuracy=0.8990 prediction=0.4355 status=ok
cifar10/10/ERM-aug-imagenet/logits iw_residual_dis2 W=1.0 accuracy=0.8990 prediction=0.8582 status=ok
cifar10/10/ERM-aug-imagenet/logits iw_overlap_critic W=2.0 accuracy=0.8990 prediction=0.7514 status=ok
cifar10/10/ERM-aug-imagenet/logits iw_residual_dis2 W=2.0 accuracy=0.8990 prediction=0.9238 status=ok
cifar10/10/ERM-aug-imagenet/logits iw_overlap_critic W=5.0 accuracy=0.8990 prediction=0.9618 status=ok
cifar10/10/ERM-aug-imagenet/logits iw_residual_dis2 W=5.0 accuracy=0.8990 prediction=0.9618 status=ok
cifar10/10/ERM-aug-imagenet/logits dis2_reference W=nan accuracy=0.8990 prediction=0.7858 status=ok
cifar10/10/ERM-aug-imagenet/features iw_overlap_critic W=1.0 accuracy=0.8990 prediction=0.2619 status=ok
cifar10/10/ERM-aug-imagenet/features iw_residual_dis2 W=1.0 accuracy=0.8990 prediction=0.6250 status=ok
cifar10/10/ERM-aug-imagenet/features iw_overlap_critic W=2.0 accuracy=0.8990 prediction=0.2956 status=ok
cifar10/10/ERM-aug-imagenet/features iw_residual_dis2 W=2.0 accuracy=0.8990 prediction=0.6891 status=ok
cifar10/10/ERM-aug-imagenet/features iw_overlap_critic W=5.0 accuracy=0.8990 prediction=0.3129 status=ok
cifar10/10/ERM-aug-imagenet/features iw_residual_dis2 W=5.0 accuracy=0.8990 prediction=0.7456 status=ok
cifar10/10/ERM-aug-imagenet/features dis2_reference W=nan accuracy=0.8990 prediction=0.3234 status=ok
cifar10/10/ERM-aug-imagenet/PCA1 iw_overlap_critic W=1.0 accuracy=0.8990 prediction=0.1936 status=ok
cifar10/10/ERM-aug-imagenet/PCA1 iw_residual_dis2 W=1.0 accuracy=0.8990 prediction=0.5908 status=ok
cifar10/10/ERM-aug-imagenet/PCA1 iw_overlap_critic W=2.0 accuracy=0.8990 prediction=0.2531 status=ok
cifar10/10/ERM-aug-imagenet/PCA1 iw_residual_dis2 W=2.0 accuracy=0.8990 prediction=0.6634 status=ok
cifar10/10/ERM-aug-imagenet/PCA1 iw_overlap_critic W=5.0 accuracy=0.8990 prediction=0.2769 status=ok
cifar10/10/ERM-aug-imagenet/PCA1 iw_residual_dis2 W=5.0 accuracy=0.8990 prediction=0.7280 status=ok
cifar10/10/ERM-aug-imagenet/PCA1 dis2_reference W=nan accuracy=0.8990 prediction=0.2986 status=ok
cifar10/10/ERM-aug-imagenet/PCA4 iw_overlap_critic W=1.0 accuracy=0.8990 prediction=0.3123 status=ok
cifar10/10/ERM-aug-imagenet/PCA4 iw_residual_dis2 W=1.0 accuracy=0.8990 prediction=0.6968 status=ok
cifar10/10/ERM-aug-imagenet/PCA4 iw_overlap_critic W=2.0 accuracy=0.8990 prediction=0.3804 status=ok
cifar10/10/ERM-aug-imagenet/PCA4 iw_residual_dis2 W=2.0 accuracy=0.8990 prediction=0.7358 status=ok
cifar10/10/ERM-aug-imagenet/PCA4 iw_overlap_critic W=5.0 accuracy=0.8990 prediction=0.4651 status=ok
cifar10/10/ERM-aug-imagenet/PCA4 iw_residual_dis2 W=5.0 accuracy=0.8990 prediction=0.8394 status=ok
cifar10/10/ERM-aug-imagenet/PCA4 dis2_reference W=nan accuracy=0.8990 prediction=0.4526 status=ok
cifar10/10/ERM-aug-imagenet/PCA16 iw_overlap_critic W=1.0 accuracy=0.8990 prediction=0.4990 status=ok
cifar10/10/ERM-aug-imagenet/PCA16 iw_residual_dis2 W=1.0 accuracy=0.8990 prediction=0.7527 status=ok
cifar10/10/ERM-aug-imagenet/PCA16 iw_overlap_critic W=2.0 accuracy=0.8990 prediction=0.6448 status=ok
cifar10/10/ERM-aug-imagenet/PCA16 iw_residual_dis2 W=2.0 accuracy=0.8990 prediction=0.8382 status=ok
cifar10/10/ERM-aug-imagenet/PCA16 iw_overlap_critic W=5.0 accuracy=0.8990 prediction=0.7935 status=ok
cifar10/10/ERM-aug-imagenet/PCA16 iw_residual_dis2 W=5.0 accuracy=0.8990 prediction=0.8678 status=ok
cifar10/10/ERM-aug-imagenet/PCA16 dis2_reference W=nan accuracy=0.8990 prediction=0.6298 status=ok
cifar10/10/ERM-aug-imagenet/PCA32 iw_overlap_critic W=1.0 accuracy=0.8990 prediction=0.5034 status=ok
cifar10/10/ERM-aug-imagenet/PCA32 iw_residual_dis2 W=1.0 accuracy=0.8990 prediction=0.8033 status=ok
cifar10/10/ERM-aug-imagenet/PCA32 iw_overlap_critic W=2.0 accuracy=0.8990 prediction=0.7213 status=ok
cifar10/10/ERM-aug-imagenet/PCA32 iw_residual_dis2 W=2.0 accuracy=0.8990 prediction=0.9089 status=ok
cifar10/10/ERM-aug-imagenet/PCA32 iw_overlap_critic W=5.0 accuracy=0.8990 prediction=0.9480 status=ok
cifar10/10/ERM-aug-imagenet/PCA32 iw_residual_dis2 W=5.0 accuracy=0.8990 prediction=0.9588 status=ok
cifar10/10/ERM-aug-imagenet/PCA32 dis2_reference W=nan accuracy=0.8990 prediction=0.7590 status=ok
cifar10/10/ERM-aug-imagenet/PCA64 iw_overlap_critic W=1.0 accuracy=0.8990 prediction=0.4655 status=ok
cifar10/10/ERM-aug-imagenet/PCA64 iw_residual_dis2 W=1.0 accuracy=0.8990 prediction=0.8942 status=ok
cifar10/10/ERM-aug-imagenet/PCA64 iw_overlap_critic W=2.0 accuracy=0.8990 prediction=0.7671 status=ok
cifar10/10/ERM-aug-imagenet/PCA64 iw_residual_dis2 W=2.0 accuracy=0.8990 prediction=0.9193 status=ok
cifar10/10/ERM-aug-imagenet/PCA64 iw_overlap_critic W=5.0 accuracy=0.8990 prediction=0.9640 status=ok
cifar10/10/ERM-aug-imagenet/PCA64 iw_residual_dis2 W=5.0 accuracy=0.8990 prediction=0.9640 status=ok
cifar10/10/ERM-aug-imagenet/PCA64 dis2_reference W=nan accuracy=0.8990 prediction=0.7350 status=ok
cifar10/10/ERM-aug-imagenet/PCA128 iw_overlap_critic W=1.0 accuracy=0.8990 prediction=0.4476 status=ok
cifar10/10/ERM-aug-imagenet/PCA128 iw_residual_dis2 W=1.0 accuracy=0.8990 prediction=0.9133 status=ok
cifar10/10/ERM-aug-imagenet/PCA128 iw_overlap_critic W=2.0 accuracy=0.8990 prediction=0.8618 status=ok
cifar10/10/ERM-aug-imagenet/PCA128 iw_residual_dis2 W=2.0 accuracy=0.8990 prediction=0.9477 status=ok
cifar10/10/ERM-aug-imagenet/PCA128 iw_overlap_critic W=5.0 accuracy=0.8990 prediction=0.9620 status=ok
cifar10/10/ERM-aug-imagenet/PCA128 iw_residual_dis2 W=5.0 accuracy=0.8990 prediction=0.9620 status=ok
cifar10/10/ERM-aug-imagenet/PCA128 dis2_reference W=nan accuracy=0.8990 prediction=0.8090 status=ok
cifar10/71/ERM-aug-imagenet/logits iw_overlap_critic W=1.0 accuracy=0.7685 prediction=0.5123 status=ok
cifar10/71/ERM-aug-imagenet/logits iw_residual_dis2 W=1.0 accuracy=0.7685 prediction=0.7597 status=ok
cifar10/71/ERM-aug-imagenet/logits iw_overlap_critic W=2.0 accuracy=0.7685 prediction=0.6509 status=ok
cifar10/71/ERM-aug-imagenet/logits iw_residual_dis2 W=2.0 accuracy=0.7685 prediction=0.8268 status=ok
cifar10/71/ERM-aug-imagenet/logits iw_overlap_critic W=5.0 accuracy=0.7685 prediction=0.9351 status=ok
cifar10/71/ERM-aug-imagenet/logits iw_residual_dis2 W=5.0 accuracy=0.7685 prediction=0.9501 status=ok
cifar10/71/ERM-aug-imagenet/logits dis2_reference W=nan accuracy=0.7685 prediction=0.6146 status=ok
cifar10/71/ERM-aug-imagenet/features iw_overlap_critic W=1.0 accuracy=0.7685 prediction=0.1019 status=ok
cifar10/71/ERM-aug-imagenet/features iw_residual_dis2 W=1.0 accuracy=0.7685 prediction=0.4683 status=ok
cifar10/71/ERM-aug-imagenet/features iw_overlap_critic W=2.0 accuracy=0.7685 prediction=0.0899 status=ok
cifar10/71/ERM-aug-imagenet/features iw_residual_dis2 W=2.0 accuracy=0.7685 prediction=0.5096 status=ok
cifar10/71/ERM-aug-imagenet/features iw_overlap_critic W=5.0 accuracy=0.7685 prediction=0.0972 status=ok
cifar10/71/ERM-aug-imagenet/features iw_residual_dis2 W=5.0 accuracy=0.7685 prediction=0.6469 status=ok
cifar10/71/ERM-aug-imagenet/features dis2_reference W=nan accuracy=0.7685 prediction=0.0770 status=ok
cifar10/71/ERM-aug-imagenet/PCA1 iw_overlap_critic W=1.0 accuracy=0.7685 prediction=0.0544 status=ok
cifar10/71/ERM-aug-imagenet/PCA1 iw_residual_dis2 W=1.0 accuracy=0.7685 prediction=0.4475 status=ok
cifar10/71/ERM-aug-imagenet/PCA1 iw_overlap_critic W=2.0 accuracy=0.7685 prediction=0.0623 status=ok
/storage/homefs/tf24s166/IW_dis2/disagree_discrep_IW/src/lib/utils.py:43: FutureWarning: You are using `torch.load` with `weights_only=False` (the current default value), which uses the default pickle module implicitly. It is possible to construct malicious pickle data which will execute arbitrary code during unpickling (See https://github.com/pytorch/pytorch/blob/main/SECURITY.md#untrusted-models for more details). In a future release, the default value for `weights_only` will be flipped to `True`. This limits the functions that could be executed during unpickling. Arbitrary objects will no longer be allowed to be loaded via this mode unless they are explicitly allowlisted by the user via `torch.serialization.add_safe_globals`. We recommend you start setting `weights_only=True` for any use case where you don't have full control of the loaded file. Please open an issue on GitHub for any issues related to this experimental feature.
  lin.load_state_dict(torch.load(os.path.join(shift_dir, 'linear.pth'), map_location=device))
cifar10/71/ERM-aug-imagenet/PCA1 iw_residual_dis2 W=2.0 accuracy=0.7685 prediction=0.5496 status=ok
cifar10/71/ERM-aug-imagenet/PCA1 iw_overlap_critic W=5.0 accuracy=0.7685 prediction=0.0876 status=ok
cifar10/71/ERM-aug-imagenet/PCA1 iw_residual_dis2 W=5.0 accuracy=0.7685 prediction=0.6811 status=ok
cifar10/71/ERM-aug-imagenet/PCA1 dis2_reference W=nan accuracy=0.7685 prediction=0.0722 status=ok
cifar10/71/ERM-aug-imagenet/PCA4 iw_overlap_critic W=1.0 accuracy=0.7685 prediction=0.1087 status=ok
cifar10/71/ERM-aug-imagenet/PCA4 iw_residual_dis2 W=1.0 accuracy=0.7685 prediction=0.4818 status=ok
cifar10/71/ERM-aug-imagenet/PCA4 iw_overlap_critic W=2.0 accuracy=0.7685 prediction=0.1294 status=ok
cifar10/71/ERM-aug-imagenet/PCA4 iw_residual_dis2 W=2.0 accuracy=0.7685 prediction=0.5638 status=ok
cifar10/71/ERM-aug-imagenet/PCA4 iw_overlap_critic W=5.0 accuracy=0.7685 prediction=0.1414 status=ok
cifar10/71/ERM-aug-imagenet/PCA4 iw_residual_dis2 W=5.0 accuracy=0.7685 prediction=0.5993 status=ok
cifar10/71/ERM-aug-imagenet/PCA4 dis2_reference W=nan accuracy=0.7685 prediction=0.1762 status=ok
cifar10/71/ERM-aug-imagenet/PCA16 iw_overlap_critic W=1.0 accuracy=0.7685 prediction=0.2763 status=ok
cifar10/71/ERM-aug-imagenet/PCA16 iw_residual_dis2 W=1.0 accuracy=0.7685 prediction=0.5158 status=ok
cifar10/71/ERM-aug-imagenet/PCA16 iw_overlap_critic W=2.0 accuracy=0.7685 prediction=0.3375 status=ok
cifar10/71/ERM-aug-imagenet/PCA16 iw_residual_dis2 W=2.0 accuracy=0.7685 prediction=0.5625 status=ok
cifar10/71/ERM-aug-imagenet/PCA16 iw_overlap_critic W=5.0 accuracy=0.7685 prediction=0.4508 status=ok
cifar10/71/ERM-aug-imagenet/PCA16 iw_residual_dis2 W=5.0 accuracy=0.7685 prediction=0.6248 status=ok
cifar10/71/ERM-aug-imagenet/PCA16 dis2_reference W=nan accuracy=0.7685 prediction=0.3690 status=ok
cifar10/71/ERM-aug-imagenet/PCA32 iw_overlap_critic W=1.0 accuracy=0.7685 prediction=0.4271 status=ok
cifar10/71/ERM-aug-imagenet/PCA32 iw_residual_dis2 W=1.0 accuracy=0.7685 prediction=0.5961 status=ok
cifar10/71/ERM-aug-imagenet/PCA32 iw_overlap_critic W=2.0 accuracy=0.7685 prediction=0.5206 status=ok
cifar10/71/ERM-aug-imagenet/PCA32 iw_residual_dis2 W=2.0 accuracy=0.7685 prediction=0.6573 status=ok
cifar10/71/ERM-aug-imagenet/PCA32 iw_overlap_critic W=5.0 accuracy=0.7685 prediction=0.7052 status=ok
cifar10/71/ERM-aug-imagenet/PCA32 iw_residual_dis2 W=5.0 accuracy=0.7685 prediction=0.7421 status=ok
cifar10/71/ERM-aug-imagenet/PCA32 dis2_reference W=nan accuracy=0.7685 prediction=0.5718 status=ok
cifar10/71/ERM-aug-imagenet/PCA64 iw_overlap_critic W=1.0 accuracy=0.7685 prediction=0.4610 status=ok
cifar10/71/ERM-aug-imagenet/PCA64 iw_residual_dis2 W=1.0 accuracy=0.7685 prediction=0.7005 status=ok
cifar10/71/ERM-aug-imagenet/PCA64 iw_overlap_critic W=2.0 accuracy=0.7685 prediction=0.6233 status=ok
cifar10/71/ERM-aug-imagenet/PCA64 iw_residual_dis2 W=2.0 accuracy=0.7685 prediction=0.7127 status=ok
cifar10/71/ERM-aug-imagenet/PCA64 iw_overlap_critic W=5.0 accuracy=0.7685 prediction=0.8692 status=ok
cifar10/71/ERM-aug-imagenet/PCA64 iw_residual_dis2 W=5.0 accuracy=0.7685 prediction=0.9141 status=ok
cifar10/71/ERM-aug-imagenet/PCA64 dis2_reference W=nan accuracy=0.7685 prediction=0.6914 status=ok
cifar10/71/ERM-aug-imagenet/PCA128 iw_overlap_critic W=1.0 accuracy=0.7685 prediction=0.3511 status=ok
cifar10/71/ERM-aug-imagenet/PCA128 iw_residual_dis2 W=1.0 accuracy=0.7685 prediction=0.7776 status=ok
cifar10/71/ERM-aug-imagenet/PCA128 iw_overlap_critic W=2.0 accuracy=0.7685 prediction=0.5926 status=ok
cifar10/71/ERM-aug-imagenet/PCA128 iw_residual_dis2 W=2.0 accuracy=0.7685 prediction=0.8250 status=ok
cifar10/71/ERM-aug-imagenet/PCA128 iw_overlap_critic W=5.0 accuracy=0.7685 prediction=0.9568 status=ok
cifar10/71/ERM-aug-imagenet/PCA128 iw_residual_dis2 W=5.0 accuracy=0.7685 prediction=0.9650 status=ok
cifar10/71/ERM-aug-imagenet/PCA128 dis2_reference W=nan accuracy=0.7685 prediction=0.7130 status=ok
cifar10/95/ERM-aug-imagenet/logits iw_overlap_critic W=1.0 accuracy=0.9495 prediction=0.4947 status=ok
cifar10/95/ERM-aug-imagenet/logits iw_residual_dis2 W=1.0 accuracy=0.9495 prediction=0.9152 status=ok
cifar10/95/ERM-aug-imagenet/logits iw_overlap_critic W=2.0 accuracy=0.9495 prediction=0.9599 status=ok
cifar10/95/ERM-aug-imagenet/logits iw_residual_dis2 W=2.0 accuracy=0.9495 prediction=0.9599 status=ok
cifar10/95/ERM-aug-imagenet/logits iw_overlap_critic W=5.0 accuracy=0.9495 prediction=0.9599 status=ok
cifar10/95/ERM-aug-imagenet/logits iw_residual_dis2 W=5.0 accuracy=0.9495 prediction=0.9599 status=ok
cifar10/95/ERM-aug-imagenet/logits dis2_reference W=nan accuracy=0.9495 prediction=0.8270 status=ok
cifar10/95/ERM-aug-imagenet/features iw_overlap_critic W=1.0 accuracy=0.9495 prediction=0.3697 status=ok
cifar10/95/ERM-aug-imagenet/features iw_residual_dis2 W=1.0 accuracy=0.9495 prediction=0.7219 status=ok
cifar10/95/ERM-aug-imagenet/features iw_overlap_critic W=2.0 accuracy=0.9495 prediction=0.4477 status=ok
cifar10/95/ERM-aug-imagenet/features iw_residual_dis2 W=2.0 accuracy=0.9495 prediction=0.8215 status=ok
cifar10/95/ERM-aug-imagenet/features iw_overlap_critic W=5.0 accuracy=0.9495 prediction=0.5321 status=ok
cifar10/95/ERM-aug-imagenet/features iw_residual_dis2 W=5.0 accuracy=0.9495 prediction=0.8200 status=ok
cifar10/95/ERM-aug-imagenet/features dis2_reference W=nan accuracy=0.9495 prediction=0.4338 status=ok
cifar10/95/ERM-aug-imagenet/PCA1 iw_overlap_critic W=1.0 accuracy=0.9495 prediction=0.3185 status=ok
cifar10/95/ERM-aug-imagenet/PCA1 iw_residual_dis2 W=1.0 accuracy=0.9495 prediction=0.7303 status=ok
cifar10/95/ERM-aug-imagenet/PCA1 iw_overlap_critic W=2.0 accuracy=0.9495 prediction=0.3978 status=ok
cifar10/95/ERM-aug-imagenet/PCA1 iw_residual_dis2 W=2.0 accuracy=0.9495 prediction=0.7778 status=ok
cifar10/95/ERM-aug-imagenet/PCA1 iw_overlap_critic W=5.0 accuracy=0.9495 prediction=0.5360 status=ok
cifar10/95/ERM-aug-imagenet/PCA1 iw_residual_dis2 W=5.0 accuracy=0.9495 prediction=0.9309 status=ok
cifar10/95/ERM-aug-imagenet/PCA1 dis2_reference W=nan accuracy=0.9495 prediction=0.3850 status=ok
cifar10/95/ERM-aug-imagenet/PCA4 iw_overlap_critic W=1.0 accuracy=0.9495 prediction=0.4142 status=ok
cifar10/95/ERM-aug-imagenet/PCA4 iw_residual_dis2 W=1.0 accuracy=0.9495 prediction=0.8134 status=ok
cifar10/95/ERM-aug-imagenet/PCA4 iw_overlap_critic W=2.0 accuracy=0.9495 prediction=0.5136 status=ok
cifar10/95/ERM-aug-imagenet/PCA4 iw_residual_dis2 W=2.0 accuracy=0.9495 prediction=0.8283 status=ok
cifar10/95/ERM-aug-imagenet/PCA4 iw_overlap_critic W=5.0 accuracy=0.9495 prediction=0.6099 status=ok
cifar10/95/ERM-aug-imagenet/PCA4 iw_residual_dis2 W=5.0 accuracy=0.9495 prediction=0.8696 status=ok
cifar10/95/ERM-aug-imagenet/PCA4 dis2_reference W=nan accuracy=0.9495 prediction=0.5890 status=ok
cifar10/95/ERM-aug-imagenet/PCA16 iw_overlap_critic W=1.0 accuracy=0.9495 prediction=0.5234 status=ok
cifar10/95/ERM-aug-imagenet/PCA16 iw_residual_dis2 W=1.0 accuracy=0.9495 prediction=0.9066 status=ok
cifar10/95/ERM-aug-imagenet/PCA16 iw_overlap_critic W=2.0 accuracy=0.9495 prediction=0.7047 status=ok
cifar10/95/ERM-aug-imagenet/PCA16 iw_residual_dis2 W=2.0 accuracy=0.9495 prediction=0.9346 status=ok
cifar10/95/ERM-aug-imagenet/PCA16 iw_overlap_critic W=5.0 accuracy=0.9495 prediction=0.8974 status=ok
cifar10/95/ERM-aug-imagenet/PCA16 iw_residual_dis2 W=5.0 accuracy=0.9495 prediction=0.9483 status=ok
cifar10/95/ERM-aug-imagenet/PCA16 dis2_reference W=nan accuracy=0.9495 prediction=0.7902 status=ok
cifar10/95/ERM-aug-imagenet/PCA32 iw_overlap_critic W=1.0 accuracy=0.9495 prediction=0.5233 status=ok
cifar10/95/ERM-aug-imagenet/PCA32 iw_residual_dis2 W=1.0 accuracy=0.9495 prediction=0.8948 status=ok
cifar10/95/ERM-aug-imagenet/PCA32 iw_overlap_critic W=2.0 accuracy=0.9495 prediction=0.9367 status=ok
cifar10/95/ERM-aug-imagenet/PCA32 iw_residual_dis2 W=2.0 accuracy=0.9495 prediction=0.9610 status=ok
cifar10/95/ERM-aug-imagenet/PCA32 iw_overlap_critic W=5.0 accuracy=0.9495 prediction=0.9618 status=ok
cifar10/95/ERM-aug-imagenet/PCA32 iw_residual_dis2 W=5.0 accuracy=0.9495 prediction=0.9618 status=ok
/storage/homefs/tf24s166/IW_dis2/disagree_discrep_IW/src/lib/utils.py:43: FutureWarning: You are using `torch.load` with `weights_only=False` (the current default value), which uses the default pickle module implicitly. It is possible to construct malicious pickle data which will execute arbitrary code during unpickling (See https://github.com/pytorch/pytorch/blob/main/SECURITY.md#untrusted-models for more details). In a future release, the default value for `weights_only` will be flipped to `True`. This limits the functions that could be executed during unpickling. Arbitrary objects will no longer be allowed to be loaded via this mode unless they are explicitly allowlisted by the user via `torch.serialization.add_safe_globals`. We recommend you start setting `weights_only=True` for any use case where you don't have full control of the loaded file. Please open an issue on GitHub for any issues related to this experimental feature.
  lin.load_state_dict(torch.load(os.path.join(shift_dir, 'linear.pth'), map_location=device))
/storage/homefs/tf24s166/IW_dis2/disagree_discrep_IW/src/lib/utils.py:43: FutureWarning: You are using `torch.load` with `weights_only=False` (the current default value), which uses the default pickle module implicitly. It is possible to construct malicious pickle data which will execute arbitrary code during unpickling (See https://github.com/pytorch/pytorch/blob/main/SECURITY.md#untrusted-models for more details). In a future release, the default value for `weights_only` will be flipped to `True`. This limits the functions that could be executed during unpickling. Arbitrary objects will no longer be allowed to be loaded via this mode unless they are explicitly allowlisted by the user via `torch.serialization.add_safe_globals`. We recommend you start setting `weights_only=True` for any use case where you don't have full control of the loaded file. Please open an issue on GitHub for any issues related to this experimental feature.
  lin.load_state_dict(torch.load(os.path.join(shift_dir, 'linear.pth'), map_location=device))
cifar10/95/ERM-aug-imagenet/PCA32 dis2_reference W=nan accuracy=0.9495 prediction=0.8850 status=ok
cifar10/95/ERM-aug-imagenet/PCA64 iw_overlap_critic W=1.0 accuracy=0.9495 prediction=0.4515 status=ok
cifar10/95/ERM-aug-imagenet/PCA64 iw_residual_dis2 W=1.0 accuracy=0.9495 prediction=0.9377 status=ok
cifar10/95/ERM-aug-imagenet/PCA64 iw_overlap_critic W=2.0 accuracy=0.9495 prediction=0.9593 status=ok
cifar10/95/ERM-aug-imagenet/PCA64 iw_residual_dis2 W=2.0 accuracy=0.9495 prediction=0.9593 status=ok
cifar10/95/ERM-aug-imagenet/PCA64 iw_overlap_critic W=5.0 accuracy=0.9495 prediction=0.9593 status=ok
cifar10/95/ERM-aug-imagenet/PCA64 iw_residual_dis2 W=5.0 accuracy=0.9495 prediction=0.9593 status=ok
cifar10/95/ERM-aug-imagenet/PCA64 dis2_reference W=nan accuracy=0.9495 prediction=0.8810 status=ok
cifar10/95/ERM-aug-imagenet/PCA128 iw_overlap_critic W=1.0 accuracy=0.9495 prediction=0.5505 status=ok
cifar10/95/ERM-aug-imagenet/PCA128 iw_residual_dis2 W=1.0 accuracy=0.9495 prediction=0.9441 status=ok
cifar10/95/ERM-aug-imagenet/PCA128 iw_overlap_critic W=2.0 accuracy=0.9495 prediction=0.9595 status=ok
cifar10/95/ERM-aug-imagenet/PCA128 iw_residual_dis2 W=2.0 accuracy=0.9495 prediction=0.9595 status=ok
cifar10/95/ERM-aug-imagenet/PCA128 iw_overlap_critic W=5.0 accuracy=0.9495 prediction=0.9595 status=ok
cifar10/95/ERM-aug-imagenet/PCA128 iw_residual_dis2 W=5.0 accuracy=0.9495 prediction=0.9595 status=ok
cifar10/95/ERM-aug-imagenet/PCA128 dis2_reference W=nan accuracy=0.9495 prediction=0.8782 status=ok
Missing features: cifar10/ERM-aug-rand/1; skipping.
Missing features: cifar10/ERM-aug-rand/10; skipping.
Missing features: cifar10/ERM-aug-rand/71; skipping.
Missing features: cifar10/ERM-aug-rand/95; skipping.
cifar10/1/BN_adapt/logits iw_overlap_critic W=1.0 accuracy=0.8540 prediction=0.5118 status=ok
cifar10/1/BN_adapt/logits iw_residual_dis2 W=1.0 accuracy=0.8540 prediction=0.9012 status=ok
cifar10/1/BN_adapt/logits iw_overlap_critic W=2.0 accuracy=0.8540 prediction=0.9579 status=ok
cifar10/1/BN_adapt/logits iw_residual_dis2 W=2.0 accuracy=0.8540 prediction=0.9579 status=ok
cifar10/1/BN_adapt/logits iw_overlap_critic W=5.0 accuracy=0.8540 prediction=0.9579 status=ok
cifar10/1/BN_adapt/logits iw_residual_dis2 W=5.0 accuracy=0.8540 prediction=0.9579 status=ok
cifar10/1/BN_adapt/logits dis2_reference W=nan accuracy=0.8540 prediction=0.8010 status=ok
cifar10/1/BN_adapt/features iw_overlap_critic W=1.0 accuracy=0.8540 prediction=0.7357 status=ok
cifar10/1/BN_adapt/features iw_residual_dis2 W=1.0 accuracy=0.8540 prediction=0.8453 status=ok
cifar10/1/BN_adapt/features iw_overlap_critic W=2.0 accuracy=0.8540 prediction=0.9470 status=ok
cifar10/1/BN_adapt/features iw_residual_dis2 W=2.0 accuracy=0.8540 prediction=0.9485 status=ok
cifar10/1/BN_adapt/features iw_overlap_critic W=5.0 accuracy=0.8540 prediction=0.9559 status=ok
cifar10/1/BN_adapt/features iw_residual_dis2 W=5.0 accuracy=0.8540 prediction=0.9559 status=ok
cifar10/1/BN_adapt/features dis2_reference W=nan accuracy=0.8540 prediction=0.6430 status=ok
cifar10/1/BN_adapt/PCA1 iw_overlap_critic W=1.0 accuracy=0.8540 prediction=0.6921 status=ok
cifar10/1/BN_adapt/PCA1 iw_residual_dis2 W=1.0 accuracy=0.8540 prediction=0.8456 status=ok
cifar10/1/BN_adapt/PCA1 iw_overlap_critic W=2.0 accuracy=0.8540 prediction=0.9495 status=ok
cifar10/1/BN_adapt/PCA1 iw_residual_dis2 W=2.0 accuracy=0.8540 prediction=0.9532 status=ok
cifar10/1/BN_adapt/PCA1 iw_overlap_critic W=5.0 accuracy=0.8540 prediction=0.9554 status=ok
cifar10/1/BN_adapt/PCA1 iw_residual_dis2 W=5.0 accuracy=0.8540 prediction=0.9554 status=ok
cifar10/1/BN_adapt/PCA1 dis2_reference W=nan accuracy=0.8540 prediction=0.6450 status=ok
cifar10/1/BN_adapt/PCA4 iw_overlap_critic W=1.0 accuracy=0.8540 prediction=0.5839 status=ok
cifar10/1/BN_adapt/PCA4 iw_residual_dis2 W=1.0 accuracy=0.8540 prediction=0.8505 status=ok
cifar10/1/BN_adapt/PCA4 iw_overlap_critic W=2.0 accuracy=0.8540 prediction=0.9474 status=ok
cifar10/1/BN_adapt/PCA4 iw_residual_dis2 W=2.0 accuracy=0.8540 prediction=0.9528 status=ok
cifar10/1/BN_adapt/PCA4 iw_overlap_critic W=5.0 accuracy=0.8540 prediction=0.9542 status=ok
cifar10/1/BN_adapt/PCA4 iw_residual_dis2 W=5.0 accuracy=0.8540 prediction=0.9542 status=ok
cifar10/1/BN_adapt/PCA4 dis2_reference W=nan accuracy=0.8540 prediction=0.6210 status=ok
cifar10/1/BN_adapt/PCA16 iw_overlap_critic W=1.0 accuracy=0.8540 prediction=0.5741 status=ok
cifar10/1/BN_adapt/PCA16 iw_residual_dis2 W=1.0 accuracy=0.8540 prediction=0.8205 status=ok
cifar10/1/BN_adapt/PCA16 iw_overlap_critic W=2.0 accuracy=0.8540 prediction=0.9539 status=ok
cifar10/1/BN_adapt/PCA16 iw_residual_dis2 W=2.0 accuracy=0.8540 prediction=0.9514 status=ok
cifar10/1/BN_adapt/PCA16 iw_overlap_critic W=5.0 accuracy=0.8540 prediction=0.9549 status=ok
cifar10/1/BN_adapt/PCA16 iw_residual_dis2 W=5.0 accuracy=0.8540 prediction=0.9549 status=ok
cifar10/1/BN_adapt/PCA16 dis2_reference W=nan accuracy=0.8540 prediction=0.6742 status=ok
cifar10/1/BN_adapt/PCA32 iw_overlap_critic W=1.0 accuracy=0.8540 prediction=0.5427 status=ok
cifar10/1/BN_adapt/PCA32 iw_residual_dis2 W=1.0 accuracy=0.8540 prediction=0.8703 status=ok
cifar10/1/BN_adapt/PCA32 iw_overlap_critic W=2.0 accuracy=0.8540 prediction=0.9592 status=ok
cifar10/1/BN_adapt/PCA32 iw_residual_dis2 W=2.0 accuracy=0.8540 prediction=0.9592 status=ok
cifar10/1/BN_adapt/PCA32 iw_overlap_critic W=5.0 accuracy=0.8540 prediction=0.9592 status=ok
cifar10/1/BN_adapt/PCA32 iw_residual_dis2 W=5.0 accuracy=0.8540 prediction=0.9592 status=ok
cifar10/1/BN_adapt/PCA32 dis2_reference W=nan accuracy=0.8540 prediction=0.7402 status=ok
cifar10/1/BN_adapt/PCA64 iw_overlap_critic W=1.0 accuracy=0.8540 prediction=0.5379 status=ok
cifar10/1/BN_adapt/PCA64 iw_residual_dis2 W=1.0 accuracy=0.8540 prediction=0.9052 status=ok
cifar10/1/BN_adapt/PCA64 iw_overlap_critic W=2.0 accuracy=0.8540 prediction=0.9583 status=ok
cifar10/1/BN_adapt/PCA64 iw_residual_dis2 W=2.0 accuracy=0.8540 prediction=0.9583 status=ok
cifar10/1/BN_adapt/PCA64 iw_overlap_critic W=5.0 accuracy=0.8540 prediction=0.9583 status=ok
cifar10/1/BN_adapt/PCA64 iw_residual_dis2 W=5.0 accuracy=0.8540 prediction=0.9583 status=ok
cifar10/1/BN_adapt/PCA64 dis2_reference W=nan accuracy=0.8540 prediction=0.8362 status=ok
cifar10/1/BN_adapt/PCA128 iw_overlap_critic W=1.0 accuracy=0.8540 prediction=0.4844 status=ok
cifar10/1/BN_adapt/PCA128 iw_residual_dis2 W=1.0 accuracy=0.8540 prediction=0.9420 status=ok
cifar10/1/BN_adapt/PCA128 iw_overlap_critic W=2.0 accuracy=0.8540 prediction=0.9583 status=ok
cifar10/1/BN_adapt/PCA128 iw_residual_dis2 W=2.0 accuracy=0.8540 prediction=0.9583 status=ok
cifar10/1/BN_adapt/PCA128 iw_overlap_critic W=5.0 accuracy=0.8540 prediction=0.9583 status=ok
cifar10/1/BN_adapt/PCA128 iw_residual_dis2 W=5.0 accuracy=0.8540 prediction=0.9583 status=ok
cifar10/1/BN_adapt/PCA128 dis2_reference W=nan accuracy=0.8540 prediction=0.8606 status=ok
cifar10/10/BN_adapt/logits iw_overlap_critic W=1.0 accuracy=0.9185 prediction=0.2852 status=ok
cifar10/10/BN_adapt/logits iw_residual_dis2 W=1.0 accuracy=0.9185 prediction=0.6271 status=ok
cifar10/10/BN_adapt/logits iw_overlap_critic W=2.0 accuracy=0.9185 prediction=0.5634 status=ok
cifar10/10/BN_adapt/logits iw_residual_dis2 W=2.0 accuracy=0.9185 prediction=0.6962 status=ok
cifar10/10/BN_adapt/logits iw_overlap_critic W=5.0 accuracy=0.9185 prediction=0.7235 status=ok
cifar10/10/BN_adapt/logits iw_residual_dis2 W=5.0 accuracy=0.9185 prediction=0.7603 status=ok
cifar10/10/BN_adapt/logits dis2_reference W=nan accuracy=0.9185 prediction=0.5478 status=ok
cifar10/10/BN_adapt/features iw_overlap_critic W=1.0 accuracy=0.9185 prediction=0.1020 status=ok
cifar10/10/BN_adapt/features iw_residual_dis2 W=1.0 accuracy=0.9185 prediction=0.4917 status=ok
cifar10/10/BN_adapt/features iw_overlap_critic W=2.0 accuracy=0.9185 prediction=0.1432 status=ok
cifar10/10/BN_adapt/features iw_residual_dis2 W=2.0 accuracy=0.9185 prediction=0.5677 status=ok
cifar10/10/BN_adapt/features iw_overlap_critic W=5.0 accuracy=0.9185 prediction=0.1852 status=ok
cifar10/10/BN_adapt/features iw_residual_dis2 W=5.0 accuracy=0.9185 prediction=0.9057 status=ok
/storage/homefs/tf24s166/IW_dis2/disagree_discrep_IW/src/lib/utils.py:43: FutureWarning: You are using `torch.load` with `weights_only=False` (the current default value), which uses the default pickle module implicitly. It is possible to construct malicious pickle data which will execute arbitrary code during unpickling (See https://github.com/pytorch/pytorch/blob/main/SECURITY.md#untrusted-models for more details). In a future release, the default value for `weights_only` will be flipped to `True`. This limits the functions that could be executed during unpickling. Arbitrary objects will no longer be allowed to be loaded via this mode unless they are explicitly allowlisted by the user via `torch.serialization.add_safe_globals`. We recommend you start setting `weights_only=True` for any use case where you don't have full control of the loaded file. Please open an issue on GitHub for any issues related to this experimental feature.
  lin.load_state_dict(torch.load(os.path.join(shift_dir, 'linear.pth'), map_location=device))
cifar10/10/BN_adapt/features dis2_reference W=nan accuracy=0.9185 prediction=0.0542 status=ok
cifar10/10/BN_adapt/PCA1 iw_overlap_critic W=1.0 accuracy=0.9185 prediction=0.0882 status=ok
cifar10/10/BN_adapt/PCA1 iw_residual_dis2 W=1.0 accuracy=0.9185 prediction=0.4757 status=ok
cifar10/10/BN_adapt/PCA1 iw_overlap_critic W=2.0 accuracy=0.9185 prediction=0.1223 status=ok
cifar10/10/BN_adapt/PCA1 iw_residual_dis2 W=2.0 accuracy=0.9185 prediction=0.5387 status=ok
cifar10/10/BN_adapt/PCA1 iw_overlap_critic W=5.0 accuracy=0.9185 prediction=0.1907 status=ok
cifar10/10/BN_adapt/PCA1 iw_residual_dis2 W=5.0 accuracy=0.9185 prediction=0.6146 status=ok
cifar10/10/BN_adapt/PCA1 dis2_reference W=nan accuracy=0.9185 prediction=0.0654 status=ok
cifar10/10/BN_adapt/PCA4 iw_overlap_critic W=1.0 accuracy=0.9185 prediction=0.1533 status=ok
cifar10/10/BN_adapt/PCA4 iw_residual_dis2 W=1.0 accuracy=0.9185 prediction=0.6602 status=ok
cifar10/10/BN_adapt/PCA4 iw_overlap_critic W=2.0 accuracy=0.9185 prediction=0.2086 status=ok
cifar10/10/BN_adapt/PCA4 iw_residual_dis2 W=2.0 accuracy=0.9185 prediction=0.7135 status=ok
cifar10/10/BN_adapt/PCA4 iw_overlap_critic W=5.0 accuracy=0.9185 prediction=0.2315 status=ok
cifar10/10/BN_adapt/PCA4 iw_residual_dis2 W=5.0 accuracy=0.9185 prediction=0.8067 status=ok
cifar10/10/BN_adapt/PCA4 dis2_reference W=nan accuracy=0.9185 prediction=0.1870 status=ok
cifar10/10/BN_adapt/PCA16 iw_overlap_critic W=1.0 accuracy=0.9185 prediction=0.2117 status=ok
cifar10/10/BN_adapt/PCA16 iw_residual_dis2 W=1.0 accuracy=0.9185 prediction=0.6731 status=ok
cifar10/10/BN_adapt/PCA16 iw_overlap_critic W=2.0 accuracy=0.9185 prediction=0.2786 status=ok
cifar10/10/BN_adapt/PCA16 iw_residual_dis2 W=2.0 accuracy=0.9185 prediction=0.7282 status=ok
cifar10/10/BN_adapt/PCA16 iw_overlap_critic W=5.0 accuracy=0.9185 prediction=0.4174 status=ok
cifar10/10/BN_adapt/PCA16 iw_residual_dis2 W=5.0 accuracy=0.9185 prediction=0.7365 status=ok
cifar10/10/BN_adapt/PCA16 dis2_reference W=nan accuracy=0.9185 prediction=0.3890 status=ok
cifar10/10/BN_adapt/PCA32 iw_overlap_critic W=1.0 accuracy=0.9185 prediction=0.2424 status=ok
cifar10/10/BN_adapt/PCA32 iw_residual_dis2 W=1.0 accuracy=0.9185 prediction=0.8092 status=ok
cifar10/10/BN_adapt/PCA32 iw_overlap_critic W=2.0 accuracy=0.9185 prediction=0.3642 status=ok
cifar10/10/BN_adapt/PCA32 iw_residual_dis2 W=2.0 accuracy=0.9185 prediction=0.8030 status=ok
cifar10/10/BN_adapt/PCA32 iw_overlap_critic W=5.0 accuracy=0.9185 prediction=0.4917 status=ok
cifar10/10/BN_adapt/PCA32 iw_residual_dis2 W=5.0 accuracy=0.9185 prediction=0.8351 status=ok
cifar10/10/BN_adapt/PCA32 dis2_reference W=nan accuracy=0.9185 prediction=0.4202 status=ok
cifar10/10/BN_adapt/PCA64 iw_overlap_critic W=1.0 accuracy=0.9185 prediction=0.1962 status=ok
cifar10/10/BN_adapt/PCA64 iw_residual_dis2 W=1.0 accuracy=0.9185 prediction=0.6737 status=ok
cifar10/10/BN_adapt/PCA64 iw_overlap_critic W=2.0 accuracy=0.9185 prediction=0.3603 status=ok
cifar10/10/BN_adapt/PCA64 iw_residual_dis2 W=2.0 accuracy=0.9185 prediction=0.7198 status=ok
cifar10/10/BN_adapt/PCA64 iw_overlap_critic W=5.0 accuracy=0.9185 prediction=0.6220 status=ok
cifar10/10/BN_adapt/PCA64 iw_residual_dis2 W=5.0 accuracy=0.9185 prediction=0.8298 status=ok
cifar10/10/BN_adapt/PCA64 dis2_reference W=nan accuracy=0.9185 prediction=0.4746 status=ok
cifar10/10/BN_adapt/PCA128 iw_overlap_critic W=1.0 accuracy=0.9185 prediction=0.1541 status=ok
cifar10/10/BN_adapt/PCA128 iw_residual_dis2 W=1.0 accuracy=0.9185 prediction=0.8004 status=ok
cifar10/10/BN_adapt/PCA128 iw_overlap_critic W=2.0 accuracy=0.9185 prediction=0.4245 status=ok
cifar10/10/BN_adapt/PCA128 iw_residual_dis2 W=2.0 accuracy=0.9185 prediction=0.7988 status=ok
cifar10/10/BN_adapt/PCA128 iw_overlap_critic W=5.0 accuracy=0.9185 prediction=0.5965 status=ok
cifar10/10/BN_adapt/PCA128 iw_residual_dis2 W=5.0 accuracy=0.9185 prediction=0.7977 status=ok
cifar10/10/BN_adapt/PCA128 dis2_reference W=nan accuracy=0.9185 prediction=0.5410 status=ok
cifar10/71/BN_adapt/logits iw_overlap_critic W=1.0 accuracy=0.9310 prediction=0.3720 status=ok
cifar10/71/BN_adapt/logits iw_residual_dis2 W=1.0 accuracy=0.9310 prediction=0.6839 status=ok
cifar10/71/BN_adapt/logits iw_overlap_critic W=2.0 accuracy=0.9310 prediction=0.4795 status=ok
cifar10/71/BN_adapt/logits iw_residual_dis2 W=2.0 accuracy=0.9310 prediction=0.6989 status=ok
cifar10/71/BN_adapt/logits iw_overlap_critic W=5.0 accuracy=0.9310 prediction=0.7278 status=ok
cifar10/71/BN_adapt/logits iw_residual_dis2 W=5.0 accuracy=0.9310 prediction=0.7922 status=ok
cifar10/71/BN_adapt/logits dis2_reference W=nan accuracy=0.9310 prediction=0.6486 status=ok
cifar10/71/BN_adapt/features iw_overlap_critic W=1.0 accuracy=0.9310 prediction=0.0607 status=ok
cifar10/71/BN_adapt/features iw_residual_dis2 W=1.0 accuracy=0.9310 prediction=0.4024 status=ok
cifar10/71/BN_adapt/features iw_overlap_critic W=2.0 accuracy=0.9310 prediction=0.0548 status=ok
cifar10/71/BN_adapt/features iw_residual_dis2 W=2.0 accuracy=0.9310 prediction=0.4512 status=ok
cifar10/71/BN_adapt/features iw_overlap_critic W=5.0 accuracy=0.9310 prediction=0.0643 status=ok
cifar10/71/BN_adapt/features iw_residual_dis2 W=5.0 accuracy=0.9310 prediction=0.4943 status=ok
cifar10/71/BN_adapt/features dis2_reference W=nan accuracy=0.9310 prediction=0.0322 status=ok
cifar10/71/BN_adapt/PCA1 iw_overlap_critic W=1.0 accuracy=0.9310 prediction=0.0402 status=ok
cifar10/71/BN_adapt/PCA1 iw_residual_dis2 W=1.0 accuracy=0.9310 prediction=0.3658 status=ok
cifar10/71/BN_adapt/PCA1 iw_overlap_critic W=2.0 accuracy=0.9310 prediction=0.0729 status=ok
cifar10/71/BN_adapt/PCA1 iw_residual_dis2 W=2.0 accuracy=0.9310 prediction=0.4272 status=ok
cifar10/71/BN_adapt/PCA1 iw_overlap_critic W=5.0 accuracy=0.9310 prediction=0.0749 status=ok
cifar10/71/BN_adapt/PCA1 iw_residual_dis2 W=5.0 accuracy=0.9310 prediction=0.4737 status=ok
cifar10/71/BN_adapt/PCA1 dis2_reference W=nan accuracy=0.9310 prediction=0.0410 status=ok
cifar10/71/BN_adapt/PCA4 iw_overlap_critic W=1.0 accuracy=0.9310 prediction=0.1044 status=ok
cifar10/71/BN_adapt/PCA4 iw_residual_dis2 W=1.0 accuracy=0.9310 prediction=0.4430 status=ok
cifar10/71/BN_adapt/PCA4 iw_overlap_critic W=2.0 accuracy=0.9310 prediction=0.1336 status=ok
cifar10/71/BN_adapt/PCA4 iw_residual_dis2 W=2.0 accuracy=0.9310 prediction=0.5215 status=ok
cifar10/71/BN_adapt/PCA4 iw_overlap_critic W=5.0 accuracy=0.9310 prediction=0.1849 status=ok
cifar10/71/BN_adapt/PCA4 iw_residual_dis2 W=5.0 accuracy=0.9310 prediction=0.5788 status=ok
cifar10/71/BN_adapt/PCA4 dis2_reference W=nan accuracy=0.9310 prediction=0.2142 status=ok
cifar10/71/BN_adapt/PCA16 iw_overlap_critic W=1.0 accuracy=0.9310 prediction=0.1966 status=ok
cifar10/71/BN_adapt/PCA16 iw_residual_dis2 W=1.0 accuracy=0.9310 prediction=0.5312 status=ok
cifar10/71/BN_adapt/PCA16 iw_overlap_critic W=2.0 accuracy=0.9310 prediction=0.2417 status=ok
cifar10/71/BN_adapt/PCA16 iw_residual_dis2 W=2.0 accuracy=0.9310 prediction=0.5353 status=ok
cifar10/71/BN_adapt/PCA16 iw_overlap_critic W=5.0 accuracy=0.9310 prediction=0.3476 status=ok
cifar10/71/BN_adapt/PCA16 iw_residual_dis2 W=5.0 accuracy=0.9310 prediction=0.6124 status=ok
cifar10/71/BN_adapt/PCA16 dis2_reference W=nan accuracy=0.9310 prediction=0.4042 status=ok
cifar10/71/BN_adapt/PCA32 iw_overlap_critic W=1.0 accuracy=0.9310 prediction=0.2767 status=ok
cifar10/71/BN_adapt/PCA32 iw_residual_dis2 W=1.0 accuracy=0.9310 prediction=0.5436 status=ok
cifar10/71/BN_adapt/PCA32 iw_overlap_critic W=2.0 accuracy=0.9310 prediction=0.2765 status=ok
cifar10/71/BN_adapt/PCA32 iw_residual_dis2 W=2.0 accuracy=0.9310 prediction=0.5983 status=ok
cifar10/71/BN_adapt/PCA32 iw_overlap_critic W=5.0 accuracy=0.9310 prediction=0.2563 status=ok
cifar10/71/BN_adapt/PCA32 iw_residual_dis2 W=5.0 accuracy=0.9310 prediction=0.6569 status=ok
cifar10/71/BN_adapt/PCA32 dis2_reference W=nan accuracy=0.9310 prediction=0.4386 status=ok
cifar10/71/BN_adapt/PCA64 iw_overlap_critic W=1.0 accuracy=0.9310 prediction=0.2467 status=ok
cifar10/71/BN_adapt/PCA64 iw_residual_dis2 W=1.0 accuracy=0.9310 prediction=0.6335 status=ok
/storage/homefs/tf24s166/IW_dis2/disagree_discrep_IW/src/lib/utils.py:43: FutureWarning: You are using `torch.load` with `weights_only=False` (the current default value), which uses the default pickle module implicitly. It is possible to construct malicious pickle data which will execute arbitrary code during unpickling (See https://github.com/pytorch/pytorch/blob/main/SECURITY.md#untrusted-models for more details). In a future release, the default value for `weights_only` will be flipped to `True`. This limits the functions that could be executed during unpickling. Arbitrary objects will no longer be allowed to be loaded via this mode unless they are explicitly allowlisted by the user via `torch.serialization.add_safe_globals`. We recommend you start setting `weights_only=True` for any use case where you don't have full control of the loaded file. Please open an issue on GitHub for any issues related to this experimental feature.
  lin.load_state_dict(torch.load(os.path.join(shift_dir, 'linear.pth'), map_location=device))
/storage/homefs/tf24s166/IW_dis2/disagree_discrep_IW/src/lib/utils.py:43: FutureWarning: You are using `torch.load` with `weights_only=False` (the current default value), which uses the default pickle module implicitly. It is possible to construct malicious pickle data which will execute arbitrary code during unpickling (See https://github.com/pytorch/pytorch/blob/main/SECURITY.md#untrusted-models for more details). In a future release, the default value for `weights_only` will be flipped to `True`. This limits the functions that could be executed during unpickling. Arbitrary objects will no longer be allowed to be loaded via this mode unless they are explicitly allowlisted by the user via `torch.serialization.add_safe_globals`. We recommend you start setting `weights_only=True` for any use case where you don't have full control of the loaded file. Please open an issue on GitHub for any issues related to this experimental feature.
  lin.load_state_dict(torch.load(os.path.join(shift_dir, 'linear.pth'), map_location=device))
cifar10/71/BN_adapt/PCA64 iw_overlap_critic W=2.0 accuracy=0.9310 prediction=0.3191 status=ok
cifar10/71/BN_adapt/PCA64 iw_residual_dis2 W=2.0 accuracy=0.9310 prediction=0.6199 status=ok
cifar10/71/BN_adapt/PCA64 iw_overlap_critic W=5.0 accuracy=0.9310 prediction=0.3536 status=ok
cifar10/71/BN_adapt/PCA64 iw_residual_dis2 W=5.0 accuracy=0.9310 prediction=0.6578 status=ok
cifar10/71/BN_adapt/PCA64 dis2_reference W=nan accuracy=0.9310 prediction=0.5914 status=ok
cifar10/71/BN_adapt/PCA128 iw_overlap_critic W=1.0 accuracy=0.9310 prediction=0.1329 status=ok
cifar10/71/BN_adapt/PCA128 iw_residual_dis2 W=1.0 accuracy=0.9310 prediction=0.7170 status=ok
cifar10/71/BN_adapt/PCA128 iw_overlap_critic W=2.0 accuracy=0.9310 prediction=0.1511 status=ok
cifar10/71/BN_adapt/PCA128 iw_residual_dis2 W=2.0 accuracy=0.9310 prediction=0.6722 status=ok
cifar10/71/BN_adapt/PCA128 iw_overlap_critic W=5.0 accuracy=0.9310 prediction=0.4323 status=ok
cifar10/71/BN_adapt/PCA128 iw_residual_dis2 W=5.0 accuracy=0.9310 prediction=0.6773 status=ok
cifar10/71/BN_adapt/PCA128 dis2_reference W=nan accuracy=0.9310 prediction=0.6390 status=ok
cifar10/95/BN_adapt/logits iw_overlap_critic W=1.0 accuracy=0.9535 prediction=0.5136 status=ok
cifar10/95/BN_adapt/logits iw_residual_dis2 W=1.0 accuracy=0.9535 prediction=0.9479 status=ok
cifar10/95/BN_adapt/logits iw_overlap_critic W=2.0 accuracy=0.9535 prediction=0.9536 status=ok
cifar10/95/BN_adapt/logits iw_residual_dis2 W=2.0 accuracy=0.9535 prediction=0.9536 status=ok
cifar10/95/BN_adapt/logits iw_overlap_critic W=5.0 accuracy=0.9535 prediction=0.9536 status=ok
cifar10/95/BN_adapt/logits iw_residual_dis2 W=5.0 accuracy=0.9535 prediction=0.9536 status=ok
cifar10/95/BN_adapt/logits dis2_reference W=nan accuracy=0.9535 prediction=0.8418 status=ok
cifar10/95/BN_adapt/features iw_overlap_critic W=1.0 accuracy=0.9535 prediction=0.5919 status=ok
cifar10/95/BN_adapt/features iw_residual_dis2 W=1.0 accuracy=0.9535 prediction=0.9113 status=ok
cifar10/95/BN_adapt/features iw_overlap_critic W=2.0 accuracy=0.9535 prediction=0.7372 status=ok
cifar10/95/BN_adapt/features iw_residual_dis2 W=2.0 accuracy=0.9535 prediction=0.9243 status=ok
cifar10/95/BN_adapt/features iw_overlap_critic W=5.0 accuracy=0.9535 prediction=0.8575 status=ok
cifar10/95/BN_adapt/features iw_residual_dis2 W=5.0 accuracy=0.9535 prediction=0.9667 status=ok
cifar10/95/BN_adapt/features dis2_reference W=nan accuracy=0.9535 prediction=0.6674 status=ok
cifar10/95/BN_adapt/PCA1 iw_overlap_critic W=1.0 accuracy=0.9535 prediction=0.5455 status=ok
cifar10/95/BN_adapt/PCA1 iw_residual_dis2 W=1.0 accuracy=0.9535 prediction=0.8777 status=ok
cifar10/95/BN_adapt/PCA1 iw_overlap_critic W=2.0 accuracy=0.9535 prediction=0.6999 status=ok
cifar10/95/BN_adapt/PCA1 iw_residual_dis2 W=2.0 accuracy=0.9535 prediction=0.9098 status=ok
cifar10/95/BN_adapt/PCA1 iw_overlap_critic W=5.0 accuracy=0.9535 prediction=0.8528 status=ok
cifar10/95/BN_adapt/PCA1 iw_residual_dis2 W=5.0 accuracy=0.9535 prediction=0.9183 status=ok
cifar10/95/BN_adapt/PCA1 dis2_reference W=nan accuracy=0.9535 prediction=0.6578 status=ok
cifar10/95/BN_adapt/PCA4 iw_overlap_critic W=1.0 accuracy=0.9535 prediction=0.6319 status=ok
cifar10/95/BN_adapt/PCA4 iw_residual_dis2 W=1.0 accuracy=0.9535 prediction=0.9173 status=ok
cifar10/95/BN_adapt/PCA4 iw_overlap_critic W=2.0 accuracy=0.9535 prediction=0.7640 status=ok
cifar10/95/BN_adapt/PCA4 iw_residual_dis2 W=2.0 accuracy=0.9535 prediction=0.9424 status=ok
cifar10/95/BN_adapt/PCA4 iw_overlap_critic W=5.0 accuracy=0.9535 prediction=0.8913 status=ok
cifar10/95/BN_adapt/PCA4 iw_residual_dis2 W=5.0 accuracy=0.9535 prediction=0.9503 status=ok
cifar10/95/BN_adapt/PCA4 dis2_reference W=nan accuracy=0.9535 prediction=0.7418 status=ok
cifar10/95/BN_adapt/PCA16 iw_overlap_critic W=1.0 accuracy=0.9535 prediction=0.6271 status=ok
cifar10/95/BN_adapt/PCA16 iw_residual_dis2 W=1.0 accuracy=0.9535 prediction=0.9453 status=ok
cifar10/95/BN_adapt/PCA16 iw_overlap_critic W=2.0 accuracy=0.9535 prediction=0.9471 status=ok
cifar10/95/BN_adapt/PCA16 iw_residual_dis2 W=2.0 accuracy=0.9535 prediction=0.9574 status=ok
cifar10/95/BN_adapt/PCA16 iw_overlap_critic W=5.0 accuracy=0.9535 prediction=0.9581 status=ok
cifar10/95/BN_adapt/PCA16 iw_residual_dis2 W=5.0 accuracy=0.9535 prediction=0.9581 status=ok
cifar10/95/BN_adapt/PCA16 dis2_reference W=nan accuracy=0.9535 prediction=0.8210 status=ok
cifar10/95/BN_adapt/PCA32 iw_overlap_critic W=1.0 accuracy=0.9535 prediction=0.5805 status=ok
cifar10/95/BN_adapt/PCA32 iw_residual_dis2 W=1.0 accuracy=0.9535 prediction=0.9115 status=ok
cifar10/95/BN_adapt/PCA32 iw_overlap_critic W=2.0 accuracy=0.9535 prediction=0.9540 status=ok
cifar10/95/BN_adapt/PCA32 iw_residual_dis2 W=2.0 accuracy=0.9535 prediction=0.9540 status=ok
cifar10/95/BN_adapt/PCA32 iw_overlap_critic W=5.0 accuracy=0.9535 prediction=0.9540 status=ok
cifar10/95/BN_adapt/PCA32 iw_residual_dis2 W=5.0 accuracy=0.9535 prediction=0.9540 status=ok
cifar10/95/BN_adapt/PCA32 dis2_reference W=nan accuracy=0.9535 prediction=0.8594 status=ok
cifar10/95/BN_adapt/PCA64 iw_overlap_critic W=1.0 accuracy=0.9535 prediction=0.5252 status=ok
cifar10/95/BN_adapt/PCA64 iw_residual_dis2 W=1.0 accuracy=0.9535 prediction=0.9695 status=ok
cifar10/95/BN_adapt/PCA64 iw_overlap_critic W=2.0 accuracy=0.9535 prediction=0.9536 status=ok
cifar10/95/BN_adapt/PCA64 iw_residual_dis2 W=2.0 accuracy=0.9535 prediction=0.9536 status=ok
cifar10/95/BN_adapt/PCA64 iw_overlap_critic W=5.0 accuracy=0.9535 prediction=0.9536 status=ok
cifar10/95/BN_adapt/PCA64 iw_residual_dis2 W=5.0 accuracy=0.9535 prediction=0.9536 status=ok
cifar10/95/BN_adapt/PCA64 dis2_reference W=nan accuracy=0.9535 prediction=0.8650 status=ok
cifar10/95/BN_adapt/PCA128 iw_overlap_critic W=1.0 accuracy=0.9535 prediction=0.4820 status=ok
cifar10/95/BN_adapt/PCA128 iw_residual_dis2 W=1.0 accuracy=0.9535 prediction=0.9537 status=ok
cifar10/95/BN_adapt/PCA128 iw_overlap_critic W=2.0 accuracy=0.9535 prediction=0.9536 status=ok
cifar10/95/BN_adapt/PCA128 iw_residual_dis2 W=2.0 accuracy=0.9535 prediction=0.9536 status=ok
cifar10/95/BN_adapt/PCA128 iw_overlap_critic W=5.0 accuracy=0.9535 prediction=0.9536 status=ok
cifar10/95/BN_adapt/PCA128 iw_residual_dis2 W=5.0 accuracy=0.9535 prediction=0.9536 status=ok
cifar10/95/BN_adapt/PCA128 dis2_reference W=nan accuracy=0.9535 prediction=0.8862 status=ok
cifar10/1/DANN/logits iw_overlap_critic W=1.0 accuracy=0.8440 prediction=0.5161 status=ok
cifar10/1/DANN/logits iw_residual_dis2 W=1.0 accuracy=0.8440 prediction=0.8987 status=ok
cifar10/1/DANN/logits iw_overlap_critic W=2.0 accuracy=0.8440 prediction=0.9447 status=ok
cifar10/1/DANN/logits iw_residual_dis2 W=2.0 accuracy=0.8440 prediction=0.9447 status=ok
cifar10/1/DANN/logits iw_overlap_critic W=5.0 accuracy=0.8440 prediction=0.9447 status=ok
cifar10/1/DANN/logits iw_residual_dis2 W=5.0 accuracy=0.8440 prediction=0.9447 status=ok
cifar10/1/DANN/logits dis2_reference W=nan accuracy=0.8440 prediction=0.7838 status=ok
cifar10/1/DANN/features iw_overlap_critic W=1.0 accuracy=0.8440 prediction=0.7607 status=ok
cifar10/1/DANN/features iw_residual_dis2 W=1.0 accuracy=0.8440 prediction=0.8728 status=ok
cifar10/1/DANN/features iw_overlap_critic W=2.0 accuracy=0.8440 prediction=nan status=unsupported_critic_region
cifar10/1/DANN/features iw_residual_dis2 W=2.0 accuracy=0.8440 prediction=nan status=unsupported_critic_region
cifar10/1/DANN/features iw_overlap_critic W=5.0 accuracy=0.8440 prediction=0.9445 status=ok
cifar10/1/DANN/features iw_residual_dis2 W=5.0 accuracy=0.8440 prediction=0.9445 status=ok
cifar10/1/DANN/features dis2_reference W=nan accuracy=0.8440 prediction=0.6202 status=ok
cifar10/1/DANN/PCA1 iw_overlap_critic W=1.0 accuracy=0.8440 prediction=0.7285 status=ok
cifar10/1/DANN/PCA1 iw_residual_dis2 W=1.0 accuracy=0.8440 prediction=0.8723 status=ok
cifar10/1/DANN/PCA1 iw_overlap_critic W=2.0 accuracy=0.8440 prediction=nan status=unsupported_critic_region
cifar10/1/DANN/PCA1 iw_residual_dis2 W=2.0 accuracy=0.8440 prediction=nan status=unsupported_critic_region
cifar10/1/DANN/PCA1 iw_overlap_critic W=5.0 accuracy=0.8440 prediction=0.9442 status=ok
/storage/homefs/tf24s166/IW_dis2/disagree_discrep_IW/src/lib/utils.py:43: FutureWarning: You are using `torch.load` with `weights_only=False` (the current default value), which uses the default pickle module implicitly. It is possible to construct malicious pickle data which will execute arbitrary code during unpickling (See https://github.com/pytorch/pytorch/blob/main/SECURITY.md#untrusted-models for more details). In a future release, the default value for `weights_only` will be flipped to `True`. This limits the functions that could be executed during unpickling. Arbitrary objects will no longer be allowed to be loaded via this mode unless they are explicitly allowlisted by the user via `torch.serialization.add_safe_globals`. We recommend you start setting `weights_only=True` for any use case where you don't have full control of the loaded file. Please open an issue on GitHub for any issues related to this experimental feature.
  lin.load_state_dict(torch.load(os.path.join(shift_dir, 'linear.pth'), map_location=device))
cifar10/1/DANN/PCA1 iw_residual_dis2 W=5.0 accuracy=0.8440 prediction=0.9442 status=ok
cifar10/1/DANN/PCA1 dis2_reference W=nan accuracy=0.8440 prediction=0.6498 status=ok
cifar10/1/DANN/PCA4 iw_overlap_critic W=1.0 accuracy=0.8440 prediction=0.6180 status=ok
cifar10/1/DANN/PCA4 iw_residual_dis2 W=1.0 accuracy=0.8440 prediction=0.8550 status=ok
cifar10/1/DANN/PCA4 iw_overlap_critic W=2.0 accuracy=0.8440 prediction=0.9367 status=ok
cifar10/1/DANN/PCA4 iw_residual_dis2 W=2.0 accuracy=0.8440 prediction=0.9430 status=ok
cifar10/1/DANN/PCA4 iw_overlap_critic W=5.0 accuracy=0.8440 prediction=0.9418 status=ok
cifar10/1/DANN/PCA4 iw_residual_dis2 W=5.0 accuracy=0.8440 prediction=0.9418 status=ok
cifar10/1/DANN/PCA4 dis2_reference W=nan accuracy=0.8440 prediction=0.6466 status=ok
cifar10/1/DANN/PCA16 iw_overlap_critic W=1.0 accuracy=0.8440 prediction=0.5773 status=ok
cifar10/1/DANN/PCA16 iw_residual_dis2 W=1.0 accuracy=0.8440 prediction=0.8711 status=ok
cifar10/1/DANN/PCA16 iw_overlap_critic W=2.0 accuracy=0.8440 prediction=0.9358 status=ok
cifar10/1/DANN/PCA16 iw_residual_dis2 W=2.0 accuracy=0.8440 prediction=0.9383 status=ok
cifar10/1/DANN/PCA16 iw_overlap_critic W=5.0 accuracy=0.8440 prediction=0.9390 status=ok
cifar10/1/DANN/PCA16 iw_residual_dis2 W=5.0 accuracy=0.8440 prediction=0.9390 status=ok
cifar10/1/DANN/PCA16 dis2_reference W=nan accuracy=0.8440 prediction=0.7002 status=ok
cifar10/1/DANN/PCA32 iw_overlap_critic W=1.0 accuracy=0.8440 prediction=0.6049 status=ok
cifar10/1/DANN/PCA32 iw_residual_dis2 W=1.0 accuracy=0.8440 prediction=0.8968 status=ok
cifar10/1/DANN/PCA32 iw_overlap_critic W=2.0 accuracy=0.8440 prediction=nan status=unsupported_critic_region
cifar10/1/DANN/PCA32 iw_residual_dis2 W=2.0 accuracy=0.8440 prediction=nan status=unsupported_residual_source_region
cifar10/1/DANN/PCA32 iw_overlap_critic W=5.0 accuracy=0.8440 prediction=0.9384 status=ok
cifar10/1/DANN/PCA32 iw_residual_dis2 W=5.0 accuracy=0.8440 prediction=0.9384 status=ok
cifar10/1/DANN/PCA32 dis2_reference W=nan accuracy=0.8440 prediction=0.7590 status=ok
cifar10/1/DANN/PCA64 iw_overlap_critic W=1.0 accuracy=0.8440 prediction=0.6073 status=ok
cifar10/1/DANN/PCA64 iw_residual_dis2 W=1.0 accuracy=0.8440 prediction=0.8887 status=ok
cifar10/1/DANN/PCA64 iw_overlap_critic W=2.0 accuracy=0.8440 prediction=0.9426 status=ok
cifar10/1/DANN/PCA64 iw_residual_dis2 W=2.0 accuracy=0.8440 prediction=0.9426 status=ok
cifar10/1/DANN/PCA64 iw_overlap_critic W=5.0 accuracy=0.8440 prediction=0.9426 status=ok
cifar10/1/DANN/PCA64 iw_residual_dis2 W=5.0 accuracy=0.8440 prediction=0.9426 status=ok
cifar10/1/DANN/PCA64 dis2_reference W=nan accuracy=0.8440 prediction=0.8290 status=ok
cifar10/1/DANN/PCA128 iw_overlap_critic W=1.0 accuracy=0.8440 prediction=0.5255 status=ok
cifar10/1/DANN/PCA128 iw_residual_dis2 W=1.0 accuracy=0.8440 prediction=0.9124 status=ok
cifar10/1/DANN/PCA128 iw_overlap_critic W=2.0 accuracy=0.8440 prediction=0.9447 status=ok
cifar10/1/DANN/PCA128 iw_residual_dis2 W=2.0 accuracy=0.8440 prediction=0.9447 status=ok
cifar10/1/DANN/PCA128 iw_overlap_critic W=5.0 accuracy=0.8440 prediction=0.9447 status=ok
cifar10/1/DANN/PCA128 iw_residual_dis2 W=5.0 accuracy=0.8440 prediction=0.9447 status=ok
cifar10/1/DANN/PCA128 dis2_reference W=nan accuracy=0.8440 prediction=0.8498 status=ok
cifar10/10/DANN/logits iw_overlap_critic W=1.0 accuracy=0.9245 prediction=0.5717 status=ok
cifar10/10/DANN/logits iw_residual_dis2 W=1.0 accuracy=0.9245 prediction=0.9286 status=ok
cifar10/10/DANN/logits iw_overlap_critic W=2.0 accuracy=0.9245 prediction=0.9460 status=ok
cifar10/10/DANN/logits iw_residual_dis2 W=2.0 accuracy=0.9245 prediction=0.9460 status=ok
cifar10/10/DANN/logits iw_overlap_critic W=5.0 accuracy=0.9245 prediction=0.9460 status=ok
cifar10/10/DANN/logits iw_residual_dis2 W=5.0 accuracy=0.9245 prediction=0.9460 status=ok
cifar10/10/DANN/logits dis2_reference W=nan accuracy=0.9245 prediction=0.8746 status=ok
cifar10/10/DANN/features iw_overlap_critic W=1.0 accuracy=0.9245 prediction=0.7679 status=ok
cifar10/10/DANN/features iw_residual_dis2 W=1.0 accuracy=0.9245 prediction=0.9308 status=ok
cifar10/10/DANN/features iw_overlap_critic W=2.0 accuracy=0.9245 prediction=0.9462 status=ok
cifar10/10/DANN/features iw_residual_dis2 W=2.0 accuracy=0.9245 prediction=0.9471 status=ok
cifar10/10/DANN/features iw_overlap_critic W=5.0 accuracy=0.9245 prediction=0.9464 status=ok
cifar10/10/DANN/features iw_residual_dis2 W=5.0 accuracy=0.9245 prediction=0.9464 status=ok
cifar10/10/DANN/features dis2_reference W=nan accuracy=0.9245 prediction=0.8242 status=ok
cifar10/10/DANN/PCA1 iw_overlap_critic W=1.0 accuracy=0.9245 prediction=0.6837 status=ok
cifar10/10/DANN/PCA1 iw_residual_dis2 W=1.0 accuracy=0.9245 prediction=0.9430 status=ok
cifar10/10/DANN/PCA1 iw_overlap_critic W=2.0 accuracy=0.9245 prediction=0.9455 status=ok
cifar10/10/DANN/PCA1 iw_residual_dis2 W=2.0 accuracy=0.9245 prediction=0.9480 status=ok
cifar10/10/DANN/PCA1 iw_overlap_critic W=5.0 accuracy=0.9245 prediction=0.9456 status=ok
cifar10/10/DANN/PCA1 iw_residual_dis2 W=5.0 accuracy=0.9245 prediction=0.9456 status=ok
cifar10/10/DANN/PCA1 dis2_reference W=nan accuracy=0.9245 prediction=0.7738 status=ok
cifar10/10/DANN/PCA4 iw_overlap_critic W=1.0 accuracy=0.9245 prediction=0.6599 status=ok
cifar10/10/DANN/PCA4 iw_residual_dis2 W=1.0 accuracy=0.9245 prediction=0.9280 status=ok
cifar10/10/DANN/PCA4 iw_overlap_critic W=2.0 accuracy=0.9245 prediction=nan status=unsupported_critic_region
cifar10/10/DANN/PCA4 iw_residual_dis2 W=2.0 accuracy=0.9245 prediction=nan status=unsupported_critic_region
cifar10/10/DANN/PCA4 iw_overlap_critic W=5.0 accuracy=0.9245 prediction=0.9450 status=ok
cifar10/10/DANN/PCA4 iw_residual_dis2 W=5.0 accuracy=0.9245 prediction=0.9450 status=ok
cifar10/10/DANN/PCA4 dis2_reference W=nan accuracy=0.9245 prediction=0.8298 status=ok
cifar10/10/DANN/PCA16 iw_overlap_critic W=1.0 accuracy=0.9245 prediction=0.6184 status=ok
cifar10/10/DANN/PCA16 iw_residual_dis2 W=1.0 accuracy=0.9245 prediction=0.9430 status=ok
cifar10/10/DANN/PCA16 iw_overlap_critic W=2.0 accuracy=0.9245 prediction=0.9429 status=ok
cifar10/10/DANN/PCA16 iw_residual_dis2 W=2.0 accuracy=0.9245 prediction=0.9429 status=ok
cifar10/10/DANN/PCA16 iw_overlap_critic W=5.0 accuracy=0.9245 prediction=0.9429 status=ok
cifar10/10/DANN/PCA16 iw_residual_dis2 W=5.0 accuracy=0.9245 prediction=0.9429 status=ok
cifar10/10/DANN/PCA16 dis2_reference W=nan accuracy=0.9245 prediction=0.8402 status=ok
cifar10/10/DANN/PCA32 iw_overlap_critic W=1.0 accuracy=0.9245 prediction=0.5940 status=ok
cifar10/10/DANN/PCA32 iw_residual_dis2 W=1.0 accuracy=0.9245 prediction=0.9327 status=ok
cifar10/10/DANN/PCA32 iw_overlap_critic W=2.0 accuracy=0.9245 prediction=0.9459 status=ok
cifar10/10/DANN/PCA32 iw_residual_dis2 W=2.0 accuracy=0.9245 prediction=0.9459 status=ok
cifar10/10/DANN/PCA32 iw_overlap_critic W=5.0 accuracy=0.9245 prediction=0.9459 status=ok
cifar10/10/DANN/PCA32 iw_residual_dis2 W=5.0 accuracy=0.9245 prediction=0.9459 status=ok
cifar10/10/DANN/PCA32 dis2_reference W=nan accuracy=0.9245 prediction=0.8370 status=ok
cifar10/10/DANN/PCA64 iw_overlap_critic W=1.0 accuracy=0.9245 prediction=0.6592 status=ok
cifar10/10/DANN/PCA64 iw_residual_dis2 W=1.0 accuracy=0.9245 prediction=0.9394 status=ok
cifar10/10/DANN/PCA64 iw_overlap_critic W=2.0 accuracy=0.9245 prediction=0.9459 status=ok
cifar10/10/DANN/PCA64 iw_residual_dis2 W=2.0 accuracy=0.9245 prediction=0.9459 status=ok
cifar10/10/DANN/PCA64 iw_overlap_critic W=5.0 accuracy=0.9245 prediction=0.9459 status=ok
cifar10/10/DANN/PCA64 iw_residual_dis2 W=5.0 accuracy=0.9245 prediction=0.9459 status=ok
cifar10/10/DANN/PCA64 dis2_reference W=nan accuracy=0.9245 prediction=0.8750 status=ok
cifar10/10/DANN/PCA128 iw_overlap_critic W=1.0 accuracy=0.9245 prediction=0.5825 status=ok
cifar10/10/DANN/PCA128 iw_residual_dis2 W=1.0 accuracy=0.9245 prediction=0.9410 status=ok
cifar10/10/DANN/PCA128 iw_overlap_critic W=2.0 accuracy=0.9245 prediction=0.9452 status=ok
cifar10/10/DANN/PCA128 iw_residual_dis2 W=2.0 accuracy=0.9245 prediction=0.9452 status=ok
cifar10/10/DANN/PCA128 iw_overlap_critic W=5.0 accuracy=0.9245 prediction=0.9452 status=ok
/storage/homefs/tf24s166/IW_dis2/disagree_discrep_IW/src/lib/utils.py:43: FutureWarning: You are using `torch.load` with `weights_only=False` (the current default value), which uses the default pickle module implicitly. It is possible to construct malicious pickle data which will execute arbitrary code during unpickling (See https://github.com/pytorch/pytorch/blob/main/SECURITY.md#untrusted-models for more details). In a future release, the default value for `weights_only` will be flipped to `True`. This limits the functions that could be executed during unpickling. Arbitrary objects will no longer be allowed to be loaded via this mode unless they are explicitly allowlisted by the user via `torch.serialization.add_safe_globals`. We recommend you start setting `weights_only=True` for any use case where you don't have full control of the loaded file. Please open an issue on GitHub for any issues related to this experimental feature.
  lin.load_state_dict(torch.load(os.path.join(shift_dir, 'linear.pth'), map_location=device))
/storage/homefs/tf24s166/IW_dis2/disagree_discrep_IW/src/lib/utils.py:43: FutureWarning: You are using `torch.load` with `weights_only=False` (the current default value), which uses the default pickle module implicitly. It is possible to construct malicious pickle data which will execute arbitrary code during unpickling (See https://github.com/pytorch/pytorch/blob/main/SECURITY.md#untrusted-models for more details). In a future release, the default value for `weights_only` will be flipped to `True`. This limits the functions that could be executed during unpickling. Arbitrary objects will no longer be allowed to be loaded via this mode unless they are explicitly allowlisted by the user via `torch.serialization.add_safe_globals`. We recommend you start setting `weights_only=True` for any use case where you don't have full control of the loaded file. Please open an issue on GitHub for any issues related to this experimental feature.
  lin.load_state_dict(torch.load(os.path.join(shift_dir, 'linear.pth'), map_location=device))
cifar10/10/DANN/PCA128 iw_residual_dis2 W=5.0 accuracy=0.9245 prediction=0.9452 status=ok
cifar10/10/DANN/PCA128 dis2_reference W=nan accuracy=0.9245 prediction=0.8426 status=ok
cifar10/71/DANN/logits iw_overlap_critic W=1.0 accuracy=0.9305 prediction=0.5672 status=ok
cifar10/71/DANN/logits iw_residual_dis2 W=1.0 accuracy=0.9305 prediction=0.9519 status=ok
cifar10/71/DANN/logits iw_overlap_critic W=2.0 accuracy=0.9305 prediction=0.9452 status=ok
cifar10/71/DANN/logits iw_residual_dis2 W=2.0 accuracy=0.9305 prediction=0.9452 status=ok
cifar10/71/DANN/logits iw_overlap_critic W=5.0 accuracy=0.9305 prediction=0.9452 status=ok
cifar10/71/DANN/logits iw_residual_dis2 W=5.0 accuracy=0.9305 prediction=0.9452 status=ok
cifar10/71/DANN/logits dis2_reference W=nan accuracy=0.9305 prediction=0.8558 status=ok
cifar10/71/DANN/features iw_overlap_critic W=1.0 accuracy=0.9305 prediction=0.8235 status=ok
cifar10/71/DANN/features iw_residual_dis2 W=1.0 accuracy=0.9305 prediction=0.9458 status=ok
cifar10/71/DANN/features iw_overlap_critic W=2.0 accuracy=0.9305 prediction=0.9460 status=ok
cifar10/71/DANN/features iw_residual_dis2 W=2.0 accuracy=0.9305 prediction=0.9460 status=ok
cifar10/71/DANN/features iw_overlap_critic W=5.0 accuracy=0.9305 prediction=0.9460 status=ok
cifar10/71/DANN/features iw_residual_dis2 W=5.0 accuracy=0.9305 prediction=0.9460 status=ok
cifar10/71/DANN/features dis2_reference W=nan accuracy=0.9305 prediction=0.8302 status=ok
cifar10/71/DANN/PCA1 iw_overlap_critic W=1.0 accuracy=0.9305 prediction=0.7598 status=ok
cifar10/71/DANN/PCA1 iw_residual_dis2 W=1.0 accuracy=0.9305 prediction=0.9517 status=ok
cifar10/71/DANN/PCA1 iw_overlap_critic W=2.0 accuracy=0.9305 prediction=0.9458 status=ok
cifar10/71/DANN/PCA1 iw_residual_dis2 W=2.0 accuracy=0.9305 prediction=0.9458 status=ok
cifar10/71/DANN/PCA1 iw_overlap_critic W=5.0 accuracy=0.9305 prediction=0.9458 status=ok
cifar10/71/DANN/PCA1 iw_residual_dis2 W=5.0 accuracy=0.9305 prediction=0.9458 status=ok
cifar10/71/DANN/PCA1 dis2_reference W=nan accuracy=0.9305 prediction=0.7998 status=ok
cifar10/71/DANN/PCA4 iw_overlap_critic W=1.0 accuracy=0.9305 prediction=0.7015 status=ok
cifar10/71/DANN/PCA4 iw_residual_dis2 W=1.0 accuracy=0.9305 prediction=0.9249 status=ok
cifar10/71/DANN/PCA4 iw_overlap_critic W=2.0 accuracy=0.9305 prediction=0.9438 status=ok
cifar10/71/DANN/PCA4 iw_residual_dis2 W=2.0 accuracy=0.9305 prediction=0.9438 status=ok
cifar10/71/DANN/PCA4 iw_overlap_critic W=5.0 accuracy=0.9305 prediction=0.9438 status=ok
cifar10/71/DANN/PCA4 iw_residual_dis2 W=5.0 accuracy=0.9305 prediction=0.9438 status=ok
cifar10/71/DANN/PCA4 dis2_reference W=nan accuracy=0.9305 prediction=0.8326 status=ok
cifar10/71/DANN/PCA16 iw_overlap_critic W=1.0 accuracy=0.9305 prediction=0.6485 status=ok
cifar10/71/DANN/PCA16 iw_residual_dis2 W=1.0 accuracy=0.9305 prediction=0.9415 status=ok
cifar10/71/DANN/PCA16 iw_overlap_critic W=2.0 accuracy=0.9305 prediction=0.9450 status=ok
cifar10/71/DANN/PCA16 iw_residual_dis2 W=2.0 accuracy=0.9305 prediction=0.9450 status=ok
cifar10/71/DANN/PCA16 iw_overlap_critic W=5.0 accuracy=0.9305 prediction=0.9450 status=ok
cifar10/71/DANN/PCA16 iw_residual_dis2 W=5.0 accuracy=0.9305 prediction=0.9450 status=ok
cifar10/71/DANN/PCA16 dis2_reference W=nan accuracy=0.9305 prediction=0.8046 status=ok
cifar10/71/DANN/PCA32 iw_overlap_critic W=1.0 accuracy=0.9305 prediction=0.6154 status=ok
cifar10/71/DANN/PCA32 iw_residual_dis2 W=1.0 accuracy=0.9305 prediction=0.9669 status=ok
cifar10/71/DANN/PCA32 iw_overlap_critic W=2.0 accuracy=0.9305 prediction=0.9433 status=ok
cifar10/71/DANN/PCA32 iw_residual_dis2 W=2.0 accuracy=0.9305 prediction=0.9433 status=ok
cifar10/71/DANN/PCA32 iw_overlap_critic W=5.0 accuracy=0.9305 prediction=0.9433 status=ok
cifar10/71/DANN/PCA32 iw_residual_dis2 W=5.0 accuracy=0.9305 prediction=0.9433 status=ok
cifar10/71/DANN/PCA32 dis2_reference W=nan accuracy=0.9305 prediction=0.8382 status=ok
cifar10/71/DANN/PCA64 iw_overlap_critic W=1.0 accuracy=0.9305 prediction=0.6009 status=ok
cifar10/71/DANN/PCA64 iw_residual_dis2 W=1.0 accuracy=0.9305 prediction=0.9247 status=ok
cifar10/71/DANN/PCA64 iw_overlap_critic W=2.0 accuracy=0.9305 prediction=0.9450 status=ok
cifar10/71/DANN/PCA64 iw_residual_dis2 W=2.0 accuracy=0.9305 prediction=0.9450 status=ok
cifar10/71/DANN/PCA64 iw_overlap_critic W=5.0 accuracy=0.9305 prediction=0.9450 status=ok
cifar10/71/DANN/PCA64 iw_residual_dis2 W=5.0 accuracy=0.9305 prediction=0.9450 status=ok
cifar10/71/DANN/PCA64 dis2_reference W=nan accuracy=0.9305 prediction=0.8798 status=ok
cifar10/71/DANN/PCA128 iw_overlap_critic W=1.0 accuracy=0.9305 prediction=0.6127 status=ok
cifar10/71/DANN/PCA128 iw_residual_dis2 W=1.0 accuracy=0.9305 prediction=0.9465 status=ok
cifar10/71/DANN/PCA128 iw_overlap_critic W=2.0 accuracy=0.9305 prediction=0.9416 status=ok
cifar10/71/DANN/PCA128 iw_residual_dis2 W=2.0 accuracy=0.9305 prediction=0.9416 status=ok
cifar10/71/DANN/PCA128 iw_overlap_critic W=5.0 accuracy=0.9305 prediction=0.9416 status=ok
cifar10/71/DANN/PCA128 iw_residual_dis2 W=5.0 accuracy=0.9305 prediction=0.9416 status=ok
cifar10/71/DANN/PCA128 dis2_reference W=nan accuracy=0.9305 prediction=0.8586 status=ok
cifar10/95/DANN/logits iw_overlap_critic W=1.0 accuracy=0.9390 prediction=0.6180 status=ok
cifar10/95/DANN/logits iw_residual_dis2 W=1.0 accuracy=0.9390 prediction=0.9524 status=ok
cifar10/95/DANN/logits iw_overlap_critic W=2.0 accuracy=0.9390 prediction=0.9528 status=ok
cifar10/95/DANN/logits iw_residual_dis2 W=2.0 accuracy=0.9390 prediction=0.9528 status=ok
cifar10/95/DANN/logits iw_overlap_critic W=5.0 accuracy=0.9390 prediction=0.9528 status=ok
cifar10/95/DANN/logits iw_residual_dis2 W=5.0 accuracy=0.9390 prediction=0.9528 status=ok
cifar10/95/DANN/logits dis2_reference W=nan accuracy=0.9390 prediction=0.8766 status=ok
cifar10/95/DANN/features iw_overlap_critic W=1.0 accuracy=0.9390 prediction=0.7990 status=ok
cifar10/95/DANN/features iw_residual_dis2 W=1.0 accuracy=0.9390 prediction=0.9373 status=ok
cifar10/95/DANN/features iw_overlap_critic W=2.0 accuracy=0.9390 prediction=0.9538 status=ok
cifar10/95/DANN/features iw_residual_dis2 W=2.0 accuracy=0.9390 prediction=0.9538 status=ok
cifar10/95/DANN/features iw_overlap_critic W=5.0 accuracy=0.9390 prediction=0.9538 status=ok
cifar10/95/DANN/features iw_residual_dis2 W=5.0 accuracy=0.9390 prediction=0.9538 status=ok
cifar10/95/DANN/features dis2_reference W=nan accuracy=0.9390 prediction=0.8130 status=ok
cifar10/95/DANN/PCA1 iw_overlap_critic W=1.0 accuracy=0.9390 prediction=0.7630 status=ok
cifar10/95/DANN/PCA1 iw_residual_dis2 W=1.0 accuracy=0.9390 prediction=0.9317 status=ok
cifar10/95/DANN/PCA1 iw_overlap_critic W=2.0 accuracy=0.9390 prediction=0.9536 status=ok
cifar10/95/DANN/PCA1 iw_residual_dis2 W=2.0 accuracy=0.9390 prediction=0.9536 status=ok
cifar10/95/DANN/PCA1 iw_overlap_critic W=5.0 accuracy=0.9390 prediction=0.9536 status=ok
cifar10/95/DANN/PCA1 iw_residual_dis2 W=5.0 accuracy=0.9390 prediction=0.9536 status=ok
cifar10/95/DANN/PCA1 dis2_reference W=nan accuracy=0.9390 prediction=0.8222 status=ok
cifar10/95/DANN/PCA4 iw_overlap_critic W=1.0 accuracy=0.9390 prediction=0.7143 status=ok
cifar10/95/DANN/PCA4 iw_residual_dis2 W=1.0 accuracy=0.9390 prediction=0.9387 status=ok
cifar10/95/DANN/PCA4 iw_overlap_critic W=2.0 accuracy=0.9390 prediction=0.9529 status=ok
cifar10/95/DANN/PCA4 iw_residual_dis2 W=2.0 accuracy=0.9390 prediction=0.9529 status=ok
cifar10/95/DANN/PCA4 iw_overlap_critic W=5.0 accuracy=0.9390 prediction=0.9529 status=ok
cifar10/95/DANN/PCA4 iw_residual_dis2 W=5.0 accuracy=0.9390 prediction=0.9529 status=ok
cifar10/95/DANN/PCA4 dis2_reference W=nan accuracy=0.9390 prediction=0.8190 status=ok
cifar10/95/DANN/PCA16 iw_overlap_critic W=1.0 accuracy=0.9390 prediction=0.6521 status=ok
cifar10/95/DANN/PCA16 iw_residual_dis2 W=1.0 accuracy=0.9390 prediction=0.9519 status=ok
cifar10/95/DANN/PCA16 iw_overlap_critic W=2.0 accuracy=0.9390 prediction=0.9527 status=ok
cifar10/95/DANN/PCA16 iw_residual_dis2 W=2.0 accuracy=0.9390 prediction=0.9527 status=ok
cifar10/95/DANN/PCA16 iw_overlap_critic W=5.0 accuracy=0.9390 prediction=0.9527 status=ok
/storage/homefs/tf24s166/IW_dis2/disagree_discrep_IW/src/lib/utils.py:43: FutureWarning: You are using `torch.load` with `weights_only=False` (the current default value), which uses the default pickle module implicitly. It is possible to construct malicious pickle data which will execute arbitrary code during unpickling (See https://github.com/pytorch/pytorch/blob/main/SECURITY.md#untrusted-models for more details). In a future release, the default value for `weights_only` will be flipped to `True`. This limits the functions that could be executed during unpickling. Arbitrary objects will no longer be allowed to be loaded via this mode unless they are explicitly allowlisted by the user via `torch.serialization.add_safe_globals`. We recommend you start setting `weights_only=True` for any use case where you don't have full control of the loaded file. Please open an issue on GitHub for any issues related to this experimental feature.
  lin.load_state_dict(torch.load(os.path.join(shift_dir, 'linear.pth'), map_location=device))
/storage/homefs/tf24s166/IW_dis2/disagree_discrep_IW/src/lib/utils.py:43: FutureWarning: You are using `torch.load` with `weights_only=False` (the current default value), which uses the default pickle module implicitly. It is possible to construct malicious pickle data which will execute arbitrary code during unpickling (See https://github.com/pytorch/pytorch/blob/main/SECURITY.md#untrusted-models for more details). In a future release, the default value for `weights_only` will be flipped to `True`. This limits the functions that could be executed during unpickling. Arbitrary objects will no longer be allowed to be loaded via this mode unless they are explicitly allowlisted by the user via `torch.serialization.add_safe_globals`. We recommend you start setting `weights_only=True` for any use case where you don't have full control of the loaded file. Please open an issue on GitHub for any issues related to this experimental feature.
  lin.load_state_dict(torch.load(os.path.join(shift_dir, 'linear.pth'), map_location=device))
cifar10/95/DANN/PCA16 iw_residual_dis2 W=5.0 accuracy=0.9390 prediction=0.9527 status=ok
cifar10/95/DANN/PCA16 dis2_reference W=nan accuracy=0.9390 prediction=0.8546 status=ok
cifar10/95/DANN/PCA32 iw_overlap_critic W=1.0 accuracy=0.9390 prediction=0.6624 status=ok
cifar10/95/DANN/PCA32 iw_residual_dis2 W=1.0 accuracy=0.9390 prediction=0.9470 status=ok
cifar10/95/DANN/PCA32 iw_overlap_critic W=2.0 accuracy=0.9390 prediction=0.9528 status=ok
cifar10/95/DANN/PCA32 iw_residual_dis2 W=2.0 accuracy=0.9390 prediction=0.9528 status=ok
cifar10/95/DANN/PCA32 iw_overlap_critic W=5.0 accuracy=0.9390 prediction=0.9528 status=ok
cifar10/95/DANN/PCA32 iw_residual_dis2 W=5.0 accuracy=0.9390 prediction=0.9528 status=ok
cifar10/95/DANN/PCA32 dis2_reference W=nan accuracy=0.9390 prediction=0.8662 status=ok
cifar10/95/DANN/PCA64 iw_overlap_critic W=1.0 accuracy=0.9390 prediction=0.5580 status=ok
cifar10/95/DANN/PCA64 iw_residual_dis2 W=1.0 accuracy=0.9390 prediction=0.9641 status=ok
cifar10/95/DANN/PCA64 iw_overlap_critic W=2.0 accuracy=0.9390 prediction=0.9528 status=ok
cifar10/95/DANN/PCA64 iw_residual_dis2 W=2.0 accuracy=0.9390 prediction=0.9528 status=ok
cifar10/95/DANN/PCA64 iw_overlap_critic W=5.0 accuracy=0.9390 prediction=0.9528 status=ok
cifar10/95/DANN/PCA64 iw_residual_dis2 W=5.0 accuracy=0.9390 prediction=0.9528 status=ok
cifar10/95/DANN/PCA64 dis2_reference W=nan accuracy=0.9390 prediction=0.8938 status=ok
cifar10/95/DANN/PCA128 iw_overlap_critic W=1.0 accuracy=0.9390 prediction=0.5504 status=ok
cifar10/95/DANN/PCA128 iw_residual_dis2 W=1.0 accuracy=0.9390 prediction=0.9590 status=ok
cifar10/95/DANN/PCA128 iw_overlap_critic W=2.0 accuracy=0.9390 prediction=0.9528 status=ok
cifar10/95/DANN/PCA128 iw_residual_dis2 W=2.0 accuracy=0.9390 prediction=0.9528 status=ok
cifar10/95/DANN/PCA128 iw_overlap_critic W=5.0 accuracy=0.9390 prediction=0.9528 status=ok
cifar10/95/DANN/PCA128 iw_residual_dis2 W=5.0 accuracy=0.9390 prediction=0.9528 status=ok
cifar10/95/DANN/PCA128 dis2_reference W=nan accuracy=0.9390 prediction=0.8678 status=ok
cifar10/1/CDANN/logits iw_overlap_critic W=1.0 accuracy=0.8465 prediction=0.5057 status=ok
cifar10/1/CDANN/logits iw_residual_dis2 W=1.0 accuracy=0.8465 prediction=0.9007 status=ok
cifar10/1/CDANN/logits iw_overlap_critic W=2.0 accuracy=0.8465 prediction=0.9475 status=ok
cifar10/1/CDANN/logits iw_residual_dis2 W=2.0 accuracy=0.8465 prediction=0.9475 status=ok
cifar10/1/CDANN/logits iw_overlap_critic W=5.0 accuracy=0.8465 prediction=0.9475 status=ok
cifar10/1/CDANN/logits iw_residual_dis2 W=5.0 accuracy=0.8465 prediction=0.9475 status=ok
cifar10/1/CDANN/logits dis2_reference W=nan accuracy=0.8465 prediction=0.7970 status=ok
cifar10/1/CDANN/features iw_overlap_critic W=1.0 accuracy=0.8465 prediction=0.7773 status=ok
cifar10/1/CDANN/features iw_residual_dis2 W=1.0 accuracy=0.8465 prediction=0.8783 status=ok
cifar10/1/CDANN/features iw_overlap_critic W=2.0 accuracy=0.8465 prediction=0.9438 status=ok
cifar10/1/CDANN/features iw_residual_dis2 W=2.0 accuracy=0.8465 prediction=0.9458 status=ok
cifar10/1/CDANN/features iw_overlap_critic W=5.0 accuracy=0.8465 prediction=0.9458 status=ok
cifar10/1/CDANN/features iw_residual_dis2 W=5.0 accuracy=0.8465 prediction=0.9458 status=ok
cifar10/1/CDANN/features dis2_reference W=nan accuracy=0.8465 prediction=0.7654 status=ok
cifar10/1/CDANN/PCA1 iw_overlap_critic W=1.0 accuracy=0.8465 prediction=0.7542 status=ok
cifar10/1/CDANN/PCA1 iw_residual_dis2 W=1.0 accuracy=0.8465 prediction=0.8942 status=ok
cifar10/1/CDANN/PCA1 iw_overlap_critic W=2.0 accuracy=0.8465 prediction=0.9419 status=ok
cifar10/1/CDANN/PCA1 iw_residual_dis2 W=2.0 accuracy=0.8465 prediction=0.9455 status=ok
cifar10/1/CDANN/PCA1 iw_overlap_critic W=5.0 accuracy=0.8465 prediction=0.9479 status=ok
cifar10/1/CDANN/PCA1 iw_residual_dis2 W=5.0 accuracy=0.8465 prediction=0.9479 status=ok
cifar10/1/CDANN/PCA1 dis2_reference W=nan accuracy=0.8465 prediction=0.6846 status=ok
cifar10/1/CDANN/PCA4 iw_overlap_critic W=1.0 accuracy=0.8465 prediction=0.7127 status=ok
cifar10/1/CDANN/PCA4 iw_residual_dis2 W=1.0 accuracy=0.8465 prediction=0.8722 status=ok
cifar10/1/CDANN/PCA4 iw_overlap_critic W=2.0 accuracy=0.8465 prediction=0.9448 status=ok
cifar10/1/CDANN/PCA4 iw_residual_dis2 W=2.0 accuracy=0.8465 prediction=0.9448 status=ok
cifar10/1/CDANN/PCA4 iw_overlap_critic W=5.0 accuracy=0.8465 prediction=0.9448 status=ok
cifar10/1/CDANN/PCA4 iw_residual_dis2 W=5.0 accuracy=0.8465 prediction=0.9448 status=ok
cifar10/1/CDANN/PCA4 dis2_reference W=nan accuracy=0.8465 prediction=0.7606 status=ok
cifar10/1/CDANN/PCA16 iw_overlap_critic W=1.0 accuracy=0.8465 prediction=0.5827 status=ok
cifar10/1/CDANN/PCA16 iw_residual_dis2 W=1.0 accuracy=0.8465 prediction=0.8694 status=ok
cifar10/1/CDANN/PCA16 iw_overlap_critic W=2.0 accuracy=0.8465 prediction=0.9472 status=ok
cifar10/1/CDANN/PCA16 iw_residual_dis2 W=2.0 accuracy=0.8465 prediction=0.9472 status=ok
cifar10/1/CDANN/PCA16 iw_overlap_critic W=5.0 accuracy=0.8465 prediction=0.9472 status=ok
cifar10/1/CDANN/PCA16 iw_residual_dis2 W=5.0 accuracy=0.8465 prediction=0.9472 status=ok
cifar10/1/CDANN/PCA16 dis2_reference W=nan accuracy=0.8465 prediction=0.8034 status=ok
cifar10/1/CDANN/PCA32 iw_overlap_critic W=1.0 accuracy=0.8465 prediction=0.4493 status=ok
cifar10/1/CDANN/PCA32 iw_residual_dis2 W=1.0 accuracy=0.8465 prediction=0.9280 status=ok
cifar10/1/CDANN/PCA32 iw_overlap_critic W=2.0 accuracy=0.8465 prediction=0.9475 status=ok
cifar10/1/CDANN/PCA32 iw_residual_dis2 W=2.0 accuracy=0.8465 prediction=0.9475 status=ok
cifar10/1/CDANN/PCA32 iw_overlap_critic W=5.0 accuracy=0.8465 prediction=0.9475 status=ok
cifar10/1/CDANN/PCA32 iw_residual_dis2 W=5.0 accuracy=0.8465 prediction=0.9475 status=ok
cifar10/1/CDANN/PCA32 dis2_reference W=nan accuracy=0.8465 prediction=0.7978 status=ok
cifar10/1/CDANN/PCA64 iw_overlap_critic W=1.0 accuracy=0.8465 prediction=0.5183 status=ok
cifar10/1/CDANN/PCA64 iw_residual_dis2 W=1.0 accuracy=0.8465 prediction=0.9459 status=ok
cifar10/1/CDANN/PCA64 iw_overlap_critic W=2.0 accuracy=0.8465 prediction=0.9473 status=ok
cifar10/1/CDANN/PCA64 iw_residual_dis2 W=2.0 accuracy=0.8465 prediction=0.9473 status=ok
cifar10/1/CDANN/PCA64 iw_overlap_critic W=5.0 accuracy=0.8465 prediction=0.9473 status=ok
cifar10/1/CDANN/PCA64 iw_residual_dis2 W=5.0 accuracy=0.8465 prediction=0.9473 status=ok
cifar10/1/CDANN/PCA64 dis2_reference W=nan accuracy=0.8465 prediction=0.8578 status=ok
cifar10/1/CDANN/PCA128 iw_overlap_critic W=1.0 accuracy=0.8465 prediction=0.5843 status=ok
cifar10/1/CDANN/PCA128 iw_residual_dis2 W=1.0 accuracy=0.8465 prediction=0.9233 status=ok
cifar10/1/CDANN/PCA128 iw_overlap_critic W=2.0 accuracy=0.8465 prediction=0.9469 status=ok
cifar10/1/CDANN/PCA128 iw_residual_dis2 W=2.0 accuracy=0.8465 prediction=0.9469 status=ok
cifar10/1/CDANN/PCA128 iw_overlap_critic W=5.0 accuracy=0.8465 prediction=0.9469 status=ok
cifar10/1/CDANN/PCA128 iw_residual_dis2 W=5.0 accuracy=0.8465 prediction=0.9469 status=ok
cifar10/1/CDANN/PCA128 dis2_reference W=nan accuracy=0.8465 prediction=0.8354 status=ok
cifar10/10/CDANN/logits iw_overlap_critic W=1.0 accuracy=0.9160 prediction=0.5885 status=ok
cifar10/10/CDANN/logits iw_residual_dis2 W=1.0 accuracy=0.9160 prediction=0.9367 status=ok
cifar10/10/CDANN/logits iw_overlap_critic W=2.0 accuracy=0.9160 prediction=0.9468 status=ok
cifar10/10/CDANN/logits iw_residual_dis2 W=2.0 accuracy=0.9160 prediction=0.9468 status=ok
cifar10/10/CDANN/logits iw_overlap_critic W=5.0 accuracy=0.9160 prediction=0.9468 status=ok
cifar10/10/CDANN/logits iw_residual_dis2 W=5.0 accuracy=0.9160 prediction=0.9468 status=ok
cifar10/10/CDANN/logits dis2_reference W=nan accuracy=0.9160 prediction=0.8534 status=ok
cifar10/10/CDANN/features iw_overlap_critic W=1.0 accuracy=0.9160 prediction=0.7973 status=ok
cifar10/10/CDANN/features iw_residual_dis2 W=1.0 accuracy=0.9160 prediction=0.9304 status=ok
cifar10/10/CDANN/features iw_overlap_critic W=2.0 accuracy=0.9160 prediction=0.8708 status=ok
cifar10/10/CDANN/features iw_residual_dis2 W=2.0 accuracy=0.9160 prediction=0.9449 status=ok
cifar10/10/CDANN/features iw_overlap_critic W=5.0 accuracy=0.9160 prediction=0.9241 status=ok
/storage/homefs/tf24s166/IW_dis2/disagree_discrep_IW/src/lib/utils.py:43: FutureWarning: You are using `torch.load` with `weights_only=False` (the current default value), which uses the default pickle module implicitly. It is possible to construct malicious pickle data which will execute arbitrary code during unpickling (See https://github.com/pytorch/pytorch/blob/main/SECURITY.md#untrusted-models for more details). In a future release, the default value for `weights_only` will be flipped to `True`. This limits the functions that could be executed during unpickling. Arbitrary objects will no longer be allowed to be loaded via this mode unless they are explicitly allowlisted by the user via `torch.serialization.add_safe_globals`. We recommend you start setting `weights_only=True` for any use case where you don't have full control of the loaded file. Please open an issue on GitHub for any issues related to this experimental feature.
  lin.load_state_dict(torch.load(os.path.join(shift_dir, 'linear.pth'), map_location=device))
cifar10/10/CDANN/features iw_residual_dis2 W=5.0 accuracy=0.9160 prediction=0.9401 status=ok
cifar10/10/CDANN/features dis2_reference W=nan accuracy=0.9160 prediction=0.8102 status=ok
cifar10/10/CDANN/PCA1 iw_overlap_critic W=1.0 accuracy=0.9160 prediction=0.7440 status=ok
cifar10/10/CDANN/PCA1 iw_residual_dis2 W=1.0 accuracy=0.9160 prediction=0.9126 status=ok
cifar10/10/CDANN/PCA1 iw_overlap_critic W=2.0 accuracy=0.9160 prediction=0.7410 status=ok
cifar10/10/CDANN/PCA1 iw_residual_dis2 W=2.0 accuracy=0.9160 prediction=0.9335 status=ok
cifar10/10/CDANN/PCA1 iw_overlap_critic W=5.0 accuracy=0.9160 prediction=0.9070 status=ok
cifar10/10/CDANN/PCA1 iw_residual_dis2 W=5.0 accuracy=0.9160 prediction=0.9409 status=ok
cifar10/10/CDANN/PCA1 dis2_reference W=nan accuracy=0.9160 prediction=0.8570 status=ok
cifar10/10/CDANN/PCA4 iw_overlap_critic W=1.0 accuracy=0.9160 prediction=0.7410 status=ok
cifar10/10/CDANN/PCA4 iw_residual_dis2 W=1.0 accuracy=0.9160 prediction=0.9540 status=ok
cifar10/10/CDANN/PCA4 iw_overlap_critic W=2.0 accuracy=0.9160 prediction=0.9301 status=ok
cifar10/10/CDANN/PCA4 iw_residual_dis2 W=2.0 accuracy=0.9160 prediction=0.9507 status=ok
cifar10/10/CDANN/PCA4 iw_overlap_critic W=5.0 accuracy=0.9160 prediction=0.9492 status=ok
cifar10/10/CDANN/PCA4 iw_residual_dis2 W=5.0 accuracy=0.9160 prediction=0.9492 status=ok
cifar10/10/CDANN/PCA4 dis2_reference W=nan accuracy=0.9160 prediction=0.8302 status=ok
cifar10/10/CDANN/PCA16 iw_overlap_critic W=1.0 accuracy=0.9160 prediction=0.6129 status=ok
cifar10/10/CDANN/PCA16 iw_residual_dis2 W=1.0 accuracy=0.9160 prediction=0.9229 status=ok
cifar10/10/CDANN/PCA16 iw_overlap_critic W=2.0 accuracy=0.9160 prediction=0.9468 status=ok
cifar10/10/CDANN/PCA16 iw_residual_dis2 W=2.0 accuracy=0.9160 prediction=0.9468 status=ok
cifar10/10/CDANN/PCA16 iw_overlap_critic W=5.0 accuracy=0.9160 prediction=0.9468 status=ok
cifar10/10/CDANN/PCA16 iw_residual_dis2 W=5.0 accuracy=0.9160 prediction=0.9468 status=ok
cifar10/10/CDANN/PCA16 dis2_reference W=nan accuracy=0.9160 prediction=0.8834 status=ok
cifar10/10/CDANN/PCA32 iw_overlap_critic W=1.0 accuracy=0.9160 prediction=0.6177 status=ok
cifar10/10/CDANN/PCA32 iw_residual_dis2 W=1.0 accuracy=0.9160 prediction=0.9306 status=ok
cifar10/10/CDANN/PCA32 iw_overlap_critic W=2.0 accuracy=0.9160 prediction=0.9466 status=ok
cifar10/10/CDANN/PCA32 iw_residual_dis2 W=2.0 accuracy=0.9160 prediction=0.9466 status=ok
cifar10/10/CDANN/PCA32 iw_overlap_critic W=5.0 accuracy=0.9160 prediction=0.9466 status=ok
cifar10/10/CDANN/PCA32 iw_residual_dis2 W=5.0 accuracy=0.9160 prediction=0.9466 status=ok
cifar10/10/CDANN/PCA32 dis2_reference W=nan accuracy=0.9160 prediction=0.8462 status=ok
cifar10/10/CDANN/PCA64 iw_overlap_critic W=1.0 accuracy=0.9160 prediction=0.5962 status=ok
cifar10/10/CDANN/PCA64 iw_residual_dis2 W=1.0 accuracy=0.9160 prediction=0.9144 status=ok
cifar10/10/CDANN/PCA64 iw_overlap_critic W=2.0 accuracy=0.9160 prediction=0.9453 status=ok
cifar10/10/CDANN/PCA64 iw_residual_dis2 W=2.0 accuracy=0.9160 prediction=0.9453 status=ok
cifar10/10/CDANN/PCA64 iw_overlap_critic W=5.0 accuracy=0.9160 prediction=0.9453 status=ok
cifar10/10/CDANN/PCA64 iw_residual_dis2 W=5.0 accuracy=0.9160 prediction=0.9453 status=ok
cifar10/10/CDANN/PCA64 dis2_reference W=nan accuracy=0.9160 prediction=0.8294 status=ok
cifar10/10/CDANN/PCA128 iw_overlap_critic W=1.0 accuracy=0.9160 prediction=0.5190 status=ok
cifar10/10/CDANN/PCA128 iw_residual_dis2 W=1.0 accuracy=0.9160 prediction=0.9617 status=ok
cifar10/10/CDANN/PCA128 iw_overlap_critic W=2.0 accuracy=0.9160 prediction=0.9436 status=ok
cifar10/10/CDANN/PCA128 iw_residual_dis2 W=2.0 accuracy=0.9160 prediction=0.9436 status=ok
cifar10/10/CDANN/PCA128 iw_overlap_critic W=5.0 accuracy=0.9160 prediction=0.9428 status=ok
cifar10/10/CDANN/PCA128 iw_residual_dis2 W=5.0 accuracy=0.9160 prediction=0.9428 status=ok
cifar10/10/CDANN/PCA128 dis2_reference W=nan accuracy=0.9160 prediction=0.8306 status=ok
cifar10/71/CDANN/logits iw_overlap_critic W=1.0 accuracy=0.9280 prediction=0.6256 status=ok
cifar10/71/CDANN/logits iw_residual_dis2 W=1.0 accuracy=0.9280 prediction=0.9366 status=ok
cifar10/71/CDANN/logits iw_overlap_critic W=2.0 accuracy=0.9280 prediction=0.9492 status=ok
cifar10/71/CDANN/logits iw_residual_dis2 W=2.0 accuracy=0.9280 prediction=0.9492 status=ok
cifar10/71/CDANN/logits iw_overlap_critic W=5.0 accuracy=0.9280 prediction=0.9492 status=ok
cifar10/71/CDANN/logits iw_residual_dis2 W=5.0 accuracy=0.9280 prediction=0.9492 status=ok
cifar10/71/CDANN/logits dis2_reference W=nan accuracy=0.9280 prediction=0.8538 status=ok
cifar10/71/CDANN/features iw_overlap_critic W=1.0 accuracy=0.9280 prediction=0.8006 status=ok
cifar10/71/CDANN/features iw_residual_dis2 W=1.0 accuracy=0.9280 prediction=0.9448 status=ok
cifar10/71/CDANN/features iw_overlap_critic W=2.0 accuracy=0.9280 prediction=0.8765 status=ok
cifar10/71/CDANN/features iw_residual_dis2 W=2.0 accuracy=0.9280 prediction=0.9416 status=ok
cifar10/71/CDANN/features iw_overlap_critic W=5.0 accuracy=0.9280 prediction=nan status=unsupported_critic_region
cifar10/71/CDANN/features iw_residual_dis2 W=5.0 accuracy=0.9280 prediction=nan status=unsupported_critic_region
cifar10/71/CDANN/features dis2_reference W=nan accuracy=0.9280 prediction=0.8094 status=ok
cifar10/71/CDANN/PCA1 iw_overlap_critic W=1.0 accuracy=0.9280 prediction=0.7272 status=ok
cifar10/71/CDANN/PCA1 iw_residual_dis2 W=1.0 accuracy=0.9280 prediction=0.9351 status=ok
cifar10/71/CDANN/PCA1 iw_overlap_critic W=2.0 accuracy=0.9280 prediction=0.9051 status=ok
cifar10/71/CDANN/PCA1 iw_residual_dis2 W=2.0 accuracy=0.9280 prediction=0.9591 status=ok
cifar10/71/CDANN/PCA1 iw_overlap_critic W=5.0 accuracy=0.9280 prediction=nan status=unsupported_critic_region
cifar10/71/CDANN/PCA1 iw_residual_dis2 W=5.0 accuracy=0.9280 prediction=nan status=unsupported_critic_region
cifar10/71/CDANN/PCA1 dis2_reference W=nan accuracy=0.9280 prediction=0.8182 status=ok
cifar10/71/CDANN/PCA4 iw_overlap_critic W=1.0 accuracy=0.9280 prediction=0.6926 status=ok
cifar10/71/CDANN/PCA4 iw_residual_dis2 W=1.0 accuracy=0.9280 prediction=0.9460 status=ok
cifar10/71/CDANN/PCA4 iw_overlap_critic W=2.0 accuracy=0.9280 prediction=0.9433 status=ok
cifar10/71/CDANN/PCA4 iw_residual_dis2 W=2.0 accuracy=0.9280 prediction=0.9430 status=ok
cifar10/71/CDANN/PCA4 iw_overlap_critic W=5.0 accuracy=0.9280 prediction=0.9465 status=ok
cifar10/71/CDANN/PCA4 iw_residual_dis2 W=5.0 accuracy=0.9280 prediction=0.9465 status=ok
cifar10/71/CDANN/PCA4 dis2_reference W=nan accuracy=0.9280 prediction=0.8498 status=ok
cifar10/71/CDANN/PCA16 iw_overlap_critic W=1.0 accuracy=0.9280 prediction=0.6255 status=ok
cifar10/71/CDANN/PCA16 iw_residual_dis2 W=1.0 accuracy=0.9280 prediction=0.9399 status=ok
cifar10/71/CDANN/PCA16 iw_overlap_critic W=2.0 accuracy=0.9280 prediction=0.9473 status=ok
cifar10/71/CDANN/PCA16 iw_residual_dis2 W=2.0 accuracy=0.9280 prediction=0.9473 status=ok
cifar10/71/CDANN/PCA16 iw_overlap_critic W=5.0 accuracy=0.9280 prediction=0.9473 status=ok
cifar10/71/CDANN/PCA16 iw_residual_dis2 W=5.0 accuracy=0.9280 prediction=0.9473 status=ok
cifar10/71/CDANN/PCA16 dis2_reference W=nan accuracy=0.9280 prediction=0.8318 status=ok
cifar10/71/CDANN/PCA32 iw_overlap_critic W=1.0 accuracy=0.9280 prediction=0.6208 status=ok
cifar10/71/CDANN/PCA32 iw_residual_dis2 W=1.0 accuracy=0.9280 prediction=0.9257 status=ok
cifar10/71/CDANN/PCA32 iw_overlap_critic W=2.0 accuracy=0.9280 prediction=0.9440 status=ok
cifar10/71/CDANN/PCA32 iw_residual_dis2 W=2.0 accuracy=0.9280 prediction=0.9440 status=ok
cifar10/71/CDANN/PCA32 iw_overlap_critic W=5.0 accuracy=0.9280 prediction=0.9440 status=ok
cifar10/71/CDANN/PCA32 iw_residual_dis2 W=5.0 accuracy=0.9280 prediction=0.9440 status=ok
cifar10/71/CDANN/PCA32 dis2_reference W=nan accuracy=0.9280 prediction=0.8686 status=ok
cifar10/71/CDANN/PCA64 iw_overlap_critic W=1.0 accuracy=0.9280 prediction=0.5736 status=ok
cifar10/71/CDANN/PCA64 iw_residual_dis2 W=1.0 accuracy=0.9280 prediction=0.9294 status=ok
cifar10/71/CDANN/PCA64 iw_overlap_critic W=2.0 accuracy=0.9280 prediction=0.9370 status=ok
/storage/homefs/tf24s166/IW_dis2/disagree_discrep_IW/src/lib/utils.py:43: FutureWarning: You are using `torch.load` with `weights_only=False` (the current default value), which uses the default pickle module implicitly. It is possible to construct malicious pickle data which will execute arbitrary code during unpickling (See https://github.com/pytorch/pytorch/blob/main/SECURITY.md#untrusted-models for more details). In a future release, the default value for `weights_only` will be flipped to `True`. This limits the functions that could be executed during unpickling. Arbitrary objects will no longer be allowed to be loaded via this mode unless they are explicitly allowlisted by the user via `torch.serialization.add_safe_globals`. We recommend you start setting `weights_only=True` for any use case where you don't have full control of the loaded file. Please open an issue on GitHub for any issues related to this experimental feature.
  lin.load_state_dict(torch.load(os.path.join(shift_dir, 'linear.pth'), map_location=device))
/storage/homefs/tf24s166/IW_dis2/disagree_discrep_IW/src/lib/utils.py:43: FutureWarning: You are using `torch.load` with `weights_only=False` (the current default value), which uses the default pickle module implicitly. It is possible to construct malicious pickle data which will execute arbitrary code during unpickling (See https://github.com/pytorch/pytorch/blob/main/SECURITY.md#untrusted-models for more details). In a future release, the default value for `weights_only` will be flipped to `True`. This limits the functions that could be executed during unpickling. Arbitrary objects will no longer be allowed to be loaded via this mode unless they are explicitly allowlisted by the user via `torch.serialization.add_safe_globals`. We recommend you start setting `weights_only=True` for any use case where you don't have full control of the loaded file. Please open an issue on GitHub for any issues related to this experimental feature.
  lin.load_state_dict(torch.load(os.path.join(shift_dir, 'linear.pth'), map_location=device))
cifar10/71/CDANN/PCA64 iw_residual_dis2 W=2.0 accuracy=0.9280 prediction=0.9410 status=ok
cifar10/71/CDANN/PCA64 iw_overlap_critic W=5.0 accuracy=0.9280 prediction=0.9410 status=ok
cifar10/71/CDANN/PCA64 iw_residual_dis2 W=5.0 accuracy=0.9280 prediction=0.9410 status=ok
cifar10/71/CDANN/PCA64 dis2_reference W=nan accuracy=0.9280 prediction=0.8418 status=ok
cifar10/71/CDANN/PCA128 iw_overlap_critic W=1.0 accuracy=0.9280 prediction=0.5614 status=ok
cifar10/71/CDANN/PCA128 iw_residual_dis2 W=1.0 accuracy=0.9280 prediction=0.9677 status=ok
cifar10/71/CDANN/PCA128 iw_overlap_critic W=2.0 accuracy=0.9280 prediction=0.9265 status=ok
cifar10/71/CDANN/PCA128 iw_residual_dis2 W=2.0 accuracy=0.9280 prediction=0.9382 status=ok
cifar10/71/CDANN/PCA128 iw_overlap_critic W=5.0 accuracy=0.9280 prediction=0.9383 status=ok
cifar10/71/CDANN/PCA128 iw_residual_dis2 W=5.0 accuracy=0.9280 prediction=0.9383 status=ok
cifar10/71/CDANN/PCA128 dis2_reference W=nan accuracy=0.9280 prediction=0.8546 status=ok
cifar10/95/CDANN/logits iw_overlap_critic W=1.0 accuracy=0.9355 prediction=0.6380 status=ok
cifar10/95/CDANN/logits iw_residual_dis2 W=1.0 accuracy=0.9355 prediction=0.9449 status=ok
cifar10/95/CDANN/logits iw_overlap_critic W=2.0 accuracy=0.9355 prediction=0.9516 status=ok
cifar10/95/CDANN/logits iw_residual_dis2 W=2.0 accuracy=0.9355 prediction=0.9516 status=ok
cifar10/95/CDANN/logits iw_overlap_critic W=5.0 accuracy=0.9355 prediction=0.9516 status=ok
cifar10/95/CDANN/logits iw_residual_dis2 W=5.0 accuracy=0.9355 prediction=0.9516 status=ok
cifar10/95/CDANN/logits dis2_reference W=nan accuracy=0.9355 prediction=0.8726 status=ok
cifar10/95/CDANN/features iw_overlap_critic W=1.0 accuracy=0.9355 prediction=0.8242 status=ok
cifar10/95/CDANN/features iw_residual_dis2 W=1.0 accuracy=0.9355 prediction=0.9050 status=ok
cifar10/95/CDANN/features iw_overlap_critic W=2.0 accuracy=0.9355 prediction=0.8764 status=ok
cifar10/95/CDANN/features iw_residual_dis2 W=2.0 accuracy=0.9355 prediction=0.9309 status=ok
cifar10/95/CDANN/features iw_overlap_critic W=5.0 accuracy=0.9355 prediction=0.9134 status=ok
cifar10/95/CDANN/features iw_residual_dis2 W=5.0 accuracy=0.9355 prediction=0.9403 status=ok
cifar10/95/CDANN/features dis2_reference W=nan accuracy=0.9355 prediction=0.8362 status=ok
cifar10/95/CDANN/PCA1 iw_overlap_critic W=1.0 accuracy=0.9355 prediction=0.7804 status=ok
cifar10/95/CDANN/PCA1 iw_residual_dis2 W=1.0 accuracy=0.9355 prediction=0.8918 status=ok
cifar10/95/CDANN/PCA1 iw_overlap_critic W=2.0 accuracy=0.9355 prediction=0.8360 status=ok
cifar10/95/CDANN/PCA1 iw_residual_dis2 W=2.0 accuracy=0.9355 prediction=0.9104 status=ok
cifar10/95/CDANN/PCA1 iw_overlap_critic W=5.0 accuracy=0.9355 prediction=0.8939 status=ok
cifar10/95/CDANN/PCA1 iw_residual_dis2 W=5.0 accuracy=0.9355 prediction=0.9239 status=ok
cifar10/95/CDANN/PCA1 dis2_reference W=nan accuracy=0.9355 prediction=0.7726 status=ok
cifar10/95/CDANN/PCA4 iw_overlap_critic W=1.0 accuracy=0.9355 prediction=0.7117 status=ok
cifar10/95/CDANN/PCA4 iw_residual_dis2 W=1.0 accuracy=0.9355 prediction=0.9550 status=ok
cifar10/95/CDANN/PCA4 iw_overlap_critic W=2.0 accuracy=0.9355 prediction=0.9510 status=ok
cifar10/95/CDANN/PCA4 iw_residual_dis2 W=2.0 accuracy=0.9355 prediction=0.9510 status=ok
cifar10/95/CDANN/PCA4 iw_overlap_critic W=5.0 accuracy=0.9355 prediction=0.9510 status=ok
cifar10/95/CDANN/PCA4 iw_residual_dis2 W=5.0 accuracy=0.9355 prediction=0.9510 status=ok
cifar10/95/CDANN/PCA4 dis2_reference W=nan accuracy=0.9355 prediction=0.8734 status=ok
cifar10/95/CDANN/PCA16 iw_overlap_critic W=1.0 accuracy=0.9355 prediction=0.6385 status=ok
cifar10/95/CDANN/PCA16 iw_residual_dis2 W=1.0 accuracy=0.9355 prediction=0.9305 status=ok
cifar10/95/CDANN/PCA16 iw_overlap_critic W=2.0 accuracy=0.9355 prediction=0.9513 status=ok
cifar10/95/CDANN/PCA16 iw_residual_dis2 W=2.0 accuracy=0.9355 prediction=0.9513 status=ok
cifar10/95/CDANN/PCA16 iw_overlap_critic W=5.0 accuracy=0.9355 prediction=0.9513 status=ok
cifar10/95/CDANN/PCA16 iw_residual_dis2 W=5.0 accuracy=0.9355 prediction=0.9513 status=ok
cifar10/95/CDANN/PCA16 dis2_reference W=nan accuracy=0.9355 prediction=0.8946 status=ok
cifar10/95/CDANN/PCA32 iw_overlap_critic W=1.0 accuracy=0.9355 prediction=0.6143 status=ok
cifar10/95/CDANN/PCA32 iw_residual_dis2 W=1.0 accuracy=0.9355 prediction=0.9702 status=ok
cifar10/95/CDANN/PCA32 iw_overlap_critic W=2.0 accuracy=0.9355 prediction=0.9500 status=ok
cifar10/95/CDANN/PCA32 iw_residual_dis2 W=2.0 accuracy=0.9355 prediction=0.9500 status=ok
cifar10/95/CDANN/PCA32 iw_overlap_critic W=5.0 accuracy=0.9355 prediction=0.9500 status=ok
cifar10/95/CDANN/PCA32 iw_residual_dis2 W=5.0 accuracy=0.9355 prediction=0.9500 status=ok
cifar10/95/CDANN/PCA32 dis2_reference W=nan accuracy=0.9355 prediction=0.8382 status=ok
cifar10/95/CDANN/PCA64 iw_overlap_critic W=1.0 accuracy=0.9355 prediction=0.5907 status=ok
cifar10/95/CDANN/PCA64 iw_residual_dis2 W=1.0 accuracy=0.9355 prediction=0.9396 status=ok
cifar10/95/CDANN/PCA64 iw_overlap_critic W=2.0 accuracy=0.9355 prediction=0.9493 status=ok
cifar10/95/CDANN/PCA64 iw_residual_dis2 W=2.0 accuracy=0.9355 prediction=0.9493 status=ok
cifar10/95/CDANN/PCA64 iw_overlap_critic W=5.0 accuracy=0.9355 prediction=0.9493 status=ok
cifar10/95/CDANN/PCA64 iw_residual_dis2 W=5.0 accuracy=0.9355 prediction=0.9493 status=ok
cifar10/95/CDANN/PCA64 dis2_reference W=nan accuracy=0.9355 prediction=0.8374 status=ok
cifar10/95/CDANN/PCA128 iw_overlap_critic W=1.0 accuracy=0.9355 prediction=0.5210 status=ok
cifar10/95/CDANN/PCA128 iw_residual_dis2 W=1.0 accuracy=0.9355 prediction=0.9510 status=ok
cifar10/95/CDANN/PCA128 iw_overlap_critic W=2.0 accuracy=0.9355 prediction=nan status=unsupported_critic_region
cifar10/95/CDANN/PCA128 iw_residual_dis2 W=2.0 accuracy=0.9355 prediction=nan status=unsupported_residual_source_region
cifar10/95/CDANN/PCA128 iw_overlap_critic W=5.0 accuracy=0.9355 prediction=0.9491 status=ok
cifar10/95/CDANN/PCA128 iw_residual_dis2 W=5.0 accuracy=0.9355 prediction=0.9491 status=ok
cifar10/95/CDANN/PCA128 dis2_reference W=nan accuracy=0.9355 prediction=0.8538 status=ok
cifar10/1/FixMatch/logits iw_overlap_critic W=1.0 accuracy=0.8775 prediction=0.4609 status=ok
cifar10/1/FixMatch/logits iw_residual_dis2 W=1.0 accuracy=0.8775 prediction=0.9248 status=ok
cifar10/1/FixMatch/logits iw_overlap_critic W=2.0 accuracy=0.8775 prediction=0.9666 status=ok
cifar10/1/FixMatch/logits iw_residual_dis2 W=2.0 accuracy=0.8775 prediction=0.9666 status=ok
cifar10/1/FixMatch/logits iw_overlap_critic W=5.0 accuracy=0.8775 prediction=0.9666 status=ok
cifar10/1/FixMatch/logits iw_residual_dis2 W=5.0 accuracy=0.8775 prediction=0.9666 status=ok
cifar10/1/FixMatch/logits dis2_reference W=nan accuracy=0.8775 prediction=0.8162 status=ok
cifar10/1/FixMatch/features iw_overlap_critic W=1.0 accuracy=0.8775 prediction=0.7084 status=ok
cifar10/1/FixMatch/features iw_residual_dis2 W=1.0 accuracy=0.8775 prediction=0.8603 status=ok
cifar10/1/FixMatch/features iw_overlap_critic W=2.0 accuracy=0.8775 prediction=0.9486 status=ok
cifar10/1/FixMatch/features iw_residual_dis2 W=2.0 accuracy=0.8775 prediction=0.9594 status=ok
cifar10/1/FixMatch/features iw_overlap_critic W=5.0 accuracy=0.8775 prediction=nan status=unsupported_critic_region
cifar10/1/FixMatch/features iw_residual_dis2 W=5.0 accuracy=0.8775 prediction=nan status=unsupported_residual_source_region
cifar10/1/FixMatch/features dis2_reference W=nan accuracy=0.8775 prediction=0.6118 status=ok
cifar10/1/FixMatch/PCA1 iw_overlap_critic W=1.0 accuracy=0.8775 prediction=0.6673 status=ok
cifar10/1/FixMatch/PCA1 iw_residual_dis2 W=1.0 accuracy=0.8775 prediction=0.8664 status=ok
cifar10/1/FixMatch/PCA1 iw_overlap_critic W=2.0 accuracy=0.8775 prediction=0.9436 status=ok
cifar10/1/FixMatch/PCA1 iw_residual_dis2 W=2.0 accuracy=0.8775 prediction=0.9686 status=ok
cifar10/1/FixMatch/PCA1 iw_overlap_critic W=5.0 accuracy=0.8775 prediction=nan status=unsupported_critic_region
cifar10/1/FixMatch/PCA1 iw_residual_dis2 W=5.0 accuracy=0.8775 prediction=nan status=unsupported_residual_source_region
cifar10/1/FixMatch/PCA1 dis2_reference W=nan accuracy=0.8775 prediction=0.5930 status=ok
/storage/homefs/tf24s166/IW_dis2/disagree_discrep_IW/src/lib/utils.py:43: FutureWarning: You are using `torch.load` with `weights_only=False` (the current default value), which uses the default pickle module implicitly. It is possible to construct malicious pickle data which will execute arbitrary code during unpickling (See https://github.com/pytorch/pytorch/blob/main/SECURITY.md#untrusted-models for more details). In a future release, the default value for `weights_only` will be flipped to `True`. This limits the functions that could be executed during unpickling. Arbitrary objects will no longer be allowed to be loaded via this mode unless they are explicitly allowlisted by the user via `torch.serialization.add_safe_globals`. We recommend you start setting `weights_only=True` for any use case where you don't have full control of the loaded file. Please open an issue on GitHub for any issues related to this experimental feature.
  lin.load_state_dict(torch.load(os.path.join(shift_dir, 'linear.pth'), map_location=device))
cifar10/1/FixMatch/PCA4 iw_overlap_critic W=1.0 accuracy=0.8775 prediction=0.6090 status=ok
cifar10/1/FixMatch/PCA4 iw_residual_dis2 W=1.0 accuracy=0.8775 prediction=0.8703 status=ok
cifar10/1/FixMatch/PCA4 iw_overlap_critic W=2.0 accuracy=0.8775 prediction=0.9136 status=ok
cifar10/1/FixMatch/PCA4 iw_residual_dis2 W=2.0 accuracy=0.8775 prediction=0.9545 status=ok
cifar10/1/FixMatch/PCA4 iw_overlap_critic W=5.0 accuracy=0.8775 prediction=0.9621 status=ok
cifar10/1/FixMatch/PCA4 iw_residual_dis2 W=5.0 accuracy=0.8775 prediction=0.9621 status=ok
cifar10/1/FixMatch/PCA4 dis2_reference W=nan accuracy=0.8775 prediction=0.6518 status=ok
cifar10/1/FixMatch/PCA16 iw_overlap_critic W=1.0 accuracy=0.8775 prediction=0.6115 status=ok
cifar10/1/FixMatch/PCA16 iw_residual_dis2 W=1.0 accuracy=0.8775 prediction=0.8540 status=ok
cifar10/1/FixMatch/PCA16 iw_overlap_critic W=2.0 accuracy=0.8775 prediction=0.9337 status=ok
cifar10/1/FixMatch/PCA16 iw_residual_dis2 W=2.0 accuracy=0.8775 prediction=0.9528 status=ok
cifar10/1/FixMatch/PCA16 iw_overlap_critic W=5.0 accuracy=0.8775 prediction=0.9638 status=ok
cifar10/1/FixMatch/PCA16 iw_residual_dis2 W=5.0 accuracy=0.8775 prediction=0.9638 status=ok
cifar10/1/FixMatch/PCA16 dis2_reference W=nan accuracy=0.8775 prediction=0.6706 status=ok
cifar10/1/FixMatch/PCA32 iw_overlap_critic W=1.0 accuracy=0.8775 prediction=0.5687 status=ok
cifar10/1/FixMatch/PCA32 iw_residual_dis2 W=1.0 accuracy=0.8775 prediction=0.8781 status=ok
cifar10/1/FixMatch/PCA32 iw_overlap_critic W=2.0 accuracy=0.8775 prediction=nan status=unsupported_critic_region
cifar10/1/FixMatch/PCA32 iw_residual_dis2 W=2.0 accuracy=0.8775 prediction=nan status=unsupported_critic_region
cifar10/1/FixMatch/PCA32 iw_overlap_critic W=5.0 accuracy=0.8775 prediction=0.9668 status=ok
cifar10/1/FixMatch/PCA32 iw_residual_dis2 W=5.0 accuracy=0.8775 prediction=0.9668 status=ok
cifar10/1/FixMatch/PCA32 dis2_reference W=nan accuracy=0.8775 prediction=0.7002 status=ok
cifar10/1/FixMatch/PCA64 iw_overlap_critic W=1.0 accuracy=0.8775 prediction=0.6019 status=ok
cifar10/1/FixMatch/PCA64 iw_residual_dis2 W=1.0 accuracy=0.8775 prediction=0.9330 status=ok
cifar10/1/FixMatch/PCA64 iw_overlap_critic W=2.0 accuracy=0.8775 prediction=0.9670 status=ok
cifar10/1/FixMatch/PCA64 iw_residual_dis2 W=2.0 accuracy=0.8775 prediction=0.9670 status=ok
cifar10/1/FixMatch/PCA64 iw_overlap_critic W=5.0 accuracy=0.8775 prediction=0.9670 status=ok
cifar10/1/FixMatch/PCA64 iw_residual_dis2 W=5.0 accuracy=0.8775 prediction=0.9670 status=ok
cifar10/1/FixMatch/PCA64 dis2_reference W=nan accuracy=0.8775 prediction=0.8382 status=ok
cifar10/1/FixMatch/PCA128 iw_overlap_critic W=1.0 accuracy=0.8775 prediction=0.6067 status=ok
cifar10/1/FixMatch/PCA128 iw_residual_dis2 W=1.0 accuracy=0.8775 prediction=0.9514 status=ok
cifar10/1/FixMatch/PCA128 iw_overlap_critic W=2.0 accuracy=0.8775 prediction=0.9670 status=ok
cifar10/1/FixMatch/PCA128 iw_residual_dis2 W=2.0 accuracy=0.8775 prediction=0.9670 status=ok
cifar10/1/FixMatch/PCA128 iw_overlap_critic W=5.0 accuracy=0.8775 prediction=0.9670 status=ok
cifar10/1/FixMatch/PCA128 iw_residual_dis2 W=5.0 accuracy=0.8775 prediction=0.9670 status=ok
cifar10/1/FixMatch/PCA128 dis2_reference W=nan accuracy=0.8775 prediction=0.8718 status=ok
cifar10/10/FixMatch/logits iw_overlap_critic W=1.0 accuracy=0.9465 prediction=0.5250 status=ok
cifar10/10/FixMatch/logits iw_residual_dis2 W=1.0 accuracy=0.9465 prediction=0.9160 status=ok
cifar10/10/FixMatch/logits iw_overlap_critic W=2.0 accuracy=0.9465 prediction=0.9571 status=ok
cifar10/10/FixMatch/logits iw_residual_dis2 W=2.0 accuracy=0.9465 prediction=0.9571 status=ok
cifar10/10/FixMatch/logits iw_overlap_critic W=5.0 accuracy=0.9465 prediction=0.9571 status=ok
cifar10/10/FixMatch/logits iw_residual_dis2 W=5.0 accuracy=0.9465 prediction=0.9571 status=ok
cifar10/10/FixMatch/logits dis2_reference W=nan accuracy=0.9465 prediction=0.8302 status=ok
cifar10/10/FixMatch/features iw_overlap_critic W=1.0 accuracy=0.9465 prediction=0.4155 status=ok
cifar10/10/FixMatch/features iw_residual_dis2 W=1.0 accuracy=0.9465 prediction=0.7722 status=ok
cifar10/10/FixMatch/features iw_overlap_critic W=2.0 accuracy=0.9465 prediction=0.4678 status=ok
cifar10/10/FixMatch/features iw_residual_dis2 W=2.0 accuracy=0.9465 prediction=0.7865 status=ok
cifar10/10/FixMatch/features iw_overlap_critic W=5.0 accuracy=0.9465 prediction=0.5765 status=ok
cifar10/10/FixMatch/features iw_residual_dis2 W=5.0 accuracy=0.9465 prediction=0.8330 status=ok
cifar10/10/FixMatch/features dis2_reference W=nan accuracy=0.9465 prediction=0.5254 status=ok
cifar10/10/FixMatch/PCA1 iw_overlap_critic W=1.0 accuracy=0.9465 prediction=0.3686 status=ok
cifar10/10/FixMatch/PCA1 iw_residual_dis2 W=1.0 accuracy=0.9465 prediction=0.7387 status=ok
cifar10/10/FixMatch/PCA1 iw_overlap_critic W=2.0 accuracy=0.9465 prediction=0.4173 status=ok
cifar10/10/FixMatch/PCA1 iw_residual_dis2 W=2.0 accuracy=0.9465 prediction=0.7893 status=ok
cifar10/10/FixMatch/PCA1 iw_overlap_critic W=5.0 accuracy=0.9465 prediction=0.5292 status=ok
cifar10/10/FixMatch/PCA1 iw_residual_dis2 W=5.0 accuracy=0.9465 prediction=0.8563 status=ok
cifar10/10/FixMatch/PCA1 dis2_reference W=nan accuracy=0.9465 prediction=0.4618 status=ok
cifar10/10/FixMatch/PCA4 iw_overlap_critic W=1.0 accuracy=0.9465 prediction=0.5044 status=ok
cifar10/10/FixMatch/PCA4 iw_residual_dis2 W=1.0 accuracy=0.9465 prediction=0.8171 status=ok
cifar10/10/FixMatch/PCA4 iw_overlap_critic W=2.0 accuracy=0.9465 prediction=0.6008 status=ok
cifar10/10/FixMatch/PCA4 iw_residual_dis2 W=2.0 accuracy=0.9465 prediction=0.8757 status=ok
cifar10/10/FixMatch/PCA4 iw_overlap_critic W=5.0 accuracy=0.9465 prediction=0.7354 status=ok
cifar10/10/FixMatch/PCA4 iw_residual_dis2 W=5.0 accuracy=0.9465 prediction=0.9194 status=ok
cifar10/10/FixMatch/PCA4 dis2_reference W=nan accuracy=0.9465 prediction=0.6482 status=ok
cifar10/10/FixMatch/PCA16 iw_overlap_critic W=1.0 accuracy=0.9465 prediction=0.5707 status=ok
cifar10/10/FixMatch/PCA16 iw_residual_dis2 W=1.0 accuracy=0.9465 prediction=0.9028 status=ok
cifar10/10/FixMatch/PCA16 iw_overlap_critic W=2.0 accuracy=0.9465 prediction=0.8018 status=ok
cifar10/10/FixMatch/PCA16 iw_residual_dis2 W=2.0 accuracy=0.9465 prediction=0.9368 status=ok
cifar10/10/FixMatch/PCA16 iw_overlap_critic W=5.0 accuracy=0.9465 prediction=0.9322 status=ok
cifar10/10/FixMatch/PCA16 iw_residual_dis2 W=5.0 accuracy=0.9465 prediction=0.9545 status=ok
cifar10/10/FixMatch/PCA16 dis2_reference W=nan accuracy=0.9465 prediction=0.8170 status=ok
cifar10/10/FixMatch/PCA32 iw_overlap_critic W=1.0 accuracy=0.9465 prediction=0.5807 status=ok
cifar10/10/FixMatch/PCA32 iw_residual_dis2 W=1.0 accuracy=0.9465 prediction=0.9390 status=ok
cifar10/10/FixMatch/PCA32 iw_overlap_critic W=2.0 accuracy=0.9465 prediction=0.8465 status=ok
cifar10/10/FixMatch/PCA32 iw_residual_dis2 W=2.0 accuracy=0.9465 prediction=0.9613 status=ok
cifar10/10/FixMatch/PCA32 iw_overlap_critic W=5.0 accuracy=0.9465 prediction=0.9461 status=ok
cifar10/10/FixMatch/PCA32 iw_residual_dis2 W=5.0 accuracy=0.9465 prediction=0.9581 status=ok
cifar10/10/FixMatch/PCA32 dis2_reference W=nan accuracy=0.9465 prediction=0.8494 status=ok
cifar10/10/FixMatch/PCA64 iw_overlap_critic W=1.0 accuracy=0.9465 prediction=0.6177 status=ok
cifar10/10/FixMatch/PCA64 iw_residual_dis2 W=1.0 accuracy=0.9465 prediction=0.9341 status=ok
cifar10/10/FixMatch/PCA64 iw_overlap_critic W=2.0 accuracy=0.9465 prediction=0.8939 status=ok
cifar10/10/FixMatch/PCA64 iw_residual_dis2 W=2.0 accuracy=0.9465 prediction=0.9589 status=ok
cifar10/10/FixMatch/PCA64 iw_overlap_critic W=5.0 accuracy=0.9465 prediction=0.9550 status=ok
cifar10/10/FixMatch/PCA64 iw_residual_dis2 W=5.0 accuracy=0.9465 prediction=0.9550 status=ok
cifar10/10/FixMatch/PCA64 dis2_reference W=nan accuracy=0.9465 prediction=0.8802 status=ok
cifar10/10/FixMatch/PCA128 iw_overlap_critic W=1.0 accuracy=0.9465 prediction=0.5600 status=ok
cifar10/10/FixMatch/PCA128 iw_residual_dis2 W=1.0 accuracy=0.9465 prediction=0.9601 status=ok
cifar10/10/FixMatch/PCA128 iw_overlap_critic W=2.0 accuracy=0.9465 prediction=0.8967 status=ok
/storage/homefs/tf24s166/IW_dis2/disagree_discrep_IW/src/lib/utils.py:43: FutureWarning: You are using `torch.load` with `weights_only=False` (the current default value), which uses the default pickle module implicitly. It is possible to construct malicious pickle data which will execute arbitrary code during unpickling (See https://github.com/pytorch/pytorch/blob/main/SECURITY.md#untrusted-models for more details). In a future release, the default value for `weights_only` will be flipped to `True`. This limits the functions that could be executed during unpickling. Arbitrary objects will no longer be allowed to be loaded via this mode unless they are explicitly allowlisted by the user via `torch.serialization.add_safe_globals`. We recommend you start setting `weights_only=True` for any use case where you don't have full control of the loaded file. Please open an issue on GitHub for any issues related to this experimental feature.
  lin.load_state_dict(torch.load(os.path.join(shift_dir, 'linear.pth'), map_location=device))
/storage/homefs/tf24s166/IW_dis2/disagree_discrep_IW/src/lib/utils.py:43: FutureWarning: You are using `torch.load` with `weights_only=False` (the current default value), which uses the default pickle module implicitly. It is possible to construct malicious pickle data which will execute arbitrary code during unpickling (See https://github.com/pytorch/pytorch/blob/main/SECURITY.md#untrusted-models for more details). In a future release, the default value for `weights_only` will be flipped to `True`. This limits the functions that could be executed during unpickling. Arbitrary objects will no longer be allowed to be loaded via this mode unless they are explicitly allowlisted by the user via `torch.serialization.add_safe_globals`. We recommend you start setting `weights_only=True` for any use case where you don't have full control of the loaded file. Please open an issue on GitHub for any issues related to this experimental feature.
  lin.load_state_dict(torch.load(os.path.join(shift_dir, 'linear.pth'), map_location=device))
cifar10/10/FixMatch/PCA128 iw_residual_dis2 W=2.0 accuracy=0.9465 prediction=0.9621 status=ok
cifar10/10/FixMatch/PCA128 iw_overlap_critic W=5.0 accuracy=0.9465 prediction=nan status=unsupported_critic_region
cifar10/10/FixMatch/PCA128 iw_residual_dis2 W=5.0 accuracy=0.9465 prediction=nan status=unsupported_critic_region
cifar10/10/FixMatch/PCA128 dis2_reference W=nan accuracy=0.9465 prediction=0.8766 status=ok
cifar10/71/FixMatch/logits iw_overlap_critic W=1.0 accuracy=0.9520 prediction=0.5533 status=ok
cifar10/71/FixMatch/logits iw_residual_dis2 W=1.0 accuracy=0.9520 prediction=0.9227 status=ok
cifar10/71/FixMatch/logits iw_overlap_critic W=2.0 accuracy=0.9520 prediction=0.9581 status=ok
cifar10/71/FixMatch/logits iw_residual_dis2 W=2.0 accuracy=0.9520 prediction=0.9581 status=ok
cifar10/71/FixMatch/logits iw_overlap_critic W=5.0 accuracy=0.9520 prediction=0.9581 status=ok
cifar10/71/FixMatch/logits iw_residual_dis2 W=5.0 accuracy=0.9520 prediction=0.9581 status=ok
cifar10/71/FixMatch/logits dis2_reference W=nan accuracy=0.9520 prediction=0.8782 status=ok
cifar10/71/FixMatch/features iw_overlap_critic W=1.0 accuracy=0.9520 prediction=0.5488 status=ok
cifar10/71/FixMatch/features iw_residual_dis2 W=1.0 accuracy=0.9520 prediction=0.8446 status=ok
cifar10/71/FixMatch/features iw_overlap_critic W=2.0 accuracy=0.9520 prediction=0.6764 status=ok
cifar10/71/FixMatch/features iw_residual_dis2 W=2.0 accuracy=0.9520 prediction=0.9607 status=ok
cifar10/71/FixMatch/features iw_overlap_critic W=5.0 accuracy=0.9520 prediction=0.8412 status=ok
cifar10/71/FixMatch/features iw_residual_dis2 W=5.0 accuracy=0.9520 prediction=0.9459 status=ok
cifar10/71/FixMatch/features dis2_reference W=nan accuracy=0.9520 prediction=0.6306 status=ok
cifar10/71/FixMatch/PCA1 iw_overlap_critic W=1.0 accuracy=0.9520 prediction=0.5034 status=ok
cifar10/71/FixMatch/PCA1 iw_residual_dis2 W=1.0 accuracy=0.9520 prediction=0.8861 status=ok
cifar10/71/FixMatch/PCA1 iw_overlap_critic W=2.0 accuracy=0.9520 prediction=0.6346 status=ok
cifar10/71/FixMatch/PCA1 iw_residual_dis2 W=2.0 accuracy=0.9520 prediction=0.9212 status=ok
cifar10/71/FixMatch/PCA1 iw_overlap_critic W=5.0 accuracy=0.9520 prediction=0.8169 status=ok
cifar10/71/FixMatch/PCA1 iw_residual_dis2 W=5.0 accuracy=0.9520 prediction=0.9569 status=ok
cifar10/71/FixMatch/PCA1 dis2_reference W=nan accuracy=0.9520 prediction=0.5682 status=ok
cifar10/71/FixMatch/PCA4 iw_overlap_critic W=1.0 accuracy=0.9520 prediction=0.5576 status=ok
cifar10/71/FixMatch/PCA4 iw_residual_dis2 W=1.0 accuracy=0.9520 prediction=0.9320 status=ok
cifar10/71/FixMatch/PCA4 iw_overlap_critic W=2.0 accuracy=0.9520 prediction=0.7069 status=ok
cifar10/71/FixMatch/PCA4 iw_residual_dis2 W=2.0 accuracy=0.9520 prediction=0.9434 status=ok
cifar10/71/FixMatch/PCA4 iw_overlap_critic W=5.0 accuracy=0.9520 prediction=0.8517 status=ok
cifar10/71/FixMatch/PCA4 iw_residual_dis2 W=5.0 accuracy=0.9520 prediction=0.9484 status=ok
cifar10/71/FixMatch/PCA4 dis2_reference W=nan accuracy=0.9520 prediction=0.7094 status=ok
cifar10/71/FixMatch/PCA16 iw_overlap_critic W=1.0 accuracy=0.9520 prediction=0.6512 status=ok
cifar10/71/FixMatch/PCA16 iw_residual_dis2 W=1.0 accuracy=0.9520 prediction=0.9050 status=ok
cifar10/71/FixMatch/PCA16 iw_overlap_critic W=2.0 accuracy=0.9520 prediction=0.8585 status=ok
cifar10/71/FixMatch/PCA16 iw_residual_dis2 W=2.0 accuracy=0.9520 prediction=0.9493 status=ok
cifar10/71/FixMatch/PCA16 iw_overlap_critic W=5.0 accuracy=0.9520 prediction=0.9450 status=ok
cifar10/71/FixMatch/PCA16 iw_residual_dis2 W=5.0 accuracy=0.9520 prediction=0.9630 status=ok
cifar10/71/FixMatch/PCA16 dis2_reference W=nan accuracy=0.9520 prediction=0.7858 status=ok
cifar10/71/FixMatch/PCA32 iw_overlap_critic W=1.0 accuracy=0.9520 prediction=0.5521 status=ok
cifar10/71/FixMatch/PCA32 iw_residual_dis2 W=1.0 accuracy=0.9520 prediction=0.9226 status=ok
cifar10/71/FixMatch/PCA32 iw_overlap_critic W=2.0 accuracy=0.9520 prediction=0.9176 status=ok
cifar10/71/FixMatch/PCA32 iw_residual_dis2 W=2.0 accuracy=0.9520 prediction=0.9526 status=ok
cifar10/71/FixMatch/PCA32 iw_overlap_critic W=5.0 accuracy=0.9520 prediction=0.9616 status=ok
cifar10/71/FixMatch/PCA32 iw_residual_dis2 W=5.0 accuracy=0.9520 prediction=0.9616 status=ok
cifar10/71/FixMatch/PCA32 dis2_reference W=nan accuracy=0.9520 prediction=0.8282 status=ok
cifar10/71/FixMatch/PCA64 iw_overlap_critic W=1.0 accuracy=0.9520 prediction=0.5674 status=ok
cifar10/71/FixMatch/PCA64 iw_residual_dis2 W=1.0 accuracy=0.9520 prediction=0.9403 status=ok
cifar10/71/FixMatch/PCA64 iw_overlap_critic W=2.0 accuracy=0.9520 prediction=0.9588 status=ok
cifar10/71/FixMatch/PCA64 iw_residual_dis2 W=2.0 accuracy=0.9520 prediction=0.9588 status=ok
cifar10/71/FixMatch/PCA64 iw_overlap_critic W=5.0 accuracy=0.9520 prediction=0.9588 status=ok
cifar10/71/FixMatch/PCA64 iw_residual_dis2 W=5.0 accuracy=0.9520 prediction=0.9588 status=ok
cifar10/71/FixMatch/PCA64 dis2_reference W=nan accuracy=0.9520 prediction=0.8554 status=ok
cifar10/71/FixMatch/PCA128 iw_overlap_critic W=1.0 accuracy=0.9520 prediction=0.5962 status=ok
cifar10/71/FixMatch/PCA128 iw_residual_dis2 W=1.0 accuracy=0.9520 prediction=0.9294 status=ok
cifar10/71/FixMatch/PCA128 iw_overlap_critic W=2.0 accuracy=0.9520 prediction=nan status=unsupported_critic_region
cifar10/71/FixMatch/PCA128 iw_residual_dis2 W=2.0 accuracy=0.9520 prediction=nan status=unsupported_critic_region
cifar10/71/FixMatch/PCA128 iw_overlap_critic W=5.0 accuracy=0.9520 prediction=0.9582 status=ok
cifar10/71/FixMatch/PCA128 iw_residual_dis2 W=5.0 accuracy=0.9520 prediction=0.9582 status=ok
cifar10/71/FixMatch/PCA128 dis2_reference W=nan accuracy=0.9520 prediction=0.8714 status=ok
cifar10/95/FixMatch/logits iw_overlap_critic W=1.0 accuracy=0.9615 prediction=0.5776 status=ok
cifar10/95/FixMatch/logits iw_residual_dis2 W=1.0 accuracy=0.9615 prediction=0.9534 status=ok
cifar10/95/FixMatch/logits iw_overlap_critic W=2.0 accuracy=0.9615 prediction=0.9612 status=ok
cifar10/95/FixMatch/logits iw_residual_dis2 W=2.0 accuracy=0.9615 prediction=0.9612 status=ok
cifar10/95/FixMatch/logits iw_overlap_critic W=5.0 accuracy=0.9615 prediction=0.9612 status=ok
cifar10/95/FixMatch/logits iw_residual_dis2 W=5.0 accuracy=0.9615 prediction=0.9612 status=ok
cifar10/95/FixMatch/logits dis2_reference W=nan accuracy=0.9615 prediction=0.8790 status=ok
cifar10/95/FixMatch/features iw_overlap_critic W=1.0 accuracy=0.9615 prediction=0.5718 status=ok
cifar10/95/FixMatch/features iw_residual_dis2 W=1.0 accuracy=0.9615 prediction=0.9109 status=ok
cifar10/95/FixMatch/features iw_overlap_critic W=2.0 accuracy=0.9615 prediction=0.7146 status=ok
cifar10/95/FixMatch/features iw_residual_dis2 W=2.0 accuracy=0.9615 prediction=0.8831 status=ok
cifar10/95/FixMatch/features iw_overlap_critic W=5.0 accuracy=0.9615 prediction=0.8346 status=ok
cifar10/95/FixMatch/features iw_residual_dis2 W=5.0 accuracy=0.9615 prediction=0.8674 status=ok
cifar10/95/FixMatch/features dis2_reference W=nan accuracy=0.9615 prediction=0.6878 status=ok
cifar10/95/FixMatch/PCA1 iw_overlap_critic W=1.0 accuracy=0.9615 prediction=0.5150 status=ok
cifar10/95/FixMatch/PCA1 iw_residual_dis2 W=1.0 accuracy=0.9615 prediction=0.8467 status=ok
cifar10/95/FixMatch/PCA1 iw_overlap_critic W=2.0 accuracy=0.9615 prediction=0.6553 status=ok
cifar10/95/FixMatch/PCA1 iw_residual_dis2 W=2.0 accuracy=0.9615 prediction=0.9003 status=ok
cifar10/95/FixMatch/PCA1 iw_overlap_critic W=5.0 accuracy=0.9615 prediction=0.8047 status=ok
cifar10/95/FixMatch/PCA1 iw_residual_dis2 W=5.0 accuracy=0.9615 prediction=0.9163 status=ok
cifar10/95/FixMatch/PCA1 dis2_reference W=nan accuracy=0.9615 prediction=0.6490 status=ok
cifar10/95/FixMatch/PCA4 iw_overlap_critic W=1.0 accuracy=0.9615 prediction=0.6188 status=ok
cifar10/95/FixMatch/PCA4 iw_residual_dis2 W=1.0 accuracy=0.9615 prediction=0.8743 status=ok
cifar10/95/FixMatch/PCA4 iw_overlap_critic W=2.0 accuracy=0.9615 prediction=0.7424 status=ok
cifar10/95/FixMatch/PCA4 iw_residual_dis2 W=2.0 accuracy=0.9615 prediction=0.9255 status=ok
cifar10/95/FixMatch/PCA4 iw_overlap_critic W=5.0 accuracy=0.9615 prediction=0.8478 status=ok
/storage/homefs/tf24s166/IW_dis2/disagree_discrep_IW/src/lib/utils.py:43: FutureWarning: You are using `torch.load` with `weights_only=False` (the current default value), which uses the default pickle module implicitly. It is possible to construct malicious pickle data which will execute arbitrary code during unpickling (See https://github.com/pytorch/pytorch/blob/main/SECURITY.md#untrusted-models for more details). In a future release, the default value for `weights_only` will be flipped to `True`. This limits the functions that could be executed during unpickling. Arbitrary objects will no longer be allowed to be loaded via this mode unless they are explicitly allowlisted by the user via `torch.serialization.add_safe_globals`. We recommend you start setting `weights_only=True` for any use case where you don't have full control of the loaded file. Please open an issue on GitHub for any issues related to this experimental feature.
  lin.load_state_dict(torch.load(os.path.join(shift_dir, 'linear.pth'), map_location=device))
cifar10/95/FixMatch/PCA4 iw_residual_dis2 W=5.0 accuracy=0.9615 prediction=0.9561 status=ok
cifar10/95/FixMatch/PCA4 dis2_reference W=nan accuracy=0.9615 prediction=0.7502 status=ok
cifar10/95/FixMatch/PCA16 iw_overlap_critic W=1.0 accuracy=0.9615 prediction=0.6325 status=ok
cifar10/95/FixMatch/PCA16 iw_residual_dis2 W=1.0 accuracy=0.9615 prediction=0.9751 status=ok
cifar10/95/FixMatch/PCA16 iw_overlap_critic W=2.0 accuracy=0.9615 prediction=0.8893 status=ok
cifar10/95/FixMatch/PCA16 iw_residual_dis2 W=2.0 accuracy=0.9615 prediction=0.9523 status=ok
cifar10/95/FixMatch/PCA16 iw_overlap_critic W=5.0 accuracy=0.9615 prediction=nan status=unsupported_critic_region
cifar10/95/FixMatch/PCA16 iw_residual_dis2 W=5.0 accuracy=0.9615 prediction=nan status=unsupported_critic_region
cifar10/95/FixMatch/PCA16 dis2_reference W=nan accuracy=0.9615 prediction=0.8542 status=ok
cifar10/95/FixMatch/PCA32 iw_overlap_critic W=1.0 accuracy=0.9615 prediction=0.5848 status=ok
cifar10/95/FixMatch/PCA32 iw_residual_dis2 W=1.0 accuracy=0.9615 prediction=0.9524 status=ok
cifar10/95/FixMatch/PCA32 iw_overlap_critic W=2.0 accuracy=0.9615 prediction=0.9137 status=ok
cifar10/95/FixMatch/PCA32 iw_residual_dis2 W=2.0 accuracy=0.9615 prediction=0.9587 status=ok
cifar10/95/FixMatch/PCA32 iw_overlap_critic W=5.0 accuracy=0.9615 prediction=0.9622 status=ok
cifar10/95/FixMatch/PCA32 iw_residual_dis2 W=5.0 accuracy=0.9615 prediction=0.9622 status=ok
cifar10/95/FixMatch/PCA32 dis2_reference W=nan accuracy=0.9615 prediction=0.8638 status=ok
cifar10/95/FixMatch/PCA64 iw_overlap_critic W=1.0 accuracy=0.9615 prediction=0.5706 status=ok
cifar10/95/FixMatch/PCA64 iw_residual_dis2 W=1.0 accuracy=0.9615 prediction=0.9764 status=ok
cifar10/95/FixMatch/PCA64 iw_overlap_critic W=2.0 accuracy=0.9615 prediction=0.9275 status=ok
cifar10/95/FixMatch/PCA64 iw_residual_dis2 W=2.0 accuracy=0.9615 prediction=0.9610 status=ok
cifar10/95/FixMatch/PCA64 iw_overlap_critic W=5.0 accuracy=0.9615 prediction=0.9608 status=ok
cifar10/95/FixMatch/PCA64 iw_residual_dis2 W=5.0 accuracy=0.9615 prediction=0.9608 status=ok
cifar10/95/FixMatch/PCA64 dis2_reference W=nan accuracy=0.9615 prediction=0.8690 status=ok
cifar10/95/FixMatch/PCA128 iw_overlap_critic W=1.0 accuracy=0.9615 prediction=0.6057 status=ok
cifar10/95/FixMatch/PCA128 iw_residual_dis2 W=1.0 accuracy=0.9615 prediction=0.9712 status=ok
cifar10/95/FixMatch/PCA128 iw_overlap_critic W=2.0 accuracy=0.9615 prediction=0.9045 status=ok
cifar10/95/FixMatch/PCA128 iw_residual_dis2 W=2.0 accuracy=0.9615 prediction=0.9614 status=ok
cifar10/95/FixMatch/PCA128 iw_overlap_critic W=5.0 accuracy=0.9615 prediction=0.9606 status=ok
cifar10/95/FixMatch/PCA128 iw_residual_dis2 W=5.0 accuracy=0.9615 prediction=0.9606 status=ok
cifar10/95/FixMatch/PCA128 dis2_reference W=nan accuracy=0.9615 prediction=0.8962 status=ok
cifar100/4/ERM-aug-imagenet/logits iw_overlap_critic W=1.0 accuracy=0.7165 prediction=0.3935 status=ok
cifar100/4/ERM-aug-imagenet/logits iw_residual_dis2 W=1.0 accuracy=0.7165 prediction=0.6893 status=ok
cifar100/4/ERM-aug-imagenet/logits iw_overlap_critic W=2.0 accuracy=0.7165 prediction=0.5441 status=ok
cifar100/4/ERM-aug-imagenet/logits iw_residual_dis2 W=2.0 accuracy=0.7165 prediction=0.6964 status=ok
cifar100/4/ERM-aug-imagenet/logits iw_overlap_critic W=5.0 accuracy=0.7165 prediction=0.6669 status=ok
cifar100/4/ERM-aug-imagenet/logits iw_residual_dis2 W=5.0 accuracy=0.7165 prediction=0.7462 status=ok
cifar100/4/ERM-aug-imagenet/logits dis2_reference W=nan accuracy=0.7165 prediction=0.6074 status=ok
cifar100/4/ERM-aug-imagenet/features iw_overlap_critic W=1.0 accuracy=0.7165 prediction=0.4226 status=ok
cifar100/4/ERM-aug-imagenet/features iw_residual_dis2 W=1.0 accuracy=0.7165 prediction=0.6918 status=ok
cifar100/4/ERM-aug-imagenet/features iw_overlap_critic W=2.0 accuracy=0.7165 prediction=0.4457 status=ok
cifar100/4/ERM-aug-imagenet/features iw_residual_dis2 W=2.0 accuracy=0.7165 prediction=0.6874 status=ok
cifar100/4/ERM-aug-imagenet/features iw_overlap_critic W=5.0 accuracy=0.7165 prediction=0.5749 status=ok
cifar100/4/ERM-aug-imagenet/features iw_residual_dis2 W=5.0 accuracy=0.7165 prediction=0.6452 status=ok
cifar100/4/ERM-aug-imagenet/features dis2_reference W=nan accuracy=0.7165 prediction=0.5326 status=ok
cifar100/4/ERM-aug-imagenet/PCA1 iw_overlap_critic W=1.0 accuracy=0.7165 prediction=0.4328 status=ok
cifar100/4/ERM-aug-imagenet/PCA1 iw_residual_dis2 W=1.0 accuracy=0.7165 prediction=0.7030 status=ok
cifar100/4/ERM-aug-imagenet/PCA1 iw_overlap_critic W=2.0 accuracy=0.7165 prediction=0.4979 status=ok
cifar100/4/ERM-aug-imagenet/PCA1 iw_residual_dis2 W=2.0 accuracy=0.7165 prediction=0.6802 status=ok
cifar100/4/ERM-aug-imagenet/PCA1 iw_overlap_critic W=5.0 accuracy=0.7165 prediction=0.5962 status=ok
cifar100/4/ERM-aug-imagenet/PCA1 iw_residual_dis2 W=5.0 accuracy=0.7165 prediction=0.6557 status=ok
cifar100/4/ERM-aug-imagenet/PCA1 dis2_reference W=nan accuracy=0.7165 prediction=0.5566 status=ok
cifar100/4/ERM-aug-imagenet/PCA4 iw_overlap_critic W=1.0 accuracy=0.7165 prediction=0.4034 status=ok
cifar100/4/ERM-aug-imagenet/PCA4 iw_residual_dis2 W=1.0 accuracy=0.7165 prediction=0.6426 status=ok
cifar100/4/ERM-aug-imagenet/PCA4 iw_overlap_critic W=2.0 accuracy=0.7165 prediction=0.5308 status=ok
cifar100/4/ERM-aug-imagenet/PCA4 iw_residual_dis2 W=2.0 accuracy=0.7165 prediction=0.6759 status=ok
cifar100/4/ERM-aug-imagenet/PCA4 iw_overlap_critic W=5.0 accuracy=0.7165 prediction=0.6273 status=ok
cifar100/4/ERM-aug-imagenet/PCA4 iw_residual_dis2 W=5.0 accuracy=0.7165 prediction=0.7050 status=ok
cifar100/4/ERM-aug-imagenet/PCA4 dis2_reference W=nan accuracy=0.7165 prediction=0.5534 status=ok
cifar100/4/ERM-aug-imagenet/PCA16 iw_overlap_critic W=1.0 accuracy=0.7165 prediction=0.4166 status=ok
cifar100/4/ERM-aug-imagenet/PCA16 iw_residual_dis2 W=1.0 accuracy=0.7165 prediction=0.7054 status=ok
cifar100/4/ERM-aug-imagenet/PCA16 iw_overlap_critic W=2.0 accuracy=0.7165 prediction=0.6004 status=ok
cifar100/4/ERM-aug-imagenet/PCA16 iw_residual_dis2 W=2.0 accuracy=0.7165 prediction=0.7637 status=ok
cifar100/4/ERM-aug-imagenet/PCA16 iw_overlap_critic W=5.0 accuracy=0.7165 prediction=0.7521 status=ok
cifar100/4/ERM-aug-imagenet/PCA16 iw_residual_dis2 W=5.0 accuracy=0.7165 prediction=0.7913 status=ok
cifar100/4/ERM-aug-imagenet/PCA16 dis2_reference W=nan accuracy=0.7165 prediction=0.6678 status=ok
cifar100/4/ERM-aug-imagenet/PCA32 iw_overlap_critic W=1.0 accuracy=0.7165 prediction=0.3958 status=ok
cifar100/4/ERM-aug-imagenet/PCA32 iw_residual_dis2 W=1.0 accuracy=0.7165 prediction=0.7662 status=ok
cifar100/4/ERM-aug-imagenet/PCA32 iw_overlap_critic W=2.0 accuracy=0.7165 prediction=0.6708 status=ok
cifar100/4/ERM-aug-imagenet/PCA32 iw_residual_dis2 W=2.0 accuracy=0.7165 prediction=0.7572 status=ok
cifar100/4/ERM-aug-imagenet/PCA32 iw_overlap_critic W=5.0 accuracy=0.7165 prediction=nan status=unsupported_critic_region
cifar100/4/ERM-aug-imagenet/PCA32 iw_residual_dis2 W=5.0 accuracy=0.7165 prediction=nan status=unsupported_critic_region
cifar100/4/ERM-aug-imagenet/PCA32 dis2_reference W=nan accuracy=0.7165 prediction=0.6690 status=ok
cifar100/4/ERM-aug-imagenet/PCA64 iw_overlap_critic W=1.0 accuracy=0.7165 prediction=0.3742 status=ok
cifar100/4/ERM-aug-imagenet/PCA64 iw_residual_dis2 W=1.0 accuracy=0.7165 prediction=0.7782 status=ok
cifar100/4/ERM-aug-imagenet/PCA64 iw_overlap_critic W=2.0 accuracy=0.7165 prediction=0.7972 status=ok
cifar100/4/ERM-aug-imagenet/PCA64 iw_residual_dis2 W=2.0 accuracy=0.7165 prediction=0.7972 status=ok
cifar100/4/ERM-aug-imagenet/PCA64 iw_overlap_critic W=5.0 accuracy=0.7165 prediction=0.7972 status=ok
cifar100/4/ERM-aug-imagenet/PCA64 iw_residual_dis2 W=5.0 accuracy=0.7165 prediction=0.7972 status=ok
cifar100/4/ERM-aug-imagenet/PCA64 dis2_reference W=nan accuracy=0.7165 prediction=0.6982 status=ok
cifar100/4/ERM-aug-imagenet/PCA128 iw_overlap_critic W=1.0 accuracy=0.7165 prediction=0.4179 status=ok
cifar100/4/ERM-aug-imagenet/PCA128 iw_residual_dis2 W=1.0 accuracy=0.7165 prediction=0.7839 status=ok
cifar100/4/ERM-aug-imagenet/PCA128 iw_overlap_critic W=2.0 accuracy=0.7165 prediction=0.7988 status=ok
/storage/homefs/tf24s166/IW_dis2/disagree_discrep_IW/src/lib/utils.py:43: FutureWarning: You are using `torch.load` with `weights_only=False` (the current default value), which uses the default pickle module implicitly. It is possible to construct malicious pickle data which will execute arbitrary code during unpickling (See https://github.com/pytorch/pytorch/blob/main/SECURITY.md#untrusted-models for more details). In a future release, the default value for `weights_only` will be flipped to `True`. This limits the functions that could be executed during unpickling. Arbitrary objects will no longer be allowed to be loaded via this mode unless they are explicitly allowlisted by the user via `torch.serialization.add_safe_globals`. We recommend you start setting `weights_only=True` for any use case where you don't have full control of the loaded file. Please open an issue on GitHub for any issues related to this experimental feature.
  lin.load_state_dict(torch.load(os.path.join(shift_dir, 'linear.pth'), map_location=device))
/storage/homefs/tf24s166/IW_dis2/disagree_discrep_IW/src/lib/utils.py:43: FutureWarning: You are using `torch.load` with `weights_only=False` (the current default value), which uses the default pickle module implicitly. It is possible to construct malicious pickle data which will execute arbitrary code during unpickling (See https://github.com/pytorch/pytorch/blob/main/SECURITY.md#untrusted-models for more details). In a future release, the default value for `weights_only` will be flipped to `True`. This limits the functions that could be executed during unpickling. Arbitrary objects will no longer be allowed to be loaded via this mode unless they are explicitly allowlisted by the user via `torch.serialization.add_safe_globals`. We recommend you start setting `weights_only=True` for any use case where you don't have full control of the loaded file. Please open an issue on GitHub for any issues related to this experimental feature.
  lin.load_state_dict(torch.load(os.path.join(shift_dir, 'linear.pth'), map_location=device))
cifar100/4/ERM-aug-imagenet/PCA128 iw_residual_dis2 W=2.0 accuracy=0.7165 prediction=0.7988 status=ok
cifar100/4/ERM-aug-imagenet/PCA128 iw_overlap_critic W=5.0 accuracy=0.7165 prediction=0.7988 status=ok
cifar100/4/ERM-aug-imagenet/PCA128 iw_residual_dis2 W=5.0 accuracy=0.7165 prediction=0.7988 status=ok
cifar100/4/ERM-aug-imagenet/PCA128 dis2_reference W=nan accuracy=0.7165 prediction=0.7050 status=ok
cifar100/12/ERM-aug-imagenet/logits iw_overlap_critic W=1.0 accuracy=0.7390 prediction=0.4559 status=ok
cifar100/12/ERM-aug-imagenet/logits iw_residual_dis2 W=1.0 accuracy=0.7390 prediction=0.6954 status=ok
cifar100/12/ERM-aug-imagenet/logits iw_overlap_critic W=2.0 accuracy=0.7390 prediction=0.6115 status=ok
cifar100/12/ERM-aug-imagenet/logits iw_residual_dis2 W=2.0 accuracy=0.7390 prediction=0.7438 status=ok
cifar100/12/ERM-aug-imagenet/logits iw_overlap_critic W=5.0 accuracy=0.7390 prediction=0.7631 status=ok
cifar100/12/ERM-aug-imagenet/logits iw_residual_dis2 W=5.0 accuracy=0.7390 prediction=0.7957 status=ok
cifar100/12/ERM-aug-imagenet/logits dis2_reference W=nan accuracy=0.7390 prediction=0.6166 status=ok
cifar100/12/ERM-aug-imagenet/features iw_overlap_critic W=1.0 accuracy=0.7390 prediction=0.4690 status=ok
cifar100/12/ERM-aug-imagenet/features iw_residual_dis2 W=1.0 accuracy=0.7390 prediction=0.7143 status=ok
cifar100/12/ERM-aug-imagenet/features iw_overlap_critic W=2.0 accuracy=0.7390 prediction=0.5661 status=ok
cifar100/12/ERM-aug-imagenet/features iw_residual_dis2 W=2.0 accuracy=0.7390 prediction=0.7279 status=ok
cifar100/12/ERM-aug-imagenet/features iw_overlap_critic W=5.0 accuracy=0.7390 prediction=0.6704 status=ok
cifar100/12/ERM-aug-imagenet/features iw_residual_dis2 W=5.0 accuracy=0.7390 prediction=0.7525 status=ok
cifar100/12/ERM-aug-imagenet/features dis2_reference W=nan accuracy=0.7390 prediction=0.5362 status=ok
cifar100/12/ERM-aug-imagenet/PCA1 iw_overlap_critic W=1.0 accuracy=0.7390 prediction=0.4457 status=ok
cifar100/12/ERM-aug-imagenet/PCA1 iw_residual_dis2 W=1.0 accuracy=0.7390 prediction=0.6806 status=ok
cifar100/12/ERM-aug-imagenet/PCA1 iw_overlap_critic W=2.0 accuracy=0.7390 prediction=0.5970 status=ok
cifar100/12/ERM-aug-imagenet/PCA1 iw_residual_dis2 W=2.0 accuracy=0.7390 prediction=0.7327 status=ok
cifar100/12/ERM-aug-imagenet/PCA1 iw_overlap_critic W=5.0 accuracy=0.7390 prediction=0.6988 status=ok
cifar100/12/ERM-aug-imagenet/PCA1 iw_residual_dis2 W=5.0 accuracy=0.7390 prediction=0.7507 status=ok
cifar100/12/ERM-aug-imagenet/PCA1 dis2_reference W=nan accuracy=0.7390 prediction=0.5862 status=ok
cifar100/12/ERM-aug-imagenet/PCA4 iw_overlap_critic W=1.0 accuracy=0.7390 prediction=0.4709 status=ok
cifar100/12/ERM-aug-imagenet/PCA4 iw_residual_dis2 W=1.0 accuracy=0.7390 prediction=0.6858 status=ok
cifar100/12/ERM-aug-imagenet/PCA4 iw_overlap_critic W=2.0 accuracy=0.7390 prediction=0.6167 status=ok
cifar100/12/ERM-aug-imagenet/PCA4 iw_residual_dis2 W=2.0 accuracy=0.7390 prediction=0.7451 status=ok
cifar100/12/ERM-aug-imagenet/PCA4 iw_overlap_critic W=5.0 accuracy=0.7390 prediction=0.7166 status=ok
cifar100/12/ERM-aug-imagenet/PCA4 iw_residual_dis2 W=5.0 accuracy=0.7390 prediction=0.7695 status=ok
cifar100/12/ERM-aug-imagenet/PCA4 dis2_reference W=nan accuracy=0.7390 prediction=0.5790 status=ok
cifar100/12/ERM-aug-imagenet/PCA16 iw_overlap_critic W=1.0 accuracy=0.7390 prediction=0.4299 status=ok
cifar100/12/ERM-aug-imagenet/PCA16 iw_residual_dis2 W=1.0 accuracy=0.7390 prediction=0.7184 status=ok
cifar100/12/ERM-aug-imagenet/PCA16 iw_overlap_critic W=2.0 accuracy=0.7390 prediction=0.6528 status=ok
cifar100/12/ERM-aug-imagenet/PCA16 iw_residual_dis2 W=2.0 accuracy=0.7390 prediction=0.7745 status=ok
cifar100/12/ERM-aug-imagenet/PCA16 iw_overlap_critic W=5.0 accuracy=0.7390 prediction=0.7644 status=ok
cifar100/12/ERM-aug-imagenet/PCA16 iw_residual_dis2 W=5.0 accuracy=0.7390 prediction=0.7797 status=ok
cifar100/12/ERM-aug-imagenet/PCA16 dis2_reference W=nan accuracy=0.7390 prediction=0.6650 status=ok
cifar100/12/ERM-aug-imagenet/PCA32 iw_overlap_critic W=1.0 accuracy=0.7390 prediction=0.3444 status=ok
cifar100/12/ERM-aug-imagenet/PCA32 iw_residual_dis2 W=1.0 accuracy=0.7390 prediction=0.7612 status=ok
cifar100/12/ERM-aug-imagenet/PCA32 iw_overlap_critic W=2.0 accuracy=0.7390 prediction=0.7740 status=ok
cifar100/12/ERM-aug-imagenet/PCA32 iw_residual_dis2 W=2.0 accuracy=0.7390 prediction=0.7907 status=ok
cifar100/12/ERM-aug-imagenet/PCA32 iw_overlap_critic W=5.0 accuracy=0.7390 prediction=0.7905 status=ok
cifar100/12/ERM-aug-imagenet/PCA32 iw_residual_dis2 W=5.0 accuracy=0.7390 prediction=0.7905 status=ok
cifar100/12/ERM-aug-imagenet/PCA32 dis2_reference W=nan accuracy=0.7390 prediction=0.6846 status=ok
cifar100/12/ERM-aug-imagenet/PCA64 iw_overlap_critic W=1.0 accuracy=0.7390 prediction=0.3036 status=ok
cifar100/12/ERM-aug-imagenet/PCA64 iw_residual_dis2 W=1.0 accuracy=0.7390 prediction=0.7667 status=ok
cifar100/12/ERM-aug-imagenet/PCA64 iw_overlap_critic W=2.0 accuracy=0.7390 prediction=0.7747 status=ok
cifar100/12/ERM-aug-imagenet/PCA64 iw_residual_dis2 W=2.0 accuracy=0.7390 prediction=0.7863 status=ok
cifar100/12/ERM-aug-imagenet/PCA64 iw_overlap_critic W=5.0 accuracy=0.7390 prediction=0.7901 status=ok
cifar100/12/ERM-aug-imagenet/PCA64 iw_residual_dis2 W=5.0 accuracy=0.7390 prediction=0.7901 status=ok
cifar100/12/ERM-aug-imagenet/PCA64 dis2_reference W=nan accuracy=0.7390 prediction=0.7050 status=ok
cifar100/12/ERM-aug-imagenet/PCA128 iw_overlap_critic W=1.0 accuracy=0.7390 prediction=0.4271 status=ok
cifar100/12/ERM-aug-imagenet/PCA128 iw_residual_dis2 W=1.0 accuracy=0.7390 prediction=0.7848 status=ok
cifar100/12/ERM-aug-imagenet/PCA128 iw_overlap_critic W=2.0 accuracy=0.7390 prediction=0.7960 status=ok
cifar100/12/ERM-aug-imagenet/PCA128 iw_residual_dis2 W=2.0 accuracy=0.7390 prediction=0.7960 status=ok
cifar100/12/ERM-aug-imagenet/PCA128 iw_overlap_critic W=5.0 accuracy=0.7390 prediction=0.7960 status=ok
cifar100/12/ERM-aug-imagenet/PCA128 iw_residual_dis2 W=5.0 accuracy=0.7390 prediction=0.7960 status=ok
cifar100/12/ERM-aug-imagenet/PCA128 dis2_reference W=nan accuracy=0.7390 prediction=0.7122 status=ok
cifar100/59/ERM-aug-imagenet/logits iw_overlap_critic W=1.0 accuracy=0.7895 prediction=0.5417 status=ok
cifar100/59/ERM-aug-imagenet/logits iw_residual_dis2 W=1.0 accuracy=0.7895 prediction=0.8012 status=ok
cifar100/59/ERM-aug-imagenet/logits iw_overlap_critic W=2.0 accuracy=0.7895 prediction=0.7640 status=ok
cifar100/59/ERM-aug-imagenet/logits iw_residual_dis2 W=2.0 accuracy=0.7895 prediction=0.8054 status=ok
cifar100/59/ERM-aug-imagenet/logits iw_overlap_critic W=5.0 accuracy=0.7895 prediction=nan status=unsupported_critic_region
cifar100/59/ERM-aug-imagenet/logits iw_residual_dis2 W=5.0 accuracy=0.7895 prediction=nan status=unsupported_critic_region
cifar100/59/ERM-aug-imagenet/logits dis2_reference W=nan accuracy=0.7895 prediction=0.7198 status=ok
cifar100/59/ERM-aug-imagenet/features iw_overlap_critic W=1.0 accuracy=0.7895 prediction=0.5610 status=ok
cifar100/59/ERM-aug-imagenet/features iw_residual_dis2 W=1.0 accuracy=0.7895 prediction=0.7578 status=ok
cifar100/59/ERM-aug-imagenet/features iw_overlap_critic W=2.0 accuracy=0.7895 prediction=0.6730 status=ok
cifar100/59/ERM-aug-imagenet/features iw_residual_dis2 W=2.0 accuracy=0.7895 prediction=0.8283 status=ok
cifar100/59/ERM-aug-imagenet/features iw_overlap_critic W=5.0 accuracy=0.7895 prediction=0.7921 status=ok
cifar100/59/ERM-aug-imagenet/features iw_residual_dis2 W=5.0 accuracy=0.7895 prediction=0.8118 status=ok
cifar100/59/ERM-aug-imagenet/features dis2_reference W=nan accuracy=0.7895 prediction=0.6582 status=ok
cifar100/59/ERM-aug-imagenet/PCA1 iw_overlap_critic W=1.0 accuracy=0.7895 prediction=0.5718 status=ok
cifar100/59/ERM-aug-imagenet/PCA1 iw_residual_dis2 W=1.0 accuracy=0.7895 prediction=0.7371 status=ok
cifar100/59/ERM-aug-imagenet/PCA1 iw_overlap_critic W=2.0 accuracy=0.7895 prediction=0.6631 status=ok
cifar100/59/ERM-aug-imagenet/PCA1 iw_residual_dis2 W=2.0 accuracy=0.7895 prediction=0.8247 status=ok
cifar100/59/ERM-aug-imagenet/PCA1 iw_overlap_critic W=5.0 accuracy=0.7895 prediction=0.7440 status=ok
/storage/homefs/tf24s166/IW_dis2/disagree_discrep_IW/src/lib/utils.py:43: FutureWarning: You are using `torch.load` with `weights_only=False` (the current default value), which uses the default pickle module implicitly. It is possible to construct malicious pickle data which will execute arbitrary code during unpickling (See https://github.com/pytorch/pytorch/blob/main/SECURITY.md#untrusted-models for more details). In a future release, the default value for `weights_only` will be flipped to `True`. This limits the functions that could be executed during unpickling. Arbitrary objects will no longer be allowed to be loaded via this mode unless they are explicitly allowlisted by the user via `torch.serialization.add_safe_globals`. We recommend you start setting `weights_only=True` for any use case where you don't have full control of the loaded file. Please open an issue on GitHub for any issues related to this experimental feature.
  lin.load_state_dict(torch.load(os.path.join(shift_dir, 'linear.pth'), map_location=device))
cifar100/59/ERM-aug-imagenet/PCA1 iw_residual_dis2 W=5.0 accuracy=0.7895 prediction=0.8098 status=ok
cifar100/59/ERM-aug-imagenet/PCA1 dis2_reference W=nan accuracy=0.7895 prediction=0.6770 status=ok
cifar100/59/ERM-aug-imagenet/PCA4 iw_overlap_critic W=1.0 accuracy=0.7895 prediction=0.5963 status=ok
cifar100/59/ERM-aug-imagenet/PCA4 iw_residual_dis2 W=1.0 accuracy=0.7895 prediction=0.8054 status=ok
cifar100/59/ERM-aug-imagenet/PCA4 iw_overlap_critic W=2.0 accuracy=0.7895 prediction=0.7222 status=ok
cifar100/59/ERM-aug-imagenet/PCA4 iw_residual_dis2 W=2.0 accuracy=0.7895 prediction=0.7926 status=ok
cifar100/59/ERM-aug-imagenet/PCA4 iw_overlap_critic W=5.0 accuracy=0.7895 prediction=0.7852 status=ok
cifar100/59/ERM-aug-imagenet/PCA4 iw_residual_dis2 W=5.0 accuracy=0.7895 prediction=0.7942 status=ok
cifar100/59/ERM-aug-imagenet/PCA4 dis2_reference W=nan accuracy=0.7895 prediction=0.7042 status=ok
cifar100/59/ERM-aug-imagenet/PCA16 iw_overlap_critic W=1.0 accuracy=0.7895 prediction=0.5135 status=ok
cifar100/59/ERM-aug-imagenet/PCA16 iw_residual_dis2 W=1.0 accuracy=0.7895 prediction=0.8192 status=ok
cifar100/59/ERM-aug-imagenet/PCA16 iw_overlap_critic W=2.0 accuracy=0.7895 prediction=0.8025 status=ok
cifar100/59/ERM-aug-imagenet/PCA16 iw_residual_dis2 W=2.0 accuracy=0.7895 prediction=0.8090 status=ok
cifar100/59/ERM-aug-imagenet/PCA16 iw_overlap_critic W=5.0 accuracy=0.7895 prediction=0.8077 status=ok
cifar100/59/ERM-aug-imagenet/PCA16 iw_residual_dis2 W=5.0 accuracy=0.7895 prediction=0.8077 status=ok
cifar100/59/ERM-aug-imagenet/PCA16 dis2_reference W=nan accuracy=0.7895 prediction=0.7162 status=ok
cifar100/59/ERM-aug-imagenet/PCA32 iw_overlap_critic W=1.0 accuracy=0.7895 prediction=0.4573 status=ok
cifar100/59/ERM-aug-imagenet/PCA32 iw_residual_dis2 W=1.0 accuracy=0.7895 prediction=0.8049 status=ok
cifar100/59/ERM-aug-imagenet/PCA32 iw_overlap_critic W=2.0 accuracy=0.7895 prediction=0.8041 status=ok
cifar100/59/ERM-aug-imagenet/PCA32 iw_residual_dis2 W=2.0 accuracy=0.7895 prediction=0.8049 status=ok
cifar100/59/ERM-aug-imagenet/PCA32 iw_overlap_critic W=5.0 accuracy=0.7895 prediction=0.8081 status=ok
cifar100/59/ERM-aug-imagenet/PCA32 iw_residual_dis2 W=5.0 accuracy=0.7895 prediction=0.8081 status=ok
cifar100/59/ERM-aug-imagenet/PCA32 dis2_reference W=nan accuracy=0.7895 prediction=0.7002 status=ok
cifar100/59/ERM-aug-imagenet/PCA64 iw_overlap_critic W=1.0 accuracy=0.7895 prediction=0.4074 status=ok
cifar100/59/ERM-aug-imagenet/PCA64 iw_residual_dis2 W=1.0 accuracy=0.7895 prediction=0.7954 status=ok
cifar100/59/ERM-aug-imagenet/PCA64 iw_overlap_critic W=2.0 accuracy=0.7895 prediction=0.8063 status=ok
cifar100/59/ERM-aug-imagenet/PCA64 iw_residual_dis2 W=2.0 accuracy=0.7895 prediction=0.8063 status=ok
cifar100/59/ERM-aug-imagenet/PCA64 iw_overlap_critic W=5.0 accuracy=0.7895 prediction=0.8063 status=ok
cifar100/59/ERM-aug-imagenet/PCA64 iw_residual_dis2 W=5.0 accuracy=0.7895 prediction=0.8063 status=ok
cifar100/59/ERM-aug-imagenet/PCA64 dis2_reference W=nan accuracy=0.7895 prediction=0.7282 status=ok
cifar100/59/ERM-aug-imagenet/PCA128 iw_overlap_critic W=1.0 accuracy=0.7895 prediction=0.3980 status=ok
cifar100/59/ERM-aug-imagenet/PCA128 iw_residual_dis2 W=1.0 accuracy=0.7895 prediction=0.7974 status=ok
cifar100/59/ERM-aug-imagenet/PCA128 iw_overlap_critic W=2.0 accuracy=0.7895 prediction=0.8052 status=ok
cifar100/59/ERM-aug-imagenet/PCA128 iw_residual_dis2 W=2.0 accuracy=0.7895 prediction=0.8052 status=ok
cifar100/59/ERM-aug-imagenet/PCA128 iw_overlap_critic W=5.0 accuracy=0.7895 prediction=0.8052 status=ok
cifar100/59/ERM-aug-imagenet/PCA128 iw_residual_dis2 W=5.0 accuracy=0.7895 prediction=0.8052 status=ok
cifar100/59/ERM-aug-imagenet/PCA128 dis2_reference W=nan accuracy=0.7895 prediction=0.7062 status=ok
cifar100/82/ERM-aug-imagenet/logits iw_overlap_critic W=1.0 accuracy=0.7825 prediction=0.4817 status=ok
cifar100/82/ERM-aug-imagenet/logits iw_residual_dis2 W=1.0 accuracy=0.7825 prediction=0.7310 status=ok
cifar100/82/ERM-aug-imagenet/logits iw_overlap_critic W=2.0 accuracy=0.7825 prediction=0.6632 status=ok
cifar100/82/ERM-aug-imagenet/logits iw_residual_dis2 W=2.0 accuracy=0.7825 prediction=0.7627 status=ok
cifar100/82/ERM-aug-imagenet/logits iw_overlap_critic W=5.0 accuracy=0.7825 prediction=0.7969 status=ok
cifar100/82/ERM-aug-imagenet/logits iw_residual_dis2 W=5.0 accuracy=0.7825 prediction=0.8069 status=ok
cifar100/82/ERM-aug-imagenet/logits dis2_reference W=nan accuracy=0.7825 prediction=0.7002 status=ok
cifar100/82/ERM-aug-imagenet/features iw_overlap_critic W=1.0 accuracy=0.7825 prediction=0.5752 status=ok
cifar100/82/ERM-aug-imagenet/features iw_residual_dis2 W=1.0 accuracy=0.7825 prediction=0.7996 status=ok
cifar100/82/ERM-aug-imagenet/features iw_overlap_critic W=2.0 accuracy=0.7825 prediction=0.6600 status=ok
cifar100/82/ERM-aug-imagenet/features iw_residual_dis2 W=2.0 accuracy=0.7825 prediction=0.7257 status=ok
cifar100/82/ERM-aug-imagenet/features iw_overlap_critic W=5.0 accuracy=0.7825 prediction=0.7357 status=ok
cifar100/82/ERM-aug-imagenet/features iw_residual_dis2 W=5.0 accuracy=0.7825 prediction=0.7536 status=ok
cifar100/82/ERM-aug-imagenet/features dis2_reference W=nan accuracy=0.7825 prediction=0.6162 status=ok
cifar100/82/ERM-aug-imagenet/PCA1 iw_overlap_critic W=1.0 accuracy=0.7825 prediction=0.5780 status=ok
cifar100/82/ERM-aug-imagenet/PCA1 iw_residual_dis2 W=1.0 accuracy=0.7825 prediction=0.7363 status=ok
cifar100/82/ERM-aug-imagenet/PCA1 iw_overlap_critic W=2.0 accuracy=0.7825 prediction=0.6595 status=ok
cifar100/82/ERM-aug-imagenet/PCA1 iw_residual_dis2 W=2.0 accuracy=0.7825 prediction=0.6895 status=ok
cifar100/82/ERM-aug-imagenet/PCA1 iw_overlap_critic W=5.0 accuracy=0.7825 prediction=0.6788 status=ok
cifar100/82/ERM-aug-imagenet/PCA1 iw_residual_dis2 W=5.0 accuracy=0.7825 prediction=0.7241 status=ok
cifar100/82/ERM-aug-imagenet/PCA1 dis2_reference W=nan accuracy=0.7825 prediction=0.6266 status=ok
cifar100/82/ERM-aug-imagenet/PCA4 iw_overlap_critic W=1.0 accuracy=0.7825 prediction=0.5340 status=ok
cifar100/82/ERM-aug-imagenet/PCA4 iw_residual_dis2 W=1.0 accuracy=0.7825 prediction=0.7236 status=ok
cifar100/82/ERM-aug-imagenet/PCA4 iw_overlap_critic W=2.0 accuracy=0.7825 prediction=0.7032 status=ok
cifar100/82/ERM-aug-imagenet/PCA4 iw_residual_dis2 W=2.0 accuracy=0.7825 prediction=0.7397 status=ok
cifar100/82/ERM-aug-imagenet/PCA4 iw_overlap_critic W=5.0 accuracy=0.7825 prediction=0.7957 status=ok
cifar100/82/ERM-aug-imagenet/PCA4 iw_residual_dis2 W=5.0 accuracy=0.7825 prediction=0.8100 status=ok
cifar100/82/ERM-aug-imagenet/PCA4 dis2_reference W=nan accuracy=0.7825 prediction=0.6746 status=ok
cifar100/82/ERM-aug-imagenet/PCA16 iw_overlap_critic W=1.0 accuracy=0.7825 prediction=0.4597 status=ok
cifar100/82/ERM-aug-imagenet/PCA16 iw_residual_dis2 W=1.0 accuracy=0.7825 prediction=0.7605 status=ok
cifar100/82/ERM-aug-imagenet/PCA16 iw_overlap_critic W=2.0 accuracy=0.7825 prediction=0.8047 status=ok
cifar100/82/ERM-aug-imagenet/PCA16 iw_residual_dis2 W=2.0 accuracy=0.7825 prediction=0.8095 status=ok
cifar100/82/ERM-aug-imagenet/PCA16 iw_overlap_critic W=5.0 accuracy=0.7825 prediction=0.8109 status=ok
cifar100/82/ERM-aug-imagenet/PCA16 iw_residual_dis2 W=5.0 accuracy=0.7825 prediction=0.8109 status=ok
cifar100/82/ERM-aug-imagenet/PCA16 dis2_reference W=nan accuracy=0.7825 prediction=0.7226 status=ok
cifar100/82/ERM-aug-imagenet/PCA32 iw_overlap_critic W=1.0 accuracy=0.7825 prediction=0.4232 status=ok
cifar100/82/ERM-aug-imagenet/PCA32 iw_residual_dis2 W=1.0 accuracy=0.7825 prediction=0.7854 status=ok
cifar100/82/ERM-aug-imagenet/PCA32 iw_overlap_critic W=2.0 accuracy=0.7825 prediction=0.8083 status=ok
cifar100/82/ERM-aug-imagenet/PCA32 iw_residual_dis2 W=2.0 accuracy=0.7825 prediction=0.8096 status=ok
cifar100/82/ERM-aug-imagenet/PCA32 iw_overlap_critic W=5.0 accuracy=0.7825 prediction=0.8083 status=ok
cifar100/82/ERM-aug-imagenet/PCA32 iw_residual_dis2 W=5.0 accuracy=0.7825 prediction=0.8083 status=ok
cifar100/82/ERM-aug-imagenet/PCA32 dis2_reference W=nan accuracy=0.7825 prediction=0.7090 status=ok
cifar100/82/ERM-aug-imagenet/PCA64 iw_overlap_critic W=1.0 accuracy=0.7825 prediction=0.3937 status=ok
/storage/homefs/tf24s166/IW_dis2/disagree_discrep_IW/src/lib/utils.py:43: FutureWarning: You are using `torch.load` with `weights_only=False` (the current default value), which uses the default pickle module implicitly. It is possible to construct malicious pickle data which will execute arbitrary code during unpickling (See https://github.com/pytorch/pytorch/blob/main/SECURITY.md#untrusted-models for more details). In a future release, the default value for `weights_only` will be flipped to `True`. This limits the functions that could be executed during unpickling. Arbitrary objects will no longer be allowed to be loaded via this mode unless they are explicitly allowlisted by the user via `torch.serialization.add_safe_globals`. We recommend you start setting `weights_only=True` for any use case where you don't have full control of the loaded file. Please open an issue on GitHub for any issues related to this experimental feature.
  lin.load_state_dict(torch.load(os.path.join(shift_dir, 'linear.pth'), map_location=device))
/storage/homefs/tf24s166/IW_dis2/disagree_discrep_IW/src/lib/utils.py:43: FutureWarning: You are using `torch.load` with `weights_only=False` (the current default value), which uses the default pickle module implicitly. It is possible to construct malicious pickle data which will execute arbitrary code during unpickling (See https://github.com/pytorch/pytorch/blob/main/SECURITY.md#untrusted-models for more details). In a future release, the default value for `weights_only` will be flipped to `True`. This limits the functions that could be executed during unpickling. Arbitrary objects will no longer be allowed to be loaded via this mode unless they are explicitly allowlisted by the user via `torch.serialization.add_safe_globals`. We recommend you start setting `weights_only=True` for any use case where you don't have full control of the loaded file. Please open an issue on GitHub for any issues related to this experimental feature.
  lin.load_state_dict(torch.load(os.path.join(shift_dir, 'linear.pth'), map_location=device))
cifar100/82/ERM-aug-imagenet/PCA64 iw_residual_dis2 W=1.0 accuracy=0.7825 prediction=0.7980 status=ok
cifar100/82/ERM-aug-imagenet/PCA64 iw_overlap_critic W=2.0 accuracy=0.7825 prediction=0.8097 status=ok
cifar100/82/ERM-aug-imagenet/PCA64 iw_residual_dis2 W=2.0 accuracy=0.7825 prediction=0.8097 status=ok
cifar100/82/ERM-aug-imagenet/PCA64 iw_overlap_critic W=5.0 accuracy=0.7825 prediction=0.8097 status=ok
cifar100/82/ERM-aug-imagenet/PCA64 iw_residual_dis2 W=5.0 accuracy=0.7825 prediction=0.8097 status=ok
cifar100/82/ERM-aug-imagenet/PCA64 dis2_reference W=nan accuracy=0.7825 prediction=0.7162 status=ok
cifar100/82/ERM-aug-imagenet/PCA128 iw_overlap_critic W=1.0 accuracy=0.7825 prediction=0.3976 status=ok
cifar100/82/ERM-aug-imagenet/PCA128 iw_residual_dis2 W=1.0 accuracy=0.7825 prediction=0.8063 status=ok
cifar100/82/ERM-aug-imagenet/PCA128 iw_overlap_critic W=2.0 accuracy=0.7825 prediction=0.8076 status=ok
cifar100/82/ERM-aug-imagenet/PCA128 iw_residual_dis2 W=2.0 accuracy=0.7825 prediction=0.8076 status=ok
cifar100/82/ERM-aug-imagenet/PCA128 iw_overlap_critic W=5.0 accuracy=0.7825 prediction=0.8076 status=ok
cifar100/82/ERM-aug-imagenet/PCA128 iw_residual_dis2 W=5.0 accuracy=0.7825 prediction=0.8076 status=ok
cifar100/82/ERM-aug-imagenet/PCA128 dis2_reference W=nan accuracy=0.7825 prediction=0.7106 status=ok
Missing features: cifar100/ERM-aug-rand/4; skipping.
Missing features: cifar100/ERM-aug-rand/12; skipping.
Missing features: cifar100/ERM-aug-rand/59; skipping.
Missing features: cifar100/ERM-aug-rand/82; skipping.
cifar100/4/BN_adapt/logits iw_overlap_critic W=1.0 accuracy=0.7345 prediction=0.3334 status=ok
cifar100/4/BN_adapt/logits iw_residual_dis2 W=1.0 accuracy=0.7345 prediction=0.6174 status=ok
cifar100/4/BN_adapt/logits iw_overlap_critic W=2.0 accuracy=0.7345 prediction=0.4810 status=ok
cifar100/4/BN_adapt/logits iw_residual_dis2 W=2.0 accuracy=0.7345 prediction=0.6396 status=ok
cifar100/4/BN_adapt/logits iw_overlap_critic W=5.0 accuracy=0.7345 prediction=0.6208 status=ok
cifar100/4/BN_adapt/logits iw_residual_dis2 W=5.0 accuracy=0.7345 prediction=0.7098 status=ok
cifar100/4/BN_adapt/logits dis2_reference W=nan accuracy=0.7345 prediction=0.5382 status=ok
cifar100/4/BN_adapt/features iw_overlap_critic W=1.0 accuracy=0.7345 prediction=0.3487 status=ok
cifar100/4/BN_adapt/features iw_residual_dis2 W=1.0 accuracy=0.7345 prediction=0.6297 status=ok
cifar100/4/BN_adapt/features iw_overlap_critic W=2.0 accuracy=0.7345 prediction=0.3698 status=ok
cifar100/4/BN_adapt/features iw_residual_dis2 W=2.0 accuracy=0.7345 prediction=0.6272 status=ok
cifar100/4/BN_adapt/features iw_overlap_critic W=5.0 accuracy=0.7345 prediction=0.5275 status=ok
cifar100/4/BN_adapt/features iw_residual_dis2 W=5.0 accuracy=0.7345 prediction=0.6721 status=ok
cifar100/4/BN_adapt/features dis2_reference W=nan accuracy=0.7345 prediction=0.4774 status=ok
cifar100/4/BN_adapt/PCA1 iw_overlap_critic W=1.0 accuracy=0.7345 prediction=0.3985 status=ok
cifar100/4/BN_adapt/PCA1 iw_residual_dis2 W=1.0 accuracy=0.7345 prediction=0.5742 status=ok
cifar100/4/BN_adapt/PCA1 iw_overlap_critic W=2.0 accuracy=0.7345 prediction=0.4581 status=ok
cifar100/4/BN_adapt/PCA1 iw_residual_dis2 W=2.0 accuracy=0.7345 prediction=0.6081 status=ok
cifar100/4/BN_adapt/PCA1 iw_overlap_critic W=5.0 accuracy=0.7345 prediction=0.5524 status=ok
cifar100/4/BN_adapt/PCA1 iw_residual_dis2 W=5.0 accuracy=0.7345 prediction=0.6864 status=ok
cifar100/4/BN_adapt/PCA1 dis2_reference W=nan accuracy=0.7345 prediction=0.4902 status=ok
cifar100/4/BN_adapt/PCA4 iw_overlap_critic W=1.0 accuracy=0.7345 prediction=0.2889 status=ok
cifar100/4/BN_adapt/PCA4 iw_residual_dis2 W=1.0 accuracy=0.7345 prediction=0.6003 status=ok
cifar100/4/BN_adapt/PCA4 iw_overlap_critic W=2.0 accuracy=0.7345 prediction=0.4591 status=ok
cifar100/4/BN_adapt/PCA4 iw_residual_dis2 W=2.0 accuracy=0.7345 prediction=0.6292 status=ok
cifar100/4/BN_adapt/PCA4 iw_overlap_critic W=5.0 accuracy=0.7345 prediction=0.6137 status=ok
cifar100/4/BN_adapt/PCA4 iw_residual_dis2 W=5.0 accuracy=0.7345 prediction=0.7137 status=ok
cifar100/4/BN_adapt/PCA4 dis2_reference W=nan accuracy=0.7345 prediction=0.6074 status=ok
cifar100/4/BN_adapt/PCA16 iw_overlap_critic W=1.0 accuracy=0.7345 prediction=0.3349 status=ok
cifar100/4/BN_adapt/PCA16 iw_residual_dis2 W=1.0 accuracy=0.7345 prediction=0.6726 status=ok
cifar100/4/BN_adapt/PCA16 iw_overlap_critic W=2.0 accuracy=0.7345 prediction=0.4734 status=ok
cifar100/4/BN_adapt/PCA16 iw_residual_dis2 W=2.0 accuracy=0.7345 prediction=0.7029 status=ok
cifar100/4/BN_adapt/PCA16 iw_overlap_critic W=5.0 accuracy=0.7345 prediction=0.6372 status=ok
cifar100/4/BN_adapt/PCA16 iw_residual_dis2 W=5.0 accuracy=0.7345 prediction=0.7348 status=ok
cifar100/4/BN_adapt/PCA16 dis2_reference W=nan accuracy=0.7345 prediction=0.5878 status=ok
cifar100/4/BN_adapt/PCA32 iw_overlap_critic W=1.0 accuracy=0.7345 prediction=0.2534 status=ok
cifar100/4/BN_adapt/PCA32 iw_residual_dis2 W=1.0 accuracy=0.7345 prediction=0.6845 status=ok
cifar100/4/BN_adapt/PCA32 iw_overlap_critic W=2.0 accuracy=0.7345 prediction=0.5837 status=ok
cifar100/4/BN_adapt/PCA32 iw_residual_dis2 W=2.0 accuracy=0.7345 prediction=0.7379 status=ok
cifar100/4/BN_adapt/PCA32 iw_overlap_critic W=5.0 accuracy=0.7345 prediction=0.7098 status=ok
cifar100/4/BN_adapt/PCA32 iw_residual_dis2 W=5.0 accuracy=0.7345 prediction=0.7278 status=ok
cifar100/4/BN_adapt/PCA32 dis2_reference W=nan accuracy=0.7345 prediction=0.5658 status=ok
cifar100/4/BN_adapt/PCA64 iw_overlap_critic W=1.0 accuracy=0.7345 prediction=0.2538 status=ok
cifar100/4/BN_adapt/PCA64 iw_residual_dis2 W=1.0 accuracy=0.7345 prediction=0.6950 status=ok
cifar100/4/BN_adapt/PCA64 iw_overlap_critic W=2.0 accuracy=0.7345 prediction=0.5851 status=ok
cifar100/4/BN_adapt/PCA64 iw_residual_dis2 W=2.0 accuracy=0.7345 prediction=0.6884 status=ok
cifar100/4/BN_adapt/PCA64 iw_overlap_critic W=5.0 accuracy=0.7345 prediction=nan status=unsupported_critic_region
cifar100/4/BN_adapt/PCA64 iw_residual_dis2 W=5.0 accuracy=0.7345 prediction=nan status=unsupported_critic_region
cifar100/4/BN_adapt/PCA64 dis2_reference W=nan accuracy=0.7345 prediction=0.5846 status=ok
cifar100/4/BN_adapt/PCA128 iw_overlap_critic W=1.0 accuracy=0.7345 prediction=0.2748 status=ok
cifar100/4/BN_adapt/PCA128 iw_residual_dis2 W=1.0 accuracy=0.7345 prediction=0.6963 status=ok
cifar100/4/BN_adapt/PCA128 iw_overlap_critic W=2.0 accuracy=0.7345 prediction=0.6588 status=ok
cifar100/4/BN_adapt/PCA128 iw_residual_dis2 W=2.0 accuracy=0.7345 prediction=0.6947 status=ok
cifar100/4/BN_adapt/PCA128 iw_overlap_critic W=5.0 accuracy=0.7345 prediction=0.6836 status=ok
cifar100/4/BN_adapt/PCA128 iw_residual_dis2 W=5.0 accuracy=0.7345 prediction=0.6836 status=ok
cifar100/4/BN_adapt/PCA128 dis2_reference W=nan accuracy=0.7345 prediction=0.6006 status=ok
cifar100/12/BN_adapt/logits iw_overlap_critic W=1.0 accuracy=0.7730 prediction=0.3519 status=ok
cifar100/12/BN_adapt/logits iw_residual_dis2 W=1.0 accuracy=0.7730 prediction=0.6417 status=ok
cifar100/12/BN_adapt/logits iw_overlap_critic W=2.0 accuracy=0.7730 prediction=0.5106 status=ok
cifar100/12/BN_adapt/logits iw_residual_dis2 W=2.0 accuracy=0.7730 prediction=0.6647 status=ok
cifar100/12/BN_adapt/logits iw_overlap_critic W=5.0 accuracy=0.7730 prediction=0.6419 status=ok
cifar100/12/BN_adapt/logits iw_residual_dis2 W=5.0 accuracy=0.7730 prediction=0.7425 status=ok
cifar100/12/BN_adapt/logits dis2_reference W=nan accuracy=0.7730 prediction=0.5602 status=ok
cifar100/12/BN_adapt/features iw_overlap_critic W=1.0 accuracy=0.7730 prediction=0.3827 status=ok
cifar100/12/BN_adapt/features iw_residual_dis2 W=1.0 accuracy=0.7730 prediction=0.6449 status=ok
cifar100/12/BN_adapt/features iw_overlap_critic W=2.0 accuracy=0.7730 prediction=0.4478 status=ok
cifar100/12/BN_adapt/features iw_residual_dis2 W=2.0 accuracy=0.7730 prediction=0.6714 status=ok
cifar100/12/BN_adapt/features iw_overlap_critic W=5.0 accuracy=0.7730 prediction=0.5673 status=ok
cifar100/12/BN_adapt/features iw_residual_dis2 W=5.0 accuracy=0.7730 prediction=0.6848 status=ok
cifar100/12/BN_adapt/features dis2_reference W=nan accuracy=0.7730 prediction=0.4994 status=ok
/storage/homefs/tf24s166/IW_dis2/disagree_discrep_IW/src/lib/utils.py:43: FutureWarning: You are using `torch.load` with `weights_only=False` (the current default value), which uses the default pickle module implicitly. It is possible to construct malicious pickle data which will execute arbitrary code during unpickling (See https://github.com/pytorch/pytorch/blob/main/SECURITY.md#untrusted-models for more details). In a future release, the default value for `weights_only` will be flipped to `True`. This limits the functions that could be executed during unpickling. Arbitrary objects will no longer be allowed to be loaded via this mode unless they are explicitly allowlisted by the user via `torch.serialization.add_safe_globals`. We recommend you start setting `weights_only=True` for any use case where you don't have full control of the loaded file. Please open an issue on GitHub for any issues related to this experimental feature.
  lin.load_state_dict(torch.load(os.path.join(shift_dir, 'linear.pth'), map_location=device))
cifar100/12/BN_adapt/PCA1 iw_overlap_critic W=1.0 accuracy=0.7730 prediction=0.4335 status=ok
cifar100/12/BN_adapt/PCA1 iw_residual_dis2 W=1.0 accuracy=0.7730 prediction=0.6607 status=ok
cifar100/12/BN_adapt/PCA1 iw_overlap_critic W=2.0 accuracy=0.7730 prediction=0.4693 status=ok
cifar100/12/BN_adapt/PCA1 iw_residual_dis2 W=2.0 accuracy=0.7730 prediction=0.6633 status=ok
cifar100/12/BN_adapt/PCA1 iw_overlap_critic W=5.0 accuracy=0.7730 prediction=0.5921 status=ok
cifar100/12/BN_adapt/PCA1 iw_residual_dis2 W=5.0 accuracy=0.7730 prediction=0.6269 status=ok
cifar100/12/BN_adapt/PCA1 dis2_reference W=nan accuracy=0.7730 prediction=0.5142 status=ok
cifar100/12/BN_adapt/PCA4 iw_overlap_critic W=1.0 accuracy=0.7730 prediction=0.3668 status=ok
cifar100/12/BN_adapt/PCA4 iw_residual_dis2 W=1.0 accuracy=0.7730 prediction=0.6379 status=ok
cifar100/12/BN_adapt/PCA4 iw_overlap_critic W=2.0 accuracy=0.7730 prediction=0.4604 status=ok
cifar100/12/BN_adapt/PCA4 iw_residual_dis2 W=2.0 accuracy=0.7730 prediction=0.6477 status=ok
cifar100/12/BN_adapt/PCA4 iw_overlap_critic W=5.0 accuracy=0.7730 prediction=0.6165 status=ok
cifar100/12/BN_adapt/PCA4 iw_residual_dis2 W=5.0 accuracy=0.7730 prediction=0.6712 status=ok
cifar100/12/BN_adapt/PCA4 dis2_reference W=nan accuracy=0.7730 prediction=0.5450 status=ok
cifar100/12/BN_adapt/PCA16 iw_overlap_critic W=1.0 accuracy=0.7730 prediction=0.3586 status=ok
cifar100/12/BN_adapt/PCA16 iw_residual_dis2 W=1.0 accuracy=0.7730 prediction=0.6542 status=ok
cifar100/12/BN_adapt/PCA16 iw_overlap_critic W=2.0 accuracy=0.7730 prediction=0.5701 status=ok
cifar100/12/BN_adapt/PCA16 iw_residual_dis2 W=2.0 accuracy=0.7730 prediction=0.7154 status=ok
cifar100/12/BN_adapt/PCA16 iw_overlap_critic W=5.0 accuracy=0.7730 prediction=0.7416 status=ok
cifar100/12/BN_adapt/PCA16 iw_residual_dis2 W=5.0 accuracy=0.7730 prediction=0.7696 status=ok
cifar100/12/BN_adapt/PCA16 dis2_reference W=nan accuracy=0.7730 prediction=0.6090 status=ok
cifar100/12/BN_adapt/PCA32 iw_overlap_critic W=1.0 accuracy=0.7730 prediction=0.2939 status=ok
cifar100/12/BN_adapt/PCA32 iw_residual_dis2 W=1.0 accuracy=0.7730 prediction=0.6958 status=ok
cifar100/12/BN_adapt/PCA32 iw_overlap_critic W=2.0 accuracy=0.7730 prediction=0.5774 status=ok
cifar100/12/BN_adapt/PCA32 iw_residual_dis2 W=2.0 accuracy=0.7730 prediction=0.7420 status=ok
cifar100/12/BN_adapt/PCA32 iw_overlap_critic W=5.0 accuracy=0.7730 prediction=nan status=unsupported_critic_region
cifar100/12/BN_adapt/PCA32 iw_residual_dis2 W=5.0 accuracy=0.7730 prediction=nan status=unsupported_residual_source_region
cifar100/12/BN_adapt/PCA32 dis2_reference W=nan accuracy=0.7730 prediction=0.6490 status=ok
cifar100/12/BN_adapt/PCA64 iw_overlap_critic W=1.0 accuracy=0.7730 prediction=0.2701 status=ok
cifar100/12/BN_adapt/PCA64 iw_residual_dis2 W=1.0 accuracy=0.7730 prediction=0.7302 status=ok
cifar100/12/BN_adapt/PCA64 iw_overlap_critic W=2.0 accuracy=0.7730 prediction=0.5959 status=ok
cifar100/12/BN_adapt/PCA64 iw_residual_dis2 W=2.0 accuracy=0.7730 prediction=0.7420 status=ok
cifar100/12/BN_adapt/PCA64 iw_overlap_critic W=5.0 accuracy=0.7730 prediction=nan status=unsupported_critic_region
cifar100/12/BN_adapt/PCA64 iw_residual_dis2 W=5.0 accuracy=0.7730 prediction=nan status=unsupported_critic_region
cifar100/12/BN_adapt/PCA64 dis2_reference W=nan accuracy=0.7730 prediction=0.6422 status=ok
cifar100/12/BN_adapt/PCA128 iw_overlap_critic W=1.0 accuracy=0.7730 prediction=0.3297 status=ok
cifar100/12/BN_adapt/PCA128 iw_residual_dis2 W=1.0 accuracy=0.7730 prediction=0.7486 status=ok
cifar100/12/BN_adapt/PCA128 iw_overlap_critic W=2.0 accuracy=0.7730 prediction=0.7443 status=ok
cifar100/12/BN_adapt/PCA128 iw_residual_dis2 W=2.0 accuracy=0.7730 prediction=0.7529 status=ok
cifar100/12/BN_adapt/PCA128 iw_overlap_critic W=5.0 accuracy=0.7730 prediction=0.7502 status=ok
cifar100/12/BN_adapt/PCA128 iw_residual_dis2 W=5.0 accuracy=0.7730 prediction=0.7502 status=ok
cifar100/12/BN_adapt/PCA128 dis2_reference W=nan accuracy=0.7730 prediction=0.6430 status=ok
cifar100/59/BN_adapt/logits iw_overlap_critic W=1.0 accuracy=0.7775 prediction=0.3907 status=ok
cifar100/59/BN_adapt/logits iw_residual_dis2 W=1.0 accuracy=0.7775 prediction=0.7128 status=ok
cifar100/59/BN_adapt/logits iw_overlap_critic W=2.0 accuracy=0.7775 prediction=0.5282 status=ok
cifar100/59/BN_adapt/logits iw_residual_dis2 W=2.0 accuracy=0.7775 prediction=0.7157 status=ok
cifar100/59/BN_adapt/logits iw_overlap_critic W=5.0 accuracy=0.7775 prediction=0.6621 status=ok
cifar100/59/BN_adapt/logits iw_residual_dis2 W=5.0 accuracy=0.7775 prediction=0.7432 status=ok
cifar100/59/BN_adapt/logits dis2_reference W=nan accuracy=0.7775 prediction=0.6198 status=ok
cifar100/59/BN_adapt/features iw_overlap_critic W=1.0 accuracy=0.7775 prediction=0.4342 status=ok
cifar100/59/BN_adapt/features iw_residual_dis2 W=1.0 accuracy=0.7775 prediction=0.7045 status=ok
cifar100/59/BN_adapt/features iw_overlap_critic W=2.0 accuracy=0.7775 prediction=0.4988 status=ok
cifar100/59/BN_adapt/features iw_residual_dis2 W=2.0 accuracy=0.7775 prediction=0.6907 status=ok
cifar100/59/BN_adapt/features iw_overlap_critic W=5.0 accuracy=0.7775 prediction=0.5660 status=ok
cifar100/59/BN_adapt/features iw_residual_dis2 W=5.0 accuracy=0.7775 prediction=0.6889 status=ok
cifar100/59/BN_adapt/features dis2_reference W=nan accuracy=0.7775 prediction=0.5354 status=ok
cifar100/59/BN_adapt/PCA1 iw_overlap_critic W=1.0 accuracy=0.7775 prediction=0.4529 status=ok
cifar100/59/BN_adapt/PCA1 iw_residual_dis2 W=1.0 accuracy=0.7775 prediction=0.6691 status=ok
cifar100/59/BN_adapt/PCA1 iw_overlap_critic W=2.0 accuracy=0.7775 prediction=0.5203 status=ok
cifar100/59/BN_adapt/PCA1 iw_residual_dis2 W=2.0 accuracy=0.7775 prediction=0.7053 status=ok
cifar100/59/BN_adapt/PCA1 iw_overlap_critic W=5.0 accuracy=0.7775 prediction=0.5845 status=ok
cifar100/59/BN_adapt/PCA1 iw_residual_dis2 W=5.0 accuracy=0.7775 prediction=0.6780 status=ok
cifar100/59/BN_adapt/PCA1 dis2_reference W=nan accuracy=0.7775 prediction=0.5610 status=ok
cifar100/59/BN_adapt/PCA4 iw_overlap_critic W=1.0 accuracy=0.7775 prediction=0.4059 status=ok
cifar100/59/BN_adapt/PCA4 iw_residual_dis2 W=1.0 accuracy=0.7775 prediction=0.6636 status=ok
cifar100/59/BN_adapt/PCA4 iw_overlap_critic W=2.0 accuracy=0.7775 prediction=0.4864 status=ok
cifar100/59/BN_adapt/PCA4 iw_residual_dis2 W=2.0 accuracy=0.7775 prediction=0.7052 status=ok
cifar100/59/BN_adapt/PCA4 iw_overlap_critic W=5.0 accuracy=0.7775 prediction=0.6232 status=ok
cifar100/59/BN_adapt/PCA4 iw_residual_dis2 W=5.0 accuracy=0.7775 prediction=0.7136 status=ok
cifar100/59/BN_adapt/PCA4 dis2_reference W=nan accuracy=0.7775 prediction=0.6202 status=ok
cifar100/59/BN_adapt/PCA16 iw_overlap_critic W=1.0 accuracy=0.7775 prediction=0.3450 status=ok
cifar100/59/BN_adapt/PCA16 iw_residual_dis2 W=1.0 accuracy=0.7775 prediction=0.7088 status=ok
cifar100/59/BN_adapt/PCA16 iw_overlap_critic W=2.0 accuracy=0.7775 prediction=0.4835 status=ok
cifar100/59/BN_adapt/PCA16 iw_residual_dis2 W=2.0 accuracy=0.7775 prediction=0.7091 status=ok
cifar100/59/BN_adapt/PCA16 iw_overlap_critic W=5.0 accuracy=0.7775 prediction=0.7231 status=ok
cifar100/59/BN_adapt/PCA16 iw_residual_dis2 W=5.0 accuracy=0.7775 prediction=0.7590 status=ok
cifar100/59/BN_adapt/PCA16 dis2_reference W=nan accuracy=0.7775 prediction=0.6314 status=ok
cifar100/59/BN_adapt/PCA32 iw_overlap_critic W=1.0 accuracy=0.7775 prediction=0.3421 status=ok
cifar100/59/BN_adapt/PCA32 iw_residual_dis2 W=1.0 accuracy=0.7775 prediction=0.7450 status=ok
cifar100/59/BN_adapt/PCA32 iw_overlap_critic W=2.0 accuracy=0.7775 prediction=0.5618 status=ok
cifar100/59/BN_adapt/PCA32 iw_residual_dis2 W=2.0 accuracy=0.7775 prediction=0.7394 status=ok
cifar100/59/BN_adapt/PCA32 iw_overlap_critic W=5.0 accuracy=0.7775 prediction=0.7227 status=ok
cifar100/59/BN_adapt/PCA32 iw_residual_dis2 W=5.0 accuracy=0.7775 prediction=0.7448 status=ok
cifar100/59/BN_adapt/PCA32 dis2_reference W=nan accuracy=0.7775 prediction=0.6150 status=ok
cifar100/59/BN_adapt/PCA64 iw_overlap_critic W=1.0 accuracy=0.7775 prediction=0.3471 status=ok
/storage/homefs/tf24s166/IW_dis2/disagree_discrep_IW/src/lib/utils.py:43: FutureWarning: You are using `torch.load` with `weights_only=False` (the current default value), which uses the default pickle module implicitly. It is possible to construct malicious pickle data which will execute arbitrary code during unpickling (See https://github.com/pytorch/pytorch/blob/main/SECURITY.md#untrusted-models for more details). In a future release, the default value for `weights_only` will be flipped to `True`. This limits the functions that could be executed during unpickling. Arbitrary objects will no longer be allowed to be loaded via this mode unless they are explicitly allowlisted by the user via `torch.serialization.add_safe_globals`. We recommend you start setting `weights_only=True` for any use case where you don't have full control of the loaded file. Please open an issue on GitHub for any issues related to this experimental feature.
  lin.load_state_dict(torch.load(os.path.join(shift_dir, 'linear.pth'), map_location=device))
/storage/homefs/tf24s166/IW_dis2/disagree_discrep_IW/src/lib/utils.py:43: FutureWarning: You are using `torch.load` with `weights_only=False` (the current default value), which uses the default pickle module implicitly. It is possible to construct malicious pickle data which will execute arbitrary code during unpickling (See https://github.com/pytorch/pytorch/blob/main/SECURITY.md#untrusted-models for more details). In a future release, the default value for `weights_only` will be flipped to `True`. This limits the functions that could be executed during unpickling. Arbitrary objects will no longer be allowed to be loaded via this mode unless they are explicitly allowlisted by the user via `torch.serialization.add_safe_globals`. We recommend you start setting `weights_only=True` for any use case where you don't have full control of the loaded file. Please open an issue on GitHub for any issues related to this experimental feature.
  lin.load_state_dict(torch.load(os.path.join(shift_dir, 'linear.pth'), map_location=device))
cifar100/59/BN_adapt/PCA64 iw_residual_dis2 W=1.0 accuracy=0.7775 prediction=0.7166 status=ok
cifar100/59/BN_adapt/PCA64 iw_overlap_critic W=2.0 accuracy=0.7775 prediction=0.7053 status=ok
cifar100/59/BN_adapt/PCA64 iw_residual_dis2 W=2.0 accuracy=0.7775 prediction=0.7197 status=ok
cifar100/59/BN_adapt/PCA64 iw_overlap_critic W=5.0 accuracy=0.7775 prediction=0.7154 status=ok
cifar100/59/BN_adapt/PCA64 iw_residual_dis2 W=5.0 accuracy=0.7775 prediction=0.7154 status=ok
cifar100/59/BN_adapt/PCA64 dis2_reference W=nan accuracy=0.7775 prediction=0.6182 status=ok
cifar100/59/BN_adapt/PCA128 iw_overlap_critic W=1.0 accuracy=0.7775 prediction=0.3675 status=ok
cifar100/59/BN_adapt/PCA128 iw_residual_dis2 W=1.0 accuracy=0.7775 prediction=0.7042 status=ok
cifar100/59/BN_adapt/PCA128 iw_overlap_critic W=2.0 accuracy=0.7775 prediction=0.7085 status=ok
cifar100/59/BN_adapt/PCA128 iw_residual_dis2 W=2.0 accuracy=0.7775 prediction=0.7085 status=ok
cifar100/59/BN_adapt/PCA128 iw_overlap_critic W=5.0 accuracy=0.7775 prediction=0.7085 status=ok
cifar100/59/BN_adapt/PCA128 iw_residual_dis2 W=5.0 accuracy=0.7775 prediction=0.7085 status=ok
cifar100/59/BN_adapt/PCA128 dis2_reference W=nan accuracy=0.7775 prediction=0.6182 status=ok
cifar100/82/BN_adapt/logits iw_overlap_critic W=1.0 accuracy=0.7790 prediction=0.5100 status=ok
cifar100/82/BN_adapt/logits iw_residual_dis2 W=1.0 accuracy=0.7790 prediction=0.7727 status=ok
cifar100/82/BN_adapt/logits iw_overlap_critic W=2.0 accuracy=0.7790 prediction=0.7565 status=ok
cifar100/82/BN_adapt/logits iw_residual_dis2 W=2.0 accuracy=0.7790 prediction=0.7875 status=ok
cifar100/82/BN_adapt/logits iw_overlap_critic W=5.0 accuracy=0.7790 prediction=0.7953 status=ok
cifar100/82/BN_adapt/logits iw_residual_dis2 W=5.0 accuracy=0.7790 prediction=0.7953 status=ok
cifar100/82/BN_adapt/logits dis2_reference W=nan accuracy=0.7790 prediction=0.6914 status=ok
cifar100/82/BN_adapt/features iw_overlap_critic W=1.0 accuracy=0.7790 prediction=0.6110 status=ok
cifar100/82/BN_adapt/features iw_residual_dis2 W=1.0 accuracy=0.7790 prediction=0.7690 status=ok
cifar100/82/BN_adapt/features iw_overlap_critic W=2.0 accuracy=0.7790 prediction=0.7286 status=ok
cifar100/82/BN_adapt/features iw_residual_dis2 W=2.0 accuracy=0.7790 prediction=0.7866 status=ok
cifar100/82/BN_adapt/features iw_overlap_critic W=5.0 accuracy=0.7790 prediction=0.7748 status=ok
cifar100/82/BN_adapt/features iw_residual_dis2 W=5.0 accuracy=0.7790 prediction=0.7903 status=ok
cifar100/82/BN_adapt/features dis2_reference W=nan accuracy=0.7790 prediction=0.6730 status=ok
cifar100/82/BN_adapt/PCA1 iw_overlap_critic W=1.0 accuracy=0.7790 prediction=0.6570 status=ok
cifar100/82/BN_adapt/PCA1 iw_residual_dis2 W=1.0 accuracy=0.7790 prediction=0.7622 status=ok
cifar100/82/BN_adapt/PCA1 iw_overlap_critic W=2.0 accuracy=0.7790 prediction=0.7034 status=ok
cifar100/82/BN_adapt/PCA1 iw_residual_dis2 W=2.0 accuracy=0.7790 prediction=0.7963 status=ok
cifar100/82/BN_adapt/PCA1 iw_overlap_critic W=5.0 accuracy=0.7790 prediction=0.7768 status=ok
cifar100/82/BN_adapt/PCA1 iw_residual_dis2 W=5.0 accuracy=0.7790 prediction=0.7957 status=ok
cifar100/82/BN_adapt/PCA1 dis2_reference W=nan accuracy=0.7790 prediction=0.6754 status=ok
cifar100/82/BN_adapt/PCA4 iw_overlap_critic W=1.0 accuracy=0.7790 prediction=0.5798 status=ok
cifar100/82/BN_adapt/PCA4 iw_residual_dis2 W=1.0 accuracy=0.7790 prediction=0.7705 status=ok
cifar100/82/BN_adapt/PCA4 iw_overlap_critic W=2.0 accuracy=0.7790 prediction=0.7563 status=ok
cifar100/82/BN_adapt/PCA4 iw_residual_dis2 W=2.0 accuracy=0.7790 prediction=0.7948 status=ok
cifar100/82/BN_adapt/PCA4 iw_overlap_critic W=5.0 accuracy=0.7790 prediction=0.7984 status=ok
cifar100/82/BN_adapt/PCA4 iw_residual_dis2 W=5.0 accuracy=0.7790 prediction=0.7984 status=ok
cifar100/82/BN_adapt/PCA4 dis2_reference W=nan accuracy=0.7790 prediction=0.6874 status=ok
cifar100/82/BN_adapt/PCA16 iw_overlap_critic W=1.0 accuracy=0.7790 prediction=0.4964 status=ok
cifar100/82/BN_adapt/PCA16 iw_residual_dis2 W=1.0 accuracy=0.7790 prediction=0.7885 status=ok
cifar100/82/BN_adapt/PCA16 iw_overlap_critic W=2.0 accuracy=0.7790 prediction=0.7960 status=ok
cifar100/82/BN_adapt/PCA16 iw_residual_dis2 W=2.0 accuracy=0.7790 prediction=0.7962 status=ok
cifar100/82/BN_adapt/PCA16 iw_overlap_critic W=5.0 accuracy=0.7790 prediction=0.7929 status=ok
cifar100/82/BN_adapt/PCA16 iw_residual_dis2 W=5.0 accuracy=0.7790 prediction=0.7929 status=ok
cifar100/82/BN_adapt/PCA16 dis2_reference W=nan accuracy=0.7790 prediction=0.6778 status=ok
cifar100/82/BN_adapt/PCA32 iw_overlap_critic W=1.0 accuracy=0.7790 prediction=0.4306 status=ok
cifar100/82/BN_adapt/PCA32 iw_residual_dis2 W=1.0 accuracy=0.7790 prediction=0.7812 status=ok
cifar100/82/BN_adapt/PCA32 iw_overlap_critic W=2.0 accuracy=0.7790 prediction=0.7862 status=ok
cifar100/82/BN_adapt/PCA32 iw_residual_dis2 W=2.0 accuracy=0.7790 prediction=0.7972 status=ok
cifar100/82/BN_adapt/PCA32 iw_overlap_critic W=5.0 accuracy=0.7790 prediction=0.7936 status=ok
cifar100/82/BN_adapt/PCA32 iw_residual_dis2 W=5.0 accuracy=0.7790 prediction=0.7936 status=ok
cifar100/82/BN_adapt/PCA32 dis2_reference W=nan accuracy=0.7790 prediction=0.6754 status=ok
cifar100/82/BN_adapt/PCA64 iw_overlap_critic W=1.0 accuracy=0.7790 prediction=0.3711 status=ok
cifar100/82/BN_adapt/PCA64 iw_residual_dis2 W=1.0 accuracy=0.7790 prediction=0.7983 status=ok
cifar100/82/BN_adapt/PCA64 iw_overlap_critic W=2.0 accuracy=0.7790 prediction=0.7823 status=ok
cifar100/82/BN_adapt/PCA64 iw_residual_dis2 W=2.0 accuracy=0.7790 prediction=0.7919 status=ok
cifar100/82/BN_adapt/PCA64 iw_overlap_critic W=5.0 accuracy=0.7790 prediction=0.7918 status=ok
cifar100/82/BN_adapt/PCA64 iw_residual_dis2 W=5.0 accuracy=0.7790 prediction=0.7918 status=ok
cifar100/82/BN_adapt/PCA64 dis2_reference W=nan accuracy=0.7790 prediction=0.6890 status=ok
cifar100/82/BN_adapt/PCA128 iw_overlap_critic W=1.0 accuracy=0.7790 prediction=0.3633 status=ok
cifar100/82/BN_adapt/PCA128 iw_residual_dis2 W=1.0 accuracy=0.7790 prediction=0.7947 status=ok
cifar100/82/BN_adapt/PCA128 iw_overlap_critic W=2.0 accuracy=0.7790 prediction=nan status=unsupported_critic_region
cifar100/82/BN_adapt/PCA128 iw_residual_dis2 W=2.0 accuracy=0.7790 prediction=nan status=unsupported_critic_region
cifar100/82/BN_adapt/PCA128 iw_overlap_critic W=5.0 accuracy=0.7790 prediction=0.7936 status=ok
cifar100/82/BN_adapt/PCA128 iw_residual_dis2 W=5.0 accuracy=0.7790 prediction=0.7936 status=ok
cifar100/82/BN_adapt/PCA128 dis2_reference W=nan accuracy=0.7790 prediction=0.6922 status=ok
cifar100/4/DANN/logits iw_overlap_critic W=1.0 accuracy=0.7440 prediction=0.5218 status=ok
cifar100/4/DANN/logits iw_residual_dis2 W=1.0 accuracy=0.7440 prediction=0.7760 status=ok
cifar100/4/DANN/logits iw_overlap_critic W=2.0 accuracy=0.7440 prediction=0.7608 status=ok
cifar100/4/DANN/logits iw_residual_dis2 W=2.0 accuracy=0.7440 prediction=0.7608 status=ok
cifar100/4/DANN/logits iw_overlap_critic W=5.0 accuracy=0.7440 prediction=0.7608 status=ok
cifar100/4/DANN/logits iw_residual_dis2 W=5.0 accuracy=0.7440 prediction=0.7608 status=ok
cifar100/4/DANN/logits dis2_reference W=nan accuracy=0.7440 prediction=0.6830 status=ok
cifar100/4/DANN/features iw_overlap_critic W=1.0 accuracy=0.7440 prediction=0.5476 status=ok
cifar100/4/DANN/features iw_residual_dis2 W=1.0 accuracy=0.7440 prediction=0.7782 status=ok
cifar100/4/DANN/features iw_overlap_critic W=2.0 accuracy=0.7440 prediction=0.7690 status=ok
cifar100/4/DANN/features iw_residual_dis2 W=2.0 accuracy=0.7440 prediction=0.7690 status=ok
cifar100/4/DANN/features iw_overlap_critic W=5.0 accuracy=0.7440 prediction=0.7690 status=ok
cifar100/4/DANN/features iw_residual_dis2 W=5.0 accuracy=0.7440 prediction=0.7690 status=ok
cifar100/4/DANN/features dis2_reference W=nan accuracy=0.7440 prediction=0.6766 status=ok
cifar100/4/DANN/PCA1 iw_overlap_critic W=1.0 accuracy=0.7440 prediction=0.5810 status=ok
cifar100/4/DANN/PCA1 iw_residual_dis2 W=1.0 accuracy=0.7440 prediction=0.7838 status=ok
cifar100/4/DANN/PCA1 iw_overlap_critic W=2.0 accuracy=0.7440 prediction=0.7673 status=ok
cifar100/4/DANN/PCA1 iw_residual_dis2 W=2.0 accuracy=0.7440 prediction=0.7673 status=ok
cifar100/4/DANN/PCA1 iw_overlap_critic W=5.0 accuracy=0.7440 prediction=0.7673 status=ok
/storage/homefs/tf24s166/IW_dis2/disagree_discrep_IW/src/lib/utils.py:43: FutureWarning: You are using `torch.load` with `weights_only=False` (the current default value), which uses the default pickle module implicitly. It is possible to construct malicious pickle data which will execute arbitrary code during unpickling (See https://github.com/pytorch/pytorch/blob/main/SECURITY.md#untrusted-models for more details). In a future release, the default value for `weights_only` will be flipped to `True`. This limits the functions that could be executed during unpickling. Arbitrary objects will no longer be allowed to be loaded via this mode unless they are explicitly allowlisted by the user via `torch.serialization.add_safe_globals`. We recommend you start setting `weights_only=True` for any use case where you don't have full control of the loaded file. Please open an issue on GitHub for any issues related to this experimental feature.
  lin.load_state_dict(torch.load(os.path.join(shift_dir, 'linear.pth'), map_location=device))
cifar100/4/DANN/PCA1 iw_residual_dis2 W=5.0 accuracy=0.7440 prediction=0.7673 status=ok
cifar100/4/DANN/PCA1 dis2_reference W=nan accuracy=0.7440 prediction=0.6354 status=ok
cifar100/4/DANN/PCA4 iw_overlap_critic W=1.0 accuracy=0.7440 prediction=0.5958 status=ok
cifar100/4/DANN/PCA4 iw_residual_dis2 W=1.0 accuracy=0.7440 prediction=0.7580 status=ok
cifar100/4/DANN/PCA4 iw_overlap_critic W=2.0 accuracy=0.7440 prediction=0.7605 status=ok
cifar100/4/DANN/PCA4 iw_residual_dis2 W=2.0 accuracy=0.7440 prediction=0.7605 status=ok
cifar100/4/DANN/PCA4 iw_overlap_critic W=5.0 accuracy=0.7440 prediction=0.7605 status=ok
cifar100/4/DANN/PCA4 iw_residual_dis2 W=5.0 accuracy=0.7440 prediction=0.7605 status=ok
cifar100/4/DANN/PCA4 dis2_reference W=nan accuracy=0.7440 prediction=0.6598 status=ok
cifar100/4/DANN/PCA16 iw_overlap_critic W=1.0 accuracy=0.7440 prediction=0.5143 status=ok
cifar100/4/DANN/PCA16 iw_residual_dis2 W=1.0 accuracy=0.7440 prediction=0.7671 status=ok
cifar100/4/DANN/PCA16 iw_overlap_critic W=2.0 accuracy=0.7440 prediction=0.7582 status=ok
cifar100/4/DANN/PCA16 iw_residual_dis2 W=2.0 accuracy=0.7440 prediction=0.7582 status=ok
cifar100/4/DANN/PCA16 iw_overlap_critic W=5.0 accuracy=0.7440 prediction=0.7582 status=ok
cifar100/4/DANN/PCA16 iw_residual_dis2 W=5.0 accuracy=0.7440 prediction=0.7582 status=ok
cifar100/4/DANN/PCA16 dis2_reference W=nan accuracy=0.7440 prediction=0.6846 status=ok
cifar100/4/DANN/PCA32 iw_overlap_critic W=1.0 accuracy=0.7440 prediction=0.4324 status=ok
cifar100/4/DANN/PCA32 iw_residual_dis2 W=1.0 accuracy=0.7440 prediction=0.7639 status=ok
cifar100/4/DANN/PCA32 iw_overlap_critic W=2.0 accuracy=0.7440 prediction=0.7580 status=ok
cifar100/4/DANN/PCA32 iw_residual_dis2 W=2.0 accuracy=0.7440 prediction=0.7580 status=ok
cifar100/4/DANN/PCA32 iw_overlap_critic W=5.0 accuracy=0.7440 prediction=0.7580 status=ok
cifar100/4/DANN/PCA32 iw_residual_dis2 W=5.0 accuracy=0.7440 prediction=0.7580 status=ok
cifar100/4/DANN/PCA32 dis2_reference W=nan accuracy=0.7440 prediction=0.6754 status=ok
cifar100/4/DANN/PCA64 iw_overlap_critic W=1.0 accuracy=0.7440 prediction=0.4419 status=ok
cifar100/4/DANN/PCA64 iw_residual_dis2 W=1.0 accuracy=0.7440 prediction=0.7511 status=ok
cifar100/4/DANN/PCA64 iw_overlap_critic W=2.0 accuracy=0.7440 prediction=0.7580 status=ok
cifar100/4/DANN/PCA64 iw_residual_dis2 W=2.0 accuracy=0.7440 prediction=0.7580 status=ok
cifar100/4/DANN/PCA64 iw_overlap_critic W=5.0 accuracy=0.7440 prediction=0.7580 status=ok
cifar100/4/DANN/PCA64 iw_residual_dis2 W=5.0 accuracy=0.7440 prediction=0.7580 status=ok
cifar100/4/DANN/PCA64 dis2_reference W=nan accuracy=0.7440 prediction=0.6614 status=ok
cifar100/4/DANN/PCA128 iw_overlap_critic W=1.0 accuracy=0.7440 prediction=0.4198 status=ok
cifar100/4/DANN/PCA128 iw_residual_dis2 W=1.0 accuracy=0.7440 prediction=0.7553 status=ok
cifar100/4/DANN/PCA128 iw_overlap_critic W=2.0 accuracy=0.7440 prediction=0.7580 status=ok
cifar100/4/DANN/PCA128 iw_residual_dis2 W=2.0 accuracy=0.7440 prediction=0.7580 status=ok
cifar100/4/DANN/PCA128 iw_overlap_critic W=5.0 accuracy=0.7440 prediction=0.7580 status=ok
cifar100/4/DANN/PCA128 iw_residual_dis2 W=5.0 accuracy=0.7440 prediction=0.7580 status=ok
cifar100/4/DANN/PCA128 dis2_reference W=nan accuracy=0.7440 prediction=0.6686 status=ok
cifar100/12/DANN/logits iw_overlap_critic W=1.0 accuracy=0.7545 prediction=0.5643 status=ok
cifar100/12/DANN/logits iw_residual_dis2 W=1.0 accuracy=0.7545 prediction=0.7724 status=ok
cifar100/12/DANN/logits iw_overlap_critic W=2.0 accuracy=0.7545 prediction=0.7644 status=ok
cifar100/12/DANN/logits iw_residual_dis2 W=2.0 accuracy=0.7545 prediction=0.7644 status=ok
cifar100/12/DANN/logits iw_overlap_critic W=5.0 accuracy=0.7545 prediction=0.7644 status=ok
cifar100/12/DANN/logits iw_residual_dis2 W=5.0 accuracy=0.7545 prediction=0.7644 status=ok
cifar100/12/DANN/logits dis2_reference W=nan accuracy=0.7545 prediction=0.6978 status=ok
cifar100/12/DANN/features iw_overlap_critic W=1.0 accuracy=0.7545 prediction=0.6724 status=ok
cifar100/12/DANN/features iw_residual_dis2 W=1.0 accuracy=0.7545 prediction=0.7669 status=ok
cifar100/12/DANN/features iw_overlap_critic W=2.0 accuracy=0.7545 prediction=0.7739 status=ok
cifar100/12/DANN/features iw_residual_dis2 W=2.0 accuracy=0.7545 prediction=0.7739 status=ok
cifar100/12/DANN/features iw_overlap_critic W=5.0 accuracy=0.7545 prediction=0.7739 status=ok
cifar100/12/DANN/features iw_residual_dis2 W=5.0 accuracy=0.7545 prediction=0.7739 status=ok
cifar100/12/DANN/features dis2_reference W=nan accuracy=0.7545 prediction=0.6610 status=ok
cifar100/12/DANN/PCA1 iw_overlap_critic W=1.0 accuracy=0.7545 prediction=0.6480 status=ok
cifar100/12/DANN/PCA1 iw_residual_dis2 W=1.0 accuracy=0.7545 prediction=0.7618 status=ok
cifar100/12/DANN/PCA1 iw_overlap_critic W=2.0 accuracy=0.7545 prediction=0.7723 status=ok
cifar100/12/DANN/PCA1 iw_residual_dis2 W=2.0 accuracy=0.7545 prediction=0.7723 status=ok
cifar100/12/DANN/PCA1 iw_overlap_critic W=5.0 accuracy=0.7545 prediction=0.7723 status=ok
cifar100/12/DANN/PCA1 iw_residual_dis2 W=5.0 accuracy=0.7545 prediction=0.7723 status=ok
cifar100/12/DANN/PCA1 dis2_reference W=nan accuracy=0.7545 prediction=0.6442 status=ok
cifar100/12/DANN/PCA4 iw_overlap_critic W=1.0 accuracy=0.7545 prediction=0.5693 status=ok
cifar100/12/DANN/PCA4 iw_residual_dis2 W=1.0 accuracy=0.7545 prediction=0.7758 status=ok
cifar100/12/DANN/PCA4 iw_overlap_critic W=2.0 accuracy=0.7545 prediction=0.7634 status=ok
cifar100/12/DANN/PCA4 iw_residual_dis2 W=2.0 accuracy=0.7545 prediction=0.7634 status=ok
cifar100/12/DANN/PCA4 iw_overlap_critic W=5.0 accuracy=0.7545 prediction=0.7634 status=ok
cifar100/12/DANN/PCA4 iw_residual_dis2 W=5.0 accuracy=0.7545 prediction=0.7634 status=ok
cifar100/12/DANN/PCA4 dis2_reference W=nan accuracy=0.7545 prediction=0.6586 status=ok
cifar100/12/DANN/PCA16 iw_overlap_critic W=1.0 accuracy=0.7545 prediction=0.5002 status=ok
cifar100/12/DANN/PCA16 iw_residual_dis2 W=1.0 accuracy=0.7545 prediction=0.7527 status=ok
cifar100/12/DANN/PCA16 iw_overlap_critic W=2.0 accuracy=0.7545 prediction=0.7608 status=ok
cifar100/12/DANN/PCA16 iw_residual_dis2 W=2.0 accuracy=0.7545 prediction=0.7608 status=ok
cifar100/12/DANN/PCA16 iw_overlap_critic W=5.0 accuracy=0.7545 prediction=0.7608 status=ok
cifar100/12/DANN/PCA16 iw_residual_dis2 W=5.0 accuracy=0.7545 prediction=0.7608 status=ok
cifar100/12/DANN/PCA16 dis2_reference W=nan accuracy=0.7545 prediction=0.6830 status=ok
cifar100/12/DANN/PCA32 iw_overlap_critic W=1.0 accuracy=0.7545 prediction=0.4630 status=ok
cifar100/12/DANN/PCA32 iw_residual_dis2 W=1.0 accuracy=0.7545 prediction=0.7781 status=ok
cifar100/12/DANN/PCA32 iw_overlap_critic W=2.0 accuracy=0.7545 prediction=0.7600 status=ok
cifar100/12/DANN/PCA32 iw_residual_dis2 W=2.0 accuracy=0.7545 prediction=0.7600 status=ok
cifar100/12/DANN/PCA32 iw_overlap_critic W=5.0 accuracy=0.7545 prediction=0.7600 status=ok
cifar100/12/DANN/PCA32 iw_residual_dis2 W=5.0 accuracy=0.7545 prediction=0.7600 status=ok
cifar100/12/DANN/PCA32 dis2_reference W=nan accuracy=0.7545 prediction=0.6818 status=ok
cifar100/12/DANN/PCA64 iw_overlap_critic W=1.0 accuracy=0.7545 prediction=0.4414 status=ok
cifar100/12/DANN/PCA64 iw_residual_dis2 W=1.0 accuracy=0.7545 prediction=0.7659 status=ok
cifar100/12/DANN/PCA64 iw_overlap_critic W=2.0 accuracy=0.7545 prediction=0.7600 status=ok
cifar100/12/DANN/PCA64 iw_residual_dis2 W=2.0 accuracy=0.7545 prediction=0.7600 status=ok
cifar100/12/DANN/PCA64 iw_overlap_critic W=5.0 accuracy=0.7545 prediction=0.7600 status=ok
cifar100/12/DANN/PCA64 iw_residual_dis2 W=5.0 accuracy=0.7545 prediction=0.7600 status=ok
cifar100/12/DANN/PCA64 dis2_reference W=nan accuracy=0.7545 prediction=0.6658 status=ok
cifar100/12/DANN/PCA128 iw_overlap_critic W=1.0 accuracy=0.7545 prediction=0.4174 status=ok
cifar100/12/DANN/PCA128 iw_residual_dis2 W=1.0 accuracy=0.7545 prediction=0.7648 status=ok
cifar100/12/DANN/PCA128 iw_overlap_critic W=2.0 accuracy=0.7545 prediction=0.7600 status=ok
cifar100/12/DANN/PCA128 iw_residual_dis2 W=2.0 accuracy=0.7545 prediction=0.7600 status=ok
cifar100/12/DANN/PCA128 iw_overlap_critic W=5.0 accuracy=0.7545 prediction=0.7600 status=ok
/storage/homefs/tf24s166/IW_dis2/disagree_discrep_IW/src/lib/utils.py:43: FutureWarning: You are using `torch.load` with `weights_only=False` (the current default value), which uses the default pickle module implicitly. It is possible to construct malicious pickle data which will execute arbitrary code during unpickling (See https://github.com/pytorch/pytorch/blob/main/SECURITY.md#untrusted-models for more details). In a future release, the default value for `weights_only` will be flipped to `True`. This limits the functions that could be executed during unpickling. Arbitrary objects will no longer be allowed to be loaded via this mode unless they are explicitly allowlisted by the user via `torch.serialization.add_safe_globals`. We recommend you start setting `weights_only=True` for any use case where you don't have full control of the loaded file. Please open an issue on GitHub for any issues related to this experimental feature.
  lin.load_state_dict(torch.load(os.path.join(shift_dir, 'linear.pth'), map_location=device))
/storage/homefs/tf24s166/IW_dis2/disagree_discrep_IW/src/lib/utils.py:43: FutureWarning: You are using `torch.load` with `weights_only=False` (the current default value), which uses the default pickle module implicitly. It is possible to construct malicious pickle data which will execute arbitrary code during unpickling (See https://github.com/pytorch/pytorch/blob/main/SECURITY.md#untrusted-models for more details). In a future release, the default value for `weights_only` will be flipped to `True`. This limits the functions that could be executed during unpickling. Arbitrary objects will no longer be allowed to be loaded via this mode unless they are explicitly allowlisted by the user via `torch.serialization.add_safe_globals`. We recommend you start setting `weights_only=True` for any use case where you don't have full control of the loaded file. Please open an issue on GitHub for any issues related to this experimental feature.
  lin.load_state_dict(torch.load(os.path.join(shift_dir, 'linear.pth'), map_location=device))
cifar100/12/DANN/PCA128 iw_residual_dis2 W=5.0 accuracy=0.7545 prediction=0.7600 status=ok
cifar100/12/DANN/PCA128 dis2_reference W=nan accuracy=0.7545 prediction=0.6706 status=ok
cifar100/59/DANN/logits iw_overlap_critic W=1.0 accuracy=0.7585 prediction=0.5415 status=ok
cifar100/59/DANN/logits iw_residual_dis2 W=1.0 accuracy=0.7585 prediction=0.7743 status=ok
cifar100/59/DANN/logits iw_overlap_critic W=2.0 accuracy=0.7585 prediction=0.7685 status=ok
cifar100/59/DANN/logits iw_residual_dis2 W=2.0 accuracy=0.7585 prediction=0.7685 status=ok
cifar100/59/DANN/logits iw_overlap_critic W=5.0 accuracy=0.7585 prediction=0.7668 status=ok
cifar100/59/DANN/logits iw_residual_dis2 W=5.0 accuracy=0.7585 prediction=0.7668 status=ok
cifar100/59/DANN/logits dis2_reference W=nan accuracy=0.7585 prediction=0.6662 status=ok
cifar100/59/DANN/features iw_overlap_critic W=1.0 accuracy=0.7585 prediction=0.6886 status=ok
cifar100/59/DANN/features iw_residual_dis2 W=1.0 accuracy=0.7585 prediction=0.7826 status=ok
cifar100/59/DANN/features iw_overlap_critic W=2.0 accuracy=0.7585 prediction=0.7744 status=ok
cifar100/59/DANN/features iw_residual_dis2 W=2.0 accuracy=0.7585 prediction=0.7836 status=ok
cifar100/59/DANN/features iw_overlap_critic W=5.0 accuracy=0.7585 prediction=0.7810 status=ok
cifar100/59/DANN/features iw_residual_dis2 W=5.0 accuracy=0.7585 prediction=0.7810 status=ok
cifar100/59/DANN/features dis2_reference W=nan accuracy=0.7585 prediction=0.6786 status=ok
cifar100/59/DANN/PCA1 iw_overlap_critic W=1.0 accuracy=0.7585 prediction=0.6052 status=ok
cifar100/59/DANN/PCA1 iw_residual_dis2 W=1.0 accuracy=0.7585 prediction=0.7945 status=ok
cifar100/59/DANN/PCA1 iw_overlap_critic W=2.0 accuracy=0.7585 prediction=0.7752 status=ok
cifar100/59/DANN/PCA1 iw_residual_dis2 W=2.0 accuracy=0.7585 prediction=0.7784 status=ok
cifar100/59/DANN/PCA1 iw_overlap_critic W=5.0 accuracy=0.7585 prediction=0.7786 status=ok
cifar100/59/DANN/PCA1 iw_residual_dis2 W=5.0 accuracy=0.7585 prediction=0.7786 status=ok
cifar100/59/DANN/PCA1 dis2_reference W=nan accuracy=0.7585 prediction=0.7094 status=ok
cifar100/59/DANN/PCA4 iw_overlap_critic W=1.0 accuracy=0.7585 prediction=0.5414 status=ok
cifar100/59/DANN/PCA4 iw_residual_dis2 W=1.0 accuracy=0.7585 prediction=0.7657 status=ok
cifar100/59/DANN/PCA4 iw_overlap_critic W=2.0 accuracy=0.7585 prediction=nan status=unsupported_critic_region
cifar100/59/DANN/PCA4 iw_residual_dis2 W=2.0 accuracy=0.7585 prediction=nan status=unsupported_critic_region
cifar100/59/DANN/PCA4 iw_overlap_critic W=5.0 accuracy=0.7585 prediction=0.7662 status=ok
cifar100/59/DANN/PCA4 iw_residual_dis2 W=5.0 accuracy=0.7585 prediction=0.7662 status=ok
cifar100/59/DANN/PCA4 dis2_reference W=nan accuracy=0.7585 prediction=0.6734 status=ok
cifar100/59/DANN/PCA16 iw_overlap_critic W=1.0 accuracy=0.7585 prediction=0.5024 status=ok
cifar100/59/DANN/PCA16 iw_residual_dis2 W=1.0 accuracy=0.7585 prediction=0.7807 status=ok
cifar100/59/DANN/PCA16 iw_overlap_critic W=2.0 accuracy=0.7585 prediction=0.7609 status=ok
cifar100/59/DANN/PCA16 iw_residual_dis2 W=2.0 accuracy=0.7585 prediction=0.7609 status=ok
cifar100/59/DANN/PCA16 iw_overlap_critic W=5.0 accuracy=0.7585 prediction=0.7609 status=ok
cifar100/59/DANN/PCA16 iw_residual_dis2 W=5.0 accuracy=0.7585 prediction=0.7609 status=ok
cifar100/59/DANN/PCA16 dis2_reference W=nan accuracy=0.7585 prediction=0.6758 status=ok
cifar100/59/DANN/PCA32 iw_overlap_critic W=1.0 accuracy=0.7585 prediction=0.4560 status=ok
cifar100/59/DANN/PCA32 iw_residual_dis2 W=1.0 accuracy=0.7585 prediction=0.7769 status=ok
cifar100/59/DANN/PCA32 iw_overlap_critic W=2.0 accuracy=0.7585 prediction=0.7601 status=ok
cifar100/59/DANN/PCA32 iw_residual_dis2 W=2.0 accuracy=0.7585 prediction=0.7601 status=ok
cifar100/59/DANN/PCA32 iw_overlap_critic W=5.0 accuracy=0.7585 prediction=0.7601 status=ok
cifar100/59/DANN/PCA32 iw_residual_dis2 W=5.0 accuracy=0.7585 prediction=0.7601 status=ok
cifar100/59/DANN/PCA32 dis2_reference W=nan accuracy=0.7585 prediction=0.6738 status=ok
cifar100/59/DANN/PCA64 iw_overlap_critic W=1.0 accuracy=0.7585 prediction=0.4554 status=ok
cifar100/59/DANN/PCA64 iw_residual_dis2 W=1.0 accuracy=0.7585 prediction=0.7731 status=ok
cifar100/59/DANN/PCA64 iw_overlap_critic W=2.0 accuracy=0.7585 prediction=0.7599 status=ok
cifar100/59/DANN/PCA64 iw_residual_dis2 W=2.0 accuracy=0.7585 prediction=0.7599 status=ok
cifar100/59/DANN/PCA64 iw_overlap_critic W=5.0 accuracy=0.7585 prediction=0.7599 status=ok
cifar100/59/DANN/PCA64 iw_residual_dis2 W=5.0 accuracy=0.7585 prediction=0.7599 status=ok
cifar100/59/DANN/PCA64 dis2_reference W=nan accuracy=0.7585 prediction=0.6738 status=ok
cifar100/59/DANN/PCA128 iw_overlap_critic W=1.0 accuracy=0.7585 prediction=0.4102 status=ok
cifar100/59/DANN/PCA128 iw_residual_dis2 W=1.0 accuracy=0.7585 prediction=0.7588 status=ok
cifar100/59/DANN/PCA128 iw_overlap_critic W=2.0 accuracy=0.7585 prediction=0.7596 status=ok
cifar100/59/DANN/PCA128 iw_residual_dis2 W=2.0 accuracy=0.7585 prediction=0.7596 status=ok
cifar100/59/DANN/PCA128 iw_overlap_critic W=5.0 accuracy=0.7585 prediction=0.7596 status=ok
cifar100/59/DANN/PCA128 iw_residual_dis2 W=5.0 accuracy=0.7585 prediction=0.7596 status=ok
cifar100/59/DANN/PCA128 dis2_reference W=nan accuracy=0.7585 prediction=0.6766 status=ok
cifar100/82/DANN/logits iw_overlap_critic W=1.0 accuracy=0.7695 prediction=0.5872 status=ok
cifar100/82/DANN/logits iw_residual_dis2 W=1.0 accuracy=0.7695 prediction=0.8050 status=ok
cifar100/82/DANN/logits iw_overlap_critic W=2.0 accuracy=0.7695 prediction=0.7675 status=ok
cifar100/82/DANN/logits iw_residual_dis2 W=2.0 accuracy=0.7695 prediction=0.7675 status=ok
cifar100/82/DANN/logits iw_overlap_critic W=5.0 accuracy=0.7695 prediction=0.7675 status=ok
cifar100/82/DANN/logits iw_residual_dis2 W=5.0 accuracy=0.7695 prediction=0.7675 status=ok
cifar100/82/DANN/logits dis2_reference W=nan accuracy=0.7695 prediction=0.7086 status=ok
cifar100/82/DANN/features iw_overlap_critic W=1.0 accuracy=0.7695 prediction=0.6396 status=ok
cifar100/82/DANN/features iw_residual_dis2 W=1.0 accuracy=0.7695 prediction=0.7950 status=ok
cifar100/82/DANN/features iw_overlap_critic W=2.0 accuracy=0.7695 prediction=nan status=unsupported_critic_region
cifar100/82/DANN/features iw_residual_dis2 W=2.0 accuracy=0.7695 prediction=nan status=unsupported_critic_region
cifar100/82/DANN/features iw_overlap_critic W=5.0 accuracy=0.7695 prediction=0.7830 status=ok
cifar100/82/DANN/features iw_residual_dis2 W=5.0 accuracy=0.7695 prediction=0.7830 status=ok
cifar100/82/DANN/features dis2_reference W=nan accuracy=0.7695 prediction=0.7026 status=ok
cifar100/82/DANN/PCA1 iw_overlap_critic W=1.0 accuracy=0.7695 prediction=0.6537 status=ok
cifar100/82/DANN/PCA1 iw_residual_dis2 W=1.0 accuracy=0.7695 prediction=0.7859 status=ok
cifar100/82/DANN/PCA1 iw_overlap_critic W=2.0 accuracy=0.7695 prediction=nan status=unsupported_critic_region
cifar100/82/DANN/PCA1 iw_residual_dis2 W=2.0 accuracy=0.7695 prediction=nan status=unsupported_critic_region
cifar100/82/DANN/PCA1 iw_overlap_critic W=5.0 accuracy=0.7695 prediction=0.7803 status=ok
cifar100/82/DANN/PCA1 iw_residual_dis2 W=5.0 accuracy=0.7695 prediction=0.7803 status=ok
cifar100/82/DANN/PCA1 dis2_reference W=nan accuracy=0.7695 prediction=0.6934 status=ok
cifar100/82/DANN/PCA4 iw_overlap_critic W=1.0 accuracy=0.7695 prediction=0.6027 status=ok
cifar100/82/DANN/PCA4 iw_residual_dis2 W=1.0 accuracy=0.7695 prediction=0.7867 status=ok
cifar100/82/DANN/PCA4 iw_overlap_critic W=2.0 accuracy=0.7695 prediction=0.7645 status=ok
cifar100/82/DANN/PCA4 iw_residual_dis2 W=2.0 accuracy=0.7695 prediction=0.7645 status=ok
cifar100/82/DANN/PCA4 iw_overlap_critic W=5.0 accuracy=0.7695 prediction=0.7645 status=ok
cifar100/82/DANN/PCA4 iw_residual_dis2 W=5.0 accuracy=0.7695 prediction=0.7645 status=ok
cifar100/82/DANN/PCA4 dis2_reference W=nan accuracy=0.7695 prediction=0.6926 status=ok
cifar100/82/DANN/PCA16 iw_overlap_critic W=1.0 accuracy=0.7695 prediction=0.5298 status=ok
cifar100/82/DANN/PCA16 iw_residual_dis2 W=1.0 accuracy=0.7695 prediction=0.7763 status=ok
cifar100/82/DANN/PCA16 iw_overlap_critic W=2.0 accuracy=0.7695 prediction=0.7642 status=ok
/storage/homefs/tf24s166/IW_dis2/disagree_discrep_IW/src/lib/utils.py:43: FutureWarning: You are using `torch.load` with `weights_only=False` (the current default value), which uses the default pickle module implicitly. It is possible to construct malicious pickle data which will execute arbitrary code during unpickling (See https://github.com/pytorch/pytorch/blob/main/SECURITY.md#untrusted-models for more details). In a future release, the default value for `weights_only` will be flipped to `True`. This limits the functions that could be executed during unpickling. Arbitrary objects will no longer be allowed to be loaded via this mode unless they are explicitly allowlisted by the user via `torch.serialization.add_safe_globals`. We recommend you start setting `weights_only=True` for any use case where you don't have full control of the loaded file. Please open an issue on GitHub for any issues related to this experimental feature.
  lin.load_state_dict(torch.load(os.path.join(shift_dir, 'linear.pth'), map_location=device))
/storage/homefs/tf24s166/IW_dis2/disagree_discrep_IW/src/lib/utils.py:43: FutureWarning: You are using `torch.load` with `weights_only=False` (the current default value), which uses the default pickle module implicitly. It is possible to construct malicious pickle data which will execute arbitrary code during unpickling (See https://github.com/pytorch/pytorch/blob/main/SECURITY.md#untrusted-models for more details). In a future release, the default value for `weights_only` will be flipped to `True`. This limits the functions that could be executed during unpickling. Arbitrary objects will no longer be allowed to be loaded via this mode unless they are explicitly allowlisted by the user via `torch.serialization.add_safe_globals`. We recommend you start setting `weights_only=True` for any use case where you don't have full control of the loaded file. Please open an issue on GitHub for any issues related to this experimental feature.
  lin.load_state_dict(torch.load(os.path.join(shift_dir, 'linear.pth'), map_location=device))
cifar100/82/DANN/PCA16 iw_residual_dis2 W=2.0 accuracy=0.7695 prediction=0.7642 status=ok
cifar100/82/DANN/PCA16 iw_overlap_critic W=5.0 accuracy=0.7695 prediction=0.7642 status=ok
cifar100/82/DANN/PCA16 iw_residual_dis2 W=5.0 accuracy=0.7695 prediction=0.7642 status=ok
cifar100/82/DANN/PCA16 dis2_reference W=nan accuracy=0.7695 prediction=0.7314 status=ok
cifar100/82/DANN/PCA32 iw_overlap_critic W=1.0 accuracy=0.7695 prediction=0.4840 status=ok
cifar100/82/DANN/PCA32 iw_residual_dis2 W=1.0 accuracy=0.7695 prediction=0.8067 status=ok
cifar100/82/DANN/PCA32 iw_overlap_critic W=2.0 accuracy=0.7695 prediction=0.7642 status=ok
cifar100/82/DANN/PCA32 iw_residual_dis2 W=2.0 accuracy=0.7695 prediction=0.7642 status=ok
cifar100/82/DANN/PCA32 iw_overlap_critic W=5.0 accuracy=0.7695 prediction=0.7642 status=ok
cifar100/82/DANN/PCA32 iw_residual_dis2 W=5.0 accuracy=0.7695 prediction=0.7642 status=ok
cifar100/82/DANN/PCA32 dis2_reference W=nan accuracy=0.7695 prediction=0.7182 status=ok
cifar100/82/DANN/PCA64 iw_overlap_critic W=1.0 accuracy=0.7695 prediction=0.4058 status=ok
cifar100/82/DANN/PCA64 iw_residual_dis2 W=1.0 accuracy=0.7695 prediction=0.7635 status=ok
cifar100/82/DANN/PCA64 iw_overlap_critic W=2.0 accuracy=0.7695 prediction=0.7641 status=ok
cifar100/82/DANN/PCA64 iw_residual_dis2 W=2.0 accuracy=0.7695 prediction=0.7641 status=ok
cifar100/82/DANN/PCA64 iw_overlap_critic W=5.0 accuracy=0.7695 prediction=0.7641 status=ok
cifar100/82/DANN/PCA64 iw_residual_dis2 W=5.0 accuracy=0.7695 prediction=0.7641 status=ok
cifar100/82/DANN/PCA64 dis2_reference W=nan accuracy=0.7695 prediction=0.6734 status=ok
cifar100/82/DANN/PCA128 iw_overlap_critic W=1.0 accuracy=0.7695 prediction=0.4194 status=ok
cifar100/82/DANN/PCA128 iw_residual_dis2 W=1.0 accuracy=0.7695 prediction=0.7707 status=ok
cifar100/82/DANN/PCA128 iw_overlap_critic W=2.0 accuracy=0.7695 prediction=0.7641 status=ok
cifar100/82/DANN/PCA128 iw_residual_dis2 W=2.0 accuracy=0.7695 prediction=0.7641 status=ok
cifar100/82/DANN/PCA128 iw_overlap_critic W=5.0 accuracy=0.7695 prediction=0.7641 status=ok
cifar100/82/DANN/PCA128 iw_residual_dis2 W=5.0 accuracy=0.7695 prediction=0.7641 status=ok
cifar100/82/DANN/PCA128 dis2_reference W=nan accuracy=0.7695 prediction=0.6658 status=ok
cifar100/4/CDANN/logits iw_overlap_critic W=1.0 accuracy=0.7275 prediction=0.4814 status=ok
cifar100/4/CDANN/logits iw_residual_dis2 W=1.0 accuracy=0.7275 prediction=0.7546 status=ok
cifar100/4/CDANN/logits iw_overlap_critic W=2.0 accuracy=0.7275 prediction=0.7666 status=ok
cifar100/4/CDANN/logits iw_residual_dis2 W=2.0 accuracy=0.7275 prediction=0.7666 status=ok
cifar100/4/CDANN/logits iw_overlap_critic W=5.0 accuracy=0.7275 prediction=0.7666 status=ok
cifar100/4/CDANN/logits iw_residual_dis2 W=5.0 accuracy=0.7275 prediction=0.7666 status=ok
cifar100/4/CDANN/logits dis2_reference W=nan accuracy=0.7275 prediction=0.6650 status=ok
cifar100/4/CDANN/features iw_overlap_critic W=1.0 accuracy=0.7275 prediction=0.5654 status=ok
cifar100/4/CDANN/features iw_residual_dis2 W=1.0 accuracy=0.7275 prediction=0.7128 status=ok
cifar100/4/CDANN/features iw_overlap_critic W=2.0 accuracy=0.7275 prediction=0.7648 status=ok
cifar100/4/CDANN/features iw_residual_dis2 W=2.0 accuracy=0.7275 prediction=0.7796 status=ok
cifar100/4/CDANN/features iw_overlap_critic W=5.0 accuracy=0.7275 prediction=0.7868 status=ok
cifar100/4/CDANN/features iw_residual_dis2 W=5.0 accuracy=0.7275 prediction=0.7868 status=ok
cifar100/4/CDANN/features dis2_reference W=nan accuracy=0.7275 prediction=0.6650 status=ok
cifar100/4/CDANN/PCA1 iw_overlap_critic W=1.0 accuracy=0.7275 prediction=0.5088 status=ok
cifar100/4/CDANN/PCA1 iw_residual_dis2 W=1.0 accuracy=0.7275 prediction=0.7150 status=ok
cifar100/4/CDANN/PCA1 iw_overlap_critic W=2.0 accuracy=0.7275 prediction=0.6386 status=ok
cifar100/4/CDANN/PCA1 iw_residual_dis2 W=2.0 accuracy=0.7275 prediction=0.7381 status=ok
cifar100/4/CDANN/PCA1 iw_overlap_critic W=5.0 accuracy=0.7275 prediction=0.7788 status=ok
cifar100/4/CDANN/PCA1 iw_residual_dis2 W=5.0 accuracy=0.7275 prediction=0.7788 status=ok
cifar100/4/CDANN/PCA1 dis2_reference W=nan accuracy=0.7275 prediction=0.6974 status=ok
cifar100/4/CDANN/PCA4 iw_overlap_critic W=1.0 accuracy=0.7275 prediction=0.5291 status=ok
cifar100/4/CDANN/PCA4 iw_residual_dis2 W=1.0 accuracy=0.7275 prediction=0.7637 status=ok
cifar100/4/CDANN/PCA4 iw_overlap_critic W=2.0 accuracy=0.7275 prediction=0.7639 status=ok
cifar100/4/CDANN/PCA4 iw_residual_dis2 W=2.0 accuracy=0.7275 prediction=0.7639 status=ok
cifar100/4/CDANN/PCA4 iw_overlap_critic W=5.0 accuracy=0.7275 prediction=0.7639 status=ok
cifar100/4/CDANN/PCA4 iw_residual_dis2 W=5.0 accuracy=0.7275 prediction=0.7639 status=ok
cifar100/4/CDANN/PCA4 dis2_reference W=nan accuracy=0.7275 prediction=0.6730 status=ok
cifar100/4/CDANN/PCA16 iw_overlap_critic W=1.0 accuracy=0.7275 prediction=0.4459 status=ok
cifar100/4/CDANN/PCA16 iw_residual_dis2 W=1.0 accuracy=0.7275 prediction=0.7582 status=ok
cifar100/4/CDANN/PCA16 iw_overlap_critic W=2.0 accuracy=0.7275 prediction=0.7625 status=ok
cifar100/4/CDANN/PCA16 iw_residual_dis2 W=2.0 accuracy=0.7275 prediction=0.7625 status=ok
cifar100/4/CDANN/PCA16 iw_overlap_critic W=5.0 accuracy=0.7275 prediction=0.7625 status=ok
cifar100/4/CDANN/PCA16 iw_residual_dis2 W=5.0 accuracy=0.7275 prediction=0.7625 status=ok
cifar100/4/CDANN/PCA16 dis2_reference W=nan accuracy=0.7275 prediction=0.6898 status=ok
cifar100/4/CDANN/PCA32 iw_overlap_critic W=1.0 accuracy=0.7275 prediction=0.4319 status=ok
cifar100/4/CDANN/PCA32 iw_residual_dis2 W=1.0 accuracy=0.7275 prediction=0.7635 status=ok
cifar100/4/CDANN/PCA32 iw_overlap_critic W=2.0 accuracy=0.7275 prediction=0.7620 status=ok
cifar100/4/CDANN/PCA32 iw_residual_dis2 W=2.0 accuracy=0.7275 prediction=0.7620 status=ok
cifar100/4/CDANN/PCA32 iw_overlap_critic W=5.0 accuracy=0.7275 prediction=0.7620 status=ok
cifar100/4/CDANN/PCA32 iw_residual_dis2 W=5.0 accuracy=0.7275 prediction=0.7620 status=ok
cifar100/4/CDANN/PCA32 dis2_reference W=nan accuracy=0.7275 prediction=0.6710 status=ok
cifar100/4/CDANN/PCA64 iw_overlap_critic W=1.0 accuracy=0.7275 prediction=0.4122 status=ok
cifar100/4/CDANN/PCA64 iw_residual_dis2 W=1.0 accuracy=0.7275 prediction=0.7568 status=ok
cifar100/4/CDANN/PCA64 iw_overlap_critic W=2.0 accuracy=0.7275 prediction=0.7620 status=ok
cifar100/4/CDANN/PCA64 iw_residual_dis2 W=2.0 accuracy=0.7275 prediction=0.7620 status=ok
cifar100/4/CDANN/PCA64 iw_overlap_critic W=5.0 accuracy=0.7275 prediction=0.7620 status=ok
cifar100/4/CDANN/PCA64 iw_residual_dis2 W=5.0 accuracy=0.7275 prediction=0.7620 status=ok
cifar100/4/CDANN/PCA64 dis2_reference W=nan accuracy=0.7275 prediction=0.6714 status=ok
cifar100/4/CDANN/PCA128 iw_overlap_critic W=1.0 accuracy=0.7275 prediction=0.4130 status=ok
cifar100/4/CDANN/PCA128 iw_residual_dis2 W=1.0 accuracy=0.7275 prediction=0.7623 status=ok
cifar100/4/CDANN/PCA128 iw_overlap_critic W=2.0 accuracy=0.7275 prediction=0.7621 status=ok
cifar100/4/CDANN/PCA128 iw_residual_dis2 W=2.0 accuracy=0.7275 prediction=0.7621 status=ok
cifar100/4/CDANN/PCA128 iw_overlap_critic W=5.0 accuracy=0.7275 prediction=0.7621 status=ok
cifar100/4/CDANN/PCA128 iw_residual_dis2 W=5.0 accuracy=0.7275 prediction=0.7621 status=ok
cifar100/4/CDANN/PCA128 dis2_reference W=nan accuracy=0.7275 prediction=0.6866 status=ok
cifar100/12/CDANN/logits iw_overlap_critic W=1.0 accuracy=0.7480 prediction=0.5773 status=ok
cifar100/12/CDANN/logits iw_residual_dis2 W=1.0 accuracy=0.7480 prediction=0.7909 status=ok
cifar100/12/CDANN/logits iw_overlap_critic W=2.0 accuracy=0.7480 prediction=nan status=unsupported_critic_region
cifar100/12/CDANN/logits iw_residual_dis2 W=2.0 accuracy=0.7480 prediction=nan status=unsupported_critic_region
cifar100/12/CDANN/logits iw_overlap_critic W=5.0 accuracy=0.7480 prediction=0.7723 status=ok
cifar100/12/CDANN/logits iw_residual_dis2 W=5.0 accuracy=0.7480 prediction=0.7723 status=ok
cifar100/12/CDANN/logits dis2_reference W=nan accuracy=0.7480 prediction=0.6658 status=ok
cifar100/12/CDANN/features iw_overlap_critic W=1.0 accuracy=0.7480 prediction=0.5195 status=ok
/storage/homefs/tf24s166/IW_dis2/disagree_discrep_IW/src/lib/utils.py:43: FutureWarning: You are using `torch.load` with `weights_only=False` (the current default value), which uses the default pickle module implicitly. It is possible to construct malicious pickle data which will execute arbitrary code during unpickling (See https://github.com/pytorch/pytorch/blob/main/SECURITY.md#untrusted-models for more details). In a future release, the default value for `weights_only` will be flipped to `True`. This limits the functions that could be executed during unpickling. Arbitrary objects will no longer be allowed to be loaded via this mode unless they are explicitly allowlisted by the user via `torch.serialization.add_safe_globals`. We recommend you start setting `weights_only=True` for any use case where you don't have full control of the loaded file. Please open an issue on GitHub for any issues related to this experimental feature.
  lin.load_state_dict(torch.load(os.path.join(shift_dir, 'linear.pth'), map_location=device))
cifar100/12/CDANN/features iw_residual_dis2 W=1.0 accuracy=0.7480 prediction=0.7595 status=ok
cifar100/12/CDANN/features iw_overlap_critic W=2.0 accuracy=0.7480 prediction=0.7322 status=ok
cifar100/12/CDANN/features iw_residual_dis2 W=2.0 accuracy=0.7480 prediction=0.7979 status=ok
cifar100/12/CDANN/features iw_overlap_critic W=5.0 accuracy=0.7480 prediction=0.7917 status=ok
cifar100/12/CDANN/features iw_residual_dis2 W=5.0 accuracy=0.7480 prediction=0.7983 status=ok
cifar100/12/CDANN/features dis2_reference W=nan accuracy=0.7480 prediction=0.6582 status=ok
cifar100/12/CDANN/PCA1 iw_overlap_critic W=1.0 accuracy=0.7480 prediction=0.5957 status=ok
cifar100/12/CDANN/PCA1 iw_residual_dis2 W=1.0 accuracy=0.7480 prediction=0.7494 status=ok
cifar100/12/CDANN/PCA1 iw_overlap_critic W=2.0 accuracy=0.7480 prediction=0.7543 status=ok
cifar100/12/CDANN/PCA1 iw_residual_dis2 W=2.0 accuracy=0.7480 prediction=0.7615 status=ok
cifar100/12/CDANN/PCA1 iw_overlap_critic W=5.0 accuracy=0.7480 prediction=0.7856 status=ok
cifar100/12/CDANN/PCA1 iw_residual_dis2 W=5.0 accuracy=0.7480 prediction=0.7976 status=ok
cifar100/12/CDANN/PCA1 dis2_reference W=nan accuracy=0.7480 prediction=0.6494 status=ok
cifar100/12/CDANN/PCA4 iw_overlap_critic W=1.0 accuracy=0.7480 prediction=0.5650 status=ok
cifar100/12/CDANN/PCA4 iw_residual_dis2 W=1.0 accuracy=0.7480 prediction=0.7712 status=ok
cifar100/12/CDANN/PCA4 iw_overlap_critic W=2.0 accuracy=0.7480 prediction=nan status=unsupported_critic_region
cifar100/12/CDANN/PCA4 iw_residual_dis2 W=2.0 accuracy=0.7480 prediction=nan status=unsupported_critic_region
cifar100/12/CDANN/PCA4 iw_overlap_critic W=5.0 accuracy=0.7480 prediction=0.7706 status=ok
cifar100/12/CDANN/PCA4 iw_residual_dis2 W=5.0 accuracy=0.7480 prediction=0.7706 status=ok
cifar100/12/CDANN/PCA4 dis2_reference W=nan accuracy=0.7480 prediction=0.6554 status=ok
cifar100/12/CDANN/PCA16 iw_overlap_critic W=1.0 accuracy=0.7480 prediction=0.4656 status=ok
cifar100/12/CDANN/PCA16 iw_residual_dis2 W=1.0 accuracy=0.7480 prediction=0.7660 status=ok
cifar100/12/CDANN/PCA16 iw_overlap_critic W=2.0 accuracy=0.7480 prediction=0.7666 status=ok
cifar100/12/CDANN/PCA16 iw_residual_dis2 W=2.0 accuracy=0.7480 prediction=0.7666 status=ok
cifar100/12/CDANN/PCA16 iw_overlap_critic W=5.0 accuracy=0.7480 prediction=0.7666 status=ok
cifar100/12/CDANN/PCA16 iw_residual_dis2 W=5.0 accuracy=0.7480 prediction=0.7666 status=ok
cifar100/12/CDANN/PCA16 dis2_reference W=nan accuracy=0.7480 prediction=0.6966 status=ok
cifar100/12/CDANN/PCA32 iw_overlap_critic W=1.0 accuracy=0.7480 prediction=0.4311 status=ok
cifar100/12/CDANN/PCA32 iw_residual_dis2 W=1.0 accuracy=0.7480 prediction=0.7741 status=ok
cifar100/12/CDANN/PCA32 iw_overlap_critic W=2.0 accuracy=0.7480 prediction=0.7663 status=ok
cifar100/12/CDANN/PCA32 iw_residual_dis2 W=2.0 accuracy=0.7480 prediction=0.7663 status=ok
cifar100/12/CDANN/PCA32 iw_overlap_critic W=5.0 accuracy=0.7480 prediction=0.7663 status=ok
cifar100/12/CDANN/PCA32 iw_residual_dis2 W=5.0 accuracy=0.7480 prediction=0.7663 status=ok
cifar100/12/CDANN/PCA32 dis2_reference W=nan accuracy=0.7480 prediction=0.6690 status=ok
cifar100/12/CDANN/PCA64 iw_overlap_critic W=1.0 accuracy=0.7480 prediction=0.4166 status=ok
cifar100/12/CDANN/PCA64 iw_residual_dis2 W=1.0 accuracy=0.7480 prediction=0.7676 status=ok
cifar100/12/CDANN/PCA64 iw_overlap_critic W=2.0 accuracy=0.7480 prediction=0.7660 status=ok
cifar100/12/CDANN/PCA64 iw_residual_dis2 W=2.0 accuracy=0.7480 prediction=0.7660 status=ok
cifar100/12/CDANN/PCA64 iw_overlap_critic W=5.0 accuracy=0.7480 prediction=0.7660 status=ok
cifar100/12/CDANN/PCA64 iw_residual_dis2 W=5.0 accuracy=0.7480 prediction=0.7660 status=ok
cifar100/12/CDANN/PCA64 dis2_reference W=nan accuracy=0.7480 prediction=0.6622 status=ok
cifar100/12/CDANN/PCA128 iw_overlap_critic W=1.0 accuracy=0.7480 prediction=0.3973 status=ok
cifar100/12/CDANN/PCA128 iw_residual_dis2 W=1.0 accuracy=0.7480 prediction=0.7808 status=ok
cifar100/12/CDANN/PCA128 iw_overlap_critic W=2.0 accuracy=0.7480 prediction=0.7661 status=ok
cifar100/12/CDANN/PCA128 iw_residual_dis2 W=2.0 accuracy=0.7480 prediction=0.7661 status=ok
cifar100/12/CDANN/PCA128 iw_overlap_critic W=5.0 accuracy=0.7480 prediction=0.7661 status=ok
cifar100/12/CDANN/PCA128 iw_residual_dis2 W=5.0 accuracy=0.7480 prediction=0.7661 status=ok
cifar100/12/CDANN/PCA128 dis2_reference W=nan accuracy=0.7480 prediction=0.6670 status=ok
cifar100/59/CDANN/logits iw_overlap_critic W=1.0 accuracy=0.7580 prediction=0.5435 status=ok
cifar100/59/CDANN/logits iw_residual_dis2 W=1.0 accuracy=0.7580 prediction=0.7965 status=ok
cifar100/59/CDANN/logits iw_overlap_critic W=2.0 accuracy=0.7580 prediction=0.7722 status=ok
cifar100/59/CDANN/logits iw_residual_dis2 W=2.0 accuracy=0.7580 prediction=0.7748 status=ok
cifar100/59/CDANN/logits iw_overlap_critic W=5.0 accuracy=0.7580 prediction=0.7768 status=ok
cifar100/59/CDANN/logits iw_residual_dis2 W=5.0 accuracy=0.7580 prediction=0.7768 status=ok
cifar100/59/CDANN/logits dis2_reference W=nan accuracy=0.7580 prediction=0.6714 status=ok
cifar100/59/CDANN/features iw_overlap_critic W=1.0 accuracy=0.7580 prediction=0.6098 status=ok
cifar100/59/CDANN/features iw_residual_dis2 W=1.0 accuracy=0.7580 prediction=0.7754 status=ok
cifar100/59/CDANN/features iw_overlap_critic W=2.0 accuracy=0.7580 prediction=0.7424 status=ok
cifar100/59/CDANN/features iw_residual_dis2 W=2.0 accuracy=0.7580 prediction=0.7901 status=ok
cifar100/59/CDANN/features iw_overlap_critic W=5.0 accuracy=0.7580 prediction=0.7861 status=ok
cifar100/59/CDANN/features iw_residual_dis2 W=5.0 accuracy=0.7580 prediction=0.7892 status=ok
cifar100/59/CDANN/features dis2_reference W=nan accuracy=0.7580 prediction=0.6942 status=ok
cifar100/59/CDANN/PCA1 iw_overlap_critic W=1.0 accuracy=0.7580 prediction=0.6124 status=ok
cifar100/59/CDANN/PCA1 iw_residual_dis2 W=1.0 accuracy=0.7580 prediction=0.7564 status=ok
cifar100/59/CDANN/PCA1 iw_overlap_critic W=2.0 accuracy=0.7580 prediction=0.6934 status=ok
cifar100/59/CDANN/PCA1 iw_residual_dis2 W=2.0 accuracy=0.7580 prediction=0.7721 status=ok
cifar100/59/CDANN/PCA1 iw_overlap_critic W=5.0 accuracy=0.7580 prediction=0.7657 status=ok
cifar100/59/CDANN/PCA1 iw_residual_dis2 W=5.0 accuracy=0.7580 prediction=0.7828 status=ok
cifar100/59/CDANN/PCA1 dis2_reference W=nan accuracy=0.7580 prediction=0.6682 status=ok
cifar100/59/CDANN/PCA4 iw_overlap_critic W=1.0 accuracy=0.7580 prediction=0.5334 status=ok
cifar100/59/CDANN/PCA4 iw_residual_dis2 W=1.0 accuracy=0.7580 prediction=0.7711 status=ok
cifar100/59/CDANN/PCA4 iw_overlap_critic W=2.0 accuracy=0.7580 prediction=0.7726 status=ok
cifar100/59/CDANN/PCA4 iw_residual_dis2 W=2.0 accuracy=0.7580 prediction=0.7731 status=ok
cifar100/59/CDANN/PCA4 iw_overlap_critic W=5.0 accuracy=0.7580 prediction=0.7746 status=ok
cifar100/59/CDANN/PCA4 iw_residual_dis2 W=5.0 accuracy=0.7580 prediction=0.7746 status=ok
cifar100/59/CDANN/PCA4 dis2_reference W=nan accuracy=0.7580 prediction=0.6910 status=ok
cifar100/59/CDANN/PCA16 iw_overlap_critic W=1.0 accuracy=0.7580 prediction=0.4999 status=ok
cifar100/59/CDANN/PCA16 iw_residual_dis2 W=1.0 accuracy=0.7580 prediction=0.7698 status=ok
cifar100/59/CDANN/PCA16 iw_overlap_critic W=2.0 accuracy=0.7580 prediction=0.7679 status=ok
cifar100/59/CDANN/PCA16 iw_residual_dis2 W=2.0 accuracy=0.7580 prediction=0.7679 status=ok
cifar100/59/CDANN/PCA16 iw_overlap_critic W=5.0 accuracy=0.7580 prediction=0.7679 status=ok
cifar100/59/CDANN/PCA16 iw_residual_dis2 W=5.0 accuracy=0.7580 prediction=0.7679 status=ok
cifar100/59/CDANN/PCA16 dis2_reference W=nan accuracy=0.7580 prediction=0.6926 status=ok
cifar100/59/CDANN/PCA32 iw_overlap_critic W=1.0 accuracy=0.7580 prediction=0.4283 status=ok
cifar100/59/CDANN/PCA32 iw_residual_dis2 W=1.0 accuracy=0.7580 prediction=0.7774 status=ok
cifar100/59/CDANN/PCA32 iw_overlap_critic W=2.0 accuracy=0.7580 prediction=0.7674 status=ok
cifar100/59/CDANN/PCA32 iw_residual_dis2 W=2.0 accuracy=0.7580 prediction=0.7674 status=ok
cifar100/59/CDANN/PCA32 iw_overlap_critic W=5.0 accuracy=0.7580 prediction=0.7674 status=ok
cifar100/59/CDANN/PCA32 iw_residual_dis2 W=5.0 accuracy=0.7580 prediction=0.7674 status=ok
/storage/homefs/tf24s166/IW_dis2/disagree_discrep_IW/src/lib/utils.py:43: FutureWarning: You are using `torch.load` with `weights_only=False` (the current default value), which uses the default pickle module implicitly. It is possible to construct malicious pickle data which will execute arbitrary code during unpickling (See https://github.com/pytorch/pytorch/blob/main/SECURITY.md#untrusted-models for more details). In a future release, the default value for `weights_only` will be flipped to `True`. This limits the functions that could be executed during unpickling. Arbitrary objects will no longer be allowed to be loaded via this mode unless they are explicitly allowlisted by the user via `torch.serialization.add_safe_globals`. We recommend you start setting `weights_only=True` for any use case where you don't have full control of the loaded file. Please open an issue on GitHub for any issues related to this experimental feature.
  lin.load_state_dict(torch.load(os.path.join(shift_dir, 'linear.pth'), map_location=device))
/storage/homefs/tf24s166/IW_dis2/disagree_discrep_IW/src/lib/utils.py:43: FutureWarning: You are using `torch.load` with `weights_only=False` (the current default value), which uses the default pickle module implicitly. It is possible to construct malicious pickle data which will execute arbitrary code during unpickling (See https://github.com/pytorch/pytorch/blob/main/SECURITY.md#untrusted-models for more details). In a future release, the default value for `weights_only` will be flipped to `True`. This limits the functions that could be executed during unpickling. Arbitrary objects will no longer be allowed to be loaded via this mode unless they are explicitly allowlisted by the user via `torch.serialization.add_safe_globals`. We recommend you start setting `weights_only=True` for any use case where you don't have full control of the loaded file. Please open an issue on GitHub for any issues related to this experimental feature.
  lin.load_state_dict(torch.load(os.path.join(shift_dir, 'linear.pth'), map_location=device))
cifar100/59/CDANN/PCA32 dis2_reference W=nan accuracy=0.7580 prediction=0.6830 status=ok
cifar100/59/CDANN/PCA64 iw_overlap_critic W=1.0 accuracy=0.7580 prediction=0.4079 status=ok
cifar100/59/CDANN/PCA64 iw_residual_dis2 W=1.0 accuracy=0.7580 prediction=0.7617 status=ok
cifar100/59/CDANN/PCA64 iw_overlap_critic W=2.0 accuracy=0.7580 prediction=0.7664 status=ok
cifar100/59/CDANN/PCA64 iw_residual_dis2 W=2.0 accuracy=0.7580 prediction=0.7664 status=ok
cifar100/59/CDANN/PCA64 iw_overlap_critic W=5.0 accuracy=0.7580 prediction=0.7664 status=ok
cifar100/59/CDANN/PCA64 iw_residual_dis2 W=5.0 accuracy=0.7580 prediction=0.7664 status=ok
cifar100/59/CDANN/PCA64 dis2_reference W=nan accuracy=0.7580 prediction=0.6682 status=ok
cifar100/59/CDANN/PCA128 iw_overlap_critic W=1.0 accuracy=0.7580 prediction=0.4153 status=ok
cifar100/59/CDANN/PCA128 iw_residual_dis2 W=1.0 accuracy=0.7580 prediction=0.7672 status=ok
cifar100/59/CDANN/PCA128 iw_overlap_critic W=2.0 accuracy=0.7580 prediction=0.7665 status=ok
cifar100/59/CDANN/PCA128 iw_residual_dis2 W=2.0 accuracy=0.7580 prediction=0.7665 status=ok
cifar100/59/CDANN/PCA128 iw_overlap_critic W=5.0 accuracy=0.7580 prediction=0.7665 status=ok
cifar100/59/CDANN/PCA128 iw_residual_dis2 W=5.0 accuracy=0.7580 prediction=0.7665 status=ok
cifar100/59/CDANN/PCA128 dis2_reference W=nan accuracy=0.7580 prediction=0.6710 status=ok
cifar100/82/CDANN/logits iw_overlap_critic W=1.0 accuracy=0.7635 prediction=0.5129 status=ok
cifar100/82/CDANN/logits iw_residual_dis2 W=1.0 accuracy=0.7635 prediction=0.7589 status=ok
cifar100/82/CDANN/logits iw_overlap_critic W=2.0 accuracy=0.7635 prediction=0.7702 status=ok
cifar100/82/CDANN/logits iw_residual_dis2 W=2.0 accuracy=0.7635 prediction=0.7702 status=ok
cifar100/82/CDANN/logits iw_overlap_critic W=5.0 accuracy=0.7635 prediction=0.7702 status=ok
cifar100/82/CDANN/logits iw_residual_dis2 W=5.0 accuracy=0.7635 prediction=0.7702 status=ok
cifar100/82/CDANN/logits dis2_reference W=nan accuracy=0.7635 prediction=0.6934 status=ok
cifar100/82/CDANN/features iw_overlap_critic W=1.0 accuracy=0.7635 prediction=0.6043 status=ok
cifar100/82/CDANN/features iw_residual_dis2 W=1.0 accuracy=0.7635 prediction=0.7735 status=ok
cifar100/82/CDANN/features iw_overlap_critic W=2.0 accuracy=0.7635 prediction=0.7778 status=ok
cifar100/82/CDANN/features iw_residual_dis2 W=2.0 accuracy=0.7635 prediction=0.7908 status=ok
cifar100/82/CDANN/features iw_overlap_critic W=5.0 accuracy=0.7635 prediction=0.7888 status=ok
cifar100/82/CDANN/features iw_residual_dis2 W=5.0 accuracy=0.7635 prediction=0.7888 status=ok
cifar100/82/CDANN/features dis2_reference W=nan accuracy=0.7635 prediction=0.7186 status=ok
cifar100/82/CDANN/PCA1 iw_overlap_critic W=1.0 accuracy=0.7635 prediction=0.6294 status=ok
cifar100/82/CDANN/PCA1 iw_residual_dis2 W=1.0 accuracy=0.7635 prediction=0.7954 status=ok
cifar100/82/CDANN/PCA1 iw_overlap_critic W=2.0 accuracy=0.7635 prediction=0.7325 status=ok
cifar100/82/CDANN/PCA1 iw_residual_dis2 W=2.0 accuracy=0.7635 prediction=0.7853 status=ok
cifar100/82/CDANN/PCA1 iw_overlap_critic W=5.0 accuracy=0.7635 prediction=0.7924 status=ok
cifar100/82/CDANN/PCA1 iw_residual_dis2 W=5.0 accuracy=0.7635 prediction=nan status=unsupported_critic_region
cifar100/82/CDANN/PCA1 dis2_reference W=nan accuracy=0.7635 prediction=0.6798 status=ok
cifar100/82/CDANN/PCA4 iw_overlap_critic W=1.0 accuracy=0.7635 prediction=0.5574 status=ok
cifar100/82/CDANN/PCA4 iw_residual_dis2 W=1.0 accuracy=0.7635 prediction=0.7311 status=ok
cifar100/82/CDANN/PCA4 iw_overlap_critic W=2.0 accuracy=0.7635 prediction=0.7685 status=ok
cifar100/82/CDANN/PCA4 iw_residual_dis2 W=2.0 accuracy=0.7635 prediction=0.7685 status=ok
cifar100/82/CDANN/PCA4 iw_overlap_critic W=5.0 accuracy=0.7635 prediction=0.7685 status=ok
cifar100/82/CDANN/PCA4 iw_residual_dis2 W=5.0 accuracy=0.7635 prediction=0.7685 status=ok
cifar100/82/CDANN/PCA4 dis2_reference W=nan accuracy=0.7635 prediction=0.7086 status=ok
cifar100/82/CDANN/PCA16 iw_overlap_critic W=1.0 accuracy=0.7635 prediction=0.4599 status=ok
cifar100/82/CDANN/PCA16 iw_residual_dis2 W=1.0 accuracy=0.7635 prediction=0.7852 status=ok
cifar100/82/CDANN/PCA16 iw_overlap_critic W=2.0 accuracy=0.7635 prediction=0.7658 status=ok
cifar100/82/CDANN/PCA16 iw_residual_dis2 W=2.0 accuracy=0.7635 prediction=0.7658 status=ok
cifar100/82/CDANN/PCA16 iw_overlap_critic W=5.0 accuracy=0.7635 prediction=0.7658 status=ok
cifar100/82/CDANN/PCA16 iw_residual_dis2 W=5.0 accuracy=0.7635 prediction=0.7658 status=ok
cifar100/82/CDANN/PCA16 dis2_reference W=nan accuracy=0.7635 prediction=0.6926 status=ok
cifar100/82/CDANN/PCA32 iw_overlap_critic W=1.0 accuracy=0.7635 prediction=0.3923 status=ok
cifar100/82/CDANN/PCA32 iw_residual_dis2 W=1.0 accuracy=0.7635 prediction=0.7607 status=ok
cifar100/82/CDANN/PCA32 iw_overlap_critic W=2.0 accuracy=0.7635 prediction=0.7653 status=ok
cifar100/82/CDANN/PCA32 iw_residual_dis2 W=2.0 accuracy=0.7635 prediction=0.7653 status=ok
cifar100/82/CDANN/PCA32 iw_overlap_critic W=5.0 accuracy=0.7635 prediction=0.7653 status=ok
cifar100/82/CDANN/PCA32 iw_residual_dis2 W=5.0 accuracy=0.7635 prediction=0.7653 status=ok
cifar100/82/CDANN/PCA32 dis2_reference W=nan accuracy=0.7635 prediction=0.6754 status=ok
cifar100/82/CDANN/PCA64 iw_overlap_critic W=1.0 accuracy=0.7635 prediction=0.4142 status=ok
cifar100/82/CDANN/PCA64 iw_residual_dis2 W=1.0 accuracy=0.7635 prediction=0.7674 status=ok
cifar100/82/CDANN/PCA64 iw_overlap_critic W=2.0 accuracy=0.7635 prediction=0.7653 status=ok
cifar100/82/CDANN/PCA64 iw_residual_dis2 W=2.0 accuracy=0.7635 prediction=0.7653 status=ok
cifar100/82/CDANN/PCA64 iw_overlap_critic W=5.0 accuracy=0.7635 prediction=0.7653 status=ok
cifar100/82/CDANN/PCA64 iw_residual_dis2 W=5.0 accuracy=0.7635 prediction=0.7653 status=ok
cifar100/82/CDANN/PCA64 dis2_reference W=nan accuracy=0.7635 prediction=0.6638 status=ok
cifar100/82/CDANN/PCA128 iw_overlap_critic W=1.0 accuracy=0.7635 prediction=0.3558 status=ok
cifar100/82/CDANN/PCA128 iw_residual_dis2 W=1.0 accuracy=0.7635 prediction=0.7634 status=ok
cifar100/82/CDANN/PCA128 iw_overlap_critic W=2.0 accuracy=0.7635 prediction=0.7653 status=ok
cifar100/82/CDANN/PCA128 iw_residual_dis2 W=2.0 accuracy=0.7635 prediction=0.7653 status=ok
cifar100/82/CDANN/PCA128 iw_overlap_critic W=5.0 accuracy=0.7635 prediction=0.7653 status=ok
cifar100/82/CDANN/PCA128 iw_residual_dis2 W=5.0 accuracy=0.7635 prediction=0.7653 status=ok
cifar100/82/CDANN/PCA128 dis2_reference W=nan accuracy=0.7635 prediction=0.6746 status=ok
cifar100/4/FixMatch/logits iw_overlap_critic W=1.0 accuracy=0.7710 prediction=0.4623 status=ok
cifar100/4/FixMatch/logits iw_residual_dis2 W=1.0 accuracy=0.7710 prediction=0.7733 status=ok
cifar100/4/FixMatch/logits iw_overlap_critic W=2.0 accuracy=0.7710 prediction=0.6879 status=ok
cifar100/4/FixMatch/logits iw_residual_dis2 W=2.0 accuracy=0.7710 prediction=0.7673 status=ok
cifar100/4/FixMatch/logits iw_overlap_critic W=5.0 accuracy=0.7710 prediction=0.8105 status=ok
cifar100/4/FixMatch/logits iw_residual_dis2 W=5.0 accuracy=0.7710 prediction=0.8125 status=ok
cifar100/4/FixMatch/logits dis2_reference W=nan accuracy=0.7710 prediction=0.7054 status=ok
cifar100/4/FixMatch/features iw_overlap_critic W=1.0 accuracy=0.7710 prediction=0.6026 status=ok
cifar100/4/FixMatch/features iw_residual_dis2 W=1.0 accuracy=0.7710 prediction=0.7526 status=ok
cifar100/4/FixMatch/features iw_overlap_critic W=2.0 accuracy=0.7710 prediction=0.7229 status=ok
cifar100/4/FixMatch/features iw_residual_dis2 W=2.0 accuracy=0.7710 prediction=0.7718 status=ok
cifar100/4/FixMatch/features iw_overlap_critic W=5.0 accuracy=0.7710 prediction=0.7178 status=ok
cifar100/4/FixMatch/features iw_residual_dis2 W=5.0 accuracy=0.7710 prediction=0.7813 status=ok
cifar100/4/FixMatch/features dis2_reference W=nan accuracy=0.7710 prediction=0.7142 status=ok
cifar100/4/FixMatch/PCA1 iw_overlap_critic W=1.0 accuracy=0.7710 prediction=0.5113 status=ok
cifar100/4/FixMatch/PCA1 iw_residual_dis2 W=1.0 accuracy=0.7710 prediction=0.7557 status=ok
cifar100/4/FixMatch/PCA1 iw_overlap_critic W=2.0 accuracy=0.7710 prediction=0.7478 status=ok
/storage/homefs/tf24s166/IW_dis2/disagree_discrep_IW/src/lib/utils.py:43: FutureWarning: You are using `torch.load` with `weights_only=False` (the current default value), which uses the default pickle module implicitly. It is possible to construct malicious pickle data which will execute arbitrary code during unpickling (See https://github.com/pytorch/pytorch/blob/main/SECURITY.md#untrusted-models for more details). In a future release, the default value for `weights_only` will be flipped to `True`. This limits the functions that could be executed during unpickling. Arbitrary objects will no longer be allowed to be loaded via this mode unless they are explicitly allowlisted by the user via `torch.serialization.add_safe_globals`. We recommend you start setting `weights_only=True` for any use case where you don't have full control of the loaded file. Please open an issue on GitHub for any issues related to this experimental feature.
  lin.load_state_dict(torch.load(os.path.join(shift_dir, 'linear.pth'), map_location=device))
cifar100/4/FixMatch/PCA1 iw_residual_dis2 W=2.0 accuracy=0.7710 prediction=0.7661 status=ok
cifar100/4/FixMatch/PCA1 iw_overlap_critic W=5.0 accuracy=0.7710 prediction=0.6880 status=ok
cifar100/4/FixMatch/PCA1 iw_residual_dis2 W=5.0 accuracy=0.7710 prediction=0.7829 status=ok
cifar100/4/FixMatch/PCA1 dis2_reference W=nan accuracy=0.7710 prediction=0.6934 status=ok
cifar100/4/FixMatch/PCA4 iw_overlap_critic W=1.0 accuracy=0.7710 prediction=0.5895 status=ok
cifar100/4/FixMatch/PCA4 iw_residual_dis2 W=1.0 accuracy=0.7710 prediction=0.7861 status=ok
cifar100/4/FixMatch/PCA4 iw_overlap_critic W=2.0 accuracy=0.7710 prediction=0.7000 status=ok
cifar100/4/FixMatch/PCA4 iw_residual_dis2 W=2.0 accuracy=0.7710 prediction=0.7683 status=ok
cifar100/4/FixMatch/PCA4 iw_overlap_critic W=5.0 accuracy=0.7710 prediction=0.8000 status=ok
cifar100/4/FixMatch/PCA4 iw_residual_dis2 W=5.0 accuracy=0.7710 prediction=0.8050 status=ok
cifar100/4/FixMatch/PCA4 dis2_reference W=nan accuracy=0.7710 prediction=0.7118 status=ok
cifar100/4/FixMatch/PCA16 iw_overlap_critic W=1.0 accuracy=0.7710 prediction=0.4590 status=ok
cifar100/4/FixMatch/PCA16 iw_residual_dis2 W=1.0 accuracy=0.7710 prediction=0.7927 status=ok
cifar100/4/FixMatch/PCA16 iw_overlap_critic W=2.0 accuracy=0.7710 prediction=0.7991 status=ok
cifar100/4/FixMatch/PCA16 iw_residual_dis2 W=2.0 accuracy=0.7710 prediction=0.7991 status=ok
cifar100/4/FixMatch/PCA16 iw_overlap_critic W=5.0 accuracy=0.7710 prediction=0.7991 status=ok
cifar100/4/FixMatch/PCA16 iw_residual_dis2 W=5.0 accuracy=0.7710 prediction=0.7991 status=ok
cifar100/4/FixMatch/PCA16 dis2_reference W=nan accuracy=0.7710 prediction=0.7082 status=ok
cifar100/4/FixMatch/PCA32 iw_overlap_critic W=1.0 accuracy=0.7710 prediction=0.4489 status=ok
cifar100/4/FixMatch/PCA32 iw_residual_dis2 W=1.0 accuracy=0.7710 prediction=0.7881 status=ok
cifar100/4/FixMatch/PCA32 iw_overlap_critic W=2.0 accuracy=0.7710 prediction=0.7967 status=ok
cifar100/4/FixMatch/PCA32 iw_residual_dis2 W=2.0 accuracy=0.7710 prediction=0.7967 status=ok
cifar100/4/FixMatch/PCA32 iw_overlap_critic W=5.0 accuracy=0.7710 prediction=0.7967 status=ok
cifar100/4/FixMatch/PCA32 iw_residual_dis2 W=5.0 accuracy=0.7710 prediction=0.7967 status=ok
cifar100/4/FixMatch/PCA32 dis2_reference W=nan accuracy=0.7710 prediction=0.7090 status=ok
cifar100/4/FixMatch/PCA64 iw_overlap_critic W=1.0 accuracy=0.7710 prediction=0.4233 status=ok
cifar100/4/FixMatch/PCA64 iw_residual_dis2 W=1.0 accuracy=0.7710 prediction=0.7862 status=ok
cifar100/4/FixMatch/PCA64 iw_overlap_critic W=2.0 accuracy=0.7710 prediction=0.7934 status=ok
cifar100/4/FixMatch/PCA64 iw_residual_dis2 W=2.0 accuracy=0.7710 prediction=0.7934 status=ok
cifar100/4/FixMatch/PCA64 iw_overlap_critic W=5.0 accuracy=0.7710 prediction=0.7934 status=ok
cifar100/4/FixMatch/PCA64 iw_residual_dis2 W=5.0 accuracy=0.7710 prediction=0.7934 status=ok
cifar100/4/FixMatch/PCA64 dis2_reference W=nan accuracy=0.7710 prediction=0.7026 status=ok
cifar100/4/FixMatch/PCA128 iw_overlap_critic W=1.0 accuracy=0.7710 prediction=0.4020 status=ok
cifar100/4/FixMatch/PCA128 iw_residual_dis2 W=1.0 accuracy=0.7710 prediction=0.7981 status=ok
cifar100/4/FixMatch/PCA128 iw_overlap_critic W=2.0 accuracy=0.7710 prediction=0.7947 status=ok
cifar100/4/FixMatch/PCA128 iw_residual_dis2 W=2.0 accuracy=0.7710 prediction=0.7947 status=ok
cifar100/4/FixMatch/PCA128 iw_overlap_critic W=5.0 accuracy=0.7710 prediction=0.7947 status=ok
cifar100/4/FixMatch/PCA128 iw_residual_dis2 W=5.0 accuracy=0.7710 prediction=0.7947 status=ok
cifar100/4/FixMatch/PCA128 dis2_reference W=nan accuracy=0.7710 prediction=0.7038 status=ok
cifar100/12/FixMatch/logits iw_overlap_critic W=1.0 accuracy=0.7780 prediction=0.4483 status=ok
cifar100/12/FixMatch/logits iw_residual_dis2 W=1.0 accuracy=0.7780 prediction=0.7296 status=ok
cifar100/12/FixMatch/logits iw_overlap_critic W=2.0 accuracy=0.7780 prediction=0.6462 status=ok
cifar100/12/FixMatch/logits iw_residual_dis2 W=2.0 accuracy=0.7780 prediction=0.7632 status=ok
cifar100/12/FixMatch/logits iw_overlap_critic W=5.0 accuracy=0.7780 prediction=0.7933 status=ok
cifar100/12/FixMatch/logits iw_residual_dis2 W=5.0 accuracy=0.7780 prediction=0.8237 status=ok
cifar100/12/FixMatch/logits dis2_reference W=nan accuracy=0.7780 prediction=0.6822 status=ok
cifar100/12/FixMatch/features iw_overlap_critic W=1.0 accuracy=0.7780 prediction=0.5653 status=ok
cifar100/12/FixMatch/features iw_residual_dis2 W=1.0 accuracy=0.7780 prediction=0.7524 status=ok
cifar100/12/FixMatch/features iw_overlap_critic W=2.0 accuracy=0.7780 prediction=0.6602 status=ok
cifar100/12/FixMatch/features iw_residual_dis2 W=2.0 accuracy=0.7780 prediction=0.7872 status=ok
cifar100/12/FixMatch/features iw_overlap_critic W=5.0 accuracy=0.7780 prediction=0.7644 status=ok
cifar100/12/FixMatch/features iw_residual_dis2 W=5.0 accuracy=0.7780 prediction=0.7779 status=ok
cifar100/12/FixMatch/features dis2_reference W=nan accuracy=0.7780 prediction=0.6574 status=ok
cifar100/12/FixMatch/PCA1 iw_overlap_critic W=1.0 accuracy=0.7780 prediction=0.5652 status=ok
cifar100/12/FixMatch/PCA1 iw_residual_dis2 W=1.0 accuracy=0.7780 prediction=0.7767 status=ok
cifar100/12/FixMatch/PCA1 iw_overlap_critic W=2.0 accuracy=0.7780 prediction=0.6752 status=ok
cifar100/12/FixMatch/PCA1 iw_residual_dis2 W=2.0 accuracy=0.7780 prediction=0.7537 status=ok
cifar100/12/FixMatch/PCA1 iw_overlap_critic W=5.0 accuracy=0.7780 prediction=0.7282 status=ok
cifar100/12/FixMatch/PCA1 iw_residual_dis2 W=5.0 accuracy=0.7780 prediction=0.7772 status=ok
cifar100/12/FixMatch/PCA1 dis2_reference W=nan accuracy=0.7780 prediction=0.6794 status=ok
cifar100/12/FixMatch/PCA4 iw_overlap_critic W=1.0 accuracy=0.7780 prediction=0.5272 status=ok
cifar100/12/FixMatch/PCA4 iw_residual_dis2 W=1.0 accuracy=0.7780 prediction=0.7478 status=ok
cifar100/12/FixMatch/PCA4 iw_overlap_critic W=2.0 accuracy=0.7780 prediction=0.6671 status=ok
cifar100/12/FixMatch/PCA4 iw_residual_dis2 W=2.0 accuracy=0.7780 prediction=0.7705 status=ok
cifar100/12/FixMatch/PCA4 iw_overlap_critic W=5.0 accuracy=0.7780 prediction=0.7791 status=ok
cifar100/12/FixMatch/PCA4 iw_residual_dis2 W=5.0 accuracy=0.7780 prediction=0.8051 status=ok
cifar100/12/FixMatch/PCA4 dis2_reference W=nan accuracy=0.7780 prediction=0.7018 status=ok
cifar100/12/FixMatch/PCA16 iw_overlap_critic W=1.0 accuracy=0.7780 prediction=0.4770 status=ok
cifar100/12/FixMatch/PCA16 iw_residual_dis2 W=1.0 accuracy=0.7780 prediction=0.7605 status=ok
cifar100/12/FixMatch/PCA16 iw_overlap_critic W=2.0 accuracy=0.7780 prediction=0.7871 status=ok
cifar100/12/FixMatch/PCA16 iw_residual_dis2 W=2.0 accuracy=0.7780 prediction=0.7871 status=ok
cifar100/12/FixMatch/PCA16 iw_overlap_critic W=5.0 accuracy=0.7780 prediction=0.7871 status=ok
cifar100/12/FixMatch/PCA16 iw_residual_dis2 W=5.0 accuracy=0.7780 prediction=0.7871 status=ok
cifar100/12/FixMatch/PCA16 dis2_reference W=nan accuracy=0.7780 prediction=0.6934 status=ok
cifar100/12/FixMatch/PCA32 iw_overlap_critic W=1.0 accuracy=0.7780 prediction=0.3976 status=ok
cifar100/12/FixMatch/PCA32 iw_residual_dis2 W=1.0 accuracy=0.7780 prediction=0.7776 status=ok
cifar100/12/FixMatch/PCA32 iw_overlap_critic W=2.0 accuracy=0.7780 prediction=0.7838 status=ok
cifar100/12/FixMatch/PCA32 iw_residual_dis2 W=2.0 accuracy=0.7780 prediction=0.7838 status=ok
cifar100/12/FixMatch/PCA32 iw_overlap_critic W=5.0 accuracy=0.7780 prediction=0.7838 status=ok
cifar100/12/FixMatch/PCA32 iw_residual_dis2 W=5.0 accuracy=0.7780 prediction=0.7838 status=ok
cifar100/12/FixMatch/PCA32 dis2_reference W=nan accuracy=0.7780 prediction=0.6882 status=ok
cifar100/12/FixMatch/PCA64 iw_overlap_critic W=1.0 accuracy=0.7780 prediction=0.3866 status=ok
cifar100/12/FixMatch/PCA64 iw_residual_dis2 W=1.0 accuracy=0.7780 prediction=0.7797 status=ok
cifar100/12/FixMatch/PCA64 iw_overlap_critic W=2.0 accuracy=0.7780 prediction=0.7842 status=ok
cifar100/12/FixMatch/PCA64 iw_residual_dis2 W=2.0 accuracy=0.7780 prediction=0.7842 status=ok
cifar100/12/FixMatch/PCA64 iw_overlap_critic W=5.0 accuracy=0.7780 prediction=0.7842 status=ok
cifar100/12/FixMatch/PCA64 iw_residual_dis2 W=5.0 accuracy=0.7780 prediction=0.7842 status=ok
/storage/homefs/tf24s166/IW_dis2/disagree_discrep_IW/src/lib/utils.py:43: FutureWarning: You are using `torch.load` with `weights_only=False` (the current default value), which uses the default pickle module implicitly. It is possible to construct malicious pickle data which will execute arbitrary code during unpickling (See https://github.com/pytorch/pytorch/blob/main/SECURITY.md#untrusted-models for more details). In a future release, the default value for `weights_only` will be flipped to `True`. This limits the functions that could be executed during unpickling. Arbitrary objects will no longer be allowed to be loaded via this mode unless they are explicitly allowlisted by the user via `torch.serialization.add_safe_globals`. We recommend you start setting `weights_only=True` for any use case where you don't have full control of the loaded file. Please open an issue on GitHub for any issues related to this experimental feature.
  lin.load_state_dict(torch.load(os.path.join(shift_dir, 'linear.pth'), map_location=device))
/storage/homefs/tf24s166/IW_dis2/disagree_discrep_IW/src/lib/utils.py:43: FutureWarning: You are using `torch.load` with `weights_only=False` (the current default value), which uses the default pickle module implicitly. It is possible to construct malicious pickle data which will execute arbitrary code during unpickling (See https://github.com/pytorch/pytorch/blob/main/SECURITY.md#untrusted-models for more details). In a future release, the default value for `weights_only` will be flipped to `True`. This limits the functions that could be executed during unpickling. Arbitrary objects will no longer be allowed to be loaded via this mode unless they are explicitly allowlisted by the user via `torch.serialization.add_safe_globals`. We recommend you start setting `weights_only=True` for any use case where you don't have full control of the loaded file. Please open an issue on GitHub for any issues related to this experimental feature.
  lin.load_state_dict(torch.load(os.path.join(shift_dir, 'linear.pth'), map_location=device))
cifar100/12/FixMatch/PCA64 dis2_reference W=nan accuracy=0.7780 prediction=0.7010 status=ok
cifar100/12/FixMatch/PCA128 iw_overlap_critic W=1.0 accuracy=0.7780 prediction=0.4096 status=ok
cifar100/12/FixMatch/PCA128 iw_residual_dis2 W=1.0 accuracy=0.7780 prediction=0.7858 status=ok
cifar100/12/FixMatch/PCA128 iw_overlap_critic W=2.0 accuracy=0.7780 prediction=0.7822 status=ok
cifar100/12/FixMatch/PCA128 iw_residual_dis2 W=2.0 accuracy=0.7780 prediction=0.7822 status=ok
cifar100/12/FixMatch/PCA128 iw_overlap_critic W=5.0 accuracy=0.7780 prediction=0.7822 status=ok
cifar100/12/FixMatch/PCA128 iw_residual_dis2 W=5.0 accuracy=0.7780 prediction=0.7822 status=ok
cifar100/12/FixMatch/PCA128 dis2_reference W=nan accuracy=0.7780 prediction=0.6950 status=ok
cifar100/59/FixMatch/logits iw_overlap_critic W=1.0 accuracy=0.7945 prediction=0.4944 status=ok
cifar100/59/FixMatch/logits iw_residual_dis2 W=1.0 accuracy=0.7945 prediction=0.7880 status=ok
cifar100/59/FixMatch/logits iw_overlap_critic W=2.0 accuracy=0.7945 prediction=0.7755 status=ok
cifar100/59/FixMatch/logits iw_residual_dis2 W=2.0 accuracy=0.7945 prediction=0.7971 status=ok
cifar100/59/FixMatch/logits iw_overlap_critic W=5.0 accuracy=0.7945 prediction=0.8060 status=ok
cifar100/59/FixMatch/logits iw_residual_dis2 W=5.0 accuracy=0.7945 prediction=0.8060 status=ok
cifar100/59/FixMatch/logits dis2_reference W=nan accuracy=0.7945 prediction=0.6970 status=ok
cifar100/59/FixMatch/features iw_overlap_critic W=1.0 accuracy=0.7945 prediction=0.5271 status=ok
cifar100/59/FixMatch/features iw_residual_dis2 W=1.0 accuracy=0.7945 prediction=0.8195 status=ok
cifar100/59/FixMatch/features iw_overlap_critic W=2.0 accuracy=0.7945 prediction=0.7145 status=ok
cifar100/59/FixMatch/features iw_residual_dis2 W=2.0 accuracy=0.7945 prediction=0.8145 status=ok
cifar100/59/FixMatch/features iw_overlap_critic W=5.0 accuracy=0.7945 prediction=0.7974 status=ok
cifar100/59/FixMatch/features iw_residual_dis2 W=5.0 accuracy=0.7945 prediction=0.8100 status=ok
cifar100/59/FixMatch/features dis2_reference W=nan accuracy=0.7945 prediction=0.7218 status=ok
cifar100/59/FixMatch/PCA1 iw_overlap_critic W=1.0 accuracy=0.7945 prediction=0.4444 status=ok
cifar100/59/FixMatch/PCA1 iw_residual_dis2 W=1.0 accuracy=0.7945 prediction=0.8155 status=ok
cifar100/59/FixMatch/PCA1 iw_overlap_critic W=2.0 accuracy=0.7945 prediction=0.7640 status=ok
cifar100/59/FixMatch/PCA1 iw_residual_dis2 W=2.0 accuracy=0.7945 prediction=0.8098 status=ok
cifar100/59/FixMatch/PCA1 iw_overlap_critic W=5.0 accuracy=0.7945 prediction=0.7900 status=ok
cifar100/59/FixMatch/PCA1 iw_residual_dis2 W=5.0 accuracy=0.7945 prediction=0.8014 status=ok
cifar100/59/FixMatch/PCA1 dis2_reference W=nan accuracy=0.7945 prediction=0.7278 status=ok
cifar100/59/FixMatch/PCA4 iw_overlap_critic W=1.0 accuracy=0.7945 prediction=0.5628 status=ok
cifar100/59/FixMatch/PCA4 iw_residual_dis2 W=1.0 accuracy=0.7945 prediction=0.7872 status=ok
cifar100/59/FixMatch/PCA4 iw_overlap_critic W=2.0 accuracy=0.7945 prediction=0.7938 status=ok
cifar100/59/FixMatch/PCA4 iw_residual_dis2 W=2.0 accuracy=0.7945 prediction=0.7985 status=ok
cifar100/59/FixMatch/PCA4 iw_overlap_critic W=5.0 accuracy=0.7945 prediction=0.8022 status=ok
cifar100/59/FixMatch/PCA4 iw_residual_dis2 W=5.0 accuracy=0.7945 prediction=0.8022 status=ok
cifar100/59/FixMatch/PCA4 dis2_reference W=nan accuracy=0.7945 prediction=0.7106 status=ok
cifar100/59/FixMatch/PCA16 iw_overlap_critic W=1.0 accuracy=0.7945 prediction=0.4921 status=ok
cifar100/59/FixMatch/PCA16 iw_residual_dis2 W=1.0 accuracy=0.7945 prediction=0.7940 status=ok
cifar100/59/FixMatch/PCA16 iw_overlap_critic W=2.0 accuracy=0.7945 prediction=0.7922 status=ok
cifar100/59/FixMatch/PCA16 iw_residual_dis2 W=2.0 accuracy=0.7945 prediction=0.7922 status=ok
cifar100/59/FixMatch/PCA16 iw_overlap_critic W=5.0 accuracy=0.7945 prediction=0.7922 status=ok
cifar100/59/FixMatch/PCA16 iw_residual_dis2 W=5.0 accuracy=0.7945 prediction=0.7922 status=ok
cifar100/59/FixMatch/PCA16 dis2_reference W=nan accuracy=0.7945 prediction=0.6798 status=ok
cifar100/59/FixMatch/PCA32 iw_overlap_critic W=1.0 accuracy=0.7945 prediction=0.4846 status=ok
cifar100/59/FixMatch/PCA32 iw_residual_dis2 W=1.0 accuracy=0.7945 prediction=0.8039 status=ok
cifar100/59/FixMatch/PCA32 iw_overlap_critic W=2.0 accuracy=0.7945 prediction=0.7911 status=ok
cifar100/59/FixMatch/PCA32 iw_residual_dis2 W=2.0 accuracy=0.7945 prediction=0.7911 status=ok
cifar100/59/FixMatch/PCA32 iw_overlap_critic W=5.0 accuracy=0.7945 prediction=0.7911 status=ok
cifar100/59/FixMatch/PCA32 iw_residual_dis2 W=5.0 accuracy=0.7945 prediction=0.7911 status=ok
cifar100/59/FixMatch/PCA32 dis2_reference W=nan accuracy=0.7945 prediction=0.7194 status=ok
cifar100/59/FixMatch/PCA64 iw_overlap_critic W=1.0 accuracy=0.7945 prediction=0.4213 status=ok
cifar100/59/FixMatch/PCA64 iw_residual_dis2 W=1.0 accuracy=0.7945 prediction=0.7869 status=ok
cifar100/59/FixMatch/PCA64 iw_overlap_critic W=2.0 accuracy=0.7945 prediction=0.7905 status=ok
cifar100/59/FixMatch/PCA64 iw_residual_dis2 W=2.0 accuracy=0.7945 prediction=0.7905 status=ok
cifar100/59/FixMatch/PCA64 iw_overlap_critic W=5.0 accuracy=0.7945 prediction=0.7905 status=ok
cifar100/59/FixMatch/PCA64 iw_residual_dis2 W=5.0 accuracy=0.7945 prediction=0.7905 status=ok
cifar100/59/FixMatch/PCA64 dis2_reference W=nan accuracy=0.7945 prediction=0.7094 status=ok
cifar100/59/FixMatch/PCA128 iw_overlap_critic W=1.0 accuracy=0.7945 prediction=0.3968 status=ok
cifar100/59/FixMatch/PCA128 iw_residual_dis2 W=1.0 accuracy=0.7945 prediction=0.7925 status=ok
cifar100/59/FixMatch/PCA128 iw_overlap_critic W=2.0 accuracy=0.7945 prediction=0.7910 status=ok
cifar100/59/FixMatch/PCA128 iw_residual_dis2 W=2.0 accuracy=0.7945 prediction=0.7910 status=ok
cifar100/59/FixMatch/PCA128 iw_overlap_critic W=5.0 accuracy=0.7945 prediction=0.7910 status=ok
cifar100/59/FixMatch/PCA128 iw_residual_dis2 W=5.0 accuracy=0.7945 prediction=0.7910 status=ok
cifar100/59/FixMatch/PCA128 dis2_reference W=nan accuracy=0.7945 prediction=0.6946 status=ok
cifar100/82/FixMatch/logits iw_overlap_critic W=1.0 accuracy=0.8000 prediction=0.5176 status=ok
cifar100/82/FixMatch/logits iw_residual_dis2 W=1.0 accuracy=0.8000 prediction=0.7667 status=ok
cifar100/82/FixMatch/logits iw_overlap_critic W=2.0 accuracy=0.8000 prediction=0.8019 status=ok
cifar100/82/FixMatch/logits iw_residual_dis2 W=2.0 accuracy=0.8000 prediction=0.8069 status=ok
cifar100/82/FixMatch/logits iw_overlap_critic W=5.0 accuracy=0.8000 prediction=0.8059 status=ok
cifar100/82/FixMatch/logits iw_residual_dis2 W=5.0 accuracy=0.8000 prediction=0.8059 status=ok
cifar100/82/FixMatch/logits dis2_reference W=nan accuracy=0.8000 prediction=0.7282 status=ok
cifar100/82/FixMatch/features iw_overlap_critic W=1.0 accuracy=0.8000 prediction=0.6321 status=ok
cifar100/82/FixMatch/features iw_residual_dis2 W=1.0 accuracy=0.8000 prediction=0.7992 status=ok
cifar100/82/FixMatch/features iw_overlap_critic W=2.0 accuracy=0.8000 prediction=0.7920 status=ok
cifar100/82/FixMatch/features iw_residual_dis2 W=2.0 accuracy=0.8000 prediction=0.8056 status=ok
cifar100/82/FixMatch/features iw_overlap_critic W=5.0 accuracy=0.8000 prediction=nan status=unsupported_critic_region
cifar100/82/FixMatch/features iw_residual_dis2 W=5.0 accuracy=0.8000 prediction=nan status=unsupported_residual_source_region
cifar100/82/FixMatch/features dis2_reference W=nan accuracy=0.8000 prediction=0.7190 status=ok
cifar100/82/FixMatch/PCA1 iw_overlap_critic W=1.0 accuracy=0.8000 prediction=0.6763 status=ok
cifar100/82/FixMatch/PCA1 iw_residual_dis2 W=1.0 accuracy=0.8000 prediction=0.8269 status=ok
cifar100/82/FixMatch/PCA1 iw_overlap_critic W=2.0 accuracy=0.8000 prediction=0.7900 status=ok
cifar100/82/FixMatch/PCA1 iw_residual_dis2 W=2.0 accuracy=0.8000 prediction=0.8015 status=ok
cifar100/82/FixMatch/PCA1 iw_overlap_critic W=5.0 accuracy=0.8000 prediction=0.8049 status=ok
cifar100/82/FixMatch/PCA1 iw_residual_dis2 W=5.0 accuracy=0.8000 prediction=nan status=unsupported_critic_region
cifar100/82/FixMatch/PCA1 dis2_reference W=nan accuracy=0.8000 prediction=0.7042 status=ok
/storage/homefs/tf24s166/IW_dis2/disagree_discrep_IW/src/lib/utils.py:43: FutureWarning: You are using `torch.load` with `weights_only=False` (the current default value), which uses the default pickle module implicitly. It is possible to construct malicious pickle data which will execute arbitrary code during unpickling (See https://github.com/pytorch/pytorch/blob/main/SECURITY.md#untrusted-models for more details). In a future release, the default value for `weights_only` will be flipped to `True`. This limits the functions that could be executed during unpickling. Arbitrary objects will no longer be allowed to be loaded via this mode unless they are explicitly allowlisted by the user via `torch.serialization.add_safe_globals`. We recommend you start setting `weights_only=True` for any use case where you don't have full control of the loaded file. Please open an issue on GitHub for any issues related to this experimental feature.
  lin.load_state_dict(torch.load(os.path.join(shift_dir, 'linear.pth'), map_location=device))
cifar100/82/FixMatch/PCA4 iw_overlap_critic W=1.0 accuracy=0.8000 prediction=0.5045 status=ok
cifar100/82/FixMatch/PCA4 iw_residual_dis2 W=1.0 accuracy=0.8000 prediction=0.7879 status=ok
cifar100/82/FixMatch/PCA4 iw_overlap_critic W=2.0 accuracy=0.8000 prediction=0.7971 status=ok
cifar100/82/FixMatch/PCA4 iw_residual_dis2 W=2.0 accuracy=0.8000 prediction=0.8158 status=ok
cifar100/82/FixMatch/PCA4 iw_overlap_critic W=5.0 accuracy=0.8000 prediction=0.8123 status=ok
cifar100/82/FixMatch/PCA4 iw_residual_dis2 W=5.0 accuracy=0.8000 prediction=0.8123 status=ok
cifar100/82/FixMatch/PCA4 dis2_reference W=nan accuracy=0.8000 prediction=0.7110 status=ok
cifar100/82/FixMatch/PCA16 iw_overlap_critic W=1.0 accuracy=0.8000 prediction=0.4475 status=ok
cifar100/82/FixMatch/PCA16 iw_residual_dis2 W=1.0 accuracy=0.8000 prediction=0.7740 status=ok
cifar100/82/FixMatch/PCA16 iw_overlap_critic W=2.0 accuracy=0.8000 prediction=0.8004 status=ok
cifar100/82/FixMatch/PCA16 iw_residual_dis2 W=2.0 accuracy=0.8000 prediction=0.8004 status=ok
cifar100/82/FixMatch/PCA16 iw_overlap_critic W=5.0 accuracy=0.8000 prediction=0.8004 status=ok
cifar100/82/FixMatch/PCA16 iw_residual_dis2 W=5.0 accuracy=0.8000 prediction=0.8004 status=ok
cifar100/82/FixMatch/PCA16 dis2_reference W=nan accuracy=0.8000 prediction=0.7094 status=ok
cifar100/82/FixMatch/PCA32 iw_overlap_critic W=1.0 accuracy=0.8000 prediction=0.4097 status=ok
cifar100/82/FixMatch/PCA32 iw_residual_dis2 W=1.0 accuracy=0.8000 prediction=0.8152 status=ok
cifar100/82/FixMatch/PCA32 iw_overlap_critic W=2.0 accuracy=0.8000 prediction=0.7999 status=ok
cifar100/82/FixMatch/PCA32 iw_residual_dis2 W=2.0 accuracy=0.8000 prediction=0.7999 status=ok
cifar100/82/FixMatch/PCA32 iw_overlap_critic W=5.0 accuracy=0.8000 prediction=0.7999 status=ok
cifar100/82/FixMatch/PCA32 iw_residual_dis2 W=5.0 accuracy=0.8000 prediction=0.7999 status=ok
cifar100/82/FixMatch/PCA32 dis2_reference W=nan accuracy=0.8000 prediction=0.7126 status=ok
cifar100/82/FixMatch/PCA64 iw_overlap_critic W=1.0 accuracy=0.8000 prediction=0.3958 status=ok
cifar100/82/FixMatch/PCA64 iw_residual_dis2 W=1.0 accuracy=0.8000 prediction=0.7819 status=ok
cifar100/82/FixMatch/PCA64 iw_overlap_critic W=2.0 accuracy=0.8000 prediction=0.7998 status=ok
cifar100/82/FixMatch/PCA64 iw_residual_dis2 W=2.0 accuracy=0.8000 prediction=0.7998 status=ok
cifar100/82/FixMatch/PCA64 iw_overlap_critic W=5.0 accuracy=0.8000 prediction=0.7998 status=ok
cifar100/82/FixMatch/PCA64 iw_residual_dis2 W=5.0 accuracy=0.8000 prediction=0.7998 status=ok
cifar100/82/FixMatch/PCA64 dis2_reference W=nan accuracy=0.8000 prediction=0.7010 status=ok
cifar100/82/FixMatch/PCA128 iw_overlap_critic W=1.0 accuracy=0.8000 prediction=0.3763 status=ok
cifar100/82/FixMatch/PCA128 iw_residual_dis2 W=1.0 accuracy=0.8000 prediction=0.7935 status=ok
cifar100/82/FixMatch/PCA128 iw_overlap_critic W=2.0 accuracy=0.8000 prediction=0.8006 status=ok
cifar100/82/FixMatch/PCA128 iw_residual_dis2 W=2.0 accuracy=0.8000 prediction=0.8006 status=ok
cifar100/82/FixMatch/PCA128 iw_overlap_critic W=5.0 accuracy=0.8000 prediction=0.8006 status=ok
cifar100/82/FixMatch/PCA128 iw_residual_dis2 W=5.0 accuracy=0.8000 prediction=0.8006 status=ok
cifar100/82/FixMatch/PCA128 dis2_reference W=nan accuracy=0.8000 prediction=0.7030 status=ok
domainnet/1/ERM-aug-imagenet/logits iw_overlap_critic W=1.0 accuracy=0.4295 prediction=0.1528 status=ok
domainnet/1/ERM-aug-imagenet/logits iw_residual_dis2 W=1.0 accuracy=0.4295 prediction=0.5275 status=ok
domainnet/1/ERM-aug-imagenet/logits iw_overlap_critic W=2.0 accuracy=0.4295 prediction=0.2321 status=ok
domainnet/1/ERM-aug-imagenet/logits iw_residual_dis2 W=2.0 accuracy=0.4295 prediction=0.5461 status=ok
domainnet/1/ERM-aug-imagenet/logits iw_overlap_critic W=5.0 accuracy=0.4295 prediction=0.3414 status=ok
domainnet/1/ERM-aug-imagenet/logits iw_residual_dis2 W=5.0 accuracy=0.4295 prediction=0.6383 status=ok
domainnet/1/ERM-aug-imagenet/logits dis2_reference W=nan accuracy=0.4295 prediction=0.2467 status=ok
domainnet/1/ERM-aug-imagenet/features iw_overlap_critic W=1.0 accuracy=0.4295 prediction=0.1506 status=ok
domainnet/1/ERM-aug-imagenet/features iw_residual_dis2 W=1.0 accuracy=0.4295 prediction=0.5347 status=ok
domainnet/1/ERM-aug-imagenet/features iw_overlap_critic W=2.0 accuracy=0.4295 prediction=0.2051 status=ok
domainnet/1/ERM-aug-imagenet/features iw_residual_dis2 W=2.0 accuracy=0.4295 prediction=0.5784 status=ok
domainnet/1/ERM-aug-imagenet/features iw_overlap_critic W=5.0 accuracy=0.4295 prediction=0.3040 status=ok
domainnet/1/ERM-aug-imagenet/features iw_residual_dis2 W=5.0 accuracy=0.4295 prediction=0.6403 status=ok
domainnet/1/ERM-aug-imagenet/features dis2_reference W=nan accuracy=0.4295 prediction=0.2027 status=ok
domainnet/1/ERM-aug-imagenet/PCA1 iw_overlap_critic W=1.0 accuracy=0.4295 prediction=0.2200 status=ok
domainnet/1/ERM-aug-imagenet/PCA1 iw_residual_dis2 W=1.0 accuracy=0.4295 prediction=0.4709 status=ok
domainnet/1/ERM-aug-imagenet/PCA1 iw_overlap_critic W=2.0 accuracy=0.4295 prediction=0.3129 status=ok
domainnet/1/ERM-aug-imagenet/PCA1 iw_residual_dis2 W=2.0 accuracy=0.4295 prediction=0.5708 status=ok
domainnet/1/ERM-aug-imagenet/PCA1 iw_overlap_critic W=5.0 accuracy=0.4295 prediction=0.4172 status=ok
domainnet/1/ERM-aug-imagenet/PCA1 iw_residual_dis2 W=5.0 accuracy=0.4295 prediction=0.6561 status=ok
domainnet/1/ERM-aug-imagenet/PCA1 dis2_reference W=nan accuracy=0.4295 prediction=0.1904 status=ok
domainnet/1/ERM-aug-imagenet/PCA4 iw_overlap_critic W=1.0 accuracy=0.4295 prediction=0.1834 status=ok
domainnet/1/ERM-aug-imagenet/PCA4 iw_residual_dis2 W=1.0 accuracy=0.4295 prediction=0.5190 status=ok
domainnet/1/ERM-aug-imagenet/PCA4 iw_overlap_critic W=2.0 accuracy=0.4295 prediction=0.2434 status=ok
domainnet/1/ERM-aug-imagenet/PCA4 iw_residual_dis2 W=2.0 accuracy=0.4295 prediction=0.5847 status=ok
domainnet/1/ERM-aug-imagenet/PCA4 iw_overlap_critic W=5.0 accuracy=0.4295 prediction=0.3472 status=ok
domainnet/1/ERM-aug-imagenet/PCA4 iw_residual_dis2 W=5.0 accuracy=0.4295 prediction=0.6018 status=ok
domainnet/1/ERM-aug-imagenet/PCA4 dis2_reference W=nan accuracy=0.4295 prediction=0.1939 status=ok
domainnet/1/ERM-aug-imagenet/PCA16 iw_overlap_critic W=1.0 accuracy=0.4295 prediction=0.1958 status=ok
domainnet/1/ERM-aug-imagenet/PCA16 iw_residual_dis2 W=1.0 accuracy=0.4295 prediction=0.5027 status=ok
domainnet/1/ERM-aug-imagenet/PCA16 iw_overlap_critic W=2.0 accuracy=0.4295 prediction=0.2662 status=ok
domainnet/1/ERM-aug-imagenet/PCA16 iw_residual_dis2 W=2.0 accuracy=0.4295 prediction=0.5538 status=ok
domainnet/1/ERM-aug-imagenet/PCA16 iw_overlap_critic W=5.0 accuracy=0.4295 prediction=0.3678 status=ok
domainnet/1/ERM-aug-imagenet/PCA16 iw_residual_dis2 W=5.0 accuracy=0.4295 prediction=0.6220 status=ok
domainnet/1/ERM-aug-imagenet/PCA16 dis2_reference W=nan accuracy=0.4295 prediction=0.2416 status=ok
domainnet/1/ERM-aug-imagenet/PCA32 iw_overlap_critic W=1.0 accuracy=0.4295 prediction=0.2006 status=ok
domainnet/1/ERM-aug-imagenet/PCA32 iw_residual_dis2 W=1.0 accuracy=0.4295 prediction=0.5083 status=ok
domainnet/1/ERM-aug-imagenet/PCA32 iw_overlap_critic W=2.0 accuracy=0.4295 prediction=0.2809 status=ok
domainnet/1/ERM-aug-imagenet/PCA32 iw_residual_dis2 W=2.0 accuracy=0.4295 prediction=0.5604 status=ok
domainnet/1/ERM-aug-imagenet/PCA32 iw_overlap_critic W=5.0 accuracy=0.4295 prediction=0.3978 status=ok
domainnet/1/ERM-aug-imagenet/PCA32 iw_residual_dis2 W=5.0 accuracy=0.4295 prediction=0.6083 status=ok
domainnet/1/ERM-aug-imagenet/PCA32 dis2_reference W=nan accuracy=0.4295 prediction=0.3088 status=ok
domainnet/1/ERM-aug-imagenet/PCA64 iw_overlap_critic W=1.0 accuracy=0.4295 prediction=0.1950 status=ok
domainnet/1/ERM-aug-imagenet/PCA64 iw_residual_dis2 W=1.0 accuracy=0.4295 prediction=0.5652 status=ok
domainnet/1/ERM-aug-imagenet/PCA64 iw_overlap_critic W=2.0 accuracy=0.4295 prediction=0.2788 status=ok
domainnet/1/ERM-aug-imagenet/PCA64 iw_residual_dis2 W=2.0 accuracy=0.4295 prediction=0.5907 status=ok
domainnet/1/ERM-aug-imagenet/PCA64 iw_overlap_critic W=5.0 accuracy=0.4295 prediction=0.4211 status=ok
/storage/homefs/tf24s166/IW_dis2/disagree_discrep_IW/src/lib/utils.py:43: FutureWarning: You are using `torch.load` with `weights_only=False` (the current default value), which uses the default pickle module implicitly. It is possible to construct malicious pickle data which will execute arbitrary code during unpickling (See https://github.com/pytorch/pytorch/blob/main/SECURITY.md#untrusted-models for more details). In a future release, the default value for `weights_only` will be flipped to `True`. This limits the functions that could be executed during unpickling. Arbitrary objects will no longer be allowed to be loaded via this mode unless they are explicitly allowlisted by the user via `torch.serialization.add_safe_globals`. We recommend you start setting `weights_only=True` for any use case where you don't have full control of the loaded file. Please open an issue on GitHub for any issues related to this experimental feature.
  lin.load_state_dict(torch.load(os.path.join(shift_dir, 'linear.pth'), map_location=device))
/storage/homefs/tf24s166/IW_dis2/disagree_discrep_IW/src/lib/utils.py:43: FutureWarning: You are using `torch.load` with `weights_only=False` (the current default value), which uses the default pickle module implicitly. It is possible to construct malicious pickle data which will execute arbitrary code during unpickling (See https://github.com/pytorch/pytorch/blob/main/SECURITY.md#untrusted-models for more details). In a future release, the default value for `weights_only` will be flipped to `True`. This limits the functions that could be executed during unpickling. Arbitrary objects will no longer be allowed to be loaded via this mode unless they are explicitly allowlisted by the user via `torch.serialization.add_safe_globals`. We recommend you start setting `weights_only=True` for any use case where you don't have full control of the loaded file. Please open an issue on GitHub for any issues related to this experimental feature.
  lin.load_state_dict(torch.load(os.path.join(shift_dir, 'linear.pth'), map_location=device))
domainnet/1/ERM-aug-imagenet/PCA64 iw_residual_dis2 W=5.0 accuracy=0.4295 prediction=0.6623 status=ok
domainnet/1/ERM-aug-imagenet/PCA64 dis2_reference W=nan accuracy=0.4295 prediction=0.4504 status=ok
domainnet/1/ERM-aug-imagenet/PCA128 iw_overlap_critic W=1.0 accuracy=0.4295 prediction=0.1856 status=ok
domainnet/1/ERM-aug-imagenet/PCA128 iw_residual_dis2 W=1.0 accuracy=0.4295 prediction=0.6775 status=ok
domainnet/1/ERM-aug-imagenet/PCA128 iw_overlap_critic W=2.0 accuracy=0.4295 prediction=0.2999 status=ok
domainnet/1/ERM-aug-imagenet/PCA128 iw_residual_dis2 W=2.0 accuracy=0.4295 prediction=0.7000 status=ok
domainnet/1/ERM-aug-imagenet/PCA128 iw_overlap_critic W=5.0 accuracy=0.4295 prediction=0.4490 status=ok
domainnet/1/ERM-aug-imagenet/PCA128 iw_residual_dis2 W=5.0 accuracy=0.4295 prediction=0.7458 status=ok
domainnet/1/ERM-aug-imagenet/PCA128 dis2_reference W=nan accuracy=0.4295 prediction=0.6257 status=ok
domainnet/2/ERM-aug-imagenet/logits iw_overlap_critic W=1.0 accuracy=0.3488 prediction=0.1338 status=ok
domainnet/2/ERM-aug-imagenet/logits iw_residual_dis2 W=1.0 accuracy=0.3488 prediction=0.4970 status=ok
domainnet/2/ERM-aug-imagenet/logits iw_overlap_critic W=2.0 accuracy=0.3488 prediction=0.1789 status=ok
domainnet/2/ERM-aug-imagenet/logits iw_residual_dis2 W=2.0 accuracy=0.3488 prediction=0.5245 status=ok
domainnet/2/ERM-aug-imagenet/logits iw_overlap_critic W=5.0 accuracy=0.3488 prediction=0.2544 status=ok
domainnet/2/ERM-aug-imagenet/logits iw_residual_dis2 W=5.0 accuracy=0.3488 prediction=0.5847 status=ok
domainnet/2/ERM-aug-imagenet/logits dis2_reference W=nan accuracy=0.3488 prediction=0.1975 status=ok
domainnet/2/ERM-aug-imagenet/features iw_overlap_critic W=1.0 accuracy=0.3488 prediction=0.1106 status=ok
domainnet/2/ERM-aug-imagenet/features iw_residual_dis2 W=1.0 accuracy=0.3488 prediction=0.5481 status=ok
domainnet/2/ERM-aug-imagenet/features iw_overlap_critic W=2.0 accuracy=0.3488 prediction=0.1389 status=ok
domainnet/2/ERM-aug-imagenet/features iw_residual_dis2 W=2.0 accuracy=0.3488 prediction=0.5677 status=ok
domainnet/2/ERM-aug-imagenet/features iw_overlap_critic W=5.0 accuracy=0.3488 prediction=0.1867 status=ok
domainnet/2/ERM-aug-imagenet/features iw_residual_dis2 W=5.0 accuracy=0.3488 prediction=0.6140 status=ok
domainnet/2/ERM-aug-imagenet/features dis2_reference W=nan accuracy=0.3488 prediction=0.1445 status=ok
domainnet/2/ERM-aug-imagenet/PCA1 iw_overlap_critic W=1.0 accuracy=0.3488 prediction=0.1414 status=ok
domainnet/2/ERM-aug-imagenet/PCA1 iw_residual_dis2 W=1.0 accuracy=0.3488 prediction=0.4646 status=ok
domainnet/2/ERM-aug-imagenet/PCA1 iw_overlap_critic W=2.0 accuracy=0.3488 prediction=0.1818 status=ok
domainnet/2/ERM-aug-imagenet/PCA1 iw_residual_dis2 W=2.0 accuracy=0.3488 prediction=0.5839 status=ok
domainnet/2/ERM-aug-imagenet/PCA1 iw_overlap_critic W=5.0 accuracy=0.3488 prediction=0.2566 status=ok
domainnet/2/ERM-aug-imagenet/PCA1 iw_residual_dis2 W=5.0 accuracy=0.3488 prediction=0.6531 status=ok
domainnet/2/ERM-aug-imagenet/PCA1 dis2_reference W=nan accuracy=0.3488 prediction=0.1124 status=ok
domainnet/2/ERM-aug-imagenet/PCA4 iw_overlap_critic W=1.0 accuracy=0.3488 prediction=0.1301 status=ok
domainnet/2/ERM-aug-imagenet/PCA4 iw_residual_dis2 W=1.0 accuracy=0.3488 prediction=0.4816 status=ok
domainnet/2/ERM-aug-imagenet/PCA4 iw_overlap_critic W=2.0 accuracy=0.3488 prediction=0.1605 status=ok
domainnet/2/ERM-aug-imagenet/PCA4 iw_residual_dis2 W=2.0 accuracy=0.3488 prediction=0.5628 status=ok
domainnet/2/ERM-aug-imagenet/PCA4 iw_overlap_critic W=5.0 accuracy=0.3488 prediction=0.2313 status=ok
domainnet/2/ERM-aug-imagenet/PCA4 iw_residual_dis2 W=5.0 accuracy=0.3488 prediction=0.6126 status=ok
domainnet/2/ERM-aug-imagenet/PCA4 dis2_reference W=nan accuracy=0.3488 prediction=0.1285 status=ok
domainnet/2/ERM-aug-imagenet/PCA16 iw_overlap_critic W=1.0 accuracy=0.3488 prediction=0.1553 status=ok
domainnet/2/ERM-aug-imagenet/PCA16 iw_residual_dis2 W=1.0 accuracy=0.3488 prediction=0.4732 status=ok
domainnet/2/ERM-aug-imagenet/PCA16 iw_overlap_critic W=2.0 accuracy=0.3488 prediction=0.2080 status=ok
domainnet/2/ERM-aug-imagenet/PCA16 iw_residual_dis2 W=2.0 accuracy=0.3488 prediction=0.5162 status=ok
domainnet/2/ERM-aug-imagenet/PCA16 iw_overlap_critic W=5.0 accuracy=0.3488 prediction=0.2894 status=ok
domainnet/2/ERM-aug-imagenet/PCA16 iw_residual_dis2 W=5.0 accuracy=0.3488 prediction=0.5532 status=ok
domainnet/2/ERM-aug-imagenet/PCA16 dis2_reference W=nan accuracy=0.3488 prediction=0.1786 status=ok
domainnet/2/ERM-aug-imagenet/PCA32 iw_overlap_critic W=1.0 accuracy=0.3488 prediction=0.1832 status=ok
domainnet/2/ERM-aug-imagenet/PCA32 iw_residual_dis2 W=1.0 accuracy=0.3488 prediction=0.4871 status=ok
domainnet/2/ERM-aug-imagenet/PCA32 iw_overlap_critic W=2.0 accuracy=0.3488 prediction=0.2471 status=ok
domainnet/2/ERM-aug-imagenet/PCA32 iw_residual_dis2 W=2.0 accuracy=0.3488 prediction=0.5290 status=ok
domainnet/2/ERM-aug-imagenet/PCA32 iw_overlap_critic W=5.0 accuracy=0.3488 prediction=0.3410 status=ok
domainnet/2/ERM-aug-imagenet/PCA32 iw_residual_dis2 W=5.0 accuracy=0.3488 prediction=0.5624 status=ok
domainnet/2/ERM-aug-imagenet/PCA32 dis2_reference W=nan accuracy=0.3488 prediction=0.2728 status=ok
domainnet/2/ERM-aug-imagenet/PCA64 iw_overlap_critic W=1.0 accuracy=0.3488 prediction=0.1903 status=ok
domainnet/2/ERM-aug-imagenet/PCA64 iw_residual_dis2 W=1.0 accuracy=0.3488 prediction=0.5295 status=ok
domainnet/2/ERM-aug-imagenet/PCA64 iw_overlap_critic W=2.0 accuracy=0.3488 prediction=0.2735 status=ok
domainnet/2/ERM-aug-imagenet/PCA64 iw_residual_dis2 W=2.0 accuracy=0.3488 prediction=0.5814 status=ok
domainnet/2/ERM-aug-imagenet/PCA64 iw_overlap_critic W=5.0 accuracy=0.3488 prediction=0.4142 status=ok
domainnet/2/ERM-aug-imagenet/PCA64 iw_residual_dis2 W=5.0 accuracy=0.3488 prediction=0.6388 status=ok
domainnet/2/ERM-aug-imagenet/PCA64 dis2_reference W=nan accuracy=0.3488 prediction=0.4394 status=ok
domainnet/2/ERM-aug-imagenet/PCA128 iw_overlap_critic W=1.0 accuracy=0.3488 prediction=0.1854 status=ok
domainnet/2/ERM-aug-imagenet/PCA128 iw_residual_dis2 W=1.0 accuracy=0.3488 prediction=0.6918 status=ok
domainnet/2/ERM-aug-imagenet/PCA128 iw_overlap_critic W=2.0 accuracy=0.3488 prediction=0.2884 status=ok
domainnet/2/ERM-aug-imagenet/PCA128 iw_residual_dis2 W=2.0 accuracy=0.3488 prediction=0.6961 status=ok
domainnet/2/ERM-aug-imagenet/PCA128 iw_overlap_critic W=5.0 accuracy=0.3488 prediction=0.4697 status=ok
domainnet/2/ERM-aug-imagenet/PCA128 iw_residual_dis2 W=5.0 accuracy=0.3488 prediction=0.7283 status=ok
domainnet/2/ERM-aug-imagenet/PCA128 dis2_reference W=nan accuracy=0.3488 prediction=0.6276 status=ok
domainnet/3/ERM-aug-imagenet/logits iw_overlap_critic W=1.0 accuracy=0.4411 prediction=0.2363 status=ok
domainnet/3/ERM-aug-imagenet/logits iw_residual_dis2 W=1.0 accuracy=0.4411 prediction=0.5481 status=ok
domainnet/3/ERM-aug-imagenet/logits iw_overlap_critic W=2.0 accuracy=0.4411 prediction=0.3405 status=ok
domainnet/3/ERM-aug-imagenet/logits iw_residual_dis2 W=2.0 accuracy=0.4411 prediction=0.6022 status=ok
domainnet/3/ERM-aug-imagenet/logits iw_overlap_critic W=5.0 accuracy=0.4411 prediction=0.4912 status=ok
domainnet/3/ERM-aug-imagenet/logits iw_residual_dis2 W=5.0 accuracy=0.4411 prediction=0.6433 status=ok
domainnet/3/ERM-aug-imagenet/logits dis2_reference W=nan accuracy=0.4411 prediction=0.3087 status=ok
domainnet/3/ERM-aug-imagenet/features iw_overlap_critic W=1.0 accuracy=0.4411 prediction=0.2511 status=ok
domainnet/3/ERM-aug-imagenet/features iw_residual_dis2 W=1.0 accuracy=0.4411 prediction=0.5616 status=ok
domainnet/3/ERM-aug-imagenet/features iw_overlap_critic W=2.0 accuracy=0.4411 prediction=0.3270 status=ok
domainnet/3/ERM-aug-imagenet/features iw_residual_dis2 W=2.0 accuracy=0.4411 prediction=0.5965 status=ok
domainnet/3/ERM-aug-imagenet/features iw_overlap_critic W=5.0 accuracy=0.4411 prediction=0.4461 status=ok
domainnet/3/ERM-aug-imagenet/features iw_residual_dis2 W=5.0 accuracy=0.4411 prediction=0.6504 status=ok
domainnet/3/ERM-aug-imagenet/features dis2_reference W=nan accuracy=0.4411 prediction=0.2746 status=ok
/storage/homefs/tf24s166/IW_dis2/disagree_discrep_IW/src/lib/utils.py:43: FutureWarning: You are using `torch.load` with `weights_only=False` (the current default value), which uses the default pickle module implicitly. It is possible to construct malicious pickle data which will execute arbitrary code during unpickling (See https://github.com/pytorch/pytorch/blob/main/SECURITY.md#untrusted-models for more details). In a future release, the default value for `weights_only` will be flipped to `True`. This limits the functions that could be executed during unpickling. Arbitrary objects will no longer be allowed to be loaded via this mode unless they are explicitly allowlisted by the user via `torch.serialization.add_safe_globals`. We recommend you start setting `weights_only=True` for any use case where you don't have full control of the loaded file. Please open an issue on GitHub for any issues related to this experimental feature.
  lin.load_state_dict(torch.load(os.path.join(shift_dir, 'linear.pth'), map_location=device))
domainnet/3/ERM-aug-imagenet/PCA1 iw_overlap_critic W=1.0 accuracy=0.4411 prediction=0.2922 status=ok
domainnet/3/ERM-aug-imagenet/PCA1 iw_residual_dis2 W=1.0 accuracy=0.4411 prediction=0.5228 status=ok
domainnet/3/ERM-aug-imagenet/PCA1 iw_overlap_critic W=2.0 accuracy=0.4411 prediction=0.4040 status=ok
domainnet/3/ERM-aug-imagenet/PCA1 iw_residual_dis2 W=2.0 accuracy=0.4411 prediction=0.6213 status=ok
domainnet/3/ERM-aug-imagenet/PCA1 iw_overlap_critic W=5.0 accuracy=0.4411 prediction=0.5442 status=ok
domainnet/3/ERM-aug-imagenet/PCA1 iw_residual_dis2 W=5.0 accuracy=0.4411 prediction=0.7032 status=ok
domainnet/3/ERM-aug-imagenet/PCA1 dis2_reference W=nan accuracy=0.4411 prediction=0.2557 status=ok
domainnet/3/ERM-aug-imagenet/PCA4 iw_overlap_critic W=1.0 accuracy=0.4411 prediction=0.2584 status=ok
domainnet/3/ERM-aug-imagenet/PCA4 iw_residual_dis2 W=1.0 accuracy=0.4411 prediction=0.5403 status=ok
domainnet/3/ERM-aug-imagenet/PCA4 iw_overlap_critic W=2.0 accuracy=0.4411 prediction=0.3515 status=ok
domainnet/3/ERM-aug-imagenet/PCA4 iw_residual_dis2 W=2.0 accuracy=0.4411 prediction=0.5762 status=ok
domainnet/3/ERM-aug-imagenet/PCA4 iw_overlap_critic W=5.0 accuracy=0.4411 prediction=0.4690 status=ok
domainnet/3/ERM-aug-imagenet/PCA4 iw_residual_dis2 W=5.0 accuracy=0.4411 prediction=0.6479 status=ok
domainnet/3/ERM-aug-imagenet/PCA4 dis2_reference W=nan accuracy=0.4411 prediction=0.2589 status=ok
domainnet/3/ERM-aug-imagenet/PCA16 iw_overlap_critic W=1.0 accuracy=0.4411 prediction=0.2715 status=ok
domainnet/3/ERM-aug-imagenet/PCA16 iw_residual_dis2 W=1.0 accuracy=0.4411 prediction=0.5070 status=ok
domainnet/3/ERM-aug-imagenet/PCA16 iw_overlap_critic W=2.0 accuracy=0.4411 prediction=0.3656 status=ok
domainnet/3/ERM-aug-imagenet/PCA16 iw_residual_dis2 W=2.0 accuracy=0.4411 prediction=0.5635 status=ok
domainnet/3/ERM-aug-imagenet/PCA16 iw_overlap_critic W=5.0 accuracy=0.4411 prediction=0.5028 status=ok
domainnet/3/ERM-aug-imagenet/PCA16 iw_residual_dis2 W=5.0 accuracy=0.4411 prediction=0.6246 status=ok
domainnet/3/ERM-aug-imagenet/PCA16 dis2_reference W=nan accuracy=0.4411 prediction=0.3044 status=ok
domainnet/3/ERM-aug-imagenet/PCA32 iw_overlap_critic W=1.0 accuracy=0.4411 prediction=0.2819 status=ok
domainnet/3/ERM-aug-imagenet/PCA32 iw_residual_dis2 W=1.0 accuracy=0.4411 prediction=0.5551 status=ok
domainnet/3/ERM-aug-imagenet/PCA32 iw_overlap_critic W=2.0 accuracy=0.4411 prediction=0.4029 status=ok
domainnet/3/ERM-aug-imagenet/PCA32 iw_residual_dis2 W=2.0 accuracy=0.4411 prediction=0.6085 status=ok
domainnet/3/ERM-aug-imagenet/PCA32 iw_overlap_critic W=5.0 accuracy=0.4411 prediction=0.5490 status=ok
domainnet/3/ERM-aug-imagenet/PCA32 iw_residual_dis2 W=5.0 accuracy=0.4411 prediction=0.6631 status=ok
domainnet/3/ERM-aug-imagenet/PCA32 dis2_reference W=nan accuracy=0.4411 prediction=0.3547 status=ok
domainnet/3/ERM-aug-imagenet/PCA64 iw_overlap_critic W=1.0 accuracy=0.4411 prediction=0.2640 status=ok
domainnet/3/ERM-aug-imagenet/PCA64 iw_residual_dis2 W=1.0 accuracy=0.4411 prediction=0.5937 status=ok
domainnet/3/ERM-aug-imagenet/PCA64 iw_overlap_critic W=2.0 accuracy=0.4411 prediction=0.4300 status=ok
domainnet/3/ERM-aug-imagenet/PCA64 iw_residual_dis2 W=2.0 accuracy=0.4411 prediction=0.6717 status=ok
domainnet/3/ERM-aug-imagenet/PCA64 iw_overlap_critic W=5.0 accuracy=0.4411 prediction=0.6302 status=ok
domainnet/3/ERM-aug-imagenet/PCA64 iw_residual_dis2 W=5.0 accuracy=0.4411 prediction=0.7194 status=ok
domainnet/3/ERM-aug-imagenet/PCA64 dis2_reference W=nan accuracy=0.4411 prediction=0.4865 status=ok
domainnet/3/ERM-aug-imagenet/PCA128 iw_overlap_critic W=1.0 accuracy=0.4411 prediction=0.2477 status=ok
domainnet/3/ERM-aug-imagenet/PCA128 iw_residual_dis2 W=1.0 accuracy=0.4411 prediction=0.7057 status=ok
domainnet/3/ERM-aug-imagenet/PCA128 iw_overlap_critic W=2.0 accuracy=0.4411 prediction=0.4618 status=ok
domainnet/3/ERM-aug-imagenet/PCA128 iw_residual_dis2 W=2.0 accuracy=0.4411 prediction=0.7351 status=ok
domainnet/3/ERM-aug-imagenet/PCA128 iw_overlap_critic W=5.0 accuracy=0.4411 prediction=0.6864 status=ok
domainnet/3/ERM-aug-imagenet/PCA128 iw_residual_dis2 W=5.0 accuracy=0.4411 prediction=0.7707 status=ok
domainnet/3/ERM-aug-imagenet/PCA128 dis2_reference W=nan accuracy=0.4411 prediction=0.6618 status=ok
Missing features: domainnet/ERM-aug-rand/1; skipping.
Missing features: domainnet/ERM-aug-rand/2; skipping.
Missing features: domainnet/ERM-aug-rand/3; skipping.
domainnet/1/BN_adapt/logits iw_overlap_critic W=1.0 accuracy=0.4312 prediction=0.1700 status=ok
domainnet/1/BN_adapt/logits iw_residual_dis2 W=1.0 accuracy=0.4312 prediction=0.4835 status=ok
domainnet/1/BN_adapt/logits iw_overlap_critic W=2.0 accuracy=0.4312 prediction=0.2625 status=ok
domainnet/1/BN_adapt/logits iw_residual_dis2 W=2.0 accuracy=0.4312 prediction=0.5315 status=ok
domainnet/1/BN_adapt/logits iw_overlap_critic W=5.0 accuracy=0.4312 prediction=0.4098 status=ok
domainnet/1/BN_adapt/logits iw_residual_dis2 W=5.0 accuracy=0.4312 prediction=0.6020 status=ok
domainnet/1/BN_adapt/logits dis2_reference W=nan accuracy=0.4312 prediction=0.2179 status=ok
domainnet/1/BN_adapt/features iw_overlap_critic W=1.0 accuracy=0.4312 prediction=0.1668 status=ok
domainnet/1/BN_adapt/features iw_residual_dis2 W=1.0 accuracy=0.4312 prediction=0.4934 status=ok
domainnet/1/BN_adapt/features iw_overlap_critic W=2.0 accuracy=0.4312 prediction=0.2133 status=ok
domainnet/1/BN_adapt/features iw_residual_dis2 W=2.0 accuracy=0.4312 prediction=0.5499 status=ok
domainnet/1/BN_adapt/features iw_overlap_critic W=5.0 accuracy=0.4312 prediction=0.3163 status=ok
domainnet/1/BN_adapt/features iw_residual_dis2 W=5.0 accuracy=0.4312 prediction=0.5598 status=ok
domainnet/1/BN_adapt/features dis2_reference W=nan accuracy=0.4312 prediction=0.1757 status=ok
domainnet/1/BN_adapt/PCA1 iw_overlap_critic W=1.0 accuracy=0.4312 prediction=0.2184 status=ok
domainnet/1/BN_adapt/PCA1 iw_residual_dis2 W=1.0 accuracy=0.4312 prediction=0.4273 status=ok
domainnet/1/BN_adapt/PCA1 iw_overlap_critic W=2.0 accuracy=0.4312 prediction=0.3093 status=ok
domainnet/1/BN_adapt/PCA1 iw_residual_dis2 W=2.0 accuracy=0.4312 prediction=0.4947 status=ok
domainnet/1/BN_adapt/PCA1 iw_overlap_critic W=5.0 accuracy=0.4312 prediction=0.4256 status=ok
domainnet/1/BN_adapt/PCA1 iw_residual_dis2 W=5.0 accuracy=0.4312 prediction=0.5571 status=ok
domainnet/1/BN_adapt/PCA1 dis2_reference W=nan accuracy=0.4312 prediction=0.1682 status=ok
domainnet/1/BN_adapt/PCA4 iw_overlap_critic W=1.0 accuracy=0.4312 prediction=0.1909 status=ok
domainnet/1/BN_adapt/PCA4 iw_residual_dis2 W=1.0 accuracy=0.4312 prediction=0.4857 status=ok
domainnet/1/BN_adapt/PCA4 iw_overlap_critic W=2.0 accuracy=0.4312 prediction=0.2461 status=ok
domainnet/1/BN_adapt/PCA4 iw_residual_dis2 W=2.0 accuracy=0.4312 prediction=0.5093 status=ok
domainnet/1/BN_adapt/PCA4 iw_overlap_critic W=5.0 accuracy=0.4312 prediction=0.3665 status=ok
domainnet/1/BN_adapt/PCA4 iw_residual_dis2 W=5.0 accuracy=0.4312 prediction=0.5690 status=ok
domainnet/1/BN_adapt/PCA4 dis2_reference W=nan accuracy=0.4312 prediction=0.1744 status=ok
domainnet/1/BN_adapt/PCA16 iw_overlap_critic W=1.0 accuracy=0.4312 prediction=0.2051 status=ok
domainnet/1/BN_adapt/PCA16 iw_residual_dis2 W=1.0 accuracy=0.4312 prediction=0.4737 status=ok
domainnet/1/BN_adapt/PCA16 iw_overlap_critic W=2.0 accuracy=0.4312 prediction=0.2813 status=ok
domainnet/1/BN_adapt/PCA16 iw_residual_dis2 W=2.0 accuracy=0.4312 prediction=0.5025 status=ok
domainnet/1/BN_adapt/PCA16 iw_overlap_critic W=5.0 accuracy=0.4312 prediction=0.4191 status=ok
domainnet/1/BN_adapt/PCA16 iw_residual_dis2 W=5.0 accuracy=0.4312 prediction=0.6153 status=ok
domainnet/1/BN_adapt/PCA16 dis2_reference W=nan accuracy=0.4312 prediction=0.2297 status=ok
domainnet/1/BN_adapt/PCA32 iw_overlap_critic W=1.0 accuracy=0.4312 prediction=0.2175 status=ok
domainnet/1/BN_adapt/PCA32 iw_residual_dis2 W=1.0 accuracy=0.4312 prediction=0.4848 status=ok
domainnet/1/BN_adapt/PCA32 iw_overlap_critic W=2.0 accuracy=0.4312 prediction=0.3177 status=ok
domainnet/1/BN_adapt/PCA32 iw_residual_dis2 W=2.0 accuracy=0.4312 prediction=0.5331 status=ok
/storage/homefs/tf24s166/IW_dis2/disagree_discrep_IW/src/lib/utils.py:43: FutureWarning: You are using `torch.load` with `weights_only=False` (the current default value), which uses the default pickle module implicitly. It is possible to construct malicious pickle data which will execute arbitrary code during unpickling (See https://github.com/pytorch/pytorch/blob/main/SECURITY.md#untrusted-models for more details). In a future release, the default value for `weights_only` will be flipped to `True`. This limits the functions that could be executed during unpickling. Arbitrary objects will no longer be allowed to be loaded via this mode unless they are explicitly allowlisted by the user via `torch.serialization.add_safe_globals`. We recommend you start setting `weights_only=True` for any use case where you don't have full control of the loaded file. Please open an issue on GitHub for any issues related to this experimental feature.
  lin.load_state_dict(torch.load(os.path.join(shift_dir, 'linear.pth'), map_location=device))
/storage/homefs/tf24s166/IW_dis2/disagree_discrep_IW/src/lib/utils.py:43: FutureWarning: You are using `torch.load` with `weights_only=False` (the current default value), which uses the default pickle module implicitly. It is possible to construct malicious pickle data which will execute arbitrary code during unpickling (See https://github.com/pytorch/pytorch/blob/main/SECURITY.md#untrusted-models for more details). In a future release, the default value for `weights_only` will be flipped to `True`. This limits the functions that could be executed during unpickling. Arbitrary objects will no longer be allowed to be loaded via this mode unless they are explicitly allowlisted by the user via `torch.serialization.add_safe_globals`. We recommend you start setting `weights_only=True` for any use case where you don't have full control of the loaded file. Please open an issue on GitHub for any issues related to this experimental feature.
  lin.load_state_dict(torch.load(os.path.join(shift_dir, 'linear.pth'), map_location=device))
domainnet/1/BN_adapt/PCA32 iw_overlap_critic W=5.0 accuracy=0.4312 prediction=0.4597 status=ok
domainnet/1/BN_adapt/PCA32 iw_residual_dis2 W=5.0 accuracy=0.4312 prediction=0.6390 status=ok
domainnet/1/BN_adapt/PCA32 dis2_reference W=nan accuracy=0.4312 prediction=0.2985 status=ok
domainnet/1/BN_adapt/PCA64 iw_overlap_critic W=1.0 accuracy=0.4312 prediction=0.2093 status=ok
domainnet/1/BN_adapt/PCA64 iw_residual_dis2 W=1.0 accuracy=0.4312 prediction=0.5514 status=ok
domainnet/1/BN_adapt/PCA64 iw_overlap_critic W=2.0 accuracy=0.4312 prediction=0.3414 status=ok
domainnet/1/BN_adapt/PCA64 iw_residual_dis2 W=2.0 accuracy=0.4312 prediction=0.6012 status=ok
domainnet/1/BN_adapt/PCA64 iw_overlap_critic W=5.0 accuracy=0.4312 prediction=0.5366 status=ok
domainnet/1/BN_adapt/PCA64 iw_residual_dis2 W=5.0 accuracy=0.4312 prediction=0.6626 status=ok
domainnet/1/BN_adapt/PCA64 dis2_reference W=nan accuracy=0.4312 prediction=0.4184 status=ok
domainnet/1/BN_adapt/PCA128 iw_overlap_critic W=1.0 accuracy=0.4312 prediction=0.1851 status=ok
domainnet/1/BN_adapt/PCA128 iw_residual_dis2 W=1.0 accuracy=0.4312 prediction=0.6653 status=ok
domainnet/1/BN_adapt/PCA128 iw_overlap_critic W=2.0 accuracy=0.4312 prediction=0.3811 status=ok
domainnet/1/BN_adapt/PCA128 iw_residual_dis2 W=2.0 accuracy=0.4312 prediction=0.6990 status=ok
domainnet/1/BN_adapt/PCA128 iw_overlap_critic W=5.0 accuracy=0.4312 prediction=0.6191 status=ok
domainnet/1/BN_adapt/PCA128 iw_residual_dis2 W=5.0 accuracy=0.4312 prediction=0.7278 status=ok
domainnet/1/BN_adapt/PCA128 dis2_reference W=nan accuracy=0.4312 prediction=0.5488 status=ok
domainnet/2/BN_adapt/logits iw_overlap_critic W=1.0 accuracy=0.3594 prediction=0.1266 status=ok
domainnet/2/BN_adapt/logits iw_residual_dis2 W=1.0 accuracy=0.3594 prediction=0.4703 status=ok
domainnet/2/BN_adapt/logits iw_overlap_critic W=2.0 accuracy=0.3594 prediction=0.1691 status=ok
domainnet/2/BN_adapt/logits iw_residual_dis2 W=2.0 accuracy=0.3594 prediction=0.5004 status=ok
domainnet/2/BN_adapt/logits iw_overlap_critic W=5.0 accuracy=0.3594 prediction=0.2660 status=ok
domainnet/2/BN_adapt/logits iw_residual_dis2 W=5.0 accuracy=0.3594 prediction=0.5419 status=ok
domainnet/2/BN_adapt/logits dis2_reference W=nan accuracy=0.3594 prediction=0.1733 status=ok
domainnet/2/BN_adapt/features iw_overlap_critic W=1.0 accuracy=0.3594 prediction=0.1028 status=ok
domainnet/2/BN_adapt/features iw_residual_dis2 W=1.0 accuracy=0.3594 prediction=0.4254 status=ok
domainnet/2/BN_adapt/features iw_overlap_critic W=2.0 accuracy=0.3594 prediction=0.1262 status=ok
domainnet/2/BN_adapt/features iw_residual_dis2 W=2.0 accuracy=0.3594 prediction=0.4682 status=ok
domainnet/2/BN_adapt/features iw_overlap_critic W=5.0 accuracy=0.3594 prediction=0.1758 status=ok
domainnet/2/BN_adapt/features iw_residual_dis2 W=5.0 accuracy=0.3594 prediction=0.5004 status=ok
domainnet/2/BN_adapt/features dis2_reference W=nan accuracy=0.3594 prediction=0.1097 status=ok
domainnet/2/BN_adapt/PCA1 iw_overlap_critic W=1.0 accuracy=0.3594 prediction=0.1349 status=ok
domainnet/2/BN_adapt/PCA1 iw_residual_dis2 W=1.0 accuracy=0.3594 prediction=0.3989 status=ok
domainnet/2/BN_adapt/PCA1 iw_overlap_critic W=2.0 accuracy=0.3594 prediction=0.1770 status=ok
domainnet/2/BN_adapt/PCA1 iw_residual_dis2 W=2.0 accuracy=0.3594 prediction=0.4627 status=ok
domainnet/2/BN_adapt/PCA1 iw_overlap_critic W=5.0 accuracy=0.3594 prediction=0.2329 status=ok
domainnet/2/BN_adapt/PCA1 iw_residual_dis2 W=5.0 accuracy=0.3594 prediction=0.4859 status=ok
domainnet/2/BN_adapt/PCA1 dis2_reference W=nan accuracy=0.3594 prediction=0.0794 status=ok
domainnet/2/BN_adapt/PCA4 iw_overlap_critic W=1.0 accuracy=0.3594 prediction=0.1180 status=ok
domainnet/2/BN_adapt/PCA4 iw_residual_dis2 W=1.0 accuracy=0.3594 prediction=0.4266 status=ok
domainnet/2/BN_adapt/PCA4 iw_overlap_critic W=2.0 accuracy=0.3594 prediction=0.1552 status=ok
domainnet/2/BN_adapt/PCA4 iw_residual_dis2 W=2.0 accuracy=0.3594 prediction=0.4374 status=ok
domainnet/2/BN_adapt/PCA4 iw_overlap_critic W=5.0 accuracy=0.3594 prediction=0.2052 status=ok
domainnet/2/BN_adapt/PCA4 iw_residual_dis2 W=5.0 accuracy=0.3594 prediction=0.4708 status=ok
domainnet/2/BN_adapt/PCA4 dis2_reference W=nan accuracy=0.3594 prediction=0.0925 status=ok
domainnet/2/BN_adapt/PCA16 iw_overlap_critic W=1.0 accuracy=0.3594 prediction=0.1531 status=ok
domainnet/2/BN_adapt/PCA16 iw_residual_dis2 W=1.0 accuracy=0.3594 prediction=0.4312 status=ok
domainnet/2/BN_adapt/PCA16 iw_overlap_critic W=2.0 accuracy=0.3594 prediction=0.2068 status=ok
domainnet/2/BN_adapt/PCA16 iw_residual_dis2 W=2.0 accuracy=0.3594 prediction=0.4793 status=ok
domainnet/2/BN_adapt/PCA16 iw_overlap_critic W=5.0 accuracy=0.3594 prediction=0.2830 status=ok
domainnet/2/BN_adapt/PCA16 iw_residual_dis2 W=5.0 accuracy=0.3594 prediction=0.5285 status=ok
domainnet/2/BN_adapt/PCA16 dis2_reference W=nan accuracy=0.3594 prediction=0.1747 status=ok
domainnet/2/BN_adapt/PCA32 iw_overlap_critic W=1.0 accuracy=0.3594 prediction=0.1636 status=ok
domainnet/2/BN_adapt/PCA32 iw_residual_dis2 W=1.0 accuracy=0.3594 prediction=0.4213 status=ok
domainnet/2/BN_adapt/PCA32 iw_overlap_critic W=2.0 accuracy=0.3594 prediction=0.2233 status=ok
domainnet/2/BN_adapt/PCA32 iw_residual_dis2 W=2.0 accuracy=0.3594 prediction=0.4798 status=ok
domainnet/2/BN_adapt/PCA32 iw_overlap_critic W=5.0 accuracy=0.3594 prediction=0.3433 status=ok
domainnet/2/BN_adapt/PCA32 iw_residual_dis2 W=5.0 accuracy=0.3594 prediction=0.5564 status=ok
domainnet/2/BN_adapt/PCA32 dis2_reference W=nan accuracy=0.3594 prediction=0.2584 status=ok
domainnet/2/BN_adapt/PCA64 iw_overlap_critic W=1.0 accuracy=0.3594 prediction=0.1658 status=ok
domainnet/2/BN_adapt/PCA64 iw_residual_dis2 W=1.0 accuracy=0.3594 prediction=0.4956 status=ok
domainnet/2/BN_adapt/PCA64 iw_overlap_critic W=2.0 accuracy=0.3594 prediction=0.2483 status=ok
domainnet/2/BN_adapt/PCA64 iw_residual_dis2 W=2.0 accuracy=0.3594 prediction=0.5107 status=ok
domainnet/2/BN_adapt/PCA64 iw_overlap_critic W=5.0 accuracy=0.3594 prediction=0.4055 status=ok
domainnet/2/BN_adapt/PCA64 iw_residual_dis2 W=5.0 accuracy=0.3594 prediction=0.5909 status=ok
domainnet/2/BN_adapt/PCA64 dis2_reference W=nan accuracy=0.3594 prediction=0.3723 status=ok
domainnet/2/BN_adapt/PCA128 iw_overlap_critic W=1.0 accuracy=0.3594 prediction=0.1367 status=ok
domainnet/2/BN_adapt/PCA128 iw_residual_dis2 W=1.0 accuracy=0.3594 prediction=0.6372 status=ok
domainnet/2/BN_adapt/PCA128 iw_overlap_critic W=2.0 accuracy=0.3594 prediction=0.2608 status=ok
domainnet/2/BN_adapt/PCA128 iw_residual_dis2 W=2.0 accuracy=0.3594 prediction=0.6604 status=ok
domainnet/2/BN_adapt/PCA128 iw_overlap_critic W=5.0 accuracy=0.3594 prediction=0.4712 status=ok
domainnet/2/BN_adapt/PCA128 iw_residual_dis2 W=5.0 accuracy=0.3594 prediction=0.6975 status=ok
domainnet/2/BN_adapt/PCA128 dis2_reference W=nan accuracy=0.3594 prediction=0.4963 status=ok
domainnet/3/BN_adapt/logits iw_overlap_critic W=1.0 accuracy=0.4560 prediction=0.2518 status=ok
domainnet/3/BN_adapt/logits iw_residual_dis2 W=1.0 accuracy=0.4560 prediction=0.5427 status=ok
domainnet/3/BN_adapt/logits iw_overlap_critic W=2.0 accuracy=0.4560 prediction=0.3864 status=ok
domainnet/3/BN_adapt/logits iw_residual_dis2 W=2.0 accuracy=0.4560 prediction=0.5942 status=ok
domainnet/3/BN_adapt/logits iw_overlap_critic W=5.0 accuracy=0.4560 prediction=0.5451 status=ok
domainnet/3/BN_adapt/logits iw_residual_dis2 W=5.0 accuracy=0.4560 prediction=0.6644 status=ok
domainnet/3/BN_adapt/logits dis2_reference W=nan accuracy=0.4560 prediction=0.3155 status=ok
domainnet/3/BN_adapt/features iw_overlap_critic W=1.0 accuracy=0.4560 prediction=0.2581 status=ok
domainnet/3/BN_adapt/features iw_residual_dis2 W=1.0 accuracy=0.4560 prediction=0.5275 status=ok
domainnet/3/BN_adapt/features iw_overlap_critic W=2.0 accuracy=0.4560 prediction=0.3395 status=ok
domainnet/3/BN_adapt/features iw_residual_dis2 W=2.0 accuracy=0.4560 prediction=0.5887 status=ok
domainnet/3/BN_adapt/features iw_overlap_critic W=5.0 accuracy=0.4560 prediction=0.4531 status=ok
domainnet/3/BN_adapt/features iw_residual_dis2 W=5.0 accuracy=0.4560 prediction=0.6180 status=ok
/storage/homefs/tf24s166/IW_dis2/disagree_discrep_IW/src/lib/utils.py:43: FutureWarning: You are using `torch.load` with `weights_only=False` (the current default value), which uses the default pickle module implicitly. It is possible to construct malicious pickle data which will execute arbitrary code during unpickling (See https://github.com/pytorch/pytorch/blob/main/SECURITY.md#untrusted-models for more details). In a future release, the default value for `weights_only` will be flipped to `True`. This limits the functions that could be executed during unpickling. Arbitrary objects will no longer be allowed to be loaded via this mode unless they are explicitly allowlisted by the user via `torch.serialization.add_safe_globals`. We recommend you start setting `weights_only=True` for any use case where you don't have full control of the loaded file. Please open an issue on GitHub for any issues related to this experimental feature.
  lin.load_state_dict(torch.load(os.path.join(shift_dir, 'linear.pth'), map_location=device))
domainnet/3/BN_adapt/features dis2_reference W=nan accuracy=0.4560 prediction=0.2860 status=ok
domainnet/3/BN_adapt/PCA1 iw_overlap_critic W=1.0 accuracy=0.4560 prediction=0.3217 status=ok
domainnet/3/BN_adapt/PCA1 iw_residual_dis2 W=1.0 accuracy=0.4560 prediction=0.5302 status=ok
domainnet/3/BN_adapt/PCA1 iw_overlap_critic W=2.0 accuracy=0.4560 prediction=0.4443 status=ok
domainnet/3/BN_adapt/PCA1 iw_residual_dis2 W=2.0 accuracy=0.4560 prediction=0.6192 status=ok
domainnet/3/BN_adapt/PCA1 iw_overlap_critic W=5.0 accuracy=0.4560 prediction=0.5656 status=ok
domainnet/3/BN_adapt/PCA1 iw_residual_dis2 W=5.0 accuracy=0.4560 prediction=0.6637 status=ok
domainnet/3/BN_adapt/PCA1 dis2_reference W=nan accuracy=0.4560 prediction=0.2734 status=ok
domainnet/3/BN_adapt/PCA4 iw_overlap_critic W=1.0 accuracy=0.4560 prediction=0.2771 status=ok
domainnet/3/BN_adapt/PCA4 iw_residual_dis2 W=1.0 accuracy=0.4560 prediction=0.5221 status=ok
domainnet/3/BN_adapt/PCA4 iw_overlap_critic W=2.0 accuracy=0.4560 prediction=0.3775 status=ok
domainnet/3/BN_adapt/PCA4 iw_residual_dis2 W=2.0 accuracy=0.4560 prediction=0.5977 status=ok
domainnet/3/BN_adapt/PCA4 iw_overlap_critic W=5.0 accuracy=0.4560 prediction=0.5119 status=ok
domainnet/3/BN_adapt/PCA4 iw_residual_dis2 W=5.0 accuracy=0.4560 prediction=0.6364 status=ok
domainnet/3/BN_adapt/PCA4 dis2_reference W=nan accuracy=0.4560 prediction=0.2800 status=ok
domainnet/3/BN_adapt/PCA16 iw_overlap_critic W=1.0 accuracy=0.4560 prediction=0.2779 status=ok
domainnet/3/BN_adapt/PCA16 iw_residual_dis2 W=1.0 accuracy=0.4560 prediction=0.5136 status=ok
domainnet/3/BN_adapt/PCA16 iw_overlap_critic W=2.0 accuracy=0.4560 prediction=0.4059 status=ok
domainnet/3/BN_adapt/PCA16 iw_residual_dis2 W=2.0 accuracy=0.4560 prediction=0.5893 status=ok
domainnet/3/BN_adapt/PCA16 iw_overlap_critic W=5.0 accuracy=0.4560 prediction=0.5615 status=ok
domainnet/3/BN_adapt/PCA16 iw_residual_dis2 W=5.0 accuracy=0.4560 prediction=0.6435 status=ok
domainnet/3/BN_adapt/PCA16 dis2_reference W=nan accuracy=0.4560 prediction=0.3214 status=ok
domainnet/3/BN_adapt/PCA32 iw_overlap_critic W=1.0 accuracy=0.4560 prediction=0.2997 status=ok
domainnet/3/BN_adapt/PCA32 iw_residual_dis2 W=1.0 accuracy=0.4560 prediction=0.5406 status=ok
domainnet/3/BN_adapt/PCA32 iw_overlap_critic W=2.0 accuracy=0.4560 prediction=0.4500 status=ok
domainnet/3/BN_adapt/PCA32 iw_residual_dis2 W=2.0 accuracy=0.4560 prediction=0.6052 status=ok
domainnet/3/BN_adapt/PCA32 iw_overlap_critic W=5.0 accuracy=0.4560 prediction=0.6333 status=ok
domainnet/3/BN_adapt/PCA32 iw_residual_dis2 W=5.0 accuracy=0.4560 prediction=0.6978 status=ok
domainnet/3/BN_adapt/PCA32 dis2_reference W=nan accuracy=0.4560 prediction=0.3926 status=ok
domainnet/3/BN_adapt/PCA64 iw_overlap_critic W=1.0 accuracy=0.4560 prediction=0.2780 status=ok
domainnet/3/BN_adapt/PCA64 iw_residual_dis2 W=1.0 accuracy=0.4560 prediction=0.5974 status=ok
domainnet/3/BN_adapt/PCA64 iw_overlap_critic W=2.0 accuracy=0.4560 prediction=0.4855 status=ok
domainnet/3/BN_adapt/PCA64 iw_residual_dis2 W=2.0 accuracy=0.4560 prediction=0.6657 status=ok
domainnet/3/BN_adapt/PCA64 iw_overlap_critic W=5.0 accuracy=0.4560 prediction=0.6855 status=ok
domainnet/3/BN_adapt/PCA64 iw_residual_dis2 W=5.0 accuracy=0.4560 prediction=0.7319 status=ok
domainnet/3/BN_adapt/PCA64 dis2_reference W=nan accuracy=0.4560 prediction=0.4898 status=ok
domainnet/3/BN_adapt/PCA128 iw_overlap_critic W=1.0 accuracy=0.4560 prediction=0.2616 status=ok
domainnet/3/BN_adapt/PCA128 iw_residual_dis2 W=1.0 accuracy=0.4560 prediction=0.6919 status=ok
domainnet/3/BN_adapt/PCA128 iw_overlap_critic W=2.0 accuracy=0.4560 prediction=0.5475 status=ok
domainnet/3/BN_adapt/PCA128 iw_residual_dis2 W=2.0 accuracy=0.4560 prediction=0.7322 status=ok
domainnet/3/BN_adapt/PCA128 iw_overlap_critic W=5.0 accuracy=0.4560 prediction=0.7353 status=ok
domainnet/3/BN_adapt/PCA128 iw_residual_dis2 W=5.0 accuracy=0.4560 prediction=0.7587 status=ok
domainnet/3/BN_adapt/PCA128 dis2_reference W=nan accuracy=0.4560 prediction=0.6324 status=ok
domainnet/1/DANN/logits iw_overlap_critic W=1.0 accuracy=0.4659 prediction=0.3691 status=ok
domainnet/1/DANN/logits iw_residual_dis2 W=1.0 accuracy=0.4659 prediction=0.6138 status=ok
domainnet/1/DANN/logits iw_overlap_critic W=2.0 accuracy=0.4659 prediction=0.6042 status=ok
domainnet/1/DANN/logits iw_residual_dis2 W=2.0 accuracy=0.4659 prediction=0.7058 status=ok
domainnet/1/DANN/logits iw_overlap_critic W=5.0 accuracy=0.4659 prediction=0.7667 status=ok
domainnet/1/DANN/logits iw_residual_dis2 W=5.0 accuracy=0.4659 prediction=0.7806 status=ok
domainnet/1/DANN/logits dis2_reference W=nan accuracy=0.4659 prediction=0.4420 status=ok
domainnet/1/DANN/features iw_overlap_critic W=1.0 accuracy=0.4659 prediction=0.3378 status=ok
domainnet/1/DANN/features iw_residual_dis2 W=1.0 accuracy=0.4659 prediction=0.5960 status=ok
domainnet/1/DANN/features iw_overlap_critic W=2.0 accuracy=0.4659 prediction=0.4199 status=ok
domainnet/1/DANN/features iw_residual_dis2 W=2.0 accuracy=0.4659 prediction=0.6191 status=ok
domainnet/1/DANN/features iw_overlap_critic W=5.0 accuracy=0.4659 prediction=0.5410 status=ok
domainnet/1/DANN/features iw_residual_dis2 W=5.0 accuracy=0.4659 prediction=0.6897 status=ok
domainnet/1/DANN/features dis2_reference W=nan accuracy=0.4659 prediction=0.3860 status=ok
domainnet/1/DANN/PCA1 iw_overlap_critic W=1.0 accuracy=0.4659 prediction=0.3736 status=ok
domainnet/1/DANN/PCA1 iw_residual_dis2 W=1.0 accuracy=0.4659 prediction=0.5942 status=ok
domainnet/1/DANN/PCA1 iw_overlap_critic W=2.0 accuracy=0.4659 prediction=0.4959 status=ok
domainnet/1/DANN/PCA1 iw_residual_dis2 W=2.0 accuracy=0.4659 prediction=0.6495 status=ok
domainnet/1/DANN/PCA1 iw_overlap_critic W=5.0 accuracy=0.4659 prediction=0.6258 status=ok
domainnet/1/DANN/PCA1 iw_residual_dis2 W=5.0 accuracy=0.4659 prediction=0.7192 status=ok
domainnet/1/DANN/PCA1 dis2_reference W=nan accuracy=0.4659 prediction=0.3630 status=ok
domainnet/1/DANN/PCA4 iw_overlap_critic W=1.0 accuracy=0.4659 prediction=0.3878 status=ok
domainnet/1/DANN/PCA4 iw_residual_dis2 W=1.0 accuracy=0.4659 prediction=0.5869 status=ok
domainnet/1/DANN/PCA4 iw_overlap_critic W=2.0 accuracy=0.4659 prediction=0.5265 status=ok
domainnet/1/DANN/PCA4 iw_residual_dis2 W=2.0 accuracy=0.4659 prediction=0.6649 status=ok
domainnet/1/DANN/PCA4 iw_overlap_critic W=5.0 accuracy=0.4659 prediction=0.6789 status=ok
domainnet/1/DANN/PCA4 iw_residual_dis2 W=5.0 accuracy=0.4659 prediction=0.7490 status=ok
domainnet/1/DANN/PCA4 dis2_reference W=nan accuracy=0.4659 prediction=0.3801 status=ok
domainnet/1/DANN/PCA16 iw_overlap_critic W=1.0 accuracy=0.4659 prediction=0.3955 status=ok
domainnet/1/DANN/PCA16 iw_residual_dis2 W=1.0 accuracy=0.4659 prediction=0.5990 status=ok
domainnet/1/DANN/PCA16 iw_overlap_critic W=2.0 accuracy=0.4659 prediction=0.6401 status=ok
domainnet/1/DANN/PCA16 iw_residual_dis2 W=2.0 accuracy=0.4659 prediction=0.7185 status=ok
domainnet/1/DANN/PCA16 iw_overlap_critic W=5.0 accuracy=0.4659 prediction=0.7795 status=ok
domainnet/1/DANN/PCA16 iw_residual_dis2 W=5.0 accuracy=0.4659 prediction=0.7847 status=ok
domainnet/1/DANN/PCA16 dis2_reference W=nan accuracy=0.4659 prediction=0.4447 status=ok
domainnet/1/DANN/PCA32 iw_overlap_critic W=1.0 accuracy=0.4659 prediction=0.4014 status=ok
domainnet/1/DANN/PCA32 iw_residual_dis2 W=1.0 accuracy=0.4659 prediction=0.6452 status=ok
domainnet/1/DANN/PCA32 iw_overlap_critic W=2.0 accuracy=0.4659 prediction=0.7196 status=ok
domainnet/1/DANN/PCA32 iw_residual_dis2 W=2.0 accuracy=0.4659 prediction=0.7739 status=ok
domainnet/1/DANN/PCA32 iw_overlap_critic W=5.0 accuracy=0.4659 prediction=0.7950 status=ok
domainnet/1/DANN/PCA32 iw_residual_dis2 W=5.0 accuracy=0.4659 prediction=nan status=unsupported_residual_source_region
domainnet/1/DANN/PCA32 dis2_reference W=nan accuracy=0.4659 prediction=0.5165 status=ok
domainnet/1/DANN/PCA64 iw_overlap_critic W=1.0 accuracy=0.4659 prediction=0.3832 status=ok
domainnet/1/DANN/PCA64 iw_residual_dis2 W=1.0 accuracy=0.4659 prediction=0.7082 status=ok
domainnet/1/DANN/PCA64 iw_overlap_critic W=2.0 accuracy=0.4659 prediction=0.7634 status=ok
/storage/homefs/tf24s166/IW_dis2/disagree_discrep_IW/src/lib/utils.py:43: FutureWarning: You are using `torch.load` with `weights_only=False` (the current default value), which uses the default pickle module implicitly. It is possible to construct malicious pickle data which will execute arbitrary code during unpickling (See https://github.com/pytorch/pytorch/blob/main/SECURITY.md#untrusted-models for more details). In a future release, the default value for `weights_only` will be flipped to `True`. This limits the functions that could be executed during unpickling. Arbitrary objects will no longer be allowed to be loaded via this mode unless they are explicitly allowlisted by the user via `torch.serialization.add_safe_globals`. We recommend you start setting `weights_only=True` for any use case where you don't have full control of the loaded file. Please open an issue on GitHub for any issues related to this experimental feature.
  lin.load_state_dict(torch.load(os.path.join(shift_dir, 'linear.pth'), map_location=device))
/storage/homefs/tf24s166/IW_dis2/disagree_discrep_IW/src/lib/utils.py:43: FutureWarning: You are using `torch.load` with `weights_only=False` (the current default value), which uses the default pickle module implicitly. It is possible to construct malicious pickle data which will execute arbitrary code during unpickling (See https://github.com/pytorch/pytorch/blob/main/SECURITY.md#untrusted-models for more details). In a future release, the default value for `weights_only` will be flipped to `True`. This limits the functions that could be executed during unpickling. Arbitrary objects will no longer be allowed to be loaded via this mode unless they are explicitly allowlisted by the user via `torch.serialization.add_safe_globals`. We recommend you start setting `weights_only=True` for any use case where you don't have full control of the loaded file. Please open an issue on GitHub for any issues related to this experimental feature.
  lin.load_state_dict(torch.load(os.path.join(shift_dir, 'linear.pth'), map_location=device))
domainnet/1/DANN/PCA64 iw_residual_dis2 W=2.0 accuracy=0.4659 prediction=0.7903 status=ok
domainnet/1/DANN/PCA64 iw_overlap_critic W=5.0 accuracy=0.4659 prediction=0.7984 status=ok
domainnet/1/DANN/PCA64 iw_residual_dis2 W=5.0 accuracy=0.4659 prediction=0.7984 status=ok
domainnet/1/DANN/PCA64 dis2_reference W=nan accuracy=0.4659 prediction=0.5982 status=ok
domainnet/1/DANN/PCA128 iw_overlap_critic W=1.0 accuracy=0.4659 prediction=0.3667 status=ok
domainnet/1/DANN/PCA128 iw_residual_dis2 W=1.0 accuracy=0.4659 prediction=0.7745 status=ok
domainnet/1/DANN/PCA128 iw_overlap_critic W=2.0 accuracy=0.4659 prediction=0.7859 status=ok
domainnet/1/DANN/PCA128 iw_residual_dis2 W=2.0 accuracy=0.4659 prediction=0.7962 status=ok
domainnet/1/DANN/PCA128 iw_overlap_critic W=5.0 accuracy=0.4659 prediction=0.8000 status=ok
domainnet/1/DANN/PCA128 iw_residual_dis2 W=5.0 accuracy=0.4659 prediction=0.8000 status=ok
domainnet/1/DANN/PCA128 dis2_reference W=nan accuracy=0.4659 prediction=0.6971 status=ok
domainnet/2/DANN/logits iw_overlap_critic W=1.0 accuracy=0.3857 prediction=0.3499 status=ok
domainnet/2/DANN/logits iw_residual_dis2 W=1.0 accuracy=0.3857 prediction=0.6196 status=ok
domainnet/2/DANN/logits iw_overlap_critic W=2.0 accuracy=0.3857 prediction=0.5315 status=ok
domainnet/2/DANN/logits iw_residual_dis2 W=2.0 accuracy=0.3857 prediction=0.6736 status=ok
domainnet/2/DANN/logits iw_overlap_critic W=5.0 accuracy=0.3857 prediction=0.6981 status=ok
domainnet/2/DANN/logits iw_residual_dis2 W=5.0 accuracy=0.3857 prediction=0.7368 status=ok
domainnet/2/DANN/logits dis2_reference W=nan accuracy=0.3857 prediction=0.4220 status=ok
domainnet/2/DANN/features iw_overlap_critic W=1.0 accuracy=0.3857 prediction=0.2665 status=ok
domainnet/2/DANN/features iw_residual_dis2 W=1.0 accuracy=0.3857 prediction=0.5835 status=ok
domainnet/2/DANN/features iw_overlap_critic W=2.0 accuracy=0.3857 prediction=0.3273 status=ok
domainnet/2/DANN/features iw_residual_dis2 W=2.0 accuracy=0.3857 prediction=0.6185 status=ok
domainnet/2/DANN/features iw_overlap_critic W=5.0 accuracy=0.3857 prediction=0.4325 status=ok
domainnet/2/DANN/features iw_residual_dis2 W=5.0 accuracy=0.3857 prediction=0.7025 status=ok
domainnet/2/DANN/features dis2_reference W=nan accuracy=0.3857 prediction=0.3683 status=ok
domainnet/2/DANN/PCA1 iw_overlap_critic W=1.0 accuracy=0.3857 prediction=0.2935 status=ok
domainnet/2/DANN/PCA1 iw_residual_dis2 W=1.0 accuracy=0.3857 prediction=0.5594 status=ok
domainnet/2/DANN/PCA1 iw_overlap_critic W=2.0 accuracy=0.3857 prediction=0.3821 status=ok
domainnet/2/DANN/PCA1 iw_residual_dis2 W=2.0 accuracy=0.3857 prediction=0.6388 status=ok
domainnet/2/DANN/PCA1 iw_overlap_critic W=5.0 accuracy=0.3857 prediction=0.5090 status=ok
domainnet/2/DANN/PCA1 iw_residual_dis2 W=5.0 accuracy=0.3857 prediction=0.6986 status=ok
domainnet/2/DANN/PCA1 dis2_reference W=nan accuracy=0.3857 prediction=0.2978 status=ok
domainnet/2/DANN/PCA4 iw_overlap_critic W=1.0 accuracy=0.3857 prediction=0.3487 status=ok
domainnet/2/DANN/PCA4 iw_residual_dis2 W=1.0 accuracy=0.3857 prediction=0.5886 status=ok
domainnet/2/DANN/PCA4 iw_overlap_critic W=2.0 accuracy=0.3857 prediction=0.4741 status=ok
domainnet/2/DANN/PCA4 iw_residual_dis2 W=2.0 accuracy=0.3857 prediction=0.6549 status=ok
domainnet/2/DANN/PCA4 iw_overlap_critic W=5.0 accuracy=0.3857 prediction=0.6386 status=ok
domainnet/2/DANN/PCA4 iw_residual_dis2 W=5.0 accuracy=0.3857 prediction=0.6981 status=ok
domainnet/2/DANN/PCA4 dis2_reference W=nan accuracy=0.3857 prediction=0.3480 status=ok
domainnet/2/DANN/PCA16 iw_overlap_critic W=1.0 accuracy=0.3857 prediction=0.3695 status=ok
domainnet/2/DANN/PCA16 iw_residual_dis2 W=1.0 accuracy=0.3857 prediction=0.6088 status=ok
domainnet/2/DANN/PCA16 iw_overlap_critic W=2.0 accuracy=0.3857 prediction=0.5738 status=ok
domainnet/2/DANN/PCA16 iw_residual_dis2 W=2.0 accuracy=0.3857 prediction=0.6966 status=ok
domainnet/2/DANN/PCA16 iw_overlap_critic W=5.0 accuracy=0.3857 prediction=0.7352 status=ok
domainnet/2/DANN/PCA16 iw_residual_dis2 W=5.0 accuracy=0.3857 prediction=0.7561 status=ok
domainnet/2/DANN/PCA16 dis2_reference W=nan accuracy=0.3857 prediction=0.4273 status=ok
domainnet/2/DANN/PCA32 iw_overlap_critic W=1.0 accuracy=0.3857 prediction=0.3983 status=ok
domainnet/2/DANN/PCA32 iw_residual_dis2 W=1.0 accuracy=0.3857 prediction=0.6490 status=ok
domainnet/2/DANN/PCA32 iw_overlap_critic W=2.0 accuracy=0.3857 prediction=0.6390 status=ok
domainnet/2/DANN/PCA32 iw_residual_dis2 W=2.0 accuracy=0.3857 prediction=0.7229 status=ok
domainnet/2/DANN/PCA32 iw_overlap_critic W=5.0 accuracy=0.3857 prediction=0.7721 status=ok
domainnet/2/DANN/PCA32 iw_residual_dis2 W=5.0 accuracy=0.3857 prediction=0.7772 status=ok
domainnet/2/DANN/PCA32 dis2_reference W=nan accuracy=0.3857 prediction=0.5090 status=ok
domainnet/2/DANN/PCA64 iw_overlap_critic W=1.0 accuracy=0.3857 prediction=0.3602 status=ok
domainnet/2/DANN/PCA64 iw_residual_dis2 W=1.0 accuracy=0.3857 prediction=0.6855 status=ok
domainnet/2/DANN/PCA64 iw_overlap_critic W=2.0 accuracy=0.3857 prediction=0.6895 status=ok
domainnet/2/DANN/PCA64 iw_residual_dis2 W=2.0 accuracy=0.3857 prediction=0.7586 status=ok
domainnet/2/DANN/PCA64 iw_overlap_critic W=5.0 accuracy=0.3857 prediction=0.7852 status=ok
domainnet/2/DANN/PCA64 iw_residual_dis2 W=5.0 accuracy=0.3857 prediction=0.7880 status=ok
domainnet/2/DANN/PCA64 dis2_reference W=nan accuracy=0.3857 prediction=0.5861 status=ok
domainnet/2/DANN/PCA128 iw_overlap_critic W=1.0 accuracy=0.3857 prediction=0.3487 status=ok
domainnet/2/DANN/PCA128 iw_residual_dis2 W=1.0 accuracy=0.3857 prediction=0.7391 status=ok
domainnet/2/DANN/PCA128 iw_overlap_critic W=2.0 accuracy=0.3857 prediction=0.7200 status=ok
domainnet/2/DANN/PCA128 iw_residual_dis2 W=2.0 accuracy=0.3857 prediction=0.7728 status=ok
domainnet/2/DANN/PCA128 iw_overlap_critic W=5.0 accuracy=0.3857 prediction=0.7830 status=ok
domainnet/2/DANN/PCA128 iw_residual_dis2 W=5.0 accuracy=0.3857 prediction=nan status=unsupported_residual_source_region
domainnet/2/DANN/PCA128 dis2_reference W=nan accuracy=0.3857 prediction=0.7189 status=ok
domainnet/3/DANN/logits iw_overlap_critic W=1.0 accuracy=0.4719 prediction=0.3819 status=ok
domainnet/3/DANN/logits iw_residual_dis2 W=1.0 accuracy=0.4719 prediction=0.6504 status=ok
domainnet/3/DANN/logits iw_overlap_critic W=2.0 accuracy=0.4719 prediction=0.6442 status=ok
domainnet/3/DANN/logits iw_residual_dis2 W=2.0 accuracy=0.4719 prediction=0.7509 status=ok
domainnet/3/DANN/logits iw_overlap_critic W=5.0 accuracy=0.4719 prediction=0.7670 status=ok
domainnet/3/DANN/logits iw_residual_dis2 W=5.0 accuracy=0.4719 prediction=0.7853 status=ok
domainnet/3/DANN/logits dis2_reference W=nan accuracy=0.4719 prediction=0.4531 status=ok
domainnet/3/DANN/features iw_overlap_critic W=1.0 accuracy=0.4719 prediction=0.3203 status=ok
domainnet/3/DANN/features iw_residual_dis2 W=1.0 accuracy=0.4719 prediction=0.6020 status=ok
domainnet/3/DANN/features iw_overlap_critic W=2.0 accuracy=0.4719 prediction=0.4134 status=ok
domainnet/3/DANN/features iw_residual_dis2 W=2.0 accuracy=0.4719 prediction=0.6269 status=ok
domainnet/3/DANN/features iw_overlap_critic W=5.0 accuracy=0.4719 prediction=0.5409 status=ok
domainnet/3/DANN/features iw_residual_dis2 W=5.0 accuracy=0.4719 prediction=0.6903 status=ok
domainnet/3/DANN/features dis2_reference W=nan accuracy=0.4719 prediction=0.4086 status=ok
domainnet/3/DANN/PCA1 iw_overlap_critic W=1.0 accuracy=0.4719 prediction=0.3867 status=ok
domainnet/3/DANN/PCA1 iw_residual_dis2 W=1.0 accuracy=0.4719 prediction=0.6047 status=ok
domainnet/3/DANN/PCA1 iw_overlap_critic W=2.0 accuracy=0.4719 prediction=0.5176 status=ok
domainnet/3/DANN/PCA1 iw_residual_dis2 W=2.0 accuracy=0.4719 prediction=0.6669 status=ok
domainnet/3/DANN/PCA1 iw_overlap_critic W=5.0 accuracy=0.4719 prediction=0.6503 status=ok
domainnet/3/DANN/PCA1 iw_residual_dis2 W=5.0 accuracy=0.4719 prediction=0.7338 status=ok
domainnet/3/DANN/PCA1 dis2_reference W=nan accuracy=0.4719 prediction=0.3724 status=ok
domainnet/3/DANN/PCA4 iw_overlap_critic W=1.0 accuracy=0.4719 prediction=0.3523 status=ok
domainnet/3/DANN/PCA4 iw_residual_dis2 W=1.0 accuracy=0.4719 prediction=0.6313 status=ok
/storage/homefs/tf24s166/IW_dis2/disagree_discrep_IW/src/lib/utils.py:43: FutureWarning: You are using `torch.load` with `weights_only=False` (the current default value), which uses the default pickle module implicitly. It is possible to construct malicious pickle data which will execute arbitrary code during unpickling (See https://github.com/pytorch/pytorch/blob/main/SECURITY.md#untrusted-models for more details). In a future release, the default value for `weights_only` will be flipped to `True`. This limits the functions that could be executed during unpickling. Arbitrary objects will no longer be allowed to be loaded via this mode unless they are explicitly allowlisted by the user via `torch.serialization.add_safe_globals`. We recommend you start setting `weights_only=True` for any use case where you don't have full control of the loaded file. Please open an issue on GitHub for any issues related to this experimental feature.
  lin.load_state_dict(torch.load(os.path.join(shift_dir, 'linear.pth'), map_location=device))
/storage/homefs/tf24s166/IW_dis2/disagree_discrep_IW/src/lib/utils.py:43: FutureWarning: You are using `torch.load` with `weights_only=False` (the current default value), which uses the default pickle module implicitly. It is possible to construct malicious pickle data which will execute arbitrary code during unpickling (See https://github.com/pytorch/pytorch/blob/main/SECURITY.md#untrusted-models for more details). In a future release, the default value for `weights_only` will be flipped to `True`. This limits the functions that could be executed during unpickling. Arbitrary objects will no longer be allowed to be loaded via this mode unless they are explicitly allowlisted by the user via `torch.serialization.add_safe_globals`. We recommend you start setting `weights_only=True` for any use case where you don't have full control of the loaded file. Please open an issue on GitHub for any issues related to this experimental feature.
  lin.load_state_dict(torch.load(os.path.join(shift_dir, 'linear.pth'), map_location=device))
domainnet/3/DANN/PCA4 iw_overlap_critic W=2.0 accuracy=0.4719 prediction=0.4906 status=ok
domainnet/3/DANN/PCA4 iw_residual_dis2 W=2.0 accuracy=0.4719 prediction=0.6656 status=ok
domainnet/3/DANN/PCA4 iw_overlap_critic W=5.0 accuracy=0.4719 prediction=0.6299 status=ok
domainnet/3/DANN/PCA4 iw_residual_dis2 W=5.0 accuracy=0.4719 prediction=0.7155 status=ok
domainnet/3/DANN/PCA4 dis2_reference W=nan accuracy=0.4719 prediction=0.3934 status=ok
domainnet/3/DANN/PCA16 iw_overlap_critic W=1.0 accuracy=0.4719 prediction=0.3930 status=ok
domainnet/3/DANN/PCA16 iw_residual_dis2 W=1.0 accuracy=0.4719 prediction=0.6316 status=ok
domainnet/3/DANN/PCA16 iw_overlap_critic W=2.0 accuracy=0.4719 prediction=0.6499 status=ok
domainnet/3/DANN/PCA16 iw_residual_dis2 W=2.0 accuracy=0.4719 prediction=0.7446 status=ok
domainnet/3/DANN/PCA16 iw_overlap_critic W=5.0 accuracy=0.4719 prediction=0.7694 status=ok
domainnet/3/DANN/PCA16 iw_residual_dis2 W=5.0 accuracy=0.4719 prediction=0.7795 status=ok
domainnet/3/DANN/PCA16 dis2_reference W=nan accuracy=0.4719 prediction=0.4506 status=ok
domainnet/3/DANN/PCA32 iw_overlap_critic W=1.0 accuracy=0.4719 prediction=0.4078 status=ok
domainnet/3/DANN/PCA32 iw_residual_dis2 W=1.0 accuracy=0.4719 prediction=0.6691 status=ok
domainnet/3/DANN/PCA32 iw_overlap_critic W=2.0 accuracy=0.4719 prediction=0.6949 status=ok
domainnet/3/DANN/PCA32 iw_residual_dis2 W=2.0 accuracy=0.4719 prediction=0.7567 status=ok
domainnet/3/DANN/PCA32 iw_overlap_critic W=5.0 accuracy=0.4719 prediction=0.7854 status=ok
domainnet/3/DANN/PCA32 iw_residual_dis2 W=5.0 accuracy=0.4719 prediction=0.7890 status=ok
domainnet/3/DANN/PCA32 dis2_reference W=nan accuracy=0.4719 prediction=0.4975 status=ok
domainnet/3/DANN/PCA64 iw_overlap_critic W=1.0 accuracy=0.4719 prediction=0.3861 status=ok
domainnet/3/DANN/PCA64 iw_residual_dis2 W=1.0 accuracy=0.4719 prediction=0.7206 status=ok
domainnet/3/DANN/PCA64 iw_overlap_critic W=2.0 accuracy=0.4719 prediction=0.8003 status=ok
domainnet/3/DANN/PCA64 iw_residual_dis2 W=2.0 accuracy=0.4719 prediction=0.8074 status=ok
domainnet/3/DANN/PCA64 iw_overlap_critic W=5.0 accuracy=0.4719 prediction=nan status=unsupported_critic_region
domainnet/3/DANN/PCA64 iw_residual_dis2 W=5.0 accuracy=0.4719 prediction=nan status=unsupported_residual_source_region
domainnet/3/DANN/PCA64 dis2_reference W=nan accuracy=0.4719 prediction=0.6013 status=ok
domainnet/3/DANN/PCA128 iw_overlap_critic W=1.0 accuracy=0.4719 prediction=0.3832 status=ok
domainnet/3/DANN/PCA128 iw_residual_dis2 W=1.0 accuracy=0.4719 prediction=0.7753 status=ok
domainnet/3/DANN/PCA128 iw_overlap_critic W=2.0 accuracy=0.4719 prediction=0.8069 status=ok
domainnet/3/DANN/PCA128 iw_residual_dis2 W=2.0 accuracy=0.4719 prediction=0.8103 status=ok
domainnet/3/DANN/PCA128 iw_overlap_critic W=5.0 accuracy=0.4719 prediction=0.8103 status=ok
domainnet/3/DANN/PCA128 iw_residual_dis2 W=5.0 accuracy=0.4719 prediction=0.8103 status=ok
domainnet/3/DANN/PCA128 dis2_reference W=nan accuracy=0.4719 prediction=0.7130 status=ok
domainnet/1/CDANN/logits iw_overlap_critic W=1.0 accuracy=0.5121 prediction=0.3271 status=ok
domainnet/1/CDANN/logits iw_residual_dis2 W=1.0 accuracy=0.5121 prediction=0.5858 status=ok
domainnet/1/CDANN/logits iw_overlap_critic W=2.0 accuracy=0.5121 prediction=0.5147 status=ok
domainnet/1/CDANN/logits iw_residual_dis2 W=2.0 accuracy=0.5121 prediction=0.6724 status=ok
domainnet/1/CDANN/logits iw_overlap_critic W=5.0 accuracy=0.5121 prediction=0.6927 status=ok
domainnet/1/CDANN/logits iw_residual_dis2 W=5.0 accuracy=0.5121 prediction=0.7476 status=ok
domainnet/1/CDANN/logits dis2_reference W=nan accuracy=0.5121 prediction=0.4598 status=ok
domainnet/1/CDANN/features iw_overlap_critic W=1.0 accuracy=0.5121 prediction=0.3043 status=ok
domainnet/1/CDANN/features iw_residual_dis2 W=1.0 accuracy=0.5121 prediction=0.5596 status=ok
domainnet/1/CDANN/features iw_overlap_critic W=2.0 accuracy=0.5121 prediction=0.4069 status=ok
domainnet/1/CDANN/features iw_residual_dis2 W=2.0 accuracy=0.5121 prediction=0.5987 status=ok
domainnet/1/CDANN/features iw_overlap_critic W=5.0 accuracy=0.5121 prediction=0.5411 status=ok
domainnet/1/CDANN/features iw_residual_dis2 W=5.0 accuracy=0.5121 prediction=0.6607 status=ok
domainnet/1/CDANN/features dis2_reference W=nan accuracy=0.5121 prediction=0.4313 status=ok
domainnet/1/CDANN/PCA1 iw_overlap_critic W=1.0 accuracy=0.5121 prediction=0.2722 status=ok
domainnet/1/CDANN/PCA1 iw_residual_dis2 W=1.0 accuracy=0.5121 prediction=0.5330 status=ok
domainnet/1/CDANN/PCA1 iw_overlap_critic W=2.0 accuracy=0.5121 prediction=0.3460 status=ok
domainnet/1/CDANN/PCA1 iw_residual_dis2 W=2.0 accuracy=0.5121 prediction=0.5965 status=ok
domainnet/1/CDANN/PCA1 iw_overlap_critic W=5.0 accuracy=0.5121 prediction=0.4474 status=ok
domainnet/1/CDANN/PCA1 iw_residual_dis2 W=5.0 accuracy=0.5121 prediction=0.6547 status=ok
domainnet/1/CDANN/PCA1 dis2_reference W=nan accuracy=0.5121 prediction=0.4038 status=ok
domainnet/1/CDANN/PCA4 iw_overlap_critic W=1.0 accuracy=0.5121 prediction=0.3623 status=ok
domainnet/1/CDANN/PCA4 iw_residual_dis2 W=1.0 accuracy=0.5121 prediction=0.6074 status=ok
domainnet/1/CDANN/PCA4 iw_overlap_critic W=2.0 accuracy=0.5121 prediction=0.6851 status=ok
domainnet/1/CDANN/PCA4 iw_residual_dis2 W=2.0 accuracy=0.5121 prediction=0.7382 status=ok
domainnet/1/CDANN/PCA4 iw_overlap_critic W=5.0 accuracy=0.5121 prediction=0.7919 status=ok
domainnet/1/CDANN/PCA4 iw_residual_dis2 W=5.0 accuracy=0.5121 prediction=0.7947 status=ok
domainnet/1/CDANN/PCA4 dis2_reference W=nan accuracy=0.5121 prediction=0.4874 status=ok
domainnet/1/CDANN/PCA16 iw_overlap_critic W=1.0 accuracy=0.5121 prediction=0.3646 status=ok
domainnet/1/CDANN/PCA16 iw_residual_dis2 W=1.0 accuracy=0.5121 prediction=0.7429 status=ok
domainnet/1/CDANN/PCA16 iw_overlap_critic W=2.0 accuracy=0.5121 prediction=0.7733 status=ok
domainnet/1/CDANN/PCA16 iw_residual_dis2 W=2.0 accuracy=0.5121 prediction=0.7908 status=ok
domainnet/1/CDANN/PCA16 iw_overlap_critic W=5.0 accuracy=0.5121 prediction=0.7920 status=ok
domainnet/1/CDANN/PCA16 iw_residual_dis2 W=5.0 accuracy=0.5121 prediction=0.7920 status=ok
domainnet/1/CDANN/PCA16 dis2_reference W=nan accuracy=0.5121 prediction=0.6691 status=ok
domainnet/1/CDANN/PCA32 iw_overlap_critic W=1.0 accuracy=0.5121 prediction=0.3836 status=ok
domainnet/1/CDANN/PCA32 iw_residual_dis2 W=1.0 accuracy=0.5121 prediction=0.7838 status=ok
domainnet/1/CDANN/PCA32 iw_overlap_critic W=2.0 accuracy=0.5121 prediction=0.7819 status=ok
domainnet/1/CDANN/PCA32 iw_residual_dis2 W=2.0 accuracy=0.5121 prediction=0.7843 status=ok
domainnet/1/CDANN/PCA32 iw_overlap_critic W=5.0 accuracy=0.5121 prediction=0.7847 status=ok
domainnet/1/CDANN/PCA32 iw_residual_dis2 W=5.0 accuracy=0.5121 prediction=0.7847 status=ok
domainnet/1/CDANN/PCA32 dis2_reference W=nan accuracy=0.5121 prediction=0.7424 status=ok
domainnet/1/CDANN/PCA64 iw_overlap_critic W=1.0 accuracy=0.5121 prediction=0.3852 status=ok
domainnet/1/CDANN/PCA64 iw_residual_dis2 W=1.0 accuracy=0.5121 prediction=0.7932 status=ok
domainnet/1/CDANN/PCA64 iw_overlap_critic W=2.0 accuracy=0.5121 prediction=0.7848 status=ok
domainnet/1/CDANN/PCA64 iw_residual_dis2 W=2.0 accuracy=0.5121 prediction=0.7848 status=ok
domainnet/1/CDANN/PCA64 iw_overlap_critic W=5.0 accuracy=0.5121 prediction=0.7848 status=ok
domainnet/1/CDANN/PCA64 iw_residual_dis2 W=5.0 accuracy=0.5121 prediction=0.7848 status=ok
domainnet/1/CDANN/PCA64 dis2_reference W=nan accuracy=0.5121 prediction=0.7538 status=ok
domainnet/1/CDANN/PCA128 iw_overlap_critic W=1.0 accuracy=0.5121 prediction=0.3982 status=ok
domainnet/1/CDANN/PCA128 iw_residual_dis2 W=1.0 accuracy=0.5121 prediction=0.7958 status=ok
domainnet/1/CDANN/PCA128 iw_overlap_critic W=2.0 accuracy=0.5121 prediction=0.7877 status=ok
domainnet/1/CDANN/PCA128 iw_residual_dis2 W=2.0 accuracy=0.5121 prediction=0.7877 status=ok
domainnet/1/CDANN/PCA128 iw_overlap_critic W=5.0 accuracy=0.5121 prediction=0.7877 status=ok
domainnet/1/CDANN/PCA128 iw_residual_dis2 W=5.0 accuracy=0.5121 prediction=0.7877 status=ok
domainnet/1/CDANN/PCA128 dis2_reference W=nan accuracy=0.5121 prediction=0.7555 status=ok
/storage/homefs/tf24s166/IW_dis2/disagree_discrep_IW/src/lib/utils.py:43: FutureWarning: You are using `torch.load` with `weights_only=False` (the current default value), which uses the default pickle module implicitly. It is possible to construct malicious pickle data which will execute arbitrary code during unpickling (See https://github.com/pytorch/pytorch/blob/main/SECURITY.md#untrusted-models for more details). In a future release, the default value for `weights_only` will be flipped to `True`. This limits the functions that could be executed during unpickling. Arbitrary objects will no longer be allowed to be loaded via this mode unless they are explicitly allowlisted by the user via `torch.serialization.add_safe_globals`. We recommend you start setting `weights_only=True` for any use case where you don't have full control of the loaded file. Please open an issue on GitHub for any issues related to this experimental feature.
  lin.load_state_dict(torch.load(os.path.join(shift_dir, 'linear.pth'), map_location=device))
domainnet/2/CDANN/logits iw_overlap_critic W=1.0 accuracy=0.4206 prediction=0.2912 status=ok
domainnet/2/CDANN/logits iw_residual_dis2 W=1.0 accuracy=0.4206 prediction=0.5748 status=ok
domainnet/2/CDANN/logits iw_overlap_critic W=2.0 accuracy=0.4206 prediction=0.4293 status=ok
domainnet/2/CDANN/logits iw_residual_dis2 W=2.0 accuracy=0.4206 prediction=0.6364 status=ok
domainnet/2/CDANN/logits iw_overlap_critic W=5.0 accuracy=0.4206 prediction=0.6174 status=ok
domainnet/2/CDANN/logits iw_residual_dis2 W=5.0 accuracy=0.4206 prediction=0.7232 status=ok
domainnet/2/CDANN/logits dis2_reference W=nan accuracy=0.4206 prediction=0.4502 status=ok
domainnet/2/CDANN/features iw_overlap_critic W=1.0 accuracy=0.4206 prediction=0.2617 status=ok
domainnet/2/CDANN/features iw_residual_dis2 W=1.0 accuracy=0.4206 prediction=0.5529 status=ok
domainnet/2/CDANN/features iw_overlap_critic W=2.0 accuracy=0.4206 prediction=0.3231 status=ok
domainnet/2/CDANN/features iw_residual_dis2 W=2.0 accuracy=0.4206 prediction=0.5966 status=ok
domainnet/2/CDANN/features iw_overlap_critic W=5.0 accuracy=0.4206 prediction=0.4343 status=ok
domainnet/2/CDANN/features iw_residual_dis2 W=5.0 accuracy=0.4206 prediction=0.6792 status=ok
domainnet/2/CDANN/features dis2_reference W=nan accuracy=0.4206 prediction=0.4190 status=ok
domainnet/2/CDANN/PCA1 iw_overlap_critic W=1.0 accuracy=0.4206 prediction=0.2341 status=ok
domainnet/2/CDANN/PCA1 iw_residual_dis2 W=1.0 accuracy=0.4206 prediction=0.5581 status=ok
domainnet/2/CDANN/PCA1 iw_overlap_critic W=2.0 accuracy=0.4206 prediction=0.2732 status=ok
domainnet/2/CDANN/PCA1 iw_residual_dis2 W=2.0 accuracy=0.4206 prediction=0.6274 status=ok
domainnet/2/CDANN/PCA1 iw_overlap_critic W=5.0 accuracy=0.4206 prediction=0.3598 status=ok
domainnet/2/CDANN/PCA1 iw_residual_dis2 W=5.0 accuracy=0.4206 prediction=0.6482 status=ok
domainnet/2/CDANN/PCA1 dis2_reference W=nan accuracy=0.4206 prediction=0.3865 status=ok
domainnet/2/CDANN/PCA4 iw_overlap_critic W=1.0 accuracy=0.4206 prediction=0.3342 status=ok
domainnet/2/CDANN/PCA4 iw_residual_dis2 W=1.0 accuracy=0.4206 prediction=0.5810 status=ok
domainnet/2/CDANN/PCA4 iw_overlap_critic W=2.0 accuracy=0.4206 prediction=0.6233 status=ok
domainnet/2/CDANN/PCA4 iw_residual_dis2 W=2.0 accuracy=0.4206 prediction=0.7184 status=ok
domainnet/2/CDANN/PCA4 iw_overlap_critic W=5.0 accuracy=0.4206 prediction=0.7878 status=ok
domainnet/2/CDANN/PCA4 iw_residual_dis2 W=5.0 accuracy=0.4206 prediction=0.7899 status=ok
domainnet/2/CDANN/PCA4 dis2_reference W=nan accuracy=0.4206 prediction=0.4853 status=ok
domainnet/2/CDANN/PCA16 iw_overlap_critic W=1.0 accuracy=0.4206 prediction=0.3763 status=ok
domainnet/2/CDANN/PCA16 iw_residual_dis2 W=1.0 accuracy=0.4206 prediction=0.7297 status=ok
domainnet/2/CDANN/PCA16 iw_overlap_critic W=2.0 accuracy=0.4206 prediction=0.7863 status=ok
domainnet/2/CDANN/PCA16 iw_residual_dis2 W=2.0 accuracy=0.4206 prediction=0.7874 status=ok
domainnet/2/CDANN/PCA16 iw_overlap_critic W=5.0 accuracy=0.4206 prediction=0.7913 status=ok
domainnet/2/CDANN/PCA16 iw_residual_dis2 W=5.0 accuracy=0.4206 prediction=0.7913 status=ok
domainnet/2/CDANN/PCA16 dis2_reference W=nan accuracy=0.4206 prediction=0.6961 status=ok
domainnet/2/CDANN/PCA32 iw_overlap_critic W=1.0 accuracy=0.4206 prediction=0.3584 status=ok
domainnet/2/CDANN/PCA32 iw_residual_dis2 W=1.0 accuracy=0.4206 prediction=0.7784 status=ok
domainnet/2/CDANN/PCA32 iw_overlap_critic W=2.0 accuracy=0.4206 prediction=0.7901 status=ok
domainnet/2/CDANN/PCA32 iw_residual_dis2 W=2.0 accuracy=0.4206 prediction=0.7901 status=ok
domainnet/2/CDANN/PCA32 iw_overlap_critic W=5.0 accuracy=0.4206 prediction=0.7901 status=ok
domainnet/2/CDANN/PCA32 iw_residual_dis2 W=5.0 accuracy=0.4206 prediction=0.7901 status=ok
domainnet/2/CDANN/PCA32 dis2_reference W=nan accuracy=0.4206 prediction=0.7501 status=ok
domainnet/2/CDANN/PCA64 iw_overlap_critic W=1.0 accuracy=0.4206 prediction=0.3579 status=ok
domainnet/2/CDANN/PCA64 iw_residual_dis2 W=1.0 accuracy=0.4206 prediction=0.7875 status=ok
domainnet/2/CDANN/PCA64 iw_overlap_critic W=2.0 accuracy=0.4206 prediction=0.7917 status=ok
domainnet/2/CDANN/PCA64 iw_residual_dis2 W=2.0 accuracy=0.4206 prediction=0.7917 status=ok
domainnet/2/CDANN/PCA64 iw_overlap_critic W=5.0 accuracy=0.4206 prediction=0.7917 status=ok
domainnet/2/CDANN/PCA64 iw_residual_dis2 W=5.0 accuracy=0.4206 prediction=0.7917 status=ok
domainnet/2/CDANN/PCA64 dis2_reference W=nan accuracy=0.4206 prediction=0.7536 status=ok
domainnet/2/CDANN/PCA128 iw_overlap_critic W=1.0 accuracy=0.4206 prediction=0.3624 status=ok
domainnet/2/CDANN/PCA128 iw_residual_dis2 W=1.0 accuracy=0.4206 prediction=0.7862 status=ok
domainnet/2/CDANN/PCA128 iw_overlap_critic W=2.0 accuracy=0.4206 prediction=0.7939 status=ok
domainnet/2/CDANN/PCA128 iw_residual_dis2 W=2.0 accuracy=0.4206 prediction=0.7939 status=ok
domainnet/2/CDANN/PCA128 iw_overlap_critic W=5.0 accuracy=0.4206 prediction=0.7939 status=ok
domainnet/2/CDANN/PCA128 iw_residual_dis2 W=5.0 accuracy=0.4206 prediction=0.7939 status=ok
domainnet/2/CDANN/PCA128 dis2_reference W=nan accuracy=0.4206 prediction=0.7556 status=ok
domainnet/3/CDANN/logits iw_overlap_critic W=1.0 accuracy=0.4937 prediction=0.3427 status=ok
domainnet/3/CDANN/logits iw_residual_dis2 W=1.0 accuracy=0.4937 prediction=0.6374 status=ok
domainnet/3/CDANN/logits iw_overlap_critic W=2.0 accuracy=0.4937 prediction=0.5213 status=ok
domainnet/3/CDANN/logits iw_residual_dis2 W=2.0 accuracy=0.4937 prediction=0.6935 status=ok
domainnet/3/CDANN/logits iw_overlap_critic W=5.0 accuracy=0.4937 prediction=0.7166 status=ok
domainnet/3/CDANN/logits iw_residual_dis2 W=5.0 accuracy=0.4937 prediction=0.7706 status=ok
domainnet/3/CDANN/logits dis2_reference W=nan accuracy=0.4937 prediction=0.4710 status=ok
domainnet/3/CDANN/features iw_overlap_critic W=1.0 accuracy=0.4937 prediction=0.3121 status=ok
domainnet/3/CDANN/features iw_residual_dis2 W=1.0 accuracy=0.4937 prediction=0.5985 status=ok
domainnet/3/CDANN/features iw_overlap_critic W=2.0 accuracy=0.4937 prediction=0.4487 status=ok
domainnet/3/CDANN/features iw_residual_dis2 W=2.0 accuracy=0.4937 prediction=0.6508 status=ok
domainnet/3/CDANN/features iw_overlap_critic W=5.0 accuracy=0.4937 prediction=0.6103 status=ok
domainnet/3/CDANN/features iw_residual_dis2 W=5.0 accuracy=0.4937 prediction=0.7005 status=ok
domainnet/3/CDANN/features dis2_reference W=nan accuracy=0.4937 prediction=0.4425 status=ok
domainnet/3/CDANN/PCA1 iw_overlap_critic W=1.0 accuracy=0.4937 prediction=0.3133 status=ok
domainnet/3/CDANN/PCA1 iw_residual_dis2 W=1.0 accuracy=0.4937 prediction=0.6007 status=ok
domainnet/3/CDANN/PCA1 iw_overlap_critic W=2.0 accuracy=0.4937 prediction=0.4233 status=ok
domainnet/3/CDANN/PCA1 iw_residual_dis2 W=2.0 accuracy=0.4937 prediction=0.6246 status=ok
domainnet/3/CDANN/PCA1 iw_overlap_critic W=5.0 accuracy=0.4937 prediction=0.5667 status=ok
domainnet/3/CDANN/PCA1 iw_residual_dis2 W=5.0 accuracy=0.4937 prediction=0.6933 status=ok
domainnet/3/CDANN/PCA1 dis2_reference W=nan accuracy=0.4937 prediction=0.4171 status=ok
domainnet/3/CDANN/PCA4 iw_overlap_critic W=1.0 accuracy=0.4937 prediction=0.3749 status=ok
domainnet/3/CDANN/PCA4 iw_residual_dis2 W=1.0 accuracy=0.4937 prediction=0.6641 status=ok
domainnet/3/CDANN/PCA4 iw_overlap_critic W=2.0 accuracy=0.4937 prediction=0.7160 status=ok
domainnet/3/CDANN/PCA4 iw_residual_dis2 W=2.0 accuracy=0.4937 prediction=0.7845 status=ok
domainnet/3/CDANN/PCA4 iw_overlap_critic W=5.0 accuracy=0.4937 prediction=0.8091 status=ok
domainnet/3/CDANN/PCA4 iw_residual_dis2 W=5.0 accuracy=0.4937 prediction=0.8112 status=ok
domainnet/3/CDANN/PCA4 dis2_reference W=nan accuracy=0.4937 prediction=0.4713 status=ok
domainnet/3/CDANN/PCA16 iw_overlap_critic W=1.0 accuracy=0.4937 prediction=0.3370 status=ok
domainnet/3/CDANN/PCA16 iw_residual_dis2 W=1.0 accuracy=0.4937 prediction=0.7551 status=ok
domainnet/3/CDANN/PCA16 iw_overlap_critic W=2.0 accuracy=0.4937 prediction=0.7673 status=ok
domainnet/3/CDANN/PCA16 iw_residual_dis2 W=2.0 accuracy=0.4937 prediction=0.8087 status=ok
domainnet/3/CDANN/PCA16 iw_overlap_critic W=5.0 accuracy=0.4937 prediction=0.8164 status=ok
/storage/homefs/tf24s166/IW_dis2/disagree_discrep_IW/src/lib/utils.py:43: FutureWarning: You are using `torch.load` with `weights_only=False` (the current default value), which uses the default pickle module implicitly. It is possible to construct malicious pickle data which will execute arbitrary code during unpickling (See https://github.com/pytorch/pytorch/blob/main/SECURITY.md#untrusted-models for more details). In a future release, the default value for `weights_only` will be flipped to `True`. This limits the functions that could be executed during unpickling. Arbitrary objects will no longer be allowed to be loaded via this mode unless they are explicitly allowlisted by the user via `torch.serialization.add_safe_globals`. We recommend you start setting `weights_only=True` for any use case where you don't have full control of the loaded file. Please open an issue on GitHub for any issues related to this experimental feature.
  lin.load_state_dict(torch.load(os.path.join(shift_dir, 'linear.pth'), map_location=device))
/storage/homefs/tf24s166/IW_dis2/disagree_discrep_IW/src/lib/utils.py:43: FutureWarning: You are using `torch.load` with `weights_only=False` (the current default value), which uses the default pickle module implicitly. It is possible to construct malicious pickle data which will execute arbitrary code during unpickling (See https://github.com/pytorch/pytorch/blob/main/SECURITY.md#untrusted-models for more details). In a future release, the default value for `weights_only` will be flipped to `True`. This limits the functions that could be executed during unpickling. Arbitrary objects will no longer be allowed to be loaded via this mode unless they are explicitly allowlisted by the user via `torch.serialization.add_safe_globals`. We recommend you start setting `weights_only=True` for any use case where you don't have full control of the loaded file. Please open an issue on GitHub for any issues related to this experimental feature.
  lin.load_state_dict(torch.load(os.path.join(shift_dir, 'linear.pth'), map_location=device))
domainnet/3/CDANN/PCA16 iw_residual_dis2 W=5.0 accuracy=0.4937 prediction=0.8164 status=ok
domainnet/3/CDANN/PCA16 dis2_reference W=nan accuracy=0.4937 prediction=0.6731 status=ok
domainnet/3/CDANN/PCA32 iw_overlap_critic W=1.0 accuracy=0.4937 prediction=0.3387 status=ok
domainnet/3/CDANN/PCA32 iw_residual_dis2 W=1.0 accuracy=0.4937 prediction=0.8009 status=ok
domainnet/3/CDANN/PCA32 iw_overlap_critic W=2.0 accuracy=0.4937 prediction=0.7904 status=ok
domainnet/3/CDANN/PCA32 iw_residual_dis2 W=2.0 accuracy=0.4937 prediction=0.8153 status=ok
domainnet/3/CDANN/PCA32 iw_overlap_critic W=5.0 accuracy=0.4937 prediction=0.8174 status=ok
domainnet/3/CDANN/PCA32 iw_residual_dis2 W=5.0 accuracy=0.4937 prediction=0.8174 status=ok
domainnet/3/CDANN/PCA32 dis2_reference W=nan accuracy=0.4937 prediction=0.7388 status=ok
domainnet/3/CDANN/PCA64 iw_overlap_critic W=1.0 accuracy=0.4937 prediction=0.3584 status=ok
domainnet/3/CDANN/PCA64 iw_residual_dis2 W=1.0 accuracy=0.4937 prediction=0.8128 status=ok
domainnet/3/CDANN/PCA64 iw_overlap_critic W=2.0 accuracy=0.4937 prediction=0.7979 status=ok
domainnet/3/CDANN/PCA64 iw_residual_dis2 W=2.0 accuracy=0.4937 prediction=0.8157 status=ok
domainnet/3/CDANN/PCA64 iw_overlap_critic W=5.0 accuracy=0.4937 prediction=0.8157 status=ok
domainnet/3/CDANN/PCA64 iw_residual_dis2 W=5.0 accuracy=0.4937 prediction=0.8157 status=ok
domainnet/3/CDANN/PCA64 dis2_reference W=nan accuracy=0.4937 prediction=0.7618 status=ok
domainnet/3/CDANN/PCA128 iw_overlap_critic W=1.0 accuracy=0.4937 prediction=0.3820 status=ok
domainnet/3/CDANN/PCA128 iw_residual_dis2 W=1.0 accuracy=0.4937 prediction=0.8144 status=ok
domainnet/3/CDANN/PCA128 iw_overlap_critic W=2.0 accuracy=0.4937 prediction=0.8156 status=ok
domainnet/3/CDANN/PCA128 iw_residual_dis2 W=2.0 accuracy=0.4937 prediction=0.8172 status=ok
domainnet/3/CDANN/PCA128 iw_overlap_critic W=5.0 accuracy=0.4937 prediction=0.8172 status=ok
domainnet/3/CDANN/PCA128 iw_residual_dis2 W=5.0 accuracy=0.4937 prediction=0.8172 status=ok
domainnet/3/CDANN/PCA128 dis2_reference W=nan accuracy=0.4937 prediction=0.7610 status=ok
domainnet/1/FixMatch/logits iw_overlap_critic W=1.0 accuracy=0.5799 prediction=0.1774 status=ok
domainnet/1/FixMatch/logits iw_residual_dis2 W=1.0 accuracy=0.5799 prediction=0.5449 status=ok
domainnet/1/FixMatch/logits iw_overlap_critic W=2.0 accuracy=0.5799 prediction=0.2860 status=ok
domainnet/1/FixMatch/logits iw_residual_dis2 W=2.0 accuracy=0.5799 prediction=0.6180 status=ok
domainnet/1/FixMatch/logits iw_overlap_critic W=5.0 accuracy=0.5799 prediction=0.4339 status=ok
domainnet/1/FixMatch/logits iw_residual_dis2 W=5.0 accuracy=0.5799 prediction=0.6543 status=ok
domainnet/1/FixMatch/logits dis2_reference W=nan accuracy=0.5799 prediction=0.3158 status=ok
domainnet/1/FixMatch/features iw_overlap_critic W=1.0 accuracy=0.5799 prediction=0.1608 status=ok
domainnet/1/FixMatch/features iw_residual_dis2 W=1.0 accuracy=0.5799 prediction=0.5601 status=ok
domainnet/1/FixMatch/features iw_overlap_critic W=2.0 accuracy=0.5799 prediction=0.2205 status=ok
domainnet/1/FixMatch/features iw_residual_dis2 W=2.0 accuracy=0.5799 prediction=0.5918 status=ok
domainnet/1/FixMatch/features iw_overlap_critic W=5.0 accuracy=0.5799 prediction=0.3236 status=ok
domainnet/1/FixMatch/features iw_residual_dis2 W=5.0 accuracy=0.5799 prediction=0.6218 status=ok
domainnet/1/FixMatch/features dis2_reference W=nan accuracy=0.5799 prediction=0.2623 status=ok
domainnet/1/FixMatch/PCA1 iw_overlap_critic W=1.0 accuracy=0.5799 prediction=0.2350 status=ok
domainnet/1/FixMatch/PCA1 iw_residual_dis2 W=1.0 accuracy=0.5799 prediction=0.5048 status=ok
domainnet/1/FixMatch/PCA1 iw_overlap_critic W=2.0 accuracy=0.5799 prediction=0.3214 status=ok
domainnet/1/FixMatch/PCA1 iw_residual_dis2 W=2.0 accuracy=0.5799 prediction=0.5747 status=ok
domainnet/1/FixMatch/PCA1 iw_overlap_critic W=5.0 accuracy=0.5799 prediction=0.4372 status=ok
domainnet/1/FixMatch/PCA1 iw_residual_dis2 W=5.0 accuracy=0.5799 prediction=0.6640 status=ok
domainnet/1/FixMatch/PCA1 dis2_reference W=nan accuracy=0.5799 prediction=0.2439 status=ok
domainnet/1/FixMatch/PCA4 iw_overlap_critic W=1.0 accuracy=0.5799 prediction=0.1886 status=ok
domainnet/1/FixMatch/PCA4 iw_residual_dis2 W=1.0 accuracy=0.5799 prediction=0.5411 status=ok
domainnet/1/FixMatch/PCA4 iw_overlap_critic W=2.0 accuracy=0.5799 prediction=0.2480 status=ok
domainnet/1/FixMatch/PCA4 iw_residual_dis2 W=2.0 accuracy=0.5799 prediction=0.5964 status=ok
domainnet/1/FixMatch/PCA4 iw_overlap_critic W=5.0 accuracy=0.5799 prediction=0.3707 status=ok
domainnet/1/FixMatch/PCA4 iw_residual_dis2 W=5.0 accuracy=0.5799 prediction=0.6242 status=ok
domainnet/1/FixMatch/PCA4 dis2_reference W=nan accuracy=0.5799 prediction=0.2562 status=ok
domainnet/1/FixMatch/PCA16 iw_overlap_critic W=1.0 accuracy=0.5799 prediction=0.2317 status=ok
domainnet/1/FixMatch/PCA16 iw_residual_dis2 W=1.0 accuracy=0.5799 prediction=0.5266 status=ok
domainnet/1/FixMatch/PCA16 iw_overlap_critic W=2.0 accuracy=0.5799 prediction=0.3386 status=ok
domainnet/1/FixMatch/PCA16 iw_residual_dis2 W=2.0 accuracy=0.5799 prediction=0.6082 status=ok
domainnet/1/FixMatch/PCA16 iw_overlap_critic W=5.0 accuracy=0.5799 prediction=0.5012 status=ok
domainnet/1/FixMatch/PCA16 iw_residual_dis2 W=5.0 accuracy=0.5799 prediction=0.6714 status=ok
domainnet/1/FixMatch/PCA16 dis2_reference W=nan accuracy=0.5799 prediction=0.3215 status=ok
domainnet/1/FixMatch/PCA32 iw_overlap_critic W=1.0 accuracy=0.5799 prediction=0.2765 status=ok
domainnet/1/FixMatch/PCA32 iw_residual_dis2 W=1.0 accuracy=0.5799 prediction=0.5658 status=ok
domainnet/1/FixMatch/PCA32 iw_overlap_critic W=2.0 accuracy=0.5799 prediction=0.4223 status=ok
domainnet/1/FixMatch/PCA32 iw_residual_dis2 W=2.0 accuracy=0.5799 prediction=0.6342 status=ok
domainnet/1/FixMatch/PCA32 iw_overlap_critic W=5.0 accuracy=0.5799 prediction=0.6104 status=ok
domainnet/1/FixMatch/PCA32 iw_residual_dis2 W=5.0 accuracy=0.5799 prediction=0.7290 status=ok
domainnet/1/FixMatch/PCA32 dis2_reference W=nan accuracy=0.5799 prediction=0.3795 status=ok
domainnet/1/FixMatch/PCA64 iw_overlap_critic W=1.0 accuracy=0.5799 prediction=0.2753 status=ok
domainnet/1/FixMatch/PCA64 iw_residual_dis2 W=1.0 accuracy=0.5799 prediction=0.6359 status=ok
domainnet/1/FixMatch/PCA64 iw_overlap_critic W=2.0 accuracy=0.5799 prediction=0.5003 status=ok
domainnet/1/FixMatch/PCA64 iw_residual_dis2 W=2.0 accuracy=0.5799 prediction=0.7223 status=ok
domainnet/1/FixMatch/PCA64 iw_overlap_critic W=5.0 accuracy=0.5799 prediction=0.7244 status=ok
domainnet/1/FixMatch/PCA64 iw_residual_dis2 W=5.0 accuracy=0.5799 prediction=0.7833 status=ok
domainnet/1/FixMatch/PCA64 dis2_reference W=nan accuracy=0.5799 prediction=0.5004 status=ok
domainnet/1/FixMatch/PCA128 iw_overlap_critic W=1.0 accuracy=0.5799 prediction=0.2780 status=ok
domainnet/1/FixMatch/PCA128 iw_residual_dis2 W=1.0 accuracy=0.5799 prediction=0.7439 status=ok
domainnet/1/FixMatch/PCA128 iw_overlap_critic W=2.0 accuracy=0.5799 prediction=0.6015 status=ok
domainnet/1/FixMatch/PCA128 iw_residual_dis2 W=2.0 accuracy=0.5799 prediction=0.7899 status=ok
domainnet/1/FixMatch/PCA128 iw_overlap_critic W=5.0 accuracy=0.5799 prediction=0.7964 status=ok
domainnet/1/FixMatch/PCA128 iw_residual_dis2 W=5.0 accuracy=0.5799 prediction=0.8119 status=ok
domainnet/1/FixMatch/PCA128 dis2_reference W=nan accuracy=0.5799 prediction=0.6352 status=ok
domainnet/2/FixMatch/logits iw_overlap_critic W=1.0 accuracy=0.4798 prediction=0.1668 status=ok
domainnet/2/FixMatch/logits iw_residual_dis2 W=1.0 accuracy=0.4798 prediction=0.4896 status=ok
domainnet/2/FixMatch/logits iw_overlap_critic W=2.0 accuracy=0.4798 prediction=0.2527 status=ok
domainnet/2/FixMatch/logits iw_residual_dis2 W=2.0 accuracy=0.4798 prediction=0.5473 status=ok
domainnet/2/FixMatch/logits iw_overlap_critic W=5.0 accuracy=0.4798 prediction=0.3903 status=ok
domainnet/2/FixMatch/logits iw_residual_dis2 W=5.0 accuracy=0.4798 prediction=0.6522 status=ok
domainnet/2/FixMatch/logits dis2_reference W=nan accuracy=0.4798 prediction=0.2822 status=ok
domainnet/2/FixMatch/features iw_overlap_critic W=1.0 accuracy=0.4798 prediction=0.1271 status=ok
/storage/homefs/tf24s166/IW_dis2/disagree_discrep_IW/src/lib/utils.py:43: FutureWarning: You are using `torch.load` with `weights_only=False` (the current default value), which uses the default pickle module implicitly. It is possible to construct malicious pickle data which will execute arbitrary code during unpickling (See https://github.com/pytorch/pytorch/blob/main/SECURITY.md#untrusted-models for more details). In a future release, the default value for `weights_only` will be flipped to `True`. This limits the functions that could be executed during unpickling. Arbitrary objects will no longer be allowed to be loaded via this mode unless they are explicitly allowlisted by the user via `torch.serialization.add_safe_globals`. We recommend you start setting `weights_only=True` for any use case where you don't have full control of the loaded file. Please open an issue on GitHub for any issues related to this experimental feature.
  lin.load_state_dict(torch.load(os.path.join(shift_dir, 'linear.pth'), map_location=device))
domainnet/2/FixMatch/features iw_residual_dis2 W=1.0 accuracy=0.4798 prediction=0.5482 status=ok
domainnet/2/FixMatch/features iw_overlap_critic W=2.0 accuracy=0.4798 prediction=0.1584 status=ok
domainnet/2/FixMatch/features iw_residual_dis2 W=2.0 accuracy=0.4798 prediction=0.5366 status=ok
domainnet/2/FixMatch/features iw_overlap_critic W=5.0 accuracy=0.4798 prediction=0.2110 status=ok
domainnet/2/FixMatch/features iw_residual_dis2 W=5.0 accuracy=0.4798 prediction=0.5193 status=ok
domainnet/2/FixMatch/features dis2_reference W=nan accuracy=0.4798 prediction=0.2329 status=ok
domainnet/2/FixMatch/PCA1 iw_overlap_critic W=1.0 accuracy=0.4798 prediction=0.1631 status=ok
domainnet/2/FixMatch/PCA1 iw_residual_dis2 W=1.0 accuracy=0.4798 prediction=0.4937 status=ok
domainnet/2/FixMatch/PCA1 iw_overlap_critic W=2.0 accuracy=0.4798 prediction=0.2082 status=ok
domainnet/2/FixMatch/PCA1 iw_residual_dis2 W=2.0 accuracy=0.4798 prediction=0.5605 status=ok
domainnet/2/FixMatch/PCA1 iw_overlap_critic W=5.0 accuracy=0.4798 prediction=0.2820 status=ok
domainnet/2/FixMatch/PCA1 iw_residual_dis2 W=5.0 accuracy=0.4798 prediction=0.6330 status=ok
domainnet/2/FixMatch/PCA1 dis2_reference W=nan accuracy=0.4798 prediction=0.1753 status=ok
domainnet/2/FixMatch/PCA4 iw_overlap_critic W=1.0 accuracy=0.4798 prediction=0.1445 status=ok
domainnet/2/FixMatch/PCA4 iw_residual_dis2 W=1.0 accuracy=0.4798 prediction=0.5082 status=ok
domainnet/2/FixMatch/PCA4 iw_overlap_critic W=2.0 accuracy=0.4798 prediction=0.1888 status=ok
domainnet/2/FixMatch/PCA4 iw_residual_dis2 W=2.0 accuracy=0.4798 prediction=0.5492 status=ok
domainnet/2/FixMatch/PCA4 iw_overlap_critic W=5.0 accuracy=0.4798 prediction=0.2523 status=ok
domainnet/2/FixMatch/PCA4 iw_residual_dis2 W=5.0 accuracy=0.4798 prediction=0.5797 status=ok
domainnet/2/FixMatch/PCA4 dis2_reference W=nan accuracy=0.4798 prediction=0.2121 status=ok
domainnet/2/FixMatch/PCA16 iw_overlap_critic W=1.0 accuracy=0.4798 prediction=0.2211 status=ok
domainnet/2/FixMatch/PCA16 iw_residual_dis2 W=1.0 accuracy=0.4798 prediction=0.4723 status=ok
domainnet/2/FixMatch/PCA16 iw_overlap_critic W=2.0 accuracy=0.4798 prediction=0.3393 status=ok
domainnet/2/FixMatch/PCA16 iw_residual_dis2 W=2.0 accuracy=0.4798 prediction=0.5440 status=ok
domainnet/2/FixMatch/PCA16 iw_overlap_critic W=5.0 accuracy=0.4798 prediction=0.5046 status=ok
domainnet/2/FixMatch/PCA16 iw_residual_dis2 W=5.0 accuracy=0.4798 prediction=0.6693 status=ok
domainnet/2/FixMatch/PCA16 dis2_reference W=nan accuracy=0.4798 prediction=0.2974 status=ok
domainnet/2/FixMatch/PCA32 iw_overlap_critic W=1.0 accuracy=0.4798 prediction=0.2750 status=ok
domainnet/2/FixMatch/PCA32 iw_residual_dis2 W=1.0 accuracy=0.4798 prediction=0.5133 status=ok
domainnet/2/FixMatch/PCA32 iw_overlap_critic W=2.0 accuracy=0.4798 prediction=0.4397 status=ok
domainnet/2/FixMatch/PCA32 iw_residual_dis2 W=2.0 accuracy=0.4798 prediction=0.6216 status=ok
domainnet/2/FixMatch/PCA32 iw_overlap_critic W=5.0 accuracy=0.4798 prediction=0.6526 status=ok
domainnet/2/FixMatch/PCA32 iw_residual_dis2 W=5.0 accuracy=0.4798 prediction=0.7442 status=ok
domainnet/2/FixMatch/PCA32 dis2_reference W=nan accuracy=0.4798 prediction=0.3782 status=ok
domainnet/2/FixMatch/PCA64 iw_overlap_critic W=1.0 accuracy=0.4798 prediction=0.2913 status=ok
domainnet/2/FixMatch/PCA64 iw_residual_dis2 W=1.0 accuracy=0.4798 prediction=0.5967 status=ok
domainnet/2/FixMatch/PCA64 iw_overlap_critic W=2.0 accuracy=0.4798 prediction=0.5298 status=ok
domainnet/2/FixMatch/PCA64 iw_residual_dis2 W=2.0 accuracy=0.4798 prediction=0.7143 status=ok
domainnet/2/FixMatch/PCA64 iw_overlap_critic W=5.0 accuracy=0.4798 prediction=0.7594 status=ok
domainnet/2/FixMatch/PCA64 iw_residual_dis2 W=5.0 accuracy=0.4798 prediction=0.8021 status=ok
domainnet/2/FixMatch/PCA64 dis2_reference W=nan accuracy=0.4798 prediction=0.4871 status=ok
domainnet/2/FixMatch/PCA128 iw_overlap_critic W=1.0 accuracy=0.4798 prediction=0.2842 status=ok
domainnet/2/FixMatch/PCA128 iw_residual_dis2 W=1.0 accuracy=0.4798 prediction=0.7570 status=ok
domainnet/2/FixMatch/PCA128 iw_overlap_critic W=2.0 accuracy=0.4798 prediction=0.6345 status=ok
domainnet/2/FixMatch/PCA128 iw_residual_dis2 W=2.0 accuracy=0.4798 prediction=0.7909 status=ok
domainnet/2/FixMatch/PCA128 iw_overlap_critic W=5.0 accuracy=0.4798 prediction=0.7989 status=ok
domainnet/2/FixMatch/PCA128 iw_residual_dis2 W=5.0 accuracy=0.4798 prediction=0.8141 status=ok
domainnet/2/FixMatch/PCA128 dis2_reference W=nan accuracy=0.4798 prediction=0.6441 status=ok
domainnet/3/FixMatch/logits iw_overlap_critic W=1.0 accuracy=0.5336 prediction=0.2438 status=ok
domainnet/3/FixMatch/logits iw_residual_dis2 W=1.0 accuracy=0.5336 prediction=0.5551 status=ok
domainnet/3/FixMatch/logits iw_overlap_critic W=2.0 accuracy=0.5336 prediction=0.3630 status=ok
domainnet/3/FixMatch/logits iw_residual_dis2 W=2.0 accuracy=0.5336 prediction=0.6175 status=ok
domainnet/3/FixMatch/logits iw_overlap_critic W=5.0 accuracy=0.5336 prediction=0.5402 status=ok
domainnet/3/FixMatch/logits iw_residual_dis2 W=5.0 accuracy=0.5336 prediction=0.6654 status=ok
domainnet/3/FixMatch/logits dis2_reference W=nan accuracy=0.5336 prediction=0.3421 status=ok
domainnet/3/FixMatch/features iw_overlap_critic W=1.0 accuracy=0.5336 prediction=0.2374 status=ok
domainnet/3/FixMatch/features iw_residual_dis2 W=1.0 accuracy=0.5336 prediction=0.5682 status=ok
domainnet/3/FixMatch/features iw_overlap_critic W=2.0 accuracy=0.5336 prediction=0.3192 status=ok
domainnet/3/FixMatch/features iw_residual_dis2 W=2.0 accuracy=0.5336 prediction=0.5619 status=ok
domainnet/3/FixMatch/features iw_overlap_critic W=5.0 accuracy=0.5336 prediction=0.4342 status=ok
domainnet/3/FixMatch/features iw_residual_dis2 W=5.0 accuracy=0.5336 prediction=0.6340 status=ok
domainnet/3/FixMatch/features dis2_reference W=nan accuracy=0.5336 prediction=0.3008 status=ok
domainnet/3/FixMatch/PCA1 iw_overlap_critic W=1.0 accuracy=0.5336 prediction=0.2828 status=ok
domainnet/3/FixMatch/PCA1 iw_residual_dis2 W=1.0 accuracy=0.5336 prediction=0.5385 status=ok
domainnet/3/FixMatch/PCA1 iw_overlap_critic W=2.0 accuracy=0.5336 prediction=0.3966 status=ok
domainnet/3/FixMatch/PCA1 iw_residual_dis2 W=2.0 accuracy=0.5336 prediction=0.6062 status=ok
domainnet/3/FixMatch/PCA1 iw_overlap_critic W=5.0 accuracy=0.5336 prediction=0.5409 status=ok
domainnet/3/FixMatch/PCA1 iw_residual_dis2 W=5.0 accuracy=0.5336 prediction=0.6637 status=ok
domainnet/3/FixMatch/PCA1 dis2_reference W=nan accuracy=0.5336 prediction=0.2790 status=ok
domainnet/3/FixMatch/PCA4 iw_overlap_critic W=1.0 accuracy=0.5336 prediction=0.2601 status=ok
domainnet/3/FixMatch/PCA4 iw_residual_dis2 W=1.0 accuracy=0.5336 prediction=0.5486 status=ok
domainnet/3/FixMatch/PCA4 iw_overlap_critic W=2.0 accuracy=0.5336 prediction=0.3417 status=ok
domainnet/3/FixMatch/PCA4 iw_residual_dis2 W=2.0 accuracy=0.5336 prediction=0.5749 status=ok
domainnet/3/FixMatch/PCA4 iw_overlap_critic W=5.0 accuracy=0.5336 prediction=0.4808 status=ok
domainnet/3/FixMatch/PCA4 iw_residual_dis2 W=5.0 accuracy=0.5336 prediction=0.6446 status=ok
domainnet/3/FixMatch/PCA4 dis2_reference W=nan accuracy=0.5336 prediction=0.2857 status=ok
domainnet/3/FixMatch/PCA16 iw_overlap_critic W=1.0 accuracy=0.5336 prediction=0.2753 status=ok
domainnet/3/FixMatch/PCA16 iw_residual_dis2 W=1.0 accuracy=0.5336 prediction=0.5473 status=ok
domainnet/3/FixMatch/PCA16 iw_overlap_critic W=2.0 accuracy=0.5336 prediction=0.3915 status=ok
domainnet/3/FixMatch/PCA16 iw_residual_dis2 W=2.0 accuracy=0.5336 prediction=0.6007 status=ok
domainnet/3/FixMatch/PCA16 iw_overlap_critic W=5.0 accuracy=0.5336 prediction=0.5653 status=ok
domainnet/3/FixMatch/PCA16 iw_residual_dis2 W=5.0 accuracy=0.5336 prediction=0.6593 status=ok
domainnet/3/FixMatch/PCA16 dis2_reference W=nan accuracy=0.5336 prediction=0.3404 status=ok
domainnet/3/FixMatch/PCA32 iw_overlap_critic W=1.0 accuracy=0.5336 prediction=0.2717 status=ok
domainnet/3/FixMatch/PCA32 iw_residual_dis2 W=1.0 accuracy=0.5336 prediction=0.5587 status=ok
domainnet/3/FixMatch/PCA32 iw_overlap_critic W=2.0 accuracy=0.5336 prediction=0.4682 status=ok
/storage/homefs/tf24s166/IW_dis2/disagree_discrep_IW/src/lib/utils.py:43: FutureWarning: You are using `torch.load` with `weights_only=False` (the current default value), which uses the default pickle module implicitly. It is possible to construct malicious pickle data which will execute arbitrary code during unpickling (See https://github.com/pytorch/pytorch/blob/main/SECURITY.md#untrusted-models for more details). In a future release, the default value for `weights_only` will be flipped to `True`. This limits the functions that could be executed during unpickling. Arbitrary objects will no longer be allowed to be loaded via this mode unless they are explicitly allowlisted by the user via `torch.serialization.add_safe_globals`. We recommend you start setting `weights_only=True` for any use case where you don't have full control of the loaded file. Please open an issue on GitHub for any issues related to this experimental feature.
  lin.load_state_dict(torch.load(os.path.join(shift_dir, 'linear.pth'), map_location=device))
/storage/homefs/tf24s166/IW_dis2/disagree_discrep_IW/src/lib/utils.py:43: FutureWarning: You are using `torch.load` with `weights_only=False` (the current default value), which uses the default pickle module implicitly. It is possible to construct malicious pickle data which will execute arbitrary code during unpickling (See https://github.com/pytorch/pytorch/blob/main/SECURITY.md#untrusted-models for more details). In a future release, the default value for `weights_only` will be flipped to `True`. This limits the functions that could be executed during unpickling. Arbitrary objects will no longer be allowed to be loaded via this mode unless they are explicitly allowlisted by the user via `torch.serialization.add_safe_globals`. We recommend you start setting `weights_only=True` for any use case where you don't have full control of the loaded file. Please open an issue on GitHub for any issues related to this experimental feature.
  lin.load_state_dict(torch.load(os.path.join(shift_dir, 'linear.pth'), map_location=device))
domainnet/3/FixMatch/PCA32 iw_residual_dis2 W=2.0 accuracy=0.5336 prediction=0.6367 status=ok
domainnet/3/FixMatch/PCA32 iw_overlap_critic W=5.0 accuracy=0.5336 prediction=0.6873 status=ok
domainnet/3/FixMatch/PCA32 iw_residual_dis2 W=5.0 accuracy=0.5336 prediction=0.7390 status=ok
domainnet/3/FixMatch/PCA32 dis2_reference W=nan accuracy=0.5336 prediction=0.4000 status=ok
domainnet/3/FixMatch/PCA64 iw_overlap_critic W=1.0 accuracy=0.5336 prediction=0.2720 status=ok
domainnet/3/FixMatch/PCA64 iw_residual_dis2 W=1.0 accuracy=0.5336 prediction=0.6374 status=ok
domainnet/3/FixMatch/PCA64 iw_overlap_critic W=2.0 accuracy=0.5336 prediction=0.4997 status=ok
domainnet/3/FixMatch/PCA64 iw_residual_dis2 W=2.0 accuracy=0.5336 prediction=0.6958 status=ok
domainnet/3/FixMatch/PCA64 iw_overlap_critic W=5.0 accuracy=0.5336 prediction=0.7298 status=ok
domainnet/3/FixMatch/PCA64 iw_residual_dis2 W=5.0 accuracy=0.5336 prediction=0.7755 status=ok
domainnet/3/FixMatch/PCA64 dis2_reference W=nan accuracy=0.5336 prediction=0.5024 status=ok
domainnet/3/FixMatch/PCA128 iw_overlap_critic W=1.0 accuracy=0.5336 prediction=0.2569 status=ok
domainnet/3/FixMatch/PCA128 iw_residual_dis2 W=1.0 accuracy=0.5336 prediction=0.7309 status=ok
domainnet/3/FixMatch/PCA128 iw_overlap_critic W=2.0 accuracy=0.5336 prediction=0.5536 status=ok
domainnet/3/FixMatch/PCA128 iw_residual_dis2 W=2.0 accuracy=0.5336 prediction=0.7675 status=ok
domainnet/3/FixMatch/PCA128 iw_overlap_critic W=5.0 accuracy=0.5336 prediction=0.7666 status=ok
domainnet/3/FixMatch/PCA128 iw_residual_dis2 W=5.0 accuracy=0.5336 prediction=0.7952 status=ok
domainnet/3/FixMatch/PCA128 dis2_reference W=nan accuracy=0.5336 prediction=0.6364 status=ok
Missing features: living17/ERM-aug-imagenet/1; skipping.
Missing features: living17/ERM-aug-imagenet/2; skipping.
Missing features: living17/ERM-aug-imagenet/3; skipping.
living17/1/ERM-aug-rand/logits iw_overlap_critic W=1.0 accuracy=0.5886 prediction=0.4634 status=ok
living17/1/ERM-aug-rand/logits iw_residual_dis2 W=1.0 accuracy=0.5886 prediction=0.8505 status=ok
living17/1/ERM-aug-rand/logits iw_overlap_critic W=2.0 accuracy=0.5886 prediction=0.8783 status=ok
living17/1/ERM-aug-rand/logits iw_residual_dis2 W=2.0 accuracy=0.5886 prediction=nan status=unsupported_critic_region
living17/1/ERM-aug-rand/logits iw_overlap_critic W=5.0 accuracy=0.5886 prediction=0.8801 status=ok
living17/1/ERM-aug-rand/logits iw_residual_dis2 W=5.0 accuracy=0.5886 prediction=0.8801 status=ok
living17/1/ERM-aug-rand/logits dis2_reference W=nan accuracy=0.5886 prediction=0.5802 status=ok
living17/1/ERM-aug-rand/features iw_overlap_critic W=1.0 accuracy=0.5886 prediction=0.3909 status=ok
living17/1/ERM-aug-rand/features iw_residual_dis2 W=1.0 accuracy=0.5886 prediction=0.6921 status=ok
living17/1/ERM-aug-rand/features iw_overlap_critic W=2.0 accuracy=0.5886 prediction=0.6814 status=ok
living17/1/ERM-aug-rand/features iw_residual_dis2 W=2.0 accuracy=0.5886 prediction=0.7916 status=ok
living17/1/ERM-aug-rand/features iw_overlap_critic W=5.0 accuracy=0.5886 prediction=0.8290 status=ok
living17/1/ERM-aug-rand/features iw_residual_dis2 W=5.0 accuracy=0.5886 prediction=0.8315 status=ok
living17/1/ERM-aug-rand/features dis2_reference W=nan accuracy=0.5886 prediction=0.3918 status=ok
living17/1/ERM-aug-rand/PCA1 iw_overlap_critic W=1.0 accuracy=0.5886 prediction=0.4507 status=ok
living17/1/ERM-aug-rand/PCA1 iw_residual_dis2 W=1.0 accuracy=0.5886 prediction=0.7444 status=ok
living17/1/ERM-aug-rand/PCA1 iw_overlap_critic W=2.0 accuracy=0.5886 prediction=0.7083 status=ok
living17/1/ERM-aug-rand/PCA1 iw_residual_dis2 W=2.0 accuracy=0.5886 prediction=0.8056 status=ok
living17/1/ERM-aug-rand/PCA1 iw_overlap_critic W=5.0 accuracy=0.5886 prediction=0.8428 status=ok
living17/1/ERM-aug-rand/PCA1 iw_residual_dis2 W=5.0 accuracy=0.5886 prediction=0.8467 status=ok
living17/1/ERM-aug-rand/PCA1 dis2_reference W=nan accuracy=0.5886 prediction=0.4032 status=ok
living17/1/ERM-aug-rand/PCA4 iw_overlap_critic W=1.0 accuracy=0.5886 prediction=0.4725 status=ok
living17/1/ERM-aug-rand/PCA4 iw_residual_dis2 W=1.0 accuracy=0.5886 prediction=0.7799 status=ok
living17/1/ERM-aug-rand/PCA4 iw_overlap_critic W=2.0 accuracy=0.5886 prediction=0.7544 status=ok
living17/1/ERM-aug-rand/PCA4 iw_residual_dis2 W=2.0 accuracy=0.5886 prediction=0.8438 status=ok
living17/1/ERM-aug-rand/PCA4 iw_overlap_critic W=5.0 accuracy=0.5886 prediction=0.8290 status=ok
living17/1/ERM-aug-rand/PCA4 iw_residual_dis2 W=5.0 accuracy=0.5886 prediction=nan status=unsupported_residual_source_region
living17/1/ERM-aug-rand/PCA4 dis2_reference W=nan accuracy=0.5886 prediction=0.4413 status=ok
living17/1/ERM-aug-rand/PCA16 iw_overlap_critic W=1.0 accuracy=0.5886 prediction=0.4758 status=ok
living17/1/ERM-aug-rand/PCA16 iw_residual_dis2 W=1.0 accuracy=0.5886 prediction=0.8066 status=ok
living17/1/ERM-aug-rand/PCA16 iw_overlap_critic W=2.0 accuracy=0.5886 prediction=0.7764 status=ok
living17/1/ERM-aug-rand/PCA16 iw_residual_dis2 W=2.0 accuracy=0.5886 prediction=0.8538 status=ok
living17/1/ERM-aug-rand/PCA16 iw_overlap_critic W=5.0 accuracy=0.5886 prediction=0.8443 status=ok
living17/1/ERM-aug-rand/PCA16 iw_residual_dis2 W=5.0 accuracy=0.5886 prediction=nan status=unsupported_critic_region
living17/1/ERM-aug-rand/PCA16 dis2_reference W=nan accuracy=0.5886 prediction=0.5268 status=ok
living17/1/ERM-aug-rand/PCA32 iw_overlap_critic W=1.0 accuracy=0.5886 prediction=0.5364 status=ok
living17/1/ERM-aug-rand/PCA32 iw_residual_dis2 W=1.0 accuracy=0.5886 prediction=0.8003 status=ok
living17/1/ERM-aug-rand/PCA32 iw_overlap_critic W=2.0 accuracy=0.5886 prediction=0.7693 status=ok
living17/1/ERM-aug-rand/PCA32 iw_residual_dis2 W=2.0 accuracy=0.5886 prediction=0.8408 status=ok
living17/1/ERM-aug-rand/PCA32 iw_overlap_critic W=5.0 accuracy=0.5886 prediction=0.8386 status=ok
living17/1/ERM-aug-rand/PCA32 iw_residual_dis2 W=5.0 accuracy=0.5886 prediction=nan status=unsupported_residual_source_region
living17/1/ERM-aug-rand/PCA32 dis2_reference W=nan accuracy=0.5886 prediction=0.5386 status=ok
living17/1/ERM-aug-rand/PCA64 iw_overlap_critic W=1.0 accuracy=0.5886 prediction=0.4606 status=ok
living17/1/ERM-aug-rand/PCA64 iw_residual_dis2 W=1.0 accuracy=0.5886 prediction=0.8538 status=ok
living17/1/ERM-aug-rand/PCA64 iw_overlap_critic W=2.0 accuracy=0.5886 prediction=0.7649 status=ok
living17/1/ERM-aug-rand/PCA64 iw_residual_dis2 W=2.0 accuracy=0.5886 prediction=0.8606 status=ok
living17/1/ERM-aug-rand/PCA64 iw_overlap_critic W=5.0 accuracy=0.5886 prediction=0.8274 status=ok
living17/1/ERM-aug-rand/PCA64 iw_residual_dis2 W=5.0 accuracy=0.5886 prediction=nan status=unsupported_residual_source_region
living17/1/ERM-aug-rand/PCA64 dis2_reference W=nan accuracy=0.5886 prediction=0.6467 status=ok
living17/1/ERM-aug-rand/PCA128 iw_overlap_critic W=1.0 accuracy=0.5886 prediction=0.4002 status=ok
living17/1/ERM-aug-rand/PCA128 iw_residual_dis2 W=1.0 accuracy=0.5886 prediction=0.8253 status=ok
living17/1/ERM-aug-rand/PCA128 iw_overlap_critic W=2.0 accuracy=0.5886 prediction=0.7483 status=ok
living17/1/ERM-aug-rand/PCA128 iw_residual_dis2 W=2.0 accuracy=0.5886 prediction=0.8627 status=ok
living17/1/ERM-aug-rand/PCA128 iw_overlap_critic W=5.0 accuracy=0.5886 prediction=0.8175 status=ok
living17/1/ERM-aug-rand/PCA128 iw_residual_dis2 W=5.0 accuracy=0.5886 prediction=nan status=unsupported_residual_source_region
living17/1/ERM-aug-rand/PCA128 dis2_reference W=nan accuracy=0.5886 prediction=0.6659 status=ok
living17/2/ERM-aug-rand/logits iw_overlap_critic W=1.0 accuracy=0.8529 prediction=0.8579 status=ok
living17/2/ERM-aug-rand/logits iw_residual_dis2 W=1.0 accuracy=0.8529 prediction=0.9701 status=ok
living17/2/ERM-aug-rand/logits iw_overlap_critic W=2.0 accuracy=0.8529 prediction=0.8979 status=ok
living17/2/ERM-aug-rand/logits iw_residual_dis2 W=2.0 accuracy=0.8529 prediction=0.8979 status=ok
living17/2/ERM-aug-rand/logits iw_overlap_critic W=5.0 accuracy=0.8529 prediction=0.8979 status=ok
living17/2/ERM-aug-rand/logits iw_residual_dis2 W=5.0 accuracy=0.8529 prediction=0.8979 status=ok
living17/2/ERM-aug-rand/logits dis2_reference W=nan accuracy=0.8529 prediction=0.4679 status=ok
/storage/homefs/tf24s166/IW_dis2/disagree_discrep_IW/src/lib/utils.py:43: FutureWarning: You are using `torch.load` with `weights_only=False` (the current default value), which uses the default pickle module implicitly. It is possible to construct malicious pickle data which will execute arbitrary code during unpickling (See https://github.com/pytorch/pytorch/blob/main/SECURITY.md#untrusted-models for more details). In a future release, the default value for `weights_only` will be flipped to `True`. This limits the functions that could be executed during unpickling. Arbitrary objects will no longer be allowed to be loaded via this mode unless they are explicitly allowlisted by the user via `torch.serialization.add_safe_globals`. We recommend you start setting `weights_only=True` for any use case where you don't have full control of the loaded file. Please open an issue on GitHub for any issues related to this experimental feature.
  lin.load_state_dict(torch.load(os.path.join(shift_dir, 'linear.pth'), map_location=device))
living17/2/ERM-aug-rand/features iw_overlap_critic W=1.0 accuracy=0.8529 prediction=0.8189 status=ok
living17/2/ERM-aug-rand/features iw_residual_dis2 W=1.0 accuracy=0.8529 prediction=0.8954 status=ok
living17/2/ERM-aug-rand/features iw_overlap_critic W=2.0 accuracy=0.8529 prediction=0.8859 status=ok
living17/2/ERM-aug-rand/features iw_residual_dis2 W=2.0 accuracy=0.8529 prediction=0.8859 status=ok
living17/2/ERM-aug-rand/features iw_overlap_critic W=5.0 accuracy=0.8529 prediction=0.8859 status=ok
living17/2/ERM-aug-rand/features iw_residual_dis2 W=5.0 accuracy=0.8529 prediction=0.8859 status=ok
living17/2/ERM-aug-rand/features dis2_reference W=nan accuracy=0.8529 prediction=0.3693 status=ok
living17/2/ERM-aug-rand/PCA1 iw_overlap_critic W=1.0 accuracy=0.8529 prediction=0.8766 status=ok
living17/2/ERM-aug-rand/PCA1 iw_residual_dis2 W=1.0 accuracy=0.8529 prediction=0.7877 status=ok
living17/2/ERM-aug-rand/PCA1 iw_overlap_critic W=2.0 accuracy=0.8529 prediction=0.8846 status=ok
living17/2/ERM-aug-rand/PCA1 iw_residual_dis2 W=2.0 accuracy=0.8529 prediction=0.8846 status=ok
living17/2/ERM-aug-rand/PCA1 iw_overlap_critic W=5.0 accuracy=0.8529 prediction=0.8846 status=ok
living17/2/ERM-aug-rand/PCA1 iw_residual_dis2 W=5.0 accuracy=0.8529 prediction=0.8846 status=ok
living17/2/ERM-aug-rand/PCA1 dis2_reference W=nan accuracy=0.8529 prediction=0.4922 status=ok
living17/2/ERM-aug-rand/PCA4 iw_overlap_critic W=1.0 accuracy=0.8529 prediction=0.9128 status=ok
living17/2/ERM-aug-rand/PCA4 iw_residual_dis2 W=1.0 accuracy=0.8529 prediction=0.9397 status=ok
living17/2/ERM-aug-rand/PCA4 iw_overlap_critic W=2.0 accuracy=0.8529 prediction=0.8866 status=ok
living17/2/ERM-aug-rand/PCA4 iw_residual_dis2 W=2.0 accuracy=0.8529 prediction=0.8866 status=ok
living17/2/ERM-aug-rand/PCA4 iw_overlap_critic W=5.0 accuracy=0.8529 prediction=0.8866 status=ok
living17/2/ERM-aug-rand/PCA4 iw_residual_dis2 W=5.0 accuracy=0.8529 prediction=0.8866 status=ok
living17/2/ERM-aug-rand/PCA4 dis2_reference W=nan accuracy=0.8529 prediction=0.4852 status=ok
living17/2/ERM-aug-rand/PCA16 iw_overlap_critic W=1.0 accuracy=0.8529 prediction=0.6504 status=ok
living17/2/ERM-aug-rand/PCA16 iw_residual_dis2 W=1.0 accuracy=0.8529 prediction=0.9250 status=ok
living17/2/ERM-aug-rand/PCA16 iw_overlap_critic W=2.0 accuracy=0.8529 prediction=0.8871 status=ok
living17/2/ERM-aug-rand/PCA16 iw_residual_dis2 W=2.0 accuracy=0.8529 prediction=0.8871 status=ok
living17/2/ERM-aug-rand/PCA16 iw_overlap_critic W=5.0 accuracy=0.8529 prediction=0.8871 status=ok
living17/2/ERM-aug-rand/PCA16 iw_residual_dis2 W=5.0 accuracy=0.8529 prediction=0.8871 status=ok
living17/2/ERM-aug-rand/PCA16 dis2_reference W=nan accuracy=0.8529 prediction=0.4360 status=ok
living17/2/ERM-aug-rand/PCA32 iw_overlap_critic W=1.0 accuracy=0.8529 prediction=0.7347 status=ok
living17/2/ERM-aug-rand/PCA32 iw_residual_dis2 W=1.0 accuracy=0.8529 prediction=0.8689 status=ok
living17/2/ERM-aug-rand/PCA32 iw_overlap_critic W=2.0 accuracy=0.8529 prediction=0.9158 status=ok
living17/2/ERM-aug-rand/PCA32 iw_residual_dis2 W=2.0 accuracy=0.8529 prediction=0.9158 status=ok
living17/2/ERM-aug-rand/PCA32 iw_overlap_critic W=5.0 accuracy=0.8529 prediction=0.9022 status=ok
living17/2/ERM-aug-rand/PCA32 iw_residual_dis2 W=5.0 accuracy=0.8529 prediction=0.9022 status=ok
living17/2/ERM-aug-rand/PCA32 dis2_reference W=nan accuracy=0.8529 prediction=0.5443 status=ok
living17/2/ERM-aug-rand/PCA64 iw_overlap_critic W=1.0 accuracy=0.8529 prediction=0.5992 status=ok
living17/2/ERM-aug-rand/PCA64 iw_residual_dis2 W=1.0 accuracy=0.8529 prediction=0.9811 status=ok
living17/2/ERM-aug-rand/PCA64 iw_overlap_critic W=2.0 accuracy=0.8529 prediction=0.8337 status=ok
living17/2/ERM-aug-rand/PCA64 iw_residual_dis2 W=2.0 accuracy=0.8529 prediction=0.8995 status=ok
living17/2/ERM-aug-rand/PCA64 iw_overlap_critic W=5.0 accuracy=0.8529 prediction=0.8768 status=ok
living17/2/ERM-aug-rand/PCA64 iw_residual_dis2 W=5.0 accuracy=0.8529 prediction=0.8768 status=ok
living17/2/ERM-aug-rand/PCA64 dis2_reference W=nan accuracy=0.8529 prediction=0.5722 status=ok
living17/2/ERM-aug-rand/PCA128 iw_overlap_critic W=1.0 accuracy=0.8529 prediction=0.5336 status=ok
living17/2/ERM-aug-rand/PCA128 iw_residual_dis2 W=1.0 accuracy=0.8529 prediction=0.8367 status=ok
living17/2/ERM-aug-rand/PCA128 iw_overlap_critic W=2.0 accuracy=0.8529 prediction=0.8324 status=ok
living17/2/ERM-aug-rand/PCA128 iw_residual_dis2 W=2.0 accuracy=0.8529 prediction=0.9103 status=ok
living17/2/ERM-aug-rand/PCA128 iw_overlap_critic W=5.0 accuracy=0.8529 prediction=0.8850 status=ok
living17/2/ERM-aug-rand/PCA128 iw_residual_dis2 W=5.0 accuracy=0.8529 prediction=0.8850 status=ok
living17/2/ERM-aug-rand/PCA128 dis2_reference W=nan accuracy=0.8529 prediction=0.5132 status=ok
living17/3/ERM-aug-rand/logits iw_overlap_critic W=1.0 accuracy=0.5735 prediction=0.7796 status=ok
living17/3/ERM-aug-rand/logits iw_residual_dis2 W=1.0 accuracy=0.5735 prediction=0.9535 status=ok
living17/3/ERM-aug-rand/logits iw_overlap_critic W=2.0 accuracy=0.5735 prediction=0.8939 status=ok
living17/3/ERM-aug-rand/logits iw_residual_dis2 W=2.0 accuracy=0.5735 prediction=0.8939 status=ok
living17/3/ERM-aug-rand/logits iw_overlap_critic W=5.0 accuracy=0.5735 prediction=0.8939 status=ok
living17/3/ERM-aug-rand/logits iw_residual_dis2 W=5.0 accuracy=0.5735 prediction=0.8939 status=ok
living17/3/ERM-aug-rand/logits dis2_reference W=nan accuracy=0.5735 prediction=0.4114 status=ok
living17/3/ERM-aug-rand/features iw_overlap_critic W=1.0 accuracy=0.5735 prediction=0.8830 status=ok
living17/3/ERM-aug-rand/features iw_residual_dis2 W=1.0 accuracy=0.5735 prediction=0.9532 status=ok
living17/3/ERM-aug-rand/features iw_overlap_critic W=2.0 accuracy=0.5735 prediction=0.8985 status=ok
living17/3/ERM-aug-rand/features iw_residual_dis2 W=2.0 accuracy=0.5735 prediction=0.8985 status=ok
living17/3/ERM-aug-rand/features iw_overlap_critic W=5.0 accuracy=0.5735 prediction=0.8985 status=ok
living17/3/ERM-aug-rand/features iw_residual_dis2 W=5.0 accuracy=0.5735 prediction=0.8985 status=ok
living17/3/ERM-aug-rand/features dis2_reference W=nan accuracy=0.5735 prediction=0.4593 status=ok
living17/3/ERM-aug-rand/PCA1 iw_overlap_critic W=1.0 accuracy=0.5735 prediction=0.6893 status=ok
living17/3/ERM-aug-rand/PCA1 iw_residual_dis2 W=1.0 accuracy=0.5735 prediction=0.8503 status=ok
living17/3/ERM-aug-rand/PCA1 iw_overlap_critic W=2.0 accuracy=0.5735 prediction=0.9114 status=ok
living17/3/ERM-aug-rand/PCA1 iw_residual_dis2 W=2.0 accuracy=0.5735 prediction=0.9114 status=ok
living17/3/ERM-aug-rand/PCA1 iw_overlap_critic W=5.0 accuracy=0.5735 prediction=0.9066 status=ok
living17/3/ERM-aug-rand/PCA1 iw_residual_dis2 W=5.0 accuracy=0.5735 prediction=0.9066 status=ok
living17/3/ERM-aug-rand/PCA1 dis2_reference W=nan accuracy=0.5735 prediction=0.4461 status=ok
living17/3/ERM-aug-rand/PCA4 iw_overlap_critic W=1.0 accuracy=0.5735 prediction=0.7262 status=ok
living17/3/ERM-aug-rand/PCA4 iw_residual_dis2 W=1.0 accuracy=0.5735 prediction=0.9130 status=ok
living17/3/ERM-aug-rand/PCA4 iw_overlap_critic W=2.0 accuracy=0.5735 prediction=0.8865 status=ok
living17/3/ERM-aug-rand/PCA4 iw_residual_dis2 W=2.0 accuracy=0.5735 prediction=0.8865 status=ok
living17/3/ERM-aug-rand/PCA4 iw_overlap_critic W=5.0 accuracy=0.5735 prediction=0.8865 status=ok
living17/3/ERM-aug-rand/PCA4 iw_residual_dis2 W=5.0 accuracy=0.5735 prediction=0.8865 status=ok
living17/3/ERM-aug-rand/PCA4 dis2_reference W=nan accuracy=0.5735 prediction=0.3455 status=ok
living17/3/ERM-aug-rand/PCA16 iw_overlap_critic W=1.0 accuracy=0.5735 prediction=0.8181 status=ok
living17/3/ERM-aug-rand/PCA16 iw_residual_dis2 W=1.0 accuracy=0.5735 prediction=0.9405 status=ok
living17/3/ERM-aug-rand/PCA16 iw_overlap_critic W=2.0 accuracy=0.5735 prediction=nan status=unsupported_critic_region
living17/3/ERM-aug-rand/PCA16 iw_residual_dis2 W=2.0 accuracy=0.5735 prediction=nan status=unsupported_critic_region
living17/3/ERM-aug-rand/PCA16 iw_overlap_critic W=5.0 accuracy=0.5735 prediction=0.8894 status=ok
living17/3/ERM-aug-rand/PCA16 iw_residual_dis2 W=5.0 accuracy=0.5735 prediction=0.8894 status=ok
/storage/homefs/tf24s166/IW_dis2/disagree_discrep_IW/src/lib/utils.py:43: FutureWarning: You are using `torch.load` with `weights_only=False` (the current default value), which uses the default pickle module implicitly. It is possible to construct malicious pickle data which will execute arbitrary code during unpickling (See https://github.com/pytorch/pytorch/blob/main/SECURITY.md#untrusted-models for more details). In a future release, the default value for `weights_only` will be flipped to `True`. This limits the functions that could be executed during unpickling. Arbitrary objects will no longer be allowed to be loaded via this mode unless they are explicitly allowlisted by the user via `torch.serialization.add_safe_globals`. We recommend you start setting `weights_only=True` for any use case where you don't have full control of the loaded file. Please open an issue on GitHub for any issues related to this experimental feature.
  lin.load_state_dict(torch.load(os.path.join(shift_dir, 'linear.pth'), map_location=device))
/storage/homefs/tf24s166/IW_dis2/disagree_discrep_IW/src/lib/utils.py:43: FutureWarning: You are using `torch.load` with `weights_only=False` (the current default value), which uses the default pickle module implicitly. It is possible to construct malicious pickle data which will execute arbitrary code during unpickling (See https://github.com/pytorch/pytorch/blob/main/SECURITY.md#untrusted-models for more details). In a future release, the default value for `weights_only` will be flipped to `True`. This limits the functions that could be executed during unpickling. Arbitrary objects will no longer be allowed to be loaded via this mode unless they are explicitly allowlisted by the user via `torch.serialization.add_safe_globals`. We recommend you start setting `weights_only=True` for any use case where you don't have full control of the loaded file. Please open an issue on GitHub for any issues related to this experimental feature.
  lin.load_state_dict(torch.load(os.path.join(shift_dir, 'linear.pth'), map_location=device))
living17/3/ERM-aug-rand/PCA16 dis2_reference W=nan accuracy=0.5735 prediction=0.4007 status=ok
living17/3/ERM-aug-rand/PCA32 iw_overlap_critic W=1.0 accuracy=0.5735 prediction=0.8501 status=ok
living17/3/ERM-aug-rand/PCA32 iw_residual_dis2 W=1.0 accuracy=0.5735 prediction=0.9217 status=ok
living17/3/ERM-aug-rand/PCA32 iw_overlap_critic W=2.0 accuracy=0.5735 prediction=0.8585 status=ok
living17/3/ERM-aug-rand/PCA32 iw_residual_dis2 W=2.0 accuracy=0.5735 prediction=0.9350 status=ok
living17/3/ERM-aug-rand/PCA32 iw_overlap_critic W=5.0 accuracy=0.5735 prediction=0.8961 status=ok
living17/3/ERM-aug-rand/PCA32 iw_residual_dis2 W=5.0 accuracy=0.5735 prediction=0.8961 status=ok
living17/3/ERM-aug-rand/PCA32 dis2_reference W=nan accuracy=0.5735 prediction=0.4970 status=ok
living17/3/ERM-aug-rand/PCA64 iw_overlap_critic W=1.0 accuracy=0.5735 prediction=0.5935 status=ok
living17/3/ERM-aug-rand/PCA64 iw_residual_dis2 W=1.0 accuracy=0.5735 prediction=0.9444 status=ok
living17/3/ERM-aug-rand/PCA64 iw_overlap_critic W=2.0 accuracy=0.5735 prediction=nan status=unsupported_critic_region
living17/3/ERM-aug-rand/PCA64 iw_residual_dis2 W=2.0 accuracy=0.5735 prediction=nan status=unsupported_critic_region
living17/3/ERM-aug-rand/PCA64 iw_overlap_critic W=5.0 accuracy=0.5735 prediction=0.8752 status=ok
living17/3/ERM-aug-rand/PCA64 iw_residual_dis2 W=5.0 accuracy=0.5735 prediction=0.8752 status=ok
living17/3/ERM-aug-rand/PCA64 dis2_reference W=nan accuracy=0.5735 prediction=0.6178 status=ok
living17/3/ERM-aug-rand/PCA128 iw_overlap_critic W=1.0 accuracy=0.5735 prediction=0.5566 status=ok
living17/3/ERM-aug-rand/PCA128 iw_residual_dis2 W=1.0 accuracy=0.5735 prediction=0.9389 status=ok
living17/3/ERM-aug-rand/PCA128 iw_overlap_critic W=2.0 accuracy=0.5735 prediction=nan status=unsupported_critic_region
living17/3/ERM-aug-rand/PCA128 iw_residual_dis2 W=2.0 accuracy=0.5735 prediction=nan status=unsupported_critic_region
living17/3/ERM-aug-rand/PCA128 iw_overlap_critic W=5.0 accuracy=0.5735 prediction=0.8289 status=ok
living17/3/ERM-aug-rand/PCA128 iw_residual_dis2 W=5.0 accuracy=0.5735 prediction=0.8289 status=ok
living17/3/ERM-aug-rand/PCA128 dis2_reference W=nan accuracy=0.5735 prediction=0.4755 status=ok
living17/1/BN_adapt/logits iw_overlap_critic W=1.0 accuracy=0.5883 prediction=0.4855 status=ok
living17/1/BN_adapt/logits iw_residual_dis2 W=1.0 accuracy=0.5883 prediction=0.8643 status=ok
living17/1/BN_adapt/logits iw_overlap_critic W=2.0 accuracy=0.5883 prediction=0.8799 status=ok
living17/1/BN_adapt/logits iw_residual_dis2 W=2.0 accuracy=0.5883 prediction=0.8799 status=ok
living17/1/BN_adapt/logits iw_overlap_critic W=5.0 accuracy=0.5883 prediction=0.8799 status=ok
living17/1/BN_adapt/logits iw_residual_dis2 W=5.0 accuracy=0.5883 prediction=0.8799 status=ok
living17/1/BN_adapt/logits dis2_reference W=nan accuracy=0.5883 prediction=0.5960 status=ok
living17/1/BN_adapt/features iw_overlap_critic W=1.0 accuracy=0.5883 prediction=0.4260 status=ok
living17/1/BN_adapt/features iw_residual_dis2 W=1.0 accuracy=0.5883 prediction=0.7237 status=ok
living17/1/BN_adapt/features iw_overlap_critic W=2.0 accuracy=0.5883 prediction=0.6705 status=ok
living17/1/BN_adapt/features iw_residual_dis2 W=2.0 accuracy=0.5883 prediction=0.7897 status=ok
living17/1/BN_adapt/features iw_overlap_critic W=5.0 accuracy=0.5883 prediction=0.8105 status=ok
living17/1/BN_adapt/features iw_residual_dis2 W=5.0 accuracy=0.5883 prediction=0.8138 status=ok
living17/1/BN_adapt/features dis2_reference W=nan accuracy=0.5883 prediction=0.4296 status=ok
living17/1/BN_adapt/PCA1 iw_overlap_critic W=1.0 accuracy=0.5883 prediction=0.4441 status=ok
living17/1/BN_adapt/PCA1 iw_residual_dis2 W=1.0 accuracy=0.5883 prediction=0.7400 status=ok
living17/1/BN_adapt/PCA1 iw_overlap_critic W=2.0 accuracy=0.5883 prediction=0.7230 status=ok
living17/1/BN_adapt/PCA1 iw_residual_dis2 W=2.0 accuracy=0.5883 prediction=0.8118 status=ok
living17/1/BN_adapt/PCA1 iw_overlap_critic W=5.0 accuracy=0.5883 prediction=0.8217 status=ok
living17/1/BN_adapt/PCA1 iw_residual_dis2 W=5.0 accuracy=0.5883 prediction=0.8290 status=ok
living17/1/BN_adapt/PCA1 dis2_reference W=nan accuracy=0.5883 prediction=0.4473 status=ok
living17/1/BN_adapt/PCA4 iw_overlap_critic W=1.0 accuracy=0.5883 prediction=0.4875 status=ok
living17/1/BN_adapt/PCA4 iw_residual_dis2 W=1.0 accuracy=0.5883 prediction=0.7412 status=ok
living17/1/BN_adapt/PCA4 iw_overlap_critic W=2.0 accuracy=0.5883 prediction=0.7635 status=ok
living17/1/BN_adapt/PCA4 iw_residual_dis2 W=2.0 accuracy=0.5883 prediction=0.8346 status=ok
living17/1/BN_adapt/PCA4 iw_overlap_critic W=5.0 accuracy=0.5883 prediction=0.8342 status=ok
living17/1/BN_adapt/PCA4 iw_residual_dis2 W=5.0 accuracy=0.5883 prediction=nan status=unsupported_critic_region
living17/1/BN_adapt/PCA4 dis2_reference W=nan accuracy=0.5883 prediction=0.4428 status=ok
living17/1/BN_adapt/PCA16 iw_overlap_critic W=1.0 accuracy=0.5883 prediction=0.5550 status=ok
living17/1/BN_adapt/PCA16 iw_residual_dis2 W=1.0 accuracy=0.5883 prediction=0.7951 status=ok
living17/1/BN_adapt/PCA16 iw_overlap_critic W=2.0 accuracy=0.5883 prediction=0.8197 status=ok
living17/1/BN_adapt/PCA16 iw_residual_dis2 W=2.0 accuracy=0.5883 prediction=0.8762 status=ok
living17/1/BN_adapt/PCA16 iw_overlap_critic W=5.0 accuracy=0.5883 prediction=0.8427 status=ok
living17/1/BN_adapt/PCA16 iw_residual_dis2 W=5.0 accuracy=0.5883 prediction=0.8427 status=ok
living17/1/BN_adapt/PCA16 dis2_reference W=nan accuracy=0.5883 prediction=0.5294 status=ok
living17/1/BN_adapt/PCA32 iw_overlap_critic W=1.0 accuracy=0.5883 prediction=0.5597 status=ok
living17/1/BN_adapt/PCA32 iw_residual_dis2 W=1.0 accuracy=0.5883 prediction=0.8223 status=ok
living17/1/BN_adapt/PCA32 iw_overlap_critic W=2.0 accuracy=0.5883 prediction=0.8265 status=ok
living17/1/BN_adapt/PCA32 iw_residual_dis2 W=2.0 accuracy=0.5883 prediction=0.8610 status=ok
living17/1/BN_adapt/PCA32 iw_overlap_critic W=5.0 accuracy=0.5883 prediction=0.8399 status=ok
living17/1/BN_adapt/PCA32 iw_residual_dis2 W=5.0 accuracy=0.5883 prediction=0.8399 status=ok
living17/1/BN_adapt/PCA32 dis2_reference W=nan accuracy=0.5883 prediction=0.5060 status=ok
living17/1/BN_adapt/PCA64 iw_overlap_critic W=1.0 accuracy=0.5883 prediction=0.4911 status=ok
living17/1/BN_adapt/PCA64 iw_residual_dis2 W=1.0 accuracy=0.5883 prediction=0.8345 status=ok
living17/1/BN_adapt/PCA64 iw_overlap_critic W=2.0 accuracy=0.5883 prediction=0.8045 status=ok
living17/1/BN_adapt/PCA64 iw_residual_dis2 W=2.0 accuracy=0.5883 prediction=0.8608 status=ok
living17/1/BN_adapt/PCA64 iw_overlap_critic W=5.0 accuracy=0.5883 prediction=0.8305 status=ok
living17/1/BN_adapt/PCA64 iw_residual_dis2 W=5.0 accuracy=0.5883 prediction=0.8305 status=ok
living17/1/BN_adapt/PCA64 dis2_reference W=nan accuracy=0.5883 prediction=0.6550 status=ok
living17/1/BN_adapt/PCA128 iw_overlap_critic W=1.0 accuracy=0.5883 prediction=0.4039 status=ok
living17/1/BN_adapt/PCA128 iw_residual_dis2 W=1.0 accuracy=0.5883 prediction=0.8512 status=ok
living17/1/BN_adapt/PCA128 iw_overlap_critic W=2.0 accuracy=0.5883 prediction=0.8090 status=ok
living17/1/BN_adapt/PCA128 iw_residual_dis2 W=2.0 accuracy=0.5883 prediction=0.8649 status=ok
living17/1/BN_adapt/PCA128 iw_overlap_critic W=5.0 accuracy=0.5883 prediction=0.8308 status=ok
living17/1/BN_adapt/PCA128 iw_residual_dis2 W=5.0 accuracy=0.5883 prediction=0.8308 status=ok
living17/1/BN_adapt/PCA128 dis2_reference W=nan accuracy=0.5883 prediction=0.6793 status=ok
living17/2/BN_adapt/logits iw_overlap_critic W=1.0 accuracy=0.8529 prediction=0.9042 status=ok
living17/2/BN_adapt/logits iw_residual_dis2 W=1.0 accuracy=0.8529 prediction=0.9752 status=ok
living17/2/BN_adapt/logits iw_overlap_critic W=2.0 accuracy=0.8529 prediction=0.8868 status=ok
living17/2/BN_adapt/logits iw_residual_dis2 W=2.0 accuracy=0.8529 prediction=0.8868 status=ok
living17/2/BN_adapt/logits iw_overlap_critic W=5.0 accuracy=0.8529 prediction=0.8868 status=ok
living17/2/BN_adapt/logits iw_residual_dis2 W=5.0 accuracy=0.8529 prediction=0.8868 status=ok
living17/2/BN_adapt/logits dis2_reference W=nan accuracy=0.8529 prediction=0.5181 status=ok
/storage/homefs/tf24s166/IW_dis2/disagree_discrep_IW/src/lib/utils.py:43: FutureWarning: You are using `torch.load` with `weights_only=False` (the current default value), which uses the default pickle module implicitly. It is possible to construct malicious pickle data which will execute arbitrary code during unpickling (See https://github.com/pytorch/pytorch/blob/main/SECURITY.md#untrusted-models for more details). In a future release, the default value for `weights_only` will be flipped to `True`. This limits the functions that could be executed during unpickling. Arbitrary objects will no longer be allowed to be loaded via this mode unless they are explicitly allowlisted by the user via `torch.serialization.add_safe_globals`. We recommend you start setting `weights_only=True` for any use case where you don't have full control of the loaded file. Please open an issue on GitHub for any issues related to this experimental feature.
  lin.load_state_dict(torch.load(os.path.join(shift_dir, 'linear.pth'), map_location=device))
living17/2/BN_adapt/features iw_overlap_critic W=1.0 accuracy=0.8529 prediction=0.8144 status=ok
living17/2/BN_adapt/features iw_residual_dis2 W=1.0 accuracy=0.8529 prediction=0.8978 status=ok
living17/2/BN_adapt/features iw_overlap_critic W=2.0 accuracy=0.8529 prediction=0.8766 status=ok
living17/2/BN_adapt/features iw_residual_dis2 W=2.0 accuracy=0.8529 prediction=0.8766 status=ok
living17/2/BN_adapt/features iw_overlap_critic W=5.0 accuracy=0.8529 prediction=0.8766 status=ok
living17/2/BN_adapt/features iw_residual_dis2 W=5.0 accuracy=0.8529 prediction=0.8766 status=ok
living17/2/BN_adapt/features dis2_reference W=nan accuracy=0.8529 prediction=0.4125 status=ok
living17/2/BN_adapt/PCA1 iw_overlap_critic W=1.0 accuracy=0.8529 prediction=0.7167 status=ok
living17/2/BN_adapt/PCA1 iw_residual_dis2 W=1.0 accuracy=0.8529 prediction=0.8058 status=ok
living17/2/BN_adapt/PCA1 iw_overlap_critic W=2.0 accuracy=0.8529 prediction=0.8752 status=ok
living17/2/BN_adapt/PCA1 iw_residual_dis2 W=2.0 accuracy=0.8529 prediction=0.8752 status=ok
living17/2/BN_adapt/PCA1 iw_overlap_critic W=5.0 accuracy=0.8529 prediction=0.8752 status=ok
living17/2/BN_adapt/PCA1 iw_residual_dis2 W=5.0 accuracy=0.8529 prediction=0.8752 status=ok
living17/2/BN_adapt/PCA1 dis2_reference W=nan accuracy=0.8529 prediction=0.5545 status=ok
living17/2/BN_adapt/PCA4 iw_overlap_critic W=1.0 accuracy=0.8529 prediction=0.9014 status=ok
living17/2/BN_adapt/PCA4 iw_residual_dis2 W=1.0 accuracy=0.8529 prediction=0.9274 status=ok
living17/2/BN_adapt/PCA4 iw_overlap_critic W=2.0 accuracy=0.8529 prediction=0.8776 status=ok
living17/2/BN_adapt/PCA4 iw_residual_dis2 W=2.0 accuracy=0.8529 prediction=0.8776 status=ok
living17/2/BN_adapt/PCA4 iw_overlap_critic W=5.0 accuracy=0.8529 prediction=0.8776 status=ok
living17/2/BN_adapt/PCA4 iw_residual_dis2 W=5.0 accuracy=0.8529 prediction=0.8776 status=ok
living17/2/BN_adapt/PCA4 dis2_reference W=nan accuracy=0.8529 prediction=0.5396 status=ok
living17/2/BN_adapt/PCA16 iw_overlap_critic W=1.0 accuracy=0.8529 prediction=0.8080 status=ok
living17/2/BN_adapt/PCA16 iw_residual_dis2 W=1.0 accuracy=0.8529 prediction=0.9037 status=ok
living17/2/BN_adapt/PCA16 iw_overlap_critic W=2.0 accuracy=0.8529 prediction=0.8772 status=ok
living17/2/BN_adapt/PCA16 iw_residual_dis2 W=2.0 accuracy=0.8529 prediction=0.8772 status=ok
living17/2/BN_adapt/PCA16 iw_overlap_critic W=5.0 accuracy=0.8529 prediction=0.8772 status=ok
living17/2/BN_adapt/PCA16 iw_residual_dis2 W=5.0 accuracy=0.8529 prediction=0.8772 status=ok
living17/2/BN_adapt/PCA16 dis2_reference W=nan accuracy=0.8529 prediction=0.5513 status=ok
living17/2/BN_adapt/PCA32 iw_overlap_critic W=1.0 accuracy=0.8529 prediction=0.7823 status=ok
living17/2/BN_adapt/PCA32 iw_residual_dis2 W=1.0 accuracy=0.8529 prediction=0.8695 status=ok
living17/2/BN_adapt/PCA32 iw_overlap_critic W=2.0 accuracy=0.8529 prediction=0.9052 status=ok
living17/2/BN_adapt/PCA32 iw_residual_dis2 W=2.0 accuracy=0.8529 prediction=0.9052 status=ok
living17/2/BN_adapt/PCA32 iw_overlap_critic W=5.0 accuracy=0.8529 prediction=0.8925 status=ok
living17/2/BN_adapt/PCA32 iw_residual_dis2 W=5.0 accuracy=0.8529 prediction=0.8925 status=ok
living17/2/BN_adapt/PCA32 dis2_reference W=nan accuracy=0.8529 prediction=0.5725 status=ok
living17/2/BN_adapt/PCA64 iw_overlap_critic W=1.0 accuracy=0.8529 prediction=0.4415 status=ok
living17/2/BN_adapt/PCA64 iw_residual_dis2 W=1.0 accuracy=0.8529 prediction=0.8537 status=ok
living17/2/BN_adapt/PCA64 iw_overlap_critic W=2.0 accuracy=0.8529 prediction=0.8771 status=ok
living17/2/BN_adapt/PCA64 iw_residual_dis2 W=2.0 accuracy=0.8529 prediction=0.9149 status=ok
living17/2/BN_adapt/PCA64 iw_overlap_critic W=5.0 accuracy=0.8529 prediction=0.8724 status=ok
living17/2/BN_adapt/PCA64 iw_residual_dis2 W=5.0 accuracy=0.8529 prediction=0.8724 status=ok
living17/2/BN_adapt/PCA64 dis2_reference W=nan accuracy=0.8529 prediction=0.5370 status=ok
living17/2/BN_adapt/PCA128 iw_overlap_critic W=1.0 accuracy=0.8529 prediction=0.6266 status=ok
living17/2/BN_adapt/PCA128 iw_residual_dis2 W=1.0 accuracy=0.8529 prediction=0.8372 status=ok
living17/2/BN_adapt/PCA128 iw_overlap_critic W=2.0 accuracy=0.8529 prediction=nan status=unsupported_critic_region
living17/2/BN_adapt/PCA128 iw_residual_dis2 W=2.0 accuracy=0.8529 prediction=nan status=unsupported_critic_region
living17/2/BN_adapt/PCA128 iw_overlap_critic W=5.0 accuracy=0.8529 prediction=0.8811 status=ok
living17/2/BN_adapt/PCA128 iw_residual_dis2 W=5.0 accuracy=0.8529 prediction=0.8811 status=ok
living17/2/BN_adapt/PCA128 dis2_reference W=nan accuracy=0.8529 prediction=0.4661 status=ok
living17/3/BN_adapt/logits iw_overlap_critic W=1.0 accuracy=0.5588 prediction=0.7767 status=ok
living17/3/BN_adapt/logits iw_residual_dis2 W=1.0 accuracy=0.5588 prediction=0.9607 status=ok
living17/3/BN_adapt/logits iw_overlap_critic W=2.0 accuracy=0.5588 prediction=0.8955 status=ok
living17/3/BN_adapt/logits iw_residual_dis2 W=2.0 accuracy=0.5588 prediction=0.8955 status=ok
living17/3/BN_adapt/logits iw_overlap_critic W=5.0 accuracy=0.5588 prediction=0.8955 status=ok
living17/3/BN_adapt/logits iw_residual_dis2 W=5.0 accuracy=0.5588 prediction=0.8955 status=ok
living17/3/BN_adapt/logits dis2_reference W=nan accuracy=0.5588 prediction=0.4302 status=ok
living17/3/BN_adapt/features iw_overlap_critic W=1.0 accuracy=0.5588 prediction=0.8325 status=ok
living17/3/BN_adapt/features iw_residual_dis2 W=1.0 accuracy=0.5588 prediction=0.9372 status=ok
living17/3/BN_adapt/features iw_overlap_critic W=2.0 accuracy=0.5588 prediction=0.8992 status=ok
living17/3/BN_adapt/features iw_residual_dis2 W=2.0 accuracy=0.5588 prediction=0.8992 status=ok
living17/3/BN_adapt/features iw_overlap_critic W=5.0 accuracy=0.5588 prediction=0.8992 status=ok
living17/3/BN_adapt/features iw_residual_dis2 W=5.0 accuracy=0.5588 prediction=0.8992 status=ok
living17/3/BN_adapt/features dis2_reference W=nan accuracy=0.5588 prediction=0.5563 status=ok
living17/3/BN_adapt/PCA1 iw_overlap_critic W=1.0 accuracy=0.5588 prediction=0.5211 status=ok
living17/3/BN_adapt/PCA1 iw_residual_dis2 W=1.0 accuracy=0.5588 prediction=0.8984 status=ok
living17/3/BN_adapt/PCA1 iw_overlap_critic W=2.0 accuracy=0.5588 prediction=0.8997 status=ok
living17/3/BN_adapt/PCA1 iw_residual_dis2 W=2.0 accuracy=0.5588 prediction=0.8997 status=ok
living17/3/BN_adapt/PCA1 iw_overlap_critic W=5.0 accuracy=0.5588 prediction=0.8997 status=ok
living17/3/BN_adapt/PCA1 iw_residual_dis2 W=5.0 accuracy=0.5588 prediction=0.8997 status=ok
living17/3/BN_adapt/PCA1 dis2_reference W=nan accuracy=0.5588 prediction=0.3057 status=ok
living17/3/BN_adapt/PCA4 iw_overlap_critic W=1.0 accuracy=0.5588 prediction=0.8297 status=ok
living17/3/BN_adapt/PCA4 iw_residual_dis2 W=1.0 accuracy=0.5588 prediction=0.8853 status=ok
living17/3/BN_adapt/PCA4 iw_overlap_critic W=2.0 accuracy=0.5588 prediction=0.8868 status=ok
living17/3/BN_adapt/PCA4 iw_residual_dis2 W=2.0 accuracy=0.5588 prediction=0.8868 status=ok
living17/3/BN_adapt/PCA4 iw_overlap_critic W=5.0 accuracy=0.5588 prediction=0.8868 status=ok
living17/3/BN_adapt/PCA4 iw_residual_dis2 W=5.0 accuracy=0.5588 prediction=0.8868 status=ok
living17/3/BN_adapt/PCA4 dis2_reference W=nan accuracy=0.5588 prediction=0.3716 status=ok
living17/3/BN_adapt/PCA16 iw_overlap_critic W=1.0 accuracy=0.5588 prediction=0.7653 status=ok
living17/3/BN_adapt/PCA16 iw_residual_dis2 W=1.0 accuracy=0.5588 prediction=0.9045 status=ok
living17/3/BN_adapt/PCA16 iw_overlap_critic W=2.0 accuracy=0.5588 prediction=nan status=unsupported_critic_region
living17/3/BN_adapt/PCA16 iw_residual_dis2 W=2.0 accuracy=0.5588 prediction=nan status=unsupported_critic_region
living17/3/BN_adapt/PCA16 iw_overlap_critic W=5.0 accuracy=0.5588 prediction=0.8941 status=ok
living17/3/BN_adapt/PCA16 iw_residual_dis2 W=5.0 accuracy=0.5588 prediction=0.8941 status=ok
living17/3/BN_adapt/PCA16 dis2_reference W=nan accuracy=0.5588 prediction=0.4157 status=ok
living17/3/BN_adapt/PCA32 iw_overlap_critic W=1.0 accuracy=0.5588 prediction=0.7474 status=ok
living17/3/BN_adapt/PCA32 iw_residual_dis2 W=1.0 accuracy=0.5588 prediction=0.9444 status=ok
/storage/homefs/tf24s166/IW_dis2/disagree_discrep_IW/src/lib/utils.py:43: FutureWarning: You are using `torch.load` with `weights_only=False` (the current default value), which uses the default pickle module implicitly. It is possible to construct malicious pickle data which will execute arbitrary code during unpickling (See https://github.com/pytorch/pytorch/blob/main/SECURITY.md#untrusted-models for more details). In a future release, the default value for `weights_only` will be flipped to `True`. This limits the functions that could be executed during unpickling. Arbitrary objects will no longer be allowed to be loaded via this mode unless they are explicitly allowlisted by the user via `torch.serialization.add_safe_globals`. We recommend you start setting `weights_only=True` for any use case where you don't have full control of the loaded file. Please open an issue on GitHub for any issues related to this experimental feature.
  lin.load_state_dict(torch.load(os.path.join(shift_dir, 'linear.pth'), map_location=device))
/storage/homefs/tf24s166/IW_dis2/disagree_discrep_IW/src/lib/utils.py:43: FutureWarning: You are using `torch.load` with `weights_only=False` (the current default value), which uses the default pickle module implicitly. It is possible to construct malicious pickle data which will execute arbitrary code during unpickling (See https://github.com/pytorch/pytorch/blob/main/SECURITY.md#untrusted-models for more details). In a future release, the default value for `weights_only` will be flipped to `True`. This limits the functions that could be executed during unpickling. Arbitrary objects will no longer be allowed to be loaded via this mode unless they are explicitly allowlisted by the user via `torch.serialization.add_safe_globals`. We recommend you start setting `weights_only=True` for any use case where you don't have full control of the loaded file. Please open an issue on GitHub for any issues related to this experimental feature.
  lin.load_state_dict(torch.load(os.path.join(shift_dir, 'linear.pth'), map_location=device))
living17/3/BN_adapt/PCA32 iw_overlap_critic W=2.0 accuracy=0.5588 prediction=0.9155 status=ok
living17/3/BN_adapt/PCA32 iw_residual_dis2 W=2.0 accuracy=0.5588 prediction=0.9428 status=ok
living17/3/BN_adapt/PCA32 iw_overlap_critic W=5.0 accuracy=0.5588 prediction=0.9007 status=ok
living17/3/BN_adapt/PCA32 iw_residual_dis2 W=5.0 accuracy=0.5588 prediction=0.9007 status=ok
living17/3/BN_adapt/PCA32 dis2_reference W=nan accuracy=0.5588 prediction=0.4446 status=ok
living17/3/BN_adapt/PCA64 iw_overlap_critic W=1.0 accuracy=0.5588 prediction=0.6446 status=ok
living17/3/BN_adapt/PCA64 iw_residual_dis2 W=1.0 accuracy=0.5588 prediction=1.0000 status=ok
living17/3/BN_adapt/PCA64 iw_overlap_critic W=2.0 accuracy=0.5588 prediction=nan status=unsupported_critic_region
living17/3/BN_adapt/PCA64 iw_residual_dis2 W=2.0 accuracy=0.5588 prediction=nan status=unsupported_critic_region
living17/3/BN_adapt/PCA64 iw_overlap_critic W=5.0 accuracy=0.5588 prediction=0.8644 status=ok
living17/3/BN_adapt/PCA64 iw_residual_dis2 W=5.0 accuracy=0.5588 prediction=0.8644 status=ok
living17/3/BN_adapt/PCA64 dis2_reference W=nan accuracy=0.5588 prediction=0.5778 status=ok
living17/3/BN_adapt/PCA128 iw_overlap_critic W=1.0 accuracy=0.5588 prediction=0.5599 status=ok
living17/3/BN_adapt/PCA128 iw_residual_dis2 W=1.0 accuracy=0.5588 prediction=0.9188 status=ok
living17/3/BN_adapt/PCA128 iw_overlap_critic W=2.0 accuracy=0.5588 prediction=nan status=unsupported_critic_region
living17/3/BN_adapt/PCA128 iw_residual_dis2 W=2.0 accuracy=0.5588 prediction=nan status=unsupported_critic_region
living17/3/BN_adapt/PCA128 iw_overlap_critic W=5.0 accuracy=0.5588 prediction=0.8481 status=ok
living17/3/BN_adapt/PCA128 iw_residual_dis2 W=5.0 accuracy=0.5588 prediction=0.8481 status=ok
living17/3/BN_adapt/PCA128 dis2_reference W=nan accuracy=0.5588 prediction=0.5620 status=ok
living17/1/DANN/logits iw_overlap_critic W=1.0 accuracy=0.6758 prediction=0.5158 status=ok
living17/1/DANN/logits iw_residual_dis2 W=1.0 accuracy=0.6758 prediction=0.8452 status=ok
living17/1/DANN/logits iw_overlap_critic W=2.0 accuracy=0.6758 prediction=0.8656 status=ok
living17/1/DANN/logits iw_residual_dis2 W=2.0 accuracy=0.6758 prediction=0.8656 status=ok
living17/1/DANN/logits iw_overlap_critic W=5.0 accuracy=0.6758 prediction=0.8656 status=ok
living17/1/DANN/logits iw_residual_dis2 W=5.0 accuracy=0.6758 prediction=0.8656 status=ok
living17/1/DANN/logits dis2_reference W=nan accuracy=0.6758 prediction=0.6796 status=ok
living17/1/DANN/features iw_overlap_critic W=1.0 accuracy=0.6758 prediction=0.4665 status=ok
living17/1/DANN/features iw_residual_dis2 W=1.0 accuracy=0.6758 prediction=0.7379 status=ok
living17/1/DANN/features iw_overlap_critic W=2.0 accuracy=0.6758 prediction=0.7038 status=ok
living17/1/DANN/features iw_residual_dis2 W=2.0 accuracy=0.6758 prediction=0.7976 status=ok
living17/1/DANN/features iw_overlap_critic W=5.0 accuracy=0.6758 prediction=0.7915 status=ok
living17/1/DANN/features iw_residual_dis2 W=5.0 accuracy=0.6758 prediction=0.7847 status=ok
living17/1/DANN/features dis2_reference W=nan accuracy=0.6758 prediction=0.5125 status=ok
living17/1/DANN/PCA1 iw_overlap_critic W=1.0 accuracy=0.6758 prediction=0.4843 status=ok
living17/1/DANN/PCA1 iw_residual_dis2 W=1.0 accuracy=0.6758 prediction=0.8366 status=ok
living17/1/DANN/PCA1 iw_overlap_critic W=2.0 accuracy=0.6758 prediction=0.7397 status=ok
living17/1/DANN/PCA1 iw_residual_dis2 W=2.0 accuracy=0.6758 prediction=0.8207 status=ok
living17/1/DANN/PCA1 iw_overlap_critic W=5.0 accuracy=0.6758 prediction=0.8278 status=ok
living17/1/DANN/PCA1 iw_residual_dis2 W=5.0 accuracy=0.6758 prediction=nan status=unsupported_critic_region
living17/1/DANN/PCA1 dis2_reference W=nan accuracy=0.6758 prediction=0.5345 status=ok
living17/1/DANN/PCA4 iw_overlap_critic W=1.0 accuracy=0.6758 prediction=0.5041 status=ok
living17/1/DANN/PCA4 iw_residual_dis2 W=1.0 accuracy=0.6758 prediction=0.7751 status=ok
living17/1/DANN/PCA4 iw_overlap_critic W=2.0 accuracy=0.6758 prediction=0.8145 status=ok
living17/1/DANN/PCA4 iw_residual_dis2 W=2.0 accuracy=0.6758 prediction=0.8504 status=ok
living17/1/DANN/PCA4 iw_overlap_critic W=5.0 accuracy=0.6758 prediction=0.8362 status=ok
living17/1/DANN/PCA4 iw_residual_dis2 W=5.0 accuracy=0.6758 prediction=0.8362 status=ok
living17/1/DANN/PCA4 dis2_reference W=nan accuracy=0.6758 prediction=0.5183 status=ok
living17/1/DANN/PCA16 iw_overlap_critic W=1.0 accuracy=0.6758 prediction=0.5583 status=ok
living17/1/DANN/PCA16 iw_residual_dis2 W=1.0 accuracy=0.6758 prediction=0.8118 status=ok
living17/1/DANN/PCA16 iw_overlap_critic W=2.0 accuracy=0.6758 prediction=0.8511 status=ok
living17/1/DANN/PCA16 iw_residual_dis2 W=2.0 accuracy=0.6758 prediction=0.8511 status=ok
living17/1/DANN/PCA16 iw_overlap_critic W=5.0 accuracy=0.6758 prediction=0.8511 status=ok
living17/1/DANN/PCA16 iw_residual_dis2 W=5.0 accuracy=0.6758 prediction=0.8511 status=ok
living17/1/DANN/PCA16 dis2_reference W=nan accuracy=0.6758 prediction=0.6218 status=ok
living17/1/DANN/PCA32 iw_overlap_critic W=1.0 accuracy=0.6758 prediction=0.5087 status=ok
living17/1/DANN/PCA32 iw_residual_dis2 W=1.0 accuracy=0.6758 prediction=0.8204 status=ok
living17/1/DANN/PCA32 iw_overlap_critic W=2.0 accuracy=0.6758 prediction=0.8564 status=ok
living17/1/DANN/PCA32 iw_residual_dis2 W=2.0 accuracy=0.6758 prediction=0.8564 status=ok
living17/1/DANN/PCA32 iw_overlap_critic W=5.0 accuracy=0.6758 prediction=0.8564 status=ok
living17/1/DANN/PCA32 iw_residual_dis2 W=5.0 accuracy=0.6758 prediction=0.8564 status=ok
living17/1/DANN/PCA32 dis2_reference W=nan accuracy=0.6758 prediction=0.6008 status=ok
living17/1/DANN/PCA64 iw_overlap_critic W=1.0 accuracy=0.6758 prediction=0.4884 status=ok
living17/1/DANN/PCA64 iw_residual_dis2 W=1.0 accuracy=0.6758 prediction=0.8580 status=ok
living17/1/DANN/PCA64 iw_overlap_critic W=2.0 accuracy=0.6758 prediction=0.8514 status=ok
living17/1/DANN/PCA64 iw_residual_dis2 W=2.0 accuracy=0.6758 prediction=0.8514 status=ok
living17/1/DANN/PCA64 iw_overlap_critic W=5.0 accuracy=0.6758 prediction=0.8514 status=ok
living17/1/DANN/PCA64 iw_residual_dis2 W=5.0 accuracy=0.6758 prediction=0.8514 status=ok
living17/1/DANN/PCA64 dis2_reference W=nan accuracy=0.6758 prediction=0.6748 status=ok
living17/1/DANN/PCA128 iw_overlap_critic W=1.0 accuracy=0.6758 prediction=0.4307 status=ok
living17/1/DANN/PCA128 iw_residual_dis2 W=1.0 accuracy=0.6758 prediction=0.8419 status=ok
living17/1/DANN/PCA128 iw_overlap_critic W=2.0 accuracy=0.6758 prediction=0.8420 status=ok
living17/1/DANN/PCA128 iw_residual_dis2 W=2.0 accuracy=0.6758 prediction=0.8425 status=ok
living17/1/DANN/PCA128 iw_overlap_critic W=5.0 accuracy=0.6758 prediction=0.8425 status=ok
living17/1/DANN/PCA128 iw_residual_dis2 W=5.0 accuracy=0.6758 prediction=0.8425 status=ok
living17/1/DANN/PCA128 dis2_reference W=nan accuracy=0.6758 prediction=0.6877 status=ok
living17/2/DANN/logits iw_overlap_critic W=1.0 accuracy=0.8971 prediction=0.8439 status=ok
living17/2/DANN/logits iw_residual_dis2 W=1.0 accuracy=0.8971 prediction=0.9157 status=ok
living17/2/DANN/logits iw_overlap_critic W=2.0 accuracy=0.8971 prediction=0.8847 status=ok
living17/2/DANN/logits iw_residual_dis2 W=2.0 accuracy=0.8971 prediction=0.8847 status=ok
living17/2/DANN/logits iw_overlap_critic W=5.0 accuracy=0.8971 prediction=0.8847 status=ok
living17/2/DANN/logits iw_residual_dis2 W=5.0 accuracy=0.8971 prediction=0.8847 status=ok
living17/2/DANN/logits dis2_reference W=nan accuracy=0.8971 prediction=0.5528 status=ok
living17/2/DANN/features iw_overlap_critic W=1.0 accuracy=0.8971 prediction=0.8532 status=ok
living17/2/DANN/features iw_residual_dis2 W=1.0 accuracy=0.8971 prediction=0.9369 status=ok
living17/2/DANN/features iw_overlap_critic W=2.0 accuracy=0.8971 prediction=0.8845 status=ok
living17/2/DANN/features iw_residual_dis2 W=2.0 accuracy=0.8971 prediction=0.8845 status=ok
living17/2/DANN/features iw_overlap_critic W=5.0 accuracy=0.8971 prediction=0.8845 status=ok
living17/2/DANN/features iw_residual_dis2 W=5.0 accuracy=0.8971 prediction=0.8845 status=ok
living17/2/DANN/features dis2_reference W=nan accuracy=0.8971 prediction=0.6140 status=ok
/storage/homefs/tf24s166/IW_dis2/disagree_discrep_IW/src/lib/utils.py:43: FutureWarning: You are using `torch.load` with `weights_only=False` (the current default value), which uses the default pickle module implicitly. It is possible to construct malicious pickle data which will execute arbitrary code during unpickling (See https://github.com/pytorch/pytorch/blob/main/SECURITY.md#untrusted-models for more details). In a future release, the default value for `weights_only` will be flipped to `True`. This limits the functions that could be executed during unpickling. Arbitrary objects will no longer be allowed to be loaded via this mode unless they are explicitly allowlisted by the user via `torch.serialization.add_safe_globals`. We recommend you start setting `weights_only=True` for any use case where you don't have full control of the loaded file. Please open an issue on GitHub for any issues related to this experimental feature.
  lin.load_state_dict(torch.load(os.path.join(shift_dir, 'linear.pth'), map_location=device))
living17/2/DANN/PCA1 iw_overlap_critic W=1.0 accuracy=0.8971 prediction=0.7472 status=ok
living17/2/DANN/PCA1 iw_residual_dis2 W=1.0 accuracy=0.8971 prediction=0.9453 status=ok
living17/2/DANN/PCA1 iw_overlap_critic W=2.0 accuracy=0.8971 prediction=0.8858 status=ok
living17/2/DANN/PCA1 iw_residual_dis2 W=2.0 accuracy=0.8971 prediction=0.8858 status=ok
living17/2/DANN/PCA1 iw_overlap_critic W=5.0 accuracy=0.8971 prediction=0.8858 status=ok
living17/2/DANN/PCA1 iw_residual_dis2 W=5.0 accuracy=0.8971 prediction=0.8858 status=ok
living17/2/DANN/PCA1 dis2_reference W=nan accuracy=0.8971 prediction=0.5233 status=ok
living17/2/DANN/PCA4 iw_overlap_critic W=1.0 accuracy=0.8971 prediction=0.7549 status=ok
living17/2/DANN/PCA4 iw_residual_dis2 W=1.0 accuracy=0.8971 prediction=0.8357 status=ok
living17/2/DANN/PCA4 iw_overlap_critic W=2.0 accuracy=0.8971 prediction=0.8840 status=ok
living17/2/DANN/PCA4 iw_residual_dis2 W=2.0 accuracy=0.8971 prediction=0.8840 status=ok
living17/2/DANN/PCA4 iw_overlap_critic W=5.0 accuracy=0.8971 prediction=0.8840 status=ok
living17/2/DANN/PCA4 iw_residual_dis2 W=5.0 accuracy=0.8971 prediction=0.8840 status=ok
living17/2/DANN/PCA4 dis2_reference W=nan accuracy=0.8971 prediction=0.4292 status=ok
living17/2/DANN/PCA16 iw_overlap_critic W=1.0 accuracy=0.8971 prediction=0.8017 status=ok
living17/2/DANN/PCA16 iw_residual_dis2 W=1.0 accuracy=0.8971 prediction=0.8925 status=ok
living17/2/DANN/PCA16 iw_overlap_critic W=2.0 accuracy=0.8971 prediction=0.8855 status=ok
living17/2/DANN/PCA16 iw_residual_dis2 W=2.0 accuracy=0.8971 prediction=0.8855 status=ok
living17/2/DANN/PCA16 iw_overlap_critic W=5.0 accuracy=0.8971 prediction=0.8855 status=ok
living17/2/DANN/PCA16 iw_residual_dis2 W=5.0 accuracy=0.8971 prediction=0.8855 status=ok
living17/2/DANN/PCA16 dis2_reference W=nan accuracy=0.8971 prediction=0.7845 status=ok
living17/2/DANN/PCA32 iw_overlap_critic W=1.0 accuracy=0.8971 prediction=0.8312 status=ok
living17/2/DANN/PCA32 iw_residual_dis2 W=1.0 accuracy=0.8971 prediction=1.0000 status=ok
living17/2/DANN/PCA32 iw_overlap_critic W=2.0 accuracy=0.8971 prediction=0.8987 status=ok
living17/2/DANN/PCA32 iw_residual_dis2 W=2.0 accuracy=0.8971 prediction=0.8987 status=ok
living17/2/DANN/PCA32 iw_overlap_critic W=5.0 accuracy=0.8971 prediction=0.8987 status=ok
living17/2/DANN/PCA32 iw_residual_dis2 W=5.0 accuracy=0.8971 prediction=0.8987 status=ok
living17/2/DANN/PCA32 dis2_reference W=nan accuracy=0.8971 prediction=0.5284 status=ok
living17/2/DANN/PCA64 iw_overlap_critic W=1.0 accuracy=0.8971 prediction=0.5812 status=ok
living17/2/DANN/PCA64 iw_residual_dis2 W=1.0 accuracy=0.8971 prediction=0.9648 status=ok
living17/2/DANN/PCA64 iw_overlap_critic W=2.0 accuracy=0.8971 prediction=0.8882 status=ok
living17/2/DANN/PCA64 iw_residual_dis2 W=2.0 accuracy=0.8971 prediction=0.8882 status=ok
living17/2/DANN/PCA64 iw_overlap_critic W=5.0 accuracy=0.8971 prediction=0.8882 status=ok
living17/2/DANN/PCA64 iw_residual_dis2 W=5.0 accuracy=0.8971 prediction=0.8882 status=ok
living17/2/DANN/PCA64 dis2_reference W=nan accuracy=0.8971 prediction=0.6531 status=ok
living17/2/DANN/PCA128 iw_overlap_critic W=1.0 accuracy=0.8971 prediction=0.6820 status=ok
living17/2/DANN/PCA128 iw_residual_dis2 W=1.0 accuracy=0.8971 prediction=0.9241 status=ok
living17/2/DANN/PCA128 iw_overlap_critic W=2.0 accuracy=0.8971 prediction=0.8849 status=ok
living17/2/DANN/PCA128 iw_residual_dis2 W=2.0 accuracy=0.8971 prediction=0.8849 status=ok
living17/2/DANN/PCA128 iw_overlap_critic W=5.0 accuracy=0.8971 prediction=0.8849 status=ok
living17/2/DANN/PCA128 iw_residual_dis2 W=5.0 accuracy=0.8971 prediction=0.8849 status=ok
living17/2/DANN/PCA128 dis2_reference W=nan accuracy=0.8971 prediction=0.3985 status=ok
living17/3/DANN/logits iw_overlap_critic W=1.0 accuracy=0.5882 prediction=0.7659 status=ok
living17/3/DANN/logits iw_residual_dis2 W=1.0 accuracy=0.5882 prediction=0.8832 status=ok
living17/3/DANN/logits iw_overlap_critic W=2.0 accuracy=0.5882 prediction=0.8977 status=ok
living17/3/DANN/logits iw_residual_dis2 W=2.0 accuracy=0.5882 prediction=0.8977 status=ok
living17/3/DANN/logits iw_overlap_critic W=5.0 accuracy=0.5882 prediction=0.8977 status=ok
living17/3/DANN/logits iw_residual_dis2 W=5.0 accuracy=0.5882 prediction=0.8977 status=ok
living17/3/DANN/logits dis2_reference W=nan accuracy=0.5882 prediction=0.5954 status=ok
living17/3/DANN/features iw_overlap_critic W=1.0 accuracy=0.5882 prediction=0.6044 status=ok
living17/3/DANN/features iw_residual_dis2 W=1.0 accuracy=0.5882 prediction=0.8054 status=ok
living17/3/DANN/features iw_overlap_critic W=2.0 accuracy=0.5882 prediction=0.8915 status=ok
living17/3/DANN/features iw_residual_dis2 W=2.0 accuracy=0.5882 prediction=0.8915 status=ok
living17/3/DANN/features iw_overlap_critic W=5.0 accuracy=0.5882 prediction=0.8915 status=ok
living17/3/DANN/features iw_residual_dis2 W=5.0 accuracy=0.5882 prediction=0.8915 status=ok
living17/3/DANN/features dis2_reference W=nan accuracy=0.5882 prediction=0.4005 status=ok
living17/3/DANN/PCA1 iw_overlap_critic W=1.0 accuracy=0.5882 prediction=0.5819 status=ok
living17/3/DANN/PCA1 iw_residual_dis2 W=1.0 accuracy=0.5882 prediction=0.8327 status=ok
living17/3/DANN/PCA1 iw_overlap_critic W=2.0 accuracy=0.5882 prediction=0.8938 status=ok
living17/3/DANN/PCA1 iw_residual_dis2 W=2.0 accuracy=0.5882 prediction=0.8938 status=ok
living17/3/DANN/PCA1 iw_overlap_critic W=5.0 accuracy=0.5882 prediction=0.8938 status=ok
living17/3/DANN/PCA1 iw_residual_dis2 W=5.0 accuracy=0.5882 prediction=0.8938 status=ok
living17/3/DANN/PCA1 dis2_reference W=nan accuracy=0.5882 prediction=0.3898 status=ok
living17/3/DANN/PCA4 iw_overlap_critic W=1.0 accuracy=0.5882 prediction=0.7660 status=ok
living17/3/DANN/PCA4 iw_residual_dis2 W=1.0 accuracy=0.5882 prediction=0.8999 status=ok
living17/3/DANN/PCA4 iw_overlap_critic W=2.0 accuracy=0.5882 prediction=0.8904 status=ok
living17/3/DANN/PCA4 iw_residual_dis2 W=2.0 accuracy=0.5882 prediction=0.8904 status=ok
living17/3/DANN/PCA4 iw_overlap_critic W=5.0 accuracy=0.5882 prediction=0.8904 status=ok
living17/3/DANN/PCA4 iw_residual_dis2 W=5.0 accuracy=0.5882 prediction=0.8904 status=ok
living17/3/DANN/PCA4 dis2_reference W=nan accuracy=0.5882 prediction=0.5186 status=ok
living17/3/DANN/PCA16 iw_overlap_critic W=1.0 accuracy=0.5882 prediction=0.6914 status=ok
living17/3/DANN/PCA16 iw_residual_dis2 W=1.0 accuracy=0.5882 prediction=0.9363 status=ok
living17/3/DANN/PCA16 iw_overlap_critic W=2.0 accuracy=0.5882 prediction=0.9053 status=ok
living17/3/DANN/PCA16 iw_residual_dis2 W=2.0 accuracy=0.5882 prediction=0.9053 status=ok
living17/3/DANN/PCA16 iw_overlap_critic W=5.0 accuracy=0.5882 prediction=0.8989 status=ok
living17/3/DANN/PCA16 iw_residual_dis2 W=5.0 accuracy=0.5882 prediction=0.8989 status=ok
living17/3/DANN/PCA16 dis2_reference W=nan accuracy=0.5882 prediction=0.3905 status=ok
living17/3/DANN/PCA32 iw_overlap_critic W=1.0 accuracy=0.5882 prediction=0.7400 status=ok
living17/3/DANN/PCA32 iw_residual_dis2 W=1.0 accuracy=0.5882 prediction=0.8321 status=ok
living17/3/DANN/PCA32 iw_overlap_critic W=2.0 accuracy=0.5882 prediction=nan status=unsupported_critic_region
living17/3/DANN/PCA32 iw_residual_dis2 W=2.0 accuracy=0.5882 prediction=nan status=unsupported_critic_region
living17/3/DANN/PCA32 iw_overlap_critic W=5.0 accuracy=0.5882 prediction=0.9011 status=ok
living17/3/DANN/PCA32 iw_residual_dis2 W=5.0 accuracy=0.5882 prediction=0.9011 status=ok
living17/3/DANN/PCA32 dis2_reference W=nan accuracy=0.5882 prediction=0.3928 status=ok
living17/3/DANN/PCA64 iw_overlap_critic W=1.0 accuracy=0.5882 prediction=0.7077 status=ok
living17/3/DANN/PCA64 iw_residual_dis2 W=1.0 accuracy=0.5882 prediction=0.9074 status=ok
living17/3/DANN/PCA64 iw_overlap_critic W=2.0 accuracy=0.5882 prediction=nan status=unsupported_critic_region
living17/3/DANN/PCA64 iw_residual_dis2 W=2.0 accuracy=0.5882 prediction=nan status=unsupported_critic_region
living17/3/DANN/PCA64 iw_overlap_critic W=5.0 accuracy=0.5882 prediction=0.8868 status=ok
living17/3/DANN/PCA64 iw_residual_dis2 W=5.0 accuracy=0.5882 prediction=0.8868 status=ok
/storage/homefs/tf24s166/IW_dis2/disagree_discrep_IW/src/lib/utils.py:43: FutureWarning: You are using `torch.load` with `weights_only=False` (the current default value), which uses the default pickle module implicitly. It is possible to construct malicious pickle data which will execute arbitrary code during unpickling (See https://github.com/pytorch/pytorch/blob/main/SECURITY.md#untrusted-models for more details). In a future release, the default value for `weights_only` will be flipped to `True`. This limits the functions that could be executed during unpickling. Arbitrary objects will no longer be allowed to be loaded via this mode unless they are explicitly allowlisted by the user via `torch.serialization.add_safe_globals`. We recommend you start setting `weights_only=True` for any use case where you don't have full control of the loaded file. Please open an issue on GitHub for any issues related to this experimental feature.
  lin.load_state_dict(torch.load(os.path.join(shift_dir, 'linear.pth'), map_location=device))
/storage/homefs/tf24s166/IW_dis2/disagree_discrep_IW/src/lib/utils.py:43: FutureWarning: You are using `torch.load` with `weights_only=False` (the current default value), which uses the default pickle module implicitly. It is possible to construct malicious pickle data which will execute arbitrary code during unpickling (See https://github.com/pytorch/pytorch/blob/main/SECURITY.md#untrusted-models for more details). In a future release, the default value for `weights_only` will be flipped to `True`. This limits the functions that could be executed during unpickling. Arbitrary objects will no longer be allowed to be loaded via this mode unless they are explicitly allowlisted by the user via `torch.serialization.add_safe_globals`. We recommend you start setting `weights_only=True` for any use case where you don't have full control of the loaded file. Please open an issue on GitHub for any issues related to this experimental feature.
  lin.load_state_dict(torch.load(os.path.join(shift_dir, 'linear.pth'), map_location=device))
living17/3/DANN/PCA64 dis2_reference W=nan accuracy=0.5882 prediction=0.5119 status=ok
living17/3/DANN/PCA128 iw_overlap_critic W=1.0 accuracy=0.5882 prediction=0.5518 status=ok
living17/3/DANN/PCA128 iw_residual_dis2 W=1.0 accuracy=0.5882 prediction=0.8305 status=ok
living17/3/DANN/PCA128 iw_overlap_critic W=2.0 accuracy=0.5882 prediction=0.8714 status=ok
living17/3/DANN/PCA128 iw_residual_dis2 W=2.0 accuracy=0.5882 prediction=0.9040 status=ok
living17/3/DANN/PCA128 iw_overlap_critic W=5.0 accuracy=0.5882 prediction=0.8507 status=ok
living17/3/DANN/PCA128 iw_residual_dis2 W=5.0 accuracy=0.5882 prediction=0.8507 status=ok
living17/3/DANN/PCA128 dis2_reference W=nan accuracy=0.5882 prediction=0.4920 status=ok
living17/1/CDANN/logits iw_overlap_critic W=1.0 accuracy=0.6864 prediction=0.4788 status=ok
living17/1/CDANN/logits iw_residual_dis2 W=1.0 accuracy=0.6864 prediction=0.8544 status=ok
living17/1/CDANN/logits iw_overlap_critic W=2.0 accuracy=0.6864 prediction=0.8887 status=ok
living17/1/CDANN/logits iw_residual_dis2 W=2.0 accuracy=0.6864 prediction=0.8887 status=ok
living17/1/CDANN/logits iw_overlap_critic W=5.0 accuracy=0.6864 prediction=0.8887 status=ok
living17/1/CDANN/logits iw_residual_dis2 W=5.0 accuracy=0.6864 prediction=0.8887 status=ok
living17/1/CDANN/logits dis2_reference W=nan accuracy=0.6864 prediction=0.6508 status=ok
living17/1/CDANN/features iw_overlap_critic W=1.0 accuracy=0.6864 prediction=0.6108 status=ok
living17/1/CDANN/features iw_residual_dis2 W=1.0 accuracy=0.6864 prediction=0.8425 status=ok
living17/1/CDANN/features iw_overlap_critic W=2.0 accuracy=0.6864 prediction=0.7760 status=ok
living17/1/CDANN/features iw_residual_dis2 W=2.0 accuracy=0.6864 prediction=0.8398 status=ok
living17/1/CDANN/features iw_overlap_critic W=5.0 accuracy=0.6864 prediction=0.8396 status=ok
living17/1/CDANN/features iw_residual_dis2 W=5.0 accuracy=0.6864 prediction=nan status=unsupported_residual_source_region
living17/1/CDANN/features dis2_reference W=nan accuracy=0.6864 prediction=0.6499 status=ok
living17/1/CDANN/PCA1 iw_overlap_critic W=1.0 accuracy=0.6864 prediction=0.6105 status=ok
living17/1/CDANN/PCA1 iw_residual_dis2 W=1.0 accuracy=0.6864 prediction=0.8014 status=ok
living17/1/CDANN/PCA1 iw_overlap_critic W=2.0 accuracy=0.6864 prediction=0.7973 status=ok
living17/1/CDANN/PCA1 iw_residual_dis2 W=2.0 accuracy=0.6864 prediction=0.8320 status=ok
living17/1/CDANN/PCA1 iw_overlap_critic W=5.0 accuracy=0.6864 prediction=0.8345 status=ok
living17/1/CDANN/PCA1 iw_residual_dis2 W=5.0 accuracy=0.6864 prediction=nan status=unsupported_critic_region
living17/1/CDANN/PCA1 dis2_reference W=nan accuracy=0.6864 prediction=0.6412 status=ok
living17/1/CDANN/PCA4 iw_overlap_critic W=1.0 accuracy=0.6864 prediction=0.6431 status=ok
living17/1/CDANN/PCA4 iw_residual_dis2 W=1.0 accuracy=0.6864 prediction=0.8373 status=ok
living17/1/CDANN/PCA4 iw_overlap_critic W=2.0 accuracy=0.6864 prediction=0.7881 status=ok
living17/1/CDANN/PCA4 iw_residual_dis2 W=2.0 accuracy=0.6864 prediction=0.8375 status=ok
living17/1/CDANN/PCA4 iw_overlap_critic W=5.0 accuracy=0.6864 prediction=0.8398 status=ok
living17/1/CDANN/PCA4 iw_residual_dis2 W=5.0 accuracy=0.6864 prediction=nan status=unsupported_critic_region
living17/1/CDANN/PCA4 dis2_reference W=nan accuracy=0.6864 prediction=0.5969 status=ok
living17/1/CDANN/PCA16 iw_overlap_critic W=1.0 accuracy=0.6864 prediction=0.5020 status=ok
living17/1/CDANN/PCA16 iw_residual_dis2 W=1.0 accuracy=0.6864 prediction=0.8751 status=ok
living17/1/CDANN/PCA16 iw_overlap_critic W=2.0 accuracy=0.6864 prediction=0.8887 status=ok
living17/1/CDANN/PCA16 iw_residual_dis2 W=2.0 accuracy=0.6864 prediction=0.8887 status=ok
living17/1/CDANN/PCA16 iw_overlap_critic W=5.0 accuracy=0.6864 prediction=0.8887 status=ok
living17/1/CDANN/PCA16 iw_residual_dis2 W=5.0 accuracy=0.6864 prediction=0.8887 status=ok
living17/1/CDANN/PCA16 dis2_reference W=nan accuracy=0.6864 prediction=0.6935 status=ok
living17/1/CDANN/PCA32 iw_overlap_critic W=1.0 accuracy=0.6864 prediction=0.4892 status=ok
living17/1/CDANN/PCA32 iw_residual_dis2 W=1.0 accuracy=0.6864 prediction=0.8911 status=ok
living17/1/CDANN/PCA32 iw_overlap_critic W=2.0 accuracy=0.6864 prediction=0.8879 status=ok
living17/1/CDANN/PCA32 iw_residual_dis2 W=2.0 accuracy=0.6864 prediction=0.8879 status=ok
living17/1/CDANN/PCA32 iw_overlap_critic W=5.0 accuracy=0.6864 prediction=0.8879 status=ok
living17/1/CDANN/PCA32 iw_residual_dis2 W=5.0 accuracy=0.6864 prediction=0.8879 status=ok
living17/1/CDANN/PCA32 dis2_reference W=nan accuracy=0.6864 prediction=0.6882 status=ok
living17/1/CDANN/PCA64 iw_overlap_critic W=1.0 accuracy=0.6864 prediction=0.4816 status=ok
living17/1/CDANN/PCA64 iw_residual_dis2 W=1.0 accuracy=0.6864 prediction=0.8781 status=ok
living17/1/CDANN/PCA64 iw_overlap_critic W=2.0 accuracy=0.6864 prediction=0.8894 status=ok
living17/1/CDANN/PCA64 iw_residual_dis2 W=2.0 accuracy=0.6864 prediction=0.8894 status=ok
living17/1/CDANN/PCA64 iw_overlap_critic W=5.0 accuracy=0.6864 prediction=0.8894 status=ok
living17/1/CDANN/PCA64 iw_residual_dis2 W=5.0 accuracy=0.6864 prediction=0.8894 status=ok
living17/1/CDANN/PCA64 dis2_reference W=nan accuracy=0.6864 prediction=0.7440 status=ok
living17/1/CDANN/PCA128 iw_overlap_critic W=1.0 accuracy=0.6864 prediction=0.4998 status=ok
living17/1/CDANN/PCA128 iw_residual_dis2 W=1.0 accuracy=0.6864 prediction=0.9036 status=ok
living17/1/CDANN/PCA128 iw_overlap_critic W=2.0 accuracy=0.6864 prediction=0.8898 status=ok
living17/1/CDANN/PCA128 iw_residual_dis2 W=2.0 accuracy=0.6864 prediction=0.8898 status=ok
living17/1/CDANN/PCA128 iw_overlap_critic W=5.0 accuracy=0.6864 prediction=0.8898 status=ok
living17/1/CDANN/PCA128 iw_residual_dis2 W=5.0 accuracy=0.6864 prediction=0.8898 status=ok
living17/1/CDANN/PCA128 dis2_reference W=nan accuracy=0.6864 prediction=0.7581 status=ok
living17/2/CDANN/logits iw_overlap_critic W=1.0 accuracy=0.8676 prediction=0.8621 status=ok
living17/2/CDANN/logits iw_residual_dis2 W=1.0 accuracy=0.8676 prediction=0.9564 status=ok
living17/2/CDANN/logits iw_overlap_critic W=2.0 accuracy=0.8676 prediction=0.8934 status=ok
living17/2/CDANN/logits iw_residual_dis2 W=2.0 accuracy=0.8676 prediction=0.8934 status=ok
living17/2/CDANN/logits iw_overlap_critic W=5.0 accuracy=0.8676 prediction=0.8934 status=ok
living17/2/CDANN/logits iw_residual_dis2 W=5.0 accuracy=0.8676 prediction=0.8934 status=ok
living17/2/CDANN/logits dis2_reference W=nan accuracy=0.8676 prediction=0.3919 status=ok
living17/2/CDANN/features iw_overlap_critic W=1.0 accuracy=0.8676 prediction=0.7574 status=ok
living17/2/CDANN/features iw_residual_dis2 W=1.0 accuracy=0.8676 prediction=0.8242 status=ok
living17/2/CDANN/features iw_overlap_critic W=2.0 accuracy=0.8676 prediction=0.8940 status=ok
living17/2/CDANN/features iw_residual_dis2 W=2.0 accuracy=0.8676 prediction=0.8940 status=ok
living17/2/CDANN/features iw_overlap_critic W=5.0 accuracy=0.8676 prediction=0.8940 status=ok
living17/2/CDANN/features iw_residual_dis2 W=5.0 accuracy=0.8676 prediction=0.8940 status=ok
living17/2/CDANN/features dis2_reference W=nan accuracy=0.8676 prediction=0.5175 status=ok
living17/2/CDANN/PCA1 iw_overlap_critic W=1.0 accuracy=0.8676 prediction=0.6604 status=ok
living17/2/CDANN/PCA1 iw_residual_dis2 W=1.0 accuracy=0.8676 prediction=0.9674 status=ok
living17/2/CDANN/PCA1 iw_overlap_critic W=2.0 accuracy=0.8676 prediction=0.8943 status=ok
living17/2/CDANN/PCA1 iw_residual_dis2 W=2.0 accuracy=0.8676 prediction=0.8943 status=ok
living17/2/CDANN/PCA1 iw_overlap_critic W=5.0 accuracy=0.8676 prediction=0.8943 status=ok
living17/2/CDANN/PCA1 iw_residual_dis2 W=5.0 accuracy=0.8676 prediction=0.8943 status=ok
living17/2/CDANN/PCA1 dis2_reference W=nan accuracy=0.8676 prediction=0.4901 status=ok
living17/2/CDANN/PCA4 iw_overlap_critic W=1.0 accuracy=0.8676 prediction=0.8174 status=ok
living17/2/CDANN/PCA4 iw_residual_dis2 W=1.0 accuracy=0.8676 prediction=0.9297 status=ok
living17/2/CDANN/PCA4 iw_overlap_critic W=2.0 accuracy=0.8676 prediction=0.8940 status=ok
living17/2/CDANN/PCA4 iw_residual_dis2 W=2.0 accuracy=0.8676 prediction=0.8940 status=ok
/storage/homefs/tf24s166/IW_dis2/disagree_discrep_IW/src/lib/utils.py:43: FutureWarning: You are using `torch.load` with `weights_only=False` (the current default value), which uses the default pickle module implicitly. It is possible to construct malicious pickle data which will execute arbitrary code during unpickling (See https://github.com/pytorch/pytorch/blob/main/SECURITY.md#untrusted-models for more details). In a future release, the default value for `weights_only` will be flipped to `True`. This limits the functions that could be executed during unpickling. Arbitrary objects will no longer be allowed to be loaded via this mode unless they are explicitly allowlisted by the user via `torch.serialization.add_safe_globals`. We recommend you start setting `weights_only=True` for any use case where you don't have full control of the loaded file. Please open an issue on GitHub for any issues related to this experimental feature.
  lin.load_state_dict(torch.load(os.path.join(shift_dir, 'linear.pth'), map_location=device))
/storage/homefs/tf24s166/IW_dis2/disagree_discrep_IW/src/lib/utils.py:43: FutureWarning: You are using `torch.load` with `weights_only=False` (the current default value), which uses the default pickle module implicitly. It is possible to construct malicious pickle data which will execute arbitrary code during unpickling (See https://github.com/pytorch/pytorch/blob/main/SECURITY.md#untrusted-models for more details). In a future release, the default value for `weights_only` will be flipped to `True`. This limits the functions that could be executed during unpickling. Arbitrary objects will no longer be allowed to be loaded via this mode unless they are explicitly allowlisted by the user via `torch.serialization.add_safe_globals`. We recommend you start setting `weights_only=True` for any use case where you don't have full control of the loaded file. Please open an issue on GitHub for any issues related to this experimental feature.
  lin.load_state_dict(torch.load(os.path.join(shift_dir, 'linear.pth'), map_location=device))
living17/2/CDANN/PCA4 iw_overlap_critic W=5.0 accuracy=0.8676 prediction=0.8940 status=ok
living17/2/CDANN/PCA4 iw_residual_dis2 W=5.0 accuracy=0.8676 prediction=0.8940 status=ok
living17/2/CDANN/PCA4 dis2_reference W=nan accuracy=0.8676 prediction=0.3449 status=ok
living17/2/CDANN/PCA16 iw_overlap_critic W=1.0 accuracy=0.8676 prediction=0.8600 status=ok
living17/2/CDANN/PCA16 iw_residual_dis2 W=1.0 accuracy=0.8676 prediction=0.9346 status=ok
living17/2/CDANN/PCA16 iw_overlap_critic W=2.0 accuracy=0.8676 prediction=0.8937 status=ok
living17/2/CDANN/PCA16 iw_residual_dis2 W=2.0 accuracy=0.8676 prediction=0.8937 status=ok
living17/2/CDANN/PCA16 iw_overlap_critic W=5.0 accuracy=0.8676 prediction=0.8937 status=ok
living17/2/CDANN/PCA16 iw_residual_dis2 W=5.0 accuracy=0.8676 prediction=0.8937 status=ok
living17/2/CDANN/PCA16 dis2_reference W=nan accuracy=0.8676 prediction=0.4202 status=ok
living17/2/CDANN/PCA32 iw_overlap_critic W=1.0 accuracy=0.8676 prediction=0.7511 status=ok
living17/2/CDANN/PCA32 iw_residual_dis2 W=1.0 accuracy=0.8676 prediction=0.9703 status=ok
living17/2/CDANN/PCA32 iw_overlap_critic W=2.0 accuracy=0.8676 prediction=0.8924 status=ok
living17/2/CDANN/PCA32 iw_residual_dis2 W=2.0 accuracy=0.8676 prediction=0.8924 status=ok
living17/2/CDANN/PCA32 iw_overlap_critic W=5.0 accuracy=0.8676 prediction=0.8924 status=ok
living17/2/CDANN/PCA32 iw_residual_dis2 W=5.0 accuracy=0.8676 prediction=0.8924 status=ok
living17/2/CDANN/PCA32 dis2_reference W=nan accuracy=0.8676 prediction=0.4773 status=ok
living17/2/CDANN/PCA64 iw_overlap_critic W=1.0 accuracy=0.8676 prediction=0.7008 status=ok
living17/2/CDANN/PCA64 iw_residual_dis2 W=1.0 accuracy=0.8676 prediction=0.9253 status=ok
living17/2/CDANN/PCA64 iw_overlap_critic W=2.0 accuracy=0.8676 prediction=0.8924 status=ok
living17/2/CDANN/PCA64 iw_residual_dis2 W=2.0 accuracy=0.8676 prediction=0.8924 status=ok
living17/2/CDANN/PCA64 iw_overlap_critic W=5.0 accuracy=0.8676 prediction=0.8924 status=ok
living17/2/CDANN/PCA64 iw_residual_dis2 W=5.0 accuracy=0.8676 prediction=0.8924 status=ok
living17/2/CDANN/PCA64 dis2_reference W=nan accuracy=0.8676 prediction=0.6114 status=ok
living17/2/CDANN/PCA128 iw_overlap_critic W=1.0 accuracy=0.8676 prediction=0.5976 status=ok
living17/2/CDANN/PCA128 iw_residual_dis2 W=1.0 accuracy=0.8676 prediction=0.8857 status=ok
living17/2/CDANN/PCA128 iw_overlap_critic W=2.0 accuracy=0.8676 prediction=0.8922 status=ok
living17/2/CDANN/PCA128 iw_residual_dis2 W=2.0 accuracy=0.8676 prediction=0.8922 status=ok
living17/2/CDANN/PCA128 iw_overlap_critic W=5.0 accuracy=0.8676 prediction=0.8922 status=ok
living17/2/CDANN/PCA128 iw_residual_dis2 W=5.0 accuracy=0.8676 prediction=0.8922 status=ok
living17/2/CDANN/PCA128 dis2_reference W=nan accuracy=0.8676 prediction=0.4511 status=ok
living17/3/CDANN/logits iw_overlap_critic W=1.0 accuracy=0.5588 prediction=0.5870 status=ok
living17/3/CDANN/logits iw_residual_dis2 W=1.0 accuracy=0.5588 prediction=0.8428 status=ok
living17/3/CDANN/logits iw_overlap_critic W=2.0 accuracy=0.5588 prediction=0.8838 status=ok
living17/3/CDANN/logits iw_residual_dis2 W=2.0 accuracy=0.5588 prediction=0.8838 status=ok
living17/3/CDANN/logits iw_overlap_critic W=5.0 accuracy=0.5588 prediction=0.8838 status=ok
living17/3/CDANN/logits iw_residual_dis2 W=5.0 accuracy=0.5588 prediction=0.8838 status=ok
living17/3/CDANN/logits dis2_reference W=nan accuracy=0.5588 prediction=0.2970 status=ok
living17/3/CDANN/features iw_overlap_critic W=1.0 accuracy=0.5588 prediction=0.7081 status=ok
living17/3/CDANN/features iw_residual_dis2 W=1.0 accuracy=0.5588 prediction=0.9405 status=ok
living17/3/CDANN/features iw_overlap_critic W=2.0 accuracy=0.5588 prediction=0.8913 status=ok
living17/3/CDANN/features iw_residual_dis2 W=2.0 accuracy=0.5588 prediction=0.8913 status=ok
living17/3/CDANN/features iw_overlap_critic W=5.0 accuracy=0.5588 prediction=0.8913 status=ok
living17/3/CDANN/features iw_residual_dis2 W=5.0 accuracy=0.5588 prediction=0.8913 status=ok
living17/3/CDANN/features dis2_reference W=nan accuracy=0.5588 prediction=0.4363 status=ok
living17/3/CDANN/PCA1 iw_overlap_critic W=1.0 accuracy=0.5588 prediction=0.7468 status=ok
living17/3/CDANN/PCA1 iw_residual_dis2 W=1.0 accuracy=0.5588 prediction=0.8999 status=ok
living17/3/CDANN/PCA1 iw_overlap_critic W=2.0 accuracy=0.5588 prediction=0.8884 status=ok
living17/3/CDANN/PCA1 iw_residual_dis2 W=2.0 accuracy=0.5588 prediction=0.8884 status=ok
living17/3/CDANN/PCA1 iw_overlap_critic W=5.0 accuracy=0.5588 prediction=0.8723 status=ok
living17/3/CDANN/PCA1 iw_residual_dis2 W=5.0 accuracy=0.5588 prediction=0.8723 status=ok
living17/3/CDANN/PCA1 dis2_reference W=nan accuracy=0.5588 prediction=0.3301 status=ok
living17/3/CDANN/PCA4 iw_overlap_critic W=1.0 accuracy=0.5588 prediction=0.7068 status=ok
living17/3/CDANN/PCA4 iw_residual_dis2 W=1.0 accuracy=0.5588 prediction=0.7878 status=ok
living17/3/CDANN/PCA4 iw_overlap_critic W=2.0 accuracy=0.5588 prediction=0.8839 status=ok
living17/3/CDANN/PCA4 iw_residual_dis2 W=2.0 accuracy=0.5588 prediction=0.8839 status=ok
living17/3/CDANN/PCA4 iw_overlap_critic W=5.0 accuracy=0.5588 prediction=0.8839 status=ok
living17/3/CDANN/PCA4 iw_residual_dis2 W=5.0 accuracy=0.5588 prediction=0.8839 status=ok
living17/3/CDANN/PCA4 dis2_reference W=nan accuracy=0.5588 prediction=0.4448 status=ok
living17/3/CDANN/PCA16 iw_overlap_critic W=1.0 accuracy=0.5588 prediction=0.5942 status=ok
living17/3/CDANN/PCA16 iw_residual_dis2 W=1.0 accuracy=0.5588 prediction=0.9793 status=ok
living17/3/CDANN/PCA16 iw_overlap_critic W=2.0 accuracy=0.5588 prediction=0.8839 status=ok
living17/3/CDANN/PCA16 iw_residual_dis2 W=2.0 accuracy=0.5588 prediction=0.8839 status=ok
living17/3/CDANN/PCA16 iw_overlap_critic W=5.0 accuracy=0.5588 prediction=0.8839 status=ok
living17/3/CDANN/PCA16 iw_residual_dis2 W=5.0 accuracy=0.5588 prediction=0.8839 status=ok
living17/3/CDANN/PCA16 dis2_reference W=nan accuracy=0.5588 prediction=0.3614 status=ok
living17/3/CDANN/PCA32 iw_overlap_critic W=1.0 accuracy=0.5588 prediction=0.5406 status=ok
living17/3/CDANN/PCA32 iw_residual_dis2 W=1.0 accuracy=0.5588 prediction=0.8965 status=ok
living17/3/CDANN/PCA32 iw_overlap_critic W=2.0 accuracy=0.5588 prediction=0.8830 status=ok
living17/3/CDANN/PCA32 iw_residual_dis2 W=2.0 accuracy=0.5588 prediction=0.8830 status=ok
living17/3/CDANN/PCA32 iw_overlap_critic W=5.0 accuracy=0.5588 prediction=0.8830 status=ok
living17/3/CDANN/PCA32 iw_residual_dis2 W=5.0 accuracy=0.5588 prediction=0.8830 status=ok
living17/3/CDANN/PCA32 dis2_reference W=nan accuracy=0.5588 prediction=0.5126 status=ok
living17/3/CDANN/PCA64 iw_overlap_critic W=1.0 accuracy=0.5588 prediction=0.6914 status=ok
living17/3/CDANN/PCA64 iw_residual_dis2 W=1.0 accuracy=0.5588 prediction=0.9249 status=ok
living17/3/CDANN/PCA64 iw_overlap_critic W=2.0 accuracy=0.5588 prediction=0.8830 status=ok
living17/3/CDANN/PCA64 iw_residual_dis2 W=2.0 accuracy=0.5588 prediction=0.8830 status=ok
living17/3/CDANN/PCA64 iw_overlap_critic W=5.0 accuracy=0.5588 prediction=0.8830 status=ok
living17/3/CDANN/PCA64 iw_residual_dis2 W=5.0 accuracy=0.5588 prediction=0.8830 status=ok
living17/3/CDANN/PCA64 dis2_reference W=nan accuracy=0.5588 prediction=0.4638 status=ok
living17/3/CDANN/PCA128 iw_overlap_critic W=1.0 accuracy=0.5588 prediction=0.4608 status=ok
living17/3/CDANN/PCA128 iw_residual_dis2 W=1.0 accuracy=0.5588 prediction=0.8431 status=ok
living17/3/CDANN/PCA128 iw_overlap_critic W=2.0 accuracy=0.5588 prediction=0.8826 status=ok
living17/3/CDANN/PCA128 iw_residual_dis2 W=2.0 accuracy=0.5588 prediction=0.8826 status=ok
living17/3/CDANN/PCA128 iw_overlap_critic W=5.0 accuracy=0.5588 prediction=0.8826 status=ok
living17/3/CDANN/PCA128 iw_residual_dis2 W=5.0 accuracy=0.5588 prediction=0.8826 status=ok
living17/3/CDANN/PCA128 dis2_reference W=nan accuracy=0.5588 prediction=0.5305 status=ok
living17/1/FixMatch/logits iw_overlap_critic W=1.0 accuracy=0.7240 prediction=0.4886 status=ok
living17/1/FixMatch/logits iw_residual_dis2 W=1.0 accuracy=0.7240 prediction=0.8279 status=ok
living17/1/FixMatch/logits iw_overlap_critic W=2.0 accuracy=0.7240 prediction=0.8971 status=ok
/storage/homefs/tf24s166/IW_dis2/disagree_discrep_IW/src/lib/utils.py:43: FutureWarning: You are using `torch.load` with `weights_only=False` (the current default value), which uses the default pickle module implicitly. It is possible to construct malicious pickle data which will execute arbitrary code during unpickling (See https://github.com/pytorch/pytorch/blob/main/SECURITY.md#untrusted-models for more details). In a future release, the default value for `weights_only` will be flipped to `True`. This limits the functions that could be executed during unpickling. Arbitrary objects will no longer be allowed to be loaded via this mode unless they are explicitly allowlisted by the user via `torch.serialization.add_safe_globals`. We recommend you start setting `weights_only=True` for any use case where you don't have full control of the loaded file. Please open an issue on GitHub for any issues related to this experimental feature.
  lin.load_state_dict(torch.load(os.path.join(shift_dir, 'linear.pth'), map_location=device))
living17/1/FixMatch/logits iw_residual_dis2 W=2.0 accuracy=0.7240 prediction=0.8971 status=ok
living17/1/FixMatch/logits iw_overlap_critic W=5.0 accuracy=0.7240 prediction=0.8971 status=ok
living17/1/FixMatch/logits iw_residual_dis2 W=5.0 accuracy=0.7240 prediction=0.8971 status=ok
living17/1/FixMatch/logits dis2_reference W=nan accuracy=0.7240 prediction=0.6556 status=ok
living17/1/FixMatch/features iw_overlap_critic W=1.0 accuracy=0.7240 prediction=0.3924 status=ok
living17/1/FixMatch/features iw_residual_dis2 W=1.0 accuracy=0.7240 prediction=0.7346 status=ok
living17/1/FixMatch/features iw_overlap_critic W=2.0 accuracy=0.7240 prediction=0.6594 status=ok
living17/1/FixMatch/features iw_residual_dis2 W=2.0 accuracy=0.7240 prediction=0.8279 status=ok
living17/1/FixMatch/features iw_overlap_critic W=5.0 accuracy=0.7240 prediction=0.8402 status=ok
living17/1/FixMatch/features iw_residual_dis2 W=5.0 accuracy=0.7240 prediction=0.8525 status=ok
living17/1/FixMatch/features dis2_reference W=nan accuracy=0.7240 prediction=0.4522 status=ok
living17/1/FixMatch/PCA1 iw_overlap_critic W=1.0 accuracy=0.7240 prediction=0.4268 status=ok
living17/1/FixMatch/PCA1 iw_residual_dis2 W=1.0 accuracy=0.7240 prediction=0.7193 status=ok
living17/1/FixMatch/PCA1 iw_overlap_critic W=2.0 accuracy=0.7240 prediction=0.7294 status=ok
living17/1/FixMatch/PCA1 iw_residual_dis2 W=2.0 accuracy=0.7240 prediction=0.8467 status=ok
living17/1/FixMatch/PCA1 iw_overlap_critic W=5.0 accuracy=0.7240 prediction=0.8663 status=ok
living17/1/FixMatch/PCA1 iw_residual_dis2 W=5.0 accuracy=0.7240 prediction=0.8649 status=ok
living17/1/FixMatch/PCA1 dis2_reference W=nan accuracy=0.7240 prediction=0.4420 status=ok
living17/1/FixMatch/PCA4 iw_overlap_critic W=1.0 accuracy=0.7240 prediction=0.4677 status=ok
living17/1/FixMatch/PCA4 iw_residual_dis2 W=1.0 accuracy=0.7240 prediction=0.7262 status=ok
living17/1/FixMatch/PCA4 iw_overlap_critic W=2.0 accuracy=0.7240 prediction=0.8067 status=ok
living17/1/FixMatch/PCA4 iw_residual_dis2 W=2.0 accuracy=0.7240 prediction=0.8770 status=ok
living17/1/FixMatch/PCA4 iw_overlap_critic W=5.0 accuracy=0.7240 prediction=nan status=unsupported_critic_region
living17/1/FixMatch/PCA4 iw_residual_dis2 W=5.0 accuracy=0.7240 prediction=nan status=unsupported_residual_source_region
living17/1/FixMatch/PCA4 dis2_reference W=nan accuracy=0.7240 prediction=0.4789 status=ok
living17/1/FixMatch/PCA16 iw_overlap_critic W=1.0 accuracy=0.7240 prediction=0.5335 status=ok
living17/1/FixMatch/PCA16 iw_residual_dis2 W=1.0 accuracy=0.7240 prediction=0.8072 status=ok
living17/1/FixMatch/PCA16 iw_overlap_critic W=2.0 accuracy=0.7240 prediction=0.8621 status=ok
living17/1/FixMatch/PCA16 iw_residual_dis2 W=2.0 accuracy=0.7240 prediction=0.8816 status=ok
living17/1/FixMatch/PCA16 iw_overlap_critic W=5.0 accuracy=0.7240 prediction=0.8829 status=ok
living17/1/FixMatch/PCA16 iw_residual_dis2 W=5.0 accuracy=0.7240 prediction=0.8829 status=ok
living17/1/FixMatch/PCA16 dis2_reference W=nan accuracy=0.7240 prediction=0.5461 status=ok
living17/1/FixMatch/PCA32 iw_overlap_critic W=1.0 accuracy=0.7240 prediction=0.5320 status=ok
living17/1/FixMatch/PCA32 iw_residual_dis2 W=1.0 accuracy=0.7240 prediction=0.8220 status=ok
living17/1/FixMatch/PCA32 iw_overlap_critic W=2.0 accuracy=0.7240 prediction=0.8869 status=ok
living17/1/FixMatch/PCA32 iw_residual_dis2 W=2.0 accuracy=0.7240 prediction=nan status=unsupported_residual_source_region
living17/1/FixMatch/PCA32 iw_overlap_critic W=5.0 accuracy=0.7240 prediction=0.8873 status=ok
living17/1/FixMatch/PCA32 iw_residual_dis2 W=5.0 accuracy=0.7240 prediction=0.8873 status=ok
living17/1/FixMatch/PCA32 dis2_reference W=nan accuracy=0.7240 prediction=0.6418 status=ok
living17/1/FixMatch/PCA64 iw_overlap_critic W=1.0 accuracy=0.7240 prediction=0.4850 status=ok
living17/1/FixMatch/PCA64 iw_residual_dis2 W=1.0 accuracy=0.7240 prediction=0.8637 status=ok
living17/1/FixMatch/PCA64 iw_overlap_critic W=2.0 accuracy=0.7240 prediction=0.8830 status=ok
living17/1/FixMatch/PCA64 iw_residual_dis2 W=2.0 accuracy=0.7240 prediction=0.8830 status=ok
living17/1/FixMatch/PCA64 iw_overlap_critic W=5.0 accuracy=0.7240 prediction=0.8830 status=ok
living17/1/FixMatch/PCA64 iw_residual_dis2 W=5.0 accuracy=0.7240 prediction=0.8830 status=ok
living17/1/FixMatch/PCA64 dis2_reference W=nan accuracy=0.7240 prediction=0.6545 status=ok
living17/1/FixMatch/PCA128 iw_overlap_critic W=1.0 accuracy=0.7240 prediction=0.4754 status=ok
living17/1/FixMatch/PCA128 iw_residual_dis2 W=1.0 accuracy=0.7240 prediction=0.8918 status=ok
living17/1/FixMatch/PCA128 iw_overlap_critic W=2.0 accuracy=0.7240 prediction=0.8787 status=ok
living17/1/FixMatch/PCA128 iw_residual_dis2 W=2.0 accuracy=0.7240 prediction=nan status=unsupported_residual_source_region
living17/1/FixMatch/PCA128 iw_overlap_critic W=5.0 accuracy=0.7240 prediction=0.8800 status=ok
living17/1/FixMatch/PCA128 iw_residual_dis2 W=5.0 accuracy=0.7240 prediction=0.8800 status=ok
living17/1/FixMatch/PCA128 dis2_reference W=nan accuracy=0.7240 prediction=0.7294 status=ok
living17/2/FixMatch/logits iw_overlap_critic W=1.0 accuracy=0.8971 prediction=0.6404 status=ok
living17/2/FixMatch/logits iw_residual_dis2 W=1.0 accuracy=0.8971 prediction=0.9333 status=ok
living17/2/FixMatch/logits iw_overlap_critic W=2.0 accuracy=0.8971 prediction=0.8870 status=ok
living17/2/FixMatch/logits iw_residual_dis2 W=2.0 accuracy=0.8971 prediction=0.8870 status=ok
living17/2/FixMatch/logits iw_overlap_critic W=5.0 accuracy=0.8971 prediction=0.8870 status=ok
living17/2/FixMatch/logits iw_residual_dis2 W=5.0 accuracy=0.8971 prediction=0.8870 status=ok
living17/2/FixMatch/logits dis2_reference W=nan accuracy=0.8971 prediction=0.4649 status=ok
living17/2/FixMatch/features iw_overlap_critic W=1.0 accuracy=0.8971 prediction=0.7480 status=ok
living17/2/FixMatch/features iw_residual_dis2 W=1.0 accuracy=0.8971 prediction=0.8083 status=ok
living17/2/FixMatch/features iw_overlap_critic W=2.0 accuracy=0.8971 prediction=0.8867 status=ok
living17/2/FixMatch/features iw_residual_dis2 W=2.0 accuracy=0.8971 prediction=0.8867 status=ok
living17/2/FixMatch/features iw_overlap_critic W=5.0 accuracy=0.8971 prediction=0.8867 status=ok
living17/2/FixMatch/features iw_residual_dis2 W=5.0 accuracy=0.8971 prediction=0.8867 status=ok
living17/2/FixMatch/features dis2_reference W=nan accuracy=0.8971 prediction=0.3640 status=ok
living17/2/FixMatch/PCA1 iw_overlap_critic W=1.0 accuracy=0.8971 prediction=0.7074 status=ok
living17/2/FixMatch/PCA1 iw_residual_dis2 W=1.0 accuracy=0.8971 prediction=0.8722 status=ok
living17/2/FixMatch/PCA1 iw_overlap_critic W=2.0 accuracy=0.8971 prediction=0.8860 status=ok
living17/2/FixMatch/PCA1 iw_residual_dis2 W=2.0 accuracy=0.8971 prediction=0.8860 status=ok
living17/2/FixMatch/PCA1 iw_overlap_critic W=5.0 accuracy=0.8971 prediction=0.8860 status=ok
living17/2/FixMatch/PCA1 iw_residual_dis2 W=5.0 accuracy=0.8971 prediction=0.8860 status=ok
living17/2/FixMatch/PCA1 dis2_reference W=nan accuracy=0.8971 prediction=0.4634 status=ok
living17/2/FixMatch/PCA4 iw_overlap_critic W=1.0 accuracy=0.8971 prediction=0.7985 status=ok
living17/2/FixMatch/PCA4 iw_residual_dis2 W=1.0 accuracy=0.8971 prediction=0.9149 status=ok
living17/2/FixMatch/PCA4 iw_overlap_critic W=2.0 accuracy=0.8971 prediction=0.8871 status=ok
living17/2/FixMatch/PCA4 iw_residual_dis2 W=2.0 accuracy=0.8971 prediction=0.8871 status=ok
living17/2/FixMatch/PCA4 iw_overlap_critic W=5.0 accuracy=0.8971 prediction=0.8871 status=ok
living17/2/FixMatch/PCA4 iw_residual_dis2 W=5.0 accuracy=0.8971 prediction=0.8871 status=ok
living17/2/FixMatch/PCA4 dis2_reference W=nan accuracy=0.8971 prediction=0.2916 status=ok
living17/2/FixMatch/PCA16 iw_overlap_critic W=1.0 accuracy=0.8971 prediction=0.7512 status=ok
living17/2/FixMatch/PCA16 iw_residual_dis2 W=1.0 accuracy=0.8971 prediction=0.8950 status=ok
living17/2/FixMatch/PCA16 iw_overlap_critic W=2.0 accuracy=0.8971 prediction=0.8876 status=ok
living17/2/FixMatch/PCA16 iw_residual_dis2 W=2.0 accuracy=0.8971 prediction=0.8876 status=ok
living17/2/FixMatch/PCA16 iw_overlap_critic W=5.0 accuracy=0.8971 prediction=0.8876 status=ok
/storage/homefs/tf24s166/IW_dis2/disagree_discrep_IW/src/lib/utils.py:43: FutureWarning: You are using `torch.load` with `weights_only=False` (the current default value), which uses the default pickle module implicitly. It is possible to construct malicious pickle data which will execute arbitrary code during unpickling (See https://github.com/pytorch/pytorch/blob/main/SECURITY.md#untrusted-models for more details). In a future release, the default value for `weights_only` will be flipped to `True`. This limits the functions that could be executed during unpickling. Arbitrary objects will no longer be allowed to be loaded via this mode unless they are explicitly allowlisted by the user via `torch.serialization.add_safe_globals`. We recommend you start setting `weights_only=True` for any use case where you don't have full control of the loaded file. Please open an issue on GitHub for any issues related to this experimental feature.
  lin.load_state_dict(torch.load(os.path.join(shift_dir, 'linear.pth'), map_location=device))
/storage/homefs/tf24s166/IW_dis2/disagree_discrep_IW/src/lib/utils.py:43: FutureWarning: You are using `torch.load` with `weights_only=False` (the current default value), which uses the default pickle module implicitly. It is possible to construct malicious pickle data which will execute arbitrary code during unpickling (See https://github.com/pytorch/pytorch/blob/main/SECURITY.md#untrusted-models for more details). In a future release, the default value for `weights_only` will be flipped to `True`. This limits the functions that could be executed during unpickling. Arbitrary objects will no longer be allowed to be loaded via this mode unless they are explicitly allowlisted by the user via `torch.serialization.add_safe_globals`. We recommend you start setting `weights_only=True` for any use case where you don't have full control of the loaded file. Please open an issue on GitHub for any issues related to this experimental feature.
  lin.load_state_dict(torch.load(os.path.join(shift_dir, 'linear.pth'), map_location=device))
living17/2/FixMatch/PCA16 iw_residual_dis2 W=5.0 accuracy=0.8971 prediction=0.8876 status=ok
living17/2/FixMatch/PCA16 dis2_reference W=nan accuracy=0.8971 prediction=0.4822 status=ok
living17/2/FixMatch/PCA32 iw_overlap_critic W=1.0 accuracy=0.8971 prediction=0.6979 status=ok
living17/2/FixMatch/PCA32 iw_residual_dis2 W=1.0 accuracy=0.8971 prediction=0.9727 status=ok
living17/2/FixMatch/PCA32 iw_overlap_critic W=2.0 accuracy=0.8971 prediction=0.8871 status=ok
living17/2/FixMatch/PCA32 iw_residual_dis2 W=2.0 accuracy=0.8971 prediction=0.8871 status=ok
living17/2/FixMatch/PCA32 iw_overlap_critic W=5.0 accuracy=0.8971 prediction=0.8871 status=ok
living17/2/FixMatch/PCA32 iw_residual_dis2 W=5.0 accuracy=0.8971 prediction=0.8871 status=ok
living17/2/FixMatch/PCA32 dis2_reference W=nan accuracy=0.8971 prediction=0.5928 status=ok
living17/2/FixMatch/PCA64 iw_overlap_critic W=1.0 accuracy=0.8971 prediction=nan status=unsupported_critic_region
living17/2/FixMatch/PCA64 iw_residual_dis2 W=1.0 accuracy=0.8971 prediction=nan status=unsupported_critic_region
living17/2/FixMatch/PCA64 iw_overlap_critic W=2.0 accuracy=0.8971 prediction=0.8857 status=ok
living17/2/FixMatch/PCA64 iw_residual_dis2 W=2.0 accuracy=0.8971 prediction=0.8857 status=ok
living17/2/FixMatch/PCA64 iw_overlap_critic W=5.0 accuracy=0.8971 prediction=0.8857 status=ok
living17/2/FixMatch/PCA64 iw_residual_dis2 W=5.0 accuracy=0.8971 prediction=0.8857 status=ok
living17/2/FixMatch/PCA64 dis2_reference W=nan accuracy=0.8971 prediction=0.5070 status=ok
living17/2/FixMatch/PCA128 iw_overlap_critic W=1.0 accuracy=0.8971 prediction=0.6364 status=ok
living17/2/FixMatch/PCA128 iw_residual_dis2 W=1.0 accuracy=0.8971 prediction=0.8846 status=ok
living17/2/FixMatch/PCA128 iw_overlap_critic W=2.0 accuracy=0.8971 prediction=0.8854 status=ok
living17/2/FixMatch/PCA128 iw_residual_dis2 W=2.0 accuracy=0.8971 prediction=0.8854 status=ok
living17/2/FixMatch/PCA128 iw_overlap_critic W=5.0 accuracy=0.8971 prediction=0.8854 status=ok
living17/2/FixMatch/PCA128 iw_residual_dis2 W=5.0 accuracy=0.8971 prediction=0.8854 status=ok
living17/2/FixMatch/PCA128 dis2_reference W=nan accuracy=0.8971 prediction=0.5446 status=ok
living17/3/FixMatch/logits iw_overlap_critic W=1.0 accuracy=0.5588 prediction=0.7868 status=ok
living17/3/FixMatch/logits iw_residual_dis2 W=1.0 accuracy=0.5588 prediction=0.8686 status=ok
living17/3/FixMatch/logits iw_overlap_critic W=2.0 accuracy=0.5588 prediction=nan status=unsupported_critic_region
living17/3/FixMatch/logits iw_residual_dis2 W=2.0 accuracy=0.5588 prediction=nan status=unsupported_critic_region
living17/3/FixMatch/logits iw_overlap_critic W=5.0 accuracy=0.5588 prediction=0.9025 status=ok
living17/3/FixMatch/logits iw_residual_dis2 W=5.0 accuracy=0.5588 prediction=0.9025 status=ok
living17/3/FixMatch/logits dis2_reference W=nan accuracy=0.5588 prediction=0.2984 status=ok
living17/3/FixMatch/features iw_overlap_critic W=1.0 accuracy=0.5588 prediction=0.8236 status=ok
living17/3/FixMatch/features iw_residual_dis2 W=1.0 accuracy=0.5588 prediction=0.8983 status=ok
living17/3/FixMatch/features iw_overlap_critic W=2.0 accuracy=0.5588 prediction=0.8885 status=ok
living17/3/FixMatch/features iw_residual_dis2 W=2.0 accuracy=0.5588 prediction=0.8885 status=ok
living17/3/FixMatch/features iw_overlap_critic W=5.0 accuracy=0.5588 prediction=0.8885 status=ok
living17/3/FixMatch/features iw_residual_dis2 W=5.0 accuracy=0.5588 prediction=0.8885 status=ok
living17/3/FixMatch/features dis2_reference W=nan accuracy=0.5588 prediction=0.5490 status=ok
living17/3/FixMatch/PCA1 iw_overlap_critic W=1.0 accuracy=0.5588 prediction=0.5059 status=ok
living17/3/FixMatch/PCA1 iw_residual_dis2 W=1.0 accuracy=0.5588 prediction=0.8548 status=ok
living17/3/FixMatch/PCA1 iw_overlap_critic W=2.0 accuracy=0.5588 prediction=0.8859 status=ok
living17/3/FixMatch/PCA1 iw_residual_dis2 W=2.0 accuracy=0.5588 prediction=0.8859 status=ok
living17/3/FixMatch/PCA1 iw_overlap_critic W=5.0 accuracy=0.5588 prediction=0.8859 status=ok
living17/3/FixMatch/PCA1 iw_residual_dis2 W=5.0 accuracy=0.5588 prediction=0.8859 status=ok
living17/3/FixMatch/PCA1 dis2_reference W=nan accuracy=0.5588 prediction=0.4625 status=ok
living17/3/FixMatch/PCA4 iw_overlap_critic W=1.0 accuracy=0.5588 prediction=0.7370 status=ok
living17/3/FixMatch/PCA4 iw_residual_dis2 W=1.0 accuracy=0.5588 prediction=0.8782 status=ok
living17/3/FixMatch/PCA4 iw_overlap_critic W=2.0 accuracy=0.5588 prediction=0.8913 status=ok
living17/3/FixMatch/PCA4 iw_residual_dis2 W=2.0 accuracy=0.5588 prediction=0.8913 status=ok
living17/3/FixMatch/PCA4 iw_overlap_critic W=5.0 accuracy=0.5588 prediction=0.8860 status=ok
living17/3/FixMatch/PCA4 iw_residual_dis2 W=5.0 accuracy=0.5588 prediction=0.8860 status=ok
living17/3/FixMatch/PCA4 dis2_reference W=nan accuracy=0.5588 prediction=0.3464 status=ok
living17/3/FixMatch/PCA16 iw_overlap_critic W=1.0 accuracy=0.5588 prediction=0.9038 status=ok
living17/3/FixMatch/PCA16 iw_residual_dis2 W=1.0 accuracy=0.5588 prediction=0.9487 status=ok
living17/3/FixMatch/PCA16 iw_overlap_critic W=2.0 accuracy=0.5588 prediction=0.9323 status=ok
living17/3/FixMatch/PCA16 iw_residual_dis2 W=2.0 accuracy=0.5588 prediction=0.9323 status=ok
living17/3/FixMatch/PCA16 iw_overlap_critic W=5.0 accuracy=0.5588 prediction=0.8974 status=ok
living17/3/FixMatch/PCA16 iw_residual_dis2 W=5.0 accuracy=0.5588 prediction=0.8974 status=ok
living17/3/FixMatch/PCA16 dis2_reference W=nan accuracy=0.5588 prediction=0.3481 status=ok
living17/3/FixMatch/PCA32 iw_overlap_critic W=1.0 accuracy=0.5588 prediction=0.7977 status=ok
living17/3/FixMatch/PCA32 iw_residual_dis2 W=1.0 accuracy=0.5588 prediction=0.8187 status=ok
living17/3/FixMatch/PCA32 iw_overlap_critic W=2.0 accuracy=0.5588 prediction=0.8923 status=ok
living17/3/FixMatch/PCA32 iw_residual_dis2 W=2.0 accuracy=0.5588 prediction=0.8923 status=ok
living17/3/FixMatch/PCA32 iw_overlap_critic W=5.0 accuracy=0.5588 prediction=0.8923 status=ok
living17/3/FixMatch/PCA32 iw_residual_dis2 W=5.0 accuracy=0.5588 prediction=0.8923 status=ok
living17/3/FixMatch/PCA32 dis2_reference W=nan accuracy=0.5588 prediction=0.4578 status=ok
living17/3/FixMatch/PCA64 iw_overlap_critic W=1.0 accuracy=0.5588 prediction=0.7518 status=ok
living17/3/FixMatch/PCA64 iw_residual_dis2 W=1.0 accuracy=0.5588 prediction=0.9032 status=ok
living17/3/FixMatch/PCA64 iw_overlap_critic W=2.0 accuracy=0.5588 prediction=0.8816 status=ok
living17/3/FixMatch/PCA64 iw_residual_dis2 W=2.0 accuracy=0.5588 prediction=0.8816 status=ok
living17/3/FixMatch/PCA64 iw_overlap_critic W=5.0 accuracy=0.5588 prediction=0.8816 status=ok
living17/3/FixMatch/PCA64 iw_residual_dis2 W=5.0 accuracy=0.5588 prediction=0.8816 status=ok
living17/3/FixMatch/PCA64 dis2_reference W=nan accuracy=0.5588 prediction=0.5261 status=ok
living17/3/FixMatch/PCA128 iw_overlap_critic W=1.0 accuracy=0.5588 prediction=0.5426 status=ok
living17/3/FixMatch/PCA128 iw_residual_dis2 W=1.0 accuracy=0.5588 prediction=0.8441 status=ok
living17/3/FixMatch/PCA128 iw_overlap_critic W=2.0 accuracy=0.5588 prediction=0.8759 status=ok
living17/3/FixMatch/PCA128 iw_residual_dis2 W=2.0 accuracy=0.5588 prediction=0.8759 status=ok
living17/3/FixMatch/PCA128 iw_overlap_critic W=5.0 accuracy=0.5588 prediction=0.8759 status=ok
living17/3/FixMatch/PCA128 iw_residual_dis2 W=5.0 accuracy=0.5588 prediction=0.8759 status=ok
living17/3/FixMatch/PCA128 dis2_reference W=nan accuracy=0.5588 prediction=0.4088 status=ok
Missing features: nonliving26/ERM-aug-imagenet/1; skipping.
Missing features: nonliving26/ERM-aug-imagenet/2; skipping.
Missing features: nonliving26/ERM-aug-imagenet/3; skipping.
nonliving26/1/ERM-aug-rand/logits iw_overlap_critic W=1.0 accuracy=0.4511 prediction=0.4014 status=ok
nonliving26/1/ERM-aug-rand/logits iw_residual_dis2 W=1.0 accuracy=0.4511 prediction=0.6707 status=ok
nonliving26/1/ERM-aug-rand/logits iw_overlap_critic W=2.0 accuracy=0.4511 prediction=nan status=unsupported_critic_region
nonliving26/1/ERM-aug-rand/logits iw_residual_dis2 W=2.0 accuracy=0.4511 prediction=nan status=unsupported_critic_region
nonliving26/1/ERM-aug-rand/logits iw_overlap_critic W=5.0 accuracy=0.4511 prediction=0.8219 status=ok
/storage/homefs/tf24s166/IW_dis2/disagree_discrep_IW/src/lib/utils.py:43: FutureWarning: You are using `torch.load` with `weights_only=False` (the current default value), which uses the default pickle module implicitly. It is possible to construct malicious pickle data which will execute arbitrary code during unpickling (See https://github.com/pytorch/pytorch/blob/main/SECURITY.md#untrusted-models for more details). In a future release, the default value for `weights_only` will be flipped to `True`. This limits the functions that could be executed during unpickling. Arbitrary objects will no longer be allowed to be loaded via this mode unless they are explicitly allowlisted by the user via `torch.serialization.add_safe_globals`. We recommend you start setting `weights_only=True` for any use case where you don't have full control of the loaded file. Please open an issue on GitHub for any issues related to this experimental feature.
  lin.load_state_dict(torch.load(os.path.join(shift_dir, 'linear.pth'), map_location=device))
nonliving26/1/ERM-aug-rand/logits iw_residual_dis2 W=5.0 accuracy=0.4511 prediction=0.8219 status=ok
nonliving26/1/ERM-aug-rand/logits dis2_reference W=nan accuracy=0.4511 prediction=0.4309 status=ok
nonliving26/1/ERM-aug-rand/features iw_overlap_critic W=1.0 accuracy=0.4511 prediction=0.3165 status=ok
nonliving26/1/ERM-aug-rand/features iw_residual_dis2 W=1.0 accuracy=0.4511 prediction=0.6186 status=ok
nonliving26/1/ERM-aug-rand/features iw_overlap_critic W=2.0 accuracy=0.4511 prediction=0.6755 status=ok
nonliving26/1/ERM-aug-rand/features iw_residual_dis2 W=2.0 accuracy=0.4511 prediction=0.7722 status=ok
nonliving26/1/ERM-aug-rand/features iw_overlap_critic W=5.0 accuracy=0.4511 prediction=0.7878 status=ok
nonliving26/1/ERM-aug-rand/features iw_residual_dis2 W=5.0 accuracy=0.4511 prediction=nan status=unsupported_critic_region
nonliving26/1/ERM-aug-rand/features dis2_reference W=nan accuracy=0.4511 prediction=0.2780 status=ok
nonliving26/1/ERM-aug-rand/PCA1 iw_overlap_critic W=1.0 accuracy=0.4511 prediction=0.3540 status=ok
nonliving26/1/ERM-aug-rand/PCA1 iw_residual_dis2 W=1.0 accuracy=0.4511 prediction=0.6207 status=ok
nonliving26/1/ERM-aug-rand/PCA1 iw_overlap_critic W=2.0 accuracy=0.4511 prediction=0.7175 status=ok
nonliving26/1/ERM-aug-rand/PCA1 iw_residual_dis2 W=2.0 accuracy=0.4511 prediction=0.7849 status=ok
nonliving26/1/ERM-aug-rand/PCA1 iw_overlap_critic W=5.0 accuracy=0.4511 prediction=0.8015 status=ok
nonliving26/1/ERM-aug-rand/PCA1 iw_residual_dis2 W=5.0 accuracy=0.4511 prediction=nan status=unsupported_residual_source_region
nonliving26/1/ERM-aug-rand/PCA1 dis2_reference W=nan accuracy=0.4511 prediction=0.3024 status=ok
nonliving26/1/ERM-aug-rand/PCA4 iw_overlap_critic W=1.0 accuracy=0.4511 prediction=0.3848 status=ok
nonliving26/1/ERM-aug-rand/PCA4 iw_residual_dis2 W=1.0 accuracy=0.4511 prediction=0.5767 status=ok
nonliving26/1/ERM-aug-rand/PCA4 iw_overlap_critic W=2.0 accuracy=0.4511 prediction=0.6947 status=ok
nonliving26/1/ERM-aug-rand/PCA4 iw_residual_dis2 W=2.0 accuracy=0.4511 prediction=0.7804 status=ok
nonliving26/1/ERM-aug-rand/PCA4 iw_overlap_critic W=5.0 accuracy=0.4511 prediction=0.7953 status=ok
nonliving26/1/ERM-aug-rand/PCA4 iw_residual_dis2 W=5.0 accuracy=0.4511 prediction=nan status=unsupported_residual_source_region
nonliving26/1/ERM-aug-rand/PCA4 dis2_reference W=nan accuracy=0.4511 prediction=0.3170 status=ok
nonliving26/1/ERM-aug-rand/PCA16 iw_overlap_critic W=1.0 accuracy=0.4511 prediction=0.4150 status=ok
nonliving26/1/ERM-aug-rand/PCA16 iw_residual_dis2 W=1.0 accuracy=0.4511 prediction=0.6538 status=ok
nonliving26/1/ERM-aug-rand/PCA16 iw_overlap_critic W=2.0 accuracy=0.4511 prediction=0.7472 status=ok
nonliving26/1/ERM-aug-rand/PCA16 iw_residual_dis2 W=2.0 accuracy=0.4511 prediction=0.7970 status=ok
nonliving26/1/ERM-aug-rand/PCA16 iw_overlap_critic W=5.0 accuracy=0.4511 prediction=0.7960 status=ok
nonliving26/1/ERM-aug-rand/PCA16 iw_residual_dis2 W=5.0 accuracy=0.4511 prediction=0.7960 status=ok
nonliving26/1/ERM-aug-rand/PCA16 dis2_reference W=nan accuracy=0.4511 prediction=0.3769 status=ok
nonliving26/1/ERM-aug-rand/PCA32 iw_overlap_critic W=1.0 accuracy=0.4511 prediction=0.3703 status=ok
nonliving26/1/ERM-aug-rand/PCA32 iw_residual_dis2 W=1.0 accuracy=0.4511 prediction=0.7036 status=ok
nonliving26/1/ERM-aug-rand/PCA32 iw_overlap_critic W=2.0 accuracy=0.4511 prediction=0.7589 status=ok
nonliving26/1/ERM-aug-rand/PCA32 iw_residual_dis2 W=2.0 accuracy=0.4511 prediction=0.8104 status=ok
nonliving26/1/ERM-aug-rand/PCA32 iw_overlap_critic W=5.0 accuracy=0.4511 prediction=0.8091 status=ok
nonliving26/1/ERM-aug-rand/PCA32 iw_residual_dis2 W=5.0 accuracy=0.4511 prediction=0.8091 status=ok
nonliving26/1/ERM-aug-rand/PCA32 dis2_reference W=nan accuracy=0.4511 prediction=0.4950 status=ok
nonliving26/1/ERM-aug-rand/PCA64 iw_overlap_critic W=1.0 accuracy=0.4511 prediction=0.3360 status=ok
nonliving26/1/ERM-aug-rand/PCA64 iw_residual_dis2 W=1.0 accuracy=0.4511 prediction=0.7294 status=ok
nonliving26/1/ERM-aug-rand/PCA64 iw_overlap_critic W=2.0 accuracy=0.4511 prediction=0.7665 status=ok
nonliving26/1/ERM-aug-rand/PCA64 iw_residual_dis2 W=2.0 accuracy=0.4511 prediction=0.8082 status=ok
nonliving26/1/ERM-aug-rand/PCA64 iw_overlap_critic W=5.0 accuracy=0.4511 prediction=0.8113 status=ok
nonliving26/1/ERM-aug-rand/PCA64 iw_residual_dis2 W=5.0 accuracy=0.4511 prediction=0.8113 status=ok
nonliving26/1/ERM-aug-rand/PCA64 dis2_reference W=nan accuracy=0.4511 prediction=0.6221 status=ok
nonliving26/1/ERM-aug-rand/PCA128 iw_overlap_critic W=1.0 accuracy=0.4511 prediction=0.3347 status=ok
nonliving26/1/ERM-aug-rand/PCA128 iw_residual_dis2 W=1.0 accuracy=0.4511 prediction=0.7914 status=ok
nonliving26/1/ERM-aug-rand/PCA128 iw_overlap_critic W=2.0 accuracy=0.4511 prediction=0.7806 status=ok
nonliving26/1/ERM-aug-rand/PCA128 iw_residual_dis2 W=2.0 accuracy=0.4511 prediction=0.8122 status=ok
nonliving26/1/ERM-aug-rand/PCA128 iw_overlap_critic W=5.0 accuracy=0.4511 prediction=0.8114 status=ok
nonliving26/1/ERM-aug-rand/PCA128 iw_residual_dis2 W=5.0 accuracy=0.4511 prediction=0.8114 status=ok
nonliving26/1/ERM-aug-rand/PCA128 dis2_reference W=nan accuracy=0.4511 prediction=0.6789 status=ok
nonliving26/2/ERM-aug-rand/logits iw_overlap_critic W=1.0 accuracy=0.7615 prediction=0.5234 status=ok
nonliving26/2/ERM-aug-rand/logits iw_residual_dis2 W=1.0 accuracy=0.7615 prediction=0.8461 status=ok
nonliving26/2/ERM-aug-rand/logits iw_overlap_critic W=2.0 accuracy=0.7615 prediction=0.8074 status=ok
nonliving26/2/ERM-aug-rand/logits iw_residual_dis2 W=2.0 accuracy=0.7615 prediction=0.8590 status=ok
nonliving26/2/ERM-aug-rand/logits iw_overlap_critic W=5.0 accuracy=0.7615 prediction=0.8289 status=ok
nonliving26/2/ERM-aug-rand/logits iw_residual_dis2 W=5.0 accuracy=0.7615 prediction=0.8289 status=ok
nonliving26/2/ERM-aug-rand/logits dis2_reference W=nan accuracy=0.7615 prediction=0.6891 status=ok
nonliving26/2/ERM-aug-rand/features iw_overlap_critic W=1.0 accuracy=0.7615 prediction=0.4983 status=ok
nonliving26/2/ERM-aug-rand/features iw_residual_dis2 W=1.0 accuracy=0.7615 prediction=0.6997 status=ok
nonliving26/2/ERM-aug-rand/features iw_overlap_critic W=2.0 accuracy=0.7615 prediction=0.5635 status=ok
nonliving26/2/ERM-aug-rand/features iw_residual_dis2 W=2.0 accuracy=0.7615 prediction=0.7227 status=ok
nonliving26/2/ERM-aug-rand/features iw_overlap_critic W=5.0 accuracy=0.7615 prediction=0.6560 status=ok
nonliving26/2/ERM-aug-rand/features iw_residual_dis2 W=5.0 accuracy=0.7615 prediction=0.7979 status=ok
nonliving26/2/ERM-aug-rand/features dis2_reference W=nan accuracy=0.7615 prediction=0.5491 status=ok
nonliving26/2/ERM-aug-rand/PCA1 iw_overlap_critic W=1.0 accuracy=0.7615 prediction=0.4031 status=ok
nonliving26/2/ERM-aug-rand/PCA1 iw_residual_dis2 W=1.0 accuracy=0.7615 prediction=0.7380 status=ok
nonliving26/2/ERM-aug-rand/PCA1 iw_overlap_critic W=2.0 accuracy=0.7615 prediction=0.5923 status=ok
nonliving26/2/ERM-aug-rand/PCA1 iw_residual_dis2 W=2.0 accuracy=0.7615 prediction=0.7243 status=ok
nonliving26/2/ERM-aug-rand/PCA1 iw_overlap_critic W=5.0 accuracy=0.7615 prediction=0.7731 status=ok
nonliving26/2/ERM-aug-rand/PCA1 iw_residual_dis2 W=5.0 accuracy=0.7615 prediction=0.7873 status=ok
nonliving26/2/ERM-aug-rand/PCA1 dis2_reference W=nan accuracy=0.7615 prediction=0.5368 status=ok
nonliving26/2/ERM-aug-rand/PCA4 iw_overlap_critic W=1.0 accuracy=0.7615 prediction=0.5167 status=ok
nonliving26/2/ERM-aug-rand/PCA4 iw_residual_dis2 W=1.0 accuracy=0.7615 prediction=0.7344 status=ok
nonliving26/2/ERM-aug-rand/PCA4 iw_overlap_critic W=2.0 accuracy=0.7615 prediction=0.6128 status=ok
nonliving26/2/ERM-aug-rand/PCA4 iw_residual_dis2 W=2.0 accuracy=0.7615 prediction=0.7862 status=ok
nonliving26/2/ERM-aug-rand/PCA4 iw_overlap_critic W=5.0 accuracy=0.7615 prediction=0.6534 status=ok
nonliving26/2/ERM-aug-rand/PCA4 iw_residual_dis2 W=5.0 accuracy=0.7615 prediction=0.7654 status=ok
nonliving26/2/ERM-aug-rand/PCA4 dis2_reference W=nan accuracy=0.7615 prediction=0.6676 status=ok
nonliving26/2/ERM-aug-rand/PCA16 iw_overlap_critic W=1.0 accuracy=0.7615 prediction=0.5452 status=ok
/storage/homefs/tf24s166/IW_dis2/disagree_discrep_IW/src/lib/utils.py:43: FutureWarning: You are using `torch.load` with `weights_only=False` (the current default value), which uses the default pickle module implicitly. It is possible to construct malicious pickle data which will execute arbitrary code during unpickling (See https://github.com/pytorch/pytorch/blob/main/SECURITY.md#untrusted-models for more details). In a future release, the default value for `weights_only` will be flipped to `True`. This limits the functions that could be executed during unpickling. Arbitrary objects will no longer be allowed to be loaded via this mode unless they are explicitly allowlisted by the user via `torch.serialization.add_safe_globals`. We recommend you start setting `weights_only=True` for any use case where you don't have full control of the loaded file. Please open an issue on GitHub for any issues related to this experimental feature.
  lin.load_state_dict(torch.load(os.path.join(shift_dir, 'linear.pth'), map_location=device))
nonliving26/2/ERM-aug-rand/PCA16 iw_residual_dis2 W=1.0 accuracy=0.7615 prediction=0.7542 status=ok
nonliving26/2/ERM-aug-rand/PCA16 iw_overlap_critic W=2.0 accuracy=0.7615 prediction=0.5908 status=ok
nonliving26/2/ERM-aug-rand/PCA16 iw_residual_dis2 W=2.0 accuracy=0.7615 prediction=0.7731 status=ok
nonliving26/2/ERM-aug-rand/PCA16 iw_overlap_critic W=5.0 accuracy=0.7615 prediction=0.8176 status=ok
nonliving26/2/ERM-aug-rand/PCA16 iw_residual_dis2 W=5.0 accuracy=0.7615 prediction=0.8253 status=ok
nonliving26/2/ERM-aug-rand/PCA16 dis2_reference W=nan accuracy=0.7615 prediction=0.6768 status=ok
nonliving26/2/ERM-aug-rand/PCA32 iw_overlap_critic W=1.0 accuracy=0.7615 prediction=0.4055 status=ok
nonliving26/2/ERM-aug-rand/PCA32 iw_residual_dis2 W=1.0 accuracy=0.7615 prediction=0.7347 status=ok
nonliving26/2/ERM-aug-rand/PCA32 iw_overlap_critic W=2.0 accuracy=0.7615 prediction=0.7808 status=ok
nonliving26/2/ERM-aug-rand/PCA32 iw_residual_dis2 W=2.0 accuracy=0.7615 prediction=0.8116 status=ok
nonliving26/2/ERM-aug-rand/PCA32 iw_overlap_critic W=5.0 accuracy=0.7615 prediction=0.8133 status=ok
nonliving26/2/ERM-aug-rand/PCA32 iw_residual_dis2 W=5.0 accuracy=0.7615 prediction=0.8133 status=ok
nonliving26/2/ERM-aug-rand/PCA32 dis2_reference W=nan accuracy=0.7615 prediction=0.6461 status=ok
nonliving26/2/ERM-aug-rand/PCA64 iw_overlap_critic W=1.0 accuracy=0.7615 prediction=0.3614 status=ok
nonliving26/2/ERM-aug-rand/PCA64 iw_residual_dis2 W=1.0 accuracy=0.7615 prediction=0.7747 status=ok
nonliving26/2/ERM-aug-rand/PCA64 iw_overlap_critic W=2.0 accuracy=0.7615 prediction=0.7735 status=ok
nonliving26/2/ERM-aug-rand/PCA64 iw_residual_dis2 W=2.0 accuracy=0.7615 prediction=0.8023 status=ok
nonliving26/2/ERM-aug-rand/PCA64 iw_overlap_critic W=5.0 accuracy=0.7615 prediction=0.8097 status=ok
nonliving26/2/ERM-aug-rand/PCA64 iw_residual_dis2 W=5.0 accuracy=0.7615 prediction=0.8097 status=ok
nonliving26/2/ERM-aug-rand/PCA64 dis2_reference W=nan accuracy=0.7615 prediction=0.6814 status=ok
nonliving26/2/ERM-aug-rand/PCA128 iw_overlap_critic W=1.0 accuracy=0.7615 prediction=0.3524 status=ok
nonliving26/2/ERM-aug-rand/PCA128 iw_residual_dis2 W=1.0 accuracy=0.7615 prediction=0.7853 status=ok
nonliving26/2/ERM-aug-rand/PCA128 iw_overlap_critic W=2.0 accuracy=0.7615 prediction=0.8145 status=ok
nonliving26/2/ERM-aug-rand/PCA128 iw_residual_dis2 W=2.0 accuracy=0.7615 prediction=0.8199 status=ok
nonliving26/2/ERM-aug-rand/PCA128 iw_overlap_critic W=5.0 accuracy=0.7615 prediction=0.8148 status=ok
nonliving26/2/ERM-aug-rand/PCA128 iw_residual_dis2 W=5.0 accuracy=0.7615 prediction=0.8148 status=ok
nonliving26/2/ERM-aug-rand/PCA128 dis2_reference W=nan accuracy=0.7615 prediction=0.6338 status=ok
nonliving26/3/ERM-aug-rand/logits iw_overlap_critic W=1.0 accuracy=0.7365 prediction=0.4859 status=ok
nonliving26/3/ERM-aug-rand/logits iw_residual_dis2 W=1.0 accuracy=0.7365 prediction=0.7883 status=ok
nonliving26/3/ERM-aug-rand/logits iw_overlap_critic W=2.0 accuracy=0.7365 prediction=0.7836 status=ok
nonliving26/3/ERM-aug-rand/logits iw_residual_dis2 W=2.0 accuracy=0.7365 prediction=0.8740 status=ok
nonliving26/3/ERM-aug-rand/logits iw_overlap_critic W=5.0 accuracy=0.7365 prediction=nan status=unsupported_critic_region
nonliving26/3/ERM-aug-rand/logits iw_residual_dis2 W=5.0 accuracy=0.7365 prediction=nan status=unsupported_critic_region
nonliving26/3/ERM-aug-rand/logits dis2_reference W=nan accuracy=0.7365 prediction=0.6276 status=ok
nonliving26/3/ERM-aug-rand/features iw_overlap_critic W=1.0 accuracy=0.7365 prediction=0.3974 status=ok
nonliving26/3/ERM-aug-rand/features iw_residual_dis2 W=1.0 accuracy=0.7365 prediction=0.6619 status=ok
nonliving26/3/ERM-aug-rand/features iw_overlap_critic W=2.0 accuracy=0.7365 prediction=0.3800 status=ok
nonliving26/3/ERM-aug-rand/features iw_residual_dis2 W=2.0 accuracy=0.7365 prediction=0.5785 status=ok
nonliving26/3/ERM-aug-rand/features iw_overlap_critic W=5.0 accuracy=0.7365 prediction=0.4498 status=ok
nonliving26/3/ERM-aug-rand/features iw_residual_dis2 W=5.0 accuracy=0.7365 prediction=0.7222 status=ok
nonliving26/3/ERM-aug-rand/features dis2_reference W=nan accuracy=0.7365 prediction=0.5045 status=ok
nonliving26/3/ERM-aug-rand/PCA1 iw_overlap_critic W=1.0 accuracy=0.7365 prediction=0.4695 status=ok
nonliving26/3/ERM-aug-rand/PCA1 iw_residual_dis2 W=1.0 accuracy=0.7365 prediction=0.6523 status=ok
nonliving26/3/ERM-aug-rand/PCA1 iw_overlap_critic W=2.0 accuracy=0.7365 prediction=0.4847 status=ok
nonliving26/3/ERM-aug-rand/PCA1 iw_residual_dis2 W=2.0 accuracy=0.7365 prediction=0.6126 status=ok
nonliving26/3/ERM-aug-rand/PCA1 iw_overlap_critic W=5.0 accuracy=0.7365 prediction=0.6360 status=ok
nonliving26/3/ERM-aug-rand/PCA1 iw_residual_dis2 W=5.0 accuracy=0.7365 prediction=0.7013 status=ok
nonliving26/3/ERM-aug-rand/PCA1 dis2_reference W=nan accuracy=0.7365 prediction=0.4230 status=ok
nonliving26/3/ERM-aug-rand/PCA4 iw_overlap_critic W=1.0 accuracy=0.7365 prediction=0.4624 status=ok
nonliving26/3/ERM-aug-rand/PCA4 iw_residual_dis2 W=1.0 accuracy=0.7365 prediction=0.7221 status=ok
nonliving26/3/ERM-aug-rand/PCA4 iw_overlap_critic W=2.0 accuracy=0.7365 prediction=0.3630 status=ok
nonliving26/3/ERM-aug-rand/PCA4 iw_residual_dis2 W=2.0 accuracy=0.7365 prediction=0.6564 status=ok
nonliving26/3/ERM-aug-rand/PCA4 iw_overlap_critic W=5.0 accuracy=0.7365 prediction=0.5229 status=ok
nonliving26/3/ERM-aug-rand/PCA4 iw_residual_dis2 W=5.0 accuracy=0.7365 prediction=0.7337 status=ok
nonliving26/3/ERM-aug-rand/PCA4 dis2_reference W=nan accuracy=0.7365 prediction=0.4691 status=ok
nonliving26/3/ERM-aug-rand/PCA16 iw_overlap_critic W=1.0 accuracy=0.7365 prediction=0.5031 status=ok
nonliving26/3/ERM-aug-rand/PCA16 iw_residual_dis2 W=1.0 accuracy=0.7365 prediction=0.7742 status=ok
nonliving26/3/ERM-aug-rand/PCA16 iw_overlap_critic W=2.0 accuracy=0.7365 prediction=0.5866 status=ok
nonliving26/3/ERM-aug-rand/PCA16 iw_residual_dis2 W=2.0 accuracy=0.7365 prediction=0.7589 status=ok
nonliving26/3/ERM-aug-rand/PCA16 iw_overlap_critic W=5.0 accuracy=0.7365 prediction=0.7642 status=ok
nonliving26/3/ERM-aug-rand/PCA16 iw_residual_dis2 W=5.0 accuracy=0.7365 prediction=0.8027 status=ok
nonliving26/3/ERM-aug-rand/PCA16 dis2_reference W=nan accuracy=0.7365 prediction=0.4953 status=ok
nonliving26/3/ERM-aug-rand/PCA32 iw_overlap_critic W=1.0 accuracy=0.7365 prediction=0.3136 status=ok
nonliving26/3/ERM-aug-rand/PCA32 iw_residual_dis2 W=1.0 accuracy=0.7365 prediction=0.7627 status=ok
nonliving26/3/ERM-aug-rand/PCA32 iw_overlap_critic W=2.0 accuracy=0.7365 prediction=0.6406 status=ok
nonliving26/3/ERM-aug-rand/PCA32 iw_residual_dis2 W=2.0 accuracy=0.7365 prediction=0.7517 status=ok
nonliving26/3/ERM-aug-rand/PCA32 iw_overlap_critic W=5.0 accuracy=0.7365 prediction=0.8100 status=ok
nonliving26/3/ERM-aug-rand/PCA32 iw_residual_dis2 W=5.0 accuracy=0.7365 prediction=0.8100 status=ok
nonliving26/3/ERM-aug-rand/PCA32 dis2_reference W=nan accuracy=0.7365 prediction=0.5476 status=ok
nonliving26/3/ERM-aug-rand/PCA64 iw_overlap_critic W=1.0 accuracy=0.7365 prediction=0.3536 status=ok
nonliving26/3/ERM-aug-rand/PCA64 iw_residual_dis2 W=1.0 accuracy=0.7365 prediction=0.7403 status=ok
nonliving26/3/ERM-aug-rand/PCA64 iw_overlap_critic W=2.0 accuracy=0.7365 prediction=0.6474 status=ok
nonliving26/3/ERM-aug-rand/PCA64 iw_residual_dis2 W=2.0 accuracy=0.7365 prediction=0.7477 status=ok
nonliving26/3/ERM-aug-rand/PCA64 iw_overlap_critic W=5.0 accuracy=0.7365 prediction=0.8001 status=ok
nonliving26/3/ERM-aug-rand/PCA64 iw_residual_dis2 W=5.0 accuracy=0.7365 prediction=0.8001 status=ok
nonliving26/3/ERM-aug-rand/PCA64 dis2_reference W=nan accuracy=0.7365 prediction=0.6614 status=ok
nonliving26/3/ERM-aug-rand/PCA128 iw_overlap_critic W=1.0 accuracy=0.7365 prediction=0.3136 status=ok
nonliving26/3/ERM-aug-rand/PCA128 iw_residual_dis2 W=1.0 accuracy=0.7365 prediction=0.7979 status=ok
nonliving26/3/ERM-aug-rand/PCA128 iw_overlap_critic W=2.0 accuracy=0.7365 prediction=0.7489 status=ok
nonliving26/3/ERM-aug-rand/PCA128 iw_residual_dis2 W=2.0 accuracy=0.7365 prediction=0.8116 status=ok
nonliving26/3/ERM-aug-rand/PCA128 iw_overlap_critic W=5.0 accuracy=0.7365 prediction=0.8090 status=ok
/storage/homefs/tf24s166/IW_dis2/disagree_discrep_IW/src/lib/utils.py:43: FutureWarning: You are using `torch.load` with `weights_only=False` (the current default value), which uses the default pickle module implicitly. It is possible to construct malicious pickle data which will execute arbitrary code during unpickling (See https://github.com/pytorch/pytorch/blob/main/SECURITY.md#untrusted-models for more details). In a future release, the default value for `weights_only` will be flipped to `True`. This limits the functions that could be executed during unpickling. Arbitrary objects will no longer be allowed to be loaded via this mode unless they are explicitly allowlisted by the user via `torch.serialization.add_safe_globals`. We recommend you start setting `weights_only=True` for any use case where you don't have full control of the loaded file. Please open an issue on GitHub for any issues related to this experimental feature.
  lin.load_state_dict(torch.load(os.path.join(shift_dir, 'linear.pth'), map_location=device))
/storage/homefs/tf24s166/IW_dis2/disagree_discrep_IW/src/lib/utils.py:43: FutureWarning: You are using `torch.load` with `weights_only=False` (the current default value), which uses the default pickle module implicitly. It is possible to construct malicious pickle data which will execute arbitrary code during unpickling (See https://github.com/pytorch/pytorch/blob/main/SECURITY.md#untrusted-models for more details). In a future release, the default value for `weights_only` will be flipped to `True`. This limits the functions that could be executed during unpickling. Arbitrary objects will no longer be allowed to be loaded via this mode unless they are explicitly allowlisted by the user via `torch.serialization.add_safe_globals`. We recommend you start setting `weights_only=True` for any use case where you don't have full control of the loaded file. Please open an issue on GitHub for any issues related to this experimental feature.
  lin.load_state_dict(torch.load(os.path.join(shift_dir, 'linear.pth'), map_location=device))
nonliving26/3/ERM-aug-rand/PCA128 iw_residual_dis2 W=5.0 accuracy=0.7365 prediction=0.8090 status=ok
nonliving26/3/ERM-aug-rand/PCA128 dis2_reference W=nan accuracy=0.7365 prediction=0.6214 status=ok
nonliving26/1/BN_adapt/logits iw_overlap_critic W=1.0 accuracy=0.4389 prediction=0.3996 status=ok
nonliving26/1/BN_adapt/logits iw_residual_dis2 W=1.0 accuracy=0.4389 prediction=0.6704 status=ok
nonliving26/1/BN_adapt/logits iw_overlap_critic W=2.0 accuracy=0.4389 prediction=0.8055 status=ok
nonliving26/1/BN_adapt/logits iw_residual_dis2 W=2.0 accuracy=0.4389 prediction=0.8055 status=ok
nonliving26/1/BN_adapt/logits iw_overlap_critic W=5.0 accuracy=0.4389 prediction=0.8055 status=ok
nonliving26/1/BN_adapt/logits iw_residual_dis2 W=5.0 accuracy=0.4389 prediction=0.8055 status=ok
nonliving26/1/BN_adapt/logits dis2_reference W=nan accuracy=0.4389 prediction=0.4237 status=ok
nonliving26/1/BN_adapt/features iw_overlap_critic W=1.0 accuracy=0.4389 prediction=0.3105 status=ok
nonliving26/1/BN_adapt/features iw_residual_dis2 W=1.0 accuracy=0.4389 prediction=0.5831 status=ok
nonliving26/1/BN_adapt/features iw_overlap_critic W=2.0 accuracy=0.4389 prediction=0.6459 status=ok
nonliving26/1/BN_adapt/features iw_residual_dis2 W=2.0 accuracy=0.4389 prediction=0.7552 status=ok
nonliving26/1/BN_adapt/features iw_overlap_critic W=5.0 accuracy=0.4389 prediction=0.7597 status=ok
nonliving26/1/BN_adapt/features iw_residual_dis2 W=5.0 accuracy=0.4389 prediction=0.7657 status=ok
nonliving26/1/BN_adapt/features dis2_reference W=nan accuracy=0.4389 prediction=0.2842 status=ok
nonliving26/1/BN_adapt/PCA1 iw_overlap_critic W=1.0 accuracy=0.4389 prediction=0.3346 status=ok
nonliving26/1/BN_adapt/PCA1 iw_residual_dis2 W=1.0 accuracy=0.4389 prediction=0.5915 status=ok
nonliving26/1/BN_adapt/PCA1 iw_overlap_critic W=2.0 accuracy=0.4389 prediction=0.6943 status=ok
nonliving26/1/BN_adapt/PCA1 iw_residual_dis2 W=2.0 accuracy=0.4389 prediction=0.7715 status=ok
nonliving26/1/BN_adapt/PCA1 iw_overlap_critic W=5.0 accuracy=0.4389 prediction=0.7725 status=ok
nonliving26/1/BN_adapt/PCA1 iw_residual_dis2 W=5.0 accuracy=0.4389 prediction=0.7746 status=ok
nonliving26/1/BN_adapt/PCA1 dis2_reference W=nan accuracy=0.4389 prediction=0.2720 status=ok
nonliving26/1/BN_adapt/PCA4 iw_overlap_critic W=1.0 accuracy=0.4389 prediction=0.3734 status=ok
nonliving26/1/BN_adapt/PCA4 iw_residual_dis2 W=1.0 accuracy=0.4389 prediction=0.6293 status=ok
nonliving26/1/BN_adapt/PCA4 iw_overlap_critic W=2.0 accuracy=0.4389 prediction=0.6750 status=ok
nonliving26/1/BN_adapt/PCA4 iw_residual_dis2 W=2.0 accuracy=0.4389 prediction=0.7513 status=ok
nonliving26/1/BN_adapt/PCA4 iw_overlap_critic W=5.0 accuracy=0.4389 prediction=0.7739 status=ok
nonliving26/1/BN_adapt/PCA4 iw_residual_dis2 W=5.0 accuracy=0.4389 prediction=nan status=unsupported_residual_source_region
nonliving26/1/BN_adapt/PCA4 dis2_reference W=nan accuracy=0.4389 prediction=0.3153 status=ok
nonliving26/1/BN_adapt/PCA16 iw_overlap_critic W=1.0 accuracy=0.4389 prediction=0.4561 status=ok
nonliving26/1/BN_adapt/PCA16 iw_residual_dis2 W=1.0 accuracy=0.4389 prediction=0.6132 status=ok
nonliving26/1/BN_adapt/PCA16 iw_overlap_critic W=2.0 accuracy=0.4389 prediction=0.7228 status=ok
nonliving26/1/BN_adapt/PCA16 iw_residual_dis2 W=2.0 accuracy=0.4389 prediction=0.7605 status=ok
nonliving26/1/BN_adapt/PCA16 iw_overlap_critic W=5.0 accuracy=0.4389 prediction=0.7733 status=ok
nonliving26/1/BN_adapt/PCA16 iw_residual_dis2 W=5.0 accuracy=0.4389 prediction=0.7733 status=ok
nonliving26/1/BN_adapt/PCA16 dis2_reference W=nan accuracy=0.4389 prediction=0.3932 status=ok
nonliving26/1/BN_adapt/PCA32 iw_overlap_critic W=1.0 accuracy=0.4389 prediction=0.3830 status=ok
nonliving26/1/BN_adapt/PCA32 iw_residual_dis2 W=1.0 accuracy=0.4389 prediction=0.6837 status=ok
nonliving26/1/BN_adapt/PCA32 iw_overlap_critic W=2.0 accuracy=0.4389 prediction=0.7398 status=ok
nonliving26/1/BN_adapt/PCA32 iw_residual_dis2 W=2.0 accuracy=0.4389 prediction=0.7710 status=ok
nonliving26/1/BN_adapt/PCA32 iw_overlap_critic W=5.0 accuracy=0.4389 prediction=nan status=unsupported_critic_region
nonliving26/1/BN_adapt/PCA32 iw_residual_dis2 W=5.0 accuracy=0.4389 prediction=nan status=unsupported_residual_source_region
nonliving26/1/BN_adapt/PCA32 dis2_reference W=nan accuracy=0.4389 prediction=0.5279 status=ok
nonliving26/1/BN_adapt/PCA64 iw_overlap_critic W=1.0 accuracy=0.4389 prediction=0.3631 status=ok
nonliving26/1/BN_adapt/PCA64 iw_residual_dis2 W=1.0 accuracy=0.4389 prediction=0.7389 status=ok
nonliving26/1/BN_adapt/PCA64 iw_overlap_critic W=2.0 accuracy=0.4389 prediction=0.7239 status=ok
nonliving26/1/BN_adapt/PCA64 iw_residual_dis2 W=2.0 accuracy=0.4389 prediction=0.7762 status=ok
nonliving26/1/BN_adapt/PCA64 iw_overlap_critic W=5.0 accuracy=0.4389 prediction=0.7787 status=ok
nonliving26/1/BN_adapt/PCA64 iw_residual_dis2 W=5.0 accuracy=0.4389 prediction=nan status=unsupported_residual_source_region
nonliving26/1/BN_adapt/PCA64 dis2_reference W=nan accuracy=0.4389 prediction=0.6327 status=ok
nonliving26/1/BN_adapt/PCA128 iw_overlap_critic W=1.0 accuracy=0.4389 prediction=0.3416 status=ok
nonliving26/1/BN_adapt/PCA128 iw_residual_dis2 W=1.0 accuracy=0.4389 prediction=0.7915 status=ok
nonliving26/1/BN_adapt/PCA128 iw_overlap_critic W=2.0 accuracy=0.4389 prediction=0.7144 status=ok
nonliving26/1/BN_adapt/PCA128 iw_residual_dis2 W=2.0 accuracy=0.4389 prediction=0.7758 status=ok
nonliving26/1/BN_adapt/PCA128 iw_overlap_critic W=5.0 accuracy=0.4389 prediction=0.7675 status=ok
nonliving26/1/BN_adapt/PCA128 iw_residual_dis2 W=5.0 accuracy=0.4389 prediction=nan status=unsupported_residual_source_region
nonliving26/1/BN_adapt/PCA128 dis2_reference W=nan accuracy=0.4389 prediction=0.6668 status=ok
nonliving26/2/BN_adapt/logits iw_overlap_critic W=1.0 accuracy=0.8173 prediction=0.7168 status=ok
nonliving26/2/BN_adapt/logits iw_residual_dis2 W=1.0 accuracy=0.8173 prediction=0.7520 status=ok
nonliving26/2/BN_adapt/logits iw_overlap_critic W=2.0 accuracy=0.8173 prediction=0.8130 status=ok
nonliving26/2/BN_adapt/logits iw_residual_dis2 W=2.0 accuracy=0.8173 prediction=0.8130 status=ok
nonliving26/2/BN_adapt/logits iw_overlap_critic W=5.0 accuracy=0.8173 prediction=0.8130 status=ok
nonliving26/2/BN_adapt/logits iw_residual_dis2 W=5.0 accuracy=0.8173 prediction=0.8130 status=ok
nonliving26/2/BN_adapt/logits dis2_reference W=nan accuracy=0.8173 prediction=0.5786 status=ok
nonliving26/2/BN_adapt/features iw_overlap_critic W=1.0 accuracy=0.8173 prediction=0.7781 status=ok
nonliving26/2/BN_adapt/features iw_residual_dis2 W=1.0 accuracy=0.8173 prediction=0.8209 status=ok
nonliving26/2/BN_adapt/features iw_overlap_critic W=2.0 accuracy=0.8173 prediction=0.8137 status=ok
nonliving26/2/BN_adapt/features iw_residual_dis2 W=2.0 accuracy=0.8173 prediction=0.8137 status=ok
nonliving26/2/BN_adapt/features iw_overlap_critic W=5.0 accuracy=0.8173 prediction=0.8137 status=ok
nonliving26/2/BN_adapt/features iw_residual_dis2 W=5.0 accuracy=0.8173 prediction=0.8137 status=ok
nonliving26/2/BN_adapt/features dis2_reference W=nan accuracy=0.8173 prediction=0.7378 status=ok
nonliving26/2/BN_adapt/PCA1 iw_overlap_critic W=1.0 accuracy=0.8173 prediction=0.6653 status=ok
nonliving26/2/BN_adapt/PCA1 iw_residual_dis2 W=1.0 accuracy=0.8173 prediction=0.8575 status=ok
nonliving26/2/BN_adapt/PCA1 iw_overlap_critic W=2.0 accuracy=0.8173 prediction=0.8142 status=ok
nonliving26/2/BN_adapt/PCA1 iw_residual_dis2 W=2.0 accuracy=0.8173 prediction=0.8142 status=ok
nonliving26/2/BN_adapt/PCA1 iw_overlap_critic W=5.0 accuracy=0.8173 prediction=0.8142 status=ok
nonliving26/2/BN_adapt/PCA1 iw_residual_dis2 W=5.0 accuracy=0.8173 prediction=0.8142 status=ok
nonliving26/2/BN_adapt/PCA1 dis2_reference W=nan accuracy=0.8173 prediction=0.6057 status=ok
nonliving26/2/BN_adapt/PCA4 iw_overlap_critic W=1.0 accuracy=0.8173 prediction=0.7637 status=ok
nonliving26/2/BN_adapt/PCA4 iw_residual_dis2 W=1.0 accuracy=0.8173 prediction=0.8055 status=ok
nonliving26/2/BN_adapt/PCA4 iw_overlap_critic W=2.0 accuracy=0.8173 prediction=0.8295 status=ok
nonliving26/2/BN_adapt/PCA4 iw_residual_dis2 W=2.0 accuracy=0.8173 prediction=0.8295 status=ok
/storage/homefs/tf24s166/IW_dis2/disagree_discrep_IW/src/lib/utils.py:43: FutureWarning: You are using `torch.load` with `weights_only=False` (the current default value), which uses the default pickle module implicitly. It is possible to construct malicious pickle data which will execute arbitrary code during unpickling (See https://github.com/pytorch/pytorch/blob/main/SECURITY.md#untrusted-models for more details). In a future release, the default value for `weights_only` will be flipped to `True`. This limits the functions that could be executed during unpickling. Arbitrary objects will no longer be allowed to be loaded via this mode unless they are explicitly allowlisted by the user via `torch.serialization.add_safe_globals`. We recommend you start setting `weights_only=True` for any use case where you don't have full control of the loaded file. Please open an issue on GitHub for any issues related to this experimental feature.
  lin.load_state_dict(torch.load(os.path.join(shift_dir, 'linear.pth'), map_location=device))
nonliving26/2/BN_adapt/PCA4 iw_overlap_critic W=5.0 accuracy=0.8173 prediction=0.8295 status=ok
nonliving26/2/BN_adapt/PCA4 iw_residual_dis2 W=5.0 accuracy=0.8173 prediction=0.8295 status=ok
nonliving26/2/BN_adapt/PCA4 dis2_reference W=nan accuracy=0.8173 prediction=0.5931 status=ok
nonliving26/2/BN_adapt/PCA16 iw_overlap_critic W=1.0 accuracy=0.8173 prediction=0.6118 status=ok
nonliving26/2/BN_adapt/PCA16 iw_residual_dis2 W=1.0 accuracy=0.8173 prediction=0.8610 status=ok
nonliving26/2/BN_adapt/PCA16 iw_overlap_critic W=2.0 accuracy=0.8173 prediction=0.8134 status=ok
nonliving26/2/BN_adapt/PCA16 iw_residual_dis2 W=2.0 accuracy=0.8173 prediction=0.8134 status=ok
nonliving26/2/BN_adapt/PCA16 iw_overlap_critic W=5.0 accuracy=0.8173 prediction=0.8134 status=ok
nonliving26/2/BN_adapt/PCA16 iw_residual_dis2 W=5.0 accuracy=0.8173 prediction=0.8134 status=ok
nonliving26/2/BN_adapt/PCA16 dis2_reference W=nan accuracy=0.8173 prediction=0.6946 status=ok
nonliving26/2/BN_adapt/PCA32 iw_overlap_critic W=1.0 accuracy=0.8173 prediction=0.7271 status=ok
nonliving26/2/BN_adapt/PCA32 iw_residual_dis2 W=1.0 accuracy=0.8173 prediction=0.7756 status=ok
nonliving26/2/BN_adapt/PCA32 iw_overlap_critic W=2.0 accuracy=0.8173 prediction=0.8124 status=ok
nonliving26/2/BN_adapt/PCA32 iw_residual_dis2 W=2.0 accuracy=0.8173 prediction=0.8124 status=ok
nonliving26/2/BN_adapt/PCA32 iw_overlap_critic W=5.0 accuracy=0.8173 prediction=0.8124 status=ok
nonliving26/2/BN_adapt/PCA32 iw_residual_dis2 W=5.0 accuracy=0.8173 prediction=0.8124 status=ok
nonliving26/2/BN_adapt/PCA32 dis2_reference W=nan accuracy=0.8173 prediction=0.5420 status=ok
nonliving26/2/BN_adapt/PCA64 iw_overlap_critic W=1.0 accuracy=0.8173 prediction=0.5416 status=ok
nonliving26/2/BN_adapt/PCA64 iw_residual_dis2 W=1.0 accuracy=0.8173 prediction=0.8466 status=ok
nonliving26/2/BN_adapt/PCA64 iw_overlap_critic W=2.0 accuracy=0.8173 prediction=0.8120 status=ok
nonliving26/2/BN_adapt/PCA64 iw_residual_dis2 W=2.0 accuracy=0.8173 prediction=0.8120 status=ok
nonliving26/2/BN_adapt/PCA64 iw_overlap_critic W=5.0 accuracy=0.8173 prediction=0.8120 status=ok
nonliving26/2/BN_adapt/PCA64 iw_residual_dis2 W=5.0 accuracy=0.8173 prediction=0.8120 status=ok
nonliving26/2/BN_adapt/PCA64 dis2_reference W=nan accuracy=0.8173 prediction=0.4920 status=ok
nonliving26/2/BN_adapt/PCA128 iw_overlap_critic W=1.0 accuracy=0.8173 prediction=0.4508 status=ok
nonliving26/2/BN_adapt/PCA128 iw_residual_dis2 W=1.0 accuracy=0.8173 prediction=0.8464 status=ok
nonliving26/2/BN_adapt/PCA128 iw_overlap_critic W=2.0 accuracy=0.8173 prediction=nan status=unsupported_critic_region
nonliving26/2/BN_adapt/PCA128 iw_residual_dis2 W=2.0 accuracy=0.8173 prediction=nan status=unsupported_critic_region
nonliving26/2/BN_adapt/PCA128 iw_overlap_critic W=5.0 accuracy=0.8173 prediction=0.8422 status=ok
nonliving26/2/BN_adapt/PCA128 iw_residual_dis2 W=5.0 accuracy=0.8173 prediction=0.8422 status=ok
nonliving26/2/BN_adapt/PCA128 dis2_reference W=nan accuracy=0.8173 prediction=0.4434 status=ok
nonliving26/3/BN_adapt/logits iw_overlap_critic W=1.0 accuracy=0.4519 prediction=0.6052 status=ok
nonliving26/3/BN_adapt/logits iw_residual_dis2 W=1.0 accuracy=0.4519 prediction=0.7288 status=ok
nonliving26/3/BN_adapt/logits iw_overlap_critic W=2.0 accuracy=0.4519 prediction=0.8131 status=ok
nonliving26/3/BN_adapt/logits iw_residual_dis2 W=2.0 accuracy=0.4519 prediction=0.8131 status=ok
nonliving26/3/BN_adapt/logits iw_overlap_critic W=5.0 accuracy=0.4519 prediction=0.8131 status=ok
nonliving26/3/BN_adapt/logits iw_residual_dis2 W=5.0 accuracy=0.4519 prediction=0.8131 status=ok
nonliving26/3/BN_adapt/logits dis2_reference W=nan accuracy=0.4519 prediction=0.3320 status=ok
nonliving26/3/BN_adapt/features iw_overlap_critic W=1.0 accuracy=0.4519 prediction=0.5408 status=ok
nonliving26/3/BN_adapt/features iw_residual_dis2 W=1.0 accuracy=0.4519 prediction=0.8109 status=ok
nonliving26/3/BN_adapt/features iw_overlap_critic W=2.0 accuracy=0.4519 prediction=0.8134 status=ok
nonliving26/3/BN_adapt/features iw_residual_dis2 W=2.0 accuracy=0.4519 prediction=0.8134 status=ok
nonliving26/3/BN_adapt/features iw_overlap_critic W=5.0 accuracy=0.4519 prediction=0.8134 status=ok
nonliving26/3/BN_adapt/features iw_residual_dis2 W=5.0 accuracy=0.4519 prediction=0.8134 status=ok
nonliving26/3/BN_adapt/features dis2_reference W=nan accuracy=0.4519 prediction=0.4079 status=ok
nonliving26/3/BN_adapt/PCA1 iw_overlap_critic W=1.0 accuracy=0.4519 prediction=0.6197 status=ok
nonliving26/3/BN_adapt/PCA1 iw_residual_dis2 W=1.0 accuracy=0.4519 prediction=0.7635 status=ok
nonliving26/3/BN_adapt/PCA1 iw_overlap_critic W=2.0 accuracy=0.4519 prediction=0.8148 status=ok
nonliving26/3/BN_adapt/PCA1 iw_residual_dis2 W=2.0 accuracy=0.4519 prediction=0.8148 status=ok
nonliving26/3/BN_adapt/PCA1 iw_overlap_critic W=5.0 accuracy=0.4519 prediction=0.8148 status=ok
nonliving26/3/BN_adapt/PCA1 iw_residual_dis2 W=5.0 accuracy=0.4519 prediction=0.8148 status=ok
nonliving26/3/BN_adapt/PCA1 dis2_reference W=nan accuracy=0.4519 prediction=0.4430 status=ok
nonliving26/3/BN_adapt/PCA4 iw_overlap_critic W=1.0 accuracy=0.4519 prediction=0.6744 status=ok
nonliving26/3/BN_adapt/PCA4 iw_residual_dis2 W=1.0 accuracy=0.4519 prediction=0.6736 status=ok
nonliving26/3/BN_adapt/PCA4 iw_overlap_critic W=2.0 accuracy=0.4519 prediction=0.8169 status=ok
nonliving26/3/BN_adapt/PCA4 iw_residual_dis2 W=2.0 accuracy=0.4519 prediction=0.8169 status=ok
nonliving26/3/BN_adapt/PCA4 iw_overlap_critic W=5.0 accuracy=0.4519 prediction=0.8169 status=ok
nonliving26/3/BN_adapt/PCA4 iw_residual_dis2 W=5.0 accuracy=0.4519 prediction=0.8169 status=ok
nonliving26/3/BN_adapt/PCA4 dis2_reference W=nan accuracy=0.4519 prediction=0.4191 status=ok
nonliving26/3/BN_adapt/PCA16 iw_overlap_critic W=1.0 accuracy=0.4519 prediction=0.6951 status=ok
nonliving26/3/BN_adapt/PCA16 iw_residual_dis2 W=1.0 accuracy=0.4519 prediction=0.8392 status=ok
nonliving26/3/BN_adapt/PCA16 iw_overlap_critic W=2.0 accuracy=0.4519 prediction=0.8130 status=ok
nonliving26/3/BN_adapt/PCA16 iw_residual_dis2 W=2.0 accuracy=0.4519 prediction=0.8130 status=ok
nonliving26/3/BN_adapt/PCA16 iw_overlap_critic W=5.0 accuracy=0.4519 prediction=0.8130 status=ok
nonliving26/3/BN_adapt/PCA16 iw_residual_dis2 W=5.0 accuracy=0.4519 prediction=0.8130 status=ok
nonliving26/3/BN_adapt/PCA16 dis2_reference W=nan accuracy=0.4519 prediction=0.3863 status=ok
nonliving26/3/BN_adapt/PCA32 iw_overlap_critic W=1.0 accuracy=0.4519 prediction=0.6008 status=ok
nonliving26/3/BN_adapt/PCA32 iw_residual_dis2 W=1.0 accuracy=0.4519 prediction=0.6941 status=ok
nonliving26/3/BN_adapt/PCA32 iw_overlap_critic W=2.0 accuracy=0.4519 prediction=0.8119 status=ok
nonliving26/3/BN_adapt/PCA32 iw_residual_dis2 W=2.0 accuracy=0.4519 prediction=0.8119 status=ok
nonliving26/3/BN_adapt/PCA32 iw_overlap_critic W=5.0 accuracy=0.4519 prediction=0.8119 status=ok
nonliving26/3/BN_adapt/PCA32 iw_residual_dis2 W=5.0 accuracy=0.4519 prediction=0.8119 status=ok
nonliving26/3/BN_adapt/PCA32 dis2_reference W=nan accuracy=0.4519 prediction=0.3703 status=ok
nonliving26/3/BN_adapt/PCA64 iw_overlap_critic W=1.0 accuracy=0.4519 prediction=0.5260 status=ok
nonliving26/3/BN_adapt/PCA64 iw_residual_dis2 W=1.0 accuracy=0.4519 prediction=0.8189 status=ok
nonliving26/3/BN_adapt/PCA64 iw_overlap_critic W=2.0 accuracy=0.4519 prediction=0.8116 status=ok
nonliving26/3/BN_adapt/PCA64 iw_residual_dis2 W=2.0 accuracy=0.4519 prediction=0.8116 status=ok
nonliving26/3/BN_adapt/PCA64 iw_overlap_critic W=5.0 accuracy=0.4519 prediction=0.8116 status=ok
nonliving26/3/BN_adapt/PCA64 iw_residual_dis2 W=5.0 accuracy=0.4519 prediction=0.8116 status=ok
nonliving26/3/BN_adapt/PCA64 dis2_reference W=nan accuracy=0.4519 prediction=0.3840 status=ok
nonliving26/3/BN_adapt/PCA128 iw_overlap_critic W=1.0 accuracy=0.4519 prediction=0.3610 status=ok
nonliving26/3/BN_adapt/PCA128 iw_residual_dis2 W=1.0 accuracy=0.4519 prediction=0.7578 status=ok
nonliving26/3/BN_adapt/PCA128 iw_overlap_critic W=2.0 accuracy=0.4519 prediction=0.8112 status=ok
nonliving26/3/BN_adapt/PCA128 iw_residual_dis2 W=2.0 accuracy=0.4519 prediction=0.8112 status=ok
/storage/homefs/tf24s166/IW_dis2/disagree_discrep_IW/src/lib/utils.py:43: FutureWarning: You are using `torch.load` with `weights_only=False` (the current default value), which uses the default pickle module implicitly. It is possible to construct malicious pickle data which will execute arbitrary code during unpickling (See https://github.com/pytorch/pytorch/blob/main/SECURITY.md#untrusted-models for more details). In a future release, the default value for `weights_only` will be flipped to `True`. This limits the functions that could be executed during unpickling. Arbitrary objects will no longer be allowed to be loaded via this mode unless they are explicitly allowlisted by the user via `torch.serialization.add_safe_globals`. We recommend you start setting `weights_only=True` for any use case where you don't have full control of the loaded file. Please open an issue on GitHub for any issues related to this experimental feature.
  lin.load_state_dict(torch.load(os.path.join(shift_dir, 'linear.pth'), map_location=device))
/storage/homefs/tf24s166/IW_dis2/disagree_discrep_IW/src/lib/utils.py:43: FutureWarning: You are using `torch.load` with `weights_only=False` (the current default value), which uses the default pickle module implicitly. It is possible to construct malicious pickle data which will execute arbitrary code during unpickling (See https://github.com/pytorch/pytorch/blob/main/SECURITY.md#untrusted-models for more details). In a future release, the default value for `weights_only` will be flipped to `True`. This limits the functions that could be executed during unpickling. Arbitrary objects will no longer be allowed to be loaded via this mode unless they are explicitly allowlisted by the user via `torch.serialization.add_safe_globals`. We recommend you start setting `weights_only=True` for any use case where you don't have full control of the loaded file. Please open an issue on GitHub for any issues related to this experimental feature.
  lin.load_state_dict(torch.load(os.path.join(shift_dir, 'linear.pth'), map_location=device))
nonliving26/3/BN_adapt/PCA128 iw_overlap_critic W=5.0 accuracy=0.4519 prediction=0.8112 status=ok
nonliving26/3/BN_adapt/PCA128 iw_residual_dis2 W=5.0 accuracy=0.4519 prediction=0.8112 status=ok
nonliving26/3/BN_adapt/PCA128 dis2_reference W=nan accuracy=0.4519 prediction=0.5385 status=ok
nonliving26/1/DANN/logits iw_overlap_critic W=1.0 accuracy=0.5123 prediction=0.4133 status=ok
nonliving26/1/DANN/logits iw_residual_dis2 W=1.0 accuracy=0.5123 prediction=0.7525 status=ok
nonliving26/1/DANN/logits iw_overlap_critic W=2.0 accuracy=0.5123 prediction=0.8047 status=ok
nonliving26/1/DANN/logits iw_residual_dis2 W=2.0 accuracy=0.5123 prediction=0.8047 status=ok
nonliving26/1/DANN/logits iw_overlap_critic W=5.0 accuracy=0.5123 prediction=0.8047 status=ok
nonliving26/1/DANN/logits iw_residual_dis2 W=5.0 accuracy=0.5123 prediction=0.8047 status=ok
nonliving26/1/DANN/logits dis2_reference W=nan accuracy=0.5123 prediction=0.5805 status=ok
nonliving26/1/DANN/features iw_overlap_critic W=1.0 accuracy=0.5123 prediction=0.3534 status=ok
nonliving26/1/DANN/features iw_residual_dis2 W=1.0 accuracy=0.5123 prediction=0.6733 status=ok
nonliving26/1/DANN/features iw_overlap_critic W=2.0 accuracy=0.5123 prediction=0.6963 status=ok
nonliving26/1/DANN/features iw_residual_dis2 W=2.0 accuracy=0.5123 prediction=0.7708 status=ok
nonliving26/1/DANN/features iw_overlap_critic W=5.0 accuracy=0.5123 prediction=0.7777 status=ok
nonliving26/1/DANN/features iw_residual_dis2 W=5.0 accuracy=0.5123 prediction=nan status=unsupported_residual_source_region
nonliving26/1/DANN/features dis2_reference W=nan accuracy=0.5123 prediction=0.4151 status=ok
nonliving26/1/DANN/PCA1 iw_overlap_critic W=1.0 accuracy=0.5123 prediction=0.3598 status=ok
nonliving26/1/DANN/PCA1 iw_residual_dis2 W=1.0 accuracy=0.5123 prediction=0.6241 status=ok
nonliving26/1/DANN/PCA1 iw_overlap_critic W=2.0 accuracy=0.5123 prediction=0.7369 status=ok
nonliving26/1/DANN/PCA1 iw_residual_dis2 W=2.0 accuracy=0.5123 prediction=0.7804 status=ok
nonliving26/1/DANN/PCA1 iw_overlap_critic W=5.0 accuracy=0.5123 prediction=0.7889 status=ok
nonliving26/1/DANN/PCA1 iw_residual_dis2 W=5.0 accuracy=0.5123 prediction=nan status=unsupported_residual_source_region
nonliving26/1/DANN/PCA1 dis2_reference W=nan accuracy=0.5123 prediction=0.3743 status=ok
nonliving26/1/DANN/PCA4 iw_overlap_critic W=1.0 accuracy=0.5123 prediction=0.4628 status=ok
nonliving26/1/DANN/PCA4 iw_residual_dis2 W=1.0 accuracy=0.5123 prediction=0.6750 status=ok
nonliving26/1/DANN/PCA4 iw_overlap_critic W=2.0 accuracy=0.5123 prediction=0.7806 status=ok
nonliving26/1/DANN/PCA4 iw_residual_dis2 W=2.0 accuracy=0.5123 prediction=0.7951 status=ok
nonliving26/1/DANN/PCA4 iw_overlap_critic W=5.0 accuracy=0.5123 prediction=0.7931 status=ok
nonliving26/1/DANN/PCA4 iw_residual_dis2 W=5.0 accuracy=0.5123 prediction=0.7931 status=ok
nonliving26/1/DANN/PCA4 dis2_reference W=nan accuracy=0.5123 prediction=0.5053 status=ok
nonliving26/1/DANN/PCA16 iw_overlap_critic W=1.0 accuracy=0.5123 prediction=0.4303 status=ok
nonliving26/1/DANN/PCA16 iw_residual_dis2 W=1.0 accuracy=0.5123 prediction=0.7214 status=ok
nonliving26/1/DANN/PCA16 iw_overlap_critic W=2.0 accuracy=0.5123 prediction=0.8003 status=ok
nonliving26/1/DANN/PCA16 iw_residual_dis2 W=2.0 accuracy=0.5123 prediction=0.8003 status=ok
nonliving26/1/DANN/PCA16 iw_overlap_critic W=5.0 accuracy=0.5123 prediction=0.8003 status=ok
nonliving26/1/DANN/PCA16 iw_residual_dis2 W=5.0 accuracy=0.5123 prediction=0.8003 status=ok
nonliving26/1/DANN/PCA16 dis2_reference W=nan accuracy=0.5123 prediction=0.5529 status=ok
nonliving26/1/DANN/PCA32 iw_overlap_critic W=1.0 accuracy=0.5123 prediction=0.4099 status=ok
nonliving26/1/DANN/PCA32 iw_residual_dis2 W=1.0 accuracy=0.5123 prediction=0.7463 status=ok
nonliving26/1/DANN/PCA32 iw_overlap_critic W=2.0 accuracy=0.5123 prediction=0.8036 status=ok
nonliving26/1/DANN/PCA32 iw_residual_dis2 W=2.0 accuracy=0.5123 prediction=0.8036 status=ok
nonliving26/1/DANN/PCA32 iw_overlap_critic W=5.0 accuracy=0.5123 prediction=0.8036 status=ok
nonliving26/1/DANN/PCA32 iw_residual_dis2 W=5.0 accuracy=0.5123 prediction=0.8036 status=ok
nonliving26/1/DANN/PCA32 dis2_reference W=nan accuracy=0.5123 prediction=0.6069 status=ok
nonliving26/1/DANN/PCA64 iw_overlap_critic W=1.0 accuracy=0.5123 prediction=0.3642 status=ok
nonliving26/1/DANN/PCA64 iw_residual_dis2 W=1.0 accuracy=0.5123 prediction=0.7815 status=ok
nonliving26/1/DANN/PCA64 iw_overlap_critic W=2.0 accuracy=0.5123 prediction=0.8027 status=ok
nonliving26/1/DANN/PCA64 iw_residual_dis2 W=2.0 accuracy=0.5123 prediction=0.8027 status=ok
nonliving26/1/DANN/PCA64 iw_overlap_critic W=5.0 accuracy=0.5123 prediction=0.8027 status=ok
nonliving26/1/DANN/PCA64 iw_residual_dis2 W=5.0 accuracy=0.5123 prediction=0.8027 status=ok
nonliving26/1/DANN/PCA64 dis2_reference W=nan accuracy=0.5123 prediction=0.6287 status=ok
nonliving26/1/DANN/PCA128 iw_overlap_critic W=1.0 accuracy=0.5123 prediction=0.3814 status=ok
nonliving26/1/DANN/PCA128 iw_residual_dis2 W=1.0 accuracy=0.5123 prediction=0.7917 status=ok
nonliving26/1/DANN/PCA128 iw_overlap_critic W=2.0 accuracy=0.5123 prediction=0.8027 status=ok
nonliving26/1/DANN/PCA128 iw_residual_dis2 W=2.0 accuracy=0.5123 prediction=0.8027 status=ok
nonliving26/1/DANN/PCA128 iw_overlap_critic W=5.0 accuracy=0.5123 prediction=0.8027 status=ok
nonliving26/1/DANN/PCA128 iw_residual_dis2 W=5.0 accuracy=0.5123 prediction=0.8027 status=ok
nonliving26/1/DANN/PCA128 dis2_reference W=nan accuracy=0.5123 prediction=0.6727 status=ok
nonliving26/2/DANN/logits iw_overlap_critic W=1.0 accuracy=0.7500 prediction=0.7018 status=ok
nonliving26/2/DANN/logits iw_residual_dis2 W=1.0 accuracy=0.7500 prediction=0.7921 status=ok
nonliving26/2/DANN/logits iw_overlap_critic W=2.0 accuracy=0.7500 prediction=0.8307 status=ok
nonliving26/2/DANN/logits iw_residual_dis2 W=2.0 accuracy=0.7500 prediction=0.8307 status=ok
nonliving26/2/DANN/logits iw_overlap_critic W=5.0 accuracy=0.7500 prediction=0.8307 status=ok
nonliving26/2/DANN/logits iw_residual_dis2 W=5.0 accuracy=0.7500 prediction=0.8307 status=ok
nonliving26/2/DANN/logits dis2_reference W=nan accuracy=0.7500 prediction=0.4598 status=ok
nonliving26/2/DANN/features iw_overlap_critic W=1.0 accuracy=0.7500 prediction=0.7113 status=ok
nonliving26/2/DANN/features iw_residual_dis2 W=1.0 accuracy=0.7500 prediction=0.8026 status=ok
nonliving26/2/DANN/features iw_overlap_critic W=2.0 accuracy=0.7500 prediction=0.8400 status=ok
nonliving26/2/DANN/features iw_residual_dis2 W=2.0 accuracy=0.7500 prediction=0.8400 status=ok
nonliving26/2/DANN/features iw_overlap_critic W=5.0 accuracy=0.7500 prediction=0.8400 status=ok
nonliving26/2/DANN/features iw_residual_dis2 W=5.0 accuracy=0.7500 prediction=0.8400 status=ok
nonliving26/2/DANN/features dis2_reference W=nan accuracy=0.7500 prediction=0.4886 status=ok
nonliving26/2/DANN/PCA1 iw_overlap_critic W=1.0 accuracy=0.7500 prediction=0.5328 status=ok
nonliving26/2/DANN/PCA1 iw_residual_dis2 W=1.0 accuracy=0.7500 prediction=0.7155 status=ok
nonliving26/2/DANN/PCA1 iw_overlap_critic W=2.0 accuracy=0.7500 prediction=0.8272 status=ok
nonliving26/2/DANN/PCA1 iw_residual_dis2 W=2.0 accuracy=0.7500 prediction=0.8272 status=ok
nonliving26/2/DANN/PCA1 iw_overlap_critic W=5.0 accuracy=0.7500 prediction=0.8272 status=ok
nonliving26/2/DANN/PCA1 iw_residual_dis2 W=5.0 accuracy=0.7500 prediction=0.8272 status=ok
nonliving26/2/DANN/PCA1 dis2_reference W=nan accuracy=0.7500 prediction=0.4380 status=ok
nonliving26/2/DANN/PCA4 iw_overlap_critic W=1.0 accuracy=0.7500 prediction=0.8249 status=ok
nonliving26/2/DANN/PCA4 iw_residual_dis2 W=1.0 accuracy=0.7500 prediction=0.8456 status=ok
nonliving26/2/DANN/PCA4 iw_overlap_critic W=2.0 accuracy=0.7500 prediction=0.8308 status=ok
nonliving26/2/DANN/PCA4 iw_residual_dis2 W=2.0 accuracy=0.7500 prediction=0.8308 status=ok
nonliving26/2/DANN/PCA4 iw_overlap_critic W=5.0 accuracy=0.7500 prediction=0.8308 status=ok
nonliving26/2/DANN/PCA4 iw_residual_dis2 W=5.0 accuracy=0.7500 prediction=0.8308 status=ok
nonliving26/2/DANN/PCA4 dis2_reference W=nan accuracy=0.7500 prediction=0.6242 status=ok
/storage/homefs/tf24s166/IW_dis2/disagree_discrep_IW/src/lib/utils.py:43: FutureWarning: You are using `torch.load` with `weights_only=False` (the current default value), which uses the default pickle module implicitly. It is possible to construct malicious pickle data which will execute arbitrary code during unpickling (See https://github.com/pytorch/pytorch/blob/main/SECURITY.md#untrusted-models for more details). In a future release, the default value for `weights_only` will be flipped to `True`. This limits the functions that could be executed during unpickling. Arbitrary objects will no longer be allowed to be loaded via this mode unless they are explicitly allowlisted by the user via `torch.serialization.add_safe_globals`. We recommend you start setting `weights_only=True` for any use case where you don't have full control of the loaded file. Please open an issue on GitHub for any issues related to this experimental feature.
  lin.load_state_dict(torch.load(os.path.join(shift_dir, 'linear.pth'), map_location=device))
/storage/homefs/tf24s166/IW_dis2/disagree_discrep_IW/src/lib/utils.py:43: FutureWarning: You are using `torch.load` with `weights_only=False` (the current default value), which uses the default pickle module implicitly. It is possible to construct malicious pickle data which will execute arbitrary code during unpickling (See https://github.com/pytorch/pytorch/blob/main/SECURITY.md#untrusted-models for more details). In a future release, the default value for `weights_only` will be flipped to `True`. This limits the functions that could be executed during unpickling. Arbitrary objects will no longer be allowed to be loaded via this mode unless they are explicitly allowlisted by the user via `torch.serialization.add_safe_globals`. We recommend you start setting `weights_only=True` for any use case where you don't have full control of the loaded file. Please open an issue on GitHub for any issues related to this experimental feature.
  lin.load_state_dict(torch.load(os.path.join(shift_dir, 'linear.pth'), map_location=device))
nonliving26/2/DANN/PCA16 iw_overlap_critic W=1.0 accuracy=0.7500 prediction=0.7377 status=ok
nonliving26/2/DANN/PCA16 iw_residual_dis2 W=1.0 accuracy=0.7500 prediction=0.8380 status=ok
nonliving26/2/DANN/PCA16 iw_overlap_critic W=2.0 accuracy=0.7500 prediction=0.8308 status=ok
nonliving26/2/DANN/PCA16 iw_residual_dis2 W=2.0 accuracy=0.7500 prediction=0.8308 status=ok
nonliving26/2/DANN/PCA16 iw_overlap_critic W=5.0 accuracy=0.7500 prediction=0.8308 status=ok
nonliving26/2/DANN/PCA16 iw_residual_dis2 W=5.0 accuracy=0.7500 prediction=0.8308 status=ok
nonliving26/2/DANN/PCA16 dis2_reference W=nan accuracy=0.7500 prediction=0.5630 status=ok
nonliving26/2/DANN/PCA32 iw_overlap_critic W=1.0 accuracy=0.7500 prediction=0.7045 status=ok
nonliving26/2/DANN/PCA32 iw_residual_dis2 W=1.0 accuracy=0.7500 prediction=0.8155 status=ok
nonliving26/2/DANN/PCA32 iw_overlap_critic W=2.0 accuracy=0.7500 prediction=0.8304 status=ok
nonliving26/2/DANN/PCA32 iw_residual_dis2 W=2.0 accuracy=0.7500 prediction=0.8304 status=ok
nonliving26/2/DANN/PCA32 iw_overlap_critic W=5.0 accuracy=0.7500 prediction=0.8304 status=ok
nonliving26/2/DANN/PCA32 iw_residual_dis2 W=5.0 accuracy=0.7500 prediction=0.8304 status=ok
nonliving26/2/DANN/PCA32 dis2_reference W=nan accuracy=0.7500 prediction=0.6340 status=ok
nonliving26/2/DANN/PCA64 iw_overlap_critic W=1.0 accuracy=0.7500 prediction=0.5718 status=ok
nonliving26/2/DANN/PCA64 iw_residual_dis2 W=1.0 accuracy=0.7500 prediction=0.8660 status=ok
nonliving26/2/DANN/PCA64 iw_overlap_critic W=2.0 accuracy=0.7500 prediction=0.8299 status=ok
nonliving26/2/DANN/PCA64 iw_residual_dis2 W=2.0 accuracy=0.7500 prediction=0.8299 status=ok
nonliving26/2/DANN/PCA64 iw_overlap_critic W=5.0 accuracy=0.7500 prediction=0.8299 status=ok
nonliving26/2/DANN/PCA64 iw_residual_dis2 W=5.0 accuracy=0.7500 prediction=0.8299 status=ok
nonliving26/2/DANN/PCA64 dis2_reference W=nan accuracy=0.7500 prediction=0.4890 status=ok
nonliving26/2/DANN/PCA128 iw_overlap_critic W=1.0 accuracy=0.7500 prediction=0.4012 status=ok
nonliving26/2/DANN/PCA128 iw_residual_dis2 W=1.0 accuracy=0.7500 prediction=0.8516 status=ok
nonliving26/2/DANN/PCA128 iw_overlap_critic W=2.0 accuracy=0.7500 prediction=0.8367 status=ok
nonliving26/2/DANN/PCA128 iw_residual_dis2 W=2.0 accuracy=0.7500 prediction=0.8367 status=ok
nonliving26/2/DANN/PCA128 iw_overlap_critic W=5.0 accuracy=0.7500 prediction=0.8367 status=ok
nonliving26/2/DANN/PCA128 iw_residual_dis2 W=5.0 accuracy=0.7500 prediction=0.8367 status=ok
nonliving26/2/DANN/PCA128 dis2_reference W=nan accuracy=0.7500 prediction=0.5256 status=ok
nonliving26/3/DANN/logits iw_overlap_critic W=1.0 accuracy=0.4038 prediction=0.4610 status=ok
nonliving26/3/DANN/logits iw_residual_dis2 W=1.0 accuracy=0.4038 prediction=0.7397 status=ok
nonliving26/3/DANN/logits iw_overlap_critic W=2.0 accuracy=0.4038 prediction=0.8259 status=ok
nonliving26/3/DANN/logits iw_residual_dis2 W=2.0 accuracy=0.4038 prediction=0.8259 status=ok
nonliving26/3/DANN/logits iw_overlap_critic W=5.0 accuracy=0.4038 prediction=0.8259 status=ok
nonliving26/3/DANN/logits iw_residual_dis2 W=5.0 accuracy=0.4038 prediction=0.8259 status=ok
nonliving26/3/DANN/logits dis2_reference W=nan accuracy=0.4038 prediction=0.4470 status=ok
nonliving26/3/DANN/features iw_overlap_critic W=1.0 accuracy=0.4038 prediction=0.7738 status=ok
nonliving26/3/DANN/features iw_residual_dis2 W=1.0 accuracy=0.4038 prediction=0.7695 status=ok
nonliving26/3/DANN/features iw_overlap_critic W=2.0 accuracy=0.4038 prediction=0.8263 status=ok
nonliving26/3/DANN/features iw_residual_dis2 W=2.0 accuracy=0.4038 prediction=0.8263 status=ok
nonliving26/3/DANN/features iw_overlap_critic W=5.0 accuracy=0.4038 prediction=0.8263 status=ok
nonliving26/3/DANN/features iw_residual_dis2 W=5.0 accuracy=0.4038 prediction=0.8263 status=ok
nonliving26/3/DANN/features dis2_reference W=nan accuracy=0.4038 prediction=0.4001 status=ok
nonliving26/3/DANN/PCA1 iw_overlap_critic W=1.0 accuracy=0.4038 prediction=0.6928 status=ok
nonliving26/3/DANN/PCA1 iw_residual_dis2 W=1.0 accuracy=0.4038 prediction=0.6943 status=ok
nonliving26/3/DANN/PCA1 iw_overlap_critic W=2.0 accuracy=0.4038 prediction=0.8175 status=ok
nonliving26/3/DANN/PCA1 iw_residual_dis2 W=2.0 accuracy=0.4038 prediction=0.8175 status=ok
nonliving26/3/DANN/PCA1 iw_overlap_critic W=5.0 accuracy=0.4038 prediction=0.8175 status=ok
nonliving26/3/DANN/PCA1 iw_residual_dis2 W=5.0 accuracy=0.4038 prediction=0.8175 status=ok
nonliving26/3/DANN/PCA1 dis2_reference W=nan accuracy=0.4038 prediction=0.4158 status=ok
nonliving26/3/DANN/PCA4 iw_overlap_critic W=1.0 accuracy=0.4038 prediction=0.6520 status=ok
nonliving26/3/DANN/PCA4 iw_residual_dis2 W=1.0 accuracy=0.4038 prediction=0.7395 status=ok
nonliving26/3/DANN/PCA4 iw_overlap_critic W=2.0 accuracy=0.4038 prediction=0.8253 status=ok
nonliving26/3/DANN/PCA4 iw_residual_dis2 W=2.0 accuracy=0.4038 prediction=0.8253 status=ok
nonliving26/3/DANN/PCA4 iw_overlap_critic W=5.0 accuracy=0.4038 prediction=0.8253 status=ok
nonliving26/3/DANN/PCA4 iw_residual_dis2 W=5.0 accuracy=0.4038 prediction=0.8253 status=ok
nonliving26/3/DANN/PCA4 dis2_reference W=nan accuracy=0.4038 prediction=0.3867 status=ok
nonliving26/3/DANN/PCA16 iw_overlap_critic W=1.0 accuracy=0.4038 prediction=0.4659 status=ok
nonliving26/3/DANN/PCA16 iw_residual_dis2 W=1.0 accuracy=0.4038 prediction=0.6839 status=ok
nonliving26/3/DANN/PCA16 iw_overlap_critic W=2.0 accuracy=0.4038 prediction=0.8255 status=ok
nonliving26/3/DANN/PCA16 iw_residual_dis2 W=2.0 accuracy=0.4038 prediction=0.8255 status=ok
nonliving26/3/DANN/PCA16 iw_overlap_critic W=5.0 accuracy=0.4038 prediction=0.8255 status=ok
nonliving26/3/DANN/PCA16 iw_residual_dis2 W=5.0 accuracy=0.4038 prediction=0.8255 status=ok
nonliving26/3/DANN/PCA16 dis2_reference W=nan accuracy=0.4038 prediction=0.3654 status=ok
nonliving26/3/DANN/PCA32 iw_overlap_critic W=1.0 accuracy=0.4038 prediction=0.4745 status=ok
nonliving26/3/DANN/PCA32 iw_residual_dis2 W=1.0 accuracy=0.4038 prediction=0.7006 status=ok
nonliving26/3/DANN/PCA32 iw_overlap_critic W=2.0 accuracy=0.4038 prediction=0.8251 status=ok
nonliving26/3/DANN/PCA32 iw_residual_dis2 W=2.0 accuracy=0.4038 prediction=0.8251 status=ok
nonliving26/3/DANN/PCA32 iw_overlap_critic W=5.0 accuracy=0.4038 prediction=0.8251 status=ok
nonliving26/3/DANN/PCA32 iw_residual_dis2 W=5.0 accuracy=0.4038 prediction=0.8251 status=ok
nonliving26/3/DANN/PCA32 dis2_reference W=nan accuracy=0.4038 prediction=0.4559 status=ok
nonliving26/3/DANN/PCA64 iw_overlap_critic W=1.0 accuracy=0.4038 prediction=0.5147 status=ok
nonliving26/3/DANN/PCA64 iw_residual_dis2 W=1.0 accuracy=0.4038 prediction=0.7863 status=ok
nonliving26/3/DANN/PCA64 iw_overlap_critic W=2.0 accuracy=0.4038 prediction=0.8249 status=ok
nonliving26/3/DANN/PCA64 iw_residual_dis2 W=2.0 accuracy=0.4038 prediction=0.8249 status=ok
nonliving26/3/DANN/PCA64 iw_overlap_critic W=5.0 accuracy=0.4038 prediction=0.8249 status=ok
nonliving26/3/DANN/PCA64 iw_residual_dis2 W=5.0 accuracy=0.4038 prediction=0.8249 status=ok
nonliving26/3/DANN/PCA64 dis2_reference W=nan accuracy=0.4038 prediction=0.4056 status=ok
nonliving26/3/DANN/PCA128 iw_overlap_critic W=1.0 accuracy=0.4038 prediction=0.4179 status=ok
nonliving26/3/DANN/PCA128 iw_residual_dis2 W=1.0 accuracy=0.4038 prediction=0.8648 status=ok
nonliving26/3/DANN/PCA128 iw_overlap_critic W=2.0 accuracy=0.4038 prediction=0.8246 status=ok
nonliving26/3/DANN/PCA128 iw_residual_dis2 W=2.0 accuracy=0.4038 prediction=0.8246 status=ok
nonliving26/3/DANN/PCA128 iw_overlap_critic W=5.0 accuracy=0.4038 prediction=0.8246 status=ok
nonliving26/3/DANN/PCA128 iw_residual_dis2 W=5.0 accuracy=0.4038 prediction=0.8246 status=ok
nonliving26/3/DANN/PCA128 dis2_reference W=nan accuracy=0.4038 prediction=0.6503 status=ok
nonliving26/1/CDANN/logits iw_overlap_critic W=1.0 accuracy=0.5332 prediction=0.4648 status=ok
nonliving26/1/CDANN/logits iw_residual_dis2 W=1.0 accuracy=0.5332 prediction=0.7769 status=ok
nonliving26/1/CDANN/logits iw_overlap_critic W=2.0 accuracy=0.5332 prediction=0.8153 status=ok
nonliving26/1/CDANN/logits iw_residual_dis2 W=2.0 accuracy=0.5332 prediction=0.8153 status=ok
/storage/homefs/tf24s166/IW_dis2/disagree_discrep_IW/src/lib/utils.py:43: FutureWarning: You are using `torch.load` with `weights_only=False` (the current default value), which uses the default pickle module implicitly. It is possible to construct malicious pickle data which will execute arbitrary code during unpickling (See https://github.com/pytorch/pytorch/blob/main/SECURITY.md#untrusted-models for more details). In a future release, the default value for `weights_only` will be flipped to `True`. This limits the functions that could be executed during unpickling. Arbitrary objects will no longer be allowed to be loaded via this mode unless they are explicitly allowlisted by the user via `torch.serialization.add_safe_globals`. We recommend you start setting `weights_only=True` for any use case where you don't have full control of the loaded file. Please open an issue on GitHub for any issues related to this experimental feature.
  lin.load_state_dict(torch.load(os.path.join(shift_dir, 'linear.pth'), map_location=device))
nonliving26/1/CDANN/logits iw_overlap_critic W=5.0 accuracy=0.5332 prediction=0.8153 status=ok
nonliving26/1/CDANN/logits iw_residual_dis2 W=5.0 accuracy=0.5332 prediction=0.8153 status=ok
nonliving26/1/CDANN/logits dis2_reference W=nan accuracy=0.5332 prediction=0.5879 status=ok
nonliving26/1/CDANN/features iw_overlap_critic W=1.0 accuracy=0.5332 prediction=0.4666 status=ok
nonliving26/1/CDANN/features iw_residual_dis2 W=1.0 accuracy=0.5332 prediction=0.7338 status=ok
nonliving26/1/CDANN/features iw_overlap_critic W=2.0 accuracy=0.5332 prediction=0.7229 status=ok
nonliving26/1/CDANN/features iw_residual_dis2 W=2.0 accuracy=0.5332 prediction=0.7581 status=ok
nonliving26/1/CDANN/features iw_overlap_critic W=5.0 accuracy=0.5332 prediction=0.8054 status=ok
nonliving26/1/CDANN/features iw_residual_dis2 W=5.0 accuracy=0.5332 prediction=nan status=unsupported_residual_source_region
nonliving26/1/CDANN/features dis2_reference W=nan accuracy=0.5332 prediction=0.5735 status=ok
nonliving26/1/CDANN/PCA1 iw_overlap_critic W=1.0 accuracy=0.5332 prediction=0.5311 status=ok
nonliving26/1/CDANN/PCA1 iw_residual_dis2 W=1.0 accuracy=0.5332 prediction=0.7042 status=ok
nonliving26/1/CDANN/PCA1 iw_overlap_critic W=2.0 accuracy=0.5332 prediction=0.6979 status=ok
nonliving26/1/CDANN/PCA1 iw_residual_dis2 W=2.0 accuracy=0.5332 prediction=0.7758 status=ok
nonliving26/1/CDANN/PCA1 iw_overlap_critic W=5.0 accuracy=0.5332 prediction=0.7852 status=ok
nonliving26/1/CDANN/PCA1 iw_residual_dis2 W=5.0 accuracy=0.5332 prediction=nan status=unsupported_critic_region
nonliving26/1/CDANN/PCA1 dis2_reference W=nan accuracy=0.5332 prediction=0.5521 status=ok
nonliving26/1/CDANN/PCA4 iw_overlap_critic W=1.0 accuracy=0.5332 prediction=0.4904 status=ok
nonliving26/1/CDANN/PCA4 iw_residual_dis2 W=1.0 accuracy=0.5332 prediction=0.7213 status=ok
nonliving26/1/CDANN/PCA4 iw_overlap_critic W=2.0 accuracy=0.5332 prediction=0.7443 status=ok
nonliving26/1/CDANN/PCA4 iw_residual_dis2 W=2.0 accuracy=0.5332 prediction=0.7877 status=ok
nonliving26/1/CDANN/PCA4 iw_overlap_critic W=5.0 accuracy=0.5332 prediction=nan status=unsupported_critic_region
nonliving26/1/CDANN/PCA4 iw_residual_dis2 W=5.0 accuracy=0.5332 prediction=nan status=unsupported_residual_source_region
nonliving26/1/CDANN/PCA4 dis2_reference W=nan accuracy=0.5332 prediction=0.5501 status=ok
nonliving26/1/CDANN/PCA16 iw_overlap_critic W=1.0 accuracy=0.5332 prediction=0.4603 status=ok
nonliving26/1/CDANN/PCA16 iw_residual_dis2 W=1.0 accuracy=0.5332 prediction=0.7686 status=ok
nonliving26/1/CDANN/PCA16 iw_overlap_critic W=2.0 accuracy=0.5332 prediction=0.8126 status=ok
nonliving26/1/CDANN/PCA16 iw_residual_dis2 W=2.0 accuracy=0.5332 prediction=0.8126 status=ok
nonliving26/1/CDANN/PCA16 iw_overlap_critic W=5.0 accuracy=0.5332 prediction=0.8126 status=ok
nonliving26/1/CDANN/PCA16 iw_residual_dis2 W=5.0 accuracy=0.5332 prediction=0.8126 status=ok
nonliving26/1/CDANN/PCA16 dis2_reference W=nan accuracy=0.5332 prediction=0.6206 status=ok
nonliving26/1/CDANN/PCA32 iw_overlap_critic W=1.0 accuracy=0.5332 prediction=0.4298 status=ok
nonliving26/1/CDANN/PCA32 iw_residual_dis2 W=1.0 accuracy=0.5332 prediction=0.7803 status=ok
nonliving26/1/CDANN/PCA32 iw_overlap_critic W=2.0 accuracy=0.5332 prediction=0.8163 status=ok
nonliving26/1/CDANN/PCA32 iw_residual_dis2 W=2.0 accuracy=0.5332 prediction=0.8163 status=ok
nonliving26/1/CDANN/PCA32 iw_overlap_critic W=5.0 accuracy=0.5332 prediction=0.8163 status=ok
nonliving26/1/CDANN/PCA32 iw_residual_dis2 W=5.0 accuracy=0.5332 prediction=0.8163 status=ok
nonliving26/1/CDANN/PCA32 dis2_reference W=nan accuracy=0.5332 prediction=0.6418 status=ok
nonliving26/1/CDANN/PCA64 iw_overlap_critic W=1.0 accuracy=0.5332 prediction=0.4335 status=ok
nonliving26/1/CDANN/PCA64 iw_residual_dis2 W=1.0 accuracy=0.5332 prediction=0.8118 status=ok
nonliving26/1/CDANN/PCA64 iw_overlap_critic W=2.0 accuracy=0.5332 prediction=0.8165 status=ok
nonliving26/1/CDANN/PCA64 iw_residual_dis2 W=2.0 accuracy=0.5332 prediction=0.8165 status=ok
nonliving26/1/CDANN/PCA64 iw_overlap_critic W=5.0 accuracy=0.5332 prediction=0.8165 status=ok
nonliving26/1/CDANN/PCA64 iw_residual_dis2 W=5.0 accuracy=0.5332 prediction=0.8165 status=ok
nonliving26/1/CDANN/PCA64 dis2_reference W=nan accuracy=0.5332 prediction=0.6915 status=ok
nonliving26/1/CDANN/PCA128 iw_overlap_critic W=1.0 accuracy=0.5332 prediction=0.6225 status=ok
nonliving26/1/CDANN/PCA128 iw_residual_dis2 W=1.0 accuracy=0.5332 prediction=0.8220 status=ok
nonliving26/1/CDANN/PCA128 iw_overlap_critic W=2.0 accuracy=0.5332 prediction=0.8179 status=ok
nonliving26/1/CDANN/PCA128 iw_residual_dis2 W=2.0 accuracy=0.5332 prediction=0.8179 status=ok
nonliving26/1/CDANN/PCA128 iw_overlap_critic W=5.0 accuracy=0.5332 prediction=0.8179 status=ok
nonliving26/1/CDANN/PCA128 iw_residual_dis2 W=5.0 accuracy=0.5332 prediction=0.8179 status=ok
nonliving26/1/CDANN/PCA128 dis2_reference W=nan accuracy=0.5332 prediction=0.6950 status=ok
nonliving26/2/CDANN/logits iw_overlap_critic W=1.0 accuracy=0.7692 prediction=0.6603 status=ok
nonliving26/2/CDANN/logits iw_residual_dis2 W=1.0 accuracy=0.7692 prediction=0.7396 status=ok
nonliving26/2/CDANN/logits iw_overlap_critic W=2.0 accuracy=0.7692 prediction=0.8155 status=ok
nonliving26/2/CDANN/logits iw_residual_dis2 W=2.0 accuracy=0.7692 prediction=0.8155 status=ok
nonliving26/2/CDANN/logits iw_overlap_critic W=5.0 accuracy=0.7692 prediction=0.8155 status=ok
nonliving26/2/CDANN/logits iw_residual_dis2 W=5.0 accuracy=0.7692 prediction=0.8155 status=ok
nonliving26/2/CDANN/logits dis2_reference W=nan accuracy=0.7692 prediction=0.4699 status=ok
nonliving26/2/CDANN/features iw_overlap_critic W=1.0 accuracy=0.7692 prediction=0.6963 status=ok
nonliving26/2/CDANN/features iw_residual_dis2 W=1.0 accuracy=0.7692 prediction=0.9135 status=ok
nonliving26/2/CDANN/features iw_overlap_critic W=2.0 accuracy=0.7692 prediction=0.8158 status=ok
nonliving26/2/CDANN/features iw_residual_dis2 W=2.0 accuracy=0.7692 prediction=0.8158 status=ok
nonliving26/2/CDANN/features iw_overlap_critic W=5.0 accuracy=0.7692 prediction=0.8158 status=ok
nonliving26/2/CDANN/features iw_residual_dis2 W=5.0 accuracy=0.7692 prediction=0.8158 status=ok
nonliving26/2/CDANN/features dis2_reference W=nan accuracy=0.7692 prediction=0.3891 status=ok
nonliving26/2/CDANN/PCA1 iw_overlap_critic W=1.0 accuracy=0.7692 prediction=0.6263 status=ok
nonliving26/2/CDANN/PCA1 iw_residual_dis2 W=1.0 accuracy=0.7692 prediction=0.8206 status=ok
nonliving26/2/CDANN/PCA1 iw_overlap_critic W=2.0 accuracy=0.7692 prediction=0.8163 status=ok
nonliving26/2/CDANN/PCA1 iw_residual_dis2 W=2.0 accuracy=0.7692 prediction=0.8163 status=ok
nonliving26/2/CDANN/PCA1 iw_overlap_critic W=5.0 accuracy=0.7692 prediction=0.8163 status=ok
nonliving26/2/CDANN/PCA1 iw_residual_dis2 W=5.0 accuracy=0.7692 prediction=0.8163 status=ok
nonliving26/2/CDANN/PCA1 dis2_reference W=nan accuracy=0.7692 prediction=0.5003 status=ok
nonliving26/2/CDANN/PCA4 iw_overlap_critic W=1.0 accuracy=0.7692 prediction=0.7461 status=ok
nonliving26/2/CDANN/PCA4 iw_residual_dis2 W=1.0 accuracy=0.7692 prediction=0.9000 status=ok
nonliving26/2/CDANN/PCA4 iw_overlap_critic W=2.0 accuracy=0.7692 prediction=0.8205 status=ok
nonliving26/2/CDANN/PCA4 iw_residual_dis2 W=2.0 accuracy=0.7692 prediction=0.8205 status=ok
nonliving26/2/CDANN/PCA4 iw_overlap_critic W=5.0 accuracy=0.7692 prediction=0.8205 status=ok
nonliving26/2/CDANN/PCA4 iw_residual_dis2 W=5.0 accuracy=0.7692 prediction=0.8205 status=ok
nonliving26/2/CDANN/PCA4 dis2_reference W=nan accuracy=0.7692 prediction=0.4680 status=ok
nonliving26/2/CDANN/PCA16 iw_overlap_critic W=1.0 accuracy=0.7692 prediction=0.5450 status=ok
nonliving26/2/CDANN/PCA16 iw_residual_dis2 W=1.0 accuracy=0.7692 prediction=0.8228 status=ok
nonliving26/2/CDANN/PCA16 iw_overlap_critic W=2.0 accuracy=0.7692 prediction=0.8152 status=ok
nonliving26/2/CDANN/PCA16 iw_residual_dis2 W=2.0 accuracy=0.7692 prediction=0.8152 status=ok
nonliving26/2/CDANN/PCA16 iw_overlap_critic W=5.0 accuracy=0.7692 prediction=0.8152 status=ok
nonliving26/2/CDANN/PCA16 iw_residual_dis2 W=5.0 accuracy=0.7692 prediction=0.8152 status=ok
/storage/homefs/tf24s166/IW_dis2/disagree_discrep_IW/src/lib/utils.py:43: FutureWarning: You are using `torch.load` with `weights_only=False` (the current default value), which uses the default pickle module implicitly. It is possible to construct malicious pickle data which will execute arbitrary code during unpickling (See https://github.com/pytorch/pytorch/blob/main/SECURITY.md#untrusted-models for more details). In a future release, the default value for `weights_only` will be flipped to `True`. This limits the functions that could be executed during unpickling. Arbitrary objects will no longer be allowed to be loaded via this mode unless they are explicitly allowlisted by the user via `torch.serialization.add_safe_globals`. We recommend you start setting `weights_only=True` for any use case where you don't have full control of the loaded file. Please open an issue on GitHub for any issues related to this experimental feature.
  lin.load_state_dict(torch.load(os.path.join(shift_dir, 'linear.pth'), map_location=device))
/storage/homefs/tf24s166/IW_dis2/disagree_discrep_IW/src/lib/utils.py:43: FutureWarning: You are using `torch.load` with `weights_only=False` (the current default value), which uses the default pickle module implicitly. It is possible to construct malicious pickle data which will execute arbitrary code during unpickling (See https://github.com/pytorch/pytorch/blob/main/SECURITY.md#untrusted-models for more details). In a future release, the default value for `weights_only` will be flipped to `True`. This limits the functions that could be executed during unpickling. Arbitrary objects will no longer be allowed to be loaded via this mode unless they are explicitly allowlisted by the user via `torch.serialization.add_safe_globals`. We recommend you start setting `weights_only=True` for any use case where you don't have full control of the loaded file. Please open an issue on GitHub for any issues related to this experimental feature.
  lin.load_state_dict(torch.load(os.path.join(shift_dir, 'linear.pth'), map_location=device))
nonliving26/2/CDANN/PCA16 dis2_reference W=nan accuracy=0.7692 prediction=0.4309 status=ok
nonliving26/2/CDANN/PCA32 iw_overlap_critic W=1.0 accuracy=0.7692 prediction=0.5121 status=ok
nonliving26/2/CDANN/PCA32 iw_residual_dis2 W=1.0 accuracy=0.7692 prediction=0.8324 status=ok
nonliving26/2/CDANN/PCA32 iw_overlap_critic W=2.0 accuracy=0.7692 prediction=0.8150 status=ok
nonliving26/2/CDANN/PCA32 iw_residual_dis2 W=2.0 accuracy=0.7692 prediction=0.8150 status=ok
nonliving26/2/CDANN/PCA32 iw_overlap_critic W=5.0 accuracy=0.7692 prediction=0.8150 status=ok
nonliving26/2/CDANN/PCA32 iw_residual_dis2 W=5.0 accuracy=0.7692 prediction=0.8150 status=ok
nonliving26/2/CDANN/PCA32 dis2_reference W=nan accuracy=0.7692 prediction=0.4638 status=ok
nonliving26/2/CDANN/PCA64 iw_overlap_critic W=1.0 accuracy=0.7692 prediction=0.4278 status=ok
nonliving26/2/CDANN/PCA64 iw_residual_dis2 W=1.0 accuracy=0.7692 prediction=0.7573 status=ok
nonliving26/2/CDANN/PCA64 iw_overlap_critic W=2.0 accuracy=0.7692 prediction=nan status=unsupported_critic_region
nonliving26/2/CDANN/PCA64 iw_residual_dis2 W=2.0 accuracy=0.7692 prediction=nan status=unsupported_critic_region
nonliving26/2/CDANN/PCA64 iw_overlap_critic W=5.0 accuracy=0.7692 prediction=0.8064 status=ok
nonliving26/2/CDANN/PCA64 iw_residual_dis2 W=5.0 accuracy=0.7692 prediction=0.8064 status=ok
nonliving26/2/CDANN/PCA64 dis2_reference W=nan accuracy=0.7692 prediction=0.4920 status=ok
nonliving26/2/CDANN/PCA128 iw_overlap_critic W=1.0 accuracy=0.7692 prediction=0.2925 status=ok
nonliving26/2/CDANN/PCA128 iw_residual_dis2 W=1.0 accuracy=0.7692 prediction=0.8897 status=ok
nonliving26/2/CDANN/PCA128 iw_overlap_critic W=2.0 accuracy=0.7692 prediction=0.8129 status=ok
nonliving26/2/CDANN/PCA128 iw_residual_dis2 W=2.0 accuracy=0.7692 prediction=0.8129 status=ok
nonliving26/2/CDANN/PCA128 iw_overlap_critic W=5.0 accuracy=0.7692 prediction=0.8094 status=ok
nonliving26/2/CDANN/PCA128 iw_residual_dis2 W=5.0 accuracy=0.7692 prediction=0.8094 status=ok
nonliving26/2/CDANN/PCA128 dis2_reference W=nan accuracy=0.7692 prediction=0.4948 status=ok
nonliving26/3/CDANN/logits iw_overlap_critic W=1.0 accuracy=0.4038 prediction=0.6395 status=ok
nonliving26/3/CDANN/logits iw_residual_dis2 W=1.0 accuracy=0.4038 prediction=0.7740 status=ok
nonliving26/3/CDANN/logits iw_overlap_critic W=2.0 accuracy=0.4038 prediction=0.8149 status=ok
nonliving26/3/CDANN/logits iw_residual_dis2 W=2.0 accuracy=0.4038 prediction=0.8149 status=ok
nonliving26/3/CDANN/logits iw_overlap_critic W=5.0 accuracy=0.4038 prediction=0.8149 status=ok
nonliving26/3/CDANN/logits iw_residual_dis2 W=5.0 accuracy=0.4038 prediction=0.8149 status=ok
nonliving26/3/CDANN/logits dis2_reference W=nan accuracy=0.4038 prediction=0.4058 status=ok
nonliving26/3/CDANN/features iw_overlap_critic W=1.0 accuracy=0.4038 prediction=0.6773 status=ok
nonliving26/3/CDANN/features iw_residual_dis2 W=1.0 accuracy=0.4038 prediction=0.7683 status=ok
nonliving26/3/CDANN/features iw_overlap_critic W=2.0 accuracy=0.4038 prediction=0.8155 status=ok
nonliving26/3/CDANN/features iw_residual_dis2 W=2.0 accuracy=0.4038 prediction=0.8155 status=ok
nonliving26/3/CDANN/features iw_overlap_critic W=5.0 accuracy=0.4038 prediction=0.8155 status=ok
nonliving26/3/CDANN/features iw_residual_dis2 W=5.0 accuracy=0.4038 prediction=0.8155 status=ok
nonliving26/3/CDANN/features dis2_reference W=nan accuracy=0.4038 prediction=0.2537 status=ok
nonliving26/3/CDANN/PCA1 iw_overlap_critic W=1.0 accuracy=0.4038 prediction=0.6280 status=ok
nonliving26/3/CDANN/PCA1 iw_residual_dis2 W=1.0 accuracy=0.4038 prediction=0.9554 status=ok
nonliving26/3/CDANN/PCA1 iw_overlap_critic W=2.0 accuracy=0.4038 prediction=0.8508 status=ok
nonliving26/3/CDANN/PCA1 iw_residual_dis2 W=2.0 accuracy=0.4038 prediction=0.8725 status=ok
nonliving26/3/CDANN/PCA1 iw_overlap_critic W=5.0 accuracy=0.4038 prediction=0.8310 status=ok
nonliving26/3/CDANN/PCA1 iw_residual_dis2 W=5.0 accuracy=0.4038 prediction=0.8310 status=ok
nonliving26/3/CDANN/PCA1 dis2_reference W=nan accuracy=0.4038 prediction=0.4449 status=ok
nonliving26/3/CDANN/PCA4 iw_overlap_critic W=1.0 accuracy=0.4038 prediction=0.7644 status=ok
nonliving26/3/CDANN/PCA4 iw_residual_dis2 W=1.0 accuracy=0.4038 prediction=0.7984 status=ok
nonliving26/3/CDANN/PCA4 iw_overlap_critic W=2.0 accuracy=0.4038 prediction=0.8153 status=ok
nonliving26/3/CDANN/PCA4 iw_residual_dis2 W=2.0 accuracy=0.4038 prediction=0.8153 status=ok
nonliving26/3/CDANN/PCA4 iw_overlap_critic W=5.0 accuracy=0.4038 prediction=0.8153 status=ok
nonliving26/3/CDANN/PCA4 iw_residual_dis2 W=5.0 accuracy=0.4038 prediction=0.8153 status=ok
nonliving26/3/CDANN/PCA4 dis2_reference W=nan accuracy=0.4038 prediction=0.4248 status=ok
nonliving26/3/CDANN/PCA16 iw_overlap_critic W=1.0 accuracy=0.4038 prediction=0.5749 status=ok
nonliving26/3/CDANN/PCA16 iw_residual_dis2 W=1.0 accuracy=0.4038 prediction=0.6939 status=ok
nonliving26/3/CDANN/PCA16 iw_overlap_critic W=2.0 accuracy=0.4038 prediction=0.8142 status=ok
nonliving26/3/CDANN/PCA16 iw_residual_dis2 W=2.0 accuracy=0.4038 prediction=0.8142 status=ok
nonliving26/3/CDANN/PCA16 iw_overlap_critic W=5.0 accuracy=0.4038 prediction=0.8142 status=ok
nonliving26/3/CDANN/PCA16 iw_residual_dis2 W=5.0 accuracy=0.4038 prediction=0.8142 status=ok
nonliving26/3/CDANN/PCA16 dis2_reference W=nan accuracy=0.4038 prediction=0.4962 status=ok
nonliving26/3/CDANN/PCA32 iw_overlap_critic W=1.0 accuracy=0.4038 prediction=0.4702 status=ok
nonliving26/3/CDANN/PCA32 iw_residual_dis2 W=1.0 accuracy=0.4038 prediction=0.8698 status=ok
nonliving26/3/CDANN/PCA32 iw_overlap_critic W=2.0 accuracy=0.4038 prediction=0.8135 status=ok
nonliving26/3/CDANN/PCA32 iw_residual_dis2 W=2.0 accuracy=0.4038 prediction=0.8135 status=ok
nonliving26/3/CDANN/PCA32 iw_overlap_critic W=5.0 accuracy=0.4038 prediction=0.8135 status=ok
nonliving26/3/CDANN/PCA32 iw_residual_dis2 W=5.0 accuracy=0.4038 prediction=0.8135 status=ok
nonliving26/3/CDANN/PCA32 dis2_reference W=nan accuracy=0.4038 prediction=0.3924 status=ok
nonliving26/3/CDANN/PCA64 iw_overlap_critic W=1.0 accuracy=0.4038 prediction=0.4474 status=ok
nonliving26/3/CDANN/PCA64 iw_residual_dis2 W=1.0 accuracy=0.4038 prediction=0.7334 status=ok
nonliving26/3/CDANN/PCA64 iw_overlap_critic W=2.0 accuracy=0.4038 prediction=0.8133 status=ok
nonliving26/3/CDANN/PCA64 iw_residual_dis2 W=2.0 accuracy=0.4038 prediction=0.8133 status=ok
nonliving26/3/CDANN/PCA64 iw_overlap_critic W=5.0 accuracy=0.4038 prediction=0.8133 status=ok
nonliving26/3/CDANN/PCA64 iw_residual_dis2 W=5.0 accuracy=0.4038 prediction=0.8133 status=ok
nonliving26/3/CDANN/PCA64 dis2_reference W=nan accuracy=0.4038 prediction=0.5120 status=ok
nonliving26/3/CDANN/PCA128 iw_overlap_critic W=1.0 accuracy=0.4038 prediction=0.4797 status=ok
nonliving26/3/CDANN/PCA128 iw_residual_dis2 W=1.0 accuracy=0.4038 prediction=0.8365 status=ok
nonliving26/3/CDANN/PCA128 iw_overlap_critic W=2.0 accuracy=0.4038 prediction=0.8125 status=ok
nonliving26/3/CDANN/PCA128 iw_residual_dis2 W=2.0 accuracy=0.4038 prediction=0.8125 status=ok
nonliving26/3/CDANN/PCA128 iw_overlap_critic W=5.0 accuracy=0.4038 prediction=0.8125 status=ok
nonliving26/3/CDANN/PCA128 iw_residual_dis2 W=5.0 accuracy=0.4038 prediction=0.8125 status=ok
nonliving26/3/CDANN/PCA128 dis2_reference W=nan accuracy=0.4038 prediction=0.4979 status=ok
nonliving26/1/FixMatch/logits iw_overlap_critic W=1.0 accuracy=0.5623 prediction=0.3936 status=ok
nonliving26/1/FixMatch/logits iw_residual_dis2 W=1.0 accuracy=0.5623 prediction=0.6641 status=ok
nonliving26/1/FixMatch/logits iw_overlap_critic W=2.0 accuracy=0.5623 prediction=0.8061 status=ok
nonliving26/1/FixMatch/logits iw_residual_dis2 W=2.0 accuracy=0.5623 prediction=0.8061 status=ok
nonliving26/1/FixMatch/logits iw_overlap_critic W=5.0 accuracy=0.5623 prediction=0.8061 status=ok
nonliving26/1/FixMatch/logits iw_residual_dis2 W=5.0 accuracy=0.5623 prediction=0.8061 status=ok
nonliving26/1/FixMatch/logits dis2_reference W=nan accuracy=0.5623 prediction=0.4871 status=ok
nonliving26/1/FixMatch/features iw_overlap_critic W=1.0 accuracy=0.5623 prediction=0.3077 status=ok
/storage/homefs/tf24s166/IW_dis2/disagree_discrep_IW/src/lib/utils.py:43: FutureWarning: You are using `torch.load` with `weights_only=False` (the current default value), which uses the default pickle module implicitly. It is possible to construct malicious pickle data which will execute arbitrary code during unpickling (See https://github.com/pytorch/pytorch/blob/main/SECURITY.md#untrusted-models for more details). In a future release, the default value for `weights_only` will be flipped to `True`. This limits the functions that could be executed during unpickling. Arbitrary objects will no longer be allowed to be loaded via this mode unless they are explicitly allowlisted by the user via `torch.serialization.add_safe_globals`. We recommend you start setting `weights_only=True` for any use case where you don't have full control of the loaded file. Please open an issue on GitHub for any issues related to this experimental feature.
  lin.load_state_dict(torch.load(os.path.join(shift_dir, 'linear.pth'), map_location=device))
nonliving26/1/FixMatch/features iw_residual_dis2 W=1.0 accuracy=0.5623 prediction=0.5613 status=ok
nonliving26/1/FixMatch/features iw_overlap_critic W=2.0 accuracy=0.5623 prediction=0.6428 status=ok
nonliving26/1/FixMatch/features iw_residual_dis2 W=2.0 accuracy=0.5623 prediction=0.7587 status=ok
nonliving26/1/FixMatch/features iw_overlap_critic W=5.0 accuracy=0.5623 prediction=0.7704 status=ok
nonliving26/1/FixMatch/features iw_residual_dis2 W=5.0 accuracy=0.5623 prediction=nan status=unsupported_residual_source_region
nonliving26/1/FixMatch/features dis2_reference W=nan accuracy=0.5623 prediction=0.2886 status=ok
nonliving26/1/FixMatch/PCA1 iw_overlap_critic W=1.0 accuracy=0.5623 prediction=0.3403 status=ok
nonliving26/1/FixMatch/PCA1 iw_residual_dis2 W=1.0 accuracy=0.5623 prediction=0.5953 status=ok
nonliving26/1/FixMatch/PCA1 iw_overlap_critic W=2.0 accuracy=0.5623 prediction=0.6758 status=ok
nonliving26/1/FixMatch/PCA1 iw_residual_dis2 W=2.0 accuracy=0.5623 prediction=0.7420 status=ok
nonliving26/1/FixMatch/PCA1 iw_overlap_critic W=5.0 accuracy=0.5623 prediction=0.7768 status=ok
nonliving26/1/FixMatch/PCA1 iw_residual_dis2 W=5.0 accuracy=0.5623 prediction=0.7834 status=ok
nonliving26/1/FixMatch/PCA1 dis2_reference W=nan accuracy=0.5623 prediction=0.3021 status=ok
nonliving26/1/FixMatch/PCA4 iw_overlap_critic W=1.0 accuracy=0.5623 prediction=0.3686 status=ok
nonliving26/1/FixMatch/PCA4 iw_residual_dis2 W=1.0 accuracy=0.5623 prediction=0.6199 status=ok
nonliving26/1/FixMatch/PCA4 iw_overlap_critic W=2.0 accuracy=0.5623 prediction=0.7013 status=ok
nonliving26/1/FixMatch/PCA4 iw_residual_dis2 W=2.0 accuracy=0.5623 prediction=0.7779 status=ok
nonliving26/1/FixMatch/PCA4 iw_overlap_critic W=5.0 accuracy=0.5623 prediction=0.7883 status=ok
nonliving26/1/FixMatch/PCA4 iw_residual_dis2 W=5.0 accuracy=0.5623 prediction=nan status=unsupported_residual_source_region
nonliving26/1/FixMatch/PCA4 dis2_reference W=nan accuracy=0.5623 prediction=0.3510 status=ok
nonliving26/1/FixMatch/PCA16 iw_overlap_critic W=1.0 accuracy=0.5623 prediction=0.3758 status=ok
nonliving26/1/FixMatch/PCA16 iw_residual_dis2 W=1.0 accuracy=0.5623 prediction=0.6248 status=ok
nonliving26/1/FixMatch/PCA16 iw_overlap_critic W=2.0 accuracy=0.5623 prediction=0.7808 status=ok
nonliving26/1/FixMatch/PCA16 iw_residual_dis2 W=2.0 accuracy=0.5623 prediction=0.8040 status=ok
nonliving26/1/FixMatch/PCA16 iw_overlap_critic W=5.0 accuracy=0.5623 prediction=0.8038 status=ok
nonliving26/1/FixMatch/PCA16 iw_residual_dis2 W=5.0 accuracy=0.5623 prediction=0.8038 status=ok
nonliving26/1/FixMatch/PCA16 dis2_reference W=nan accuracy=0.5623 prediction=0.4790 status=ok
nonliving26/1/FixMatch/PCA32 iw_overlap_critic W=1.0 accuracy=0.5623 prediction=0.3640 status=ok
nonliving26/1/FixMatch/PCA32 iw_residual_dis2 W=1.0 accuracy=0.5623 prediction=0.7224 status=ok
nonliving26/1/FixMatch/PCA32 iw_overlap_critic W=2.0 accuracy=0.5623 prediction=0.7972 status=ok
nonliving26/1/FixMatch/PCA32 iw_residual_dis2 W=2.0 accuracy=0.5623 prediction=0.8034 status=ok
nonliving26/1/FixMatch/PCA32 iw_overlap_critic W=5.0 accuracy=0.5623 prediction=0.8010 status=ok
nonliving26/1/FixMatch/PCA32 iw_residual_dis2 W=5.0 accuracy=0.5623 prediction=0.8010 status=ok
nonliving26/1/FixMatch/PCA32 dis2_reference W=nan accuracy=0.5623 prediction=0.5436 status=ok
nonliving26/1/FixMatch/PCA64 iw_overlap_critic W=1.0 accuracy=0.5623 prediction=0.3503 status=ok
nonliving26/1/FixMatch/PCA64 iw_residual_dis2 W=1.0 accuracy=0.5623 prediction=0.7728 status=ok
nonliving26/1/FixMatch/PCA64 iw_overlap_critic W=2.0 accuracy=0.5623 prediction=0.7848 status=ok
nonliving26/1/FixMatch/PCA64 iw_residual_dis2 W=2.0 accuracy=0.5623 prediction=0.7995 status=ok
nonliving26/1/FixMatch/PCA64 iw_overlap_critic W=5.0 accuracy=0.5623 prediction=0.7983 status=ok
nonliving26/1/FixMatch/PCA64 iw_residual_dis2 W=5.0 accuracy=0.5623 prediction=0.7983 status=ok
nonliving26/1/FixMatch/PCA64 dis2_reference W=nan accuracy=0.5623 prediction=0.6656 status=ok
nonliving26/1/FixMatch/PCA128 iw_overlap_critic W=1.0 accuracy=0.5623 prediction=0.3363 status=ok
nonliving26/1/FixMatch/PCA128 iw_residual_dis2 W=1.0 accuracy=0.5623 prediction=0.7702 status=ok
nonliving26/1/FixMatch/PCA128 iw_overlap_critic W=2.0 accuracy=0.5623 prediction=0.7947 status=ok
nonliving26/1/FixMatch/PCA128 iw_residual_dis2 W=2.0 accuracy=0.5623 prediction=nan status=unsupported_residual_source_region
nonliving26/1/FixMatch/PCA128 iw_overlap_critic W=5.0 accuracy=0.5623 prediction=0.7965 status=ok
nonliving26/1/FixMatch/PCA128 iw_residual_dis2 W=5.0 accuracy=0.5623 prediction=0.7965 status=ok
nonliving26/1/FixMatch/PCA128 dis2_reference W=nan accuracy=0.5623 prediction=0.6603 status=ok
nonliving26/2/FixMatch/logits iw_overlap_critic W=1.0 accuracy=0.7981 prediction=0.6200 status=ok
nonliving26/2/FixMatch/logits iw_residual_dis2 W=1.0 accuracy=0.7981 prediction=0.7066 status=ok
nonliving26/2/FixMatch/logits iw_overlap_critic W=2.0 accuracy=0.7981 prediction=0.8062 status=ok
nonliving26/2/FixMatch/logits iw_residual_dis2 W=2.0 accuracy=0.7981 prediction=0.8062 status=ok
nonliving26/2/FixMatch/logits iw_overlap_critic W=5.0 accuracy=0.7981 prediction=0.8062 status=ok
nonliving26/2/FixMatch/logits iw_residual_dis2 W=5.0 accuracy=0.7981 prediction=0.8062 status=ok
nonliving26/2/FixMatch/logits dis2_reference W=nan accuracy=0.7981 prediction=0.5137 status=ok
nonliving26/2/FixMatch/features iw_overlap_critic W=1.0 accuracy=0.7981 prediction=0.6475 status=ok
nonliving26/2/FixMatch/features iw_residual_dis2 W=1.0 accuracy=0.7981 prediction=0.8679 status=ok
nonliving26/2/FixMatch/features iw_overlap_critic W=2.0 accuracy=0.7981 prediction=0.8264 status=ok
nonliving26/2/FixMatch/features iw_residual_dis2 W=2.0 accuracy=0.7981 prediction=0.8264 status=ok
nonliving26/2/FixMatch/features iw_overlap_critic W=5.0 accuracy=0.7981 prediction=0.8264 status=ok
nonliving26/2/FixMatch/features iw_residual_dis2 W=5.0 accuracy=0.7981 prediction=0.8264 status=ok
nonliving26/2/FixMatch/features dis2_reference W=nan accuracy=0.7981 prediction=0.4567 status=ok
nonliving26/2/FixMatch/PCA1 iw_overlap_critic W=1.0 accuracy=0.7981 prediction=0.5152 status=ok
nonliving26/2/FixMatch/PCA1 iw_residual_dis2 W=1.0 accuracy=0.7981 prediction=0.8476 status=ok
nonliving26/2/FixMatch/PCA1 iw_overlap_critic W=2.0 accuracy=0.7981 prediction=0.8049 status=ok
nonliving26/2/FixMatch/PCA1 iw_residual_dis2 W=2.0 accuracy=0.7981 prediction=0.8049 status=ok
nonliving26/2/FixMatch/PCA1 iw_overlap_critic W=5.0 accuracy=0.7981 prediction=0.8049 status=ok
nonliving26/2/FixMatch/PCA1 iw_residual_dis2 W=5.0 accuracy=0.7981 prediction=0.8049 status=ok
nonliving26/2/FixMatch/PCA1 dis2_reference W=nan accuracy=0.7981 prediction=0.5748 status=ok
nonliving26/2/FixMatch/PCA4 iw_overlap_critic W=1.0 accuracy=0.7981 prediction=0.7669 status=ok
nonliving26/2/FixMatch/PCA4 iw_residual_dis2 W=1.0 accuracy=0.7981 prediction=0.7942 status=ok
nonliving26/2/FixMatch/PCA4 iw_overlap_critic W=2.0 accuracy=0.7981 prediction=0.8069 status=ok
nonliving26/2/FixMatch/PCA4 iw_residual_dis2 W=2.0 accuracy=0.7981 prediction=0.8069 status=ok
nonliving26/2/FixMatch/PCA4 iw_overlap_critic W=5.0 accuracy=0.7981 prediction=0.8069 status=ok
nonliving26/2/FixMatch/PCA4 iw_residual_dis2 W=5.0 accuracy=0.7981 prediction=0.8069 status=ok
nonliving26/2/FixMatch/PCA4 dis2_reference W=nan accuracy=0.7981 prediction=0.5460 status=ok
nonliving26/2/FixMatch/PCA16 iw_overlap_critic W=1.0 accuracy=0.7981 prediction=0.6325 status=ok
nonliving26/2/FixMatch/PCA16 iw_residual_dis2 W=1.0 accuracy=0.7981 prediction=0.7652 status=ok
nonliving26/2/FixMatch/PCA16 iw_overlap_critic W=2.0 accuracy=0.7981 prediction=0.8063 status=ok
nonliving26/2/FixMatch/PCA16 iw_residual_dis2 W=2.0 accuracy=0.7981 prediction=0.8063 status=ok
nonliving26/2/FixMatch/PCA16 iw_overlap_critic W=5.0 accuracy=0.7981 prediction=0.8063 status=ok
nonliving26/2/FixMatch/PCA16 iw_residual_dis2 W=5.0 accuracy=0.7981 prediction=0.8063 status=ok
nonliving26/2/FixMatch/PCA16 dis2_reference W=nan accuracy=0.7981 prediction=0.5463 status=ok
nonliving26/2/FixMatch/PCA32 iw_overlap_critic W=1.0 accuracy=0.7981 prediction=0.5912 status=ok
/storage/homefs/tf24s166/IW_dis2/disagree_discrep_IW/src/lib/utils.py:43: FutureWarning: You are using `torch.load` with `weights_only=False` (the current default value), which uses the default pickle module implicitly. It is possible to construct malicious pickle data which will execute arbitrary code during unpickling (See https://github.com/pytorch/pytorch/blob/main/SECURITY.md#untrusted-models for more details). In a future release, the default value for `weights_only` will be flipped to `True`. This limits the functions that could be executed during unpickling. Arbitrary objects will no longer be allowed to be loaded via this mode unless they are explicitly allowlisted by the user via `torch.serialization.add_safe_globals`. We recommend you start setting `weights_only=True` for any use case where you don't have full control of the loaded file. Please open an issue on GitHub for any issues related to this experimental feature.
  lin.load_state_dict(torch.load(os.path.join(shift_dir, 'linear.pth'), map_location=device))
/storage/homefs/tf24s166/IW_dis2/disagree_discrep_IW/src/lib/utils.py:43: FutureWarning: You are using `torch.load` with `weights_only=False` (the current default value), which uses the default pickle module implicitly. It is possible to construct malicious pickle data which will execute arbitrary code during unpickling (See https://github.com/pytorch/pytorch/blob/main/SECURITY.md#untrusted-models for more details). In a future release, the default value for `weights_only` will be flipped to `True`. This limits the functions that could be executed during unpickling. Arbitrary objects will no longer be allowed to be loaded via this mode unless they are explicitly allowlisted by the user via `torch.serialization.add_safe_globals`. We recommend you start setting `weights_only=True` for any use case where you don't have full control of the loaded file. Please open an issue on GitHub for any issues related to this experimental feature.
  lin.load_state_dict(torch.load(os.path.join(shift_dir, 'linear.pth'), map_location=device))
nonliving26/2/FixMatch/PCA32 iw_residual_dis2 W=1.0 accuracy=0.7981 prediction=0.7859 status=ok
nonliving26/2/FixMatch/PCA32 iw_overlap_critic W=2.0 accuracy=0.7981 prediction=0.8055 status=ok
nonliving26/2/FixMatch/PCA32 iw_residual_dis2 W=2.0 accuracy=0.7981 prediction=0.8055 status=ok
nonliving26/2/FixMatch/PCA32 iw_overlap_critic W=5.0 accuracy=0.7981 prediction=0.8055 status=ok
nonliving26/2/FixMatch/PCA32 iw_residual_dis2 W=5.0 accuracy=0.7981 prediction=0.8055 status=ok
nonliving26/2/FixMatch/PCA32 dis2_reference W=nan accuracy=0.7981 prediction=0.5921 status=ok
nonliving26/2/FixMatch/PCA64 iw_overlap_critic W=1.0 accuracy=0.7981 prediction=0.7057 status=ok
nonliving26/2/FixMatch/PCA64 iw_residual_dis2 W=1.0 accuracy=0.7981 prediction=0.8594 status=ok
nonliving26/2/FixMatch/PCA64 iw_overlap_critic W=2.0 accuracy=0.7981 prediction=0.8053 status=ok
nonliving26/2/FixMatch/PCA64 iw_residual_dis2 W=2.0 accuracy=0.7981 prediction=0.8053 status=ok
nonliving26/2/FixMatch/PCA64 iw_overlap_critic W=5.0 accuracy=0.7981 prediction=0.8053 status=ok
nonliving26/2/FixMatch/PCA64 iw_residual_dis2 W=5.0 accuracy=0.7981 prediction=0.8053 status=ok
nonliving26/2/FixMatch/PCA64 dis2_reference W=nan accuracy=0.7981 prediction=0.5493 status=ok
nonliving26/2/FixMatch/PCA128 iw_overlap_critic W=1.0 accuracy=0.7981 prediction=0.3423 status=ok
nonliving26/2/FixMatch/PCA128 iw_residual_dis2 W=1.0 accuracy=0.7981 prediction=0.7647 status=ok
nonliving26/2/FixMatch/PCA128 iw_overlap_critic W=2.0 accuracy=0.7981 prediction=0.8071 status=ok
nonliving26/2/FixMatch/PCA128 iw_residual_dis2 W=2.0 accuracy=0.7981 prediction=0.8071 status=ok
nonliving26/2/FixMatch/PCA128 iw_overlap_critic W=5.0 accuracy=0.7981 prediction=0.8071 status=ok
nonliving26/2/FixMatch/PCA128 iw_residual_dis2 W=5.0 accuracy=0.7981 prediction=0.8071 status=ok
nonliving26/2/FixMatch/PCA128 dis2_reference W=nan accuracy=0.7981 prediction=0.5413 status=ok
nonliving26/3/FixMatch/logits iw_overlap_critic W=1.0 accuracy=0.3942 prediction=0.5381 status=ok
nonliving26/3/FixMatch/logits iw_residual_dis2 W=1.0 accuracy=0.3942 prediction=0.7222 status=ok
nonliving26/3/FixMatch/logits iw_overlap_critic W=2.0 accuracy=0.3942 prediction=0.8145 status=ok
nonliving26/3/FixMatch/logits iw_residual_dis2 W=2.0 accuracy=0.3942 prediction=0.8145 status=ok
nonliving26/3/FixMatch/logits iw_overlap_critic W=5.0 accuracy=0.3942 prediction=0.8145 status=ok
nonliving26/3/FixMatch/logits iw_residual_dis2 W=5.0 accuracy=0.3942 prediction=0.8145 status=ok
nonliving26/3/FixMatch/logits dis2_reference W=nan accuracy=0.3942 prediction=0.4060 status=ok
nonliving26/3/FixMatch/features iw_overlap_critic W=1.0 accuracy=0.3942 prediction=0.6966 status=ok
nonliving26/3/FixMatch/features iw_residual_dis2 W=1.0 accuracy=0.3942 prediction=0.7068 status=ok
nonliving26/3/FixMatch/features iw_overlap_critic W=2.0 accuracy=0.3942 prediction=0.8141 status=ok
nonliving26/3/FixMatch/features iw_residual_dis2 W=2.0 accuracy=0.3942 prediction=0.8141 status=ok
nonliving26/3/FixMatch/features iw_overlap_critic W=5.0 accuracy=0.3942 prediction=0.8141 status=ok
nonliving26/3/FixMatch/features iw_residual_dis2 W=5.0 accuracy=0.3942 prediction=0.8141 status=ok
nonliving26/3/FixMatch/features dis2_reference W=nan accuracy=0.3942 prediction=0.3054 status=ok
nonliving26/3/FixMatch/PCA1 iw_overlap_critic W=1.0 accuracy=0.3942 prediction=0.6982 status=ok
nonliving26/3/FixMatch/PCA1 iw_residual_dis2 W=1.0 accuracy=0.3942 prediction=0.7002 status=ok
nonliving26/3/FixMatch/PCA1 iw_overlap_critic W=2.0 accuracy=0.3942 prediction=0.8109 status=ok
nonliving26/3/FixMatch/PCA1 iw_residual_dis2 W=2.0 accuracy=0.3942 prediction=0.8109 status=ok
nonliving26/3/FixMatch/PCA1 iw_overlap_critic W=5.0 accuracy=0.3942 prediction=0.8109 status=ok
nonliving26/3/FixMatch/PCA1 iw_residual_dis2 W=5.0 accuracy=0.3942 prediction=0.8109 status=ok
nonliving26/3/FixMatch/PCA1 dis2_reference W=nan accuracy=0.3942 prediction=0.5362 status=ok
nonliving26/3/FixMatch/PCA4 iw_overlap_critic W=1.0 accuracy=0.3942 prediction=0.7773 status=ok
nonliving26/3/FixMatch/PCA4 iw_residual_dis2 W=1.0 accuracy=0.3942 prediction=0.7791 status=ok
nonliving26/3/FixMatch/PCA4 iw_overlap_critic W=2.0 accuracy=0.3942 prediction=0.8140 status=ok
nonliving26/3/FixMatch/PCA4 iw_residual_dis2 W=2.0 accuracy=0.3942 prediction=0.8140 status=ok
nonliving26/3/FixMatch/PCA4 iw_overlap_critic W=5.0 accuracy=0.3942 prediction=0.8140 status=ok
nonliving26/3/FixMatch/PCA4 iw_residual_dis2 W=5.0 accuracy=0.3942 prediction=0.8140 status=ok
nonliving26/3/FixMatch/PCA4 dis2_reference W=nan accuracy=0.3942 prediction=0.3485 status=ok
nonliving26/3/FixMatch/PCA16 iw_overlap_critic W=1.0 accuracy=0.3942 prediction=0.6828 status=ok
nonliving26/3/FixMatch/PCA16 iw_residual_dis2 W=1.0 accuracy=0.3942 prediction=0.7862 status=ok
nonliving26/3/FixMatch/PCA16 iw_overlap_critic W=2.0 accuracy=0.3942 prediction=0.8145 status=ok
nonliving26/3/FixMatch/PCA16 iw_residual_dis2 W=2.0 accuracy=0.3942 prediction=0.8145 status=ok
nonliving26/3/FixMatch/PCA16 iw_overlap_critic W=5.0 accuracy=0.3942 prediction=0.8145 status=ok
nonliving26/3/FixMatch/PCA16 iw_residual_dis2 W=5.0 accuracy=0.3942 prediction=0.8145 status=ok
nonliving26/3/FixMatch/PCA16 dis2_reference W=nan accuracy=0.3942 prediction=0.4104 status=ok
nonliving26/3/FixMatch/PCA32 iw_overlap_critic W=1.0 accuracy=0.3942 prediction=0.5929 status=ok
nonliving26/3/FixMatch/PCA32 iw_residual_dis2 W=1.0 accuracy=0.3942 prediction=0.7872 status=ok
nonliving26/3/FixMatch/PCA32 iw_overlap_critic W=2.0 accuracy=0.3942 prediction=0.8134 status=ok
nonliving26/3/FixMatch/PCA32 iw_residual_dis2 W=2.0 accuracy=0.3942 prediction=0.8134 status=ok
nonliving26/3/FixMatch/PCA32 iw_overlap_critic W=5.0 accuracy=0.3942 prediction=0.8134 status=ok
nonliving26/3/FixMatch/PCA32 iw_residual_dis2 W=5.0 accuracy=0.3942 prediction=0.8134 status=ok
nonliving26/3/FixMatch/PCA32 dis2_reference W=nan accuracy=0.3942 prediction=0.3976 status=ok
nonliving26/3/FixMatch/PCA64 iw_overlap_critic W=1.0 accuracy=0.3942 prediction=0.3472 status=ok
nonliving26/3/FixMatch/PCA64 iw_residual_dis2 W=1.0 accuracy=0.3942 prediction=0.7281 status=ok
nonliving26/3/FixMatch/PCA64 iw_overlap_critic W=2.0 accuracy=0.3942 prediction=0.8131 status=ok
nonliving26/3/FixMatch/PCA64 iw_residual_dis2 W=2.0 accuracy=0.3942 prediction=0.8131 status=ok
nonliving26/3/FixMatch/PCA64 iw_overlap_critic W=5.0 accuracy=0.3942 prediction=0.8131 status=ok
nonliving26/3/FixMatch/PCA64 iw_residual_dis2 W=5.0 accuracy=0.3942 prediction=0.8131 status=ok
nonliving26/3/FixMatch/PCA64 dis2_reference W=nan accuracy=0.3942 prediction=0.4754 status=ok
nonliving26/3/FixMatch/PCA128 iw_overlap_critic W=1.0 accuracy=0.3942 prediction=0.3220 status=ok
nonliving26/3/FixMatch/PCA128 iw_residual_dis2 W=1.0 accuracy=0.3942 prediction=0.6870 status=ok
nonliving26/3/FixMatch/PCA128 iw_overlap_critic W=2.0 accuracy=0.3942 prediction=0.8127 status=ok
nonliving26/3/FixMatch/PCA128 iw_residual_dis2 W=2.0 accuracy=0.3942 prediction=0.8127 status=ok
nonliving26/3/FixMatch/PCA128 iw_overlap_critic W=5.0 accuracy=0.3942 prediction=0.8127 status=ok
nonliving26/3/FixMatch/PCA128 iw_residual_dis2 W=5.0 accuracy=0.3942 prediction=0.8127 status=ok
nonliving26/3/FixMatch/PCA128 dis2_reference W=nan accuracy=0.3942 prediction=0.5262 status=ok
fmow/1/ERM-aug-imagenet/logits iw_overlap_critic W=1.0 accuracy=0.6760 prediction=0.4012 status=ok
fmow/1/ERM-aug-imagenet/logits iw_residual_dis2 W=1.0 accuracy=0.6760 prediction=0.7688 status=ok
fmow/1/ERM-aug-imagenet/logits iw_overlap_critic W=2.0 accuracy=0.6760 prediction=0.7718 status=ok
fmow/1/ERM-aug-imagenet/logits iw_residual_dis2 W=2.0 accuracy=0.6760 prediction=0.7891 status=ok
fmow/1/ERM-aug-imagenet/logits iw_overlap_critic W=5.0 accuracy=0.6760 prediction=0.7852 status=ok
fmow/1/ERM-aug-imagenet/logits iw_residual_dis2 W=5.0 accuracy=0.6760 prediction=0.7852 status=ok
fmow/1/ERM-aug-imagenet/logits dis2_reference W=nan accuracy=0.6760 prediction=0.6538 status=ok
fmow/1/ERM-aug-imagenet/features iw_overlap_critic W=1.0 accuracy=0.6760 prediction=0.4099 status=ok
/storage/homefs/tf24s166/IW_dis2/disagree_discrep_IW/src/lib/utils.py:43: FutureWarning: You are using `torch.load` with `weights_only=False` (the current default value), which uses the default pickle module implicitly. It is possible to construct malicious pickle data which will execute arbitrary code during unpickling (See https://github.com/pytorch/pytorch/blob/main/SECURITY.md#untrusted-models for more details). In a future release, the default value for `weights_only` will be flipped to `True`. This limits the functions that could be executed during unpickling. Arbitrary objects will no longer be allowed to be loaded via this mode unless they are explicitly allowlisted by the user via `torch.serialization.add_safe_globals`. We recommend you start setting `weights_only=True` for any use case where you don't have full control of the loaded file. Please open an issue on GitHub for any issues related to this experimental feature.
  lin.load_state_dict(torch.load(os.path.join(shift_dir, 'linear.pth'), map_location=device))
fmow/1/ERM-aug-imagenet/features iw_residual_dis2 W=1.0 accuracy=0.6760 prediction=0.7082 status=ok
fmow/1/ERM-aug-imagenet/features iw_overlap_critic W=2.0 accuracy=0.6760 prediction=0.7164 status=ok
fmow/1/ERM-aug-imagenet/features iw_residual_dis2 W=2.0 accuracy=0.6760 prediction=0.7737 status=ok
fmow/1/ERM-aug-imagenet/features iw_overlap_critic W=5.0 accuracy=0.6760 prediction=0.7757 status=ok
fmow/1/ERM-aug-imagenet/features iw_residual_dis2 W=5.0 accuracy=0.6760 prediction=nan status=unsupported_critic_region
fmow/1/ERM-aug-imagenet/features dis2_reference W=nan accuracy=0.6760 prediction=0.5942 status=ok
fmow/1/ERM-aug-imagenet/PCA1 iw_overlap_critic W=1.0 accuracy=0.6760 prediction=0.3910 status=ok
fmow/1/ERM-aug-imagenet/PCA1 iw_residual_dis2 W=1.0 accuracy=0.6760 prediction=0.7281 status=ok
fmow/1/ERM-aug-imagenet/PCA1 iw_overlap_critic W=2.0 accuracy=0.6760 prediction=0.7142 status=ok
fmow/1/ERM-aug-imagenet/PCA1 iw_residual_dis2 W=2.0 accuracy=0.6760 prediction=0.7730 status=ok
fmow/1/ERM-aug-imagenet/PCA1 iw_overlap_critic W=5.0 accuracy=0.6760 prediction=0.7769 status=ok
fmow/1/ERM-aug-imagenet/PCA1 iw_residual_dis2 W=5.0 accuracy=0.6760 prediction=nan status=unsupported_critic_region
fmow/1/ERM-aug-imagenet/PCA1 dis2_reference W=nan accuracy=0.6760 prediction=0.5953 status=ok
fmow/1/ERM-aug-imagenet/PCA4 iw_overlap_critic W=1.0 accuracy=0.6760 prediction=0.3604 status=ok
fmow/1/ERM-aug-imagenet/PCA4 iw_residual_dis2 W=1.0 accuracy=0.6760 prediction=0.7355 status=ok
fmow/1/ERM-aug-imagenet/PCA4 iw_overlap_critic W=2.0 accuracy=0.6760 prediction=0.7434 status=ok
fmow/1/ERM-aug-imagenet/PCA4 iw_residual_dis2 W=2.0 accuracy=0.6760 prediction=0.7825 status=ok
fmow/1/ERM-aug-imagenet/PCA4 iw_overlap_critic W=5.0 accuracy=0.6760 prediction=0.7844 status=ok
fmow/1/ERM-aug-imagenet/PCA4 iw_residual_dis2 W=5.0 accuracy=0.6760 prediction=nan status=unsupported_residual_source_region
fmow/1/ERM-aug-imagenet/PCA4 dis2_reference W=nan accuracy=0.6760 prediction=0.5918 status=ok
fmow/1/ERM-aug-imagenet/PCA16 iw_overlap_critic W=1.0 accuracy=0.6760 prediction=0.3857 status=ok
fmow/1/ERM-aug-imagenet/PCA16 iw_residual_dis2 W=1.0 accuracy=0.6760 prediction=0.7353 status=ok
fmow/1/ERM-aug-imagenet/PCA16 iw_overlap_critic W=2.0 accuracy=0.6760 prediction=0.7553 status=ok
fmow/1/ERM-aug-imagenet/PCA16 iw_residual_dis2 W=2.0 accuracy=0.6760 prediction=0.7896 status=ok
fmow/1/ERM-aug-imagenet/PCA16 iw_overlap_critic W=5.0 accuracy=0.6760 prediction=0.7886 status=ok
fmow/1/ERM-aug-imagenet/PCA16 iw_residual_dis2 W=5.0 accuracy=0.6760 prediction=0.7886 status=ok
fmow/1/ERM-aug-imagenet/PCA16 dis2_reference W=nan accuracy=0.6760 prediction=0.6043 status=ok
fmow/1/ERM-aug-imagenet/PCA32 iw_overlap_critic W=1.0 accuracy=0.6760 prediction=0.3857 status=ok
fmow/1/ERM-aug-imagenet/PCA32 iw_residual_dis2 W=1.0 accuracy=0.6760 prediction=0.7343 status=ok
fmow/1/ERM-aug-imagenet/PCA32 iw_overlap_critic W=2.0 accuracy=0.6760 prediction=0.7858 status=ok
fmow/1/ERM-aug-imagenet/PCA32 iw_residual_dis2 W=2.0 accuracy=0.6760 prediction=0.7924 status=ok
fmow/1/ERM-aug-imagenet/PCA32 iw_overlap_critic W=5.0 accuracy=0.6760 prediction=0.7879 status=ok
fmow/1/ERM-aug-imagenet/PCA32 iw_residual_dis2 W=5.0 accuracy=0.6760 prediction=0.7879 status=ok
fmow/1/ERM-aug-imagenet/PCA32 dis2_reference W=nan accuracy=0.6760 prediction=0.6222 status=ok
fmow/1/ERM-aug-imagenet/PCA64 iw_overlap_critic W=1.0 accuracy=0.6760 prediction=0.3825 status=ok
fmow/1/ERM-aug-imagenet/PCA64 iw_residual_dis2 W=1.0 accuracy=0.6760 prediction=0.7642 status=ok
fmow/1/ERM-aug-imagenet/PCA64 iw_overlap_critic W=2.0 accuracy=0.6760 prediction=0.7876 status=ok
fmow/1/ERM-aug-imagenet/PCA64 iw_residual_dis2 W=2.0 accuracy=0.6760 prediction=nan status=unsupported_critic_region
fmow/1/ERM-aug-imagenet/PCA64 iw_overlap_critic W=5.0 accuracy=0.6760 prediction=0.7880 status=ok
fmow/1/ERM-aug-imagenet/PCA64 iw_residual_dis2 W=5.0 accuracy=0.6760 prediction=0.7880 status=ok
fmow/1/ERM-aug-imagenet/PCA64 dis2_reference W=nan accuracy=0.6760 prediction=0.6893 status=ok
fmow/1/ERM-aug-imagenet/PCA128 iw_overlap_critic W=1.0 accuracy=0.6760 prediction=0.3812 status=ok
fmow/1/ERM-aug-imagenet/PCA128 iw_residual_dis2 W=1.0 accuracy=0.6760 prediction=0.7797 status=ok
fmow/1/ERM-aug-imagenet/PCA128 iw_overlap_critic W=2.0 accuracy=0.6760 prediction=0.7933 status=ok
fmow/1/ERM-aug-imagenet/PCA128 iw_residual_dis2 W=2.0 accuracy=0.6760 prediction=0.7933 status=ok
fmow/1/ERM-aug-imagenet/PCA128 iw_overlap_critic W=5.0 accuracy=0.6760 prediction=0.7933 status=ok
fmow/1/ERM-aug-imagenet/PCA128 iw_residual_dis2 W=5.0 accuracy=0.6760 prediction=0.7933 status=ok
fmow/1/ERM-aug-imagenet/PCA128 dis2_reference W=nan accuracy=0.6760 prediction=0.7134 status=ok
fmow/2/ERM-aug-imagenet/logits iw_overlap_critic W=1.0 accuracy=0.5967 prediction=0.4143 status=ok
fmow/2/ERM-aug-imagenet/logits iw_residual_dis2 W=1.0 accuracy=0.5967 prediction=0.7478 status=ok
fmow/2/ERM-aug-imagenet/logits iw_overlap_critic W=2.0 accuracy=0.5967 prediction=0.7363 status=ok
fmow/2/ERM-aug-imagenet/logits iw_residual_dis2 W=2.0 accuracy=0.5967 prediction=0.7805 status=ok
fmow/2/ERM-aug-imagenet/logits iw_overlap_critic W=5.0 accuracy=0.5967 prediction=0.7785 status=ok
fmow/2/ERM-aug-imagenet/logits iw_residual_dis2 W=5.0 accuracy=0.5967 prediction=nan status=unsupported_residual_source_region
fmow/2/ERM-aug-imagenet/logits dis2_reference W=nan accuracy=0.5967 prediction=0.6228 status=ok
fmow/2/ERM-aug-imagenet/features iw_overlap_critic W=1.0 accuracy=0.5967 prediction=0.4025 status=ok
fmow/2/ERM-aug-imagenet/features iw_residual_dis2 W=1.0 accuracy=0.5967 prediction=0.6858 status=ok
fmow/2/ERM-aug-imagenet/features iw_overlap_critic W=2.0 accuracy=0.5967 prediction=0.6254 status=ok
fmow/2/ERM-aug-imagenet/features iw_residual_dis2 W=2.0 accuracy=0.5967 prediction=0.7603 status=ok
fmow/2/ERM-aug-imagenet/features iw_overlap_critic W=5.0 accuracy=0.5967 prediction=0.7492 status=ok
fmow/2/ERM-aug-imagenet/features iw_residual_dis2 W=5.0 accuracy=0.5967 prediction=0.7655 status=ok
fmow/2/ERM-aug-imagenet/features dis2_reference W=nan accuracy=0.5967 prediction=0.5360 status=ok
fmow/2/ERM-aug-imagenet/PCA1 iw_overlap_critic W=1.0 accuracy=0.5967 prediction=0.3751 status=ok
fmow/2/ERM-aug-imagenet/PCA1 iw_residual_dis2 W=1.0 accuracy=0.5967 prediction=0.6951 status=ok
fmow/2/ERM-aug-imagenet/PCA1 iw_overlap_critic W=2.0 accuracy=0.5967 prediction=0.6075 status=ok
fmow/2/ERM-aug-imagenet/PCA1 iw_residual_dis2 W=2.0 accuracy=0.5967 prediction=0.7613 status=ok
fmow/2/ERM-aug-imagenet/PCA1 iw_overlap_critic W=5.0 accuracy=0.5967 prediction=0.7506 status=ok
fmow/2/ERM-aug-imagenet/PCA1 iw_residual_dis2 W=5.0 accuracy=0.5967 prediction=0.7614 status=ok
fmow/2/ERM-aug-imagenet/PCA1 dis2_reference W=nan accuracy=0.5967 prediction=0.5327 status=ok
fmow/2/ERM-aug-imagenet/PCA4 iw_overlap_critic W=1.0 accuracy=0.5967 prediction=0.3673 status=ok
fmow/2/ERM-aug-imagenet/PCA4 iw_residual_dis2 W=1.0 accuracy=0.5967 prediction=0.7153 status=ok
fmow/2/ERM-aug-imagenet/PCA4 iw_overlap_critic W=2.0 accuracy=0.5967 prediction=0.6581 status=ok
fmow/2/ERM-aug-imagenet/PCA4 iw_residual_dis2 W=2.0 accuracy=0.5967 prediction=0.7672 status=ok
fmow/2/ERM-aug-imagenet/PCA4 iw_overlap_critic W=5.0 accuracy=0.5967 prediction=0.7616 status=ok
fmow/2/ERM-aug-imagenet/PCA4 iw_residual_dis2 W=5.0 accuracy=0.5967 prediction=0.7707 status=ok
fmow/2/ERM-aug-imagenet/PCA4 dis2_reference W=nan accuracy=0.5967 prediction=0.5495 status=ok
fmow/2/ERM-aug-imagenet/PCA16 iw_overlap_critic W=1.0 accuracy=0.5967 prediction=0.3928 status=ok
fmow/2/ERM-aug-imagenet/PCA16 iw_residual_dis2 W=1.0 accuracy=0.5967 prediction=0.7102 status=ok
fmow/2/ERM-aug-imagenet/PCA16 iw_overlap_critic W=2.0 accuracy=0.5967 prediction=0.7130 status=ok
fmow/2/ERM-aug-imagenet/PCA16 iw_residual_dis2 W=2.0 accuracy=0.5967 prediction=0.7756 status=ok
fmow/2/ERM-aug-imagenet/PCA16 iw_overlap_critic W=5.0 accuracy=0.5967 prediction=0.7815 status=ok
fmow/2/ERM-aug-imagenet/PCA16 iw_residual_dis2 W=5.0 accuracy=0.5967 prediction=0.7824 status=ok
/storage/homefs/tf24s166/IW_dis2/disagree_discrep_IW/src/lib/utils.py:43: FutureWarning: You are using `torch.load` with `weights_only=False` (the current default value), which uses the default pickle module implicitly. It is possible to construct malicious pickle data which will execute arbitrary code during unpickling (See https://github.com/pytorch/pytorch/blob/main/SECURITY.md#untrusted-models for more details). In a future release, the default value for `weights_only` will be flipped to `True`. This limits the functions that could be executed during unpickling. Arbitrary objects will no longer be allowed to be loaded via this mode unless they are explicitly allowlisted by the user via `torch.serialization.add_safe_globals`. We recommend you start setting `weights_only=True` for any use case where you don't have full control of the loaded file. Please open an issue on GitHub for any issues related to this experimental feature.
  lin.load_state_dict(torch.load(os.path.join(shift_dir, 'linear.pth'), map_location=device))
/storage/homefs/tf24s166/IW_dis2/disagree_discrep_IW/src/lib/utils.py:43: FutureWarning: You are using `torch.load` with `weights_only=False` (the current default value), which uses the default pickle module implicitly. It is possible to construct malicious pickle data which will execute arbitrary code during unpickling (See https://github.com/pytorch/pytorch/blob/main/SECURITY.md#untrusted-models for more details). In a future release, the default value for `weights_only` will be flipped to `True`. This limits the functions that could be executed during unpickling. Arbitrary objects will no longer be allowed to be loaded via this mode unless they are explicitly allowlisted by the user via `torch.serialization.add_safe_globals`. We recommend you start setting `weights_only=True` for any use case where you don't have full control of the loaded file. Please open an issue on GitHub for any issues related to this experimental feature.
  lin.load_state_dict(torch.load(os.path.join(shift_dir, 'linear.pth'), map_location=device))
fmow/2/ERM-aug-imagenet/PCA16 dis2_reference W=nan accuracy=0.5967 prediction=0.5601 status=ok
fmow/2/ERM-aug-imagenet/PCA32 iw_overlap_critic W=1.0 accuracy=0.5967 prediction=0.3971 status=ok
fmow/2/ERM-aug-imagenet/PCA32 iw_residual_dis2 W=1.0 accuracy=0.5967 prediction=0.7272 status=ok
fmow/2/ERM-aug-imagenet/PCA32 iw_overlap_critic W=2.0 accuracy=0.5967 prediction=0.7309 status=ok
fmow/2/ERM-aug-imagenet/PCA32 iw_residual_dis2 W=2.0 accuracy=0.5967 prediction=0.7798 status=ok
fmow/2/ERM-aug-imagenet/PCA32 iw_overlap_critic W=5.0 accuracy=0.5967 prediction=0.7810 status=ok
fmow/2/ERM-aug-imagenet/PCA32 iw_residual_dis2 W=5.0 accuracy=0.5967 prediction=nan status=unsupported_critic_region
fmow/2/ERM-aug-imagenet/PCA32 dis2_reference W=nan accuracy=0.5967 prediction=0.6004 status=ok
fmow/2/ERM-aug-imagenet/PCA64 iw_overlap_critic W=1.0 accuracy=0.5967 prediction=0.3852 status=ok
fmow/2/ERM-aug-imagenet/PCA64 iw_residual_dis2 W=1.0 accuracy=0.5967 prediction=0.7558 status=ok
fmow/2/ERM-aug-imagenet/PCA64 iw_overlap_critic W=2.0 accuracy=0.5967 prediction=0.7554 status=ok
fmow/2/ERM-aug-imagenet/PCA64 iw_residual_dis2 W=2.0 accuracy=0.5967 prediction=0.7769 status=ok
fmow/2/ERM-aug-imagenet/PCA64 iw_overlap_critic W=5.0 accuracy=0.5967 prediction=0.7789 status=ok
fmow/2/ERM-aug-imagenet/PCA64 iw_residual_dis2 W=5.0 accuracy=0.5967 prediction=0.7789 status=ok
fmow/2/ERM-aug-imagenet/PCA64 dis2_reference W=nan accuracy=0.5967 prediction=0.6332 status=ok
fmow/2/ERM-aug-imagenet/PCA128 iw_overlap_critic W=1.0 accuracy=0.5967 prediction=0.3674 status=ok
fmow/2/ERM-aug-imagenet/PCA128 iw_residual_dis2 W=1.0 accuracy=0.5967 prediction=0.7715 status=ok
fmow/2/ERM-aug-imagenet/PCA128 iw_overlap_critic W=2.0 accuracy=0.5967 prediction=0.7804 status=ok
fmow/2/ERM-aug-imagenet/PCA128 iw_residual_dis2 W=2.0 accuracy=0.5967 prediction=0.7843 status=ok
fmow/2/ERM-aug-imagenet/PCA128 iw_overlap_critic W=5.0 accuracy=0.5967 prediction=0.7834 status=ok
fmow/2/ERM-aug-imagenet/PCA128 iw_residual_dis2 W=5.0 accuracy=0.5967 prediction=0.7834 status=ok
fmow/2/ERM-aug-imagenet/PCA128 dis2_reference W=nan accuracy=0.5967 prediction=0.6951 status=ok
Missing features: fmow/ERM-aug-rand/1; skipping.
Missing features: fmow/ERM-aug-rand/2; skipping.
fmow/1/BN_adapt/logits iw_overlap_critic W=1.0 accuracy=0.6439 prediction=0.3917 status=ok
fmow/1/BN_adapt/logits iw_residual_dis2 W=1.0 accuracy=0.6439 prediction=0.7397 status=ok
fmow/1/BN_adapt/logits iw_overlap_critic W=2.0 accuracy=0.6439 prediction=0.7490 status=ok
fmow/1/BN_adapt/logits iw_residual_dis2 W=2.0 accuracy=0.6439 prediction=0.7683 status=ok
fmow/1/BN_adapt/logits iw_overlap_critic W=5.0 accuracy=0.6439 prediction=nan status=unsupported_critic_region
fmow/1/BN_adapt/logits iw_residual_dis2 W=5.0 accuracy=0.6439 prediction=nan status=unsupported_residual_source_region
fmow/1/BN_adapt/logits dis2_reference W=nan accuracy=0.6439 prediction=0.6451 status=ok
fmow/1/BN_adapt/features iw_overlap_critic W=1.0 accuracy=0.6439 prediction=0.3829 status=ok
fmow/1/BN_adapt/features iw_residual_dis2 W=1.0 accuracy=0.6439 prediction=0.6965 status=ok
fmow/1/BN_adapt/features iw_overlap_critic W=2.0 accuracy=0.6439 prediction=0.6998 status=ok
fmow/1/BN_adapt/features iw_residual_dis2 W=2.0 accuracy=0.6439 prediction=0.7498 status=ok
fmow/1/BN_adapt/features iw_overlap_critic W=5.0 accuracy=0.6439 prediction=0.7558 status=ok
fmow/1/BN_adapt/features iw_residual_dis2 W=5.0 accuracy=0.6439 prediction=0.7564 status=ok
fmow/1/BN_adapt/features dis2_reference W=nan accuracy=0.6439 prediction=0.5726 status=ok
fmow/1/BN_adapt/PCA1 iw_overlap_critic W=1.0 accuracy=0.6439 prediction=0.3775 status=ok
fmow/1/BN_adapt/PCA1 iw_residual_dis2 W=1.0 accuracy=0.6439 prediction=0.6983 status=ok
fmow/1/BN_adapt/PCA1 iw_overlap_critic W=2.0 accuracy=0.6439 prediction=0.6986 status=ok
fmow/1/BN_adapt/PCA1 iw_residual_dis2 W=2.0 accuracy=0.6439 prediction=0.7577 status=ok
fmow/1/BN_adapt/PCA1 iw_overlap_critic W=5.0 accuracy=0.6439 prediction=0.7554 status=ok
fmow/1/BN_adapt/PCA1 iw_residual_dis2 W=5.0 accuracy=0.6439 prediction=0.7564 status=ok
fmow/1/BN_adapt/PCA1 dis2_reference W=nan accuracy=0.6439 prediction=0.5800 status=ok
fmow/1/BN_adapt/PCA4 iw_overlap_critic W=1.0 accuracy=0.6439 prediction=0.3557 status=ok
fmow/1/BN_adapt/PCA4 iw_residual_dis2 W=1.0 accuracy=0.6439 prediction=0.7199 status=ok
fmow/1/BN_adapt/PCA4 iw_overlap_critic W=2.0 accuracy=0.6439 prediction=0.7255 status=ok
fmow/1/BN_adapt/PCA4 iw_residual_dis2 W=2.0 accuracy=0.6439 prediction=0.7641 status=ok
fmow/1/BN_adapt/PCA4 iw_overlap_critic W=5.0 accuracy=0.6439 prediction=0.7617 status=ok
fmow/1/BN_adapt/PCA4 iw_residual_dis2 W=5.0 accuracy=0.6439 prediction=0.7617 status=ok
fmow/1/BN_adapt/PCA4 dis2_reference W=nan accuracy=0.6439 prediction=0.5881 status=ok
fmow/1/BN_adapt/PCA16 iw_overlap_critic W=1.0 accuracy=0.6439 prediction=0.3744 status=ok
fmow/1/BN_adapt/PCA16 iw_residual_dis2 W=1.0 accuracy=0.6439 prediction=0.7035 status=ok
fmow/1/BN_adapt/PCA16 iw_overlap_critic W=2.0 accuracy=0.6439 prediction=0.7407 status=ok
fmow/1/BN_adapt/PCA16 iw_residual_dis2 W=2.0 accuracy=0.6439 prediction=0.7674 status=ok
fmow/1/BN_adapt/PCA16 iw_overlap_critic W=5.0 accuracy=0.6439 prediction=0.7637 status=ok
fmow/1/BN_adapt/PCA16 iw_residual_dis2 W=5.0 accuracy=0.6439 prediction=0.7637 status=ok
fmow/1/BN_adapt/PCA16 dis2_reference W=nan accuracy=0.6439 prediction=0.5812 status=ok
fmow/1/BN_adapt/PCA32 iw_overlap_critic W=1.0 accuracy=0.6439 prediction=0.3739 status=ok
fmow/1/BN_adapt/PCA32 iw_residual_dis2 W=1.0 accuracy=0.6439 prediction=0.7286 status=ok
fmow/1/BN_adapt/PCA32 iw_overlap_critic W=2.0 accuracy=0.6439 prediction=0.7676 status=ok
fmow/1/BN_adapt/PCA32 iw_residual_dis2 W=2.0 accuracy=0.6439 prediction=0.7695 status=ok
fmow/1/BN_adapt/PCA32 iw_overlap_critic W=5.0 accuracy=0.6439 prediction=0.7681 status=ok
fmow/1/BN_adapt/PCA32 iw_residual_dis2 W=5.0 accuracy=0.6439 prediction=0.7681 status=ok
fmow/1/BN_adapt/PCA32 dis2_reference W=nan accuracy=0.6439 prediction=0.6007 status=ok
fmow/1/BN_adapt/PCA64 iw_overlap_critic W=1.0 accuracy=0.6439 prediction=0.3586 status=ok
fmow/1/BN_adapt/PCA64 iw_residual_dis2 W=1.0 accuracy=0.6439 prediction=0.7379 status=ok
fmow/1/BN_adapt/PCA64 iw_overlap_critic W=2.0 accuracy=0.6439 prediction=0.7635 status=ok
fmow/1/BN_adapt/PCA64 iw_residual_dis2 W=2.0 accuracy=0.6439 prediction=0.7653 status=ok
fmow/1/BN_adapt/PCA64 iw_overlap_critic W=5.0 accuracy=0.6439 prediction=0.7653 status=ok
fmow/1/BN_adapt/PCA64 iw_residual_dis2 W=5.0 accuracy=0.6439 prediction=0.7653 status=ok
fmow/1/BN_adapt/PCA64 dis2_reference W=nan accuracy=0.6439 prediction=0.6395 status=ok
fmow/1/BN_adapt/PCA128 iw_overlap_critic W=1.0 accuracy=0.6439 prediction=0.3320 status=ok
fmow/1/BN_adapt/PCA128 iw_residual_dis2 W=1.0 accuracy=0.6439 prediction=0.7733 status=ok
fmow/1/BN_adapt/PCA128 iw_overlap_critic W=2.0 accuracy=0.6439 prediction=0.7699 status=ok
fmow/1/BN_adapt/PCA128 iw_residual_dis2 W=2.0 accuracy=0.6439 prediction=0.7699 status=ok
fmow/1/BN_adapt/PCA128 iw_overlap_critic W=5.0 accuracy=0.6439 prediction=0.7699 status=ok
fmow/1/BN_adapt/PCA128 iw_residual_dis2 W=5.0 accuracy=0.6439 prediction=0.7699 status=ok
fmow/1/BN_adapt/PCA128 dis2_reference W=nan accuracy=0.6439 prediction=0.6774 status=ok
fmow/2/BN_adapt/logits iw_overlap_critic W=1.0 accuracy=0.5662 prediction=0.4156 status=ok
fmow/2/BN_adapt/logits iw_residual_dis2 W=1.0 accuracy=0.5662 prediction=0.7337 status=ok
fmow/2/BN_adapt/logits iw_overlap_critic W=2.0 accuracy=0.5662 prediction=0.7033 status=ok
fmow/2/BN_adapt/logits iw_residual_dis2 W=2.0 accuracy=0.5662 prediction=0.7530 status=ok
fmow/2/BN_adapt/logits iw_overlap_critic W=5.0 accuracy=0.5662 prediction=0.7506 status=ok
fmow/2/BN_adapt/logits iw_residual_dis2 W=5.0 accuracy=0.5662 prediction=nan status=unsupported_residual_source_region
fmow/2/BN_adapt/logits dis2_reference W=nan accuracy=0.5662 prediction=0.6017 status=ok
fmow/2/BN_adapt/features iw_overlap_critic W=1.0 accuracy=0.5662 prediction=0.4116 status=ok
fmow/2/BN_adapt/features iw_residual_dis2 W=1.0 accuracy=0.5662 prediction=0.6640 status=ok
/storage/homefs/tf24s166/IW_dis2/disagree_discrep_IW/src/lib/utils.py:43: FutureWarning: You are using `torch.load` with `weights_only=False` (the current default value), which uses the default pickle module implicitly. It is possible to construct malicious pickle data which will execute arbitrary code during unpickling (See https://github.com/pytorch/pytorch/blob/main/SECURITY.md#untrusted-models for more details). In a future release, the default value for `weights_only` will be flipped to `True`. This limits the functions that could be executed during unpickling. Arbitrary objects will no longer be allowed to be loaded via this mode unless they are explicitly allowlisted by the user via `torch.serialization.add_safe_globals`. We recommend you start setting `weights_only=True` for any use case where you don't have full control of the loaded file. Please open an issue on GitHub for any issues related to this experimental feature.
  lin.load_state_dict(torch.load(os.path.join(shift_dir, 'linear.pth'), map_location=device))
/storage/homefs/tf24s166/IW_dis2/disagree_discrep_IW/src/eval/iw_hybrid.py:51: UserWarning: torch.linalg.svd: During SVD computation with the selected cusolver driver, batches 0 failed to converge. A more accurate method will be used to compute the SVD as a fallback. Check doc at https://pytorch.org/docs/stable/generated/torch.linalg.svd.html (Triggered internally at /opt/conda/conda-bld/pytorch_1729647382455/work/aten/src/ATen/native/cuda/linalg/BatchLinearAlgebraLib.cpp:697.)
  _, _, vt = torch.linalg.svd(source[train_indices], full_matrices=False)
fmow/2/BN_adapt/features iw_overlap_critic W=2.0 accuracy=0.5662 prediction=0.6083 status=ok
fmow/2/BN_adapt/features iw_residual_dis2 W=2.0 accuracy=0.5662 prediction=0.7232 status=ok
fmow/2/BN_adapt/features iw_overlap_critic W=5.0 accuracy=0.5662 prediction=0.7280 status=ok
fmow/2/BN_adapt/features iw_residual_dis2 W=5.0 accuracy=0.5662 prediction=0.7430 status=ok
fmow/2/BN_adapt/features dis2_reference W=nan accuracy=0.5662 prediction=0.5317 status=ok
fmow/2/BN_adapt/PCA1 iw_overlap_critic W=1.0 accuracy=0.5662 prediction=0.3978 status=ok
fmow/2/BN_adapt/PCA1 iw_residual_dis2 W=1.0 accuracy=0.5662 prediction=0.6660 status=ok
fmow/2/BN_adapt/PCA1 iw_overlap_critic W=2.0 accuracy=0.5662 prediction=0.6009 status=ok
fmow/2/BN_adapt/PCA1 iw_residual_dis2 W=2.0 accuracy=0.5662 prediction=0.7144 status=ok
fmow/2/BN_adapt/PCA1 iw_overlap_critic W=5.0 accuracy=0.5662 prediction=0.7271 status=ok
fmow/2/BN_adapt/PCA1 iw_residual_dis2 W=5.0 accuracy=0.5662 prediction=0.7431 status=ok
fmow/2/BN_adapt/PCA1 dis2_reference W=nan accuracy=0.5662 prediction=0.5214 status=ok
fmow/2/BN_adapt/PCA4 iw_overlap_critic W=1.0 accuracy=0.5662 prediction=0.3452 status=ok
fmow/2/BN_adapt/PCA4 iw_residual_dis2 W=1.0 accuracy=0.5662 prediction=0.6912 status=ok
fmow/2/BN_adapt/PCA4 iw_overlap_critic W=2.0 accuracy=0.5662 prediction=0.6482 status=ok
fmow/2/BN_adapt/PCA4 iw_residual_dis2 W=2.0 accuracy=0.5662 prediction=0.7411 status=ok
fmow/2/BN_adapt/PCA4 iw_overlap_critic W=5.0 accuracy=0.5662 prediction=0.7429 status=ok
fmow/2/BN_adapt/PCA4 iw_residual_dis2 W=5.0 accuracy=0.5662 prediction=0.7441 status=ok
fmow/2/BN_adapt/PCA4 dis2_reference W=nan accuracy=0.5662 prediction=0.5284 status=ok
fmow/2/BN_adapt/PCA16 iw_overlap_critic W=1.0 accuracy=0.5662 prediction=0.3744 status=ok
fmow/2/BN_adapt/PCA16 iw_residual_dis2 W=1.0 accuracy=0.5662 prediction=0.6951 status=ok
fmow/2/BN_adapt/PCA16 iw_overlap_critic W=2.0 accuracy=0.5662 prediction=0.6947 status=ok
fmow/2/BN_adapt/PCA16 iw_residual_dis2 W=2.0 accuracy=0.5662 prediction=0.7563 status=ok
fmow/2/BN_adapt/PCA16 iw_overlap_critic W=5.0 accuracy=0.5662 prediction=0.7553 status=ok
fmow/2/BN_adapt/PCA16 iw_residual_dis2 W=5.0 accuracy=0.5662 prediction=nan status=unsupported_residual_source_region
fmow/2/BN_adapt/PCA16 dis2_reference W=nan accuracy=0.5662 prediction=0.5478 status=ok
fmow/2/BN_adapt/PCA32 iw_overlap_critic W=1.0 accuracy=0.5662 prediction=0.3826 status=ok
fmow/2/BN_adapt/PCA32 iw_residual_dis2 W=1.0 accuracy=0.5662 prediction=0.7003 status=ok
fmow/2/BN_adapt/PCA32 iw_overlap_critic W=2.0 accuracy=0.5662 prediction=0.7008 status=ok
fmow/2/BN_adapt/PCA32 iw_residual_dis2 W=2.0 accuracy=0.5662 prediction=0.7486 status=ok
fmow/2/BN_adapt/PCA32 iw_overlap_critic W=5.0 accuracy=0.5662 prediction=0.7570 status=ok
fmow/2/BN_adapt/PCA32 iw_residual_dis2 W=5.0 accuracy=0.5662 prediction=nan status=unsupported_residual_source_region
fmow/2/BN_adapt/PCA32 dis2_reference W=nan accuracy=0.5662 prediction=0.5868 status=ok
fmow/2/BN_adapt/PCA64 iw_overlap_critic W=1.0 accuracy=0.5662 prediction=0.3699 status=ok
fmow/2/BN_adapt/PCA64 iw_residual_dis2 W=1.0 accuracy=0.5662 prediction=0.7279 status=ok
fmow/2/BN_adapt/PCA64 iw_overlap_critic W=2.0 accuracy=0.5662 prediction=0.7297 status=ok
fmow/2/BN_adapt/PCA64 iw_residual_dis2 W=2.0 accuracy=0.5662 prediction=0.7577 status=ok
fmow/2/BN_adapt/PCA64 iw_overlap_critic W=5.0 accuracy=0.5662 prediction=0.7543 status=ok
fmow/2/BN_adapt/PCA64 iw_residual_dis2 W=5.0 accuracy=0.5662 prediction=0.7543 status=ok
fmow/2/BN_adapt/PCA64 dis2_reference W=nan accuracy=0.5662 prediction=0.6258 status=ok
fmow/2/BN_adapt/PCA128 iw_overlap_critic W=1.0 accuracy=0.5662 prediction=0.3412 status=ok
fmow/2/BN_adapt/PCA128 iw_residual_dis2 W=1.0 accuracy=0.5662 prediction=0.7574 status=ok
fmow/2/BN_adapt/PCA128 iw_overlap_critic W=2.0 accuracy=0.5662 prediction=0.7392 status=ok
fmow/2/BN_adapt/PCA128 iw_residual_dis2 W=2.0 accuracy=0.5662 prediction=0.7565 status=ok
fmow/2/BN_adapt/PCA128 iw_overlap_critic W=5.0 accuracy=0.5662 prediction=0.7528 status=ok
fmow/2/BN_adapt/PCA128 iw_residual_dis2 W=5.0 accuracy=0.5662 prediction=0.7528 status=ok
fmow/2/BN_adapt/PCA128 dis2_reference W=nan accuracy=0.5662 prediction=0.6524 status=ok
fmow/1/DANN/logits iw_overlap_critic W=1.0 accuracy=0.6103 prediction=0.3224 status=ok
fmow/1/DANN/logits iw_residual_dis2 W=1.0 accuracy=0.6103 prediction=0.6151 status=ok
fmow/1/DANN/logits iw_overlap_critic W=2.0 accuracy=0.6103 prediction=nan status=unsupported_critic_region
fmow/1/DANN/logits iw_residual_dis2 W=2.0 accuracy=0.6103 prediction=nan status=unsupported_residual_source_region
fmow/1/DANN/logits iw_overlap_critic W=5.0 accuracy=0.6103 prediction=0.6523 status=ok
fmow/1/DANN/logits iw_residual_dis2 W=5.0 accuracy=0.6103 prediction=0.6523 status=ok
fmow/1/DANN/logits dis2_reference W=nan accuracy=0.6103 prediction=0.5399 status=ok
fmow/1/DANN/features iw_overlap_critic W=1.0 accuracy=0.6103 prediction=0.3402 status=ok
fmow/1/DANN/features iw_residual_dis2 W=1.0 accuracy=0.6103 prediction=0.5977 status=ok
fmow/1/DANN/features iw_overlap_critic W=2.0 accuracy=0.6103 prediction=0.6163 status=ok
fmow/1/DANN/features iw_residual_dis2 W=2.0 accuracy=0.6103 prediction=0.6381 status=ok
fmow/1/DANN/features iw_overlap_critic W=5.0 accuracy=0.6103 prediction=nan status=unsupported_critic_region
fmow/1/DANN/features iw_residual_dis2 W=5.0 accuracy=0.6103 prediction=nan status=unsupported_critic_region
fmow/1/DANN/features dis2_reference W=nan accuracy=0.6103 prediction=0.4961 status=ok
fmow/1/DANN/PCA1 iw_overlap_critic W=1.0 accuracy=0.6103 prediction=0.3474 status=ok
fmow/1/DANN/PCA1 iw_residual_dis2 W=1.0 accuracy=0.6103 prediction=0.6070 status=ok
fmow/1/DANN/PCA1 iw_overlap_critic W=2.0 accuracy=0.6103 prediction=0.6177 status=ok
fmow/1/DANN/PCA1 iw_residual_dis2 W=2.0 accuracy=0.6103 prediction=0.6368 status=ok
fmow/1/DANN/PCA1 iw_overlap_critic W=5.0 accuracy=0.6103 prediction=nan status=unsupported_critic_region
fmow/1/DANN/PCA1 iw_residual_dis2 W=5.0 accuracy=0.6103 prediction=nan status=unsupported_critic_region
fmow/1/DANN/PCA1 dis2_reference W=nan accuracy=0.6103 prediction=0.5055 status=ok
fmow/1/DANN/PCA4 iw_overlap_critic W=1.0 accuracy=0.6103 prediction=0.3254 status=ok
fmow/1/DANN/PCA4 iw_residual_dis2 W=1.0 accuracy=0.6103 prediction=0.6063 status=ok
fmow/1/DANN/PCA4 iw_overlap_critic W=2.0 accuracy=0.6103 prediction=nan status=unsupported_critic_region
fmow/1/DANN/PCA4 iw_residual_dis2 W=2.0 accuracy=0.6103 prediction=nan status=unsupported_residual_source_region
fmow/1/DANN/PCA4 iw_overlap_critic W=5.0 accuracy=0.6103 prediction=0.6436 status=ok
fmow/1/DANN/PCA4 iw_residual_dis2 W=5.0 accuracy=0.6103 prediction=0.6436 status=ok
fmow/1/DANN/PCA4 dis2_reference W=nan accuracy=0.6103 prediction=0.5126 status=ok
fmow/1/DANN/PCA16 iw_overlap_critic W=1.0 accuracy=0.6103 prediction=0.3161 status=ok
fmow/1/DANN/PCA16 iw_residual_dis2 W=1.0 accuracy=0.6103 prediction=0.6110 status=ok
fmow/1/DANN/PCA16 iw_overlap_critic W=2.0 accuracy=0.6103 prediction=nan status=unsupported_critic_region
fmow/1/DANN/PCA16 iw_residual_dis2 W=2.0 accuracy=0.6103 prediction=nan status=unsupported_residual_source_region
fmow/1/DANN/PCA16 iw_overlap_critic W=5.0 accuracy=0.6103 prediction=0.6461 status=ok
fmow/1/DANN/PCA16 iw_residual_dis2 W=5.0 accuracy=0.6103 prediction=0.6461 status=ok
fmow/1/DANN/PCA16 dis2_reference W=nan accuracy=0.6103 prediction=0.5043 status=ok
fmow/1/DANN/PCA32 iw_overlap_critic W=1.0 accuracy=0.6103 prediction=0.3207 status=ok
fmow/1/DANN/PCA32 iw_residual_dis2 W=1.0 accuracy=0.6103 prediction=0.6161 status=ok
fmow/1/DANN/PCA32 iw_overlap_critic W=2.0 accuracy=0.6103 prediction=nan status=unsupported_critic_region
fmow/1/DANN/PCA32 iw_residual_dis2 W=2.0 accuracy=0.6103 prediction=nan status=unsupported_residual_source_region
fmow/1/DANN/PCA32 iw_overlap_critic W=5.0 accuracy=0.6103 prediction=0.6507 status=ok
fmow/1/DANN/PCA32 iw_residual_dis2 W=5.0 accuracy=0.6103 prediction=0.6507 status=ok
fmow/1/DANN/PCA32 dis2_reference W=nan accuracy=0.6103 prediction=0.5177 status=ok
/storage/homefs/tf24s166/IW_dis2/disagree_discrep_IW/src/lib/utils.py:43: FutureWarning: You are using `torch.load` with `weights_only=False` (the current default value), which uses the default pickle module implicitly. It is possible to construct malicious pickle data which will execute arbitrary code during unpickling (See https://github.com/pytorch/pytorch/blob/main/SECURITY.md#untrusted-models for more details). In a future release, the default value for `weights_only` will be flipped to `True`. This limits the functions that could be executed during unpickling. Arbitrary objects will no longer be allowed to be loaded via this mode unless they are explicitly allowlisted by the user via `torch.serialization.add_safe_globals`. We recommend you start setting `weights_only=True` for any use case where you don't have full control of the loaded file. Please open an issue on GitHub for any issues related to this experimental feature.
  lin.load_state_dict(torch.load(os.path.join(shift_dir, 'linear.pth'), map_location=device))
/storage/homefs/tf24s166/IW_dis2/disagree_discrep_IW/src/lib/utils.py:43: FutureWarning: You are using `torch.load` with `weights_only=False` (the current default value), which uses the default pickle module implicitly. It is possible to construct malicious pickle data which will execute arbitrary code during unpickling (See https://github.com/pytorch/pytorch/blob/main/SECURITY.md#untrusted-models for more details). In a future release, the default value for `weights_only` will be flipped to `True`. This limits the functions that could be executed during unpickling. Arbitrary objects will no longer be allowed to be loaded via this mode unless they are explicitly allowlisted by the user via `torch.serialization.add_safe_globals`. We recommend you start setting `weights_only=True` for any use case where you don't have full control of the loaded file. Please open an issue on GitHub for any issues related to this experimental feature.
  lin.load_state_dict(torch.load(os.path.join(shift_dir, 'linear.pth'), map_location=device))
fmow/1/DANN/PCA64 iw_overlap_critic W=1.0 accuracy=0.6103 prediction=0.2878 status=ok
fmow/1/DANN/PCA64 iw_residual_dis2 W=1.0 accuracy=0.6103 prediction=0.6345 status=ok
fmow/1/DANN/PCA64 iw_overlap_critic W=2.0 accuracy=0.6103 prediction=nan status=unsupported_critic_region
fmow/1/DANN/PCA64 iw_residual_dis2 W=2.0 accuracy=0.6103 prediction=nan status=unsupported_residual_source_region
fmow/1/DANN/PCA64 iw_overlap_critic W=5.0 accuracy=0.6103 prediction=0.6531 status=ok
fmow/1/DANN/PCA64 iw_residual_dis2 W=5.0 accuracy=0.6103 prediction=0.6531 status=ok
fmow/1/DANN/PCA64 dis2_reference W=nan accuracy=0.6103 prediction=0.5501 status=ok
fmow/1/DANN/PCA128 iw_overlap_critic W=1.0 accuracy=0.6103 prediction=0.2489 status=ok
fmow/1/DANN/PCA128 iw_residual_dis2 W=1.0 accuracy=0.6103 prediction=0.6548 status=ok
fmow/1/DANN/PCA128 iw_overlap_critic W=2.0 accuracy=0.6103 prediction=nan status=unsupported_critic_region
fmow/1/DANN/PCA128 iw_residual_dis2 W=2.0 accuracy=0.6103 prediction=nan status=unsupported_residual_source_region
fmow/1/DANN/PCA128 iw_overlap_critic W=5.0 accuracy=0.6103 prediction=0.6555 status=ok
fmow/1/DANN/PCA128 iw_residual_dis2 W=5.0 accuracy=0.6103 prediction=0.6555 status=ok
fmow/1/DANN/PCA128 dis2_reference W=nan accuracy=0.6103 prediction=0.5558 status=ok
fmow/2/DANN/logits iw_overlap_critic W=1.0 accuracy=0.5483 prediction=0.3645 status=ok
fmow/2/DANN/logits iw_residual_dis2 W=1.0 accuracy=0.5483 prediction=0.6050 status=ok
fmow/2/DANN/logits iw_overlap_critic W=2.0 accuracy=0.5483 prediction=0.6287 status=ok
fmow/2/DANN/logits iw_residual_dis2 W=2.0 accuracy=0.5483 prediction=0.6327 status=ok
fmow/2/DANN/logits iw_overlap_critic W=5.0 accuracy=0.5483 prediction=0.6327 status=ok
fmow/2/DANN/logits iw_residual_dis2 W=5.0 accuracy=0.5483 prediction=0.6327 status=ok
fmow/2/DANN/logits dis2_reference W=nan accuracy=0.5483 prediction=0.5251 status=ok
fmow/2/DANN/features iw_overlap_critic W=1.0 accuracy=0.5483 prediction=0.3576 status=ok
fmow/2/DANN/features iw_residual_dis2 W=1.0 accuracy=0.5483 prediction=0.5727 status=ok
fmow/2/DANN/features iw_overlap_critic W=2.0 accuracy=0.5483 prediction=0.5763 status=ok
fmow/2/DANN/features iw_residual_dis2 W=2.0 accuracy=0.5483 prediction=0.6197 status=ok
fmow/2/DANN/features iw_overlap_critic W=5.0 accuracy=0.5483 prediction=0.6240 status=ok
fmow/2/DANN/features iw_residual_dis2 W=5.0 accuracy=0.5483 prediction=0.6243 status=ok
fmow/2/DANN/features dis2_reference W=nan accuracy=0.5483 prediction=0.4827 status=ok
fmow/2/DANN/PCA1 iw_overlap_critic W=1.0 accuracy=0.5483 prediction=0.3238 status=ok
fmow/2/DANN/PCA1 iw_residual_dis2 W=1.0 accuracy=0.5483 prediction=0.5858 status=ok
fmow/2/DANN/PCA1 iw_overlap_critic W=2.0 accuracy=0.5483 prediction=0.5570 status=ok
fmow/2/DANN/PCA1 iw_residual_dis2 W=2.0 accuracy=0.5483 prediction=0.6153 status=ok
fmow/2/DANN/PCA1 iw_overlap_critic W=5.0 accuracy=0.5483 prediction=0.6199 status=ok
fmow/2/DANN/PCA1 iw_residual_dis2 W=5.0 accuracy=0.5483 prediction=0.6212 status=ok
fmow/2/DANN/PCA1 dis2_reference W=nan accuracy=0.5483 prediction=0.4787 status=ok
fmow/2/DANN/PCA4 iw_overlap_critic W=1.0 accuracy=0.5483 prediction=0.3283 status=ok
fmow/2/DANN/PCA4 iw_residual_dis2 W=1.0 accuracy=0.5483 prediction=0.5938 status=ok
fmow/2/DANN/PCA4 iw_overlap_critic W=2.0 accuracy=0.5483 prediction=0.6284 status=ok
fmow/2/DANN/PCA4 iw_residual_dis2 W=2.0 accuracy=0.5483 prediction=0.6289 status=ok
fmow/2/DANN/PCA4 iw_overlap_critic W=5.0 accuracy=0.5483 prediction=0.6285 status=ok
fmow/2/DANN/PCA4 iw_residual_dis2 W=5.0 accuracy=0.5483 prediction=0.6285 status=ok
fmow/2/DANN/PCA4 dis2_reference W=nan accuracy=0.5483 prediction=0.4780 status=ok
fmow/2/DANN/PCA16 iw_overlap_critic W=1.0 accuracy=0.5483 prediction=0.3491 status=ok
fmow/2/DANN/PCA16 iw_residual_dis2 W=1.0 accuracy=0.5483 prediction=0.6089 status=ok
fmow/2/DANN/PCA16 iw_overlap_critic W=2.0 accuracy=0.5483 prediction=0.6241 status=ok
fmow/2/DANN/PCA16 iw_residual_dis2 W=2.0 accuracy=0.5483 prediction=0.6260 status=ok
fmow/2/DANN/PCA16 iw_overlap_critic W=5.0 accuracy=0.5483 prediction=0.6276 status=ok
fmow/2/DANN/PCA16 iw_residual_dis2 W=5.0 accuracy=0.5483 prediction=0.6276 status=ok
fmow/2/DANN/PCA16 dis2_reference W=nan accuracy=0.5483 prediction=0.4953 status=ok
fmow/2/DANN/PCA32 iw_overlap_critic W=1.0 accuracy=0.5483 prediction=0.3493 status=ok
fmow/2/DANN/PCA32 iw_residual_dis2 W=1.0 accuracy=0.5483 prediction=0.6093 status=ok
fmow/2/DANN/PCA32 iw_overlap_critic W=2.0 accuracy=0.5483 prediction=0.6178 status=ok
fmow/2/DANN/PCA32 iw_residual_dis2 W=2.0 accuracy=0.5483 prediction=0.6275 status=ok
fmow/2/DANN/PCA32 iw_overlap_critic W=5.0 accuracy=0.5483 prediction=0.6270 status=ok
fmow/2/DANN/PCA32 iw_residual_dis2 W=5.0 accuracy=0.5483 prediction=0.6270 status=ok
fmow/2/DANN/PCA32 dis2_reference W=nan accuracy=0.5483 prediction=0.5146 status=ok
fmow/2/DANN/PCA64 iw_overlap_critic W=1.0 accuracy=0.5483 prediction=0.3315 status=ok
fmow/2/DANN/PCA64 iw_residual_dis2 W=1.0 accuracy=0.5483 prediction=0.6168 status=ok
fmow/2/DANN/PCA64 iw_overlap_critic W=2.0 accuracy=0.5483 prediction=0.6216 status=ok
fmow/2/DANN/PCA64 iw_residual_dis2 W=2.0 accuracy=0.5483 prediction=0.6313 status=ok
fmow/2/DANN/PCA64 iw_overlap_critic W=5.0 accuracy=0.5483 prediction=0.6324 status=ok
fmow/2/DANN/PCA64 iw_residual_dis2 W=5.0 accuracy=0.5483 prediction=0.6324 status=ok
fmow/2/DANN/PCA64 dis2_reference W=nan accuracy=0.5483 prediction=0.5293 status=ok
fmow/2/DANN/PCA128 iw_overlap_critic W=1.0 accuracy=0.5483 prediction=0.3093 status=ok
fmow/2/DANN/PCA128 iw_residual_dis2 W=1.0 accuracy=0.5483 prediction=0.6189 status=ok
fmow/2/DANN/PCA128 iw_overlap_critic W=2.0 accuracy=0.5483 prediction=0.6326 status=ok
fmow/2/DANN/PCA128 iw_residual_dis2 W=2.0 accuracy=0.5483 prediction=0.6372 status=ok
fmow/2/DANN/PCA128 iw_overlap_critic W=5.0 accuracy=0.5483 prediction=0.6373 status=ok
fmow/2/DANN/PCA128 iw_residual_dis2 W=5.0 accuracy=0.5483 prediction=0.6373 status=ok
fmow/2/DANN/PCA128 dis2_reference W=nan accuracy=0.5483 prediction=0.5477 status=ok
fmow/1/CDANN/logits iw_overlap_critic W=1.0 accuracy=0.6056 prediction=0.3151 status=ok
fmow/1/CDANN/logits iw_residual_dis2 W=1.0 accuracy=0.6056 prediction=0.6307 status=ok
fmow/1/CDANN/logits iw_overlap_critic W=2.0 accuracy=0.6056 prediction=0.6574 status=ok
fmow/1/CDANN/logits iw_residual_dis2 W=2.0 accuracy=0.6056 prediction=0.6574 status=ok
fmow/1/CDANN/logits iw_overlap_critic W=5.0 accuracy=0.6056 prediction=0.6574 status=ok
fmow/1/CDANN/logits iw_residual_dis2 W=5.0 accuracy=0.6056 prediction=0.6574 status=ok
fmow/1/CDANN/logits dis2_reference W=nan accuracy=0.6056 prediction=0.5639 status=ok
fmow/1/CDANN/features iw_overlap_critic W=1.0 accuracy=0.6056 prediction=0.3523 status=ok
fmow/1/CDANN/features iw_residual_dis2 W=1.0 accuracy=0.6056 prediction=0.6107 status=ok
fmow/1/CDANN/features iw_overlap_critic W=2.0 accuracy=0.6056 prediction=0.6553 status=ok
fmow/1/CDANN/features iw_residual_dis2 W=2.0 accuracy=0.6056 prediction=0.6591 status=ok
fmow/1/CDANN/features iw_overlap_critic W=5.0 accuracy=0.6056 prediction=0.6590 status=ok
fmow/1/CDANN/features iw_residual_dis2 W=5.0 accuracy=0.6056 prediction=0.6590 status=ok
fmow/1/CDANN/features dis2_reference W=nan accuracy=0.6056 prediction=0.5080 status=ok
fmow/1/CDANN/PCA1 iw_overlap_critic W=1.0 accuracy=0.6056 prediction=0.3410 status=ok
fmow/1/CDANN/PCA1 iw_residual_dis2 W=1.0 accuracy=0.6056 prediction=0.5940 status=ok
fmow/1/CDANN/PCA1 iw_overlap_critic W=2.0 accuracy=0.6056 prediction=0.6519 status=ok
fmow/1/CDANN/PCA1 iw_residual_dis2 W=2.0 accuracy=0.6056 prediction=0.6576 status=ok
fmow/1/CDANN/PCA1 iw_overlap_critic W=5.0 accuracy=0.6056 prediction=0.6568 status=ok
fmow/1/CDANN/PCA1 iw_residual_dis2 W=5.0 accuracy=0.6056 prediction=0.6568 status=ok
fmow/1/CDANN/PCA1 dis2_reference W=nan accuracy=0.6056 prediction=0.5164 status=ok
fmow/1/CDANN/PCA4 iw_overlap_critic W=1.0 accuracy=0.6056 prediction=0.3168 status=ok
fmow/1/CDANN/PCA4 iw_residual_dis2 W=1.0 accuracy=0.6056 prediction=0.6146 status=ok
/storage/homefs/tf24s166/IW_dis2/disagree_discrep_IW/src/lib/utils.py:43: FutureWarning: You are using `torch.load` with `weights_only=False` (the current default value), which uses the default pickle module implicitly. It is possible to construct malicious pickle data which will execute arbitrary code during unpickling (See https://github.com/pytorch/pytorch/blob/main/SECURITY.md#untrusted-models for more details). In a future release, the default value for `weights_only` will be flipped to `True`. This limits the functions that could be executed during unpickling. Arbitrary objects will no longer be allowed to be loaded via this mode unless they are explicitly allowlisted by the user via `torch.serialization.add_safe_globals`. We recommend you start setting `weights_only=True` for any use case where you don't have full control of the loaded file. Please open an issue on GitHub for any issues related to this experimental feature.
  lin.load_state_dict(torch.load(os.path.join(shift_dir, 'linear.pth'), map_location=device))
/storage/homefs/tf24s166/IW_dis2/disagree_discrep_IW/src/lib/utils.py:43: FutureWarning: You are using `torch.load` with `weights_only=False` (the current default value), which uses the default pickle module implicitly. It is possible to construct malicious pickle data which will execute arbitrary code during unpickling (See https://github.com/pytorch/pytorch/blob/main/SECURITY.md#untrusted-models for more details). In a future release, the default value for `weights_only` will be flipped to `True`. This limits the functions that could be executed during unpickling. Arbitrary objects will no longer be allowed to be loaded via this mode unless they are explicitly allowlisted by the user via `torch.serialization.add_safe_globals`. We recommend you start setting `weights_only=True` for any use case where you don't have full control of the loaded file. Please open an issue on GitHub for any issues related to this experimental feature.
  lin.load_state_dict(torch.load(os.path.join(shift_dir, 'linear.pth'), map_location=device))
fmow/1/CDANN/PCA4 iw_overlap_critic W=2.0 accuracy=0.6056 prediction=nan status=unsupported_critic_region
fmow/1/CDANN/PCA4 iw_residual_dis2 W=2.0 accuracy=0.6056 prediction=nan status=unsupported_residual_source_region
fmow/1/CDANN/PCA4 iw_overlap_critic W=5.0 accuracy=0.6056 prediction=0.6618 status=ok
fmow/1/CDANN/PCA4 iw_residual_dis2 W=5.0 accuracy=0.6056 prediction=0.6618 status=ok
fmow/1/CDANN/PCA4 dis2_reference W=nan accuracy=0.6056 prediction=0.5265 status=ok
fmow/1/CDANN/PCA16 iw_overlap_critic W=1.0 accuracy=0.6056 prediction=0.2939 status=ok
fmow/1/CDANN/PCA16 iw_residual_dis2 W=1.0 accuracy=0.6056 prediction=0.6452 status=ok
fmow/1/CDANN/PCA16 iw_overlap_critic W=2.0 accuracy=0.6056 prediction=0.6602 status=ok
fmow/1/CDANN/PCA16 iw_residual_dis2 W=2.0 accuracy=0.6056 prediction=0.6602 status=ok
fmow/1/CDANN/PCA16 iw_overlap_critic W=5.0 accuracy=0.6056 prediction=0.6602 status=ok
fmow/1/CDANN/PCA16 iw_residual_dis2 W=5.0 accuracy=0.6056 prediction=0.6602 status=ok
fmow/1/CDANN/PCA16 dis2_reference W=nan accuracy=0.6056 prediction=0.5551 status=ok
fmow/1/CDANN/PCA32 iw_overlap_critic W=1.0 accuracy=0.6056 prediction=0.2624 status=ok
fmow/1/CDANN/PCA32 iw_residual_dis2 W=1.0 accuracy=0.6056 prediction=0.6593 status=ok
fmow/1/CDANN/PCA32 iw_overlap_critic W=2.0 accuracy=0.6056 prediction=0.6608 status=ok
fmow/1/CDANN/PCA32 iw_residual_dis2 W=2.0 accuracy=0.6056 prediction=0.6608 status=ok
fmow/1/CDANN/PCA32 iw_overlap_critic W=5.0 accuracy=0.6056 prediction=0.6608 status=ok
fmow/1/CDANN/PCA32 iw_residual_dis2 W=5.0 accuracy=0.6056 prediction=0.6608 status=ok
fmow/1/CDANN/PCA32 dis2_reference W=nan accuracy=0.6056 prediction=0.5731 status=ok
fmow/1/CDANN/PCA64 iw_overlap_critic W=1.0 accuracy=0.6056 prediction=0.3039 status=ok
fmow/1/CDANN/PCA64 iw_residual_dis2 W=1.0 accuracy=0.6056 prediction=0.6409 status=ok
fmow/1/CDANN/PCA64 iw_overlap_critic W=2.0 accuracy=0.6056 prediction=0.6558 status=ok
fmow/1/CDANN/PCA64 iw_residual_dis2 W=2.0 accuracy=0.6056 prediction=0.6558 status=ok
fmow/1/CDANN/PCA64 iw_overlap_critic W=5.0 accuracy=0.6056 prediction=0.6558 status=ok
fmow/1/CDANN/PCA64 iw_residual_dis2 W=5.0 accuracy=0.6056 prediction=0.6558 status=ok
fmow/1/CDANN/PCA64 dis2_reference W=nan accuracy=0.6056 prediction=0.5835 status=ok
fmow/1/CDANN/PCA128 iw_overlap_critic W=1.0 accuracy=0.6056 prediction=0.3061 status=ok
fmow/1/CDANN/PCA128 iw_residual_dis2 W=1.0 accuracy=0.6056 prediction=0.6437 status=ok
fmow/1/CDANN/PCA128 iw_overlap_critic W=2.0 accuracy=0.6056 prediction=0.6560 status=ok
fmow/1/CDANN/PCA128 iw_residual_dis2 W=2.0 accuracy=0.6056 prediction=0.6560 status=ok
fmow/1/CDANN/PCA128 iw_overlap_critic W=5.0 accuracy=0.6056 prediction=0.6560 status=ok
fmow/1/CDANN/PCA128 iw_residual_dis2 W=5.0 accuracy=0.6056 prediction=0.6560 status=ok
fmow/1/CDANN/PCA128 dis2_reference W=nan accuracy=0.6056 prediction=0.5829 status=ok
fmow/2/CDANN/logits iw_overlap_critic W=1.0 accuracy=0.5421 prediction=0.3472 status=ok
fmow/2/CDANN/logits iw_residual_dis2 W=1.0 accuracy=0.5421 prediction=0.6015 status=ok
fmow/2/CDANN/logits iw_overlap_critic W=2.0 accuracy=0.5421 prediction=0.6472 status=ok
fmow/2/CDANN/logits iw_residual_dis2 W=2.0 accuracy=0.5421 prediction=nan status=unsupported_critic_region
fmow/2/CDANN/logits iw_overlap_critic W=5.0 accuracy=0.5421 prediction=0.6477 status=ok
fmow/2/CDANN/logits iw_residual_dis2 W=5.0 accuracy=0.5421 prediction=0.6477 status=ok
fmow/2/CDANN/logits dis2_reference W=nan accuracy=0.5421 prediction=0.5164 status=ok
fmow/2/CDANN/features iw_overlap_critic W=1.0 accuracy=0.5421 prediction=0.3754 status=ok
fmow/2/CDANN/features iw_residual_dis2 W=1.0 accuracy=0.5421 prediction=0.6238 status=ok
fmow/2/CDANN/features iw_overlap_critic W=2.0 accuracy=0.5421 prediction=0.6104 status=ok
fmow/2/CDANN/features iw_residual_dis2 W=2.0 accuracy=0.5421 prediction=0.6469 status=ok
fmow/2/CDANN/features iw_overlap_critic W=5.0 accuracy=0.5421 prediction=0.6486 status=ok
fmow/2/CDANN/features iw_residual_dis2 W=5.0 accuracy=0.5421 prediction=0.6486 status=ok
fmow/2/CDANN/features dis2_reference W=nan accuracy=0.5421 prediction=0.4904 status=ok
fmow/2/CDANN/PCA1 iw_overlap_critic W=1.0 accuracy=0.5421 prediction=0.3596 status=ok
fmow/2/CDANN/PCA1 iw_residual_dis2 W=1.0 accuracy=0.5421 prediction=0.6037 status=ok
fmow/2/CDANN/PCA1 iw_overlap_critic W=2.0 accuracy=0.5421 prediction=0.6018 status=ok
fmow/2/CDANN/PCA1 iw_residual_dis2 W=2.0 accuracy=0.5421 prediction=0.6458 status=ok
fmow/2/CDANN/PCA1 iw_overlap_critic W=5.0 accuracy=0.5421 prediction=0.6495 status=ok
fmow/2/CDANN/PCA1 iw_residual_dis2 W=5.0 accuracy=0.5421 prediction=nan status=unsupported_residual_source_region
fmow/2/CDANN/PCA1 dis2_reference W=nan accuracy=0.5421 prediction=0.4907 status=ok
fmow/2/CDANN/PCA4 iw_overlap_critic W=1.0 accuracy=0.5421 prediction=0.3481 status=ok
fmow/2/CDANN/PCA4 iw_residual_dis2 W=1.0 accuracy=0.5421 prediction=0.6049 status=ok
fmow/2/CDANN/PCA4 iw_overlap_critic W=2.0 accuracy=0.5421 prediction=0.6451 status=ok
fmow/2/CDANN/PCA4 iw_residual_dis2 W=2.0 accuracy=0.5421 prediction=nan status=unsupported_critic_region
fmow/2/CDANN/PCA4 iw_overlap_critic W=5.0 accuracy=0.5421 prediction=0.6452 status=ok
fmow/2/CDANN/PCA4 iw_residual_dis2 W=5.0 accuracy=0.5421 prediction=0.6452 status=ok
fmow/2/CDANN/PCA4 dis2_reference W=nan accuracy=0.5421 prediction=0.4900 status=ok
fmow/2/CDANN/PCA16 iw_overlap_critic W=1.0 accuracy=0.5421 prediction=0.3316 status=ok
fmow/2/CDANN/PCA16 iw_residual_dis2 W=1.0 accuracy=0.5421 prediction=0.6107 status=ok
fmow/2/CDANN/PCA16 iw_overlap_critic W=2.0 accuracy=0.5421 prediction=0.6452 status=ok
fmow/2/CDANN/PCA16 iw_residual_dis2 W=2.0 accuracy=0.5421 prediction=0.6462 status=ok
fmow/2/CDANN/PCA16 iw_overlap_critic W=5.0 accuracy=0.5421 prediction=0.6462 status=ok
fmow/2/CDANN/PCA16 iw_residual_dis2 W=5.0 accuracy=0.5421 prediction=0.6462 status=ok
fmow/2/CDANN/PCA16 dis2_reference W=nan accuracy=0.5421 prediction=0.5345 status=ok
fmow/2/CDANN/PCA32 iw_overlap_critic W=1.0 accuracy=0.5421 prediction=0.3329 status=ok
fmow/2/CDANN/PCA32 iw_residual_dis2 W=1.0 accuracy=0.5421 prediction=0.6350 status=ok
fmow/2/CDANN/PCA32 iw_overlap_critic W=2.0 accuracy=0.5421 prediction=0.6461 status=ok
fmow/2/CDANN/PCA32 iw_residual_dis2 W=2.0 accuracy=0.5421 prediction=0.6477 status=ok
fmow/2/CDANN/PCA32 iw_overlap_critic W=5.0 accuracy=0.5421 prediction=0.6472 status=ok
fmow/2/CDANN/PCA32 iw_residual_dis2 W=5.0 accuracy=0.5421 prediction=0.6472 status=ok
fmow/2/CDANN/PCA32 dis2_reference W=nan accuracy=0.5421 prediction=0.5486 status=ok
fmow/2/CDANN/PCA64 iw_overlap_critic W=1.0 accuracy=0.5421 prediction=0.3339 status=ok
fmow/2/CDANN/PCA64 iw_residual_dis2 W=1.0 accuracy=0.5421 prediction=0.6315 status=ok
fmow/2/CDANN/PCA64 iw_overlap_critic W=2.0 accuracy=0.5421 prediction=0.6441 status=ok
fmow/2/CDANN/PCA64 iw_residual_dis2 W=2.0 accuracy=0.5421 prediction=0.6447 status=ok
fmow/2/CDANN/PCA64 iw_overlap_critic W=5.0 accuracy=0.5421 prediction=0.6440 status=ok
fmow/2/CDANN/PCA64 iw_residual_dis2 W=5.0 accuracy=0.5421 prediction=0.6440 status=ok
fmow/2/CDANN/PCA64 dis2_reference W=nan accuracy=0.5421 prediction=0.5808 status=ok
fmow/2/CDANN/PCA128 iw_overlap_critic W=1.0 accuracy=0.5421 prediction=0.3284 status=ok
fmow/2/CDANN/PCA128 iw_residual_dis2 W=1.0 accuracy=0.5421 prediction=0.6332 status=ok
fmow/2/CDANN/PCA128 iw_overlap_critic W=2.0 accuracy=0.5421 prediction=0.6460 status=ok
fmow/2/CDANN/PCA128 iw_residual_dis2 W=2.0 accuracy=0.5421 prediction=nan status=unsupported_residual_source_region
fmow/2/CDANN/PCA128 iw_overlap_critic W=5.0 accuracy=0.5421 prediction=0.6462 status=ok
fmow/2/CDANN/PCA128 iw_residual_dis2 W=5.0 accuracy=0.5421 prediction=0.6462 status=ok
fmow/2/CDANN/PCA128 dis2_reference W=nan accuracy=0.5421 prediction=0.5784 status=ok
fmow/1/FixMatch/logits iw_overlap_critic W=1.0 accuracy=0.6735 prediction=0.3789 status=ok
fmow/1/FixMatch/logits iw_residual_dis2 W=1.0 accuracy=0.6735 prediction=0.7766 status=ok
fmow/1/FixMatch/logits iw_overlap_critic W=2.0 accuracy=0.6735 prediction=0.7795 status=ok
fmow/1/FixMatch/logits iw_residual_dis2 W=2.0 accuracy=0.6735 prediction=0.7923 status=ok
fmow/1/FixMatch/logits iw_overlap_critic W=5.0 accuracy=0.6735 prediction=0.7913 status=ok
/storage/homefs/tf24s166/IW_dis2/disagree_discrep_IW/src/lib/utils.py:43: FutureWarning: You are using `torch.load` with `weights_only=False` (the current default value), which uses the default pickle module implicitly. It is possible to construct malicious pickle data which will execute arbitrary code during unpickling (See https://github.com/pytorch/pytorch/blob/main/SECURITY.md#untrusted-models for more details). In a future release, the default value for `weights_only` will be flipped to `True`. This limits the functions that could be executed during unpickling. Arbitrary objects will no longer be allowed to be loaded via this mode unless they are explicitly allowlisted by the user via `torch.serialization.add_safe_globals`. We recommend you start setting `weights_only=True` for any use case where you don't have full control of the loaded file. Please open an issue on GitHub for any issues related to this experimental feature.
  lin.load_state_dict(torch.load(os.path.join(shift_dir, 'linear.pth'), map_location=device))
fmow/1/FixMatch/logits iw_residual_dis2 W=5.0 accuracy=0.6735 prediction=0.7913 status=ok
fmow/1/FixMatch/logits dis2_reference W=nan accuracy=0.6735 prediction=0.6569 status=ok
fmow/1/FixMatch/features iw_overlap_critic W=1.0 accuracy=0.6735 prediction=0.3972 status=ok
fmow/1/FixMatch/features iw_residual_dis2 W=1.0 accuracy=0.6735 prediction=0.7128 status=ok
fmow/1/FixMatch/features iw_overlap_critic W=2.0 accuracy=0.6735 prediction=0.7096 status=ok
fmow/1/FixMatch/features iw_residual_dis2 W=2.0 accuracy=0.6735 prediction=0.7563 status=ok
fmow/1/FixMatch/features iw_overlap_critic W=5.0 accuracy=0.6735 prediction=0.7731 status=ok
fmow/1/FixMatch/features iw_residual_dis2 W=5.0 accuracy=0.6735 prediction=nan status=unsupported_residual_source_region
fmow/1/FixMatch/features dis2_reference W=nan accuracy=0.6735 prediction=0.5887 status=ok
fmow/1/FixMatch/PCA1 iw_overlap_critic W=1.0 accuracy=0.6735 prediction=0.4022 status=ok
fmow/1/FixMatch/PCA1 iw_residual_dis2 W=1.0 accuracy=0.6735 prediction=0.7105 status=ok
fmow/1/FixMatch/PCA1 iw_overlap_critic W=2.0 accuracy=0.6735 prediction=0.7193 status=ok
fmow/1/FixMatch/PCA1 iw_residual_dis2 W=2.0 accuracy=0.6735 prediction=0.7711 status=ok
fmow/1/FixMatch/PCA1 iw_overlap_critic W=5.0 accuracy=0.6735 prediction=0.7729 status=ok
fmow/1/FixMatch/PCA1 iw_residual_dis2 W=5.0 accuracy=0.6735 prediction=nan status=unsupported_residual_source_region
fmow/1/FixMatch/PCA1 dis2_reference W=nan accuracy=0.6735 prediction=0.6066 status=ok
fmow/1/FixMatch/PCA4 iw_overlap_critic W=1.0 accuracy=0.6735 prediction=0.3621 status=ok
fmow/1/FixMatch/PCA4 iw_residual_dis2 W=1.0 accuracy=0.6735 prediction=0.7353 status=ok
fmow/1/FixMatch/PCA4 iw_overlap_critic W=2.0 accuracy=0.6735 prediction=0.7359 status=ok
fmow/1/FixMatch/PCA4 iw_residual_dis2 W=2.0 accuracy=0.6735 prediction=0.7837 status=ok
fmow/1/FixMatch/PCA4 iw_overlap_critic W=5.0 accuracy=0.6735 prediction=0.7818 status=ok
fmow/1/FixMatch/PCA4 iw_residual_dis2 W=5.0 accuracy=0.6735 prediction=nan status=unsupported_critic_region
fmow/1/FixMatch/PCA4 dis2_reference W=nan accuracy=0.6735 prediction=0.5971 status=ok
fmow/1/FixMatch/PCA16 iw_overlap_critic W=1.0 accuracy=0.6735 prediction=0.3822 status=ok
fmow/1/FixMatch/PCA16 iw_residual_dis2 W=1.0 accuracy=0.6735 prediction=0.7327 status=ok
fmow/1/FixMatch/PCA16 iw_overlap_critic W=2.0 accuracy=0.6735 prediction=0.7705 status=ok
fmow/1/FixMatch/PCA16 iw_residual_dis2 W=2.0 accuracy=0.6735 prediction=0.7868 status=ok
fmow/1/FixMatch/PCA16 iw_overlap_critic W=5.0 accuracy=0.6735 prediction=0.7896 status=ok
fmow/1/FixMatch/PCA16 iw_residual_dis2 W=5.0 accuracy=0.6735 prediction=0.7896 status=ok
fmow/1/FixMatch/PCA16 dis2_reference W=nan accuracy=0.6735 prediction=0.6150 status=ok
fmow/1/FixMatch/PCA32 iw_overlap_critic W=1.0 accuracy=0.6735 prediction=0.3720 status=ok
fmow/1/FixMatch/PCA32 iw_residual_dis2 W=1.0 accuracy=0.6735 prediction=0.7474 status=ok
fmow/1/FixMatch/PCA32 iw_overlap_critic W=2.0 accuracy=0.6735 prediction=0.7813 status=ok
fmow/1/FixMatch/PCA32 iw_residual_dis2 W=2.0 accuracy=0.6735 prediction=0.7908 status=ok
fmow/1/FixMatch/PCA32 iw_overlap_critic W=5.0 accuracy=0.6735 prediction=0.7904 status=ok
fmow/1/FixMatch/PCA32 iw_residual_dis2 W=5.0 accuracy=0.6735 prediction=0.7904 status=ok
fmow/1/FixMatch/PCA32 dis2_reference W=nan accuracy=0.6735 prediction=0.6320 status=ok
fmow/1/FixMatch/PCA64 iw_overlap_critic W=1.0 accuracy=0.6735 prediction=0.3520 status=ok
fmow/1/FixMatch/PCA64 iw_residual_dis2 W=1.0 accuracy=0.6735 prediction=0.7655 status=ok
fmow/1/FixMatch/PCA64 iw_overlap_critic W=2.0 accuracy=0.6735 prediction=0.7857 status=ok
fmow/1/FixMatch/PCA64 iw_residual_dis2 W=2.0 accuracy=0.6735 prediction=0.7914 status=ok
fmow/1/FixMatch/PCA64 iw_overlap_critic W=5.0 accuracy=0.6735 prediction=0.7905 status=ok
fmow/1/FixMatch/PCA64 iw_residual_dis2 W=5.0 accuracy=0.6735 prediction=0.7905 status=ok
fmow/1/FixMatch/PCA64 dis2_reference W=nan accuracy=0.6735 prediction=0.6764 status=ok
fmow/1/FixMatch/PCA128 iw_overlap_critic W=1.0 accuracy=0.6735 prediction=0.3153 status=ok
fmow/1/FixMatch/PCA128 iw_residual_dis2 W=1.0 accuracy=0.6735 prediction=0.7873 status=ok
fmow/1/FixMatch/PCA128 iw_overlap_critic W=2.0 accuracy=0.6735 prediction=nan status=unsupported_critic_region
fmow/1/FixMatch/PCA128 iw_residual_dis2 W=2.0 accuracy=0.6735 prediction=nan status=unsupported_residual_source_region
fmow/1/FixMatch/PCA128 iw_overlap_critic W=5.0 accuracy=0.6735 prediction=0.7934 status=ok
fmow/1/FixMatch/PCA128 iw_residual_dis2 W=5.0 accuracy=0.6735 prediction=0.7934 status=ok
fmow/1/FixMatch/PCA128 dis2_reference W=nan accuracy=0.6735 prediction=0.7027 status=ok
fmow/2/FixMatch/logits iw_overlap_critic W=1.0 accuracy=0.6054 prediction=0.4022 status=ok
fmow/2/FixMatch/logits iw_residual_dis2 W=1.0 accuracy=0.6054 prediction=0.7166 status=ok
fmow/2/FixMatch/logits iw_overlap_critic W=2.0 accuracy=0.6054 prediction=0.7568 status=ok
fmow/2/FixMatch/logits iw_residual_dis2 W=2.0 accuracy=0.6054 prediction=0.7885 status=ok
fmow/2/FixMatch/logits iw_overlap_critic W=5.0 accuracy=0.6054 prediction=nan status=unsupported_critic_region
fmow/2/FixMatch/logits iw_residual_dis2 W=5.0 accuracy=0.6054 prediction=nan status=unsupported_residual_source_region
fmow/2/FixMatch/logits dis2_reference W=nan accuracy=0.6054 prediction=0.6303 status=ok
fmow/2/FixMatch/features iw_overlap_critic W=1.0 accuracy=0.6054 prediction=0.4572 status=ok
fmow/2/FixMatch/features iw_residual_dis2 W=1.0 accuracy=0.6054 prediction=0.6847 status=ok
fmow/2/FixMatch/features iw_overlap_critic W=2.0 accuracy=0.6054 prediction=0.6218 status=ok
fmow/2/FixMatch/features iw_residual_dis2 W=2.0 accuracy=0.6054 prediction=0.7351 status=ok
fmow/2/FixMatch/features iw_overlap_critic W=5.0 accuracy=0.6054 prediction=0.7381 status=ok
fmow/2/FixMatch/features iw_residual_dis2 W=5.0 accuracy=0.6054 prediction=0.7497 status=ok
fmow/2/FixMatch/features dis2_reference W=nan accuracy=0.6054 prediction=0.5447 status=ok
fmow/2/FixMatch/PCA1 iw_overlap_critic W=1.0 accuracy=0.6054 prediction=0.4064 status=ok
fmow/2/FixMatch/PCA1 iw_residual_dis2 W=1.0 accuracy=0.6054 prediction=0.6862 status=ok
fmow/2/FixMatch/PCA1 iw_overlap_critic W=2.0 accuracy=0.6054 prediction=0.6077 status=ok
fmow/2/FixMatch/PCA1 iw_residual_dis2 W=2.0 accuracy=0.6054 prediction=0.7342 status=ok
fmow/2/FixMatch/PCA1 iw_overlap_critic W=5.0 accuracy=0.6054 prediction=0.7423 status=ok
fmow/2/FixMatch/PCA1 iw_residual_dis2 W=5.0 accuracy=0.6054 prediction=0.7502 status=ok
fmow/2/FixMatch/PCA1 dis2_reference W=nan accuracy=0.6054 prediction=0.5251 status=ok
fmow/2/FixMatch/PCA4 iw_overlap_critic W=1.0 accuracy=0.6054 prediction=0.3481 status=ok
fmow/2/FixMatch/PCA4 iw_residual_dis2 W=1.0 accuracy=0.6054 prediction=0.7185 status=ok
fmow/2/FixMatch/PCA4 iw_overlap_critic W=2.0 accuracy=0.6054 prediction=0.6573 status=ok
fmow/2/FixMatch/PCA4 iw_residual_dis2 W=2.0 accuracy=0.6054 prediction=0.7497 status=ok
fmow/2/FixMatch/PCA4 iw_overlap_critic W=5.0 accuracy=0.6054 prediction=0.7690 status=ok
fmow/2/FixMatch/PCA4 iw_residual_dis2 W=5.0 accuracy=0.6054 prediction=0.7699 status=ok
fmow/2/FixMatch/PCA4 dis2_reference W=nan accuracy=0.6054 prediction=0.5396 status=ok
fmow/2/FixMatch/PCA16 iw_overlap_critic W=1.0 accuracy=0.6054 prediction=0.3991 status=ok
fmow/2/FixMatch/PCA16 iw_residual_dis2 W=1.0 accuracy=0.6054 prediction=0.7243 status=ok
fmow/2/FixMatch/PCA16 iw_overlap_critic W=2.0 accuracy=0.6054 prediction=0.7271 status=ok
fmow/2/FixMatch/PCA16 iw_residual_dis2 W=2.0 accuracy=0.6054 prediction=0.7869 status=ok
fmow/2/FixMatch/PCA16 iw_overlap_critic W=5.0 accuracy=0.6054 prediction=0.7826 status=ok
fmow/2/FixMatch/PCA16 iw_residual_dis2 W=5.0 accuracy=0.6054 prediction=0.7826 status=ok
fmow/2/FixMatch/PCA16 dis2_reference W=nan accuracy=0.6054 prediction=0.5710 status=ok
fmow/2/FixMatch/PCA32 iw_overlap_critic W=1.0 accuracy=0.6054 prediction=0.3856 status=ok
fmow/2/FixMatch/PCA32 iw_residual_dis2 W=1.0 accuracy=0.6054 prediction=0.7262 status=ok
fmow/2/FixMatch/PCA32 iw_overlap_critic W=2.0 accuracy=0.6054 prediction=0.7423 status=ok
/storage/homefs/tf24s166/IW_dis2/disagree_discrep_IW/src/lib/utils.py:43: FutureWarning: You are using `torch.load` with `weights_only=False` (the current default value), which uses the default pickle module implicitly. It is possible to construct malicious pickle data which will execute arbitrary code during unpickling (See https://github.com/pytorch/pytorch/blob/main/SECURITY.md#untrusted-models for more details). In a future release, the default value for `weights_only` will be flipped to `True`. This limits the functions that could be executed during unpickling. Arbitrary objects will no longer be allowed to be loaded via this mode unless they are explicitly allowlisted by the user via `torch.serialization.add_safe_globals`. We recommend you start setting `weights_only=True` for any use case where you don't have full control of the loaded file. Please open an issue on GitHub for any issues related to this experimental feature.
  lin.load_state_dict(torch.load(os.path.join(shift_dir, 'linear.pth'), map_location=device))
/storage/homefs/tf24s166/IW_dis2/disagree_discrep_IW/src/lib/utils.py:43: FutureWarning: You are using `torch.load` with `weights_only=False` (the current default value), which uses the default pickle module implicitly. It is possible to construct malicious pickle data which will execute arbitrary code during unpickling (See https://github.com/pytorch/pytorch/blob/main/SECURITY.md#untrusted-models for more details). In a future release, the default value for `weights_only` will be flipped to `True`. This limits the functions that could be executed during unpickling. Arbitrary objects will no longer be allowed to be loaded via this mode unless they are explicitly allowlisted by the user via `torch.serialization.add_safe_globals`. We recommend you start setting `weights_only=True` for any use case where you don't have full control of the loaded file. Please open an issue on GitHub for any issues related to this experimental feature.
  lin.load_state_dict(torch.load(os.path.join(shift_dir, 'linear.pth'), map_location=device))
fmow/2/FixMatch/PCA32 iw_residual_dis2 W=2.0 accuracy=0.6054 prediction=0.7819 status=ok
fmow/2/FixMatch/PCA32 iw_overlap_critic W=5.0 accuracy=0.6054 prediction=0.7823 status=ok
fmow/2/FixMatch/PCA32 iw_residual_dis2 W=5.0 accuracy=0.6054 prediction=0.7823 status=ok
fmow/2/FixMatch/PCA32 dis2_reference W=nan accuracy=0.6054 prediction=0.5997 status=ok
fmow/2/FixMatch/PCA64 iw_overlap_critic W=1.0 accuracy=0.6054 prediction=0.3487 status=ok
fmow/2/FixMatch/PCA64 iw_residual_dis2 W=1.0 accuracy=0.6054 prediction=0.7370 status=ok
fmow/2/FixMatch/PCA64 iw_overlap_critic W=2.0 accuracy=0.6054 prediction=0.7665 status=ok
fmow/2/FixMatch/PCA64 iw_residual_dis2 W=2.0 accuracy=0.6054 prediction=0.7884 status=ok
fmow/2/FixMatch/PCA64 iw_overlap_critic W=5.0 accuracy=0.6054 prediction=0.7884 status=ok
fmow/2/FixMatch/PCA64 iw_residual_dis2 W=5.0 accuracy=0.6054 prediction=0.7884 status=ok
fmow/2/FixMatch/PCA64 dis2_reference W=nan accuracy=0.6054 prediction=0.6517 status=ok
fmow/2/FixMatch/PCA128 iw_overlap_critic W=1.0 accuracy=0.6054 prediction=0.3189 status=ok
fmow/2/FixMatch/PCA128 iw_residual_dis2 W=1.0 accuracy=0.6054 prediction=0.7739 status=ok
fmow/2/FixMatch/PCA128 iw_overlap_critic W=2.0 accuracy=0.6054 prediction=0.7761 status=ok
fmow/2/FixMatch/PCA128 iw_residual_dis2 W=2.0 accuracy=0.6054 prediction=0.7867 status=ok
fmow/2/FixMatch/PCA128 iw_overlap_critic W=5.0 accuracy=0.6054 prediction=0.7865 status=ok
fmow/2/FixMatch/PCA128 iw_residual_dis2 W=5.0 accuracy=0.6054 prediction=0.7865 status=ok
fmow/2/FixMatch/PCA128 dis2_reference W=nan accuracy=0.6054 prediction=0.6928 status=ok
officehome/1/ERM-aug-imagenet/logits iw_overlap_critic W=1.0 accuracy=0.6548 prediction=0.4447 status=ok
officehome/1/ERM-aug-imagenet/logits iw_residual_dis2 W=1.0 accuracy=0.6548 prediction=0.8368 status=ok
officehome/1/ERM-aug-imagenet/logits iw_overlap_critic W=2.0 accuracy=0.6548 prediction=0.9122 status=ok
officehome/1/ERM-aug-imagenet/logits iw_residual_dis2 W=2.0 accuracy=0.6548 prediction=0.9276 status=ok
officehome/1/ERM-aug-imagenet/logits iw_overlap_critic W=5.0 accuracy=0.6548 prediction=0.9231 status=ok
officehome/1/ERM-aug-imagenet/logits iw_residual_dis2 W=5.0 accuracy=0.6548 prediction=0.9231 status=ok
officehome/1/ERM-aug-imagenet/logits dis2_reference W=nan accuracy=0.6548 prediction=0.3903 status=ok
officehome/1/ERM-aug-imagenet/features iw_overlap_critic W=1.0 accuracy=0.6548 prediction=0.4375 status=ok
officehome/1/ERM-aug-imagenet/features iw_residual_dis2 W=1.0 accuracy=0.6548 prediction=0.6655 status=ok
officehome/1/ERM-aug-imagenet/features iw_overlap_critic W=2.0 accuracy=0.6548 prediction=0.7332 status=ok
officehome/1/ERM-aug-imagenet/features iw_residual_dis2 W=2.0 accuracy=0.6548 prediction=0.7780 status=ok
officehome/1/ERM-aug-imagenet/features iw_overlap_critic W=5.0 accuracy=0.6548 prediction=0.8726 status=ok
officehome/1/ERM-aug-imagenet/features iw_residual_dis2 W=5.0 accuracy=0.6548 prediction=nan status=unsupported_critic_region
officehome/1/ERM-aug-imagenet/features dis2_reference W=nan accuracy=0.6548 prediction=0.2922 status=ok
officehome/1/ERM-aug-imagenet/PCA1 iw_overlap_critic W=1.0 accuracy=0.6548 prediction=0.4479 status=ok
officehome/1/ERM-aug-imagenet/PCA1 iw_residual_dis2 W=1.0 accuracy=0.6548 prediction=0.7816 status=ok
officehome/1/ERM-aug-imagenet/PCA1 iw_overlap_critic W=2.0 accuracy=0.6548 prediction=0.7796 status=ok
officehome/1/ERM-aug-imagenet/PCA1 iw_residual_dis2 W=2.0 accuracy=0.6548 prediction=0.8744 status=ok
officehome/1/ERM-aug-imagenet/PCA1 iw_overlap_critic W=5.0 accuracy=0.6548 prediction=0.8790 status=ok
officehome/1/ERM-aug-imagenet/PCA1 iw_residual_dis2 W=5.0 accuracy=0.6548 prediction=0.9099 status=ok
officehome/1/ERM-aug-imagenet/PCA1 dis2_reference W=nan accuracy=0.6548 prediction=0.3047 status=ok
officehome/1/ERM-aug-imagenet/PCA4 iw_overlap_critic W=1.0 accuracy=0.6548 prediction=0.4479 status=ok
officehome/1/ERM-aug-imagenet/PCA4 iw_residual_dis2 W=1.0 accuracy=0.6548 prediction=0.7816 status=ok
officehome/1/ERM-aug-imagenet/PCA4 iw_overlap_critic W=2.0 accuracy=0.6548 prediction=0.7796 status=ok
officehome/1/ERM-aug-imagenet/PCA4 iw_residual_dis2 W=2.0 accuracy=0.6548 prediction=0.8744 status=ok
officehome/1/ERM-aug-imagenet/PCA4 iw_overlap_critic W=5.0 accuracy=0.6548 prediction=0.8790 status=ok
officehome/1/ERM-aug-imagenet/PCA4 iw_residual_dis2 W=5.0 accuracy=0.6548 prediction=0.9099 status=ok
officehome/1/ERM-aug-imagenet/PCA4 dis2_reference W=nan accuracy=0.6548 prediction=0.3047 status=ok
officehome/1/ERM-aug-imagenet/PCA16 iw_overlap_critic W=1.0 accuracy=0.6548 prediction=0.4429 status=ok
officehome/1/ERM-aug-imagenet/PCA16 iw_residual_dis2 W=1.0 accuracy=0.6548 prediction=0.7370 status=ok
officehome/1/ERM-aug-imagenet/PCA16 iw_overlap_critic W=2.0 accuracy=0.6548 prediction=0.8027 status=ok
officehome/1/ERM-aug-imagenet/PCA16 iw_residual_dis2 W=2.0 accuracy=0.6548 prediction=0.8342 status=ok
officehome/1/ERM-aug-imagenet/PCA16 iw_overlap_critic W=5.0 accuracy=0.6548 prediction=0.8794 status=ok
officehome/1/ERM-aug-imagenet/PCA16 iw_residual_dis2 W=5.0 accuracy=0.6548 prediction=nan status=unsupported_critic_region
officehome/1/ERM-aug-imagenet/PCA16 dis2_reference W=nan accuracy=0.6548 prediction=0.3070 status=ok
officehome/1/ERM-aug-imagenet/PCA32 iw_overlap_critic W=1.0 accuracy=0.6548 prediction=0.4908 status=ok
officehome/1/ERM-aug-imagenet/PCA32 iw_residual_dis2 W=1.0 accuracy=0.6548 prediction=0.8166 status=ok
officehome/1/ERM-aug-imagenet/PCA32 iw_overlap_critic W=2.0 accuracy=0.6548 prediction=0.8873 status=ok
officehome/1/ERM-aug-imagenet/PCA32 iw_residual_dis2 W=2.0 accuracy=0.6548 prediction=0.9259 status=ok
officehome/1/ERM-aug-imagenet/PCA32 iw_overlap_critic W=5.0 accuracy=0.6548 prediction=0.9172 status=ok
officehome/1/ERM-aug-imagenet/PCA32 iw_residual_dis2 W=5.0 accuracy=0.6548 prediction=0.9172 status=ok
officehome/1/ERM-aug-imagenet/PCA32 dis2_reference W=nan accuracy=0.6548 prediction=0.4152 status=ok
officehome/1/ERM-aug-imagenet/PCA64 iw_overlap_critic W=1.0 accuracy=0.6548 prediction=0.4983 status=ok
officehome/1/ERM-aug-imagenet/PCA64 iw_residual_dis2 W=1.0 accuracy=0.6548 prediction=0.8051 status=ok
officehome/1/ERM-aug-imagenet/PCA64 iw_overlap_critic W=2.0 accuracy=0.6548 prediction=0.9298 status=ok
officehome/1/ERM-aug-imagenet/PCA64 iw_residual_dis2 W=2.0 accuracy=0.6548 prediction=nan status=unsupported_critic_region
officehome/1/ERM-aug-imagenet/PCA64 iw_overlap_critic W=5.0 accuracy=0.6548 prediction=0.9342 status=ok
officehome/1/ERM-aug-imagenet/PCA64 iw_residual_dis2 W=5.0 accuracy=0.6548 prediction=0.9342 status=ok
officehome/1/ERM-aug-imagenet/PCA64 dis2_reference W=nan accuracy=0.6548 prediction=0.3947 status=ok
officehome/1/ERM-aug-imagenet/PCA128 iw_overlap_critic W=1.0 accuracy=0.6548 prediction=0.5000 status=ok
officehome/1/ERM-aug-imagenet/PCA128 iw_residual_dis2 W=1.0 accuracy=0.6548 prediction=0.8570 status=ok
officehome/1/ERM-aug-imagenet/PCA128 iw_overlap_critic W=2.0 accuracy=0.6548 prediction=0.8625 status=ok
officehome/1/ERM-aug-imagenet/PCA128 iw_residual_dis2 W=2.0 accuracy=0.6548 prediction=0.9550 status=ok
officehome/1/ERM-aug-imagenet/PCA128 iw_overlap_critic W=5.0 accuracy=0.6548 prediction=nan status=unsupported_critic_region
officehome/1/ERM-aug-imagenet/PCA128 iw_residual_dis2 W=5.0 accuracy=0.6548 prediction=nan status=unsupported_critic_region
officehome/1/ERM-aug-imagenet/PCA128 dis2_reference W=nan accuracy=0.6548 prediction=0.5472 status=ok
officehome/2/ERM-aug-imagenet/logits iw_overlap_critic W=1.0 accuracy=0.3259 prediction=0.3045 status=ok
officehome/2/ERM-aug-imagenet/logits iw_residual_dis2 W=1.0 accuracy=0.3259 prediction=0.6815 status=ok
officehome/2/ERM-aug-imagenet/logits iw_overlap_critic W=2.0 accuracy=0.3259 prediction=0.4909 status=ok
officehome/2/ERM-aug-imagenet/logits iw_residual_dis2 W=2.0 accuracy=0.3259 prediction=0.8360 status=ok
officehome/2/ERM-aug-imagenet/logits iw_overlap_critic W=5.0 accuracy=0.3259 prediction=0.7121 status=ok
officehome/2/ERM-aug-imagenet/logits iw_residual_dis2 W=5.0 accuracy=0.3259 prediction=0.8193 status=ok
/storage/homefs/tf24s166/IW_dis2/disagree_discrep_IW/src/lib/utils.py:43: FutureWarning: You are using `torch.load` with `weights_only=False` (the current default value), which uses the default pickle module implicitly. It is possible to construct malicious pickle data which will execute arbitrary code during unpickling (See https://github.com/pytorch/pytorch/blob/main/SECURITY.md#untrusted-models for more details). In a future release, the default value for `weights_only` will be flipped to `True`. This limits the functions that could be executed during unpickling. Arbitrary objects will no longer be allowed to be loaded via this mode unless they are explicitly allowlisted by the user via `torch.serialization.add_safe_globals`. We recommend you start setting `weights_only=True` for any use case where you don't have full control of the loaded file. Please open an issue on GitHub for any issues related to this experimental feature.
  lin.load_state_dict(torch.load(os.path.join(shift_dir, 'linear.pth'), map_location=device))
officehome/2/ERM-aug-imagenet/logits dis2_reference W=nan accuracy=0.3259 prediction=0.3520 status=ok
officehome/2/ERM-aug-imagenet/features iw_overlap_critic W=1.0 accuracy=0.3259 prediction=0.1993 status=ok
officehome/2/ERM-aug-imagenet/features iw_residual_dis2 W=1.0 accuracy=0.3259 prediction=0.4527 status=ok
officehome/2/ERM-aug-imagenet/features iw_overlap_critic W=2.0 accuracy=0.3259 prediction=0.3484 status=ok
officehome/2/ERM-aug-imagenet/features iw_residual_dis2 W=2.0 accuracy=0.3259 prediction=0.4654 status=ok
officehome/2/ERM-aug-imagenet/features iw_overlap_critic W=5.0 accuracy=0.3259 prediction=0.4359 status=ok
officehome/2/ERM-aug-imagenet/features iw_residual_dis2 W=5.0 accuracy=0.3259 prediction=0.6882 status=ok
officehome/2/ERM-aug-imagenet/features dis2_reference W=nan accuracy=0.3259 prediction=0.1822 status=ok
officehome/2/ERM-aug-imagenet/PCA1 iw_overlap_critic W=1.0 accuracy=0.3259 prediction=0.2786 status=ok
officehome/2/ERM-aug-imagenet/PCA1 iw_residual_dis2 W=1.0 accuracy=0.3259 prediction=0.4467 status=ok
officehome/2/ERM-aug-imagenet/PCA1 iw_overlap_critic W=2.0 accuracy=0.3259 prediction=0.4170 status=ok
officehome/2/ERM-aug-imagenet/PCA1 iw_residual_dis2 W=2.0 accuracy=0.3259 prediction=0.5892 status=ok
officehome/2/ERM-aug-imagenet/PCA1 iw_overlap_critic W=5.0 accuracy=0.3259 prediction=0.4479 status=ok
officehome/2/ERM-aug-imagenet/PCA1 iw_residual_dis2 W=5.0 accuracy=0.3259 prediction=0.8309 status=ok
officehome/2/ERM-aug-imagenet/PCA1 dis2_reference W=nan accuracy=0.3259 prediction=0.2077 status=ok
officehome/2/ERM-aug-imagenet/PCA4 iw_overlap_critic W=1.0 accuracy=0.3259 prediction=0.2786 status=ok
officehome/2/ERM-aug-imagenet/PCA4 iw_residual_dis2 W=1.0 accuracy=0.3259 prediction=0.4467 status=ok
officehome/2/ERM-aug-imagenet/PCA4 iw_overlap_critic W=2.0 accuracy=0.3259 prediction=0.4170 status=ok
officehome/2/ERM-aug-imagenet/PCA4 iw_residual_dis2 W=2.0 accuracy=0.3259 prediction=0.5892 status=ok
officehome/2/ERM-aug-imagenet/PCA4 iw_overlap_critic W=5.0 accuracy=0.3259 prediction=0.4479 status=ok
officehome/2/ERM-aug-imagenet/PCA4 iw_residual_dis2 W=5.0 accuracy=0.3259 prediction=0.8309 status=ok
officehome/2/ERM-aug-imagenet/PCA4 dis2_reference W=nan accuracy=0.3259 prediction=0.2077 status=ok
officehome/2/ERM-aug-imagenet/PCA16 iw_overlap_critic W=1.0 accuracy=0.3259 prediction=0.3187 status=ok
officehome/2/ERM-aug-imagenet/PCA16 iw_residual_dis2 W=1.0 accuracy=0.3259 prediction=0.5455 status=ok
officehome/2/ERM-aug-imagenet/PCA16 iw_overlap_critic W=2.0 accuracy=0.3259 prediction=0.4381 status=ok
officehome/2/ERM-aug-imagenet/PCA16 iw_residual_dis2 W=2.0 accuracy=0.3259 prediction=0.6154 status=ok
officehome/2/ERM-aug-imagenet/PCA16 iw_overlap_critic W=5.0 accuracy=0.3259 prediction=0.5776 status=ok
officehome/2/ERM-aug-imagenet/PCA16 iw_residual_dis2 W=5.0 accuracy=0.3259 prediction=0.8813 status=ok
officehome/2/ERM-aug-imagenet/PCA16 dis2_reference W=nan accuracy=0.3259 prediction=0.1717 status=ok
officehome/2/ERM-aug-imagenet/PCA32 iw_overlap_critic W=1.0 accuracy=0.3259 prediction=0.3014 status=ok
officehome/2/ERM-aug-imagenet/PCA32 iw_residual_dis2 W=1.0 accuracy=0.3259 prediction=0.5336 status=ok
officehome/2/ERM-aug-imagenet/PCA32 iw_overlap_critic W=2.0 accuracy=0.3259 prediction=0.4610 status=ok
officehome/2/ERM-aug-imagenet/PCA32 iw_residual_dis2 W=2.0 accuracy=0.3259 prediction=0.8074 status=ok
officehome/2/ERM-aug-imagenet/PCA32 iw_overlap_critic W=5.0 accuracy=0.3259 prediction=0.7490 status=ok
officehome/2/ERM-aug-imagenet/PCA32 iw_residual_dis2 W=5.0 accuracy=0.3259 prediction=0.8880 status=ok
officehome/2/ERM-aug-imagenet/PCA32 dis2_reference W=nan accuracy=0.3259 prediction=0.2081 status=ok
officehome/2/ERM-aug-imagenet/PCA64 iw_overlap_critic W=1.0 accuracy=0.3259 prediction=0.3873 status=ok
officehome/2/ERM-aug-imagenet/PCA64 iw_residual_dis2 W=1.0 accuracy=0.3259 prediction=0.5772 status=ok
officehome/2/ERM-aug-imagenet/PCA64 iw_overlap_critic W=2.0 accuracy=0.3259 prediction=0.5454 status=ok
officehome/2/ERM-aug-imagenet/PCA64 iw_residual_dis2 W=2.0 accuracy=0.3259 prediction=0.6895 status=ok
officehome/2/ERM-aug-imagenet/PCA64 iw_overlap_critic W=5.0 accuracy=0.3259 prediction=0.7888 status=ok
officehome/2/ERM-aug-imagenet/PCA64 iw_residual_dis2 W=5.0 accuracy=0.3259 prediction=0.9401 status=ok
officehome/2/ERM-aug-imagenet/PCA64 dis2_reference W=nan accuracy=0.3259 prediction=0.3287 status=ok
officehome/2/ERM-aug-imagenet/PCA128 iw_overlap_critic W=1.0 accuracy=0.3259 prediction=0.3735 status=ok
officehome/2/ERM-aug-imagenet/PCA128 iw_residual_dis2 W=1.0 accuracy=0.3259 prediction=0.7470 status=ok
officehome/2/ERM-aug-imagenet/PCA128 iw_overlap_critic W=2.0 accuracy=0.3259 prediction=0.5999 status=ok
officehome/2/ERM-aug-imagenet/PCA128 iw_residual_dis2 W=2.0 accuracy=0.3259 prediction=0.8351 status=ok
officehome/2/ERM-aug-imagenet/PCA128 iw_overlap_critic W=5.0 accuracy=0.3259 prediction=0.8229 status=ok
officehome/2/ERM-aug-imagenet/PCA128 iw_residual_dis2 W=5.0 accuracy=0.3259 prediction=0.9468 status=ok
officehome/2/ERM-aug-imagenet/PCA128 dis2_reference W=nan accuracy=0.3259 prediction=0.4334 status=ok
officehome/3/ERM-aug-imagenet/logits iw_overlap_critic W=1.0 accuracy=0.4339 prediction=0.3556 status=ok
officehome/3/ERM-aug-imagenet/logits iw_residual_dis2 W=1.0 accuracy=0.4339 prediction=0.7623 status=ok
officehome/3/ERM-aug-imagenet/logits iw_overlap_critic W=2.0 accuracy=0.4339 prediction=0.6152 status=ok
officehome/3/ERM-aug-imagenet/logits iw_residual_dis2 W=2.0 accuracy=0.4339 prediction=0.7284 status=ok
officehome/3/ERM-aug-imagenet/logits iw_overlap_critic W=5.0 accuracy=0.4339 prediction=0.8638 status=ok
officehome/3/ERM-aug-imagenet/logits iw_residual_dis2 W=5.0 accuracy=0.4339 prediction=0.8638 status=ok
officehome/3/ERM-aug-imagenet/logits dis2_reference W=nan accuracy=0.4339 prediction=0.2799 status=ok
officehome/3/ERM-aug-imagenet/features iw_overlap_critic W=1.0 accuracy=0.4339 prediction=0.3552 status=ok
officehome/3/ERM-aug-imagenet/features iw_residual_dis2 W=1.0 accuracy=0.4339 prediction=0.5642 status=ok
officehome/3/ERM-aug-imagenet/features iw_overlap_critic W=2.0 accuracy=0.4339 prediction=0.4026 status=ok
officehome/3/ERM-aug-imagenet/features iw_residual_dis2 W=2.0 accuracy=0.4339 prediction=0.5542 status=ok
officehome/3/ERM-aug-imagenet/features iw_overlap_critic W=5.0 accuracy=0.4339 prediction=0.4600 status=ok
officehome/3/ERM-aug-imagenet/features iw_residual_dis2 W=5.0 accuracy=0.4339 prediction=0.6804 status=ok
officehome/3/ERM-aug-imagenet/features dis2_reference W=nan accuracy=0.4339 prediction=0.1271 status=ok
officehome/3/ERM-aug-imagenet/PCA1 iw_overlap_critic W=1.0 accuracy=0.4339 prediction=0.4220 status=ok
officehome/3/ERM-aug-imagenet/PCA1 iw_residual_dis2 W=1.0 accuracy=0.4339 prediction=0.7895 status=ok
officehome/3/ERM-aug-imagenet/PCA1 iw_overlap_critic W=2.0 accuracy=0.4339 prediction=0.6021 status=ok
officehome/3/ERM-aug-imagenet/PCA1 iw_residual_dis2 W=2.0 accuracy=0.4339 prediction=0.8153 status=ok
officehome/3/ERM-aug-imagenet/PCA1 iw_overlap_critic W=5.0 accuracy=0.4339 prediction=0.8005 status=ok
officehome/3/ERM-aug-imagenet/PCA1 iw_residual_dis2 W=5.0 accuracy=0.4339 prediction=0.9378 status=ok
officehome/3/ERM-aug-imagenet/PCA1 dis2_reference W=nan accuracy=0.4339 prediction=0.1512 status=ok
officehome/3/ERM-aug-imagenet/PCA4 iw_overlap_critic W=1.0 accuracy=0.4339 prediction=0.4220 status=ok
officehome/3/ERM-aug-imagenet/PCA4 iw_residual_dis2 W=1.0 accuracy=0.4339 prediction=0.7895 status=ok
officehome/3/ERM-aug-imagenet/PCA4 iw_overlap_critic W=2.0 accuracy=0.4339 prediction=0.6021 status=ok
officehome/3/ERM-aug-imagenet/PCA4 iw_residual_dis2 W=2.0 accuracy=0.4339 prediction=0.8153 status=ok
officehome/3/ERM-aug-imagenet/PCA4 iw_overlap_critic W=5.0 accuracy=0.4339 prediction=0.8005 status=ok
officehome/3/ERM-aug-imagenet/PCA4 iw_residual_dis2 W=5.0 accuracy=0.4339 prediction=0.9378 status=ok
officehome/3/ERM-aug-imagenet/PCA4 dis2_reference W=nan accuracy=0.4339 prediction=0.1512 status=ok
officehome/3/ERM-aug-imagenet/PCA16 iw_overlap_critic W=1.0 accuracy=0.4339 prediction=0.3855 status=ok
/storage/homefs/tf24s166/IW_dis2/disagree_discrep_IW/src/lib/utils.py:43: FutureWarning: You are using `torch.load` with `weights_only=False` (the current default value), which uses the default pickle module implicitly. It is possible to construct malicious pickle data which will execute arbitrary code during unpickling (See https://github.com/pytorch/pytorch/blob/main/SECURITY.md#untrusted-models for more details). In a future release, the default value for `weights_only` will be flipped to `True`. This limits the functions that could be executed during unpickling. Arbitrary objects will no longer be allowed to be loaded via this mode unless they are explicitly allowlisted by the user via `torch.serialization.add_safe_globals`. We recommend you start setting `weights_only=True` for any use case where you don't have full control of the loaded file. Please open an issue on GitHub for any issues related to this experimental feature.
  lin.load_state_dict(torch.load(os.path.join(shift_dir, 'linear.pth'), map_location=device))
officehome/3/ERM-aug-imagenet/PCA16 iw_residual_dis2 W=1.0 accuracy=0.4339 prediction=0.6442 status=ok
officehome/3/ERM-aug-imagenet/PCA16 iw_overlap_critic W=2.0 accuracy=0.4339 prediction=0.5084 status=ok
officehome/3/ERM-aug-imagenet/PCA16 iw_residual_dis2 W=2.0 accuracy=0.4339 prediction=0.7084 status=ok
officehome/3/ERM-aug-imagenet/PCA16 iw_overlap_critic W=5.0 accuracy=0.4339 prediction=0.6468 status=ok
officehome/3/ERM-aug-imagenet/PCA16 iw_residual_dis2 W=5.0 accuracy=0.4339 prediction=0.8098 status=ok
officehome/3/ERM-aug-imagenet/PCA16 dis2_reference W=nan accuracy=0.4339 prediction=0.0910 status=ok
officehome/3/ERM-aug-imagenet/PCA32 iw_overlap_critic W=1.0 accuracy=0.4339 prediction=0.3272 status=ok
officehome/3/ERM-aug-imagenet/PCA32 iw_residual_dis2 W=1.0 accuracy=0.4339 prediction=0.7558 status=ok
officehome/3/ERM-aug-imagenet/PCA32 iw_overlap_critic W=2.0 accuracy=0.4339 prediction=0.5455 status=ok
officehome/3/ERM-aug-imagenet/PCA32 iw_residual_dis2 W=2.0 accuracy=0.4339 prediction=0.7304 status=ok
officehome/3/ERM-aug-imagenet/PCA32 iw_overlap_critic W=5.0 accuracy=0.4339 prediction=0.7766 status=ok
officehome/3/ERM-aug-imagenet/PCA32 iw_residual_dis2 W=5.0 accuracy=0.4339 prediction=0.8704 status=ok
officehome/3/ERM-aug-imagenet/PCA32 dis2_reference W=nan accuracy=0.4339 prediction=0.1807 status=ok
officehome/3/ERM-aug-imagenet/PCA64 iw_overlap_critic W=1.0 accuracy=0.4339 prediction=0.2646 status=ok
officehome/3/ERM-aug-imagenet/PCA64 iw_residual_dis2 W=1.0 accuracy=0.4339 prediction=0.7750 status=ok
officehome/3/ERM-aug-imagenet/PCA64 iw_overlap_critic W=2.0 accuracy=0.4339 prediction=0.6343 status=ok
officehome/3/ERM-aug-imagenet/PCA64 iw_residual_dis2 W=2.0 accuracy=0.4339 prediction=0.7718 status=ok
officehome/3/ERM-aug-imagenet/PCA64 iw_overlap_critic W=5.0 accuracy=0.4339 prediction=0.8843 status=ok
officehome/3/ERM-aug-imagenet/PCA64 iw_residual_dis2 W=5.0 accuracy=0.4339 prediction=0.9442 status=ok
officehome/3/ERM-aug-imagenet/PCA64 dis2_reference W=nan accuracy=0.4339 prediction=0.2887 status=ok
officehome/3/ERM-aug-imagenet/PCA128 iw_overlap_critic W=1.0 accuracy=0.4339 prediction=0.2993 status=ok
officehome/3/ERM-aug-imagenet/PCA128 iw_residual_dis2 W=1.0 accuracy=0.4339 prediction=0.8234 status=ok
officehome/3/ERM-aug-imagenet/PCA128 iw_overlap_critic W=2.0 accuracy=0.4339 prediction=0.5975 status=ok
officehome/3/ERM-aug-imagenet/PCA128 iw_residual_dis2 W=2.0 accuracy=0.4339 prediction=0.8959 status=ok
officehome/3/ERM-aug-imagenet/PCA128 iw_overlap_critic W=5.0 accuracy=0.4339 prediction=0.8741 status=ok
officehome/3/ERM-aug-imagenet/PCA128 iw_residual_dis2 W=5.0 accuracy=0.4339 prediction=0.9679 status=ok
officehome/3/ERM-aug-imagenet/PCA128 dis2_reference W=nan accuracy=0.4339 prediction=0.4290 status=ok
Missing features: officehome/ERM-aug-rand/1; skipping.
Missing features: officehome/ERM-aug-rand/2; skipping.
Missing features: officehome/ERM-aug-rand/3; skipping.
officehome/1/BN_adapt/logits iw_overlap_critic W=1.0 accuracy=0.6526 prediction=0.4965 status=ok
officehome/1/BN_adapt/logits iw_residual_dis2 W=1.0 accuracy=0.6526 prediction=0.7516 status=ok
officehome/1/BN_adapt/logits iw_overlap_critic W=2.0 accuracy=0.6526 prediction=0.9045 status=ok
officehome/1/BN_adapt/logits iw_residual_dis2 W=2.0 accuracy=0.6526 prediction=0.9045 status=ok
officehome/1/BN_adapt/logits iw_overlap_critic W=5.0 accuracy=0.6526 prediction=0.9045 status=ok
officehome/1/BN_adapt/logits iw_residual_dis2 W=5.0 accuracy=0.6526 prediction=0.9045 status=ok
officehome/1/BN_adapt/logits dis2_reference W=nan accuracy=0.6526 prediction=0.4501 status=ok
officehome/1/BN_adapt/features iw_overlap_critic W=1.0 accuracy=0.6526 prediction=0.4115 status=ok
officehome/1/BN_adapt/features iw_residual_dis2 W=1.0 accuracy=0.6526 prediction=0.6725 status=ok
officehome/1/BN_adapt/features iw_overlap_critic W=2.0 accuracy=0.6526 prediction=0.7610 status=ok
officehome/1/BN_adapt/features iw_residual_dis2 W=2.0 accuracy=0.6526 prediction=0.7866 status=ok
officehome/1/BN_adapt/features iw_overlap_critic W=5.0 accuracy=0.6526 prediction=0.8737 status=ok
officehome/1/BN_adapt/features iw_residual_dis2 W=5.0 accuracy=0.6526 prediction=nan status=unsupported_critic_region
officehome/1/BN_adapt/features dis2_reference W=nan accuracy=0.6526 prediction=0.4265 status=ok
officehome/1/BN_adapt/PCA1 iw_overlap_critic W=1.0 accuracy=0.6526 prediction=0.4905 status=ok
officehome/1/BN_adapt/PCA1 iw_residual_dis2 W=1.0 accuracy=0.6526 prediction=0.7865 status=ok
officehome/1/BN_adapt/PCA1 iw_overlap_critic W=2.0 accuracy=0.6526 prediction=0.7698 status=ok
officehome/1/BN_adapt/PCA1 iw_residual_dis2 W=2.0 accuracy=0.6526 prediction=0.8555 status=ok
officehome/1/BN_adapt/PCA1 iw_overlap_critic W=5.0 accuracy=0.6526 prediction=0.8834 status=ok
officehome/1/BN_adapt/PCA1 iw_residual_dis2 W=5.0 accuracy=0.6526 prediction=nan status=unsupported_critic_region
officehome/1/BN_adapt/PCA1 dis2_reference W=nan accuracy=0.6526 prediction=0.4334 status=ok
officehome/1/BN_adapt/PCA4 iw_overlap_critic W=1.0 accuracy=0.6526 prediction=0.4905 status=ok
officehome/1/BN_adapt/PCA4 iw_residual_dis2 W=1.0 accuracy=0.6526 prediction=0.7865 status=ok
officehome/1/BN_adapt/PCA4 iw_overlap_critic W=2.0 accuracy=0.6526 prediction=0.7698 status=ok
officehome/1/BN_adapt/PCA4 iw_residual_dis2 W=2.0 accuracy=0.6526 prediction=0.8555 status=ok
officehome/1/BN_adapt/PCA4 iw_overlap_critic W=5.0 accuracy=0.6526 prediction=0.8834 status=ok
officehome/1/BN_adapt/PCA4 iw_residual_dis2 W=5.0 accuracy=0.6526 prediction=nan status=unsupported_critic_region
officehome/1/BN_adapt/PCA4 dis2_reference W=nan accuracy=0.6526 prediction=0.4334 status=ok
officehome/1/BN_adapt/PCA16 iw_overlap_critic W=1.0 accuracy=0.6526 prediction=0.5101 status=ok
officehome/1/BN_adapt/PCA16 iw_residual_dis2 W=1.0 accuracy=0.6526 prediction=0.7594 status=ok
officehome/1/BN_adapt/PCA16 iw_overlap_critic W=2.0 accuracy=0.6526 prediction=0.8030 status=ok
officehome/1/BN_adapt/PCA16 iw_residual_dis2 W=2.0 accuracy=0.6526 prediction=0.8933 status=ok
officehome/1/BN_adapt/PCA16 iw_overlap_critic W=5.0 accuracy=0.6526 prediction=0.8923 status=ok
officehome/1/BN_adapt/PCA16 iw_residual_dis2 W=5.0 accuracy=0.6526 prediction=0.8923 status=ok
officehome/1/BN_adapt/PCA16 dis2_reference W=nan accuracy=0.6526 prediction=0.3271 status=ok
officehome/1/BN_adapt/PCA32 iw_overlap_critic W=1.0 accuracy=0.6526 prediction=0.4876 status=ok
officehome/1/BN_adapt/PCA32 iw_residual_dis2 W=1.0 accuracy=0.6526 prediction=0.8547 status=ok
officehome/1/BN_adapt/PCA32 iw_overlap_critic W=2.0 accuracy=0.6526 prediction=0.8853 status=ok
officehome/1/BN_adapt/PCA32 iw_residual_dis2 W=2.0 accuracy=0.6526 prediction=0.9015 status=ok
officehome/1/BN_adapt/PCA32 iw_overlap_critic W=5.0 accuracy=0.6526 prediction=0.8994 status=ok
officehome/1/BN_adapt/PCA32 iw_residual_dis2 W=5.0 accuracy=0.6526 prediction=0.8994 status=ok
officehome/1/BN_adapt/PCA32 dis2_reference W=nan accuracy=0.6526 prediction=0.3945 status=ok
officehome/1/BN_adapt/PCA64 iw_overlap_critic W=1.0 accuracy=0.6526 prediction=0.5120 status=ok
officehome/1/BN_adapt/PCA64 iw_residual_dis2 W=1.0 accuracy=0.6526 prediction=0.8139 status=ok
officehome/1/BN_adapt/PCA64 iw_overlap_critic W=2.0 accuracy=0.6526 prediction=0.9089 status=ok
officehome/1/BN_adapt/PCA64 iw_residual_dis2 W=2.0 accuracy=0.6526 prediction=0.9089 status=ok
officehome/1/BN_adapt/PCA64 iw_overlap_critic W=5.0 accuracy=0.6526 prediction=0.9089 status=ok
officehome/1/BN_adapt/PCA64 iw_residual_dis2 W=5.0 accuracy=0.6526 prediction=0.9089 status=ok
officehome/1/BN_adapt/PCA64 dis2_reference W=nan accuracy=0.6526 prediction=0.4015 status=ok
officehome/1/BN_adapt/PCA128 iw_overlap_critic W=1.0 accuracy=0.6526 prediction=0.4774 status=ok
officehome/1/BN_adapt/PCA128 iw_residual_dis2 W=1.0 accuracy=0.6526 prediction=0.8723 status=ok
officehome/1/BN_adapt/PCA128 iw_overlap_critic W=2.0 accuracy=0.6526 prediction=nan status=unsupported_critic_region
officehome/1/BN_adapt/PCA128 iw_residual_dis2 W=2.0 accuracy=0.6526 prediction=nan status=unsupported_critic_region
/storage/homefs/tf24s166/IW_dis2/disagree_discrep_IW/src/lib/utils.py:43: FutureWarning: You are using `torch.load` with `weights_only=False` (the current default value), which uses the default pickle module implicitly. It is possible to construct malicious pickle data which will execute arbitrary code during unpickling (See https://github.com/pytorch/pytorch/blob/main/SECURITY.md#untrusted-models for more details). In a future release, the default value for `weights_only` will be flipped to `True`. This limits the functions that could be executed during unpickling. Arbitrary objects will no longer be allowed to be loaded via this mode unless they are explicitly allowlisted by the user via `torch.serialization.add_safe_globals`. We recommend you start setting `weights_only=True` for any use case where you don't have full control of the loaded file. Please open an issue on GitHub for any issues related to this experimental feature.
  lin.load_state_dict(torch.load(os.path.join(shift_dir, 'linear.pth'), map_location=device))
/storage/homefs/tf24s166/IW_dis2/disagree_discrep_IW/src/lib/utils.py:43: FutureWarning: You are using `torch.load` with `weights_only=False` (the current default value), which uses the default pickle module implicitly. It is possible to construct malicious pickle data which will execute arbitrary code during unpickling (See https://github.com/pytorch/pytorch/blob/main/SECURITY.md#untrusted-models for more details). In a future release, the default value for `weights_only` will be flipped to `True`. This limits the functions that could be executed during unpickling. Arbitrary objects will no longer be allowed to be loaded via this mode unless they are explicitly allowlisted by the user via `torch.serialization.add_safe_globals`. We recommend you start setting `weights_only=True` for any use case where you don't have full control of the loaded file. Please open an issue on GitHub for any issues related to this experimental feature.
  lin.load_state_dict(torch.load(os.path.join(shift_dir, 'linear.pth'), map_location=device))
officehome/1/BN_adapt/PCA128 iw_overlap_critic W=5.0 accuracy=0.6526 prediction=0.9153 status=ok
officehome/1/BN_adapt/PCA128 iw_residual_dis2 W=5.0 accuracy=0.6526 prediction=0.9153 status=ok
officehome/1/BN_adapt/PCA128 dis2_reference W=nan accuracy=0.6526 prediction=0.5141 status=ok
officehome/2/BN_adapt/logits iw_overlap_critic W=1.0 accuracy=0.3707 prediction=0.3704 status=ok
officehome/2/BN_adapt/logits iw_residual_dis2 W=1.0 accuracy=0.3707 prediction=0.6196 status=ok
officehome/2/BN_adapt/logits iw_overlap_critic W=2.0 accuracy=0.3707 prediction=0.6906 status=ok
officehome/2/BN_adapt/logits iw_residual_dis2 W=2.0 accuracy=0.3707 prediction=0.7893 status=ok
officehome/2/BN_adapt/logits iw_overlap_critic W=5.0 accuracy=0.3707 prediction=0.9005 status=ok
officehome/2/BN_adapt/logits iw_residual_dis2 W=5.0 accuracy=0.3707 prediction=0.9263 status=ok
officehome/2/BN_adapt/logits dis2_reference W=nan accuracy=0.3707 prediction=0.3150 status=ok
officehome/2/BN_adapt/features iw_overlap_critic W=1.0 accuracy=0.3707 prediction=0.2645 status=ok
officehome/2/BN_adapt/features iw_residual_dis2 W=1.0 accuracy=0.3707 prediction=0.3907 status=ok
officehome/2/BN_adapt/features iw_overlap_critic W=2.0 accuracy=0.3707 prediction=0.3422 status=ok
officehome/2/BN_adapt/features iw_residual_dis2 W=2.0 accuracy=0.3707 prediction=0.5112 status=ok
officehome/2/BN_adapt/features iw_overlap_critic W=5.0 accuracy=0.3707 prediction=0.5610 status=ok
officehome/2/BN_adapt/features iw_residual_dis2 W=5.0 accuracy=0.3707 prediction=0.4636 status=ok
officehome/2/BN_adapt/features dis2_reference W=nan accuracy=0.3707 prediction=0.2976 status=ok
officehome/2/BN_adapt/PCA1 iw_overlap_critic W=1.0 accuracy=0.3707 prediction=0.3794 status=ok
officehome/2/BN_adapt/PCA1 iw_residual_dis2 W=1.0 accuracy=0.3707 prediction=0.6961 status=ok
officehome/2/BN_adapt/PCA1 iw_overlap_critic W=2.0 accuracy=0.3707 prediction=0.4561 status=ok
officehome/2/BN_adapt/PCA1 iw_residual_dis2 W=2.0 accuracy=0.3707 prediction=0.7166 status=ok
officehome/2/BN_adapt/PCA1 iw_overlap_critic W=5.0 accuracy=0.3707 prediction=0.6990 status=ok
officehome/2/BN_adapt/PCA1 iw_residual_dis2 W=5.0 accuracy=0.3707 prediction=0.7837 status=ok
officehome/2/BN_adapt/PCA1 dis2_reference W=nan accuracy=0.3707 prediction=0.2904 status=ok
officehome/2/BN_adapt/PCA4 iw_overlap_critic W=1.0 accuracy=0.3707 prediction=0.3794 status=ok
officehome/2/BN_adapt/PCA4 iw_residual_dis2 W=1.0 accuracy=0.3707 prediction=0.6961 status=ok
officehome/2/BN_adapt/PCA4 iw_overlap_critic W=2.0 accuracy=0.3707 prediction=0.4561 status=ok
officehome/2/BN_adapt/PCA4 iw_residual_dis2 W=2.0 accuracy=0.3707 prediction=0.7166 status=ok
officehome/2/BN_adapt/PCA4 iw_overlap_critic W=5.0 accuracy=0.3707 prediction=0.6990 status=ok
officehome/2/BN_adapt/PCA4 iw_residual_dis2 W=5.0 accuracy=0.3707 prediction=0.7837 status=ok
officehome/2/BN_adapt/PCA4 dis2_reference W=nan accuracy=0.3707 prediction=0.2904 status=ok
officehome/2/BN_adapt/PCA16 iw_overlap_critic W=1.0 accuracy=0.3707 prediction=0.3256 status=ok
officehome/2/BN_adapt/PCA16 iw_residual_dis2 W=1.0 accuracy=0.3707 prediction=0.6571 status=ok
officehome/2/BN_adapt/PCA16 iw_overlap_critic W=2.0 accuracy=0.3707 prediction=0.4989 status=ok
officehome/2/BN_adapt/PCA16 iw_residual_dis2 W=2.0 accuracy=0.3707 prediction=0.6671 status=ok
officehome/2/BN_adapt/PCA16 iw_overlap_critic W=5.0 accuracy=0.3707 prediction=0.7798 status=ok
officehome/2/BN_adapt/PCA16 iw_residual_dis2 W=5.0 accuracy=0.3707 prediction=0.8285 status=ok
officehome/2/BN_adapt/PCA16 dis2_reference W=nan accuracy=0.3707 prediction=0.2713 status=ok
officehome/2/BN_adapt/PCA32 iw_overlap_critic W=1.0 accuracy=0.3707 prediction=0.3593 status=ok
officehome/2/BN_adapt/PCA32 iw_residual_dis2 W=1.0 accuracy=0.3707 prediction=0.6353 status=ok
officehome/2/BN_adapt/PCA32 iw_overlap_critic W=2.0 accuracy=0.3707 prediction=0.6775 status=ok
officehome/2/BN_adapt/PCA32 iw_residual_dis2 W=2.0 accuracy=0.3707 prediction=0.8014 status=ok
officehome/2/BN_adapt/PCA32 iw_overlap_critic W=5.0 accuracy=0.3707 prediction=0.8625 status=ok
officehome/2/BN_adapt/PCA32 iw_residual_dis2 W=5.0 accuracy=0.3707 prediction=0.9289 status=ok
officehome/2/BN_adapt/PCA32 dis2_reference W=nan accuracy=0.3707 prediction=0.3103 status=ok
officehome/2/BN_adapt/PCA64 iw_overlap_critic W=1.0 accuracy=0.3707 prediction=0.3927 status=ok
officehome/2/BN_adapt/PCA64 iw_residual_dis2 W=1.0 accuracy=0.3707 prediction=0.7129 status=ok
officehome/2/BN_adapt/PCA64 iw_overlap_critic W=2.0 accuracy=0.3707 prediction=0.7577 status=ok
officehome/2/BN_adapt/PCA64 iw_residual_dis2 W=2.0 accuracy=0.3707 prediction=0.8778 status=ok
officehome/2/BN_adapt/PCA64 iw_overlap_critic W=5.0 accuracy=0.3707 prediction=0.8942 status=ok
officehome/2/BN_adapt/PCA64 iw_residual_dis2 W=5.0 accuracy=0.3707 prediction=nan status=unsupported_critic_region
officehome/2/BN_adapt/PCA64 dis2_reference W=nan accuracy=0.3707 prediction=0.3558 status=ok
officehome/2/BN_adapt/PCA128 iw_overlap_critic W=1.0 accuracy=0.3707 prediction=0.4812 status=ok
officehome/2/BN_adapt/PCA128 iw_residual_dis2 W=1.0 accuracy=0.3707 prediction=0.7835 status=ok
officehome/2/BN_adapt/PCA128 iw_overlap_critic W=2.0 accuracy=0.3707 prediction=0.6898 status=ok
officehome/2/BN_adapt/PCA128 iw_residual_dis2 W=2.0 accuracy=0.3707 prediction=0.7978 status=ok
officehome/2/BN_adapt/PCA128 iw_overlap_critic W=5.0 accuracy=0.3707 prediction=0.8845 status=ok
officehome/2/BN_adapt/PCA128 iw_residual_dis2 W=5.0 accuracy=0.3707 prediction=0.9288 status=ok
officehome/2/BN_adapt/PCA128 dis2_reference W=nan accuracy=0.3707 prediction=0.5228 status=ok
officehome/3/BN_adapt/logits iw_overlap_critic W=1.0 accuracy=0.4615 prediction=0.4011 status=ok
officehome/3/BN_adapt/logits iw_residual_dis2 W=1.0 accuracy=0.4615 prediction=0.6483 status=ok
officehome/3/BN_adapt/logits iw_overlap_critic W=2.0 accuracy=0.4615 prediction=0.8700 status=ok
officehome/3/BN_adapt/logits iw_residual_dis2 W=2.0 accuracy=0.4615 prediction=0.8716 status=ok
officehome/3/BN_adapt/logits iw_overlap_critic W=5.0 accuracy=0.4615 prediction=0.9194 status=ok
officehome/3/BN_adapt/logits iw_residual_dis2 W=5.0 accuracy=0.4615 prediction=0.9194 status=ok
officehome/3/BN_adapt/logits dis2_reference W=nan accuracy=0.4615 prediction=0.2595 status=ok
officehome/3/BN_adapt/features iw_overlap_critic W=1.0 accuracy=0.4615 prediction=0.3407 status=ok
officehome/3/BN_adapt/features iw_residual_dis2 W=1.0 accuracy=0.4615 prediction=0.7008 status=ok
officehome/3/BN_adapt/features iw_overlap_critic W=2.0 accuracy=0.4615 prediction=0.4351 status=ok
officehome/3/BN_adapt/features iw_residual_dis2 W=2.0 accuracy=0.4615 prediction=0.6200 status=ok
officehome/3/BN_adapt/features iw_overlap_critic W=5.0 accuracy=0.4615 prediction=0.5547 status=ok
officehome/3/BN_adapt/features iw_residual_dis2 W=5.0 accuracy=0.4615 prediction=0.7594 status=ok
officehome/3/BN_adapt/features dis2_reference W=nan accuracy=0.4615 prediction=0.1862 status=ok
officehome/3/BN_adapt/PCA1 iw_overlap_critic W=1.0 accuracy=0.4615 prediction=0.4311 status=ok
officehome/3/BN_adapt/PCA1 iw_residual_dis2 W=1.0 accuracy=0.4615 prediction=0.6242 status=ok
officehome/3/BN_adapt/PCA1 iw_overlap_critic W=2.0 accuracy=0.4615 prediction=0.7129 status=ok
officehome/3/BN_adapt/PCA1 iw_residual_dis2 W=2.0 accuracy=0.4615 prediction=0.7864 status=ok
officehome/3/BN_adapt/PCA1 iw_overlap_critic W=5.0 accuracy=0.4615 prediction=0.8420 status=ok
officehome/3/BN_adapt/PCA1 iw_residual_dis2 W=5.0 accuracy=0.4615 prediction=0.9022 status=ok
officehome/3/BN_adapt/PCA1 dis2_reference W=nan accuracy=0.4615 prediction=0.2541 status=ok
officehome/3/BN_adapt/PCA4 iw_overlap_critic W=1.0 accuracy=0.4615 prediction=0.4311 status=ok
officehome/3/BN_adapt/PCA4 iw_residual_dis2 W=1.0 accuracy=0.4615 prediction=0.6242 status=ok
officehome/3/BN_adapt/PCA4 iw_overlap_critic W=2.0 accuracy=0.4615 prediction=0.7129 status=ok
officehome/3/BN_adapt/PCA4 iw_residual_dis2 W=2.0 accuracy=0.4615 prediction=0.7864 status=ok
officehome/3/BN_adapt/PCA4 iw_overlap_critic W=5.0 accuracy=0.4615 prediction=0.8420 status=ok
/storage/homefs/tf24s166/IW_dis2/disagree_discrep_IW/src/lib/utils.py:43: FutureWarning: You are using `torch.load` with `weights_only=False` (the current default value), which uses the default pickle module implicitly. It is possible to construct malicious pickle data which will execute arbitrary code during unpickling (See https://github.com/pytorch/pytorch/blob/main/SECURITY.md#untrusted-models for more details). In a future release, the default value for `weights_only` will be flipped to `True`. This limits the functions that could be executed during unpickling. Arbitrary objects will no longer be allowed to be loaded via this mode unless they are explicitly allowlisted by the user via `torch.serialization.add_safe_globals`. We recommend you start setting `weights_only=True` for any use case where you don't have full control of the loaded file. Please open an issue on GitHub for any issues related to this experimental feature.
  lin.load_state_dict(torch.load(os.path.join(shift_dir, 'linear.pth'), map_location=device))
/storage/homefs/tf24s166/IW_dis2/disagree_discrep_IW/src/lib/utils.py:43: FutureWarning: You are using `torch.load` with `weights_only=False` (the current default value), which uses the default pickle module implicitly. It is possible to construct malicious pickle data which will execute arbitrary code during unpickling (See https://github.com/pytorch/pytorch/blob/main/SECURITY.md#untrusted-models for more details). In a future release, the default value for `weights_only` will be flipped to `True`. This limits the functions that could be executed during unpickling. Arbitrary objects will no longer be allowed to be loaded via this mode unless they are explicitly allowlisted by the user via `torch.serialization.add_safe_globals`. We recommend you start setting `weights_only=True` for any use case where you don't have full control of the loaded file. Please open an issue on GitHub for any issues related to this experimental feature.
  lin.load_state_dict(torch.load(os.path.join(shift_dir, 'linear.pth'), map_location=device))
officehome/3/BN_adapt/PCA4 iw_residual_dis2 W=5.0 accuracy=0.4615 prediction=0.9022 status=ok
officehome/3/BN_adapt/PCA4 dis2_reference W=nan accuracy=0.4615 prediction=0.2541 status=ok
officehome/3/BN_adapt/PCA16 iw_overlap_critic W=1.0 accuracy=0.4615 prediction=0.3982 status=ok
officehome/3/BN_adapt/PCA16 iw_residual_dis2 W=1.0 accuracy=0.4615 prediction=0.6856 status=ok
officehome/3/BN_adapt/PCA16 iw_overlap_critic W=2.0 accuracy=0.4615 prediction=0.6858 status=ok
officehome/3/BN_adapt/PCA16 iw_residual_dis2 W=2.0 accuracy=0.4615 prediction=0.7718 status=ok
officehome/3/BN_adapt/PCA16 iw_overlap_critic W=5.0 accuracy=0.4615 prediction=0.8615 status=ok
officehome/3/BN_adapt/PCA16 iw_residual_dis2 W=5.0 accuracy=0.4615 prediction=0.8506 status=ok
officehome/3/BN_adapt/PCA16 dis2_reference W=nan accuracy=0.4615 prediction=0.2422 status=ok
officehome/3/BN_adapt/PCA32 iw_overlap_critic W=1.0 accuracy=0.4615 prediction=0.3936 status=ok
officehome/3/BN_adapt/PCA32 iw_residual_dis2 W=1.0 accuracy=0.4615 prediction=0.6755 status=ok
officehome/3/BN_adapt/PCA32 iw_overlap_critic W=2.0 accuracy=0.4615 prediction=0.6498 status=ok
officehome/3/BN_adapt/PCA32 iw_residual_dis2 W=2.0 accuracy=0.4615 prediction=0.8259 status=ok
officehome/3/BN_adapt/PCA32 iw_overlap_critic W=5.0 accuracy=0.4615 prediction=0.8654 status=ok
officehome/3/BN_adapt/PCA32 iw_residual_dis2 W=5.0 accuracy=0.4615 prediction=nan status=unsupported_critic_region
officehome/3/BN_adapt/PCA32 dis2_reference W=nan accuracy=0.4615 prediction=0.1814 status=ok
officehome/3/BN_adapt/PCA64 iw_overlap_critic W=1.0 accuracy=0.4615 prediction=0.3676 status=ok
officehome/3/BN_adapt/PCA64 iw_residual_dis2 W=1.0 accuracy=0.4615 prediction=0.7390 status=ok
officehome/3/BN_adapt/PCA64 iw_overlap_critic W=2.0 accuracy=0.4615 prediction=0.7596 status=ok
officehome/3/BN_adapt/PCA64 iw_residual_dis2 W=2.0 accuracy=0.4615 prediction=0.9057 status=ok
officehome/3/BN_adapt/PCA64 iw_overlap_critic W=5.0 accuracy=0.4615 prediction=nan status=unsupported_critic_region
officehome/3/BN_adapt/PCA64 iw_residual_dis2 W=5.0 accuracy=0.4615 prediction=nan status=unsupported_residual_source_region
officehome/3/BN_adapt/PCA64 dis2_reference W=nan accuracy=0.4615 prediction=0.3190 status=ok
officehome/3/BN_adapt/PCA128 iw_overlap_critic W=1.0 accuracy=0.4615 prediction=0.3697 status=ok
officehome/3/BN_adapt/PCA128 iw_residual_dis2 W=1.0 accuracy=0.4615 prediction=0.7862 status=ok
officehome/3/BN_adapt/PCA128 iw_overlap_critic W=2.0 accuracy=0.4615 prediction=0.6876 status=ok
officehome/3/BN_adapt/PCA128 iw_residual_dis2 W=2.0 accuracy=0.4615 prediction=0.9400 status=ok
officehome/3/BN_adapt/PCA128 iw_overlap_critic W=5.0 accuracy=0.4615 prediction=nan status=unsupported_critic_region
officehome/3/BN_adapt/PCA128 iw_residual_dis2 W=5.0 accuracy=0.4615 prediction=nan status=unsupported_critic_region
officehome/3/BN_adapt/PCA128 dis2_reference W=nan accuracy=0.4615 prediction=0.4470 status=ok
officehome/1/DANN/logits iw_overlap_critic W=1.0 accuracy=0.7194 prediction=0.4912 status=ok
officehome/1/DANN/logits iw_residual_dis2 W=1.0 accuracy=0.7194 prediction=0.8842 status=ok
officehome/1/DANN/logits iw_overlap_critic W=2.0 accuracy=0.7194 prediction=0.9240 status=ok
officehome/1/DANN/logits iw_residual_dis2 W=2.0 accuracy=0.7194 prediction=0.9240 status=ok
officehome/1/DANN/logits iw_overlap_critic W=5.0 accuracy=0.7194 prediction=0.9240 status=ok
officehome/1/DANN/logits iw_residual_dis2 W=5.0 accuracy=0.7194 prediction=0.9240 status=ok
officehome/1/DANN/logits dis2_reference W=nan accuracy=0.7194 prediction=0.5823 status=ok
officehome/1/DANN/features iw_overlap_critic W=1.0 accuracy=0.7194 prediction=0.4819 status=ok
officehome/1/DANN/features iw_residual_dis2 W=1.0 accuracy=0.7194 prediction=0.8239 status=ok
officehome/1/DANN/features iw_overlap_critic W=2.0 accuracy=0.7194 prediction=0.8818 status=ok
officehome/1/DANN/features iw_residual_dis2 W=2.0 accuracy=0.7194 prediction=0.9126 status=ok
officehome/1/DANN/features iw_overlap_critic W=5.0 accuracy=0.7194 prediction=0.9259 status=ok
officehome/1/DANN/features iw_residual_dis2 W=5.0 accuracy=0.7194 prediction=0.9259 status=ok
officehome/1/DANN/features dis2_reference W=nan accuracy=0.7194 prediction=0.5209 status=ok
officehome/1/DANN/PCA1 iw_overlap_critic W=1.0 accuracy=0.7194 prediction=0.4563 status=ok
officehome/1/DANN/PCA1 iw_residual_dis2 W=1.0 accuracy=0.7194 prediction=0.8198 status=ok
officehome/1/DANN/PCA1 iw_overlap_critic W=2.0 accuracy=0.7194 prediction=0.9251 status=ok
officehome/1/DANN/PCA1 iw_residual_dis2 W=2.0 accuracy=0.7194 prediction=0.9251 status=ok
officehome/1/DANN/PCA1 iw_overlap_critic W=5.0 accuracy=0.7194 prediction=0.9251 status=ok
officehome/1/DANN/PCA1 iw_residual_dis2 W=5.0 accuracy=0.7194 prediction=0.9251 status=ok
officehome/1/DANN/PCA1 dis2_reference W=nan accuracy=0.7194 prediction=0.6441 status=ok
officehome/1/DANN/PCA4 iw_overlap_critic W=1.0 accuracy=0.7194 prediction=0.4563 status=ok
officehome/1/DANN/PCA4 iw_residual_dis2 W=1.0 accuracy=0.7194 prediction=0.8198 status=ok
officehome/1/DANN/PCA4 iw_overlap_critic W=2.0 accuracy=0.7194 prediction=0.9251 status=ok
officehome/1/DANN/PCA4 iw_residual_dis2 W=2.0 accuracy=0.7194 prediction=0.9251 status=ok
officehome/1/DANN/PCA4 iw_overlap_critic W=5.0 accuracy=0.7194 prediction=0.9251 status=ok
officehome/1/DANN/PCA4 iw_residual_dis2 W=5.0 accuracy=0.7194 prediction=0.9251 status=ok
officehome/1/DANN/PCA4 dis2_reference W=nan accuracy=0.7194 prediction=0.6441 status=ok
officehome/1/DANN/PCA16 iw_overlap_critic W=1.0 accuracy=0.7194 prediction=0.4865 status=ok
officehome/1/DANN/PCA16 iw_residual_dis2 W=1.0 accuracy=0.7194 prediction=0.8208 status=ok
officehome/1/DANN/PCA16 iw_overlap_critic W=2.0 accuracy=0.7194 prediction=0.9249 status=ok
officehome/1/DANN/PCA16 iw_residual_dis2 W=2.0 accuracy=0.7194 prediction=0.9249 status=ok
officehome/1/DANN/PCA16 iw_overlap_critic W=5.0 accuracy=0.7194 prediction=0.9249 status=ok
officehome/1/DANN/PCA16 iw_residual_dis2 W=5.0 accuracy=0.7194 prediction=0.9249 status=ok
officehome/1/DANN/PCA16 dis2_reference W=nan accuracy=0.7194 prediction=0.5673 status=ok
officehome/1/DANN/PCA32 iw_overlap_critic W=1.0 accuracy=0.7194 prediction=0.5527 status=ok
officehome/1/DANN/PCA32 iw_residual_dis2 W=1.0 accuracy=0.7194 prediction=0.8782 status=ok
officehome/1/DANN/PCA32 iw_overlap_critic W=2.0 accuracy=0.7194 prediction=0.9240 status=ok
officehome/1/DANN/PCA32 iw_residual_dis2 W=2.0 accuracy=0.7194 prediction=0.9240 status=ok
officehome/1/DANN/PCA32 iw_overlap_critic W=5.0 accuracy=0.7194 prediction=0.9240 status=ok
officehome/1/DANN/PCA32 iw_residual_dis2 W=5.0 accuracy=0.7194 prediction=0.9240 status=ok
officehome/1/DANN/PCA32 dis2_reference W=nan accuracy=0.7194 prediction=0.4928 status=ok
officehome/1/DANN/PCA64 iw_overlap_critic W=1.0 accuracy=0.7194 prediction=0.5181 status=ok
officehome/1/DANN/PCA64 iw_residual_dis2 W=1.0 accuracy=0.7194 prediction=0.8607 status=ok
officehome/1/DANN/PCA64 iw_overlap_critic W=2.0 accuracy=0.7194 prediction=0.9250 status=ok
officehome/1/DANN/PCA64 iw_residual_dis2 W=2.0 accuracy=0.7194 prediction=0.9250 status=ok
officehome/1/DANN/PCA64 iw_overlap_critic W=5.0 accuracy=0.7194 prediction=0.9250 status=ok
officehome/1/DANN/PCA64 iw_residual_dis2 W=5.0 accuracy=0.7194 prediction=0.9250 status=ok
officehome/1/DANN/PCA64 dis2_reference W=nan accuracy=0.7194 prediction=0.5712 status=ok
officehome/1/DANN/PCA128 iw_overlap_critic W=1.0 accuracy=0.7194 prediction=0.4883 status=ok
officehome/1/DANN/PCA128 iw_residual_dis2 W=1.0 accuracy=0.7194 prediction=0.8988 status=ok
officehome/1/DANN/PCA128 iw_overlap_critic W=2.0 accuracy=0.7194 prediction=0.9253 status=ok
officehome/1/DANN/PCA128 iw_residual_dis2 W=2.0 accuracy=0.7194 prediction=0.9253 status=ok
officehome/1/DANN/PCA128 iw_overlap_critic W=5.0 accuracy=0.7194 prediction=0.9253 status=ok
officehome/1/DANN/PCA128 iw_residual_dis2 W=5.0 accuracy=0.7194 prediction=0.9253 status=ok
officehome/1/DANN/PCA128 dis2_reference W=nan accuracy=0.7194 prediction=0.6741 status=ok
officehome/2/DANN/logits iw_overlap_critic W=1.0 accuracy=0.4490 prediction=0.4380 status=ok
/storage/homefs/tf24s166/IW_dis2/disagree_discrep_IW/src/lib/utils.py:43: FutureWarning: You are using `torch.load` with `weights_only=False` (the current default value), which uses the default pickle module implicitly. It is possible to construct malicious pickle data which will execute arbitrary code during unpickling (See https://github.com/pytorch/pytorch/blob/main/SECURITY.md#untrusted-models for more details). In a future release, the default value for `weights_only` will be flipped to `True`. This limits the functions that could be executed during unpickling. Arbitrary objects will no longer be allowed to be loaded via this mode unless they are explicitly allowlisted by the user via `torch.serialization.add_safe_globals`. We recommend you start setting `weights_only=True` for any use case where you don't have full control of the loaded file. Please open an issue on GitHub for any issues related to this experimental feature.
  lin.load_state_dict(torch.load(os.path.join(shift_dir, 'linear.pth'), map_location=device))
officehome/2/DANN/logits iw_residual_dis2 W=1.0 accuracy=0.4490 prediction=0.8526 status=ok
officehome/2/DANN/logits iw_overlap_critic W=2.0 accuracy=0.4490 prediction=0.8980 status=ok
officehome/2/DANN/logits iw_residual_dis2 W=2.0 accuracy=0.4490 prediction=0.8980 status=ok
officehome/2/DANN/logits iw_overlap_critic W=5.0 accuracy=0.4490 prediction=0.8953 status=ok
officehome/2/DANN/logits iw_residual_dis2 W=5.0 accuracy=0.4490 prediction=0.8953 status=ok
officehome/2/DANN/logits dis2_reference W=nan accuracy=0.4490 prediction=0.4808 status=ok
officehome/2/DANN/features iw_overlap_critic W=1.0 accuracy=0.4490 prediction=0.4341 status=ok
officehome/2/DANN/features iw_residual_dis2 W=1.0 accuracy=0.4490 prediction=0.7239 status=ok
officehome/2/DANN/features iw_overlap_critic W=2.0 accuracy=0.4490 prediction=0.7613 status=ok
officehome/2/DANN/features iw_residual_dis2 W=2.0 accuracy=0.4490 prediction=0.8189 status=ok
officehome/2/DANN/features iw_overlap_critic W=5.0 accuracy=0.4490 prediction=0.8897 status=ok
officehome/2/DANN/features iw_residual_dis2 W=5.0 accuracy=0.4490 prediction=nan status=unsupported_residual_source_region
officehome/2/DANN/features dis2_reference W=nan accuracy=0.4490 prediction=0.3738 status=ok
officehome/2/DANN/PCA1 iw_overlap_critic W=1.0 accuracy=0.4490 prediction=0.4840 status=ok
officehome/2/DANN/PCA1 iw_residual_dis2 W=1.0 accuracy=0.4490 prediction=0.7936 status=ok
officehome/2/DANN/PCA1 iw_overlap_critic W=2.0 accuracy=0.4490 prediction=0.9054 status=ok
officehome/2/DANN/PCA1 iw_residual_dis2 W=2.0 accuracy=0.4490 prediction=0.9054 status=ok
officehome/2/DANN/PCA1 iw_overlap_critic W=5.0 accuracy=0.4490 prediction=0.8984 status=ok
officehome/2/DANN/PCA1 iw_residual_dis2 W=5.0 accuracy=0.4490 prediction=0.8984 status=ok
officehome/2/DANN/PCA1 dis2_reference W=nan accuracy=0.4490 prediction=0.4118 status=ok
officehome/2/DANN/PCA4 iw_overlap_critic W=1.0 accuracy=0.4490 prediction=0.4840 status=ok
officehome/2/DANN/PCA4 iw_residual_dis2 W=1.0 accuracy=0.4490 prediction=0.7936 status=ok
officehome/2/DANN/PCA4 iw_overlap_critic W=2.0 accuracy=0.4490 prediction=0.9054 status=ok
officehome/2/DANN/PCA4 iw_residual_dis2 W=2.0 accuracy=0.4490 prediction=0.9054 status=ok
officehome/2/DANN/PCA4 iw_overlap_critic W=5.0 accuracy=0.4490 prediction=0.8984 status=ok
officehome/2/DANN/PCA4 iw_residual_dis2 W=5.0 accuracy=0.4490 prediction=0.8984 status=ok
officehome/2/DANN/PCA4 dis2_reference W=nan accuracy=0.4490 prediction=0.4118 status=ok
officehome/2/DANN/PCA16 iw_overlap_critic W=1.0 accuracy=0.4490 prediction=0.4642 status=ok
officehome/2/DANN/PCA16 iw_residual_dis2 W=1.0 accuracy=0.4490 prediction=0.7825 status=ok
officehome/2/DANN/PCA16 iw_overlap_critic W=2.0 accuracy=0.4490 prediction=0.8998 status=ok
officehome/2/DANN/PCA16 iw_residual_dis2 W=2.0 accuracy=0.4490 prediction=0.9042 status=ok
officehome/2/DANN/PCA16 iw_overlap_critic W=5.0 accuracy=0.4490 prediction=0.8959 status=ok
officehome/2/DANN/PCA16 iw_residual_dis2 W=5.0 accuracy=0.4490 prediction=0.8959 status=ok
officehome/2/DANN/PCA16 dis2_reference W=nan accuracy=0.4490 prediction=0.4293 status=ok
officehome/2/DANN/PCA32 iw_overlap_critic W=1.0 accuracy=0.4490 prediction=0.4525 status=ok
officehome/2/DANN/PCA32 iw_residual_dis2 W=1.0 accuracy=0.4490 prediction=0.8040 status=ok
officehome/2/DANN/PCA32 iw_overlap_critic W=2.0 accuracy=0.4490 prediction=0.8985 status=ok
officehome/2/DANN/PCA32 iw_residual_dis2 W=2.0 accuracy=0.4490 prediction=0.8985 status=ok
officehome/2/DANN/PCA32 iw_overlap_critic W=5.0 accuracy=0.4490 prediction=0.8985 status=ok
officehome/2/DANN/PCA32 iw_residual_dis2 W=5.0 accuracy=0.4490 prediction=0.8985 status=ok
officehome/2/DANN/PCA32 dis2_reference W=nan accuracy=0.4490 prediction=0.4567 status=ok
officehome/2/DANN/PCA64 iw_overlap_critic W=1.0 accuracy=0.4490 prediction=0.4603 status=ok
officehome/2/DANN/PCA64 iw_residual_dis2 W=1.0 accuracy=0.4490 prediction=0.9025 status=ok
officehome/2/DANN/PCA64 iw_overlap_critic W=2.0 accuracy=0.4490 prediction=0.9034 status=ok
officehome/2/DANN/PCA64 iw_residual_dis2 W=2.0 accuracy=0.4490 prediction=0.9034 status=ok
officehome/2/DANN/PCA64 iw_overlap_critic W=5.0 accuracy=0.4490 prediction=0.9034 status=ok
officehome/2/DANN/PCA64 iw_residual_dis2 W=5.0 accuracy=0.4490 prediction=0.9034 status=ok
officehome/2/DANN/PCA64 dis2_reference W=nan accuracy=0.4490 prediction=0.5885 status=ok
officehome/2/DANN/PCA128 iw_overlap_critic W=1.0 accuracy=0.4490 prediction=0.4822 status=ok
officehome/2/DANN/PCA128 iw_residual_dis2 W=1.0 accuracy=0.4490 prediction=0.9040 status=ok
officehome/2/DANN/PCA128 iw_overlap_critic W=2.0 accuracy=0.4490 prediction=0.9022 status=ok
officehome/2/DANN/PCA128 iw_residual_dis2 W=2.0 accuracy=0.4490 prediction=0.9022 status=ok
officehome/2/DANN/PCA128 iw_overlap_critic W=5.0 accuracy=0.4490 prediction=0.9022 status=ok
officehome/2/DANN/PCA128 iw_residual_dis2 W=5.0 accuracy=0.4490 prediction=0.9022 status=ok
officehome/2/DANN/PCA128 dis2_reference W=nan accuracy=0.4490 prediction=0.6413 status=ok
officehome/3/DANN/logits iw_overlap_critic W=1.0 accuracy=0.5365 prediction=0.4583 status=ok
officehome/3/DANN/logits iw_residual_dis2 W=1.0 accuracy=0.5365 prediction=0.7918 status=ok
officehome/3/DANN/logits iw_overlap_critic W=2.0 accuracy=0.5365 prediction=0.9133 status=ok
officehome/3/DANN/logits iw_residual_dis2 W=2.0 accuracy=0.5365 prediction=0.9133 status=ok
officehome/3/DANN/logits iw_overlap_critic W=5.0 accuracy=0.5365 prediction=0.9133 status=ok
officehome/3/DANN/logits iw_residual_dis2 W=5.0 accuracy=0.5365 prediction=0.9133 status=ok
officehome/3/DANN/logits dis2_reference W=nan accuracy=0.5365 prediction=0.4793 status=ok
officehome/3/DANN/features iw_overlap_critic W=1.0 accuracy=0.5365 prediction=0.4559 status=ok
officehome/3/DANN/features iw_residual_dis2 W=1.0 accuracy=0.5365 prediction=0.7075 status=ok
officehome/3/DANN/features iw_overlap_critic W=2.0 accuracy=0.5365 prediction=0.6336 status=ok
officehome/3/DANN/features iw_residual_dis2 W=2.0 accuracy=0.5365 prediction=0.7167 status=ok
officehome/3/DANN/features iw_overlap_critic W=5.0 accuracy=0.5365 prediction=0.7623 status=ok
officehome/3/DANN/features iw_residual_dis2 W=5.0 accuracy=0.5365 prediction=0.8456 status=ok
officehome/3/DANN/features dis2_reference W=nan accuracy=0.5365 prediction=0.3628 status=ok
officehome/3/DANN/PCA1 iw_overlap_critic W=1.0 accuracy=0.5365 prediction=0.5099 status=ok
officehome/3/DANN/PCA1 iw_residual_dis2 W=1.0 accuracy=0.5365 prediction=0.7964 status=ok
officehome/3/DANN/PCA1 iw_overlap_critic W=2.0 accuracy=0.5365 prediction=0.8905 status=ok
officehome/3/DANN/PCA1 iw_residual_dis2 W=2.0 accuracy=0.5365 prediction=0.9184 status=ok
officehome/3/DANN/PCA1 iw_overlap_critic W=5.0 accuracy=0.5365 prediction=0.9043 status=ok
officehome/3/DANN/PCA1 iw_residual_dis2 W=5.0 accuracy=0.5365 prediction=0.9043 status=ok
officehome/3/DANN/PCA1 dis2_reference W=nan accuracy=0.5365 prediction=0.4705 status=ok
officehome/3/DANN/PCA4 iw_overlap_critic W=1.0 accuracy=0.5365 prediction=0.5099 status=ok
officehome/3/DANN/PCA4 iw_residual_dis2 W=1.0 accuracy=0.5365 prediction=0.7964 status=ok
officehome/3/DANN/PCA4 iw_overlap_critic W=2.0 accuracy=0.5365 prediction=0.8905 status=ok
officehome/3/DANN/PCA4 iw_residual_dis2 W=2.0 accuracy=0.5365 prediction=0.9184 status=ok
officehome/3/DANN/PCA4 iw_overlap_critic W=5.0 accuracy=0.5365 prediction=0.9043 status=ok
officehome/3/DANN/PCA4 iw_residual_dis2 W=5.0 accuracy=0.5365 prediction=0.9043 status=ok
officehome/3/DANN/PCA4 dis2_reference W=nan accuracy=0.5365 prediction=0.4705 status=ok
officehome/3/DANN/PCA16 iw_overlap_critic W=1.0 accuracy=0.5365 prediction=0.5005 status=ok
officehome/3/DANN/PCA16 iw_residual_dis2 W=1.0 accuracy=0.5365 prediction=0.7240 status=ok
officehome/3/DANN/PCA16 iw_overlap_critic W=2.0 accuracy=0.5365 prediction=0.8513 status=ok
officehome/3/DANN/PCA16 iw_residual_dis2 W=2.0 accuracy=0.5365 prediction=0.9027 status=ok
officehome/3/DANN/PCA16 iw_overlap_critic W=5.0 accuracy=0.5365 prediction=0.9104 status=ok
officehome/3/DANN/PCA16 iw_residual_dis2 W=5.0 accuracy=0.5365 prediction=0.9104 status=ok
/storage/homefs/tf24s166/IW_dis2/disagree_discrep_IW/src/lib/utils.py:43: FutureWarning: You are using `torch.load` with `weights_only=False` (the current default value), which uses the default pickle module implicitly. It is possible to construct malicious pickle data which will execute arbitrary code during unpickling (See https://github.com/pytorch/pytorch/blob/main/SECURITY.md#untrusted-models for more details). In a future release, the default value for `weights_only` will be flipped to `True`. This limits the functions that could be executed during unpickling. Arbitrary objects will no longer be allowed to be loaded via this mode unless they are explicitly allowlisted by the user via `torch.serialization.add_safe_globals`. We recommend you start setting `weights_only=True` for any use case where you don't have full control of the loaded file. Please open an issue on GitHub for any issues related to this experimental feature.
  lin.load_state_dict(torch.load(os.path.join(shift_dir, 'linear.pth'), map_location=device))
/storage/homefs/tf24s166/IW_dis2/disagree_discrep_IW/src/lib/utils.py:43: FutureWarning: You are using `torch.load` with `weights_only=False` (the current default value), which uses the default pickle module implicitly. It is possible to construct malicious pickle data which will execute arbitrary code during unpickling (See https://github.com/pytorch/pytorch/blob/main/SECURITY.md#untrusted-models for more details). In a future release, the default value for `weights_only` will be flipped to `True`. This limits the functions that could be executed during unpickling. Arbitrary objects will no longer be allowed to be loaded via this mode unless they are explicitly allowlisted by the user via `torch.serialization.add_safe_globals`. We recommend you start setting `weights_only=True` for any use case where you don't have full control of the loaded file. Please open an issue on GitHub for any issues related to this experimental feature.
  lin.load_state_dict(torch.load(os.path.join(shift_dir, 'linear.pth'), map_location=device))
officehome/3/DANN/PCA16 dis2_reference W=nan accuracy=0.5365 prediction=0.3594 status=ok
officehome/3/DANN/PCA32 iw_overlap_critic W=1.0 accuracy=0.5365 prediction=0.4607 status=ok
officehome/3/DANN/PCA32 iw_residual_dis2 W=1.0 accuracy=0.5365 prediction=0.7250 status=ok
officehome/3/DANN/PCA32 iw_overlap_critic W=2.0 accuracy=0.5365 prediction=0.9174 status=ok
officehome/3/DANN/PCA32 iw_residual_dis2 W=2.0 accuracy=0.5365 prediction=0.9174 status=ok
officehome/3/DANN/PCA32 iw_overlap_critic W=5.0 accuracy=0.5365 prediction=0.9174 status=ok
officehome/3/DANN/PCA32 iw_residual_dis2 W=5.0 accuracy=0.5365 prediction=0.9174 status=ok
officehome/3/DANN/PCA32 dis2_reference W=nan accuracy=0.5365 prediction=0.3968 status=ok
officehome/3/DANN/PCA64 iw_overlap_critic W=1.0 accuracy=0.5365 prediction=0.4569 status=ok
officehome/3/DANN/PCA64 iw_residual_dis2 W=1.0 accuracy=0.5365 prediction=0.7155 status=ok
officehome/3/DANN/PCA64 iw_overlap_critic W=2.0 accuracy=0.5365 prediction=0.9149 status=ok
officehome/3/DANN/PCA64 iw_residual_dis2 W=2.0 accuracy=0.5365 prediction=0.9149 status=ok
officehome/3/DANN/PCA64 iw_overlap_critic W=5.0 accuracy=0.5365 prediction=0.9149 status=ok
officehome/3/DANN/PCA64 iw_residual_dis2 W=5.0 accuracy=0.5365 prediction=0.9149 status=ok
officehome/3/DANN/PCA64 dis2_reference W=nan accuracy=0.5365 prediction=0.5285 status=ok
officehome/3/DANN/PCA128 iw_overlap_critic W=1.0 accuracy=0.5365 prediction=0.4070 status=ok
officehome/3/DANN/PCA128 iw_residual_dis2 W=1.0 accuracy=0.5365 prediction=0.8809 status=ok
officehome/3/DANN/PCA128 iw_overlap_critic W=2.0 accuracy=0.5365 prediction=0.9134 status=ok
officehome/3/DANN/PCA128 iw_residual_dis2 W=2.0 accuracy=0.5365 prediction=0.9134 status=ok
officehome/3/DANN/PCA128 iw_overlap_critic W=5.0 accuracy=0.5365 prediction=0.9134 status=ok
officehome/3/DANN/PCA128 iw_residual_dis2 W=5.0 accuracy=0.5365 prediction=0.9134 status=ok
officehome/3/DANN/PCA128 dis2_reference W=nan accuracy=0.5365 prediction=0.5893 status=ok
officehome/1/CDANN/logits iw_overlap_critic W=1.0 accuracy=0.7305 prediction=0.4178 status=ok
officehome/1/CDANN/logits iw_residual_dis2 W=1.0 accuracy=0.7305 prediction=0.8674 status=ok
officehome/1/CDANN/logits iw_overlap_critic W=2.0 accuracy=0.7305 prediction=0.9032 status=ok
officehome/1/CDANN/logits iw_residual_dis2 W=2.0 accuracy=0.7305 prediction=0.9208 status=ok
officehome/1/CDANN/logits iw_overlap_critic W=5.0 accuracy=0.7305 prediction=0.9208 status=ok
officehome/1/CDANN/logits iw_residual_dis2 W=5.0 accuracy=0.7305 prediction=0.9208 status=ok
officehome/1/CDANN/logits dis2_reference W=nan accuracy=0.7305 prediction=0.5782 status=ok
officehome/1/CDANN/features iw_overlap_critic W=1.0 accuracy=0.7305 prediction=0.4086 status=ok
officehome/1/CDANN/features iw_residual_dis2 W=1.0 accuracy=0.7305 prediction=0.8238 status=ok
officehome/1/CDANN/features iw_overlap_critic W=2.0 accuracy=0.7305 prediction=0.8350 status=ok
officehome/1/CDANN/features iw_residual_dis2 W=2.0 accuracy=0.7305 prediction=0.8890 status=ok
officehome/1/CDANN/features iw_overlap_critic W=5.0 accuracy=0.7305 prediction=nan status=unsupported_critic_region
officehome/1/CDANN/features iw_residual_dis2 W=5.0 accuracy=0.7305 prediction=nan status=unsupported_residual_source_region
officehome/1/CDANN/features dis2_reference W=nan accuracy=0.7305 prediction=0.6782 status=ok
officehome/1/CDANN/PCA1 iw_overlap_critic W=1.0 accuracy=0.7305 prediction=0.4652 status=ok
officehome/1/CDANN/PCA1 iw_residual_dis2 W=1.0 accuracy=0.7305 prediction=0.8643 status=ok
officehome/1/CDANN/PCA1 iw_overlap_critic W=2.0 accuracy=0.7305 prediction=0.8909 status=ok
officehome/1/CDANN/PCA1 iw_residual_dis2 W=2.0 accuracy=0.7305 prediction=0.9041 status=ok
officehome/1/CDANN/PCA1 iw_overlap_critic W=5.0 accuracy=0.7305 prediction=nan status=unsupported_critic_region
officehome/1/CDANN/PCA1 iw_residual_dis2 W=5.0 accuracy=0.7305 prediction=nan status=unsupported_residual_source_region
officehome/1/CDANN/PCA1 dis2_reference W=nan accuracy=0.7305 prediction=0.5425 status=ok
officehome/1/CDANN/PCA4 iw_overlap_critic W=1.0 accuracy=0.7305 prediction=0.4920 status=ok
officehome/1/CDANN/PCA4 iw_residual_dis2 W=1.0 accuracy=0.7305 prediction=0.8591 status=ok
officehome/1/CDANN/PCA4 iw_overlap_critic W=2.0 accuracy=0.7305 prediction=nan status=unsupported_critic_region
officehome/1/CDANN/PCA4 iw_residual_dis2 W=2.0 accuracy=0.7305 prediction=nan status=unsupported_critic_region
officehome/1/CDANN/PCA4 iw_overlap_critic W=5.0 accuracy=0.7305 prediction=0.9208 status=ok
officehome/1/CDANN/PCA4 iw_residual_dis2 W=5.0 accuracy=0.7305 prediction=0.9208 status=ok
officehome/1/CDANN/PCA4 dis2_reference W=nan accuracy=0.7305 prediction=0.4858 status=ok
officehome/1/CDANN/PCA16 iw_overlap_critic W=1.0 accuracy=0.7305 prediction=0.4259 status=ok
officehome/1/CDANN/PCA16 iw_residual_dis2 W=1.0 accuracy=0.7305 prediction=0.8640 status=ok
officehome/1/CDANN/PCA16 iw_overlap_critic W=2.0 accuracy=0.7305 prediction=0.8667 status=ok
officehome/1/CDANN/PCA16 iw_residual_dis2 W=2.0 accuracy=0.7305 prediction=0.9196 status=ok
officehome/1/CDANN/PCA16 iw_overlap_critic W=5.0 accuracy=0.7305 prediction=0.9152 status=ok
officehome/1/CDANN/PCA16 iw_residual_dis2 W=5.0 accuracy=0.7305 prediction=0.9152 status=ok
officehome/1/CDANN/PCA16 dis2_reference W=nan accuracy=0.7305 prediction=0.6242 status=ok
officehome/1/CDANN/PCA32 iw_overlap_critic W=1.0 accuracy=0.7305 prediction=0.4295 status=ok
officehome/1/CDANN/PCA32 iw_residual_dis2 W=1.0 accuracy=0.7305 prediction=0.8766 status=ok
officehome/1/CDANN/PCA32 iw_overlap_critic W=2.0 accuracy=0.7305 prediction=0.8858 status=ok
officehome/1/CDANN/PCA32 iw_residual_dis2 W=2.0 accuracy=0.7305 prediction=0.9144 status=ok
officehome/1/CDANN/PCA32 iw_overlap_critic W=5.0 accuracy=0.7305 prediction=0.9113 status=ok
officehome/1/CDANN/PCA32 iw_residual_dis2 W=5.0 accuracy=0.7305 prediction=0.9113 status=ok
officehome/1/CDANN/PCA32 dis2_reference W=nan accuracy=0.7305 prediction=0.6662 status=ok
officehome/1/CDANN/PCA64 iw_overlap_critic W=1.0 accuracy=0.7305 prediction=0.4843 status=ok
officehome/1/CDANN/PCA64 iw_residual_dis2 W=1.0 accuracy=0.7305 prediction=0.8971 status=ok
officehome/1/CDANN/PCA64 iw_overlap_critic W=2.0 accuracy=0.7305 prediction=0.9131 status=ok
officehome/1/CDANN/PCA64 iw_residual_dis2 W=2.0 accuracy=0.7305 prediction=0.9131 status=ok
officehome/1/CDANN/PCA64 iw_overlap_critic W=5.0 accuracy=0.7305 prediction=0.9131 status=ok
officehome/1/CDANN/PCA64 iw_residual_dis2 W=5.0 accuracy=0.7305 prediction=0.9131 status=ok
officehome/1/CDANN/PCA64 dis2_reference W=nan accuracy=0.7305 prediction=0.6690 status=ok
officehome/1/CDANN/PCA128 iw_overlap_critic W=1.0 accuracy=0.7305 prediction=0.5089 status=ok
officehome/1/CDANN/PCA128 iw_residual_dis2 W=1.0 accuracy=0.7305 prediction=0.8961 status=ok
officehome/1/CDANN/PCA128 iw_overlap_critic W=2.0 accuracy=0.7305 prediction=0.9125 status=ok
officehome/1/CDANN/PCA128 iw_residual_dis2 W=2.0 accuracy=0.7305 prediction=0.9125 status=ok
officehome/1/CDANN/PCA128 iw_overlap_critic W=5.0 accuracy=0.7305 prediction=0.9125 status=ok
officehome/1/CDANN/PCA128 iw_residual_dis2 W=5.0 accuracy=0.7305 prediction=0.9125 status=ok
officehome/1/CDANN/PCA128 dis2_reference W=nan accuracy=0.7305 prediction=0.6517 status=ok
officehome/2/CDANN/logits iw_overlap_critic W=1.0 accuracy=0.4502 prediction=0.3265 status=ok
officehome/2/CDANN/logits iw_residual_dis2 W=1.0 accuracy=0.4502 prediction=0.7861 status=ok
officehome/2/CDANN/logits iw_overlap_critic W=2.0 accuracy=0.4502 prediction=0.5215 status=ok
officehome/2/CDANN/logits iw_residual_dis2 W=2.0 accuracy=0.4502 prediction=0.7875 status=ok
officehome/2/CDANN/logits iw_overlap_critic W=5.0 accuracy=0.4502 prediction=0.7395 status=ok
officehome/2/CDANN/logits iw_residual_dis2 W=5.0 accuracy=0.4502 prediction=0.8257 status=ok
officehome/2/CDANN/logits dis2_reference W=nan accuracy=0.4502 prediction=0.5083 status=ok
officehome/2/CDANN/features iw_overlap_critic W=1.0 accuracy=0.4502 prediction=0.2860 status=ok
officehome/2/CDANN/features iw_residual_dis2 W=1.0 accuracy=0.4502 prediction=0.6063 status=ok
/storage/homefs/tf24s166/IW_dis2/disagree_discrep_IW/src/lib/utils.py:43: FutureWarning: You are using `torch.load` with `weights_only=False` (the current default value), which uses the default pickle module implicitly. It is possible to construct malicious pickle data which will execute arbitrary code during unpickling (See https://github.com/pytorch/pytorch/blob/main/SECURITY.md#untrusted-models for more details). In a future release, the default value for `weights_only` will be flipped to `True`. This limits the functions that could be executed during unpickling. Arbitrary objects will no longer be allowed to be loaded via this mode unless they are explicitly allowlisted by the user via `torch.serialization.add_safe_globals`. We recommend you start setting `weights_only=True` for any use case where you don't have full control of the loaded file. Please open an issue on GitHub for any issues related to this experimental feature.
  lin.load_state_dict(torch.load(os.path.join(shift_dir, 'linear.pth'), map_location=device))
officehome/2/CDANN/features iw_overlap_critic W=2.0 accuracy=0.4502 prediction=0.4203 status=ok
officehome/2/CDANN/features iw_residual_dis2 W=2.0 accuracy=0.4502 prediction=0.6142 status=ok
officehome/2/CDANN/features iw_overlap_critic W=5.0 accuracy=0.4502 prediction=0.5940 status=ok
officehome/2/CDANN/features iw_residual_dis2 W=5.0 accuracy=0.4502 prediction=0.7112 status=ok
officehome/2/CDANN/features dis2_reference W=nan accuracy=0.4502 prediction=0.4064 status=ok
officehome/2/CDANN/PCA1 iw_overlap_critic W=1.0 accuracy=0.4502 prediction=0.3533 status=ok
officehome/2/CDANN/PCA1 iw_residual_dis2 W=1.0 accuracy=0.4502 prediction=0.6822 status=ok
officehome/2/CDANN/PCA1 iw_overlap_critic W=2.0 accuracy=0.4502 prediction=0.4949 status=ok
officehome/2/CDANN/PCA1 iw_residual_dis2 W=2.0 accuracy=0.4502 prediction=0.7250 status=ok
officehome/2/CDANN/PCA1 iw_overlap_critic W=5.0 accuracy=0.4502 prediction=0.6805 status=ok
officehome/2/CDANN/PCA1 iw_residual_dis2 W=5.0 accuracy=0.4502 prediction=0.8291 status=ok
officehome/2/CDANN/PCA1 dis2_reference W=nan accuracy=0.4502 prediction=0.4037 status=ok
officehome/2/CDANN/PCA4 iw_overlap_critic W=1.0 accuracy=0.4502 prediction=0.3266 status=ok
officehome/2/CDANN/PCA4 iw_residual_dis2 W=1.0 accuracy=0.4502 prediction=0.6591 status=ok
officehome/2/CDANN/PCA4 iw_overlap_critic W=2.0 accuracy=0.4502 prediction=0.4877 status=ok
officehome/2/CDANN/PCA4 iw_residual_dis2 W=2.0 accuracy=0.4502 prediction=0.7081 status=ok
officehome/2/CDANN/PCA4 iw_overlap_critic W=5.0 accuracy=0.4502 prediction=0.6651 status=ok
officehome/2/CDANN/PCA4 iw_residual_dis2 W=5.0 accuracy=0.4502 prediction=0.8067 status=ok
officehome/2/CDANN/PCA4 dis2_reference W=nan accuracy=0.4502 prediction=0.4010 status=ok
officehome/2/CDANN/PCA16 iw_overlap_critic W=1.0 accuracy=0.4502 prediction=0.3830 status=ok
officehome/2/CDANN/PCA16 iw_residual_dis2 W=1.0 accuracy=0.4502 prediction=0.8532 status=ok
officehome/2/CDANN/PCA16 iw_overlap_critic W=2.0 accuracy=0.4502 prediction=0.5964 status=ok
officehome/2/CDANN/PCA16 iw_residual_dis2 W=2.0 accuracy=0.4502 prediction=0.7773 status=ok
officehome/2/CDANN/PCA16 iw_overlap_critic W=5.0 accuracy=0.4502 prediction=0.8060 status=ok
officehome/2/CDANN/PCA16 iw_residual_dis2 W=5.0 accuracy=0.4502 prediction=0.8547 status=ok
officehome/2/CDANN/PCA16 dis2_reference W=nan accuracy=0.4502 prediction=0.5339 status=ok
officehome/2/CDANN/PCA32 iw_overlap_critic W=1.0 accuracy=0.4502 prediction=0.4381 status=ok
officehome/2/CDANN/PCA32 iw_residual_dis2 W=1.0 accuracy=0.4502 prediction=0.8558 status=ok
officehome/2/CDANN/PCA32 iw_overlap_critic W=2.0 accuracy=0.4502 prediction=0.7377 status=ok
officehome/2/CDANN/PCA32 iw_residual_dis2 W=2.0 accuracy=0.4502 prediction=0.8581 status=ok
officehome/2/CDANN/PCA32 iw_overlap_critic W=5.0 accuracy=0.4502 prediction=0.8494 status=ok
officehome/2/CDANN/PCA32 iw_residual_dis2 W=5.0 accuracy=0.4502 prediction=0.8671 status=ok
officehome/2/CDANN/PCA32 dis2_reference W=nan accuracy=0.4502 prediction=0.5820 status=ok
officehome/2/CDANN/PCA64 iw_overlap_critic W=1.0 accuracy=0.4502 prediction=0.4603 status=ok
officehome/2/CDANN/PCA64 iw_residual_dis2 W=1.0 accuracy=0.4502 prediction=0.8863 status=ok
officehome/2/CDANN/PCA64 iw_overlap_critic W=2.0 accuracy=0.4502 prediction=0.8326 status=ok
officehome/2/CDANN/PCA64 iw_residual_dis2 W=2.0 accuracy=0.4502 prediction=nan status=unsupported_critic_region
officehome/2/CDANN/PCA64 iw_overlap_critic W=5.0 accuracy=0.4502 prediction=0.8724 status=ok
officehome/2/CDANN/PCA64 iw_residual_dis2 W=5.0 accuracy=0.4502 prediction=0.8724 status=ok
officehome/2/CDANN/PCA64 dis2_reference W=nan accuracy=0.4502 prediction=0.6279 status=ok
officehome/2/CDANN/PCA128 iw_overlap_critic W=1.0 accuracy=0.4502 prediction=0.5088 status=ok
officehome/2/CDANN/PCA128 iw_residual_dis2 W=1.0 accuracy=0.4502 prediction=0.8868 status=ok
officehome/2/CDANN/PCA128 iw_overlap_critic W=2.0 accuracy=0.4502 prediction=0.8852 status=ok
officehome/2/CDANN/PCA128 iw_residual_dis2 W=2.0 accuracy=0.4502 prediction=0.8852 status=ok
officehome/2/CDANN/PCA128 iw_overlap_critic W=5.0 accuracy=0.4502 prediction=0.8852 status=ok
officehome/2/CDANN/PCA128 iw_residual_dis2 W=5.0 accuracy=0.4502 prediction=0.8852 status=ok
officehome/2/CDANN/PCA128 dis2_reference W=nan accuracy=0.4502 prediction=0.6486 status=ok
officehome/3/CDANN/logits iw_overlap_critic W=1.0 accuracy=0.5365 prediction=0.3621 status=ok
officehome/3/CDANN/logits iw_residual_dis2 W=1.0 accuracy=0.5365 prediction=0.6834 status=ok
officehome/3/CDANN/logits iw_overlap_critic W=2.0 accuracy=0.5365 prediction=0.5607 status=ok
officehome/3/CDANN/logits iw_residual_dis2 W=2.0 accuracy=0.5365 prediction=0.8902 status=ok
officehome/3/CDANN/logits iw_overlap_critic W=5.0 accuracy=0.5365 prediction=0.8497 status=ok
officehome/3/CDANN/logits iw_residual_dis2 W=5.0 accuracy=0.5365 prediction=0.9060 status=ok
officehome/3/CDANN/logits dis2_reference W=nan accuracy=0.5365 prediction=0.4796 status=ok
officehome/3/CDANN/features iw_overlap_critic W=1.0 accuracy=0.5365 prediction=0.3393 status=ok
officehome/3/CDANN/features iw_residual_dis2 W=1.0 accuracy=0.5365 prediction=0.7316 status=ok
officehome/3/CDANN/features iw_overlap_critic W=2.0 accuracy=0.5365 prediction=0.4899 status=ok
officehome/3/CDANN/features iw_residual_dis2 W=2.0 accuracy=0.5365 prediction=0.8192 status=ok
officehome/3/CDANN/features iw_overlap_critic W=5.0 accuracy=0.5365 prediction=0.5466 status=ok
officehome/3/CDANN/features iw_residual_dis2 W=5.0 accuracy=0.5365 prediction=0.6820 status=ok
officehome/3/CDANN/features dis2_reference W=nan accuracy=0.5365 prediction=0.4052 status=ok
officehome/3/CDANN/PCA1 iw_overlap_critic W=1.0 accuracy=0.5365 prediction=0.3174 status=ok
officehome/3/CDANN/PCA1 iw_residual_dis2 W=1.0 accuracy=0.5365 prediction=0.7496 status=ok
officehome/3/CDANN/PCA1 iw_overlap_critic W=2.0 accuracy=0.5365 prediction=0.4419 status=ok
officehome/3/CDANN/PCA1 iw_residual_dis2 W=2.0 accuracy=0.5365 prediction=0.7688 status=ok
officehome/3/CDANN/PCA1 iw_overlap_critic W=5.0 accuracy=0.5365 prediction=0.6446 status=ok
officehome/3/CDANN/PCA1 iw_residual_dis2 W=5.0 accuracy=0.5365 prediction=0.8204 status=ok
officehome/3/CDANN/PCA1 dis2_reference W=nan accuracy=0.5365 prediction=0.3703 status=ok
officehome/3/CDANN/PCA4 iw_overlap_critic W=1.0 accuracy=0.5365 prediction=0.3535 status=ok
officehome/3/CDANN/PCA4 iw_residual_dis2 W=1.0 accuracy=0.5365 prediction=0.7255 status=ok
officehome/3/CDANN/PCA4 iw_overlap_critic W=2.0 accuracy=0.5365 prediction=0.5367 status=ok
officehome/3/CDANN/PCA4 iw_residual_dis2 W=2.0 accuracy=0.5365 prediction=0.8030 status=ok
officehome/3/CDANN/PCA4 iw_overlap_critic W=5.0 accuracy=0.5365 prediction=0.6382 status=ok
officehome/3/CDANN/PCA4 iw_residual_dis2 W=5.0 accuracy=0.5365 prediction=0.7749 status=ok
officehome/3/CDANN/PCA4 dis2_reference W=nan accuracy=0.5365 prediction=0.3577 status=ok
officehome/3/CDANN/PCA16 iw_overlap_critic W=1.0 accuracy=0.5365 prediction=0.3305 status=ok
officehome/3/CDANN/PCA16 iw_residual_dis2 W=1.0 accuracy=0.5365 prediction=0.8425 status=ok
officehome/3/CDANN/PCA16 iw_overlap_critic W=2.0 accuracy=0.5365 prediction=0.5200 status=ok
officehome/3/CDANN/PCA16 iw_residual_dis2 W=2.0 accuracy=0.5365 prediction=0.8716 status=ok
officehome/3/CDANN/PCA16 iw_overlap_critic W=5.0 accuracy=0.5365 prediction=0.7487 status=ok
officehome/3/CDANN/PCA16 iw_residual_dis2 W=5.0 accuracy=0.5365 prediction=0.9128 status=ok
officehome/3/CDANN/PCA16 dis2_reference W=nan accuracy=0.5365 prediction=0.5727 status=ok
officehome/3/CDANN/PCA32 iw_overlap_critic W=1.0 accuracy=0.5365 prediction=0.3350 status=ok
officehome/3/CDANN/PCA32 iw_residual_dis2 W=1.0 accuracy=0.5365 prediction=0.8791 status=ok
officehome/3/CDANN/PCA32 iw_overlap_critic W=2.0 accuracy=0.5365 prediction=0.5054 status=ok
officehome/3/CDANN/PCA32 iw_residual_dis2 W=2.0 accuracy=0.5365 prediction=0.9335 status=ok
officehome/3/CDANN/PCA32 iw_overlap_critic W=5.0 accuracy=0.5365 prediction=0.7476 status=ok
officehome/3/CDANN/PCA32 iw_residual_dis2 W=5.0 accuracy=0.5365 prediction=0.9351 status=ok
/storage/homefs/tf24s166/IW_dis2/disagree_discrep_IW/src/lib/utils.py:43: FutureWarning: You are using `torch.load` with `weights_only=False` (the current default value), which uses the default pickle module implicitly. It is possible to construct malicious pickle data which will execute arbitrary code during unpickling (See https://github.com/pytorch/pytorch/blob/main/SECURITY.md#untrusted-models for more details). In a future release, the default value for `weights_only` will be flipped to `True`. This limits the functions that could be executed during unpickling. Arbitrary objects will no longer be allowed to be loaded via this mode unless they are explicitly allowlisted by the user via `torch.serialization.add_safe_globals`. We recommend you start setting `weights_only=True` for any use case where you don't have full control of the loaded file. Please open an issue on GitHub for any issues related to this experimental feature.
  lin.load_state_dict(torch.load(os.path.join(shift_dir, 'linear.pth'), map_location=device))
/storage/homefs/tf24s166/IW_dis2/disagree_discrep_IW/src/lib/utils.py:43: FutureWarning: You are using `torch.load` with `weights_only=False` (the current default value), which uses the default pickle module implicitly. It is possible to construct malicious pickle data which will execute arbitrary code during unpickling (See https://github.com/pytorch/pytorch/blob/main/SECURITY.md#untrusted-models for more details). In a future release, the default value for `weights_only` will be flipped to `True`. This limits the functions that could be executed during unpickling. Arbitrary objects will no longer be allowed to be loaded via this mode unless they are explicitly allowlisted by the user via `torch.serialization.add_safe_globals`. We recommend you start setting `weights_only=True` for any use case where you don't have full control of the loaded file. Please open an issue on GitHub for any issues related to this experimental feature.
  lin.load_state_dict(torch.load(os.path.join(shift_dir, 'linear.pth'), map_location=device))
officehome/3/CDANN/PCA32 dis2_reference W=nan accuracy=0.5365 prediction=0.6362 status=ok
officehome/3/CDANN/PCA64 iw_overlap_critic W=1.0 accuracy=0.5365 prediction=0.3777 status=ok
officehome/3/CDANN/PCA64 iw_residual_dis2 W=1.0 accuracy=0.5365 prediction=0.9177 status=ok
officehome/3/CDANN/PCA64 iw_overlap_critic W=2.0 accuracy=0.5365 prediction=0.6457 status=ok
officehome/3/CDANN/PCA64 iw_residual_dis2 W=2.0 accuracy=0.5365 prediction=0.9341 status=ok
officehome/3/CDANN/PCA64 iw_overlap_critic W=5.0 accuracy=0.5365 prediction=0.8219 status=ok
officehome/3/CDANN/PCA64 iw_residual_dis2 W=5.0 accuracy=0.5365 prediction=0.8844 status=ok
officehome/3/CDANN/PCA64 dis2_reference W=nan accuracy=0.5365 prediction=0.6648 status=ok
officehome/3/CDANN/PCA128 iw_overlap_critic W=1.0 accuracy=0.5365 prediction=0.4678 status=ok
officehome/3/CDANN/PCA128 iw_residual_dis2 W=1.0 accuracy=0.5365 prediction=0.9040 status=ok
officehome/3/CDANN/PCA128 iw_overlap_critic W=2.0 accuracy=0.5365 prediction=0.8000 status=ok
officehome/3/CDANN/PCA128 iw_residual_dis2 W=2.0 accuracy=0.5365 prediction=0.8899 status=ok
officehome/3/CDANN/PCA128 iw_overlap_critic W=5.0 accuracy=0.5365 prediction=0.8734 status=ok
officehome/3/CDANN/PCA128 iw_residual_dis2 W=5.0 accuracy=0.5365 prediction=0.8734 status=ok
officehome/3/CDANN/PCA128 dis2_reference W=nan accuracy=0.5365 prediction=0.6586 status=ok
officehome/1/FixMatch/logits iw_overlap_critic W=1.0 accuracy=0.7171 prediction=0.4548 status=ok
officehome/1/FixMatch/logits iw_residual_dis2 W=1.0 accuracy=0.7171 prediction=0.7472 status=ok
officehome/1/FixMatch/logits iw_overlap_critic W=2.0 accuracy=0.7171 prediction=0.9073 status=ok
officehome/1/FixMatch/logits iw_residual_dis2 W=2.0 accuracy=0.7171 prediction=0.9073 status=ok
officehome/1/FixMatch/logits iw_overlap_critic W=5.0 accuracy=0.7171 prediction=0.9073 status=ok
officehome/1/FixMatch/logits iw_residual_dis2 W=5.0 accuracy=0.7171 prediction=0.9073 status=ok
officehome/1/FixMatch/logits dis2_reference W=nan accuracy=0.7171 prediction=0.5613 status=ok
officehome/1/FixMatch/features iw_overlap_critic W=1.0 accuracy=0.7171 prediction=0.5216 status=ok
officehome/1/FixMatch/features iw_residual_dis2 W=1.0 accuracy=0.7171 prediction=0.7937 status=ok
officehome/1/FixMatch/features iw_overlap_critic W=2.0 accuracy=0.7171 prediction=0.6854 status=ok
officehome/1/FixMatch/features iw_residual_dis2 W=2.0 accuracy=0.7171 prediction=0.8298 status=ok
officehome/1/FixMatch/features iw_overlap_critic W=5.0 accuracy=0.7171 prediction=0.8799 status=ok
officehome/1/FixMatch/features iw_residual_dis2 W=5.0 accuracy=0.7171 prediction=nan status=unsupported_critic_region
officehome/1/FixMatch/features dis2_reference W=nan accuracy=0.7171 prediction=0.3713 status=ok
officehome/1/FixMatch/PCA1 iw_overlap_critic W=1.0 accuracy=0.7171 prediction=0.4899 status=ok
officehome/1/FixMatch/PCA1 iw_residual_dis2 W=1.0 accuracy=0.7171 prediction=0.7567 status=ok
officehome/1/FixMatch/PCA1 iw_overlap_critic W=2.0 accuracy=0.7171 prediction=0.8541 status=ok
officehome/1/FixMatch/PCA1 iw_residual_dis2 W=2.0 accuracy=0.7171 prediction=0.8673 status=ok
officehome/1/FixMatch/PCA1 iw_overlap_critic W=5.0 accuracy=0.7171 prediction=0.9025 status=ok
officehome/1/FixMatch/PCA1 iw_residual_dis2 W=5.0 accuracy=0.7171 prediction=0.9025 status=ok
officehome/1/FixMatch/PCA1 dis2_reference W=nan accuracy=0.7171 prediction=0.4489 status=ok
officehome/1/FixMatch/PCA4 iw_overlap_critic W=1.0 accuracy=0.7171 prediction=0.4899 status=ok
officehome/1/FixMatch/PCA4 iw_residual_dis2 W=1.0 accuracy=0.7171 prediction=0.7567 status=ok
officehome/1/FixMatch/PCA4 iw_overlap_critic W=2.0 accuracy=0.7171 prediction=0.8541 status=ok
officehome/1/FixMatch/PCA4 iw_residual_dis2 W=2.0 accuracy=0.7171 prediction=0.8673 status=ok
officehome/1/FixMatch/PCA4 iw_overlap_critic W=5.0 accuracy=0.7171 prediction=0.9025 status=ok
officehome/1/FixMatch/PCA4 iw_residual_dis2 W=5.0 accuracy=0.7171 prediction=0.9025 status=ok
officehome/1/FixMatch/PCA4 dis2_reference W=nan accuracy=0.7171 prediction=0.4489 status=ok
officehome/1/FixMatch/PCA16 iw_overlap_critic W=1.0 accuracy=0.7171 prediction=0.5047 status=ok
officehome/1/FixMatch/PCA16 iw_residual_dis2 W=1.0 accuracy=0.7171 prediction=0.8087 status=ok
officehome/1/FixMatch/PCA16 iw_overlap_critic W=2.0 accuracy=0.7171 prediction=0.8505 status=ok
officehome/1/FixMatch/PCA16 iw_residual_dis2 W=2.0 accuracy=0.7171 prediction=0.8990 status=ok
officehome/1/FixMatch/PCA16 iw_overlap_critic W=5.0 accuracy=0.7171 prediction=0.8990 status=ok
officehome/1/FixMatch/PCA16 iw_residual_dis2 W=5.0 accuracy=0.7171 prediction=0.8990 status=ok
officehome/1/FixMatch/PCA16 dis2_reference W=nan accuracy=0.7171 prediction=0.4082 status=ok
officehome/1/FixMatch/PCA32 iw_overlap_critic W=1.0 accuracy=0.7171 prediction=0.5039 status=ok
officehome/1/FixMatch/PCA32 iw_residual_dis2 W=1.0 accuracy=0.7171 prediction=0.7749 status=ok
officehome/1/FixMatch/PCA32 iw_overlap_critic W=2.0 accuracy=0.7171 prediction=0.8378 status=ok
officehome/1/FixMatch/PCA32 iw_residual_dis2 W=2.0 accuracy=0.7171 prediction=0.8918 status=ok
officehome/1/FixMatch/PCA32 iw_overlap_critic W=5.0 accuracy=0.7171 prediction=nan status=unsupported_critic_region
officehome/1/FixMatch/PCA32 iw_residual_dis2 W=5.0 accuracy=0.7171 prediction=nan status=unsupported_residual_source_region
officehome/1/FixMatch/PCA32 dis2_reference W=nan accuracy=0.7171 prediction=0.4286 status=ok
officehome/1/FixMatch/PCA64 iw_overlap_critic W=1.0 accuracy=0.7171 prediction=0.4921 status=ok
officehome/1/FixMatch/PCA64 iw_residual_dis2 W=1.0 accuracy=0.7171 prediction=0.7828 status=ok
officehome/1/FixMatch/PCA64 iw_overlap_critic W=2.0 accuracy=0.7171 prediction=0.8600 status=ok
officehome/1/FixMatch/PCA64 iw_residual_dis2 W=2.0 accuracy=0.7171 prediction=0.9261 status=ok
officehome/1/FixMatch/PCA64 iw_overlap_critic W=5.0 accuracy=0.7171 prediction=0.9261 status=ok
officehome/1/FixMatch/PCA64 iw_residual_dis2 W=5.0 accuracy=0.7171 prediction=0.9261 status=ok
officehome/1/FixMatch/PCA64 dis2_reference W=nan accuracy=0.7171 prediction=0.5498 status=ok
officehome/1/FixMatch/PCA128 iw_overlap_critic W=1.0 accuracy=0.7171 prediction=0.4440 status=ok
officehome/1/FixMatch/PCA128 iw_residual_dis2 W=1.0 accuracy=0.7171 prediction=0.7927 status=ok
officehome/1/FixMatch/PCA128 iw_overlap_critic W=2.0 accuracy=0.7171 prediction=0.9139 status=ok
officehome/1/FixMatch/PCA128 iw_residual_dis2 W=2.0 accuracy=0.7171 prediction=0.9139 status=ok
officehome/1/FixMatch/PCA128 iw_overlap_critic W=5.0 accuracy=0.7171 prediction=0.9139 status=ok
officehome/1/FixMatch/PCA128 iw_residual_dis2 W=5.0 accuracy=0.7171 prediction=0.9139 status=ok
officehome/1/FixMatch/PCA128 dis2_reference W=nan accuracy=0.7171 prediction=0.6415 status=ok
officehome/2/FixMatch/logits iw_overlap_critic W=1.0 accuracy=0.4703 prediction=0.3388 status=ok
officehome/2/FixMatch/logits iw_residual_dis2 W=1.0 accuracy=0.4703 prediction=0.7073 status=ok
officehome/2/FixMatch/logits iw_overlap_critic W=2.0 accuracy=0.4703 prediction=0.6415 status=ok
officehome/2/FixMatch/logits iw_residual_dis2 W=2.0 accuracy=0.4703 prediction=0.8035 status=ok
officehome/2/FixMatch/logits iw_overlap_critic W=5.0 accuracy=0.4703 prediction=0.8801 status=ok
officehome/2/FixMatch/logits iw_residual_dis2 W=5.0 accuracy=0.4703 prediction=0.9110 status=ok
officehome/2/FixMatch/logits dis2_reference W=nan accuracy=0.4703 prediction=0.4159 status=ok
officehome/2/FixMatch/features iw_overlap_critic W=1.0 accuracy=0.4703 prediction=0.2561 status=ok
officehome/2/FixMatch/features iw_residual_dis2 W=1.0 accuracy=0.4703 prediction=0.5840 status=ok
officehome/2/FixMatch/features iw_overlap_critic W=2.0 accuracy=0.4703 prediction=0.4394 status=ok
officehome/2/FixMatch/features iw_residual_dis2 W=2.0 accuracy=0.4703 prediction=0.5756 status=ok
officehome/2/FixMatch/features iw_overlap_critic W=5.0 accuracy=0.4703 prediction=0.5444 status=ok
officehome/2/FixMatch/features iw_residual_dis2 W=5.0 accuracy=0.4703 prediction=0.8061 status=ok
officehome/2/FixMatch/features dis2_reference W=nan accuracy=0.4703 prediction=0.3194 status=ok
/storage/homefs/tf24s166/IW_dis2/disagree_discrep_IW/src/lib/utils.py:43: FutureWarning: You are using `torch.load` with `weights_only=False` (the current default value), which uses the default pickle module implicitly. It is possible to construct malicious pickle data which will execute arbitrary code during unpickling (See https://github.com/pytorch/pytorch/blob/main/SECURITY.md#untrusted-models for more details). In a future release, the default value for `weights_only` will be flipped to `True`. This limits the functions that could be executed during unpickling. Arbitrary objects will no longer be allowed to be loaded via this mode unless they are explicitly allowlisted by the user via `torch.serialization.add_safe_globals`. We recommend you start setting `weights_only=True` for any use case where you don't have full control of the loaded file. Please open an issue on GitHub for any issues related to this experimental feature.
  lin.load_state_dict(torch.load(os.path.join(shift_dir, 'linear.pth'), map_location=device))
officehome/2/FixMatch/PCA1 iw_overlap_critic W=1.0 accuracy=0.4703 prediction=0.3364 status=ok
officehome/2/FixMatch/PCA1 iw_residual_dis2 W=1.0 accuracy=0.4703 prediction=0.5796 status=ok
officehome/2/FixMatch/PCA1 iw_overlap_critic W=2.0 accuracy=0.4703 prediction=0.5210 status=ok
officehome/2/FixMatch/PCA1 iw_residual_dis2 W=2.0 accuracy=0.4703 prediction=0.7503 status=ok
officehome/2/FixMatch/PCA1 iw_overlap_critic W=5.0 accuracy=0.4703 prediction=0.7969 status=ok
officehome/2/FixMatch/PCA1 iw_residual_dis2 W=5.0 accuracy=0.4703 prediction=0.8677 status=ok
officehome/2/FixMatch/PCA1 dis2_reference W=nan accuracy=0.4703 prediction=0.3231 status=ok
officehome/2/FixMatch/PCA4 iw_overlap_critic W=1.0 accuracy=0.4703 prediction=0.3364 status=ok
officehome/2/FixMatch/PCA4 iw_residual_dis2 W=1.0 accuracy=0.4703 prediction=0.5796 status=ok
officehome/2/FixMatch/PCA4 iw_overlap_critic W=2.0 accuracy=0.4703 prediction=0.5210 status=ok
officehome/2/FixMatch/PCA4 iw_residual_dis2 W=2.0 accuracy=0.4703 prediction=0.7503 status=ok
officehome/2/FixMatch/PCA4 iw_overlap_critic W=5.0 accuracy=0.4703 prediction=0.7969 status=ok
officehome/2/FixMatch/PCA4 iw_residual_dis2 W=5.0 accuracy=0.4703 prediction=0.8677 status=ok
officehome/2/FixMatch/PCA4 dis2_reference W=nan accuracy=0.4703 prediction=0.3231 status=ok
officehome/2/FixMatch/PCA16 iw_overlap_critic W=1.0 accuracy=0.4703 prediction=0.3202 status=ok
officehome/2/FixMatch/PCA16 iw_residual_dis2 W=1.0 accuracy=0.4703 prediction=0.6565 status=ok
officehome/2/FixMatch/PCA16 iw_overlap_critic W=2.0 accuracy=0.4703 prediction=0.5548 status=ok
officehome/2/FixMatch/PCA16 iw_residual_dis2 W=2.0 accuracy=0.4703 prediction=0.7686 status=ok
officehome/2/FixMatch/PCA16 iw_overlap_critic W=5.0 accuracy=0.4703 prediction=0.7864 status=ok
officehome/2/FixMatch/PCA16 iw_residual_dis2 W=5.0 accuracy=0.4703 prediction=0.7967 status=ok
officehome/2/FixMatch/PCA16 dis2_reference W=nan accuracy=0.4703 prediction=0.3860 status=ok
officehome/2/FixMatch/PCA32 iw_overlap_critic W=1.0 accuracy=0.4703 prediction=0.3662 status=ok
officehome/2/FixMatch/PCA32 iw_residual_dis2 W=1.0 accuracy=0.4703 prediction=0.7766 status=ok
officehome/2/FixMatch/PCA32 iw_overlap_critic W=2.0 accuracy=0.4703 prediction=0.7562 status=ok
officehome/2/FixMatch/PCA32 iw_residual_dis2 W=2.0 accuracy=0.4703 prediction=0.8981 status=ok
officehome/2/FixMatch/PCA32 iw_overlap_critic W=5.0 accuracy=0.4703 prediction=0.9205 status=ok
officehome/2/FixMatch/PCA32 iw_residual_dis2 W=5.0 accuracy=0.4703 prediction=nan status=unsupported_critic_region
officehome/2/FixMatch/PCA32 dis2_reference W=nan accuracy=0.4703 prediction=0.3874 status=ok
officehome/2/FixMatch/PCA64 iw_overlap_critic W=1.0 accuracy=0.4703 prediction=0.4635 status=ok
officehome/2/FixMatch/PCA64 iw_residual_dis2 W=1.0 accuracy=0.4703 prediction=0.7461 status=ok
officehome/2/FixMatch/PCA64 iw_overlap_critic W=2.0 accuracy=0.4703 prediction=0.7605 status=ok
officehome/2/FixMatch/PCA64 iw_residual_dis2 W=2.0 accuracy=0.4703 prediction=0.8835 status=ok
officehome/2/FixMatch/PCA64 iw_overlap_critic W=5.0 accuracy=0.4703 prediction=0.9021 status=ok
officehome/2/FixMatch/PCA64 iw_residual_dis2 W=5.0 accuracy=0.4703 prediction=nan status=unsupported_critic_region
officehome/2/FixMatch/PCA64 dis2_reference W=nan accuracy=0.4703 prediction=0.5169 status=ok
officehome/2/FixMatch/PCA128 iw_overlap_critic W=1.0 accuracy=0.4703 prediction=0.4607 status=ok
officehome/2/FixMatch/PCA128 iw_residual_dis2 W=1.0 accuracy=0.4703 prediction=0.8085 status=ok
officehome/2/FixMatch/PCA128 iw_overlap_critic W=2.0 accuracy=0.4703 prediction=0.7961 status=ok
officehome/2/FixMatch/PCA128 iw_residual_dis2 W=2.0 accuracy=0.4703 prediction=0.8618 status=ok
officehome/2/FixMatch/PCA128 iw_overlap_critic W=5.0 accuracy=0.4703 prediction=0.8845 status=ok
officehome/2/FixMatch/PCA128 iw_residual_dis2 W=5.0 accuracy=0.4703 prediction=0.9037 status=ok
officehome/2/FixMatch/PCA128 dis2_reference W=nan accuracy=0.4703 prediction=0.5411 status=ok
officehome/3/FixMatch/logits iw_overlap_critic W=1.0 accuracy=0.5503 prediction=0.3790 status=ok
officehome/3/FixMatch/logits iw_residual_dis2 W=1.0 accuracy=0.5503 prediction=0.8254 status=ok
officehome/3/FixMatch/logits iw_overlap_critic W=2.0 accuracy=0.5503 prediction=0.6767 status=ok
officehome/3/FixMatch/logits iw_residual_dis2 W=2.0 accuracy=0.5503 prediction=0.8127 status=ok
officehome/3/FixMatch/logits iw_overlap_critic W=5.0 accuracy=0.5503 prediction=0.8954 status=ok
officehome/3/FixMatch/logits iw_residual_dis2 W=5.0 accuracy=0.5503 prediction=nan status=unsupported_critic_region
officehome/3/FixMatch/logits dis2_reference W=nan accuracy=0.5503 prediction=0.3217 status=ok
officehome/3/FixMatch/features iw_overlap_critic W=1.0 accuracy=0.5503 prediction=0.3698 status=ok
officehome/3/FixMatch/features iw_residual_dis2 W=1.0 accuracy=0.5503 prediction=0.7057 status=ok
officehome/3/FixMatch/features iw_overlap_critic W=2.0 accuracy=0.5503 prediction=0.3807 status=ok
officehome/3/FixMatch/features iw_residual_dis2 W=2.0 accuracy=0.5503 prediction=0.6589 status=ok
officehome/3/FixMatch/features iw_overlap_critic W=5.0 accuracy=0.5503 prediction=0.6151 status=ok
officehome/3/FixMatch/features iw_residual_dis2 W=5.0 accuracy=0.5503 prediction=0.7902 status=ok
officehome/3/FixMatch/features dis2_reference W=nan accuracy=0.5503 prediction=0.2775 status=ok
officehome/3/FixMatch/PCA1 iw_overlap_critic W=1.0 accuracy=0.5503 prediction=0.4162 status=ok
officehome/3/FixMatch/PCA1 iw_residual_dis2 W=1.0 accuracy=0.5503 prediction=0.5547 status=ok
officehome/3/FixMatch/PCA1 iw_overlap_critic W=2.0 accuracy=0.5503 prediction=0.5220 status=ok
officehome/3/FixMatch/PCA1 iw_residual_dis2 W=2.0 accuracy=0.5503 prediction=0.8084 status=ok
officehome/3/FixMatch/PCA1 iw_overlap_critic W=5.0 accuracy=0.5503 prediction=0.7752 status=ok
officehome/3/FixMatch/PCA1 iw_residual_dis2 W=5.0 accuracy=0.5503 prediction=0.9471 status=ok
officehome/3/FixMatch/PCA1 dis2_reference W=nan accuracy=0.5503 prediction=0.3030 status=ok
officehome/3/FixMatch/PCA4 iw_overlap_critic W=1.0 accuracy=0.5503 prediction=0.4162 status=ok
officehome/3/FixMatch/PCA4 iw_residual_dis2 W=1.0 accuracy=0.5503 prediction=0.5547 status=ok
officehome/3/FixMatch/PCA4 iw_overlap_critic W=2.0 accuracy=0.5503 prediction=0.5220 status=ok
officehome/3/FixMatch/PCA4 iw_residual_dis2 W=2.0 accuracy=0.5503 prediction=0.8084 status=ok
officehome/3/FixMatch/PCA4 iw_overlap_critic W=5.0 accuracy=0.5503 prediction=0.7752 status=ok
officehome/3/FixMatch/PCA4 iw_residual_dis2 W=5.0 accuracy=0.5503 prediction=0.9471 status=ok
officehome/3/FixMatch/PCA4 dis2_reference W=nan accuracy=0.5503 prediction=0.3030 status=ok
officehome/3/FixMatch/PCA16 iw_overlap_critic W=1.0 accuracy=0.5503 prediction=0.3517 status=ok
officehome/3/FixMatch/PCA16 iw_residual_dis2 W=1.0 accuracy=0.5503 prediction=0.6642 status=ok
officehome/3/FixMatch/PCA16 iw_overlap_critic W=2.0 accuracy=0.5503 prediction=0.6241 status=ok
officehome/3/FixMatch/PCA16 iw_residual_dis2 W=2.0 accuracy=0.5503 prediction=0.7681 status=ok
officehome/3/FixMatch/PCA16 iw_overlap_critic W=5.0 accuracy=0.5503 prediction=0.8899 status=ok
officehome/3/FixMatch/PCA16 iw_residual_dis2 W=5.0 accuracy=0.5503 prediction=nan status=unsupported_critic_region
officehome/3/FixMatch/PCA16 dis2_reference W=nan accuracy=0.5503 prediction=0.3818 status=ok
officehome/3/FixMatch/PCA32 iw_overlap_critic W=1.0 accuracy=0.5503 prediction=0.4243 status=ok
officehome/3/FixMatch/PCA32 iw_residual_dis2 W=1.0 accuracy=0.5503 prediction=0.6980 status=ok
officehome/3/FixMatch/PCA32 iw_overlap_critic W=2.0 accuracy=0.5503 prediction=0.6786 status=ok
officehome/3/FixMatch/PCA32 iw_residual_dis2 W=2.0 accuracy=0.5503 prediction=0.8529 status=ok
officehome/3/FixMatch/PCA32 iw_overlap_critic W=5.0 accuracy=0.5503 prediction=0.8817 status=ok
officehome/3/FixMatch/PCA32 iw_residual_dis2 W=5.0 accuracy=0.5503 prediction=0.9364 status=ok
officehome/3/FixMatch/PCA32 dis2_reference W=nan accuracy=0.5503 prediction=0.3567 status=ok
officehome/3/FixMatch/PCA64 iw_overlap_critic W=1.0 accuracy=0.5503 prediction=0.4442 status=ok
/storage/homefs/tf24s166/IW_dis2/disagree_discrep_IW/src/lib/utils.py:43: FutureWarning: You are using `torch.load` with `weights_only=False` (the current default value), which uses the default pickle module implicitly. It is possible to construct malicious pickle data which will execute arbitrary code during unpickling (See https://github.com/pytorch/pytorch/blob/main/SECURITY.md#untrusted-models for more details). In a future release, the default value for `weights_only` will be flipped to `True`. This limits the functions that could be executed during unpickling. Arbitrary objects will no longer be allowed to be loaded via this mode unless they are explicitly allowlisted by the user via `torch.serialization.add_safe_globals`. We recommend you start setting `weights_only=True` for any use case where you don't have full control of the loaded file. Please open an issue on GitHub for any issues related to this experimental feature.
  lin.load_state_dict(torch.load(os.path.join(shift_dir, 'linear.pth'), map_location=device))
/storage/homefs/tf24s166/IW_dis2/disagree_discrep_IW/src/lib/utils.py:43: FutureWarning: You are using `torch.load` with `weights_only=False` (the current default value), which uses the default pickle module implicitly. It is possible to construct malicious pickle data which will execute arbitrary code during unpickling (See https://github.com/pytorch/pytorch/blob/main/SECURITY.md#untrusted-models for more details). In a future release, the default value for `weights_only` will be flipped to `True`. This limits the functions that could be executed during unpickling. Arbitrary objects will no longer be allowed to be loaded via this mode unless they are explicitly allowlisted by the user via `torch.serialization.add_safe_globals`. We recommend you start setting `weights_only=True` for any use case where you don't have full control of the loaded file. Please open an issue on GitHub for any issues related to this experimental feature.
  lin.load_state_dict(torch.load(os.path.join(shift_dir, 'linear.pth'), map_location=device))
officehome/3/FixMatch/PCA64 iw_residual_dis2 W=1.0 accuracy=0.5503 prediction=0.7814 status=ok
officehome/3/FixMatch/PCA64 iw_overlap_critic W=2.0 accuracy=0.5503 prediction=0.7494 status=ok
officehome/3/FixMatch/PCA64 iw_residual_dis2 W=2.0 accuracy=0.5503 prediction=0.9065 status=ok
officehome/3/FixMatch/PCA64 iw_overlap_critic W=5.0 accuracy=0.5503 prediction=0.8951 status=ok
officehome/3/FixMatch/PCA64 iw_residual_dis2 W=5.0 accuracy=0.5503 prediction=0.9342 status=ok
officehome/3/FixMatch/PCA64 dis2_reference W=nan accuracy=0.5503 prediction=0.4107 status=ok
officehome/3/FixMatch/PCA128 iw_overlap_critic W=1.0 accuracy=0.5503 prediction=0.3713 status=ok
officehome/3/FixMatch/PCA128 iw_residual_dis2 W=1.0 accuracy=0.5503 prediction=0.8349 status=ok
officehome/3/FixMatch/PCA128 iw_overlap_critic W=2.0 accuracy=0.5503 prediction=0.6565 status=ok
officehome/3/FixMatch/PCA128 iw_residual_dis2 W=2.0 accuracy=0.5503 prediction=0.8817 status=ok
officehome/3/FixMatch/PCA128 iw_overlap_critic W=5.0 accuracy=0.5503 prediction=0.8909 status=ok
officehome/3/FixMatch/PCA128 iw_residual_dis2 W=5.0 accuracy=0.5503 prediction=0.9277 status=ok
officehome/3/FixMatch/PCA128 dis2_reference W=nan accuracy=0.5503 prediction=0.5129 status=ok
visda/1/ERM-aug-imagenet/logits iw_overlap_critic W=1.0 accuracy=0.3026 prediction=0.2302 status=ok
visda/1/ERM-aug-imagenet/logits iw_residual_dis2 W=1.0 accuracy=0.3026 prediction=0.3100 status=ok
visda/1/ERM-aug-imagenet/logits iw_overlap_critic W=2.0 accuracy=0.3026 prediction=0.3775 status=ok
visda/1/ERM-aug-imagenet/logits iw_residual_dis2 W=2.0 accuracy=0.3026 prediction=0.4172 status=ok
visda/1/ERM-aug-imagenet/logits iw_overlap_critic W=5.0 accuracy=0.3026 prediction=0.6851 status=ok
visda/1/ERM-aug-imagenet/logits iw_residual_dis2 W=5.0 accuracy=0.3026 prediction=0.7200 status=ok
visda/1/ERM-aug-imagenet/logits dis2_reference W=nan accuracy=0.3026 prediction=0.3214 status=ok
visda/1/ERM-aug-imagenet/features iw_overlap_critic W=1.0 accuracy=0.3026 prediction=0.0126 status=ok
visda/1/ERM-aug-imagenet/features iw_residual_dis2 W=1.0 accuracy=0.3026 prediction=0.2178 status=ok
visda/1/ERM-aug-imagenet/features iw_overlap_critic W=2.0 accuracy=0.3026 prediction=0.0130 status=ok
visda/1/ERM-aug-imagenet/features iw_residual_dis2 W=2.0 accuracy=0.3026 prediction=0.2258 status=ok
visda/1/ERM-aug-imagenet/features iw_overlap_critic W=5.0 accuracy=0.3026 prediction=0.0256 status=ok
visda/1/ERM-aug-imagenet/features iw_residual_dis2 W=5.0 accuracy=0.3026 prediction=0.0440 status=ok
visda/1/ERM-aug-imagenet/features dis2_reference W=nan accuracy=0.3026 prediction=0.0000 status=ok
visda/1/ERM-aug-imagenet/PCA1 iw_overlap_critic W=1.0 accuracy=0.3026 prediction=0.0061 status=ok
visda/1/ERM-aug-imagenet/PCA1 iw_residual_dis2 W=1.0 accuracy=0.3026 prediction=nan status=unsupported_residual_source_region
visda/1/ERM-aug-imagenet/PCA1 iw_overlap_critic W=2.0 accuracy=0.3026 prediction=0.0083 status=ok
visda/1/ERM-aug-imagenet/PCA1 iw_residual_dis2 W=2.0 accuracy=0.3026 prediction=nan status=unsupported_residual_source_region
visda/1/ERM-aug-imagenet/PCA1 iw_overlap_critic W=5.0 accuracy=0.3026 prediction=0.0105 status=ok
visda/1/ERM-aug-imagenet/PCA1 iw_residual_dis2 W=5.0 accuracy=0.3026 prediction=nan status=unsupported_residual_source_region
visda/1/ERM-aug-imagenet/PCA1 dis2_reference W=nan accuracy=0.3026 prediction=0.0000 status=ok
visda/1/ERM-aug-imagenet/PCA4 iw_overlap_critic W=1.0 accuracy=0.3026 prediction=0.0144 status=ok
visda/1/ERM-aug-imagenet/PCA4 iw_residual_dis2 W=1.0 accuracy=0.3026 prediction=0.3381 status=ok
visda/1/ERM-aug-imagenet/PCA4 iw_overlap_critic W=2.0 accuracy=0.3026 prediction=0.0144 status=ok
visda/1/ERM-aug-imagenet/PCA4 iw_residual_dis2 W=2.0 accuracy=0.3026 prediction=0.3403 status=ok
visda/1/ERM-aug-imagenet/PCA4 iw_overlap_critic W=5.0 accuracy=0.3026 prediction=0.0126 status=ok
visda/1/ERM-aug-imagenet/PCA4 iw_residual_dis2 W=5.0 accuracy=0.3026 prediction=nan status=unsupported_critic_region
visda/1/ERM-aug-imagenet/PCA4 dis2_reference W=nan accuracy=0.3026 prediction=0.0000 status=ok
visda/1/ERM-aug-imagenet/PCA16 iw_overlap_critic W=1.0 accuracy=0.3026 prediction=0.0314 status=ok
visda/1/ERM-aug-imagenet/PCA16 iw_residual_dis2 W=1.0 accuracy=0.3026 prediction=0.2215 status=ok
visda/1/ERM-aug-imagenet/PCA16 iw_overlap_critic W=2.0 accuracy=0.3026 prediction=0.0404 status=ok
visda/1/ERM-aug-imagenet/PCA16 iw_residual_dis2 W=2.0 accuracy=0.3026 prediction=0.2232 status=ok
visda/1/ERM-aug-imagenet/PCA16 iw_overlap_critic W=5.0 accuracy=0.3026 prediction=0.0379 status=ok
visda/1/ERM-aug-imagenet/PCA16 iw_residual_dis2 W=5.0 accuracy=0.3026 prediction=0.2971 status=ok
visda/1/ERM-aug-imagenet/PCA16 dis2_reference W=nan accuracy=0.3026 prediction=0.0000 status=ok
visda/1/ERM-aug-imagenet/PCA32 iw_overlap_critic W=1.0 accuracy=0.3026 prediction=0.0602 status=ok
visda/1/ERM-aug-imagenet/PCA32 iw_residual_dis2 W=1.0 accuracy=0.3026 prediction=0.1070 status=ok
visda/1/ERM-aug-imagenet/PCA32 iw_overlap_critic W=2.0 accuracy=0.3026 prediction=0.0602 status=ok
visda/1/ERM-aug-imagenet/PCA32 iw_residual_dis2 W=2.0 accuracy=0.3026 prediction=0.1189 status=ok
visda/1/ERM-aug-imagenet/PCA32 iw_overlap_critic W=5.0 accuracy=0.3026 prediction=0.0642 status=ok
visda/1/ERM-aug-imagenet/PCA32 iw_residual_dis2 W=5.0 accuracy=0.3026 prediction=0.0985 status=ok
visda/1/ERM-aug-imagenet/PCA32 dis2_reference W=nan accuracy=0.3026 prediction=0.0075 status=ok
visda/1/ERM-aug-imagenet/PCA64 iw_overlap_critic W=1.0 accuracy=0.3026 prediction=0.0987 status=ok
visda/1/ERM-aug-imagenet/PCA64 iw_residual_dis2 W=1.0 accuracy=0.3026 prediction=0.1271 status=ok
visda/1/ERM-aug-imagenet/PCA64 iw_overlap_critic W=2.0 accuracy=0.3026 prediction=0.1146 status=ok
visda/1/ERM-aug-imagenet/PCA64 iw_residual_dis2 W=2.0 accuracy=0.3026 prediction=0.1461 status=ok
visda/1/ERM-aug-imagenet/PCA64 iw_overlap_critic W=5.0 accuracy=0.3026 prediction=0.1308 status=ok
visda/1/ERM-aug-imagenet/PCA64 iw_residual_dis2 W=5.0 accuracy=0.3026 prediction=0.1562 status=ok
visda/1/ERM-aug-imagenet/PCA64 dis2_reference W=nan accuracy=0.3026 prediction=0.0548 status=ok
visda/1/ERM-aug-imagenet/PCA128 iw_overlap_critic W=1.0 accuracy=0.3026 prediction=0.1148 status=ok
visda/1/ERM-aug-imagenet/PCA128 iw_residual_dis2 W=1.0 accuracy=0.3026 prediction=0.2410 status=ok
visda/1/ERM-aug-imagenet/PCA128 iw_overlap_critic W=2.0 accuracy=0.3026 prediction=0.1512 status=ok
visda/1/ERM-aug-imagenet/PCA128 iw_residual_dis2 W=2.0 accuracy=0.3026 prediction=0.2033 status=ok
visda/1/ERM-aug-imagenet/PCA128 iw_overlap_critic W=5.0 accuracy=0.3026 prediction=0.2053 status=ok
visda/1/ERM-aug-imagenet/PCA128 iw_residual_dis2 W=5.0 accuracy=0.3026 prediction=0.2158 status=ok
visda/1/ERM-aug-imagenet/PCA128 dis2_reference W=nan accuracy=0.3026 prediction=0.1489 status=ok
visda/2/ERM-aug-imagenet/logits iw_overlap_critic W=1.0 accuracy=0.2653 prediction=0.1861 status=ok
visda/2/ERM-aug-imagenet/logits iw_residual_dis2 W=1.0 accuracy=0.2653 prediction=0.3060 status=ok
visda/2/ERM-aug-imagenet/logits iw_overlap_critic W=2.0 accuracy=0.2653 prediction=0.3723 status=ok
visda/2/ERM-aug-imagenet/logits iw_residual_dis2 W=2.0 accuracy=0.2653 prediction=0.4260 status=ok
visda/2/ERM-aug-imagenet/logits iw_overlap_critic W=5.0 accuracy=0.2653 prediction=0.6906 status=ok
visda/2/ERM-aug-imagenet/logits iw_residual_dis2 W=5.0 accuracy=0.2653 prediction=0.7322 status=ok
visda/2/ERM-aug-imagenet/logits dis2_reference W=nan accuracy=0.2653 prediction=0.2977 status=ok
visda/2/ERM-aug-imagenet/features iw_overlap_critic W=1.0 accuracy=0.2653 prediction=0.0116 status=ok
visda/2/ERM-aug-imagenet/features iw_residual_dis2 W=1.0 accuracy=0.2653 prediction=0.6039 status=ok
visda/2/ERM-aug-imagenet/features iw_overlap_critic W=2.0 accuracy=0.2653 prediction=0.0163 status=ok
visda/2/ERM-aug-imagenet/features iw_residual_dis2 W=2.0 accuracy=0.2653 prediction=1.0000 status=ok
visda/2/ERM-aug-imagenet/features iw_overlap_critic W=5.0 accuracy=0.2653 prediction=0.0180 status=ok
visda/2/ERM-aug-imagenet/features iw_residual_dis2 W=5.0 accuracy=0.2653 prediction=1.0000 status=ok
/storage/homefs/tf24s166/IW_dis2/disagree_discrep_IW/src/lib/utils.py:43: FutureWarning: You are using `torch.load` with `weights_only=False` (the current default value), which uses the default pickle module implicitly. It is possible to construct malicious pickle data which will execute arbitrary code during unpickling (See https://github.com/pytorch/pytorch/blob/main/SECURITY.md#untrusted-models for more details). In a future release, the default value for `weights_only` will be flipped to `True`. This limits the functions that could be executed during unpickling. Arbitrary objects will no longer be allowed to be loaded via this mode unless they are explicitly allowlisted by the user via `torch.serialization.add_safe_globals`. We recommend you start setting `weights_only=True` for any use case where you don't have full control of the loaded file. Please open an issue on GitHub for any issues related to this experimental feature.
  lin.load_state_dict(torch.load(os.path.join(shift_dir, 'linear.pth'), map_location=device))
visda/2/ERM-aug-imagenet/features dis2_reference W=nan accuracy=0.2653 prediction=0.0000 status=ok
visda/2/ERM-aug-imagenet/PCA1 iw_overlap_critic W=1.0 accuracy=0.2653 prediction=0.0041 status=ok
visda/2/ERM-aug-imagenet/PCA1 iw_residual_dis2 W=1.0 accuracy=0.2653 prediction=nan status=unsupported_residual_source_region
visda/2/ERM-aug-imagenet/PCA1 iw_overlap_critic W=2.0 accuracy=0.2653 prediction=0.0052 status=ok
visda/2/ERM-aug-imagenet/PCA1 iw_residual_dis2 W=2.0 accuracy=0.2653 prediction=nan status=unsupported_residual_source_region
visda/2/ERM-aug-imagenet/PCA1 iw_overlap_critic W=5.0 accuracy=0.2653 prediction=0.0083 status=ok
visda/2/ERM-aug-imagenet/PCA1 iw_residual_dis2 W=5.0 accuracy=0.2653 prediction=nan status=unsupported_residual_source_region
visda/2/ERM-aug-imagenet/PCA1 dis2_reference W=nan accuracy=0.2653 prediction=0.0000 status=ok
visda/2/ERM-aug-imagenet/PCA4 iw_overlap_critic W=1.0 accuracy=0.2653 prediction=0.0119 status=ok
visda/2/ERM-aug-imagenet/PCA4 iw_residual_dis2 W=1.0 accuracy=0.2653 prediction=0.5730 status=ok
visda/2/ERM-aug-imagenet/PCA4 iw_overlap_critic W=2.0 accuracy=0.2653 prediction=0.0116 status=ok
visda/2/ERM-aug-imagenet/PCA4 iw_residual_dis2 W=2.0 accuracy=0.2653 prediction=nan status=unsupported_critic_region
visda/2/ERM-aug-imagenet/PCA4 iw_overlap_critic W=5.0 accuracy=0.2653 prediction=0.0113 status=ok
visda/2/ERM-aug-imagenet/PCA4 iw_residual_dis2 W=5.0 accuracy=0.2653 prediction=nan status=unsupported_critic_region
visda/2/ERM-aug-imagenet/PCA4 dis2_reference W=nan accuracy=0.2653 prediction=0.0000 status=ok
visda/2/ERM-aug-imagenet/PCA16 iw_overlap_critic W=1.0 accuracy=0.2653 prediction=0.0390 status=ok
visda/2/ERM-aug-imagenet/PCA16 iw_residual_dis2 W=1.0 accuracy=0.2653 prediction=0.2773 status=ok
visda/2/ERM-aug-imagenet/PCA16 iw_overlap_critic W=2.0 accuracy=0.2653 prediction=0.0395 status=ok
visda/2/ERM-aug-imagenet/PCA16 iw_residual_dis2 W=2.0 accuracy=0.2653 prediction=0.3425 status=ok
visda/2/ERM-aug-imagenet/PCA16 iw_overlap_critic W=5.0 accuracy=0.2653 prediction=0.0478 status=ok
visda/2/ERM-aug-imagenet/PCA16 iw_residual_dis2 W=5.0 accuracy=0.2653 prediction=0.5955 status=ok
visda/2/ERM-aug-imagenet/PCA16 dis2_reference W=nan accuracy=0.2653 prediction=0.0000 status=ok
visda/2/ERM-aug-imagenet/PCA32 iw_overlap_critic W=1.0 accuracy=0.2653 prediction=0.0552 status=ok
visda/2/ERM-aug-imagenet/PCA32 iw_residual_dis2 W=1.0 accuracy=0.2653 prediction=0.1080 status=ok
visda/2/ERM-aug-imagenet/PCA32 iw_overlap_critic W=2.0 accuracy=0.2653 prediction=0.0655 status=ok
visda/2/ERM-aug-imagenet/PCA32 iw_residual_dis2 W=2.0 accuracy=0.2653 prediction=0.1051 status=ok
visda/2/ERM-aug-imagenet/PCA32 iw_overlap_critic W=5.0 accuracy=0.2653 prediction=0.0889 status=ok
visda/2/ERM-aug-imagenet/PCA32 iw_residual_dis2 W=5.0 accuracy=0.2653 prediction=0.1087 status=ok
visda/2/ERM-aug-imagenet/PCA32 dis2_reference W=nan accuracy=0.2653 prediction=0.0000 status=ok
visda/2/ERM-aug-imagenet/PCA64 iw_overlap_critic W=1.0 accuracy=0.2653 prediction=0.1049 status=ok
visda/2/ERM-aug-imagenet/PCA64 iw_residual_dis2 W=1.0 accuracy=0.2653 prediction=0.1504 status=ok
visda/2/ERM-aug-imagenet/PCA64 iw_overlap_critic W=2.0 accuracy=0.2653 prediction=0.1110 status=ok
visda/2/ERM-aug-imagenet/PCA64 iw_residual_dis2 W=2.0 accuracy=0.2653 prediction=0.1758 status=ok
visda/2/ERM-aug-imagenet/PCA64 iw_overlap_critic W=5.0 accuracy=0.2653 prediction=0.1574 status=ok
visda/2/ERM-aug-imagenet/PCA64 iw_residual_dis2 W=5.0 accuracy=0.2653 prediction=0.1666 status=ok
visda/2/ERM-aug-imagenet/PCA64 dis2_reference W=nan accuracy=0.2653 prediction=0.0482 status=ok
visda/2/ERM-aug-imagenet/PCA128 iw_overlap_critic W=1.0 accuracy=0.2653 prediction=0.1173 status=ok
visda/2/ERM-aug-imagenet/PCA128 iw_residual_dis2 W=1.0 accuracy=0.2653 prediction=0.2124 status=ok
visda/2/ERM-aug-imagenet/PCA128 iw_overlap_critic W=2.0 accuracy=0.2653 prediction=0.1416 status=ok
visda/2/ERM-aug-imagenet/PCA128 iw_residual_dis2 W=2.0 accuracy=0.2653 prediction=0.2049 status=ok
visda/2/ERM-aug-imagenet/PCA128 iw_overlap_critic W=5.0 accuracy=0.2653 prediction=0.1795 status=ok
visda/2/ERM-aug-imagenet/PCA128 iw_residual_dis2 W=5.0 accuracy=0.2653 prediction=0.2463 status=ok
visda/2/ERM-aug-imagenet/PCA128 dis2_reference W=nan accuracy=0.2653 prediction=0.1377 status=ok
Missing features: visda/ERM-aug-rand/1; skipping.
Missing features: visda/ERM-aug-rand/2; skipping.
visda/1/BN_adapt/logits iw_overlap_critic W=1.0 accuracy=0.4453 prediction=0.4036 status=ok
visda/1/BN_adapt/logits iw_residual_dis2 W=1.0 accuracy=0.4453 prediction=0.5471 status=ok
visda/1/BN_adapt/logits iw_overlap_critic W=2.0 accuracy=0.4453 prediction=0.7178 status=ok
visda/1/BN_adapt/logits iw_residual_dis2 W=2.0 accuracy=0.4453 prediction=0.7605 status=ok
visda/1/BN_adapt/logits iw_overlap_critic W=5.0 accuracy=0.4453 prediction=0.9625 status=ok
visda/1/BN_adapt/logits iw_residual_dis2 W=5.0 accuracy=0.4453 prediction=0.9693 status=ok
visda/1/BN_adapt/logits dis2_reference W=nan accuracy=0.4453 prediction=0.5029 status=ok
visda/1/BN_adapt/features iw_overlap_critic W=1.0 accuracy=0.4453 prediction=0.0779 status=ok
visda/1/BN_adapt/features iw_residual_dis2 W=1.0 accuracy=0.4453 prediction=0.3300 status=ok
visda/1/BN_adapt/features iw_overlap_critic W=2.0 accuracy=0.4453 prediction=0.0550 status=ok
visda/1/BN_adapt/features iw_residual_dis2 W=2.0 accuracy=0.4453 prediction=0.5204 status=ok
visda/1/BN_adapt/features iw_overlap_critic W=5.0 accuracy=0.4453 prediction=0.0578 status=ok
visda/1/BN_adapt/features iw_residual_dis2 W=5.0 accuracy=0.4453 prediction=0.8485 status=ok
visda/1/BN_adapt/features dis2_reference W=nan accuracy=0.4453 prediction=0.0087 status=ok
visda/1/BN_adapt/PCA1 iw_overlap_critic W=1.0 accuracy=0.4453 prediction=0.0114 status=ok
visda/1/BN_adapt/PCA1 iw_residual_dis2 W=1.0 accuracy=0.4453 prediction=0.6080 status=ok
visda/1/BN_adapt/PCA1 iw_overlap_critic W=2.0 accuracy=0.4453 prediction=0.0291 status=ok
visda/1/BN_adapt/PCA1 iw_residual_dis2 W=2.0 accuracy=0.4453 prediction=0.6747 status=ok
visda/1/BN_adapt/PCA1 iw_overlap_critic W=5.0 accuracy=0.4453 prediction=0.0244 status=ok
visda/1/BN_adapt/PCA1 iw_residual_dis2 W=5.0 accuracy=0.4453 prediction=0.6734 status=ok
visda/1/BN_adapt/PCA1 dis2_reference W=nan accuracy=0.4453 prediction=0.0000 status=ok
visda/1/BN_adapt/PCA4 iw_overlap_critic W=1.0 accuracy=0.4453 prediction=0.0501 status=ok
visda/1/BN_adapt/PCA4 iw_residual_dis2 W=1.0 accuracy=0.4453 prediction=0.2346 status=ok
visda/1/BN_adapt/PCA4 iw_overlap_critic W=2.0 accuracy=0.4453 prediction=0.0559 status=ok
visda/1/BN_adapt/PCA4 iw_residual_dis2 W=2.0 accuracy=0.4453 prediction=0.2846 status=ok
visda/1/BN_adapt/PCA4 iw_overlap_critic W=5.0 accuracy=0.4453 prediction=0.0864 status=ok
visda/1/BN_adapt/PCA4 iw_residual_dis2 W=5.0 accuracy=0.4453 prediction=0.3700 status=ok
visda/1/BN_adapt/PCA4 dis2_reference W=nan accuracy=0.4453 prediction=0.0000 status=ok
visda/1/BN_adapt/PCA16 iw_overlap_critic W=1.0 accuracy=0.4453 prediction=0.1586 status=ok
visda/1/BN_adapt/PCA16 iw_residual_dis2 W=1.0 accuracy=0.4453 prediction=0.2132 status=ok
visda/1/BN_adapt/PCA16 iw_overlap_critic W=2.0 accuracy=0.4453 prediction=0.1804 status=ok
visda/1/BN_adapt/PCA16 iw_residual_dis2 W=2.0 accuracy=0.4453 prediction=0.2184 status=ok
visda/1/BN_adapt/PCA16 iw_overlap_critic W=5.0 accuracy=0.4453 prediction=0.2059 status=ok
visda/1/BN_adapt/PCA16 iw_residual_dis2 W=5.0 accuracy=0.4453 prediction=0.2867 status=ok
visda/1/BN_adapt/PCA16 dis2_reference W=nan accuracy=0.4453 prediction=0.0846 status=ok
visda/1/BN_adapt/PCA32 iw_overlap_critic W=1.0 accuracy=0.4453 prediction=0.2834 status=ok
visda/1/BN_adapt/PCA32 iw_residual_dis2 W=1.0 accuracy=0.4453 prediction=0.3680 status=ok
visda/1/BN_adapt/PCA32 iw_overlap_critic W=2.0 accuracy=0.4453 prediction=0.2865 status=ok
visda/1/BN_adapt/PCA32 iw_residual_dis2 W=2.0 accuracy=0.4453 prediction=0.3749 status=ok
visda/1/BN_adapt/PCA32 iw_overlap_critic W=5.0 accuracy=0.4453 prediction=0.3557 status=ok
visda/1/BN_adapt/PCA32 iw_residual_dis2 W=5.0 accuracy=0.4453 prediction=0.4153 status=ok
/storage/homefs/tf24s166/IW_dis2/disagree_discrep_IW/src/lib/utils.py:43: FutureWarning: You are using `torch.load` with `weights_only=False` (the current default value), which uses the default pickle module implicitly. It is possible to construct malicious pickle data which will execute arbitrary code during unpickling (See https://github.com/pytorch/pytorch/blob/main/SECURITY.md#untrusted-models for more details). In a future release, the default value for `weights_only` will be flipped to `True`. This limits the functions that could be executed during unpickling. Arbitrary objects will no longer be allowed to be loaded via this mode unless they are explicitly allowlisted by the user via `torch.serialization.add_safe_globals`. We recommend you start setting `weights_only=True` for any use case where you don't have full control of the loaded file. Please open an issue on GitHub for any issues related to this experimental feature.
  lin.load_state_dict(torch.load(os.path.join(shift_dir, 'linear.pth'), map_location=device))
/storage/homefs/tf24s166/IW_dis2/disagree_discrep_IW/src/lib/utils.py:43: FutureWarning: You are using `torch.load` with `weights_only=False` (the current default value), which uses the default pickle module implicitly. It is possible to construct malicious pickle data which will execute arbitrary code during unpickling (See https://github.com/pytorch/pytorch/blob/main/SECURITY.md#untrusted-models for more details). In a future release, the default value for `weights_only` will be flipped to `True`. This limits the functions that could be executed during unpickling. Arbitrary objects will no longer be allowed to be loaded via this mode unless they are explicitly allowlisted by the user via `torch.serialization.add_safe_globals`. We recommend you start setting `weights_only=True` for any use case where you don't have full control of the loaded file. Please open an issue on GitHub for any issues related to this experimental feature.
  lin.load_state_dict(torch.load(os.path.join(shift_dir, 'linear.pth'), map_location=device))
visda/1/BN_adapt/PCA32 dis2_reference W=nan accuracy=0.4453 prediction=0.1883 status=ok
visda/1/BN_adapt/PCA64 iw_overlap_critic W=1.0 accuracy=0.4453 prediction=0.3800 status=ok
visda/1/BN_adapt/PCA64 iw_residual_dis2 W=1.0 accuracy=0.4453 prediction=0.4399 status=ok
visda/1/BN_adapt/PCA64 iw_overlap_critic W=2.0 accuracy=0.4453 prediction=0.4543 status=ok
visda/1/BN_adapt/PCA64 iw_residual_dis2 W=2.0 accuracy=0.4453 prediction=0.4764 status=ok
visda/1/BN_adapt/PCA64 iw_overlap_critic W=5.0 accuracy=0.4453 prediction=0.5255 status=ok
visda/1/BN_adapt/PCA64 iw_residual_dis2 W=5.0 accuracy=0.4453 prediction=0.5109 status=ok
visda/1/BN_adapt/PCA64 dis2_reference W=nan accuracy=0.4453 prediction=0.3058 status=ok
visda/1/BN_adapt/PCA128 iw_overlap_critic W=1.0 accuracy=0.4453 prediction=0.4859 status=ok
visda/1/BN_adapt/PCA128 iw_residual_dis2 W=1.0 accuracy=0.4453 prediction=0.5011 status=ok
visda/1/BN_adapt/PCA128 iw_overlap_critic W=2.0 accuracy=0.4453 prediction=0.5841 status=ok
visda/1/BN_adapt/PCA128 iw_residual_dis2 W=2.0 accuracy=0.4453 prediction=0.6004 status=ok
visda/1/BN_adapt/PCA128 iw_overlap_critic W=5.0 accuracy=0.4453 prediction=0.7933 status=ok
visda/1/BN_adapt/PCA128 iw_residual_dis2 W=5.0 accuracy=0.4453 prediction=0.7945 status=ok
visda/1/BN_adapt/PCA128 dis2_reference W=nan accuracy=0.4453 prediction=0.3947 status=ok
visda/2/BN_adapt/logits iw_overlap_critic W=1.0 accuracy=0.3985 prediction=0.4211 status=ok
visda/2/BN_adapt/logits iw_residual_dis2 W=1.0 accuracy=0.3985 prediction=0.5913 status=ok
visda/2/BN_adapt/logits iw_overlap_critic W=2.0 accuracy=0.3985 prediction=0.7364 status=ok
visda/2/BN_adapt/logits iw_residual_dis2 W=2.0 accuracy=0.3985 prediction=0.8055 status=ok
visda/2/BN_adapt/logits iw_overlap_critic W=5.0 accuracy=0.3985 prediction=0.9697 status=ok
visda/2/BN_adapt/logits iw_residual_dis2 W=5.0 accuracy=0.3985 prediction=0.9742 status=ok
visda/2/BN_adapt/logits dis2_reference W=nan accuracy=0.3985 prediction=0.5323 status=ok
visda/2/BN_adapt/features iw_overlap_critic W=1.0 accuracy=0.3985 prediction=0.1012 status=ok
visda/2/BN_adapt/features iw_residual_dis2 W=1.0 accuracy=0.3985 prediction=0.5309 status=ok
visda/2/BN_adapt/features iw_overlap_critic W=2.0 accuracy=0.3985 prediction=0.0681 status=ok
visda/2/BN_adapt/features iw_residual_dis2 W=2.0 accuracy=0.3985 prediction=0.6751 status=ok
visda/2/BN_adapt/features iw_overlap_critic W=5.0 accuracy=0.3985 prediction=0.0639 status=ok
visda/2/BN_adapt/features iw_residual_dis2 W=5.0 accuracy=0.3985 prediction=0.4241 status=ok
visda/2/BN_adapt/features dis2_reference W=nan accuracy=0.3985 prediction=0.0131 status=ok
visda/2/BN_adapt/PCA1 iw_overlap_critic W=1.0 accuracy=0.3985 prediction=0.0114 status=ok
visda/2/BN_adapt/PCA1 iw_residual_dis2 W=1.0 accuracy=0.3985 prediction=0.3371 status=ok
visda/2/BN_adapt/PCA1 iw_overlap_critic W=2.0 accuracy=0.3985 prediction=0.0128 status=ok
visda/2/BN_adapt/PCA1 iw_residual_dis2 W=2.0 accuracy=0.3985 prediction=nan status=unsupported_critic_region
visda/2/BN_adapt/PCA1 iw_overlap_critic W=5.0 accuracy=0.3985 prediction=0.0203 status=ok
visda/2/BN_adapt/PCA1 iw_residual_dis2 W=5.0 accuracy=0.3985 prediction=nan status=unsupported_critic_region
visda/2/BN_adapt/PCA1 dis2_reference W=nan accuracy=0.3985 prediction=0.0000 status=ok
visda/2/BN_adapt/PCA4 iw_overlap_critic W=1.0 accuracy=0.3985 prediction=0.0576 status=ok
visda/2/BN_adapt/PCA4 iw_residual_dis2 W=1.0 accuracy=0.3985 prediction=0.3707 status=ok
visda/2/BN_adapt/PCA4 iw_overlap_critic W=2.0 accuracy=0.3985 prediction=0.0573 status=ok
visda/2/BN_adapt/PCA4 iw_residual_dis2 W=2.0 accuracy=0.3985 prediction=0.4679 status=ok
visda/2/BN_adapt/PCA4 iw_overlap_critic W=5.0 accuracy=0.3985 prediction=0.0644 status=ok
visda/2/BN_adapt/PCA4 iw_residual_dis2 W=5.0 accuracy=0.3985 prediction=0.7202 status=ok
visda/2/BN_adapt/PCA4 dis2_reference W=nan accuracy=0.3985 prediction=0.0000 status=ok
visda/2/BN_adapt/PCA16 iw_overlap_critic W=1.0 accuracy=0.3985 prediction=0.1712 status=ok
visda/2/BN_adapt/PCA16 iw_residual_dis2 W=1.0 accuracy=0.3985 prediction=0.2173 status=ok
visda/2/BN_adapt/PCA16 iw_overlap_critic W=2.0 accuracy=0.3985 prediction=0.1956 status=ok
visda/2/BN_adapt/PCA16 iw_residual_dis2 W=2.0 accuracy=0.3985 prediction=0.2719 status=ok
visda/2/BN_adapt/PCA16 iw_overlap_critic W=5.0 accuracy=0.3985 prediction=0.2298 status=ok
visda/2/BN_adapt/PCA16 iw_residual_dis2 W=5.0 accuracy=0.3985 prediction=0.3870 status=ok
visda/2/BN_adapt/PCA16 dis2_reference W=nan accuracy=0.3985 prediction=0.0732 status=ok
visda/2/BN_adapt/PCA32 iw_overlap_critic W=1.0 accuracy=0.3985 prediction=0.2911 status=ok
visda/2/BN_adapt/PCA32 iw_residual_dis2 W=1.0 accuracy=0.3985 prediction=0.3559 status=ok
visda/2/BN_adapt/PCA32 iw_overlap_critic W=2.0 accuracy=0.3985 prediction=0.3191 status=ok
visda/2/BN_adapt/PCA32 iw_residual_dis2 W=2.0 accuracy=0.3985 prediction=0.3783 status=ok
visda/2/BN_adapt/PCA32 iw_overlap_critic W=5.0 accuracy=0.3985 prediction=0.3847 status=ok
visda/2/BN_adapt/PCA32 iw_residual_dis2 W=5.0 accuracy=0.3985 prediction=0.4629 status=ok
visda/2/BN_adapt/PCA32 dis2_reference W=nan accuracy=0.3985 prediction=0.1684 status=ok
visda/2/BN_adapt/PCA64 iw_overlap_critic W=1.0 accuracy=0.3985 prediction=0.3693 status=ok
visda/2/BN_adapt/PCA64 iw_residual_dis2 W=1.0 accuracy=0.3985 prediction=0.4560 status=ok
visda/2/BN_adapt/PCA64 iw_overlap_critic W=2.0 accuracy=0.3985 prediction=0.4564 status=ok
visda/2/BN_adapt/PCA64 iw_residual_dis2 W=2.0 accuracy=0.3985 prediction=0.4988 status=ok
visda/2/BN_adapt/PCA64 iw_overlap_critic W=5.0 accuracy=0.3985 prediction=0.5920 status=ok
visda/2/BN_adapt/PCA64 iw_residual_dis2 W=5.0 accuracy=0.3985 prediction=0.6119 status=ok
visda/2/BN_adapt/PCA64 dis2_reference W=nan accuracy=0.3985 prediction=0.2920 status=ok
visda/2/BN_adapt/PCA128 iw_overlap_critic W=1.0 accuracy=0.3985 prediction=0.4581 status=ok
visda/2/BN_adapt/PCA128 iw_residual_dis2 W=1.0 accuracy=0.3985 prediction=0.5450 status=ok
visda/2/BN_adapt/PCA128 iw_overlap_critic W=2.0 accuracy=0.3985 prediction=0.6217 status=ok
visda/2/BN_adapt/PCA128 iw_residual_dis2 W=2.0 accuracy=0.3985 prediction=0.6519 status=ok
visda/2/BN_adapt/PCA128 iw_overlap_critic W=5.0 accuracy=0.3985 prediction=0.8456 status=ok
visda/2/BN_adapt/PCA128 iw_residual_dis2 W=5.0 accuracy=0.3985 prediction=0.8451 status=ok
visda/2/BN_adapt/PCA128 dis2_reference W=nan accuracy=0.3985 prediction=0.3888 status=ok
visda/1/DANN/logits iw_overlap_critic W=1.0 accuracy=0.6463 prediction=0.4286 status=ok
visda/1/DANN/logits iw_residual_dis2 W=1.0 accuracy=0.6463 prediction=0.8458 status=ok
visda/1/DANN/logits iw_overlap_critic W=2.0 accuracy=0.6463 prediction=0.9975 status=ok
visda/1/DANN/logits iw_residual_dis2 W=2.0 accuracy=0.6463 prediction=0.9980 status=ok
visda/1/DANN/logits iw_overlap_critic W=5.0 accuracy=0.6463 prediction=0.9997 status=ok
visda/1/DANN/logits iw_residual_dis2 W=5.0 accuracy=0.6463 prediction=0.9997 status=ok
visda/1/DANN/logits dis2_reference W=nan accuracy=0.6463 prediction=0.8231 status=ok
visda/1/DANN/features iw_overlap_critic W=1.0 accuracy=0.6463 prediction=0.2682 status=ok
visda/1/DANN/features iw_residual_dis2 W=1.0 accuracy=0.6463 prediction=0.5663 status=ok
visda/1/DANN/features iw_overlap_critic W=2.0 accuracy=0.6463 prediction=0.2812 status=ok
visda/1/DANN/features iw_residual_dis2 W=2.0 accuracy=0.6463 prediction=0.6134 status=ok
visda/1/DANN/features iw_overlap_critic W=5.0 accuracy=0.6463 prediction=0.2884 status=ok
visda/1/DANN/features iw_residual_dis2 W=5.0 accuracy=0.6463 prediction=0.5977 status=ok
visda/1/DANN/features dis2_reference W=nan accuracy=0.6463 prediction=0.3170 status=ok
visda/1/DANN/PCA1 iw_overlap_critic W=1.0 accuracy=0.6463 prediction=0.0296 status=ok
visda/1/DANN/PCA1 iw_residual_dis2 W=1.0 accuracy=0.6463 prediction=0.4497 status=ok
visda/1/DANN/PCA1 iw_overlap_critic W=2.0 accuracy=0.6463 prediction=0.0292 status=ok
visda/1/DANN/PCA1 iw_residual_dis2 W=2.0 accuracy=0.6463 prediction=0.5445 status=ok
visda/1/DANN/PCA1 iw_overlap_critic W=5.0 accuracy=0.6463 prediction=0.0260 status=ok
/storage/homefs/tf24s166/IW_dis2/disagree_discrep_IW/src/lib/utils.py:43: FutureWarning: You are using `torch.load` with `weights_only=False` (the current default value), which uses the default pickle module implicitly. It is possible to construct malicious pickle data which will execute arbitrary code during unpickling (See https://github.com/pytorch/pytorch/blob/main/SECURITY.md#untrusted-models for more details). In a future release, the default value for `weights_only` will be flipped to `True`. This limits the functions that could be executed during unpickling. Arbitrary objects will no longer be allowed to be loaded via this mode unless they are explicitly allowlisted by the user via `torch.serialization.add_safe_globals`. We recommend you start setting `weights_only=True` for any use case where you don't have full control of the loaded file. Please open an issue on GitHub for any issues related to this experimental feature.
  lin.load_state_dict(torch.load(os.path.join(shift_dir, 'linear.pth'), map_location=device))
/storage/homefs/tf24s166/IW_dis2/disagree_discrep_IW/src/lib/utils.py:43: FutureWarning: You are using `torch.load` with `weights_only=False` (the current default value), which uses the default pickle module implicitly. It is possible to construct malicious pickle data which will execute arbitrary code during unpickling (See https://github.com/pytorch/pytorch/blob/main/SECURITY.md#untrusted-models for more details). In a future release, the default value for `weights_only` will be flipped to `True`. This limits the functions that could be executed during unpickling. Arbitrary objects will no longer be allowed to be loaded via this mode unless they are explicitly allowlisted by the user via `torch.serialization.add_safe_globals`. We recommend you start setting `weights_only=True` for any use case where you don't have full control of the loaded file. Please open an issue on GitHub for any issues related to this experimental feature.
  lin.load_state_dict(torch.load(os.path.join(shift_dir, 'linear.pth'), map_location=device))
visda/1/DANN/PCA1 iw_residual_dis2 W=5.0 accuracy=0.6463 prediction=0.6167 status=ok
visda/1/DANN/PCA1 dis2_reference W=nan accuracy=0.6463 prediction=0.0216 status=ok
visda/1/DANN/PCA4 iw_overlap_critic W=1.0 accuracy=0.6463 prediction=0.1558 status=ok
visda/1/DANN/PCA4 iw_residual_dis2 W=1.0 accuracy=0.6463 prediction=0.3963 status=ok
visda/1/DANN/PCA4 iw_overlap_critic W=2.0 accuracy=0.6463 prediction=0.1681 status=ok
visda/1/DANN/PCA4 iw_residual_dis2 W=2.0 accuracy=0.6463 prediction=0.5329 status=ok
visda/1/DANN/PCA4 iw_overlap_critic W=5.0 accuracy=0.6463 prediction=0.2305 status=ok
visda/1/DANN/PCA4 iw_residual_dis2 W=5.0 accuracy=0.6463 prediction=0.5997 status=ok
visda/1/DANN/PCA4 dis2_reference W=nan accuracy=0.6463 prediction=0.1633 status=ok
visda/1/DANN/PCA16 iw_overlap_critic W=1.0 accuracy=0.6463 prediction=0.3577 status=ok
visda/1/DANN/PCA16 iw_residual_dis2 W=1.0 accuracy=0.6463 prediction=0.5395 status=ok
visda/1/DANN/PCA16 iw_overlap_critic W=2.0 accuracy=0.6463 prediction=0.4778 status=ok
visda/1/DANN/PCA16 iw_residual_dis2 W=2.0 accuracy=0.6463 prediction=0.6226 status=ok
visda/1/DANN/PCA16 iw_overlap_critic W=5.0 accuracy=0.6463 prediction=0.6480 status=ok
visda/1/DANN/PCA16 iw_residual_dis2 W=5.0 accuracy=0.6463 prediction=0.7487 status=ok
visda/1/DANN/PCA16 dis2_reference W=nan accuracy=0.6463 prediction=0.3787 status=ok
visda/1/DANN/PCA32 iw_overlap_critic W=1.0 accuracy=0.6463 prediction=0.4197 status=ok
visda/1/DANN/PCA32 iw_residual_dis2 W=1.0 accuracy=0.6463 prediction=0.6892 status=ok
visda/1/DANN/PCA32 iw_overlap_critic W=2.0 accuracy=0.6463 prediction=0.6019 status=ok
visda/1/DANN/PCA32 iw_residual_dis2 W=2.0 accuracy=0.6463 prediction=0.7681 status=ok
visda/1/DANN/PCA32 iw_overlap_critic W=5.0 accuracy=0.6463 prediction=0.8531 status=ok
visda/1/DANN/PCA32 iw_residual_dis2 W=5.0 accuracy=0.6463 prediction=0.8912 status=ok
visda/1/DANN/PCA32 dis2_reference W=nan accuracy=0.6463 prediction=0.5456 status=ok
visda/1/DANN/PCA64 iw_overlap_critic W=1.0 accuracy=0.6463 prediction=0.4798 status=ok
visda/1/DANN/PCA64 iw_residual_dis2 W=1.0 accuracy=0.6463 prediction=0.8122 status=ok
visda/1/DANN/PCA64 iw_overlap_critic W=2.0 accuracy=0.6463 prediction=0.7946 status=ok
visda/1/DANN/PCA64 iw_residual_dis2 W=2.0 accuracy=0.6463 prediction=0.9135 status=ok
visda/1/DANN/PCA64 iw_overlap_critic W=5.0 accuracy=0.6463 prediction=0.9811 status=ok
visda/1/DANN/PCA64 iw_residual_dis2 W=5.0 accuracy=0.6463 prediction=0.9932 status=ok
visda/1/DANN/PCA64 dis2_reference W=nan accuracy=0.6463 prediction=0.6725 status=ok
visda/1/DANN/PCA128 iw_overlap_critic W=1.0 accuracy=0.6463 prediction=0.4799 status=ok
visda/1/DANN/PCA128 iw_residual_dis2 W=1.0 accuracy=0.6463 prediction=0.8658 status=ok
visda/1/DANN/PCA128 iw_overlap_critic W=2.0 accuracy=0.6463 prediction=0.9390 status=ok
visda/1/DANN/PCA128 iw_residual_dis2 W=2.0 accuracy=0.6463 prediction=0.9740 status=ok
visda/1/DANN/PCA128 iw_overlap_critic W=5.0 accuracy=0.6463 prediction=0.9996 status=ok
visda/1/DANN/PCA128 iw_residual_dis2 W=5.0 accuracy=0.6463 prediction=nan status=unsupported_critic_region
visda/1/DANN/PCA128 dis2_reference W=nan accuracy=0.6463 prediction=0.7709 status=ok
visda/2/DANN/logits iw_overlap_critic W=1.0 accuracy=0.6547 prediction=0.4850 status=ok
visda/2/DANN/logits iw_residual_dis2 W=1.0 accuracy=0.6547 prediction=0.8936 status=ok
visda/2/DANN/logits iw_overlap_critic W=2.0 accuracy=0.6547 prediction=0.9999 status=ok
visda/2/DANN/logits iw_residual_dis2 W=2.0 accuracy=0.6547 prediction=0.9999 status=ok
visda/2/DANN/logits iw_overlap_critic W=5.0 accuracy=0.6547 prediction=0.9999 status=ok
visda/2/DANN/logits iw_residual_dis2 W=5.0 accuracy=0.6547 prediction=0.9999 status=ok
visda/2/DANN/logits dis2_reference W=nan accuracy=0.6547 prediction=0.8196 status=ok
visda/2/DANN/features iw_overlap_critic W=1.0 accuracy=0.6547 prediction=0.3019 status=ok
visda/2/DANN/features iw_residual_dis2 W=1.0 accuracy=0.6547 prediction=0.5066 status=ok
visda/2/DANN/features iw_overlap_critic W=2.0 accuracy=0.6547 prediction=0.3080 status=ok
visda/2/DANN/features iw_residual_dis2 W=2.0 accuracy=0.6547 prediction=0.5271 status=ok
visda/2/DANN/features iw_overlap_critic W=5.0 accuracy=0.6547 prediction=0.3124 status=ok
visda/2/DANN/features iw_residual_dis2 W=5.0 accuracy=0.6547 prediction=0.5404 status=ok
visda/2/DANN/features dis2_reference W=nan accuracy=0.6547 prediction=0.3145 status=ok
visda/2/DANN/PCA1 iw_overlap_critic W=1.0 accuracy=0.6547 prediction=0.0375 status=ok
visda/2/DANN/PCA1 iw_residual_dis2 W=1.0 accuracy=0.6547 prediction=0.5267 status=ok
visda/2/DANN/PCA1 iw_overlap_critic W=2.0 accuracy=0.6547 prediction=0.0431 status=ok
visda/2/DANN/PCA1 iw_residual_dis2 W=2.0 accuracy=0.6547 prediction=0.6372 status=ok
visda/2/DANN/PCA1 iw_overlap_critic W=5.0 accuracy=0.6547 prediction=0.0475 status=ok
visda/2/DANN/PCA1 iw_residual_dis2 W=5.0 accuracy=0.6547 prediction=0.7210 status=ok
visda/2/DANN/PCA1 dis2_reference W=nan accuracy=0.6547 prediction=0.0270 status=ok
visda/2/DANN/PCA4 iw_overlap_critic W=1.0 accuracy=0.6547 prediction=0.1796 status=ok
visda/2/DANN/PCA4 iw_residual_dis2 W=1.0 accuracy=0.6547 prediction=0.4041 status=ok
visda/2/DANN/PCA4 iw_overlap_critic W=2.0 accuracy=0.6547 prediction=0.2221 status=ok
visda/2/DANN/PCA4 iw_residual_dis2 W=2.0 accuracy=0.6547 prediction=0.4875 status=ok
visda/2/DANN/PCA4 iw_overlap_critic W=5.0 accuracy=0.6547 prediction=0.2828 status=ok
visda/2/DANN/PCA4 iw_residual_dis2 W=5.0 accuracy=0.6547 prediction=0.6142 status=ok
visda/2/DANN/PCA4 dis2_reference W=nan accuracy=0.6547 prediction=0.1642 status=ok
visda/2/DANN/PCA16 iw_overlap_critic W=1.0 accuracy=0.6547 prediction=0.3616 status=ok
visda/2/DANN/PCA16 iw_residual_dis2 W=1.0 accuracy=0.6547 prediction=0.5710 status=ok
visda/2/DANN/PCA16 iw_overlap_critic W=2.0 accuracy=0.6547 prediction=0.4922 status=ok
visda/2/DANN/PCA16 iw_residual_dis2 W=2.0 accuracy=0.6547 prediction=0.6773 status=ok
visda/2/DANN/PCA16 iw_overlap_critic W=5.0 accuracy=0.6547 prediction=0.7000 status=ok
visda/2/DANN/PCA16 iw_residual_dis2 W=5.0 accuracy=0.6547 prediction=0.8043 status=ok
visda/2/DANN/PCA16 dis2_reference W=nan accuracy=0.6547 prediction=0.3924 status=ok
visda/2/DANN/PCA32 iw_overlap_critic W=1.0 accuracy=0.6547 prediction=0.4651 status=ok
visda/2/DANN/PCA32 iw_residual_dis2 W=1.0 accuracy=0.6547 prediction=0.7127 status=ok
visda/2/DANN/PCA32 iw_overlap_critic W=2.0 accuracy=0.6547 prediction=0.6576 status=ok
visda/2/DANN/PCA32 iw_residual_dis2 W=2.0 accuracy=0.6547 prediction=0.7911 status=ok
visda/2/DANN/PCA32 iw_overlap_critic W=5.0 accuracy=0.6547 prediction=0.8767 status=ok
visda/2/DANN/PCA32 iw_residual_dis2 W=5.0 accuracy=0.6547 prediction=0.9348 status=ok
visda/2/DANN/PCA32 dis2_reference W=nan accuracy=0.6547 prediction=0.5436 status=ok
visda/2/DANN/PCA64 iw_overlap_critic W=1.0 accuracy=0.6547 prediction=0.4878 status=ok
visda/2/DANN/PCA64 iw_residual_dis2 W=1.0 accuracy=0.6547 prediction=0.8249 status=ok
visda/2/DANN/PCA64 iw_overlap_critic W=2.0 accuracy=0.6547 prediction=0.8038 status=ok
visda/2/DANN/PCA64 iw_residual_dis2 W=2.0 accuracy=0.6547 prediction=0.9146 status=ok
visda/2/DANN/PCA64 iw_overlap_critic W=5.0 accuracy=0.6547 prediction=0.9795 status=ok
visda/2/DANN/PCA64 iw_residual_dis2 W=5.0 accuracy=0.6547 prediction=0.9884 status=ok
visda/2/DANN/PCA64 dis2_reference W=nan accuracy=0.6547 prediction=0.6726 status=ok
visda/2/DANN/PCA128 iw_overlap_critic W=1.0 accuracy=0.6547 prediction=0.5375 status=ok
visda/2/DANN/PCA128 iw_residual_dis2 W=1.0 accuracy=0.6547 prediction=0.9144 status=ok
visda/2/DANN/PCA128 iw_overlap_critic W=2.0 accuracy=0.6547 prediction=0.9944 status=ok
visda/2/DANN/PCA128 iw_residual_dis2 W=2.0 accuracy=0.6547 prediction=0.9976 status=ok
visda/2/DANN/PCA128 iw_overlap_critic W=5.0 accuracy=0.6547 prediction=0.9999 status=ok
visda/2/DANN/PCA128 iw_residual_dis2 W=5.0 accuracy=0.6547 prediction=0.9999 status=ok
visda/2/DANN/PCA128 dis2_reference W=nan accuracy=0.6547 prediction=0.7671 status=ok
visda/1/CDANN/logits iw_overlap_critic W=1.0 accuracy=0.6784 prediction=0.4314 status=ok
/storage/homefs/tf24s166/IW_dis2/disagree_discrep_IW/src/lib/utils.py:43: FutureWarning: You are using `torch.load` with `weights_only=False` (the current default value), which uses the default pickle module implicitly. It is possible to construct malicious pickle data which will execute arbitrary code during unpickling (See https://github.com/pytorch/pytorch/blob/main/SECURITY.md#untrusted-models for more details). In a future release, the default value for `weights_only` will be flipped to `True`. This limits the functions that could be executed during unpickling. Arbitrary objects will no longer be allowed to be loaded via this mode unless they are explicitly allowlisted by the user via `torch.serialization.add_safe_globals`. We recommend you start setting `weights_only=True` for any use case where you don't have full control of the loaded file. Please open an issue on GitHub for any issues related to this experimental feature.
  lin.load_state_dict(torch.load(os.path.join(shift_dir, 'linear.pth'), map_location=device))
visda/1/CDANN/logits iw_residual_dis2 W=1.0 accuracy=0.6784 prediction=0.8972 status=ok
visda/1/CDANN/logits iw_overlap_critic W=2.0 accuracy=0.6784 prediction=0.9608 status=ok
visda/1/CDANN/logits iw_residual_dis2 W=2.0 accuracy=0.6784 prediction=0.9889 status=ok
visda/1/CDANN/logits iw_overlap_critic W=5.0 accuracy=0.6784 prediction=0.9994 status=ok
visda/1/CDANN/logits iw_residual_dis2 W=5.0 accuracy=0.6784 prediction=0.9994 status=ok
visda/1/CDANN/logits dis2_reference W=nan accuracy=0.6784 prediction=0.7950 status=ok
visda/1/CDANN/features iw_overlap_critic W=1.0 accuracy=0.6784 prediction=0.4295 status=ok
visda/1/CDANN/features iw_residual_dis2 W=1.0 accuracy=0.6784 prediction=0.3838 status=ok
visda/1/CDANN/features iw_overlap_critic W=2.0 accuracy=0.6784 prediction=0.4573 status=ok
visda/1/CDANN/features iw_residual_dis2 W=2.0 accuracy=0.6784 prediction=0.3430 status=ok
visda/1/CDANN/features iw_overlap_critic W=5.0 accuracy=0.6784 prediction=0.4223 status=ok
visda/1/CDANN/features iw_residual_dis2 W=5.0 accuracy=0.6784 prediction=0.3245 status=ok
visda/1/CDANN/features dis2_reference W=nan accuracy=0.6784 prediction=0.6998 status=ok
visda/1/CDANN/PCA1 iw_overlap_critic W=1.0 accuracy=0.6784 prediction=0.1897 status=ok
visda/1/CDANN/PCA1 iw_residual_dis2 W=1.0 accuracy=0.6784 prediction=0.4071 status=ok
visda/1/CDANN/PCA1 iw_overlap_critic W=2.0 accuracy=0.6784 prediction=0.1994 status=ok
visda/1/CDANN/PCA1 iw_residual_dis2 W=2.0 accuracy=0.6784 prediction=0.3885 status=ok
visda/1/CDANN/PCA1 iw_overlap_critic W=5.0 accuracy=0.6784 prediction=0.2012 status=ok
visda/1/CDANN/PCA1 iw_residual_dis2 W=5.0 accuracy=0.6784 prediction=0.5663 status=ok
visda/1/CDANN/PCA1 dis2_reference W=nan accuracy=0.6784 prediction=0.1116 status=ok
visda/1/CDANN/PCA4 iw_overlap_critic W=1.0 accuracy=0.6784 prediction=0.4702 status=ok
visda/1/CDANN/PCA4 iw_residual_dis2 W=1.0 accuracy=0.6784 prediction=0.5524 status=ok
visda/1/CDANN/PCA4 iw_overlap_critic W=2.0 accuracy=0.6784 prediction=0.5005 status=ok
visda/1/CDANN/PCA4 iw_residual_dis2 W=2.0 accuracy=0.6784 prediction=0.5522 status=ok
visda/1/CDANN/PCA4 iw_overlap_critic W=5.0 accuracy=0.6784 prediction=0.5258 status=ok
visda/1/CDANN/PCA4 iw_residual_dis2 W=5.0 accuracy=0.6784 prediction=0.5173 status=ok
visda/1/CDANN/PCA4 dis2_reference W=nan accuracy=0.6784 prediction=0.4563 status=ok
visda/1/CDANN/PCA16 iw_overlap_critic W=1.0 accuracy=0.6784 prediction=0.3924 status=ok
visda/1/CDANN/PCA16 iw_residual_dis2 W=1.0 accuracy=0.6784 prediction=0.8468 status=ok
visda/1/CDANN/PCA16 iw_overlap_critic W=2.0 accuracy=0.6784 prediction=0.6784 status=ok
visda/1/CDANN/PCA16 iw_residual_dis2 W=2.0 accuracy=0.6784 prediction=0.8431 status=ok
visda/1/CDANN/PCA16 iw_overlap_critic W=5.0 accuracy=0.6784 prediction=0.9518 status=ok
visda/1/CDANN/PCA16 iw_residual_dis2 W=5.0 accuracy=0.6784 prediction=0.9669 status=ok
visda/1/CDANN/PCA16 dis2_reference W=nan accuracy=0.6784 prediction=0.7586 status=ok
visda/1/CDANN/PCA32 iw_overlap_critic W=1.0 accuracy=0.6784 prediction=0.3481 status=ok
visda/1/CDANN/PCA32 iw_residual_dis2 W=1.0 accuracy=0.6784 prediction=0.9078 status=ok
visda/1/CDANN/PCA32 iw_overlap_critic W=2.0 accuracy=0.6784 prediction=0.9944 status=ok
visda/1/CDANN/PCA32 iw_residual_dis2 W=2.0 accuracy=0.6784 prediction=0.9977 status=ok
visda/1/CDANN/PCA32 iw_overlap_critic W=5.0 accuracy=0.6784 prediction=0.9994 status=ok
visda/1/CDANN/PCA32 iw_residual_dis2 W=5.0 accuracy=0.6784 prediction=0.9994 status=ok
visda/1/CDANN/PCA32 dis2_reference W=nan accuracy=0.6784 prediction=0.8324 status=ok
visda/1/CDANN/PCA64 iw_overlap_critic W=1.0 accuracy=0.6784 prediction=0.3553 status=ok
visda/1/CDANN/PCA64 iw_residual_dis2 W=1.0 accuracy=0.6784 prediction=0.9530 status=ok
visda/1/CDANN/PCA64 iw_overlap_critic W=2.0 accuracy=0.6784 prediction=0.9972 status=ok
visda/1/CDANN/PCA64 iw_residual_dis2 W=2.0 accuracy=0.6784 prediction=0.9991 status=ok
visda/1/CDANN/PCA64 iw_overlap_critic W=5.0 accuracy=0.6784 prediction=0.9994 status=ok
visda/1/CDANN/PCA64 iw_residual_dis2 W=5.0 accuracy=0.6784 prediction=0.9994 status=ok
visda/1/CDANN/PCA64 dis2_reference W=nan accuracy=0.6784 prediction=0.8963 status=ok
visda/1/CDANN/PCA128 iw_overlap_critic W=1.0 accuracy=0.6784 prediction=0.4785 status=ok
visda/1/CDANN/PCA128 iw_residual_dis2 W=1.0 accuracy=0.6784 prediction=0.9579 status=ok
visda/1/CDANN/PCA128 iw_overlap_critic W=2.0 accuracy=0.6784 prediction=0.9995 status=ok
visda/1/CDANN/PCA128 iw_residual_dis2 W=2.0 accuracy=0.6784 prediction=0.9995 status=ok
visda/1/CDANN/PCA128 iw_overlap_critic W=5.0 accuracy=0.6784 prediction=0.9995 status=ok
visda/1/CDANN/PCA128 iw_residual_dis2 W=5.0 accuracy=0.6784 prediction=0.9995 status=ok
visda/1/CDANN/PCA128 dis2_reference W=nan accuracy=0.6784 prediction=0.8450 status=ok
visda/2/CDANN/logits iw_overlap_critic W=1.0 accuracy=0.7108 prediction=0.4498 status=ok
visda/2/CDANN/logits iw_residual_dis2 W=1.0 accuracy=0.7108 prediction=0.9120 status=ok
visda/2/CDANN/logits iw_overlap_critic W=2.0 accuracy=0.7108 prediction=nan status=unsupported_critic_region
visda/2/CDANN/logits iw_residual_dis2 W=2.0 accuracy=0.7108 prediction=nan status=unsupported_critic_region
visda/2/CDANN/logits iw_overlap_critic W=5.0 accuracy=0.7108 prediction=0.9995 status=ok
visda/2/CDANN/logits iw_residual_dis2 W=5.0 accuracy=0.7108 prediction=0.9995 status=ok
visda/2/CDANN/logits dis2_reference W=nan accuracy=0.7108 prediction=0.8490 status=ok
visda/2/CDANN/features iw_overlap_critic W=1.0 accuracy=0.7108 prediction=0.4939 status=ok
visda/2/CDANN/features iw_residual_dis2 W=1.0 accuracy=0.7108 prediction=0.5648 status=ok
visda/2/CDANN/features iw_overlap_critic W=2.0 accuracy=0.7108 prediction=0.4657 status=ok
visda/2/CDANN/features iw_residual_dis2 W=2.0 accuracy=0.7108 prediction=0.5465 status=ok
visda/2/CDANN/features iw_overlap_critic W=5.0 accuracy=0.7108 prediction=0.3345 status=ok
visda/2/CDANN/features iw_residual_dis2 W=5.0 accuracy=0.7108 prediction=0.5101 status=ok
visda/2/CDANN/features dis2_reference W=nan accuracy=0.7108 prediction=0.7538 status=ok
visda/2/CDANN/PCA1 iw_overlap_critic W=1.0 accuracy=0.7108 prediction=0.2204 status=ok
visda/2/CDANN/PCA1 iw_residual_dis2 W=1.0 accuracy=0.7108 prediction=0.5051 status=ok
visda/2/CDANN/PCA1 iw_overlap_critic W=2.0 accuracy=0.7108 prediction=0.2146 status=ok
visda/2/CDANN/PCA1 iw_residual_dis2 W=2.0 accuracy=0.7108 prediction=0.3905 status=ok
visda/2/CDANN/PCA1 iw_overlap_critic W=5.0 accuracy=0.7108 prediction=0.1887 status=ok
visda/2/CDANN/PCA1 iw_residual_dis2 W=5.0 accuracy=0.7108 prediction=0.3657 status=ok
visda/2/CDANN/PCA1 dis2_reference W=nan accuracy=0.7108 prediction=0.0958 status=ok
visda/2/CDANN/PCA4 iw_overlap_critic W=1.0 accuracy=0.7108 prediction=0.5262 status=ok
visda/2/CDANN/PCA4 iw_residual_dis2 W=1.0 accuracy=0.7108 prediction=0.5559 status=ok
visda/2/CDANN/PCA4 iw_overlap_critic W=2.0 accuracy=0.7108 prediction=0.4461 status=ok
visda/2/CDANN/PCA4 iw_residual_dis2 W=2.0 accuracy=0.7108 prediction=0.5572 status=ok
visda/2/CDANN/PCA4 iw_overlap_critic W=5.0 accuracy=0.7108 prediction=0.4579 status=ok
visda/2/CDANN/PCA4 iw_residual_dis2 W=5.0 accuracy=0.7108 prediction=0.5694 status=ok
visda/2/CDANN/PCA4 dis2_reference W=nan accuracy=0.7108 prediction=0.4984 status=ok
visda/2/CDANN/PCA16 iw_overlap_critic W=1.0 accuracy=0.7108 prediction=0.4840 status=ok
visda/2/CDANN/PCA16 iw_residual_dis2 W=1.0 accuracy=0.7108 prediction=0.8215 status=ok
visda/2/CDANN/PCA16 iw_overlap_critic W=2.0 accuracy=0.7108 prediction=0.8103 status=ok
visda/2/CDANN/PCA16 iw_residual_dis2 W=2.0 accuracy=0.7108 prediction=0.9057 status=ok
visda/2/CDANN/PCA16 iw_overlap_critic W=5.0 accuracy=0.7108 prediction=0.9858 status=ok
visda/2/CDANN/PCA16 iw_residual_dis2 W=5.0 accuracy=0.7108 prediction=0.9889 status=ok
visda/2/CDANN/PCA16 dis2_reference W=nan accuracy=0.7108 prediction=0.8126 status=ok
visda/2/CDANN/PCA32 iw_overlap_critic W=1.0 accuracy=0.7108 prediction=0.5057 status=ok
visda/2/CDANN/PCA32 iw_residual_dis2 W=1.0 accuracy=0.7108 prediction=0.8899 status=ok
visda/2/CDANN/PCA32 iw_overlap_critic W=2.0 accuracy=0.7108 prediction=0.9926 status=ok
/storage/homefs/tf24s166/IW_dis2/disagree_discrep_IW/src/lib/utils.py:43: FutureWarning: You are using `torch.load` with `weights_only=False` (the current default value), which uses the default pickle module implicitly. It is possible to construct malicious pickle data which will execute arbitrary code during unpickling (See https://github.com/pytorch/pytorch/blob/main/SECURITY.md#untrusted-models for more details). In a future release, the default value for `weights_only` will be flipped to `True`. This limits the functions that could be executed during unpickling. Arbitrary objects will no longer be allowed to be loaded via this mode unless they are explicitly allowlisted by the user via `torch.serialization.add_safe_globals`. We recommend you start setting `weights_only=True` for any use case where you don't have full control of the loaded file. Please open an issue on GitHub for any issues related to this experimental feature.
  lin.load_state_dict(torch.load(os.path.join(shift_dir, 'linear.pth'), map_location=device))
/storage/homefs/tf24s166/IW_dis2/disagree_discrep_IW/src/lib/utils.py:43: FutureWarning: You are using `torch.load` with `weights_only=False` (the current default value), which uses the default pickle module implicitly. It is possible to construct malicious pickle data which will execute arbitrary code during unpickling (See https://github.com/pytorch/pytorch/blob/main/SECURITY.md#untrusted-models for more details). In a future release, the default value for `weights_only` will be flipped to `True`. This limits the functions that could be executed during unpickling. Arbitrary objects will no longer be allowed to be loaded via this mode unless they are explicitly allowlisted by the user via `torch.serialization.add_safe_globals`. We recommend you start setting `weights_only=True` for any use case where you don't have full control of the loaded file. Please open an issue on GitHub for any issues related to this experimental feature.
  lin.load_state_dict(torch.load(os.path.join(shift_dir, 'linear.pth'), map_location=device))
visda/2/CDANN/PCA32 iw_residual_dis2 W=2.0 accuracy=0.7108 prediction=0.9963 status=ok
visda/2/CDANN/PCA32 iw_overlap_critic W=5.0 accuracy=0.7108 prediction=0.9995 status=ok
visda/2/CDANN/PCA32 iw_residual_dis2 W=5.0 accuracy=0.7108 prediction=0.9995 status=ok
visda/2/CDANN/PCA32 dis2_reference W=nan accuracy=0.7108 prediction=0.8784 status=ok
visda/2/CDANN/PCA64 iw_overlap_critic W=1.0 accuracy=0.7108 prediction=0.4160 status=ok
visda/2/CDANN/PCA64 iw_residual_dis2 W=1.0 accuracy=0.7108 prediction=0.9500 status=ok
visda/2/CDANN/PCA64 iw_overlap_critic W=2.0 accuracy=0.7108 prediction=0.9981 status=ok
visda/2/CDANN/PCA64 iw_residual_dis2 W=2.0 accuracy=0.7108 prediction=nan status=unsupported_critic_region
visda/2/CDANN/PCA64 iw_overlap_critic W=5.0 accuracy=0.7108 prediction=0.9995 status=ok
visda/2/CDANN/PCA64 iw_residual_dis2 W=5.0 accuracy=0.7108 prediction=0.9995 status=ok
visda/2/CDANN/PCA64 dis2_reference W=nan accuracy=0.7108 prediction=0.8731 status=ok
visda/2/CDANN/PCA128 iw_overlap_critic W=1.0 accuracy=0.7108 prediction=0.4153 status=ok
visda/2/CDANN/PCA128 iw_residual_dis2 W=1.0 accuracy=0.7108 prediction=0.9429 status=ok
visda/2/CDANN/PCA128 iw_overlap_critic W=2.0 accuracy=0.7108 prediction=0.9989 status=ok
visda/2/CDANN/PCA128 iw_residual_dis2 W=2.0 accuracy=0.7108 prediction=nan status=unsupported_critic_region
visda/2/CDANN/PCA128 iw_overlap_critic W=5.0 accuracy=0.7108 prediction=0.9995 status=ok
visda/2/CDANN/PCA128 iw_residual_dis2 W=5.0 accuracy=0.7108 prediction=0.9995 status=ok
visda/2/CDANN/PCA128 dis2_reference W=nan accuracy=0.7108 prediction=0.9229 status=ok
visda/1/FixMatch/logits iw_overlap_critic W=1.0 accuracy=0.6683 prediction=0.4567 status=ok
visda/1/FixMatch/logits iw_residual_dis2 W=1.0 accuracy=0.6683 prediction=0.6500 status=ok
visda/1/FixMatch/logits iw_overlap_critic W=2.0 accuracy=0.6683 prediction=0.9586 status=ok
visda/1/FixMatch/logits iw_residual_dis2 W=2.0 accuracy=0.6683 prediction=0.9652 status=ok
visda/1/FixMatch/logits iw_overlap_critic W=5.0 accuracy=0.6683 prediction=0.9936 status=ok
visda/1/FixMatch/logits iw_residual_dis2 W=5.0 accuracy=0.6683 prediction=0.9950 status=ok
visda/1/FixMatch/logits dis2_reference W=nan accuracy=0.6683 prediction=0.5190 status=ok
visda/1/FixMatch/features iw_overlap_critic W=1.0 accuracy=0.6683 prediction=0.0267 status=ok
visda/1/FixMatch/features iw_residual_dis2 W=1.0 accuracy=0.6683 prediction=0.3215 status=ok
visda/1/FixMatch/features iw_overlap_critic W=2.0 accuracy=0.6683 prediction=0.0213 status=ok
visda/1/FixMatch/features iw_residual_dis2 W=2.0 accuracy=0.6683 prediction=0.0832 status=ok
visda/1/FixMatch/features iw_overlap_critic W=5.0 accuracy=0.6683 prediction=0.0198 status=ok
visda/1/FixMatch/features iw_residual_dis2 W=5.0 accuracy=0.6683 prediction=0.0083 status=ok
visda/1/FixMatch/features dis2_reference W=nan accuracy=0.6683 prediction=0.0000 status=ok
visda/1/FixMatch/PCA1 iw_overlap_critic W=1.0 accuracy=0.6683 prediction=0.0036 status=ok
visda/1/FixMatch/PCA1 iw_residual_dis2 W=1.0 accuracy=0.6683 prediction=nan status=unsupported_residual_source_region
visda/1/FixMatch/PCA1 iw_overlap_critic W=2.0 accuracy=0.6683 prediction=0.0040 status=ok
visda/1/FixMatch/PCA1 iw_residual_dis2 W=2.0 accuracy=0.6683 prediction=nan status=unsupported_residual_source_region
visda/1/FixMatch/PCA1 iw_overlap_critic W=5.0 accuracy=0.6683 prediction=0.0058 status=ok
visda/1/FixMatch/PCA1 iw_residual_dis2 W=5.0 accuracy=0.6683 prediction=nan status=unsupported_residual_source_region
visda/1/FixMatch/PCA1 dis2_reference W=nan accuracy=0.6683 prediction=0.0000 status=ok
visda/1/FixMatch/PCA4 iw_overlap_critic W=1.0 accuracy=0.6683 prediction=0.0115 status=ok
visda/1/FixMatch/PCA4 iw_residual_dis2 W=1.0 accuracy=0.6683 prediction=0.0050 status=ok
visda/1/FixMatch/PCA4 iw_overlap_critic W=2.0 accuracy=0.6683 prediction=0.0112 status=ok
visda/1/FixMatch/PCA4 iw_residual_dis2 W=2.0 accuracy=0.6683 prediction=1.0000 status=ok
visda/1/FixMatch/PCA4 iw_overlap_critic W=5.0 accuracy=0.6683 prediction=0.0112 status=ok
visda/1/FixMatch/PCA4 iw_residual_dis2 W=5.0 accuracy=0.6683 prediction=nan status=unsupported_critic_region
visda/1/FixMatch/PCA4 dis2_reference W=nan accuracy=0.6683 prediction=0.0000 status=ok
visda/1/FixMatch/PCA16 iw_overlap_critic W=1.0 accuracy=0.6683 prediction=0.0487 status=ok
visda/1/FixMatch/PCA16 iw_residual_dis2 W=1.0 accuracy=0.6683 prediction=0.1868 status=ok
visda/1/FixMatch/PCA16 iw_overlap_critic W=2.0 accuracy=0.6683 prediction=0.0339 status=ok
visda/1/FixMatch/PCA16 iw_residual_dis2 W=2.0 accuracy=0.6683 prediction=0.1663 status=ok
visda/1/FixMatch/PCA16 iw_overlap_critic W=5.0 accuracy=0.6683 prediction=0.0332 status=ok
visda/1/FixMatch/PCA16 iw_residual_dis2 W=5.0 accuracy=0.6683 prediction=0.1784 status=ok
visda/1/FixMatch/PCA16 dis2_reference W=nan accuracy=0.6683 prediction=0.0000 status=ok
visda/1/FixMatch/PCA32 iw_overlap_critic W=1.0 accuracy=0.6683 prediction=0.0833 status=ok
visda/1/FixMatch/PCA32 iw_residual_dis2 W=1.0 accuracy=0.6683 prediction=0.1353 status=ok
visda/1/FixMatch/PCA32 iw_overlap_critic W=2.0 accuracy=0.6683 prediction=0.0847 status=ok
visda/1/FixMatch/PCA32 iw_residual_dis2 W=2.0 accuracy=0.6683 prediction=0.1032 status=ok
visda/1/FixMatch/PCA32 iw_overlap_critic W=5.0 accuracy=0.6683 prediction=0.0909 status=ok
visda/1/FixMatch/PCA32 iw_residual_dis2 W=5.0 accuracy=0.6683 prediction=0.1122 status=ok
visda/1/FixMatch/PCA32 dis2_reference W=nan accuracy=0.6683 prediction=0.0189 status=ok
visda/1/FixMatch/PCA64 iw_overlap_critic W=1.0 accuracy=0.6683 prediction=0.1749 status=ok
visda/1/FixMatch/PCA64 iw_residual_dis2 W=1.0 accuracy=0.6683 prediction=0.2434 status=ok
visda/1/FixMatch/PCA64 iw_overlap_critic W=2.0 accuracy=0.6683 prediction=0.2099 status=ok
visda/1/FixMatch/PCA64 iw_residual_dis2 W=2.0 accuracy=0.6683 prediction=0.2596 status=ok
visda/1/FixMatch/PCA64 iw_overlap_critic W=5.0 accuracy=0.6683 prediction=0.2550 status=ok
visda/1/FixMatch/PCA64 iw_residual_dis2 W=5.0 accuracy=0.6683 prediction=0.2945 status=ok
visda/1/FixMatch/PCA64 dis2_reference W=nan accuracy=0.6683 prediction=0.1253 status=ok
visda/1/FixMatch/PCA128 iw_overlap_critic W=1.0 accuracy=0.6683 prediction=0.4091 status=ok
visda/1/FixMatch/PCA128 iw_residual_dis2 W=1.0 accuracy=0.6683 prediction=0.4896 status=ok
visda/1/FixMatch/PCA128 iw_overlap_critic W=2.0 accuracy=0.6683 prediction=0.3988 status=ok
visda/1/FixMatch/PCA128 iw_residual_dis2 W=2.0 accuracy=0.6683 prediction=0.4878 status=ok
visda/1/FixMatch/PCA128 iw_overlap_critic W=5.0 accuracy=0.6683 prediction=0.4341 status=ok
visda/1/FixMatch/PCA128 iw_residual_dis2 W=5.0 accuracy=0.6683 prediction=0.4497 status=ok
visda/1/FixMatch/PCA128 dis2_reference W=nan accuracy=0.6683 prediction=0.3541 status=ok
visda/2/FixMatch/logits iw_overlap_critic W=1.0 accuracy=0.6480 prediction=0.4650 status=ok
visda/2/FixMatch/logits iw_residual_dis2 W=1.0 accuracy=0.6480 prediction=0.6041 status=ok
visda/2/FixMatch/logits iw_overlap_critic W=2.0 accuracy=0.6480 prediction=0.9921 status=ok
visda/2/FixMatch/logits iw_residual_dis2 W=2.0 accuracy=0.6480 prediction=0.9940 status=ok
visda/2/FixMatch/logits iw_overlap_critic W=5.0 accuracy=0.6480 prediction=0.9984 status=ok
visda/2/FixMatch/logits iw_residual_dis2 W=5.0 accuracy=0.6480 prediction=0.9984 status=ok
visda/2/FixMatch/logits dis2_reference W=nan accuracy=0.6480 prediction=0.4500 status=ok
visda/2/FixMatch/features iw_overlap_critic W=1.0 accuracy=0.6480 prediction=0.0165 status=ok
visda/2/FixMatch/features iw_residual_dis2 W=1.0 accuracy=0.6480 prediction=0.5068 status=ok
visda/2/FixMatch/features iw_overlap_critic W=2.0 accuracy=0.6480 prediction=0.0148 status=ok
visda/2/FixMatch/features iw_residual_dis2 W=2.0 accuracy=0.6480 prediction=0.3382 status=ok
visda/2/FixMatch/features iw_overlap_critic W=5.0 accuracy=0.6480 prediction=0.0192 status=ok
visda/2/FixMatch/features iw_residual_dis2 W=5.0 accuracy=0.6480 prediction=1.0000 status=ok
visda/2/FixMatch/features dis2_reference W=nan accuracy=0.6480 prediction=0.0000 status=ok
visda/2/FixMatch/PCA1 iw_overlap_critic W=1.0 accuracy=0.6480 prediction=0.0075 status=ok
visda/2/FixMatch/PCA1 iw_residual_dis2 W=1.0 accuracy=0.6480 prediction=nan status=unsupported_residual_source_region
visda/2/FixMatch/PCA1 iw_overlap_critic W=2.0 accuracy=0.6480 prediction=0.0086 status=ok
visda/2/FixMatch/PCA1 iw_residual_dis2 W=2.0 accuracy=0.6480 prediction=nan status=unsupported_residual_source_region
visda/2/FixMatch/PCA1 iw_overlap_critic W=5.0 accuracy=0.6480 prediction=0.0099 status=ok
visda/2/FixMatch/PCA1 iw_residual_dis2 W=5.0 accuracy=0.6480 prediction=nan status=unsupported_residual_source_region
visda/2/FixMatch/PCA1 dis2_reference W=nan accuracy=0.6480 prediction=0.0000 status=ok
visda/2/FixMatch/PCA4 iw_overlap_critic W=1.0 accuracy=0.6480 prediction=0.0075 status=ok
visda/2/FixMatch/PCA4 iw_residual_dis2 W=1.0 accuracy=0.6480 prediction=nan status=unsupported_residual_source_region
visda/2/FixMatch/PCA4 iw_overlap_critic W=2.0 accuracy=0.6480 prediction=0.0086 status=ok
visda/2/FixMatch/PCA4 iw_residual_dis2 W=2.0 accuracy=0.6480 prediction=nan status=unsupported_residual_source_region
visda/2/FixMatch/PCA4 iw_overlap_critic W=5.0 accuracy=0.6480 prediction=0.0064 status=ok
visda/2/FixMatch/PCA4 iw_residual_dis2 W=5.0 accuracy=0.6480 prediction=nan status=unsupported_residual_source_region
visda/2/FixMatch/PCA4 dis2_reference W=nan accuracy=0.6480 prediction=0.0000 status=ok
visda/2/FixMatch/PCA16 iw_overlap_critic W=1.0 accuracy=0.6480 prediction=0.0392 status=ok
visda/2/FixMatch/PCA16 iw_residual_dis2 W=1.0 accuracy=0.6480 prediction=0.2622 status=ok
visda/2/FixMatch/PCA16 iw_overlap_critic W=2.0 accuracy=0.6480 prediction=0.0389 status=ok
visda/2/FixMatch/PCA16 iw_residual_dis2 W=2.0 accuracy=0.6480 prediction=0.4108 status=ok
visda/2/FixMatch/PCA16 iw_overlap_critic W=5.0 accuracy=0.6480 prediction=0.0356 status=ok
visda/2/FixMatch/PCA16 iw_residual_dis2 W=5.0 accuracy=0.6480 prediction=0.3459 status=ok
visda/2/FixMatch/PCA16 dis2_reference W=nan accuracy=0.6480 prediction=0.0000 status=ok
visda/2/FixMatch/PCA32 iw_overlap_critic W=1.0 accuracy=0.6480 prediction=0.0634 status=ok
visda/2/FixMatch/PCA32 iw_residual_dis2 W=1.0 accuracy=0.6480 prediction=0.0615 status=ok
visda/2/FixMatch/PCA32 iw_overlap_critic W=2.0 accuracy=0.6480 prediction=0.0595 status=ok
visda/2/FixMatch/PCA32 iw_residual_dis2 W=2.0 accuracy=0.6480 prediction=0.1232 status=ok
visda/2/FixMatch/PCA32 iw_overlap_critic W=5.0 accuracy=0.6480 prediction=0.0769 status=ok
visda/2/FixMatch/PCA32 iw_residual_dis2 W=5.0 accuracy=0.6480 prediction=0.0700 status=ok
visda/2/FixMatch/PCA32 dis2_reference W=nan accuracy=0.6480 prediction=0.0047 status=ok
visda/2/FixMatch/PCA64 iw_overlap_critic W=1.0 accuracy=0.6480 prediction=0.1424 status=ok
visda/2/FixMatch/PCA64 iw_residual_dis2 W=1.0 accuracy=0.6480 prediction=0.2084 status=ok
visda/2/FixMatch/PCA64 iw_overlap_critic W=2.0 accuracy=0.6480 prediction=0.1692 status=ok
visda/2/FixMatch/PCA64 iw_residual_dis2 W=2.0 accuracy=0.6480 prediction=0.2176 status=ok
visda/2/FixMatch/PCA64 iw_overlap_critic W=5.0 accuracy=0.6480 prediction=0.2388 status=ok
visda/2/FixMatch/PCA64 iw_residual_dis2 W=5.0 accuracy=0.6480 prediction=0.2700 status=ok
visda/2/FixMatch/PCA64 dis2_reference W=nan accuracy=0.6480 prediction=0.0977 status=ok
visda/2/FixMatch/PCA128 iw_overlap_critic W=1.0 accuracy=0.6480 prediction=0.3294 status=ok
visda/2/FixMatch/PCA128 iw_residual_dis2 W=1.0 accuracy=0.6480 prediction=0.3860 status=ok
visda/2/FixMatch/PCA128 iw_overlap_critic W=2.0 accuracy=0.6480 prediction=0.2875 status=ok
visda/2/FixMatch/PCA128 iw_residual_dis2 W=2.0 accuracy=0.6480 prediction=0.3952 status=ok
visda/2/FixMatch/PCA128 iw_overlap_critic W=5.0 accuracy=0.6480 prediction=0.4087 status=ok
visda/2/FixMatch/PCA128 iw_residual_dis2 W=5.0 accuracy=0.6480 prediction=0.4886 status=ok
visda/2/FixMatch/PCA128 dis2_reference W=nan accuracy=0.6480 prediction=0.3444 status=ok
Saved 8400 rows to results/iw_all_representations/iw_hybrid_b09dc755c62e.pkl
Job finished at Wed Sep 16 10:28:38 AM CEST 2026
