Starting ODD + IW overlap job at Tue Sep 15 10:22:18 PM CEST 2026
Host: gnode24
Project root: /storage/homefs/tf24s166/IW_dis2/disagree_discrep_IW
Features dir: /storage/homefs/tf24s166/IW_dis2/disagree_discrep_IW/data/features
Results dir: /storage/homefs/tf24s166/IW_dis2/disagree_discrep_IW/results
Conda env: performance_metrics
CUDA_VISIBLE_DEVICES: 0
Extra arguments: 
/storage/homefs/tf24s166/IW_dis2/disagree_discrep_IW/src/lib/utils.py:43: FutureWarning: You are using `torch.load` with `weights_only=False` (the current default value), which uses the default pickle module implicitly. It is possible to construct malicious pickle data which will execute arbitrary code during unpickling (See https://github.com/pytorch/pytorch/blob/main/SECURITY.md#untrusted-models for more details). In a future release, the default value for `weights_only` will be flipped to `True`. This limits the functions that could be executed during unpickling. Arbitrary objects will no longer be allowed to be loaded via this mode unless they are explicitly allowlisted by the user via `torch.serialization.add_safe_globals`. We recommend you start setting `weights_only=True` for any use case where you don't have full control of the loaded file. Please open an issue on GitHub for any issues related to this experimental feature.
  lin.load_state_dict(torch.load(os.path.join(shift_dir, 'linear.pth'), map_location=device))
/storage/homefs/tf24s166/IW_dis2/disagree_discrep_IW/src/lib/utils.py:43: FutureWarning: You are using `torch.load` with `weights_only=False` (the current default value), which uses the default pickle module implicitly. It is possible to construct malicious pickle data which will execute arbitrary code during unpickling (See https://github.com/pytorch/pytorch/blob/main/SECURITY.md#untrusted-models for more details). In a future release, the default value for `weights_only` will be flipped to `True`. This limits the functions that could be executed during unpickling. Arbitrary objects will no longer be allowed to be loaded via this mode unless they are explicitly allowlisted by the user via `torch.serialization.add_safe_globals`. We recommend you start setting `weights_only=True` for any use case where you don't have full control of the loaded file. Please open an issue on GitHub for any issues related to this experimental feature.
  lin.load_state_dict(torch.load(os.path.join(shift_dir, 'linear.pth'), map_location=device))
/storage/homefs/tf24s166/IW_dis2/disagree_discrep_IW/src/lib/utils.py:43: FutureWarning: You are using `torch.load` with `weights_only=False` (the current default value), which uses the default pickle module implicitly. It is possible to construct malicious pickle data which will execute arbitrary code during unpickling (See https://github.com/pytorch/pytorch/blob/main/SECURITY.md#untrusted-models for more details). In a future release, the default value for `weights_only` will be flipped to `True`. This limits the functions that could be executed during unpickling. Arbitrary objects will no longer be allowed to be loaded via this mode unless they are explicitly allowlisted by the user via `torch.serialization.add_safe_globals`. We recommend you start setting `weights_only=True` for any use case where you don't have full control of the loaded file. Please open an issue on GitHub for any issues related to this experimental feature.
  lin.load_state_dict(torch.load(os.path.join(shift_dir, 'linear.pth'), map_location=device))
/storage/homefs/tf24s166/IW_dis2/disagree_discrep_IW/src/lib/utils.py:43: FutureWarning: You are using `torch.load` with `weights_only=False` (the current default value), which uses the default pickle module implicitly. It is possible to construct malicious pickle data which will execute arbitrary code during unpickling (See https://github.com/pytorch/pytorch/blob/main/SECURITY.md#untrusted-models for more details). In a future release, the default value for `weights_only` will be flipped to `True`. This limits the functions that could be executed during unpickling. Arbitrary objects will no longer be allowed to be loaded via this mode unless they are explicitly allowlisted by the user via `torch.serialization.add_safe_globals`. We recommend you start setting `weights_only=True` for any use case where you don't have full control of the loaded file. Please open an issue on GitHub for any issues related to this experimental feature.
  lin.load_state_dict(torch.load(os.path.join(shift_dir, 'linear.pth'), map_location=device))
/storage/homefs/tf24s166/IW_dis2/disagree_discrep_IW/src/lib/utils.py:43: FutureWarning: You are using `torch.load` with `weights_only=False` (the current default value), which uses the default pickle module implicitly. It is possible to construct malicious pickle data which will execute arbitrary code during unpickling (See https://github.com/pytorch/pytorch/blob/main/SECURITY.md#untrusted-models for more details). In a future release, the default value for `weights_only` will be flipped to `True`. This limits the functions that could be executed during unpickling. Arbitrary objects will no longer be allowed to be loaded via this mode unless they are explicitly allowlisted by the user via `torch.serialization.add_safe_globals`. We recommend you start setting `weights_only=True` for any use case where you don't have full control of the loaded file. Please open an issue on GitHub for any issues related to this experimental feature.
  lin.load_state_dict(torch.load(os.path.join(shift_dir, 'linear.pth'), map_location=device))
/storage/homefs/tf24s166/IW_dis2/disagree_discrep_IW/src/lib/utils.py:43: FutureWarning: You are using `torch.load` with `weights_only=False` (the current default value), which uses the default pickle module implicitly. It is possible to construct malicious pickle data which will execute arbitrary code during unpickling (See https://github.com/pytorch/pytorch/blob/main/SECURITY.md#untrusted-models for more details). In a future release, the default value for `weights_only` will be flipped to `True`. This limits the functions that could be executed during unpickling. Arbitrary objects will no longer be allowed to be loaded via this mode unless they are explicitly allowlisted by the user via `torch.serialization.add_safe_globals`. We recommend you start setting `weights_only=True` for any use case where you don't have full control of the loaded file. Please open an issue on GitHub for any issues related to this experimental feature.
  lin.load_state_dict(torch.load(os.path.join(shift_dir, 'linear.pth'), map_location=device))
/storage/homefs/tf24s166/IW_dis2/disagree_discrep_IW/src/lib/utils.py:43: FutureWarning: You are using `torch.load` with `weights_only=False` (the current default value), which uses the default pickle module implicitly. It is possible to construct malicious pickle data which will execute arbitrary code during unpickling (See https://github.com/pytorch/pytorch/blob/main/SECURITY.md#untrusted-models for more details). In a future release, the default value for `weights_only` will be flipped to `True`. This limits the functions that could be executed during unpickling. Arbitrary objects will no longer be allowed to be loaded via this mode unless they are explicitly allowlisted by the user via `torch.serialization.add_safe_globals`. We recommend you start setting `weights_only=True` for any use case where you don't have full control of the loaded file. Please open an issue on GitHub for any issues related to this experimental feature.
  lin.load_state_dict(torch.load(os.path.join(shift_dir, 'linear.pth'), map_location=device))
/storage/homefs/tf24s166/IW_dis2/disagree_discrep_IW/src/lib/utils.py:43: FutureWarning: You are using `torch.load` with `weights_only=False` (the current default value), which uses the default pickle module implicitly. It is possible to construct malicious pickle data which will execute arbitrary code during unpickling (See https://github.com/pytorch/pytorch/blob/main/SECURITY.md#untrusted-models for more details). In a future release, the default value for `weights_only` will be flipped to `True`. This limits the functions that could be executed during unpickling. Arbitrary objects will no longer be allowed to be loaded via this mode unless they are explicitly allowlisted by the user via `torch.serialization.add_safe_globals`. We recommend you start setting `weights_only=True` for any use case where you don't have full control of the loaded file. Please open an issue on GitHub for any issues related to this experimental feature.
  lin.load_state_dict(torch.load(os.path.join(shift_dir, 'linear.pth'), map_location=device))
/storage/homefs/tf24s166/IW_dis2/disagree_discrep_IW/src/lib/utils.py:43: FutureWarning: You are using `torch.load` with `weights_only=False` (the current default value), which uses the default pickle module implicitly. It is possible to construct malicious pickle data which will execute arbitrary code during unpickling (See https://github.com/pytorch/pytorch/blob/main/SECURITY.md#untrusted-models for more details). In a future release, the default value for `weights_only` will be flipped to `True`. This limits the functions that could be executed during unpickling. Arbitrary objects will no longer be allowed to be loaded via this mode unless they are explicitly allowlisted by the user via `torch.serialization.add_safe_globals`. We recommend you start setting `weights_only=True` for any use case where you don't have full control of the loaded file. Please open an issue on GitHub for any issues related to this experimental feature.
  lin.load_state_dict(torch.load(os.path.join(shift_dir, 'linear.pth'), map_location=device))
/storage/homefs/tf24s166/IW_dis2/disagree_discrep_IW/src/lib/utils.py:43: FutureWarning: You are using `torch.load` with `weights_only=False` (the current default value), which uses the default pickle module implicitly. It is possible to construct malicious pickle data which will execute arbitrary code during unpickling (See https://github.com/pytorch/pytorch/blob/main/SECURITY.md#untrusted-models for more details). In a future release, the default value for `weights_only` will be flipped to `True`. This limits the functions that could be executed during unpickling. Arbitrary objects will no longer be allowed to be loaded via this mode unless they are explicitly allowlisted by the user via `torch.serialization.add_safe_globals`. We recommend you start setting `weights_only=True` for any use case where you don't have full control of the loaded file. Please open an issue on GitHub for any issues related to this experimental feature.
  lin.load_state_dict(torch.load(os.path.join(shift_dir, 'linear.pth'), map_location=device))
/storage/homefs/tf24s166/IW_dis2/disagree_discrep_IW/src/lib/utils.py:43: FutureWarning: You are using `torch.load` with `weights_only=False` (the current default value), which uses the default pickle module implicitly. It is possible to construct malicious pickle data which will execute arbitrary code during unpickling (See https://github.com/pytorch/pytorch/blob/main/SECURITY.md#untrusted-models for more details). In a future release, the default value for `weights_only` will be flipped to `True`. This limits the functions that could be executed during unpickling. Arbitrary objects will no longer be allowed to be loaded via this mode unless they are explicitly allowlisted by the user via `torch.serialization.add_safe_globals`. We recommend you start setting `weights_only=True` for any use case where you don't have full control of the loaded file. Please open an issue on GitHub for any issues related to this experimental feature.
  lin.load_state_dict(torch.load(os.path.join(shift_dir, 'linear.pth'), map_location=device))
/storage/homefs/tf24s166/IW_dis2/disagree_discrep_IW/src/lib/utils.py:43: FutureWarning: You are using `torch.load` with `weights_only=False` (the current default value), which uses the default pickle module implicitly. It is possible to construct malicious pickle data which will execute arbitrary code during unpickling (See https://github.com/pytorch/pytorch/blob/main/SECURITY.md#untrusted-models for more details). In a future release, the default value for `weights_only` will be flipped to `True`. This limits the functions that could be executed during unpickling. Arbitrary objects will no longer be allowed to be loaded via this mode unless they are explicitly allowlisted by the user via `torch.serialization.add_safe_globals`. We recommend you start setting `weights_only=True` for any use case where you don't have full control of the loaded file. Please open an issue on GitHub for any issues related to this experimental feature.
  lin.load_state_dict(torch.load(os.path.join(shift_dir, 'linear.pth'), map_location=device))
/storage/homefs/tf24s166/IW_dis2/disagree_discrep_IW/src/lib/utils.py:43: FutureWarning: You are using `torch.load` with `weights_only=False` (the current default value), which uses the default pickle module implicitly. It is possible to construct malicious pickle data which will execute arbitrary code during unpickling (See https://github.com/pytorch/pytorch/blob/main/SECURITY.md#untrusted-models for more details). In a future release, the default value for `weights_only` will be flipped to `True`. This limits the functions that could be executed during unpickling. Arbitrary objects will no longer be allowed to be loaded via this mode unless they are explicitly allowlisted by the user via `torch.serialization.add_safe_globals`. We recommend you start setting `weights_only=True` for any use case where you don't have full control of the loaded file. Please open an issue on GitHub for any issues related to this experimental feature.
  lin.load_state_dict(torch.load(os.path.join(shift_dir, 'linear.pth'), map_location=device))
Missing features: entity13/ERM-aug-imagenet/1; skipping.
Missing features: entity13/ERM-aug-imagenet/2; skipping.
Missing features: entity13/ERM-aug-imagenet/3; skipping.
entity13/1/ERM-aug-rand/logits iw_overlap_critic W=1.0 accuracy=0.6894 prediction=0.5220 status=ok
entity13/1/ERM-aug-rand/logits iw_residual_dis2 W=1.0 accuracy=0.6894 prediction=0.8114 status=ok
entity13/1/ERM-aug-rand/logits iw_overlap_critic W=2.0 accuracy=0.6894 prediction=0.9113 status=ok
entity13/1/ERM-aug-rand/logits iw_residual_dis2 W=2.0 accuracy=0.6894 prediction=0.9128 status=ok
entity13/1/ERM-aug-rand/logits iw_overlap_critic W=5.0 accuracy=0.6894 prediction=0.9126 status=ok
entity13/1/ERM-aug-rand/logits iw_residual_dis2 W=5.0 accuracy=0.6894 prediction=0.9126 status=ok
entity13/1/ERM-aug-rand/logits dis2_reference W=nan accuracy=0.6894 prediction=0.7266 status=ok
entity13/2/ERM-aug-rand/logits iw_overlap_critic W=1.0 accuracy=0.8500 prediction=0.5676 status=ok
entity13/2/ERM-aug-rand/logits iw_residual_dis2 W=1.0 accuracy=0.8500 prediction=0.8732 status=ok
entity13/2/ERM-aug-rand/logits iw_overlap_critic W=2.0 accuracy=0.8500 prediction=0.9145 status=ok
entity13/2/ERM-aug-rand/logits iw_residual_dis2 W=2.0 accuracy=0.8500 prediction=0.9145 status=ok
entity13/2/ERM-aug-rand/logits iw_overlap_critic W=5.0 accuracy=0.8500 prediction=0.9145 status=ok
entity13/2/ERM-aug-rand/logits iw_residual_dis2 W=5.0 accuracy=0.8500 prediction=0.9145 status=ok
entity13/2/ERM-aug-rand/logits dis2_reference W=nan accuracy=0.8500 prediction=0.6890 status=ok
entity13/3/ERM-aug-rand/logits iw_overlap_critic W=1.0 accuracy=0.6500 prediction=0.5714 status=ok
entity13/3/ERM-aug-rand/logits iw_residual_dis2 W=1.0 accuracy=0.6500 prediction=0.8673 status=ok
entity13/3/ERM-aug-rand/logits iw_overlap_critic W=2.0 accuracy=0.6500 prediction=0.9144 status=ok
entity13/3/ERM-aug-rand/logits iw_residual_dis2 W=2.0 accuracy=0.6500 prediction=0.9144 status=ok
entity13/3/ERM-aug-rand/logits iw_overlap_critic W=5.0 accuracy=0.6500 prediction=0.9144 status=ok
entity13/3/ERM-aug-rand/logits iw_residual_dis2 W=5.0 accuracy=0.6500 prediction=0.9144 status=ok
entity13/3/ERM-aug-rand/logits dis2_reference W=nan accuracy=0.6500 prediction=0.5253 status=ok
entity13/1/BN_adapt/logits iw_overlap_critic W=1.0 accuracy=0.6835 prediction=0.5202 status=ok
entity13/1/BN_adapt/logits iw_residual_dis2 W=1.0 accuracy=0.6835 prediction=0.7992 status=ok
entity13/1/BN_adapt/logits iw_overlap_critic W=2.0 accuracy=0.6835 prediction=0.9004 status=ok
entity13/1/BN_adapt/logits iw_residual_dis2 W=2.0 accuracy=0.6835 prediction=0.9014 status=ok
entity13/1/BN_adapt/logits iw_overlap_critic W=5.0 accuracy=0.6835 prediction=0.9014 status=ok
entity13/1/BN_adapt/logits iw_residual_dis2 W=5.0 accuracy=0.6835 prediction=0.9014 status=ok
entity13/1/BN_adapt/logits dis2_reference W=nan accuracy=0.6835 prediction=0.7066 status=ok
entity13/2/BN_adapt/logits iw_overlap_critic W=1.0 accuracy=0.8538 prediction=0.5534 status=ok
entity13/2/BN_adapt/logits iw_residual_dis2 W=1.0 accuracy=0.8538 prediction=0.9790 status=ok
entity13/2/BN_adapt/logits iw_overlap_critic W=2.0 accuracy=0.8538 prediction=0.9145 status=ok
entity13/2/BN_adapt/logits iw_residual_dis2 W=2.0 accuracy=0.8538 prediction=0.9145 status=ok
entity13/2/BN_adapt/logits iw_overlap_critic W=5.0 accuracy=0.8538 prediction=0.9145 status=ok
entity13/2/BN_adapt/logits iw_residual_dis2 W=5.0 accuracy=0.8538 prediction=0.9145 status=ok
entity13/2/BN_adapt/logits dis2_reference W=nan accuracy=0.8538 prediction=0.7019 status=ok
entity13/3/BN_adapt/logits iw_overlap_critic W=1.0 accuracy=0.6615 prediction=0.4802 status=ok
entity13/3/BN_adapt/logits iw_residual_dis2 W=1.0 accuracy=0.6615 prediction=0.8563 status=ok
entity13/3/BN_adapt/logits iw_overlap_critic W=2.0 accuracy=0.6615 prediction=0.9126 status=ok
entity13/3/BN_adapt/logits iw_residual_dis2 W=2.0 accuracy=0.6615 prediction=0.9126 status=ok
entity13/3/BN_adapt/logits iw_overlap_critic W=5.0 accuracy=0.6615 prediction=0.9126 status=ok
entity13/3/BN_adapt/logits iw_residual_dis2 W=5.0 accuracy=0.6615 prediction=0.9126 status=ok
entity13/3/BN_adapt/logits dis2_reference W=nan accuracy=0.6615 prediction=0.5339 status=ok
entity13/1/DANN/logits iw_overlap_critic W=1.0 accuracy=0.7318 prediction=0.5484 status=ok
entity13/1/DANN/logits iw_residual_dis2 W=1.0 accuracy=0.7318 prediction=0.8637 status=ok
entity13/1/DANN/logits iw_overlap_critic W=2.0 accuracy=0.7318 prediction=0.9036 status=ok
entity13/1/DANN/logits iw_residual_dis2 W=2.0 accuracy=0.7318 prediction=0.9036 status=ok
entity13/1/DANN/logits iw_overlap_critic W=5.0 accuracy=0.7318 prediction=0.9036 status=ok
entity13/1/DANN/logits iw_residual_dis2 W=5.0 accuracy=0.7318 prediction=0.9036 status=ok
entity13/1/DANN/logits dis2_reference W=nan accuracy=0.7318 prediction=0.8076 status=ok
entity13/2/DANN/logits iw_overlap_critic W=1.0 accuracy=0.8615 prediction=0.5578 status=ok
entity13/2/DANN/logits iw_residual_dis2 W=1.0 accuracy=0.8615 prediction=0.9305 status=ok
entity13/2/DANN/logits iw_overlap_critic W=2.0 accuracy=0.8615 prediction=0.9103 status=ok
entity13/2/DANN/logits iw_residual_dis2 W=2.0 accuracy=0.8615 prediction=0.9103 status=ok
entity13/2/DANN/logits iw_overlap_critic W=5.0 accuracy=0.8615 prediction=0.9103 status=ok
entity13/2/DANN/logits iw_residual_dis2 W=5.0 accuracy=0.8615 prediction=0.9103 status=ok
entity13/2/DANN/logits dis2_reference W=nan accuracy=0.8615 prediction=0.6773 status=ok
entity13/3/DANN/logits iw_overlap_critic W=1.0 accuracy=0.6654 prediction=0.5500 status=ok
entity13/3/DANN/logits iw_residual_dis2 W=1.0 accuracy=0.6654 prediction=0.9376 status=ok
entity13/3/DANN/logits iw_overlap_critic W=2.0 accuracy=0.6654 prediction=0.9032 status=ok
entity13/3/DANN/logits iw_residual_dis2 W=2.0 accuracy=0.6654 prediction=0.9032 status=ok
entity13/3/DANN/logits iw_overlap_critic W=5.0 accuracy=0.6654 prediction=0.9032 status=ok
entity13/3/DANN/logits iw_residual_dis2 W=5.0 accuracy=0.6654 prediction=0.9032 status=ok
entity13/3/DANN/logits dis2_reference W=nan accuracy=0.6654 prediction=0.6650 status=ok
entity13/1/CDANN/logits iw_overlap_critic W=1.0 accuracy=0.7354 prediction=0.4802 status=ok
entity13/1/CDANN/logits iw_residual_dis2 W=1.0 accuracy=0.7354 prediction=0.8843 status=ok
entity13/1/CDANN/logits iw_overlap_critic W=2.0 accuracy=0.7354 prediction=0.9128 status=ok
entity13/1/CDANN/logits iw_residual_dis2 W=2.0 accuracy=0.7354 prediction=0.9128 status=ok
entity13/1/CDANN/logits iw_overlap_critic W=5.0 accuracy=0.7354 prediction=0.9128 status=ok
entity13/1/CDANN/logits iw_residual_dis2 W=5.0 accuracy=0.7354 prediction=0.9128 status=ok
entity13/1/CDANN/logits dis2_reference W=nan accuracy=0.7354 prediction=0.8087 status=ok
entity13/2/CDANN/logits iw_overlap_critic W=1.0 accuracy=0.8423 prediction=0.6138 status=ok
entity13/2/CDANN/logits iw_residual_dis2 W=1.0 accuracy=0.8423 prediction=0.9238 status=ok
entity13/2/CDANN/logits iw_overlap_critic W=2.0 accuracy=0.8423 prediction=0.9059 status=ok
entity13/2/CDANN/logits iw_residual_dis2 W=2.0 accuracy=0.8423 prediction=0.9059 status=ok
entity13/2/CDANN/logits iw_overlap_critic W=5.0 accuracy=0.8423 prediction=0.9059 status=ok
entity13/2/CDANN/logits iw_residual_dis2 W=5.0 accuracy=0.8423 prediction=0.9059 status=ok
entity13/2/CDANN/logits dis2_reference W=nan accuracy=0.8423 prediction=0.8114 status=ok
entity13/3/CDANN/logits iw_overlap_critic W=1.0 accuracy=0.6654 prediction=0.4634 status=ok
entity13/3/CDANN/logits iw_residual_dis2 W=1.0 accuracy=0.6654 prediction=0.8712 status=ok
entity13/3/CDANN/logits iw_overlap_critic W=2.0 accuracy=0.6654 prediction=0.9011 status=ok
entity13/3/CDANN/logits iw_residual_dis2 W=2.0 accuracy=0.6654 prediction=0.9011 status=ok
entity13/3/CDANN/logits iw_overlap_critic W=5.0 accuracy=0.6654 prediction=0.9011 status=ok
entity13/3/CDANN/logits iw_residual_dis2 W=5.0 accuracy=0.6654 prediction=0.9011 status=ok
entity13/3/CDANN/logits dis2_reference W=nan accuracy=0.6654 prediction=0.6736 status=ok
entity13/1/FixMatch/logits iw_overlap_critic W=1.0 accuracy=0.7839 prediction=0.5134 status=ok
/storage/homefs/tf24s166/IW_dis2/disagree_discrep_IW/src/lib/utils.py:43: FutureWarning: You are using `torch.load` with `weights_only=False` (the current default value), which uses the default pickle module implicitly. It is possible to construct malicious pickle data which will execute arbitrary code during unpickling (See https://github.com/pytorch/pytorch/blob/main/SECURITY.md#untrusted-models for more details). In a future release, the default value for `weights_only` will be flipped to `True`. This limits the functions that could be executed during unpickling. Arbitrary objects will no longer be allowed to be loaded via this mode unless they are explicitly allowlisted by the user via `torch.serialization.add_safe_globals`. We recommend you start setting `weights_only=True` for any use case where you don't have full control of the loaded file. Please open an issue on GitHub for any issues related to this experimental feature.
  lin.load_state_dict(torch.load(os.path.join(shift_dir, 'linear.pth'), map_location=device))
/storage/homefs/tf24s166/IW_dis2/disagree_discrep_IW/src/lib/utils.py:43: FutureWarning: You are using `torch.load` with `weights_only=False` (the current default value), which uses the default pickle module implicitly. It is possible to construct malicious pickle data which will execute arbitrary code during unpickling (See https://github.com/pytorch/pytorch/blob/main/SECURITY.md#untrusted-models for more details). In a future release, the default value for `weights_only` will be flipped to `True`. This limits the functions that could be executed during unpickling. Arbitrary objects will no longer be allowed to be loaded via this mode unless they are explicitly allowlisted by the user via `torch.serialization.add_safe_globals`. We recommend you start setting `weights_only=True` for any use case where you don't have full control of the loaded file. Please open an issue on GitHub for any issues related to this experimental feature.
  lin.load_state_dict(torch.load(os.path.join(shift_dir, 'linear.pth'), map_location=device))
/storage/homefs/tf24s166/IW_dis2/disagree_discrep_IW/src/lib/utils.py:43: FutureWarning: You are using `torch.load` with `weights_only=False` (the current default value), which uses the default pickle module implicitly. It is possible to construct malicious pickle data which will execute arbitrary code during unpickling (See https://github.com/pytorch/pytorch/blob/main/SECURITY.md#untrusted-models for more details). In a future release, the default value for `weights_only` will be flipped to `True`. This limits the functions that could be executed during unpickling. Arbitrary objects will no longer be allowed to be loaded via this mode unless they are explicitly allowlisted by the user via `torch.serialization.add_safe_globals`. We recommend you start setting `weights_only=True` for any use case where you don't have full control of the loaded file. Please open an issue on GitHub for any issues related to this experimental feature.
  lin.load_state_dict(torch.load(os.path.join(shift_dir, 'linear.pth'), map_location=device))
/storage/homefs/tf24s166/IW_dis2/disagree_discrep_IW/src/lib/utils.py:43: FutureWarning: You are using `torch.load` with `weights_only=False` (the current default value), which uses the default pickle module implicitly. It is possible to construct malicious pickle data which will execute arbitrary code during unpickling (See https://github.com/pytorch/pytorch/blob/main/SECURITY.md#untrusted-models for more details). In a future release, the default value for `weights_only` will be flipped to `True`. This limits the functions that could be executed during unpickling. Arbitrary objects will no longer be allowed to be loaded via this mode unless they are explicitly allowlisted by the user via `torch.serialization.add_safe_globals`. We recommend you start setting `weights_only=True` for any use case where you don't have full control of the loaded file. Please open an issue on GitHub for any issues related to this experimental feature.
  lin.load_state_dict(torch.load(os.path.join(shift_dir, 'linear.pth'), map_location=device))
/storage/homefs/tf24s166/IW_dis2/disagree_discrep_IW/src/lib/utils.py:43: FutureWarning: You are using `torch.load` with `weights_only=False` (the current default value), which uses the default pickle module implicitly. It is possible to construct malicious pickle data which will execute arbitrary code during unpickling (See https://github.com/pytorch/pytorch/blob/main/SECURITY.md#untrusted-models for more details). In a future release, the default value for `weights_only` will be flipped to `True`. This limits the functions that could be executed during unpickling. Arbitrary objects will no longer be allowed to be loaded via this mode unless they are explicitly allowlisted by the user via `torch.serialization.add_safe_globals`. We recommend you start setting `weights_only=True` for any use case where you don't have full control of the loaded file. Please open an issue on GitHub for any issues related to this experimental feature.
  lin.load_state_dict(torch.load(os.path.join(shift_dir, 'linear.pth'), map_location=device))
/storage/homefs/tf24s166/IW_dis2/disagree_discrep_IW/src/lib/utils.py:43: FutureWarning: You are using `torch.load` with `weights_only=False` (the current default value), which uses the default pickle module implicitly. It is possible to construct malicious pickle data which will execute arbitrary code during unpickling (See https://github.com/pytorch/pytorch/blob/main/SECURITY.md#untrusted-models for more details). In a future release, the default value for `weights_only` will be flipped to `True`. This limits the functions that could be executed during unpickling. Arbitrary objects will no longer be allowed to be loaded via this mode unless they are explicitly allowlisted by the user via `torch.serialization.add_safe_globals`. We recommend you start setting `weights_only=True` for any use case where you don't have full control of the loaded file. Please open an issue on GitHub for any issues related to this experimental feature.
  lin.load_state_dict(torch.load(os.path.join(shift_dir, 'linear.pth'), map_location=device))
/storage/homefs/tf24s166/IW_dis2/disagree_discrep_IW/src/lib/utils.py:43: FutureWarning: You are using `torch.load` with `weights_only=False` (the current default value), which uses the default pickle module implicitly. It is possible to construct malicious pickle data which will execute arbitrary code during unpickling (See https://github.com/pytorch/pytorch/blob/main/SECURITY.md#untrusted-models for more details). In a future release, the default value for `weights_only` will be flipped to `True`. This limits the functions that could be executed during unpickling. Arbitrary objects will no longer be allowed to be loaded via this mode unless they are explicitly allowlisted by the user via `torch.serialization.add_safe_globals`. We recommend you start setting `weights_only=True` for any use case where you don't have full control of the loaded file. Please open an issue on GitHub for any issues related to this experimental feature.
  lin.load_state_dict(torch.load(os.path.join(shift_dir, 'linear.pth'), map_location=device))
/storage/homefs/tf24s166/IW_dis2/disagree_discrep_IW/src/lib/utils.py:43: FutureWarning: You are using `torch.load` with `weights_only=False` (the current default value), which uses the default pickle module implicitly. It is possible to construct malicious pickle data which will execute arbitrary code during unpickling (See https://github.com/pytorch/pytorch/blob/main/SECURITY.md#untrusted-models for more details). In a future release, the default value for `weights_only` will be flipped to `True`. This limits the functions that could be executed during unpickling. Arbitrary objects will no longer be allowed to be loaded via this mode unless they are explicitly allowlisted by the user via `torch.serialization.add_safe_globals`. We recommend you start setting `weights_only=True` for any use case where you don't have full control of the loaded file. Please open an issue on GitHub for any issues related to this experimental feature.
  lin.load_state_dict(torch.load(os.path.join(shift_dir, 'linear.pth'), map_location=device))
/storage/homefs/tf24s166/IW_dis2/disagree_discrep_IW/src/lib/utils.py:43: FutureWarning: You are using `torch.load` with `weights_only=False` (the current default value), which uses the default pickle module implicitly. It is possible to construct malicious pickle data which will execute arbitrary code during unpickling (See https://github.com/pytorch/pytorch/blob/main/SECURITY.md#untrusted-models for more details). In a future release, the default value for `weights_only` will be flipped to `True`. This limits the functions that could be executed during unpickling. Arbitrary objects will no longer be allowed to be loaded via this mode unless they are explicitly allowlisted by the user via `torch.serialization.add_safe_globals`. We recommend you start setting `weights_only=True` for any use case where you don't have full control of the loaded file. Please open an issue on GitHub for any issues related to this experimental feature.
  lin.load_state_dict(torch.load(os.path.join(shift_dir, 'linear.pth'), map_location=device))
/storage/homefs/tf24s166/IW_dis2/disagree_discrep_IW/src/lib/utils.py:43: FutureWarning: You are using `torch.load` with `weights_only=False` (the current default value), which uses the default pickle module implicitly. It is possible to construct malicious pickle data which will execute arbitrary code during unpickling (See https://github.com/pytorch/pytorch/blob/main/SECURITY.md#untrusted-models for more details). In a future release, the default value for `weights_only` will be flipped to `True`. This limits the functions that could be executed during unpickling. Arbitrary objects will no longer be allowed to be loaded via this mode unless they are explicitly allowlisted by the user via `torch.serialization.add_safe_globals`. We recommend you start setting `weights_only=True` for any use case where you don't have full control of the loaded file. Please open an issue on GitHub for any issues related to this experimental feature.
  lin.load_state_dict(torch.load(os.path.join(shift_dir, 'linear.pth'), map_location=device))
/storage/homefs/tf24s166/IW_dis2/disagree_discrep_IW/src/lib/utils.py:43: FutureWarning: You are using `torch.load` with `weights_only=False` (the current default value), which uses the default pickle module implicitly. It is possible to construct malicious pickle data which will execute arbitrary code during unpickling (See https://github.com/pytorch/pytorch/blob/main/SECURITY.md#untrusted-models for more details). In a future release, the default value for `weights_only` will be flipped to `True`. This limits the functions that could be executed during unpickling. Arbitrary objects will no longer be allowed to be loaded via this mode unless they are explicitly allowlisted by the user via `torch.serialization.add_safe_globals`. We recommend you start setting `weights_only=True` for any use case where you don't have full control of the loaded file. Please open an issue on GitHub for any issues related to this experimental feature.
  lin.load_state_dict(torch.load(os.path.join(shift_dir, 'linear.pth'), map_location=device))
/storage/homefs/tf24s166/IW_dis2/disagree_discrep_IW/src/lib/utils.py:43: FutureWarning: You are using `torch.load` with `weights_only=False` (the current default value), which uses the default pickle module implicitly. It is possible to construct malicious pickle data which will execute arbitrary code during unpickling (See https://github.com/pytorch/pytorch/blob/main/SECURITY.md#untrusted-models for more details). In a future release, the default value for `weights_only` will be flipped to `True`. This limits the functions that could be executed during unpickling. Arbitrary objects will no longer be allowed to be loaded via this mode unless they are explicitly allowlisted by the user via `torch.serialization.add_safe_globals`. We recommend you start setting `weights_only=True` for any use case where you don't have full control of the loaded file. Please open an issue on GitHub for any issues related to this experimental feature.
  lin.load_state_dict(torch.load(os.path.join(shift_dir, 'linear.pth'), map_location=device))
entity13/1/FixMatch/logits iw_residual_dis2 W=1.0 accuracy=0.7839 prediction=0.8645 status=ok
entity13/1/FixMatch/logits iw_overlap_critic W=2.0 accuracy=0.7839 prediction=0.9081 status=ok
entity13/1/FixMatch/logits iw_residual_dis2 W=2.0 accuracy=0.7839 prediction=0.9081 status=ok
entity13/1/FixMatch/logits iw_overlap_critic W=5.0 accuracy=0.7839 prediction=0.9081 status=ok
entity13/1/FixMatch/logits iw_residual_dis2 W=5.0 accuracy=0.7839 prediction=0.9081 status=ok
entity13/1/FixMatch/logits dis2_reference W=nan accuracy=0.7839 prediction=0.7691 status=ok
entity13/2/FixMatch/logits iw_overlap_critic W=1.0 accuracy=0.8500 prediction=0.6180 status=ok
entity13/2/FixMatch/logits iw_residual_dis2 W=1.0 accuracy=0.8500 prediction=0.8757 status=ok
entity13/2/FixMatch/logits iw_overlap_critic W=2.0 accuracy=0.8500 prediction=0.9010 status=ok
entity13/2/FixMatch/logits iw_residual_dis2 W=2.0 accuracy=0.8500 prediction=0.9010 status=ok
entity13/2/FixMatch/logits iw_overlap_critic W=5.0 accuracy=0.8500 prediction=0.9010 status=ok
entity13/2/FixMatch/logits iw_residual_dis2 W=5.0 accuracy=0.8500 prediction=0.9010 status=ok
entity13/2/FixMatch/logits dis2_reference W=nan accuracy=0.8500 prediction=0.7228 status=ok
entity13/3/FixMatch/logits iw_overlap_critic W=1.0 accuracy=0.6500 prediction=0.5759 status=ok
entity13/3/FixMatch/logits iw_residual_dis2 W=1.0 accuracy=0.6500 prediction=0.8842 status=ok
entity13/3/FixMatch/logits iw_overlap_critic W=2.0 accuracy=0.6500 prediction=0.8979 status=ok
entity13/3/FixMatch/logits iw_residual_dis2 W=2.0 accuracy=0.6500 prediction=0.8979 status=ok
entity13/3/FixMatch/logits iw_overlap_critic W=5.0 accuracy=0.6500 prediction=0.8979 status=ok
entity13/3/FixMatch/logits iw_residual_dis2 W=5.0 accuracy=0.6500 prediction=0.8979 status=ok
entity13/3/FixMatch/logits dis2_reference W=nan accuracy=0.6500 prediction=0.7056 status=ok
Missing features: entity30/ERM-aug-imagenet/1; skipping.
Missing features: entity30/ERM-aug-imagenet/2; skipping.
Missing features: entity30/ERM-aug-imagenet/3; skipping.
entity30/1/ERM-aug-rand/logits iw_overlap_critic W=1.0 accuracy=0.5594 prediction=0.4452 status=ok
entity30/1/ERM-aug-rand/logits iw_residual_dis2 W=1.0 accuracy=0.5594 prediction=0.7402 status=ok
entity30/1/ERM-aug-rand/logits iw_overlap_critic W=2.0 accuracy=0.5594 prediction=0.8476 status=ok
entity30/1/ERM-aug-rand/logits iw_residual_dis2 W=2.0 accuracy=0.5594 prediction=0.8485 status=ok
entity30/1/ERM-aug-rand/logits iw_overlap_critic W=5.0 accuracy=0.5594 prediction=0.8489 status=ok
entity30/1/ERM-aug-rand/logits iw_residual_dis2 W=5.0 accuracy=0.5594 prediction=0.8489 status=ok
entity30/1/ERM-aug-rand/logits dis2_reference W=nan accuracy=0.5594 prediction=0.5200 status=ok
entity30/2/ERM-aug-rand/logits iw_overlap_critic W=1.0 accuracy=0.8158 prediction=0.4144 status=ok
entity30/2/ERM-aug-rand/logits iw_residual_dis2 W=1.0 accuracy=0.8158 prediction=0.8015 status=ok
entity30/2/ERM-aug-rand/logits iw_overlap_critic W=2.0 accuracy=0.8158 prediction=0.8103 status=ok
entity30/2/ERM-aug-rand/logits iw_residual_dis2 W=2.0 accuracy=0.8158 prediction=0.8655 status=ok
entity30/2/ERM-aug-rand/logits iw_overlap_critic W=5.0 accuracy=0.8158 prediction=nan status=unsupported_critic_region
entity30/2/ERM-aug-rand/logits iw_residual_dis2 W=5.0 accuracy=0.8158 prediction=nan status=unsupported_critic_region
entity30/2/ERM-aug-rand/logits dis2_reference W=nan accuracy=0.8158 prediction=0.6758 status=ok
entity30/3/ERM-aug-rand/logits iw_overlap_critic W=1.0 accuracy=0.7908 prediction=0.4133 status=ok
entity30/3/ERM-aug-rand/logits iw_residual_dis2 W=1.0 accuracy=0.7908 prediction=0.7736 status=ok
entity30/3/ERM-aug-rand/logits iw_overlap_critic W=2.0 accuracy=0.7908 prediction=0.7347 status=ok
entity30/3/ERM-aug-rand/logits iw_residual_dis2 W=2.0 accuracy=0.7908 prediction=0.8375 status=ok
entity30/3/ERM-aug-rand/logits iw_overlap_critic W=5.0 accuracy=0.7908 prediction=0.8445 status=ok
entity30/3/ERM-aug-rand/logits iw_residual_dis2 W=5.0 accuracy=0.7908 prediction=0.8573 status=ok
entity30/3/ERM-aug-rand/logits dis2_reference W=nan accuracy=0.7908 prediction=0.7458 status=ok
entity30/1/BN_adapt/logits iw_overlap_critic W=1.0 accuracy=0.5543 prediction=0.4448 status=ok
entity30/1/BN_adapt/logits iw_residual_dis2 W=1.0 accuracy=0.5543 prediction=0.7348 status=ok
entity30/1/BN_adapt/logits iw_overlap_critic W=2.0 accuracy=0.5543 prediction=nan status=unsupported_critic_region
entity30/1/BN_adapt/logits iw_residual_dis2 W=2.0 accuracy=0.5543 prediction=nan status=unsupported_residual_source_region
entity30/1/BN_adapt/logits iw_overlap_critic W=5.0 accuracy=0.5543 prediction=0.8486 status=ok
entity30/1/BN_adapt/logits iw_residual_dis2 W=5.0 accuracy=0.5543 prediction=0.8486 status=ok
entity30/1/BN_adapt/logits dis2_reference W=nan accuracy=0.5543 prediction=0.5185 status=ok
entity30/2/BN_adapt/logits iw_overlap_critic W=1.0 accuracy=0.8042 prediction=0.6411 status=ok
entity30/2/BN_adapt/logits iw_residual_dis2 W=1.0 accuracy=0.8042 prediction=0.8812 status=ok
entity30/2/BN_adapt/logits iw_overlap_critic W=2.0 accuracy=0.8042 prediction=0.8547 status=ok
entity30/2/BN_adapt/logits iw_residual_dis2 W=2.0 accuracy=0.8042 prediction=0.8547 status=ok
entity30/2/BN_adapt/logits iw_overlap_critic W=5.0 accuracy=0.8042 prediction=0.8547 status=ok
entity30/2/BN_adapt/logits iw_residual_dis2 W=5.0 accuracy=0.8042 prediction=0.8547 status=ok
entity30/2/BN_adapt/logits dis2_reference W=nan accuracy=0.8042 prediction=0.6950 status=ok
entity30/3/BN_adapt/logits iw_overlap_critic W=1.0 accuracy=0.5750 prediction=0.6606 status=ok
entity30/3/BN_adapt/logits iw_residual_dis2 W=1.0 accuracy=0.5750 prediction=0.8654 status=ok
entity30/3/BN_adapt/logits iw_overlap_critic W=2.0 accuracy=0.5750 prediction=0.8543 status=ok
entity30/3/BN_adapt/logits iw_residual_dis2 W=2.0 accuracy=0.5750 prediction=0.8543 status=ok
entity30/3/BN_adapt/logits iw_overlap_critic W=5.0 accuracy=0.5750 prediction=0.8543 status=ok
entity30/3/BN_adapt/logits iw_residual_dis2 W=5.0 accuracy=0.5750 prediction=0.8543 status=ok
entity30/3/BN_adapt/logits dis2_reference W=nan accuracy=0.5750 prediction=0.5550 status=ok
entity30/1/DANN/logits iw_overlap_critic W=1.0 accuracy=0.6191 prediction=0.4692 status=ok
entity30/1/DANN/logits iw_residual_dis2 W=1.0 accuracy=0.6191 prediction=0.8044 status=ok
entity30/1/DANN/logits iw_overlap_critic W=2.0 accuracy=0.6191 prediction=0.8423 status=ok
entity30/1/DANN/logits iw_residual_dis2 W=2.0 accuracy=0.6191 prediction=0.8423 status=ok
entity30/1/DANN/logits iw_overlap_critic W=5.0 accuracy=0.6191 prediction=0.8423 status=ok
entity30/1/DANN/logits iw_residual_dis2 W=5.0 accuracy=0.6191 prediction=0.8423 status=ok
entity30/1/DANN/logits dis2_reference W=nan accuracy=0.6191 prediction=0.6876 status=ok
entity30/2/DANN/logits iw_overlap_critic W=1.0 accuracy=0.7875 prediction=0.5949 status=ok
entity30/2/DANN/logits iw_residual_dis2 W=1.0 accuracy=0.7875 prediction=0.8372 status=ok
entity30/2/DANN/logits iw_overlap_critic W=2.0 accuracy=0.7875 prediction=0.8612 status=ok
entity30/2/DANN/logits iw_residual_dis2 W=2.0 accuracy=0.7875 prediction=0.8612 status=ok
entity30/2/DANN/logits iw_overlap_critic W=5.0 accuracy=0.7875 prediction=0.8612 status=ok
entity30/2/DANN/logits iw_residual_dis2 W=5.0 accuracy=0.7875 prediction=0.8612 status=ok
entity30/2/DANN/logits dis2_reference W=nan accuracy=0.7875 prediction=0.6937 status=ok
entity30/3/DANN/logits iw_overlap_critic W=1.0 accuracy=0.5708 prediction=0.6460 status=ok
entity30/3/DANN/logits iw_residual_dis2 W=1.0 accuracy=0.5708 prediction=0.8651 status=ok
entity30/3/DANN/logits iw_overlap_critic W=2.0 accuracy=0.5708 prediction=0.8563 status=ok
entity30/3/DANN/logits iw_residual_dis2 W=2.0 accuracy=0.5708 prediction=0.8563 status=ok
entity30/3/DANN/logits iw_overlap_critic W=5.0 accuracy=0.5708 prediction=0.8563 status=ok
entity30/3/DANN/logits iw_residual_dis2 W=5.0 accuracy=0.5708 prediction=0.8563 status=ok
entity30/3/DANN/logits dis2_reference W=nan accuracy=0.5708 prediction=0.5997 status=ok
entity30/1/CDANN/logits iw_overlap_critic W=1.0 accuracy=0.6279 prediction=0.4963 status=ok
/storage/homefs/tf24s166/IW_dis2/disagree_discrep_IW/src/lib/utils.py:43: FutureWarning: You are using `torch.load` with `weights_only=False` (the current default value), which uses the default pickle module implicitly. It is possible to construct malicious pickle data which will execute arbitrary code during unpickling (See https://github.com/pytorch/pytorch/blob/main/SECURITY.md#untrusted-models for more details). In a future release, the default value for `weights_only` will be flipped to `True`. This limits the functions that could be executed during unpickling. Arbitrary objects will no longer be allowed to be loaded via this mode unless they are explicitly allowlisted by the user via `torch.serialization.add_safe_globals`. We recommend you start setting `weights_only=True` for any use case where you don't have full control of the loaded file. Please open an issue on GitHub for any issues related to this experimental feature.
  lin.load_state_dict(torch.load(os.path.join(shift_dir, 'linear.pth'), map_location=device))
/storage/homefs/tf24s166/IW_dis2/disagree_discrep_IW/src/lib/utils.py:43: FutureWarning: You are using `torch.load` with `weights_only=False` (the current default value), which uses the default pickle module implicitly. It is possible to construct malicious pickle data which will execute arbitrary code during unpickling (See https://github.com/pytorch/pytorch/blob/main/SECURITY.md#untrusted-models for more details). In a future release, the default value for `weights_only` will be flipped to `True`. This limits the functions that could be executed during unpickling. Arbitrary objects will no longer be allowed to be loaded via this mode unless they are explicitly allowlisted by the user via `torch.serialization.add_safe_globals`. We recommend you start setting `weights_only=True` for any use case where you don't have full control of the loaded file. Please open an issue on GitHub for any issues related to this experimental feature.
  lin.load_state_dict(torch.load(os.path.join(shift_dir, 'linear.pth'), map_location=device))
/storage/homefs/tf24s166/IW_dis2/disagree_discrep_IW/src/lib/utils.py:43: FutureWarning: You are using `torch.load` with `weights_only=False` (the current default value), which uses the default pickle module implicitly. It is possible to construct malicious pickle data which will execute arbitrary code during unpickling (See https://github.com/pytorch/pytorch/blob/main/SECURITY.md#untrusted-models for more details). In a future release, the default value for `weights_only` will be flipped to `True`. This limits the functions that could be executed during unpickling. Arbitrary objects will no longer be allowed to be loaded via this mode unless they are explicitly allowlisted by the user via `torch.serialization.add_safe_globals`. We recommend you start setting `weights_only=True` for any use case where you don't have full control of the loaded file. Please open an issue on GitHub for any issues related to this experimental feature.
  lin.load_state_dict(torch.load(os.path.join(shift_dir, 'linear.pth'), map_location=device))
/storage/homefs/tf24s166/IW_dis2/disagree_discrep_IW/src/lib/utils.py:43: FutureWarning: You are using `torch.load` with `weights_only=False` (the current default value), which uses the default pickle module implicitly. It is possible to construct malicious pickle data which will execute arbitrary code during unpickling (See https://github.com/pytorch/pytorch/blob/main/SECURITY.md#untrusted-models for more details). In a future release, the default value for `weights_only` will be flipped to `True`. This limits the functions that could be executed during unpickling. Arbitrary objects will no longer be allowed to be loaded via this mode unless they are explicitly allowlisted by the user via `torch.serialization.add_safe_globals`. We recommend you start setting `weights_only=True` for any use case where you don't have full control of the loaded file. Please open an issue on GitHub for any issues related to this experimental feature.
  lin.load_state_dict(torch.load(os.path.join(shift_dir, 'linear.pth'), map_location=device))
/storage/homefs/tf24s166/IW_dis2/disagree_discrep_IW/src/lib/utils.py:43: FutureWarning: You are using `torch.load` with `weights_only=False` (the current default value), which uses the default pickle module implicitly. It is possible to construct malicious pickle data which will execute arbitrary code during unpickling (See https://github.com/pytorch/pytorch/blob/main/SECURITY.md#untrusted-models for more details). In a future release, the default value for `weights_only` will be flipped to `True`. This limits the functions that could be executed during unpickling. Arbitrary objects will no longer be allowed to be loaded via this mode unless they are explicitly allowlisted by the user via `torch.serialization.add_safe_globals`. We recommend you start setting `weights_only=True` for any use case where you don't have full control of the loaded file. Please open an issue on GitHub for any issues related to this experimental feature.
  lin.load_state_dict(torch.load(os.path.join(shift_dir, 'linear.pth'), map_location=device))
/storage/homefs/tf24s166/IW_dis2/disagree_discrep_IW/src/lib/utils.py:43: FutureWarning: You are using `torch.load` with `weights_only=False` (the current default value), which uses the default pickle module implicitly. It is possible to construct malicious pickle data which will execute arbitrary code during unpickling (See https://github.com/pytorch/pytorch/blob/main/SECURITY.md#untrusted-models for more details). In a future release, the default value for `weights_only` will be flipped to `True`. This limits the functions that could be executed during unpickling. Arbitrary objects will no longer be allowed to be loaded via this mode unless they are explicitly allowlisted by the user via `torch.serialization.add_safe_globals`. We recommend you start setting `weights_only=True` for any use case where you don't have full control of the loaded file. Please open an issue on GitHub for any issues related to this experimental feature.
  lin.load_state_dict(torch.load(os.path.join(shift_dir, 'linear.pth'), map_location=device))
/storage/homefs/tf24s166/IW_dis2/disagree_discrep_IW/src/lib/utils.py:43: FutureWarning: You are using `torch.load` with `weights_only=False` (the current default value), which uses the default pickle module implicitly. It is possible to construct malicious pickle data which will execute arbitrary code during unpickling (See https://github.com/pytorch/pytorch/blob/main/SECURITY.md#untrusted-models for more details). In a future release, the default value for `weights_only` will be flipped to `True`. This limits the functions that could be executed during unpickling. Arbitrary objects will no longer be allowed to be loaded via this mode unless they are explicitly allowlisted by the user via `torch.serialization.add_safe_globals`. We recommend you start setting `weights_only=True` for any use case where you don't have full control of the loaded file. Please open an issue on GitHub for any issues related to this experimental feature.
  lin.load_state_dict(torch.load(os.path.join(shift_dir, 'linear.pth'), map_location=device))
/storage/homefs/tf24s166/IW_dis2/disagree_discrep_IW/src/lib/utils.py:43: FutureWarning: You are using `torch.load` with `weights_only=False` (the current default value), which uses the default pickle module implicitly. It is possible to construct malicious pickle data which will execute arbitrary code during unpickling (See https://github.com/pytorch/pytorch/blob/main/SECURITY.md#untrusted-models for more details). In a future release, the default value for `weights_only` will be flipped to `True`. This limits the functions that could be executed during unpickling. Arbitrary objects will no longer be allowed to be loaded via this mode unless they are explicitly allowlisted by the user via `torch.serialization.add_safe_globals`. We recommend you start setting `weights_only=True` for any use case where you don't have full control of the loaded file. Please open an issue on GitHub for any issues related to this experimental feature.
  lin.load_state_dict(torch.load(os.path.join(shift_dir, 'linear.pth'), map_location=device))
/storage/homefs/tf24s166/IW_dis2/disagree_discrep_IW/src/lib/utils.py:43: FutureWarning: You are using `torch.load` with `weights_only=False` (the current default value), which uses the default pickle module implicitly. It is possible to construct malicious pickle data which will execute arbitrary code during unpickling (See https://github.com/pytorch/pytorch/blob/main/SECURITY.md#untrusted-models for more details). In a future release, the default value for `weights_only` will be flipped to `True`. This limits the functions that could be executed during unpickling. Arbitrary objects will no longer be allowed to be loaded via this mode unless they are explicitly allowlisted by the user via `torch.serialization.add_safe_globals`. We recommend you start setting `weights_only=True` for any use case where you don't have full control of the loaded file. Please open an issue on GitHub for any issues related to this experimental feature.
  lin.load_state_dict(torch.load(os.path.join(shift_dir, 'linear.pth'), map_location=device))
/storage/homefs/tf24s166/IW_dis2/disagree_discrep_IW/src/lib/utils.py:43: FutureWarning: You are using `torch.load` with `weights_only=False` (the current default value), which uses the default pickle module implicitly. It is possible to construct malicious pickle data which will execute arbitrary code during unpickling (See https://github.com/pytorch/pytorch/blob/main/SECURITY.md#untrusted-models for more details). In a future release, the default value for `weights_only` will be flipped to `True`. This limits the functions that could be executed during unpickling. Arbitrary objects will no longer be allowed to be loaded via this mode unless they are explicitly allowlisted by the user via `torch.serialization.add_safe_globals`. We recommend you start setting `weights_only=True` for any use case where you don't have full control of the loaded file. Please open an issue on GitHub for any issues related to this experimental feature.
  lin.load_state_dict(torch.load(os.path.join(shift_dir, 'linear.pth'), map_location=device))
/storage/homefs/tf24s166/IW_dis2/disagree_discrep_IW/src/lib/utils.py:43: FutureWarning: You are using `torch.load` with `weights_only=False` (the current default value), which uses the default pickle module implicitly. It is possible to construct malicious pickle data which will execute arbitrary code during unpickling (See https://github.com/pytorch/pytorch/blob/main/SECURITY.md#untrusted-models for more details). In a future release, the default value for `weights_only` will be flipped to `True`. This limits the functions that could be executed during unpickling. Arbitrary objects will no longer be allowed to be loaded via this mode unless they are explicitly allowlisted by the user via `torch.serialization.add_safe_globals`. We recommend you start setting `weights_only=True` for any use case where you don't have full control of the loaded file. Please open an issue on GitHub for any issues related to this experimental feature.
  lin.load_state_dict(torch.load(os.path.join(shift_dir, 'linear.pth'), map_location=device))
/storage/homefs/tf24s166/IW_dis2/disagree_discrep_IW/src/lib/utils.py:43: FutureWarning: You are using `torch.load` with `weights_only=False` (the current default value), which uses the default pickle module implicitly. It is possible to construct malicious pickle data which will execute arbitrary code during unpickling (See https://github.com/pytorch/pytorch/blob/main/SECURITY.md#untrusted-models for more details). In a future release, the default value for `weights_only` will be flipped to `True`. This limits the functions that could be executed during unpickling. Arbitrary objects will no longer be allowed to be loaded via this mode unless they are explicitly allowlisted by the user via `torch.serialization.add_safe_globals`. We recommend you start setting `weights_only=True` for any use case where you don't have full control of the loaded file. Please open an issue on GitHub for any issues related to this experimental feature.
  lin.load_state_dict(torch.load(os.path.join(shift_dir, 'linear.pth'), map_location=device))
entity30/1/CDANN/logits iw_residual_dis2 W=1.0 accuracy=0.6279 prediction=0.8320 status=ok
entity30/1/CDANN/logits iw_overlap_critic W=2.0 accuracy=0.6279 prediction=0.8554 status=ok
entity30/1/CDANN/logits iw_residual_dis2 W=2.0 accuracy=0.6279 prediction=0.8554 status=ok
entity30/1/CDANN/logits iw_overlap_critic W=5.0 accuracy=0.6279 prediction=0.8554 status=ok
entity30/1/CDANN/logits iw_residual_dis2 W=5.0 accuracy=0.6279 prediction=0.8554 status=ok
entity30/1/CDANN/logits dis2_reference W=nan accuracy=0.6279 prediction=0.6757 status=ok
entity30/2/CDANN/logits iw_overlap_critic W=1.0 accuracy=0.8125 prediction=0.6755 status=ok
entity30/2/CDANN/logits iw_residual_dis2 W=1.0 accuracy=0.8125 prediction=0.8543 status=ok
entity30/2/CDANN/logits iw_overlap_critic W=2.0 accuracy=0.8125 prediction=0.8626 status=ok
entity30/2/CDANN/logits iw_residual_dis2 W=2.0 accuracy=0.8125 prediction=0.8626 status=ok
entity30/2/CDANN/logits iw_overlap_critic W=5.0 accuracy=0.8125 prediction=0.8626 status=ok
entity30/2/CDANN/logits iw_residual_dis2 W=5.0 accuracy=0.8125 prediction=0.8626 status=ok
entity30/2/CDANN/logits dis2_reference W=nan accuracy=0.8125 prediction=0.6390 status=ok
entity30/3/CDANN/logits iw_overlap_critic W=1.0 accuracy=0.5625 prediction=0.6571 status=ok
entity30/3/CDANN/logits iw_residual_dis2 W=1.0 accuracy=0.5625 prediction=0.8271 status=ok
entity30/3/CDANN/logits iw_overlap_critic W=2.0 accuracy=0.5625 prediction=0.8461 status=ok
entity30/3/CDANN/logits iw_residual_dis2 W=2.0 accuracy=0.5625 prediction=0.8461 status=ok
entity30/3/CDANN/logits iw_overlap_critic W=5.0 accuracy=0.5625 prediction=0.8461 status=ok
entity30/3/CDANN/logits iw_residual_dis2 W=5.0 accuracy=0.5625 prediction=0.8461 status=ok
entity30/3/CDANN/logits dis2_reference W=nan accuracy=0.5625 prediction=0.6350 status=ok
entity30/1/FixMatch/logits iw_overlap_critic W=1.0 accuracy=0.6680 prediction=0.4417 status=ok
entity30/1/FixMatch/logits iw_residual_dis2 W=1.0 accuracy=0.6680 prediction=0.7935 status=ok
entity30/1/FixMatch/logits iw_overlap_critic W=2.0 accuracy=0.6680 prediction=0.8609 status=ok
entity30/1/FixMatch/logits iw_residual_dis2 W=2.0 accuracy=0.6680 prediction=0.8609 status=ok
entity30/1/FixMatch/logits iw_overlap_critic W=5.0 accuracy=0.6680 prediction=0.8609 status=ok
entity30/1/FixMatch/logits iw_residual_dis2 W=5.0 accuracy=0.6680 prediction=0.8609 status=ok
entity30/1/FixMatch/logits dis2_reference W=nan accuracy=0.6680 prediction=0.5975 status=ok
entity30/2/FixMatch/logits iw_overlap_critic W=1.0 accuracy=0.7667 prediction=0.7197 status=ok
entity30/2/FixMatch/logits iw_residual_dis2 W=1.0 accuracy=0.7667 prediction=0.8632 status=ok
entity30/2/FixMatch/logits iw_overlap_critic W=2.0 accuracy=0.7667 prediction=0.8547 status=ok
entity30/2/FixMatch/logits iw_residual_dis2 W=2.0 accuracy=0.7667 prediction=0.8547 status=ok
entity30/2/FixMatch/logits iw_overlap_critic W=5.0 accuracy=0.7667 prediction=0.8547 status=ok
entity30/2/FixMatch/logits iw_residual_dis2 W=5.0 accuracy=0.7667 prediction=0.8547 status=ok
entity30/2/FixMatch/logits dis2_reference W=nan accuracy=0.7667 prediction=0.5817 status=ok
entity30/3/FixMatch/logits iw_overlap_critic W=1.0 accuracy=0.5583 prediction=0.6341 status=ok
entity30/3/FixMatch/logits iw_residual_dis2 W=1.0 accuracy=0.5583 prediction=0.8548 status=ok
entity30/3/FixMatch/logits iw_overlap_critic W=2.0 accuracy=0.5583 prediction=0.8502 status=ok
entity30/3/FixMatch/logits iw_residual_dis2 W=2.0 accuracy=0.5583 prediction=0.8502 status=ok
entity30/3/FixMatch/logits iw_overlap_critic W=5.0 accuracy=0.5583 prediction=0.8502 status=ok
entity30/3/FixMatch/logits iw_residual_dis2 W=5.0 accuracy=0.5583 prediction=0.8502 status=ok
entity30/3/FixMatch/logits dis2_reference W=nan accuracy=0.5583 prediction=0.5943 status=ok
cifar10/1/ERM-aug-imagenet/logits iw_overlap_critic W=1.0 accuracy=0.8685 prediction=0.5213 status=ok
cifar10/1/ERM-aug-imagenet/logits iw_residual_dis2 W=1.0 accuracy=0.8685 prediction=0.9047 status=ok
cifar10/1/ERM-aug-imagenet/logits iw_overlap_critic W=2.0 accuracy=0.8685 prediction=0.9586 status=ok
cifar10/1/ERM-aug-imagenet/logits iw_residual_dis2 W=2.0 accuracy=0.8685 prediction=0.9586 status=ok
cifar10/1/ERM-aug-imagenet/logits iw_overlap_critic W=5.0 accuracy=0.8685 prediction=0.9586 status=ok
cifar10/1/ERM-aug-imagenet/logits iw_residual_dis2 W=5.0 accuracy=0.8685 prediction=0.9586 status=ok
cifar10/1/ERM-aug-imagenet/logits dis2_reference W=nan accuracy=0.8685 prediction=0.7858 status=ok
cifar10/10/ERM-aug-imagenet/logits iw_overlap_critic W=1.0 accuracy=0.8990 prediction=0.4355 status=ok
cifar10/10/ERM-aug-imagenet/logits iw_residual_dis2 W=1.0 accuracy=0.8990 prediction=0.8582 status=ok
cifar10/10/ERM-aug-imagenet/logits iw_overlap_critic W=2.0 accuracy=0.8990 prediction=0.7514 status=ok
cifar10/10/ERM-aug-imagenet/logits iw_residual_dis2 W=2.0 accuracy=0.8990 prediction=0.9238 status=ok
cifar10/10/ERM-aug-imagenet/logits iw_overlap_critic W=5.0 accuracy=0.8990 prediction=0.9618 status=ok
cifar10/10/ERM-aug-imagenet/logits iw_residual_dis2 W=5.0 accuracy=0.8990 prediction=0.9618 status=ok
cifar10/10/ERM-aug-imagenet/logits dis2_reference W=nan accuracy=0.8990 prediction=0.7858 status=ok
cifar10/71/ERM-aug-imagenet/logits iw_overlap_critic W=1.0 accuracy=0.7685 prediction=0.5123 status=ok
cifar10/71/ERM-aug-imagenet/logits iw_residual_dis2 W=1.0 accuracy=0.7685 prediction=0.7597 status=ok
cifar10/71/ERM-aug-imagenet/logits iw_overlap_critic W=2.0 accuracy=0.7685 prediction=0.6509 status=ok
cifar10/71/ERM-aug-imagenet/logits iw_residual_dis2 W=2.0 accuracy=0.7685 prediction=0.8268 status=ok
cifar10/71/ERM-aug-imagenet/logits iw_overlap_critic W=5.0 accuracy=0.7685 prediction=0.9351 status=ok
cifar10/71/ERM-aug-imagenet/logits iw_residual_dis2 W=5.0 accuracy=0.7685 prediction=0.9501 status=ok
cifar10/71/ERM-aug-imagenet/logits dis2_reference W=nan accuracy=0.7685 prediction=0.6146 status=ok
cifar10/95/ERM-aug-imagenet/logits iw_overlap_critic W=1.0 accuracy=0.9495 prediction=0.4947 status=ok
cifar10/95/ERM-aug-imagenet/logits iw_residual_dis2 W=1.0 accuracy=0.9495 prediction=0.9152 status=ok
cifar10/95/ERM-aug-imagenet/logits iw_overlap_critic W=2.0 accuracy=0.9495 prediction=0.9599 status=ok
cifar10/95/ERM-aug-imagenet/logits iw_residual_dis2 W=2.0 accuracy=0.9495 prediction=0.9599 status=ok
cifar10/95/ERM-aug-imagenet/logits iw_overlap_critic W=5.0 accuracy=0.9495 prediction=0.9599 status=ok
cifar10/95/ERM-aug-imagenet/logits iw_residual_dis2 W=5.0 accuracy=0.9495 prediction=0.9599 status=ok
cifar10/95/ERM-aug-imagenet/logits dis2_reference W=nan accuracy=0.9495 prediction=0.8270 status=ok
Missing features: cifar10/ERM-aug-rand/1; skipping.
Missing features: cifar10/ERM-aug-rand/10; skipping.
Missing features: cifar10/ERM-aug-rand/71; skipping.
Missing features: cifar10/ERM-aug-rand/95; skipping.
cifar10/1/BN_adapt/logits iw_overlap_critic W=1.0 accuracy=0.8540 prediction=0.5118 status=ok
cifar10/1/BN_adapt/logits iw_residual_dis2 W=1.0 accuracy=0.8540 prediction=0.9012 status=ok
cifar10/1/BN_adapt/logits iw_overlap_critic W=2.0 accuracy=0.8540 prediction=0.9579 status=ok
cifar10/1/BN_adapt/logits iw_residual_dis2 W=2.0 accuracy=0.8540 prediction=0.9579 status=ok
cifar10/1/BN_adapt/logits iw_overlap_critic W=5.0 accuracy=0.8540 prediction=0.9579 status=ok
cifar10/1/BN_adapt/logits iw_residual_dis2 W=5.0 accuracy=0.8540 prediction=0.9579 status=ok
cifar10/1/BN_adapt/logits dis2_reference W=nan accuracy=0.8540 prediction=0.8010 status=ok
cifar10/10/BN_adapt/logits iw_overlap_critic W=1.0 accuracy=0.9185 prediction=0.2852 status=ok
cifar10/10/BN_adapt/logits iw_residual_dis2 W=1.0 accuracy=0.9185 prediction=0.6271 status=ok
cifar10/10/BN_adapt/logits iw_overlap_critic W=2.0 accuracy=0.9185 prediction=0.5634 status=ok
cifar10/10/BN_adapt/logits iw_residual_dis2 W=2.0 accuracy=0.9185 prediction=0.6962 status=ok
cifar10/10/BN_adapt/logits iw_overlap_critic W=5.0 accuracy=0.9185 prediction=0.7235 status=ok
cifar10/10/BN_adapt/logits iw_residual_dis2 W=5.0 accuracy=0.9185 prediction=0.7603 status=ok
cifar10/10/BN_adapt/logits dis2_reference W=nan accuracy=0.9185 prediction=0.5478 status=ok
/storage/homefs/tf24s166/IW_dis2/disagree_discrep_IW/src/lib/utils.py:43: FutureWarning: You are using `torch.load` with `weights_only=False` (the current default value), which uses the default pickle module implicitly. It is possible to construct malicious pickle data which will execute arbitrary code during unpickling (See https://github.com/pytorch/pytorch/blob/main/SECURITY.md#untrusted-models for more details). In a future release, the default value for `weights_only` will be flipped to `True`. This limits the functions that could be executed during unpickling. Arbitrary objects will no longer be allowed to be loaded via this mode unless they are explicitly allowlisted by the user via `torch.serialization.add_safe_globals`. We recommend you start setting `weights_only=True` for any use case where you don't have full control of the loaded file. Please open an issue on GitHub for any issues related to this experimental feature.
  lin.load_state_dict(torch.load(os.path.join(shift_dir, 'linear.pth'), map_location=device))
/storage/homefs/tf24s166/IW_dis2/disagree_discrep_IW/src/lib/utils.py:43: FutureWarning: You are using `torch.load` with `weights_only=False` (the current default value), which uses the default pickle module implicitly. It is possible to construct malicious pickle data which will execute arbitrary code during unpickling (See https://github.com/pytorch/pytorch/blob/main/SECURITY.md#untrusted-models for more details). In a future release, the default value for `weights_only` will be flipped to `True`. This limits the functions that could be executed during unpickling. Arbitrary objects will no longer be allowed to be loaded via this mode unless they are explicitly allowlisted by the user via `torch.serialization.add_safe_globals`. We recommend you start setting `weights_only=True` for any use case where you don't have full control of the loaded file. Please open an issue on GitHub for any issues related to this experimental feature.
  lin.load_state_dict(torch.load(os.path.join(shift_dir, 'linear.pth'), map_location=device))
/storage/homefs/tf24s166/IW_dis2/disagree_discrep_IW/src/lib/utils.py:43: FutureWarning: You are using `torch.load` with `weights_only=False` (the current default value), which uses the default pickle module implicitly. It is possible to construct malicious pickle data which will execute arbitrary code during unpickling (See https://github.com/pytorch/pytorch/blob/main/SECURITY.md#untrusted-models for more details). In a future release, the default value for `weights_only` will be flipped to `True`. This limits the functions that could be executed during unpickling. Arbitrary objects will no longer be allowed to be loaded via this mode unless they are explicitly allowlisted by the user via `torch.serialization.add_safe_globals`. We recommend you start setting `weights_only=True` for any use case where you don't have full control of the loaded file. Please open an issue on GitHub for any issues related to this experimental feature.
  lin.load_state_dict(torch.load(os.path.join(shift_dir, 'linear.pth'), map_location=device))
/storage/homefs/tf24s166/IW_dis2/disagree_discrep_IW/src/lib/utils.py:43: FutureWarning: You are using `torch.load` with `weights_only=False` (the current default value), which uses the default pickle module implicitly. It is possible to construct malicious pickle data which will execute arbitrary code during unpickling (See https://github.com/pytorch/pytorch/blob/main/SECURITY.md#untrusted-models for more details). In a future release, the default value for `weights_only` will be flipped to `True`. This limits the functions that could be executed during unpickling. Arbitrary objects will no longer be allowed to be loaded via this mode unless they are explicitly allowlisted by the user via `torch.serialization.add_safe_globals`. We recommend you start setting `weights_only=True` for any use case where you don't have full control of the loaded file. Please open an issue on GitHub for any issues related to this experimental feature.
  lin.load_state_dict(torch.load(os.path.join(shift_dir, 'linear.pth'), map_location=device))
/storage/homefs/tf24s166/IW_dis2/disagree_discrep_IW/src/lib/utils.py:43: FutureWarning: You are using `torch.load` with `weights_only=False` (the current default value), which uses the default pickle module implicitly. It is possible to construct malicious pickle data which will execute arbitrary code during unpickling (See https://github.com/pytorch/pytorch/blob/main/SECURITY.md#untrusted-models for more details). In a future release, the default value for `weights_only` will be flipped to `True`. This limits the functions that could be executed during unpickling. Arbitrary objects will no longer be allowed to be loaded via this mode unless they are explicitly allowlisted by the user via `torch.serialization.add_safe_globals`. We recommend you start setting `weights_only=True` for any use case where you don't have full control of the loaded file. Please open an issue on GitHub for any issues related to this experimental feature.
  lin.load_state_dict(torch.load(os.path.join(shift_dir, 'linear.pth'), map_location=device))
/storage/homefs/tf24s166/IW_dis2/disagree_discrep_IW/src/lib/utils.py:43: FutureWarning: You are using `torch.load` with `weights_only=False` (the current default value), which uses the default pickle module implicitly. It is possible to construct malicious pickle data which will execute arbitrary code during unpickling (See https://github.com/pytorch/pytorch/blob/main/SECURITY.md#untrusted-models for more details). In a future release, the default value for `weights_only` will be flipped to `True`. This limits the functions that could be executed during unpickling. Arbitrary objects will no longer be allowed to be loaded via this mode unless they are explicitly allowlisted by the user via `torch.serialization.add_safe_globals`. We recommend you start setting `weights_only=True` for any use case where you don't have full control of the loaded file. Please open an issue on GitHub for any issues related to this experimental feature.
  lin.load_state_dict(torch.load(os.path.join(shift_dir, 'linear.pth'), map_location=device))
/storage/homefs/tf24s166/IW_dis2/disagree_discrep_IW/src/lib/utils.py:43: FutureWarning: You are using `torch.load` with `weights_only=False` (the current default value), which uses the default pickle module implicitly. It is possible to construct malicious pickle data which will execute arbitrary code during unpickling (See https://github.com/pytorch/pytorch/blob/main/SECURITY.md#untrusted-models for more details). In a future release, the default value for `weights_only` will be flipped to `True`. This limits the functions that could be executed during unpickling. Arbitrary objects will no longer be allowed to be loaded via this mode unless they are explicitly allowlisted by the user via `torch.serialization.add_safe_globals`. We recommend you start setting `weights_only=True` for any use case where you don't have full control of the loaded file. Please open an issue on GitHub for any issues related to this experimental feature.
  lin.load_state_dict(torch.load(os.path.join(shift_dir, 'linear.pth'), map_location=device))
/storage/homefs/tf24s166/IW_dis2/disagree_discrep_IW/src/lib/utils.py:43: FutureWarning: You are using `torch.load` with `weights_only=False` (the current default value), which uses the default pickle module implicitly. It is possible to construct malicious pickle data which will execute arbitrary code during unpickling (See https://github.com/pytorch/pytorch/blob/main/SECURITY.md#untrusted-models for more details). In a future release, the default value for `weights_only` will be flipped to `True`. This limits the functions that could be executed during unpickling. Arbitrary objects will no longer be allowed to be loaded via this mode unless they are explicitly allowlisted by the user via `torch.serialization.add_safe_globals`. We recommend you start setting `weights_only=True` for any use case where you don't have full control of the loaded file. Please open an issue on GitHub for any issues related to this experimental feature.
  lin.load_state_dict(torch.load(os.path.join(shift_dir, 'linear.pth'), map_location=device))
/storage/homefs/tf24s166/IW_dis2/disagree_discrep_IW/src/lib/utils.py:43: FutureWarning: You are using `torch.load` with `weights_only=False` (the current default value), which uses the default pickle module implicitly. It is possible to construct malicious pickle data which will execute arbitrary code during unpickling (See https://github.com/pytorch/pytorch/blob/main/SECURITY.md#untrusted-models for more details). In a future release, the default value for `weights_only` will be flipped to `True`. This limits the functions that could be executed during unpickling. Arbitrary objects will no longer be allowed to be loaded via this mode unless they are explicitly allowlisted by the user via `torch.serialization.add_safe_globals`. We recommend you start setting `weights_only=True` for any use case where you don't have full control of the loaded file. Please open an issue on GitHub for any issues related to this experimental feature.
  lin.load_state_dict(torch.load(os.path.join(shift_dir, 'linear.pth'), map_location=device))
/storage/homefs/tf24s166/IW_dis2/disagree_discrep_IW/src/lib/utils.py:43: FutureWarning: You are using `torch.load` with `weights_only=False` (the current default value), which uses the default pickle module implicitly. It is possible to construct malicious pickle data which will execute arbitrary code during unpickling (See https://github.com/pytorch/pytorch/blob/main/SECURITY.md#untrusted-models for more details). In a future release, the default value for `weights_only` will be flipped to `True`. This limits the functions that could be executed during unpickling. Arbitrary objects will no longer be allowed to be loaded via this mode unless they are explicitly allowlisted by the user via `torch.serialization.add_safe_globals`. We recommend you start setting `weights_only=True` for any use case where you don't have full control of the loaded file. Please open an issue on GitHub for any issues related to this experimental feature.
  lin.load_state_dict(torch.load(os.path.join(shift_dir, 'linear.pth'), map_location=device))
/storage/homefs/tf24s166/IW_dis2/disagree_discrep_IW/src/lib/utils.py:43: FutureWarning: You are using `torch.load` with `weights_only=False` (the current default value), which uses the default pickle module implicitly. It is possible to construct malicious pickle data which will execute arbitrary code during unpickling (See https://github.com/pytorch/pytorch/blob/main/SECURITY.md#untrusted-models for more details). In a future release, the default value for `weights_only` will be flipped to `True`. This limits the functions that could be executed during unpickling. Arbitrary objects will no longer be allowed to be loaded via this mode unless they are explicitly allowlisted by the user via `torch.serialization.add_safe_globals`. We recommend you start setting `weights_only=True` for any use case where you don't have full control of the loaded file. Please open an issue on GitHub for any issues related to this experimental feature.
  lin.load_state_dict(torch.load(os.path.join(shift_dir, 'linear.pth'), map_location=device))
/storage/homefs/tf24s166/IW_dis2/disagree_discrep_IW/src/lib/utils.py:43: FutureWarning: You are using `torch.load` with `weights_only=False` (the current default value), which uses the default pickle module implicitly. It is possible to construct malicious pickle data which will execute arbitrary code during unpickling (See https://github.com/pytorch/pytorch/blob/main/SECURITY.md#untrusted-models for more details). In a future release, the default value for `weights_only` will be flipped to `True`. This limits the functions that could be executed during unpickling. Arbitrary objects will no longer be allowed to be loaded via this mode unless they are explicitly allowlisted by the user via `torch.serialization.add_safe_globals`. We recommend you start setting `weights_only=True` for any use case where you don't have full control of the loaded file. Please open an issue on GitHub for any issues related to this experimental feature.
  lin.load_state_dict(torch.load(os.path.join(shift_dir, 'linear.pth'), map_location=device))
cifar10/71/BN_adapt/logits iw_overlap_critic W=1.0 accuracy=0.9310 prediction=0.3720 status=ok
cifar10/71/BN_adapt/logits iw_residual_dis2 W=1.0 accuracy=0.9310 prediction=0.6839 status=ok
cifar10/71/BN_adapt/logits iw_overlap_critic W=2.0 accuracy=0.9310 prediction=0.4795 status=ok
cifar10/71/BN_adapt/logits iw_residual_dis2 W=2.0 accuracy=0.9310 prediction=0.6989 status=ok
cifar10/71/BN_adapt/logits iw_overlap_critic W=5.0 accuracy=0.9310 prediction=0.7278 status=ok
cifar10/71/BN_adapt/logits iw_residual_dis2 W=5.0 accuracy=0.9310 prediction=0.7922 status=ok
cifar10/71/BN_adapt/logits dis2_reference W=nan accuracy=0.9310 prediction=0.6486 status=ok
cifar10/95/BN_adapt/logits iw_overlap_critic W=1.0 accuracy=0.9535 prediction=0.5136 status=ok
cifar10/95/BN_adapt/logits iw_residual_dis2 W=1.0 accuracy=0.9535 prediction=0.9479 status=ok
cifar10/95/BN_adapt/logits iw_overlap_critic W=2.0 accuracy=0.9535 prediction=0.9536 status=ok
cifar10/95/BN_adapt/logits iw_residual_dis2 W=2.0 accuracy=0.9535 prediction=0.9536 status=ok
cifar10/95/BN_adapt/logits iw_overlap_critic W=5.0 accuracy=0.9535 prediction=0.9536 status=ok
cifar10/95/BN_adapt/logits iw_residual_dis2 W=5.0 accuracy=0.9535 prediction=0.9536 status=ok
cifar10/95/BN_adapt/logits dis2_reference W=nan accuracy=0.9535 prediction=0.8418 status=ok
cifar10/1/DANN/logits iw_overlap_critic W=1.0 accuracy=0.8440 prediction=0.5161 status=ok
cifar10/1/DANN/logits iw_residual_dis2 W=1.0 accuracy=0.8440 prediction=0.8987 status=ok
cifar10/1/DANN/logits iw_overlap_critic W=2.0 accuracy=0.8440 prediction=0.9447 status=ok
cifar10/1/DANN/logits iw_residual_dis2 W=2.0 accuracy=0.8440 prediction=0.9447 status=ok
cifar10/1/DANN/logits iw_overlap_critic W=5.0 accuracy=0.8440 prediction=0.9447 status=ok
cifar10/1/DANN/logits iw_residual_dis2 W=5.0 accuracy=0.8440 prediction=0.9447 status=ok
cifar10/1/DANN/logits dis2_reference W=nan accuracy=0.8440 prediction=0.7838 status=ok
cifar10/10/DANN/logits iw_overlap_critic W=1.0 accuracy=0.9245 prediction=0.5717 status=ok
cifar10/10/DANN/logits iw_residual_dis2 W=1.0 accuracy=0.9245 prediction=0.9286 status=ok
cifar10/10/DANN/logits iw_overlap_critic W=2.0 accuracy=0.9245 prediction=0.9460 status=ok
cifar10/10/DANN/logits iw_residual_dis2 W=2.0 accuracy=0.9245 prediction=0.9460 status=ok
cifar10/10/DANN/logits iw_overlap_critic W=5.0 accuracy=0.9245 prediction=0.9460 status=ok
cifar10/10/DANN/logits iw_residual_dis2 W=5.0 accuracy=0.9245 prediction=0.9460 status=ok
cifar10/10/DANN/logits dis2_reference W=nan accuracy=0.9245 prediction=0.8746 status=ok
cifar10/71/DANN/logits iw_overlap_critic W=1.0 accuracy=0.9305 prediction=0.5672 status=ok
cifar10/71/DANN/logits iw_residual_dis2 W=1.0 accuracy=0.9305 prediction=0.9519 status=ok
cifar10/71/DANN/logits iw_overlap_critic W=2.0 accuracy=0.9305 prediction=0.9452 status=ok
cifar10/71/DANN/logits iw_residual_dis2 W=2.0 accuracy=0.9305 prediction=0.9452 status=ok
cifar10/71/DANN/logits iw_overlap_critic W=5.0 accuracy=0.9305 prediction=0.9452 status=ok
cifar10/71/DANN/logits iw_residual_dis2 W=5.0 accuracy=0.9305 prediction=0.9452 status=ok
cifar10/71/DANN/logits dis2_reference W=nan accuracy=0.9305 prediction=0.8558 status=ok
cifar10/95/DANN/logits iw_overlap_critic W=1.0 accuracy=0.9390 prediction=0.6180 status=ok
cifar10/95/DANN/logits iw_residual_dis2 W=1.0 accuracy=0.9390 prediction=0.9524 status=ok
cifar10/95/DANN/logits iw_overlap_critic W=2.0 accuracy=0.9390 prediction=0.9528 status=ok
cifar10/95/DANN/logits iw_residual_dis2 W=2.0 accuracy=0.9390 prediction=0.9528 status=ok
cifar10/95/DANN/logits iw_overlap_critic W=5.0 accuracy=0.9390 prediction=0.9528 status=ok
cifar10/95/DANN/logits iw_residual_dis2 W=5.0 accuracy=0.9390 prediction=0.9528 status=ok
cifar10/95/DANN/logits dis2_reference W=nan accuracy=0.9390 prediction=0.8766 status=ok
cifar10/1/CDANN/logits iw_overlap_critic W=1.0 accuracy=0.8465 prediction=0.5057 status=ok
cifar10/1/CDANN/logits iw_residual_dis2 W=1.0 accuracy=0.8465 prediction=0.9007 status=ok
cifar10/1/CDANN/logits iw_overlap_critic W=2.0 accuracy=0.8465 prediction=0.9475 status=ok
cifar10/1/CDANN/logits iw_residual_dis2 W=2.0 accuracy=0.8465 prediction=0.9475 status=ok
cifar10/1/CDANN/logits iw_overlap_critic W=5.0 accuracy=0.8465 prediction=0.9475 status=ok
cifar10/1/CDANN/logits iw_residual_dis2 W=5.0 accuracy=0.8465 prediction=0.9475 status=ok
cifar10/1/CDANN/logits dis2_reference W=nan accuracy=0.8465 prediction=0.7970 status=ok
cifar10/10/CDANN/logits iw_overlap_critic W=1.0 accuracy=0.9160 prediction=0.5885 status=ok
cifar10/10/CDANN/logits iw_residual_dis2 W=1.0 accuracy=0.9160 prediction=0.9367 status=ok
cifar10/10/CDANN/logits iw_overlap_critic W=2.0 accuracy=0.9160 prediction=0.9468 status=ok
cifar10/10/CDANN/logits iw_residual_dis2 W=2.0 accuracy=0.9160 prediction=0.9468 status=ok
cifar10/10/CDANN/logits iw_overlap_critic W=5.0 accuracy=0.9160 prediction=0.9468 status=ok
cifar10/10/CDANN/logits iw_residual_dis2 W=5.0 accuracy=0.9160 prediction=0.9468 status=ok
cifar10/10/CDANN/logits dis2_reference W=nan accuracy=0.9160 prediction=0.8534 status=ok
cifar10/71/CDANN/logits iw_overlap_critic W=1.0 accuracy=0.9280 prediction=0.6256 status=ok
cifar10/71/CDANN/logits iw_residual_dis2 W=1.0 accuracy=0.9280 prediction=0.9366 status=ok
cifar10/71/CDANN/logits iw_overlap_critic W=2.0 accuracy=0.9280 prediction=0.9492 status=ok
cifar10/71/CDANN/logits iw_residual_dis2 W=2.0 accuracy=0.9280 prediction=0.9492 status=ok
cifar10/71/CDANN/logits iw_overlap_critic W=5.0 accuracy=0.9280 prediction=0.9492 status=ok
cifar10/71/CDANN/logits iw_residual_dis2 W=5.0 accuracy=0.9280 prediction=0.9492 status=ok
cifar10/71/CDANN/logits dis2_reference W=nan accuracy=0.9280 prediction=0.8538 status=ok
cifar10/95/CDANN/logits iw_overlap_critic W=1.0 accuracy=0.9355 prediction=0.6380 status=ok
cifar10/95/CDANN/logits iw_residual_dis2 W=1.0 accuracy=0.9355 prediction=0.9449 status=ok
cifar10/95/CDANN/logits iw_overlap_critic W=2.0 accuracy=0.9355 prediction=0.9516 status=ok
cifar10/95/CDANN/logits iw_residual_dis2 W=2.0 accuracy=0.9355 prediction=0.9516 status=ok
cifar10/95/CDANN/logits iw_overlap_critic W=5.0 accuracy=0.9355 prediction=0.9516 status=ok
cifar10/95/CDANN/logits iw_residual_dis2 W=5.0 accuracy=0.9355 prediction=0.9516 status=ok
cifar10/95/CDANN/logits dis2_reference W=nan accuracy=0.9355 prediction=0.8726 status=ok
cifar10/1/FixMatch/logits iw_overlap_critic W=1.0 accuracy=0.8775 prediction=0.4609 status=ok
cifar10/1/FixMatch/logits iw_residual_dis2 W=1.0 accuracy=0.8775 prediction=0.9248 status=ok
cifar10/1/FixMatch/logits iw_overlap_critic W=2.0 accuracy=0.8775 prediction=0.9666 status=ok
cifar10/1/FixMatch/logits iw_residual_dis2 W=2.0 accuracy=0.8775 prediction=0.9666 status=ok
cifar10/1/FixMatch/logits iw_overlap_critic W=5.0 accuracy=0.8775 prediction=0.9666 status=ok
cifar10/1/FixMatch/logits iw_residual_dis2 W=5.0 accuracy=0.8775 prediction=0.9666 status=ok
cifar10/1/FixMatch/logits dis2_reference W=nan accuracy=0.8775 prediction=0.8162 status=ok
cifar10/10/FixMatch/logits iw_overlap_critic W=1.0 accuracy=0.9465 prediction=0.5250 status=ok
cifar10/10/FixMatch/logits iw_residual_dis2 W=1.0 accuracy=0.9465 prediction=0.9160 status=ok
cifar10/10/FixMatch/logits iw_overlap_critic W=2.0 accuracy=0.9465 prediction=0.9571 status=ok
cifar10/10/FixMatch/logits iw_residual_dis2 W=2.0 accuracy=0.9465 prediction=0.9571 status=ok
cifar10/10/FixMatch/logits iw_overlap_critic W=5.0 accuracy=0.9465 prediction=0.9571 status=ok
cifar10/10/FixMatch/logits iw_residual_dis2 W=5.0 accuracy=0.9465 prediction=0.9571 status=ok
cifar10/10/FixMatch/logits dis2_reference W=nan accuracy=0.9465 prediction=0.8302 status=ok
cifar10/71/FixMatch/logits iw_overlap_critic W=1.0 accuracy=0.9520 prediction=0.5533 status=ok
cifar10/71/FixMatch/logits iw_residual_dis2 W=1.0 accuracy=0.9520 prediction=0.9227 status=ok
cifar10/71/FixMatch/logits iw_overlap_critic W=2.0 accuracy=0.9520 prediction=0.9581 status=ok
cifar10/71/FixMatch/logits iw_residual_dis2 W=2.0 accuracy=0.9520 prediction=0.9581 status=ok
cifar10/71/FixMatch/logits iw_overlap_critic W=5.0 accuracy=0.9520 prediction=0.9581 status=ok
/storage/homefs/tf24s166/IW_dis2/disagree_discrep_IW/src/lib/utils.py:43: FutureWarning: You are using `torch.load` with `weights_only=False` (the current default value), which uses the default pickle module implicitly. It is possible to construct malicious pickle data which will execute arbitrary code during unpickling (See https://github.com/pytorch/pytorch/blob/main/SECURITY.md#untrusted-models for more details). In a future release, the default value for `weights_only` will be flipped to `True`. This limits the functions that could be executed during unpickling. Arbitrary objects will no longer be allowed to be loaded via this mode unless they are explicitly allowlisted by the user via `torch.serialization.add_safe_globals`. We recommend you start setting `weights_only=True` for any use case where you don't have full control of the loaded file. Please open an issue on GitHub for any issues related to this experimental feature.
  lin.load_state_dict(torch.load(os.path.join(shift_dir, 'linear.pth'), map_location=device))
/storage/homefs/tf24s166/IW_dis2/disagree_discrep_IW/src/lib/utils.py:43: FutureWarning: You are using `torch.load` with `weights_only=False` (the current default value), which uses the default pickle module implicitly. It is possible to construct malicious pickle data which will execute arbitrary code during unpickling (See https://github.com/pytorch/pytorch/blob/main/SECURITY.md#untrusted-models for more details). In a future release, the default value for `weights_only` will be flipped to `True`. This limits the functions that could be executed during unpickling. Arbitrary objects will no longer be allowed to be loaded via this mode unless they are explicitly allowlisted by the user via `torch.serialization.add_safe_globals`. We recommend you start setting `weights_only=True` for any use case where you don't have full control of the loaded file. Please open an issue on GitHub for any issues related to this experimental feature.
  lin.load_state_dict(torch.load(os.path.join(shift_dir, 'linear.pth'), map_location=device))
/storage/homefs/tf24s166/IW_dis2/disagree_discrep_IW/src/lib/utils.py:43: FutureWarning: You are using `torch.load` with `weights_only=False` (the current default value), which uses the default pickle module implicitly. It is possible to construct malicious pickle data which will execute arbitrary code during unpickling (See https://github.com/pytorch/pytorch/blob/main/SECURITY.md#untrusted-models for more details). In a future release, the default value for `weights_only` will be flipped to `True`. This limits the functions that could be executed during unpickling. Arbitrary objects will no longer be allowed to be loaded via this mode unless they are explicitly allowlisted by the user via `torch.serialization.add_safe_globals`. We recommend you start setting `weights_only=True` for any use case where you don't have full control of the loaded file. Please open an issue on GitHub for any issues related to this experimental feature.
  lin.load_state_dict(torch.load(os.path.join(shift_dir, 'linear.pth'), map_location=device))
/storage/homefs/tf24s166/IW_dis2/disagree_discrep_IW/src/lib/utils.py:43: FutureWarning: You are using `torch.load` with `weights_only=False` (the current default value), which uses the default pickle module implicitly. It is possible to construct malicious pickle data which will execute arbitrary code during unpickling (See https://github.com/pytorch/pytorch/blob/main/SECURITY.md#untrusted-models for more details). In a future release, the default value for `weights_only` will be flipped to `True`. This limits the functions that could be executed during unpickling. Arbitrary objects will no longer be allowed to be loaded via this mode unless they are explicitly allowlisted by the user via `torch.serialization.add_safe_globals`. We recommend you start setting `weights_only=True` for any use case where you don't have full control of the loaded file. Please open an issue on GitHub for any issues related to this experimental feature.
  lin.load_state_dict(torch.load(os.path.join(shift_dir, 'linear.pth'), map_location=device))
/storage/homefs/tf24s166/IW_dis2/disagree_discrep_IW/src/lib/utils.py:43: FutureWarning: You are using `torch.load` with `weights_only=False` (the current default value), which uses the default pickle module implicitly. It is possible to construct malicious pickle data which will execute arbitrary code during unpickling (See https://github.com/pytorch/pytorch/blob/main/SECURITY.md#untrusted-models for more details). In a future release, the default value for `weights_only` will be flipped to `True`. This limits the functions that could be executed during unpickling. Arbitrary objects will no longer be allowed to be loaded via this mode unless they are explicitly allowlisted by the user via `torch.serialization.add_safe_globals`. We recommend you start setting `weights_only=True` for any use case where you don't have full control of the loaded file. Please open an issue on GitHub for any issues related to this experimental feature.
  lin.load_state_dict(torch.load(os.path.join(shift_dir, 'linear.pth'), map_location=device))
/storage/homefs/tf24s166/IW_dis2/disagree_discrep_IW/src/lib/utils.py:43: FutureWarning: You are using `torch.load` with `weights_only=False` (the current default value), which uses the default pickle module implicitly. It is possible to construct malicious pickle data which will execute arbitrary code during unpickling (See https://github.com/pytorch/pytorch/blob/main/SECURITY.md#untrusted-models for more details). In a future release, the default value for `weights_only` will be flipped to `True`. This limits the functions that could be executed during unpickling. Arbitrary objects will no longer be allowed to be loaded via this mode unless they are explicitly allowlisted by the user via `torch.serialization.add_safe_globals`. We recommend you start setting `weights_only=True` for any use case where you don't have full control of the loaded file. Please open an issue on GitHub for any issues related to this experimental feature.
  lin.load_state_dict(torch.load(os.path.join(shift_dir, 'linear.pth'), map_location=device))
/storage/homefs/tf24s166/IW_dis2/disagree_discrep_IW/src/lib/utils.py:43: FutureWarning: You are using `torch.load` with `weights_only=False` (the current default value), which uses the default pickle module implicitly. It is possible to construct malicious pickle data which will execute arbitrary code during unpickling (See https://github.com/pytorch/pytorch/blob/main/SECURITY.md#untrusted-models for more details). In a future release, the default value for `weights_only` will be flipped to `True`. This limits the functions that could be executed during unpickling. Arbitrary objects will no longer be allowed to be loaded via this mode unless they are explicitly allowlisted by the user via `torch.serialization.add_safe_globals`. We recommend you start setting `weights_only=True` for any use case where you don't have full control of the loaded file. Please open an issue on GitHub for any issues related to this experimental feature.
  lin.load_state_dict(torch.load(os.path.join(shift_dir, 'linear.pth'), map_location=device))
/storage/homefs/tf24s166/IW_dis2/disagree_discrep_IW/src/lib/utils.py:43: FutureWarning: You are using `torch.load` with `weights_only=False` (the current default value), which uses the default pickle module implicitly. It is possible to construct malicious pickle data which will execute arbitrary code during unpickling (See https://github.com/pytorch/pytorch/blob/main/SECURITY.md#untrusted-models for more details). In a future release, the default value for `weights_only` will be flipped to `True`. This limits the functions that could be executed during unpickling. Arbitrary objects will no longer be allowed to be loaded via this mode unless they are explicitly allowlisted by the user via `torch.serialization.add_safe_globals`. We recommend you start setting `weights_only=True` for any use case where you don't have full control of the loaded file. Please open an issue on GitHub for any issues related to this experimental feature.
  lin.load_state_dict(torch.load(os.path.join(shift_dir, 'linear.pth'), map_location=device))
/storage/homefs/tf24s166/IW_dis2/disagree_discrep_IW/src/lib/utils.py:43: FutureWarning: You are using `torch.load` with `weights_only=False` (the current default value), which uses the default pickle module implicitly. It is possible to construct malicious pickle data which will execute arbitrary code during unpickling (See https://github.com/pytorch/pytorch/blob/main/SECURITY.md#untrusted-models for more details). In a future release, the default value for `weights_only` will be flipped to `True`. This limits the functions that could be executed during unpickling. Arbitrary objects will no longer be allowed to be loaded via this mode unless they are explicitly allowlisted by the user via `torch.serialization.add_safe_globals`. We recommend you start setting `weights_only=True` for any use case where you don't have full control of the loaded file. Please open an issue on GitHub for any issues related to this experimental feature.
  lin.load_state_dict(torch.load(os.path.join(shift_dir, 'linear.pth'), map_location=device))
/storage/homefs/tf24s166/IW_dis2/disagree_discrep_IW/src/lib/utils.py:43: FutureWarning: You are using `torch.load` with `weights_only=False` (the current default value), which uses the default pickle module implicitly. It is possible to construct malicious pickle data which will execute arbitrary code during unpickling (See https://github.com/pytorch/pytorch/blob/main/SECURITY.md#untrusted-models for more details). In a future release, the default value for `weights_only` will be flipped to `True`. This limits the functions that could be executed during unpickling. Arbitrary objects will no longer be allowed to be loaded via this mode unless they are explicitly allowlisted by the user via `torch.serialization.add_safe_globals`. We recommend you start setting `weights_only=True` for any use case where you don't have full control of the loaded file. Please open an issue on GitHub for any issues related to this experimental feature.
  lin.load_state_dict(torch.load(os.path.join(shift_dir, 'linear.pth'), map_location=device))
/storage/homefs/tf24s166/IW_dis2/disagree_discrep_IW/src/lib/utils.py:43: FutureWarning: You are using `torch.load` with `weights_only=False` (the current default value), which uses the default pickle module implicitly. It is possible to construct malicious pickle data which will execute arbitrary code during unpickling (See https://github.com/pytorch/pytorch/blob/main/SECURITY.md#untrusted-models for more details). In a future release, the default value for `weights_only` will be flipped to `True`. This limits the functions that could be executed during unpickling. Arbitrary objects will no longer be allowed to be loaded via this mode unless they are explicitly allowlisted by the user via `torch.serialization.add_safe_globals`. We recommend you start setting `weights_only=True` for any use case where you don't have full control of the loaded file. Please open an issue on GitHub for any issues related to this experimental feature.
  lin.load_state_dict(torch.load(os.path.join(shift_dir, 'linear.pth'), map_location=device))
/storage/homefs/tf24s166/IW_dis2/disagree_discrep_IW/src/lib/utils.py:43: FutureWarning: You are using `torch.load` with `weights_only=False` (the current default value), which uses the default pickle module implicitly. It is possible to construct malicious pickle data which will execute arbitrary code during unpickling (See https://github.com/pytorch/pytorch/blob/main/SECURITY.md#untrusted-models for more details). In a future release, the default value for `weights_only` will be flipped to `True`. This limits the functions that could be executed during unpickling. Arbitrary objects will no longer be allowed to be loaded via this mode unless they are explicitly allowlisted by the user via `torch.serialization.add_safe_globals`. We recommend you start setting `weights_only=True` for any use case where you don't have full control of the loaded file. Please open an issue on GitHub for any issues related to this experimental feature.
  lin.load_state_dict(torch.load(os.path.join(shift_dir, 'linear.pth'), map_location=device))
cifar10/71/FixMatch/logits iw_residual_dis2 W=5.0 accuracy=0.9520 prediction=0.9581 status=ok
cifar10/71/FixMatch/logits dis2_reference W=nan accuracy=0.9520 prediction=0.8782 status=ok
cifar10/95/FixMatch/logits iw_overlap_critic W=1.0 accuracy=0.9615 prediction=0.5776 status=ok
cifar10/95/FixMatch/logits iw_residual_dis2 W=1.0 accuracy=0.9615 prediction=0.9534 status=ok
cifar10/95/FixMatch/logits iw_overlap_critic W=2.0 accuracy=0.9615 prediction=0.9612 status=ok
cifar10/95/FixMatch/logits iw_residual_dis2 W=2.0 accuracy=0.9615 prediction=0.9612 status=ok
cifar10/95/FixMatch/logits iw_overlap_critic W=5.0 accuracy=0.9615 prediction=0.9612 status=ok
cifar10/95/FixMatch/logits iw_residual_dis2 W=5.0 accuracy=0.9615 prediction=0.9612 status=ok
cifar10/95/FixMatch/logits dis2_reference W=nan accuracy=0.9615 prediction=0.8790 status=ok
cifar100/4/ERM-aug-imagenet/logits iw_overlap_critic W=1.0 accuracy=0.7165 prediction=0.3935 status=ok
cifar100/4/ERM-aug-imagenet/logits iw_residual_dis2 W=1.0 accuracy=0.7165 prediction=0.6893 status=ok
cifar100/4/ERM-aug-imagenet/logits iw_overlap_critic W=2.0 accuracy=0.7165 prediction=0.5441 status=ok
cifar100/4/ERM-aug-imagenet/logits iw_residual_dis2 W=2.0 accuracy=0.7165 prediction=0.6964 status=ok
cifar100/4/ERM-aug-imagenet/logits iw_overlap_critic W=5.0 accuracy=0.7165 prediction=0.6669 status=ok
cifar100/4/ERM-aug-imagenet/logits iw_residual_dis2 W=5.0 accuracy=0.7165 prediction=0.7462 status=ok
cifar100/4/ERM-aug-imagenet/logits dis2_reference W=nan accuracy=0.7165 prediction=0.6074 status=ok
cifar100/12/ERM-aug-imagenet/logits iw_overlap_critic W=1.0 accuracy=0.7390 prediction=0.4559 status=ok
cifar100/12/ERM-aug-imagenet/logits iw_residual_dis2 W=1.0 accuracy=0.7390 prediction=0.6954 status=ok
cifar100/12/ERM-aug-imagenet/logits iw_overlap_critic W=2.0 accuracy=0.7390 prediction=0.6115 status=ok
cifar100/12/ERM-aug-imagenet/logits iw_residual_dis2 W=2.0 accuracy=0.7390 prediction=0.7438 status=ok
cifar100/12/ERM-aug-imagenet/logits iw_overlap_critic W=5.0 accuracy=0.7390 prediction=0.7631 status=ok
cifar100/12/ERM-aug-imagenet/logits iw_residual_dis2 W=5.0 accuracy=0.7390 prediction=0.7957 status=ok
cifar100/12/ERM-aug-imagenet/logits dis2_reference W=nan accuracy=0.7390 prediction=0.6166 status=ok
cifar100/59/ERM-aug-imagenet/logits iw_overlap_critic W=1.0 accuracy=0.7895 prediction=0.5417 status=ok
cifar100/59/ERM-aug-imagenet/logits iw_residual_dis2 W=1.0 accuracy=0.7895 prediction=0.8012 status=ok
cifar100/59/ERM-aug-imagenet/logits iw_overlap_critic W=2.0 accuracy=0.7895 prediction=0.7640 status=ok
cifar100/59/ERM-aug-imagenet/logits iw_residual_dis2 W=2.0 accuracy=0.7895 prediction=0.8054 status=ok
cifar100/59/ERM-aug-imagenet/logits iw_overlap_critic W=5.0 accuracy=0.7895 prediction=nan status=unsupported_critic_region
cifar100/59/ERM-aug-imagenet/logits iw_residual_dis2 W=5.0 accuracy=0.7895 prediction=nan status=unsupported_critic_region
cifar100/59/ERM-aug-imagenet/logits dis2_reference W=nan accuracy=0.7895 prediction=0.7198 status=ok
cifar100/82/ERM-aug-imagenet/logits iw_overlap_critic W=1.0 accuracy=0.7825 prediction=0.4817 status=ok
cifar100/82/ERM-aug-imagenet/logits iw_residual_dis2 W=1.0 accuracy=0.7825 prediction=0.7310 status=ok
cifar100/82/ERM-aug-imagenet/logits iw_overlap_critic W=2.0 accuracy=0.7825 prediction=0.6632 status=ok
cifar100/82/ERM-aug-imagenet/logits iw_residual_dis2 W=2.0 accuracy=0.7825 prediction=0.7627 status=ok
cifar100/82/ERM-aug-imagenet/logits iw_overlap_critic W=5.0 accuracy=0.7825 prediction=0.7969 status=ok
cifar100/82/ERM-aug-imagenet/logits iw_residual_dis2 W=5.0 accuracy=0.7825 prediction=0.8069 status=ok
cifar100/82/ERM-aug-imagenet/logits dis2_reference W=nan accuracy=0.7825 prediction=0.7002 status=ok
Missing features: cifar100/ERM-aug-rand/4; skipping.
Missing features: cifar100/ERM-aug-rand/12; skipping.
Missing features: cifar100/ERM-aug-rand/59; skipping.
Missing features: cifar100/ERM-aug-rand/82; skipping.
cifar100/4/BN_adapt/logits iw_overlap_critic W=1.0 accuracy=0.7345 prediction=0.3334 status=ok
cifar100/4/BN_adapt/logits iw_residual_dis2 W=1.0 accuracy=0.7345 prediction=0.6174 status=ok
cifar100/4/BN_adapt/logits iw_overlap_critic W=2.0 accuracy=0.7345 prediction=0.4810 status=ok
cifar100/4/BN_adapt/logits iw_residual_dis2 W=2.0 accuracy=0.7345 prediction=0.6396 status=ok
cifar100/4/BN_adapt/logits iw_overlap_critic W=5.0 accuracy=0.7345 prediction=0.6208 status=ok
cifar100/4/BN_adapt/logits iw_residual_dis2 W=5.0 accuracy=0.7345 prediction=0.7098 status=ok
cifar100/4/BN_adapt/logits dis2_reference W=nan accuracy=0.7345 prediction=0.5382 status=ok
cifar100/12/BN_adapt/logits iw_overlap_critic W=1.0 accuracy=0.7730 prediction=0.3519 status=ok
cifar100/12/BN_adapt/logits iw_residual_dis2 W=1.0 accuracy=0.7730 prediction=0.6417 status=ok
cifar100/12/BN_adapt/logits iw_overlap_critic W=2.0 accuracy=0.7730 prediction=0.5106 status=ok
cifar100/12/BN_adapt/logits iw_residual_dis2 W=2.0 accuracy=0.7730 prediction=0.6647 status=ok
cifar100/12/BN_adapt/logits iw_overlap_critic W=5.0 accuracy=0.7730 prediction=0.6419 status=ok
cifar100/12/BN_adapt/logits iw_residual_dis2 W=5.0 accuracy=0.7730 prediction=0.7425 status=ok
cifar100/12/BN_adapt/logits dis2_reference W=nan accuracy=0.7730 prediction=0.5602 status=ok
cifar100/59/BN_adapt/logits iw_overlap_critic W=1.0 accuracy=0.7775 prediction=0.3907 status=ok
cifar100/59/BN_adapt/logits iw_residual_dis2 W=1.0 accuracy=0.7775 prediction=0.7128 status=ok
cifar100/59/BN_adapt/logits iw_overlap_critic W=2.0 accuracy=0.7775 prediction=0.5282 status=ok
cifar100/59/BN_adapt/logits iw_residual_dis2 W=2.0 accuracy=0.7775 prediction=0.7157 status=ok
cifar100/59/BN_adapt/logits iw_overlap_critic W=5.0 accuracy=0.7775 prediction=0.6621 status=ok
cifar100/59/BN_adapt/logits iw_residual_dis2 W=5.0 accuracy=0.7775 prediction=0.7432 status=ok
cifar100/59/BN_adapt/logits dis2_reference W=nan accuracy=0.7775 prediction=0.6198 status=ok
cifar100/82/BN_adapt/logits iw_overlap_critic W=1.0 accuracy=0.7790 prediction=0.5100 status=ok
cifar100/82/BN_adapt/logits iw_residual_dis2 W=1.0 accuracy=0.7790 prediction=0.7727 status=ok
cifar100/82/BN_adapt/logits iw_overlap_critic W=2.0 accuracy=0.7790 prediction=0.7565 status=ok
cifar100/82/BN_adapt/logits iw_residual_dis2 W=2.0 accuracy=0.7790 prediction=0.7875 status=ok
cifar100/82/BN_adapt/logits iw_overlap_critic W=5.0 accuracy=0.7790 prediction=0.7953 status=ok
cifar100/82/BN_adapt/logits iw_residual_dis2 W=5.0 accuracy=0.7790 prediction=0.7953 status=ok
cifar100/82/BN_adapt/logits dis2_reference W=nan accuracy=0.7790 prediction=0.6914 status=ok
cifar100/4/DANN/logits iw_overlap_critic W=1.0 accuracy=0.7440 prediction=0.5218 status=ok
cifar100/4/DANN/logits iw_residual_dis2 W=1.0 accuracy=0.7440 prediction=0.7760 status=ok
cifar100/4/DANN/logits iw_overlap_critic W=2.0 accuracy=0.7440 prediction=0.7608 status=ok
cifar100/4/DANN/logits iw_residual_dis2 W=2.0 accuracy=0.7440 prediction=0.7608 status=ok
cifar100/4/DANN/logits iw_overlap_critic W=5.0 accuracy=0.7440 prediction=0.7608 status=ok
cifar100/4/DANN/logits iw_residual_dis2 W=5.0 accuracy=0.7440 prediction=0.7608 status=ok
cifar100/4/DANN/logits dis2_reference W=nan accuracy=0.7440 prediction=0.6830 status=ok
cifar100/12/DANN/logits iw_overlap_critic W=1.0 accuracy=0.7545 prediction=0.5643 status=ok
cifar100/12/DANN/logits iw_residual_dis2 W=1.0 accuracy=0.7545 prediction=0.7724 status=ok
cifar100/12/DANN/logits iw_overlap_critic W=2.0 accuracy=0.7545 prediction=0.7644 status=ok
cifar100/12/DANN/logits iw_residual_dis2 W=2.0 accuracy=0.7545 prediction=0.7644 status=ok
cifar100/12/DANN/logits iw_overlap_critic W=5.0 accuracy=0.7545 prediction=0.7644 status=ok
cifar100/12/DANN/logits iw_residual_dis2 W=5.0 accuracy=0.7545 prediction=0.7644 status=ok
cifar100/12/DANN/logits dis2_reference W=nan accuracy=0.7545 prediction=0.6978 status=ok
cifar100/59/DANN/logits iw_overlap_critic W=1.0 accuracy=0.7585 prediction=0.5415 status=ok
cifar100/59/DANN/logits iw_residual_dis2 W=1.0 accuracy=0.7585 prediction=0.7743 status=ok
cifar100/59/DANN/logits iw_overlap_critic W=2.0 accuracy=0.7585 prediction=0.7685 status=ok
/storage/homefs/tf24s166/IW_dis2/disagree_discrep_IW/src/lib/utils.py:43: FutureWarning: You are using `torch.load` with `weights_only=False` (the current default value), which uses the default pickle module implicitly. It is possible to construct malicious pickle data which will execute arbitrary code during unpickling (See https://github.com/pytorch/pytorch/blob/main/SECURITY.md#untrusted-models for more details). In a future release, the default value for `weights_only` will be flipped to `True`. This limits the functions that could be executed during unpickling. Arbitrary objects will no longer be allowed to be loaded via this mode unless they are explicitly allowlisted by the user via `torch.serialization.add_safe_globals`. We recommend you start setting `weights_only=True` for any use case where you don't have full control of the loaded file. Please open an issue on GitHub for any issues related to this experimental feature.
  lin.load_state_dict(torch.load(os.path.join(shift_dir, 'linear.pth'), map_location=device))
/storage/homefs/tf24s166/IW_dis2/disagree_discrep_IW/src/lib/utils.py:43: FutureWarning: You are using `torch.load` with `weights_only=False` (the current default value), which uses the default pickle module implicitly. It is possible to construct malicious pickle data which will execute arbitrary code during unpickling (See https://github.com/pytorch/pytorch/blob/main/SECURITY.md#untrusted-models for more details). In a future release, the default value for `weights_only` will be flipped to `True`. This limits the functions that could be executed during unpickling. Arbitrary objects will no longer be allowed to be loaded via this mode unless they are explicitly allowlisted by the user via `torch.serialization.add_safe_globals`. We recommend you start setting `weights_only=True` for any use case where you don't have full control of the loaded file. Please open an issue on GitHub for any issues related to this experimental feature.
  lin.load_state_dict(torch.load(os.path.join(shift_dir, 'linear.pth'), map_location=device))
/storage/homefs/tf24s166/IW_dis2/disagree_discrep_IW/src/lib/utils.py:43: FutureWarning: You are using `torch.load` with `weights_only=False` (the current default value), which uses the default pickle module implicitly. It is possible to construct malicious pickle data which will execute arbitrary code during unpickling (See https://github.com/pytorch/pytorch/blob/main/SECURITY.md#untrusted-models for more details). In a future release, the default value for `weights_only` will be flipped to `True`. This limits the functions that could be executed during unpickling. Arbitrary objects will no longer be allowed to be loaded via this mode unless they are explicitly allowlisted by the user via `torch.serialization.add_safe_globals`. We recommend you start setting `weights_only=True` for any use case where you don't have full control of the loaded file. Please open an issue on GitHub for any issues related to this experimental feature.
  lin.load_state_dict(torch.load(os.path.join(shift_dir, 'linear.pth'), map_location=device))
/storage/homefs/tf24s166/IW_dis2/disagree_discrep_IW/src/lib/utils.py:43: FutureWarning: You are using `torch.load` with `weights_only=False` (the current default value), which uses the default pickle module implicitly. It is possible to construct malicious pickle data which will execute arbitrary code during unpickling (See https://github.com/pytorch/pytorch/blob/main/SECURITY.md#untrusted-models for more details). In a future release, the default value for `weights_only` will be flipped to `True`. This limits the functions that could be executed during unpickling. Arbitrary objects will no longer be allowed to be loaded via this mode unless they are explicitly allowlisted by the user via `torch.serialization.add_safe_globals`. We recommend you start setting `weights_only=True` for any use case where you don't have full control of the loaded file. Please open an issue on GitHub for any issues related to this experimental feature.
  lin.load_state_dict(torch.load(os.path.join(shift_dir, 'linear.pth'), map_location=device))
/storage/homefs/tf24s166/IW_dis2/disagree_discrep_IW/src/lib/utils.py:43: FutureWarning: You are using `torch.load` with `weights_only=False` (the current default value), which uses the default pickle module implicitly. It is possible to construct malicious pickle data which will execute arbitrary code during unpickling (See https://github.com/pytorch/pytorch/blob/main/SECURITY.md#untrusted-models for more details). In a future release, the default value for `weights_only` will be flipped to `True`. This limits the functions that could be executed during unpickling. Arbitrary objects will no longer be allowed to be loaded via this mode unless they are explicitly allowlisted by the user via `torch.serialization.add_safe_globals`. We recommend you start setting `weights_only=True` for any use case where you don't have full control of the loaded file. Please open an issue on GitHub for any issues related to this experimental feature.
  lin.load_state_dict(torch.load(os.path.join(shift_dir, 'linear.pth'), map_location=device))
/storage/homefs/tf24s166/IW_dis2/disagree_discrep_IW/src/lib/utils.py:43: FutureWarning: You are using `torch.load` with `weights_only=False` (the current default value), which uses the default pickle module implicitly. It is possible to construct malicious pickle data which will execute arbitrary code during unpickling (See https://github.com/pytorch/pytorch/blob/main/SECURITY.md#untrusted-models for more details). In a future release, the default value for `weights_only` will be flipped to `True`. This limits the functions that could be executed during unpickling. Arbitrary objects will no longer be allowed to be loaded via this mode unless they are explicitly allowlisted by the user via `torch.serialization.add_safe_globals`. We recommend you start setting `weights_only=True` for any use case where you don't have full control of the loaded file. Please open an issue on GitHub for any issues related to this experimental feature.
  lin.load_state_dict(torch.load(os.path.join(shift_dir, 'linear.pth'), map_location=device))
/storage/homefs/tf24s166/IW_dis2/disagree_discrep_IW/src/lib/utils.py:43: FutureWarning: You are using `torch.load` with `weights_only=False` (the current default value), which uses the default pickle module implicitly. It is possible to construct malicious pickle data which will execute arbitrary code during unpickling (See https://github.com/pytorch/pytorch/blob/main/SECURITY.md#untrusted-models for more details). In a future release, the default value for `weights_only` will be flipped to `True`. This limits the functions that could be executed during unpickling. Arbitrary objects will no longer be allowed to be loaded via this mode unless they are explicitly allowlisted by the user via `torch.serialization.add_safe_globals`. We recommend you start setting `weights_only=True` for any use case where you don't have full control of the loaded file. Please open an issue on GitHub for any issues related to this experimental feature.
  lin.load_state_dict(torch.load(os.path.join(shift_dir, 'linear.pth'), map_location=device))
/storage/homefs/tf24s166/IW_dis2/disagree_discrep_IW/src/lib/utils.py:43: FutureWarning: You are using `torch.load` with `weights_only=False` (the current default value), which uses the default pickle module implicitly. It is possible to construct malicious pickle data which will execute arbitrary code during unpickling (See https://github.com/pytorch/pytorch/blob/main/SECURITY.md#untrusted-models for more details). In a future release, the default value for `weights_only` will be flipped to `True`. This limits the functions that could be executed during unpickling. Arbitrary objects will no longer be allowed to be loaded via this mode unless they are explicitly allowlisted by the user via `torch.serialization.add_safe_globals`. We recommend you start setting `weights_only=True` for any use case where you don't have full control of the loaded file. Please open an issue on GitHub for any issues related to this experimental feature.
  lin.load_state_dict(torch.load(os.path.join(shift_dir, 'linear.pth'), map_location=device))
/storage/homefs/tf24s166/IW_dis2/disagree_discrep_IW/src/lib/utils.py:43: FutureWarning: You are using `torch.load` with `weights_only=False` (the current default value), which uses the default pickle module implicitly. It is possible to construct malicious pickle data which will execute arbitrary code during unpickling (See https://github.com/pytorch/pytorch/blob/main/SECURITY.md#untrusted-models for more details). In a future release, the default value for `weights_only` will be flipped to `True`. This limits the functions that could be executed during unpickling. Arbitrary objects will no longer be allowed to be loaded via this mode unless they are explicitly allowlisted by the user via `torch.serialization.add_safe_globals`. We recommend you start setting `weights_only=True` for any use case where you don't have full control of the loaded file. Please open an issue on GitHub for any issues related to this experimental feature.
  lin.load_state_dict(torch.load(os.path.join(shift_dir, 'linear.pth'), map_location=device))
/storage/homefs/tf24s166/IW_dis2/disagree_discrep_IW/src/lib/utils.py:43: FutureWarning: You are using `torch.load` with `weights_only=False` (the current default value), which uses the default pickle module implicitly. It is possible to construct malicious pickle data which will execute arbitrary code during unpickling (See https://github.com/pytorch/pytorch/blob/main/SECURITY.md#untrusted-models for more details). In a future release, the default value for `weights_only` will be flipped to `True`. This limits the functions that could be executed during unpickling. Arbitrary objects will no longer be allowed to be loaded via this mode unless they are explicitly allowlisted by the user via `torch.serialization.add_safe_globals`. We recommend you start setting `weights_only=True` for any use case where you don't have full control of the loaded file. Please open an issue on GitHub for any issues related to this experimental feature.
  lin.load_state_dict(torch.load(os.path.join(shift_dir, 'linear.pth'), map_location=device))
/storage/homefs/tf24s166/IW_dis2/disagree_discrep_IW/src/lib/utils.py:43: FutureWarning: You are using `torch.load` with `weights_only=False` (the current default value), which uses the default pickle module implicitly. It is possible to construct malicious pickle data which will execute arbitrary code during unpickling (See https://github.com/pytorch/pytorch/blob/main/SECURITY.md#untrusted-models for more details). In a future release, the default value for `weights_only` will be flipped to `True`. This limits the functions that could be executed during unpickling. Arbitrary objects will no longer be allowed to be loaded via this mode unless they are explicitly allowlisted by the user via `torch.serialization.add_safe_globals`. We recommend you start setting `weights_only=True` for any use case where you don't have full control of the loaded file. Please open an issue on GitHub for any issues related to this experimental feature.
  lin.load_state_dict(torch.load(os.path.join(shift_dir, 'linear.pth'), map_location=device))
/storage/homefs/tf24s166/IW_dis2/disagree_discrep_IW/src/lib/utils.py:43: FutureWarning: You are using `torch.load` with `weights_only=False` (the current default value), which uses the default pickle module implicitly. It is possible to construct malicious pickle data which will execute arbitrary code during unpickling (See https://github.com/pytorch/pytorch/blob/main/SECURITY.md#untrusted-models for more details). In a future release, the default value for `weights_only` will be flipped to `True`. This limits the functions that could be executed during unpickling. Arbitrary objects will no longer be allowed to be loaded via this mode unless they are explicitly allowlisted by the user via `torch.serialization.add_safe_globals`. We recommend you start setting `weights_only=True` for any use case where you don't have full control of the loaded file. Please open an issue on GitHub for any issues related to this experimental feature.
  lin.load_state_dict(torch.load(os.path.join(shift_dir, 'linear.pth'), map_location=device))
cifar100/59/DANN/logits iw_residual_dis2 W=2.0 accuracy=0.7585 prediction=0.7685 status=ok
cifar100/59/DANN/logits iw_overlap_critic W=5.0 accuracy=0.7585 prediction=0.7668 status=ok
cifar100/59/DANN/logits iw_residual_dis2 W=5.0 accuracy=0.7585 prediction=0.7668 status=ok
cifar100/59/DANN/logits dis2_reference W=nan accuracy=0.7585 prediction=0.6662 status=ok
cifar100/82/DANN/logits iw_overlap_critic W=1.0 accuracy=0.7695 prediction=0.5872 status=ok
cifar100/82/DANN/logits iw_residual_dis2 W=1.0 accuracy=0.7695 prediction=0.8050 status=ok
cifar100/82/DANN/logits iw_overlap_critic W=2.0 accuracy=0.7695 prediction=0.7675 status=ok
cifar100/82/DANN/logits iw_residual_dis2 W=2.0 accuracy=0.7695 prediction=0.7675 status=ok
cifar100/82/DANN/logits iw_overlap_critic W=5.0 accuracy=0.7695 prediction=0.7675 status=ok
cifar100/82/DANN/logits iw_residual_dis2 W=5.0 accuracy=0.7695 prediction=0.7675 status=ok
cifar100/82/DANN/logits dis2_reference W=nan accuracy=0.7695 prediction=0.7086 status=ok
cifar100/4/CDANN/logits iw_overlap_critic W=1.0 accuracy=0.7275 prediction=0.4814 status=ok
cifar100/4/CDANN/logits iw_residual_dis2 W=1.0 accuracy=0.7275 prediction=0.7546 status=ok
cifar100/4/CDANN/logits iw_overlap_critic W=2.0 accuracy=0.7275 prediction=0.7666 status=ok
cifar100/4/CDANN/logits iw_residual_dis2 W=2.0 accuracy=0.7275 prediction=0.7666 status=ok
cifar100/4/CDANN/logits iw_overlap_critic W=5.0 accuracy=0.7275 prediction=0.7666 status=ok
cifar100/4/CDANN/logits iw_residual_dis2 W=5.0 accuracy=0.7275 prediction=0.7666 status=ok
cifar100/4/CDANN/logits dis2_reference W=nan accuracy=0.7275 prediction=0.6650 status=ok
cifar100/12/CDANN/logits iw_overlap_critic W=1.0 accuracy=0.7480 prediction=0.5773 status=ok
cifar100/12/CDANN/logits iw_residual_dis2 W=1.0 accuracy=0.7480 prediction=0.7909 status=ok
cifar100/12/CDANN/logits iw_overlap_critic W=2.0 accuracy=0.7480 prediction=nan status=unsupported_critic_region
cifar100/12/CDANN/logits iw_residual_dis2 W=2.0 accuracy=0.7480 prediction=nan status=unsupported_critic_region
cifar100/12/CDANN/logits iw_overlap_critic W=5.0 accuracy=0.7480 prediction=0.7723 status=ok
cifar100/12/CDANN/logits iw_residual_dis2 W=5.0 accuracy=0.7480 prediction=0.7723 status=ok
cifar100/12/CDANN/logits dis2_reference W=nan accuracy=0.7480 prediction=0.6658 status=ok
cifar100/59/CDANN/logits iw_overlap_critic W=1.0 accuracy=0.7580 prediction=0.5435 status=ok
cifar100/59/CDANN/logits iw_residual_dis2 W=1.0 accuracy=0.7580 prediction=0.7965 status=ok
cifar100/59/CDANN/logits iw_overlap_critic W=2.0 accuracy=0.7580 prediction=0.7722 status=ok
cifar100/59/CDANN/logits iw_residual_dis2 W=2.0 accuracy=0.7580 prediction=0.7748 status=ok
cifar100/59/CDANN/logits iw_overlap_critic W=5.0 accuracy=0.7580 prediction=0.7768 status=ok
cifar100/59/CDANN/logits iw_residual_dis2 W=5.0 accuracy=0.7580 prediction=0.7768 status=ok
cifar100/59/CDANN/logits dis2_reference W=nan accuracy=0.7580 prediction=0.6714 status=ok
cifar100/82/CDANN/logits iw_overlap_critic W=1.0 accuracy=0.7635 prediction=0.5129 status=ok
cifar100/82/CDANN/logits iw_residual_dis2 W=1.0 accuracy=0.7635 prediction=0.7589 status=ok
cifar100/82/CDANN/logits iw_overlap_critic W=2.0 accuracy=0.7635 prediction=0.7702 status=ok
cifar100/82/CDANN/logits iw_residual_dis2 W=2.0 accuracy=0.7635 prediction=0.7702 status=ok
cifar100/82/CDANN/logits iw_overlap_critic W=5.0 accuracy=0.7635 prediction=0.7702 status=ok
cifar100/82/CDANN/logits iw_residual_dis2 W=5.0 accuracy=0.7635 prediction=0.7702 status=ok
cifar100/82/CDANN/logits dis2_reference W=nan accuracy=0.7635 prediction=0.6934 status=ok
cifar100/4/FixMatch/logits iw_overlap_critic W=1.0 accuracy=0.7710 prediction=0.4623 status=ok
cifar100/4/FixMatch/logits iw_residual_dis2 W=1.0 accuracy=0.7710 prediction=0.7733 status=ok
cifar100/4/FixMatch/logits iw_overlap_critic W=2.0 accuracy=0.7710 prediction=0.6879 status=ok
cifar100/4/FixMatch/logits iw_residual_dis2 W=2.0 accuracy=0.7710 prediction=0.7673 status=ok
cifar100/4/FixMatch/logits iw_overlap_critic W=5.0 accuracy=0.7710 prediction=0.8105 status=ok
cifar100/4/FixMatch/logits iw_residual_dis2 W=5.0 accuracy=0.7710 prediction=0.8125 status=ok
cifar100/4/FixMatch/logits dis2_reference W=nan accuracy=0.7710 prediction=0.7054 status=ok
cifar100/12/FixMatch/logits iw_overlap_critic W=1.0 accuracy=0.7780 prediction=0.4483 status=ok
cifar100/12/FixMatch/logits iw_residual_dis2 W=1.0 accuracy=0.7780 prediction=0.7296 status=ok
cifar100/12/FixMatch/logits iw_overlap_critic W=2.0 accuracy=0.7780 prediction=0.6462 status=ok
cifar100/12/FixMatch/logits iw_residual_dis2 W=2.0 accuracy=0.7780 prediction=0.7632 status=ok
cifar100/12/FixMatch/logits iw_overlap_critic W=5.0 accuracy=0.7780 prediction=0.7933 status=ok
cifar100/12/FixMatch/logits iw_residual_dis2 W=5.0 accuracy=0.7780 prediction=0.8237 status=ok
cifar100/12/FixMatch/logits dis2_reference W=nan accuracy=0.7780 prediction=0.6822 status=ok
cifar100/59/FixMatch/logits iw_overlap_critic W=1.0 accuracy=0.7945 prediction=0.4944 status=ok
cifar100/59/FixMatch/logits iw_residual_dis2 W=1.0 accuracy=0.7945 prediction=0.7880 status=ok
cifar100/59/FixMatch/logits iw_overlap_critic W=2.0 accuracy=0.7945 prediction=0.7755 status=ok
cifar100/59/FixMatch/logits iw_residual_dis2 W=2.0 accuracy=0.7945 prediction=0.7971 status=ok
cifar100/59/FixMatch/logits iw_overlap_critic W=5.0 accuracy=0.7945 prediction=0.8060 status=ok
cifar100/59/FixMatch/logits iw_residual_dis2 W=5.0 accuracy=0.7945 prediction=0.8060 status=ok
cifar100/59/FixMatch/logits dis2_reference W=nan accuracy=0.7945 prediction=0.6970 status=ok
cifar100/82/FixMatch/logits iw_overlap_critic W=1.0 accuracy=0.8000 prediction=0.5176 status=ok
cifar100/82/FixMatch/logits iw_residual_dis2 W=1.0 accuracy=0.8000 prediction=0.7667 status=ok
cifar100/82/FixMatch/logits iw_overlap_critic W=2.0 accuracy=0.8000 prediction=0.8019 status=ok
cifar100/82/FixMatch/logits iw_residual_dis2 W=2.0 accuracy=0.8000 prediction=0.8069 status=ok
cifar100/82/FixMatch/logits iw_overlap_critic W=5.0 accuracy=0.8000 prediction=0.8059 status=ok
cifar100/82/FixMatch/logits iw_residual_dis2 W=5.0 accuracy=0.8000 prediction=0.8059 status=ok
cifar100/82/FixMatch/logits dis2_reference W=nan accuracy=0.8000 prediction=0.7282 status=ok
domainnet/1/ERM-aug-imagenet/logits iw_overlap_critic W=1.0 accuracy=0.4295 prediction=0.1528 status=ok
domainnet/1/ERM-aug-imagenet/logits iw_residual_dis2 W=1.0 accuracy=0.4295 prediction=0.5275 status=ok
domainnet/1/ERM-aug-imagenet/logits iw_overlap_critic W=2.0 accuracy=0.4295 prediction=0.2321 status=ok
domainnet/1/ERM-aug-imagenet/logits iw_residual_dis2 W=2.0 accuracy=0.4295 prediction=0.5461 status=ok
domainnet/1/ERM-aug-imagenet/logits iw_overlap_critic W=5.0 accuracy=0.4295 prediction=0.3414 status=ok
domainnet/1/ERM-aug-imagenet/logits iw_residual_dis2 W=5.0 accuracy=0.4295 prediction=0.6383 status=ok
domainnet/1/ERM-aug-imagenet/logits dis2_reference W=nan accuracy=0.4295 prediction=0.2467 status=ok
domainnet/2/ERM-aug-imagenet/logits iw_overlap_critic W=1.0 accuracy=0.3488 prediction=0.1338 status=ok
domainnet/2/ERM-aug-imagenet/logits iw_residual_dis2 W=1.0 accuracy=0.3488 prediction=0.4970 status=ok
domainnet/2/ERM-aug-imagenet/logits iw_overlap_critic W=2.0 accuracy=0.3488 prediction=0.1789 status=ok
domainnet/2/ERM-aug-imagenet/logits iw_residual_dis2 W=2.0 accuracy=0.3488 prediction=0.5245 status=ok
domainnet/2/ERM-aug-imagenet/logits iw_overlap_critic W=5.0 accuracy=0.3488 prediction=0.2544 status=ok
domainnet/2/ERM-aug-imagenet/logits iw_residual_dis2 W=5.0 accuracy=0.3488 prediction=0.5847 status=ok
domainnet/2/ERM-aug-imagenet/logits dis2_reference W=nan accuracy=0.3488 prediction=0.1975 status=ok
domainnet/3/ERM-aug-imagenet/logits iw_overlap_critic W=1.0 accuracy=0.4411 prediction=0.2363 status=ok
domainnet/3/ERM-aug-imagenet/logits iw_residual_dis2 W=1.0 accuracy=0.4411 prediction=0.5481 status=ok
domainnet/3/ERM-aug-imagenet/logits iw_overlap_critic W=2.0 accuracy=0.4411 prediction=0.3405 status=ok
domainnet/3/ERM-aug-imagenet/logits iw_residual_dis2 W=2.0 accuracy=0.4411 prediction=0.6022 status=ok
/storage/homefs/tf24s166/IW_dis2/disagree_discrep_IW/src/lib/utils.py:43: FutureWarning: You are using `torch.load` with `weights_only=False` (the current default value), which uses the default pickle module implicitly. It is possible to construct malicious pickle data which will execute arbitrary code during unpickling (See https://github.com/pytorch/pytorch/blob/main/SECURITY.md#untrusted-models for more details). In a future release, the default value for `weights_only` will be flipped to `True`. This limits the functions that could be executed during unpickling. Arbitrary objects will no longer be allowed to be loaded via this mode unless they are explicitly allowlisted by the user via `torch.serialization.add_safe_globals`. We recommend you start setting `weights_only=True` for any use case where you don't have full control of the loaded file. Please open an issue on GitHub for any issues related to this experimental feature.
  lin.load_state_dict(torch.load(os.path.join(shift_dir, 'linear.pth'), map_location=device))
/storage/homefs/tf24s166/IW_dis2/disagree_discrep_IW/src/lib/utils.py:43: FutureWarning: You are using `torch.load` with `weights_only=False` (the current default value), which uses the default pickle module implicitly. It is possible to construct malicious pickle data which will execute arbitrary code during unpickling (See https://github.com/pytorch/pytorch/blob/main/SECURITY.md#untrusted-models for more details). In a future release, the default value for `weights_only` will be flipped to `True`. This limits the functions that could be executed during unpickling. Arbitrary objects will no longer be allowed to be loaded via this mode unless they are explicitly allowlisted by the user via `torch.serialization.add_safe_globals`. We recommend you start setting `weights_only=True` for any use case where you don't have full control of the loaded file. Please open an issue on GitHub for any issues related to this experimental feature.
  lin.load_state_dict(torch.load(os.path.join(shift_dir, 'linear.pth'), map_location=device))
/storage/homefs/tf24s166/IW_dis2/disagree_discrep_IW/src/lib/utils.py:43: FutureWarning: You are using `torch.load` with `weights_only=False` (the current default value), which uses the default pickle module implicitly. It is possible to construct malicious pickle data which will execute arbitrary code during unpickling (See https://github.com/pytorch/pytorch/blob/main/SECURITY.md#untrusted-models for more details). In a future release, the default value for `weights_only` will be flipped to `True`. This limits the functions that could be executed during unpickling. Arbitrary objects will no longer be allowed to be loaded via this mode unless they are explicitly allowlisted by the user via `torch.serialization.add_safe_globals`. We recommend you start setting `weights_only=True` for any use case where you don't have full control of the loaded file. Please open an issue on GitHub for any issues related to this experimental feature.
  lin.load_state_dict(torch.load(os.path.join(shift_dir, 'linear.pth'), map_location=device))
/storage/homefs/tf24s166/IW_dis2/disagree_discrep_IW/src/lib/utils.py:43: FutureWarning: You are using `torch.load` with `weights_only=False` (the current default value), which uses the default pickle module implicitly. It is possible to construct malicious pickle data which will execute arbitrary code during unpickling (See https://github.com/pytorch/pytorch/blob/main/SECURITY.md#untrusted-models for more details). In a future release, the default value for `weights_only` will be flipped to `True`. This limits the functions that could be executed during unpickling. Arbitrary objects will no longer be allowed to be loaded via this mode unless they are explicitly allowlisted by the user via `torch.serialization.add_safe_globals`. We recommend you start setting `weights_only=True` for any use case where you don't have full control of the loaded file. Please open an issue on GitHub for any issues related to this experimental feature.
  lin.load_state_dict(torch.load(os.path.join(shift_dir, 'linear.pth'), map_location=device))
/storage/homefs/tf24s166/IW_dis2/disagree_discrep_IW/src/lib/utils.py:43: FutureWarning: You are using `torch.load` with `weights_only=False` (the current default value), which uses the default pickle module implicitly. It is possible to construct malicious pickle data which will execute arbitrary code during unpickling (See https://github.com/pytorch/pytorch/blob/main/SECURITY.md#untrusted-models for more details). In a future release, the default value for `weights_only` will be flipped to `True`. This limits the functions that could be executed during unpickling. Arbitrary objects will no longer be allowed to be loaded via this mode unless they are explicitly allowlisted by the user via `torch.serialization.add_safe_globals`. We recommend you start setting `weights_only=True` for any use case where you don't have full control of the loaded file. Please open an issue on GitHub for any issues related to this experimental feature.
  lin.load_state_dict(torch.load(os.path.join(shift_dir, 'linear.pth'), map_location=device))
/storage/homefs/tf24s166/IW_dis2/disagree_discrep_IW/src/lib/utils.py:43: FutureWarning: You are using `torch.load` with `weights_only=False` (the current default value), which uses the default pickle module implicitly. It is possible to construct malicious pickle data which will execute arbitrary code during unpickling (See https://github.com/pytorch/pytorch/blob/main/SECURITY.md#untrusted-models for more details). In a future release, the default value for `weights_only` will be flipped to `True`. This limits the functions that could be executed during unpickling. Arbitrary objects will no longer be allowed to be loaded via this mode unless they are explicitly allowlisted by the user via `torch.serialization.add_safe_globals`. We recommend you start setting `weights_only=True` for any use case where you don't have full control of the loaded file. Please open an issue on GitHub for any issues related to this experimental feature.
  lin.load_state_dict(torch.load(os.path.join(shift_dir, 'linear.pth'), map_location=device))
/storage/homefs/tf24s166/IW_dis2/disagree_discrep_IW/src/lib/utils.py:43: FutureWarning: You are using `torch.load` with `weights_only=False` (the current default value), which uses the default pickle module implicitly. It is possible to construct malicious pickle data which will execute arbitrary code during unpickling (See https://github.com/pytorch/pytorch/blob/main/SECURITY.md#untrusted-models for more details). In a future release, the default value for `weights_only` will be flipped to `True`. This limits the functions that could be executed during unpickling. Arbitrary objects will no longer be allowed to be loaded via this mode unless they are explicitly allowlisted by the user via `torch.serialization.add_safe_globals`. We recommend you start setting `weights_only=True` for any use case where you don't have full control of the loaded file. Please open an issue on GitHub for any issues related to this experimental feature.
  lin.load_state_dict(torch.load(os.path.join(shift_dir, 'linear.pth'), map_location=device))
/storage/homefs/tf24s166/IW_dis2/disagree_discrep_IW/src/lib/utils.py:43: FutureWarning: You are using `torch.load` with `weights_only=False` (the current default value), which uses the default pickle module implicitly. It is possible to construct malicious pickle data which will execute arbitrary code during unpickling (See https://github.com/pytorch/pytorch/blob/main/SECURITY.md#untrusted-models for more details). In a future release, the default value for `weights_only` will be flipped to `True`. This limits the functions that could be executed during unpickling. Arbitrary objects will no longer be allowed to be loaded via this mode unless they are explicitly allowlisted by the user via `torch.serialization.add_safe_globals`. We recommend you start setting `weights_only=True` for any use case where you don't have full control of the loaded file. Please open an issue on GitHub for any issues related to this experimental feature.
  lin.load_state_dict(torch.load(os.path.join(shift_dir, 'linear.pth'), map_location=device))
/storage/homefs/tf24s166/IW_dis2/disagree_discrep_IW/src/lib/utils.py:43: FutureWarning: You are using `torch.load` with `weights_only=False` (the current default value), which uses the default pickle module implicitly. It is possible to construct malicious pickle data which will execute arbitrary code during unpickling (See https://github.com/pytorch/pytorch/blob/main/SECURITY.md#untrusted-models for more details). In a future release, the default value for `weights_only` will be flipped to `True`. This limits the functions that could be executed during unpickling. Arbitrary objects will no longer be allowed to be loaded via this mode unless they are explicitly allowlisted by the user via `torch.serialization.add_safe_globals`. We recommend you start setting `weights_only=True` for any use case where you don't have full control of the loaded file. Please open an issue on GitHub for any issues related to this experimental feature.
  lin.load_state_dict(torch.load(os.path.join(shift_dir, 'linear.pth'), map_location=device))
/storage/homefs/tf24s166/IW_dis2/disagree_discrep_IW/src/lib/utils.py:43: FutureWarning: You are using `torch.load` with `weights_only=False` (the current default value), which uses the default pickle module implicitly. It is possible to construct malicious pickle data which will execute arbitrary code during unpickling (See https://github.com/pytorch/pytorch/blob/main/SECURITY.md#untrusted-models for more details). In a future release, the default value for `weights_only` will be flipped to `True`. This limits the functions that could be executed during unpickling. Arbitrary objects will no longer be allowed to be loaded via this mode unless they are explicitly allowlisted by the user via `torch.serialization.add_safe_globals`. We recommend you start setting `weights_only=True` for any use case where you don't have full control of the loaded file. Please open an issue on GitHub for any issues related to this experimental feature.
  lin.load_state_dict(torch.load(os.path.join(shift_dir, 'linear.pth'), map_location=device))
/storage/homefs/tf24s166/IW_dis2/disagree_discrep_IW/src/lib/utils.py:43: FutureWarning: You are using `torch.load` with `weights_only=False` (the current default value), which uses the default pickle module implicitly. It is possible to construct malicious pickle data which will execute arbitrary code during unpickling (See https://github.com/pytorch/pytorch/blob/main/SECURITY.md#untrusted-models for more details). In a future release, the default value for `weights_only` will be flipped to `True`. This limits the functions that could be executed during unpickling. Arbitrary objects will no longer be allowed to be loaded via this mode unless they are explicitly allowlisted by the user via `torch.serialization.add_safe_globals`. We recommend you start setting `weights_only=True` for any use case where you don't have full control of the loaded file. Please open an issue on GitHub for any issues related to this experimental feature.
  lin.load_state_dict(torch.load(os.path.join(shift_dir, 'linear.pth'), map_location=device))
/storage/homefs/tf24s166/IW_dis2/disagree_discrep_IW/src/lib/utils.py:43: FutureWarning: You are using `torch.load` with `weights_only=False` (the current default value), which uses the default pickle module implicitly. It is possible to construct malicious pickle data which will execute arbitrary code during unpickling (See https://github.com/pytorch/pytorch/blob/main/SECURITY.md#untrusted-models for more details). In a future release, the default value for `weights_only` will be flipped to `True`. This limits the functions that could be executed during unpickling. Arbitrary objects will no longer be allowed to be loaded via this mode unless they are explicitly allowlisted by the user via `torch.serialization.add_safe_globals`. We recommend you start setting `weights_only=True` for any use case where you don't have full control of the loaded file. Please open an issue on GitHub for any issues related to this experimental feature.
  lin.load_state_dict(torch.load(os.path.join(shift_dir, 'linear.pth'), map_location=device))
domainnet/3/ERM-aug-imagenet/logits iw_overlap_critic W=5.0 accuracy=0.4411 prediction=0.4912 status=ok
domainnet/3/ERM-aug-imagenet/logits iw_residual_dis2 W=5.0 accuracy=0.4411 prediction=0.6433 status=ok
domainnet/3/ERM-aug-imagenet/logits dis2_reference W=nan accuracy=0.4411 prediction=0.3087 status=ok
Missing features: domainnet/ERM-aug-rand/1; skipping.
Missing features: domainnet/ERM-aug-rand/2; skipping.
Missing features: domainnet/ERM-aug-rand/3; skipping.
domainnet/1/BN_adapt/logits iw_overlap_critic W=1.0 accuracy=0.4312 prediction=0.1700 status=ok
domainnet/1/BN_adapt/logits iw_residual_dis2 W=1.0 accuracy=0.4312 prediction=0.4835 status=ok
domainnet/1/BN_adapt/logits iw_overlap_critic W=2.0 accuracy=0.4312 prediction=0.2625 status=ok
domainnet/1/BN_adapt/logits iw_residual_dis2 W=2.0 accuracy=0.4312 prediction=0.5315 status=ok
domainnet/1/BN_adapt/logits iw_overlap_critic W=5.0 accuracy=0.4312 prediction=0.4098 status=ok
domainnet/1/BN_adapt/logits iw_residual_dis2 W=5.0 accuracy=0.4312 prediction=0.6020 status=ok
domainnet/1/BN_adapt/logits dis2_reference W=nan accuracy=0.4312 prediction=0.2179 status=ok
domainnet/2/BN_adapt/logits iw_overlap_critic W=1.0 accuracy=0.3594 prediction=0.1266 status=ok
domainnet/2/BN_adapt/logits iw_residual_dis2 W=1.0 accuracy=0.3594 prediction=0.4703 status=ok
domainnet/2/BN_adapt/logits iw_overlap_critic W=2.0 accuracy=0.3594 prediction=0.1691 status=ok
domainnet/2/BN_adapt/logits iw_residual_dis2 W=2.0 accuracy=0.3594 prediction=0.5004 status=ok
domainnet/2/BN_adapt/logits iw_overlap_critic W=5.0 accuracy=0.3594 prediction=0.2660 status=ok
domainnet/2/BN_adapt/logits iw_residual_dis2 W=5.0 accuracy=0.3594 prediction=0.5419 status=ok
domainnet/2/BN_adapt/logits dis2_reference W=nan accuracy=0.3594 prediction=0.1733 status=ok
domainnet/3/BN_adapt/logits iw_overlap_critic W=1.0 accuracy=0.4560 prediction=0.2518 status=ok
domainnet/3/BN_adapt/logits iw_residual_dis2 W=1.0 accuracy=0.4560 prediction=0.5427 status=ok
domainnet/3/BN_adapt/logits iw_overlap_critic W=2.0 accuracy=0.4560 prediction=0.3864 status=ok
domainnet/3/BN_adapt/logits iw_residual_dis2 W=2.0 accuracy=0.4560 prediction=0.5942 status=ok
domainnet/3/BN_adapt/logits iw_overlap_critic W=5.0 accuracy=0.4560 prediction=0.5451 status=ok
domainnet/3/BN_adapt/logits iw_residual_dis2 W=5.0 accuracy=0.4560 prediction=0.6644 status=ok
domainnet/3/BN_adapt/logits dis2_reference W=nan accuracy=0.4560 prediction=0.3155 status=ok
domainnet/1/DANN/logits iw_overlap_critic W=1.0 accuracy=0.4659 prediction=0.3691 status=ok
domainnet/1/DANN/logits iw_residual_dis2 W=1.0 accuracy=0.4659 prediction=0.6138 status=ok
domainnet/1/DANN/logits iw_overlap_critic W=2.0 accuracy=0.4659 prediction=0.6042 status=ok
domainnet/1/DANN/logits iw_residual_dis2 W=2.0 accuracy=0.4659 prediction=0.7058 status=ok
domainnet/1/DANN/logits iw_overlap_critic W=5.0 accuracy=0.4659 prediction=0.7667 status=ok
domainnet/1/DANN/logits iw_residual_dis2 W=5.0 accuracy=0.4659 prediction=0.7806 status=ok
domainnet/1/DANN/logits dis2_reference W=nan accuracy=0.4659 prediction=0.4420 status=ok
domainnet/2/DANN/logits iw_overlap_critic W=1.0 accuracy=0.3857 prediction=0.3499 status=ok
domainnet/2/DANN/logits iw_residual_dis2 W=1.0 accuracy=0.3857 prediction=0.6196 status=ok
domainnet/2/DANN/logits iw_overlap_critic W=2.0 accuracy=0.3857 prediction=0.5315 status=ok
domainnet/2/DANN/logits iw_residual_dis2 W=2.0 accuracy=0.3857 prediction=0.6736 status=ok
domainnet/2/DANN/logits iw_overlap_critic W=5.0 accuracy=0.3857 prediction=0.6981 status=ok
domainnet/2/DANN/logits iw_residual_dis2 W=5.0 accuracy=0.3857 prediction=0.7368 status=ok
domainnet/2/DANN/logits dis2_reference W=nan accuracy=0.3857 prediction=0.4220 status=ok
domainnet/3/DANN/logits iw_overlap_critic W=1.0 accuracy=0.4719 prediction=0.3819 status=ok
domainnet/3/DANN/logits iw_residual_dis2 W=1.0 accuracy=0.4719 prediction=0.6504 status=ok
domainnet/3/DANN/logits iw_overlap_critic W=2.0 accuracy=0.4719 prediction=0.6442 status=ok
domainnet/3/DANN/logits iw_residual_dis2 W=2.0 accuracy=0.4719 prediction=0.7509 status=ok
domainnet/3/DANN/logits iw_overlap_critic W=5.0 accuracy=0.4719 prediction=0.7670 status=ok
domainnet/3/DANN/logits iw_residual_dis2 W=5.0 accuracy=0.4719 prediction=0.7853 status=ok
domainnet/3/DANN/logits dis2_reference W=nan accuracy=0.4719 prediction=0.4531 status=ok
domainnet/1/CDANN/logits iw_overlap_critic W=1.0 accuracy=0.5121 prediction=0.3271 status=ok
domainnet/1/CDANN/logits iw_residual_dis2 W=1.0 accuracy=0.5121 prediction=0.5858 status=ok
domainnet/1/CDANN/logits iw_overlap_critic W=2.0 accuracy=0.5121 prediction=0.5147 status=ok
domainnet/1/CDANN/logits iw_residual_dis2 W=2.0 accuracy=0.5121 prediction=0.6724 status=ok
domainnet/1/CDANN/logits iw_overlap_critic W=5.0 accuracy=0.5121 prediction=0.6927 status=ok
domainnet/1/CDANN/logits iw_residual_dis2 W=5.0 accuracy=0.5121 prediction=0.7476 status=ok
domainnet/1/CDANN/logits dis2_reference W=nan accuracy=0.5121 prediction=0.4598 status=ok
domainnet/2/CDANN/logits iw_overlap_critic W=1.0 accuracy=0.4206 prediction=0.2912 status=ok
domainnet/2/CDANN/logits iw_residual_dis2 W=1.0 accuracy=0.4206 prediction=0.5748 status=ok
domainnet/2/CDANN/logits iw_overlap_critic W=2.0 accuracy=0.4206 prediction=0.4293 status=ok
domainnet/2/CDANN/logits iw_residual_dis2 W=2.0 accuracy=0.4206 prediction=0.6364 status=ok
domainnet/2/CDANN/logits iw_overlap_critic W=5.0 accuracy=0.4206 prediction=0.6174 status=ok
domainnet/2/CDANN/logits iw_residual_dis2 W=5.0 accuracy=0.4206 prediction=0.7232 status=ok
domainnet/2/CDANN/logits dis2_reference W=nan accuracy=0.4206 prediction=0.4502 status=ok
domainnet/3/CDANN/logits iw_overlap_critic W=1.0 accuracy=0.4937 prediction=0.3427 status=ok
domainnet/3/CDANN/logits iw_residual_dis2 W=1.0 accuracy=0.4937 prediction=0.6374 status=ok
domainnet/3/CDANN/logits iw_overlap_critic W=2.0 accuracy=0.4937 prediction=0.5213 status=ok
domainnet/3/CDANN/logits iw_residual_dis2 W=2.0 accuracy=0.4937 prediction=0.6935 status=ok
domainnet/3/CDANN/logits iw_overlap_critic W=5.0 accuracy=0.4937 prediction=0.7166 status=ok
domainnet/3/CDANN/logits iw_residual_dis2 W=5.0 accuracy=0.4937 prediction=0.7706 status=ok
domainnet/3/CDANN/logits dis2_reference W=nan accuracy=0.4937 prediction=0.4710 status=ok
domainnet/1/FixMatch/logits iw_overlap_critic W=1.0 accuracy=0.5799 prediction=0.1774 status=ok
domainnet/1/FixMatch/logits iw_residual_dis2 W=1.0 accuracy=0.5799 prediction=0.5449 status=ok
domainnet/1/FixMatch/logits iw_overlap_critic W=2.0 accuracy=0.5799 prediction=0.2860 status=ok
domainnet/1/FixMatch/logits iw_residual_dis2 W=2.0 accuracy=0.5799 prediction=0.6180 status=ok
domainnet/1/FixMatch/logits iw_overlap_critic W=5.0 accuracy=0.5799 prediction=0.4339 status=ok
domainnet/1/FixMatch/logits iw_residual_dis2 W=5.0 accuracy=0.5799 prediction=0.6543 status=ok
domainnet/1/FixMatch/logits dis2_reference W=nan accuracy=0.5799 prediction=0.3158 status=ok
domainnet/2/FixMatch/logits iw_overlap_critic W=1.0 accuracy=0.4798 prediction=0.1668 status=ok
domainnet/2/FixMatch/logits iw_residual_dis2 W=1.0 accuracy=0.4798 prediction=0.4896 status=ok
domainnet/2/FixMatch/logits iw_overlap_critic W=2.0 accuracy=0.4798 prediction=0.2527 status=ok
domainnet/2/FixMatch/logits iw_residual_dis2 W=2.0 accuracy=0.4798 prediction=0.5473 status=ok
domainnet/2/FixMatch/logits iw_overlap_critic W=5.0 accuracy=0.4798 prediction=0.3903 status=ok
domainnet/2/FixMatch/logits iw_residual_dis2 W=5.0 accuracy=0.4798 prediction=0.6522 status=ok
domainnet/2/FixMatch/logits dis2_reference W=nan accuracy=0.4798 prediction=0.2822 status=ok
domainnet/3/FixMatch/logits iw_overlap_critic W=1.0 accuracy=0.5336 prediction=0.2438 status=ok
domainnet/3/FixMatch/logits iw_residual_dis2 W=1.0 accuracy=0.5336 prediction=0.5551 status=ok
domainnet/3/FixMatch/logits iw_overlap_critic W=2.0 accuracy=0.5336 prediction=0.3630 status=ok
domainnet/3/FixMatch/logits iw_residual_dis2 W=2.0 accuracy=0.5336 prediction=0.6175 status=ok
domainnet/3/FixMatch/logits iw_overlap_critic W=5.0 accuracy=0.5336 prediction=0.5402 status=ok
/storage/homefs/tf24s166/IW_dis2/disagree_discrep_IW/src/lib/utils.py:43: FutureWarning: You are using `torch.load` with `weights_only=False` (the current default value), which uses the default pickle module implicitly. It is possible to construct malicious pickle data which will execute arbitrary code during unpickling (See https://github.com/pytorch/pytorch/blob/main/SECURITY.md#untrusted-models for more details). In a future release, the default value for `weights_only` will be flipped to `True`. This limits the functions that could be executed during unpickling. Arbitrary objects will no longer be allowed to be loaded via this mode unless they are explicitly allowlisted by the user via `torch.serialization.add_safe_globals`. We recommend you start setting `weights_only=True` for any use case where you don't have full control of the loaded file. Please open an issue on GitHub for any issues related to this experimental feature.
  lin.load_state_dict(torch.load(os.path.join(shift_dir, 'linear.pth'), map_location=device))
/storage/homefs/tf24s166/IW_dis2/disagree_discrep_IW/src/lib/utils.py:43: FutureWarning: You are using `torch.load` with `weights_only=False` (the current default value), which uses the default pickle module implicitly. It is possible to construct malicious pickle data which will execute arbitrary code during unpickling (See https://github.com/pytorch/pytorch/blob/main/SECURITY.md#untrusted-models for more details). In a future release, the default value for `weights_only` will be flipped to `True`. This limits the functions that could be executed during unpickling. Arbitrary objects will no longer be allowed to be loaded via this mode unless they are explicitly allowlisted by the user via `torch.serialization.add_safe_globals`. We recommend you start setting `weights_only=True` for any use case where you don't have full control of the loaded file. Please open an issue on GitHub for any issues related to this experimental feature.
  lin.load_state_dict(torch.load(os.path.join(shift_dir, 'linear.pth'), map_location=device))
/storage/homefs/tf24s166/IW_dis2/disagree_discrep_IW/src/lib/utils.py:43: FutureWarning: You are using `torch.load` with `weights_only=False` (the current default value), which uses the default pickle module implicitly. It is possible to construct malicious pickle data which will execute arbitrary code during unpickling (See https://github.com/pytorch/pytorch/blob/main/SECURITY.md#untrusted-models for more details). In a future release, the default value for `weights_only` will be flipped to `True`. This limits the functions that could be executed during unpickling. Arbitrary objects will no longer be allowed to be loaded via this mode unless they are explicitly allowlisted by the user via `torch.serialization.add_safe_globals`. We recommend you start setting `weights_only=True` for any use case where you don't have full control of the loaded file. Please open an issue on GitHub for any issues related to this experimental feature.
  lin.load_state_dict(torch.load(os.path.join(shift_dir, 'linear.pth'), map_location=device))
/storage/homefs/tf24s166/IW_dis2/disagree_discrep_IW/src/lib/utils.py:43: FutureWarning: You are using `torch.load` with `weights_only=False` (the current default value), which uses the default pickle module implicitly. It is possible to construct malicious pickle data which will execute arbitrary code during unpickling (See https://github.com/pytorch/pytorch/blob/main/SECURITY.md#untrusted-models for more details). In a future release, the default value for `weights_only` will be flipped to `True`. This limits the functions that could be executed during unpickling. Arbitrary objects will no longer be allowed to be loaded via this mode unless they are explicitly allowlisted by the user via `torch.serialization.add_safe_globals`. We recommend you start setting `weights_only=True` for any use case where you don't have full control of the loaded file. Please open an issue on GitHub for any issues related to this experimental feature.
  lin.load_state_dict(torch.load(os.path.join(shift_dir, 'linear.pth'), map_location=device))
/storage/homefs/tf24s166/IW_dis2/disagree_discrep_IW/src/lib/utils.py:43: FutureWarning: You are using `torch.load` with `weights_only=False` (the current default value), which uses the default pickle module implicitly. It is possible to construct malicious pickle data which will execute arbitrary code during unpickling (See https://github.com/pytorch/pytorch/blob/main/SECURITY.md#untrusted-models for more details). In a future release, the default value for `weights_only` will be flipped to `True`. This limits the functions that could be executed during unpickling. Arbitrary objects will no longer be allowed to be loaded via this mode unless they are explicitly allowlisted by the user via `torch.serialization.add_safe_globals`. We recommend you start setting `weights_only=True` for any use case where you don't have full control of the loaded file. Please open an issue on GitHub for any issues related to this experimental feature.
  lin.load_state_dict(torch.load(os.path.join(shift_dir, 'linear.pth'), map_location=device))
/storage/homefs/tf24s166/IW_dis2/disagree_discrep_IW/src/lib/utils.py:43: FutureWarning: You are using `torch.load` with `weights_only=False` (the current default value), which uses the default pickle module implicitly. It is possible to construct malicious pickle data which will execute arbitrary code during unpickling (See https://github.com/pytorch/pytorch/blob/main/SECURITY.md#untrusted-models for more details). In a future release, the default value for `weights_only` will be flipped to `True`. This limits the functions that could be executed during unpickling. Arbitrary objects will no longer be allowed to be loaded via this mode unless they are explicitly allowlisted by the user via `torch.serialization.add_safe_globals`. We recommend you start setting `weights_only=True` for any use case where you don't have full control of the loaded file. Please open an issue on GitHub for any issues related to this experimental feature.
  lin.load_state_dict(torch.load(os.path.join(shift_dir, 'linear.pth'), map_location=device))
/storage/homefs/tf24s166/IW_dis2/disagree_discrep_IW/src/lib/utils.py:43: FutureWarning: You are using `torch.load` with `weights_only=False` (the current default value), which uses the default pickle module implicitly. It is possible to construct malicious pickle data which will execute arbitrary code during unpickling (See https://github.com/pytorch/pytorch/blob/main/SECURITY.md#untrusted-models for more details). In a future release, the default value for `weights_only` will be flipped to `True`. This limits the functions that could be executed during unpickling. Arbitrary objects will no longer be allowed to be loaded via this mode unless they are explicitly allowlisted by the user via `torch.serialization.add_safe_globals`. We recommend you start setting `weights_only=True` for any use case where you don't have full control of the loaded file. Please open an issue on GitHub for any issues related to this experimental feature.
  lin.load_state_dict(torch.load(os.path.join(shift_dir, 'linear.pth'), map_location=device))
/storage/homefs/tf24s166/IW_dis2/disagree_discrep_IW/src/lib/utils.py:43: FutureWarning: You are using `torch.load` with `weights_only=False` (the current default value), which uses the default pickle module implicitly. It is possible to construct malicious pickle data which will execute arbitrary code during unpickling (See https://github.com/pytorch/pytorch/blob/main/SECURITY.md#untrusted-models for more details). In a future release, the default value for `weights_only` will be flipped to `True`. This limits the functions that could be executed during unpickling. Arbitrary objects will no longer be allowed to be loaded via this mode unless they are explicitly allowlisted by the user via `torch.serialization.add_safe_globals`. We recommend you start setting `weights_only=True` for any use case where you don't have full control of the loaded file. Please open an issue on GitHub for any issues related to this experimental feature.
  lin.load_state_dict(torch.load(os.path.join(shift_dir, 'linear.pth'), map_location=device))
/storage/homefs/tf24s166/IW_dis2/disagree_discrep_IW/src/lib/utils.py:43: FutureWarning: You are using `torch.load` with `weights_only=False` (the current default value), which uses the default pickle module implicitly. It is possible to construct malicious pickle data which will execute arbitrary code during unpickling (See https://github.com/pytorch/pytorch/blob/main/SECURITY.md#untrusted-models for more details). In a future release, the default value for `weights_only` will be flipped to `True`. This limits the functions that could be executed during unpickling. Arbitrary objects will no longer be allowed to be loaded via this mode unless they are explicitly allowlisted by the user via `torch.serialization.add_safe_globals`. We recommend you start setting `weights_only=True` for any use case where you don't have full control of the loaded file. Please open an issue on GitHub for any issues related to this experimental feature.
  lin.load_state_dict(torch.load(os.path.join(shift_dir, 'linear.pth'), map_location=device))
/storage/homefs/tf24s166/IW_dis2/disagree_discrep_IW/src/lib/utils.py:43: FutureWarning: You are using `torch.load` with `weights_only=False` (the current default value), which uses the default pickle module implicitly. It is possible to construct malicious pickle data which will execute arbitrary code during unpickling (See https://github.com/pytorch/pytorch/blob/main/SECURITY.md#untrusted-models for more details). In a future release, the default value for `weights_only` will be flipped to `True`. This limits the functions that could be executed during unpickling. Arbitrary objects will no longer be allowed to be loaded via this mode unless they are explicitly allowlisted by the user via `torch.serialization.add_safe_globals`. We recommend you start setting `weights_only=True` for any use case where you don't have full control of the loaded file. Please open an issue on GitHub for any issues related to this experimental feature.
  lin.load_state_dict(torch.load(os.path.join(shift_dir, 'linear.pth'), map_location=device))
/storage/homefs/tf24s166/IW_dis2/disagree_discrep_IW/src/lib/utils.py:43: FutureWarning: You are using `torch.load` with `weights_only=False` (the current default value), which uses the default pickle module implicitly. It is possible to construct malicious pickle data which will execute arbitrary code during unpickling (See https://github.com/pytorch/pytorch/blob/main/SECURITY.md#untrusted-models for more details). In a future release, the default value for `weights_only` will be flipped to `True`. This limits the functions that could be executed during unpickling. Arbitrary objects will no longer be allowed to be loaded via this mode unless they are explicitly allowlisted by the user via `torch.serialization.add_safe_globals`. We recommend you start setting `weights_only=True` for any use case where you don't have full control of the loaded file. Please open an issue on GitHub for any issues related to this experimental feature.
  lin.load_state_dict(torch.load(os.path.join(shift_dir, 'linear.pth'), map_location=device))
/storage/homefs/tf24s166/IW_dis2/disagree_discrep_IW/src/lib/utils.py:43: FutureWarning: You are using `torch.load` with `weights_only=False` (the current default value), which uses the default pickle module implicitly. It is possible to construct malicious pickle data which will execute arbitrary code during unpickling (See https://github.com/pytorch/pytorch/blob/main/SECURITY.md#untrusted-models for more details). In a future release, the default value for `weights_only` will be flipped to `True`. This limits the functions that could be executed during unpickling. Arbitrary objects will no longer be allowed to be loaded via this mode unless they are explicitly allowlisted by the user via `torch.serialization.add_safe_globals`. We recommend you start setting `weights_only=True` for any use case where you don't have full control of the loaded file. Please open an issue on GitHub for any issues related to this experimental feature.
  lin.load_state_dict(torch.load(os.path.join(shift_dir, 'linear.pth'), map_location=device))
domainnet/3/FixMatch/logits iw_residual_dis2 W=5.0 accuracy=0.5336 prediction=0.6654 status=ok
domainnet/3/FixMatch/logits dis2_reference W=nan accuracy=0.5336 prediction=0.3421 status=ok
Missing features: living17/ERM-aug-imagenet/1; skipping.
Missing features: living17/ERM-aug-imagenet/2; skipping.
Missing features: living17/ERM-aug-imagenet/3; skipping.
living17/1/ERM-aug-rand/logits iw_overlap_critic W=1.0 accuracy=0.5886 prediction=0.4634 status=ok
living17/1/ERM-aug-rand/logits iw_residual_dis2 W=1.0 accuracy=0.5886 prediction=0.8505 status=ok
living17/1/ERM-aug-rand/logits iw_overlap_critic W=2.0 accuracy=0.5886 prediction=0.8783 status=ok
living17/1/ERM-aug-rand/logits iw_residual_dis2 W=2.0 accuracy=0.5886 prediction=nan status=unsupported_critic_region
living17/1/ERM-aug-rand/logits iw_overlap_critic W=5.0 accuracy=0.5886 prediction=0.8801 status=ok
living17/1/ERM-aug-rand/logits iw_residual_dis2 W=5.0 accuracy=0.5886 prediction=0.8801 status=ok
living17/1/ERM-aug-rand/logits dis2_reference W=nan accuracy=0.5886 prediction=0.5802 status=ok
living17/2/ERM-aug-rand/logits iw_overlap_critic W=1.0 accuracy=0.8529 prediction=0.8579 status=ok
living17/2/ERM-aug-rand/logits iw_residual_dis2 W=1.0 accuracy=0.8529 prediction=0.9701 status=ok
living17/2/ERM-aug-rand/logits iw_overlap_critic W=2.0 accuracy=0.8529 prediction=0.8979 status=ok
living17/2/ERM-aug-rand/logits iw_residual_dis2 W=2.0 accuracy=0.8529 prediction=0.8979 status=ok
living17/2/ERM-aug-rand/logits iw_overlap_critic W=5.0 accuracy=0.8529 prediction=0.8979 status=ok
living17/2/ERM-aug-rand/logits iw_residual_dis2 W=5.0 accuracy=0.8529 prediction=0.8979 status=ok
living17/2/ERM-aug-rand/logits dis2_reference W=nan accuracy=0.8529 prediction=0.4679 status=ok
living17/3/ERM-aug-rand/logits iw_overlap_critic W=1.0 accuracy=0.5735 prediction=0.7796 status=ok
living17/3/ERM-aug-rand/logits iw_residual_dis2 W=1.0 accuracy=0.5735 prediction=0.9535 status=ok
living17/3/ERM-aug-rand/logits iw_overlap_critic W=2.0 accuracy=0.5735 prediction=0.8939 status=ok
living17/3/ERM-aug-rand/logits iw_residual_dis2 W=2.0 accuracy=0.5735 prediction=0.8939 status=ok
living17/3/ERM-aug-rand/logits iw_overlap_critic W=5.0 accuracy=0.5735 prediction=0.8939 status=ok
living17/3/ERM-aug-rand/logits iw_residual_dis2 W=5.0 accuracy=0.5735 prediction=0.8939 status=ok
living17/3/ERM-aug-rand/logits dis2_reference W=nan accuracy=0.5735 prediction=0.4114 status=ok
living17/1/BN_adapt/logits iw_overlap_critic W=1.0 accuracy=0.5883 prediction=0.4855 status=ok
living17/1/BN_adapt/logits iw_residual_dis2 W=1.0 accuracy=0.5883 prediction=0.8643 status=ok
living17/1/BN_adapt/logits iw_overlap_critic W=2.0 accuracy=0.5883 prediction=0.8799 status=ok
living17/1/BN_adapt/logits iw_residual_dis2 W=2.0 accuracy=0.5883 prediction=0.8799 status=ok
living17/1/BN_adapt/logits iw_overlap_critic W=5.0 accuracy=0.5883 prediction=0.8799 status=ok
living17/1/BN_adapt/logits iw_residual_dis2 W=5.0 accuracy=0.5883 prediction=0.8799 status=ok
living17/1/BN_adapt/logits dis2_reference W=nan accuracy=0.5883 prediction=0.5960 status=ok
living17/2/BN_adapt/logits iw_overlap_critic W=1.0 accuracy=0.8529 prediction=0.9042 status=ok
living17/2/BN_adapt/logits iw_residual_dis2 W=1.0 accuracy=0.8529 prediction=0.9752 status=ok
living17/2/BN_adapt/logits iw_overlap_critic W=2.0 accuracy=0.8529 prediction=0.8868 status=ok
living17/2/BN_adapt/logits iw_residual_dis2 W=2.0 accuracy=0.8529 prediction=0.8868 status=ok
living17/2/BN_adapt/logits iw_overlap_critic W=5.0 accuracy=0.8529 prediction=0.8868 status=ok
living17/2/BN_adapt/logits iw_residual_dis2 W=5.0 accuracy=0.8529 prediction=0.8868 status=ok
living17/2/BN_adapt/logits dis2_reference W=nan accuracy=0.8529 prediction=0.5181 status=ok
living17/3/BN_adapt/logits iw_overlap_critic W=1.0 accuracy=0.5588 prediction=0.7767 status=ok
living17/3/BN_adapt/logits iw_residual_dis2 W=1.0 accuracy=0.5588 prediction=0.9607 status=ok
living17/3/BN_adapt/logits iw_overlap_critic W=2.0 accuracy=0.5588 prediction=0.8955 status=ok
living17/3/BN_adapt/logits iw_residual_dis2 W=2.0 accuracy=0.5588 prediction=0.8955 status=ok
living17/3/BN_adapt/logits iw_overlap_critic W=5.0 accuracy=0.5588 prediction=0.8955 status=ok
living17/3/BN_adapt/logits iw_residual_dis2 W=5.0 accuracy=0.5588 prediction=0.8955 status=ok
living17/3/BN_adapt/logits dis2_reference W=nan accuracy=0.5588 prediction=0.4302 status=ok
living17/1/DANN/logits iw_overlap_critic W=1.0 accuracy=0.6758 prediction=0.5158 status=ok
living17/1/DANN/logits iw_residual_dis2 W=1.0 accuracy=0.6758 prediction=0.8452 status=ok
living17/1/DANN/logits iw_overlap_critic W=2.0 accuracy=0.6758 prediction=0.8656 status=ok
living17/1/DANN/logits iw_residual_dis2 W=2.0 accuracy=0.6758 prediction=0.8656 status=ok
living17/1/DANN/logits iw_overlap_critic W=5.0 accuracy=0.6758 prediction=0.8656 status=ok
living17/1/DANN/logits iw_residual_dis2 W=5.0 accuracy=0.6758 prediction=0.8656 status=ok
living17/1/DANN/logits dis2_reference W=nan accuracy=0.6758 prediction=0.6796 status=ok
living17/2/DANN/logits iw_overlap_critic W=1.0 accuracy=0.8971 prediction=0.8439 status=ok
living17/2/DANN/logits iw_residual_dis2 W=1.0 accuracy=0.8971 prediction=0.9157 status=ok
living17/2/DANN/logits iw_overlap_critic W=2.0 accuracy=0.8971 prediction=0.8847 status=ok
living17/2/DANN/logits iw_residual_dis2 W=2.0 accuracy=0.8971 prediction=0.8847 status=ok
living17/2/DANN/logits iw_overlap_critic W=5.0 accuracy=0.8971 prediction=0.8847 status=ok
living17/2/DANN/logits iw_residual_dis2 W=5.0 accuracy=0.8971 prediction=0.8847 status=ok
living17/2/DANN/logits dis2_reference W=nan accuracy=0.8971 prediction=0.5528 status=ok
living17/3/DANN/logits iw_overlap_critic W=1.0 accuracy=0.5882 prediction=0.7659 status=ok
living17/3/DANN/logits iw_residual_dis2 W=1.0 accuracy=0.5882 prediction=0.8832 status=ok
living17/3/DANN/logits iw_overlap_critic W=2.0 accuracy=0.5882 prediction=0.8977 status=ok
living17/3/DANN/logits iw_residual_dis2 W=2.0 accuracy=0.5882 prediction=0.8977 status=ok
living17/3/DANN/logits iw_overlap_critic W=5.0 accuracy=0.5882 prediction=0.8977 status=ok
living17/3/DANN/logits iw_residual_dis2 W=5.0 accuracy=0.5882 prediction=0.8977 status=ok
living17/3/DANN/logits dis2_reference W=nan accuracy=0.5882 prediction=0.5954 status=ok
living17/1/CDANN/logits iw_overlap_critic W=1.0 accuracy=0.6864 prediction=0.4788 status=ok
living17/1/CDANN/logits iw_residual_dis2 W=1.0 accuracy=0.6864 prediction=0.8544 status=ok
living17/1/CDANN/logits iw_overlap_critic W=2.0 accuracy=0.6864 prediction=0.8887 status=ok
living17/1/CDANN/logits iw_residual_dis2 W=2.0 accuracy=0.6864 prediction=0.8887 status=ok
living17/1/CDANN/logits iw_overlap_critic W=5.0 accuracy=0.6864 prediction=0.8887 status=ok
living17/1/CDANN/logits iw_residual_dis2 W=5.0 accuracy=0.6864 prediction=0.8887 status=ok
living17/1/CDANN/logits dis2_reference W=nan accuracy=0.6864 prediction=0.6508 status=ok
living17/2/CDANN/logits iw_overlap_critic W=1.0 accuracy=0.8676 prediction=0.8621 status=ok
living17/2/CDANN/logits iw_residual_dis2 W=1.0 accuracy=0.8676 prediction=0.9564 status=ok
living17/2/CDANN/logits iw_overlap_critic W=2.0 accuracy=0.8676 prediction=0.8934 status=ok
living17/2/CDANN/logits iw_residual_dis2 W=2.0 accuracy=0.8676 prediction=0.8934 status=ok
living17/2/CDANN/logits iw_overlap_critic W=5.0 accuracy=0.8676 prediction=0.8934 status=ok
living17/2/CDANN/logits iw_residual_dis2 W=5.0 accuracy=0.8676 prediction=0.8934 status=ok
living17/2/CDANN/logits dis2_reference W=nan accuracy=0.8676 prediction=0.3919 status=ok
living17/3/CDANN/logits iw_overlap_critic W=1.0 accuracy=0.5588 prediction=0.5870 status=ok
living17/3/CDANN/logits iw_residual_dis2 W=1.0 accuracy=0.5588 prediction=0.8428 status=ok
living17/3/CDANN/logits iw_overlap_critic W=2.0 accuracy=0.5588 prediction=0.8838 status=ok
living17/3/CDANN/logits iw_residual_dis2 W=2.0 accuracy=0.5588 prediction=0.8838 status=ok
living17/3/CDANN/logits iw_overlap_critic W=5.0 accuracy=0.5588 prediction=0.8838 status=ok
living17/3/CDANN/logits iw_residual_dis2 W=5.0 accuracy=0.5588 prediction=0.8838 status=ok
/storage/homefs/tf24s166/IW_dis2/disagree_discrep_IW/src/lib/utils.py:43: FutureWarning: You are using `torch.load` with `weights_only=False` (the current default value), which uses the default pickle module implicitly. It is possible to construct malicious pickle data which will execute arbitrary code during unpickling (See https://github.com/pytorch/pytorch/blob/main/SECURITY.md#untrusted-models for more details). In a future release, the default value for `weights_only` will be flipped to `True`. This limits the functions that could be executed during unpickling. Arbitrary objects will no longer be allowed to be loaded via this mode unless they are explicitly allowlisted by the user via `torch.serialization.add_safe_globals`. We recommend you start setting `weights_only=True` for any use case where you don't have full control of the loaded file. Please open an issue on GitHub for any issues related to this experimental feature.
  lin.load_state_dict(torch.load(os.path.join(shift_dir, 'linear.pth'), map_location=device))
/storage/homefs/tf24s166/IW_dis2/disagree_discrep_IW/src/lib/utils.py:43: FutureWarning: You are using `torch.load` with `weights_only=False` (the current default value), which uses the default pickle module implicitly. It is possible to construct malicious pickle data which will execute arbitrary code during unpickling (See https://github.com/pytorch/pytorch/blob/main/SECURITY.md#untrusted-models for more details). In a future release, the default value for `weights_only` will be flipped to `True`. This limits the functions that could be executed during unpickling. Arbitrary objects will no longer be allowed to be loaded via this mode unless they are explicitly allowlisted by the user via `torch.serialization.add_safe_globals`. We recommend you start setting `weights_only=True` for any use case where you don't have full control of the loaded file. Please open an issue on GitHub for any issues related to this experimental feature.
  lin.load_state_dict(torch.load(os.path.join(shift_dir, 'linear.pth'), map_location=device))
/storage/homefs/tf24s166/IW_dis2/disagree_discrep_IW/src/lib/utils.py:43: FutureWarning: You are using `torch.load` with `weights_only=False` (the current default value), which uses the default pickle module implicitly. It is possible to construct malicious pickle data which will execute arbitrary code during unpickling (See https://github.com/pytorch/pytorch/blob/main/SECURITY.md#untrusted-models for more details). In a future release, the default value for `weights_only` will be flipped to `True`. This limits the functions that could be executed during unpickling. Arbitrary objects will no longer be allowed to be loaded via this mode unless they are explicitly allowlisted by the user via `torch.serialization.add_safe_globals`. We recommend you start setting `weights_only=True` for any use case where you don't have full control of the loaded file. Please open an issue on GitHub for any issues related to this experimental feature.
  lin.load_state_dict(torch.load(os.path.join(shift_dir, 'linear.pth'), map_location=device))
/storage/homefs/tf24s166/IW_dis2/disagree_discrep_IW/src/lib/utils.py:43: FutureWarning: You are using `torch.load` with `weights_only=False` (the current default value), which uses the default pickle module implicitly. It is possible to construct malicious pickle data which will execute arbitrary code during unpickling (See https://github.com/pytorch/pytorch/blob/main/SECURITY.md#untrusted-models for more details). In a future release, the default value for `weights_only` will be flipped to `True`. This limits the functions that could be executed during unpickling. Arbitrary objects will no longer be allowed to be loaded via this mode unless they are explicitly allowlisted by the user via `torch.serialization.add_safe_globals`. We recommend you start setting `weights_only=True` for any use case where you don't have full control of the loaded file. Please open an issue on GitHub for any issues related to this experimental feature.
  lin.load_state_dict(torch.load(os.path.join(shift_dir, 'linear.pth'), map_location=device))
/storage/homefs/tf24s166/IW_dis2/disagree_discrep_IW/src/lib/utils.py:43: FutureWarning: You are using `torch.load` with `weights_only=False` (the current default value), which uses the default pickle module implicitly. It is possible to construct malicious pickle data which will execute arbitrary code during unpickling (See https://github.com/pytorch/pytorch/blob/main/SECURITY.md#untrusted-models for more details). In a future release, the default value for `weights_only` will be flipped to `True`. This limits the functions that could be executed during unpickling. Arbitrary objects will no longer be allowed to be loaded via this mode unless they are explicitly allowlisted by the user via `torch.serialization.add_safe_globals`. We recommend you start setting `weights_only=True` for any use case where you don't have full control of the loaded file. Please open an issue on GitHub for any issues related to this experimental feature.
  lin.load_state_dict(torch.load(os.path.join(shift_dir, 'linear.pth'), map_location=device))
/storage/homefs/tf24s166/IW_dis2/disagree_discrep_IW/src/lib/utils.py:43: FutureWarning: You are using `torch.load` with `weights_only=False` (the current default value), which uses the default pickle module implicitly. It is possible to construct malicious pickle data which will execute arbitrary code during unpickling (See https://github.com/pytorch/pytorch/blob/main/SECURITY.md#untrusted-models for more details). In a future release, the default value for `weights_only` will be flipped to `True`. This limits the functions that could be executed during unpickling. Arbitrary objects will no longer be allowed to be loaded via this mode unless they are explicitly allowlisted by the user via `torch.serialization.add_safe_globals`. We recommend you start setting `weights_only=True` for any use case where you don't have full control of the loaded file. Please open an issue on GitHub for any issues related to this experimental feature.
  lin.load_state_dict(torch.load(os.path.join(shift_dir, 'linear.pth'), map_location=device))
/storage/homefs/tf24s166/IW_dis2/disagree_discrep_IW/src/lib/utils.py:43: FutureWarning: You are using `torch.load` with `weights_only=False` (the current default value), which uses the default pickle module implicitly. It is possible to construct malicious pickle data which will execute arbitrary code during unpickling (See https://github.com/pytorch/pytorch/blob/main/SECURITY.md#untrusted-models for more details). In a future release, the default value for `weights_only` will be flipped to `True`. This limits the functions that could be executed during unpickling. Arbitrary objects will no longer be allowed to be loaded via this mode unless they are explicitly allowlisted by the user via `torch.serialization.add_safe_globals`. We recommend you start setting `weights_only=True` for any use case where you don't have full control of the loaded file. Please open an issue on GitHub for any issues related to this experimental feature.
  lin.load_state_dict(torch.load(os.path.join(shift_dir, 'linear.pth'), map_location=device))
/storage/homefs/tf24s166/IW_dis2/disagree_discrep_IW/src/lib/utils.py:43: FutureWarning: You are using `torch.load` with `weights_only=False` (the current default value), which uses the default pickle module implicitly. It is possible to construct malicious pickle data which will execute arbitrary code during unpickling (See https://github.com/pytorch/pytorch/blob/main/SECURITY.md#untrusted-models for more details). In a future release, the default value for `weights_only` will be flipped to `True`. This limits the functions that could be executed during unpickling. Arbitrary objects will no longer be allowed to be loaded via this mode unless they are explicitly allowlisted by the user via `torch.serialization.add_safe_globals`. We recommend you start setting `weights_only=True` for any use case where you don't have full control of the loaded file. Please open an issue on GitHub for any issues related to this experimental feature.
  lin.load_state_dict(torch.load(os.path.join(shift_dir, 'linear.pth'), map_location=device))
/storage/homefs/tf24s166/IW_dis2/disagree_discrep_IW/src/lib/utils.py:43: FutureWarning: You are using `torch.load` with `weights_only=False` (the current default value), which uses the default pickle module implicitly. It is possible to construct malicious pickle data which will execute arbitrary code during unpickling (See https://github.com/pytorch/pytorch/blob/main/SECURITY.md#untrusted-models for more details). In a future release, the default value for `weights_only` will be flipped to `True`. This limits the functions that could be executed during unpickling. Arbitrary objects will no longer be allowed to be loaded via this mode unless they are explicitly allowlisted by the user via `torch.serialization.add_safe_globals`. We recommend you start setting `weights_only=True` for any use case where you don't have full control of the loaded file. Please open an issue on GitHub for any issues related to this experimental feature.
  lin.load_state_dict(torch.load(os.path.join(shift_dir, 'linear.pth'), map_location=device))
/storage/homefs/tf24s166/IW_dis2/disagree_discrep_IW/src/lib/utils.py:43: FutureWarning: You are using `torch.load` with `weights_only=False` (the current default value), which uses the default pickle module implicitly. It is possible to construct malicious pickle data which will execute arbitrary code during unpickling (See https://github.com/pytorch/pytorch/blob/main/SECURITY.md#untrusted-models for more details). In a future release, the default value for `weights_only` will be flipped to `True`. This limits the functions that could be executed during unpickling. Arbitrary objects will no longer be allowed to be loaded via this mode unless they are explicitly allowlisted by the user via `torch.serialization.add_safe_globals`. We recommend you start setting `weights_only=True` for any use case where you don't have full control of the loaded file. Please open an issue on GitHub for any issues related to this experimental feature.
  lin.load_state_dict(torch.load(os.path.join(shift_dir, 'linear.pth'), map_location=device))
/storage/homefs/tf24s166/IW_dis2/disagree_discrep_IW/src/lib/utils.py:43: FutureWarning: You are using `torch.load` with `weights_only=False` (the current default value), which uses the default pickle module implicitly. It is possible to construct malicious pickle data which will execute arbitrary code during unpickling (See https://github.com/pytorch/pytorch/blob/main/SECURITY.md#untrusted-models for more details). In a future release, the default value for `weights_only` will be flipped to `True`. This limits the functions that could be executed during unpickling. Arbitrary objects will no longer be allowed to be loaded via this mode unless they are explicitly allowlisted by the user via `torch.serialization.add_safe_globals`. We recommend you start setting `weights_only=True` for any use case where you don't have full control of the loaded file. Please open an issue on GitHub for any issues related to this experimental feature.
  lin.load_state_dict(torch.load(os.path.join(shift_dir, 'linear.pth'), map_location=device))
/storage/homefs/tf24s166/IW_dis2/disagree_discrep_IW/src/lib/utils.py:43: FutureWarning: You are using `torch.load` with `weights_only=False` (the current default value), which uses the default pickle module implicitly. It is possible to construct malicious pickle data which will execute arbitrary code during unpickling (See https://github.com/pytorch/pytorch/blob/main/SECURITY.md#untrusted-models for more details). In a future release, the default value for `weights_only` will be flipped to `True`. This limits the functions that could be executed during unpickling. Arbitrary objects will no longer be allowed to be loaded via this mode unless they are explicitly allowlisted by the user via `torch.serialization.add_safe_globals`. We recommend you start setting `weights_only=True` for any use case where you don't have full control of the loaded file. Please open an issue on GitHub for any issues related to this experimental feature.
  lin.load_state_dict(torch.load(os.path.join(shift_dir, 'linear.pth'), map_location=device))
living17/3/CDANN/logits dis2_reference W=nan accuracy=0.5588 prediction=0.2970 status=ok
living17/1/FixMatch/logits iw_overlap_critic W=1.0 accuracy=0.7240 prediction=0.4886 status=ok
living17/1/FixMatch/logits iw_residual_dis2 W=1.0 accuracy=0.7240 prediction=0.8279 status=ok
living17/1/FixMatch/logits iw_overlap_critic W=2.0 accuracy=0.7240 prediction=0.8971 status=ok
living17/1/FixMatch/logits iw_residual_dis2 W=2.0 accuracy=0.7240 prediction=0.8971 status=ok
living17/1/FixMatch/logits iw_overlap_critic W=5.0 accuracy=0.7240 prediction=0.8971 status=ok
living17/1/FixMatch/logits iw_residual_dis2 W=5.0 accuracy=0.7240 prediction=0.8971 status=ok
living17/1/FixMatch/logits dis2_reference W=nan accuracy=0.7240 prediction=0.6556 status=ok
living17/2/FixMatch/logits iw_overlap_critic W=1.0 accuracy=0.8971 prediction=0.6404 status=ok
living17/2/FixMatch/logits iw_residual_dis2 W=1.0 accuracy=0.8971 prediction=0.9333 status=ok
living17/2/FixMatch/logits iw_overlap_critic W=2.0 accuracy=0.8971 prediction=0.8870 status=ok
living17/2/FixMatch/logits iw_residual_dis2 W=2.0 accuracy=0.8971 prediction=0.8870 status=ok
living17/2/FixMatch/logits iw_overlap_critic W=5.0 accuracy=0.8971 prediction=0.8870 status=ok
living17/2/FixMatch/logits iw_residual_dis2 W=5.0 accuracy=0.8971 prediction=0.8870 status=ok
living17/2/FixMatch/logits dis2_reference W=nan accuracy=0.8971 prediction=0.4649 status=ok
living17/3/FixMatch/logits iw_overlap_critic W=1.0 accuracy=0.5588 prediction=0.7868 status=ok
living17/3/FixMatch/logits iw_residual_dis2 W=1.0 accuracy=0.5588 prediction=0.8686 status=ok
living17/3/FixMatch/logits iw_overlap_critic W=2.0 accuracy=0.5588 prediction=nan status=unsupported_critic_region
living17/3/FixMatch/logits iw_residual_dis2 W=2.0 accuracy=0.5588 prediction=nan status=unsupported_critic_region
living17/3/FixMatch/logits iw_overlap_critic W=5.0 accuracy=0.5588 prediction=0.9025 status=ok
living17/3/FixMatch/logits iw_residual_dis2 W=5.0 accuracy=0.5588 prediction=0.9025 status=ok
living17/3/FixMatch/logits dis2_reference W=nan accuracy=0.5588 prediction=0.2984 status=ok
Missing features: nonliving26/ERM-aug-imagenet/1; skipping.
Missing features: nonliving26/ERM-aug-imagenet/2; skipping.
Missing features: nonliving26/ERM-aug-imagenet/3; skipping.
nonliving26/1/ERM-aug-rand/logits iw_overlap_critic W=1.0 accuracy=0.4511 prediction=0.4014 status=ok
nonliving26/1/ERM-aug-rand/logits iw_residual_dis2 W=1.0 accuracy=0.4511 prediction=0.6707 status=ok
nonliving26/1/ERM-aug-rand/logits iw_overlap_critic W=2.0 accuracy=0.4511 prediction=nan status=unsupported_critic_region
nonliving26/1/ERM-aug-rand/logits iw_residual_dis2 W=2.0 accuracy=0.4511 prediction=nan status=unsupported_critic_region
nonliving26/1/ERM-aug-rand/logits iw_overlap_critic W=5.0 accuracy=0.4511 prediction=0.8219 status=ok
nonliving26/1/ERM-aug-rand/logits iw_residual_dis2 W=5.0 accuracy=0.4511 prediction=0.8219 status=ok
nonliving26/1/ERM-aug-rand/logits dis2_reference W=nan accuracy=0.4511 prediction=0.4309 status=ok
nonliving26/2/ERM-aug-rand/logits iw_overlap_critic W=1.0 accuracy=0.7615 prediction=0.5234 status=ok
nonliving26/2/ERM-aug-rand/logits iw_residual_dis2 W=1.0 accuracy=0.7615 prediction=0.8461 status=ok
nonliving26/2/ERM-aug-rand/logits iw_overlap_critic W=2.0 accuracy=0.7615 prediction=0.8074 status=ok
nonliving26/2/ERM-aug-rand/logits iw_residual_dis2 W=2.0 accuracy=0.7615 prediction=0.8590 status=ok
nonliving26/2/ERM-aug-rand/logits iw_overlap_critic W=5.0 accuracy=0.7615 prediction=0.8289 status=ok
nonliving26/2/ERM-aug-rand/logits iw_residual_dis2 W=5.0 accuracy=0.7615 prediction=0.8289 status=ok
nonliving26/2/ERM-aug-rand/logits dis2_reference W=nan accuracy=0.7615 prediction=0.6891 status=ok
nonliving26/3/ERM-aug-rand/logits iw_overlap_critic W=1.0 accuracy=0.7365 prediction=0.4859 status=ok
nonliving26/3/ERM-aug-rand/logits iw_residual_dis2 W=1.0 accuracy=0.7365 prediction=0.7883 status=ok
nonliving26/3/ERM-aug-rand/logits iw_overlap_critic W=2.0 accuracy=0.7365 prediction=0.7836 status=ok
nonliving26/3/ERM-aug-rand/logits iw_residual_dis2 W=2.0 accuracy=0.7365 prediction=0.8740 status=ok
nonliving26/3/ERM-aug-rand/logits iw_overlap_critic W=5.0 accuracy=0.7365 prediction=nan status=unsupported_critic_region
nonliving26/3/ERM-aug-rand/logits iw_residual_dis2 W=5.0 accuracy=0.7365 prediction=nan status=unsupported_critic_region
nonliving26/3/ERM-aug-rand/logits dis2_reference W=nan accuracy=0.7365 prediction=0.6276 status=ok
nonliving26/1/BN_adapt/logits iw_overlap_critic W=1.0 accuracy=0.4389 prediction=0.3996 status=ok
nonliving26/1/BN_adapt/logits iw_residual_dis2 W=1.0 accuracy=0.4389 prediction=0.6704 status=ok
nonliving26/1/BN_adapt/logits iw_overlap_critic W=2.0 accuracy=0.4389 prediction=0.8055 status=ok
nonliving26/1/BN_adapt/logits iw_residual_dis2 W=2.0 accuracy=0.4389 prediction=0.8055 status=ok
nonliving26/1/BN_adapt/logits iw_overlap_critic W=5.0 accuracy=0.4389 prediction=0.8055 status=ok
nonliving26/1/BN_adapt/logits iw_residual_dis2 W=5.0 accuracy=0.4389 prediction=0.8055 status=ok
nonliving26/1/BN_adapt/logits dis2_reference W=nan accuracy=0.4389 prediction=0.4237 status=ok
nonliving26/2/BN_adapt/logits iw_overlap_critic W=1.0 accuracy=0.8173 prediction=0.7168 status=ok
nonliving26/2/BN_adapt/logits iw_residual_dis2 W=1.0 accuracy=0.8173 prediction=0.7520 status=ok
nonliving26/2/BN_adapt/logits iw_overlap_critic W=2.0 accuracy=0.8173 prediction=0.8130 status=ok
nonliving26/2/BN_adapt/logits iw_residual_dis2 W=2.0 accuracy=0.8173 prediction=0.8130 status=ok
nonliving26/2/BN_adapt/logits iw_overlap_critic W=5.0 accuracy=0.8173 prediction=0.8130 status=ok
nonliving26/2/BN_adapt/logits iw_residual_dis2 W=5.0 accuracy=0.8173 prediction=0.8130 status=ok
nonliving26/2/BN_adapt/logits dis2_reference W=nan accuracy=0.8173 prediction=0.5786 status=ok
nonliving26/3/BN_adapt/logits iw_overlap_critic W=1.0 accuracy=0.4519 prediction=0.6052 status=ok
nonliving26/3/BN_adapt/logits iw_residual_dis2 W=1.0 accuracy=0.4519 prediction=0.7288 status=ok
nonliving26/3/BN_adapt/logits iw_overlap_critic W=2.0 accuracy=0.4519 prediction=0.8131 status=ok
nonliving26/3/BN_adapt/logits iw_residual_dis2 W=2.0 accuracy=0.4519 prediction=0.8131 status=ok
nonliving26/3/BN_adapt/logits iw_overlap_critic W=5.0 accuracy=0.4519 prediction=0.8131 status=ok
nonliving26/3/BN_adapt/logits iw_residual_dis2 W=5.0 accuracy=0.4519 prediction=0.8131 status=ok
nonliving26/3/BN_adapt/logits dis2_reference W=nan accuracy=0.4519 prediction=0.3320 status=ok
nonliving26/1/DANN/logits iw_overlap_critic W=1.0 accuracy=0.5123 prediction=0.4133 status=ok
nonliving26/1/DANN/logits iw_residual_dis2 W=1.0 accuracy=0.5123 prediction=0.7525 status=ok
nonliving26/1/DANN/logits iw_overlap_critic W=2.0 accuracy=0.5123 prediction=0.8047 status=ok
nonliving26/1/DANN/logits iw_residual_dis2 W=2.0 accuracy=0.5123 prediction=0.8047 status=ok
nonliving26/1/DANN/logits iw_overlap_critic W=5.0 accuracy=0.5123 prediction=0.8047 status=ok
nonliving26/1/DANN/logits iw_residual_dis2 W=5.0 accuracy=0.5123 prediction=0.8047 status=ok
nonliving26/1/DANN/logits dis2_reference W=nan accuracy=0.5123 prediction=0.5805 status=ok
nonliving26/2/DANN/logits iw_overlap_critic W=1.0 accuracy=0.7500 prediction=0.7018 status=ok
nonliving26/2/DANN/logits iw_residual_dis2 W=1.0 accuracy=0.7500 prediction=0.7921 status=ok
nonliving26/2/DANN/logits iw_overlap_critic W=2.0 accuracy=0.7500 prediction=0.8307 status=ok
nonliving26/2/DANN/logits iw_residual_dis2 W=2.0 accuracy=0.7500 prediction=0.8307 status=ok
nonliving26/2/DANN/logits iw_overlap_critic W=5.0 accuracy=0.7500 prediction=0.8307 status=ok
nonliving26/2/DANN/logits iw_residual_dis2 W=5.0 accuracy=0.7500 prediction=0.8307 status=ok
nonliving26/2/DANN/logits dis2_reference W=nan accuracy=0.7500 prediction=0.4598 status=ok
nonliving26/3/DANN/logits iw_overlap_critic W=1.0 accuracy=0.4038 prediction=0.4610 status=ok
nonliving26/3/DANN/logits iw_residual_dis2 W=1.0 accuracy=0.4038 prediction=0.7397 status=ok
nonliving26/3/DANN/logits iw_overlap_critic W=2.0 accuracy=0.4038 prediction=0.8259 status=ok
/storage/homefs/tf24s166/IW_dis2/disagree_discrep_IW/src/lib/utils.py:43: FutureWarning: You are using `torch.load` with `weights_only=False` (the current default value), which uses the default pickle module implicitly. It is possible to construct malicious pickle data which will execute arbitrary code during unpickling (See https://github.com/pytorch/pytorch/blob/main/SECURITY.md#untrusted-models for more details). In a future release, the default value for `weights_only` will be flipped to `True`. This limits the functions that could be executed during unpickling. Arbitrary objects will no longer be allowed to be loaded via this mode unless they are explicitly allowlisted by the user via `torch.serialization.add_safe_globals`. We recommend you start setting `weights_only=True` for any use case where you don't have full control of the loaded file. Please open an issue on GitHub for any issues related to this experimental feature.
  lin.load_state_dict(torch.load(os.path.join(shift_dir, 'linear.pth'), map_location=device))
/storage/homefs/tf24s166/IW_dis2/disagree_discrep_IW/src/lib/utils.py:43: FutureWarning: You are using `torch.load` with `weights_only=False` (the current default value), which uses the default pickle module implicitly. It is possible to construct malicious pickle data which will execute arbitrary code during unpickling (See https://github.com/pytorch/pytorch/blob/main/SECURITY.md#untrusted-models for more details). In a future release, the default value for `weights_only` will be flipped to `True`. This limits the functions that could be executed during unpickling. Arbitrary objects will no longer be allowed to be loaded via this mode unless they are explicitly allowlisted by the user via `torch.serialization.add_safe_globals`. We recommend you start setting `weights_only=True` for any use case where you don't have full control of the loaded file. Please open an issue on GitHub for any issues related to this experimental feature.
  lin.load_state_dict(torch.load(os.path.join(shift_dir, 'linear.pth'), map_location=device))
/storage/homefs/tf24s166/IW_dis2/disagree_discrep_IW/src/lib/utils.py:43: FutureWarning: You are using `torch.load` with `weights_only=False` (the current default value), which uses the default pickle module implicitly. It is possible to construct malicious pickle data which will execute arbitrary code during unpickling (See https://github.com/pytorch/pytorch/blob/main/SECURITY.md#untrusted-models for more details). In a future release, the default value for `weights_only` will be flipped to `True`. This limits the functions that could be executed during unpickling. Arbitrary objects will no longer be allowed to be loaded via this mode unless they are explicitly allowlisted by the user via `torch.serialization.add_safe_globals`. We recommend you start setting `weights_only=True` for any use case where you don't have full control of the loaded file. Please open an issue on GitHub for any issues related to this experimental feature.
  lin.load_state_dict(torch.load(os.path.join(shift_dir, 'linear.pth'), map_location=device))
/storage/homefs/tf24s166/IW_dis2/disagree_discrep_IW/src/lib/utils.py:43: FutureWarning: You are using `torch.load` with `weights_only=False` (the current default value), which uses the default pickle module implicitly. It is possible to construct malicious pickle data which will execute arbitrary code during unpickling (See https://github.com/pytorch/pytorch/blob/main/SECURITY.md#untrusted-models for more details). In a future release, the default value for `weights_only` will be flipped to `True`. This limits the functions that could be executed during unpickling. Arbitrary objects will no longer be allowed to be loaded via this mode unless they are explicitly allowlisted by the user via `torch.serialization.add_safe_globals`. We recommend you start setting `weights_only=True` for any use case where you don't have full control of the loaded file. Please open an issue on GitHub for any issues related to this experimental feature.
  lin.load_state_dict(torch.load(os.path.join(shift_dir, 'linear.pth'), map_location=device))
/storage/homefs/tf24s166/IW_dis2/disagree_discrep_IW/src/lib/utils.py:43: FutureWarning: You are using `torch.load` with `weights_only=False` (the current default value), which uses the default pickle module implicitly. It is possible to construct malicious pickle data which will execute arbitrary code during unpickling (See https://github.com/pytorch/pytorch/blob/main/SECURITY.md#untrusted-models for more details). In a future release, the default value for `weights_only` will be flipped to `True`. This limits the functions that could be executed during unpickling. Arbitrary objects will no longer be allowed to be loaded via this mode unless they are explicitly allowlisted by the user via `torch.serialization.add_safe_globals`. We recommend you start setting `weights_only=True` for any use case where you don't have full control of the loaded file. Please open an issue on GitHub for any issues related to this experimental feature.
  lin.load_state_dict(torch.load(os.path.join(shift_dir, 'linear.pth'), map_location=device))
/storage/homefs/tf24s166/IW_dis2/disagree_discrep_IW/src/lib/utils.py:43: FutureWarning: You are using `torch.load` with `weights_only=False` (the current default value), which uses the default pickle module implicitly. It is possible to construct malicious pickle data which will execute arbitrary code during unpickling (See https://github.com/pytorch/pytorch/blob/main/SECURITY.md#untrusted-models for more details). In a future release, the default value for `weights_only` will be flipped to `True`. This limits the functions that could be executed during unpickling. Arbitrary objects will no longer be allowed to be loaded via this mode unless they are explicitly allowlisted by the user via `torch.serialization.add_safe_globals`. We recommend you start setting `weights_only=True` for any use case where you don't have full control of the loaded file. Please open an issue on GitHub for any issues related to this experimental feature.
  lin.load_state_dict(torch.load(os.path.join(shift_dir, 'linear.pth'), map_location=device))
/storage/homefs/tf24s166/IW_dis2/disagree_discrep_IW/src/lib/utils.py:43: FutureWarning: You are using `torch.load` with `weights_only=False` (the current default value), which uses the default pickle module implicitly. It is possible to construct malicious pickle data which will execute arbitrary code during unpickling (See https://github.com/pytorch/pytorch/blob/main/SECURITY.md#untrusted-models for more details). In a future release, the default value for `weights_only` will be flipped to `True`. This limits the functions that could be executed during unpickling. Arbitrary objects will no longer be allowed to be loaded via this mode unless they are explicitly allowlisted by the user via `torch.serialization.add_safe_globals`. We recommend you start setting `weights_only=True` for any use case where you don't have full control of the loaded file. Please open an issue on GitHub for any issues related to this experimental feature.
  lin.load_state_dict(torch.load(os.path.join(shift_dir, 'linear.pth'), map_location=device))
/storage/homefs/tf24s166/IW_dis2/disagree_discrep_IW/src/lib/utils.py:43: FutureWarning: You are using `torch.load` with `weights_only=False` (the current default value), which uses the default pickle module implicitly. It is possible to construct malicious pickle data which will execute arbitrary code during unpickling (See https://github.com/pytorch/pytorch/blob/main/SECURITY.md#untrusted-models for more details). In a future release, the default value for `weights_only` will be flipped to `True`. This limits the functions that could be executed during unpickling. Arbitrary objects will no longer be allowed to be loaded via this mode unless they are explicitly allowlisted by the user via `torch.serialization.add_safe_globals`. We recommend you start setting `weights_only=True` for any use case where you don't have full control of the loaded file. Please open an issue on GitHub for any issues related to this experimental feature.
  lin.load_state_dict(torch.load(os.path.join(shift_dir, 'linear.pth'), map_location=device))
/storage/homefs/tf24s166/IW_dis2/disagree_discrep_IW/src/lib/utils.py:43: FutureWarning: You are using `torch.load` with `weights_only=False` (the current default value), which uses the default pickle module implicitly. It is possible to construct malicious pickle data which will execute arbitrary code during unpickling (See https://github.com/pytorch/pytorch/blob/main/SECURITY.md#untrusted-models for more details). In a future release, the default value for `weights_only` will be flipped to `True`. This limits the functions that could be executed during unpickling. Arbitrary objects will no longer be allowed to be loaded via this mode unless they are explicitly allowlisted by the user via `torch.serialization.add_safe_globals`. We recommend you start setting `weights_only=True` for any use case where you don't have full control of the loaded file. Please open an issue on GitHub for any issues related to this experimental feature.
  lin.load_state_dict(torch.load(os.path.join(shift_dir, 'linear.pth'), map_location=device))
/storage/homefs/tf24s166/IW_dis2/disagree_discrep_IW/src/lib/utils.py:43: FutureWarning: You are using `torch.load` with `weights_only=False` (the current default value), which uses the default pickle module implicitly. It is possible to construct malicious pickle data which will execute arbitrary code during unpickling (See https://github.com/pytorch/pytorch/blob/main/SECURITY.md#untrusted-models for more details). In a future release, the default value for `weights_only` will be flipped to `True`. This limits the functions that could be executed during unpickling. Arbitrary objects will no longer be allowed to be loaded via this mode unless they are explicitly allowlisted by the user via `torch.serialization.add_safe_globals`. We recommend you start setting `weights_only=True` for any use case where you don't have full control of the loaded file. Please open an issue on GitHub for any issues related to this experimental feature.
  lin.load_state_dict(torch.load(os.path.join(shift_dir, 'linear.pth'), map_location=device))
/storage/homefs/tf24s166/IW_dis2/disagree_discrep_IW/src/lib/utils.py:43: FutureWarning: You are using `torch.load` with `weights_only=False` (the current default value), which uses the default pickle module implicitly. It is possible to construct malicious pickle data which will execute arbitrary code during unpickling (See https://github.com/pytorch/pytorch/blob/main/SECURITY.md#untrusted-models for more details). In a future release, the default value for `weights_only` will be flipped to `True`. This limits the functions that could be executed during unpickling. Arbitrary objects will no longer be allowed to be loaded via this mode unless they are explicitly allowlisted by the user via `torch.serialization.add_safe_globals`. We recommend you start setting `weights_only=True` for any use case where you don't have full control of the loaded file. Please open an issue on GitHub for any issues related to this experimental feature.
  lin.load_state_dict(torch.load(os.path.join(shift_dir, 'linear.pth'), map_location=device))
/storage/homefs/tf24s166/IW_dis2/disagree_discrep_IW/src/lib/utils.py:43: FutureWarning: You are using `torch.load` with `weights_only=False` (the current default value), which uses the default pickle module implicitly. It is possible to construct malicious pickle data which will execute arbitrary code during unpickling (See https://github.com/pytorch/pytorch/blob/main/SECURITY.md#untrusted-models for more details). In a future release, the default value for `weights_only` will be flipped to `True`. This limits the functions that could be executed during unpickling. Arbitrary objects will no longer be allowed to be loaded via this mode unless they are explicitly allowlisted by the user via `torch.serialization.add_safe_globals`. We recommend you start setting `weights_only=True` for any use case where you don't have full control of the loaded file. Please open an issue on GitHub for any issues related to this experimental feature.
  lin.load_state_dict(torch.load(os.path.join(shift_dir, 'linear.pth'), map_location=device))
nonliving26/3/DANN/logits iw_residual_dis2 W=2.0 accuracy=0.4038 prediction=0.8259 status=ok
nonliving26/3/DANN/logits iw_overlap_critic W=5.0 accuracy=0.4038 prediction=0.8259 status=ok
nonliving26/3/DANN/logits iw_residual_dis2 W=5.0 accuracy=0.4038 prediction=0.8259 status=ok
nonliving26/3/DANN/logits dis2_reference W=nan accuracy=0.4038 prediction=0.4470 status=ok
nonliving26/1/CDANN/logits iw_overlap_critic W=1.0 accuracy=0.5332 prediction=0.4648 status=ok
nonliving26/1/CDANN/logits iw_residual_dis2 W=1.0 accuracy=0.5332 prediction=0.7769 status=ok
nonliving26/1/CDANN/logits iw_overlap_critic W=2.0 accuracy=0.5332 prediction=0.8153 status=ok
nonliving26/1/CDANN/logits iw_residual_dis2 W=2.0 accuracy=0.5332 prediction=0.8153 status=ok
nonliving26/1/CDANN/logits iw_overlap_critic W=5.0 accuracy=0.5332 prediction=0.8153 status=ok
nonliving26/1/CDANN/logits iw_residual_dis2 W=5.0 accuracy=0.5332 prediction=0.8153 status=ok
nonliving26/1/CDANN/logits dis2_reference W=nan accuracy=0.5332 prediction=0.5879 status=ok
nonliving26/2/CDANN/logits iw_overlap_critic W=1.0 accuracy=0.7692 prediction=0.6603 status=ok
nonliving26/2/CDANN/logits iw_residual_dis2 W=1.0 accuracy=0.7692 prediction=0.7396 status=ok
nonliving26/2/CDANN/logits iw_overlap_critic W=2.0 accuracy=0.7692 prediction=0.8155 status=ok
nonliving26/2/CDANN/logits iw_residual_dis2 W=2.0 accuracy=0.7692 prediction=0.8155 status=ok
nonliving26/2/CDANN/logits iw_overlap_critic W=5.0 accuracy=0.7692 prediction=0.8155 status=ok
nonliving26/2/CDANN/logits iw_residual_dis2 W=5.0 accuracy=0.7692 prediction=0.8155 status=ok
nonliving26/2/CDANN/logits dis2_reference W=nan accuracy=0.7692 prediction=0.4699 status=ok
nonliving26/3/CDANN/logits iw_overlap_critic W=1.0 accuracy=0.4038 prediction=0.6395 status=ok
nonliving26/3/CDANN/logits iw_residual_dis2 W=1.0 accuracy=0.4038 prediction=0.7740 status=ok
nonliving26/3/CDANN/logits iw_overlap_critic W=2.0 accuracy=0.4038 prediction=0.8149 status=ok
nonliving26/3/CDANN/logits iw_residual_dis2 W=2.0 accuracy=0.4038 prediction=0.8149 status=ok
nonliving26/3/CDANN/logits iw_overlap_critic W=5.0 accuracy=0.4038 prediction=0.8149 status=ok
nonliving26/3/CDANN/logits iw_residual_dis2 W=5.0 accuracy=0.4038 prediction=0.8149 status=ok
nonliving26/3/CDANN/logits dis2_reference W=nan accuracy=0.4038 prediction=0.4058 status=ok
nonliving26/1/FixMatch/logits iw_overlap_critic W=1.0 accuracy=0.5623 prediction=0.3936 status=ok
nonliving26/1/FixMatch/logits iw_residual_dis2 W=1.0 accuracy=0.5623 prediction=0.6641 status=ok
nonliving26/1/FixMatch/logits iw_overlap_critic W=2.0 accuracy=0.5623 prediction=0.8061 status=ok
nonliving26/1/FixMatch/logits iw_residual_dis2 W=2.0 accuracy=0.5623 prediction=0.8061 status=ok
nonliving26/1/FixMatch/logits iw_overlap_critic W=5.0 accuracy=0.5623 prediction=0.8061 status=ok
nonliving26/1/FixMatch/logits iw_residual_dis2 W=5.0 accuracy=0.5623 prediction=0.8061 status=ok
nonliving26/1/FixMatch/logits dis2_reference W=nan accuracy=0.5623 prediction=0.4871 status=ok
nonliving26/2/FixMatch/logits iw_overlap_critic W=1.0 accuracy=0.7981 prediction=0.6200 status=ok
nonliving26/2/FixMatch/logits iw_residual_dis2 W=1.0 accuracy=0.7981 prediction=0.7066 status=ok
nonliving26/2/FixMatch/logits iw_overlap_critic W=2.0 accuracy=0.7981 prediction=0.8062 status=ok
nonliving26/2/FixMatch/logits iw_residual_dis2 W=2.0 accuracy=0.7981 prediction=0.8062 status=ok
nonliving26/2/FixMatch/logits iw_overlap_critic W=5.0 accuracy=0.7981 prediction=0.8062 status=ok
nonliving26/2/FixMatch/logits iw_residual_dis2 W=5.0 accuracy=0.7981 prediction=0.8062 status=ok
nonliving26/2/FixMatch/logits dis2_reference W=nan accuracy=0.7981 prediction=0.5137 status=ok
nonliving26/3/FixMatch/logits iw_overlap_critic W=1.0 accuracy=0.3942 prediction=0.5381 status=ok
nonliving26/3/FixMatch/logits iw_residual_dis2 W=1.0 accuracy=0.3942 prediction=0.7222 status=ok
nonliving26/3/FixMatch/logits iw_overlap_critic W=2.0 accuracy=0.3942 prediction=0.8145 status=ok
nonliving26/3/FixMatch/logits iw_residual_dis2 W=2.0 accuracy=0.3942 prediction=0.8145 status=ok
nonliving26/3/FixMatch/logits iw_overlap_critic W=5.0 accuracy=0.3942 prediction=0.8145 status=ok
nonliving26/3/FixMatch/logits iw_residual_dis2 W=5.0 accuracy=0.3942 prediction=0.8145 status=ok
nonliving26/3/FixMatch/logits dis2_reference W=nan accuracy=0.3942 prediction=0.4060 status=ok
fmow/1/ERM-aug-imagenet/logits iw_overlap_critic W=1.0 accuracy=0.6760 prediction=0.4012 status=ok
fmow/1/ERM-aug-imagenet/logits iw_residual_dis2 W=1.0 accuracy=0.6760 prediction=0.7688 status=ok
fmow/1/ERM-aug-imagenet/logits iw_overlap_critic W=2.0 accuracy=0.6760 prediction=0.7718 status=ok
fmow/1/ERM-aug-imagenet/logits iw_residual_dis2 W=2.0 accuracy=0.6760 prediction=0.7891 status=ok
fmow/1/ERM-aug-imagenet/logits iw_overlap_critic W=5.0 accuracy=0.6760 prediction=0.7852 status=ok
fmow/1/ERM-aug-imagenet/logits iw_residual_dis2 W=5.0 accuracy=0.6760 prediction=0.7852 status=ok
fmow/1/ERM-aug-imagenet/logits dis2_reference W=nan accuracy=0.6760 prediction=0.6538 status=ok
fmow/2/ERM-aug-imagenet/logits iw_overlap_critic W=1.0 accuracy=0.5967 prediction=0.4143 status=ok
fmow/2/ERM-aug-imagenet/logits iw_residual_dis2 W=1.0 accuracy=0.5967 prediction=0.7478 status=ok
fmow/2/ERM-aug-imagenet/logits iw_overlap_critic W=2.0 accuracy=0.5967 prediction=0.7363 status=ok
fmow/2/ERM-aug-imagenet/logits iw_residual_dis2 W=2.0 accuracy=0.5967 prediction=0.7805 status=ok
fmow/2/ERM-aug-imagenet/logits iw_overlap_critic W=5.0 accuracy=0.5967 prediction=0.7785 status=ok
fmow/2/ERM-aug-imagenet/logits iw_residual_dis2 W=5.0 accuracy=0.5967 prediction=nan status=unsupported_residual_source_region
fmow/2/ERM-aug-imagenet/logits dis2_reference W=nan accuracy=0.5967 prediction=0.6228 status=ok
Missing features: fmow/ERM-aug-rand/1; skipping.
Missing features: fmow/ERM-aug-rand/2; skipping.
fmow/1/BN_adapt/logits iw_overlap_critic W=1.0 accuracy=0.6439 prediction=0.3917 status=ok
fmow/1/BN_adapt/logits iw_residual_dis2 W=1.0 accuracy=0.6439 prediction=0.7397 status=ok
fmow/1/BN_adapt/logits iw_overlap_critic W=2.0 accuracy=0.6439 prediction=0.7490 status=ok
fmow/1/BN_adapt/logits iw_residual_dis2 W=2.0 accuracy=0.6439 prediction=0.7683 status=ok
fmow/1/BN_adapt/logits iw_overlap_critic W=5.0 accuracy=0.6439 prediction=nan status=unsupported_critic_region
fmow/1/BN_adapt/logits iw_residual_dis2 W=5.0 accuracy=0.6439 prediction=nan status=unsupported_residual_source_region
fmow/1/BN_adapt/logits dis2_reference W=nan accuracy=0.6439 prediction=0.6451 status=ok
fmow/2/BN_adapt/logits iw_overlap_critic W=1.0 accuracy=0.5662 prediction=0.4156 status=ok
fmow/2/BN_adapt/logits iw_residual_dis2 W=1.0 accuracy=0.5662 prediction=0.7337 status=ok
fmow/2/BN_adapt/logits iw_overlap_critic W=2.0 accuracy=0.5662 prediction=0.7033 status=ok
fmow/2/BN_adapt/logits iw_residual_dis2 W=2.0 accuracy=0.5662 prediction=0.7530 status=ok
fmow/2/BN_adapt/logits iw_overlap_critic W=5.0 accuracy=0.5662 prediction=0.7506 status=ok
fmow/2/BN_adapt/logits iw_residual_dis2 W=5.0 accuracy=0.5662 prediction=nan status=unsupported_residual_source_region
fmow/2/BN_adapt/logits dis2_reference W=nan accuracy=0.5662 prediction=0.6017 status=ok
fmow/1/DANN/logits iw_overlap_critic W=1.0 accuracy=0.6103 prediction=0.3224 status=ok
fmow/1/DANN/logits iw_residual_dis2 W=1.0 accuracy=0.6103 prediction=0.6151 status=ok
fmow/1/DANN/logits iw_overlap_critic W=2.0 accuracy=0.6103 prediction=nan status=unsupported_critic_region
fmow/1/DANN/logits iw_residual_dis2 W=2.0 accuracy=0.6103 prediction=nan status=unsupported_residual_source_region
fmow/1/DANN/logits iw_overlap_critic W=5.0 accuracy=0.6103 prediction=0.6523 status=ok
fmow/1/DANN/logits iw_residual_dis2 W=5.0 accuracy=0.6103 prediction=0.6523 status=ok
fmow/1/DANN/logits dis2_reference W=nan accuracy=0.6103 prediction=0.5399 status=ok
fmow/2/DANN/logits iw_overlap_critic W=1.0 accuracy=0.5483 prediction=0.3645 status=ok
fmow/2/DANN/logits iw_residual_dis2 W=1.0 accuracy=0.5483 prediction=0.6050 status=ok
fmow/2/DANN/logits iw_overlap_critic W=2.0 accuracy=0.5483 prediction=0.6287 status=ok
/storage/homefs/tf24s166/IW_dis2/disagree_discrep_IW/src/lib/utils.py:43: FutureWarning: You are using `torch.load` with `weights_only=False` (the current default value), which uses the default pickle module implicitly. It is possible to construct malicious pickle data which will execute arbitrary code during unpickling (See https://github.com/pytorch/pytorch/blob/main/SECURITY.md#untrusted-models for more details). In a future release, the default value for `weights_only` will be flipped to `True`. This limits the functions that could be executed during unpickling. Arbitrary objects will no longer be allowed to be loaded via this mode unless they are explicitly allowlisted by the user via `torch.serialization.add_safe_globals`. We recommend you start setting `weights_only=True` for any use case where you don't have full control of the loaded file. Please open an issue on GitHub for any issues related to this experimental feature.
  lin.load_state_dict(torch.load(os.path.join(shift_dir, 'linear.pth'), map_location=device))
/storage/homefs/tf24s166/IW_dis2/disagree_discrep_IW/src/lib/utils.py:43: FutureWarning: You are using `torch.load` with `weights_only=False` (the current default value), which uses the default pickle module implicitly. It is possible to construct malicious pickle data which will execute arbitrary code during unpickling (See https://github.com/pytorch/pytorch/blob/main/SECURITY.md#untrusted-models for more details). In a future release, the default value for `weights_only` will be flipped to `True`. This limits the functions that could be executed during unpickling. Arbitrary objects will no longer be allowed to be loaded via this mode unless they are explicitly allowlisted by the user via `torch.serialization.add_safe_globals`. We recommend you start setting `weights_only=True` for any use case where you don't have full control of the loaded file. Please open an issue on GitHub for any issues related to this experimental feature.
  lin.load_state_dict(torch.load(os.path.join(shift_dir, 'linear.pth'), map_location=device))
/storage/homefs/tf24s166/IW_dis2/disagree_discrep_IW/src/lib/utils.py:43: FutureWarning: You are using `torch.load` with `weights_only=False` (the current default value), which uses the default pickle module implicitly. It is possible to construct malicious pickle data which will execute arbitrary code during unpickling (See https://github.com/pytorch/pytorch/blob/main/SECURITY.md#untrusted-models for more details). In a future release, the default value for `weights_only` will be flipped to `True`. This limits the functions that could be executed during unpickling. Arbitrary objects will no longer be allowed to be loaded via this mode unless they are explicitly allowlisted by the user via `torch.serialization.add_safe_globals`. We recommend you start setting `weights_only=True` for any use case where you don't have full control of the loaded file. Please open an issue on GitHub for any issues related to this experimental feature.
  lin.load_state_dict(torch.load(os.path.join(shift_dir, 'linear.pth'), map_location=device))
/storage/homefs/tf24s166/IW_dis2/disagree_discrep_IW/src/lib/utils.py:43: FutureWarning: You are using `torch.load` with `weights_only=False` (the current default value), which uses the default pickle module implicitly. It is possible to construct malicious pickle data which will execute arbitrary code during unpickling (See https://github.com/pytorch/pytorch/blob/main/SECURITY.md#untrusted-models for more details). In a future release, the default value for `weights_only` will be flipped to `True`. This limits the functions that could be executed during unpickling. Arbitrary objects will no longer be allowed to be loaded via this mode unless they are explicitly allowlisted by the user via `torch.serialization.add_safe_globals`. We recommend you start setting `weights_only=True` for any use case where you don't have full control of the loaded file. Please open an issue on GitHub for any issues related to this experimental feature.
  lin.load_state_dict(torch.load(os.path.join(shift_dir, 'linear.pth'), map_location=device))
/storage/homefs/tf24s166/IW_dis2/disagree_discrep_IW/src/lib/utils.py:43: FutureWarning: You are using `torch.load` with `weights_only=False` (the current default value), which uses the default pickle module implicitly. It is possible to construct malicious pickle data which will execute arbitrary code during unpickling (See https://github.com/pytorch/pytorch/blob/main/SECURITY.md#untrusted-models for more details). In a future release, the default value for `weights_only` will be flipped to `True`. This limits the functions that could be executed during unpickling. Arbitrary objects will no longer be allowed to be loaded via this mode unless they are explicitly allowlisted by the user via `torch.serialization.add_safe_globals`. We recommend you start setting `weights_only=True` for any use case where you don't have full control of the loaded file. Please open an issue on GitHub for any issues related to this experimental feature.
  lin.load_state_dict(torch.load(os.path.join(shift_dir, 'linear.pth'), map_location=device))
/storage/homefs/tf24s166/IW_dis2/disagree_discrep_IW/src/lib/utils.py:43: FutureWarning: You are using `torch.load` with `weights_only=False` (the current default value), which uses the default pickle module implicitly. It is possible to construct malicious pickle data which will execute arbitrary code during unpickling (See https://github.com/pytorch/pytorch/blob/main/SECURITY.md#untrusted-models for more details). In a future release, the default value for `weights_only` will be flipped to `True`. This limits the functions that could be executed during unpickling. Arbitrary objects will no longer be allowed to be loaded via this mode unless they are explicitly allowlisted by the user via `torch.serialization.add_safe_globals`. We recommend you start setting `weights_only=True` for any use case where you don't have full control of the loaded file. Please open an issue on GitHub for any issues related to this experimental feature.
  lin.load_state_dict(torch.load(os.path.join(shift_dir, 'linear.pth'), map_location=device))
/storage/homefs/tf24s166/IW_dis2/disagree_discrep_IW/src/lib/utils.py:43: FutureWarning: You are using `torch.load` with `weights_only=False` (the current default value), which uses the default pickle module implicitly. It is possible to construct malicious pickle data which will execute arbitrary code during unpickling (See https://github.com/pytorch/pytorch/blob/main/SECURITY.md#untrusted-models for more details). In a future release, the default value for `weights_only` will be flipped to `True`. This limits the functions that could be executed during unpickling. Arbitrary objects will no longer be allowed to be loaded via this mode unless they are explicitly allowlisted by the user via `torch.serialization.add_safe_globals`. We recommend you start setting `weights_only=True` for any use case where you don't have full control of the loaded file. Please open an issue on GitHub for any issues related to this experimental feature.
  lin.load_state_dict(torch.load(os.path.join(shift_dir, 'linear.pth'), map_location=device))
/storage/homefs/tf24s166/IW_dis2/disagree_discrep_IW/src/lib/utils.py:43: FutureWarning: You are using `torch.load` with `weights_only=False` (the current default value), which uses the default pickle module implicitly. It is possible to construct malicious pickle data which will execute arbitrary code during unpickling (See https://github.com/pytorch/pytorch/blob/main/SECURITY.md#untrusted-models for more details). In a future release, the default value for `weights_only` will be flipped to `True`. This limits the functions that could be executed during unpickling. Arbitrary objects will no longer be allowed to be loaded via this mode unless they are explicitly allowlisted by the user via `torch.serialization.add_safe_globals`. We recommend you start setting `weights_only=True` for any use case where you don't have full control of the loaded file. Please open an issue on GitHub for any issues related to this experimental feature.
  lin.load_state_dict(torch.load(os.path.join(shift_dir, 'linear.pth'), map_location=device))
/storage/homefs/tf24s166/IW_dis2/disagree_discrep_IW/src/lib/utils.py:43: FutureWarning: You are using `torch.load` with `weights_only=False` (the current default value), which uses the default pickle module implicitly. It is possible to construct malicious pickle data which will execute arbitrary code during unpickling (See https://github.com/pytorch/pytorch/blob/main/SECURITY.md#untrusted-models for more details). In a future release, the default value for `weights_only` will be flipped to `True`. This limits the functions that could be executed during unpickling. Arbitrary objects will no longer be allowed to be loaded via this mode unless they are explicitly allowlisted by the user via `torch.serialization.add_safe_globals`. We recommend you start setting `weights_only=True` for any use case where you don't have full control of the loaded file. Please open an issue on GitHub for any issues related to this experimental feature.
  lin.load_state_dict(torch.load(os.path.join(shift_dir, 'linear.pth'), map_location=device))
/storage/homefs/tf24s166/IW_dis2/disagree_discrep_IW/src/lib/utils.py:43: FutureWarning: You are using `torch.load` with `weights_only=False` (the current default value), which uses the default pickle module implicitly. It is possible to construct malicious pickle data which will execute arbitrary code during unpickling (See https://github.com/pytorch/pytorch/blob/main/SECURITY.md#untrusted-models for more details). In a future release, the default value for `weights_only` will be flipped to `True`. This limits the functions that could be executed during unpickling. Arbitrary objects will no longer be allowed to be loaded via this mode unless they are explicitly allowlisted by the user via `torch.serialization.add_safe_globals`. We recommend you start setting `weights_only=True` for any use case where you don't have full control of the loaded file. Please open an issue on GitHub for any issues related to this experimental feature.
  lin.load_state_dict(torch.load(os.path.join(shift_dir, 'linear.pth'), map_location=device))
/storage/homefs/tf24s166/IW_dis2/disagree_discrep_IW/src/lib/utils.py:43: FutureWarning: You are using `torch.load` with `weights_only=False` (the current default value), which uses the default pickle module implicitly. It is possible to construct malicious pickle data which will execute arbitrary code during unpickling (See https://github.com/pytorch/pytorch/blob/main/SECURITY.md#untrusted-models for more details). In a future release, the default value for `weights_only` will be flipped to `True`. This limits the functions that could be executed during unpickling. Arbitrary objects will no longer be allowed to be loaded via this mode unless they are explicitly allowlisted by the user via `torch.serialization.add_safe_globals`. We recommend you start setting `weights_only=True` for any use case where you don't have full control of the loaded file. Please open an issue on GitHub for any issues related to this experimental feature.
  lin.load_state_dict(torch.load(os.path.join(shift_dir, 'linear.pth'), map_location=device))
/storage/homefs/tf24s166/IW_dis2/disagree_discrep_IW/src/lib/utils.py:43: FutureWarning: You are using `torch.load` with `weights_only=False` (the current default value), which uses the default pickle module implicitly. It is possible to construct malicious pickle data which will execute arbitrary code during unpickling (See https://github.com/pytorch/pytorch/blob/main/SECURITY.md#untrusted-models for more details). In a future release, the default value for `weights_only` will be flipped to `True`. This limits the functions that could be executed during unpickling. Arbitrary objects will no longer be allowed to be loaded via this mode unless they are explicitly allowlisted by the user via `torch.serialization.add_safe_globals`. We recommend you start setting `weights_only=True` for any use case where you don't have full control of the loaded file. Please open an issue on GitHub for any issues related to this experimental feature.
  lin.load_state_dict(torch.load(os.path.join(shift_dir, 'linear.pth'), map_location=device))
fmow/2/DANN/logits iw_residual_dis2 W=2.0 accuracy=0.5483 prediction=0.6327 status=ok
fmow/2/DANN/logits iw_overlap_critic W=5.0 accuracy=0.5483 prediction=0.6327 status=ok
fmow/2/DANN/logits iw_residual_dis2 W=5.0 accuracy=0.5483 prediction=0.6327 status=ok
fmow/2/DANN/logits dis2_reference W=nan accuracy=0.5483 prediction=0.5251 status=ok
fmow/1/CDANN/logits iw_overlap_critic W=1.0 accuracy=0.6056 prediction=0.3151 status=ok
fmow/1/CDANN/logits iw_residual_dis2 W=1.0 accuracy=0.6056 prediction=0.6307 status=ok
fmow/1/CDANN/logits iw_overlap_critic W=2.0 accuracy=0.6056 prediction=0.6574 status=ok
fmow/1/CDANN/logits iw_residual_dis2 W=2.0 accuracy=0.6056 prediction=0.6574 status=ok
fmow/1/CDANN/logits iw_overlap_critic W=5.0 accuracy=0.6056 prediction=0.6574 status=ok
fmow/1/CDANN/logits iw_residual_dis2 W=5.0 accuracy=0.6056 prediction=0.6574 status=ok
fmow/1/CDANN/logits dis2_reference W=nan accuracy=0.6056 prediction=0.5639 status=ok
fmow/2/CDANN/logits iw_overlap_critic W=1.0 accuracy=0.5421 prediction=0.3472 status=ok
fmow/2/CDANN/logits iw_residual_dis2 W=1.0 accuracy=0.5421 prediction=0.6015 status=ok
fmow/2/CDANN/logits iw_overlap_critic W=2.0 accuracy=0.5421 prediction=0.6472 status=ok
fmow/2/CDANN/logits iw_residual_dis2 W=2.0 accuracy=0.5421 prediction=nan status=unsupported_critic_region
fmow/2/CDANN/logits iw_overlap_critic W=5.0 accuracy=0.5421 prediction=0.6477 status=ok
fmow/2/CDANN/logits iw_residual_dis2 W=5.0 accuracy=0.5421 prediction=0.6477 status=ok
fmow/2/CDANN/logits dis2_reference W=nan accuracy=0.5421 prediction=0.5164 status=ok
fmow/1/FixMatch/logits iw_overlap_critic W=1.0 accuracy=0.6735 prediction=0.3789 status=ok
fmow/1/FixMatch/logits iw_residual_dis2 W=1.0 accuracy=0.6735 prediction=0.7766 status=ok
fmow/1/FixMatch/logits iw_overlap_critic W=2.0 accuracy=0.6735 prediction=0.7795 status=ok
fmow/1/FixMatch/logits iw_residual_dis2 W=2.0 accuracy=0.6735 prediction=0.7923 status=ok
fmow/1/FixMatch/logits iw_overlap_critic W=5.0 accuracy=0.6735 prediction=0.7913 status=ok
fmow/1/FixMatch/logits iw_residual_dis2 W=5.0 accuracy=0.6735 prediction=0.7913 status=ok
fmow/1/FixMatch/logits dis2_reference W=nan accuracy=0.6735 prediction=0.6569 status=ok
fmow/2/FixMatch/logits iw_overlap_critic W=1.0 accuracy=0.6054 prediction=0.4022 status=ok
fmow/2/FixMatch/logits iw_residual_dis2 W=1.0 accuracy=0.6054 prediction=0.7166 status=ok
fmow/2/FixMatch/logits iw_overlap_critic W=2.0 accuracy=0.6054 prediction=0.7568 status=ok
fmow/2/FixMatch/logits iw_residual_dis2 W=2.0 accuracy=0.6054 prediction=0.7885 status=ok
fmow/2/FixMatch/logits iw_overlap_critic W=5.0 accuracy=0.6054 prediction=nan status=unsupported_critic_region
fmow/2/FixMatch/logits iw_residual_dis2 W=5.0 accuracy=0.6054 prediction=nan status=unsupported_residual_source_region
fmow/2/FixMatch/logits dis2_reference W=nan accuracy=0.6054 prediction=0.6303 status=ok
officehome/1/ERM-aug-imagenet/logits iw_overlap_critic W=1.0 accuracy=0.6548 prediction=0.4447 status=ok
officehome/1/ERM-aug-imagenet/logits iw_residual_dis2 W=1.0 accuracy=0.6548 prediction=0.8368 status=ok
officehome/1/ERM-aug-imagenet/logits iw_overlap_critic W=2.0 accuracy=0.6548 prediction=0.9122 status=ok
officehome/1/ERM-aug-imagenet/logits iw_residual_dis2 W=2.0 accuracy=0.6548 prediction=0.9276 status=ok
officehome/1/ERM-aug-imagenet/logits iw_overlap_critic W=5.0 accuracy=0.6548 prediction=0.9231 status=ok
officehome/1/ERM-aug-imagenet/logits iw_residual_dis2 W=5.0 accuracy=0.6548 prediction=0.9231 status=ok
officehome/1/ERM-aug-imagenet/logits dis2_reference W=nan accuracy=0.6548 prediction=0.3903 status=ok
officehome/2/ERM-aug-imagenet/logits iw_overlap_critic W=1.0 accuracy=0.3259 prediction=0.3045 status=ok
officehome/2/ERM-aug-imagenet/logits iw_residual_dis2 W=1.0 accuracy=0.3259 prediction=0.6815 status=ok
officehome/2/ERM-aug-imagenet/logits iw_overlap_critic W=2.0 accuracy=0.3259 prediction=0.4909 status=ok
officehome/2/ERM-aug-imagenet/logits iw_residual_dis2 W=2.0 accuracy=0.3259 prediction=0.8360 status=ok
officehome/2/ERM-aug-imagenet/logits iw_overlap_critic W=5.0 accuracy=0.3259 prediction=0.7121 status=ok
officehome/2/ERM-aug-imagenet/logits iw_residual_dis2 W=5.0 accuracy=0.3259 prediction=0.8193 status=ok
officehome/2/ERM-aug-imagenet/logits dis2_reference W=nan accuracy=0.3259 prediction=0.3520 status=ok
officehome/3/ERM-aug-imagenet/logits iw_overlap_critic W=1.0 accuracy=0.4339 prediction=0.3556 status=ok
officehome/3/ERM-aug-imagenet/logits iw_residual_dis2 W=1.0 accuracy=0.4339 prediction=0.7623 status=ok
officehome/3/ERM-aug-imagenet/logits iw_overlap_critic W=2.0 accuracy=0.4339 prediction=0.6152 status=ok
officehome/3/ERM-aug-imagenet/logits iw_residual_dis2 W=2.0 accuracy=0.4339 prediction=0.7284 status=ok
officehome/3/ERM-aug-imagenet/logits iw_overlap_critic W=5.0 accuracy=0.4339 prediction=0.8638 status=ok
officehome/3/ERM-aug-imagenet/logits iw_residual_dis2 W=5.0 accuracy=0.4339 prediction=0.8638 status=ok
officehome/3/ERM-aug-imagenet/logits dis2_reference W=nan accuracy=0.4339 prediction=0.2799 status=ok
Missing features: officehome/ERM-aug-rand/1; skipping.
Missing features: officehome/ERM-aug-rand/2; skipping.
Missing features: officehome/ERM-aug-rand/3; skipping.
officehome/1/BN_adapt/logits iw_overlap_critic W=1.0 accuracy=0.6526 prediction=0.4965 status=ok
officehome/1/BN_adapt/logits iw_residual_dis2 W=1.0 accuracy=0.6526 prediction=0.7516 status=ok
officehome/1/BN_adapt/logits iw_overlap_critic W=2.0 accuracy=0.6526 prediction=0.9045 status=ok
officehome/1/BN_adapt/logits iw_residual_dis2 W=2.0 accuracy=0.6526 prediction=0.9045 status=ok
officehome/1/BN_adapt/logits iw_overlap_critic W=5.0 accuracy=0.6526 prediction=0.9045 status=ok
officehome/1/BN_adapt/logits iw_residual_dis2 W=5.0 accuracy=0.6526 prediction=0.9045 status=ok
officehome/1/BN_adapt/logits dis2_reference W=nan accuracy=0.6526 prediction=0.4501 status=ok
officehome/2/BN_adapt/logits iw_overlap_critic W=1.0 accuracy=0.3707 prediction=0.3704 status=ok
officehome/2/BN_adapt/logits iw_residual_dis2 W=1.0 accuracy=0.3707 prediction=0.6196 status=ok
officehome/2/BN_adapt/logits iw_overlap_critic W=2.0 accuracy=0.3707 prediction=0.6906 status=ok
officehome/2/BN_adapt/logits iw_residual_dis2 W=2.0 accuracy=0.3707 prediction=0.7893 status=ok
officehome/2/BN_adapt/logits iw_overlap_critic W=5.0 accuracy=0.3707 prediction=0.9005 status=ok
officehome/2/BN_adapt/logits iw_residual_dis2 W=5.0 accuracy=0.3707 prediction=0.9263 status=ok
officehome/2/BN_adapt/logits dis2_reference W=nan accuracy=0.3707 prediction=0.3150 status=ok
officehome/3/BN_adapt/logits iw_overlap_critic W=1.0 accuracy=0.4615 prediction=0.4011 status=ok
officehome/3/BN_adapt/logits iw_residual_dis2 W=1.0 accuracy=0.4615 prediction=0.6483 status=ok
officehome/3/BN_adapt/logits iw_overlap_critic W=2.0 accuracy=0.4615 prediction=0.8700 status=ok
officehome/3/BN_adapt/logits iw_residual_dis2 W=2.0 accuracy=0.4615 prediction=0.8716 status=ok
officehome/3/BN_adapt/logits iw_overlap_critic W=5.0 accuracy=0.4615 prediction=0.9194 status=ok
officehome/3/BN_adapt/logits iw_residual_dis2 W=5.0 accuracy=0.4615 prediction=0.9194 status=ok
officehome/3/BN_adapt/logits dis2_reference W=nan accuracy=0.4615 prediction=0.2595 status=ok
officehome/1/DANN/logits iw_overlap_critic W=1.0 accuracy=0.7194 prediction=0.4912 status=ok
officehome/1/DANN/logits iw_residual_dis2 W=1.0 accuracy=0.7194 prediction=0.8842 status=ok
officehome/1/DANN/logits iw_overlap_critic W=2.0 accuracy=0.7194 prediction=0.9240 status=ok
officehome/1/DANN/logits iw_residual_dis2 W=2.0 accuracy=0.7194 prediction=0.9240 status=ok
officehome/1/DANN/logits iw_overlap_critic W=5.0 accuracy=0.7194 prediction=0.9240 status=ok
officehome/1/DANN/logits iw_residual_dis2 W=5.0 accuracy=0.7194 prediction=0.9240 status=ok
officehome/1/DANN/logits dis2_reference W=nan accuracy=0.7194 prediction=0.5823 status=ok
officehome/2/DANN/logits iw_overlap_critic W=1.0 accuracy=0.4490 prediction=0.4380 status=ok
officehome/2/DANN/logits iw_residual_dis2 W=1.0 accuracy=0.4490 prediction=0.8526 status=ok
officehome/2/DANN/logits iw_overlap_critic W=2.0 accuracy=0.4490 prediction=0.8980 status=ok
/storage/homefs/tf24s166/IW_dis2/disagree_discrep_IW/src/lib/utils.py:43: FutureWarning: You are using `torch.load` with `weights_only=False` (the current default value), which uses the default pickle module implicitly. It is possible to construct malicious pickle data which will execute arbitrary code during unpickling (See https://github.com/pytorch/pytorch/blob/main/SECURITY.md#untrusted-models for more details). In a future release, the default value for `weights_only` will be flipped to `True`. This limits the functions that could be executed during unpickling. Arbitrary objects will no longer be allowed to be loaded via this mode unless they are explicitly allowlisted by the user via `torch.serialization.add_safe_globals`. We recommend you start setting `weights_only=True` for any use case where you don't have full control of the loaded file. Please open an issue on GitHub for any issues related to this experimental feature.
  lin.load_state_dict(torch.load(os.path.join(shift_dir, 'linear.pth'), map_location=device))
/storage/homefs/tf24s166/IW_dis2/disagree_discrep_IW/src/lib/utils.py:43: FutureWarning: You are using `torch.load` with `weights_only=False` (the current default value), which uses the default pickle module implicitly. It is possible to construct malicious pickle data which will execute arbitrary code during unpickling (See https://github.com/pytorch/pytorch/blob/main/SECURITY.md#untrusted-models for more details). In a future release, the default value for `weights_only` will be flipped to `True`. This limits the functions that could be executed during unpickling. Arbitrary objects will no longer be allowed to be loaded via this mode unless they are explicitly allowlisted by the user via `torch.serialization.add_safe_globals`. We recommend you start setting `weights_only=True` for any use case where you don't have full control of the loaded file. Please open an issue on GitHub for any issues related to this experimental feature.
  lin.load_state_dict(torch.load(os.path.join(shift_dir, 'linear.pth'), map_location=device))
/storage/homefs/tf24s166/IW_dis2/disagree_discrep_IW/src/lib/utils.py:43: FutureWarning: You are using `torch.load` with `weights_only=False` (the current default value), which uses the default pickle module implicitly. It is possible to construct malicious pickle data which will execute arbitrary code during unpickling (See https://github.com/pytorch/pytorch/blob/main/SECURITY.md#untrusted-models for more details). In a future release, the default value for `weights_only` will be flipped to `True`. This limits the functions that could be executed during unpickling. Arbitrary objects will no longer be allowed to be loaded via this mode unless they are explicitly allowlisted by the user via `torch.serialization.add_safe_globals`. We recommend you start setting `weights_only=True` for any use case where you don't have full control of the loaded file. Please open an issue on GitHub for any issues related to this experimental feature.
  lin.load_state_dict(torch.load(os.path.join(shift_dir, 'linear.pth'), map_location=device))
/storage/homefs/tf24s166/IW_dis2/disagree_discrep_IW/src/lib/utils.py:43: FutureWarning: You are using `torch.load` with `weights_only=False` (the current default value), which uses the default pickle module implicitly. It is possible to construct malicious pickle data which will execute arbitrary code during unpickling (See https://github.com/pytorch/pytorch/blob/main/SECURITY.md#untrusted-models for more details). In a future release, the default value for `weights_only` will be flipped to `True`. This limits the functions that could be executed during unpickling. Arbitrary objects will no longer be allowed to be loaded via this mode unless they are explicitly allowlisted by the user via `torch.serialization.add_safe_globals`. We recommend you start setting `weights_only=True` for any use case where you don't have full control of the loaded file. Please open an issue on GitHub for any issues related to this experimental feature.
  lin.load_state_dict(torch.load(os.path.join(shift_dir, 'linear.pth'), map_location=device))
/storage/homefs/tf24s166/IW_dis2/disagree_discrep_IW/src/lib/utils.py:43: FutureWarning: You are using `torch.load` with `weights_only=False` (the current default value), which uses the default pickle module implicitly. It is possible to construct malicious pickle data which will execute arbitrary code during unpickling (See https://github.com/pytorch/pytorch/blob/main/SECURITY.md#untrusted-models for more details). In a future release, the default value for `weights_only` will be flipped to `True`. This limits the functions that could be executed during unpickling. Arbitrary objects will no longer be allowed to be loaded via this mode unless they are explicitly allowlisted by the user via `torch.serialization.add_safe_globals`. We recommend you start setting `weights_only=True` for any use case where you don't have full control of the loaded file. Please open an issue on GitHub for any issues related to this experimental feature.
  lin.load_state_dict(torch.load(os.path.join(shift_dir, 'linear.pth'), map_location=device))
/storage/homefs/tf24s166/IW_dis2/disagree_discrep_IW/src/lib/utils.py:43: FutureWarning: You are using `torch.load` with `weights_only=False` (the current default value), which uses the default pickle module implicitly. It is possible to construct malicious pickle data which will execute arbitrary code during unpickling (See https://github.com/pytorch/pytorch/blob/main/SECURITY.md#untrusted-models for more details). In a future release, the default value for `weights_only` will be flipped to `True`. This limits the functions that could be executed during unpickling. Arbitrary objects will no longer be allowed to be loaded via this mode unless they are explicitly allowlisted by the user via `torch.serialization.add_safe_globals`. We recommend you start setting `weights_only=True` for any use case where you don't have full control of the loaded file. Please open an issue on GitHub for any issues related to this experimental feature.
  lin.load_state_dict(torch.load(os.path.join(shift_dir, 'linear.pth'), map_location=device))
/storage/homefs/tf24s166/IW_dis2/disagree_discrep_IW/src/lib/utils.py:43: FutureWarning: You are using `torch.load` with `weights_only=False` (the current default value), which uses the default pickle module implicitly. It is possible to construct malicious pickle data which will execute arbitrary code during unpickling (See https://github.com/pytorch/pytorch/blob/main/SECURITY.md#untrusted-models for more details). In a future release, the default value for `weights_only` will be flipped to `True`. This limits the functions that could be executed during unpickling. Arbitrary objects will no longer be allowed to be loaded via this mode unless they are explicitly allowlisted by the user via `torch.serialization.add_safe_globals`. We recommend you start setting `weights_only=True` for any use case where you don't have full control of the loaded file. Please open an issue on GitHub for any issues related to this experimental feature.
  lin.load_state_dict(torch.load(os.path.join(shift_dir, 'linear.pth'), map_location=device))
/storage/homefs/tf24s166/IW_dis2/disagree_discrep_IW/src/lib/utils.py:43: FutureWarning: You are using `torch.load` with `weights_only=False` (the current default value), which uses the default pickle module implicitly. It is possible to construct malicious pickle data which will execute arbitrary code during unpickling (See https://github.com/pytorch/pytorch/blob/main/SECURITY.md#untrusted-models for more details). In a future release, the default value for `weights_only` will be flipped to `True`. This limits the functions that could be executed during unpickling. Arbitrary objects will no longer be allowed to be loaded via this mode unless they are explicitly allowlisted by the user via `torch.serialization.add_safe_globals`. We recommend you start setting `weights_only=True` for any use case where you don't have full control of the loaded file. Please open an issue on GitHub for any issues related to this experimental feature.
  lin.load_state_dict(torch.load(os.path.join(shift_dir, 'linear.pth'), map_location=device))
/storage/homefs/tf24s166/IW_dis2/disagree_discrep_IW/src/lib/utils.py:43: FutureWarning: You are using `torch.load` with `weights_only=False` (the current default value), which uses the default pickle module implicitly. It is possible to construct malicious pickle data which will execute arbitrary code during unpickling (See https://github.com/pytorch/pytorch/blob/main/SECURITY.md#untrusted-models for more details). In a future release, the default value for `weights_only` will be flipped to `True`. This limits the functions that could be executed during unpickling. Arbitrary objects will no longer be allowed to be loaded via this mode unless they are explicitly allowlisted by the user via `torch.serialization.add_safe_globals`. We recommend you start setting `weights_only=True` for any use case where you don't have full control of the loaded file. Please open an issue on GitHub for any issues related to this experimental feature.
  lin.load_state_dict(torch.load(os.path.join(shift_dir, 'linear.pth'), map_location=device))
/storage/homefs/tf24s166/IW_dis2/disagree_discrep_IW/src/lib/utils.py:43: FutureWarning: You are using `torch.load` with `weights_only=False` (the current default value), which uses the default pickle module implicitly. It is possible to construct malicious pickle data which will execute arbitrary code during unpickling (See https://github.com/pytorch/pytorch/blob/main/SECURITY.md#untrusted-models for more details). In a future release, the default value for `weights_only` will be flipped to `True`. This limits the functions that could be executed during unpickling. Arbitrary objects will no longer be allowed to be loaded via this mode unless they are explicitly allowlisted by the user via `torch.serialization.add_safe_globals`. We recommend you start setting `weights_only=True` for any use case where you don't have full control of the loaded file. Please open an issue on GitHub for any issues related to this experimental feature.
  lin.load_state_dict(torch.load(os.path.join(shift_dir, 'linear.pth'), map_location=device))
/storage/homefs/tf24s166/IW_dis2/disagree_discrep_IW/src/lib/utils.py:43: FutureWarning: You are using `torch.load` with `weights_only=False` (the current default value), which uses the default pickle module implicitly. It is possible to construct malicious pickle data which will execute arbitrary code during unpickling (See https://github.com/pytorch/pytorch/blob/main/SECURITY.md#untrusted-models for more details). In a future release, the default value for `weights_only` will be flipped to `True`. This limits the functions that could be executed during unpickling. Arbitrary objects will no longer be allowed to be loaded via this mode unless they are explicitly allowlisted by the user via `torch.serialization.add_safe_globals`. We recommend you start setting `weights_only=True` for any use case where you don't have full control of the loaded file. Please open an issue on GitHub for any issues related to this experimental feature.
  lin.load_state_dict(torch.load(os.path.join(shift_dir, 'linear.pth'), map_location=device))
/storage/homefs/tf24s166/IW_dis2/disagree_discrep_IW/src/lib/utils.py:43: FutureWarning: You are using `torch.load` with `weights_only=False` (the current default value), which uses the default pickle module implicitly. It is possible to construct malicious pickle data which will execute arbitrary code during unpickling (See https://github.com/pytorch/pytorch/blob/main/SECURITY.md#untrusted-models for more details). In a future release, the default value for `weights_only` will be flipped to `True`. This limits the functions that could be executed during unpickling. Arbitrary objects will no longer be allowed to be loaded via this mode unless they are explicitly allowlisted by the user via `torch.serialization.add_safe_globals`. We recommend you start setting `weights_only=True` for any use case where you don't have full control of the loaded file. Please open an issue on GitHub for any issues related to this experimental feature.
  lin.load_state_dict(torch.load(os.path.join(shift_dir, 'linear.pth'), map_location=device))
officehome/2/DANN/logits iw_residual_dis2 W=2.0 accuracy=0.4490 prediction=0.8980 status=ok
officehome/2/DANN/logits iw_overlap_critic W=5.0 accuracy=0.4490 prediction=0.8953 status=ok
officehome/2/DANN/logits iw_residual_dis2 W=5.0 accuracy=0.4490 prediction=0.8953 status=ok
officehome/2/DANN/logits dis2_reference W=nan accuracy=0.4490 prediction=0.4808 status=ok
officehome/3/DANN/logits iw_overlap_critic W=1.0 accuracy=0.5365 prediction=0.4583 status=ok
officehome/3/DANN/logits iw_residual_dis2 W=1.0 accuracy=0.5365 prediction=0.7918 status=ok
officehome/3/DANN/logits iw_overlap_critic W=2.0 accuracy=0.5365 prediction=0.9133 status=ok
officehome/3/DANN/logits iw_residual_dis2 W=2.0 accuracy=0.5365 prediction=0.9133 status=ok
officehome/3/DANN/logits iw_overlap_critic W=5.0 accuracy=0.5365 prediction=0.9133 status=ok
officehome/3/DANN/logits iw_residual_dis2 W=5.0 accuracy=0.5365 prediction=0.9133 status=ok
officehome/3/DANN/logits dis2_reference W=nan accuracy=0.5365 prediction=0.4793 status=ok
officehome/1/CDANN/logits iw_overlap_critic W=1.0 accuracy=0.7305 prediction=0.4178 status=ok
officehome/1/CDANN/logits iw_residual_dis2 W=1.0 accuracy=0.7305 prediction=0.8674 status=ok
officehome/1/CDANN/logits iw_overlap_critic W=2.0 accuracy=0.7305 prediction=0.9032 status=ok
officehome/1/CDANN/logits iw_residual_dis2 W=2.0 accuracy=0.7305 prediction=0.9208 status=ok
officehome/1/CDANN/logits iw_overlap_critic W=5.0 accuracy=0.7305 prediction=0.9208 status=ok
officehome/1/CDANN/logits iw_residual_dis2 W=5.0 accuracy=0.7305 prediction=0.9208 status=ok
officehome/1/CDANN/logits dis2_reference W=nan accuracy=0.7305 prediction=0.5782 status=ok
officehome/2/CDANN/logits iw_overlap_critic W=1.0 accuracy=0.4502 prediction=0.3265 status=ok
officehome/2/CDANN/logits iw_residual_dis2 W=1.0 accuracy=0.4502 prediction=0.7861 status=ok
officehome/2/CDANN/logits iw_overlap_critic W=2.0 accuracy=0.4502 prediction=0.5215 status=ok
officehome/2/CDANN/logits iw_residual_dis2 W=2.0 accuracy=0.4502 prediction=0.7875 status=ok
officehome/2/CDANN/logits iw_overlap_critic W=5.0 accuracy=0.4502 prediction=0.7395 status=ok
officehome/2/CDANN/logits iw_residual_dis2 W=5.0 accuracy=0.4502 prediction=0.8257 status=ok
officehome/2/CDANN/logits dis2_reference W=nan accuracy=0.4502 prediction=0.5083 status=ok
officehome/3/CDANN/logits iw_overlap_critic W=1.0 accuracy=0.5365 prediction=0.3621 status=ok
officehome/3/CDANN/logits iw_residual_dis2 W=1.0 accuracy=0.5365 prediction=0.6834 status=ok
officehome/3/CDANN/logits iw_overlap_critic W=2.0 accuracy=0.5365 prediction=0.5607 status=ok
officehome/3/CDANN/logits iw_residual_dis2 W=2.0 accuracy=0.5365 prediction=0.8902 status=ok
officehome/3/CDANN/logits iw_overlap_critic W=5.0 accuracy=0.5365 prediction=0.8497 status=ok
officehome/3/CDANN/logits iw_residual_dis2 W=5.0 accuracy=0.5365 prediction=0.9060 status=ok
officehome/3/CDANN/logits dis2_reference W=nan accuracy=0.5365 prediction=0.4796 status=ok
officehome/1/FixMatch/logits iw_overlap_critic W=1.0 accuracy=0.7171 prediction=0.4548 status=ok
officehome/1/FixMatch/logits iw_residual_dis2 W=1.0 accuracy=0.7171 prediction=0.7472 status=ok
officehome/1/FixMatch/logits iw_overlap_critic W=2.0 accuracy=0.7171 prediction=0.9073 status=ok
officehome/1/FixMatch/logits iw_residual_dis2 W=2.0 accuracy=0.7171 prediction=0.9073 status=ok
officehome/1/FixMatch/logits iw_overlap_critic W=5.0 accuracy=0.7171 prediction=0.9073 status=ok
officehome/1/FixMatch/logits iw_residual_dis2 W=5.0 accuracy=0.7171 prediction=0.9073 status=ok
officehome/1/FixMatch/logits dis2_reference W=nan accuracy=0.7171 prediction=0.5613 status=ok
officehome/2/FixMatch/logits iw_overlap_critic W=1.0 accuracy=0.4703 prediction=0.3388 status=ok
officehome/2/FixMatch/logits iw_residual_dis2 W=1.0 accuracy=0.4703 prediction=0.7073 status=ok
officehome/2/FixMatch/logits iw_overlap_critic W=2.0 accuracy=0.4703 prediction=0.6415 status=ok
officehome/2/FixMatch/logits iw_residual_dis2 W=2.0 accuracy=0.4703 prediction=0.8035 status=ok
officehome/2/FixMatch/logits iw_overlap_critic W=5.0 accuracy=0.4703 prediction=0.8801 status=ok
officehome/2/FixMatch/logits iw_residual_dis2 W=5.0 accuracy=0.4703 prediction=0.9110 status=ok
officehome/2/FixMatch/logits dis2_reference W=nan accuracy=0.4703 prediction=0.4159 status=ok
officehome/3/FixMatch/logits iw_overlap_critic W=1.0 accuracy=0.5503 prediction=0.3790 status=ok
officehome/3/FixMatch/logits iw_residual_dis2 W=1.0 accuracy=0.5503 prediction=0.8254 status=ok
officehome/3/FixMatch/logits iw_overlap_critic W=2.0 accuracy=0.5503 prediction=0.6767 status=ok
officehome/3/FixMatch/logits iw_residual_dis2 W=2.0 accuracy=0.5503 prediction=0.8127 status=ok
officehome/3/FixMatch/logits iw_overlap_critic W=5.0 accuracy=0.5503 prediction=0.8954 status=ok
officehome/3/FixMatch/logits iw_residual_dis2 W=5.0 accuracy=0.5503 prediction=nan status=unsupported_critic_region
officehome/3/FixMatch/logits dis2_reference W=nan accuracy=0.5503 prediction=0.3217 status=ok
visda/1/ERM-aug-imagenet/logits iw_overlap_critic W=1.0 accuracy=0.3026 prediction=0.2302 status=ok
visda/1/ERM-aug-imagenet/logits iw_residual_dis2 W=1.0 accuracy=0.3026 prediction=0.3100 status=ok
visda/1/ERM-aug-imagenet/logits iw_overlap_critic W=2.0 accuracy=0.3026 prediction=0.3775 status=ok
visda/1/ERM-aug-imagenet/logits iw_residual_dis2 W=2.0 accuracy=0.3026 prediction=0.4172 status=ok
visda/1/ERM-aug-imagenet/logits iw_overlap_critic W=5.0 accuracy=0.3026 prediction=0.6851 status=ok
visda/1/ERM-aug-imagenet/logits iw_residual_dis2 W=5.0 accuracy=0.3026 prediction=0.7200 status=ok
visda/1/ERM-aug-imagenet/logits dis2_reference W=nan accuracy=0.3026 prediction=0.3214 status=ok
visda/2/ERM-aug-imagenet/logits iw_overlap_critic W=1.0 accuracy=0.2653 prediction=0.1861 status=ok
visda/2/ERM-aug-imagenet/logits iw_residual_dis2 W=1.0 accuracy=0.2653 prediction=0.3060 status=ok
visda/2/ERM-aug-imagenet/logits iw_overlap_critic W=2.0 accuracy=0.2653 prediction=0.3723 status=ok
visda/2/ERM-aug-imagenet/logits iw_residual_dis2 W=2.0 accuracy=0.2653 prediction=0.4260 status=ok
visda/2/ERM-aug-imagenet/logits iw_overlap_critic W=5.0 accuracy=0.2653 prediction=0.6906 status=ok
visda/2/ERM-aug-imagenet/logits iw_residual_dis2 W=5.0 accuracy=0.2653 prediction=0.7322 status=ok
visda/2/ERM-aug-imagenet/logits dis2_reference W=nan accuracy=0.2653 prediction=0.2977 status=ok
Missing features: visda/ERM-aug-rand/1; skipping.
Missing features: visda/ERM-aug-rand/2; skipping.
visda/1/BN_adapt/logits iw_overlap_critic W=1.0 accuracy=0.4453 prediction=0.4036 status=ok
visda/1/BN_adapt/logits iw_residual_dis2 W=1.0 accuracy=0.4453 prediction=0.5471 status=ok
visda/1/BN_adapt/logits iw_overlap_critic W=2.0 accuracy=0.4453 prediction=0.7178 status=ok
visda/1/BN_adapt/logits iw_residual_dis2 W=2.0 accuracy=0.4453 prediction=0.7605 status=ok
visda/1/BN_adapt/logits iw_overlap_critic W=5.0 accuracy=0.4453 prediction=0.9625 status=ok
visda/1/BN_adapt/logits iw_residual_dis2 W=5.0 accuracy=0.4453 prediction=0.9693 status=ok
visda/1/BN_adapt/logits dis2_reference W=nan accuracy=0.4453 prediction=0.5029 status=ok
visda/2/BN_adapt/logits iw_overlap_critic W=1.0 accuracy=0.3985 prediction=0.4211 status=ok
visda/2/BN_adapt/logits iw_residual_dis2 W=1.0 accuracy=0.3985 prediction=0.5913 status=ok
visda/2/BN_adapt/logits iw_overlap_critic W=2.0 accuracy=0.3985 prediction=0.7364 status=ok
visda/2/BN_adapt/logits iw_residual_dis2 W=2.0 accuracy=0.3985 prediction=0.8055 status=ok
visda/2/BN_adapt/logits iw_overlap_critic W=5.0 accuracy=0.3985 prediction=0.9697 status=ok
visda/2/BN_adapt/logits iw_residual_dis2 W=5.0 accuracy=0.3985 prediction=0.9742 status=ok
visda/2/BN_adapt/logits dis2_reference W=nan accuracy=0.3985 prediction=0.5323 status=ok
visda/1/DANN/logits iw_overlap_critic W=1.0 accuracy=0.6463 prediction=0.4286 status=ok
visda/1/DANN/logits iw_residual_dis2 W=1.0 accuracy=0.6463 prediction=0.8458 status=ok
visda/1/DANN/logits iw_overlap_critic W=2.0 accuracy=0.6463 prediction=0.9975 status=ok
visda/1/DANN/logits iw_residual_dis2 W=2.0 accuracy=0.6463 prediction=0.9980 status=ok
/storage/homefs/tf24s166/IW_dis2/disagree_discrep_IW/src/lib/utils.py:43: FutureWarning: You are using `torch.load` with `weights_only=False` (the current default value), which uses the default pickle module implicitly. It is possible to construct malicious pickle data which will execute arbitrary code during unpickling (See https://github.com/pytorch/pytorch/blob/main/SECURITY.md#untrusted-models for more details). In a future release, the default value for `weights_only` will be flipped to `True`. This limits the functions that could be executed during unpickling. Arbitrary objects will no longer be allowed to be loaded via this mode unless they are explicitly allowlisted by the user via `torch.serialization.add_safe_globals`. We recommend you start setting `weights_only=True` for any use case where you don't have full control of the loaded file. Please open an issue on GitHub for any issues related to this experimental feature.
  lin.load_state_dict(torch.load(os.path.join(shift_dir, 'linear.pth'), map_location=device))
/storage/homefs/tf24s166/IW_dis2/disagree_discrep_IW/src/lib/utils.py:43: FutureWarning: You are using `torch.load` with `weights_only=False` (the current default value), which uses the default pickle module implicitly. It is possible to construct malicious pickle data which will execute arbitrary code during unpickling (See https://github.com/pytorch/pytorch/blob/main/SECURITY.md#untrusted-models for more details). In a future release, the default value for `weights_only` will be flipped to `True`. This limits the functions that could be executed during unpickling. Arbitrary objects will no longer be allowed to be loaded via this mode unless they are explicitly allowlisted by the user via `torch.serialization.add_safe_globals`. We recommend you start setting `weights_only=True` for any use case where you don't have full control of the loaded file. Please open an issue on GitHub for any issues related to this experimental feature.
  lin.load_state_dict(torch.load(os.path.join(shift_dir, 'linear.pth'), map_location=device))
/storage/homefs/tf24s166/IW_dis2/disagree_discrep_IW/src/lib/utils.py:43: FutureWarning: You are using `torch.load` with `weights_only=False` (the current default value), which uses the default pickle module implicitly. It is possible to construct malicious pickle data which will execute arbitrary code during unpickling (See https://github.com/pytorch/pytorch/blob/main/SECURITY.md#untrusted-models for more details). In a future release, the default value for `weights_only` will be flipped to `True`. This limits the functions that could be executed during unpickling. Arbitrary objects will no longer be allowed to be loaded via this mode unless they are explicitly allowlisted by the user via `torch.serialization.add_safe_globals`. We recommend you start setting `weights_only=True` for any use case where you don't have full control of the loaded file. Please open an issue on GitHub for any issues related to this experimental feature.
  lin.load_state_dict(torch.load(os.path.join(shift_dir, 'linear.pth'), map_location=device))
/storage/homefs/tf24s166/IW_dis2/disagree_discrep_IW/src/lib/utils.py:43: FutureWarning: You are using `torch.load` with `weights_only=False` (the current default value), which uses the default pickle module implicitly. It is possible to construct malicious pickle data which will execute arbitrary code during unpickling (See https://github.com/pytorch/pytorch/blob/main/SECURITY.md#untrusted-models for more details). In a future release, the default value for `weights_only` will be flipped to `True`. This limits the functions that could be executed during unpickling. Arbitrary objects will no longer be allowed to be loaded via this mode unless they are explicitly allowlisted by the user via `torch.serialization.add_safe_globals`. We recommend you start setting `weights_only=True` for any use case where you don't have full control of the loaded file. Please open an issue on GitHub for any issues related to this experimental feature.
  lin.load_state_dict(torch.load(os.path.join(shift_dir, 'linear.pth'), map_location=device))
/storage/homefs/tf24s166/IW_dis2/disagree_discrep_IW/src/lib/utils.py:43: FutureWarning: You are using `torch.load` with `weights_only=False` (the current default value), which uses the default pickle module implicitly. It is possible to construct malicious pickle data which will execute arbitrary code during unpickling (See https://github.com/pytorch/pytorch/blob/main/SECURITY.md#untrusted-models for more details). In a future release, the default value for `weights_only` will be flipped to `True`. This limits the functions that could be executed during unpickling. Arbitrary objects will no longer be allowed to be loaded via this mode unless they are explicitly allowlisted by the user via `torch.serialization.add_safe_globals`. We recommend you start setting `weights_only=True` for any use case where you don't have full control of the loaded file. Please open an issue on GitHub for any issues related to this experimental feature.
  lin.load_state_dict(torch.load(os.path.join(shift_dir, 'linear.pth'), map_location=device))
visda/1/DANN/logits iw_overlap_critic W=5.0 accuracy=0.6463 prediction=0.9997 status=ok
visda/1/DANN/logits iw_residual_dis2 W=5.0 accuracy=0.6463 prediction=0.9997 status=ok
visda/1/DANN/logits dis2_reference W=nan accuracy=0.6463 prediction=0.8231 status=ok
visda/2/DANN/logits iw_overlap_critic W=1.0 accuracy=0.6547 prediction=0.4850 status=ok
visda/2/DANN/logits iw_residual_dis2 W=1.0 accuracy=0.6547 prediction=0.8936 status=ok
visda/2/DANN/logits iw_overlap_critic W=2.0 accuracy=0.6547 prediction=0.9999 status=ok
visda/2/DANN/logits iw_residual_dis2 W=2.0 accuracy=0.6547 prediction=0.9999 status=ok
visda/2/DANN/logits iw_overlap_critic W=5.0 accuracy=0.6547 prediction=0.9999 status=ok
visda/2/DANN/logits iw_residual_dis2 W=5.0 accuracy=0.6547 prediction=0.9999 status=ok
visda/2/DANN/logits dis2_reference W=nan accuracy=0.6547 prediction=0.8196 status=ok
visda/1/CDANN/logits iw_overlap_critic W=1.0 accuracy=0.6784 prediction=0.4314 status=ok
visda/1/CDANN/logits iw_residual_dis2 W=1.0 accuracy=0.6784 prediction=0.8972 status=ok
visda/1/CDANN/logits iw_overlap_critic W=2.0 accuracy=0.6784 prediction=0.9608 status=ok
visda/1/CDANN/logits iw_residual_dis2 W=2.0 accuracy=0.6784 prediction=0.9889 status=ok
visda/1/CDANN/logits iw_overlap_critic W=5.0 accuracy=0.6784 prediction=0.9994 status=ok
visda/1/CDANN/logits iw_residual_dis2 W=5.0 accuracy=0.6784 prediction=0.9994 status=ok
visda/1/CDANN/logits dis2_reference W=nan accuracy=0.6784 prediction=0.7950 status=ok
visda/2/CDANN/logits iw_overlap_critic W=1.0 accuracy=0.7108 prediction=0.4498 status=ok
visda/2/CDANN/logits iw_residual_dis2 W=1.0 accuracy=0.7108 prediction=0.9120 status=ok
visda/2/CDANN/logits iw_overlap_critic W=2.0 accuracy=0.7108 prediction=nan status=unsupported_critic_region
visda/2/CDANN/logits iw_residual_dis2 W=2.0 accuracy=0.7108 prediction=nan status=unsupported_critic_region
visda/2/CDANN/logits iw_overlap_critic W=5.0 accuracy=0.7108 prediction=0.9995 status=ok
visda/2/CDANN/logits iw_residual_dis2 W=5.0 accuracy=0.7108 prediction=0.9995 status=ok
visda/2/CDANN/logits dis2_reference W=nan accuracy=0.7108 prediction=0.8490 status=ok
visda/1/FixMatch/logits iw_overlap_critic W=1.0 accuracy=0.6683 prediction=0.4567 status=ok
visda/1/FixMatch/logits iw_residual_dis2 W=1.0 accuracy=0.6683 prediction=0.6500 status=ok
visda/1/FixMatch/logits iw_overlap_critic W=2.0 accuracy=0.6683 prediction=0.9586 status=ok
visda/1/FixMatch/logits iw_residual_dis2 W=2.0 accuracy=0.6683 prediction=0.9652 status=ok
visda/1/FixMatch/logits iw_overlap_critic W=5.0 accuracy=0.6683 prediction=0.9936 status=ok
visda/1/FixMatch/logits iw_residual_dis2 W=5.0 accuracy=0.6683 prediction=0.9950 status=ok
visda/1/FixMatch/logits dis2_reference W=nan accuracy=0.6683 prediction=0.5190 status=ok
visda/2/FixMatch/logits iw_overlap_critic W=1.0 accuracy=0.6480 prediction=0.4650 status=ok
visda/2/FixMatch/logits iw_residual_dis2 W=1.0 accuracy=0.6480 prediction=0.6041 status=ok
visda/2/FixMatch/logits iw_overlap_critic W=2.0 accuracy=0.6480 prediction=0.9921 status=ok
visda/2/FixMatch/logits iw_residual_dis2 W=2.0 accuracy=0.6480 prediction=0.9940 status=ok
visda/2/FixMatch/logits iw_overlap_critic W=5.0 accuracy=0.6480 prediction=0.9984 status=ok
visda/2/FixMatch/logits iw_residual_dis2 W=5.0 accuracy=0.6480 prediction=0.9984 status=ok
visda/2/FixMatch/logits dis2_reference W=nan accuracy=0.6480 prediction=0.4500 status=ok
Saved 1050 rows to /storage/homefs/tf24s166/IW_dis2/disagree_discrep_IW/results/iw_hybrid_f475b82dfdbf.pkl
Job finished at Tue Sep 15 10:28:31 PM CEST 2026
