prediction_method,iw_threshold,seed,n_source,n_target,n_val_source,n_val_target,h_val_acc,domain_log_odds_clipped_count,source_strength,domain_temperature,domain_source_prior,domain_target_prior,domain_cal_balanced_accuracy,domain_cal_brier,n_source_critic_train_region,n_target_critic_train_region,n_source_critic_select_region,n_target_critic_select_region,iw_error_contribution,target_residual_mass,n_source_a,n_source_b,n_target_a,n_target_b,status,estimate_kind,confidence_bound_available,epsilon,iw_weight_sum,iw_effective_n,iw_weight_max,iw_weight_p50,iw_weight_p95,residual_target_disagreement,residual_error_contribution,error_estimate_raw,accuracy_estimate_raw,lower_bound,output_clipped,critic_epoch,critic_repeat,critic_selection_score,critic_selection_source_disagreement,critic_selection_target_disagreement,dataset,shift,train_method,bound_strategy,dim,src_accuracy,h_full_acc,trg_accuracy,trg_eval_accuracy,split_file,run_id,bound_valid,bound_valid_eval,residual_source_error,residual_source_disagreement,residual_discrepancy,delta,error_upper_bound_raw,max_ts_agree_diff
iw_overlap_critic,1.0,0,6500,33009,1625,8255,0.9144615384615384,0.0,1.0,1.554425597190857,0.5,0.5,0.5686013698577881,0.24799638986587524,1210.0,5151.0,601.0,2656.0,0.039220648804548466,0.5234403391883706,945.0,680.0,3934.0,4321.0,ok,plugin,False,,834.742665313952,937.4849746990637,0.9986850989887098,0.8950276048297404,0.9896802034237006,0.7655635269613515,0.4007268322228952,0.43994748102744363,0.5600525189725564,0.5600525189725564,False,49.0,23.0,0.5540440082550049,0.20461565256118774,0.7586596608161926,entity13,1,ERM-aug-rand,logits,13,0.9149230718612671,0.9149230718612671,0.689448356628418,0.6898849010467529,splits_entity13_ERM-aug-rand_1_0_a9f9637e0b08.npz,a9f9637e0b08,True,True,,,,,,
iw_residual_dis2,1.0,0,6500,33009,1625,8255,0.9144615384615384,0.0,1.0,1.554425597190857,0.5,0.5,0.5686013698577881,0.24799638986587524,740.0,5151.0,374.0,2656.0,0.039220648804548466,0.5234403391883706,945.0,680.0,3934.0,4321.0,ok,plugin,False,,834.742665313952,937.4849746990637,0.9986850989887098,0.8950276048297404,0.9896802034237006,0.6440638741032169,0.15392489400363413,0.19314554280818258,0.8068544571918175,0.8068544571918175,False,49.0,10.0,0.2324693202972412,0.4358288645744324,0.6682981848716736,entity13,1,ERM-aug-rand,logits,13,0.9149230718612671,0.9149230718612671,0.689448356628418,0.6898849010467529,splits_entity13_ERM-aug-rand_1_0_a9f9637e0b08.npz,a9f9637e0b08,False,False,0.10441176470588236,0.45441176470588235,0.1896521093973345,,,
iw_overlap_critic,2.0,0,6500,33009,1625,8255,0.9144615384615384,0.0,1.0,1.554425597190857,0.5,0.5,0.5686013698577881,0.24799638986587524,1938.0,19.0,972.0,4.0,0.08743949353967738,0.0012113870381586917,1612.0,13.0,8245.0,10.0,ok,plugin,False,,1619.7876309880858,1551.4148721096394,1.998814139561107,0.9703610363743848,1.4050347194499244,1.0,0.0012113870381586917,0.08865088057783607,0.9113491194221639,0.9113491194221639,False,49.0,23.0,0.732732892036438,0.2672670781612396,1.0,entity13,1,ERM-aug-rand,logits,13,0.9149230718612671,0.9149230718612671,0.689448356628418,0.6898849010467529,splits_entity13_ERM-aug-rand_1_0_a9f9637e0b08.npz,a9f9637e0b08,False,False,,,,,,
iw_residual_dis2,2.0,0,6500,33009,1625,8255,0.9144615384615384,0.0,1.0,1.554425597190857,0.5,0.5,0.5686013698577881,0.24799638986587524,12.0,19.0,3.0,4.0,0.08743949353967738,0.0012113870381586917,1612.0,13.0,8245.0,10.0,ok,plugin,False,,1619.7876309880858,1551.4148721096394,1.998814139561107,0.9703610363743848,1.4050347194499244,0.4,1.863672366397987e-05,0.08745813026334136,0.9125418697366586,0.9125418697366586,False,0.0,3.0,0.75,0.0,0.75,entity13,1,ERM-aug-rand,logits,13,0.9149230718612671,0.9149230718612671,0.689448356628418,0.6898849010467529,splits_entity13_ERM-aug-rand_1_0_a9f9637e0b08.npz,a9f9637e0b08,False,False,0.0,0.38461538461538464,0.015384615384615385,,,
iw_overlap_critic,5.0,0,6500,33009,1625,8255,0.9144615384615384,0.0,1.0,1.554425597190857,0.5,0.5,0.5686013698577881,0.24799638986587524,,,,,0.08743949353967738,0.0,1625.0,0.0,8255.0,0.0,ok,plugin,False,,1648.208512295919,1548.8466031241971,2.8090110361600273,0.9718177324963967,1.4510294354635414,,0.0,0.08743949353967738,0.9125605064603226,0.9125605064603226,False,,,,,,entity13,1,ERM-aug-rand,logits,13,0.9149230718612671,0.9149230718612671,0.689448356628418,0.6898849010467529,splits_entity13_ERM-aug-rand_1_0_a9f9637e0b08.npz,a9f9637e0b08,False,False,,,,,,
iw_residual_dis2,5.0,0,6500,33009,1625,8255,0.9144615384615384,0.0,1.0,1.554425597190857,0.5,0.5,0.5686013698577881,0.24799638986587524,,,,,0.08743949353967738,0.0,1625.0,0.0,8255.0,0.0,ok,plugin,False,,1648.208512295919,1548.8466031241971,2.8090110361600273,0.9718177324963967,1.4510294354635414,,0.0,0.08743949353967738,0.9125605064603226,0.9125605064603226,False,,,,,,entity13,1,ERM-aug-rand,logits,13,0.9149230718612671,0.9149230718612671,0.689448356628418,0.6898849010467529,splits_entity13_ERM-aug-rand_1_0_a9f9637e0b08.npz,a9f9637e0b08,False,False,,,,,,
dis2_reference,,0,6500,33009,1625,8255,0.91446153819561,,,,,,,,,,,,,,,,,,ok,dis2_with_correction,True,0.07711571785933787,,,,,,,,0.2572016962077819,0.7427983037922181,0.6656825859328802,,49.0,9.0,0.17788147926330566,0.38564103841781616,0.5635225176811218,entity13,1,ERM-aug-rand,logits,13,0.9149230718612671,0.9149230718612671,0.689448356628418,0.6898849010467529,splits_entity13_ERM-aug-rand_1_0_a9f9637e0b08.npz,a9f9637e0b08,True,True,,,,0.01,0.33431741406711973,0.17166323440339193
iw_overlap_critic,1.0,0,6500,260,1625,65,0.9144615384615384,0.0,1.0,54.598148345947266,0.5,0.5,0.41615384817123413,0.2502419650554657,1061.0,38.0,539.0,13.0,0.047812920608648946,0.4307692307692308,879.0,746.0,37.0,28.0,ok,plugin,False,,874.0267362823993,878.9850045447927,0.9999887934500495,0.994987115133219,0.9994654637490208,0.9285714285714286,0.4,0.44781292060864897,0.552187079391351,0.552187079391351,False,48.0,9.0,0.6893907189369202,0.31060928106307983,1.0,entity13,2,ERM-aug-rand,logits,13,0.9149230718612671,0.9149230718612671,0.8500000238418579,0.892307698726654,splits_entity13_ERM-aug-rand_2_0_a9f9637e0b08.npz,a9f9637e0b08,True,True,,,,,,
iw_residual_dis2,1.0,0,6500,260,1625,65,0.9144615384615384,0.0,1.0,54.598148345947266,0.5,0.5,0.41615384817123413,0.2502419650554657,889.0,38.0,436.0,13.0,0.047812920608648946,0.4307692307692308,879.0,746.0,37.0,28.0,ok,plugin,False,,874.0267362823993,878.9850045447927,0.9999887934500495,0.994987115133219,0.9994654637490208,0.5357142857142857,-0.01637451020829035,0.03143841040035859,0.9685615895996414,0.9685615895996414,False,38.0,14.0,0.255645751953125,0.6674311757087708,0.9230769276618958,entity13,2,ERM-aug-rand,logits,13,0.9149230718612671,0.9149230718612671,0.8500000238418579,0.892307698726654,splits_entity13_ERM-aug-rand_2_0_a9f9637e0b08.npz,a9f9637e0b08,False,False,0.08176943699731903,0.6554959785522788,-0.11978169283799311,,,
iw_overlap_critic,2.0,0,6500,260,1625,65,0.9144615384615384,0.0,1.0,54.598148345947266,0.5,0.5,0.41615384817123413,0.2502419650554657,,,,,0.08548542547075218,0.0,1625.0,0.0,65.0,0.0,ok,plugin,False,,1623.4984472972017,1624.9331512248143,1.0185767005753568,0.9993005682814418,1.0091213077881618,,0.0,0.08548542547075218,0.9145145745292478,0.9145145745292478,False,,,,,,entity13,2,ERM-aug-rand,logits,13,0.9149230718612671,0.9149230718612671,0.8500000238418579,0.892307698726654,splits_entity13_ERM-aug-rand_2_0_a9f9637e0b08.npz,a9f9637e0b08,False,False,,,,,,
iw_residual_dis2,2.0,0,6500,260,1625,65,0.9144615384615384,0.0,1.0,54.598148345947266,0.5,0.5,0.41615384817123413,0.2502419650554657,,,,,0.08548542547075218,0.0,1625.0,0.0,65.0,0.0,ok,plugin,False,,1623.4984472972017,1624.9331512248143,1.0185767005753568,0.9993005682814418,1.0091213077881618,,0.0,0.08548542547075218,0.9145145745292478,0.9145145745292478,False,,,,,,entity13,2,ERM-aug-rand,logits,13,0.9149230718612671,0.9149230718612671,0.8500000238418579,0.892307698726654,splits_entity13_ERM-aug-rand_2_0_a9f9637e0b08.npz,a9f9637e0b08,False,False,,,,,,
iw_overlap_critic,5.0,0,6500,260,1625,65,0.9144615384615384,0.0,1.0,54.598148345947266,0.5,0.5,0.41615384817123413,0.2502419650554657,,,,,0.08548542547075218,0.0,1625.0,0.0,65.0,0.0,ok,plugin,False,,1623.4984472972017,1624.9331512248143,1.0185767005753568,0.9993005682814418,1.0091213077881618,,0.0,0.08548542547075218,0.9145145745292478,0.9145145745292478,False,,,,,,entity13,2,ERM-aug-rand,logits,13,0.9149230718612671,0.9149230718612671,0.8500000238418579,0.892307698726654,splits_entity13_ERM-aug-rand_2_0_a9f9637e0b08.npz,a9f9637e0b08,False,False,,,,,,
iw_residual_dis2,5.0,0,6500,260,1625,65,0.9144615384615384,0.0,1.0,54.598148345947266,0.5,0.5,0.41615384817123413,0.2502419650554657,,,,,0.08548542547075218,0.0,1625.0,0.0,65.0,0.0,ok,plugin,False,,1623.4984472972017,1624.9331512248143,1.0185767005753568,0.9993005682814418,1.0091213077881618,,0.0,0.08548542547075218,0.9145145745292478,0.9145145745292478,False,,,,,,entity13,2,ERM-aug-rand,logits,13,0.9149230718612671,0.9149230718612671,0.8500000238418579,0.892307698726654,splits_entity13_ERM-aug-rand_2_0_a9f9637e0b08.npz,a9f9637e0b08,False,False,,,,,,
dis2_reference,,0,6500,260,1625,65,0.91446153819561,,,,,,,,,,,,,,,,,,ok,dis2_with_correction,True,0.20271232772930264,,,,,,,,0.015384615650543831,0.9846153843494562,0.7819030566201535,,47.0,23.0,0.15897434949874878,0.5333333611488342,0.692307710647583,entity13,2,ERM-aug-rand,logits,13,0.9149230718612671,0.9149230718612671,0.8500000238418579,0.892307698726654,splits_entity13_ERM-aug-rand_2_0_a9f9637e0b08.npz,a9f9637e0b08,True,True,,,,0.01,0.21809694337984648,-0.07015384615384618
iw_overlap_critic,1.0,0,6500,260,1625,65,0.9144615384615384,0.0,1.0,17.523448944091797,0.5,0.5,0.5138461589813232,0.24997751414775848,1041.0,36.0,481.0,18.0,0.043971924385185955,0.5538461538461539,835.0,790.0,29.0,36.0,ok,plugin,False,,821.978551333644,834.8228233121679,0.9999742823915412,0.9885790144867295,0.9988812407657167,0.75,0.4153846153846154,0.45935653976980134,0.5406434602301986,0.5406434602301986,False,49.0,23.0,0.5892179012298584,0.2996709644794464,0.8888888955116272,entity13,3,ERM-aug-rand,logits,13,0.9149230718612671,0.9149230718612671,0.6499999761581421,0.6000000238418579,splits_entity13_ERM-aug-rand_3_0_a9f9637e0b08.npz,a9f9637e0b08,True,True,,,,,,
iw_residual_dis2,1.0,0,6500,260,1625,65,0.9144615384615384,0.0,1.0,17.523448944091797,0.5,0.5,0.5138461589813232,0.24997751414775848,909.0,36.0,494.0,18.0,0.043971924385185955,0.5538461538461539,835.0,790.0,29.0,36.0,ok,plugin,False,,821.978551333644,834.8228233121679,0.9999742823915412,0.9885790144867295,0.9988812407657167,0.7777777777777778,0.10336903602726387,0.14734096041244982,0.8526590395875502,0.8526590395875502,False,48.0,7.0,0.2228969931602478,0.6659919023513794,0.8888888955116272,entity13,3,ERM-aug-rand,logits,13,0.9149230718612671,0.9149230718612671,0.6499999761581421,0.6000000238418579,splits_entity13_ERM-aug-rand_3_0_a9f9637e0b08.npz,a9f9637e0b08,False,False,0.08481012658227848,0.6759493670886076,0.10182841068917015,,,
iw_overlap_critic,2.0,0,6500,260,1625,65,0.9144615384615384,0.0,1.0,17.523448944091797,0.5,0.5,0.5138461589813232,0.24997751414775848,,,,,0.08561346366829452,0.0,1625.0,0.0,65.0,0.0,ok,plugin,False,,1623.02780433634,1624.3167557606664,1.1044038706515327,0.9993943887100536,1.028945421278374,,0.0,0.08561346366829452,0.9143865363317055,0.9143865363317055,False,,,,,,entity13,3,ERM-aug-rand,logits,13,0.9149230718612671,0.9149230718612671,0.6499999761581421,0.6000000238418579,splits_entity13_ERM-aug-rand_3_0_a9f9637e0b08.npz,a9f9637e0b08,False,False,,,,,,
iw_residual_dis2,2.0,0,6500,260,1625,65,0.9144615384615384,0.0,1.0,17.523448944091797,0.5,0.5,0.5138461589813232,0.24997751414775848,,,,,0.08561346366829452,0.0,1625.0,0.0,65.0,0.0,ok,plugin,False,,1623.02780433634,1624.3167557606664,1.1044038706515327,0.9993943887100536,1.028945421278374,,0.0,0.08561346366829452,0.9143865363317055,0.9143865363317055,False,,,,,,entity13,3,ERM-aug-rand,logits,13,0.9149230718612671,0.9149230718612671,0.6499999761581421,0.6000000238418579,splits_entity13_ERM-aug-rand_3_0_a9f9637e0b08.npz,a9f9637e0b08,False,False,,,,,,
iw_overlap_critic,5.0,0,6500,260,1625,65,0.9144615384615384,0.0,1.0,17.523448944091797,0.5,0.5,0.5138461589813232,0.24997751414775848,,,,,0.08561346366829452,0.0,1625.0,0.0,65.0,0.0,ok,plugin,False,,1623.02780433634,1624.3167557606664,1.1044038706515327,0.9993943887100536,1.028945421278374,,0.0,0.08561346366829452,0.9143865363317055,0.9143865363317055,False,,,,,,entity13,3,ERM-aug-rand,logits,13,0.9149230718612671,0.9149230718612671,0.6499999761581421,0.6000000238418579,splits_entity13_ERM-aug-rand_3_0_a9f9637e0b08.npz,a9f9637e0b08,False,False,,,,,,
iw_residual_dis2,5.0,0,6500,260,1625,65,0.9144615384615384,0.0,1.0,17.523448944091797,0.5,0.5,0.5138461589813232,0.24997751414775848,,,,,0.08561346366829452,0.0,1625.0,0.0,65.0,0.0,ok,plugin,False,,1623.02780433634,1624.3167557606664,1.1044038706515327,0.9993943887100536,1.028945421278374,,0.0,0.08561346366829452,0.9143865363317055,0.9143865363317055,False,,,,,,entity13,3,ERM-aug-rand,logits,13,0.9149230718612671,0.9149230718612671,0.6499999761581421,0.6000000238418579,splits_entity13_ERM-aug-rand_3_0_a9f9637e0b08.npz,a9f9637e0b08,False,False,,,,,,
dis2_reference,,0,6500,260,1625,65,0.91446153819561,,,,,,,,,,,,,,,,,,ok,dis2_with_correction,True,0.20271232772930264,,,,,,,,0.14953846180438995,0.85046153819561,0.6477492104663074,,47.0,23.0,0.2769230902194977,0.4153846204280853,0.692307710647583,entity13,3,ERM-aug-rand,logits,13,0.9149230718612671,0.9149230718612671,0.6499999761581421,0.6000000238418579,splits_entity13_ERM-aug-rand_3_0_a9f9637e0b08.npz,a9f9637e0b08,True,False,,,,0.01,0.3522507895336926,0.064
iw_overlap_critic,1.0,0,6500,33009,1625,8255,0.9033846153846153,0.0,1.0,1.650232195854187,0.5,0.5,0.5637878775596619,0.2481401264667511,1190.0,5224.0,581.0,2654.0,0.04333556711216537,0.5316777710478497,922.0,703.0,3866.0,4389.0,ok,plugin,False,,816.3133343374235,914.8941703237332,0.999937890889247,0.8962087655023492,0.9906559625916308,0.7407154249259512,0.39382192610539063,0.437157493217556,0.5628425067824441,0.5628425067824441,False,49.0,23.0,0.5383254885673523,0.20281992852687836,0.7411454319953918,entity13,1,BN_adapt,logits,13,0.9027692079544067,0.9027692079544067,0.6835105419158936,0.6850393414497375,splits_entity13_BN_adapt_1_0_a9f9637e0b08.npz,a9f9637e0b08,True,True,,,,,,
iw_residual_dis2,1.0,0,6500,33009,1625,8255,0.9033846153846153,0.0,1.0,1.650232195854187,0.5,0.5,0.5637878775596619,0.2481401264667511,760.0,5224.0,394.0,2654.0,0.04333556711216537,0.5316777710478497,922.0,703.0,3866.0,4389.0,ok,plugin,False,,816.3133343374235,914.8941703237332,0.999937890889247,0.8962087655023492,0.9906559625916308,0.656641604010025,0.15626565390344918,0.19960122101561456,0.8003987789843854,0.8003987789843854,False,48.0,10.0,0.21365508437156677,0.46192893385887146,0.6755840182304382,entity13,1,BN_adapt,logits,13,0.9027692079544067,0.9027692079544067,0.6835105419158936,0.6850393414497375,splits_entity13_BN_adapt_1_0_a9f9637e0b08.npz,a9f9637e0b08,False,False,0.1166429587482219,0.4793741109530583,0.1772674930569667,,,
iw_overlap_critic,2.0,0,6500,33009,1625,8255,0.9033846153846153,0.0,1.0,1.650232195854187,0.5,0.5,0.5637878775596619,0.2481401264667511,1942.0,21.0,973.0,5.0,0.09859153917555401,0.0009691096305269534,1614.0,11.0,8247.0,8.0,ok,plugin,False,,1622.2537177272688,1556.4153920394392,1.9990020535284525,0.9750486713116084,1.3807890201173334,1.0,0.0009691096305269534,0.09956064880608097,0.900439351193919,0.900439351193919,False,49.0,23.0,0.7298791408538818,0.27012088894844055,1.0,entity13,1,BN_adapt,logits,13,0.9027692079544067,0.9027692079544067,0.6835105419158936,0.6850393414497375,splits_entity13_BN_adapt_1_0_a9f9637e0b08.npz,a9f9637e0b08,False,False,,,,,,
iw_residual_dis2,2.0,0,6500,33009,1625,8255,0.9033846153846153,0.0,1.0,1.650232195854187,0.5,0.5,0.5637878775596619,0.2481401264667511,8.0,21.0,2.0,5.0,0.09859153917555401,0.0009691096305269534,1614.0,11.0,8247.0,8.0,ok,plugin,False,,1622.2537177272688,1556.4153920394392,1.9990020535284525,0.9750486713116084,1.3807890201173334,1.0,0.00017620175100490056,0.0987677409265589,0.9012322590734411,0.9012322590734411,False,7.0,22.0,0.5,0.5,1.0,entity13,1,BN_adapt,logits,13,0.9027692079544067,0.9027692079544067,0.6835105419158936,0.6850393414497375,splits_entity13_BN_adapt_1_0_a9f9637e0b08.npz,a9f9637e0b08,False,False,0.0,0.8181818181818182,0.18181818181818177,,,
iw_overlap_critic,5.0,0,6500,33009,1625,8255,0.9033846153846153,0.0,1.0,1.650232195854187,0.5,0.5,0.5637878775596619,0.2481401264667511,,,,,0.09859153917555398,0.0,1625.0,0.0,8255.0,0.0,ok,plugin,False,,1646.3505643146007,1553.930554698981,2.7557952440952973,0.9764217130483973,1.4047130512240267,,0.0,0.09859153917555398,0.901408460824446,0.901408460824446,False,,,,,,entity13,1,BN_adapt,logits,13,0.9027692079544067,0.9027692079544067,0.6835105419158936,0.6850393414497375,splits_entity13_BN_adapt_1_0_a9f9637e0b08.npz,a9f9637e0b08,False,False,,,,,,
iw_residual_dis2,5.0,0,6500,33009,1625,8255,0.9033846153846153,0.0,1.0,1.650232195854187,0.5,0.5,0.5637878775596619,0.2481401264667511,,,,,0.09859153917555398,0.0,1625.0,0.0,8255.0,0.0,ok,plugin,False,,1646.3505643146007,1553.930554698981,2.7557952440952973,0.9764217130483973,1.4047130512240267,,0.0,0.09859153917555398,0.901408460824446,0.901408460824446,False,,,,,,entity13,1,BN_adapt,logits,13,0.9027692079544067,0.9027692079544067,0.6835105419158936,0.6850393414497375,splits_entity13_BN_adapt_1_0_a9f9637e0b08.npz,a9f9637e0b08,False,False,,,,,,
dis2_reference,,0,6500,33009,1625,8255,0.903384618461132,,,,,,,,,,,,,,,,,,ok,dis2_with_correction,True,0.07711571785933787,,,,,,,,0.2640629890494676,0.7359370109505323,0.6588212930911944,,49.0,9.0,0.1785188913345337,0.3835897445678711,0.5621086359024048,entity13,1,BN_adapt,logits,13,0.9027692079544067,0.9027692079544067,0.6835105419158936,0.6850393414497375,splits_entity13_BN_adapt_1_0_a9f9637e0b08.npz,a9f9637e0b08,True,True,,,,0.01,0.3411787069088055,0.16744760751059967
iw_overlap_critic,1.0,0,6500,260,1625,65,0.9144615384615384,0.0,1.0,54.598148345947266,0.5,0.5,0.4046154022216797,0.2502044141292572,1044.0,35.0,516.0,14.0,0.046594460379709816,0.4153846153846154,874.0,751.0,38.0,27.0,ok,plugin,False,,869.3635174735069,873.985510728233,0.9999783995034343,0.9954214401814736,0.9996173801023032,0.8888888888888888,0.36923076923076925,0.4158252296104791,0.5841747703895209,0.5841747703895209,False,49.0,18.0,0.656516432762146,0.3434835970401764,1.0,entity13,2,BN_adapt,logits,13,0.9160000085830688,0.9160000085830688,0.8538461327552795,0.892307698726654,splits_entity13_BN_adapt_2_0_a9f9637e0b08.npz,a9f9637e0b08,True,True,,,,,,
iw_residual_dis2,1.0,0,6500,260,1625,65,0.9144615384615384,0.0,1.0,54.598148345947266,0.5,0.5,0.4046154022216797,0.2502044141292572,906.0,35.0,459.0,14.0,0.046594460379709816,0.4153846153846154,874.0,751.0,38.0,27.0,ok,plugin,False,,869.3635174735069,873.985510728233,0.9999783995034343,0.9954214401814736,0.9996173801023032,0.48148148148148145,-0.017371709515517784,0.029222750864192033,0.970777249135808,0.970777249135808,False,43.0,14.0,0.2231559157371521,0.6339869499206543,0.8571428656578064,entity13,2,BN_adapt,logits,13,0.9160000085830688,0.9160000085830688,0.8538461327552795,0.892307698726654,splits_entity13_BN_adapt_2_0_a9f9637e0b08.npz,a9f9637e0b08,False,False,0.08388814913448735,0.607190412782956,-0.1257089313014746,,,
iw_overlap_critic,2.0,0,6500,260,1625,65,0.9144615384615384,0.0,1.0,54.598148345947266,0.5,0.5,0.4046154022216797,0.2502044141292572,,,,,0.08549179993603254,0.0,1625.0,0.0,65.0,0.0,ok,plugin,False,,1623.6031730514296,1624.9410484565392,1.0169836812494013,0.9994533457795531,1.008375883871066,,0.0,0.08549179993603254,0.9145082000639675,0.9145082000639675,False,,,,,,entity13,2,BN_adapt,logits,13,0.9160000085830688,0.9160000085830688,0.8538461327552795,0.892307698726654,splits_entity13_BN_adapt_2_0_a9f9637e0b08.npz,a9f9637e0b08,False,False,,,,,,
iw_residual_dis2,2.0,0,6500,260,1625,65,0.9144615384615384,0.0,1.0,54.598148345947266,0.5,0.5,0.4046154022216797,0.2502044141292572,,,,,0.08549179993603254,0.0,1625.0,0.0,65.0,0.0,ok,plugin,False,,1623.6031730514296,1624.9410484565392,1.0169836812494013,0.9994533457795531,1.008375883871066,,0.0,0.08549179993603254,0.9145082000639675,0.9145082000639675,False,,,,,,entity13,2,BN_adapt,logits,13,0.9160000085830688,0.9160000085830688,0.8538461327552795,0.892307698726654,splits_entity13_BN_adapt_2_0_a9f9637e0b08.npz,a9f9637e0b08,False,False,,,,,,
iw_overlap_critic,5.0,0,6500,260,1625,65,0.9144615384615384,0.0,1.0,54.598148345947266,0.5,0.5,0.4046154022216797,0.2502044141292572,,,,,0.08549179993603254,0.0,1625.0,0.0,65.0,0.0,ok,plugin,False,,1623.6031730514296,1624.9410484565392,1.0169836812494013,0.9994533457795531,1.008375883871066,,0.0,0.08549179993603254,0.9145082000639675,0.9145082000639675,False,,,,,,entity13,2,BN_adapt,logits,13,0.9160000085830688,0.9160000085830688,0.8538461327552795,0.892307698726654,splits_entity13_BN_adapt_2_0_a9f9637e0b08.npz,a9f9637e0b08,False,False,,,,,,
iw_residual_dis2,5.0,0,6500,260,1625,65,0.9144615384615384,0.0,1.0,54.598148345947266,0.5,0.5,0.4046154022216797,0.2502044141292572,,,,,0.08549179993603254,0.0,1625.0,0.0,65.0,0.0,ok,plugin,False,,1623.6031730514296,1624.9410484565392,1.0169836812494013,0.9994533457795531,1.008375883871066,,0.0,0.08549179993603254,0.9145082000639675,0.9145082000639675,False,,,,,,entity13,2,BN_adapt,logits,13,0.9160000085830688,0.9160000085830688,0.8538461327552795,0.892307698726654,splits_entity13_BN_adapt_2_0_a9f9637e0b08.npz,a9f9637e0b08,False,False,,,,,,
dis2_reference,,0,6500,260,1625,65,0.91446153819561,,,,,,,,,,,,,,,,,,ok,dis2_with_correction,True,0.20271232772930264,,,,,,,,-0.024615384349456204,1.024615384349456,0.8219030566201535,,47.0,23.0,0.14051282405853271,0.5261538624763489,0.6666666865348816,entity13,2,BN_adapt,logits,13,0.9160000085830688,0.9160000085830688,0.8538461327552795,0.892307698726654,splits_entity13_BN_adapt_2_0_a9f9637e0b08.npz,a9f9637e0b08,True,True,,,,0.01,0.17809694337984644,-0.11015384615384616
iw_overlap_critic,1.0,0,6500,260,1625,65,0.9126153846153846,0.0,1.0,25.396963119506836,0.5,0.5,0.4976922869682312,0.24999010562896729,1000.0,38.0,469.0,19.0,0.04284233538333156,0.5384615384615384,801.0,824.0,30.0,35.0,ok,plugin,False,,792.101134155715,800.9235839120635,0.9999904626019942,0.9917117197580985,0.9993540574389966,0.7142857142857143,0.3846153846153846,0.4274577199987161,0.5725422800012838,0.5725422800012838,False,49.0,23.0,0.5978481769561768,0.3495202660560608,0.9473684430122375,entity13,3,BN_adapt,logits,13,0.9144615530967712,0.9144615530967712,0.6615384817123413,0.6000000238418579,splits_entity13_BN_adapt_3_0_a9f9637e0b08.npz,a9f9637e0b08,True,True,,,,,,
iw_residual_dis2,1.0,0,6500,260,1625,65,0.9126153846153846,0.0,1.0,25.396963119506836,0.5,0.5,0.4976922869682312,0.24999010562896729,950.0,38.0,506.0,19.0,0.04284233538333156,0.5384615384615384,801.0,824.0,30.0,35.0,ok,plugin,False,,792.101134155715,800.9235839120635,0.9999904626019942,0.9917117197580985,0.9993540574389966,0.8,0.07462658700522781,0.11746892238855938,0.8825310776114406,0.8825310776114406,False,42.0,19.0,0.1951320767402649,0.6996047496795654,0.8947368264198303,entity13,3,BN_adapt,logits,13,0.9144615530967712,0.9144615530967712,0.6615384817123413,0.6000000238418579,splits_entity13_BN_adapt_3_0_a9f9637e0b08.npz,a9f9637e0b08,False,False,0.08737864077669903,0.7487864077669902,0.05121359223300981,,,
iw_overlap_critic,2.0,0,6500,260,1625,65,0.9126153846153846,0.0,1.0,25.396963119506836,0.5,0.5,0.4976922869682312,0.24999010562896729,,,,,0.08743014291039441,0.0,1625.0,0.0,65.0,0.0,ok,plugin,False,,1623.6589756495289,1624.6969360668897,1.0638108333751262,1.000203957157243,1.0190105804730032,,0.0,0.08743014291039441,0.9125698570896056,0.9125698570896056,False,,,,,,entity13,3,BN_adapt,logits,13,0.9144615530967712,0.9144615530967712,0.6615384817123413,0.6000000238418579,splits_entity13_BN_adapt_3_0_a9f9637e0b08.npz,a9f9637e0b08,False,False,,,,,,
iw_residual_dis2,2.0,0,6500,260,1625,65,0.9126153846153846,0.0,1.0,25.396963119506836,0.5,0.5,0.4976922869682312,0.24999010562896729,,,,,0.08743014291039441,0.0,1625.0,0.0,65.0,0.0,ok,plugin,False,,1623.6589756495289,1624.6969360668897,1.0638108333751262,1.000203957157243,1.0190105804730032,,0.0,0.08743014291039441,0.9125698570896056,0.9125698570896056,False,,,,,,entity13,3,BN_adapt,logits,13,0.9144615530967712,0.9144615530967712,0.6615384817123413,0.6000000238418579,splits_entity13_BN_adapt_3_0_a9f9637e0b08.npz,a9f9637e0b08,False,False,,,,,,
iw_overlap_critic,5.0,0,6500,260,1625,65,0.9126153846153846,0.0,1.0,25.396963119506836,0.5,0.5,0.4976922869682312,0.24999010562896729,,,,,0.08743014291039441,0.0,1625.0,0.0,65.0,0.0,ok,plugin,False,,1623.6589756495289,1624.6969360668897,1.0638108333751262,1.000203957157243,1.0190105804730032,,0.0,0.08743014291039441,0.9125698570896056,0.9125698570896056,False,,,,,,entity13,3,BN_adapt,logits,13,0.9144615530967712,0.9144615530967712,0.6615384817123413,0.6000000238418579,splits_entity13_BN_adapt_3_0_a9f9637e0b08.npz,a9f9637e0b08,False,False,,,,,,
iw_residual_dis2,5.0,0,6500,260,1625,65,0.9126153846153846,0.0,1.0,25.396963119506836,0.5,0.5,0.4976922869682312,0.24999010562896729,,,,,0.08743014291039441,0.0,1625.0,0.0,65.0,0.0,ok,plugin,False,,1623.6589756495289,1624.6969360668897,1.0638108333751262,1.000203957157243,1.0190105804730032,,0.0,0.08743014291039441,0.9125698570896056,0.9125698570896056,False,,,,,,entity13,3,BN_adapt,logits,13,0.9144615530967712,0.9144615530967712,0.6615384817123413,0.6000000238418579,splits_entity13_BN_adapt_3_0_a9f9637e0b08.npz,a9f9637e0b08,False,False,,,,,,
dis2_reference,,0,6500,260,1625,65,0.9126153811812401,,,,,,,,,,,,,,,,,,ok,dis2_with_correction,True,0.20271232772930264,,,,,,,,0.13353846497260607,0.8664615350273939,0.6637492072980913,,47.0,23.0,0.255384624004364,0.436923086643219,0.692307710647583,entity13,3,BN_adapt,logits,13,0.9144615530967712,0.9144615530967712,0.6615384817123413,0.6000000238418579,splits_entity13_BN_adapt_3_0_a9f9637e0b08.npz,a9f9637e0b08,False,False,,,,0.01,0.3362507927019087,0.046153846153846156
iw_overlap_critic,1.0,0,6500,33009,1625,8255,0.904,0.0,1.0,3.687960147857666,0.5,0.5,0.5205477476119995,0.2499305009841919,1095.0,4702.0,550.0,2417.0,0.04181362875056923,0.48806783767413686,885.0,740.0,4226.0,4029.0,ok,plugin,False,,864.6688732413556,884.6536146671405,0.9999275160078163,0.9821882647149035,0.9979589050040645,0.8607594936708861,0.42010902483343426,0.4619226535840035,0.5380773464159965,0.5380773464159965,False,49.0,3.0,0.5705972909927368,0.2730105221271515,0.8436077833175659,entity13,1,DANN,logits,13,0.9058461785316467,0.9058461785316467,0.7318307161331177,0.7345851063728333,splits_entity13_DANN_1_0_a9f9637e0b08.npz,a9f9637e0b08,True,True,,,,,,
iw_residual_dis2,1.0,0,6500,33009,1625,8255,0.904,0.0,1.0,3.687960147857666,0.5,0.5,0.5205477476119995,0.2499305009841919,855.0,4702.0,425.0,2417.0,0.04181362875056923,0.48806783767413686,885.0,740.0,4226.0,4029.0,ok,plugin,False,,864.6688732413556,884.6536146671405,0.9999275160078163,0.9821882647149035,0.9979589050040645,0.7453462397617274,0.07357702948254125,0.11539065823311048,0.8846093417668895,0.8846093417668895,False,48.0,6.0,0.11007809638977051,0.6470588445663452,0.7571369409561157,entity13,1,DANN,logits,13,0.9058461785316467,0.9058461785316467,0.7318307161331177,0.7345851063728333,splits_entity13_DANN_1_0_a9f9637e0b08.npz,a9f9637e0b08,False,False,0.11756756756756757,0.7121621621621622,0.03318407759956521,,,
iw_overlap_critic,2.0,0,6500,33009,1625,8255,0.904,0.0,1.0,3.687960147857666,0.5,0.5,0.5205477476119995,0.2499305009841919,,,,,0.09639714465357448,0.0,1625.0,0.0,8255.0,0.0,ok,plugin,False,,1625.4517205351008,1623.127962288316,1.1462175380180653,0.9971896588399498,1.0615643537686947,,0.0,0.09639714465357448,0.9036028553464255,0.9036028553464255,False,,,,,,entity13,1,DANN,logits,13,0.9058461785316467,0.9058461785316467,0.7318307161331177,0.7345851063728333,splits_entity13_DANN_1_0_a9f9637e0b08.npz,a9f9637e0b08,False,False,,,,,,
iw_residual_dis2,2.0,0,6500,33009,1625,8255,0.904,0.0,1.0,3.687960147857666,0.5,0.5,0.5205477476119995,0.2499305009841919,,,,,0.09639714465357448,0.0,1625.0,0.0,8255.0,0.0,ok,plugin,False,,1625.4517205351008,1623.127962288316,1.1462175380180653,0.9971896588399498,1.0615643537686947,,0.0,0.09639714465357448,0.9036028553464255,0.9036028553464255,False,,,,,,entity13,1,DANN,logits,13,0.9058461785316467,0.9058461785316467,0.7318307161331177,0.7345851063728333,splits_entity13_DANN_1_0_a9f9637e0b08.npz,a9f9637e0b08,False,False,,,,,,
iw_overlap_critic,5.0,0,6500,33009,1625,8255,0.904,0.0,1.0,3.687960147857666,0.5,0.5,0.5205477476119995,0.2499305009841919,,,,,0.09639714465357448,0.0,1625.0,0.0,8255.0,0.0,ok,plugin,False,,1625.4517205351008,1623.127962288316,1.1462175380180653,0.9971896588399498,1.0615643537686947,,0.0,0.09639714465357448,0.9036028553464255,0.9036028553464255,False,,,,,,entity13,1,DANN,logits,13,0.9058461785316467,0.9058461785316467,0.7318307161331177,0.7345851063728333,splits_entity13_DANN_1_0_a9f9637e0b08.npz,a9f9637e0b08,False,False,,,,,,
iw_residual_dis2,5.0,0,6500,33009,1625,8255,0.904,0.0,1.0,3.687960147857666,0.5,0.5,0.5205477476119995,0.2499305009841919,,,,,0.09639714465357448,0.0,1625.0,0.0,8255.0,0.0,ok,plugin,False,,1625.4517205351008,1623.127962288316,1.1462175380180653,0.9971896588399498,1.0615643537686947,,0.0,0.09639714465357448,0.9036028553464255,0.9036028553464255,False,,,,,,entity13,1,DANN,logits,13,0.9058461785316467,0.9058461785316467,0.7318307161331177,0.7345851063728333,splits_entity13_DANN_1_0_a9f9637e0b08.npz,a9f9637e0b08,False,False,,,,,,
dis2_reference,,0,6500,33009,1625,8255,0.903999999165535,,,,,,,,,,,,,,,,,,ok,dis2_with_correction,True,0.07711571785933787,,,,,,,,0.12956026733961334,0.8704397326603867,0.7933240148010487,,43.0,10.0,0.07382673025131226,0.6379486918449402,0.7117754220962524,entity13,1,DANN,logits,13,0.9058461785316467,0.9058461785316467,0.7318307161331177,0.7345851063728333,splits_entity13_DANN_1_0_a9f9637e0b08.npz,a9f9637e0b08,False,False,,,,0.01,0.2066759851989512,0.03356026650514832
iw_overlap_critic,1.0,0,6500,260,1625,65,0.9101538461538462,0.0,1.0,54.598148345947266,0.5,0.5,0.4661538600921631,0.2502062916755676,1113.0,39.0,569.0,16.0,0.05759764141923442,0.4153846153846154,914.0,711.0,38.0,27.0,ok,plugin,False,,908.1486485502286,913.9821017782385,0.9999544651190597,0.9942687875436158,0.9993117797282113,0.9259259259259259,0.38461538461538464,0.44221302603461904,0.5577869739653809,0.5577869739653809,False,49.0,9.0,0.6696166396141052,0.2678833603858948,0.9375,entity13,2,DANN,logits,13,0.9129230976104736,0.9129230976104736,0.8615384697914124,0.8461538553237915,splits_entity13_DANN_2_0_a9f9637e0b08.npz,a9f9637e0b08,True,True,,,,,,
iw_residual_dis2,1.0,0,6500,260,1625,65,0.9101538461538462,0.0,1.0,54.598148345947266,0.5,0.5,0.4661538600921631,0.2502062916755676,837.0,39.0,406.0,16.0,0.05759764141923442,0.4153846153846154,914.0,711.0,38.0,27.0,ok,plugin,False,,908.1486485502286,913.9821017782385,0.9999544651190597,0.9942687875436158,0.9993117797282113,0.4444444444444444,-0.06134371957156771,-0.0037460781523332848,1.0037460781523333,1.0,True,36.0,10.0,0.3020319938659668,0.6354680061340332,0.9375,entity13,2,DANN,logits,13,0.9129230976104736,0.9129230976104736,0.8615384697914124,0.8461538553237915,splits_entity13_DANN_2_0_a9f9637e0b08.npz,a9f9637e0b08,False,False,0.07313642756680731,0.6652601969057665,-0.22081575246132212,,,
iw_overlap_critic,2.0,0,6500,260,1625,65,0.9101538461538462,0.0,1.0,54.598148345947266,0.5,0.5,0.4661538600921631,0.2502062916755676,,,,,0.0897240432078486,0.0,1625.0,0.0,65.0,0.0,ok,plugin,False,,1622.9808566687552,1624.9135293180054,1.0295263289046488,0.9986247373788582,1.0103302394559432,,0.0,0.0897240432078486,0.9102759567921515,0.9102759567921515,False,,,,,,entity13,2,DANN,logits,13,0.9129230976104736,0.9129230976104736,0.8615384697914124,0.8461538553237915,splits_entity13_DANN_2_0_a9f9637e0b08.npz,a9f9637e0b08,False,False,,,,,,
iw_residual_dis2,2.0,0,6500,260,1625,65,0.9101538461538462,0.0,1.0,54.598148345947266,0.5,0.5,0.4661538600921631,0.2502062916755676,,,,,0.0897240432078486,0.0,1625.0,0.0,65.0,0.0,ok,plugin,False,,1622.9808566687552,1624.9135293180054,1.0295263289046488,0.9986247373788582,1.0103302394559432,,0.0,0.0897240432078486,0.9102759567921515,0.9102759567921515,False,,,,,,entity13,2,DANN,logits,13,0.9129230976104736,0.9129230976104736,0.8615384697914124,0.8461538553237915,splits_entity13_DANN_2_0_a9f9637e0b08.npz,a9f9637e0b08,False,False,,,,,,
iw_overlap_critic,5.0,0,6500,260,1625,65,0.9101538461538462,0.0,1.0,54.598148345947266,0.5,0.5,0.4661538600921631,0.2502062916755676,,,,,0.0897240432078486,0.0,1625.0,0.0,65.0,0.0,ok,plugin,False,,1622.9808566687552,1624.9135293180054,1.0295263289046488,0.9986247373788582,1.0103302394559432,,0.0,0.0897240432078486,0.9102759567921515,0.9102759567921515,False,,,,,,entity13,2,DANN,logits,13,0.9129230976104736,0.9129230976104736,0.8615384697914124,0.8461538553237915,splits_entity13_DANN_2_0_a9f9637e0b08.npz,a9f9637e0b08,False,False,,,,,,
iw_residual_dis2,5.0,0,6500,260,1625,65,0.9101538461538462,0.0,1.0,54.598148345947266,0.5,0.5,0.4661538600921631,0.2502062916755676,,,,,0.0897240432078486,0.0,1625.0,0.0,65.0,0.0,ok,plugin,False,,1622.9808566687552,1624.9135293180054,1.0295263289046488,0.9986247373788582,1.0103302394559432,,0.0,0.0897240432078486,0.9102759567921515,0.9102759567921515,False,,,,,,entity13,2,DANN,logits,13,0.9129230976104736,0.9129230976104736,0.8615384697914124,0.8461538553237915,splits_entity13_DANN_2_0_a9f9637e0b08.npz,a9f9637e0b08,False,False,,,,,,
dis2_reference,,0,6500,260,1625,65,0.9101538434624672,,,,,,,,,,,,,,,,,,ok,dis2_with_correction,True,0.20271232772930264,,,,,,,,0.011692310383686677,0.9883076896163133,0.7855953618870106,,49.0,6.0,0.17333334684371948,0.6984615325927734,0.8717948794364929,entity13,2,DANN,logits,13,0.9129230976104736,0.9129230976104736,0.8615384697914124,0.8461538553237915,splits_entity13_DANN_2_0_a9f9637e0b08.npz,a9f9637e0b08,True,True,,,,0.01,0.21440463811298932,-0.07815384615384613
iw_overlap_critic,1.0,0,6500,260,1625,65,0.9027692307692308,0.0,1.0,3.830349922180176,0.5,0.5,0.516153872013092,0.24943119287490845,1071.0,25.0,528.0,20.0,0.0499649448973833,0.4307692307692308,865.0,760.0,37.0,28.0,ok,plugin,False,,790.1093637109918,860.9135106987356,0.9998734433510261,0.9263041133738809,0.9922203755066153,0.75,0.3230769230769231,0.3730418679743064,0.6269581320256936,0.6269581320256936,False,49.0,16.0,0.5582594871520996,0.3417404890060425,0.8999999761581421,entity13,3,DANN,logits,13,0.907076895236969,0.907076895236969,0.6653845906257629,0.5538461804389954,splits_entity13_DANN_3_0_a9f9637e0b08.npz,a9f9637e0b08,True,False,,,,,,
iw_residual_dis2,1.0,0,6500,260,1625,65,0.9027692307692308,0.0,1.0,3.830349922180176,0.5,0.5,0.516153872013092,0.24943119287490845,879.0,25.0,447.0,20.0,0.0499649448973833,0.4307692307692308,865.0,760.0,37.0,28.0,ok,plugin,False,,790.1093637109918,860.9135106987356,0.9998734433510261,0.9263041133738809,0.9922203755066153,0.6071428571428571,0.10623481781376513,0.15619976271114844,0.8438002372888516,0.8438002372888516,False,49.0,23.0,0.24060401320457458,0.4093959629535675,0.6499999761581421,entity13,3,DANN,logits,13,0.907076895236969,0.907076895236969,0.6653845906257629,0.5538461804389954,splits_entity13_DANN_3_0_a9f9637e0b08.npz,a9f9637e0b08,False,False,0.09473684210526316,0.45526315789473687,0.15187969924812023,,,
iw_overlap_critic,2.0,0,6500,260,1625,65,0.9027692307692308,0.0,1.0,3.830349922180176,0.5,0.5,0.516153872013092,0.24943119287490845,,,,,0.09681538424086301,0.0,1625.0,0.0,65.0,0.0,ok,plugin,False,,1615.3376722153525,1605.3965348105921,1.5597519588395117,0.9906993489179656,1.1750664949801826,,0.0,0.09681538424086301,0.903184615759137,0.903184615759137,False,,,,,,entity13,3,DANN,logits,13,0.907076895236969,0.907076895236969,0.6653845906257629,0.5538461804389954,splits_entity13_DANN_3_0_a9f9637e0b08.npz,a9f9637e0b08,False,False,,,,,,
iw_residual_dis2,2.0,0,6500,260,1625,65,0.9027692307692308,0.0,1.0,3.830349922180176,0.5,0.5,0.516153872013092,0.24943119287490845,,,,,0.09681538424086301,0.0,1625.0,0.0,65.0,0.0,ok,plugin,False,,1615.3376722153525,1605.3965348105921,1.5597519588395117,0.9906993489179656,1.1750664949801826,,0.0,0.09681538424086301,0.903184615759137,0.903184615759137,False,,,,,,entity13,3,DANN,logits,13,0.907076895236969,0.907076895236969,0.6653845906257629,0.5538461804389954,splits_entity13_DANN_3_0_a9f9637e0b08.npz,a9f9637e0b08,False,False,,,,,,
iw_overlap_critic,5.0,0,6500,260,1625,65,0.9027692307692308,0.0,1.0,3.830349922180176,0.5,0.5,0.516153872013092,0.24943119287490845,,,,,0.09681538424086301,0.0,1625.0,0.0,65.0,0.0,ok,plugin,False,,1615.3376722153525,1605.3965348105921,1.5597519588395117,0.9906993489179656,1.1750664949801826,,0.0,0.09681538424086301,0.903184615759137,0.903184615759137,False,,,,,,entity13,3,DANN,logits,13,0.907076895236969,0.907076895236969,0.6653845906257629,0.5538461804389954,splits_entity13_DANN_3_0_a9f9637e0b08.npz,a9f9637e0b08,False,False,,,,,,
iw_residual_dis2,5.0,0,6500,260,1625,65,0.9027692307692308,0.0,1.0,3.830349922180176,0.5,0.5,0.516153872013092,0.24943119287490845,,,,,0.09681538424086301,0.0,1625.0,0.0,65.0,0.0,ok,plugin,False,,1615.3376722153525,1605.3965348105921,1.5597519588395117,0.9906993489179656,1.1750664949801826,,0.0,0.09681538424086301,0.903184615759137,0.903184615759137,False,,,,,,entity13,3,DANN,logits,13,0.907076895236969,0.907076895236969,0.6653845906257629,0.5538461804389954,splits_entity13_DANN_3_0_a9f9637e0b08.npz,a9f9637e0b08,False,False,,,,,,
dis2_reference,,0,6500,260,1625,65,0.9027692303061485,,,,,,,,,,,,,,,,,,ok,dis2_with_correction,True,0.20271232772930264,,,,,,,,0.19261538507846687,0.8073846149215331,0.6046722871922305,,42.0,13.0,0.17025643587112427,0.7015384435653687,0.8717948794364929,entity13,3,DANN,logits,13,0.907076895236969,0.907076895236969,0.6653845906257629,0.5538461804389954,splits_entity13_DANN_3_0_a9f9637e0b08.npz,a9f9637e0b08,True,False,,,,0.01,0.3953277128077695,0.0953846153846154
iw_overlap_critic,1.0,0,6500,33009,1625,8255,0.9132307692307693,0.0,1.0,2.3979692459106445,0.5,0.5,0.5145338177680969,0.249808669090271,963.0,5331.0,476.0,2766.0,0.03412582826704046,0.549969715324046,785.0,840.0,3715.0,4540.0,ok,plugin,False,,750.9498097397159,783.7142289563793,0.9999609406397204,0.9687097760954148,0.9972071276848182,0.904625550660793,0.4975166565717747,0.5316424848388152,0.46835751516118485,0.46835751516118485,False,49.0,22.0,0.6232531070709229,0.2878097891807556,0.9110628962516785,entity13,1,CDANN,logits,13,0.9096922874450684,0.9096922874450684,0.7354357838630676,0.7372501492500305,splits_entity13_CDANN_1_0_a9f9637e0b08.npz,a9f9637e0b08,True,True,,,,,,
iw_residual_dis2,1.0,0,6500,33009,1625,8255,0.9132307692307693,0.0,1.0,2.3979692459106445,0.5,0.5,0.5145338177680969,0.249808669090271,987.0,5331.0,499.0,2766.0,0.03412582826704046,0.549969715324046,785.0,840.0,3715.0,4540.0,ok,plugin,False,,750.9498097397159,783.7142289563793,0.9999609406397204,0.9687097760954148,0.9972071276848182,0.6726872246696035,0.08908021112745518,0.12320603939449565,0.8767939606055044,0.8767939606055044,False,47.0,2.0,0.09279733896255493,0.5731462836265564,0.6659436225891113,entity13,1,CDANN,logits,13,0.9096922874450684,0.9096922874450684,0.7354357838630676,0.7372501492500305,splits_entity13_CDANN_1_0_a9f9637e0b08.npz,a9f9637e0b08,False,False,0.1,0.6107142857142858,0.06197293895531775,,,
iw_overlap_critic,2.0,0,6500,33009,1625,8255,0.9132307692307693,0.0,1.0,2.3979692459106445,0.5,0.5,0.5145338177680969,0.249808669090271,,,,,0.08716403965803889,0.0,1625.0,0.0,8255.0,0.0,ok,plugin,False,,1626.8977533661987,1619.8178218856433,1.215461134426152,1.0017289576700812,1.0907405019841945,,0.0,0.08716403965803889,0.9128359603419611,0.9128359603419611,False,,,,,,entity13,1,CDANN,logits,13,0.9096922874450684,0.9096922874450684,0.7354357838630676,0.7372501492500305,splits_entity13_CDANN_1_0_a9f9637e0b08.npz,a9f9637e0b08,False,False,,,,,,
iw_residual_dis2,2.0,0,6500,33009,1625,8255,0.9132307692307693,0.0,1.0,2.3979692459106445,0.5,0.5,0.5145338177680969,0.249808669090271,,,,,0.08716403965803889,0.0,1625.0,0.0,8255.0,0.0,ok,plugin,False,,1626.8977533661987,1619.8178218856433,1.215461134426152,1.0017289576700812,1.0907405019841945,,0.0,0.08716403965803889,0.9128359603419611,0.9128359603419611,False,,,,,,entity13,1,CDANN,logits,13,0.9096922874450684,0.9096922874450684,0.7354357838630676,0.7372501492500305,splits_entity13_CDANN_1_0_a9f9637e0b08.npz,a9f9637e0b08,False,False,,,,,,
iw_overlap_critic,5.0,0,6500,33009,1625,8255,0.9132307692307693,0.0,1.0,2.3979692459106445,0.5,0.5,0.5145338177680969,0.249808669090271,,,,,0.08716403965803889,0.0,1625.0,0.0,8255.0,0.0,ok,plugin,False,,1626.8977533661987,1619.8178218856433,1.215461134426152,1.0017289576700812,1.0907405019841945,,0.0,0.08716403965803889,0.9128359603419611,0.9128359603419611,False,,,,,,entity13,1,CDANN,logits,13,0.9096922874450684,0.9096922874450684,0.7354357838630676,0.7372501492500305,splits_entity13_CDANN_1_0_a9f9637e0b08.npz,a9f9637e0b08,False,False,,,,,,
iw_residual_dis2,5.0,0,6500,33009,1625,8255,0.9132307692307693,0.0,1.0,2.3979692459106445,0.5,0.5,0.5145338177680969,0.249808669090271,,,,,0.08716403965803889,0.0,1625.0,0.0,8255.0,0.0,ok,plugin,False,,1626.8977533661987,1619.8178218856433,1.215461134426152,1.0017289576700812,1.0907405019841945,,0.0,0.08716403965803889,0.9128359603419611,0.9128359603419611,False,,,,,,entity13,1,CDANN,logits,13,0.9096922874450684,0.9096922874450684,0.7354357838630676,0.7372501492500305,splits_entity13_CDANN_1_0_a9f9637e0b08.npz,a9f9637e0b08,False,False,,,,,,
dis2_reference,,0,6500,33009,1625,8255,0.9132307693362236,,,,,,,,,,,,,,,,,,ok,dis2_with_correction,True,0.07711571785933787,,,,,,,,0.10490127185093567,0.8950987281490643,0.8179830102897264,,45.0,10.0,0.07220053672790527,0.6123076677322388,0.684508204460144,entity13,1,CDANN,logits,13,0.9096922874450684,0.9096922874450684,0.7354357838630676,0.7372501492500305,splits_entity13_CDANN_1_0_a9f9637e0b08.npz,a9f9637e0b08,False,False,,,,0.01,0.18201698971027352,0.018132041187159276
iw_overlap_critic,1.0,0,6500,260,1625,65,0.9058461538461539,0.0,1.0,54.598148345947266,0.5,0.5,0.39384615421295166,0.2502327263355255,1144.0,37.0,555.0,14.0,0.047782865137994034,0.35384615384615387,933.0,692.0,42.0,23.0,ok,plugin,False,,927.2941731299056,932.9810471164882,0.9999925447594931,0.9947164289364633,0.9993735256573819,0.8695652173913043,0.3076923076923077,0.3554751728303017,0.6445248271696983,0.6445248271696983,False,49.0,9.0,0.6982414722442627,0.3017585575580597,1.0,entity13,2,CDANN,logits,13,0.9081538319587708,0.9081538319587708,0.8423076868057251,0.8769230842590332,splits_entity13_CDANN_2_0_a9f9637e0b08.npz,a9f9637e0b08,True,True,,,,,,
iw_residual_dis2,1.0,0,6500,260,1625,65,0.9058461538461539,0.0,1.0,54.598148345947266,0.5,0.5,0.39384615421295166,0.2502327263355255,806.0,37.0,420.0,14.0,0.047782865137994034,0.35384615384615387,933.0,692.0,42.0,23.0,ok,plugin,False,,927.2941731299056,932.9810471164882,0.9999925447594931,0.9947164289364633,0.9993735256573819,0.782608695652174,0.05755891507336598,0.10534178021136001,0.89465821978864,0.89465821978864,False,36.0,9.0,0.3095238208770752,0.6904761791229248,1.0,entity13,2,CDANN,logits,13,0.9081538319587708,0.9081538319587708,0.8423076868057251,0.8769230842590332,splits_entity13_CDANN_2_0_a9f9637e0b08.npz,a9f9637e0b08,False,False,0.10838150289017341,0.7283236994219653,0.05428499623020866,,,
iw_overlap_critic,2.0,0,6500,260,1625,65,0.9058461538461539,0.0,1.0,54.598148345947266,0.5,0.5,0.39384615421295166,0.2502327263355255,,,,,0.09412342604175805,0.0,1625.0,0.0,65.0,0.0,ok,plugin,False,,1622.9480358458777,1624.9141746622422,1.0364243718005017,0.9988015387721471,1.0105301854932516,,0.0,0.09412342604175805,0.905876573958242,0.905876573958242,False,,,,,,entity13,2,CDANN,logits,13,0.9081538319587708,0.9081538319587708,0.8423076868057251,0.8769230842590332,splits_entity13_CDANN_2_0_a9f9637e0b08.npz,a9f9637e0b08,False,False,,,,,,
iw_residual_dis2,2.0,0,6500,260,1625,65,0.9058461538461539,0.0,1.0,54.598148345947266,0.5,0.5,0.39384615421295166,0.2502327263355255,,,,,0.09412342604175805,0.0,1625.0,0.0,65.0,0.0,ok,plugin,False,,1622.9480358458777,1624.9141746622422,1.0364243718005017,0.9988015387721471,1.0105301854932516,,0.0,0.09412342604175805,0.905876573958242,0.905876573958242,False,,,,,,entity13,2,CDANN,logits,13,0.9081538319587708,0.9081538319587708,0.8423076868057251,0.8769230842590332,splits_entity13_CDANN_2_0_a9f9637e0b08.npz,a9f9637e0b08,False,False,,,,,,
iw_overlap_critic,5.0,0,6500,260,1625,65,0.9058461538461539,0.0,1.0,54.598148345947266,0.5,0.5,0.39384615421295166,0.2502327263355255,,,,,0.09412342604175805,0.0,1625.0,0.0,65.0,0.0,ok,plugin,False,,1622.9480358458777,1624.9141746622422,1.0364243718005017,0.9988015387721471,1.0105301854932516,,0.0,0.09412342604175805,0.905876573958242,0.905876573958242,False,,,,,,entity13,2,CDANN,logits,13,0.9081538319587708,0.9081538319587708,0.8423076868057251,0.8769230842590332,splits_entity13_CDANN_2_0_a9f9637e0b08.npz,a9f9637e0b08,False,False,,,,,,
iw_residual_dis2,5.0,0,6500,260,1625,65,0.9058461538461539,0.0,1.0,54.598148345947266,0.5,0.5,0.39384615421295166,0.2502327263355255,,,,,0.09412342604175805,0.0,1625.0,0.0,65.0,0.0,ok,plugin,False,,1622.9480358458777,1624.9141746622422,1.0364243718005017,0.9988015387721471,1.0105301854932516,,0.0,0.09412342604175805,0.905876573958242,0.905876573958242,False,,,,,,entity13,2,CDANN,logits,13,0.9081538319587708,0.9081538319587708,0.8423076868057251,0.8769230842590332,splits_entity13_CDANN_2_0_a9f9637e0b08.npz,a9f9637e0b08,False,False,,,,,,
dis2_reference,,0,6500,260,1625,65,0.9058461561799049,,,,,,,,,,,,,,,,,,ok,dis2_with_correction,True,0.20271232772930264,,,,,,,,0.02584615151240277,0.9741538484875972,0.7714415207582945,,49.0,8.0,0.145641028881073,0.7261538505554199,0.8717948794364929,entity13,2,CDANN,logits,13,0.9081538319587708,0.9081538319587708,0.8423076868057251,0.8769230842590332,splits_entity13_CDANN_2_0_a9f9637e0b08.npz,a9f9637e0b08,True,True,,,,0.01,0.22855847924170541,-0.06830769230769229
iw_overlap_critic,1.0,0,6500,260,1625,65,0.9015384615384615,0.0,1.0,5.533646583557129,0.5,0.5,0.48076921701431274,0.24978940188884735,893.0,40.0,447.0,21.0,0.04425364937673585,0.5538461538461539,726.0,899.0,29.0,36.0,ok,plugin,False,,685.2349306970416,723.8872694987298,0.9999612347923958,0.959971911113439,0.9967807067588498,0.8888888888888888,0.49230769230769234,0.5365613416844282,0.46343865831557185,0.46343865831557185,False,49.0,28.0,0.6047139763832092,0.34766697883605957,0.9523809552192688,entity13,3,CDANN,logits,13,0.9061538577079773,0.9061538577079773,0.6653845906257629,0.5692307949066162,splits_entity13_CDANN_3_0_a9f9637e0b08.npz,a9f9637e0b08,True,True,,,,,,
iw_residual_dis2,1.0,0,6500,260,1625,65,0.9015384615384615,0.0,1.0,5.533646583557129,0.5,0.5,0.48076921701431274,0.24978940188884735,1057.0,40.0,528.0,21.0,0.04425364937673585,0.5538461538461539,726.0,899.0,29.0,36.0,ok,plugin,False,,685.2349306970416,723.8872694987298,0.9999612347923958,0.959971911113439,0.9967807067588498,0.8333333333333334,0.11099512278600157,0.15524877216273741,0.8447512278372626,0.8447512278372626,False,46.0,7.0,0.22077924013137817,0.6363636255264282,0.8571428656578064,entity13,3,CDANN,logits,13,0.9061538577079773,0.9061538577079773,0.6653845906257629,0.5692307949066162,splits_entity13_CDANN_3_0_a9f9637e0b08.npz,a9f9637e0b08,False,False,0.09566184649610679,0.728587319243604,0.10474601408972939,,,
iw_overlap_critic,2.0,0,6500,260,1625,65,0.9015384615384615,0.0,1.0,5.533646583557129,0.5,0.5,0.48076921701431274,0.24978940188884735,,,,,0.09893176718017448,0.0,1625.0,0.0,65.0,0.0,ok,plugin,False,,1623.8538729111044,1618.0954523075523,1.1841932106552835,1.0077150707421827,1.0916157023374238,,0.0,0.09893176718017448,0.9010682328198255,0.9010682328198255,False,,,,,,entity13,3,CDANN,logits,13,0.9061538577079773,0.9061538577079773,0.6653845906257629,0.5692307949066162,splits_entity13_CDANN_3_0_a9f9637e0b08.npz,a9f9637e0b08,False,False,,,,,,
iw_residual_dis2,2.0,0,6500,260,1625,65,0.9015384615384615,0.0,1.0,5.533646583557129,0.5,0.5,0.48076921701431274,0.24978940188884735,,,,,0.09893176718017448,0.0,1625.0,0.0,65.0,0.0,ok,plugin,False,,1623.8538729111044,1618.0954523075523,1.1841932106552835,1.0077150707421827,1.0916157023374238,,0.0,0.09893176718017448,0.9010682328198255,0.9010682328198255,False,,,,,,entity13,3,CDANN,logits,13,0.9061538577079773,0.9061538577079773,0.6653845906257629,0.5692307949066162,splits_entity13_CDANN_3_0_a9f9637e0b08.npz,a9f9637e0b08,False,False,,,,,,
iw_overlap_critic,5.0,0,6500,260,1625,65,0.9015384615384615,0.0,1.0,5.533646583557129,0.5,0.5,0.48076921701431274,0.24978940188884735,,,,,0.09893176718017448,0.0,1625.0,0.0,65.0,0.0,ok,plugin,False,,1623.8538729111044,1618.0954523075523,1.1841932106552835,1.0077150707421827,1.0916157023374238,,0.0,0.09893176718017448,0.9010682328198255,0.9010682328198255,False,,,,,,entity13,3,CDANN,logits,13,0.9061538577079773,0.9061538577079773,0.6653845906257629,0.5692307949066162,splits_entity13_CDANN_3_0_a9f9637e0b08.npz,a9f9637e0b08,False,False,,,,,,
iw_residual_dis2,5.0,0,6500,260,1625,65,0.9015384615384615,0.0,1.0,5.533646583557129,0.5,0.5,0.48076921701431274,0.24978940188884735,,,,,0.09893176718017448,0.0,1625.0,0.0,65.0,0.0,ok,plugin,False,,1623.8538729111044,1618.0954523075523,1.1841932106552835,1.0077150707421827,1.0916157023374238,,0.0,0.09893176718017448,0.9010682328198255,0.9010682328198255,False,,,,,,entity13,3,CDANN,logits,13,0.9061538577079773,0.9061538577079773,0.6653845906257629,0.5692307949066162,splits_entity13_CDANN_3_0_a9f9637e0b08.npz,a9f9637e0b08,False,False,,,,,,
dis2_reference,,0,6500,260,1625,65,0.9015384614467621,,,,,,,,,,,,,,,,,,ok,dis2_with_correction,True,0.20271232772930264,,,,,,,,0.15692307701477637,0.8430769229852236,0.6403645952559209,,49.0,15.0,0.19487178325653076,0.5487179756164551,0.7435897588729858,entity13,3,CDANN,logits,13,0.9061538577079773,0.9061538577079773,0.6653845906257629,0.5692307949066162,splits_entity13_CDANN_3_0_a9f9637e0b08.npz,a9f9637e0b08,True,False,,,,0.01,0.359635404744079,0.058461538461538454
iw_overlap_critic,1.0,0,6500,33009,1625,8255,0.9070769230769231,0.0,1.0,1.4551371335983276,0.5,0.5,0.5435314178466797,0.24873247742652893,1130.0,5083.0,571.0,2543.0,0.048082186768960644,0.5150817686250757,928.0,697.0,4003.0,4252.0,ok,plugin,False,,843.2836074971324,923.3826455660537,0.9996623784659086,0.9182503811276614,0.9925955496368858,0.8306679209783632,0.42786190187764994,0.4759440886466106,0.5240559113533894,0.5240559113533894,False,49.0,23.0,0.5209400653839111,0.31429389119148254,0.8352339863777161,entity13,1,FixMatch,logits,13,0.9084615111351013,0.9084615111351013,0.783907413482666,0.7844942212104797,splits_entity13_FixMatch_1_0_a9f9637e0b08.npz,a9f9637e0b08,True,True,,,,,,
iw_residual_dis2,1.0,0,6500,33009,1625,8255,0.9070769230769231,0.0,1.0,1.4551371335983276,0.5,0.5,0.5435314178466797,0.24873247742652893,820.0,5083.0,404.0,2543.0,0.048082186768960644,0.5150817686250757,928.0,697.0,4003.0,4252.0,ok,plugin,False,,843.2836074971324,923.3826455660537,0.9996623784659086,0.9182503811276614,0.9925955496368858,0.6707431796801505,0.10235716452008999,0.15043935128905062,0.8495606487109494,0.8495606487109494,False,49.0,10.0,0.1442553997039795,0.5643564462661743,0.7086118459701538,entity13,1,FixMatch,logits,13,0.9084615111351013,0.9084615111351013,0.783907413482666,0.7844942212104797,splits_entity13_FixMatch_1_0_a9f9637e0b08.npz,a9f9637e0b08,False,False,0.09469153515064563,0.5667144906743186,0.10402868900583195,,,
iw_overlap_critic,2.0,0,6500,33009,1625,8255,0.9070769230769231,0.0,1.0,1.4551371335983276,0.5,0.5,0.5435314178466797,0.24873247742652893,,,,,0.09191291476237445,0.0,1625.0,0.0,8255.0,0.0,ok,plugin,False,,1641.4468626641403,1586.6175908139785,1.9011477329737616,0.9800004881966766,1.3239460129143152,,0.0,0.09191291476237445,0.9080870852376255,0.9080870852376255,False,,,,,,entity13,1,FixMatch,logits,13,0.9084615111351013,0.9084615111351013,0.783907413482666,0.7844942212104797,splits_entity13_FixMatch_1_0_a9f9637e0b08.npz,a9f9637e0b08,False,False,,,,,,
iw_residual_dis2,2.0,0,6500,33009,1625,8255,0.9070769230769231,0.0,1.0,1.4551371335983276,0.5,0.5,0.5435314178466797,0.24873247742652893,,,,,0.09191291476237445,0.0,1625.0,0.0,8255.0,0.0,ok,plugin,False,,1641.4468626641403,1586.6175908139785,1.9011477329737616,0.9800004881966766,1.3239460129143152,,0.0,0.09191291476237445,0.9080870852376255,0.9080870852376255,False,,,,,,entity13,1,FixMatch,logits,13,0.9084615111351013,0.9084615111351013,0.783907413482666,0.7844942212104797,splits_entity13_FixMatch_1_0_a9f9637e0b08.npz,a9f9637e0b08,False,False,,,,,,
iw_overlap_critic,5.0,0,6500,33009,1625,8255,0.9070769230769231,0.0,1.0,1.4551371335983276,0.5,0.5,0.5435314178466797,0.24873247742652893,,,,,0.09191291476237445,0.0,1625.0,0.0,8255.0,0.0,ok,plugin,False,,1641.4468626641403,1586.6175908139785,1.9011477329737616,0.9800004881966766,1.3239460129143152,,0.0,0.09191291476237445,0.9080870852376255,0.9080870852376255,False,,,,,,entity13,1,FixMatch,logits,13,0.9084615111351013,0.9084615111351013,0.783907413482666,0.7844942212104797,splits_entity13_FixMatch_1_0_a9f9637e0b08.npz,a9f9637e0b08,False,False,,,,,,
iw_residual_dis2,5.0,0,6500,33009,1625,8255,0.9070769230769231,0.0,1.0,1.4551371335983276,0.5,0.5,0.5435314178466797,0.24873247742652893,,,,,0.09191291476237445,0.0,1625.0,0.0,8255.0,0.0,ok,plugin,False,,1641.4468626641403,1586.6175908139785,1.9011477329737616,0.9800004881966766,1.3239460129143152,,0.0,0.09191291476237445,0.9080870852376255,0.9080870852376255,False,,,,,,entity13,1,FixMatch,logits,13,0.9084615111351013,0.9084615111351013,0.783907413482666,0.7844942212104797,splits_entity13_FixMatch_1_0_a9f9637e0b08.npz,a9f9637e0b08,False,False,,,,,,
dis2_reference,,0,6500,33009,1625,8255,0.9070769250392914,,,,,,,,,,,,,,,,,,ok,dis2_with_correction,True,0.07711571785933787,,,,,,,,0.15305148198675345,0.8469485180132466,0.7698328001539086,,49.0,10.0,0.1262999176979065,0.5353845953941345,0.661684513092041,entity13,1,FixMatch,logits,13,0.9084615111351013,0.9084615111351013,0.783907413482666,0.7844942212104797,splits_entity13_FixMatch_1_0_a9f9637e0b08.npz,a9f9637e0b08,True,True,,,,0.01,0.2301671998460913,0.06012840702604483
iw_overlap_critic,1.0,0,6500,260,1625,65,0.9009230769230769,0.0,1.0,54.598148345947266,0.5,0.5,0.5015384554862976,0.2500728964805603,1094.0,39.0,546.0,12.0,0.05890686768254995,0.3384615384615385,888.0,737.0,43.0,22.0,ok,plugin,False,,884.0241577010834,887.9901130175414,0.9999907567108975,0.9962351690479547,0.9996010281102407,0.9545454545454546,0.3230769230769231,0.38198379075947303,0.618016209240527,0.618016209240527,False,47.0,2.0,0.6396441459655762,0.2770225405693054,0.9166666865348816,entity13,2,FixMatch,logits,13,0.9064615368843079,0.9064615368843079,0.8500000238418579,0.8615384697914124,splits_entity13_FixMatch_2_0_a9f9637e0b08.npz,a9f9637e0b08,True,True,,,,,,
iw_residual_dis2,1.0,0,6500,260,1625,65,0.9009230769230769,0.0,1.0,54.598148345947266,0.5,0.5,0.5015384554862976,0.2500728964805603,856.0,39.0,429.0,12.0,0.05890686768254995,0.3384615384615385,888.0,737.0,43.0,22.0,ok,plugin,False,,884.0241577010834,887.9901130175414,0.9999907567108975,0.9962351690479547,0.9996010281102407,0.7272727272727273,0.03719862227324916,0.09610548995579911,0.9038945100442008,0.9038945100442008,False,40.0,25.0,0.307692289352417,0.692307710647583,1.0,entity13,2,FixMatch,logits,13,0.9064615368843079,0.9064615368843079,0.8500000238418579,0.8615384697914124,splits_entity13_FixMatch_2_0_a9f9637e0b08.npz,a9f9637e0b08,False,False,0.08819538670284939,0.7055630936227951,0.02170963364993217,,,
iw_overlap_critic,2.0,0,6500,260,1625,65,0.9009230769230769,0.0,1.0,54.598148345947266,0.5,0.5,0.5015384554862976,0.2500728964805603,,,,,0.09900473716957547,0.0,1625.0,0.0,65.0,0.0,ok,plugin,False,,1623.929596584768,1624.9558617889004,1.0151660345340765,0.9993271837342014,1.0075259393606255,,0.0,0.09900473716957547,0.9009952628304245,0.9009952628304245,False,,,,,,entity13,2,FixMatch,logits,13,0.9064615368843079,0.9064615368843079,0.8500000238418579,0.8615384697914124,splits_entity13_FixMatch_2_0_a9f9637e0b08.npz,a9f9637e0b08,False,False,,,,,,
iw_residual_dis2,2.0,0,6500,260,1625,65,0.9009230769230769,0.0,1.0,54.598148345947266,0.5,0.5,0.5015384554862976,0.2500728964805603,,,,,0.09900473716957547,0.0,1625.0,0.0,65.0,0.0,ok,plugin,False,,1623.929596584768,1624.9558617889004,1.0151660345340765,0.9993271837342014,1.0075259393606255,,0.0,0.09900473716957547,0.9009952628304245,0.9009952628304245,False,,,,,,entity13,2,FixMatch,logits,13,0.9064615368843079,0.9064615368843079,0.8500000238418579,0.8615384697914124,splits_entity13_FixMatch_2_0_a9f9637e0b08.npz,a9f9637e0b08,False,False,,,,,,
iw_overlap_critic,5.0,0,6500,260,1625,65,0.9009230769230769,0.0,1.0,54.598148345947266,0.5,0.5,0.5015384554862976,0.2500728964805603,,,,,0.09900473716957547,0.0,1625.0,0.0,65.0,0.0,ok,plugin,False,,1623.929596584768,1624.9558617889004,1.0151660345340765,0.9993271837342014,1.0075259393606255,,0.0,0.09900473716957547,0.9009952628304245,0.9009952628304245,False,,,,,,entity13,2,FixMatch,logits,13,0.9064615368843079,0.9064615368843079,0.8500000238418579,0.8615384697914124,splits_entity13_FixMatch_2_0_a9f9637e0b08.npz,a9f9637e0b08,False,False,,,,,,
iw_residual_dis2,5.0,0,6500,260,1625,65,0.9009230769230769,0.0,1.0,54.598148345947266,0.5,0.5,0.5015384554862976,0.2500728964805603,,,,,0.09900473716957547,0.0,1625.0,0.0,65.0,0.0,ok,plugin,False,,1623.929596584768,1624.9558617889004,1.0151660345340765,0.9993271837342014,1.0075259393606255,,0.0,0.09900473716957547,0.9009952628304245,0.9009952628304245,False,,,,,,entity13,2,FixMatch,logits,13,0.9064615368843079,0.9064615368843079,0.8500000238418579,0.8615384697914124,splits_entity13_FixMatch_2_0_a9f9637e0b08.npz,a9f9637e0b08,False,False,,,,,,
dis2_reference,,0,6500,260,1625,65,0.9009230732917786,,,,,,,,,,,,,,,,,,ok,dis2_with_correction,True,0.20271232772930264,,,,,,,,0.13661538824668296,0.863384611753317,0.6606722840240145,,44.0,25.0,0.11179488897323608,0.8112820386886597,0.9230769276618958,entity13,2,FixMatch,logits,13,0.9064615368843079,0.9064615368843079,0.8500000238418579,0.8615384697914124,splits_entity13_FixMatch_2_0_a9f9637e0b08.npz,a9f9637e0b08,True,True,,,,0.01,0.3393277159759856,0.03753846153846152
iw_overlap_critic,1.0,0,6500,260,1625,65,0.896,0.0,1.0,1.623958945274353,0.5,0.5,0.5561538338661194,0.24780090153217316,1021.0,32.0,471.0,19.0,0.05483869217924685,0.49230769230769234,815.0,810.0,33.0,32.0,ok,plugin,False,,699.0199647913913,796.7652717527042,0.9997954551056273,0.8964792145615328,0.9896932251363264,0.9375,0.46153846153846156,0.5163771537177084,0.4836228462822916,0.4836228462822916,False,49.0,15.0,0.5492009520530701,0.34553587436676025,0.8947368264198303,entity13,3,FixMatch,logits,13,0.9041538238525391,0.9041538238525391,0.6499999761581421,0.5846154093742371,splits_entity13_FixMatch_3_0_a9f9637e0b08.npz,a9f9637e0b08,True,True,,,,,,
iw_residual_dis2,1.0,0,6500,260,1625,65,0.896,0.0,1.0,1.623958945274353,0.5,0.5,0.5561538338661194,0.24780090153217316,929.0,32.0,504.0,19.0,0.05483869217924685,0.49230769230769234,815.0,810.0,33.0,32.0,ok,plugin,False,,699.0199647913913,796.7652717527042,0.9997954551056273,0.8964792145615328,0.9896932251363264,0.59375,0.08383665716999054,0.1386753493492374,0.8613246506507626,0.8613246506507626,False,48.0,4.0,0.2090643048286438,0.5277777910232544,0.7368420958518982,entity13,3,FixMatch,logits,13,0.9041538238525391,0.9041538238525391,0.6499999761581421,0.5846154093742371,splits_entity13_FixMatch_3_0_a9f9637e0b08.npz,a9f9637e0b08,False,False,0.08765432098765433,0.5111111111111111,0.08263888888888893,,,
iw_overlap_critic,2.0,0,6500,260,1625,65,0.896,0.0,1.0,1.623958945274353,0.5,0.5,0.5561538338661194,0.24780090153217316,,,,,0.10205066324373278,0.0,1625.0,0.0,65.0,0.0,ok,plugin,False,,1625.9476700808748,1567.6995130799637,1.836863289600165,0.9996832823752569,1.3214124376268157,,0.0,0.10205066324373278,0.8979493367562672,0.8979493367562672,False,,,,,,entity13,3,FixMatch,logits,13,0.9041538238525391,0.9041538238525391,0.6499999761581421,0.5846154093742371,splits_entity13_FixMatch_3_0_a9f9637e0b08.npz,a9f9637e0b08,False,False,,,,,,
iw_residual_dis2,2.0,0,6500,260,1625,65,0.896,0.0,1.0,1.623958945274353,0.5,0.5,0.5561538338661194,0.24780090153217316,,,,,0.10205066324373278,0.0,1625.0,0.0,65.0,0.0,ok,plugin,False,,1625.9476700808748,1567.6995130799637,1.836863289600165,0.9996832823752569,1.3214124376268157,,0.0,0.10205066324373278,0.8979493367562672,0.8979493367562672,False,,,,,,entity13,3,FixMatch,logits,13,0.9041538238525391,0.9041538238525391,0.6499999761581421,0.5846154093742371,splits_entity13_FixMatch_3_0_a9f9637e0b08.npz,a9f9637e0b08,False,False,,,,,,
iw_overlap_critic,5.0,0,6500,260,1625,65,0.896,0.0,1.0,1.623958945274353,0.5,0.5,0.5561538338661194,0.24780090153217316,,,,,0.10205066324373278,0.0,1625.0,0.0,65.0,0.0,ok,plugin,False,,1625.9476700808748,1567.6995130799637,1.836863289600165,0.9996832823752569,1.3214124376268157,,0.0,0.10205066324373278,0.8979493367562672,0.8979493367562672,False,,,,,,entity13,3,FixMatch,logits,13,0.9041538238525391,0.9041538238525391,0.6499999761581421,0.5846154093742371,splits_entity13_FixMatch_3_0_a9f9637e0b08.npz,a9f9637e0b08,False,False,,,,,,
iw_residual_dis2,5.0,0,6500,260,1625,65,0.896,0.0,1.0,1.623958945274353,0.5,0.5,0.5561538338661194,0.24780090153217316,,,,,0.10205066324373278,0.0,1625.0,0.0,65.0,0.0,ok,plugin,False,,1625.9476700808748,1567.6995130799637,1.836863289600165,0.9996832823752569,1.3214124376268157,,0.0,0.10205066324373278,0.8979493367562672,0.8979493367562672,False,,,,,,entity13,3,FixMatch,logits,13,0.9041538238525391,0.9041538238525391,0.6499999761581421,0.5846154093742371,splits_entity13_FixMatch_3_0_a9f9637e0b08.npz,a9f9637e0b08,False,False,,,,,,
dis2_reference,,0,6500,260,1625,65,0.8959999978542328,,,,,,,,,,,,,,,,,,ok,dis2_with_correction,True,0.20271232772930264,,,,,,,,0.048615386761151846,0.9513846132388482,0.7486722855095456,,45.0,20.0,0.15179485082626343,0.7456410527229309,0.8974359035491943,entity13,3,FixMatch,logits,13,0.9041538238525391,0.9041538238525391,0.6499999761581421,0.5846154093742371,splits_entity13_FixMatch_3_0_a9f9637e0b08.npz,a9f9637e0b08,False,False,,,,0.01,0.2513277144904545,-0.055384615384615365
iw_overlap_critic,1.0,0,6000,30828,1500,7709,0.8506666666666667,0.0,1.0,1.2178282737731934,0.5,0.5,0.5528082847595215,0.24671496450901031,932.0,5224.0,474.0,2556.0,0.06379602925298375,0.5646646776495006,808.0,692.0,3356.0,4353.0,ok,plugin,False,,655.5010197098209,786.8645062454586,0.9995260451421601,0.8325615623668319,0.9822117511576993,0.8747989892028486,0.49396808924633545,0.5577641184993192,0.4422358815006808,0.4422358815006808,False,49.0,27.0,0.5179105401039124,0.3561113476753235,0.8740218877792358,entity30,1,ERM-aug-rand,logits,30,0.85916668176651,0.85916668176651,0.559426486492157,0.5599948167800903,splits_entity30_ERM-aug-rand_1_0_a9f9637e0b08.npz,a9f9637e0b08,True,True,,,,,,
iw_residual_dis2,1.0,0,6000,30828,1500,7709,0.8506666666666667,0.0,1.0,1.2178282737731934,0.5,0.5,0.5528082847595215,0.24671496450901031,868.0,5224.0,426.0,2556.0,0.06379602925298375,0.5646646776495006,808.0,692.0,3356.0,4353.0,ok,plugin,False,,655.5010197098209,786.8645062454586,0.9995260451421601,0.8325615623668319,0.9822117511576993,0.6965311279577303,0.19257312787320877,0.2563691571261925,0.7436308428738074,0.7436308428738074,False,49.0,18.0,0.2738654315471649,0.43896713852882385,0.7128325700759888,entity30,1,ERM-aug-rand,logits,30,0.85916668176651,0.85916668176651,0.559426486492157,0.5599948167800903,splits_entity30_ERM-aug-rand_1_0_a9f9637e0b08.npz,a9f9637e0b08,False,False,0.16473988439306358,0.5202312138728323,0.17629991408489798,,,
iw_overlap_critic,2.0,0,6000,30828,1500,7709,0.8506666666666667,0.0,1.0,1.2178282737731934,0.5,0.5,0.5528082847595215,0.24671496450901031,1781.0,4.0,891.0,7.0,0.15113422162422907,0.0014269036191464522,1491.0,9.0,7698.0,11.0,ok,plugin,False,,1486.1696742395584,1393.952447205274,1.9852844259464502,0.9758781078508679,1.4963056664793744,0.9090909090909091,0.0012971851083149566,0.15243140673254402,0.8475685932674559,0.8475685932674559,False,49.0,22.0,0.5983247756958008,0.4016752243041992,1.0,entity30,1,ERM-aug-rand,logits,30,0.85916668176651,0.85916668176651,0.559426486492157,0.5599948167800903,splits_entity30_ERM-aug-rand_1_0_a9f9637e0b08.npz,a9f9637e0b08,False,False,,,,,,
iw_residual_dis2,2.0,0,6000,30828,1500,7709,0.8506666666666667,0.0,1.0,1.2178282737731934,0.5,0.5,0.5528082847595215,0.24671496450901031,19.0,4.0,9.0,7.0,0.15113422162422907,0.0014269036191464522,1491.0,9.0,7698.0,11.0,ok,plugin,False,,1486.1696742395584,1393.952447205274,1.9852844259464502,0.9758781078508679,1.4963056664793744,0.5454545454545454,0.00014413167870166183,0.15127835330293074,0.8487216466970693,0.8487216466970693,False,36.0,4.0,0.6666666269302368,0.3333333432674408,1.0,entity30,1,ERM-aug-rand,logits,30,0.85916668176651,0.85916668176651,0.559426486492157,0.5599948167800903,splits_entity30_ERM-aug-rand_1_0_a9f9637e0b08.npz,a9f9637e0b08,False,False,0.0,0.4444444444444444,0.101010101010101,,,
iw_overlap_critic,5.0,0,6000,30828,1500,7709,0.8506666666666667,0.0,1.0,1.2178282737731934,0.5,0.5,0.5528082847595215,0.24671496450901031,,,,,0.1511342216242291,0.0,1500.0,0.0,7709.0,0.0,ok,plugin,False,,1506.592525170654,1391.4117228197792,2.7936543606904864,0.9784755943877895,1.5203314903381293,,0.0,0.1511342216242291,0.8488657783757709,0.8488657783757709,False,,,,,,entity30,1,ERM-aug-rand,logits,30,0.85916668176651,0.85916668176651,0.559426486492157,0.5599948167800903,splits_entity30_ERM-aug-rand_1_0_a9f9637e0b08.npz,a9f9637e0b08,False,False,,,,,,
iw_residual_dis2,5.0,0,6000,30828,1500,7709,0.8506666666666667,0.0,1.0,1.2178282737731934,0.5,0.5,0.5528082847595215,0.24671496450901031,,,,,0.1511342216242291,0.0,1500.0,0.0,7709.0,0.0,ok,plugin,False,,1506.592525170654,1391.4117228197792,2.7936543606904864,0.9784755943877895,1.5203314903381293,,0.0,0.1511342216242291,0.8488657783757709,0.8488657783757709,False,,,,,,entity30,1,ERM-aug-rand,logits,30,0.85916668176651,0.85916668176651,0.559426486492157,0.5599948167800903,splits_entity30_ERM-aug-rand_1_0_a9f9637e0b08.npz,a9f9637e0b08,False,False,,,,,,
dis2_reference,,0,6000,30828,1500,7709,0.8506666719913483,,,,,,,,,,,,,,,,,,ok,dis2_with_correction,True,0.0802428490519671,,,,,,,,0.35789405789147266,0.6421059421085273,0.5618630930565602,,48.0,5.0,0.267791211605072,0.4333333373069763,0.7011245489120483,entity30,1,ERM-aug-rand,logits,30,0.85916668176651,0.85916668176651,0.559426486492157,0.5599948167800903,splits_entity30_ERM-aug-rand_1_0_a9f9637e0b08.npz,a9f9637e0b08,False,False,,,,0.01,0.43813690694343976,0.20856072988282093
iw_overlap_critic,1.0,0,6000,1200,1500,300,0.8506666666666667,0.0,1.0,1.3433640003204346,0.5,0.5,0.6191666722297668,0.23649024963378906,1094.0,217.0,566.0,103.0,0.06563906123668371,0.61,932.0,568.0,117.0,183.0,ok,plugin,False,,625.4341351690325,844.7945451566949,0.999700837750807,0.6962164970632999,0.9708451506871876,0.8524590163934426,0.5199999999999999,0.5856390612366836,0.41436093876331637,0.41436093876331637,False,49.0,5.0,0.267833948135376,0.547700047492981,0.8155339956283569,entity30,2,ERM-aug-rand,logits,30,0.85916668176651,0.85916668176651,0.815833330154419,0.8166666626930237,splits_entity30_ERM-aug-rand_2_0_a9f9637e0b08.npz,a9f9637e0b08,True,True,,,,,,
iw_residual_dis2,1.0,0,6000,1200,1500,300,0.8506666666666667,0.0,1.0,1.3433640003204346,0.5,0.5,0.6191666722297668,0.23649024963378906,706.0,217.0,334.0,103.0,0.06563906123668371,0.61,932.0,568.0,117.0,183.0,ok,plugin,False,,625.4341351690325,844.7945451566949,0.999700837750807,0.6962164970632999,0.9708451506871876,0.6994535519125683,0.12166666666666659,0.18730572790335032,0.8126942720966497,0.8126942720966497,False,49.0,21.0,0.19894194602966309,0.538922131061554,0.737864077091217,entity30,2,ERM-aug-rand,logits,30,0.85916668176651,0.85916668176651,0.815833330154419,0.8166666626930237,splits_entity30_ERM-aug-rand_2_0_a9f9637e0b08.npz,a9f9637e0b08,True,True,0.13380281690140844,0.6338028169014085,0.06565073501115981,,,
iw_overlap_critic,2.0,0,6000,1200,1500,300,0.8506666666666667,0.0,1.0,1.3433640003204346,0.5,0.5,0.6191666722297668,0.23649024963378906,1727.0,29.0,867.0,14.0,0.12635735504863777,0.06666666666666667,1434.0,66.0,280.0,20.0,ok,plugin,False,,1284.4093821171118,1214.8833894558138,1.9955010661847992,0.8603067676593157,1.578655072965141,0.85,0.056666666666666664,0.18302402171530444,0.8169759782846956,0.8169759782846956,False,49.0,17.0,0.4434838891029358,0.485087513923645,0.9285714030265808,entity30,2,ERM-aug-rand,logits,30,0.85916668176651,0.85916668176651,0.815833330154419,0.8166666626930237,splits_entity30_ERM-aug-rand_2_0_a9f9637e0b08.npz,a9f9637e0b08,False,False,,,,,,
iw_residual_dis2,2.0,0,6000,1200,1500,300,0.8506666666666667,0.0,1.0,1.3433640003204346,0.5,0.5,0.6191666722297668,0.23649024963378906,73.0,29.0,33.0,14.0,0.12635735504863777,0.06666666666666667,1434.0,66.0,280.0,20.0,ok,plugin,False,,1284.4093821171118,1214.8833894558138,1.9955010661847992,0.8603067676593157,1.578655072965141,0.75,0.024747474747474747,0.1511048297961125,0.8488951702038875,0.8488951702038875,False,38.0,21.0,0.350649356842041,0.3636363744735718,0.7142857313156128,entity30,2,ERM-aug-rand,logits,30,0.85916668176651,0.85916668176651,0.815833330154419,0.8166666626930237,splits_entity30_ERM-aug-rand_2_0_a9f9637e0b08.npz,a9f9637e0b08,False,False,0.12121212121212122,0.5,0.25,,,
iw_overlap_critic,5.0,0,6000,1200,1500,300,0.8506666666666667,0.0,1.0,1.3433640003204346,0.5,0.5,0.6191666722297668,0.23649024963378906,1782.0,0.0,895.0,3.0,0.13814010024404672,0.006666666666666667,1488.0,12.0,298.0,2.0,unsupported_critic_region,plugin,False,,1431.9431171680571,1139.0827722975203,4.987952282340804,0.8768308642393288,1.8726748886465339,,,,,,,,,,,,entity30,2,ERM-aug-rand,logits,30,0.85916668176651,0.85916668176651,0.815833330154419,0.8166666626930237,splits_entity30_ERM-aug-rand_2_0_a9f9637e0b08.npz,a9f9637e0b08,,,,,,,,
iw_residual_dis2,5.0,0,6000,1200,1500,300,0.8506666666666667,0.0,1.0,1.3433640003204346,0.5,0.5,0.6191666722297668,0.23649024963378906,18.0,0.0,5.0,3.0,0.13814010024404672,0.006666666666666667,1488.0,12.0,298.0,2.0,unsupported_critic_region,plugin,False,,1431.9431171680571,1139.0827722975203,4.987952282340804,0.8768308642393288,1.8726748886465339,,,,,,,,,,,,entity30,2,ERM-aug-rand,logits,30,0.85916668176651,0.85916668176651,0.815833330154419,0.8166666626930237,splits_entity30_ERM-aug-rand_2_0_a9f9637e0b08.npz,a9f9637e0b08,,,,,,,,
dis2_reference,,0,6000,1200,1500,300,0.8506666719913483,,,,,,,,,,,,,,,,,,ok,dis2_with_correction,True,0.11753940002383999,,,,,,,,0.13666666134198513,0.8633333386580149,0.7457939386341749,,30.0,21.0,0.09999996423721313,0.7833333611488342,0.8833333253860474,entity30,2,ERM-aug-rand,logits,30,0.85916668176651,0.85916668176651,0.815833330154419,0.8166666626930237,splits_entity30_ERM-aug-rand_2_0_a9f9637e0b08.npz,a9f9637e0b08,True,True,,,,0.01,0.25420606136582513,-0.012666666666666604
iw_overlap_critic,1.0,0,6000,1200,1500,300,0.8506666666666667,0.0,1.0,0.991184651851654,0.5,0.5,0.6416666507720947,0.22325950860977173,1099.0,233.0,571.0,114.0,0.05673916535084919,0.6233333333333333,951.0,549.0,113.0,187.0,ok,plugin,False,,532.8100481621789,794.382825357956,0.9997275364891512,0.5656600515435061,0.9417752439508476,0.8502673796791443,0.5299999999999999,0.5867391653508491,0.41326083464915087,0.41326083464915087,False,49.0,27.0,0.28748369216918945,0.545849621295929,0.8333333134651184,entity30,3,ERM-aug-rand,logits,30,0.85916668176651,0.85916668176651,0.7908333539962769,0.7766666412353516,splits_entity30_ERM-aug-rand_3_0_a9f9637e0b08.npz,a9f9637e0b08,True,True,,,,,,
iw_residual_dis2,1.0,0,6000,1200,1500,300,0.8506666666666667,0.0,1.0,0.991184651851654,0.5,0.5,0.6416666507720947,0.22325950860977173,701.0,233.0,329.0,114.0,0.05673916535084919,0.6233333333333333,951.0,549.0,113.0,187.0,ok,plugin,False,,532.8100481621789,794.382825357956,0.9997275364891512,0.5656600515435061,0.9417752439508476,0.7058823529411765,0.1436612021857924,0.2004003675366416,0.7995996324633584,0.7995996324633584,False,49.0,17.0,0.22012478113174438,0.5167173147201538,0.7368420958518982,entity30,3,ERM-aug-rand,logits,30,0.85916668176651,0.85916668176651,0.7908333539962769,0.7766666412353516,splits_entity30_ERM-aug-rand_3_0_a9f9637e0b08.npz,a9f9637e0b08,False,False,0.12932604735883424,0.604735883424408,0.10114646951676853,,,
iw_overlap_critic,2.0,0,6000,1200,1500,300,0.8506666666666667,0.0,1.0,0.991184651851654,0.5,0.5,0.6416666507720947,0.22325950860977173,1641.0,82.0,832.0,36.0,0.10533710498239192,0.18,1363.0,137.0,246.0,54.0,ok,plugin,False,,1099.3668456480673,1034.7475271612898,1.993963231470311,0.7356330577190259,1.6768507630978833,0.8148148148148148,0.14666666666666664,0.25200377164905857,0.7479962283509414,0.7479962283509414,False,49.0,10.0,0.29533684253692627,0.5935520529747009,0.8888888955116272,entity30,3,ERM-aug-rand,logits,30,0.85916668176651,0.85916668176651,0.7908333539962769,0.7766666412353516,splits_entity30_ERM-aug-rand_3_0_a9f9637e0b08.npz,a9f9637e0b08,True,True,,,,,,
iw_residual_dis2,2.0,0,6000,1200,1500,300,0.8506666666666667,0.0,1.0,0.991184651851654,0.5,0.5,0.6416666507720947,0.22325950860977173,159.0,82.0,68.0,36.0,0.10533710498239192,0.18,1363.0,137.0,246.0,54.0,ok,plugin,False,,1099.3668456480673,1034.7475271612898,1.993963231470311,0.7356330577190259,1.6768507630978833,0.6666666666666666,0.043795620437956206,0.1491327254203481,0.8508672745796519,0.8508672745796519,False,36.0,20.0,0.4379085302352905,0.36764705181121826,0.8055555820465088,entity30,3,ERM-aug-rand,logits,30,0.85916668176651,0.85916668176651,0.7908333539962769,0.7766666412353516,splits_entity30_ERM-aug-rand_3_0_a9f9637e0b08.npz,a9f9637e0b08,False,False,0.1386861313868613,0.5620437956204379,0.1046228710462287,,,
iw_overlap_critic,5.0,0,6000,1200,1500,300,0.8506666666666667,0.0,1.0,0.991184651851654,0.5,0.5,0.6416666507720947,0.22325950860977173,1764.0,6.0,884.0,6.0,0.13885763601784848,0.016666666666666666,1472.0,28.0,295.0,5.0,ok,plugin,False,,1390.4420242755511,974.3372184444086,4.480207979420105,0.7903888626555569,2.2679270115321817,1.0,0.016666666666666666,0.15552430268451514,0.8444756973154849,0.8444756973154849,False,49.0,19.0,0.6546058654785156,0.34539416432380676,1.0,entity30,3,ERM-aug-rand,logits,30,0.85916668176651,0.85916668176651,0.7908333539962769,0.7766666412353516,splits_entity30_ERM-aug-rand_3_0_a9f9637e0b08.npz,a9f9637e0b08,False,False,,,,,,
iw_residual_dis2,5.0,0,6000,1200,1500,300,0.8506666666666667,0.0,1.0,0.991184651851654,0.5,0.5,0.6416666507720947,0.22325950860977173,36.0,6.0,16.0,6.0,0.13885763601784848,0.016666666666666666,1472.0,28.0,295.0,5.0,ok,plugin,False,,1390.4420242755511,974.3372184444086,4.480207979420105,0.7903888626555569,2.2679270115321817,0.8,-0.0015476190476190477,0.13731001697022943,0.8626899830297705,0.8626899830297705,False,7.0,12.0,0.25,0.75,1.0,entity30,3,ERM-aug-rand,logits,30,0.85916668176651,0.85916668176651,0.7908333539962769,0.7766666412353516,splits_entity30_ERM-aug-rand_3_0_a9f9637e0b08.npz,a9f9637e0b08,False,False,0.0,0.8928571428571429,-0.09285714285714286,,,
dis2_reference,,0,6000,1200,1500,300,0.8506666719913483,,,,,,,,,,,,,,,,,,ok,dis2_with_correction,True,0.11753940002383999,,,,,,,,0.2593333280086517,0.7406666719913483,0.6231272719675083,,49.0,27.0,0.16555553674697876,0.5344444513320923,0.699999988079071,entity30,3,ERM-aug-rand,logits,30,0.85916668176651,0.85916668176651,0.7908333539962769,0.7766666412353516,splits_entity30_ERM-aug-rand_3_0_a9f9637e0b08.npz,a9f9637e0b08,True,True,,,,0.01,0.3768727280324917,0.10999999999999999
iw_overlap_critic,1.0,0,6000,30828,1500,7709,0.8486666666666667,0.0,1.0,1.387750506401062,0.5,0.5,0.5521219968795776,0.24791303277015686,911.0,5253.0,451.0,2616.0,0.07301903501242424,0.5602542482812297,809.0,691.0,3390.0,4319.0,ok,plugin,False,,684.9892381004042,794.2014365052629,0.9999120518829391,0.8694318195593363,0.9890140519634463,0.8622366288492707,0.4830717343364898,0.5560907693489141,0.4439092306510859,0.4439092306510859,False,49.0,27.0,0.5366673469543457,0.31960177421569824,0.856269121170044,entity30,1,BN_adapt,logits,30,0.8539999723434448,0.8539999723434448,0.5543012619018555,0.5577896237373352,splits_entity30_BN_adapt_1_0_a9f9637e0b08.npz,a9f9637e0b08,True,True,,,,,,
iw_residual_dis2,1.0,0,6000,30828,1500,7709,0.8486666666666667,0.0,1.0,1.387750506401062,0.5,0.5,0.5521219968795776,0.24791303277015686,889.0,5253.0,449.0,2616.0,0.07301903501242424,0.5602542482812297,809.0,691.0,3390.0,4319.0,ok,plugin,False,,684.9892381004042,794.2014365052629,0.9999120518829391,0.8694318195593363,0.9890140519634463,0.6661264181523501,0.225636808068604,0.2986558430810282,0.7013441569189718,0.7013441569189718,False,49.0,20.0,0.26634112000465393,0.3942093551158905,0.6605504751205444,entity30,1,BN_adapt,logits,30,0.8539999723434448,0.8539999723434448,0.5543012619018555,0.5577896237373352,splits_entity30_BN_adapt_1_0_a9f9637e0b08.npz,a9f9637e0b08,False,False,0.14905933429811866,0.41244573082489144,0.25368068732745863,,,
iw_overlap_critic,2.0,0,6000,30828,1500,7709,0.8486666666666667,0.0,1.0,1.387750506401062,0.5,0.5,0.5521219968795776,0.24791303277015686,1798.0,0.0,898.0,1.0,0.15142195085343724,0.00012971851083149564,1500.0,0.0,7708.0,1.0,unsupported_critic_region,plugin,False,,1493.8893409940229,1434.6163479092322,1.9531943387518234,0.9843282203028889,1.3670466399798482,,,,,,,,,,,,entity30,1,BN_adapt,logits,30,0.8539999723434448,0.8539999723434448,0.5543012619018555,0.5577896237373352,splits_entity30_BN_adapt_1_0_a9f9637e0b08.npz,a9f9637e0b08,,,,,,,,
iw_residual_dis2,2.0,0,6000,30828,1500,7709,0.8486666666666667,0.0,1.0,1.387750506401062,0.5,0.5,0.5521219968795776,0.24791303277015686,,,,,0.15142195085343724,0.00012971851083149564,1500.0,0.0,7708.0,1.0,unsupported_residual_source_region,plugin,False,,1493.8893409940229,1434.6163479092322,1.9531943387518234,0.9843282203028889,1.3670466399798482,,,,,,,,,,,,entity30,1,BN_adapt,logits,30,0.8539999723434448,0.8539999723434448,0.5543012619018555,0.5577896237373352,splits_entity30_BN_adapt_1_0_a9f9637e0b08.npz,a9f9637e0b08,,,,,,,,
iw_overlap_critic,5.0,0,6000,30828,1500,7709,0.8486666666666667,0.0,1.0,1.387750506401062,0.5,0.5,0.5521219968795776,0.24791303277015686,,,,,0.15142195085343724,0.0,1500.0,0.0,7709.0,0.0,ok,plugin,False,,1493.8893409940229,1434.6163479092322,1.9531943387518234,0.9843282203028889,1.3670466399798482,,0.0,0.15142195085343724,0.8485780491465628,0.8485780491465628,False,,,,,,entity30,1,BN_adapt,logits,30,0.8539999723434448,0.8539999723434448,0.5543012619018555,0.5577896237373352,splits_entity30_BN_adapt_1_0_a9f9637e0b08.npz,a9f9637e0b08,False,False,,,,,,
iw_residual_dis2,5.0,0,6000,30828,1500,7709,0.8486666666666667,0.0,1.0,1.387750506401062,0.5,0.5,0.5521219968795776,0.24791303277015686,,,,,0.15142195085343724,0.0,1500.0,0.0,7709.0,0.0,ok,plugin,False,,1493.8893409940229,1434.6163479092322,1.9531943387518234,0.9843282203028889,1.3670466399798482,,0.0,0.15142195085343724,0.8485780491465628,0.8485780491465628,False,,,,,,entity30,1,BN_adapt,logits,30,0.8539999723434448,0.8539999723434448,0.5543012619018555,0.5577896237373352,splits_entity30_BN_adapt_1_0_a9f9637e0b08.npz,a9f9637e0b08,False,False,,,,,,
dis2_reference,,0,6000,30828,1500,7709,0.8486666679382324,,,,,,,,,,,,,,,,,,ok,dis2_with_correction,True,0.0802428490519671,,,,,,,,0.39610662734433777,0.6038933726556622,0.5236505236036951,,49.0,22.0,0.2645905613899231,0.38333332538604736,0.6479238867759705,entity30,1,BN_adapt,logits,30,0.8539999723434448,0.8539999723434448,0.5543012619018555,0.5577896237373352,splits_entity30_BN_adapt_1_0_a9f9637e0b08.npz,a9f9637e0b08,True,True,,,,0.01,0.47634947639630487,0.2447732952825702
iw_overlap_critic,1.0,0,6000,240,1500,60,0.854,0.0,1.0,54.598148345947266,0.5,0.5,0.4700000286102295,0.2502559423446655,1086.0,30.0,552.0,12.0,0.09222763688254508,0.3333333333333333,905.0,595.0,40.0,20.0,ok,plugin,False,,891.4497241709162,904.8707851127105,0.9999354871442857,0.98774124713,0.9986425545691645,0.75,0.25,0.3422276368825451,0.6577723631174549,0.6577723631174549,False,48.0,1.0,0.5272768139839172,0.38938987255096436,0.9166666865348816,entity30,2,BN_adapt,logits,30,0.8678333163261414,0.8678333163261414,0.8041666746139526,0.7333333492279053,splits_entity30_BN_adapt_2_0_a9f9637e0b08.npz,a9f9637e0b08,True,True,,,,,,
iw_residual_dis2,1.0,0,6000,240,1500,60,0.854,0.0,1.0,54.598148345947266,0.5,0.5,0.4700000286102295,0.2502559423446655,714.0,30.0,348.0,12.0,0.09222763688254508,0.3333333333333333,905.0,595.0,40.0,20.0,ok,plugin,False,,891.4497241709162,904.8707851127105,0.9999354871442857,0.98774124713,0.9986425545691645,0.55,0.04327731092436974,0.13550494780691483,0.8644950521930852,0.8644950521930852,False,49.0,5.0,0.3103448152542114,0.522988498210907,0.8333333134651184,entity30,2,BN_adapt,logits,30,0.8678333163261414,0.8678333163261414,0.8041666746139526,0.7333333492279053,splits_entity30_BN_adapt_2_0_a9f9637e0b08.npz,a9f9637e0b08,False,False,0.13277310924369748,0.5529411764705883,-0.002941176470588225,,,
iw_overlap_critic,2.0,0,6000,240,1500,60,0.854,0.0,1.0,54.598148345947266,0.5,0.5,0.4700000286102295,0.2502559423446655,,,,,0.1452678622087373,0.0,1500.0,0.0,60.0,0.0,ok,plugin,False,,1492.7701637734622,1499.5928345927812,1.0529715188829727,0.995954976953678,1.0208911536356713,,0.0,0.1452678622087373,0.8547321377912627,0.8547321377912627,False,,,,,,entity30,2,BN_adapt,logits,30,0.8678333163261414,0.8678333163261414,0.8041666746139526,0.7333333492279053,splits_entity30_BN_adapt_2_0_a9f9637e0b08.npz,a9f9637e0b08,False,False,,,,,,
iw_residual_dis2,2.0,0,6000,240,1500,60,0.854,0.0,1.0,54.598148345947266,0.5,0.5,0.4700000286102295,0.2502559423446655,,,,,0.1452678622087373,0.0,1500.0,0.0,60.0,0.0,ok,plugin,False,,1492.7701637734622,1499.5928345927812,1.0529715188829727,0.995954976953678,1.0208911536356713,,0.0,0.1452678622087373,0.8547321377912627,0.8547321377912627,False,,,,,,entity30,2,BN_adapt,logits,30,0.8678333163261414,0.8678333163261414,0.8041666746139526,0.7333333492279053,splits_entity30_BN_adapt_2_0_a9f9637e0b08.npz,a9f9637e0b08,False,False,,,,,,
iw_overlap_critic,5.0,0,6000,240,1500,60,0.854,0.0,1.0,54.598148345947266,0.5,0.5,0.4700000286102295,0.2502559423446655,,,,,0.1452678622087373,0.0,1500.0,0.0,60.0,0.0,ok,plugin,False,,1492.7701637734622,1499.5928345927812,1.0529715188829727,0.995954976953678,1.0208911536356713,,0.0,0.1452678622087373,0.8547321377912627,0.8547321377912627,False,,,,,,entity30,2,BN_adapt,logits,30,0.8678333163261414,0.8678333163261414,0.8041666746139526,0.7333333492279053,splits_entity30_BN_adapt_2_0_a9f9637e0b08.npz,a9f9637e0b08,False,False,,,,,,
iw_residual_dis2,5.0,0,6000,240,1500,60,0.854,0.0,1.0,54.598148345947266,0.5,0.5,0.4700000286102295,0.2502559423446655,,,,,0.1452678622087373,0.0,1500.0,0.0,60.0,0.0,ok,plugin,False,,1492.7701637734622,1499.5928345927812,1.0529715188829727,0.995954976953678,1.0208911536356713,,0.0,0.1452678622087373,0.8547321377912627,0.8547321377912627,False,,,,,,entity30,2,BN_adapt,logits,30,0.8678333163261414,0.8678333163261414,0.8041666746139526,0.7333333492279053,splits_entity30_BN_adapt_2_0_a9f9637e0b08.npz,a9f9637e0b08,False,False,,,,,,
dis2_reference,,0,6000,240,1500,60,0.8540000021457672,,,,,,,,,,,,,,,,,,ok,dis2_with_correction,True,0.21098968015336253,,,,,,,,0.049999997854232814,0.9500000021457672,0.7390103219924047,,37.0,17.0,0.11111116409301758,0.6944444179534912,0.8055555820465088,entity30,2,BN_adapt,logits,30,0.8678333163261414,0.8678333163261414,0.8041666746139526,0.7333333492279053,splits_entity30_BN_adapt_2_0_a9f9637e0b08.npz,a9f9637e0b08,True,False,,,,0.01,0.2609896780075953,-0.09599999999999997
iw_overlap_critic,1.0,0,6000,240,1500,60,0.8533333333333333,0.0,1.0,54.598148345947266,0.5,0.5,0.4866666793823242,0.24999688565731049,1118.0,26.0,553.0,14.0,0.1060327512302637,0.38333333333333336,942.0,558.0,37.0,23.0,ok,plugin,False,,926.4949331933615,941.8378963510271,0.9999997696519208,0.9861875370732067,0.9986191681573339,0.782608695652174,0.30000000000000004,0.4060327512302637,0.5939672487697363,0.5939672487697363,False,47.0,6.0,0.5858665108680725,0.4141334891319275,1.0,entity30,3,BN_adapt,logits,30,0.8661666512489319,0.8661666512489319,0.574999988079071,0.6333333253860474,splits_entity30_BN_adapt_3_0_a9f9637e0b08.npz,a9f9637e0b08,False,True,,,,,,
iw_residual_dis2,1.0,0,6000,240,1500,60,0.8533333333333333,0.0,1.0,54.598148345947266,0.5,0.5,0.4866666793823242,0.24999688565731049,682.0,26.0,347.0,14.0,0.1060327512302637,0.38333333333333336,942.0,558.0,37.0,23.0,ok,plugin,False,,926.4949331933615,941.8378963510271,0.9999997696519208,0.9861875370732067,0.9986191681573339,0.5217391304347826,0.04611708482676224,0.15214983605702595,0.8478501639429741,0.8478501639429741,False,46.0,0.0,0.4242486357688904,0.5043227672576904,0.9285714030265808,entity30,3,BN_adapt,logits,30,0.8661666512489319,0.8661666512489319,0.574999988079071,0.6333333253860474,splits_entity30_BN_adapt_3_0_a9f9637e0b08.npz,a9f9637e0b08,False,False,0.1057347670250896,0.507168458781362,0.01457067165342063,,,
iw_overlap_critic,2.0,0,6000,240,1500,60,0.8533333333333333,0.0,1.0,54.598148345947266,0.5,0.5,0.4866666793823242,0.24999688565731049,,,,,0.14574248078850185,0.0,1500.0,0.0,60.0,0.0,ok,plugin,False,,1490.9766250463786,1499.5064013162937,1.06008214233652,0.9947370802655913,1.0224322792082907,,0.0,0.14574248078850185,0.8542575192114982,0.8542575192114982,False,,,,,,entity30,3,BN_adapt,logits,30,0.8661666512489319,0.8661666512489319,0.574999988079071,0.6333333253860474,splits_entity30_BN_adapt_3_0_a9f9637e0b08.npz,a9f9637e0b08,False,False,,,,,,
iw_residual_dis2,2.0,0,6000,240,1500,60,0.8533333333333333,0.0,1.0,54.598148345947266,0.5,0.5,0.4866666793823242,0.24999688565731049,,,,,0.14574248078850185,0.0,1500.0,0.0,60.0,0.0,ok,plugin,False,,1490.9766250463786,1499.5064013162937,1.06008214233652,0.9947370802655913,1.0224322792082907,,0.0,0.14574248078850185,0.8542575192114982,0.8542575192114982,False,,,,,,entity30,3,BN_adapt,logits,30,0.8661666512489319,0.8661666512489319,0.574999988079071,0.6333333253860474,splits_entity30_BN_adapt_3_0_a9f9637e0b08.npz,a9f9637e0b08,False,False,,,,,,
iw_overlap_critic,5.0,0,6000,240,1500,60,0.8533333333333333,0.0,1.0,54.598148345947266,0.5,0.5,0.4866666793823242,0.24999688565731049,,,,,0.14574248078850185,0.0,1500.0,0.0,60.0,0.0,ok,plugin,False,,1490.9766250463786,1499.5064013162937,1.06008214233652,0.9947370802655913,1.0224322792082907,,0.0,0.14574248078850185,0.8542575192114982,0.8542575192114982,False,,,,,,entity30,3,BN_adapt,logits,30,0.8661666512489319,0.8661666512489319,0.574999988079071,0.6333333253860474,splits_entity30_BN_adapt_3_0_a9f9637e0b08.npz,a9f9637e0b08,False,False,,,,,,
iw_residual_dis2,5.0,0,6000,240,1500,60,0.8533333333333333,0.0,1.0,54.598148345947266,0.5,0.5,0.4866666793823242,0.24999688565731049,,,,,0.14574248078850185,0.0,1500.0,0.0,60.0,0.0,ok,plugin,False,,1490.9766250463786,1499.5064013162937,1.06008214233652,0.9947370802655913,1.0224322792082907,,0.0,0.14574248078850185,0.8542575192114982,0.8542575192114982,False,,,,,,entity30,3,BN_adapt,logits,30,0.8661666512489319,0.8661666512489319,0.574999988079071,0.6333333253860474,splits_entity30_BN_adapt_3_0_a9f9637e0b08.npz,a9f9637e0b08,False,False,,,,,,
dis2_reference,,0,6000,240,1500,60,0.8533333390951157,,,,,,,,,,,,,,,,,,ok,dis2_with_correction,True,0.21098968015336253,,,,,,,,0.2246666609048843,0.7753333390951157,0.5643436589417532,,49.0,16.0,0.20444446802139282,0.5455555319786072,0.75,entity30,3,BN_adapt,logits,30,0.8661666512489319,0.8661666512489319,0.574999988079071,0.6333333253860474,splits_entity30_BN_adapt_3_0_a9f9637e0b08.npz,a9f9637e0b08,True,True,,,,0.01,0.4356563410582468,0.07799999999999996
iw_overlap_critic,1.0,0,6000,30828,1500,7709,0.8426666666666667,0.0,1.0,1.7319560050964355,0.5,0.5,0.5138411521911621,0.24932532012462616,924.0,4904.0,454.0,2460.0,0.07688311568178104,0.5269165909975353,772.0,728.0,3647.0,4062.0,ok,plugin,False,,710.1637910316311,768.1561007703789,0.9999277931612527,0.934846505705647,0.9956916626402714,0.8774002954209749,0.46231677260345044,0.5391998882852315,0.46080011171476853,0.46080011171476853,False,49.0,2.0,0.4673349857330322,0.39201462268829346,0.8593496084213257,entity30,1,DANN,logits,30,0.8550000190734863,0.8550000190734863,0.6190800666809082,0.6236866116523743,splits_entity30_DANN_1_0_a9f9637e0b08.npz,a9f9637e0b08,True,True,,,,,,
iw_residual_dis2,1.0,0,6000,30828,1500,7709,0.8426666666666667,0.0,1.0,1.7319560050964355,0.5,0.5,0.5138411521911621,0.24932532012462616,876.0,4904.0,446.0,2460.0,0.07688311568178104,0.5269165909975353,772.0,728.0,3647.0,4062.0,ok,plugin,False,,710.1637910316311,768.1561007703789,0.9999277931612527,0.934846505705647,0.9956916626402714,0.6819300837026095,0.14001295759630175,0.2168960732780828,0.7831039267219172,0.7831039267219172,False,48.0,5.0,0.1299026608467102,0.5627802610397339,0.6926829218864441,entity30,1,DANN,logits,30,0.8550000190734863,0.8550000190734863,0.6190800666809082,0.6236866116523743,splits_entity30_DANN_1_0_a9f9637e0b08.npz,a9f9637e0b08,False,False,0.15521978021978022,0.5714285714285714,0.11050151227403815,,,
iw_overlap_critic,2.0,0,6000,30828,1500,7709,0.8426666666666667,0.0,1.0,1.7319560050964355,0.5,0.5,0.5138411521911621,0.24932532012462616,,,,,0.1576914795708141,0.0,1500.0,0.0,7709.0,0.0,ok,plugin,False,,1504.8064145143876,1481.6071133516002,1.4499609336177537,0.9974428376367115,1.1949802506131568,,0.0,0.1576914795708141,0.8423085204291859,0.8423085204291859,False,,,,,,entity30,1,DANN,logits,30,0.8550000190734863,0.8550000190734863,0.6190800666809082,0.6236866116523743,splits_entity30_DANN_1_0_a9f9637e0b08.npz,a9f9637e0b08,False,False,,,,,,
iw_residual_dis2,2.0,0,6000,30828,1500,7709,0.8426666666666667,0.0,1.0,1.7319560050964355,0.5,0.5,0.5138411521911621,0.24932532012462616,,,,,0.1576914795708141,0.0,1500.0,0.0,7709.0,0.0,ok,plugin,False,,1504.8064145143876,1481.6071133516002,1.4499609336177537,0.9974428376367115,1.1949802506131568,,0.0,0.1576914795708141,0.8423085204291859,0.8423085204291859,False,,,,,,entity30,1,DANN,logits,30,0.8550000190734863,0.8550000190734863,0.6190800666809082,0.6236866116523743,splits_entity30_DANN_1_0_a9f9637e0b08.npz,a9f9637e0b08,False,False,,,,,,
iw_overlap_critic,5.0,0,6000,30828,1500,7709,0.8426666666666667,0.0,1.0,1.7319560050964355,0.5,0.5,0.5138411521911621,0.24932532012462616,,,,,0.1576914795708141,0.0,1500.0,0.0,7709.0,0.0,ok,plugin,False,,1504.8064145143876,1481.6071133516002,1.4499609336177537,0.9974428376367115,1.1949802506131568,,0.0,0.1576914795708141,0.8423085204291859,0.8423085204291859,False,,,,,,entity30,1,DANN,logits,30,0.8550000190734863,0.8550000190734863,0.6190800666809082,0.6236866116523743,splits_entity30_DANN_1_0_a9f9637e0b08.npz,a9f9637e0b08,False,False,,,,,,
iw_residual_dis2,5.0,0,6000,30828,1500,7709,0.8426666666666667,0.0,1.0,1.7319560050964355,0.5,0.5,0.5138411521911621,0.24932532012462616,,,,,0.1576914795708141,0.0,1500.0,0.0,7709.0,0.0,ok,plugin,False,,1504.8064145143876,1481.6071133516002,1.4499609336177537,0.9974428376367115,1.1949802506131568,,0.0,0.1576914795708141,0.8423085204291859,0.8423085204291859,False,,,,,,entity30,1,DANN,logits,30,0.8550000190734863,0.8550000190734863,0.6190800666809082,0.6236866116523743,splits_entity30_DANN_1_0_a9f9637e0b08.npz,a9f9637e0b08,False,False,,,,,,
dis2_reference,,0,6000,30828,1500,7709,0.8426666706800461,,,,,,,,,,,,,,,,,,ok,dis2_with_correction,True,0.0802428490519671,,,,,,,,0.2285204266520765,0.7714795733479235,0.6912367242959564,,48.0,21.0,0.11205017566680908,0.6200000047683716,0.7320501804351807,entity30,1,DANN,logits,30,0.8550000190734863,0.8550000190734863,0.6190800666809082,0.6236866116523743,splits_entity30_DANN_1_0_a9f9637e0b08.npz,a9f9637e0b08,False,False,,,,0.01,0.3087632757040436,0.07118709733212258
iw_overlap_critic,1.0,0,6000,240,1500,60,0.8606666666666667,0.0,1.0,54.598148345947266,0.5,0.5,0.5016666650772095,0.2500607371330261,1092.0,35.0,527.0,15.0,0.08845385062802152,0.36666666666666664,907.0,593.0,38.0,22.0,ok,plugin,False,,896.129359067625,906.9210940486215,0.9999915860522797,0.9897718543189971,0.998864437982271,0.7727272727272727,0.2833333333333333,0.37178718396135485,0.6282128160386451,0.6282128160386451,False,48.0,12.0,0.5085582733154297,0.42477503418922424,0.9333333373069763,entity30,2,DANN,logits,30,0.8646666407585144,0.8646666407585144,0.7875000238418579,0.75,splits_entity30_DANN_2_0_a9f9637e0b08.npz,a9f9637e0b08,True,True,,,,,,
iw_residual_dis2,1.0,0,6000,240,1500,60,0.8606666666666667,0.0,1.0,54.598148345947266,0.5,0.5,0.5016666650772095,0.2500607371330261,708.0,35.0,373.0,15.0,0.08845385062802152,0.36666666666666664,907.0,593.0,38.0,22.0,ok,plugin,False,,896.129359067625,906.9210940486215,0.9999915860522797,0.9897718543189971,0.998864437982271,0.7727272727272727,0.08546936481169196,0.17392321543971348,0.8260767845602865,0.8260767845602865,False,32.0,10.0,0.233958899974823,0.6327077746391296,0.8666666746139526,entity30,2,DANN,logits,30,0.8646666407585144,0.8646666407585144,0.7875000238418579,0.75,splits_entity30_DANN_2_0_a9f9637e0b08.npz,a9f9637e0b08,False,False,0.12647554806070826,0.6661045531197302,0.10662271960754255,,,
iw_overlap_critic,2.0,0,6000,240,1500,60,0.8606666666666667,0.0,1.0,54.598148345947266,0.5,0.5,0.5016666650772095,0.2500607371330261,,,,,0.13883030021888568,0.0,1500.0,0.0,60.0,0.0,ok,plugin,False,,1494.5841096973684,1499.7261375452658,1.055510332519086,0.9969246742977165,1.017718717817891,,0.0,0.13883030021888568,0.8611696997811144,0.8611696997811144,False,,,,,,entity30,2,DANN,logits,30,0.8646666407585144,0.8646666407585144,0.7875000238418579,0.75,splits_entity30_DANN_2_0_a9f9637e0b08.npz,a9f9637e0b08,False,False,,,,,,
iw_residual_dis2,2.0,0,6000,240,1500,60,0.8606666666666667,0.0,1.0,54.598148345947266,0.5,0.5,0.5016666650772095,0.2500607371330261,,,,,0.13883030021888568,0.0,1500.0,0.0,60.0,0.0,ok,plugin,False,,1494.5841096973684,1499.7261375452658,1.055510332519086,0.9969246742977165,1.017718717817891,,0.0,0.13883030021888568,0.8611696997811144,0.8611696997811144,False,,,,,,entity30,2,DANN,logits,30,0.8646666407585144,0.8646666407585144,0.7875000238418579,0.75,splits_entity30_DANN_2_0_a9f9637e0b08.npz,a9f9637e0b08,False,False,,,,,,
iw_overlap_critic,5.0,0,6000,240,1500,60,0.8606666666666667,0.0,1.0,54.598148345947266,0.5,0.5,0.5016666650772095,0.2500607371330261,,,,,0.13883030021888568,0.0,1500.0,0.0,60.0,0.0,ok,plugin,False,,1494.5841096973684,1499.7261375452658,1.055510332519086,0.9969246742977165,1.017718717817891,,0.0,0.13883030021888568,0.8611696997811144,0.8611696997811144,False,,,,,,entity30,2,DANN,logits,30,0.8646666407585144,0.8646666407585144,0.7875000238418579,0.75,splits_entity30_DANN_2_0_a9f9637e0b08.npz,a9f9637e0b08,False,False,,,,,,
iw_residual_dis2,5.0,0,6000,240,1500,60,0.8606666666666667,0.0,1.0,54.598148345947266,0.5,0.5,0.5016666650772095,0.2500607371330261,,,,,0.13883030021888568,0.0,1500.0,0.0,60.0,0.0,ok,plugin,False,,1494.5841096973684,1499.7261375452658,1.055510332519086,0.9969246742977165,1.017718717817891,,0.0,0.13883030021888568,0.8611696997811144,0.8611696997811144,False,,,,,,entity30,2,DANN,logits,30,0.8646666407585144,0.8646666407585144,0.7875000238418579,0.75,splits_entity30_DANN_2_0_a9f9637e0b08.npz,a9f9637e0b08,False,False,,,,,,
dis2_reference,,0,6000,240,1500,60,0.8606666624546051,,,,,,,,,,,,,,,,,,ok,dis2_with_correction,True,0.21098968015336253,,,,,,,,0.2666666708787283,0.7333333291212717,0.5223436489679092,,34.0,22.0,0.12666666507720947,0.7066666483879089,0.8333333134651184,entity30,2,DANN,logits,30,0.8646666407585144,0.8646666407585144,0.7875000238418579,0.75,splits_entity30_DANN_2_0_a9f9637e0b08.npz,a9f9637e0b08,True,True,,,,0.01,0.4776563510320908,0.1273333333333334
iw_overlap_critic,1.0,0,6000,240,1500,60,0.8553333333333333,0.0,1.0,54.598148345947266,0.5,0.5,0.46166664361953735,0.2499975860118866,1071.0,23.0,561.0,15.0,0.10404034771876858,0.2833333333333333,899.0,601.0,43.0,17.0,ok,plugin,False,,885.5139847424209,898.8437843675769,0.9999182406819145,0.9883556707995678,0.9985498551033224,0.7647058823529411,0.21666666666666665,0.32070701438543525,0.6792929856145647,0.6792929856145647,False,39.0,18.0,0.5082271099090576,0.49177286028862,1.0,entity30,3,DANN,logits,30,0.8636666536331177,0.8636666536331177,0.5708333253860474,0.6666666865348816,splits_entity30_DANN_3_0_a9f9637e0b08.npz,a9f9637e0b08,False,False,,,,,,
iw_residual_dis2,1.0,0,6000,240,1500,60,0.8553333333333333,0.0,1.0,54.598148345947266,0.5,0.5,0.46166664361953735,0.2499975860118866,729.0,23.0,339.0,15.0,0.10404034771876858,0.2833333333333333,899.0,601.0,43.0,17.0,ok,plugin,False,,885.5139847424209,898.8437843675769,0.9999182406819145,0.9883556707995678,0.9985498551033224,0.6470588235294118,0.030587909040488095,0.13462825675925666,0.8653717432407433,0.8653717432407433,False,24.0,19.0,0.31976401805877686,0.6135693192481995,0.9333333373069763,entity30,3,DANN,logits,30,0.8636666536331177,0.8636666536331177,0.5708333253860474,0.6666666865348816,splits_entity30_DANN_3_0_a9f9637e0b08.npz,a9f9637e0b08,False,False,0.09816971713810316,0.6372712146422629,0.009787608887148913,,,
iw_overlap_critic,2.0,0,6000,240,1500,60,0.8553333333333333,0.0,1.0,54.598148345947266,0.5,0.5,0.46166664361953735,0.2499975860118866,,,,,0.14371880283187083,0.0,1500.0,0.0,60.0,0.0,ok,plugin,False,,1492.3784587409862,1499.5834355600252,1.0412212810565606,0.9963825614151481,1.0205314113131803,,0.0,0.14371880283187083,0.8562811971681292,0.8562811971681292,False,,,,,,entity30,3,DANN,logits,30,0.8636666536331177,0.8636666536331177,0.5708333253860474,0.6666666865348816,splits_entity30_DANN_3_0_a9f9637e0b08.npz,a9f9637e0b08,False,False,,,,,,
iw_residual_dis2,2.0,0,6000,240,1500,60,0.8553333333333333,0.0,1.0,54.598148345947266,0.5,0.5,0.46166664361953735,0.2499975860118866,,,,,0.14371880283187083,0.0,1500.0,0.0,60.0,0.0,ok,plugin,False,,1492.3784587409862,1499.5834355600252,1.0412212810565606,0.9963825614151481,1.0205314113131803,,0.0,0.14371880283187083,0.8562811971681292,0.8562811971681292,False,,,,,,entity30,3,DANN,logits,30,0.8636666536331177,0.8636666536331177,0.5708333253860474,0.6666666865348816,splits_entity30_DANN_3_0_a9f9637e0b08.npz,a9f9637e0b08,False,False,,,,,,
iw_overlap_critic,5.0,0,6000,240,1500,60,0.8553333333333333,0.0,1.0,54.598148345947266,0.5,0.5,0.46166664361953735,0.2499975860118866,,,,,0.14371880283187083,0.0,1500.0,0.0,60.0,0.0,ok,plugin,False,,1492.3784587409862,1499.5834355600252,1.0412212810565606,0.9963825614151481,1.0205314113131803,,0.0,0.14371880283187083,0.8562811971681292,0.8562811971681292,False,,,,,,entity30,3,DANN,logits,30,0.8636666536331177,0.8636666536331177,0.5708333253860474,0.6666666865348816,splits_entity30_DANN_3_0_a9f9637e0b08.npz,a9f9637e0b08,False,False,,,,,,
iw_residual_dis2,5.0,0,6000,240,1500,60,0.8553333333333333,0.0,1.0,54.598148345947266,0.5,0.5,0.46166664361953735,0.2499975860118866,,,,,0.14371880283187083,0.0,1500.0,0.0,60.0,0.0,ok,plugin,False,,1492.3784587409862,1499.5834355600252,1.0412212810565606,0.9963825614151481,1.0205314113131803,,0.0,0.14371880283187083,0.8562811971681292,0.8562811971681292,False,,,,,,entity30,3,DANN,logits,30,0.8636666536331177,0.8636666536331177,0.5708333253860474,0.6666666865348816,splits_entity30_DANN_3_0_a9f9637e0b08.npz,a9f9637e0b08,False,False,,,,,,
dis2_reference,,0,6000,240,1500,60,0.8553333282470703,,,,,,,,,,,,,,,,,,ok,dis2_with_correction,True,0.21098968015336253,,,,,,,,0.2993333384195963,0.7006666615804037,0.4896769814270412,,40.0,11.0,0.27222222089767456,0.5888888835906982,0.8611111044883728,entity30,3,DANN,logits,30,0.8636666536331177,0.8636666536331177,0.5708333253860474,0.6666666865348816,splits_entity30_DANN_3_0_a9f9637e0b08.npz,a9f9637e0b08,True,True,,,,0.01,0.5103230185729588,0.15466666666666662
iw_overlap_critic,1.0,0,6000,30828,1500,7709,0.856,0.0,1.0,4.218362808227539,0.5,0.5,0.5144094824790955,0.24986755847930908,966.0,4893.0,499.0,2398.0,0.0594231974004868,0.5195226358801401,802.0,698.0,3704.0,4005.0,ok,plugin,False,,772.6962958656688,801.1122487080862,0.9998883211652894,0.9715589725680372,0.9970019768256243,0.8619225967540575,0.44778829939032305,0.5072114967908099,0.4927885032091901,0.4927885032091901,False,48.0,19.0,0.4639226496219635,0.39721164107322693,0.8611342906951904,entity30,1,CDANN,logits,30,0.8611666560173035,0.8611666560173035,0.6279032230377197,0.6345829367637634,splits_entity30_CDANN_1_0_a9f9637e0b08.npz,a9f9637e0b08,True,True,,,,,,
iw_residual_dis2,1.0,0,6000,30828,1500,7709,0.856,0.0,1.0,4.218362808227539,0.5,0.5,0.5144094824790955,0.24986755847930908,834.0,4893.0,401.0,2398.0,0.0594231974004868,0.5195226358801401,802.0,698.0,3704.0,4005.0,ok,plugin,False,,772.6962958656688,801.1122487080862,0.9998883211652894,0.9715589725680372,0.9970019768256243,0.6794007490636704,0.13041783856252562,0.1898410359630124,0.8101589640369876,0.8101589640369876,False,46.0,5.0,0.139820396900177,0.5361595749855042,0.6759799718856812,entity30,1,CDANN,logits,30,0.8611666560173035,0.8611666560173035,0.6279032230377197,0.6345829367637634,splits_entity30_CDANN_1_0_a9f9637e0b08.npz,a9f9637e0b08,False,False,0.17765042979942694,0.6060171919770774,0.07338355708659305,,,
iw_overlap_critic,2.0,0,6000,30828,1500,7709,0.856,0.0,1.0,4.218362808227539,0.5,0.5,0.5144094824790955,0.24986755847930908,,,,,0.14460843398001139,0.0,1500.0,0.0,7709.0,0.0,ok,plugin,False,,1497.3706391052842,1496.276842317666,1.2208115703483062,0.9960094917470657,1.0834403093453306,,0.0,0.14460843398001139,0.8553915660199887,0.8553915660199887,False,,,,,,entity30,1,CDANN,logits,30,0.8611666560173035,0.8611666560173035,0.6279032230377197,0.6345829367637634,splits_entity30_CDANN_1_0_a9f9637e0b08.npz,a9f9637e0b08,False,False,,,,,,
iw_residual_dis2,2.0,0,6000,30828,1500,7709,0.856,0.0,1.0,4.218362808227539,0.5,0.5,0.5144094824790955,0.24986755847930908,,,,,0.14460843398001139,0.0,1500.0,0.0,7709.0,0.0,ok,plugin,False,,1497.3706391052842,1496.276842317666,1.2208115703483062,0.9960094917470657,1.0834403093453306,,0.0,0.14460843398001139,0.8553915660199887,0.8553915660199887,False,,,,,,entity30,1,CDANN,logits,30,0.8611666560173035,0.8611666560173035,0.6279032230377197,0.6345829367637634,splits_entity30_CDANN_1_0_a9f9637e0b08.npz,a9f9637e0b08,False,False,,,,,,
iw_overlap_critic,5.0,0,6000,30828,1500,7709,0.856,0.0,1.0,4.218362808227539,0.5,0.5,0.5144094824790955,0.24986755847930908,,,,,0.14460843398001139,0.0,1500.0,0.0,7709.0,0.0,ok,plugin,False,,1497.3706391052842,1496.276842317666,1.2208115703483062,0.9960094917470657,1.0834403093453306,,0.0,0.14460843398001139,0.8553915660199887,0.8553915660199887,False,,,,,,entity30,1,CDANN,logits,30,0.8611666560173035,0.8611666560173035,0.6279032230377197,0.6345829367637634,splits_entity30_CDANN_1_0_a9f9637e0b08.npz,a9f9637e0b08,False,False,,,,,,
iw_residual_dis2,5.0,0,6000,30828,1500,7709,0.856,0.0,1.0,4.218362808227539,0.5,0.5,0.5144094824790955,0.24986755847930908,,,,,0.14460843398001139,0.0,1500.0,0.0,7709.0,0.0,ok,plugin,False,,1497.3706391052842,1496.276842317666,1.2208115703483062,0.9960094917470657,1.0834403093453306,,0.0,0.14460843398001139,0.8553915660199887,0.8553915660199887,False,,,,,,entity30,1,CDANN,logits,30,0.8611666560173035,0.8611666560173035,0.6279032230377197,0.6345829367637634,splits_entity30_CDANN_1_0_a9f9637e0b08.npz,a9f9637e0b08,False,False,,,,,,
dis2_reference,,0,6000,30828,1500,7709,0.8560000061988831,,,,,,,,,,,,,,,,,,ok,dis2_with_correction,True,0.0802428490519671,,,,,,,,0.24906472333802188,0.7509352766619781,0.670692427610011,,46.0,5.0,0.13116872310638428,0.5522222518920898,0.6833909749984741,entity30,1,CDANN,logits,30,0.8611666560173035,0.8611666560173035,0.6279032230377197,0.6345829367637634,splits_entity30_CDANN_1_0_a9f9637e0b08.npz,a9f9637e0b08,False,False,,,,0.01,0.329307572389989,0.10506472953690493
iw_overlap_critic,1.0,0,6000,240,1500,60,0.862,0.0,1.0,54.598148345947266,0.5,0.5,0.43166667222976685,0.25015807151794434,1172.0,27.0,588.0,11.0,0.09112502247060338,0.36666666666666664,973.0,527.0,38.0,22.0,ok,plugin,False,,961.3372927213605,972.9055732136661,0.999945997927738,0.9900041276918173,0.9991803742575833,0.7727272727272727,0.2833333333333333,0.3744583558039367,0.6255416441960633,0.6255416441960633,False,34.0,16.0,0.44833284616470337,0.4607580900192261,0.9090909361839294,entity30,2,CDANN,logits,30,0.8646666407585144,0.8646666407585144,0.8125,0.75,splits_entity30_CDANN_2_0_a9f9637e0b08.npz,a9f9637e0b08,True,True,,,,,,
iw_residual_dis2,1.0,0,6000,240,1500,60,0.862,0.0,1.0,54.598148345947266,0.5,0.5,0.43166667222976685,0.25015807151794434,628.0,27.0,312.0,11.0,0.09112502247060338,0.36666666666666664,973.0,527.0,38.0,22.0,ok,plugin,False,,961.3372927213605,972.9055732136661,0.999945997927738,0.9900041276918173,0.9991803742575833,0.7272727272727273,0.10037950664136619,0.19150452911196958,0.8084954708880304,0.8084954708880304,False,49.0,26.0,0.375,0.625,1.0,entity30,2,CDANN,logits,30,0.8646666407585144,0.8646666407585144,0.8125,0.75,splits_entity30_CDANN_2_0_a9f9637e0b08.npz,a9f9637e0b08,True,False,0.13092979127134724,0.5844402277039848,0.14283249956874244,,,
iw_overlap_critic,2.0,0,6000,240,1500,60,0.862,0.0,1.0,54.598148345947266,0.5,0.5,0.43166667222976685,0.25015807151794434,,,,,0.13743319733972353,0.0,1500.0,0.0,60.0,0.0,ok,plugin,False,,1493.2470034549465,1499.720804605616,1.0384839330547786,0.9954725204362509,1.0181140521772278,,0.0,0.13743319733972353,0.8625668026602764,0.8625668026602764,False,,,,,,entity30,2,CDANN,logits,30,0.8646666407585144,0.8646666407585144,0.8125,0.75,splits_entity30_CDANN_2_0_a9f9637e0b08.npz,a9f9637e0b08,False,False,,,,,,
iw_residual_dis2,2.0,0,6000,240,1500,60,0.862,0.0,1.0,54.598148345947266,0.5,0.5,0.43166667222976685,0.25015807151794434,,,,,0.13743319733972353,0.0,1500.0,0.0,60.0,0.0,ok,plugin,False,,1493.2470034549465,1499.720804605616,1.0384839330547786,0.9954725204362509,1.0181140521772278,,0.0,0.13743319733972353,0.8625668026602764,0.8625668026602764,False,,,,,,entity30,2,CDANN,logits,30,0.8646666407585144,0.8646666407585144,0.8125,0.75,splits_entity30_CDANN_2_0_a9f9637e0b08.npz,a9f9637e0b08,False,False,,,,,,
iw_overlap_critic,5.0,0,6000,240,1500,60,0.862,0.0,1.0,54.598148345947266,0.5,0.5,0.43166667222976685,0.25015807151794434,,,,,0.13743319733972353,0.0,1500.0,0.0,60.0,0.0,ok,plugin,False,,1493.2470034549465,1499.720804605616,1.0384839330547786,0.9954725204362509,1.0181140521772278,,0.0,0.13743319733972353,0.8625668026602764,0.8625668026602764,False,,,,,,entity30,2,CDANN,logits,30,0.8646666407585144,0.8646666407585144,0.8125,0.75,splits_entity30_CDANN_2_0_a9f9637e0b08.npz,a9f9637e0b08,False,False,,,,,,
iw_residual_dis2,5.0,0,6000,240,1500,60,0.862,0.0,1.0,54.598148345947266,0.5,0.5,0.43166667222976685,0.25015807151794434,,,,,0.13743319733972353,0.0,1500.0,0.0,60.0,0.0,ok,plugin,False,,1493.2470034549465,1499.720804605616,1.0384839330547786,0.9954725204362509,1.0181140521772278,,0.0,0.13743319733972353,0.8625668026602764,0.8625668026602764,False,,,,,,entity30,2,CDANN,logits,30,0.8646666407585144,0.8646666407585144,0.8125,0.75,splits_entity30_CDANN_2_0_a9f9637e0b08.npz,a9f9637e0b08,False,False,,,,,,
dis2_reference,,0,6000,240,1500,60,0.8620000034570694,,,,,,,,,,,,,,,,,,ok,dis2_with_correction,True,0.21098968015336253,,,,,,,,0.17066666320959722,0.8293333367904028,0.6183436566370403,,43.0,5.0,0.13111114501953125,0.6744444370269775,0.8055555820465088,entity30,2,CDANN,logits,30,0.8646666407585144,0.8646666407585144,0.8125,0.75,splits_entity30_CDANN_2_0_a9f9637e0b08.npz,a9f9637e0b08,True,True,,,,0.01,0.3816563433629597,0.03266666666666662
iw_overlap_critic,1.0,0,6000,240,1500,60,0.8453333333333333,0.0,1.0,54.598148345947266,0.5,0.5,0.43416666984558105,0.2500317394733429,1102.0,20.0,576.0,18.0,0.10961316961614492,0.38333333333333336,914.0,586.0,37.0,23.0,ok,plugin,False,,902.9353988773648,913.9068940751346,0.9999598481836954,0.9904998732026249,0.999076254844403,0.6521739130434783,0.25,0.3596131696161449,0.6403868303838551,0.6403868303838551,False,49.0,28.0,0.4433627426624298,0.4455261528491974,0.8888888955116272,entity30,3,CDANN,logits,30,0.8573333621025085,0.8573333621025085,0.5625,0.6166666746139526,splits_entity30_CDANN_3_0_a9f9637e0b08.npz,a9f9637e0b08,False,False,,,,,,
iw_residual_dis2,1.0,0,6000,240,1500,60,0.8453333333333333,0.0,1.0,54.598148345947266,0.5,0.5,0.43416666984558105,0.2500317394733429,698.0,20.0,324.0,18.0,0.10961316961614492,0.38333333333333336,914.0,586.0,37.0,23.0,ok,plugin,False,,902.9353988773648,913.9068940751346,0.9999598481836954,0.9904998732026249,0.999076254844403,0.4782608695652174,0.059698521046643936,0.16931169066278887,0.8306883093372112,0.8306883093372112,False,46.0,29.0,0.4506172835826874,0.4382716119289398,0.8888888955116272,entity30,3,CDANN,logits,30,0.8573333621025085,0.8573333621025085,0.5625,0.6166666746139526,splits_entity30_CDANN_3_0_a9f9637e0b08.npz,a9f9637e0b08,False,False,0.11262798634812286,0.4351535836177474,0.04310728594746999,,,
iw_overlap_critic,2.0,0,6000,240,1500,60,0.8453333333333333,0.0,1.0,54.598148345947266,0.5,0.5,0.43416666984558105,0.2500317394733429,,,,,0.15387466298415065,0.0,1500.0,0.0,60.0,0.0,ok,plugin,False,,1494.5325010901606,1499.7027917624096,1.0436227661578048,0.9966017839501926,1.0193663146885727,,0.0,0.15387466298415065,0.8461253370158494,0.8461253370158494,False,,,,,,entity30,3,CDANN,logits,30,0.8573333621025085,0.8573333621025085,0.5625,0.6166666746139526,splits_entity30_CDANN_3_0_a9f9637e0b08.npz,a9f9637e0b08,False,False,,,,,,
iw_residual_dis2,2.0,0,6000,240,1500,60,0.8453333333333333,0.0,1.0,54.598148345947266,0.5,0.5,0.43416666984558105,0.2500317394733429,,,,,0.15387466298415065,0.0,1500.0,0.0,60.0,0.0,ok,plugin,False,,1494.5325010901606,1499.7027917624096,1.0436227661578048,0.9966017839501926,1.0193663146885727,,0.0,0.15387466298415065,0.8461253370158494,0.8461253370158494,False,,,,,,entity30,3,CDANN,logits,30,0.8573333621025085,0.8573333621025085,0.5625,0.6166666746139526,splits_entity30_CDANN_3_0_a9f9637e0b08.npz,a9f9637e0b08,False,False,,,,,,
iw_overlap_critic,5.0,0,6000,240,1500,60,0.8453333333333333,0.0,1.0,54.598148345947266,0.5,0.5,0.43416666984558105,0.2500317394733429,,,,,0.15387466298415065,0.0,1500.0,0.0,60.0,0.0,ok,plugin,False,,1494.5325010901606,1499.7027917624096,1.0436227661578048,0.9966017839501926,1.0193663146885727,,0.0,0.15387466298415065,0.8461253370158494,0.8461253370158494,False,,,,,,entity30,3,CDANN,logits,30,0.8573333621025085,0.8573333621025085,0.5625,0.6166666746139526,splits_entity30_CDANN_3_0_a9f9637e0b08.npz,a9f9637e0b08,False,False,,,,,,
iw_residual_dis2,5.0,0,6000,240,1500,60,0.8453333333333333,0.0,1.0,54.598148345947266,0.5,0.5,0.43416666984558105,0.2500317394733429,,,,,0.15387466298415065,0.0,1500.0,0.0,60.0,0.0,ok,plugin,False,,1494.5325010901606,1499.7027917624096,1.0436227661578048,0.9966017839501926,1.0193663146885727,,0.0,0.15387466298415065,0.8461253370158494,0.8461253370158494,False,,,,,,entity30,3,CDANN,logits,30,0.8573333621025085,0.8573333621025085,0.5625,0.6166666746139526,splits_entity30_CDANN_3_0_a9f9637e0b08.npz,a9f9637e0b08,False,False,,,,,,
dis2_reference,,0,6000,240,1500,60,0.8453333377838135,,,,,,,,,,,,,,,,,,ok,dis2_with_correction,True,0.21098968015336253,,,,,,,,0.30266666221618654,0.6973333377838135,0.48634365763045095,,41.0,23.0,0.25777775049209595,0.5755555629730225,0.8333333134651184,entity30,3,CDANN,logits,30,0.8573333621025085,0.8573333621025085,0.5625,0.6166666746139526,splits_entity30_CDANN_3_0_a9f9637e0b08.npz,a9f9637e0b08,True,True,,,,0.01,0.513656342369549,0.14800000000000002
iw_overlap_critic,1.0,0,6000,30828,1500,7709,0.8593333333333333,0.0,1.0,1.5629429817199707,0.5,0.5,0.5159279704093933,0.2487560510635376,920.0,5136.0,472.0,2540.0,0.06317261342551894,0.5572707225321053,767.0,733.0,3413.0,4296.0,ok,plugin,False,,677.631929908816,758.7551461674927,0.9996552370460364,0.9027109820734045,0.9906301432624858,0.8973463687150838,0.5000648592554157,0.5632374726809346,0.4367625273190654,0.4367625273190654,False,49.0,27.0,0.4536600410938263,0.44594624638557434,0.8996062874794006,entity30,1,FixMatch,logits,30,0.8659999966621399,0.8659999966621399,0.6680290699005127,0.6737579703330994,splits_entity30_FixMatch_1_0_a9f9637e0b08.npz,a9f9637e0b08,True,True,,,,,,
iw_residual_dis2,1.0,0,6000,30828,1500,7709,0.8593333333333333,0.0,1.0,1.5629429817199707,0.5,0.5,0.5159279704093933,0.2487560510635376,880.0,5136.0,428.0,2540.0,0.06317261342551894,0.5572707225321053,767.0,733.0,3413.0,4296.0,ok,plugin,False,,677.631929908816,758.7551461674927,0.9996552370460364,0.9027109820734045,0.9906301432624858,0.6978584729981379,0.15169491480431532,0.21486752822983426,0.7851324717701658,0.7851324717701658,False,49.0,24.0,0.2141990065574646,0.5023364424705505,0.7165354490280151,entity30,1,FixMatch,logits,30,0.8659999966621399,0.8659999966621399,0.6680290699005127,0.6737579703330994,splits_entity30_FixMatch_1_0_a9f9637e0b08.npz,a9f9637e0b08,False,False,0.1432469304229195,0.5688949522510232,0.1289635207471147,,,
iw_overlap_critic,2.0,0,6000,30828,1500,7709,0.8593333333333333,0.0,1.0,1.5629429817199707,0.5,0.5,0.5159279704093933,0.2487560510635376,,,,,0.13905262809328348,0.0,1500.0,0.0,7709.0,0.0,ok,plugin,False,,1492.443508245894,1467.3328550618664,1.7201309019033284,0.9949608303235625,1.231581696016989,,0.0,0.13905262809328348,0.8609473719067166,0.8609473719067166,False,,,,,,entity30,1,FixMatch,logits,30,0.8659999966621399,0.8659999966621399,0.6680290699005127,0.6737579703330994,splits_entity30_FixMatch_1_0_a9f9637e0b08.npz,a9f9637e0b08,False,False,,,,,,
iw_residual_dis2,2.0,0,6000,30828,1500,7709,0.8593333333333333,0.0,1.0,1.5629429817199707,0.5,0.5,0.5159279704093933,0.2487560510635376,,,,,0.13905262809328348,0.0,1500.0,0.0,7709.0,0.0,ok,plugin,False,,1492.443508245894,1467.3328550618664,1.7201309019033284,0.9949608303235625,1.231581696016989,,0.0,0.13905262809328348,0.8609473719067166,0.8609473719067166,False,,,,,,entity30,1,FixMatch,logits,30,0.8659999966621399,0.8659999966621399,0.6680290699005127,0.6737579703330994,splits_entity30_FixMatch_1_0_a9f9637e0b08.npz,a9f9637e0b08,False,False,,,,,,
iw_overlap_critic,5.0,0,6000,30828,1500,7709,0.8593333333333333,0.0,1.0,1.5629429817199707,0.5,0.5,0.5159279704093933,0.2487560510635376,,,,,0.13905262809328348,0.0,1500.0,0.0,7709.0,0.0,ok,plugin,False,,1492.443508245894,1467.3328550618664,1.7201309019033284,0.9949608303235625,1.231581696016989,,0.0,0.13905262809328348,0.8609473719067166,0.8609473719067166,False,,,,,,entity30,1,FixMatch,logits,30,0.8659999966621399,0.8659999966621399,0.6680290699005127,0.6737579703330994,splits_entity30_FixMatch_1_0_a9f9637e0b08.npz,a9f9637e0b08,False,False,,,,,,
iw_residual_dis2,5.0,0,6000,30828,1500,7709,0.8593333333333333,0.0,1.0,1.5629429817199707,0.5,0.5,0.5159279704093933,0.2487560510635376,,,,,0.13905262809328348,0.0,1500.0,0.0,7709.0,0.0,ok,plugin,False,,1492.443508245894,1467.3328550618664,1.7201309019033284,0.9949608303235625,1.231581696016989,,0.0,0.13905262809328348,0.8609473719067166,0.8609473719067166,False,,,,,,entity30,1,FixMatch,logits,30,0.8659999966621399,0.8659999966621399,0.6680290699005127,0.6737579703330994,splits_entity30_FixMatch_1_0_a9f9637e0b08.npz,a9f9637e0b08,False,False,,,,,,
dis2_reference,,0,6000,30828,1500,7709,0.859333336353302,,,,,,,,,,,,,,,,,,ok,dis2_with_correction,True,0.0802428490519671,,,,,,,,0.32502970251901175,0.6749702974809882,0.5947274484290211,,49.0,5.0,0.19172149896621704,0.5199999809265137,0.7117214798927307,entity30,1,FixMatch,logits,30,0.8659999966621399,0.8659999966621399,0.6680290699005127,0.6737579703330994,splits_entity30_FixMatch_1_0_a9f9637e0b08.npz,a9f9637e0b08,True,True,,,,0.01,0.40527255157097886,0.18436303887231376
iw_overlap_critic,1.0,0,6000,240,1500,60,0.854,0.0,1.0,54.598148345947266,0.5,0.5,0.4375,0.24999071657657623,1129.0,28.0,573.0,14.0,0.09693757296123216,0.2833333333333333,924.0,576.0,43.0,17.0,ok,plugin,False,,910.9999524789548,923.9043032594362,0.999973167262006,0.9877036153535236,0.9986762916622565,0.7647058823529411,0.21666666666666665,0.3136042396278988,0.6863957603721011,0.6863957603721011,False,43.0,22.0,0.43892157077789307,0.48964983224868774,0.9285714030265808,entity30,2,FixMatch,logits,30,0.862500011920929,0.862500011920929,0.7666666507720947,0.7166666388511658,splits_entity30_FixMatch_2_0_a9f9637e0b08.npz,a9f9637e0b08,True,True,,,,,,
iw_residual_dis2,1.0,0,6000,240,1500,60,0.854,0.0,1.0,54.598148345947266,0.5,0.5,0.4375,0.24999071657657623,671.0,28.0,327.0,14.0,0.09693757296123216,0.2833333333333333,924.0,576.0,43.0,17.0,ok,plugin,False,,910.9999524789548,923.9043032594362,0.999973167262006,0.9877036153535236,0.9986762916622565,0.5294117647058824,0.03342013888888888,0.13035771185012104,0.869642288149879,0.869642288149879,False,38.0,22.0,0.3372651934623718,0.5198776721954346,0.8571428656578064,entity30,2,FixMatch,logits,30,0.862500011920929,0.862500011920929,0.7666666507720947,0.7166666388511658,splits_entity30_FixMatch_2_0_a9f9637e0b08.npz,a9f9637e0b08,False,False,0.125,0.5364583333333334,-0.007046568627451011,,,
iw_overlap_critic,2.0,0,6000,240,1500,60,0.854,0.0,1.0,54.598148345947266,0.5,0.5,0.4375,0.24999071657657623,,,,,0.14527740442165973,0.0,1500.0,0.0,60.0,0.0,ok,plugin,False,,1492.831990733837,1499.654407535032,1.0608993826453323,0.9950790723757076,1.0196290311315288,,0.0,0.14527740442165973,0.8547225955783403,0.8547225955783403,False,,,,,,entity30,2,FixMatch,logits,30,0.862500011920929,0.862500011920929,0.7666666507720947,0.7166666388511658,splits_entity30_FixMatch_2_0_a9f9637e0b08.npz,a9f9637e0b08,False,False,,,,,,
iw_residual_dis2,2.0,0,6000,240,1500,60,0.854,0.0,1.0,54.598148345947266,0.5,0.5,0.4375,0.24999071657657623,,,,,0.14527740442165973,0.0,1500.0,0.0,60.0,0.0,ok,plugin,False,,1492.831990733837,1499.654407535032,1.0608993826453323,0.9950790723757076,1.0196290311315288,,0.0,0.14527740442165973,0.8547225955783403,0.8547225955783403,False,,,,,,entity30,2,FixMatch,logits,30,0.862500011920929,0.862500011920929,0.7666666507720947,0.7166666388511658,splits_entity30_FixMatch_2_0_a9f9637e0b08.npz,a9f9637e0b08,False,False,,,,,,
iw_overlap_critic,5.0,0,6000,240,1500,60,0.854,0.0,1.0,54.598148345947266,0.5,0.5,0.4375,0.24999071657657623,,,,,0.14527740442165973,0.0,1500.0,0.0,60.0,0.0,ok,plugin,False,,1492.831990733837,1499.654407535032,1.0608993826453323,0.9950790723757076,1.0196290311315288,,0.0,0.14527740442165973,0.8547225955783403,0.8547225955783403,False,,,,,,entity30,2,FixMatch,logits,30,0.862500011920929,0.862500011920929,0.7666666507720947,0.7166666388511658,splits_entity30_FixMatch_2_0_a9f9637e0b08.npz,a9f9637e0b08,False,False,,,,,,
iw_residual_dis2,5.0,0,6000,240,1500,60,0.854,0.0,1.0,54.598148345947266,0.5,0.5,0.4375,0.24999071657657623,,,,,0.14527740442165973,0.0,1500.0,0.0,60.0,0.0,ok,plugin,False,,1492.831990733837,1499.654407535032,1.0608993826453323,0.9950790723757076,1.0196290311315288,,0.0,0.14527740442165973,0.8547225955783403,0.8547225955783403,False,,,,,,entity30,2,FixMatch,logits,30,0.862500011920929,0.862500011920929,0.7666666507720947,0.7166666388511658,splits_entity30_FixMatch_2_0_a9f9637e0b08.npz,a9f9637e0b08,False,False,,,,,,
dis2_reference,,0,6000,240,1500,60,0.8540000021457672,,,,,,,,,,,,,,,,,,ok,dis2_with_correction,True,0.21098968015336253,,,,,,,,0.1533333311875661,0.8466666688124339,0.6356769886590714,,16.0,2.0,0.1177777647972107,0.8822222352027893,1.0,entity30,2,FixMatch,logits,30,0.862500011920929,0.862500011920929,0.7666666507720947,0.7166666388511658,splits_entity30_FixMatch_2_0_a9f9637e0b08.npz,a9f9637e0b08,True,True,,,,0.01,0.3643230113409286,0.007333333333333303
iw_overlap_critic,1.0,0,6000,240,1500,60,0.8493333333333333,0.0,1.0,54.598148345947266,0.5,0.5,0.4624999761581421,0.2500714063644409,1128.0,27.0,584.0,14.0,0.09927496969107936,0.35,961.0,539.0,39.0,21.0,ok,plugin,False,,944.4754963564285,960.7915357167087,0.9999336242849635,0.9860151261046977,0.9978569852103248,0.6190476190476191,0.21666666666666667,0.315941636357746,0.6840583636422539,0.6840583636422539,False,48.0,11.0,0.49627190828323364,0.43229949474334717,0.9285714030265808,entity30,3,FixMatch,logits,30,0.8604999780654907,0.8604999780654907,0.5583333373069763,0.5833333134651184,splits_entity30_FixMatch_3_0_a9f9637e0b08.npz,a9f9637e0b08,False,False,,,,,,
iw_residual_dis2,1.0,0,6000,240,1500,60,0.8493333333333333,0.0,1.0,54.598148345947266,0.5,0.5,0.4624999761581421,0.2500714063644409,672.0,27.0,316.0,14.0,0.09927496969107936,0.35,961.0,539.0,39.0,21.0,ok,plugin,False,,944.4754963564285,960.7915357167087,0.9999336242849635,0.9860151261046977,0.9978569852103248,0.5714285714285714,0.06558441558441556,0.16485938527549493,0.8351406147245051,0.8351406147245051,False,42.0,24.0,0.40958404541015625,0.5189873576164246,0.9285714030265808,entity30,3,FixMatch,logits,30,0.8604999780654907,0.8604999780654907,0.5583333373069763,0.5833333134651184,splits_entity30_FixMatch_3_0_a9f9637e0b08.npz,a9f9637e0b08,False,False,0.1391465677179963,0.5231910946196661,0.04823747680890533,,,
iw_overlap_critic,2.0,0,6000,240,1500,60,0.8493333333333333,0.0,1.0,54.598148345947266,0.5,0.5,0.4624999761581421,0.2500714063644409,,,,,0.14979065503999406,0.0,1500.0,0.0,60.0,0.0,ok,plugin,False,,1489.7956992312606,1499.4566509493607,1.0513157986019668,0.993553670481365,1.021478628953674,,0.0,0.14979065503999406,0.8502093449600059,0.8502093449600059,False,,,,,,entity30,3,FixMatch,logits,30,0.8604999780654907,0.8604999780654907,0.5583333373069763,0.5833333134651184,splits_entity30_FixMatch_3_0_a9f9637e0b08.npz,a9f9637e0b08,False,False,,,,,,
iw_residual_dis2,2.0,0,6000,240,1500,60,0.8493333333333333,0.0,1.0,54.598148345947266,0.5,0.5,0.4624999761581421,0.2500714063644409,,,,,0.14979065503999406,0.0,1500.0,0.0,60.0,0.0,ok,plugin,False,,1489.7956992312606,1499.4566509493607,1.0513157986019668,0.993553670481365,1.021478628953674,,0.0,0.14979065503999406,0.8502093449600059,0.8502093449600059,False,,,,,,entity30,3,FixMatch,logits,30,0.8604999780654907,0.8604999780654907,0.5583333373069763,0.5833333134651184,splits_entity30_FixMatch_3_0_a9f9637e0b08.npz,a9f9637e0b08,False,False,,,,,,
iw_overlap_critic,5.0,0,6000,240,1500,60,0.8493333333333333,0.0,1.0,54.598148345947266,0.5,0.5,0.4624999761581421,0.2500714063644409,,,,,0.14979065503999406,0.0,1500.0,0.0,60.0,0.0,ok,plugin,False,,1489.7956992312606,1499.4566509493607,1.0513157986019668,0.993553670481365,1.021478628953674,,0.0,0.14979065503999406,0.8502093449600059,0.8502093449600059,False,,,,,,entity30,3,FixMatch,logits,30,0.8604999780654907,0.8604999780654907,0.5583333373069763,0.5833333134651184,splits_entity30_FixMatch_3_0_a9f9637e0b08.npz,a9f9637e0b08,False,False,,,,,,
iw_residual_dis2,5.0,0,6000,240,1500,60,0.8493333333333333,0.0,1.0,54.598148345947266,0.5,0.5,0.4624999761581421,0.2500714063644409,,,,,0.14979065503999406,0.0,1500.0,0.0,60.0,0.0,ok,plugin,False,,1489.7956992312606,1499.4566509493607,1.0513157986019668,0.993553670481365,1.021478628953674,,0.0,0.14979065503999406,0.8502093449600059,0.8502093449600059,False,,,,,,entity30,3,FixMatch,logits,30,0.8604999780654907,0.8604999780654907,0.5583333373069763,0.5833333134651184,splits_entity30_FixMatch_3_0_a9f9637e0b08.npz,a9f9637e0b08,False,False,,,,,,
dis2_reference,,0,6000,240,1500,60,0.849333330988884,,,,,,,,,,,,,,,,,,ok,dis2_with_correction,True,0.21098968015336253,,,,,,,,0.120666669011116,0.879333330988884,0.6683436508355215,,48.0,6.0,0.2355555295944214,0.597777783870697,0.8333333134651184,entity30,3,FixMatch,logits,30,0.8604999780654907,0.8604999780654907,0.5583333373069763,0.5833333134651184,splits_entity30_FixMatch_3_0_a9f9637e0b08.npz,a9f9637e0b08,False,False,,,,0.01,0.3316563491644785,-0.030000000000000027
iw_overlap_critic,1.0,0,10000,2000,2500,500,0.9592,0.0,1.0,1.8677587509155273,0.5,0.5,0.5174999833106995,0.24938082695007324,1567.0,315.0,765.0,149.0,0.016653366661482802,0.498,1286.0,1214.0,251.0,249.0,ok,plugin,False,,1170.7802667024202,1280.87306796449,0.9999117920623621,0.9211076240829492,0.9897090148446247,0.891566265060241,0.444,0.4606533666614828,0.5393466333385172,0.5393466333385172,False,49.0,27.0,0.7285223007202148,0.13053809106349945,0.8590604066848755,cifar10,1,ERM-aug-imagenet,logits,10,0.9635000228881836,0.9635000228881836,0.8684999942779541,0.8560000061988831,splits_cifar10_ERM-aug-imagenet_1_0_a9f9637e0b08.npz,a9f9637e0b08,True,True,,,,,,
iw_residual_dis2,1.0,0,10000,2000,2500,500,0.9592,0.0,1.0,1.8677587509155273,0.5,0.5,0.5174999833106995,0.24938082695007324,1433.0,315.0,735.0,149.0,0.016653366661482802,0.498,1286.0,1214.0,251.0,249.0,ok,plugin,False,,1170.7802667024202,1280.87306796449,0.9999117920623621,0.9211076240829492,0.9897090148446247,0.5020080321285141,0.06663426688632619,0.08328763354780899,0.916712366452191,0.916712366452191,False,38.0,24.0,0.23241561651229858,0.3850340247154236,0.6174496412277222,cifar10,1,ERM-aug-imagenet,logits,10,0.9635000228881836,0.9635000228881836,0.8684999942779541,0.8560000061988831,splits_cifar10_ERM-aug-imagenet_1_0_a9f9637e0b08.npz,a9f9637e0b08,False,False,0.047775947281713346,0.4159802306425041,0.08602780148600997,,,
iw_overlap_critic,2.0,0,10000,2000,2500,500,0.9592,0.0,1.0,1.8677587509155273,0.5,0.5,0.5174999833106995,0.24938082695007324,,,,,0.04141584678359466,0.0,2500.0,0.0,500.0,0.0,ok,plugin,False,,2485.525770015257,2472.677393037732,1.3798158611883289,0.9940494715842401,1.1688936994968226,,0.0,0.04141584678359466,0.9585841532164053,0.9585841532164053,False,,,,,,cifar10,1,ERM-aug-imagenet,logits,10,0.9635000228881836,0.9635000228881836,0.8684999942779541,0.8560000061988831,splits_cifar10_ERM-aug-imagenet_1_0_a9f9637e0b08.npz,a9f9637e0b08,False,False,,,,,,
iw_residual_dis2,2.0,0,10000,2000,2500,500,0.9592,0.0,1.0,1.8677587509155273,0.5,0.5,0.5174999833106995,0.24938082695007324,,,,,0.04141584678359466,0.0,2500.0,0.0,500.0,0.0,ok,plugin,False,,2485.525770015257,2472.677393037732,1.3798158611883289,0.9940494715842401,1.1688936994968226,,0.0,0.04141584678359466,0.9585841532164053,0.9585841532164053,False,,,,,,cifar10,1,ERM-aug-imagenet,logits,10,0.9635000228881836,0.9635000228881836,0.8684999942779541,0.8560000061988831,splits_cifar10_ERM-aug-imagenet_1_0_a9f9637e0b08.npz,a9f9637e0b08,False,False,,,,,,
iw_overlap_critic,5.0,0,10000,2000,2500,500,0.9592,0.0,1.0,1.8677587509155273,0.5,0.5,0.5174999833106995,0.24938082695007324,,,,,0.04141584678359466,0.0,2500.0,0.0,500.0,0.0,ok,plugin,False,,2485.525770015257,2472.677393037732,1.3798158611883289,0.9940494715842401,1.1688936994968226,,0.0,0.04141584678359466,0.9585841532164053,0.9585841532164053,False,,,,,,cifar10,1,ERM-aug-imagenet,logits,10,0.9635000228881836,0.9635000228881836,0.8684999942779541,0.8560000061988831,splits_cifar10_ERM-aug-imagenet_1_0_a9f9637e0b08.npz,a9f9637e0b08,False,False,,,,,,
iw_residual_dis2,5.0,0,10000,2000,2500,500,0.9592,0.0,1.0,1.8677587509155273,0.5,0.5,0.5174999833106995,0.24938082695007324,,,,,0.04141584678359466,0.0,2500.0,0.0,500.0,0.0,ok,plugin,False,,2485.525770015257,2472.677393037732,1.3798158611883289,0.9940494715842401,1.1688936994968226,,0.0,0.04141584678359466,0.9585841532164053,0.9585841532164053,False,,,,,,cifar10,1,ERM-aug-imagenet,logits,10,0.9635000228881836,0.9635000228881836,0.8684999942779541,0.8560000061988831,splits_cifar10_ERM-aug-imagenet_1_0_a9f9637e0b08.npz,a9f9637e0b08,False,False,,,,,,
dis2_reference,,0,10000,2000,2500,500,0.9591999985277653,,,,,,,,,,,,,,,,,,ok,dis2_with_correction,True,0.09104562776310877,,,,,,,,0.11120000147223474,0.8887999985277653,0.7977543707646565,,49.0,24.0,0.09200000762939453,0.5113333463668823,0.6033333539962769,cifar10,1,ERM-aug-imagenet,logits,10,0.9635000228881836,0.9635000228881836,0.8684999942779541,0.8560000061988831,splits_cifar10_ERM-aug-imagenet_1_0_a9f9637e0b08.npz,a9f9637e0b08,True,True,,,,0.01,0.2022456292353435,0.07040000000000002
iw_overlap_critic,1.0,0,10000,2000,2500,500,0.9592,0.0,1.0,0.6192243099212646,0.5,0.5,0.6230000257492065,0.2246783971786499,1702.0,347.0,837.0,176.0,0.016476319593257086,0.62,1413.0,1087.0,190.0,310.0,ok,plugin,False,,769.9203099448313,1179.3026795502767,0.9996344227747518,0.5142381297570031,0.9404950684732806,0.8548387096774194,0.53,0.5464763195932572,0.45352368040674285,0.45352368040674285,False,49.0,21.0,0.5910162925720215,0.25557461380958557,0.8465909361839294,cifar10,10,ERM-aug-imagenet,logits,10,0.9635000228881836,0.9635000228881836,0.8989999890327454,0.9020000100135803,splits_cifar10_ERM-aug-imagenet_10_0_a9f9637e0b08.npz,a9f9637e0b08,True,True,,,,,,
iw_residual_dis2,1.0,0,10000,2000,2500,500,0.9592,0.0,1.0,0.6192243099212646,0.5,0.5,0.6230000257492065,0.2246783971786499,1298.0,347.0,663.0,176.0,0.016476319593257086,0.62,1413.0,1087.0,190.0,310.0,ok,plugin,False,,769.9203099448313,1179.3026795502767,0.9996344227747518,0.5142381297570031,0.9404950684732806,0.5612903225806452,0.16947194112235509,0.18594826071561216,0.8140517392843878,0.8140517392843878,False,44.0,28.0,0.3062954246997833,0.30165913701057434,0.6079545617103577,cifar10,10,ERM-aug-imagenet,logits,10,0.9635000228881836,0.9635000228881836,0.8989999890327454,0.9020000100135803,splits_cifar10_ERM-aug-imagenet_10_0_a9f9637e0b08.npz,a9f9637e0b08,True,True,0.03311867525298988,0.32106715731370744,0.2402231652669377,,,
iw_overlap_critic,2.0,0,10000,2000,2500,500,0.9592,0.0,1.0,0.6192243099212646,0.5,0.5,0.6230000257492065,0.2246783971786499,2604.0,127.0,1301.0,59.0,0.03264067059240342,0.23,2181.0,319.0,385.0,115.0,ok,plugin,False,,1856.0012835376492,1642.4220744356014,1.9998613912822958,0.7776884605163301,1.766911915329415,0.9652173913043478,0.222,0.2546406705924034,0.7453593294075966,0.7453593294075966,False,49.0,25.0,0.5869231224060059,0.41307684779167175,1.0,cifar10,10,ERM-aug-imagenet,logits,10,0.9635000228881836,0.9635000228881836,0.8989999890327454,0.9020000100135803,splits_cifar10_ERM-aug-imagenet_10_0_a9f9637e0b08.npz,a9f9637e0b08,True,True,,,,,,
iw_residual_dis2,2.0,0,10000,2000,2500,500,0.9592,0.0,1.0,0.6192243099212646,0.5,0.5,0.6230000257492065,0.2246783971786499,396.0,127.0,199.0,59.0,0.03264067059240342,0.23,2181.0,319.0,385.0,115.0,ok,plugin,False,,1856.0012835376492,1642.4220744356014,1.9998613912822958,0.7776884605163301,1.766911915329415,0.4782608695652174,0.06025078369905956,0.09289145429146298,0.907108545708537,0.907108545708537,False,25.0,19.0,0.3545694351196289,0.17085427045822144,0.5254237055778503,cifar10,10,ERM-aug-imagenet,logits,10,0.9635000228881836,0.9635000228881836,0.8989999890327454,0.9020000100135803,splits_cifar10_ERM-aug-imagenet_10_0_a9f9637e0b08.npz,a9f9637e0b08,False,False,0.018808777429467086,0.23510971786833856,0.24315115169687884,,,
iw_overlap_critic,5.0,0,10000,2000,2500,500,0.9592,0.0,1.0,0.6192243099212646,0.5,0.5,0.6230000257492065,0.2246783971786499,,,,,0.038212993588662605,0.0,2500.0,0.0,500.0,0.0,ok,plugin,False,,2699.292565309237,1647.4880308818333,4.79684019398345,0.8741850852924182,2.647134331056426,,0.0,0.038212993588662605,0.9617870064113374,0.9617870064113374,False,,,,,,cifar10,10,ERM-aug-imagenet,logits,10,0.9635000228881836,0.9635000228881836,0.8989999890327454,0.9020000100135803,splits_cifar10_ERM-aug-imagenet_10_0_a9f9637e0b08.npz,a9f9637e0b08,False,False,,,,,,
iw_residual_dis2,5.0,0,10000,2000,2500,500,0.9592,0.0,1.0,0.6192243099212646,0.5,0.5,0.6230000257492065,0.2246783971786499,,,,,0.038212993588662605,0.0,2500.0,0.0,500.0,0.0,ok,plugin,False,,2699.292565309237,1647.4880308818333,4.79684019398345,0.8741850852924182,2.647134331056426,,0.0,0.038212993588662605,0.9617870064113374,0.9617870064113374,False,,,,,,cifar10,10,ERM-aug-imagenet,logits,10,0.9635000228881836,0.9635000228881836,0.8989999890327454,0.9020000100135803,splits_cifar10_ERM-aug-imagenet_10_0_a9f9637e0b08.npz,a9f9637e0b08,False,False,,,,,,
dis2_reference,,0,10000,2000,2500,500,0.9591999985277653,,,,,,,,,,,,,,,,,,ok,dis2_with_correction,True,0.09104562776310877,,,,,,,,0.19520000147223476,0.8047999985277652,0.7137543707646564,,49.0,28.0,0.15866664052009583,0.4180000126361847,0.5766666531562805,cifar10,10,ERM-aug-imagenet,logits,10,0.9635000228881836,0.9635000228881836,0.8989999890327454,0.9020000100135803,splits_cifar10_ERM-aug-imagenet_10_0_a9f9637e0b08.npz,a9f9637e0b08,True,True,,,,0.01,0.2862456292353435,0.15440000000000004
iw_overlap_critic,1.0,0,10000,2000,2500,500,0.9592,0.0,1.0,0.9860265851020813,0.5,0.5,0.6884999871253967,0.2003023773431778,1967.0,418.0,971.0,208.0,0.013652090575158255,0.684,1608.0,892.0,158.0,342.0,ok,plugin,False,,663.0348286290209,1082.9086848340498,0.9998861199502698,0.368357587311059,0.9205056870984576,0.8654970760233918,0.592,0.6056520905751582,0.39434790942484177,0.39434790942484177,False,49.0,28.0,0.6111043691635132,0.23985719680786133,0.8509615659713745,cifar10,71,ERM-aug-imagenet,logits,10,0.9635000228881836,0.9635000228881836,0.7684999704360962,0.765999972820282,splits_cifar10_ERM-aug-imagenet_71_0_a9f9637e0b08.npz,a9f9637e0b08,True,True,,,,,,
iw_residual_dis2,1.0,0,10000,2000,2500,500,0.9592,0.0,1.0,0.9860265851020813,0.5,0.5,0.6884999871253967,0.2003023773431778,1033.0,418.0,529.0,208.0,0.013652090575158255,0.684,1608.0,892.0,158.0,342.0,ok,plugin,False,,663.0348286290209,1082.9086848340498,0.9998861199502698,0.368357587311059,0.9205056870984576,0.6286549707602339,0.2474977578475337,0.26114984842269195,0.738850151577308,0.738850151577308,False,49.0,12.0,0.4245765209197998,0.25330811738967896,0.6778846383094788,cifar10,71,ERM-aug-imagenet,logits,10,0.9635000228881836,0.9635000228881836,0.7684999704360962,0.765999972820282,splits_cifar10_ERM-aug-imagenet_71_0_a9f9637e0b08.npz,a9f9637e0b08,True,True,0.032511210762331835,0.29932735426008966,0.32932761650014425,,,
iw_overlap_critic,2.0,0,10000,2000,2500,500,0.9592,0.0,1.0,0.9860265851020813,0.5,0.5,0.6884999871253967,0.2003023773431778,2615.0,243.0,1289.0,119.0,0.027104399923723804,0.388,2161.0,339.0,306.0,194.0,ok,plugin,False,,1449.0634209780437,1339.7738518272367,1.999874630962219,0.5650662103468386,1.7279989808329903,0.9020618556701031,0.35000000000000003,0.37710439992372385,0.6228956000762762,0.6228956000762762,False,49.0,28.0,0.5919243097305298,0.3324454128742218,0.924369752407074,cifar10,71,ERM-aug-imagenet,logits,10,0.9635000228881836,0.9635000228881836,0.7684999704360962,0.765999972820282,splits_cifar10_ERM-aug-imagenet_71_0_a9f9637e0b08.npz,a9f9637e0b08,True,True,,,,,,
iw_residual_dis2,2.0,0,10000,2000,2500,500,0.9592,0.0,1.0,0.9860265851020813,0.5,0.5,0.6884999871253967,0.2003023773431778,385.0,243.0,211.0,119.0,0.027104399923723804,0.388,2161.0,339.0,306.0,194.0,ok,plugin,False,,1449.0634209780437,1339.7738518272367,1.999874630962219,0.5650662103468386,1.7279989808329903,0.7628865979381443,0.17696755162241887,0.20407195154614266,0.7959280484538573,0.7959280484538573,False,31.0,26.0,0.5046796202659607,0.21800947189331055,0.7226890921592712,cifar10,71,ERM-aug-imagenet,logits,10,0.9635000228881836,0.9635000228881836,0.7684999704360962,0.765999972820282,splits_cifar10_ERM-aug-imagenet_71_0_a9f9637e0b08.npz,a9f9637e0b08,False,False,0.014749262536873156,0.3215339233038348,0.4413526746343095,,,
iw_overlap_critic,5.0,0,10000,2000,2500,500,0.9592,0.0,1.0,0.9860265851020813,0.5,0.5,0.6884999871253967,0.2003023773431778,2989.0,26.0,1493.0,6.0,0.032931789461785606,0.036,2480.0,20.0,482.0,18.0,ok,plugin,False,,2342.086528889212,1307.1282407241474,4.918555365526531,0.6718572696272502,2.876194141400023,0.8888888888888888,0.031999999999999994,0.0649317894617856,0.9350682105382144,0.9350682105382144,False,49.0,7.0,0.6353237628936768,0.36467620730400085,1.0,cifar10,71,ERM-aug-imagenet,logits,10,0.9635000228881836,0.9635000228881836,0.7684999704360962,0.765999972820282,splits_cifar10_ERM-aug-imagenet_71_0_a9f9637e0b08.npz,a9f9637e0b08,False,False,,,,,,
iw_residual_dis2,5.0,0,10000,2000,2500,500,0.9592,0.0,1.0,0.9860265851020813,0.5,0.5,0.6884999871253967,0.2003023773431778,11.0,26.0,7.0,6.0,0.032931789461785606,0.036,2480.0,20.0,482.0,18.0,ok,plugin,False,,2342.086528889212,1307.1282407241474,4.918555365526531,0.6718572696272502,2.876194141400023,0.7222222222222222,0.011599999999999997,0.044531789461785605,0.9554682105382144,0.9554682105382144,False,3.0,1.0,1.0,0.0,1.0,cifar10,71,ERM-aug-imagenet,logits,10,0.9635000228881836,0.9635000228881836,0.7684999704360962,0.765999972820282,splits_cifar10_ERM-aug-imagenet_71_0_a9f9637e0b08.npz,a9f9637e0b08,False,False,0.0,0.4,0.3222222222222222,,,
dis2_reference,,0,10000,2000,2500,500,0.9591999985277653,,,,,,,,,,,,,,,,,,ok,dis2_with_correction,True,0.09104562776310877,,,,,,,,0.32440000147223474,0.6755999985277652,0.5845543707646564,,49.0,21.0,0.281333327293396,0.36533331871032715,0.6466666460037231,cifar10,71,ERM-aug-imagenet,logits,10,0.9635000228881836,0.9635000228881836,0.7684999704360962,0.765999972820282,splits_cifar10_ERM-aug-imagenet_71_0_a9f9637e0b08.npz,a9f9637e0b08,True,True,,,,0.01,0.4154456292353435,0.2836
iw_overlap_critic,1.0,0,10000,2000,2500,500,0.9592,0.0,1.0,2.2805397510528564,0.5,0.5,0.5174999833106995,0.24940191209316254,1510.0,338.0,759.0,169.0,0.023253590088037367,0.55,1264.0,1236.0,225.0,275.0,ok,plugin,False,,1153.5444414820358,1257.7893015152658,0.9999458791101075,0.9240342032202682,0.9932165092880483,0.8763636363636363,0.48200000000000004,0.5052535900880374,0.4947464099119626,0.4947464099119626,False,47.0,3.0,0.6448624730110168,0.26046299934387207,0.9053254723548889,cifar10,95,ERM-aug-imagenet,logits,10,0.9635000228881836,0.9635000228881836,0.9495000243186951,0.9559999704360962,splits_cifar10_ERM-aug-imagenet_95_0_a9f9637e0b08.npz,a9f9637e0b08,True,True,,,,,,
iw_residual_dis2,1.0,0,10000,2000,2500,500,0.9592,0.0,1.0,2.2805397510528564,0.5,0.5,0.5174999833106995,0.24940191209316254,1490.0,338.0,741.0,169.0,0.023253590088037367,0.55,1264.0,1236.0,225.0,275.0,ok,plugin,False,,1153.5444414820358,1257.7893015152658,0.9999458791101075,0.9240342032202682,0.9932165092880483,0.7272727272727273,0.09474110032362461,0.11799469041166197,0.882005309588338,0.882005309588338,False,46.0,4.0,0.16235852241516113,0.5654520988464355,0.7278106212615967,cifar10,95,ERM-aug-imagenet,logits,10,0.9635000228881836,0.9635000228881836,0.9495000243186951,0.9559999704360962,splits_cifar10_ERM-aug-imagenet_95_0_a9f9637e0b08.npz,a9f9637e0b08,True,True,0.032362459546925564,0.587378640776699,0.1398940864960283,,,
iw_overlap_critic,2.0,0,10000,2000,2500,500,0.9592,0.0,1.0,2.2805397510528564,0.5,0.5,0.5174999833106995,0.24940191209316254,,,,,0.04007123287915156,0.0,2500.0,0.0,500.0,0.0,ok,plugin,False,,2494.499039551086,2470.353747974731,1.3581181059319127,0.9976895742435725,1.1867629068758698,,0.0,0.04007123287915156,0.9599287671208484,0.9599287671208484,False,,,,,,cifar10,95,ERM-aug-imagenet,logits,10,0.9635000228881836,0.9635000228881836,0.9495000243186951,0.9559999704360962,splits_cifar10_ERM-aug-imagenet_95_0_a9f9637e0b08.npz,a9f9637e0b08,False,False,,,,,,
iw_residual_dis2,2.0,0,10000,2000,2500,500,0.9592,0.0,1.0,2.2805397510528564,0.5,0.5,0.5174999833106995,0.24940191209316254,,,,,0.04007123287915156,0.0,2500.0,0.0,500.0,0.0,ok,plugin,False,,2494.499039551086,2470.353747974731,1.3581181059319127,0.9976895742435725,1.1867629068758698,,0.0,0.04007123287915156,0.9599287671208484,0.9599287671208484,False,,,,,,cifar10,95,ERM-aug-imagenet,logits,10,0.9635000228881836,0.9635000228881836,0.9495000243186951,0.9559999704360962,splits_cifar10_ERM-aug-imagenet_95_0_a9f9637e0b08.npz,a9f9637e0b08,False,False,,,,,,
iw_overlap_critic,5.0,0,10000,2000,2500,500,0.9592,0.0,1.0,2.2805397510528564,0.5,0.5,0.5174999833106995,0.24940191209316254,,,,,0.04007123287915156,0.0,2500.0,0.0,500.0,0.0,ok,plugin,False,,2494.499039551086,2470.353747974731,1.3581181059319127,0.9976895742435725,1.1867629068758698,,0.0,0.04007123287915156,0.9599287671208484,0.9599287671208484,False,,,,,,cifar10,95,ERM-aug-imagenet,logits,10,0.9635000228881836,0.9635000228881836,0.9495000243186951,0.9559999704360962,splits_cifar10_ERM-aug-imagenet_95_0_a9f9637e0b08.npz,a9f9637e0b08,False,False,,,,,,
iw_residual_dis2,5.0,0,10000,2000,2500,500,0.9592,0.0,1.0,2.2805397510528564,0.5,0.5,0.5174999833106995,0.24940191209316254,,,,,0.04007123287915156,0.0,2500.0,0.0,500.0,0.0,ok,plugin,False,,2494.499039551086,2470.353747974731,1.3581181059319127,0.9976895742435725,1.1867629068758698,,0.0,0.04007123287915156,0.9599287671208484,0.9599287671208484,False,,,,,,cifar10,95,ERM-aug-imagenet,logits,10,0.9635000228881836,0.9635000228881836,0.9495000243186951,0.9559999704360962,splits_cifar10_ERM-aug-imagenet_95_0_a9f9637e0b08.npz,a9f9637e0b08,False,False,,,,,,
dis2_reference,,0,10000,2000,2500,500,0.9591999985277653,,,,,,,,,,,,,,,,,,ok,dis2_with_correction,True,0.09104562776310877,,,,,,,,0.08640000147223481,0.9135999985277652,0.8225543707646564,,49.0,8.0,0.10600000619888306,0.6273333430290222,0.7333333492279053,cifar10,95,ERM-aug-imagenet,logits,10,0.9635000228881836,0.9635000228881836,0.9495000243186951,0.9559999704360962,splits_cifar10_ERM-aug-imagenet_95_0_a9f9637e0b08.npz,a9f9637e0b08,True,True,,,,0.01,0.17744562923534357,0.045600000000000085
iw_overlap_critic,1.0,0,10000,2000,2500,500,0.9584,0.0,1.0,1.7566139698028564,0.5,0.5,0.5189999938011169,0.24940720200538635,1596.0,311.0,780.0,144.0,0.01622157103807765,0.524,1309.0,1191.0,238.0,262.0,ok,plugin,False,,1197.183784081176,1304.427234476417,0.9999283719909458,0.9219060254289401,0.9923298492901441,0.9122137404580153,0.47800000000000004,0.4942215710380777,0.5057784289619223,0.5057784289619223,False,46.0,3.0,0.7222096920013428,0.22223469614982605,0.9444444179534912,cifar10,1,BN_adapt,logits,10,0.9617000222206116,0.9617000222206116,0.8539999723434448,0.8299999833106995,splits_cifar10_BN_adapt_1_0_a9f9637e0b08.npz,a9f9637e0b08,True,True,,,,,,
iw_residual_dis2,1.0,0,10000,2000,2500,500,0.9584,0.0,1.0,1.7566139698028564,0.5,0.5,0.5189999938011169,0.24940720200538635,1404.0,311.0,720.0,144.0,0.01622157103807765,0.524,1309.0,1191.0,238.0,262.0,ok,plugin,False,,1197.183784081176,1304.427234476417,0.9999283719909458,0.9219060254289401,0.9923298492901441,0.5381679389312977,0.09721410579345083,0.11343567683152847,0.8865643231684716,0.8865643231684716,False,41.0,24.0,0.2083333432674408,0.4166666567325592,0.625,cifar10,1,BN_adapt,logits,10,0.9617000222206116,0.9617000222206116,0.8539999723434448,0.8299999833106995,splits_cifar10_BN_adapt_1_0_a9f9637e0b08.npz,a9f9637e0b08,False,False,0.051217464315701094,0.4038623005877414,0.13430563834355624,,,
iw_overlap_critic,2.0,0,10000,2000,2500,500,0.9584,0.0,1.0,1.7566139698028564,0.5,0.5,0.5189999938011169,0.24940720200538635,,,,,0.042057472187073626,0.0,2500.0,0.0,500.0,0.0,ok,plugin,False,,2488.510447978909,2473.0384797076317,1.3907202983647384,0.9929589804262823,1.1810951951235034,,0.0,0.042057472187073626,0.9579425278129263,0.9579425278129263,False,,,,,,cifar10,1,BN_adapt,logits,10,0.9617000222206116,0.9617000222206116,0.8539999723434448,0.8299999833106995,splits_cifar10_BN_adapt_1_0_a9f9637e0b08.npz,a9f9637e0b08,False,False,,,,,,
iw_residual_dis2,2.0,0,10000,2000,2500,500,0.9584,0.0,1.0,1.7566139698028564,0.5,0.5,0.5189999938011169,0.24940720200538635,,,,,0.042057472187073626,0.0,2500.0,0.0,500.0,0.0,ok,plugin,False,,2488.510447978909,2473.0384797076317,1.3907202983647384,0.9929589804262823,1.1810951951235034,,0.0,0.042057472187073626,0.9579425278129263,0.9579425278129263,False,,,,,,cifar10,1,BN_adapt,logits,10,0.9617000222206116,0.9617000222206116,0.8539999723434448,0.8299999833106995,splits_cifar10_BN_adapt_1_0_a9f9637e0b08.npz,a9f9637e0b08,False,False,,,,,,
iw_overlap_critic,5.0,0,10000,2000,2500,500,0.9584,0.0,1.0,1.7566139698028564,0.5,0.5,0.5189999938011169,0.24940720200538635,,,,,0.042057472187073626,0.0,2500.0,0.0,500.0,0.0,ok,plugin,False,,2488.510447978909,2473.0384797076317,1.3907202983647384,0.9929589804262823,1.1810951951235034,,0.0,0.042057472187073626,0.9579425278129263,0.9579425278129263,False,,,,,,cifar10,1,BN_adapt,logits,10,0.9617000222206116,0.9617000222206116,0.8539999723434448,0.8299999833106995,splits_cifar10_BN_adapt_1_0_a9f9637e0b08.npz,a9f9637e0b08,False,False,,,,,,
iw_residual_dis2,5.0,0,10000,2000,2500,500,0.9584,0.0,1.0,1.7566139698028564,0.5,0.5,0.5189999938011169,0.24940720200538635,,,,,0.042057472187073626,0.0,2500.0,0.0,500.0,0.0,ok,plugin,False,,2488.510447978909,2473.0384797076317,1.3907202983647384,0.9929589804262823,1.1810951951235034,,0.0,0.042057472187073626,0.9579425278129263,0.9579425278129263,False,,,,,,cifar10,1,BN_adapt,logits,10,0.9617000222206116,0.9617000222206116,0.8539999723434448,0.8299999833106995,splits_cifar10_BN_adapt_1_0_a9f9637e0b08.npz,a9f9637e0b08,False,False,,,,,,
dis2_reference,,0,10000,2000,2500,500,0.9583999998867512,,,,,,,,,,,,,,,,,,ok,dis2_with_correction,True,0.09104562776310877,,,,,,,,0.08680000011324884,0.9131999998867512,0.8221543721236424,,45.0,29.0,0.09866666793823242,0.5913333296775818,0.6899999976158142,cifar10,1,BN_adapt,logits,10,0.9617000222206116,0.9617000222206116,0.8539999723434448,0.8299999833106995,splits_cifar10_BN_adapt_1_0_a9f9637e0b08.npz,a9f9637e0b08,True,True,,,,0.01,0.1778456278763576,0.04520000000000002
iw_overlap_critic,1.0,0,10000,2000,2500,500,0.7216,0.0,1.0,0.9535512924194336,0.5,0.5,0.6605000495910645,0.22470548748970032,2316.0,319.0,1153.0,161.0,0.1867501940750155,0.572,1937.0,563.0,214.0,286.0,ok,plugin,False,,1274.2302042745616,1806.371897618087,0.9997225808207798,0.6798126057879152,0.9350137625602516,0.9055944055944056,0.518,0.7047501940750155,0.2952498059249845,0.2952498059249845,False,40.0,7.0,0.3721432089805603,0.5533226132392883,0.9254658222198486,cifar10,10,BN_adapt,logits,10,0.7300000190734863,0.7300000190734863,0.9185000061988831,0.9120000004768372,splits_cifar10_BN_adapt_10_0_a9f9637e0b08.npz,a9f9637e0b08,True,True,,,,,,
iw_residual_dis2,1.0,0,10000,2000,2500,500,0.7216,0.0,1.0,0.9535512924194336,0.5,0.5,0.6605000495910645,0.22470548748970032,684.0,319.0,347.0,161.0,0.1867501940750155,0.572,1937.0,563.0,214.0,286.0,ok,plugin,False,,1274.2302042745616,1806.371897618087,0.9997225808207798,0.6798126057879152,0.9350137625602516,0.8391608391608392,0.1853641207815275,0.372114314856543,0.627885685143457,0.627885685143457,False,47.0,4.0,0.23088765144348145,0.6138328313827515,0.8447204828262329,cifar10,10,BN_adapt,logits,10,0.7300000190734863,0.7300000190734863,0.9185000061988831,0.9120000004768372,splits_cifar10_BN_adapt_10_0_a9f9637e0b08.npz,a9f9637e0b08,True,True,0.0994671403197158,0.6145648312611013,0.22459600789973788,,,
iw_overlap_critic,2.0,0,10000,2000,2500,500,0.7216,0.0,1.0,0.9535512924194336,0.5,0.5,0.6605000495910645,0.22470548748970032,2823.0,145.0,1423.0,79.0,0.21057105312471153,0.25,2369.0,131.0,375.0,125.0,ok,plugin,False,,1848.006790622715,2019.2612899870576,1.9897478865294742,0.7217764986800813,1.4514227627179053,0.872,0.218,0.42857105312471155,0.5714289468752884,0.5714289468752884,False,48.0,7.0,0.43530726432800293,0.5014016032218933,0.9367088675498962,cifar10,10,BN_adapt,logits,10,0.7300000190734863,0.7300000190734863,0.9185000061988831,0.9120000004768372,splits_cifar10_BN_adapt_10_0_a9f9637e0b08.npz,a9f9637e0b08,True,True,,,,,,
iw_residual_dis2,2.0,0,10000,2000,2500,500,0.7216,0.0,1.0,0.9535512924194336,0.5,0.5,0.6605000495910645,0.22470548748970032,177.0,145.0,77.0,79.0,0.21057105312471153,0.25,2369.0,131.0,375.0,125.0,ok,plugin,False,,1848.006790622715,2019.2612899870576,1.9897478865294742,0.7217764986800813,1.4514227627179053,0.736,0.08667175572519083,0.29724280884990234,0.7027571911500976,0.7027571911500976,False,43.0,25.0,0.39750123023986816,0.29870128631591797,0.6962025165557861,cifar10,10,BN_adapt,logits,10,0.7300000190734863,0.7300000190734863,0.9185000061988831,0.9120000004768372,splits_cifar10_BN_adapt_10_0_a9f9637e0b08.npz,a9f9637e0b08,True,True,0.04580152671755725,0.4351145038167939,0.3008854961832061,,,
iw_overlap_critic,5.0,0,10000,2000,2500,500,0.7216,0.0,1.0,0.9535512924194336,0.5,0.5,0.6605000495910645,0.22470548748970032,2972.0,38.0,1484.0,16.0,0.21653945795529111,0.06,2472.0,28.0,470.0,30.0,ok,plugin,False,,2143.629150896606,1765.9512694232421,4.9293371731783955,0.7362050265617979,1.8607770454541823,1.0,0.06,0.2765394579552911,0.7234605420447089,0.7234605420447089,False,49.0,28.0,0.45958441495895386,0.5404155850410461,1.0,cifar10,10,BN_adapt,logits,10,0.7300000190734863,0.7300000190734863,0.9185000061988831,0.9120000004768372,splits_cifar10_BN_adapt_10_0_a9f9637e0b08.npz,a9f9637e0b08,True,True,,,,,,
iw_residual_dis2,5.0,0,10000,2000,2500,500,0.7216,0.0,1.0,0.9535512924194336,0.5,0.5,0.6605000495910645,0.22470548748970032,28.0,38.0,16.0,16.0,0.21653945795529111,0.06,2472.0,28.0,470.0,30.0,ok,plugin,False,,2143.629150896606,1765.9512694232421,4.9293371731783955,0.7362050265617979,1.8607770454541823,0.5,0.012857142857142857,0.22939660081243396,0.770603399187566,0.770603399187566,False,33.0,9.0,0.5,0.3125,0.8125,cifar10,10,BN_adapt,logits,10,0.7300000190734863,0.7300000190734863,0.9185000061988831,0.9120000004768372,splits_cifar10_BN_adapt_10_0_a9f9637e0b08.npz,a9f9637e0b08,True,True,0.0,0.2857142857142857,0.2142857142857143,,,
dis2_reference,,0,10000,2000,2500,500,0.7215999960899353,,,,,,,,,,,,,,,,,,ok,dis2_with_correction,True,0.09104562776310877,,,,,,,,0.3780000039100646,0.6219999960899354,0.5309543683268266,,48.0,20.0,0.11599999666213989,0.843999981880188,0.9599999785423279,cifar10,10,BN_adapt,logits,10,0.7300000190734863,0.7300000190734863,0.9185000061988831,0.9120000004768372,splits_cifar10_BN_adapt_10_0_a9f9637e0b08.npz,a9f9637e0b08,True,True,,,,0.01,0.46904563167317337,0.09960000000000002
iw_overlap_critic,1.0,0,10000,2000,2500,500,0.8288,0.0,1.0,1.0338222980499268,0.5,0.5,0.7239999771118164,0.19194599986076355,2150.0,415.0,1040.0,198.0,0.07001154512624547,0.668,1811.0,689.0,166.0,334.0,ok,plugin,False,,765.9269407049824,1324.116271389488,0.9996147394948633,0.3717655495053397,0.9089129848469192,0.8502994011976048,0.5680000000000001,0.6380115451262456,0.3619884548737544,0.3619884548737544,False,49.0,18.0,0.3424188196659088,0.49596503376960754,0.8383838534355164,cifar10,71,BN_adapt,logits,10,0.8303999900817871,0.8303999900817871,0.9309999942779541,0.9359999895095825,splits_cifar10_BN_adapt_71_0_a9f9637e0b08.npz,a9f9637e0b08,True,True,,,,,,
iw_residual_dis2,1.0,0,10000,2000,2500,500,0.8288,0.0,1.0,1.0338222980499268,0.5,0.5,0.7239999771118164,0.19194599986076355,850.0,415.0,460.0,198.0,0.07001154512624547,0.668,1811.0,689.0,166.0,334.0,ok,plugin,False,,765.9269407049824,1324.116271389488,0.9996147394948633,0.3717655495053397,0.9089129848469192,0.6616766467065869,0.2781509433962265,0.34816248852247195,0.6518375114775281,0.6518375114775281,False,43.0,2.0,0.3418533205986023,0.365217387676239,0.7070707082748413,cifar10,71,BN_adapt,logits,10,0.8303999900817871,0.8303999900817871,0.9309999942779541,0.9359999895095825,splits_cifar10_BN_adapt_71_0_a9f9637e0b08.npz,a9f9637e0b08,True,True,0.10595065312046444,0.35123367198838895,0.31044297471819793,,,
iw_overlap_critic,2.0,0,10000,2000,2500,500,0.8288,0.0,1.0,1.0338222980499268,0.5,0.5,0.7239999771118164,0.19194599986076355,2699.0,262.0,1317.0,134.0,0.10253572907608213,0.458,2236.0,264.0,271.0,229.0,ok,plugin,False,,1349.8906467148424,1426.1989411483273,1.9967854372420795,0.4657232530691638,1.558138228650877,0.9213973799126638,0.42200000000000004,0.5245357290760821,0.47546427092391785,0.47546427092391785,False,49.0,18.0,0.34195101261138916,0.6058101654052734,0.9477611780166626,cifar10,71,BN_adapt,logits,10,0.8303999900817871,0.8303999900817871,0.9309999942779541,0.9359999895095825,splits_cifar10_BN_adapt_71_0_a9f9637e0b08.npz,a9f9637e0b08,True,True,,,,,,
iw_residual_dis2,2.0,0,10000,2000,2500,500,0.8288,0.0,1.0,1.0338222980499268,0.5,0.5,0.7239999771118164,0.19194599986076355,301.0,262.0,183.0,134.0,0.10253572907608213,0.458,2236.0,264.0,271.0,229.0,ok,plugin,False,,1349.8906467148424,1426.1989411483273,1.9967854372420795,0.4657232530691638,1.558138228650877,0.868995633187773,0.14818181818181816,0.2507175472579003,0.7492824527420997,0.7492824527420997,False,47.0,1.0,0.42357879877090454,0.4644808769226074,0.888059675693512,cifar10,71,BN_adapt,logits,10,0.8303999900817871,0.8303999900817871,0.9309999942779541,0.9359999895095825,splits_cifar10_BN_adapt_71_0_a9f9637e0b08.npz,a9f9637e0b08,True,True,0.03787878787878788,0.5833333333333334,0.2856622998544396,,,
iw_overlap_critic,5.0,0,10000,2000,2500,500,0.8288,0.0,1.0,1.0338222980499268,0.5,0.5,0.7239999771118164,0.19194599986076355,2960.0,113.0,1466.0,50.0,0.11221219134041971,0.17,2467.0,33.0,415.0,85.0,ok,plugin,False,,2008.6003976339412,1226.9115465453638,4.86303044045674,0.5283676538612838,2.542970176708489,0.9764705882352941,0.166,0.27821219134041975,0.7217878086595803,0.7217878086595803,False,49.0,2.0,0.3662604093551636,0.5937395691871643,0.9599999785423279,cifar10,71,BN_adapt,logits,10,0.8303999900817871,0.8303999900817871,0.9309999942779541,0.9359999895095825,splits_cifar10_BN_adapt_71_0_a9f9637e0b08.npz,a9f9637e0b08,True,True,,,,,,
iw_residual_dis2,5.0,0,10000,2000,2500,500,0.8288,0.0,1.0,1.0338222980499268,0.5,0.5,0.7239999771118164,0.19194599986076355,40.0,113.0,34.0,50.0,0.11221219134041971,0.17,2467.0,33.0,415.0,85.0,ok,plugin,False,,2008.6003976339412,1226.9115465453638,4.86303044045674,0.5283676538612838,2.542970176708489,0.7058823529411765,0.08909090909090911,0.20130310043132882,0.7986968995686712,0.7986968995686712,False,30.0,10.0,0.6823529601097107,0.11764705926179886,0.800000011920929,cifar10,71,BN_adapt,logits,10,0.8303999900817871,0.8303999900817871,0.9309999942779541,0.9359999895095825,splits_cifar10_BN_adapt_71_0_a9f9637e0b08.npz,a9f9637e0b08,True,True,0.0,0.18181818181818182,0.5240641711229947,,,
dis2_reference,,0,10000,2000,2500,500,0.8287999927997589,,,,,,,,,,,,,,,,,,ok,dis2_with_correction,True,0.09104562776310877,,,,,,,,0.2660000072002412,0.7339999927997588,0.64295436503665,,46.0,20.0,0.13933336734771729,0.7739999890327454,0.9133333563804626,cifar10,71,BN_adapt,logits,10,0.8303999900817871,0.8303999900817871,0.9309999942779541,0.9359999895095825,splits_cifar10_BN_adapt_71_0_a9f9637e0b08.npz,a9f9637e0b08,True,True,,,,0.01,0.35704563496334996,0.0948
iw_overlap_critic,1.0,0,10000,2000,2500,500,0.9536,0.0,1.0,54.598148345947266,0.5,0.5,0.4829999804496765,0.2500056028366089,1530.0,317.0,738.0,154.0,0.02435359724625966,0.506,1266.0,1234.0,247.0,253.0,ok,plugin,False,,1262.3243628960818,1265.993595240642,0.9999988954930423,0.9977205820557635,0.99977184925914,0.8893280632411067,0.45,0.4743535972462597,0.5256464027537403,0.5256464027537403,False,49.0,3.0,0.7653881311416626,0.1696767956018448,0.9350649118423462,cifar10,95,BN_adapt,logits,10,0.9559999704360962,0.9559999704360962,0.953499972820282,0.9599999785423279,splits_cifar10_BN_adapt_95_0_a9f9637e0b08.npz,a9f9637e0b08,True,True,,,,,,
iw_residual_dis2,1.0,0,10000,2000,2500,500,0.9536,0.0,1.0,54.598148345947266,0.5,0.5,0.4829999804496765,0.2500056028366089,1470.0,317.0,762.0,154.0,0.02435359724625966,0.506,1266.0,1234.0,247.0,253.0,ok,plugin,False,,1262.3243628960818,1265.993595240642,0.9999988954930423,0.9977205820557635,0.99977184925914,0.5849802371541502,0.03356888168557529,0.057922478931834956,0.942077521068165,0.942077521068165,False,41.0,29.0,0.09823769330978394,0.5446194410324097,0.6428571343421936,cifar10,95,BN_adapt,logits,10,0.9559999704360962,0.9559999704360962,0.953499972820282,0.9599999785423279,splits_cifar10_BN_adapt_95_0_a9f9637e0b08.npz,a9f9637e0b08,True,True,0.04457050243111831,0.5632090761750406,0.021771160979109583,,,
iw_overlap_critic,2.0,0,10000,2000,2500,500,0.9536,0.0,1.0,54.598148345947266,0.5,0.5,0.4829999804496765,0.2500056028366089,,,,,0.046386325047110745,0.0,2500.0,0.0,500.0,0.0,ok,plugin,False,,2499.4192397641727,2499.971227715318,1.0091137102366048,0.9999271882520275,1.005043078571435,,0.0,0.046386325047110745,0.9536136749528893,0.9536136749528893,False,,,,,,cifar10,95,BN_adapt,logits,10,0.9559999704360962,0.9559999704360962,0.953499972820282,0.9599999785423279,splits_cifar10_BN_adapt_95_0_a9f9637e0b08.npz,a9f9637e0b08,False,True,,,,,,
iw_residual_dis2,2.0,0,10000,2000,2500,500,0.9536,0.0,1.0,54.598148345947266,0.5,0.5,0.4829999804496765,0.2500056028366089,,,,,0.046386325047110745,0.0,2500.0,0.0,500.0,0.0,ok,plugin,False,,2499.4192397641727,2499.971227715318,1.0091137102366048,0.9999271882520275,1.005043078571435,,0.0,0.046386325047110745,0.9536136749528893,0.9536136749528893,False,,,,,,cifar10,95,BN_adapt,logits,10,0.9559999704360962,0.9559999704360962,0.953499972820282,0.9599999785423279,splits_cifar10_BN_adapt_95_0_a9f9637e0b08.npz,a9f9637e0b08,False,True,,,,,,
iw_overlap_critic,5.0,0,10000,2000,2500,500,0.9536,0.0,1.0,54.598148345947266,0.5,0.5,0.4829999804496765,0.2500056028366089,,,,,0.046386325047110745,0.0,2500.0,0.0,500.0,0.0,ok,plugin,False,,2499.4192397641727,2499.971227715318,1.0091137102366048,0.9999271882520275,1.005043078571435,,0.0,0.046386325047110745,0.9536136749528893,0.9536136749528893,False,,,,,,cifar10,95,BN_adapt,logits,10,0.9559999704360962,0.9559999704360962,0.953499972820282,0.9599999785423279,splits_cifar10_BN_adapt_95_0_a9f9637e0b08.npz,a9f9637e0b08,False,True,,,,,,
iw_residual_dis2,5.0,0,10000,2000,2500,500,0.9536,0.0,1.0,54.598148345947266,0.5,0.5,0.4829999804496765,0.2500056028366089,,,,,0.046386325047110745,0.0,2500.0,0.0,500.0,0.0,ok,plugin,False,,2499.4192397641727,2499.971227715318,1.0091137102366048,0.9999271882520275,1.005043078571435,,0.0,0.046386325047110745,0.9536136749528893,0.9536136749528893,False,,,,,,cifar10,95,BN_adapt,logits,10,0.9559999704360962,0.9559999704360962,0.953499972820282,0.9599999785423279,splits_cifar10_BN_adapt_95_0_a9f9637e0b08.npz,a9f9637e0b08,False,True,,,,,,
dis2_reference,,0,10000,2000,2500,500,0.953600000590086,,,,,,,,,,,,,,,,,,ok,dis2_with_correction,True,0.09104562776310877,,,,,,,,0.032399999409914004,0.967600000590086,0.8765543728269772,,49.0,12.0,0.0679999589920044,0.7020000219345093,0.7699999809265137,cifar10,95,BN_adapt,logits,10,0.9559999704360962,0.9559999704360962,0.953499972820282,0.9599999785423279,splits_cifar10_BN_adapt_95_0_a9f9637e0b08.npz,a9f9637e0b08,True,True,,,,0.01,0.12344562717302278,-0.014000000000000012
iw_overlap_critic,1.0,0,10000,2000,2500,500,0.9452,0.0,1.0,2.7173686027526855,0.5,0.5,0.5149999856948853,0.24972441792488098,1617.0,297.0,785.0,133.0,0.02186522233375155,0.51,1327.0,1173.0,245.0,255.0,ok,plugin,False,,1249.1871753910045,1324.99642732137,0.9998676548237065,0.9439556395252514,0.9940600076148273,0.8470588235294118,0.432,0.45386522233375154,0.5461347776662484,0.5461347776662484,False,49.0,27.0,0.760381817817688,0.11931739747524261,0.8796992301940918,cifar10,1,DANN,logits,10,0.9509000182151794,0.9509000182151794,0.843999981880188,0.8360000252723694,splits_cifar10_DANN_1_0_a9f9637e0b08.npz,a9f9637e0b08,True,True,,,,,,
iw_residual_dis2,1.0,0,10000,2000,2500,500,0.9452,0.0,1.0,2.7173686027526855,0.5,0.5,0.5149999856948853,0.24972441792488098,1383.0,297.0,715.0,133.0,0.02186522233375155,0.51,1327.0,1173.0,245.0,255.0,ok,plugin,False,,1249.1871753910045,1324.99642732137,0.9998676548237065,0.9439556395252514,0.9940600076148273,0.5490196078431373,0.07434782608695653,0.09621304842070807,0.9037869515792919,0.9037869515792919,False,37.0,24.0,0.13226774334907532,0.43916085362434387,0.5714285969734192,cifar10,1,DANN,logits,10,0.9509000182151794,0.9509000182151794,0.843999981880188,0.8360000252723694,splits_cifar10_DANN_1_0_a9f9637e0b08.npz,a9f9637e0b08,False,False,0.06820119352088662,0.47144075021312876,0.07757885763000855,,,
iw_overlap_critic,2.0,0,10000,2000,2500,500,0.9452,0.0,1.0,2.7173686027526855,0.5,0.5,0.5149999856948853,0.24972441792488098,,,,,0.05527846395422755,0.0,2500.0,0.0,500.0,0.0,ok,plugin,False,,2490.766474554579,2487.6444219059695,1.2449104440199916,0.9935347835490683,1.1157777022668542,,0.0,0.05527846395422755,0.9447215360457725,0.9447215360457725,False,,,,,,cifar10,1,DANN,logits,10,0.9509000182151794,0.9509000182151794,0.843999981880188,0.8360000252723694,splits_cifar10_DANN_1_0_a9f9637e0b08.npz,a9f9637e0b08,False,False,,,,,,
iw_residual_dis2,2.0,0,10000,2000,2500,500,0.9452,0.0,1.0,2.7173686027526855,0.5,0.5,0.5149999856948853,0.24972441792488098,,,,,0.05527846395422755,0.0,2500.0,0.0,500.0,0.0,ok,plugin,False,,2490.766474554579,2487.6444219059695,1.2449104440199916,0.9935347835490683,1.1157777022668542,,0.0,0.05527846395422755,0.9447215360457725,0.9447215360457725,False,,,,,,cifar10,1,DANN,logits,10,0.9509000182151794,0.9509000182151794,0.843999981880188,0.8360000252723694,splits_cifar10_DANN_1_0_a9f9637e0b08.npz,a9f9637e0b08,False,False,,,,,,
iw_overlap_critic,5.0,0,10000,2000,2500,500,0.9452,0.0,1.0,2.7173686027526855,0.5,0.5,0.5149999856948853,0.24972441792488098,,,,,0.05527846395422755,0.0,2500.0,0.0,500.0,0.0,ok,plugin,False,,2490.766474554579,2487.6444219059695,1.2449104440199916,0.9935347835490683,1.1157777022668542,,0.0,0.05527846395422755,0.9447215360457725,0.9447215360457725,False,,,,,,cifar10,1,DANN,logits,10,0.9509000182151794,0.9509000182151794,0.843999981880188,0.8360000252723694,splits_cifar10_DANN_1_0_a9f9637e0b08.npz,a9f9637e0b08,False,False,,,,,,
iw_residual_dis2,5.0,0,10000,2000,2500,500,0.9452,0.0,1.0,2.7173686027526855,0.5,0.5,0.5149999856948853,0.24972441792488098,,,,,0.05527846395422755,0.0,2500.0,0.0,500.0,0.0,ok,plugin,False,,2490.766474554579,2487.6444219059695,1.2449104440199916,0.9935347835490683,1.1157777022668542,,0.0,0.05527846395422755,0.9447215360457725,0.9447215360457725,False,,,,,,cifar10,1,DANN,logits,10,0.9509000182151794,0.9509000182151794,0.843999981880188,0.8360000252723694,splits_cifar10_DANN_1_0_a9f9637e0b08.npz,a9f9637e0b08,False,False,,,,,,
dis2_reference,,0,10000,2000,2500,500,0.9451999999582767,,,,,,,,,,,,,,,,,,ok,dis2_with_correction,True,0.09104562776310877,,,,,,,,0.0996000000417232,0.9003999999582768,0.809354372195168,,49.0,24.0,0.10199999809265137,0.5246666669845581,0.6266666650772095,cifar10,1,DANN,logits,10,0.9509000182151794,0.9509000182151794,0.843999981880188,0.8360000252723694,splits_cifar10_DANN_1_0_a9f9637e0b08.npz,a9f9637e0b08,True,True,,,,0.01,0.19064562780483196,0.04479999999999995
iw_overlap_critic,1.0,0,10000,2000,2500,500,0.946,0.0,1.0,54.598148345947266,0.5,0.5,0.49900001287460327,0.25005200505256653,1565.0,288.0,793.0,145.0,0.03033843512751045,0.454,1313.0,1187.0,273.0,227.0,ok,plugin,False,,1308.9851240770784,1312.9934684915554,0.9999912358422427,0.9973665135670462,0.9997742145968479,0.8766519823788547,0.398,0.42833843512751046,0.5716615648724895,0.5716615648724895,False,48.0,16.0,0.654448926448822,0.27658557891845703,0.931034505367279,cifar10,10,DANN,logits,10,0.9477999806404114,0.9477999806404114,0.9244999885559082,0.9120000004768372,splits_cifar10_DANN_10_0_a9f9637e0b08.npz,a9f9637e0b08,True,True,,,,,,
iw_residual_dis2,1.0,0,10000,2000,2500,500,0.946,0.0,1.0,54.598148345947266,0.5,0.5,0.49900001287460327,0.25005200505256653,1435.0,288.0,707.0,145.0,0.03033843512751045,0.454,1313.0,1187.0,273.0,227.0,ok,plugin,False,,1308.9851240770784,1312.9934684915554,0.9999912358422427,0.9973665135670462,0.9997742145968479,0.5550660792951542,0.01409941027801181,0.04443784540552226,0.9555621545944777,0.9555621545944777,False,32.0,2.0,0.1479296088218689,0.5417255759239197,0.6896551847457886,cifar10,10,DANN,logits,10,0.9477999806404114,0.9477999806404114,0.9244999885559082,0.9120000004768372,splits_cifar10_DANN_10_0_a9f9637e0b08.npz,a9f9637e0b08,False,False,0.04970513900589722,0.573715248525695,-0.01864916923054083,,,
iw_overlap_critic,2.0,0,10000,2000,2500,500,0.946,0.0,1.0,54.598148345947266,0.5,0.5,0.49900001287460327,0.25005200505256653,,,,,0.05397725460293508,0.0,2500.0,0.0,500.0,0.0,ok,plugin,False,,2499.3503726964927,2499.965877939192,1.011695389425367,0.9997928428724177,1.0058517719739093,,0.0,0.05397725460293508,0.9460227453970649,0.9460227453970649,False,,,,,,cifar10,10,DANN,logits,10,0.9477999806404114,0.9477999806404114,0.9244999885559082,0.9120000004768372,splits_cifar10_DANN_10_0_a9f9637e0b08.npz,a9f9637e0b08,False,False,,,,,,
iw_residual_dis2,2.0,0,10000,2000,2500,500,0.946,0.0,1.0,54.598148345947266,0.5,0.5,0.49900001287460327,0.25005200505256653,,,,,0.05397725460293508,0.0,2500.0,0.0,500.0,0.0,ok,plugin,False,,2499.3503726964927,2499.965877939192,1.011695389425367,0.9997928428724177,1.0058517719739093,,0.0,0.05397725460293508,0.9460227453970649,0.9460227453970649,False,,,,,,cifar10,10,DANN,logits,10,0.9477999806404114,0.9477999806404114,0.9244999885559082,0.9120000004768372,splits_cifar10_DANN_10_0_a9f9637e0b08.npz,a9f9637e0b08,False,False,,,,,,
iw_overlap_critic,5.0,0,10000,2000,2500,500,0.946,0.0,1.0,54.598148345947266,0.5,0.5,0.49900001287460327,0.25005200505256653,,,,,0.05397725460293508,0.0,2500.0,0.0,500.0,0.0,ok,plugin,False,,2499.3503726964927,2499.965877939192,1.011695389425367,0.9997928428724177,1.0058517719739093,,0.0,0.05397725460293508,0.9460227453970649,0.9460227453970649,False,,,,,,cifar10,10,DANN,logits,10,0.9477999806404114,0.9477999806404114,0.9244999885559082,0.9120000004768372,splits_cifar10_DANN_10_0_a9f9637e0b08.npz,a9f9637e0b08,False,False,,,,,,
iw_residual_dis2,5.0,0,10000,2000,2500,500,0.946,0.0,1.0,54.598148345947266,0.5,0.5,0.49900001287460327,0.25005200505256653,,,,,0.05397725460293508,0.0,2500.0,0.0,500.0,0.0,ok,plugin,False,,2499.3503726964927,2499.965877939192,1.011695389425367,0.9997928428724177,1.0058517719739093,,0.0,0.05397725460293508,0.9460227453970649,0.9460227453970649,False,,,,,,cifar10,10,DANN,logits,10,0.9477999806404114,0.9477999806404114,0.9244999885559082,0.9120000004768372,splits_cifar10_DANN_10_0_a9f9637e0b08.npz,a9f9637e0b08,False,False,,,,,,
dis2_reference,,0,10000,2000,2500,500,0.9459999985992908,,,,,,,,,,,,,,,,,,ok,dis2_with_correction,True,0.09104562776310877,,,,,,,,0.034000001400709134,0.9659999985992909,0.8749543708361821,,45.0,20.0,0.07333332300186157,0.7300000190734863,0.8033333420753479,cifar10,10,DANN,logits,10,0.9477999806404114,0.9477999806404114,0.9244999885559082,0.9120000004768372,splits_cifar10_DANN_10_0_a9f9637e0b08.npz,a9f9637e0b08,True,True,,,,0.01,0.1250456291638179,-0.020000000000000018
iw_overlap_critic,1.0,0,10000,2000,2500,500,0.9452,0.0,1.0,54.598148345947266,0.5,0.5,0.4724999964237213,0.25003695487976074,1575.0,289.0,782.0,137.0,0.02875292481604763,0.456,1332.0,1168.0,272.0,228.0,ok,plugin,False,,1328.812740362272,1331.995522453868,0.9999962044831356,0.9979277863094161,0.9998557575572438,0.9035087719298246,0.41200000000000003,0.44075292481604766,0.5592470751839523,0.5592470751839523,False,46.0,18.0,0.6622373461723328,0.23557285964488983,0.8978102207183838,cifar10,71,DANN,logits,10,0.9488000273704529,0.9488000273704529,0.9304999709129333,0.9179999828338623,splits_cifar10_DANN_71_0_a9f9637e0b08.npz,a9f9637e0b08,True,True,,,,,,
iw_residual_dis2,1.0,0,10000,2000,2500,500,0.9452,0.0,1.0,54.598148345947266,0.5,0.5,0.4724999964237213,0.25003695487976074,1425.0,289.0,718.0,137.0,0.02875292481604763,0.456,1332.0,1168.0,272.0,228.0,ok,plugin,False,,1328.812740362272,1331.995522453868,0.9999962044831356,0.9979277863094161,0.9998557575572438,0.6359649122807017,0.038184931506849276,0.06693785632289691,0.933062143677103,0.933062143677103,False,43.0,1.0,0.10713052749633789,0.5571030378341675,0.6642335653305054,cifar10,71,DANN,logits,10,0.9488000273704529,0.9488000273704529,0.9304999709129333,0.9179999828338623,splits_cifar10_DANN_71_0_a9f9637e0b08.npz,a9f9637e0b08,False,False,0.05565068493150685,0.6078767123287672,0.028088199951934567,,,
iw_overlap_critic,2.0,0,10000,2000,2500,500,0.9452,0.0,1.0,54.598148345947266,0.5,0.5,0.4724999964237213,0.25003695487976074,,,,,0.05478605263964423,0.0,2500.0,0.0,500.0,0.0,ok,plugin,False,,2499.534285212789,2499.977277074684,1.0108819170066854,0.9998169072478194,1.0046119841565324,,0.0,0.05478605263964423,0.9452139473603558,0.9452139473603558,False,,,,,,cifar10,71,DANN,logits,10,0.9488000273704529,0.9488000273704529,0.9304999709129333,0.9179999828338623,splits_cifar10_DANN_71_0_a9f9637e0b08.npz,a9f9637e0b08,False,False,,,,,,
iw_residual_dis2,2.0,0,10000,2000,2500,500,0.9452,0.0,1.0,54.598148345947266,0.5,0.5,0.4724999964237213,0.25003695487976074,,,,,0.05478605263964423,0.0,2500.0,0.0,500.0,0.0,ok,plugin,False,,2499.534285212789,2499.977277074684,1.0108819170066854,0.9998169072478194,1.0046119841565324,,0.0,0.05478605263964423,0.9452139473603558,0.9452139473603558,False,,,,,,cifar10,71,DANN,logits,10,0.9488000273704529,0.9488000273704529,0.9304999709129333,0.9179999828338623,splits_cifar10_DANN_71_0_a9f9637e0b08.npz,a9f9637e0b08,False,False,,,,,,
iw_overlap_critic,5.0,0,10000,2000,2500,500,0.9452,0.0,1.0,54.598148345947266,0.5,0.5,0.4724999964237213,0.25003695487976074,,,,,0.05478605263964423,0.0,2500.0,0.0,500.0,0.0,ok,plugin,False,,2499.534285212789,2499.977277074684,1.0108819170066854,0.9998169072478194,1.0046119841565324,,0.0,0.05478605263964423,0.9452139473603558,0.9452139473603558,False,,,,,,cifar10,71,DANN,logits,10,0.9488000273704529,0.9488000273704529,0.9304999709129333,0.9179999828338623,splits_cifar10_DANN_71_0_a9f9637e0b08.npz,a9f9637e0b08,False,False,,,,,,
iw_residual_dis2,5.0,0,10000,2000,2500,500,0.9452,0.0,1.0,54.598148345947266,0.5,0.5,0.4724999964237213,0.25003695487976074,,,,,0.05478605263964423,0.0,2500.0,0.0,500.0,0.0,ok,plugin,False,,2499.534285212789,2499.977277074684,1.0108819170066854,0.9998169072478194,1.0046119841565324,,0.0,0.05478605263964423,0.9452139473603558,0.9452139473603558,False,,,,,,cifar10,71,DANN,logits,10,0.9488000273704529,0.9488000273704529,0.9304999709129333,0.9179999828338623,splits_cifar10_DANN_71_0_a9f9637e0b08.npz,a9f9637e0b08,False,False,,,,,,
dis2_reference,,0,10000,2000,2500,500,0.9451999999582767,,,,,,,,,,,,,,,,,,ok,dis2_with_correction,True,0.09104562776310877,,,,,,,,-0.006799999958276737,1.0067999999582766,0.9157543721951679,,29.0,20.0,0.06333333253860474,0.7666666507720947,0.8299999833106995,cifar10,71,DANN,logits,10,0.9488000273704529,0.9488000273704529,0.9304999709129333,0.9179999828338623,splits_cifar10_DANN_71_0_a9f9637e0b08.npz,a9f9637e0b08,True,True,,,,0.01,0.08424562780483204,-0.06159999999999999
iw_overlap_critic,1.0,0,10000,2000,2500,500,0.9528,0.0,1.0,54.598148345947266,0.5,0.5,0.48350000381469727,0.2500438392162323,1619.0,272.0,800.0,125.0,0.021971461805353767,0.446,1353.0,1147.0,277.0,223.0,ok,plugin,False,,1350.366308437881,1352.9979425928614,0.9999996349126477,0.9982049838549334,0.9997564814650342,0.8385650224215246,0.374,0.39597146180535375,0.6040285381946462,0.6040285381946462,False,49.0,18.0,0.767158031463623,0.12884201109409332,0.8960000276565552,cifar10,95,DANN,logits,10,0.9516000151634216,0.9516000151634216,0.9390000104904175,0.9359999895095825,splits_cifar10_DANN_95_0_a9f9637e0b08.npz,a9f9637e0b08,True,True,,,,,,
iw_residual_dis2,1.0,0,10000,2000,2500,500,0.9528,0.0,1.0,54.598148345947266,0.5,0.5,0.48350000381469727,0.2500438392162323,1381.0,272.0,700.0,125.0,0.021971461805353767,0.446,1353.0,1147.0,277.0,223.0,ok,plugin,False,,1350.366308437881,1352.9979425928614,0.9999996349126477,0.9982049838549334,0.9997564814650342,0.4977578475336323,0.03846730601569312,0.06043876782104689,0.9395612321789532,0.9395612321789532,False,42.0,2.0,0.10085713863372803,0.427142858505249,0.527999997138977,cifar10,95,DANN,logits,10,0.9516000151634216,0.9516000151634216,0.9390000104904175,0.9359999895095825,splits_cifar10_DANN_95_0_a9f9637e0b08.npz,a9f9637e0b08,False,False,0.05492589363557106,0.4664341761115955,0.03132367142203679,,,
iw_overlap_critic,2.0,0,10000,2000,2500,500,0.9528,0.0,1.0,54.598148345947266,0.5,0.5,0.48350000381469727,0.2500438392162323,,,,,0.04719421210248969,0.0,2500.0,0.0,500.0,0.0,ok,plugin,False,,2499.665105093256,2499.986177584392,1.0061237354584798,0.9996522173156944,1.0038381868505053,,0.0,0.04719421210248969,0.9528057878975104,0.9528057878975104,False,,,,,,cifar10,95,DANN,logits,10,0.9516000151634216,0.9516000151634216,0.9390000104904175,0.9359999895095825,splits_cifar10_DANN_95_0_a9f9637e0b08.npz,a9f9637e0b08,False,False,,,,,,
iw_residual_dis2,2.0,0,10000,2000,2500,500,0.9528,0.0,1.0,54.598148345947266,0.5,0.5,0.48350000381469727,0.2500438392162323,,,,,0.04719421210248969,0.0,2500.0,0.0,500.0,0.0,ok,plugin,False,,2499.665105093256,2499.986177584392,1.0061237354584798,0.9996522173156944,1.0038381868505053,,0.0,0.04719421210248969,0.9528057878975104,0.9528057878975104,False,,,,,,cifar10,95,DANN,logits,10,0.9516000151634216,0.9516000151634216,0.9390000104904175,0.9359999895095825,splits_cifar10_DANN_95_0_a9f9637e0b08.npz,a9f9637e0b08,False,False,,,,,,
iw_overlap_critic,5.0,0,10000,2000,2500,500,0.9528,0.0,1.0,54.598148345947266,0.5,0.5,0.48350000381469727,0.2500438392162323,,,,,0.04719421210248969,0.0,2500.0,0.0,500.0,0.0,ok,plugin,False,,2499.665105093256,2499.986177584392,1.0061237354584798,0.9996522173156944,1.0038381868505053,,0.0,0.04719421210248969,0.9528057878975104,0.9528057878975104,False,,,,,,cifar10,95,DANN,logits,10,0.9516000151634216,0.9516000151634216,0.9390000104904175,0.9359999895095825,splits_cifar10_DANN_95_0_a9f9637e0b08.npz,a9f9637e0b08,False,False,,,,,,
iw_residual_dis2,5.0,0,10000,2000,2500,500,0.9528,0.0,1.0,54.598148345947266,0.5,0.5,0.48350000381469727,0.2500438392162323,,,,,0.04719421210248969,0.0,2500.0,0.0,500.0,0.0,ok,plugin,False,,2499.665105093256,2499.986177584392,1.0061237354584798,0.9996522173156944,1.0038381868505053,,0.0,0.04719421210248969,0.9528057878975104,0.9528057878975104,False,,,,,,cifar10,95,DANN,logits,10,0.9516000151634216,0.9516000151634216,0.9390000104904175,0.9359999895095825,splits_cifar10_DANN_95_0_a9f9637e0b08.npz,a9f9637e0b08,False,False,,,,,,
dis2_reference,,0,10000,2000,2500,500,0.9527999982237816,,,,,,,,,,,,,,,,,,ok,dis2_with_correction,True,0.09104562776310877,,,,,,,,0.009600001776218448,0.9903999982237816,0.8993543704606728,,37.0,16.0,0.06266665458679199,0.7106666564941406,0.7733333110809326,cifar10,95,DANN,logits,10,0.9516000151634216,0.9516000151634216,0.9390000104904175,0.9359999895095825,splits_cifar10_DANN_95_0_a9f9637e0b08.npz,a9f9637e0b08,True,True,,,,0.01,0.10064562953932722,-0.03759999999999997
iw_overlap_critic,1.0,0,10000,2000,2500,500,0.9476,0.0,1.0,15.258878707885742,0.5,0.5,0.5119999647140503,0.2499927282333374,1575.0,294.0,779.0,138.0,0.022261112715858743,0.498,1363.0,1137.0,251.0,249.0,ok,plugin,False,,1349.4169869760394,1362.9434075208374,0.9999922499534931,0.9906267267247677,0.9988899969880118,0.9397590361445783,0.468,0.49026111271585876,0.5097388872841413,0.5097388872841413,False,49.0,27.0,0.7141925692558289,0.23508279025554657,0.9492753744125366,cifar10,1,CDANN,logits,10,0.949999988079071,0.949999988079071,0.8464999794960022,0.843999981880188,splits_cifar10_CDANN_1_0_a9f9637e0b08.npz,a9f9637e0b08,True,True,,,,,,
iw_residual_dis2,1.0,0,10000,2000,2500,500,0.9476,0.0,1.0,15.258878707885742,0.5,0.5,0.5119999647140503,0.2499927282333374,1425.0,294.0,721.0,138.0,0.022261112715858743,0.498,1363.0,1137.0,251.0,249.0,ok,plugin,False,,1349.4169869760394,1362.9434075208374,0.9999922499534931,0.9906267267247677,0.9988899969880118,0.5983935742971888,0.02907124010554092,0.05133235282139967,0.9486676471786003,0.9486676471786003,False,49.0,12.0,0.12006270885467529,0.5755894780158997,0.695652186870575,cifar10,1,CDANN,logits,10,0.949999988079071,0.949999988079071,0.8464999794960022,0.843999981880188,splits_cifar10_CDANN_1_0_a9f9637e0b08.npz,a9f9637e0b08,False,False,0.06596306068601583,0.6059806508355321,-0.00758707653834334,,,
iw_overlap_critic,2.0,0,10000,2000,2500,500,0.9476,0.0,1.0,15.258878707885742,0.5,0.5,0.5119999647140503,0.2499927282333374,,,,,0.05250371913699751,0.0,2500.0,0.0,500.0,0.0,ok,plugin,False,,2497.4074173645786,2499.661967220063,1.0284397148542008,0.9983081535534855,1.0173668917531942,,0.0,0.05250371913699751,0.9474962808630025,0.9474962808630025,False,,,,,,cifar10,1,CDANN,logits,10,0.949999988079071,0.949999988079071,0.8464999794960022,0.843999981880188,splits_cifar10_CDANN_1_0_a9f9637e0b08.npz,a9f9637e0b08,False,False,,,,,,
iw_residual_dis2,2.0,0,10000,2000,2500,500,0.9476,0.0,1.0,15.258878707885742,0.5,0.5,0.5119999647140503,0.2499927282333374,,,,,0.05250371913699751,0.0,2500.0,0.0,500.0,0.0,ok,plugin,False,,2497.4074173645786,2499.661967220063,1.0284397148542008,0.9983081535534855,1.0173668917531942,,0.0,0.05250371913699751,0.9474962808630025,0.9474962808630025,False,,,,,,cifar10,1,CDANN,logits,10,0.949999988079071,0.949999988079071,0.8464999794960022,0.843999981880188,splits_cifar10_CDANN_1_0_a9f9637e0b08.npz,a9f9637e0b08,False,False,,,,,,
iw_overlap_critic,5.0,0,10000,2000,2500,500,0.9476,0.0,1.0,15.258878707885742,0.5,0.5,0.5119999647140503,0.2499927282333374,,,,,0.05250371913699751,0.0,2500.0,0.0,500.0,0.0,ok,plugin,False,,2497.4074173645786,2499.661967220063,1.0284397148542008,0.9983081535534855,1.0173668917531942,,0.0,0.05250371913699751,0.9474962808630025,0.9474962808630025,False,,,,,,cifar10,1,CDANN,logits,10,0.949999988079071,0.949999988079071,0.8464999794960022,0.843999981880188,splits_cifar10_CDANN_1_0_a9f9637e0b08.npz,a9f9637e0b08,False,False,,,,,,
iw_residual_dis2,5.0,0,10000,2000,2500,500,0.9476,0.0,1.0,15.258878707885742,0.5,0.5,0.5119999647140503,0.2499927282333374,,,,,0.05250371913699751,0.0,2500.0,0.0,500.0,0.0,ok,plugin,False,,2497.4074173645786,2499.661967220063,1.0284397148542008,0.9983081535534855,1.0173668917531942,,0.0,0.05250371913699751,0.9474962808630025,0.9474962808630025,False,,,,,,cifar10,1,CDANN,logits,10,0.949999988079071,0.949999988079071,0.8464999794960022,0.843999981880188,splits_cifar10_CDANN_1_0_a9f9637e0b08.npz,a9f9637e0b08,False,False,,,,,,
dis2_reference,,0,10000,2000,2500,500,0.9475999996066093,,,,,,,,,,,,,,,,,,ok,dis2_with_correction,True,0.09104562776310877,,,,,,,,0.10520000039339061,0.8947999996066094,0.8037543718435006,,49.0,7.0,0.07599997520446777,0.5440000295639038,0.6200000047683716,cifar10,1,CDANN,logits,10,0.949999988079071,0.949999988079071,0.8464999794960022,0.843999981880188,splits_cifar10_CDANN_1_0_a9f9637e0b08.npz,a9f9637e0b08,True,True,,,,0.01,0.19624562815649937,0.05279999999999996
iw_overlap_critic,1.0,0,10000,2000,2500,500,0.9468,0.0,1.0,54.598148345947266,0.5,0.5,0.48100000619888306,0.2500584125518799,1672.0,281.0,827.0,135.0,0.02554069274655608,0.45,1400.0,1100.0,275.0,225.0,ok,plugin,False,,1395.563179391347,1399.9930470574823,0.9999957259464292,0.9972089131594409,0.9997394227490631,0.8222222222222222,0.37,0.39554069274655607,0.6044593072534439,0.6044593072534439,False,48.0,12.0,0.672874391078949,0.24564413726329803,0.9185185432434082,cifar10,10,CDANN,logits,10,0.9487000107765198,0.9487000107765198,0.9160000085830688,0.9120000004768372,splits_cifar10_CDANN_10_0_a9f9637e0b08.npz,a9f9637e0b08,True,True,,,,,,
iw_residual_dis2,1.0,0,10000,2000,2500,500,0.9468,0.0,1.0,54.598148345947266,0.5,0.5,0.48100000619888306,0.2500584125518799,1328.0,281.0,673.0,135.0,0.02554069274655608,0.45,1400.0,1100.0,275.0,225.0,ok,plugin,False,,1395.563179391347,1399.9930470574823,0.9999957259464292,0.9972089131594409,0.9997394227490631,0.6355555555555555,0.03113636363636361,0.05667705638291969,0.9433229436170804,0.9433229436170804,False,46.0,3.0,0.17007321119308472,0.6002971529960632,0.770370364189148,cifar10,10,CDANN,logits,10,0.9487000107765198,0.9487000107765198,0.9160000085830688,0.9120000004768372,splits_cifar10_CDANN_10_0_a9f9637e0b08.npz,a9f9637e0b08,False,False,0.06272727272727273,0.6290909090909091,0.006464646464646395,,,
iw_overlap_critic,2.0,0,10000,2000,2500,500,0.9468,0.0,1.0,54.598148345947266,0.5,0.5,0.48100000619888306,0.2500584125518799,,,,,0.05319603763122827,0.0,2500.0,0.0,500.0,0.0,ok,plugin,False,,2498.9610458552643,2499.960930299551,1.0135633981773697,0.999426556077887,1.0065270204065704,,0.0,0.05319603763122827,0.9468039623687717,0.9468039623687717,False,,,,,,cifar10,10,CDANN,logits,10,0.9487000107765198,0.9487000107765198,0.9160000085830688,0.9120000004768372,splits_cifar10_CDANN_10_0_a9f9637e0b08.npz,a9f9637e0b08,False,False,,,,,,
iw_residual_dis2,2.0,0,10000,2000,2500,500,0.9468,0.0,1.0,54.598148345947266,0.5,0.5,0.48100000619888306,0.2500584125518799,,,,,0.05319603763122827,0.0,2500.0,0.0,500.0,0.0,ok,plugin,False,,2498.9610458552643,2499.960930299551,1.0135633981773697,0.999426556077887,1.0065270204065704,,0.0,0.05319603763122827,0.9468039623687717,0.9468039623687717,False,,,,,,cifar10,10,CDANN,logits,10,0.9487000107765198,0.9487000107765198,0.9160000085830688,0.9120000004768372,splits_cifar10_CDANN_10_0_a9f9637e0b08.npz,a9f9637e0b08,False,False,,,,,,
iw_overlap_critic,5.0,0,10000,2000,2500,500,0.9468,0.0,1.0,54.598148345947266,0.5,0.5,0.48100000619888306,0.2500584125518799,,,,,0.05319603763122827,0.0,2500.0,0.0,500.0,0.0,ok,plugin,False,,2498.9610458552643,2499.960930299551,1.0135633981773697,0.999426556077887,1.0065270204065704,,0.0,0.05319603763122827,0.9468039623687717,0.9468039623687717,False,,,,,,cifar10,10,CDANN,logits,10,0.9487000107765198,0.9487000107765198,0.9160000085830688,0.9120000004768372,splits_cifar10_CDANN_10_0_a9f9637e0b08.npz,a9f9637e0b08,False,False,,,,,,
iw_residual_dis2,5.0,0,10000,2000,2500,500,0.9468,0.0,1.0,54.598148345947266,0.5,0.5,0.48100000619888306,0.2500584125518799,,,,,0.05319603763122827,0.0,2500.0,0.0,500.0,0.0,ok,plugin,False,,2498.9610458552643,2499.960930299551,1.0135633981773697,0.999426556077887,1.0065270204065704,,0.0,0.05319603763122827,0.9468039623687717,0.9468039623687717,False,,,,,,cifar10,10,CDANN,logits,10,0.9487000107765198,0.9487000107765198,0.9160000085830688,0.9120000004768372,splits_cifar10_CDANN_10_0_a9f9637e0b08.npz,a9f9637e0b08,False,False,,,,,,
dis2_reference,,0,10000,2000,2500,500,0.9468000009655952,,,,,,,,,,,,,,,,,,ok,dis2_with_correction,True,0.09104562776310877,,,,,,,,0.041199999034404744,0.9588000009655953,0.8677543732024865,,14.0,29.0,0.06199997663497925,0.828000009059906,0.8899999856948853,cifar10,10,CDANN,logits,10,0.9487000107765198,0.9487000107765198,0.9160000085830688,0.9120000004768372,splits_cifar10_CDANN_10_0_a9f9637e0b08.npz,a9f9637e0b08,True,True,,,,0.01,0.1322456267975135,-0.01200000000000001
iw_overlap_critic,1.0,0,10000,2000,2500,500,0.9492,0.0,1.0,54.598148345947266,0.5,0.5,0.4650000035762787,0.25004249811172485,1692.0,273.0,845.0,125.0,0.02635776208952734,0.426,1412.0,1088.0,287.0,213.0,ok,plugin,False,,1408.8959521131787,1411.9963673197326,0.9999991225658315,0.9980754228104832,0.9998053660777894,0.8215962441314554,0.35,0.3763577620895273,0.6236422379104727,0.6236422379104727,False,47.0,18.0,0.6596832275390625,0.22031673789024353,0.8799999952316284,cifar10,71,CDANN,logits,10,0.951200008392334,0.951200008392334,0.9279999732971191,0.9039999842643738,splits_cifar10_CDANN_71_0_a9f9637e0b08.npz,a9f9637e0b08,True,True,,,,,,
iw_residual_dis2,1.0,0,10000,2000,2500,500,0.9492,0.0,1.0,54.598148345947266,0.5,0.5,0.4650000035762787,0.25004249811172485,1308.0,273.0,655.0,125.0,0.02635776208952734,0.426,1412.0,1088.0,287.0,213.0,ok,plugin,False,,1408.8959521131787,1411.9963673197326,0.9999991225658315,0.9980754228104832,0.9998053660777894,0.5774647887323944,0.010290441176470577,0.036648203265997915,0.9633517967340021,0.9633517967340021,False,49.0,29.0,0.1048550009727478,0.5511450171470642,0.656000018119812,cifar10,71,CDANN,logits,10,0.951200008392334,0.951200008392334,0.9279999732971191,0.9039999842643738,splits_cifar10_CDANN_71_0_a9f9637e0b08.npz,a9f9637e0b08,False,False,0.05606617647058824,0.609375,-0.031910211267605626,,,
iw_overlap_critic,2.0,0,10000,2000,2500,500,0.9492,0.0,1.0,54.598148345947266,0.5,0.5,0.4650000035762787,0.25004249811172485,,,,,0.05079030570287705,0.0,2500.0,0.0,500.0,0.0,ok,plugin,False,,2499.4699896348866,2499.9783234731576,1.0120593672680183,0.9995410189991067,1.0051221546123434,,0.0,0.05079030570287705,0.949209694297123,0.949209694297123,False,,,,,,cifar10,71,CDANN,logits,10,0.951200008392334,0.951200008392334,0.9279999732971191,0.9039999842643738,splits_cifar10_CDANN_71_0_a9f9637e0b08.npz,a9f9637e0b08,False,False,,,,,,
iw_residual_dis2,2.0,0,10000,2000,2500,500,0.9492,0.0,1.0,54.598148345947266,0.5,0.5,0.4650000035762787,0.25004249811172485,,,,,0.05079030570287705,0.0,2500.0,0.0,500.0,0.0,ok,plugin,False,,2499.4699896348866,2499.9783234731576,1.0120593672680183,0.9995410189991067,1.0051221546123434,,0.0,0.05079030570287705,0.949209694297123,0.949209694297123,False,,,,,,cifar10,71,CDANN,logits,10,0.951200008392334,0.951200008392334,0.9279999732971191,0.9039999842643738,splits_cifar10_CDANN_71_0_a9f9637e0b08.npz,a9f9637e0b08,False,False,,,,,,
iw_overlap_critic,5.0,0,10000,2000,2500,500,0.9492,0.0,1.0,54.598148345947266,0.5,0.5,0.4650000035762787,0.25004249811172485,,,,,0.05079030570287705,0.0,2500.0,0.0,500.0,0.0,ok,plugin,False,,2499.4699896348866,2499.9783234731576,1.0120593672680183,0.9995410189991067,1.0051221546123434,,0.0,0.05079030570287705,0.949209694297123,0.949209694297123,False,,,,,,cifar10,71,CDANN,logits,10,0.951200008392334,0.951200008392334,0.9279999732971191,0.9039999842643738,splits_cifar10_CDANN_71_0_a9f9637e0b08.npz,a9f9637e0b08,False,False,,,,,,
iw_residual_dis2,5.0,0,10000,2000,2500,500,0.9492,0.0,1.0,54.598148345947266,0.5,0.5,0.4650000035762787,0.25004249811172485,,,,,0.05079030570287705,0.0,2500.0,0.0,500.0,0.0,ok,plugin,False,,2499.4699896348866,2499.9783234731576,1.0120593672680183,0.9995410189991067,1.0051221546123434,,0.0,0.05079030570287705,0.949209694297123,0.949209694297123,False,,,,,,cifar10,71,CDANN,logits,10,0.951200008392334,0.951200008392334,0.9279999732971191,0.9039999842643738,splits_cifar10_CDANN_71_0_a9f9637e0b08.npz,a9f9637e0b08,False,False,,,,,,
dis2_reference,,0,10000,2000,2500,500,0.9492000006139278,,,,,,,,,,,,,,,,,,ok,dis2_with_correction,True,0.09104562776310877,,,,,,,,0.00799999938607221,0.9920000006139278,0.900954372850819,,38.0,20.0,0.07133328914642334,0.765333354473114,0.8366666436195374,cifar10,71,CDANN,logits,10,0.951200008392334,0.951200008392334,0.9279999732971191,0.9039999842643738,splits_cifar10_CDANN_71_0_a9f9637e0b08.npz,a9f9637e0b08,True,True,,,,0.01,0.09904562714918098,-0.04279999999999995
iw_overlap_critic,1.0,0,10000,2000,2500,500,0.9516,0.0,1.0,54.598148345947266,0.5,0.5,0.47450000047683716,0.250036358833313,1643.0,275.0,820.0,122.0,0.023971876710055694,0.416,1414.0,1086.0,292.0,208.0,ok,plugin,False,,1411.477548552646,1413.998328080564,0.9999952345058113,0.9983205686587913,0.9998011832769339,0.8605769230769231,0.358,0.38197187671005567,0.6180281232899443,0.6180281232899443,False,46.0,18.0,0.7878316044807434,0.12200445681810379,0.9098360538482666,cifar10,95,CDANN,logits,10,0.9526000022888184,0.9526000022888184,0.9355000257492065,0.9259999990463257,splits_cifar10_CDANN_95_0_a9f9637e0b08.npz,a9f9637e0b08,True,True,,,,,,
iw_residual_dis2,1.0,0,10000,2000,2500,500,0.9516,0.0,1.0,54.598148345947266,0.5,0.5,0.47450000047683716,0.250036358833313,1357.0,275.0,680.0,122.0,0.023971876710055694,0.416,1414.0,1086.0,292.0,208.0,ok,plugin,False,,1411.477548552646,1413.998328080564,0.9999952345058113,0.9983205686587913,0.9998011832769339,0.6875,0.012880294659300212,0.03685217136935591,0.9631478286306441,0.9631478286306441,False,43.0,17.0,0.11104148626327515,0.6676470637321472,0.7786885499954224,cifar10,95,CDANN,logits,10,0.9526000022888184,0.9526000022888184,0.9355000257492065,0.9259999990463257,splits_cifar10_CDANN_95_0_a9f9637e0b08.npz,a9f9637e0b08,False,False,0.056169429097605895,0.712707182320442,-0.025207182320441945,,,
iw_overlap_critic,2.0,0,10000,2000,2500,500,0.9516,0.0,1.0,54.598148345947266,0.5,0.5,0.47450000047683716,0.250036358833313,,,,,0.048397487124714644,0.0,2500.0,0.0,500.0,0.0,ok,plugin,False,,2499.6269747040524,2499.9879266008184,1.0066564991375935,0.9995390875915571,1.003542292303542,,0.0,0.048397487124714644,0.9516025128752854,0.9516025128752854,False,,,,,,cifar10,95,CDANN,logits,10,0.9526000022888184,0.9526000022888184,0.9355000257492065,0.9259999990463257,splits_cifar10_CDANN_95_0_a9f9637e0b08.npz,a9f9637e0b08,False,False,,,,,,
iw_residual_dis2,2.0,0,10000,2000,2500,500,0.9516,0.0,1.0,54.598148345947266,0.5,0.5,0.47450000047683716,0.250036358833313,,,,,0.048397487124714644,0.0,2500.0,0.0,500.0,0.0,ok,plugin,False,,2499.6269747040524,2499.9879266008184,1.0066564991375935,0.9995390875915571,1.003542292303542,,0.0,0.048397487124714644,0.9516025128752854,0.9516025128752854,False,,,,,,cifar10,95,CDANN,logits,10,0.9526000022888184,0.9526000022888184,0.9355000257492065,0.9259999990463257,splits_cifar10_CDANN_95_0_a9f9637e0b08.npz,a9f9637e0b08,False,False,,,,,,
iw_overlap_critic,5.0,0,10000,2000,2500,500,0.9516,0.0,1.0,54.598148345947266,0.5,0.5,0.47450000047683716,0.250036358833313,,,,,0.048397487124714644,0.0,2500.0,0.0,500.0,0.0,ok,plugin,False,,2499.6269747040524,2499.9879266008184,1.0066564991375935,0.9995390875915571,1.003542292303542,,0.0,0.048397487124714644,0.9516025128752854,0.9516025128752854,False,,,,,,cifar10,95,CDANN,logits,10,0.9526000022888184,0.9526000022888184,0.9355000257492065,0.9259999990463257,splits_cifar10_CDANN_95_0_a9f9637e0b08.npz,a9f9637e0b08,False,False,,,,,,
iw_residual_dis2,5.0,0,10000,2000,2500,500,0.9516,0.0,1.0,54.598148345947266,0.5,0.5,0.47450000047683716,0.250036358833313,,,,,0.048397487124714644,0.0,2500.0,0.0,500.0,0.0,ok,plugin,False,,2499.6269747040524,2499.9879266008184,1.0066564991375935,0.9995390875915571,1.003542292303542,,0.0,0.048397487124714644,0.9516025128752854,0.9516025128752854,False,,,,,,cifar10,95,CDANN,logits,10,0.9526000022888184,0.9526000022888184,0.9355000257492065,0.9259999990463257,splits_cifar10_CDANN_95_0_a9f9637e0b08.npz,a9f9637e0b08,False,False,,,,,,
dis2_reference,,0,10000,2000,2500,500,0.9516000002622604,,,,,,,,,,,,,,,,,,ok,dis2_with_correction,True,0.09104562776310877,,,,,,,,0.021599999737739517,0.9784000002622605,0.8873543724991517,,49.0,28.0,0.08866667747497559,0.5946666598320007,0.6833333373069763,cifar10,95,CDANN,logits,10,0.9526000022888184,0.9526000022888184,0.9355000257492065,0.9259999990463257,splits_cifar10_CDANN_95_0_a9f9637e0b08.npz,a9f9637e0b08,True,True,,,,0.01,0.11264562750084829,-0.026800000000000046
iw_overlap_critic,1.0,0,10000,2000,2500,500,0.9668,0.0,1.0,2.962336778640747,0.5,0.5,0.5019999742507935,0.249815434217453,1357.0,332.0,658.0,150.0,0.015070528958785348,0.544,1131.0,1369.0,228.0,272.0,ok,plugin,False,,1066.8183349093883,1129.616094972418,0.9999607117270919,0.9411564379803705,0.9959119297016243,0.9889705882352942,0.538,0.5530705289587854,0.4469294710412146,0.4469294710412146,False,49.0,12.0,0.7741067409515381,0.21922658383846283,0.9933333396911621,cifar10,1,FixMatch,logits,10,0.9628000259399414,0.9628000259399414,0.8774999976158142,0.8799999952316284,splits_cifar10_FixMatch_1_0_a9f9637e0b08.npz,a9f9637e0b08,True,True,,,,,,
iw_residual_dis2,1.0,0,10000,2000,2500,500,0.9668,0.0,1.0,2.962336778640747,0.5,0.5,0.5019999742507935,0.249815434217453,1643.0,332.0,842.0,150.0,0.015070528958785348,0.544,1131.0,1369.0,228.0,272.0,ok,plugin,False,,1066.8183349093883,1129.616094972418,0.9999607117270919,0.9411564379803705,0.9959119297016243,0.5294117647058824,0.05076990504017531,0.06584043399896065,0.9341595660010393,0.9341595660010393,False,40.0,24.0,0.15536028146743774,0.45130640268325806,0.6066666841506958,cifar10,1,FixMatch,logits,10,0.9628000259399414,0.9628000259399414,0.8774999976158142,0.8799999952316284,splits_cifar10_FixMatch_1_0_a9f9637e0b08.npz,a9f9637e0b08,False,False,0.03214024835646457,0.46822498173849525,0.06118678296738711,,,
iw_overlap_critic,2.0,0,10000,2000,2500,500,0.9668,0.0,1.0,2.962336778640747,0.5,0.5,0.5019999742507935,0.249815434217453,,,,,0.03335455485426982,0.0,2500.0,0.0,500.0,0.0,ok,plugin,False,,2492.9276015517935,2491.928920068024,1.1349376594039298,1.0082316574288703,1.0758184368225663,,0.0,0.03335455485426982,0.9666454451457301,0.9666454451457301,False,,,,,,cifar10,1,FixMatch,logits,10,0.9628000259399414,0.9628000259399414,0.8774999976158142,0.8799999952316284,splits_cifar10_FixMatch_1_0_a9f9637e0b08.npz,a9f9637e0b08,False,False,,,,,,
iw_residual_dis2,2.0,0,10000,2000,2500,500,0.9668,0.0,1.0,2.962336778640747,0.5,0.5,0.5019999742507935,0.249815434217453,,,,,0.03335455485426982,0.0,2500.0,0.0,500.0,0.0,ok,plugin,False,,2492.9276015517935,2491.928920068024,1.1349376594039298,1.0082316574288703,1.0758184368225663,,0.0,0.03335455485426982,0.9666454451457301,0.9666454451457301,False,,,,,,cifar10,1,FixMatch,logits,10,0.9628000259399414,0.9628000259399414,0.8774999976158142,0.8799999952316284,splits_cifar10_FixMatch_1_0_a9f9637e0b08.npz,a9f9637e0b08,False,False,,,,,,
iw_overlap_critic,5.0,0,10000,2000,2500,500,0.9668,0.0,1.0,2.962336778640747,0.5,0.5,0.5019999742507935,0.249815434217453,,,,,0.03335455485426982,0.0,2500.0,0.0,500.0,0.0,ok,plugin,False,,2492.9276015517935,2491.928920068024,1.1349376594039298,1.0082316574288703,1.0758184368225663,,0.0,0.03335455485426982,0.9666454451457301,0.9666454451457301,False,,,,,,cifar10,1,FixMatch,logits,10,0.9628000259399414,0.9628000259399414,0.8774999976158142,0.8799999952316284,splits_cifar10_FixMatch_1_0_a9f9637e0b08.npz,a9f9637e0b08,False,False,,,,,,
iw_residual_dis2,5.0,0,10000,2000,2500,500,0.9668,0.0,1.0,2.962336778640747,0.5,0.5,0.5019999742507935,0.249815434217453,,,,,0.03335455485426982,0.0,2500.0,0.0,500.0,0.0,ok,plugin,False,,2492.9276015517935,2491.928920068024,1.1349376594039298,1.0082316574288703,1.0758184368225663,,0.0,0.03335455485426982,0.9666454451457301,0.9666454451457301,False,,,,,,cifar10,1,FixMatch,logits,10,0.9628000259399414,0.9628000259399414,0.8774999976158142,0.8799999952316284,splits_cifar10_FixMatch_1_0_a9f9637e0b08.npz,a9f9637e0b08,False,False,,,,,,
dis2_reference,,0,10000,2000,2500,500,0.9668000005185604,,,,,,,,,,,,,,,,,,ok,dis2_with_correction,True,0.09104562776310877,,,,,,,,0.07839999948143961,0.9216000005185604,0.8305543727554516,,42.0,24.0,0.09600001573562622,0.6306666731834412,0.7266666889190674,cifar10,1,FixMatch,logits,10,0.9628000259399414,0.9628000259399414,0.8774999976158142,0.8799999952316284,splits_cifar10_FixMatch_1_0_a9f9637e0b08.npz,a9f9637e0b08,True,True,,,,0.01,0.16944562724454837,0.04520000000000002
iw_overlap_critic,1.0,0,10000,2000,2500,500,0.9564,0.0,1.0,3.306164503097534,0.5,0.5,0.49949997663497925,0.24974799156188965,1603.0,304.0,781.0,143.0,0.028950019721176768,0.502,1382.0,1118.0,249.0,251.0,ok,plugin,False,,1312.6460020556653,1379.6360080796992,0.9999808845126106,0.9579064862911553,0.996068358145574,0.8725099601593626,0.438,0.4669500197211768,0.5330499802788232,0.5330499802788232,False,49.0,28.0,0.6535112857818604,0.23460060358047485,0.8881118893623352,cifar10,10,FixMatch,logits,10,0.9613000154495239,0.9613000154495239,0.9465000033378601,0.9399999976158142,splits_cifar10_FixMatch_10_0_a9f9637e0b08.npz,a9f9637e0b08,True,True,,,,,,
iw_residual_dis2,1.0,0,10000,2000,2500,500,0.9564,0.0,1.0,3.306164503097534,0.5,0.5,0.49949997663497925,0.24974799156188965,1397.0,304.0,719.0,143.0,0.028950019721176768,0.502,1382.0,1118.0,249.0,251.0,ok,plugin,False,,1312.6460020556653,1379.6360080796992,0.9999808845126106,0.9579064862911553,0.996068358145574,0.6573705179282868,0.07765295169946328,0.10660297142064004,0.89339702857936,0.89339702857936,False,48.0,24.0,0.1246194839477539,0.5257301926612854,0.6503496766090393,cifar10,10,FixMatch,logits,10,0.9613000154495239,0.9613000154495239,0.9465000033378601,0.9399999976158142,splits_cifar10_FixMatch_10_0_a9f9637e0b08.npz,a9f9637e0b08,True,True,0.03041144901610018,0.5330948121645797,0.12427570576370717,,,
iw_overlap_critic,2.0,0,10000,2000,2500,500,0.9564,0.0,1.0,3.306164503097534,0.5,0.5,0.49949997663497925,0.24974799156188965,,,,,0.042885396671112685,0.0,2500.0,0.0,500.0,0.0,ok,plugin,False,,2485.7275068866275,2489.79901580563,1.2583013417514382,0.9925545566851879,1.0976759290395695,,0.0,0.042885396671112685,0.9571146033288873,0.9571146033288873,False,,,,,,cifar10,10,FixMatch,logits,10,0.9613000154495239,0.9613000154495239,0.9465000033378601,0.9399999976158142,splits_cifar10_FixMatch_10_0_a9f9637e0b08.npz,a9f9637e0b08,False,False,,,,,,
iw_residual_dis2,2.0,0,10000,2000,2500,500,0.9564,0.0,1.0,3.306164503097534,0.5,0.5,0.49949997663497925,0.24974799156188965,,,,,0.042885396671112685,0.0,2500.0,0.0,500.0,0.0,ok,plugin,False,,2485.7275068866275,2489.79901580563,1.2583013417514382,0.9925545566851879,1.0976759290395695,,0.0,0.042885396671112685,0.9571146033288873,0.9571146033288873,False,,,,,,cifar10,10,FixMatch,logits,10,0.9613000154495239,0.9613000154495239,0.9465000033378601,0.9399999976158142,splits_cifar10_FixMatch_10_0_a9f9637e0b08.npz,a9f9637e0b08,False,False,,,,,,
iw_overlap_critic,5.0,0,10000,2000,2500,500,0.9564,0.0,1.0,3.306164503097534,0.5,0.5,0.49949997663497925,0.24974799156188965,,,,,0.042885396671112685,0.0,2500.0,0.0,500.0,0.0,ok,plugin,False,,2485.7275068866275,2489.79901580563,1.2583013417514382,0.9925545566851879,1.0976759290395695,,0.0,0.042885396671112685,0.9571146033288873,0.9571146033288873,False,,,,,,cifar10,10,FixMatch,logits,10,0.9613000154495239,0.9613000154495239,0.9465000033378601,0.9399999976158142,splits_cifar10_FixMatch_10_0_a9f9637e0b08.npz,a9f9637e0b08,False,False,,,,,,
iw_residual_dis2,5.0,0,10000,2000,2500,500,0.9564,0.0,1.0,3.306164503097534,0.5,0.5,0.49949997663497925,0.24974799156188965,,,,,0.042885396671112685,0.0,2500.0,0.0,500.0,0.0,ok,plugin,False,,2485.7275068866275,2489.79901580563,1.2583013417514382,0.9925545566851879,1.0976759290395695,,0.0,0.042885396671112685,0.9571146033288873,0.9571146033288873,False,,,,,,cifar10,10,FixMatch,logits,10,0.9613000154495239,0.9613000154495239,0.9465000033378601,0.9399999976158142,splits_cifar10_FixMatch_10_0_a9f9637e0b08.npz,a9f9637e0b08,False,False,,,,,,
dis2_reference,,0,10000,2000,2500,500,0.9563999995589256,,,,,,,,,,,,,,,,,,ok,dis2_with_correction,True,0.09104562776310877,,,,,,,,0.07200000044107446,0.9279999995589255,0.8369543717958168,,48.0,20.0,0.07333332300186157,0.7633333206176758,0.8366666436195374,cifar10,10,FixMatch,logits,10,0.9613000154495239,0.9613000154495239,0.9465000033378601,0.9399999976158142,splits_cifar10_FixMatch_10_0_a9f9637e0b08.npz,a9f9637e0b08,True,True,,,,0.01,0.16304562820418322,0.028400000000000092
iw_overlap_critic,1.0,0,10000,2000,2500,500,0.958,0.0,1.0,54.598148345947266,0.5,0.5,0.4934999942779541,0.2500191330909729,1612.0,295.0,796.0,148.0,0.03071996271003258,0.466,1370.0,1130.0,267.0,233.0,ok,plugin,False,,1365.1425646618698,1369.9869170039578,0.9999950927990848,0.9972756319501095,0.9997441627958306,0.8884120171673819,0.414,0.44471996271003256,0.5552800372899674,0.5552800372899674,False,49.0,0.0,0.6875043511390686,0.19763076305389404,0.8851351141929626,cifar10,71,FixMatch,logits,10,0.9611999988555908,0.9611999988555908,0.9520000219345093,0.9459999799728394,splits_cifar10_FixMatch_71_0_a9f9637e0b08.npz,a9f9637e0b08,True,True,,,,,,
iw_residual_dis2,1.0,0,10000,2000,2500,500,0.958,0.0,1.0,54.598148345947266,0.5,0.5,0.4934999942779541,0.2500191330909729,1388.0,295.0,704.0,148.0,0.03071996271003258,0.466,1370.0,1130.0,267.0,233.0,ok,plugin,False,,1365.1425646618698,1369.9869170039578,0.9999950927990848,0.9972756319501095,0.9997441627958306,0.48497854077253216,0.016506194690265492,0.04722615740029808,0.9527738425997019,0.9527738425997019,False,47.0,28.0,0.1453854739665985,0.45596590638160706,0.6013513803482056,cifar10,71,FixMatch,logits,10,0.9611999988555908,0.9611999988555908,0.9520000219345093,0.9459999799728394,splits_cifar10_FixMatch_71_0_a9f9637e0b08.npz,a9f9637e0b08,False,False,0.024778761061946902,0.4743362831858407,0.010642257586691461,,,
iw_overlap_critic,2.0,0,10000,2000,2500,500,0.958,0.0,1.0,54.598148345947266,0.5,0.5,0.4934999942779541,0.2500191330909729,,,,,0.041939385360245024,0.0,2500.0,0.0,500.0,0.0,ok,plugin,False,,2498.776434996187,2499.9528312831567,1.0136558076709254,0.9994946968171403,1.0060587963222445,,0.0,0.041939385360245024,0.958060614639755,0.958060614639755,False,,,,,,cifar10,71,FixMatch,logits,10,0.9611999988555908,0.9611999988555908,0.9520000219345093,0.9459999799728394,splits_cifar10_FixMatch_71_0_a9f9637e0b08.npz,a9f9637e0b08,False,False,,,,,,
iw_residual_dis2,2.0,0,10000,2000,2500,500,0.958,0.0,1.0,54.598148345947266,0.5,0.5,0.4934999942779541,0.2500191330909729,,,,,0.041939385360245024,0.0,2500.0,0.0,500.0,0.0,ok,plugin,False,,2498.776434996187,2499.9528312831567,1.0136558076709254,0.9994946968171403,1.0060587963222445,,0.0,0.041939385360245024,0.958060614639755,0.958060614639755,False,,,,,,cifar10,71,FixMatch,logits,10,0.9611999988555908,0.9611999988555908,0.9520000219345093,0.9459999799728394,splits_cifar10_FixMatch_71_0_a9f9637e0b08.npz,a9f9637e0b08,False,False,,,,,,
iw_overlap_critic,5.0,0,10000,2000,2500,500,0.958,0.0,1.0,54.598148345947266,0.5,0.5,0.4934999942779541,0.2500191330909729,,,,,0.041939385360245024,0.0,2500.0,0.0,500.0,0.0,ok,plugin,False,,2498.776434996187,2499.9528312831567,1.0136558076709254,0.9994946968171403,1.0060587963222445,,0.0,0.041939385360245024,0.958060614639755,0.958060614639755,False,,,,,,cifar10,71,FixMatch,logits,10,0.9611999988555908,0.9611999988555908,0.9520000219345093,0.9459999799728394,splits_cifar10_FixMatch_71_0_a9f9637e0b08.npz,a9f9637e0b08,False,False,,,,,,
iw_residual_dis2,5.0,0,10000,2000,2500,500,0.958,0.0,1.0,54.598148345947266,0.5,0.5,0.4934999942779541,0.2500191330909729,,,,,0.041939385360245024,0.0,2500.0,0.0,500.0,0.0,ok,plugin,False,,2498.776434996187,2499.9528312831567,1.0136558076709254,0.9994946968171403,1.0060587963222445,,0.0,0.041939385360245024,0.958060614639755,0.958060614639755,False,,,,,,cifar10,71,FixMatch,logits,10,0.9611999988555908,0.9611999988555908,0.9520000219345093,0.9459999799728394,splits_cifar10_FixMatch_71_0_a9f9637e0b08.npz,a9f9637e0b08,False,False,,,,,,
dis2_reference,,0,10000,2000,2500,500,0.9580000005662441,,,,,,,,,,,,,,,,,,ok,dis2_with_correction,True,0.09104562776310877,,,,,,,,0.022399999433755813,0.9776000005662442,0.8865543728031354,,49.0,12.0,0.07066667079925537,0.7360000014305115,0.8066666722297668,cifar10,71,FixMatch,logits,10,0.9611999988555908,0.9611999988555908,0.9520000219345093,0.9459999799728394,splits_cifar10_FixMatch_71_0_a9f9637e0b08.npz,a9f9637e0b08,True,True,,,,0.01,0.11344562719686459,-0.019600000000000062
iw_overlap_critic,1.0,0,10000,2000,2500,500,0.9612,0.0,1.0,54.598148345947266,0.5,0.5,0.4585000276565552,0.2500231862068176,1569.0,291.0,760.0,143.0,0.02235556739496013,0.462,1311.0,1189.0,269.0,231.0,ok,plugin,False,,1307.312776593782,1310.9936645294276,0.9999980291473705,0.9978580297686981,0.999762313971396,0.8831168831168831,0.408,0.4303555673949601,0.5696444326050398,0.5696444326050398,False,49.0,17.0,0.6750338077545166,0.22007109224796295,0.8951048851013184,cifar10,95,FixMatch,logits,10,0.9641000032424927,0.9641000032424927,0.9614999890327454,0.9700000286102295,splits_cifar10_FixMatch_95_0_a9f9637e0b08.npz,a9f9637e0b08,True,True,,,,,,
iw_residual_dis2,1.0,0,10000,2000,2500,500,0.9612,0.0,1.0,54.598148345947266,0.5,0.5,0.4585000276565552,0.2500231862068176,1431.0,291.0,740.0,143.0,0.02235556739496013,0.462,1311.0,1189.0,269.0,231.0,ok,plugin,False,,1307.312776593782,1310.9936645294276,0.9999980291473705,0.9978580297686981,0.999762313971396,0.7965367965367965,0.06492178301093353,0.08727735040589366,0.9127226495941063,0.9127226495941063,False,44.0,4.0,0.13145911693572998,0.679729700088501,0.811188817024231,cifar10,95,FixMatch,logits,10,0.9641000032424927,0.9641000032424927,0.9614999890327454,0.9700000286102295,splits_cifar10_FixMatch_95_0_a9f9637e0b08.npz,a9f9637e0b08,True,True,0.034482758620689655,0.6904962153069807,0.10604058122981586,,,
iw_overlap_critic,2.0,0,10000,2000,2500,500,0.9612,0.0,1.0,54.598148345947266,0.5,0.5,0.4585000276565552,0.2500231862068176,,,,,0.03877801604120837,0.0,2500.0,0.0,500.0,0.0,ok,plugin,False,,2499.2722478711007,2499.9706911359017,1.0108919971287278,0.9997694351677646,1.005385754274639,,0.0,0.03877801604120837,0.9612219839587917,0.9612219839587917,False,,,,,,cifar10,95,FixMatch,logits,10,0.9641000032424927,0.9641000032424927,0.9614999890327454,0.9700000286102295,splits_cifar10_FixMatch_95_0_a9f9637e0b08.npz,a9f9637e0b08,True,True,,,,,,
iw_residual_dis2,2.0,0,10000,2000,2500,500,0.9612,0.0,1.0,54.598148345947266,0.5,0.5,0.4585000276565552,0.2500231862068176,,,,,0.03877801604120837,0.0,2500.0,0.0,500.0,0.0,ok,plugin,False,,2499.2722478711007,2499.9706911359017,1.0108919971287278,0.9997694351677646,1.005385754274639,,0.0,0.03877801604120837,0.9612219839587917,0.9612219839587917,False,,,,,,cifar10,95,FixMatch,logits,10,0.9641000032424927,0.9641000032424927,0.9614999890327454,0.9700000286102295,splits_cifar10_FixMatch_95_0_a9f9637e0b08.npz,a9f9637e0b08,True,True,,,,,,
iw_overlap_critic,5.0,0,10000,2000,2500,500,0.9612,0.0,1.0,54.598148345947266,0.5,0.5,0.4585000276565552,0.2500231862068176,,,,,0.03877801604120837,0.0,2500.0,0.0,500.0,0.0,ok,plugin,False,,2499.2722478711007,2499.9706911359017,1.0108919971287278,0.9997694351677646,1.005385754274639,,0.0,0.03877801604120837,0.9612219839587917,0.9612219839587917,False,,,,,,cifar10,95,FixMatch,logits,10,0.9641000032424927,0.9641000032424927,0.9614999890327454,0.9700000286102295,splits_cifar10_FixMatch_95_0_a9f9637e0b08.npz,a9f9637e0b08,True,True,,,,,,
iw_residual_dis2,5.0,0,10000,2000,2500,500,0.9612,0.0,1.0,54.598148345947266,0.5,0.5,0.4585000276565552,0.2500231862068176,,,,,0.03877801604120837,0.0,2500.0,0.0,500.0,0.0,ok,plugin,False,,2499.2722478711007,2499.9706911359017,1.0108919971287278,0.9997694351677646,1.005385754274639,,0.0,0.03877801604120837,0.9612219839587917,0.9612219839587917,False,,,,,,cifar10,95,FixMatch,logits,10,0.9641000032424927,0.9641000032424927,0.9614999890327454,0.9700000286102295,splits_cifar10_FixMatch_95_0_a9f9637e0b08.npz,a9f9637e0b08,True,True,,,,,,
dis2_reference,,0,10000,2000,2500,500,0.9611999988555908,,,,,,,,,,,,,,,,,,ok,dis2_with_correction,True,0.09104562776310877,,,,,,,,0.0356000011444092,0.9643999988555908,0.873354371092482,,18.0,3.0,0.05133336782455444,0.8019999861717224,0.8533333539962769,cifar10,95,FixMatch,logits,10,0.9641000032424927,0.9641000032424927,0.9614999890327454,0.9700000286102295,splits_cifar10_FixMatch_95_0_a9f9637e0b08.npz,a9f9637e0b08,True,True,,,,0.01,0.12664562890751796,-0.0031999999999999806
iw_overlap_critic,1.0,0,10000,2000,2500,500,0.7988,0.0,1.0,1.0984607934951782,0.5,0.5,0.7540000081062317,0.17166423797607422,2276.0,429.0,1109.0,212.0,0.05652372844924289,0.72,1913.0,587.0,140.0,360.0,ok,plugin,False,,661.6566844872908,1251.3250014222303,0.9992915355113565,0.2854210737662161,0.8538124885555339,0.7361111111111112,0.53,0.5865237284492429,0.41347627155075706,0.41347627155075706,False,46.0,27.0,0.24366307258605957,0.5535067319869995,0.7971698045730591,cifar100,4,ERM-aug-imagenet,logits,100,0.8080999851226807,0.8080999851226807,0.7164999842643738,0.7279999852180481,splits_cifar100_ERM-aug-imagenet_4_0_a9f9637e0b08.npz,a9f9637e0b08,True,True,,,,,,
iw_residual_dis2,1.0,0,10000,2000,2500,500,0.7988,0.0,1.0,1.0984607934951782,0.5,0.5,0.7540000081062317,0.17166423797607422,724.0,429.0,391.0,212.0,0.05652372844924289,0.72,1913.0,587.0,140.0,360.0,ok,plugin,False,,661.6566844872908,1251.3250014222303,0.9992915355113565,0.2854210737662161,0.8538124885555339,0.7861111111111111,0.2740749574105621,0.330598685859805,0.669401314140195,0.669401314140195,False,18.0,27.0,0.232688307762146,0.616368293762207,0.849056601524353,cifar100,4,ERM-aug-imagenet,logits,100,0.8080999851226807,0.8080999851226807,0.7164999842643738,0.7279999852180481,splits_cifar100_ERM-aug-imagenet_4_0_a9f9637e0b08.npz,a9f9637e0b08,True,True,0.20272572402044292,0.6081771720613288,0.17793393904978227,,,
iw_overlap_critic,2.0,0,10000,2000,2500,500,0.7988,0.0,1.0,1.0984607934951782,0.5,0.5,0.7540000081062317,0.17166423797607422,2658.0,289.0,1310.0,153.0,0.09188666267295559,0.504,2219.0,281.0,248.0,252.0,ok,plugin,False,,1088.0783014158753,1222.0946283485264,1.9973680300222834,0.3392311796985453,1.490263887644776,0.7222222222222222,0.364,0.4558866626729556,0.5441133373270444,0.5441133373270444,False,38.0,1.0,0.2598881721496582,0.5309615135192871,0.7908496856689453,cifar100,4,ERM-aug-imagenet,logits,100,0.8080999851226807,0.8080999851226807,0.7164999842643738,0.7279999852180481,splits_cifar100_ERM-aug-imagenet_4_0_a9f9637e0b08.npz,a9f9637e0b08,True,True,,,,,,
iw_residual_dis2,2.0,0,10000,2000,2500,500,0.7988,0.0,1.0,1.0984607934951782,0.5,0.5,0.7540000081062317,0.17166423797607422,342.0,289.0,190.0,153.0,0.09188666267295559,0.504,2219.0,281.0,248.0,252.0,ok,plugin,False,,1088.0783014158753,1222.0946283485264,1.9973680300222834,0.3392311796985453,1.490263887644776,0.7936507936507936,0.22602135231316725,0.31790801498612287,0.6820919850138771,0.6820919850138771,False,43.0,12.0,0.31826627254486084,0.5052631497383118,0.8235294222831726,cifar100,4,ERM-aug-imagenet,logits,100,0.8080999851226807,0.8080999851226807,0.7164999842643738,0.7279999852180481,splits_cifar100_ERM-aug-imagenet_4_0_a9f9637e0b08.npz,a9f9637e0b08,True,True,0.199288256227758,0.5444839857651246,0.24916680788566903,,,
iw_overlap_critic,5.0,0,10000,2000,2500,500,0.7988,0.0,1.0,1.0984607934951782,0.5,0.5,0.7540000081062317,0.17166423797607422,2905.0,158.0,1447.0,67.0,0.14114170247449387,0.274,2420.0,80.0,363.0,137.0,ok,plugin,False,,1688.7419950555634,983.6284467948793,4.984832207468702,0.38160076624187844,2.55094183088157,0.7445255474452555,0.20400000000000001,0.3451417024744939,0.6548582975255062,0.6548582975255062,False,37.0,16.0,0.2114695906639099,0.4900229573249817,0.7014925479888916,cifar100,4,ERM-aug-imagenet,logits,100,0.8080999851226807,0.8080999851226807,0.7164999842643738,0.7279999852180481,splits_cifar100_ERM-aug-imagenet_4_0_a9f9637e0b08.npz,a9f9637e0b08,True,True,,,,,,
iw_residual_dis2,5.0,0,10000,2000,2500,500,0.7988,0.0,1.0,1.0984607934951782,0.5,0.5,0.7540000081062317,0.17166423797607422,95.0,158.0,53.0,67.0,0.14114170247449387,0.274,2420.0,80.0,363.0,137.0,ok,plugin,False,,1688.7419950555634,983.6284467948793,4.984832207468702,0.38160076624187844,2.55094183088157,0.8467153284671532,0.10869999999999998,0.24984170247449383,0.7501582975255061,0.7501582975255061,False,34.0,27.0,0.5181639194488525,0.37735849618911743,0.89552241563797,cifar100,4,ERM-aug-imagenet,logits,100,0.8080999851226807,0.8080999851226807,0.7164999842643738,0.7279999852180481,splits_cifar100_ERM-aug-imagenet_4_0_a9f9637e0b08.npz,a9f9637e0b08,False,False,0.175,0.625,0.22171532846715325,,,
dis2_reference,,0,10000,2000,2500,500,0.7988000065088272,,,,,,,,,,,,,,,,,,ok,dis2_with_correction,True,0.09104562776310877,,,,,,,,0.27719999349117275,0.7228000065088273,0.6317543787457185,,32.0,7.0,0.10799998044967651,0.6320000290870667,0.7400000095367432,cifar100,4,ERM-aug-imagenet,logits,100,0.8080999851226807,0.8080999851226807,0.7164999842643738,0.7279999852180481,splits_cifar100_ERM-aug-imagenet_4_0_a9f9637e0b08.npz,a9f9637e0b08,True,True,,,,0.01,0.3682456212542815,0.07599999999999996
iw_overlap_critic,1.0,0,10000,2000,2500,500,0.7988,0.0,1.0,1.1417793035507202,0.5,0.5,0.6995000243186951,0.19358064234256744,2203.0,397.0,1097.0,199.0,0.06009666240459972,0.644,1833.0,667.0,178.0,322.0,ok,plugin,False,,756.6465342177728,1336.8719637504737,0.9976519941940293,0.37412271075221765,0.8965218238827148,0.7453416149068323,0.48,0.5400966624045997,0.45990333759540025,0.45990333759540025,False,31.0,5.0,0.2174297571182251,0.5916154980659485,0.8090452551841736,cifar100,12,ERM-aug-imagenet,logits,100,0.8080999851226807,0.8080999851226807,0.7390000224113464,0.7480000257492065,splits_cifar100_ERM-aug-imagenet_12_0_a9f9637e0b08.npz,a9f9637e0b08,True,True,,,,,,
iw_residual_dis2,1.0,0,10000,2000,2500,500,0.7988,0.0,1.0,1.1417793035507202,0.5,0.5,0.6995000243186951,0.19358064234256744,797.0,397.0,403.0,199.0,0.06009666240459972,0.644,1833.0,667.0,178.0,322.0,ok,plugin,False,,756.6465342177728,1336.8719637504737,0.9976519941940293,0.37412271075221765,0.8965218238827148,0.7608695652173914,0.24572413793103454,0.30582080033563425,0.6941791996643658,0.6941791996643658,False,20.0,13.0,0.2334875464439392,0.5856079459190369,0.8190954923629761,cifar100,12,ERM-aug-imagenet,logits,100,0.8080999851226807,0.8080999851226807,0.7390000224113464,0.7480000257492065,splits_cifar100_ERM-aug-imagenet_12_0_a9f9637e0b08.npz,a9f9637e0b08,True,True,0.2128935532233883,0.5922038980509745,0.16866566716641684,,,
iw_overlap_critic,2.0,0,10000,2000,2500,500,0.7988,0.0,1.0,1.1417793035507202,0.5,0.5,0.6995000243186951,0.19358064234256744,2676.0,252.0,1344.0,140.0,0.11450658430681743,0.398,2236.0,264.0,301.0,199.0,ok,plugin,False,,1311.065886954425,1407.785690466002,1.9952390107381213,0.45545028602773985,1.5616948893903804,0.678391959798995,0.27,0.38450658430681744,0.6154934156931826,0.6154934156931826,False,38.0,13.0,0.2205214500427246,0.5366213917732239,0.7571428418159485,cifar100,12,ERM-aug-imagenet,logits,100,0.8080999851226807,0.8080999851226807,0.7390000224113464,0.7480000257492065,splits_cifar100_ERM-aug-imagenet_12_0_a9f9637e0b08.npz,a9f9637e0b08,True,True,,,,,,
iw_residual_dis2,2.0,0,10000,2000,2500,500,0.7988,0.0,1.0,1.1417793035507202,0.5,0.5,0.6995000243186951,0.19358064234256744,324.0,252.0,156.0,140.0,0.11450658430681743,0.398,2236.0,264.0,301.0,199.0,ok,plugin,False,,1311.065886954425,1407.785690466002,1.9952390107381213,0.45545028602773985,1.5616948893903804,0.7989949748743719,0.14312121212121212,0.2576277964280296,0.7423722035719704,0.7423722035719704,False,36.0,21.0,0.31300365924835205,0.5512820482254028,0.8642857074737549,cifar100,12,ERM-aug-imagenet,logits,100,0.8080999851226807,0.8080999851226807,0.7390000224113464,0.7480000257492065,splits_cifar100_ERM-aug-imagenet_12_0_a9f9637e0b08.npz,a9f9637e0b08,False,True,0.17045454545454544,0.6098484848484849,0.18914649002588702,,,
iw_overlap_critic,5.0,0,10000,2000,2500,500,0.7988,0.0,1.0,1.1417793035507202,0.5,0.5,0.6995000243186951,0.19358064234256744,2932.0,81.0,1465.0,55.0,0.16286537811714827,0.126,2450.0,50.0,437.0,63.0,ok,plugin,False,,1933.5466847357325,1184.0222106588965,4.966625478658157,0.5094375208931392,2.5623267171414748,0.6349206349206349,0.08,0.24286537811714826,0.7571346218828517,0.7571346218828517,False,24.0,28.0,0.35464656352996826,0.5544443726539612,0.9090909361839294,cifar100,12,ERM-aug-imagenet,logits,100,0.8080999851226807,0.8080999851226807,0.7390000224113464,0.7480000257492065,splits_cifar100_ERM-aug-imagenet_12_0_a9f9637e0b08.npz,a9f9637e0b08,False,False,,,,,,
iw_residual_dis2,5.0,0,10000,2000,2500,500,0.7988,0.0,1.0,1.1417793035507202,0.5,0.5,0.6995000243186951,0.19358064234256744,68.0,81.0,35.0,55.0,0.16286537811714827,0.126,2450.0,50.0,437.0,63.0,ok,plugin,False,,1933.5466847357325,1184.0222106588965,4.966625478658157,0.5094375208931392,2.5623267171414748,0.9206349206349206,0.042919999999999986,0.20578537811714825,0.7942146218828517,0.7942146218828517,False,8.0,24.0,0.4337662160396576,0.4571428596973419,0.8909090757369995,cifar100,12,ERM-aug-imagenet,logits,100,0.8080999851226807,0.8080999851226807,0.7390000224113464,0.7480000257492065,splits_cifar100_ERM-aug-imagenet_12_0_a9f9637e0b08.npz,a9f9637e0b08,False,False,0.08,0.66,0.26063492063492055,,,
dis2_reference,,0,10000,2000,2500,500,0.7988000065088272,,,,,,,,,,,,,,,,,,ok,dis2_with_correction,True,0.09104562776310877,,,,,,,,0.28519999349117275,0.7148000065088272,0.6237543787457185,,29.0,29.0,0.11666667461395264,0.6666666865348816,0.7833333611488342,cifar100,12,ERM-aug-imagenet,logits,100,0.8080999851226807,0.8080999851226807,0.7390000224113464,0.7480000257492065,splits_cifar100_ERM-aug-imagenet_12_0_a9f9637e0b08.npz,a9f9637e0b08,True,True,,,,0.01,0.3762456212542815,0.08399999999999996
iw_overlap_critic,1.0,0,10000,2000,2500,500,0.7988,0.0,1.0,1.491578221321106,0.5,0.5,0.590499997138977,0.23051904141902924,1864.0,339.0,950.0,159.0,0.08232500798970886,0.502,1663.0,837.0,249.0,251.0,ok,plugin,False,,1028.2003479852488,1482.1531067765982,0.9993857116772806,0.6290890671972857,0.9549604433265071,0.7649402390438247,0.384,0.4663250079897089,0.5336749920102911,0.5336749920102911,False,34.0,10.0,0.23218661546707153,0.5665555000305176,0.7987421154975891,cifar100,59,ERM-aug-imagenet,logits,100,0.8080999851226807,0.8080999851226807,0.7894999980926514,0.7860000133514404,splits_cifar100_ERM-aug-imagenet_59_0_a9f9637e0b08.npz,a9f9637e0b08,True,True,,,,,,
iw_residual_dis2,1.0,0,10000,2000,2500,500,0.7988,0.0,1.0,1.491578221321106,0.5,0.5,0.590499997138977,0.23051904141902924,1136.0,339.0,550.0,159.0,0.08232500798970886,0.502,1663.0,837.0,249.0,251.0,ok,plugin,False,,1028.2003479852488,1482.1531067765982,0.9993857116772806,0.6290890671972857,0.9549604433265071,0.6374501992031872,0.11908004778972522,0.20140505577943407,0.798594944220566,0.798594944220566,False,45.0,15.0,0.11546027660369873,0.5763636231422424,0.6918238997459412,cifar100,59,ERM-aug-imagenet,logits,100,0.8080999851226807,0.8080999851226807,0.7894999980926514,0.7860000133514404,splits_cifar100_ERM-aug-imagenet_59_0_a9f9637e0b08.npz,a9f9637e0b08,False,False,0.2031063321385902,0.6033452807646356,0.03410491843855168,,,
iw_overlap_critic,2.0,0,10000,2000,2500,500,0.7988,0.0,1.0,1.491578221321106,0.5,0.5,0.590499997138977,0.23051904141902924,2825.0,81.0,1423.0,31.0,0.16001128565898604,0.12,2364.0,136.0,440.0,60.0,ok,plugin,False,,1986.0115707573584,1904.183296831693,1.9983793346883842,0.7655379094479269,1.6664686109846933,0.7,0.08399999999999999,0.24401128565898603,0.755988714341014,0.755988714341014,False,36.0,20.0,0.4601031243801117,0.44312265515327454,0.9032257795333862,cifar100,59,ERM-aug-imagenet,logits,100,0.8080999851226807,0.8080999851226807,0.7894999980926514,0.7860000133514404,splits_cifar100_ERM-aug-imagenet_59_0_a9f9637e0b08.npz,a9f9637e0b08,True,True,,,,,,
iw_residual_dis2,2.0,0,10000,2000,2500,500,0.7988,0.0,1.0,1.491578221321106,0.5,0.5,0.590499997138977,0.23051904141902924,175.0,81.0,77.0,31.0,0.16001128565898604,0.12,2364.0,136.0,440.0,60.0,ok,plugin,False,,1986.0115707573584,1904.183296831693,1.9983793346883842,0.7655379094479269,1.6664686109846933,0.6333333333333333,0.02747058823529411,0.18748187389428014,0.8125181261057198,0.8125181261057198,False,30.0,15.0,0.31964805722236633,0.4545454680919647,0.774193525314331,cifar100,59,ERM-aug-imagenet,logits,100,0.8080999851226807,0.8080999851226807,0.7894999980926514,0.7860000133514404,splits_cifar100_ERM-aug-imagenet_59_0_a9f9637e0b08.npz,a9f9637e0b08,False,False,0.22058823529411764,0.625,0.008333333333333304,,,
iw_overlap_critic,5.0,0,10000,2000,2500,500,0.7988,0.0,1.0,1.491578221321106,0.5,0.5,0.590499997138977,0.23051904141902924,3000.0,0.0,1500.0,0.0,0.1908565634901345,0.006,2499.0,1.0,497.0,3.0,unsupported_critic_region,plugin,False,,2335.1711226754005,1807.700518407327,4.698559218658764,0.7913694061909445,2.040891241711862,,,,,,,,,,,,cifar100,59,ERM-aug-imagenet,logits,100,0.8080999851226807,0.8080999851226807,0.7894999980926514,0.7860000133514404,splits_cifar100_ERM-aug-imagenet_59_0_a9f9637e0b08.npz,a9f9637e0b08,,,,,,,,
iw_residual_dis2,5.0,0,10000,2000,2500,500,0.7988,0.0,1.0,1.491578221321106,0.5,0.5,0.590499997138977,0.23051904141902924,0.0,0.0,0.0,0.0,0.1908565634901345,0.006,2499.0,1.0,497.0,3.0,unsupported_critic_region,plugin,False,,2335.1711226754005,1807.700518407327,4.698559218658764,0.7913694061909445,2.040891241711862,,,,,,,,,,,,cifar100,59,ERM-aug-imagenet,logits,100,0.8080999851226807,0.8080999851226807,0.7894999980926514,0.7860000133514404,splits_cifar100_ERM-aug-imagenet_59_0_a9f9637e0b08.npz,a9f9637e0b08,,,,,,,,
dis2_reference,,0,10000,2000,2500,500,0.7988000065088272,,,,,,,,,,,,,,,,,,ok,dis2_with_correction,True,0.09104562776310877,,,,,,,,0.1475999934911728,0.8524000065088272,0.7613543787457184,,11.0,18.0,0.05466663837432861,0.8353333473205566,0.8899999856948853,cifar100,59,ERM-aug-imagenet,logits,100,0.8080999851226807,0.8080999851226807,0.7894999980926514,0.7860000133514404,splits_cifar100_ERM-aug-imagenet_59_0_a9f9637e0b08.npz,a9f9637e0b08,True,True,,,,0.01,0.23864562125428157,-0.05359999999999998
iw_overlap_critic,1.0,0,10000,2000,2500,500,0.7988,0.0,1.0,1.5732896327972412,0.5,0.5,0.6269999742507935,0.22353723645210266,1949.0,389.0,1008.0,200.0,0.07231250933379847,0.576,1670.0,830.0,212.0,288.0,ok,plugin,False,,961.3894163555484,1448.1984726557062,0.9997410492097495,0.5738637836854508,0.9385521481569764,0.75,0.43199999999999994,0.5043125093337985,0.49568749066620155,0.49568749066620155,False,45.0,21.0,0.31428951025009155,0.5157104730606079,0.8299999833106995,cifar100,82,ERM-aug-imagenet,logits,100,0.8080999851226807,0.8080999851226807,0.7825000286102295,0.7760000228881836,splits_cifar100_ERM-aug-imagenet_82_0_a9f9637e0b08.npz,a9f9637e0b08,True,True,,,,,,
iw_residual_dis2,1.0,0,10000,2000,2500,500,0.7988,0.0,1.0,1.5732896327972412,0.5,0.5,0.6269999742507935,0.22353723645210266,1051.0,389.0,492.0,200.0,0.07231250933379847,0.576,1670.0,830.0,212.0,288.0,ok,plugin,False,,961.3894163555484,1448.1984726557062,0.9997410492097495,0.5738637836854508,0.9385521481569764,0.7465277777777778,0.19682409638554213,0.2691366057193406,0.7308633942806594,0.7308633942806594,False,24.0,15.0,0.14150410890579224,0.5934959053993225,0.7350000143051147,cifar100,82,ERM-aug-imagenet,logits,100,0.8080999851226807,0.8080999851226807,0.7825000286102295,0.7760000228881836,splits_cifar100_ERM-aug-imagenet_82_0_a9f9637e0b08.npz,a9f9637e0b08,True,True,0.2289156626506024,0.6337349397590362,0.11279283801874163,,,
iw_overlap_critic,2.0,0,10000,2000,2500,500,0.7988,0.0,1.0,1.5732896327972412,0.5,0.5,0.6269999742507935,0.22353723645210266,2794.0,143.0,1407.0,79.0,0.1588170182611257,0.234,2334.0,166.0,383.0,117.0,ok,plugin,False,,1862.9942530587393,1817.8572206166111,1.996272758007068,0.7199200499634254,1.6553674383904355,0.7008547008547008,0.164,0.32281701826112574,0.6771829817388743,0.6771829817388743,False,48.0,10.0,0.23153528571128845,0.4899837076663971,0.7215189933776855,cifar100,82,ERM-aug-imagenet,logits,100,0.8080999851226807,0.8080999851226807,0.7825000286102295,0.7760000228881836,splits_cifar100_ERM-aug-imagenet_82_0_a9f9637e0b08.npz,a9f9637e0b08,True,True,,,,,,
iw_residual_dis2,2.0,0,10000,2000,2500,500,0.7988,0.0,1.0,1.5732896327972412,0.5,0.5,0.6269999742507935,0.22353723645210266,206.0,143.0,93.0,79.0,0.1588170182611257,0.234,2334.0,166.0,383.0,117.0,ok,plugin,False,,1862.9942530587393,1817.8572206166111,1.996272758007068,0.7199200499634254,1.6553674383904355,0.8290598290598291,0.09673493975903615,0.25555195802016184,0.7444480419798382,0.7444480419798382,False,35.0,2.0,0.31550294160842896,0.49462366104125977,0.8101266026496887,cifar100,82,ERM-aug-imagenet,logits,100,0.8080999851226807,0.8080999851226807,0.7825000286102295,0.7760000228881836,splits_cifar100_ERM-aug-imagenet_82_0_a9f9637e0b08.npz,a9f9637e0b08,True,True,0.19879518072289157,0.6144578313253012,0.21460199773452793,,,
iw_overlap_critic,5.0,0,10000,2000,2500,500,0.7988,0.0,1.0,1.5732896327972412,0.5,0.5,0.6269999742507935,0.22353723645210266,2998.0,14.0,1497.0,4.0,0.19308053359213406,0.02,2496.0,4.0,490.0,10.0,ok,plugin,False,,2293.8183615857315,1685.9361464053252,4.911812135664581,0.7552923782688351,2.14283201710355,0.6,0.012,0.20508053359213407,0.7949194664078659,0.7949194664078659,False,35.0,18.0,0.6335359811782837,0.3664639890193939,1.0,cifar100,82,ERM-aug-imagenet,logits,100,0.8080999851226807,0.8080999851226807,0.7825000286102295,0.7760000228881836,splits_cifar100_ERM-aug-imagenet_82_0_a9f9637e0b08.npz,a9f9637e0b08,False,False,,,,,,
iw_residual_dis2,5.0,0,10000,2000,2500,500,0.7988,0.0,1.0,1.5732896327972412,0.5,0.5,0.6269999742507935,0.22353723645210266,2.0,14.0,3.0,4.0,0.19308053359213406,0.02,2496.0,4.0,490.0,10.0,ok,plugin,False,,2293.8183615857315,1685.9361464053252,4.911812135664581,0.7552923782688351,2.14283201710355,1.0,0.0,0.19308053359213406,0.8069194664078659,0.8069194664078659,False,0.0,12.0,0.3333333134651184,0.6666666865348816,1.0,cifar100,82,ERM-aug-imagenet,logits,100,0.8080999851226807,0.8080999851226807,0.7825000286102295,0.7760000228881836,splits_cifar100_ERM-aug-imagenet_82_0_a9f9637e0b08.npz,a9f9637e0b08,False,False,0.0,1.0,0.0,,,
dis2_reference,,0,10000,2000,2500,500,0.7988000065088272,,,,,,,,,,,,,,,,,,ok,dis2_with_correction,True,0.09104562776310877,,,,,,,,0.21399999349117282,0.7860000065088272,0.6949543787457184,,12.0,10.0,0.06000000238418579,0.7766666412353516,0.8366666436195374,cifar100,82,ERM-aug-imagenet,logits,100,0.8080999851226807,0.8080999851226807,0.7825000286102295,0.7760000228881836,splits_cifar100_ERM-aug-imagenet_82_0_a9f9637e0b08.npz,a9f9637e0b08,True,True,,,,0.01,0.3050456212542816,0.012800000000000034
iw_overlap_critic,1.0,0,10000,2000,2500,500,0.6852,0.0,1.0,1.0954396724700928,0.5,0.5,0.7450000047683716,0.18101856112480164,2214.0,422.0,1093.0,215.0,0.09662497662780291,0.722,1884.0,616.0,139.0,361.0,ok,plugin,False,,729.511430708337,1332.9269692753107,0.9977243244360255,0.3343698381751696,0.8830305038010627,0.8227146814404432,0.594,0.6906249766278029,0.30937502337219713,0.30937502337219713,False,45.0,16.0,0.14604485034942627,0.6725597977638245,0.8186046481132507,cifar100,4,BN_adapt,logits,100,0.6995999813079834,0.6995999813079834,0.734499990940094,0.7440000176429749,splits_cifar100_BN_adapt_4_0_a9f9637e0b08.npz,a9f9637e0b08,True,True,,,,,,
iw_residual_dis2,1.0,0,10000,2000,2500,500,0.6852,0.0,1.0,1.0954396724700928,0.5,0.5,0.7450000047683716,0.18101856112480164,786.0,422.0,407.0,215.0,0.09662497662780291,0.722,1884.0,616.0,139.0,361.0,ok,plugin,False,,729.511430708337,1332.9269692753107,0.9977243244360255,0.3343698381751696,0.8830305038010627,0.8116343490304709,0.254301948051948,0.3509269246797509,0.6490730753202492,0.6490730753202492,False,15.0,27.0,0.1563568115234375,0.6855036616325378,0.8418604731559753,cifar100,4,BN_adapt,logits,100,0.6995999813079834,0.6995999813079834,0.734499990940094,0.7440000176429749,splits_cifar100_BN_adapt_4_0_a9f9637e0b08.npz,a9f9637e0b08,True,True,0.24675324675324675,0.7061688311688312,0.10546551786163971,,,
iw_overlap_critic,2.0,0,10000,2000,2500,500,0.6852,0.0,1.0,1.0954396724700928,0.5,0.5,0.7450000047683716,0.18101856112480164,2644.0,270.0,1340.0,135.0,0.14699596761276856,0.472,2236.0,264.0,264.0,236.0,ok,plugin,False,,1212.3906515554004,1348.5461295804698,1.992585227075796,0.39796450255131016,1.468537494089311,0.7627118644067796,0.36,0.5069959676127685,0.49300403238723145,0.49300403238723145,False,26.0,27.0,0.1497684121131897,0.7020834684371948,0.8518518805503845,cifar100,4,BN_adapt,logits,100,0.6995999813079834,0.6995999813079834,0.734499990940094,0.7440000176429749,splits_cifar100_BN_adapt_4_0_a9f9637e0b08.npz,a9f9637e0b08,True,True,,,,,,
iw_residual_dis2,2.0,0,10000,2000,2500,500,0.6852,0.0,1.0,1.0954396724700928,0.5,0.5,0.7450000047683716,0.18101856112480164,356.0,270.0,160.0,135.0,0.14699596761276856,0.472,2236.0,264.0,264.0,236.0,ok,plugin,False,,1212.3906515554004,1348.5461295804698,1.992585227075796,0.39796450255131016,1.468537494089311,0.8432203389830508,0.16915151515151514,0.3161474827642837,0.6838525172357163,0.6838525172357163,False,10.0,6.0,0.2099536657333374,0.6937500238418579,0.9037036895751953,cifar100,4,BN_adapt,logits,100,0.6995999813079834,0.6995999813079834,0.734499990940094,0.7440000176429749,splits_cifar100_BN_adapt_4_0_a9f9637e0b08.npz,a9f9637e0b08,True,True,0.23484848484848486,0.7196969696969697,0.1235233692860811,,,
iw_overlap_critic,5.0,0,10000,2000,2500,500,0.6852,0.0,1.0,1.0954396724700928,0.5,0.5,0.7450000047683716,0.18101856112480164,2926.0,117.0,1463.0,55.0,0.2071957121806824,0.226,2440.0,60.0,387.0,113.0,ok,plugin,False,,1817.4841146211659,1100.0992389876105,4.96792462241422,0.449568174541531,2.5689529874306527,0.7433628318584071,0.168,0.3751957121806824,0.6248042878193176,0.6248042878193176,False,33.0,29.0,0.27976691722869873,0.5747785568237305,0.8545454740524292,cifar100,4,BN_adapt,logits,100,0.6995999813079834,0.6995999813079834,0.734499990940094,0.7440000176429749,splits_cifar100_BN_adapt_4_0_a9f9637e0b08.npz,a9f9637e0b08,True,True,,,,,,
iw_residual_dis2,5.0,0,10000,2000,2500,500,0.6852,0.0,1.0,1.0954396724700928,0.5,0.5,0.7450000047683716,0.18101856112480164,74.0,117.0,37.0,55.0,0.2071957121806824,0.226,2440.0,60.0,387.0,113.0,ok,plugin,False,,1817.4841146211659,1100.0992389876105,4.96792462241422,0.449568174541531,2.5689529874306527,0.8672566371681416,0.08299999999999998,0.29019571218068235,0.7098042878193176,0.7098042878193176,False,46.0,29.0,0.31400495767593384,0.5405405163764954,0.8545454740524292,cifar100,4,BN_adapt,logits,100,0.6995999813079834,0.6995999813079834,0.734499990940094,0.7440000176429749,splits_cifar100_BN_adapt_4_0_a9f9637e0b08.npz,a9f9637e0b08,True,True,0.15,0.65,0.2172566371681416,,,
dis2_reference,,0,10000,2000,2500,500,0.6852000057697296,,,,,,,,,,,,,,,,,,ok,dis2_with_correction,True,0.09104562776310877,,,,,,,,0.36359999423027023,0.6364000057697298,0.545354378006621,,17.0,28.0,0.109333336353302,0.7873333096504211,0.8966666460037231,cifar100,4,BN_adapt,logits,100,0.6995999813079834,0.6995999813079834,0.734499990940094,0.7440000176429749,splits_cifar100_BN_adapt_4_0_a9f9637e0b08.npz,a9f9637e0b08,True,True,,,,0.01,0.454645621993379,0.048799999999999955
iw_overlap_critic,1.0,0,10000,2000,2500,500,0.7312000000000001,0.0,1.0,1.0670735836029053,0.5,0.5,0.7274999618530273,0.17754009366035461,2221.0,429.0,1138.0,226.0,0.07413241170916897,0.728,1875.0,625.0,136.0,364.0,ok,plugin,False,,659.7279296963836,1187.4976090003076,0.9998717581512411,0.28077185363431667,0.8664717001385959,0.804945054945055,0.586,0.6601324117091689,0.3398675882908311,0.3398675882908311,False,28.0,4.0,0.18243253231048584,0.6715497970581055,0.8539823293685913,cifar100,12,BN_adapt,logits,100,0.7443000078201294,0.7443000078201294,0.7730000019073486,0.7739999890327454,splits_cifar100_BN_adapt_12_0_a9f9637e0b08.npz,a9f9637e0b08,True,True,,,,,,
iw_residual_dis2,1.0,0,10000,2000,2500,500,0.7312000000000001,0.0,1.0,1.0670735836029053,0.5,0.5,0.7274999618530273,0.17754009366035461,779.0,429.0,362.0,226.0,0.07413241170916897,0.728,1875.0,625.0,136.0,364.0,ok,plugin,False,,659.7279296963836,1187.4976090003076,0.9998717581512411,0.28077185363431667,0.8664717001385959,0.7912087912087912,0.27897599999999995,0.3531084117091689,0.646891588290831,0.646891588290831,False,29.0,21.0,0.20141303539276123,0.5773480534553528,0.778761088848114,cifar100,12,BN_adapt,logits,100,0.7443000078201294,0.7443000078201294,0.7730000019073486,0.7739999890327454,splits_cifar100_BN_adapt_12_0_a9f9637e0b08.npz,a9f9637e0b08,True,True,0.2352,0.6432,0.14800879120879118,,,
iw_overlap_critic,2.0,0,10000,2000,2500,500,0.7312000000000001,0.0,1.0,1.0670735836029053,0.5,0.5,0.7274999618530273,0.17754009366035461,2666.0,312.0,1341.0,161.0,0.129416898329447,0.49,2234.0,266.0,255.0,245.0,ok,plugin,False,,1148.8363697952113,1246.3095309549271,1.997233140079847,0.35929898882466915,1.4723951469374805,0.7428571428571429,0.364,0.493416898329447,0.506583101670553,0.506583101670553,False,47.0,5.0,0.23105472326278687,0.5950322151184082,0.8260869383811951,cifar100,12,BN_adapt,logits,100,0.7443000078201294,0.7443000078201294,0.7730000019073486,0.7739999890327454,splits_cifar100_BN_adapt_12_0_a9f9637e0b08.npz,a9f9637e0b08,True,True,,,,,,
iw_residual_dis2,2.0,0,10000,2000,2500,500,0.7312000000000001,0.0,1.0,1.0670735836029053,0.5,0.5,0.7274999618530273,0.17754009366035461,334.0,312.0,159.0,161.0,0.129416898329447,0.49,2234.0,266.0,255.0,245.0,ok,plugin,False,,1148.8363697952113,1246.3095309549271,1.997233140079847,0.35929898882466915,1.4723951469374805,0.8122448979591836,0.2064210526315789,0.33583795096102587,0.6641620490389741,0.6641620490389741,False,31.0,6.0,0.3228641748428345,0.5094339847564697,0.8322981595993042,cifar100,12,BN_adapt,logits,100,0.7443000078201294,0.7443000078201294,0.7730000019073486,0.7739999890327454,splits_cifar100_BN_adapt_12_0_a9f9637e0b08.npz,a9f9637e0b08,True,True,0.17669172932330826,0.5676691729323309,0.24457572502685276,,,
iw_overlap_critic,5.0,0,10000,2000,2500,500,0.7312000000000001,0.0,1.0,1.0670735836029053,0.5,0.5,0.7274999618530273,0.17754009366035461,2922.0,135.0,1466.0,74.0,0.18607309057293442,0.214,2433.0,67.0,393.0,107.0,ok,plugin,False,,1761.2240382691975,1014.3824647994854,4.997734672525646,0.41537625537003353,2.6912011739763697,0.7663551401869159,0.16399999999999998,0.3500730905729344,0.6499269094270657,0.6499269094270657,False,37.0,29.0,0.33243322372436523,0.5189181566238403,0.8513513803482056,cifar100,12,BN_adapt,logits,100,0.7443000078201294,0.7443000078201294,0.7730000019073486,0.7739999890327454,splits_cifar100_BN_adapt_12_0_a9f9637e0b08.npz,a9f9637e0b08,True,True,,,,,,
iw_residual_dis2,5.0,0,10000,2000,2500,500,0.7312000000000001,0.0,1.0,1.0670735836029053,0.5,0.5,0.7274999618530273,0.17754009366035461,78.0,135.0,34.0,74.0,0.18607309057293442,0.214,2433.0,67.0,393.0,107.0,ok,plugin,False,,1761.2240382691975,1014.3824647994854,4.997734672525646,0.41537625537003353,2.6912011739763697,0.8598130841121495,0.07220895522388057,0.258282045796815,0.741717954203185,0.741717954203185,False,23.0,0.0,0.38314783573150635,0.44117647409439087,0.8243243098258972,cifar100,12,BN_adapt,logits,100,0.7443000078201294,0.7443000078201294,0.7730000019073486,0.7739999890327454,splits_cifar100_BN_adapt_12_0_a9f9637e0b08.npz,a9f9637e0b08,True,True,0.05970149253731343,0.582089552238806,0.27772353187334353,,,
dis2_reference,,0,10000,2000,2500,500,0.7312000095844269,,,,,,,,,,,,,,,,,,ok,dis2_with_correction,True,0.09104562776310877,,,,,,,,0.34319999041557314,0.6568000095844269,0.5657543818213181,,49.0,4.0,0.1486666202545166,0.6213333606719971,0.7699999809265137,cifar100,12,BN_adapt,logits,100,0.7443000078201294,0.7443000078201294,0.7730000019073486,0.7739999890327454,splits_cifar100_BN_adapt_12_0_a9f9637e0b08.npz,a9f9637e0b08,True,True,,,,0.01,0.4342456181786819,0.07440000000000002
iw_overlap_critic,1.0,0,10000,2000,2500,500,0.7072,0.0,1.0,1.0243479013442993,0.5,0.5,0.7129999995231628,0.19105732440948486,2109.0,393.0,1083.0,196.0,0.08528736538388197,0.656,1783.0,717.0,172.0,328.0,ok,plugin,False,,738.8878629207474,1295.8816966187512,0.9994963651939704,0.3641974704466853,0.9021485542063751,0.8109756097560976,0.532,0.617287365383882,0.38271263461611804,0.38271263461611804,False,21.0,18.0,0.1492108702659607,0.7079319953918457,0.8571428656578064,cifar100,59,BN_adapt,logits,100,0.7246000170707703,0.7246000170707703,0.7774999737739563,0.7739999890327454,splits_cifar100_BN_adapt_59_0_a9f9637e0b08.npz,a9f9637e0b08,True,True,,,,,,
iw_residual_dis2,1.0,0,10000,2000,2500,500,0.7072,0.0,1.0,1.0243479013442993,0.5,0.5,0.7129999995231628,0.19105732440948486,891.0,393.0,417.0,196.0,0.08528736538388197,0.656,1783.0,717.0,172.0,328.0,ok,plugin,False,,738.8878629207474,1295.8816966187512,0.9994963651939704,0.3641974704466853,0.9021485542063751,0.7469512195121951,0.19813947001394708,0.28342683539782904,0.7165731646021709,0.7165731646021709,False,22.0,8.0,0.11185336112976074,0.6738609075546265,0.7857142686843872,cifar100,59,BN_adapt,logits,100,0.7246000170707703,0.7246000170707703,0.7774999737739563,0.7739999890327454,splits_cifar100_BN_adapt_59_0_a9f9637e0b08.npz,a9f9637e0b08,True,True,0.26220362622036264,0.7071129707112971,0.039838248800898035,,,
iw_overlap_critic,2.0,0,10000,2000,2500,500,0.7072,0.0,1.0,1.0243479013442993,0.5,0.5,0.7129999995231628,0.19105732440948486,2636.0,246.0,1320.0,127.0,0.14378648989021908,0.406,2202.0,298.0,297.0,203.0,ok,plugin,False,,1324.7526311323081,1377.739610619072,1.9922762353833032,0.46415920315820575,1.601405461011233,0.7931034482758621,0.322,0.4657864898902191,0.5342135101097809,0.5342135101097809,False,48.0,26.0,0.1680338978767395,0.6193676590919495,0.787401556968689,cifar100,59,BN_adapt,logits,100,0.7246000170707703,0.7246000170707703,0.7774999737739563,0.7739999890327454,splits_cifar100_BN_adapt_59_0_a9f9637e0b08.npz,a9f9637e0b08,True,True,,,,,,
iw_residual_dis2,2.0,0,10000,2000,2500,500,0.7072,0.0,1.0,1.0243479013442993,0.5,0.5,0.7129999995231628,0.19105732440948486,364.0,246.0,180.0,127.0,0.14378648989021908,0.406,2202.0,298.0,297.0,203.0,ok,plugin,False,,1324.7526311323081,1377.739610619072,1.9922762353833032,0.46415920315820575,1.601405461011233,0.8325123152709359,0.13363758389261748,0.27742407378283657,0.7225759262171634,0.7225759262171634,False,12.0,5.0,0.10686790943145752,0.7277777791023254,0.834645688533783,cifar100,59,BN_adapt,logits,100,0.7246000170707703,0.7246000170707703,0.7774999737739563,0.7739999890327454,splits_cifar100_BN_adapt_59_0_a9f9637e0b08.npz,a9f9637e0b08,True,True,0.27181208053691275,0.7751677852348994,0.05734453003603657,,,
iw_overlap_critic,5.0,0,10000,2000,2500,500,0.7072,0.0,1.0,1.0243479013442993,0.5,0.5,0.7129999995231628,0.19105732440948486,2925.0,82.0,1463.0,40.0,0.2239440240890469,0.14,2438.0,62.0,430.0,70.0,ok,plugin,False,,2016.8715676836046,1181.8136774486395,4.977127380822314,0.5251551104489365,2.7546015902279044,0.7285714285714285,0.10200000000000001,0.3259440240890469,0.6740559759109531,0.6740559759109531,False,42.0,28.0,0.1996203064918518,0.5253797173500061,0.7250000238418579,cifar100,59,BN_adapt,logits,100,0.7246000170707703,0.7246000170707703,0.7774999737739563,0.7739999890327454,splits_cifar100_BN_adapt_59_0_a9f9637e0b08.npz,a9f9637e0b08,True,True,,,,,,
iw_residual_dis2,5.0,0,10000,2000,2500,500,0.7072,0.0,1.0,1.0243479013442993,0.5,0.5,0.7129999995231628,0.19105732440948486,75.0,82.0,37.0,40.0,0.2239440240890469,0.14,2438.0,62.0,430.0,70.0,ok,plugin,False,,2016.8715676836046,1181.8136774486395,4.977127380822314,0.5251551104489365,2.7546015902279044,0.9857142857142858,0.03187096774193549,0.2558149918309824,0.7441850081690176,0.7441850081690176,False,1.0,12.0,0.11216217279434204,0.837837815284729,0.949999988079071,cifar100,59,BN_adapt,logits,100,0.7246000170707703,0.7246000170707703,0.7774999737739563,0.7739999890327454,splits_cifar100_BN_adapt_59_0_a9f9637e0b08.npz,a9f9637e0b08,True,True,0.20967741935483872,0.967741935483871,0.01797235023041477,,,
dis2_reference,,0,10000,2000,2500,500,0.7071999907493591,,,,,,,,,,,,,,,,,,ok,dis2_with_correction,True,0.09104562776310877,,,,,,,,0.2936000092506409,0.7063999907493591,0.6153543629862503,,13.0,5.0,0.04133331775665283,0.8353333473205566,0.8766666650772095,cifar100,59,BN_adapt,logits,100,0.7246000170707703,0.7246000170707703,0.7774999737739563,0.7739999890327454,splits_cifar100_BN_adapt_59_0_a9f9637e0b08.npz,a9f9637e0b08,True,True,,,,0.01,0.38464563701374965,0.0007999999999999119
iw_overlap_critic,1.0,0,10000,2000,2500,500,0.7816,0.0,1.0,1.968204379081726,0.5,0.5,0.5959999561309814,0.23846665024757385,1838.0,354.0,946.0,180.0,0.09599519426867478,0.52,1574.0,926.0,240.0,260.0,ok,plugin,False,,1087.7973215792013,1466.18886582584,0.9985954872962416,0.70587675430662,0.9639803088436061,0.7846153846153846,0.40800000000000003,0.5039951942686748,0.4960048057313252,0.4960048057313252,False,43.0,28.0,0.27580875158309937,0.5241912603378296,0.800000011920929,cifar100,82,BN_adapt,logits,100,0.7946000099182129,0.7946000099182129,0.7789999842643738,0.7739999890327454,splits_cifar100_BN_adapt_82_0_a9f9637e0b08.npz,a9f9637e0b08,True,True,,,,,,
iw_residual_dis2,1.0,0,10000,2000,2500,500,0.7816,0.0,1.0,1.968204379081726,0.5,0.5,0.5959999561309814,0.23846665024757385,1162.0,354.0,554.0,180.0,0.09599519426867478,0.52,1574.0,926.0,240.0,260.0,ok,plugin,False,,1087.7973215792013,1466.18886582584,0.9985954872962416,0.70587675430662,0.9639803088436061,0.7923076923076923,0.13290712742980554,0.22890232169848032,0.7710976783015197,0.7710976783015197,False,13.0,12.0,0.10062175989151001,0.7382671236991882,0.8388888835906982,cifar100,82,BN_adapt,logits,100,0.7946000099182129,0.7946000099182129,0.7789999842643738,0.7739999890327454,splits_cifar100_BN_adapt_82_0_a9f9637e0b08.npz,a9f9637e0b08,True,True,0.22138228941684665,0.7580993520518359,0.034208340255856395,,,
iw_overlap_critic,2.0,0,10000,2000,2500,500,0.7816,0.0,1.0,1.968204379081726,0.5,0.5,0.5959999561309814,0.23846665024757385,2935.0,35.0,1472.0,20.0,0.1994673987782291,0.05,2442.0,58.0,475.0,25.0,ok,plugin,False,,2214.2160329505055,2114.803901415698,1.9998840699614595,0.8681493491594254,1.5917956509360072,0.92,0.046000000000000006,0.24546739877822912,0.7545326012217709,0.7545326012217709,False,13.0,2.0,0.25352942943573,0.6964705586433411,0.949999988079071,cifar100,82,BN_adapt,logits,100,0.7946000099182129,0.7946000099182129,0.7789999842643738,0.7739999890327454,splits_cifar100_BN_adapt_82_0_a9f9637e0b08.npz,a9f9637e0b08,True,True,,,,,,
iw_residual_dis2,2.0,0,10000,2000,2500,500,0.7816,0.0,1.0,1.968204379081726,0.5,0.5,0.5959999561309814,0.23846665024757385,65.0,35.0,28.0,20.0,0.1994673987782291,0.05,2442.0,58.0,475.0,25.0,ok,plugin,False,,2214.2160329505055,2114.803901415698,1.9998840699614595,0.8681493491594254,1.5917956509360072,0.84,0.016999999999999998,0.2164673987782291,0.7835326012217709,0.7835326012217709,False,10.0,15.0,0.30000001192092896,0.5,0.800000011920929,cifar100,82,BN_adapt,logits,100,0.7946000099182129,0.7946000099182129,0.7789999842643738,0.7739999890327454,splits_cifar100_BN_adapt_82_0_a9f9637e0b08.npz,a9f9637e0b08,False,False,0.10344827586206896,0.603448275862069,0.23655172413793102,,,
iw_overlap_critic,5.0,0,10000,2000,2500,500,0.7816,0.0,1.0,1.968204379081726,0.5,0.5,0.5959999561309814,0.23846665024757385,,,,,0.20465419205005045,0.0,2500.0,0.0,500.0,0.0,ok,plugin,False,,2351.292809003607,2087.5743193274366,3.483060016593697,0.8779887831819437,1.6838949782755566,,0.0,0.20465419205005045,0.7953458079499496,0.7953458079499496,False,,,,,,cifar100,82,BN_adapt,logits,100,0.7946000099182129,0.7946000099182129,0.7789999842643738,0.7739999890327454,splits_cifar100_BN_adapt_82_0_a9f9637e0b08.npz,a9f9637e0b08,False,False,,,,,,
iw_residual_dis2,5.0,0,10000,2000,2500,500,0.7816,0.0,1.0,1.968204379081726,0.5,0.5,0.5959999561309814,0.23846665024757385,,,,,0.20465419205005045,0.0,2500.0,0.0,500.0,0.0,ok,plugin,False,,2351.292809003607,2087.5743193274366,3.483060016593697,0.8779887831819437,1.6838949782755566,,0.0,0.20465419205005045,0.7953458079499496,0.7953458079499496,False,,,,,,cifar100,82,BN_adapt,logits,100,0.7946000099182129,0.7946000099182129,0.7789999842643738,0.7739999890327454,splits_cifar100_BN_adapt_82_0_a9f9637e0b08.npz,a9f9637e0b08,False,False,,,,,,
dis2_reference,,0,10000,2000,2500,500,0.7815999984741211,,,,,,,,,,,,,,,,,,ok,dis2_with_correction,True,0.09104562776310877,,,,,,,,0.22080000152587897,0.779199998474121,0.6881543707110123,,8.0,12.0,0.0366666316986084,0.8633333444595337,0.8999999761581421,cifar100,82,BN_adapt,logits,100,0.7946000099182129,0.7946000099182129,0.7789999842643738,0.7739999890327454,splits_cifar100_BN_adapt_82_0_a9f9637e0b08.npz,a9f9637e0b08,True,True,,,,0.01,0.31184562928898774,0.0023999999999999577
iw_overlap_critic,1.0,0,10000,2000,2500,500,0.758,0.0,1.0,5.491447925567627,0.5,0.5,0.5239999890327454,0.24921861290931702,1604.0,278.0,870.0,145.0,0.12420494903736919,0.42,1408.0,1092.0,290.0,210.0,ok,plugin,False,,1285.9142193316127,1400.9091582416718,0.9995799184724126,0.9268756470723406,0.9925163656519707,0.8142857142857143,0.34199999999999997,0.46620494903736914,0.5337950509626308,0.5337950509626308,False,39.0,29.0,0.3059765696525574,0.556092381477356,0.8620689511299133,cifar100,4,DANN,logits,100,0.7842000126838684,0.7842000126838684,0.7440000176429749,0.7760000228881836,splits_cifar100_DANN_4_0_a9f9637e0b08.npz,a9f9637e0b08,True,True,,,,,,
iw_residual_dis2,1.0,0,10000,2000,2500,500,0.758,0.0,1.0,5.491447925567627,0.5,0.5,0.5239999890327454,0.24921861290931702,1396.0,278.0,630.0,145.0,0.12420494903736919,0.42,1408.0,1092.0,290.0,210.0,ok,plugin,False,,1285.9142193316127,1400.9091582416718,0.9995799184724126,0.9268756470723406,0.9925163656519707,0.7666666666666667,0.10969230769230767,0.23389725672967687,0.7661027432703231,0.7661027432703231,False,15.0,10.0,0.10755336284637451,0.7476190328598022,0.8551723957061768,cifar100,4,DANN,logits,100,0.7842000126838684,0.7842000126838684,0.7440000176429749,0.7760000228881836,splits_cifar100_DANN_4_0_a9f9637e0b08.npz,a9f9637e0b08,False,True,0.2445054945054945,0.75,0.01666666666666672,,,
iw_overlap_critic,2.0,0,10000,2000,2500,500,0.758,0.0,1.0,5.491447925567627,0.5,0.5,0.5239999890327454,0.24921861290931702,,,,,0.2391541210860405,0.0,2500.0,0.0,500.0,0.0,ok,plugin,False,,2467.981877269379,2471.2415920790468,1.4042551825513916,0.9849870019255185,1.1644838538317788,,0.0,0.2391541210860405,0.7608458789139595,0.7608458789139595,False,,,,,,cifar100,4,DANN,logits,100,0.7842000126838684,0.7842000126838684,0.7440000176429749,0.7760000228881836,splits_cifar100_DANN_4_0_a9f9637e0b08.npz,a9f9637e0b08,False,True,,,,,,
iw_residual_dis2,2.0,0,10000,2000,2500,500,0.758,0.0,1.0,5.491447925567627,0.5,0.5,0.5239999890327454,0.24921861290931702,,,,,0.2391541210860405,0.0,2500.0,0.0,500.0,0.0,ok,plugin,False,,2467.981877269379,2471.2415920790468,1.4042551825513916,0.9849870019255185,1.1644838538317788,,0.0,0.2391541210860405,0.7608458789139595,0.7608458789139595,False,,,,,,cifar100,4,DANN,logits,100,0.7842000126838684,0.7842000126838684,0.7440000176429749,0.7760000228881836,splits_cifar100_DANN_4_0_a9f9637e0b08.npz,a9f9637e0b08,False,True,,,,,,
iw_overlap_critic,5.0,0,10000,2000,2500,500,0.758,0.0,1.0,5.491447925567627,0.5,0.5,0.5239999890327454,0.24921861290931702,,,,,0.2391541210860405,0.0,2500.0,0.0,500.0,0.0,ok,plugin,False,,2467.981877269379,2471.2415920790468,1.4042551825513916,0.9849870019255185,1.1644838538317788,,0.0,0.2391541210860405,0.7608458789139595,0.7608458789139595,False,,,,,,cifar100,4,DANN,logits,100,0.7842000126838684,0.7842000126838684,0.7440000176429749,0.7760000228881836,splits_cifar100_DANN_4_0_a9f9637e0b08.npz,a9f9637e0b08,False,True,,,,,,
iw_residual_dis2,5.0,0,10000,2000,2500,500,0.758,0.0,1.0,5.491447925567627,0.5,0.5,0.5239999890327454,0.24921861290931702,,,,,0.2391541210860405,0.0,2500.0,0.0,500.0,0.0,ok,plugin,False,,2467.981877269379,2471.2415920790468,1.4042551825513916,0.9849870019255185,1.1644838538317788,,0.0,0.2391541210860405,0.7608458789139595,0.7608458789139595,False,,,,,,cifar100,4,DANN,logits,100,0.7842000126838684,0.7842000126838684,0.7440000176429749,0.7760000228881836,splits_cifar100_DANN_4_0_a9f9637e0b08.npz,a9f9637e0b08,False,True,,,,,,
dis2_reference,,0,10000,2000,2500,500,0.7580000013113022,,,,,,,,,,,,,,,,,,ok,dis2_with_correction,True,0.09104562776310877,,,,,,,,0.2431999986886978,0.7568000013113022,0.6657543735481934,,42.0,19.0,0.06000000238418579,0.6633333563804626,0.7233333587646484,cifar100,4,DANN,logits,100,0.7842000126838684,0.7842000126838684,0.7440000176429749,0.7760000228881836,splits_cifar100_DANN_4_0_a9f9637e0b08.npz,a9f9637e0b08,True,True,,,,0.01,0.33424562645180655,0.0011999999999999789
iw_overlap_critic,1.0,0,10000,2000,2500,500,0.76,0.0,1.0,3.837824821472168,0.5,0.5,0.5189999938011169,0.2482605129480362,1683.0,260.0,901.0,140.0,0.12372870207390865,0.394,1444.0,1056.0,303.0,197.0,ok,plugin,False,,1258.2466023493917,1428.4313766259922,0.9999707422660622,0.8866191952597544,0.9897715135147689,0.7868020304568528,0.31,0.4337287020739087,0.5662712979260913,0.5662712979260913,False,43.0,29.0,0.2841287851333618,0.5372998118400574,0.8214285969734192,cifar100,12,DANN,logits,100,0.7832000255584717,0.7832000255584717,0.7544999718666077,0.7860000133514404,splits_cifar100_DANN_12_0_a9f9637e0b08.npz,a9f9637e0b08,True,True,,,,,,
iw_residual_dis2,1.0,0,10000,2000,2500,500,0.76,0.0,1.0,3.837824821472168,0.5,0.5,0.5189999938011169,0.2482605129480362,1317.0,260.0,599.0,140.0,0.12372870207390865,0.394,1444.0,1056.0,303.0,197.0,ok,plugin,False,,1258.2466023493917,1428.4313766259922,0.9999707422660622,0.8866191952597544,0.9897715135147689,0.6852791878172588,0.09426704545454548,0.21799574752845413,0.7820042524715458,0.7820042524715458,False,27.0,14.0,0.12989509105682373,0.634390652179718,0.7642857432365417,cifar100,12,DANN,logits,100,0.7832000255584717,0.7832000255584717,0.7544999718666077,0.7860000133514404,splits_cifar100_DANN_12_0_a9f9637e0b08.npz,a9f9637e0b08,False,True,0.23674242424242425,0.6827651515151515,0.0025140363021073364,,,
iw_overlap_critic,2.0,0,10000,2000,2500,500,0.76,0.0,1.0,3.837824821472168,0.5,0.5,0.5189999938011169,0.2482605129480362,,,,,0.23561112485391406,0.0,2500.0,0.0,500.0,0.0,ok,plugin,False,,2446.566882475968,2436.1491875031134,1.641976496202948,0.9722689112081735,1.248557562632194,,0.0,0.23561112485391406,0.7643888751460859,0.7643888751460859,False,,,,,,cifar100,12,DANN,logits,100,0.7832000255584717,0.7832000255584717,0.7544999718666077,0.7860000133514404,splits_cifar100_DANN_12_0_a9f9637e0b08.npz,a9f9637e0b08,False,True,,,,,,
iw_residual_dis2,2.0,0,10000,2000,2500,500,0.76,0.0,1.0,3.837824821472168,0.5,0.5,0.5189999938011169,0.2482605129480362,,,,,0.23561112485391406,0.0,2500.0,0.0,500.0,0.0,ok,plugin,False,,2446.566882475968,2436.1491875031134,1.641976496202948,0.9722689112081735,1.248557562632194,,0.0,0.23561112485391406,0.7643888751460859,0.7643888751460859,False,,,,,,cifar100,12,DANN,logits,100,0.7832000255584717,0.7832000255584717,0.7544999718666077,0.7860000133514404,splits_cifar100_DANN_12_0_a9f9637e0b08.npz,a9f9637e0b08,False,True,,,,,,
iw_overlap_critic,5.0,0,10000,2000,2500,500,0.76,0.0,1.0,3.837824821472168,0.5,0.5,0.5189999938011169,0.2482605129480362,,,,,0.23561112485391406,0.0,2500.0,0.0,500.0,0.0,ok,plugin,False,,2446.566882475968,2436.1491875031134,1.641976496202948,0.9722689112081735,1.248557562632194,,0.0,0.23561112485391406,0.7643888751460859,0.7643888751460859,False,,,,,,cifar100,12,DANN,logits,100,0.7832000255584717,0.7832000255584717,0.7544999718666077,0.7860000133514404,splits_cifar100_DANN_12_0_a9f9637e0b08.npz,a9f9637e0b08,False,True,,,,,,
iw_residual_dis2,5.0,0,10000,2000,2500,500,0.76,0.0,1.0,3.837824821472168,0.5,0.5,0.5189999938011169,0.2482605129480362,,,,,0.23561112485391406,0.0,2500.0,0.0,500.0,0.0,ok,plugin,False,,2446.566882475968,2436.1491875031134,1.641976496202948,0.9722689112081735,1.248557562632194,,0.0,0.23561112485391406,0.7643888751460859,0.7643888751460859,False,,,,,,cifar100,12,DANN,logits,100,0.7832000255584717,0.7832000255584717,0.7544999718666077,0.7860000133514404,splits_cifar100_DANN_12_0_a9f9637e0b08.npz,a9f9637e0b08,False,True,,,,,,
dis2_reference,,0,10000,2000,2500,500,0.760000005364418,,,,,,,,,,,,,,,,,,ok,dis2_with_correction,True,0.09104562776310877,,,,,,,,0.20599999463558183,0.7940000053644182,0.7029543776013094,,7.0,27.0,0.05533331632614136,0.874666690826416,0.9300000071525574,cifar100,12,DANN,logits,100,0.7832000255584717,0.7832000255584717,0.7544999718666077,0.7860000133514404,splits_cifar100_DANN_12_0_a9f9637e0b08.npz,a9f9637e0b08,True,True,,,,0.01,0.2970456223986906,-0.03400000000000003
