prediction_method,iw_threshold,seed,n_source,n_target,n_val_source,n_val_target,h_val_acc,domain_log_odds_clipped_count,source_strength,domain_temperature,domain_source_prior,domain_target_prior,domain_cal_balanced_accuracy,domain_cal_brier,n_source_critic_train_region,n_target_critic_train_region,n_source_critic_select_region,n_target_critic_select_region,iw_error_contribution,target_residual_mass,n_source_a,n_source_b,n_target_a,n_target_b,status,estimate_kind,confidence_bound_available,epsilon,iw_weight_sum,iw_effective_n,iw_weight_max,iw_weight_p50,iw_weight_p95,residual_target_disagreement,residual_error_contribution,error_estimate_raw,accuracy_estimate_raw,lower_bound,output_clipped,critic_epoch,critic_repeat,critic_selection_score,critic_selection_source_disagreement,critic_selection_target_disagreement,dataset,shift,train_method,bound_strategy,dim,src_accuracy,h_full_acc,trg_accuracy,trg_eval_accuracy,split_file,run_id,bound_valid,bound_valid_eval,residual_source_error,residual_source_disagreement,residual_discrepancy,delta,error_upper_bound_raw,max_ts_agree_diff
iw_overlap_critic,1.0,0,6500,33009,1625,8255,0.9144615384615384,0.0,1.0,1.5544252395629883,0.5,0.5,0.5686013698577881,0.24799638986587524,1210.0,5151.0,601.0,2656.0,0.039220647901141374,0.5234403391883706,945.0,680.0,3934.0,4321.0,ok,plugin,False,,834.7426369097426,937.4849730798019,0.9986851286041345,0.8950276248930378,0.9896801804266452,0.8382318907660263,0.4387643852210781,0.47798503312221946,0.5220149668777805,0.5220149668777805,False,48.0,1.0,0.5280799269676208,0.30550438165664673,0.8335843086242676,entity13,1,ERM-aug-rand,logits,13,0.9149230718612671,0.9149230718612671,0.689448356628418,0.6898849606513977,splits_entity13_ERM-aug-rand_1_0_f475b82dfdbf.npz,f475b82dfdbf,True,True,,,,,,
iw_residual_dis2,1.0,0,6500,33009,1625,8255,0.9144615384615384,0.0,1.0,1.5544252395629883,0.5,0.5,0.5686013698577881,0.24799638986587524,740.0,5151.0,374.0,2656.0,0.039220647901141374,0.5234403391883706,945.0,680.0,3934.0,4321.0,ok,plugin,False,,834.7426369097426,937.4849730798019,0.9986851286041345,0.8950276248930378,0.9896801804266452,0.6206896551724138,0.14938753696511917,0.18860818486626055,0.8113918151337395,0.8113918151337395,False,48.0,24.0,0.20377832651138306,0.44117647409439087,0.6449548006057739,entity13,1,ERM-aug-rand,logits,13,0.9149230718612671,0.9149230718612671,0.689448356628418,0.6898849606513977,splits_entity13_ERM-aug-rand_1_0_f475b82dfdbf.npz,f475b82dfdbf,False,False,0.10441176470588236,0.43970588235294117,0.18098377281947264,,,
iw_overlap_critic,2.0,0,6500,33009,1625,8255,0.9144615384615384,0.0,1.0,1.5544252395629883,0.5,0.5,0.5686013698577881,0.24799638986587524,1938.0,19.0,972.0,4.0,0.08743949330008141,0.0012113870381586917,1612.0,13.0,8245.0,10.0,ok,plugin,False,,1619.7876256788622,1551.4148478129882,1.9988147646243906,0.9703610157024289,1.4050347807909382,1.0,0.0012113870381586917,0.0886508803382401,0.9113491196617599,0.9113491196617599,False,49.0,2.0,0.6567696332931519,0.34323036670684814,1.0,entity13,1,ERM-aug-rand,logits,13,0.9149230718612671,0.9149230718612671,0.689448356628418,0.6898849606513977,splits_entity13_ERM-aug-rand_1_0_f475b82dfdbf.npz,f475b82dfdbf,False,False,,,,,,
iw_residual_dis2,2.0,0,6500,33009,1625,8255,0.9144615384615384,0.0,1.0,1.5544252395629883,0.5,0.5,0.5686013698577881,0.24799638986587524,12.0,19.0,3.0,4.0,0.08743949330008141,0.0012113870381586917,1612.0,13.0,8245.0,10.0,ok,plugin,False,,1619.7876256788622,1551.4148478129882,1.9988147646243906,0.9703610157024289,1.4050347807909382,0.6,-0.00020500396030377868,0.08723448933977763,0.9127655106602224,0.9127655106602224,False,38.0,6.0,0.75,0.0,0.75,entity13,1,ERM-aug-rand,logits,13,0.9149230718612671,0.9149230718612671,0.689448356628418,0.6898849606513977,splits_entity13_ERM-aug-rand_1_0_f475b82dfdbf.npz,f475b82dfdbf,False,False,0.0,0.7692307692307693,-0.1692307692307693,,,
iw_overlap_critic,5.0,0,6500,33009,1625,8255,0.9144615384615384,0.0,1.0,1.5544252395629883,0.5,0.5,0.5686013698577881,0.24799638986587524,,,,,0.08743949330008141,0.0,1625.0,0.0,8255.0,0.0,ok,plugin,False,,1648.2085114338565,1548.8465704196246,2.8090114882263797,0.9718176981563554,1.4510296488601315,,0.0,0.08743949330008141,0.9125605066999186,0.9125605066999186,False,,,,,,entity13,1,ERM-aug-rand,logits,13,0.9149230718612671,0.9149230718612671,0.689448356628418,0.6898849606513977,splits_entity13_ERM-aug-rand_1_0_f475b82dfdbf.npz,f475b82dfdbf,False,False,,,,,,
iw_residual_dis2,5.0,0,6500,33009,1625,8255,0.9144615384615384,0.0,1.0,1.5544252395629883,0.5,0.5,0.5686013698577881,0.24799638986587524,,,,,0.08743949330008141,0.0,1625.0,0.0,8255.0,0.0,ok,plugin,False,,1648.2085114338565,1548.8465704196246,2.8090114882263797,0.9718176981563554,1.4510296488601315,,0.0,0.08743949330008141,0.9125605066999186,0.9125605066999186,False,,,,,,entity13,1,ERM-aug-rand,logits,13,0.9149230718612671,0.9149230718612671,0.689448356628418,0.6898849606513977,splits_entity13_ERM-aug-rand_1_0_f475b82dfdbf.npz,f475b82dfdbf,False,False,,,,,,
dis2_reference,,0,6500,33009,1625,8255,0.91446153819561,,,,,,,,,,,,,,,,,,ok,dis2_with_correction,True,0.07711571785933785,,,,,,,,0.19633192031438385,0.8036680796856162,0.7265523618262784,,44.0,2.0,0.1770389974117279,0.47999998927116394,0.6570389866828918,entity13,1,ERM-aug-rand,logits,13,0.9149230718612671,0.9149230718612671,0.689448356628418,0.6898849606513977,splits_entity13_ERM-aug-rand_1_0_f475b82dfdbf.npz,f475b82dfdbf,False,False,,,,0.01,0.2734476381737217,0.11079345850999389
iw_overlap_critic,1.0,0,6500,260,1625,65,0.9144615384615384,0.0,1.0,54.598148345947266,0.5,0.5,0.41615384817123413,0.2502419948577881,1061.0,38.0,539.0,13.0,0.047812920652748725,0.4307692307692308,879.0,746.0,37.0,28.0,ok,plugin,False,,874.026736447965,878.9850045470848,0.9999887962474922,0.994987116762556,0.9994654654947918,0.8928571428571429,0.38461538461538464,0.43242830526813336,0.5675716947318666,0.5675716947318666,False,49.0,2.0,0.6781837940216064,0.32181617617607117,1.0,entity13,2,ERM-aug-rand,logits,13,0.9149230718612671,0.9149230718612671,0.8500000238418579,0.892307698726654,splits_entity13_ERM-aug-rand_2_0_f475b82dfdbf.npz,f475b82dfdbf,True,True,,,,,,
iw_residual_dis2,1.0,0,6500,260,1625,65,0.9144615384615384,0.0,1.0,54.598148345947266,0.5,0.5,0.41615384817123413,0.2502419948577881,889.0,38.0,436.0,13.0,0.047812920652748725,0.4307692307692308,879.0,746.0,37.0,28.0,ok,plugin,False,,874.026736447965,878.9850045470848,0.9999887962474922,0.994987116762556,0.9994654654947918,0.8214285714285714,0.0789853578057331,0.12679827845848182,0.8732017215415182,0.8732017215415182,False,32.0,7.0,0.2028934359550476,0.7201834917068481,0.9230769276618958,entity13,2,ERM-aug-rand,logits,13,0.9149230718612671,0.9149230718612671,0.8500000238418579,0.892307698726654,splits_entity13_ERM-aug-rand_2_0_f475b82dfdbf.npz,f475b82dfdbf,False,True,0.08176943699731903,0.7198391420911529,0.10158942933741855,,,
iw_overlap_critic,2.0,0,6500,260,1625,65,0.9144615384615384,0.0,1.0,54.598148345947266,0.5,0.5,0.41615384817123413,0.2502419948577881,,,,,0.08548542555928595,0.0,1625.0,0.0,65.0,0.0,ok,plugin,False,,1623.4984481372521,1624.9331512180481,1.0185766983514022,0.999300564258624,1.0091213126354317,,0.0,0.08548542555928595,0.914514574440714,0.914514574440714,False,,,,,,entity13,2,ERM-aug-rand,logits,13,0.9149230718612671,0.9149230718612671,0.8500000238418579,0.892307698726654,splits_entity13_ERM-aug-rand_2_0_f475b82dfdbf.npz,f475b82dfdbf,False,False,,,,,,
iw_residual_dis2,2.0,0,6500,260,1625,65,0.9144615384615384,0.0,1.0,54.598148345947266,0.5,0.5,0.41615384817123413,0.2502419948577881,,,,,0.08548542555928595,0.0,1625.0,0.0,65.0,0.0,ok,plugin,False,,1623.4984481372521,1624.9331512180481,1.0185766983514022,0.999300564258624,1.0091213126354317,,0.0,0.08548542555928595,0.914514574440714,0.914514574440714,False,,,,,,entity13,2,ERM-aug-rand,logits,13,0.9149230718612671,0.9149230718612671,0.8500000238418579,0.892307698726654,splits_entity13_ERM-aug-rand_2_0_f475b82dfdbf.npz,f475b82dfdbf,False,False,,,,,,
iw_overlap_critic,5.0,0,6500,260,1625,65,0.9144615384615384,0.0,1.0,54.598148345947266,0.5,0.5,0.41615384817123413,0.2502419948577881,,,,,0.08548542555928595,0.0,1625.0,0.0,65.0,0.0,ok,plugin,False,,1623.4984481372521,1624.9331512180481,1.0185766983514022,0.999300564258624,1.0091213126354317,,0.0,0.08548542555928595,0.914514574440714,0.914514574440714,False,,,,,,entity13,2,ERM-aug-rand,logits,13,0.9149230718612671,0.9149230718612671,0.8500000238418579,0.892307698726654,splits_entity13_ERM-aug-rand_2_0_f475b82dfdbf.npz,f475b82dfdbf,False,False,,,,,,
iw_residual_dis2,5.0,0,6500,260,1625,65,0.9144615384615384,0.0,1.0,54.598148345947266,0.5,0.5,0.41615384817123413,0.2502419948577881,,,,,0.08548542555928595,0.0,1625.0,0.0,65.0,0.0,ok,plugin,False,,1623.4984481372521,1624.9331512180481,1.0185766983514022,0.999300564258624,1.0091213126354317,,0.0,0.08548542555928595,0.914514574440714,0.914514574440714,False,,,,,,entity13,2,ERM-aug-rand,logits,13,0.9149230718612671,0.9149230718612671,0.8500000238418579,0.892307698726654,splits_entity13_ERM-aug-rand_2_0_f475b82dfdbf.npz,f475b82dfdbf,False,False,,,,,,
dis2_reference,,0,6500,260,1625,65,0.91446153819561,,,,,,,,,,,,,,,,,,ok,dis2_with_correction,True,0.20271232772930262,,,,,,,,0.10830769257362072,0.8916923074263793,0.6889799796970767,,47.0,15.0,0.145641028881073,0.7517948746681213,0.8974359035491943,entity13,2,ERM-aug-rand,logits,13,0.9149230718612671,0.9149230718612671,0.8500000238418579,0.892307698726654,splits_entity13_ERM-aug-rand_2_0_f475b82dfdbf.npz,f475b82dfdbf,True,True,,,,0.01,0.3110200203029233,0.022769230769230764
iw_overlap_critic,1.0,0,6500,260,1625,65,0.9144615384615384,0.0,1.0,17.431114196777344,0.5,0.5,0.5138461589813232,0.24997751414775848,1041.0,36.0,481.0,18.0,0.04397015546046431,0.5538461538461539,835.0,790.0,29.0,36.0,ok,plugin,False,,821.9105859972876,834.8209639779838,0.9999741459502701,0.9885188630654348,0.9988753161443981,0.6944444444444444,0.38461538461538464,0.4285855400758489,0.5714144599241511,0.5714144599241511,False,49.0,2.0,0.5884943008422852,0.35595014691352844,0.9444444179534912,entity13,3,ERM-aug-rand,logits,13,0.9149230718612671,0.9149230718612671,0.6499999761581421,0.6000000238418579,splits_entity13_ERM-aug-rand_3_0_f475b82dfdbf.npz,f475b82dfdbf,True,True,,,,,,
iw_residual_dis2,1.0,0,6500,260,1625,65,0.9144615384615384,0.0,1.0,17.431114196777344,0.5,0.5,0.5138461589813232,0.24997751414775848,909.0,36.0,494.0,18.0,0.04397015546046431,0.5538461538461539,835.0,790.0,29.0,36.0,ok,plugin,False,,821.9105859972876,834.8209639779838,0.9999741459502701,0.9885188630654348,0.9988753161443981,0.6944444444444444,0.08876338851022397,0.1327335439706883,0.8672664560293117,0.8672664560293117,False,34.0,24.0,0.3128654956817627,0.6315789222717285,0.9444444179534912,entity13,3,ERM-aug-rand,logits,13,0.9149230718612671,0.9149230718612671,0.6499999761581421,0.6000000238418579,splits_entity13_ERM-aug-rand_3_0_f475b82dfdbf.npz,f475b82dfdbf,False,False,0.08481012658227848,0.6189873417721519,0.07545710267229255,,,
iw_overlap_critic,2.0,0,6500,260,1625,65,0.9144615384615384,0.0,1.0,17.431114196777344,0.5,0.5,0.5138461589813232,0.24997751414775848,,,,,0.08561388755984346,0.0,1625.0,0.0,65.0,0.0,ok,plugin,False,,1623.019181973702,1624.309500771871,1.1049850006760191,0.9993911814760164,1.0291009559699078,,0.0,0.08561388755984346,0.9143861124401566,0.9143861124401566,False,,,,,,entity13,3,ERM-aug-rand,logits,13,0.9149230718612671,0.9149230718612671,0.6499999761581421,0.6000000238418579,splits_entity13_ERM-aug-rand_3_0_f475b82dfdbf.npz,f475b82dfdbf,False,False,,,,,,
iw_residual_dis2,2.0,0,6500,260,1625,65,0.9144615384615384,0.0,1.0,17.431114196777344,0.5,0.5,0.5138461589813232,0.24997751414775848,,,,,0.08561388755984346,0.0,1625.0,0.0,65.0,0.0,ok,plugin,False,,1623.019181973702,1624.309500771871,1.1049850006760191,0.9993911814760164,1.0291009559699078,,0.0,0.08561388755984346,0.9143861124401566,0.9143861124401566,False,,,,,,entity13,3,ERM-aug-rand,logits,13,0.9149230718612671,0.9149230718612671,0.6499999761581421,0.6000000238418579,splits_entity13_ERM-aug-rand_3_0_f475b82dfdbf.npz,f475b82dfdbf,False,False,,,,,,
iw_overlap_critic,5.0,0,6500,260,1625,65,0.9144615384615384,0.0,1.0,17.431114196777344,0.5,0.5,0.5138461589813232,0.24997751414775848,,,,,0.08561388755984346,0.0,1625.0,0.0,65.0,0.0,ok,plugin,False,,1623.019181973702,1624.309500771871,1.1049850006760191,0.9993911814760164,1.0291009559699078,,0.0,0.08561388755984346,0.9143861124401566,0.9143861124401566,False,,,,,,entity13,3,ERM-aug-rand,logits,13,0.9149230718612671,0.9149230718612671,0.6499999761581421,0.6000000238418579,splits_entity13_ERM-aug-rand_3_0_f475b82dfdbf.npz,f475b82dfdbf,False,False,,,,,,
iw_residual_dis2,5.0,0,6500,260,1625,65,0.9144615384615384,0.0,1.0,17.431114196777344,0.5,0.5,0.5138461589813232,0.24997751414775848,,,,,0.08561388755984346,0.0,1625.0,0.0,65.0,0.0,ok,plugin,False,,1623.019181973702,1624.309500771871,1.1049850006760191,0.9993911814760164,1.0291009559699078,,0.0,0.08561388755984346,0.9143861124401566,0.9143861124401566,False,,,,,,entity13,3,ERM-aug-rand,logits,13,0.9149230718612671,0.9149230718612671,0.6499999761581421,0.6000000238418579,splits_entity13_ERM-aug-rand_3_0_f475b82dfdbf.npz,f475b82dfdbf,False,False,,,,,,
dis2_reference,,0,6500,260,1625,65,0.91446153819561,,,,,,,,,,,,,,,,,,ok,dis2_with_correction,True,0.20271232772930262,,,,,,,,0.2720000002659284,0.7279999997340716,0.525287672004769,,44.0,24.0,0.22051280736923218,0.5487179756164551,0.7692307829856873,entity13,3,ERM-aug-rand,logits,13,0.9149230718612671,0.9149230718612671,0.6499999761581421,0.6000000238418579,splits_entity13_ERM-aug-rand_3_0_f475b82dfdbf.npz,f475b82dfdbf,True,True,,,,0.01,0.474712327995231,0.18646153846153846
iw_overlap_critic,1.0,0,6500,33009,1625,8255,0.9033846153846153,0.0,1.0,1.650231957435608,0.5,0.5,0.5637879371643066,0.2481401264667511,1190.0,5224.0,581.0,2654.0,0.04333556541809627,0.5316777710478497,922.0,703.0,3866.0,4389.0,ok,plugin,False,,816.3133081242554,914.8941682194576,0.9999378908802741,0.8962087513136356,0.990655945705353,0.820915926179084,0.4364627498485766,0.4797983152666728,0.5202016847333272,0.5202016847333272,False,49.0,1.0,0.5214374661445618,0.30599284172058105,0.8274303078651428,entity13,1,BN_adapt,logits,13,0.9027692079544067,0.9027692079544067,0.6835105419158936,0.6850394010543823,splits_entity13_BN_adapt_1_0_f475b82dfdbf.npz,f475b82dfdbf,True,True,,,,,,
iw_residual_dis2,1.0,0,6500,33009,1625,8255,0.9033846153846153,0.0,1.0,1.650231957435608,0.5,0.5,0.5637879371643066,0.2481401264667511,760.0,5224.0,394.0,2654.0,0.04333556541809627,0.5316777710478497,922.0,703.0,3866.0,4389.0,ok,plugin,False,,816.3133081242554,914.8941682194576,0.9999378908802741,0.8962087513136356,0.990655945705353,0.617680565048986,0.15748358897965195,0.20081915439774822,0.7991808456022518,0.7991808456022518,False,49.0,24.0,0.17549988627433777,0.4593908488750458,0.6348907351493835,entity13,1,BN_adapt,logits,13,0.9027692079544067,0.9027692079544067,0.6835105419158936,0.6850394010543823,splits_entity13_BN_adapt_1_0_f475b82dfdbf.npz,f475b82dfdbf,False,False,0.1166429587482219,0.43812233285917496,0.1795582321898111,,,
iw_overlap_critic,2.0,0,6500,33009,1625,8255,0.9033846153846153,0.0,1.0,1.650231957435608,0.5,0.5,0.5637879371643066,0.2481401264667511,1942.0,21.0,973.0,5.0,0.0985915376142921,0.0009691096305269534,1614.0,11.0,8247.0,8.0,ok,plugin,False,,1622.253699438164,1556.4153736577139,1.9990023979740943,0.9750486303414404,1.3807891168967,1.0,0.0009691096305269534,0.09956064724481906,0.9004393527551809,0.9004393527551809,False,49.0,2.0,0.6447920203208923,0.35520797967910767,1.0,entity13,1,BN_adapt,logits,13,0.9027692079544067,0.9027692079544067,0.6835105419158936,0.6850394010543823,splits_entity13_BN_adapt_1_0_f475b82dfdbf.npz,f475b82dfdbf,False,False,,,,,,
iw_residual_dis2,2.0,0,6500,33009,1625,8255,0.9033846153846153,0.0,1.0,1.650231957435608,0.5,0.5,0.5637879371643066,0.2481401264667511,8.0,21.0,2.0,5.0,0.0985915376142921,0.0009691096305269534,1614.0,11.0,8247.0,8.0,ok,plugin,False,,1622.253699438164,1556.4153736577139,1.9990023979740943,0.9750486303414404,1.3807891168967,1.0,0.0,0.0985915376142921,0.9014084623857079,0.9014084623857079,False,5.0,22.0,0.5,0.5,1.0,entity13,1,BN_adapt,logits,13,0.9027692079544067,0.9027692079544067,0.6835105419158936,0.6850394010543823,splits_entity13_BN_adapt_1_0_f475b82dfdbf.npz,f475b82dfdbf,False,False,0.0,1.0,0.0,,,
iw_overlap_critic,5.0,0,6500,33009,1625,8255,0.9033846153846153,0.0,1.0,1.650231957435608,0.5,0.5,0.5637879371643066,0.2481401264667511,,,,,0.0985915376142921,0.0,1625.0,0.0,8255.0,0.0,ok,plugin,False,,1646.3505484982188,1553.9305309350036,2.755795448625171,0.9764217405412956,1.4047130593153443,,0.0,0.0985915376142921,0.9014084623857079,0.9014084623857079,False,,,,,,entity13,1,BN_adapt,logits,13,0.9027692079544067,0.9027692079544067,0.6835105419158936,0.6850394010543823,splits_entity13_BN_adapt_1_0_f475b82dfdbf.npz,f475b82dfdbf,False,False,,,,,,
iw_residual_dis2,5.0,0,6500,33009,1625,8255,0.9033846153846153,0.0,1.0,1.650231957435608,0.5,0.5,0.5637879371643066,0.2481401264667511,,,,,0.0985915376142921,0.0,1625.0,0.0,8255.0,0.0,ok,plugin,False,,1646.3505484982188,1553.9305309350036,2.755795448625171,0.9764217405412956,1.4047130593153443,,0.0,0.0985915376142921,0.9014084623857079,0.9014084623857079,False,,,,,,entity13,1,BN_adapt,logits,13,0.9027692079544067,0.9027692079544067,0.6835105419158936,0.6850394010543823,splits_entity13_BN_adapt_1_0_f475b82dfdbf.npz,f475b82dfdbf,False,False,,,,,,
dis2_reference,,0,6500,33009,1625,8255,0.903384618461132,,,,,,,,,,,,,,,,,,ok,dis2_with_correction,True,0.07711571785933785,,,,,,,,0.21631495755340457,0.7836850424465954,0.7065693245872575,,38.0,25.0,0.15850907564163208,0.5292307734489441,0.6877398490905762,entity13,1,BN_adapt,logits,13,0.9027692079544067,0.9027692079544067,0.6835105419158936,0.6850394010543823,splits_entity13_BN_adapt_1_0_f475b82dfdbf.npz,f475b82dfdbf,False,False,,,,0.01,0.2934306754127424,0.11969957601453662
iw_overlap_critic,1.0,0,6500,260,1625,65,0.9144615384615384,0.0,1.0,54.598148345947266,0.5,0.5,0.4046154022216797,0.2502044141292572,1044.0,35.0,516.0,14.0,0.04659446035595056,0.4153846153846154,874.0,751.0,38.0,27.0,ok,plugin,False,,869.3635168552389,873.9855107234227,0.9999783995716639,0.9954214377364224,0.999617380506417,0.9629629629629629,0.4,0.4465944603559506,0.5534055396440494,0.5534055396440494,False,48.0,6.0,0.7007502317428589,0.2992497682571411,1.0,entity13,2,BN_adapt,logits,13,0.9160000085830688,0.9160000085830688,0.8538461327552795,0.892307698726654,splits_entity13_BN_adapt_2_0_f475b82dfdbf.npz,f475b82dfdbf,True,True,,,,,,
iw_residual_dis2,1.0,0,6500,260,1625,65,0.9144615384615384,0.0,1.0,54.598148345947266,0.5,0.5,0.4046154022216797,0.2502044141292572,906.0,35.0,459.0,14.0,0.04659446035595056,0.4153846153846154,874.0,751.0,38.0,27.0,ok,plugin,False,,869.3635168552389,873.9855107234227,0.9999783995716639,0.9954214377364224,0.999617380506417,0.4444444444444444,-0.025565912117177098,0.02102854823877346,0.9789714517612266,0.9789714517612266,False,46.0,24.0,0.23015868663787842,0.5555555820465088,0.7857142686843872,entity13,2,BN_adapt,logits,13,0.9160000085830688,0.9160000085830688,0.8538461327552795,0.892307698726654,splits_entity13_BN_adapt_2_0_f475b82dfdbf.npz,f475b82dfdbf,False,False,0.08388814913448735,0.5898801597869507,-0.14543571534250632,,,
iw_overlap_critic,2.0,0,6500,260,1625,65,0.9144615384615384,0.0,1.0,54.598148345947266,0.5,0.5,0.4046154022216797,0.2502044141292572,,,,,0.08549179991355944,0.0,1625.0,0.0,65.0,0.0,ok,plugin,False,,1623.6031724391955,1624.9410484465059,1.0169836756982102,0.9994533431881897,1.0083758831004526,,0.0,0.08549179991355944,0.9145082000864405,0.9145082000864405,False,,,,,,entity13,2,BN_adapt,logits,13,0.9160000085830688,0.9160000085830688,0.8538461327552795,0.892307698726654,splits_entity13_BN_adapt_2_0_f475b82dfdbf.npz,f475b82dfdbf,False,False,,,,,,
iw_residual_dis2,2.0,0,6500,260,1625,65,0.9144615384615384,0.0,1.0,54.598148345947266,0.5,0.5,0.4046154022216797,0.2502044141292572,,,,,0.08549179991355944,0.0,1625.0,0.0,65.0,0.0,ok,plugin,False,,1623.6031724391955,1624.9410484465059,1.0169836756982102,0.9994533431881897,1.0083758831004526,,0.0,0.08549179991355944,0.9145082000864405,0.9145082000864405,False,,,,,,entity13,2,BN_adapt,logits,13,0.9160000085830688,0.9160000085830688,0.8538461327552795,0.892307698726654,splits_entity13_BN_adapt_2_0_f475b82dfdbf.npz,f475b82dfdbf,False,False,,,,,,
iw_overlap_critic,5.0,0,6500,260,1625,65,0.9144615384615384,0.0,1.0,54.598148345947266,0.5,0.5,0.4046154022216797,0.2502044141292572,,,,,0.08549179991355944,0.0,1625.0,0.0,65.0,0.0,ok,plugin,False,,1623.6031724391955,1624.9410484465059,1.0169836756982102,0.9994533431881897,1.0083758831004526,,0.0,0.08549179991355944,0.9145082000864405,0.9145082000864405,False,,,,,,entity13,2,BN_adapt,logits,13,0.9160000085830688,0.9160000085830688,0.8538461327552795,0.892307698726654,splits_entity13_BN_adapt_2_0_f475b82dfdbf.npz,f475b82dfdbf,False,False,,,,,,
iw_residual_dis2,5.0,0,6500,260,1625,65,0.9144615384615384,0.0,1.0,54.598148345947266,0.5,0.5,0.4046154022216797,0.2502044141292572,,,,,0.08549179991355944,0.0,1625.0,0.0,65.0,0.0,ok,plugin,False,,1623.6031724391955,1624.9410484465059,1.0169836756982102,0.9994533431881897,1.0083758831004526,,0.0,0.08549179991355944,0.9145082000864405,0.9145082000864405,False,,,,,,entity13,2,BN_adapt,logits,13,0.9160000085830688,0.9160000085830688,0.8538461327552795,0.892307698726654,splits_entity13_BN_adapt_2_0_f475b82dfdbf.npz,f475b82dfdbf,False,False,,,,,,
dis2_reference,,0,6500,260,1625,65,0.91446153819561,,,,,,,,,,,,,,,,,,ok,dis2_with_correction,True,0.20271232772930262,,,,,,,,0.09538461565054379,0.9046153843494562,0.7019030566201536,,49.0,15.0,0.1600000262260437,0.7374358773231506,0.8974359035491943,entity13,2,BN_adapt,logits,13,0.9160000085830688,0.9160000085830688,0.8538461327552795,0.892307698726654,splits_entity13_BN_adapt_2_0_f475b82dfdbf.npz,f475b82dfdbf,True,True,,,,0.01,0.2980969433798464,0.009846153846153838
iw_overlap_critic,1.0,0,6500,260,1625,65,0.9126153846153846,0.0,1.0,25.397035598754883,0.5,0.5,0.4976922869682312,0.2499900907278061,1000.0,38.0,469.0,19.0,0.0428423360705903,0.5384615384615384,801.0,824.0,30.0,35.0,ok,plugin,False,,792.1011593740436,800.9235843314412,0.9999904614557668,0.9917117526231319,0.9993540611874577,0.8857142857142857,0.4769230769230769,0.5197654129936672,0.4802345870063328,0.4802345870063328,False,49.0,24.0,0.5883618593215942,0.41163817048072815,1.0,entity13,3,BN_adapt,logits,13,0.9144614934921265,0.9144614934921265,0.6615384817123413,0.6000000238418579,splits_entity13_BN_adapt_3_0_f475b82dfdbf.npz,f475b82dfdbf,True,True,,,,,,
iw_residual_dis2,1.0,0,6500,260,1625,65,0.9126153846153846,0.0,1.0,25.397035598754883,0.5,0.5,0.4976922869682312,0.2499900907278061,950.0,38.0,506.0,19.0,0.0428423360705903,0.5384615384615384,801.0,824.0,30.0,35.0,ok,plugin,False,,792.1011593740436,800.9235843314412,0.9999904614557668,0.9917117526231319,0.9993540611874577,0.8571428571428571,0.10082150858849884,0.14366384465908913,0.8563361553409109,0.8563361553409109,False,24.0,23.0,0.290513813495636,0.709486186504364,1.0,entity13,3,BN_adapt,logits,13,0.9144614934921265,0.9144614934921265,0.6615384817123413,0.6000000238418579,splits_entity13_BN_adapt_3_0_f475b82dfdbf.npz,f475b82dfdbf,False,False,0.08737864077669903,0.7572815533980582,0.09986130374479885,,,
iw_overlap_critic,2.0,0,6500,260,1625,65,0.9126153846153846,0.0,1.0,25.397035598754883,0.5,0.5,0.4976922869682312,0.2499900907278061,,,,,0.08743014281178145,0.0,1625.0,0.0,65.0,0.0,ok,plugin,False,,1623.6589780262043,1624.6969378058466,1.0638106655517816,1.0002039587758014,1.0190105245115342,,0.0,0.08743014281178145,0.9125698571882186,0.9125698571882186,False,,,,,,entity13,3,BN_adapt,logits,13,0.9144614934921265,0.9144614934921265,0.6615384817123413,0.6000000238418579,splits_entity13_BN_adapt_3_0_f475b82dfdbf.npz,f475b82dfdbf,False,False,,,,,,
iw_residual_dis2,2.0,0,6500,260,1625,65,0.9126153846153846,0.0,1.0,25.397035598754883,0.5,0.5,0.4976922869682312,0.2499900907278061,,,,,0.08743014281178145,0.0,1625.0,0.0,65.0,0.0,ok,plugin,False,,1623.6589780262043,1624.6969378058466,1.0638106655517816,1.0002039587758014,1.0190105245115342,,0.0,0.08743014281178145,0.9125698571882186,0.9125698571882186,False,,,,,,entity13,3,BN_adapt,logits,13,0.9144614934921265,0.9144614934921265,0.6615384817123413,0.6000000238418579,splits_entity13_BN_adapt_3_0_f475b82dfdbf.npz,f475b82dfdbf,False,False,,,,,,
iw_overlap_critic,5.0,0,6500,260,1625,65,0.9126153846153846,0.0,1.0,25.397035598754883,0.5,0.5,0.4976922869682312,0.2499900907278061,,,,,0.08743014281178145,0.0,1625.0,0.0,65.0,0.0,ok,plugin,False,,1623.6589780262043,1624.6969378058466,1.0638106655517816,1.0002039587758014,1.0190105245115342,,0.0,0.08743014281178145,0.9125698571882186,0.9125698571882186,False,,,,,,entity13,3,BN_adapt,logits,13,0.9144614934921265,0.9144614934921265,0.6615384817123413,0.6000000238418579,splits_entity13_BN_adapt_3_0_f475b82dfdbf.npz,f475b82dfdbf,False,False,,,,,,
iw_residual_dis2,5.0,0,6500,260,1625,65,0.9126153846153846,0.0,1.0,25.397035598754883,0.5,0.5,0.4976922869682312,0.2499900907278061,,,,,0.08743014281178145,0.0,1625.0,0.0,65.0,0.0,ok,plugin,False,,1623.6589780262043,1624.6969378058466,1.0638106655517816,1.0002039587758014,1.0190105245115342,,0.0,0.08743014281178145,0.9125698571882186,0.9125698571882186,False,,,,,,entity13,3,BN_adapt,logits,13,0.9144614934921265,0.9144614934921265,0.6615384817123413,0.6000000238418579,splits_entity13_BN_adapt_3_0_f475b82dfdbf.npz,f475b82dfdbf,False,False,,,,,,
dis2_reference,,0,6500,260,1625,65,0.9126153886318207,,,,,,,,,,,,,,,,,,ok,dis2_with_correction,True,0.20271232772930262,,,,,,,,0.26338461136817926,0.7366153886318207,0.5339030609025182,,43.0,24.0,0.20102566480636597,0.5938461422920227,0.7948718070983887,entity13,3,BN_adapt,logits,13,0.9144614934921265,0.9144614934921265,0.6615384817123413,0.6000000238418579,splits_entity13_BN_adapt_3_0_f475b82dfdbf.npz,f475b82dfdbf,True,True,,,,0.01,0.46609693909748184,0.17599999999999993
iw_overlap_critic,1.0,0,6500,33009,1625,8255,0.904,0.0,1.0,3.687958240509033,0.5,0.5,0.5205477476119995,0.2499304860830307,1095.0,4702.0,550.0,2417.0,0.04181362864357206,0.48806783767413686,885.0,740.0,4226.0,4029.0,ok,plugin,False,,864.668867547764,884.6536143808485,0.9999275323836342,0.9821882456642054,0.997958898959362,0.8396624472573839,0.40981223500908537,0.45162586365265744,0.5483741363473426,0.5483741363473426,False,49.0,11.0,0.5361847877502441,0.2842537462711334,0.8204385638237,entity13,1,DANN,logits,13,0.905846118927002,0.905846118927002,0.7318307161331177,0.7345851063728333,splits_entity13_DANN_1_0_f475b82dfdbf.npz,f475b82dfdbf,True,True,,,,,,
iw_residual_dis2,1.0,0,6500,33009,1625,8255,0.904,0.0,1.0,3.687958240509033,0.5,0.5,0.5205477476119995,0.2499304860830307,855.0,4702.0,425.0,2417.0,0.04181362864357206,0.48806783767413686,885.0,740.0,4226.0,4029.0,ok,plugin,False,,864.668867547764,884.6536143808485,0.9999275323836342,0.9821882456642054,0.997958898959362,0.6016381236038719,0.09445577618805967,0.13626940483163175,0.8637305951683683,0.8637305951683683,False,49.0,2.0,0.11366060376167297,0.4941176474094391,0.6077782511711121,entity13,1,DANN,logits,13,0.905846118927002,0.905846118927002,0.7318307161331177,0.7345851063728333,splits_entity13_DANN_1_0_f475b82dfdbf.npz,f475b82dfdbf,False,False,0.11756756756756757,0.5256756756756756,0.07596244792819629,,,
iw_overlap_critic,2.0,0,6500,33009,1625,8255,0.904,0.0,1.0,3.687958240509033,0.5,0.5,0.5205477476119995,0.2499304860830307,,,,,0.09639714533886476,0.0,1625.0,0.0,8255.0,0.0,ok,plugin,False,,1625.451729280784,1623.127960420403,1.146217618916505,0.9971896526039354,1.0615643857114905,,0.0,0.09639714533886476,0.9036028546611352,0.9036028546611352,False,,,,,,entity13,1,DANN,logits,13,0.905846118927002,0.905846118927002,0.7318307161331177,0.7345851063728333,splits_entity13_DANN_1_0_f475b82dfdbf.npz,f475b82dfdbf,False,False,,,,,,
iw_residual_dis2,2.0,0,6500,33009,1625,8255,0.904,0.0,1.0,3.687958240509033,0.5,0.5,0.5205477476119995,0.2499304860830307,,,,,0.09639714533886476,0.0,1625.0,0.0,8255.0,0.0,ok,plugin,False,,1625.451729280784,1623.127960420403,1.146217618916505,0.9971896526039354,1.0615643857114905,,0.0,0.09639714533886476,0.9036028546611352,0.9036028546611352,False,,,,,,entity13,1,DANN,logits,13,0.905846118927002,0.905846118927002,0.7318307161331177,0.7345851063728333,splits_entity13_DANN_1_0_f475b82dfdbf.npz,f475b82dfdbf,False,False,,,,,,
iw_overlap_critic,5.0,0,6500,33009,1625,8255,0.904,0.0,1.0,3.687958240509033,0.5,0.5,0.5205477476119995,0.2499304860830307,,,,,0.09639714533886476,0.0,1625.0,0.0,8255.0,0.0,ok,plugin,False,,1625.451729280784,1623.127960420403,1.146217618916505,0.9971896526039354,1.0615643857114905,,0.0,0.09639714533886476,0.9036028546611352,0.9036028546611352,False,,,,,,entity13,1,DANN,logits,13,0.905846118927002,0.905846118927002,0.7318307161331177,0.7345851063728333,splits_entity13_DANN_1_0_f475b82dfdbf.npz,f475b82dfdbf,False,False,,,,,,
iw_residual_dis2,5.0,0,6500,33009,1625,8255,0.904,0.0,1.0,3.687958240509033,0.5,0.5,0.5205477476119995,0.2499304860830307,,,,,0.09639714533886476,0.0,1625.0,0.0,8255.0,0.0,ok,plugin,False,,1625.451729280784,1623.127960420403,1.146217618916505,0.9971896526039354,1.0615643857114905,,0.0,0.09639714533886476,0.9036028546611352,0.9036028546611352,False,,,,,,entity13,1,DANN,logits,13,0.905846118927002,0.905846118927002,0.7318307161331177,0.7345851063728333,splits_entity13_DANN_1_0_f475b82dfdbf.npz,f475b82dfdbf,False,False,,,,,,
dis2_reference,,0,6500,33009,1625,8255,0.903999999165535,,,,,,,,,,,,,,,,,,ok,dis2_with_correction,True,0.07711571785933785,,,,,,,,0.11528528248195147,0.8847147175180485,0.8075989996587107,,48.0,2.0,0.08767956495285034,0.5907692313194275,0.6784487962722778,entity13,1,DANN,logits,13,0.905846118927002,0.905846118927002,0.7318307161331177,0.7345851063728333,splits_entity13_DANN_1_0_f475b82dfdbf.npz,f475b82dfdbf,False,False,,,,0.01,0.19240100034128932,0.01928528164748644
iw_overlap_critic,1.0,0,6500,260,1625,65,0.9101538461538462,0.0,1.0,54.598148345947266,0.5,0.5,0.4661538600921631,0.2502062916755676,1113.0,39.0,569.0,16.0,0.057597641372582636,0.4153846153846154,914.0,711.0,38.0,27.0,ok,plugin,False,,908.1486474369128,913.9821017712328,0.9999544647096918,0.9942687832018487,0.9993117815146303,0.9259259259259259,0.38461538461538464,0.4422130259879673,0.5577869740120327,0.5577869740120327,False,48.0,9.0,0.6067284345626831,0.3307715356349945,0.9375,entity13,2,DANN,logits,13,0.9129230380058289,0.9129230380058289,0.8615384697914124,0.8461538553237915,splits_entity13_DANN_2_0_f475b82dfdbf.npz,f475b82dfdbf,True,True,,,,,,
iw_residual_dis2,1.0,0,6500,260,1625,65,0.9101538461538462,0.0,1.0,54.598148345947266,0.5,0.5,0.4661538600921631,0.2502062916755676,837.0,39.0,406.0,16.0,0.057597641372582636,0.4153846153846154,914.0,711.0,38.0,27.0,ok,plugin,False,,908.1486474369128,913.9821017712328,0.9999544647096918,0.9942687832018487,0.9993117815146303,0.5925925925925926,0.011879259980525777,0.06947690135310841,0.9305230986468915,0.9305230986468915,False,49.0,9.0,0.27894091606140137,0.5960590839385986,0.875,entity13,2,DANN,logits,13,0.9129230380058289,0.9129230380058289,0.8615384697914124,0.8461538553237915,splits_entity13_DANN_2_0_f475b82dfdbf.npz,f475b82dfdbf,False,False,0.07313642756680731,0.6371308016877637,-0.044538209095171144,,,
iw_overlap_critic,2.0,0,6500,260,1625,65,0.9101538461538462,0.0,1.0,54.598148345947266,0.5,0.5,0.4661538600921631,0.2502062916755676,,,,,0.0897240431413496,0.0,1625.0,0.0,65.0,0.0,ok,plugin,False,,1622.9808558045895,1624.9135292993105,1.0295263176653389,0.9986247386053284,1.010330241000122,,0.0,0.0897240431413496,0.9102759568586504,0.9102759568586504,False,,,,,,entity13,2,DANN,logits,13,0.9129230380058289,0.9129230380058289,0.8615384697914124,0.8461538553237915,splits_entity13_DANN_2_0_f475b82dfdbf.npz,f475b82dfdbf,False,False,,,,,,
iw_residual_dis2,2.0,0,6500,260,1625,65,0.9101538461538462,0.0,1.0,54.598148345947266,0.5,0.5,0.4661538600921631,0.2502062916755676,,,,,0.0897240431413496,0.0,1625.0,0.0,65.0,0.0,ok,plugin,False,,1622.9808558045895,1624.9135292993105,1.0295263176653389,0.9986247386053284,1.010330241000122,,0.0,0.0897240431413496,0.9102759568586504,0.9102759568586504,False,,,,,,entity13,2,DANN,logits,13,0.9129230380058289,0.9129230380058289,0.8615384697914124,0.8461538553237915,splits_entity13_DANN_2_0_f475b82dfdbf.npz,f475b82dfdbf,False,False,,,,,,
iw_overlap_critic,5.0,0,6500,260,1625,65,0.9101538461538462,0.0,1.0,54.598148345947266,0.5,0.5,0.4661538600921631,0.2502062916755676,,,,,0.0897240431413496,0.0,1625.0,0.0,65.0,0.0,ok,plugin,False,,1622.9808558045895,1624.9135292993105,1.0295263176653389,0.9986247386053284,1.010330241000122,,0.0,0.0897240431413496,0.9102759568586504,0.9102759568586504,False,,,,,,entity13,2,DANN,logits,13,0.9129230380058289,0.9129230380058289,0.8615384697914124,0.8461538553237915,splits_entity13_DANN_2_0_f475b82dfdbf.npz,f475b82dfdbf,False,False,,,,,,
iw_residual_dis2,5.0,0,6500,260,1625,65,0.9101538461538462,0.0,1.0,54.598148345947266,0.5,0.5,0.4661538600921631,0.2502062916755676,,,,,0.0897240431413496,0.0,1625.0,0.0,65.0,0.0,ok,plugin,False,,1622.9808558045895,1624.9135292993105,1.0295263176653389,0.9986247386053284,1.010330241000122,,0.0,0.0897240431413496,0.9102759568586504,0.9102759568586504,False,,,,,,entity13,2,DANN,logits,13,0.9129230380058289,0.9129230380058289,0.8615384697914124,0.8461538553237915,splits_entity13_DANN_2_0_f475b82dfdbf.npz,f475b82dfdbf,False,False,,,,,,
dis2_reference,,0,6500,260,1625,65,0.9101538509130478,,,,,,,,,,,,,,,,,,ok,dis2_with_correction,True,0.20271232772930262,,,,,,,,0.11999999524079841,0.8800000047592016,0.677287677029899,,38.0,15.0,0.18256407976150513,0.7917948961257935,0.9743589758872986,entity13,2,DANN,logits,13,0.9129230380058289,0.9129230380058289,0.8615384697914124,0.8461538553237915,splits_entity13_DANN_2_0_f475b82dfdbf.npz,f475b82dfdbf,True,True,,,,0.01,0.322712322970101,0.030153846153846198
iw_overlap_critic,1.0,0,6500,260,1625,65,0.9027692307692308,0.0,1.0,3.830349922180176,0.5,0.5,0.516153872013092,0.24943119287490845,1071.0,25.0,528.0,20.0,0.049964944966442285,0.4307692307692308,865.0,760.0,37.0,28.0,ok,plugin,False,,790.1093611449412,860.9135100127055,0.9998734491857184,0.9263041277882371,0.9922203820686408,0.9285714285714286,0.4,0.4499649449664423,0.5500350550335578,0.5500350550335578,False,49.0,13.0,0.5536012649536133,0.3963986933231354,0.949999988079071,entity13,3,DANN,logits,13,0.907076895236969,0.907076895236969,0.6653845906257629,0.5538461804389954,splits_entity13_DANN_3_0_f475b82dfdbf.npz,f475b82dfdbf,True,True,,,,,,
iw_residual_dis2,1.0,0,6500,260,1625,65,0.9027692307692308,0.0,1.0,3.830349922180176,0.5,0.5,0.516153872013092,0.24943119287490845,879.0,25.0,447.0,20.0,0.049964944966442285,0.4307692307692308,865.0,760.0,37.0,28.0,ok,plugin,False,,790.1093611449412,860.9135100127055,0.9998734491857184,0.9263041277882371,0.9922203820686408,0.4642857142857143,0.01238866396761131,0.062353608934053596,0.9376463910659464,0.9376463910659464,False,42.0,18.0,0.3100671172142029,0.4899328947067261,0.800000011920929,entity13,3,DANN,logits,13,0.907076895236969,0.907076895236969,0.6653845906257629,0.5538461804389954,splits_entity13_DANN_3_0_f475b82dfdbf.npz,f475b82dfdbf,False,False,0.09473684210526316,0.5302631578947369,-0.06597744360902258,,,
iw_overlap_critic,2.0,0,6500,260,1625,65,0.9027692307692308,0.0,1.0,3.830349922180176,0.5,0.5,0.516153872013092,0.24943119287490845,,,,,0.09681538446997534,0.0,1625.0,0.0,65.0,0.0,ok,plugin,False,,1615.3376671424385,1605.3965345672318,1.5597520559256435,0.9906993392827033,1.17506646938591,,0.0,0.09681538446997534,0.9031846155300247,0.9031846155300247,False,,,,,,entity13,3,DANN,logits,13,0.907076895236969,0.907076895236969,0.6653845906257629,0.5538461804389954,splits_entity13_DANN_3_0_f475b82dfdbf.npz,f475b82dfdbf,False,False,,,,,,
iw_residual_dis2,2.0,0,6500,260,1625,65,0.9027692307692308,0.0,1.0,3.830349922180176,0.5,0.5,0.516153872013092,0.24943119287490845,,,,,0.09681538446997534,0.0,1625.0,0.0,65.0,0.0,ok,plugin,False,,1615.3376671424385,1605.3965345672318,1.5597520559256435,0.9906993392827033,1.17506646938591,,0.0,0.09681538446997534,0.9031846155300247,0.9031846155300247,False,,,,,,entity13,3,DANN,logits,13,0.907076895236969,0.907076895236969,0.6653845906257629,0.5538461804389954,splits_entity13_DANN_3_0_f475b82dfdbf.npz,f475b82dfdbf,False,False,,,,,,
iw_overlap_critic,5.0,0,6500,260,1625,65,0.9027692307692308,0.0,1.0,3.830349922180176,0.5,0.5,0.516153872013092,0.24943119287490845,,,,,0.09681538446997534,0.0,1625.0,0.0,65.0,0.0,ok,plugin,False,,1615.3376671424385,1605.3965345672318,1.5597520559256435,0.9906993392827033,1.17506646938591,,0.0,0.09681538446997534,0.9031846155300247,0.9031846155300247,False,,,,,,entity13,3,DANN,logits,13,0.907076895236969,0.907076895236969,0.6653845906257629,0.5538461804389954,splits_entity13_DANN_3_0_f475b82dfdbf.npz,f475b82dfdbf,False,False,,,,,,
iw_residual_dis2,5.0,0,6500,260,1625,65,0.9027692307692308,0.0,1.0,3.830349922180176,0.5,0.5,0.516153872013092,0.24943119287490845,,,,,0.09681538446997534,0.0,1625.0,0.0,65.0,0.0,ok,plugin,False,,1615.3376671424385,1605.3965345672318,1.5597520559256435,0.9906993392827033,1.17506646938591,,0.0,0.09681538446997534,0.9031846155300247,0.9031846155300247,False,,,,,,entity13,3,DANN,logits,13,0.907076895236969,0.907076895236969,0.6653845906257629,0.5538461804389954,splits_entity13_DANN_3_0_f475b82dfdbf.npz,f475b82dfdbf,False,False,,,,,,
dis2_reference,,0,6500,260,1625,65,0.9027692303061485,,,,,,,,,,,,,,,,,,ok,dis2_with_correction,True,0.20271232772930262,,,,,,,,0.1323076927707746,0.8676923072292254,0.6649799794999228,,33.0,13.0,0.16923075914382935,0.7794871926307678,0.9487179517745972,entity13,3,DANN,logits,13,0.907076895236969,0.907076895236969,0.6653845906257629,0.5538461804389954,splits_entity13_DANN_3_0_f475b82dfdbf.npz,f475b82dfdbf,True,False,,,,0.01,0.3350200205000772,0.03507692307692312
iw_overlap_critic,1.0,0,6500,33009,1625,8255,0.9132307692307693,0.0,1.0,2.3982067108154297,0.5,0.5,0.5145338177680969,0.2498086541891098,963.0,5331.0,476.0,2766.0,0.0341259207448088,0.549969715324046,785.0,840.0,3715.0,4540.0,ok,plugin,False,,750.9530503434278,783.7144746345067,0.9999609926596473,0.9687128193803883,0.9972074332734864,0.8830396475770925,0.4856450635978195,0.5197709843426284,0.48022901565737164,0.48022901565737164,False,49.0,11.0,0.5894227623939514,0.29850202798843384,0.8879247903823853,entity13,1,CDANN,logits,13,0.9096922874450684,0.9096922874450684,0.7354357838630676,0.7372501492500305,splits_entity13_CDANN_1_0_f475b82dfdbf.npz,f475b82dfdbf,True,True,,,,,,
iw_residual_dis2,1.0,0,6500,33009,1625,8255,0.9132307692307693,0.0,1.0,2.3982067108154297,0.5,0.5,0.5145338177680969,0.2498086541891098,987.0,5331.0,499.0,2766.0,0.0341259207448088,0.549969715324046,785.0,840.0,3715.0,4540.0,ok,plugin,False,,750.9530503434278,783.7144746345067,0.9999609926596473,0.9687128193803883,0.9972074332734864,0.6947136563876652,0.08155230596175478,0.11567822670656358,0.8843217732934364,0.8843217732934364,False,44.0,2.0,0.09839493036270142,0.5971943736076355,0.6955893039703369,entity13,1,CDANN,logits,13,0.9096922874450684,0.9096922874450684,0.7354357838630676,0.7372501492500305,splits_entity13_CDANN_1_0_f475b82dfdbf.npz,f475b82dfdbf,False,False,0.1,0.6464285714285715,0.04828508495909378,,,
iw_overlap_critic,2.0,0,6500,33009,1625,8255,0.9132307692307693,0.0,1.0,2.3982067108154297,0.5,0.5,0.5145338177680969,0.2498086541891098,,,,,0.08716399680370747,0.0,1625.0,0.0,8255.0,0.0,ok,plugin,False,,1626.8973288698844,1619.8188336937326,1.2154376662173454,1.0017288221139384,1.0907311822584893,,0.0,0.08716399680370747,0.9128360031962925,0.9128360031962925,False,,,,,,entity13,1,CDANN,logits,13,0.9096922874450684,0.9096922874450684,0.7354357838630676,0.7372501492500305,splits_entity13_CDANN_1_0_f475b82dfdbf.npz,f475b82dfdbf,False,False,,,,,,
iw_residual_dis2,2.0,0,6500,33009,1625,8255,0.9132307692307693,0.0,1.0,2.3982067108154297,0.5,0.5,0.5145338177680969,0.2498086541891098,,,,,0.08716399680370747,0.0,1625.0,0.0,8255.0,0.0,ok,plugin,False,,1626.8973288698844,1619.8188336937326,1.2154376662173454,1.0017288221139384,1.0907311822584893,,0.0,0.08716399680370747,0.9128360031962925,0.9128360031962925,False,,,,,,entity13,1,CDANN,logits,13,0.9096922874450684,0.9096922874450684,0.7354357838630676,0.7372501492500305,splits_entity13_CDANN_1_0_f475b82dfdbf.npz,f475b82dfdbf,False,False,,,,,,
iw_overlap_critic,5.0,0,6500,33009,1625,8255,0.9132307692307693,0.0,1.0,2.3982067108154297,0.5,0.5,0.5145338177680969,0.2498086541891098,,,,,0.08716399680370747,0.0,1625.0,0.0,8255.0,0.0,ok,plugin,False,,1626.8973288698844,1619.8188336937326,1.2154376662173454,1.0017288221139384,1.0907311822584893,,0.0,0.08716399680370747,0.9128360031962925,0.9128360031962925,False,,,,,,entity13,1,CDANN,logits,13,0.9096922874450684,0.9096922874450684,0.7354357838630676,0.7372501492500305,splits_entity13_CDANN_1_0_f475b82dfdbf.npz,f475b82dfdbf,False,False,,,,,,
iw_residual_dis2,5.0,0,6500,33009,1625,8255,0.9132307692307693,0.0,1.0,2.3982067108154297,0.5,0.5,0.5145338177680969,0.2498086541891098,,,,,0.08716399680370747,0.0,1625.0,0.0,8255.0,0.0,ok,plugin,False,,1626.8973288698844,1619.8188336937326,1.2154376662173454,1.0017288221139384,1.0907311822584893,,0.0,0.08716399680370747,0.9128360031962925,0.9128360031962925,False,,,,,,entity13,1,CDANN,logits,13,0.9096922874450684,0.9096922874450684,0.7354357838630676,0.7372501492500305,splits_entity13_CDANN_1_0_f475b82dfdbf.npz,f475b82dfdbf,False,False,,,,,,
dis2_reference,,0,6500,33009,1625,8255,0.9132307693362236,,,,,,,,,,,,,,,,,,ok,dis2_with_correction,True,0.07711571785933785,,,,,,,,0.11420956985214714,0.8857904301478529,0.808674712288515,,48.0,2.0,0.09683430194854736,0.5733333230018616,0.6701676249504089,entity13,1,CDANN,logits,13,0.9096922874450684,0.9096922874450684,0.7354357838630676,0.7372501492500305,splits_entity13_CDANN_1_0_f475b82dfdbf.npz,f475b82dfdbf,False,False,,,,0.01,0.191325287711485,0.027440339188370744
iw_overlap_critic,1.0,0,6500,260,1625,65,0.9058461538461539,0.0,1.0,54.598148345947266,0.5,0.5,0.39384615421295166,0.2502327263355255,1144.0,37.0,555.0,14.0,0.04778286515983268,0.35384615384615387,933.0,692.0,42.0,23.0,ok,plugin,False,,927.294173626729,932.9810471197078,0.9999925456464903,0.9947164300223924,0.9993735245800063,0.9565217391304348,0.3384615384615385,0.38624440362137114,0.6137555963786289,0.6137555963786289,False,49.0,9.0,0.6675568222999573,0.3324431777000427,1.0,entity13,2,CDANN,logits,13,0.9081538319587708,0.9081538319587708,0.8423076868057251,0.8769230842590332,splits_entity13_CDANN_2_0_f475b82dfdbf.npz,f475b82dfdbf,True,True,,,,,,
iw_residual_dis2,1.0,0,6500,260,1625,65,0.9058461538461539,0.0,1.0,54.598148345947266,0.5,0.5,0.39384615421295166,0.2502327263355255,806.0,37.0,420.0,14.0,0.04778286515983268,0.35384615384615387,933.0,692.0,42.0,23.0,ok,plugin,False,,927.294173626729,932.9810471197078,0.9999925456464903,0.9947164300223924,0.9993735245800063,0.782608695652174,0.028412627834593182,0.07619549299442586,0.9238045070055741,0.9238045070055741,False,48.0,21.0,0.2023809552192688,0.7976190447807312,1.0,entity13,2,CDANN,logits,13,0.9081538319587708,0.9081538319587708,0.8423076868057251,0.8769230842590332,splits_entity13_CDANN_2_0_f475b82dfdbf.npz,f475b82dfdbf,False,False,0.10838150289017341,0.8106936416184971,-0.02808494596632316,,,
iw_overlap_critic,2.0,0,6500,260,1625,65,0.9058461538461539,0.0,1.0,54.598148345947266,0.5,0.5,0.39384615421295166,0.2502327263355255,,,,,0.0941234260824005,0.0,1625.0,0.0,65.0,0.0,ok,plugin,False,,1622.9480364599706,1624.914174672017,1.0364243672746556,0.9988015387721471,1.0105301857139013,,0.0,0.0941234260824005,0.9058765739175995,0.9058765739175995,False,,,,,,entity13,2,CDANN,logits,13,0.9081538319587708,0.9081538319587708,0.8423076868057251,0.8769230842590332,splits_entity13_CDANN_2_0_f475b82dfdbf.npz,f475b82dfdbf,False,False,,,,,,
iw_residual_dis2,2.0,0,6500,260,1625,65,0.9058461538461539,0.0,1.0,54.598148345947266,0.5,0.5,0.39384615421295166,0.2502327263355255,,,,,0.0941234260824005,0.0,1625.0,0.0,65.0,0.0,ok,plugin,False,,1622.9480364599706,1624.914174672017,1.0364243672746556,0.9988015387721471,1.0105301857139013,,0.0,0.0941234260824005,0.9058765739175995,0.9058765739175995,False,,,,,,entity13,2,CDANN,logits,13,0.9081538319587708,0.9081538319587708,0.8423076868057251,0.8769230842590332,splits_entity13_CDANN_2_0_f475b82dfdbf.npz,f475b82dfdbf,False,False,,,,,,
iw_overlap_critic,5.0,0,6500,260,1625,65,0.9058461538461539,0.0,1.0,54.598148345947266,0.5,0.5,0.39384615421295166,0.2502327263355255,,,,,0.0941234260824005,0.0,1625.0,0.0,65.0,0.0,ok,plugin,False,,1622.9480364599706,1624.914174672017,1.0364243672746556,0.9988015387721471,1.0105301857139013,,0.0,0.0941234260824005,0.9058765739175995,0.9058765739175995,False,,,,,,entity13,2,CDANN,logits,13,0.9081538319587708,0.9081538319587708,0.8423076868057251,0.8769230842590332,splits_entity13_CDANN_2_0_f475b82dfdbf.npz,f475b82dfdbf,False,False,,,,,,
iw_residual_dis2,5.0,0,6500,260,1625,65,0.9058461538461539,0.0,1.0,54.598148345947266,0.5,0.5,0.39384615421295166,0.2502327263355255,,,,,0.0941234260824005,0.0,1625.0,0.0,65.0,0.0,ok,plugin,False,,1622.9480364599706,1624.914174672017,1.0364243672746556,0.9988015387721471,1.0105301857139013,,0.0,0.0941234260824005,0.9058765739175995,0.9058765739175995,False,,,,,,entity13,2,CDANN,logits,13,0.9081538319587708,0.9081538319587708,0.8423076868057251,0.8769230842590332,splits_entity13_CDANN_2_0_f475b82dfdbf.npz,f475b82dfdbf,False,False,,,,,,
dis2_reference,,0,6500,260,1625,65,0.9058461561799049,,,,,,,,,,,,,,,,,,ok,dis2_with_correction,True,0.20271232772930262,,,,,,,,-0.014153848487597265,1.0141538484875974,0.8114415207582948,,40.0,26.0,0.162051260471344,0.7610256671905518,0.9230769276618958,entity13,2,CDANN,logits,13,0.9081538319587708,0.9081538319587708,0.8423076868057251,0.8769230842590332,splits_entity13_CDANN_2_0_f475b82dfdbf.npz,f475b82dfdbf,True,True,,,,0.01,0.18855847924170535,-0.10830769230769233
iw_overlap_critic,1.0,0,6500,260,1625,65,0.9015384615384615,0.0,1.0,5.533639430999756,0.5,0.5,0.48076921701431274,0.24978940188884735,893.0,40.0,447.0,21.0,0.044253647519449574,0.5538461538461539,726.0,899.0,29.0,36.0,ok,plugin,False,,685.2348836425374,723.8872640563205,0.9999612482059286,0.9599718487923172,0.9967807019333703,0.8888888888888888,0.49230769230769234,0.5365613398271419,0.46343866017285806,0.46343866017285806,False,49.0,18.0,0.646506667137146,0.3534933626651764,1.0,entity13,3,CDANN,logits,13,0.9061538577079773,0.9061538577079773,0.6653845906257629,0.5692307949066162,splits_entity13_CDANN_3_0_f475b82dfdbf.npz,f475b82dfdbf,True,True,,,,,,
iw_residual_dis2,1.0,0,6500,260,1625,65,0.9015384615384615,0.0,1.0,5.533639430999756,0.5,0.5,0.48076921701431274,0.24978940188884735,1057.0,40.0,528.0,21.0,0.044253647519449574,0.5538461538461539,726.0,899.0,29.0,36.0,ok,plugin,False,,685.2348836425374,723.8872640563205,0.9999612482059286,0.9599718487923172,0.9967807019333703,0.75,0.08455548900487722,0.1288091365243268,0.8711908634756732,0.8711908634756732,False,29.0,25.0,0.20021647214889526,0.7045454382896423,0.9047619104385376,entity13,3,CDANN,logits,13,0.9061538577079773,0.9061538577079773,0.6653845906257629,0.5692307949066162,splits_entity13_CDANN_3_0_f475b82dfdbf.npz,f475b82dfdbf,False,False,0.09566184649610679,0.692992213570634,0.05700778642936599,,,
iw_overlap_critic,2.0,0,6500,260,1625,65,0.9015384615384615,0.0,1.0,5.533639430999756,0.5,0.5,0.48076921701431274,0.24978940188884735,,,,,0.09893176709000366,0.0,1625.0,0.0,65.0,0.0,ok,plugin,False,,1623.8538745476258,1618.0954354770329,1.184193507693934,1.007715047511049,1.0916158389561164,,0.0,0.09893176709000366,0.9010682329099964,0.9010682329099964,False,,,,,,entity13,3,CDANN,logits,13,0.9061538577079773,0.9061538577079773,0.6653845906257629,0.5692307949066162,splits_entity13_CDANN_3_0_f475b82dfdbf.npz,f475b82dfdbf,False,False,,,,,,
iw_residual_dis2,2.0,0,6500,260,1625,65,0.9015384615384615,0.0,1.0,5.533639430999756,0.5,0.5,0.48076921701431274,0.24978940188884735,,,,,0.09893176709000366,0.0,1625.0,0.0,65.0,0.0,ok,plugin,False,,1623.8538745476258,1618.0954354770329,1.184193507693934,1.007715047511049,1.0916158389561164,,0.0,0.09893176709000366,0.9010682329099964,0.9010682329099964,False,,,,,,entity13,3,CDANN,logits,13,0.9061538577079773,0.9061538577079773,0.6653845906257629,0.5692307949066162,splits_entity13_CDANN_3_0_f475b82dfdbf.npz,f475b82dfdbf,False,False,,,,,,
iw_overlap_critic,5.0,0,6500,260,1625,65,0.9015384615384615,0.0,1.0,5.533639430999756,0.5,0.5,0.48076921701431274,0.24978940188884735,,,,,0.09893176709000366,0.0,1625.0,0.0,65.0,0.0,ok,plugin,False,,1623.8538745476258,1618.0954354770329,1.184193507693934,1.007715047511049,1.0916158389561164,,0.0,0.09893176709000366,0.9010682329099964,0.9010682329099964,False,,,,,,entity13,3,CDANN,logits,13,0.9061538577079773,0.9061538577079773,0.6653845906257629,0.5692307949066162,splits_entity13_CDANN_3_0_f475b82dfdbf.npz,f475b82dfdbf,False,False,,,,,,
iw_residual_dis2,5.0,0,6500,260,1625,65,0.9015384615384615,0.0,1.0,5.533639430999756,0.5,0.5,0.48076921701431274,0.24978940188884735,,,,,0.09893176709000366,0.0,1625.0,0.0,65.0,0.0,ok,plugin,False,,1623.8538745476258,1618.0954354770329,1.184193507693934,1.007715047511049,1.0916158389561164,,0.0,0.09893176709000366,0.9010682329099964,0.9010682329099964,False,,,,,,entity13,3,CDANN,logits,13,0.9061538577079773,0.9061538577079773,0.6653845906257629,0.5692307949066162,splits_entity13_CDANN_3_0_f475b82dfdbf.npz,f475b82dfdbf,False,False,,,,,,
dis2_reference,,0,6500,260,1625,65,0.9015384614467621,,,,,,,,,,,,,,,,,,ok,dis2_with_correction,True,0.20271232772930262,,,,,,,,0.12369230778400708,0.8763076922159929,0.6735953644866903,,45.0,2.0,0.15589743852615356,0.5620512962341309,0.7179487347602844,entity13,3,CDANN,logits,13,0.9061538577079773,0.9061538577079773,0.6653845906257629,0.5692307949066162,splits_entity13_CDANN_3_0_f475b82dfdbf.npz,f475b82dfdbf,False,False,,,,0.01,0.32640463551330967,0.025230769230769168
iw_overlap_critic,1.0,0,6500,33009,1625,8255,0.9070769230769231,0.0,1.0,1.4550573825836182,0.5,0.5,0.5435314178466797,0.24873244762420654,1130.0,5083.0,571.0,2543.0,0.04808197135478204,0.5150817686250757,928.0,697.0,4003.0,4252.0,ok,plugin,False,,843.2793286042081,923.3821599343556,0.9996624233086028,0.9182461382002076,0.9925951862232806,0.8513640639698965,0.43852210781344636,0.4866040791682284,0.5133959208317715,0.5133959208317715,False,48.0,12.0,0.5113758444786072,0.3576764464378357,0.8690522909164429,entity13,1,FixMatch,logits,13,0.9084615111351013,0.9084615111351013,0.783907413482666,0.7844942808151245,splits_entity13_FixMatch_1_0_f475b82dfdbf.npz,f475b82dfdbf,True,True,,,,,,
iw_residual_dis2,1.0,0,6500,33009,1625,8255,0.9070769230769231,0.0,1.0,1.4550573825836182,0.5,0.5,0.5435314178466797,0.24873244762420654,820.0,5083.0,404.0,2543.0,0.04808197135478204,0.5150817686250757,928.0,697.0,4003.0,4252.0,ok,plugin,False,,843.2793286042081,923.3821599343556,0.9996624233086028,0.9182461382002076,0.9925951862232806,0.6848541862652869,0.0874555397493976,0.13553751110417964,0.8644624888958203,0.8644624888958203,False,49.0,2.0,0.13139444589614868,0.5618811845779419,0.6932756304740906,entity13,1,FixMatch,logits,13,0.9084615111351013,0.9084615111351013,0.783907413482666,0.7844942808151245,splits_entity13_FixMatch_1_0_f475b82dfdbf.npz,f475b82dfdbf,False,False,0.09469153515064563,0.6097560975609756,0.07509808870431134,,,
iw_overlap_critic,2.0,0,6500,33009,1625,8255,0.9070769230769231,0.0,1.0,1.4550573825836182,0.5,0.5,0.5435314178466797,0.24873244762420654,,,,,0.09191288707931866,0.0,1625.0,0.0,8255.0,0.0,ok,plugin,False,,1641.4488473149563,1586.6131904049967,1.90121475678755,0.9799994407040198,1.3239664464902665,,0.0,0.09191288707931866,0.9080871129206813,0.9080871129206813,False,,,,,,entity13,1,FixMatch,logits,13,0.9084615111351013,0.9084615111351013,0.783907413482666,0.7844942808151245,splits_entity13_FixMatch_1_0_f475b82dfdbf.npz,f475b82dfdbf,False,False,,,,,,
iw_residual_dis2,2.0,0,6500,33009,1625,8255,0.9070769230769231,0.0,1.0,1.4550573825836182,0.5,0.5,0.5435314178466797,0.24873244762420654,,,,,0.09191288707931866,0.0,1625.0,0.0,8255.0,0.0,ok,plugin,False,,1641.4488473149563,1586.6131904049967,1.90121475678755,0.9799994407040198,1.3239664464902665,,0.0,0.09191288707931866,0.9080871129206813,0.9080871129206813,False,,,,,,entity13,1,FixMatch,logits,13,0.9084615111351013,0.9084615111351013,0.783907413482666,0.7844942808151245,splits_entity13_FixMatch_1_0_f475b82dfdbf.npz,f475b82dfdbf,False,False,,,,,,
iw_overlap_critic,5.0,0,6500,33009,1625,8255,0.9070769230769231,0.0,1.0,1.4550573825836182,0.5,0.5,0.5435314178466797,0.24873244762420654,,,,,0.09191288707931866,0.0,1625.0,0.0,8255.0,0.0,ok,plugin,False,,1641.4488473149563,1586.6131904049967,1.90121475678755,0.9799994407040198,1.3239664464902665,,0.0,0.09191288707931866,0.9080871129206813,0.9080871129206813,False,,,,,,entity13,1,FixMatch,logits,13,0.9084615111351013,0.9084615111351013,0.783907413482666,0.7844942808151245,splits_entity13_FixMatch_1_0_f475b82dfdbf.npz,f475b82dfdbf,False,False,,,,,,
iw_residual_dis2,5.0,0,6500,33009,1625,8255,0.9070769230769231,0.0,1.0,1.4550573825836182,0.5,0.5,0.5435314178466797,0.24873244762420654,,,,,0.09191288707931866,0.0,1625.0,0.0,8255.0,0.0,ok,plugin,False,,1641.4488473149563,1586.6131904049967,1.90121475678755,0.9799994407040198,1.3239664464902665,,0.0,0.09191288707931866,0.9080871129206813,0.9080871129206813,False,,,,,,entity13,1,FixMatch,logits,13,0.9084615111351013,0.9084615111351013,0.783907413482666,0.7844942808151245,splits_entity13_FixMatch_1_0_f475b82dfdbf.npz,f475b82dfdbf,False,False,,,,,,
dis2_reference,,0,6500,33009,1625,8255,0.9070769250392914,,,,,,,,,,,,,,,,,,ok,dis2_with_correction,True,0.07711571785933785,,,,,,,,0.15374924092073283,0.8462507590792672,0.7691350412199294,,49.0,21.0,0.11690092086791992,0.6082051396369934,0.7251060605049133,entity13,1,FixMatch,logits,13,0.9084615111351013,0.9084615111351013,0.783907413482666,0.7844942808151245,splits_entity13_FixMatch_1_0_f475b82dfdbf.npz,f475b82dfdbf,True,True,,,,0.01,0.23086495878007068,0.060826165960024214
iw_overlap_critic,1.0,0,6500,260,1625,65,0.9009230769230769,0.0,1.0,54.598148345947266,0.5,0.5,0.5015385150909424,0.2500728964805603,1094.0,39.0,546.0,12.0,0.05890686775603606,0.3384615384615385,888.0,737.0,43.0,22.0,ok,plugin,False,,884.0241589160028,887.99011301885,0.9999907585531196,0.9962351668727802,0.9996010274043272,0.9545454545454546,0.3230769230769231,0.38198379083295914,0.6180162091670409,0.6180162091670409,False,49.0,18.0,0.6085284948348999,0.3081381916999817,0.9166666865348816,entity13,2,FixMatch,logits,13,0.9064615368843079,0.9064615368843079,0.8500000238418579,0.8615384697914124,splits_entity13_FixMatch_2_0_f475b82dfdbf.npz,f475b82dfdbf,True,True,,,,,,
iw_residual_dis2,1.0,0,6500,260,1625,65,0.9009230769230769,0.0,1.0,54.598148345947266,0.5,0.5,0.5015385150909424,0.2500728964805603,856.0,39.0,429.0,12.0,0.05890686775603606,0.3384615384615385,888.0,737.0,43.0,22.0,ok,plugin,False,,884.0241589160028,887.99011301885,0.9999907585531196,0.9962351668727802,0.9996010274043272,0.7727272727272727,0.06544202066590128,0.12434888842193734,0.8756511115780626,0.8756511115780626,False,49.0,15.0,0.22027969360351562,0.6130536198616028,0.8333333134651184,entity13,2,FixMatch,logits,13,0.9064615368843079,0.9064615368843079,0.8500000238418579,0.8615384697914124,splits_entity13_FixMatch_2_0_f475b82dfdbf.npz,f475b82dfdbf,False,False,0.08819538670284939,0.6675712347354138,0.10515603799185891,,,
iw_overlap_critic,2.0,0,6500,260,1625,65,0.9009230769230769,0.0,1.0,54.598148345947266,0.5,0.5,0.5015385150909424,0.2500728964805603,,,,,0.09900473727829395,0.0,1625.0,0.0,65.0,0.0,ok,plugin,False,,1623.9295989488955,1624.9558617884702,1.0151660367505841,0.9993271837342014,1.0075259393606255,,0.0,0.09900473727829395,0.900995262721706,0.900995262721706,False,,,,,,entity13,2,FixMatch,logits,13,0.9064615368843079,0.9064615368843079,0.8500000238418579,0.8615384697914124,splits_entity13_FixMatch_2_0_f475b82dfdbf.npz,f475b82dfdbf,False,False,,,,,,
iw_residual_dis2,2.0,0,6500,260,1625,65,0.9009230769230769,0.0,1.0,54.598148345947266,0.5,0.5,0.5015385150909424,0.2500728964805603,,,,,0.09900473727829395,0.0,1625.0,0.0,65.0,0.0,ok,plugin,False,,1623.9295989488955,1624.9558617884702,1.0151660367505841,0.9993271837342014,1.0075259393606255,,0.0,0.09900473727829395,0.900995262721706,0.900995262721706,False,,,,,,entity13,2,FixMatch,logits,13,0.9064615368843079,0.9064615368843079,0.8500000238418579,0.8615384697914124,splits_entity13_FixMatch_2_0_f475b82dfdbf.npz,f475b82dfdbf,False,False,,,,,,
iw_overlap_critic,5.0,0,6500,260,1625,65,0.9009230769230769,0.0,1.0,54.598148345947266,0.5,0.5,0.5015385150909424,0.2500728964805603,,,,,0.09900473727829395,0.0,1625.0,0.0,65.0,0.0,ok,plugin,False,,1623.9295989488955,1624.9558617884702,1.0151660367505841,0.9993271837342014,1.0075259393606255,,0.0,0.09900473727829395,0.900995262721706,0.900995262721706,False,,,,,,entity13,2,FixMatch,logits,13,0.9064615368843079,0.9064615368843079,0.8500000238418579,0.8615384697914124,splits_entity13_FixMatch_2_0_f475b82dfdbf.npz,f475b82dfdbf,False,False,,,,,,
iw_residual_dis2,5.0,0,6500,260,1625,65,0.9009230769230769,0.0,1.0,54.598148345947266,0.5,0.5,0.5015385150909424,0.2500728964805603,,,,,0.09900473727829395,0.0,1625.0,0.0,65.0,0.0,ok,plugin,False,,1623.9295989488955,1624.9558617884702,1.0151660367505841,0.9993271837342014,1.0075259393606255,,0.0,0.09900473727829395,0.900995262721706,0.900995262721706,False,,,,,,entity13,2,FixMatch,logits,13,0.9064615368843079,0.9064615368843079,0.8500000238418579,0.8615384697914124,splits_entity13_FixMatch_2_0_f475b82dfdbf.npz,f475b82dfdbf,False,False,,,,,,
dis2_reference,,0,6500,260,1625,65,0.9009230807423592,,,,,,,,,,,,,,,,,,ok,dis2_with_correction,True,0.20271232772930262,,,,,,,,0.07446153464225624,0.9255384653577438,0.7228261376284412,,35.0,2.0,0.2071794867515564,0.6646153926849365,0.8717948794364929,entity13,2,FixMatch,logits,13,0.9064615368843079,0.9064615368843079,0.8500000238418579,0.8615384697914124,splits_entity13_FixMatch_2_0_f475b82dfdbf.npz,f475b82dfdbf,True,True,,,,0.01,0.27717386237155883,-0.024615384615384595
iw_overlap_critic,1.0,0,6500,260,1625,65,0.896,0.0,1.0,1.623958706855774,0.5,0.5,0.5561538338661194,0.24780091643333435,1021.0,32.0,471.0,19.0,0.05483868940046344,0.49230769230769234,815.0,810.0,33.0,32.0,ok,plugin,False,,699.0199354890368,796.7652666661008,0.999795436727704,0.8964790932414578,0.9896931968407839,0.75,0.36923076923076925,0.4240694586312327,0.5759305413687673,0.5759305413687673,False,49.0,18.0,0.569116473197937,0.3256203830242157,0.8947368264198303,entity13,3,FixMatch,logits,13,0.9041538238525391,0.9041538238525391,0.6499999761581421,0.5846154093742371,splits_entity13_FixMatch_3_0_f475b82dfdbf.npz,f475b82dfdbf,True,True,,,,,,
iw_residual_dis2,1.0,0,6500,260,1625,65,0.896,0.0,1.0,1.623958706855774,0.5,0.5,0.5561538338661194,0.24780091643333435,929.0,32.0,504.0,19.0,0.05483868940046344,0.49230769230769234,815.0,810.0,33.0,32.0,ok,plugin,False,,699.0199354890368,796.7652666661008,0.999795436727704,0.8964790932414578,0.9896931968407839,0.625,0.06093067426400761,0.11576936366447105,0.884230636335529,0.884230636335529,False,49.0,29.0,0.27662909030914307,0.5654761791229248,0.8421052694320679,entity13,3,FixMatch,logits,13,0.9041538238525391,0.9041538238525391,0.6499999761581421,0.5846154093742371,splits_entity13_FixMatch_3_0_f475b82dfdbf.npz,f475b82dfdbf,False,False,0.08765432098765433,0.5888888888888889,0.036111111111111094,,,
iw_overlap_critic,2.0,0,6500,260,1625,65,0.896,0.0,1.0,1.623958706855774,0.5,0.5,0.5561538338661194,0.24780091643333435,,,,,0.10205066059144448,0.0,1625.0,0.0,65.0,0.0,ok,plugin,False,,1625.9476688223476,1567.6994848648808,1.8368637232548892,0.9996833557121209,1.3214127827231323,,0.0,0.10205066059144448,0.8979493394085555,0.8979493394085555,False,,,,,,entity13,3,FixMatch,logits,13,0.9041538238525391,0.9041538238525391,0.6499999761581421,0.5846154093742371,splits_entity13_FixMatch_3_0_f475b82dfdbf.npz,f475b82dfdbf,False,False,,,,,,
iw_residual_dis2,2.0,0,6500,260,1625,65,0.896,0.0,1.0,1.623958706855774,0.5,0.5,0.5561538338661194,0.24780091643333435,,,,,0.10205066059144448,0.0,1625.0,0.0,65.0,0.0,ok,plugin,False,,1625.9476688223476,1567.6994848648808,1.8368637232548892,0.9996833557121209,1.3214127827231323,,0.0,0.10205066059144448,0.8979493394085555,0.8979493394085555,False,,,,,,entity13,3,FixMatch,logits,13,0.9041538238525391,0.9041538238525391,0.6499999761581421,0.5846154093742371,splits_entity13_FixMatch_3_0_f475b82dfdbf.npz,f475b82dfdbf,False,False,,,,,,
iw_overlap_critic,5.0,0,6500,260,1625,65,0.896,0.0,1.0,1.623958706855774,0.5,0.5,0.5561538338661194,0.24780091643333435,,,,,0.10205066059144448,0.0,1625.0,0.0,65.0,0.0,ok,plugin,False,,1625.9476688223476,1567.6994848648808,1.8368637232548892,0.9996833557121209,1.3214127827231323,,0.0,0.10205066059144448,0.8979493394085555,0.8979493394085555,False,,,,,,entity13,3,FixMatch,logits,13,0.9041538238525391,0.9041538238525391,0.6499999761581421,0.5846154093742371,splits_entity13_FixMatch_3_0_f475b82dfdbf.npz,f475b82dfdbf,False,False,,,,,,
iw_residual_dis2,5.0,0,6500,260,1625,65,0.896,0.0,1.0,1.623958706855774,0.5,0.5,0.5561538338661194,0.24780091643333435,,,,,0.10205066059144448,0.0,1625.0,0.0,65.0,0.0,ok,plugin,False,,1625.9476688223476,1567.6994848648808,1.8368637232548892,0.9996833557121209,1.3214127827231323,,0.0,0.10205066059144448,0.8979493394085555,0.8979493394085555,False,,,,,,entity13,3,FixMatch,logits,13,0.9041538238525391,0.9041538238525391,0.6499999761581421,0.5846154093742371,splits_entity13_FixMatch_3_0_f475b82dfdbf.npz,f475b82dfdbf,False,False,,,,,,
dis2_reference,,0,6500,260,1625,65,0.8960000053048134,,,,,,,,,,,,,,,,,,ok,dis2_with_correction,True,0.20271232772930262,,,,,,,,0.09169230238749437,0.9083076976125056,0.705595369883203,,49.0,23.0,0.14666670560836792,0.6482051014900208,0.7948718070983887,entity13,3,FixMatch,logits,13,0.9041538238525391,0.9041538238525391,0.6499999761581421,0.5846154093742371,splits_entity13_FixMatch_3_0_f475b82dfdbf.npz,f475b82dfdbf,False,False,,,,0.01,0.29440463011679696,-0.012307692307692242
iw_overlap_critic,1.0,0,6000,30828,1500,7709,0.8506666666666667,0.0,1.0,1.2178304195404053,0.5,0.5,0.5528082847595215,0.2467149943113327,932.0,5224.0,474.0,2556.0,0.06379604051400597,0.5646646776495006,808.0,692.0,3356.0,4353.0,ok,plugin,False,,655.501220974037,786.8645698469157,0.9995261453460242,0.8325617547781374,0.9822118026478857,0.8695152768205835,0.49098456349721104,0.554780604011217,0.445219395988783,0.445219395988783,False,44.0,23.0,0.5024799704551697,0.37036824226379395,0.8728482127189636,entity30,1,ERM-aug-rand,logits,30,0.85916668176651,0.85916668176651,0.559426486492157,0.5599948167800903,splits_entity30_ERM-aug-rand_1_0_f475b82dfdbf.npz,f475b82dfdbf,True,True,,,,,,
iw_residual_dis2,1.0,0,6000,30828,1500,7709,0.8506666666666667,0.0,1.0,1.2178304195404053,0.5,0.5,0.5528082847595215,0.2467149943113327,868.0,5224.0,426.0,2556.0,0.06379604051400597,0.5646646776495006,808.0,692.0,3356.0,4353.0,ok,plugin,False,,655.501220974037,786.8645698469157,0.9995261453460242,0.8325617547781374,0.9822118026478857,0.6953824948311509,0.19600448241189455,0.2598005229259005,0.7401994770740995,0.7401994770740995,False,49.0,18.0,0.2586071789264679,0.4530516564846039,0.7116588354110718,entity30,1,ERM-aug-rand,logits,30,0.85916668176651,0.85916668176651,0.559426486492157,0.5599948167800903,splits_entity30_ERM-aug-rand_1_0_f475b82dfdbf.npz,f475b82dfdbf,False,False,0.16473988439306358,0.5130057803468208,0.18237671448433013,,,
iw_overlap_critic,2.0,0,6000,30828,1500,7709,0.8506666666666667,0.0,1.0,1.2178304195404053,0.5,0.5,0.5528082847595215,0.2467149943113327,1781.0,4.0,891.0,7.0,0.1511342064518752,0.0014269036191464522,1491.0,9.0,7698.0,11.0,ok,plugin,False,,1486.1695365185456,1393.9527718318463,1.9852820271588376,0.9758782468538605,1.4963046223844838,0.9090909090909091,0.0012971851083149566,0.15243139156019014,0.8475686084398099,0.8475686084398099,False,49.0,23.0,0.6369292140007019,0.3630707859992981,1.0,entity30,1,ERM-aug-rand,logits,30,0.85916668176651,0.85916668176651,0.559426486492157,0.5599948167800903,splits_entity30_ERM-aug-rand_1_0_f475b82dfdbf.npz,f475b82dfdbf,False,False,,,,,,
iw_residual_dis2,2.0,0,6000,30828,1500,7709,0.8506666666666667,0.0,1.0,1.2178304195404053,0.5,0.5,0.5528082847595215,0.2467149943113327,19.0,4.0,9.0,7.0,0.1511342064518752,0.0014269036191464522,1491.0,9.0,7698.0,11.0,ok,plugin,False,,1486.1695365185456,1393.9527718318463,1.9852820271588376,0.9758782468538605,1.4963046223844838,0.8181818181818182,0.0003747423646243208,0.1515089488164995,0.8484910511835004,0.8484910511835004,False,24.0,26.0,0.5555555820465088,0.4444444477558136,1.0,entity30,1,ERM-aug-rand,logits,30,0.85916668176651,0.85916668176651,0.559426486492157,0.5599948167800903,splits_entity30_ERM-aug-rand_1_0_f475b82dfdbf.npz,f475b82dfdbf,False,False,0.0,0.5555555555555556,0.26262626262626265,,,
iw_overlap_critic,5.0,0,6000,30828,1500,7709,0.8506666666666667,0.0,1.0,1.2178304195404053,0.5,0.5,0.5528082847595215,0.2467149943113327,,,,,0.1511342064518752,0.0,1500.0,0.0,7709.0,0.0,ok,plugin,False,,1506.5923564339018,1391.412099766539,2.793648483380594,0.978475503946076,1.5203302267570726,,0.0,0.1511342064518752,0.8488657935481247,0.8488657935481247,False,,,,,,entity30,1,ERM-aug-rand,logits,30,0.85916668176651,0.85916668176651,0.559426486492157,0.5599948167800903,splits_entity30_ERM-aug-rand_1_0_f475b82dfdbf.npz,f475b82dfdbf,False,False,,,,,,
iw_residual_dis2,5.0,0,6000,30828,1500,7709,0.8506666666666667,0.0,1.0,1.2178304195404053,0.5,0.5,0.5528082847595215,0.2467149943113327,,,,,0.1511342064518752,0.0,1500.0,0.0,7709.0,0.0,ok,plugin,False,,1506.5923564339018,1391.412099766539,2.793648483380594,0.978475503946076,1.5203302267570726,,0.0,0.1511342064518752,0.8488657935481247,0.8488657935481247,False,,,,,,entity30,1,ERM-aug-rand,logits,30,0.85916668176651,0.85916668176651,0.559426486492157,0.5599948167800903,splits_entity30_ERM-aug-rand_1_0_f475b82dfdbf.npz,f475b82dfdbf,False,False,,,,,,
dis2_reference,,0,6000,30828,1500,7709,0.8506666719913483,,,,,,,,,,,,,,,,,,ok,dis2_with_correction,True,0.0802428490519671,,,,,,,,0.3997185919858213,0.6002814080141787,0.5200385589622116,,49.0,15.0,0.24840158224105835,0.4144444465637207,0.662846028804779,entity30,1,ERM-aug-rand,logits,30,0.85916668176651,0.85916668176651,0.559426486492157,0.5599948167800903,splits_entity30_ERM-aug-rand_1_0_f475b82dfdbf.npz,f475b82dfdbf,True,True,,,,0.01,0.4799614410377884,0.2503852639771696
iw_overlap_critic,1.0,0,6000,1200,1500,300,0.8506666666666667,0.0,1.0,1.3433641195297241,0.5,0.5,0.6191666722297668,0.23649024963378906,1094.0,217.0,566.0,103.0,0.0656390657445329,0.61,932.0,568.0,117.0,183.0,ok,plugin,False,,625.4341834051402,844.7945615499652,0.9997007934209388,0.6962165889409301,0.9708451310377493,0.8524590163934426,0.5199999999999999,0.5856390657445328,0.41436093425546716,0.41436093425546716,False,49.0,6.0,0.2902008295059204,0.5641680955886841,0.8543689250946045,entity30,2,ERM-aug-rand,logits,30,0.85916668176651,0.85916668176651,0.815833330154419,0.8166666626930237,splits_entity30_ERM-aug-rand_2_0_f475b82dfdbf.npz,f475b82dfdbf,True,True,,,,,,
iw_residual_dis2,1.0,0,6000,1200,1500,300,0.8506666666666667,0.0,1.0,1.3433641195297241,0.5,0.5,0.6191666722297668,0.23649024963378906,706.0,217.0,334.0,103.0,0.0656390657445329,0.61,932.0,568.0,117.0,183.0,ok,plugin,False,,625.4341834051402,844.7945615499652,0.9997007934209388,0.6962165889409301,0.9708451310377493,0.7213114754098361,0.1328521126760563,0.1984911784205892,0.8015088215794108,0.8015088215794108,False,42.0,4.0,0.20338934659957886,0.553892195224762,0.7572815418243408,entity30,2,ERM-aug-rand,logits,30,0.85916668176651,0.85916668176651,0.815833330154419,0.8166666626930237,splits_entity30_ERM-aug-rand_2_0_f475b82dfdbf.npz,f475b82dfdbf,True,True,0.13380281690140844,0.6373239436619719,0.08398753174786422,,,
iw_overlap_critic,2.0,0,6000,1200,1500,300,0.8506666666666667,0.0,1.0,1.3433641195297241,0.5,0.5,0.6191666722297668,0.23649024963378906,1727.0,29.0,867.0,14.0,0.12635735804415252,0.06666666666666667,1434.0,66.0,280.0,20.0,ok,plugin,False,,1284.4094192024813,1214.8834389383967,1.995501120920931,0.8603066837449445,1.57865499188983,0.95,0.06333333333333332,0.18969069137748584,0.8103093086225142,0.8103093086225142,False,49.0,23.0,0.4325743019580841,0.4245685636997223,0.8571428656578064,entity30,2,ERM-aug-rand,logits,30,0.85916668176651,0.85916668176651,0.815833330154419,0.8166666626930237,splits_entity30_ERM-aug-rand_2_0_f475b82dfdbf.npz,f475b82dfdbf,True,True,,,,,,
iw_residual_dis2,2.0,0,6000,1200,1500,300,0.8506666666666667,0.0,1.0,1.3433641195297241,0.5,0.5,0.6191666722297668,0.23649024963378906,73.0,29.0,33.0,14.0,0.12635735804415252,0.06666666666666667,1434.0,66.0,280.0,20.0,ok,plugin,False,,1284.4094192024813,1214.8834389383967,1.995501120920931,0.8603066837449445,1.57865499188983,0.85,0.008181818181818179,0.1345391762259707,0.8654608237740293,0.8654608237740293,False,7.0,9.0,0.3030303120613098,0.6969696879386902,1.0,entity30,2,ERM-aug-rand,logits,30,0.85916668176651,0.85916668176651,0.815833330154419,0.8166666626930237,splits_entity30_ERM-aug-rand_2_0_f475b82dfdbf.npz,f475b82dfdbf,False,False,0.12121212121212122,0.8484848484848485,0.0015151515151514694,,,
iw_overlap_critic,5.0,0,6000,1200,1500,300,0.8506666666666667,0.0,1.0,1.3433641195297241,0.5,0.5,0.6191666722297668,0.23649024963378906,1782.0,0.0,895.0,3.0,0.1381401008591686,0.006666666666666667,1488.0,12.0,298.0,2.0,unsupported_critic_region,plugin,False,,1431.9431348860608,1139.0828706726948,4.9879515710267786,0.8768308404147895,1.8726749686781299,,,,,,,,,,,,entity30,2,ERM-aug-rand,logits,30,0.85916668176651,0.85916668176651,0.815833330154419,0.8166666626930237,splits_entity30_ERM-aug-rand_2_0_f475b82dfdbf.npz,f475b82dfdbf,,,,,,,,
iw_residual_dis2,5.0,0,6000,1200,1500,300,0.8506666666666667,0.0,1.0,1.3433641195297241,0.5,0.5,0.6191666722297668,0.23649024963378906,18.0,0.0,5.0,3.0,0.1381401008591686,0.006666666666666667,1488.0,12.0,298.0,2.0,unsupported_critic_region,plugin,False,,1431.9431348860608,1139.0828706726948,4.9879515710267786,0.8768308404147895,1.8726749686781299,,,,,,,,,,,,entity30,2,ERM-aug-rand,logits,30,0.85916668176651,0.85916668176651,0.815833330154419,0.8166666626930237,splits_entity30_ERM-aug-rand_2_0_f475b82dfdbf.npz,f475b82dfdbf,,,,,,,,
dis2_reference,,0,6000,1200,1500,300,0.8506666719913483,,,,,,,,,,,,,,,,,,ok,dis2_with_correction,True,0.11753940002383997,,,,,,,,0.20666666134198508,0.7933333386580149,0.6757939386341749,,49.0,9.0,0.15000003576278687,0.605555534362793,0.7555555701255798,entity30,2,ERM-aug-rand,logits,30,0.85916668176651,0.85916668176651,0.815833330154419,0.8166666626930237,splits_entity30_ERM-aug-rand_2_0_f475b82dfdbf.npz,f475b82dfdbf,True,True,,,,0.01,0.3242060613658251,0.05733333333333335
iw_overlap_critic,1.0,0,6000,1200,1500,300,0.8506666666666667,0.0,1.0,0.9911705851554871,0.5,0.5,0.6416667103767395,0.22325949370861053,1099.0,233.0,571.0,114.0,0.05673876693267353,0.6233333333333333,951.0,549.0,113.0,187.0,ok,plugin,False,,532.8065258064041,794.3800840464123,0.9997274198993402,0.5656558177590136,0.9417743359543441,0.8502673796791443,0.5299999999999999,0.5867387669326735,0.41326123306732654,0.41326123306732654,False,49.0,10.0,0.27025026082992554,0.6157146692276001,0.8859649300575256,entity30,3,ERM-aug-rand,logits,30,0.85916668176651,0.85916668176651,0.7908333539962769,0.7766667008399963,splits_entity30_ERM-aug-rand_3_0_f475b82dfdbf.npz,f475b82dfdbf,True,True,,,,,,
iw_residual_dis2,1.0,0,6000,1200,1500,300,0.8506666666666667,0.0,1.0,0.9911705851554871,0.5,0.5,0.6416667103767395,0.22325949370861053,701.0,233.0,329.0,114.0,0.05673876693267353,0.6233333333333333,951.0,549.0,113.0,187.0,ok,plugin,False,,532.8065258064041,794.3800840464123,0.9997274198993402,0.5656558177590136,0.9417743359543441,0.7112299465240641,0.1697024893746205,0.22644125630729406,0.7735587436927059,0.7735587436927059,False,49.0,29.0,0.2043139636516571,0.4711246192455292,0.6754385828971863,entity30,3,ERM-aug-rand,logits,30,0.85916668176651,0.85916668176651,0.7908333539962769,0.7766667008399963,splits_entity30_ERM-aug-rand_3_0_f475b82dfdbf.npz,f475b82dfdbf,True,True,0.12932604735883424,0.5683060109289617,0.1429239355951024,,,
iw_overlap_critic,2.0,0,6000,1200,1500,300,0.8506666666666667,0.0,1.0,0.9911705851554871,0.5,0.5,0.6416667103767395,0.22325949370861053,1641.0,82.0,832.0,36.0,0.10533695324957575,0.18,1363.0,137.0,246.0,54.0,ok,plugin,False,,1099.3660344256218,1034.7414091233609,1.9939827609310394,0.7356298744830421,1.6768632663582086,0.8888888888888888,0.15999999999999998,0.26533695324957574,0.7346630467504243,0.7346630467504243,False,45.0,15.0,0.2819637060165405,0.5513696074485779,0.8333333134651184,entity30,3,ERM-aug-rand,logits,30,0.85916668176651,0.85916668176651,0.7908333539962769,0.7766667008399963,splits_entity30_ERM-aug-rand_3_0_f475b82dfdbf.npz,f475b82dfdbf,True,True,,,,,,
iw_residual_dis2,2.0,0,6000,1200,1500,300,0.8506666666666667,0.0,1.0,0.9911705851554871,0.5,0.5,0.6416667103767395,0.22325949370861053,159.0,82.0,68.0,36.0,0.10533695324957575,0.18,1363.0,137.0,246.0,54.0,ok,plugin,False,,1099.3660344256218,1034.7414091233609,1.9939827609310394,0.7356298744830421,1.6768632663582086,0.7407407407407407,0.05712895377128952,0.16246590702086527,0.8375340929791347,0.8375340929791347,False,32.0,7.0,0.406862735748291,0.4264705777168274,0.8333333134651184,entity30,3,ERM-aug-rand,logits,30,0.85916668176651,0.85916668176651,0.7908333539962769,0.7766667008399963,splits_entity30_ERM-aug-rand_3_0_f475b82dfdbf.npz,f475b82dfdbf,False,False,0.1386861313868613,0.5620437956204379,0.17869694512030276,,,
iw_overlap_critic,5.0,0,6000,1200,1500,300,0.8506666666666667,0.0,1.0,0.9911705851554871,0.5,0.5,0.6416667103767395,0.22325949370861053,1764.0,6.0,884.0,6.0,0.1388579531382059,0.016666666666666666,1472.0,28.0,295.0,5.0,ok,plugin,False,,1390.4453524910234,974.3273466176079,4.4803044118111455,0.7903860933199477,2.26795388657602,1.0,0.016666666666666666,0.15552461980487256,0.8444753801951275,0.8444753801951275,False,46.0,27.0,0.6531389951705933,0.34686097502708435,1.0,entity30,3,ERM-aug-rand,logits,30,0.85916668176651,0.85916668176651,0.7908333539962769,0.7766667008399963,splits_entity30_ERM-aug-rand_3_0_f475b82dfdbf.npz,f475b82dfdbf,False,False,,,,,,
iw_residual_dis2,5.0,0,6000,1200,1500,300,0.8506666666666667,0.0,1.0,0.9911705851554871,0.5,0.5,0.6416667103767395,0.22325949370861053,36.0,6.0,16.0,6.0,0.1388579531382059,0.016666666666666666,1472.0,28.0,295.0,5.0,ok,plugin,False,,1390.4453524910234,974.3273466176079,4.4803044118111455,0.7903860933199477,2.26795388657602,0.8,0.003809523809523811,0.14266747694772972,0.8573325230522703,0.8573325230522703,False,4.0,12.0,0.3125,0.6875,1.0,entity30,3,ERM-aug-rand,logits,30,0.85916668176651,0.85916668176651,0.7908333539962769,0.7766667008399963,splits_entity30_ERM-aug-rand_3_0_f475b82dfdbf.npz,f475b82dfdbf,False,False,0.0,0.5714285714285714,0.22857142857142865,,,
dis2_reference,,0,6000,1200,1500,300,0.8506666719913483,,,,,,,,,,,,,,,,,,ok,dis2_with_correction,True,0.11753940002383997,,,,,,,,0.13666666134198502,0.863333338658015,0.745793938634175,,46.0,19.0,0.1577777862548828,0.6366666555404663,0.7944444417953491,entity30,3,ERM-aug-rand,logits,30,0.85916668176651,0.85916668176651,0.7908333539962769,0.7766667008399963,splits_entity30_ERM-aug-rand_3_0_f475b82dfdbf.npz,f475b82dfdbf,True,True,,,,0.01,0.254206061365825,-0.012666666666666715
iw_overlap_critic,1.0,0,6000,30828,1500,7709,0.8486666666666667,0.0,1.0,1.3877121210098267,0.5,0.5,0.5521219968795776,0.24791306257247925,911.0,5253.0,451.0,2616.0,0.0730187973589676,0.5602542482812297,809.0,691.0,3390.0,4319.0,ok,plugin,False,,684.9862990920216,794.2006980424554,0.9999120387133308,0.8694284173583569,0.9890138400270877,0.8606158833063209,0.48216370476066933,0.5551825021196369,0.44481749788036307,0.44481749788036307,False,49.0,7.0,0.5203472375869751,0.34012678265571594,0.8604739904403687,entity30,1,BN_adapt,logits,30,0.8539999723434448,0.8539999723434448,0.5543012619018555,0.5577895641326904,splits_entity30_BN_adapt_1_0_f475b82dfdbf.npz,f475b82dfdbf,True,True,,,,,,
iw_residual_dis2,1.0,0,6000,30828,1500,7709,0.8486666666666667,0.0,1.0,1.3877121210098267,0.5,0.5,0.5521219968795776,0.24791306257247925,889.0,5253.0,449.0,2616.0,0.0730187973589676,0.5602542482812297,809.0,691.0,3390.0,4319.0,ok,plugin,False,,684.9862990920216,794.2006980424554,0.9999120387133308,0.8694284173583569,0.9890138400270877,0.6642741375318361,0.1921675550163237,0.2651863523752913,0.7348136476247087,0.7348136476247087,False,48.0,7.0,0.2672044038772583,0.423162579536438,0.6903669834136963,entity30,1,BN_adapt,logits,30,0.8539999723434448,0.8539999723434448,0.5543012619018555,0.5577895641326904,splits_entity30_BN_adapt_1_0_f475b82dfdbf.npz,f475b82dfdbf,False,False,0.14905933429811866,0.4703328509406657,0.19394128659117038,,,
iw_overlap_critic,2.0,0,6000,30828,1500,7709,0.8486666666666667,0.0,1.0,1.3877121210098267,0.5,0.5,0.5521219968795776,0.24791306257247925,1798.0,0.0,898.0,1.0,0.15142201188591697,0.00012971851083149564,1500.0,0.0,7708.0,1.0,unsupported_critic_region,plugin,False,,1493.8901426600833,1434.6128329996216,1.953229837277069,0.9843277849394615,1.367058632881092,,,,,,,,,,,,entity30,1,BN_adapt,logits,30,0.8539999723434448,0.8539999723434448,0.5543012619018555,0.5577895641326904,splits_entity30_BN_adapt_1_0_f475b82dfdbf.npz,f475b82dfdbf,,,,,,,,
iw_residual_dis2,2.0,0,6000,30828,1500,7709,0.8486666666666667,0.0,1.0,1.3877121210098267,0.5,0.5,0.5521219968795776,0.24791306257247925,,,,,0.15142201188591697,0.00012971851083149564,1500.0,0.0,7708.0,1.0,unsupported_residual_source_region,plugin,False,,1493.8901426600833,1434.6128329996216,1.953229837277069,0.9843277849394615,1.367058632881092,,,,,,,,,,,,entity30,1,BN_adapt,logits,30,0.8539999723434448,0.8539999723434448,0.5543012619018555,0.5577895641326904,splits_entity30_BN_adapt_1_0_f475b82dfdbf.npz,f475b82dfdbf,,,,,,,,
iw_overlap_critic,5.0,0,6000,30828,1500,7709,0.8486666666666667,0.0,1.0,1.3877121210098267,0.5,0.5,0.5521219968795776,0.24791306257247925,,,,,0.15142201188591697,0.0,1500.0,0.0,7709.0,0.0,ok,plugin,False,,1493.8901426600833,1434.6128329996216,1.953229837277069,0.9843277849394615,1.367058632881092,,0.0,0.15142201188591697,0.848577988114083,0.848577988114083,False,,,,,,entity30,1,BN_adapt,logits,30,0.8539999723434448,0.8539999723434448,0.5543012619018555,0.5577895641326904,splits_entity30_BN_adapt_1_0_f475b82dfdbf.npz,f475b82dfdbf,False,False,,,,,,
iw_residual_dis2,5.0,0,6000,30828,1500,7709,0.8486666666666667,0.0,1.0,1.3877121210098267,0.5,0.5,0.5521219968795776,0.24791306257247925,,,,,0.15142201188591697,0.0,1500.0,0.0,7709.0,0.0,ok,plugin,False,,1493.8901426600833,1434.6128329996216,1.953229837277069,0.9843277849394615,1.367058632881092,,0.0,0.15142201188591697,0.848577988114083,0.848577988114083,False,,,,,,entity30,1,BN_adapt,logits,30,0.8539999723434448,0.8539999723434448,0.5543012619018555,0.5577895641326904,splits_entity30_BN_adapt_1_0_f475b82dfdbf.npz,f475b82dfdbf,False,False,,,,,,
dis2_reference,,0,6000,30828,1500,7709,0.8486666679382324,,,,,,,,,,,,,,,,,,ok,dis2_with_correction,True,0.0802428490519671,,,,,,,,0.40130496694739914,0.5986950330526009,0.5184521840006338,,49.0,15.0,0.25701457262039185,0.4077777862548828,0.6647923588752747,entity30,1,BN_adapt,logits,30,0.8539999723434448,0.8539999723434448,0.5543012619018555,0.5577895641326904,splits_entity30_BN_adapt_1_0_f475b82dfdbf.npz,f475b82dfdbf,True,True,,,,0.01,0.48154781599936625,0.24997163488563157
iw_overlap_critic,1.0,0,6000,240,1500,60,0.854,0.0,1.0,54.598148345947266,0.5,0.5,0.4700000286102295,0.2502559423446655,1086.0,30.0,552.0,12.0,0.09222763692026378,0.3333333333333333,905.0,595.0,40.0,20.0,ok,plugin,False,,891.4497246435942,904.8707851199671,0.9999354806968652,0.987741250364943,0.9986425620917176,0.8,0.26666666666666666,0.3588943035869304,0.6411056964130696,0.6411056964130696,False,47.0,26.0,0.4414139986038208,0.4752526879310608,0.9166666865348816,entity30,2,BN_adapt,logits,30,0.8678333163261414,0.8678333163261414,0.8041667342185974,0.7333333492279053,splits_entity30_BN_adapt_2_0_f475b82dfdbf.npz,f475b82dfdbf,True,True,,,,,,
iw_residual_dis2,1.0,0,6000,240,1500,60,0.854,0.0,1.0,54.598148345947266,0.5,0.5,0.4700000286102295,0.2502559423446655,714.0,30.0,348.0,12.0,0.09222763692026378,0.3333333333333333,905.0,595.0,40.0,20.0,ok,plugin,False,,891.4497246435942,904.8707851199671,0.9999354806968652,0.987741250364943,0.9986425620917176,0.7,0.02661064425770306,0.11883828117796684,0.8811617188220332,0.8811617188220332,False,20.0,9.0,0.25,0.75,1.0,entity30,2,BN_adapt,logits,30,0.8678333163261414,0.8678333163261414,0.8041667342185974,0.7333333492279053,splits_entity30_BN_adapt_2_0_f475b82dfdbf.npz,f475b82dfdbf,False,False,0.13277310924369748,0.7529411764705882,-0.05294117647058827,,,
iw_overlap_critic,2.0,0,6000,240,1500,60,0.854,0.0,1.0,54.598148345947266,0.5,0.5,0.4700000286102295,0.2502559423446655,,,,,0.1452678622122301,0.0,1500.0,0.0,60.0,0.0,ok,plugin,False,,1492.770164693516,1499.5928345933928,1.0529715326772853,0.9959549823900649,1.02089117481107,,0.0,0.1452678622122301,0.8547321377877699,0.8547321377877699,False,,,,,,entity30,2,BN_adapt,logits,30,0.8678333163261414,0.8678333163261414,0.8041667342185974,0.7333333492279053,splits_entity30_BN_adapt_2_0_f475b82dfdbf.npz,f475b82dfdbf,False,False,,,,,,
iw_residual_dis2,2.0,0,6000,240,1500,60,0.854,0.0,1.0,54.598148345947266,0.5,0.5,0.4700000286102295,0.2502559423446655,,,,,0.1452678622122301,0.0,1500.0,0.0,60.0,0.0,ok,plugin,False,,1492.770164693516,1499.5928345933928,1.0529715326772853,0.9959549823900649,1.02089117481107,,0.0,0.1452678622122301,0.8547321377877699,0.8547321377877699,False,,,,,,entity30,2,BN_adapt,logits,30,0.8678333163261414,0.8678333163261414,0.8041667342185974,0.7333333492279053,splits_entity30_BN_adapt_2_0_f475b82dfdbf.npz,f475b82dfdbf,False,False,,,,,,
iw_overlap_critic,5.0,0,6000,240,1500,60,0.854,0.0,1.0,54.598148345947266,0.5,0.5,0.4700000286102295,0.2502559423446655,,,,,0.1452678622122301,0.0,1500.0,0.0,60.0,0.0,ok,plugin,False,,1492.770164693516,1499.5928345933928,1.0529715326772853,0.9959549823900649,1.02089117481107,,0.0,0.1452678622122301,0.8547321377877699,0.8547321377877699,False,,,,,,entity30,2,BN_adapt,logits,30,0.8678333163261414,0.8678333163261414,0.8041667342185974,0.7333333492279053,splits_entity30_BN_adapt_2_0_f475b82dfdbf.npz,f475b82dfdbf,False,False,,,,,,
iw_residual_dis2,5.0,0,6000,240,1500,60,0.854,0.0,1.0,54.598148345947266,0.5,0.5,0.4700000286102295,0.2502559423446655,,,,,0.1452678622122301,0.0,1500.0,0.0,60.0,0.0,ok,plugin,False,,1492.770164693516,1499.5928345933928,1.0529715326772853,0.9959549823900649,1.02089117481107,,0.0,0.1452678622122301,0.8547321377877699,0.8547321377877699,False,,,,,,entity30,2,BN_adapt,logits,30,0.8678333163261414,0.8678333163261414,0.8041667342185974,0.7333333492279053,splits_entity30_BN_adapt_2_0_f475b82dfdbf.npz,f475b82dfdbf,False,False,,,,,,
dis2_reference,,0,6000,240,1500,60,0.8540000021457672,,,,,,,,,,,,,,,,,,ok,dis2_with_correction,True,0.2109896801533625,,,,,,,,0.09399999785423285,0.9060000021457671,0.6950103219924046,,30.0,12.0,0.1433333158493042,0.801111102104187,0.9444444179534912,entity30,2,BN_adapt,logits,30,0.8678333163261414,0.8678333163261414,0.8041667342185974,0.7333333492279053,splits_entity30_BN_adapt_2_0_f475b82dfdbf.npz,f475b82dfdbf,True,True,,,,0.01,0.30498967800759536,-0.051999999999999935
iw_overlap_critic,1.0,0,6000,240,1500,60,0.8533333333333333,0.0,1.0,54.598148345947266,0.5,0.5,0.4866666793823242,0.24999690055847168,1118.0,26.0,553.0,14.0,0.10603275117228013,0.38333333333333336,942.0,558.0,37.0,23.0,ok,plugin,False,,926.4949322701701,941.8378963406774,0.9999997712894662,0.9861875349200446,0.9986191676667481,0.6086956521739131,0.23333333333333336,0.3393660845056135,0.6606339154943865,0.6606339154943865,False,49.0,23.0,0.6243546009063721,0.37564536929130554,1.0,entity30,3,BN_adapt,logits,30,0.8661666512489319,0.8661666512489319,0.5750000476837158,0.6333333849906921,splits_entity30_BN_adapt_3_0_f475b82dfdbf.npz,f475b82dfdbf,False,False,,,,,,
iw_residual_dis2,1.0,0,6000,240,1500,60,0.8533333333333333,0.0,1.0,54.598148345947266,0.5,0.5,0.4866666793823242,0.24999690055847168,682.0,26.0,347.0,14.0,0.10603275117228013,0.38333333333333336,942.0,558.0,37.0,23.0,ok,plugin,False,,926.4949322701701,941.8378963406774,0.9999997712894662,0.9861875349200446,0.9986191676667481,0.43478260869565216,0.028584229390680997,0.13461698056296112,0.8653830194370389,0.8653830194370389,False,49.0,24.0,0.47035813331604004,0.45821326971054077,0.9285714030265808,entity30,3,BN_adapt,logits,30,0.8661666512489319,0.8661666512489319,0.5750000476837158,0.6333333849906921,splits_entity30_BN_adapt_3_0_f475b82dfdbf.npz,f475b82dfdbf,False,False,0.1057347670250896,0.4659498207885305,-0.031167212092878316,,,
iw_overlap_critic,2.0,0,6000,240,1500,60,0.8533333333333333,0.0,1.0,54.598148345947266,0.5,0.5,0.4866666793823242,0.24999690055847168,,,,,0.1457424807694354,0.0,1500.0,0.0,60.0,0.0,ok,plugin,False,,1490.9766244981029,1499.5064012814973,1.0600821284490558,0.9947370808085652,1.0224322856821602,,0.0,0.1457424807694354,0.8542575192305646,0.8542575192305646,False,,,,,,entity30,3,BN_adapt,logits,30,0.8661666512489319,0.8661666512489319,0.5750000476837158,0.6333333849906921,splits_entity30_BN_adapt_3_0_f475b82dfdbf.npz,f475b82dfdbf,False,False,,,,,,
iw_residual_dis2,2.0,0,6000,240,1500,60,0.8533333333333333,0.0,1.0,54.598148345947266,0.5,0.5,0.4866666793823242,0.24999690055847168,,,,,0.1457424807694354,0.0,1500.0,0.0,60.0,0.0,ok,plugin,False,,1490.9766244981029,1499.5064012814973,1.0600821284490558,0.9947370808085652,1.0224322856821602,,0.0,0.1457424807694354,0.8542575192305646,0.8542575192305646,False,,,,,,entity30,3,BN_adapt,logits,30,0.8661666512489319,0.8661666512489319,0.5750000476837158,0.6333333849906921,splits_entity30_BN_adapt_3_0_f475b82dfdbf.npz,f475b82dfdbf,False,False,,,,,,
iw_overlap_critic,5.0,0,6000,240,1500,60,0.8533333333333333,0.0,1.0,54.598148345947266,0.5,0.5,0.4866666793823242,0.24999690055847168,,,,,0.1457424807694354,0.0,1500.0,0.0,60.0,0.0,ok,plugin,False,,1490.9766244981029,1499.5064012814973,1.0600821284490558,0.9947370808085652,1.0224322856821602,,0.0,0.1457424807694354,0.8542575192305646,0.8542575192305646,False,,,,,,entity30,3,BN_adapt,logits,30,0.8661666512489319,0.8661666512489319,0.5750000476837158,0.6333333849906921,splits_entity30_BN_adapt_3_0_f475b82dfdbf.npz,f475b82dfdbf,False,False,,,,,,
iw_residual_dis2,5.0,0,6000,240,1500,60,0.8533333333333333,0.0,1.0,54.598148345947266,0.5,0.5,0.4866666793823242,0.24999690055847168,,,,,0.1457424807694354,0.0,1500.0,0.0,60.0,0.0,ok,plugin,False,,1490.9766244981029,1499.5064012814973,1.0600821284490558,0.9947370808085652,1.0224322856821602,,0.0,0.1457424807694354,0.8542575192305646,0.8542575192305646,False,,,,,,entity30,3,BN_adapt,logits,30,0.8661666512489319,0.8661666512489319,0.5750000476837158,0.6333333849906921,splits_entity30_BN_adapt_3_0_f475b82dfdbf.npz,f475b82dfdbf,False,False,,,,,,
dis2_reference,,0,6000,240,1500,60,0.8533333390951157,,,,,,,,,,,,,,,,,,ok,dis2_with_correction,True,0.2109896801533625,,,,,,,,0.2339999942382177,0.7660000057617823,0.5550103256084198,,49.0,24.0,0.2622222304344177,0.5988888740539551,0.8611111044883728,entity30,3,BN_adapt,logits,30,0.8661666512489319,0.8661666512489319,0.5750000476837158,0.6333333849906921,splits_entity30_BN_adapt_3_0_f475b82dfdbf.npz,f475b82dfdbf,True,True,,,,0.01,0.4449896743915802,0.08733333333333337
iw_overlap_critic,1.0,0,6000,30828,1500,7709,0.8426666666666667,0.0,1.0,1.728687047958374,0.5,0.5,0.5138411521911621,0.24932533502578735,924.0,4904.0,454.0,2460.0,0.07687397554012927,0.5269165909975353,772.0,728.0,3647.0,4062.0,ok,plugin,False,,710.0551582923695,768.1422446859775,0.9999276622790647,0.9347274436516968,0.9956835614275842,0.861398325947809,0.45388506939940326,0.5307590449395325,0.4692409550604675,0.4692409550604675,False,49.0,0.0,0.4814929962158203,0.37379157543182373,0.855284571647644,entity30,1,DANN,logits,30,0.8550000190734863,0.8550000190734863,0.6190800070762634,0.6236866116523743,splits_entity30_DANN_1_0_f475b82dfdbf.npz,f475b82dfdbf,True,True,,,,,,
iw_residual_dis2,1.0,0,6000,30828,1500,7709,0.8426666666666667,0.0,1.0,1.728687047958374,0.5,0.5,0.5138411521911621,0.24932533502578735,876.0,4904.0,446.0,2460.0,0.07687397554012927,0.5269165909975353,772.0,728.0,3647.0,4062.0,ok,plugin,False,,710.0551582923695,768.1422446859775,0.9999276622790647,0.9347274436516968,0.9956835614275842,0.7183653372722797,0.11867925173801422,0.1955532272781435,0.8044467727218565,0.8044467727218565,False,43.0,19.0,0.11899632215499878,0.6098654866218567,0.7288618087768555,entity30,1,DANN,logits,30,0.8550000190734863,0.8550000190734863,0.6190800070762634,0.6236866116523743,splits_entity30_DANN_1_0_f475b82dfdbf.npz,f475b82dfdbf,False,False,0.15521978021978022,0.6483516483516484,0.07001368892063131,,,
iw_overlap_critic,2.0,0,6000,30828,1500,7709,0.8426666666666667,0.0,1.0,1.728687047958374,0.5,0.5,0.5138411521911621,0.24932533502578735,,,,,0.157693289261415,0.0,1500.0,0.0,7709.0,0.0,ok,plugin,False,,1504.8331593339535,1481.5380631016374,1.450980002028854,0.9974380802346456,1.1953827612708676,,0.0,0.157693289261415,0.842306710738585,0.842306710738585,False,,,,,,entity30,1,DANN,logits,30,0.8550000190734863,0.8550000190734863,0.6190800070762634,0.6236866116523743,splits_entity30_DANN_1_0_f475b82dfdbf.npz,f475b82dfdbf,False,False,,,,,,
iw_residual_dis2,2.0,0,6000,30828,1500,7709,0.8426666666666667,0.0,1.0,1.728687047958374,0.5,0.5,0.5138411521911621,0.24932533502578735,,,,,0.157693289261415,0.0,1500.0,0.0,7709.0,0.0,ok,plugin,False,,1504.8331593339535,1481.5380631016374,1.450980002028854,0.9974380802346456,1.1953827612708676,,0.0,0.157693289261415,0.842306710738585,0.842306710738585,False,,,,,,entity30,1,DANN,logits,30,0.8550000190734863,0.8550000190734863,0.6190800070762634,0.6236866116523743,splits_entity30_DANN_1_0_f475b82dfdbf.npz,f475b82dfdbf,False,False,,,,,,
iw_overlap_critic,5.0,0,6000,30828,1500,7709,0.8426666666666667,0.0,1.0,1.728687047958374,0.5,0.5,0.5138411521911621,0.24932533502578735,,,,,0.157693289261415,0.0,1500.0,0.0,7709.0,0.0,ok,plugin,False,,1504.8331593339535,1481.5380631016374,1.450980002028854,0.9974380802346456,1.1953827612708676,,0.0,0.157693289261415,0.842306710738585,0.842306710738585,False,,,,,,entity30,1,DANN,logits,30,0.8550000190734863,0.8550000190734863,0.6190800070762634,0.6236866116523743,splits_entity30_DANN_1_0_f475b82dfdbf.npz,f475b82dfdbf,False,False,,,,,,
iw_residual_dis2,5.0,0,6000,30828,1500,7709,0.8426666666666667,0.0,1.0,1.728687047958374,0.5,0.5,0.5138411521911621,0.24932533502578735,,,,,0.157693289261415,0.0,1500.0,0.0,7709.0,0.0,ok,plugin,False,,1504.8331593339535,1481.5380631016374,1.450980002028854,0.9974380802346456,1.1953827612708676,,0.0,0.157693289261415,0.842306710738585,0.842306710738585,False,,,,,,entity30,1,DANN,logits,30,0.8550000190734863,0.8550000190734863,0.6190800070762634,0.6236866116523743,splits_entity30_DANN_1_0_f475b82dfdbf.npz,f475b82dfdbf,False,False,,,,,,
dis2_reference,,0,6000,30828,1500,7709,0.8426666706800461,,,,,,,,,,,,,,,,,,ok,dis2_with_correction,True,0.0802428490519671,,,,,,,,0.23218436923001573,0.7678156307699843,0.6875727817180172,,43.0,5.0,0.11723953485488892,0.5877777934074402,0.7050173282623291,entity30,1,DANN,logits,30,0.8550000190734863,0.8550000190734863,0.6190800070762634,0.6236866116523743,splits_entity30_DANN_1_0_f475b82dfdbf.npz,f475b82dfdbf,False,False,,,,0.01,0.31242721828198283,0.07485103991006181
iw_overlap_critic,1.0,0,6000,240,1500,60,0.8606666666666667,0.0,1.0,54.598148345947266,0.5,0.5,0.5016666650772095,0.2500607371330261,1092.0,35.0,527.0,15.0,0.08845385074349671,0.36666666666666664,907.0,593.0,38.0,22.0,ok,plugin,False,,896.1293602913956,906.9210940566969,0.9999915830501377,0.9897718618827152,0.9988644371098994,0.8636363636363636,0.31666666666666665,0.40512051741016336,0.5948794825898367,0.5948794825898367,False,38.0,6.0,0.4394552707672119,0.5605447292327881,1.0,entity30,2,DANN,logits,30,0.8646666407585144,0.8646666407585144,0.7875000238418579,0.7500000596046448,splits_entity30_DANN_2_0_f475b82dfdbf.npz,f475b82dfdbf,True,True,,,,,,
iw_residual_dis2,1.0,0,6000,240,1500,60,0.8606666666666667,0.0,1.0,54.598148345947266,0.5,0.5,0.5016666650772095,0.2500607371330261,708.0,35.0,373.0,15.0,0.08845385074349671,0.36666666666666664,907.0,593.0,38.0,22.0,ok,plugin,False,,896.1293602913956,906.9210940566969,0.9999915830501377,0.9897718618827152,0.9988644371098994,0.7272727272727273,0.07436762225969645,0.16282147300319316,0.8371785269968068,0.8371785269968068,False,40.0,10.0,0.16729223728179932,0.6327077746391296,0.800000011920929,entity30,2,DANN,logits,30,0.8646666407585144,0.8646666407585144,0.7875000238418579,0.7500000596046448,splits_entity30_DANN_2_0_f475b82dfdbf.npz,f475b82dfdbf,False,False,0.12647554806070826,0.6509274873524452,0.07634523992028208,,,
iw_overlap_critic,2.0,0,6000,240,1500,60,0.8606666666666667,0.0,1.0,54.598148345947266,0.5,0.5,0.5016666650772095,0.2500607371330261,,,,,0.1388303003112932,0.0,1500.0,0.0,60.0,0.0,ok,plugin,False,,1494.5841102565068,1499.7261375967405,1.0555103048639427,0.996924677426781,1.017718719317838,,0.0,0.1388303003112932,0.8611696996887068,0.8611696996887068,False,,,,,,entity30,2,DANN,logits,30,0.8646666407585144,0.8646666407585144,0.7875000238418579,0.7500000596046448,splits_entity30_DANN_2_0_f475b82dfdbf.npz,f475b82dfdbf,False,False,,,,,,
iw_residual_dis2,2.0,0,6000,240,1500,60,0.8606666666666667,0.0,1.0,54.598148345947266,0.5,0.5,0.5016666650772095,0.2500607371330261,,,,,0.1388303003112932,0.0,1500.0,0.0,60.0,0.0,ok,plugin,False,,1494.5841102565068,1499.7261375967405,1.0555103048639427,0.996924677426781,1.017718719317838,,0.0,0.1388303003112932,0.8611696996887068,0.8611696996887068,False,,,,,,entity30,2,DANN,logits,30,0.8646666407585144,0.8646666407585144,0.7875000238418579,0.7500000596046448,splits_entity30_DANN_2_0_f475b82dfdbf.npz,f475b82dfdbf,False,False,,,,,,
iw_overlap_critic,5.0,0,6000,240,1500,60,0.8606666666666667,0.0,1.0,54.598148345947266,0.5,0.5,0.5016666650772095,0.2500607371330261,,,,,0.1388303003112932,0.0,1500.0,0.0,60.0,0.0,ok,plugin,False,,1494.5841102565068,1499.7261375967405,1.0555103048639427,0.996924677426781,1.017718719317838,,0.0,0.1388303003112932,0.8611696996887068,0.8611696996887068,False,,,,,,entity30,2,DANN,logits,30,0.8646666407585144,0.8646666407585144,0.7875000238418579,0.7500000596046448,splits_entity30_DANN_2_0_f475b82dfdbf.npz,f475b82dfdbf,False,False,,,,,,
iw_residual_dis2,5.0,0,6000,240,1500,60,0.8606666666666667,0.0,1.0,54.598148345947266,0.5,0.5,0.5016666650772095,0.2500607371330261,,,,,0.1388303003112932,0.0,1500.0,0.0,60.0,0.0,ok,plugin,False,,1494.5841102565068,1499.7261375967405,1.0555103048639427,0.996924677426781,1.017718719317838,,0.0,0.1388303003112932,0.8611696996887068,0.8611696996887068,False,,,,,,entity30,2,DANN,logits,30,0.8646666407585144,0.8646666407585144,0.7875000238418579,0.7500000596046448,splits_entity30_DANN_2_0_f475b82dfdbf.npz,f475b82dfdbf,False,False,,,,,,
dis2_reference,,0,6000,240,1500,60,0.8606666624546051,,,,,,,,,,,,,,,,,,ok,dis2_with_correction,True,0.2109896801533625,,,,,,,,0.09533333754539497,0.904666662454605,0.6936769823012425,,16.0,26.0,0.12444442510604858,0.847777783870697,0.9722222089767456,entity30,2,DANN,logits,30,0.8646666407585144,0.8646666407585144,0.7875000238418579,0.7500000596046448,splits_entity30_DANN_2_0_f475b82dfdbf.npz,f475b82dfdbf,True,True,,,,0.01,0.30632301769875747,-0.04399999999999993
iw_overlap_critic,1.0,0,6000,240,1500,60,0.8553333333333333,0.0,1.0,54.598148345947266,0.5,0.5,0.46166667342185974,0.2499976009130478,1071.0,23.0,561.0,15.0,0.10404034762582066,0.2833333333333333,899.0,601.0,43.0,17.0,ok,plugin,False,,885.5139838432106,898.8437843434226,0.9999182526896018,0.9883556664836274,0.9985498484536302,0.8823529411764706,0.24999999999999997,0.35404034762582065,0.6459596523741793,0.6459596523741793,False,49.0,22.0,0.4760025143623352,0.4573308229446411,0.9333333373069763,entity30,3,DANN,logits,30,0.8636666536331177,0.8636666536331177,0.5708333849906921,0.6666666865348816,splits_entity30_DANN_3_0_f475b82dfdbf.npz,f475b82dfdbf,False,True,,,,,,
iw_residual_dis2,1.0,0,6000,240,1500,60,0.8553333333333333,0.0,1.0,54.598148345947266,0.5,0.5,0.46166667342185974,0.2499976009130478,729.0,23.0,339.0,15.0,0.10404034762582066,0.2833333333333333,899.0,601.0,43.0,17.0,ok,plugin,False,,885.5139838432106,898.8437843434226,0.9999182526896018,0.9883556664836274,0.9985498484536302,0.4117647058823529,0.030865224625623966,0.13490557225144462,0.8650944277485554,0.8650944277485554,False,49.0,27.0,0.3380531072616577,0.39528024196624756,0.7333333492279053,entity30,3,DANN,logits,30,0.8636666536331177,0.8636666536331177,0.5708333849906921,0.6666666865348816,splits_entity30_DANN_3_0_f475b82dfdbf.npz,f475b82dfdbf,False,False,0.09816971713810316,0.40099833610648916,0.01076636977586376,,,
iw_overlap_critic,2.0,0,6000,240,1500,60,0.8553333333333333,0.0,1.0,54.598148345947266,0.5,0.5,0.46166667342185974,0.2499976009130478,,,,,0.143718802763159,0.0,1500.0,0.0,60.0,0.0,ok,plugin,False,,1492.3784582378312,1499.583435511841,1.0412212537758008,0.9963825535291864,1.020531419000476,,0.0,0.143718802763159,0.856281197236841,0.856281197236841,False,,,,,,entity30,3,DANN,logits,30,0.8636666536331177,0.8636666536331177,0.5708333849906921,0.6666666865348816,splits_entity30_DANN_3_0_f475b82dfdbf.npz,f475b82dfdbf,False,False,,,,,,
iw_residual_dis2,2.0,0,6000,240,1500,60,0.8553333333333333,0.0,1.0,54.598148345947266,0.5,0.5,0.46166667342185974,0.2499976009130478,,,,,0.143718802763159,0.0,1500.0,0.0,60.0,0.0,ok,plugin,False,,1492.3784582378312,1499.583435511841,1.0412212537758008,0.9963825535291864,1.020531419000476,,0.0,0.143718802763159,0.856281197236841,0.856281197236841,False,,,,,,entity30,3,DANN,logits,30,0.8636666536331177,0.8636666536331177,0.5708333849906921,0.6666666865348816,splits_entity30_DANN_3_0_f475b82dfdbf.npz,f475b82dfdbf,False,False,,,,,,
iw_overlap_critic,5.0,0,6000,240,1500,60,0.8553333333333333,0.0,1.0,54.598148345947266,0.5,0.5,0.46166667342185974,0.2499976009130478,,,,,0.143718802763159,0.0,1500.0,0.0,60.0,0.0,ok,plugin,False,,1492.3784582378312,1499.583435511841,1.0412212537758008,0.9963825535291864,1.020531419000476,,0.0,0.143718802763159,0.856281197236841,0.856281197236841,False,,,,,,entity30,3,DANN,logits,30,0.8636666536331177,0.8636666536331177,0.5708333849906921,0.6666666865348816,splits_entity30_DANN_3_0_f475b82dfdbf.npz,f475b82dfdbf,False,False,,,,,,
iw_residual_dis2,5.0,0,6000,240,1500,60,0.8553333333333333,0.0,1.0,54.598148345947266,0.5,0.5,0.46166667342185974,0.2499976009130478,,,,,0.143718802763159,0.0,1500.0,0.0,60.0,0.0,ok,plugin,False,,1492.3784582378312,1499.583435511841,1.0412212537758008,0.9963825535291864,1.020531419000476,,0.0,0.143718802763159,0.856281197236841,0.856281197236841,False,,,,,,entity30,3,DANN,logits,30,0.8636666536331177,0.8636666536331177,0.5708333849906921,0.6666666865348816,splits_entity30_DANN_3_0_f475b82dfdbf.npz,f475b82dfdbf,False,False,,,,,,
dis2_reference,,0,6000,240,1500,60,0.8553333282470703,,,,,,,,,,,,,,,,,,ok,dis2_with_correction,True,0.2109896801533625,,,,,,,,0.18933333841959632,0.8106666615804037,0.5996769814270412,,47.0,16.0,0.24000000953674316,0.5099999904632568,0.75,entity30,3,DANN,logits,30,0.8636666536331177,0.8636666536331177,0.5708333849906921,0.6666666865348816,splits_entity30_DANN_3_0_f475b82dfdbf.npz,f475b82dfdbf,False,True,,,,0.01,0.4003230185729588,0.04466666666666663
iw_overlap_critic,1.0,0,6000,30828,1500,7709,0.856,0.0,1.0,4.229965686798096,0.5,0.5,0.5144094824790955,0.2498675435781479,966.0,4893.0,499.0,2398.0,0.05942830762848371,0.5195226358801401,802.0,698.0,3704.0,4005.0,ok,plugin,False,,772.7739899766115,801.1169440719084,0.9998886340898994,0.9716358321807783,0.9970102012829065,0.8551810237203495,0.4442858995978726,0.5037142072263563,0.4962857927736437,0.4962857927736437,False,49.0,4.0,0.487892210483551,0.35864657163619995,0.846538782119751,entity30,1,CDANN,logits,30,0.8611666560173035,0.8611666560173035,0.627903163433075,0.6345829367637634,splits_entity30_CDANN_1_0_f475b82dfdbf.npz,f475b82dfdbf,True,True,,,,,,
iw_residual_dis2,1.0,0,6000,30828,1500,7709,0.856,0.0,1.0,4.229965686798096,0.5,0.5,0.5144094824790955,0.2498675435781479,834.0,4893.0,401.0,2398.0,0.05942830762848371,0.5195226358801401,802.0,698.0,3704.0,4005.0,ok,plugin,False,,772.7739899766115,801.1169440719084,0.9998886340898994,0.9716358321807783,0.9970102012829065,0.6789013732833957,0.10857365019340692,0.16800195782189065,0.8319980421781094,0.8319980421781094,False,47.0,28.0,0.12992846965789795,0.5710723400115967,0.7010008096694946,entity30,1,CDANN,logits,30,0.8611666560173035,0.8611666560173035,0.627903163433075,0.6345829367637634,splits_entity30_CDANN_1_0_f475b82dfdbf.npz,f475b82dfdbf,False,False,0.17765042979942694,0.6475644699140402,0.03133690336935557,,,
iw_overlap_critic,2.0,0,6000,30828,1500,7709,0.856,0.0,1.0,4.229965686798096,0.5,0.5,0.5144094824790955,0.2498675435781479,,,,,0.1446064552973482,0.0,1500.0,0.0,7709.0,0.0,ok,plugin,False,,1497.372736781761,1496.2971489738413,1.2201435979985311,0.9960204159701154,1.0832021564352399,,0.0,0.1446064552973482,0.8553935447026518,0.8553935447026518,False,,,,,,entity30,1,CDANN,logits,30,0.8611666560173035,0.8611666560173035,0.627903163433075,0.6345829367637634,splits_entity30_CDANN_1_0_f475b82dfdbf.npz,f475b82dfdbf,False,False,,,,,,
iw_residual_dis2,2.0,0,6000,30828,1500,7709,0.856,0.0,1.0,4.229965686798096,0.5,0.5,0.5144094824790955,0.2498675435781479,,,,,0.1446064552973482,0.0,1500.0,0.0,7709.0,0.0,ok,plugin,False,,1497.372736781761,1496.2971489738413,1.2201435979985311,0.9960204159701154,1.0832021564352399,,0.0,0.1446064552973482,0.8553935447026518,0.8553935447026518,False,,,,,,entity30,1,CDANN,logits,30,0.8611666560173035,0.8611666560173035,0.627903163433075,0.6345829367637634,splits_entity30_CDANN_1_0_f475b82dfdbf.npz,f475b82dfdbf,False,False,,,,,,
iw_overlap_critic,5.0,0,6000,30828,1500,7709,0.856,0.0,1.0,4.229965686798096,0.5,0.5,0.5144094824790955,0.2498675435781479,,,,,0.1446064552973482,0.0,1500.0,0.0,7709.0,0.0,ok,plugin,False,,1497.372736781761,1496.2971489738413,1.2201435979985311,0.9960204159701154,1.0832021564352399,,0.0,0.1446064552973482,0.8553935447026518,0.8553935447026518,False,,,,,,entity30,1,CDANN,logits,30,0.8611666560173035,0.8611666560173035,0.627903163433075,0.6345829367637634,splits_entity30_CDANN_1_0_f475b82dfdbf.npz,f475b82dfdbf,False,False,,,,,,
iw_residual_dis2,5.0,0,6000,30828,1500,7709,0.856,0.0,1.0,4.229965686798096,0.5,0.5,0.5144094824790955,0.2498675435781479,,,,,0.1446064552973482,0.0,1500.0,0.0,7709.0,0.0,ok,plugin,False,,1497.372736781761,1496.2971489738413,1.2201435979985311,0.9960204159701154,1.0832021564352399,,0.0,0.1446064552973482,0.8553935447026518,0.8553935447026518,False,,,,,,entity30,1,CDANN,logits,30,0.8611666560173035,0.8611666560173035,0.627903163433075,0.6345829367637634,splits_entity30_CDANN_1_0_f475b82dfdbf.npz,f475b82dfdbf,False,False,,,,,,
dis2_reference,,0,6000,30828,1500,7709,0.8560000061988831,,,,,,,,,,,,,,,,,,ok,dis2_with_correction,True,0.0802428490519671,,,,,,,,0.24405879952602716,0.7559412004739728,0.6756983514220057,,47.0,23.0,0.13123512268066406,0.5255555510520935,0.6567906737327576,entity30,1,CDANN,logits,30,0.8611666560173035,0.8611666560173035,0.627903163433075,0.6345829367637634,splits_entity30_CDANN_1_0_f475b82dfdbf.npz,f475b82dfdbf,False,False,,,,0.01,0.32430164857799426,0.10005880572491022
iw_overlap_critic,1.0,0,6000,240,1500,60,0.862,0.0,1.0,54.598148345947266,0.5,0.5,0.43166667222976685,0.2501581013202667,1172.0,27.0,588.0,11.0,0.09112502244938388,0.36666666666666664,973.0,527.0,38.0,22.0,ok,plugin,False,,961.337291764499,972.9055731822995,0.9999459973136915,0.990004125530248,0.999180369758037,0.6363636363636364,0.2333333333333333,0.3244583557827172,0.6755416442172828,0.6755416442172828,False,42.0,19.0,0.3831879198551178,0.4349938929080963,0.8181818127632141,entity30,2,CDANN,logits,30,0.8646666407585144,0.8646666407585144,0.8125000596046448,0.7500000596046448,splits_entity30_CDANN_2_0_f475b82dfdbf.npz,f475b82dfdbf,True,True,,,,,,
iw_residual_dis2,1.0,0,6000,240,1500,60,0.862,0.0,1.0,54.598148345947266,0.5,0.5,0.43166667222976685,0.2501581013202667,628.0,27.0,312.0,11.0,0.09112502244938388,0.36666666666666664,973.0,527.0,38.0,22.0,ok,plugin,False,,961.337291764499,972.9055731822995,0.9999459973136915,0.990004125530248,0.999180369758037,0.5909090909090909,0.05455407969639473,0.14567910214577862,0.8543208978542214,0.8543208978542214,False,49.0,24.0,0.42628204822540283,0.5737179517745972,1.0,entity30,2,CDANN,logits,30,0.8646666407585144,0.8646666407585144,0.8125000596046448,0.7500000596046448,splits_entity30_CDANN_2_0_f475b82dfdbf.npz,f475b82dfdbf,False,False,0.13092979127134724,0.573055028462998,0.01785406244609289,,,
iw_overlap_critic,2.0,0,6000,240,1500,60,0.862,0.0,1.0,54.598148345947266,0.5,0.5,0.43166667222976685,0.2501581013202667,,,,,0.1374331973669702,0.0,1500.0,0.0,60.0,0.0,ok,plugin,False,,1493.2470028463106,1499.720804552401,1.0384839375896187,0.9954725205721457,1.018114048842811,,0.0,0.1374331973669702,0.8625668026330298,0.8625668026330298,False,,,,,,entity30,2,CDANN,logits,30,0.8646666407585144,0.8646666407585144,0.8125000596046448,0.7500000596046448,splits_entity30_CDANN_2_0_f475b82dfdbf.npz,f475b82dfdbf,False,False,,,,,,
iw_residual_dis2,2.0,0,6000,240,1500,60,0.862,0.0,1.0,54.598148345947266,0.5,0.5,0.43166667222976685,0.2501581013202667,,,,,0.1374331973669702,0.0,1500.0,0.0,60.0,0.0,ok,plugin,False,,1493.2470028463106,1499.720804552401,1.0384839375896187,0.9954725205721457,1.018114048842811,,0.0,0.1374331973669702,0.8625668026330298,0.8625668026330298,False,,,,,,entity30,2,CDANN,logits,30,0.8646666407585144,0.8646666407585144,0.8125000596046448,0.7500000596046448,splits_entity30_CDANN_2_0_f475b82dfdbf.npz,f475b82dfdbf,False,False,,,,,,
iw_overlap_critic,5.0,0,6000,240,1500,60,0.862,0.0,1.0,54.598148345947266,0.5,0.5,0.43166667222976685,0.2501581013202667,,,,,0.1374331973669702,0.0,1500.0,0.0,60.0,0.0,ok,plugin,False,,1493.2470028463106,1499.720804552401,1.0384839375896187,0.9954725205721457,1.018114048842811,,0.0,0.1374331973669702,0.8625668026330298,0.8625668026330298,False,,,,,,entity30,2,CDANN,logits,30,0.8646666407585144,0.8646666407585144,0.8125000596046448,0.7500000596046448,splits_entity30_CDANN_2_0_f475b82dfdbf.npz,f475b82dfdbf,False,False,,,,,,
iw_residual_dis2,5.0,0,6000,240,1500,60,0.862,0.0,1.0,54.598148345947266,0.5,0.5,0.43166667222976685,0.2501581013202667,,,,,0.1374331973669702,0.0,1500.0,0.0,60.0,0.0,ok,plugin,False,,1493.2470028463106,1499.720804552401,1.0384839375896187,0.9954725205721457,1.018114048842811,,0.0,0.1374331973669702,0.8625668026330298,0.8625668026330298,False,,,,,,entity30,2,CDANN,logits,30,0.8646666407585144,0.8646666407585144,0.8125000596046448,0.7500000596046448,splits_entity30_CDANN_2_0_f475b82dfdbf.npz,f475b82dfdbf,False,False,,,,,,
dis2_reference,,0,6000,240,1500,60,0.8620000034570694,,,,,,,,,,,,,,,,,,ok,dis2_with_correction,True,0.2109896801533625,,,,,,,,0.1499999965429306,0.8500000034570694,0.6390103233037069,,36.0,1.0,0.14777779579162598,0.7688888907432556,0.9166666865348816,entity30,2,CDANN,logits,30,0.8646666407585144,0.8646666407585144,0.8125000596046448,0.7500000596046448,splits_entity30_CDANN_2_0_f475b82dfdbf.npz,f475b82dfdbf,True,True,,,,0.01,0.3609896766962931,0.01200000000000001
iw_overlap_critic,1.0,0,6000,240,1500,60,0.8453333333333333,0.0,1.0,54.598148345947266,0.5,0.5,0.43416666984558105,0.2500317394733429,1102.0,20.0,576.0,18.0,0.10961316963441138,0.38333333333333336,914.0,586.0,37.0,23.0,ok,plugin,False,,902.9353985689195,913.9068940775729,0.9999598514586555,0.9904998726619434,0.9990762507748172,0.6086956521739131,0.23333333333333336,0.34294650296774476,0.6570534970322552,0.6570534970322552,False,49.0,28.0,0.42288607358932495,0.46600282192230225,0.8888888955116272,entity30,3,CDANN,logits,30,0.8573333024978638,0.8573333024978638,0.5625,0.6166666746139526,splits_entity30_CDANN_3_0_f475b82dfdbf.npz,f475b82dfdbf,False,False,,,,,,
iw_residual_dis2,1.0,0,6000,240,1500,60,0.8453333333333333,0.0,1.0,54.598148345947266,0.5,0.5,0.43416666984558105,0.2500317394733429,698.0,20.0,324.0,18.0,0.10961316963441138,0.38333333333333336,914.0,586.0,37.0,23.0,ok,plugin,False,,902.9353985689195,913.9068940775729,0.9999598514586555,0.9904998726619434,0.9990762507748172,0.5217391304347826,0.06328213879408419,0.17289530842849557,0.8271046915715045,0.8271046915715045,False,48.0,9.0,0.4135802388191223,0.4197530746459961,0.8333333134651184,entity30,3,CDANN,logits,30,0.8573333024978638,0.8573333024978638,0.5625,0.6166666746139526,splits_entity30_CDANN_3_0_f475b82dfdbf.npz,f475b82dfdbf,False,False,0.11262798634812286,0.46928327645051193,0.05245585398427066,,,
iw_overlap_critic,2.0,0,6000,240,1500,60,0.8453333333333333,0.0,1.0,54.598148345947266,0.5,0.5,0.43416666984558105,0.2500317394733429,,,,,0.15387466304092193,0.0,1500.0,0.0,60.0,0.0,ok,plugin,False,,1494.5325012369603,1499.702791735605,1.0436227616005247,0.9966017781022638,1.0193663146885727,,0.0,0.15387466304092193,0.8461253369590781,0.8461253369590781,False,,,,,,entity30,3,CDANN,logits,30,0.8573333024978638,0.8573333024978638,0.5625,0.6166666746139526,splits_entity30_CDANN_3_0_f475b82dfdbf.npz,f475b82dfdbf,False,False,,,,,,
iw_residual_dis2,2.0,0,6000,240,1500,60,0.8453333333333333,0.0,1.0,54.598148345947266,0.5,0.5,0.43416666984558105,0.2500317394733429,,,,,0.15387466304092193,0.0,1500.0,0.0,60.0,0.0,ok,plugin,False,,1494.5325012369603,1499.702791735605,1.0436227616005247,0.9966017781022638,1.0193663146885727,,0.0,0.15387466304092193,0.8461253369590781,0.8461253369590781,False,,,,,,entity30,3,CDANN,logits,30,0.8573333024978638,0.8573333024978638,0.5625,0.6166666746139526,splits_entity30_CDANN_3_0_f475b82dfdbf.npz,f475b82dfdbf,False,False,,,,,,
iw_overlap_critic,5.0,0,6000,240,1500,60,0.8453333333333333,0.0,1.0,54.598148345947266,0.5,0.5,0.43416666984558105,0.2500317394733429,,,,,0.15387466304092193,0.0,1500.0,0.0,60.0,0.0,ok,plugin,False,,1494.5325012369603,1499.702791735605,1.0436227616005247,0.9966017781022638,1.0193663146885727,,0.0,0.15387466304092193,0.8461253369590781,0.8461253369590781,False,,,,,,entity30,3,CDANN,logits,30,0.8573333024978638,0.8573333024978638,0.5625,0.6166666746139526,splits_entity30_CDANN_3_0_f475b82dfdbf.npz,f475b82dfdbf,False,False,,,,,,
iw_residual_dis2,5.0,0,6000,240,1500,60,0.8453333333333333,0.0,1.0,54.598148345947266,0.5,0.5,0.43416666984558105,0.2500317394733429,,,,,0.15387466304092193,0.0,1500.0,0.0,60.0,0.0,ok,plugin,False,,1494.5325012369603,1499.702791735605,1.0436227616005247,0.9966017781022638,1.0193663146885727,,0.0,0.15387466304092193,0.8461253369590781,0.8461253369590781,False,,,,,,entity30,3,CDANN,logits,30,0.8573333024978638,0.8573333024978638,0.5625,0.6166666746139526,splits_entity30_CDANN_3_0_f475b82dfdbf.npz,f475b82dfdbf,False,False,,,,,,
dis2_reference,,0,6000,240,1500,60,0.8453333377838135,,,,,,,,,,,,,,,,,,ok,dis2_with_correction,True,0.2109896801533625,,,,,,,,0.15399999554951982,0.8460000044504802,0.6350103242971177,,48.0,10.0,0.2266666293144226,0.6066666841506958,0.8333333134651184,entity30,3,CDANN,logits,30,0.8573333024978638,0.8573333024978638,0.5625,0.6166666746139526,splits_entity30_CDANN_3_0_f475b82dfdbf.npz,f475b82dfdbf,False,False,,,,0.01,0.3649896757028823,-0.0006666666666667043
iw_overlap_critic,1.0,0,6000,30828,1500,7709,0.8593333333333333,0.0,1.0,1.5635759830474854,0.5,0.5,0.5159279704093933,0.2487560212612152,920.0,5136.0,472.0,2540.0,0.06317540586436414,0.5572707225321053,767.0,733.0,3413.0,4296.0,ok,plugin,False,,677.6643467181716,758.7612357615316,0.9996554766289429,0.9027485086914246,0.9906338932633745,0.8885009310986964,0.49513555584381885,0.558310961708183,0.44168903829181705,0.44168903829181705,False,48.0,4.0,0.47074106335639954,0.4312274158000946,0.9019684791564941,entity30,1,FixMatch,logits,30,0.8659999966621399,0.8659999966621399,0.6680290102958679,0.6737579107284546,splits_entity30_FixMatch_1_0_f475b82dfdbf.npz,f475b82dfdbf,True,True,,,,,,
iw_residual_dis2,1.0,0,6000,30828,1500,7709,0.8593333333333333,0.0,1.0,1.5635759830474854,0.5,0.5,0.5159279704093933,0.2487560212612152,880.0,5136.0,428.0,2540.0,0.06317540586436414,0.5572707225321053,767.0,733.0,3413.0,4296.0,ok,plugin,False,,677.6643467181716,758.7612357615316,0.9996554766289429,0.9027485086914246,0.9906338932633745,0.6869180633147114,0.14331736421188396,0.2064927700762481,0.7935072299237519,0.7935072299237519,False,47.0,29.0,0.20558911561965942,0.5070093274116516,0.712598443031311,entity30,1,FixMatch,logits,30,0.8659999966621399,0.8659999966621399,0.6680290102958679,0.6737579107284546,splits_entity30_FixMatch_1_0_f475b82dfdbf.npz,f475b82dfdbf,False,False,0.1432469304229195,0.572987721691678,0.1139303416230334,,,
iw_overlap_critic,2.0,0,6000,30828,1500,7709,0.8593333333333333,0.0,1.0,1.5635759830474854,0.5,0.5,0.5159279704093933,0.2487560212612152,,,,,0.1390528729674425,0.0,1500.0,0.0,7709.0,0.0,ok,plugin,False,,1492.4398039371736,1467.3584019410173,1.71975348808898,0.9949628676150397,1.2314779746017568,,0.0,0.1390528729674425,0.8609471270325575,0.8609471270325575,False,,,,,,entity30,1,FixMatch,logits,30,0.8659999966621399,0.8659999966621399,0.6680290102958679,0.6737579107284546,splits_entity30_FixMatch_1_0_f475b82dfdbf.npz,f475b82dfdbf,False,False,,,,,,
iw_residual_dis2,2.0,0,6000,30828,1500,7709,0.8593333333333333,0.0,1.0,1.5635759830474854,0.5,0.5,0.5159279704093933,0.2487560212612152,,,,,0.1390528729674425,0.0,1500.0,0.0,7709.0,0.0,ok,plugin,False,,1492.4398039371736,1467.3584019410173,1.71975348808898,0.9949628676150397,1.2314779746017568,,0.0,0.1390528729674425,0.8609471270325575,0.8609471270325575,False,,,,,,entity30,1,FixMatch,logits,30,0.8659999966621399,0.8659999966621399,0.6680290102958679,0.6737579107284546,splits_entity30_FixMatch_1_0_f475b82dfdbf.npz,f475b82dfdbf,False,False,,,,,,
iw_overlap_critic,5.0,0,6000,30828,1500,7709,0.8593333333333333,0.0,1.0,1.5635759830474854,0.5,0.5,0.5159279704093933,0.2487560212612152,,,,,0.1390528729674425,0.0,1500.0,0.0,7709.0,0.0,ok,plugin,False,,1492.4398039371736,1467.3584019410173,1.71975348808898,0.9949628676150397,1.2314779746017568,,0.0,0.1390528729674425,0.8609471270325575,0.8609471270325575,False,,,,,,entity30,1,FixMatch,logits,30,0.8659999966621399,0.8659999966621399,0.6680290102958679,0.6737579107284546,splits_entity30_FixMatch_1_0_f475b82dfdbf.npz,f475b82dfdbf,False,False,,,,,,
iw_residual_dis2,5.0,0,6000,30828,1500,7709,0.8593333333333333,0.0,1.0,1.5635759830474854,0.5,0.5,0.5159279704093933,0.2487560212612152,,,,,0.1390528729674425,0.0,1500.0,0.0,7709.0,0.0,ok,plugin,False,,1492.4398039371736,1467.3584019410173,1.71975348808898,0.9949628676150397,1.2314779746017568,,0.0,0.1390528729674425,0.8609471270325575,0.8609471270325575,False,,,,,,entity30,1,FixMatch,logits,30,0.8659999966621399,0.8659999966621399,0.6680290102958679,0.6737579107284546,splits_entity30_FixMatch_1_0_f475b82dfdbf.npz,f475b82dfdbf,False,False,,,,,,
dis2_reference,,0,6000,30828,1500,7709,0.859333336353302,,,,,,,,,,,,,,,,,,ok,dis2_with_correction,True,0.0802428490519671,,,,,,,,0.32227586501306626,0.6777241349869337,0.5974812859349666,,49.0,5.0,0.18210208415985107,0.5400000214576721,0.7221021056175232,entity30,1,FixMatch,logits,30,0.8659999966621399,0.8659999966621399,0.6680290102958679,0.6737579107284546,splits_entity30_FixMatch_1_0_f475b82dfdbf.npz,f475b82dfdbf,True,True,,,,0.01,0.40251871406503337,0.18160920136636827
iw_overlap_critic,1.0,0,6000,240,1500,60,0.854,0.0,1.0,54.598148345947266,0.5,0.5,0.4375000298023224,0.24999071657657623,1129.0,28.0,573.0,14.0,0.09693757309117765,0.2833333333333333,924.0,576.0,43.0,17.0,ok,plugin,False,,910.9999545218407,923.9043032753143,0.9999731637140854,0.9877036191273629,0.9986762931613252,0.6470588235294118,0.18333333333333335,0.280270906424511,0.719729093575489,0.719729093575489,False,49.0,15.0,0.37239205837249756,0.41332221031188965,0.7857142686843872,entity30,2,FixMatch,logits,30,0.862500011920929,0.862500011920929,0.7666667103767395,0.7166666984558105,splits_entity30_FixMatch_2_0_f475b82dfdbf.npz,f475b82dfdbf,True,False,,,,,,
iw_residual_dis2,1.0,0,6000,240,1500,60,0.854,0.0,1.0,54.598148345947266,0.5,0.5,0.4375000298023224,0.24999071657657623,671.0,28.0,327.0,14.0,0.09693757309117765,0.2833333333333333,924.0,576.0,43.0,17.0,ok,plugin,False,,910.9999545218407,923.9043032753143,0.9999731637140854,0.9877036191273629,0.9986762931613252,0.5294117647058824,0.03981481481481483,0.13675238790599248,0.8632476120940076,0.8632476120940076,False,44.0,7.0,0.2841852307319641,0.5015290379524231,0.7857142686843872,entity30,2,FixMatch,logits,30,0.862500011920929,0.862500011920929,0.7666667103767395,0.7166666984558105,splits_entity30_FixMatch_2_0_f475b82dfdbf.npz,f475b82dfdbf,False,False,0.125,0.5138888888888888,0.01552287581699352,,,
iw_overlap_critic,2.0,0,6000,240,1500,60,0.854,0.0,1.0,54.598148345947266,0.5,0.5,0.4375000298023224,0.24999071657657623,,,,,0.14527740456643262,0.0,1500.0,0.0,60.0,0.0,ok,plugin,False,,1492.8319933107427,1499.6544075793522,1.0608993872780559,0.9950790810663268,1.0196290204455272,,0.0,0.14527740456643262,0.8547225954335673,0.8547225954335673,False,,,,,,entity30,2,FixMatch,logits,30,0.862500011920929,0.862500011920929,0.7666667103767395,0.7166666984558105,splits_entity30_FixMatch_2_0_f475b82dfdbf.npz,f475b82dfdbf,False,False,,,,,,
iw_residual_dis2,2.0,0,6000,240,1500,60,0.854,0.0,1.0,54.598148345947266,0.5,0.5,0.4375000298023224,0.24999071657657623,,,,,0.14527740456643262,0.0,1500.0,0.0,60.0,0.0,ok,plugin,False,,1492.8319933107427,1499.6544075793522,1.0608993872780559,0.9950790810663268,1.0196290204455272,,0.0,0.14527740456643262,0.8547225954335673,0.8547225954335673,False,,,,,,entity30,2,FixMatch,logits,30,0.862500011920929,0.862500011920929,0.7666667103767395,0.7166666984558105,splits_entity30_FixMatch_2_0_f475b82dfdbf.npz,f475b82dfdbf,False,False,,,,,,
iw_overlap_critic,5.0,0,6000,240,1500,60,0.854,0.0,1.0,54.598148345947266,0.5,0.5,0.4375000298023224,0.24999071657657623,,,,,0.14527740456643262,0.0,1500.0,0.0,60.0,0.0,ok,plugin,False,,1492.8319933107427,1499.6544075793522,1.0608993872780559,0.9950790810663268,1.0196290204455272,,0.0,0.14527740456643262,0.8547225954335673,0.8547225954335673,False,,,,,,entity30,2,FixMatch,logits,30,0.862500011920929,0.862500011920929,0.7666667103767395,0.7166666984558105,splits_entity30_FixMatch_2_0_f475b82dfdbf.npz,f475b82dfdbf,False,False,,,,,,
iw_residual_dis2,5.0,0,6000,240,1500,60,0.854,0.0,1.0,54.598148345947266,0.5,0.5,0.4375000298023224,0.24999071657657623,,,,,0.14527740456643262,0.0,1500.0,0.0,60.0,0.0,ok,plugin,False,,1492.8319933107427,1499.6544075793522,1.0608993872780559,0.9950790810663268,1.0196290204455272,,0.0,0.14527740456643262,0.8547225954335673,0.8547225954335673,False,,,,,,entity30,2,FixMatch,logits,30,0.862500011920929,0.862500011920929,0.7666667103767395,0.7166666984558105,splits_entity30_FixMatch_2_0_f475b82dfdbf.npz,f475b82dfdbf,False,False,,,,,,
dis2_reference,,0,6000,240,1500,60,0.8540000021457672,,,,,,,,,,,,,,,,,,ok,dis2_with_correction,True,0.2109896801533625,,,,,,,,0.20733333118756614,0.7926666688124339,0.5816769886590714,,35.0,21.0,0.12111109495162964,0.7677778005599976,0.8888888955116272,entity30,2,FixMatch,logits,30,0.862500011920929,0.862500011920929,0.7666667103767395,0.7166666984558105,splits_entity30_FixMatch_2_0_f475b82dfdbf.npz,f475b82dfdbf,True,True,,,,0.01,0.41832301134092864,0.06133333333333335
iw_overlap_critic,1.0,0,6000,240,1500,60,0.8493333333333333,0.0,1.0,54.598148345947266,0.5,0.5,0.4625000059604645,0.2500714063644409,1128.0,27.0,584.0,14.0,0.09927496969671115,0.35,961.0,539.0,39.0,21.0,ok,plugin,False,,944.4754962174236,960.7915357022538,0.9999336182810276,0.9860151347161371,0.9978569778571607,0.7619047619047619,0.2666666666666666,0.36594163636337773,0.6340583636366223,0.6340583636366223,False,49.0,8.0,0.5190873146057129,0.4094840884208679,0.9285714030265808,entity30,3,FixMatch,logits,30,0.8604999780654907,0.8604999780654907,0.5583333373069763,0.5833333730697632,splits_entity30_FixMatch_3_0_f475b82dfdbf.npz,f475b82dfdbf,False,False,,,,,,
iw_residual_dis2,1.0,0,6000,240,1500,60,0.8493333333333333,0.0,1.0,54.598148345947266,0.5,0.5,0.4625000059604645,0.2500714063644409,672.0,27.0,316.0,14.0,0.09927496969671115,0.35,961.0,539.0,39.0,21.0,ok,plugin,False,,944.4754962174236,960.7915357022538,0.9999336182810276,0.9860151347161371,0.9978569778571607,0.47619047619047616,0.045887445887445866,0.14516241558415702,0.854837584415843,0.854837584415843,False,47.0,9.0,0.45705240964889526,0.47151899337768555,0.9285714030265808,entity30,3,FixMatch,logits,30,0.8604999780654907,0.8604999780654907,0.5583333373069763,0.5833333730697632,splits_entity30_FixMatch_3_0_f475b82dfdbf.npz,f475b82dfdbf,False,False,0.1391465677179963,0.4842300556586271,-0.008039579468150926,,,
iw_overlap_critic,2.0,0,6000,240,1500,60,0.8493333333333333,0.0,1.0,54.598148345947266,0.5,0.5,0.4625000059604645,0.2500714063644409,,,,,0.14979065504291922,0.0,1500.0,0.0,60.0,0.0,ok,plugin,False,,1489.7956995891786,1499.4566509132528,1.0513157940110929,0.993553668040914,1.0214786349753044,,0.0,0.14979065504291922,0.8502093449570808,0.8502093449570808,False,,,,,,entity30,3,FixMatch,logits,30,0.8604999780654907,0.8604999780654907,0.5583333373069763,0.5833333730697632,splits_entity30_FixMatch_3_0_f475b82dfdbf.npz,f475b82dfdbf,False,False,,,,,,
iw_residual_dis2,2.0,0,6000,240,1500,60,0.8493333333333333,0.0,1.0,54.598148345947266,0.5,0.5,0.4625000059604645,0.2500714063644409,,,,,0.14979065504291922,0.0,1500.0,0.0,60.0,0.0,ok,plugin,False,,1489.7956995891786,1499.4566509132528,1.0513157940110929,0.993553668040914,1.0214786349753044,,0.0,0.14979065504291922,0.8502093449570808,0.8502093449570808,False,,,,,,entity30,3,FixMatch,logits,30,0.8604999780654907,0.8604999780654907,0.5583333373069763,0.5833333730697632,splits_entity30_FixMatch_3_0_f475b82dfdbf.npz,f475b82dfdbf,False,False,,,,,,
iw_overlap_critic,5.0,0,6000,240,1500,60,0.8493333333333333,0.0,1.0,54.598148345947266,0.5,0.5,0.4625000059604645,0.2500714063644409,,,,,0.14979065504291922,0.0,1500.0,0.0,60.0,0.0,ok,plugin,False,,1489.7956995891786,1499.4566509132528,1.0513157940110929,0.993553668040914,1.0214786349753044,,0.0,0.14979065504291922,0.8502093449570808,0.8502093449570808,False,,,,,,entity30,3,FixMatch,logits,30,0.8604999780654907,0.8604999780654907,0.5583333373069763,0.5833333730697632,splits_entity30_FixMatch_3_0_f475b82dfdbf.npz,f475b82dfdbf,False,False,,,,,,
iw_residual_dis2,5.0,0,6000,240,1500,60,0.8493333333333333,0.0,1.0,54.598148345947266,0.5,0.5,0.4625000059604645,0.2500714063644409,,,,,0.14979065504291922,0.0,1500.0,0.0,60.0,0.0,ok,plugin,False,,1489.7956995891786,1499.4566509132528,1.0513157940110929,0.993553668040914,1.0214786349753044,,0.0,0.14979065504291922,0.8502093449570808,0.8502093449570808,False,,,,,,entity30,3,FixMatch,logits,30,0.8604999780654907,0.8604999780654907,0.5583333373069763,0.5833333730697632,splits_entity30_FixMatch_3_0_f475b82dfdbf.npz,f475b82dfdbf,False,False,,,,,,
dis2_reference,,0,6000,240,1500,60,0.849333330988884,,,,,,,,,,,,,,,,,,ok,dis2_with_correction,True,0.2109896801533625,,,,,,,,0.19466666901111596,0.805333330988884,0.5943436508355215,,47.0,7.0,0.2244444489479065,0.5533333420753479,0.7777777910232544,entity30,3,FixMatch,logits,30,0.8604999780654907,0.8604999780654907,0.5583333373069763,0.5833333730697632,splits_entity30_FixMatch_3_0_f475b82dfdbf.npz,f475b82dfdbf,False,False,,,,0.01,0.40565634916447846,0.04399999999999993
iw_overlap_critic,1.0,0,10000,2000,2500,500,0.9592,0.0,1.0,1.8677583932876587,0.5,0.5,0.5175000429153442,0.24938082695007324,1567.0,315.0,765.0,149.0,0.016653366413763467,0.498,1286.0,1214.0,251.0,249.0,ok,plugin,False,,1170.780243009593,1280.8730660789186,0.9999118229578802,0.9211076500064366,0.9897089771059883,0.927710843373494,0.46199999999999997,0.47865336641376344,0.5213466335862366,0.5213466335862366,False,49.0,11.0,0.7774972915649414,0.13525435328483582,0.9127516746520996,cifar10,1,ERM-aug-imagenet,logits,10,0.9634999632835388,0.9634999632835388,0.8685000538825989,0.8560000658035278,splits_cifar10_ERM-aug-imagenet_1_0_f475b82dfdbf.npz,f475b82dfdbf,True,True,,,,,,
iw_residual_dis2,1.0,0,10000,2000,2500,500,0.9592,0.0,1.0,1.8677583932876587,0.5,0.5,0.5175000429153442,0.24938082695007324,1433.0,315.0,735.0,149.0,0.016653366413763467,0.498,1286.0,1214.0,251.0,249.0,ok,plugin,False,,1170.780243009593,1280.8730660789186,0.9999118229578802,0.9211076500064366,0.9897089771059883,0.5903614457831325,0.07863756177924217,0.09529092819300564,0.9047090718069943,0.9047090718069943,False,47.0,9.0,0.16620555520057678,0.4176870882511139,0.5838926434516907,cifar10,1,ERM-aug-imagenet,logits,10,0.9634999632835388,0.9634999632835388,0.8685000538825989,0.8560000658035278,splits_cifar10_ERM-aug-imagenet_1_0_f475b82dfdbf.npz,f475b82dfdbf,False,False,0.047775947281713346,0.4802306425041186,0.11013080327901392,,,
iw_overlap_critic,2.0,0,10000,2000,2500,500,0.9592,0.0,1.0,1.8677583932876587,0.5,0.5,0.5175000429153442,0.24938082695007324,,,,,0.041415846661052316,0.0,2500.0,0.0,500.0,0.0,ok,plugin,False,,2485.525750771746,2472.6773853236054,1.3798159462473363,0.9940495019246329,1.1688936812696824,,0.0,0.041415846661052316,0.9585841533389476,0.9585841533389476,False,,,,,,cifar10,1,ERM-aug-imagenet,logits,10,0.9634999632835388,0.9634999632835388,0.8685000538825989,0.8560000658035278,splits_cifar10_ERM-aug-imagenet_1_0_f475b82dfdbf.npz,f475b82dfdbf,False,False,,,,,,
iw_residual_dis2,2.0,0,10000,2000,2500,500,0.9592,0.0,1.0,1.8677583932876587,0.5,0.5,0.5175000429153442,0.24938082695007324,,,,,0.041415846661052316,0.0,2500.0,0.0,500.0,0.0,ok,plugin,False,,2485.525750771746,2472.6773853236054,1.3798159462473363,0.9940495019246329,1.1688936812696824,,0.0,0.041415846661052316,0.9585841533389476,0.9585841533389476,False,,,,,,cifar10,1,ERM-aug-imagenet,logits,10,0.9634999632835388,0.9634999632835388,0.8685000538825989,0.8560000658035278,splits_cifar10_ERM-aug-imagenet_1_0_f475b82dfdbf.npz,f475b82dfdbf,False,False,,,,,,
iw_overlap_critic,5.0,0,10000,2000,2500,500,0.9592,0.0,1.0,1.8677583932876587,0.5,0.5,0.5175000429153442,0.24938082695007324,,,,,0.041415846661052316,0.0,2500.0,0.0,500.0,0.0,ok,plugin,False,,2485.525750771746,2472.6773853236054,1.3798159462473363,0.9940495019246329,1.1688936812696824,,0.0,0.041415846661052316,0.9585841533389476,0.9585841533389476,False,,,,,,cifar10,1,ERM-aug-imagenet,logits,10,0.9634999632835388,0.9634999632835388,0.8685000538825989,0.8560000658035278,splits_cifar10_ERM-aug-imagenet_1_0_f475b82dfdbf.npz,f475b82dfdbf,False,False,,,,,,
iw_residual_dis2,5.0,0,10000,2000,2500,500,0.9592,0.0,1.0,1.8677583932876587,0.5,0.5,0.5175000429153442,0.24938082695007324,,,,,0.041415846661052316,0.0,2500.0,0.0,500.0,0.0,ok,plugin,False,,2485.525750771746,2472.6773853236054,1.3798159462473363,0.9940495019246329,1.1688936812696824,,0.0,0.041415846661052316,0.9585841533389476,0.9585841533389476,False,,,,,,cifar10,1,ERM-aug-imagenet,logits,10,0.9634999632835388,0.9634999632835388,0.8685000538825989,0.8560000658035278,splits_cifar10_ERM-aug-imagenet_1_0_f475b82dfdbf.npz,f475b82dfdbf,False,False,,,,,,
dis2_reference,,0,10000,2000,2500,500,0.9592000022530556,,,,,,,,,,,,,,,,,,ok,dis2_with_correction,True,0.09104562776310877,,,,,,,,0.12319999774694446,0.8768000022530555,0.7857543744899468,,49.0,0.0,0.1053333580493927,0.4413333237171173,0.54666668176651,cifar10,1,ERM-aug-imagenet,logits,10,0.9634999632835388,0.9634999632835388,0.8685000538825989,0.8560000658035278,splits_cifar10_ERM-aug-imagenet_1_0_f475b82dfdbf.npz,f475b82dfdbf,True,True,,,,0.01,0.21424562551005322,0.08240000000000003
iw_overlap_critic,1.0,0,10000,2000,2500,500,0.9592,0.0,1.0,0.619749128818512,0.5,0.5,0.6230000257492065,0.22467680275440216,1702.0,347.0,837.0,176.0,0.016482211367987172,0.62,1413.0,1087.0,190.0,310.0,ok,plugin,False,,770.2473185349656,1179.579222862175,0.999634744315584,0.5145280017659166,0.9405440499121612,0.8838709677419355,0.548,0.5644822113679873,0.43551778863201274,0.43551778863201274,False,49.0,2.0,0.6437180042266846,0.2596910297870636,0.9034090638160706,cifar10,10,ERM-aug-imagenet,logits,10,0.9634999632835388,0.9634999632835388,0.8990000486373901,0.9020000696182251,splits_cifar10_ERM-aug-imagenet_10_0_f475b82dfdbf.npz,f475b82dfdbf,True,True,,,,,,
iw_residual_dis2,1.0,0,10000,2000,2500,500,0.9592,0.0,1.0,0.619749128818512,0.5,0.5,0.6230000257492065,0.22467680275440216,1298.0,347.0,663.0,176.0,0.016482211367987172,0.62,1413.0,1087.0,190.0,310.0,ok,plugin,False,,770.2473185349656,1179.579222862175,0.999634744315584,0.5145280017659166,0.9405440499121612,0.5709677419354838,0.12527874885004595,0.1417609602180331,0.8582390397819669,0.8582390397819669,False,49.0,10.0,0.2778434455394745,0.37556561827659607,0.6534090638160706,cifar10,10,ERM-aug-imagenet,logits,10,0.9634999632835388,0.9634999632835388,0.8990000486373901,0.9020000696182251,splits_cifar10_ERM-aug-imagenet_10_0_f475b82dfdbf.npz,f475b82dfdbf,True,True,0.03311867525298988,0.40202391904323825,0.16894382289224558,,,
iw_overlap_critic,2.0,0,10000,2000,2500,500,0.9592,0.0,1.0,0.619749128818512,0.5,0.5,0.6230000257492065,0.22467680275440216,2607.0,126.0,1302.0,59.0,0.03264227949571254,0.23,2181.0,319.0,385.0,115.0,ok,plugin,False,,1855.9922174040792,1643.0150347146136,1.9986876976895618,0.777853986061894,1.7660601420286512,0.9391304347826087,0.21600000000000003,0.24864227949571255,0.7513577205042874,0.7513577205042874,False,49.0,15.0,0.5605827569961548,0.4224680960178375,0.9830508232116699,cifar10,10,ERM-aug-imagenet,logits,10,0.9634999632835388,0.9634999632835388,0.8990000486373901,0.9020000696182251,splits_cifar10_ERM-aug-imagenet_10_0_f475b82dfdbf.npz,f475b82dfdbf,True,True,,,,,,
iw_residual_dis2,2.0,0,10000,2000,2500,500,0.9592,0.0,1.0,0.619749128818512,0.5,0.5,0.6230000257492065,0.22467680275440216,393.0,126.0,198.0,59.0,0.03264227949571254,0.23,2181.0,319.0,385.0,115.0,ok,plugin,False,,1855.9922174040792,1643.0150347146136,1.9986876976895618,0.777853986061894,1.7660601420286512,0.6,0.04354858934169278,0.0761908688374053,0.9238091311625947,0.9238091311625947,False,26.0,25.0,0.34137988090515137,0.35353535413742065,0.694915235042572,cifar10,10,ERM-aug-imagenet,logits,10,0.9634999632835388,0.9634999632835388,0.8990000486373901,0.9020000696182251,splits_cifar10_ERM-aug-imagenet_10_0_f475b82dfdbf.npz,f475b82dfdbf,False,False,0.018808777429467086,0.42946708463949845,0.17053291536050152,,,
iw_overlap_critic,5.0,0,10000,2000,2500,500,0.9592,0.0,1.0,0.619749128818512,0.5,0.5,0.6230000257492065,0.22467680275440216,,,,,0.03821062325955759,0.0,2500.0,0.0,500.0,0.0,ok,plugin,False,,2698.575200827039,1648.42313502961,4.790473865298069,0.8742846315464841,2.6449525419549036,,0.0,0.03821062325955759,0.9617893767404424,0.9617893767404424,False,,,,,,cifar10,10,ERM-aug-imagenet,logits,10,0.9634999632835388,0.9634999632835388,0.8990000486373901,0.9020000696182251,splits_cifar10_ERM-aug-imagenet_10_0_f475b82dfdbf.npz,f475b82dfdbf,False,False,,,,,,
iw_residual_dis2,5.0,0,10000,2000,2500,500,0.9592,0.0,1.0,0.619749128818512,0.5,0.5,0.6230000257492065,0.22467680275440216,,,,,0.03821062325955759,0.0,2500.0,0.0,500.0,0.0,ok,plugin,False,,2698.575200827039,1648.42313502961,4.790473865298069,0.8742846315464841,2.6449525419549036,,0.0,0.03821062325955759,0.9617893767404424,0.9617893767404424,False,,,,,,cifar10,10,ERM-aug-imagenet,logits,10,0.9634999632835388,0.9634999632835388,0.8990000486373901,0.9020000696182251,splits_cifar10_ERM-aug-imagenet_10_0_f475b82dfdbf.npz,f475b82dfdbf,False,False,,,,,,
dis2_reference,,0,10000,2000,2500,500,0.9592000022530556,,,,,,,,,,,,,,,,,,ok,dis2_with_correction,True,0.09104562776310877,,,,,,,,0.1231999977469444,0.8768000022530555,0.7857543744899468,,48.0,0.0,0.15133336186408997,0.39533331990242004,0.54666668176651,cifar10,10,ERM-aug-imagenet,logits,10,0.9634999632835388,0.9634999632835388,0.8990000486373901,0.9020000696182251,splits_cifar10_ERM-aug-imagenet_10_0_f475b82dfdbf.npz,f475b82dfdbf,True,True,,,,0.01,0.21424562551005316,0.08239999999999997
iw_overlap_critic,1.0,0,10000,2000,2500,500,0.9592,0.0,1.0,0.9858570694923401,0.5,0.5,0.6885000467300415,0.20030240714550018,1967.0,418.0,971.0,208.0,0.01365060506687692,0.684,1608.0,892.0,158.0,342.0,ok,plugin,False,,662.9638320202571,1082.823149952674,0.9998863724078001,0.36829429226793786,0.9204925961231787,0.6929824561403509,0.4740000000000001,0.487650605066877,0.512349394933123,0.512349394933123,False,46.0,5.0,0.5721691846847534,0.13456159830093384,0.7067307829856873,cifar10,71,ERM-aug-imagenet,logits,10,0.9634999632835388,0.9634999632835388,0.768500030040741,0.7660000324249268,splits_cifar10_ERM-aug-imagenet_71_0_f475b82dfdbf.npz,f475b82dfdbf,True,True,,,,,,
iw_residual_dis2,1.0,0,10000,2000,2500,500,0.9592,0.0,1.0,0.9858570694923401,0.5,0.5,0.6885000467300415,0.20030240714550018,1033.0,418.0,529.0,208.0,0.01365060506687692,0.684,1608.0,892.0,158.0,342.0,ok,plugin,False,,662.9638320202571,1082.823149952674,0.9998863724078001,0.36829429226793786,0.9204925961231787,0.6228070175438597,0.22662780269058305,0.24027840775745998,0.75972159224254,0.75972159224254,False,48.0,14.0,0.38763269782066345,0.2854442298412323,0.6730769276618958,cifar10,71,ERM-aug-imagenet,logits,10,0.9634999632835388,0.9634999632835388,0.768500030040741,0.7660000324249268,splits_cifar10_ERM-aug-imagenet_71_0_f475b82dfdbf.npz,f475b82dfdbf,True,True,0.032511210762331835,0.3239910313901345,0.2988159861537252,,,
iw_overlap_critic,2.0,0,10000,2000,2500,500,0.9592,0.0,1.0,0.9858570694923401,0.5,0.5,0.6885000467300415,0.20030240714550018,2615.0,243.0,1289.0,119.0,0.027103749261991102,0.388,2160.0,340.0,306.0,194.0,ok,plugin,False,,1447.0424398458183,1339.3653371444918,1.9993795741557643,0.5637539936889181,1.7253689940555104,0.8298969072164949,0.322,0.3491037492619911,0.6508962507380089,0.6508962507380089,False,49.0,5.0,0.5385199189186096,0.285009503364563,0.8235294222831726,cifar10,71,ERM-aug-imagenet,logits,10,0.9634999632835388,0.9634999632835388,0.768500030040741,0.7660000324249268,splits_cifar10_ERM-aug-imagenet_71_0_f475b82dfdbf.npz,f475b82dfdbf,True,True,,,,,,
iw_residual_dis2,2.0,0,10000,2000,2500,500,0.9592,0.0,1.0,0.9858570694923401,0.5,0.5,0.6885000467300415,0.20030240714550018,385.0,243.0,211.0,119.0,0.027103749261991102,0.388,2160.0,340.0,306.0,194.0,ok,plugin,False,,1447.0424398458183,1339.3653371444918,1.9993795741557643,0.5637539936889181,1.7253689940555104,0.5824742268041238,0.14611764705882352,0.17322139632081462,0.8267786036791853,0.8267786036791853,False,41.0,29.0,0.4643753468990326,0.16587677597999573,0.6302521228790283,cifar10,71,ERM-aug-imagenet,logits,10,0.9634999632835388,0.9634999632835388,0.768500030040741,0.7660000324249268,splits_cifar10_ERM-aug-imagenet_71_0_f475b82dfdbf.npz,f475b82dfdbf,False,False,0.014705882352941176,0.22058823529411764,0.3618859915100061,,,
iw_overlap_critic,5.0,0,10000,2000,2500,500,0.9592,0.0,1.0,0.9858570694923401,0.5,0.5,0.6885000467300415,0.20030240714550018,2989.0,26.0,1493.0,6.0,0.032932259550916824,0.036,2480.0,20.0,482.0,18.0,ok,plugin,False,,2342.2275055102155,1306.940396777517,4.9199034103007,0.671811244915794,2.8767160087232764,0.8888888888888888,0.031999999999999994,0.06493225955091682,0.9350677404490831,0.9350677404490831,False,49.0,2.0,0.6682705879211426,0.3317294120788574,1.0,cifar10,71,ERM-aug-imagenet,logits,10,0.9634999632835388,0.9634999632835388,0.768500030040741,0.7660000324249268,splits_cifar10_ERM-aug-imagenet_71_0_f475b82dfdbf.npz,f475b82dfdbf,False,False,,,,,,
iw_residual_dis2,5.0,0,10000,2000,2500,500,0.9592,0.0,1.0,0.9858570694923401,0.5,0.5,0.6885000467300415,0.20030240714550018,11.0,26.0,7.0,6.0,0.032932259550916824,0.036,2480.0,20.0,482.0,18.0,ok,plugin,False,,2342.2275055102155,1306.940396777517,4.9199034103007,0.671811244915794,2.8767160087232764,0.7222222222222222,0.016999999999999998,0.04993225955091682,0.9500677404490832,0.9500677404490832,False,16.0,14.0,1.0,0.0,1.0,cifar10,71,ERM-aug-imagenet,logits,10,0.9634999632835388,0.9634999632835388,0.768500030040741,0.7660000324249268,splits_cifar10_ERM-aug-imagenet_71_0_f475b82dfdbf.npz,f475b82dfdbf,False,False,0.0,0.25,0.4722222222222222,,,
dis2_reference,,0,10000,2000,2500,500,0.9592000022530556,,,,,,,,,,,,,,,,,,ok,dis2_with_correction,True,0.09104562776310877,,,,,,,,0.2943999977469445,0.7056000022530555,0.6145543744899468,,44.0,5.0,0.28599998354911804,0.2906666696071625,0.5766666531562805,cifar10,71,ERM-aug-imagenet,logits,10,0.9634999632835388,0.9634999632835388,0.768500030040741,0.7660000324249268,splits_cifar10_ERM-aug-imagenet_71_0_f475b82dfdbf.npz,f475b82dfdbf,True,True,,,,0.01,0.38544562551005324,0.25360000000000005
iw_overlap_critic,1.0,0,10000,2000,2500,500,0.9592,0.0,1.0,2.2807183265686035,0.5,0.5,0.5174999833106995,0.24940191209316254,1510.0,338.0,759.0,169.0,0.023253705009634792,0.55,1264.0,1236.0,225.0,275.0,ok,plugin,False,,1153.5524741042352,1257.7902417164155,0.9999459037637497,0.9240399314052345,0.9932170431179209,0.8763636363636363,0.48200000000000004,0.5052537050096348,0.49474629499036515,0.49474629499036515,False,47.0,0.0,0.6171003580093384,0.32964521646499634,0.9467455744743347,cifar10,95,ERM-aug-imagenet,logits,10,0.9634999632835388,0.9634999632835388,0.9495000243186951,0.956000030040741,splits_cifar10_ERM-aug-imagenet_95_0_f475b82dfdbf.npz,f475b82dfdbf,True,True,,,,,,
iw_residual_dis2,1.0,0,10000,2000,2500,500,0.9592,0.0,1.0,2.2807183265686035,0.5,0.5,0.5174999833106995,0.24940191209316254,1490.0,338.0,741.0,169.0,0.023253705009634792,0.55,1264.0,1236.0,225.0,275.0,ok,plugin,False,,1153.5524741042352,1257.7902417164155,0.9999459037637497,0.9240399314052345,0.9932170431179209,0.7454545454545455,0.061577669902912614,0.08483137491254741,0.9151686250874526,0.9151686250874526,False,25.0,6.0,0.20450538396835327,0.588394045829773,0.7928994297981262,cifar10,95,ERM-aug-imagenet,logits,10,0.9634999632835388,0.9634999632835388,0.9495000243186951,0.956000030040741,splits_cifar10_ERM-aug-imagenet_95_0_f475b82dfdbf.npz,f475b82dfdbf,True,True,0.032362459546925564,0.6658576051779935,0.07959694027655195,,,
iw_overlap_critic,2.0,0,10000,2000,2500,500,0.9592,0.0,1.0,2.2807183265686035,0.5,0.5,0.5174999833106995,0.24940191209316254,,,,,0.04007128081487768,0.0,2500.0,0.0,500.0,0.0,ok,plugin,False,,2494.498296085917,2470.3583261181784,1.358085627297015,0.9976897541212957,1.1867469674787325,,0.0,0.04007128081487768,0.9599287191851223,0.9599287191851223,False,,,,,,cifar10,95,ERM-aug-imagenet,logits,10,0.9634999632835388,0.9634999632835388,0.9495000243186951,0.956000030040741,splits_cifar10_ERM-aug-imagenet_95_0_f475b82dfdbf.npz,f475b82dfdbf,False,False,,,,,,
iw_residual_dis2,2.0,0,10000,2000,2500,500,0.9592,0.0,1.0,2.2807183265686035,0.5,0.5,0.5174999833106995,0.24940191209316254,,,,,0.04007128081487768,0.0,2500.0,0.0,500.0,0.0,ok,plugin,False,,2494.498296085917,2470.3583261181784,1.358085627297015,0.9976897541212957,1.1867469674787325,,0.0,0.04007128081487768,0.9599287191851223,0.9599287191851223,False,,,,,,cifar10,95,ERM-aug-imagenet,logits,10,0.9634999632835388,0.9634999632835388,0.9495000243186951,0.956000030040741,splits_cifar10_ERM-aug-imagenet_95_0_f475b82dfdbf.npz,f475b82dfdbf,False,False,,,,,,
iw_overlap_critic,5.0,0,10000,2000,2500,500,0.9592,0.0,1.0,2.2807183265686035,0.5,0.5,0.5174999833106995,0.24940191209316254,,,,,0.04007128081487768,0.0,2500.0,0.0,500.0,0.0,ok,plugin,False,,2494.498296085917,2470.3583261181784,1.358085627297015,0.9976897541212957,1.1867469674787325,,0.0,0.04007128081487768,0.9599287191851223,0.9599287191851223,False,,,,,,cifar10,95,ERM-aug-imagenet,logits,10,0.9634999632835388,0.9634999632835388,0.9495000243186951,0.956000030040741,splits_cifar10_ERM-aug-imagenet_95_0_f475b82dfdbf.npz,f475b82dfdbf,False,False,,,,,,
iw_residual_dis2,5.0,0,10000,2000,2500,500,0.9592,0.0,1.0,2.2807183265686035,0.5,0.5,0.5174999833106995,0.24940191209316254,,,,,0.04007128081487768,0.0,2500.0,0.0,500.0,0.0,ok,plugin,False,,2494.498296085917,2470.3583261181784,1.358085627297015,0.9976897541212957,1.1867469674787325,,0.0,0.04007128081487768,0.9599287191851223,0.9599287191851223,False,,,,,,cifar10,95,ERM-aug-imagenet,logits,10,0.9634999632835388,0.9634999632835388,0.9495000243186951,0.956000030040741,splits_cifar10_ERM-aug-imagenet_95_0_f475b82dfdbf.npz,f475b82dfdbf,False,False,,,,,,
dis2_reference,,0,10000,2000,2500,500,0.9592000022530556,,,,,,,,,,,,,,,,,,ok,dis2_with_correction,True,0.09104562776310877,,,,,,,,0.08199999774694433,0.9180000022530557,0.8269543744899469,,42.0,0.0,0.11400002241134644,0.49933332204818726,0.6133333444595337,cifar10,95,ERM-aug-imagenet,logits,10,0.9634999632835388,0.9634999632835388,0.9495000243186951,0.956000030040741,splits_cifar10_ERM-aug-imagenet_95_0_f475b82dfdbf.npz,f475b82dfdbf,True,True,,,,0.01,0.1730456255100531,0.0411999999999999
iw_overlap_critic,1.0,0,10000,2000,2500,500,0.9584,0.0,1.0,1.7566139698028564,0.5,0.5,0.5190000534057617,0.24940721690654755,1596.0,311.0,780.0,144.0,0.016221570454173016,0.524,1309.0,1191.0,238.0,262.0,ok,plugin,False,,1197.1837426578531,1304.4272340958885,0.9999283444235318,0.9219060019676611,0.992329795832879,0.9007633587786259,0.472,0.48822157045417297,0.511778429545827,0.511778429545827,False,49.0,11.0,0.758933424949646,0.1230110228061676,0.8819444179534912,cifar10,1,BN_adapt,logits,10,0.9616999626159668,0.9616999626159668,0.8540000319480896,0.8300000429153442,splits_cifar10_BN_adapt_1_0_f475b82dfdbf.npz,f475b82dfdbf,True,True,,,,,,
iw_residual_dis2,1.0,0,10000,2000,2500,500,0.9584,0.0,1.0,1.7566139698028564,0.5,0.5,0.5190000534057617,0.24940721690654755,1404.0,311.0,720.0,144.0,0.016221570454173016,0.524,1309.0,1191.0,238.0,262.0,ok,plugin,False,,1197.1837426578531,1304.4272340958885,0.9999283444235318,0.9219060019676611,0.992329795832879,0.5916030534351145,0.08253736356003359,0.0987589340142066,0.9012410659857935,0.9012410659857935,False,49.0,21.0,0.16944444179534912,0.4555555582046509,0.625,cifar10,1,BN_adapt,logits,10,0.9616999626159668,0.9616999626159668,0.8540000319480896,0.8300000429153442,splits_cifar10_BN_adapt_1_0_f475b82dfdbf.npz,f475b82dfdbf,False,False,0.051217464315701094,0.48530646515533166,0.10629658827978289,,,
iw_overlap_critic,2.0,0,10000,2000,2500,500,0.9584,0.0,1.0,1.7566139698028564,0.5,0.5,0.5190000534057617,0.24940721690654755,,,,,0.042057470737266706,0.0,2500.0,0.0,500.0,0.0,ok,plugin,False,,2488.5103619566353,2473.0384806798806,1.390720203986135,0.9929589588418373,1.1810951510378223,,0.0,0.042057470737266706,0.9579425292627333,0.9579425292627333,False,,,,,,cifar10,1,BN_adapt,logits,10,0.9616999626159668,0.9616999626159668,0.8540000319480896,0.8300000429153442,splits_cifar10_BN_adapt_1_0_f475b82dfdbf.npz,f475b82dfdbf,False,False,,,,,,
iw_residual_dis2,2.0,0,10000,2000,2500,500,0.9584,0.0,1.0,1.7566139698028564,0.5,0.5,0.5190000534057617,0.24940721690654755,,,,,0.042057470737266706,0.0,2500.0,0.0,500.0,0.0,ok,plugin,False,,2488.5103619566353,2473.0384806798806,1.390720203986135,0.9929589588418373,1.1810951510378223,,0.0,0.042057470737266706,0.9579425292627333,0.9579425292627333,False,,,,,,cifar10,1,BN_adapt,logits,10,0.9616999626159668,0.9616999626159668,0.8540000319480896,0.8300000429153442,splits_cifar10_BN_adapt_1_0_f475b82dfdbf.npz,f475b82dfdbf,False,False,,,,,,
iw_overlap_critic,5.0,0,10000,2000,2500,500,0.9584,0.0,1.0,1.7566139698028564,0.5,0.5,0.5190000534057617,0.24940721690654755,,,,,0.042057470737266706,0.0,2500.0,0.0,500.0,0.0,ok,plugin,False,,2488.5103619566353,2473.0384806798806,1.390720203986135,0.9929589588418373,1.1810951510378223,,0.0,0.042057470737266706,0.9579425292627333,0.9579425292627333,False,,,,,,cifar10,1,BN_adapt,logits,10,0.9616999626159668,0.9616999626159668,0.8540000319480896,0.8300000429153442,splits_cifar10_BN_adapt_1_0_f475b82dfdbf.npz,f475b82dfdbf,False,False,,,,,,
iw_residual_dis2,5.0,0,10000,2000,2500,500,0.9584,0.0,1.0,1.7566139698028564,0.5,0.5,0.5190000534057617,0.24940721690654755,,,,,0.042057470737266706,0.0,2500.0,0.0,500.0,0.0,ok,plugin,False,,2488.5103619566353,2473.0384806798806,1.390720203986135,0.9929589588418373,1.1810951510378223,,0.0,0.042057470737266706,0.9579425292627333,0.9579425292627333,False,,,,,,cifar10,1,BN_adapt,logits,10,0.9616999626159668,0.9616999626159668,0.8540000319480896,0.8300000429153442,splits_cifar10_BN_adapt_1_0_f475b82dfdbf.npz,f475b82dfdbf,False,False,,,,,,
dis2_reference,,0,10000,2000,2500,500,0.9583999998867512,,,,,,,,,,,,,,,,,,ok,dis2_with_correction,True,0.09104562776310877,,,,,,,,0.10800000011324884,0.8919999998867512,0.8009543721236424,,49.0,0.0,0.12666666507720947,0.4266666769981384,0.5533333420753479,cifar10,1,BN_adapt,logits,10,0.9616999626159668,0.9616999626159668,0.8540000319480896,0.8300000429153442,splits_cifar10_BN_adapt_1_0_f475b82dfdbf.npz,f475b82dfdbf,True,True,,,,0.01,0.1990456278763576,0.06640000000000001
iw_overlap_critic,1.0,0,10000,2000,2500,500,0.7216,0.0,1.0,0.9535510540008545,0.5,0.5,0.6604999899864197,0.2247055023908615,2316.0,319.0,1153.0,161.0,0.18675018813066968,0.572,1937.0,563.0,214.0,286.0,ok,plugin,False,,1274.2301395702166,1806.3718474743116,0.9997225963741103,0.679812561434932,0.9350136971751413,0.9230769230769231,0.528,0.7147501881306697,0.2852498118693303,0.2852498118693303,False,49.0,18.0,0.41637563705444336,0.5090901851654053,0.9254658222198486,cifar10,10,BN_adapt,logits,10,0.7299999594688416,0.7299999594688416,0.9185000658035278,0.9120000600814819,splits_cifar10_BN_adapt_10_0_f475b82dfdbf.npz,f475b82dfdbf,True,True,,,,,,
iw_residual_dis2,1.0,0,10000,2000,2500,500,0.7216,0.0,1.0,0.9535510540008545,0.5,0.5,0.6604999899864197,0.2247055023908615,684.0,319.0,347.0,161.0,0.18675018813066968,0.572,1937.0,563.0,214.0,286.0,ok,plugin,False,,1274.2301395702166,1806.3718474743116,0.9997225963741103,0.679812561434932,0.9350136971751413,0.7482517482517482,0.18619538188277085,0.37294557001344053,0.6270544299865595,0.6270544299865595,False,49.0,6.0,0.24678251147270203,0.4985590875148773,0.7453415989875793,cifar10,10,BN_adapt,logits,10,0.7299999594688416,0.7299999594688416,0.9185000658035278,0.9120000600814819,splits_cifar10_BN_adapt_10_0_f475b82dfdbf.npz,f475b82dfdbf,True,True,0.0994671403197158,0.522202486678508,0.22604926157324023,,,
iw_overlap_critic,2.0,0,10000,2000,2500,500,0.7216,0.0,1.0,0.9535510540008545,0.5,0.5,0.6604999899864197,0.2247055023908615,2823.0,145.0,1423.0,79.0,0.2105710482628031,0.25,2369.0,131.0,375.0,125.0,ok,plugin,False,,1848.006791033102,2019.2611394681026,1.989748353189674,0.7217764849573822,1.4514226895420521,0.904,0.226,0.43657104826280313,0.5634289517371969,0.5634289517371969,False,49.0,2.0,0.4386407732963562,0.48540985584259033,0.9240506291389465,cifar10,10,BN_adapt,logits,10,0.7299999594688416,0.7299999594688416,0.9185000658035278,0.9120000600814819,splits_cifar10_BN_adapt_10_0_f475b82dfdbf.npz,f475b82dfdbf,True,True,,,,,,
iw_residual_dis2,2.0,0,10000,2000,2500,500,0.7216,0.0,1.0,0.9535510540008545,0.5,0.5,0.6604999899864197,0.2247055023908615,177.0,145.0,77.0,79.0,0.2105710482628031,0.25,2369.0,131.0,375.0,125.0,ok,plugin,False,,1848.006791033102,2019.2611394681026,1.989748353189674,0.7217764849573822,1.4514226895420521,0.64,0.093206106870229,0.3037771551330321,0.6962228448669678,0.6962228448669678,False,49.0,22.0,0.3471970856189728,0.2857142984867096,0.6329113841056824,cifar10,10,BN_adapt,logits,10,0.7299999594688416,0.7299999594688416,0.9185000658035278,0.9120000600814819,splits_cifar10_BN_adapt_10_0_f475b82dfdbf.npz,f475b82dfdbf,True,True,0.04580152671755725,0.31297709923664124,0.32702290076335877,,,
iw_overlap_critic,5.0,0,10000,2000,2500,500,0.7216,0.0,1.0,0.9535510540008545,0.5,0.5,0.6604999899864197,0.2247055023908615,2972.0,38.0,1484.0,16.0,0.216539453239261,0.06,2472.0,28.0,470.0,30.0,ok,plugin,False,,2143.6292231328284,1765.9509884643408,4.929338523011148,0.7362049586836932,1.8607777956542855,1.0,0.06,0.276539453239261,0.723460546760739,0.723460546760739,False,49.0,0.0,0.48703205585479736,0.5129679441452026,1.0,cifar10,10,BN_adapt,logits,10,0.7299999594688416,0.7299999594688416,0.9185000658035278,0.9120000600814819,splits_cifar10_BN_adapt_10_0_f475b82dfdbf.npz,f475b82dfdbf,True,True,,,,,,
iw_residual_dis2,5.0,0,10000,2000,2500,500,0.7216,0.0,1.0,0.9535510540008545,0.5,0.5,0.6604999899864197,0.2247055023908615,28.0,38.0,16.0,16.0,0.216539453239261,0.06,2472.0,28.0,470.0,30.0,ok,plugin,False,,2143.6292231328284,1765.9509884643408,4.929338523011148,0.7362049586836932,1.8607777956542855,0.6,0.02314285714285714,0.23968231038211812,0.7603176896178818,0.7603176896178818,False,18.0,29.0,0.5625,0.0,0.5625,cifar10,10,BN_adapt,logits,10,0.7299999594688416,0.7299999594688416,0.9185000658035278,0.9120000600814819,splits_cifar10_BN_adapt_10_0_f475b82dfdbf.npz,f475b82dfdbf,True,True,0.0,0.21428571428571427,0.3857142857142857,,,
dis2_reference,,0,10000,2000,2500,500,0.7215999960899353,,,,,,,,,,,,,,,,,,ok,dis2_with_correction,True,0.09104562776310877,,,,,,,,0.3612000039100647,0.6387999960899353,0.5477543683268266,,49.0,17.0,0.09933334589004517,0.8840000033378601,0.9833333492279053,cifar10,10,BN_adapt,logits,10,0.7299999594688416,0.7299999594688416,0.9185000658035278,0.9120000600814819,splits_cifar10_BN_adapt_10_0_f475b82dfdbf.npz,f475b82dfdbf,True,True,,,,0.01,0.45224563167317344,0.08279999999999998
iw_overlap_critic,1.0,0,10000,2000,2500,500,0.8288,0.0,1.0,1.0338222980499268,0.5,0.5,0.7239999771118164,0.19194599986076355,2150.0,415.0,1040.0,198.0,0.0700115455225615,0.668,1811.0,689.0,166.0,334.0,ok,plugin,False,,765.9269238604348,1324.1162828038948,0.9996150564732266,0.3717654637693249,0.9089130372338324,0.8353293413173652,0.558,0.6280115455225616,0.37198845447743845,0.37198845447743845,False,49.0,2.0,0.3604109287261963,0.46282142400741577,0.8232323527336121,cifar10,71,BN_adapt,logits,10,0.8303999900817871,0.8303999900817871,0.9310000538825989,0.9360000491142273,splits_cifar10_BN_adapt_71_0_f475b82dfdbf.npz,f475b82dfdbf,True,True,,,,,,
iw_residual_dis2,1.0,0,10000,2000,2500,500,0.8288,0.0,1.0,1.0338222980499268,0.5,0.5,0.7239999771118164,0.19194599986076355,850.0,415.0,460.0,198.0,0.0700115455225615,0.668,1811.0,689.0,166.0,334.0,ok,plugin,False,,765.9269238604348,1324.1162828038948,0.9996150564732266,0.3717654637693249,0.9089130372338324,0.7514970059880239,0.24604644412191587,0.3160579896444774,0.6839420103555226,0.6839420103555226,False,42.0,0.0,0.3110891282558441,0.47173914313316345,0.7828282713890076,cifar10,71,BN_adapt,logits,10,0.8303999900817871,0.8303999900817871,0.9310000538825989,0.9360000491142273,splits_cifar10_BN_adapt_71_0_f475b82dfdbf.npz,f475b82dfdbf,True,True,0.10595065312046444,0.48911465892597966,0.2623823470620443,,,
iw_overlap_critic,2.0,0,10000,2000,2500,500,0.8288,0.0,1.0,1.0338222980499268,0.5,0.5,0.7239999771118164,0.19194599986076355,2699.0,262.0,1317.0,134.0,0.10253572693419953,0.458,2236.0,264.0,271.0,229.0,ok,plugin,False,,1349.8905960108277,1426.198959730691,1.9967858977378554,0.4657232934004605,1.5581383304089493,0.9126637554585153,0.41800000000000004,0.5205357269341996,0.4794642730658004,0.4794642730658004,False,45.0,2.0,0.29468172788619995,0.5635272264480591,0.858208954334259,cifar10,71,BN_adapt,logits,10,0.8303999900817871,0.8303999900817871,0.9310000538825989,0.9360000491142273,splits_cifar10_BN_adapt_71_0_f475b82dfdbf.npz,f475b82dfdbf,True,True,,,,,,
iw_residual_dis2,2.0,0,10000,2000,2500,500,0.8288,0.0,1.0,1.0338222980499268,0.5,0.5,0.7239999771118164,0.19194599986076355,301.0,262.0,183.0,134.0,0.10253572693419953,0.458,2236.0,264.0,271.0,229.0,ok,plugin,False,,1349.8905960108277,1426.198959730691,1.9967858977378554,0.4657232934004605,1.5581383304089493,0.8122270742358079,0.1985151515151515,0.301050878449351,0.6989491215506489,0.6989491215506489,False,47.0,0.0,0.4114672839641571,0.34972676634788513,0.7611940503120422,cifar10,71,BN_adapt,logits,10,0.8303999900817871,0.8303999900817871,0.9310000538825989,0.9360000491142273,splits_cifar10_BN_adapt_71_0_f475b82dfdbf.npz,f475b82dfdbf,True,True,0.03787878787878788,0.4166666666666667,0.3955604075691412,,,
iw_overlap_critic,5.0,0,10000,2000,2500,500,0.8288,0.0,1.0,1.0338222980499268,0.5,0.5,0.7239999771118164,0.19194599986076355,2960.0,113.0,1466.0,50.0,0.1122121883048822,0.17,2467.0,33.0,415.0,85.0,ok,plugin,False,,2008.6002663046913,1226.9116178763811,4.863028758199631,0.5283674710842576,2.5429711025221327,0.9411764705882353,0.16,0.2722121883048822,0.7277878116951177,0.7277878116951177,False,49.0,5.0,0.3657935857772827,0.5942063927650452,0.9599999785423279,cifar10,71,BN_adapt,logits,10,0.8303999900817871,0.8303999900817871,0.9310000538825989,0.9360000491142273,splits_cifar10_BN_adapt_71_0_f475b82dfdbf.npz,f475b82dfdbf,True,True,,,,,,
iw_residual_dis2,5.0,0,10000,2000,2500,500,0.8288,0.0,1.0,1.0338222980499268,0.5,0.5,0.7239999771118164,0.19194599986076355,40.0,113.0,34.0,50.0,0.1122121883048822,0.17,2467.0,33.0,415.0,85.0,ok,plugin,False,,2008.6002663046913,1226.9116178763811,4.863028758199631,0.5283674710842576,2.5429711025221327,0.8352941176470589,0.09563636363636366,0.20784855194124585,0.7921514480587541,0.7921514480587541,False,35.0,0.0,0.7329411506652832,0.14705882966518402,0.8799999952316284,cifar10,71,BN_adapt,logits,10,0.8303999900817871,0.8303999900817871,0.9310000538825989,0.9360000491142273,splits_cifar10_BN_adapt_71_0_f475b82dfdbf.npz,f475b82dfdbf,True,True,0.0,0.2727272727272727,0.5625668449197861,,,
dis2_reference,,0,10000,2000,2500,500,0.8288000077009201,,,,,,,,,,,,,,,,,,ok,dis2_with_correction,True,0.09104562776310877,,,,,,,,0.26039999229907984,0.7396000077009202,0.6485543799378114,,46.0,26.0,0.11066669225692749,0.8659999966621399,0.9766666889190674,cifar10,71,BN_adapt,logits,10,0.8303999900817871,0.8303999900817871,0.9310000538825989,0.9360000491142273,splits_cifar10_BN_adapt_71_0_f475b82dfdbf.npz,f475b82dfdbf,True,True,,,,0.01,0.3514456200621886,0.08919999999999995
iw_overlap_critic,1.0,0,10000,2000,2500,500,0.9536,0.0,1.0,54.598148345947266,0.5,0.5,0.4830000102519989,0.2500055730342865,1530.0,317.0,738.0,154.0,0.02435359724210585,0.506,1266.0,1234.0,247.0,253.0,ok,plugin,False,,1262.3243626979158,1265.9935952408498,0.9999988946572126,0.9977205815111565,0.9997718495661099,0.9130434782608695,0.46199999999999997,0.4863535972421058,0.5136464027578942,0.5136464027578942,False,49.0,14.0,0.759701132774353,0.18185725808143616,0.9415584206581116,cifar10,95,BN_adapt,logits,10,0.9559999704360962,0.9559999704360962,0.9535000324249268,0.9600000381469727,splits_cifar10_BN_adapt_95_0_f475b82dfdbf.npz,f475b82dfdbf,True,True,,,,,,
iw_residual_dis2,1.0,0,10000,2000,2500,500,0.9536,0.0,1.0,54.598148345947266,0.5,0.5,0.4830000102519989,0.2500055730342865,1470.0,317.0,762.0,154.0,0.02435359724210585,0.506,1266.0,1234.0,247.0,253.0,ok,plugin,False,,1262.3243626979158,1265.9935952408498,0.9999988946572126,0.9977205815111565,0.9997718495661099,0.691699604743083,0.027701782820097248,0.0520553800622031,0.9479446199377969,0.9479446199377969,False,30.0,10.0,0.11938846111297607,0.6338582634925842,0.7532467246055603,cifar10,95,BN_adapt,logits,10,0.9559999704360962,0.9559999704360962,0.9535000324249268,0.9600000381469727,splits_cifar10_BN_adapt_95_0_f475b82dfdbf.npz,f475b82dfdbf,True,True,0.04457050243111831,0.6815235008103727,0.01017610393271029,,,
iw_overlap_critic,2.0,0,10000,2000,2500,500,0.9536,0.0,1.0,54.598148345947266,0.5,0.5,0.4830000102519989,0.2500055730342865,,,,,0.04638632503564543,0.0,2500.0,0.0,500.0,0.0,ok,plugin,False,,2499.4192395015516,2499.9712277148906,1.0091137129907213,0.9999271875527092,1.0050430806286892,,0.0,0.04638632503564543,0.9536136749643546,0.9536136749643546,False,,,,,,cifar10,95,BN_adapt,logits,10,0.9559999704360962,0.9559999704360962,0.9535000324249268,0.9600000381469727,splits_cifar10_BN_adapt_95_0_f475b82dfdbf.npz,f475b82dfdbf,False,True,,,,,,
iw_residual_dis2,2.0,0,10000,2000,2500,500,0.9536,0.0,1.0,54.598148345947266,0.5,0.5,0.4830000102519989,0.2500055730342865,,,,,0.04638632503564543,0.0,2500.0,0.0,500.0,0.0,ok,plugin,False,,2499.4192395015516,2499.9712277148906,1.0091137129907213,0.9999271875527092,1.0050430806286892,,0.0,0.04638632503564543,0.9536136749643546,0.9536136749643546,False,,,,,,cifar10,95,BN_adapt,logits,10,0.9559999704360962,0.9559999704360962,0.9535000324249268,0.9600000381469727,splits_cifar10_BN_adapt_95_0_f475b82dfdbf.npz,f475b82dfdbf,False,True,,,,,,
iw_overlap_critic,5.0,0,10000,2000,2500,500,0.9536,0.0,1.0,54.598148345947266,0.5,0.5,0.4830000102519989,0.2500055730342865,,,,,0.04638632503564543,0.0,2500.0,0.0,500.0,0.0,ok,plugin,False,,2499.4192395015516,2499.9712277148906,1.0091137129907213,0.9999271875527092,1.0050430806286892,,0.0,0.04638632503564543,0.9536136749643546,0.9536136749643546,False,,,,,,cifar10,95,BN_adapt,logits,10,0.9559999704360962,0.9559999704360962,0.9535000324249268,0.9600000381469727,splits_cifar10_BN_adapt_95_0_f475b82dfdbf.npz,f475b82dfdbf,False,True,,,,,,
iw_residual_dis2,5.0,0,10000,2000,2500,500,0.9536,0.0,1.0,54.598148345947266,0.5,0.5,0.4830000102519989,0.2500055730342865,,,,,0.04638632503564543,0.0,2500.0,0.0,500.0,0.0,ok,plugin,False,,2499.4192395015516,2499.9712277148906,1.0091137129907213,0.9999271875527092,1.0050430806286892,,0.0,0.04638632503564543,0.9536136749643546,0.9536136749643546,False,,,,,,cifar10,95,BN_adapt,logits,10,0.9559999704360962,0.9559999704360962,0.9535000324249268,0.9600000381469727,splits_cifar10_BN_adapt_95_0_f475b82dfdbf.npz,f475b82dfdbf,False,True,,,,,,
dis2_reference,,0,10000,2000,2500,500,0.953600000590086,,,,,,,,,,,,,,,,,,ok,dis2_with_correction,True,0.09104562776310877,,,,,,,,0.06719999940991395,0.932800000590086,0.8417543728269773,,27.0,6.0,0.0753333568572998,0.7979999780654907,0.8733333349227905,cifar10,95,BN_adapt,logits,10,0.9559999704360962,0.9559999704360962,0.9535000324249268,0.9600000381469727,splits_cifar10_BN_adapt_95_0_f475b82dfdbf.npz,f475b82dfdbf,True,True,,,,0.01,0.1582456271730227,0.02079999999999993
iw_overlap_critic,1.0,0,10000,2000,2500,500,0.9452,0.0,1.0,2.7144715785980225,0.5,0.5,0.5149999856948853,0.24972444772720337,1617.0,297.0,785.0,133.0,0.02186425490904985,0.51,1327.0,1173.0,245.0,255.0,ok,plugin,False,,1249.1076622956748,1324.9922059721378,0.999867535542655,0.9438975362027013,0.9940537084523903,0.9058823529411765,0.462,0.4838642549090499,0.5161357450909501,0.5161357450909501,False,49.0,11.0,0.7717263698577881,0.13804805278778076,0.9097744226455688,cifar10,1,DANN,logits,10,0.9508999586105347,0.9508999586105347,0.8440000414848328,0.8360000252723694,splits_cifar10_DANN_1_0_f475b82dfdbf.npz,f475b82dfdbf,True,True,,,,,,
iw_residual_dis2,1.0,0,10000,2000,2500,500,0.9452,0.0,1.0,2.7144715785980225,0.5,0.5,0.5149999856948853,0.24972444772720337,1383.0,297.0,715.0,133.0,0.02186425490904985,0.51,1327.0,1173.0,245.0,255.0,ok,plugin,False,,1249.1076622956748,1324.9922059721378,0.999867535542655,0.9438975362027013,0.9940537084523903,0.6392156862745098,0.07947826086956519,0.10134251577861504,0.8986574842213849,0.8986574842213849,False,31.0,1.0,0.21796095371246338,0.5188811421394348,0.7368420958518982,cifar10,1,DANN,logits,10,0.9508999586105347,0.9508999586105347,0.8440000414848328,0.8360000252723694,splits_cifar10_DANN_1_0_f475b82dfdbf.npz,f475b82dfdbf,False,False,0.06820119352088662,0.5515771526001705,0.08763853367433927,,,
iw_overlap_critic,2.0,0,10000,2000,2500,500,0.9452,0.0,1.0,2.7144715785980225,0.5,0.5,0.5149999856948853,0.24972444772720337,,,,,0.05527905232382684,0.0,2500.0,0.0,500.0,0.0,ok,plugin,False,,2490.763291733524,2487.6180886665843,1.2452015604379874,0.9935279219351392,1.1159082128740911,,0.0,0.05527905232382684,0.9447209476761732,0.9447209476761732,False,,,,,,cifar10,1,DANN,logits,10,0.9508999586105347,0.9508999586105347,0.8440000414848328,0.8360000252723694,splits_cifar10_DANN_1_0_f475b82dfdbf.npz,f475b82dfdbf,False,False,,,,,,
iw_residual_dis2,2.0,0,10000,2000,2500,500,0.9452,0.0,1.0,2.7144715785980225,0.5,0.5,0.5149999856948853,0.24972444772720337,,,,,0.05527905232382684,0.0,2500.0,0.0,500.0,0.0,ok,plugin,False,,2490.763291733524,2487.6180886665843,1.2452015604379874,0.9935279219351392,1.1159082128740911,,0.0,0.05527905232382684,0.9447209476761732,0.9447209476761732,False,,,,,,cifar10,1,DANN,logits,10,0.9508999586105347,0.9508999586105347,0.8440000414848328,0.8360000252723694,splits_cifar10_DANN_1_0_f475b82dfdbf.npz,f475b82dfdbf,False,False,,,,,,
iw_overlap_critic,5.0,0,10000,2000,2500,500,0.9452,0.0,1.0,2.7144715785980225,0.5,0.5,0.5149999856948853,0.24972444772720337,,,,,0.05527905232382684,0.0,2500.0,0.0,500.0,0.0,ok,plugin,False,,2490.763291733524,2487.6180886665843,1.2452015604379874,0.9935279219351392,1.1159082128740911,,0.0,0.05527905232382684,0.9447209476761732,0.9447209476761732,False,,,,,,cifar10,1,DANN,logits,10,0.9508999586105347,0.9508999586105347,0.8440000414848328,0.8360000252723694,splits_cifar10_DANN_1_0_f475b82dfdbf.npz,f475b82dfdbf,False,False,,,,,,
iw_residual_dis2,5.0,0,10000,2000,2500,500,0.9452,0.0,1.0,2.7144715785980225,0.5,0.5,0.5149999856948853,0.24972444772720337,,,,,0.05527905232382684,0.0,2500.0,0.0,500.0,0.0,ok,plugin,False,,2490.763291733524,2487.6180886665843,1.2452015604379874,0.9935279219351392,1.1159082128740911,,0.0,0.05527905232382684,0.9447209476761732,0.9447209476761732,False,,,,,,cifar10,1,DANN,logits,10,0.9508999586105347,0.9508999586105347,0.8440000414848328,0.8360000252723694,splits_cifar10_DANN_1_0_f475b82dfdbf.npz,f475b82dfdbf,False,False,,,,,,
dis2_reference,,0,10000,2000,2500,500,0.9451999999582767,,,,,,,,,,,,,,,,,,ok,dis2_with_correction,True,0.09104562776310877,,,,,,,,0.12520000004172316,0.8747999999582768,0.7837543721951681,,48.0,4.0,0.109333336353302,0.6439999938011169,0.753333330154419,cifar10,1,DANN,logits,10,0.9508999586105347,0.9508999586105347,0.8440000414848328,0.8360000252723694,splits_cifar10_DANN_1_0_f475b82dfdbf.npz,f475b82dfdbf,True,True,,,,0.01,0.21624562780483192,0.07039999999999991
iw_overlap_critic,1.0,0,10000,2000,2500,500,0.946,0.0,1.0,54.598148345947266,0.5,0.5,0.49900001287460327,0.2500520348548889,1565.0,288.0,793.0,145.0,0.030338435115380945,0.454,1313.0,1187.0,273.0,227.0,ok,plugin,False,,1308.9851235102774,1312.99346849124,0.9999912340511927,0.9973665132948407,0.9997742137884934,0.8766519823788547,0.398,0.42833843511538094,0.5716615648846191,0.5716615648846191,False,48.0,22.0,0.6689919233322144,0.26893916726112366,0.9379310607910156,cifar10,10,DANN,logits,10,0.9477999806404114,0.9477999806404114,0.924500048160553,0.9120000600814819,splits_cifar10_DANN_10_0_f475b82dfdbf.npz,f475b82dfdbf,True,True,,,,,,
iw_residual_dis2,1.0,0,10000,2000,2500,500,0.946,0.0,1.0,54.598148345947266,0.5,0.5,0.49900001287460327,0.2500520348548889,1435.0,288.0,707.0,145.0,0.030338435115380945,0.454,1313.0,1187.0,273.0,227.0,ok,plugin,False,,1308.9851235102774,1312.99346849124,0.9999912340511927,0.9973665132948407,0.9997742137884934,0.5814977973568282,0.04101600673967988,0.07135444185506082,0.9286455581449392,0.9286455581449392,False,43.0,9.0,0.11874356865882874,0.49504950642585754,0.6137930750846863,cifar10,10,DANN,logits,10,0.9477999806404114,0.9477999806404114,0.924500048160553,0.9120000600814819,splits_cifar10_DANN_10_0_f475b82dfdbf.npz,f475b82dfdbf,False,False,0.04970513900589722,0.5408593091828138,0.04063848817401439,,,
iw_overlap_critic,2.0,0,10000,2000,2500,500,0.946,0.0,1.0,54.598148345947266,0.5,0.5,0.49900001287460327,0.2500520348548889,,,,,0.053977254585820436,0.0,2500.0,0.0,500.0,0.0,ok,plugin,False,,2499.350371889275,2499.965877937097,1.0116953872164371,0.9997928421731974,1.0058517713974136,,0.0,0.053977254585820436,0.9460227454141795,0.9460227454141795,False,,,,,,cifar10,10,DANN,logits,10,0.9477999806404114,0.9477999806404114,0.924500048160553,0.9120000600814819,splits_cifar10_DANN_10_0_f475b82dfdbf.npz,f475b82dfdbf,False,False,,,,,,
iw_residual_dis2,2.0,0,10000,2000,2500,500,0.946,0.0,1.0,54.598148345947266,0.5,0.5,0.49900001287460327,0.2500520348548889,,,,,0.053977254585820436,0.0,2500.0,0.0,500.0,0.0,ok,plugin,False,,2499.350371889275,2499.965877937097,1.0116953872164371,0.9997928421731974,1.0058517713974136,,0.0,0.053977254585820436,0.9460227454141795,0.9460227454141795,False,,,,,,cifar10,10,DANN,logits,10,0.9477999806404114,0.9477999806404114,0.924500048160553,0.9120000600814819,splits_cifar10_DANN_10_0_f475b82dfdbf.npz,f475b82dfdbf,False,False,,,,,,
iw_overlap_critic,5.0,0,10000,2000,2500,500,0.946,0.0,1.0,54.598148345947266,0.5,0.5,0.49900001287460327,0.2500520348548889,,,,,0.053977254585820436,0.0,2500.0,0.0,500.0,0.0,ok,plugin,False,,2499.350371889275,2499.965877937097,1.0116953872164371,0.9997928421731974,1.0058517713974136,,0.0,0.053977254585820436,0.9460227454141795,0.9460227454141795,False,,,,,,cifar10,10,DANN,logits,10,0.9477999806404114,0.9477999806404114,0.924500048160553,0.9120000600814819,splits_cifar10_DANN_10_0_f475b82dfdbf.npz,f475b82dfdbf,False,False,,,,,,
iw_residual_dis2,5.0,0,10000,2000,2500,500,0.946,0.0,1.0,54.598148345947266,0.5,0.5,0.49900001287460327,0.2500520348548889,,,,,0.053977254585820436,0.0,2500.0,0.0,500.0,0.0,ok,plugin,False,,2499.350371889275,2499.965877937097,1.0116953872164371,0.9997928421731974,1.0058517713974136,,0.0,0.053977254585820436,0.9460227454141795,0.9460227454141795,False,,,,,,cifar10,10,DANN,logits,10,0.9477999806404114,0.9477999806404114,0.924500048160553,0.9120000600814819,splits_cifar10_DANN_10_0_f475b82dfdbf.npz,f475b82dfdbf,False,False,,,,,,
dis2_reference,,0,10000,2000,2500,500,0.9460000023245811,,,,,,,,,,,,,,,,,,ok,dis2_with_correction,True,0.09104562776310877,,,,,,,,0.0343999976754189,0.9656000023245811,0.8745543745614723,,45.0,21.0,0.10133332014083862,0.5920000076293945,0.6933333277702332,cifar10,10,DANN,logits,10,0.9477999806404114,0.9477999806404114,0.924500048160553,0.9120000600814819,splits_cifar10_DANN_10_0_f475b82dfdbf.npz,f475b82dfdbf,True,True,,,,0.01,0.12544562543852766,-0.01959999999999995
iw_overlap_critic,1.0,0,10000,2000,2500,500,0.9452,0.0,1.0,54.598148345947266,0.5,0.5,0.4724999964237213,0.2500370144844055,1575.0,289.0,782.0,137.0,0.0287529248079115,0.456,1332.0,1168.0,272.0,228.0,ok,plugin,False,,1328.8127399052285,1331.9955224542116,0.9999962051313285,0.9979277859008806,0.9998557576152318,0.8859649122807017,0.404,0.4327529248079115,0.5672470751920885,0.5672470751920885,False,49.0,22.0,0.6383427381515503,0.2521682381629944,0.8905109763145447,cifar10,71,DANN,logits,10,0.9487999677658081,0.9487999677658081,0.9305000305175781,0.9180000424385071,splits_cifar10_DANN_71_0_f475b82dfdbf.npz,f475b82dfdbf,True,True,,,,,,
iw_residual_dis2,1.0,0,10000,2000,2500,500,0.9452,0.0,1.0,54.598148345947266,0.5,0.5,0.4724999964237213,0.2500370144844055,1425.0,289.0,718.0,137.0,0.0287529248079115,0.456,1332.0,1168.0,272.0,228.0,ok,plugin,False,,1328.8127399052285,1331.9955224542116,0.9999962051313285,0.9979277859008806,0.9998557576152318,0.5526315789473685,0.01931506849315069,0.04806799330106219,0.9519320066989378,0.9519320066989378,False,38.0,10.0,0.10266757011413574,0.5250696539878845,0.6277372241020203,cifar10,71,DANN,logits,10,0.9487999677658081,0.9487999677658081,0.9305000305175781,0.9180000424385071,splits_cifar10_DANN_71_0_f475b82dfdbf.npz,f475b82dfdbf,False,False,0.05565068493150685,0.5659246575342466,-0.013293078586878115,,,
iw_overlap_critic,2.0,0,10000,2000,2500,500,0.9452,0.0,1.0,54.598148345947266,0.5,0.5,0.4724999964237213,0.2500370144844055,,,,,0.0547860526192732,0.0,2500.0,0.0,500.0,0.0,ok,plugin,False,,2499.534284390755,2499.977277075477,1.0108819125923776,0.999816907350147,1.0046119831146385,,0.0,0.0547860526192732,0.9452139473807268,0.9452139473807268,False,,,,,,cifar10,71,DANN,logits,10,0.9487999677658081,0.9487999677658081,0.9305000305175781,0.9180000424385071,splits_cifar10_DANN_71_0_f475b82dfdbf.npz,f475b82dfdbf,False,False,,,,,,
iw_residual_dis2,2.0,0,10000,2000,2500,500,0.9452,0.0,1.0,54.598148345947266,0.5,0.5,0.4724999964237213,0.2500370144844055,,,,,0.0547860526192732,0.0,2500.0,0.0,500.0,0.0,ok,plugin,False,,2499.534284390755,2499.977277075477,1.0108819125923776,0.999816907350147,1.0046119831146385,,0.0,0.0547860526192732,0.9452139473807268,0.9452139473807268,False,,,,,,cifar10,71,DANN,logits,10,0.9487999677658081,0.9487999677658081,0.9305000305175781,0.9180000424385071,splits_cifar10_DANN_71_0_f475b82dfdbf.npz,f475b82dfdbf,False,False,,,,,,
iw_overlap_critic,5.0,0,10000,2000,2500,500,0.9452,0.0,1.0,54.598148345947266,0.5,0.5,0.4724999964237213,0.2500370144844055,,,,,0.0547860526192732,0.0,2500.0,0.0,500.0,0.0,ok,plugin,False,,2499.534284390755,2499.977277075477,1.0108819125923776,0.999816907350147,1.0046119831146385,,0.0,0.0547860526192732,0.9452139473807268,0.9452139473807268,False,,,,,,cifar10,71,DANN,logits,10,0.9487999677658081,0.9487999677658081,0.9305000305175781,0.9180000424385071,splits_cifar10_DANN_71_0_f475b82dfdbf.npz,f475b82dfdbf,False,False,,,,,,
iw_residual_dis2,5.0,0,10000,2000,2500,500,0.9452,0.0,1.0,54.598148345947266,0.5,0.5,0.4724999964237213,0.2500370144844055,,,,,0.0547860526192732,0.0,2500.0,0.0,500.0,0.0,ok,plugin,False,,2499.534284390755,2499.977277075477,1.0108819125923776,0.999816907350147,1.0046119831146385,,0.0,0.0547860526192732,0.9452139473807268,0.9452139473807268,False,,,,,,cifar10,71,DANN,logits,10,0.9487999677658081,0.9487999677658081,0.9305000305175781,0.9180000424385071,splits_cifar10_DANN_71_0_f475b82dfdbf.npz,f475b82dfdbf,False,False,,,,,,
dis2_reference,,0,10000,2000,2500,500,0.9451999999582767,,,,,,,,,,,,,,,,,,ok,dis2_with_correction,True,0.09104562776310877,,,,,,,,0.053200000041723206,0.9467999999582768,0.855754372195168,,43.0,18.0,0.06733334064483643,0.7226666808128357,0.7900000214576721,cifar10,71,DANN,logits,10,0.9487999677658081,0.9487999677658081,0.9305000305175781,0.9180000424385071,splits_cifar10_DANN_71_0_f475b82dfdbf.npz,f475b82dfdbf,True,True,,,,0.01,0.14424562780483197,-0.0016000000000000458
iw_overlap_critic,1.0,0,10000,2000,2500,500,0.9528,0.0,1.0,54.598148345947266,0.5,0.5,0.48350000381469727,0.2500438690185547,1619.0,272.0,800.0,125.0,0.021971461796020223,0.446,1353.0,1147.0,277.0,223.0,ok,plugin,False,,1350.3663080301003,1352.9979425923061,0.9999996357825934,0.9982049846722365,0.9997564819254817,0.8071748878923767,0.36,0.3819714617960202,0.6180285382039798,0.6180285382039798,False,49.0,5.0,0.7244254350662231,0.10757455974817276,0.8320000171661377,cifar10,95,DANN,logits,10,0.9515999555587769,0.9515999555587769,0.9390000700950623,0.9360000491142273,splits_cifar10_DANN_95_0_f475b82dfdbf.npz,f475b82dfdbf,True,True,,,,,,
iw_residual_dis2,1.0,0,10000,2000,2500,500,0.9528,0.0,1.0,54.598148345947266,0.5,0.5,0.48350000381469727,0.2500438690185547,1381.0,272.0,700.0,125.0,0.021971461796020223,0.446,1353.0,1147.0,277.0,223.0,ok,plugin,False,,1350.3663080301003,1352.9979425923061,0.9999996357825934,0.9982049846722365,0.9997564819254817,0.8071748878923767,0.025597210113339174,0.0475686719093594,0.9524313280906406,0.9524313280906406,False,47.0,23.0,0.09514284133911133,0.7528571486473083,0.8479999899864197,cifar10,95,DANN,logits,10,0.9515999555587769,0.9515999555587769,0.9390000700950623,0.9360000491142273,splits_cifar10_DANN_95_0_f475b82dfdbf.npz,f475b82dfdbf,False,False,0.05492589363557106,0.8047079337401918,0.002466954152184897,,,
iw_overlap_critic,2.0,0,10000,2000,2500,500,0.9528,0.0,1.0,54.598148345947266,0.5,0.5,0.48350000381469727,0.2500438690185547,,,,,0.047194212081689564,0.0,2500.0,0.0,500.0,0.0,ok,plugin,False,,2499.665104551872,2499.9861775831446,1.0061237349092884,0.9996522169064508,1.0038381868779027,,0.0,0.047194212081689564,0.9528057879183104,0.9528057879183104,False,,,,,,cifar10,95,DANN,logits,10,0.9515999555587769,0.9515999555587769,0.9390000700950623,0.9360000491142273,splits_cifar10_DANN_95_0_f475b82dfdbf.npz,f475b82dfdbf,False,False,,,,,,
iw_residual_dis2,2.0,0,10000,2000,2500,500,0.9528,0.0,1.0,54.598148345947266,0.5,0.5,0.48350000381469727,0.2500438690185547,,,,,0.047194212081689564,0.0,2500.0,0.0,500.0,0.0,ok,plugin,False,,2499.665104551872,2499.9861775831446,1.0061237349092884,0.9996522169064508,1.0038381868779027,,0.0,0.047194212081689564,0.9528057879183104,0.9528057879183104,False,,,,,,cifar10,95,DANN,logits,10,0.9515999555587769,0.9515999555587769,0.9390000700950623,0.9360000491142273,splits_cifar10_DANN_95_0_f475b82dfdbf.npz,f475b82dfdbf,False,False,,,,,,
iw_overlap_critic,5.0,0,10000,2000,2500,500,0.9528,0.0,1.0,54.598148345947266,0.5,0.5,0.48350000381469727,0.2500438690185547,,,,,0.047194212081689564,0.0,2500.0,0.0,500.0,0.0,ok,plugin,False,,2499.665104551872,2499.9861775831446,1.0061237349092884,0.9996522169064508,1.0038381868779027,,0.0,0.047194212081689564,0.9528057879183104,0.9528057879183104,False,,,,,,cifar10,95,DANN,logits,10,0.9515999555587769,0.9515999555587769,0.9390000700950623,0.9360000491142273,splits_cifar10_DANN_95_0_f475b82dfdbf.npz,f475b82dfdbf,False,False,,,,,,
iw_residual_dis2,5.0,0,10000,2000,2500,500,0.9528,0.0,1.0,54.598148345947266,0.5,0.5,0.48350000381469727,0.2500438690185547,,,,,0.047194212081689564,0.0,2500.0,0.0,500.0,0.0,ok,plugin,False,,2499.665104551872,2499.9861775831446,1.0061237349092884,0.9996522169064508,1.0038381868779027,,0.0,0.047194212081689564,0.9528057879183104,0.9528057879183104,False,,,,,,cifar10,95,DANN,logits,10,0.9515999555587769,0.9515999555587769,0.9390000700950623,0.9360000491142273,splits_cifar10_DANN_95_0_f475b82dfdbf.npz,f475b82dfdbf,False,False,,,,,,
dis2_reference,,0,10000,2000,2500,500,0.9528000019490719,,,,,,,,,,,,,,,,,,ok,dis2_with_correction,True,0.09104562776310877,,,,,,,,0.03239999805092808,0.9676000019490719,0.8765543741859632,,36.0,21.0,0.06933331489562988,0.6773333549499512,0.746666669845581,cifar10,95,DANN,logits,10,0.9515999555587769,0.9515999555587769,0.9390000700950623,0.9360000491142273,splits_cifar10_DANN_95_0_f475b82dfdbf.npz,f475b82dfdbf,True,True,,,,0.01,0.12344562581403686,-0.014800000000000035
iw_overlap_critic,1.0,0,10000,2000,2500,500,0.9476,0.0,1.0,15.170090675354004,0.5,0.5,0.5120000243186951,0.2499927282333374,1575.0,294.0,779.0,138.0,0.022260303879494917,0.498,1363.0,1137.0,251.0,249.0,ok,plugin,False,,1349.3380515377978,1362.9427446061704,0.9999922022610503,0.9905721278738692,0.998883504442615,0.9477911646586346,0.47200000000000003,0.49426030387949493,0.5057396961205051,0.5057396961205051,False,49.0,15.0,0.6574508547782898,0.27733176946640015,0.9347826242446899,cifar10,1,CDANN,logits,10,0.949999988079071,0.949999988079071,0.846500039100647,0.8440000414848328,splits_cifar10_CDANN_1_0_f475b82dfdbf.npz,f475b82dfdbf,True,True,,,,,,
iw_residual_dis2,1.0,0,10000,2000,2500,500,0.9476,0.0,1.0,15.170090675354004,0.5,0.5,0.5120000243186951,0.2499927282333374,1425.0,294.0,721.0,138.0,0.022260303879494917,0.498,1363.0,1137.0,251.0,249.0,ok,plugin,False,,1349.3380515377978,1362.9427446061704,0.9999922022610503,0.9905721278738692,0.998883504442615,0.6024096385542169,0.07706068601583117,0.09932098989532609,0.9006790101046739,0.9006790101046739,False,28.0,2.0,0.10862529277801514,0.5145630836486816,0.6231883764266968,cifar10,1,CDANN,logits,10,0.949999988079071,0.949999988079071,0.846500039100647,0.8440000414848328,splits_cifar10_CDANN_1_0_f475b82dfdbf.npz,f475b82dfdbf,False,False,0.06596306068601583,0.51363236587511,0.08877727267910696,,,
iw_overlap_critic,2.0,0,10000,2000,2500,500,0.9476,0.0,1.0,15.170090675354004,0.5,0.5,0.5120000243186951,0.2499927282333374,,,,,0.05250433867073842,0.0,2500.0,0.0,500.0,0.0,ok,plugin,False,,2497.3932455475524,2499.657998592665,1.0286085284895574,0.9982982617247618,1.0174694260297672,,0.0,0.05250433867073842,0.9474956613292616,0.9474956613292616,False,,,,,,cifar10,1,CDANN,logits,10,0.949999988079071,0.949999988079071,0.846500039100647,0.8440000414848328,splits_cifar10_CDANN_1_0_f475b82dfdbf.npz,f475b82dfdbf,False,False,,,,,,
iw_residual_dis2,2.0,0,10000,2000,2500,500,0.9476,0.0,1.0,15.170090675354004,0.5,0.5,0.5120000243186951,0.2499927282333374,,,,,0.05250433867073842,0.0,2500.0,0.0,500.0,0.0,ok,plugin,False,,2497.3932455475524,2499.657998592665,1.0286085284895574,0.9982982617247618,1.0174694260297672,,0.0,0.05250433867073842,0.9474956613292616,0.9474956613292616,False,,,,,,cifar10,1,CDANN,logits,10,0.949999988079071,0.949999988079071,0.846500039100647,0.8440000414848328,splits_cifar10_CDANN_1_0_f475b82dfdbf.npz,f475b82dfdbf,False,False,,,,,,
iw_overlap_critic,5.0,0,10000,2000,2500,500,0.9476,0.0,1.0,15.170090675354004,0.5,0.5,0.5120000243186951,0.2499927282333374,,,,,0.05250433867073842,0.0,2500.0,0.0,500.0,0.0,ok,plugin,False,,2497.3932455475524,2499.657998592665,1.0286085284895574,0.9982982617247618,1.0174694260297672,,0.0,0.05250433867073842,0.9474956613292616,0.9474956613292616,False,,,,,,cifar10,1,CDANN,logits,10,0.949999988079071,0.949999988079071,0.846500039100647,0.8440000414848328,splits_cifar10_CDANN_1_0_f475b82dfdbf.npz,f475b82dfdbf,False,False,,,,,,
iw_residual_dis2,5.0,0,10000,2000,2500,500,0.9476,0.0,1.0,15.170090675354004,0.5,0.5,0.5120000243186951,0.2499927282333374,,,,,0.05250433867073842,0.0,2500.0,0.0,500.0,0.0,ok,plugin,False,,2497.3932455475524,2499.657998592665,1.0286085284895574,0.9982982617247618,1.0174694260297672,,0.0,0.05250433867073842,0.9474956613292616,0.9474956613292616,False,,,,,,cifar10,1,CDANN,logits,10,0.949999988079071,0.949999988079071,0.846500039100647,0.8440000414848328,splits_cifar10_CDANN_1_0_f475b82dfdbf.npz,f475b82dfdbf,False,False,,,,,,
dis2_reference,,0,10000,2000,2500,500,0.9475999996066093,,,,,,,,,,,,,,,,,,ok,dis2_with_correction,True,0.09104562776310877,,,,,,,,0.11200000039339064,0.8879999996066094,0.7969543718435006,,43.0,2.0,0.11533331871032715,0.5580000281333923,0.6733333468437195,cifar10,1,CDANN,logits,10,0.949999988079071,0.949999988079071,0.846500039100647,0.8440000414848328,splits_cifar10_CDANN_1_0_f475b82dfdbf.npz,f475b82dfdbf,True,True,,,,0.01,0.2030456281564994,0.059599999999999986
iw_overlap_critic,1.0,0,10000,2000,2500,500,0.9468,0.0,1.0,54.598148345947266,0.5,0.5,0.48100000619888306,0.2500584125518799,1672.0,281.0,827.0,135.0,0.02554069274254344,0.45,1400.0,1100.0,275.0,225.0,ok,plugin,False,,1395.5631791443852,1399.9930470570741,0.99999572601466,0.997208913567679,0.9997394193929692,0.8577777777777778,0.386,0.41154069274254346,0.5884593072574565,0.5884593072574565,False,49.0,21.0,0.6498167514801025,0.2687017619609833,0.9185185432434082,cifar10,10,CDANN,logits,10,0.948699951171875,0.948699951171875,0.9160000681877136,0.9120000600814819,splits_cifar10_CDANN_10_0_f475b82dfdbf.npz,f475b82dfdbf,True,True,,,,,,
iw_residual_dis2,1.0,0,10000,2000,2500,500,0.9468,0.0,1.0,54.598148345947266,0.5,0.5,0.48100000619888306,0.2500584125518799,1328.0,281.0,673.0,135.0,0.02554069274254344,0.45,1400.0,1100.0,275.0,225.0,ok,plugin,False,,1395.5631791443852,1399.9930470570741,0.99999572601466,0.997208913567679,0.9997394193929692,0.5866666666666667,0.03777272727272729,0.06331342001527074,0.9366865799847293,0.9366865799847293,False,44.0,6.0,0.13325631618499756,0.5260029435157776,0.6592592597007751,cifar10,10,CDANN,logits,10,0.948699951171875,0.948699951171875,0.9160000681877136,0.9120000600814819,splits_cifar10_CDANN_10_0_f475b82dfdbf.npz,f475b82dfdbf,False,False,0.06272727272727273,0.5654545454545454,0.021212121212121238,,,
iw_overlap_critic,2.0,0,10000,2000,2500,500,0.9468,0.0,1.0,54.598148345947266,0.5,0.5,0.48100000619888306,0.2500584125518799,,,,,0.05319603762310007,0.0,2500.0,0.0,500.0,0.0,ok,plugin,False,,2498.9610457020863,2499.960930296623,1.013563395964361,0.9994265548504325,1.0065270235931552,,0.0,0.05319603762310007,0.9468039623768999,0.9468039623768999,False,,,,,,cifar10,10,CDANN,logits,10,0.948699951171875,0.948699951171875,0.9160000681877136,0.9120000600814819,splits_cifar10_CDANN_10_0_f475b82dfdbf.npz,f475b82dfdbf,False,False,,,,,,
iw_residual_dis2,2.0,0,10000,2000,2500,500,0.9468,0.0,1.0,54.598148345947266,0.5,0.5,0.48100000619888306,0.2500584125518799,,,,,0.05319603762310007,0.0,2500.0,0.0,500.0,0.0,ok,plugin,False,,2498.9610457020863,2499.960930296623,1.013563395964361,0.9994265548504325,1.0065270235931552,,0.0,0.05319603762310007,0.9468039623768999,0.9468039623768999,False,,,,,,cifar10,10,CDANN,logits,10,0.948699951171875,0.948699951171875,0.9160000681877136,0.9120000600814819,splits_cifar10_CDANN_10_0_f475b82dfdbf.npz,f475b82dfdbf,False,False,,,,,,
iw_overlap_critic,5.0,0,10000,2000,2500,500,0.9468,0.0,1.0,54.598148345947266,0.5,0.5,0.48100000619888306,0.2500584125518799,,,,,0.05319603762310007,0.0,2500.0,0.0,500.0,0.0,ok,plugin,False,,2498.9610457020863,2499.960930296623,1.013563395964361,0.9994265548504325,1.0065270235931552,,0.0,0.05319603762310007,0.9468039623768999,0.9468039623768999,False,,,,,,cifar10,10,CDANN,logits,10,0.948699951171875,0.948699951171875,0.9160000681877136,0.9120000600814819,splits_cifar10_CDANN_10_0_f475b82dfdbf.npz,f475b82dfdbf,False,False,,,,,,
iw_residual_dis2,5.0,0,10000,2000,2500,500,0.9468,0.0,1.0,54.598148345947266,0.5,0.5,0.48100000619888306,0.2500584125518799,,,,,0.05319603762310007,0.0,2500.0,0.0,500.0,0.0,ok,plugin,False,,2498.9610457020863,2499.960930296623,1.013563395964361,0.9994265548504325,1.0065270235931552,,0.0,0.05319603762310007,0.9468039623768999,0.9468039623768999,False,,,,,,cifar10,10,CDANN,logits,10,0.948699951171875,0.948699951171875,0.9160000681877136,0.9120000600814819,splits_cifar10_CDANN_10_0_f475b82dfdbf.npz,f475b82dfdbf,False,False,,,,,,
dis2_reference,,0,10000,2000,2500,500,0.9468000009655952,,,,,,,,,,,,,,,,,,ok,dis2_with_correction,True,0.09104562776310877,,,,,,,,0.05559999903440471,0.9444000009655953,0.8533543732024865,,24.0,21.0,0.0706666111946106,0.7093333601951599,0.7799999713897705,cifar10,10,CDANN,logits,10,0.948699951171875,0.948699951171875,0.9160000681877136,0.9120000600814819,splits_cifar10_CDANN_10_0_f475b82dfdbf.npz,f475b82dfdbf,True,True,,,,0.01,0.14664562679751347,0.0023999999999999577
iw_overlap_critic,1.0,0,10000,2000,2500,500,0.9492,0.0,1.0,54.598148345947266,0.5,0.5,0.4650000035762787,0.25004249811172485,1692.0,273.0,845.0,125.0,0.026357762123117603,0.426,1412.0,1088.0,287.0,213.0,ok,plugin,False,,1408.8959536291186,1411.9963673196905,0.9999991230605063,0.998075423559581,0.9998053686598329,0.8169014084507042,0.348,0.37435776212311755,0.6256422378768824,0.6256422378768824,False,49.0,0.0,0.6200971007347107,0.2759029269218445,0.8960000276565552,cifar10,71,CDANN,logits,10,0.9511999487876892,0.9511999487876892,0.9280000329017639,0.9040000438690186,splits_cifar10_CDANN_71_0_f475b82dfdbf.npz,f475b82dfdbf,True,True,,,,,,
iw_residual_dis2,1.0,0,10000,2000,2500,500,0.9492,0.0,1.0,54.598148345947266,0.5,0.5,0.4650000035762787,0.25004249811172485,1308.0,273.0,655.0,125.0,0.026357762123117603,0.426,1412.0,1088.0,287.0,213.0,ok,plugin,False,,1408.8959536291186,1411.9963673196905,0.9999991230605063,0.998075423559581,0.9998053686598329,0.596244131455399,0.03708455882352935,0.06344232094664695,0.9365576790533531,0.9365576790533531,False,49.0,17.0,0.1308702528476715,0.49312976002693176,0.6240000128746033,cifar10,71,CDANN,logits,10,0.9511999487876892,0.9511999487876892,0.9280000329017639,0.9040000438690186,splits_cifar10_CDANN_71_0_f475b82dfdbf.npz,f475b82dfdbf,False,False,0.05606617647058824,0.5652573529411765,0.03098677851422249,,,
iw_overlap_critic,2.0,0,10000,2000,2500,500,0.9492,0.0,1.0,54.598148345947266,0.5,0.5,0.4650000035762787,0.25004249811172485,,,,,0.05079030575612145,0.0,2500.0,0.0,500.0,0.0,ok,plugin,False,,2499.46999202274,2499.9783234754614,1.0120593683728807,0.9995410194424087,1.0051221552158527,,0.0,0.05079030575612145,0.9492096942438786,0.9492096942438786,False,,,,,,cifar10,71,CDANN,logits,10,0.9511999487876892,0.9511999487876892,0.9280000329017639,0.9040000438690186,splits_cifar10_CDANN_71_0_f475b82dfdbf.npz,f475b82dfdbf,False,False,,,,,,
iw_residual_dis2,2.0,0,10000,2000,2500,500,0.9492,0.0,1.0,54.598148345947266,0.5,0.5,0.4650000035762787,0.25004249811172485,,,,,0.05079030575612145,0.0,2500.0,0.0,500.0,0.0,ok,plugin,False,,2499.46999202274,2499.9783234754614,1.0120593683728807,0.9995410194424087,1.0051221552158527,,0.0,0.05079030575612145,0.9492096942438786,0.9492096942438786,False,,,,,,cifar10,71,CDANN,logits,10,0.9511999487876892,0.9511999487876892,0.9280000329017639,0.9040000438690186,splits_cifar10_CDANN_71_0_f475b82dfdbf.npz,f475b82dfdbf,False,False,,,,,,
iw_overlap_critic,5.0,0,10000,2000,2500,500,0.9492,0.0,1.0,54.598148345947266,0.5,0.5,0.4650000035762787,0.25004249811172485,,,,,0.05079030575612145,0.0,2500.0,0.0,500.0,0.0,ok,plugin,False,,2499.46999202274,2499.9783234754614,1.0120593683728807,0.9995410194424087,1.0051221552158527,,0.0,0.05079030575612145,0.9492096942438786,0.9492096942438786,False,,,,,,cifar10,71,CDANN,logits,10,0.9511999487876892,0.9511999487876892,0.9280000329017639,0.9040000438690186,splits_cifar10_CDANN_71_0_f475b82dfdbf.npz,f475b82dfdbf,False,False,,,,,,
iw_residual_dis2,5.0,0,10000,2000,2500,500,0.9492,0.0,1.0,54.598148345947266,0.5,0.5,0.4650000035762787,0.25004249811172485,,,,,0.05079030575612145,0.0,2500.0,0.0,500.0,0.0,ok,plugin,False,,2499.46999202274,2499.9783234754614,1.0120593683728807,0.9995410194424087,1.0051221552158527,,0.0,0.05079030575612145,0.9492096942438786,0.9492096942438786,False,,,,,,cifar10,71,CDANN,logits,10,0.9511999487876892,0.9511999487876892,0.9280000329017639,0.9040000438690186,splits_cifar10_CDANN_71_0_f475b82dfdbf.npz,f475b82dfdbf,False,False,,,,,,
dis2_reference,,0,10000,2000,2500,500,0.9492000006139278,,,,,,,,,,,,,,,,,,ok,dis2_with_correction,True,0.09104562776310877,,,,,,,,0.05519999938607223,0.9448000006139278,0.853754372850819,,45.0,21.0,0.06933331489562988,0.6240000128746033,0.6933333277702332,cifar10,71,CDANN,logits,10,0.9511999487876892,0.9511999487876892,0.9280000329017639,0.9040000438690186,splits_cifar10_CDANN_71_0_f475b82dfdbf.npz,f475b82dfdbf,True,True,,,,0.01,0.146245627149181,0.0044000000000000705
iw_overlap_critic,1.0,0,10000,2000,2500,500,0.9516,0.0,1.0,54.598148345947266,0.5,0.5,0.47450000047683716,0.250036358833313,1643.0,275.0,820.0,122.0,0.023971876690214146,0.416,1414.0,1086.0,292.0,208.0,ok,plugin,False,,1411.4775473392406,1413.9983280803585,0.999995233047379,0.9983205672964608,0.9998011820592513,0.8125,0.33799999999999997,0.36197187669021413,0.6380281233097859,0.6380281233097859,False,48.0,5.0,0.783629834651947,0.10981278866529465,0.8934426307678223,cifar10,95,CDANN,logits,10,0.9526000022888184,0.9526000022888184,0.9355000257492065,0.9260000586509705,splits_cifar10_CDANN_95_0_f475b82dfdbf.npz,f475b82dfdbf,True,True,,,,,,
iw_residual_dis2,1.0,0,10000,2000,2500,500,0.9516,0.0,1.0,54.598148345947266,0.5,0.5,0.47450000047683716,0.250036358833313,1357.0,275.0,680.0,122.0,0.023971876690214146,0.416,1414.0,1086.0,292.0,208.0,ok,plugin,False,,1411.4775473392406,1413.9983280803585,0.999995233047379,0.9983205672964608,0.9998011820592513,0.5288461538461539,0.031152854511970533,0.05512473120218468,0.9448752687978154,0.9448752687978154,False,43.0,1.0,0.11432018876075745,0.4676470458507538,0.5819672346115112,cifar10,95,CDANN,logits,10,0.9526000022888184,0.9526000022888184,0.9355000257492065,0.9260000586509705,splits_cifar10_CDANN_95_0_f475b82dfdbf.npz,f475b82dfdbf,False,False,0.056169429097605895,0.5101289134438306,0.018717240402323254,,,
iw_overlap_critic,2.0,0,10000,2000,2500,500,0.9516,0.0,1.0,54.598148345947266,0.5,0.5,0.47450000047683716,0.250036358833313,,,,,0.04839748708045496,0.0,2500.0,0.0,500.0,0.0,ok,plugin,False,,2499.626972410137,2499.9879266014955,1.0066564969396654,0.9995390854773687,1.0035422914818688,,0.0,0.04839748708045496,0.951602512919545,0.951602512919545,False,,,,,,cifar10,95,CDANN,logits,10,0.9526000022888184,0.9526000022888184,0.9355000257492065,0.9260000586509705,splits_cifar10_CDANN_95_0_f475b82dfdbf.npz,f475b82dfdbf,False,False,,,,,,
iw_residual_dis2,2.0,0,10000,2000,2500,500,0.9516,0.0,1.0,54.598148345947266,0.5,0.5,0.47450000047683716,0.250036358833313,,,,,0.04839748708045496,0.0,2500.0,0.0,500.0,0.0,ok,plugin,False,,2499.626972410137,2499.9879266014955,1.0066564969396654,0.9995390854773687,1.0035422914818688,,0.0,0.04839748708045496,0.951602512919545,0.951602512919545,False,,,,,,cifar10,95,CDANN,logits,10,0.9526000022888184,0.9526000022888184,0.9355000257492065,0.9260000586509705,splits_cifar10_CDANN_95_0_f475b82dfdbf.npz,f475b82dfdbf,False,False,,,,,,
iw_overlap_critic,5.0,0,10000,2000,2500,500,0.9516,0.0,1.0,54.598148345947266,0.5,0.5,0.47450000047683716,0.250036358833313,,,,,0.04839748708045496,0.0,2500.0,0.0,500.0,0.0,ok,plugin,False,,2499.626972410137,2499.9879266014955,1.0066564969396654,0.9995390854773687,1.0035422914818688,,0.0,0.04839748708045496,0.951602512919545,0.951602512919545,False,,,,,,cifar10,95,CDANN,logits,10,0.9526000022888184,0.9526000022888184,0.9355000257492065,0.9260000586509705,splits_cifar10_CDANN_95_0_f475b82dfdbf.npz,f475b82dfdbf,False,False,,,,,,
iw_residual_dis2,5.0,0,10000,2000,2500,500,0.9516,0.0,1.0,54.598148345947266,0.5,0.5,0.47450000047683716,0.250036358833313,,,,,0.04839748708045496,0.0,2500.0,0.0,500.0,0.0,ok,plugin,False,,2499.626972410137,2499.9879266014955,1.0066564969396654,0.9995390854773687,1.0035422914818688,,0.0,0.04839748708045496,0.951602512919545,0.951602512919545,False,,,,,,cifar10,95,CDANN,logits,10,0.9526000022888184,0.9526000022888184,0.9355000257492065,0.9260000586509705,splits_cifar10_CDANN_95_0_f475b82dfdbf.npz,f475b82dfdbf,False,False,,,,,,
dis2_reference,,0,10000,2000,2500,500,0.9516000002622604,,,,,,,,,,,,,,,,,,ok,dis2_with_correction,True,0.09104562776310877,,,,,,,,0.03639999973773955,0.9636000002622604,0.8725543724991517,,22.0,21.0,0.05866670608520508,0.7246666550636292,0.7833333611488342,cifar10,95,CDANN,logits,10,0.9526000022888184,0.9526000022888184,0.9355000257492065,0.9260000586509705,splits_cifar10_CDANN_95_0_f475b82dfdbf.npz,f475b82dfdbf,True,True,,,,0.01,0.1274456275008483,-0.01200000000000001
iw_overlap_critic,1.0,0,10000,2000,2500,500,0.9668,0.0,1.0,2.9672446250915527,0.5,0.5,0.5020000338554382,0.249815434217453,1357.0,332.0,658.0,150.0,0.015071382716624789,0.544,1131.0,1369.0,228.0,272.0,ok,plugin,False,,1066.9203436088544,1129.620659634732,0.9999607737273092,0.9412508490042647,0.9959186889941756,0.9632352941176471,0.524,0.5390713827166248,0.4609286172833752,0.4609286172833752,False,48.0,2.0,0.7601187229156494,0.19988125562667847,0.9599999785423279,cifar10,1,FixMatch,logits,10,0.9627999663352966,0.9627999663352966,0.877500057220459,0.8800000548362732,splits_cifar10_FixMatch_1_0_f475b82dfdbf.npz,f475b82dfdbf,True,True,,,,,,
iw_residual_dis2,1.0,0,10000,2000,2500,500,0.9668,0.0,1.0,2.9672446250915527,0.5,0.5,0.5020000338554382,0.249815434217453,1643.0,332.0,842.0,150.0,0.015071382716624789,0.544,1131.0,1369.0,228.0,272.0,ok,plugin,False,,1066.9203436088544,1129.620659634732,0.9999607737273092,0.9412508490042647,0.9959186889941756,0.6029411764705882,0.060172388604821,0.07524377132144579,0.9247562286785542,0.9247562286785542,False,48.0,9.0,0.12612828612327576,0.47387173771858215,0.6000000238418579,cifar10,1,FixMatch,logits,10,0.9627999663352966,0.9627999663352966,0.877500057220459,0.8800000548362732,splits_cifar10_FixMatch_1_0_f475b82dfdbf.npz,f475b82dfdbf,False,False,0.03214024835646457,0.5244704163623083,0.07847076010827991,,,
iw_overlap_critic,2.0,0,10000,2000,2500,500,0.9668,0.0,1.0,2.9672446250915527,0.5,0.5,0.5020000338554382,0.249815434217453,,,,,0.03335424887147187,0.0,2500.0,0.0,500.0,0.0,ok,plugin,False,,2492.932572392795,2491.9552096381362,1.134700073077662,1.0082179870420611,1.075688397056126,,0.0,0.03335424887147187,0.9666457511285281,0.9666457511285281,False,,,,,,cifar10,1,FixMatch,logits,10,0.9627999663352966,0.9627999663352966,0.877500057220459,0.8800000548362732,splits_cifar10_FixMatch_1_0_f475b82dfdbf.npz,f475b82dfdbf,False,False,,,,,,
iw_residual_dis2,2.0,0,10000,2000,2500,500,0.9668,0.0,1.0,2.9672446250915527,0.5,0.5,0.5020000338554382,0.249815434217453,,,,,0.03335424887147187,0.0,2500.0,0.0,500.0,0.0,ok,plugin,False,,2492.932572392795,2491.9552096381362,1.134700073077662,1.0082179870420611,1.075688397056126,,0.0,0.03335424887147187,0.9666457511285281,0.9666457511285281,False,,,,,,cifar10,1,FixMatch,logits,10,0.9627999663352966,0.9627999663352966,0.877500057220459,0.8800000548362732,splits_cifar10_FixMatch_1_0_f475b82dfdbf.npz,f475b82dfdbf,False,False,,,,,,
iw_overlap_critic,5.0,0,10000,2000,2500,500,0.9668,0.0,1.0,2.9672446250915527,0.5,0.5,0.5020000338554382,0.249815434217453,,,,,0.03335424887147187,0.0,2500.0,0.0,500.0,0.0,ok,plugin,False,,2492.932572392795,2491.9552096381362,1.134700073077662,1.0082179870420611,1.075688397056126,,0.0,0.03335424887147187,0.9666457511285281,0.9666457511285281,False,,,,,,cifar10,1,FixMatch,logits,10,0.9627999663352966,0.9627999663352966,0.877500057220459,0.8800000548362732,splits_cifar10_FixMatch_1_0_f475b82dfdbf.npz,f475b82dfdbf,False,False,,,,,,
iw_residual_dis2,5.0,0,10000,2000,2500,500,0.9668,0.0,1.0,2.9672446250915527,0.5,0.5,0.5020000338554382,0.249815434217453,,,,,0.03335424887147187,0.0,2500.0,0.0,500.0,0.0,ok,plugin,False,,2492.932572392795,2491.9552096381362,1.134700073077662,1.0082179870420611,1.075688397056126,,0.0,0.03335424887147187,0.9666457511285281,0.9666457511285281,False,,,,,,cifar10,1,FixMatch,logits,10,0.9627999663352966,0.9627999663352966,0.877500057220459,0.8800000548362732,splits_cifar10_FixMatch_1_0_f475b82dfdbf.npz,f475b82dfdbf,False,False,,,,,,
dis2_reference,,0,10000,2000,2500,500,0.9668000005185604,,,,,,,,,,,,,,,,,,ok,dis2_with_correction,True,0.09104562776310877,,,,,,,,0.09279999948143958,0.9072000005185604,0.8161543727554517,,49.0,15.0,0.09466665983200073,0.5519999861717224,0.6466666460037231,cifar10,1,FixMatch,logits,10,0.9627999663352966,0.9627999663352966,0.877500057220459,0.8800000548362732,splits_cifar10_FixMatch_1_0_f475b82dfdbf.npz,f475b82dfdbf,True,True,,,,0.01,0.18384562724454834,0.059599999999999986
iw_overlap_critic,1.0,0,10000,2000,2500,500,0.9564,0.0,1.0,3.306164026260376,0.5,0.5,0.499500036239624,0.24974799156188965,1603.0,304.0,781.0,143.0,0.02895001970040806,0.502,1382.0,1118.0,249.0,251.0,ok,plugin,False,,1312.6459959089632,1379.6360079206625,0.9999808721156078,0.9579064781911298,0.9960683673440194,0.8884462151394422,0.446,0.47495001970040807,0.5250499802995919,0.5250499802995919,False,49.0,18.0,0.6342587471008301,0.2818251848220825,0.9160839319229126,cifar10,10,FixMatch,logits,10,0.9612999558448792,0.9612999558448792,0.9465000629425049,0.940000057220459,splits_cifar10_FixMatch_10_0_f475b82dfdbf.npz,f475b82dfdbf,True,True,,,,,,
iw_residual_dis2,1.0,0,10000,2000,2500,500,0.9564,0.0,1.0,3.306164026260376,0.5,0.5,0.499500036239624,0.24974799156188965,1397.0,304.0,719.0,143.0,0.02895001970040806,0.502,1382.0,1118.0,249.0,251.0,ok,plugin,False,,1312.6459959089632,1379.6360079206625,0.9999808721156078,0.9579064781911298,0.9960683673440194,0.7250996015936255,0.05507692307692307,0.08402694277733114,0.9159730572226689,0.9159730572226689,False,49.0,26.0,0.1250474452972412,0.6022253036499023,0.7272727489471436,cifar10,10,FixMatch,logits,10,0.9612999558448792,0.9612999558448792,0.9465000629425049,0.940000057220459,splits_cifar10_FixMatch_10_0_f475b82dfdbf.npz,f475b82dfdbf,True,True,0.03041144901610018,0.6457960644007156,0.07930353719290995,,,
iw_overlap_critic,2.0,0,10000,2000,2500,500,0.9564,0.0,1.0,3.306164026260376,0.5,0.5,0.499500036239624,0.24974799156188965,,,,,0.042885396700471985,0.0,2500.0,0.0,500.0,0.0,ok,plugin,False,,2485.7275123183963,2489.7990132478403,1.2583013834489203,0.9925545517009116,1.0976759526985043,,0.0,0.042885396700471985,0.957114603299528,0.957114603299528,False,,,,,,cifar10,10,FixMatch,logits,10,0.9612999558448792,0.9612999558448792,0.9465000629425049,0.940000057220459,splits_cifar10_FixMatch_10_0_f475b82dfdbf.npz,f475b82dfdbf,False,False,,,,,,
iw_residual_dis2,2.0,0,10000,2000,2500,500,0.9564,0.0,1.0,3.306164026260376,0.5,0.5,0.499500036239624,0.24974799156188965,,,,,0.042885396700471985,0.0,2500.0,0.0,500.0,0.0,ok,plugin,False,,2485.7275123183963,2489.7990132478403,1.2583013834489203,0.9925545517009116,1.0976759526985043,,0.0,0.042885396700471985,0.957114603299528,0.957114603299528,False,,,,,,cifar10,10,FixMatch,logits,10,0.9612999558448792,0.9612999558448792,0.9465000629425049,0.940000057220459,splits_cifar10_FixMatch_10_0_f475b82dfdbf.npz,f475b82dfdbf,False,False,,,,,,
iw_overlap_critic,5.0,0,10000,2000,2500,500,0.9564,0.0,1.0,3.306164026260376,0.5,0.5,0.499500036239624,0.24974799156188965,,,,,0.042885396700471985,0.0,2500.0,0.0,500.0,0.0,ok,plugin,False,,2485.7275123183963,2489.7990132478403,1.2583013834489203,0.9925545517009116,1.0976759526985043,,0.0,0.042885396700471985,0.957114603299528,0.957114603299528,False,,,,,,cifar10,10,FixMatch,logits,10,0.9612999558448792,0.9612999558448792,0.9465000629425049,0.940000057220459,splits_cifar10_FixMatch_10_0_f475b82dfdbf.npz,f475b82dfdbf,False,False,,,,,,
iw_residual_dis2,5.0,0,10000,2000,2500,500,0.9564,0.0,1.0,3.306164026260376,0.5,0.5,0.499500036239624,0.24974799156188965,,,,,0.042885396700471985,0.0,2500.0,0.0,500.0,0.0,ok,plugin,False,,2485.7275123183963,2489.7990132478403,1.2583013834489203,0.9925545517009116,1.0976759526985043,,0.0,0.042885396700471985,0.957114603299528,0.957114603299528,False,,,,,,cifar10,10,FixMatch,logits,10,0.9612999558448792,0.9612999558448792,0.9465000629425049,0.940000057220459,splits_cifar10_FixMatch_10_0_f475b82dfdbf.npz,f475b82dfdbf,False,False,,,,,,
dis2_reference,,0,10000,2000,2500,500,0.9563999995589256,,,,,,,,,,,,,,,,,,ok,dis2_with_correction,True,0.09104562776310877,,,,,,,,0.07880000044107438,0.9211999995589256,0.8301543717958169,,44.0,0.0,0.08933329582214355,0.5573333501815796,0.6466666460037231,cifar10,10,FixMatch,logits,10,0.9612999558448792,0.9612999558448792,0.9465000629425049,0.940000057220459,splits_cifar10_FixMatch_10_0_f475b82dfdbf.npz,f475b82dfdbf,True,True,,,,0.01,0.16984562820418314,0.03520000000000001
iw_overlap_critic,1.0,0,10000,2000,2500,500,0.958,0.0,1.0,54.598148345947266,0.5,0.5,0.4934999942779541,0.2500191330909729,1612.0,295.0,796.0,148.0,0.030719962690607436,0.466,1370.0,1130.0,267.0,233.0,ok,plugin,False,,1365.1425637089967,1369.986917000881,0.9999950925602773,0.9972756314057476,0.999744162559644,0.8927038626609443,0.41600000000000004,0.4467199626906075,0.5532800373093925,0.5532800373093925,False,49.0,22.0,0.6485310792922974,0.2163337916135788,0.8648648858070374,cifar10,71,FixMatch,logits,10,0.9611999988555908,0.9611999988555908,0.9520000219345093,0.9460000395774841,splits_cifar10_FixMatch_71_0_f475b82dfdbf.npz,f475b82dfdbf,True,True,,,,,,
iw_residual_dis2,1.0,0,10000,2000,2500,500,0.958,0.0,1.0,54.598148345947266,0.5,0.5,0.4934999942779541,0.2500191330909729,1388.0,295.0,704.0,148.0,0.030719962690607436,0.466,1370.0,1130.0,267.0,233.0,ok,plugin,False,,1365.1425637089967,1369.986917000881,0.9999950925602773,0.9972756314057476,0.999744162559644,0.7124463519313304,0.04662654867256635,0.07734651136317378,0.9226534886368263,0.9226534886368263,False,48.0,26.0,0.19322019815444946,0.5838068127632141,0.7770270109176636,cifar10,71,FixMatch,logits,10,0.9611999988555908,0.9611999988555908,0.9520000219345093,0.9460000395774841,splits_cifar10_FixMatch_71_0_f475b82dfdbf.npz,f475b82dfdbf,True,True,0.024778761061946902,0.6371681415929203,0.07527821033841009,,,
iw_overlap_critic,2.0,0,10000,2000,2500,500,0.958,0.0,1.0,54.598148345947266,0.5,0.5,0.4934999942779541,0.2500191330909729,,,,,0.04193938533849987,0.0,2500.0,0.0,500.0,0.0,ok,plugin,False,,2498.7764338892744,2499.952831275067,1.0136558076709254,0.9994946974991059,1.0060587963222445,,0.0,0.04193938533849987,0.9580606146615002,0.9580606146615002,False,,,,,,cifar10,71,FixMatch,logits,10,0.9611999988555908,0.9611999988555908,0.9520000219345093,0.9460000395774841,splits_cifar10_FixMatch_71_0_f475b82dfdbf.npz,f475b82dfdbf,False,False,,,,,,
iw_residual_dis2,2.0,0,10000,2000,2500,500,0.958,0.0,1.0,54.598148345947266,0.5,0.5,0.4934999942779541,0.2500191330909729,,,,,0.04193938533849987,0.0,2500.0,0.0,500.0,0.0,ok,plugin,False,,2498.7764338892744,2499.952831275067,1.0136558076709254,0.9994946974991059,1.0060587963222445,,0.0,0.04193938533849987,0.9580606146615002,0.9580606146615002,False,,,,,,cifar10,71,FixMatch,logits,10,0.9611999988555908,0.9611999988555908,0.9520000219345093,0.9460000395774841,splits_cifar10_FixMatch_71_0_f475b82dfdbf.npz,f475b82dfdbf,False,False,,,,,,
iw_overlap_critic,5.0,0,10000,2000,2500,500,0.958,0.0,1.0,54.598148345947266,0.5,0.5,0.4934999942779541,0.2500191330909729,,,,,0.04193938533849987,0.0,2500.0,0.0,500.0,0.0,ok,plugin,False,,2498.7764338892744,2499.952831275067,1.0136558076709254,0.9994946974991059,1.0060587963222445,,0.0,0.04193938533849987,0.9580606146615002,0.9580606146615002,False,,,,,,cifar10,71,FixMatch,logits,10,0.9611999988555908,0.9611999988555908,0.9520000219345093,0.9460000395774841,splits_cifar10_FixMatch_71_0_f475b82dfdbf.npz,f475b82dfdbf,False,False,,,,,,
iw_residual_dis2,5.0,0,10000,2000,2500,500,0.958,0.0,1.0,54.598148345947266,0.5,0.5,0.4934999942779541,0.2500191330909729,,,,,0.04193938533849987,0.0,2500.0,0.0,500.0,0.0,ok,plugin,False,,2498.7764338892744,2499.952831275067,1.0136558076709254,0.9994946974991059,1.0060587963222445,,0.0,0.04193938533849987,0.9580606146615002,0.9580606146615002,False,,,,,,cifar10,71,FixMatch,logits,10,0.9611999988555908,0.9611999988555908,0.9520000219345093,0.9460000395774841,splits_cifar10_FixMatch_71_0_f475b82dfdbf.npz,f475b82dfdbf,False,False,,,,,,
dis2_reference,,0,10000,2000,2500,500,0.9580000005662441,,,,,,,,,,,,,,,,,,ok,dis2_with_correction,True,0.09104562776310877,,,,,,,,0.030799999433755776,0.9692000005662442,0.8781543728031355,,49.0,10.0,0.05733335018157959,0.6959999799728394,0.753333330154419,cifar10,71,FixMatch,logits,10,0.9611999988555908,0.9611999988555908,0.9520000219345093,0.9460000395774841,splits_cifar10_FixMatch_71_0_f475b82dfdbf.npz,f475b82dfdbf,True,True,,,,0.01,0.12184562719686455,-0.011200000000000099
iw_overlap_critic,1.0,0,10000,2000,2500,500,0.9612,0.0,1.0,54.598148345947266,0.5,0.5,0.4585000276565552,0.2500231862068176,1569.0,291.0,760.0,143.0,0.022355567420529816,0.462,1311.0,1189.0,269.0,231.0,ok,plugin,False,,1307.312778059839,1310.9936645308578,0.9999980310578368,0.9978580301772076,0.9997623154209616,0.8658008658008658,0.4,0.4223555674205298,0.5776444325794702,0.5776444325794702,False,46.0,2.0,0.6729166507720947,0.20820225775241852,0.881118893623352,cifar10,95,FixMatch,logits,10,0.9641000032424927,0.9641000032424927,0.9615000486373901,0.9700000286102295,splits_cifar10_FixMatch_95_0_f475b82dfdbf.npz,f475b82dfdbf,True,True,,,,,,
iw_residual_dis2,1.0,0,10000,2000,2500,500,0.9612,0.0,1.0,54.598148345947266,0.5,0.5,0.4585000276565552,0.2500231862068176,1431.0,291.0,740.0,143.0,0.022355567420529816,0.462,1311.0,1189.0,269.0,231.0,ok,plugin,False,,1307.312778059839,1310.9936645308578,0.9999980310578368,0.9978580301772076,0.9997623154209616,0.6623376623376623,0.024292682926829224,0.04664825034735904,0.9533517496526409,0.9533517496526409,False,38.0,6.0,0.11734074354171753,0.5959459543228149,0.7132866978645325,cifar10,95,FixMatch,logits,10,0.9641000032424927,0.9641000032424927,0.9615000486373901,0.9700000286102295,splits_cifar10_FixMatch_95_0_f475b82dfdbf.npz,f475b82dfdbf,True,True,0.034482758620689655,0.6442388561816653,0.018098806155997016,,,
iw_overlap_critic,2.0,0,10000,2000,2500,500,0.9612,0.0,1.0,54.598148345947266,0.5,0.5,0.4585000276565552,0.2500231862068176,,,,,0.03877801608588425,0.0,2500.0,0.0,500.0,0.0,ok,plugin,False,,2499.2722507263743,2499.970691135333,1.0108920015430796,0.9997694365320712,1.0053857555368646,,0.0,0.03877801608588425,0.9612219839141157,0.9612219839141157,False,,,,,,cifar10,95,FixMatch,logits,10,0.9641000032424927,0.9641000032424927,0.9615000486373901,0.9700000286102295,splits_cifar10_FixMatch_95_0_f475b82dfdbf.npz,f475b82dfdbf,True,True,,,,,,
iw_residual_dis2,2.0,0,10000,2000,2500,500,0.9612,0.0,1.0,54.598148345947266,0.5,0.5,0.4585000276565552,0.2500231862068176,,,,,0.03877801608588425,0.0,2500.0,0.0,500.0,0.0,ok,plugin,False,,2499.2722507263743,2499.970691135333,1.0108920015430796,0.9997694365320712,1.0053857555368646,,0.0,0.03877801608588425,0.9612219839141157,0.9612219839141157,False,,,,,,cifar10,95,FixMatch,logits,10,0.9641000032424927,0.9641000032424927,0.9615000486373901,0.9700000286102295,splits_cifar10_FixMatch_95_0_f475b82dfdbf.npz,f475b82dfdbf,True,True,,,,,,
iw_overlap_critic,5.0,0,10000,2000,2500,500,0.9612,0.0,1.0,54.598148345947266,0.5,0.5,0.4585000276565552,0.2500231862068176,,,,,0.03877801608588425,0.0,2500.0,0.0,500.0,0.0,ok,plugin,False,,2499.2722507263743,2499.970691135333,1.0108920015430796,0.9997694365320712,1.0053857555368646,,0.0,0.03877801608588425,0.9612219839141157,0.9612219839141157,False,,,,,,cifar10,95,FixMatch,logits,10,0.9641000032424927,0.9641000032424927,0.9615000486373901,0.9700000286102295,splits_cifar10_FixMatch_95_0_f475b82dfdbf.npz,f475b82dfdbf,True,True,,,,,,
iw_residual_dis2,5.0,0,10000,2000,2500,500,0.9612,0.0,1.0,54.598148345947266,0.5,0.5,0.4585000276565552,0.2500231862068176,,,,,0.03877801608588425,0.0,2500.0,0.0,500.0,0.0,ok,plugin,False,,2499.2722507263743,2499.970691135333,1.0108920015430796,0.9997694365320712,1.0053857555368646,,0.0,0.03877801608588425,0.9612219839141157,0.9612219839141157,False,,,,,,cifar10,95,FixMatch,logits,10,0.9641000032424927,0.9641000032424927,0.9615000486373901,0.9700000286102295,splits_cifar10_FixMatch_95_0_f475b82dfdbf.npz,f475b82dfdbf,True,True,,,,,,
dis2_reference,,0,10000,2000,2500,500,0.9612000025808811,,,,,,,,,,,,,,,,,,ok,dis2_with_correction,True,0.09104562776310877,,,,,,,,0.02999999741911885,0.9700000025808811,0.8789543748177724,,47.0,0.0,0.09266668558120728,0.5740000009536743,0.6666666865348816,cifar10,95,FixMatch,logits,10,0.9641000032424927,0.9641000032424927,0.9615000486373901,0.9700000286102295,splits_cifar10_FixMatch_95_0_f475b82dfdbf.npz,f475b82dfdbf,True,True,,,,0.01,0.12104562518222763,-0.00880000000000003
iw_overlap_critic,1.0,0,10000,2000,2500,500,0.7988,0.0,1.0,1.0987565517425537,0.5,0.5,0.7540000081062317,0.17166461050510406,2276.0,429.0,1109.0,212.0,0.05653494442301022,0.72,1913.0,587.0,140.0,360.0,ok,plugin,False,,661.7989033804199,1251.5196298087799,0.9992928103244217,0.28551738562357937,0.8538490049663693,0.7638888888888888,0.5499999999999999,0.6065349444230101,0.39346505557698985,0.39346505557698985,False,47.0,19.0,0.24138414859771729,0.5510686635971069,0.7924528121948242,cifar100,4,ERM-aug-imagenet,logits,100,0.8080999851226807,0.8080999851226807,0.7165000438690186,0.7280000448226929,splits_cifar100_ERM-aug-imagenet_4_0_f475b82dfdbf.npz,f475b82dfdbf,True,True,,,,,,
iw_residual_dis2,1.0,0,10000,2000,2500,500,0.7988,0.0,1.0,1.0987565517425537,0.5,0.5,0.7540000081062317,0.17166461050510406,724.0,429.0,391.0,212.0,0.05653494442301022,0.72,1913.0,587.0,140.0,360.0,ok,plugin,False,,661.7989033804199,1251.5196298087799,0.9992928103244217,0.28551738562357937,0.8538490049663693,0.7277777777777777,0.2541533219761498,0.31068826639916003,0.68931173360084,0.68931173360084,False,37.0,19.0,0.2264392375946045,0.5754475593566895,0.801886796951294,cifar100,4,ERM-aug-imagenet,logits,100,0.8080999851226807,0.8080999851226807,0.7165000438690186,0.7280000448226929,splits_cifar100_ERM-aug-imagenet_4_0_f475b82dfdbf.npz,f475b82dfdbf,True,True,0.20272572402044292,0.5775127768313458,0.15026500094643191,,,
iw_overlap_critic,2.0,0,10000,2000,2500,500,0.7988,0.0,1.0,1.0987565517425537,0.5,0.5,0.7540000081062317,0.17166461050510406,2658.0,289.0,1310.0,153.0,0.09189448311740611,0.504,2219.0,281.0,248.0,252.0,ok,plugin,False,,1088.1801118428264,1222.3671519542895,1.9969946990489875,0.33932994660676674,1.4901042311489006,0.7222222222222222,0.364,0.4558944831174061,0.5441055168825939,0.5441055168825939,False,48.0,12.0,0.26097017526626587,0.5037357211112976,0.7647058963775635,cifar100,4,ERM-aug-imagenet,logits,100,0.8080999851226807,0.8080999851226807,0.7165000438690186,0.7280000448226929,splits_cifar100_ERM-aug-imagenet_4_0_f475b82dfdbf.npz,f475b82dfdbf,True,True,,,,,,
iw_residual_dis2,2.0,0,10000,2000,2500,500,0.7988,0.0,1.0,1.0987565517425537,0.5,0.5,0.7540000081062317,0.17166461050510406,342.0,289.0,190.0,153.0,0.09189448311740611,0.504,2219.0,281.0,248.0,252.0,ok,plugin,False,,1088.1801118428264,1222.3671519542895,1.9969946990489875,0.33932994660676674,1.4901042311489006,0.7936507936507936,0.21167259786476866,0.3035670809821748,0.6964329190178252,0.6964329190178252,False,24.0,26.0,0.3273478150367737,0.5157894492149353,0.843137264251709,cifar100,4,ERM-aug-imagenet,logits,100,0.8080999851226807,0.8080999851226807,0.7165000438690186,0.7280000448226929,splits_cifar100_ERM-aug-imagenet_4_0_f475b82dfdbf.npz,f475b82dfdbf,True,True,0.199288256227758,0.5729537366548043,0.2206970569959893,,,
iw_overlap_critic,5.0,0,10000,2000,2500,500,0.7988,0.0,1.0,1.0987565517425537,0.5,0.5,0.7540000081062317,0.17166461050510406,2906.0,158.0,1447.0,67.0,0.1411346808595896,0.274,2420.0,80.0,363.0,137.0,ok,plugin,False,,1688.6611002172583,983.9704242724772,4.982681540211424,0.3816994452387671,2.550299940447753,0.7007299270072993,0.19200000000000003,0.33313468085958964,0.6668653191404104,0.6668653191404104,False,31.0,24.0,0.22701382637023926,0.5192548036575317,0.746268630027771,cifar100,4,ERM-aug-imagenet,logits,100,0.8080999851226807,0.8080999851226807,0.7165000438690186,0.7280000448226929,splits_cifar100_ERM-aug-imagenet_4_0_f475b82dfdbf.npz,f475b82dfdbf,True,True,,,,,,
iw_residual_dis2,5.0,0,10000,2000,2500,500,0.7988,0.0,1.0,1.0987565517425537,0.5,0.5,0.7540000081062317,0.17166461050510406,94.0,158.0,53.0,67.0,0.1411346808595896,0.274,2420.0,80.0,363.0,137.0,ok,plugin,False,,1688.6611002172583,983.9704242724772,4.982681540211424,0.3816994452387671,2.550299940447753,0.8613138686131386,0.11269999999999998,0.2538346808595896,0.7461653191404104,0.7461653191404104,False,31.0,12.0,0.48831313848495483,0.37735849618911743,0.8656716346740723,cifar100,4,ERM-aug-imagenet,logits,100,0.8080999851226807,0.8080999851226807,0.7165000438690186,0.7280000448226929,splits_cifar100_ERM-aug-imagenet_4_0_f475b82dfdbf.npz,f475b82dfdbf,False,False,0.175,0.625,0.23631386861313863,,,
dis2_reference,,0,10000,2000,2500,500,0.7988000065088272,,,,,,,,,,,,,,,,,,ok,dis2_with_correction,True,0.09104562776310877,,,,,,,,0.3015999934911727,0.6984000065088273,0.6073543787457185,,27.0,4.0,0.11799997091293335,0.6353333592414856,0.753333330154419,cifar100,4,ERM-aug-imagenet,logits,100,0.8080999851226807,0.8080999851226807,0.7165000438690186,0.7280000448226929,splits_cifar100_ERM-aug-imagenet_4_0_f475b82dfdbf.npz,f475b82dfdbf,True,True,,,,0.01,0.3926456212542815,0.10039999999999993
iw_overlap_critic,1.0,0,10000,2000,2500,500,0.7988,0.0,1.0,1.1417791843414307,0.5,0.5,0.6994999647140503,0.19358064234256744,2203.0,397.0,1097.0,199.0,0.060096661901377135,0.644,1833.0,667.0,178.0,322.0,ok,plugin,False,,756.6465482197386,1336.8718933603088,0.9976530616046936,0.37412275047044097,0.8965214635473644,0.7515527950310559,0.484,0.5440966619013772,0.4559033380986228,0.4559033380986228,False,47.0,29.0,0.23892027139663696,0.565099835395813,0.80402010679245,cifar100,12,ERM-aug-imagenet,logits,100,0.8080999851226807,0.8080999851226807,0.7390000224113464,0.7480000257492065,splits_cifar100_ERM-aug-imagenet_12_0_f475b82dfdbf.npz,f475b82dfdbf,True,True,,,,,,
iw_residual_dis2,1.0,0,10000,2000,2500,500,0.7988,0.0,1.0,1.1417791843414307,0.5,0.5,0.6994999647140503,0.19358064234256744,797.0,397.0,403.0,199.0,0.060096661901377135,0.644,1833.0,667.0,178.0,322.0,ok,plugin,False,,756.6465482197386,1336.8718933603088,0.9976530616046936,0.37412275047044097,0.8965214635473644,0.7515527950310559,0.24455172413793105,0.3046483860393082,0.6953516139606918,0.6953516139606918,False,47.0,12.0,0.21791338920593262,0.5459057092666626,0.7638190984725952,cifar100,12,ERM-aug-imagenet,logits,100,0.8080999851226807,0.8080999851226807,0.7390000224113464,0.7480000257492065,splits_cifar100_ERM-aug-imagenet_12_0_f475b82dfdbf.npz,f475b82dfdbf,True,True,0.2128935532233883,0.5847076461769115,0.16684514885414437,,,
iw_overlap_critic,2.0,0,10000,2000,2500,500,0.7988,0.0,1.0,1.1417791843414307,0.5,0.5,0.6994999647140503,0.19358064234256744,2676.0,252.0,1344.0,140.0,0.11450658756020857,0.398,2236.0,264.0,301.0,199.0,ok,plugin,False,,1311.0659414326078,1407.7856131924043,1.995240404532663,0.45545016546628847,1.5616945543942324,0.6884422110552764,0.274,0.3885065875602086,0.6114934124397914,0.6114934124397914,False,41.0,29.0,0.19339275360107422,0.5351786613464355,0.7285714149475098,cifar100,12,ERM-aug-imagenet,logits,100,0.8080999851226807,0.8080999851226807,0.7390000224113464,0.7480000257492065,splits_cifar100_ERM-aug-imagenet_12_0_f475b82dfdbf.npz,f475b82dfdbf,True,True,,,,,,
iw_residual_dis2,2.0,0,10000,2000,2500,500,0.7988,0.0,1.0,1.1417791843414307,0.5,0.5,0.6994999647140503,0.19358064234256744,324.0,252.0,156.0,140.0,0.11450658756020857,0.398,2236.0,264.0,301.0,199.0,ok,plugin,False,,1311.0659414326078,1407.7856131924043,1.995240404532663,0.45545016546628847,1.5616945543942324,0.7839195979899497,0.14164393939393935,0.2561505269541479,0.743849473045852,0.743849473045852,False,41.0,11.0,0.29505491256713867,0.5192307829856873,0.8142856955528259,cifar100,12,ERM-aug-imagenet,logits,100,0.8080999851226807,0.8080999851226807,0.7390000224113464,0.7480000257492065,splits_cifar100_ERM-aug-imagenet_12_0_f475b82dfdbf.npz,f475b82dfdbf,False,True,0.17045454545454544,0.5984848484848485,0.1854347495051012,,,
iw_overlap_critic,5.0,0,10000,2000,2500,500,0.7988,0.0,1.0,1.1417791843414307,0.5,0.5,0.6994999647140503,0.19358064234256744,2932.0,81.0,1465.0,55.0,0.1628653886108949,0.126,2450.0,50.0,437.0,63.0,ok,plugin,False,,1933.546803349092,1184.0221232210597,4.966622679918141,0.5094374052722663,2.5623257880894292,0.5873015873015873,0.07400000000000001,0.2368653886108949,0.7631346113891051,0.7631346113891051,False,44.0,27.0,0.3659515976905823,0.4158666133880615,0.7818182110786438,cifar100,12,ERM-aug-imagenet,logits,100,0.8080999851226807,0.8080999851226807,0.7390000224113464,0.7480000257492065,splits_cifar100_ERM-aug-imagenet_12_0_f475b82dfdbf.npz,f475b82dfdbf,False,False,,,,,,
iw_residual_dis2,5.0,0,10000,2000,2500,500,0.7988,0.0,1.0,1.1417791843414307,0.5,0.5,0.6994999647140503,0.19358064234256744,68.0,81.0,35.0,55.0,0.1628653886108949,0.126,2450.0,50.0,437.0,63.0,ok,plugin,False,,1933.546803349092,1184.0221232210597,4.966622679918141,0.5094374052722663,2.5623257880894292,0.8888888888888888,0.04143999999999999,0.20430538861089487,0.7956946113891051,0.7956946113891051,False,7.0,12.0,0.36883118748664856,0.48571428656578064,0.8545454740524292,cifar100,12,ERM-aug-imagenet,logits,100,0.8080999851226807,0.8080999851226807,0.7390000224113464,0.7480000257492065,splits_cifar100_ERM-aug-imagenet_12_0_f475b82dfdbf.npz,f475b82dfdbf,False,False,0.08,0.64,0.24888888888888883,,,
dis2_reference,,0,10000,2000,2500,500,0.7988000065088272,,,,,,,,,,,,,,,,,,ok,dis2_with_correction,True,0.09104562776310877,,,,,,,,0.29239999349117274,0.7076000065088273,0.6165543787457185,,25.0,27.0,0.11933332681655884,0.637333333492279,0.7566666603088379,cifar100,12,ERM-aug-imagenet,logits,100,0.8080999851226807,0.8080999851226807,0.7390000224113464,0.7480000257492065,splits_cifar100_ERM-aug-imagenet_12_0_f475b82dfdbf.npz,f475b82dfdbf,True,True,,,,0.01,0.3834456212542815,0.09119999999999995
iw_overlap_critic,1.0,0,10000,2000,2500,500,0.7988,0.0,1.0,1.4915783405303955,0.5,0.5,0.590499997138977,0.23051904141902924,1864.0,339.0,950.0,159.0,0.08232500818946087,0.502,1663.0,837.0,249.0,251.0,ok,plugin,False,,1028.200374542936,1482.1531370363134,0.9993855519814139,0.6290891156390538,0.9549604840474928,0.749003984063745,0.376,0.45832500818946087,0.5416749918105391,0.5416749918105391,False,45.0,9.0,0.2383238673210144,0.5478396415710449,0.7861635088920593,cifar100,59,ERM-aug-imagenet,logits,100,0.8080999851226807,0.8080999851226807,0.7895000576972961,0.7860000133514404,splits_cifar100_ERM-aug-imagenet_59_0_f475b82dfdbf.npz,f475b82dfdbf,True,True,,,,,,
iw_residual_dis2,1.0,0,10000,2000,2500,500,0.7988,0.0,1.0,1.4915783405303955,0.5,0.5,0.590499997138977,0.23051904141902924,1136.0,339.0,550.0,159.0,0.08232500818946087,0.502,1663.0,837.0,249.0,251.0,ok,plugin,False,,1028.200374542936,1482.1531370363134,0.9993855519814139,0.6290891156390538,0.9549604840474928,0.7051792828685259,0.11649462365591398,0.19881963184537485,0.8011803681546251,0.8011803681546251,False,16.0,3.0,0.13427096605300903,0.6581818461418152,0.7924528121948242,cifar100,59,ERM-aug-imagenet,logits,100,0.8080999851226807,0.8080999851226807,0.7895000576972961,0.7860000133514404,splits_cifar100_ERM-aug-imagenet_59_0_f475b82dfdbf.npz,f475b82dfdbf,False,False,0.2031063321385902,0.6762246117084827,0.028954671160043244,,,
iw_overlap_critic,2.0,0,10000,2000,2500,500,0.7988,0.0,1.0,1.4915783405303955,0.5,0.5,0.590499997138977,0.23051904141902924,2825.0,81.0,1423.0,31.0,0.16001128394155462,0.12,2364.0,136.0,440.0,60.0,ok,plugin,False,,1986.0115823947945,1904.183340719965,1.9983784255449024,0.765538231736395,1.6664688224891102,0.6333333333333333,0.076,0.23601128394155463,0.7639887160584453,0.7639887160584453,False,49.0,10.0,0.4485328495502472,0.39017680287361145,0.8387096524238586,cifar100,59,ERM-aug-imagenet,logits,100,0.8080999851226807,0.8080999851226807,0.7895000576972961,0.7860000133514404,splits_cifar100_ERM-aug-imagenet_59_0_f475b82dfdbf.npz,f475b82dfdbf,True,True,,,,,,
iw_residual_dis2,2.0,0,10000,2000,2500,500,0.7988,0.0,1.0,1.4915783405303955,0.5,0.5,0.590499997138977,0.23051904141902924,175.0,81.0,77.0,31.0,0.16001128394155462,0.12,2364.0,136.0,440.0,60.0,ok,plugin,False,,1986.0115823947945,1904.183340719965,1.9983784255449024,0.765538231736395,1.6664688224891102,0.7,0.03458823529411764,0.19459951923567226,0.8054004807643278,0.8054004807643278,False,29.0,4.0,0.29995810985565186,0.5064935088157654,0.8064516186714172,cifar100,59,ERM-aug-imagenet,logits,100,0.8080999851226807,0.8080999851226807,0.7895000576972961,0.7860000133514404,splits_cifar100_ERM-aug-imagenet_59_0_f475b82dfdbf.npz,f475b82dfdbf,False,False,0.22058823529411764,0.6323529411764706,0.0676470588235294,,,
iw_overlap_critic,5.0,0,10000,2000,2500,500,0.7988,0.0,1.0,1.4915783405303955,0.5,0.5,0.590499997138977,0.23051904141902924,3000.0,0.0,1500.0,0.0,0.19085655823642644,0.006,2499.0,1.0,497.0,3.0,unsupported_critic_region,plugin,False,,2335.1711046289743,1807.7006025334117,4.698557135574484,0.7913694842377431,2.0408909622392306,,,,,,,,,,,,cifar100,59,ERM-aug-imagenet,logits,100,0.8080999851226807,0.8080999851226807,0.7895000576972961,0.7860000133514404,splits_cifar100_ERM-aug-imagenet_59_0_f475b82dfdbf.npz,f475b82dfdbf,,,,,,,,
iw_residual_dis2,5.0,0,10000,2000,2500,500,0.7988,0.0,1.0,1.4915783405303955,0.5,0.5,0.590499997138977,0.23051904141902924,0.0,0.0,0.0,0.0,0.19085655823642644,0.006,2499.0,1.0,497.0,3.0,unsupported_critic_region,plugin,False,,2335.1711046289743,1807.7006025334117,4.698557135574484,0.7913694842377431,2.0408909622392306,,,,,,,,,,,,cifar100,59,ERM-aug-imagenet,logits,100,0.8080999851226807,0.8080999851226807,0.7895000576972961,0.7860000133514404,splits_cifar100_ERM-aug-imagenet_59_0_f475b82dfdbf.npz,f475b82dfdbf,,,,,,,,
dis2_reference,,0,10000,2000,2500,500,0.7988000065088272,,,,,,,,,,,,,,,,,,ok,dis2_with_correction,True,0.09104562776310877,,,,,,,,0.18919999349117278,0.8108000065088272,0.7197543787457185,,12.0,24.0,0.04066663980484009,0.7793333530426025,0.8199999928474426,cifar100,59,ERM-aug-imagenet,logits,100,0.8080999851226807,0.8080999851226807,0.7895000576972961,0.7860000133514404,splits_cifar100_ERM-aug-imagenet_59_0_f475b82dfdbf.npz,f475b82dfdbf,True,True,,,,0.01,0.28024562125428154,-0.01200000000000001
iw_overlap_critic,1.0,0,10000,2000,2500,500,0.7988,0.0,1.0,1.572813630104065,0.5,0.5,0.6269999742507935,0.22353720664978027,1949.0,389.0,1008.0,200.0,0.0723022171569068,0.576,1670.0,830.0,212.0,288.0,ok,plugin,False,,961.252467655685,1448.098436243683,0.9997411792285591,0.5737674796092331,0.9385337435653295,0.7743055555555556,0.446,0.5183022171569068,0.48169778284309317,0.48169778284309317,False,47.0,3.0,0.2859659790992737,0.5240340232849121,0.8100000023841858,cifar100,82,ERM-aug-imagenet,logits,100,0.8080999851226807,0.8080999851226807,0.7825000286102295,0.7760000228881836,splits_cifar100_ERM-aug-imagenet_82_0_f475b82dfdbf.npz,f475b82dfdbf,True,True,,,,,,
iw_residual_dis2,1.0,0,10000,2000,2500,500,0.7988,0.0,1.0,1.572813630104065,0.5,0.5,0.6269999742507935,0.22353720664978027,1051.0,389.0,492.0,200.0,0.0723022171569068,0.576,1670.0,830.0,212.0,288.0,ok,plugin,False,,961.252467655685,1448.098436243683,0.9997411792285591,0.5737674796092331,0.9385337435653295,0.8125,0.19665542168674696,0.26895763884365376,0.7310423611563462,0.7310423611563462,False,16.0,0.0,0.12223577499389648,0.672764241695404,0.7950000166893005,cifar100,82,ERM-aug-imagenet,logits,100,0.8080999851226807,0.8080999851226807,0.7825000286102295,0.7760000228881836,splits_cifar100_ERM-aug-imagenet_82_0_f475b82dfdbf.npz,f475b82dfdbf,True,True,0.2289156626506024,0.7,0.11250000000000004,,,
iw_overlap_critic,2.0,0,10000,2000,2500,500,0.7988,0.0,1.0,1.572813630104065,0.5,0.5,0.6269999742507935,0.22353720664978027,2793.0,143.0,1407.0,79.0,0.15881562573992705,0.234,2334.0,166.0,383.0,117.0,ok,plugin,False,,1862.945817123297,1817.6285502338098,1.9966910519247132,0.7198480731048326,1.6556204184196432,0.7606837606837606,0.178,0.33681562573992707,0.6631843742600729,0.6631843742600729,False,45.0,11.0,0.25135189294815063,0.5081417560577393,0.7594936490058899,cifar100,82,ERM-aug-imagenet,logits,100,0.8080999851226807,0.8080999851226807,0.7825000286102295,0.7760000228881836,splits_cifar100_ERM-aug-imagenet_82_0_f475b82dfdbf.npz,f475b82dfdbf,True,True,,,,,,
iw_residual_dis2,2.0,0,10000,2000,2500,500,0.7988,0.0,1.0,1.572813630104065,0.5,0.5,0.6269999742507935,0.22353720664978027,207.0,143.0,93.0,79.0,0.15881562573992705,0.234,2334.0,166.0,383.0,117.0,ok,plugin,False,,1862.945817123297,1817.6285502338098,1.9966910519247132,0.7198480731048326,1.6556204184196432,0.7692307692307693,0.07850602409638557,0.23732164983631263,0.7626783501636873,0.7626783501636873,False,17.0,19.0,0.2870559096336365,0.5483871102333069,0.8354430198669434,cifar100,82,ERM-aug-imagenet,logits,100,0.8080999851226807,0.8080999851226807,0.7825000286102295,0.7760000228881836,splits_cifar100_ERM-aug-imagenet_82_0_f475b82dfdbf.npz,f475b82dfdbf,True,True,0.19879518072289157,0.6325301204819277,0.13670064874884158,,,
iw_overlap_critic,5.0,0,10000,2000,2500,500,0.7988,0.0,1.0,1.572813630104065,0.5,0.5,0.6269999742507935,0.22353720664978027,2998.0,14.0,1497.0,4.0,0.19308927670281273,0.02,2496.0,4.0,490.0,10.0,ok,plugin,False,,2293.9008592371383,1685.5592893642822,4.914180221628435,0.755228428563095,2.1433257618064108,0.5,0.01,0.20308927670281274,0.7969107232971873,0.7969107232971873,False,32.0,20.0,0.6311328411102295,0.3688671588897705,1.0,cifar100,82,ERM-aug-imagenet,logits,100,0.8080999851226807,0.8080999851226807,0.7825000286102295,0.7760000228881836,splits_cifar100_ERM-aug-imagenet_82_0_f475b82dfdbf.npz,f475b82dfdbf,False,False,,,,,,
iw_residual_dis2,5.0,0,10000,2000,2500,500,0.7988,0.0,1.0,1.572813630104065,0.5,0.5,0.6269999742507935,0.22353720664978027,2.0,14.0,3.0,4.0,0.19308927670281273,0.02,2496.0,4.0,490.0,10.0,ok,plugin,False,,2293.9008592371383,1685.5592893642822,4.914180221628435,0.755228428563095,2.1433257618064108,1.0,0.0,0.19308927670281273,0.8069107232971873,0.8069107232971873,False,24.0,21.0,0.6666666269302368,0.3333333432674408,1.0,cifar100,82,ERM-aug-imagenet,logits,100,0.8080999851226807,0.8080999851226807,0.7825000286102295,0.7760000228881836,splits_cifar100_ERM-aug-imagenet_82_0_f475b82dfdbf.npz,f475b82dfdbf,False,False,0.0,1.0,0.0,,,
dis2_reference,,0,10000,2000,2500,500,0.7988000065088272,,,,,,,,,,,,,,,,,,ok,dis2_with_correction,True,0.09104562776310877,,,,,,,,0.20879999349117284,0.7912000065088272,0.7001543787457184,,12.0,23.0,0.0506666898727417,0.7993333339691162,0.8500000238418579,cifar100,82,ERM-aug-imagenet,logits,100,0.8080999851226807,0.8080999851226807,0.7825000286102295,0.7760000228881836,splits_cifar100_ERM-aug-imagenet_82_0_f475b82dfdbf.npz,f475b82dfdbf,True,True,,,,0.01,0.2998456212542816,0.007600000000000051
iw_overlap_critic,1.0,0,10000,2000,2500,500,0.6852,0.0,1.0,1.0954395532608032,0.5,0.5,0.7450000047683716,0.18101856112480164,2214.0,422.0,1093.0,215.0,0.0966249635337348,0.722,1884.0,616.0,139.0,361.0,ok,plugin,False,,729.5113690137055,1332.9268531141151,0.99772394417413,0.3343698711125285,0.8830305758751059,0.7894736842105263,0.57,0.6666249635337348,0.3333750364662652,0.3333750364662652,False,49.0,23.0,0.13707351684570312,0.6722288131713867,0.8093023300170898,cifar100,4,BN_adapt,logits,100,0.6995999813079834,0.6995999813079834,0.7345000505447388,0.7440000176429749,splits_cifar100_BN_adapt_4_0_f475b82dfdbf.npz,f475b82dfdbf,True,True,,,,,,
iw_residual_dis2,1.0,0,10000,2000,2500,500,0.6852,0.0,1.0,1.0954395532608032,0.5,0.5,0.7450000047683716,0.18101856112480164,786.0,422.0,407.0,215.0,0.0966249635337348,0.722,1884.0,616.0,139.0,361.0,ok,plugin,False,,729.5113690137055,1332.9268531141151,0.99772394417413,0.3343698711125285,0.8830305758751059,0.7645429362880887,0.2859383116883117,0.3825632752220465,0.6174367247779535,0.6174367247779535,False,26.0,13.0,0.15073424577713013,0.6167076230049133,0.7674418687820435,cifar100,4,BN_adapt,logits,100,0.6995999813079834,0.6995999813079834,0.7345000505447388,0.7440000176429749,splits_cifar100_BN_adapt_4_0_f475b82dfdbf.npz,f475b82dfdbf,True,True,0.24675324675324675,0.6152597402597403,0.14928319602834839,,,
iw_overlap_critic,2.0,0,10000,2000,2500,500,0.6852,0.0,1.0,1.0954395532608032,0.5,0.5,0.7450000047683716,0.18101856112480164,2644.0,270.0,1340.0,135.0,0.1469959558740489,0.472,2236.0,264.0,264.0,236.0,ok,plugin,False,,1212.3905983421266,1348.5460064202214,1.9925844007941411,0.39796409474918415,1.4685369978911822,0.788135593220339,0.372,0.5189959558740489,0.4810040441259511,0.4810040441259511,False,24.0,24.0,0.15591412782669067,0.6959377527236938,0.8518518805503845,cifar100,4,BN_adapt,logits,100,0.6995999813079834,0.6995999813079834,0.7345000505447388,0.7440000176429749,splits_cifar100_BN_adapt_4_0_f475b82dfdbf.npz,f475b82dfdbf,True,True,,,,,,
iw_residual_dis2,2.0,0,10000,2000,2500,500,0.6852,0.0,1.0,1.0954395532608032,0.5,0.5,0.7450000047683716,0.18101856112480164,356.0,270.0,160.0,135.0,0.1469959558740489,0.472,2236.0,264.0,264.0,236.0,ok,plugin,False,,1212.3905983421266,1348.5460064202214,1.9925844007941411,0.39796409474918415,1.4685369978911822,0.8347457627118644,0.2134242424242424,0.3604201982982913,0.6395798017017087,0.6395798017017087,False,29.0,24.0,0.21550923585891724,0.643750011920929,0.8592592477798462,cifar100,4,BN_adapt,logits,100,0.6995999813079834,0.6995999813079834,0.7345000505447388,0.7440000176429749,splits_cifar100_BN_adapt_4_0_f475b82dfdbf.npz,f475b82dfdbf,True,True,0.23484848484848486,0.6174242424242424,0.21732152028762197,,,
iw_overlap_critic,5.0,0,10000,2000,2500,500,0.6852,0.0,1.0,1.0954395532608032,0.5,0.5,0.7450000047683716,0.18101856112480164,2926.0,117.0,1463.0,55.0,0.20719570639299642,0.226,2440.0,60.0,387.0,113.0,ok,plugin,False,,1817.484116948688,1100.0991352486947,4.967925489038452,0.4495678050934804,2.5689553755322927,0.7610619469026548,0.172,0.3791957063929964,0.6208042936070036,0.6208042936070036,False,22.0,9.0,0.2536661624908447,0.6554247736930847,0.9090909361839294,cifar100,4,BN_adapt,logits,100,0.6995999813079834,0.6995999813079834,0.7345000505447388,0.7440000176429749,splits_cifar100_BN_adapt_4_0_f475b82dfdbf.npz,f475b82dfdbf,True,True,,,,,,
iw_residual_dis2,5.0,0,10000,2000,2500,500,0.6852,0.0,1.0,1.0954395532608032,0.5,0.5,0.7450000047683716,0.18101856112480164,74.0,117.0,37.0,55.0,0.20719570639299642,0.226,2440.0,60.0,387.0,113.0,ok,plugin,False,,1817.484116948688,1100.0991352486947,4.967925489038452,0.4495678050934804,2.5689553755322927,0.8672566371681416,0.08299999999999998,0.2901957063929964,0.7098042936070036,0.7098042936070036,False,47.0,8.0,0.30515968799591064,0.5675675868988037,0.8727272748947144,cifar100,4,BN_adapt,logits,100,0.6995999813079834,0.6995999813079834,0.7345000505447388,0.7440000176429749,splits_cifar100_BN_adapt_4_0_f475b82dfdbf.npz,f475b82dfdbf,True,True,0.15,0.65,0.2172566371681416,,,
dis2_reference,,0,10000,2000,2500,500,0.6852000057697296,,,,,,,,,,,,,,,,,,ok,dis2_with_correction,True,0.09104562776310877,,,,,,,,0.37079999423027044,0.6292000057697296,0.5381543780066208,,37.0,3.0,0.09933334589004517,0.6840000152587891,0.7833333611488342,cifar100,4,BN_adapt,logits,100,0.6995999813079834,0.6995999813079834,0.7345000505447388,0.7440000176429749,splits_cifar100_BN_adapt_4_0_f475b82dfdbf.npz,f475b82dfdbf,True,True,,,,0.01,0.4618456219933792,0.05600000000000005
iw_overlap_critic,1.0,0,10000,2000,2500,500,0.7312000000000001,0.0,1.0,1.0671886205673218,0.5,0.5,0.7275000214576721,0.17754007875919342,2221.0,429.0,1138.0,226.0,0.07413826009877135,0.728,1875.0,625.0,136.0,364.0,ok,plugin,False,,659.7812357869127,1187.570256832959,0.9998721628882228,0.2808102373300415,0.8664857621840731,0.7884615384615384,0.574,0.6481382600987713,0.3518617399012287,0.3518617399012287,False,34.0,19.0,0.18242675065994263,0.6582812070846558,0.8407079577445984,cifar100,12,BN_adapt,logits,100,0.7443000078201294,0.7443000078201294,0.7730000615119934,0.7740000486373901,splits_cifar100_BN_adapt_12_0_f475b82dfdbf.npz,f475b82dfdbf,True,True,,,,,,
iw_residual_dis2,1.0,0,10000,2000,2500,500,0.7312000000000001,0.0,1.0,1.0671886205673218,0.5,0.5,0.7275000214576721,0.17754007875919342,779.0,429.0,362.0,226.0,0.07413826009877135,0.728,1875.0,625.0,136.0,364.0,ok,plugin,False,,659.7812357869127,1187.570256832959,0.9998721628882228,0.2808102373300415,0.8664857621840731,0.7774725274725275,0.2841184,0.35825666009877133,0.6417433399012287,0.6417433399012287,False,43.0,11.0,0.2030753493309021,0.580110490322113,0.7831858396530151,cifar100,12,BN_adapt,logits,100,0.7443000078201294,0.7443000078201294,0.7730000615119934,0.7740000486373901,splits_cifar100_BN_adapt_12_0_f475b82dfdbf.npz,f475b82dfdbf,True,True,0.2352,0.6224,0.15507252747252753,,,
iw_overlap_critic,2.0,0,10000,2000,2500,500,0.7312000000000001,0.0,1.0,1.0671886205673218,0.5,0.5,0.7275000214576721,0.17754007875919342,2666.0,312.0,1341.0,161.0,0.12942070619148222,0.49,2234.0,266.0,255.0,245.0,ok,plugin,False,,1148.8723895766702,1246.408776048678,1.9970829886793577,0.3593387157174497,1.4723349751522903,0.7346938775510204,0.36,0.4894207061914822,0.5105792938085179,0.5105792938085179,False,46.0,16.0,0.234768807888031,0.5913181304931641,0.8260869383811951,cifar100,12,BN_adapt,logits,100,0.7443000078201294,0.7443000078201294,0.7730000615119934,0.7740000486373901,splits_cifar100_BN_adapt_12_0_f475b82dfdbf.npz,f475b82dfdbf,True,True,,,,,,
iw_residual_dis2,2.0,0,10000,2000,2500,500,0.7312000000000001,0.0,1.0,1.0671886205673218,0.5,0.5,0.7275000214576721,0.17754007875919342,334.0,312.0,159.0,161.0,0.12942070619148222,0.49,2234.0,266.0,255.0,245.0,ok,plugin,False,,1148.8723895766702,1246.408776048678,1.9970829886793577,0.3593387157174497,1.4723349751522903,0.8448979591836735,0.2058421052631579,0.3352628114546401,0.6647371885453599,0.6647371885453599,False,41.0,2.0,0.31649672985076904,0.5220125913619995,0.8385093212127686,cifar100,12,BN_adapt,logits,100,0.7443000078201294,0.7443000078201294,0.7730000615119934,0.7740000486373901,splits_cifar100_BN_adapt_12_0_f475b82dfdbf.npz,f475b82dfdbf,True,True,0.17669172932330826,0.6015037593984962,0.2433941997851773,,,
iw_overlap_critic,5.0,0,10000,2000,2500,500,0.7312000000000001,0.0,1.0,1.0671886205673218,0.5,0.5,0.7275000214576721,0.17754007875919342,2922.0,135.0,1466.0,74.0,0.18606940916214404,0.214,2433.0,67.0,393.0,107.0,ok,plugin,False,,1761.1839486020149,1014.5153977025388,4.996866826465993,0.4154156882438584,2.6909142323154667,0.8037383177570093,0.172,0.358069409162144,0.641930590837856,0.641930590837856,False,28.0,8.0,0.32188159227371216,0.5700103044509888,0.8918918967247009,cifar100,12,BN_adapt,logits,100,0.7443000078201294,0.7443000078201294,0.7730000615119934,0.7740000486373901,splits_cifar100_BN_adapt_12_0_f475b82dfdbf.npz,f475b82dfdbf,True,True,,,,,,
iw_residual_dis2,5.0,0,10000,2000,2500,500,0.7312000000000001,0.0,1.0,1.0671886205673218,0.5,0.5,0.7275000214576721,0.17754007875919342,78.0,135.0,34.0,74.0,0.18606940916214404,0.214,2433.0,67.0,393.0,107.0,ok,plugin,False,,1761.1839486020149,1014.5153977025388,4.996866826465993,0.4154156882438584,2.6909142323154667,0.8411214953271028,0.07140298507462686,0.25747239423677093,0.7425276057632291,0.7425276057632291,False,10.0,14.0,0.3561208248138428,0.44117647409439087,0.7972972989082336,cifar100,12,BN_adapt,logits,100,0.7443000078201294,0.7443000078201294,0.7730000615119934,0.7740000486373901,splits_cifar100_BN_adapt_12_0_f475b82dfdbf.npz,f475b82dfdbf,True,True,0.05970149253731343,0.5671641791044776,0.2739573162226252,,,
dis2_reference,,0,10000,2000,2500,500,0.7312000095844269,,,,,,,,,,,,,,,,,,ok,dis2_with_correction,True,0.09104562776310877,,,,,,,,0.3487999904155731,0.6512000095844269,0.5601543818213182,,48.0,18.0,0.14666670560836792,0.6366666555404663,0.7833333611488342,cifar100,12,BN_adapt,logits,100,0.7443000078201294,0.7443000078201294,0.7730000615119934,0.7740000486373901,splits_cifar100_BN_adapt_12_0_f475b82dfdbf.npz,f475b82dfdbf,True,True,,,,0.01,0.43984561817868184,0.07999999999999996
iw_overlap_critic,1.0,0,10000,2000,2500,500,0.7072,0.0,1.0,1.0243480205535889,0.5,0.5,0.7129999995231628,0.19105733931064606,2109.0,393.0,1083.0,196.0,0.08528737521784321,0.656,1783.0,717.0,172.0,328.0,ok,plugin,False,,738.8879186935269,1295.8817437484279,0.9994963943318568,0.3641976404081097,0.9021479324643301,0.7987804878048781,0.524,0.6092873752178433,0.39071262478215674,0.39071262478215674,False,32.0,15.0,0.14792048931121826,0.6735081076622009,0.8214285969734192,cifar100,59,BN_adapt,logits,100,0.7245999574661255,0.7245999574661255,0.7775000333786011,0.7740000486373901,splits_cifar100_BN_adapt_59_0_f475b82dfdbf.npz,f475b82dfdbf,True,True,,,,,,
iw_residual_dis2,1.0,0,10000,2000,2500,500,0.7072,0.0,1.0,1.0243480205535889,0.5,0.5,0.7129999995231628,0.19105733931064606,891.0,393.0,417.0,196.0,0.08528737521784321,0.656,1783.0,717.0,172.0,328.0,ok,plugin,False,,738.8879186935269,1295.8817437484279,0.9994963943318568,0.3641976404081097,0.9021479324643301,0.8140243902439024,0.20188284518828453,0.2871702204061277,0.7128297795938723,0.7128297795938723,False,12.0,24.0,0.1110336184501648,0.7410072088241577,0.8520408272743225,cifar100,59,BN_adapt,logits,100,0.7245999574661255,0.7245999574661255,0.7775000333786011,0.7740000486373901,splits_cifar100_BN_adapt_59_0_f475b82dfdbf.npz,f475b82dfdbf,True,True,0.26220362622036264,0.7684797768479776,0.04554461339592475,,,
iw_overlap_critic,2.0,0,10000,2000,2500,500,0.7072,0.0,1.0,1.0243480205535889,0.5,0.5,0.7129999995231628,0.19105733931064606,2636.0,246.0,1320.0,127.0,0.14378649305254698,0.406,2202.0,298.0,297.0,203.0,ok,plugin,False,,1324.752657995628,1377.7397140201297,1.9922764233514225,0.46415898803822975,1.6014063191458758,0.8078817733990148,0.328,0.471786493052547,0.528213506947453,0.528213506947453,False,40.0,28.0,0.16068947315216064,0.6345860958099365,0.7952755689620972,cifar100,59,BN_adapt,logits,100,0.7245999574661255,0.7245999574661255,0.7775000333786011,0.7740000486373901,splits_cifar100_BN_adapt_59_0_f475b82dfdbf.npz,f475b82dfdbf,True,True,,,,,,
iw_residual_dis2,2.0,0,10000,2000,2500,500,0.7072,0.0,1.0,1.0243480205535889,0.5,0.5,0.7129999995231628,0.19105733931064606,364.0,246.0,180.0,127.0,0.14378649305254698,0.406,2202.0,298.0,297.0,203.0,ok,plugin,False,,1324.752657995628,1377.7397140201297,1.9922764233514225,0.46415898803822975,1.6014063191458758,0.8226600985221675,0.14053691275167782,0.28432340580422477,0.7156765941957752,0.7156765941957752,False,36.0,11.0,0.1300087571144104,0.6888889074325562,0.8188976645469666,cifar100,59,BN_adapt,logits,100,0.7245999574661255,0.7245999574661255,0.7775000333786011,0.7740000486373901,splits_cifar100_BN_adapt_59_0_f475b82dfdbf.npz,f475b82dfdbf,True,True,0.27181208053691275,0.7483221476510067,0.0743379508711608,,,
iw_overlap_critic,5.0,0,10000,2000,2500,500,0.7072,0.0,1.0,1.0243480205535889,0.5,0.5,0.7129999995231628,0.19105733931064606,2925.0,82.0,1463.0,40.0,0.22394402476582118,0.14,2438.0,62.0,430.0,70.0,ok,plugin,False,,2016.871553801262,1181.8137811823744,4.977129347349729,0.5251550733097494,2.7546015061942413,0.8142857142857143,0.114,0.3379440247658212,0.6620559752341788,0.6620559752341788,False,20.0,14.0,0.24396204948425293,0.6560379266738892,0.8999999761581421,cifar100,59,BN_adapt,logits,100,0.7245999574661255,0.7245999574661255,0.7775000333786011,0.7740000486373901,splits_cifar100_BN_adapt_59_0_f475b82dfdbf.npz,f475b82dfdbf,True,True,,,,,,
iw_residual_dis2,5.0,0,10000,2000,2500,500,0.7072,0.0,1.0,1.0243480205535889,0.5,0.5,0.7129999995231628,0.19105733931064606,75.0,82.0,37.0,40.0,0.22394402476582118,0.14,2438.0,62.0,430.0,70.0,ok,plugin,False,,2016.871553801262,1181.8137811823744,4.977129347349729,0.5251550733097494,2.7546015061942413,0.9285714285714286,0.03290322580645163,0.2568472505722728,0.7431527494277272,0.7431527494277272,False,4.0,18.0,0.08513510227203369,0.8648648858070374,0.949999988079071,cifar100,59,BN_adapt,logits,100,0.7245999574661255,0.7245999574661255,0.7775000333786011,0.7740000486373901,splits_cifar100_BN_adapt_59_0_f475b82dfdbf.npz,f475b82dfdbf,True,True,0.20967741935483872,0.9032258064516129,0.025345622119815725,,,
dis2_reference,,0,10000,2000,2500,500,0.7072000205516815,,,,,,,,,,,,,,,,,,ok,dis2_with_correction,True,0.09104562776310877,,,,,,,,0.2891999794483183,0.7108000205516817,0.6197543927885729,,10.0,24.0,0.05199998617172241,0.8479999899864197,0.8999999761581421,cifar100,59,BN_adapt,logits,100,0.7245999574661255,0.7245999574661255,0.7775000333786011,0.7740000486373901,splits_cifar100_BN_adapt_59_0_f475b82dfdbf.npz,f475b82dfdbf,True,True,,,,0.01,0.3802456072114271,-0.0036000000000000476
iw_overlap_critic,1.0,0,10000,2000,2500,500,0.7816,0.0,1.0,1.9682046175003052,0.5,0.5,0.5960000157356262,0.23846668004989624,1838.0,354.0,946.0,180.0,0.09599519759842796,0.52,1574.0,926.0,240.0,260.0,ok,plugin,False,,1087.797368127692,1466.1889014776762,0.9985955630693366,0.7058764848072923,0.9639803481690787,0.7576923076923077,0.394,0.48999519759842797,0.510004802401572,0.510004802401572,False,42.0,23.0,0.28707557916641235,0.5018132925033569,0.7888888716697693,cifar100,82,BN_adapt,logits,100,0.7945999503135681,0.7945999503135681,0.7790000438690186,0.7740000486373901,splits_cifar100_BN_adapt_82_0_f475b82dfdbf.npz,f475b82dfdbf,True,True,,,,,,
iw_residual_dis2,1.0,0,10000,2000,2500,500,0.7816,0.0,1.0,1.9682046175003052,0.5,0.5,0.5960000157356262,0.23846668004989624,1162.0,354.0,554.0,180.0,0.09599519759842796,0.52,1574.0,926.0,240.0,260.0,ok,plugin,False,,1087.797368127692,1466.1889014776762,0.9985955630693366,0.7058764848072923,0.9639803481690787,0.8615384615384616,0.13128293736501087,0.22727813496343885,0.7727218650365612,0.7727218650365612,False,10.0,19.0,0.09993982315063477,0.7833935022354126,0.8833333253860474,cifar100,82,BN_adapt,logits,100,0.7945999503135681,0.7945999503135681,0.7790000438690186,0.7740000486373901,splits_cifar100_BN_adapt_82_0_f475b82dfdbf.npz,f475b82dfdbf,True,True,0.22138228941684665,0.8304535637149028,0.031084897823558832,,,
iw_overlap_critic,2.0,0,10000,2000,2500,500,0.7816,0.0,1.0,1.9682046175003052,0.5,0.5,0.5960000157356262,0.23846668004989624,2935.0,35.0,1472.0,20.0,0.1994673991043812,0.05,2442.0,58.0,475.0,25.0,ok,plugin,False,,2214.216044869497,2114.8039608297795,1.999883417544353,0.8681493442866648,1.5917968195074779,0.88,0.044000000000000004,0.2434673991043812,0.7565326008956188,0.7565326008956188,False,13.0,20.0,0.27968430519104004,0.670315682888031,0.949999988079071,cifar100,82,BN_adapt,logits,100,0.7945999503135681,0.7945999503135681,0.7790000438690186,0.7740000486373901,splits_cifar100_BN_adapt_82_0_f475b82dfdbf.npz,f475b82dfdbf,True,True,,,,,,
iw_residual_dis2,2.0,0,10000,2000,2500,500,0.7816,0.0,1.0,1.9682046175003052,0.5,0.5,0.5960000157356262,0.23846668004989624,65.0,35.0,28.0,20.0,0.1994673991043812,0.05,2442.0,58.0,475.0,25.0,ok,plugin,False,,2214.216044869497,2114.8039608297795,1.999883417544353,0.8681493442866648,1.5917968195074779,0.76,0.013000000000000001,0.2124673991043812,0.7875326008956188,0.7875326008956188,False,9.0,7.0,0.3285713791847229,0.5714285969734192,0.8999999761581421,cifar100,82,BN_adapt,logits,100,0.7945999503135681,0.7945999503135681,0.7790000438690186,0.7740000486373901,splits_cifar100_BN_adapt_82_0_f475b82dfdbf.npz,f475b82dfdbf,False,False,0.10344827586206896,0.603448275862069,0.15655172413793106,,,
iw_overlap_critic,5.0,0,10000,2000,2500,500,0.7816,0.0,1.0,1.9682046175003052,0.5,0.5,0.5960000157356262,0.23846668004989624,,,,,0.20465419272165145,0.0,2500.0,0.0,500.0,0.0,ok,plugin,False,,2351.292820169104,2087.574377757749,3.483057802392158,0.8779890097484497,1.683894785302288,,0.0,0.20465419272165145,0.7953458072783486,0.7953458072783486,False,,,,,,cifar100,82,BN_adapt,logits,100,0.7945999503135681,0.7945999503135681,0.7790000438690186,0.7740000486373901,splits_cifar100_BN_adapt_82_0_f475b82dfdbf.npz,f475b82dfdbf,False,False,,,,,,
iw_residual_dis2,5.0,0,10000,2000,2500,500,0.7816,0.0,1.0,1.9682046175003052,0.5,0.5,0.5960000157356262,0.23846668004989624,,,,,0.20465419272165145,0.0,2500.0,0.0,500.0,0.0,ok,plugin,False,,2351.292820169104,2087.574377757749,3.483057802392158,0.8779890097484497,1.683894785302288,,0.0,0.20465419272165145,0.7953458072783486,0.7953458072783486,False,,,,,,cifar100,82,BN_adapt,logits,100,0.7945999503135681,0.7945999503135681,0.7790000438690186,0.7740000486373901,splits_cifar100_BN_adapt_82_0_f475b82dfdbf.npz,f475b82dfdbf,False,False,,,,,,
dis2_reference,,0,10000,2000,2500,500,0.7815999984741211,,,,,,,,,,,,,,,,,,ok,dis2_with_correction,True,0.09104562776310877,,,,,,,,0.217600001525879,0.782399998474121,0.6913543707110122,,6.0,28.0,0.04399996995925903,0.8993333578109741,0.9433333277702332,cifar100,82,BN_adapt,logits,100,0.7945999503135681,0.7945999503135681,0.7790000438690186,0.7740000486373901,splits_cifar100_BN_adapt_82_0_f475b82dfdbf.npz,f475b82dfdbf,True,True,,,,0.01,0.30864562928898776,-0.0008000000000000229
iw_overlap_critic,1.0,0,10000,2000,2500,500,0.758,0.0,1.0,5.491447925567627,0.5,0.5,0.5239999890327454,0.2492186278104782,1604.0,278.0,870.0,145.0,0.12420495001522995,0.42,1408.0,1092.0,290.0,210.0,ok,plugin,False,,1285.9142238295772,1400.9091595349162,0.9995799049105054,0.9268756873113179,0.9925164030200394,0.8428571428571429,0.354,0.47820495001522995,0.5217950499847701,0.5217950499847701,False,38.0,24.0,0.3277953863143921,0.5342735648155212,0.8620689511299133,cifar100,4,DANN,logits,100,0.7841999530792236,0.7841999530792236,0.7440000176429749,0.7760000228881836,splits_cifar100_DANN_4_0_f475b82dfdbf.npz,f475b82dfdbf,True,True,,,,,,
iw_residual_dis2,1.0,0,10000,2000,2500,500,0.758,0.0,1.0,5.491447925567627,0.5,0.5,0.5239999890327454,0.2492186278104782,1396.0,278.0,630.0,145.0,0.12420495001522995,0.42,1408.0,1092.0,290.0,210.0,ok,plugin,False,,1285.9142238295772,1400.9091595349162,0.9995799049105054,0.9268756873113179,0.9925164030200394,0.6523809523809524,0.09976923076923079,0.22397418078446074,0.7760258192155393,0.7760258192155393,False,32.0,27.0,0.1146688461303711,0.6301587224006653,0.7448275685310364,cifar100,4,DANN,logits,100,0.7841999530792236,0.7841999530792236,0.7440000176429749,0.7760000228881836,splits_cifar100_DANN_4_0_f475b82dfdbf.npz,f475b82dfdbf,False,False,0.2445054945054945,0.6593406593406593,-0.006959706959706935,,,
iw_overlap_critic,2.0,0,10000,2000,2500,500,0.758,0.0,1.0,5.491447925567627,0.5,0.5,0.5239999890327454,0.2492186278104782,,,,,0.23915412119862045,0.0,2500.0,0.0,500.0,0.0,ok,plugin,False,,2467.9818743558326,2471.2415953613263,1.4042553349704567,0.9849870126168123,1.164483854463959,,0.0,0.23915412119862045,0.7608458788013795,0.7608458788013795,False,,,,,,cifar100,4,DANN,logits,100,0.7841999530792236,0.7841999530792236,0.7440000176429749,0.7760000228881836,splits_cifar100_DANN_4_0_f475b82dfdbf.npz,f475b82dfdbf,False,True,,,,,,
iw_residual_dis2,2.0,0,10000,2000,2500,500,0.758,0.0,1.0,5.491447925567627,0.5,0.5,0.5239999890327454,0.2492186278104782,,,,,0.23915412119862045,0.0,2500.0,0.0,500.0,0.0,ok,plugin,False,,2467.9818743558326,2471.2415953613263,1.4042553349704567,0.9849870126168123,1.164483854463959,,0.0,0.23915412119862045,0.7608458788013795,0.7608458788013795,False,,,,,,cifar100,4,DANN,logits,100,0.7841999530792236,0.7841999530792236,0.7440000176429749,0.7760000228881836,splits_cifar100_DANN_4_0_f475b82dfdbf.npz,f475b82dfdbf,False,True,,,,,,
iw_overlap_critic,5.0,0,10000,2000,2500,500,0.758,0.0,1.0,5.491447925567627,0.5,0.5,0.5239999890327454,0.2492186278104782,,,,,0.23915412119862045,0.0,2500.0,0.0,500.0,0.0,ok,plugin,False,,2467.9818743558326,2471.2415953613263,1.4042553349704567,0.9849870126168123,1.164483854463959,,0.0,0.23915412119862045,0.7608458788013795,0.7608458788013795,False,,,,,,cifar100,4,DANN,logits,100,0.7841999530792236,0.7841999530792236,0.7440000176429749,0.7760000228881836,splits_cifar100_DANN_4_0_f475b82dfdbf.npz,f475b82dfdbf,False,True,,,,,,
iw_residual_dis2,5.0,0,10000,2000,2500,500,0.758,0.0,1.0,5.491447925567627,0.5,0.5,0.5239999890327454,0.2492186278104782,,,,,0.23915412119862045,0.0,2500.0,0.0,500.0,0.0,ok,plugin,False,,2467.9818743558326,2471.2415953613263,1.4042553349704567,0.9849870126168123,1.164483854463959,,0.0,0.23915412119862045,0.7608458788013795,0.7608458788013795,False,,,,,,cifar100,4,DANN,logits,100,0.7841999530792236,0.7841999530792236,0.7440000176429749,0.7760000228881836,splits_cifar100_DANN_4_0_f475b82dfdbf.npz,f475b82dfdbf,False,True,,,,,,
dis2_reference,,0,10000,2000,2500,500,0.7580000013113022,,,,,,,,,,,,,,,,,,ok,dis2_with_correction,True,0.09104562776310877,,,,,,,,0.2259999986886979,0.7740000013113021,0.6829543735481933,,29.0,24.0,0.07866668701171875,0.6779999732971191,0.7566666603088379,cifar100,4,DANN,logits,100,0.7841999530792236,0.7841999530792236,0.7440000176429749,0.7760000228881836,splits_cifar100_DANN_4_0_f475b82dfdbf.npz,f475b82dfdbf,True,True,,,,0.01,0.3170456264518067,-0.015999999999999903
iw_overlap_critic,1.0,0,10000,2000,2500,500,0.76,0.0,1.0,3.8378243446350098,0.5,0.5,0.5189999938011169,0.2482605278491974,1683.0,260.0,901.0,140.0,0.12372870204354608,0.394,1444.0,1056.0,303.0,197.0,ok,plugin,False,,1258.2465906016025,1428.4313732367239,0.9999707344972332,0.8866190305335506,0.9897714726654445,0.7918781725888325,0.31200000000000006,0.43572870204354613,0.5642712979564539,0.5642712979564539,False,40.0,12.0,0.28322649002075195,0.5382021069526672,0.8214285969734192,cifar100,12,DANN,logits,100,0.7831999659538269,0.7831999659538269,0.7545000314712524,0.7860000133514404,splits_cifar100_DANN_12_0_f475b82dfdbf.npz,f475b82dfdbf,True,True,,,,,,
iw_residual_dis2,1.0,0,10000,2000,2500,500,0.76,0.0,1.0,3.8378243446350098,0.5,0.5,0.5189999938011169,0.2482605278491974,1317.0,260.0,599.0,140.0,0.12372870204354608,0.394,1444.0,1056.0,303.0,197.0,ok,plugin,False,,1258.2465906016025,1428.4313732367239,0.9999707344972332,0.8866190305335506,0.9897714726654445,0.6243654822335025,0.10384659090909093,0.227575292952637,0.772424707047363,0.772424707047363,False,47.0,23.0,0.13285237550735474,0.5742904543876648,0.7071428298950195,cifar100,12,DANN,logits,100,0.7831999659538269,0.7831999659538269,0.7545000314712524,0.7860000133514404,splits_cifar100_DANN_12_0_f475b82dfdbf.npz,f475b82dfdbf,False,True,0.23674242424242425,0.5975378787878788,0.026827603445623738,,,
iw_overlap_critic,2.0,0,10000,2000,2500,500,0.76,0.0,1.0,3.8378243446350098,0.5,0.5,0.5189999938011169,0.2482605278491974,,,,,0.23561112858152902,0.0,2500.0,0.0,500.0,0.0,ok,plugin,False,,2446.566909208289,2436.1491685274805,1.6419769033871479,0.9722690455723946,1.2485575030222478,,0.0,0.23561112858152902,0.764388871418471,0.764388871418471,False,,,,,,cifar100,12,DANN,logits,100,0.7831999659538269,0.7831999659538269,0.7545000314712524,0.7860000133514404,splits_cifar100_DANN_12_0_f475b82dfdbf.npz,f475b82dfdbf,False,True,,,,,,
iw_residual_dis2,2.0,0,10000,2000,2500,500,0.76,0.0,1.0,3.8378243446350098,0.5,0.5,0.5189999938011169,0.2482605278491974,,,,,0.23561112858152902,0.0,2500.0,0.0,500.0,0.0,ok,plugin,False,,2446.566909208289,2436.1491685274805,1.6419769033871479,0.9722690455723946,1.2485575030222478,,0.0,0.23561112858152902,0.764388871418471,0.764388871418471,False,,,,,,cifar100,12,DANN,logits,100,0.7831999659538269,0.7831999659538269,0.7545000314712524,0.7860000133514404,splits_cifar100_DANN_12_0_f475b82dfdbf.npz,f475b82dfdbf,False,True,,,,,,
iw_overlap_critic,5.0,0,10000,2000,2500,500,0.76,0.0,1.0,3.8378243446350098,0.5,0.5,0.5189999938011169,0.2482605278491974,,,,,0.23561112858152902,0.0,2500.0,0.0,500.0,0.0,ok,plugin,False,,2446.566909208289,2436.1491685274805,1.6419769033871479,0.9722690455723946,1.2485575030222478,,0.0,0.23561112858152902,0.764388871418471,0.764388871418471,False,,,,,,cifar100,12,DANN,logits,100,0.7831999659538269,0.7831999659538269,0.7545000314712524,0.7860000133514404,splits_cifar100_DANN_12_0_f475b82dfdbf.npz,f475b82dfdbf,False,True,,,,,,
iw_residual_dis2,5.0,0,10000,2000,2500,500,0.76,0.0,1.0,3.8378243446350098,0.5,0.5,0.5189999938011169,0.2482605278491974,,,,,0.23561112858152902,0.0,2500.0,0.0,500.0,0.0,ok,plugin,False,,2446.566909208289,2436.1491685274805,1.6419769033871479,0.9722690455723946,1.2485575030222478,,0.0,0.23561112858152902,0.764388871418471,0.764388871418471,False,,,,,,cifar100,12,DANN,logits,100,0.7831999659538269,0.7831999659538269,0.7545000314712524,0.7860000133514404,splits_cifar100_DANN_12_0_f475b82dfdbf.npz,f475b82dfdbf,False,True,,,,,,
dis2_reference,,0,10000,2000,2500,500,0.760000005364418,,,,,,,,,,,,,,,,,,ok,dis2_with_correction,True,0.09104562776310877,,,,,,,,0.21119999463558203,0.788800005364418,0.6977543776013092,,46.0,29.0,0.06666666269302368,0.6466666460037231,0.7133333086967468,cifar100,12,DANN,logits,100,0.7831999659538269,0.7831999659538269,0.7545000314712524,0.7860000133514404,splits_cifar100_DANN_12_0_f475b82dfdbf.npz,f475b82dfdbf,True,True,,,,0.01,0.3022456223986908,-0.028799999999999937
iw_overlap_critic,1.0,0,10000,2000,2500,500,0.7596,0.0,1.0,2.802358388900757,0.5,0.5,0.5494999885559082,0.24673324823379517,1671.0,269.0,904.0,149.0,0.1205010707575796,0.41,1454.0,1046.0,295.0,205.0,ok,plugin,False,,1205.9150620265737,1425.2540164069799,0.9995938890063292,0.8442005360706419,0.9877601414349136,0.824390243902439,0.33799999999999997,0.45850107075757957,0.5414989292424204,0.5414989292424204,False,41.0,0.0,0.3332313299179077,0.5795203447341919,0.9127516746520996,cifar100,59,DANN,logits,100,0.7841999530792236,0.7841999530792236,0.7585000395774841,0.7720000147819519,splits_cifar100_DANN_59_0_f475b82dfdbf.npz,f475b82dfdbf,True,True,,,,,,
iw_residual_dis2,1.0,0,10000,2000,2500,500,0.7596,0.0,1.0,2.802358388900757,0.5,0.5,0.5494999885559082,0.24673324823379517,1329.0,269.0,596.0,149.0,0.1205010707575796,0.41,1454.0,1046.0,295.0,205.0,ok,plugin,False,,1205.9150620265737,1425.2540164069799,0.9995938890063292,0.8442005360706419,0.9877601414349136,0.7365853658536585,0.10523135755258123,0.22573242831016083,0.7742675716898392,0.7742675716898392,False,20.0,22.0,0.13758385181427002,0.708053708076477,0.8456375598907471,cifar100,59,DANN,logits,100,0.7841999530792236,0.7841999530792236,0.7585000395774841,0.7720000147819519,splits_cifar100_DANN_59_0_f475b82dfdbf.npz,f475b82dfdbf,False,False,0.22848948374760994,0.7084130019120459,0.0281723639416126,,,
iw_overlap_critic,2.0,0,10000,2000,2500,500,0.7596,0.0,1.0,2.802358388900757,0.5,0.5,0.5494999885559082,0.24673324823379517,,,,,0.2315303455287617,0.0,2497.0,3.0,500.0,0.0,ok,plugin,False,,2439.447146567648,2375.669203267462,1.939734341822981,0.96248380848695,1.362907757790571,,0.0,0.2315303455287617,0.7684696544712383,0.7684696544712383,False,,,,,,cifar100,59,DANN,logits,100,0.7841999530792236,0.7841999530792236,0.7585000395774841,0.7720000147819519,splits_cifar100_DANN_59_0_f475b82dfdbf.npz,f475b82dfdbf,False,True,,,,,,
iw_residual_dis2,2.0,0,10000,2000,2500,500,0.7596,0.0,1.0,2.802358388900757,0.5,0.5,0.5494999885559082,0.24673324823379517,,,,,0.2315303455287617,0.0,2497.0,3.0,500.0,0.0,ok,plugin,False,,2439.447146567648,2375.669203267462,1.939734341822981,0.96248380848695,1.362907757790571,,0.0,0.2315303455287617,0.7684696544712383,0.7684696544712383,False,,,,,,cifar100,59,DANN,logits,100,0.7841999530792236,0.7841999530792236,0.7585000395774841,0.7720000147819519,splits_cifar100_DANN_59_0_f475b82dfdbf.npz,f475b82dfdbf,False,True,,,,,,
iw_overlap_critic,5.0,0,10000,2000,2500,500,0.7596,0.0,1.0,2.802358388900757,0.5,0.5,0.5494999885559082,0.24673324823379517,,,,,0.23318871703695868,0.0,2500.0,0.0,500.0,0.0,ok,plugin,False,,2445.9565559321895,2374.9200454287657,2.3634805940494568,0.9626365028377801,1.3661096021972992,,0.0,0.23318871703695868,0.7668112829630414,0.7668112829630414,False,,,,,,cifar100,59,DANN,logits,100,0.7841999530792236,0.7841999530792236,0.7585000395774841,0.7720000147819519,splits_cifar100_DANN_59_0_f475b82dfdbf.npz,f475b82dfdbf,False,True,,,,,,
iw_residual_dis2,5.0,0,10000,2000,2500,500,0.7596,0.0,1.0,2.802358388900757,0.5,0.5,0.5494999885559082,0.24673324823379517,,,,,0.23318871703695868,0.0,2500.0,0.0,500.0,0.0,ok,plugin,False,,2445.9565559321895,2374.9200454287657,2.3634805940494568,0.9626365028377801,1.3661096021972992,,0.0,0.23318871703695868,0.7668112829630414,0.7668112829630414,False,,,,,,cifar100,59,DANN,logits,100,0.7841999530792236,0.7841999530792236,0.7585000395774841,0.7720000147819519,splits_cifar100_DANN_59_0_f475b82dfdbf.npz,f475b82dfdbf,False,True,,,,,,
dis2_reference,,0,10000,2000,2500,500,0.7596000134944916,,,,,,,,,,,,,,,,,,ok,dis2_with_correction,True,0.09104562776310877,,,,,,,,0.24279998650550838,0.7572000134944916,0.6661543857313829,,21.0,10.0,0.04933333396911621,0.7239999771118164,0.7733333110809326,cifar100,59,DANN,logits,100,0.7841999530792236,0.7841999530792236,0.7585000395774841,0.7720000147819519,splits_cifar100_DANN_59_0_f475b82dfdbf.npz,f475b82dfdbf,True,True,,,,0.01,0.33384561426861714,0.0023999999999999577
iw_overlap_critic,1.0,0,10000,2000,2500,500,0.764,0.0,1.0,6.978378772735596,0.5,0.5,0.5135000348091125,0.24948640167713165,1649.0,255.0,826.0,130.0,0.12884398612402587,0.388,1401.0,1099.0,306.0,194.0,ok,plugin,False,,1295.2171004472198,1396.075965923175,0.9999966859689614,0.9361307858367951,0.9939528172743852,0.7319587628865979,0.284,0.41284398612402584,0.5871560138759742,0.5871560138759742,False,44.0,19.0,0.32147467136383057,0.4785253405570984,0.800000011920929,cifar100,82,DANN,logits,100,0.7861999869346619,0.7861999869346619,0.7695000171661377,0.7700000405311584,splits_cifar100_DANN_82_0_f475b82dfdbf.npz,f475b82dfdbf,True,True,,,,,,
iw_residual_dis2,1.0,0,10000,2000,2500,500,0.764,0.0,1.0,6.978378772735596,0.5,0.5,0.5135000348091125,0.24948640167713165,1351.0,255.0,674.0,130.0,0.12884398612402587,0.388,1401.0,1099.0,306.0,194.0,ok,plugin,False,,1295.2171004472198,1396.075965923175,0.9999966859689614,0.9361307858367951,0.9939528172743852,0.7783505154639175,0.06616378525932665,0.1950077713833525,0.8049922286166475,0.8049922286166475,False,8.0,23.0,0.04606252908706665,0.8308605551719666,0.8769230842590332,cifar100,82,DANN,logits,100,0.7861999869346619,0.7861999869346619,0.7695000171661377,0.7700000405311584,splits_cifar100_DANN_82_0_f475b82dfdbf.npz,f475b82dfdbf,False,False,0.22202001819836215,0.8298453139217471,-0.05149479845782956,,,
iw_overlap_critic,2.0,0,10000,2000,2500,500,0.764,0.0,1.0,6.978378772735596,0.5,0.5,0.5135000348091125,0.24948640167713165,,,,,0.23254424585950542,0.0,2500.0,0.0,500.0,0.0,ok,plugin,False,,2466.625196752198,2480.0872615463854,1.28467736797543,0.9857623570780534,1.1353387546000333,,0.0,0.23254424585950542,0.7674557541404946,0.7674557541404946,False,,,,,,cifar100,82,DANN,logits,100,0.7861999869346619,0.7861999869346619,0.7695000171661377,0.7700000405311584,splits_cifar100_DANN_82_0_f475b82dfdbf.npz,f475b82dfdbf,True,True,,,,,,
iw_residual_dis2,2.0,0,10000,2000,2500,500,0.764,0.0,1.0,6.978378772735596,0.5,0.5,0.5135000348091125,0.24948640167713165,,,,,0.23254424585950542,0.0,2500.0,0.0,500.0,0.0,ok,plugin,False,,2466.625196752198,2480.0872615463854,1.28467736797543,0.9857623570780534,1.1353387546000333,,0.0,0.23254424585950542,0.7674557541404946,0.7674557541404946,False,,,,,,cifar100,82,DANN,logits,100,0.7861999869346619,0.7861999869346619,0.7695000171661377,0.7700000405311584,splits_cifar100_DANN_82_0_f475b82dfdbf.npz,f475b82dfdbf,True,True,,,,,,
iw_overlap_critic,5.0,0,10000,2000,2500,500,0.764,0.0,1.0,6.978378772735596,0.5,0.5,0.5135000348091125,0.24948640167713165,,,,,0.23254424585950542,0.0,2500.0,0.0,500.0,0.0,ok,plugin,False,,2466.625196752198,2480.0872615463854,1.28467736797543,0.9857623570780534,1.1353387546000333,,0.0,0.23254424585950542,0.7674557541404946,0.7674557541404946,False,,,,,,cifar100,82,DANN,logits,100,0.7861999869346619,0.7861999869346619,0.7695000171661377,0.7700000405311584,splits_cifar100_DANN_82_0_f475b82dfdbf.npz,f475b82dfdbf,True,True,,,,,,
iw_residual_dis2,5.0,0,10000,2000,2500,500,0.764,0.0,1.0,6.978378772735596,0.5,0.5,0.5135000348091125,0.24948640167713165,,,,,0.23254424585950542,0.0,2500.0,0.0,500.0,0.0,ok,plugin,False,,2466.625196752198,2480.0872615463854,1.28467736797543,0.9857623570780534,1.1353387546000333,,0.0,0.23254424585950542,0.7674557541404946,0.7674557541404946,False,,,,,,cifar100,82,DANN,logits,100,0.7861999869346619,0.7861999869346619,0.7695000171661377,0.7700000405311584,splits_cifar100_DANN_82_0_f475b82dfdbf.npz,f475b82dfdbf,True,True,,,,,,
dis2_reference,,0,10000,2000,2500,500,0.7639999985694885,,,,,,,,,,,,,,,,,,ok,dis2_with_correction,True,0.09104562776310877,,,,,,,,0.2004000014305115,0.7995999985694885,0.7085543708063797,,48.0,12.0,0.03733330965042114,0.659333348274231,0.6966666579246521,cifar100,82,DANN,logits,100,0.7861999869346619,0.7861999869346619,0.7695000171661377,0.7700000405311584,splits_cifar100_DANN_82_0_f475b82dfdbf.npz,f475b82dfdbf,True,True,,,,0.01,0.29144562919362027,-0.035599999999999965
iw_overlap_critic,1.0,0,10000,2000,2500,500,0.762,0.0,1.0,5.056149482727051,0.5,0.5,0.5295000076293945,0.24904659390449524,1661.0,290.0,855.0,155.0,0.12457854345539708,0.46,1415.0,1085.0,270.0,230.0,ok,plugin,False,,1274.7609445635974,1405.8205628287433,0.999828458969269,0.9140947596299122,0.9896086394177247,0.8565217391304348,0.394,0.5185785434553971,0.4814214565446029,0.4814214565446029,False,29.0,17.0,0.3108997941017151,0.566519558429718,0.8774193525314331,cifar100,4,CDANN,logits,100,0.7849999666213989,0.7849999666213989,0.7275000214576721,0.7480000257492065,splits_cifar100_CDANN_4_0_f475b82dfdbf.npz,f475b82dfdbf,True,True,,,,,,
iw_residual_dis2,1.0,0,10000,2000,2500,500,0.762,0.0,1.0,5.056149482727051,0.5,0.5,0.5295000076293945,0.24904659390449524,1339.0,290.0,645.0,155.0,0.12457854345539708,0.46,1415.0,1085.0,270.0,230.0,ok,plugin,False,,1274.7609445635974,1405.8205628287433,0.999828458969269,0.9140947596299122,0.9896086394177247,0.6782608695652174,0.12079262672811059,0.24537117018350768,0.7546288298164923,0.7546288298164923,False,46.0,29.0,0.04566144943237305,0.6124030947685242,0.6580645442008972,cifar100,4,CDANN,logits,100,0.7849999666213989,0.7849999666213989,0.7275000214576721,0.7480000257492065,splits_cifar100_CDANN_4_0_f475b82dfdbf.npz,f475b82dfdbf,False,False,0.2304147465437788,0.6460829493087558,0.0321779202564616,,,
iw_overlap_critic,2.0,0,10000,2000,2500,500,0.762,0.0,1.0,5.056149482727051,0.5,0.5,0.5295000076293945,0.24904659390449524,,,,,0.2334186495605029,0.0,2500.0,0.0,500.0,0.0,ok,plugin,False,,2459.7382574489816,2462.8951167450077,1.612166297143988,0.9786892623843662,1.1862365069324659,,0.0,0.2334186495605029,0.7665813504394972,0.7665813504394972,False,,,,,,cifar100,4,CDANN,logits,100,0.7849999666213989,0.7849999666213989,0.7275000214576721,0.7480000257492065,splits_cifar100_CDANN_4_0_f475b82dfdbf.npz,f475b82dfdbf,False,False,,,,,,
iw_residual_dis2,2.0,0,10000,2000,2500,500,0.762,0.0,1.0,5.056149482727051,0.5,0.5,0.5295000076293945,0.24904659390449524,,,,,0.2334186495605029,0.0,2500.0,0.0,500.0,0.0,ok,plugin,False,,2459.7382574489816,2462.8951167450077,1.612166297143988,0.9786892623843662,1.1862365069324659,,0.0,0.2334186495605029,0.7665813504394972,0.7665813504394972,False,,,,,,cifar100,4,CDANN,logits,100,0.7849999666213989,0.7849999666213989,0.7275000214576721,0.7480000257492065,splits_cifar100_CDANN_4_0_f475b82dfdbf.npz,f475b82dfdbf,False,False,,,,,,
iw_overlap_critic,5.0,0,10000,2000,2500,500,0.762,0.0,1.0,5.056149482727051,0.5,0.5,0.5295000076293945,0.24904659390449524,,,,,0.2334186495605029,0.0,2500.0,0.0,500.0,0.0,ok,plugin,False,,2459.7382574489816,2462.8951167450077,1.612166297143988,0.9786892623843662,1.1862365069324659,,0.0,0.2334186495605029,0.7665813504394972,0.7665813504394972,False,,,,,,cifar100,4,CDANN,logits,100,0.7849999666213989,0.7849999666213989,0.7275000214576721,0.7480000257492065,splits_cifar100_CDANN_4_0_f475b82dfdbf.npz,f475b82dfdbf,False,False,,,,,,
iw_residual_dis2,5.0,0,10000,2000,2500,500,0.762,0.0,1.0,5.056149482727051,0.5,0.5,0.5295000076293945,0.24904659390449524,,,,,0.2334186495605029,0.0,2500.0,0.0,500.0,0.0,ok,plugin,False,,2459.7382574489816,2462.8951167450077,1.612166297143988,0.9786892623843662,1.1862365069324659,,0.0,0.2334186495605029,0.7665813504394972,0.7665813504394972,False,,,,,,cifar100,4,CDANN,logits,100,0.7849999666213989,0.7849999666213989,0.7275000214576721,0.7480000257492065,splits_cifar100_CDANN_4_0_f475b82dfdbf.npz,f475b82dfdbf,False,False,,,,,,
dis2_reference,,0,10000,2000,2500,500,0.7620000094175339,,,,,,,,,,,,,,,,,,ok,dis2_with_correction,True,0.09104562776310877,,,,,,,,0.24399999058246613,0.7560000094175339,0.6649543816544251,,25.0,24.0,0.06666666269302368,0.6866666674613953,0.753333330154419,cifar100,4,CDANN,logits,100,0.7849999666213989,0.7849999666213989,0.7275000214576721,0.7480000257492065,splits_cifar100_CDANN_4_0_f475b82dfdbf.npz,f475b82dfdbf,True,True,,,,0.01,0.3350456183455749,0.006000000000000005
iw_overlap_critic,1.0,0,10000,2000,2500,500,0.766,0.0,1.0,2.4864232540130615,0.5,0.5,0.5425000190734863,0.24643674492835999,1711.0,261.0,918.0,149.0,0.11271162379196475,0.398,1431.0,1069.0,301.0,199.0,ok,plugin,False,,1168.1295701247363,1397.4433387363802,0.9998704215254078,0.8366360596391202,0.9830413927458149,0.7788944723618091,0.31000000000000005,0.4227116237919648,0.5772883762080352,0.5772883762080352,False,45.0,19.0,0.3039402961730957,0.5081402659416199,0.8120805621147156,cifar100,12,CDANN,logits,100,0.7858999967575073,0.7858999967575073,0.7480000257492065,0.7680000066757202,splits_cifar100_CDANN_12_0_f475b82dfdbf.npz,f475b82dfdbf,True,True,,,,,,
iw_residual_dis2,1.0,0,10000,2000,2500,500,0.766,0.0,1.0,2.4864232540130615,0.5,0.5,0.5425000190734863,0.24643674492835999,1289.0,261.0,582.0,149.0,0.11271162379196475,0.398,1431.0,1069.0,301.0,199.0,ok,plugin,False,,1168.1295701247363,1397.4433387363802,0.9998704215254078,0.8366360596391202,0.9830413927458149,0.864321608040201,0.09641347053320859,0.20912509432517334,0.7908749056748267,0.7908749056748267,False,8.0,9.0,0.06051802635192871,0.8522336483001709,0.9127516746520996,cifar100,12,CDANN,logits,100,0.7858999967575073,0.7858999967575073,0.7480000257492065,0.7680000066757202,splits_cifar100_CDANN_12_0_f475b82dfdbf.npz,f475b82dfdbf,False,False,0.2273152478952292,0.8493919550982226,0.014929652941978344,,,
iw_overlap_critic,2.0,0,10000,2000,2500,500,0.766,0.0,1.0,2.4864232540130615,0.5,0.5,0.5425000190734863,0.24643674492835999,2995.0,0.0,1496.0,0.0,0.22773708694791175,0.002,2497.0,3.0,499.0,1.0,unsupported_critic_region,plugin,False,,2442.687695699451,2356.668514867253,1.982169254595696,0.9589183782582102,1.4025810544778288,,,,,,,,,,,,cifar100,12,CDANN,logits,100,0.7858999967575073,0.7858999967575073,0.7480000257492065,0.7680000066757202,splits_cifar100_CDANN_12_0_f475b82dfdbf.npz,f475b82dfdbf,,,,,,,,
iw_residual_dis2,2.0,0,10000,2000,2500,500,0.766,0.0,1.0,2.4864232540130615,0.5,0.5,0.5425000190734863,0.24643674492835999,5.0,0.0,4.0,0.0,0.22773708694791175,0.002,2497.0,3.0,499.0,1.0,unsupported_critic_region,plugin,False,,2442.687695699451,2356.668514867253,1.982169254595696,0.9589183782582102,1.4025810544778288,,,,,,,,,,,,cifar100,12,CDANN,logits,100,0.7858999967575073,0.7858999967575073,0.7480000257492065,0.7680000066757202,splits_cifar100_CDANN_12_0_f475b82dfdbf.npz,f475b82dfdbf,,,,,,,,
iw_overlap_critic,5.0,0,10000,2000,2500,500,0.766,0.0,1.0,2.4864232540130615,0.5,0.5,0.5425000190734863,0.24643674492835999,,,,,0.22773708694791175,0.0,2500.0,0.0,500.0,0.0,ok,plugin,False,,2449.6278052329058,2355.04654186226,2.4704716453660756,0.9594762836122599,1.4041761966564872,,0.0,0.22773708694791175,0.7722629130520883,0.7722629130520883,False,,,,,,cifar100,12,CDANN,logits,100,0.7858999967575073,0.7858999967575073,0.7480000257492065,0.7680000066757202,splits_cifar100_CDANN_12_0_f475b82dfdbf.npz,f475b82dfdbf,False,False,,,,,,
iw_residual_dis2,5.0,0,10000,2000,2500,500,0.766,0.0,1.0,2.4864232540130615,0.5,0.5,0.5425000190734863,0.24643674492835999,,,,,0.22773708694791175,0.0,2500.0,0.0,500.0,0.0,ok,plugin,False,,2449.6278052329058,2355.04654186226,2.4704716453660756,0.9594762836122599,1.4041761966564872,,0.0,0.22773708694791175,0.7722629130520883,0.7722629130520883,False,,,,,,cifar100,12,CDANN,logits,100,0.7858999967575073,0.7858999967575073,0.7480000257492065,0.7680000066757202,splits_cifar100_CDANN_12_0_f475b82dfdbf.npz,f475b82dfdbf,False,False,,,,,,
dis2_reference,,0,10000,2000,2500,500,0.7660000026226044,,,,,,,,,,,,,,,,,,ok,dis2_with_correction,True,0.09104562776310877,,,,,,,,0.24319999737739562,0.7568000026226044,0.6657543748594956,,17.0,23.0,0.056666672229766846,0.7599999904632568,0.8166666626930237,cifar100,12,CDANN,logits,100,0.7858999967575073,0.7858999967575073,0.7480000257492065,0.7680000066757202,splits_cifar100_CDANN_12_0_f475b82dfdbf.npz,f475b82dfdbf,True,True,,,,0.01,0.3342456251405044,0.009199999999999986
iw_overlap_critic,1.0,0,10000,2000,2500,500,0.7664,0.0,1.0,2.008225202560425,0.5,0.5,0.5509999990463257,0.2439228594303131,1693.0,288.0,881.0,151.0,0.1064910054807867,0.434,1452.0,1048.0,283.0,217.0,ok,plugin,False,,1113.3234563842575,1398.3741378822274,0.9998120896754378,0.7846877232484699,0.9740685879442899,0.8064516129032258,0.35,0.4564910054807867,0.5435089945192133,0.5435089945192133,False,42.0,1.0,0.3158618211746216,0.5649328827857971,0.8807947039604187,cifar100,59,CDANN,logits,100,0.7870000004768372,0.7870000004768372,0.7580000162124634,0.7920000553131104,splits_cifar100_CDANN_59_0_f475b82dfdbf.npz,f475b82dfdbf,True,True,,,,,,
iw_residual_dis2,1.0,0,10000,2000,2500,500,0.7664,0.0,1.0,2.008225202560425,0.5,0.5,0.5509999990463257,0.2439228594303131,1307.0,288.0,619.0,151.0,0.1064910054807867,0.434,1452.0,1048.0,283.0,217.0,ok,plugin,False,,1113.3234563842575,1398.3741378822274,0.9998120896754378,0.7846877232484699,0.9740685879442899,0.8018433179723502,0.09704198473282442,0.20353299021361113,0.7964670097863888,0.7964670097863888,False,10.0,10.0,0.08532238006591797,0.7689822316169739,0.8543046116828918,cifar100,59,CDANN,logits,100,0.7870000004768372,0.7870000004768372,0.7580000162124634,0.7920000553131104,splits_cifar100_CDANN_59_0_f475b82dfdbf.npz,f475b82dfdbf,False,False,0.22328244274809161,0.8015267175572519,0.0003166004150982893,,,
iw_overlap_critic,2.0,0,10000,2000,2500,500,0.7664,0.0,1.0,2.008225202560425,0.5,0.5,0.5509999990463257,0.2439228594303131,2970.0,11.0,1491.0,7.0,0.21981669912261037,0.01,2485.0,15.0,495.0,5.0,ok,plugin,False,,2407.375616103403,2270.37636627726,1.9833438806549832,0.9305514735682698,1.5332057532225556,0.8,0.008,0.22781669912261038,0.7721833008773896,0.7721833008773896,False,14.0,11.0,0.4271712899208069,0.5728287100791931,1.0,cifar100,59,CDANN,logits,100,0.7870000004768372,0.7870000004768372,0.7580000162124634,0.7920000553131104,splits_cifar100_CDANN_59_0_f475b82dfdbf.npz,f475b82dfdbf,False,True,,,,,,
iw_residual_dis2,2.0,0,10000,2000,2500,500,0.7664,0.0,1.0,2.008225202560425,0.5,0.5,0.5509999990463257,0.2439228594303131,30.0,11.0,9.0,7.0,0.21981669912261037,0.01,2485.0,15.0,495.0,5.0,ok,plugin,False,,2407.375616103403,2270.37636627726,1.9833438806549832,0.9305514735682698,1.5332057532225556,1.0,0.005333333333333333,0.2251500324559437,0.7748499675440563,0.7748499675440563,False,9.0,16.0,0.3333333134651184,0.6666666865348816,1.0,cifar100,59,CDANN,logits,100,0.7870000004768372,0.7870000004768372,0.7580000162124634,0.7920000553131104,splits_cifar100_CDANN_59_0_f475b82dfdbf.npz,f475b82dfdbf,False,True,0.26666666666666666,0.7333333333333333,0.2666666666666667,,,
iw_overlap_critic,5.0,0,10000,2000,2500,500,0.7664,0.0,1.0,2.008225202560425,0.5,0.5,0.5509999990463257,0.2439228594303131,,,,,0.22317909315855028,0.0,2500.0,0.0,500.0,0.0,ok,plugin,False,,2443.820225227849,2259.155425657384,3.0077319694624123,0.9320963219959681,1.5513507410602343,,0.0,0.22317909315855028,0.7768209068414498,0.7768209068414498,False,,,,,,cifar100,59,CDANN,logits,100,0.7870000004768372,0.7870000004768372,0.7580000162124634,0.7920000553131104,splits_cifar100_CDANN_59_0_f475b82dfdbf.npz,f475b82dfdbf,False,True,,,,,,
iw_residual_dis2,5.0,0,10000,2000,2500,500,0.7664,0.0,1.0,2.008225202560425,0.5,0.5,0.5509999990463257,0.2439228594303131,,,,,0.22317909315855028,0.0,2500.0,0.0,500.0,0.0,ok,plugin,False,,2443.820225227849,2259.155425657384,3.0077319694624123,0.9320963219959681,1.5513507410602343,,0.0,0.22317909315855028,0.7768209068414498,0.7768209068414498,False,,,,,,cifar100,59,CDANN,logits,100,0.7870000004768372,0.7870000004768372,0.7580000162124634,0.7920000553131104,splits_cifar100_CDANN_59_0_f475b82dfdbf.npz,f475b82dfdbf,False,True,,,,,,
dis2_reference,,0,10000,2000,2500,500,0.766400009393692,,,,,,,,,,,,,,,,,,ok,dis2_with_correction,True,0.09104562776310877,,,,,,,,0.23759999060630788,0.7624000093936921,0.6713543816305834,,13.0,8.0,0.0506666898727417,0.8159999847412109,0.8666666746139526,cifar100,59,CDANN,logits,100,0.7870000004768372,0.7870000004768372,0.7580000162124634,0.7920000553131104,splits_cifar100_CDANN_59_0_f475b82dfdbf.npz,f475b82dfdbf,True,True,,,,0.01,0.32864561836941664,0.0040000000000000036
iw_overlap_critic,1.0,0,10000,2000,2500,500,0.7652,0.0,1.0,5.66292667388916,0.5,0.5,0.5170000195503235,0.24932295083999634,1624.0,262.0,841.0,128.0,0.1350521598516867,0.448,1437.0,1063.0,276.0,224.0,ok,plugin,False,,1309.75765365521,1429.6756366630943,0.9997601651170853,0.9240109453676486,0.9926557832684262,0.7857142857142857,0.352,0.4870521598516867,0.5129478401483133,0.5129478401483133,False,25.0,24.0,0.3314136862754822,0.5435863137245178,0.875,cifar100,82,CDANN,logits,100,0.7872999906539917,0.7872999906539917,0.7635000348091125,0.7720000147819519,splits_cifar100_CDANN_82_0_f475b82dfdbf.npz,f475b82dfdbf,True,True,,,,,,
iw_residual_dis2,1.0,0,10000,2000,2500,500,0.7652,0.0,1.0,5.66292667388916,0.5,0.5,0.5170000195503235,0.24932295083999634,1376.0,262.0,659.0,128.0,0.1350521598516867,0.448,1437.0,1063.0,276.0,224.0,ok,plugin,False,,1309.75765365521,1429.6756366630943,0.9997601651170853,0.9240109453676486,0.9926557832684262,0.8303571428571429,0.10606585136406405,0.24111801121575074,0.7588819887842493,0.7588819887842493,False,10.0,9.0,0.07552874088287354,0.8072837591171265,0.8828125,cifar100,82,CDANN,logits,100,0.7872999906539917,0.7872999906539917,0.7635000348091125,0.7720000147819519,splits_cifar100_CDANN_82_0_f475b82dfdbf.npz,f475b82dfdbf,True,True,0.20696142991533395,0.8005644402634055,0.029792702593737452,,,
iw_overlap_critic,2.0,0,10000,2000,2500,500,0.7652,0.0,1.0,5.66292667388916,0.5,0.5,0.5170000195503235,0.24932295083999634,,,,,0.22975871767654502,0.0,2500.0,0.0,500.0,0.0,ok,plugin,False,,2459.7809711107875,2471.164719457861,1.3422972489977123,0.9809769135053362,1.1580601273715891,,0.0,0.22975871767654502,0.770241282323455,0.770241282323455,False,,,,,,cifar100,82,CDANN,logits,100,0.7872999906539917,0.7872999906539917,0.7635000348091125,0.7720000147819519,splits_cifar100_CDANN_82_0_f475b82dfdbf.npz,f475b82dfdbf,False,True,,,,,,
iw_residual_dis2,2.0,0,10000,2000,2500,500,0.7652,0.0,1.0,5.66292667388916,0.5,0.5,0.5170000195503235,0.24932295083999634,,,,,0.22975871767654502,0.0,2500.0,0.0,500.0,0.0,ok,plugin,False,,2459.7809711107875,2471.164719457861,1.3422972489977123,0.9809769135053362,1.1580601273715891,,0.0,0.22975871767654502,0.770241282323455,0.770241282323455,False,,,,,,cifar100,82,CDANN,logits,100,0.7872999906539917,0.7872999906539917,0.7635000348091125,0.7720000147819519,splits_cifar100_CDANN_82_0_f475b82dfdbf.npz,f475b82dfdbf,False,True,,,,,,
iw_overlap_critic,5.0,0,10000,2000,2500,500,0.7652,0.0,1.0,5.66292667388916,0.5,0.5,0.5170000195503235,0.24932295083999634,,,,,0.22975871767654502,0.0,2500.0,0.0,500.0,0.0,ok,plugin,False,,2459.7809711107875,2471.164719457861,1.3422972489977123,0.9809769135053362,1.1580601273715891,,0.0,0.22975871767654502,0.770241282323455,0.770241282323455,False,,,,,,cifar100,82,CDANN,logits,100,0.7872999906539917,0.7872999906539917,0.7635000348091125,0.7720000147819519,splits_cifar100_CDANN_82_0_f475b82dfdbf.npz,f475b82dfdbf,False,True,,,,,,
iw_residual_dis2,5.0,0,10000,2000,2500,500,0.7652,0.0,1.0,5.66292667388916,0.5,0.5,0.5170000195503235,0.24932295083999634,,,,,0.22975871767654502,0.0,2500.0,0.0,500.0,0.0,ok,plugin,False,,2459.7809711107875,2471.164719457861,1.3422972489977123,0.9809769135053362,1.1580601273715891,,0.0,0.22975871767654502,0.770241282323455,0.770241282323455,False,,,,,,cifar100,82,CDANN,logits,100,0.7872999906539917,0.7872999906539917,0.7635000348091125,0.7720000147819519,splits_cifar100_CDANN_82_0_f475b82dfdbf.npz,f475b82dfdbf,False,True,,,,,,
dis2_reference,,0,10000,2000,2500,500,0.7652000039815903,,,,,,,,,,,,,,,,,,ok,dis2_with_correction,True,0.09104562776310877,,,,,,,,0.21559999601840973,0.7844000039815903,0.6933543762184815,,16.0,23.0,0.0679999589920044,0.7753333449363708,0.8433333039283752,cifar100,82,CDANN,logits,100,0.7872999906539917,0.7872999906539917,0.7635000348091125,0.7720000147819519,splits_cifar100_CDANN_82_0_f475b82dfdbf.npz,f475b82dfdbf,True,True,,,,0.01,0.3066456237815185,-0.019199999999999995
iw_overlap_critic,1.0,0,10000,2000,2500,500,0.7912,0.0,1.0,1.4728095531463623,0.5,0.5,0.6334999799728394,0.22190281748771667,1863.0,340.0,971.0,155.0,0.085703686086374,0.548,1684.0,816.0,226.0,274.0,ok,plugin,False,,952.6956504916286,1440.9366236976393,0.9989815039337916,0.5607327642356161,0.9413972921066656,0.8248175182481752,0.452,0.537703686086374,0.462296313913626,0.462296313913626,False,26.0,28.0,0.2195010781288147,0.6385634541511536,0.8580645322799683,cifar100,4,FixMatch,logits,100,0.807699978351593,0.807699978351593,0.7710000276565552,0.7980000376701355,splits_cifar100_FixMatch_4_0_f475b82dfdbf.npz,f475b82dfdbf,True,True,,,,,,
iw_residual_dis2,1.0,0,10000,2000,2500,500,0.7912,0.0,1.0,1.4728095531463623,0.5,0.5,0.6334999799728394,0.22190281748771667,1137.0,340.0,529.0,155.0,0.085703686086374,0.548,1684.0,816.0,226.0,274.0,ok,plugin,False,,952.6956504916286,1440.9366236976393,0.9989815039337916,0.5607327642356161,0.9413972921066656,0.6861313868613139,0.1409509803921569,0.2266546664785309,0.7733453335214691,0.7733453335214691,False,23.0,12.0,0.13344717025756836,0.5633270144462585,0.6967741847038269,cifar100,4,FixMatch,logits,100,0.807699978351593,0.807699978351593,0.7710000276565552,0.7980000376701355,splits_cifar100_FixMatch_4_0_f475b82dfdbf.npz,f475b82dfdbf,False,True,0.18627450980392157,0.6151960784313726,0.07093530842994134,,,
iw_overlap_critic,2.0,0,10000,2000,2500,500,0.7912,0.0,1.0,1.4728095531463623,0.5,0.5,0.6334999799728394,0.22190281748771667,2753.0,106.0,1363.0,44.0,0.1541027825184425,0.206,2328.0,172.0,397.0,103.0,ok,plugin,False,,1844.3610687019968,1777.1054562143486,1.9985326039317937,0.7033944875716057,1.6974637192512074,0.7669902912621359,0.158,0.3121027825184425,0.6878972174815575,0.6878972174815575,False,32.0,9.0,0.2769460678100586,0.5185084939002991,0.7954545617103577,cifar100,4,FixMatch,logits,100,0.807699978351593,0.807699978351593,0.7710000276565552,0.7980000376701355,splits_cifar100_FixMatch_4_0_f475b82dfdbf.npz,f475b82dfdbf,True,True,,,,,,
iw_residual_dis2,2.0,0,10000,2000,2500,500,0.7912,0.0,1.0,1.4728095531463623,0.5,0.5,0.6334999799728394,0.22190281748771667,247.0,106.0,137.0,44.0,0.1541027825184425,0.206,2328.0,172.0,397.0,103.0,ok,plugin,False,,1844.3610687019968,1777.1054562143486,1.9985326039317937,0.7033944875716057,1.6974637192512074,0.7766990291262136,0.0785581395348837,0.23266092205332622,0.7673390779466738,0.7673390779466738,False,12.0,18.0,0.2861645221710205,0.55474454164505,0.8409090638160706,cifar100,4,FixMatch,logits,100,0.807699978351593,0.807699978351593,0.7710000276565552,0.7980000376701355,splits_cifar100_FixMatch_4_0_f475b82dfdbf.npz,f475b82dfdbf,True,True,0.1511627906976744,0.5465116279069767,0.23018740121923686,,,
iw_overlap_critic,5.0,0,10000,2000,2500,500,0.7912,0.0,1.0,1.4728095531463623,0.5,0.5,0.6334999799728394,0.22190281748771667,2995.0,6.0,1495.0,4.0,0.18150083977545023,0.012,2497.0,3.0,494.0,6.0,ok,plugin,False,,2310.4380375524997,1627.7851726005056,4.999039767504813,0.7481286953348553,2.2561156992602265,0.6666666666666666,0.008,0.18950083977545024,0.8104991602245497,0.8104991602245497,False,40.0,9.0,0.6905290484428406,0.3094709515571594,1.0,cifar100,4,FixMatch,logits,100,0.807699978351593,0.807699978351593,0.7710000276565552,0.7980000376701355,splits_cifar100_FixMatch_4_0_f475b82dfdbf.npz,f475b82dfdbf,False,False,,,,,,
iw_residual_dis2,5.0,0,10000,2000,2500,500,0.7912,0.0,1.0,1.4728095531463623,0.5,0.5,0.6334999799728394,0.22190281748771667,5.0,6.0,5.0,4.0,0.18150083977545023,0.012,2497.0,3.0,494.0,6.0,ok,plugin,False,,2310.4380375524997,1627.7851726005056,4.999039767504813,0.7481286953348553,2.2561156992602265,0.8333333333333334,0.006,0.18750083977545023,0.8124991602245497,0.8124991602245497,False,12.0,3.0,0.800000011920929,0.20000000298023224,1.0,cifar100,4,FixMatch,logits,100,0.807699978351593,0.807699978351593,0.7710000276565552,0.7980000376701355,splits_cifar100_FixMatch_4_0_f475b82dfdbf.npz,f475b82dfdbf,False,False,0.0,0.3333333333333333,0.5,,,
dis2_reference,,0,10000,2000,2500,500,0.7912000119686127,,,,,,,,,,,,,,,,,,ok,dis2_with_correction,True,0.09104562776310877,,,,,,,,0.20359998803138724,0.7964000119686128,0.705354384205504,,28.0,12.0,0.04533332586288452,0.6813333630561829,0.7266666889190674,cifar100,4,FixMatch,logits,100,0.807699978351593,0.807699978351593,0.7710000276565552,0.7980000376701355,splits_cifar100_FixMatch_4_0_f475b82dfdbf.npz,f475b82dfdbf,True,True,,,,0.01,0.294645615794496,-0.0052000000000000934
iw_overlap_critic,1.0,0,10000,2000,2500,500,0.782,0.0,1.0,1.3901084661483765,0.5,0.5,0.6725000143051147,0.2143416851758957,2019.0,373.0,1003.0,187.0,0.08571039452975078,0.6,1724.0,776.0,200.0,300.0,ok,plugin,False,,873.0711158076855,1385.0156461808178,0.9999259529649026,0.4849487029693864,0.9423117698537496,0.7766666666666666,0.46599999999999997,0.5517103945297508,0.4482896054702492,0.4482896054702492,False,49.0,3.0,0.18738985061645508,0.5719684362411499,0.759358286857605,cifar100,12,FixMatch,logits,100,0.8023999929428101,0.8023999929428101,0.7780000567436218,0.7980000376701355,splits_cifar100_FixMatch_12_0_f475b82dfdbf.npz,f475b82dfdbf,True,True,,,,,,
iw_residual_dis2,1.0,0,10000,2000,2500,500,0.782,0.0,1.0,1.3901084661483765,0.5,0.5,0.6725000143051147,0.2143416851758957,981.0,373.0,497.0,187.0,0.08571039452975078,0.6,1724.0,776.0,200.0,300.0,ok,plugin,False,,873.0711158076855,1385.0156461808178,0.9999259529649026,0.4849487029693864,0.9423117698537496,0.6866666666666666,0.184680412371134,0.2703908069008848,0.7296091930991152,0.7296091930991152,False,45.0,18.0,0.214086651802063,0.545271635055542,0.759358286857605,cifar100,12,FixMatch,logits,100,0.8023999929428101,0.8023999929428101,0.7780000567436218,0.7980000376701355,splits_cifar100_FixMatch_12_0_f475b82dfdbf.npz,f475b82dfdbf,True,True,0.18041237113402062,0.5592783505154639,0.12738831615120272,,,
iw_overlap_critic,2.0,0,10000,2000,2500,500,0.782,0.0,1.0,1.3901084661483765,0.5,0.5,0.6725000143051147,0.2143416851758957,2720.0,164.0,1358.0,89.0,0.14981658179398513,0.298,2278.0,222.0,351.0,149.0,ok,plugin,False,,1633.4302015524133,1633.3908594962343,1.9995699386350083,0.6138802942456405,1.605954933049248,0.6845637583892618,0.204,0.3538165817939851,0.6461834182060149,0.6461834182060149,False,38.0,22.0,0.21126914024353027,0.5190679430961609,0.7303370833396912,cifar100,12,FixMatch,logits,100,0.8023999929428101,0.8023999929428101,0.7780000567436218,0.7980000376701355,splits_cifar100_FixMatch_12_0_f475b82dfdbf.npz,f475b82dfdbf,True,True,,,,,,
iw_residual_dis2,2.0,0,10000,2000,2500,500,0.782,0.0,1.0,1.3901084661483765,0.5,0.5,0.6725000143051147,0.2143416851758957,280.0,164.0,142.0,89.0,0.14981658179398513,0.298,2278.0,222.0,351.0,149.0,ok,plugin,False,,1633.4302015524133,1633.3908594962343,1.9995699386350083,0.6138802942456405,1.605954933049248,0.7919463087248322,0.08699999999999998,0.23681658179398513,0.7631834182060149,0.7631834182060149,False,18.0,7.0,0.31872129440307617,0.5352112650871277,0.8539325594902039,cifar100,12,FixMatch,logits,100,0.8023999929428101,0.8023999929428101,0.7780000567436218,0.7980000376701355,splits_cifar100_FixMatch_12_0_f475b82dfdbf.npz,f475b82dfdbf,True,True,0.12162162162162163,0.6216216216216216,0.17032468710321058,,,
iw_overlap_critic,5.0,0,10000,2000,2500,500,0.782,0.0,1.0,1.3901084661483765,0.5,0.5,0.6725000143051147,0.2143416851758957,2975.0,20.0,1486.0,14.0,0.17665878857124237,0.038,2480.0,20.0,481.0,19.0,ok,plugin,False,,2175.5234554185545,1497.2402751765983,4.5706672832705015,0.6696526179936628,2.3550633819931344,0.7894736842105263,0.03,0.20665878857124237,0.7933412114287577,0.7933412114287577,False,40.0,14.0,0.48955726623535156,0.36758559942245483,0.8571428656578064,cifar100,12,FixMatch,logits,100,0.8023999929428101,0.8023999929428101,0.7780000567436218,0.7980000376701355,splits_cifar100_FixMatch_12_0_f475b82dfdbf.npz,f475b82dfdbf,False,True,,,,,,
iw_residual_dis2,5.0,0,10000,2000,2500,500,0.782,0.0,1.0,1.3901084661483765,0.5,0.5,0.6725000143051147,0.2143416851758957,25.0,20.0,14.0,14.0,0.17665878857124237,0.038,2480.0,20.0,481.0,19.0,ok,plugin,False,,2175.5234554185545,1497.2402751765983,4.5706672832705015,0.6696526179936628,2.3550633819931344,0.7894736842105263,-0.00039999999999999704,0.1762587885712424,0.8237412114287577,0.8237412114287577,False,7.0,29.0,0.4285714030265808,0.5714285969734192,1.0,cifar100,12,FixMatch,logits,100,0.8023999929428101,0.8023999929428101,0.7780000567436218,0.7980000376701355,splits_cifar100_FixMatch_12_0_f475b82dfdbf.npz,f475b82dfdbf,False,False,0.05,0.85,-0.06052631578947365,,,
dis2_reference,,0,10000,2000,2500,500,0.7820000052452087,,,,,,,,,,,,,,,,,,ok,dis2_with_correction,True,0.09104562776310877,,,,,,,,0.22679999475479118,0.7732000052452088,0.6821543774821001,,25.0,28.0,0.05733335018157959,0.6926666498184204,0.75,cifar100,12,FixMatch,logits,100,0.8023999929428101,0.8023999929428101,0.7780000567436218,0.7980000376701355,splits_cifar100_FixMatch_12_0_f475b82dfdbf.npz,f475b82dfdbf,True,True,,,,0.01,0.31784562251789994,0.008799999999999919
iw_overlap_critic,1.0,0,10000,2000,2500,500,0.7876,0.0,1.0,1.9643065929412842,0.5,0.5,0.5809999704360962,0.2384340763092041,1752.0,308.0,929.0,145.0,0.09963726959045878,0.492,1578.0,922.0,254.0,246.0,ok,plugin,False,,1101.4485834518468,1468.4711827874305,0.9992186399944233,0.7182166330567132,0.9679883004510947,0.8252032520325203,0.40599999999999997,0.5056372695904587,0.49436273040954126,0.49436273040954126,False,17.0,5.0,0.2179691195487976,0.6923757195472717,0.9103448390960693,cifar100,59,FixMatch,logits,100,0.8064999580383301,0.8064999580383301,0.7945000529289246,0.8200000524520874,splits_cifar100_FixMatch_59_0_f475b82dfdbf.npz,f475b82dfdbf,True,True,,,,,,
iw_residual_dis2,1.0,0,10000,2000,2500,500,0.7876,0.0,1.0,1.9643065929412842,0.5,0.5,0.5809999704360962,0.2384340763092041,1248.0,308.0,571.0,145.0,0.09963726959045878,0.492,1578.0,922.0,254.0,246.0,ok,plugin,False,,1101.4485834518468,1468.4711827874305,0.9992186399944233,0.7182166330567132,0.9679883004510947,0.7154471544715447,0.11240347071583513,0.2120407403062939,0.7879592596937061,0.7879592596937061,False,18.0,14.0,0.1274956464767456,0.6725043654441833,0.800000011920929,cifar100,59,FixMatch,logits,100,0.8064999580383301,0.8064999580383301,0.7945000529289246,0.8200000524520874,splits_cifar100_FixMatch_59_0_f475b82dfdbf.npz,f475b82dfdbf,True,True,0.19522776572668113,0.6822125813449024,0.03323457312664235,,,
iw_overlap_critic,2.0,0,10000,2000,2500,500,0.7876,0.0,1.0,1.9643065929412842,0.5,0.5,0.5809999704360962,0.2384340763092041,2930.0,18.0,1466.0,11.0,0.18853709627482504,0.044,2445.0,55.0,478.0,22.0,ok,plugin,False,,2228.3529373209963,2120.8359982347706,1.9959224002812304,0.8693945725912433,1.5972061857455746,0.8181818181818182,0.036,0.22453709627482504,0.775462903725175,0.775462903725175,False,16.0,26.0,0.275068998336792,0.5431128144264221,0.8181818127632141,cifar100,59,FixMatch,logits,100,0.8064999580383301,0.8064999580383301,0.7945000529289246,0.8200000524520874,splits_cifar100_FixMatch_59_0_f475b82dfdbf.npz,f475b82dfdbf,True,True,,,,,,
iw_residual_dis2,2.0,0,10000,2000,2500,500,0.7876,0.0,1.0,1.9643065929412842,0.5,0.5,0.5809999704360962,0.2384340763092041,70.0,18.0,34.0,11.0,0.18853709627482504,0.044,2445.0,55.0,478.0,22.0,ok,plugin,False,,2228.3529373209963,2120.8359982347706,1.9959224002812304,0.8693945725912433,1.5972061857455746,0.8181818181818182,0.014400000000000005,0.20293709627482504,0.797062903725175,0.797062903725175,False,41.0,18.0,0.4358288645744324,0.38235294818878174,0.8181818127632141,cifar100,59,FixMatch,logits,100,0.8064999580383301,0.8064999580383301,0.7945000529289246,0.8200000524520874,splits_cifar100_FixMatch_59_0_f475b82dfdbf.npz,f475b82dfdbf,False,True,0.10909090909090909,0.6,0.21818181818181825,,,
iw_overlap_critic,5.0,0,10000,2000,2500,500,0.7876,0.0,1.0,1.9643065929412842,0.5,0.5,0.5809999704360962,0.2384340763092041,,,,,0.19404281247582242,0.0,2500.0,0.0,500.0,0.0,ok,plugin,False,,2352.9210311356337,2108.03184391241,2.9931470849878417,0.8757609105212142,1.7251004366524088,,0.0,0.19404281247582242,0.8059571875241776,0.8059571875241776,False,,,,,,cifar100,59,FixMatch,logits,100,0.8064999580383301,0.8064999580383301,0.7945000529289246,0.8200000524520874,splits_cifar100_FixMatch_59_0_f475b82dfdbf.npz,f475b82dfdbf,False,True,,,,,,
iw_residual_dis2,5.0,0,10000,2000,2500,500,0.7876,0.0,1.0,1.9643065929412842,0.5,0.5,0.5809999704360962,0.2384340763092041,,,,,0.19404281247582242,0.0,2500.0,0.0,500.0,0.0,ok,plugin,False,,2352.9210311356337,2108.03184391241,2.9931470849878417,0.8757609105212142,1.7251004366524088,,0.0,0.19404281247582242,0.8059571875241776,0.8059571875241776,False,,,,,,cifar100,59,FixMatch,logits,100,0.8064999580383301,0.8064999580383301,0.7945000529289246,0.8200000524520874,splits_cifar100_FixMatch_59_0_f475b82dfdbf.npz,f475b82dfdbf,False,True,,,,,,
dis2_reference,,0,10000,2000,2500,500,0.7876000106334686,,,,,,,,,,,,,,,,,,ok,dis2_with_correction,True,0.09104562776310877,,,,,,,,0.2119999893665313,0.7880000106334687,0.6969543828703599,,6.0,3.0,0.04533332586288452,0.8980000019073486,0.9433333277702332,cifar100,59,FixMatch,logits,100,0.8064999580383301,0.8064999580383301,0.7945000529289246,0.8200000524520874,splits_cifar100_FixMatch_59_0_f475b82dfdbf.npz,f475b82dfdbf,True,True,,,,0.01,0.30304561712964007,-0.00039999999999995595
iw_overlap_critic,1.0,0,10000,2000,2500,500,0.7952,0.0,1.0,2.668916940689087,0.5,0.5,0.5705000162124634,0.24434345960617065,1747.0,321.0,913.0,160.0,0.1023852795178597,0.484,1526.0,974.0,258.0,242.0,ok,plugin,False,,1174.9218657916053,1471.0379151107015,0.9999095335301769,0.7861767147731127,0.9792915368328451,0.7851239669421488,0.38,0.4823852795178597,0.5176147204821403,0.5176147204821403,False,44.0,8.0,0.3239070177078247,0.5198429822921753,0.84375,cifar100,82,FixMatch,logits,100,0.8050000071525574,0.8050000071525574,0.800000011920929,0.8180000185966492,splits_cifar100_FixMatch_82_0_f475b82dfdbf.npz,f475b82dfdbf,True,True,,,,,,
iw_residual_dis2,1.0,0,10000,2000,2500,500,0.7952,0.0,1.0,2.668916940689087,0.5,0.5,0.5705000162124634,0.24434345960617065,1253.0,321.0,587.0,160.0,0.1023852795178597,0.484,1526.0,974.0,258.0,242.0,ok,plugin,False,,1174.9218657916053,1471.0379151107015,0.9999095335301769,0.7861767147731127,0.9792915368328451,0.731404958677686,0.13088295687885013,0.23326823639670982,0.7667317636032902,0.7667317636032902,False,20.0,28.0,0.10320484638214111,0.640545129776001,0.7437499761581421,cifar100,82,FixMatch,logits,100,0.8050000071525574,0.8050000071525574,0.800000011920929,0.8180000185966492,splits_cifar100_FixMatch_82_0_f475b82dfdbf.npz,f475b82dfdbf,True,True,0.188911704312115,0.6498973305954825,0.08150762808220346,,,
iw_overlap_critic,2.0,0,10000,2000,2500,500,0.7952,0.0,1.0,2.668916940689087,0.5,0.5,0.5705000162124634,0.24434345960617065,2982.0,4.0,1494.0,4.0,0.19407844088910542,0.006,2492.0,8.0,497.0,3.0,ok,plugin,False,,2379.3991607716525,2281.9059989907314,1.9614232100801496,0.9182797625253263,1.5007074943210497,0.6666666666666666,0.004,0.19807844088910542,0.8019215591108946,0.8019215591108946,False,18.0,1.0,0.5014803409576416,0.498519629240036,1.0,cifar100,82,FixMatch,logits,100,0.8050000071525574,0.8050000071525574,0.800000011920929,0.8180000185966492,splits_cifar100_FixMatch_82_0_f475b82dfdbf.npz,f475b82dfdbf,False,True,,,,,,
iw_residual_dis2,2.0,0,10000,2000,2500,500,0.7952,0.0,1.0,2.668916940689087,0.5,0.5,0.5705000162124634,0.24434345960617065,18.0,4.0,6.0,4.0,0.19407844088910542,0.006,2492.0,8.0,497.0,3.0,ok,plugin,False,,2379.3991607716525,2281.9059989907314,1.9614232100801496,0.9182797625253263,1.5007074943210497,0.3333333333333333,-0.0010000000000000002,0.19307844088910542,0.8069215591108946,0.8069215591108946,False,5.0,24.0,0.8333333134651184,0.1666666716337204,1.0,cifar100,82,FixMatch,logits,100,0.8050000071525574,0.8050000071525574,0.800000011920929,0.8180000185966492,splits_cifar100_FixMatch_82_0_f475b82dfdbf.npz,f475b82dfdbf,False,True,0.0,0.5,-0.16666666666666669,,,
iw_overlap_critic,5.0,0,10000,2000,2500,500,0.7952,0.0,1.0,2.668916940689087,0.5,0.5,0.5705000162124634,0.24434345960617065,,,,,0.19407844088910542,0.0,2500.0,0.0,500.0,0.0,ok,plugin,False,,2397.198495355809,2279.7101569795404,2.402886851083897,0.919893812937794,1.515835707816274,,0.0,0.19407844088910542,0.8059215591108946,0.8059215591108946,False,,,,,,cifar100,82,FixMatch,logits,100,0.8050000071525574,0.8050000071525574,0.800000011920929,0.8180000185966492,splits_cifar100_FixMatch_82_0_f475b82dfdbf.npz,f475b82dfdbf,False,True,,,,,,
iw_residual_dis2,5.0,0,10000,2000,2500,500,0.7952,0.0,1.0,2.668916940689087,0.5,0.5,0.5705000162124634,0.24434345960617065,,,,,0.19407844088910542,0.0,2500.0,0.0,500.0,0.0,ok,plugin,False,,2397.198495355809,2279.7101569795404,2.402886851083897,0.919893812937794,1.515835707816274,,0.0,0.19407844088910542,0.8059215591108946,0.8059215591108946,False,,,,,,cifar100,82,FixMatch,logits,100,0.8050000071525574,0.8050000071525574,0.800000011920929,0.8180000185966492,splits_cifar100_FixMatch_82_0_f475b82dfdbf.npz,f475b82dfdbf,False,True,,,,,,
dis2_reference,,0,10000,2000,2500,500,0.7952000051736832,,,,,,,,,,,,,,,,,,ok,dis2_with_correction,True,0.09104562776310877,,,,,,,,0.1807999948263167,0.8192000051736833,0.7281543774105745,,9.0,12.0,0.0453333854675293,0.8679999709129333,0.9133333563804626,cifar100,82,FixMatch,logits,100,0.8050000071525574,0.8050000071525574,0.800000011920929,0.8180000185966492,splits_cifar100_FixMatch_82_0_f475b82dfdbf.npz,f475b82dfdbf,True,True,,,,0.01,0.27184562258942546,-0.02400000000000002
iw_overlap_critic,1.0,0,28152,9910,7040,2478,0.7926136363636364,0.0,1.0,1.0278353691101074,0.5,0.5,0.8695913553237915,0.10096126794815063,7387.0,2548.0,3693.0,1280.0,0.03363595320956774,0.8640032284100081,6100.0,940.0,337.0,2141.0,ok,plugin,False,,1178.534017462027,2839.9097143352055,0.9998298704671237,0.11188884056373766,0.6827125201316422,0.9416160672582905,0.8135593220338984,0.847195275243466,0.15280472475653395,0.15280472475653395,False,45.0,4.0,0.5675531625747681,0.363696813583374,0.9312499761581421,domainnet,1,ERM-aug-imagenet,logits,345,0.7945438623428345,0.7945438623428345,0.4294652044773102,0.438660204410553,splits_domainnet_ERM-aug-imagenet_1_0_f475b82dfdbf.npz,f475b82dfdbf,True,True,,,,,,
iw_residual_dis2,1.0,0,28152,9910,7040,2478,0.7926136363636364,0.0,1.0,1.0278353691101074,0.5,0.5,0.8695913553237915,0.10096126794815063,1058.0,2548.0,529.0,1280.0,0.03363595320956774,0.8640032284100081,6100.0,940.0,337.0,2141.0,ok,plugin,False,,1178.534017462027,2839.9097143352055,0.9998298704671237,0.11188884056373766,0.6827125201316422,0.9047174217655302,0.43883493895214054,0.4724708921617083,0.5275291078382918,0.5275291078382918,False,13.0,0.0,0.2898186445236206,0.5992438793182373,0.8890625238418579,domainnet,1,ERM-aug-imagenet,logits,345,0.7945438623428345,0.7945438623428345,0.4294652044773102,0.438660204410553,splits_domainnet_ERM-aug-imagenet_1_0_f475b82dfdbf.npz,f475b82dfdbf,False,False,0.25957446808510637,0.6563829787234042,0.24833444304212593,,,
iw_overlap_critic,2.0,0,28152,9910,7040,2478,0.7926136363636364,0.0,1.0,1.0278353691101074,0.5,0.5,0.8695913553237915,0.10096126794815063,7822.0,2301.0,3903.0,1145.0,0.05033806183944091,0.7719935431799838,6446.0,594.0,565.0,1913.0,ok,plugin,False,,1657.6325314126498,2331.2521870796245,1.9940951336513422,0.12297907191582691,1.037643979976489,0.9294302143230528,0.7175141242937852,0.7678521861332261,0.23214781386677386,0.23214781386677386,False,49.0,23.0,0.5395302772521973,0.39322081208229065,0.9327511191368103,domainnet,1,ERM-aug-imagenet,logits,345,0.7945438623428345,0.7945438623428345,0.4294652044773102,0.438660204410553,splits_domainnet_ERM-aug-imagenet_1_0_f475b82dfdbf.npz,f475b82dfdbf,True,True,,,,,,
iw_residual_dis2,2.0,0,28152,9910,7040,2478,0.7926136363636364,0.0,1.0,1.0278353691101074,0.5,0.5,0.8695913553237915,0.10096126794815063,623.0,2301.0,319.0,1145.0,0.05033806183944091,0.7719935431799838,6446.0,594.0,565.0,1913.0,ok,plugin,False,,1657.6325314126498,2331.2521870796245,1.9940951336513422,0.12297907191582691,1.037643979976489,0.9048614741244119,0.40352611397809124,0.45386417581753213,0.5461358241824679,0.5461358241824679,False,10.0,1.0,0.2474791407585144,0.6363636255264282,0.8838427662849426,domainnet,1,ERM-aug-imagenet,logits,345,0.7945438623428345,0.7945438623428345,0.4294652044773102,0.438660204410553,splits_domainnet_ERM-aug-imagenet_1_0_f475b82dfdbf.npz,f475b82dfdbf,False,False,0.27104377104377103,0.6531986531986532,0.25166282092575865,,,
iw_overlap_critic,5.0,0,28152,9910,7040,2478,0.7926136363636364,0.0,1.0,1.0278353691101074,0.5,0.5,0.8695913553237915,0.10096126794815063,8142.0,1862.0,4046.0,921.0,0.08113830703712879,0.6202582728006457,6735.0,305.0,941.0,1537.0,ok,plugin,False,,2552.275992415434,1567.3930356880887,4.992868494673039,0.13321127606009606,1.7570457330142388,0.9310344827586207,0.5774818401937046,0.6586201472308334,0.3413798527691666,0.3413798527691666,False,46.0,27.0,0.5301773548126221,0.4003330171108246,0.9305103421211243,domainnet,1,ERM-aug-imagenet,logits,345,0.7945438623428345,0.7945438623428345,0.4294652044773102,0.438660204410553,splits_domainnet_ERM-aug-imagenet_1_0_f475b82dfdbf.npz,f475b82dfdbf,True,True,,,,,,
iw_residual_dis2,5.0,0,28152,9910,7040,2478,0.7926136363636364,0.0,1.0,1.0278353691101074,0.5,0.5,0.8695913553237915,0.10096126794815063,303.0,1862.0,176.0,921.0,0.08113830703712879,0.6202582728006457,6735.0,305.0,941.0,1537.0,ok,plugin,False,,2552.275992415434,1567.3930356880887,4.992868494673039,0.13321127606009606,1.7570457330142388,0.9310344827586207,0.28057132272192015,0.36170962975904897,0.638290370240951,0.638290370240951,False,11.0,26.0,0.2045762538909912,0.7215909361839294,0.9261671900749207,domainnet,1,ERM-aug-imagenet,logits,345,0.7945438623428345,0.7945438623428345,0.4294652044773102,0.438660204410553,splits_domainnet_ERM-aug-imagenet_1_0_f475b82dfdbf.npz,f475b82dfdbf,False,False,0.29180327868852457,0.7704918032786885,0.16054267947993217,,,
dis2_reference,,0,28152,9910,7040,2478,0.7926136404275894,,,,,,,,,,,,,,,,,,ok,dis2_with_correction,True,0.04730219952061266,,,,,,,,0.7059785160035501,0.2940214839964499,0.24671928447583724,,45.0,13.0,0.5028795003890991,0.3820464313030243,0.8849259614944458,domainnet,1,ERM-aug-imagenet,logits,345,0.7945438623428345,0.7945438623428345,0.4294652044773102,0.438660204410553,splits_domainnet_ERM-aug-imagenet_1_0_f475b82dfdbf.npz,f475b82dfdbf,True,True,,,,0.01,0.7532807155241628,0.49859215643113947
iw_overlap_critic,1.0,0,28152,14207,7040,3553,0.7926136363636364,0.0,1.0,0.878727376461029,0.5,0.5,0.8971505165100098,0.07735824584960938,7585.0,3690.0,3759.0,1837.0,0.024101637622290152,0.8710948494230228,6246.0,794.0,458.0,3095.0,ok,plugin,False,,821.5573722389269,1997.9722922221283,0.9996002860849297,0.04908816154154806,0.5897725676300596,0.9667205169628433,0.8421052631578948,0.8662069007801849,0.13379309921981508,0.13379309921981508,False,46.0,6.0,0.547801673412323,0.41899198293685913,0.9667936563491821,domainnet,2,ERM-aug-imagenet,logits,345,0.7945438623428345,0.7945438623428345,0.34877175092697144,0.34449759125709534,splits_domainnet_ERM-aug-imagenet_2_0_f475b82dfdbf.npz,f475b82dfdbf,True,True,,,,,,
iw_residual_dis2,1.0,0,28152,14207,7040,3553,0.7926136363636364,0.0,1.0,0.878727376461029,0.5,0.5,0.8971505165100098,0.07735824584960938,860.0,3690.0,463.0,1837.0,0.024101637622290152,0.8710948494230228,6246.0,794.0,458.0,3095.0,ok,plugin,False,,821.5573722389269,1997.9722922221283,0.9996002860849297,0.04908816154154806,0.5897725676300596,0.9263327948303716,0.4788917869101288,0.5029934245324189,0.4970065754675811,0.4970065754675811,False,11.0,7.0,0.4010753035545349,0.5183585286140442,0.9194338321685791,domainnet,2,ERM-aug-imagenet,logits,345,0.7945438623428345,0.7945438623428345,0.34877175092697144,0.34449759125709534,splits_domainnet_ERM-aug-imagenet_2_0_f475b82dfdbf.npz,f475b82dfdbf,False,False,0.2367758186397985,0.6133501259445844,0.3129826688857872,,,
iw_overlap_critic,2.0,0,28152,14207,7040,3553,0.7926136363636364,0.0,1.0,0.878727376461029,0.5,0.5,0.8971505165100098,0.07735824584960938,7927.0,3423.0,3933.0,1704.0,0.036940804603474466,0.8119898677174219,6531.0,509.0,668.0,2885.0,ok,plugin,False,,1222.167907296326,1618.5737712892767,1.9921621113085712,0.05452896228255001,0.9197614393331832,0.965684575389948,0.7841260906276386,0.8210668952311131,0.1789331047688869,0.1789331047688869,False,45.0,7.0,0.5131090879440308,0.45520082116127014,0.9683098793029785,domainnet,2,ERM-aug-imagenet,logits,345,0.7945438623428345,0.7945438623428345,0.34877175092697144,0.34449759125709534,splits_domainnet_ERM-aug-imagenet_2_0_f475b82dfdbf.npz,f475b82dfdbf,True,True,,,,,,
iw_residual_dis2,2.0,0,28152,14207,7040,3553,0.7926136363636364,0.0,1.0,0.878727376461029,0.5,0.5,0.8971505165100098,0.07735824584960938,518.0,3423.0,289.0,1704.0,0.036940804603474466,0.8119898677174219,6531.0,509.0,668.0,2885.0,ok,plugin,False,,1222.167907296326,1618.5737712892767,1.9921621113085712,0.05452896228255001,0.9197614393331832,0.9310225303292894,0.438523133000862,0.4754639376043365,0.5245360623956635,0.5245360623956635,False,12.0,22.0,0.332783043384552,0.6020761132240295,0.9348591566085815,domainnet,2,ERM-aug-imagenet,logits,345,0.7945438623428345,0.7945438623428345,0.34877175092697144,0.34449759125709534,splits_domainnet_ERM-aug-imagenet_2_0_f475b82dfdbf.npz,f475b82dfdbf,False,False,0.23968565815324164,0.630648330058939,0.30037420027035033,,,
iw_overlap_critic,5.0,0,28152,14207,7040,3553,0.7926136363636364,0.0,1.0,0.878727376461029,0.5,0.5,0.8971505165100098,0.07735824584960938,8161.0,3042.0,4089.0,1483.0,0.062221706459165145,0.7078525189980298,6778.0,262.0,1038.0,2515.0,ok,plugin,False,,1986.0621588673082,1138.9064563252405,4.997122855778767,0.05973747492275723,1.5276409577147658,0.9654075546719681,0.6833661694342809,0.745587875893446,0.254412124106554,0.254412124106554,False,43.0,5.0,0.48701798915863037,0.47926658391952515,0.9662845730781555,domainnet,2,ERM-aug-imagenet,logits,345,0.7945438623428345,0.7945438623428345,0.34877175092697144,0.34449759125709534,splits_domainnet_ERM-aug-imagenet_2_0_f475b82dfdbf.npz,f475b82dfdbf,True,True,,,,,,
iw_residual_dis2,5.0,0,28152,14207,7040,3553,0.7926136363636364,0.0,1.0,0.878727376461029,0.5,0.5,0.8971505165100098,0.07735824584960938,284.0,3042.0,133.0,1483.0,0.062221706459165145,0.7078525189980298,6778.0,262.0,1038.0,2515.0,ok,plugin,False,,1986.0621588673082,1138.9064563252405,4.997122855778767,0.05973747492275723,1.5276409577147658,0.9415506958250497,0.3530786798813173,0.41530038634048244,0.5846996136595175,0.5846996136595175,False,13.0,29.0,0.21693474054336548,0.7142857313156128,0.9312204718589783,domainnet,2,ERM-aug-imagenet,logits,345,0.7945438623428345,0.7945438623428345,0.34877175092697144,0.34449759125709534,splits_domainnet_ERM-aug-imagenet_2_0_f475b82dfdbf.npz,f475b82dfdbf,False,False,0.24427480916030533,0.6870229007633588,0.2545277950616909,,,
dis2_reference,,0,28152,14207,7040,3553,0.7926136404275894,,,,,,,,,,,,,,,,,,ok,dis2_with_correction,True,0.044230700207343654,,,,,,,,0.7582535844527933,0.24174641554720666,0.197515715339863,,48.0,20.0,0.5607923865318298,0.37257224321365356,0.9333646297454834,domainnet,2,ERM-aug-imagenet,logits,345,0.7945438623428345,0.7945438623428345,0.34877175092697144,0.34449759125709534,splits_domainnet_ERM-aug-imagenet_2_0_f475b82dfdbf.npz,f475b82dfdbf,True,True,,,,0.01,0.802484284660137,0.5508672248803828
iw_overlap_critic,1.0,0,28152,15295,7040,3825,0.7926136363636364,0.0,1.0,0.9791097640991211,0.5,0.5,0.7796646356582642,0.15140452980995178,6740.0,3465.0,3356.0,1752.0,0.0463296753626938,0.7681045751633987,5588.0,1452.0,887.0,2938.0,ok,plugin,False,,1647.9160830933633,3346.289517232427,0.9994343446555479,0.22186106638592662,0.8006188695455728,0.9339686861810755,0.7173856209150327,0.7637152962777265,0.2362847037222735,0.2362847037222735,False,49.0,29.0,0.5345503091812134,0.41978755593299866,0.9543378949165344,domainnet,3,ERM-aug-imagenet,logits,345,0.7945438623428345,0.7945438623428345,0.4411245584487915,0.42457515001296997,splits_domainnet_ERM-aug-imagenet_3_0_f475b82dfdbf.npz,f475b82dfdbf,True,True,,,,,,
iw_residual_dis2,1.0,0,28152,15295,7040,3825,0.7926136363636364,0.0,1.0,0.9791097640991211,0.5,0.5,0.7796646356582642,0.15140452980995178,1705.0,3465.0,866.0,1752.0,0.0463296753626938,0.7681045751633987,5588.0,1452.0,887.0,2938.0,ok,plugin,False,,1647.9160830933633,3346.289517232427,0.9994343446555479,0.22186106638592662,0.8006188695455728,0.8669162695711369,0.4056155134230001,0.4519451887856939,0.5480548112143061,0.5480548112143061,False,9.0,15.0,0.3056104779243469,0.5785219669342041,0.884132444858551,domainnet,3,ERM-aug-imagenet,logits,345,0.7945438623428345,0.7945438623428345,0.4411245584487915,0.42457515001296997,splits_domainnet_ERM-aug-imagenet_3_0_f475b82dfdbf.npz,f475b82dfdbf,False,False,0.2734159779614325,0.6122589531680441,0.25465731640309275,,,
iw_overlap_critic,2.0,0,28152,15295,7040,3825,0.7926136363636364,0.0,1.0,0.9791097640991211,0.5,0.5,0.7796646356582642,0.15140452980995178,7611.0,2773.0,3799.0,1408.0,0.08563834819869423,0.6130718954248366,6283.0,757.0,1480.0,2345.0,ok,plugin,False,,2626.356718530733,3072.0254528588825,1.9988356835412753,0.258266626262855,1.4119530838054364,0.9360341151385928,0.5738562091503269,0.6594945573490211,0.34050544265097893,0.34050544265097893,False,47.0,3.0,0.495320588350296,0.4357873499393463,0.9311079382896423,domainnet,3,ERM-aug-imagenet,logits,345,0.7945438623428345,0.7945438623428345,0.4411245584487915,0.42457515001296997,splits_domainnet_ERM-aug-imagenet_3_0_f475b82dfdbf.npz,f475b82dfdbf,True,True,,,,,,
iw_residual_dis2,2.0,0,28152,15295,7040,3825,0.7926136363636364,0.0,1.0,0.9791097640991211,0.5,0.5,0.7796646356582642,0.15140452980995178,834.0,2773.0,423.0,1408.0,0.08563834819869423,0.6130718954248366,6283.0,757.0,1480.0,2345.0,ok,plugin,False,,2626.356718530733,3072.0254528588825,1.9988356835412753,0.258266626262855,1.4119530838054364,0.9014925373134328,0.31214822873226794,0.3977865769309622,0.6022134230690378,0.6022134230690378,False,11.0,14.0,0.267738938331604,0.6548463106155396,0.9225852489471436,domainnet,3,ERM-aug-imagenet,logits,345,0.7945438623428345,0.7945438623428345,0.4411245584487915,0.42457515001296997,splits_domainnet_ERM-aug-imagenet_3_0_f475b82dfdbf.npz,f475b82dfdbf,False,False,0.2668428005284016,0.6591809775429326,0.24231155977050023,,,
iw_overlap_critic,5.0,0,28152,15295,7040,3825,0.7926136363636364,0.0,1.0,0.9791097640991211,0.5,0.5,0.7796646356582642,0.15140452980995178,8096.0,1811.0,4063.0,926.0,0.13681295148765937,0.40522875816993464,6746.0,294.0,2275.0,1550.0,ok,plugin,False,,4038.6472379373263,2377.8987309726513,4.988900059752736,0.28593139335791495,2.365944900565257,0.9180645161290323,0.3720261437908497,0.5088390952785091,0.4911609047214909,0.4911609047214909,False,40.0,9.0,0.5252004861831665,0.4110845923423767,0.9362850785255432,domainnet,3,ERM-aug-imagenet,logits,345,0.7945438623428345,0.7945438623428345,0.4411245584487915,0.42457515001296997,splits_domainnet_ERM-aug-imagenet_3_0_f475b82dfdbf.npz,f475b82dfdbf,False,False,,,,,,
iw_residual_dis2,5.0,0,28152,15295,7040,3825,0.7926136363636364,0.0,1.0,0.9791097640991211,0.5,0.5,0.7796646356582642,0.15140452980995178,349.0,1811.0,159.0,926.0,0.13681295148765937,0.40522875816993464,6746.0,294.0,2275.0,1550.0,ok,plugin,False,,4038.6472379373263,2377.8987309726513,4.988900059752736,0.28593139335791495,2.365944900565257,0.9406451612903226,0.21991196478591432,0.3567249162735737,0.6432750837264263,0.6432750837264263,False,13.0,11.0,0.30576497316360474,0.6477987170219421,0.9535636901855469,domainnet,3,ERM-aug-imagenet,logits,345,0.7945438623428345,0.7945438623428345,0.4411245584487915,0.42457515001296997,splits_domainnet_ERM-aug-imagenet_3_0_f475b82dfdbf.npz,f475b82dfdbf,False,False,0.2789115646258503,0.6768707482993197,0.2637744129910029,,,
dis2_reference,,0,28152,15295,7040,3825,0.7926136404275894,,,,,,,,,,,,,,,,,,ok,dis2_with_correction,True,0.04370663582917157,,,,,,,,0.6475787243971283,0.35242127560287173,0.3087146397737002,,46.0,23.0,0.4598415195941925,0.43510183691978455,0.894943356513977,domainnet,3,ERM-aug-imagenet,logits,345,0.7945438623428345,0.7945438623428345,0.4411245584487915,0.42457515001296997,splits_domainnet_ERM-aug-imagenet_3_0_f475b82dfdbf.npz,f475b82dfdbf,True,True,,,,0.01,0.6912853602262998,0.44019236482471774
iw_overlap_critic,1.0,0,28152,9910,7040,2478,0.6943181818181818,0.0,1.0,1.062782645225525,0.5,0.5,0.8451492786407471,0.11798281967639923,7111.0,2481.0,3558.0,1258.0,0.05311617511136719,0.8349475383373689,5913.0,1127.0,409.0,2069.0,ok,plugin,False,,1356.1949091232423,2934.996455040412,0.9998395017041669,0.1369185657315219,0.7497552319902285,0.930401159980667,0.7768361581920904,0.8299523333034576,0.17004766669654237,0.17004766669654237,False,49.0,16.0,0.44441619515419006,0.48245182633399963,0.9268680214881897,domainnet,1,BN_adapt,logits,345,0.6989201307296753,0.6989201307296753,0.4311806261539459,0.4382566511631012,splits_domainnet_BN_adapt_1_0_f475b82dfdbf.npz,f475b82dfdbf,True,True,,,,,,
iw_residual_dis2,1.0,0,28152,9910,7040,2478,0.6943181818181818,0.0,1.0,1.062782645225525,0.5,0.5,0.8451492786407471,0.11798281967639923,1334.0,2481.0,664.0,1258.0,0.05311617511136719,0.8349475383373689,5913.0,1127.0,409.0,2069.0,ok,plugin,False,,1356.1949091232423,2934.996455040412,0.9998395017041669,0.1369185657315219,0.7497552319902285,0.875302078298695,0.4633813942462973,0.5164975693576646,0.48350243064233545,0.48350243064233545,False,10.0,11.0,0.29843223094940186,0.5632529854774475,0.8616852164268494,domainnet,1,BN_adapt,logits,345,0.6989201307296753,0.6989201307296753,0.4311806261539459,0.4382566511631012,splits_domainnet_BN_adapt_1_0_f475b82dfdbf.npz,f475b82dfdbf,False,False,0.2857142857142857,0.6060337178349601,0.2692683604637349,,,
iw_overlap_critic,2.0,0,28152,9910,7040,2478,0.6943181818181818,0.0,1.0,1.062782645225525,0.5,0.5,0.8451492786407471,0.11798281967639923,7695.0,2140.0,3878.0,1067.0,0.07810828266996979,0.721953188054883,6388.0,652.0,689.0,1789.0,ok,plugin,False,,2011.7146931465709,2581.998622932278,1.9882086246417559,0.15729586350142905,1.2151506446767986,0.9133594186696479,0.6594027441485069,0.7375110268184767,0.2624889731815233,0.2624889731815233,False,49.0,15.0,0.4403693974018097,0.4771563708782196,0.9175257682800293,domainnet,1,BN_adapt,logits,345,0.6989201307296753,0.6989201307296753,0.4311806261539459,0.4382566511631012,splits_domainnet_BN_adapt_1_0_f475b82dfdbf.npz,f475b82dfdbf,True,True,,,,,,
iw_residual_dis2,2.0,0,28152,9910,7040,2478,0.6943181818181818,0.0,1.0,1.062782645225525,0.5,0.5,0.8451492786407471,0.11798281967639923,750.0,2140.0,344.0,1067.0,0.07810828266996979,0.721953188054883,6388.0,652.0,689.0,1789.0,ok,plugin,False,,2011.7146931465709,2581.998622932278,1.9882086246417559,0.15729586350142905,1.2151506446767986,0.8781442146450531,0.3903751788747109,0.4684834615446807,0.5315165384553193,0.5315165384553193,False,7.0,23.0,0.26817476749420166,0.5959302186965942,0.8641049861907959,domainnet,1,BN_adapt,logits,345,0.6989201307296753,0.6989201307296753,0.4311806261539459,0.4382566511631012,splits_domainnet_BN_adapt_1_0_f475b82dfdbf.npz,f475b82dfdbf,False,False,0.30214723926380366,0.6395705521472392,0.23857366249781387,,,
iw_overlap_critic,5.0,0,28152,9910,7040,2478,0.6943181818181818,0.0,1.0,1.062782645225525,0.5,0.5,0.8451492786407471,0.11798281967639923,8148.0,1590.0,4060.0,788.0,0.12083533610072394,0.5262308313155771,6731.0,309.0,1174.0,1304.0,ok,plugin,False,,3066.8643547097945,1857.576258390818,4.994639206291443,0.17426849309478445,2.024022266563256,0.8918711656441718,0.46933010492332533,0.5901654410240493,0.40983455897595067,0.40983455897595067,False,44.0,5.0,0.43550342321395874,0.4655117988586426,0.9010152220726013,domainnet,1,BN_adapt,logits,345,0.6989201307296753,0.6989201307296753,0.4311806261539459,0.4382566511631012,splits_domainnet_BN_adapt_1_0_f475b82dfdbf.npz,f475b82dfdbf,True,True,,,,,,
iw_residual_dis2,5.0,0,28152,9910,7040,2478,0.6943181818181818,0.0,1.0,1.062782645225525,0.5,0.5,0.8451492786407471,0.11798281967639923,297.0,1590.0,162.0,788.0,0.12083533610072394,0.5262308313155771,6731.0,309.0,1174.0,1304.0,ok,plugin,False,,3066.8643547097945,1857.576258390818,4.994639206291443,0.17426849309478445,2.024022266563256,0.9118098159509203,0.27716396195909115,0.3979992980598151,0.602000701940185,0.602000701940185,False,8.0,10.0,0.22927242517471313,0.6666666865348816,0.8959391117095947,domainnet,1,BN_adapt,logits,345,0.6989201307296753,0.6989201307296753,0.4311806261539459,0.4382566511631012,splits_domainnet_BN_adapt_1_0_f475b82dfdbf.npz,f475b82dfdbf,False,False,0.3300970873786408,0.7152103559870551,0.1965994599638652,,,
dis2_reference,,0,28152,9910,7040,2478,0.6943182051181793,,,,,,,,,,,,,,,,,,ok,dis2_with_correction,True,0.04730219952061266,,,,,,,,0.7348458247079268,0.2651541752920732,0.21785197577146054,,46.0,27.0,0.4309886395931244,0.45191851258277893,0.8829071521759033,domainnet,1,BN_adapt,logits,345,0.6989201307296753,0.6989201307296753,0.4311806261539459,0.4382566511631012,splits_domainnet_BN_adapt_1_0_f475b82dfdbf.npz,f475b82dfdbf,True,True,,,,0.01,0.7821480242285395,0.42916402982610613
iw_overlap_critic,1.0,0,28152,14207,7040,3553,0.6286931818181818,0.0,1.0,0.884468138217926,0.5,0.5,0.8803329467773438,0.09046847373247147,7434.0,3623.0,3698.0,1804.0,0.04592563730705575,0.858429496200394,6112.0,928.0,503.0,3050.0,ok,plugin,False,,970.7114443525749,2257.480399988065,0.9994791406591985,0.06803108592174814,0.6602112959037958,0.9639344262295082,0.8274697438784125,0.8733953811854683,0.12660461881453167,0.12660461881453167,False,47.0,22.0,0.4151368737220764,0.5427345037460327,0.9578713774681091,domainnet,2,BN_adapt,logits,345,0.6327081322669983,0.6327081322669983,0.35940030217170715,0.36082184314727783,splits_domainnet_BN_adapt_2_0_f475b82dfdbf.npz,f475b82dfdbf,True,True,,,,,,
iw_residual_dis2,1.0,0,28152,14207,7040,3553,0.6286931818181818,0.0,1.0,0.884468138217926,0.5,0.5,0.8803329467773438,0.09046847373247147,1011.0,3623.0,524.0,1804.0,0.04592563730705575,0.858429496200394,6112.0,928.0,503.0,3050.0,ok,plugin,False,,970.7114443525749,2257.480399988065,0.9994791406591985,0.06803108592174814,0.6602112959037958,0.8944262295081967,0.4838170996826382,0.529742736989694,0.470257263010306,0.470257263010306,False,8.0,9.0,0.31169915199279785,0.5935114622116089,0.9052106142044067,domainnet,2,BN_adapt,logits,345,0.6327081322669983,0.6327081322669983,0.35940030217170715,0.36082184314727783,splits_domainnet_BN_adapt_2_0_f475b82dfdbf.npz,f475b82dfdbf,False,False,0.30280172413793105,0.6336206896551724,0.26080553985302435,,,
iw_overlap_critic,2.0,0,28152,14207,7040,3553,0.6286931818181818,0.0,1.0,0.884468138217926,0.5,0.5,0.8803329467773438,0.09046847373247147,7848.0,3335.0,3912.0,1643.0,0.06898486693405928,0.7880664227413453,6472.0,568.0,753.0,2800.0,ok,plugin,False,,1483.9068428399246,1868.1875944825379,1.996293771874677,0.07770083263093264,1.065677203988606,0.9667857142857142,0.7618913594145792,0.8308762263486384,0.16912377365136155,0.16912377365136155,False,49.0,9.0,0.4145761728286743,0.5501225590705872,0.9646987318992615,domainnet,2,BN_adapt,logits,345,0.6327081322669983,0.6327081322669983,0.35940030217170715,0.36082184314727783,splits_domainnet_BN_adapt_2_0_f475b82dfdbf.npz,f475b82dfdbf,True,True,,,,,,
iw_residual_dis2,2.0,0,28152,14207,7040,3553,0.6286931818181818,0.0,1.0,0.884468138217926,0.5,0.5,0.8803329467773438,0.09046847373247147,597.0,3335.0,310.0,1643.0,0.06898486693405928,0.7880664227413453,6472.0,568.0,753.0,2800.0,ok,plugin,False,,1483.9068428399246,1868.1875944825379,1.996293771874677,0.07770083263093264,1.065677203988606,0.925,0.4306616507375239,0.4996465176715832,0.5003534823284168,0.5003534823284168,False,10.0,16.0,0.28101038932800293,0.64838707447052,0.929397463798523,domainnet,2,BN_adapt,logits,345,0.6327081322669983,0.6327081322669983,0.35940030217170715,0.36082184314727783,splits_domainnet_BN_adapt_2_0_f475b82dfdbf.npz,f475b82dfdbf,False,False,0.29225352112676056,0.670774647887324,0.25422535211267605,,,
iw_overlap_critic,5.0,0,28152,14207,7040,3553,0.6286931818181818,0.0,1.0,0.884468138217926,0.5,0.5,0.8803329467773438,0.09046847373247147,8152.0,2798.0,4065.0,1329.0,0.10609107869697623,0.6557838446383338,6755.0,285.0,1223.0,2330.0,ok,plugin,False,,2359.83316808804,1356.8546013640587,4.9955013040278375,0.08687814499646354,1.7944976776112354,0.957510729613734,0.6279200675485506,0.7340111462455268,0.26598885375447323,0.26598885375447323,False,48.0,17.0,0.41400569677352905,0.5551440119743347,0.9691497087478638,domainnet,2,BN_adapt,logits,345,0.6327081322669983,0.6327081322669983,0.35940030217170715,0.36082184314727783,splits_domainnet_BN_adapt_2_0_f475b82dfdbf.npz,f475b82dfdbf,True,True,,,,,,
iw_residual_dis2,5.0,0,28152,14207,7040,3553,0.6286931818181818,0.0,1.0,0.884468138217926,0.5,0.5,0.8803329467773438,0.09046847373247147,293.0,2798.0,157.0,1329.0,0.10609107869697623,0.6557838446383338,6755.0,285.0,1223.0,2330.0,ok,plugin,False,,2359.83316808804,1356.8546013640587,4.9955013040278375,0.08687814499646354,1.7944976776112354,0.9261802575107296,0.3519635000814731,0.45805457877844935,0.5419454212215506,0.5419454212215506,False,5.0,4.0,0.285205602645874,0.6433120965957642,0.9285176992416382,domainnet,2,BN_adapt,logits,345,0.6327081322669983,0.6327081322669983,0.35940030217170715,0.36082184314727783,splits_domainnet_BN_adapt_2_0_f475b82dfdbf.npz,f475b82dfdbf,False,False,0.28421052631578947,0.6736842105263158,0.25249604698441386,,,
dis2_reference,,0,28152,14207,7040,3553,0.6286931931972504,,,,,,,,,,,,,,,,,,ok,dis2_with_correction,True,0.044230700207343654,,,,,,,,0.7824699084070279,0.2175300915929721,0.17329939138562844,,46.0,6.0,0.4331411123275757,0.49881571531295776,0.9319568276405334,domainnet,2,BN_adapt,logits,345,0.6327081322669983,0.6327081322669983,0.35940030217170715,0.36082184314727783,splits_domainnet_BN_adapt_2_0_f475b82dfdbf.npz,f475b82dfdbf,True,True,,,,0.01,0.8267006086143716,0.41116310160427816
iw_overlap_critic,1.0,0,28152,15295,7040,3825,0.7549715909090909,0.0,1.0,0.9910006523132324,0.5,0.5,0.7508242726325989,0.16795147955417633,6533.0,3391.0,3219.0,1694.0,0.06191309786395774,0.738562091503268,5371.0,1669.0,1000.0,2825.0,ok,plugin,False,,1812.4608706075724,3506.198388191742,0.9994943909050596,0.2715339549751206,0.8494613407040557,0.9292035398230089,0.6862745098039216,0.7481876076678793,0.2518123923321207,0.2518123923321207,False,43.0,6.0,0.4623362123966217,0.47508999705314636,0.9374262094497681,domainnet,3,BN_adapt,logits,345,0.7591645121574402,0.7591645121574402,0.4560314118862152,0.4501960575580597,splits_domainnet_BN_adapt_3_0_f475b82dfdbf.npz,f475b82dfdbf,True,True,,,,,,
iw_residual_dis2,1.0,0,28152,15295,7040,3825,0.7549715909090909,0.0,1.0,0.9910006523132324,0.5,0.5,0.7508242726325989,0.16795147955417633,1912.0,3391.0,1003.0,1694.0,0.06191309786395774,0.738562091503268,5371.0,1669.0,1000.0,2825.0,ok,plugin,False,,1812.4608706075724,3506.198388191742,0.9994943909050596,0.2715339549751206,0.8494613407040557,0.8715044247787611,0.395407684144159,0.45732078200811677,0.5426792179918832,0.5426792179918832,False,12.0,17.0,0.30672740936279297,0.5852442383766174,0.8919716477394104,domainnet,3,BN_adapt,logits,345,0.7591645121574402,0.7591645121574402,0.4560314118862152,0.4501960575580597,splits_domainnet_BN_adapt_3_0_f475b82dfdbf.npz,f475b82dfdbf,False,False,0.2840023966446974,0.6201318154583583,0.25137260932040284,,,
iw_overlap_critic,2.0,0,28152,15295,7040,3825,0.7549715909090909,0.0,1.0,0.9910006523132324,0.5,0.5,0.7508242726325989,0.16795147955417633,7546.0,2520.0,3760.0,1268.0,0.10878626579135493,0.5550326797385621,6213.0,827.0,1702.0,2123.0,ok,plugin,False,,2981.567337151185,3380.1269863075768,1.9968078594827063,0.3273454056822761,1.460740645788755,0.9095619406500236,0.5048366013071895,0.6136228670985445,0.3863771329014555,0.3863771329014555,False,49.0,19.0,0.44185683131217957,0.4777015149593353,0.9195583462715149,domainnet,3,BN_adapt,logits,345,0.7591645121574402,0.7591645121574402,0.4560314118862152,0.4501960575580597,splits_domainnet_BN_adapt_3_0_f475b82dfdbf.npz,f475b82dfdbf,True,True,,,,,,
iw_residual_dis2,2.0,0,28152,15295,7040,3825,0.7549715909090909,0.0,1.0,0.9910006523132324,0.5,0.5,0.7508242726325989,0.16795147955417633,899.0,2520.0,462.0,1268.0,0.10878626579135493,0.5550326797385621,6213.0,827.0,1702.0,2123.0,ok,plugin,False,,2981.567337151185,3380.1269863075768,1.9968078594827063,0.3273454056822761,1.460740645788755,0.9015544041450777,0.29703677359698405,0.40582303938833897,0.594176960611661,0.594176960611661,False,11.0,9.0,0.27725428342819214,0.6233766078948975,0.9006308913230896,domainnet,3,BN_adapt,logits,345,0.7591645121574402,0.7591645121574402,0.4560314118862152,0.4501960575580597,splits_domainnet_BN_adapt_3_0_f475b82dfdbf.npz,f475b82dfdbf,False,False,0.2877871825876663,0.6541717049576784,0.2473826991873993,,,
iw_overlap_critic,5.0,0,28152,15295,7040,3825,0.7549715909090909,0.0,1.0,0.9910006523132324,0.5,0.5,0.7508242726325989,0.16795147955417633,8125.0,1404.0,4083.0,692.0,0.17674771953448573,0.3129411764705882,6754.0,286.0,2628.0,1197.0,ok,plugin,False,,4596.752555248493,2718.027393645532,4.978218186602778,0.36617090093571814,2.546793093829925,0.8888888888888888,0.27816993464052286,0.4549176541750086,0.5450823458249914,0.5450823458249914,False,46.0,1.0,0.49832725524902344,0.4236380457878113,0.9219653010368347,domainnet,3,BN_adapt,logits,345,0.7591645121574402,0.7591645121574402,0.4560314118862152,0.4501960575580597,splits_domainnet_BN_adapt_3_0_f475b82dfdbf.npz,f475b82dfdbf,False,False,,,,,,
iw_residual_dis2,5.0,0,28152,15295,7040,3825,0.7549715909090909,0.0,1.0,0.9910006523132324,0.5,0.5,0.7508242726325989,0.16795147955417633,320.0,1404.0,139.0,692.0,0.17674771953448573,0.3129411764705882,6754.0,286.0,2628.0,1197.0,ok,plugin,False,,4596.752555248493,2718.027393645532,4.978218186602778,0.36617090093571814,2.546793093829925,0.9131161236424394,0.1588244435303259,0.33557216306481163,0.6644278369351884,0.6644278369351884,False,7.0,12.0,0.3997068405151367,0.5323740839958191,0.9320809245109558,domainnet,3,BN_adapt,logits,345,0.7591645121574402,0.7591645121574402,0.4560314118862152,0.4501960575580597,splits_domainnet_BN_adapt_3_0_f475b82dfdbf.npz,f475b82dfdbf,False,False,0.26573426573426573,0.6713286713286714,0.24178745231376808,,,
dis2_reference,,0,28152,15295,7040,3825,0.7549715936183929,,,,,,,,,,,,,,,,,,ok,dis2_with_correction,True,0.04370663582917157,,,,,,,,0.6408119773857663,0.35918802261423366,0.3154813867850621,,46.0,26.0,0.4076450765132904,0.4746565520763397,0.8823016285896301,domainnet,3,BN_adapt,logits,345,0.7591645121574402,0.7591645121574402,0.4560314118862152,0.4501960575580597,splits_domainnet_BN_adapt_3_0_f475b82dfdbf.npz,f475b82dfdbf,True,True,,,,0.01,0.6845186132149379,0.39578357100415923
iw_overlap_critic,1.0,0,28152,9910,7040,2478,0.803125,0.0,1.0,1.2152042388916016,0.5,0.5,0.6491578817367554,0.2188163548707962,5697.0,1869.0,2852.0,918.0,0.07363553798651466,0.6505246166263116,4786.0,2254.0,866.0,1612.0,ok,plugin,False,,2684.970697972536,4099.995546633427,0.9995453448810822,0.5603402071111325,0.9422253617795052,0.8566997518610422,0.5573042776432607,0.6309398156297754,0.3690601843702246,0.3690601843702246,False,39.0,11.0,0.4343172013759613,0.44585707783699036,0.8801742792129517,domainnet,1,DANN,logits,345,0.8072605729103088,0.8072605729103088,0.465893030166626,0.47497981786727905,splits_domainnet_DANN_1_0_f475b82dfdbf.npz,f475b82dfdbf,True,True,,,,,,
iw_residual_dis2,1.0,0,28152,9910,7040,2478,0.803125,0.0,1.0,1.2152042388916016,0.5,0.5,0.6491578817367554,0.2188163548707962,2748.0,1869.0,1370.0,918.0,0.07363553798651466,0.6505246166263116,4786.0,2254.0,866.0,1612.0,ok,plugin,False,,2684.970697972536,4099.995546633427,0.9995453448810822,0.5603402071111325,0.9422253617795052,0.8753101736972705,0.31254883256597726,0.38618437055249194,0.6138156294475081,0.6138156294475081,False,34.0,17.0,0.2533228397369385,0.596350371837616,0.8496732115745544,domainnet,1,DANN,logits,345,0.8072605729103088,0.8072605729103088,0.465893030166626,0.47497981786727905,splits_domainnet_DANN_1_0_f475b82dfdbf.npz,f475b82dfdbf,False,False,0.2236024844720497,0.6184560780834073,0.2568540956138632,,,
iw_overlap_critic,2.0,0,28152,9910,7040,2478,0.803125,0.0,1.0,1.2152042388916016,0.5,0.5,0.6491578817367554,0.2188163548707962,7857.0,874.0,3921.0,433.0,0.14684151656177727,0.3159806295399516,6535.0,505.0,1695.0,783.0,ok,plugin,False,,5080.441850344805,4990.039421420716,1.9990181538482423,0.6847219942512915,1.6488725221613063,0.7879948914431673,0.2489911218724778,0.3958326384342551,0.6041673615657449,0.6041673615657449,False,36.0,3.0,0.44117891788482666,0.36251622438430786,0.8036951422691345,domainnet,1,DANN,logits,345,0.8072605729103088,0.8072605729103088,0.465893030166626,0.47497981786727905,splits_domainnet_DANN_1_0_f475b82dfdbf.npz,f475b82dfdbf,False,False,,,,,,
iw_residual_dis2,2.0,0,28152,9910,7040,2478,0.803125,0.0,1.0,1.2152042388916016,0.5,0.5,0.6491578817367554,0.2188163548707962,588.0,874.0,301.0,433.0,0.14684151656177727,0.3159806295399516,6535.0,505.0,1695.0,783.0,ok,plugin,False,,5080.441850344805,4990.039421420716,1.9990181538482423,0.6847219942512915,1.6488725221613063,0.876117496807152,0.14731538529155577,0.29415690185333304,0.705843098146667,0.705843098146667,False,6.0,0.0,0.2332410216331482,0.6212624311447144,0.8545034527778625,domainnet,1,DANN,logits,345,0.8072605729103088,0.8072605729103088,0.465893030166626,0.47497981786727905,splits_domainnet_DANN_1_0_f475b82dfdbf.npz,f475b82dfdbf,False,False,0.25742574257425743,0.6673267326732674,0.20879076413388464,,,
iw_overlap_critic,5.0,0,28152,9910,7040,2478,0.803125,0.0,1.0,1.2152042388916016,0.5,0.5,0.6491578817367554,0.2188163548707962,8415.0,144.0,4211.0,65.0,0.19415893968220788,0.055286521388216305,7023.0,17.0,2341.0,137.0,ok,plugin,False,,6399.964298825331,4576.313760282497,4.957584715264676,0.7260521861164562,2.2237033724550974,0.708029197080292,0.03914447134786118,0.23330341103006905,0.766696588969931,0.766696588969931,False,27.0,24.0,0.5072289705276489,0.26200178265571594,0.7692307829856873,domainnet,1,DANN,logits,345,0.8072605729103088,0.8072605729103088,0.465893030166626,0.47497981786727905,splits_domainnet_DANN_1_0_f475b82dfdbf.npz,f475b82dfdbf,False,False,,,,,,
iw_residual_dis2,5.0,0,28152,9910,7040,2478,0.803125,0.0,1.0,1.2152042388916016,0.5,0.5,0.6491578817367554,0.2188163548707962,30.0,144.0,11.0,65.0,0.19415893968220788,0.055286521388216305,7023.0,17.0,2341.0,137.0,ok,plugin,False,,6399.964298825331,4576.313760282497,4.957584715264676,0.7260521861164562,2.2237033724550974,0.927007299270073,0.02523382234249632,0.2193927620247042,0.7806072379752957,0.7806072379752957,False,4.0,5.0,0.2265734076499939,0.7272727489471436,0.9538461565971375,domainnet,1,DANN,logits,345,0.8072605729103088,0.8072605729103088,0.465893030166626,0.47497981786727905,splits_domainnet_DANN_1_0_f475b82dfdbf.npz,f475b82dfdbf,False,False,0.29411764705882354,0.7647058823529411,0.16230141691713185,,,
dis2_reference,,0,28152,9910,7040,2478,0.8031250089406967,,,,,,,,,,,,,,,,,,ok,dis2_with_correction,True,0.04730219952061266,,,,,,,,0.5106898573370932,0.48931014266290684,0.4420079431422942,,48.0,9.0,0.3137509822845459,0.5139744281768799,0.8277254104614258,domainnet,1,DANN,logits,345,0.8072605729103088,0.8072605729103088,0.465893030166626,0.47497981786727905,splits_domainnet_DANN_1_0_f475b82dfdbf.npz,f475b82dfdbf,True,True,,,,0.01,0.5579920568577058,0.31381486627779
iw_overlap_critic,1.0,0,28152,14207,7040,3553,0.8038352272727273,0.0,1.0,1.0665127038955688,0.5,0.5,0.6751638650894165,0.20423626899719238,6108.0,2795.0,2990.0,1399.0,0.06666886966621678,0.6524064171122995,4905.0,2135.0,1235.0,2318.0,ok,plugin,False,,2461.1569684751667,3993.7951810500695,0.9998709503000548,0.483595202943369,0.9223631279161465,0.8943054357204486,0.5834506051224317,0.6501194747886485,0.3498805252113515,0.3498805252113515,False,43.0,5.0,0.42742061614990234,0.46250075101852417,0.8899213671684265,domainnet,2,DANN,logits,345,0.8101378083229065,0.8101378083229065,0.38572534918785095,0.38727834820747375,splits_domainnet_DANN_2_0_f475b82dfdbf.npz,f475b82dfdbf,True,True,,,,,,
iw_residual_dis2,1.0,0,28152,14207,7040,3553,0.8038352272727273,0.0,1.0,1.0665127038955688,0.5,0.5,0.6751638650894165,0.20423626899719238,2337.0,2795.0,1232.0,1399.0,0.06666886966621678,0.6524064171122995,4905.0,2135.0,1235.0,2318.0,ok,plugin,False,,2461.1569684751667,3993.7951810500695,0.9998709503000548,0.483595202943369,0.9223631279161465,0.8861087144089732,0.31377910015680904,0.3804479698230258,0.6195520301769741,0.6195520301769741,False,24.0,24.0,0.2890544533729553,0.614448070526123,0.9035025238990784,domainnet,2,DANN,logits,345,0.8101378083229065,0.8101378083229065,0.38572534918785095,0.38727834820747375,splits_domainnet_DANN_2_0_f475b82dfdbf.npz,f475b82dfdbf,False,False,0.23466042154566744,0.6398126463700234,0.24629606803894977,,,
iw_overlap_critic,2.0,0,28152,14207,7040,3553,0.8038352272727273,0.0,1.0,1.0665127038955688,0.5,0.5,0.6751638650894165,0.20423626899719238,7740.0,1662.0,3846.0,808.0,0.13502025560063563,0.3875598086124402,6410.0,630.0,2176.0,1377.0,ok,plugin,False,,4538.9589315372095,4576.97202678858,1.9994814855483418,0.599608932489337,1.6546353674055263,0.8605664488017429,0.33352096819589083,0.46854122379652646,0.5314587762034735,0.5314587762034735,False,48.0,17.0,0.4884034991264343,0.3865965008735657,0.875,domainnet,2,DANN,logits,345,0.8101378083229065,0.8101378083229065,0.38572534918785095,0.38727834820747375,splits_domainnet_DANN_2_0_f475b82dfdbf.npz,f475b82dfdbf,False,False,,,,,,
iw_residual_dis2,2.0,0,28152,14207,7040,3553,0.8038352272727273,0.0,1.0,1.0665127038955688,0.5,0.5,0.6751638650894165,0.20423626899719238,705.0,1662.0,376.0,808.0,0.13502025560063563,0.3875598086124402,6410.0,630.0,2176.0,1377.0,ok,plugin,False,,4538.9589315372095,4576.97202678858,1.9994814855483418,0.599608932489337,1.6546353674055263,0.9128540305010894,0.19137951831450284,0.32639977391513847,0.6736002260848615,0.6736002260848615,False,13.0,17.0,0.26029592752456665,0.6728723645210266,0.9331682920455933,domainnet,2,DANN,logits,345,0.8101378083229065,0.8101378083229065,0.38572534918785095,0.38727834820747375,splits_domainnet_DANN_2_0_f475b82dfdbf.npz,f475b82dfdbf,False,False,0.24285714285714285,0.6619047619047619,0.2509492685963275,,,
iw_overlap_critic,5.0,0,28152,14207,7040,3553,0.8038352272727273,0.0,1.0,1.0665127038955688,0.5,0.5,0.6751638650894165,0.20423626899719238,8350.0,593.0,4180.0,269.0,0.19126985473637242,0.13819307627357164,6968.0,72.0,3062.0,491.0,ok,plugin,False,,6093.395970191163,4071.732057893657,4.959797236916732,0.6486121950250262,2.371883308296585,0.8004073319755601,0.11061075147762456,0.301880606213997,0.6981193937860031,0.6981193937860031,False,49.0,17.0,0.5595912933349609,0.29914477467536926,0.8587360382080078,domainnet,2,DANN,logits,345,0.8101378083229065,0.8101378083229065,0.38572534918785095,0.38727834820747375,splits_domainnet_DANN_2_0_f475b82dfdbf.npz,f475b82dfdbf,False,False,,,,,,
iw_residual_dis2,5.0,0,28152,14207,7040,3553,0.8038352272727273,0.0,1.0,1.0665127038955688,0.5,0.5,0.6751638650894165,0.20423626899719238,95.0,593.0,42.0,269.0,0.19126985473637242,0.13819307627357164,6968.0,72.0,3062.0,491.0,ok,plugin,False,,6093.395970191163,4071.732057893657,4.959797236916732,0.6486121950250262,2.371883308296585,0.9511201629327902,0.07193842449260404,0.2632082792289765,0.7367917207710235,0.7367917207710235,False,14.0,22.0,0.25376176834106445,0.6904761791229248,0.9442379474639893,domainnet,2,DANN,logits,345,0.8101378083229065,0.8101378083229065,0.38572534918785095,0.38727834820747375,splits_domainnet_DANN_2_0_f475b82dfdbf.npz,f475b82dfdbf,False,False,0.18055555555555555,0.6111111111111112,0.34000905182167906,,,
dis2_reference,,0,28152,14207,7040,3553,0.8038352280855179,,,,,,,,,,,,,,,,,,ok,dis2_with_correction,True,0.044230700207343654,,,,,,,,0.5337949436003814,0.4662050563996186,0.42197435619227497,,45.0,20.0,0.3357946276664734,0.5210800766944885,0.8568747043609619,domainnet,2,DANN,logits,345,0.8101378083229065,0.8101378083229065,0.38572534918785095,0.38727834820747375,splits_domainnet_DANN_2_0_f475b82dfdbf.npz,f475b82dfdbf,False,False,,,,0.01,0.578025643807725,0.33763017168589926
iw_overlap_critic,1.0,0,28152,15295,7040,3825,0.8072443181818182,0.0,1.0,0.9051699638366699,0.5,0.5,0.6486807465553284,0.2190219759941101,5468.0,2814.0,2692.0,1453.0,0.06389004959749525,0.6193464052287582,4511.0,2529.0,1456.0,2369.0,ok,plugin,False,,2488.0091886982736,3852.132238400508,0.9999525403736357,0.5397502828938525,0.9319585375935797,0.89489235964542,0.5542483660130719,0.6181384156105671,0.38186158438943285,0.38186158438943285,False,47.0,4.0,0.4291103780269623,0.47247257828712463,0.9015829563140869,domainnet,3,DANN,logits,345,0.8096050024032593,0.8096050024032593,0.4719189405441284,0.46562090516090393,splits_domainnet_DANN_3_0_f475b82dfdbf.npz,f475b82dfdbf,True,True,,,,,,
iw_residual_dis2,1.0,0,28152,15295,7040,3825,0.8072443181818182,0.0,1.0,0.9051699638366699,0.5,0.5,0.6486807465553284,0.2190219759941101,2977.0,2814.0,1530.0,1453.0,0.06389004959749525,0.6193464052287582,4511.0,2529.0,1456.0,2369.0,ok,plugin,False,,2488.0091886982736,3852.132238400508,0.9999525403736357,0.5397502828938525,0.9319585375935797,0.8910932883073026,0.285691572529895,0.3495816221273903,0.6504183778726097,0.6504183778726097,False,40.0,8.0,0.2810444235801697,0.6150326728820801,0.8960770964622498,domainnet,3,DANN,logits,345,0.8096050024032593,0.8096050024032593,0.4719189405441284,0.46562090516090393,splits_domainnet_DANN_3_0_f475b82dfdbf.npz,f475b82dfdbf,False,False,0.21391854487939896,0.6437327006722025,0.24736058763510016,,,
iw_overlap_critic,2.0,0,28152,15295,7040,3825,0.8072443181818182,0.0,1.0,0.9051699638366699,0.5,0.5,0.6486807465553284,0.2190219759941101,7564.0,1212.0,3783.0,649.0,0.13984614336382015,0.2661437908496732,6297.0,743.0,2807.0,1018.0,ok,plugin,False,,4955.603804889766,4767.6409604681585,1.9968476695561426,0.691303247065471,1.6830702156788684,0.8113948919449901,0.21594771241830066,0.3557938557821208,0.6442061442178793,0.6442061442178793,False,37.0,23.0,0.4443954527378082,0.40152135491371155,0.8459168076515198,domainnet,3,DANN,logits,345,0.8096050024032593,0.8096050024032593,0.4719189405441284,0.46562090516090393,splits_domainnet_DANN_3_0_f475b82dfdbf.npz,f475b82dfdbf,False,False,,,,,,
iw_residual_dis2,2.0,0,28152,15295,7040,3825,0.8072443181818182,0.0,1.0,0.9051699638366699,0.5,0.5,0.6486807465553284,0.2190219759941101,881.0,1212.0,439.0,649.0,0.13984614336382015,0.2661437908496732,6297.0,743.0,2807.0,1018.0,ok,plugin,False,,4955.603804889766,4767.6409604681585,1.9968476695561426,0.691303247065471,1.6830702156788684,0.8762278978388998,0.1092648598245938,0.24911100318841395,0.750888996811586,0.750888996811586,False,8.0,2.0,0.2640438675880432,0.6173120737075806,0.8813559412956238,domainnet,3,DANN,logits,345,0.8096050024032593,0.8096050024032593,0.4719189405441284,0.46562090516090393,splits_domainnet_DANN_3_0_f475b82dfdbf.npz,f475b82dfdbf,False,False,0.2126514131897712,0.6783310901749664,0.19789680766393336,,,
iw_overlap_critic,5.0,0,28152,15295,7040,3825,0.8072443181818182,0.0,1.0,0.9051699638366699,0.5,0.5,0.6486807465553284,0.2190219759941101,8357.0,215.0,4187.0,118.0,0.19952144784713002,0.045228758169934644,6969.0,71.0,3652.0,173.0,ok,plugin,False,,6837.4814412708565,4344.051405529227,4.987322519838667,0.7529801632015857,2.540982708064011,0.7398843930635838,0.0334640522875817,0.23298550013471173,0.7670144998652882,0.7670144998652882,False,19.0,12.0,0.41138917207717896,0.3343735337257385,0.7457627058029175,domainnet,3,DANN,logits,345,0.8096050024032593,0.8096050024032593,0.4719189405441284,0.46562090516090393,splits_domainnet_DANN_3_0_f475b82dfdbf.npz,f475b82dfdbf,False,False,,,,,,
iw_residual_dis2,5.0,0,28152,15295,7040,3825,0.8072443181818182,0.0,1.0,0.9051699638366699,0.5,0.5,0.6486807465553284,0.2190219759941101,88.0,215.0,35.0,118.0,0.19952144784713002,0.045228758169934644,6969.0,71.0,3652.0,173.0,ok,plugin,False,,6837.4814412708565,4344.051405529227,4.987322519838667,0.7529801632015857,2.540982708064011,0.9421965317919075,0.015222314277823805,0.21474376212495383,0.7852562378750462,0.7852562378750462,False,7.0,20.0,0.3861985206604004,0.5714285969734192,0.9576271176338196,domainnet,3,DANN,logits,345,0.8096050024032593,0.8096050024032593,0.4719189405441284,0.46562090516090393,splits_domainnet_DANN_3_0_f475b82dfdbf.npz,f475b82dfdbf,False,False,0.15492957746478872,0.7605633802816901,0.18163315151021742,,,
dis2_reference,,0,28152,15295,7040,3825,0.8072443306446075,,,,,,,,,,,,,,,,,,ok,dis2_with_correction,True,0.04370663582917157,,,,,,,,0.5032408520648399,0.4967591479351601,0.4530525121059885,,49.0,10.0,0.3348221182823181,0.529606819152832,0.8644289374351501,domainnet,3,DANN,logits,345,0.8096050024032593,0.8096050024032593,0.4719189405441284,0.46562090516090393,splits_domainnet_DANN_3_0_f475b82dfdbf.npz,f475b82dfdbf,True,True,,,,0.01,0.5469474878940115,0.31048518270944747
iw_overlap_critic,1.0,0,28152,9910,7040,2478,0.8025568181818181,0.0,1.0,0.8766927123069763,0.5,0.5,0.7155721187591553,0.1901533603668213,6175.0,2040.0,3088.0,1022.0,0.06638396965756264,0.7013720742534302,5198.0,1842.0,740.0,1738.0,ok,plugin,False,,2293.593629490041,3947.0961615693163,0.9995730920826325,0.4027288992321968,0.9019722765916811,0.8647871116225546,0.6065375302663438,0.6729214999239065,0.3270785000760935,0.3270785000760935,False,38.0,14.0,0.38671720027923584,0.5027152895927429,0.8894324898719788,domainnet,1,CDANN,logits,345,0.8055910468101501,0.8055910468101501,0.5121089816093445,0.5205811262130737,splits_domainnet_CDANN_1_0_f475b82dfdbf.npz,f475b82dfdbf,True,True,,,,,,
iw_residual_dis2,1.0,0,28152,9910,7040,2478,0.8025568181818181,0.0,1.0,0.8766927123069763,0.5,0.5,0.7155721187591553,0.1901533603668213,2270.0,2040.0,1134.0,1022.0,0.06638396965756264,0.7013720742534302,5198.0,1842.0,740.0,1738.0,ok,plugin,False,,2293.593629490041,3947.0961615693163,0.9995730920826325,0.4027288992321968,0.9019722765916811,0.8515535097813579,0.34785372954091553,0.4142376991984782,0.5857623008015218,0.5857623008015218,False,7.0,9.0,0.27094054222106934,0.5705467462539673,0.8414872884750366,domainnet,1,CDANN,logits,345,0.8055910468101501,0.8055910468101501,0.5121089816093445,0.5205811262130737,splits_domainnet_CDANN_1_0_f475b82dfdbf.npz,f475b82dfdbf,False,False,0.23181324647122692,0.5874049945711184,0.2641485152102395,,,
iw_overlap_critic,2.0,0,28152,9910,7040,2478,0.8025568181818181,0.0,1.0,0.8766927123069763,0.5,0.5,0.7155721187591553,0.1901533603668213,7635.0,1312.0,3800.0,656.0,0.12172763005943724,0.44552058111380144,6367.0,673.0,1374.0,1104.0,ok,plugin,False,,3927.2573157152947,4157.312793369796,1.9978023845224555,0.4898443620699584,1.5914362580035755,0.8161231884057971,0.3635996771589992,0.4853273072184364,0.5146726927815636,0.5146726927815636,False,28.0,19.0,0.39540085196495056,0.4552089273929596,0.8506097793579102,domainnet,1,CDANN,logits,345,0.8055910468101501,0.8055910468101501,0.5121089816093445,0.5205811262130737,splits_domainnet_CDANN_1_0_f475b82dfdbf.npz,f475b82dfdbf,False,True,,,,,,
iw_residual_dis2,2.0,0,28152,9910,7040,2478,0.8025568181818181,0.0,1.0,0.8766927123069763,0.5,0.5,0.7155721187591553,0.1901533603668213,810.0,1312.0,422.0,656.0,0.12172763005943724,0.44552058111380144,6367.0,673.0,1374.0,1104.0,ok,plugin,False,,3927.2573157152947,4157.312793369796,1.9978023845224555,0.4898443620699584,1.5914362580035755,0.8677536231884058,0.20587829661796472,0.32760592667740196,0.672394073322598,0.672394073322598,False,4.0,8.0,0.31559211015701294,0.5639810562133789,0.8795731663703918,domainnet,1,CDANN,logits,345,0.8055910468101501,0.8055910468101501,0.5121089816093445,0.5205811262130737,splits_domainnet_CDANN_1_0_f475b82dfdbf.npz,f475b82dfdbf,False,False,0.22436849925705796,0.6300148588410104,0.23773876434739538,,,
iw_overlap_critic,5.0,0,28152,9910,7040,2478,0.8025568181818181,0.0,1.0,0.8766927123069763,0.5,0.5,0.7155721187591553,0.1901533603668213,8289.0,529.0,4144.0,257.0,0.1704863157138259,0.17231638418079095,6914.0,126.0,2051.0,427.0,ok,plugin,False,,5509.782073122725,3529.2874938447417,4.973098368777949,0.539289817556307,2.4404967754149456,0.7939110070257611,0.13680387409200967,0.30729018980583556,0.6927098101941644,0.6927098101941644,False,22.0,25.0,0.4250074028968811,0.39600425958633423,0.8210116624832153,domainnet,1,CDANN,logits,345,0.8055910468101501,0.8055910468101501,0.5121089816093445,0.5205811262130737,splits_domainnet_CDANN_1_0_f475b82dfdbf.npz,f475b82dfdbf,False,False,,,,,,
iw_residual_dis2,5.0,0,28152,9910,7040,2478,0.8025568181818181,0.0,1.0,0.8766927123069763,0.5,0.5,0.7155721187591553,0.1901533603668213,156.0,529.0,78.0,257.0,0.1704863157138259,0.17231638418079095,6914.0,126.0,2051.0,427.0,ok,plugin,False,,5509.782073122725,3529.2874938447417,4.973098368777949,0.539289817556307,2.4404967754149456,0.9039812646370023,0.08192090395480225,0.2524072196686281,0.7475927803313719,0.7475927803313719,False,5.0,25.0,0.1991918683052063,0.7307692170143127,0.929961085319519,domainnet,1,CDANN,logits,345,0.8055910468101501,0.8055910468101501,0.5121089816093445,0.5205811262130737,splits_domainnet_CDANN_1_0_f475b82dfdbf.npz,f475b82dfdbf,False,False,0.23809523809523808,0.6666666666666666,0.23731459797033572,,,
dis2_reference,,0,28152,9910,7040,2478,0.8025568276643753,,,,,,,,,,,,,,,,,,ok,dis2_with_correction,True,0.04730219952061266,,,,,,,,0.4929246594219847,0.5070753405780153,0.45977314105740263,,38.0,14.0,0.3225480914115906,0.5172904133796692,0.8398385047912598,domainnet,1,CDANN,logits,345,0.8055910468101501,0.8055910468101501,0.5121089816093445,0.5205811262130737,splits_domainnet_CDANN_1_0_f475b82dfdbf.npz,f475b82dfdbf,True,True,,,,0.01,0.5402268589425974,0.29548148708636
iw_overlap_critic,1.0,0,28152,14207,7040,3553,0.8004261363636364,0.0,1.0,0.8212013840675354,0.5,0.5,0.7187232375144958,0.18246705830097198,6356.0,3018.0,3129.0,1498.0,0.06260692515092998,0.7160146355192795,5238.0,1802.0,1009.0,2544.0,ok,plugin,False,,2087.5529025549845,3726.0547727112125,0.9994271454197593,0.34752459473274344,0.8838884974724042,0.9025157232704403,0.6462144666479032,0.7088213917988332,0.2911786082011668,0.2911786082011668,False,45.0,5.0,0.37835729122161865,0.5308550000190735,0.9092122912406921,domainnet,2,CDANN,logits,345,0.8071539998054504,0.8071539998054504,0.42063772678375244,0.4218969941139221,splits_domainnet_CDANN_2_0_f475b82dfdbf.npz,f475b82dfdbf,True,True,,,,,,
iw_residual_dis2,1.0,0,28152,14207,7040,3553,0.8004261363636364,0.0,1.0,0.8212013840675354,0.5,0.5,0.7187232375144958,0.18246705830097198,2089.0,3018.0,1093.0,1498.0,0.06260692515092998,0.7160146355192795,5238.0,1802.0,1009.0,2544.0,ok,plugin,False,,2087.5529025549845,3726.0547727112125,0.9994271454197593,0.34752459473274344,0.8838884974724042,0.8333333333333334,0.36264300259929483,0.4252499277502248,0.5747500722497751,0.5747500722497751,False,6.0,9.0,0.3127964735031128,0.5269899368286133,0.8397864103317261,domainnet,2,CDANN,logits,345,0.8071539998054504,0.8071539998054504,0.42063772678375244,0.4218969941139221,splits_domainnet_CDANN_2_0_f475b82dfdbf.npz,f475b82dfdbf,False,False,0.23085460599334073,0.5577136514983352,0.2756196818349982,,,
iw_overlap_critic,2.0,0,28152,14207,7040,3553,0.8004261363636364,0.0,1.0,0.8212013840675354,0.5,0.5,0.7187232375144958,0.18246705830097198,7632.0,2144.0,3792.0,1092.0,0.11592182109816551,0.5161835068955812,6333.0,707.0,1719.0,1834.0,ok,plugin,False,,3608.061953668724,3864.7679997049872,1.9994099113240462,0.4280133463159136,1.563187840723199,0.88113413304253,0.4548269068392908,0.5707487279374563,0.42925127206254365,0.42925127206254365,False,40.0,13.0,0.37863683700561523,0.5114730596542358,0.8901098966598511,domainnet,2,CDANN,logits,345,0.8071539998054504,0.8071539998054504,0.42063772678375244,0.4218969941139221,splits_domainnet_CDANN_2_0_f475b82dfdbf.npz,f475b82dfdbf,False,False,,,,,,
iw_residual_dis2,2.0,0,28152,14207,7040,3553,0.8004261363636364,0.0,1.0,0.8212013840675354,0.5,0.5,0.7187232375144958,0.18246705830097198,813.0,2144.0,430.0,1092.0,0.11592182109816551,0.5161835068955812,6333.0,707.0,1719.0,1834.0,ok,plugin,False,,3608.061953668724,3864.7679997049872,1.9994099113240462,0.4280133463159136,1.563187840723199,0.8773173391494002,0.2476975251704737,0.36361934626863923,0.6363806537313608,0.6363806537313608,False,6.0,17.0,0.3135829567909241,0.5627906918525696,0.8763736486434937,domainnet,2,CDANN,logits,345,0.8071539998054504,0.8071539998054504,0.42063772678375244,0.4218969941139221,splits_domainnet_CDANN_2_0_f475b82dfdbf.npz,f475b82dfdbf,False,False,0.2079207920792079,0.6053748231966054,0.27194251595279484,,,
iw_overlap_critic,5.0,0,28152,14207,7040,3553,0.8004261363636364,0.0,1.0,0.8212013840675354,0.5,0.5,0.7187232375144958,0.18246705830097198,8265.0,1059.0,4134.0,545.0,0.1672404588437109,0.2637207993245145,6865.0,175.0,2616.0,937.0,ok,plugin,False,,5163.682344776824,3246.5932874045357,4.985587329775488,0.47494575572255193,2.4601614214573457,0.816435432230523,0.21531100478468898,0.38255146362839987,0.6174485363716001,0.6174485363716001,False,49.0,19.0,0.4619288444519043,0.40412622690200806,0.8660550713539124,domainnet,2,CDANN,logits,345,0.8071539998054504,0.8071539998054504,0.42063772678375244,0.4218969941139221,splits_domainnet_CDANN_2_0_f475b82dfdbf.npz,f475b82dfdbf,False,False,,,,,,
iw_residual_dis2,5.0,0,28152,14207,7040,3553,0.8004261363636364,0.0,1.0,0.8212013840675354,0.5,0.5,0.7187232375144958,0.18246705830097198,180.0,1059.0,88.0,545.0,0.1672404588437109,0.2637207993245145,6865.0,175.0,2616.0,937.0,ok,plugin,False,,5163.682344776824,3246.5932874045357,4.985587329775488,0.47494575572255193,2.4601614214573457,0.8954108858057631,0.10955249085280043,0.2767929496965113,0.7232070503034886,0.7232070503034886,False,4.0,28.0,0.3719766139984131,0.5454545617103577,0.9174311757087708,domainnet,2,CDANN,logits,345,0.8071539998054504,0.8071539998054504,0.42063772678375244,0.4218969941139221,splits_domainnet_CDANN_2_0_f475b82dfdbf.npz,f475b82dfdbf,False,False,0.14857142857142858,0.6285714285714286,0.26683945723433455,,,
dis2_reference,,0,28152,14207,7040,3553,0.8004261404275894,,,,,,,,,,,,,,,,,,ok,dis2_with_correction,True,0.044230700207343654,,,,,,,,0.5055727513540035,0.4944272486459965,0.45019654843865287,,49.0,17.0,0.34197187423706055,0.5378967523574829,0.8798686265945435,domainnet,2,CDANN,logits,345,0.8071539998054504,0.8071539998054504,0.42063772678375244,0.4218969941139221,splits_domainnet_CDANN_2_0_f475b82dfdbf.npz,f475b82dfdbf,False,False,,,,0.01,0.5498034515613471,0.305998891781593
iw_overlap_critic,1.0,0,28152,15295,7040,3825,0.8063920454545455,0.0,1.0,0.8649395108222961,0.5,0.5,0.6886382102966309,0.20106446743011475,5933.0,3061.0,2930.0,1578.0,0.06408633495810889,0.6572549019607843,4982.0,2058.0,1311.0,2514.0,ok,plugin,False,,2354.8885198604594,3943.006758516771,0.9997863011223603,0.4383271352918444,0.9075794229383395,0.9025457438345267,0.593202614379085,0.6572889493371938,0.34271105066280616,0.34271105066280616,False,35.0,29.0,0.3942132592201233,0.5138982534408569,0.9081115126609802,domainnet,3,CDANN,logits,345,0.8074381947517395,0.8074381947517395,0.49369075894355774,0.48549020290374756,splits_domainnet_CDANN_3_0_f475b82dfdbf.npz,f475b82dfdbf,True,True,,,,,,
iw_residual_dis2,1.0,0,28152,15295,7040,3825,0.8063920454545455,0.0,1.0,0.8649395108222961,0.5,0.5,0.6886382102966309,0.20106446743011475,2512.0,3061.0,1292.0,1578.0,0.06408633495810889,0.6572549019607843,4982.0,2058.0,1311.0,2514.0,ok,plugin,False,,2354.8885198604594,3943.006758516771,0.9997863011223603,0.4383271352918444,0.9075794229383395,0.8735083532219571,0.2985049257798358,0.3625912607379447,0.6374087392620553,0.6374087392620553,False,7.0,24.0,0.2551991939544678,0.6339009404182434,0.8891001343727112,domainnet,3,CDANN,logits,345,0.8074381947517395,0.8074381947517395,0.49369075894355774,0.48549020290374756,splits_domainnet_CDANN_3_0_f475b82dfdbf.npz,f475b82dfdbf,False,False,0.22157434402332363,0.640913508260447,0.23259484496151006,,,
iw_overlap_critic,2.0,0,28152,15295,7040,3825,0.8063920454545455,0.0,1.0,0.8649395108222961,0.5,0.5,0.6886382102966309,0.20106446743011475,7521.0,1858.0,3734.0,945.0,0.1181812044712839,0.40784313725490196,6254.0,786.0,2265.0,1560.0,ok,plugin,False,,4117.338747694619,4295.258617316316,1.9978812904466472,0.5423618427242287,1.5934886840018836,0.8839743589743589,0.36052287581699344,0.4787040802882773,0.5212959197117226,0.5212959197117226,False,43.0,22.0,0.36541640758514404,0.505483090877533,0.870899498462677,domainnet,3,CDANN,logits,345,0.8074381947517395,0.8074381947517395,0.49369075894355774,0.48549020290374756,splits_domainnet_CDANN_3_0_f475b82dfdbf.npz,f475b82dfdbf,False,False,,,,,,
iw_residual_dis2,2.0,0,28152,15295,7040,3825,0.8063920454545455,0.0,1.0,0.8649395108222961,0.5,0.5,0.6886382102966309,0.20106446743011475,924.0,1858.0,488.0,945.0,0.1181812044712839,0.40784313725490196,6254.0,786.0,2265.0,1560.0,ok,plugin,False,,4117.338747694619,4295.258617316316,1.9978812904466472,0.5423618427242287,1.5934886840018836,0.8903846153846153,0.18827321259292512,0.306454417064209,0.693545582935791,0.693545582935791,False,6.0,28.0,0.26257920265197754,0.6495901346206665,0.912169337272644,domainnet,3,CDANN,logits,345,0.8074381947517395,0.8074381947517395,0.49369075894355774,0.48549020290374756,splits_domainnet_CDANN_3_0_f475b82dfdbf.npz,f475b82dfdbf,False,False,0.23155216284987276,0.6603053435114504,0.2300792718731649,,,
iw_overlap_critic,5.0,0,28152,15295,7040,3825,0.8063920454545455,0.0,1.0,0.8649395108222961,0.5,0.5,0.6886382102966309,0.20106446743011475,8263.0,601.0,4131.0,324.0,0.1798773612378582,0.1338562091503268,6894.0,146.0,3313.0,512.0,ok,plugin,False,,5968.239942074566,3694.899690914633,4.954372230035607,0.6044255808220872,2.6159530026010374,0.7734375,0.1035294117647059,0.2834067730025641,0.7165932269974359,0.7165932269974359,False,49.0,8.0,0.41533786058425903,0.343921422958374,0.7592592835426331,domainnet,3,CDANN,logits,345,0.8074381947517395,0.8074381947517395,0.49369075894355774,0.48549020290374756,splits_domainnet_CDANN_3_0_f475b82dfdbf.npz,f475b82dfdbf,False,False,,,,,,
iw_residual_dis2,5.0,0,28152,15295,7040,3825,0.8063920454545455,0.0,1.0,0.8649395108222961,0.5,0.5,0.6886382102966309,0.20106446743011475,182.0,601.0,91.0,324.0,0.1798773612378582,0.1338562091503268,6894.0,146.0,3313.0,512.0,ok,plugin,False,,5968.239942074566,3694.899690914633,4.954372230035607,0.6044255808220872,2.6159530026010374,0.890625,0.0495371116483123,0.2294144728861705,0.7705855271138295,0.7705855271138295,False,6.0,4.0,0.24460721015930176,0.6813187003135681,0.9259259104728699,domainnet,3,CDANN,logits,345,0.8074381947517395,0.8074381947517395,0.49369075894355774,0.48549020290374756,splits_domainnet_CDANN_3_0_f475b82dfdbf.npz,f475b82dfdbf,False,False,0.2191780821917808,0.7397260273972602,0.15089897260273977,,,
dis2_reference,,0,28152,15295,7040,3825,0.8063920587301254,,,,,,,,,,,,,,,,,,ok,dis2_with_correction,True,0.04370663582917157,,,,,,,,0.4853284552330357,0.5146715447669643,0.47096490893779275,,30.0,18.0,0.32077479362487793,0.5554239749908447,0.8761987686157227,domainnet,3,CDANN,logits,345,0.8074381947517395,0.8074381947517395,0.49369075894355774,0.48549020290374756,splits_domainnet_CDANN_3_0_f475b82dfdbf.npz,f475b82dfdbf,True,True,,,,0.01,0.5290350910622073,0.291720513963161
iw_overlap_critic,1.0,0,28152,9910,7040,2478,0.7886363636363636,0.0,1.0,1.0179495811462402,0.5,0.5,0.8324456214904785,0.12349427491426468,6965.0,2522.0,3455.0,1257.0,0.03645073219509607,0.851089588377724,5742.0,1298.0,369.0,2109.0,ok,plugin,False,,1325.9533525885004,2823.2091294114307,0.9987177955515574,0.14539549997045143,0.7704676263879559,0.923660502607871,0.7861178369652946,0.8225685691603907,0.17743143083960933,0.17743143083960933,False,48.0,8.0,0.4674919545650482,0.4513624608516693,0.9188544154167175,domainnet,1,FixMatch,logits,345,0.7881500124931335,0.7881500124931335,0.5799192786216736,0.5916061401367188,splits_domainnet_FixMatch_1_0_f475b82dfdbf.npz,f475b82dfdbf,True,True,,,,,,
iw_residual_dis2,1.0,0,28152,9910,7040,2478,0.7886363636363636,0.0,1.0,1.0179495811462402,0.5,0.5,0.8324456214904785,0.12349427491426468,1480.0,2522.0,767.0,1257.0,0.03645073219509607,0.851089588377724,5742.0,1298.0,369.0,2109.0,ok,plugin,False,,1325.9533525885004,2823.2091294114307,0.9987177955515574,0.14539549997045143,0.7704676263879559,0.8933143669985776,0.41867447404649355,0.45512520624158964,0.5448747937584104,0.5448747937584104,False,18.0,12.0,0.3240202069282532,0.5606257915496826,0.8846459984779358,domainnet,1,FixMatch,logits,345,0.7881500124931335,0.7881500124931335,0.5799192786216736,0.5916061401367188,splits_domainnet_FixMatch_1_0_f475b82dfdbf.npz,f475b82dfdbf,True,True,0.19799691833590138,0.5993836671802774,0.2939306998183002,,,
iw_overlap_critic,2.0,0,28152,9910,7040,2478,0.7886363636363636,0.0,1.0,1.0179495811462402,0.5,0.5,0.8324456214904785,0.12349427491426468,7663.0,2149.0,3844.0,1076.0,0.06023186664483359,0.7090395480225988,6345.0,695.0,721.0,1757.0,ok,plugin,False,,2164.236442172738,2548.84712638809,1.9994186372784857,0.17416584096652576,1.3175939296250414,0.9220261809903244,0.6537530266343825,0.7139848932792161,0.2860151067207839,0.2860151067207839,False,48.0,25.0,0.5005041360855103,0.4056297242641449,0.9061338305473328,domainnet,1,FixMatch,logits,345,0.7881500124931335,0.7881500124931335,0.5799192786216736,0.5916061401367188,splits_domainnet_FixMatch_1_0_f475b82dfdbf.npz,f475b82dfdbf,True,True,,,,,,
iw_residual_dis2,2.0,0,28152,9910,7040,2478,0.7886363636363636,0.0,1.0,1.0179495811462402,0.5,0.5,0.8324456214904785,0.12349427491426468,782.0,2149.0,378.0,1076.0,0.06023186664483359,0.7090395480225988,6345.0,695.0,721.0,1757.0,ok,plugin,False,,2164.236442172738,2548.84712638809,1.9994186372784857,0.17416584096652576,1.3175939296250414,0.8508821855435401,0.3217337026262766,0.3819655692711102,0.6180344307288899,0.6180344307288899,False,8.0,10.0,0.31733739376068115,0.5423280596733093,0.8596654534339905,domainnet,1,FixMatch,logits,345,0.7881500124931335,0.7881500124931335,0.5799192786216736,0.5916061401367188,splits_domainnet_FixMatch_1_0_f475b82dfdbf.npz,f475b82dfdbf,False,False,0.19568345323741007,0.5928057553956835,0.25807643014785664,,,
iw_overlap_critic,5.0,0,28152,9910,7040,2478,0.7886363636363636,0.0,1.0,1.0179495811462402,0.5,0.5,0.8324456214904785,0.12349427491426468,8135.0,1545.0,4070.0,782.0,0.09597351518534089,0.5177562550443906,6740.0,300.0,1195.0,1283.0,ok,plugin,False,,3373.332494837644,1956.831300156481,4.996517838183,0.19122601733890748,2.1622035346300255,0.9080280592361653,0.470137207425343,0.5661107226106838,0.43388927738931615,0.43388927738931615,False,42.0,26.0,0.48763027787208557,0.41006794571876526,0.8976982235908508,domainnet,1,FixMatch,logits,345,0.7881500124931335,0.7881500124931335,0.5799192786216736,0.5916061401367188,splits_domainnet_FixMatch_1_0_f475b82dfdbf.npz,f475b82dfdbf,True,True,,,,,,
iw_residual_dis2,5.0,0,28152,9910,7040,2478,0.7886363636363636,0.0,1.0,1.0179495811462402,0.5,0.5,0.8324456214904785,0.12349427491426468,310.0,1545.0,152.0,782.0,0.09597351518534089,0.5177562550443906,6740.0,300.0,1195.0,1283.0,ok,plugin,False,,3373.332494837644,1956.831300156481,4.996517838183,0.19122601733890748,2.1622035346300255,0.882307092751364,0.2497175141242938,0.3456910293096347,0.6543089706903653,0.6543089706903653,False,10.0,10.0,0.3397664427757263,0.5592105388641357,0.8989769816398621,domainnet,1,FixMatch,logits,345,0.7881500124931335,0.7881500124931335,0.5799192786216736,0.5916061401367188,splits_domainnet_FixMatch_1_0_f475b82dfdbf.npz,f475b82dfdbf,False,False,0.19,0.59,0.292307092751364,,,
dis2_reference,,0,28152,9910,7040,2478,0.7886363714933395,,,,,,,,,,,,,,,,,,ok,dis2_with_correction,True,0.04730219952061266,,,,,,,,0.6369153014100282,0.36308469858997183,0.3157824990693592,,44.0,17.0,0.44048094749450684,0.4632875323295593,0.9037684798240662,domainnet,1,FixMatch,logits,345,0.7881500124931335,0.7881500124931335,0.5799192786216736,0.5916061401367188,splits_domainnet_FixMatch_1_0_f475b82dfdbf.npz,f475b82dfdbf,True,True,,,,0.01,0.6842175009306408,0.42555167290336776
iw_overlap_critic,1.0,0,28152,14207,7040,3553,0.782528409090909,0.0,1.0,0.918707013130188,0.5,0.5,0.8477603197097778,0.11127850413322449,7246.0,3615.0,3564.0,1779.0,0.033908981047329576,0.8463270475654376,5962.0,1078.0,546.0,3007.0,ok,plugin,False,,1225.9671810724838,2615.2259886806733,0.9981524024748362,0.11335769806773235,0.7527668924296272,0.9444629198536748,0.7993245144947931,0.8332334955421227,0.16676650445787733,0.16676650445787733,False,48.0,10.0,0.4627513289451599,0.47654038667678833,0.9392917156219482,domainnet,2,FixMatch,logits,345,0.7839584946632385,0.7839584946632385,0.4797635078430176,0.48156487941741943,splits_domainnet_FixMatch_2_0_f475b82dfdbf.npz,f475b82dfdbf,True,True,,,,,,
iw_residual_dis2,1.0,0,28152,14207,7040,3553,0.782528409090909,0.0,1.0,0.918707013130188,0.5,0.5,0.8477603197097778,0.11127850413322449,1199.0,3615.0,658.0,1779.0,0.033908981047329576,0.8463270475654376,5962.0,1078.0,546.0,3007.0,ok,plugin,False,,1225.9671810724838,2615.2259886806733,0.9981524024748362,0.11335769806773235,0.7527668924296272,0.9145327569005653,0.4764446883581619,0.5103536694054914,0.48964633059450857,0.48964633059450857,False,18.0,4.0,0.39332401752471924,0.5319148898124695,0.9252389073371887,domainnet,2,FixMatch,logits,345,0.7839584946632385,0.7839584946632385,0.4797635078430176,0.48156487941741943,splits_domainnet_FixMatch_2_0_f475b82dfdbf.npz,f475b82dfdbf,False,False,0.18552875695732837,0.5371057513914657,0.3774270055090997,,,
iw_overlap_critic,2.0,0,28152,14207,7040,3553,0.782528409090909,0.0,1.0,0.918707013130188,0.5,0.5,0.8477603197097778,0.11127850413322449,7789.0,3193.0,3851.0,1572.0,0.051503291589599265,0.7424711511398818,6438.0,602.0,915.0,2638.0,ok,plugin,False,,1899.4656706838705,2301.4582684286866,1.9974522331443465,0.1312389935776515,1.2159083487662905,0.9370735405610311,0.6957500703630735,0.7472533619526727,0.25274663804732733,0.25274663804732733,False,38.0,9.0,0.46842870116233826,0.46414127945899963,0.9325699806213379,domainnet,2,FixMatch,logits,345,0.7839584946632385,0.7839584946632385,0.4797635078430176,0.48156487941741943,splits_domainnet_FixMatch_2_0_f475b82dfdbf.npz,f475b82dfdbf,True,True,,,,,,
iw_residual_dis2,2.0,0,28152,14207,7040,3553,0.782528409090909,0.0,1.0,0.918707013130188,0.5,0.5,0.8477603197097778,0.11127850413322449,656.0,3193.0,371.0,1572.0,0.051503291589599265,0.7424711511398818,6438.0,602.0,915.0,2638.0,ok,plugin,False,,1899.4656706838705,2301.4582684286866,1.9974522331443465,0.1312389935776515,1.2159083487662905,0.8775587566338134,0.4011938813580399,0.45269717294763917,0.5473028270523608,0.5473028270523608,False,9.0,1.0,0.3972912132740021,0.4824797809123993,0.8797709941864014,domainnet,2,FixMatch,logits,345,0.7839584946632385,0.7839584946632385,0.4797635078430176,0.48156487941741943,splits_domainnet_FixMatch_2_0_f475b82dfdbf.npz,f475b82dfdbf,False,False,0.18604651162790697,0.5232558139534884,0.35430294268032503,,,
iw_overlap_critic,5.0,0,28152,14207,7040,3553,0.782528409090909,0.0,1.0,0.918707013130188,0.5,0.5,0.8477603197097778,0.11127850413322449,8182.0,2415.0,4076.0,1190.0,0.07920769705184753,0.5690965381367858,6798.0,242.0,1531.0,2022.0,ok,plugin,False,,3014.4421945239155,1718.2167565882512,4.989870552074654,0.1479318927672032,2.0738723338259315,0.9322453016815034,0.5305375738812271,0.6097452709330746,0.3902547290669254,0.3902547290669254,False,41.0,20.0,0.48527681827545166,0.45085763931274414,0.9361344575881958,domainnet,2,FixMatch,logits,345,0.7839584946632385,0.7839584946632385,0.4797635078430176,0.48156487941741943,splits_domainnet_FixMatch_2_0_f475b82dfdbf.npz,f475b82dfdbf,True,True,,,,,,
iw_residual_dis2,5.0,0,28152,14207,7040,3553,0.782528409090909,0.0,1.0,0.918707013130188,0.5,0.5,0.8477603197097778,0.11127850413322449,263.0,2415.0,146.0,1190.0,0.07920769705184753,0.5690965381367858,6798.0,242.0,1531.0,2022.0,ok,plugin,False,,3014.4421945239155,1718.2167565882512,4.989870552074654,0.1479318927672032,2.0738723338259315,0.947082096933729,0.2685427051519726,0.34775040220382014,0.6522495977961799,0.6522495977961799,False,18.0,25.0,0.38121330738067627,0.5616438388824463,0.9428571462631226,domainnet,2,FixMatch,logits,345,0.7839584946632385,0.7839584946632385,0.4797635078430176,0.48156487941741943,splits_domainnet_FixMatch_2_0_f475b82dfdbf.npz,f475b82dfdbf,False,False,0.19421487603305784,0.6694214876033058,0.27766060933042325,,,
dis2_reference,,0,28152,14207,7040,3553,0.7825284153223038,,,,,,,,,,,,,,,,,,ok,dis2_with_correction,True,0.044230700207343654,,,,,,,,0.6735685449929227,0.32643145500707726,0.2822007547997336,,49.0,14.0,0.45060044527053833,0.46352440118789673,0.9141248464584351,domainnet,2,FixMatch,logits,345,0.7839584946632385,0.7839584946632385,0.4797635078430176,0.48156487941741943,splits_domainnet_FixMatch_2_0_f475b82dfdbf.npz,f475b82dfdbf,True,True,,,,0.01,0.7177992452002664,0.45609696031522656
iw_overlap_critic,1.0,0,28152,15295,7040,3825,0.7846590909090909,0.0,1.0,0.9267679452896118,0.5,0.5,0.778457760810852,0.15357907116413116,6617.0,3469.0,3312.0,1747.0,0.048702156541553895,0.763921568627451,5482.0,1558.0,903.0,2922.0,ok,plugin,False,,1675.391346465051,3275.079703997947,0.9990859297156132,0.23631307202829288,0.8312926494875252,0.9260780287474333,0.7074509803921568,0.7561531369337107,0.24384686306628933,0.24384686306628933,False,49.0,4.0,0.473991334438324,0.45331263542175293,0.9273039698600769,domainnet,3,FixMatch,logits,345,0.7918442487716675,0.7918442487716675,0.5335730910301208,0.5325490236282349,splits_domainnet_FixMatch_3_0_f475b82dfdbf.npz,f475b82dfdbf,True,True,,,,,,
iw_residual_dis2,1.0,0,28152,15295,7040,3825,0.7846590909090909,0.0,1.0,0.9267679452896118,0.5,0.5,0.778457760810852,0.15357907116413116,1828.0,3469.0,910.0,1747.0,0.048702156541553895,0.763921568627451,5482.0,1558.0,903.0,2922.0,ok,plugin,False,,1675.391346465051,3275.079703997947,0.9990859297156132,0.23631307202829288,0.8312926494875252,0.865845311430527,0.3961737437807814,0.4448759003223353,0.5551240996776647,0.5551240996776647,False,10.0,8.0,0.32796186208724976,0.5472527742385864,0.8752146363258362,domainnet,3,FixMatch,logits,345,0.7918442487716675,0.7918442487716675,0.5335730910301208,0.5325490236282349,splits_domainnet_FixMatch_3_0_f475b82dfdbf.npz,f475b82dfdbf,False,False,0.22913992297817715,0.576379974326059,0.289465337104468,,,
iw_overlap_critic,2.0,0,28152,15295,7040,3825,0.7846590909090909,0.0,1.0,0.9267679452896118,0.5,0.5,0.778457760810852,0.15357907116413116,7578.0,2735.0,3797.0,1403.0,0.08509400310359932,0.6039215686274509,6263.0,777.0,1515.0,2310.0,ok,plugin,False,,2772.453644613271,3125.311696132131,1.9977274457761756,0.28574429007786184,1.4592303986450035,0.9138528138528138,0.5518954248366013,0.6369894279402006,0.36301057205979936,0.36301057205979936,False,47.0,28.0,0.4918261170387268,0.4397490620613098,0.9315751791000366,domainnet,3,FixMatch,logits,345,0.7918442487716675,0.7918442487716675,0.5335730910301208,0.5325490236282349,splits_domainnet_FixMatch_3_0_f475b82dfdbf.npz,f475b82dfdbf,True,True,,,,,,
iw_residual_dis2,2.0,0,28152,15295,7040,3825,0.7846590909090909,0.0,1.0,0.9267679452896118,0.5,0.5,0.778457760810852,0.15357907116413116,867.0,2735.0,425.0,1403.0,0.08509400310359932,0.6039215686274509,6263.0,777.0,1515.0,2310.0,ok,plugin,False,,2772.453644613271,3125.311696132131,1.9977274457761756,0.28574429007786184,1.4592303986450035,0.9043290043290043,0.2974244833068362,0.3825184864104355,0.6174815135895645,0.6174815135895645,False,11.0,5.0,0.29336971044540405,0.6047058701515198,0.8980755805969238,domainnet,3,FixMatch,logits,345,0.7918442487716675,0.7918442487716675,0.5335730910301208,0.5325490236282349,splits_domainnet_FixMatch_3_0_f475b82dfdbf.npz,f475b82dfdbf,False,False,0.22265122265122264,0.6344916344916345,0.26983736983736983,,,
iw_overlap_critic,5.0,0,28152,15295,7040,3825,0.7846590909090909,0.0,1.0,0.9267679452896118,0.5,0.5,0.778457760810852,0.15357907116413116,8136.0,1668.0,4083.0,881.0,0.12386537722288701,0.37071895424836604,6748.0,292.0,2407.0,1418.0,ok,plugin,False,,4231.819745758061,2505.6340598409297,4.980824892882515,0.3179867830779944,2.420095274602663,0.9062059238363893,0.3359477124183007,0.4598130896411877,0.5401869103588123,0.5401869103588123,False,49.0,0.0,0.48790600895881653,0.4246933162212372,0.9125993251800537,domainnet,3,FixMatch,logits,345,0.7918442487716675,0.7918442487716675,0.5335730910301208,0.5325490236282349,splits_domainnet_FixMatch_3_0_f475b82dfdbf.npz,f475b82dfdbf,False,False,,,,,,
iw_residual_dis2,5.0,0,28152,15295,7040,3825,0.7846590909090909,0.0,1.0,0.9267679452896118,0.5,0.5,0.778457760810852,0.15357907116413116,309.0,1668.0,139.0,881.0,0.12386537722288701,0.37071895424836604,6748.0,292.0,2407.0,1418.0,ok,plugin,False,,4231.819745758061,2505.6340598409297,4.980824892882515,0.3179867830779944,2.420095274602663,0.9076163610719323,0.210781627719581,0.334647004942468,0.665352995057532,0.665352995057532,False,8.0,11.0,0.36697179079055786,0.5467625856399536,0.9137343764305115,domainnet,3,FixMatch,logits,345,0.7918442487716675,0.7918442487716675,0.5335730910301208,0.5325490236282349,splits_domainnet_FixMatch_3_0_f475b82dfdbf.npz,f475b82dfdbf,False,False,0.2910958904109589,0.6301369863013698,0.2774793747705625,,,
dis2_reference,,0,28152,15295,7040,3825,0.7846591025590897,,,,,,,,,,,,,,,,,,ok,dis2_with_correction,True,0.04370663582917157,,,,,,,,0.6142310860921283,0.3857689139078717,0.34206227807870015,,49.0,12.0,0.42564868927001953,0.46755093336105347,0.893199622631073,domainnet,3,FixMatch,logits,345,0.7918442487716675,0.7918442487716675,0.5335730910301208,0.5325490236282349,splits_domainnet_FixMatch_3_0_f475b82dfdbf.npz,f475b82dfdbf,True,True,,,,0.01,0.6579377219212998,0.3988901886512181
iw_overlap_critic,1.0,0,1700,8804,425,2203,0.8847058823529412,0.0,1.0,1.549668312072754,0.5,0.5,0.5195855498313904,0.24708810448646545,247.0,1466.0,124.0,742.0,0.04863623027711052,0.5501588742623695,198.0,227.0,991.0,1212.0,ok,plugin,False,,166.1499537512254,192.7226072026181,0.9947336604061873,0.8719120873853252,0.9873794626954215,0.886963696369637,0.48797094870630964,0.5366071789834201,0.46339282101657986,0.46339282101657986,False,49.0,17.0,0.5563420057296753,0.3412320911884308,0.8975741267204285,living17,1,ERM-aug-rand,logits,17,0.8964705467224121,0.8964705467224121,0.5885961055755615,0.6000908017158508,splits_living17_ERM-aug-rand_1_0_f475b82dfdbf.npz,f475b82dfdbf,True,True,,,,,,
iw_residual_dis2,1.0,0,1700,8804,425,2203,0.8847058823529412,0.0,1.0,1.549668312072754,0.5,0.5,0.5195855498313904,0.24708810448646545,263.0,1466.0,131.0,742.0,0.04863623027711052,0.5501588742623695,198.0,227.0,991.0,1212.0,ok,plugin,False,,166.1499537512254,192.7226072026181,0.9947336604061873,0.8719120873853252,0.9873794626954215,0.7252475247524752,0.10089765457995804,0.14953388485706856,0.8504661151429315,0.8504661151429315,False,34.0,25.0,0.2751486897468567,0.48091602325439453,0.7560647130012512,living17,1,ERM-aug-rand,logits,17,0.8964705467224121,0.8964705467224121,0.5885961055755615,0.6000908017158508,splits_living17_ERM-aug-rand_1_0_f475b82dfdbf.npz,f475b82dfdbf,False,False,0.1145374449339207,0.6563876651982379,0.06885985955423735,,,
iw_overlap_critic,2.0,0,1700,8804,425,2203,0.8847058823529412,0.0,1.0,1.549668312072754,0.5,0.5,0.5195855498313904,0.24708810448646545,507.0,1.0,255.0,4.0,0.11991435268574017,0.0018157058556513845,424.0,1.0,2199.0,4.0,ok,plugin,False,,440.31058358928647,400.53152257536294,1.9761633942868233,1.0135779540075827,1.471562291905395,1.0,0.0018157058556513845,0.12173005854139156,0.8782699414586085,0.8782699414586085,False,49.0,12.0,0.5494394302368164,0.450560599565506,1.0,living17,1,ERM-aug-rand,logits,17,0.8964705467224121,0.8964705467224121,0.5885961055755615,0.6000908017158508,splits_living17_ERM-aug-rand_1_0_f475b82dfdbf.npz,f475b82dfdbf,False,False,,,,,,
iw_residual_dis2,2.0,0,1700,8804,425,2203,0.8847058823529412,0.0,1.0,1.549668312072754,0.5,0.5,0.5195855498313904,0.24708810448646545,3.0,1.0,0.0,4.0,0.11991435268574017,0.0018157058556513845,424.0,1.0,2199.0,4.0,unsupported_critic_region,plugin,False,,440.31058358928647,400.53152257536294,1.9761633942868233,1.0135779540075827,1.471562291905395,,,,,,,,,,,,living17,1,ERM-aug-rand,logits,17,0.8964705467224121,0.8964705467224121,0.5885961055755615,0.6000908017158508,splits_living17_ERM-aug-rand_1_0_f475b82dfdbf.npz,f475b82dfdbf,,,,,,,,
iw_overlap_critic,5.0,0,1700,8804,425,2203,0.8847058823529412,0.0,1.0,1.549668312072754,0.5,0.5,0.5195855498313904,0.24708810448646545,,,,,0.11991435268574017,0.0,425.0,0.0,2203.0,0.0,ok,plugin,False,,442.8910531763927,399.74082696072077,2.5804695871062266,1.0145037910876882,1.480225006122961,,0.0,0.11991435268574017,0.8800856473142599,0.8800856473142599,False,,,,,,living17,1,ERM-aug-rand,logits,17,0.8964705467224121,0.8964705467224121,0.5885961055755615,0.6000908017158508,splits_living17_ERM-aug-rand_1_0_f475b82dfdbf.npz,f475b82dfdbf,False,False,,,,,,
iw_residual_dis2,5.0,0,1700,8804,425,2203,0.8847058823529412,0.0,1.0,1.549668312072754,0.5,0.5,0.5195855498313904,0.24708810448646545,,,,,0.11991435268574017,0.0,425.0,0.0,2203.0,0.0,ok,plugin,False,,442.8910531763927,399.74082696072077,2.5804695871062266,1.0145037910876882,1.480225006122961,,0.0,0.11991435268574017,0.8800856473142599,0.8800856473142599,False,,,,,,living17,1,ERM-aug-rand,logits,17,0.8964705467224121,0.8964705467224121,0.5885961055755615,0.6000908017158508,splits_living17_ERM-aug-rand_1_0_f475b82dfdbf.npz,f475b82dfdbf,False,False,,,,,,
dis2_reference,,0,1700,8804,425,2203,0.8847058862447739,,,,,,,,,,,,,,,,,,ok,dis2_with_correction,True,0.15072024887072544,,,,,,,,0.26909935260065077,0.7309006473993492,0.5801803985286238,,49.0,12.0,0.28239747881889343,0.4941176474094391,0.7765151262283325,living17,1,ERM-aug-rand,logits,17,0.8964705467224121,0.8964705467224121,0.5885961055755615,0.6000908017158508,splits_living17_ERM-aug-rand_1_0_f475b82dfdbf.npz,f475b82dfdbf,True,True,,,,0.01,0.4198196014713762,0.15380523884542463
iw_overlap_critic,1.0,0,1700,68,425,19,0.8847058823529412,0.0,1.0,6.10969352722168,0.5,0.5,0.4784314036369324,0.24827584624290466,331.0,3.0,152.0,5.0,0.08941846432438671,0.21052631578947367,303.0,122.0,15.0,4.0,ok,plugin,False,,251.61603949651402,297.9050301319451,0.9971436620917274,0.8429638306708547,0.9821440618241448,0.25,0.05263157894736842,0.14205004327175513,0.8579499567282449,0.8579499567282449,False,49.0,1.0,0.48803287744522095,0.511967122554779,1.0,living17,2,ERM-aug-rand,logits,17,0.8964705467224121,0.8964705467224121,0.8529411554336548,0.8421052694320679,splits_living17_ERM-aug-rand_2_0_f475b82dfdbf.npz,f475b82dfdbf,False,False,,,,,,
iw_residual_dis2,1.0,0,1700,68,425,19,0.8847058823529412,0.0,1.0,6.10969352722168,0.5,0.5,0.4784314036369324,0.24827584624290466,179.0,3.0,103.0,5.0,0.08941846432438671,0.21052631578947367,303.0,122.0,15.0,4.0,ok,plugin,False,,251.61603949651402,297.9050301319451,0.9971436620917274,0.8429638306708547,0.9821440618241448,0.25,-0.05953408110440034,0.029884383219986377,0.9701156167800136,0.9701156167800136,False,39.0,1.0,0.40776699781417847,0.5922330021858215,1.0,living17,2,ERM-aug-rand,logits,17,0.8964705467224121,0.8964705467224121,0.8529411554336548,0.8421052694320679,splits_living17_ERM-aug-rand_2_0_f475b82dfdbf.npz,f475b82dfdbf,False,False,0.040983606557377046,0.5737704918032787,-0.32377049180327866,,,
iw_overlap_critic,2.0,0,1700,68,425,19,0.8847058823529412,0.0,1.0,6.10969352722168,0.5,0.5,0.4784314036369324,0.24827584624290466,,,,,0.10209562215168591,0.0,425.0,0.0,19.0,0.0,ok,plugin,False,,391.77208871838513,408.3721978734422,1.616291246160244,0.901291305797418,1.2600807030268353,,0.0,0.10209562215168591,0.8979043778483141,0.8979043778483141,False,,,,,,living17,2,ERM-aug-rand,logits,17,0.8964705467224121,0.8964705467224121,0.8529411554336548,0.8421052694320679,splits_living17_ERM-aug-rand_2_0_f475b82dfdbf.npz,f475b82dfdbf,False,False,,,,,,
iw_residual_dis2,2.0,0,1700,68,425,19,0.8847058823529412,0.0,1.0,6.10969352722168,0.5,0.5,0.4784314036369324,0.24827584624290466,,,,,0.10209562215168591,0.0,425.0,0.0,19.0,0.0,ok,plugin,False,,391.77208871838513,408.3721978734422,1.616291246160244,0.901291305797418,1.2600807030268353,,0.0,0.10209562215168591,0.8979043778483141,0.8979043778483141,False,,,,,,living17,2,ERM-aug-rand,logits,17,0.8964705467224121,0.8964705467224121,0.8529411554336548,0.8421052694320679,splits_living17_ERM-aug-rand_2_0_f475b82dfdbf.npz,f475b82dfdbf,False,False,,,,,,
iw_overlap_critic,5.0,0,1700,68,425,19,0.8847058823529412,0.0,1.0,6.10969352722168,0.5,0.5,0.4784314036369324,0.24827584624290466,,,,,0.10209562215168591,0.0,425.0,0.0,19.0,0.0,ok,plugin,False,,391.77208871838513,408.3721978734422,1.616291246160244,0.901291305797418,1.2600807030268353,,0.0,0.10209562215168591,0.8979043778483141,0.8979043778483141,False,,,,,,living17,2,ERM-aug-rand,logits,17,0.8964705467224121,0.8964705467224121,0.8529411554336548,0.8421052694320679,splits_living17_ERM-aug-rand_2_0_f475b82dfdbf.npz,f475b82dfdbf,False,False,,,,,,
iw_residual_dis2,5.0,0,1700,68,425,19,0.8847058823529412,0.0,1.0,6.10969352722168,0.5,0.5,0.4784314036369324,0.24827584624290466,,,,,0.10209562215168591,0.0,425.0,0.0,19.0,0.0,ok,plugin,False,,391.77208871838513,408.3721978734422,1.616291246160244,0.901291305797418,1.2600807030268353,,0.0,0.10209562215168591,0.8979043778483141,0.8979043778483141,False,,,,,,living17,2,ERM-aug-rand,logits,17,0.8964705467224121,0.8964705467224121,0.8529411554336548,0.8421052694320679,splits_living17_ERM-aug-rand_2_0_f475b82dfdbf.npz,f475b82dfdbf,False,False,,,,,,
dis2_reference,,0,1700,68,425,19,0.8847058862447739,,,,,,,,,,,,,,,,,,ok,dis2_with_correction,True,0.3779683561033674,,,,,,,,0.1541795626716348,0.8458204373283652,0.46785208122499783,,36.0,24.0,0.23529410362243652,0.7647058963775635,1.0,living17,2,ERM-aug-rand,logits,17,0.8964705467224121,0.8964705467224121,0.8529411554336548,0.8421052694320679,splits_living17_ERM-aug-rand_2_0_f475b82dfdbf.npz,f475b82dfdbf,True,True,,,,0.01,0.5321479187750022,0.03888544891640866
iw_overlap_critic,1.0,0,1700,68,425,19,0.8847058823529412,0.0,1.0,4.606319904327393,0.5,0.5,0.5470588207244873,0.24363034963607788,329.0,7.0,170.0,2.0,0.06247337390061181,0.2631578947368421,287.0,138.0,14.0,5.0,ok,plugin,False,,222.72712152010152,279.85172283972054,0.9968982830580286,0.7903866084037916,0.9687656398125084,0.6,0.15789473684210525,0.22036811074271706,0.7796318892572829,0.7796318892572829,False,49.0,3.0,0.6444734334945679,0.35552653670310974,1.0,living17,3,ERM-aug-rand,logits,17,0.8964705467224121,0.8964705467224121,0.5735294222831726,0.6315789222717285,splits_living17_ERM-aug-rand_3_0_f475b82dfdbf.npz,f475b82dfdbf,False,False,,,,,,
iw_residual_dis2,1.0,0,1700,68,425,19,0.8847058823529412,0.0,1.0,4.606319904327393,0.5,0.5,0.5470588207244873,0.24363034963607788,181.0,7.0,85.0,2.0,0.06247337390061181,0.2631578947368421,287.0,138.0,14.0,5.0,ok,plugin,False,,222.72712152010152,279.85172283972054,0.9968982830580286,0.7903866084037916,0.9687656398125084,0.2,-0.0160183066361556,0.04645506726445621,0.9535449327355437,0.9535449327355437,False,48.0,5.0,0.6941176652908325,0.30588236451148987,1.0,living17,3,ERM-aug-rand,logits,17,0.8964705467224121,0.8964705467224121,0.5735294222831726,0.6315789222717285,splits_living17_ERM-aug-rand_3_0_f475b82dfdbf.npz,f475b82dfdbf,False,False,0.11594202898550725,0.37681159420289856,-0.17681159420289855,,,
iw_overlap_critic,2.0,0,1700,68,425,19,0.8847058823529412,0.0,1.0,4.606319904327393,0.5,0.5,0.5470588207244873,0.24363034963607788,,,,,0.10610756540997598,0.0,424.0,1.0,19.0,0.0,ok,plugin,False,,391.3698478877972,391.76954311025344,1.947971570481213,0.8617784337185308,1.4149108587221766,,0.0,0.10610756540997598,0.893892434590024,0.893892434590024,False,,,,,,living17,3,ERM-aug-rand,logits,17,0.8964705467224121,0.8964705467224121,0.5735294222831726,0.6315789222717285,splits_living17_ERM-aug-rand_3_0_f475b82dfdbf.npz,f475b82dfdbf,False,False,,,,,,
iw_residual_dis2,2.0,0,1700,68,425,19,0.8847058823529412,0.0,1.0,4.606319904327393,0.5,0.5,0.5470588207244873,0.24363034963607788,,,,,0.10610756540997598,0.0,424.0,1.0,19.0,0.0,ok,plugin,False,,391.3698478877972,391.76954311025344,1.947971570481213,0.8617784337185308,1.4149108587221766,,0.0,0.10610756540997598,0.893892434590024,0.893892434590024,False,,,,,,living17,3,ERM-aug-rand,logits,17,0.8964705467224121,0.8964705467224121,0.5735294222831726,0.6315789222717285,splits_living17_ERM-aug-rand_3_0_f475b82dfdbf.npz,f475b82dfdbf,False,False,,,,,,
iw_overlap_critic,5.0,0,1700,68,425,19,0.8847058823529412,0.0,1.0,4.606319904327393,0.5,0.5,0.5470588207244873,0.24363034963607788,,,,,0.10610756540997597,0.0,425.0,0.0,19.0,0.0,ok,plugin,False,,393.5165128060088,391.46504558033627,2.146664918211599,0.8625103314446784,1.4386516689819224,,0.0,0.10610756540997597,0.893892434590024,0.893892434590024,False,,,,,,living17,3,ERM-aug-rand,logits,17,0.8964705467224121,0.8964705467224121,0.5735294222831726,0.6315789222717285,splits_living17_ERM-aug-rand_3_0_f475b82dfdbf.npz,f475b82dfdbf,False,False,,,,,,
iw_residual_dis2,5.0,0,1700,68,425,19,0.8847058823529412,0.0,1.0,4.606319904327393,0.5,0.5,0.5470588207244873,0.24363034963607788,,,,,0.10610756540997597,0.0,425.0,0.0,19.0,0.0,ok,plugin,False,,393.5165128060088,391.46504558033627,2.146664918211599,0.8625103314446784,1.4386516689819224,,0.0,0.10610756540997597,0.893892434590024,0.893892434590024,False,,,,,,living17,3,ERM-aug-rand,logits,17,0.8964705467224121,0.8964705467224121,0.5735294222831726,0.6315789222717285,splits_living17_ERM-aug-rand_3_0_f475b82dfdbf.npz,f475b82dfdbf,False,False,,,,,,
dis2_reference,,0,1700,68,425,19,0.8847058862447739,,,,,,,,,,,,,,,,,,ok,dis2_with_correction,True,0.3779683561033674,,,,,,,,0.21065015090692896,0.789349849093071,0.41138149298970367,,44.0,26.0,0.3803921341896057,0.6196078658103943,1.0,living17,3,ERM-aug-rand,logits,17,0.8964705467224121,0.8964705467224121,0.5735294222831726,0.6315789222717285,splits_living17_ERM-aug-rand_3_0_f475b82dfdbf.npz,f475b82dfdbf,True,True,,,,0.01,0.5886185070102963,0.09535603715170282
iw_overlap_critic,1.0,0,1700,8804,425,2203,0.8847058823529412,0.0,1.0,1.8569728136062622,0.5,0.5,0.5115975737571716,0.24783861637115479,236.0,1506.0,119.0,751.0,0.03647348519386671,0.5583295506128008,186.0,239.0,973.0,1230.0,ok,plugin,False,,157.71712480882184,181.482775820115,0.9997774268930748,0.8832968240499401,0.9868790099648304,0.8560975609756097,0.47798456650022697,0.5144580516940936,0.48554194830590636,0.48554194830590636,False,49.0,17.0,0.5221970081329346,0.33532628417015076,0.8575233221054077,living17,1,BN_adapt,logits,17,0.8964705467224121,0.8964705467224121,0.5882553458213806,0.5982751250267029,splits_living17_BN_adapt_1_0_f475b82dfdbf.npz,f475b82dfdbf,True,True,,,,,,
iw_residual_dis2,1.0,0,1700,8804,425,2203,0.8847058823529412,0.0,1.0,1.8569728136062622,0.5,0.5,0.5115975737571716,0.24783861637115479,274.0,1506.0,136.0,751.0,0.03647348519386671,0.5583295506128008,186.0,239.0,973.0,1230.0,ok,plugin,False,,157.71712480882184,181.482775820115,0.9997774268930748,0.8832968240499401,0.9868790099648304,0.675609756097561,0.09921616965833964,0.13568965485220635,0.8643103451477936,0.8643103451477936,False,40.0,25.0,0.2484530508518219,0.47058823704719543,0.7190412878990173,living17,1,BN_adapt,logits,17,0.8964705467224121,0.8964705467224121,0.5882553458213806,0.5982751250267029,splits_living17_BN_adapt_1_0_f475b82dfdbf.npz,f475b82dfdbf,False,False,0.13389121338912133,0.6317991631799164,0.043810592917644664,,,
iw_overlap_critic,2.0,0,1700,8804,425,2203,0.8847058823529412,0.0,1.0,1.8569728136062622,0.5,0.5,0.5115975737571716,0.24783861637115479,,,,,0.12012984466814014,0.0,425.0,0.0,2203.0,0.0,ok,plugin,False,,436.6582134710445,408.0241569420314,1.8266917874864592,1.0203253350214132,1.3633741357700935,,0.0,0.12012984466814014,0.8798701553318599,0.8798701553318599,False,,,,,,living17,1,BN_adapt,logits,17,0.8964705467224121,0.8964705467224121,0.5882553458213806,0.5982751250267029,splits_living17_BN_adapt_1_0_f475b82dfdbf.npz,f475b82dfdbf,False,False,,,,,,
iw_residual_dis2,2.0,0,1700,8804,425,2203,0.8847058823529412,0.0,1.0,1.8569728136062622,0.5,0.5,0.5115975737571716,0.24783861637115479,,,,,0.12012984466814014,0.0,425.0,0.0,2203.0,0.0,ok,plugin,False,,436.6582134710445,408.0241569420314,1.8266917874864592,1.0203253350214132,1.3633741357700935,,0.0,0.12012984466814014,0.8798701553318599,0.8798701553318599,False,,,,,,living17,1,BN_adapt,logits,17,0.8964705467224121,0.8964705467224121,0.5882553458213806,0.5982751250267029,splits_living17_BN_adapt_1_0_f475b82dfdbf.npz,f475b82dfdbf,False,False,,,,,,
iw_overlap_critic,5.0,0,1700,8804,425,2203,0.8847058823529412,0.0,1.0,1.8569728136062622,0.5,0.5,0.5115975737571716,0.24783861637115479,,,,,0.12012984466814014,0.0,425.0,0.0,2203.0,0.0,ok,plugin,False,,436.6582134710445,408.0241569420314,1.8266917874864592,1.0203253350214132,1.3633741357700935,,0.0,0.12012984466814014,0.8798701553318599,0.8798701553318599,False,,,,,,living17,1,BN_adapt,logits,17,0.8964705467224121,0.8964705467224121,0.5882553458213806,0.5982751250267029,splits_living17_BN_adapt_1_0_f475b82dfdbf.npz,f475b82dfdbf,False,False,,,,,,
iw_residual_dis2,5.0,0,1700,8804,425,2203,0.8847058823529412,0.0,1.0,1.8569728136062622,0.5,0.5,0.5115975737571716,0.24783861637115479,,,,,0.12012984466814014,0.0,425.0,0.0,2203.0,0.0,ok,plugin,False,,436.6582134710445,408.0241569420314,1.8266917874864592,1.0203253350214132,1.3633741357700935,,0.0,0.12012984466814014,0.8798701553318599,0.8798701553318599,False,,,,,,living17,1,BN_adapt,logits,17,0.8964705467224121,0.8964705467224121,0.5882553458213806,0.5982751250267029,splits_living17_BN_adapt_1_0_f475b82dfdbf.npz,f475b82dfdbf,False,False,,,,,,
dis2_reference,,0,1700,8804,425,2203,0.8847058862447739,,,,,,,,,,,,,,,,,,ok,dis2_with_correction,True,0.15072024887072544,,,,,,,,0.253240764044938,0.746759235955062,0.5960389870843366,,39.0,12.0,0.25249552726745605,0.5490196347236633,0.8015151619911194,living17,1,BN_adapt,logits,17,0.8964705467224121,0.8964705467224121,0.5882553458213806,0.5982751250267029,splits_living17_BN_adapt_1_0_f475b82dfdbf.npz,f475b82dfdbf,False,True,,,,0.01,0.40396101291566344,0.13794665028971187
iw_overlap_critic,1.0,0,1700,68,425,19,0.8752941176470588,0.0,1.0,7.7025017738342285,0.5,0.5,0.4931372404098511,0.24886265397071838,329.0,3.0,152.0,5.0,0.0958331890347898,0.15789473684210525,305.0,120.0,16.0,3.0,ok,plugin,False,,262.2308492049895,301.58679129891925,0.9993749368564872,0.8708293951447234,0.9863512370868569,0.0,0.0,0.0958331890347898,0.9041668109652102,0.9041668109652102,False,49.0,1.0,0.4858105778694153,0.5141894221305847,1.0,living17,2,BN_adapt,logits,17,0.8899999856948853,0.8899999856948853,0.8529411554336548,0.8421052694320679,splits_living17_BN_adapt_2_0_f475b82dfdbf.npz,f475b82dfdbf,False,False,,,,,,
iw_residual_dis2,1.0,0,1700,68,425,19,0.8752941176470588,0.0,1.0,7.7025017738342285,0.5,0.5,0.4931372404098511,0.24886265397071838,181.0,3.0,103.0,5.0,0.0958331890347898,0.15789473684210525,305.0,120.0,16.0,3.0,ok,plugin,False,,262.2308492049895,301.58679129891925,0.9993749368564872,0.8708293951447234,0.9863512370868569,0.0,-0.07105263157894735,0.024780557455842442,0.9752194425441576,0.9752194425441576,False,47.0,1.0,0.40776699781417847,0.5922330021858215,1.0,living17,2,BN_adapt,logits,17,0.8899999856948853,0.8899999856948853,0.8529411554336548,0.8421052694320679,splits_living17_BN_adapt_2_0_f475b82dfdbf.npz,f475b82dfdbf,False,False,0.058333333333333334,0.5083333333333333,-0.5083333333333333,,,
iw_overlap_critic,2.0,0,1700,68,425,19,0.8752941176470588,0.0,1.0,7.7025017738342285,0.5,0.5,0.4931372404098511,0.24886265397071838,,,,,0.11321041119148781,0.0,425.0,0.0,19.0,0.0,ok,plugin,False,,395.8903209431079,414.4614013185459,1.4355178933702244,0.920047362158597,1.1939832771721364,,0.0,0.11321041119148781,0.8867895888085122,0.8867895888085122,False,,,,,,living17,2,BN_adapt,logits,17,0.8899999856948853,0.8899999856948853,0.8529411554336548,0.8421052694320679,splits_living17_BN_adapt_2_0_f475b82dfdbf.npz,f475b82dfdbf,False,False,,,,,,
iw_residual_dis2,2.0,0,1700,68,425,19,0.8752941176470588,0.0,1.0,7.7025017738342285,0.5,0.5,0.4931372404098511,0.24886265397071838,,,,,0.11321041119148781,0.0,425.0,0.0,19.0,0.0,ok,plugin,False,,395.8903209431079,414.4614013185459,1.4355178933702244,0.920047362158597,1.1939832771721364,,0.0,0.11321041119148781,0.8867895888085122,0.8867895888085122,False,,,,,,living17,2,BN_adapt,logits,17,0.8899999856948853,0.8899999856948853,0.8529411554336548,0.8421052694320679,splits_living17_BN_adapt_2_0_f475b82dfdbf.npz,f475b82dfdbf,False,False,,,,,,
iw_overlap_critic,5.0,0,1700,68,425,19,0.8752941176470588,0.0,1.0,7.7025017738342285,0.5,0.5,0.4931372404098511,0.24886265397071838,,,,,0.11321041119148781,0.0,425.0,0.0,19.0,0.0,ok,plugin,False,,395.8903209431079,414.4614013185459,1.4355178933702244,0.920047362158597,1.1939832771721364,,0.0,0.11321041119148781,0.8867895888085122,0.8867895888085122,False,,,,,,living17,2,BN_adapt,logits,17,0.8899999856948853,0.8899999856948853,0.8529411554336548,0.8421052694320679,splits_living17_BN_adapt_2_0_f475b82dfdbf.npz,f475b82dfdbf,False,False,,,,,,
iw_residual_dis2,5.0,0,1700,68,425,19,0.8752941176470588,0.0,1.0,7.7025017738342285,0.5,0.5,0.4931372404098511,0.24886265397071838,,,,,0.11321041119148781,0.0,425.0,0.0,19.0,0.0,ok,plugin,False,,395.8903209431079,414.4614013185459,1.4355178933702244,0.920047362158597,1.1939832771721364,,0.0,0.11321041119148781,0.8867895888085122,0.8867895888085122,False,,,,,,living17,2,BN_adapt,logits,17,0.8899999856948853,0.8899999856948853,0.8529411554336548,0.8421052694320679,splits_living17_BN_adapt_2_0_f475b82dfdbf.npz,f475b82dfdbf,False,False,,,,,,
dis2_reference,,0,1700,68,425,19,0.8752941191196442,,,,,,,,,,,,,,,,,,ok,dis2_with_correction,True,0.3779683561033674,,,,,,,,0.10390092731998424,0.8960990726800158,0.5181307165766484,,37.0,24.0,0.2392156720161438,0.7607843279838562,1.0,living17,2,BN_adapt,logits,17,0.8899999856948853,0.8899999856948853,0.8529411554336548,0.8421052694320679,splits_living17_BN_adapt_2_0_f475b82dfdbf.npz,f475b82dfdbf,True,True,,,,0.01,0.4818692834233516,-0.020804953560371597
iw_overlap_critic,1.0,0,1700,68,425,19,0.8847058823529412,0.0,1.0,4.357273101806641,0.5,0.5,0.5588235259056091,0.2427423596382141,333.0,7.0,169.0,2.0,0.0653954045010729,0.2631578947368421,288.0,137.0,14.0,5.0,ok,plugin,False,,221.15330115851043,280.35945499057453,0.9979184084819802,0.7856089227441518,0.9705056547511465,0.6,0.15789473684210525,0.22329014134317815,0.7767098586568218,0.7767098586568218,False,49.0,3.0,0.6357095241546631,0.3642904758453369,1.0,living17,3,BN_adapt,logits,17,0.8935293555259705,0.8935293555259705,0.5588235259056091,0.5789473652839661,splits_living17_BN_adapt_3_0_f475b82dfdbf.npz,f475b82dfdbf,False,False,,,,,,
iw_residual_dis2,1.0,0,1700,68,425,19,0.8847058823529412,0.0,1.0,4.357273101806641,0.5,0.5,0.5588235259056091,0.2427423596382141,177.0,7.0,86.0,2.0,0.0653954045010729,0.2631578947368421,288.0,137.0,14.0,5.0,ok,plugin,False,,221.15330115851043,280.35945499057453,0.9979184084819802,0.7856089227441518,0.9705056547511465,0.2,-0.026123703419131773,0.03927170108194113,0.9607282989180589,0.9607282989180589,False,45.0,5.0,0.6395348906517029,0.3604651093482971,1.0,living17,3,BN_adapt,logits,17,0.8935293555259705,0.8935293555259705,0.5588235259056091,0.5789473652839661,splits_living17_BN_adapt_3_0_f475b82dfdbf.npz,f475b82dfdbf,False,False,0.10218978102189781,0.40145985401459855,-0.20145985401459854,,,
iw_overlap_critic,2.0,0,1700,68,425,19,0.8847058823529412,0.0,1.0,4.357273101806641,0.5,0.5,0.5588235259056091,0.2427423596382141,,,,,0.10453167853568505,0.0,422.0,3.0,19.0,0.0,ok,plugin,False,,386.98765503553443,388.24244144911785,1.8671184435464734,0.8532864452928131,1.435549055063709,,0.0,0.10453167853568505,0.895468321464315,0.895468321464315,False,,,,,,living17,3,BN_adapt,logits,17,0.8935293555259705,0.8935293555259705,0.5588235259056091,0.5789473652839661,splits_living17_BN_adapt_3_0_f475b82dfdbf.npz,f475b82dfdbf,False,False,,,,,,
iw_residual_dis2,2.0,0,1700,68,425,19,0.8847058823529412,0.0,1.0,4.357273101806641,0.5,0.5,0.5588235259056091,0.2427423596382141,,,,,0.10453167853568505,0.0,422.0,3.0,19.0,0.0,ok,plugin,False,,386.98765503553443,388.24244144911785,1.8671184435464734,0.8532864452928131,1.435549055063709,,0.0,0.10453167853568505,0.895468321464315,0.895468321464315,False,,,,,,living17,3,BN_adapt,logits,17,0.8935293555259705,0.8935293555259705,0.5588235259056091,0.5789473652839661,splits_living17_BN_adapt_3_0_f475b82dfdbf.npz,f475b82dfdbf,False,False,,,,,,
iw_overlap_critic,5.0,0,1700,68,425,19,0.8847058823529412,0.0,1.0,4.357273101806641,0.5,0.5,0.5588235259056091,0.2427423596382141,,,,,0.10453167853568505,0.0,425.0,0.0,19.0,0.0,ok,plugin,False,,393.31736429585703,387.6075225847064,2.2153828258673265,0.854420465148448,1.4839055212609331,,0.0,0.10453167853568505,0.895468321464315,0.895468321464315,False,,,,,,living17,3,BN_adapt,logits,17,0.8935293555259705,0.8935293555259705,0.5588235259056091,0.5789473652839661,splits_living17_BN_adapt_3_0_f475b82dfdbf.npz,f475b82dfdbf,False,False,,,,,,
iw_residual_dis2,5.0,0,1700,68,425,19,0.8847058823529412,0.0,1.0,4.357273101806641,0.5,0.5,0.5588235259056091,0.2427423596382141,,,,,0.10453167853568505,0.0,425.0,0.0,19.0,0.0,ok,plugin,False,,393.31736429585703,387.6075225847064,2.2153828258673265,0.854420465148448,1.4839055212609331,,0.0,0.10453167853568505,0.895468321464315,0.895468321464315,False,,,,,,living17,3,BN_adapt,logits,17,0.8935293555259705,0.8935293555259705,0.5588235259056091,0.5789473652839661,splits_living17_BN_adapt_3_0_f475b82dfdbf.npz,f475b82dfdbf,False,False,,,,,,
dis2_reference,,0,1700,68,425,19,0.8847058862447739,,,,,,,,,,,,,,,,,,ok,dis2_with_correction,True,0.3779683561033674,,,,,,,,0.19182662149516427,0.8081733785048357,0.43020502240146835,,43.0,26.0,0.38823527097702026,0.6117647290229797,1.0,living17,3,BN_adapt,logits,17,0.8935293555259705,0.8935293555259705,0.5588235259056091,0.5789473652839661,splits_living17_BN_adapt_3_0_f475b82dfdbf.npz,f475b82dfdbf,True,True,,,,0.01,0.5697949775985316,0.07653250773993814
iw_overlap_critic,1.0,0,1700,8804,425,2203,0.8658823529411764,0.0,1.0,16.756206512451172,0.5,0.5,0.5182152390480042,0.24998150765895844,262.0,1366.0,119.0,675.0,0.05116412193179619,0.4911484339536995,218.0,207.0,1121.0,1082.0,ok,plugin,False,,215.39763065737918,217.9821028587843,0.9999918966925357,0.9895777955738474,0.9990306369673144,0.8817005545286506,0.43304584657285516,0.48420996850465137,0.5157900314953486,0.5157900314953486,False,48.0,3.0,0.5922375917434692,0.29516980051994324,0.8874074220657349,living17,1,DANN,logits,17,0.8994117379188538,0.8994117379188538,0.6758291721343994,0.6876986026763916,splits_living17_DANN_1_0_f475b82dfdbf.npz,f475b82dfdbf,True,True,,,,,,
iw_residual_dis2,1.0,0,1700,8804,425,2203,0.8658823529411764,0.0,1.0,16.756206512451172,0.5,0.5,0.5182152390480042,0.24998150765895844,248.0,1366.0,136.0,675.0,0.05116412193179619,0.4911484339536995,218.0,207.0,1121.0,1082.0,ok,plugin,False,,215.39763065737918,217.9821028587843,0.9999918966925357,0.9895777955738474,0.9990306369673144,0.7375231053604436,0.10360926360847417,0.15477338554027037,0.8452266144597296,0.8452266144597296,False,48.0,15.0,0.17335516214370728,0.6029411554336548,0.7762963175773621,living17,1,DANN,logits,17,0.8994117379188538,0.8994117379188538,0.6758291721343994,0.6876986026763916,splits_living17_DANN_1_0_f475b82dfdbf.npz,f475b82dfdbf,False,False,0.16908212560386474,0.6956521739130435,0.04187093144740017,,,
iw_overlap_critic,2.0,0,1700,8804,425,2203,0.8658823529411764,0.0,1.0,16.756206512451172,0.5,0.5,0.5182152390480042,0.24998150765895844,,,,,0.13440250150973013,0.0,425.0,0.0,2203.0,0.0,ok,plugin,False,,425.7139188017252,424.86625879663194,1.0612811485222913,0.9998074373474651,1.0357852693822998,,0.0,0.13440250150973013,0.8655974984902699,0.8655974984902699,False,,,,,,living17,1,DANN,logits,17,0.8994117379188538,0.8994117379188538,0.6758291721343994,0.6876986026763916,splits_living17_DANN_1_0_f475b82dfdbf.npz,f475b82dfdbf,False,False,,,,,,
iw_residual_dis2,2.0,0,1700,8804,425,2203,0.8658823529411764,0.0,1.0,16.756206512451172,0.5,0.5,0.5182152390480042,0.24998150765895844,,,,,0.13440250150973013,0.0,425.0,0.0,2203.0,0.0,ok,plugin,False,,425.7139188017252,424.86625879663194,1.0612811485222913,0.9998074373474651,1.0357852693822998,,0.0,0.13440250150973013,0.8655974984902699,0.8655974984902699,False,,,,,,living17,1,DANN,logits,17,0.8994117379188538,0.8994117379188538,0.6758291721343994,0.6876986026763916,splits_living17_DANN_1_0_f475b82dfdbf.npz,f475b82dfdbf,False,False,,,,,,
iw_overlap_critic,5.0,0,1700,8804,425,2203,0.8658823529411764,0.0,1.0,16.756206512451172,0.5,0.5,0.5182152390480042,0.24998150765895844,,,,,0.13440250150973013,0.0,425.0,0.0,2203.0,0.0,ok,plugin,False,,425.7139188017252,424.86625879663194,1.0612811485222913,0.9998074373474651,1.0357852693822998,,0.0,0.13440250150973013,0.8655974984902699,0.8655974984902699,False,,,,,,living17,1,DANN,logits,17,0.8994117379188538,0.8994117379188538,0.6758291721343994,0.6876986026763916,splits_living17_DANN_1_0_f475b82dfdbf.npz,f475b82dfdbf,False,False,,,,,,
iw_residual_dis2,5.0,0,1700,8804,425,2203,0.8658823529411764,0.0,1.0,16.756206512451172,0.5,0.5,0.5182152390480042,0.24998150765895844,,,,,0.13440250150973013,0.0,425.0,0.0,2203.0,0.0,ok,plugin,False,,425.7139188017252,424.86625879663194,1.0612811485222913,0.9998074373474651,1.0357852693822998,,0.0,0.13440250150973013,0.8655974984902699,0.8655974984902699,False,,,,,,living17,1,DANN,logits,17,0.8994117379188538,0.8994117379188538,0.6758291721343994,0.6876986026763916,splits_living17_DANN_1_0_f475b82dfdbf.npz,f475b82dfdbf,False,False,,,,,,
dis2_reference,,0,1700,8804,425,2203,0.8658823519945145,,,,,,,,,,,,,,,,,,ok,dis2_with_correction,True,0.15072024887072544,,,,,,,,0.1697268440216133,0.8302731559783867,0.6795529071076613,,49.0,25.0,0.1294562816619873,0.5803921818733215,0.7098484635353088,living17,1,DANN,logits,17,0.8994117379188538,0.8994117379188538,0.6758291721343994,0.6876986026763916,splits_living17_DANN_1_0_f475b82dfdbf.npz,f475b82dfdbf,False,True,,,,0.01,0.32044709289233875,0.035609196016127775
iw_overlap_critic,1.0,0,1700,68,425,19,0.8823529411764706,0.0,1.0,54.598148345947266,0.5,0.5,0.386274516582489,0.2505391836166382,318.0,3.0,164.0,2.0,0.10343733946895974,0.21052631578947367,296.0,129.0,15.0,4.0,ok,plugin,False,,287.8800222676814,295.8984057337312,0.9999031733312195,0.9751288981806248,0.9976907933124197,0.25,0.05263157894736842,0.15606891841632814,0.8439310815836718,0.8439310815836718,False,48.0,5.0,0.6618533730506897,0.3381466269493103,1.0,living17,2,DANN,logits,17,0.9094117283821106,0.9094117283821106,0.8970588445663452,0.8421052694320679,splits_living17_DANN_2_0_f475b82dfdbf.npz,f475b82dfdbf,True,False,,,,,,
iw_residual_dis2,1.0,0,1700,68,425,19,0.8823529411764706,0.0,1.0,54.598148345947266,0.5,0.5,0.386274516582489,0.2505391836166382,192.0,3.0,91.0,2.0,0.10343733946895974,0.21052631578947367,296.0,129.0,15.0,4.0,ok,plugin,False,,287.8800222676814,295.8984057337312,0.9999031733312195,0.9751288981806248,0.9976907933124197,0.25,-0.019175846593227252,0.08426149287573248,0.9157385071242675,0.9157385071242675,False,48.0,0.0,0.6703296899795532,0.32967033982276917,1.0,living17,2,DANN,logits,17,0.9094117283821106,0.9094117283821106,0.8970588445663452,0.8421052694320679,splits_living17_DANN_2_0_f475b82dfdbf.npz,f475b82dfdbf,False,False,0.03875968992248062,0.3798449612403101,-0.1298449612403101,,,
iw_overlap_critic,2.0,0,1700,68,425,19,0.8823529411764706,0.0,1.0,54.598148345947266,0.5,0.5,0.386274516582489,0.2505391836166382,,,,,0.11527369713515521,0.0,425.0,0.0,19.0,0.0,ok,plugin,False,,418.91730653790717,424.70318210046617,1.0586324638397553,0.9846885207200412,1.02813654610826,,0.0,0.11527369713515521,0.8847263028648448,0.8847263028648448,False,,,,,,living17,2,DANN,logits,17,0.9094117283821106,0.9094117283821106,0.8970588445663452,0.8421052694320679,splits_living17_DANN_2_0_f475b82dfdbf.npz,f475b82dfdbf,True,False,,,,,,
iw_residual_dis2,2.0,0,1700,68,425,19,0.8823529411764706,0.0,1.0,54.598148345947266,0.5,0.5,0.386274516582489,0.2505391836166382,,,,,0.11527369713515521,0.0,425.0,0.0,19.0,0.0,ok,plugin,False,,418.91730653790717,424.70318210046617,1.0586324638397553,0.9846885207200412,1.02813654610826,,0.0,0.11527369713515521,0.8847263028648448,0.8847263028648448,False,,,,,,living17,2,DANN,logits,17,0.9094117283821106,0.9094117283821106,0.8970588445663452,0.8421052694320679,splits_living17_DANN_2_0_f475b82dfdbf.npz,f475b82dfdbf,True,False,,,,,,
iw_overlap_critic,5.0,0,1700,68,425,19,0.8823529411764706,0.0,1.0,54.598148345947266,0.5,0.5,0.386274516582489,0.2505391836166382,,,,,0.11527369713515521,0.0,425.0,0.0,19.0,0.0,ok,plugin,False,,418.91730653790717,424.70318210046617,1.0586324638397553,0.9846885207200412,1.02813654610826,,0.0,0.11527369713515521,0.8847263028648448,0.8847263028648448,False,,,,,,living17,2,DANN,logits,17,0.9094117283821106,0.9094117283821106,0.8970588445663452,0.8421052694320679,splits_living17_DANN_2_0_f475b82dfdbf.npz,f475b82dfdbf,True,False,,,,,,
iw_residual_dis2,5.0,0,1700,68,425,19,0.8823529411764706,0.0,1.0,54.598148345947266,0.5,0.5,0.386274516582489,0.2505391836166382,,,,,0.11527369713515521,0.0,425.0,0.0,19.0,0.0,ok,plugin,False,,418.91730653790717,424.70318210046617,1.0586324638397553,0.9846885207200412,1.02813654610826,,0.0,0.11527369713515521,0.8847263028648448,0.8847263028648448,False,,,,,,living17,2,DANN,logits,17,0.9094117283821106,0.9094117283821106,0.8970588445663452,0.8421052694320679,splits_living17_DANN_2_0_f475b82dfdbf.npz,f475b82dfdbf,True,False,,,,,,
dis2_reference,,0,1700,68,425,19,0.8823529481887817,,,,,,,,,,,,,,,,,,ok,dis2_with_correction,True,0.3779683561033674,,,,,,,,0.06922599917963923,0.9307740008203608,0.5528056447169933,,33.0,3.0,0.2901960611343384,0.7098039388656616,1.0,living17,2,DANN,logits,17,0.9094117283821106,0.9094117283821106,0.8970588445663452,0.8421052694320679,splits_living17_DANN_2_0_f475b82dfdbf.npz,f475b82dfdbf,True,True,,,,0.01,0.4471943552830066,-0.04842105263157903
iw_overlap_critic,1.0,0,1700,68,425,19,0.8894117647058823,0.0,1.0,7.57162618637085,0.5,0.5,0.501960813999176,0.24727191030979156,336.0,5.0,174.0,3.0,0.07620822037058736,0.3157894736842105,303.0,122.0,13.0,6.0,ok,plugin,False,,258.2813709834669,299.74980165515154,0.9981687533392095,0.8621604169158914,0.9813519139494009,0.5,0.15789473684210525,0.23410295721269261,0.7658970427873074,0.7658970427873074,False,49.0,17.0,0.6808528304100037,0.31914716958999634,1.0,living17,3,DANN,logits,17,0.9052940607070923,0.9052940607070923,0.5882353186607361,0.6842105388641357,splits_living17_DANN_3_0_f475b82dfdbf.npz,f475b82dfdbf,False,False,,,,,,
iw_residual_dis2,1.0,0,1700,68,425,19,0.8894117647058823,0.0,1.0,7.57162618637085,0.5,0.5,0.501960813999176,0.24727191030979156,174.0,5.0,81.0,3.0,0.07620822037058736,0.3157894736842105,303.0,122.0,13.0,6.0,ok,plugin,False,,258.2813709834669,299.74980165515154,0.9981687533392095,0.8621604169158914,0.9813519139494009,0.3333333333333333,0.040552200172562544,0.1167604205431499,0.88323957945685,0.88323957945685,False,49.0,22.0,0.7283951044082642,0.2716049253940582,1.0,living17,3,DANN,logits,17,0.9052940607070923,0.9052940607070923,0.5882353186607361,0.6842105388641357,splits_living17_DANN_3_0_f475b82dfdbf.npz,f475b82dfdbf,False,False,0.08196721311475409,0.28688524590163933,0.046448087431693985,,,
iw_overlap_critic,2.0,0,1700,68,425,19,0.8894117647058823,0.0,1.0,7.57162618637085,0.5,0.5,0.501960813999176,0.24727191030979156,,,,,0.10234834389651595,0.0,425.0,0.0,19.0,0.0,ok,plugin,False,,397.8374561170127,412.0984209205271,1.5756817925313693,0.9067214651156508,1.265744834394328,,0.0,0.10234834389651595,0.8976516561034841,0.8976516561034841,False,,,,,,living17,3,DANN,logits,17,0.9052940607070923,0.9052940607070923,0.5882353186607361,0.6842105388641357,splits_living17_DANN_3_0_f475b82dfdbf.npz,f475b82dfdbf,False,False,,,,,,
iw_residual_dis2,2.0,0,1700,68,425,19,0.8894117647058823,0.0,1.0,7.57162618637085,0.5,0.5,0.501960813999176,0.24727191030979156,,,,,0.10234834389651595,0.0,425.0,0.0,19.0,0.0,ok,plugin,False,,397.8374561170127,412.0984209205271,1.5756817925313693,0.9067214651156508,1.265744834394328,,0.0,0.10234834389651595,0.8976516561034841,0.8976516561034841,False,,,,,,living17,3,DANN,logits,17,0.9052940607070923,0.9052940607070923,0.5882353186607361,0.6842105388641357,splits_living17_DANN_3_0_f475b82dfdbf.npz,f475b82dfdbf,False,False,,,,,,
iw_overlap_critic,5.0,0,1700,68,425,19,0.8894117647058823,0.0,1.0,7.57162618637085,0.5,0.5,0.501960813999176,0.24727191030979156,,,,,0.10234834389651595,0.0,425.0,0.0,19.0,0.0,ok,plugin,False,,397.8374561170127,412.0984209205271,1.5756817925313693,0.9067214651156508,1.265744834394328,,0.0,0.10234834389651595,0.8976516561034841,0.8976516561034841,False,,,,,,living17,3,DANN,logits,17,0.9052940607070923,0.9052940607070923,0.5882353186607361,0.6842105388641357,splits_living17_DANN_3_0_f475b82dfdbf.npz,f475b82dfdbf,False,False,,,,,,
iw_residual_dis2,5.0,0,1700,68,425,19,0.8894117647058823,0.0,1.0,7.57162618637085,0.5,0.5,0.501960813999176,0.24727191030979156,,,,,0.10234834389651595,0.0,425.0,0.0,19.0,0.0,ok,plugin,False,,397.8374561170127,412.0984209205271,1.5756817925313693,0.9067214651156508,1.265744834394328,,0.0,0.10234834389651595,0.8976516561034841,0.8976516561034841,False,,,,,,living17,3,DANN,logits,17,0.9052940607070923,0.9052940607070923,0.5882353186607361,0.6842105388641357,splits_living17_DANN_3_0_f475b82dfdbf.npz,f475b82dfdbf,False,False,,,,,,
dis2_reference,,0,1700,68,425,19,0.8894117698073387,,,,,,,,,,,,,,,,,,ok,dis2_with_correction,True,0.3779683561033674,,,,,,,,0.02662538189544761,0.9733746181045524,0.5954062620011851,,46.0,23.0,0.41764703392982483,0.48235294222831726,0.8999999761581421,living17,3,DANN,logits,17,0.9052940607070923,0.9052940607070923,0.5882353186607361,0.6842105388641357,splits_living17_DANN_3_0_f475b82dfdbf.npz,f475b82dfdbf,False,True,,,,0.01,0.404593737998815,-0.08396284829721362
iw_overlap_critic,1.0,0,1700,8804,425,2203,0.8894117647058823,0.0,1.0,11.750850677490234,0.5,0.5,0.5014705657958984,0.2499570995569229,243.0,1488.0,115.0,729.0,0.04411652892672433,0.5392646391284612,198.0,227.0,1015.0,1188.0,ok,plugin,False,,194.08398979049207,197.95250993841006,0.9999270526496383,0.9833575248989574,0.9987609189212985,0.8846801346801347,0.47707671357240133,0.5211932424991257,0.4788067575008743,0.4788067575008743,False,49.0,22.0,0.5558079481124878,0.3330809772014618,0.8888888955116272,living17,1,CDANN,logits,17,0.9052940607070923,0.9052940607070923,0.6863925457000732,0.6981388926506042,splits_living17_CDANN_1_0_f475b82dfdbf.npz,f475b82dfdbf,True,True,,,,,,
iw_residual_dis2,1.0,0,1700,8804,425,2203,0.8894117647058823,0.0,1.0,11.750850677490234,0.5,0.5,0.5014705657958984,0.2499570995569229,267.0,1488.0,140.0,729.0,0.04411652892672433,0.5392646391284612,198.0,227.0,1015.0,1188.0,ok,plugin,False,,194.08398979049207,197.95250993841006,0.9999270526496383,0.9833575248989574,0.9987609189212985,0.8005050505050505,0.1014735612830721,0.14559009020979644,0.8544099097902036,0.8544099097902036,False,38.0,26.0,0.18104058504104614,0.6214285492897034,0.8024691343307495,living17,1,CDANN,logits,17,0.9052940607070923,0.9052940607070923,0.6863925457000732,0.6981388926506042,splits_living17_CDANN_1_0_f475b82dfdbf.npz,f475b82dfdbf,False,False,0.12334801762114538,0.73568281938326,0.06482223112179053,,,
iw_overlap_critic,2.0,0,1700,8804,425,2203,0.8894117647058823,0.0,1.0,11.750850677490234,0.5,0.5,0.5014705657958984,0.2499570995569229,,,,,0.11126764865826196,0.0,425.0,0.0,2203.0,0.0,ok,plugin,False,,426.08420396009734,424.696152932278,1.103055487160864,1.0032600364648732,1.050696652820813,,0.0,0.11126764865826196,0.888732351341738,0.888732351341738,False,,,,,,living17,1,CDANN,logits,17,0.9052940607070923,0.9052940607070923,0.6863925457000732,0.6981388926506042,splits_living17_CDANN_1_0_f475b82dfdbf.npz,f475b82dfdbf,False,False,,,,,,
iw_residual_dis2,2.0,0,1700,8804,425,2203,0.8894117647058823,0.0,1.0,11.750850677490234,0.5,0.5,0.5014705657958984,0.2499570995569229,,,,,0.11126764865826196,0.0,425.0,0.0,2203.0,0.0,ok,plugin,False,,426.08420396009734,424.696152932278,1.103055487160864,1.0032600364648732,1.050696652820813,,0.0,0.11126764865826196,0.888732351341738,0.888732351341738,False,,,,,,living17,1,CDANN,logits,17,0.9052940607070923,0.9052940607070923,0.6863925457000732,0.6981388926506042,splits_living17_CDANN_1_0_f475b82dfdbf.npz,f475b82dfdbf,False,False,,,,,,
iw_overlap_critic,5.0,0,1700,8804,425,2203,0.8894117647058823,0.0,1.0,11.750850677490234,0.5,0.5,0.5014705657958984,0.2499570995569229,,,,,0.11126764865826196,0.0,425.0,0.0,2203.0,0.0,ok,plugin,False,,426.08420396009734,424.696152932278,1.103055487160864,1.0032600364648732,1.050696652820813,,0.0,0.11126764865826196,0.888732351341738,0.888732351341738,False,,,,,,living17,1,CDANN,logits,17,0.9052940607070923,0.9052940607070923,0.6863925457000732,0.6981388926506042,splits_living17_CDANN_1_0_f475b82dfdbf.npz,f475b82dfdbf,False,False,,,,,,
iw_residual_dis2,5.0,0,1700,8804,425,2203,0.8894117647058823,0.0,1.0,11.750850677490234,0.5,0.5,0.5014705657958984,0.2499570995569229,,,,,0.11126764865826196,0.0,425.0,0.0,2203.0,0.0,ok,plugin,False,,426.08420396009734,424.696152932278,1.103055487160864,1.0032600364648732,1.050696652820813,,0.0,0.11126764865826196,0.888732351341738,0.888732351341738,False,,,,,,living17,1,CDANN,logits,17,0.9052940607070923,0.9052940607070923,0.6863925457000732,0.6981388926506042,splits_living17_CDANN_1_0_f475b82dfdbf.npz,f475b82dfdbf,False,False,,,,,,
dis2_reference,,0,1700,8804,425,2203,0.8894117698073387,,,,,,,,,,,,,,,,,,ok,dis2_with_correction,True,0.15072024887072544,,,,,,,,0.19852820509319802,0.801471794906802,0.6507515460360765,,49.0,5.0,0.1502673625946045,0.5921568870544434,0.7424242496490479,living17,1,CDANN,logits,17,0.9052940607070923,0.9052940607070923,0.6863925457000732,0.6981388926506042,splits_living17_CDANN_1_0_f475b82dfdbf.npz,f475b82dfdbf,True,True,,,,0.01,0.34924845396392346,0.08793997490053673
iw_overlap_critic,1.0,0,1700,68,425,19,0.8917647058823529,0.0,1.0,54.598148345947266,0.5,0.5,0.5049019455909729,0.2506290674209595,346.0,3.0,170.0,3.0,0.08526670757166074,0.15789473684210525,315.0,110.0,16.0,3.0,ok,plugin,False,,308.40626073755783,314.9287375917876,0.9995898756321961,0.98117745305985,0.996833358699308,0.3333333333333333,0.05263157894736842,0.13789828651902916,0.8621017134809709,0.8621017134809709,False,49.0,5.0,0.6508150696754456,0.34918493032455444,1.0,living17,2,CDANN,logits,17,0.9094117283821106,0.9094117283821106,0.8676470518112183,0.8421052694320679,splits_living17_CDANN_2_0_f475b82dfdbf.npz,f475b82dfdbf,True,False,,,,,,
iw_residual_dis2,1.0,0,1700,68,425,19,0.8917647058823529,0.0,1.0,54.598148345947266,0.5,0.5,0.5049019455909729,0.2506290674209595,164.0,3.0,85.0,3.0,0.08526670757166074,0.15789473684210525,315.0,110.0,16.0,3.0,ok,plugin,False,,308.40626073755783,314.9287375917876,0.9995898756321961,0.98117745305985,0.996833358699308,0.0,-0.041626794258373206,0.04363991331328754,0.9563600866867125,0.9563600866867125,False,46.0,5.0,0.5529412031173706,0.4470588266849518,1.0,living17,2,CDANN,logits,17,0.9094117283821106,0.9094117283821106,0.8676470518112183,0.8421052694320679,splits_living17_CDANN_2_0_f475b82dfdbf.npz,f475b82dfdbf,False,False,0.08181818181818182,0.34545454545454546,-0.34545454545454546,,,
iw_overlap_critic,2.0,0,1700,68,425,19,0.8917647058823529,0.0,1.0,54.598148345947266,0.5,0.5,0.5049019455909729,0.2506290674209595,,,,,0.10663075780699113,0.0,425.0,0.0,19.0,0.0,ok,plugin,False,,420.0787161721404,424.8003173714308,1.0622783326012735,0.9874614814400315,1.0250536946908158,,0.0,0.10663075780699113,0.8933692421930088,0.8933692421930088,False,,,,,,living17,2,CDANN,logits,17,0.9094117283821106,0.9094117283821106,0.8676470518112183,0.8421052694320679,splits_living17_CDANN_2_0_f475b82dfdbf.npz,f475b82dfdbf,False,False,,,,,,
iw_residual_dis2,2.0,0,1700,68,425,19,0.8917647058823529,0.0,1.0,54.598148345947266,0.5,0.5,0.5049019455909729,0.2506290674209595,,,,,0.10663075780699113,0.0,425.0,0.0,19.0,0.0,ok,plugin,False,,420.0787161721404,424.8003173714308,1.0622783326012735,0.9874614814400315,1.0250536946908158,,0.0,0.10663075780699113,0.8933692421930088,0.8933692421930088,False,,,,,,living17,2,CDANN,logits,17,0.9094117283821106,0.9094117283821106,0.8676470518112183,0.8421052694320679,splits_living17_CDANN_2_0_f475b82dfdbf.npz,f475b82dfdbf,False,False,,,,,,
iw_overlap_critic,5.0,0,1700,68,425,19,0.8917647058823529,0.0,1.0,54.598148345947266,0.5,0.5,0.5049019455909729,0.2506290674209595,,,,,0.10663075780699113,0.0,425.0,0.0,19.0,0.0,ok,plugin,False,,420.0787161721404,424.8003173714308,1.0622783326012735,0.9874614814400315,1.0250536946908158,,0.0,0.10663075780699113,0.8933692421930088,0.8933692421930088,False,,,,,,living17,2,CDANN,logits,17,0.9094117283821106,0.9094117283821106,0.8676470518112183,0.8421052694320679,splits_living17_CDANN_2_0_f475b82dfdbf.npz,f475b82dfdbf,False,False,,,,,,
iw_residual_dis2,5.0,0,1700,68,425,19,0.8917647058823529,0.0,1.0,54.598148345947266,0.5,0.5,0.5049019455909729,0.2506290674209595,,,,,0.10663075780699113,0.0,425.0,0.0,19.0,0.0,ok,plugin,False,,420.0787161721404,424.8003173714308,1.0622783326012735,0.9874614814400315,1.0250536946908158,,0.0,0.10663075780699113,0.8933692421930088,0.8933692421930088,False,,,,,,living17,2,CDANN,logits,17,0.9094117283821106,0.9094117283821106,0.8676470518112183,0.8421052694320679,splits_living17_CDANN_2_0_f475b82dfdbf.npz,f475b82dfdbf,False,False,,,,,,
dis2_reference,,0,1700,68,425,19,0.8917647078633308,,,,,,,,,,,,,,,,,,ok,dis2_with_correction,True,0.3779683561033674,,,,,,,,0.23009287727598804,0.769907122724012,0.3919387666206446,,49.0,11.0,0.2901960611343384,0.5098039507865906,0.800000011920929,living17,2,CDANN,logits,17,0.9094117283821106,0.9094117283821106,0.8676470518112183,0.8421052694320679,splits_living17_CDANN_2_0_f475b82dfdbf.npz,f475b82dfdbf,True,True,,,,0.01,0.6080612333793554,0.12185758513931888
iw_overlap_critic,1.0,0,1700,68,425,19,0.8823529411764706,0.0,1.0,54.598148345947266,0.5,0.5,0.5470588207244873,0.25016355514526367,309.0,6.0,164.0,5.0,0.0971672256848236,0.3684210526315789,283.0,142.0,12.0,7.0,ok,plugin,False,,277.26038703145724,282.94329091783345,0.9999533577797671,0.9810474477911082,0.99832369675406,0.8571428571428571,0.3157894736842105,0.4129566993690341,0.5870433006309659,0.5870433006309659,False,49.0,3.0,0.656919538974762,0.34308046102523804,1.0,living17,3,CDANN,logits,17,0.9052940607070923,0.9052940607070923,0.5588235259056091,0.6315789222717285,splits_living17_CDANN_3_0_f475b82dfdbf.npz,f475b82dfdbf,False,True,,,,,,
iw_residual_dis2,1.0,0,1700,68,425,19,0.8823529411764706,0.0,1.0,54.598148345947266,0.5,0.5,0.5470588207244873,0.25016355514526367,201.0,6.0,91.0,5.0,0.0971672256848236,0.3684210526315789,283.0,142.0,12.0,7.0,ok,plugin,False,,277.26038703145724,282.94329091783345,0.9999533577797671,0.9810474477911082,0.99832369675406,0.5714285714285714,0.060044477390659746,0.15721170307548335,0.8427882969245166,0.8427882969245166,False,42.0,9.0,0.38241758942604065,0.4175824224948883,0.800000011920929,living17,3,CDANN,logits,17,0.9052940607070923,0.9052940607070923,0.5588235259056091,0.6315789222717285,splits_living17_CDANN_3_0_f475b82dfdbf.npz,f475b82dfdbf,False,False,0.056338028169014086,0.4647887323943662,0.10663983903420521,,,
iw_overlap_critic,2.0,0,1700,68,425,19,0.8823529411764706,0.0,1.0,54.598148345947266,0.5,0.5,0.5470588207244873,0.25016355514526367,,,,,0.11620512572633702,0.0,425.0,0.0,19.0,0.0,ok,plugin,False,,421.52037358016673,424.79365637634123,1.0574743452587514,0.9908828841757463,1.0305761199853098,,0.0,0.11620512572633702,0.883794874273663,0.883794874273663,False,,,,,,living17,3,CDANN,logits,17,0.9052940607070923,0.9052940607070923,0.5588235259056091,0.6315789222717285,splits_living17_CDANN_3_0_f475b82dfdbf.npz,f475b82dfdbf,False,False,,,,,,
iw_residual_dis2,2.0,0,1700,68,425,19,0.8823529411764706,0.0,1.0,54.598148345947266,0.5,0.5,0.5470588207244873,0.25016355514526367,,,,,0.11620512572633702,0.0,425.0,0.0,19.0,0.0,ok,plugin,False,,421.52037358016673,424.79365637634123,1.0574743452587514,0.9908828841757463,1.0305761199853098,,0.0,0.11620512572633702,0.883794874273663,0.883794874273663,False,,,,,,living17,3,CDANN,logits,17,0.9052940607070923,0.9052940607070923,0.5588235259056091,0.6315789222717285,splits_living17_CDANN_3_0_f475b82dfdbf.npz,f475b82dfdbf,False,False,,,,,,
iw_overlap_critic,5.0,0,1700,68,425,19,0.8823529411764706,0.0,1.0,54.598148345947266,0.5,0.5,0.5470588207244873,0.25016355514526367,,,,,0.11620512572633702,0.0,425.0,0.0,19.0,0.0,ok,plugin,False,,421.52037358016673,424.79365637634123,1.0574743452587514,0.9908828841757463,1.0305761199853098,,0.0,0.11620512572633702,0.883794874273663,0.883794874273663,False,,,,,,living17,3,CDANN,logits,17,0.9052940607070923,0.9052940607070923,0.5588235259056091,0.6315789222717285,splits_living17_CDANN_3_0_f475b82dfdbf.npz,f475b82dfdbf,False,False,,,,,,
iw_residual_dis2,5.0,0,1700,68,425,19,0.8823529411764706,0.0,1.0,54.598148345947266,0.5,0.5,0.5470588207244873,0.25016355514526367,,,,,0.11620512572633702,0.0,425.0,0.0,19.0,0.0,ok,plugin,False,,421.52037358016673,424.79365637634123,1.0574743452587514,0.9908828841757463,1.0305761199853098,,0.0,0.11620512572633702,0.883794874273663,0.883794874273663,False,,,,,,living17,3,CDANN,logits,17,0.9052940607070923,0.9052940607070923,0.5588235259056091,0.6315789222717285,splits_living17_CDANN_3_0_f475b82dfdbf.npz,f475b82dfdbf,False,False,,,,,,
dis2_reference,,0,1700,68,425,19,0.8823529481887817,,,,,,,,,,,,,,,,,,ok,dis2_with_correction,True,0.3779683561033674,,,,,,,,0.32507739236849376,0.6749226076315062,0.29695425152813887,,41.0,17.0,0.4313725233078003,0.5686274766921997,1.0,living17,3,CDANN,logits,17,0.9052940607070923,0.9052940607070923,0.5588235259056091,0.6315789222717285,splits_living17_CDANN_3_0_f475b82dfdbf.npz,f475b82dfdbf,True,True,,,,0.01,0.7030457484718611,0.2074303405572755
iw_overlap_critic,1.0,0,1700,8804,425,2203,0.8964705882352941,0.0,1.0,2.3152711391448975,0.5,0.5,0.541811466217041,0.2487046718597412,252.0,1425.0,103.0,687.0,0.057884855649224194,0.5174761688606446,230.0,195.0,1063.0,1140.0,ok,plugin,False,,206.21711823599267,228.2201508814287,0.9999298786622957,0.9100850200248791,0.9916678593225201,0.8763157894736842,0.4534725374489333,0.5113573930981575,0.48864260690184247,0.48864260690184247,False,49.0,2.0,0.6245689988136292,0.2735387086868286,0.8981077075004578,living17,1,FixMatch,logits,17,0.9123529195785522,0.9123529195785522,0.7239890694618225,0.7399001717567444,splits_living17_FixMatch_1_0_f475b82dfdbf.npz,f475b82dfdbf,True,True,,,,,,
iw_residual_dis2,1.0,0,1700,8804,425,2203,0.8964705882352941,0.0,1.0,2.3152711391448975,0.5,0.5,0.541811466217041,0.2487046718597412,258.0,1425.0,152.0,687.0,0.057884855649224194,0.5174761688606446,230.0,195.0,1063.0,1140.0,ok,plugin,False,,206.21711823599267,228.2201508814287,0.9999298786622957,0.9100850200248791,0.9916678593225201,0.8412280701754385,0.11421488180453226,0.17209973745375645,0.8279002625462435,0.8279002625462435,False,43.0,12.0,0.21045929193496704,0.6381579041481018,0.8486171960830688,living17,1,FixMatch,logits,17,0.9123529195785522,0.9123529195785522,0.7239890694618225,0.7399001717567444,splits_living17_FixMatch_1_0_f475b82dfdbf.npz,f475b82dfdbf,False,False,0.08717948717948718,0.7076923076923077,0.13353576248313082,,,
iw_overlap_critic,2.0,0,1700,8804,425,2203,0.8964705882352941,0.0,1.0,2.3152711391448975,0.5,0.5,0.541811466217041,0.2487046718597412,,,,,0.10285728356497885,0.0,425.0,0.0,2203.0,0.0,ok,plugin,False,,429.4976701599876,415.08429027042604,1.509279279736871,0.9876383516698902,1.2854409333834826,,0.0,0.10285728356497885,0.8971427164350212,0.8971427164350212,False,,,,,,living17,1,FixMatch,logits,17,0.9123529195785522,0.9123529195785522,0.7239890694618225,0.7399001717567444,splits_living17_FixMatch_1_0_f475b82dfdbf.npz,f475b82dfdbf,False,False,,,,,,
iw_residual_dis2,2.0,0,1700,8804,425,2203,0.8964705882352941,0.0,1.0,2.3152711391448975,0.5,0.5,0.541811466217041,0.2487046718597412,,,,,0.10285728356497885,0.0,425.0,0.0,2203.0,0.0,ok,plugin,False,,429.4976701599876,415.08429027042604,1.509279279736871,0.9876383516698902,1.2854409333834826,,0.0,0.10285728356497885,0.8971427164350212,0.8971427164350212,False,,,,,,living17,1,FixMatch,logits,17,0.9123529195785522,0.9123529195785522,0.7239890694618225,0.7399001717567444,splits_living17_FixMatch_1_0_f475b82dfdbf.npz,f475b82dfdbf,False,False,,,,,,
iw_overlap_critic,5.0,0,1700,8804,425,2203,0.8964705882352941,0.0,1.0,2.3152711391448975,0.5,0.5,0.541811466217041,0.2487046718597412,,,,,0.10285728356497885,0.0,425.0,0.0,2203.0,0.0,ok,plugin,False,,429.4976701599876,415.08429027042604,1.509279279736871,0.9876383516698902,1.2854409333834826,,0.0,0.10285728356497885,0.8971427164350212,0.8971427164350212,False,,,,,,living17,1,FixMatch,logits,17,0.9123529195785522,0.9123529195785522,0.7239890694618225,0.7399001717567444,splits_living17_FixMatch_1_0_f475b82dfdbf.npz,f475b82dfdbf,False,False,,,,,,
iw_residual_dis2,5.0,0,1700,8804,425,2203,0.8964705882352941,0.0,1.0,2.3152711391448975,0.5,0.5,0.541811466217041,0.2487046718597412,,,,,0.10285728356497885,0.0,425.0,0.0,2203.0,0.0,ok,plugin,False,,429.4976701599876,415.08429027042604,1.509279279736871,0.9876383516698902,1.2854409333834826,,0.0,0.10285728356497885,0.8971427164350212,0.8971427164350212,False,,,,,,living17,1,FixMatch,logits,17,0.9123529195785522,0.9123529195785522,0.7239890694618225,0.7399001717567444,splits_living17_FixMatch_1_0_f475b82dfdbf.npz,f475b82dfdbf,False,False,,,,,,
dis2_reference,,0,1700,8804,425,2203,0.8964705914258957,,,,,,,,,,,,,,,,,,ok,dis2_with_correction,True,0.15072024887072544,,,,,,,,0.19368454461853568,0.8063154553814643,0.6555952065107389,,49.0,26.0,0.17361849546432495,0.5960784554481506,0.7696969509124756,living17,1,FixMatch,logits,17,0.9123529195785522,0.9123529195785522,0.7239890694618225,0.7399001717567444,splits_living17_FixMatch_1_0_f475b82dfdbf.npz,f475b82dfdbf,True,True,,,,0.01,0.3444047934892611,0.09015513604443137
iw_overlap_critic,1.0,0,1700,68,425,19,0.8847058823529412,0.0,1.0,54.598148345947266,0.5,0.5,0.48725491762161255,0.25017908215522766,304.0,5.0,167.0,3.0,0.09645036252271175,0.3157894736842105,294.0,131.0,13.0,6.0,ok,plugin,False,,286.33496251297487,293.8872504340165,0.9998871117832108,0.978259586022941,0.998111825858576,0.8333333333333334,0.2631578947368421,0.3596082572595538,0.6403917427404462,0.6403917427404462,False,49.0,3.0,0.5835281610488892,0.4164718687534332,1.0,living17,2,FixMatch,logits,17,0.8952940702438354,0.8952940702438354,0.8970588445663452,0.8421052694320679,splits_living17_FixMatch_2_0_f475b82dfdbf.npz,f475b82dfdbf,True,True,,,,,,
iw_residual_dis2,1.0,0,1700,68,425,19,0.8847058823529412,0.0,1.0,54.598148345947266,0.5,0.5,0.48725491762161255,0.25017908215522766,206.0,5.0,88.0,3.0,0.09645036252271175,0.3157894736842105,294.0,131.0,13.0,6.0,ok,plugin,False,,286.33496251297487,293.8872504340165,0.9998871117832108,0.978259586022941,0.998111825858576,0.3333333333333333,-0.029730815588589813,0.06671954693412194,0.933280453065878,0.933280453065878,False,49.0,1.0,0.5227272510528564,0.47727271914482117,1.0,living17,2,FixMatch,logits,17,0.8952940702438354,0.8952940702438354,0.8970588445663452,0.8421052694320679,splits_living17_FixMatch_2_0_f475b82dfdbf.npz,f475b82dfdbf,False,False,0.05343511450381679,0.48091603053435117,-0.14758269720101785,,,
iw_overlap_critic,2.0,0,1700,68,425,19,0.8847058823529412,0.0,1.0,54.598148345947266,0.5,0.5,0.48725491762161255,0.25017908215522766,,,,,0.11300801900402074,0.0,425.0,0.0,19.0,0.0,ok,plugin,False,,419.38811587331514,424.70873999231117,1.0568211561255798,0.9866142401202699,1.028813259332068,,0.0,0.11300801900402074,0.8869919809959792,0.8869919809959792,False,,,,,,living17,2,FixMatch,logits,17,0.8952940702438354,0.8952940702438354,0.8970588445663452,0.8421052694320679,splits_living17_FixMatch_2_0_f475b82dfdbf.npz,f475b82dfdbf,True,False,,,,,,
iw_residual_dis2,2.0,0,1700,68,425,19,0.8847058823529412,0.0,1.0,54.598148345947266,0.5,0.5,0.48725491762161255,0.25017908215522766,,,,,0.11300801900402074,0.0,425.0,0.0,19.0,0.0,ok,plugin,False,,419.38811587331514,424.70873999231117,1.0568211561255798,0.9866142401202699,1.028813259332068,,0.0,0.11300801900402074,0.8869919809959792,0.8869919809959792,False,,,,,,living17,2,FixMatch,logits,17,0.8952940702438354,0.8952940702438354,0.8970588445663452,0.8421052694320679,splits_living17_FixMatch_2_0_f475b82dfdbf.npz,f475b82dfdbf,True,False,,,,,,
iw_overlap_critic,5.0,0,1700,68,425,19,0.8847058823529412,0.0,1.0,54.598148345947266,0.5,0.5,0.48725491762161255,0.25017908215522766,,,,,0.11300801900402074,0.0,425.0,0.0,19.0,0.0,ok,plugin,False,,419.38811587331514,424.70873999231117,1.0568211561255798,0.9866142401202699,1.028813259332068,,0.0,0.11300801900402074,0.8869919809959792,0.8869919809959792,False,,,,,,living17,2,FixMatch,logits,17,0.8952940702438354,0.8952940702438354,0.8970588445663452,0.8421052694320679,splits_living17_FixMatch_2_0_f475b82dfdbf.npz,f475b82dfdbf,True,False,,,,,,
iw_residual_dis2,5.0,0,1700,68,425,19,0.8847058823529412,0.0,1.0,54.598148345947266,0.5,0.5,0.48725491762161255,0.25017908215522766,,,,,0.11300801900402074,0.0,425.0,0.0,19.0,0.0,ok,plugin,False,,419.38811587331514,424.70873999231117,1.0568211561255798,0.9866142401202699,1.028813259332068,,0.0,0.11300801900402074,0.8869919809959792,0.8869919809959792,False,,,,,,living17,2,FixMatch,logits,17,0.8952940702438354,0.8952940702438354,0.8970588445663452,0.8421052694320679,splits_living17_FixMatch_2_0_f475b82dfdbf.npz,f475b82dfdbf,True,False,,,,,,
dis2_reference,,0,1700,68,425,19,0.8847058862447739,,,,,,,,,,,,,,,,,,ok,dis2_with_correction,True,0.3779683561033674,,,,,,,,0.15715169889454506,0.842848301105455,0.46487994500208757,,42.0,3.0,0.2764705419540405,0.6235294342041016,0.8999999761581421,living17,2,FixMatch,logits,17,0.8952940702438354,0.8952940702438354,0.8970588445663452,0.8421052694320679,splits_living17_FixMatch_2_0_f475b82dfdbf.npz,f475b82dfdbf,True,True,,,,0.01,0.5351200549979125,0.04185758513931892
iw_overlap_critic,1.0,0,1700,68,425,19,0.88,0.0,1.0,2.9062609672546387,0.5,0.5,0.5617647171020508,0.2347230613231659,336.0,7.0,174.0,3.0,0.05533488925160476,0.15789473684210525,295.0,130.0,16.0,3.0,ok,plugin,False,,196.88083377476167,274.342836852262,0.9949583586762671,0.6746994249965288,0.951516960875733,1.0,0.15789473684210525,0.21322962609371002,0.78677037390629,0.78677037390629,False,48.0,3.0,0.658078670501709,0.3419213593006134,1.0,living17,3,FixMatch,logits,17,0.8952940702438354,0.8952940702438354,0.5588235259056091,0.5789473652839661,splits_living17_FixMatch_3_0_f475b82dfdbf.npz,f475b82dfdbf,False,False,,,,,,
iw_residual_dis2,1.0,0,1700,68,425,19,0.88,0.0,1.0,2.9062609672546387,0.5,0.5,0.5617647171020508,0.2347230613231659,174.0,7.0,81.0,3.0,0.05533488925160476,0.15789473684210525,295.0,130.0,16.0,3.0,ok,plugin,False,,196.88083377476167,274.342836852262,0.9949583586762671,0.6746994249965288,0.951516960875733,0.6666666666666666,0.07611336032388662,0.1314482495754914,0.8685517504245086,0.8685517504245086,False,49.0,8.0,0.7160493731498718,0.2839506268501282,1.0,living17,3,FixMatch,logits,17,0.8952940702438354,0.8952940702438354,0.5588235259056091,0.5789473652839661,splits_living17_FixMatch_3_0_f475b82dfdbf.npz,f475b82dfdbf,False,False,0.1076923076923077,0.2923076923076923,0.3743589743589743,,,
iw_overlap_critic,2.0,0,1700,68,425,19,0.88,0.0,1.0,2.9062609672546387,0.5,0.5,0.5617647171020508,0.2347230613231659,485.0,0.0,238.0,0.0,0.09235845430988388,0.05263157894736842,408.0,17.0,18.0,1.0,unsupported_critic_region,plugin,False,,345.49214903195684,346.2056256363915,1.993469235146295,0.7664781779120842,1.5797666599452667,,,,,,,,,,,,living17,3,FixMatch,logits,17,0.8952940702438354,0.8952940702438354,0.5588235259056091,0.5789473652839661,splits_living17_FixMatch_3_0_f475b82dfdbf.npz,f475b82dfdbf,,,,,,,,
iw_residual_dis2,2.0,0,1700,68,425,19,0.88,0.0,1.0,2.9062609672546387,0.5,0.5,0.5617647171020508,0.2347230613231659,25.0,0.0,17.0,0.0,0.09235845430988388,0.05263157894736842,408.0,17.0,18.0,1.0,unsupported_critic_region,plugin,False,,345.49214903195684,346.2056256363915,1.993469235146295,0.7664781779120842,1.5797666599452667,,,,,,,,,,,,living17,3,FixMatch,logits,17,0.8952940702438354,0.8952940702438354,0.5588235259056091,0.5789473652839661,splits_living17_FixMatch_3_0_f475b82dfdbf.npz,f475b82dfdbf,,,,,,,,
iw_overlap_critic,5.0,0,1700,68,425,19,0.88,0.0,1.0,2.9062609672546387,0.5,0.5,0.5617647171020508,0.2347230613231659,,,,,0.09749755010165587,0.0,424.0,1.0,19.0,0.0,ok,plugin,False,,388.0127139349896,322.4324310305784,4.556480727972077,0.7770300829354331,1.8853892855118444,,0.0,0.09749755010165587,0.9025024498983442,0.9025024498983442,False,,,,,,living17,3,FixMatch,logits,17,0.8952940702438354,0.8952940702438354,0.5588235259056091,0.5789473652839661,splits_living17_FixMatch_3_0_f475b82dfdbf.npz,f475b82dfdbf,False,False,,,,,,
iw_residual_dis2,5.0,0,1700,68,425,19,0.88,0.0,1.0,2.9062609672546387,0.5,0.5,0.5617647171020508,0.2347230613231659,,,,,0.09749755010165587,0.0,424.0,1.0,19.0,0.0,ok,plugin,False,,388.0127139349896,322.4324310305784,4.556480727972077,0.7770300829354331,1.8853892855118444,,0.0,0.09749755010165587,0.9025024498983442,0.9025024498983442,False,,,,,,living17,3,FixMatch,logits,17,0.8952940702438354,0.8952940702438354,0.5588235259056091,0.5789473652839661,splits_living17_FixMatch_3_0_f475b82dfdbf.npz,f475b82dfdbf,False,False,,,,,,
dis2_reference,,0,1700,68,425,19,0.880000002682209,,,,,,,,,,,,,,,,,,ok,dis2_with_correction,True,0.3779683561033674,,,,,,,,0.3235913285871408,0.6764086714128592,0.29844031530949183,,49.0,24.0,0.3588234782218933,0.5411764979362488,0.8999999761581421,living17,3,FixMatch,logits,17,0.8952940702438354,0.8952940702438354,0.5588235259056091,0.5789473652839661,splits_living17_FixMatch_3_0_f475b82dfdbf.npz,f475b82dfdbf,True,True,,,,0.01,0.7015596846905081,0.2035913312693498
iw_overlap_critic,1.0,0,2600,13282,650,3322,0.8276923076923077,0.0,1.0,2.327674388885498,0.5,0.5,0.550034761428833,0.24711290001869202,383.0,2347.0,187.0,1185.0,0.0712329585183256,0.5957254665863937,309.0,341.0,1343.0,1979.0,ok,plugin,False,,261.5074415817544,303.22618137089034,0.9999226603952548,0.870066942990248,0.9917423445954672,0.8852956038403234,0.5273931366646598,0.5986260951829854,0.4013739048170146,0.4013739048170146,False,46.0,15.0,0.5286808609962463,0.35823899507522583,0.8869198560714722,nonliving26,1,ERM-aug-rand,logits,26,0.8153846263885498,0.8153846263885498,0.45106157660484314,0.4497290849685669,splits_nonliving26_ERM-aug-rand_1_0_f475b82dfdbf.npz,f475b82dfdbf,True,True,,,,,,
iw_residual_dis2,1.0,0,2600,13282,650,3322,0.8276923076923077,0.0,1.0,2.327674388885498,0.5,0.5,0.550034761428833,0.24711290001869202,397.0,2347.0,203.0,1185.0,0.0712329585183256,0.5957254665863937,309.0,341.0,1343.0,1979.0,ok,plugin,False,,261.5074415817544,303.22618137089034,0.9999226603952548,0.870066942990248,0.9917423445954672,0.7498736735725113,0.25804332972575966,0.3292762882440853,0.6707237117559147,0.6707237117559147,False,47.0,2.0,0.30067968368530273,0.4334975481033325,0.7341772317886353,nonliving26,1,ERM-aug-rand,logits,26,0.8153846263885498,0.8153846263885498,0.45106157660484314,0.4497290849685669,splits_nonliving26_ERM-aug-rand_1_0_f475b82dfdbf.npz,f475b82dfdbf,False,False,0.17595307917888564,0.49266862170087977,0.25720505187163156,,,
iw_overlap_critic,2.0,0,2600,13282,650,3322,0.8276923076923077,0.0,1.0,2.327674388885498,0.5,0.5,0.550034761428833,0.24711290001869202,776.0,0.0,386.0,1.0,0.17810007024848898,0.00030102347983142685,646.0,4.0,3321.0,1.0,unsupported_critic_region,plugin,False,,665.6793959316628,615.6453859331873,1.9022546998397676,1.0115417510509044,1.4460166773682959,,,,,,,,,,,,nonliving26,1,ERM-aug-rand,logits,26,0.8153846263885498,0.8153846263885498,0.45106157660484314,0.4497290849685669,splits_nonliving26_ERM-aug-rand_1_0_f475b82dfdbf.npz,f475b82dfdbf,,,,,,,,
iw_residual_dis2,2.0,0,2600,13282,650,3322,0.8276923076923077,0.0,1.0,2.327674388885498,0.5,0.5,0.550034761428833,0.24711290001869202,4.0,0.0,4.0,1.0,0.17810007024848898,0.00030102347983142685,646.0,4.0,3321.0,1.0,unsupported_critic_region,plugin,False,,665.6793959316628,615.6453859331873,1.9022546998397676,1.0115417510509044,1.4460166773682959,,,,,,,,,,,,nonliving26,1,ERM-aug-rand,logits,26,0.8153846263885498,0.8153846263885498,0.45106157660484314,0.4497290849685669,splits_nonliving26_ERM-aug-rand_1_0_f475b82dfdbf.npz,f475b82dfdbf,,,,,,,,
iw_overlap_critic,5.0,0,2600,13282,650,3322,0.8276923076923077,0.0,1.0,2.327674388885498,0.5,0.5,0.550034761428833,0.24711290001869202,,,,,0.17810007024848898,0.0,650.0,0.0,3322.0,0.0,ok,plugin,False,,674.5942110196929,615.2250590254001,2.381715471474116,1.011798960027761,1.479419489585962,,0.0,0.17810007024848898,0.821899929751511,0.821899929751511,False,,,,,,nonliving26,1,ERM-aug-rand,logits,26,0.8153846263885498,0.8153846263885498,0.45106157660484314,0.4497290849685669,splits_nonliving26_ERM-aug-rand_1_0_f475b82dfdbf.npz,f475b82dfdbf,False,False,,,,,,
iw_residual_dis2,5.0,0,2600,13282,650,3322,0.8276923076923077,0.0,1.0,2.327674388885498,0.5,0.5,0.550034761428833,0.24711290001869202,,,,,0.17810007024848898,0.0,650.0,0.0,3322.0,0.0,ok,plugin,False,,674.5942110196929,615.2250590254001,2.381715471474116,1.011798960027761,1.479419489585962,,0.0,0.17810007024848898,0.821899929751511,0.821899929751511,False,,,,,,nonliving26,1,ERM-aug-rand,logits,26,0.8153846263885498,0.8153846263885498,0.45106157660484314,0.4497290849685669,splits_nonliving26_ERM-aug-rand_1_0_f475b82dfdbf.npz,f475b82dfdbf,False,False,,,,,,
dis2_reference,,0,2600,13282,650,3322,0.827692300081253,,,,,,,,,,,,,,,,,,ok,dis2_with_correction,True,0.12191343894635215,,,,,,,,0.4471402845526561,0.5528597154473439,0.43094627650099177,,49.0,5.0,0.31505250930786133,0.4384615421295166,0.7535140514373779,nonliving26,1,ERM-aug-rand,logits,26,0.8153846263885498,0.8153846263885498,0.45106157660484314,0.4497290849685669,splits_nonliving26_ERM-aug-rand_1_0_f475b82dfdbf.npz,f475b82dfdbf,True,True,,,,0.01,0.5690537234990083,0.27483258463390914
iw_overlap_critic,1.0,0,2600,520,650,130,0.8276923076923077,0.0,1.0,1.6417648792266846,0.5,0.5,0.617307722568512,0.2310003638267517,468.0,100.0,240.0,44.0,0.06892405112413404,0.46923076923076923,384.0,266.0,69.0,61.0,ok,plugin,False,,239.64579232903742,340.3826118566988,0.9996380298145865,0.64102858676811,0.9633334271708645,0.8688524590163934,0.4076923076923077,0.4766163588164417,0.5233836411835583,0.5233836411835583,False,45.0,11.0,0.4056829810142517,0.5261352062225342,0.9318181872367859,nonliving26,2,ERM-aug-rand,logits,26,0.8153846263885498,0.8153846263885498,0.7615384459495544,0.7461538314819336,splits_nonliving26_ERM-aug-rand_2_0_f475b82dfdbf.npz,f475b82dfdbf,True,True,,,,,,
iw_residual_dis2,1.0,0,2600,520,650,130,0.8276923076923077,0.0,1.0,1.6417648792266846,0.5,0.5,0.617307722568512,0.2310003638267517,312.0,100.0,150.0,44.0,0.06892405112413404,0.46923076923076923,384.0,266.0,69.0,61.0,ok,plugin,False,,239.64579232903742,340.3826118566988,0.9996380298145865,0.64102858676811,0.9633334271708645,0.6885245901639344,0.08493348756506648,0.15385753868920052,0.8461424613107995,0.8461424613107995,False,38.0,23.0,0.15939390659332275,0.6133333444595337,0.7727272510528564,nonliving26,2,ERM-aug-rand,logits,26,0.8153846263885498,0.8153846263885498,0.7615384459495544,0.7461538314819336,splits_nonliving26_ERM-aug-rand_2_0_f475b82dfdbf.npz,f475b82dfdbf,False,False,0.16541353383458646,0.6729323308270677,0.015592259336866698,,,
iw_overlap_critic,2.0,0,2600,520,650,130,0.8276923076923077,0.0,1.0,1.6417648792266846,0.5,0.5,0.617307722568512,0.2310003638267517,719.0,15.0,366.0,11.0,0.1464424579874373,0.05384615384615385,606.0,44.0,123.0,7.0,ok,plugin,False,,533.2481111849584,496.96420536998437,1.9989691197158928,0.8502827634440007,1.6341352846602561,0.8571428571428571,0.046153846153846156,0.19259630414128345,0.8074036958587165,0.8074036958587165,False,43.0,9.0,0.2764738202095032,0.5417079925537109,0.8181818127632141,nonliving26,2,ERM-aug-rand,logits,26,0.8153846263885498,0.8153846263885498,0.7615384459495544,0.7461538314819336,splits_nonliving26_ERM-aug-rand_2_0_f475b82dfdbf.npz,f475b82dfdbf,False,False,,,,,,
iw_residual_dis2,2.0,0,2600,520,650,130,0.8276923076923077,0.0,1.0,1.6417648792266846,0.5,0.5,0.617307722568512,0.2310003638267517,61.0,15.0,24.0,11.0,0.1464424579874373,0.05384615384615385,606.0,44.0,123.0,7.0,ok,plugin,False,,533.2481111849584,496.96420536998437,1.9989691197158928,0.8502827634440007,1.6341352846602561,0.2857142857142857,-0.00541958041958042,0.14102287756785686,0.8589771224321432,0.8589771224321432,False,46.0,10.0,0.4015151560306549,0.4166666567325592,0.8181818127632141,nonliving26,2,ERM-aug-rand,logits,26,0.8153846263885498,0.8153846263885498,0.7615384459495544,0.7461538314819336,splits_nonliving26_ERM-aug-rand_2_0_f475b82dfdbf.npz,f475b82dfdbf,False,False,0.13636363636363635,0.5227272727272727,-0.237012987012987,,,
iw_overlap_critic,5.0,0,2600,520,650,130,0.8276923076923077,0.0,1.0,1.6417648792266846,0.5,0.5,0.617307722568512,0.2310003638267517,,,,,0.17106052947143602,0.0,648.0,2.0,130.0,0.0,ok,plugin,False,,644.3415271748706,470.4438945576891,4.368088930380306,0.884338271424278,2.152389975853376,,0.0,0.17106052947143602,0.828939470528564,0.828939470528564,False,,,,,,nonliving26,2,ERM-aug-rand,logits,26,0.8153846263885498,0.8153846263885498,0.7615384459495544,0.7461538314819336,splits_nonliving26_ERM-aug-rand_2_0_f475b82dfdbf.npz,f475b82dfdbf,False,False,,,,,,
iw_residual_dis2,5.0,0,2600,520,650,130,0.8276923076923077,0.0,1.0,1.6417648792266846,0.5,0.5,0.617307722568512,0.2310003638267517,,,,,0.17106052947143602,0.0,648.0,2.0,130.0,0.0,ok,plugin,False,,644.3415271748706,470.4438945576891,4.368088930380306,0.884338271424278,2.152389975853376,,0.0,0.17106052947143602,0.828939470528564,0.828939470528564,False,,,,,,nonliving26,2,ERM-aug-rand,logits,26,0.8153846263885498,0.8153846263885498,0.7615384459495544,0.7461538314819336,splits_nonliving26_ERM-aug-rand_2_0_f475b82dfdbf.npz,f475b82dfdbf,False,False,,,,,,
dis2_reference,,0,2600,520,650,130,0.827692300081253,,,,,,,,,,,,,,,,,,ok,dis2_with_correction,True,0.1785551663813064,,,,,,,,0.13230769991874702,0.867692300081253,0.6891371336999466,,48.0,27.0,0.10256409645080566,0.5897436141967773,0.692307710647583,nonliving26,2,ERM-aug-rand,logits,26,0.8153846263885498,0.8153846263885498,0.7615384459495544,0.7461538314819336,splits_nonliving26_ERM-aug-rand_2_0_f475b82dfdbf.npz,f475b82dfdbf,True,True,,,,0.01,0.31086286630005344,-0.039999999999999925
iw_overlap_critic,1.0,0,2600,520,650,130,0.8276923076923077,0.0,1.0,1.5955228805541992,0.5,0.5,0.6326923370361328,0.2210557460784912,492.0,105.0,246.0,51.0,0.06796153152909111,0.5769230769230769,410.0,240.0,55.0,75.0,ok,plugin,False,,227.65507365006448,341.5094596221174,0.9981752990791111,0.5519084761095243,0.9534798363626081,0.7733333333333333,0.4461538461538461,0.5141153776829372,0.48588462231706275,0.48588462231706275,False,49.0,7.0,0.3616764545440674,0.44224512577056885,0.8039215803146362,nonliving26,3,ERM-aug-rand,logits,26,0.8153846263885498,0.8153846263885498,0.7365384697914124,0.7384615540504456,splits_nonliving26_ERM-aug-rand_3_0_f475b82dfdbf.npz,f475b82dfdbf,True,True,,,,,,
iw_residual_dis2,1.0,0,2600,520,650,130,0.8276923076923077,0.0,1.0,1.5955228805541992,0.5,0.5,0.6326923370361328,0.2210557460784912,288.0,105.0,144.0,51.0,0.06796153152909111,0.5769230769230769,410.0,240.0,55.0,75.0,ok,plugin,False,,227.65507365006448,341.5094596221174,0.9981752990791111,0.5519084761095243,0.9534798363626081,0.72,0.14375,0.2117115315290911,0.7882884684709088,0.7882884684709088,False,38.0,23.0,0.226307213306427,0.5972222089767456,0.8235294222831726,nonliving26,3,ERM-aug-rand,logits,26,0.8153846263885498,0.8153846263885498,0.7365384697914124,0.7384615540504456,splits_nonliving26_ERM-aug-rand_3_0_f475b82dfdbf.npz,f475b82dfdbf,False,False,0.15416666666666667,0.625,0.09499999999999997,,,
iw_overlap_critic,2.0,0,2600,520,650,130,0.8276923076923077,0.0,1.0,1.5955228805541992,0.5,0.5,0.6326923370361328,0.2210557460784912,697.0,30.0,358.0,16.0,0.12404520939912553,0.1,596.0,54.0,117.0,13.0,ok,plugin,False,,480.9501652333057,452.6771829630732,1.9812241419394456,0.7406839650601653,1.7082814521067413,0.9230769230769231,0.09230769230769231,0.21635290170681784,0.7836470982931821,0.7836470982931821,False,43.0,9.0,0.29648226499557495,0.578517735004425,0.875,nonliving26,3,ERM-aug-rand,logits,26,0.8153846263885498,0.8153846263885498,0.7365384697914124,0.7384615540504456,splits_nonliving26_ERM-aug-rand_3_0_f475b82dfdbf.npz,f475b82dfdbf,False,False,,,,,,
iw_residual_dis2,2.0,0,2600,520,650,130,0.8276923076923077,0.0,1.0,1.5955228805541992,0.5,0.5,0.6326923370361328,0.2210557460784912,83.0,30.0,32.0,16.0,0.12404520939912553,0.1,596.0,54.0,117.0,13.0,ok,plugin,False,,480.9501652333057,452.6771829630732,1.9812241419394456,0.7406839650601653,1.7082814521067413,0.5384615384615384,0.001994301994301995,0.12603951139342753,0.8739604886065725,0.8739604886065725,False,10.0,22.0,0.40625,0.53125,0.9375,nonliving26,3,ERM-aug-rand,logits,26,0.8153846263885498,0.8153846263885498,0.7365384697914124,0.7384615540504456,splits_nonliving26_ERM-aug-rand_3_0_f475b82dfdbf.npz,f475b82dfdbf,False,False,0.18518518518518517,0.7037037037037037,-0.16524216524216528,,,
iw_overlap_critic,5.0,0,2600,520,650,130,0.8276923076923077,0.0,1.0,1.5955228805541992,0.5,0.5,0.6326923370361328,0.2210557460784912,772.0,2.0,385.0,0.0,0.16734733864961793,0.015384615384615385,646.0,4.0,128.0,2.0,unsupported_critic_region,plugin,False,,624.0307613733553,409.79210705931774,4.848100102139222,0.7893286251665168,2.313208457421,,,,,,,,,,,,nonliving26,3,ERM-aug-rand,logits,26,0.8153846263885498,0.8153846263885498,0.7365384697914124,0.7384615540504456,splits_nonliving26_ERM-aug-rand_3_0_f475b82dfdbf.npz,f475b82dfdbf,,,,,,,,
iw_residual_dis2,5.0,0,2600,520,650,130,0.8276923076923077,0.0,1.0,1.5955228805541992,0.5,0.5,0.6326923370361328,0.2210557460784912,8.0,2.0,5.0,0.0,0.16734733864961793,0.015384615384615385,646.0,4.0,128.0,2.0,unsupported_critic_region,plugin,False,,624.0307613733553,409.79210705931774,4.848100102139222,0.7893286251665168,2.313208457421,,,,,,,,,,,,nonliving26,3,ERM-aug-rand,logits,26,0.8153846263885498,0.8153846263885498,0.7365384697914124,0.7384615540504456,splits_nonliving26_ERM-aug-rand_3_0_f475b82dfdbf.npz,f475b82dfdbf,,,,,,,,
dis2_reference,,0,2600,520,650,130,0.827692300081253,,,,,,,,,,,,,,,,,,ok,dis2_with_correction,True,0.1785551663813064,,,,,,,,0.19384616145720845,0.8061538385427915,0.6275986721614851,,17.0,16.0,0.16923075914382935,0.7923076748847961,0.9615384340286255,nonliving26,3,ERM-aug-rand,logits,26,0.8153846263885498,0.8153846263885498,0.7365384697914124,0.7384615540504456,splits_nonliving26_ERM-aug-rand_3_0_f475b82dfdbf.npz,f475b82dfdbf,True,True,,,,0.01,0.3724013278385149,0.021538461538461506
iw_overlap_critic,1.0,0,2600,13282,650,3322,0.8092307692307692,0.0,1.0,2.336298704147339,0.5,0.5,0.532593846321106,0.24776843190193176,395.0,2338.0,189.0,1160.0,0.08168978031811823,0.5897049969897652,305.0,345.0,1363.0,1959.0,ok,plugin,False,,262.30870225754154,300.4876685193256,0.9990484425396398,0.879352764336512,0.9913370896514443,0.8795303726391016,0.5186634557495485,0.6003532360676668,0.3996467639323332,0.3996467639323332,False,47.0,15.0,0.5438656806945801,0.34837567806243896,0.892241358757019,nonliving26,1,BN_adapt,logits,26,0.813076913356781,0.813076913356781,0.4389398992061615,0.43618303537368774,splits_nonliving26_BN_adapt_1_0_f475b82dfdbf.npz,f475b82dfdbf,True,True,,,,,,
iw_residual_dis2,1.0,0,2600,13282,650,3322,0.8092307692307692,0.0,1.0,2.336298704147339,0.5,0.5,0.532593846321106,0.24776843190193176,385.0,2338.0,201.0,1160.0,0.08168978031811823,0.5897049969897652,305.0,345.0,1363.0,1959.0,ok,plugin,False,,262.30870225754154,300.4876685193256,0.9990484425396398,0.879352764336512,0.9913370896514443,0.742215416028586,0.24795696673036152,0.32964674704847974,0.6703532529515203,0.6703532529515203,False,49.0,7.0,0.29945531487464905,0.4427860677242279,0.742241382598877,nonliving26,1,BN_adapt,logits,26,0.813076913356781,0.813076913356781,0.4389398992061615,0.43618303537368774,splits_nonliving26_BN_adapt_1_0_f475b82dfdbf.npz,f475b82dfdbf,False,False,0.18840579710144928,0.5101449275362319,0.23207048849235412,,,
iw_overlap_critic,2.0,0,2600,13282,650,3322,0.8092307692307692,0.0,1.0,2.336298704147339,0.5,0.5,0.532593846321106,0.24776843190193176,,,,,0.19445881739585816,0.0,646.0,4.0,3322.0,0.0,ok,plugin,False,,662.3223423792962,620.9576840741094,1.908219932661543,1.0096390678879825,1.372747868432486,,0.0,0.19445881739585816,0.8055411826041419,0.8055411826041419,False,,,,,,nonliving26,1,BN_adapt,logits,26,0.813076913356781,0.813076913356781,0.4389398992061615,0.43618303537368774,splits_nonliving26_BN_adapt_1_0_f475b82dfdbf.npz,f475b82dfdbf,False,False,,,,,,
iw_residual_dis2,2.0,0,2600,13282,650,3322,0.8092307692307692,0.0,1.0,2.336298704147339,0.5,0.5,0.532593846321106,0.24776843190193176,,,,,0.19445881739585816,0.0,646.0,4.0,3322.0,0.0,ok,plugin,False,,662.3223423792962,620.9576840741094,1.908219932661543,1.0096390678879825,1.372747868432486,,0.0,0.19445881739585816,0.8055411826041419,0.8055411826041419,False,,,,,,nonliving26,1,BN_adapt,logits,26,0.813076913356781,0.813076913356781,0.4389398992061615,0.43618303537368774,splits_nonliving26_BN_adapt_1_0_f475b82dfdbf.npz,f475b82dfdbf,False,False,,,,,,
iw_overlap_critic,5.0,0,2600,13282,650,3322,0.8092307692307692,0.0,1.0,2.336298704147339,0.5,0.5,0.532593846321106,0.24776843190193176,,,,,0.19445881739585816,0.0,650.0,0.0,3322.0,0.0,ok,plugin,False,,670.3993010086563,621.8373975611444,2.05576760277969,1.0106062876586832,1.4017454299711263,,0.0,0.19445881739585816,0.8055411826041419,0.8055411826041419,False,,,,,,nonliving26,1,BN_adapt,logits,26,0.813076913356781,0.813076913356781,0.4389398992061615,0.43618303537368774,splits_nonliving26_BN_adapt_1_0_f475b82dfdbf.npz,f475b82dfdbf,False,False,,,,,,
iw_residual_dis2,5.0,0,2600,13282,650,3322,0.8092307692307692,0.0,1.0,2.336298704147339,0.5,0.5,0.532593846321106,0.24776843190193176,,,,,0.19445881739585816,0.0,650.0,0.0,3322.0,0.0,ok,plugin,False,,670.3993010086563,621.8373975611444,2.05576760277969,1.0106062876586832,1.4017454299711263,,0.0,0.19445881739585816,0.8055411826041419,0.8055411826041419,False,,,,,,nonliving26,1,BN_adapt,logits,26,0.813076913356781,0.813076913356781,0.4389398992061615,0.43618303537368774,splits_nonliving26_BN_adapt_1_0_f475b82dfdbf.npz,f475b82dfdbf,False,False,,,,,,
dis2_reference,,0,2600,13282,650,3322,0.809230774641037,,,,,,,,,,,,,,,,,,ok,dis2_with_correction,True,0.12191343894635215,,,,,,,,0.45442967087371317,0.5455703291262868,0.42365689017993463,,49.0,5.0,0.287835955619812,0.4435897469520569,0.7314257025718689,nonliving26,1,BN_adapt,logits,26,0.813076913356781,0.813076913356781,0.4389398992061615,0.43618303537368774,splits_nonliving26_BN_adapt_1_0_f475b82dfdbf.npz,f475b82dfdbf,True,True,,,,0.01,0.5763431098200653,0.26366044551475015
iw_overlap_critic,1.0,0,2600,104,650,28,0.8107692307692308,0.0,1.0,54.598148345947266,0.5,0.5,0.48461538553237915,0.25010523200035095,554.0,5.0,264.0,6.0,0.14032139085282158,0.2857142857142857,441.0,209.0,20.0,8.0,ok,plugin,False,,431.07495795595753,440.873047957098,0.9999337765666237,0.9806928094688112,0.9982665244583858,0.5,0.14285714285714285,0.28317853370996443,0.7168214662900356,0.7168214662900356,False,48.0,23.0,0.47430849075317383,0.5256915092468262,1.0,nonliving26,2,BN_adapt,logits,26,0.8138461709022522,0.8138461709022522,0.817307710647583,0.7500000596046448,splits_nonliving26_BN_adapt_2_0_f475b82dfdbf.npz,f475b82dfdbf,True,True,,,,,,
iw_residual_dis2,1.0,0,2600,104,650,28,0.8107692307692308,0.0,1.0,54.598148345947266,0.5,0.5,0.48461538553237915,0.25010523200035095,226.0,5.0,126.0,6.0,0.14032139085282158,0.2857142857142857,441.0,209.0,20.0,8.0,ok,plugin,False,,431.07495795595753,440.873047957098,0.9999337765666237,0.9806928094688112,0.9982665244583858,0.75,0.10765550239234448,0.24797689324516606,0.752023106754834,0.752023106754834,False,34.0,9.0,0.3412698209285736,0.4920634925365448,0.8333333134651184,nonliving26,2,BN_adapt,logits,26,0.8138461709022522,0.8138461709022522,0.817307710647583,0.7500000596046448,splits_nonliving26_BN_adapt_2_0_f475b82dfdbf.npz,f475b82dfdbf,True,False,0.14354066985645933,0.5167464114832536,0.23325358851674638,,,
iw_overlap_critic,2.0,0,2600,104,650,28,0.8107692307692308,0.0,1.0,54.598148345947266,0.5,0.5,0.48461538553237915,0.25010523200035095,,,,,0.18695861570573957,0.0,650.0,0.0,28.0,0.0,ok,plugin,False,,643.7567185407139,649.585732871301,1.0840271941026507,0.9904258854511563,1.032772367867144,,0.0,0.18695861570573957,0.8130413842942604,0.8130413842942604,False,,,,,,nonliving26,2,BN_adapt,logits,26,0.8138461709022522,0.8138461709022522,0.817307710647583,0.7500000596046448,splits_nonliving26_BN_adapt_2_0_f475b82dfdbf.npz,f475b82dfdbf,True,False,,,,,,
iw_residual_dis2,2.0,0,2600,104,650,28,0.8107692307692308,0.0,1.0,54.598148345947266,0.5,0.5,0.48461538553237915,0.25010523200035095,,,,,0.18695861570573957,0.0,650.0,0.0,28.0,0.0,ok,plugin,False,,643.7567185407139,649.585732871301,1.0840271941026507,0.9904258854511563,1.032772367867144,,0.0,0.18695861570573957,0.8130413842942604,0.8130413842942604,False,,,,,,nonliving26,2,BN_adapt,logits,26,0.8138461709022522,0.8138461709022522,0.817307710647583,0.7500000596046448,splits_nonliving26_BN_adapt_2_0_f475b82dfdbf.npz,f475b82dfdbf,True,False,,,,,,
iw_overlap_critic,5.0,0,2600,104,650,28,0.8107692307692308,0.0,1.0,54.598148345947266,0.5,0.5,0.48461538553237915,0.25010523200035095,,,,,0.18695861570573957,0.0,650.0,0.0,28.0,0.0,ok,plugin,False,,643.7567185407139,649.585732871301,1.0840271941026507,0.9904258854511563,1.032772367867144,,0.0,0.18695861570573957,0.8130413842942604,0.8130413842942604,False,,,,,,nonliving26,2,BN_adapt,logits,26,0.8138461709022522,0.8138461709022522,0.817307710647583,0.7500000596046448,splits_nonliving26_BN_adapt_2_0_f475b82dfdbf.npz,f475b82dfdbf,True,False,,,,,,
iw_residual_dis2,5.0,0,2600,104,650,28,0.8107692307692308,0.0,1.0,54.598148345947266,0.5,0.5,0.48461538553237915,0.25010523200035095,,,,,0.18695861570573957,0.0,650.0,0.0,28.0,0.0,ok,plugin,False,,643.7567185407139,649.585732871301,1.0840271941026507,0.9904258854511563,1.032772367867144,,0.0,0.18695861570573957,0.8130413842942604,0.8130413842942604,False,,,,,,nonliving26,2,BN_adapt,logits,26,0.8138461709022522,0.8138461709022522,0.817307710647583,0.7500000596046448,splits_nonliving26_BN_adapt_2_0_f475b82dfdbf.npz,f475b82dfdbf,True,False,,,,,,
dis2_reference,,0,2600,104,650,28,0.8107692301273346,,,,,,,,,,,,,,,,,,ok,dis2_with_correction,True,0.3104914432171511,,,,,,,,0.11087912152101709,0.8891208784789829,0.5786294352618317,,37.0,0.0,0.17435896396636963,0.7589743733406067,0.9333333373069763,nonliving26,2,BN_adapt,logits,26,0.8138461709022522,0.8138461709022522,0.817307710647583,0.7500000596046448,splits_nonliving26_BN_adapt_2_0_f475b82dfdbf.npz,f475b82dfdbf,True,True,,,,0.01,0.4213705647381682,-0.07835164835164832
iw_overlap_critic,1.0,0,2600,104,650,28,0.8107692307692308,0.0,1.0,54.598148345947266,0.5,0.5,0.4730769395828247,0.251991868019104,535.0,9.0,249.0,4.0,0.14475343188940465,0.42857142857142855,428.0,222.0,16.0,12.0,ok,plugin,False,,417.5958205473063,427.8183007289444,0.9999288053192431,0.9806399394485545,0.9978144848716217,0.5833333333333334,0.25,0.39475343188940465,0.6052465681105954,0.6052465681105954,False,49.0,5.0,0.5525793433189392,0.4474206566810608,1.0,nonliving26,3,BN_adapt,logits,26,0.8134615421295166,0.8134615421295166,0.45192310214042664,0.3571428656578064,splits_nonliving26_BN_adapt_3_0_f475b82dfdbf.npz,f475b82dfdbf,False,False,,,,,,
iw_residual_dis2,1.0,0,2600,104,650,28,0.8107692307692308,0.0,1.0,54.598148345947266,0.5,0.5,0.4730769395828247,0.251991868019104,245.0,9.0,141.0,4.0,0.14475343188940465,0.42857142857142855,428.0,222.0,16.0,12.0,ok,plugin,False,,417.5958205473063,427.8183007289444,0.9999288053192431,0.9806399394485545,0.9978144848716217,0.5833333333333334,0.12644787644787644,0.27120130833728107,0.7287986916627189,0.7287986916627189,False,48.0,16.0,0.609929084777832,0.39007091522216797,1.0,nonliving26,3,BN_adapt,logits,26,0.8134615421295166,0.8134615421295166,0.45192310214042664,0.3571428656578064,splits_nonliving26_BN_adapt_3_0_f475b82dfdbf.npz,f475b82dfdbf,False,False,0.12162162162162163,0.4099099099099099,0.17342342342342348,,,
iw_overlap_critic,2.0,0,2600,104,650,28,0.8107692307692308,0.0,1.0,54.598148345947266,0.5,0.5,0.4730769395828247,0.251991868019104,,,,,0.18688018085209068,0.0,650.0,0.0,28.0,0.0,ok,plugin,False,,643.4313586202909,649.5106698032325,1.0776120026061717,0.990703725744782,1.0306431301979841,,0.0,0.18688018085209068,0.8131198191479093,0.8131198191479093,False,,,,,,nonliving26,3,BN_adapt,logits,26,0.8134615421295166,0.8134615421295166,0.45192310214042664,0.3571428656578064,splits_nonliving26_BN_adapt_3_0_f475b82dfdbf.npz,f475b82dfdbf,False,False,,,,,,
iw_residual_dis2,2.0,0,2600,104,650,28,0.8107692307692308,0.0,1.0,54.598148345947266,0.5,0.5,0.4730769395828247,0.251991868019104,,,,,0.18688018085209068,0.0,650.0,0.0,28.0,0.0,ok,plugin,False,,643.4313586202909,649.5106698032325,1.0776120026061717,0.990703725744782,1.0306431301979841,,0.0,0.18688018085209068,0.8131198191479093,0.8131198191479093,False,,,,,,nonliving26,3,BN_adapt,logits,26,0.8134615421295166,0.8134615421295166,0.45192310214042664,0.3571428656578064,splits_nonliving26_BN_adapt_3_0_f475b82dfdbf.npz,f475b82dfdbf,False,False,,,,,,
iw_overlap_critic,5.0,0,2600,104,650,28,0.8107692307692308,0.0,1.0,54.598148345947266,0.5,0.5,0.4730769395828247,0.251991868019104,,,,,0.18688018085209068,0.0,650.0,0.0,28.0,0.0,ok,plugin,False,,643.4313586202909,649.5106698032325,1.0776120026061717,0.990703725744782,1.0306431301979841,,0.0,0.18688018085209068,0.8131198191479093,0.8131198191479093,False,,,,,,nonliving26,3,BN_adapt,logits,26,0.8134615421295166,0.8134615421295166,0.45192310214042664,0.3571428656578064,splits_nonliving26_BN_adapt_3_0_f475b82dfdbf.npz,f475b82dfdbf,False,False,,,,,,
iw_residual_dis2,5.0,0,2600,104,650,28,0.8107692307692308,0.0,1.0,54.598148345947266,0.5,0.5,0.4730769395828247,0.251991868019104,,,,,0.18688018085209068,0.0,650.0,0.0,28.0,0.0,ok,plugin,False,,643.4313586202909,649.5106698032325,1.0776120026061717,0.990703725744782,1.0306431301979841,,0.0,0.18688018085209068,0.8131198191479093,0.8131198191479093,False,,,,,,nonliving26,3,BN_adapt,logits,26,0.8134615421295166,0.8134615421295166,0.45192310214042664,0.3571428656578064,splits_nonliving26_BN_adapt_3_0_f475b82dfdbf.npz,f475b82dfdbf,False,False,,,,,,
dis2_reference,,0,2600,104,650,28,0.8107692301273346,,,,,,,,,,,,,,,,,,ok,dis2_with_correction,True,0.3104914432171511,,,,,,,,0.35747252811442354,0.6425274718855765,0.33203602866842535,,24.0,8.0,0.2897436022758484,0.7102563977241516,1.0,nonliving26,3,BN_adapt,logits,26,0.8134615421295166,0.8134615421295166,0.45192310214042664,0.3571428656578064,splits_nonliving26_BN_adapt_3_0_f475b82dfdbf.npz,f475b82dfdbf,True,True,,,,0.01,0.6679639713315746,0.16824175824175824
iw_overlap_critic,1.0,0,2600,13282,650,3322,0.8046153846153846,0.0,1.0,12.373048782348633,0.5,0.5,0.49578893184661865,0.24997884035110474,357.0,2156.0,192.0,1051.0,0.09426862319565711,0.5328115593016255,295.0,355.0,1552.0,1770.0,ok,plugin,False,,290.52196829245264,294.9575935931123,0.9999638138760177,0.9873664952823785,0.9985973966935232,0.9242937853107345,0.4924744130042143,0.5867430361998714,0.41325696380012855,0.41325696380012855,False,48.0,26.0,0.42506420612335205,0.5016722083091736,0.9267364144325256,nonliving26,1,DANN,logits,26,0.8126922845840454,0.8126922845840454,0.5122722387313843,0.5192654728889465,splits_nonliving26_DANN_1_0_f475b82dfdbf.npz,f475b82dfdbf,True,True,,,,,,
iw_residual_dis2,1.0,0,2600,13282,650,3322,0.8046153846153846,0.0,1.0,12.373048782348633,0.5,0.5,0.49578893184661865,0.24997884035110474,423.0,2156.0,198.0,1051.0,0.09426862319565711,0.5328115593016255,295.0,355.0,1552.0,1770.0,ok,plugin,False,,290.52196829245264,294.9575935931123,0.9999638138760177,0.9873664952823785,0.9985973966935232,0.7129943502824859,0.15325910914009042,0.24752773233574754,0.7524722676642525,0.7524722676642525,False,49.0,7.0,0.1757633090019226,0.5454545617103577,0.7212178707122803,nonliving26,1,DANN,logits,26,0.8126922845840454,0.8126922845840454,0.5122722387313843,0.5192654728889465,splits_nonliving26_DANN_1_0_f475b82dfdbf.npz,f475b82dfdbf,False,False,0.18309859154929578,0.6084507042253521,0.10454364605713384,,,
iw_overlap_critic,2.0,0,2600,13282,650,3322,0.8046153846153846,0.0,1.0,12.373048782348633,0.5,0.5,0.49578893184661865,0.24997884035110474,,,,,0.1953306662241803,0.0,650.0,0.0,3322.0,0.0,ok,plugin,False,,650.5700602589743,649.7727854777203,1.0844597336415018,1.0017832600681866,1.0304142378909953,,0.0,0.1953306662241803,0.8046693337758197,0.8046693337758197,False,,,,,,nonliving26,1,DANN,logits,26,0.8126922845840454,0.8126922845840454,0.5122722387313843,0.5192654728889465,splits_nonliving26_DANN_1_0_f475b82dfdbf.npz,f475b82dfdbf,False,False,,,,,,
iw_residual_dis2,2.0,0,2600,13282,650,3322,0.8046153846153846,0.0,1.0,12.373048782348633,0.5,0.5,0.49578893184661865,0.24997884035110474,,,,,0.1953306662241803,0.0,650.0,0.0,3322.0,0.0,ok,plugin,False,,650.5700602589743,649.7727854777203,1.0844597336415018,1.0017832600681866,1.0304142378909953,,0.0,0.1953306662241803,0.8046693337758197,0.8046693337758197,False,,,,,,nonliving26,1,DANN,logits,26,0.8126922845840454,0.8126922845840454,0.5122722387313843,0.5192654728889465,splits_nonliving26_DANN_1_0_f475b82dfdbf.npz,f475b82dfdbf,False,False,,,,,,
iw_overlap_critic,5.0,0,2600,13282,650,3322,0.8046153846153846,0.0,1.0,12.373048782348633,0.5,0.5,0.49578893184661865,0.24997884035110474,,,,,0.1953306662241803,0.0,650.0,0.0,3322.0,0.0,ok,plugin,False,,650.5700602589743,649.7727854777203,1.0844597336415018,1.0017832600681866,1.0304142378909953,,0.0,0.1953306662241803,0.8046693337758197,0.8046693337758197,False,,,,,,nonliving26,1,DANN,logits,26,0.8126922845840454,0.8126922845840454,0.5122722387313843,0.5192654728889465,splits_nonliving26_DANN_1_0_f475b82dfdbf.npz,f475b82dfdbf,False,False,,,,,,
iw_residual_dis2,5.0,0,2600,13282,650,3322,0.8046153846153846,0.0,1.0,12.373048782348633,0.5,0.5,0.49578893184661865,0.24997884035110474,,,,,0.1953306662241803,0.0,650.0,0.0,3322.0,0.0,ok,plugin,False,,650.5700602589743,649.7727854777203,1.0844597336415018,1.0017832600681866,1.0304142378909953,,0.0,0.1953306662241803,0.8046693337758197,0.8046693337758197,False,,,,,,nonliving26,1,DANN,logits,26,0.8126922845840454,0.8126922845840454,0.5122722387313843,0.5192654728889465,splits_nonliving26_DANN_1_0_f475b82dfdbf.npz,f475b82dfdbf,False,False,,,,,,
dis2_reference,,0,2600,13282,650,3322,0.8046153783798218,,,,,,,,,,,,,,,,,,ok,dis2_with_correction,True,0.12191343894635215,,,,,,,,0.29757144142289205,0.702428558577108,0.5805151196307559,,49.0,2.0,0.10754555463790894,0.5897436141967773,0.6972891688346863,nonliving26,1,DANN,logits,26,0.8126922845840454,0.8126922845840454,0.5122722387313843,0.5192654728889465,splits_nonliving26_DANN_1_0_f475b82dfdbf.npz,f475b82dfdbf,False,False,,,,0.01,0.4194848803692442,0.10218681980271382
iw_overlap_critic,1.0,0,2600,104,650,28,0.8292307692307692,0.0,1.0,54.598148345947266,0.5,0.5,0.38846156001091003,0.25114089250564575,544.0,4.0,261.0,7.0,0.11961400523110836,0.25,423.0,227.0,21.0,7.0,ok,plugin,False,,413.89798657763913,422.9088013733378,0.9999933646865323,0.9801855227094075,0.9978888235611137,0.7142857142857143,0.17857142857142858,0.2981854338025369,0.7018145661974631,0.7018145661974631,False,49.0,17.0,0.5808347463607788,0.4191652834415436,1.0,nonliving26,2,DANN,logits,26,0.8176922798156738,0.8176922798156738,0.75,0.7142857313156128,splits_nonliving26_DANN_2_0_f475b82dfdbf.npz,f475b82dfdbf,True,True,,,,,,
iw_residual_dis2,1.0,0,2600,104,650,28,0.8292307692307692,0.0,1.0,54.598148345947266,0.5,0.5,0.38846156001091003,0.25114089250564575,236.0,4.0,129.0,7.0,0.11961400523110836,0.25,423.0,227.0,21.0,7.0,ok,plugin,False,,413.89798657763913,422.9088013733378,0.9999933646865323,0.9801855227094075,0.9978888235611137,0.7142857142857143,0.0882630585273757,0.20787706375848408,0.7921229362415159,0.7921229362415159,False,32.0,3.0,0.3455149531364441,0.5116279125213623,0.8571428656578064,nonliving26,2,DANN,logits,26,0.8176922798156738,0.8176922798156738,0.75,0.7142857313156128,splits_nonliving26_DANN_2_0_f475b82dfdbf.npz,f475b82dfdbf,False,False,0.14096916299559473,0.5022026431718062,0.21208307111390812,,,
iw_overlap_critic,2.0,0,2600,104,650,28,0.8292307692307692,0.0,1.0,54.598148345947266,0.5,0.5,0.38846156001091003,0.25114089250564575,,,,,0.16928835900196756,0.0,650.0,0.0,28.0,0.0,ok,plugin,False,,644.5054915247124,649.6497218998405,1.083841619850997,0.9902270713354869,1.0315954847034363,,0.0,0.16928835900196756,0.8307116409980324,0.8307116409980324,False,,,,,,nonliving26,2,DANN,logits,26,0.8176922798156738,0.8176922798156738,0.75,0.7142857313156128,splits_nonliving26_DANN_2_0_f475b82dfdbf.npz,f475b82dfdbf,False,False,,,,,,
iw_residual_dis2,2.0,0,2600,104,650,28,0.8292307692307692,0.0,1.0,54.598148345947266,0.5,0.5,0.38846156001091003,0.25114089250564575,,,,,0.16928835900196756,0.0,650.0,0.0,28.0,0.0,ok,plugin,False,,644.5054915247124,649.6497218998405,1.083841619850997,0.9902270713354869,1.0315954847034363,,0.0,0.16928835900196756,0.8307116409980324,0.8307116409980324,False,,,,,,nonliving26,2,DANN,logits,26,0.8176922798156738,0.8176922798156738,0.75,0.7142857313156128,splits_nonliving26_DANN_2_0_f475b82dfdbf.npz,f475b82dfdbf,False,False,,,,,,
iw_overlap_critic,5.0,0,2600,104,650,28,0.8292307692307692,0.0,1.0,54.598148345947266,0.5,0.5,0.38846156001091003,0.25114089250564575,,,,,0.16928835900196756,0.0,650.0,0.0,28.0,0.0,ok,plugin,False,,644.5054915247124,649.6497218998405,1.083841619850997,0.9902270713354869,1.0315954847034363,,0.0,0.16928835900196756,0.8307116409980324,0.8307116409980324,False,,,,,,nonliving26,2,DANN,logits,26,0.8176922798156738,0.8176922798156738,0.75,0.7142857313156128,splits_nonliving26_DANN_2_0_f475b82dfdbf.npz,f475b82dfdbf,False,False,,,,,,
iw_residual_dis2,5.0,0,2600,104,650,28,0.8292307692307692,0.0,1.0,54.598148345947266,0.5,0.5,0.38846156001091003,0.25114089250564575,,,,,0.16928835900196756,0.0,650.0,0.0,28.0,0.0,ok,plugin,False,,644.5054915247124,649.6497218998405,1.083841619850997,0.9902270713354869,1.0315954847034363,,0.0,0.16928835900196756,0.8307116409980324,0.8307116409980324,False,,,,,,nonliving26,2,DANN,logits,26,0.8176922798156738,0.8176922798156738,0.75,0.7142857313156128,splits_nonliving26_DANN_2_0_f475b82dfdbf.npz,f475b82dfdbf,False,False,,,,,,
dis2_reference,,0,2600,104,650,28,0.8292307704687119,,,,,,,,,,,,,,,,,,ok,dis2_with_correction,True,0.3104914432171511,,,,,,,,0.2296703284323871,0.7703296715676129,0.4598382283504618,,44.0,6.0,0.18205130100250244,0.6846153736114502,0.8666666746139526,nonliving26,2,DANN,logits,26,0.8176922798156738,0.8176922798156738,0.75,0.7142857313156128,splits_nonliving26_DANN_2_0_f475b82dfdbf.npz,f475b82dfdbf,True,True,,,,0.01,0.5401617716495382,0.05890109890109896
iw_overlap_critic,1.0,0,2600,104,650,28,0.8246153846153846,0.0,1.0,54.598148345947266,0.5,0.5,0.5365384817123413,0.25105389952659607,524.0,8.0,250.0,3.0,0.11043700952812414,0.42857142857142855,417.0,233.0,16.0,12.0,ok,plugin,False,,408.8493593461852,416.8985886921022,0.9999970371382332,0.9831889409278342,0.998430502125377,1.0,0.42857142857142855,0.5390084380995527,0.4609915619004473,0.4609915619004473,False,47.0,17.0,0.5430134534835815,0.45698654651641846,1.0,nonliving26,3,DANN,logits,26,0.8146153688430786,0.8146153688430786,0.4038461744785309,0.3214285969734192,splits_nonliving26_DANN_3_0_f475b82dfdbf.npz,f475b82dfdbf,False,False,,,,,,
iw_residual_dis2,1.0,0,2600,104,650,28,0.8246153846153846,0.0,1.0,54.598148345947266,0.5,0.5,0.5365384817123413,0.25105389952659607,256.0,8.0,140.0,3.0,0.11043700952812414,0.42857142857142855,417.0,233.0,16.0,12.0,ok,plugin,False,,408.8493593461852,416.8985886921022,0.9999970371382332,0.9831889409278342,0.998430502125377,0.5,0.1499080318822808,0.26034504141040493,0.7396549585895951,0.7396549585895951,False,48.0,28.0,0.6357142925262451,0.3642857074737549,1.0,nonliving26,3,DANN,logits,26,0.8146153688430786,0.8146153688430786,0.4038461744785309,0.3214285969734192,splits_nonliving26_DANN_3_0_f475b82dfdbf.npz,f475b82dfdbf,False,False,0.1759656652360515,0.3261802575107296,0.1738197424892704,,,
iw_overlap_critic,2.0,0,2600,104,650,28,0.8246153846153846,0.0,1.0,54.598148345947266,0.5,0.5,0.5365384817123413,0.25105389952659607,,,,,0.1741453063713572,0.0,650.0,0.0,28.0,0.0,ok,plugin,False,,645.0326499819731,649.7080949542882,1.0594409484206764,0.9929202071237218,1.0243252824099547,,0.0,0.1741453063713572,0.8258546936286428,0.8258546936286428,False,,,,,,nonliving26,3,DANN,logits,26,0.8146153688430786,0.8146153688430786,0.4038461744785309,0.3214285969734192,splits_nonliving26_DANN_3_0_f475b82dfdbf.npz,f475b82dfdbf,False,False,,,,,,
iw_residual_dis2,2.0,0,2600,104,650,28,0.8246153846153846,0.0,1.0,54.598148345947266,0.5,0.5,0.5365384817123413,0.25105389952659607,,,,,0.1741453063713572,0.0,650.0,0.0,28.0,0.0,ok,plugin,False,,645.0326499819731,649.7080949542882,1.0594409484206764,0.9929202071237218,1.0243252824099547,,0.0,0.1741453063713572,0.8258546936286428,0.8258546936286428,False,,,,,,nonliving26,3,DANN,logits,26,0.8146153688430786,0.8146153688430786,0.4038461744785309,0.3214285969734192,splits_nonliving26_DANN_3_0_f475b82dfdbf.npz,f475b82dfdbf,False,False,,,,,,
iw_overlap_critic,5.0,0,2600,104,650,28,0.8246153846153846,0.0,1.0,54.598148345947266,0.5,0.5,0.5365384817123413,0.25105389952659607,,,,,0.1741453063713572,0.0,650.0,0.0,28.0,0.0,ok,plugin,False,,645.0326499819731,649.7080949542882,1.0594409484206764,0.9929202071237218,1.0243252824099547,,0.0,0.1741453063713572,0.8258546936286428,0.8258546936286428,False,,,,,,nonliving26,3,DANN,logits,26,0.8146153688430786,0.8146153688430786,0.4038461744785309,0.3214285969734192,splits_nonliving26_DANN_3_0_f475b82dfdbf.npz,f475b82dfdbf,False,False,,,,,,
iw_residual_dis2,5.0,0,2600,104,650,28,0.8246153846153846,0.0,1.0,54.598148345947266,0.5,0.5,0.5365384817123413,0.25105389952659607,,,,,0.1741453063713572,0.0,650.0,0.0,28.0,0.0,ok,plugin,False,,645.0326499819731,649.7080949542882,1.0594409484206764,0.9929202071237218,1.0243252824099547,,0.0,0.1741453063713572,0.8258546936286428,0.8258546936286428,False,,,,,,nonliving26,3,DANN,logits,26,0.8146153688430786,0.8146153688430786,0.4038461744785309,0.3214285969734192,splits_nonliving26_DANN_3_0_f475b82dfdbf.npz,f475b82dfdbf,False,False,,,,,,
dis2_reference,,0,2600,104,650,28,0.8246153891086578,,,,,,,,,,,,,,,,,,ok,dis2_with_correction,True,0.3104914432171511,,,,,,,,0.24252746803419922,0.7574725319658008,0.44698108874864967,,44.0,10.0,0.2974358797073364,0.5692307949066162,0.8666666746139526,nonliving26,3,DANN,logits,26,0.8146153688430786,0.8146153688430786,0.4038461744785309,0.3214285969734192,splits_nonliving26_DANN_3_0_f475b82dfdbf.npz,f475b82dfdbf,False,False,,,,0.01,0.5530189112513504,0.06714285714285706
iw_overlap_critic,1.0,0,2600,13282,650,3322,0.8169230769230769,0.0,1.0,7.686832904815674,0.5,0.5,0.5021895170211792,0.2498849332332611,356.0,2180.0,201.0,1074.0,0.06646497195062025,0.5376279349789284,313.0,337.0,1536.0,1786.0,ok,plugin,False,,303.0859945756414,312.7522511451682,0.9999685039769444,0.9745720566542491,0.9975082318757656,0.8717805151175811,0.4686935580975316,0.5351585300481518,0.46484146995184816,0.46484146995184816,False,48.0,14.0,0.4972957968711853,0.3714193105697632,0.8687151074409485,nonliving26,1,CDANN,logits,26,0.8176922798156738,0.8176922798156738,0.5332028269767761,0.5352197289466858,splits_nonliving26_CDANN_1_0_f475b82dfdbf.npz,f475b82dfdbf,True,True,,,,,,
iw_residual_dis2,1.0,0,2600,13282,650,3322,0.8169230769230769,0.0,1.0,7.686832904815674,0.5,0.5,0.5021895170211792,0.2498849332332611,424.0,2180.0,189.0,1074.0,0.06646497195062025,0.5376279349789284,313.0,337.0,1536.0,1786.0,ok,plugin,False,,303.0859945756414,312.7522511451682,0.9999685039769444,0.9745720566542491,0.9975082318757656,0.7424412094064949,0.15666619622443306,0.2231311681750533,0.7768688318249467,0.7768688318249467,False,39.0,5.0,0.15694183111190796,0.5925925970077515,0.7495344281196594,nonliving26,1,CDANN,logits,26,0.8176922798156738,0.8176922798156738,0.5332028269767761,0.5352197289466858,splits_nonliving26_CDANN_1_0_f475b82dfdbf.npz,f475b82dfdbf,False,False,0.22255192878338279,0.6735905044510386,0.06885070495545631,,,
iw_overlap_critic,2.0,0,2600,13282,650,3322,0.8169230769230769,0.0,1.0,7.686832904815674,0.5,0.5,0.5021895170211792,0.2498849332332611,,,,,0.18470858540349727,0.0,650.0,0.0,3322.0,0.0,ok,plugin,False,,652.078458608405,648.7735821328986,1.154293146524031,1.0011564015750678,1.0730162357120294,,0.0,0.18470858540349727,0.8152914145965027,0.8152914145965027,False,,,,,,nonliving26,1,CDANN,logits,26,0.8176922798156738,0.8176922798156738,0.5332028269767761,0.5352197289466858,splits_nonliving26_CDANN_1_0_f475b82dfdbf.npz,f475b82dfdbf,False,False,,,,,,
iw_residual_dis2,2.0,0,2600,13282,650,3322,0.8169230769230769,0.0,1.0,7.686832904815674,0.5,0.5,0.5021895170211792,0.2498849332332611,,,,,0.18470858540349727,0.0,650.0,0.0,3322.0,0.0,ok,plugin,False,,652.078458608405,648.7735821328986,1.154293146524031,1.0011564015750678,1.0730162357120294,,0.0,0.18470858540349727,0.8152914145965027,0.8152914145965027,False,,,,,,nonliving26,1,CDANN,logits,26,0.8176922798156738,0.8176922798156738,0.5332028269767761,0.5352197289466858,splits_nonliving26_CDANN_1_0_f475b82dfdbf.npz,f475b82dfdbf,False,False,,,,,,
iw_overlap_critic,5.0,0,2600,13282,650,3322,0.8169230769230769,0.0,1.0,7.686832904815674,0.5,0.5,0.5021895170211792,0.2498849332332611,,,,,0.18470858540349727,0.0,650.0,0.0,3322.0,0.0,ok,plugin,False,,652.078458608405,648.7735821328986,1.154293146524031,1.0011564015750678,1.0730162357120294,,0.0,0.18470858540349727,0.8152914145965027,0.8152914145965027,False,,,,,,nonliving26,1,CDANN,logits,26,0.8176922798156738,0.8176922798156738,0.5332028269767761,0.5352197289466858,splits_nonliving26_CDANN_1_0_f475b82dfdbf.npz,f475b82dfdbf,False,False,,,,,,
iw_residual_dis2,5.0,0,2600,13282,650,3322,0.8169230769230769,0.0,1.0,7.686832904815674,0.5,0.5,0.5021895170211792,0.2498849332332611,,,,,0.18470858540349727,0.0,650.0,0.0,3322.0,0.0,ok,plugin,False,,652.078458608405,648.7735821328986,1.154293146524031,1.0011564015750678,1.0730162357120294,,0.0,0.18470858540349727,0.8152914145965027,0.8152914145965027,False,,,,,,nonliving26,1,CDANN,logits,26,0.8176922798156738,0.8176922798156738,0.5332028269767761,0.5352197289466858,splits_nonliving26_CDANN_1_0_f475b82dfdbf.npz,f475b82dfdbf,False,False,,,,,,
dis2_reference,,0,2600,13282,650,3322,0.8169230818748474,,,,,,,,,,,,,,,,,,ok,dis2_with_correction,True,0.12191343894635215,,,,,,,,0.2901440232055027,0.7098559767944973,0.5879425378481451,,48.0,19.0,0.1385696530342102,0.5230769515037537,0.6616466045379639,nonliving26,1,CDANN,logits,26,0.8176922798156738,0.8176922798156738,0.5332028269767761,0.5352197289466858,splits_nonliving26_CDANN_1_0_f475b82dfdbf.npz,f475b82dfdbf,False,False,,,,0.01,0.41205746215185485,0.10706710508035011
iw_overlap_critic,1.0,0,2600,104,650,28,0.8138461538461539,0.0,1.0,54.598148345947266,0.5,0.5,0.48653846979141235,0.25163984298706055,514.0,5.0,253.0,5.0,0.12544110202119607,0.2857142857142857,424.0,226.0,20.0,8.0,ok,plugin,False,,415.31317414731495,423.8695610670519,0.9999959923876698,0.9839770475716776,0.9983612909597989,0.75,0.21428571428571427,0.3397268163069104,0.6602731836930896,0.6602731836930896,False,44.0,20.0,0.4423518776893616,0.5576481223106384,1.0,nonliving26,2,CDANN,logits,26,0.8165384531021118,0.8165384531021118,0.7692307829856873,0.7500000596046448,splits_nonliving26_CDANN_2_0_f475b82dfdbf.npz,f475b82dfdbf,True,True,,,,,,
iw_residual_dis2,1.0,0,2600,104,650,28,0.8138461538461539,0.0,1.0,54.598148345947266,0.5,0.5,0.48653846979141235,0.25163984298706055,266.0,5.0,137.0,5.0,0.12544110202119607,0.2857142857142857,424.0,226.0,20.0,8.0,ok,plugin,False,,415.31317414731495,423.8695610670519,0.9999959923876698,0.9839770475716776,0.9983612909597989,0.875,0.1349557522123894,0.2603968542335855,0.7396031457664145,0.7396031457664145,False,26.0,16.0,0.3474452793598175,0.45255473256111145,0.800000011920929,nonliving26,2,CDANN,logits,26,0.8165384531021118,0.8165384531021118,0.7692307829856873,0.7500000596046448,splits_nonliving26_CDANN_2_0_f475b82dfdbf.npz,f475b82dfdbf,True,True,0.168141592920354,0.5707964601769911,0.30420353982300885,,,
iw_overlap_critic,2.0,0,2600,104,650,28,0.8138461538461539,0.0,1.0,54.598148345947266,0.5,0.5,0.48653846979141235,0.25163984298706055,,,,,0.1845057090510275,0.0,650.0,0.0,28.0,0.0,ok,plugin,False,,644.9818944649705,649.6228527621274,1.0793665205549292,0.9921471149917618,1.0302029240740564,,0.0,0.1845057090510275,0.8154942909489725,0.8154942909489725,False,,,,,,nonliving26,2,CDANN,logits,26,0.8165384531021118,0.8165384531021118,0.7692307829856873,0.7500000596046448,splits_nonliving26_CDANN_2_0_f475b82dfdbf.npz,f475b82dfdbf,False,False,,,,,,
iw_residual_dis2,2.0,0,2600,104,650,28,0.8138461538461539,0.0,1.0,54.598148345947266,0.5,0.5,0.48653846979141235,0.25163984298706055,,,,,0.1845057090510275,0.0,650.0,0.0,28.0,0.0,ok,plugin,False,,644.9818944649705,649.6228527621274,1.0793665205549292,0.9921471149917618,1.0302029240740564,,0.0,0.1845057090510275,0.8154942909489725,0.8154942909489725,False,,,,,,nonliving26,2,CDANN,logits,26,0.8165384531021118,0.8165384531021118,0.7692307829856873,0.7500000596046448,splits_nonliving26_CDANN_2_0_f475b82dfdbf.npz,f475b82dfdbf,False,False,,,,,,
iw_overlap_critic,5.0,0,2600,104,650,28,0.8138461538461539,0.0,1.0,54.598148345947266,0.5,0.5,0.48653846979141235,0.25163984298706055,,,,,0.1845057090510275,0.0,650.0,0.0,28.0,0.0,ok,plugin,False,,644.9818944649705,649.6228527621274,1.0793665205549292,0.9921471149917618,1.0302029240740564,,0.0,0.1845057090510275,0.8154942909489725,0.8154942909489725,False,,,,,,nonliving26,2,CDANN,logits,26,0.8165384531021118,0.8165384531021118,0.7692307829856873,0.7500000596046448,splits_nonliving26_CDANN_2_0_f475b82dfdbf.npz,f475b82dfdbf,False,False,,,,,,
iw_residual_dis2,5.0,0,2600,104,650,28,0.8138461538461539,0.0,1.0,54.598148345947266,0.5,0.5,0.48653846979141235,0.25163984298706055,,,,,0.1845057090510275,0.0,650.0,0.0,28.0,0.0,ok,plugin,False,,644.9818944649705,649.6228527621274,1.0793665205549292,0.9921471149917618,1.0302029240740564,,0.0,0.1845057090510275,0.8154942909489725,0.8154942909489725,False,,,,,,nonliving26,2,CDANN,logits,26,0.8165384531021118,0.8165384531021118,0.7692307829856873,0.7500000596046448,splits_nonliving26_CDANN_2_0_f475b82dfdbf.npz,f475b82dfdbf,False,False,,,,,,
dis2_reference,,0,2600,104,650,28,0.813846156001091,,,,,,,,,,,,,,,,,,ok,dis2_with_correction,True,0.3104914432171511,,,,,,,,0.21956043740550235,0.7804395625944976,0.46994811937734654,,32.0,27.0,0.24358975887298584,0.7564102411270142,1.0,nonliving26,2,CDANN,logits,26,0.8165384531021118,0.8165384531021118,0.7692307829856873,0.7500000596046448,splits_nonliving26_CDANN_2_0_f475b82dfdbf.npz,f475b82dfdbf,True,True,,,,0.01,0.5300518806226535,0.033406593406593355
iw_overlap_critic,1.0,0,2600,104,650,28,0.8123076923076923,0.0,1.0,54.598148345947266,0.5,0.5,0.4596153795719147,0.2510206997394562,513.0,9.0,251.0,4.0,0.14623785325905395,0.32142857142857145,431.0,219.0,19.0,9.0,ok,plugin,False,,421.4557321956252,430.85823377634546,0.9997759477063616,0.9812563206207805,0.9981651171948704,0.6666666666666666,0.2142857142857143,0.3605235675447682,0.6394764324552318,0.6394764324552318,False,40.0,29.0,0.4011737108230591,0.5988262891769409,1.0,nonliving26,3,CDANN,logits,26,0.822692334651947,0.822692334651947,0.4038461744785309,0.3214285969734192,splits_nonliving26_CDANN_3_0_f475b82dfdbf.npz,f475b82dfdbf,False,False,,,,,,
iw_residual_dis2,1.0,0,2600,104,650,28,0.8123076923076923,0.0,1.0,54.598148345947266,0.5,0.5,0.4596153795719147,0.2510206997394562,267.0,9.0,139.0,4.0,0.14623785325905395,0.32142857142857145,431.0,219.0,19.0,9.0,ok,plugin,False,,421.4557321956252,430.85823377634546,0.9997759477063616,0.9812563206207805,0.9981651171948704,0.4444444444444444,0.07974559686888452,0.22598345012793847,0.7740165498720615,0.7740165498720615,False,48.0,8.0,0.6762589812278748,0.32374101877212524,1.0,nonliving26,3,CDANN,logits,26,0.822692334651947,0.822692334651947,0.4038461744785309,0.3214285969734192,splits_nonliving26_CDANN_3_0_f475b82dfdbf.npz,f475b82dfdbf,False,False,0.1141552511415525,0.3105022831050228,0.1339421613394216,,,
iw_overlap_critic,2.0,0,2600,104,650,28,0.8123076923076923,0.0,1.0,54.598148345947266,0.5,0.5,0.4596153795719147,0.2510206997394562,,,,,0.1850543678115881,0.0,650.0,0.0,28.0,0.0,ok,plugin,False,,643.5940549638867,649.6215182317272,1.084804199780962,0.990470618796623,1.0240975172141382,,0.0,0.1850543678115881,0.8149456321884119,0.8149456321884119,False,,,,,,nonliving26,3,CDANN,logits,26,0.822692334651947,0.822692334651947,0.4038461744785309,0.3214285969734192,splits_nonliving26_CDANN_3_0_f475b82dfdbf.npz,f475b82dfdbf,False,False,,,,,,
iw_residual_dis2,2.0,0,2600,104,650,28,0.8123076923076923,0.0,1.0,54.598148345947266,0.5,0.5,0.4596153795719147,0.2510206997394562,,,,,0.1850543678115881,0.0,650.0,0.0,28.0,0.0,ok,plugin,False,,643.5940549638867,649.6215182317272,1.084804199780962,0.990470618796623,1.0240975172141382,,0.0,0.1850543678115881,0.8149456321884119,0.8149456321884119,False,,,,,,nonliving26,3,CDANN,logits,26,0.822692334651947,0.822692334651947,0.4038461744785309,0.3214285969734192,splits_nonliving26_CDANN_3_0_f475b82dfdbf.npz,f475b82dfdbf,False,False,,,,,,
iw_overlap_critic,5.0,0,2600,104,650,28,0.8123076923076923,0.0,1.0,54.598148345947266,0.5,0.5,0.4596153795719147,0.2510206997394562,,,,,0.1850543678115881,0.0,650.0,0.0,28.0,0.0,ok,plugin,False,,643.5940549638867,649.6215182317272,1.084804199780962,0.990470618796623,1.0240975172141382,,0.0,0.1850543678115881,0.8149456321884119,0.8149456321884119,False,,,,,,nonliving26,3,CDANN,logits,26,0.822692334651947,0.822692334651947,0.4038461744785309,0.3214285969734192,splits_nonliving26_CDANN_3_0_f475b82dfdbf.npz,f475b82dfdbf,False,False,,,,,,
iw_residual_dis2,5.0,0,2600,104,650,28,0.8123076923076923,0.0,1.0,54.598148345947266,0.5,0.5,0.4596153795719147,0.2510206997394562,,,,,0.1850543678115881,0.0,650.0,0.0,28.0,0.0,ok,plugin,False,,643.5940549638867,649.6215182317272,1.084804199780962,0.990470618796623,1.0240975172141382,,0.0,0.1850543678115881,0.8149456321884119,0.8149456321884119,False,,,,,,nonliving26,3,CDANN,logits,26,0.822692334651947,0.822692334651947,0.4038461744785309,0.3214285969734192,splits_nonliving26_CDANN_3_0_f475b82dfdbf.npz,f475b82dfdbf,False,False,,,,,,
dis2_reference,,0,2600,104,650,28,0.8123076856136322,,,,,,,,,,,,,,,,,,ok,dis2_with_correction,True,0.3104914432171511,,,,,,,,0.2837362704303238,0.7162637295696762,0.4057722863525251,,48.0,8.0,0.2974358797073364,0.5025641322135925,0.800000011920929,nonliving26,3,CDANN,logits,26,0.822692334651947,0.822692334651947,0.4038461744785309,0.3214285969734192,splits_nonliving26_CDANN_3_0_f475b82dfdbf.npz,f475b82dfdbf,False,False,,,,0.01,0.594227713647475,0.09604395604395599
iw_overlap_critic,1.0,0,2600,13282,650,3322,0.8092307692307692,0.0,1.0,2.70782732963562,0.5,0.5,0.5419543385505676,0.24824897944927216,410.0,2212.0,203.0,1134.0,0.08023078939634812,0.5704394942805538,322.0,328.0,1427.0,1895.0,ok,plugin,False,,284.2062534246516,318.84657310457925,0.9993932849085527,0.9028434824187099,0.9893132925568231,0.9224274406332453,0.5261890427453341,0.6064198321416822,0.39358016785831784,0.39358016785831784,False,49.0,14.0,0.5056580901145935,0.42644065618515015,0.9320987462997437,nonliving26,1,FixMatch,logits,26,0.8261538743972778,0.8261538743972778,0.5622646808624268,0.5665261745452881,splits_nonliving26_FixMatch_1_0_f475b82dfdbf.npz,f475b82dfdbf,True,True,,,,,,
iw_residual_dis2,1.0,0,2600,13282,650,3322,0.8092307692307692,0.0,1.0,2.70782732963562,0.5,0.5,0.5419543385505676,0.24824897944927216,370.0,2212.0,187.0,1134.0,0.08023078939634812,0.5704394942805538,322.0,328.0,1427.0,1895.0,ok,plugin,False,,284.2062534246516,318.84657310457925,0.9993932849085527,0.9028434824187099,0.9893132925568231,0.8110817941952506,0.2557148573442387,0.3359456467405868,0.6640543532594132,0.6640543532594132,False,49.0,7.0,0.28981220722198486,0.529411792755127,0.8192239999771118,nonliving26,1,FixMatch,logits,26,0.8261538743972778,0.8261538743972778,0.5622646808624268,0.5665261745452881,splits_nonliving26_FixMatch_1_0_f475b82dfdbf.npz,f475b82dfdbf,False,False,0.20426829268292682,0.5670731707317073,0.24400862346354335,,,
iw_overlap_critic,2.0,0,2600,13282,650,3322,0.8092307692307692,0.0,1.0,2.70782732963562,0.5,0.5,0.5419543385505676,0.24824897944927216,,,,,0.19388372360636594,0.0,650.0,0.0,3322.0,0.0,ok,plugin,False,,659.4928850335172,631.3539110025467,1.9497344297059855,1.0016791905809384,1.3249700246038532,,0.0,0.19388372360636594,0.806116276393634,0.806116276393634,False,,,,,,nonliving26,1,FixMatch,logits,26,0.8261538743972778,0.8261538743972778,0.5622646808624268,0.5665261745452881,splits_nonliving26_FixMatch_1_0_f475b82dfdbf.npz,f475b82dfdbf,False,False,,,,,,
iw_residual_dis2,2.0,0,2600,13282,650,3322,0.8092307692307692,0.0,1.0,2.70782732963562,0.5,0.5,0.5419543385505676,0.24824897944927216,,,,,0.19388372360636594,0.0,650.0,0.0,3322.0,0.0,ok,plugin,False,,659.4928850335172,631.3539110025467,1.9497344297059855,1.0016791905809384,1.3249700246038532,,0.0,0.19388372360636594,0.806116276393634,0.806116276393634,False,,,,,,nonliving26,1,FixMatch,logits,26,0.8261538743972778,0.8261538743972778,0.5622646808624268,0.5665261745452881,splits_nonliving26_FixMatch_1_0_f475b82dfdbf.npz,f475b82dfdbf,False,False,,,,,,
iw_overlap_critic,5.0,0,2600,13282,650,3322,0.8092307692307692,0.0,1.0,2.70782732963562,0.5,0.5,0.5419543385505676,0.24824897944927216,,,,,0.19388372360636594,0.0,650.0,0.0,3322.0,0.0,ok,plugin,False,,659.4928850335172,631.3539110025467,1.9497344297059855,1.0016791905809384,1.3249700246038532,,0.0,0.19388372360636594,0.806116276393634,0.806116276393634,False,,,,,,nonliving26,1,FixMatch,logits,26,0.8261538743972778,0.8261538743972778,0.5622646808624268,0.5665261745452881,splits_nonliving26_FixMatch_1_0_f475b82dfdbf.npz,f475b82dfdbf,False,False,,,,,,
iw_residual_dis2,5.0,0,2600,13282,650,3322,0.8092307692307692,0.0,1.0,2.70782732963562,0.5,0.5,0.5419543385505676,0.24824897944927216,,,,,0.19388372360636594,0.0,650.0,0.0,3322.0,0.0,ok,plugin,False,,659.4928850335172,631.3539110025467,1.9497344297059855,1.0016791905809384,1.3249700246038532,,0.0,0.19388372360636594,0.806116276393634,0.806116276393634,False,,,,,,nonliving26,1,FixMatch,logits,26,0.8261538743972778,0.8261538743972778,0.5622646808624268,0.5665261745452881,splits_nonliving26_FixMatch_1_0_f475b82dfdbf.npz,f475b82dfdbf,False,False,,,,,,
dis2_reference,,0,2600,13282,650,3322,0.809230774641037,,,,,,,,,,,,,,,,,,ok,dis2_with_correction,True,0.12191343894635215,,,,,,,,0.3909868884905334,0.6090131115094666,0.4870996725631144,,49.0,5.0,0.22202658653259277,0.5410256385803223,0.763052225112915,nonliving26,1,FixMatch,logits,26,0.8261538743972778,0.8261538743972778,0.5622646808624268,0.5665261745452881,splits_nonliving26_FixMatch_1_0_f475b82dfdbf.npz,f475b82dfdbf,True,True,,,,0.01,0.5129003274368855,0.2002176631315704
iw_overlap_critic,1.0,0,2600,104,650,28,0.8046153846153846,0.0,1.0,54.598148345947266,0.5,0.5,0.3788461685180664,0.2515643835067749,534.0,6.0,257.0,5.0,0.1300385212495947,0.32142857142857145,424.0,226.0,19.0,9.0,ok,plugin,False,,415.44248344294294,423.9125487220656,0.9998233658969785,0.9823912805566599,0.9974502891365538,0.7777777777777778,0.25,0.3800385212495947,0.6199614787504053,0.6199614787504053,False,49.0,2.0,0.32787615060806274,0.4721238613128662,0.800000011920929,nonliving26,2,FixMatch,logits,26,0.807692289352417,0.807692289352417,0.7980769276618958,0.7500000596046448,splits_nonliving26_FixMatch_2_0_f475b82dfdbf.npz,f475b82dfdbf,True,True,,,,,,
iw_residual_dis2,1.0,0,2600,104,650,28,0.8046153846153846,0.0,1.0,54.598148345947266,0.5,0.5,0.3788461685180664,0.2515643835067749,246.0,6.0,133.0,5.0,0.1300385212495947,0.32142857142857145,424.0,226.0,19.0,9.0,ok,plugin,False,,415.44248344294294,423.9125487220656,0.9998233658969785,0.9823912805566599,0.9974502891365538,0.8888888888888888,0.1634007585335019,0.2934392797830966,0.7065607202169034,0.7065607202169034,False,45.0,0.0,0.5037593841552734,0.49624061584472656,1.0,nonliving26,2,FixMatch,logits,26,0.807692289352417,0.807692289352417,0.7980769276618958,0.7500000596046448,splits_nonliving26_FixMatch_2_0_f475b82dfdbf.npz,f475b82dfdbf,True,True,0.18141592920353983,0.5619469026548672,0.3269419862340216,,,
iw_overlap_critic,2.0,0,2600,104,650,28,0.8046153846153846,0.0,1.0,54.598148345947266,0.5,0.5,0.3788461685180664,0.2515643835067749,,,,,0.19383016025660285,0.0,650.0,0.0,28.0,0.0,ok,plugin,False,,645.469698669662,649.6366541989618,1.0915507471726473,0.9910329042694036,1.0332944928145775,,0.0,0.19383016025660285,0.8061698397433972,0.8061698397433972,False,,,,,,nonliving26,2,FixMatch,logits,26,0.807692289352417,0.807692289352417,0.7980769276618958,0.7500000596046448,splits_nonliving26_FixMatch_2_0_f475b82dfdbf.npz,f475b82dfdbf,False,False,,,,,,
iw_residual_dis2,2.0,0,2600,104,650,28,0.8046153846153846,0.0,1.0,54.598148345947266,0.5,0.5,0.3788461685180664,0.2515643835067749,,,,,0.19383016025660285,0.0,650.0,0.0,28.0,0.0,ok,plugin,False,,645.469698669662,649.6366541989618,1.0915507471726473,0.9910329042694036,1.0332944928145775,,0.0,0.19383016025660285,0.8061698397433972,0.8061698397433972,False,,,,,,nonliving26,2,FixMatch,logits,26,0.807692289352417,0.807692289352417,0.7980769276618958,0.7500000596046448,splits_nonliving26_FixMatch_2_0_f475b82dfdbf.npz,f475b82dfdbf,False,False,,,,,,
iw_overlap_critic,5.0,0,2600,104,650,28,0.8046153846153846,0.0,1.0,54.598148345947266,0.5,0.5,0.3788461685180664,0.2515643835067749,,,,,0.19383016025660285,0.0,650.0,0.0,28.0,0.0,ok,plugin,False,,645.469698669662,649.6366541989618,1.0915507471726473,0.9910329042694036,1.0332944928145775,,0.0,0.19383016025660285,0.8061698397433972,0.8061698397433972,False,,,,,,nonliving26,2,FixMatch,logits,26,0.807692289352417,0.807692289352417,0.7980769276618958,0.7500000596046448,splits_nonliving26_FixMatch_2_0_f475b82dfdbf.npz,f475b82dfdbf,False,False,,,,,,
iw_residual_dis2,5.0,0,2600,104,650,28,0.8046153846153846,0.0,1.0,54.598148345947266,0.5,0.5,0.3788461685180664,0.2515643835067749,,,,,0.19383016025660285,0.0,650.0,0.0,28.0,0.0,ok,plugin,False,,645.469698669662,649.6366541989618,1.0915507471726473,0.9910329042694036,1.0332944928145775,,0.0,0.19383016025660285,0.8061698397433972,0.8061698397433972,False,,,,,,nonliving26,2,FixMatch,logits,26,0.807692289352417,0.807692289352417,0.7980769276618958,0.7500000596046448,splits_nonliving26_FixMatch_2_0_f475b82dfdbf.npz,f475b82dfdbf,False,False,,,,,,
dis2_reference,,0,2600,104,650,28,0.8046153783798218,,,,,,,,,,,,,,,,,,ok,dis2_with_correction,True,0.3104914432171511,,,,,,,,0.1758241820597387,0.8241758179402613,0.5136843747231101,,29.0,28.0,0.2538461685180664,0.7461538314819336,1.0,nonliving26,2,FixMatch,logits,26,0.807692289352417,0.807692289352417,0.7980769276618958,0.7500000596046448,splits_nonliving26_FixMatch_2_0_f475b82dfdbf.npz,f475b82dfdbf,True,True,,,,0.01,0.4863156252768898,-0.019560439560439513
iw_overlap_critic,1.0,0,2600,104,650,28,0.8123076923076923,0.0,1.0,54.598148345947266,0.5,0.5,0.45000001788139343,0.2524477243423462,510.0,8.0,241.0,6.0,0.1405121487704583,0.39285714285714285,426.0,224.0,17.0,11.0,ok,plugin,False,,416.62023686270663,425.84216840693364,0.999929310739181,0.9815231854136632,0.9983768640552724,0.8181818181818182,0.32142857142857145,0.46194072019902976,0.5380592798009702,0.5380592798009702,False,49.0,3.0,0.5713013410568237,0.42869865894317627,1.0,nonliving26,3,FixMatch,logits,26,0.8161538243293762,0.8161538243293762,0.39423078298568726,0.3571428656578064,splits_nonliving26_FixMatch_3_0_f475b82dfdbf.npz,f475b82dfdbf,False,False,,,,,,
iw_residual_dis2,1.0,0,2600,104,650,28,0.8123076923076923,0.0,1.0,54.598148345947266,0.5,0.5,0.45000001788139343,0.2524477243423462,270.0,8.0,149.0,6.0,0.1405121487704583,0.39285714285714285,426.0,224.0,17.0,11.0,ok,plugin,False,,416.62023686270663,425.84216840693364,0.999929310739181,0.9815231854136632,0.9983768640552724,0.8181818181818182,0.13727678571428573,0.27778893448474407,0.7222110655152559,0.7222110655152559,False,39.0,27.0,0.4697986841201782,0.5302013158798218,1.0,nonliving26,3,FixMatch,logits,26,0.8161538243293762,0.8161538243293762,0.39423078298568726,0.3571428656578064,splits_nonliving26_FixMatch_3_0_f475b82dfdbf.npz,f475b82dfdbf,False,False,0.12946428571428573,0.5982142857142857,0.21996753246753253,,,
iw_overlap_critic,2.0,0,2600,104,650,28,0.8123076923076923,0.0,1.0,54.598148345947266,0.5,0.5,0.45000001788139343,0.2524477243423462,,,,,0.1855486684892587,0.0,650.0,0.0,28.0,0.0,ok,plugin,False,,643.9692541645857,649.6016892569249,1.0568395559507362,0.9925627831267145,1.0310117424369167,,0.0,0.1855486684892587,0.8144513315107413,0.8144513315107413,False,,,,,,nonliving26,3,FixMatch,logits,26,0.8161538243293762,0.8161538243293762,0.39423078298568726,0.3571428656578064,splits_nonliving26_FixMatch_3_0_f475b82dfdbf.npz,f475b82dfdbf,False,False,,,,,,
iw_residual_dis2,2.0,0,2600,104,650,28,0.8123076923076923,0.0,1.0,54.598148345947266,0.5,0.5,0.45000001788139343,0.2524477243423462,,,,,0.1855486684892587,0.0,650.0,0.0,28.0,0.0,ok,plugin,False,,643.9692541645857,649.6016892569249,1.0568395559507362,0.9925627831267145,1.0310117424369167,,0.0,0.1855486684892587,0.8144513315107413,0.8144513315107413,False,,,,,,nonliving26,3,FixMatch,logits,26,0.8161538243293762,0.8161538243293762,0.39423078298568726,0.3571428656578064,splits_nonliving26_FixMatch_3_0_f475b82dfdbf.npz,f475b82dfdbf,False,False,,,,,,
iw_overlap_critic,5.0,0,2600,104,650,28,0.8123076923076923,0.0,1.0,54.598148345947266,0.5,0.5,0.45000001788139343,0.2524477243423462,,,,,0.1855486684892587,0.0,650.0,0.0,28.0,0.0,ok,plugin,False,,643.9692541645857,649.6016892569249,1.0568395559507362,0.9925627831267145,1.0310117424369167,,0.0,0.1855486684892587,0.8144513315107413,0.8144513315107413,False,,,,,,nonliving26,3,FixMatch,logits,26,0.8161538243293762,0.8161538243293762,0.39423078298568726,0.3571428656578064,splits_nonliving26_FixMatch_3_0_f475b82dfdbf.npz,f475b82dfdbf,False,False,,,,,,
iw_residual_dis2,5.0,0,2600,104,650,28,0.8123076923076923,0.0,1.0,54.598148345947266,0.5,0.5,0.45000001788139343,0.2524477243423462,,,,,0.1855486684892587,0.0,650.0,0.0,28.0,0.0,ok,plugin,False,,643.9692541645857,649.6016892569249,1.0568395559507362,0.9925627831267145,1.0310117424369167,,0.0,0.1855486684892587,0.8144513315107413,0.8144513315107413,False,,,,,,nonliving26,3,FixMatch,logits,26,0.8161538243293762,0.8161538243293762,0.39423078298568726,0.3571428656578064,splits_nonliving26_FixMatch_3_0_f475b82dfdbf.npz,f475b82dfdbf,False,False,,,,,,
dis2_reference,,0,2600,104,650,28,0.8123076856136322,,,,,,,,,,,,,,,,,,ok,dis2_with_correction,True,0.3104914432171511,,,,,,,,0.2835164902105436,0.7164835097894564,0.4059920665723053,,34.0,8.0,0.35384613275527954,0.5794872045516968,0.9333333373069763,nonliving26,3,FixMatch,logits,26,0.8161538243293762,0.8161538243293762,0.39423078298568726,0.3571428656578064,splits_nonliving26_FixMatch_3_0_f475b82dfdbf.npz,f475b82dfdbf,False,False,,,,0.01,0.5940079334276946,0.0958241758241758
iw_overlap_critic,1.0,0,11745,35070,2938,8768,0.7889720898570456,0.0,1.0,1.0635278224945068,0.5,0.5,0.5651428699493408,0.24194449186325073,1832.0,6252.0,968.0,3119.0,0.08487086831746538,0.5981979927007299,1556.0,1382.0,3523.0,5245.0,ok,plugin,False,,1139.322801038401,1463.9350960029715,0.9999004703226413,0.7666398521410963,0.9754385084648136,0.8591039084842708,0.5139142335766423,0.5987851018941077,0.4012148981058923,0.4012148981058923,False,48.0,19.0,0.3230912685394287,0.536479115486145,0.8595703840255737,fmow,1,ERM-aug-imagenet,logits,62,0.7808429002761841,0.7808429002761841,0.6760479211807251,0.6714187860488892,splits_fmow_ERM-aug-imagenet_1_0_f475b82dfdbf.npz,f475b82dfdbf,True,True,,,,,,
iw_residual_dis2,1.0,0,11745,35070,2938,8768,0.7889720898570456,0.0,1.0,1.0635278224945068,0.5,0.5,0.5651428699493408,0.24194449186325073,1691.0,6252.0,793.0,3119.0,0.08487086831746538,0.5981979927007299,1556.0,1382.0,3523.0,5245.0,ok,plugin,False,,1139.322801038401,1463.9350960029715,0.9999004703226413,0.7666398521410963,0.9754385084648136,0.7605338417540515,0.14632813242735065,0.23119900074481603,0.768800999255184,0.768800999255184,False,45.0,7.0,0.11166596412658691,0.6469104886054993,0.7585764527320862,fmow,1,ERM-aug-imagenet,logits,62,0.7808429002761841,0.7808429002761841,0.6760479211807251,0.6714187860488892,splits_fmow_ERM-aug-imagenet_1_0_f475b82dfdbf.npz,f475b82dfdbf,False,False,0.20043415340086831,0.7163531114327062,0.044180730321345285,,,
iw_overlap_critic,2.0,0,11745,35070,2938,8768,0.7889720898570456,0.0,1.0,1.0635278224945068,0.5,0.5,0.5651428699493408,0.24194449186325073,3441.0,322.0,1732.0,154.0,0.1995827677431786,0.03204835766423358,2871.0,67.0,8487.0,281.0,ok,plugin,False,,2849.885716035748,2553.771687195138,1.9964889865781477,0.9639345512243954,1.6340640157112576,0.8932384341637011,0.02862682481751825,0.22820959256069684,0.7717904074393032,0.7717904074393032,False,46.0,19.0,0.3634378910064697,0.5781205296516418,0.9415584206581116,fmow,1,ERM-aug-imagenet,logits,62,0.7808429002761841,0.7808429002761841,0.6760479211807251,0.6714187860488892,splits_fmow_ERM-aug-imagenet_1_0_f475b82dfdbf.npz,f475b82dfdbf,False,False,,,,,,
iw_residual_dis2,2.0,0,11745,35070,2938,8768,0.7889720898570456,0.0,1.0,1.0635278224945068,0.5,0.5,0.5651428699493408,0.24194449186325073,82.0,322.0,29.0,154.0,0.1995827677431786,0.03204835766423358,2871.0,67.0,8487.0,281.0,ok,plugin,False,,2849.885716035748,2553.771687195138,1.9964889865781477,0.9639345512243954,1.6340640157112576,0.8612099644128114,0.011337019283146312,0.2109197870263249,0.7890802129736751,0.7890802129736751,False,45.0,5.0,0.3528885245323181,0.517241358757019,0.8701298832893372,fmow,1,ERM-aug-imagenet,logits,62,0.7808429002761841,0.7808429002761841,0.6760479211807251,0.6714187860488892,splits_fmow_ERM-aug-imagenet_1_0_f475b82dfdbf.npz,f475b82dfdbf,False,False,0.26865671641791045,0.7761194029850746,0.08509056142773674,,,
iw_overlap_critic,5.0,0,11745,35070,2938,8768,0.7889720898570456,0.0,1.0,1.0635278224945068,0.5,0.5,0.5651428699493408,0.24194449186325073,,,,,0.21482742475358477,0.0,2938.0,0.0,8768.0,0.0,ok,plugin,False,,3007.9012360864144,2539.675315464454,3.7125997616362802,0.9733207842439919,1.7266687929845221,,0.0,0.21482742475358477,0.7851725752464153,0.7851725752464153,False,,,,,,fmow,1,ERM-aug-imagenet,logits,62,0.7808429002761841,0.7808429002761841,0.6760479211807251,0.6714187860488892,splits_fmow_ERM-aug-imagenet_1_0_f475b82dfdbf.npz,f475b82dfdbf,False,False,,,,,,
iw_residual_dis2,5.0,0,11745,35070,2938,8768,0.7889720898570456,0.0,1.0,1.0635278224945068,0.5,0.5,0.5651428699493408,0.24194449186325073,,,,,0.21482742475358477,0.0,2938.0,0.0,8768.0,0.0,ok,plugin,False,,3007.9012360864144,2539.675315464454,3.7125997616362802,0.9733207842439919,1.7266687929845221,,0.0,0.21482742475358477,0.7851725752464153,0.7851725752464153,False,,,,,,fmow,1,ERM-aug-imagenet,logits,62,0.7808429002761841,0.7808429002761841,0.6760479211807251,0.6714187860488892,splits_fmow_ERM-aug-imagenet_1_0_f475b82dfdbf.npz,f475b82dfdbf,False,False,,,,,,
dis2_reference,,0,11745,35070,2938,8768,0.7889720797538757,,,,,,,,,,,,,,,,,,ok,dis2_with_correction,True,0.05828819581133085,,,,,,,,0.2879073642792567,0.7120926357207433,0.6538044399094125,,47.0,19.0,0.08843415975570679,0.6592844724655151,0.7477186322212219,fmow,1,ERM-aug-imagenet,logits,62,0.7808429002761841,0.7808429002761841,0.6760479211807251,0.6714187860488892,splits_fmow_ERM-aug-imagenet_1_0_f475b82dfdbf.npz,f475b82dfdbf,True,True,,,,0.01,0.3461955600905875,0.0768794440331324
iw_overlap_critic,1.0,0,11745,39088,2938,9774,0.7889720898570456,0.0,1.0,1.0841130018234253,0.5,0.5,0.5899125337600708,0.23902344703674316,2104.0,6807.0,1083.0,3341.0,0.08633302605016273,0.5760180069572335,1733.0,1205.0,4144.0,5630.0,ok,plugin,False,,1222.1087073275608,1626.141632109364,0.9999302120667276,0.7213174360067371,0.9653881142167815,0.8669626998223801,0.49938612645794966,0.5857191525081124,0.41428084749188765,0.41428084749188765,False,49.0,4.0,0.36301320791244507,0.5064869523048401,0.8695001602172852,fmow,2,ERM-aug-imagenet,logits,62,0.7808429002761841,0.7808429002761841,0.5967304110527039,0.5989359617233276,splits_fmow_ERM-aug-imagenet_2_0_f475b82dfdbf.npz,f475b82dfdbf,True,True,,,,,,
iw_residual_dis2,1.0,0,11745,39088,2938,9774,0.7889720898570456,0.0,1.0,1.0841130018234253,0.5,0.5,0.5899125337600708,0.23902344703674316,1419.0,6807.0,678.0,3341.0,0.08633302605016273,0.5760180069572335,1733.0,1205.0,4144.0,5630.0,ok,plugin,False,,1222.1087073275608,1626.141632109364,0.9999302120667276,0.7213174360067371,0.9653881142167815,0.7651865008880995,0.16589783887645013,0.25223086492661284,0.7477691350733872,0.7477691350733872,False,49.0,11.0,0.13251334428787231,0.6474926471710205,0.7800059914588928,fmow,2,ERM-aug-imagenet,logits,62,0.7808429002761841,0.7808429002761841,0.5967304110527039,0.5989359617233276,splits_fmow_ERM-aug-imagenet_2_0_f475b82dfdbf.npz,f475b82dfdbf,False,False,0.2174273858921162,0.6946058091286307,0.0705806917594688,,,
iw_overlap_critic,2.0,0,11745,39088,2938,9774,0.7889720898570456,0.0,1.0,1.0841130018234253,0.5,0.5,0.5899125337600708,0.23902344703674316,3343.0,937.0,1704.0,442.0,0.19303711324950662,0.07745037855535093,2797.0,141.0,9017.0,757.0,ok,plugin,False,,2641.748501930815,2415.6173224414606,1.994599045741304,0.8883174862839308,1.6997826512233642,0.9128137384412153,0.07069776959279721,0.26373488284230384,0.7362651171576962,0.7362651171576962,False,49.0,3.0,0.4040706157684326,0.5529429316520691,0.9570135474205017,fmow,2,ERM-aug-imagenet,logits,62,0.7808429002761841,0.7808429002761841,0.5967304110527039,0.5989359617233276,splits_fmow_ERM-aug-imagenet_2_0_f475b82dfdbf.npz,f475b82dfdbf,False,False,,,,,,
iw_residual_dis2,2.0,0,11745,39088,2938,9774,0.7889720898570456,0.0,1.0,1.0841130018234253,0.5,0.5,0.5899125337600708,0.23902344703674316,180.0,937.0,57.0,442.0,0.19303711324950662,0.07745037855535093,2797.0,141.0,9017.0,757.0,ok,plugin,False,,2641.748501930815,2415.6173224414606,1.994599045741304,0.8883174862839308,1.6997826512233642,0.7952443857331571,0.02643719696343026,0.21947431021293687,0.7805256897870632,0.7805256897870632,False,49.0,2.0,0.2802254557609558,0.5614035129547119,0.8416289687156677,fmow,2,ERM-aug-imagenet,logits,62,0.7808429002761841,0.7808429002761841,0.5967304110527039,0.5989359617233276,splits_fmow_ERM-aug-imagenet_2_0_f475b82dfdbf.npz,f475b82dfdbf,False,False,0.2127659574468085,0.6666666666666666,0.12857771906649051,,,
iw_overlap_critic,5.0,0,11745,39088,2938,9774,0.7889720898570456,0.0,1.0,1.0841130018234253,0.5,0.5,0.5899125337600708,0.23902344703674316,3522.0,10.0,1760.0,5.0,0.2200907921319545,0.001534683855125844,2938.0,0.0,9759.0,15.0,ok,plugin,False,,2999.4742904221002,2340.4912903273294,4.924567737577752,0.9111109603754907,1.979448574666343,0.9333333333333333,0.0014323715981174544,0.22152316373007197,0.778476836269928,0.778476836269928,False,49.0,20.0,0.5865793228149414,0.4134206771850586,1.0,fmow,2,ERM-aug-imagenet,logits,62,0.7808429002761841,0.7808429002761841,0.5967304110527039,0.5989359617233276,splits_fmow_ERM-aug-imagenet_2_0_f475b82dfdbf.npz,f475b82dfdbf,False,False,,,,,,
iw_residual_dis2,5.0,0,11745,39088,2938,9774,0.7889720898570456,0.0,1.0,1.0841130018234253,0.5,0.5,0.5899125337600708,0.23902344703674316,,,,,0.2200907921319545,0.001534683855125844,2938.0,0.0,9759.0,15.0,unsupported_residual_source_region,plugin,False,,2999.4742904221002,2340.4912903273294,4.924567737577752,0.9111109603754907,1.979448574666343,,,,,,,,,,,,fmow,2,ERM-aug-imagenet,logits,62,0.7808429002761841,0.7808429002761841,0.5967304110527039,0.5989359617233276,splits_fmow_ERM-aug-imagenet_2_0_f475b82dfdbf.npz,f475b82dfdbf,,,,,,,,
dis2_reference,,0,11745,39088,2938,9774,0.7889720797538757,,,,,,,,,,,,,,,,,,ok,dis2_with_correction,True,0.05805587048545221,,,,,,,,0.3191570016798554,0.6808429983201446,0.6227871278346924,,48.0,19.0,0.13040059804916382,0.6007950305938721,0.7311956286430359,fmow,2,ERM-aug-imagenet,logits,62,0.7808429002761841,0.7808429002761841,0.5967304110527039,0.5989359617233276,splits_fmow_ERM-aug-imagenet_2_0_f475b82dfdbf.npz,f475b82dfdbf,False,False,,,,0.01,0.3772128721653076,0.10812908143373112
iw_overlap_critic,1.0,0,11745,35070,2938,8768,0.7597004765146358,0.0,1.0,1.0855329036712646,0.5,0.5,0.5722350478172302,0.24197736382484436,1851.0,6177.0,955.0,3108.0,0.10149879118597145,0.5912408759124088,1554.0,1384.0,3584.0,5184.0,ok,plugin,False,,1134.4792549785486,1465.8193756656628,0.9997750870409701,0.7545850475738871,0.9701743060257437,0.8572530864197531,0.5068430656934307,0.6083418568794022,0.39165814312059777,0.39165814312059777,False,47.0,9.0,0.31496912240982056,0.5318776965141296,0.8468468189239502,fmow,1,BN_adapt,logits,62,0.7507875561714172,0.7507875561714172,0.6439406871795654,0.642677903175354,splits_fmow_BN_adapt_1_0_f475b82dfdbf.npz,f475b82dfdbf,True,True,,,,,,
iw_residual_dis2,1.0,0,11745,35070,2938,8768,0.7597004765146358,0.0,1.0,1.0855329036712646,0.5,0.5,0.5722350478172302,0.24197736382484436,1672.0,6177.0,806.0,3108.0,0.10149879118597145,0.5912408759124088,1554.0,1384.0,3584.0,5184.0,ok,plugin,False,,1134.4792549785486,1465.8193756656628,0.9997750870409701,0.7545850475738871,0.9701743060257437,0.7440200617283951,0.15879933863550066,0.2602981298214721,0.7397018701785278,0.7397018701785278,False,45.0,7.0,0.10630851984024048,0.6414391994476318,0.7477477192878723,fmow,1,BN_adapt,logits,62,0.7507875561714172,0.7507875561714172,0.6439406871795654,0.642677903175354,splits_fmow_BN_adapt_1_0_f475b82dfdbf.npz,f475b82dfdbf,False,False,0.21098265895953758,0.6864161849710982,0.057603876757296835,,,
iw_overlap_critic,2.0,0,11745,35070,2938,8768,0.7597004765146358,0.0,1.0,1.0855329036712646,0.5,0.5,0.5722350478172302,0.24197736382484436,3440.0,325.0,1725.0,138.0,0.22366927227061228,0.02999543795620438,2874.0,64.0,8505.0,263.0,ok,plugin,False,,2860.374799961486,2550.9800345880535,1.9985908996901132,0.9599865696148275,1.63868928376186,0.9125475285171103,0.02737226277372263,0.2510415350443349,0.7489584649556651,0.7489584649556651,False,49.0,24.0,0.3749140501022339,0.5526221990585327,0.9275362491607666,fmow,1,BN_adapt,logits,62,0.7507875561714172,0.7507875561714172,0.6439406871795654,0.642677903175354,splits_fmow_BN_adapt_1_0_f475b82dfdbf.npz,f475b82dfdbf,False,False,,,,,,
iw_residual_dis2,2.0,0,11745,35070,2938,8768,0.7597004765146358,0.0,1.0,1.0855329036712646,0.5,0.5,0.5722350478172302,0.24197736382484436,83.0,325.0,36.0,138.0,0.22366927227061228,0.02999543795620438,2874.0,64.0,8505.0,263.0,ok,plugin,False,,2860.374799961486,2550.9800345880535,1.9985908996901132,0.9599865696148275,1.63868928376186,0.8288973384030418,0.007990704835766423,0.2316599771063787,0.7683400228936212,0.7683400228936212,False,39.0,19.0,0.2644927501678467,0.5833333134651184,0.8478260636329651,fmow,1,BN_adapt,logits,62,0.7507875561714172,0.7507875561714172,0.6439406871795654,0.642677903175354,splits_fmow_BN_adapt_1_0_f475b82dfdbf.npz,f475b82dfdbf,False,False,0.265625,0.828125,0.0007723384030418057,,,
iw_overlap_critic,5.0,0,11745,35070,2938,8768,0.7597004765146358,0.0,1.0,1.0855329036712646,0.5,0.5,0.5722350478172302,0.24197736382484436,3523.0,0.0,1761.0,0.0,0.23703882689740008,0.00011405109489051095,2938.0,0.0,8767.0,1.0,unsupported_critic_region,plugin,False,,3010.1506347238915,2540.323522477133,4.072125120009361,0.9671936117541953,1.7569251655168021,,,,,,,,,,,,fmow,1,BN_adapt,logits,62,0.7507875561714172,0.7507875561714172,0.6439406871795654,0.642677903175354,splits_fmow_BN_adapt_1_0_f475b82dfdbf.npz,f475b82dfdbf,,,,,,,,
iw_residual_dis2,5.0,0,11745,35070,2938,8768,0.7597004765146358,0.0,1.0,1.0855329036712646,0.5,0.5,0.5722350478172302,0.24197736382484436,,,,,0.23703882689740008,0.00011405109489051095,2938.0,0.0,8767.0,1.0,unsupported_residual_source_region,plugin,False,,3010.1506347238915,2540.323522477133,4.072125120009361,0.9671936117541953,1.7569251655168021,,,,,,,,,,,,fmow,1,BN_adapt,logits,62,0.7507875561714172,0.7507875561714172,0.6439406871795654,0.642677903175354,splits_fmow_BN_adapt_1_0_f475b82dfdbf.npz,f475b82dfdbf,,,,,,,,
dis2_reference,,0,11745,35070,2938,8768,0.7597004622220993,,,,,,,,,,,,,,,,,,ok,dis2_with_correction,True,0.05828819581133085,,,,,,,,0.2966214466438555,0.7033785533561445,0.6450903575448137,,48.0,15.0,0.09039735794067383,0.6734809875488281,0.763878345489502,fmow,1,BN_adapt,logits,62,0.7507875561714172,0.7507875561714172,0.6439406871795654,0.642677903175354,splits_fmow_BN_adapt_1_0_f475b82dfdbf.npz,f475b82dfdbf,False,False,,,,0.01,0.3549096424551863,0.056321908865954784
iw_overlap_critic,1.0,0,11745,39088,2938,9774,0.7525527569775358,0.0,1.0,1.0865117311477661,0.5,0.5,0.5823708772659302,0.23896121978759766,2086.0,6817.0,1075.0,3354.0,0.10005929608629971,0.5668099038264784,1711.0,1227.0,4234.0,5540.0,ok,plugin,False,,1203.3892380025736,1607.5351900013072,0.9999346311122915,0.7150993969806784,0.9725219358606993,0.8545126353790614,0.48434622467771643,0.5844055207640162,0.4155944792359838,0.4155944792359838,False,49.0,9.0,0.326691210269928,0.5143940448760986,0.8410852551460266,fmow,2,BN_adapt,logits,62,0.7418476343154907,0.7418476343154907,0.5661584138870239,0.5665029883384705,splits_fmow_BN_adapt_2_0_f475b82dfdbf.npz,f475b82dfdbf,True,True,,,,,,
iw_residual_dis2,1.0,0,11745,39088,2938,9774,0.7525527569775358,0.0,1.0,1.0865117311477661,0.5,0.5,0.5823708772659302,0.23896121978759766,1437.0,6817.0,686.0,3354.0,0.10005929608629971,0.5668099038264784,1711.0,1227.0,4234.0,5540.0,ok,plugin,False,,1203.3892380025736,1607.5351900013072,0.9999346311122915,0.7150993969806784,0.9725219358606993,0.7879061371841155,0.16619071038059993,0.26625000646689967,0.7337499935331003,0.7337499935331003,False,48.0,2.0,0.10586464405059814,0.6851311922073364,0.7909958362579346,fmow,2,BN_adapt,logits,62,0.7418476343154907,0.7418476343154907,0.5661584138870239,0.5665029883384705,splits_fmow_BN_adapt_2_0_f475b82dfdbf.npz,f475b82dfdbf,False,False,0.2404237978810106,0.7351263243683781,0.052779812815737404,,,
iw_overlap_critic,2.0,0,11745,39088,2938,9774,0.7525527569775358,0.0,1.0,1.0865117311477661,0.5,0.5,0.5823708772659302,0.23896121978759766,3344.0,1006.0,1691.0,485.0,0.22267205414310698,0.08123593206466134,2795.0,143.0,8980.0,794.0,ok,plugin,False,,2650.0366111287512,2415.042081263393,1.9967680553240248,0.8852374200059011,1.6812882757684133,0.9118387909319899,0.07407407407407407,0.29674612821718105,0.703253871782819,0.703253871782819,False,49.0,19.0,0.3634176254272461,0.5541081428527832,0.9175257682800293,fmow,2,BN_adapt,logits,62,0.7418476343154907,0.7418476343154907,0.5661584138870239,0.5665029883384705,splits_fmow_BN_adapt_2_0_f475b82dfdbf.npz,f475b82dfdbf,False,False,,,,,,
iw_residual_dis2,2.0,0,11745,39088,2938,9774,0.7525527569775358,0.0,1.0,1.0865117311477661,0.5,0.5,0.5823708772659302,0.23896121978759766,179.0,1006.0,70.0,485.0,0.22267205414310698,0.08123593206466134,2795.0,143.0,8980.0,794.0,ok,plugin,False,,2650.0366111287512,2415.042081263393,1.9967680553240248,0.8852374200059011,1.6812882757684133,0.8375314861460957,0.024295225952684518,0.2469672800957915,0.7530327199042085,0.7530327199042085,False,27.0,17.0,0.15743744373321533,0.6714285612106323,0.8288660049438477,fmow,2,BN_adapt,logits,62,0.7418476343154907,0.7418476343154907,0.5661584138870239,0.5665029883384705,splits_fmow_BN_adapt_2_0_f475b82dfdbf.npz,f475b82dfdbf,False,False,0.20279720279720279,0.7412587412587412,0.09627274488735449,,,
iw_overlap_critic,5.0,0,11745,39088,2938,9774,0.7525527569775358,0.0,1.0,1.0865117311477661,0.5,0.5,0.5823708772659302,0.23896121978759766,3519.0,16.0,1760.0,10.0,0.2480101371753366,0.001534683855125844,2938.0,0.0,9759.0,15.0,ok,plugin,False,,3019.668759613628,2328.9128399920755,4.409167731971339,0.9136542150264451,1.988748888938083,0.9333333333333333,0.0014323715981174544,0.24944250877345406,0.7505574912265459,0.7505574912265459,False,49.0,21.0,0.5437676906585693,0.45623230934143066,1.0,fmow,2,BN_adapt,logits,62,0.7418476343154907,0.7418476343154907,0.5661584138870239,0.5665029883384705,splits_fmow_BN_adapt_2_0_f475b82dfdbf.npz,f475b82dfdbf,False,False,,,,,,
iw_residual_dis2,5.0,0,11745,39088,2938,9774,0.7525527569775358,0.0,1.0,1.0865117311477661,0.5,0.5,0.5823708772659302,0.23896121978759766,,,,,0.2480101371753366,0.001534683855125844,2938.0,0.0,9759.0,15.0,unsupported_residual_source_region,plugin,False,,3019.668759613628,2328.9128399920755,4.409167731971339,0.9136542150264451,1.988748888938083,,,,,,,,,,,,fmow,2,BN_adapt,logits,62,0.7418476343154907,0.7418476343154907,0.5661584138870239,0.5665029883384705,splits_fmow_BN_adapt_2_0_f475b82dfdbf.npz,f475b82dfdbf,,,,,,,,
dis2_reference,,0,11745,39088,2938,9774,0.7525527477264404,,,,,,,,,,,,,,,,,,ok,dis2_with_correction,True,0.05805587048545221,,,,,,,,0.34022434123702705,0.659775658762973,0.6017197882775207,,49.0,19.0,0.11342304944992065,0.6189665198326111,0.7323895692825317,fmow,2,BN_adapt,logits,62,0.7418476343154907,0.7418476343154907,0.5661584138870239,0.5665029883384705,splits_fmow_BN_adapt_2_0_f475b82dfdbf.npz,f475b82dfdbf,False,False,,,,0.01,0.39828021172247924,0.09277708896346748
iw_overlap_critic,1.0,0,11745,35070,2938,8768,0.6388699795779442,0.0,1.0,1.3752713203430176,0.5,0.5,0.5431007146835327,0.24704568088054657,1698.0,6100.0,915.0,3089.0,0.17124153872573544,0.5896441605839416,1510.0,1428.0,3598.0,5170.0,ok,plugin,False,,1252.2969540309014,1474.9265988463794,0.999868683509725,0.8580961913554178,0.9870358315723912,0.8588007736943907,0.5063868613138687,0.6776284000396041,0.3223715999603959,0.3223715999603959,False,48.0,28.0,0.2836930751800537,0.5761321187019348,0.8598251938819885,fmow,1,DANN,logits,62,0.6519370079040527,0.6519370079040527,0.6103222370147705,0.6077782511711121,splits_fmow_DANN_1_0_f475b82dfdbf.npz,f475b82dfdbf,True,True,,,,,,
iw_residual_dis2,1.0,0,11745,35070,2938,8768,0.6388699795779442,0.0,1.0,1.3752713203430176,0.5,0.5,0.5431007146835327,0.24704568088054657,1825.0,6100.0,846.0,3089.0,0.17124153872573544,0.5896441605839416,1510.0,1428.0,3598.0,5170.0,ok,plugin,False,,1252.2969540309014,1474.9265988463794,0.999868683509725,0.8580961913554178,0.9870358315723912,0.6998065764023211,0.21361131131284633,0.3848528500385818,0.6151471499614183,0.6151471499614183,False,42.0,15.0,0.05034905672073364,0.6560283899307251,0.7063774466514587,fmow,1,DANN,logits,62,0.6519370079040527,0.6519370079040527,0.6103222370147705,0.6077782511711121,splits_fmow_DANN_1_0_f475b82dfdbf.npz,f475b82dfdbf,False,False,0.3158263305322129,0.6533613445378151,0.046445231864506,,,
iw_overlap_critic,2.0,0,11745,35070,2938,8768,0.6388699795779442,0.0,1.0,1.3752713203430176,0.5,0.5,0.5431007146835327,0.24704568088054657,3523.0,0.0,1761.0,0.0,0.3477126161235499,0.00011405109489051095,2938.0,0.0,8767.0,1.0,unsupported_critic_region,plugin,False,,2928.57190049212,2803.9752075361216,1.9233309087236736,0.9926772360639708,1.3669665766860113,,,,,,,,,,,,fmow,1,DANN,logits,62,0.6519370079040527,0.6519370079040527,0.6103222370147705,0.6077782511711121,splits_fmow_DANN_1_0_f475b82dfdbf.npz,f475b82dfdbf,,,,,,,,
iw_residual_dis2,2.0,0,11745,35070,2938,8768,0.6388699795779442,0.0,1.0,1.3752713203430176,0.5,0.5,0.5431007146835327,0.24704568088054657,,,,,0.3477126161235499,0.00011405109489051095,2938.0,0.0,8767.0,1.0,unsupported_residual_source_region,plugin,False,,2928.57190049212,2803.9752075361216,1.9233309087236736,0.9926772360639708,1.3669665766860113,,,,,,,,,,,,fmow,1,DANN,logits,62,0.6519370079040527,0.6519370079040527,0.6103222370147705,0.6077782511711121,splits_fmow_DANN_1_0_f475b82dfdbf.npz,f475b82dfdbf,,,,,,,,
iw_overlap_critic,5.0,0,11745,35070,2938,8768,0.6388699795779442,0.0,1.0,1.3752713203430176,0.5,0.5,0.5431007146835327,0.24704568088054657,,,,,0.3477126161235499,0.0,2938.0,0.0,8768.0,0.0,ok,plugin,False,,2928.57190049212,2803.9752075361216,1.9233309087236736,0.9926772360639708,1.3669665766860113,,0.0,0.3477126161235499,0.65228738387645,0.65228738387645,False,,,,,,fmow,1,DANN,logits,62,0.6519370079040527,0.6519370079040527,0.6103222370147705,0.6077782511711121,splits_fmow_DANN_1_0_f475b82dfdbf.npz,f475b82dfdbf,False,False,,,,,,
iw_residual_dis2,5.0,0,11745,35070,2938,8768,0.6388699795779442,0.0,1.0,1.3752713203430176,0.5,0.5,0.5431007146835327,0.24704568088054657,,,,,0.3477126161235499,0.0,2938.0,0.0,8768.0,0.0,ok,plugin,False,,2928.57190049212,2803.9752075361216,1.9233309087236736,0.9926772360639708,1.3669665766860113,,0.0,0.3477126161235499,0.65228738387645,0.65228738387645,False,,,,,,fmow,1,DANN,logits,62,0.6519370079040527,0.6519370079040527,0.6103222370147705,0.6077782511711121,splits_fmow_DANN_1_0_f475b82dfdbf.npz,f475b82dfdbf,False,False,,,,,,
dis2_reference,,0,11745,35070,2938,8768,0.638869971036911,,,,,,,,,,,,,,,,,,ok,dis2_with_correction,True,0.05828819581133085,,,,,,,,0.40179658113870886,0.5982034188612911,0.5399152230499603,,49.0,23.0,0.06981039047241211,0.6609880924224854,0.7307984828948975,fmow,1,DANN,logits,62,0.6519370079040527,0.6519370079040527,0.6103222370147705,0.6077782511711121,splits_fmow_DANN_1_0_f475b82dfdbf.npz,f475b82dfdbf,True,True,,,,0.01,0.4600847769500397,0.04066655217561976
iw_overlap_critic,1.0,0,11745,39088,2938,9774,0.6344452008168822,0.0,1.0,1.2399344444274902,0.5,0.5,0.5546964406967163,0.24482622742652893,1815.0,6753.0,945.0,3365.0,0.14727441106216496,0.5852261100879885,1563.0,1375.0,4054.0,5720.0,ok,plugin,False,,1222.902023682177,1511.2516417358495,0.9999224287499895,0.8051311864698297,0.9796669328992567,0.8342657342657342,0.48823409044403515,0.6355085015062001,0.3644914984937999,0.3644914984937999,False,49.0,28.0,0.2963065505027771,0.5420292615890503,0.8383358120918274,fmow,2,DANN,logits,62,0.6504895687103271,0.6504895687103271,0.5482756495475769,0.5545324683189392,splits_fmow_DANN_2_0_f475b82dfdbf.npz,f475b82dfdbf,True,True,,,,,,
iw_residual_dis2,1.0,0,11745,39088,2938,9774,0.6344452008168822,0.0,1.0,1.2399344444274902,0.5,0.5,0.5546964406967163,0.24482622742652893,1708.0,6753.0,816.0,3365.0,0.14727441106216496,0.5852261100879885,1563.0,1375.0,4054.0,5720.0,ok,plugin,False,,1222.902023682177,1511.2516417358495,0.9999224287499895,0.8051311864698297,0.9796669328992567,0.768006993006993,0.24771434417843258,0.3949887552405975,0.6050112447594025,0.6050112447594025,False,46.0,1.0,0.06714516878128052,0.6936274766921997,0.7607726454734802,fmow,2,DANN,logits,62,0.6504895687103271,0.6504895687103271,0.5482756495475769,0.5545324683189392,splits_fmow_DANN_2_0_f475b82dfdbf.npz,f475b82dfdbf,False,False,0.3781818181818182,0.722909090909091,0.0450979020979021,,,
iw_overlap_critic,2.0,0,11745,39088,2938,9774,0.6344452008168822,0.0,1.0,1.2399344444274902,0.5,0.5,0.5546964406967163,0.24482622742652893,3516.0,54.0,1758.0,30.0,0.3673036530978637,0.004194802537343974,2933.0,5.0,9733.0,41.0,ok,plugin,False,,2934.187897729764,2704.83369420676,1.997981294933825,0.9752372129983414,1.520629949143691,0.9512195121951219,0.003990178023327195,0.3712938311211909,0.6287061688788091,0.6287061688788091,False,49.0,9.0,0.39933454990386963,0.5339987874031067,0.9333333373069763,fmow,2,DANN,logits,62,0.6504895687103271,0.6504895687103271,0.5482756495475769,0.5545324683189392,splits_fmow_DANN_2_0_f475b82dfdbf.npz,f475b82dfdbf,False,False,,,,,,
iw_residual_dis2,2.0,0,11745,39088,2938,9774,0.6344452008168822,0.0,1.0,1.2399344444274902,0.5,0.5,0.5546964406967163,0.24482622742652893,7.0,54.0,3.0,30.0,0.3673036530978637,0.004194802537343974,2933.0,5.0,9733.0,41.0,ok,plugin,False,,2934.187897729764,2704.83369420676,1.997981294933825,0.9752372129983414,1.520629949143691,1.0,0.0,0.3673036530978637,0.6326963469021363,0.6326963469021363,False,0.0,0.0,0.0,1.0,1.0,fmow,2,DANN,logits,62,0.6504895687103271,0.6504895687103271,0.5482756495475769,0.5545324683189392,splits_fmow_DANN_2_0_f475b82dfdbf.npz,f475b82dfdbf,False,False,0.0,1.0,0.0,,,
iw_overlap_critic,5.0,0,11745,39088,2938,9774,0.6344452008168822,0.0,1.0,1.2399344444274902,0.5,0.5,0.5546964406967163,0.24482622742652893,,,,,0.3673036530978637,0.0,2938.0,0.0,9774.0,0.0,ok,plugin,False,,2945.117958133911,2704.468852578369,2.6627065634701013,0.9760132760988952,1.5307993979399945,,0.0,0.3673036530978637,0.6326963469021363,0.6326963469021363,False,,,,,,fmow,2,DANN,logits,62,0.6504895687103271,0.6504895687103271,0.5482756495475769,0.5545324683189392,splits_fmow_DANN_2_0_f475b82dfdbf.npz,f475b82dfdbf,False,False,,,,,,
iw_residual_dis2,5.0,0,11745,39088,2938,9774,0.6344452008168822,0.0,1.0,1.2399344444274902,0.5,0.5,0.5546964406967163,0.24482622742652893,,,,,0.3673036530978637,0.0,2938.0,0.0,9774.0,0.0,ok,plugin,False,,2945.117958133911,2704.468852578369,2.6627065634701013,0.9760132760988952,1.5307993979399945,,0.0,0.3673036530978637,0.6326963469021363,0.6326963469021363,False,,,,,,fmow,2,DANN,logits,62,0.6504895687103271,0.6504895687103271,0.5482756495475769,0.5545324683189392,splits_fmow_DANN_2_0_f475b82dfdbf.npz,f475b82dfdbf,False,False,,,,,,
dis2_reference,,0,11745,39088,2938,9774,0.6344451904296875,,,,,,,,,,,,,,,,,,ok,dis2_with_correction,True,0.05805587048545221,,,,,,,,0.4168393681643122,0.5831606318356878,0.5251047613502355,,44.0,14.0,0.07829433679580688,0.6723452806472778,0.7506396174430847,fmow,2,DANN,logits,62,0.6504895687103271,0.6504895687103271,0.5482756495475769,0.5545324683189392,splits_fmow_DANN_2_0_f475b82dfdbf.npz,f475b82dfdbf,True,True,,,,0.01,0.4748952386497644,0.05128455859399972
iw_overlap_critic,1.0,0,11745,35070,2938,8768,0.6466984343090538,0.0,1.0,1.8349958658218384,0.5,0.5,0.5341331958770752,0.24863222241401672,1734.0,6042.0,888.0,2986.0,0.1873221062971354,0.5693430656934306,1526.0,1412.0,3776.0,4992.0,ok,plugin,False,,1335.6344013051084,1508.0412992157026,0.9999681253501035,0.8957793783246819,0.989133899652218,0.8739983974358975,0.49760492700729925,0.6849270333044346,0.3150729666955654,0.3150729666955654,False,48.0,23.0,0.33121389150619507,0.5576005578041077,0.8888144493103027,fmow,1,CDANN,logits,62,0.6558535695075989,0.6558535695075989,0.605617344379425,0.6010492444038391,splits_fmow_CDANN_1_0_f475b82dfdbf.npz,f475b82dfdbf,True,True,,,,,,
iw_residual_dis2,1.0,0,11745,35070,2938,8768,0.6466984343090538,0.0,1.0,1.8349958658218384,0.5,0.5,0.5341331958770752,0.24863222241401672,1789.0,6042.0,873.0,2986.0,0.1873221062971354,0.5693430656934306,1526.0,1412.0,3776.0,4992.0,ok,plugin,False,,1335.6344013051084,1508.0412992157026,0.9999681253501035,0.8957793783246819,0.989133899652218,0.6744791666666666,0.18199808471702397,0.36932019101415936,0.6306798089858406,0.6306798089858406,False,49.0,28.0,0.04378467798233032,0.643757164478302,0.6875418424606323,fmow,1,CDANN,logits,62,0.6558535695075989,0.6558535695075989,0.605617344379425,0.6010492444038391,splits_fmow_CDANN_1_0_f475b82dfdbf.npz,f475b82dfdbf,False,False,0.29036827195467424,0.6451841359773371,0.029295030689329482,,,
iw_overlap_critic,2.0,0,11745,35070,2938,8768,0.6466984343090538,0.0,1.0,1.8349958658218384,0.5,0.5,0.5341331958770752,0.24863222241401672,,,,,0.3426043167961404,0.0,2938.0,0.0,8768.0,0.0,ok,plugin,False,,2918.0342649050135,2868.1767215168447,1.6569677801272777,0.9914839096654237,1.25340373746778,,0.0,0.3426043167961404,0.6573956832038597,0.6573956832038597,False,,,,,,fmow,1,CDANN,logits,62,0.6558535695075989,0.6558535695075989,0.605617344379425,0.6010492444038391,splits_fmow_CDANN_1_0_f475b82dfdbf.npz,f475b82dfdbf,False,False,,,,,,
iw_residual_dis2,2.0,0,11745,35070,2938,8768,0.6466984343090538,0.0,1.0,1.8349958658218384,0.5,0.5,0.5341331958770752,0.24863222241401672,,,,,0.3426043167961404,0.0,2938.0,0.0,8768.0,0.0,ok,plugin,False,,2918.0342649050135,2868.1767215168447,1.6569677801272777,0.9914839096654237,1.25340373746778,,0.0,0.3426043167961404,0.6573956832038597,0.6573956832038597,False,,,,,,fmow,1,CDANN,logits,62,0.6558535695075989,0.6558535695075989,0.605617344379425,0.6010492444038391,splits_fmow_CDANN_1_0_f475b82dfdbf.npz,f475b82dfdbf,False,False,,,,,,
iw_overlap_critic,5.0,0,11745,35070,2938,8768,0.6466984343090538,0.0,1.0,1.8349958658218384,0.5,0.5,0.5341331958770752,0.24863222241401672,,,,,0.3426043167961404,0.0,2938.0,0.0,8768.0,0.0,ok,plugin,False,,2918.0342649050135,2868.1767215168447,1.6569677801272777,0.9914839096654237,1.25340373746778,,0.0,0.3426043167961404,0.6573956832038597,0.6573956832038597,False,,,,,,fmow,1,CDANN,logits,62,0.6558535695075989,0.6558535695075989,0.605617344379425,0.6010492444038391,splits_fmow_CDANN_1_0_f475b82dfdbf.npz,f475b82dfdbf,False,False,,,,,,
iw_residual_dis2,5.0,0,11745,35070,2938,8768,0.6466984343090538,0.0,1.0,1.8349958658218384,0.5,0.5,0.5341331958770752,0.24863222241401672,,,,,0.3426043167961404,0.0,2938.0,0.0,8768.0,0.0,ok,plugin,False,,2918.0342649050135,2868.1767215168447,1.6569677801272777,0.9914839096654237,1.25340373746778,,0.0,0.3426043167961404,0.6573956832038597,0.6573956832038597,False,,,,,,fmow,1,CDANN,logits,62,0.6558535695075989,0.6558535695075989,0.605617344379425,0.6010492444038391,splits_fmow_CDANN_1_0_f475b82dfdbf.npz,f475b82dfdbf,False,False,,,,,,
dis2_reference,,0,11745,35070,2938,8768,0.6466984152793884,,,,,,,,,,,,,,,,,,ok,dis2_with_correction,True,0.05828819581133085,,,,,,,,0.37776620450267684,0.6222337954973232,0.5639455996859923,,36.0,14.0,0.07698619365692139,0.6933560371398926,0.770342230796814,fmow,1,CDANN,logits,62,0.6558535695075989,0.6558535695075989,0.605617344379425,0.6010492444038391,splits_fmow_CDANN_1_0_f475b82dfdbf.npz,f475b82dfdbf,True,True,,,,0.01,0.43605440031400766,0.024464619782065378
iw_overlap_critic,1.0,0,11745,39088,2938,9774,0.6446562287270252,0.0,1.0,1.397735834121704,0.5,0.5,0.5392557382583618,0.2475474327802658,1864.0,6444.0,923.0,3276.0,0.16681398700810088,0.5512584407612032,1599.0,1339.0,4386.0,5388.0,ok,plugin,False,,1354.9584083125105,1575.0630302998734,0.9999261864583701,0.8636401192767506,0.9874631492082373,0.8815887156644395,0.4859832207898507,0.6527972077979516,0.3472027922020484,0.3472027922020484,False,48.0,29.0,0.38471952080726624,0.4947066009044647,0.879426121711731,fmow,2,CDANN,logits,62,0.6548318862915039,0.6548318862915039,0.5420845150947571,0.5445058345794678,splits_fmow_CDANN_2_0_f475b82dfdbf.npz,f475b82dfdbf,True,True,,,,,,
iw_residual_dis2,1.0,0,11745,39088,2938,9774,0.6446562287270252,0.0,1.0,1.397735834121704,0.5,0.5,0.5392557382583618,0.2475474327802658,1659.0,6444.0,838.0,3276.0,0.16681398700810088,0.5512584407612032,1599.0,1339.0,4386.0,5388.0,ok,plugin,False,,1354.9584083125105,1575.0630302998734,0.9999261864583701,0.8636401192767506,0.9874631492082373,0.7279138827023014,0.23165069021422613,0.39846467722232704,0.601535322777673,0.601535322777673,False,49.0,4.0,0.0828816294670105,0.638424813747406,0.7213064432144165,fmow,2,CDANN,logits,62,0.6548318862915039,0.6548318862915039,0.5420845150947571,0.5445058345794678,splits_fmow_CDANN_2_0_f475b82dfdbf.npz,f475b82dfdbf,False,False,0.351008215085885,0.6587005227781927,0.06921335992410871,,,
iw_overlap_critic,2.0,0,11745,39088,2938,9774,0.6446562287270252,0.0,1.0,1.397735834121704,0.5,0.5,0.5392557382583618,0.2475474327802658,3523.0,9.0,1760.0,2.0,0.35233544391650923,0.0005115612850419481,2933.0,5.0,9769.0,5.0,ok,plugin,False,,2920.9661186835483,2812.2542211522864,1.9447842355910459,0.9772699739088457,1.3634133838164981,1.0,0.0005115612850419481,0.35284700520155116,0.6471529947984489,0.6471529947984489,False,49.0,3.0,0.6619354486465454,0.338064581155777,1.0,fmow,2,CDANN,logits,62,0.6548318862915039,0.6548318862915039,0.5420845150947571,0.5445058345794678,splits_fmow_CDANN_2_0_f475b82dfdbf.npz,f475b82dfdbf,False,False,,,,,,
iw_residual_dis2,2.0,0,11745,39088,2938,9774,0.6446562287270252,0.0,1.0,1.397735834121704,0.5,0.5,0.5392557382583618,0.2475474327802658,0.0,9.0,1.0,2.0,0.35233544391650923,0.0005115612850419481,2933.0,5.0,9769.0,5.0,unsupported_critic_region,plugin,False,,2920.9661186835483,2812.2542211522864,1.9447842355910459,0.9772699739088457,1.3634133838164981,,,,,,,,,,,,fmow,2,CDANN,logits,62,0.6548318862915039,0.6548318862915039,0.5420845150947571,0.5445058345794678,splits_fmow_CDANN_2_0_f475b82dfdbf.npz,f475b82dfdbf,,,,,,,,
iw_overlap_critic,5.0,0,11745,39088,2938,9774,0.6446562287270252,0.0,1.0,1.397735834121704,0.5,0.5,0.5392557382583618,0.2475474327802658,,,,,0.35233544391650923,0.0,2938.0,0.0,9774.0,0.0,ok,plugin,False,,2931.536540979115,2811.918477682402,2.168086261684489,0.9778363162302368,1.3653721103842063,,0.0,0.35233544391650923,0.6476645560834908,0.6476645560834908,False,,,,,,fmow,2,CDANN,logits,62,0.6548318862915039,0.6548318862915039,0.5420845150947571,0.5445058345794678,splits_fmow_CDANN_2_0_f475b82dfdbf.npz,f475b82dfdbf,False,False,,,,,,
iw_residual_dis2,5.0,0,11745,39088,2938,9774,0.6446562287270252,0.0,1.0,1.397735834121704,0.5,0.5,0.5392557382583618,0.2475474327802658,,,,,0.35233544391650923,0.0,2938.0,0.0,9774.0,0.0,ok,plugin,False,,2931.536540979115,2811.918477682402,2.168086261684489,0.9778363162302368,1.3653721103842063,,0.0,0.35233544391650923,0.6476645560834908,0.6476645560834908,False,,,,,,fmow,2,CDANN,logits,62,0.6548318862915039,0.6548318862915039,0.5420845150947571,0.5445058345794678,splits_fmow_CDANN_2_0_f475b82dfdbf.npz,f475b82dfdbf,False,False,,,,,,
dis2_reference,,0,11745,39088,2938,9774,0.6446562111377716,,,,,,,,,,,,,,,,,,ok,dis2_with_correction,True,0.05805587048545221,,,,,,,,0.425526236202061,0.574473763797939,0.5164178933124868,,48.0,6.0,0.09559601545333862,0.5922771096229553,0.687873125076294,fmow,2,CDANN,logits,62,0.6548318862915039,0.6548318862915039,0.5420845150947571,0.5445058345794678,splits_fmow_CDANN_2_0_f475b82dfdbf.npz,f475b82dfdbf,True,True,,,,0.01,0.48358210668751317,0.07018244733983259
iw_overlap_critic,1.0,0,11745,35070,2938,8768,0.7750170183798503,0.0,1.0,1.1270627975463867,0.5,0.5,0.5550639629364014,0.24222254753112793,1843.0,6438.0,967.0,3222.0,0.09779436461309288,0.6092609489051095,1517.0,1421.0,3426.0,5342.0,ok,plugin,False,,1085.8071520185404,1425.3073294912108,0.9999333440641253,0.7416195055144181,0.9705033717786671,0.8588543616622988,0.5232664233576643,0.6210607879707571,0.37893921202924286,0.37893921202924286,False,49.0,25.0,0.30017775297164917,0.5635714530944824,0.8637492060661316,fmow,1,FixMatch,logits,62,0.771477222442627,0.771477222442627,0.6735101342201233,0.6636633276939392,splits_fmow_FixMatch_1_0_f475b82dfdbf.npz,f475b82dfdbf,True,True,,,,,,
iw_residual_dis2,1.0,0,11745,35070,2938,8768,0.7750170183798503,0.0,1.0,1.1270627975463867,0.5,0.5,0.5550639629364014,0.24222254753112793,1680.0,6438.0,794.0,3222.0,0.09779436461309288,0.6092609489051095,1517.0,1421.0,3426.0,5342.0,ok,plugin,False,,1085.8071520185404,1425.3073294912108,0.9999333440641253,0.7416195055144181,0.9705033717786671,0.6643579183826283,0.12564778774585592,0.2234421523589488,0.7765578476410512,0.7765578476410512,False,47.0,18.0,0.09754568338394165,0.5806045532226562,0.6781502366065979,fmow,1,FixMatch,logits,62,0.771477222442627,0.771477222442627,0.6735101342201233,0.6636633276939392,splits_fmow_FixMatch_1_0_f475b82dfdbf.npz,f475b82dfdbf,False,False,0.17311752287121746,0.6312456016889515,0.03311231669367676,,,
iw_overlap_critic,2.0,0,11745,35070,2938,8768,0.7750170183798503,0.0,1.0,1.1270627975463867,0.5,0.5,0.5550639629364014,0.24222254753112793,3465.0,224.0,1738.0,107.0,0.20293795994613423,0.020072992700729927,2889.0,49.0,8592.0,176.0,ok,plugin,False,,2873.0529403991172,2558.7420500600592,1.9794315110380065,0.9722502892342637,1.6303831085812472,0.875,0.017563868613138685,0.22050182855927292,0.7794981714407271,0.7794981714407271,False,49.0,28.0,0.4334758520126343,0.5011035799980164,0.9345794320106506,fmow,1,FixMatch,logits,62,0.771477222442627,0.771477222442627,0.6735101342201233,0.6636633276939392,splits_fmow_FixMatch_1_0_f475b82dfdbf.npz,f475b82dfdbf,False,False,,,,,,
iw_residual_dis2,2.0,0,11745,35070,2938,8768,0.7750170183798503,0.0,1.0,1.1270627975463867,0.5,0.5,0.5550639629364014,0.24222254753112793,58.0,224.0,23.0,107.0,0.20293795994613423,0.020072992700729927,2889.0,49.0,8592.0,176.0,ok,plugin,False,,2873.0529403991172,2558.7420500600592,1.9794315110380065,0.9722502892342637,1.6303831085812472,0.8295454545454546,0.0047715253984805615,0.20770948534461478,0.7922905146553852,0.7922905146553852,False,24.0,19.0,0.2885006070137024,0.6086956262588501,0.8971962332725525,fmow,1,FixMatch,logits,62,0.771477222442627,0.771477222442627,0.6735101342201233,0.6636633276939392,splits_fmow_FixMatch_1_0_f475b82dfdbf.npz,f475b82dfdbf,False,False,0.16326530612244897,0.7551020408163265,0.0744434137291281,,,
iw_overlap_critic,5.0,0,11745,35070,2938,8768,0.7750170183798503,0.0,1.0,1.1270627975463867,0.5,0.5,0.5550639629364014,0.24222254753112793,,,,,0.20865301023457344,0.0,2938.0,0.0,8768.0,0.0,ok,plugin,False,,2982.3923678476212,2561.351314348918,3.009000412604302,0.9831833309966512,1.7003808879116744,,0.0,0.20865301023457344,0.7913469897654266,0.7913469897654266,False,,,,,,fmow,1,FixMatch,logits,62,0.771477222442627,0.771477222442627,0.6735101342201233,0.6636633276939392,splits_fmow_FixMatch_1_0_f475b82dfdbf.npz,f475b82dfdbf,False,False,,,,,,
iw_residual_dis2,5.0,0,11745,35070,2938,8768,0.7750170183798503,0.0,1.0,1.1270627975463867,0.5,0.5,0.5550639629364014,0.24222254753112793,,,,,0.20865301023457344,0.0,2938.0,0.0,8768.0,0.0,ok,plugin,False,,2982.3923678476212,2561.351314348918,3.009000412604302,0.9831833309966512,1.7003808879116744,,0.0,0.20865301023457344,0.7913469897654266,0.7913469897654266,False,,,,,,fmow,1,FixMatch,logits,62,0.771477222442627,0.771477222442627,0.6735101342201233,0.6636633276939392,splits_fmow_FixMatch_1_0_f475b82dfdbf.npz,f475b82dfdbf,False,False,,,,,,
dis2_reference,,0,11745,35070,2938,8768,0.7750170081853867,,,,,,,,,,,,,,,,,,ok,dis2_with_correction,True,0.05828819581133085,,,,,,,,0.2848353604749563,0.7151646395250437,0.6568764437137129,,47.0,18.0,0.09371370077133179,0.6927881836891174,0.7865018844604492,fmow,1,FixMatch,logits,62,0.771477222442627,0.771477222442627,0.6735101342201233,0.6636633276939392,splits_fmow_FixMatch_1_0_f475b82dfdbf.npz,f475b82dfdbf,True,True,,,,0.01,0.3431235562862871,0.059852368660342936
iw_overlap_critic,1.0,0,11745,39088,2938,9774,0.765146358066712,0.0,1.0,1.1526561975479126,0.5,0.5,0.5846999883651733,0.23983818292617798,1964.0,7076.0,988.0,3506.0,0.10112371583265589,0.6054839369756497,1636.0,1302.0,3856.0,5918.0,ok,plugin,False,,1144.00445023167,1514.810225455289,0.9998527549623423,0.7268941138605172,0.9718456122802848,0.8203785062521122,0.49672600777573156,0.5978497236083875,0.4021502763916125,0.4021502763916125,False,48.0,3.0,0.29303938150405884,0.5212789177894592,0.8143182992935181,fmow,2,FixMatch,logits,62,0.7696040868759155,0.7696040868759155,0.6054031848907471,0.6067116856575012,splits_fmow_FixMatch_2_0_f475b82dfdbf.npz,f475b82dfdbf,True,True,,,,,,
iw_residual_dis2,1.0,0,11745,39088,2938,9774,0.765146358066712,0.0,1.0,1.1526561975479126,0.5,0.5,0.5846999883651733,0.23983818292617798,1559.0,7076.0,773.0,3506.0,0.10112371583265589,0.6054839369756497,1636.0,1302.0,3856.0,5918.0,ok,plugin,False,,1144.00445023167,1514.810225455289,0.9998527549623423,0.7268941138605172,0.9718456122802848,0.7441703278134505,0.18225427691951784,0.28337799275217374,0.7166220072478262,0.7166220072478262,False,47.0,15.0,0.12937861680984497,0.6144890189170837,0.7438676357269287,fmow,2,FixMatch,logits,62,0.7696040868759155,0.7696040868759155,0.6054031848907471,0.6067116856575012,splits_fmow_FixMatch_2_0_f475b82dfdbf.npz,f475b82dfdbf,False,False,0.1858678955453149,0.6290322580645161,0.11513806974893437,,,
iw_overlap_critic,2.0,0,11745,39088,2938,9774,0.765146358066712,0.0,1.0,1.1526561975479126,0.5,0.5,0.5846999883651733,0.23983818292617798,3408.0,615.0,1703.0,277.0,0.1983131175421173,0.04880294659300184,2836.0,102.0,9297.0,477.0,ok,plugin,False,,2720.5011901842163,2459.4982050629483,1.9996649327872296,0.92653599063551,1.6617028210172653,0.9203354297693921,0.04491508082668304,0.24322819836880033,0.7567718016311997,0.7567718016311997,False,49.0,3.0,0.42581304907798767,0.4911544620990753,0.916967511177063,fmow,2,FixMatch,logits,62,0.7696040868759155,0.7696040868759155,0.6054031848907471,0.6067116856575012,splits_fmow_FixMatch_2_0_f475b82dfdbf.npz,f475b82dfdbf,False,False,,,,,,
iw_residual_dis2,2.0,0,11745,39088,2938,9774,0.765146358066712,0.0,1.0,1.1526561975479126,0.5,0.5,0.5846999883651733,0.23983818292617798,115.0,615.0,58.0,277.0,0.1983131175421173,0.04880294659300184,2836.0,102.0,9297.0,477.0,ok,plugin,False,,2720.5011901842163,2459.4982050629483,1.9996649327872296,0.92653599063551,1.6617028210172653,0.7610062893081762,0.013216336258260216,0.21152945380037752,0.7884705461996224,0.7884705461996224,False,46.0,21.0,0.289431095123291,0.5517241358757019,0.8411552309989929,fmow,2,FixMatch,logits,62,0.7696040868759155,0.7696040868759155,0.6054031848907471,0.6067116856575012,splits_fmow_FixMatch_2_0_f475b82dfdbf.npz,f475b82dfdbf,False,False,0.14705882352941177,0.6372549019607843,0.12375138734739188,,,
iw_overlap_critic,5.0,0,11745,39088,2938,9774,0.765146358066712,0.0,1.0,1.1526561975479126,0.5,0.5,0.5846999883651733,0.23983818292617798,3523.0,0.0,1761.0,0.0,0.21021568124610052,0.0001023122570083896,2938.0,0.0,9773.0,1.0,unsupported_critic_region,plugin,False,,2961.5780687740753,2441.3353741383344,3.8883955128704355,0.9480728854498419,1.855679457610829,,,,,,,,,,,,fmow,2,FixMatch,logits,62,0.7696040868759155,0.7696040868759155,0.6054031848907471,0.6067116856575012,splits_fmow_FixMatch_2_0_f475b82dfdbf.npz,f475b82dfdbf,,,,,,,,
iw_residual_dis2,5.0,0,11745,39088,2938,9774,0.765146358066712,0.0,1.0,1.1526561975479126,0.5,0.5,0.5846999883651733,0.23983818292617798,,,,,0.21021568124610052,0.0001023122570083896,2938.0,0.0,9773.0,1.0,unsupported_residual_source_region,plugin,False,,2961.5780687740753,2441.3353741383344,3.8883955128704355,0.9480728854498419,1.855679457610829,,,,,,,,,,,,fmow,2,FixMatch,logits,62,0.7696040868759155,0.7696040868759155,0.6054031848907471,0.6067116856575012,splits_fmow_FixMatch_2_0_f475b82dfdbf.npz,f475b82dfdbf,,,,,,,,
dis2_reference,,0,11745,39088,2938,9774,0.7651463449001312,,,,,,,,,,,,,,,,,,ok,dis2_with_correction,True,0.05805587048545221,,,,,,,,0.31167518588903265,0.6883248141109674,0.6302689436255151,,49.0,3.0,0.10385739803314209,0.6070414781570435,0.7108988761901855,fmow,2,FixMatch,logits,62,0.7696040868759155,0.7696040868759155,0.6054031848907471,0.6067116856575012,splits_fmow_FixMatch_2_0_f475b82dfdbf.npz,f475b82dfdbf,False,False,,,,0.01,0.36973105637448483,0.07682153078916387
iw_overlap_critic,1.0,0,731,898,184,227,0.9293478260869565,0.0,1.0,4.603870391845703,0.5,0.5,0.6096659898757935,0.24233482778072357,129.0,160.0,70.0,85.0,0.03548993334972362,0.6035242290748899,112.0,72.0,90.0,137.0,ok,plugin,False,,87.06637244321678,108.62505437506027,0.9993246030082583,0.7734434912089445,0.988023454797274,0.8613138686131386,0.5198237885462555,0.5553137218959792,0.44468627810402084,0.44468627810402084,False,33.0,28.0,0.5614246129989624,0.32092830538749695,0.8823529481887817,officehome,1,ERM-aug-imagenet,logits,65,0.930232584476471,0.930232584476471,0.6547884345054626,0.6475770473480225,splits_officehome_ERM-aug-imagenet_1_0_f475b82dfdbf.npz,f475b82dfdbf,True,True,,,,,,
iw_residual_dis2,1.0,0,731,898,184,227,0.9293478260869565,0.0,1.0,4.603870391845703,0.5,0.5,0.6096659898757935,0.24233482778072357,90.0,160.0,39.0,85.0,0.03548993334972362,0.6035242290748899,112.0,72.0,90.0,137.0,ok,plugin,False,,87.06637244321678,108.62505437506027,0.9993246030082583,0.7734434912089445,0.988023454797274,0.781021897810219,0.1276921194322076,0.1631820527819312,0.8368179472180688,0.8368179472180688,False,29.0,6.0,0.2989441752433777,0.5128205418586731,0.8117647171020508,officehome,1,ERM-aug-imagenet,logits,65,0.930232584476471,0.930232584476471,0.6547884345054626,0.6475770473480225,splits_officehome_ERM-aug-imagenet_1_0_f475b82dfdbf.npz,f475b82dfdbf,False,False,0.06944444444444445,0.6388888888888888,0.14213300892133018,,,
iw_overlap_critic,2.0,0,731,898,184,227,0.9293478260869565,0.0,1.0,4.603870391845703,0.5,0.5,0.6096659898757935,0.24233482778072357,211.0,13.0,108.0,4.0,0.06576601005010814,0.02643171806167401,176.0,8.0,221.0,6.0,ok,plugin,False,,172.83943746662553,157.67106414852535,1.9384491285355625,0.8981275047515361,1.6764463341871054,0.8333333333333334,0.022026431718061675,0.08779244176816982,0.9122075582318302,0.9122075582318302,False,23.0,5.0,0.6328026056289673,0.3671974241733551,1.0,officehome,1,ERM-aug-imagenet,logits,65,0.930232584476471,0.930232584476471,0.6547884345054626,0.6475770473480225,splits_officehome_ERM-aug-imagenet_1_0_f475b82dfdbf.npz,f475b82dfdbf,False,False,,,,,,
iw_residual_dis2,2.0,0,731,898,184,227,0.9293478260869565,0.0,1.0,4.603870391845703,0.5,0.5,0.6096659898757935,0.24233482778072357,8.0,13.0,1.0,4.0,0.06576601005010814,0.02643171806167401,176.0,8.0,221.0,6.0,ok,plugin,False,,172.83943746662553,157.67106414852535,1.9384491285355625,0.8981275047515361,1.6764463341871054,1.0,0.006607929515418502,0.07237393956552664,0.9276260604344734,0.9276260604344734,False,0.0,14.0,1.0,0.0,1.0,officehome,1,ERM-aug-imagenet,logits,65,0.930232584476471,0.930232584476471,0.6547884345054626,0.6475770473480225,splits_officehome_ERM-aug-imagenet_1_0_f475b82dfdbf.npz,f475b82dfdbf,False,False,0.125,0.875,0.125,,,
iw_overlap_critic,5.0,0,731,898,184,227,0.9293478260869565,0.0,1.0,4.603870391845703,0.5,0.5,0.6096659898757935,0.24233482778072357,,,,,0.07685797743585136,0.0,184.0,0.0,227.0,0.0,ok,plugin,False,,191.94771550125537,156.18497007494537,2.938605161703664,0.9217005779309446,1.9091625514759367,,0.0,0.07685797743585136,0.9231420225641487,0.9231420225641487,False,,,,,,officehome,1,ERM-aug-imagenet,logits,65,0.930232584476471,0.930232584476471,0.6547884345054626,0.6475770473480225,splits_officehome_ERM-aug-imagenet_1_0_f475b82dfdbf.npz,f475b82dfdbf,False,False,,,,,,
iw_residual_dis2,5.0,0,731,898,184,227,0.9293478260869565,0.0,1.0,4.603870391845703,0.5,0.5,0.6096659898757935,0.24233482778072357,,,,,0.07685797743585136,0.0,184.0,0.0,227.0,0.0,ok,plugin,False,,191.94771550125537,156.18497007494537,2.938605161703664,0.9217005779309446,1.9091625514759367,,0.0,0.07685797743585136,0.9231420225641487,0.9231420225641487,False,,,,,,officehome,1,ERM-aug-imagenet,logits,65,0.930232584476471,0.930232584476471,0.6547884345054626,0.6475770473480225,splits_officehome_ERM-aug-imagenet_1_0_f475b82dfdbf.npz,f475b82dfdbf,False,False,,,,,,
dis2_reference,,0,731,898,184,227,0.9293478280305862,,,,,,,,,,,,,,,,,,ok,dis2_with_correction,True,0.24535636192883933,,,,,,,,0.36434590880143825,0.6356540911985618,0.3902977292697224,,42.0,1.0,0.22442832589149475,0.47706422209739685,0.7014925479888916,officehome,1,ERM-aug-imagenet,logits,65,0.930232584476471,0.930232584476471,0.6547884345054626,0.6475770473480225,splits_officehome_ERM-aug-imagenet_1_0_f475b82dfdbf.npz,f475b82dfdbf,True,True,,,,0.01,0.6097022707302776,0.2936937368320245
iw_overlap_critic,1.0,0,731,893,184,226,0.9293478260869565,0.0,1.0,1.2748644351959229,0.5,0.5,0.7237955927848816,0.17976590991020203,148.0,216.0,75.0,103.0,0.027330958157520513,0.7654867256637168,135.0,49.0,53.0,173.0,ok,plugin,False,,51.35489548281722,88.72603751875972,0.9719186818257802,0.34824692127894374,0.9067589194547291,0.8728323699421965,0.6681415929203539,0.6954725510778744,0.3045274489221256,0.3045274489221256,False,37.0,6.0,0.5973581075668335,0.37351563572883606,0.9708737730979919,officehome,2,ERM-aug-imagenet,logits,65,0.930232584476471,0.930232584476471,0.3258678615093231,0.38053098320961,splits_officehome_ERM-aug-imagenet_2_0_f475b82dfdbf.npz,f475b82dfdbf,True,True,,,,,,
iw_residual_dis2,1.0,0,731,893,184,226,0.9293478260869565,0.0,1.0,1.2748644351959229,0.5,0.5,0.7237955927848816,0.17976590991020203,71.0,216.0,34.0,103.0,0.027330958157520513,0.7654867256637168,135.0,49.0,53.0,173.0,ok,plugin,False,,51.35489548281722,88.72603751875972,0.9719186818257802,0.34824692127894374,0.9067589194547291,0.8497109826589595,0.29113238215640236,0.31846334031392287,0.6815366596860771,0.6815366596860771,False,49.0,18.0,0.46145060658454895,0.47058823704719543,0.9320388436317444,officehome,2,ERM-aug-imagenet,logits,65,0.930232584476471,0.930232584476471,0.3258678615093231,0.38053098320961,splits_officehome_ERM-aug-imagenet_2_0_f475b82dfdbf.npz,f475b82dfdbf,False,False,0.08163265306122448,0.5510204081632653,0.29869057449569425,,,
iw_overlap_critic,2.0,0,731,893,184,226,0.9293478260869565,0.0,1.0,1.2748644351959229,0.5,0.5,0.7237955927848816,0.17976590991020203,182.0,146.0,95.0,74.0,0.05338632250846591,0.5176991150442478,157.0,27.0,109.0,117.0,ok,plugin,False,,82.13480244696257,89.85680945848,1.9862564527536672,0.4266096597264974,1.525067879048197,0.8803418803418803,0.4557522123893805,0.5091385348978464,0.49086146510215356,0.49086146510215356,False,44.0,20.0,0.46156835556030273,0.44383704662323,0.9054054021835327,officehome,2,ERM-aug-imagenet,logits,65,0.930232584476471,0.930232584476471,0.3258678615093231,0.38053098320961,splits_officehome_ERM-aug-imagenet_2_0_f475b82dfdbf.npz,f475b82dfdbf,False,False,,,,,,
iw_residual_dis2,2.0,0,731,893,184,226,0.9293478260869565,0.0,1.0,1.2748644351959229,0.5,0.5,0.7237955927848816,0.17976590991020203,37.0,146.0,14.0,74.0,0.05338632250846591,0.5176991150442478,157.0,27.0,109.0,117.0,ok,plugin,False,,82.13480244696257,89.85680945848,1.9862564527536672,0.4266096597264974,1.525067879048197,0.8803418803418803,0.11061946902654864,0.16400579153501454,0.8359942084649854,0.8359942084649854,False,12.0,9.0,0.6023166179656982,0.3571428656578064,0.9594594836235046,officehome,2,ERM-aug-imagenet,logits,65,0.930232584476471,0.930232584476471,0.3258678615093231,0.38053098320961,splits_officehome_ERM-aug-imagenet_2_0_f475b82dfdbf.npz,f475b82dfdbf,False,False,0.037037037037037035,0.7037037037037037,0.1766381766381766,,,
iw_overlap_critic,5.0,0,731,893,184,226,0.9293478260869565,0.0,1.0,1.2748644351959229,0.5,0.5,0.7237955927848816,0.17976590991020203,204.0,64.0,105.0,37.0,0.05338632250846591,0.2610619469026549,175.0,9.0,167.0,59.0,ok,plugin,False,,133.47866930539595,77.42447830602012,4.272417540327267,0.4652449166203696,2.7451918950624514,0.8983050847457628,0.23451327433628322,0.28789959684474914,0.7121004031552509,0.7121004031552509,False,48.0,22.0,0.6102007627487183,0.30871817469596863,0.9189189076423645,officehome,2,ERM-aug-imagenet,logits,65,0.930232584476471,0.930232584476471,0.3258678615093231,0.38053098320961,splits_officehome_ERM-aug-imagenet_2_0_f475b82dfdbf.npz,f475b82dfdbf,False,False,,,,,,
iw_residual_dis2,5.0,0,731,893,184,226,0.9293478260869565,0.0,1.0,1.2748644351959229,0.5,0.5,0.7237955927848816,0.17976590991020203,15.0,64.0,4.0,37.0,0.05338632250846591,0.2610619469026549,175.0,9.0,167.0,59.0,ok,plugin,False,,133.47866930539595,77.42447830602012,4.272417540327267,0.4652449166203696,2.7451918950624514,0.9322033898305084,0.12733529990167158,0.1807216224101375,0.8192783775898624,0.8192783775898624,False,7.0,9.0,1.0,0.0,1.0,officehome,2,ERM-aug-imagenet,logits,65,0.930232584476471,0.930232584476471,0.3258678615093231,0.38053098320961,splits_officehome_ERM-aug-imagenet_2_0_f475b82dfdbf.npz,f475b82dfdbf,False,False,0.1111111111111111,0.5555555555555556,0.37664783427495285,,,
dis2_reference,,0,731,893,184,226,0.9293478280305862,,,,,,,,,,,,,,,,,,ok,dis2_with_correction,True,0.2454478097046325,,,,,,,,0.40251057904905974,0.5974894209509403,0.35204161124630773,,28.0,24.0,0.45436984300613403,0.4403669834136963,0.8947368264198303,officehome,2,ERM-aug-imagenet,logits,65,0.930232584476471,0.930232584476471,0.3258678615093231,0.38053098320961,splits_officehome_ERM-aug-imagenet_2_0_f475b82dfdbf.npz,f475b82dfdbf,False,True,,,,0.01,0.6479583887536923,0.331858407079646
iw_overlap_critic,1.0,0,731,507,184,128,0.9293478260869565,0.0,1.0,2.19968318939209,0.5,0.5,0.598767101764679,0.21953219175338745,152.0,113.0,80.0,58.0,0.027204561689998297,0.6796875,128.0,56.0,41.0,87.0,ok,plugin,False,,59.32575451340975,107.61466605994931,0.9779495877897193,0.4251040600793997,0.8782181702161809,0.9080459770114943,0.6171875,0.6443920616899983,0.3556079383100017,0.3556079383100017,False,42.0,9.0,0.5428346395492554,0.37095844745635986,0.9137930870056152,officehome,3,ERM-aug-imagenet,logits,65,0.930232584476471,0.930232584476471,0.433925062417984,0.4140625,splits_officehome_ERM-aug-imagenet_3_0_f475b82dfdbf.npz,f475b82dfdbf,True,True,,,,,,
iw_residual_dis2,1.0,0,731,507,184,128,0.9293478260869565,0.0,1.0,2.19968318939209,0.5,0.5,0.598767101764679,0.21953219175338745,67.0,113.0,29.0,58.0,0.027204561689998297,0.6796875,128.0,56.0,41.0,87.0,ok,plugin,False,,59.32575451340975,107.61466605994931,0.9779495877897193,0.4251040600793997,0.8782181702161809,0.8275862068965517,0.21051897321428575,0.23772353490428405,0.7622764650957159,0.7622764650957159,False,20.0,16.0,0.48275864124298096,0.4482758641242981,0.931034505367279,officehome,3,ERM-aug-imagenet,logits,65,0.930232584476471,0.930232584476471,0.433925062417984,0.4140625,splits_officehome_ERM-aug-imagenet_3_0_f475b82dfdbf.npz,f475b82dfdbf,False,False,0.05357142857142857,0.5714285714285714,0.2561576354679803,,,
iw_overlap_critic,2.0,0,731,507,184,128,0.9293478260869565,0.0,1.0,2.19968318939209,0.5,0.5,0.598767101764679,0.21953219175338745,191.0,59.0,97.0,35.0,0.04109473391195272,0.359375,164.0,20.0,82.0,46.0,ok,plugin,False,,111.5334347686701,110.91065999349826,1.995022229219827,0.5219737281988301,1.6987568138924451,0.9565217391304348,0.34375,0.38484473391195273,0.6151552660880473,0.6151552660880473,False,49.0,18.0,0.6126661896705627,0.3301909565925598,0.9428571462631226,officehome,3,ERM-aug-imagenet,logits,65,0.930232584476471,0.930232584476471,0.433925062417984,0.4140625,splits_officehome_ERM-aug-imagenet_3_0_f475b82dfdbf.npz,f475b82dfdbf,False,False,,,,,,
iw_residual_dis2,2.0,0,731,507,184,128,0.9293478260869565,0.0,1.0,2.19968318939209,0.5,0.5,0.598767101764679,0.21953219175338745,28.0,59.0,12.0,35.0,0.04109473391195272,0.359375,164.0,20.0,82.0,46.0,ok,plugin,False,,111.5334347686701,110.91065999349826,1.995022229219827,0.5219737281988301,1.6987568138924451,0.8913043478260869,0.23046875,0.27156348391195273,0.7284365160880473,0.7284365160880473,False,31.0,4.0,0.6928571462631226,0.25,0.9428571462631226,officehome,3,ERM-aug-imagenet,logits,65,0.930232584476471,0.930232584476471,0.433925062417984,0.4140625,splits_officehome_ERM-aug-imagenet_3_0_f475b82dfdbf.npz,f475b82dfdbf,False,False,0.05,0.3,0.5913043478260869,,,
iw_overlap_critic,5.0,0,731,507,184,128,0.9293478260869565,0.0,1.0,2.19968318939209,0.5,0.5,0.598767101764679,0.21953219175338745,213.0,8.0,107.0,6.0,0.05806058807580474,0.1015625,181.0,3.0,115.0,13.0,ok,plugin,False,,159.4922593081422,98.86658191785985,4.748270248593556,0.5495943246468998,2.311380638764322,0.7692307692307693,0.078125,0.13618558807580475,0.8638144119241953,0.8638144119241953,False,47.0,15.0,0.6397298574447632,0.3602701425552368,1.0,officehome,3,ERM-aug-imagenet,logits,65,0.930232584476471,0.930232584476471,0.433925062417984,0.4140625,splits_officehome_ERM-aug-imagenet_3_0_f475b82dfdbf.npz,f475b82dfdbf,False,False,,,,,,
iw_residual_dis2,5.0,0,731,507,184,128,0.9293478260869565,0.0,1.0,2.19968318939209,0.5,0.5,0.598767101764679,0.21953219175338745,6.0,8.0,2.0,6.0,0.05806058807580474,0.1015625,181.0,3.0,115.0,13.0,ok,plugin,False,,159.4922593081422,98.86658191785985,4.748270248593556,0.5495943246468998,2.311380638764322,0.7692307692307693,0.078125,0.13618558807580475,0.8638144119241953,0.8638144119241953,False,14.0,19.0,1.0,0.0,1.0,officehome,3,ERM-aug-imagenet,logits,65,0.930232584476471,0.930232584476471,0.433925062417984,0.4140625,splits_officehome_ERM-aug-imagenet_3_0_f475b82dfdbf.npz,f475b82dfdbf,False,False,0.0,0.0,0.7692307692307693,,,
dis2_reference,,0,731,507,184,128,0.9293478280305862,,,,,,,,,,,,,,,,,,ok,dis2_with_correction,True,0.260854640964656,,,,,,,,0.4592391284911529,0.5407608715088471,0.2799062305441911,,46.0,26.0,0.4280540943145752,0.4403669834136963,0.8684210777282715,officehome,3,ERM-aug-imagenet,logits,65,0.930232584476471,0.930232584476471,0.433925062417984,0.4140625,splits_officehome_ERM-aug-imagenet_3_0_f475b82dfdbf.npz,f475b82dfdbf,True,True,,,,0.01,0.7200937694558089,0.38858695652173914
iw_overlap_critic,1.0,0,731,898,184,227,0.907608695652174,0.0,1.0,11.578383445739746,0.5,0.5,0.5634908676147461,0.2489911913871765,121.0,154.0,66.0,77.0,0.04098912354712825,0.5682819383259912,108.0,76.0,98.0,129.0,ok,plugin,False,,98.14763969805709,107.53020335787765,0.9988623513993353,0.9101117418764986,0.9921773972206952,0.813953488372093,0.46255506607929514,0.5035441896264234,0.49645581037357656,0.49645581037357656,False,41.0,17.0,0.5494277477264404,0.30771511793136597,0.8571428656578064,officehome,1,BN_adapt,logits,65,0.915184736251831,0.915184736251831,0.6525612473487854,0.6740087866783142,splits_officehome_BN_adapt_1_0_f475b82dfdbf.npz,f475b82dfdbf,True,True,,,,,,
iw_residual_dis2,1.0,0,731,898,184,227,0.907608695652174,0.0,1.0,11.578383445739746,0.5,0.5,0.5634908676147461,0.2489911913871765,98.0,154.0,43.0,77.0,0.04098912354712825,0.5682819383259912,108.0,76.0,98.0,129.0,ok,plugin,False,,98.14763969805709,107.53020335787765,0.9988623513993353,0.9101117418764986,0.9921773972206952,0.7596899224806202,0.20739624391374914,0.2483853674608774,0.7516146325391226,0.7516146325391226,False,48.0,24.0,0.33252793550491333,0.5116279125213623,0.8441558480262756,officehome,1,BN_adapt,logits,65,0.915184736251831,0.915184736251831,0.6525612473487854,0.6740087866783142,splits_officehome_BN_adapt_1_0_f475b82dfdbf.npz,f475b82dfdbf,False,False,0.11842105263157894,0.5131578947368421,0.24653202774377803,,,
iw_overlap_critic,2.0,0,731,898,184,227,0.907608695652174,0.0,1.0,11.578383445739746,0.5,0.5,0.5634908676147461,0.2489911913871765,,,,,0.09554963100071726,0.0,184.0,0.0,227.0,0.0,ok,plugin,False,,185.11657417081602,180.1401363936273,1.4661483154216428,0.9822970421169278,1.2985459907973869,,0.0,0.09554963100071726,0.9044503689992828,0.9044503689992828,False,,,,,,officehome,1,BN_adapt,logits,65,0.915184736251831,0.915184736251831,0.6525612473487854,0.6740087866783142,splits_officehome_BN_adapt_1_0_f475b82dfdbf.npz,f475b82dfdbf,False,False,,,,,,
iw_residual_dis2,2.0,0,731,898,184,227,0.907608695652174,0.0,1.0,11.578383445739746,0.5,0.5,0.5634908676147461,0.2489911913871765,,,,,0.09554963100071726,0.0,184.0,0.0,227.0,0.0,ok,plugin,False,,185.11657417081602,180.1401363936273,1.4661483154216428,0.9822970421169278,1.2985459907973869,,0.0,0.09554963100071726,0.9044503689992828,0.9044503689992828,False,,,,,,officehome,1,BN_adapt,logits,65,0.915184736251831,0.915184736251831,0.6525612473487854,0.6740087866783142,splits_officehome_BN_adapt_1_0_f475b82dfdbf.npz,f475b82dfdbf,False,False,,,,,,
iw_overlap_critic,5.0,0,731,898,184,227,0.907608695652174,0.0,1.0,11.578383445739746,0.5,0.5,0.5634908676147461,0.2489911913871765,,,,,0.09554963100071726,0.0,184.0,0.0,227.0,0.0,ok,plugin,False,,185.11657417081602,180.1401363936273,1.4661483154216428,0.9822970421169278,1.2985459907973869,,0.0,0.09554963100071726,0.9044503689992828,0.9044503689992828,False,,,,,,officehome,1,BN_adapt,logits,65,0.915184736251831,0.915184736251831,0.6525612473487854,0.6740087866783142,splits_officehome_BN_adapt_1_0_f475b82dfdbf.npz,f475b82dfdbf,False,False,,,,,,
iw_residual_dis2,5.0,0,731,898,184,227,0.907608695652174,0.0,1.0,11.578383445739746,0.5,0.5,0.5634908676147461,0.2489911913871765,,,,,0.09554963100071726,0.0,184.0,0.0,227.0,0.0,ok,plugin,False,,185.11657417081602,180.1401363936273,1.4661483154216428,0.9822970421169278,1.2985459907973869,,0.0,0.09554963100071726,0.9044503689992828,0.9044503689992828,False,,,,,,officehome,1,BN_adapt,logits,65,0.915184736251831,0.915184736251831,0.6525612473487854,0.6740087866783142,splits_officehome_BN_adapt_1_0_f475b82dfdbf.npz,f475b82dfdbf,False,False,,,,,,
dis2_reference,,0,731,898,184,227,0.9076086953282356,,,,,,,,,,,,,,,,,,ok,dis2_with_correction,True,0.24535636192883933,,,,,,,,0.30456330237335405,0.695436697626646,0.4500803356978066,,32.0,19.0,0.20902371406555176,0.5596330165863037,0.7686567306518555,officehome,1,BN_adapt,logits,65,0.915184736251831,0.915184736251831,0.6525612473487854,0.6740087866783142,splits_officehome_BN_adapt_1_0_f475b82dfdbf.npz,f475b82dfdbf,True,True,,,,0.01,0.5499196643021934,0.21217199770158968
iw_overlap_critic,1.0,0,731,893,184,226,0.9184782608695652,0.0,1.0,1.9264730215072632,0.5,0.5,0.6165152788162231,0.21659649908542633,140.0,181.0,73.0,93.0,0.03664944474195265,0.672566371681416,123.0,61.0,74.0,152.0,ok,plugin,False,,66.28744482932085,100.22099277536287,0.9781542300585101,0.5478415446607351,0.9251048343553822,0.881578947368421,0.5929203539823009,0.6295697987242536,0.37043020127574644,0.37043020127574644,False,44.0,24.0,0.4606216549873352,0.45335686206817627,0.9139785170555115,officehome,2,BN_adapt,logits,65,0.9097127318382263,0.9097127318382263,0.3706606924533844,0.38053098320961,splits_officehome_BN_adapt_2_0_f475b82dfdbf.npz,f475b82dfdbf,True,True,,,,,,
iw_residual_dis2,1.0,0,731,893,184,226,0.9184782608695652,0.0,1.0,1.9264730215072632,0.5,0.5,0.6165152788162231,0.21659649908542633,79.0,181.0,36.0,93.0,0.03664944474195265,0.672566371681416,123.0,61.0,74.0,152.0,ok,plugin,False,,66.28744482932085,100.22099277536287,0.9781542300585101,0.5478415446607351,0.9251048343553822,0.8881578947368421,0.3437545335847962,0.3804039783267488,0.6195960216732512,0.6195960216732512,False,36.0,4.0,0.4543010890483856,0.4166666567325592,0.8709677457809448,officehome,2,BN_adapt,logits,65,0.9097127318382263,0.9097127318382263,0.3706606924533844,0.38053098320961,splits_officehome_BN_adapt_2_0_f475b82dfdbf.npz,f475b82dfdbf,False,False,0.06557377049180328,0.4426229508196721,0.44553494391717,,,
iw_overlap_critic,2.0,0,731,893,184,226,0.9184782608695652,0.0,1.0,1.9264730215072632,0.5,0.5,0.6165152788162231,0.21659649908542633,188.0,85.0,97.0,44.0,0.04830751427984055,0.3141592920353982,158.0,26.0,155.0,71.0,ok,plugin,False,,112.21114049972498,118.0208970620211,1.9724414468176825,0.6619549369296831,1.4399547217567263,0.8309859154929577,0.2610619469026549,0.3093694611824954,0.6906305388175046,0.6906305388175046,False,45.0,10.0,0.40048322081565857,0.41769859194755554,0.8181818127632141,officehome,2,BN_adapt,logits,65,0.9097127318382263,0.9097127318382263,0.3706606924533844,0.38053098320961,splits_officehome_BN_adapt_2_0_f475b82dfdbf.npz,f475b82dfdbf,False,False,,,,,,
iw_residual_dis2,2.0,0,731,893,184,226,0.9184782608695652,0.0,1.0,1.9264730215072632,0.5,0.5,0.6165152788162231,0.21659649908542633,31.0,85.0,12.0,44.0,0.04830751427984055,0.3141592920353982,158.0,26.0,155.0,71.0,ok,plugin,False,,112.21114049972498,118.0208970620211,1.9724414468176825,0.6619549369296831,1.4399547217567263,0.9014084507042254,0.16235534377127298,0.2106628580511135,0.7893371419488865,0.7893371419488865,False,9.0,4.0,0.6363636255264282,0.25,0.8863636255264282,officehome,2,BN_adapt,logits,65,0.9097127318382263,0.9097127318382263,0.3706606924533844,0.38053098320961,splits_officehome_BN_adapt_2_0_f475b82dfdbf.npz,f475b82dfdbf,False,False,0.07692307692307693,0.46153846153846156,0.4398699891657638,,,
iw_overlap_critic,5.0,0,731,893,184,226,0.9184782608695652,0.0,1.0,1.9264730215072632,0.5,0.5,0.6165152788162231,0.21659649908542633,213.0,7.0,108.0,6.0,0.06850401465754989,0.05752212389380531,178.0,6.0,213.0,13.0,ok,plugin,False,,172.25589367554196,100.43087448277339,4.468342338562604,0.7520010507728265,2.946685906461295,0.5384615384615384,0.030973451327433628,0.09947746598498353,0.9005225340150165,0.9005225340150165,False,47.0,12.0,0.6430217027664185,0.35697826743125916,1.0,officehome,2,BN_adapt,logits,65,0.9097127318382263,0.9097127318382263,0.3706606924533844,0.38053098320961,splits_officehome_BN_adapt_2_0_f475b82dfdbf.npz,f475b82dfdbf,False,False,,,,,,
iw_residual_dis2,5.0,0,731,893,184,226,0.9184782608695652,0.0,1.0,1.9264730215072632,0.5,0.5,0.6165152788162231,0.21659649908542633,6.0,7.0,1.0,6.0,0.06850401465754989,0.05752212389380531,178.0,6.0,213.0,13.0,ok,plugin,False,,172.25589367554196,100.43087448277339,4.468342338562604,0.7520010507728265,2.946685906461295,0.9230769230769231,0.005162241887905612,0.0736662565454555,0.9263337434545444,0.9263337434545444,False,1.0,17.0,1.0,0.0,1.0,officehome,2,BN_adapt,logits,65,0.9097127318382263,0.9097127318382263,0.3706606924533844,0.38053098320961,splits_officehome_BN_adapt_2_0_f475b82dfdbf.npz,f475b82dfdbf,False,False,0.16666666666666666,1.0,-0.07692307692307687,,,
dis2_reference,,0,731,893,184,226,0.9184782579541206,,,,,,,,,,,,,,,,,,ok,dis2_with_correction,True,0.2454478097046325,,,,,,,,0.4395440583213699,0.5604559416786301,0.3150081319739976,,46.0,15.0,0.3851831555366516,0.5321100950241089,0.9172932505607605,officehome,2,BN_adapt,logits,65,0.9097127318382263,0.9097127318382263,0.3706606924533844,0.38053098320961,splits_officehome_BN_adapt_2_0_f475b82dfdbf.npz,f475b82dfdbf,True,True,,,,0.01,0.6849918680260024,0.3580223162754905
iw_overlap_critic,1.0,0,731,507,184,128,0.9130434782608696,0.0,1.0,3.5556979179382324,0.5,0.5,0.5387670993804932,0.24126899242401123,140.0,102.0,74.0,52.0,0.04424679631218921,0.609375,128.0,56.0,50.0,78.0,ok,plugin,False,,87.7148478185615,120.40531284504874,0.9764753620229376,0.6510703306019496,0.952922683069398,0.9102564102564102,0.5546875,0.5989342963121892,0.4010657036878108,0.4010657036878108,False,46.0,24.0,0.4443626403808594,0.3825604319572449,0.8269230723381042,officehome,3,BN_adapt,logits,65,0.9069767594337463,0.9069767594337463,0.4615384638309479,0.453125,splits_officehome_BN_adapt_3_0_f475b82dfdbf.npz,f475b82dfdbf,True,True,,,,,,
iw_residual_dis2,1.0,0,731,507,184,128,0.9130434782608696,0.0,1.0,3.5556979179382324,0.5,0.5,0.5387670993804932,0.24126899242401123,79.0,102.0,35.0,52.0,0.04424679631218921,0.609375,128.0,56.0,50.0,78.0,ok,plugin,False,,87.7148478185615,120.40531284504874,0.9764753620229376,0.6510703306019496,0.952922683069398,0.8974358974358975,0.30747767857142855,0.35172447488361774,0.6482755251163823,0.6482755251163823,False,42.0,11.0,0.5137362480163574,0.4285714328289032,0.942307710647583,officehome,3,BN_adapt,logits,65,0.9069767594337463,0.9069767594337463,0.4615384638309479,0.453125,splits_officehome_BN_adapt_3_0_f475b82dfdbf.npz,f475b82dfdbf,False,False,0.07142857142857142,0.4642857142857143,0.43315018315018317,,,
iw_overlap_critic,2.0,0,731,507,184,128,0.9130434782608696,0.0,1.0,3.5556979179382324,0.5,0.5,0.5387670993804932,0.24126899242401123,206.0,12.0,105.0,5.0,0.06748564745416505,0.09375,174.0,10.0,116.0,12.0,ok,plugin,False,,149.42173556388266,149.44776516368748,1.8606487809513668,0.7979791465922329,1.5665758090150474,0.6666666666666666,0.0625,0.12998564745416505,0.8700143525458349,0.8700143525458349,False,22.0,5.0,0.5036543607711792,0.4963456392288208,1.0,officehome,3,BN_adapt,logits,65,0.9069767594337463,0.9069767594337463,0.4615384638309479,0.453125,splits_officehome_BN_adapt_3_0_f475b82dfdbf.npz,f475b82dfdbf,False,False,,,,,,
iw_residual_dis2,2.0,0,731,507,184,128,0.9130434782608696,0.0,1.0,3.5556979179382324,0.5,0.5,0.5387670993804932,0.24126899242401123,13.0,12.0,4.0,5.0,0.06748564745416505,0.09375,174.0,10.0,116.0,12.0,ok,plugin,False,,149.42173556388266,149.44776516368748,1.8606487809513668,0.7979791465922329,1.5665758090150474,0.75,0.06093749999999999,0.12842314745416505,0.871576852545835,0.871576852545835,False,35.0,1.0,0.75,0.25,1.0,officehome,3,BN_adapt,logits,65,0.9069767594337463,0.9069767594337463,0.4615384638309479,0.453125,splits_officehome_BN_adapt_3_0_f475b82dfdbf.npz,f475b82dfdbf,False,False,0.1,0.2,0.55,,,
iw_overlap_critic,5.0,0,731,507,184,128,0.9130434782608696,0.0,1.0,3.5556979179382324,0.5,0.5,0.5387670993804932,0.24126899242401123,,,,,0.0806337789606466,0.0,184.0,0.0,128.0,0.0,ok,plugin,False,,173.58305324345002,143.29303591941485,3.8199802151550712,0.8309879662683471,1.9818389330533097,,0.0,0.0806337789606466,0.9193662210393534,0.9193662210393534,False,,,,,,officehome,3,BN_adapt,logits,65,0.9069767594337463,0.9069767594337463,0.4615384638309479,0.453125,splits_officehome_BN_adapt_3_0_f475b82dfdbf.npz,f475b82dfdbf,False,False,,,,,,
iw_residual_dis2,5.0,0,731,507,184,128,0.9130434782608696,0.0,1.0,3.5556979179382324,0.5,0.5,0.5387670993804932,0.24126899242401123,,,,,0.0806337789606466,0.0,184.0,0.0,128.0,0.0,ok,plugin,False,,173.58305324345002,143.29303591941485,3.8199802151550712,0.8309879662683471,1.9818389330533097,,0.0,0.0806337789606466,0.9193662210393534,0.9193662210393534,False,,,,,,officehome,3,BN_adapt,logits,65,0.9069767594337463,0.9069767594337463,0.4615384638309479,0.453125,splits_officehome_BN_adapt_3_0_f475b82dfdbf.npz,f475b82dfdbf,False,False,,,,,,
dis2_reference,,0,731,507,184,128,0.9130434766411781,,,,,,,,,,,,,,,,,,ok,dis2_with_correction,True,0.260854640964656,,,,,,,,0.47961956683708273,0.5203804331629173,0.2595257921982613,,48.0,24.0,0.28887009620666504,0.5137614607810974,0.8026315569877625,officehome,3,BN_adapt,logits,65,0.9069767594337463,0.9069767594337463,0.4615384638309479,0.453125,splits_officehome_BN_adapt_3_0_f475b82dfdbf.npz,f475b82dfdbf,True,True,,,,0.01,0.7404742078017388,0.39266304347826086
iw_overlap_critic,1.0,0,731,898,184,227,0.9239130434782609,0.0,1.0,54.598148345947266,0.5,0.5,0.516776978969574,0.2501116991043091,103.0,141.0,58.0,68.0,0.03745364944293872,0.5198237885462555,87.0,97.0,109.0,118.0,ok,plugin,False,,85.48183591424676,86.98645008118721,0.9999384231469803,0.9851765220418901,0.9979443384539417,0.9067796610169492,0.4713656387665199,0.5088192882094587,0.49118071179054135,0.49118071179054135,False,43.0,25.0,0.43051451444625854,0.46654433012008667,0.8970588445663452,officehome,1,DANN,logits,65,0.922024667263031,0.922024667263031,0.7193763852119446,0.7268722057342529,splits_officehome_DANN_1_0_f475b82dfdbf.npz,f475b82dfdbf,True,True,,,,,,
iw_residual_dis2,1.0,0,731,898,184,227,0.9239130434782609,0.0,1.0,54.598148345947266,0.5,0.5,0.516776978969574,0.2501116991043091,116.0,141.0,51.0,68.0,0.03745364944293872,0.5198237885462555,87.0,97.0,109.0,118.0,ok,plugin,False,,85.48183591424676,86.98645008118721,0.9999384231469803,0.9851765220418901,0.9979443384539417,0.7796610169491526,0.07838684772242158,0.1158404971653603,0.8841595028346397,0.8841595028346397,False,20.0,5.0,0.1764705777168274,0.5882353186607361,0.7647058963775635,officehome,1,DANN,logits,65,0.922024667263031,0.922024667263031,0.7193763852119446,0.7268722057342529,splits_officehome_DANN_1_0_f475b82dfdbf.npz,f475b82dfdbf,False,False,0.07216494845360824,0.7010309278350515,0.07863008911410108,,,
iw_overlap_critic,2.0,0,731,898,184,227,0.9239130434782609,0.0,1.0,54.598148345947266,0.5,0.5,0.516776978969574,0.2501116991043091,,,,,0.07597543998111349,0.0,184.0,0.0,227.0,0.0,ok,plugin,False,,184.23525362979393,183.901066334617,1.0869976501999623,1.000905368661038,1.040020008602836,,0.0,0.07597543998111349,0.9240245600188866,0.9240245600188866,False,,,,,,officehome,1,DANN,logits,65,0.922024667263031,0.922024667263031,0.7193763852119446,0.7268722057342529,splits_officehome_DANN_1_0_f475b82dfdbf.npz,f475b82dfdbf,False,False,,,,,,
iw_residual_dis2,2.0,0,731,898,184,227,0.9239130434782609,0.0,1.0,54.598148345947266,0.5,0.5,0.516776978969574,0.2501116991043091,,,,,0.07597543998111349,0.0,184.0,0.0,227.0,0.0,ok,plugin,False,,184.23525362979393,183.901066334617,1.0869976501999623,1.000905368661038,1.040020008602836,,0.0,0.07597543998111349,0.9240245600188866,0.9240245600188866,False,,,,,,officehome,1,DANN,logits,65,0.922024667263031,0.922024667263031,0.7193763852119446,0.7268722057342529,splits_officehome_DANN_1_0_f475b82dfdbf.npz,f475b82dfdbf,False,False,,,,,,
iw_overlap_critic,5.0,0,731,898,184,227,0.9239130434782609,0.0,1.0,54.598148345947266,0.5,0.5,0.516776978969574,0.2501116991043091,,,,,0.07597543998111349,0.0,184.0,0.0,227.0,0.0,ok,plugin,False,,184.23525362979393,183.901066334617,1.0869976501999623,1.000905368661038,1.040020008602836,,0.0,0.07597543998111349,0.9240245600188866,0.9240245600188866,False,,,,,,officehome,1,DANN,logits,65,0.922024667263031,0.922024667263031,0.7193763852119446,0.7268722057342529,splits_officehome_DANN_1_0_f475b82dfdbf.npz,f475b82dfdbf,False,False,,,,,,
iw_residual_dis2,5.0,0,731,898,184,227,0.9239130434782609,0.0,1.0,54.598148345947266,0.5,0.5,0.516776978969574,0.2501116991043091,,,,,0.07597543998111349,0.0,184.0,0.0,227.0,0.0,ok,plugin,False,,184.23525362979393,183.901066334617,1.0869976501999623,1.000905368661038,1.040020008602836,,0.0,0.07597543998111349,0.9240245600188866,0.9240245600188866,False,,,,,,officehome,1,DANN,logits,65,0.922024667263031,0.922024667263031,0.7193763852119446,0.7268722057342529,splits_officehome_DANN_1_0_f475b82dfdbf.npz,f475b82dfdbf,False,False,,,,,,
dis2_reference,,0,731,898,184,227,0.9239130392670631,,,,,,,,,,,,,,,,,,ok,dis2_with_correction,True,0.24535636192883933,,,,,,,,0.1723568324050303,0.8276431675949697,0.5822868056661303,,23.0,24.0,0.1689031720161438,0.6146789193153381,0.7835820913314819,officehome,1,DANN,logits,65,0.922024667263031,0.922024667263031,0.7193763852119446,0.7268722057342529,splits_officehome_DANN_1_0_f475b82dfdbf.npz,f475b82dfdbf,True,True,,,,0.01,0.41771319433386966,0.09626987167209344
iw_overlap_critic,1.0,0,731,893,184,226,0.9021739130434783,0.0,1.0,2.617790937423706,0.5,0.5,0.5187009572982788,0.24238869547843933,111.0,135.0,55.0,63.0,0.04873703952394266,0.5530973451327433,96.0,88.0,101.0,125.0,ok,plugin,False,,74.29106441559308,92.56432880872802,0.9996415226914503,0.7944700865282022,0.9757180469690647,0.928,0.5132743362831859,0.5620113758071286,0.43798862419287143,0.43798862419287143,False,27.0,24.0,0.3248481750488281,0.6434057950973511,0.9682539701461792,officehome,2,DANN,logits,65,0.915184736251831,0.915184736251831,0.44904816150665283,0.45132744312286377,splits_officehome_DANN_2_0_f475b82dfdbf.npz,f475b82dfdbf,True,True,,,,,,
iw_residual_dis2,1.0,0,731,893,184,226,0.9021739130434783,0.0,1.0,2.617790937423706,0.5,0.5,0.5187009572982788,0.24238869547843933,108.0,135.0,54.0,63.0,0.04873703952394266,0.5530973451327433,96.0,88.0,101.0,125.0,ok,plugin,False,,74.29106441559308,92.56432880872802,0.9996415226914503,0.7944700865282022,0.9757180469690647,0.792,0.09865245374094933,0.14738949326489198,0.852610506735108,0.852610506735108,False,26.0,23.0,0.25925928354263306,0.6296296119689941,0.8888888955116272,officehome,2,DANN,logits,65,0.915184736251831,0.915184736251831,0.44904816150665283,0.45132744312286377,splits_officehome_DANN_2_0_f475b82dfdbf.npz,f475b82dfdbf,False,False,0.07954545454545454,0.6931818181818182,0.0988181818181818,,,
iw_overlap_critic,2.0,0,731,893,184,226,0.9021739130434783,0.0,1.0,2.617790937423706,0.5,0.5,0.5187009572982788,0.24238869547843933,213.0,8.0,105.0,3.0,0.09315480243898018,0.01327433628318584,181.0,3.0,223.0,3.0,ok,plugin,False,,182.5660578058708,165.47893903159698,1.835073674231037,0.9749627851589491,1.5662171179942692,0.6666666666666666,0.008849557522123894,0.10200435996110407,0.897995640038896,0.897995640038896,False,30.0,4.0,0.5978224277496338,0.4021776020526886,1.0,officehome,2,DANN,logits,65,0.915184736251831,0.915184736251831,0.44904816150665283,0.45132744312286377,splits_officehome_DANN_2_0_f475b82dfdbf.npz,f475b82dfdbf,False,False,,,,,,
iw_residual_dis2,2.0,0,731,893,184,226,0.9021739130434783,0.0,1.0,2.617790937423706,0.5,0.5,0.5187009572982788,0.24238869547843933,6.0,8.0,4.0,3.0,0.09315480243898018,0.01327433628318584,181.0,3.0,223.0,3.0,ok,plugin,False,,182.5660578058708,165.47893903159698,1.835073674231037,0.9749627851589491,1.5662171179942692,1.0,0.008849557522123894,0.10200435996110407,0.897995640038896,0.897995640038896,False,0.0,20.0,0.25,0.75,1.0,officehome,2,DANN,logits,65,0.915184736251831,0.915184736251831,0.44904816150665283,0.45132744312286377,splits_officehome_DANN_2_0_f475b82dfdbf.npz,f475b82dfdbf,False,False,0.3333333333333333,0.6666666666666666,0.33333333333333337,,,
iw_overlap_critic,5.0,0,731,893,184,226,0.9021739130434783,0.0,1.0,2.617790937423706,0.5,0.5,0.5187009572982788,0.24238869547843933,,,,,0.1047238546381186,0.0,184.0,0.0,226.0,0.0,ok,plugin,False,,189.17538739620767,165.6582071028345,2.388911781376032,0.9793994916700876,1.6431432429612796,,0.0,0.1047238546381186,0.8952761453618814,0.8952761453618814,False,,,,,,officehome,2,DANN,logits,65,0.915184736251831,0.915184736251831,0.44904816150665283,0.45132744312286377,splits_officehome_DANN_2_0_f475b82dfdbf.npz,f475b82dfdbf,False,False,,,,,,
iw_residual_dis2,5.0,0,731,893,184,226,0.9021739130434783,0.0,1.0,2.617790937423706,0.5,0.5,0.5187009572982788,0.24238869547843933,,,,,0.1047238546381186,0.0,184.0,0.0,226.0,0.0,ok,plugin,False,,189.17538739620767,165.6582071028345,2.388911781376032,0.9793994916700876,1.6431432429612796,,0.0,0.1047238546381186,0.8952761453618814,0.8952761453618814,False,,,,,,officehome,2,DANN,logits,65,0.915184736251831,0.915184736251831,0.44904816150665283,0.45132744312286377,splits_officehome_DANN_2_0_f475b82dfdbf.npz,f475b82dfdbf,False,False,,,,,,
dis2_reference,,0,731,893,184,226,0.9021739140152931,,,,,,,,,,,,,,,,,,ok,dis2_with_correction,True,0.2454478097046325,,,,,,,,0.2737110417369193,0.7262889582630807,0.4808411485584482,,49.0,26.0,0.24246394634246826,0.6146789193153381,0.8571428656578064,officehome,2,DANN,logits,65,0.915184736251831,0.915184736251831,0.44904816150665283,0.45132744312286377,splits_officehome_DANN_2_0_f475b82dfdbf.npz,f475b82dfdbf,False,False,,,,0.01,0.5191588514415518,0.1758849557522124
iw_overlap_critic,1.0,0,731,507,184,128,0.9130434782608696,0.0,1.0,26.049518585205078,0.5,0.5,0.5082191228866577,0.2497924417257309,123.0,77.0,75.0,38.0,0.041673857474850286,0.53125,108.0,76.0,60.0,68.0,ok,plugin,False,,103.17527409061003,107.83853311928361,0.9993928458842307,0.966611071792373,0.9958150680017767,0.9411764705882353,0.5,0.5416738574748503,0.4583261425251497,0.4583261425251497,False,43.0,5.0,0.47677379846572876,0.4705946445465088,0.9473684430122375,officehome,3,DANN,logits,65,0.9056087732315063,0.9056087732315063,0.5364891290664673,0.5625,splits_officehome_DANN_3_0_f475b82dfdbf.npz,f475b82dfdbf,True,True,,,,,,
iw_residual_dis2,1.0,0,731,507,184,128,0.9130434782608696,0.0,1.0,26.049518585205078,0.5,0.5,0.5082191228866577,0.2497924417257309,96.0,77.0,34.0,38.0,0.041673857474850286,0.53125,108.0,76.0,60.0,68.0,ok,plugin,False,,103.17527409061003,107.83853311928361,0.9993928458842307,0.966611071792373,0.9958150680017767,0.8529411764705882,0.16652960526315788,0.20820346273800816,0.7917965372619918,0.7917965372619918,False,21.0,3.0,0.22136223316192627,0.6470588445663452,0.8684210777282715,officehome,3,DANN,logits,65,0.9056087732315063,0.9056087732315063,0.5364891290664673,0.5625,splits_officehome_DANN_3_0_f475b82dfdbf.npz,f475b82dfdbf,False,False,0.10526315789473684,0.6447368421052632,0.20820433436532504,,,
iw_overlap_critic,2.0,0,731,507,184,128,0.9130434782608696,0.0,1.0,26.049518585205078,0.5,0.5,0.5082191228866577,0.2497924417257309,,,,,0.0866913116969914,0.0,184.0,0.0,128.0,0.0,ok,plugin,False,,182.3591993506694,183.39954003699063,1.1721688523178841,0.9901303451797778,1.0828212096182739,,0.0,0.0866913116969914,0.9133086883030086,0.9133086883030086,False,,,,,,officehome,3,DANN,logits,65,0.9056087732315063,0.9056087732315063,0.5364891290664673,0.5625,splits_officehome_DANN_3_0_f475b82dfdbf.npz,f475b82dfdbf,False,False,,,,,,
iw_residual_dis2,2.0,0,731,507,184,128,0.9130434782608696,0.0,1.0,26.049518585205078,0.5,0.5,0.5082191228866577,0.2497924417257309,,,,,0.0866913116969914,0.0,184.0,0.0,128.0,0.0,ok,plugin,False,,182.3591993506694,183.39954003699063,1.1721688523178841,0.9901303451797778,1.0828212096182739,,0.0,0.0866913116969914,0.9133086883030086,0.9133086883030086,False,,,,,,officehome,3,DANN,logits,65,0.9056087732315063,0.9056087732315063,0.5364891290664673,0.5625,splits_officehome_DANN_3_0_f475b82dfdbf.npz,f475b82dfdbf,False,False,,,,,,
iw_overlap_critic,5.0,0,731,507,184,128,0.9130434782608696,0.0,1.0,26.049518585205078,0.5,0.5,0.5082191228866577,0.2497924417257309,,,,,0.0866913116969914,0.0,184.0,0.0,128.0,0.0,ok,plugin,False,,182.3591993506694,183.39954003699063,1.1721688523178841,0.9901303451797778,1.0828212096182739,,0.0,0.0866913116969914,0.9133086883030086,0.9133086883030086,False,,,,,,officehome,3,DANN,logits,65,0.9056087732315063,0.9056087732315063,0.5364891290664673,0.5625,splits_officehome_DANN_3_0_f475b82dfdbf.npz,f475b82dfdbf,False,False,,,,,,
iw_residual_dis2,5.0,0,731,507,184,128,0.9130434782608696,0.0,1.0,26.049518585205078,0.5,0.5,0.5082191228866577,0.2497924417257309,,,,,0.0866913116969914,0.0,184.0,0.0,128.0,0.0,ok,plugin,False,,182.3591993506694,183.39954003699063,1.1721688523178841,0.9901303451797778,1.0828212096182739,,0.0,0.0866913116969914,0.9133086883030086,0.9133086883030086,False,,,,,,officehome,3,DANN,logits,65,0.9056087732315063,0.9056087732315063,0.5364891290664673,0.5625,splits_officehome_DANN_3_0_f475b82dfdbf.npz,f475b82dfdbf,False,False,,,,,,
dis2_reference,,0,731,507,184,128,0.9130434766411781,,,,,,,,,,,,,,,,,,ok,dis2_with_correction,True,0.260854640964656,,,,,,,,0.25985054509795236,0.7401494549020476,0.47929481393739165,,32.0,0.0,0.25132787227630615,0.6697247624397278,0.9210526347160339,officehome,3,DANN,logits,65,0.9056087732315063,0.9056087732315063,0.5364891290664673,0.5625,splits_officehome_DANN_3_0_f475b82dfdbf.npz,f475b82dfdbf,True,True,,,,0.01,0.5207051860626084,0.1728940217391305
iw_overlap_critic,1.0,0,731,898,184,227,0.9130434782608696,0.0,1.0,3.740297317504883,0.5,0.5,0.5397875905036926,0.2456914186477661,148.0,162.0,74.0,70.0,0.05354149965147975,0.5859030837004405,120.0,64.0,94.0,133.0,ok,plugin,False,,97.44775098779084,117.2949062989523,0.9999990020207755,0.838600672212702,0.9714305245108616,0.9022556390977443,0.5286343612334802,0.5821758608849599,0.4178241391150401,0.4178241391150401,False,44.0,18.0,0.37369364500045776,0.5405920743942261,0.9142857193946838,officehome,1,CDANN,logits,65,0.9138167500495911,0.9138167500495911,0.730512261390686,0.7488986253738403,splits_officehome_CDANN_1_0_f475b82dfdbf.npz,f475b82dfdbf,True,True,,,,,,
iw_residual_dis2,1.0,0,731,898,184,227,0.9130434782608696,0.0,1.0,3.740297317504883,0.5,0.5,0.5397875905036926,0.2456914186477661,71.0,162.0,35.0,70.0,0.05354149965147975,0.5859030837004405,120.0,64.0,94.0,133.0,ok,plugin,False,,97.44775098779084,117.2949062989523,0.9999990020207755,0.838600672212702,0.9714305245108616,0.7443609022556391,0.07908865638766521,0.13263015603914496,0.867369843960855,0.867369843960855,False,23.0,13.0,0.19999998807907104,0.6571428775787354,0.8571428656578064,officehome,1,CDANN,logits,65,0.9138167500495911,0.9138167500495911,0.730512261390686,0.7488986253738403,splits_officehome_CDANN_1_0_f475b82dfdbf.npz,f475b82dfdbf,False,False,0.0625,0.671875,0.07248590225563911,,,
iw_overlap_critic,2.0,0,731,898,184,227,0.9130434782608696,0.0,1.0,3.740297317504883,0.5,0.5,0.5397875905036926,0.2456914186477661,218.0,8.0,108.0,1.0,0.07922430429060734,0.022026431718061675,183.0,1.0,222.0,5.0,ok,plugin,False,,174.14573748571604,171.57385407189167,1.9334006824552201,0.9123998371665012,1.3710156904308701,0.8,0.01762114537444934,0.09684544966505668,0.9031545503349433,0.9031545503349433,False,44.0,14.0,0.6963469982147217,0.3036530017852783,1.0,officehome,1,CDANN,logits,65,0.9138167500495911,0.9138167500495911,0.730512261390686,0.7488986253738403,splits_officehome_CDANN_1_0_f475b82dfdbf.npz,f475b82dfdbf,False,False,,,,,,
iw_residual_dis2,2.0,0,731,898,184,227,0.9130434782608696,0.0,1.0,3.740297317504883,0.5,0.5,0.5397875905036926,0.2456914186477661,1.0,8.0,1.0,1.0,0.07922430429060734,0.022026431718061675,183.0,1.0,222.0,5.0,ok,plugin,False,,174.14573748571604,171.57385407189167,1.9334006824552201,0.9123998371665012,1.3710156904308701,1.0,0.0,0.07922430429060734,0.9207756957093927,0.9207756957093927,False,0.0,0.0,0.0,1.0,1.0,officehome,1,CDANN,logits,65,0.9138167500495911,0.9138167500495911,0.730512261390686,0.7488986253738403,splits_officehome_CDANN_1_0_f475b82dfdbf.npz,f475b82dfdbf,False,False,0.0,1.0,0.0,,,
iw_overlap_critic,5.0,0,731,898,184,227,0.9130434782608696,0.0,1.0,3.740297317504883,0.5,0.5,0.5397875905036926,0.2456914186477661,,,,,0.07922430429060734,0.0,184.0,0.0,227.0,0.0,ok,plugin,False,,176.71139699383244,170.32358066596655,2.5656595081163878,0.9125769084305496,1.3868866457095406,,0.0,0.07922430429060734,0.9207756957093927,0.9207756957093927,False,,,,,,officehome,1,CDANN,logits,65,0.9138167500495911,0.9138167500495911,0.730512261390686,0.7488986253738403,splits_officehome_CDANN_1_0_f475b82dfdbf.npz,f475b82dfdbf,False,False,,,,,,
iw_residual_dis2,5.0,0,731,898,184,227,0.9130434782608696,0.0,1.0,3.740297317504883,0.5,0.5,0.5397875905036926,0.2456914186477661,,,,,0.07922430429060734,0.0,184.0,0.0,227.0,0.0,ok,plugin,False,,176.71139699383244,170.32358066596655,2.5656595081163878,0.9125769084305496,1.3868866457095406,,0.0,0.07922430429060734,0.9207756957093927,0.9207756957093927,False,,,,,,officehome,1,CDANN,logits,65,0.9138167500495911,0.9138167500495911,0.730512261390686,0.7488986253738403,splits_officehome_CDANN_1_0_f475b82dfdbf.npz,f475b82dfdbf,False,False,,,,,,
dis2_reference,,0,731,898,184,227,0.9130434766411781,,,,,,,,,,,,,,,,,,ok,dis2_with_correction,True,0.24535636192883933,,,,,,,,0.1764748148738573,0.8235251851261427,0.5781688231973033,,21.0,17.0,0.1712309718132019,0.642201840877533,0.8134328126907349,officehome,1,CDANN,logits,65,0.9138167500495911,0.9138167500495911,0.730512261390686,0.7488986253738403,splits_officehome_CDANN_1_0_f475b82dfdbf.npz,f475b82dfdbf,True,True,,,,0.01,0.42183117680269666,0.08951829151503543
iw_overlap_critic,1.0,0,731,893,184,226,0.8913043478260869,0.0,1.0,0.9094792604446411,0.5,0.5,0.7025550603866577,0.18405568599700928,172.0,178.0,85.0,96.0,0.023105001976055077,0.6991150442477876,136.0,48.0,68.0,158.0,ok,plugin,False,,49.673966340493884,92.90856238607421,0.9939076505870079,0.28727722219367285,0.8746519937614969,0.930379746835443,0.6504424778761061,0.6735474798521611,0.3264525201478389,0.3264525201478389,False,10.0,5.0,0.18809360265731812,0.7494063973426819,0.9375,officehome,2,CDANN,logits,65,0.9015048146247864,0.9015048146247864,0.4501679837703705,0.45132744312286377,splits_officehome_CDANN_2_0_f475b82dfdbf.npz,f475b82dfdbf,True,True,,,,,,
iw_residual_dis2,1.0,0,731,893,184,226,0.8913043478260869,0.0,1.0,0.9094792604446411,0.5,0.5,0.7025550603866577,0.18405568599700928,47.0,178.0,24.0,96.0,0.023105001976055077,0.6991150442477876,136.0,48.0,68.0,158.0,ok,plugin,False,,49.673966340493884,92.90856238607421,0.9939076505870079,0.28727722219367285,0.8746519937614969,0.8354430379746836,0.19081858407079638,0.21392358604685147,0.7860764139531485,0.7860764139531485,False,39.0,11.0,0.4895833432674408,0.4583333432674408,0.9479166865348816,officehome,2,CDANN,logits,65,0.9015048146247864,0.9015048146247864,0.4501679837703705,0.45132744312286377,splits_officehome_CDANN_2_0_f475b82dfdbf.npz,f475b82dfdbf,False,False,0.20833333333333334,0.7708333333333334,0.06460970464135019,,,
iw_overlap_critic,2.0,0,731,893,184,226,0.8913043478260869,0.0,1.0,0.9094792604446411,0.5,0.5,0.7025550603866577,0.18405568599700928,200.0,119.0,99.0,73.0,0.07137084277419865,0.4823008849557522,165.0,19.0,117.0,109.0,ok,plugin,False,,87.73429802641188,98.23613620064572,1.9939822721595453,0.3541240294537175,1.3825622656253547,0.8440366972477065,0.40707964601769914,0.4784504887918978,0.5215495112081022,0.5215495112081022,False,48.0,12.0,0.2302723526954651,0.6738372445106506,0.9041095972061157,officehome,2,CDANN,logits,65,0.9015048146247864,0.9015048146247864,0.4501679837703705,0.45132744312286377,splits_officehome_CDANN_2_0_f475b82dfdbf.npz,f475b82dfdbf,False,False,,,,,,
iw_residual_dis2,2.0,0,731,893,184,226,0.8913043478260869,0.0,1.0,0.9094792604446411,0.5,0.5,0.7025550603866577,0.18405568599700928,19.0,119.0,10.0,73.0,0.07137084277419865,0.4823008849557522,165.0,19.0,117.0,109.0,ok,plugin,False,,87.73429802641188,98.23613620064572,1.9939822721595453,0.3541240294537175,1.3825622656253547,0.8715596330275229,0.14112715416860733,0.21249799694280597,0.787502003057194,0.787502003057194,False,15.0,14.0,0.517808198928833,0.4000000059604645,0.9178082346916199,officehome,2,CDANN,logits,65,0.9015048146247864,0.9015048146247864,0.4501679837703705,0.45132744312286377,splits_officehome_CDANN_2_0_f475b82dfdbf.npz,f475b82dfdbf,False,False,0.15789473684210525,0.7368421052631579,0.13471752776436507,,,
iw_overlap_critic,5.0,0,731,893,184,226,0.8913043478260869,0.0,1.0,0.9094792604446411,0.5,0.5,0.7025550603866577,0.18405568599700928,215.0,60.0,106.0,36.0,0.11009206683309349,0.18141592920353983,180.0,4.0,185.0,41.0,ok,plugin,False,,134.44369971467955,77.5381490184207,4.517133568803152,0.42196123582124295,2.6154076527305805,0.8292682926829268,0.15044247787610618,0.2605345447091997,0.7394654552908003,0.7394654552908003,False,43.0,9.0,0.4424287974834442,0.4186823070049286,0.8611111044883728,officehome,2,CDANN,logits,65,0.9015048146247864,0.9015048146247864,0.4501679837703705,0.45132744312286377,splits_officehome_CDANN_2_0_f475b82dfdbf.npz,f475b82dfdbf,False,False,,,,,,
iw_residual_dis2,5.0,0,731,893,184,226,0.8913043478260869,0.0,1.0,0.9094792604446411,0.5,0.5,0.7025550603866577,0.18405568599700928,4.0,60.0,3.0,36.0,0.11009206683309349,0.18141592920353983,180.0,4.0,185.0,41.0,ok,plugin,False,,134.44369971467955,77.5381490184207,4.517133568803152,0.42196123582124295,2.6154076527305805,0.8536585365853658,0.0641592920353982,0.1742513588684917,0.8257486411315083,0.8257486411315083,False,0.0,4.0,0.611111044883728,0.3333333432674408,0.9444444179534912,officehome,2,CDANN,logits,65,0.9015048146247864,0.9015048146247864,0.4501679837703705,0.45132744312286377,splits_officehome_CDANN_2_0_f475b82dfdbf.npz,f475b82dfdbf,False,False,0.25,0.75,0.10365853658536583,,,
dis2_reference,,0,731,893,184,226,0.8913043439388275,,,,,,,,,,,,,,,,,,ok,dis2_with_correction,True,0.2454478097046325,,,,,,,,0.2462966564459358,0.7537033435540642,0.5082555338494317,,45.0,15.0,0.21418225765228271,0.6880733966827393,0.902255654335022,officehome,2,CDANN,logits,65,0.9015048146247864,0.9015048146247864,0.4501679837703705,0.45132744312286377,splits_officehome_CDANN_2_0_f475b82dfdbf.npz,f475b82dfdbf,False,False,,,,0.01,0.4917444661505683,0.1376010003847633
iw_overlap_critic,1.0,0,731,507,184,128,0.9130434782608696,0.0,1.0,1.5892244577407837,0.5,0.5,0.7230136394500732,0.19719639420509338,156.0,98.0,87.0,53.0,0.02853618703618761,0.671875,135.0,49.0,42.0,86.0,ok,plugin,False,,64.45434983345262,108.82871716562784,0.9787701002979066,0.4262889622614401,0.9059269812735572,0.9069767441860465,0.609375,0.6379111870361877,0.36208881296381235,0.36208881296381235,False,46.0,4.0,0.28784048557281494,0.6178199052810669,0.9056603908538818,officehome,3,CDANN,logits,65,0.9138167500495911,0.9138167500495911,0.5364891290664673,0.5546875,splits_officehome_CDANN_3_0_f475b82dfdbf.npz,f475b82dfdbf,True,True,,,,,,
iw_residual_dis2,1.0,0,731,507,184,128,0.9130434782608696,0.0,1.0,1.5892244577407837,0.5,0.5,0.7230136394500732,0.19719639420509338,63.0,98.0,22.0,53.0,0.02853618703618761,0.671875,135.0,49.0,42.0,86.0,ok,plugin,False,,64.45434983345262,108.82871716562784,0.9787701002979066,0.4262889622614401,0.9059269812735572,0.9186046511627907,0.28810586734693877,0.31664205438312637,0.6833579456168737,0.6833579456168737,False,45.0,9.0,0.30360203981399536,0.5454545617103577,0.849056601524353,officehome,3,CDANN,logits,65,0.9138167500495911,0.9138167500495911,0.5364891290664673,0.5546875,splits_officehome_CDANN_3_0_f475b82dfdbf.npz,f475b82dfdbf,False,False,0.12244897959183673,0.6122448979591837,0.306359753203607,,,
iw_overlap_critic,2.0,0,731,507,184,128,0.9130434782608696,0.0,1.0,1.5892244577407837,0.5,0.5,0.7230136394500732,0.19719639420509338,201.0,58.0,103.0,30.0,0.07212526864022711,0.390625,167.0,17.0,78.0,50.0,ok,plugin,False,,110.51049184886871,113.8264380819019,1.9572967925383926,0.5039644809719348,1.5475299225102335,0.94,0.3671875,0.4393127686402271,0.5606872313597728,0.5606872313597728,False,42.0,5.0,0.3073161244392395,0.5260171890258789,0.8333333134651184,officehome,3,CDANN,logits,65,0.9138167500495911,0.9138167500495911,0.5364891290664673,0.5546875,splits_officehome_CDANN_3_0_f475b82dfdbf.npz,f475b82dfdbf,False,False,,,,,,
iw_residual_dis2,2.0,0,731,507,184,128,0.9130434782608696,0.0,1.0,1.5892244577407837,0.5,0.5,0.7230136394500732,0.19719639420509338,18.0,58.0,6.0,30.0,0.07212526864022711,0.390625,167.0,17.0,78.0,50.0,ok,plugin,False,,110.51049184886871,113.8264380819019,1.9572967925383926,0.5039644809719348,1.5475299225102335,0.92,0.0376838235294118,0.10980909216963891,0.8901909078303611,0.8901909078303611,False,5.0,5.0,0.36666667461395264,0.5,0.8666666746139526,officehome,3,CDANN,logits,65,0.9138167500495911,0.9138167500495911,0.5364891290664673,0.5546875,splits_officehome_CDANN_3_0_f475b82dfdbf.npz,f475b82dfdbf,False,False,0.0,0.8235294117647058,0.0964705882352942,,,
iw_overlap_critic,5.0,0,731,507,184,128,0.9130434782608696,0.0,1.0,1.5892244577407837,0.5,0.5,0.7230136394500732,0.19719639420509338,215.0,15.0,108.0,8.0,0.07212526864022711,0.109375,179.0,5.0,114.0,14.0,ok,plugin,False,,144.23395902188918,99.68640523384981,4.438670191682302,0.5524659738709136,2.1942672283823605,0.7142857142857143,0.078125,0.1502502686402271,0.8497497313597728,0.8497497313597728,False,43.0,4.0,0.4019370675086975,0.4730629324913025,0.875,officehome,3,CDANN,logits,65,0.9138167500495911,0.9138167500495911,0.5364891290664673,0.5546875,splits_officehome_CDANN_3_0_f475b82dfdbf.npz,f475b82dfdbf,False,False,,,,,,
iw_residual_dis2,5.0,0,731,507,184,128,0.9130434782608696,0.0,1.0,1.5892244577407837,0.5,0.5,0.7230136394500732,0.19719639420509338,4.0,15.0,1.0,8.0,0.07212526864022711,0.109375,179.0,5.0,114.0,14.0,ok,plugin,False,,144.23395902188918,99.68640523384981,4.438670191682302,0.5524659738709136,2.1942672283823605,1.0,0.021874999999999995,0.0940002686402271,0.9059997313597729,0.9059997313597729,False,0.0,4.0,1.0,0.0,1.0,officehome,3,CDANN,logits,65,0.9138167500495911,0.9138167500495911,0.5364891290664673,0.5546875,splits_officehome_CDANN_3_0_f475b82dfdbf.npz,f475b82dfdbf,False,False,0.0,0.8,0.19999999999999996,,,
dis2_reference,,0,731,507,184,128,0.9130434766411781,,,,,,,,,,,,,,,,,,ok,dis2_with_correction,True,0.260854640964656,,,,,,,,0.2595108711849088,0.7404891288150912,0.4796344878504352,,31.0,4.0,0.2326170802116394,0.5963302850723267,0.8289473652839661,officehome,3,CDANN,logits,65,0.9138167500495911,0.9138167500495911,0.5364891290664673,0.5546875,splits_officehome_CDANN_3_0_f475b82dfdbf.npz,f475b82dfdbf,True,True,,,,0.01,0.5203655121495647,0.17255434782608692
iw_overlap_critic,1.0,0,731,898,184,227,0.907608695652174,0.0,1.0,4.7595109939575195,0.5,0.5,0.5385562181472778,0.24676793813705444,115.0,147.0,74.0,74.0,0.04737694338231687,0.5638766519823789,114.0,70.0,99.0,128.0,ok,plugin,False,,97.10174644370022,112.28337554561011,0.9996034869979924,0.8632189257253209,0.9898740968903302,0.8828125,0.49779735682819387,0.5451743002105107,0.4548256997894893,0.4548256997894893,False,34.0,5.0,0.5111685991287231,0.4753178656101227,0.9864864945411682,officehome,1,FixMatch,logits,65,0.916552722454071,0.916552722454071,0.7171492576599121,0.700440526008606,splits_officehome_FixMatch_1_0_f475b82dfdbf.npz,f475b82dfdbf,True,True,,,,,,
iw_residual_dis2,1.0,0,731,898,184,227,0.907608695652174,0.0,1.0,4.7595109939575195,0.5,0.5,0.5385562181472778,0.24676793813705444,104.0,147.0,35.0,74.0,0.04737694338231687,0.5638766519823789,114.0,70.0,99.0,128.0,ok,plugin,False,,97.10174644370022,112.28337554561011,0.9996034869979924,0.8632189257253209,0.9898740968903302,0.75,0.20541220893643802,0.2527891523187549,0.7472108476812451,0.7472108476812451,False,40.0,9.0,0.27104249596595764,0.48571428656578064,0.7567567825317383,officehome,1,FixMatch,logits,65,0.916552722454071,0.916552722454071,0.7171492576599121,0.700440526008606,splits_officehome_FixMatch_1_0_f475b82dfdbf.npz,f475b82dfdbf,False,False,0.1,0.4857142857142857,0.2642857142857143,,,
iw_overlap_critic,2.0,0,731,898,184,227,0.907608695652174,0.0,1.0,4.7595109939575195,0.5,0.5,0.5385562181472778,0.24676793813705444,,,,,0.09269466926150634,0.0,183.0,1.0,227.0,0.0,ok,plugin,False,,181.54054262907817,173.29036204798936,1.9228935309400543,0.9562656369565711,1.423474029376836,,0.0,0.09269466926150634,0.9073053307384936,0.9073053307384936,False,,,,,,officehome,1,FixMatch,logits,65,0.916552722454071,0.916552722454071,0.7171492576599121,0.700440526008606,splits_officehome_FixMatch_1_0_f475b82dfdbf.npz,f475b82dfdbf,False,False,,,,,,
iw_residual_dis2,2.0,0,731,898,184,227,0.907608695652174,0.0,1.0,4.7595109939575195,0.5,0.5,0.5385562181472778,0.24676793813705444,,,,,0.09269466926150634,0.0,183.0,1.0,227.0,0.0,ok,plugin,False,,181.54054262907817,173.29036204798936,1.9228935309400543,0.9562656369565711,1.423474029376836,,0.0,0.09269466926150634,0.9073053307384936,0.9073053307384936,False,,,,,,officehome,1,FixMatch,logits,65,0.916552722454071,0.916552722454071,0.7171492576599121,0.700440526008606,splits_officehome_FixMatch_1_0_f475b82dfdbf.npz,f475b82dfdbf,False,False,,,,,,
iw_overlap_critic,5.0,0,731,898,184,227,0.907608695652174,0.0,1.0,4.7595109939575195,0.5,0.5,0.5385562181472778,0.24676793813705444,,,,,0.09269466926150634,0.0,184.0,0.0,227.0,0.0,ok,plugin,False,,184.28763983950165,171.75909451968812,2.747097210423497,0.9574992426656395,1.4286409252029033,,0.0,0.09269466926150634,0.9073053307384936,0.9073053307384936,False,,,,,,officehome,1,FixMatch,logits,65,0.916552722454071,0.916552722454071,0.7171492576599121,0.700440526008606,splits_officehome_FixMatch_1_0_f475b82dfdbf.npz,f475b82dfdbf,False,False,,,,,,
iw_residual_dis2,5.0,0,731,898,184,227,0.907608695652174,0.0,1.0,4.7595109939575195,0.5,0.5,0.5385562181472778,0.24676793813705444,,,,,0.09269466926150634,0.0,184.0,0.0,227.0,0.0,ok,plugin,False,,184.28763983950165,171.75909451968812,2.747097210423497,0.9574992426656395,1.4286409252029033,,0.0,0.09269466926150634,0.9073053307384936,0.9073053307384936,False,,,,,,officehome,1,FixMatch,logits,65,0.916552722454071,0.916552722454071,0.7171492576599121,0.700440526008606,splits_officehome_FixMatch_1_0_f475b82dfdbf.npz,f475b82dfdbf,False,False,,,,,,
dis2_reference,,0,731,898,184,227,0.9076086953282356,,,,,,,,,,,,,,,,,,ok,dis2_with_correction,True,0.24535636192883933,,,,,,,,0.19335376397074922,0.8066462360292508,0.5612898741004114,,16.0,20.0,0.19361907243728638,0.642201840877533,0.8358209133148193,officehome,1,FixMatch,logits,65,0.916552722454071,0.916552722454071,0.7171492576599121,0.700440526008606,splits_officehome_FixMatch_1_0_f475b82dfdbf.npz,f475b82dfdbf,True,True,,,,0.01,0.4387101258995886,0.10096245929898484
iw_overlap_critic,1.0,0,731,893,184,226,0.9021739130434783,0.0,1.0,1.9070706367492676,0.5,0.5,0.6944743394851685,0.206215038895607,132.0,167.0,73.0,81.0,0.03733710957682864,0.672566371681416,122.0,62.0,74.0,152.0,ok,plugin,False,,60.29490059787345,95.83592433368096,0.9958318521651099,0.48852501679234384,0.907255282029533,0.9276315789473685,0.6238938053097346,0.6612309148865633,0.33876908511343673,0.33876908511343673,False,47.0,6.0,0.45338642597198486,0.472539484500885,0.9259259104728699,officehome,2,FixMatch,logits,65,0.9083447456359863,0.9083447456359863,0.4703247547149658,0.48672565817832947,splits_officehome_FixMatch_2_0_f475b82dfdbf.npz,f475b82dfdbf,True,True,,,,,,
iw_residual_dis2,1.0,0,731,893,184,226,0.9021739130434783,0.0,1.0,1.9070706367492676,0.5,0.5,0.6944743394851685,0.206215038895607,87.0,167.0,36.0,81.0,0.03733710957682864,0.672566371681416,122.0,62.0,74.0,152.0,ok,plugin,False,,60.29490059787345,95.83592433368096,0.9958318521651099,0.48852501679234384,0.907255282029533,0.7828947368421053,0.2553525549528976,0.2926896645297262,0.7073103354702738,0.7073103354702738,False,44.0,11.0,0.34259259700775146,0.5833333134651184,0.9259259104728699,officehome,2,FixMatch,logits,65,0.9083447456359863,0.9083447456359863,0.4703247547149658,0.48672565817832947,splits_officehome_FixMatch_2_0_f475b82dfdbf.npz,f475b82dfdbf,False,False,0.08064516129032258,0.4838709677419355,0.2990237691001698,,,
iw_overlap_critic,2.0,0,731,893,184,226,0.9021739130434783,0.0,1.0,1.9070706367492676,0.5,0.5,0.6944743394851685,0.206215038895607,184.0,81.0,98.0,38.0,0.06650225176171723,0.3141592920353982,160.0,24.0,155.0,71.0,ok,plugin,False,,115.96159439635474,109.70999425643609,1.9725279585344502,0.5771166087858715,1.7526620486056632,0.9295774647887324,0.2920353982300885,0.3585376499918057,0.6414623500081943,0.6414623500081943,False,37.0,24.0,0.419023334980011,0.47571349143981934,0.8947368264198303,officehome,2,FixMatch,logits,65,0.9083447456359863,0.9083447456359863,0.4703247547149658,0.48672565817832947,splits_officehome_FixMatch_2_0_f475b82dfdbf.npz,f475b82dfdbf,False,False,,,,,,
iw_residual_dis2,2.0,0,731,893,184,226,0.9021739130434783,0.0,1.0,1.9070706367492676,0.5,0.5,0.6944743394851685,0.206215038895607,35.0,81.0,11.0,38.0,0.06650225176171723,0.3141592920353982,160.0,24.0,155.0,71.0,ok,plugin,False,,115.96159439635474,109.70999425643609,1.9725279585344502,0.5771166087858715,1.7526620486056632,0.7887323943661971,0.12997787610619466,0.19648012786791189,0.8035198721320881,0.8035198721320881,False,43.0,23.0,0.7655502557754517,0.1818181872367859,0.9473684430122375,officehome,2,FixMatch,logits,65,0.9083447456359863,0.9083447456359863,0.4703247547149658,0.48672565817832947,splits_officehome_FixMatch_2_0_f475b82dfdbf.npz,f475b82dfdbf,False,False,0.041666666666666664,0.4166666666666667,0.37206572769953045,,,
iw_overlap_critic,5.0,0,731,893,184,226,0.9021739130434783,0.0,1.0,1.9070706367492676,0.5,0.5,0.6944743394851685,0.206215038895607,212.0,9.0,108.0,4.0,0.08897037098737516,0.03982300884955752,183.0,1.0,217.0,9.0,ok,plugin,False,,183.16547910267187,102.33086138922795,4.505485465945328,0.7178704746093371,2.889675538638422,0.7777777777777778,0.030973451327433628,0.1199438223148088,0.8800561776851912,0.8800561776851912,False,25.0,19.0,0.4870513677597046,0.5129486322402954,1.0,officehome,2,FixMatch,logits,65,0.9083447456359863,0.9083447456359863,0.4703247547149658,0.48672565817832947,splits_officehome_FixMatch_2_0_f475b82dfdbf.npz,f475b82dfdbf,False,False,,,,,,
iw_residual_dis2,5.0,0,731,893,184,226,0.9021739130434783,0.0,1.0,1.9070706367492676,0.5,0.5,0.6944743394851685,0.206215038895607,7.0,9.0,1.0,4.0,0.08897037098737516,0.03982300884955752,183.0,1.0,217.0,9.0,ok,plugin,False,,183.16547910267187,102.33086138922795,4.505485465945328,0.7178704746093371,2.889675538638422,1.0,0.0,0.08897037098737516,0.9110296290126249,0.9110296290126249,False,1.0,25.0,1.0,0.0,1.0,officehome,2,FixMatch,logits,65,0.9083447456359863,0.9083447456359863,0.4703247547149658,0.48672565817832947,splits_officehome_FixMatch_2_0_f475b82dfdbf.npz,f475b82dfdbf,False,False,0.0,1.0,0.0,,,
dis2_reference,,0,731,893,184,226,0.9021739140152931,,,,,,,,,,,,,,,,,,ok,dis2_with_correction,True,0.2454478097046325,,,,,,,,0.3386879559346876,0.6613120440653124,0.4158642343606799,,37.0,7.0,0.32172173261642456,0.5504587292671204,0.8721804618835449,officehome,2,FixMatch,logits,65,0.9083447456359863,0.9083447456359863,0.4703247547149658,0.48672565817832947,splits_officehome_FixMatch_2_0_f475b82dfdbf.npz,f475b82dfdbf,True,True,,,,0.01,0.5841357656393201,0.2408618699499807
iw_overlap_critic,1.0,0,731,507,184,128,0.8967391304347826,0.0,1.0,2.8487038612365723,0.5,0.5,0.6667122840881348,0.22418326139450073,148.0,97.0,88.0,45.0,0.05070391927340981,0.625,135.0,49.0,48.0,80.0,ok,plugin,False,,78.05338181253794,118.12941075738244,0.9557701956876536,0.5742322366027948,0.9272388989078484,0.9125,0.5703125,0.6210164192734098,0.3789835807265902,0.3789835807265902,False,31.0,21.0,0.5153155326843262,0.4402400255203247,0.9555555582046509,officehome,3,FixMatch,logits,65,0.9083447456359863,0.9083447456359863,0.550295889377594,0.546875,splits_officehome_FixMatch_3_0_f475b82dfdbf.npz,f475b82dfdbf,True,True,,,,,,
iw_residual_dis2,1.0,0,731,507,184,128,0.8967391304347826,0.0,1.0,2.8487038612365723,0.5,0.5,0.6667122840881348,0.22418326139450073,71.0,97.0,21.0,45.0,0.05070391927340981,0.625,135.0,49.0,48.0,80.0,ok,plugin,False,,78.05338181253794,118.12941075738244,0.9557701956876536,0.5742322366027948,0.9272388989078484,0.9125,0.12388392857142855,0.17458784784483836,0.8254121521551616,0.8254121521551616,False,7.0,15.0,0.3333333134651184,0.6666666865348816,1.0,officehome,3,FixMatch,logits,65,0.9083447456359863,0.9083447456359863,0.550295889377594,0.546875,splits_officehome_FixMatch_3_0_f475b82dfdbf.npz,f475b82dfdbf,False,False,0.061224489795918366,0.7755102040816326,0.13698979591836735,,,
iw_overlap_critic,2.0,0,731,507,184,128,0.8967391304347826,0.0,1.0,2.8487038612365723,0.5,0.5,0.6667122840881348,0.22418326139450073,195.0,40.0,103.0,17.0,0.07330581484225995,0.2734375,167.0,17.0,93.0,35.0,ok,plugin,False,,122.17200771314833,130.11953228490307,1.9941277736685632,0.6540488573563206,1.5408273638485224,0.9142857142857143,0.25,0.32330581484225995,0.67669418515774,0.67669418515774,False,49.0,21.0,0.5628985166549683,0.3194544315338135,0.8823529481887817,officehome,3,FixMatch,logits,65,0.9083447456359863,0.9083447456359863,0.550295889377594,0.546875,splits_officehome_FixMatch_3_0_f475b82dfdbf.npz,f475b82dfdbf,False,False,,,,,,
iw_residual_dis2,2.0,0,731,507,184,128,0.8967391304347826,0.0,1.0,2.8487038612365723,0.5,0.5,0.6667122840881348,0.22418326139450073,24.0,40.0,6.0,17.0,0.07330581484225995,0.2734375,167.0,17.0,93.0,35.0,ok,plugin,False,,122.17200771314833,130.11953228490307,1.9941277736685632,0.6540488573563206,1.5408273638485224,0.8285714285714286,0.11397058823529414,0.1872764030775541,0.8127235969224459,0.8127235969224459,False,12.0,14.0,0.6078431606292725,0.3333333432674408,0.9411764740943909,officehome,3,FixMatch,logits,65,0.9083447456359863,0.9083447456359863,0.550295889377594,0.546875,splits_officehome_FixMatch_3_0_f475b82dfdbf.npz,f475b82dfdbf,False,False,0.0,0.4117647058823529,0.4168067226890757,,,
iw_overlap_critic,5.0,0,731,507,184,128,0.8967391304347826,0.0,1.0,2.8487038612365723,0.5,0.5,0.6667122840881348,0.22418326139450073,215.0,5.0,109.0,4.0,0.07330581484225995,0.046875,180.0,4.0,122.0,6.0,ok,plugin,False,,164.9363023435937,103.24597789355194,4.62262892198161,0.6718149219221876,2.637487768126028,0.6666666666666666,0.03125,0.10455581484225995,0.89544418515774,0.89544418515774,False,35.0,21.0,0.6201758980751038,0.37982410192489624,1.0,officehome,3,FixMatch,logits,65,0.9083447456359863,0.9083447456359863,0.550295889377594,0.546875,splits_officehome_FixMatch_3_0_f475b82dfdbf.npz,f475b82dfdbf,False,False,,,,,,
iw_residual_dis2,5.0,0,731,507,184,128,0.8967391304347826,0.0,1.0,2.8487038612365723,0.5,0.5,0.6667122840881348,0.22418326139450073,4.0,5.0,0.0,4.0,0.07330581484225995,0.046875,180.0,4.0,122.0,6.0,unsupported_critic_region,plugin,False,,164.9363023435937,103.24597789355194,4.62262892198161,0.6718149219221876,2.637487768126028,,,,,,,,,,,,officehome,3,FixMatch,logits,65,0.9083447456359863,0.9083447456359863,0.550295889377594,0.546875,splits_officehome_FixMatch_3_0_f475b82dfdbf.npz,f475b82dfdbf,,,,,,,,
dis2_reference,,0,731,507,184,128,0.89673912525177,,,,,,,,,,,,,,,,,,ok,dis2_with_correction,True,0.260854640964656,,,,,,,,0.4174592443134474,0.5825407556865526,0.3216861147218966,,38.0,26.0,0.37421536445617676,0.4678899049758911,0.8421052694320679,officehome,3,FixMatch,logits,65,0.9083447456359863,0.9083447456359863,0.550295889377594,0.546875,splits_officehome_FixMatch_3_0_f475b82dfdbf.npz,f475b82dfdbf,True,True,,,,0.01,0.6783138852781034,0.3141983695652174
iw_overlap_critic,1.0,0,24387,11083,6098,2773,0.9988520826500492,0.0,1.0,0.6295878887176514,0.5,0.5,0.7931813597679138,0.14758989214897156,5194.0,2981.0,2610.0,1476.0,0.0002409824274274438,0.8788315903353768,4252.0,1846.0,336.0,2437.0,ok,plugin,False,,984.904706966399,1880.5500459609348,0.9982420117575669,0.13094876993772703,0.8127892307742676,0.8756668034468609,0.7695636494771005,0.769804631904528,0.23019536809547203,0.23019536809547203,False,49.0,11.0,0.8161730766296387,0.06797325611114502,0.8841463327407837,visda,1,ERM-aug-imagenet,logits,12,0.9987698197364807,0.9987698197364807,0.3026256561279297,0.3047241270542145,splits_visda_ERM-aug-imagenet_1_0_f475b82dfdbf.npz,f475b82dfdbf,True,True,,,,,,
iw_residual_dis2,1.0,0,24387,11083,6098,2773,0.9988520826500492,0.0,1.0,0.6295878887176514,0.5,0.5,0.7931813597679138,0.14758989214897156,2122.0,2981.0,1048.0,1476.0,0.0002409824274274438,0.8788315903353768,4252.0,1846.0,336.0,2437.0,ok,plugin,False,,984.904706966399,1880.5500459609348,0.9982420117575669,0.13094876993772703,0.8127892307742676,0.8682806729585556,0.6897571732372096,0.6899981556646371,0.31000184433536293,0.31000184433536293,False,49.0,27.0,0.7711113691329956,0.09541984647512436,0.8665311932563782,visda,1,ERM-aug-imagenet,logits,12,0.9987698197364807,0.9987698197364807,0.3026256561279297,0.3047241270542145,splits_visda_ERM-aug-imagenet_1_0_f475b82dfdbf.npz,f475b82dfdbf,False,False,0.0010834236186348862,0.08450704225352113,0.7837736307050345,,,
iw_overlap_critic,2.0,0,24387,11083,6098,2773,0.9988520826500492,0.0,1.0,0.6295878887176514,0.5,0.5,0.7931813597679138,0.14758989214897156,5939.0,2406.0,2969.0,1170.0,0.0007939876259773717,0.6880634691669671,4896.0,1202.0,865.0,1908.0,ok,plugin,False,,1917.3325166861646,1913.7076253146765,1.9985520535193222,0.18177664756574707,1.5651017279120054,0.9035639412997903,0.6217093400649116,0.622503327690889,0.377496672309111,0.377496672309111,False,49.0,1.0,0.837202787399292,0.05937838554382324,0.8965811729431152,visda,1,ERM-aug-imagenet,logits,12,0.9987698197364807,0.9987698197364807,0.3026256561279297,0.3047241270542145,splits_visda_ERM-aug-imagenet_1_0_f475b82dfdbf.npz,f475b82dfdbf,False,False,,,,,,
iw_residual_dis2,2.0,0,24387,11083,6098,2773,0.9988520826500492,0.0,1.0,0.6295878887176514,0.5,0.5,0.7931813597679138,0.14758989214897156,1377.0,2406.0,689.0,1170.0,0.0007939876259773717,0.6880634691669671,4896.0,1202.0,865.0,1908.0,ok,plugin,False,,1917.3325166861646,1913.7076253146765,1.9985520535193222,0.18177664756574707,1.5651017279120054,0.8941299790356394,0.5820171093615462,0.5828110969875235,0.41718890301247646,0.41718890301247646,False,49.0,27.0,0.8328817486763,0.055152393877506256,0.8880341649055481,visda,1,ERM-aug-imagenet,logits,12,0.9987698197364807,0.9987698197364807,0.3026256561279297,0.3047241270542145,splits_visda_ERM-aug-imagenet_1_0_f475b82dfdbf.npz,f475b82dfdbf,False,False,0.0,0.048252911813643926,0.8458770672219955,,,
iw_overlap_critic,5.0,0,24387,11083,6098,2773,0.9988520826500492,0.0,1.0,0.6295878887176514,0.5,0.5,0.7931813597679138,0.14758989214897156,6880.0,1265.0,3438.0,596.0,0.0007939876259773717,0.3461954561846376,5718.0,380.0,1813.0,960.0,ok,plugin,False,,4574.852901196243,1889.828498611287,4.988436208166504,0.27369955172347843,3.5907561614555417,0.9072916666666667,0.3141002524341868,0.3148942400601642,0.6851057599398358,0.6851057599398358,False,49.0,11.0,0.8204320073127747,0.09064177423715591,0.9110738039016724,visda,1,ERM-aug-imagenet,logits,12,0.9987698197364807,0.9987698197364807,0.3026256561279297,0.3047241270542145,splits_visda_ERM-aug-imagenet_1_0_f475b82dfdbf.npz,f475b82dfdbf,False,False,,,,,,
iw_residual_dis2,5.0,0,24387,11083,6098,2773,0.9988520826500492,0.0,1.0,0.6295878887176514,0.5,0.5,0.7931813597679138,0.14758989214897156,436.0,1265.0,220.0,596.0,0.0007939876259773717,0.3461954561846376,5718.0,380.0,1813.0,960.0,ok,plugin,False,,4574.852901196243,1889.828498611287,4.988436208166504,0.27369955172347843,3.5907561614555417,0.8697916666666666,0.27925294664718053,0.2800469342731579,0.719953065726842,0.719953065726842,False,48.0,19.0,0.8679987788200378,0.036363635212183,0.9043624401092529,visda,1,ERM-aug-imagenet,logits,12,0.9987698197364807,0.9987698197364807,0.3026256561279297,0.3047241270542145,splits_visda_ERM-aug-imagenet_1_0_f475b82dfdbf.npz,f475b82dfdbf,False,False,0.0,0.06315789473684211,0.8066337719298246,,,
dis2_reference,,0,24387,11083,6098,2773,0.9988520826445892,,,,,,,,,,,,,,,,,,ok,dis2_with_correction,True,0.04838125591420597,,,,,,,,0.6301897709506789,0.36981022904932115,0.3214289731351152,,49.0,22.0,0.6122541427612305,0.27884089946746826,0.8910950422286987,visda,1,ERM-aug-imagenet,logits,12,0.9987698197364807,0.9987698197364807,0.3026256561279297,0.3047241270542145,splits_visda_ERM-aug-imagenet_1_0_f475b82dfdbf.npz,f475b82dfdbf,False,False,,,,0.01,0.6785710268648848,0.6290418535952681
iw_overlap_critic,1.0,0,24387,14480,6098,3620,0.9988520826500492,0.0,1.0,0.7381821870803833,0.5,0.5,0.7854053974151611,0.15042263269424438,5351.0,3747.0,2681.0,1901.0,0.0003515021803281546,0.8671270718232044,4458.0,1640.0,481.0,3139.0,ok,plugin,False,,1035.5567514030413,2080.0018329782224,0.997144293319051,0.13706594140762907,0.7957559196986831,0.93819687798662,0.81353591160221,0.8138874137825381,0.18611258621746185,0.18611258621746185,False,49.0,11.0,0.7893019914627075,0.14915145933628082,0.9384534358978271,visda,2,ERM-aug-imagenet,logits,12,0.9987698197364807,0.9987698197364807,0.2653314769268036,0.26906076073646545,splits_visda_ERM-aug-imagenet_2_0_f475b82dfdbf.npz,f475b82dfdbf,True,True,,,,,,
iw_residual_dis2,1.0,0,24387,14480,6098,3620,0.9988520826500492,0.0,1.0,0.7381821870803833,0.5,0.5,0.7854053974151611,0.15042263269424438,1965.0,3747.0,977.0,1901.0,0.0003515021803281546,0.8671270718232044,4458.0,1640.0,481.0,3139.0,ok,plugin,False,,1035.5567514030413,2080.0018329782224,0.997144293319051,0.13706594140762907,0.7957559196986831,0.8773494743548901,0.6936240061986255,0.6939755083789537,0.3060244916210463,0.3060244916210463,False,49.0,27.0,0.7998434901237488,0.08495394140481949,0.8847974538803101,visda,2,ERM-aug-imagenet,logits,12,0.9987698197364807,0.9987698197364807,0.2653314769268036,0.26906076073646545,splits_visda_ERM-aug-imagenet_2_0_f475b82dfdbf.npz,f475b82dfdbf,False,False,0.0012195121951219512,0.07865853658536585,0.7986909377695243,,,
iw_overlap_critic,2.0,0,24387,14480,6098,3620,0.9988520826500492,0.0,1.0,0.7381821870803833,0.5,0.5,0.7854053974151611,0.15042263269424438,5994.0,2836.0,3029.0,1435.0,0.0003515021803281546,0.6693370165745857,4992.0,1106.0,1197.0,2423.0,ok,plugin,False,,1806.1446910519737,1952.5093226887197,1.9999015442614452,0.18242097412488323,1.4522286491301586,0.9372678497730087,0.6273480662983426,0.6276995684786708,0.3723004315213292,0.3723004315213292,False,49.0,1.0,0.8158747553825378,0.11722630262374878,0.9331010580062866,visda,2,ERM-aug-imagenet,logits,12,0.9987698197364807,0.9987698197364807,0.2653314769268036,0.26906076073646545,splits_visda_ERM-aug-imagenet_2_0_f475b82dfdbf.npz,f475b82dfdbf,False,False,,,,,,
iw_residual_dis2,2.0,0,24387,14480,6098,3620,0.9988520826500492,0.0,1.0,0.7381821870803833,0.5,0.5,0.7854053974151611,0.15042263269424438,1322.0,2836.0,629.0,1435.0,0.0003515021803281546,0.6693370165745857,4992.0,1106.0,1197.0,2423.0,ok,plugin,False,,1806.1446910519737,1952.5093226887197,1.9999015442614452,0.18242097412488323,1.4522286491301586,0.8968221213371853,0.5736480073531617,0.5739995095334899,0.4260004904665101,0.4260004904665101,False,49.0,22.0,0.83544921875,0.05723370611667633,0.8926829099655151,visda,2,ERM-aug-imagenet,logits,12,0.9987698197364807,0.9987698197364807,0.2653314769268036,0.26906076073646545,splits_visda_ERM-aug-imagenet_2_0_f475b82dfdbf.npz,f475b82dfdbf,False,False,0.0018083182640144665,0.04159132007233273,0.8552308012648526,,,
iw_overlap_critic,5.0,0,24387,14480,6098,3620,0.9988520826500492,0.0,1.0,0.7381821870803833,0.5,0.5,0.7854053974151611,0.15042263269424438,6834.0,1354.0,3427.0,696.0,0.0011126129671780647,0.32320441988950277,5690.0,408.0,2450.0,1170.0,ok,plugin,False,,4080.14152681239,1745.8855248839577,4.98506738216609,0.237601924071269,3.4106307886590432,0.9538461538461539,0.3082872928176796,0.30939990578485765,0.6906000942151423,0.6906000942151423,False,49.0,1.0,0.8299972414970398,0.11684183776378632,0.9468390941619873,visda,2,ERM-aug-imagenet,logits,12,0.9987698197364807,0.9987698197364807,0.2653314769268036,0.26906076073646545,splits_visda_ERM-aug-imagenet_2_0_f475b82dfdbf.npz,f475b82dfdbf,False,False,,,,,,
iw_residual_dis2,5.0,0,24387,14480,6098,3620,0.9988520826500492,0.0,1.0,0.7381821870803833,0.5,0.5,0.7854053974151611,0.15042263269424438,482.0,1354.0,231.0,696.0,0.0011126129671780647,0.32320441988950277,5690.0,408.0,2450.0,1170.0,ok,plugin,False,,4080.14152681239,1745.8855248839577,4.98506738216609,0.237601924071269,3.4106307886590432,0.905982905982906,0.2666761455963601,0.2677887585635382,0.7322112414364619,0.7322112414364619,False,49.0,19.0,0.7969286441802979,0.11255411058664322,0.9094827771186829,visda,2,ERM-aug-imagenet,logits,12,0.9987698197364807,0.9987698197364807,0.2653314769268036,0.26906076073646545,splits_visda_ERM-aug-imagenet_2_0_f475b82dfdbf.npz,f475b82dfdbf,False,False,0.0,0.08088235294117647,0.8251005530417295,,,
dis2_reference,,0,24387,14480,6098,3620,0.9988520826445892,,,,,,,,,,,,,,,,,,ok,dis2_with_correction,True,0.04632990722248082,,,,,,,,0.6559827604069319,0.34401723959306807,0.29768733237058725,,49.0,11.0,0.6509761810302734,0.2772006690502167,0.9281768202781677,visda,2,ERM-aug-imagenet,logits,12,0.9987698197364807,0.9987698197364807,0.2653314769268036,0.26906076073646545,splits_visda_ERM-aug-imagenet_2_0_f475b82dfdbf.npz,f475b82dfdbf,False,False,,,,0.01,0.7023126676294128,0.6548348430515212
iw_overlap_critic,1.0,0,24387,11083,6098,2773,0.977205641193834,0.0,1.0,0.7955639362335205,0.5,0.5,0.6661808490753174,0.20558814704418182,4198.0,2467.0,2133.0,1175.0,0.007527841442792603,0.7479264334655608,3414.0,2684.0,699.0,2074.0,ok,plugin,False,,1358.1218763412812,2254.0566101009967,0.9998692522361936,0.3242934604401926,0.9130695654592393,0.787367405978785,0.5888928957807429,0.5964207372235355,0.4035792627764645,0.4035792627764645,False,49.0,0.0,0.504169762134552,0.3034898042678833,0.8076595664024353,visda,1,BN_adapt,logits,12,0.9772009253501892,0.9772009253501892,0.44527655839920044,0.44284167885780334,splits_visda_BN_adapt_1_0_f475b82dfdbf.npz,f475b82dfdbf,True,True,,,,,,
iw_residual_dis2,1.0,0,24387,11083,6098,2773,0.977205641193834,0.0,1.0,0.7955639362335205,0.5,0.5,0.6661808490753174,0.20558814704418182,3118.0,2467.0,1525.0,1175.0,0.007527841442792603,0.7479264334655608,3414.0,2684.0,699.0,2074.0,ok,plugin,False,,1358.1218763412812,2254.0566101009967,0.9998692522361936,0.3242934604401926,0.9130695654592393,0.6788813886210222,0.4453332459102384,0.452861087353031,0.547138912646969,0.547138912646969,False,49.0,11.0,0.6263550519943237,0.09704917669296265,0.7234042286872864,visda,1,BN_adapt,logits,12,0.9772009253501892,0.9772009253501892,0.44527655839920044,0.44284167885780334,splits_visda_BN_adapt_1_0_f475b82dfdbf.npz,f475b82dfdbf,False,False,0.00819672131147541,0.09165424739195231,0.5872271412290699,,,
iw_overlap_critic,2.0,0,24387,11083,6098,2773,0.977205641193834,0.0,1.0,0.7955639362335205,0.5,0.5,0.6661808490753174,0.20558814704418182,6186.0,1214.0,3099.0,576.0,0.0113683341500222,0.3602596465921385,5068.0,1030.0,1774.0,999.0,ok,plugin,False,,3764.803472697208,3182.1172293546574,1.9998144085729141,0.6194441561365565,1.8054244959608277,0.7517517517517518,0.27082582041110714,0.28219415456112934,0.7178058454388707,0.7178058454388707,False,49.0,22.0,0.5972816348075867,0.17355166375637054,0.7708333134651184,visda,1,BN_adapt,logits,12,0.9772009253501892,0.9772009253501892,0.44527655839920044,0.44284167885780334,splits_visda_BN_adapt_1_0_f475b82dfdbf.npz,f475b82dfdbf,False,False,,,,,,
iw_residual_dis2,2.0,0,24387,11083,6098,2773,0.977205641193834,0.0,1.0,0.7955639362335205,0.5,0.5,0.6661808490753174,0.20558814704418182,1130.0,1214.0,559.0,576.0,0.0113683341500222,0.3602596465921385,5068.0,1030.0,1774.0,999.0,ok,plugin,False,,3764.803472697208,3182.1172293546574,1.9998144085729141,0.6194441561365565,1.8054244959608277,0.7797797797797797,0.22810842415945717,0.23947675830947937,0.7605232416905207,0.7605232416905207,False,49.0,11.0,0.6188817024230957,0.1484794318675995,0.7673611044883728,visda,1,BN_adapt,logits,12,0.9772009253501892,0.9772009253501892,0.44527655839920044,0.44284167885780334,splits_visda_BN_adapt_1_0_f475b82dfdbf.npz,f475b82dfdbf,False,False,0.0048543689320388345,0.15145631067961166,0.6283234691001681,,,
iw_overlap_critic,5.0,0,24387,11083,6098,2773,0.977205641193834,0.0,1.0,0.7955639362335205,0.5,0.5,0.6661808490753174,0.20558814704418182,7265.0,126.0,3613.0,54.0,0.013654404459872886,0.024882798413270825,6047.0,51.0,2704.0,69.0,ok,plugin,False,,6471.86857586452,3379.8307362129494,4.998464387070362,0.8229457308474805,2.9403933812535343,0.9565217391304348,0.023800937612693834,0.03745534207256672,0.9625446579274333,0.9625446579274333,False,49.0,11.0,0.8077545166015625,0.17372696101665497,0.9814814925193787,visda,1,BN_adapt,logits,12,0.9772009253501892,0.9772009253501892,0.44527655839920044,0.44284167885780334,splits_visda_BN_adapt_1_0_f475b82dfdbf.npz,f475b82dfdbf,False,False,,,,,,
iw_residual_dis2,5.0,0,24387,11083,6098,2773,0.977205641193834,0.0,1.0,0.7955639362335205,0.5,0.5,0.6661808490753174,0.20558814704418182,51.0,126.0,45.0,54.0,0.013654404459872886,0.024882798413270825,6047.0,51.0,2704.0,69.0,ok,plugin,False,,6471.86857586452,3379.8307362129494,4.998464387070362,0.8229457308474805,2.9403933812535343,0.8405797101449275,0.017012791412995054,0.03066719587286794,0.9693328041271321,0.9693328041271321,False,29.0,21.0,0.914814829826355,0.06666667014360428,0.9814814925193787,visda,1,BN_adapt,logits,12,0.9772009253501892,0.9772009253501892,0.44527655839920044,0.44284167885780334,splits_visda_BN_adapt_1_0_f475b82dfdbf.npz,f475b82dfdbf,False,False,0.0,0.1568627450980392,0.6837169650468883,,,
dis2_reference,,0,24387,11083,6098,2773,0.9772056415677071,,,,,,,,,,,,,,,,,,ok,dis2_with_correction,True,0.04838125591420597,,,,,,,,0.4487555521906409,0.5512444478093591,0.5028631918951532,,49.0,11.0,0.44359922409057617,0.2351011484861374,0.6787003874778748,visda,1,BN_adapt,logits,12,0.9772009253501892,0.9772009253501892,0.44527655839920044,0.44284167885780334,splits_visda_BN_adapt_1_0_f475b82dfdbf.npz,f475b82dfdbf,False,False,,,,0.01,0.49713680810484684,0.42596119375834796
iw_overlap_critic,1.0,0,24387,14480,6098,3620,0.9844211216792391,0.0,1.0,0.8300275802612305,0.5,0.5,0.6623316407203674,0.2120724320411682,4431.0,3069.0,2210.0,1533.0,0.004569671707157249,0.6928176795580111,3651.0,2447.0,1112.0,2508.0,ok,plugin,False,,1739.4282935002207,2712.914726858388,0.9993600506980518,0.46871895329055996,0.9346938299662112,0.8289473684210527,0.5743093922651934,0.5788790639723507,0.42112093602764933,0.42112093602764933,False,49.0,21.0,0.5468349456787109,0.28551992774009705,0.8323548436164856,visda,2,BN_adapt,logits,12,0.9826546907424927,0.9826546907424927,0.3984806537628174,0.3977900445461273,splits_visda_BN_adapt_2_0_f475b82dfdbf.npz,f475b82dfdbf,False,False,,,,,,
iw_residual_dis2,1.0,0,24387,14480,6098,3620,0.9844211216792391,0.0,1.0,0.8300275802612305,0.5,0.5,0.6623316407203674,0.2120724320411682,2885.0,3069.0,1448.0,1533.0,0.004569671707157249,0.6928176795580111,3651.0,2447.0,1112.0,2508.0,ok,plugin,False,,1739.4282935002207,2712.914726858388,0.9993600506980518,0.46871895329055996,0.9346938299662112,0.64792663476874,0.4041605799863177,0.408730251693475,0.591269748306525,0.591269748306525,False,49.0,22.0,0.5796118378639221,0.08770718425512314,0.6673189997673035,visda,2,BN_adapt,logits,12,0.9826546907424927,0.9826546907424927,0.3984806537628174,0.3977900445461273,splits_visda_BN_adapt_2_0_f475b82dfdbf.npz,f475b82dfdbf,False,False,0.010625255414793625,0.07519411524315488,0.5727325195255851,,,
iw_overlap_critic,2.0,0,24387,14480,6098,3620,0.9844211216792391,0.0,1.0,0.8300275802612305,0.5,0.5,0.6623316407203674,0.2120724320411682,6348.0,1370.0,3181.0,650.0,0.009469817625280881,0.29392265193370165,5238.0,860.0,2556.0,1064.0,ok,plugin,False,,3979.103665369203,3597.453150683762,1.998257617521735,0.6811166559433581,1.7441830220384555,0.8646616541353384,0.2541436464088398,0.26361346403412067,0.7363865359658793,0.7363865359658793,False,49.0,11.0,0.6859322190284729,0.18176008760929108,0.8676922917366028,visda,2,BN_adapt,logits,12,0.9826546907424927,0.9826546907424927,0.3984806537628174,0.3977900445461273,splits_visda_BN_adapt_2_0_f475b82dfdbf.npz,f475b82dfdbf,False,False,,,,,,
iw_residual_dis2,2.0,0,24387,14480,6098,3620,0.9844211216792391,0.0,1.0,0.8300275802612305,0.5,0.5,0.6623316407203674,0.2120724320411682,968.0,1370.0,477.0,650.0,0.009469817625280881,0.29392265193370165,5238.0,860.0,2556.0,1064.0,ok,plugin,False,,3979.103665369203,3597.453150683762,1.998257617521735,0.6811166559433581,1.7441830220384555,0.7828947368421053,0.1849967878710009,0.19446660549628178,0.8055333945037182,0.8055333945037182,False,49.0,7.0,0.6357845067977905,0.17190775275230408,0.807692289352417,visda,2,BN_adapt,logits,12,0.9826546907424927,0.9826546907424927,0.3984806537628174,0.3977900445461273,splits_visda_BN_adapt_2_0_f475b82dfdbf.npz,f475b82dfdbf,False,False,0.005813953488372093,0.15930232558139534,0.62359241126071,,,
iw_overlap_critic,5.0,0,24387,14480,6098,3620,0.9844211216792391,0.0,1.0,0.8300275802612305,0.5,0.5,0.6623316407203674,0.2120724320411682,7283.0,99.0,3628.0,45.0,0.011496765005626127,0.019060773480662985,6073.0,25.0,3551.0,69.0,ok,plugin,False,,6355.328808170892,3496.6423391737353,4.982119171708617,0.8033128279615835,2.9768035395143277,0.9855072463768116,0.018784530386740335,0.030281295392366462,0.9697187046076335,0.9697187046076335,False,49.0,11.0,0.7820982336997986,0.19567956030368805,0.9777777791023254,visda,2,BN_adapt,logits,12,0.9826546907424927,0.9826546907424927,0.3984806537628174,0.3977900445461273,splits_visda_BN_adapt_2_0_f475b82dfdbf.npz,f475b82dfdbf,False,False,,,,,,
iw_residual_dis2,5.0,0,24387,14480,6098,3620,0.9844211216792391,0.0,1.0,0.8300275802612305,0.5,0.5,0.6623316407203674,0.2120724320411682,33.0,99.0,30.0,45.0,0.011496765005626127,0.019060773480662985,6073.0,25.0,3551.0,69.0,ok,plugin,False,,6355.328808170892,3496.6423391737353,4.982119171708617,0.8033128279615835,2.9768035395143277,0.8695652173913043,0.014287292817679558,0.025784057823305687,0.9742159421766943,0.9742159421766943,False,38.0,16.0,0.8222222328186035,0.13333334028720856,0.9555555582046509,visda,2,BN_adapt,logits,12,0.9826546907424927,0.9826546907424927,0.3984806537628174,0.3977900445461273,splits_visda_BN_adapt_2_0_f475b82dfdbf.npz,f475b82dfdbf,False,False,0.0,0.12,0.7495652173913043,,,
dis2_reference,,0,24387,14480,6098,3620,0.9844211209565401,,,,,,,,,,,,,,,,,,ok,dis2_with_correction,True,0.04632990722248082,,,,,,,,0.42141821772709676,0.5785817822729032,0.5322518750504224,,49.0,21.0,0.439319372177124,0.2720065712928772,0.7113259434700012,visda,2,BN_adapt,logits,12,0.9826546907424927,0.9826546907424927,0.3984806537628174,0.3977900445461273,splits_visda_BN_adapt_2_0_f475b82dfdbf.npz,f475b82dfdbf,False,False,,,,0.01,0.46774812494957757,0.40583933868363686
iw_overlap_critic,1.0,0,24387,11083,6098,2773,0.9996720236142997,0.0,1.0,1.103917121887207,0.5,0.5,0.5366796851158142,0.24356462061405182,3418.0,2071.0,1735.0,1006.0,0.00013740322676666393,0.6271186440677966,2769.0,3329.0,1034.0,1739.0,ok,plugin,False,,2078.9949522163756,2603.053221326687,0.9999917558605586,0.7842689903062505,0.9870473856941685,0.9108683151236343,0.571222502704652,0.5713599059314187,0.4286400940685813,0.4286400940685813,False,49.0,14.0,0.6522205471992493,0.246387779712677,0.8986083269119263,visda,1,DANN,logits,12,0.9995489120483398,0.9995489120483398,0.6463051438331604,0.6473133563995361,splits_visda_DANN_1_0_f475b82dfdbf.npz,f475b82dfdbf,True,True,,,,,,
iw_residual_dis2,1.0,0,24387,11083,6098,2773,0.9996720236142997,0.0,1.0,1.103917121887207,0.5,0.5,0.5366796851158142,0.24356462061405182,3898.0,2071.0,1923.0,1006.0,0.00013740322676666393,0.6271186440677966,2769.0,3329.0,1034.0,1739.0,ok,plugin,False,,2078.9949522163756,2603.053221326687,0.9999917558605586,0.7842689903062505,0.9870473856941685,0.7182288671650374,0.1540922059116809,0.15422960913844758,0.8457703908615524,0.8457703908615524,False,49.0,23.0,0.2749860882759094,0.4576182961463928,0.7326043844223022,visda,1,DANN,logits,12,0.9995489120483398,0.9995489120483398,0.6463051438331604,0.6473133563995361,splits_visda_DANN_1_0_f475b82dfdbf.npz,f475b82dfdbf,False,False,0.00030039050765995795,0.4728146590567738,0.24541420810826364,,,
iw_overlap_critic,2.0,0,24387,11083,6098,2773,0.9996720236142997,0.0,1.0,1.103917121887207,0.5,0.5,0.5366796851158142,0.24356462061405182,7312.0,21.0,3654.0,6.0,0.0003478814768960747,0.0025243418680129825,6095.0,3.0,2766.0,7.0,ok,plugin,False,,6067.25428791016,5647.957455074926,1.9866009084148843,1.0277820712184578,1.4119948698629852,0.8571428571428571,0.002163721601153985,0.0025116030780500597,0.9974883969219499,0.9974883969219499,False,49.0,21.0,0.5629996657371521,0.4370003342628479,1.0,visda,1,DANN,logits,12,0.9995489120483398,0.9995489120483398,0.6463051438331604,0.6473133563995361,splits_visda_DANN_1_0_f475b82dfdbf.npz,f475b82dfdbf,False,False,,,,,,
iw_residual_dis2,2.0,0,24387,11083,6098,2773,0.9996720236142997,0.0,1.0,1.103917121887207,0.5,0.5,0.5366796851158142,0.24356462061405182,4.0,21.0,4.0,6.0,0.0003478814768960747,0.0025243418680129825,6095.0,3.0,2766.0,7.0,ok,plugin,False,,6067.25428791016,5647.957455074926,1.9866009084148843,1.0277820712184578,1.4119948698629852,1.0,0.001682894578675322,0.0020307760555713966,0.9979692239444286,0.9979692239444286,False,0.0,19.0,0.75,0.25,1.0,visda,1,DANN,logits,12,0.9995489120483398,0.9995489120483398,0.6463051438331604,0.6473133563995361,splits_visda_DANN_1_0_f475b82dfdbf.npz,f475b82dfdbf,False,False,0.0,0.3333333333333333,0.6666666666666667,,,
iw_overlap_critic,5.0,0,24387,11083,6098,2773,0.9996720236142997,0.0,1.0,1.103917121887207,0.5,0.5,0.5366796851158142,0.24356462061405182,,,,,0.0003478814768960747,0.0,6098.0,0.0,2773.0,0.0,ok,plugin,False,,6073.6836341286435,5647.976278097956,2.2187844785412723,1.027865835775882,1.412643354233495,,0.0,0.0003478814768960747,0.9996521185231039,0.9996521185231039,False,,,,,,visda,1,DANN,logits,12,0.9995489120483398,0.9995489120483398,0.6463051438331604,0.6473133563995361,splits_visda_DANN_1_0_f475b82dfdbf.npz,f475b82dfdbf,False,False,,,,,,
iw_residual_dis2,5.0,0,24387,11083,6098,2773,0.9996720236142997,0.0,1.0,1.103917121887207,0.5,0.5,0.5366796851158142,0.24356462061405182,,,,,0.0003478814768960747,0.0,6098.0,0.0,2773.0,0.0,ok,plugin,False,,6073.6836341286435,5647.976278097956,2.2187844785412723,1.027865835775882,1.412643354233495,,0.0,0.0003478814768960747,0.9996521185231039,0.9996521185231039,False,,,,,,visda,1,DANN,logits,12,0.9995489120483398,0.9995489120483398,0.6463051438331604,0.6473133563995361,splits_visda_DANN_1_0_f475b82dfdbf.npz,f475b82dfdbf,False,False,,,,,,
dis2_reference,,0,24387,11083,6098,2773,0.9996720236085821,,,,,,,,,,,,,,,,,,ok,dis2_with_correction,True,0.04838125591420597,,,,,,,,0.12847892406339467,0.8715210759366053,0.8231398200223994,,48.0,21.0,0.17088770866394043,0.5210497379302979,0.6919374465942383,visda,1,DANN,logits,12,0.9995489120483398,0.9995489120483398,0.6463051438331604,0.6473133563995361,splits_visda_DANN_1_0_f475b82dfdbf.npz,f475b82dfdbf,False,False,,,,0.01,0.17686017997760065,0.12815094767197677
iw_overlap_critic,1.0,0,24387,14480,6098,3620,0.9998360118071499,0.0,1.0,1.1729421615600586,0.5,0.5,0.5155367255210876,0.2474791258573532,3555.0,2425.0,1782.0,1220.0,0.00013220363228841735,0.5533149171270718,3007.0,3091.0,1617.0,2003.0,ok,plugin,False,,2465.880338906817,2950.6217727696444,0.9996798605814213,0.8261567155986834,0.9834965622688772,0.9306040938592112,0.5149171270718231,0.5150493307041115,0.4849506692958885,0.4849506692958885,False,49.0,21.0,0.7937561273574829,0.14067013561725616,0.9344262480735779,visda,2,DANN,logits,12,0.9997539520263672,0.9997539520263672,0.6546961069107056,0.6544198393821716,splits_visda_DANN_2_0_f475b82dfdbf.npz,f475b82dfdbf,True,True,,,,,,
iw_residual_dis2,1.0,0,24387,14480,6098,3620,0.9998360118071499,0.0,1.0,1.1729421615600586,0.5,0.5,0.5155367255210876,0.2474791258573532,3761.0,2425.0,1876.0,1220.0,0.00013220363228841735,0.5533149171270718,3007.0,3091.0,1617.0,2003.0,ok,plugin,False,,2465.880338906817,2950.6217727696444,0.9996798605814213,0.8261567155986834,0.9834965622688772,0.6769845232151772,0.10625206668442153,0.10638427031670994,0.8936157296832901,0.8936157296832901,False,48.0,23.0,0.1943986415863037,0.47281450033187866,0.6672131419181824,visda,2,DANN,logits,12,0.9997539520263672,0.9997539520263672,0.6546961069107056,0.6544198393821716,splits_visda_DANN_2_0_f475b82dfdbf.npz,f475b82dfdbf,False,False,0.0,0.48495632481397605,0.19202819840120117,,,
iw_overlap_critic,2.0,0,24387,14480,6098,3620,0.9998360118071499,0.0,1.0,1.1729421615600586,0.5,0.5,0.5155367255210876,0.2474791258573532,,,,,0.00013220363228841735,0.0,6098.0,0.0,3620.0,0.0,ok,plugin,False,,6047.994793016202,5861.641585157652,1.8560237065244103,1.0046716018467086,1.2874000425530676,,0.0,0.00013220363228841735,0.9998677963677116,0.9998677963677116,False,,,,,,visda,2,DANN,logits,12,0.9997539520263672,0.9997539520263672,0.6546961069107056,0.6544198393821716,splits_visda_DANN_2_0_f475b82dfdbf.npz,f475b82dfdbf,False,False,,,,,,
iw_residual_dis2,2.0,0,24387,14480,6098,3620,0.9998360118071499,0.0,1.0,1.1729421615600586,0.5,0.5,0.5155367255210876,0.2474791258573532,,,,,0.00013220363228841735,0.0,6098.0,0.0,3620.0,0.0,ok,plugin,False,,6047.994793016202,5861.641585157652,1.8560237065244103,1.0046716018467086,1.2874000425530676,,0.0,0.00013220363228841735,0.9998677963677116,0.9998677963677116,False,,,,,,visda,2,DANN,logits,12,0.9997539520263672,0.9997539520263672,0.6546961069107056,0.6544198393821716,splits_visda_DANN_2_0_f475b82dfdbf.npz,f475b82dfdbf,False,False,,,,,,
iw_overlap_critic,5.0,0,24387,14480,6098,3620,0.9998360118071499,0.0,1.0,1.1729421615600586,0.5,0.5,0.5155367255210876,0.2474791258573532,,,,,0.00013220363228841735,0.0,6098.0,0.0,3620.0,0.0,ok,plugin,False,,6047.994793016202,5861.641585157652,1.8560237065244103,1.0046716018467086,1.2874000425530676,,0.0,0.00013220363228841735,0.9998677963677116,0.9998677963677116,False,,,,,,visda,2,DANN,logits,12,0.9997539520263672,0.9997539520263672,0.6546961069107056,0.6544198393821716,splits_visda_DANN_2_0_f475b82dfdbf.npz,f475b82dfdbf,False,False,,,,,,
iw_residual_dis2,5.0,0,24387,14480,6098,3620,0.9998360118071499,0.0,1.0,1.1729421615600586,0.5,0.5,0.5155367255210876,0.2474791258573532,,,,,0.00013220363228841735,0.0,6098.0,0.0,3620.0,0.0,ok,plugin,False,,6047.994793016202,5861.641585157652,1.8560237065244103,1.0046716018467086,1.2874000425530676,,0.0,0.00013220363228841735,0.9998677963677116,0.9998677963677116,False,,,,,,visda,2,DANN,logits,12,0.9997539520263672,0.9997539520263672,0.6546961069107056,0.6544198393821716,splits_visda_DANN_2_0_f475b82dfdbf.npz,f475b82dfdbf,False,False,,,,,,
dis2_reference,,0,24387,14480,6098,3620,0.999836011804291,,,,,,,,,,,,,,,,,,ok,dis2_with_correction,True,0.04632990722248082,,,,,,,,0.13410093700058834,0.8658990629994117,0.8195691557769308,,49.0,21.0,0.15796250104904175,0.4866046905517578,0.6445671916007996,visda,2,DANN,logits,12,0.9997539520263672,0.9997539520263672,0.6546961069107056,0.6544198393821716,splits_visda_DANN_2_0_f475b82dfdbf.npz,f475b82dfdbf,False,False,,,,0.01,0.18043084422306915,0.13393694880487939
iw_overlap_critic,1.0,0,24387,11083,6098,2773,0.9993440472285995,0.0,1.0,1.0816693305969238,0.5,0.5,0.5883632302284241,0.23713639378547668,3914.0,2175.0,1967.0,1088.0,0.00021700927315078213,0.6570501262170934,3184.0,2914.0,951.0,1822.0,ok,plugin,False,,2042.876229349417,2854.7743620249166,0.9996646844971218,0.6399504309658248,0.9670178854812458,0.8649835345773875,0.56833754056978,0.5685545498429309,0.43144545015706914,0.43144545015706914,False,49.0,21.0,0.6485918760299683,0.2245699167251587,0.873161792755127,visda,1,CDANN,logits,12,0.9990978837013245,0.9990978837013245,0.6784264445304871,0.6693112254142761,splits_visda_CDANN_1_0_f475b82dfdbf.npz,f475b82dfdbf,True,True,,,,,,
iw_residual_dis2,1.0,0,24387,11083,6098,2773,0.9993440472285995,0.0,1.0,1.0816693305969238,0.5,0.5,0.5883632302284241,0.23713639378547668,3402.0,2175.0,1691.0,1088.0,0.00021700927315078213,0.6570501262170934,3184.0,2914.0,951.0,1822.0,ok,plugin,False,,2042.876229349417,2854.7743620249166,0.9996646844971218,0.6399504309658248,0.9670178854812458,0.7151481888035126,0.10258050160620807,0.10279751087935886,0.8972024891206412,0.8972024891206412,False,49.0,2.0,0.16265934705734253,0.5671200752258301,0.7297794222831726,visda,1,CDANN,logits,12,0.9990978837013245,0.9990978837013245,0.6784264445304871,0.6693112254142761,splits_visda_CDANN_1_0_f475b82dfdbf.npz,f475b82dfdbf,False,False,0.0006863417982155113,0.5597117364447495,0.15543645235876313,,,
iw_overlap_critic,2.0,0,24387,11083,6098,2773,0.9993440472285995,0.0,1.0,1.0816693305969238,0.5,0.5,0.5883632302284241,0.23713639378547668,7058.0,135.0,3530.0,72.0,0.0006075275846938084,0.03894698882077173,5847.0,251.0,2665.0,108.0,ok,plugin,False,,5603.904611579668,4918.1743413637805,1.9983162645914407,0.949052289832718,1.694465749107271,0.9907407407407407,0.03858636855391273,0.03919389613860654,0.9608061038613934,0.9608061038613934,False,49.0,11.0,0.5921823978424072,0.380039781332016,0.9722222089767456,visda,1,CDANN,logits,12,0.9990978837013245,0.9990978837013245,0.6784264445304871,0.6693112254142761,splits_visda_CDANN_1_0_f475b82dfdbf.npz,f475b82dfdbf,False,False,,,,,,
iw_residual_dis2,2.0,0,24387,11083,6098,2773,0.9993440472285995,0.0,1.0,1.0816693305969238,0.5,0.5,0.5883632302284241,0.23713639378547668,258.0,135.0,128.0,72.0,0.0006075275846938084,0.03894698882077173,5847.0,251.0,2665.0,108.0,ok,plugin,False,,5603.904611579668,4918.1743413637805,1.9983162645914407,0.949052289832718,1.694465749107271,0.7037037037037037,0.010493906092183737,0.011101433676877546,0.9888985663231225,0.9888985663231225,False,47.0,9.0,0.4418402910232544,0.3359375,0.7777777910232544,visda,1,CDANN,logits,12,0.9990978837013245,0.9990978837013245,0.6784264445304871,0.6693112254142761,splits_visda_CDANN_1_0_f475b82dfdbf.npz,f475b82dfdbf,False,False,0.0,0.4342629482071713,0.2694407554965324,,,
iw_overlap_critic,5.0,0,24387,11083,6098,2773,0.9993440472285995,0.0,1.0,1.0816693305969238,0.5,0.5,0.5883632302284241,0.23713639378547668,,,,,0.0006075275846938084,0.0,6098.0,0.0,2773.0,0.0,ok,plugin,False,,6205.517631960752,4894.93748242446,3.9349725188811195,0.9712806514027115,1.913685159336328,,0.0,0.0006075275846938084,0.9993924724153062,0.9993924724153062,False,,,,,,visda,1,CDANN,logits,12,0.9990978837013245,0.9990978837013245,0.6784264445304871,0.6693112254142761,splits_visda_CDANN_1_0_f475b82dfdbf.npz,f475b82dfdbf,False,False,,,,,,
iw_residual_dis2,5.0,0,24387,11083,6098,2773,0.9993440472285995,0.0,1.0,1.0816693305969238,0.5,0.5,0.5883632302284241,0.23713639378547668,,,,,0.0006075275846938084,0.0,6098.0,0.0,2773.0,0.0,ok,plugin,False,,6205.517631960752,4894.93748242446,3.9349725188811195,0.9712806514027115,1.913685159336328,,0.0,0.0006075275846938084,0.9993924724153062,0.9993924724153062,False,,,,,,visda,1,CDANN,logits,12,0.9990978837013245,0.9990978837013245,0.6784264445304871,0.6693112254142761,splits_visda_CDANN_1_0_f475b82dfdbf.npz,f475b82dfdbf,False,False,,,,,,
dis2_reference,,0,24387,11083,6098,2773,0.9993440472171642,,,,,,,,,,,,,,,,,,ok,dis2_with_correction,True,0.04838125591420597,,,,,,,,0.15660269216177647,0.8433973078382235,0.7950160519240176,,49.0,16.0,0.16717952489852905,0.5470202565193176,0.7141997814178467,visda,1,CDANN,logits,12,0.9990978837013245,0.9990978837013245,0.6784264445304871,0.6693112254142761,splits_visda_CDANN_1_0_f475b82dfdbf.npz,f475b82dfdbf,False,False,,,,0.01,0.20498394807598244,0.15594673937894066
iw_overlap_critic,1.0,0,24387,14480,6098,3620,0.9995080354214496,0.0,1.0,1.0941133499145508,0.5,0.5,0.5705632567405701,0.2445169985294342,3707.0,2660.0,1854.0,1315.0,0.00015707841652021784,0.6060773480662983,3032.0,3066.0,1426.0,2194.0,ok,plugin,False,,2284.6316291805515,2911.410165858239,0.9999119408734605,0.7739164713642007,0.9741897564564425,0.9074749316317229,0.5499999999999999,0.5501570784165202,0.4498429215834798,0.4498429215834798,False,49.0,16.0,0.697487473487854,0.2089763730764389,0.9064638614654541,visda,2,CDANN,logits,12,0.9995899200439453,0.9995899200439453,0.7107734680175781,0.7140883803367615,splits_visda_CDANN_2_0_f475b82dfdbf.npz,f475b82dfdbf,True,True,,,,,,
iw_residual_dis2,1.0,0,24387,14480,6098,3620,0.9995080354214496,0.0,1.0,1.0941133499145508,0.5,0.5,0.5705632567405701,0.2445169985294342,3609.0,2660.0,1804.0,1315.0,0.00015707841652021784,0.6060773480662983,3032.0,3066.0,1426.0,2194.0,ok,plugin,False,,2284.6316291805515,2911.410165858239,0.9999119408734605,0.7739164713642007,0.9741897564564425,0.6873290793072014,0.08783791576117311,0.08799499417769333,0.9120050058223067,0.9120050058223067,False,45.0,22.0,0.14724314212799072,0.5493348240852356,0.6965779662132263,visda,2,CDANN,logits,12,0.9995899200439453,0.9995899200439453,0.7107734680175781,0.7140883803367615,splits_visda_CDANN_2_0_f475b82dfdbf.npz,f475b82dfdbf,False,False,0.0006523157208088715,0.5430528375733855,0.14427624173381592,,,
iw_overlap_critic,2.0,0,24387,14480,6098,3620,0.9995080354214496,0.0,1.0,1.0941133499145508,0.5,0.5,0.5705632567405701,0.2445169985294342,7309.0,1.0,3657.0,0.0,0.0005399659901547661,0.0005524861878453039,6095.0,3.0,3618.0,2.0,unsupported_critic_region,plugin,False,,6118.095563233841,5594.6254301253975,1.9856406634211432,1.0031633474346124,1.5087020426831501,,,,,,,,,,,,visda,2,CDANN,logits,12,0.9995899200439453,0.9995899200439453,0.7107734680175781,0.7140883803367615,splits_visda_CDANN_2_0_f475b82dfdbf.npz,f475b82dfdbf,,,,,,,,
iw_residual_dis2,2.0,0,24387,14480,6098,3620,0.9995080354214496,0.0,1.0,1.0941133499145508,0.5,0.5,0.5705632567405701,0.2445169985294342,7.0,1.0,1.0,0.0,0.0005399659901547661,0.0005524861878453039,6095.0,3.0,3618.0,2.0,unsupported_critic_region,plugin,False,,6118.095563233841,5594.6254301253975,1.9856406634211432,1.0031633474346124,1.5087020426831501,,,,,,,,,,,,visda,2,CDANN,logits,12,0.9995899200439453,0.9995899200439453,0.7107734680175781,0.7140883803367615,splits_visda_CDANN_2_0_f475b82dfdbf.npz,f475b82dfdbf,,,,,,,,
iw_overlap_critic,5.0,0,24387,14480,6098,3620,0.9995080354214496,0.0,1.0,1.0941133499145508,0.5,0.5,0.5705632567405701,0.2445169985294342,,,,,0.0005399659901547661,0.0,6098.0,0.0,3620.0,0.0,ok,plugin,False,,6124.252040778667,5595.320055965113,2.110154681443745,1.0033479437708315,1.5106367037466188,,0.0,0.0005399659901547661,0.9994600340098453,0.9994600340098453,False,,,,,,visda,2,CDANN,logits,12,0.9995899200439453,0.9995899200439453,0.7107734680175781,0.7140883803367615,splits_visda_CDANN_2_0_f475b82dfdbf.npz,f475b82dfdbf,False,False,,,,,,
iw_residual_dis2,5.0,0,24387,14480,6098,3620,0.9995080354214496,0.0,1.0,1.0941133499145508,0.5,0.5,0.5705632567405701,0.2445169985294342,,,,,0.0005399659901547661,0.0,6098.0,0.0,3620.0,0.0,ok,plugin,False,,6124.252040778667,5595.320055965113,2.110154681443745,1.0033479437708315,1.5106367037466188,,0.0,0.0005399659901547661,0.9994600340098453,0.9994600340098453,False,,,,,,visda,2,CDANN,logits,12,0.9995899200439453,0.9995899200439453,0.7107734680175781,0.7140883803367615,splits_visda_CDANN_2_0_f475b82dfdbf.npz,f475b82dfdbf,False,False,,,,,,
dis2_reference,,0,24387,14480,6098,3620,0.9995080354274251,,,,,,,,,,,,,,,,,,ok,dis2_with_correction,True,0.04632990722248082,,,,,,,,0.10465653986127565,0.8953434601387243,0.8490135529162435,,43.0,22.0,0.12987476587295532,0.5915800929069519,0.7214548587799072,visda,2,CDANN,logits,12,0.9995899200439453,0.9995899200439453,0.7107734680175781,0.7140883803367615,splits_visda_CDANN_2_0_f475b82dfdbf.npz,f475b82dfdbf,False,False,,,,0.01,0.15098644708375647,0.10416457528870071
iw_overlap_critic,1.0,0,24387,11083,6098,2773,0.9980321416857986,0.0,1.0,1.134377360343933,0.5,0.5,0.6057119369506836,0.23733875155448914,4402.0,2130.0,2201.0,1079.0,0.0013111988293705143,0.6480346195456185,3627.0,2471.0,976.0,1797.0,ok,plugin,False,,2499.115204966604,3357.5494217096666,0.9995336467526739,0.708280154165504,0.9702117485766879,0.8363939899833055,0.5420122610890732,0.5433234599184437,0.45667654008155634,0.45667654008155634,False,49.0,2.0,0.6990860104560852,0.14058037102222443,0.8396663665771484,visda,1,FixMatch,logits,12,0.998031735420227,0.998031735420227,0.6683208346366882,0.6610169410705566,splits_visda_FixMatch_1_0_f475b82dfdbf.npz,f475b82dfdbf,True,True,,,,,,
iw_residual_dis2,1.0,0,24387,11083,6098,2773,0.9980321416857986,0.0,1.0,1.134377360343933,0.5,0.5,0.6057119369506836,0.23733875155448914,2914.0,2130.0,1457.0,1079.0,0.0013111988293705143,0.6480346195456185,3627.0,2471.0,976.0,1797.0,ok,plugin,False,,2499.115204966604,3357.5494217096666,0.9995336467526739,0.708280154165504,0.9702117485766879,0.7173066221480244,0.3486601081744048,0.3499713070037753,0.6500286929962247,0.6500286929962247,False,49.0,28.0,0.538536548614502,0.16952642798423767,0.708063006401062,visda,1,FixMatch,logits,12,0.998031735420227,0.998031735420227,0.6683208346366882,0.6610169410705566,splits_visda_FixMatch_1_0_f475b82dfdbf.npz,f475b82dfdbf,True,True,0.0008093889113719142,0.1800890327802509,0.5372175893677735,,,
iw_overlap_critic,2.0,0,24387,11083,6098,2773,0.9980321416857986,0.0,1.0,1.134377360343933,0.5,0.5,0.6057119369506836,0.23733875155448914,6941.0,146.0,3483.0,54.0,0.001710120825861173,0.04038946988820772,5779.0,319.0,2661.0,112.0,ok,plugin,False,,5190.282961872873,5066.602289726743,1.9878308984571234,0.8884338321950069,1.4948427372184019,0.9821428571428571,0.03966822935448972,0.041378350180350895,0.9586216498196491,0.9586216498196491,False,49.0,5.0,0.8560812473297119,0.12540027499198914,0.9814814925193787,visda,1,FixMatch,logits,12,0.998031735420227,0.998031735420227,0.6683208346366882,0.6610169410705566,splits_visda_FixMatch_1_0_f475b82dfdbf.npz,f475b82dfdbf,False,False,,,,,,
iw_residual_dis2,2.0,0,24387,11083,6098,2773,0.9980321416857986,0.0,1.0,1.134377360343933,0.5,0.5,0.6057119369506836,0.23733875155448914,375.0,146.0,175.0,54.0,0.001710120825861173,0.04038946988820772,5779.0,319.0,2661.0,112.0,ok,plugin,False,,5190.282961872873,5066.602289726743,1.9878308984571234,0.8884338321950069,1.4948427372184019,0.9017857142857143,0.033130715237732415,0.03484083606359359,0.9651591639364064,0.9651591639364064,False,11.0,12.0,0.8301587104797363,0.11428571492433548,0.9444444179534912,visda,1,FixMatch,logits,12,0.998031735420227,0.998031735420227,0.6683208346366882,0.6610169410705566,splits_visda_FixMatch_1_0_f475b82dfdbf.npz,f475b82dfdbf,False,False,0.0,0.08150470219435736,0.820281012091357,,,
iw_overlap_critic,5.0,0,24387,11083,6098,2773,0.9980321416857986,0.0,1.0,1.134377360343933,0.5,0.5,0.6057119369506836,0.23733875155448914,7276.0,13.0,3633.0,3.0,0.001710120825861173,0.0046880634691669676,6067.0,31.0,2760.0,13.0,ok,plugin,False,,6363.61565232994,3962.405621909508,4.999994256572211,0.9095543895303302,1.9181094178005436,1.0,0.0046880634691669676,0.00639818429502814,0.9936018157049719,0.9936018157049719,False,49.0,11.0,0.7131015658378601,0.2868984341621399,1.0,visda,1,FixMatch,logits,12,0.998031735420227,0.998031735420227,0.6683208346366882,0.6610169410705566,splits_visda_FixMatch_1_0_f475b82dfdbf.npz,f475b82dfdbf,False,False,,,,,,
iw_residual_dis2,5.0,0,24387,11083,6098,2773,0.9980321416857986,0.0,1.0,1.134377360343933,0.5,0.5,0.6057119369506836,0.23733875155448914,40.0,13.0,25.0,3.0,0.001710120825861173,0.0046880634691669676,6067.0,31.0,2760.0,13.0,ok,plugin,False,,6363.61565232994,3962.405621909508,4.999994256572211,0.9095543895303302,1.9181094178005436,0.6923076923076923,0.0032455824017309774,0.0049557032275921505,0.9950442967724078,0.9950442967724078,False,36.0,6.0,1.0,0.0,1.0,visda,1,FixMatch,logits,12,0.998031735420227,0.998031735420227,0.6683208346366882,0.6610169410705566,splits_visda_FixMatch_1_0_f475b82dfdbf.npz,f475b82dfdbf,False,False,0.0,0.0,0.6923076923076923,,,
dis2_reference,,0,24387,11083,6098,2773,0.9980321417097002,,,,,,,,,,,,,,,,,,ok,dis2_with_correction,True,0.04838125591420597,,,,,,,,0.4325925143320139,0.567407485667986,0.5190262297537801,,49.0,0.0,0.444163054227829,0.2736468017101288,0.7178098559379578,visda,1,FixMatch,logits,12,0.998031735420227,0.998031735420227,0.6683208346366882,0.6610169410705566,splits_visda_FixMatch_1_0_f475b82dfdbf.npz,f475b82dfdbf,True,True,,,,0.01,0.4809737702462199,0.4306246560417141
iw_overlap_critic,1.0,0,24387,14480,6098,3620,0.9983601180714988,0.0,1.0,1.2318909168243408,0.5,0.5,0.6052247881889343,0.24296605587005615,4468.0,2625.0,2215.0,1370.0,0.000511561763415035,0.626243093922652,3758.0,2340.0,1353.0,2267.0,ok,plugin,False,,2800.9846261836246,3606.1148753224766,0.9999046050864864,0.7585066965245686,0.9689905522135208,0.8535509483899426,0.5345303867403315,0.5350419485037465,0.46495805149625347,0.46495805149625347,False,49.0,9.0,0.7615475654602051,0.10925538092851639,0.8708029389381409,visda,2,FixMatch,logits,12,0.9983187317848206,0.9983187317848206,0.6479972004890442,0.6439226269721985,splits_visda_FixMatch_2_0_f475b82dfdbf.npz,f475b82dfdbf,True,True,,,,,,
iw_residual_dis2,1.0,0,24387,14480,6098,3620,0.9983601180714988,0.0,1.0,1.2318909168243408,0.5,0.5,0.6052247881889343,0.24296605587005615,2848.0,2625.0,1443.0,1370.0,0.000511561763415035,0.626243093922652,3758.0,2340.0,1353.0,2267.0,ok,plugin,False,,2800.9846261836246,3606.1148753224766,0.9999046050864864,0.7585066965245686,0.9689905522135208,0.7040141155712395,0.39538768475232566,0.3958992465157407,0.6041007534842593,0.6041007534842593,False,49.0,0.0,0.6231877207756042,0.07900208234786987,0.7021898031234741,visda,2,FixMatch,logits,12,0.9983187317848206,0.9983187317848206,0.6479972004890442,0.6439226269721985,splits_visda_FixMatch_2_0_f475b82dfdbf.npz,f475b82dfdbf,True,True,0.002564102564102564,0.07521367521367521,0.6288004403575643,,,
iw_overlap_critic,2.0,0,24387,14480,6098,3620,0.9983601180714988,0.0,1.0,1.2318909168243408,0.5,0.5,0.6052247881889343,0.24296605587005615,7165.0,26.0,3583.0,16.0,0.001579906189908427,0.006353591160220995,5963.0,135.0,3597.0,23.0,ok,plugin,False,,5809.569691508711,5262.3826091225565,1.996757279374212,0.8877585226689422,1.6661120649859424,1.0,0.006353591160220995,0.007933497350129421,0.9920665026498706,0.9920665026498706,False,49.0,22.0,0.7369378209114075,0.26306217908859253,1.0,visda,2,FixMatch,logits,12,0.9983187317848206,0.9983187317848206,0.6479972004890442,0.6439226269721985,splits_visda_FixMatch_2_0_f475b82dfdbf.npz,f475b82dfdbf,False,False,,,,,,
iw_residual_dis2,2.0,0,24387,14480,6098,3620,0.9983601180714988,0.0,1.0,1.2318909168243408,0.5,0.5,0.6052247881889343,0.24296605587005615,151.0,26.0,75.0,16.0,0.001579906189908427,0.006353591160220995,5963.0,135.0,3597.0,23.0,ok,plugin,False,,5809.569691508711,5262.3826091225565,1.996757279374212,0.8877585226689422,1.6661120649859424,0.8260869565217391,0.0044485369347247805,0.006028443124633208,0.9939715568753668,0.9939715568753668,False,33.0,19.0,0.7641666531562805,0.1733333319425583,0.9375,visda,2,FixMatch,logits,12,0.9983187317848206,0.9983187317848206,0.6479972004890442,0.6439226269721985,splits_visda_FixMatch_2_0_f475b82dfdbf.npz,f475b82dfdbf,False,False,0.0,0.1259259259259259,0.7001610305958132,,,
iw_overlap_critic,5.0,0,24387,14480,6098,3620,0.9983601180714988,0.0,1.0,1.2318909168243408,0.5,0.5,0.6052247881889343,0.24296605587005615,,,,,0.001579906189908427,0.0,6098.0,0.0,3620.0,0.0,ok,plugin,False,,6117.2464053972035,5253.046565190521,3.0624219940349486,0.8965084537041057,1.754023247188722,,0.0,0.001579906189908427,0.9984200938100916,0.9984200938100916,False,,,,,,visda,2,FixMatch,logits,12,0.9983187317848206,0.9983187317848206,0.6479972004890442,0.6439226269721985,splits_visda_FixMatch_2_0_f475b82dfdbf.npz,f475b82dfdbf,False,False,,,,,,
iw_residual_dis2,5.0,0,24387,14480,6098,3620,0.9983601180714988,0.0,1.0,1.2318909168243408,0.5,0.5,0.6052247881889343,0.24296605587005615,,,,,0.001579906189908427,0.0,6098.0,0.0,3620.0,0.0,ok,plugin,False,,6117.2464053972035,5253.046565190521,3.0624219940349486,0.8965084537041057,1.754023247188722,,0.0,0.001579906189908427,0.9984200938100916,0.9984200938100916,False,,,,,,visda,2,FixMatch,logits,12,0.9983187317848206,0.9983187317848206,0.6479972004890442,0.6439226269721985,splits_visda_FixMatch_2_0_f475b82dfdbf.npz,f475b82dfdbf,False,False,,,,,,
dis2_reference,,0,24387,14480,6098,3620,0.9983601180138066,,,,,,,,,,,,,,,,,,ok,dis2_with_correction,True,0.04632990722248082,,,,,,,,0.5036889189859162,0.49631108101408383,0.449981173791603,,49.0,21.0,0.5140774250030518,0.27966102957725525,0.7937384843826294,visda,2,FixMatch,logits,12,0.9983187317848206,0.9983187317848206,0.6479972004890442,0.6439226269721985,splits_visda_FixMatch_2_0_f475b82dfdbf.npz,f475b82dfdbf,True,True,,,,0.01,0.550018826208397,0.5020490369997228
